# each path moved to start at (0,0) facing +x; tracking alone (odometry); time = epoch s; source ~/.run_records/s2_static_03/fusion.bag (/fused/odometry, /robot/ekf_odom, /rtabmap/odom, /robot/wheel_odom)
source,t,x,y,heading_deg
blend,1790325031.88,0.000,0.000,0.00
blend,1790325032.00,-0.000,-0.000,0.00
blend,1790325032.51,0.003,0.000,0.02
blend,1790325033.03,0.003,0.000,0.02
blend,1790325033.54,0.004,0.000,0.02
blend,1790325034.08,0.005,0.000,0.02
blend,1790325034.51,0.005,0.000,0.01
blend,1790325035.02,0.005,0.000,0.02
blend,1790325035.53,0.005,0.000,0.02
blend,1790325036.05,0.005,0.000,0.01
blend,1790325036.51,0.004,0.000,-0.01
blend,1790325037.02,0.004,0.000,-0.02
blend,1790325037.53,0.006,0.000,-0.01
blend,1790325038.04,0.006,0.000,-0.01
blend,1790325038.50,0.006,0.000,-0.01
blend,1790325039.01,0.006,0.000,-0.02
blend,1790325039.53,0.003,0.000,-0.01
blend,1790325040.04,0.001,0.000,-0.00
blend,1790325040.55,0.004,0.000,0.01
blend,1790325041.01,0.004,0.000,0.01
blend,1790325041.52,0.003,0.000,0.00
blend,1790325042.04,0.003,0.000,0.00
blend,1790325042.55,0.004,0.000,0.02
blend,1790325043.01,0.004,0.000,0.03
blend,1790325043.52,0.005,0.000,0.02
blend,1790325044.03,0.005,0.000,0.01
blend,1790325044.54,0.005,0.000,0.02
blend,1790325045.01,0.006,0.000,0.02
blend,1790325045.52,0.006,0.000,0.03
blend,1790325046.03,0.007,0.000,0.03
blend,1790325046.59,0.008,0.000,0.01
blend,1790325047.00,0.006,0.000,0.01
blend,1790325047.51,0.006,0.000,0.01
blend,1790325048.03,0.007,0.000,0.02
blend,1790325048.54,0.008,0.000,0.01
blend,1790325049.05,0.008,0.000,0.01
blend,1790325049.51,0.008,0.000,0.01
blend,1790325050.02,0.007,0.000,0.01
blend,1790325050.54,0.007,0.000,0.01
blend,1790325051.05,0.008,0.000,0.00
blend,1790325051.51,0.008,0.000,0.01
blend,1790325052.02,0.008,0.000,0.03
blend,1790325052.53,0.007,0.000,0.02
blend,1790325053.04,0.008,0.000,0.03
blend,1790325053.50,0.007,0.000,0.02
blend,1790325054.02,0.006,0.000,0.03
blend,1790325054.53,0.007,0.000,0.02
blend,1790325055.04,0.007,0.000,0.03
blend,1790325055.50,0.007,0.000,0.03
blend,1790325056.01,0.008,0.000,0.03
blend,1790325056.53,0.008,0.000,0.03
blend,1790325057.04,0.008,0.000,0.04
blend,1790325057.55,0.008,0.000,0.05
blend,1790325058.01,0.009,0.000,0.07
blend,1790325058.52,0.009,0.000,0.07
blend,1790325059.03,0.009,0.000,0.08
blend,1790325059.55,0.009,0.000,0.09
blend,1790325060.01,0.009,0.000,0.09
blend,1790325060.52,0.007,0.000,0.08
blend,1790325061.03,0.008,0.000,0.08
blend,1790325061.54,0.012,0.000,0.10
blend,1790325062.00,0.013,0.000,0.10
blend,1790325062.51,0.013,0.000,0.10
blend,1790325063.03,0.012,0.000,0.09
blend,1790325063.54,0.012,0.000,0.09
blend,1790325064.05,0.013,0.000,0.08
blend,1790325064.51,0.013,0.000,0.10
blend,1790325065.02,0.013,0.000,0.10
blend,1790325065.54,0.012,0.000,0.10
blend,1790325066.05,0.012,0.000,0.09
blend,1790325066.51,0.012,0.000,0.10
blend,1790325067.02,0.011,0.000,0.10
blend,1790325067.53,0.011,0.000,0.10
blend,1790325068.04,0.011,0.000,0.09
blend,1790325068.50,0.012,0.000,0.09
blend,1790325069.02,0.011,0.000,0.09
blend,1790325069.53,0.011,0.000,0.09
blend,1790325070.04,0.011,0.000,0.09
blend,1790325070.50,0.011,0.000,0.10
blend,1790325071.01,0.011,0.000,0.12
blend,1790325071.53,0.011,0.000,0.12
blend,1790325072.04,0.010,0.000,0.13
blend,1790325072.55,0.010,0.000,0.13
blend,1790325073.01,0.010,0.000,0.15
blend,1790325073.52,0.010,0.000,0.13
blend,1790325074.03,0.009,0.000,0.14
blend,1790325074.55,0.010,0.000,0.12
blend,1790325075.01,0.009,0.000,0.13
blend,1790325075.52,0.009,0.000,0.13
blend,1790325076.03,0.010,0.000,0.13
blend,1790325076.54,0.009,0.000,0.11
blend,1790325077.00,0.011,0.000,0.12
blend,1790325077.51,0.011,0.000,0.11
blend,1790325078.03,0.013,0.000,0.11
blend,1790325078.54,0.012,0.000,0.12
blend,1790325079.05,0.012,0.000,0.13
blend,1790325079.51,0.012,0.000,0.13
blend,1790325080.02,0.011,0.000,0.14
blend,1790325080.54,0.012,0.000,0.13
blend,1790325081.05,0.012,0.000,0.14
blend,1790325081.51,0.012,0.000,0.14
blend,1790325082.02,0.012,0.000,0.15
blend,1790325082.53,0.011,0.000,0.15
blend,1790325083.04,0.011,0.000,0.15
blend,1790325083.51,0.012,0.000,0.14
blend,1790325084.02,0.012,0.000,0.15
blend,1790325084.53,0.013,0.000,0.16
blend,1790325085.04,0.013,0.000,0.16
blend,1790325085.50,0.014,0.000,0.17
blend,1790325086.01,0.014,0.000,0.16
blend,1790325086.53,0.014,0.000,0.15
blend,1790325087.04,0.013,0.000,0.16
blend,1790325087.55,0.014,0.000,0.18
blend,1790325088.01,0.014,0.000,0.17
blend,1790325088.52,0.015,0.000,0.18
blend,1790325089.03,0.015,0.000,0.18
blend,1790325089.55,0.015,0.000,0.19
blend,1790325090.01,0.014,0.000,0.18
blend,1790325090.52,0.014,0.000,0.18
blend,1790325091.03,0.014,0.000,0.18
blend,1790325091.54,0.014,0.000,0.18
blend,1790325092.00,0.015,0.000,0.19
blend,1790325092.52,0.015,0.000,0.19
blend,1790325093.03,0.015,0.000,0.19
blend,1790325093.54,0.015,0.000,0.18
blend,1790325094.00,0.015,0.000,0.18
blend,1790325094.51,0.014,0.000,0.19
blend,1790325095.03,0.014,0.000,0.18
blend,1790325095.54,0.014,0.000,0.19
blend,1790325096.05,0.013,0.000,0.19
blend,1790325096.51,0.013,0.000,0.18
blend,1790325097.02,0.013,0.000,0.19
blend,1790325097.54,0.013,0.000,0.18
blend,1790325098.05,0.012,0.000,0.19
blend,1790325098.51,0.013,0.000,0.20
blend,1790325099.02,0.014,0.000,0.21
blend,1790325099.53,0.012,0.000,0.21
blend,1790325100.04,0.014,0.000,0.23
blend,1790325100.51,0.014,0.000,0.23
blend,1790325101.02,0.015,0.000,0.23
blend,1790325101.53,0.015,0.000,0.23
blend,1790325102.04,0.014,0.000,0.23
blend,1790325102.50,0.015,0.000,0.22
blend,1790325103.01,0.015,0.000,0.23
blend,1790325103.53,0.015,0.000,0.23
blend,1790325104.04,0.015,0.000,0.21
blend,1790325104.55,0.016,0.000,0.22
blend,1790325105.01,0.017,0.000,0.23
blend,1790325105.52,0.016,0.000,0.23
blend,1790325106.04,0.015,0.000,0.23
blend,1790325106.55,0.016,0.000,0.23
blend,1790325107.01,0.016,0.000,0.24
blend,1790325107.52,0.016,0.000,0.24
blend,1790325108.03,0.016,0.000,0.25
blend,1790325108.55,0.017,0.000,0.24
blend,1790325109.00,0.016,0.000,0.23
blend,1790325109.52,0.017,0.000,0.24
blend,1790325110.03,0.018,0.000,0.24
blend,1790325110.54,0.017,0.000,0.23
blend,1790325111.00,0.017,0.000,0.23
blend,1790325111.51,0.017,0.000,0.23
blend,1790325112.02,0.017,0.000,0.22
blend,1790325112.54,0.017,0.000,0.23
blend,1790325113.05,0.017,0.000,0.22
blend,1790325113.51,0.017,0.000,0.23
blend,1790325114.02,0.016,0.000,0.22
blend,1790325114.53,0.017,0.000,0.23
blend,1790325115.04,0.017,0.000,0.22
blend,1790325115.51,0.017,0.000,0.23
blend,1790325116.02,0.017,0.000,0.22
blend,1790325116.53,0.016,0.000,0.22
blend,1790325117.04,0.016,0.000,0.21
blend,1790325117.50,0.017,0.000,0.22
blend,1790325118.01,0.017,0.000,0.22
blend,1790325118.53,0.017,0.000,0.23
blend,1790325119.04,0.018,0.000,0.22
blend,1790325119.55,0.018,0.000,0.22
blend,1790325120.01,0.018,0.000,0.21
blend,1790325120.52,0.018,0.000,0.22
blend,1790325121.03,0.018,0.000,0.21
blend,1790325121.55,0.018,0.000,0.22
blend,1790325122.01,0.017,0.000,0.22
blend,1790325122.52,0.018,0.000,0.22
blend,1790325123.03,0.018,0.000,0.22
blend,1790325123.54,0.018,0.000,0.23
blend,1790325124.00,0.019,0.000,0.22
blend,1790325124.52,0.019,0.000,0.21
blend,1790325125.03,0.018,0.000,0.20
blend,1790325125.54,0.019,0.000,0.18
blend,1790325126.00,0.018,0.000,0.18
blend,1790325126.51,0.017,0.000,0.19
blend,1790325127.03,0.017,0.000,0.19
blend,1790325127.54,0.017,0.000,0.19
blend,1790325128.05,0.018,0.000,0.19
blend,1790325128.51,0.018,0.000,0.20
blend,1790325129.02,0.019,0.000,0.19
blend,1790325129.54,0.019,0.000,0.20
blend,1790325130.05,0.019,0.000,0.19
blend,1790325130.51,0.019,0.000,0.21
blend,1790325131.02,0.018,0.000,0.19
blend,1790325131.53,0.019,0.000,0.19
blend,1790325132.04,0.020,0.000,0.21
blend,1790325132.50,0.021,0.000,0.19
blend,1790325133.02,0.020,0.000,0.19
blend,1790325133.53,0.020,0.000,0.20
blend,1790325134.04,0.021,0.000,0.20
blend,1790325134.50,0.022,0.000,0.21
blend,1790325135.01,0.021,0.000,0.22
blend,1790325135.53,0.021,0.000,0.19
blend,1790325136.04,0.021,0.000,0.18
blend,1790325136.50,0.021,0.000,0.18
blend,1790325137.01,0.021,0.000,0.18
blend,1790325137.52,0.021,0.000,0.17
blend,1790325138.03,0.021,0.000,0.17
blend,1790325138.55,0.021,0.000,0.16
blend,1790325139.01,0.022,0.000,0.17
blend,1790325139.52,0.023,0.000,0.17
blend,1790325140.03,0.023,0.000,0.16
blend,1790325140.54,0.023,0.000,0.18
blend,1790325141.00,0.023,0.000,0.16
blend,1790325141.52,0.024,0.000,0.15
blend,1790325142.03,0.022,0.000,0.16
blend,1790325142.54,0.022,0.000,0.16
blend,1790325143.00,0.021,0.000,0.17
blend,1790325143.51,0.023,0.000,0.15
blend,1790325144.03,0.024,0.000,0.16
blend,1790325144.54,0.022,0.000,0.15
blend,1790325145.05,0.023,0.000,0.17
blend,1790325145.51,0.024,0.000,0.16
blend,1790325146.02,0.024,0.000,0.15
blend,1790325146.53,0.024,0.000,0.14
blend,1790325147.05,0.024,0.000,0.15
blend,1790325147.51,0.025,0.000,0.16
blend,1790325148.02,0.024,0.000,0.17
blend,1790325148.53,0.023,0.000,0.17
blend,1790325149.04,0.024,0.000,0.18
blend,1790325149.50,0.024,0.000,0.17
blend,1790325150.02,0.024,0.000,0.16
blend,1790325150.53,0.024,0.000,0.15
blend,1790325151.04,0.025,0.000,0.14
blend,1790325151.55,0.025,0.000,0.15
blend,1790325152.01,0.025,0.000,0.14
blend,1790325152.52,0.025,0.000,0.15
blend,1790325153.04,0.025,0.000,0.15
blend,1790325153.55,0.024,0.000,0.15
blend,1790325154.01,0.024,0.000,0.14
blend,1790325154.52,0.023,0.000,0.15
blend,1790325155.03,0.023,0.000,0.15
blend,1790325155.55,0.023,0.000,0.15
blend,1790325156.01,0.023,0.000,0.15
blend,1790325156.52,0.022,0.000,0.13
blend,1790325157.03,0.022,0.000,0.15
blend,1790325157.54,0.022,0.000,0.15
blend,1790325158.00,0.022,0.000,0.15
blend,1790325158.51,0.022,0.000,0.15
blend,1790325159.03,0.022,0.000,0.13
blend,1790325159.54,0.021,0.000,0.15
blend,1790325160.05,0.022,0.000,0.15
blend,1790325160.51,0.022,0.000,0.16
blend,1790325161.02,0.022,0.000,0.16
blend,1790325161.54,0.022,0.000,0.15
blend,1790325162.05,0.022,0.000,0.14
blend,1790325162.51,0.021,0.000,0.14
blend,1790325163.02,0.022,0.000,0.15
blend,1790325163.53,0.023,0.000,0.15
blend,1790325164.04,0.022,0.000,0.13
blend,1790325164.50,0.023,0.000,0.13
blend,1790325165.02,0.022,0.000,0.12
blend,1790325165.53,0.022,0.000,0.12
blend,1790325166.04,0.023,0.000,0.12
blend,1790325166.50,0.022,0.000,0.12
blend,1790325167.01,0.021,0.000,0.12
blend,1790325167.53,0.022,0.000,0.12
blend,1790325168.04,0.022,0.000,0.12
blend,1790325168.55,0.023,0.000,0.14
blend,1790325169.01,0.022,0.000,0.13
blend,1790325169.52,0.022,0.000,0.14
blend,1790325170.03,0.023,0.000,0.15
blend,1790325170.55,0.024,0.000,0.14
blend,1790325171.01,0.024,0.000,0.14
blend,1790325171.52,0.024,0.000,0.15
blend,1790325172.03,0.023,0.000,0.14
blend,1790325172.54,0.024,0.000,0.14
blend,1790325173.00,0.024,0.000,0.13
blend,1790325173.52,0.024,0.000,0.13
blend,1790325174.03,0.024,0.000,0.12
blend,1790325174.54,0.024,0.000,0.12
blend,1790325175.00,0.024,0.000,0.12
blend,1790325175.51,0.024,0.000,0.13
blend,1790325176.03,0.024,0.000,0.12
blend,1790325176.54,0.023,0.000,0.12
blend,1790325177.05,0.022,0.000,0.11
blend,1790325177.51,0.021,0.000,0.12
blend,1790325178.02,0.022,0.000,0.12
blend,1790325178.53,0.021,0.000,0.12
blend,1790325179.05,0.020,0.000,0.12
blend,1790325179.51,0.020,0.000,0.13
blend,1790325180.02,0.020,0.000,0.13
blend,1790325180.53,0.021,0.000,0.12
blend,1790325181.04,0.021,0.000,0.14
blend,1790325181.50,0.021,0.000,0.13
blend,1790325182.02,0.021,0.000,0.11
blend,1790325182.53,0.020,0.000,0.11
blend,1790325183.04,0.021,0.000,0.12
blend,1790325183.50,0.020,0.000,0.13
blend,1790325184.01,0.021,0.000,0.13
blend,1790325184.53,0.021,0.000,0.13
blend,1790325185.04,0.021,0.000,0.13
blend,1790325185.50,0.021,0.000,0.12
blend,1790325186.01,0.020,0.000,0.12
blend,1790325186.52,0.021,0.000,0.12
blend,1790325187.03,0.021,0.000,0.12
blend,1790325187.55,0.020,0.000,0.12
blend,1790325188.01,0.021,0.000,0.13
blend,1790325188.52,0.022,0.000,0.13
blend,1790325189.03,0.021,0.000,0.13
blend,1790325189.54,0.020,0.000,0.12
blend,1790325190.00,0.020,0.000,0.12
blend,1790325190.51,0.020,0.000,0.12
blend,1790325191.03,0.020,0.000,0.13
blend,1790325191.54,0.021,0.000,0.13
blend,1790325192.05,0.020,0.000,0.13
blend,1790325192.51,0.020,0.000,0.14
blend,1790325193.02,0.019,0.000,0.14
blend,1790325193.53,0.020,0.000,0.15
blend,1790325194.05,0.019,0.000,0.14
blend,1790325194.51,0.019,0.000,0.13
blend,1790325195.02,0.019,0.000,0.15
blend,1790325195.53,0.019,0.000,0.15
blend,1790325196.04,0.019,0.000,0.15
blend,1790325196.50,0.020,0.000,0.15
blend,1790325197.02,0.019,0.000,0.15
blend,1790325197.53,0.020,0.000,0.14
blend,1790325198.04,0.020,0.000,0.15
blend,1790325198.55,0.020,0.000,0.13
blend,1790325199.01,0.021,0.000,0.13
blend,1790325199.57,0.020,0.000,0.13
blend,1790325200.03,0.019,0.000,0.12
blend,1790325200.55,0.019,0.000,0.12
blend,1790325201.01,0.019,0.000,0.12
blend,1790325201.52,0.019,0.000,0.13
blend,1790325202.03,0.020,0.000,0.13
blend,1790325202.54,0.019,0.000,0.12
blend,1790325203.00,0.019,0.000,0.12
blend,1790325203.52,0.019,0.000,0.14
blend,1790325204.03,0.020,0.000,0.13
blend,1790325204.54,0.019,0.000,0.12
blend,1790325205.05,0.019,0.000,0.13
blend,1790325205.51,0.019,0.000,0.13
blend,1790325206.02,0.019,0.000,0.12
blend,1790325206.54,0.018,0.000,0.13
blend,1790325207.05,0.019,0.000,0.13
blend,1790325207.51,0.019,0.000,0.14
blend,1790325208.02,0.020,0.000,0.14
blend,1790325208.53,0.020,0.000,0.13
blend,1790325209.04,0.019,0.000,0.15
blend,1790325209.51,0.020,0.000,0.14
blend,1790325210.02,0.019,0.000,0.14
blend,1790325210.53,0.019,0.000,0.12
blend,1790325211.04,0.021,0.000,0.13
blend,1790325211.50,0.020,0.000,0.12
blend,1790325212.01,0.020,0.000,0.12
blend,1790325212.53,0.020,0.000,0.14
blend,1790325213.04,0.019,0.000,0.13
blend,1790325213.55,0.019,0.000,0.13
blend,1790325214.01,0.020,0.000,0.12
blend,1790325214.52,0.021,0.000,0.13
blend,1790325215.03,0.021,0.000,0.13
blend,1790325215.55,0.021,0.000,0.11
blend,1790325216.01,0.020,0.000,0.11
blend,1790325216.52,0.021,0.000,0.11
blend,1790325217.03,0.021,0.000,0.11
blend,1790325217.54,0.022,0.000,0.13
blend,1790325218.00,0.021,0.000,0.12
blend,1790325218.51,0.021,0.000,0.12
blend,1790325219.03,0.021,0.000,0.12
blend,1790325219.54,0.021,0.000,0.12
blend,1790325220.05,0.021,0.000,0.12
blend,1790325220.51,0.021,0.000,0.13
blend,1790325221.02,0.022,0.000,0.13
blend,1790325221.54,0.022,0.000,0.16
blend,1790325222.05,0.022,0.000,0.16
blend,1790325222.51,0.021,0.000,0.17
blend,1790325223.02,0.021,0.000,0.17
blend,1790325223.53,0.021,0.000,0.18
blend,1790325224.04,0.022,0.000,0.18
blend,1790325224.50,0.021,0.000,0.16
blend,1790325225.02,0.022,0.000,0.17
blend,1790325225.53,0.022,0.000,0.17
blend,1790325226.04,0.021,0.000,0.17
blend,1790325226.76,0.020,0.000,0.20
blend,1790325227.28,0.020,0.000,0.23
blend,1790325227.78,0.020,0.000,0.26
blend,1790325228.28,0.021,0.000,0.28
blend,1790325228.80,0.021,0.000,0.31
blend,1790325229.01,0.020,0.000,0.25
blend,1790325229.52,0.022,0.000,0.24
blend,1790325230.04,0.021,0.000,0.23
blend,1790325230.55,0.021,0.000,0.23
blend,1790325231.01,0.022,0.000,0.23
blend,1790325231.52,0.021,0.000,0.25
blend,1790325232.03,0.021,0.000,0.26
blend,1790325232.54,0.021,0.000,0.26
blend,1790325233.00,0.021,0.000,0.26
blend,1790325233.52,0.022,0.000,0.27
blend,1790325234.03,0.022,0.000,0.27
blend,1790325234.54,0.022,0.000,0.25
blend,1790325235.00,0.022,0.000,0.25
blend,1790325235.51,0.022,0.000,0.25
blend,1790325236.02,0.022,0.000,0.26
blend,1790325236.54,0.022,0.000,0.26
blend,1790325237.05,0.021,0.000,0.26
blend,1790325237.51,0.021,0.000,0.26
blend,1790325238.02,0.021,0.000,0.25
blend,1790325238.53,0.021,0.000,0.25
blend,1790325239.05,0.020,0.000,0.25
blend,1790325239.51,0.021,0.000,0.25
blend,1790325240.02,0.021,0.000,0.26
blend,1790325240.53,0.021,0.000,0.26
blend,1790325241.04,0.021,0.000,0.24
blend,1790325241.50,0.021,0.000,0.26
blend,1790325242.01,0.022,0.000,0.25
blend,1790325242.53,0.021,0.000,0.25
blend,1790325243.04,0.022,0.000,0.26
blend,1790325243.55,0.022,0.000,0.26
blend,1790325244.01,0.022,0.000,0.27
blend,1790325244.52,0.021,0.000,0.26
blend,1790325245.03,0.021,0.000,0.26
blend,1790325245.55,0.022,0.000,0.25
blend,1790325246.01,0.022,0.000,0.25
blend,1790325246.52,0.022,0.000,0.24
blend,1790325247.03,0.022,0.000,0.24
blend,1790325247.54,0.022,0.000,0.24
blend,1790325248.00,0.022,0.000,0.24
blend,1790325248.52,0.022,0.000,0.25
blend,1790325249.03,0.022,0.000,0.25
blend,1790325249.54,0.023,0.000,0.24
blend,1790325250.00,0.023,0.000,0.24
blend,1790325250.51,0.023,0.000,0.24
blend,1790325251.03,0.023,0.000,0.23
blend,1790325251.54,0.024,0.000,0.23
blend,1790325252.05,0.024,0.000,0.23
blend,1790325252.51,0.024,0.000,0.23
blend,1790325253.02,0.025,0.000,0.24
blend,1790325253.53,0.024,0.000,0.25
blend,1790325254.05,0.024,0.000,0.26
blend,1790325254.51,0.024,0.000,0.27
blend,1790325255.02,0.024,0.000,0.27
blend,1790325255.53,0.024,0.000,0.26
blend,1790325256.04,0.025,0.000,0.25
blend,1790325256.50,0.025,0.000,0.26
blend,1790325257.01,0.025,0.000,0.23
blend,1790325257.53,0.025,0.000,0.23
blend,1790325258.04,0.025,0.000,0.22
blend,1790325258.55,0.026,0.000,0.22
blend,1790325259.01,0.025,0.000,0.23
blend,1790325259.52,0.025,0.000,0.22
blend,1790325260.04,0.025,0.000,0.21
blend,1790325260.55,0.024,0.000,0.21
blend,1790325261.01,0.026,0.000,0.21
blend,1790325261.52,0.025,0.000,0.22
blend,1790325262.03,0.026,0.000,0.23
blend,1790325262.60,0.026,0.000,0.22
blend,1790325263.01,0.027,0.000,0.24
blend,1790325263.52,0.027,0.000,0.24
blend,1790325264.03,0.027,0.000,0.23
blend,1790325264.54,0.027,0.000,0.23
blend,1790325265.00,0.028,0.000,0.21
blend,1790325265.51,0.028,0.000,0.22
blend,1790325266.03,0.027,0.000,0.22
blend,1790325266.54,0.027,0.000,0.22
blend,1790325267.05,0.027,0.000,0.23
blend,1790325267.51,0.027,0.000,0.24
blend,1790325268.02,0.027,0.000,0.23
blend,1790325268.54,0.027,0.000,0.23
blend,1790325269.05,0.028,0.000,0.25
blend,1790325269.51,0.029,0.000,0.26
blend,1790325270.02,0.029,0.000,0.25
blend,1790325270.53,0.029,0.000,0.25
blend,1790325271.05,0.030,0.000,0.25
blend,1790325271.51,0.029,0.000,0.24
blend,1790325272.02,0.031,0.000,0.24
blend,1790325272.53,0.030,0.000,0.23
blend,1790325273.04,0.029,0.000,0.22
blend,1790325273.50,0.030,0.000,0.23
blend,1790325274.02,0.029,0.000,0.23
blend,1790325274.53,0.029,0.000,0.22
blend,1790325275.04,0.030,0.000,0.23
blend,1790325275.55,0.030,0.000,0.23
blend,1790325276.01,0.030,0.000,0.24
blend,1790325276.52,0.031,0.000,0.24
blend,1790325277.04,0.030,0.000,0.24
blend,1790325277.55,0.030,0.000,0.24
blend,1790325278.01,0.030,0.000,0.23
blend,1790325278.52,0.030,0.000,0.23
blend,1790325279.03,0.030,0.000,0.23
blend,1790325279.55,0.031,0.000,0.22
blend,1790325280.01,0.031,0.000,0.23
blend,1790325280.52,0.030,0.000,0.24
blend,1790325281.03,0.030,0.000,0.24
blend,1790325281.54,0.030,0.000,0.24
blend,1790325282.00,0.030,0.000,0.24
blend,1790325282.51,0.029,0.000,0.23
blend,1790325283.03,0.030,0.000,0.24
blend,1790325283.54,0.030,0.000,0.23
blend,1790325284.05,0.030,0.000,0.22
blend,1790325284.51,0.031,0.000,0.21
blend,1790325285.02,0.031,0.000,0.22
blend,1790325285.54,0.031,0.000,0.23
blend,1790325286.05,0.031,0.000,0.22
blend,1790325286.51,0.031,0.000,0.22
blend,1790325287.02,0.032,0.000,0.19
blend,1790325287.53,0.031,0.000,0.18
blend,1790325288.05,0.031,0.000,0.19
blend,1790325288.51,0.031,0.000,0.19
blend,1790325289.02,0.031,0.000,0.18
blend,1790325289.53,0.031,0.000,0.19
blend,1790325290.04,0.031,0.000,0.18
blend,1790325290.50,0.031,0.000,0.18
blend,1790325291.02,0.031,0.000,0.18
blend,1790325291.53,0.032,0.000,0.17
blend,1790325292.04,0.031,0.000,0.15
blend,1790325292.50,0.031,0.000,0.15
blend,1790325293.01,0.030,0.000,0.15
blend,1790325293.52,0.031,0.000,0.14
blend,1790325294.04,0.031,0.000,0.12
blend,1790325294.55,0.031,0.000,0.13
blend,1790325295.01,0.031,0.000,0.14
blend,1790325295.52,0.030,0.000,0.14
blend,1790325296.03,0.030,0.000,0.13
blend,1790325296.54,0.030,0.000,0.13
blend,1790325297.00,0.030,0.000,0.12
blend,1790325297.52,0.031,0.000,0.12
blend,1790325298.03,0.031,0.000,0.11
blend,1790325298.54,0.031,0.000,0.13
blend,1790325299.00,0.031,0.000,0.12
blend,1790325299.51,0.031,0.000,0.12
blend,1790325300.02,0.031,0.000,0.11
blend,1790325300.54,0.031,0.000,0.12
blend,1790325301.05,0.030,0.000,0.12
blend,1790325301.51,0.030,0.000,0.12
blend,1790325302.02,0.030,0.000,0.13
blend,1790325302.53,0.030,0.000,0.13
blend,1790325303.05,0.031,0.000,0.12
blend,1790325303.51,0.031,0.000,0.13
blend,1790325304.02,0.031,0.000,0.12
blend,1790325304.53,0.031,0.000,0.12
blend,1790325305.04,0.031,0.000,0.11
blend,1790325305.50,0.031,0.000,0.10
blend,1790325306.02,0.031,0.000,0.09
blend,1790325306.53,0.031,0.000,0.08
blend,1790325307.04,0.031,0.000,0.08
blend,1790325307.50,0.032,0.000,0.08
blend,1790325308.01,0.031,0.000,0.07
blend,1790325308.52,0.031,0.000,0.07
blend,1790325309.04,0.032,0.000,0.06
blend,1790325309.55,0.031,0.000,0.07
blend,1790325310.01,0.031,0.000,0.08
blend,1790325310.52,0.031,0.000,0.07
blend,1790325311.03,0.032,0.000,0.08
blend,1790325311.54,0.031,0.000,0.08
blend,1790325312.01,0.031,0.000,0.09
blend,1790325312.52,0.031,0.000,0.09
blend,1790325313.03,0.031,0.000,0.09
blend,1790325313.54,0.032,0.000,0.10
blend,1790325314.00,0.031,0.000,0.10
blend,1790325314.51,0.032,0.000,0.10
blend,1790325315.03,0.032,0.000,0.10
blend,1790325315.54,0.032,0.000,0.11
blend,1790325316.05,0.032,0.000,0.13
blend,1790325316.51,0.031,0.000,0.13
blend,1790325317.02,0.031,0.000,0.12
blend,1790325317.54,0.034,0.000,0.10
blend,1790325318.05,0.067,0.000,-0.00
blend,1790325318.51,0.149,0.000,-0.04
blend,1790325319.02,0.224,0.000,-0.06
blend,1790325319.53,0.232,0.000,-0.12
blend,1790325320.05,0.251,0.000,-0.13
blend,1790325320.51,0.287,-0.000,-0.15
blend,1790325321.02,0.336,-0.000,-0.21
blend,1790325321.53,0.386,-0.000,-0.22
blend,1790325322.05,0.439,-0.001,-0.21
blend,1790325322.51,0.490,-0.001,-0.18
blend,1790325323.02,0.555,-0.001,-0.19
blend,1790325323.53,0.615,-0.001,-0.18
blend,1790325324.04,0.675,-0.001,-0.15
blend,1790325324.50,0.714,-0.001,-0.11
blend,1790325325.02,0.712,-0.001,-0.12
blend,1790325325.53,0.712,-0.001,-0.11
blend,1790325326.04,0.711,-0.001,-0.13
blend,1790325326.50,0.711,-0.001,-0.12
blend,1790325327.01,0.743,-0.002,-0.15
blend,1790325327.53,0.844,-0.002,-0.17
blend,1790325328.04,0.939,-0.002,-0.12
blend,1790325328.50,1.022,-0.002,-0.13
blend,1790325329.01,1.115,-0.003,-0.11
blend,1790325329.53,1.211,-0.003,-0.08
blend,1790325330.04,1.305,-0.003,-0.06
blend,1790325330.55,1.401,-0.003,-0.03
blend,1790325331.01,1.486,-0.003,-0.02
blend,1790325331.52,1.581,-0.003,-0.00
blend,1790325332.04,1.678,-0.003,0.06
blend,1790325332.55,1.775,-0.003,0.11
blend,1790325333.01,1.859,-0.003,0.08
blend,1790325333.52,1.957,-0.002,0.14
blend,1790325334.03,2.054,-0.002,0.21
blend,1790325334.55,2.150,-0.002,0.26
blend,1790325335.01,2.238,-0.001,0.26
blend,1790325335.52,2.335,-0.001,0.30
blend,1790325336.03,2.428,-0.000,0.35
blend,1790325336.55,2.529,0.000,0.39
blend,1790325337.01,2.615,0.001,0.42
blend,1790325337.52,2.713,0.002,0.48
blend,1790325338.03,2.806,0.003,0.52
blend,1790325338.54,2.906,0.004,0.51
blend,1790325339.01,2.993,0.004,0.56
blend,1790325339.52,3.090,0.005,0.64
blend,1790325340.03,3.184,0.006,0.66
blend,1790325340.54,3.276,0.008,0.69
blend,1790325341.00,3.366,0.009,0.72
blend,1790325341.52,3.462,0.010,0.75
blend,1790325342.03,3.555,0.011,0.80
blend,1790325342.54,3.652,0.013,0.83
blend,1790325343.00,3.737,0.014,0.86
blend,1790325343.52,3.832,0.015,0.93
blend,1790325344.03,3.929,0.017,0.98
blend,1790325344.52,4.027,0.019,0.89
blend,1790325345.02,4.121,0.020,0.96
blend,1790325345.52,4.218,0.022,0.99
blend,1790325346.03,4.320,0.024,1.03
blend,1790325346.54,4.417,0.025,1.10
blend,1790325347.00,4.507,0.027,1.14
blend,1790325347.51,4.595,0.029,1.17
blend,1790325348.03,4.591,0.029,1.18
blend,1790325348.54,4.591,0.029,1.18
blend,1790325349.00,4.646,0.030,1.11
blend,1790325349.51,4.767,0.033,1.18
blend,1790325350.03,4.874,0.035,1.20
blend,1790325350.54,4.982,0.037,1.30
blend,1790325351.00,5.081,0.040,1.32
blend,1790325351.51,5.192,0.042,1.41
blend,1790325352.02,5.301,0.045,1.45
blend,1790325352.54,5.415,0.048,1.51
blend,1790325353.05,5.525,0.051,1.54
blend,1790325353.51,5.623,0.054,1.64
blend,1790325354.02,5.731,0.057,1.63
blend,1790325354.54,5.842,0.061,1.74
blend,1790325355.05,5.953,0.064,1.79
blend,1790325355.51,6.053,0.067,1.86
blend,1790325356.02,6.162,0.071,1.91
blend,1790325356.53,6.273,0.075,1.98
blend,1790325357.05,6.383,0.079,2.05
blend,1790325357.51,6.482,0.083,2.19
blend,1790325358.02,6.578,0.086,2.25
blend,1790325358.53,6.689,0.091,2.24
blend,1790325359.05,6.803,0.095,2.31
blend,1790325359.51,6.894,0.099,2.40
blend,1790325360.02,7.004,0.104,2.47
blend,1790325360.53,7.119,0.109,2.48
blend,1790325361.05,7.231,0.113,2.48
blend,1790325361.51,7.327,0.118,2.51
blend,1790325362.02,7.438,0.123,2.60
blend,1790325362.53,7.548,0.128,2.61
blend,1790325363.04,7.652,0.133,2.63
blend,1790325363.51,7.749,0.137,2.66
blend,1790325364.02,7.856,0.142,2.80
blend,1790325364.53,7.970,0.148,2.86
blend,1790325365.04,8.080,0.154,2.91
blend,1790325365.50,8.173,0.158,2.94
blend,1790325366.02,8.282,0.164,2.97
blend,1790325366.53,8.389,0.170,3.00
blend,1790325367.04,8.406,0.171,2.91
blend,1790325367.50,8.408,0.171,2.91
blend,1790325368.02,8.407,0.171,2.94
blend,1790325368.53,8.408,0.171,2.94
blend,1790325369.04,8.407,0.171,2.92
blend,1790325369.50,8.409,0.171,2.91
blend,1790325370.01,8.430,0.172,2.89
blend,1790325370.53,8.476,0.174,2.91
blend,1790325371.04,8.553,0.178,2.93
blend,1790325371.55,8.636,0.183,2.95
blend,1790325372.01,8.715,0.187,3.00
blend,1790325372.52,8.799,0.191,3.05
blend,1790325373.04,8.890,0.196,3.11
blend,1790325373.55,8.982,0.201,3.06
blend,1790325374.01,9.062,0.205,3.08
blend,1790325374.52,9.152,0.210,3.13
blend,1790325375.02,9.240,0.215,3.11
blend,1790325375.56,9.332,0.221,3.28
blend,1790325376.01,9.409,0.225,3.29
blend,1790325376.52,9.501,0.230,3.34
blend,1790325377.03,9.585,0.235,3.38
blend,1790325377.55,9.663,0.240,3.44
blend,1790325378.01,9.652,0.239,3.45
blend,1790325378.52,9.651,0.239,3.46
blend,1790325379.03,9.651,0.239,3.49
blend,1790325379.54,9.651,0.239,3.48
blend,1790325380.01,9.668,0.240,3.45
blend,1790325380.52,9.734,0.244,3.46
blend,1790325381.03,9.812,0.249,3.50
blend,1790325381.54,9.896,0.254,3.50
blend,1790325382.01,9.976,0.259,3.56
blend,1790325382.52,10.065,0.265,3.69
blend,1790325383.03,10.152,0.271,3.66
blend,1790325383.54,10.243,0.277,3.78
blend,1790325384.00,10.321,0.282,3.79
blend,1790325384.52,10.403,0.288,3.84
blend,1790325385.03,10.460,0.292,3.88
blend,1790325385.54,10.454,0.291,3.92
blend,1790325386.00,10.455,0.291,3.87
blend,1790325386.51,10.454,0.291,3.85
blend,1790325387.03,10.454,0.291,3.85
blend,1790325387.54,10.454,0.291,3.83
blend,1790325388.05,10.454,0.291,3.85
blend,1790325388.51,10.454,0.291,3.84
blend,1790325389.02,10.455,0.291,3.82
blend,1790325389.54,10.455,0.291,3.83
blend,1790325390.05,10.477,0.293,3.89
blend,1790325390.51,10.545,0.297,3.81
blend,1790325391.02,10.619,0.302,3.85
blend,1790325391.53,10.695,0.307,3.91
blend,1790325392.05,10.767,0.312,3.92
blend,1790325392.51,10.796,0.315,3.92
blend,1790325393.02,10.791,0.314,3.96
blend,1790325393.53,10.790,0.314,3.93
blend,1790325394.04,10.790,0.314,3.96
blend,1790325394.51,10.791,0.314,3.97
blend,1790325395.02,10.791,0.314,3.97
blend,1790325395.53,10.791,0.314,3.96
blend,1790325396.04,10.792,0.314,3.99
blend,1790325396.50,10.791,0.314,3.93
blend,1790325397.02,10.791,0.314,3.86
blend,1790325397.53,10.791,0.314,3.86
blend,1790325398.04,10.792,0.314,3.85
blend,1790325398.50,10.791,0.314,3.87
blend,1790325399.01,10.792,0.314,3.86
blend,1790325399.53,10.792,0.314,3.89
blend,1790325400.04,10.791,0.314,3.86
blend,1790325400.55,10.791,0.314,3.86
blend,1790325401.01,10.791,0.314,6.85
blend,1790325401.52,10.797,0.317,18.96
blend,1790325402.03,10.803,0.320,31.45
blend,1790325402.54,10.811,0.329,44.40
blend,1790325403.05,10.820,0.345,57.38
blend,1790325403.51,10.823,0.350,69.24
blend,1790325404.03,10.823,0.351,82.49
blend,1790325404.55,10.823,0.351,95.73
blend,1790325405.19,10.823,0.350,98.02
blend,1790325405.59,10.823,0.350,98.03
blend,1790325406.09,10.823,0.350,98.03
blend,1790325406.59,10.823,0.350,98.03
blend,1790325407.09,10.823,0.350,98.03
blend,1790325407.59,10.823,0.350,98.03
blend,1790325408.09,10.823,0.350,98.03
blend,1790325408.59,10.823,0.350,98.03
blend,1790325409.09,10.823,0.350,98.03
blend,1790325409.59,10.823,0.350,98.03
blend,1790325410.09,10.823,0.350,98.03
blend,1790325410.56,10.840,0.285,101.38
blend,1790325411.06,10.832,0.303,110.50
blend,1790325411.56,10.876,0.213,115.15
blend,1790325412.46,10.894,0.186,125.90
blend,1790325412.59,10.895,0.183,124.63
blend,1790325413.06,10.896,0.182,127.43
blend,1790325413.52,10.904,0.174,133.16
blend,1790325414.06,10.911,0.167,139.98
blend,1790325414.52,10.921,0.160,145.64
blend,1790325415.09,10.913,0.165,153.11
blend,1790325415.52,10.908,0.166,158.65
blend,1790325416.09,10.909,0.165,159.39
blend,1790325416.56,10.918,0.162,159.34
blend,1790325417.02,10.919,0.162,159.34
blend,1790325417.56,10.908,0.166,158.79
blend,1790325418.02,10.910,0.165,158.80
blend,1790325418.52,10.838,0.194,158.49
blend,1790325419.06,10.717,0.242,158.49
blend,1790325419.52,10.624,0.278,158.56
blend,1790325420.06,10.521,0.319,158.54
blend,1790325420.52,10.453,0.345,158.58
blend,1790325421.06,10.365,0.379,158.62
blend,1790325421.52,10.305,0.403,158.57
blend,1790325422.02,10.242,0.428,158.50
blend,1790325422.56,10.171,0.455,158.52
blend,1790325423.02,10.105,0.482,158.56
blend,1790325423.56,10.029,0.512,158.55
blend,1790325424.02,9.974,0.533,158.54
blend,1790325424.52,9.917,0.556,158.59
blend,1790325425.02,9.830,0.590,158.62
blend,1790325425.52,9.740,0.625,158.68
blend,1790325426.06,9.634,0.668,158.71
blend,1790325426.52,9.521,0.712,158.61
blend,1790325427.06,9.455,0.738,158.67
blend,1790325427.56,9.445,0.742,158.64
blend,1790325428.02,9.457,0.738,158.66
blend,1790325428.56,9.458,0.737,158.62
blend,1790325429.02,9.456,0.738,158.68
blend,1790325429.56,9.463,0.735,158.65
blend,1790325430.02,9.464,0.735,158.72
blend,1790325430.59,9.479,0.729,158.66
blend,1790325431.02,9.476,0.730,158.63
blend,1790325431.52,9.475,0.731,158.68
blend,1790325432.06,9.467,0.734,158.68
blend,1790325432.52,9.472,0.732,158.65
blend,1790325433.06,9.480,0.729,158.70
blend,1790325433.52,9.482,0.728,158.73
blend,1790325434.02,9.481,0.729,158.71
blend,1790325434.56,9.485,0.727,158.69
blend,1790325435.02,9.468,0.734,158.69
blend,1790325435.56,9.468,0.734,158.63
blend,1790325436.06,9.477,0.730,158.61
blend,1790325436.62,9.449,0.741,158.57
blend,1790325437.06,9.450,0.741,158.68
blend,1790325437.59,9.460,0.737,158.67
blend,1790325438.06,9.458,0.738,158.69
blend,1790325438.59,9.464,0.736,158.71
blend,1790325439.09,9.458,0.738,158.71
blend,1790325439.56,9.467,0.735,158.77
blend,1790325440.03,9.475,0.732,158.82
blend,1790325440.63,9.486,0.727,158.87
blend,1790325441.13,9.485,0.728,158.84
blend,1790325441.53,9.500,0.722,158.82
blend,1790325442.06,9.504,0.721,158.86
blend,1790325442.53,9.510,0.718,158.80
blend,1790325443.16,9.501,0.722,158.81
blend,1790325443.59,9.502,0.721,158.81
blend,1790325444.03,9.501,0.722,158.74
blend,1790325444.63,9.501,0.722,158.74
blend,1790325445.09,9.502,0.721,158.81
blend,1790325445.54,9.498,0.723,158.75
blend,1790325446.00,9.501,0.722,158.76
blend,1790325446.51,9.500,0.722,158.77
blend,1790325447.03,9.501,0.722,158.78
blend,1790325447.54,9.502,0.721,158.79
blend,1790325448.05,9.503,0.721,158.78
blend,1790325448.51,9.504,0.720,158.80
blend,1790325449.02,9.502,0.721,158.78
blend,1790325449.53,9.504,0.720,158.78
blend,1790325450.05,9.503,0.721,158.79
blend,1790325450.51,9.504,0.721,158.78
blend,1790325451.02,9.504,0.720,158.78
blend,1790325451.53,9.505,0.720,158.78
blend,1790325452.04,9.503,0.721,158.77
blend,1790325452.50,9.502,0.721,158.77
blend,1790325453.01,9.502,0.721,158.77
blend,1790325453.53,9.504,0.721,158.76
blend,1790325454.04,9.505,0.720,158.77
blend,1790325454.55,9.506,0.720,158.76
blend,1790325455.01,9.505,0.720,158.75
blend,1790325455.52,9.503,0.721,158.76
blend,1790325456.03,9.503,0.721,158.75
blend,1790325456.55,9.503,0.721,158.76
blend,1790325457.01,9.505,0.720,158.77
blend,1790325457.52,9.504,0.721,158.74
blend,1790325458.03,9.505,0.720,158.75
blend,1790325458.54,9.502,0.721,158.74
blend,1790325459.00,9.502,0.721,158.72
blend,1790325459.51,9.502,0.721,158.75
blend,1790325460.03,9.503,0.721,158.75
blend,1790325460.54,9.501,0.722,158.74
blend,1790325461.05,9.503,0.721,158.72
blend,1790325461.51,9.502,0.721,158.72
blend,1790325462.02,9.502,0.721,158.72
blend,1790325462.54,9.502,0.721,158.73
blend,1790325463.05,9.502,0.722,158.74
blend,1790325463.51,9.503,0.721,158.75
blend,1790325464.02,9.502,0.721,158.77
blend,1790325464.53,9.502,0.721,158.77
blend,1790325465.04,9.502,0.721,158.77
blend,1790325465.50,9.503,0.721,158.77
blend,1790325466.02,9.503,0.721,158.78
blend,1790325466.53,9.503,0.721,158.78
blend,1790325467.04,9.503,0.721,158.78
blend,1790325467.50,9.503,0.721,158.78
blend,1790325468.01,9.503,0.721,158.79
blend,1790325468.53,9.504,0.721,158.77
blend,1790325469.04,9.503,0.721,158.78
blend,1790325469.55,9.502,0.722,158.77
blend,1790325470.01,9.501,0.722,158.77
blend,1790325470.52,9.503,0.721,158.77
blend,1790325471.03,9.503,0.721,158.78
blend,1790325471.54,9.504,0.721,158.78
blend,1790325472.01,9.503,0.721,158.78
blend,1790325472.52,9.503,0.721,158.79
blend,1790325473.03,9.502,0.721,158.76
blend,1790325473.54,9.502,0.721,158.76
blend,1790325474.00,9.502,0.721,158.75
blend,1790325474.51,9.502,0.721,158.75
blend,1790325475.03,9.502,0.722,158.75
blend,1790325475.54,9.502,0.721,158.77
blend,1790325476.05,9.502,0.722,158.77
blend,1790325476.56,9.504,0.721,158.77
blend,1790325477.06,9.513,0.717,158.83
blend,1790325477.56,9.523,0.713,158.89
blend,1790325478.08,9.536,0.708,158.95
blend,1790325478.60,9.551,0.703,159.01
blend,1790325479.12,9.569,0.696,159.07
blend,1790325479.52,9.528,0.711,158.95
blend,1790325480.04,9.528,0.711,158.96
blend,1790325480.50,9.527,0.712,158.96
blend,1790325481.01,9.526,0.712,158.95
blend,1790325481.53,9.525,0.712,158.95
blend,1790325482.04,9.525,0.713,158.93
blend,1790325482.55,9.526,0.712,158.93
blend,1790325483.01,9.525,0.712,158.93
blend,1790325483.52,9.527,0.712,158.93
blend,1790325484.03,9.528,0.712,158.92
blend,1790325484.55,9.527,0.712,158.92
blend,1790325485.01,9.526,0.712,158.93
blend,1790325485.52,9.526,0.712,158.92
blend,1790325486.03,9.526,0.712,158.91
blend,1790325486.54,9.524,0.713,158.92
blend,1790325487.00,9.524,0.713,158.92
blend,1790325487.51,9.525,0.713,158.92
blend,1790325488.03,9.524,0.713,158.92
blend,1790325488.54,9.523,0.713,158.93
blend,1790325489.05,9.523,0.713,158.94
blend,1790325489.51,9.523,0.713,158.94
blend,1790325490.02,9.523,0.713,158.94
blend,1790325490.53,9.523,0.713,158.94
blend,1790325491.05,9.523,0.714,158.91
blend,1790325491.51,9.523,0.713,158.91
blend,1790325492.02,9.523,0.713,158.91
blend,1790325492.53,9.520,0.714,158.91
blend,1790325493.04,9.521,0.714,158.91
blend,1790325493.50,9.521,0.714,158.91
blend,1790325494.01,9.521,0.714,158.90
blend,1790325494.53,9.522,0.714,158.90
blend,1790325495.04,9.523,0.713,158.89
blend,1790325495.55,9.522,0.714,158.89
blend,1790325496.01,9.522,0.714,158.91
blend,1790325496.52,9.523,0.713,158.90
blend,1790325497.04,9.522,0.714,158.91
blend,1790325497.55,9.522,0.714,158.90
blend,1790325498.01,9.521,0.714,158.90
blend,1790325498.52,9.521,0.714,158.89
blend,1790325499.03,9.522,0.714,158.89
blend,1790325499.54,9.520,0.715,158.90
blend,1790325500.00,9.520,0.714,158.88
blend,1790325500.52,9.519,0.715,158.88
blend,1790325501.03,9.518,0.715,158.88
blend,1790325501.54,9.519,0.715,158.87
blend,1790325502.05,9.520,0.715,158.88
blend,1790325502.51,9.518,0.715,158.88
blend,1790325503.02,9.518,0.716,158.88
blend,1790325503.54,9.518,0.715,158.88
blend,1790325504.05,9.457,0.739,158.91
blend,1790325504.51,9.354,0.779,158.94
blend,1790325505.02,9.240,0.823,158.98
blend,1790325505.54,9.128,0.865,159.07
blend,1790325506.05,9.016,0.908,159.11
blend,1790325506.96,8.816,0.984,159.22
blend,1790325507.46,8.700,1.029,159.30
blend,1790325507.98,8.573,1.077,159.37
blend,1790325508.50,8.440,1.127,159.45
blend,1790325509.00,8.306,1.177,159.53
blend,1790325509.52,8.160,1.232,159.61
blend,1790325510.04,8.569,1.078,159.49
blend,1790325510.50,8.542,1.088,159.56
blend,1790325511.02,8.541,1.088,159.57
blend,1790325511.53,8.541,1.088,159.57
blend,1790325512.04,8.542,1.088,159.57
blend,1790325512.55,8.541,1.089,159.57
blend,1790325513.01,8.540,1.089,159.58
blend,1790325513.52,8.541,1.089,159.58
blend,1790325514.04,8.544,1.087,159.56
blend,1790325514.55,8.541,1.088,159.56
blend,1790325515.01,8.542,1.088,159.56
blend,1790325515.52,8.545,1.087,159.56
blend,1790325516.03,8.546,1.087,159.54
blend,1790325516.54,8.547,1.086,159.55
blend,1790325517.00,8.547,1.086,159.54
blend,1790325517.52,8.546,1.086,159.55
blend,1790325518.03,8.546,1.087,159.58
blend,1790325518.54,8.545,1.087,159.58
blend,1790325519.05,8.547,1.086,159.59
blend,1790325519.51,8.547,1.086,159.58
blend,1790325520.02,8.548,1.086,159.57
blend,1790325520.53,8.547,1.086,159.58
blend,1790325521.05,8.546,1.087,159.57
blend,1790325521.51,8.546,1.086,159.57
blend,1790325522.02,8.548,1.086,159.58
blend,1790325522.53,8.547,1.086,159.57
blend,1790325523.04,8.549,1.086,159.58
blend,1790325523.50,8.551,1.085,159.59
blend,1790325524.02,8.549,1.085,159.58
blend,1790325524.53,8.550,1.085,159.58
blend,1790325525.04,8.550,1.085,159.58
blend,1790325525.55,8.550,1.085,159.62
blend,1790325526.01,8.550,1.085,159.61
blend,1790325526.52,8.548,1.086,159.63
blend,1790325527.04,8.548,1.086,159.64
blend,1790325527.55,8.549,1.086,159.65
blend,1790325528.01,8.549,1.086,159.66
blend,1790325528.52,8.549,1.086,159.66
blend,1790325529.03,8.547,1.086,159.66
blend,1790325529.54,8.548,1.086,159.66
blend,1790325530.00,8.544,1.087,159.63
blend,1790325530.52,8.442,1.126,159.46
blend,1790325531.03,8.280,1.186,159.58
blend,1790325531.54,8.105,1.251,159.67
blend,1790325532.00,7.994,1.292,159.72
blend,1790325532.51,7.967,1.302,159.66
blend,1790325533.03,7.968,1.302,159.66
blend,1790325533.54,7.959,1.305,159.65
blend,1790325534.05,7.915,1.321,159.62
blend,1790325534.51,7.842,1.349,159.70
blend,1790325535.03,7.729,1.390,159.76
blend,1790325535.54,7.597,1.439,159.76
blend,1790325536.05,7.582,1.444,159.46
blend,1790325536.51,7.581,1.444,150.00
blend,1790325537.02,7.581,1.445,150.06
blend,1790325537.54,7.490,1.497,150.08
blend,1790325538.05,7.362,1.571,150.00
blend,1790325538.51,7.215,1.655,150.07
blend,1790325539.02,7.053,1.748,150.17
blend,1790325539.53,6.893,1.840,150.23
blend,1790325540.05,6.858,1.860,150.17
blend,1790325540.51,6.859,1.860,155.09
blend,1790325541.02,6.846,1.866,154.47
blend,1790325541.53,6.740,1.916,154.53
blend,1790325542.05,6.594,1.985,154.71
blend,1790325542.51,6.437,2.059,154.88
blend,1790325543.02,6.258,2.143,155.13
blend,1790325543.53,6.083,2.224,155.11
blend,1790325544.05,5.903,2.307,155.20
blend,1790325544.51,5.749,2.378,155.22
blend,1790325545.02,5.594,2.449,155.43
blend,1790325545.53,5.437,2.521,155.44
blend,1790325546.04,5.269,2.597,155.62
blend,1790325546.51,5.117,2.666,155.62
blend,1790325547.02,4.942,2.745,155.80
blend,1790325547.53,4.766,2.824,155.84
blend,1790325548.04,4.595,2.900,155.98
blend,1790325548.50,4.453,2.963,156.03
blend,1790325549.02,4.309,3.027,156.09
blend,1790325549.53,4.164,3.091,156.16
blend,1790325550.04,4.021,3.154,156.30
blend,1790325550.50,3.896,3.209,156.30
blend,1790325551.02,3.753,3.271,156.41
blend,1790325551.53,3.612,3.333,156.51
blend,1790325552.04,3.470,3.394,156.53
blend,1790325552.50,3.342,3.449,156.65
blend,1790325553.01,3.202,3.510,156.68
blend,1790325553.52,3.060,3.570,156.78
blend,1790325554.04,2.921,3.630,156.83
blend,1790325554.55,2.781,3.690,156.89
blend,1790325555.01,2.655,3.743,156.97
blend,1790325555.52,2.523,3.799,157.03
blend,1790325556.03,2.448,3.831,157.06
blend,1790325556.54,2.457,3.827,157.06
blend,1790325557.01,2.458,3.827,157.05
blend,1790325557.52,2.458,3.826,157.05
blend,1790325558.03,2.459,3.826,157.03
blend,1790325558.54,2.457,3.827,157.05
blend,1790325559.00,2.456,3.827,157.05
blend,1790325559.51,2.449,3.831,157.08
blend,1790325560.03,2.408,3.848,157.11
blend,1790325560.54,2.340,3.877,157.13
blend,1790325561.05,2.267,3.907,157.19
blend,1790325561.51,2.209,3.932,157.20
blend,1790325562.02,2.139,3.961,157.22
blend,1790325562.54,2.075,3.988,157.25
blend,1790325563.05,2.001,4.019,157.29
blend,1790325563.51,1.936,4.046,157.35
blend,1790325564.02,1.865,4.075,157.38
blend,1790325564.53,1.869,4.074,157.44
blend,1790325565.05,1.870,4.073,157.41
blend,1790325565.51,1.869,4.074,157.42
blend,1790325566.02,1.868,4.074,160.26
blend,1790325566.53,1.859,4.075,168.39
blend,1790325567.04,1.844,4.075,176.40
blend,1790325567.55,1.838,4.074,184.49
blend,1790325568.00,1.831,4.073,191.45
blend,1790325568.51,1.820,4.069,199.20
blend,1790325569.02,1.815,4.068,207.03
blend,1790325569.54,1.814,4.067,214.76
blend,1790325570.05,1.814,4.066,222.46
blend,1790325570.51,1.810,4.062,229.41
blend,1790325571.03,1.808,4.059,237.37
blend,1790325571.55,1.805,4.054,239.54
blend,1790325572.01,1.807,4.056,239.63
blend,1790325572.53,1.802,4.047,240.60
blend,1790325573.05,1.803,4.049,241.17
blend,1790325573.52,1.803,4.049,241.16
blend,1790325574.04,1.808,4.058,241.17
blend,1790325574.50,1.807,4.057,241.19
blend,1790325575.02,1.803,4.049,242.96
blend,1790325575.54,1.803,4.047,243.79
blend,1790325576.01,1.800,4.043,243.81
blend,1790325576.52,1.802,4.045,243.82
blend,1790325577.04,1.801,4.044,243.80
blend,1790325577.51,1.802,4.046,243.90
blend,1790325578.03,1.753,3.946,244.05
blend,1790325578.55,1.680,3.795,244.13
blend,1790325579.01,1.617,3.664,244.33
blend,1790325579.53,1.547,3.518,244.39
blend,1790325580.00,1.484,3.386,244.50
blend,1790325580.52,1.419,3.250,244.58
blend,1790325581.04,1.354,3.113,244.73
blend,1790325581.50,1.296,2.990,244.67
blend,1790325582.02,1.227,2.843,244.80
blend,1790325582.54,1.162,2.705,244.92
blend,1790325583.00,1.104,2.582,244.95
blend,1790325583.52,1.038,2.439,245.08
blend,1790325584.04,0.976,2.305,245.12
blend,1790325584.51,0.919,2.183,245.22
blend,1790325585.03,0.854,2.041,245.28
blend,1790325585.54,0.792,1.906,245.31
blend,1790325586.01,0.733,1.779,245.39
blend,1790325586.53,0.670,1.640,245.47
blend,1790325587.05,0.605,1.497,245.55
blend,1790325587.52,0.548,1.372,245.59
blend,1790325588.04,0.483,1.228,245.66
blend,1790325588.50,0.427,1.104,245.79
blend,1790325589.02,0.365,0.965,245.81
blend,1790325589.54,0.299,0.820,245.93
blend,1790325590.01,0.241,0.690,245.90
blend,1790325590.53,0.180,0.552,245.95
blend,1790325591.04,0.116,0.409,246.04
blend,1790325591.51,0.061,0.285,246.06
blend,1790325592.03,-0.002,0.142,246.12
blend,1790325592.55,-0.063,0.004,246.15
blend,1790325593.02,-0.124,-0.133,246.19
blend,1790325593.54,-0.188,-0.277,246.24
blend,1790325594.00,-0.243,-0.404,246.36
blend,1790325594.52,-0.307,-0.549,246.47
blend,1790325595.04,-0.366,-0.686,246.67
blend,1790325595.51,-0.426,-0.825,246.67
blend,1790325596.03,-0.485,-0.964,246.70
blend,1790325596.55,-0.548,-1.109,246.66
blend,1790325597.02,-0.557,-1.128,246.68
blend,1790325597.53,-0.556,-1.128,246.70
blend,1790325598.00,-0.556,-1.127,246.73
blend,1790325598.52,-0.556,-1.126,246.75
blend,1790325599.04,-0.556,-1.127,246.77
blend,1790325599.51,-0.557,-1.129,246.83
blend,1790325600.02,-0.557,-1.130,246.83
blend,1790325600.54,-0.557,-1.130,246.81
blend,1790325601.01,-0.558,-1.132,246.77
blend,1790325601.53,-0.558,-1.131,246.78
blend,1790325602.05,-0.558,-1.131,246.78
blend,1790325602.51,-0.557,-1.130,246.75
blend,1790325603.03,-0.557,-1.128,246.78
blend,1790325603.55,-0.557,-1.130,246.79
blend,1790325604.02,-0.564,-1.145,246.46
blend,1790325604.54,-0.645,-1.334,246.72
blend,1790325605.00,-0.719,-1.505,247.01
blend,1790325605.52,-0.802,-1.706,247.19
blend,1790325606.04,-0.880,-1.891,247.34
blend,1790325606.51,-0.950,-2.058,247.41
blend,1790325607.02,-1.030,-2.251,247.49
blend,1790325607.54,-1.103,-2.428,247.66
blend,1790325608.01,-1.175,-2.605,247.62
blend,1790325608.53,-1.254,-2.798,247.72
blend,1790325609.05,-1.333,-2.993,247.83
blend,1790325609.57,-1.411,-3.185,247.95
blend,1790325610.03,-1.481,-3.356,248.01
blend,1790325610.50,-1.550,-3.526,248.07
blend,1790325611.02,-1.624,-3.713,248.19
blend,1790325611.54,-1.702,-3.908,248.19
blend,1790325612.01,-1.773,-4.085,248.31
blend,1790325612.52,-1.846,-4.269,248.34
blend,1790325613.04,-1.920,-4.457,248.45
blend,1790325613.51,-1.988,-4.629,248.53
blend,1790325614.03,-2.060,-4.813,248.55
blend,1790325614.55,-2.132,-4.999,248.70
blend,1790325615.02,-2.201,-5.172,248.67
blend,1790325615.54,-2.276,-5.368,248.86
blend,1790325616.00,-2.340,-5.534,248.90
blend,1790325616.52,-2.413,-5.723,248.95
blend,1790325617.04,-2.483,-5.907,249.06
blend,1790325617.51,-2.547,-6.072,249.07
blend,1790325618.03,-2.618,-6.259,249.21
blend,1790325618.55,-2.692,-6.456,249.23
blend,1790325619.01,-2.755,-6.622,249.28
blend,1790325619.53,-2.829,-6.816,249.29
blend,1790325620.05,-2.898,-7.001,249.43
blend,1790325620.62,-2.975,-7.208,249.59
blend,1790325621.04,-3.027,-7.349,249.62
blend,1790325621.58,-3.101,-7.549,249.72
blend,1790325622.02,-3.160,-7.708,249.79
blend,1790325622.54,-3.231,-7.903,249.90
blend,1790325623.03,-3.296,-8.082,249.90
blend,1790325623.56,-3.359,-8.252,250.01
blend,1790325624.19,-3.446,-8.493,250.14
blend,1790325624.51,-3.491,-8.618,250.10
blend,1790325625.09,-3.574,-8.848,250.10
blend,1790325625.55,-3.634,-9.015,250.15
blend,1790325626.02,-3.698,-9.192,250.22
blend,1790325626.54,-3.754,-9.348,250.16
blend,1790325627.00,-3.749,-9.334,250.12
blend,1790325627.52,-3.749,-9.334,250.16
blend,1790325628.04,-3.748,-9.332,250.20
blend,1790325628.51,-3.748,-9.331,250.19
blend,1790325629.03,-3.748,-9.330,250.20
blend,1790325629.55,-3.747,-9.327,250.19
blend,1790325630.01,-3.747,-9.327,250.19
blend,1790325630.53,-3.748,-9.330,250.20
blend,1790325631.05,-3.748,-9.332,250.20
blend,1790325631.52,-3.747,-9.329,250.20
blend,1790325632.02,-3.746,-9.326,250.23
blend,1790325632.52,-3.745,-9.323,250.27
blend,1790325633.02,-3.743,-9.318,250.30
blend,1790325633.54,-3.740,-9.310,250.34
blend,1790325634.04,-3.737,-9.301,250.38
blend,1790325634.56,-3.733,-9.289,250.42
blend,1790325635.04,-3.745,-9.323,250.27
blend,1790325635.51,-3.744,-9.321,250.27
blend,1790325636.03,-3.745,-9.322,250.27
blend,1790325636.55,-3.743,-9.318,243.70
blend,1790325637.01,-3.749,-9.326,237.85
blend,1790325637.53,-3.751,-9.329,234.84
blend,1790325638.05,-3.757,-9.336,224.81
blend,1790325638.51,-3.757,-9.335,215.38
blend,1790325639.02,-3.757,-9.335,205.21
blend,1790325639.53,-3.758,-9.336,194.95
blend,1790325640.04,-3.758,-9.336,184.94
blend,1790325640.55,-3.763,-9.336,175.20
blend,1790325641.00,-3.764,-9.335,166.31
blend,1790325641.52,-3.767,-9.334,158.03
blend,1790325642.03,-3.768,-9.333,158.29
blend,1790325642.54,-3.768,-9.333,158.32
blend,1790325643.00,-3.769,-9.333,158.36
blend,1790325643.51,-3.769,-9.333,158.34
blend,1790325644.02,-3.768,-9.333,158.35
blend,1790325644.54,-3.768,-9.333,158.35
blend,1790325645.05,-3.768,-9.333,158.36
blend,1790325645.51,-3.768,-9.333,158.35
blend,1790325646.00,-3.768,-9.333,158.36
blend,1790325646.53,-3.768,-9.333,158.36
blend,1790325647.04,-3.769,-9.333,156.21
blend,1790325647.50,-3.771,-9.331,147.25
blend,1790325648.02,-3.773,-9.330,136.94
blend,1790325648.54,-3.778,-9.322,126.75
blend,1790325649.00,-3.786,-9.306,117.60
blend,1790325649.52,-3.791,-9.284,107.08
blend,1790325650.03,-3.793,-9.268,103.41
blend,1790325650.54,-3.794,-9.264,103.46
blend,1790325651.01,-3.795,-9.259,103.48
blend,1790325651.52,-3.793,-9.267,103.49
blend,1790325652.03,-3.793,-9.266,103.51
blend,1790325652.54,-3.793,-9.265,103.53
blend,1790325653.00,-3.793,-9.265,103.51
blend,1790325653.51,-3.793,-9.266,103.51
blend,1790325654.02,-3.794,-9.262,103.50
blend,1790325654.54,-3.794,-9.262,103.51
blend,1790325655.05,-3.796,-9.248,97.67
blend,1790325655.51,-3.796,-9.240,91.09
blend,1790325656.02,-3.795,-9.233,84.10
blend,1790325656.53,-3.792,-9.222,76.83
blend,1790325657.05,-3.786,-9.206,69.24
blend,1790325657.52,-3.776,-9.187,64.69
blend,1790325658.03,-3.773,-9.182,64.62
blend,1790325658.50,-3.772,-9.180,64.61
blend,1790325659.02,-3.772,-9.180,64.62
blend,1790325659.53,-3.772,-9.179,64.61
blend,1790325660.05,-3.773,-9.180,64.62
blend,1790325660.52,-3.772,-9.179,64.61
blend,1790325661.03,-3.773,-9.181,64.62
blend,1790325661.60,-3.772,-9.180,64.63
blend,1790325662.01,-3.773,-9.182,64.64
blend,1790325662.53,-3.753,-9.139,64.60
blend,1790325663.05,-3.687,-8.999,64.55
blend,1790325663.52,-3.622,-8.863,64.56
blend,1790325664.03,-3.549,-8.710,64.66
blend,1790325664.55,-3.471,-8.546,64.76
blend,1790325665.02,-3.405,-8.405,64.82
blend,1790325665.53,-3.335,-8.256,64.94
blend,1790325666.05,-3.263,-8.102,65.03
blend,1790325666.52,-3.193,-7.951,65.08
blend,1790325667.04,-3.121,-7.796,65.17
blend,1790325667.50,-3.052,-7.645,65.24
blend,1790325668.02,-2.979,-7.488,65.37
blend,1790325668.54,-2.906,-7.327,65.50
blend,1790325669.00,-2.842,-7.186,65.61
blend,1790325669.52,-2.767,-7.019,65.63
blend,1790325670.04,-2.698,-6.868,65.72
blend,1790325670.50,-2.633,-6.724,65.74
blend,1790325671.02,-2.559,-6.559,65.74
blend,1790325671.54,-2.486,-6.396,65.79
blend,1790325672.00,-2.424,-6.258,65.87
blend,1790325672.52,-2.354,-6.101,65.91
blend,1790325673.04,-2.280,-5.935,65.95
blend,1790325673.50,-2.262,-5.896,65.84
blend,1790325674.02,-2.265,-5.902,65.82
blend,1790325674.54,-2.265,-5.904,65.84
blend,1790325675.00,-2.266,-5.905,65.83
blend,1790325675.52,-2.266,-5.905,65.83
blend,1790325676.04,-2.266,-5.904,65.84
blend,1790325676.50,-2.266,-5.905,65.81
blend,1790325677.02,-2.266,-5.904,65.97
blend,1790325677.54,-2.266,-5.906,67.80
blend,1790325678.00,-2.267,-5.907,67.82
blend,1790325678.52,-2.225,-5.804,67.99
blend,1790325679.00,-2.158,-5.636,68.18
blend,1790325679.51,-2.087,-5.458,68.29
blend,1790325680.02,-2.014,-5.274,68.38
blend,1790325680.54,-1.937,-5.078,68.48
blend,1790325681.01,-1.872,-4.912,68.64
blend,1790325681.53,-1.795,-4.714,68.70
blend,1790325682.05,-1.724,-4.531,68.83
blend,1790325682.51,-1.658,-4.361,68.89
blend,1790325683.03,-1.584,-4.169,68.96
blend,1790325683.55,-1.513,-3.984,69.05
blend,1790325684.01,-1.448,-3.813,69.12
blend,1790325684.53,-1.374,-3.621,69.22
blend,1790325685.05,-1.303,-3.432,69.23
blend,1790325685.51,-1.239,-3.263,69.31
blend,1790325686.03,-1.168,-3.074,69.46
blend,1790325686.55,-1.098,-2.884,69.61
blend,1790325687.02,-1.033,-2.711,69.70
blend,1790325687.53,-0.961,-2.513,69.80
blend,1790325688.05,-0.886,-2.309,69.92
blend,1790325688.52,-0.823,-2.136,69.95
blend,1790325689.03,-0.752,-1.942,70.05
blend,1790325689.50,-0.688,-1.765,70.15
blend,1790325690.02,-0.618,-1.571,70.22
blend,1790325690.54,-0.549,-1.379,70.27
blend,1790325691.00,-0.488,-1.207,70.32
blend,1790325691.52,-0.418,-1.013,70.43
blend,1790325692.04,-0.350,-0.820,70.55
blend,1790325692.50,-0.287,-0.641,70.60
blend,1790325693.02,-0.219,-0.448,70.70
blend,1790325693.54,-0.153,-0.258,70.73
blend,1790325694.01,-0.092,-0.085,70.80
blend,1790325694.52,-0.025,0.109,70.91
blend,1790325695.04,0.042,0.304,71.01
blend,1790325695.51,0.103,0.481,71.03
blend,1790325696.02,0.168,0.672,71.09
blend,1790325696.54,0.236,0.871,71.26
blend,1790325697.01,0.294,1.042,71.30
blend,1790325697.53,0.359,1.237,71.36
blend,1790325698.04,0.424,1.429,71.44
blend,1790325698.51,0.482,1.604,71.49
blend,1790325699.03,0.548,1.801,71.60
blend,1790325699.56,0.612,1.994,71.64
blend,1790325700.03,0.669,2.168,71.77
blend,1790325700.53,0.731,2.355,71.79
blend,1790325701.05,0.793,2.544,71.84
blend,1790325701.51,0.849,2.715,71.93
blend,1790325702.03,0.909,2.901,72.01
blend,1790325702.55,0.967,3.079,71.96
blend,1790325703.02,0.962,3.063,71.24
blend,1790325703.53,0.961,3.062,69.00
blend,1790325704.05,1.010,3.184,68.29
blend,1790325704.52,1.074,3.348,68.45
blend,1790325705.04,1.148,3.535,68.54
blend,1790325705.50,1.214,3.703,68.62
blend,1790325706.02,1.286,3.888,68.73
blend,1790325706.54,1.358,4.074,68.78
blend,1790325707.00,1.418,4.228,68.70
blend,1790325707.52,1.416,4.224,68.79
blend,1790325708.04,1.417,4.224,68.81
blend,1790325708.50,1.419,4.232,68.61
blend,1790325709.02,1.437,4.275,68.71
blend,1790325709.54,1.438,4.278,63.43
blend,1790325710.00,1.447,4.290,56.59
blend,1790325710.52,1.457,4.301,48.97
blend,1790325711.03,1.468,4.311,41.38
blend,1790325711.54,1.478,4.318,33.81
blend,1790325712.00,1.487,4.322,26.83
blend,1790325712.51,1.501,4.327,19.01
blend,1790325713.02,1.512,4.329,11.73
blend,1790325713.52,1.496,4.327,4.33
blend,1790325714.03,1.506,4.327,3.51
blend,1790325714.53,1.588,4.332,3.55
blend,1790325715.04,1.610,4.333,3.55
blend,1790325715.55,1.607,4.333,3.57
blend,1790325716.00,1.612,4.333,-2.13
blend,1790325716.51,1.625,4.330,-10.77
blend,1790325717.02,1.634,4.327,-13.73
blend,1790325717.54,1.634,4.326,-13.71
blend,1790325718.05,1.633,4.327,-13.70
blend,1790325718.51,1.632,4.327,-13.69
blend,1790325719.02,1.632,4.327,-13.66
blend,1790325719.54,1.634,4.326,-13.66
blend,1790325720.04,1.655,4.321,-14.42
blend,1790325720.51,1.782,4.289,-14.40
blend,1790325721.02,1.914,4.255,-14.35
blend,1790325721.53,2.048,4.221,-14.27
blend,1790325722.04,2.190,4.185,-14.25
blend,1790325722.50,2.318,4.152,-14.14
blend,1790325723.02,2.457,4.117,-14.11
blend,1790325723.53,2.586,4.085,-14.04
blend,1790325724.04,2.731,4.049,-14.01
blend,1790325724.50,2.859,4.017,-13.94
blend,1790325725.01,2.992,3.984,-13.86
blend,1790325725.52,3.114,3.954,-13.80
blend,1790325726.04,3.214,3.929,-13.87
blend,1790325726.55,3.207,3.931,-13.81
blend,1790325727.01,3.206,3.932,-13.82
blend,1790325727.52,3.203,3.932,-13.81
blend,1790325728.03,3.209,3.931,-13.82
blend,1790325728.55,3.250,3.920,-13.82
blend,1790325729.01,3.354,3.895,-13.74
blend,1790325729.52,3.466,3.867,-13.75
blend,1790325730.03,3.588,3.838,-13.70
blend,1790325730.54,3.703,3.810,-13.65
blend,1790325731.01,3.794,3.788,-13.61
blend,1790325731.52,3.912,3.759,-13.54
blend,1790325732.03,4.032,3.730,-13.48
blend,1790325732.54,4.148,3.703,-13.44
blend,1790325733.00,4.246,3.679,-13.46
blend,1790325733.58,4.261,3.675,-13.46
blend,1790325734.03,4.263,3.675,-13.48
blend,1790325734.56,4.253,3.677,-13.46
blend,1790325735.00,4.255,3.676,-13.47
blend,1790325735.51,4.257,3.676,-13.47
blend,1790325736.02,4.259,3.675,-13.49
blend,1790325736.54,4.259,3.675,-13.47
blend,1790325737.05,4.257,3.676,-13.49
blend,1790325737.51,4.260,3.675,-13.51
blend,1790325738.02,4.259,3.675,-13.50
blend,1790325738.53,4.263,3.674,-13.57
blend,1790325739.04,4.264,3.674,-13.54
blend,1790325739.51,4.264,3.674,-13.52
blend,1790325740.02,4.269,3.673,-13.54
blend,1790325740.53,4.273,3.672,-13.55
blend,1790325741.04,4.409,3.639,-13.49
blend,1790325741.50,4.488,3.620,-13.56
blend,1790325742.01,4.476,3.623,-16.73
blend,1790325742.53,4.484,3.620,-17.40
blend,1790325743.04,4.557,3.597,-17.43
blend,1790325743.50,4.708,3.549,-17.56
blend,1790325744.01,4.873,3.497,-17.51
blend,1790325744.53,5.035,3.446,-17.46
blend,1790325745.04,5.202,3.393,-17.33
blend,1790325745.50,5.349,3.348,-17.30
blend,1790325746.01,5.516,3.296,-17.26
blend,1790325746.52,5.690,3.241,-17.26
blend,1790325747.04,5.857,3.190,-17.22
blend,1790325747.55,6.022,3.139,-17.05
blend,1790325748.01,6.178,3.091,-17.04
blend,1790325748.52,6.337,3.043,-16.95
blend,1790325749.04,6.504,2.991,-16.91
blend,1790325749.50,6.659,2.944,-16.92
blend,1790325750.01,6.823,2.894,-16.87
blend,1790325750.52,6.991,2.844,-16.73
blend,1790325751.03,7.167,2.791,-16.73
blend,1790325751.55,7.357,2.734,-16.70
blend,1790325752.01,7.513,2.687,-16.58
blend,1790325752.52,7.694,2.633,-16.54
blend,1790325753.03,7.881,2.578,-16.36
blend,1790325753.55,8.061,2.526,-16.39
blend,1790325754.06,8.253,2.470,-16.23
blend,1790325754.52,8.409,2.425,-16.03
blend,1790325755.03,8.562,2.381,-15.98
blend,1790325755.53,8.722,2.335,-15.96
blend,1790325756.19,8.928,2.276,-16.01
blend,1790325756.52,9.039,2.244,-15.91
blend,1790325757.03,9.228,2.190,-15.86
blend,1790325757.54,9.418,2.137,-15.72
blend,1790325758.00,9.595,2.087,-15.66
blend,1790325758.52,9.781,2.035,-15.58
blend,1790325759.03,9.971,1.982,-15.48
blend,1790325759.54,10.162,1.930,-15.45
blend,1790325760.00,10.333,1.883,-15.27
blend,1790325760.51,10.526,1.830,-15.20
blend,1790325761.03,10.714,1.780,-15.13
blend,1790325761.54,10.909,1.727,-15.21
blend,1790325762.05,10.916,1.725,-15.26
blend,1790325762.51,10.918,1.724,-15.25
blend,1790325763.02,10.921,1.724,-16.52
blend,1790325763.54,10.925,1.721,-21.08
blend,1790325764.05,10.942,1.713,-25.77
blend,1790325764.51,10.949,1.708,-30.00
blend,1790325765.02,10.957,1.703,-34.76
blend,1790325765.54,10.969,1.692,-39.63
blend,1790325766.01,10.977,1.685,-43.92
blend,1790325766.52,10.987,1.674,-49.02
blend,1790325767.04,10.994,1.663,-54.15
blend,1790325767.51,11.002,1.649,-58.66
blend,1790325768.03,11.008,1.637,-63.84
blend,1790325768.55,11.011,1.626,-70.03
blend,1790325769.01,11.013,1.615,-76.30
blend,1790325769.52,11.017,1.591,-83.11
blend,1790325770.03,11.017,1.607,-90.17
blend,1790325770.55,11.018,1.605,-96.98
blend,1790325771.01,11.018,1.606,-103.22
blend,1790325771.53,11.018,1.606,-110.15
blend,1790325772.05,11.017,1.605,-115.85
blend,1790325772.52,11.018,1.606,-115.71
blend,1790325773.04,11.018,1.606,-115.70
blend,1790325773.50,11.017,1.604,-115.75
blend,1790325774.02,10.996,1.561,-115.83
blend,1790325774.54,10.960,1.485,-115.91
blend,1790325775.01,10.928,1.419,-115.91
blend,1790325775.53,10.920,1.404,-115.87
blend,1790325776.05,10.920,1.404,-121.24
blend,1790325776.51,10.920,1.404,-127.52
blend,1790325777.00,10.921,1.405,-134.04
blend,1790325777.54,10.921,1.405,-141.26
blend,1790325778.00,10.921,1.405,-147.50
blend,1790325778.51,10.909,1.398,-154.23
blend,1790325779.02,10.913,1.400,-161.26
blend,1790325779.53,10.893,1.396,-169.68
blend,1790325780.03,10.894,1.396,-177.61
blend,1790325780.54,10.887,1.397,-185.28
blend,1790325781.04,10.881,1.398,-193.18
blend,1790325781.50,10.882,1.398,-200.27
blend,1790325782.01,10.875,1.401,-202.50
blend,1790325782.52,10.876,1.401,-202.47
blend,1790325783.03,10.876,1.400,-202.48
blend,1790325783.54,10.876,1.400,-202.49
blend,1790325784.00,10.876,1.401,-202.47
blend,1790325784.51,10.875,1.401,-202.46
blend,1790325785.02,10.876,1.400,-202.48
blend,1790325785.53,10.874,1.401,-202.48
blend,1790325786.04,10.873,1.401,-202.47
blend,1790325786.58,10.874,1.401,-202.48
blend,1790325787.10,10.873,1.402,-202.49
blend,1790325787.62,10.873,1.402,-202.51
blend,1790325788.12,10.873,1.402,-202.52
blend,1790325788.64,10.872,1.402,-202.54
blend,1790325789.05,10.752,1.454,-204.06
blend,1790325789.51,10.616,1.515,-204.13
blend,1790325790.02,10.468,1.581,-204.10
blend,1790325790.53,10.319,1.648,-204.06
blend,1790325791.04,10.171,1.714,-203.93
blend,1790325791.55,10.026,1.778,-203.92
blend,1790325792.01,9.897,1.835,-203.82
blend,1790325792.52,9.749,1.901,-203.80
blend,1790325793.03,9.599,1.966,-203.71
blend,1790325793.54,9.454,2.030,-203.66
blend,1790325794.05,9.302,2.096,-203.64
blend,1790325794.51,9.258,2.116,-203.71
blend,1790325795.02,9.260,2.115,-203.74
blend,1790325795.53,9.262,2.114,-203.74
blend,1790325796.04,9.262,2.114,-203.73
blend,1790325796.55,9.259,2.115,-203.75
blend,1790325797.01,9.203,2.140,-203.72
blend,1790325797.52,9.102,2.184,-203.66
blend,1790325798.03,9.004,2.227,-203.68
blend,1790325798.54,8.928,2.261,-203.68
blend,1790325799.00,8.846,2.297,-203.65
blend,1790325799.51,8.763,2.333,-203.76
blend,1790325800.02,8.642,2.386,-203.81
blend,1790325800.53,8.536,2.433,-203.84
blend,1790325801.04,8.451,2.471,-203.91
blend,1790325801.50,8.368,2.507,-203.79
blend,1790325802.01,8.272,2.549,-203.79
blend,1790325802.52,8.179,2.591,-203.73
blend,1790325803.03,8.056,2.645,-203.71
blend,1790325803.54,7.951,2.690,-203.63
blend,1790325804.00,7.859,2.731,-203.64
blend,1790325804.51,7.763,2.773,-203.56
blend,1790325805.02,7.676,2.811,-203.57
blend,1790325805.53,7.602,2.843,-203.59
blend,1790325806.04,7.602,2.843,-203.55
blend,1790325806.50,7.605,2.842,-197.27
blend,1790325807.01,7.588,2.845,-196.69
blend,1790325807.52,7.423,2.895,-196.39
blend,1790325808.03,7.223,2.953,-196.31
blend,1790325808.54,7.032,3.009,-196.15
blend,1790325809.00,6.861,3.058,-196.00
blend,1790325809.51,6.672,3.112,-195.93
blend,1790325810.02,6.478,3.167,-195.86
blend,1790325810.54,6.291,3.220,-195.83
blend,1790325811.05,6.105,3.272,-195.65
blend,1790325811.50,5.931,3.321,-195.58
blend,1790325812.02,5.737,3.375,-195.56
blend,1790325812.53,5.534,3.431,-195.48
blend,1790325813.04,5.502,3.440,-195.51
blend,1790325813.55,5.502,3.440,-195.48
blend,1790325814.01,5.500,3.440,-195.49
blend,1790325814.52,5.502,3.440,-195.51
blend,1790325815.03,5.501,3.440,-195.47
blend,1790325815.54,5.383,3.473,-195.47
blend,1790325816.00,5.236,3.513,-195.46
blend,1790325816.51,5.074,3.558,-195.41
blend,1790325817.02,4.917,3.601,-195.26
blend,1790325817.53,4.824,3.626,-195.27
blend,1790325818.04,4.831,3.624,-195.19
blend,1790325818.55,4.830,3.624,-195.19
blend,1790325819.01,4.830,3.624,-195.19
blend,1790325819.58,4.825,3.626,-195.22
blend,1790325820.03,4.774,3.640,-195.18
blend,1790325820.53,4.636,3.677,-195.14
blend,1790325821.06,4.490,3.716,-195.02
blend,1790325821.56,4.343,3.755,-195.04
blend,1790325822.02,4.211,3.791,-194.90
blend,1790325822.53,4.160,3.804,-194.89
blend,1790325823.05,4.157,3.805,-195.60
blend,1790325823.51,4.153,3.808,-202.34
blend,1790325824.02,4.107,3.827,-202.73
blend,1790325824.53,3.949,3.893,-202.71
blend,1790325825.04,3.817,3.948,-202.69
blend,1790325825.55,3.685,4.003,-202.62
blend,1790325826.01,3.565,4.053,-202.59
blend,1790325826.52,3.433,4.108,-202.54
blend,1790325827.03,3.299,4.163,-202.45
blend,1790325827.54,3.171,4.216,-202.39
blend,1790325828.05,3.019,4.278,-202.31
blend,1790325828.51,2.876,4.337,-202.31
blend,1790325829.02,2.722,4.399,-202.16
blend,1790325829.53,2.575,4.459,-202.10
blend,1790325830.04,2.418,4.523,-202.03
blend,1790325830.55,2.263,4.585,-201.91
blend,1790325831.01,2.141,4.634,-202.02
blend,1790325831.52,2.147,4.632,-201.93
blend,1790325832.03,2.147,4.631,-201.93
blend,1790325832.54,2.139,4.635,-202.09
blend,1790325833.05,2.088,4.656,-202.04
blend,1790325833.51,2.087,4.655,-190.27
blend,1790325834.12,2.105,4.658,-185.22
blend,1790325834.52,2.114,4.661,-169.78
blend,1790325835.08,2.133,4.673,-147.75
blend,1790325835.54,2.137,4.675,-135.56
blend,1790325836.00,2.133,4.673,-131.51
blend,1790325836.52,2.135,4.676,-124.99
blend,1790325837.04,2.134,4.674,-124.78
blend,1790325837.51,2.034,4.532,-124.66
blend,1790325838.02,1.972,4.440,-124.70
blend,1790325838.54,1.975,4.444,-124.69
blend,1790325839.01,1.975,4.445,-124.68
blend,1790325839.53,1.975,4.444,-124.69
blend,1790325840.05,1.975,4.444,-124.69
blend,1790325840.51,1.973,4.442,-124.69
blend,1790325841.03,1.973,4.442,-124.69
blend,1790325841.55,1.974,4.443,-124.70
blend,1790325842.01,1.974,4.443,-124.69
blend,1790325842.53,1.974,4.443,-124.68
blend,1790325843.05,1.974,4.443,-124.69
blend,1790325843.51,1.976,4.446,-124.70
blend,1790325844.03,1.976,4.446,-124.69
blend,1790325844.55,1.977,4.447,-124.72
blend,1790325845.01,1.975,4.445,-124.69
blend,1790325845.53,1.976,4.447,-124.70
blend,1790325846.05,1.976,4.446,-124.71
blend,1790325846.51,1.976,4.446,-124.66
blend,1790325847.03,1.977,4.447,-124.69
blend,1790325847.55,1.977,4.448,-124.70
blend,1790325848.01,1.978,4.449,-124.69
blend,1790325848.53,1.979,4.450,-124.70
blend,1790325849.05,1.978,4.449,-124.70
blend,1790325849.51,1.972,4.441,-124.69
blend,1790325850.03,1.895,4.328,-124.58
blend,1790325850.55,1.808,4.202,-124.51
blend,1790325851.02,1.745,4.110,-124.46
blend,1790325851.54,1.675,4.008,-124.43
blend,1790325852.00,1.600,3.899,-123.71
blend,1790325852.52,1.579,3.856,-107.31
blend,1790325853.04,1.580,3.855,-98.81
blend,1790325853.51,1.576,3.836,-98.60
blend,1790325854.03,1.561,3.738,-98.53
blend,1790325854.55,1.543,3.612,-98.25
blend,1790325855.01,1.525,3.491,-98.19
blend,1790325855.53,1.514,3.408,-98.11
blend,1790325856.05,1.514,3.411,-98.15
blend,1790325856.51,1.514,3.410,-98.14
blend,1790325857.03,1.514,3.413,-98.13
blend,1790325857.50,1.514,3.411,-103.82
blend,1790325858.02,1.516,3.416,-109.88
blend,1790325858.54,1.517,3.418,-110.76
blend,1790325859.00,1.518,3.419,-113.17
blend,1790325859.52,1.517,3.419,-113.48
blend,1790325860.04,1.516,3.415,-113.73
blend,1790325860.51,1.507,3.395,-114.33
blend,1790325861.03,1.420,3.202,-114.32
blend,1790325861.55,1.337,3.019,-114.28
blend,1790325862.01,1.260,2.849,-114.28
blend,1790325862.53,1.174,2.658,-114.18
blend,1790325863.05,1.089,2.468,-114.08
blend,1790325863.52,1.013,2.297,-114.05
blend,1790325864.04,0.928,2.106,-113.99
blend,1790325864.51,0.853,1.939,-113.94
blend,1790325865.02,0.771,1.753,-113.85
blend,1790325865.54,0.688,1.564,-113.86
blend,1790325866.09,0.596,1.358,-113.76
blend,1790325866.53,0.528,1.201,-113.63
blend,1790325867.05,0.444,1.009,-113.61
blend,1790325867.52,0.371,0.841,-113.52
blend,1790325868.04,0.288,0.650,-113.43
blend,1790325868.50,0.213,0.478,-113.38
blend,1790325869.06,0.125,0.273,-113.35
blend,1790325869.70,0.030,0.051,-113.21
blend,1790325870.01,-0.019,-0.062,-113.20
blend,1790325870.53,-0.096,-0.244,-113.07
blend,1790325871.05,-0.179,-0.438,-112.98
blend,1790325871.52,-0.249,-0.604,-112.86
blend,1790325872.03,-0.326,-0.788,-112.73
blend,1790325872.50,-0.398,-0.960,-112.67
blend,1790325873.02,-0.476,-1.147,-112.62
blend,1790325873.54,-0.552,-1.331,-112.51
blend,1790325874.01,-0.626,-1.508,-112.53
blend,1790325874.58,-0.712,-1.718,-112.49
blend,1790325875.04,-0.784,-1.890,-112.43
blend,1790325875.51,-0.854,-2.058,-112.40
blend,1790325876.03,-0.931,-2.249,-112.24
blend,1790325876.55,-1.004,-2.428,-112.18
blend,1790325877.02,-1.072,-2.597,-112.08
blend,1790325877.54,-1.147,-2.781,-112.06
blend,1790325878.00,-1.214,-2.947,-111.98
blend,1790325878.52,-1.292,-3.140,-111.89
blend,1790325879.04,-1.369,-3.333,-111.85
blend,1790325879.51,-1.438,-3.506,-111.73
blend,1790325880.03,-1.516,-3.702,-111.69
blend,1790325880.55,-1.589,-3.886,-111.60
blend,1790325881.01,-1.659,-4.063,-111.62
blend,1790325881.53,-1.733,-4.252,-111.45
blend,1790325882.00,-1.802,-4.428,-111.39
blend,1790325882.52,-1.878,-4.621,-111.37
blend,1790325883.04,-1.954,-4.817,-111.21
blend,1790325883.51,-2.020,-4.987,-111.15
blend,1790325884.03,-2.090,-5.170,-111.01
blend,1790325884.55,-2.161,-5.356,-110.85
blend,1790325885.01,-2.227,-5.531,-110.77
blend,1790325885.53,-2.301,-5.724,-110.77
blend,1790325886.05,-2.372,-5.913,-110.67
blend,1790325886.52,-2.435,-6.081,-110.59
blend,1790325887.04,-2.440,-6.092,-110.72
blend,1790325887.50,-2.441,-6.095,-110.71
blend,1790325888.02,-2.440,-6.093,-110.73
blend,1790325888.54,-2.440,-6.093,-110.75
blend,1790325889.01,-2.440,-6.093,-110.75
blend,1790325889.53,-2.437,-6.088,-116.50
blend,1790325890.05,-2.445,-6.103,-117.29
blend,1790325890.51,-2.530,-6.272,-116.83
blend,1790325891.03,-2.620,-6.451,-116.79
blend,1790325891.50,-2.701,-6.612,-116.71
blend,1790325892.02,-2.791,-6.790,-116.65
blend,1790325892.54,-2.881,-6.969,-116.60
blend,1790325893.00,-2.961,-7.131,-116.55
blend,1790325893.52,-3.054,-7.317,-116.46
blend,1790325894.04,-3.146,-7.502,-116.37
blend,1790325894.51,-3.230,-7.672,-116.22
blend,1790325895.03,-3.321,-7.857,-116.17
blend,1790325895.55,-3.411,-8.042,-116.10
blend,1790325896.01,-3.487,-8.196,-116.12
blend,1790325896.53,-3.567,-8.358,-116.24
blend,1790325897.05,-3.566,-8.357,-116.13
blend,1790325897.52,-3.563,-8.351,-116.15
blend,1790325898.04,-3.564,-8.352,-116.18
blend,1790325898.50,-3.591,-8.408,-116.27
blend,1790325899.02,-3.667,-8.560,-116.17
blend,1790325899.54,-3.703,-8.634,-116.26
blend,1790325900.01,-3.705,-8.638,-116.25
blend,1790325900.53,-3.708,-8.644,-116.24
blend,1790325901.05,-3.772,-8.775,-116.33
blend,1790325901.51,-3.773,-8.777,-116.41
blend,1790325902.03,-3.773,-8.776,-116.40
blend,1790325902.55,-3.775,-8.779,-116.38
blend,1790325903.02,-3.775,-8.780,-116.35
blend,1790325903.54,-3.774,-8.779,-116.34
blend,1790325904.00,-3.775,-8.780,-116.34
blend,1790325904.52,-3.778,-8.787,-114.33
blend,1790325905.04,-3.776,-8.776,-96.03
blend,1790325905.55,-3.773,-8.788,-83.47
blend,1790325906.02,-3.773,-8.791,-83.35
blend,1790325906.53,-3.772,-8.796,-76.87
blend,1790325907.14,-3.769,-8.800,-67.58
blend,1790325907.55,-3.771,-8.797,-67.79
blend,1790325908.01,-3.770,-8.799,-67.82
blend,1790325908.53,-3.770,-8.799,-67.84
blend,1790325909.06,-3.770,-8.798,-67.84
blend,1790325909.55,-3.771,-8.796,-65.62
blend,1790325910.01,-3.771,-8.795,-54.40
blend,1790325910.53,-3.759,-8.804,-43.47
blend,1790325911.00,-3.757,-8.806,-43.93
blend,1790325911.52,-3.755,-8.808,-43.95
blend,1790325912.04,-3.756,-8.807,-43.94
blend,1790325912.50,-3.754,-8.807,-36.76
blend,1790325913.02,-3.744,-8.812,-29.56
blend,1790325913.53,-3.743,-8.813,-29.56
blend,1790325914.04,-3.744,-8.812,-29.57
blend,1790325914.50,-3.745,-8.812,-29.56
blend,1790325915.01,-3.744,-8.813,-29.56
blend,1790325915.52,-3.745,-8.812,-22.88
blend,1790325916.04,-3.738,-8.814,-21.73
blend,1790325916.55,-3.738,-8.814,-21.76
blend,1790325917.01,-3.738,-8.814,-21.78
blend,1790325917.52,-3.736,-8.815,-21.46
blend,1790325918.03,-3.737,-8.814,-15.55
blend,1790325918.55,-3.737,-8.814,-6.91
blend,1790325919.01,-3.738,-8.814,-7.03
blend,1790325919.57,-3.738,-8.814,-6.99
blend,1790325920.03,-3.739,-8.814,1.42
blend,1790325920.53,-3.729,-8.811,13.17
blend,1790325921.04,-3.744,-8.813,13.08
blend,1790325921.54,-3.744,-8.813,13.06
blend,1790325922.05,-3.745,-8.813,13.06
blend,1790325922.51,-3.739,-8.810,20.83
blend,1790325923.01,-3.738,-8.810,23.14
blend,1790325923.52,-3.734,-8.808,23.15
blend,1790325924.02,-3.734,-8.808,23.20
blend,1790325924.53,-3.736,-8.809,23.12
blend,1790325925.03,-3.736,-8.809,24.87
blend,1790325925.55,-3.738,-8.810,34.82
blend,1790325926.01,-3.742,-8.814,44.57
blend,1790325926.52,-3.733,-8.802,54.94
blend,1790325927.04,-3.729,-8.793,57.80
blend,1790325927.51,-3.728,-8.792,59.93
blend,1790325928.03,-3.725,-8.786,62.64
blend,1790325928.54,-3.724,-8.785,62.86
blend,1790325929.01,-3.724,-8.784,62.78
blend,1790325929.52,-3.723,-8.783,62.76
blend,1790325930.04,-3.722,-8.781,62.76
blend,1790325930.51,-3.722,-8.781,62.75
blend,1790325931.02,-3.724,-8.783,62.73
blend,1790325931.54,-3.723,-8.782,62.82
blend,1790325932.00,-3.703,-8.742,62.90
blend,1790325932.52,-3.629,-8.599,63.02
blend,1790325933.04,-3.553,-8.448,63.08
blend,1790325933.51,-3.482,-8.308,63.19
blend,1790325934.03,-3.405,-8.154,63.37
blend,1790325934.54,-3.332,-8.008,63.43
blend,1790325935.01,-3.264,-7.871,63.50
blend,1790325935.53,-3.186,-7.715,63.59
blend,1790325936.04,-3.109,-7.559,63.62
blend,1790325936.51,-3.042,-7.423,63.70
blend,1790325937.03,-2.965,-7.267,63.74
blend,1790325937.54,-2.888,-7.112,63.74
blend,1790325938.01,-2.819,-6.972,63.82
blend,1790325938.53,-2.740,-6.810,63.92
blend,1790325939.15,-2.650,-6.624,63.97
blend,1790325939.51,-2.597,-6.516,64.04
blend,1790325940.03,-2.522,-6.360,64.09
blend,1790325940.55,-2.447,-6.206,64.26
blend,1790325941.01,-2.380,-6.066,64.33
blend,1790325941.53,-2.308,-5.917,64.49
blend,1790325942.05,-2.235,-5.762,64.60
blend,1790325942.51,-2.171,-5.627,64.71
blend,1790325943.03,-2.093,-5.462,64.82
blend,1790325943.55,-2.018,-5.302,64.94
blend,1790325944.01,-1.952,-5.161,64.97
blend,1790325944.53,-1.876,-4.996,65.07
blend,1790325945.05,-1.799,-4.832,65.15
blend,1790325945.51,-1.734,-4.690,65.21
blend,1790325946.03,-1.659,-4.527,65.23
blend,1790325946.55,-1.584,-4.365,65.30
blend,1790325947.02,-1.519,-4.222,65.34
blend,1790325947.53,-1.444,-4.059,65.43
blend,1790325948.00,-1.377,-3.910,65.46
blend,1790325948.52,-1.304,-3.750,65.50
blend,1790325949.04,-1.233,-3.594,65.62
blend,1790325949.50,-1.167,-3.449,65.66
blend,1790325950.02,-1.096,-3.291,65.75
blend,1790325950.54,-1.024,-3.131,65.82
blend,1790325951.00,-0.957,-2.981,65.88
blend,1790325951.52,-0.884,-2.818,66.03
blend,1790325952.04,-0.814,-2.660,66.13
blend,1790325952.51,-0.745,-2.504,66.22
blend,1790325953.02,-0.673,-2.339,66.28
blend,1790325953.54,-0.602,-2.178,66.36
blend,1790325954.01,-0.538,-2.031,66.34
blend,1790325954.53,-0.467,-1.868,66.43
blend,1790325955.04,-0.393,-1.701,66.50
blend,1790325955.51,-0.328,-1.550,66.60
blend,1790325956.03,-0.256,-1.384,66.65
blend,1790325956.54,-0.184,-1.216,66.69
blend,1790325957.01,-0.119,-1.065,66.80
blend,1790325957.53,-0.045,-0.893,66.79
blend,1790325958.05,0.027,-0.723,66.99
blend,1790325958.51,0.093,-0.567,67.00
blend,1790325959.03,0.165,-0.397,67.15
blend,1790325959.55,0.238,-0.224,67.23
blend,1790325960.01,0.303,-0.067,67.37
blend,1790325960.53,0.377,0.109,67.40
blend,1790325961.05,0.449,0.282,67.57
blend,1790325961.51,0.514,0.441,67.60
blend,1790325962.03,0.589,0.624,67.68
blend,1790325962.55,0.663,0.804,67.74
blend,1790325963.02,0.733,0.976,67.86
blend,1790325963.53,0.812,1.168,67.92
blend,1790325964.05,0.887,1.355,67.94
blend,1790325964.52,0.958,1.530,68.06
blend,1790325965.04,1.033,1.717,68.21
blend,1790325965.50,1.103,1.893,68.26
blend,1790325966.02,1.179,2.084,68.35
blend,1790325966.54,1.253,2.272,68.40
blend,1790325967.00,1.320,2.440,68.45
blend,1790325967.52,1.392,2.623,68.54
blend,1790325968.04,1.466,2.812,68.62
blend,1790325968.51,1.534,2.987,68.70
blend,1790325969.02,1.609,3.179,68.74
blend,1790325969.54,1.682,3.368,68.86
blend,1790325970.01,1.752,3.551,69.00
blend,1790325970.52,1.822,3.732,69.03
blend,1790325971.15,1.913,3.972,69.07
blend,1790325971.56,1.970,4.121,69.14
blend,1790325972.09,1.987,4.167,69.14
blend,1790325972.55,1.987,4.167,69.15
blend,1790325973.06,2.019,4.249,69.15
blend,1790325973.70,2.066,4.374,69.19
blend,1790325974.22,2.106,4.478,69.23
blend,1790325974.72,2.144,4.578,69.27
blend,1790325975.24,2.184,4.683,69.31
blend,1790325975.74,2.222,4.783,69.35
blend,1790325976.26,2.261,4.888,69.39
blend,1790325976.76,2.299,4.989,69.43
blend,1790325977.04,2.264,4.631,35.28
blend,1790325977.50,2.237,4.610,27.39
blend,1790325978.02,2.221,4.604,18.02
blend,1790325978.52,2.212,4.604,10.24
blend,1790325979.03,2.205,4.602,10.51
blend,1790325979.54,2.204,4.602,10.53
blend,1790325980.04,2.206,4.602,10.50
blend,1790325980.55,2.203,4.602,3.25
blend,1790325981.00,2.191,4.604,-5.08
blend,1790325981.51,2.188,4.605,-8.23
blend,1790325982.01,2.186,4.605,-8.16
blend,1790325982.52,2.185,4.605,-8.14
blend,1790325983.03,2.185,4.606,-8.13
blend,1790325983.53,2.183,4.606,-11.77
blend,1790325984.04,2.181,4.607,-22.34
blend,1790325984.50,2.182,4.607,-32.33
blend,1790325985.01,2.184,4.605,-37.57
blend,1790325985.53,2.185,4.605,-37.48
blend,1790325986.04,2.182,4.606,-37.44
blend,1790325986.50,2.182,4.607,-37.46
blend,1790325987.01,2.183,4.606,-37.45
blend,1790325987.53,2.188,4.602,-37.69
blend,1790325988.04,2.265,4.542,-37.87
blend,1790325988.59,2.378,4.455,-37.90
blend,1790325989.01,2.463,4.388,-37.84
blend,1790325989.52,2.564,4.310,-37.87
blend,1790325990.04,2.670,4.228,-37.83
blend,1790325990.55,2.778,4.144,-37.74
blend,1790325991.01,2.875,4.070,-37.70
blend,1790325991.52,2.987,3.983,-37.62
blend,1790325992.03,3.094,3.900,-37.62
blend,1790325992.55,3.202,3.817,-37.53
blend,1790325993.01,3.296,3.745,-37.52
blend,1790325993.52,3.405,3.661,-37.49
blend,1790325994.03,3.520,3.574,-37.38
blend,1790325994.55,3.623,3.496,-37.31
blend,1790325995.01,3.725,3.417,-37.30
blend,1790325995.52,3.841,3.329,-37.31
blend,1790325996.03,3.954,3.243,-37.26
blend,1790325996.54,4.069,3.156,-37.18
blend,1790325997.00,4.164,3.084,-37.17
blend,1790325997.52,4.276,2.999,-37.10
blend,1790325998.03,4.384,2.918,-37.05
blend,1790325998.54,4.481,2.845,-37.04
blend,1790325999.00,4.585,2.766,-36.96
blend,1790325999.52,4.695,2.684,-36.99
blend,1790326000.03,4.803,2.602,-36.94
blend,1790326000.54,4.907,2.524,-36.79
blend,1790326001.00,5.002,2.454,-36.83
blend,1790326001.51,5.106,2.375,-36.79
blend,1790326002.03,5.216,2.294,-36.71
blend,1790326002.54,5.323,2.214,-36.66
blend,1790326003.05,5.428,2.136,-36.65
blend,1790326003.51,5.442,2.125,-36.57
blend,1790326004.08,5.443,2.125,-36.58
blend,1790326004.54,5.444,2.124,-36.59
blend,1790326005.10,5.441,2.126,-31.71
blend,1790326005.51,5.442,2.125,-31.65
blend,1790326006.06,5.446,2.123,-31.42
blend,1790326006.53,5.503,2.087,-31.48
blend,1790326007.05,5.586,2.036,-31.55
blend,1790326007.51,5.655,1.995,-31.47
blend,1790326008.02,5.742,1.941,-31.43
blend,1790326008.53,5.820,1.894,-31.34
blend,1790326009.04,5.909,1.840,-31.29
blend,1790326009.51,5.986,1.793,-31.23
blend,1790326010.02,6.073,1.740,-31.18
blend,1790326010.53,6.166,1.684,-31.15
blend,1790326011.04,6.260,1.627,-31.08
blend,1790326011.50,6.344,1.576,-31.06
blend,1790326012.02,6.439,1.519,-31.02
blend,1790326012.53,6.533,1.463,-30.95
blend,1790326013.04,6.626,1.407,-30.90
blend,1790326013.50,6.714,1.355,-30.88
blend,1790326014.01,6.810,1.297,-30.84
blend,1790326014.53,6.906,1.241,-30.79
blend,1790326015.04,7.003,1.182,-30.77
blend,1790326015.55,7.097,1.126,-30.76
blend,1790326016.01,7.184,1.075,-30.69
blend,1790326016.52,7.278,1.019,-30.70
blend,1790326017.04,7.371,0.963,-30.67
blend,1790326017.55,7.470,0.905,-30.58
blend,1790326018.01,7.554,0.856,-30.54
blend,1790326018.52,7.651,0.799,-30.49
blend,1790326019.03,7.734,0.750,-30.43
blend,1790326019.55,7.837,0.690,-30.40
blend,1790326020.01,7.916,0.643,-30.35
blend,1790326020.52,8.022,0.581,-30.33
blend,1790326021.03,8.115,0.527,-30.33
blend,1790326021.54,8.211,0.471,-30.32
blend,1790326022.01,8.299,0.419,-30.29
blend,1790326022.52,8.390,0.367,-30.24
blend,1790326023.03,8.480,0.314,-30.26
blend,1790326023.54,8.572,0.260,-30.15
blend,1790326024.00,8.664,0.207,-30.12
blend,1790326024.52,8.759,0.151,-30.14
blend,1790326025.03,8.855,0.096,-30.08
blend,1790326025.54,8.950,0.041,-30.06
blend,1790326026.00,9.035,-0.008,-29.99
blend,1790326026.51,9.129,-0.062,-29.89
blend,1790326027.03,9.225,-0.117,-29.82
blend,1790326027.54,9.326,-0.175,-29.83
blend,1790326028.00,9.415,-0.226,-29.77
blend,1790326028.51,9.488,-0.268,-29.69
blend,1790326029.02,9.475,-0.260,-29.68
blend,1790326029.54,9.475,-0.260,-31.29
blend,1790326030.05,9.473,-0.259,-32.25
blend,1790326030.51,9.474,-0.260,-33.87
blend,1790326031.02,9.501,-0.279,-34.13
blend,1790326031.54,9.617,-0.357,-34.16
blend,1790326032.05,9.721,-0.428,-34.10
blend,1790326032.51,9.806,-0.485,-34.06
blend,1790326033.02,9.902,-0.550,-34.04
blend,1790326033.53,10.000,-0.616,-34.01
blend,1790326034.05,10.098,-0.682,-33.98
blend,1790326034.51,10.183,-0.739,-33.99
blend,1790326035.02,10.175,-0.734,-33.94
blend,1790326035.53,10.177,-0.735,-34.02
blend,1790326036.04,10.271,-0.799,-34.09
blend,1790326036.51,10.353,-0.854,-34.10
blend,1790326037.02,10.357,-0.857,-34.04
blend,1790326037.53,10.356,-0.856,-34.09
blend,1790326038.04,10.357,-0.857,-34.10
blend,1790326038.58,10.357,-0.857,-34.06
blend,1790326039.01,10.357,-0.857,-34.05
blend,1790326039.53,10.357,-0.857,-34.20
blend,1790326040.04,10.361,-0.861,-44.44
blend,1790326040.51,10.362,-0.863,-55.00
blend,1790326041.02,10.362,-0.865,-65.98
blend,1790326041.54,10.363,-0.866,-65.83
blend,1790326042.01,10.359,-0.859,-65.86
blend,1790326042.53,10.360,-0.861,-65.85
blend,1790326043.05,10.360,-0.860,-66.40
blend,1790326043.51,10.362,-0.866,-76.18
blend,1790326044.03,10.362,-0.872,-88.62
blend,1790326044.54,10.363,-0.884,-93.27
blend,1790326045.00,10.363,-0.898,-93.08
blend,1790326045.72,10.362,-0.911,-92.64
blend,1790326046.03,10.362,-0.914,-92.56
blend,1790326046.54,10.362,-0.924,-96.33
blend,1790326047.00,10.360,-0.927,-106.12
blend,1790326047.52,10.360,-0.927,-112.30
blend,1790326048.04,10.360,-0.927,-112.32
blend,1790326048.51,10.360,-0.927,-112.31
blend,1790326049.02,10.360,-0.927,-112.29
blend,1790326049.54,10.360,-0.927,-112.29
blend,1790326050.01,10.360,-0.927,-112.28
blend,1790326050.53,10.360,-0.927,-112.39
blend,1790326051.05,10.361,-0.925,-121.29
blend,1790326051.52,10.360,-0.927,-124.20
blend,1790326052.03,10.360,-0.927,-124.18
blend,1790326052.50,10.360,-0.927,-124.19
blend,1790326053.02,10.360,-0.927,-124.19
blend,1790326053.54,10.360,-0.927,-124.20
blend,1790326054.01,10.360,-0.927,-124.21
blend,1790326054.52,10.360,-0.927,-124.22
blend,1790326055.04,10.360,-0.927,-124.22
blend,1790326055.51,10.360,-0.927,-124.22
blend,1790326056.03,10.360,-0.927,-124.23
blend,1790326056.55,10.360,-0.927,-124.23
blend,1790326057.01,10.360,-0.927,-124.23
blend,1790326057.53,10.360,-0.927,-124.23
blend,1790326058.05,10.360,-0.927,-124.23
blend,1790326058.52,10.360,-0.927,-124.24
blend,1790326059.03,10.360,-0.927,-124.23
blend,1790326059.50,10.360,-0.927,-124.23
blend,1790326060.02,10.360,-0.927,-124.23
blend,1790326060.54,10.360,-0.927,-124.23
blend,1790326061.01,10.360,-0.927,-124.22
blend,1790326061.52,10.360,-0.927,-124.23
blend,1790326062.04,10.360,-0.927,-124.23
blend,1790326062.51,10.360,-0.927,-124.22
blend,1790326063.03,10.360,-0.927,-124.34
blend,1790326063.55,10.359,-0.928,-126.16
blend,1790326064.01,10.359,-0.928,-126.15
blend,1790326064.53,10.359,-0.928,-126.16
blend,1790326065.05,10.359,-0.928,-126.16
blend,1790326065.52,10.359,-0.928,-126.16
blend,1790326066.04,10.359,-0.928,-126.15
blend,1790326066.50,10.359,-0.928,-126.12
blend,1790326067.02,10.359,-0.928,-126.12
blend,1790326067.54,10.359,-0.928,-126.10
blend,1790326068.01,10.359,-0.928,-126.09
blend,1790326068.53,10.359,-0.928,-126.10
blend,1790326069.10,10.359,-0.928,-126.11
blend,1790326069.51,10.359,-0.928,-126.11
blend,1790326070.03,10.359,-0.928,-126.11
blend,1790326070.55,10.359,-0.928,-126.11
blend,1790326071.12,10.359,-0.928,-126.11
blend,1790326071.59,10.359,-0.928,-126.12
blend,1790326072.00,10.359,-0.928,-126.12
blend,1790326072.52,10.359,-0.928,-126.28
blend,1790326073.00,10.359,-0.928,-130.12
blend,1790326073.50,10.360,-0.928,-135.55
blend,1790326074.02,10.360,-0.927,-145.51
blend,1790326074.53,10.359,-0.928,-144.89
blend,1790326075.04,10.359,-0.928,-144.88
blend,1790326075.51,10.359,-0.928,-145.98
blend,1790326076.02,10.359,-0.928,-153.27
blend,1790326076.53,10.358,-0.928,-160.01
blend,1790326077.04,10.358,-0.929,-160.00
blend,1790326077.50,10.359,-0.928,-160.19
blend,1790326078.01,10.359,-0.928,-172.51
blend,1790326078.52,10.363,-0.928,-173.57
blend,1790326079.02,10.365,-0.927,-173.58
blend,1790326079.53,10.366,-0.926,-176.77
blend,1790326080.03,10.364,-0.926,-183.90
blend,1790326080.54,10.372,-0.927,-183.40
blend,1790326081.04,10.372,-0.927,-183.42
blend,1790326081.54,10.373,-0.928,-197.84
blend,1790326082.00,10.370,-0.926,-199.22
blend,1790326082.51,10.368,-0.926,-199.19
blend,1790326083.02,10.367,-0.924,-205.40
blend,1790326083.53,10.364,-0.923,-206.36
blend,1790326084.04,10.364,-0.923,-206.34
blend,1790326084.50,10.365,-0.923,-206.61
blend,1790326085.01,10.362,-0.922,-209.64
blend,1790326085.52,10.360,-0.921,-209.59
blend,1790326086.03,10.360,-0.921,-209.59
blend,1790326086.54,10.361,-0.922,-209.56
blend,1790326087.00,10.362,-0.922,-209.57
blend,1790326087.51,10.356,-0.919,-209.74
blend,1790326088.02,10.251,-0.859,-209.74
blend,1790326088.53,10.117,-0.782,-209.78
blend,1790326089.04,9.977,-0.702,-209.71
blend,1790326089.50,9.939,-0.681,-209.76
blend,1790326090.01,9.937,-0.680,-209.78
blend,1790326090.52,9.935,-0.678,-212.52
blend,1790326091.03,9.936,-0.679,-212.04
blend,1790326091.54,9.937,-0.680,-212.04
blend,1790326092.00,9.937,-0.680,-212.03
blend,1790326092.51,9.938,-0.680,-217.77
blend,1790326093.02,9.937,-0.679,-218.78
blend,1790326093.53,9.936,-0.678,-218.79
blend,1790326094.04,9.936,-0.678,-218.79
blend,1790326094.50,9.935,-0.678,-218.76
blend,1790326095.01,9.935,-0.678,-218.76
blend,1790326095.52,9.936,-0.678,-218.77
blend,1790326096.03,9.936,-0.678,-218.75
blend,1790326096.54,9.834,-0.595,-219.18
blend,1790326097.00,9.699,-0.485,-219.21
blend,1790326097.51,9.544,-0.359,-219.11
blend,1790326098.02,9.405,-0.246,-219.25
blend,1790326098.53,9.403,-0.244,-219.18
blend,1790326099.04,9.403,-0.244,-219.17
blend,1790326099.50,9.410,-0.249,-216.45
blend,1790326100.01,9.411,-0.250,-217.04
blend,1790326100.52,9.334,-0.192,-216.85
blend,1790326101.03,9.221,-0.108,-216.79
blend,1790326101.54,9.129,-0.039,-216.67
blend,1790326102.00,9.045,0.023,-216.52
blend,1790326102.51,8.946,0.096,-216.48
blend,1790326103.02,8.857,0.162,-216.44
blend,1790326103.53,8.764,0.231,-216.40
blend,1790326104.10,8.669,0.301,-216.33
blend,1790326104.50,8.597,0.354,-216.25
blend,1790326105.01,8.500,0.425,-216.24
blend,1790326105.53,8.401,0.497,-216.18
blend,1790326106.04,8.303,0.568,-216.12
blend,1790326106.55,8.207,0.639,-216.04
blend,1790326107.00,8.118,0.704,-215.95
blend,1790326107.52,7.997,0.791,-215.91
blend,1790326108.03,7.882,0.874,-215.78
blend,1790326108.54,7.760,0.962,-215.67
blend,1790326109.05,7.641,1.048,-215.65
blend,1790326109.51,7.524,1.131,-215.54
blend,1790326110.02,7.396,1.223,-215.47
blend,1790326110.53,7.266,1.315,-215.47
blend,1790326111.04,7.132,1.410,-215.29
blend,1790326111.55,6.990,1.510,-215.13
blend,1790326112.01,6.861,1.601,-215.08
blend,1790326112.52,6.723,1.698,-215.08
blend,1790326113.03,6.583,1.796,-214.99
blend,1790326113.54,6.443,1.894,-214.85
blend,1790326114.05,6.302,1.992,-214.77
blend,1790326114.51,6.177,2.078,-214.73
blend,1790326115.02,6.029,2.180,-214.67
blend,1790326115.53,5.887,2.278,-214.58
blend,1790326116.04,5.750,2.373,-214.49
blend,1790326116.55,5.614,2.466,-214.35
blend,1790326117.01,5.491,2.550,-214.31
blend,1790326117.52,5.346,2.649,-214.33
blend,1790326118.03,5.206,2.744,-214.26
blend,1790326118.54,5.068,2.838,-214.18
blend,1790326119.00,4.939,2.925,-214.07
blend,1790326119.51,4.801,3.019,-213.94
blend,1790326120.02,4.664,3.111,-213.93
blend,1790326120.53,4.529,3.201,-213.89
blend,1790326121.04,4.390,3.294,-213.83
blend,1790326121.50,4.265,3.378,-213.73
blend,1790326122.01,4.228,3.403,-213.78
blend,1790326122.52,4.226,3.404,-213.76
blend,1790326123.03,4.154,3.452,-214.01
blend,1790326123.54,4.020,3.542,-213.98
blend,1790326124.00,3.905,3.620,-213.94
blend,1790326124.51,3.784,3.701,-213.91
blend,1790326125.03,3.666,3.780,-213.78
blend,1790326125.54,3.552,3.856,-213.68
blend,1790326126.05,3.463,3.915,-213.62
blend,1790326126.51,3.471,3.910,-213.62
blend,1790326127.02,3.448,3.925,-213.62
blend,1790326127.53,3.339,3.997,-213.57
blend,1790326128.04,3.300,4.023,-213.59
blend,1790326128.50,3.300,4.024,-213.57
blend,1790326129.01,3.255,4.053,-213.59
blend,1790326129.52,3.157,4.118,-213.54
blend,1790326130.03,3.029,4.203,-213.43
blend,1790326130.55,2.903,4.286,-213.39
blend,1790326131.00,2.783,4.364,-213.27
blend,1790326131.51,2.671,4.438,-213.25
blend,1790326132.03,2.661,4.444,-213.24
blend,1790326132.54,2.661,4.444,-213.24
blend,1790326133.05,2.661,4.445,-213.22
blend,1790326133.50,2.661,4.444,-213.21
blend,1790326134.01,2.660,4.445,-213.21
blend,1790326134.59,2.659,4.446,-209.81
blend,1790326135.04,2.660,4.445,-203.45
blend,1790326135.60,2.663,4.444,-194.77
blend,1790326136.00,2.665,4.444,-188.11
blend,1790326136.51,2.662,4.444,-179.87
blend,1790326137.01,2.657,4.443,-171.39
blend,1790326137.52,2.650,4.441,-163.13
blend,1790326138.03,2.643,4.438,-154.80
blend,1790326138.55,2.638,4.434,-146.59
blend,1790326139.01,2.635,4.433,-145.32
blend,1790326139.52,2.638,4.434,-145.31
blend,1790326140.03,2.636,4.433,-145.16
blend,1790326140.55,2.632,4.428,-135.16
blend,1790326141.01,2.628,4.423,-135.15
blend,1790326141.52,2.629,4.424,-135.19
blend,1790326142.03,2.629,4.424,-135.20
blend,1790326142.54,2.631,4.425,-135.18
blend,1790326143.01,2.626,4.421,-135.10
blend,1790326143.52,2.560,4.355,-134.94
blend,1790326144.04,2.513,4.307,-134.94
blend,1790326144.51,2.519,4.313,-126.16
blend,1790326145.03,2.519,4.310,-123.51
blend,1790326145.55,2.523,4.316,-123.48
blend,1790326146.01,2.523,4.316,-123.49
blend,1790326146.53,2.519,4.308,-116.23
blend,1790326147.00,2.516,4.300,-113.92
blend,1790326147.52,2.515,4.298,-113.92
blend,1790326148.04,2.515,4.298,-113.92
blend,1790326148.50,2.515,4.298,-113.43
blend,1790326149.02,2.515,4.297,-108.91
blend,1790326149.54,2.514,4.294,-106.23
blend,1790326150.01,2.513,4.292,-104.96
blend,1790326150.52,2.513,4.292,-96.70
blend,1790326151.03,2.513,4.284,-88.28
blend,1790326151.55,2.513,4.284,-79.99
blend,1790326152.01,2.513,4.284,-72.43
blend,1790326152.53,2.516,4.281,-71.80
blend,1790326153.05,2.515,4.282,-71.78
blend,1790326153.51,2.515,4.283,-71.80
blend,1790326154.03,2.515,4.283,-71.83
blend,1790326154.55,2.516,4.281,-69.12
blend,1790326155.01,2.513,4.287,-62.58
blend,1790326155.53,2.516,4.283,-55.14
blend,1790326156.05,2.514,4.285,-53.28
blend,1790326156.52,2.516,4.283,-49.92
blend,1790326157.03,2.520,4.280,-47.84
blend,1790326157.50,2.517,4.282,-44.67
blend,1790326158.01,2.524,4.277,-42.63
blend,1790326158.53,2.523,4.278,-37.66
blend,1790326159.04,2.526,4.276,-38.19
blend,1790326159.55,2.527,4.275,-38.19
blend,1790326160.01,2.527,4.275,-38.18
blend,1790326160.52,2.527,4.275,-38.17
blend,1790326161.03,2.526,4.276,-38.17
blend,1790326161.55,2.530,4.272,-38.16
blend,1790326162.01,2.530,4.273,-37.65
blend,1790326162.52,2.527,4.275,-34.62
blend,1790326163.03,2.528,4.275,-34.73
blend,1790326163.54,2.527,4.275,-34.74
blend,1790326164.00,2.527,4.275,-34.73
blend,1790326164.52,2.531,4.272,-34.64
blend,1790326165.03,2.621,4.213,-32.37
blend,1790326165.54,2.725,4.154,-29.51
blend,1790326166.00,2.825,4.100,-28.67
blend,1790326166.51,2.845,4.089,-28.69
blend,1790326167.03,2.843,4.090,-33.51
blend,1790326167.54,2.841,4.092,-37.14
blend,1790326168.00,2.837,4.095,-42.57
blend,1790326168.57,2.839,4.094,-42.64
blend,1790326169.03,2.935,4.005,-42.79
blend,1790326169.59,3.062,3.887,-42.67
blend,1790326170.06,3.173,3.785,-42.65
blend,1790326170.53,3.298,3.672,-42.64
blend,1790326171.02,3.415,3.563,-42.55
blend,1790326171.54,3.538,3.450,-42.49
blend,1790326172.05,3.604,3.390,-42.51
blend,1790326172.51,3.598,3.395,-42.50
blend,1790326173.02,3.598,3.396,-42.52
blend,1790326173.53,3.597,3.397,-42.53
blend,1790326174.05,3.591,3.401,-37.97
blend,1790326174.51,3.592,3.399,-37.92
blend,1790326175.02,3.593,3.399,-37.94
blend,1790326175.53,3.639,3.363,-37.72
blend,1790326176.04,3.789,3.248,-37.54
blend,1790326176.51,3.919,3.148,-37.38
blend,1790326177.02,4.062,3.039,-37.43
blend,1790326177.53,4.084,3.022,-36.24
blend,1790326178.04,4.086,3.022,-32.77
blend,1790326178.50,4.095,3.015,-32.53
blend,1790326179.02,4.225,2.932,-32.31
blend,1790326179.53,4.358,2.849,-32.15
blend,1790326180.04,4.510,2.754,-32.00
blend,1790326180.50,4.631,2.678,-31.86
blend,1790326181.01,4.780,2.586,-31.81
blend,1790326181.53,4.915,2.503,-31.76
blend,1790326182.04,5.056,2.416,-31.67
blend,1790326182.50,5.180,2.339,-31.61
blend,1790326183.01,5.319,2.254,-31.59
blend,1790326183.53,5.464,2.165,-31.48
blend,1790326184.04,5.605,2.078,-31.39
blend,1790326184.55,5.737,1.998,-31.36
blend,1790326185.01,5.863,1.921,-31.35
blend,1790326185.52,6.000,1.838,-31.31
blend,1790326186.04,6.139,1.754,-31.20
blend,1790326186.55,6.270,1.675,-31.06
blend,1790326187.01,6.392,1.601,-31.02
blend,1790326187.52,6.527,1.521,-30.93
blend,1790326188.03,6.655,1.444,-30.94
blend,1790326188.55,6.791,1.363,-30.90
blend,1790326189.01,6.912,1.290,-30.87
blend,1790326189.52,7.047,1.210,-30.80
blend,1790326190.03,7.183,1.129,-30.74
blend,1790326190.55,7.317,1.049,-30.63
blend,1790326191.01,7.433,0.981,-30.60
blend,1790326191.52,7.567,0.902,-30.50
blend,1790326192.03,7.690,0.830,-30.46
blend,1790326192.80,7.870,0.724,-30.61
blend,1790326193.32,7.993,0.651,-30.87
blend,1790326193.84,8.115,0.578,-31.12
blend,1790326194.36,8.234,0.506,-31.37
blend,1790326194.72,8.026,0.632,-31.00
blend,1790326195.00,8.029,0.630,-30.90
blend,1790326195.51,8.031,0.629,-30.91
blend,1790326196.03,8.032,0.628,-30.93
blend,1790326196.54,8.034,0.627,-30.97
blend,1790326197.05,8.033,0.628,-30.95
blend,1790326197.51,8.032,0.628,-30.94
blend,1790326198.02,8.033,0.627,-30.93
blend,1790326198.53,8.030,0.629,-30.90
blend,1790326199.05,8.033,0.628,-30.90
blend,1790326199.51,8.033,0.627,-30.91
blend,1790326200.02,8.032,0.628,-30.91
blend,1790326200.53,8.033,0.627,-30.88
blend,1790326201.04,8.032,0.628,-30.91
blend,1790326201.50,8.032,0.628,-30.89
blend,1790326202.02,8.031,0.629,-30.88
blend,1790326202.53,8.031,0.629,-30.89
blend,1790326203.04,8.033,0.627,-30.90
blend,1790326203.50,8.034,0.627,-30.91
blend,1790326204.01,8.036,0.626,-30.93
blend,1790326204.52,8.036,0.625,-30.92
blend,1790326205.04,8.039,0.623,-30.92
blend,1790326205.55,8.037,0.625,-30.88
blend,1790326206.01,8.036,0.625,-30.92
blend,1790326206.52,8.035,0.626,-30.90
blend,1790326207.03,8.035,0.626,-30.91
blend,1790326207.54,8.038,0.624,-30.92
blend,1790326208.01,8.036,0.625,-30.89
blend,1790326208.52,8.039,0.624,-30.88
blend,1790326209.03,8.039,0.624,-30.91
blend,1790326209.54,8.037,0.625,-30.91
blend,1790326210.00,8.038,0.624,-30.91
blend,1790326210.51,8.038,0.624,-30.90
blend,1790326211.03,8.058,0.612,-31.02
blend,1790326211.54,8.178,0.540,-30.99
blend,1790326212.00,8.306,0.463,-30.88
blend,1790326212.51,8.455,0.374,-30.84
blend,1790326213.02,8.601,0.288,-30.66
blend,1790326213.54,8.749,0.200,-30.57
blend,1790326214.03,8.882,0.122,-30.35
blend,1790326214.51,9.022,0.040,-30.33
blend,1790326215.02,9.169,-0.045,-30.27
blend,1790326215.53,9.316,-0.131,-30.21
blend,1790326216.05,9.459,-0.214,-30.09
blend,1790326216.51,9.592,-0.291,-30.04
blend,1790326217.02,9.737,-0.375,-29.96
blend,1790326217.53,9.824,-0.425,-29.89
blend,1790326218.04,9.816,-0.420,-29.84
blend,1790326218.51,9.817,-0.421,-29.86
blend,1790326219.02,9.817,-0.421,-29.88
blend,1790326219.53,9.816,-0.420,-29.85
blend,1790326220.04,9.813,-0.417,-40.17
blend,1790326220.51,9.803,-0.405,-53.43
blend,1790326221.03,9.800,-0.402,-68.82
blend,1790326221.54,9.800,-0.394,-83.92
blend,1790326222.00,9.801,-0.400,-85.72
blend,1790326222.51,9.801,-0.402,-85.72
blend,1790326223.03,9.801,-0.399,-85.79
blend,1790326223.54,9.804,-0.389,-94.82
blend,1790326224.00,9.806,-0.379,-102.15
blend,1790326224.51,9.807,-0.375,-102.21
blend,1790326225.03,9.807,-0.373,-102.30
blend,1790326225.54,9.807,-0.373,-102.30
blend,1790326226.00,9.807,-0.373,-102.39
blend,1790326226.52,9.806,-0.374,-115.57
blend,1790326227.04,9.807,-0.373,-133.09
blend,1790326227.51,9.807,-0.373,-133.05
blend,1790326228.02,9.807,-0.373,-133.05
blend,1790326228.54,9.807,-0.373,-133.05
blend,1790326229.01,9.807,-0.373,-133.05
blend,1790326229.52,9.806,-0.374,-143.98
blend,1790326230.04,9.808,-0.373,-152.67
blend,1790326230.55,9.807,-0.373,-152.67
blend,1790326231.01,9.822,-0.367,-155.50
blend,1790326231.52,9.823,-0.367,-163.62
blend,1790326232.03,9.823,-0.367,-170.91
blend,1790326232.53,9.824,-0.367,-170.98
blend,1790326233.04,9.830,-0.366,-170.97
blend,1790326233.55,9.826,-0.366,-172.30
blend,1790326234.00,9.838,-0.365,-180.63
blend,1790326234.51,9.844,-0.366,-184.81
blend,1790326235.02,9.846,-0.367,-185.44
blend,1790326235.53,9.845,-0.366,-200.74
blend,1790326236.04,9.848,-0.367,-200.43
blend,1790326236.55,9.848,-0.367,-200.43
blend,1790326237.01,9.848,-0.367,-204.88
blend,1790326237.52,9.847,-0.366,-206.16
blend,1790326238.03,9.849,-0.367,-206.16
blend,1790326238.54,9.792,-0.340,-206.25
blend,1790326239.05,9.676,-0.282,-206.32
blend,1790326239.51,9.561,-0.225,-206.27
blend,1790326240.02,9.434,-0.163,-206.21
blend,1790326240.53,9.399,-0.145,-206.24
blend,1790326241.04,9.397,-0.144,-212.24
blend,1790326241.55,9.393,-0.141,-218.21
blend,1790326242.01,9.394,-0.142,-218.21
blend,1790326242.52,9.305,-0.072,-218.32
blend,1790326243.03,9.167,0.038,-218.37
blend,1790326243.54,9.023,0.151,-218.27
blend,1790326244.05,8.883,0.262,-218.28
blend,1790326244.51,8.762,0.357,-218.19
blend,1790326245.02,8.621,0.468,-218.18
blend,1790326245.53,8.482,0.577,-218.11
blend,1790326246.04,8.343,0.686,-218.02
blend,1790326246.50,8.217,0.785,-217.98
blend,1790326247.01,8.072,0.897,-217.99
blend,1790326247.52,7.933,1.006,-217.81
blend,1790326248.03,7.785,1.120,-217.76
blend,1790326248.54,7.638,1.234,-217.68
blend,1790326249.00,7.508,1.335,-217.61
blend,1790326249.51,7.361,1.447,-217.46
blend,1790326250.02,7.218,1.557,-217.38
blend,1790326250.53,7.070,1.669,-217.23
blend,1790326251.04,6.928,1.778,-217.24
blend,1790326251.50,6.800,1.874,-217.17
blend,1790326252.01,6.656,1.983,-217.13
blend,1790326252.52,6.513,2.092,-217.12
blend,1790326253.03,6.364,2.204,-217.04
blend,1790326253.54,6.221,2.311,-216.97
blend,1790326254.00,6.088,2.411,-216.91
blend,1790326254.51,5.943,2.520,-216.90
blend,1790326255.02,5.796,2.631,-216.88
blend,1790326255.53,5.644,2.744,-216.82
blend,1790326256.04,5.497,2.854,-216.75
blend,1790326256.50,5.362,2.955,-216.67
blend,1790326257.01,5.214,3.065,-216.62
blend,1790326257.52,5.062,3.178,-216.61
blend,1790326258.03,4.914,3.287,-216.55
blend,1790326258.55,4.765,3.398,-216.49
blend,1790326259.00,4.635,3.494,-216.45
blend,1790326259.51,4.490,3.601,-216.44
blend,1790326260.03,4.346,3.707,-216.44
blend,1790326260.54,4.200,3.814,-216.42
blend,1790326261.00,4.199,3.815,-216.40
blend,1790326261.51,4.077,3.905,-216.35
blend,1790326262.02,3.923,4.018,-216.32
blend,1790326262.53,3.768,4.132,-216.23
blend,1790326263.04,3.616,4.242,-216.08
blend,1790326263.55,3.462,4.354,-216.03
blend,1790326264.01,3.326,4.453,-215.90
blend,1790326264.52,3.169,4.566,-215.83
blend,1790326265.03,3.018,4.675,-215.74
blend,1790326265.54,2.862,4.786,-215.64
blend,1790326266.05,2.716,4.890,-215.52
blend,1790326266.51,2.576,4.989,-215.49
blend,1790326267.02,2.500,5.043,-215.46
blend,1790326267.53,2.509,5.036,-212.36
blend,1790326268.04,2.510,5.036,-201.67
blend,1790326268.55,2.505,5.037,-190.96
blend,1790326269.01,2.505,5.037,-181.49
blend,1790326269.51,2.496,5.036,-171.03
blend,1790326270.02,2.486,5.032,-160.53
blend,1790326270.54,2.481,5.029,-152.30
blend,1790326271.05,2.478,5.027,-151.60
blend,1790326271.51,2.474,5.024,-144.34
blend,1790326272.02,2.469,5.019,-139.13
blend,1790326272.53,2.469,5.019,-139.17
blend,1790326273.05,2.469,5.019,-139.16
blend,1790326273.51,2.470,5.020,-139.13
blend,1790326274.02,2.468,5.017,-131.38
blend,1790326274.54,2.470,5.020,-122.41
blend,1790326275.01,2.470,5.020,-114.26
blend,1790326275.53,2.471,5.022,-105.17
blend,1790326276.04,2.472,5.022,-96.24
blend,1790326276.50,2.472,5.021,-88.18
blend,1790326277.01,2.472,5.027,-79.22
blend,1790326277.53,2.469,5.033,-70.25
blend,1790326278.05,2.473,5.027,-61.20
blend,1790326278.52,2.470,5.031,-53.02
blend,1790326279.04,2.470,5.031,-47.57
blend,1790326279.55,2.469,5.033,-42.54
blend,1790326280.01,2.474,5.028,-43.12
blend,1790326280.52,2.475,5.027,-43.11
blend,1790326281.03,2.473,5.029,-43.12
blend,1790326281.55,2.474,5.028,-43.14
blend,1790326282.01,2.475,5.027,-43.12
blend,1790326282.52,2.476,5.026,-43.13
blend,1790326283.03,2.475,5.027,-43.14
blend,1790326283.54,2.473,5.029,-43.15
blend,1790326284.00,2.474,5.028,-40.92
blend,1790326284.52,2.480,5.024,-39.89
blend,1790326285.03,2.478,5.025,-39.91
blend,1790326285.54,2.480,5.023,-39.92
blend,1790326286.05,2.480,5.023,-39.91
blend,1790326286.51,2.481,5.023,-39.92
blend,1790326287.02,2.478,5.025,-36.80
blend,1790326287.54,2.484,5.022,-29.77
blend,1790326288.05,2.484,5.022,-30.12
blend,1790326288.51,2.484,5.021,-30.12
blend,1790326289.02,2.483,5.023,-30.12
blend,1790326289.53,2.484,5.021,-30.12
blend,1790326290.04,2.486,5.020,-30.11
blend,1790326290.51,2.486,5.021,-31.59
blend,1790326291.02,2.488,5.019,-37.30
blend,1790326291.53,2.486,5.021,-40.18
blend,1790326292.04,2.482,5.025,-43.59
blend,1790326292.50,2.484,5.022,-43.58
blend,1790326293.02,2.480,5.027,-43.61
blend,1790326293.53,2.446,5.059,-43.71
blend,1790326294.04,2.444,5.061,-41.44
blend,1790326294.50,2.442,5.063,-41.58
blend,1790326295.01,2.442,5.062,-41.60
blend,1790326295.53,2.441,5.063,-41.59
blend,1790326296.04,2.440,5.064,-41.47
blend,1790326296.55,2.407,5.094,-41.55
blend,1790326297.01,2.363,5.133,-41.50
blend,1790326297.52,2.318,5.172,-41.48
blend,1790326298.04,2.287,5.200,-41.45
blend,1790326298.55,2.283,5.204,-41.46
blend,1790326299.01,2.280,5.206,-41.47
blend,1790326299.52,2.280,5.206,-41.48
blend,1790326300.03,2.280,5.206,-41.49
blend,1790326300.50,2.280,5.206,-41.47
blend,1790326301.00,2.279,5.207,-41.46
blend,1790326301.52,2.280,5.206,-41.48
blend,1790326302.08,2.280,5.206,-41.49
blend,1790326302.60,2.290,5.197,-41.45
blend,1790326303.20,2.287,5.200,-41.42
blend,1790326303.51,2.285,5.201,-41.42
blend,1790326304.02,2.285,5.202,-41.43
blend,1790326304.53,2.286,5.201,-41.41
blend,1790326305.05,2.286,5.201,-41.40
blend,1790326305.51,2.287,5.200,-48.66
blend,1790326306.03,2.285,5.202,-58.53
blend,1790326306.55,2.284,5.205,-68.30
blend,1790326307.01,2.286,5.203,-68.96
blend,1790326307.53,2.329,5.092,-69.02
blend,1790326308.05,2.397,4.915,-69.03
blend,1790326308.52,2.466,4.736,-68.94
blend,1790326309.04,2.525,4.582,-69.03
blend,1790326309.50,2.526,4.579,-67.38
blend,1790326310.02,2.527,4.579,-53.52
blend,1790326310.53,2.529,4.579,-42.73
blend,1790326311.05,2.525,4.582,-42.73
blend,1790326311.51,2.483,4.621,-42.71
blend,1790326312.02,2.420,4.679,-42.24
blend,1790326312.53,2.340,4.748,-40.33
blend,1790326313.05,2.266,4.809,-39.39
blend,1790326313.51,2.202,4.861,-39.32
blend,1790326314.02,2.110,4.937,-39.17
blend,1790326314.53,2.022,5.008,-39.17
blend,1790326315.04,1.937,5.078,-39.23
blend,1790326315.50,1.865,5.138,-40.96
blend,1790326316.38,1.742,5.251,-43.39
blend,1790326316.90,1.674,5.315,-43.95
blend,1790326317.40,1.610,5.377,-44.50
blend,1790326317.92,1.545,5.441,-45.07
blend,1790326318.42,1.484,5.501,-45.61
blend,1790326318.52,1.620,5.366,-44.51
blend,1790326319.04,1.622,5.365,-44.52
blend,1790326319.50,1.623,5.364,-44.52
blend,1790326320.01,1.623,5.364,-44.51
blend,1790326320.52,1.623,5.363,-44.51
blend,1790326321.04,1.625,5.362,-44.51
blend,1790326321.55,1.624,5.363,-44.50
blend,1790326322.01,1.624,5.363,-44.49
blend,1790326322.52,1.624,5.363,-44.49
blend,1790326323.03,1.626,5.361,-44.49
blend,1790326323.54,1.624,5.363,-44.47
blend,1790326324.00,1.624,5.363,-44.48
blend,1790326324.51,1.624,5.363,-44.48
blend,1790326325.03,1.624,5.363,-44.47
blend,1790326325.54,1.624,5.363,-44.48
blend,1790326326.05,1.624,5.363,-44.47
blend,1790326326.51,1.625,5.362,-44.47
blend,1790326327.02,1.623,5.364,-44.48
blend,1790326327.53,1.622,5.365,-44.47
blend,1790326328.04,1.623,5.364,-44.46
blend,1790326328.50,1.624,5.363,-44.43
blend,1790326329.02,1.624,5.363,-44.46
blend,1790326329.53,1.625,5.362,-44.48
blend,1790326330.04,1.622,5.365,-44.47
blend,1790326330.55,1.623,5.364,-44.46
blend,1790326331.01,1.623,5.364,-44.46
blend,1790326331.52,1.622,5.364,-44.45
blend,1790326332.03,1.624,5.363,-44.46
blend,1790326332.55,1.623,5.364,-44.46
blend,1790326333.01,1.624,5.363,-44.45
blend,1790326333.52,1.625,5.362,-44.43
blend,1790326334.03,1.624,5.363,-44.43
blend,1790326334.54,1.626,5.361,-44.42
blend,1790326335.00,1.624,5.362,-44.43
blend,1790326335.51,1.625,5.362,-44.43
blend,1790326336.02,1.625,5.362,-44.42
blend,1790326336.54,1.625,5.362,-44.43
blend,1790326337.05,1.625,5.362,-44.43
blend,1790326337.51,1.625,5.362,-44.43
blend,1790326338.02,1.625,5.362,-44.43
blend,1790326338.53,1.625,5.362,-44.44
blend,1790326339.04,1.623,5.363,-44.44
blend,1790326339.50,1.623,5.363,-44.45
blend,1790326340.01,1.622,5.365,-44.46
blend,1790326340.53,1.623,5.364,-44.46
blend,1790326341.04,1.623,5.364,-44.45
blend,1790326341.55,1.622,5.365,-44.44
blend,1790326342.01,1.622,5.365,-44.46
blend,1790326342.52,1.623,5.364,-44.45
blend,1790326343.03,1.623,5.364,-44.46
blend,1790326343.54,1.622,5.365,-44.44
blend,1790326344.00,1.622,5.365,-44.44
blend,1790326344.52,1.622,5.365,-44.45
blend,1790326345.03,1.622,5.365,-44.45
blend,1790326345.54,1.621,5.366,-44.46
blend,1790326346.05,1.620,5.367,-44.46
blend,1790326346.51,1.620,5.367,-44.45
blend,1790326347.02,1.621,5.365,-44.45
blend,1790326347.53,1.621,5.366,-44.44
blend,1790326348.05,1.621,5.366,-44.44
blend,1790326348.51,1.622,5.365,-44.44
blend,1790326349.38,1.622,5.365,-44.45
blend,1790326349.90,1.622,5.365,-44.45
blend,1790326350.40,1.622,5.365,-44.45
blend,1790326350.90,1.622,5.365,-44.45
blend,1790326351.42,1.622,5.365,-44.45
blend,1790326351.52,1.622,5.365,-44.47
blend,1790326352.04,1.622,5.365,-44.48
blend,1790326352.55,1.623,5.364,-44.47
blend,1790326353.01,1.623,5.364,-44.46
blend,1790326353.52,1.623,5.364,-44.47
blend,1790326354.03,1.623,5.364,-44.46
blend,1790326354.54,1.623,5.364,-44.45
blend,1790326355.00,1.625,5.362,-44.47
blend,1790326355.51,1.624,5.363,-44.45
blend,1790326356.03,1.624,5.363,-44.47
blend,1790326356.54,1.623,5.364,-44.47
blend,1790326357.05,1.622,5.365,-44.49
blend,1790326357.51,1.622,5.365,-44.51
blend,1790326358.02,1.624,5.363,-44.50
blend,1790326358.53,1.624,5.363,-44.50
blend,1790326359.05,1.624,5.362,-44.50
blend,1790326359.51,1.624,5.363,-44.49
blend,1790326360.02,1.624,5.363,-44.50
blend,1790326360.53,1.626,5.361,-44.48
blend,1790326361.04,1.626,5.361,-44.49
blend,1790326361.50,1.625,5.362,-44.49
blend,1790326362.01,1.624,5.363,-44.48
blend,1790326362.52,1.625,5.362,-44.49
blend,1790326363.04,1.624,5.363,-44.49
blend,1790326363.50,1.625,5.362,-44.49
blend,1790326364.01,1.625,5.362,-44.48
blend,1790326364.52,1.624,5.363,-44.47
blend,1790326365.03,1.624,5.363,-44.47
blend,1790326365.54,1.624,5.363,-44.46
blend,1790326366.00,1.626,5.361,-44.47
blend,1790326366.51,1.625,5.362,-44.46
blend,1790326367.03,1.625,5.362,-44.45
blend,1790326367.54,1.626,5.361,-44.45
blend,1790326368.05,1.626,5.361,-44.44
blend,1790326368.51,1.626,5.360,-44.45
blend,1790326369.02,1.626,5.361,-44.46
blend,1790326369.53,1.626,5.361,-44.46
blend,1790326370.04,1.626,5.361,-44.46
blend,1790326370.51,1.626,5.361,-44.46
blend,1790326371.02,1.627,5.360,-44.46
blend,1790326371.53,1.627,5.360,-44.45
blend,1790326372.04,1.627,5.360,-44.46
blend,1790326372.70,1.627,5.360,-44.48
blend,1790326373.01,1.627,5.360,-44.48
blend,1790326373.52,1.626,5.361,-44.52
blend,1790326374.04,1.625,5.362,-44.52
blend,1790326374.55,1.625,5.362,-44.50
blend,1790326375.01,1.625,5.362,-44.51
blend,1790326375.52,1.625,5.362,-44.51
blend,1790326376.03,1.625,5.362,-44.50
blend,1790326376.54,1.626,5.361,-44.51
blend,1790326377.00,1.626,5.361,-44.49
blend,1790326377.52,1.626,5.361,-44.50
blend,1790326378.03,1.624,5.362,-44.51
blend,1790326378.54,1.625,5.362,-44.52
blend,1790326379.05,1.626,5.361,-44.51
blend,1790326379.51,1.625,5.362,-44.52
blend,1790326380.02,1.625,5.362,-44.52
blend,1790326380.53,1.626,5.361,-44.50
blend,1790326381.05,1.625,5.362,-44.50
blend,1790326381.51,1.626,5.361,-44.49
blend,1790326382.02,1.626,5.361,-44.50
blend,1790326382.53,1.626,5.361,-44.50
blend,1790326383.04,1.625,5.362,-44.49
blend,1790326383.50,1.626,5.361,-44.48
blend,1790326384.01,1.626,5.361,-44.49
blend,1790326384.52,1.626,5.361,-44.49
blend,1790326385.04,1.626,5.361,-44.50
blend,1790326385.55,1.626,5.361,-44.49
blend,1790326386.01,1.627,5.360,-44.49
blend,1790326386.52,1.627,5.360,-44.49
blend,1790326387.03,1.627,5.360,-44.50
blend,1790326387.54,1.628,5.359,-44.50
blend,1790326388.00,1.629,5.358,-44.48
blend,1790326388.51,1.628,5.359,-44.50
blend,1790326389.03,1.628,5.359,-44.50
blend,1790326389.54,1.628,5.359,-44.50
blend,1790326390.05,1.627,5.360,-44.50
blend,1790326390.51,1.626,5.361,-44.52
blend,1790326391.02,1.626,5.361,-44.52
blend,1790326391.53,1.626,5.361,-44.51
blend,1790326392.04,1.626,5.361,-44.54
blend,1790326392.50,1.626,5.361,-44.54
blend,1790326393.02,1.627,5.360,-44.53
blend,1790326393.53,1.626,5.361,-44.51
blend,1790326394.04,1.626,5.361,-44.52
blend,1790326394.50,1.626,5.361,-44.51
blend,1790326395.01,1.626,5.361,-44.50
blend,1790326395.52,1.627,5.360,-44.50
blend,1790326396.04,1.628,5.359,-44.49
blend,1790326396.55,1.626,5.361,-44.49
blend,1790326397.01,1.625,5.362,-44.50
blend,1790326397.52,1.626,5.361,-44.48
blend,1790326398.03,1.626,5.361,-44.47
blend,1790326398.54,1.625,5.362,-44.47
blend,1790326399.00,1.626,5.361,-44.47
blend,1790326399.51,1.626,5.361,-44.49
blend,1790326400.03,1.628,5.359,-44.50
blend,1790326400.54,1.628,5.359,-44.51
blend,1790326401.05,1.628,5.359,-44.50
blend,1790326401.51,1.629,5.358,-44.50
blend,1790326402.02,1.628,5.359,-44.50
blend,1790326402.53,1.627,5.360,-44.49
blend,1790326403.04,1.625,5.362,-44.49
blend,1790326403.51,1.625,5.362,-44.50
blend,1790326404.02,1.626,5.361,-44.49
blend,1790326404.53,1.625,5.362,-44.49
blend,1790326405.04,1.626,5.362,-44.49
blend,1790326405.50,1.624,5.363,-44.49
blend,1790326406.01,1.625,5.362,-44.49
blend,1790326406.53,1.625,5.362,-44.49
blend,1790326407.04,1.624,5.363,-44.49
blend,1790326407.55,1.626,5.361,-44.49
blend,1790326408.01,1.625,5.362,-44.51
blend,1790326408.52,1.625,5.362,-44.51
blend,1790326409.03,1.626,5.361,-44.53
blend,1790326409.54,1.626,5.361,-44.53
blend,1790326410.00,1.626,5.361,-44.53
blend,1790326410.52,1.624,5.363,-44.54
blend,1790326411.03,1.626,5.361,-44.54
blend,1790326411.54,1.624,5.363,-44.53
blend,1790326412.05,1.625,5.362,-44.53
blend,1790326412.51,1.625,5.362,-44.52
blend,1790326413.02,1.627,5.360,-44.53
blend,1790326413.53,1.626,5.361,-44.54
blend,1790326414.04,1.626,5.361,-44.53
blend,1790326414.50,1.626,5.361,-44.53
blend,1790326415.02,1.627,5.360,-44.53
blend,1790326415.53,1.627,5.361,-44.54
blend,1790326416.04,1.626,5.361,-44.53
blend,1790326416.50,1.626,5.361,-44.52
blend,1790326417.01,1.627,5.360,-44.54
blend,1790326417.52,1.628,5.359,-44.54
blend,1790326418.04,1.627,5.360,-44.51
blend,1790326418.55,1.628,5.359,-44.52
blend,1790326419.01,1.628,5.359,-44.50
blend,1790326419.52,1.629,5.358,-44.50
blend,1790326420.03,1.629,5.358,-44.52
blend,1790326420.54,1.630,5.357,-44.52
blend,1790326421.00,1.630,5.357,-44.52
blend,1790326421.51,1.631,5.356,-44.53
blend,1790326422.03,1.632,5.355,-44.53
blend,1790326422.54,1.631,5.356,-44.54
blend,1790326423.05,1.630,5.357,-44.55
blend,1790326423.51,1.629,5.358,-44.57
blend,1790326424.02,1.629,5.358,-44.58
blend,1790326424.53,1.629,5.358,-44.59
blend,1790326425.04,1.630,5.358,-44.59
blend,1790326425.50,1.629,5.358,-44.59
blend,1790326426.02,1.629,5.359,-44.59
blend,1790326426.53,1.629,5.358,-44.59
blend,1790326427.04,1.629,5.358,-44.59
blend,1790326427.50,1.629,5.358,-44.58
blend,1790326428.01,1.632,5.355,-44.59
blend,1790326428.52,1.631,5.356,-44.59
blend,1790326429.04,1.631,5.356,-44.58
blend,1790326429.55,1.630,5.357,-44.58
blend,1790326430.01,1.631,5.356,-44.59
blend,1790326430.52,1.630,5.357,-44.60
blend,1790326431.03,1.631,5.357,-44.59
blend,1790326431.54,1.631,5.356,-44.58
blend,1790326432.00,1.631,5.357,-44.58
blend,1790326432.51,1.631,5.356,-44.58
blend,1790326433.03,1.631,5.357,-44.58
blend,1790326433.54,1.630,5.357,-44.57
blend,1790326434.05,1.630,5.357,-44.59
blend,1790326434.51,1.629,5.358,-44.57
blend,1790326435.02,1.630,5.357,-44.58
blend,1790326435.53,1.630,5.357,-44.58
blend,1790326436.05,1.630,5.357,-44.58
blend,1790326436.51,1.630,5.357,-44.58
blend,1790326437.02,1.629,5.358,-44.59
blend,1790326437.53,1.629,5.358,-44.56
blend,1790326438.04,1.629,5.358,-44.56
blend,1790326438.50,1.628,5.359,-44.56
blend,1790326439.01,1.628,5.359,-44.55
blend,1790326439.52,1.628,5.359,-44.56
blend,1790326440.04,1.629,5.358,-44.57
blend,1790326440.55,1.628,5.359,-44.57
blend,1790326441.01,1.628,5.359,-44.57
blend,1790326441.52,1.628,5.360,-44.57
blend,1790326442.03,1.628,5.359,-44.57
blend,1790326442.54,1.629,5.358,-44.56
blend,1790326443.00,1.628,5.359,-44.57
blend,1790326443.52,1.628,5.359,-44.58
blend,1790326444.03,1.628,5.359,-44.56
blend,1790326444.54,1.628,5.359,-44.58
blend,1790326445.05,1.628,5.359,-44.56
blend,1790326445.51,1.630,5.357,-44.57
blend,1790326446.02,1.630,5.358,-44.57
blend,1790326446.53,1.629,5.358,-44.58
blend,1790326447.05,1.629,5.358,-44.56
blend,1790326447.51,1.629,5.358,-44.56
blend,1790326448.02,1.629,5.358,-44.56
blend,1790326448.53,1.628,5.359,-44.58
blend,1790326449.04,1.629,5.359,-44.58
blend,1790326449.50,1.630,5.357,-44.58
blend,1790326450.01,1.629,5.358,-44.58
blend,1790326450.52,1.630,5.357,-44.60
blend,1790326451.04,1.630,5.357,-44.58
blend,1790326451.55,1.630,5.358,-44.57
blend,1790326452.01,1.632,5.355,-44.56
blend,1790326452.52,1.633,5.354,-44.57
blend,1790326453.03,1.634,5.354,-44.57
blend,1790326453.54,1.634,5.354,-44.59
blend,1790326454.00,1.633,5.354,-44.58
blend,1790326454.51,1.635,5.352,-44.58
blend,1790326455.03,1.635,5.352,-44.59
blend,1790326455.54,1.635,5.352,-44.58
blend,1790326456.05,1.636,5.351,-44.58
blend,1790326456.51,1.636,5.351,-44.58
blend,1790326457.02,1.637,5.351,-44.58
blend,1790326457.53,1.636,5.351,-44.60
blend,1790326458.04,1.636,5.351,-44.61
blend,1790326458.50,1.637,5.350,-44.61
blend,1790326459.02,1.637,5.350,-44.61
blend,1790326459.53,1.637,5.351,-44.60
blend,1790326460.04,1.636,5.351,-44.60
blend,1790326460.55,1.637,5.351,-44.60
blend,1790326461.01,1.637,5.351,-44.62
blend,1790326461.52,1.636,5.352,-44.60
blend,1790326462.04,1.634,5.353,-44.63
blend,1790326462.55,1.635,5.352,-44.62
blend,1790326463.01,1.634,5.353,-44.61
blend,1790326463.52,1.634,5.353,-44.63
blend,1790326464.03,1.634,5.354,-44.64
blend,1790326464.54,1.633,5.354,-44.65
blend,1790326465.00,1.632,5.355,-44.65
blend,1790326465.51,1.632,5.355,-44.65
blend,1790326466.03,1.632,5.355,-44.66
blend,1790326466.54,1.632,5.356,-44.65
blend,1790326467.05,1.633,5.355,-44.66
blend,1790326467.51,1.633,5.355,-44.65
blend,1790326468.02,1.632,5.355,-44.65
blend,1790326468.53,1.632,5.355,-44.66
blend,1790326469.04,1.632,5.355,-44.65
blend,1790326469.51,1.632,5.355,-44.66
blend,1790326470.02,1.632,5.355,-44.63
blend,1790326470.53,1.633,5.355,-44.64
blend,1790326471.04,1.633,5.354,-44.63
blend,1790326471.50,1.633,5.354,-44.63
blend,1790326472.01,1.633,5.355,-44.64
blend,1790326472.52,1.634,5.353,-44.63
blend,1790326473.04,1.633,5.355,-44.64
blend,1790326473.55,1.633,5.355,-44.64
blend,1790326474.01,1.634,5.353,-44.64
blend,1790326474.52,1.634,5.353,-44.63
blend,1790326475.03,1.634,5.354,-44.65
blend,1790326475.54,1.634,5.353,-44.65
blend,1790326476.00,1.633,5.354,-44.67
blend,1790326476.52,1.634,5.354,-44.67
blend,1790326477.03,1.633,5.354,-44.67
blend,1790326477.54,1.633,5.355,-44.67
blend,1790326478.05,1.633,5.354,-44.68
blend,1790326478.51,1.632,5.356,-44.70
blend,1790326479.02,1.632,5.356,-44.71
blend,1790326479.53,1.629,5.358,-44.72
blend,1790326480.05,1.629,5.359,-44.71
blend,1790326480.51,1.629,5.358,-44.70
blend,1790326481.02,1.628,5.359,-44.71
blend,1790326481.53,1.629,5.358,-44.71
blend,1790326482.04,1.629,5.359,-44.71
blend,1790326482.50,1.629,5.358,-44.71
blend,1790326483.01,1.629,5.358,-44.70
blend,1790326483.53,1.626,5.361,-44.71
blend,1790326484.04,1.626,5.361,-44.70
blend,1790326484.55,1.628,5.359,-44.68
blend,1790326485.01,1.628,5.360,-44.68
blend,1790326485.52,1.628,5.360,-44.70
blend,1790326486.03,1.627,5.360,-44.71
blend,1790326486.55,1.627,5.360,-44.72
blend,1790326487.01,1.627,5.360,-44.73
blend,1790326487.52,1.629,5.359,-44.74
blend,1790326488.03,1.628,5.359,-44.73
blend,1790326488.54,1.628,5.360,-44.75
blend,1790326489.00,1.628,5.360,-44.77
blend,1790326489.51,1.626,5.361,-44.78
blend,1790326490.02,1.626,5.361,-44.76
blend,1790326490.54,1.627,5.361,-44.77
blend,1790326491.05,1.627,5.361,-44.77
blend,1790326491.51,1.627,5.361,-44.78
blend,1790326492.02,1.628,5.360,-44.76
blend,1790326492.53,1.627,5.360,-44.76
blend,1790326493.04,1.628,5.360,-44.77
blend,1790326493.50,1.628,5.360,-44.76
blend,1790326494.02,1.628,5.360,-44.75
blend,1790326494.53,1.627,5.360,-44.74
blend,1790326495.04,1.626,5.361,-44.75
blend,1790326495.55,1.627,5.361,-44.75
blend,1790326496.01,1.625,5.362,-44.75
blend,1790326496.52,1.624,5.363,-44.76
blend,1790326497.03,1.624,5.363,-44.76
blend,1790326497.55,1.624,5.363,-44.75
blend,1790326498.01,1.625,5.362,-44.75
blend,1790326498.52,1.625,5.362,-44.72
blend,1790326499.03,1.625,5.363,-44.74
blend,1790326499.54,1.625,5.363,-44.74
blend,1790326500.00,1.625,5.362,-44.73
blend,1790326500.52,1.624,5.363,-44.73
blend,1790326501.03,1.625,5.362,-44.71
blend,1790326501.54,1.627,5.360,-44.71
blend,1790326502.05,1.627,5.361,-44.73
blend,1790326502.51,1.627,5.361,-44.72
blend,1790326503.02,1.627,5.360,-44.73
blend,1790326503.53,1.626,5.361,-44.75
blend,1790326504.04,1.627,5.361,-44.72
blend,1790326504.50,1.627,5.360,-44.72
blend,1790326505.02,1.627,5.361,-44.71
blend,1790326505.53,1.627,5.360,-44.73
blend,1790326506.04,1.626,5.361,-44.72
blend,1790326506.55,1.627,5.361,-44.73
blend,1790326507.01,1.627,5.360,-44.73
blend,1790326507.52,1.627,5.360,-44.73
blend,1790326508.03,1.627,5.361,-44.75
blend,1790326508.55,1.627,5.360,-44.74
blend,1790326509.01,1.626,5.362,-44.74
blend,1790326509.52,1.626,5.361,-44.75
blend,1790326510.03,1.627,5.360,-44.75
blend,1790326510.54,1.627,5.361,-44.75
blend,1790326511.00,1.626,5.361,-44.75
blend,1790326511.51,1.626,5.361,-44.76
blend,1790326512.02,1.626,5.361,-44.76
blend,1790326512.54,1.627,5.361,-44.78
blend,1790326513.05,1.627,5.361,-44.80
blend,1790326513.51,1.626,5.361,-44.79
blend,1790326514.02,1.625,5.363,-44.80
blend,1790326514.53,1.625,5.362,-44.79
blend,1790326515.04,1.625,5.362,-44.80
blend,1790326515.50,1.625,5.362,-44.80
blend,1790326516.02,1.626,5.361,-44.81
blend,1790326516.53,1.625,5.362,-44.80
blend,1790326517.04,1.625,5.363,-44.81
blend,1790326517.55,1.626,5.362,-44.80
blend,1790326518.01,1.626,5.361,-44.80
blend,1790326518.52,1.626,5.361,-44.79
blend,1790326519.03,1.625,5.362,-44.77
blend,1790326519.55,1.627,5.360,-44.77
blend,1790326520.01,1.627,5.360,-44.78
blend,1790326520.52,1.625,5.363,-44.76
blend,1790326521.03,1.624,5.363,-44.76
blend,1790326521.54,1.624,5.363,-44.77
blend,1790326522.00,1.625,5.362,-44.78
blend,1790326522.51,1.625,5.362,-44.77
blend,1790326523.02,1.625,5.362,-44.79
blend,1790326523.54,1.626,5.361,-44.77
blend,1790326524.05,1.626,5.361,-44.77
blend,1790326524.51,1.626,5.361,-44.76
blend,1790326525.02,1.626,5.361,-44.78
blend,1790326525.53,1.625,5.362,-44.73
blend,1790326526.04,1.624,5.363,-44.72
blend,1790326526.51,1.624,5.363,-44.71
blend,1790326527.02,1.625,5.362,-44.69
blend,1790326527.53,1.625,5.363,-44.68
blend,1790326528.04,1.625,5.362,-44.66
blend,1790326528.55,1.624,5.363,-44.67
blend,1790326529.01,1.621,5.366,-44.68
blend,1790326529.52,1.620,5.367,-44.67
blend,1790326530.03,1.619,5.368,-44.66
blend,1790326530.55,1.622,5.365,-44.66
blend,1790326531.01,1.620,5.367,-44.67
blend,1790326531.52,1.620,5.368,-44.67
blend,1790326532.03,1.619,5.368,-44.65
blend,1790326532.54,1.619,5.368,-44.67
blend,1790326533.00,1.619,5.368,-44.65
blend,1790326533.51,1.618,5.369,-44.64
blend,1790326534.03,1.618,5.369,-44.64
blend,1790326534.54,1.618,5.369,-44.64
blend,1790326535.05,1.619,5.368,-44.64
blend,1790326535.51,1.619,5.369,-44.64
blend,1790326536.02,1.619,5.369,-44.64
blend,1790326536.53,1.619,5.369,-44.65
blend,1790326537.05,1.619,5.369,-44.65
blend,1790326537.51,1.619,5.368,-44.64
blend,1790326538.02,1.619,5.368,-44.63
blend,1790326538.53,1.618,5.369,-44.62
blend,1790326539.04,1.619,5.369,-44.62
blend,1790326539.50,1.620,5.368,-44.62
blend,1790326540.01,1.617,5.370,-44.63
blend,1790326540.53,1.617,5.370,-44.63
blend,1790326541.04,1.617,5.370,-44.63
blend,1790326541.55,1.617,5.370,-44.63
blend,1790326542.01,1.618,5.370,-44.61
blend,1790326542.52,1.618,5.370,-44.60
blend,1790326543.03,1.617,5.370,-44.61
blend,1790326543.54,1.617,5.371,-44.61
blend,1790326544.01,1.616,5.371,-44.62
blend,1790326544.52,1.617,5.371,-44.61
blend,1790326545.03,1.617,5.370,-44.59
blend,1790326545.54,1.616,5.371,-44.60
blend,1790326546.00,1.616,5.372,-44.61
blend,1790326546.51,1.615,5.373,-44.62
blend,1790326547.02,1.616,5.372,-44.63
blend,1790326547.54,1.616,5.371,-44.63
blend,1790326548.05,1.617,5.371,-44.63
blend,1790326548.51,1.617,5.370,-44.63
blend,1790326549.02,1.616,5.371,-44.63
blend,1790326549.53,1.616,5.371,-44.62
blend,1790326550.04,1.618,5.370,-44.62
blend,1790326550.50,1.618,5.370,-44.62
blend,1790326551.02,1.618,5.369,-44.62
blend,1790326551.53,1.618,5.370,-44.63
blend,1790326552.04,1.619,5.369,-44.61
blend,1790326552.50,1.618,5.369,-44.61
blend,1790326553.01,1.617,5.370,-44.60
blend,1790326553.52,1.617,5.370,-44.60
blend,1790326554.04,1.617,5.371,-44.61
blend,1790326554.55,1.617,5.370,-44.62
blend,1790326555.01,1.617,5.370,-44.63
blend,1790326555.52,1.618,5.369,-44.62
blend,1790326556.03,1.619,5.368,-44.62
blend,1790326556.54,1.617,5.371,-44.61
blend,1790326557.00,1.617,5.370,-44.60
blend,1790326557.51,1.617,5.371,-44.60
blend,1790326558.03,1.617,5.370,-44.60
blend,1790326558.54,1.615,5.372,-44.61
blend,1790326559.05,1.614,5.374,-44.63
blend,1790326559.51,1.614,5.373,-44.62
blend,1790326560.02,1.613,5.374,-44.62
blend,1790326560.53,1.613,5.374,-44.64
blend,1790326561.05,1.613,5.374,-44.62
blend,1790326561.51,1.613,5.374,-44.62
blend,1790326562.02,1.613,5.375,-44.64
blend,1790326562.53,1.613,5.375,-44.64
blend,1790326563.04,1.613,5.374,-44.65
blend,1790326563.50,1.614,5.374,-44.66
blend,1790326564.01,1.615,5.373,-44.67
blend,1790326564.53,1.615,5.372,-44.67
blend,1790326565.04,1.615,5.372,-44.66
blend,1790326565.55,1.614,5.373,-44.66
blend,1790326566.01,1.615,5.372,-44.66
blend,1790326566.52,1.615,5.373,-44.67
blend,1790326567.03,1.617,5.371,-44.67
blend,1790326567.54,1.616,5.371,-44.66
blend,1790326568.00,1.615,5.372,-44.67
blend,1790326568.52,1.616,5.372,-44.66
blend,1790326569.03,1.616,5.371,-44.65
blend,1790326569.54,1.616,5.371,-44.65
blend,1790326570.00,1.616,5.371,-44.64
blend,1790326570.51,1.616,5.371,-44.64
blend,1790326571.02,1.618,5.369,-44.64
blend,1790326571.54,1.617,5.371,-44.62
blend,1790326572.05,1.617,5.370,-44.63
blend,1790326572.51,1.618,5.369,-44.63
blend,1790326573.02,1.618,5.369,-44.64
blend,1790326573.53,1.617,5.370,-44.63
blend,1790326574.04,1.618,5.369,-44.65
blend,1790326574.50,1.619,5.369,-44.64
blend,1790326575.02,1.619,5.369,-44.65
blend,1790326575.53,1.618,5.369,-44.66
blend,1790326576.04,1.618,5.369,-44.65
blend,1790326576.50,1.617,5.370,-44.64
blend,1790326577.01,1.616,5.371,-44.66
blend,1790326577.52,1.617,5.371,-44.66
blend,1790326578.04,1.618,5.370,-44.66
blend,1790326578.55,1.617,5.370,-44.64
blend,1790326579.01,1.617,5.370,-44.65
blend,1790326579.52,1.618,5.370,-44.64
blend,1790326580.03,1.619,5.368,-44.66
blend,1790326580.54,1.619,5.368,-44.65
blend,1790326581.00,1.619,5.368,-44.65
blend,1790326581.52,1.619,5.368,-44.66
blend,1790326582.03,1.620,5.368,-44.68
blend,1790326582.54,1.620,5.368,-44.67
blend,1790326583.00,1.620,5.368,-44.67
blend,1790326583.51,1.620,5.367,-44.68
blend,1790326584.02,1.620,5.367,-44.69
blend,1790326584.54,1.620,5.367,-44.68
blend,1790326585.05,1.618,5.369,-44.68
blend,1790326585.51,1.619,5.368,-44.67
blend,1790326586.02,1.619,5.368,-44.67
blend,1790326586.53,1.618,5.369,-44.68
blend,1790326587.04,1.617,5.370,-44.69
blend,1790326587.50,1.617,5.370,-44.68
blend,1790326588.02,1.619,5.368,-44.67
blend,1790326588.53,1.621,5.367,-44.68
blend,1790326589.04,1.622,5.365,-44.69
blend,1790326589.55,1.623,5.364,-44.68
blend,1790326590.01,1.623,5.365,-44.67
blend,1790326590.52,1.623,5.365,-44.69
blend,1790326591.04,1.623,5.364,-44.69
blend,1790326591.55,1.624,5.363,-44.68
blend,1790326592.01,1.624,5.363,-44.68
blend,1790326592.52,1.625,5.363,-44.68
blend,1790326593.03,1.624,5.363,-44.70
blend,1790326593.54,1.624,5.363,-44.67
blend,1790326594.00,1.624,5.364,-44.69
blend,1790326594.52,1.624,5.364,-44.70
blend,1790326595.03,1.624,5.363,-44.70
blend,1790326595.54,1.625,5.362,-44.71
blend,1790326596.05,1.626,5.361,-44.70
blend,1790326596.51,1.625,5.362,-44.71
blend,1790326597.02,1.625,5.362,-44.72
blend,1790326597.53,1.626,5.361,-44.72
blend,1790326598.05,1.627,5.361,-44.70
blend,1790326598.51,1.627,5.361,-44.71
blend,1790326599.02,1.626,5.361,-44.71
blend,1790326599.53,1.627,5.361,-44.69
blend,1790326600.04,1.626,5.361,-44.69
blend,1790326600.50,1.627,5.360,-44.70
blend,1790326601.01,1.627,5.360,-44.70
blend,1790326601.53,1.627,5.360,-44.69
blend,1790326602.04,1.626,5.361,-44.69
blend,1790326602.55,1.626,5.361,-44.69
blend,1790326603.01,1.627,5.360,-44.70
blend,1790326603.57,1.627,5.360,-44.70
blend,1790326604.04,1.628,5.359,-44.71
blend,1790326604.60,1.627,5.360,-44.70
blend,1790326605.13,1.628,5.360,-44.62
blend,1790326605.60,1.633,5.354,-44.65
blend,1790326606.03,1.633,5.354,-44.65
blend,1790326606.54,1.633,5.355,-44.66
blend,1790326607.00,1.632,5.355,-44.67
blend,1790326607.52,1.631,5.356,-44.68
blend,1790326608.03,1.631,5.357,-44.69
blend,1790326608.54,1.630,5.357,-44.68
blend,1790326609.05,1.630,5.357,-44.68
blend,1790326609.51,1.630,5.358,-44.69
blend,1790326610.02,1.630,5.358,-44.71
blend,1790326610.53,1.630,5.357,-44.71
blend,1790326611.05,1.630,5.357,-44.72
blend,1790326611.51,1.631,5.356,-44.71
blend,1790326612.02,1.630,5.358,-44.70
blend,1790326612.53,1.630,5.357,-44.72
blend,1790326613.04,1.629,5.358,-44.73
blend,1790326613.50,1.629,5.358,-44.72
blend,1790326614.01,1.628,5.359,-44.71
blend,1790326614.53,1.630,5.357,-44.72
blend,1790326615.04,1.630,5.358,-44.72
blend,1790326615.55,1.630,5.357,-44.73
blend,1790326616.01,1.629,5.358,-44.73
blend,1790326616.52,1.629,5.358,-44.73
blend,1790326617.03,1.630,5.357,-44.72
blend,1790326617.55,1.629,5.358,-44.72
blend,1790326618.01,1.629,5.358,-44.74
blend,1790326618.52,1.630,5.358,-44.75
blend,1790326619.03,1.629,5.358,-44.75
blend,1790326619.54,1.629,5.358,-44.74
blend,1790326620.00,1.629,5.358,-44.74
blend,1790326620.51,1.629,5.359,-44.75
blend,1790326621.03,1.629,5.359,-44.74
blend,1790326621.54,1.628,5.359,-44.74
blend,1790326622.05,1.628,5.359,-44.74
blend,1790326622.51,1.627,5.360,-44.75
blend,1790326623.02,1.629,5.359,-44.76
blend,1790326623.53,1.629,5.359,-44.76
blend,1790326624.04,1.628,5.359,-44.78
blend,1790326624.51,1.628,5.359,-44.78
blend,1790326625.02,1.629,5.359,-44.79
blend,1790326625.53,1.628,5.359,-44.79
blend,1790326626.04,1.629,5.359,-44.80
blend,1790326626.50,1.629,5.359,-44.81
blend,1790326627.01,1.632,5.356,-44.81
blend,1790326627.53,1.632,5.355,-44.82
blend,1790326628.04,1.632,5.356,-44.81
blend,1790326628.55,1.633,5.354,-44.81
blend,1790326629.01,1.631,5.356,-44.80
blend,1790326629.52,1.631,5.356,-44.80
blend,1790326630.03,1.632,5.355,-44.80
blend,1790326630.55,1.631,5.357,-44.80
blend,1790326631.01,1.633,5.355,-44.81
blend,1790326631.52,1.632,5.355,-44.80
blend,1790326632.03,1.632,5.356,-44.78
blend,1790326632.54,1.632,5.355,-44.82
blend,1790326633.00,1.633,5.354,-44.81
blend,1790326633.51,1.634,5.354,-44.81
blend,1790326634.03,1.633,5.354,-44.80
blend,1790326634.54,1.633,5.354,-44.79
blend,1790326635.05,1.633,5.354,-44.79
blend,1790326635.51,1.634,5.354,-44.80
blend,1790326636.02,1.634,5.353,-44.80
blend,1790326636.53,1.634,5.354,-44.79
blend,1790326637.04,1.635,5.352,-44.79
blend,1790326637.50,1.635,5.353,-44.79
blend,1790326638.02,1.634,5.353,-44.82
blend,1790326638.53,1.634,5.353,-44.82
blend,1790326639.04,1.632,5.355,-44.80
blend,1790326639.50,1.632,5.356,-44.79
blend,1790326640.01,1.632,5.355,-44.78
blend,1790326640.53,1.633,5.354,-44.78
blend,1790326641.04,1.634,5.354,-44.79
blend,1790326641.55,1.631,5.357,-44.77
blend,1790326642.01,1.630,5.357,-44.79
blend,1790326642.52,1.630,5.357,-44.79
blend,1790326643.03,1.631,5.356,-44.80
blend,1790326643.54,1.632,5.356,-44.81
blend,1790326644.01,1.631,5.356,-44.79
blend,1790326644.52,1.631,5.356,-44.77
blend,1790326645.03,1.631,5.356,-44.78
blend,1790326645.54,1.632,5.356,-44.78
blend,1790326646.00,1.632,5.356,-44.79
blend,1790326646.51,1.631,5.356,-44.80
blend,1790326647.03,1.632,5.356,-44.78
blend,1790326647.54,1.632,5.356,-44.78
blend,1790326648.05,1.631,5.356,-44.78
blend,1790326648.51,1.631,5.356,-44.77
blend,1790326649.02,1.631,5.357,-44.77
blend,1790326649.53,1.630,5.358,-44.78
blend,1790326650.05,1.630,5.357,-44.77
blend,1790326650.51,1.630,5.357,-44.76
blend,1790326651.02,1.630,5.358,-44.77
blend,1790326651.53,1.630,5.358,-44.75
blend,1790326652.04,1.630,5.357,-44.75
blend,1790326652.50,1.630,5.357,-44.75
blend,1790326653.01,1.628,5.359,-44.75
blend,1790326653.52,1.629,5.358,-44.74
blend,1790326654.04,1.629,5.358,-44.74
blend,1790326654.55,1.629,5.358,-44.74
blend,1790326655.01,1.629,5.358,-44.74
blend,1790326655.52,1.630,5.357,-44.75
blend,1790326656.03,1.631,5.357,-44.74
blend,1790326656.54,1.630,5.357,-44.74
blend,1790326657.01,1.631,5.357,-44.74
blend,1790326657.52,1.631,5.356,-44.75
blend,1790326658.03,1.632,5.356,-44.77
blend,1790326658.54,1.631,5.356,-44.78
blend,1790326659.00,1.630,5.357,-44.76
blend,1790326659.51,1.630,5.357,-44.76
blend,1790326660.03,1.630,5.357,-44.75
blend,1790326660.54,1.630,5.357,-44.74
blend,1790326661.05,1.630,5.357,-44.74
blend,1790326661.51,1.629,5.358,-44.73
blend,1790326662.02,1.631,5.356,-44.73
blend,1790326662.53,1.630,5.357,-44.75
blend,1790326663.05,1.630,5.357,-44.74
blend,1790326663.51,1.631,5.356,-44.74
blend,1790326664.02,1.631,5.356,-44.73
blend,1790326664.53,1.630,5.357,-44.74
blend,1790326665.04,1.631,5.357,-44.73
blend,1790326665.50,1.630,5.357,-44.72
blend,1790326666.01,1.628,5.359,-44.71
blend,1790326666.53,1.629,5.358,-44.71
blend,1790326667.04,1.629,5.359,-44.70
blend,1790326667.55,1.628,5.359,-44.71
blend,1790326668.01,1.629,5.358,-44.69
blend,1790326668.52,1.629,5.359,-44.70
blend,1790326669.03,1.629,5.358,-44.71
blend,1790326669.55,1.629,5.358,-44.70
blend,1790326670.01,1.629,5.358,-44.72
blend,1790326670.52,1.630,5.358,-44.71
blend,1790326671.03,1.629,5.358,-44.70
blend,1790326671.54,1.629,5.358,-44.72
blend,1790326672.00,1.630,5.357,-44.71
blend,1790326672.51,1.630,5.357,-44.72
blend,1790326673.03,1.630,5.358,-44.73
blend,1790326673.54,1.630,5.357,-44.74
blend,1790326674.05,1.629,5.358,-44.75
blend,1790326674.51,1.630,5.357,-44.75
blend,1790326675.02,1.630,5.357,-44.74
blend,1790326675.53,1.629,5.358,-44.74
blend,1790326676.04,1.630,5.357,-44.73
blend,1790326676.51,1.630,5.358,-44.73
blend,1790326677.02,1.631,5.356,-44.73
blend,1790326677.53,1.631,5.357,-44.72
blend,1790326678.04,1.631,5.356,-44.73
blend,1790326678.50,1.630,5.357,-44.73
blend,1790326679.01,1.631,5.356,-44.73
blend,1790326679.53,1.630,5.357,-44.70
blend,1790326680.04,1.630,5.357,-44.69
blend,1790326680.55,1.631,5.357,-44.71
blend,1790326681.01,1.631,5.357,-44.71
blend,1790326681.52,1.631,5.356,-44.71
blend,1790326682.03,1.632,5.355,-44.71
blend,1790326682.54,1.632,5.355,-44.71
blend,1790326683.01,1.632,5.356,-44.70
blend,1790326683.52,1.632,5.355,-44.70
blend,1790326684.03,1.632,5.355,-44.69
blend,1790326684.54,1.632,5.356,-44.69
blend,1790326685.00,1.631,5.356,-44.68
blend,1790326685.51,1.632,5.356,-44.67
blend,1790326686.02,1.633,5.354,-44.67
blend,1790326686.54,1.632,5.356,-44.66
blend,1790326687.05,1.632,5.356,-44.66
blend,1790326687.51,1.631,5.356,-44.67
blend,1790326688.02,1.632,5.356,-44.68
blend,1790326688.54,1.631,5.356,-44.68
blend,1790326689.04,1.632,5.356,-44.67
blend,1790326689.50,1.632,5.356,-44.67
blend,1790326690.02,1.632,5.355,-44.68
blend,1790326690.53,1.633,5.354,-44.68
blend,1790326691.04,1.634,5.354,-44.68
blend,1790326691.50,1.633,5.354,-44.68
blend,1790326692.01,1.633,5.354,-44.68
blend,1790326692.52,1.633,5.354,-44.68
blend,1790326693.04,1.633,5.354,-44.67
blend,1790326693.55,1.634,5.354,-44.68
blend,1790326694.01,1.634,5.353,-44.68
blend,1790326694.52,1.633,5.354,-44.68
blend,1790326695.03,1.632,5.355,-44.69
blend,1790326695.54,1.632,5.355,-44.69
blend,1790326696.00,1.632,5.355,-44.68
blend,1790326696.52,1.632,5.355,-44.70
blend,1790326697.03,1.635,5.352,-44.72
blend,1790326697.54,1.635,5.352,-44.73
blend,1790326698.00,1.634,5.353,-44.74
blend,1790326698.51,1.634,5.353,-44.73
blend,1790326699.02,1.635,5.353,-44.74
blend,1790326699.54,1.633,5.354,-44.74
blend,1790326700.05,1.633,5.354,-44.74
blend,1790326700.51,1.634,5.353,-44.73
blend,1790326701.02,1.636,5.351,-44.73
blend,1790326701.53,1.636,5.351,-44.73
blend,1790326702.04,1.633,5.354,-44.75
blend,1790326702.50,1.633,5.354,-44.74
blend,1790326703.02,1.633,5.354,-44.74
blend,1790326703.53,1.634,5.353,-44.75
blend,1790326704.04,1.634,5.354,-44.75
blend,1790326704.55,1.635,5.353,-44.76
blend,1790326705.01,1.635,5.353,-44.76
blend,1790326705.52,1.634,5.353,-44.77
robot,1790325031.89,0.000,0.000,0.00
robot,1790325032.01,0.000,0.000,-0.00
robot,1790325032.51,0.000,0.000,0.02
robot,1790325033.01,0.000,0.000,0.01
robot,1790325033.51,0.000,0.000,0.03
robot,1790325034.01,0.000,0.000,0.03
robot,1790325034.51,0.000,0.000,0.02
robot,1790325035.01,0.000,0.000,0.04
robot,1790325035.51,0.000,0.000,0.03
robot,1790325036.01,0.000,0.000,0.02
robot,1790325036.51,0.000,0.000,0.01
robot,1790325037.01,0.000,0.000,-0.01
robot,1790325037.51,0.000,0.000,-0.01
robot,1790325038.01,0.000,0.000,-0.02
robot,1790325038.51,0.000,0.000,-0.02
robot,1790325039.01,0.000,0.000,-0.05
robot,1790325039.51,0.000,0.000,-0.06
robot,1790325040.01,0.000,0.000,-0.07
robot,1790325040.51,0.000,0.000,-0.06
robot,1790325041.01,0.000,0.000,-0.07
robot,1790325041.51,0.000,0.000,-0.07
robot,1790325042.01,0.000,0.000,-0.07
robot,1790325042.51,0.000,0.000,-0.07
robot,1790325043.01,0.000,0.000,-0.08
robot,1790325043.51,0.000,0.000,-0.07
robot,1790325044.01,0.000,0.000,-0.08
robot,1790325044.51,0.000,0.000,-0.07
robot,1790325045.01,0.000,0.000,-0.06
robot,1790325045.51,0.000,0.000,-0.04
robot,1790325046.01,0.000,0.000,-0.05
robot,1790325046.51,0.000,0.000,-0.06
robot,1790325047.01,0.000,0.000,-0.07
robot,1790325047.51,0.000,0.000,-0.07
robot,1790325048.01,0.000,0.000,-0.08
robot,1790325048.51,0.000,0.000,-0.07
robot,1790325049.01,0.000,0.000,-0.07
robot,1790325049.51,0.000,0.000,-0.06
robot,1790325050.01,0.000,0.000,-0.06
robot,1790325050.51,0.000,0.000,-0.07
robot,1790325051.01,0.000,0.000,-0.07
robot,1790325051.51,0.000,0.000,-0.07
robot,1790325052.01,0.000,0.000,-0.06
robot,1790325052.51,0.000,0.000,-0.07
robot,1790325053.01,0.000,0.000,-0.08
robot,1790325053.51,0.000,0.000,-0.07
robot,1790325054.01,0.000,0.000,-0.08
robot,1790325054.51,0.000,0.000,-0.09
robot,1790325055.01,0.000,0.000,-0.10
robot,1790325055.51,0.000,0.000,-0.09
robot,1790325056.01,0.000,0.000,-0.09
robot,1790325056.51,0.000,0.000,-0.08
robot,1790325057.01,0.000,0.000,-0.07
robot,1790325057.51,0.000,0.000,-0.06
robot,1790325058.01,0.000,0.000,-0.05
robot,1790325058.51,0.000,0.000,-0.04
robot,1790325059.01,0.000,0.000,-0.02
robot,1790325059.51,0.000,0.000,-0.02
robot,1790325060.01,0.000,0.000,-0.01
robot,1790325060.51,0.000,0.000,-0.02
robot,1790325061.01,0.000,0.000,-0.03
robot,1790325061.51,0.000,0.000,-0.02
robot,1790325062.01,0.000,0.000,-0.02
robot,1790325062.51,0.000,0.000,-0.03
robot,1790325063.01,0.000,0.000,-0.03
robot,1790325063.51,0.000,0.000,-0.04
robot,1790325064.01,0.000,0.000,-0.06
robot,1790325064.51,0.000,0.000,-0.04
robot,1790325065.01,0.000,0.000,-0.04
robot,1790325065.51,0.000,0.000,-0.04
robot,1790325066.01,0.000,0.000,-0.05
robot,1790325066.51,0.000,0.000,-0.05
robot,1790325067.01,0.000,0.000,-0.04
robot,1790325067.51,0.000,0.000,-0.06
robot,1790325068.01,0.000,0.000,-0.07
robot,1790325068.51,0.000,0.000,-0.07
robot,1790325069.01,0.000,0.000,-0.08
robot,1790325069.51,0.000,0.000,-0.06
robot,1790325070.01,0.000,0.000,-0.05
robot,1790325070.51,0.000,0.000,-0.04
robot,1790325071.01,0.000,0.000,-0.03
robot,1790325071.51,0.000,0.000,-0.03
robot,1790325072.01,0.000,0.000,-0.03
robot,1790325072.51,0.000,0.000,-0.02
robot,1790325073.01,0.000,0.000,-0.00
robot,1790325073.51,0.000,0.000,-0.01
robot,1790325074.01,0.000,0.000,0.00
robot,1790325074.51,0.000,0.000,-0.02
robot,1790325075.01,0.000,0.000,-0.01
robot,1790325075.51,0.000,0.000,-0.02
robot,1790325076.01,0.000,0.000,-0.03
robot,1790325076.51,0.000,0.000,-0.03
robot,1790325077.01,0.000,0.000,-0.02
robot,1790325077.51,0.000,0.000,-0.03
robot,1790325078.01,0.000,0.000,-0.02
robot,1790325078.51,0.000,0.000,0.00
robot,1790325079.01,0.000,0.000,0.01
robot,1790325079.51,0.000,0.000,0.01
robot,1790325080.01,0.000,0.000,-0.01
robot,1790325080.51,0.000,0.000,-0.01
robot,1790325081.01,0.000,0.000,-0.00
robot,1790325081.51,0.000,0.000,-0.00
robot,1790325082.01,0.000,0.000,0.01
robot,1790325082.51,0.000,0.000,0.00
robot,1790325083.01,0.000,0.000,-0.00
robot,1790325083.51,0.000,0.000,-0.01
robot,1790325084.01,0.000,0.000,-0.01
robot,1790325084.51,0.000,0.000,0.01
robot,1790325085.01,0.000,0.000,0.02
robot,1790325085.51,0.000,0.000,0.03
robot,1790325086.01,0.000,0.000,0.02
robot,1790325086.51,0.000,0.000,0.03
robot,1790325087.01,0.000,0.000,0.03
robot,1790325087.51,0.000,0.000,0.04
robot,1790325088.01,0.000,0.000,0.03
robot,1790325088.51,0.000,0.000,0.03
robot,1790325089.01,0.000,0.000,0.04
robot,1790325089.51,0.000,0.000,0.06
robot,1790325090.01,0.000,0.000,0.05
robot,1790325090.51,0.000,0.000,0.07
robot,1790325091.01,0.000,0.000,0.07
robot,1790325091.51,0.000,0.000,0.08
robot,1790325092.01,0.000,0.000,0.09
robot,1790325092.51,0.000,0.000,0.09
robot,1790325093.01,0.000,0.000,0.08
robot,1790325093.51,0.000,0.000,0.07
robot,1790325094.01,0.000,0.000,0.08
robot,1790325094.51,0.000,0.000,0.09
robot,1790325095.01,0.000,0.000,0.08
robot,1790325095.51,0.000,0.000,0.08
robot,1790325096.01,0.000,0.000,0.09
robot,1790325096.51,0.000,0.000,0.09
robot,1790325097.01,0.000,0.000,0.10
robot,1790325097.51,0.000,0.000,0.08
robot,1790325098.01,0.000,0.000,0.10
robot,1790325098.51,0.000,0.000,0.12
robot,1790325099.01,0.000,0.000,0.13
robot,1790325099.51,0.000,0.000,0.14
robot,1790325100.01,0.000,0.000,0.14
robot,1790325100.51,0.000,0.000,0.15
robot,1790325101.01,0.000,0.000,0.15
robot,1790325101.51,0.000,0.000,0.15
robot,1790325102.01,0.000,0.000,0.15
robot,1790325102.51,0.000,0.000,0.14
robot,1790325103.01,0.000,0.000,0.15
robot,1790325103.51,0.000,0.000,0.15
robot,1790325104.01,0.000,0.000,0.13
robot,1790325104.51,0.000,0.000,0.14
robot,1790325105.01,0.000,0.000,0.15
robot,1790325105.51,0.000,0.000,0.16
robot,1790325106.01,0.000,0.000,0.16
robot,1790325106.51,0.000,0.000,0.16
robot,1790325107.01,0.000,0.000,0.17
robot,1790325107.51,0.000,0.000,0.18
robot,1790325108.01,0.000,0.000,0.19
robot,1790325108.51,0.000,0.000,0.20
robot,1790325109.01,0.000,0.000,0.19
robot,1790325109.51,0.000,0.000,0.20
robot,1790325110.01,0.000,0.000,0.20
robot,1790325110.51,0.000,0.000,0.21
robot,1790325111.01,0.000,0.000,0.21
robot,1790325111.51,0.000,0.000,0.21
robot,1790325112.01,0.000,0.000,0.22
robot,1790325112.51,0.000,0.000,0.22
robot,1790325113.01,0.000,0.000,0.22
robot,1790325113.51,0.000,0.000,0.22
robot,1790325114.01,0.000,0.000,0.21
robot,1790325114.51,0.000,0.000,0.22
robot,1790325115.01,0.000,0.000,0.21
robot,1790325115.51,0.000,0.000,0.22
robot,1790325116.01,0.000,0.000,0.21
robot,1790325116.51,0.000,0.000,0.22
robot,1790325117.01,0.000,0.000,0.20
robot,1790325117.51,0.000,0.000,0.21
robot,1790325118.01,0.000,0.000,0.21
robot,1790325118.51,0.000,0.000,0.22
robot,1790325119.01,0.000,0.000,0.21
robot,1790325119.51,0.000,0.000,0.22
robot,1790325120.01,0.000,0.000,0.21
robot,1790325120.51,0.000,0.000,0.21
robot,1790325121.01,0.000,0.000,0.21
robot,1790325121.50,0.000,0.000,0.22
robot,1790325122.01,0.000,0.000,0.21
robot,1790325122.51,0.000,0.000,0.23
robot,1790325123.01,0.000,0.000,0.21
robot,1790325123.51,0.000,0.000,0.22
robot,1790325124.01,0.000,0.000,0.23
robot,1790325124.51,0.000,0.000,0.22
robot,1790325125.01,0.000,0.000,0.21
robot,1790325125.51,0.000,0.000,0.19
robot,1790325126.01,0.000,0.000,0.17
robot,1790325126.51,0.000,0.000,0.19
robot,1790325127.01,0.000,0.000,0.20
robot,1790325127.51,0.000,0.000,0.20
robot,1790325128.01,0.000,0.000,0.20
robot,1790325128.51,0.000,0.000,0.21
robot,1790325129.01,0.000,0.000,0.20
robot,1790325129.51,0.000,0.000,0.22
robot,1790325130.01,0.000,0.000,0.21
robot,1790325130.51,0.000,0.000,0.24
robot,1790325131.01,0.000,0.000,0.23
robot,1790325131.51,0.000,0.000,0.23
robot,1790325132.01,0.000,0.000,0.25
robot,1790325132.51,0.000,0.000,0.25
robot,1790325133.01,0.000,0.000,0.25
robot,1790325133.51,0.000,0.000,0.25
robot,1790325134.01,0.000,0.000,0.26
robot,1790325134.51,0.000,0.000,0.28
robot,1790325135.01,0.000,0.000,0.29
robot,1790325135.51,0.000,0.000,0.27
robot,1790325136.01,0.000,0.000,0.26
robot,1790325136.51,0.000,0.000,0.27
robot,1790325137.01,0.000,0.000,0.26
robot,1790325137.51,0.000,0.000,0.26
robot,1790325138.01,0.000,0.000,0.27
robot,1790325138.51,0.000,0.000,0.26
robot,1790325139.01,0.000,0.000,0.28
robot,1790325139.51,0.000,0.000,0.28
robot,1790325140.01,0.000,0.000,0.26
robot,1790325140.51,0.000,0.000,0.28
robot,1790325141.01,0.000,0.000,0.25
robot,1790325141.51,0.000,0.000,0.24
robot,1790325142.01,0.000,0.000,0.25
robot,1790325142.51,0.000,0.000,0.25
robot,1790325143.01,0.000,0.000,0.26
robot,1790325143.51,0.000,0.000,0.24
robot,1790325144.01,0.000,0.000,0.25
robot,1790325144.51,0.000,0.000,0.25
robot,1790325145.01,0.000,0.000,0.26
robot,1790325145.51,0.000,0.000,0.25
robot,1790325146.01,0.000,0.000,0.24
robot,1790325146.51,0.000,0.000,0.24
robot,1790325147.01,0.000,0.000,0.24
robot,1790325147.51,0.000,0.000,0.24
robot,1790325148.01,0.000,0.000,0.26
robot,1790325148.51,0.000,0.000,0.28
robot,1790325149.01,0.000,0.000,0.29
robot,1790325149.51,0.000,0.000,0.29
robot,1790325150.01,0.000,0.000,0.27
robot,1790325150.51,0.000,0.000,0.28
robot,1790325151.01,0.000,0.000,0.26
robot,1790325151.51,0.000,0.000,0.27
robot,1790325152.01,0.000,0.000,0.26
robot,1790325152.51,0.000,0.000,0.27
robot,1790325153.01,0.000,0.000,0.26
robot,1790325153.51,0.000,0.000,0.26
robot,1790325154.01,0.000,0.000,0.25
robot,1790325154.51,0.000,0.000,0.26
robot,1790325155.01,0.000,0.000,0.27
robot,1790325155.51,0.000,0.000,0.26
robot,1790325156.01,0.000,0.000,0.27
robot,1790325156.51,0.000,0.000,0.26
robot,1790325157.01,0.000,0.000,0.27
robot,1790325157.51,0.000,0.000,0.27
robot,1790325158.01,0.000,0.000,0.28
robot,1790325158.51,0.000,0.000,0.28
robot,1790325159.01,0.000,0.000,0.27
robot,1790325159.51,0.000,0.000,0.29
robot,1790325160.01,0.000,0.000,0.30
robot,1790325160.51,0.000,0.000,0.31
robot,1790325161.01,0.000,0.000,0.31
robot,1790325161.51,0.000,0.000,0.32
robot,1790325162.01,0.000,0.000,0.30
robot,1790325162.51,0.000,0.000,0.31
robot,1790325163.01,0.000,0.000,0.32
robot,1790325163.51,0.000,0.000,0.31
robot,1790325164.01,0.000,0.000,0.30
robot,1790325164.51,0.000,0.000,0.29
robot,1790325165.01,0.000,0.000,0.30
robot,1790325165.51,0.000,0.000,0.29
robot,1790325166.01,0.000,0.000,0.28
robot,1790325166.51,0.000,0.000,0.29
robot,1790325167.01,0.000,0.000,0.29
robot,1790325167.51,0.000,0.000,0.30
robot,1790325168.01,0.000,0.000,0.31
robot,1790325168.51,0.000,0.000,0.33
robot,1790325169.01,0.000,0.000,0.34
robot,1790325169.51,0.000,0.000,0.33
robot,1790325170.01,0.000,0.000,0.35
robot,1790325170.51,0.000,0.000,0.35
robot,1790325171.01,0.000,0.000,0.36
robot,1790325171.51,0.000,0.000,0.37
robot,1790325172.01,0.000,0.000,0.38
robot,1790325172.51,0.000,0.000,0.39
robot,1790325173.01,0.000,0.000,0.37
robot,1790325173.51,0.000,0.000,0.39
robot,1790325174.01,0.000,0.000,0.37
robot,1790325174.51,0.000,0.000,0.38
robot,1790325175.01,0.000,0.000,0.38
robot,1790325175.51,0.000,0.000,0.39
robot,1790325176.01,0.000,0.000,0.38
robot,1790325176.51,0.000,0.000,0.37
robot,1790325177.01,0.000,0.000,0.37
robot,1790325177.51,0.000,0.000,0.37
robot,1790325178.01,0.000,0.000,0.37
robot,1790325178.51,0.000,0.000,0.38
robot,1790325179.01,0.000,0.000,0.38
robot,1790325179.51,0.000,0.000,0.39
robot,1790325180.01,0.000,0.000,0.40
robot,1790325180.51,0.000,0.000,0.39
robot,1790325181.01,0.000,0.000,0.41
robot,1790325181.51,0.000,0.000,0.40
robot,1790325182.01,0.000,0.000,0.39
robot,1790325182.51,0.000,0.000,0.38
robot,1790325183.01,0.000,0.000,0.38
robot,1790325183.51,0.000,0.000,0.40
robot,1790325184.01,0.000,0.000,0.40
robot,1790325184.51,0.000,0.000,0.41
robot,1790325185.01,0.000,0.000,0.42
robot,1790325185.51,0.000,0.000,0.41
robot,1790325186.01,0.000,0.000,0.40
robot,1790325186.51,0.000,0.000,0.42
robot,1790325187.01,0.000,0.000,0.42
robot,1790325187.51,0.000,0.000,0.42
robot,1790325188.01,0.000,0.000,0.44
robot,1790325188.51,0.000,0.000,0.44
robot,1790325189.01,0.000,0.000,0.45
robot,1790325189.51,0.000,0.000,0.44
robot,1790325190.01,0.000,0.000,0.44
robot,1790325190.51,0.000,0.000,0.45
robot,1790325191.01,0.000,0.000,0.45
robot,1790325191.51,0.000,0.000,0.46
robot,1790325192.01,0.000,0.000,0.48
robot,1790325192.51,0.000,0.000,0.49
robot,1790325193.01,0.000,0.000,0.51
robot,1790325193.51,0.000,0.000,0.51
robot,1790325194.01,0.000,0.000,0.51
robot,1790325194.51,0.000,0.000,0.50
robot,1790325195.01,0.000,0.000,0.50
robot,1790325195.51,0.000,0.000,0.51
robot,1790325196.01,0.000,0.000,0.51
robot,1790325196.51,0.000,0.000,0.51
robot,1790325197.01,0.000,0.000,0.52
robot,1790325197.51,0.000,0.000,0.51
robot,1790325198.01,0.000,0.000,0.52
robot,1790325198.51,0.000,0.000,0.52
robot,1790325199.01,0.000,0.000,0.52
robot,1790325199.51,0.000,0.000,0.51
robot,1790325200.01,0.000,0.000,0.51
robot,1790325200.51,0.000,0.000,0.51
robot,1790325201.01,0.000,0.000,0.51
robot,1790325201.51,0.000,0.000,0.52
robot,1790325202.01,0.000,0.000,0.52
robot,1790325202.51,0.000,0.000,0.52
robot,1790325203.01,0.000,0.000,0.52
robot,1790325203.51,0.000,0.000,0.54
robot,1790325204.01,0.000,0.000,0.54
robot,1790325204.51,0.000,0.000,0.53
robot,1790325205.01,0.000,0.000,0.54
robot,1790325205.51,0.000,0.000,0.55
robot,1790325206.01,0.000,0.000,0.54
robot,1790325206.51,0.000,0.000,0.55
robot,1790325207.01,0.000,0.000,0.56
robot,1790325207.51,0.000,0.000,0.58
robot,1790325208.01,0.000,0.000,0.59
robot,1790325208.51,0.000,0.000,0.57
robot,1790325209.01,0.000,0.000,0.60
robot,1790325209.51,0.000,0.000,0.59
robot,1790325210.01,0.000,0.000,0.61
robot,1790325210.51,0.000,0.000,0.60
robot,1790325211.01,0.000,0.000,0.61
robot,1790325211.51,0.000,0.000,0.61
robot,1790325212.01,0.000,0.000,0.61
robot,1790325212.51,0.000,0.000,0.62
robot,1790325213.01,0.000,0.000,0.63
robot,1790325213.51,0.000,0.000,0.63
robot,1790325214.01,0.000,0.000,0.64
robot,1790325214.51,0.000,0.000,0.64
robot,1790325215.01,0.000,0.000,0.64
robot,1790325215.51,0.000,0.000,0.63
robot,1790325216.01,0.000,0.000,0.61
robot,1790325216.51,0.000,0.000,0.63
robot,1790325217.01,0.000,0.000,0.64
robot,1790325217.51,0.000,0.000,0.66
robot,1790325218.01,0.000,0.000,0.67
robot,1790325218.51,0.000,0.000,0.68
robot,1790325219.01,0.000,0.000,0.66
robot,1790325219.51,0.000,0.000,0.67
robot,1790325220.01,0.000,0.000,0.67
robot,1790325220.51,0.000,0.000,0.68
robot,1790325221.01,0.000,0.000,0.69
robot,1790325221.51,0.000,0.000,0.71
robot,1790325222.01,0.000,0.000,0.72
robot,1790325222.51,0.000,0.000,0.74
robot,1790325223.01,0.000,0.000,0.73
robot,1790325223.51,0.000,0.000,0.74
robot,1790325224.01,0.000,0.000,0.75
robot,1790325224.51,0.000,0.000,0.74
robot,1790325225.01,0.000,0.000,0.75
robot,1790325225.51,0.000,0.000,0.76
robot,1790325226.01,0.000,0.000,0.76
robot,1790325228.63,0.000,0.000,0.78
robot,1790325229.01,0.000,0.000,0.78
robot,1790325229.51,0.000,0.000,0.76
robot,1790325230.01,0.000,0.000,0.75
robot,1790325230.51,0.000,0.000,0.76
robot,1790325231.01,0.000,0.000,0.75
robot,1790325231.51,0.000,0.000,0.78
robot,1790325232.01,0.000,0.000,0.79
robot,1790325232.51,0.000,0.000,0.80
robot,1790325233.01,0.000,0.000,0.80
robot,1790325233.51,0.000,0.000,0.81
robot,1790325234.01,0.000,0.000,0.81
robot,1790325234.51,0.000,0.000,0.80
robot,1790325235.01,0.000,0.000,0.80
robot,1790325235.51,0.000,0.000,0.80
robot,1790325236.01,0.000,0.000,0.79
robot,1790325236.51,0.000,0.000,0.80
robot,1790325237.01,0.000,0.000,0.80
robot,1790325237.51,0.000,0.000,0.80
robot,1790325238.01,0.000,0.000,0.80
robot,1790325238.51,0.000,0.000,0.80
robot,1790325239.01,0.000,0.000,0.81
robot,1790325239.51,0.000,0.000,0.82
robot,1790325240.01,0.000,0.000,0.84
robot,1790325240.51,0.000,0.000,0.84
robot,1790325241.01,0.000,0.000,0.83
robot,1790325241.51,0.000,0.000,0.84
robot,1790325242.01,0.000,0.000,0.84
robot,1790325242.51,0.000,0.000,0.84
robot,1790325243.01,0.000,0.000,0.85
robot,1790325243.51,0.000,0.000,0.86
robot,1790325244.01,0.000,0.000,0.86
robot,1790325244.51,0.000,0.000,0.87
robot,1790325245.01,0.000,0.000,0.86
robot,1790325245.51,0.000,0.000,0.86
robot,1790325246.01,0.000,0.000,0.87
robot,1790325246.51,0.000,0.000,0.86
robot,1790325247.01,0.000,0.000,0.87
robot,1790325247.51,0.000,0.000,0.87
robot,1790325248.01,0.000,0.000,0.88
robot,1790325248.51,0.000,0.000,0.90
robot,1790325249.01,0.000,0.000,0.90
robot,1790325249.51,0.000,0.000,0.90
robot,1790325250.01,0.000,0.000,0.90
robot,1790325250.51,0.000,0.000,0.89
robot,1790325251.01,0.000,0.000,0.89
robot,1790325251.51,0.000,0.000,0.90
robot,1790325252.01,0.000,0.000,0.89
robot,1790325252.51,0.000,0.000,0.89
robot,1790325253.01,0.000,0.000,0.91
robot,1790325253.51,0.000,0.000,0.91
robot,1790325254.01,0.000,0.000,0.93
robot,1790325254.51,0.000,0.000,0.95
robot,1790325255.01,0.000,0.000,0.95
robot,1790325255.51,0.000,0.000,0.93
robot,1790325256.01,0.000,0.000,0.94
robot,1790325256.51,0.000,0.000,0.95
robot,1790325257.01,0.000,0.000,0.93
robot,1790325257.51,0.000,0.000,0.92
robot,1790325258.01,0.000,0.000,0.92
robot,1790325258.51,0.000,0.000,0.92
robot,1790325259.01,0.000,0.000,0.93
robot,1790325259.51,0.000,0.000,0.91
robot,1790325260.01,0.000,0.000,0.91
robot,1790325260.51,0.000,0.000,0.91
robot,1790325261.01,0.000,0.000,0.92
robot,1790325261.51,0.000,0.000,0.93
robot,1790325262.01,0.000,0.000,0.96
robot,1790325262.51,0.000,0.000,0.94
robot,1790325263.01,0.000,0.000,0.96
robot,1790325263.51,0.000,0.000,0.97
robot,1790325264.01,0.000,0.000,0.96
robot,1790325264.51,0.000,0.000,0.95
robot,1790325265.01,0.000,0.000,0.93
robot,1790325265.51,0.000,0.000,0.94
robot,1790325266.01,0.000,0.000,0.94
robot,1790325266.51,0.000,0.000,0.95
robot,1790325267.01,0.000,0.000,0.96
robot,1790325267.51,0.000,0.000,0.97
robot,1790325268.01,0.000,0.000,0.97
robot,1790325268.51,0.000,0.000,0.97
robot,1790325269.01,0.000,0.000,0.99
robot,1790325269.51,0.000,0.000,1.01
robot,1790325270.01,0.000,0.000,1.02
robot,1790325270.51,0.000,0.000,1.01
robot,1790325271.01,0.000,0.000,1.01
robot,1790325271.51,0.000,0.000,1.00
robot,1790325272.01,0.000,0.000,1.00
robot,1790325272.51,0.000,0.000,0.98
robot,1790325273.01,0.000,0.000,0.98
robot,1790325273.51,0.000,0.000,0.99
robot,1790325274.01,0.000,0.000,1.00
robot,1790325274.51,0.000,0.000,0.98
robot,1790325275.01,0.000,0.000,0.99
robot,1790325275.51,0.000,0.000,1.00
robot,1790325276.01,0.000,0.000,1.01
robot,1790325276.51,0.000,0.000,1.00
robot,1790325277.01,0.000,0.000,1.00
robot,1790325277.51,0.000,0.000,1.01
robot,1790325278.01,0.000,0.000,1.00
robot,1790325278.51,0.000,0.000,0.99
robot,1790325279.01,0.000,0.000,1.01
robot,1790325279.51,0.000,0.000,1.01
robot,1790325280.01,0.000,0.000,1.01
robot,1790325280.51,0.000,0.000,1.03
robot,1790325281.01,0.000,0.000,1.04
robot,1790325281.51,0.000,0.000,1.03
robot,1790325282.01,0.000,0.000,1.03
robot,1790325282.51,0.000,0.000,1.03
robot,1790325283.01,0.000,0.000,1.03
robot,1790325283.51,0.000,0.000,1.02
robot,1790325284.01,0.000,0.000,1.01
robot,1790325284.51,0.000,0.000,1.02
robot,1790325285.01,0.000,0.000,1.03
robot,1790325285.51,0.000,0.000,1.04
robot,1790325286.01,0.000,0.000,1.03
robot,1790325286.51,0.000,0.000,1.04
robot,1790325287.01,0.000,0.000,1.00
robot,1790325287.51,0.000,0.000,1.00
robot,1790325288.01,0.000,0.000,1.01
robot,1790325288.51,0.000,0.000,1.01
robot,1790325289.01,0.000,0.000,1.00
robot,1790325289.51,0.000,0.000,1.01
robot,1790325290.01,0.000,0.000,1.00
robot,1790325290.51,0.000,0.000,1.00
robot,1790325291.01,0.000,0.000,0.99
robot,1790325291.51,0.000,0.000,0.99
robot,1790325292.01,0.000,0.000,0.97
robot,1790325292.51,0.000,0.000,0.97
robot,1790325293.01,0.000,0.000,0.97
robot,1790325293.51,0.000,0.000,0.96
robot,1790325294.01,0.000,0.000,0.95
robot,1790325294.51,0.000,0.000,0.95
robot,1790325295.01,0.000,0.000,0.96
robot,1790325295.51,0.000,0.000,0.96
robot,1790325296.01,0.000,0.000,0.96
robot,1790325296.51,0.000,0.000,0.96
robot,1790325297.01,0.000,0.000,0.95
robot,1790325297.51,0.000,0.000,0.96
robot,1790325298.01,0.000,0.000,0.96
robot,1790325298.51,0.000,0.000,0.99
robot,1790325299.01,0.000,0.000,0.98
robot,1790325299.51,0.000,0.000,0.98
robot,1790325300.01,0.000,0.000,0.97
robot,1790325300.51,0.000,0.000,0.98
robot,1790325301.01,0.000,0.000,0.99
robot,1790325301.51,0.000,0.000,0.99
robot,1790325302.01,0.000,0.000,1.01
robot,1790325302.51,0.000,0.000,1.00
robot,1790325303.01,0.000,0.000,1.00
robot,1790325303.51,0.000,0.000,1.01
robot,1790325304.01,0.000,0.000,1.01
robot,1790325304.51,0.000,0.000,1.02
robot,1790325305.01,0.000,0.000,1.02
robot,1790325305.51,0.000,0.000,1.00
robot,1790325306.01,0.000,0.000,0.98
robot,1790325306.51,0.000,0.000,0.98
robot,1790325307.01,0.000,0.000,0.97
robot,1790325307.51,0.000,0.000,0.97
robot,1790325308.01,0.000,0.000,0.97
robot,1790325308.51,0.000,0.000,0.96
robot,1790325309.01,0.000,0.000,0.96
robot,1790325309.51,0.000,0.000,0.97
robot,1790325310.01,0.000,0.000,0.98
robot,1790325310.51,0.000,0.000,0.97
robot,1790325311.01,0.000,0.000,0.98
robot,1790325311.51,0.000,0.000,0.97
robot,1790325312.01,0.000,0.000,0.99
robot,1790325312.51,0.000,0.000,0.99
robot,1790325313.01,0.000,0.000,1.00
robot,1790325313.51,0.000,0.000,1.02
robot,1790325314.01,0.000,0.000,1.02
robot,1790325314.51,0.000,0.000,1.02
robot,1790325315.01,0.000,0.000,1.02
robot,1790325315.51,0.000,0.000,1.02
robot,1790325316.01,0.000,0.000,1.05
robot,1790325316.51,0.000,0.000,1.05
robot,1790325317.01,0.000,0.000,1.04
robot,1790325317.51,0.003,0.000,1.01
robot,1790325318.01,0.030,0.001,0.96
robot,1790325318.51,0.115,0.002,0.93
robot,1790325319.01,0.188,0.003,0.93
robot,1790325319.51,0.198,0.003,0.94
robot,1790325320.01,0.218,0.004,0.95
robot,1790325320.51,0.256,0.004,0.93
robot,1790325321.01,0.307,0.005,0.91
robot,1790325321.51,0.355,0.006,0.90
robot,1790325322.01,0.410,0.007,0.92
robot,1790325322.51,0.467,0.008,0.95
robot,1790325323.01,0.527,0.009,0.96
robot,1790325323.51,0.587,0.010,0.96
robot,1790325324.01,0.648,0.011,0.99
robot,1790325324.51,0.688,0.011,1.02
robot,1790325325.01,0.688,0.011,1.02
robot,1790325325.51,0.688,0.011,1.02
robot,1790325326.01,0.688,0.011,1.00
robot,1790325326.51,0.688,0.011,1.01
robot,1790325327.01,0.721,0.012,0.85
robot,1790325327.51,0.814,0.014,1.06
robot,1790325328.01,0.911,0.015,1.09
robot,1790325328.51,1.003,0.017,1.09
robot,1790325329.01,1.098,0.019,1.14
robot,1790325329.51,1.193,0.021,1.17
robot,1790325330.01,1.288,0.023,1.19
robot,1790325330.51,1.385,0.025,1.21
robot,1790325331.01,1.479,0.027,1.22
robot,1790325331.51,1.573,0.029,1.26
robot,1790325332.01,1.669,0.031,1.29
robot,1790325332.51,1.764,0.033,1.34
robot,1790325333.01,1.859,0.035,1.37
robot,1790325333.51,1.954,0.038,1.41
robot,1790325334.01,2.049,0.040,1.49
robot,1790325334.51,2.144,0.043,1.53
robot,1790325335.01,2.240,0.045,1.55
robot,1790325335.51,2.335,0.048,1.58
robot,1790325336.01,2.428,0.050,1.62
robot,1790325336.51,2.524,0.053,1.66
robot,1790325337.01,2.620,0.056,1.67
robot,1790325337.51,2.715,0.059,1.73
robot,1790325338.01,2.810,0.062,1.77
robot,1790325338.51,2.905,0.065,1.79
robot,1790325339.01,3.001,0.068,1.84
robot,1790325339.51,3.094,0.071,1.87
robot,1790325340.01,3.190,0.074,1.92
robot,1790325340.51,3.284,0.077,1.94
robot,1790325341.01,3.379,0.080,1.97
robot,1790325341.51,3.475,0.084,2.02
robot,1790325342.01,3.570,0.087,2.07
robot,1790325342.51,3.664,0.090,2.07
robot,1790325343.01,3.760,0.094,2.11
robot,1790325343.51,3.854,0.097,2.16
robot,1790325344.01,3.949,0.101,2.18
robot,1790325345.01,4.145,0.108,2.23
robot,1790325345.51,4.245,0.112,2.26
robot,1790325346.01,4.345,0.116,2.28
robot,1790325346.51,4.445,0.120,2.35
robot,1790325347.01,4.543,0.124,2.38
robot,1790325347.51,4.634,0.128,2.39
robot,1790325348.01,4.639,0.128,2.41
robot,1790325348.51,4.639,0.128,2.41
robot,1790325349.01,4.691,0.131,2.44
robot,1790325349.51,4.799,0.135,2.44
robot,1790325350.01,4.908,0.140,2.45
robot,1790325350.51,5.017,0.145,2.53
robot,1790325351.01,5.127,0.149,2.54
robot,1790325351.51,5.237,0.154,2.61
robot,1790325352.01,5.347,0.159,2.66
robot,1790325352.51,5.459,0.165,2.69
robot,1790325353.01,5.569,0.170,2.76
robot,1790325353.51,5.679,0.175,2.80
robot,1790325354.01,5.789,0.181,2.84
robot,1790325354.51,5.898,0.186,2.94
robot,1790325355.01,6.008,0.192,2.97
robot,1790325355.51,6.118,0.198,3.01
robot,1790325356.01,6.228,0.204,3.06
robot,1790325356.51,6.338,0.209,3.08
robot,1790325357.01,6.450,0.216,3.12
robot,1790325357.51,6.560,0.222,3.19
robot,1790325358.01,6.668,0.228,3.23
robot,1790325358.51,6.777,0.234,3.23
robot,1790325359.01,6.889,0.240,3.27
robot,1790325359.51,6.999,0.247,3.33
robot,1790325360.01,7.109,0.253,3.39
robot,1790325360.51,7.218,0.259,3.43
robot,1790325361.01,7.328,0.266,3.47
robot,1790325361.51,7.439,0.273,3.49
robot,1790325362.01,7.548,0.280,3.58
robot,1790325362.51,7.659,0.286,3.60
robot,1790325363.01,7.767,0.293,3.62
robot,1790325363.51,7.879,0.300,3.63
robot,1790325364.01,7.988,0.307,3.74
robot,1790325364.51,8.096,0.314,3.77
robot,1790325365.01,8.209,0.322,3.81
robot,1790325365.51,8.316,0.329,3.85
robot,1790325366.01,8.427,0.336,3.88
robot,1790325366.51,8.537,0.344,3.90
robot,1790325367.01,8.572,0.346,3.81
robot,1790325367.51,8.572,0.346,3.82
robot,1790325368.01,8.572,0.346,3.83
robot,1790325368.51,8.572,0.346,3.83
robot,1790325369.01,8.572,0.346,3.83
robot,1790325369.51,8.572,0.346,3.83
robot,1790325370.01,8.594,0.348,3.84
robot,1790325370.51,8.644,0.351,3.86
robot,1790325371.01,8.719,0.356,3.89
robot,1790325371.51,8.801,0.362,3.88
robot,1790325372.01,8.886,0.368,3.89
robot,1790325372.51,8.973,0.374,3.93
robot,1790325373.01,9.061,0.380,4.00
robot,1790325373.51,9.152,0.386,4.04
robot,1790325374.01,9.242,0.392,4.05
robot,1790325374.51,9.333,0.399,4.07
robot,1790325375.65,9.538,0.414,4.11
robot,1790325376.01,9.602,0.418,4.16
robot,1790325376.51,9.691,0.425,4.20
robot,1790325377.01,9.781,0.431,4.23
robot,1790325377.51,9.857,0.437,4.24
robot,1790325378.01,9.861,0.437,4.23
robot,1790325378.51,9.861,0.437,4.25
robot,1790325379.01,9.861,0.437,4.26
robot,1790325379.51,9.861,0.437,4.25
robot,1790325380.01,9.877,0.439,4.24
robot,1790325380.51,9.940,0.443,4.27
robot,1790325381.01,10.022,0.449,4.31
robot,1790325381.51,10.106,0.456,4.32
robot,1790325382.01,10.194,0.462,4.35
robot,1790325382.51,10.284,0.469,4.38
robot,1790325383.01,10.372,0.476,4.41
robot,1790325383.51,10.462,0.483,4.45
robot,1790325384.01,10.552,0.490,4.48
robot,1790325384.51,10.637,0.497,4.50
robot,1790325385.01,10.696,0.501,4.49
robot,1790325385.51,10.696,0.501,4.52
robot,1790325386.01,10.696,0.501,4.51
robot,1790325386.51,10.696,0.501,4.50
robot,1790325387.01,10.696,0.501,4.50
robot,1790325387.51,10.696,0.501,4.50
robot,1790325388.01,10.696,0.501,4.49
robot,1790325388.51,10.696,0.501,4.49
robot,1790325389.01,10.696,0.501,4.49
robot,1790325389.51,10.696,0.501,4.49
robot,1790325390.01,10.716,0.503,4.52
robot,1790325390.51,10.783,0.508,4.54
robot,1790325391.01,10.857,0.514,4.56
robot,1790325391.51,10.931,0.520,4.59
robot,1790325392.01,11.006,0.526,4.62
robot,1790325392.51,11.043,0.529,4.61
robot,1790325393.01,11.043,0.529,4.61
robot,1790325393.51,11.043,0.529,4.60
robot,1790325394.01,11.043,0.529,4.61
robot,1790325394.51,11.043,0.529,4.62
robot,1790325395.01,11.043,0.529,4.61
robot,1790325395.51,11.043,0.529,4.61
robot,1790325396.01,11.043,0.529,4.62
robot,1790325396.51,11.043,0.529,4.62
robot,1790325397.01,11.043,0.529,4.62
robot,1790325397.51,11.043,0.529,4.61
robot,1790325398.01,11.043,0.529,4.62
robot,1790325398.51,11.043,0.529,4.61
robot,1790325399.01,11.043,0.529,4.61
robot,1790325399.51,11.043,0.529,4.62
robot,1790325400.01,11.043,0.529,4.63
robot,1790325400.51,11.043,0.529,4.62
robot,1790325401.01,11.043,0.529,7.84
robot,1790325401.51,11.043,0.529,20.01
robot,1790325402.01,11.044,0.529,32.30
robot,1790325402.51,11.043,0.529,45.01
robot,1790325403.01,11.042,0.528,57.62
robot,1790325403.51,11.043,0.529,70.48
robot,1790325404.01,11.043,0.530,83.30
robot,1790325404.51,11.043,0.530,96.04
robot,1790325445.45,9.460,0.338,185.63
robot,1790325445.51,9.460,0.338,185.64
robot,1790325446.01,9.460,0.338,185.65
robot,1790325446.51,9.460,0.338,185.65
robot,1790325447.01,9.460,0.338,185.64
robot,1790325447.51,9.460,0.338,185.64
robot,1790325448.01,9.460,0.338,185.63
robot,1790325448.51,9.460,0.338,185.65
robot,1790325449.01,9.460,0.338,185.66
robot,1790325449.51,9.460,0.338,185.65
robot,1790325450.01,9.460,0.338,185.67
robot,1790325450.51,9.460,0.338,185.66
robot,1790325451.01,9.460,0.338,185.65
robot,1790325451.51,9.460,0.338,185.64
robot,1790325452.01,9.460,0.338,185.65
robot,1790325452.51,9.460,0.338,185.66
robot,1790325453.01,9.460,0.338,185.66
robot,1790325453.51,9.460,0.338,185.64
robot,1790325454.01,9.460,0.338,185.65
robot,1790325454.51,9.460,0.338,185.65
robot,1790325455.01,9.460,0.338,185.64
robot,1790325455.51,9.460,0.338,185.64
robot,1790325456.01,9.460,0.338,185.62
robot,1790325456.51,9.460,0.338,185.64
robot,1790325457.01,9.460,0.338,185.64
robot,1790325457.51,9.460,0.338,185.62
robot,1790325458.01,9.460,0.338,185.63
robot,1790325458.51,9.460,0.338,185.63
robot,1790325459.01,9.460,0.338,185.62
robot,1790325459.51,9.460,0.338,185.64
robot,1790325460.01,9.460,0.338,185.67
robot,1790325460.51,9.460,0.338,185.65
robot,1790325461.01,9.460,0.338,185.63
robot,1790325461.51,9.460,0.338,185.62
robot,1790325462.01,9.460,0.338,185.62
robot,1790325462.51,9.460,0.338,185.61
robot,1790325463.01,9.460,0.338,185.61
robot,1790325463.51,9.460,0.338,185.63
robot,1790325464.01,9.460,0.338,185.63
robot,1790325464.51,9.460,0.338,185.64
robot,1790325465.01,9.460,0.338,185.63
robot,1790325465.51,9.460,0.338,185.63
robot,1790325466.01,9.460,0.338,185.63
robot,1790325466.51,9.460,0.338,185.66
robot,1790325467.01,9.460,0.338,185.67
robot,1790325467.51,9.460,0.338,185.67
robot,1790325468.01,9.460,0.338,185.67
robot,1790325468.51,9.460,0.338,185.66
robot,1790325469.01,9.460,0.338,185.65
robot,1790325469.51,9.460,0.338,185.64
robot,1790325470.01,9.460,0.338,185.64
robot,1790325470.51,9.460,0.338,185.65
robot,1790325471.01,9.460,0.338,185.66
robot,1790325471.51,9.460,0.338,185.65
robot,1790325472.01,9.460,0.338,185.66
robot,1790325472.51,9.460,0.338,185.67
robot,1790325473.01,9.460,0.338,185.65
robot,1790325473.51,9.460,0.338,185.64
robot,1790325474.01,9.460,0.338,185.64
robot,1790325474.51,9.460,0.338,185.65
robot,1790325475.01,9.460,0.338,185.64
robot,1790325475.51,9.460,0.338,185.66
robot,1790325476.01,9.460,0.338,185.66
robot,1790325479.49,9.460,0.338,185.66
robot,1790325479.51,9.460,0.338,185.65
robot,1790325480.01,9.460,0.338,185.65
robot,1790325480.51,9.460,0.338,185.65
robot,1790325481.01,9.460,0.338,185.66
robot,1790325481.51,9.460,0.338,185.65
robot,1790325482.01,9.460,0.338,185.64
robot,1790325482.51,9.460,0.338,185.64
robot,1790325483.01,9.460,0.338,185.63
robot,1790325483.51,9.460,0.338,185.63
robot,1790325484.01,9.460,0.338,185.62
robot,1790325484.51,9.460,0.338,185.63
robot,1790325485.01,9.460,0.338,185.64
robot,1790325485.51,9.460,0.338,185.62
robot,1790325486.01,9.460,0.338,185.62
robot,1790325486.51,9.460,0.338,185.63
robot,1790325487.01,9.460,0.338,185.62
robot,1790325487.51,9.460,0.338,185.62
robot,1790325488.01,9.460,0.338,185.64
robot,1790325488.51,9.460,0.338,185.65
robot,1790325489.01,9.460,0.338,185.65
robot,1790325489.51,9.460,0.338,185.65
robot,1790325490.01,9.460,0.338,185.66
robot,1790325490.51,9.460,0.338,185.66
robot,1790325491.01,9.460,0.338,185.65
robot,1790325491.51,9.460,0.338,185.64
robot,1790325492.01,9.460,0.338,185.64
robot,1790325492.51,9.460,0.338,185.64
robot,1790325493.01,9.460,0.338,185.63
robot,1790325493.51,9.460,0.338,185.63
robot,1790325494.01,9.460,0.338,185.61
robot,1790325494.51,9.460,0.338,185.62
robot,1790325495.01,9.460,0.338,185.60
robot,1790325495.51,9.460,0.338,185.61
robot,1790325496.01,9.460,0.338,185.61
robot,1790325496.51,9.460,0.338,185.61
robot,1790325497.01,9.460,0.338,185.62
robot,1790325497.51,9.460,0.338,185.62
robot,1790325498.01,9.460,0.338,185.61
robot,1790325498.51,9.460,0.338,185.61
robot,1790325499.01,9.460,0.338,185.60
robot,1790325499.51,9.460,0.338,185.61
robot,1790325500.01,9.460,0.338,185.59
robot,1790325500.51,9.460,0.338,185.59
robot,1790325501.01,9.460,0.338,185.57
robot,1790325501.51,9.460,0.338,185.57
robot,1790325502.01,9.460,0.338,185.56
robot,1790325502.51,9.460,0.338,185.57
robot,1790325503.01,9.460,0.338,185.58
robot,1790325503.51,9.460,0.338,185.59
robot,1790325504.01,9.405,0.332,185.61
robot,1790325504.51,9.283,0.320,185.65
robot,1790325505.01,9.160,0.308,185.67
robot,1790325505.51,9.044,0.296,185.79
robot,1790325506.01,8.928,0.285,185.83
robot,1790325509.45,8.236,0.212,186.04
robot,1790325509.51,8.236,0.212,186.05
robot,1790325510.01,8.229,0.212,186.00
robot,1790325510.51,8.200,0.209,186.05
robot,1790325511.01,8.201,0.209,186.06
robot,1790325511.51,8.201,0.209,186.05
robot,1790325512.01,8.201,0.209,186.06
robot,1790325512.51,8.201,0.209,186.06
robot,1790325513.01,8.201,0.209,186.07
robot,1790325513.51,8.201,0.209,186.08
robot,1790325514.01,8.201,0.209,186.06
robot,1790325514.51,8.201,0.209,186.06
robot,1790325515.01,8.201,0.209,186.06
robot,1790325515.51,8.201,0.209,186.06
robot,1790325516.01,8.201,0.209,186.05
robot,1790325516.51,8.201,0.209,186.05
robot,1790325517.01,8.201,0.209,186.05
robot,1790325517.51,8.201,0.209,186.06
robot,1790325518.01,8.201,0.209,186.06
robot,1790325518.51,8.201,0.209,186.06
robot,1790325519.01,8.201,0.209,186.08
robot,1790325519.51,8.201,0.209,186.08
robot,1790325520.01,8.201,0.209,186.09
robot,1790325520.51,8.201,0.209,186.10
robot,1790325521.01,8.201,0.209,186.12
robot,1790325521.51,8.201,0.209,186.13
robot,1790325522.01,8.201,0.209,186.14
robot,1790325522.51,8.201,0.209,186.13
robot,1790325523.01,8.201,0.209,186.15
robot,1790325523.51,8.201,0.209,186.15
robot,1790325524.01,8.201,0.209,186.15
robot,1790325524.51,8.201,0.209,186.15
robot,1790325525.01,8.201,0.209,186.16
robot,1790325525.51,8.201,0.209,186.18
robot,1790325526.01,8.201,0.209,186.18
robot,1790325526.51,8.201,0.209,186.20
robot,1790325527.01,8.201,0.209,186.22
robot,1790325527.51,8.201,0.209,186.24
robot,1790325528.02,8.201,0.209,186.25
robot,1790325528.51,8.201,0.209,186.25
robot,1790325529.01,8.201,0.209,186.25
robot,1790325529.51,8.201,0.209,186.24
robot,1790325530.01,8.196,0.208,186.23
robot,1790325530.51,8.090,0.197,186.15
robot,1790325531.01,7.924,0.179,186.13
robot,1790325531.51,7.742,0.159,186.20
robot,1790325532.01,7.610,0.145,186.23
robot,1790325532.51,7.582,0.142,186.24
robot,1790325533.01,7.582,0.142,186.25
robot,1790325533.51,7.573,0.141,186.22
robot,1790325534.01,7.525,0.136,186.20
robot,1790325534.51,7.445,0.127,186.23
robot,1790325535.01,7.327,0.114,186.32
robot,1790325535.51,7.190,0.099,186.30
robot,1790325536.01,7.167,0.096,186.12
robot,1790325536.51,7.166,0.096,176.50
robot,1790325537.01,7.163,0.096,176.57
robot,1790325537.51,7.066,0.102,176.59
robot,1790325538.01,6.923,0.110,176.58
robot,1790325538.51,6.742,0.121,176.58
robot,1790325539.01,6.559,0.132,176.66
robot,1790325539.51,6.371,0.143,176.70
robot,1790325540.01,6.315,0.146,176.69
robot,1790325540.51,6.314,0.147,181.60
robot,1790325541.01,6.305,0.146,181.29
robot,1790325541.51,6.196,0.144,181.44
robot,1790325542.01,6.038,0.139,181.60
robot,1790325542.51,5.847,0.134,181.76
robot,1790325543.01,5.652,0.127,181.94
robot,1790325543.51,5.459,0.121,182.01
robot,1790325544.01,5.265,0.114,182.10
robot,1790325544.51,5.079,0.107,182.11
robot,1790325545.01,4.907,0.100,182.31
robot,1790325545.51,4.733,0.093,182.32
robot,1790325546.01,4.544,0.085,182.48
robot,1790325546.51,4.364,0.078,182.47
robot,1790325547.01,4.176,0.069,182.62
robot,1790325547.51,3.987,0.060,182.66
robot,1790325548.01,3.799,0.051,182.82
robot,1790325548.51,3.622,0.042,182.89
robot,1790325549.01,3.464,0.034,182.96
robot,1790325549.51,3.306,0.026,182.98
robot,1790325550.01,3.152,0.018,183.11
robot,1790325550.51,3.001,0.010,183.16
robot,1790325551.01,2.842,0.001,183.29
robot,1790325551.51,2.690,-0.008,183.28
robot,1790325552.01,2.532,-0.017,183.34
robot,1790325552.51,2.378,-0.026,183.39
robot,1790325553.01,2.223,-0.035,183.44
robot,1790325553.51,2.068,-0.045,183.52
robot,1790325554.01,1.912,-0.054,183.57
robot,1790325554.51,1.758,-0.064,183.66
robot,1790325555.01,1.606,-0.074,183.76
robot,1790325555.51,1.455,-0.084,183.82
robot,1790325556.01,1.359,-0.090,183.85
robot,1790325556.51,1.358,-0.090,183.85
robot,1790325557.01,1.358,-0.090,183.85
robot,1790325557.51,1.358,-0.090,183.86
robot,1790325558.01,1.358,-0.090,183.84
robot,1790325558.51,1.358,-0.090,183.86
robot,1790325559.01,1.359,-0.090,183.88
robot,1790325559.51,1.352,-0.091,183.93
robot,1790325560.01,1.312,-0.094,183.92
robot,1790325560.51,1.240,-0.099,183.93
robot,1790325561.01,1.165,-0.104,183.97
robot,1790325561.51,1.091,-0.109,183.99
robot,1790325562.01,1.015,-0.114,183.99
robot,1790325562.51,0.939,-0.120,184.02
robot,1790325563.01,0.859,-0.125,184.06
robot,1790325563.51,0.778,-0.131,184.12
robot,1790325564.01,0.704,-0.136,184.11
robot,1790325564.51,0.693,-0.137,184.16
robot,1790325565.01,0.693,-0.137,184.17
robot,1790325565.51,0.693,-0.137,184.16
robot,1790325566.01,0.693,-0.137,187.06
robot,1790325566.51,0.692,-0.137,194.95
robot,1790325567.01,0.692,-0.137,202.81
robot,1790325567.51,0.693,-0.137,210.79
robot,1790325568.01,0.693,-0.137,218.42
robot,1790325568.51,0.693,-0.137,226.07
robot,1790325569.01,0.692,-0.138,233.69
robot,1790325569.51,0.692,-0.138,241.25
robot,1790325570.01,0.692,-0.138,248.78
robot,1790325570.51,0.693,-0.138,256.31
robot,1790325571.01,0.693,-0.137,263.99
robot,1790325571.51,0.693,-0.138,266.13
robot,1790325572.01,0.693,-0.138,266.27
robot,1790325572.51,0.693,-0.138,267.23
robot,1790325573.01,0.693,-0.138,268.01
robot,1790325573.51,0.693,-0.138,267.85
robot,1790325574.01,0.693,-0.138,267.84
robot,1790325574.51,0.693,-0.138,267.85
robot,1790325575.01,0.693,-0.138,269.60
robot,1790325575.51,0.693,-0.138,270.48
robot,1790325576.01,0.693,-0.138,270.48
robot,1790325576.51,0.693,-0.138,270.48
robot,1790325577.01,0.693,-0.138,270.48
robot,1790325577.51,0.693,-0.140,270.60
robot,1790325578.01,0.694,-0.242,270.88
robot,1790325578.51,0.696,-0.401,270.85
robot,1790325579.01,0.698,-0.558,270.98
robot,1790325579.51,0.701,-0.714,271.02
robot,1790325580.01,0.704,-0.868,271.12
robot,1790325580.51,0.707,-1.016,271.17
robot,1790325581.01,0.710,-1.167,271.27
robot,1790325581.51,0.714,-1.318,271.29
robot,1790325582.01,0.717,-1.468,271.40
robot,1790325582.51,0.721,-1.618,271.44
robot,1790325583.01,0.724,-1.769,271.51
robot,1790325583.51,0.729,-1.919,271.62
robot,1790325584.01,0.733,-2.069,271.68
robot,1790325584.51,0.737,-2.215,271.73
robot,1790325585.01,0.742,-2.367,271.76
robot,1790325585.51,0.747,-2.518,271.81
robot,1790325586.01,0.751,-2.669,271.87
robot,1790325586.51,0.756,-2.818,271.92
robot,1790325587.01,0.762,-2.967,271.98
robot,1790325587.51,0.767,-3.118,272.03
robot,1790325588.01,0.772,-3.267,272.08
robot,1790325588.51,0.778,-3.417,272.14
robot,1790325589.01,0.784,-3.567,272.20
robot,1790325589.51,0.789,-3.717,272.26
robot,1790325590.01,0.796,-3.869,272.34
robot,1790325590.51,0.802,-4.017,272.40
robot,1790325591.01,0.808,-4.170,272.46
robot,1790325591.51,0.815,-4.317,272.52
robot,1790325592.01,0.821,-4.468,272.52
robot,1790325592.51,0.828,-4.618,272.57
robot,1790325593.01,0.835,-4.768,272.63
robot,1790325593.51,0.842,-4.919,272.69
robot,1790325594.01,0.849,-5.069,272.79
robot,1790325594.51,0.856,-5.219,272.84
robot,1790325595.01,0.864,-5.368,272.93
robot,1790325595.51,0.872,-5.518,272.98
robot,1790325596.01,0.879,-5.667,273.01
robot,1790325596.51,0.887,-5.815,273.04
robot,1790325597.01,0.889,-5.857,273.03
robot,1790325597.51,0.889,-5.857,273.03
robot,1790325598.01,0.889,-5.857,273.03
robot,1790325598.51,0.889,-5.857,273.04
robot,1790325599.01,0.889,-5.857,273.04
robot,1790325599.51,0.889,-5.857,273.04
robot,1790325600.01,0.889,-5.857,273.05
robot,1790325600.51,0.889,-5.857,273.05
robot,1790325601.01,0.889,-5.857,273.05
robot,1790325601.51,0.889,-5.857,273.05
robot,1790325602.01,0.889,-5.857,273.01
robot,1790325602.51,0.889,-5.857,273.00
robot,1790325603.01,0.889,-5.857,273.01
robot,1790325603.51,0.889,-5.857,273.00
robot,1790325604.01,0.890,-5.874,272.57
robot,1790325604.51,0.900,-6.067,272.85
robot,1790325605.01,0.910,-6.266,273.04
robot,1790325605.51,0.921,-6.464,273.14
robot,1790325606.01,0.932,-6.663,273.22
robot,1790325606.51,0.943,-6.862,273.30
robot,1790325607.01,0.955,-7.063,273.43
robot,1790325607.51,0.967,-7.261,273.55
robot,1790325608.01,0.980,-7.462,273.61
robot,1790325608.51,0.992,-7.664,273.69
robot,1790325609.01,1.005,-7.864,273.77
robot,1790325609.51,1.019,-8.063,273.81
robot,1790325610.01,1.032,-8.261,273.95
robot,1790325610.51,1.046,-8.460,274.04
robot,1790325611.01,1.060,-8.661,274.12
robot,1790325611.51,1.075,-8.860,274.14
robot,1790325612.01,1.089,-9.062,274.25
robot,1790325612.51,1.104,-9.261,274.35
robot,1790325613.01,1.119,-9.458,274.38
robot,1790325613.51,1.135,-9.659,274.44
robot,1790325614.01,1.150,-9.856,274.55
robot,1790325614.51,1.167,-10.058,274.64
robot,1790325615.01,1.183,-10.257,274.67
robot,1790325615.51,1.199,-10.457,274.84
robot,1790325616.01,1.216,-10.656,274.93
robot,1790325616.51,1.234,-10.854,274.97
robot,1790325617.01,1.251,-11.054,275.09
robot,1790325617.51,1.269,-11.251,275.17
robot,1790325618.01,1.287,-11.450,275.26
robot,1790325618.51,1.306,-11.653,275.29
robot,1790325619.01,1.325,-11.852,275.39
robot,1790325619.51,1.343,-12.050,275.37
robot,1790325620.01,1.362,-12.248,275.48
robot,1790325620.51,1.382,-12.451,275.66
robot,1790325621.01,1.401,-12.646,275.71
robot,1790325621.51,1.421,-12.844,275.75
robot,1790325622.01,1.441,-13.044,275.81
robot,1790325622.51,1.462,-13.245,275.97
robot,1790325623.91,1.521,-13.800,276.17
robot,1790325624.01,1.526,-13.842,276.21
robot,1790325624.51,1.547,-14.040,276.28
robot,1790325625.01,1.569,-14.240,276.33
robot,1790325625.51,1.591,-14.436,276.45
robot,1790325626.01,1.614,-14.636,276.51
robot,1790325626.51,1.634,-14.811,276.40
robot,1790325627.01,1.635,-14.819,276.46
robot,1790325627.51,1.635,-14.819,276.48
robot,1790325628.01,1.635,-14.819,276.47
robot,1790325628.51,1.635,-14.819,276.46
robot,1790325629.01,1.635,-14.819,276.46
robot,1790325629.51,1.635,-14.819,276.46
robot,1790325630.01,1.635,-14.819,276.45
robot,1790325630.51,1.635,-14.819,276.45
robot,1790325631.01,1.635,-14.819,276.44
robot,1790325631.51,1.635,-14.819,276.46
robot,1790325634.49,1.660,-15.038,276.51
robot,1790325634.51,1.660,-15.038,276.51
robot,1790325635.01,1.660,-15.038,276.51
robot,1790325635.51,1.660,-15.038,276.51
robot,1790325636.01,1.660,-15.038,276.50
robot,1790325636.51,1.660,-15.038,270.34
robot,1790325637.01,1.660,-15.038,263.86
robot,1790325637.51,1.660,-15.038,261.13
robot,1790325638.01,1.660,-15.037,251.36
robot,1790325638.51,1.660,-15.037,241.17
robot,1790325639.01,1.660,-15.037,231.28
robot,1790325639.51,1.659,-15.038,221.18
robot,1790325640.01,1.661,-15.037,211.28
robot,1790325640.51,1.659,-15.038,201.68
robot,1790325641.01,1.659,-15.038,192.06
robot,1790325641.51,1.660,-15.038,183.96
robot,1790325642.01,1.660,-15.038,184.39
robot,1790325642.51,1.660,-15.038,184.41
robot,1790325643.01,1.659,-15.038,184.42
robot,1790325643.51,1.659,-15.038,184.41
robot,1790325644.01,1.659,-15.038,184.40
robot,1790325644.51,1.659,-15.038,184.40
robot,1790325645.01,1.659,-15.038,184.41
robot,1790325645.51,1.659,-15.038,184.40
robot,1790325646.01,1.659,-15.038,184.40
robot,1790325646.51,1.659,-15.038,184.39
robot,1790325647.01,1.659,-15.038,182.42
robot,1790325647.51,1.660,-15.038,172.80
robot,1790325648.01,1.659,-15.038,162.81
robot,1790325648.51,1.660,-15.038,152.97
robot,1790325649.01,1.659,-15.037,143.12
robot,1790325649.51,1.659,-15.037,132.98
robot,1790325650.01,1.659,-15.038,129.50
robot,1790325650.51,1.659,-15.037,129.57
robot,1790325651.01,1.658,-15.036,129.58
robot,1790325651.51,1.658,-15.036,129.58
robot,1790325652.01,1.658,-15.036,129.60
robot,1790325652.51,1.658,-15.036,129.61
robot,1790325653.01,1.658,-15.036,129.61
robot,1790325653.51,1.658,-15.036,129.61
robot,1790325654.01,1.658,-15.036,129.61
robot,1790325654.51,1.658,-15.036,129.61
robot,1790325655.01,1.658,-15.036,124.11
robot,1790325655.51,1.658,-15.036,116.93
robot,1790325656.01,1.659,-15.036,110.13
robot,1790325656.51,1.659,-15.037,103.08
robot,1790325657.01,1.659,-15.037,95.77
robot,1790325657.51,1.659,-15.037,90.62
robot,1790325658.01,1.659,-15.037,90.71
robot,1790325658.51,1.659,-15.037,90.71
robot,1790325659.01,1.659,-15.037,90.73
robot,1790325659.51,1.659,-15.037,90.73
robot,1790325660.01,1.659,-15.037,90.73
robot,1790325660.51,1.659,-15.037,90.74
robot,1790325661.01,1.659,-15.037,90.74
robot,1790325661.51,1.659,-15.037,90.73
robot,1790325662.01,1.659,-15.037,90.74
robot,1790325662.51,1.658,-15.000,90.76
robot,1790325663.01,1.657,-14.863,90.65
robot,1790325663.51,1.655,-14.700,90.68
robot,1790325664.01,1.653,-14.532,90.74
robot,1790325664.51,1.650,-14.362,90.86
robot,1790325665.01,1.648,-14.191,90.87
robot,1790325665.51,1.645,-14.018,91.01
robot,1790325666.01,1.642,-13.847,91.06
robot,1790325666.51,1.638,-13.673,91.08
robot,1790325667.01,1.635,-13.498,91.19
robot,1790325667.51,1.631,-13.321,91.25
robot,1790325668.01,1.627,-13.148,91.27
robot,1790325668.51,1.623,-12.973,91.36
robot,1790325669.01,1.619,-12.798,91.45
robot,1790325669.51,1.614,-12.621,91.50
robot,1790325670.01,1.610,-12.448,91.56
robot,1790325670.51,1.605,-12.272,91.58
robot,1790325671.01,1.600,-12.097,91.64
robot,1790325671.51,1.595,-11.923,91.71
robot,1790325672.01,1.590,-11.750,91.76
robot,1790325672.51,1.584,-11.576,91.84
robot,1790325673.01,1.579,-11.399,91.87
robot,1790325673.51,1.577,-11.336,91.75
robot,1790325674.01,1.577,-11.335,91.74
robot,1790325674.51,1.577,-11.336,91.77
robot,1790325675.01,1.577,-11.336,91.77
robot,1790325675.51,1.577,-11.336,91.74
robot,1790325676.01,1.577,-11.336,91.75
robot,1790325676.51,1.577,-11.336,91.76
robot,1790325677.01,1.577,-11.336,91.96
robot,1790325677.51,1.577,-11.336,93.88
robot,1790325678.01,1.577,-11.333,93.97
robot,1790325678.51,1.569,-11.221,94.11
robot,1790325679.01,1.555,-11.041,94.24
robot,1790325679.51,1.540,-10.839,94.37
robot,1790325680.01,1.525,-10.639,94.45
robot,1790325680.51,1.509,-10.437,94.50
robot,1790325681.01,1.493,-10.239,94.65
robot,1790325681.51,1.477,-10.037,94.70
robot,1790325682.01,1.460,-9.839,94.80
robot,1790325682.51,1.443,-9.639,94.90
robot,1790325683.01,1.426,-9.436,94.99
robot,1790325683.51,1.408,-9.241,95.08
robot,1790325684.01,1.391,-9.041,95.17
robot,1790325684.51,1.372,-8.840,95.30
robot,1790325685.01,1.354,-8.638,95.30
robot,1790325685.51,1.335,-8.440,95.32
robot,1790325686.01,1.316,-8.240,95.47
robot,1790325686.51,1.297,-8.043,95.60
robot,1790325687.01,1.277,-7.843,95.68
robot,1790325687.51,1.257,-7.645,95.77
robot,1790325688.01,1.237,-7.444,95.89
robot,1790325688.51,1.216,-7.246,95.93
robot,1790325689.01,1.196,-7.047,96.05
robot,1790325689.51,1.174,-6.843,96.13
robot,1790325690.01,1.152,-6.644,96.20
robot,1790325690.51,1.131,-6.447,96.26
robot,1790325691.01,1.109,-6.248,96.35
robot,1790325691.51,1.086,-6.048,96.44
robot,1790325692.01,1.064,-5.849,96.54
robot,1790325692.51,1.041,-5.647,96.61
robot,1790325693.01,1.017,-5.448,96.72
robot,1790325693.51,0.995,-5.255,96.72
robot,1790325694.01,0.971,-5.053,96.79
robot,1790325694.51,0.947,-4.855,96.90
robot,1790325695.01,0.923,-4.657,97.00
robot,1790325695.51,0.898,-4.456,97.07
robot,1790325696.01,0.874,-4.259,97.10
robot,1790325696.51,0.848,-4.058,97.24
robot,1790325697.01,0.823,-3.863,97.30
robot,1790325697.51,0.798,-3.665,97.38
robot,1790325698.01,0.772,-3.467,97.45
robot,1790325698.51,0.746,-3.270,97.50
robot,1790325699.01,0.720,-3.068,97.58
robot,1790325700.09,0.662,-2.639,97.72
robot,1790325700.51,0.639,-2.473,97.77
robot,1790325701.01,0.612,-2.276,97.82
robot,1790325701.51,0.585,-2.080,97.96
robot,1790325702.01,0.557,-1.882,98.01
robot,1790325702.51,0.532,-1.698,97.91
robot,1790325703.01,0.530,-1.686,97.25
robot,1790325703.51,0.530,-1.685,94.87
robot,1790325704.01,0.522,-1.580,94.19
robot,1790325704.51,0.507,-1.382,94.24
robot,1790325705.01,0.492,-1.182,94.32
robot,1790325705.51,0.477,-0.986,94.39
robot,1790325706.01,0.462,-0.785,94.48
robot,1790325706.51,0.446,-0.585,94.53
robot,1790325707.01,0.431,-0.402,94.45
robot,1790325707.51,0.430,-0.390,94.53
robot,1790325708.01,0.430,-0.390,94.53
robot,1790325708.51,0.430,-0.379,94.39
robot,1790325709.01,0.426,-0.327,94.38
robot,1790325709.51,0.426,-0.327,89.29
robot,1790325710.01,0.426,-0.327,81.90
robot,1790325710.51,0.426,-0.327,74.52
robot,1790325711.01,0.425,-0.328,67.09
robot,1790325711.51,0.425,-0.328,59.71
robot,1790325712.01,0.426,-0.327,52.13
robot,1790325712.51,0.426,-0.327,44.42
robot,1790325713.01,0.425,-0.327,37.28
robot,1790325713.51,0.425,-0.327,29.94
robot,1790325714.01,0.427,-0.326,29.13
robot,1790325714.51,0.492,-0.290,29.18
robot,1790325715.01,0.515,-0.277,29.23
robot,1790325715.51,0.515,-0.277,29.24
robot,1790325716.01,0.515,-0.277,23.16
robot,1790325716.51,0.516,-0.277,14.68
robot,1790325717.01,0.515,-0.277,11.85
robot,1790325717.51,0.516,-0.277,11.90
robot,1790325718.01,0.516,-0.277,11.92
robot,1790325718.51,0.516,-0.277,11.93
robot,1790325719.01,0.516,-0.277,11.93
robot,1790325719.51,0.516,-0.277,11.92
robot,1790325720.01,0.532,-0.274,11.10
robot,1790325720.51,0.669,-0.247,11.22
robot,1790325721.01,0.807,-0.219,11.19
robot,1790325721.51,0.943,-0.192,11.30
robot,1790325722.01,1.082,-0.164,11.36
robot,1790325722.51,1.220,-0.136,11.44
robot,1790325723.01,1.358,-0.108,11.51
robot,1790325723.51,1.492,-0.081,11.54
robot,1790325724.01,1.629,-0.053,11.59
robot,1790325724.51,1.768,-0.025,11.65
robot,1790325725.01,1.905,0.004,11.75
robot,1790325725.51,2.044,0.033,11.83
robot,1790325726.01,2.145,0.054,11.74
robot,1790325726.51,2.146,0.054,11.77
robot,1790325727.01,2.146,0.054,11.78
robot,1790325727.51,2.146,0.054,11.78
robot,1790325728.01,2.146,0.054,11.80
robot,1790325728.51,2.177,0.061,11.79
robot,1790325729.01,2.286,0.083,11.84
robot,1790325729.51,2.403,0.108,11.86
robot,1790325730.01,2.520,0.133,11.92
robot,1790325730.51,2.639,0.158,11.95
robot,1790325731.01,2.755,0.182,12.00
robot,1790325731.51,2.872,0.207,12.07
robot,1790325732.01,2.989,0.232,12.16
robot,1790325732.51,3.107,0.258,12.16
robot,1790325733.01,3.213,0.281,12.17
robot,1790325733.51,3.228,0.284,12.19
robot,1790325734.59,3.228,0.284,12.21
robot,1790325735.01,3.228,0.284,12.22
robot,1790325735.51,3.228,0.284,12.21
robot,1790325736.01,3.228,0.284,12.20
robot,1790325736.51,3.228,0.284,12.20
robot,1790325737.01,3.228,0.284,12.18
robot,1790325737.51,3.228,0.284,12.18
robot,1790325738.01,3.228,0.284,12.17
robot,1790325738.51,3.228,0.284,12.15
robot,1790325739.01,3.228,0.284,12.15
robot,1790325739.51,3.228,0.284,12.16
robot,1790325740.01,3.228,0.284,12.16
robot,1790325740.51,3.231,0.285,12.13
robot,1790325741.01,3.347,0.309,12.21
robot,1790325741.51,3.443,0.330,12.18
robot,1790325742.01,3.443,0.330,8.73
robot,1790325742.51,3.442,0.330,8.23
robot,1790325743.01,3.504,0.339,8.17
robot,1790325743.51,3.665,0.362,8.13
robot,1790325744.01,3.839,0.387,8.21
robot,1790325744.51,4.010,0.412,8.29
robot,1790325745.01,4.183,0.437,8.35
robot,1790325745.51,4.355,0.462,8.38
robot,1790325746.01,4.527,0.488,8.46
robot,1790325746.51,4.705,0.514,8.52
robot,1790325747.01,4.876,0.540,8.55
robot,1790325747.51,5.049,0.566,8.70
robot,1790325748.01,5.225,0.593,8.74
robot,1790325748.51,5.396,0.619,8.78
robot,1790325749.01,5.569,0.646,8.88
robot,1790325749.51,5.743,0.673,8.90
robot,1790325750.01,5.915,0.700,8.96
robot,1790325750.51,6.089,0.728,9.13
robot,1790325751.01,6.269,0.757,9.15
robot,1790325751.51,6.459,0.788,9.23
robot,1790325752.01,6.651,0.819,9.33
robot,1790325752.51,6.841,0.850,9.37
robot,1790325753.01,7.036,0.883,9.55
robot,1790325753.51,7.228,0.915,9.59
robot,1790325754.01,7.424,0.948,9.65
robot,1790325754.51,7.610,0.980,9.77
robot,1790325755.01,7.775,1.009,9.85
robot,1790325755.89,8.060,1.058,9.97
robot,1790325756.01,8.102,1.066,9.94
robot,1790325756.51,8.272,1.096,10.07
robot,1790325757.01,8.464,1.130,10.11
robot,1790325757.51,8.664,1.166,10.20
robot,1790325758.01,8.860,1.201,10.30
robot,1790325758.51,9.058,1.237,10.38
robot,1790325759.01,9.255,1.274,10.46
robot,1790325759.51,9.449,1.309,10.51
robot,1790325760.01,9.646,1.346,10.63
robot,1790325760.51,9.844,1.383,10.69
robot,1790325761.01,10.040,1.421,10.74
robot,1790325761.51,10.236,1.458,10.76
robot,1790325762.01,10.272,1.465,10.67
robot,1790325762.51,10.272,1.465,10.68
robot,1790325763.01,10.273,1.465,9.39
robot,1790325763.51,10.273,1.465,4.90
robot,1790325764.01,10.272,1.465,0.25
robot,1790325764.51,10.272,1.465,-4.32
robot,1790325765.01,10.272,1.465,-8.95
robot,1790325765.51,10.272,1.465,-13.72
robot,1790325766.01,10.273,1.465,-18.29
robot,1790325766.51,10.273,1.465,-23.15
robot,1790325767.01,10.273,1.465,-28.06
robot,1790325767.51,10.273,1.465,-32.90
robot,1790325768.01,10.273,1.465,-37.90
robot,1790325768.51,10.273,1.465,-43.94
robot,1790325769.01,10.273,1.465,-50.66
robot,1790325769.51,10.273,1.464,-57.48
robot,1790325770.01,10.273,1.465,-64.24
robot,1790325770.51,10.273,1.465,-70.81
robot,1790325771.01,10.272,1.465,-77.50
robot,1790325771.51,10.272,1.466,-84.16
robot,1790325772.01,10.273,1.465,-90.10
robot,1790325772.51,10.273,1.465,-89.85
robot,1790325773.01,10.273,1.466,-89.83
robot,1790325773.51,10.273,1.463,-89.85
robot,1790325774.01,10.273,1.417,-89.87
robot,1790325774.51,10.273,1.337,-89.95
robot,1790325775.01,10.273,1.258,-89.98
robot,1790325775.51,10.273,1.241,-89.90
robot,1790325776.01,10.273,1.241,-95.06
robot,1790325776.51,10.273,1.241,-101.79
robot,1790325777.01,10.273,1.242,-108.51
robot,1790325777.51,10.273,1.241,-115.18
robot,1790325778.01,10.273,1.242,-121.93
robot,1790325778.51,10.273,1.241,-128.50
robot,1790325779.01,10.273,1.241,-135.54
robot,1790325779.51,10.273,1.241,-143.73
robot,1790325780.01,10.273,1.241,-151.63
robot,1790325780.51,10.274,1.241,-159.25
robot,1790325781.01,10.273,1.241,-167.01
robot,1790325781.51,10.274,1.241,-174.70
robot,1790325782.01,10.273,1.241,-176.82
robot,1790325782.51,10.273,1.241,-176.76
robot,1790325783.01,10.273,1.241,-176.77
robot,1790325783.51,10.273,1.241,-176.79
robot,1790325784.01,10.273,1.241,-176.76
robot,1790325784.51,10.273,1.241,-176.76
robot,1790325785.01,10.273,1.241,-176.77
robot,1790325785.51,10.273,1.241,-176.75
robot,1790325786.01,10.273,1.241,-176.76
robot,1790325786.51,10.273,1.241,-176.74
robot,1790325788.41,10.257,1.240,-176.72
robot,1790325788.51,10.246,1.240,-176.88
robot,1790325789.01,10.146,1.234,-176.80
robot,1790325789.51,9.987,1.225,-176.84
robot,1790325790.01,9.827,1.216,-176.84
robot,1790325790.51,9.667,1.207,-176.79
robot,1790325791.01,9.508,1.198,-176.72
robot,1790325791.51,9.349,1.189,-176.68
robot,1790325792.01,9.189,1.180,-176.62
robot,1790325792.51,9.029,1.170,-176.57
robot,1790325793.01,8.869,1.161,-176.49
robot,1790325793.51,8.710,1.151,-176.45
robot,1790325794.01,8.548,1.141,-176.40
robot,1790325794.51,8.484,1.137,-176.43
robot,1790325795.01,8.483,1.137,-176.43
robot,1790325795.51,8.483,1.137,-176.43
robot,1790325796.01,8.483,1.137,-176.41
robot,1790325796.51,8.482,1.137,-176.43
robot,1790325797.01,8.421,1.133,-176.36
robot,1790325797.51,8.315,1.126,-176.32
robot,1790325798.01,8.210,1.119,-176.33
robot,1790325798.51,8.118,1.113,-176.32
robot,1790325799.01,8.025,1.107,-176.29
robot,1790325799.51,7.932,1.101,-176.42
robot,1790325800.01,7.803,1.094,-176.47
robot,1790325800.51,7.686,1.086,-176.53
robot,1790325801.01,7.588,1.081,-176.53
robot,1790325801.51,7.491,1.075,-176.46
robot,1790325802.01,7.388,1.068,-176.54
robot,1790325802.51,7.283,1.062,-176.40
robot,1790325803.01,7.158,1.054,-176.41
robot,1790325803.51,7.046,1.047,-176.33
robot,1790325804.01,6.936,1.040,-176.34
robot,1790325804.51,6.832,1.033,-176.28
robot,1790325805.01,6.737,1.027,-176.28
robot,1790325805.51,6.656,1.022,-176.27
robot,1790325806.01,6.647,1.021,-176.25
robot,1790325806.51,6.647,1.021,-169.63
robot,1790325807.01,6.636,1.019,-168.97
robot,1790325807.51,6.474,0.987,-168.73
robot,1790325808.01,6.273,0.947,-168.62
robot,1790325808.51,6.075,0.907,-168.48
robot,1790325809.01,5.879,0.867,-168.35
robot,1790325809.51,5.683,0.826,-168.28
robot,1790325810.01,5.486,0.785,-168.22
robot,1790325810.51,5.292,0.745,-168.17
robot,1790325811.01,5.097,0.704,-168.02
robot,1790325811.51,4.900,0.662,-167.92
robot,1790325812.01,4.705,0.620,-167.93
robot,1790325812.51,4.508,0.578,-167.83
robot,1790325813.01,4.463,0.568,-167.88
robot,1790325813.51,4.463,0.568,-167.86
robot,1790325814.01,4.463,0.568,-167.87
robot,1790325814.51,4.463,0.568,-167.87
robot,1790325815.01,4.463,0.568,-167.87
robot,1790325815.51,4.362,0.546,-167.85
robot,1790325816.01,4.198,0.511,-167.82
robot,1790325816.51,4.031,0.475,-167.78
robot,1790325817.01,3.870,0.440,-167.66
robot,1790325817.51,3.767,0.417,-167.67
robot,1790325818.01,3.766,0.417,-167.59
robot,1790325818.51,3.766,0.417,-167.58
robot,1790325819.01,3.766,0.417,-167.60
robot,1790325819.51,3.765,0.417,-167.60
robot,1790325820.01,3.714,0.405,-167.59
robot,1790325821.25,3.355,0.326,-167.44
robot,1790325821.51,3.278,0.309,-167.41
robot,1790325822.01,3.125,0.274,-167.36
robot,1790325822.51,3.052,0.258,-167.33
robot,1790325823.01,3.053,0.258,-167.75
robot,1790325823.51,3.053,0.258,-174.76
robot,1790325824.01,3.005,0.254,-175.17
robot,1790325824.51,2.842,0.240,-175.20
robot,1790325825.01,2.693,0.228,-175.19
robot,1790325825.51,2.549,0.216,-175.14
robot,1790325826.01,2.404,0.203,-175.09
robot,1790325826.51,2.259,0.191,-175.05
robot,1790325827.01,2.115,0.178,-174.96
robot,1790325827.51,1.969,0.165,-174.91
robot,1790325828.01,1.810,0.151,-174.82
robot,1790325828.51,1.635,0.135,-174.80
robot,1790325829.01,1.470,0.120,-174.69
robot,1790325829.51,1.301,0.104,-174.63
robot,1790325830.01,1.129,0.088,-174.56
robot,1790325830.51,0.960,0.071,-174.45
robot,1790325831.01,0.813,0.057,-174.52
robot,1790325831.51,0.805,0.056,-174.48
robot,1790325832.01,0.805,0.056,-174.48
robot,1790325832.51,0.796,0.056,-174.62
robot,1790325833.01,0.740,0.050,-174.62
robot,1790325833.51,0.739,0.050,-162.08
robot,1790325834.01,0.739,0.050,-158.59
robot,1790325834.51,0.744,0.053,-142.42
robot,1790325835.01,0.753,0.064,-122.75
robot,1790325835.51,0.758,0.073,-108.61
robot,1790325836.01,0.758,0.075,-103.86
robot,1790325836.51,0.758,0.075,-97.88
robot,1790325837.01,0.758,0.074,-97.75
robot,1790325837.51,0.735,-0.089,-97.61
robot,1790325838.01,0.720,-0.205,-97.61
robot,1790325838.51,0.720,-0.205,-97.61
robot,1790325839.01,0.720,-0.205,-97.60
robot,1790325839.51,0.720,-0.205,-97.59
robot,1790325840.01,0.720,-0.205,-97.58
robot,1790325840.51,0.720,-0.205,-97.60
robot,1790325841.01,0.720,-0.205,-97.60
robot,1790325841.51,0.720,-0.205,-97.61
robot,1790325842.01,0.720,-0.205,-97.63
robot,1790325842.51,0.720,-0.205,-97.61
robot,1790325843.01,0.720,-0.205,-97.62
robot,1790325843.51,0.720,-0.205,-97.62
robot,1790325844.01,0.720,-0.205,-97.61
robot,1790325844.51,0.720,-0.205,-97.61
robot,1790325845.01,0.720,-0.205,-97.62
robot,1790325845.51,0.720,-0.205,-97.62
robot,1790325846.01,0.720,-0.205,-97.61
robot,1790325846.51,0.720,-0.205,-97.60
robot,1790325847.01,0.720,-0.205,-97.62
robot,1790325847.51,0.720,-0.204,-97.61
robot,1790325848.01,0.720,-0.204,-97.61
robot,1790325848.51,0.720,-0.204,-97.58
robot,1790325849.01,0.720,-0.204,-97.59
robot,1790325849.51,0.719,-0.215,-97.52
robot,1790325850.01,0.703,-0.337,-97.48
robot,1790325850.51,0.683,-0.488,-97.40
robot,1790325851.01,0.667,-0.611,-97.38
robot,1790325851.51,0.651,-0.733,-97.35
robot,1790325852.01,0.633,-0.877,-96.31
robot,1790325852.51,0.631,-0.923,-80.29
robot,1790325853.01,0.631,-0.921,-71.79
robot,1790325853.51,0.636,-0.939,-71.66
robot,1790325854.01,0.664,-1.022,-71.61
robot,1790325854.51,0.703,-1.139,-71.41
robot,1790325855.01,0.746,-1.265,-71.33
robot,1790325855.51,0.771,-1.341,-71.31
robot,1790325856.01,0.771,-1.341,-71.31
robot,1790325856.51,0.771,-1.341,-71.30
robot,1790325857.01,0.771,-1.341,-71.31
robot,1790325857.51,0.771,-1.342,-77.39
robot,1790325858.01,0.771,-1.341,-82.96
robot,1790325858.51,0.771,-1.341,-84.10
robot,1790325859.01,0.771,-1.341,-86.61
robot,1790325859.51,0.771,-1.341,-86.72
robot,1790325860.01,0.771,-1.340,-87.01
robot,1790325860.51,0.772,-1.364,-87.64
robot,1790325861.01,0.781,-1.554,-87.47
robot,1790325861.51,0.789,-1.757,-87.47
robot,1790325862.01,0.798,-1.954,-87.47
robot,1790325862.51,0.807,-2.157,-87.33
robot,1790325863.01,0.817,-2.355,-87.26
robot,1790325863.51,0.826,-2.556,-87.24
robot,1790325864.01,0.836,-2.757,-87.14
robot,1790325864.51,0.846,-2.956,-87.08
robot,1790325865.01,0.857,-3.155,-86.99
robot,1790325865.51,0.867,-3.356,-87.00
robot,1790325866.01,0.878,-3.557,-86.89
robot,1790325866.51,0.889,-3.757,-86.77
robot,1790325867.01,0.900,-3.956,-86.74
robot,1790325867.51,0.912,-4.156,-86.65
robot,1790325868.01,0.924,-4.358,-86.59
robot,1790325868.51,0.936,-4.557,-86.54
robot,1790325869.39,0.957,-4.910,-86.43
robot,1790325869.51,0.960,-4.956,-86.40
robot,1790325870.01,0.973,-5.155,-86.31
robot,1790325870.51,0.986,-5.357,-86.28
robot,1790325871.01,0.999,-5.557,-86.19
robot,1790325871.51,1.012,-5.756,-86.08
robot,1790325872.01,1.026,-5.954,-86.03
robot,1790325872.51,1.040,-6.152,-85.96
robot,1790325873.01,1.054,-6.352,-85.85
robot,1790325873.51,1.069,-6.551,-85.76
robot,1790325874.01,1.084,-6.752,-85.71
robot,1790325874.51,1.099,-6.952,-85.60
robot,1790325875.01,1.114,-7.153,-85.54
robot,1790325875.51,1.130,-7.352,-85.46
robot,1790325876.01,1.146,-7.550,-85.43
robot,1790325876.51,1.162,-7.746,-85.34
robot,1790325877.01,1.178,-7.948,-85.23
robot,1790325877.51,1.195,-8.148,-85.23
robot,1790325878.01,1.212,-8.348,-85.13
robot,1790325878.51,1.229,-8.549,-85.05
robot,1790325879.01,1.246,-8.748,-85.00
robot,1790325879.51,1.264,-8.945,-84.89
robot,1790325880.01,1.282,-9.146,-84.82
robot,1790325880.51,1.300,-9.345,-84.74
robot,1790325881.01,1.318,-9.544,-84.74
robot,1790325881.51,1.337,-9.744,-84.63
robot,1790325882.01,1.356,-9.943,-84.56
robot,1790325882.51,1.375,-10.140,-84.53
robot,1790325883.01,1.394,-10.341,-84.41
robot,1790325883.51,1.414,-10.537,-84.31
robot,1790325884.01,1.434,-10.739,-84.20
robot,1790325884.51,1.454,-10.936,-84.12
robot,1790325885.01,1.475,-11.139,-84.04
robot,1790325885.51,1.496,-11.337,-83.94
robot,1790325886.01,1.517,-11.539,-83.90
robot,1790325886.51,1.539,-11.735,-83.76
robot,1790325887.01,1.543,-11.778,-83.89
robot,1790325887.51,1.543,-11.778,-83.89
robot,1790325888.01,1.543,-11.777,-83.89
robot,1790325888.51,1.543,-11.777,-83.88
robot,1790325889.01,1.543,-11.777,-83.88
robot,1790325889.51,1.543,-11.777,-89.75
robot,1790325890.01,1.543,-11.795,-90.19
robot,1790325890.51,1.543,-11.989,-90.00
robot,1790325891.01,1.543,-12.186,-89.92
robot,1790325891.51,1.544,-12.387,-89.78
robot,1790325892.01,1.545,-12.587,-89.71
robot,1790325892.51,1.546,-12.788,-89.60
robot,1790325893.01,1.548,-12.989,-89.54
robot,1790325893.51,1.549,-13.188,-89.46
robot,1790325894.01,1.551,-13.386,-89.39
robot,1790325894.51,1.554,-13.585,-89.30
robot,1790325895.01,1.556,-13.787,-89.20
robot,1790325895.51,1.559,-13.987,-89.15
robot,1790325896.01,1.562,-14.187,-89.13
robot,1790325896.51,1.565,-14.374,-89.27
robot,1790325897.01,1.565,-14.390,-89.13
robot,1790325897.51,1.565,-14.390,-89.12
robot,1790325898.01,1.565,-14.390,-89.12
robot,1790325898.51,1.566,-14.443,-89.21
robot,1790325899.01,1.569,-14.619,-89.14
robot,1790325899.51,1.570,-14.715,-89.14
robot,1790325900.01,1.570,-14.714,-89.15
robot,1790325900.51,1.570,-14.722,-89.12
robot,1790325901.01,1.572,-14.847,-89.09
robot,1790325901.51,1.573,-14.875,-89.11
robot,1790325902.01,1.573,-14.875,-89.11
robot,1790325902.51,1.573,-14.875,-89.12
robot,1790325903.01,1.573,-14.875,-89.11
robot,1790325903.51,1.573,-14.875,-89.10
robot,1790325904.01,1.573,-14.875,-89.09
robot,1790325904.51,1.573,-14.875,-87.17
robot,1790325905.01,1.571,-14.870,-69.18
robot,1790325905.51,1.572,-14.872,-55.88
robot,1790325906.01,1.572,-14.873,-56.16
robot,1790325906.51,1.573,-14.874,-49.59
robot,1790325907.01,1.572,-14.873,-40.10
robot,1790325907.51,1.572,-14.873,-40.57
robot,1790325908.01,1.572,-14.873,-40.60
robot,1790325909.17,1.572,-14.873,-40.63
robot,1790325909.51,1.572,-14.873,-38.84
robot,1790325910.01,1.571,-14.872,-26.82
robot,1790325910.52,1.569,-14.871,-16.21
robot,1790325911.01,1.569,-14.871,-16.69
robot,1790325911.51,1.569,-14.871,-16.70
robot,1790325912.01,1.569,-14.871,-16.71
robot,1790325912.51,1.569,-14.871,-9.04
robot,1790325913.01,1.569,-14.871,-2.11
robot,1790325913.51,1.568,-14.871,-2.27
robot,1790325914.01,1.568,-14.871,-2.27
robot,1790325914.51,1.568,-14.871,-2.28
robot,1790325915.01,1.568,-14.871,-2.29
robot,1790325915.51,1.569,-14.871,4.44
robot,1790325916.01,1.569,-14.871,5.63
robot,1790325916.51,1.570,-14.871,5.62
robot,1790325917.01,1.570,-14.871,5.61
robot,1790325917.51,1.569,-14.871,5.93
robot,1790325918.01,1.570,-14.871,11.78
robot,1790325918.51,1.570,-14.871,20.74
robot,1790325919.01,1.569,-14.871,20.46
robot,1790325919.51,1.569,-14.871,20.44
robot,1790325920.01,1.569,-14.871,29.06
robot,1790325920.51,1.567,-14.872,40.60
robot,1790325921.01,1.566,-14.873,40.76
robot,1790325921.51,1.566,-14.873,40.74
robot,1790325922.01,1.566,-14.873,40.70
robot,1790325922.51,1.566,-14.874,48.68
robot,1790325923.01,1.566,-14.873,50.63
robot,1790325923.51,1.566,-14.874,50.60
robot,1790325924.01,1.566,-14.874,50.57
robot,1790325924.51,1.566,-14.874,50.56
robot,1790325925.01,1.566,-14.874,52.26
robot,1790325925.51,1.566,-14.873,61.88
robot,1790325926.01,1.565,-14.875,72.44
robot,1790325926.51,1.566,-14.874,82.50
robot,1790325927.01,1.566,-14.874,85.26
robot,1790325927.51,1.566,-14.875,87.44
robot,1790325928.01,1.566,-14.874,90.03
robot,1790325928.51,1.566,-14.875,90.33
robot,1790325929.01,1.566,-14.874,90.20
robot,1790325929.51,1.566,-14.874,90.16
robot,1790325930.01,1.566,-14.874,90.15
robot,1790325930.51,1.566,-14.874,90.13
robot,1790325931.01,1.566,-14.874,90.12
robot,1790325931.51,1.566,-14.875,90.18
robot,1790325932.01,1.566,-14.830,90.28
robot,1790325932.51,1.565,-14.682,90.41
robot,1790325933.01,1.563,-14.515,90.44
robot,1790325933.51,1.562,-14.342,90.57
robot,1790325934.01,1.560,-14.173,90.73
robot,1790325934.51,1.558,-14.007,90.79
robot,1790325935.01,1.555,-13.835,90.87
robot,1790325935.51,1.553,-13.665,91.01
robot,1790325936.01,1.550,-13.495,91.00
robot,1790325936.51,1.546,-13.325,91.10
robot,1790325937.01,1.543,-13.153,91.20
robot,1790325937.51,1.540,-12.984,91.20
robot,1790325938.01,1.536,-12.818,91.27
robot,1790325938.51,1.532,-12.645,91.38
robot,1790325939.01,1.528,-12.473,91.43
robot,1790325939.51,1.524,-12.304,91.49
robot,1790325940.01,1.519,-12.132,91.50
robot,1790325940.51,1.514,-11.962,91.64
robot,1790325941.01,1.510,-11.793,91.66
robot,1790325941.51,1.504,-11.624,91.76
robot,1790325942.01,1.499,-11.451,91.88
robot,1790325942.51,1.493,-11.285,91.96
robot,1790325943.01,1.487,-11.114,92.01
robot,1790325943.51,1.481,-10.939,92.14
robot,1790325944.01,1.475,-10.764,92.11
robot,1790325944.51,1.468,-10.590,92.25
robot,1790325945.01,1.461,-10.413,92.34
robot,1790325945.51,1.454,-10.244,92.40
robot,1790325946.01,1.446,-10.065,92.44
robot,1790325946.51,1.439,-9.889,92.53
robot,1790325947.01,1.431,-9.712,92.57
robot,1790325947.51,1.423,-9.536,92.70
robot,1790325948.01,1.414,-9.362,92.69
robot,1790325948.51,1.406,-9.187,92.77
robot,1790325949.01,1.397,-9.013,92.90
robot,1790325949.51,1.389,-8.839,92.92
robot,1790325950.01,1.380,-8.665,92.99
robot,1790325950.51,1.370,-8.491,93.11
robot,1790325951.01,1.361,-8.314,93.16
robot,1790325951.51,1.351,-8.139,93.25
robot,1790325952.01,1.341,-7.965,93.35
robot,1790325952.51,1.330,-7.786,93.45
robot,1790325953.01,1.319,-7.612,93.57
robot,1790325953.51,1.309,-7.439,93.61
robot,1790325954.01,1.298,-7.264,93.62
robot,1790325954.51,1.286,-7.090,93.74
robot,1790325955.01,1.275,-6.914,93.82
robot,1790325955.51,1.263,-6.738,93.91
robot,1790325956.01,1.251,-6.563,93.98
robot,1790325956.51,1.238,-6.388,94.07
robot,1790325957.01,1.226,-6.209,94.19
robot,1790325957.51,1.212,-6.028,94.23
robot,1790325958.01,1.199,-5.851,94.36
robot,1790325958.51,1.185,-5.671,94.38
robot,1790325959.01,1.171,-5.490,94.51
robot,1790325959.51,1.157,-5.308,94.57
robot,1790325960.01,1.142,-5.126,94.65
robot,1790325960.51,1.127,-4.938,94.67
robot,1790325961.01,1.112,-4.757,94.83
robot,1790325961.51,1.096,-4.574,94.87
robot,1790325962.01,1.080,-4.385,94.98
robot,1790325962.51,1.063,-4.197,95.05
robot,1790325963.01,1.045,-3.997,95.22
robot,1790325963.51,1.027,-3.798,95.28
robot,1790325964.01,1.009,-3.603,95.31
robot,1790325964.51,0.990,-3.400,95.43
robot,1790325965.01,0.971,-3.204,95.57
robot,1790325965.51,0.951,-3.002,95.63
robot,1790325966.01,0.932,-2.804,95.66
robot,1790325966.51,0.912,-2.607,95.73
robot,1790325967.01,0.892,-2.405,95.83
robot,1790325967.51,0.871,-2.210,95.90
robot,1790325968.01,0.850,-2.007,95.99
robot,1790325968.51,0.829,-1.807,96.09
robot,1790325969.01,0.808,-1.608,96.16
robot,1790325969.51,0.786,-1.411,96.23
robot,1790325970.01,0.764,-1.211,96.37
robot,1790325970.51,0.742,-1.013,96.42
robot,1790325971.01,0.720,-0.815,96.48
robot,1790325971.51,0.697,-0.616,96.58
robot,1790325972.01,0.688,-0.538,96.56
robot,1790325972.51,0.688,-0.538,96.57
robot,1790325973.01,0.680,-0.468,96.60
robot,1790325976.51,0.641,-0.132,87.44
robot,1790325977.01,0.641,-0.131,78.06
robot,1790325977.51,0.640,-0.132,68.91
robot,1790325978.01,0.640,-0.132,59.72
robot,1790325978.51,0.640,-0.133,52.06
robot,1790325979.01,0.640,-0.133,52.44
robot,1790325979.51,0.640,-0.133,52.44
robot,1790325980.01,0.640,-0.133,52.43
robot,1790325980.51,0.641,-0.132,45.52
robot,1790325981.01,0.639,-0.133,36.40
robot,1790325981.51,0.640,-0.133,33.49
robot,1790325982.01,0.640,-0.133,33.51
robot,1790325982.51,0.640,-0.133,33.51
robot,1790325983.01,0.640,-0.133,33.52
robot,1790325983.51,0.640,-0.133,29.93
robot,1790325984.01,0.640,-0.133,19.58
robot,1790325984.51,0.641,-0.132,8.76
robot,1790325985.01,0.642,-0.132,3.74
robot,1790325985.51,0.641,-0.132,3.87
robot,1790325986.01,0.642,-0.132,3.87
robot,1790325986.51,0.642,-0.132,3.88
robot,1790325987.01,0.642,-0.132,3.86
robot,1790325987.51,0.649,-0.132,3.69
robot,1790325988.01,0.732,-0.127,3.59
robot,1790325988.51,0.857,-0.119,3.62
robot,1790325989.01,0.991,-0.110,3.63
robot,1790325989.51,1.124,-0.102,3.59
robot,1790325990.01,1.258,-0.093,3.65
robot,1790325990.51,1.394,-0.085,3.72
robot,1790325991.01,1.530,-0.076,3.75
robot,1790325991.51,1.665,-0.067,3.82
robot,1790325992.01,1.800,-0.058,3.84
robot,1790325992.51,1.932,-0.049,3.87
robot,1790325993.01,2.068,-0.040,3.92
robot,1790325993.51,2.201,-0.030,3.99
robot,1790325994.01,2.336,-0.021,4.06
robot,1790325994.51,2.472,-0.011,4.11
robot,1790325995.01,2.609,-0.001,4.13
robot,1790325995.51,2.744,0.008,4.15
robot,1790325996.01,2.880,0.018,4.18
robot,1790325996.51,3.014,0.028,4.28
robot,1790325997.01,3.146,0.038,4.30
robot,1790325997.51,3.281,0.048,4.36
robot,1790325998.01,3.415,0.059,4.40
robot,1790325998.51,3.550,0.069,4.40
robot,1790325999.01,3.684,0.079,4.47
robot,1790325999.51,3.820,0.090,4.48
robot,1790326000.01,3.956,0.101,4.51
robot,1790326000.51,4.089,0.111,4.61
robot,1790326001.01,4.224,0.122,4.62
robot,1790326001.51,4.357,0.133,4.66
robot,1790326002.01,4.491,0.144,4.72
robot,1790326002.51,4.628,0.155,4.76
robot,1790326003.01,4.760,0.166,4.79
robot,1790326003.51,4.785,0.168,4.77
robot,1790326004.01,4.785,0.168,4.77
robot,1790326004.51,4.785,0.168,4.77
robot,1790326005.01,4.785,0.168,8.33
robot,1790326005.51,4.785,0.168,9.57
robot,1790326006.77,4.895,0.187,9.75
robot,1790326007.01,4.946,0.196,9.74
robot,1790326007.51,5.044,0.213,9.83
robot,1790326008.01,5.141,0.230,9.87
robot,1790326008.51,5.241,0.247,9.98
robot,1790326009.01,5.338,0.264,10.02
robot,1790326009.51,5.438,0.282,10.12
robot,1790326010.01,5.538,0.300,10.16
robot,1790326010.51,5.643,0.319,10.19
robot,1790326011.01,5.751,0.338,10.23
robot,1790326011.51,5.860,0.358,10.25
robot,1790326012.01,5.969,0.378,10.30
robot,1790326012.51,6.078,0.397,10.30
robot,1790326013.01,6.187,0.417,10.37
robot,1790326013.51,6.294,0.437,10.41
robot,1790326014.01,6.404,0.457,10.45
robot,1790326014.51,6.511,0.477,10.49
robot,1790326015.01,6.620,0.497,10.53
robot,1790326015.51,6.728,0.517,10.56
robot,1790326016.01,6.837,0.538,10.63
robot,1790326016.51,6.946,0.558,10.64
robot,1790326017.01,7.056,0.579,10.69
robot,1790326017.51,7.164,0.599,10.72
robot,1790326018.01,7.270,0.619,10.78
robot,1790326018.51,7.381,0.640,10.83
robot,1790326019.01,7.486,0.661,10.88
robot,1790326019.51,7.596,0.682,10.89
robot,1790326020.01,7.705,0.703,10.91
robot,1790326020.51,7.814,0.724,10.93
robot,1790326021.01,7.922,0.745,10.96
robot,1790326021.51,8.031,0.766,11.00
robot,1790326022.01,8.142,0.788,11.04
robot,1790326022.51,8.248,0.808,11.10
robot,1790326023.01,8.356,0.829,11.12
robot,1790326023.51,8.464,0.851,11.18
robot,1790326024.01,8.576,0.873,11.24
robot,1790326024.51,8.687,0.895,11.26
robot,1790326025.01,8.798,0.917,11.33
robot,1790326025.51,8.908,0.939,11.37
robot,1790326026.01,9.018,0.961,11.41
robot,1790326026.51,9.128,0.984,11.48
robot,1790326027.01,9.238,1.006,11.52
robot,1790326027.51,9.349,1.029,11.54
robot,1790326028.01,9.460,1.051,11.60
robot,1790326028.51,9.543,1.068,11.62
robot,1790326029.01,9.545,1.069,11.63
robot,1790326029.51,9.544,1.069,10.01
robot,1790326030.01,9.545,1.069,9.54
robot,1790326030.51,9.546,1.069,7.41
robot,1790326031.01,9.576,1.073,7.18
robot,1790326031.51,9.697,1.088,7.11
robot,1790326032.01,9.824,1.104,7.13
robot,1790326032.51,9.941,1.118,7.10
robot,1790326033.01,10.057,1.133,7.15
robot,1790326033.51,10.177,1.148,7.14
robot,1790326034.01,10.296,1.163,7.18
robot,1790326034.51,10.407,1.177,7.19
robot,1790326035.01,10.414,1.178,7.18
robot,1790326035.51,10.416,1.178,7.15
robot,1790326036.01,10.513,1.190,7.12
robot,1790326036.51,10.626,1.204,7.13
robot,1790326037.01,10.637,1.206,7.15
robot,1790326037.51,10.637,1.205,7.17
robot,1790326038.01,10.637,1.205,7.17
robot,1790326038.51,10.637,1.205,7.16
robot,1790326039.01,10.637,1.205,7.18
robot,1790326039.51,10.637,1.205,7.09
robot,1790326040.01,10.637,1.205,-3.05
robot,1790326040.51,10.638,1.205,-14.38
robot,1790326041.01,10.636,1.206,-25.16
robot,1790326041.51,10.636,1.206,-24.54
robot,1790326042.01,10.635,1.206,-24.52
robot,1790326042.51,10.635,1.206,-24.50
robot,1790326043.01,10.635,1.206,-24.87
robot,1790326043.51,10.636,1.206,-35.18
robot,1790326044.01,10.636,1.206,-47.23
robot,1790326044.51,10.636,1.206,-51.74
robot,1790326045.01,10.636,1.205,-51.69
robot,1790326045.51,10.637,1.205,-51.66
robot,1790326046.01,10.637,1.205,-51.65
robot,1790326046.51,10.637,1.204,-55.08
robot,1790326047.01,10.637,1.205,-65.66
robot,1790326047.51,10.637,1.205,-71.28
robot,1790326048.01,10.637,1.204,-71.29
robot,1790326048.51,10.637,1.204,-71.28
robot,1790326049.01,10.637,1.204,-71.26
robot,1790326049.51,10.637,1.204,-71.26
robot,1790326050.01,10.637,1.204,-71.25
robot,1790326050.51,10.637,1.204,-71.38
robot,1790326051.01,10.637,1.206,-79.92
robot,1790326051.51,10.637,1.204,-83.30
robot,1790326052.01,10.637,1.204,-83.28
robot,1790326052.51,10.637,1.204,-83.29
robot,1790326053.01,10.637,1.204,-83.29
robot,1790326053.51,10.637,1.204,-83.31
robot,1790326054.01,10.637,1.204,-83.32
robot,1790326054.51,10.637,1.204,-83.33
robot,1790326055.01,10.637,1.204,-83.34
robot,1790326055.51,10.637,1.204,-83.34
robot,1790326056.01,10.637,1.204,-83.34
robot,1790326056.51,10.637,1.204,-83.34
robot,1790326057.01,10.637,1.204,-83.34
robot,1790326057.51,10.637,1.204,-83.35
robot,1790326058.01,10.637,1.204,-83.34
robot,1790326058.51,10.637,1.204,-83.35
robot,1790326059.01,10.637,1.204,-83.34
robot,1790326059.51,10.637,1.204,-83.34
robot,1790326060.01,10.637,1.204,-83.35
robot,1790326060.51,10.637,1.204,-83.34
robot,1790326061.01,10.637,1.204,-83.34
robot,1790326061.51,10.637,1.204,-83.35
robot,1790326062.01,10.637,1.204,-83.36
robot,1790326062.51,10.637,1.204,-83.34
robot,1790326063.01,10.637,1.204,-83.52
robot,1790326063.51,10.637,1.203,-85.39
robot,1790326064.01,10.637,1.203,-85.36
robot,1790326064.51,10.637,1.203,-85.37
robot,1790326065.01,10.637,1.203,-85.36
robot,1790326065.51,10.637,1.203,-85.35
robot,1790326066.01,10.637,1.203,-85.35
robot,1790326066.51,10.637,1.203,-85.31
robot,1790326067.01,10.637,1.203,-85.32
robot,1790326067.51,10.637,1.203,-85.30
robot,1790326068.01,10.637,1.203,-85.28
robot,1790326068.51,10.637,1.203,-85.29
robot,1790326069.01,10.637,1.203,-85.29
robot,1790326069.51,10.637,1.203,-85.30
robot,1790326070.01,10.637,1.203,-85.30
robot,1790326070.51,10.637,1.203,-85.31
robot,1790326071.01,10.637,1.203,-85.31
robot,1790326071.51,10.637,1.203,-85.33
robot,1790326072.01,10.637,1.203,-85.33
robot,1790326072.51,10.637,1.203,-85.58
robot,1790326073.01,10.637,1.203,-89.61
robot,1790326073.51,10.637,1.204,-95.12
robot,1790326074.01,10.637,1.204,-105.18
robot,1790326074.51,10.637,1.203,-104.31
robot,1790326075.01,10.637,1.203,-104.31
robot,1790326075.51,10.637,1.203,-105.50
robot,1790326076.01,10.637,1.202,-112.75
robot,1790326076.51,10.636,1.202,-119.35
robot,1790326077.01,10.636,1.201,-119.32
robot,1790326077.51,10.636,1.202,-119.75
robot,1790326078.01,10.636,1.201,-132.01
robot,1790326078.51,10.636,1.201,-132.95
robot,1790326079.01,10.636,1.201,-132.92
robot,1790326079.51,10.637,1.202,-136.02
robot,1790326080.01,10.636,1.202,-143.07
robot,1790326080.51,10.636,1.201,-142.74
robot,1790326081.01,10.636,1.201,-142.73
robot,1790326081.51,10.635,1.201,-156.55
robot,1790326082.01,10.635,1.201,-158.61
robot,1790326082.51,10.635,1.201,-158.59
robot,1790326083.01,10.635,1.201,-164.87
robot,1790326083.51,10.635,1.201,-165.90
robot,1790326084.01,10.635,1.201,-165.87
robot,1790326084.51,10.635,1.201,-166.39
robot,1790326085.01,10.635,1.201,-169.46
robot,1790326085.51,10.635,1.201,-169.37
robot,1790326086.01,10.635,1.201,-169.35
robot,1790326086.51,10.635,1.201,-169.34
robot,1790326087.01,10.635,1.201,-169.33
robot,1790326087.51,10.631,1.200,-169.52
robot,1790326088.01,10.525,1.180,-169.51
robot,1790326088.51,10.374,1.152,-169.53
robot,1790326089.01,10.216,1.123,-169.51
robot,1790326089.51,10.160,1.113,-169.57
robot,1790326090.01,10.160,1.113,-169.58
robot,1790326090.51,10.159,1.113,-172.40
robot,1790326091.01,10.160,1.113,-172.04
robot,1790326091.51,10.160,1.113,-172.03
robot,1790326092.01,10.160,1.113,-172.04
robot,1790326092.51,10.159,1.113,-178.03
robot,1790326093.01,10.160,1.113,-179.13
robot,1790326093.51,10.160,1.113,-179.12
robot,1790326094.01,10.160,1.113,-179.13
robot,1790326094.51,10.160,1.113,-179.10
robot,1790326095.01,10.160,1.113,-179.12
robot,1790326095.51,10.160,1.113,-179.11
robot,1790326096.01,10.160,1.113,-179.10
robot,1790326096.51,10.049,1.112,-179.51
robot,1790326097.01,9.855,1.110,-179.47
robot,1790326097.51,9.657,1.108,-179.41
robot,1790326098.01,9.480,1.106,-179.57
robot,1790326098.51,9.466,1.106,-179.50
robot,1790326099.01,9.466,1.106,-179.48
robot,1790326099.51,9.477,1.107,-176.98
robot,1790326100.01,9.481,1.107,-177.19
robot,1790326100.51,9.391,1.102,-176.85
robot,1790326101.01,9.251,1.094,-176.86
robot,1790326101.51,9.138,1.088,-176.81
robot,1790326102.01,9.027,1.082,-176.65
robot,1790326102.51,8.908,1.075,-176.56
robot,1790326103.01,8.793,1.068,-176.57
robot,1790326103.51,8.684,1.061,-176.50
robot,1790326104.01,8.574,1.055,-176.45
robot,1790326104.51,8.464,1.048,-176.37
robot,1790326105.01,8.346,1.040,-176.38
robot,1790326105.51,8.226,1.033,-176.32
robot,1790326106.01,8.107,1.025,-176.30
robot,1790326106.51,7.989,1.017,-176.21
robot,1790326107.01,7.868,1.009,-176.13
robot,1790326107.51,7.723,0.999,-176.02
robot,1790326108.01,7.581,0.989,-175.97
robot,1790326108.51,7.434,0.979,-175.92
robot,1790326109.01,7.286,0.969,-175.88
robot,1790326109.51,7.132,0.957,-175.80
robot,1790326110.01,6.977,0.946,-175.77
robot,1790326110.51,6.820,0.934,-175.72
robot,1790326111.01,6.660,0.922,-175.65
robot,1790326111.51,6.490,0.909,-175.52
robot,1790326112.01,6.319,0.896,-175.45
robot,1790326112.51,6.152,0.882,-175.38
robot,1790326113.01,5.982,0.869,-175.35
robot,1790326113.51,5.814,0.855,-175.21
robot,1790326114.01,5.640,0.840,-175.18
robot,1790326114.51,5.472,0.826,-175.12
robot,1790326115.00,5.307,0.811,-174.99
robot,1790326115.51,5.133,0.796,-175.01
robot,1790326116.01,4.963,0.781,-174.91
robot,1790326116.51,4.792,0.766,-174.81
robot,1790326117.01,4.624,0.751,-174.74
robot,1790326117.51,4.454,0.735,-174.70
robot,1790326118.01,4.288,0.719,-174.67
robot,1790326118.51,4.117,0.703,-174.56
robot,1790326119.01,3.949,0.687,-174.48
robot,1790326119.51,3.776,0.670,-174.39
robot,1790326120.01,3.610,0.654,-174.29
robot,1790326120.51,3.444,0.637,-174.32
robot,1790326121.01,3.272,0.620,-174.24
robot,1790326121.51,3.103,0.603,-174.13
robot,1790326122.01,3.047,0.597,-174.15
robot,1790326122.51,3.047,0.597,-174.14
robot,1790326123.01,2.975,0.590,-174.42
robot,1790326123.51,2.817,0.575,-174.37
robot,1790326124.01,2.660,0.559,-174.31
robot,1790326124.51,2.511,0.544,-174.31
robot,1790326125.01,2.368,0.530,-174.13
robot,1790326125.51,2.229,0.516,-174.12
robot,1790326126.01,2.112,0.504,-174.08
robot,1790326126.51,2.107,0.503,-174.08
robot,1790326127.01,2.080,0.500,-174.09
robot,1790326127.51,1.964,0.488,-174.05
robot,1790326128.01,1.899,0.481,-174.04
robot,1790326128.51,1.899,0.481,-174.03
robot,1790326129.01,1.853,0.476,-174.04
robot,1790326129.51,1.739,0.465,-173.98
robot,1790326130.01,1.587,0.448,-173.88
robot,1790326130.51,1.433,0.432,-173.83
robot,1790326131.01,1.281,0.415,-173.74
robot,1790326131.51,1.141,0.400,-173.68
robot,1790326132.01,1.113,0.397,-173.69
robot,1790326132.51,1.113,0.397,-173.69
robot,1790326133.01,1.113,0.397,-173.68
robot,1790326133.51,1.113,0.397,-173.68
robot,1790326134.01,1.113,0.397,-173.69
robot,1790326134.51,1.113,0.397,-171.20
robot,1790326135.01,1.113,0.397,-163.98
robot,1790326135.51,1.115,0.398,-156.31
robot,1790326136.01,1.119,0.400,-148.11
robot,1790326136.51,1.122,0.402,-139.93
robot,1790326137.01,1.125,0.405,-131.67
robot,1790326137.51,1.128,0.409,-123.52
robot,1790326138.01,1.130,0.413,-115.39
robot,1790326138.51,1.132,0.417,-107.36
robot,1790326139.01,1.132,0.417,-105.57
robot,1790326139.51,1.132,0.417,-105.59
robot,1790326140.01,1.132,0.417,-105.46
robot,1790326140.51,1.131,0.416,-95.72
robot,1790326141.01,1.131,0.417,-95.35
robot,1790326141.51,1.131,0.417,-95.38
robot,1790326142.01,1.131,0.417,-95.38
robot,1790326142.51,1.131,0.417,-95.37
robot,1790326143.01,1.131,0.414,-95.28
robot,1790326143.51,1.123,0.322,-95.23
robot,1790326144.01,1.116,0.250,-95.28
robot,1790326144.51,1.116,0.249,-86.10
robot,1790326145.01,1.116,0.249,-83.81
robot,1790326145.51,1.116,0.249,-83.81
robot,1790326146.01,1.116,0.249,-83.81
robot,1790326146.51,1.116,0.247,-76.77
robot,1790326147.01,1.116,0.247,-74.25
robot,1790326147.51,1.116,0.247,-74.26
robot,1790326148.01,1.116,0.247,-74.26
robot,1790326148.51,1.116,0.247,-73.69
robot,1790326149.01,1.116,0.247,-69.27
robot,1790326149.51,1.116,0.247,-66.45
robot,1790326150.01,1.116,0.247,-65.09
robot,1790326150.51,1.116,0.247,-57.05
robot,1790326151.01,1.117,0.246,-48.84
robot,1790326151.51,1.116,0.247,-40.75
robot,1790326152.01,1.117,0.246,-32.60
robot,1790326152.51,1.117,0.246,-31.93
robot,1790326153.01,1.117,0.246,-31.96
robot,1790326153.51,1.117,0.246,-31.96
robot,1790326154.01,1.117,0.246,-31.97
robot,1790326154.51,1.117,0.246,-29.50
robot,1790326155.01,1.113,0.248,-22.52
robot,1790326155.51,1.109,0.249,-15.34
robot,1790326156.01,1.105,0.250,-13.33
robot,1790326156.51,1.106,0.250,-9.89
robot,1790326157.01,1.106,0.250,-7.86
robot,1790326157.51,1.105,0.250,-4.25
robot,1790326158.01,1.107,0.250,-2.34
robot,1790326158.51,1.108,0.250,2.63
robot,1790326159.01,1.107,0.250,2.05
robot,1790326159.51,1.106,0.250,2.06
robot,1790326160.01,1.106,0.250,2.05
robot,1790326160.51,1.106,0.250,2.04
robot,1790326161.01,1.106,0.250,2.03
robot,1790326161.51,1.106,0.250,2.03
robot,1790326162.01,1.106,0.250,2.66
robot,1790326162.51,1.102,0.250,5.56
robot,1790326163.01,1.102,0.250,5.48
robot,1790326163.51,1.102,0.250,5.48
robot,1790326164.01,1.102,0.250,5.48
robot,1790326164.51,1.109,0.250,5.63
robot,1790326165.01,1.199,0.261,7.83
robot,1790326165.51,1.315,0.280,10.62
robot,1790326166.01,1.443,0.305,11.61
robot,1790326166.51,1.469,0.311,11.48
robot,1790326167.01,1.469,0.311,6.67
robot,1790326167.51,1.469,0.311,3.56
robot,1790326168.01,1.467,0.311,-2.64
robot,1790326168.51,1.469,0.311,-3.02
robot,1790326169.01,1.593,0.305,-2.88
robot,1790326169.51,1.748,0.297,-2.90
robot,1790326170.57,2.104,0.279,-2.83
robot,1790326171.01,2.254,0.272,-2.78
robot,1790326171.51,2.423,0.263,-2.70
robot,1790326172.01,2.522,0.259,-2.71
robot,1790326172.51,2.523,0.259,-2.69
robot,1790326173.01,2.523,0.259,-2.69
robot,1790326173.51,2.523,0.259,-2.69
robot,1790326174.01,2.523,0.259,2.03
robot,1790326174.51,2.523,0.259,1.89
robot,1790326175.01,2.523,0.259,1.87
robot,1790326175.51,2.577,0.261,2.07
robot,1790326176.01,2.766,0.268,2.19
robot,1790326176.51,2.953,0.275,2.38
robot,1790326177.01,3.133,0.283,2.46
robot,1790326177.51,3.170,0.284,3.55
robot,1790326178.01,3.169,0.284,7.24
robot,1790326178.51,3.177,0.285,7.38
robot,1790326179.01,3.315,0.303,7.47
robot,1790326179.51,3.483,0.325,7.63
robot,1790326180.01,3.649,0.348,7.78
robot,1790326180.51,3.816,0.371,7.87
robot,1790326181.01,3.989,0.395,7.90
robot,1790326181.51,4.153,0.418,7.96
robot,1790326182.01,4.316,0.441,8.06
robot,1790326182.51,4.480,0.464,8.10
robot,1790326183.01,4.641,0.487,8.14
robot,1790326183.51,4.807,0.511,8.26
robot,1790326184.01,4.970,0.535,8.33
robot,1790326184.51,5.134,0.559,8.38
robot,1790326185.01,5.297,0.583,8.40
robot,1790326185.51,5.456,0.606,8.44
robot,1790326186.01,5.616,0.630,8.52
robot,1790326186.51,5.771,0.654,8.64
robot,1790326187.01,5.929,0.678,8.69
robot,1790326187.51,6.087,0.702,8.73
robot,1790326188.01,6.242,0.726,8.77
robot,1790326188.51,6.394,0.749,8.85
robot,1790326189.01,6.546,0.773,8.91
robot,1790326189.51,6.701,0.798,8.97
robot,1790326190.01,6.853,0.822,9.03
robot,1790326190.51,7.008,0.846,9.10
robot,1790326191.01,7.159,0.871,9.16
robot,1790326191.51,7.313,0.895,9.25
robot,1790326192.01,7.457,0.919,9.30
robot,1790326194.51,8.139,1.032,9.49
robot,1790326195.01,8.142,1.032,9.52
robot,1790326195.51,8.142,1.032,9.51
robot,1790326196.01,8.142,1.032,9.50
robot,1790326196.51,8.142,1.032,9.49
robot,1790326197.01,8.141,1.032,9.50
robot,1790326197.51,8.142,1.032,9.49
robot,1790326198.01,8.141,1.032,9.50
robot,1790326198.51,8.141,1.032,9.51
robot,1790326199.01,8.141,1.032,9.51
robot,1790326199.51,8.141,1.032,9.50
robot,1790326200.01,8.141,1.032,9.50
robot,1790326200.51,8.141,1.032,9.50
robot,1790326201.01,8.141,1.032,9.49
robot,1790326201.51,8.141,1.032,9.50
robot,1790326202.01,8.141,1.032,9.51
robot,1790326202.51,8.141,1.032,9.49
robot,1790326203.01,8.141,1.032,9.49
robot,1790326203.51,8.141,1.032,9.48
robot,1790326204.01,8.141,1.032,9.48
robot,1790326204.51,8.141,1.032,9.48
robot,1790326205.01,8.141,1.032,9.50
robot,1790326205.51,8.141,1.032,9.49
robot,1790326206.01,8.141,1.032,9.47
robot,1790326206.51,8.141,1.032,9.47
robot,1790326207.01,8.141,1.032,9.46
robot,1790326207.51,8.141,1.032,9.45
robot,1790326208.01,8.141,1.032,9.45
robot,1790326208.51,8.141,1.032,9.46
robot,1790326209.01,8.141,1.032,9.45
robot,1790326209.51,8.141,1.032,9.45
robot,1790326210.01,8.141,1.032,9.44
robot,1790326210.51,8.141,1.032,9.45
robot,1790326211.01,8.163,1.036,9.38
robot,1790326211.51,8.287,1.056,9.37
robot,1790326212.01,8.453,1.084,9.47
robot,1790326212.51,8.619,1.111,9.53
robot,1790326213.01,8.787,1.140,9.57
robot,1790326213.51,8.954,1.168,9.66
robot,1790326214.01,9.126,1.197,9.80
robot,1790326214.51,9.292,1.226,9.86
robot,1790326215.01,9.460,1.255,9.93
robot,1790326215.51,9.628,1.285,10.01
robot,1790326216.01,9.796,1.315,10.11
robot,1790326216.51,9.962,1.344,10.17
robot,1790326217.01,10.130,1.375,10.22
robot,1790326217.51,10.238,1.394,10.31
robot,1790326218.01,10.238,1.394,10.31
robot,1790326218.51,10.238,1.394,10.31
robot,1790326219.01,10.238,1.394,10.32
robot,1790326219.51,10.238,1.394,10.31
robot,1790326220.01,10.239,1.394,0.52
robot,1790326220.51,10.237,1.394,-13.73
robot,1790326221.01,10.239,1.394,-28.53
robot,1790326221.51,10.237,1.396,-43.23
robot,1790326222.01,10.238,1.394,-45.19
robot,1790326222.51,10.238,1.394,-45.19
robot,1790326223.01,10.239,1.394,-45.17
robot,1790326223.51,10.239,1.393,-53.92
robot,1790326224.01,10.239,1.394,-61.26
robot,1790326224.51,10.239,1.394,-61.22
robot,1790326225.01,10.239,1.394,-61.21
robot,1790326225.51,10.239,1.394,-61.21
robot,1790326226.01,10.239,1.394,-61.22
robot,1790326226.51,10.239,1.392,-74.43
robot,1790326227.01,10.239,1.394,-91.36
robot,1790326227.51,10.239,1.394,-91.31
robot,1790326228.01,10.239,1.394,-91.31
robot,1790326228.51,10.239,1.394,-91.30
robot,1790326229.01,10.239,1.394,-91.29
robot,1790326229.51,10.239,1.393,-102.12
robot,1790326230.01,10.239,1.394,-110.58
robot,1790326230.51,10.239,1.393,-110.56
robot,1790326231.01,10.239,1.394,-113.39
robot,1790326231.51,10.240,1.394,-121.33
robot,1790326232.01,10.240,1.394,-128.61
robot,1790326232.51,10.240,1.394,-128.59
robot,1790326233.01,10.240,1.395,-128.60
robot,1790326233.51,10.240,1.394,-129.71
robot,1790326234.01,10.240,1.394,-139.07
robot,1790326234.51,10.240,1.394,-142.68
robot,1790326235.01,10.240,1.394,-143.43
robot,1790326235.51,10.239,1.393,-158.71
robot,1790326236.01,10.240,1.394,-158.44
robot,1790326236.51,10.240,1.394,-158.42
robot,1790326237.01,10.239,1.394,-163.15
robot,1790326237.51,10.240,1.394,-164.22
robot,1790326238.01,10.240,1.394,-164.21
robot,1790326238.51,10.186,1.379,-164.35
robot,1790326239.01,10.071,1.346,-164.39
robot,1790326239.51,9.933,1.308,-164.40
robot,1790326240.01,9.800,1.271,-164.29
robot,1790326240.51,9.755,1.258,-164.35
robot,1790326241.01,9.756,1.259,-169.96
robot,1790326241.51,9.755,1.258,-176.38
robot,1790326242.01,9.754,1.258,-176.35
robot,1790326242.51,9.649,1.252,-176.57
robot,1790326243.01,9.475,1.241,-176.54
robot,1790326243.51,9.298,1.231,-176.47
robot,1790326244.01,9.123,1.220,-176.46
robot,1790326244.51,8.951,1.209,-176.38
robot,1790326245.01,8.775,1.198,-176.33
robot,1790326245.51,8.600,1.187,-176.31
robot,1790326246.01,8.425,1.175,-176.26
robot,1790326246.51,8.251,1.164,-176.22
robot,1790326247.01,8.068,1.152,-176.20
robot,1790326247.51,7.891,1.140,-176.06
robot,1790326248.01,7.711,1.127,-176.01
robot,1790326248.51,7.530,1.115,-175.93
robot,1790326249.01,7.350,1.102,-175.87
robot,1790326249.51,7.170,1.089,-175.79
robot,1790326250.01,6.991,1.076,-175.76
robot,1790326250.51,6.812,1.062,-175.64
robot,1790326251.01,6.631,1.048,-175.58
robot,1790326251.51,6.447,1.034,-175.49
robot,1790326252.01,6.270,1.020,-175.44
robot,1790326252.51,6.084,1.005,-175.36
robot,1790326253.01,5.901,0.990,-175.32
robot,1790326253.51,5.718,0.975,-175.26
robot,1790326254.01,5.534,0.960,-175.21
robot,1790326254.51,5.351,0.944,-175.13
robot,1790326255.01,5.169,0.928,-175.03
robot,1790326255.51,4.984,0.912,-175.00
robot,1790326256.01,4.800,0.896,-174.92
robot,1790326256.51,4.617,0.880,-174.86
robot,1790326257.01,4.432,0.863,-174.75
robot,1790326257.51,4.248,0.846,-174.71
robot,1790326258.01,4.061,0.829,-174.67
robot,1790326258.51,3.877,0.812,-174.60
robot,1790326259.01,3.695,0.794,-174.53
robot,1790326259.51,3.513,0.777,-174.43
robot,1790326260.01,3.326,0.759,-174.44
robot,1790326260.51,3.147,0.741,-174.41
robot,1790326261.01,3.116,0.738,-174.45
robot,1790326261.51,2.975,0.724,-174.44
robot,1790326262.01,2.784,0.706,-174.38
robot,1790326262.51,2.594,0.687,-174.31
robot,1790326263.01,2.406,0.668,-174.19
robot,1790326263.51,2.217,0.649,-174.14
robot,1790326264.01,2.029,0.629,-174.02
robot,1790326264.51,1.838,0.609,-174.01
robot,1790326265.01,1.648,0.589,-173.84
robot,1790326265.51,1.458,0.568,-173.80
robot,1790326266.01,1.271,0.548,-173.69
robot,1790326266.51,1.078,0.526,-173.60
robot,1790326267.01,0.966,0.514,-173.61
robot,1790326267.51,0.966,0.514,-170.55
robot,1790326268.01,0.965,0.514,-160.01
robot,1790326268.51,0.965,0.514,-149.41
robot,1790326269.01,0.965,0.514,-139.08
robot,1790326269.51,0.965,0.514,-128.77
robot,1790326270.01,0.965,0.514,-118.46
robot,1790326270.51,0.965,0.514,-110.35
robot,1790326271.01,0.965,0.514,-109.79
robot,1790326271.51,0.965,0.513,-102.20
robot,1790326272.01,0.965,0.514,-97.19
robot,1790326272.51,0.965,0.514,-97.26
robot,1790326273.01,0.965,0.514,-97.26
robot,1790326273.51,0.965,0.515,-97.15
robot,1790326274.01,0.965,0.515,-89.53
robot,1790326274.51,0.965,0.515,-80.86
robot,1790326275.01,0.964,0.519,-72.16
robot,1790326275.51,0.962,0.523,-63.36
robot,1790326276.01,0.959,0.528,-54.68
robot,1790326276.51,0.955,0.532,-45.97
robot,1790326277.01,0.951,0.536,-37.21
robot,1790326277.51,0.947,0.538,-28.57
robot,1790326278.01,0.944,0.540,-19.84
robot,1790326278.51,0.939,0.541,-11.08
robot,1790326279.01,0.934,0.542,-5.72
robot,1790326279.51,0.933,0.542,-0.91
robot,1790326280.01,0.933,0.542,-1.25
robot,1790326280.51,0.933,0.542,-1.26
robot,1790326281.01,0.933,0.542,-1.27
robot,1790326281.51,0.933,0.542,-1.29
robot,1790326282.01,0.933,0.542,-1.29
robot,1790326282.51,0.933,0.542,-1.28
robot,1790326283.01,0.933,0.542,-1.29
robot,1790326283.51,0.933,0.542,-1.28
robot,1790326284.01,0.933,0.542,1.22
robot,1790326284.51,0.933,0.542,2.04
robot,1790326285.01,0.933,0.542,2.01
robot,1790326285.51,0.933,0.542,2.01
robot,1790326286.01,0.933,0.542,2.00
robot,1790326286.51,0.933,0.542,2.00
robot,1790326287.01,0.933,0.542,5.12
robot,1790326287.51,0.931,0.542,12.10
robot,1790326288.01,0.930,0.542,11.82
robot,1790326288.51,0.930,0.542,11.81
robot,1790326289.01,0.930,0.542,11.80
robot,1790326289.51,0.929,0.542,11.81
robot,1790326290.01,0.929,0.542,11.83
robot,1790326290.51,0.929,0.542,9.87
robot,1790326291.01,0.930,0.542,4.73
robot,1790326291.51,0.930,0.542,1.90
robot,1790326292.01,0.929,0.542,-1.64
robot,1790326292.51,0.929,0.542,-1.62
robot,1790326293.01,0.922,0.542,-1.52
robot,1790326293.51,0.884,0.543,-1.64
robot,1790326294.01,0.884,0.543,0.51
robot,1790326294.51,0.884,0.543,0.50
robot,1790326295.01,0.884,0.543,0.49
robot,1790326295.51,0.884,0.543,0.48
robot,1790326296.01,0.883,0.543,0.56
robot,1790326296.51,0.844,0.542,0.50
robot,1790326297.01,0.781,0.542,0.54
robot,1790326297.51,0.714,0.541,0.59
robot,1790326298.01,0.670,0.541,0.62
robot,1790326298.51,0.665,0.541,0.60
robot,1790326299.01,0.665,0.541,0.60
robot,1790326299.51,0.665,0.541,0.60
robot,1790326300.01,0.665,0.541,0.59
robot,1790326300.51,0.665,0.541,0.59
robot,1790326301.01,0.665,0.541,0.60
robot,1790326301.51,0.665,0.541,0.62
robot,1790326302.01,0.665,0.541,0.61
robot,1790326302.93,0.665,0.541,0.63
robot,1790326303.01,0.665,0.541,0.63
robot,1790326303.51,0.665,0.541,0.63
robot,1790326304.01,0.665,0.541,0.63
robot,1790326304.51,0.665,0.541,0.64
robot,1790326305.01,0.665,0.541,0.64
robot,1790326305.51,0.665,0.541,-7.01
robot,1790326306.01,0.666,0.541,-16.50
robot,1790326306.51,0.665,0.541,-25.94
robot,1790326307.01,0.667,0.540,-27.22
robot,1790326307.51,0.762,0.491,-27.27
robot,1790326308.01,0.929,0.405,-27.29
robot,1790326308.51,1.109,0.312,-27.23
robot,1790326309.01,1.258,0.235,-27.32
robot,1790326309.51,1.265,0.232,-25.16
robot,1790326310.01,1.266,0.231,-11.66
robot,1790326310.51,1.265,0.231,-1.23
robot,1790326311.01,1.262,0.232,-1.19
robot,1790326311.51,1.207,0.233,-1.13
robot,1790326312.01,1.120,0.234,-0.68
robot,1790326312.51,1.017,0.234,1.19
robot,1790326313.01,0.925,0.231,2.18
robot,1790326313.51,0.834,0.227,2.25
robot,1790326314.01,0.722,0.223,2.36
robot,1790326314.51,0.605,0.218,2.41
robot,1790326315.01,0.491,0.213,2.36
robot,1790326315.51,0.389,0.210,0.51
robot,1790326318.33,0.188,0.208,1.79
robot,1790326318.51,0.188,0.208,1.83
robot,1790326319.01,0.188,0.208,1.81
robot,1790326319.51,0.188,0.208,1.81
robot,1790326320.01,0.188,0.208,1.83
robot,1790326320.51,0.188,0.208,1.84
robot,1790326321.01,0.188,0.208,1.82
robot,1790326321.51,0.188,0.208,1.83
robot,1790326322.01,0.188,0.208,1.84
robot,1790326322.51,0.188,0.208,1.85
robot,1790326323.01,0.188,0.208,1.84
robot,1790326323.51,0.188,0.208,1.86
robot,1790326324.01,0.188,0.208,1.85
robot,1790326324.51,0.188,0.208,1.85
robot,1790326325.01,0.188,0.208,1.86
robot,1790326325.51,0.188,0.208,1.84
robot,1790326326.01,0.188,0.208,1.84
robot,1790326326.51,0.188,0.208,1.84
robot,1790326327.01,0.188,0.208,1.86
robot,1790326327.51,0.188,0.208,1.86
robot,1790326328.01,0.188,0.208,1.85
robot,1790326328.51,0.188,0.208,1.86
robot,1790326329.01,0.188,0.208,1.85
robot,1790326329.51,0.188,0.208,1.83
robot,1790326330.01,0.188,0.208,1.84
robot,1790326330.51,0.188,0.208,1.85
robot,1790326331.01,0.188,0.208,1.86
robot,1790326331.51,0.188,0.208,1.88
robot,1790326332.01,0.188,0.208,1.88
robot,1790326332.51,0.188,0.208,1.88
robot,1790326333.01,0.188,0.208,1.89
robot,1790326333.51,0.188,0.208,1.90
robot,1790326334.01,0.188,0.208,1.90
robot,1790326334.51,0.188,0.208,1.89
robot,1790326335.01,0.188,0.208,1.89
robot,1790326335.50,0.188,0.208,1.89
robot,1790326336.01,0.188,0.208,1.89
robot,1790326336.51,0.188,0.208,1.89
robot,1790326337.01,0.188,0.208,1.90
robot,1790326337.51,0.188,0.208,1.89
robot,1790326338.01,0.188,0.208,1.90
robot,1790326338.51,0.188,0.208,1.90
robot,1790326339.01,0.188,0.208,1.89
robot,1790326339.51,0.188,0.208,1.89
robot,1790326340.01,0.188,0.208,1.88
robot,1790326340.51,0.188,0.208,1.88
robot,1790326341.01,0.188,0.208,1.90
robot,1790326341.51,0.188,0.208,1.91
robot,1790326342.01,0.188,0.208,1.90
robot,1790326342.51,0.188,0.208,1.91
robot,1790326343.01,0.188,0.208,1.91
robot,1790326343.51,0.188,0.208,1.92
robot,1790326344.01,0.188,0.208,1.92
robot,1790326344.51,0.188,0.208,1.92
robot,1790326345.01,0.188,0.208,1.92
robot,1790326345.51,0.188,0.208,1.91
robot,1790326346.01,0.188,0.208,1.92
robot,1790326346.51,0.188,0.208,1.93
robot,1790326347.01,0.188,0.208,1.92
robot,1790326347.51,0.188,0.208,1.94
robot,1790326348.01,0.188,0.208,1.93
robot,1790326348.51,0.188,0.208,1.93
robot,1790326351.21,0.188,0.208,1.94
robot,1790326351.51,0.188,0.208,1.94
robot,1790326352.01,0.188,0.208,1.93
robot,1790326352.51,0.188,0.208,1.95
robot,1790326353.01,0.188,0.208,1.94
robot,1790326353.51,0.188,0.208,1.94
robot,1790326354.01,0.188,0.208,1.94
robot,1790326354.51,0.188,0.208,1.96
robot,1790326355.01,0.188,0.208,1.95
robot,1790326355.51,0.188,0.208,1.95
robot,1790326356.01,0.188,0.208,1.95
robot,1790326356.51,0.188,0.208,1.95
robot,1790326357.01,0.188,0.208,1.95
robot,1790326357.51,0.188,0.208,1.93
robot,1790326358.01,0.188,0.208,1.94
robot,1790326358.51,0.188,0.208,1.94
robot,1790326359.01,0.188,0.208,1.94
robot,1790326359.51,0.188,0.208,1.95
robot,1790326360.01,0.188,0.208,1.95
robot,1790326360.51,0.188,0.208,1.96
robot,1790326361.01,0.188,0.208,1.95
robot,1790326361.51,0.188,0.208,1.96
robot,1790326362.01,0.188,0.208,1.95
robot,1790326362.51,0.188,0.208,1.95
robot,1790326363.01,0.188,0.208,1.95
robot,1790326363.51,0.188,0.208,1.96
robot,1790326364.01,0.188,0.208,1.97
robot,1790326364.51,0.188,0.208,1.97
robot,1790326365.01,0.188,0.208,1.98
robot,1790326365.51,0.188,0.208,1.98
robot,1790326366.01,0.188,0.208,1.98
robot,1790326366.51,0.188,0.208,1.98
robot,1790326367.01,0.188,0.208,1.98
robot,1790326367.51,0.188,0.208,2.00
robot,1790326368.01,0.188,0.208,2.01
robot,1790326368.51,0.188,0.208,2.00
robot,1790326369.01,0.188,0.208,2.00
robot,1790326369.51,0.188,0.208,2.00
robot,1790326370.01,0.188,0.208,2.00
robot,1790326370.51,0.188,0.208,2.00
robot,1790326371.01,0.188,0.208,2.00
robot,1790326371.51,0.188,0.208,2.01
robot,1790326372.01,0.188,0.208,2.01
robot,1790326372.51,0.188,0.208,2.00
robot,1790326373.01,0.188,0.208,1.99
robot,1790326373.51,0.188,0.208,1.97
robot,1790326374.01,0.188,0.208,1.99
robot,1790326374.51,0.188,0.208,1.99
robot,1790326375.01,0.188,0.208,1.98
robot,1790326375.51,0.188,0.208,1.97
robot,1790326376.01,0.188,0.208,1.98
robot,1790326376.51,0.188,0.208,1.98
robot,1790326377.01,0.188,0.208,2.00
robot,1790326377.51,0.188,0.208,2.00
robot,1790326378.01,0.188,0.208,1.98
robot,1790326378.51,0.188,0.208,1.98
robot,1790326379.01,0.188,0.208,1.97
robot,1790326379.51,0.188,0.208,1.97
robot,1790326380.01,0.188,0.208,1.97
robot,1790326380.51,0.188,0.208,1.98
robot,1790326381.01,0.188,0.208,1.98
robot,1790326381.51,0.188,0.208,1.97
robot,1790326382.01,0.188,0.208,1.97
robot,1790326382.51,0.188,0.208,1.98
robot,1790326383.01,0.188,0.208,1.97
robot,1790326383.51,0.188,0.208,1.99
robot,1790326384.01,0.188,0.208,1.99
robot,1790326384.51,0.188,0.208,1.99
robot,1790326385.01,0.188,0.208,1.98
robot,1790326385.51,0.188,0.208,1.99
robot,1790326386.01,0.188,0.208,2.00
robot,1790326386.51,0.188,0.208,2.00
robot,1790326387.01,0.188,0.208,2.00
robot,1790326387.51,0.188,0.208,2.00
robot,1790326388.01,0.188,0.208,2.02
robot,1790326388.51,0.188,0.208,2.01
robot,1790326389.01,0.188,0.208,2.00
robot,1790326389.51,0.188,0.208,2.02
robot,1790326390.01,0.188,0.208,2.03
robot,1790326390.51,0.188,0.208,2.01
robot,1790326391.01,0.188,0.208,2.01
robot,1790326391.51,0.188,0.208,2.02
robot,1790326392.01,0.188,0.208,1.99
robot,1790326392.51,0.188,0.208,1.98
robot,1790326393.01,0.188,0.208,2.00
robot,1790326393.51,0.188,0.208,2.02
robot,1790326394.01,0.188,0.208,2.02
robot,1790326394.51,0.188,0.208,2.03
robot,1790326395.01,0.188,0.208,2.04
robot,1790326395.51,0.188,0.208,2.03
robot,1790326396.01,0.188,0.208,2.03
robot,1790326396.51,0.188,0.208,2.03
robot,1790326397.01,0.188,0.208,2.03
robot,1790326397.51,0.188,0.208,2.03
robot,1790326398.01,0.188,0.208,2.04
robot,1790326398.51,0.188,0.208,2.04
robot,1790326399.01,0.188,0.208,2.04
robot,1790326399.51,0.188,0.208,2.03
robot,1790326400.01,0.188,0.208,2.01
robot,1790326400.51,0.188,0.208,2.00
robot,1790326401.01,0.188,0.208,2.01
robot,1790326401.51,0.188,0.208,2.03
robot,1790326402.01,0.188,0.208,2.02
robot,1790326402.51,0.188,0.208,2.04
robot,1790326403.01,0.188,0.208,2.05
robot,1790326403.51,0.188,0.208,2.05
robot,1790326404.01,0.188,0.208,2.06
robot,1790326404.51,0.188,0.208,2.05
robot,1790326405.01,0.188,0.208,2.05
robot,1790326405.51,0.188,0.208,2.04
robot,1790326406.01,0.188,0.208,2.05
robot,1790326406.51,0.188,0.208,2.06
robot,1790326407.01,0.188,0.208,2.04
robot,1790326407.51,0.188,0.208,2.04
robot,1790326408.01,0.188,0.208,2.02
robot,1790326408.51,0.188,0.208,2.02
robot,1790326409.01,0.188,0.208,2.02
robot,1790326409.51,0.188,0.208,2.02
robot,1790326410.01,0.188,0.208,2.02
robot,1790326410.51,0.188,0.208,2.02
robot,1790326411.01,0.188,0.208,2.03
robot,1790326411.51,0.188,0.208,2.01
robot,1790326412.01,0.188,0.208,2.02
robot,1790326412.51,0.188,0.208,2.03
robot,1790326413.01,0.188,0.208,2.02
robot,1790326413.51,0.188,0.208,2.01
robot,1790326414.01,0.188,0.208,2.01
robot,1790326414.51,0.188,0.208,2.00
robot,1790326415.01,0.188,0.208,2.01
robot,1790326415.51,0.188,0.208,2.01
robot,1790326416.01,0.188,0.208,2.01
robot,1790326416.51,0.188,0.208,2.02
robot,1790326417.01,0.188,0.208,2.01
robot,1790326417.51,0.188,0.208,2.01
robot,1790326418.01,0.188,0.208,2.03
robot,1790326418.51,0.188,0.208,2.02
robot,1790326419.01,0.188,0.208,2.03
robot,1790326419.51,0.188,0.208,2.05
robot,1790326420.01,0.188,0.208,2.04
robot,1790326420.51,0.188,0.208,2.04
robot,1790326421.01,0.188,0.208,2.05
robot,1790326421.51,0.188,0.208,2.03
robot,1790326422.01,0.188,0.208,2.03
robot,1790326422.51,0.188,0.208,2.03
robot,1790326423.01,0.188,0.208,2.03
robot,1790326423.51,0.188,0.208,2.01
robot,1790326424.01,0.188,0.208,2.00
robot,1790326424.51,0.188,0.208,1.98
robot,1790326425.01,0.188,0.208,1.98
robot,1790326425.51,0.188,0.208,1.98
robot,1790326426.01,0.188,0.208,1.97
robot,1790326426.51,0.188,0.208,1.96
robot,1790326427.01,0.188,0.208,1.95
robot,1790326427.51,0.188,0.208,1.96
robot,1790326428.01,0.188,0.208,1.95
robot,1790326428.51,0.188,0.208,1.95
robot,1790326429.01,0.188,0.208,1.94
robot,1790326429.51,0.188,0.208,1.95
robot,1790326430.01,0.188,0.208,1.95
robot,1790326430.51,0.188,0.208,1.94
robot,1790326431.01,0.188,0.208,1.96
robot,1790326431.51,0.188,0.208,1.96
robot,1790326432.01,0.188,0.208,1.95
robot,1790326432.51,0.188,0.208,1.96
robot,1790326433.01,0.188,0.208,1.95
robot,1790326433.51,0.188,0.208,1.96
robot,1790326434.01,0.188,0.208,1.98
robot,1790326434.51,0.188,0.208,1.98
robot,1790326435.01,0.188,0.208,1.97
robot,1790326435.51,0.188,0.208,1.98
robot,1790326436.01,0.188,0.208,1.97
robot,1790326436.51,0.188,0.208,1.97
robot,1790326437.01,0.188,0.208,1.98
robot,1790326437.51,0.188,0.208,1.99
robot,1790326438.01,0.188,0.208,1.99
robot,1790326438.51,0.188,0.208,1.99
robot,1790326439.01,0.188,0.208,1.99
robot,1790326439.51,0.188,0.208,1.98
robot,1790326440.01,0.188,0.208,1.96
robot,1790326440.51,0.188,0.208,1.96
robot,1790326441.01,0.188,0.208,1.97
robot,1790326441.51,0.188,0.208,1.95
robot,1790326442.01,0.188,0.208,1.94
robot,1790326442.51,0.188,0.208,1.94
robot,1790326443.01,0.188,0.208,1.93
robot,1790326443.51,0.188,0.208,1.93
robot,1790326444.01,0.188,0.208,1.92
robot,1790326444.51,0.188,0.208,1.91
robot,1790326445.01,0.188,0.208,1.92
robot,1790326445.51,0.188,0.208,1.91
robot,1790326446.01,0.188,0.208,1.92
robot,1790326446.51,0.188,0.208,1.93
robot,1790326447.01,0.188,0.208,1.94
robot,1790326447.51,0.188,0.208,1.93
robot,1790326448.01,0.188,0.208,1.95
robot,1790326448.51,0.188,0.208,1.94
robot,1790326449.01,0.188,0.208,1.93
robot,1790326449.51,0.188,0.208,1.94
robot,1790326450.01,0.188,0.208,1.94
robot,1790326450.51,0.188,0.208,1.93
robot,1790326451.01,0.188,0.208,1.95
robot,1790326451.51,0.188,0.208,1.96
robot,1790326452.01,0.188,0.208,1.96
robot,1790326452.51,0.188,0.208,1.95
robot,1790326453.01,0.188,0.208,1.95
robot,1790326453.51,0.188,0.208,1.94
robot,1790326454.01,0.188,0.208,1.94
robot,1790326454.51,0.188,0.208,1.94
robot,1790326455.01,0.188,0.208,1.94
robot,1790326455.51,0.188,0.208,1.95
robot,1790326456.01,0.188,0.208,1.95
robot,1790326456.51,0.188,0.208,1.94
robot,1790326457.01,0.188,0.208,1.95
robot,1790326457.51,0.188,0.208,1.94
robot,1790326458.01,0.188,0.208,1.93
robot,1790326458.51,0.188,0.208,1.92
robot,1790326459.01,0.188,0.208,1.93
robot,1790326459.51,0.188,0.208,1.95
robot,1790326460.01,0.188,0.208,1.93
robot,1790326460.51,0.188,0.208,1.94
robot,1790326461.01,0.188,0.208,1.92
robot,1790326461.51,0.188,0.208,1.94
robot,1790326462.01,0.188,0.208,1.91
robot,1790326462.51,0.188,0.208,1.90
robot,1790326463.01,0.188,0.208,1.92
robot,1790326463.51,0.188,0.208,1.89
robot,1790326464.01,0.188,0.208,1.87
robot,1790326464.51,0.188,0.208,1.85
robot,1790326465.01,0.188,0.208,1.86
robot,1790326465.51,0.188,0.208,1.87
robot,1790326466.01,0.188,0.208,1.83
robot,1790326466.51,0.188,0.208,1.84
robot,1790326467.01,0.188,0.208,1.84
robot,1790326467.51,0.188,0.208,1.85
robot,1790326468.01,0.188,0.208,1.87
robot,1790326468.51,0.188,0.208,1.87
robot,1790326469.01,0.188,0.208,1.89
robot,1790326469.51,0.188,0.208,1.89
robot,1790326470.01,0.188,0.208,1.90
robot,1790326470.51,0.188,0.208,1.90
robot,1790326471.01,0.188,0.208,1.90
robot,1790326471.51,0.188,0.208,1.90
robot,1790326472.01,0.188,0.208,1.90
robot,1790326472.51,0.188,0.208,1.90
robot,1790326473.01,0.188,0.208,1.88
robot,1790326473.51,0.188,0.208,1.88
robot,1790326474.01,0.188,0.208,1.88
robot,1790326474.51,0.188,0.208,1.90
robot,1790326475.01,0.188,0.208,1.88
robot,1790326475.51,0.188,0.208,1.88
robot,1790326476.01,0.188,0.208,1.87
robot,1790326476.51,0.188,0.208,1.87
robot,1790326477.01,0.188,0.208,1.87
robot,1790326477.51,0.188,0.208,1.88
robot,1790326478.01,0.188,0.208,1.88
robot,1790326478.51,0.188,0.208,1.87
robot,1790326479.01,0.188,0.208,1.86
robot,1790326479.51,0.188,0.208,1.86
robot,1790326480.01,0.188,0.208,1.87
robot,1790326480.51,0.188,0.208,1.86
robot,1790326481.01,0.188,0.208,1.86
robot,1790326481.51,0.188,0.208,1.86
robot,1790326482.01,0.188,0.208,1.85
robot,1790326482.51,0.188,0.208,1.85
robot,1790326483.01,0.188,0.208,1.86
robot,1790326483.51,0.188,0.208,1.86
robot,1790326484.01,0.188,0.208,1.88
robot,1790326484.51,0.188,0.208,1.87
robot,1790326485.01,0.188,0.208,1.88
robot,1790326485.51,0.188,0.208,1.86
robot,1790326486.01,0.188,0.208,1.86
robot,1790326486.51,0.188,0.208,1.86
robot,1790326487.01,0.188,0.208,1.85
robot,1790326487.51,0.188,0.208,1.85
robot,1790326488.01,0.188,0.208,1.85
robot,1790326488.51,0.188,0.208,1.85
robot,1790326489.01,0.188,0.208,1.82
robot,1790326489.51,0.188,0.208,1.82
robot,1790326490.01,0.188,0.208,1.81
robot,1790326490.51,0.188,0.208,1.80
robot,1790326491.01,0.188,0.208,1.81
robot,1790326491.51,0.188,0.208,1.80
robot,1790326492.01,0.188,0.208,1.81
robot,1790326492.51,0.188,0.208,1.82
robot,1790326493.01,0.188,0.208,1.81
robot,1790326493.51,0.188,0.208,1.82
robot,1790326494.01,0.188,0.208,1.83
robot,1790326494.51,0.188,0.208,1.83
robot,1790326495.01,0.188,0.208,1.83
robot,1790326495.51,0.188,0.208,1.82
robot,1790326496.01,0.188,0.208,1.82
robot,1790326496.51,0.188,0.208,1.81
robot,1790326497.01,0.188,0.208,1.82
robot,1790326497.51,0.188,0.208,1.81
robot,1790326498.01,0.188,0.208,1.82
robot,1790326498.51,0.188,0.208,1.82
robot,1790326499.01,0.188,0.208,1.80
robot,1790326499.51,0.188,0.208,1.81
robot,1790326500.01,0.188,0.208,1.81
robot,1790326500.51,0.188,0.208,1.80
robot,1790326501.01,0.188,0.208,1.80
robot,1790326501.51,0.188,0.208,1.81
robot,1790326502.01,0.188,0.208,1.79
robot,1790326502.51,0.188,0.208,1.80
robot,1790326503.01,0.188,0.208,1.78
robot,1790326503.51,0.188,0.208,1.76
robot,1790326504.01,0.188,0.208,1.76
robot,1790326504.51,0.188,0.208,1.76
robot,1790326505.01,0.188,0.208,1.76
robot,1790326505.51,0.188,0.208,1.75
robot,1790326506.01,0.188,0.208,1.75
robot,1790326506.51,0.188,0.208,1.74
robot,1790326507.01,0.188,0.208,1.74
robot,1790326507.51,0.188,0.208,1.73
robot,1790326508.01,0.188,0.208,1.71
robot,1790326508.51,0.188,0.208,1.72
robot,1790326509.01,0.188,0.208,1.71
robot,1790326509.51,0.188,0.208,1.70
robot,1790326510.01,0.188,0.208,1.72
robot,1790326510.51,0.188,0.208,1.71
robot,1790326511.01,0.188,0.208,1.70
robot,1790326511.51,0.188,0.208,1.68
robot,1790326512.01,0.188,0.208,1.69
robot,1790326512.51,0.188,0.208,1.69
robot,1790326513.01,0.188,0.208,1.66
robot,1790326513.51,0.188,0.208,1.65
robot,1790326514.01,0.188,0.208,1.67
robot,1790326514.51,0.188,0.208,1.67
robot,1790326515.01,0.188,0.208,1.66
robot,1790326515.51,0.188,0.208,1.65
robot,1790326516.01,0.188,0.208,1.64
robot,1790326516.51,0.188,0.208,1.65
robot,1790326517.01,0.188,0.208,1.66
robot,1790326517.51,0.188,0.208,1.67
robot,1790326518.01,0.188,0.208,1.66
robot,1790326518.51,0.188,0.208,1.68
robot,1790326519.01,0.188,0.208,1.70
robot,1790326519.51,0.188,0.208,1.70
robot,1790326520.01,0.188,0.208,1.69
robot,1790326520.51,0.188,0.208,1.71
robot,1790326521.01,0.188,0.208,1.70
robot,1790326521.51,0.188,0.208,1.70
robot,1790326522.01,0.188,0.208,1.70
robot,1790326522.51,0.188,0.208,1.70
robot,1790326523.01,0.188,0.208,1.67
robot,1790326523.51,0.188,0.208,1.67
robot,1790326524.01,0.188,0.208,1.67
robot,1790326524.51,0.188,0.208,1.68
robot,1790326525.01,0.188,0.208,1.67
robot,1790326525.51,0.188,0.208,1.67
robot,1790326526.01,0.188,0.208,1.70
robot,1790326526.51,0.188,0.208,1.72
robot,1790326527.01,0.188,0.208,1.73
robot,1790326527.51,0.188,0.208,1.74
robot,1790326528.01,0.188,0.208,1.76
robot,1790326528.51,0.188,0.208,1.78
robot,1790326529.01,0.188,0.208,1.79
robot,1790326529.51,0.188,0.208,1.81
robot,1790326530.01,0.188,0.208,1.82
robot,1790326530.51,0.188,0.208,1.82
robot,1790326531.01,0.188,0.208,1.81
robot,1790326531.51,0.188,0.208,1.82
robot,1790326532.01,0.188,0.208,1.83
robot,1790326532.51,0.188,0.208,1.82
robot,1790326533.01,0.188,0.208,1.83
robot,1790326533.51,0.188,0.208,1.82
robot,1790326534.01,0.188,0.208,1.82
robot,1790326534.51,0.188,0.208,1.83
robot,1790326535.01,0.188,0.208,1.83
robot,1790326535.51,0.188,0.208,1.84
robot,1790326536.01,0.188,0.208,1.85
robot,1790326536.51,0.188,0.208,1.85
robot,1790326537.01,0.188,0.208,1.85
robot,1790326537.51,0.188,0.208,1.86
robot,1790326538.01,0.188,0.208,1.89
robot,1790326538.51,0.188,0.208,1.89
robot,1790326539.01,0.188,0.208,1.88
robot,1790326539.51,0.188,0.208,1.89
robot,1790326540.01,0.188,0.208,1.89
robot,1790326540.51,0.188,0.208,1.90
robot,1790326541.01,0.188,0.208,1.90
robot,1790326541.51,0.188,0.208,1.89
robot,1790326542.01,0.188,0.208,1.92
robot,1790326542.51,0.188,0.208,1.94
robot,1790326543.01,0.188,0.208,1.93
robot,1790326543.51,0.188,0.208,1.93
robot,1790326544.01,0.188,0.208,1.92
robot,1790326544.51,0.188,0.208,1.92
robot,1790326545.01,0.188,0.208,1.94
robot,1790326545.51,0.188,0.208,1.94
robot,1790326546.01,0.188,0.208,1.93
robot,1790326546.51,0.188,0.208,1.93
robot,1790326547.01,0.188,0.208,1.91
robot,1790326547.51,0.188,0.208,1.91
robot,1790326548.01,0.188,0.208,1.92
robot,1790326548.51,0.188,0.208,1.91
robot,1790326549.01,0.188,0.208,1.93
robot,1790326549.51,0.188,0.208,1.93
robot,1790326550.01,0.188,0.208,1.92
robot,1790326550.51,0.188,0.208,1.92
robot,1790326551.01,0.188,0.208,1.92
robot,1790326551.51,0.188,0.208,1.92
robot,1790326552.01,0.188,0.208,1.92
robot,1790326552.51,0.188,0.208,1.92
robot,1790326553.01,0.188,0.208,1.92
robot,1790326553.51,0.188,0.208,1.92
robot,1790326554.01,0.188,0.208,1.90
robot,1790326554.51,0.188,0.208,1.89
robot,1790326555.01,0.188,0.208,1.88
robot,1790326555.51,0.188,0.208,1.89
robot,1790326556.01,0.188,0.208,1.89
robot,1790326556.51,0.188,0.208,1.91
robot,1790326557.01,0.188,0.208,1.92
robot,1790326557.51,0.188,0.208,1.92
robot,1790326558.01,0.188,0.208,1.91
robot,1790326558.51,0.188,0.208,1.93
robot,1790326559.01,0.188,0.208,1.93
robot,1790326559.51,0.188,0.208,1.93
robot,1790326560.01,0.188,0.208,1.95
robot,1790326560.52,0.188,0.208,1.94
robot,1790326561.01,0.188,0.208,1.94
robot,1790326561.51,0.188,0.208,1.95
robot,1790326562.01,0.188,0.208,1.93
robot,1790326562.51,0.188,0.208,1.92
robot,1790326563.01,0.188,0.208,1.92
robot,1790326563.51,0.188,0.208,1.91
robot,1790326564.01,0.188,0.208,1.91
robot,1790326564.51,0.188,0.208,1.91
robot,1790326565.01,0.188,0.208,1.92
robot,1790326565.51,0.188,0.208,1.93
robot,1790326566.01,0.188,0.208,1.93
robot,1790326566.51,0.188,0.208,1.93
robot,1790326567.01,0.188,0.208,1.93
robot,1790326567.51,0.188,0.208,1.94
robot,1790326568.01,0.188,0.208,1.92
robot,1790326568.51,0.188,0.208,1.94
robot,1790326569.01,0.188,0.208,1.95
robot,1790326569.51,0.188,0.208,1.95
robot,1790326570.01,0.188,0.208,1.97
robot,1790326570.51,0.188,0.208,1.97
robot,1790326571.01,0.188,0.208,1.98
robot,1790326571.51,0.188,0.208,1.98
robot,1790326572.01,0.188,0.208,1.98
robot,1790326572.51,0.188,0.208,1.98
robot,1790326573.01,0.188,0.208,1.96
robot,1790326573.51,0.188,0.208,1.96
robot,1790326574.01,0.188,0.208,1.95
robot,1790326574.51,0.188,0.208,1.95
robot,1790326575.01,0.188,0.208,1.95
robot,1790326575.51,0.188,0.208,1.94
robot,1790326576.01,0.188,0.208,1.96
robot,1790326576.51,0.188,0.208,1.95
robot,1790326577.01,0.188,0.208,1.93
robot,1790326577.51,0.188,0.208,1.93
robot,1790326578.01,0.188,0.208,1.93
robot,1790326578.51,0.188,0.208,1.95
robot,1790326579.01,0.188,0.208,1.95
robot,1790326579.51,0.188,0.208,1.95
robot,1790326580.01,0.188,0.208,1.96
robot,1790326580.51,0.188,0.208,1.96
robot,1790326581.01,0.188,0.208,1.96
robot,1790326581.51,0.188,0.208,1.95
robot,1790326582.01,0.188,0.208,1.95
robot,1790326582.51,0.188,0.208,1.95
robot,1790326583.01,0.188,0.208,1.94
robot,1790326583.51,0.188,0.208,1.93
robot,1790326584.01,0.188,0.208,1.93
robot,1790326584.51,0.188,0.208,1.94
robot,1790326585.01,0.188,0.208,1.95
robot,1790326585.51,0.188,0.208,1.97
robot,1790326586.01,0.188,0.208,1.97
robot,1790326586.51,0.188,0.208,1.96
robot,1790326587.01,0.188,0.208,1.96
robot,1790326587.51,0.188,0.208,1.97
robot,1790326588.01,0.188,0.208,1.98
robot,1790326588.51,0.188,0.208,1.97
robot,1790326589.01,0.188,0.208,1.96
robot,1790326589.51,0.188,0.208,1.98
robot,1790326590.01,0.188,0.208,1.99
robot,1790326590.51,0.188,0.208,1.97
robot,1790326591.01,0.188,0.208,1.96
robot,1790326591.51,0.188,0.208,1.96
robot,1790326592.01,0.188,0.208,1.96
robot,1790326592.51,0.188,0.208,1.96
robot,1790326593.01,0.188,0.208,1.95
robot,1790326593.51,0.188,0.208,1.97
robot,1790326594.01,0.188,0.208,1.96
robot,1790326594.51,0.188,0.208,1.96
robot,1790326595.01,0.188,0.208,1.95
robot,1790326595.51,0.188,0.208,1.94
robot,1790326596.01,0.188,0.208,1.95
robot,1790326596.51,0.188,0.208,1.94
robot,1790326597.01,0.188,0.208,1.93
robot,1790326597.51,0.188,0.208,1.94
robot,1790326598.01,0.188,0.208,1.95
robot,1790326598.51,0.188,0.208,1.94
robot,1790326599.01,0.188,0.208,1.94
robot,1790326599.51,0.188,0.208,1.96
robot,1790326600.01,0.188,0.208,1.95
robot,1790326600.51,0.188,0.208,1.95
robot,1790326601.01,0.188,0.208,1.94
robot,1790326601.51,0.188,0.208,1.94
robot,1790326602.01,0.188,0.208,1.95
robot,1790326602.51,0.188,0.208,1.96
robot,1790326603.01,0.188,0.208,1.95
robot,1790326603.51,0.188,0.208,1.95
robot,1790326604.01,0.188,0.208,1.94
robot,1790326604.51,0.188,0.208,1.95
robot,1790326605.61,0.188,0.208,1.93
robot,1790326606.01,0.188,0.208,1.94
robot,1790326606.51,0.188,0.208,1.91
robot,1790326607.01,0.188,0.208,1.89
robot,1790326607.51,0.188,0.208,1.88
robot,1790326608.01,0.188,0.208,1.86
robot,1790326608.51,0.188,0.208,1.87
robot,1790326609.01,0.188,0.208,1.86
robot,1790326609.51,0.188,0.208,1.85
robot,1790326610.01,0.188,0.208,1.82
robot,1790326610.51,0.188,0.208,1.80
robot,1790326611.01,0.188,0.208,1.80
robot,1790326611.51,0.188,0.208,1.80
robot,1790326612.01,0.188,0.208,1.79
robot,1790326612.51,0.188,0.208,1.78
robot,1790326613.01,0.188,0.208,1.77
robot,1790326613.51,0.188,0.208,1.78
robot,1790326614.01,0.188,0.208,1.78
robot,1790326614.51,0.188,0.208,1.79
robot,1790326615.01,0.188,0.208,1.80
robot,1790326615.51,0.188,0.208,1.78
robot,1790326616.01,0.188,0.208,1.79
robot,1790326616.51,0.188,0.208,1.78
robot,1790326617.01,0.188,0.208,1.79
robot,1790326617.51,0.188,0.208,1.81
robot,1790326618.01,0.188,0.208,1.79
robot,1790326618.51,0.188,0.208,1.79
robot,1790326619.01,0.188,0.208,1.78
robot,1790326619.51,0.188,0.208,1.79
robot,1790326620.01,0.188,0.208,1.79
robot,1790326620.51,0.188,0.208,1.78
robot,1790326621.01,0.188,0.208,1.79
robot,1790326621.51,0.188,0.208,1.79
robot,1790326622.01,0.188,0.208,1.79
robot,1790326622.51,0.188,0.208,1.77
robot,1790326623.01,0.188,0.208,1.77
robot,1790326623.51,0.188,0.208,1.77
robot,1790326624.01,0.188,0.208,1.75
robot,1790326624.51,0.188,0.208,1.74
robot,1790326625.01,0.188,0.208,1.75
robot,1790326625.51,0.188,0.208,1.74
robot,1790326626.01,0.188,0.208,1.74
robot,1790326626.51,0.188,0.208,1.72
robot,1790326627.01,0.188,0.208,1.70
robot,1790326627.51,0.188,0.208,1.69
robot,1790326628.01,0.188,0.208,1.69
robot,1790326628.51,0.188,0.208,1.68
robot,1790326629.01,0.188,0.208,1.67
robot,1790326629.51,0.188,0.208,1.67
robot,1790326630.01,0.188,0.208,1.66
robot,1790326630.51,0.188,0.208,1.65
robot,1790326631.01,0.188,0.208,1.64
robot,1790326631.51,0.188,0.208,1.63
robot,1790326632.01,0.188,0.208,1.65
robot,1790326632.51,0.188,0.208,1.62
robot,1790326633.01,0.188,0.208,1.62
robot,1790326633.51,0.188,0.208,1.62
robot,1790326634.01,0.188,0.208,1.62
robot,1790326634.51,0.188,0.208,1.63
robot,1790326635.01,0.188,0.208,1.64
robot,1790326635.51,0.188,0.208,1.63
robot,1790326636.01,0.188,0.208,1.63
robot,1790326636.51,0.188,0.208,1.64
robot,1790326637.01,0.188,0.208,1.63
robot,1790326637.51,0.188,0.208,1.63
robot,1790326638.01,0.188,0.208,1.61
robot,1790326638.51,0.188,0.208,1.62
robot,1790326639.01,0.188,0.208,1.62
robot,1790326639.51,0.188,0.208,1.62
robot,1790326640.01,0.188,0.208,1.63
robot,1790326640.51,0.188,0.208,1.61
robot,1790326641.01,0.188,0.208,1.60
robot,1790326641.51,0.188,0.208,1.62
robot,1790326642.01,0.188,0.208,1.61
robot,1790326642.51,0.188,0.208,1.60
robot,1790326643.01,0.188,0.208,1.60
robot,1790326643.51,0.188,0.208,1.59
robot,1790326644.01,0.188,0.208,1.59
robot,1790326644.51,0.188,0.208,1.61
robot,1790326645.01,0.188,0.208,1.62
robot,1790326645.51,0.188,0.208,1.63
robot,1790326646.01,0.188,0.208,1.62
robot,1790326646.51,0.188,0.208,1.62
robot,1790326647.01,0.188,0.208,1.63
robot,1790326647.51,0.188,0.208,1.63
robot,1790326648.01,0.188,0.208,1.63
robot,1790326648.51,0.188,0.208,1.63
robot,1790326649.01,0.188,0.208,1.63
robot,1790326649.51,0.188,0.208,1.63
robot,1790326650.01,0.188,0.208,1.63
robot,1790326650.51,0.188,0.208,1.64
robot,1790326651.01,0.188,0.208,1.63
robot,1790326651.51,0.188,0.208,1.64
robot,1790326652.01,0.188,0.208,1.64
robot,1790326652.51,0.188,0.208,1.62
robot,1790326653.01,0.188,0.208,1.63
robot,1790326653.51,0.188,0.208,1.63
robot,1790326654.01,0.188,0.208,1.61
robot,1790326654.51,0.188,0.208,1.61
robot,1790326655.01,0.188,0.208,1.60
robot,1790326655.51,0.188,0.208,1.59
robot,1790326656.01,0.188,0.208,1.61
robot,1790326656.51,0.188,0.208,1.62
robot,1790326657.01,0.188,0.208,1.60
robot,1790326657.51,0.188,0.208,1.59
robot,1790326658.01,0.188,0.208,1.58
robot,1790326658.51,0.188,0.208,1.58
robot,1790326659.01,0.188,0.208,1.58
robot,1790326659.51,0.188,0.208,1.60
robot,1790326660.01,0.188,0.208,1.60
robot,1790326660.51,0.188,0.208,1.61
robot,1790326661.01,0.188,0.208,1.60
robot,1790326661.51,0.188,0.208,1.60
robot,1790326662.01,0.188,0.208,1.59
robot,1790326662.51,0.188,0.208,1.59
robot,1790326663.01,0.188,0.208,1.60
robot,1790326663.51,0.188,0.208,1.58
robot,1790326664.01,0.188,0.208,1.61
robot,1790326664.51,0.188,0.208,1.60
robot,1790326665.01,0.188,0.208,1.59
robot,1790326665.51,0.188,0.208,1.60
robot,1790326666.01,0.188,0.208,1.60
robot,1790326666.51,0.188,0.208,1.60
robot,1790326667.01,0.188,0.208,1.60
robot,1790326667.51,0.188,0.208,1.59
robot,1790326668.01,0.188,0.208,1.59
robot,1790326668.51,0.188,0.208,1.59
robot,1790326669.01,0.188,0.208,1.60
robot,1790326669.51,0.188,0.208,1.60
robot,1790326670.01,0.188,0.208,1.59
robot,1790326670.51,0.188,0.208,1.60
robot,1790326671.01,0.188,0.208,1.60
robot,1790326671.51,0.188,0.208,1.60
robot,1790326672.01,0.188,0.208,1.59
robot,1790326672.51,0.188,0.208,1.57
robot,1790326673.01,0.188,0.208,1.57
robot,1790326673.51,0.188,0.208,1.55
robot,1790326674.01,0.188,0.208,1.53
robot,1790326674.51,0.188,0.208,1.53
robot,1790326675.01,0.188,0.208,1.54
robot,1790326675.51,0.188,0.208,1.54
robot,1790326676.01,0.188,0.208,1.54
robot,1790326676.51,0.188,0.208,1.53
robot,1790326677.01,0.188,0.208,1.53
robot,1790326677.51,0.188,0.208,1.55
robot,1790326678.01,0.188,0.208,1.52
robot,1790326678.51,0.188,0.208,1.52
robot,1790326679.01,0.188,0.208,1.52
robot,1790326679.51,0.188,0.208,1.55
robot,1790326680.01,0.188,0.208,1.55
robot,1790326680.51,0.188,0.208,1.53
robot,1790326681.01,0.188,0.208,1.52
robot,1790326681.51,0.188,0.208,1.51
robot,1790326682.01,0.188,0.208,1.51
robot,1790326682.51,0.188,0.208,1.50
robot,1790326683.01,0.188,0.208,1.50
robot,1790326683.51,0.188,0.208,1.51
robot,1790326684.01,0.188,0.208,1.51
robot,1790326684.51,0.188,0.208,1.50
robot,1790326685.01,0.188,0.208,1.51
robot,1790326685.51,0.188,0.208,1.51
robot,1790326686.01,0.188,0.208,1.51
robot,1790326686.51,0.188,0.208,1.51
robot,1790326687.01,0.188,0.208,1.51
robot,1790326687.51,0.188,0.208,1.50
robot,1790326688.01,0.188,0.208,1.48
robot,1790326688.51,0.188,0.208,1.50
robot,1790326689.01,0.188,0.208,1.48
robot,1790326689.51,0.188,0.208,1.48
robot,1790326690.01,0.188,0.208,1.46
robot,1790326690.51,0.188,0.208,1.47
robot,1790326691.01,0.188,0.208,1.47
robot,1790326691.51,0.188,0.208,1.46
robot,1790326692.01,0.188,0.208,1.46
robot,1790326692.51,0.188,0.208,1.45
robot,1790326693.01,0.188,0.208,1.45
robot,1790326693.51,0.188,0.208,1.44
robot,1790326694.01,0.188,0.208,1.44
robot,1790326694.51,0.188,0.208,1.43
robot,1790326695.01,0.188,0.208,1.42
robot,1790326695.51,0.188,0.208,1.42
robot,1790326696.01,0.188,0.208,1.40
robot,1790326696.51,0.188,0.208,1.40
robot,1790326697.01,0.188,0.208,1.38
robot,1790326697.51,0.188,0.208,1.38
robot,1790326698.01,0.188,0.208,1.38
robot,1790326698.51,0.188,0.208,1.39
robot,1790326699.01,0.188,0.208,1.39
robot,1790326699.51,0.188,0.208,1.37
robot,1790326700.01,0.188,0.208,1.39
robot,1790326700.51,0.188,0.208,1.39
robot,1790326701.01,0.188,0.208,1.38
robot,1790326701.51,0.188,0.208,1.39
robot,1790326702.01,0.188,0.208,1.38
robot,1790326702.51,0.188,0.208,1.38
robot,1790326703.01,0.188,0.208,1.38
robot,1790326703.51,0.188,0.208,1.37
robot,1790326704.01,0.188,0.208,1.38
robot,1790326704.51,0.188,0.208,1.37
robot,1790326705.01,0.188,0.208,1.36
robot,1790326705.51,0.188,0.208,1.35
camera,1790325031.65,0.000,0.000,0.00
camera,1790325032.19,0.006,0.000,-0.02
camera,1790325032.55,0.004,0.000,0.03
camera,1790325033.05,0.006,0.000,0.01
camera,1790325033.55,0.008,0.000,0.03
camera,1790325034.19,0.004,0.000,-0.01
camera,1790325034.62,0.004,0.000,-0.03
camera,1790325035.05,0.005,0.000,0.01
camera,1790325035.52,0.007,0.000,0.01
camera,1790325036.09,0.004,0.000,-0.01
camera,1790325036.55,0.005,0.000,0.01
camera,1790325037.09,0.006,0.000,0.01
camera,1790325037.52,0.006,0.000,0.00
camera,1790325038.12,0.001,0.000,-0.01
camera,1790325038.55,0.003,0.000,0.03
camera,1790325039.02,-0.001,0.000,0.01
camera,1790325039.55,0.004,0.000,0.00
camera,1790325040.12,0.004,0.000,0.01
camera,1790325040.62,0.005,0.000,0.01
camera,1790325041.05,0.006,0.000,0.02
camera,1790325041.52,0.005,0.000,0.02
camera,1790325042.05,0.009,0.000,-0.01
camera,1790325042.52,0.007,0.000,0.03
camera,1790325043.05,0.000,0.000,0.02
camera,1790325043.62,0.005,0.000,0.03
camera,1790325044.09,0.005,0.000,-0.00
camera,1790325044.55,0.006,0.000,-0.01
camera,1790325045.02,0.005,0.000,0.00
camera,1790325045.52,0.010,0.000,0.02
camera,1790325046.12,0.006,0.000,-0.01
camera,1790325046.62,0.005,0.000,-0.01
camera,1790325047.09,0.005,0.000,-0.03
camera,1790325047.59,0.002,0.000,-0.00
camera,1790325048.12,0.008,0.000,0.02
camera,1790325048.52,0.004,0.000,-0.02
camera,1790325049.05,0.007,0.000,0.00
camera,1790325049.62,0.008,0.000,-0.00
camera,1790325050.02,0.005,0.000,0.04
camera,1790325050.55,-0.000,0.000,-0.03
camera,1790325051.05,0.003,0.000,0.01
camera,1790325051.55,0.002,0.000,-0.02
camera,1790325052.09,0.005,0.000,0.03
camera,1790325052.62,0.009,0.000,-0.01
camera,1790325053.02,0.007,0.000,0.03
camera,1790325053.55,0.005,0.000,0.00
camera,1790325054.12,0.006,0.000,-0.00
camera,1790325054.52,0.004,0.000,0.00
camera,1790325055.05,0.008,0.000,0.01
camera,1790325055.59,0.009,0.000,0.04
camera,1790325056.02,0.005,0.000,0.02
camera,1790325056.62,0.006,0.000,0.02
camera,1790325057.05,0.002,0.000,-0.01
camera,1790325057.59,0.004,0.000,-0.04
camera,1790325058.12,0.006,0.000,0.02
camera,1790325058.52,0.004,0.000,0.00
camera,1790325059.09,0.005,0.000,-0.02
camera,1790325059.62,0.003,0.000,0.00
camera,1790325060.09,0.009,0.000,0.02
camera,1790325060.62,0.008,0.000,0.01
camera,1790325061.12,0.008,0.000,0.02
camera,1790325061.52,0.007,0.000,-0.00
camera,1790325062.09,0.006,0.000,-0.04
camera,1790325062.62,0.005,0.000,-0.01
camera,1790325063.02,0.007,0.000,0.00
camera,1790325063.55,0.006,0.000,-0.01
camera,1790325064.09,0.009,0.000,0.02
camera,1790325064.52,0.005,0.000,-0.00
camera,1790325065.05,0.007,0.000,0.00
camera,1790325065.62,0.005,0.000,0.03
camera,1790325066.02,0.004,0.000,0.02
camera,1790325066.55,0.003,0.000,-0.03
camera,1790325067.09,0.005,0.000,0.06
camera,1790325067.62,0.003,0.000,0.02
camera,1790325068.05,0.004,0.000,0.01
camera,1790325068.59,0.006,0.000,-0.02
camera,1790325069.12,0.000,0.000,0.01
camera,1790325069.52,0.005,0.000,0.00
camera,1790325070.05,0.006,0.000,0.02
camera,1790325070.59,0.006,0.000,0.01
camera,1790325071.02,0.006,0.000,0.01
camera,1790325071.55,0.011,0.000,-0.01
camera,1790325072.12,0.003,0.000,-0.03
camera,1790325072.52,0.008,0.000,0.02
camera,1790325073.05,0.003,0.000,-0.02
camera,1790325073.59,0.007,0.000,-0.00
camera,1790325074.12,0.003,0.000,-0.01
camera,1790325074.52,0.004,0.000,0.02
camera,1790325075.09,0.008,0.000,0.00
camera,1790325075.62,0.006,0.000,0.03
camera,1790325076.02,0.002,0.000,0.05
camera,1790325076.56,0.002,0.000,0.03
camera,1790325077.12,0.003,0.000,0.00
camera,1790325077.52,0.005,0.000,0.02
camera,1790325078.06,-0.002,0.000,0.03
camera,1790325078.59,0.005,0.000,0.02
camera,1790325079.02,0.004,0.000,0.01
camera,1790325079.56,0.004,0.000,0.00
camera,1790325080.09,-0.001,0.000,0.03
camera,1790325080.52,0.001,0.000,0.01
camera,1790325081.06,0.005,0.000,0.00
camera,1790325081.59,0.002,0.000,0.01
camera,1790325082.12,0.003,0.000,0.02
camera,1790325082.52,0.003,0.000,0.04
camera,1790325083.06,0.003,0.000,0.01
camera,1790325083.62,0.002,0.000,0.03
camera,1790325084.02,0.006,0.000,-0.00
camera,1790325084.56,0.000,0.000,0.03
camera,1790325085.09,-0.002,0.000,-0.01
camera,1790325085.52,-0.001,0.000,0.02
camera,1790325086.06,0.001,0.000,-0.00
camera,1790325086.59,0.001,0.000,0.02
camera,1790325087.02,0.004,0.000,0.01
camera,1790325087.56,0.004,0.000,0.04
camera,1790325088.09,0.004,0.000,0.04
camera,1790325088.62,0.003,0.000,0.03
camera,1790325089.06,0.002,0.000,0.00
camera,1790325089.59,0.003,0.000,0.01
camera,1790325090.12,0.002,0.000,-0.00
camera,1790325090.56,0.002,0.000,-0.01
camera,1790325091.09,0.005,0.000,0.03
camera,1790325091.62,0.004,0.000,0.03
camera,1790325092.02,0.004,0.000,0.03
camera,1790325092.56,0.005,0.000,0.02
camera,1790325093.12,0.003,0.000,0.05
camera,1790325093.52,0.004,0.000,0.03
camera,1790325094.06,0.004,0.000,0.03
camera,1790325094.62,0.006,0.000,0.04
camera,1790325095.02,0.004,0.000,0.02
camera,1790325095.59,0.006,0.000,0.01
camera,1790325096.12,0.002,0.000,0.01
camera,1790325096.56,0.002,0.000,-0.01
camera,1790325097.09,0.008,0.000,-0.00
camera,1790325097.62,0.001,0.000,0.01
camera,1790325098.02,0.007,0.000,0.02
camera,1790325098.56,0.006,0.000,-0.03
camera,1790325099.09,0.002,0.000,0.01
camera,1790325099.62,0.001,0.000,-0.03
camera,1790325100.06,0.005,0.000,0.02
camera,1790325100.59,0.000,0.000,0.01
camera,1790325101.02,-0.001,0.000,0.03
camera,1790325101.56,0.004,0.000,0.02
camera,1790325102.09,0.004,0.000,0.03
camera,1790325102.52,0.002,0.000,0.04
camera,1790325103.06,0.002,0.000,0.00
camera,1790325103.59,0.004,0.000,0.01
camera,1790325104.12,0.006,0.000,-0.00
camera,1790325104.52,0.007,0.000,0.03
camera,1790325105.09,0.006,0.000,-0.00
camera,1790325105.62,0.005,0.000,0.04
camera,1790325106.02,-0.000,0.000,0.00
camera,1790325106.59,0.003,0.000,0.03
camera,1790325107.12,0.007,0.000,0.04
camera,1790325107.52,0.004,0.000,0.02
camera,1790325108.06,0.004,0.000,0.03
camera,1790325108.59,0.001,0.000,0.02
camera,1790325109.16,0.002,0.000,0.01
camera,1790325109.56,-0.002,0.000,0.02
camera,1790325110.09,0.004,0.000,-0.01
camera,1790325110.52,0.002,0.000,0.01
camera,1790325111.06,0.004,0.000,0.02
camera,1790325111.62,0.000,0.000,0.01
camera,1790325112.02,-0.001,0.000,0.02
camera,1790325112.56,0.001,0.000,-0.02
camera,1790325113.12,0.005,0.000,0.03
camera,1790325113.52,0.002,0.000,0.02
camera,1790325114.06,0.005,0.000,0.03
camera,1790325114.59,0.004,0.000,0.05
camera,1790325115.12,0.003,0.000,0.01
camera,1790325115.56,0.005,0.000,0.03
camera,1790325116.09,0.005,0.000,0.02
camera,1790325116.52,0.001,0.000,0.03
camera,1790325117.09,0.002,0.000,0.03
camera,1790325117.62,0.004,0.000,0.05
camera,1790325118.02,0.007,0.000,0.05
camera,1790325118.56,0.007,0.000,0.03
camera,1790325119.12,0.003,0.000,0.00
camera,1790325119.52,0.005,0.000,0.04
camera,1790325120.06,0.004,0.000,0.04
camera,1790325120.59,0.002,0.000,-0.02
camera,1790325121.02,0.007,0.000,-0.02
camera,1790325121.56,0.006,0.000,0.03
camera,1790325122.09,0.003,0.000,-0.00
camera,1790325122.62,0.006,0.000,0.04
camera,1790325123.06,0.002,0.000,0.04
camera,1790325123.59,0.008,0.000,-0.00
camera,1790325124.02,0.008,0.000,0.02
camera,1790325124.56,0.004,0.000,0.02
camera,1790325125.12,0.005,0.000,0.02
camera,1790325125.62,0.003,0.000,0.01
camera,1790325126.12,0.002,0.000,0.01
camera,1790325126.56,0.005,0.000,0.00
camera,1790325127.09,0.005,0.000,0.01
camera,1790325127.62,0.003,0.000,0.01
camera,1790325128.02,0.007,0.000,0.02
camera,1790325128.59,0.003,0.000,0.01
camera,1790325129.12,0.006,0.000,0.02
camera,1790325129.52,0.005,0.000,0.01
camera,1790325130.06,0.002,0.000,0.00
camera,1790325130.62,0.002,0.000,0.01
camera,1790325131.02,0.006,0.000,0.01
camera,1790325131.59,-0.001,0.000,0.01
camera,1790325132.12,0.005,0.000,-0.02
camera,1790325132.52,0.004,0.000,0.03
camera,1790325133.09,0.005,0.000,-0.00
camera,1790325133.62,0.006,0.000,0.03
camera,1790325134.02,0.002,0.000,0.02
camera,1790325134.56,0.002,0.000,0.04
camera,1790325135.12,0.001,0.000,0.02
camera,1790325135.52,0.002,0.000,0.05
camera,1790325136.06,0.003,0.000,0.02
camera,1790325136.59,-0.000,0.000,-0.00
camera,1790325137.12,0.003,0.000,0.02
camera,1790325137.52,0.004,0.000,-0.01
camera,1790325138.09,-0.001,0.000,-0.01
camera,1790325138.62,0.005,0.000,-0.02
camera,1790325139.02,0.003,0.000,0.02
camera,1790325139.56,0.004,0.000,-0.02
camera,1790325140.09,-0.000,0.000,0.03
camera,1790325140.62,0.003,0.000,0.02
camera,1790325141.06,0.003,0.000,-0.02
camera,1790325141.59,0.003,0.000,0.02
camera,1790325142.12,0.006,0.000,-0.00
camera,1790325142.52,0.001,0.000,0.03
camera,1790325143.06,0.005,0.000,-0.02
camera,1790325143.62,0.004,0.000,0.03
camera,1790325144.02,-0.003,0.000,0.04
camera,1790325144.59,0.004,0.000,0.05
camera,1790325145.12,0.000,0.000,0.03
camera,1790325145.52,0.005,0.000,0.02
camera,1790325146.09,0.004,0.000,0.03
camera,1790325146.62,0.003,0.000,-0.04
camera,1790325147.02,0.001,0.000,0.01
camera,1790325147.59,0.008,0.000,-0.00
camera,1790325148.12,0.002,0.000,-0.02
camera,1790325148.52,0.005,0.000,0.03
camera,1790325149.06,0.004,0.000,-0.01
camera,1790325149.62,0.003,0.000,0.03
camera,1790325150.02,0.003,0.000,0.02
camera,1790325150.56,0.000,0.000,0.02
camera,1790325151.09,0.001,0.000,0.03
camera,1790325151.66,0.004,0.000,0.02
camera,1790325152.06,0.004,0.000,0.03
camera,1790325152.59,0.004,0.000,0.02
camera,1790325153.12,0.002,0.000,0.01
camera,1790325153.56,0.003,0.000,0.05
camera,1790325154.09,0.007,0.000,0.05
camera,1790325154.52,0.001,0.000,0.03
camera,1790325155.06,0.007,0.000,0.04
camera,1790325155.59,0.003,0.000,0.04
camera,1790325156.02,0.006,0.000,-0.01
camera,1790325156.56,0.005,0.000,-0.00
camera,1790325157.12,0.005,0.000,0.03
camera,1790325157.52,0.002,0.000,0.01
camera,1790325158.06,0.006,0.000,-0.00
camera,1790325158.59,0.003,0.000,0.02
camera,1790325159.12,-0.000,0.000,0.00
camera,1790325159.52,0.006,0.000,-0.01
camera,1790325160.09,0.006,0.000,-0.01
camera,1790325160.52,0.000,0.000,-0.02
camera,1790325161.06,0.005,0.000,0.01
camera,1790325161.59,0.005,0.000,0.03
camera,1790325162.12,-0.001,0.000,0.01
camera,1790325162.56,0.003,0.000,0.03
camera,1790325163.12,0.004,0.001,0.02
camera,1790325163.52,0.009,0.001,0.01
camera,1790325164.09,0.003,0.001,0.05
camera,1790325164.62,0.005,0.001,0.03
camera,1790325165.02,0.001,0.001,0.03
camera,1790325165.59,0.002,0.001,0.03
camera,1790325166.02,0.005,0.001,0.02
camera,1790325166.56,0.002,0.001,0.02
camera,1790325167.09,-0.001,0.001,0.02
camera,1790325167.52,-0.002,0.001,0.02
camera,1790325168.06,0.004,0.001,0.01
camera,1790325168.59,0.001,0.001,0.02
camera,1790325169.12,0.000,0.001,0.03
camera,1790325169.56,0.008,0.001,0.01
camera,1790325170.09,0.005,0.001,0.01
camera,1790325170.62,0.005,0.001,0.02
camera,1790325171.02,0.003,0.001,0.01
camera,1790325171.56,0.003,0.001,0.03
camera,1790325172.12,0.003,0.001,0.01
camera,1790325172.52,0.004,0.001,0.01
camera,1790325173.06,0.003,0.001,0.03
camera,1790325173.59,0.005,0.001,0.02
camera,1790325174.12,0.006,0.001,0.01
camera,1790325174.56,0.003,0.001,-0.01
camera,1790325175.09,0.003,0.001,0.01
camera,1790325175.62,0.005,0.001,0.04
camera,1790325176.02,0.002,0.001,0.03
camera,1790325176.59,0.005,0.001,0.04
camera,1790325177.12,0.004,0.001,0.05
camera,1790325177.56,0.002,0.001,0.03
camera,1790325178.09,0.002,0.001,0.03
camera,1790325178.66,0.002,0.001,0.04
camera,1790325179.06,0.000,0.001,0.04
camera,1790325179.59,0.001,0.001,-0.00
camera,1790325180.12,0.000,0.001,-0.02
camera,1790325180.52,0.003,0.001,-0.01
camera,1790325181.09,0.002,0.001,0.05
camera,1790325181.66,-0.001,0.001,0.01
camera,1790325182.06,0.002,0.001,-0.00
camera,1790325182.59,-0.000,0.001,0.03
camera,1790325183.12,-0.003,0.001,0.07
camera,1790325183.56,0.002,0.001,-0.00
camera,1790325184.09,0.004,0.001,0.04
camera,1790325184.62,0.000,0.001,0.04
camera,1790325185.06,0.000,0.001,0.05
camera,1790325185.59,-0.003,0.001,0.03
camera,1790325186.16,0.001,0.001,0.03
camera,1790325186.62,0.001,0.001,0.01
camera,1790325187.02,0.002,0.001,0.01
camera,1790325187.59,0.002,0.001,0.02
camera,1790325188.12,0.002,0.001,0.02
camera,1790325188.52,-0.001,0.001,0.03
camera,1790325189.06,-0.002,0.001,0.00
camera,1790325189.62,0.003,0.001,0.02
camera,1790325190.02,0.001,0.001,0.02
camera,1790325190.56,0.000,0.001,0.02
camera,1790325191.09,0.001,0.001,-0.00
camera,1790325191.52,0.002,0.001,0.02
camera,1790325192.09,0.004,0.001,0.03
camera,1790325192.62,-0.001,0.001,-0.01
camera,1790325193.06,0.002,0.001,0.02
camera,1790325193.59,0.001,0.001,-0.00
camera,1790325194.12,0.001,0.001,0.01
camera,1790325194.56,-0.001,0.001,-0.00
camera,1790325195.16,0.001,0.001,0.02
camera,1790325195.52,0.002,0.001,0.02
camera,1790325196.06,0.001,0.001,0.00
camera,1790325196.56,-0.000,0.001,0.02
camera,1790325197.12,0.003,0.001,-0.01
camera,1790325197.52,0.002,0.001,0.01
camera,1790325198.06,0.005,0.001,0.01
camera,1790325198.62,0.001,0.001,0.01
camera,1790325199.02,0.000,0.001,-0.02
camera,1790325199.56,0.003,0.001,0.01
camera,1790325200.12,0.003,0.001,0.03
camera,1790325200.52,0.001,0.001,0.02
camera,1790325201.12,0.004,0.001,0.00
camera,1790325201.52,0.002,0.001,0.01
camera,1790325202.09,0.000,0.001,-0.02
camera,1790325202.62,-0.001,0.001,0.01
camera,1790325203.02,0.001,0.001,0.01
camera,1790325203.59,0.004,0.001,0.02
camera,1790325204.06,0.008,0.001,-0.01
camera,1790325204.62,0.001,0.001,0.01
camera,1790325205.09,0.001,0.001,0.00
camera,1790325205.62,-0.001,0.001,0.03
camera,1790325206.09,0.002,0.001,0.01
camera,1790325206.52,-0.001,0.001,0.00
camera,1790325207.06,0.007,0.001,0.04
camera,1790325207.62,0.005,0.001,0.00
camera,1790325208.16,0.001,0.001,-0.01
camera,1790325208.56,0.002,0.001,-0.00
camera,1790325209.09,0.001,0.001,-0.02
camera,1790325209.56,0.005,0.001,0.02
camera,1790325210.12,0.003,0.001,0.02
camera,1790325210.62,0.002,0.001,0.03
camera,1790325211.02,-0.003,0.001,0.00
camera,1790325211.59,0.002,0.001,0.02
camera,1790325212.02,0.002,0.001,0.05
camera,1790325212.56,-0.001,0.001,0.04
camera,1790325213.09,0.001,0.001,0.01
camera,1790325213.52,0.002,0.001,0.02
camera,1790325214.06,0.005,0.001,-0.00
camera,1790325214.62,0.001,0.001,-0.01
camera,1790325215.02,-0.000,0.001,0.02
camera,1790325215.56,0.004,0.001,0.02
camera,1790325216.16,0.003,0.001,0.03
camera,1790325216.56,0.005,0.001,0.00
camera,1790325217.09,0.003,0.001,0.01
camera,1790325217.52,0.002,0.001,0.03
camera,1790325218.06,-0.003,0.001,0.02
camera,1790325218.59,-0.000,0.001,0.02
camera,1790325219.12,0.003,0.001,0.00
camera,1790325219.56,0.000,0.001,0.04
camera,1790325220.09,0.002,0.001,0.02
camera,1790325220.62,0.004,0.001,0.00
camera,1790325221.02,0.001,0.001,0.01
camera,1790325221.59,0.003,0.001,-0.00
camera,1790325222.06,0.001,0.001,0.00
camera,1790325222.56,0.003,0.001,0.04
camera,1790325223.02,0.003,0.001,0.00
camera,1790325223.56,0.002,0.001,0.01
camera,1790325224.02,-0.000,0.001,-0.01
camera,1790325224.52,-0.000,0.001,0.02
camera,1790325225.06,0.002,0.001,0.01
camera,1790325225.56,0.001,0.001,0.02
camera,1790325228.82,0.001,0.001,-0.00
camera,1790325229.12,-0.001,0.001,-0.02
camera,1790325229.56,0.002,0.001,0.02
camera,1790325230.06,0.000,0.001,-0.00
camera,1790325230.56,0.000,0.001,0.02
camera,1790325231.12,0.003,0.001,0.03
camera,1790325231.56,-0.002,0.001,0.02
camera,1790325232.09,-0.000,0.001,0.02
camera,1790325232.56,-0.000,0.001,0.02
camera,1790325233.06,0.001,0.001,0.05
camera,1790325233.52,0.005,0.001,0.04
camera,1790325234.02,0.001,0.001,0.03
camera,1790325234.56,0.002,0.001,0.01
camera,1790325235.16,0.002,0.001,0.04
camera,1790325235.56,0.003,0.001,0.02
camera,1790325236.12,0.002,0.001,-0.01
camera,1790325236.52,-0.000,0.001,0.02
camera,1790325237.02,0.001,0.001,-0.00
camera,1790325237.66,0.001,0.001,0.01
camera,1790325238.19,0.002,0.001,0.01
camera,1790325238.52,-0.002,0.001,0.00
camera,1790325239.09,-0.001,0.001,0.00
camera,1790325239.52,0.002,0.001,0.00
camera,1790325240.06,0.001,0.001,0.02
camera,1790325240.59,-0.001,0.001,-0.02
camera,1790325241.09,0.002,0.001,0.02
camera,1790325241.62,0.006,0.001,0.02
camera,1790325242.06,-0.001,0.001,0.01
camera,1790325242.59,0.005,0.001,0.02
camera,1790325243.06,0.002,0.001,0.02
camera,1790325243.59,0.001,0.001,0.02
camera,1790325244.02,0.003,0.001,-0.00
camera,1790325244.56,0.001,0.001,0.02
camera,1790325245.09,-0.000,0.001,-0.00
camera,1790325245.52,0.002,0.001,0.02
camera,1790325246.06,0.002,0.001,0.03
camera,1790325246.56,0.002,0.001,-0.00
camera,1790325247.19,-0.001,0.001,0.03
camera,1790325247.52,0.002,0.001,0.02
camera,1790325248.06,0.000,0.001,0.00
camera,1790325248.56,0.002,0.001,0.01
camera,1790325249.02,0.001,0.001,0.02
camera,1790325249.62,0.000,0.001,0.02
camera,1790325250.02,0.000,0.001,0.04
camera,1790325250.56,-0.001,0.001,0.02
camera,1790325251.19,0.000,0.001,-0.00
camera,1790325251.59,-0.000,0.001,0.03
camera,1790325252.19,-0.002,0.001,0.01
camera,1790325252.56,0.003,0.001,-0.01
camera,1790325253.06,0.000,0.001,-0.00
camera,1790325253.59,0.001,0.001,0.03
camera,1790325254.06,0.001,0.001,0.02
camera,1790325254.66,-0.000,0.001,0.02
camera,1790325255.09,0.004,0.001,0.02
camera,1790325255.56,0.003,0.000,0.05
camera,1790325256.09,-0.000,0.000,0.04
camera,1790325256.52,-0.002,0.000,0.00
camera,1790325257.12,-0.000,0.000,0.02
camera,1790325257.66,-0.003,0.000,-0.01
camera,1790325258.02,0.000,0.000,0.03
camera,1790325258.56,-0.006,0.000,0.01
camera,1790325259.12,0.003,0.000,0.04
camera,1790325259.52,0.000,0.001,0.06
camera,1790325260.06,-0.002,0.001,0.00
camera,1790325260.56,0.002,0.001,0.00
camera,1790325261.06,-0.000,0.001,0.02
camera,1790325261.52,0.003,0.001,0.02
camera,1790325262.12,-0.000,0.001,-0.00
camera,1790325262.52,0.003,0.001,0.01
camera,1790325263.16,-0.003,0.001,0.01
camera,1790325263.62,-0.001,0.001,0.03
camera,1790325264.02,0.002,0.001,0.02
camera,1790325264.59,0.001,0.001,0.00
camera,1790325265.16,0.001,0.001,0.01
camera,1790325265.62,-0.000,0.001,-0.00
camera,1790325266.12,-0.001,0.001,-0.02
camera,1790325266.59,0.004,0.001,0.05
camera,1790325267.12,0.001,0.001,0.01
camera,1790325267.56,-0.001,0.001,0.03
camera,1790325268.16,0.002,0.001,0.02
camera,1790325268.56,0.004,0.001,0.01
camera,1790325269.19,0.003,0.001,0.06
camera,1790325269.52,0.002,0.001,0.03
camera,1790325270.09,0.001,0.001,-0.01
camera,1790325270.62,0.002,0.001,0.03
camera,1790325271.06,-0.001,0.001,0.03
camera,1790325271.52,0.005,0.001,0.03
camera,1790325272.02,-0.001,0.001,0.05
camera,1790325272.56,0.001,0.001,0.02
camera,1790325273.16,0.003,0.001,0.02
camera,1790325273.52,0.003,0.001,0.01
camera,1790325274.19,0.002,0.001,0.03
camera,1790325274.69,0.006,0.001,0.01
camera,1790325275.06,0.004,0.001,0.03
camera,1790325275.59,0.006,0.001,0.01
camera,1790325276.22,0.006,0.001,0.03
camera,1790325276.69,0.001,0.001,0.05
camera,1790325277.06,-0.001,0.001,0.02
camera,1790325277.59,0.001,0.001,-0.01
camera,1790325278.09,0.008,0.001,0.01
camera,1790325278.69,0.001,0.001,0.02
camera,1790325279.02,-0.005,0.001,0.01
camera,1790325279.69,0.006,0.001,0.04
camera,1790325280.12,0.002,0.001,0.02
camera,1790325280.66,0.002,0.001,-0.02
camera,1790325281.06,0.004,0.001,-0.00
camera,1790325281.56,0.000,0.001,0.01
camera,1790325282.19,-0.001,0.001,0.02
camera,1790325282.56,0.002,0.001,0.03
camera,1790325283.02,0.003,0.001,-0.00
camera,1790325283.59,0.004,0.001,0.02
camera,1790325284.12,0.002,0.001,-0.00
camera,1790325284.69,-0.003,0.001,0.01
camera,1790325285.02,0.002,0.001,0.05
camera,1790325285.56,0.001,0.001,0.01
camera,1790325286.19,0.001,0.001,0.05
camera,1790325286.52,0.003,0.001,0.02
camera,1790325287.06,0.004,0.001,-0.01
camera,1790325287.59,0.000,0.001,0.02
camera,1790325288.09,0.000,0.001,0.03
camera,1790325288.66,0.004,0.001,0.01
camera,1790325289.02,-0.000,0.001,0.05
camera,1790325289.56,0.002,0.001,0.01
camera,1790325290.12,0.001,0.001,0.01
camera,1790325290.52,0.004,0.001,0.03
camera,1790325291.12,0.004,0.001,0.02
camera,1790325291.59,-0.001,0.001,0.02
camera,1790325292.16,-0.001,0.001,-0.01
camera,1790325292.62,0.002,0.001,0.02
camera,1790325293.06,-0.000,0.001,0.03
camera,1790325293.56,-0.003,0.001,0.02
camera,1790325294.16,0.001,0.001,0.01
camera,1790325294.59,0.002,0.001,0.03
camera,1790325295.12,0.000,0.001,0.04
camera,1790325295.59,-0.001,0.001,0.02
camera,1790325296.06,0.002,0.001,0.02
camera,1790325296.69,-0.003,0.001,0.01
camera,1790325297.02,0.001,0.001,0.03
camera,1790325297.62,0.003,0.001,-0.02
camera,1790325298.19,0.000,0.001,0.01
camera,1790325298.52,0.001,0.001,0.03
camera,1790325299.06,0.003,0.001,0.03
camera,1790325299.66,-0.002,0.001,0.01
camera,1790325300.06,0.002,0.001,-0.01
camera,1790325300.59,0.005,0.001,0.00
camera,1790325301.02,0.004,0.001,0.06
camera,1790325301.62,0.001,0.001,0.03
camera,1790325302.19,-0.004,0.001,0.03
camera,1790325302.52,-0.000,0.001,0.02
camera,1790325303.12,-0.000,0.001,0.05
camera,1790325303.62,0.003,0.001,0.00
camera,1790325304.02,-0.000,0.001,-0.00
camera,1790325304.52,-0.002,0.001,-0.00
camera,1790325305.06,0.002,0.001,0.03
camera,1790325305.56,0.002,0.001,0.05
camera,1790325306.16,0.003,0.001,0.00
camera,1790325306.56,-0.001,0.001,0.01
camera,1790325307.02,0.005,0.001,0.03
camera,1790325307.59,0.001,0.001,0.03
camera,1790325308.12,0.000,0.001,0.07
camera,1790325308.69,0.002,0.001,0.04
camera,1790325309.19,0.001,0.001,0.05
camera,1790325309.59,0.000,0.001,0.04
camera,1790325310.02,0.003,0.001,0.03
camera,1790325310.62,0.004,0.001,0.05
camera,1790325311.06,0.005,0.001,0.00
camera,1790325311.66,0.001,0.001,0.02
camera,1790325312.06,0.005,0.001,0.05
camera,1790325312.52,0.002,0.001,0.01
camera,1790325313.09,0.006,0.001,0.02
camera,1790325313.66,0.005,0.001,0.01
camera,1790325314.12,0.004,0.001,0.02
camera,1790325314.69,0.003,0.001,0.01
camera,1790325315.02,0.002,0.001,0.01
camera,1790325315.56,0.002,0.001,0.03
camera,1790325316.16,-0.004,0.001,0.01
camera,1790325316.52,0.005,0.001,0.03
camera,1790325317.06,0.003,0.001,0.01
camera,1790325317.59,0.007,0.001,-0.03
camera,1790325318.16,0.071,0.000,-0.12
camera,1790325318.69,0.161,0.000,-0.08
camera,1790325319.09,0.188,0.000,-0.11
camera,1790325319.59,0.186,0.000,-0.07
camera,1790325320.06,0.216,0.000,-0.02
camera,1790325320.59,0.259,0.000,-0.11
camera,1790325321.12,0.307,-0.000,-0.09
camera,1790325321.52,0.344,-0.000,-0.11
camera,1790325322.09,0.404,-0.000,-0.07
camera,1790325322.62,0.458,-0.000,-0.11
camera,1790325323.09,0.512,-0.000,0.03
camera,1790325323.66,0.566,-0.000,-0.07
camera,1790325324.06,0.608,-0.000,0.01
camera,1790325324.59,0.647,-0.000,-0.00
camera,1790325325.02,0.642,-0.000,-0.03
camera,1790325325.56,0.632,-0.000,-0.01
camera,1790325326.09,0.643,-0.000,-0.02
camera,1790325326.52,0.645,-0.000,0.00
camera,1790325327.06,0.697,-0.000,-0.05
camera,1790325327.59,0.788,-0.000,0.02
camera,1790325328.16,0.882,-0.000,0.03
camera,1790325328.56,0.958,-0.000,0.05
camera,1790325329.12,1.051,0.000,0.08
camera,1790325329.52,1.124,0.000,0.11
camera,1790325330.12,1.227,0.000,0.11
camera,1790325330.52,1.292,0.001,0.11
camera,1790325331.06,1.391,0.001,0.20
camera,1790325331.59,1.486,0.001,0.24
camera,1790325332.16,1.596,0.002,0.23
camera,1790325332.52,1.661,0.002,0.36
camera,1790325333.09,1.763,0.003,0.35
camera,1790325333.62,1.851,0.003,0.36
camera,1790325334.06,1.924,0.004,0.37
camera,1790325334.59,2.001,0.005,0.44
camera,1790325335.12,2.087,0.005,0.53
camera,1790325335.52,2.168,0.006,0.50
camera,1790325336.06,2.257,0.007,0.57
camera,1790325336.62,2.358,0.008,0.64
camera,1790325337.02,2.431,0.009,0.66
camera,1790325337.56,2.528,0.010,0.69
camera,1790325338.09,2.614,0.011,0.64
camera,1790325338.52,2.696,0.012,0.75
camera,1790325339.06,2.782,0.013,0.80
camera,1790325339.59,2.882,0.015,0.83
camera,1790325340.02,2.971,0.017,0.91
camera,1790325340.56,3.044,0.018,0.91
camera,1790325341.09,3.155,0.020,1.00
camera,1790325341.52,3.234,0.021,1.02
camera,1790325342.02,3.304,0.023,1.06
camera,1790325342.59,3.414,0.025,1.12
camera,1790325343.12,3.504,0.026,1.16
camera,1790325343.52,3.578,0.028,1.18
camera,1790325344.06,3.674,0.030,1.25
camera,1790325344.52,3.752,0.032,1.16
camera,1790325345.02,3.846,0.034,1.17
camera,1790325345.56,3.948,0.036,1.26
camera,1790325346.06,4.044,0.038,1.24
camera,1790325346.52,4.131,0.040,1.29
camera,1790325347.06,4.230,0.042,1.28
camera,1790325347.52,4.291,0.044,1.39
camera,1790325348.06,4.290,0.044,1.35
camera,1790325348.52,4.289,0.044,1.33
camera,1790325349.02,4.363,0.046,1.36
camera,1790325349.56,4.473,0.049,1.42
camera,1790325350.02,4.569,0.051,1.53
camera,1790325350.52,4.673,0.054,1.52
camera,1790325351.06,4.789,0.057,1.55
camera,1790325351.52,4.889,0.060,1.59
camera,1790325352.06,5.000,0.063,1.71
camera,1790325352.56,5.106,0.067,1.74
camera,1790325353.02,5.203,0.070,1.74
camera,1790325353.52,5.308,0.073,1.82
camera,1790325354.06,5.417,0.077,1.83
camera,1790325354.52,5.519,0.080,1.84
camera,1790325355.02,5.618,0.084,2.07
camera,1790325355.56,5.733,0.088,2.00
camera,1790325356.02,5.831,0.091,2.05
camera,1790325356.56,5.935,0.095,2.06
camera,1790325357.06,6.041,0.099,2.12
camera,1790325357.52,6.135,0.102,2.23
camera,1790325358.06,6.250,0.106,2.21
camera,1790325358.52,6.346,0.110,2.21
camera,1790325359.06,6.454,0.114,2.23
camera,1790325359.52,6.554,0.117,2.31
camera,1790325360.02,6.646,0.121,2.34
camera,1790325360.56,6.755,0.126,2.40
camera,1790325361.02,6.845,0.129,2.44
camera,1790325361.52,6.945,0.134,2.44
camera,1790325362.06,7.055,0.138,2.48
camera,1790325362.52,7.150,0.143,2.56
camera,1790325363.06,7.262,0.148,2.67
camera,1790325363.52,7.348,0.152,2.63
camera,1790325364.02,7.450,0.157,2.68
camera,1790325364.52,7.551,0.162,2.68
camera,1790325365.02,7.645,0.166,2.73
camera,1790325365.56,7.757,0.172,2.82
camera,1790325366.06,7.862,0.177,2.80
camera,1790325366.52,7.957,0.182,2.93
camera,1790325367.06,7.961,0.182,2.75
camera,1790325367.52,7.966,0.182,2.86
camera,1790325368.06,7.965,0.182,2.84
camera,1790325368.52,7.958,0.182,2.80
camera,1790325369.06,7.965,0.182,2.77
camera,1790325369.59,7.967,0.182,2.86
camera,1790325370.09,8.000,0.184,2.85
camera,1790325370.56,8.056,0.187,2.89
camera,1790325371.02,8.117,0.190,2.89
camera,1790325371.52,8.197,0.194,2.86
camera,1790325372.06,8.281,0.199,2.86
camera,1790325372.52,8.358,0.203,2.93
camera,1790325373.06,8.445,0.207,2.91
camera,1790325373.59,8.533,0.212,2.95
camera,1790325374.02,8.604,0.215,2.90
camera,1790325374.62,8.702,0.220,2.98
camera,1790325375.02,8.774,0.224,3.03
camera,1790325375.56,8.863,0.229,3.07
camera,1790325376.02,8.940,0.233,3.12
camera,1790325376.52,9.027,0.238,3.18
camera,1790325377.02,9.111,0.243,3.23
camera,1790325377.52,9.162,0.246,3.26
camera,1790325378.06,9.163,0.246,3.27
camera,1790325378.52,9.164,0.246,3.22
camera,1790325379.09,9.165,0.246,3.23
camera,1790325379.56,9.165,0.246,3.24
camera,1790325380.06,9.193,0.247,3.29
camera,1790325380.59,9.269,0.252,3.21
camera,1790325381.12,9.350,0.256,3.34
camera,1790325381.52,9.413,0.260,3.26
camera,1790325382.06,9.501,0.265,3.12
camera,1790325382.52,9.582,0.270,3.33
camera,1790325383.09,9.679,0.276,3.41
camera,1790325383.56,9.755,0.280,3.48
camera,1790325384.02,9.833,0.285,3.44
camera,1790325384.52,9.914,0.290,3.58
camera,1790325385.06,9.948,0.293,3.68
camera,1790325385.52,9.950,0.293,3.80
camera,1790325386.06,9.948,0.293,3.83
camera,1790325386.62,9.949,0.293,3.72
camera,1790325387.02,9.947,0.293,3.63
camera,1790325387.62,9.948,0.293,3.67
camera,1790325388.09,9.946,0.293,3.67
camera,1790325388.62,9.949,0.293,3.75
camera,1790325389.12,9.948,0.293,3.68
camera,1790325389.66,9.951,0.293,3.70
camera,1790325390.12,9.991,0.296,3.70
camera,1790325390.52,10.049,0.300,3.82
camera,1790325391.06,10.124,0.305,3.87
camera,1790325391.56,10.194,0.309,3.82
camera,1790325392.02,10.258,0.314,3.92
camera,1790325392.52,10.276,0.315,3.96
camera,1790325393.06,10.277,0.315,3.90
camera,1790325393.52,10.278,0.315,3.86
camera,1790325394.06,10.277,0.315,3.86
camera,1790325394.56,10.277,0.315,3.94
camera,1790325395.02,10.277,0.315,3.88
camera,1790325395.56,10.276,0.315,3.96
camera,1790325396.02,10.275,0.315,3.89
camera,1790325396.59,10.276,0.315,3.95
camera,1790325397.06,10.276,0.315,3.88
camera,1790325397.52,10.276,0.315,3.93
camera,1790325398.02,10.275,0.315,3.91
camera,1790325398.56,10.276,0.315,3.96
camera,1790325399.02,10.275,0.315,3.93
camera,1790325399.56,10.277,0.315,3.95
camera,1790325400.02,10.276,0.315,3.91
camera,1790325400.56,10.276,0.315,3.89
camera,1790325401.09,10.278,0.316,9.76
camera,1790325401.59,10.289,0.321,22.11
camera,1790325402.06,10.298,0.330,33.49
camera,1790325402.52,10.309,0.344,45.37
camera,1790325403.06,10.324,0.374,58.38
camera,1790325410.16,10.832,0.549,99.27
camera,1790325410.56,10.837,0.527,106.05
camera,1790325411.06,10.842,0.482,112.30
camera,1790325411.56,10.849,0.450,118.17
camera,1790325412.76,10.914,0.350,132.34
camera,1790325413.06,10.919,0.344,135.92
camera,1790325413.52,10.926,0.338,141.68
camera,1790325414.06,10.937,0.332,148.37
camera,1790325414.52,10.944,0.329,154.11
camera,1790325415.09,10.940,0.330,161.64
camera,1790325415.52,10.936,0.331,167.17
camera,1790325416.09,10.931,0.332,167.12
camera,1790325416.56,10.936,0.331,167.07
camera,1790325417.02,10.935,0.331,167.10
camera,1790325417.56,10.933,0.332,166.52
camera,1790325418.02,10.928,0.333,166.54
camera,1790325418.52,10.831,0.356,166.47
camera,1790325419.06,10.709,0.386,166.42
camera,1790325419.52,10.621,0.407,166.44
camera,1790325420.06,10.514,0.433,166.47
camera,1790325420.52,10.445,0.449,166.57
camera,1790325421.06,10.354,0.471,166.54
camera,1790325421.52,10.276,0.489,166.55
camera,1790325422.02,10.200,0.507,166.62
camera,1790325422.56,10.121,0.526,166.62
camera,1790325423.02,10.046,0.544,166.59
camera,1790325423.56,9.968,0.563,166.67
camera,1790325424.02,9.908,0.577,166.66
camera,1790325424.52,9.847,0.592,166.69
camera,1790325425.02,9.760,0.612,166.77
camera,1790325425.52,9.660,0.636,166.76
camera,1790325426.06,9.560,0.660,166.75
camera,1790325426.52,9.496,0.675,166.81
camera,1790325427.06,9.438,0.689,166.85
camera,1790325427.56,9.438,0.689,166.83
camera,1790325428.02,9.444,0.687,166.84
camera,1790325428.56,9.445,0.687,166.88
camera,1790325429.02,9.442,0.688,166.84
camera,1790325429.56,9.445,0.687,166.85
camera,1790325430.02,9.439,0.689,166.86
camera,1790325430.59,9.443,0.688,166.87
camera,1790325431.02,9.446,0.687,166.86
camera,1790325431.52,9.448,0.687,166.85
camera,1790325432.06,9.448,0.687,166.87
camera,1790325432.52,9.438,0.689,166.83
camera,1790325433.06,9.440,0.689,166.86
camera,1790325433.52,9.443,0.688,166.85
camera,1790325434.02,9.450,0.686,166.85
camera,1790325434.56,9.441,0.688,166.85
camera,1790325435.02,9.443,0.688,166.83
camera,1790325435.56,9.438,0.689,166.84
camera,1790325436.06,9.440,0.689,166.88
camera,1790325436.62,9.439,0.689,166.84
camera,1790325437.06,9.436,0.690,166.85
camera,1790325437.59,9.443,0.688,166.88
camera,1790325438.06,9.441,0.689,166.88
camera,1790325438.59,9.443,0.688,166.84
camera,1790325439.09,9.442,0.688,166.84
camera,1790325439.56,9.437,0.690,166.83
camera,1790325440.03,9.438,0.690,166.85
camera,1790325440.63,9.447,0.687,166.84
camera,1790325441.13,9.435,0.690,166.87
camera,1790325441.53,9.441,0.689,166.85
camera,1790325442.06,9.441,0.689,166.84
camera,1790325442.53,9.442,0.689,166.85
camera,1790325443.16,9.441,0.689,166.85
camera,1790325443.59,9.442,0.689,166.84
camera,1790325444.03,9.440,0.689,166.83
camera,1790325444.63,9.442,0.689,166.86
camera,1790325445.09,9.438,0.689,166.86
camera,1790325445.56,9.440,0.689,166.83
camera,1790325446.03,9.436,0.690,166.85
camera,1790325446.56,9.445,0.688,166.75
camera,1790325447.06,9.445,0.688,166.83
camera,1790325447.59,9.440,0.689,166.87
camera,1790325448.13,9.436,0.690,166.85
camera,1790325448.56,9.440,0.689,166.84
camera,1790325449.03,9.437,0.690,166.81
camera,1790325449.56,9.425,0.693,166.81
camera,1790325450.09,9.433,0.691,166.84
camera,1790325450.63,9.442,0.689,166.84
camera,1790325451.13,9.437,0.690,166.86
camera,1790325451.59,9.434,0.691,166.84
camera,1790325452.13,9.441,0.689,166.83
camera,1790325452.59,9.440,0.689,166.83
camera,1790325453.03,9.430,0.691,166.83
camera,1790325453.59,9.435,0.690,166.84
camera,1790325454.03,9.439,0.689,166.85
camera,1790325454.63,9.438,0.690,166.89
camera,1790325455.09,9.436,0.690,166.83
camera,1790325455.56,9.440,0.689,166.84
camera,1790325456.09,9.441,0.689,166.82
camera,1790325456.63,9.439,0.689,166.86
camera,1790325457.06,9.437,0.690,166.83
camera,1790325457.53,9.443,0.689,166.87
camera,1790325458.06,9.439,0.689,166.85
camera,1790325458.53,9.454,0.686,166.85
camera,1790325459.06,9.436,0.691,166.81
camera,1790325459.59,9.444,0.689,166.85
camera,1790325460.06,9.426,0.693,166.82
camera,1790325460.59,9.440,0.690,166.84
camera,1790325461.03,9.438,0.691,166.81
camera,1790325461.56,9.443,0.690,166.80
camera,1790325462.03,9.444,0.689,166.85
camera,1790325462.63,9.437,0.691,166.85
camera,1790325463.03,9.436,0.691,166.84
camera,1790325463.56,9.442,0.690,166.83
camera,1790325464.06,9.434,0.692,166.82
camera,1790325464.59,9.439,0.690,166.84
camera,1790325465.13,9.434,0.692,166.86
camera,1790325465.53,9.437,0.691,166.85
camera,1790325466.06,9.435,0.691,166.84
camera,1790325466.59,9.434,0.692,166.85
camera,1790325467.06,9.443,0.690,166.85
camera,1790325467.63,9.433,0.692,166.84
camera,1790325468.03,9.437,0.691,166.85
camera,1790325468.56,9.437,0.691,166.84
camera,1790325469.09,9.438,0.691,166.84
camera,1790325469.53,9.438,0.691,166.85
camera,1790325470.03,9.442,0.690,166.85
camera,1790325470.59,9.441,0.690,166.84
camera,1790325471.13,9.441,0.690,166.83
camera,1790325471.53,9.439,0.691,166.85
camera,1790325472.06,9.429,0.693,166.82
camera,1790325472.59,9.436,0.691,166.86
camera,1790325473.13,9.438,0.691,166.83
camera,1790325473.53,9.436,0.691,166.87
camera,1790325474.06,9.437,0.691,166.87
camera,1790325474.59,9.443,0.690,166.86
camera,1790325475.13,9.440,0.690,166.85
camera,1790325475.53,9.436,0.691,166.88
camera,1790325476.06,9.440,0.690,166.86
camera,1790325476.56,9.440,0.690,166.86
camera,1790325479.56,9.434,0.692,166.82
camera,1790325480.03,9.448,0.689,166.85
camera,1790325480.56,9.443,0.690,166.87
camera,1790325481.09,9.440,0.690,166.86
camera,1790325481.63,9.434,0.692,166.84
camera,1790325482.06,9.437,0.691,166.84
camera,1790325482.59,9.438,0.691,166.83
camera,1790325483.13,9.435,0.692,166.84
camera,1790325483.53,9.435,0.692,166.83
camera,1790325484.06,9.439,0.691,166.86
camera,1790325484.59,9.442,0.690,166.87
camera,1790325485.13,9.433,0.692,166.84
camera,1790325485.56,9.435,0.692,166.82
camera,1790325486.09,9.443,0.690,166.86
camera,1790325486.56,9.441,0.690,166.85
camera,1790325487.13,9.439,0.691,166.85
camera,1790325487.63,9.433,0.692,166.83
camera,1790325488.03,9.438,0.691,166.87
camera,1790325488.59,9.440,0.691,166.89
camera,1790325489.13,9.440,0.691,166.88
camera,1790325489.53,9.435,0.692,166.85
camera,1790325490.06,9.436,0.692,166.83
camera,1790325490.59,9.430,0.693,166.78
camera,1790325491.16,9.444,0.690,166.86
camera,1790325491.56,9.432,0.693,166.83
camera,1790325492.09,9.444,0.690,166.85
camera,1790325492.63,9.447,0.689,166.89
camera,1790325493.03,9.441,0.691,166.85
camera,1790325493.56,9.440,0.691,166.85
camera,1790325494.13,9.443,0.690,166.86
camera,1790325494.53,9.436,0.692,166.86
camera,1790325495.06,9.439,0.691,166.86
camera,1790325495.59,9.433,0.693,166.81
camera,1790325496.03,9.438,0.691,166.85
camera,1790325496.56,9.435,0.692,166.85
camera,1790325497.09,9.433,0.693,166.82
camera,1790325497.63,9.439,0.691,166.85
camera,1790325498.03,9.433,0.693,166.84
camera,1790325498.56,9.435,0.692,166.83
camera,1790325499.09,9.439,0.691,166.85
camera,1790325499.63,9.436,0.692,166.84
camera,1790325500.06,9.439,0.691,166.80
camera,1790325500.56,9.435,0.692,166.82
camera,1790325501.13,9.439,0.691,166.86
camera,1790325501.53,9.438,0.691,166.86
camera,1790325502.06,9.427,0.694,166.85
camera,1790325502.59,9.438,0.692,166.84
camera,1790325503.13,9.437,0.692,166.83
camera,1790325503.53,9.436,0.692,166.86
camera,1790325504.06,9.354,0.711,166.82
camera,1790325504.59,9.235,0.739,166.83
camera,1790325505.09,9.124,0.765,166.86
camera,1790325505.56,9.020,0.789,166.91
camera,1790325506.09,8.900,0.817,166.98
camera,1790325509.69,8.328,0.949,167.19
camera,1790325510.03,8.334,0.948,167.14
camera,1790325510.56,8.311,0.954,167.17
camera,1790325511.03,8.310,0.954,167.18
camera,1790325511.53,8.315,0.953,167.20
camera,1790325512.06,8.308,0.954,167.17
camera,1790325512.53,8.310,0.954,167.18
camera,1790325513.06,8.306,0.955,167.18
camera,1790325513.56,8.312,0.953,167.18
camera,1790325514.03,8.309,0.954,167.15
camera,1790325514.63,8.312,0.954,167.21
camera,1790325515.03,8.318,0.952,167.18
camera,1790325515.53,8.311,0.954,167.18
camera,1790325516.06,8.309,0.954,167.20
camera,1790325516.53,8.307,0.955,167.17
camera,1790325517.06,8.310,0.954,167.19
camera,1790325517.53,8.308,0.954,167.17
camera,1790325518.13,8.312,0.953,167.19
camera,1790325518.56,8.309,0.954,167.16
camera,1790325519.09,8.312,0.953,167.20
camera,1790325519.56,8.310,0.954,167.17
camera,1790325520.06,8.317,0.952,167.17
camera,1790325520.59,8.310,0.954,167.15
camera,1790325521.06,8.313,0.953,167.21
camera,1790325521.59,8.312,0.953,167.18
camera,1790325522.13,8.315,0.953,167.21
camera,1790325522.53,8.316,0.953,167.21
camera,1790325523.03,8.306,0.955,167.17
camera,1790325523.53,8.316,0.953,167.18
camera,1790325524.03,8.313,0.954,167.18
camera,1790325524.63,8.307,0.955,167.18
camera,1790325525.03,8.309,0.954,167.17
camera,1790325525.56,8.307,0.955,167.16
camera,1790325526.09,8.314,0.953,167.21
camera,1790325526.53,8.311,0.954,167.17
camera,1790325527.13,8.317,0.953,167.17
camera,1790325527.53,8.311,0.954,167.18
camera,1790325528.09,8.312,0.954,167.21
camera,1790325528.63,8.307,0.955,167.18
camera,1790325529.03,8.309,0.954,167.18
camera,1790325529.63,8.311,0.954,167.19
camera,1790325530.03,8.299,0.957,167.19
camera,1790325530.56,8.156,0.990,167.10
camera,1790325531.03,8.017,1.021,167.12
camera,1790325531.56,7.851,1.059,167.25
camera,1790325532.13,7.750,1.082,167.23
camera,1790325532.53,7.744,1.083,167.27
camera,1790325533.06,7.747,1.082,167.26
camera,1790325533.53,7.704,1.093,167.19
camera,1790325534.06,7.682,1.097,167.25
camera,1790325534.53,7.603,1.115,167.27
camera,1790325535.06,7.474,1.144,167.39
camera,1790325535.59,7.364,1.169,167.42
camera,1790325536.09,7.376,1.166,166.51
camera,1790325536.56,7.385,1.163,157.90
camera,1790325537.03,7.363,1.173,157.50
camera,1790325537.59,7.253,1.219,157.55
camera,1790325538.06,7.120,1.273,157.58
camera,1790325538.59,6.959,1.340,157.61
camera,1790325539.06,6.837,1.390,157.66
camera,1790325539.53,6.676,1.456,157.73
camera,1790325540.13,6.666,1.460,158.36
camera,1790325540.56,6.652,1.465,162.20
camera,1790325541.03,6.632,1.471,162.42
camera,1790325541.56,6.515,1.508,162.45
camera,1790325542.03,6.370,1.553,162.62
camera,1790325542.56,6.192,1.608,162.78
camera,1790325543.06,6.016,1.662,162.88
camera,1790325543.53,5.850,1.713,162.93
camera,1790325544.06,5.664,1.769,163.09
camera,1790325544.53,5.511,1.816,163.12
camera,1790325545.03,5.359,1.861,163.26
camera,1790325545.56,5.189,1.912,163.32
camera,1790325546.06,5.017,1.963,163.35
camera,1790325546.59,4.831,2.018,163.51
camera,1790325547.06,4.677,2.064,163.52
camera,1790325547.53,4.509,2.113,163.65
camera,1790325548.03,4.341,2.161,163.76
camera,1790325548.56,4.174,2.210,163.81
camera,1790325549.06,4.031,2.251,163.91
camera,1790325549.53,3.889,2.292,163.93
camera,1790325550.03,3.753,2.331,164.00
camera,1790325550.53,3.613,2.371,164.07
camera,1790325551.03,3.468,2.412,164.06
camera,1790325551.53,3.326,2.452,164.22
camera,1790325552.06,3.177,2.494,164.28
camera,1790325552.56,3.036,2.534,164.30
camera,1790325553.03,2.906,2.570,164.44
camera,1790325553.53,2.761,2.610,164.48
camera,1790325554.06,2.612,2.651,164.52
camera,1790325554.56,2.471,2.690,164.65
camera,1790325555.03,2.341,2.726,164.68
camera,1790325555.56,2.201,2.764,164.69
camera,1790325556.03,2.154,2.776,164.73
camera,1790325556.53,2.150,2.778,164.72
camera,1790325557.06,2.152,2.777,164.70
camera,1790325557.56,2.153,2.777,164.73
camera,1790325558.03,2.151,2.777,164.75
camera,1790325558.56,2.153,2.777,164.69
camera,1790325559.06,2.155,2.776,164.71
camera,1790325559.53,2.136,2.781,164.72
camera,1790325560.06,2.089,2.794,164.72
camera,1790325560.53,2.030,2.810,164.79
camera,1790325561.03,1.961,2.829,164.85
camera,1790325561.56,1.884,2.850,164.83
camera,1790325562.03,1.827,2.865,164.87
camera,1790325562.53,1.753,2.885,164.89
camera,1790325563.03,1.679,2.905,164.96
camera,1790325563.56,1.601,2.926,164.94
camera,1790325564.06,1.545,2.941,164.98
camera,1790325564.53,1.544,2.941,165.02
camera,1790325565.06,1.545,2.941,165.01
camera,1790325565.56,1.544,2.941,165.00
camera,1790325566.03,1.541,2.941,168.58
camera,1790325566.53,1.527,2.941,176.53
camera,1790325567.06,1.510,2.939,185.04
camera,1790325567.53,1.497,2.936,192.42
camera,1790325568.06,1.480,2.928,200.40
camera,1790325568.53,1.466,2.920,207.89
camera,1790325569.03,1.469,2.920,215.11
camera,1790325569.53,1.460,2.898,222.62
camera,1790325570.06,1.451,2.883,230.58
camera,1790325570.53,1.436,2.856,237.65
camera,1790325571.06,1.430,2.837,245.81
camera,1790325571.53,1.429,2.832,246.82
camera,1790325572.06,1.426,2.824,247.00
camera,1790325572.56,1.425,2.820,248.02
camera,1790325573.03,1.427,2.826,248.52
camera,1790325573.56,1.425,2.820,248.50
camera,1790325574.03,1.430,2.834,248.54
camera,1790325574.56,1.425,2.820,248.54
camera,1790325575.03,1.424,2.815,250.68
camera,1790325575.59,1.423,2.812,251.07
camera,1790325576.06,1.424,2.814,251.12
camera,1790325576.53,1.422,2.809,251.13
camera,1790325577.06,1.420,2.804,251.09
camera,1790325577.53,1.420,2.803,251.13
camera,1790325578.06,1.375,2.669,251.33
camera,1790325578.53,1.330,2.535,251.42
camera,1790325579.09,1.280,2.386,251.61
camera,1790325579.56,1.233,2.242,251.78
camera,1790325580.03,1.192,2.117,251.87
camera,1790325580.56,1.143,1.967,251.97
camera,1790325581.03,1.110,1.865,252.01
camera,1790325581.56,1.056,1.696,252.19
camera,1790325582.03,1.014,1.566,252.17
camera,1790325582.56,0.968,1.419,252.21
camera,1790325583.03,0.929,1.297,252.36
camera,1790325583.56,0.879,1.140,252.38
camera,1790325584.06,0.837,1.004,252.54
camera,1790325584.53,0.795,0.869,252.62
camera,1790325585.06,0.755,0.742,252.73
camera,1790325585.53,0.719,0.629,252.77
camera,1790325586.06,0.672,0.478,252.82
camera,1790325586.53,0.640,0.373,252.88
camera,1790325587.06,0.597,0.234,253.01
camera,1790325587.53,0.556,0.098,253.09
camera,1790325588.09,0.506,-0.066,253.08
camera,1790325588.56,0.472,-0.181,253.29
camera,1790325589.03,0.436,-0.300,253.32
camera,1790325589.56,0.390,-0.451,253.30
camera,1790325590.03,0.356,-0.566,253.39
camera,1790325590.56,0.312,-0.713,253.41
camera,1790325591.03,0.275,-0.841,253.49
camera,1790325591.53,0.234,-0.980,253.53
camera,1790325592.03,0.191,-1.125,253.50
camera,1790325592.53,0.150,-1.262,253.60
camera,1790325593.06,0.104,-1.418,253.61
camera,1790325593.53,0.066,-1.548,253.68
camera,1790325594.06,0.026,-1.687,253.79
camera,1790325594.53,-0.012,-1.818,253.90
camera,1790325595.06,-0.073,-2.041,254.52
camera,1790325595.53,-0.094,-2.120,254.10
camera,1790325596.09,-0.131,-2.247,254.17
camera,1790325596.53,-0.164,-2.366,254.27
camera,1790325597.03,-0.166,-2.374,254.23
camera,1790325597.56,-0.169,-2.381,254.16
camera,1790325598.03,-0.164,-2.365,254.29
camera,1790325598.56,-0.168,-2.378,254.25
camera,1790325599.03,-0.176,-2.406,254.34
camera,1790325599.56,-0.169,-2.382,254.23
camera,1790325600.03,-0.168,-2.380,254.24
camera,1790325600.56,-0.168,-2.380,254.29
camera,1790325601.03,-0.168,-2.380,254.24
camera,1790325601.59,-0.170,-2.384,254.20
camera,1790325602.06,-0.172,-2.392,254.19
camera,1790325602.53,-0.171,-2.388,254.23
camera,1790325603.06,-0.170,-2.385,254.25
camera,1790325603.53,-0.167,-2.376,254.26
camera,1790325604.06,-0.186,-2.440,254.21
camera,1790325604.53,-0.240,-2.626,254.06
camera,1790325605.06,-0.290,-2.811,254.18
camera,1790325605.53,-0.340,-2.994,254.55
camera,1790325606.03,-0.392,-3.182,254.64
camera,1790325606.56,-0.449,-3.393,254.74
camera,1790325607.03,-0.494,-3.556,254.79
camera,1790325607.56,-0.543,-3.742,254.97
camera,1790325608.03,-0.589,-3.917,254.96
camera,1790325608.56,-0.643,-4.120,254.94
camera,1790325609.03,-0.686,-4.284,255.01
camera,1790325610.23,-1.408,-3.436,249.40
camera,1790325610.56,-1.453,-3.553,249.36
camera,1790325611.03,-1.517,-3.723,249.40
camera,1790325611.56,-1.584,-3.904,249.51
camera,1790325612.06,-1.651,-4.084,249.58
camera,1790325612.53,-1.716,-4.258,249.57
camera,1790325613.06,-1.786,-4.448,249.73
camera,1790325613.59,-1.851,-4.627,249.63
camera,1790325614.03,-1.914,-4.796,249.70
camera,1790325614.53,-1.979,-4.974,249.80
camera,1790325615.03,-2.046,-5.154,249.84
camera,1790325615.56,-2.117,-5.348,249.82
camera,1790325616.03,-2.179,-5.517,249.88
camera,1790325616.56,-2.244,-5.695,249.94
camera,1790325617.03,-2.305,-5.862,249.92
camera,1790325617.56,-2.374,-6.052,250.02
camera,1790325618.06,-2.440,-6.233,250.00
camera,1790325618.56,-2.506,-6.414,250.06
camera,1790325619.06,-2.568,-6.587,250.13
camera,1790325619.53,-2.628,-6.752,250.15
camera,1790325620.06,-2.696,-6.943,250.17
camera,1790325620.53,-2.756,-7.109,250.33
camera,1790325621.06,-2.823,-7.297,250.30
camera,1790325621.56,-2.887,-7.478,250.39
camera,1790325622.09,-2.956,-7.671,250.45
camera,1790325622.56,-3.019,-7.852,250.56
camera,1790325623.03,-3.081,-8.033,250.75
camera,1790325623.56,-3.140,-8.198,250.71
camera,1790325624.03,-3.205,-8.386,250.79
camera,1790325624.56,-3.262,-8.550,250.73
camera,1790325625.03,-3.328,-8.739,250.83
camera,1790325625.53,-3.392,-8.925,250.87
camera,1790325626.06,-3.452,-9.098,250.90
camera,1790325626.53,-3.489,-9.204,250.64
camera,1790325627.06,-3.488,-9.200,250.62
camera,1790325627.53,-3.488,-9.202,250.62
camera,1790325628.06,-3.489,-9.204,250.68
camera,1790325628.56,-3.488,-9.203,250.65
camera,1790325629.03,-3.486,-9.198,250.60
camera,1790325629.56,-3.487,-9.199,250.61
camera,1790325630.03,-3.488,-9.203,250.62
camera,1790325630.56,-3.486,-9.197,250.62
camera,1790325631.03,-3.482,-9.185,250.61
camera,1790325634.73,-3.516,-9.281,250.60
camera,1790325635.03,-3.515,-9.280,250.63
camera,1790325635.56,-3.516,-9.282,250.62
camera,1790325636.03,-3.515,-9.280,250.65
camera,1790325636.59,-3.504,-9.260,242.13
camera,1790325637.03,-3.508,-9.265,237.73
camera,1790325637.59,-3.519,-9.277,233.06
camera,1790325638.03,-3.475,-9.196,231.93
camera,1790325639.46,-3.502,-9.416,199.11
camera,1790325639.53,-3.500,-9.415,197.83
camera,1790325640.06,-3.506,-9.417,187.42
camera,1790325640.53,-3.515,-9.415,178.39
camera,1790325641.06,-3.522,-9.412,168.08
camera,1790325641.53,-3.524,-9.411,161.73
camera,1790325642.06,-3.535,-9.408,161.85
camera,1790325642.53,-3.533,-9.408,161.84
camera,1790325643.03,-3.532,-9.409,161.86
camera,1790325643.56,-3.530,-9.409,161.87
camera,1790325644.03,-3.532,-9.409,161.89
camera,1790325644.56,-3.535,-9.408,161.88
camera,1790325645.03,-3.532,-9.409,161.88
camera,1790325645.56,-3.535,-9.408,161.92
camera,1790325646.06,-3.533,-9.409,161.86
camera,1790325646.53,-3.533,-9.408,161.90
camera,1790325647.03,-3.538,-9.406,159.42
camera,1790325647.53,-3.559,-9.392,149.64
camera,1790325648.03,-3.589,-9.359,139.65
camera,1790325648.53,-3.596,-9.346,129.82
camera,1790325649.06,-3.608,-9.327,119.51
camera,1790325649.53,-3.616,-9.288,109.65
camera,1790325650.03,-3.618,-9.282,107.10
camera,1790325650.56,-3.617,-9.283,107.15
camera,1790325651.03,-3.614,-9.292,107.17
camera,1790325651.56,-3.619,-9.275,107.14
camera,1790325652.03,-3.618,-9.280,107.14
camera,1790325652.56,-3.615,-9.290,107.15
camera,1790325653.06,-3.616,-9.284,107.17
camera,1790325653.53,-3.613,-9.294,107.17
camera,1790325654.06,-3.612,-9.297,107.16
camera,1790325654.53,-3.611,-9.300,107.19
camera,1790325655.06,-3.614,-9.285,100.58
camera,1790325655.53,-3.614,-9.255,93.95
camera,1790325656.06,-3.610,-9.220,86.66
camera,1790325656.53,-3.603,-9.191,80.03
camera,1790325657.09,-3.583,-9.139,71.75
camera,1790325657.53,-3.564,-9.097,68.20
camera,1790325658.03,-3.566,-9.103,68.18
camera,1790325658.56,-3.563,-9.094,68.09
camera,1790325659.03,-3.560,-9.088,68.11
camera,1790325659.56,-3.559,-9.087,68.11
camera,1790325660.06,-3.560,-9.088,68.10
camera,1790325660.53,-3.560,-9.088,68.10
camera,1790325661.06,-3.558,-9.082,68.10
camera,1790325661.53,-3.560,-9.089,68.12
camera,1790325662.06,-3.558,-9.082,68.08
camera,1790325662.53,-3.536,-9.030,68.02
camera,1790325663.06,-3.476,-8.881,68.00
camera,1790325663.53,-3.419,-8.740,68.01
camera,1790325664.06,-3.354,-8.579,67.99
camera,1790325664.53,-3.291,-8.422,68.06
camera,1790325665.06,-3.226,-8.261,68.14
camera,1790325665.53,-3.165,-8.110,68.17
camera,1790325666.06,-3.097,-7.941,68.16
camera,1790325666.53,-3.041,-7.799,68.23
camera,1790325667.06,-2.974,-7.631,68.34
camera,1790325667.53,-2.919,-7.492,68.34
camera,1790325668.06,-2.853,-7.325,68.47
camera,1790325668.56,-2.792,-7.169,68.57
camera,1790325669.03,-2.739,-7.033,68.63
camera,1790325669.56,-2.672,-6.863,68.60
camera,1790325670.03,-2.614,-6.712,68.77
camera,1790325670.56,-2.563,-6.583,68.80
camera,1790325671.03,-2.508,-6.438,68.87
camera,1790325671.56,-2.455,-6.301,68.94
camera,1790325672.03,-2.404,-6.168,68.93
camera,1790325672.59,-2.339,-5.998,68.94
camera,1790325673.03,-2.290,-5.871,69.04
camera,1790325673.53,-2.285,-5.859,68.94
camera,1790325674.06,-2.285,-5.859,68.95
camera,1790325674.53,-2.285,-5.860,68.94
camera,1790325675.06,-2.284,-5.856,68.96
camera,1790325675.53,-2.281,-5.850,68.96
camera,1790325676.06,-2.285,-5.859,68.99
camera,1790325676.53,-2.284,-5.856,68.93
camera,1790325677.13,-2.284,-5.856,69.47
camera,1790325677.53,-2.286,-5.861,71.08
camera,1790325678.13,-2.274,-5.826,71.24
camera,1790325678.53,-2.239,-5.724,71.29
camera,1790325679.03,-2.186,-5.565,71.45
camera,1790325679.56,-2.126,-5.384,71.57
camera,1790325680.03,-2.068,-5.209,71.66
camera,1790325680.56,-2.008,-5.024,71.76
camera,1790325681.06,-1.948,-4.841,71.85
camera,1790325681.53,-1.895,-4.678,71.95
camera,1790325682.06,-1.833,-4.487,72.03
camera,1790325682.53,-1.784,-4.334,72.07
camera,1790325683.06,-1.724,-4.148,72.14
camera,1790325683.53,-1.672,-3.984,72.26
camera,1790325684.06,-1.611,-3.794,72.35
camera,1790325684.53,-1.559,-3.628,72.42
camera,1790325685.06,-1.500,-3.443,72.48
camera,1790325685.53,-1.449,-3.277,72.58
camera,1790325686.03,-1.394,-3.100,72.67
camera,1790325686.56,-1.336,-2.915,72.78
camera,1790325687.03,-1.283,-2.742,72.90
camera,1790325687.56,-1.225,-2.550,72.88
camera,1790325688.03,-1.178,-2.400,72.89
camera,1790325688.56,-1.117,-2.200,73.01
camera,1790325689.03,-1.071,-2.046,73.07
camera,1790325689.56,-1.014,-1.859,73.16
camera,1790325690.03,-0.962,-1.684,73.27
camera,1790325690.56,-0.900,-1.479,73.25
camera,1790325691.06,-0.844,-1.289,73.36
camera,1790325691.53,-0.793,-1.118,73.43
camera,1790325692.06,-0.739,-0.935,73.54
camera,1790325692.53,-0.689,-0.764,73.58
camera,1790325693.06,-0.629,-0.559,73.67
camera,1790325693.53,-0.579,-0.389,73.73
camera,1790325694.03,-0.527,-0.209,73.83
camera,1790325694.56,-0.469,-0.007,73.95
camera,1790325695.03,-0.421,0.159,73.99
camera,1790325695.56,-0.364,0.360,74.09
camera,1790325696.03,-0.316,0.529,74.13
camera,1790325696.59,-0.259,0.733,74.27
camera,1790325697.06,-0.211,0.905,74.34
camera,1790325697.56,-0.158,1.094,74.45
camera,1790325698.03,-0.108,1.276,74.48
camera,1790325698.56,-0.053,1.475,74.49
camera,1790325699.06,-0.002,1.661,74.63
camera,1790325699.56,0.048,1.842,74.71
camera,1790325700.03,0.096,2.019,74.74
camera,1790325700.53,0.145,2.202,74.81
camera,1790325701.06,0.199,2.400,74.80
camera,1790325701.53,0.246,2.575,74.93
camera,1790325702.03,0.296,2.762,75.02
camera,1790325702.53,0.334,2.905,74.99
camera,1790325703.06,0.331,2.895,72.91
camera,1790325703.53,0.332,2.898,71.81
camera,1790325704.03,0.381,3.036,71.05
camera,1790325704.56,0.448,3.230,71.02
camera,1790325705.06,0.510,3.413,71.06
camera,1790325705.53,0.567,3.581,71.20
camera,1790325706.06,0.632,3.771,71.20
camera,1790325706.53,0.688,3.938,71.30
camera,1790325707.06,0.735,4.075,71.16
camera,1790325707.53,0.736,4.076,71.17
camera,1790325708.43,0.738,4.082,71.06
camera,1790325708.56,0.750,4.118,71.08
camera,1790325709.03,0.753,4.127,71.09
camera,1790325709.53,0.759,4.137,65.42
camera,1790325710.06,0.770,4.153,57.57
camera,1790325710.53,0.784,4.169,50.65
camera,1790325711.06,0.802,4.184,42.82
camera,1790325711.53,0.815,4.192,35.91
camera,1790325712.06,0.832,4.200,27.90
camera,1790325712.53,0.849,4.205,20.54
camera,1790325713.06,0.839,4.203,13.04
camera,1790325713.53,0.849,4.203,6.17
camera,1790325714.03,0.861,4.203,5.91
camera,1790325714.53,0.937,4.211,5.97
camera,1790325715.03,0.937,4.212,6.04
camera,1790325715.56,0.939,4.212,5.92
camera,1790325716.03,0.962,4.210,-0.72
camera,1790325716.56,0.993,4.204,-9.81
camera,1790325717.03,1.019,4.195,-11.35
camera,1790325717.56,1.014,4.196,-11.32
camera,1790325718.03,1.021,4.195,-11.30
camera,1790325718.56,1.006,4.198,-11.31
camera,1790325719.03,1.011,4.197,-11.27
camera,1790325719.53,1.007,4.198,-11.31
camera,1790325720.03,1.059,4.186,-11.98
camera,1790325720.53,1.176,4.162,-11.92
camera,1790325721.06,1.302,4.135,-11.90
camera,1790325721.66,1.456,4.103,-11.83
camera,1790325722.06,1.587,4.075,-11.78
camera,1790325722.53,1.709,4.050,-11.77
camera,1790325723.06,1.839,4.023,-11.73
camera,1790325723.53,1.948,4.001,-11.57
camera,1790325724.06,2.094,3.971,-11.63
camera,1790325724.53,2.207,3.948,-11.55
camera,1790325725.03,2.317,3.926,-11.53
camera,1790325725.56,2.450,3.899,-11.59
camera,1790325726.03,2.503,3.889,-11.58
camera,1790325726.56,2.506,3.888,-11.56
camera,1790325727.03,2.497,3.890,-11.55
camera,1790325727.53,2.489,3.891,-11.58
camera,1790325728.06,2.502,3.889,-11.57
camera,1790325728.53,2.549,3.879,-11.62
camera,1790325729.06,2.670,3.854,-11.55
camera,1790325729.53,2.751,3.837,-11.50
camera,1790325730.06,2.863,3.814,-11.50
camera,1790325730.53,2.947,3.797,-11.43
camera,1790325731.06,3.059,3.774,-11.47
camera,1790325731.53,3.158,3.754,-11.42
camera,1790325732.06,3.289,3.728,-11.35
camera,1790325732.53,3.386,3.709,-11.34
camera,1790325733.09,3.467,3.693,-11.27
camera,1790325733.56,3.475,3.691,-11.24
camera,1790325734.03,3.474,3.691,-11.33
camera,1790325734.56,3.475,3.690,-11.33
camera,1790325735.03,3.475,3.690,-11.29
camera,1790325735.56,3.470,3.691,-11.29
camera,1790325736.03,3.471,3.691,-11.30
camera,1790325736.56,3.474,3.690,-11.30
camera,1790325737.03,3.473,3.691,-11.32
camera,1790325737.56,3.470,3.691,-11.34
camera,1790325738.03,3.461,3.693,-11.28
camera,1790325738.53,3.471,3.691,-11.29
camera,1790325739.06,3.470,3.691,-11.32
camera,1790325739.53,3.475,3.690,-11.32
camera,1790325740.06,3.471,3.691,-11.27
camera,1790325740.53,3.478,3.690,-11.35
camera,1790325741.06,3.625,3.660,-11.32
camera,1790325741.53,3.665,3.652,-11.30
camera,1790325742.06,3.685,3.645,-15.66
camera,1790325742.53,3.687,3.644,-15.34
camera,1790325743.03,3.776,3.619,-15.44
camera,1790325743.56,3.936,3.575,-15.49
camera,1790325744.03,4.078,3.537,-15.35
camera,1790325744.56,4.249,3.490,-15.25
camera,1790325745.03,4.402,3.447,-15.25
camera,1790325745.56,4.575,3.400,-15.23
camera,1790325746.03,4.723,3.360,-15.27
camera,1790325746.53,4.890,3.315,-15.23
camera,1790325747.06,5.052,3.271,-15.14
camera,1790325747.53,5.203,3.231,-15.00
camera,1790325748.06,5.368,3.186,-15.02
camera,1790325748.53,5.518,3.145,-15.00
camera,1790325749.06,5.689,3.100,-15.00
camera,1790325749.53,5.829,3.063,-14.84
camera,1790325750.06,5.993,3.020,-14.72
camera,1790325750.56,6.157,2.977,-14.64
camera,1790325751.06,6.330,2.931,-14.56
camera,1790325751.56,6.519,2.882,-14.61
camera,1790325752.03,6.661,2.846,-14.51
camera,1790325752.56,6.856,2.796,-14.45
camera,1790325753.03,7.012,2.756,-14.35
camera,1790325753.59,7.206,2.707,-14.29
camera,1790325754.03,7.366,2.667,-14.17
camera,1790325754.53,7.529,2.626,-14.10
camera,1790325755.06,7.681,2.588,-14.00
camera,1790325755.53,7.837,2.549,-14.06
camera,1790325756.06,8.006,2.506,-14.09
camera,1790325756.53,8.144,2.471,-13.98
camera,1790325757.03,8.333,2.425,-13.91
camera,1790325757.56,8.529,2.376,-13.91
camera,1790325758.03,8.690,2.337,-13.82
camera,1790325758.56,8.880,2.291,-13.63
camera,1790325759.06,9.063,2.246,-13.61
camera,1790325759.53,9.237,2.204,-13.56
camera,1790325760.06,9.431,2.158,-13.43
camera,1790325760.53,9.602,2.118,-13.29
camera,1790325761.03,9.787,2.074,-13.30
camera,1790325761.56,9.960,2.033,-13.51
camera,1790325762.06,9.962,2.032,-13.36
camera,1790325762.56,9.958,2.033,-13.33
camera,1790325763.06,9.958,2.033,-15.29
camera,1790325763.59,9.971,2.028,-20.17
camera,1790325764.06,9.988,2.020,-24.60
camera,1790325764.53,10.003,2.010,-28.87
camera,1790325765.09,10.016,2.001,-34.23
camera,1790325765.56,10.031,1.988,-38.73
camera,1790325766.03,10.041,1.978,-42.89
camera,1790325766.56,10.055,1.961,-48.23
camera,1790325767.03,10.065,1.948,-52.72
camera,1790325767.56,10.083,1.917,-57.97
camera,1790325768.03,10.093,1.893,-62.65
camera,1790325768.53,10.099,1.876,-68.76
camera,1790325769.03,10.108,1.832,-75.46
camera,1790325769.56,10.144,1.785,-82.12
camera,1790325770.13,10.146,1.750,-89.32
camera,1790325773.13,10.989,1.880,-111.30
camera,1790325777.63,10.913,1.672,-138.73
camera,1790325778.03,10.842,1.656,-149.21
camera,1790325778.56,11.045,1.809,-148.98
camera,1790325779.03,11.026,1.806,-155.82
camera,1790325779.56,11.049,1.814,-164.33
camera,1790325780.03,11.005,1.810,-171.81
camera,1790325780.53,10.987,1.811,-179.48
camera,1790325781.06,10.963,1.815,-187.71
camera,1790325781.53,10.951,1.819,-194.83
camera,1790325782.06,10.948,1.820,-196.24
camera,1790325782.53,10.948,1.821,-196.23
camera,1790325783.06,10.946,1.821,-196.24
camera,1790325783.56,10.949,1.820,-196.23
camera,1790325784.03,10.949,1.820,-196.23
camera,1790325784.56,10.950,1.820,-196.24
camera,1790325785.03,10.948,1.820,-196.25
camera,1790325785.56,10.952,1.819,-196.22
camera,1790325786.03,10.946,1.821,-196.22
camera,1790325788.63,10.891,1.837,-196.28
camera,1790325789.13,10.765,1.874,-196.39
camera,1790325789.53,10.649,1.908,-196.42
camera,1790325790.06,10.491,1.954,-196.34
camera,1790325790.53,10.359,1.993,-196.33
camera,1790325791.06,10.202,2.039,-196.30
camera,1790325791.53,10.065,2.079,-196.29
camera,1790325792.06,9.912,2.124,-196.14
camera,1790325792.53,9.771,2.165,-196.16
camera,1790325793.03,9.625,2.207,-196.12
camera,1790325793.56,9.485,2.247,-196.02
camera,1790325794.03,9.350,2.285,-195.96
camera,1790325794.56,9.319,2.294,-196.02
camera,1790325795.03,9.320,2.294,-196.00
camera,1790325795.56,9.311,2.296,-196.00
camera,1790325796.03,9.314,2.296,-196.04
camera,1790325796.56,9.309,2.297,-195.93
camera,1790325797.03,9.232,2.319,-195.96
camera,1790325797.53,9.135,2.347,-195.91
camera,1790325798.06,9.018,2.380,-195.82
camera,1790325798.53,8.950,2.398,-195.86
camera,1790325799.06,8.855,2.425,-195.84
camera,1790325799.53,8.773,2.449,-196.10
camera,1790325800.06,8.654,2.483,-196.05
camera,1790325800.53,8.573,2.507,-196.03
camera,1790325801.06,8.474,2.535,-196.00
camera,1790325801.56,8.392,2.558,-196.10
camera,1790325802.09,8.294,2.586,-196.00
camera,1790325802.56,8.205,2.611,-196.05
camera,1790325803.06,8.095,2.642,-195.97
camera,1790325803.53,8.026,2.661,-195.98
camera,1790325804.06,7.904,2.696,-195.85
camera,1790325804.53,7.830,2.717,-195.78
camera,1790325805.06,7.742,2.742,-195.82
camera,1790325805.53,7.675,2.760,-195.79
camera,1790325806.06,7.684,2.758,-195.78
camera,1790325806.53,7.679,2.755,-188.61
camera,1790325807.03,7.649,2.760,-188.46
camera,1790325807.56,7.461,2.787,-188.25
camera,1790325808.03,7.314,2.807,-188.04
camera,1790325808.56,7.120,2.834,-187.89
camera,1790325809.03,6.946,2.858,-187.75
camera,1790325809.53,6.760,2.883,-187.69
camera,1790325810.06,6.570,2.908,-187.57
camera,1790325810.53,6.387,2.932,-187.51
camera,1790325811.13,6.167,2.960,-187.34
camera,1790325811.59,5.997,2.981,-187.25
camera,1790325812.06,5.814,3.004,-187.20
camera,1790325812.53,5.641,3.026,-187.20
camera,1790325813.03,5.636,3.027,-187.16
camera,1790325813.56,5.641,3.026,-187.17
camera,1790325814.06,5.634,3.027,-187.18
camera,1790325814.56,5.637,3.026,-187.19
camera,1790325815.06,5.641,3.026,-187.17
camera,1790325815.53,5.507,3.043,-187.18
camera,1790325816.09,5.323,3.065,-186.99
camera,1790325816.56,5.184,3.082,-186.92
camera,1790325817.09,5.021,3.102,-186.86
camera,1790325817.56,4.972,3.107,-186.82
camera,1790325818.03,4.977,3.107,-186.82
camera,1790325818.56,4.976,3.107,-186.83
camera,1790325819.03,4.975,3.107,-186.81
camera,1790325819.53,4.971,3.108,-186.88
camera,1790325820.06,4.893,3.117,-186.85
camera,1790325820.53,4.760,3.132,-186.70
camera,1790325821.06,4.607,3.150,-186.62
camera,1790325821.56,4.462,3.167,-186.58
camera,1790325822.06,4.316,3.183,-186.40
camera,1790325822.53,4.284,3.187,-186.43
camera,1790325823.06,4.291,3.186,-188.09
camera,1790325823.53,4.276,3.192,-193.78
camera,1790325824.03,4.193,3.214,-194.33
camera,1790325824.56,4.042,3.252,-194.21
camera,1790325825.03,3.921,3.282,-194.14
camera,1790325825.53,3.785,3.316,-194.10
camera,1790325826.06,3.642,3.352,-194.11
camera,1790325826.53,3.521,3.382,-194.01
camera,1790325827.06,3.377,3.418,-193.94
camera,1790325827.53,3.251,3.449,-193.84
camera,1790325828.06,3.080,3.491,-193.74
camera,1790325828.56,2.917,3.531,-193.74
camera,1790325829.03,2.770,3.566,-193.60
camera,1790325829.56,2.618,3.603,-193.58
camera,1790325830.03,2.466,3.639,-193.53
camera,1790325830.56,2.292,3.681,-193.44
camera,1790325831.06,2.199,3.703,-193.49
camera,1790325831.53,2.199,3.703,-193.50
camera,1790325832.06,2.200,3.703,-193.52
camera,1790325832.53,2.171,3.710,-193.59
camera,1790325833.06,2.139,3.718,-193.55
camera,1790325833.53,2.167,3.726,-179.02
camera,1790325834.03,2.173,3.727,-177.45
camera,1790325834.53,2.188,3.737,-159.46
camera,1790325835.13,2.118,3.678,-135.55
camera,1790325835.56,2.118,3.674,-127.18
camera,1790325836.03,2.116,3.667,-121.08
camera,1790325836.56,2.115,3.664,-116.37
camera,1790325837.03,2.110,3.653,-116.23
camera,1790325837.56,2.019,3.467,-116.05
camera,1790325838.03,1.999,3.425,-115.98
camera,1790325838.56,2.001,3.428,-116.00
camera,1790325839.03,2.000,3.427,-116.00
camera,1790325839.56,2.000,3.427,-116.01
camera,1790325840.06,1.999,3.425,-116.00
camera,1790325840.53,2.000,3.427,-116.00
camera,1790325841.06,2.000,3.426,-115.95
camera,1790325841.53,2.000,3.427,-115.99
camera,1790325842.06,2.000,3.426,-115.98
camera,1790325842.53,1.999,3.425,-116.00
camera,1790325843.06,1.999,3.425,-115.99
camera,1790325843.53,2.000,3.426,-116.01
camera,1790325844.06,1.999,3.424,-116.01
camera,1790325844.53,1.999,3.424,-116.00
camera,1790325845.09,1.999,3.425,-116.03
camera,1790325845.56,1.999,3.425,-116.00
camera,1790325846.03,2.000,3.426,-116.00
camera,1790325846.56,2.000,3.427,-115.99
camera,1790325847.03,1.999,3.424,-115.97
camera,1790325847.56,1.999,3.425,-115.97
camera,1790325848.03,2.000,3.427,-116.01
camera,1790325848.56,1.999,3.424,-116.00
camera,1790325849.03,2.000,3.426,-116.03
camera,1790325849.56,1.980,3.385,-115.94
camera,1790325850.03,1.929,3.279,-115.85
camera,1790325850.56,1.869,3.153,-115.81
camera,1790325851.03,1.824,3.061,-115.72
camera,1790325851.53,1.767,2.943,-115.77
camera,1790325852.06,1.713,2.822,-113.57
camera,1790325852.53,1.712,2.784,-96.17
camera,1790325853.06,1.716,2.765,-90.06
camera,1790325853.53,1.716,2.729,-89.90
camera,1790325854.06,1.716,2.628,-89.88
camera,1790325854.56,1.717,2.501,-89.66
camera,1790325855.06,1.718,2.390,-89.50
camera,1790325855.53,1.718,2.342,-89.58
camera,1790325856.03,1.718,2.342,-89.58
camera,1790325856.56,1.718,2.328,-89.63
camera,1790325857.03,1.718,2.343,-89.60
camera,1790325857.56,1.719,2.337,-96.75
camera,1790325858.03,1.715,2.322,-101.51
camera,1790325858.56,1.717,2.336,-102.86
camera,1790325859.03,1.717,2.336,-105.15
camera,1790325859.69,1.718,2.341,-105.20
camera,1790325860.03,1.718,2.340,-105.37
camera,1790325860.56,1.697,2.267,-105.86
camera,1790325861.03,1.649,2.100,-105.92
camera,1790325861.56,1.593,1.902,-105.81
camera,1790325862.03,1.543,1.724,-105.83
camera,1790325862.56,1.482,1.507,-105.72
camera,1790325863.03,1.436,1.345,-105.63
camera,1790325863.56,1.383,1.152,-105.58
camera,1790325864.03,1.341,1.000,-105.49
camera,1790325864.56,1.291,0.820,-105.42
camera,1790325865.06,1.238,0.625,-105.34
camera,1790325865.56,1.193,0.461,-105.29
camera,1790325866.06,1.144,0.280,-105.22
camera,1790325866.53,1.095,0.098,-105.17
camera,1790325867.06,1.046,-0.087,-105.07
camera,1790325867.53,1.000,-0.258,-104.96
camera,1790325868.06,0.949,-0.449,-104.94
camera,1790325868.53,0.903,-0.624,-104.81
camera,1790325869.06,0.851,-0.818,-104.85
camera,1790325869.53,0.804,-0.996,-104.81
camera,1790325870.06,0.749,-1.192,-104.75
camera,1790325870.53,0.705,-1.362,-104.67
camera,1790325871.09,0.649,-1.576,-104.54
camera,1790325871.53,0.606,-1.741,-104.53
camera,1790325872.03,0.559,-1.923,-104.49
camera,1790325872.56,0.508,-2.123,-104.39
camera,1790325873.03,0.463,-2.299,-104.36
camera,1790325873.56,0.413,-2.493,-104.30
camera,1790325874.03,0.370,-2.666,-104.25
camera,1790325874.56,0.321,-2.859,-104.23
camera,1790325875.03,0.277,-3.030,-104.22
camera,1790325875.59,0.227,-3.231,-104.01
camera,1790325876.06,0.182,-3.412,-104.01
camera,1790325876.53,0.140,-3.577,-104.05
camera,1790325877.06,0.091,-3.776,-104.01
camera,1790325877.53,0.049,-3.945,-103.93
camera,1790325878.06,0.001,-4.139,-103.88
camera,1790325878.53,-0.038,-4.304,-103.72
camera,1790325879.06,-0.090,-4.512,-103.81
camera,1790325880.29,-1.448,-3.817,-110.34
camera,1790325880.53,-1.478,-3.898,-110.21
camera,1790325881.03,-1.546,-4.081,-110.23
camera,1790325881.56,-1.615,-4.272,-110.16
camera,1790325882.03,-1.679,-4.447,-110.15
camera,1790325882.56,-1.753,-4.649,-110.11
camera,1790325883.06,-1.819,-4.831,-110.00
camera,1790325883.53,-1.880,-4.999,-109.93
camera,1790325884.03,-1.947,-5.183,-109.94
camera,1790325884.59,-2.019,-5.384,-109.85
camera,1790325885.03,-2.078,-5.544,-109.96
camera,1790325885.53,-2.142,-5.722,-109.82
camera,1790325886.06,-2.210,-5.911,-109.84
camera,1790325886.53,-2.267,-6.070,-109.84
camera,1790325887.06,-2.270,-6.078,-109.83
camera,1790325887.53,-2.269,-6.076,-109.87
camera,1790325888.06,-2.270,-6.078,-109.82
camera,1790325888.53,-2.270,-6.078,-109.84
camera,1790325889.03,-2.270,-6.078,-109.87
camera,1790325889.56,-2.266,-6.071,-115.35
camera,1790325890.06,-2.294,-6.125,-116.15
camera,1790325890.53,-2.370,-6.284,-115.92
camera,1790325891.06,-2.457,-6.464,-115.85
camera,1790325891.53,-2.534,-6.622,-115.84
camera,1790325892.06,-2.619,-6.801,-115.69
camera,1790325892.53,-2.698,-6.964,-115.67
camera,1790325893.06,-2.785,-7.146,-115.59
camera,1790325893.53,-2.860,-7.304,-115.52
camera,1790325894.06,-2.952,-7.499,-115.37
camera,1790325894.53,-3.026,-7.657,-115.28
camera,1790325895.06,-3.116,-7.848,-115.27
camera,1790325895.53,-3.176,-7.976,-115.26
camera,1790325896.06,-3.278,-8.194,-115.22
camera,1790325896.53,-3.332,-8.307,-115.42
camera,1790325897.03,-3.324,-8.290,-115.35
camera,1790325897.53,-3.333,-8.309,-115.35
camera,1790325898.03,-3.330,-8.304,-115.35
camera,1790325898.56,-3.375,-8.397,-115.46
camera,1790325899.03,-3.436,-8.526,-115.50
camera,1790325899.56,-3.455,-8.566,-115.65
camera,1790325900.03,-3.459,-8.576,-115.64
camera,1790325900.56,-3.472,-8.601,-115.79
camera,1790325901.06,-3.523,-8.708,-115.75
camera,1790325901.53,-3.524,-8.711,-115.99
camera,1790325902.06,-3.523,-8.709,-115.98
camera,1790325902.53,-3.525,-8.713,-115.82
camera,1790325903.06,-3.526,-8.714,-115.94
camera,1790325903.53,-3.524,-8.712,-116.03
camera,1790325904.06,-3.526,-8.715,-116.07
camera,1790325904.56,-3.526,-8.716,-112.21
camera,1790325905.06,-3.526,-8.716,-94.01
camera,1790325905.56,-3.516,-8.759,-83.08
camera,1790325906.03,-3.517,-8.756,-83.12
camera,1790325906.56,-3.515,-8.761,-75.15
camera,1790325907.03,-3.509,-8.773,-67.16
camera,1790325907.56,-3.511,-8.770,-67.40
camera,1790325908.03,-3.510,-8.773,-67.42
camera,1790325908.53,-3.511,-8.770,-67.45
camera,1790325909.06,-3.510,-8.771,-67.43
camera,1790325909.53,-3.512,-8.768,-65.04
camera,1790325910.06,-3.511,-8.773,-52.35
camera,1790325910.53,-3.462,-8.810,-43.66
camera,1790325911.03,-3.459,-8.813,-43.85
camera,1790325911.56,-3.455,-8.816,-43.86
camera,1790325912.06,-3.455,-8.816,-43.80
camera,1790325912.53,-3.431,-8.829,-35.75
camera,1790325913.06,-3.391,-8.847,-29.50
camera,1790325913.53,-3.387,-8.849,-29.54
camera,1790325914.06,-3.386,-8.849,-29.53
camera,1790325914.53,-3.388,-8.848,-29.50
camera,1790325915.03,-3.388,-8.848,-29.57
camera,1790325915.56,-3.363,-8.853,-21.51
camera,1790325916.06,-3.353,-8.857,-21.73
camera,1790325916.53,-3.359,-8.855,-21.71
camera,1790325917.09,-3.362,-8.854,-21.66
camera,1790325917.56,-3.351,-8.858,-20.99
camera,1790325918.03,-3.366,-8.856,-14.92
camera,1790325918.56,-3.273,-8.858,-6.74
camera,1790325919.03,-3.298,-8.854,-6.90
camera,1790325919.56,-3.298,-8.855,-6.84
camera,1790325920.03,-3.377,-8.912,3.55
camera,1790325920.53,-3.303,-8.802,18.51
camera,1790325921.06,-3.305,-8.788,18.40
camera,1790325921.53,-3.307,-8.769,18.91
camera,1790325922.06,-3.297,-8.765,19.80
camera,1790325922.56,-3.322,-8.777,27.54
camera,1790325923.06,-3.325,-8.778,28.08
camera,1790325923.53,-3.329,-8.780,27.90
camera,1790325924.06,-3.326,-8.778,27.88
camera,1790325924.53,-3.324,-8.776,27.98
camera,1790325925.06,-3.324,-8.776,30.86
camera,1790325925.53,-3.329,-8.781,40.07
camera,1790325926.06,-3.330,-8.781,51.25
camera,1790325926.56,-3.322,-8.762,61.33
camera,1790325927.03,-3.319,-8.755,62.49
camera,1790325927.53,-3.319,-8.755,64.99
camera,1790325928.06,-3.317,-8.751,67.30
camera,1790325928.53,-3.316,-8.749,67.50
camera,1790325929.06,-3.316,-8.747,67.47
camera,1790325929.56,-3.316,-8.748,67.46
camera,1790325930.03,-3.315,-8.745,67.48
camera,1790325930.59,-3.314,-8.743,67.50
camera,1790325931.06,-3.316,-8.747,67.49
camera,1790325931.53,-3.317,-8.749,67.49
camera,1790325932.06,-3.283,-8.667,67.62
camera,1790325932.56,-3.227,-8.532,67.75
camera,1790325933.03,-3.170,-8.390,67.79
camera,1790325933.56,-3.108,-8.236,67.97
camera,1790325934.03,-3.052,-8.099,68.04
camera,1790325934.56,-2.993,-7.950,68.16
camera,1790325935.09,-2.927,-7.783,68.27
camera,1790325935.56,-2.872,-7.643,68.40
camera,1790325936.03,-2.816,-7.502,68.43
camera,1790325936.56,-2.753,-7.342,68.57
camera,1790325937.09,-2.696,-7.195,68.62
camera,1790325937.56,-2.637,-7.043,68.70
camera,1790325938.03,-2.577,-6.889,68.76
camera,1790325938.56,-2.516,-6.729,68.87
camera,1790325939.03,-2.465,-6.597,68.94
camera,1790325939.56,-2.392,-6.407,68.99
camera,1790325940.03,-2.355,-6.308,69.10
camera,1790325940.53,-2.297,-6.155,69.23
camera,1790325941.03,-2.243,-6.013,69.26
camera,1790325941.53,-2.185,-5.856,69.39
camera,1790325942.06,-2.128,-5.705,69.36
camera,1790325942.53,-2.075,-5.564,69.47
camera,1790325943.06,-2.016,-5.404,69.57
camera,1790325943.53,-1.970,-5.279,69.64
camera,1790325944.06,-1.912,-5.123,69.66
camera,1790325944.56,-1.858,-4.976,69.79
camera,1790325945.03,-1.807,-4.835,69.84
camera,1790325945.56,-1.742,-4.656,69.94
camera,1790325946.03,-1.690,-4.512,69.98
camera,1790325946.56,-1.630,-4.347,70.08
camera,1790325947.03,-1.581,-4.211,70.16
camera,1790325947.56,-1.527,-4.058,70.20
camera,1790325948.03,-1.478,-3.920,70.22
camera,1790325948.56,-1.418,-3.753,70.34
camera,1790325949.03,-1.371,-3.619,70.44
camera,1790325949.59,-1.309,-3.445,70.50
camera,1790325950.03,-1.263,-3.314,70.58
camera,1790325950.59,-1.202,-3.142,70.62
camera,1790325951.06,-1.156,-3.009,70.66
camera,1790325951.53,-1.107,-2.867,70.82
camera,1790325952.06,-1.046,-2.692,70.84
camera,1790325952.53,-1.000,-2.557,70.92
camera,1790325953.06,-0.944,-2.394,70.96
camera,1790325953.53,-0.902,-2.272,71.12
camera,1790325954.06,-0.840,-2.091,71.19
camera,1790325954.53,-0.793,-1.952,71.16
camera,1790325955.06,-0.738,-1.791,71.32
camera,1790325955.53,-0.681,-1.621,71.36
camera,1790325956.03,-0.628,-1.462,71.42
camera,1790325956.56,-0.571,-1.291,71.57
camera,1790325957.03,-0.519,-1.133,71.59
camera,1790325957.56,-0.461,-0.958,71.68
camera,1790325958.03,-0.411,-0.808,71.78
camera,1790325958.56,-0.350,-0.621,71.78
camera,1790325959.03,-0.302,-0.475,71.89
camera,1790325959.56,-0.244,-0.298,71.89
camera,1790325960.03,-0.192,-0.137,72.03
camera,1790325960.56,-0.132,0.051,72.10
camera,1790325961.06,-0.080,0.214,72.17
camera,1790325961.53,-0.028,0.374,72.24
camera,1790325962.06,0.031,0.559,72.28
camera,1790325962.53,0.083,0.723,72.36
camera,1790325963.06,0.145,0.919,72.44
camera,1790325963.56,0.202,1.102,72.55
camera,1790325964.03,0.258,1.281,72.61
camera,1790325964.53,0.313,1.460,72.71
camera,1790325965.06,0.375,1.659,72.77
camera,1790325965.56,0.434,1.851,72.80
camera,1790325966.03,0.489,2.030,72.94
camera,1790325966.53,0.542,2.202,72.93
camera,1790325967.06,0.601,2.394,72.91
camera,1790325967.56,0.655,2.571,73.04
camera,1790325968.03,0.709,2.748,73.05
camera,1790325968.59,0.773,2.958,73.09
camera,1790325969.06,0.825,3.130,73.15
camera,1790325969.53,0.879,3.310,73.24
camera,1790325970.03,0.938,3.508,73.27
camera,1790325970.56,1.004,3.735,73.41
camera,1790325971.03,1.057,3.911,73.47
camera,1790325971.53,1.113,4.103,73.57
camera,1790325972.06,1.119,4.125,73.57
camera,1790325972.56,1.120,4.126,73.57
camera,1790325973.03,1.147,4.218,73.58
camera,1790325976.73,1.243,4.508,59.86
camera,1790325977.03,1.202,4.461,54.22
camera,1790325977.53,1.182,4.444,45.07
camera,1790325978.03,1.162,4.432,35.88
camera,1790325978.56,1.145,4.423,29.25
camera,1790325979.03,1.147,4.424,29.31
camera,1790325979.56,1.145,4.423,29.33
camera,1790325980.03,1.145,4.423,29.31
camera,1790325980.56,1.138,4.421,21.00
camera,1790325981.03,1.124,4.419,12.47
camera,1790325981.53,1.123,4.419,10.42
camera,1790325982.06,1.120,4.419,10.46
camera,1790325982.53,1.120,4.419,10.47
camera,1790325983.06,1.123,4.419,10.44
camera,1790325983.53,1.127,4.418,5.91
camera,1790325984.06,1.113,4.420,-5.10
camera,1790325984.53,1.111,4.420,-15.20
camera,1790325985.03,1.110,4.420,-19.11
camera,1790325985.53,1.124,4.415,-19.11
camera,1790325986.06,1.109,4.421,-19.09
camera,1790325986.53,1.112,4.419,-19.10
camera,1790325987.03,1.117,4.418,-19.09
camera,1790325987.53,1.137,4.411,-19.23
camera,1790325988.03,1.218,4.382,-19.31
camera,1790325988.56,1.339,4.340,-19.36
camera,1790325989.03,1.444,4.303,-19.33
camera,1790325989.56,1.570,4.259,-19.31
camera,1790325990.03,1.686,4.218,-19.33
camera,1790325990.56,1.806,4.176,-19.24
camera,1790325991.03,1.912,4.140,-19.21
camera,1790325991.56,2.039,4.096,-19.19
camera,1790325992.06,2.147,4.059,-19.12
camera,1790325992.56,2.272,4.016,-18.97
camera,1790325993.06,2.410,3.969,-18.93
camera,1790325993.53,2.537,3.926,-18.88
camera,1790325994.06,2.637,3.892,-18.85
camera,1790325994.53,2.753,3.853,-18.83
camera,1790325995.06,2.877,3.811,-18.77
camera,1790325995.53,2.983,3.775,-18.74
camera,1790325996.06,3.110,3.731,-18.75
camera,1790325996.53,3.222,3.694,-18.71
camera,1790325997.06,3.356,3.649,-18.63
camera,1790325997.53,3.460,3.615,-18.60
camera,1790325998.09,3.578,3.575,-18.55
camera,1790325998.56,3.693,3.537,-18.40
camera,1790325999.03,3.823,3.494,-18.39
camera,1790325999.56,3.943,3.454,-18.42
camera,1790326000.03,4.050,3.419,-18.35
camera,1790326000.56,4.177,3.377,-18.24
camera,1790326001.03,4.294,3.339,-18.21
camera,1790326001.53,4.419,3.298,-18.14
camera,1790326002.06,4.553,3.254,-18.09
camera,1790326002.53,4.655,3.221,-18.16
camera,1790326003.06,4.779,3.180,-18.10
camera,1790326003.56,4.773,3.183,-18.04
camera,1790326004.03,4.773,3.183,-18.05
camera,1790326004.56,4.774,3.182,-18.03
camera,1790326005.03,4.769,3.183,-13.67
camera,1790326005.53,4.770,3.182,-13.38
camera,1790326006.06,4.779,3.180,-13.29
camera,1790326006.53,4.849,3.164,-13.20
camera,1790326007.06,4.942,3.142,-13.13
camera,1790326007.53,5.028,3.122,-13.09
camera,1790326008.06,5.117,3.102,-13.03
camera,1790326008.53,5.207,3.081,-12.92
camera,1790326009.06,5.310,3.058,-12.83
camera,1790326009.53,5.393,3.039,-12.83
camera,1790326010.06,5.494,3.016,-12.76
camera,1790326010.56,5.597,2.993,-12.72
camera,1790326011.03,5.690,2.972,-12.71
camera,1790326011.56,5.795,2.948,-12.64
camera,1790326012.03,5.891,2.926,-12.61
camera,1790326012.56,5.997,2.903,-12.49
camera,1790326013.03,6.092,2.882,-12.44
camera,1790326013.56,6.205,2.857,-12.35
camera,1790326014.06,6.306,2.835,-12.34
camera,1790326014.53,6.408,2.813,-12.36
camera,1790326015.06,6.517,2.789,-12.28
camera,1790326015.53,6.617,2.767,-12.29
camera,1790326016.06,6.729,2.743,-12.20
camera,1790326016.53,6.819,2.723,-12.25
camera,1790326017.06,6.921,2.701,-12.17
camera,1790326017.53,7.019,2.681,-12.07
camera,1790326018.03,7.116,2.660,-12.04
camera,1790326018.56,7.226,2.636,-11.99
camera,1790326019.03,7.309,2.619,-11.95
camera,1790326019.56,7.418,2.596,-11.91
camera,1790326020.03,7.513,2.576,-11.90
camera,1790326020.56,7.618,2.554,-11.86
camera,1790326021.03,7.719,2.533,-11.79
camera,1790326021.56,7.825,2.511,-11.79
camera,1790326022.03,7.921,2.491,-11.77
camera,1790326022.56,8.019,2.471,-11.73
camera,1790326023.03,8.105,2.453,-11.78
camera,1790326023.56,8.213,2.431,-11.75
camera,1790326024.03,8.315,2.409,-11.72
camera,1790326024.56,8.425,2.387,-11.73
camera,1790326025.03,8.516,2.368,-11.70
camera,1790326025.56,8.621,2.346,-11.65
camera,1790326026.03,8.717,2.326,-11.64
camera,1790326026.53,8.822,2.305,-11.53
camera,1790326027.06,8.932,2.283,-11.49
camera,1790326027.53,9.026,2.264,-11.43
camera,1790326028.03,9.130,2.243,-11.32
camera,1790326028.56,9.186,2.231,-11.33
camera,1790326029.03,9.183,2.232,-11.36
camera,1790326029.56,9.186,2.231,-13.02
camera,1790326030.03,9.184,2.231,-14.17
camera,1790326030.53,9.183,2.231,-15.64
camera,1790326031.06,9.246,2.213,-15.90
camera,1790326031.60,9.366,2.179,-15.92
camera,1790326032.06,9.478,2.147,-15.94
camera,1790326032.56,9.582,2.117,-16.07
camera,1790326033.03,9.680,2.089,-16.01
camera,1790326033.56,9.794,2.056,-15.93
camera,1790326034.03,9.895,2.027,-15.92
camera,1790326034.56,9.974,2.005,-15.91
camera,1790326035.03,9.973,2.005,-15.88
camera,1790326035.53,9.980,2.003,-16.15
camera,1790326036.06,10.101,1.968,-16.03
camera,1790326036.63,10.176,1.947,-15.95
camera,1790326037.03,10.175,1.947,-16.00
camera,1790326037.56,10.174,1.947,-15.97
camera,1790326038.03,10.176,1.947,-15.95
camera,1790326038.53,10.172,1.948,-15.97
camera,1790326039.06,10.175,1.947,-15.98
camera,1790326039.53,10.175,1.947,-16.60
camera,1790326040.03,10.176,1.946,-27.25
camera,1790326040.53,10.178,1.945,-38.70
camera,1790326041.06,10.180,1.944,-47.90
camera,1790326041.53,10.177,1.948,-47.92
camera,1790326042.03,10.178,1.947,-47.87
camera,1790326042.56,10.178,1.947,-47.84
camera,1790326043.03,10.178,1.946,-48.68
camera,1790326043.56,10.183,1.938,-60.28
camera,1790326044.03,10.184,1.928,-71.62
camera,1790326044.56,10.183,1.945,-75.50
camera,1790326045.03,10.183,1.954,-75.57
camera,1790326045.66,10.187,1.952,-75.42
camera,1790326046.06,10.193,1.942,-75.18
camera,1790326046.53,10.201,1.943,-79.84
camera,1790326077.13,10.381,-0.689,-159.33
camera,1790326077.53,10.366,-0.665,-162.29
camera,1790326078.06,10.627,-0.635,-172.66
camera,1790326078.56,10.649,-0.629,-171.70
camera,1790326079.03,10.662,-0.625,-171.58
camera,1790326079.56,10.648,-0.627,-176.14
camera,1790326080.03,10.661,-0.621,-181.64
camera,1790326080.56,10.656,-0.617,-181.63
camera,1790326081.03,10.683,-0.617,-181.52
camera,1790326081.60,10.622,-0.600,-197.62
camera,1790326082.03,10.645,-0.606,-197.30
camera,1790326082.60,10.642,-0.605,-197.34
camera,1790326083.03,10.623,-0.594,-204.51
camera,1790326083.53,10.625,-0.595,-204.75
camera,1790326084.06,10.624,-0.595,-204.74
camera,1790326084.53,10.624,-0.595,-205.76
camera,1790326085.06,10.630,-0.600,-208.37
camera,1790326085.53,10.628,-0.599,-208.37
camera,1790326086.06,10.627,-0.598,-208.35
camera,1790326086.56,10.625,-0.598,-208.36
camera,1790326087.03,10.628,-0.599,-208.37
camera,1790326087.56,10.610,-0.589,-208.44
camera,1790326088.03,10.500,-0.529,-208.55
camera,1790326088.56,10.358,-0.452,-208.58
camera,1790326089.03,10.230,-0.383,-208.56
camera,1790326089.56,10.219,-0.377,-208.61
camera,1790326090.03,10.219,-0.377,-208.60
camera,1790326090.56,10.216,-0.375,-211.33
camera,1790326091.06,10.217,-0.375,-211.10
camera,1790326091.53,10.216,-0.374,-211.07
camera,1790326092.06,10.216,-0.375,-211.34
camera,1790326092.53,10.215,-0.374,-217.89
camera,1790326093.06,10.217,-0.375,-218.13
camera,1790326093.56,10.215,-0.373,-218.14
camera,1790326094.03,10.215,-0.373,-218.12
camera,1790326094.53,10.214,-0.373,-218.10
camera,1790326095.06,10.216,-0.374,-218.14
camera,1790326095.53,10.216,-0.375,-218.13
camera,1790326096.06,10.215,-0.373,-218.32
camera,1790326096.66,10.055,-0.246,-218.54
camera,1790326097.06,9.946,-0.159,-218.51
camera,1790326097.53,9.811,-0.052,-218.40
camera,1790326098.03,9.696,0.040,-218.49
camera,1790326098.56,9.703,0.034,-218.50
camera,1790326099.03,9.703,0.034,-218.47
camera,1790326099.56,9.717,0.024,-216.19
camera,1790326100.06,9.714,0.026,-216.16
camera,1790326100.53,9.631,0.086,-216.01
camera,1790326101.06,9.506,0.176,-215.79
camera,1790326101.53,9.425,0.234,-215.69
camera,1790326102.06,9.334,0.299,-215.61
camera,1790326102.56,9.248,0.360,-215.52
camera,1790326103.03,9.156,0.426,-215.53
camera,1790326103.53,9.072,0.486,-215.42
camera,1790326104.06,8.976,0.554,-215.40
camera,1790326104.53,8.894,0.612,-215.30
camera,1790326105.06,8.807,0.673,-215.25
camera,1790326105.53,8.724,0.732,-215.18
camera,1790326106.06,8.619,0.805,-215.13
camera,1790326106.56,8.527,0.870,-215.11
camera,1790326107.03,8.448,0.925,-215.10
camera,1790326107.56,8.323,1.012,-214.99
camera,1790326108.03,8.222,1.083,-214.92
camera,1790326108.56,8.107,1.162,-214.84
camera,1790326109.03,7.979,1.251,-214.73
camera,1790326109.56,7.852,1.339,-214.75
camera,1790326110.03,7.735,1.420,-214.70
camera,1790326110.53,7.607,1.508,-214.51
camera,1790326111.06,7.470,1.602,-214.48
camera,1790326111.53,7.349,1.684,-214.38
camera,1790326112.06,7.200,1.786,-214.28
camera,1790326112.53,7.086,1.864,-214.27
camera,1790326113.03,6.949,1.956,-214.06
camera,1790326113.56,6.817,2.045,-214.07
camera,1790326114.03,6.692,2.130,-214.02
camera,1790326114.56,6.543,2.229,-213.91
camera,1790326115.03,6.424,2.309,-213.83
camera,1790326115.56,6.282,2.404,-213.81
camera,1790326116.03,6.160,2.486,-213.73
camera,1790326116.53,6.022,2.577,-213.66
camera,1790326117.06,5.876,2.674,-213.59
camera,1790326117.53,5.743,2.762,-213.51
camera,1790326118.03,5.614,2.847,-213.38
camera,1790326118.56,5.469,2.942,-213.36
camera,1790326119.03,5.340,3.027,-213.31
camera,1790326119.53,5.213,3.110,-213.22
camera,1790326120.06,5.070,3.204,-213.20
camera,1790326120.53,4.953,3.280,-213.12
camera,1790326121.06,4.809,3.373,-212.96
camera,1790326121.53,4.687,3.452,-212.90
camera,1790326122.10,4.677,3.458,-212.97
camera,1790326122.56,4.678,3.458,-213.01
camera,1790326123.03,4.594,3.514,-213.30
camera,1790326123.56,4.454,3.605,-213.16
camera,1790326124.06,4.326,3.688,-213.07
camera,1790326124.53,4.220,3.757,-213.04
camera,1790326125.03,4.106,3.831,-212.95
camera,1790326125.60,3.981,3.912,-212.90
camera,1790326126.06,3.928,3.946,-212.85
camera,1790326126.56,3.927,3.947,-212.86
camera,1790326127.03,3.882,3.976,-212.85
camera,1790326127.60,3.775,4.045,-212.77
camera,1790326128.06,3.758,4.055,-212.78
camera,1790326128.53,3.758,4.056,-212.78
camera,1790326129.03,3.704,4.090,-212.76
camera,1790326129.60,3.582,4.169,-212.72
camera,1790326130.06,3.465,4.244,-212.71
camera,1790326130.53,3.350,4.317,-212.63
camera,1790326131.06,3.223,4.398,-212.46
camera,1790326131.56,3.124,4.461,-212.57
camera,1790326132.03,3.123,4.462,-212.53
camera,1790326132.53,3.125,4.460,-212.56
camera,1790326133.06,3.123,4.462,-212.55
camera,1790326133.53,3.126,4.460,-212.49
camera,1790326134.03,3.124,4.461,-212.53
camera,1790326134.56,3.124,4.461,-208.80
camera,1790326135.03,3.125,4.460,-202.09
camera,1790326135.53,3.125,4.461,-194.28
camera,1790326136.06,3.116,4.462,-185.61
camera,1790326136.56,3.106,4.461,-177.40
camera,1790326137.03,3.100,4.460,-169.62
camera,1790326137.56,3.096,4.458,-160.98
camera,1790326138.03,3.086,4.452,-153.40
camera,1790326138.56,3.075,4.444,-144.87
camera,1790326139.03,3.073,4.442,-144.28
camera,1790326139.56,3.079,4.447,-144.36
camera,1790326140.03,3.075,4.444,-144.05
camera,1790326140.56,3.056,4.420,-133.59
camera,1790326141.03,3.062,4.426,-133.98
camera,1790326141.56,3.059,4.423,-133.94
camera,1790326142.03,3.061,4.425,-134.03
camera,1790326142.56,3.061,4.425,-134.00
camera,1790326143.06,3.051,4.414,-133.84
camera,1790326143.53,2.977,4.337,-133.77
camera,1790326144.06,2.952,4.311,-133.73
camera,1790326144.53,2.940,4.285,-123.11
camera,1790326145.06,2.933,4.269,-122.41
camera,1790326145.53,2.936,4.273,-122.41
camera,1790326146.06,2.929,4.262,-122.41
camera,1790326146.53,2.927,4.248,-114.41
camera,1790326147.06,2.921,4.235,-113.00
camera,1790326147.56,2.924,4.240,-112.94
camera,1790326148.03,2.921,4.236,-112.94
camera,1790326148.56,2.922,4.237,-111.93
camera,1790326149.03,2.921,4.233,-107.58
camera,1790326149.56,2.912,4.206,-105.21
camera,1790326150.03,2.917,4.228,-103.11
camera,1790326150.56,2.912,4.191,-94.46
camera,1790326151.90,2.419,4.354,-74.18
camera,1790326152.03,2.421,4.350,-72.06
camera,1790326152.56,2.424,4.343,-72.03
camera,1790326153.06,2.425,4.340,-72.08
camera,1790326153.56,2.424,4.344,-72.11
camera,1790326154.06,2.425,4.342,-72.01
camera,1790326154.53,2.424,4.345,-69.05
camera,1790326155.06,2.422,4.348,-61.61
camera,1790326155.53,2.427,4.341,-54.91
camera,1790326156.06,2.425,4.343,-53.60
camera,1790326156.53,2.429,4.339,-49.55
camera,1790326157.10,2.432,4.337,-48.09
camera,1790326157.56,2.435,4.334,-43.22
camera,1790326158.03,2.436,4.334,-42.56
camera,1790326158.56,2.442,4.330,-38.07
camera,1790326159.03,2.443,4.330,-38.11
camera,1790326159.53,2.443,4.329,-38.14
camera,1790326160.03,2.438,4.334,-38.14
camera,1790326160.53,2.444,4.329,-38.15
camera,1790326161.03,2.441,4.331,-38.15
camera,1790326161.66,2.445,4.328,-38.00
camera,1790326162.06,2.443,4.330,-36.75
camera,1790326162.53,2.444,4.330,-34.63
camera,1790326163.06,2.443,4.330,-34.64
camera,1790326163.53,2.443,4.330,-34.67
camera,1790326164.06,2.443,4.330,-34.68
camera,1790326164.53,2.465,4.315,-34.61
camera,1790326165.10,2.555,4.261,-31.65
camera,1790326165.56,2.654,4.209,-29.22
camera,1790326166.03,2.749,4.158,-28.51
camera,1790326166.56,2.751,4.157,-28.69
camera,1790326167.03,2.745,4.161,-33.48
camera,1790326167.53,2.746,4.162,-38.14
camera,1790326168.06,2.734,4.175,-42.66
camera,1790326168.53,2.753,4.157,-42.80
camera,1790326169.06,2.860,4.058,-42.86
camera,1790326169.53,2.952,3.972,-42.91
camera,1790326170.06,3.074,3.859,-42.87
camera,1790326170.53,3.176,3.765,-42.76
camera,1790326171.06,3.290,3.660,-42.72
camera,1790326171.56,3.416,3.544,-42.61
camera,1790326172.06,3.441,3.521,-42.73
camera,1790326172.56,3.443,3.519,-42.68
camera,1790326173.03,3.446,3.516,-42.71
camera,1790326173.56,3.443,3.518,-42.69
camera,1790326174.03,3.441,3.521,-38.08
camera,1790326174.56,3.448,3.516,-38.06
camera,1790326175.03,3.437,3.524,-38.10
camera,1790326175.53,3.523,3.458,-37.79
camera,1790326176.06,3.665,3.349,-37.60
camera,1790326176.53,3.792,3.251,-37.56
camera,1790326177.06,3.925,3.150,-37.62
camera,1790326177.53,3.923,3.153,-35.31
camera,1790326178.06,3.922,3.153,-32.79
camera,1790326178.56,3.953,3.133,-32.57
camera,1790326179.06,4.076,3.054,-32.41
camera,1790326179.53,4.195,2.979,-32.26
camera,1790326180.03,4.318,2.902,-32.17
camera,1790326180.56,4.449,2.820,-32.08
camera,1790326181.03,4.566,2.747,-32.05
camera,1790326181.56,4.709,2.659,-31.94
camera,1790326182.03,4.836,2.580,-31.83
camera,1790326182.56,4.980,2.490,-31.83
camera,1790326183.03,5.101,2.415,-31.76
camera,1790326183.56,5.247,2.325,-31.72
camera,1790326184.03,5.368,2.250,-31.68
camera,1790326184.56,5.507,2.164,-31.69
camera,1790326185.06,5.642,2.081,-31.65
camera,1790326185.53,5.761,2.008,-31.57
camera,1790326186.10,5.906,1.919,-31.53
camera,1790326186.56,6.025,1.846,-31.41
camera,1790326187.03,6.141,1.776,-31.37
camera,1790326187.56,6.275,1.694,-31.28
camera,1790326188.03,6.385,1.628,-31.22
camera,1790326188.56,6.527,1.542,-31.15
camera,1790326189.03,6.645,1.471,-31.13
camera,1790326189.53,6.775,1.393,-31.02
camera,1790326190.06,6.916,1.308,-30.91
camera,1790326190.53,7.034,1.238,-30.88
camera,1790326191.06,7.158,1.164,-30.84
camera,1790326191.53,7.271,1.097,-30.75
camera,1790326194.76,7.931,0.706,-30.65
camera,1790326195.06,7.926,0.709,-30.63
camera,1790326195.53,7.933,0.705,-30.65
camera,1790326196.06,7.928,0.707,-30.60
camera,1790326196.56,7.929,0.707,-30.61
camera,1790326197.03,7.929,0.707,-30.61
camera,1790326197.56,7.926,0.708,-30.62
camera,1790326198.13,7.927,0.708,-30.62
camera,1790326198.53,7.929,0.706,-30.62
camera,1790326199.10,7.933,0.704,-30.65
camera,1790326199.63,7.930,0.706,-30.62
camera,1790326200.03,7.927,0.708,-30.62
camera,1790326200.56,7.932,0.704,-30.61
camera,1790326201.06,7.927,0.708,-30.61
camera,1790326201.53,7.927,0.707,-30.60
camera,1790326202.06,7.926,0.708,-30.59
camera,1790326202.53,7.929,0.706,-30.62
camera,1790326203.06,7.932,0.705,-30.59
camera,1790326203.60,7.931,0.705,-30.62
camera,1790326204.10,7.928,0.707,-30.64
camera,1790326204.56,7.931,0.705,-30.64
camera,1790326205.03,7.933,0.703,-30.67
camera,1790326205.56,7.932,0.704,-30.59
camera,1790326206.03,7.931,0.705,-30.60
camera,1790326206.63,7.931,0.705,-30.65
camera,1790326207.03,7.932,0.704,-30.63
camera,1790326207.56,7.933,0.704,-30.62
camera,1790326208.06,7.928,0.707,-30.63
camera,1790326208.53,7.932,0.705,-30.60
camera,1790326209.06,7.932,0.704,-30.59
camera,1790326209.53,7.930,0.705,-30.61
camera,1790326210.10,7.928,0.707,-30.59
camera,1790326210.63,7.932,0.704,-30.62
camera,1790326211.03,7.967,0.683,-30.68
camera,1790326211.63,8.111,0.597,-30.75
camera,1790326212.03,8.215,0.536,-30.59
camera,1790326212.56,8.361,0.449,-30.65
camera,1790326213.13,8.514,0.359,-30.40
camera,1790326213.56,8.635,0.288,-30.34
camera,1790326214.03,8.765,0.212,-30.33
camera,1790326214.56,8.907,0.129,-30.23
camera,1790326215.03,9.039,0.052,-30.17
camera,1790326215.53,9.177,-0.028,-30.11
camera,1790326216.06,9.325,-0.113,-30.03
camera,1790326216.56,9.465,-0.194,-29.93
camera,1790326217.03,9.595,-0.268,-29.94
camera,1790326217.56,9.649,-0.300,-29.91
camera,1790326218.06,9.649,-0.300,-29.95
camera,1790326218.53,9.649,-0.300,-29.94
camera,1790326219.03,9.650,-0.301,-29.96
camera,1790326219.56,9.652,-0.302,-30.09
camera,1790326220.03,9.641,-0.289,-41.15
camera,1790326220.53,9.640,-0.287,-55.43
camera,1790326221.06,9.638,-0.278,-71.28
camera,1790326221.53,9.640,-0.271,-85.08
camera,1790326222.06,9.640,-0.281,-85.55
camera,1790326222.56,9.641,-0.284,-85.52
camera,1790326223.03,9.641,-0.291,-85.43
camera,1790326223.56,9.645,-0.277,-96.07
camera,1790326224.06,9.649,-0.415,-99.39
camera,1790326224.56,9.672,-0.409,-98.84
camera,1790326225.03,9.728,-0.358,-99.53
camera,1790326225.56,9.726,-0.415,-99.75
camera,1790326226.03,9.727,-0.428,-99.32
camera,1790326230.30,9.857,-0.076,-148.93
camera,1790326230.66,9.809,-0.104,-150.43
camera,1790326232.20,9.840,-0.139,-169.89
camera,1790326232.53,9.846,-0.132,-169.82
camera,1790326233.06,9.848,-0.131,-170.21
camera,1790326233.53,9.860,-0.130,-171.35
camera,1790326234.06,9.850,-0.129,-182.24
camera,1790326234.56,9.855,-0.129,-184.07
camera,1790326235.03,9.852,-0.128,-185.66
camera,1790326235.56,9.858,-0.126,-199.61
camera,1790326236.03,9.842,-0.121,-199.53
camera,1790326236.56,9.844,-0.121,-199.54
camera,1790326237.03,9.846,-0.122,-205.19
camera,1790326237.56,9.848,-0.123,-205.50
camera,1790326238.06,9.842,-0.120,-205.64
camera,1790326238.53,9.772,-0.086,-205.62
camera,1790326239.06,9.647,-0.026,-205.69
camera,1790326239.53,9.559,0.017,-205.68
camera,1790326240.06,9.434,0.077,-205.62
camera,1790326240.53,9.437,0.076,-205.61
camera,1790326241.06,9.434,0.078,-214.31
camera,1790326241.53,9.432,0.080,-217.64
camera,1790326242.06,9.431,0.081,-217.80
camera,1790326242.56,9.312,0.173,-217.76
camera,1790326243.03,9.179,0.276,-217.84
camera,1790326243.56,9.024,0.396,-217.76
camera,1790326244.03,8.910,0.485,-217.70
camera,1790326244.56,8.776,0.587,-217.60
camera,1790326245.03,8.651,0.684,-217.62
camera,1790326245.53,8.512,0.791,-217.51
camera,1790326246.06,8.383,0.890,-217.46
camera,1790326246.53,8.247,0.994,-217.40
camera,1790326247.06,8.120,1.090,-217.35
camera,1790326247.53,7.978,1.199,-217.33
camera,1790326248.03,7.850,1.297,-217.27
camera,1790326248.56,7.713,1.401,-217.19
camera,1790326249.03,7.564,1.514,-217.10
camera,1790326249.56,7.430,1.615,-217.04
camera,1790326250.03,7.282,1.725,-216.90
camera,1790326250.53,7.165,1.813,-216.82
camera,1790326251.06,7.016,1.924,-216.74
camera,1790326251.53,6.884,2.021,-216.58
camera,1790326252.06,6.744,2.125,-216.53
camera,1790326252.56,6.597,2.233,-216.48
camera,1790326253.03,6.479,2.320,-216.35
camera,1790326253.56,6.328,2.431,-216.28
camera,1790326254.06,6.192,2.530,-216.19
camera,1790326254.53,6.063,2.624,-216.11
camera,1790326255.06,5.905,2.739,-215.97
camera,1790326255.53,5.777,2.831,-215.94
camera,1790326256.06,5.628,2.939,-215.82
camera,1790326256.53,5.490,3.039,-215.87
camera,1790326257.06,5.332,3.152,-215.71
camera,1790326257.56,5.194,3.251,-215.67
camera,1790326258.03,5.059,3.348,-215.61
camera,1790326258.56,4.914,3.451,-215.47
camera,1790326259.06,4.772,3.552,-215.42
camera,1790326259.53,4.644,3.643,-215.33
camera,1790326260.06,4.484,3.756,-215.32
camera,1790326260.53,4.371,3.837,-215.48
camera,1790326261.03,4.365,3.841,-215.49
camera,1790326261.56,4.212,3.949,-215.35
camera,1790326262.03,4.071,4.049,-215.27
camera,1790326262.56,3.911,4.162,-215.18
camera,1790326263.06,3.758,4.269,-215.09
camera,1790326263.53,3.617,4.368,-215.00
camera,1790326264.03,3.474,4.467,-214.90
camera,1790326264.56,3.310,4.580,-214.66
camera,1790326265.03,3.172,4.675,-214.60
camera,1790326265.53,3.024,4.776,-214.56
camera,1790326266.06,2.868,4.884,-214.51
camera,1790326266.53,2.728,4.978,-214.21
camera,1790326267.06,2.678,5.012,-214.19
camera,1790326267.56,2.681,5.011,-209.51
camera,1790326268.03,2.680,5.012,-199.68
camera,1790326268.56,2.677,5.012,-188.39
camera,1790326269.03,2.666,5.011,-179.05
camera,1790326269.56,2.659,5.009,-168.02
camera,1790326270.03,2.640,4.999,-158.36
camera,1790326270.56,2.630,4.992,-151.63
camera,1790326271.03,2.629,4.991,-150.56
camera,1790326271.56,2.617,4.980,-141.56
camera,1790326272.03,2.617,4.980,-138.25
camera,1790326272.56,2.611,4.975,-138.27
camera,1790326273.03,2.610,4.973,-138.28
camera,1790326273.56,2.614,4.977,-137.61
camera,1790326274.06,2.604,4.964,-129.09
camera,1790326274.53,2.594,4.946,-120.96
camera,1790326275.06,2.590,4.938,-111.65
camera,1790326275.53,2.582,4.890,-103.59
camera,1790326276.06,2.582,4.869,-94.38
camera,1790326277.26,2.368,5.077,-74.84
camera,1790326277.53,2.361,5.092,-70.34
camera,1790326278.06,2.366,5.084,-61.00
camera,1790326278.53,2.363,5.086,-52.89
camera,1790326279.03,2.371,5.078,-48.42
camera,1790326279.56,2.376,5.072,-43.62
camera,1790326280.03,2.368,5.080,-43.93
camera,1790326280.56,2.373,5.075,-43.91
camera,1790326281.03,2.373,5.075,-43.94
camera,1790326281.56,2.376,5.072,-43.92
camera,1790326282.03,2.372,5.076,-43.94
camera,1790326282.56,2.378,5.070,-43.90
camera,1790326283.03,2.372,5.076,-43.90
camera,1790326283.56,2.373,5.075,-43.93
camera,1790326284.03,2.372,5.076,-40.80
camera,1790326284.53,2.377,5.072,-40.69
camera,1790326285.06,2.373,5.075,-40.65
camera,1790326285.53,2.373,5.075,-40.65
camera,1790326286.06,2.374,5.074,-40.67
camera,1790326286.53,2.374,5.074,-40.66
camera,1790326287.06,2.377,5.072,-36.62
camera,1790326287.53,2.388,5.066,-30.86
camera,1790326288.06,2.385,5.068,-30.90
camera,1790326288.53,2.386,5.068,-30.84
camera,1790326289.06,2.382,5.070,-30.85
camera,1790326289.53,2.386,5.068,-30.86
camera,1790326290.03,2.390,5.065,-30.85
camera,1790326290.56,2.382,5.070,-35.16
camera,1790326291.03,2.379,5.074,-37.94
camera,1790326291.56,2.378,5.076,-41.97
camera,1790326292.03,2.374,5.079,-44.33
camera,1790326292.56,2.377,5.077,-44.36
camera,1790326293.06,2.357,5.095,-44.46
camera,1790326293.53,2.341,5.111,-44.43
camera,1790326294.03,2.339,5.113,-42.32
camera,1790326294.53,2.339,5.113,-42.31
camera,1790326295.06,2.341,5.111,-42.34
camera,1790326295.53,2.341,5.111,-42.32
camera,1790326296.06,2.334,5.118,-42.24
camera,1790326296.53,2.311,5.139,-42.21
camera,1790326297.06,2.258,5.187,-42.17
camera,1790326297.56,2.213,5.228,-42.17
camera,1790326298.06,2.187,5.252,-42.13
camera,1790326298.56,2.188,5.251,-42.13
camera,1790326299.03,2.192,5.247,-42.19
camera,1790326299.56,2.194,5.245,-42.14
camera,1790326300.03,2.192,5.247,-42.16
camera,1790326300.56,2.194,5.245,-42.15
camera,1790326301.03,2.195,5.244,-42.16
camera,1790326301.60,2.189,5.250,-42.17
camera,1790326302.06,2.192,5.247,-42.15
camera,1790326302.60,2.194,5.245,-42.10
camera,1790326303.06,2.192,5.247,-42.13
camera,1790326303.53,2.193,5.247,-42.15
camera,1790326304.06,2.189,5.249,-42.15
camera,1790326304.60,2.189,5.250,-42.19
camera,1790326305.06,2.193,5.246,-42.24
camera,1790326305.53,2.187,5.257,-50.68
camera,1790326306.06,2.186,5.257,-60.84
camera,1790326306.56,2.183,5.267,-70.06
camera,1790326307.03,2.186,5.259,-70.16
camera,1790326307.56,2.238,5.116,-70.01
camera,1790326308.03,2.284,4.993,-69.96
camera,1790326308.56,2.347,4.821,-69.81
camera,1790326309.03,2.376,4.745,-69.79
camera,1790326309.53,2.383,4.738,-66.65
camera,1790326310.06,2.377,4.743,-51.65
camera,1790326310.53,2.396,4.730,-43.75
camera,1790326311.06,2.386,4.739,-43.75
camera,1790326311.53,2.339,4.784,-43.73
camera,1790326312.06,2.274,4.844,-43.02
camera,1790326312.56,2.201,4.907,-41.05
camera,1790326313.03,2.149,4.950,-40.42
camera,1790326313.56,2.071,5.017,-40.37
camera,1790326314.03,2.001,5.076,-40.25
camera,1790326314.63,1.895,5.166,-40.29
camera,1790326315.03,1.817,5.233,-40.42
camera,1790326315.56,1.753,5.293,-42.70
camera,1790326318.56,1.642,5.394,-41.02
camera,1790326319.06,1.643,5.393,-41.05
camera,1790326319.53,1.643,5.394,-41.02
camera,1790326320.13,1.646,5.391,-41.03
camera,1790326320.60,1.647,5.390,-41.00
camera,1790326321.10,1.645,5.392,-41.01
camera,1790326321.56,1.642,5.394,-40.99
camera,1790326322.10,1.641,5.396,-41.00
camera,1790326322.63,1.644,5.393,-41.05
camera,1790326323.03,1.641,5.395,-40.99
camera,1790326323.63,1.643,5.394,-41.02
camera,1790326324.10,1.643,5.394,-41.01
camera,1790326324.56,1.643,5.394,-41.02
camera,1790326325.03,1.641,5.396,-41.01
camera,1790326325.60,1.642,5.394,-41.02
camera,1790326326.13,1.642,5.395,-41.00
camera,1790326326.53,1.638,5.398,-41.03
camera,1790326327.06,1.646,5.391,-41.01
camera,1790326327.53,1.643,5.393,-41.03
camera,1790326328.16,1.643,5.394,-41.02
camera,1790326328.53,1.644,5.393,-41.01
camera,1790326329.10,1.643,5.394,-41.02
camera,1790326329.56,1.645,5.392,-40.99
camera,1790326330.03,1.644,5.392,-41.04
camera,1790326330.63,1.642,5.395,-41.03
camera,1790326331.03,1.641,5.395,-41.07
camera,1790326331.63,1.643,5.394,-40.98
camera,1790326332.03,1.646,5.391,-41.04
camera,1790326332.63,1.644,5.393,-41.03
camera,1790326333.06,1.642,5.395,-41.03
camera,1790326333.53,1.640,5.396,-41.00
camera,1790326334.13,1.642,5.394,-41.01
camera,1790326334.60,1.645,5.392,-41.02
camera,1790326335.13,1.645,5.392,-41.00
camera,1790326335.60,1.641,5.396,-41.01
camera,1790326336.13,1.641,5.396,-41.05
camera,1790326336.53,1.643,5.394,-41.00
camera,1790326337.06,1.645,5.392,-41.00
camera,1790326337.60,1.643,5.394,-41.02
camera,1790326338.03,1.642,5.395,-41.04
camera,1790326338.63,1.646,5.391,-41.01
camera,1790326339.03,1.642,5.395,-41.04
camera,1790326339.56,1.646,5.391,-41.01
camera,1790326340.10,1.641,5.395,-41.02
camera,1790326340.63,1.642,5.394,-40.97
camera,1790326341.10,1.642,5.395,-41.03
camera,1790326341.53,1.645,5.392,-40.99
camera,1790326342.13,1.642,5.395,-41.02
camera,1790326342.53,1.642,5.395,-41.02
camera,1790326343.13,1.644,5.393,-41.02
camera,1790326343.53,1.642,5.394,-41.02
camera,1790326344.06,1.645,5.392,-40.98
camera,1790326344.53,1.643,5.394,-41.04
camera,1790326345.13,1.646,5.391,-41.04
camera,1790326345.60,1.647,5.390,-40.98
camera,1790326346.06,1.643,5.394,-40.98
camera,1790326346.53,1.645,5.392,-41.01
camera,1790326347.10,1.640,5.397,-41.01
camera,1790326347.63,1.644,5.393,-41.00
camera,1790326348.03,1.648,5.390,-41.01
camera,1790326348.56,1.644,5.393,-41.04
camera,1790326351.46,1.645,5.393,-41.00
camera,1790326351.63,1.645,5.393,-41.00
camera,1790326352.10,1.645,5.393,-41.01
camera,1790326352.56,1.646,5.392,-40.98
camera,1790326353.10,1.644,5.393,-41.00
camera,1790326353.60,1.645,5.392,-40.98
camera,1790326354.13,1.647,5.391,-41.02
camera,1790326354.53,1.644,5.393,-41.00
camera,1790326355.13,1.642,5.395,-41.00
camera,1790326355.53,1.644,5.393,-41.02
camera,1790326356.06,1.646,5.392,-41.00
camera,1790326356.60,1.642,5.395,-41.01
camera,1790326357.06,1.645,5.393,-41.02
camera,1790326357.53,1.645,5.393,-41.00
camera,1790326358.03,1.643,5.394,-41.03
camera,1790326358.60,1.645,5.393,-41.02
camera,1790326359.03,1.645,5.393,-41.07
camera,1790326359.53,1.643,5.394,-41.01
camera,1790326360.03,1.642,5.395,-41.02
camera,1790326360.56,1.642,5.396,-41.04
camera,1790326361.13,1.642,5.395,-40.99
camera,1790326361.53,1.643,5.394,-41.01
camera,1790326362.06,1.646,5.392,-41.01
camera,1790326362.60,1.637,5.400,-41.03
camera,1790326363.06,1.644,5.394,-40.99
camera,1790326363.53,1.643,5.395,-41.01
camera,1790326364.06,1.645,5.393,-41.04
camera,1790326364.53,1.642,5.395,-41.01
camera,1790326365.06,1.643,5.395,-41.03
camera,1790326365.53,1.644,5.393,-40.99
camera,1790326366.10,1.642,5.395,-41.02
camera,1790326366.53,1.642,5.396,-40.98
camera,1790326367.10,1.641,5.396,-41.05
camera,1790326367.63,1.648,5.390,-41.03
camera,1790326368.03,1.645,5.393,-41.01
camera,1790326368.56,1.645,5.392,-41.03
camera,1790326369.03,1.642,5.395,-41.06
camera,1790326369.60,1.641,5.396,-41.01
camera,1790326370.06,1.645,5.392,-41.00
camera,1790326370.53,1.650,5.388,-41.03
camera,1790326371.06,1.647,5.391,-41.03
camera,1790326371.60,1.646,5.392,-41.06
camera,1790326372.06,1.650,5.388,-41.02
camera,1790326372.63,1.641,5.396,-41.01
camera,1790326373.03,1.648,5.390,-41.02
camera,1790326373.53,1.642,5.395,-41.01
camera,1790326374.06,1.642,5.395,-41.02
camera,1790326374.53,1.641,5.396,-41.02
camera,1790326375.06,1.645,5.393,-40.99
camera,1790326375.60,1.646,5.391,-41.02
camera,1790326376.06,1.643,5.394,-41.01
camera,1790326376.60,1.643,5.394,-41.00
camera,1790326377.06,1.642,5.395,-41.05
camera,1790326377.53,1.645,5.393,-41.03
camera,1790326378.03,1.643,5.395,-41.04
camera,1790326378.56,1.637,5.399,-41.04
camera,1790326379.10,1.645,5.392,-40.99
camera,1790326379.56,1.643,5.395,-41.00
camera,1790326380.03,1.647,5.391,-40.98
camera,1790326380.63,1.643,5.394,-41.01
camera,1790326381.06,1.642,5.395,-41.06
camera,1790326381.63,1.644,5.394,-41.05
camera,1790326382.13,1.642,5.395,-41.02
camera,1790326382.60,1.645,5.393,-40.98
camera,1790326383.06,1.642,5.395,-41.02
camera,1790326383.53,1.643,5.394,-41.04
camera,1790326384.13,1.640,5.397,-41.01
camera,1790326384.53,1.639,5.398,-41.01
camera,1790326385.06,1.644,5.393,-41.00
camera,1790326385.60,1.641,5.396,-41.02
camera,1790326386.03,1.646,5.392,-41.03
camera,1790326386.63,1.642,5.396,-41.03
camera,1790326387.10,1.642,5.395,-41.00
camera,1790326387.56,1.642,5.395,-41.02
camera,1790326388.10,1.645,5.393,-41.03
camera,1790326388.63,1.641,5.396,-41.02
camera,1790326389.03,1.642,5.396,-41.03
camera,1790326389.60,1.641,5.396,-41.00
camera,1790326390.13,1.645,5.392,-41.04
camera,1790326390.60,1.645,5.392,-41.02
camera,1790326391.06,1.642,5.395,-41.04
camera,1790326391.63,1.642,5.395,-41.03
camera,1790326392.16,1.642,5.395,-41.02
camera,1790326392.56,1.646,5.391,-41.03
camera,1790326393.10,1.641,5.396,-41.00
camera,1790326393.63,1.645,5.393,-41.01
camera,1790326394.10,1.640,5.397,-41.01
camera,1790326394.56,1.641,5.396,-41.04
camera,1790326395.06,1.647,5.391,-41.01
camera,1790326395.60,1.642,5.395,-41.06
camera,1790326396.06,1.647,5.391,-41.02
camera,1790326396.56,1.644,5.394,-41.03
camera,1790326397.06,1.642,5.396,-41.05
camera,1790326397.56,1.645,5.393,-41.04
camera,1790326398.06,1.648,5.390,-41.04
camera,1790326398.63,1.645,5.393,-41.01
camera,1790326399.10,1.644,5.394,-41.02
camera,1790326399.63,1.648,5.390,-41.06
camera,1790326400.03,1.641,5.396,-41.06
camera,1790326400.63,1.640,5.397,-41.03
camera,1790326401.03,1.644,5.394,-41.03
camera,1790326401.63,1.644,5.394,-41.01
camera,1790326402.06,1.645,5.393,-41.01
camera,1790326402.60,1.647,5.391,-41.01
camera,1790326403.06,1.643,5.395,-41.04
camera,1790326403.60,1.644,5.394,-41.04
camera,1790326404.13,1.641,5.396,-41.04
camera,1790326404.53,1.644,5.394,-41.03
camera,1790326405.06,1.648,5.390,-41.04
camera,1790326405.60,1.644,5.394,-41.01
camera,1790326406.06,1.643,5.395,-41.02
camera,1790326406.53,1.644,5.394,-41.02
camera,1790326407.06,1.645,5.393,-41.00
camera,1790326407.63,1.645,5.393,-41.04
camera,1790326408.03,1.643,5.395,-41.06
camera,1790326408.56,1.644,5.394,-41.01
camera,1790326409.03,1.641,5.397,-41.00
camera,1790326409.56,1.645,5.393,-41.07
camera,1790326410.10,1.647,5.391,-41.00
camera,1790326410.60,1.638,5.399,-40.99
camera,1790326411.06,1.644,5.394,-41.04
camera,1790326411.60,1.645,5.393,-41.01
camera,1790326412.06,1.642,5.395,-41.01
camera,1790326412.53,1.647,5.391,-41.05
camera,1790326413.03,1.644,5.394,-41.01
camera,1790326413.56,1.647,5.391,-41.05
camera,1790326414.03,1.644,5.393,-41.02
camera,1790326414.56,1.641,5.396,-40.98
camera,1790326415.03,1.640,5.398,-41.03
camera,1790326415.63,1.643,5.394,-41.03
camera,1790326416.03,1.647,5.391,-41.04
camera,1790326416.63,1.645,5.393,-41.02
camera,1790326417.03,1.646,5.392,-41.00
camera,1790326417.63,1.647,5.391,-41.01
camera,1790326418.13,1.645,5.393,-41.02
camera,1790326418.60,1.642,5.395,-41.02
camera,1790326419.10,1.644,5.394,-40.99
camera,1790326419.56,1.643,5.394,-41.03
camera,1790326420.03,1.645,5.393,-41.02
camera,1790326420.56,1.643,5.395,-41.00
camera,1790326421.03,1.647,5.391,-41.01
camera,1790326421.56,1.643,5.394,-41.04
camera,1790326422.03,1.642,5.395,-41.03
camera,1790326422.56,1.644,5.394,-41.05
camera,1790326423.03,1.641,5.396,-41.00
camera,1790326423.53,1.646,5.392,-41.04
camera,1790326424.06,1.642,5.396,-41.00
camera,1790326424.60,1.641,5.397,-41.03
camera,1790326425.13,1.647,5.391,-41.03
camera,1790326425.60,1.645,5.392,-41.01
camera,1790326426.06,1.645,5.393,-41.05
camera,1790326426.53,1.641,5.396,-41.04
camera,1790326427.06,1.651,5.388,-40.97
camera,1790326427.53,1.644,5.394,-41.01
camera,1790326428.16,1.645,5.393,-41.01
camera,1790326428.63,1.641,5.397,-41.02
camera,1790326429.10,1.643,5.394,-41.03
camera,1790326429.56,1.643,5.395,-41.04
camera,1790326430.10,1.643,5.395,-41.03
camera,1790326430.56,1.643,5.395,-41.03
camera,1790326431.03,1.643,5.395,-41.05
camera,1790326431.63,1.638,5.399,-41.01
camera,1790326432.03,1.642,5.396,-41.02
camera,1790326432.53,1.643,5.395,-41.01
camera,1790326433.06,1.642,5.396,-41.03
camera,1790326433.53,1.642,5.396,-41.02
camera,1790326434.13,1.642,5.396,-41.03
camera,1790326434.53,1.642,5.396,-41.03
camera,1790326435.06,1.642,5.395,-41.05
camera,1790326435.60,1.643,5.395,-41.00
camera,1790326436.06,1.644,5.394,-41.06
camera,1790326436.60,1.644,5.394,-41.02
camera,1790326437.06,1.645,5.393,-41.02
camera,1790326437.63,1.640,5.397,-41.00
camera,1790326438.03,1.644,5.394,-41.00
camera,1790326438.63,1.643,5.395,-41.02
camera,1790326439.03,1.646,5.393,-41.01
camera,1790326439.63,1.644,5.394,-41.00
camera,1790326440.03,1.646,5.392,-40.99
camera,1790326440.56,1.642,5.395,-41.03
camera,1790326441.10,1.643,5.395,-41.07
camera,1790326441.63,1.643,5.395,-41.01
camera,1790326442.03,1.652,5.387,-41.05
camera,1790326442.60,1.641,5.396,-41.00
camera,1790326443.06,1.640,5.398,-41.02
camera,1790326443.60,1.646,5.392,-41.01
camera,1790326444.06,1.642,5.395,-41.02
camera,1790326444.60,1.644,5.394,-41.00
camera,1790326445.06,1.644,5.394,-41.03
camera,1790326445.53,1.640,5.397,-41.03
camera,1790326446.03,1.645,5.393,-41.03
camera,1790326446.56,1.645,5.393,-41.02
camera,1790326447.03,1.644,5.394,-41.02
camera,1790326447.63,1.645,5.393,-41.02
camera,1790326448.03,1.643,5.395,-41.01
camera,1790326448.56,1.643,5.395,-41.06
camera,1790326449.10,1.640,5.398,-41.05
camera,1790326449.56,1.644,5.394,-41.01
camera,1790326450.10,1.643,5.395,-41.03
camera,1790326450.60,1.643,5.395,-41.00
camera,1790326451.06,1.643,5.395,-41.04
camera,1790326451.60,1.640,5.398,-41.05
camera,1790326452.13,1.643,5.395,-41.02
camera,1790326452.60,1.642,5.396,-40.98
camera,1790326453.13,1.643,5.395,-41.00
camera,1790326453.53,1.640,5.397,-41.00
camera,1790326454.10,1.645,5.393,-41.04
camera,1790326454.63,1.643,5.395,-41.02
camera,1790326455.10,1.640,5.397,-41.02
camera,1790326455.56,1.641,5.397,-41.00
camera,1790326456.03,1.644,5.394,-41.02
camera,1790326456.56,1.637,5.400,-41.00
camera,1790326457.10,1.647,5.392,-40.99
camera,1790326457.63,1.643,5.395,-40.98
camera,1790326458.06,1.644,5.394,-41.04
camera,1790326458.53,1.643,5.395,-41.01
camera,1790326459.13,1.644,5.394,-40.98
camera,1790326459.53,1.646,5.393,-41.03
camera,1790326460.13,1.645,5.393,-41.03
camera,1790326460.53,1.645,5.393,-41.01
camera,1790326461.13,1.641,5.397,-41.03
camera,1790326461.53,1.640,5.398,-41.04
camera,1790326462.10,1.641,5.397,-41.04
camera,1790326462.60,1.648,5.391,-41.02
camera,1790326463.03,1.645,5.394,-41.01
camera,1790326463.56,1.645,5.393,-41.00
camera,1790326464.10,1.647,5.392,-41.04
camera,1790326464.56,1.644,5.394,-41.01
camera,1790326465.03,1.641,5.397,-41.04
camera,1790326465.63,1.648,5.391,-41.02
camera,1790326466.03,1.644,5.395,-41.04
camera,1790326466.53,1.644,5.394,-41.05
camera,1790326467.06,1.645,5.393,-41.01
camera,1790326467.53,1.642,5.396,-41.01
camera,1790326468.06,1.643,5.395,-41.02
camera,1790326468.53,1.646,5.393,-41.04
camera,1790326469.07,1.644,5.395,-41.01
camera,1790326469.53,1.643,5.395,-40.98
camera,1790326470.06,1.643,5.395,-40.99
camera,1790326470.60,1.645,5.394,-41.02
camera,1790326471.06,1.641,5.397,-40.97
camera,1790326471.60,1.644,5.394,-41.03
camera,1790326472.16,1.643,5.395,-41.01
camera,1790326472.56,1.647,5.392,-41.02
camera,1790326473.03,1.645,5.393,-41.04
camera,1790326473.63,1.642,5.396,-41.01
camera,1790326474.10,1.644,5.395,-40.99
camera,1790326474.56,1.644,5.394,-41.00
camera,1790326475.10,1.645,5.393,-41.04
camera,1790326475.63,1.646,5.393,-41.00
camera,1790326476.10,1.641,5.397,-41.00
camera,1790326476.60,1.643,5.395,-41.00
camera,1790326477.06,1.645,5.393,-41.01
camera,1790326477.53,1.643,5.395,-40.98
camera,1790326478.06,1.646,5.392,-41.04
camera,1790326478.60,1.645,5.393,-41.00
camera,1790326479.06,1.647,5.392,-41.03
camera,1790326479.60,1.644,5.394,-41.03
camera,1790326480.13,1.639,5.398,-41.04
camera,1790326480.60,1.640,5.398,-41.04
camera,1790326481.03,1.642,5.396,-41.04
camera,1790326481.63,1.642,5.396,-41.04
camera,1790326482.10,1.644,5.395,-41.01
camera,1790326482.63,1.645,5.393,-41.00
camera,1790326483.03,1.643,5.396,-41.04
camera,1790326483.53,1.642,5.396,-41.05
camera,1790326484.06,1.645,5.393,-41.05
camera,1790326484.53,1.643,5.395,-41.01
camera,1790326485.13,1.646,5.393,-41.03
camera,1790326485.53,1.642,5.396,-41.05
camera,1790326486.13,1.644,5.394,-41.03
camera,1790326486.53,1.645,5.393,-41.04
camera,1790326487.10,1.642,5.396,-41.01
camera,1790326487.56,1.643,5.395,-41.03
camera,1790326488.03,1.645,5.394,-41.00
camera,1790326488.63,1.643,5.395,-41.03
camera,1790326489.03,1.641,5.398,-41.03
camera,1790326489.56,1.645,5.394,-41.02
camera,1790326490.03,1.645,5.394,-41.03
camera,1790326490.66,1.645,5.394,-41.02
camera,1790326491.10,1.645,5.393,-41.02
camera,1790326491.60,1.644,5.394,-40.99
camera,1790326492.06,1.643,5.395,-41.02
camera,1790326492.60,1.645,5.394,-41.04
camera,1790326493.13,1.644,5.395,-41.02
camera,1790326493.53,1.644,5.394,-41.02
camera,1790326494.06,1.642,5.396,-41.02
camera,1790326494.60,1.644,5.395,-41.01
camera,1790326495.03,1.646,5.393,-41.01
camera,1790326495.56,1.646,5.393,-41.03
camera,1790326496.03,1.644,5.394,-41.01
camera,1790326496.63,1.646,5.393,-41.03
camera,1790326497.03,1.644,5.394,-41.01
camera,1790326497.63,1.640,5.398,-41.00
camera,1790326498.10,1.644,5.395,-41.03
camera,1790326498.60,1.643,5.395,-41.00
camera,1790326499.13,1.641,5.397,-41.01
camera,1790326499.53,1.642,5.396,-41.02
camera,1790326500.06,1.645,5.394,-41.02
camera,1790326500.53,1.643,5.395,-40.96
camera,1790326501.06,1.640,5.398,-41.04
camera,1790326501.53,1.642,5.396,-41.01
camera,1790326502.10,1.642,5.396,-41.01
camera,1790326502.53,1.645,5.394,-41.03
camera,1790326503.10,1.645,5.393,-41.04
camera,1790326503.63,1.643,5.396,-41.02
camera,1790326504.10,1.644,5.395,-41.03
camera,1790326504.56,1.646,5.393,-41.03
camera,1790326505.10,1.644,5.394,-41.04
camera,1790326505.63,1.647,5.392,-41.02
camera,1790326506.10,1.642,5.396,-41.02
camera,1790326506.63,1.645,5.393,-41.00
camera,1790326507.03,1.648,5.391,-41.07
camera,1790326507.56,1.638,5.400,-41.00
camera,1790326508.03,1.647,5.392,-41.04
camera,1790326508.53,1.647,5.392,-41.02
camera,1790326509.06,1.644,5.394,-41.01
camera,1790326509.60,1.644,5.395,-41.03
camera,1790326510.13,1.644,5.394,-41.03
camera,1790326510.60,1.644,5.394,-40.98
camera,1790326511.13,1.640,5.397,-41.03
camera,1790326511.53,1.645,5.394,-41.01
camera,1790326512.06,1.643,5.395,-40.98
camera,1790326512.53,1.643,5.395,-41.01
camera,1790326513.06,1.645,5.393,-41.00
camera,1790326513.56,1.646,5.393,-41.05
camera,1790326514.03,1.644,5.394,-41.01
camera,1790326514.63,1.644,5.394,-41.01
camera,1790326515.10,1.644,5.394,-41.01
camera,1790326515.56,1.644,5.394,-41.03
camera,1790326516.10,1.644,5.394,-41.00
camera,1790326516.56,1.643,5.396,-41.00
camera,1790326517.10,1.647,5.392,-41.02
camera,1790326517.60,1.644,5.394,-41.01
camera,1790326518.13,1.646,5.392,-41.02
camera,1790326518.53,1.645,5.394,-40.99
camera,1790326519.06,1.646,5.393,-40.97
camera,1790326519.53,1.641,5.397,-41.01
camera,1790326520.06,1.647,5.392,-41.03
camera,1790326520.60,1.645,5.394,-41.05
camera,1790326521.13,1.643,5.395,-41.05
camera,1790326521.60,1.643,5.395,-41.04
camera,1790326522.06,1.646,5.393,-41.03
camera,1790326522.63,1.645,5.393,-41.02
camera,1790326523.03,1.647,5.392,-41.01
camera,1790326523.56,1.646,5.393,-41.03
camera,1790326524.10,1.646,5.393,-41.01
camera,1790326524.56,1.644,5.394,-41.02
camera,1790326525.10,1.647,5.392,-41.03
camera,1790326525.60,1.642,5.396,-41.02
camera,1790326526.03,1.645,5.393,-41.00
camera,1790326526.60,1.646,5.392,-41.05
camera,1790326527.06,1.641,5.397,-41.00
camera,1790326527.53,1.643,5.395,-41.01
camera,1790326528.13,1.644,5.394,-41.03
camera,1790326528.60,1.646,5.393,-41.01
camera,1790326529.06,1.643,5.395,-41.03
camera,1790326529.60,1.644,5.395,-41.05
camera,1790326530.06,1.645,5.394,-41.02
camera,1790326530.63,1.644,5.394,-41.00
camera,1790326531.03,1.646,5.393,-41.02
camera,1790326531.63,1.648,5.391,-41.05
camera,1790326532.03,1.642,5.396,-41.02
camera,1790326532.63,1.639,5.399,-41.02
camera,1790326533.03,1.643,5.395,-40.99
camera,1790326533.56,1.648,5.391,-41.02
camera,1790326534.10,1.646,5.393,-41.03
camera,1790326534.53,1.643,5.395,-41.02
camera,1790326535.06,1.646,5.392,-41.05
camera,1790326535.60,1.645,5.393,-40.99
camera,1790326536.13,1.641,5.397,-41.02
camera,1790326536.53,1.642,5.396,-41.04
camera,1790326537.06,1.644,5.394,-41.03
camera,1790326537.60,1.646,5.393,-41.04
camera,1790326538.10,1.639,5.398,-41.02
camera,1790326538.63,1.643,5.395,-41.02
camera,1790326539.10,1.648,5.391,-41.02
camera,1790326539.63,1.644,5.394,-41.01
camera,1790326540.06,1.644,5.394,-41.02
camera,1790326540.63,1.647,5.392,-41.03
camera,1790326541.10,1.649,5.391,-41.01
camera,1790326541.60,1.637,5.401,-41.02
camera,1790326542.06,1.644,5.394,-41.00
camera,1790326542.60,1.641,5.397,-41.02
camera,1790326543.06,1.641,5.397,-41.04
camera,1790326543.53,1.644,5.394,-41.03
camera,1790326544.13,1.643,5.395,-41.00
camera,1790326544.53,1.643,5.395,-41.05
camera,1790326545.06,1.645,5.393,-40.99
camera,1790326545.56,1.647,5.392,-41.04
camera,1790326546.10,1.647,5.392,-41.01
camera,1790326546.63,1.641,5.397,-41.01
camera,1790326547.03,1.645,5.394,-41.02
camera,1790326547.56,1.643,5.395,-41.01
camera,1790326548.10,1.646,5.393,-41.02
camera,1790326548.56,1.645,5.394,-40.98
camera,1790326549.10,1.643,5.395,-41.04
camera,1790326549.56,1.646,5.393,-41.02
camera,1790326550.13,1.643,5.395,-41.02
camera,1790326550.63,1.646,5.393,-41.00
camera,1790326551.03,1.645,5.394,-41.04
camera,1790326551.60,1.646,5.393,-40.99
camera,1790326552.06,1.645,5.394,-41.02
camera,1790326552.53,1.646,5.393,-41.04
camera,1790326553.06,1.643,5.395,-41.05
camera,1790326553.53,1.644,5.394,-41.01
camera,1790326554.13,1.647,5.392,-41.04
camera,1790326554.53,1.645,5.393,-41.02
camera,1790326555.06,1.651,5.389,-40.99
camera,1790326555.60,1.647,5.392,-41.02
camera,1790326556.03,1.645,5.393,-41.03
camera,1790326556.56,1.644,5.394,-40.99
camera,1790326557.10,1.650,5.389,-41.02
camera,1790326557.60,1.647,5.392,-41.04
camera,1790326558.06,1.650,5.389,-41.02
camera,1790326558.53,1.644,5.395,-41.02
camera,1790326559.13,1.647,5.392,-41.04
camera,1790326559.53,1.644,5.395,-41.05
camera,1790326560.06,1.647,5.392,-41.01
camera,1790326560.53,1.643,5.395,-41.03
camera,1790326561.06,1.646,5.393,-41.00
camera,1790326561.56,1.644,5.394,-40.98
camera,1790326562.03,1.646,5.393,-41.00
camera,1790326562.63,1.642,5.396,-41.00
camera,1790326563.10,1.646,5.393,-41.01
camera,1790326563.63,1.645,5.394,-40.98
camera,1790326564.03,1.645,5.394,-41.03
camera,1790326564.56,1.642,5.397,-41.03
camera,1790326565.13,1.644,5.394,-41.08
camera,1790326565.53,1.643,5.395,-41.02
camera,1790326566.13,1.644,5.395,-41.02
camera,1790326566.60,1.641,5.397,-40.99
camera,1790326567.13,1.644,5.394,-41.04
camera,1790326567.53,1.642,5.396,-41.03
camera,1790326568.06,1.646,5.393,-41.01
camera,1790326568.53,1.646,5.393,-41.04
camera,1790326569.06,1.645,5.394,-41.01
camera,1790326569.53,1.644,5.394,-41.01
camera,1790326570.06,1.644,5.395,-41.01
camera,1790326570.53,1.643,5.395,-41.01
camera,1790326571.10,1.644,5.395,-41.00
camera,1790326571.63,1.640,5.398,-41.03
camera,1790326572.03,1.649,5.390,-41.00
camera,1790326572.56,1.644,5.394,-41.05
camera,1790326573.10,1.651,5.389,-41.02
camera,1790326573.56,1.645,5.394,-41.03
camera,1790326574.03,1.649,5.390,-41.04
camera,1790326574.56,1.645,5.393,-40.98
camera,1790326575.10,1.643,5.395,-41.00
camera,1790326575.66,1.653,5.387,-41.01
camera,1790326576.06,1.648,5.391,-41.03
camera,1790326576.60,1.645,5.394,-41.04
camera,1790326577.13,1.644,5.394,-40.99
camera,1790326577.53,1.645,5.393,-41.05
camera,1790326578.06,1.637,5.401,-41.00
camera,1790326578.60,1.645,5.393,-41.03
camera,1790326579.13,1.654,5.386,-40.99
camera,1790326579.60,1.644,5.394,-41.04
camera,1790326580.06,1.643,5.396,-41.06
camera,1790326580.57,1.648,5.391,-41.02
camera,1790326581.03,1.647,5.392,-41.04
camera,1790326581.63,1.643,5.395,-40.99
camera,1790326582.10,1.646,5.393,-41.05
camera,1790326582.57,1.643,5.396,-40.99
camera,1790326583.10,1.645,5.393,-41.03
camera,1790326583.57,1.640,5.398,-41.01
camera,1790326584.10,1.646,5.393,-41.01
camera,1790326584.57,1.643,5.395,-40.99
camera,1790326585.07,1.648,5.391,-41.03
camera,1790326585.60,1.647,5.392,-40.99
camera,1790326586.13,1.647,5.392,-41.02
camera,1790326586.60,1.641,5.397,-41.04
camera,1790326587.13,1.646,5.393,-41.01
camera,1790326587.53,1.644,5.394,-40.99
camera,1790326588.07,1.645,5.394,-41.03
camera,1790326588.53,1.648,5.391,-40.99
camera,1790326589.07,1.645,5.394,-41.04
camera,1790326589.60,1.644,5.395,-41.04
camera,1790326590.07,1.644,5.395,-41.03
camera,1790326590.63,1.641,5.397,-41.02
camera,1790326591.10,1.642,5.396,-41.02
camera,1790326591.57,1.642,5.396,-41.04
camera,1790326592.10,1.645,5.394,-41.06
camera,1790326592.63,1.645,5.394,-41.01
camera,1790326593.10,1.644,5.395,-41.03
camera,1790326593.57,1.644,5.395,-41.04
camera,1790326594.10,1.646,5.393,-41.00
camera,1790326594.57,1.646,5.393,-41.04
camera,1790326595.03,1.642,5.396,-41.03
camera,1790326595.53,1.646,5.393,-41.05
camera,1790326596.07,1.646,5.393,-41.01
camera,1790326596.60,1.645,5.394,-41.03
camera,1790326597.07,1.645,5.393,-41.03
camera,1790326597.60,1.645,5.394,-41.04
camera,1790326598.07,1.641,5.397,-41.02
camera,1790326598.60,1.642,5.396,-41.04
camera,1790326599.10,1.643,5.395,-41.03
camera,1790326599.57,1.640,5.398,-41.01
camera,1790326600.10,1.642,5.396,-41.02
camera,1790326600.63,1.649,5.390,-40.97
camera,1790326601.10,1.644,5.395,-41.01
camera,1790326601.57,1.640,5.398,-40.99
camera,1790326602.10,1.647,5.392,-41.01
camera,1790326602.63,1.645,5.394,-41.02
camera,1790326603.07,1.640,5.398,-41.00
camera,1790326603.60,1.641,5.397,-41.07
camera,1790326604.07,1.649,5.390,-41.05
camera,1790326604.60,1.643,5.395,-41.02
camera,1790326605.13,1.646,5.393,-41.03
camera,1790326605.60,1.644,5.395,-41.02
camera,1790326606.07,1.643,5.396,-41.00
camera,1790326606.63,1.646,5.393,-41.07
camera,1790326607.07,1.641,5.397,-41.03
camera,1790326607.63,1.645,5.393,-41.04
camera,1790326608.03,1.643,5.395,-40.99
camera,1790326608.57,1.646,5.393,-41.02
camera,1790326609.10,1.645,5.394,-41.00
camera,1790326609.63,1.642,5.396,-41.05
camera,1790326610.03,1.643,5.395,-41.02
camera,1790326610.57,1.639,5.399,-41.03
camera,1790326611.03,1.644,5.394,-41.03
camera,1790326611.67,1.641,5.397,-41.00
camera,1790326612.07,1.644,5.395,-41.01
camera,1790326612.53,1.644,5.395,-41.06
camera,1790326613.07,1.642,5.396,-41.00
camera,1790326613.60,1.645,5.394,-41.01
camera,1790326614.10,1.647,5.391,-41.00
camera,1790326614.63,1.642,5.396,-41.03
camera,1790326615.10,1.647,5.392,-41.02
camera,1790326615.57,1.645,5.394,-41.03
camera,1790326616.10,1.644,5.394,-41.05
camera,1790326616.63,1.645,5.394,-41.02
camera,1790326617.03,1.643,5.395,-41.02
camera,1790326617.63,1.647,5.392,-40.99
camera,1790326618.10,1.645,5.394,-41.02
camera,1790326618.63,1.645,5.394,-41.03
camera,1790326619.07,1.644,5.395,-41.04
camera,1790326619.60,1.644,5.395,-41.03
camera,1790326620.13,1.645,5.394,-41.03
camera,1790326620.53,1.644,5.395,-41.03
camera,1790326621.07,1.641,5.397,-41.04
camera,1790326621.60,1.644,5.395,-41.00
camera,1790326622.17,1.647,5.392,-41.00
camera,1790326622.63,1.649,5.390,-41.05
camera,1790326623.03,1.641,5.397,-41.00
camera,1790326623.57,1.647,5.392,-41.01
camera,1790326624.10,1.649,5.390,-40.98
camera,1790326624.63,1.647,5.392,-41.02
camera,1790326625.03,1.646,5.393,-41.04
camera,1790326625.63,1.644,5.395,-41.00
camera,1790326626.07,1.645,5.394,-41.01
camera,1790326626.53,1.646,5.392,-41.02
camera,1790326627.07,1.645,5.393,-40.99
camera,1790326627.60,1.643,5.395,-41.01
camera,1790326628.07,1.646,5.392,-41.01
camera,1790326628.53,1.641,5.397,-41.00
camera,1790326629.07,1.646,5.393,-41.01
camera,1790326629.63,1.644,5.394,-41.02
camera,1790326630.03,1.643,5.395,-41.03
camera,1790326630.57,1.642,5.396,-41.01
camera,1790326631.03,1.640,5.398,-40.99
camera,1790326631.57,1.642,5.396,-41.03
camera,1790326632.03,1.647,5.391,-41.03
camera,1790326632.63,1.646,5.393,-41.01
camera,1790326633.03,1.646,5.393,-41.01
camera,1790326633.53,1.639,5.398,-41.01
camera,1790326634.03,1.645,5.394,-41.01
camera,1790326634.57,1.643,5.395,-41.02
camera,1790326635.13,1.643,5.396,-40.99
camera,1790326635.53,1.646,5.393,-41.02
camera,1790326636.07,1.644,5.394,-40.99
camera,1790326636.57,1.642,5.396,-41.02
camera,1790326637.13,1.639,5.398,-41.00
camera,1790326637.57,1.642,5.396,-41.01
camera,1790326638.03,1.642,5.396,-41.05
camera,1790326638.57,1.648,5.391,-41.07
camera,1790326639.03,1.644,5.394,-41.01
camera,1790326639.57,1.642,5.396,-41.03
camera,1790326640.10,1.643,5.395,-41.03
camera,1790326640.60,1.643,5.396,-41.04
camera,1790326641.10,1.647,5.392,-41.03
camera,1790326641.53,1.645,5.393,-41.06
camera,1790326642.13,1.647,5.392,-41.01
camera,1790326642.53,1.644,5.394,-41.02
camera,1790326643.13,1.641,5.397,-41.03
camera,1790326643.53,1.646,5.392,-41.04
camera,1790326644.13,1.644,5.394,-41.02
camera,1790326644.53,1.643,5.395,-41.02
camera,1790326645.03,1.644,5.395,-41.05
camera,1790326645.63,1.645,5.393,-41.02
camera,1790326646.10,1.643,5.395,-41.03
camera,1790326646.57,1.646,5.392,-41.04
camera,1790326647.13,1.645,5.394,-41.03
camera,1790326647.53,1.646,5.392,-41.02
camera,1790326648.13,1.643,5.395,-41.00
camera,1790326648.53,1.646,5.392,-41.04
camera,1790326649.07,1.642,5.396,-41.01
camera,1790326649.53,1.642,5.396,-41.04
camera,1790326650.07,1.646,5.392,-41.03
camera,1790326650.60,1.646,5.392,-41.05
camera,1790326651.03,1.643,5.394,-41.02
camera,1790326651.63,1.645,5.393,-41.04
camera,1790326652.10,1.643,5.395,-41.03
camera,1790326652.57,1.643,5.395,-40.97
camera,1790326653.03,1.644,5.394,-41.00
camera,1790326653.63,1.647,5.392,-41.02
camera,1790326654.03,1.645,5.393,-41.03
camera,1790326654.57,1.642,5.396,-41.04
camera,1790326655.10,1.644,5.394,-41.04
camera,1790326655.67,1.643,5.395,-41.04
camera,1790326656.07,1.643,5.395,-41.01
camera,1790326656.53,1.647,5.392,-40.99
camera,1790326657.07,1.644,5.394,-41.01
camera,1790326657.53,1.644,5.394,-41.05
camera,1790326658.07,1.643,5.395,-41.04
camera,1790326658.60,1.646,5.392,-41.00
camera,1790326659.17,1.644,5.394,-41.01
camera,1790326659.53,1.642,5.396,-41.05
camera,1790326660.13,1.642,5.396,-41.01
camera,1790326660.53,1.645,5.394,-41.02
camera,1790326661.03,1.641,5.396,-41.03
camera,1790326661.63,1.643,5.395,-40.99
camera,1790326662.03,1.640,5.397,-41.08
camera,1790326662.57,1.645,5.393,-41.01
camera,1790326663.03,1.646,5.393,-41.01
camera,1790326663.63,1.639,5.398,-41.02
camera,1790326664.03,1.644,5.394,-41.02
camera,1790326664.60,1.645,5.393,-41.03
camera,1790326665.13,1.643,5.395,-41.03
camera,1790326665.53,1.640,5.397,-41.03
camera,1790326666.07,1.645,5.393,-41.00
camera,1790326666.63,1.644,5.394,-41.02
camera,1790326667.03,1.644,5.394,-41.01
camera,1790326667.57,1.643,5.396,-41.04
camera,1790326668.10,1.640,5.398,-41.01
camera,1790326668.63,1.643,5.395,-41.03
camera,1790326669.03,1.646,5.393,-41.00
camera,1790326669.57,1.643,5.395,-41.00
camera,1790326670.03,1.645,5.393,-41.01
camera,1790326670.57,1.644,5.394,-41.01
camera,1790326671.13,1.645,5.393,-41.02
camera,1790326671.53,1.643,5.395,-41.02
camera,1790326672.07,1.645,5.393,-40.99
camera,1790326672.60,1.644,5.394,-41.03
camera,1790326673.13,1.640,5.397,-40.99
camera,1790326673.53,1.645,5.393,-41.02
camera,1790326674.07,1.644,5.395,-41.01
camera,1790326674.53,1.641,5.396,-41.02
camera,1790326675.07,1.642,5.396,-41.05
camera,1790326675.60,1.642,5.396,-41.04
camera,1790326676.07,1.646,5.393,-41.00
camera,1790326676.57,1.645,5.394,-41.02
camera,1790326677.03,1.643,5.395,-40.98
camera,1790326677.57,1.643,5.395,-41.04
camera,1790326678.10,1.640,5.398,-41.02
camera,1790326678.63,1.645,5.393,-41.02
camera,1790326679.13,1.646,5.393,-40.99
camera,1790326679.53,1.644,5.394,-41.00
camera,1790326680.07,1.643,5.395,-41.01
camera,1790326680.60,1.644,5.394,-41.05
camera,1790326681.07,1.641,5.397,-41.04
camera,1790326681.70,1.646,5.393,-41.04
camera,1790326682.10,1.647,5.392,-41.02
camera,1790326682.63,1.642,5.396,-41.03
camera,1790326683.10,1.643,5.396,-41.00
camera,1790326683.57,1.645,5.393,-41.01
camera,1790326684.10,1.650,5.389,-41.03
camera,1790326684.63,1.643,5.396,-41.00
camera,1790326685.03,1.644,5.394,-41.02
camera,1790326685.57,1.643,5.395,-41.02
camera,1790326686.07,1.645,5.393,-41.02
camera,1790326686.60,1.642,5.396,-41.02
camera,1790326687.13,1.644,5.394,-41.03
camera,1790326687.53,1.640,5.398,-41.05
camera,1790326688.07,1.644,5.395,-41.01
camera,1790326688.60,1.643,5.395,-40.99
camera,1790326689.13,1.643,5.395,-41.06
camera,1790326689.53,1.646,5.392,-41.02
camera,1790326690.13,1.645,5.394,-41.02
camera,1790326690.53,1.644,5.394,-41.00
camera,1790326691.10,1.644,5.394,-41.01
camera,1790326691.60,1.642,5.396,-41.05
camera,1790326692.10,1.643,5.395,-41.00
camera,1790326692.63,1.644,5.395,-41.00
camera,1790326693.03,1.642,5.396,-41.03
camera,1790326693.63,1.640,5.398,-41.04
camera,1790326694.03,1.645,5.394,-41.01
camera,1790326694.63,1.644,5.394,-41.03
camera,1790326695.03,1.643,5.396,-41.01
camera,1790326695.57,1.646,5.392,-41.06
camera,1790326696.13,1.644,5.394,-41.03
camera,1790326696.67,1.643,5.395,-41.03
camera,1790326697.07,1.646,5.392,-41.02
camera,1790326697.53,1.644,5.394,-41.00
camera,1790326698.07,1.646,5.392,-41.03
camera,1790326698.63,1.643,5.395,-41.03
camera,1790326699.10,1.647,5.391,-41.01
camera,1790326699.53,1.643,5.395,-41.01
camera,1790326700.03,1.644,5.394,-40.99
camera,1790326700.53,1.643,5.396,-41.04
camera,1790326701.07,1.643,5.395,-41.02
camera,1790326701.60,1.643,5.395,-41.02
camera,1790326702.07,1.647,5.392,-41.05
camera,1790326702.53,1.648,5.391,-41.04
camera,1790326703.10,1.646,5.393,-41.04
camera,1790326703.57,1.643,5.396,-40.99
camera,1790326704.03,1.644,5.395,-41.06
camera,1790326704.63,1.644,5.395,-41.04
camera,1790326705.10,1.641,5.397,-41.01
camera,1790326705.57,1.643,5.395,-41.04
