# each path moved to start at (0,0) facing +x; tracking alone (odometry); time = epoch s; source ~/.run_records/s2_fusion_T4b/fusion.bag (/fused/odometry, /robot/ekf_odom, /rtabmap/odom, /robot/wheel_odom)
source,t,x,y,heading_deg
blend,1790323127.58,0.000,0.000,0.00
blend,1790323128.02,-0.000,-0.000,0.01
blend,1790323128.53,0.001,0.000,0.01
blend,1790323129.04,0.000,0.000,0.00
blend,1790323129.50,-0.000,0.000,-0.03
blend,1790323130.01,0.000,0.000,-0.01
blend,1790323130.53,0.000,-0.000,0.00
blend,1790323131.04,0.002,0.000,0.01
blend,1790323131.55,0.001,0.000,0.01
blend,1790323132.01,0.001,0.000,0.02
blend,1790323132.52,0.001,0.000,0.01
blend,1790323133.04,0.001,0.000,-0.00
blend,1790323133.55,-0.002,0.000,-0.01
blend,1790323134.01,0.000,0.000,-0.03
blend,1790323134.52,0.001,0.000,-0.02
blend,1790323135.03,0.002,0.000,-0.01
blend,1790323135.54,0.001,0.000,0.01
blend,1790323136.01,0.003,0.000,0.01
blend,1790323136.52,0.002,0.000,-0.01
blend,1790323137.03,0.002,0.000,-0.00
blend,1790323137.54,0.001,0.000,0.02
blend,1790323138.00,0.001,0.000,0.01
blend,1790323138.51,-0.001,0.000,0.02
blend,1790323139.03,-0.000,0.000,0.01
blend,1790323139.54,-0.001,0.000,0.01
blend,1790323140.05,-0.001,0.000,0.01
blend,1790323140.51,0.000,0.000,0.01
blend,1790323141.02,0.002,-0.000,0.01
blend,1790323141.54,0.002,-0.000,0.00
blend,1790323142.05,0.002,-0.000,0.00
blend,1790323142.51,0.001,-0.000,-0.00
blend,1790323143.02,0.003,-0.000,0.02
blend,1790323143.53,0.003,-0.000,0.03
blend,1790323144.04,0.003,-0.000,0.03
blend,1790323144.50,0.003,-0.000,0.03
blend,1790323145.02,0.002,-0.000,0.02
blend,1790323145.53,0.002,-0.000,0.02
blend,1790323146.04,0.003,0.000,0.02
blend,1790323146.50,0.003,0.000,0.01
blend,1790323147.01,0.002,0.000,0.02
blend,1790323147.53,0.003,0.000,0.01
blend,1790323148.04,0.004,0.000,-0.00
blend,1790323148.55,0.004,0.000,0.01
blend,1790323149.01,0.004,0.000,0.02
blend,1790323149.52,0.004,0.000,0.02
blend,1790323150.04,0.003,0.000,0.03
blend,1790323150.55,0.003,0.000,0.00
blend,1790323151.01,0.003,0.000,0.01
blend,1790323151.52,0.003,0.000,0.02
blend,1790323152.03,0.003,-0.000,0.01
blend,1790323152.54,0.002,0.000,0.01
blend,1790323153.01,0.003,0.000,0.03
blend,1790323153.52,0.003,0.000,0.02
blend,1790323154.03,0.004,0.000,0.00
blend,1790323154.54,0.003,0.000,-0.00
blend,1790323155.00,0.003,0.000,-0.01
blend,1790323155.51,0.003,0.000,-0.03
blend,1790323156.03,0.003,0.000,-0.03
blend,1790323156.54,0.003,0.000,-0.04
blend,1790323157.05,0.003,0.000,-0.03
blend,1790323157.51,0.002,0.000,-0.03
blend,1790323158.02,0.003,0.000,-0.03
blend,1790323158.54,0.004,0.000,-0.03
blend,1790323159.05,0.002,0.000,-0.03
blend,1790323159.51,0.001,0.000,-0.03
blend,1790323160.02,0.002,0.000,-0.04
blend,1790323160.53,0.002,0.000,-0.04
blend,1790323161.04,0.002,0.000,-0.04
blend,1790323161.51,0.002,0.000,-0.05
blend,1790323162.02,0.002,0.000,-0.04
blend,1790323162.53,0.002,0.000,-0.04
blend,1790323163.04,0.002,0.000,-0.05
blend,1790323163.50,0.002,0.000,-0.04
blend,1790323164.01,0.002,0.000,-0.05
blend,1790323164.53,0.002,0.000,-0.04
blend,1790323165.04,0.001,0.000,-0.05
blend,1790323165.55,0.000,0.000,-0.04
blend,1790323166.01,0.000,0.000,-0.05
blend,1790323166.52,0.001,0.000,-0.05
blend,1790323167.04,0.001,0.000,-0.07
blend,1790323167.55,0.001,0.000,-0.07
blend,1790323168.01,-0.000,0.000,-0.06
blend,1790323168.52,0.000,0.000,-0.06
blend,1790323169.03,-0.001,0.000,-0.06
blend,1790323169.54,-0.001,0.000,-0.04
blend,1790323170.00,-0.001,0.000,-0.07
blend,1790323170.52,-0.002,0.000,-0.07
blend,1790323171.03,-0.002,0.000,-0.07
blend,1790323171.54,-0.003,0.000,-0.06
blend,1790323172.00,-0.003,0.000,-0.06
blend,1790323172.51,-0.004,0.000,-0.07
blend,1790323173.03,-0.004,0.000,-0.07
blend,1790323173.54,-0.004,0.000,-0.08
blend,1790323174.05,-0.003,0.000,-0.09
blend,1790323174.51,-0.003,0.000,-0.08
blend,1790323175.02,-0.002,0.000,-0.08
blend,1790323175.54,-0.002,0.000,-0.09
blend,1790323176.05,-0.002,0.000,-0.08
blend,1790323176.51,-0.002,0.000,-0.08
blend,1790323177.02,-0.001,0.000,-0.06
blend,1790323177.53,-0.002,0.000,-0.06
blend,1790323178.04,-0.003,0.000,-0.06
blend,1790323178.51,-0.004,0.000,-0.07
blend,1790323179.02,-0.003,0.000,-0.06
blend,1790323179.53,-0.003,0.000,-0.05
blend,1790323180.04,-0.002,0.000,-0.05
blend,1790323180.50,-0.003,0.000,-0.05
blend,1790323181.01,-0.001,0.000,-0.04
blend,1790323181.53,-0.000,0.000,-0.04
blend,1790323182.04,-0.001,0.000,-0.05
blend,1790323182.50,-0.000,0.000,-0.04
blend,1790323183.01,0.000,0.000,-0.03
blend,1790323183.52,0.001,0.000,-0.04
blend,1790323184.03,0.000,0.000,-0.06
blend,1790323184.55,0.002,0.000,-0.06
blend,1790323185.01,0.001,0.000,-0.06
blend,1790323185.52,0.002,0.000,-0.08
blend,1790323186.03,0.000,0.000,-0.08
blend,1790323186.54,-0.001,0.000,-0.07
blend,1790323187.00,-0.002,0.000,-0.07
blend,1790323187.52,-0.003,0.000,-0.09
blend,1790323188.03,-0.003,0.000,-0.08
blend,1790323188.54,-0.002,0.000,-0.08
blend,1790323189.00,-0.002,0.000,-0.08
blend,1790323189.51,-0.003,0.000,-0.07
blend,1790323190.03,-0.003,0.000,-0.06
blend,1790323190.54,-0.002,0.000,-0.06
blend,1790323191.05,-0.004,0.000,-0.05
blend,1790323191.51,-0.004,0.000,-0.07
blend,1790323192.02,-0.004,0.000,-0.05
blend,1790323192.53,-0.004,0.000,-0.06
blend,1790323193.05,-0.004,0.000,-0.05
blend,1790323193.51,-0.005,0.000,-0.08
blend,1790323194.02,-0.005,0.000,-0.08
blend,1790323194.53,-0.006,0.000,-0.08
blend,1790323195.04,-0.006,0.000,-0.08
blend,1790323195.50,-0.006,0.000,-0.09
blend,1790323196.02,-0.007,0.000,-0.09
blend,1790323196.53,-0.006,0.000,-0.09
blend,1790323197.04,-0.006,0.000,-0.08
blend,1790323197.50,-0.007,0.000,-0.07
blend,1790323198.01,-0.006,0.000,-0.07
blend,1790323198.52,-0.006,0.000,-0.06
blend,1790323199.04,-0.006,0.000,-0.06
blend,1790323199.55,-0.007,0.000,-0.05
blend,1790323200.01,-0.006,0.000,-0.05
blend,1790323200.52,-0.006,0.000,-0.06
blend,1790323201.03,-0.005,0.000,-0.05
blend,1790323201.55,-0.005,0.000,-0.05
blend,1790323202.01,-0.005,0.000,-0.05
blend,1790323202.52,-0.004,0.000,-0.05
blend,1790323203.03,-0.005,0.000,-0.04
blend,1790323203.54,-0.005,0.000,-0.04
blend,1790323204.00,-0.005,0.000,-0.03
blend,1790323204.52,-0.007,0.000,-0.03
blend,1790323205.03,-0.007,0.000,-0.04
blend,1790323205.54,-0.007,0.000,-0.04
blend,1790323206.00,-0.007,0.000,-0.02
blend,1790323206.51,-0.007,0.000,-0.02
blend,1790323207.02,-0.009,0.000,-0.02
blend,1790323207.54,-0.009,0.000,-0.01
blend,1790323208.05,-0.009,0.000,-0.01
blend,1790323208.51,-0.008,0.000,-0.02
blend,1790323209.02,-0.009,0.000,-0.00
blend,1790323209.53,-0.008,0.000,-0.01
blend,1790323210.05,-0.008,0.000,-0.01
blend,1790323210.51,-0.007,0.000,-0.02
blend,1790323211.02,-0.008,0.000,-0.01
blend,1790323211.53,-0.008,0.000,-0.01
blend,1790323212.04,-0.008,0.000,-0.01
blend,1790323212.50,-0.008,0.000,-0.01
blend,1790323213.02,-0.009,0.000,-0.01
blend,1790323213.53,-0.008,0.000,-0.01
blend,1790323214.04,-0.009,0.000,-0.01
blend,1790323214.55,-0.008,0.000,-0.03
blend,1790323215.01,-0.008,0.000,-0.03
blend,1790323215.52,-0.008,0.000,-0.04
blend,1790323216.04,-0.008,0.000,-0.05
blend,1790323216.55,-0.007,0.000,-0.05
blend,1790323217.01,-0.006,0.000,-0.04
blend,1790323217.52,-0.006,0.000,-0.04
blend,1790323218.03,-0.006,0.000,-0.04
blend,1790323218.54,-0.006,0.000,-0.04
blend,1790323219.00,-0.006,0.000,-0.05
blend,1790323219.52,-0.006,0.000,-0.06
blend,1790323220.03,-0.007,0.000,-0.05
blend,1790323220.54,-0.007,0.000,-0.04
blend,1790323221.00,-0.008,0.000,-0.06
blend,1790323221.51,-0.008,0.000,-0.06
blend,1790323222.03,-0.008,0.000,-0.06
blend,1790323222.54,-0.008,0.000,-0.08
blend,1790323223.05,-0.008,0.000,-0.09
blend,1790323223.51,-0.007,0.000,-0.08
blend,1790323224.02,-0.007,0.000,-0.08
blend,1790323224.53,-0.006,0.000,-0.08
blend,1790323225.05,-0.006,0.000,-0.08
blend,1790323225.51,-0.006,0.000,-0.06
blend,1790323226.02,-0.007,0.000,-0.04
blend,1790323226.53,-0.006,0.000,-0.04
blend,1790323227.04,-0.005,0.000,-0.02
blend,1790323227.50,-0.006,0.000,-0.03
blend,1790323228.02,-0.007,0.000,-0.02
blend,1790323228.53,-0.006,0.000,-0.01
blend,1790323229.04,-0.007,0.000,-0.01
blend,1790323229.50,-0.007,0.000,0.00
blend,1790323230.01,-0.006,0.000,0.01
blend,1790323230.53,-0.006,0.000,0.01
blend,1790323231.04,-0.006,0.000,0.02
blend,1790323231.55,-0.006,0.000,0.01
blend,1790323232.01,-0.007,0.000,0.01
blend,1790323232.52,-0.008,0.000,0.00
blend,1790323233.03,-0.008,0.000,-0.00
blend,1790323233.55,-0.008,0.000,0.01
blend,1790323234.01,-0.008,0.000,0.01
blend,1790323234.52,-0.008,0.000,0.00
blend,1790323235.03,-0.007,0.000,0.01
blend,1790323235.54,-0.007,0.000,0.02
blend,1790323236.00,-0.007,0.000,0.02
blend,1790323236.52,-0.006,0.000,0.01
blend,1790323237.03,-0.006,0.000,0.01
blend,1790323237.54,-0.006,0.000,0.02
blend,1790323238.05,-0.006,0.000,0.04
blend,1790323238.51,-0.006,0.000,0.03
blend,1790323239.02,-0.007,0.000,0.04
blend,1790323239.54,-0.008,0.000,0.05
blend,1790323240.05,-0.008,0.000,0.03
blend,1790323240.51,-0.008,0.000,0.03
blend,1790323241.02,-0.008,0.000,0.01
blend,1790323241.53,-0.007,0.000,0.02
blend,1790323242.04,-0.009,0.000,0.01
blend,1790323242.51,-0.009,0.000,0.01
blend,1790323243.02,-0.010,0.000,0.02
blend,1790323243.53,-0.010,0.000,0.02
blend,1790323244.04,-0.010,0.000,0.03
blend,1790323244.50,-0.010,0.000,0.02
blend,1790323245.01,-0.011,0.000,0.03
blend,1790323245.53,-0.012,0.000,0.03
blend,1790323246.04,-0.011,0.000,0.03
blend,1790323246.55,-0.011,0.000,0.03
blend,1790323247.01,-0.012,0.000,0.03
blend,1790323247.52,-0.012,0.000,0.04
blend,1790323248.03,-0.012,0.000,0.04
blend,1790323248.55,-0.012,0.000,0.03
blend,1790323249.01,-0.012,0.000,0.04
blend,1790323249.52,-0.012,0.000,0.03
blend,1790323250.03,-0.012,0.000,0.03
blend,1790323250.54,-0.013,0.000,0.03
blend,1790323251.00,-0.012,0.000,0.03
blend,1790323251.52,-0.011,0.000,0.02
blend,1790323252.03,-0.012,0.000,0.02
blend,1790323252.54,-0.013,0.000,0.03
blend,1790323253.00,-0.013,0.000,0.03
blend,1790323253.51,-0.012,0.000,0.02
blend,1790323254.03,-0.011,0.000,0.02
blend,1790323254.54,-0.012,0.000,0.02
blend,1790323255.05,-0.011,0.000,0.01
blend,1790323255.51,-0.011,0.000,0.00
blend,1790323256.02,-0.011,0.000,0.01
blend,1790323256.53,-0.012,0.000,0.01
blend,1790323257.05,-0.011,0.000,0.01
blend,1790323257.51,-0.012,0.000,0.00
blend,1790323258.02,-0.012,0.000,-0.01
blend,1790323258.53,-0.012,0.000,-0.02
blend,1790323259.04,-0.012,0.000,-0.04
blend,1790323259.50,-0.011,0.000,-0.05
blend,1790323260.02,-0.012,0.000,-0.05
blend,1790323260.53,-0.011,0.000,-0.04
blend,1790323261.04,-0.011,0.000,-0.04
blend,1790323261.50,-0.011,0.000,-0.05
blend,1790323262.01,-0.011,0.000,-0.06
blend,1790323262.52,-0.011,0.000,-0.06
blend,1790323263.04,-0.011,0.000,-0.06
blend,1790323263.55,-0.011,0.000,-0.06
blend,1790323264.01,-0.011,0.000,-0.04
blend,1790323264.52,-0.011,0.000,-0.04
blend,1790323265.03,-0.009,0.000,-0.03
blend,1790323265.55,-0.009,0.000,-0.04
blend,1790323266.01,-0.009,0.000,-0.04
blend,1790323266.52,-0.010,0.000,-0.05
blend,1790323267.03,-0.009,0.000,-0.05
blend,1790323267.54,-0.009,0.000,-0.05
blend,1790323268.01,-0.009,0.000,-0.05
blend,1790323268.51,-0.007,0.000,-0.06
blend,1790323269.03,-0.008,0.000,-0.04
blend,1790323269.54,-0.008,0.000,-0.05
blend,1790323270.05,-0.008,0.000,-0.05
blend,1790323270.51,-0.008,0.000,-0.05
blend,1790323271.02,-0.008,0.000,-0.06
blend,1790323271.54,-0.007,0.000,-0.07
blend,1790323272.05,-0.006,0.000,-0.06
blend,1790323272.51,-0.006,0.000,-0.07
blend,1790323273.02,-0.007,0.000,-0.06
blend,1790323273.53,-0.007,0.000,-0.08
blend,1790323274.04,-0.007,0.000,-0.07
blend,1790323274.51,-0.007,0.000,-0.08
blend,1790323275.02,-0.006,0.000,-0.07
blend,1790323275.53,-0.006,0.000,-0.07
blend,1790323276.04,-0.006,0.000,-0.07
blend,1790323276.50,-0.006,0.000,-0.07
blend,1790323277.01,-0.006,0.000,-0.07
blend,1790323277.53,-0.006,0.000,-0.08
blend,1790323278.04,-0.006,0.000,-0.08
blend,1790323278.50,-0.006,0.000,-0.08
blend,1790323279.01,-0.006,0.000,-0.09
blend,1790323279.52,-0.005,0.000,-0.09
blend,1790323280.04,-0.005,0.000,-0.08
blend,1790323280.55,-0.004,0.000,-0.08
blend,1790323281.01,-0.005,0.000,-0.07
blend,1790323281.52,-0.002,0.000,-0.07
blend,1790323282.03,-0.003,0.000,-0.05
blend,1790323282.54,-0.003,0.000,-0.04
blend,1790323283.01,-0.002,0.000,-0.03
blend,1790323283.52,-0.003,0.000,-0.04
blend,1790323284.03,-0.003,0.000,-0.04
blend,1790323284.54,-0.002,0.000,-0.05
blend,1790323285.00,-0.002,0.000,-0.04
blend,1790323285.51,-0.002,0.000,-0.05
blend,1790323286.03,-0.002,0.000,-0.04
blend,1790323286.54,-0.003,0.000,-0.04
blend,1790323287.05,-0.003,0.000,-0.05
blend,1790323287.51,-0.003,0.000,-0.04
blend,1790323288.02,-0.001,0.000,-0.05
blend,1790323288.54,-0.002,0.000,-0.06
blend,1790323289.05,-0.003,0.000,-0.07
blend,1790323289.51,-0.003,0.000,-0.08
blend,1790323290.02,-0.004,0.000,-0.08
blend,1790323290.53,-0.005,0.000,-0.10
blend,1790323291.04,-0.005,0.000,-0.11
blend,1790323291.50,-0.007,0.000,-0.12
blend,1790323292.02,-0.007,0.000,-0.12
blend,1790323292.53,-0.006,0.000,-0.12
blend,1790323293.04,-0.006,0.000,-0.12
blend,1790323293.50,-0.006,0.000,-0.13
blend,1790323294.01,-0.006,0.000,-0.13
blend,1790323294.53,-0.006,0.000,-0.13
blend,1790323295.04,-0.007,0.000,-0.14
blend,1790323295.55,-0.006,0.000,-0.13
blend,1790323296.01,-0.006,0.000,-0.15
blend,1790323296.52,-0.006,0.000,-0.14
blend,1790323297.03,-0.006,0.000,-0.14
blend,1790323297.55,-0.006,0.000,-0.15
blend,1790323298.01,-0.007,0.000,-0.15
blend,1790323298.52,-0.008,0.000,-0.15
blend,1790323299.03,-0.008,0.000,-0.16
blend,1790323299.54,-0.007,0.000,-0.17
blend,1790323300.00,-0.008,0.000,-0.17
blend,1790323300.52,-0.008,0.000,-0.19
blend,1790323301.03,-0.007,0.000,-0.17
blend,1790323301.54,-0.007,0.000,-0.16
blend,1790323302.05,-0.008,0.000,-0.15
blend,1790323302.51,-0.006,0.000,-0.13
blend,1790323303.02,-0.006,0.000,-0.13
blend,1790323303.54,-0.005,0.000,-0.12
blend,1790323304.05,-0.006,0.000,-0.13
blend,1790323304.51,-0.005,0.000,-0.13
blend,1790323305.02,-0.006,0.000,-0.13
blend,1790323305.53,-0.005,0.000,-0.13
blend,1790323306.04,-0.005,0.000,-0.13
blend,1790323306.51,-0.005,0.000,-0.11
blend,1790323307.02,-0.005,0.000,-0.12
blend,1790323307.53,-0.005,0.000,-0.12
blend,1790323308.04,-0.004,0.000,-0.11
blend,1790323308.50,-0.005,0.000,-0.11
blend,1790323309.01,-0.004,0.000,-0.12
blend,1790323309.53,-0.004,0.000,-0.13
blend,1790323310.04,-0.004,0.000,-0.11
blend,1790323310.55,-0.005,0.000,-0.11
blend,1790323311.01,-0.005,0.000,-0.11
blend,1790323311.52,-0.004,0.000,-0.11
blend,1790323312.03,-0.005,0.000,-0.09
blend,1790323312.55,-0.005,0.000,-0.10
blend,1790323313.01,-0.005,0.000,-0.09
blend,1790323313.52,-0.004,0.000,-0.09
blend,1790323314.03,-0.004,0.000,-0.08
blend,1790323314.54,-0.005,0.000,-0.09
blend,1790323315.00,-0.004,0.000,-0.10
blend,1790323315.52,-0.003,0.000,-0.09
blend,1790323316.03,-0.004,0.000,-0.09
blend,1790323316.54,-0.004,0.000,-0.09
blend,1790323317.00,-0.004,0.000,-0.10
blend,1790323317.51,-0.003,0.000,-0.11
blend,1790323318.02,-0.003,0.000,-0.11
blend,1790323318.54,-0.005,0.000,-0.12
blend,1790323319.05,-0.005,0.000,-0.12
blend,1790323319.51,-0.004,0.000,-0.10
blend,1790323320.02,-0.005,0.000,-0.11
blend,1790323320.53,-0.006,0.000,-0.10
blend,1790323321.05,-0.006,0.000,-0.10
blend,1790323321.51,-0.007,0.000,-0.10
blend,1790323322.02,-0.007,0.000,-0.10
blend,1790323322.53,-0.008,0.000,-0.10
blend,1790323323.04,-0.008,0.000,-0.09
blend,1790323323.50,-0.007,0.000,-0.09
blend,1790323324.01,-0.007,0.000,-0.09
blend,1790323324.53,-0.007,0.000,-0.07
blend,1790323325.04,-0.008,0.000,-0.08
blend,1790323325.55,-0.008,0.000,-0.06
blend,1790323326.01,-0.007,0.000,-0.06
blend,1790323326.52,-0.007,0.000,-0.06
blend,1790323327.04,-0.008,0.000,-0.08
blend,1790323327.55,-0.008,0.000,-0.07
blend,1790323328.01,-0.009,0.000,-0.07
blend,1790323328.52,-0.008,0.000,-0.08
blend,1790323329.03,-0.008,0.000,-0.06
blend,1790323329.54,-0.008,0.000,-0.07
blend,1790323330.01,-0.006,0.000,-0.06
blend,1790323330.52,-0.007,0.000,-0.08
blend,1790323331.03,-0.007,0.000,-0.08
blend,1790323331.54,-0.007,0.000,-0.09
blend,1790323332.00,-0.007,0.000,-0.10
blend,1790323332.51,-0.007,0.000,-0.11
blend,1790323333.03,-0.007,0.000,-0.09
blend,1790323333.54,-0.006,0.000,-0.09
blend,1790323334.05,-0.005,0.000,-0.09
blend,1790323334.51,-0.006,0.000,-0.08
blend,1790323335.02,-0.005,0.000,-0.08
blend,1790323335.53,-0.005,0.000,-0.07
blend,1790323336.05,-0.005,0.000,-0.08
blend,1790323336.51,-0.005,0.000,-0.08
blend,1790323337.02,-0.004,0.000,-0.08
blend,1790323337.53,-0.005,0.000,-0.08
blend,1790323338.04,-0.005,0.000,-0.07
blend,1790323338.50,-0.005,0.000,-0.07
blend,1790323339.02,-0.005,0.000,-0.06
blend,1790323339.53,-0.005,0.000,-0.06
blend,1790323340.04,-0.004,0.000,-0.05
blend,1790323340.50,-0.005,0.000,-0.04
blend,1790323341.01,-0.005,0.000,-0.05
blend,1790323341.53,-0.004,0.000,-0.05
blend,1790323342.04,-0.005,0.000,-0.04
blend,1790323342.55,-0.005,0.000,-0.04
blend,1790323343.01,-0.005,0.000,-0.03
blend,1790323343.52,-0.006,0.000,-0.05
blend,1790323344.03,-0.005,0.000,-0.04
blend,1790323344.55,-0.005,0.000,-0.04
blend,1790323345.01,-0.005,0.000,-0.05
blend,1790323345.52,-0.004,0.000,-0.04
blend,1790323346.03,-0.004,0.000,-0.04
blend,1790323346.54,-0.004,0.000,-0.04
blend,1790323347.00,-0.003,0.000,-0.05
blend,1790323347.52,-0.004,0.000,-0.06
blend,1790323348.03,-0.004,0.000,-0.05
blend,1790323348.54,-0.003,0.000,-0.06
blend,1790323349.00,-0.003,0.000,-0.05
blend,1790323349.51,-0.003,0.000,-0.05
blend,1790323350.02,-0.002,0.000,-0.05
blend,1790323350.54,-0.002,0.000,-0.05
blend,1790323351.05,-0.002,0.000,-0.05
blend,1790323351.51,-0.002,0.000,-0.06
blend,1790323352.02,-0.003,0.000,-0.06
blend,1790323352.53,-0.003,0.000,-0.05
blend,1790323353.05,-0.002,0.000,-0.05
blend,1790323353.51,-0.002,0.000,-0.05
blend,1790323354.02,-0.003,0.000,-0.06
blend,1790323354.53,-0.004,0.000,-0.07
blend,1790323355.04,-0.004,0.000,-0.03
blend,1790323355.54,-0.004,0.000,0.00
blend,1790323356.06,-0.003,0.000,0.03
blend,1790323356.56,-0.003,0.000,0.07
blend,1790323357.08,-0.003,0.000,0.10
blend,1790323357.50,-0.004,0.000,0.02
blend,1790323358.01,-0.004,0.000,0.01
blend,1790323358.52,-0.004,0.000,0.02
blend,1790323359.04,-0.004,0.000,0.02
blend,1790323359.55,-0.004,0.000,0.00
blend,1790323360.01,-0.005,0.000,0.03
blend,1790323360.52,-0.005,0.000,0.02
blend,1790323361.03,-0.005,0.000,0.03
blend,1790323361.54,-0.004,0.000,0.01
blend,1790323362.00,-0.004,0.000,0.02
blend,1790323362.52,-0.004,0.000,0.01
blend,1790323363.03,-0.004,0.000,0.03
blend,1790323363.54,-0.004,0.000,0.04
blend,1790323364.00,-0.004,0.000,0.05
blend,1790323364.51,-0.004,0.000,0.04
blend,1790323365.02,-0.004,0.000,0.05
blend,1790323365.54,-0.003,0.000,0.03
blend,1790323366.05,-0.005,0.000,0.04
blend,1790323366.51,-0.005,0.000,0.03
blend,1790323367.02,-0.005,0.000,0.02
blend,1790323367.53,-0.006,0.000,0.04
blend,1790323368.05,-0.006,0.000,0.02
blend,1790323368.51,-0.004,0.000,0.02
blend,1790323369.02,-0.005,0.000,0.01
blend,1790323369.53,-0.006,0.000,0.01
blend,1790323370.04,-0.006,0.000,0.01
blend,1790323370.50,-0.006,0.000,0.01
blend,1790323371.02,-0.005,0.000,-0.00
blend,1790323371.53,-0.005,0.000,-0.01
blend,1790323372.04,-0.003,0.000,-0.02
blend,1790323372.50,-0.003,0.000,0.00
blend,1790323373.01,-0.003,0.000,0.01
blend,1790323373.52,-0.004,0.000,0.01
blend,1790323374.04,-0.005,0.000,0.01
blend,1790323374.55,-0.004,0.000,0.02
blend,1790323375.01,-0.004,0.000,0.02
blend,1790323375.52,-0.004,0.000,0.02
blend,1790323376.03,-0.004,0.000,0.02
blend,1790323376.55,-0.004,0.000,0.03
blend,1790323377.01,-0.004,0.000,0.06
blend,1790323377.52,-0.004,0.000,0.05
blend,1790323378.03,-0.003,0.000,0.05
blend,1790323378.54,-0.002,0.000,0.05
blend,1790323379.00,-0.002,0.000,0.05
blend,1790323379.51,-0.002,0.000,0.04
blend,1790323380.03,-0.001,0.000,0.05
blend,1790323380.54,-0.002,0.000,0.03
blend,1790323381.05,-0.002,0.000,0.03
blend,1790323381.51,-0.002,0.000,0.04
blend,1790323382.02,-0.003,0.000,0.04
blend,1790323382.54,-0.002,0.000,0.05
blend,1790323383.05,-0.003,0.000,0.05
blend,1790323383.51,-0.002,0.000,0.03
blend,1790323384.02,-0.002,0.000,0.03
blend,1790323384.53,-0.002,0.000,0.03
blend,1790323385.04,-0.003,0.000,0.01
blend,1790323385.50,-0.002,0.000,0.02
blend,1790323386.02,-0.001,0.000,0.03
blend,1790323386.53,-0.001,0.000,0.03
blend,1790323387.04,-0.001,0.000,0.03
blend,1790323387.50,0.000,0.000,0.04
blend,1790323388.01,-0.000,0.000,0.03
blend,1790323388.53,-0.000,0.000,0.02
blend,1790323389.04,0.001,0.000,0.03
blend,1790323389.55,0.001,0.000,0.03
blend,1790323390.01,0.001,0.000,0.04
blend,1790323390.52,0.001,0.000,0.05
blend,1790323391.03,0.001,0.000,0.04
blend,1790323391.55,0.001,0.000,0.06
blend,1790323392.01,0.001,0.000,0.05
blend,1790323392.52,0.002,0.000,0.04
blend,1790323393.03,0.002,0.000,0.04
blend,1790323393.54,0.002,0.000,0.03
blend,1790323394.00,0.002,0.000,0.03
blend,1790323394.52,0.002,0.000,0.03
blend,1790323395.03,0.002,0.000,0.01
blend,1790323395.54,0.002,0.000,0.00
blend,1790323396.05,0.001,0.000,0.00
blend,1790323396.51,0.002,0.000,0.00
blend,1790323397.02,0.000,0.000,0.00
blend,1790323397.54,0.001,0.000,-0.00
blend,1790323398.05,0.000,0.000,0.00
blend,1790323398.51,0.001,0.000,-0.00
blend,1790323399.02,0.000,0.000,0.00
blend,1790323399.53,0.000,0.000,-0.00
blend,1790323400.04,0.000,0.000,0.01
blend,1790323400.51,-0.001,0.000,0.00
blend,1790323401.02,-0.000,0.000,-0.00
blend,1790323401.53,0.000,0.000,0.00
blend,1790323402.04,-0.000,0.000,0.01
blend,1790323402.50,-0.001,0.000,0.01
blend,1790323403.01,-0.001,0.000,0.01
blend,1790323403.53,-0.001,0.000,0.01
blend,1790323404.04,-0.002,0.000,0.02
blend,1790323404.55,-0.002,0.000,0.01
blend,1790323405.01,-0.003,0.000,0.01
blend,1790323405.52,-0.003,0.000,0.02
blend,1790323406.03,-0.004,0.000,0.01
blend,1790323406.55,-0.004,0.000,0.01
blend,1790323407.01,-0.004,0.000,0.02
blend,1790323407.52,-0.004,0.000,0.02
blend,1790323408.03,-0.004,0.000,0.02
blend,1790323408.54,-0.004,0.000,0.02
blend,1790323409.00,-0.003,0.000,0.02
blend,1790323409.52,-0.003,0.000,0.02
blend,1790323410.03,-0.003,0.000,0.03
blend,1790323410.54,-0.003,0.000,0.03
blend,1790323411.00,-0.003,0.000,0.03
blend,1790323411.51,-0.003,0.000,0.03
blend,1790323412.03,-0.003,0.000,0.03
blend,1790323412.54,-0.002,0.000,0.03
blend,1790323413.05,-0.002,0.000,0.03
blend,1790323413.51,-0.003,0.000,0.02
blend,1790323414.02,-0.003,0.000,0.02
blend,1790323414.53,-0.003,0.000,0.02
blend,1790323415.05,-0.003,0.000,0.01
blend,1790323415.51,-0.003,0.000,0.02
blend,1790323416.02,-0.003,0.000,0.03
blend,1790323416.53,-0.001,0.000,0.04
blend,1790323417.04,-0.001,0.000,0.04
blend,1790323417.50,-0.001,0.000,0.03
blend,1790323418.02,-0.001,0.000,0.02
blend,1790323418.53,-0.000,0.000,0.03
blend,1790323419.04,-0.001,0.000,0.02
blend,1790323419.50,-0.002,0.000,0.00
blend,1790323420.01,-0.002,0.000,0.00
blend,1790323420.52,-0.001,0.000,0.02
blend,1790323421.04,-0.002,0.000,0.02
blend,1790323421.55,-0.002,0.000,0.02
blend,1790323422.01,-0.003,0.000,0.03
blend,1790323422.52,-0.003,0.000,0.02
blend,1790323423.03,-0.004,0.000,0.03
blend,1790323423.55,-0.004,0.000,0.03
blend,1790323424.01,-0.004,0.000,0.05
blend,1790323424.52,-0.004,0.000,0.04
blend,1790323425.03,-0.004,0.000,0.06
blend,1790323425.54,-0.004,0.000,0.07
blend,1790323426.00,-0.004,0.000,0.07
blend,1790323426.51,-0.005,0.000,0.08
blend,1790323427.03,-0.004,0.000,0.07
blend,1790323427.54,-0.005,0.000,0.06
blend,1790323428.05,-0.004,0.000,0.06
blend,1790323428.51,-0.005,0.000,0.06
blend,1790323429.02,-0.005,0.000,0.06
blend,1790323429.53,-0.005,0.000,0.05
blend,1790323430.05,-0.005,0.000,0.05
blend,1790323430.51,-0.003,0.000,0.05
blend,1790323431.02,-0.002,0.000,0.06
blend,1790323431.53,-0.002,0.000,0.04
blend,1790323432.04,-0.002,0.000,0.06
blend,1790323432.50,-0.002,0.000,0.06
blend,1790323433.01,-0.003,0.000,0.07
blend,1790323433.53,-0.002,0.000,0.07
blend,1790323434.04,-0.002,0.000,0.06
blend,1790323434.50,-0.001,0.000,0.05
blend,1790323435.01,-0.001,0.000,0.04
blend,1790323435.52,-0.002,0.000,0.04
blend,1790323436.04,-0.002,0.000,0.04
blend,1790323436.55,-0.001,0.000,0.04
blend,1790323437.01,-0.001,0.000,0.07
blend,1790323437.52,-0.001,0.000,0.07
blend,1790323438.03,-0.001,0.000,0.07
blend,1790323438.55,-0.001,0.000,0.07
blend,1790323439.01,-0.001,0.000,0.06
blend,1790323439.52,-0.001,0.000,0.07
blend,1790323440.03,-0.001,0.000,0.07
blend,1790323440.54,-0.001,0.000,0.06
blend,1790323441.00,-0.001,0.000,0.07
blend,1790323441.51,-0.001,0.000,0.07
blend,1790323442.03,-0.001,0.000,0.07
blend,1790323442.54,-0.001,0.000,0.07
blend,1790323443.05,-0.000,0.000,0.07
blend,1790323443.51,0.000,0.000,0.07
blend,1790323444.02,-0.000,0.000,0.08
blend,1790323444.53,0.000,0.000,0.08
blend,1790323445.05,0.000,0.000,0.08
blend,1790323445.51,-0.000,0.000,0.09
blend,1790323446.02,-0.000,0.000,0.08
blend,1790323446.53,-0.000,0.000,0.09
blend,1790323447.04,-0.001,0.000,0.10
blend,1790323447.50,-0.001,0.000,0.13
blend,1790323448.02,-0.001,0.000,0.11
blend,1790323448.53,-0.001,0.000,0.12
blend,1790323449.04,-0.001,0.000,0.13
blend,1790323449.55,-0.001,0.000,0.12
blend,1790323450.01,-0.001,0.000,0.12
blend,1790323450.52,-0.001,0.000,0.11
blend,1790323451.04,-0.002,0.000,0.11
blend,1790323451.55,-0.001,0.000,0.10
blend,1790323452.01,-0.001,0.000,0.09
blend,1790323452.52,-0.001,0.000,0.09
blend,1790323453.03,-0.001,0.000,0.10
blend,1790323453.54,-0.000,0.000,0.10
blend,1790323454.00,-0.000,0.000,0.10
blend,1790323454.52,-0.001,0.000,0.09
blend,1790323455.03,-0.001,0.000,0.08
blend,1790323455.54,-0.001,0.000,0.10
blend,1790323456.00,-0.001,0.000,0.11
blend,1790323456.51,-0.002,0.000,0.10
blend,1790323457.03,-0.000,0.000,0.11
blend,1790323457.54,-0.001,0.000,0.10
blend,1790323458.05,0.000,0.000,0.12
blend,1790323458.51,-0.000,0.000,0.11
blend,1790323459.02,-0.001,0.000,0.11
blend,1790323459.53,-0.001,0.000,0.11
blend,1790323460.05,-0.000,0.000,0.09
blend,1790323460.51,-0.000,0.000,0.09
blend,1790323461.02,-0.000,0.000,0.09
blend,1790323461.53,-0.000,0.000,0.09
blend,1790323462.04,-0.001,0.000,0.10
blend,1790323462.50,-0.001,0.000,0.09
blend,1790323463.01,0.000,0.000,0.09
blend,1790323463.53,-0.001,0.000,0.09
blend,1790323464.04,-0.000,0.000,0.10
blend,1790323464.55,-0.000,0.000,0.09
blend,1790323465.01,-0.000,0.000,0.09
blend,1790323465.52,-0.001,0.000,0.08
blend,1790323466.04,-0.001,0.000,0.08
blend,1790323466.55,-0.000,0.000,0.09
blend,1790323467.01,-0.000,0.000,0.09
blend,1790323467.52,-0.000,0.000,0.08
blend,1790323468.03,-0.000,0.000,0.09
blend,1790323468.54,-0.001,0.000,0.10
blend,1790323469.00,0.000,0.000,0.10
blend,1790323469.52,-0.000,0.000,0.11
blend,1790323470.03,0.000,0.000,0.12
blend,1790323470.54,-0.000,0.000,0.12
blend,1790323471.00,-0.001,0.000,0.13
blend,1790323471.51,0.000,0.000,0.12
blend,1790323472.03,0.001,0.000,0.11
blend,1790323472.54,0.000,0.000,0.12
blend,1790323473.05,0.000,0.000,0.12
blend,1790323473.51,0.000,0.000,0.13
blend,1790323474.02,0.000,0.000,0.13
blend,1790323474.53,0.000,0.000,0.13
blend,1790323475.05,0.000,0.000,0.11
blend,1790323475.51,0.000,0.000,0.11
blend,1790323476.02,0.000,0.000,0.12
blend,1790323476.53,0.000,0.000,0.13
blend,1790323477.04,0.001,0.000,0.13
blend,1790323477.50,0.001,0.000,0.12
blend,1790323478.01,0.002,0.000,0.12
blend,1790323478.53,0.001,0.000,0.12
blend,1790323479.04,0.001,0.000,0.12
blend,1790323479.55,0.001,0.000,0.13
blend,1790323480.01,0.001,0.000,0.12
blend,1790323480.52,0.001,0.000,0.12
blend,1790323481.04,0.001,0.000,0.13
blend,1790323481.55,0.002,0.000,0.13
blend,1790323482.01,0.002,0.000,0.13
blend,1790323482.52,0.002,0.000,0.12
blend,1790323483.03,0.002,0.000,0.13
blend,1790323483.54,0.002,0.000,0.14
blend,1790323484.00,0.002,0.000,0.15
blend,1790323484.52,0.002,0.000,0.14
blend,1790323485.03,0.002,0.000,0.15
blend,1790323485.54,0.002,0.000,0.15
blend,1790323486.00,0.002,0.000,0.14
blend,1790323486.51,0.001,0.000,0.14
blend,1790323487.03,0.001,0.000,0.15
blend,1790323487.54,0.001,0.000,0.15
blend,1790323488.05,0.001,0.000,0.15
blend,1790323488.51,0.001,0.000,0.14
blend,1790323489.02,0.001,0.000,0.16
blend,1790323489.53,0.001,0.000,0.16
blend,1790323490.05,0.001,0.000,0.16
blend,1790323490.51,0.000,0.000,0.15
blend,1790323491.02,-0.000,0.000,0.15
blend,1790323491.53,0.000,0.000,0.15
blend,1790323492.04,0.000,0.000,0.15
blend,1790323492.50,0.001,0.000,0.15
blend,1790323493.02,0.001,0.000,0.13
blend,1790323493.53,0.001,0.000,0.14
blend,1790323494.04,0.001,0.000,0.15
blend,1790323494.50,0.001,0.000,0.15
blend,1790323495.01,0.001,0.000,0.15
blend,1790323495.53,0.000,0.000,0.15
blend,1790323496.04,-0.001,0.000,0.15
blend,1790323496.55,-0.000,0.000,0.14
blend,1790323497.01,-0.000,0.000,0.14
blend,1790323497.52,0.000,0.000,0.14
blend,1790323498.03,0.000,0.000,0.15
blend,1790323498.55,-0.001,0.000,0.15
blend,1790323499.01,-0.000,0.000,0.15
blend,1790323499.52,-0.001,0.000,0.14
blend,1790323500.03,-0.000,0.000,0.15
blend,1790323500.54,-0.000,0.000,0.15
blend,1790323501.00,-0.000,0.000,0.15
blend,1790323501.52,-0.000,0.000,0.14
blend,1790323502.03,-0.001,0.000,0.15
blend,1790323502.54,-0.001,0.000,0.15
blend,1790323503.00,-0.001,0.000,0.14
blend,1790323503.51,-0.001,0.000,0.14
blend,1790323504.02,-0.000,0.000,0.15
blend,1790323504.54,-0.000,0.000,0.14
blend,1790323505.05,0.001,0.000,0.14
blend,1790323505.51,0.000,0.000,0.14
blend,1790323506.02,0.000,0.000,0.13
blend,1790323506.53,0.001,0.000,0.13
blend,1790323507.05,0.000,0.000,0.13
blend,1790323507.51,0.001,0.000,0.13
blend,1790323508.02,0.001,0.000,0.11
blend,1790323508.53,0.001,0.000,0.11
blend,1790323509.04,0.001,0.000,0.11
blend,1790323509.50,0.001,0.000,0.10
blend,1790323510.01,0.001,0.000,0.10
blend,1790323510.53,0.001,0.000,0.09
blend,1790323511.04,0.002,0.000,0.10
blend,1790323511.55,0.001,0.000,0.09
blend,1790323512.01,0.001,0.000,0.10
blend,1790323512.52,0.001,0.000,0.10
blend,1790323513.04,0.003,0.000,0.09
blend,1790323513.55,0.000,0.000,0.08
blend,1790323514.01,-0.000,0.000,0.09
blend,1790323514.52,0.002,0.000,0.09
blend,1790323515.03,0.003,0.000,0.11
blend,1790323515.54,0.001,0.000,0.11
blend,1790323516.01,0.000,0.000,0.10
blend,1790323516.52,0.000,0.000,0.11
blend,1790323517.03,0.001,0.000,0.11
blend,1790323517.54,0.000,0.000,0.12
blend,1790323518.00,0.000,0.000,0.11
blend,1790323518.51,0.000,0.000,0.11
blend,1790323519.03,0.001,0.000,0.10
blend,1790323519.54,0.000,0.000,0.10
blend,1790323520.05,0.001,0.000,0.11
blend,1790323520.51,0.001,0.000,0.10
blend,1790323521.02,0.001,0.000,0.10
blend,1790323521.54,0.001,0.000,0.10
blend,1790323522.05,0.002,0.000,0.08
blend,1790323522.51,0.001,0.000,0.09
blend,1790323523.02,0.001,0.000,0.09
blend,1790323523.53,0.001,0.000,0.09
blend,1790323524.04,0.002,0.000,0.10
blend,1790323524.51,0.002,0.000,0.08
blend,1790323525.02,0.002,0.000,0.08
blend,1790323525.53,0.002,0.000,0.08
blend,1790323526.04,0.002,0.000,0.08
blend,1790323526.50,0.002,0.000,0.06
blend,1790323527.01,0.002,0.000,0.06
blend,1790323527.52,0.002,0.000,0.05
blend,1790323528.04,0.003,0.000,0.05
blend,1790323528.55,0.003,0.000,0.06
blend,1790323529.01,0.003,0.000,0.06
blend,1790323529.52,0.002,0.000,0.05
blend,1790323530.03,0.002,0.000,0.05
blend,1790323530.54,0.001,0.000,0.05
blend,1790323531.01,0.001,0.000,0.06
blend,1790323531.52,0.002,0.000,0.07
blend,1790323532.03,0.002,0.000,0.07
blend,1790323532.54,0.003,0.000,0.07
blend,1790323533.00,0.003,0.000,0.07
blend,1790323533.51,0.003,0.000,0.06
blend,1790323534.03,0.002,0.000,0.07
blend,1790323534.54,0.002,0.000,0.06
blend,1790323535.05,0.001,0.000,0.06
blend,1790323535.51,0.003,0.000,0.06
blend,1790323536.02,0.003,0.000,0.08
blend,1790323536.53,0.003,0.000,0.08
blend,1790323537.05,0.003,0.000,0.08
blend,1790323537.51,0.003,0.000,0.08
blend,1790323538.02,0.003,0.000,0.07
blend,1790323538.53,0.004,0.000,0.06
blend,1790323539.04,0.003,0.000,0.06
blend,1790323539.50,0.004,0.000,0.07
blend,1790323540.02,0.004,0.000,0.06
blend,1790323540.53,0.004,0.000,0.06
blend,1790323541.04,0.004,0.000,0.05
blend,1790323541.50,0.004,0.000,0.05
blend,1790323542.01,0.003,0.000,0.04
blend,1790323542.52,0.003,0.000,0.04
blend,1790323543.04,0.004,0.000,0.03
blend,1790323543.55,0.003,0.000,0.02
blend,1790323544.01,0.003,0.000,0.02
blend,1790323544.52,0.003,0.000,0.03
blend,1790323545.14,0.003,0.000,0.03
blend,1790323545.64,0.003,0.000,0.03
blend,1790323546.16,0.003,0.000,0.04
blend,1790323546.68,0.003,0.000,0.05
blend,1790323547.20,0.003,0.000,0.05
blend,1790323547.54,0.003,0.000,0.10
blend,1790323548.00,0.003,0.000,0.10
blend,1790323548.51,0.003,0.000,0.09
blend,1790323549.03,0.004,0.000,0.11
blend,1790323549.54,0.004,0.000,0.11
blend,1790323550.05,0.003,0.000,0.11
blend,1790323550.51,0.003,0.000,0.11
blend,1790323551.02,0.003,0.000,0.10
blend,1790323551.54,0.002,0.000,0.09
blend,1790323552.05,0.002,0.000,0.10
blend,1790323552.51,0.002,0.000,0.09
blend,1790323553.02,0.002,0.000,0.09
blend,1790323553.53,0.002,0.000,0.08
blend,1790323554.04,0.003,0.000,0.08
blend,1790323554.50,0.003,0.000,0.08
blend,1790323555.02,0.003,0.000,0.08
blend,1790323555.53,0.003,0.000,0.07
blend,1790323556.04,0.003,0.000,0.08
blend,1790323556.50,0.003,0.000,0.07
blend,1790323557.01,0.002,0.000,0.05
blend,1790323557.52,0.003,0.000,0.05
blend,1790323558.04,0.004,0.000,0.05
blend,1790323558.55,0.004,0.000,0.04
blend,1790323559.01,0.004,0.000,0.04
blend,1790323559.52,0.004,0.000,0.03
blend,1790323560.03,0.004,0.000,0.02
blend,1790323560.55,0.004,0.000,0.01
blend,1790323561.01,0.004,0.000,-0.00
blend,1790323561.52,0.005,0.000,-0.00
blend,1790323562.03,0.006,0.000,-0.01
blend,1790323562.54,0.006,0.000,-0.01
blend,1790323563.00,0.006,0.000,-0.01
blend,1790323563.51,0.006,0.000,-0.03
blend,1790323564.03,0.007,0.000,-0.05
blend,1790323564.54,0.007,0.000,-0.07
blend,1790323565.05,0.007,0.000,-0.06
blend,1790323565.51,0.007,0.000,-0.04
blend,1790323566.02,0.004,0.000,-0.05
blend,1790323566.53,0.003,0.000,-0.01
blend,1790323567.05,0.003,0.000,-0.01
blend,1790323567.51,0.004,0.000,0.00
blend,1790323568.02,0.001,0.000,-0.00
blend,1790323568.53,0.001,0.000,0.01
blend,1790323569.04,0.004,0.000,-0.05
blend,1790323569.50,0.007,0.000,-0.05
blend,1790323570.01,0.013,-0.000,-0.10
blend,1790323570.53,0.015,-0.000,-0.12
blend,1790323571.04,0.014,-0.000,-0.09
blend,1790323571.55,0.008,-0.000,-0.12
blend,1790323572.01,0.009,-0.000,-0.10
blend,1790323572.52,0.008,-0.000,-0.10
blend,1790323573.03,0.009,-0.000,-0.11
blend,1790323573.55,0.007,-0.000,-0.09
blend,1790323574.01,0.006,-0.000,-0.10
blend,1790323574.52,0.007,-0.000,-0.11
blend,1790323575.03,0.005,-0.000,-0.11
blend,1790323575.54,0.004,-0.000,-0.13
blend,1790323576.20,0.004,-0.000,-0.13
blend,1790323576.72,0.004,-0.000,-0.13
blend,1790323577.22,0.004,-0.000,-0.13
blend,1790323577.74,0.005,-0.000,-0.13
blend,1790323578.26,0.006,-0.000,-0.13
blend,1790323578.59,0.004,-0.000,-0.08
blend,1790323579.02,0.004,-0.000,-0.08
blend,1790323579.54,0.006,-0.000,-0.07
blend,1790323580.05,0.009,-0.000,-0.08
blend,1790323580.51,0.010,-0.000,-0.04
blend,1790323581.02,0.008,-0.000,-0.05
blend,1790323581.53,0.002,-0.000,-0.09
blend,1790323582.04,0.004,-0.000,-0.10
blend,1790323582.50,0.000,-0.000,-0.10
blend,1790323583.02,0.004,-0.000,-0.10
blend,1790323583.53,-0.001,-0.000,-0.10
blend,1790323584.04,-0.000,-0.000,-0.10
blend,1790323584.50,0.001,-0.000,-0.09
blend,1790323585.01,0.001,-0.000,-0.08
blend,1790323585.52,0.003,-0.000,-0.07
blend,1790323586.04,0.004,-0.000,-0.06
blend,1790323586.55,0.005,-0.000,-0.07
blend,1790323587.01,0.009,-0.000,-0.09
blend,1790323587.52,0.008,-0.000,-0.10
blend,1790323588.03,0.013,-0.000,-0.09
blend,1790323588.55,0.015,-0.000,-0.09
blend,1790323589.01,0.014,-0.000,-0.11
blend,1790323589.52,0.014,-0.000,-0.12
blend,1790323590.03,0.020,0.000,-0.11
blend,1790323590.54,0.018,0.000,-0.11
blend,1790323591.00,0.018,0.000,-0.11
blend,1790323591.51,0.020,0.000,-0.12
blend,1790323592.03,0.018,0.000,-0.10
blend,1790323592.54,0.018,0.000,-0.09
blend,1790323593.05,0.018,0.000,-0.09
blend,1790323593.51,0.018,0.000,-0.09
blend,1790323594.02,0.018,0.000,-0.09
blend,1790323594.54,0.018,0.000,-0.09
blend,1790323595.05,0.018,0.000,-0.07
blend,1790323595.51,0.018,0.000,-0.08
blend,1790323596.02,0.018,0.000,-0.09
blend,1790323596.53,0.018,0.000,-0.09
blend,1790323597.04,0.018,0.000,-0.11
blend,1790323597.50,0.018,0.000,-0.09
blend,1790323598.02,0.018,0.000,-0.10
blend,1790323598.53,0.018,0.000,-0.10
blend,1790323599.04,0.018,0.000,-0.11
blend,1790323599.50,0.018,0.000,-0.11
blend,1790323600.01,0.018,0.000,-0.10
blend,1790323600.52,0.018,0.000,-0.09
blend,1790323601.04,0.018,0.000,-0.10
blend,1790323601.55,0.018,0.000,-0.09
blend,1790323602.01,0.018,0.000,-0.09
blend,1790323602.52,0.018,0.000,-0.08
blend,1790323603.03,0.018,0.000,-0.09
blend,1790323603.54,0.018,0.000,-0.09
blend,1790323604.01,0.018,0.000,-0.10
blend,1790323604.52,0.018,0.000,-0.10
blend,1790323605.03,0.018,0.000,-0.10
blend,1790323605.54,0.018,0.000,-0.11
blend,1790323606.00,0.018,0.000,-0.10
blend,1790323606.51,0.018,0.000,-0.11
blend,1790323607.03,0.018,0.000,-0.11
blend,1790323607.54,0.018,0.000,-0.11
blend,1790323608.05,0.018,0.000,-0.10
blend,1790323608.51,0.018,0.000,-0.10
blend,1790323609.02,0.018,0.000,-0.11
blend,1790323609.53,0.018,0.000,-0.11
blend,1790323610.05,0.018,0.000,-0.10
blend,1790323610.51,0.018,0.000,-0.09
blend,1790323611.02,0.018,0.000,-0.10
blend,1790323611.53,0.018,0.000,-0.10
blend,1790323612.04,0.018,0.000,-0.10
blend,1790323612.50,0.018,0.000,-0.09
blend,1790323613.02,0.018,0.000,-0.09
blend,1790323613.53,0.018,0.000,-0.08
blend,1790323614.04,0.018,0.000,-0.08
blend,1790323614.55,0.018,0.000,-0.08
blend,1790323615.01,0.018,0.000,-0.08
blend,1790323615.52,0.018,0.000,-0.08
blend,1790323616.04,0.018,0.000,-0.08
blend,1790323616.55,0.018,0.000,-0.10
blend,1790323617.01,0.018,0.000,-0.10
blend,1790323617.52,0.018,0.000,-0.10
blend,1790323618.03,0.018,0.000,-0.11
blend,1790323618.55,0.018,0.000,-0.11
blend,1790323619.00,0.018,0.000,-0.10
blend,1790323619.52,0.018,0.000,-0.11
blend,1790323620.03,0.018,0.000,-0.09
blend,1790323620.54,0.018,0.000,-0.10
blend,1790323621.00,0.018,0.000,-0.10
blend,1790323621.51,0.018,0.000,-0.09
blend,1790323622.03,0.018,0.000,-0.09
blend,1790323622.54,0.018,0.000,-0.09
blend,1790323623.05,0.018,0.000,-0.09
blend,1790323623.51,0.018,0.000,-0.08
blend,1790323624.02,0.018,0.000,-0.09
blend,1790323624.53,0.018,0.000,-0.08
blend,1790323625.05,0.018,0.000,-0.08
blend,1790323625.51,0.018,0.000,-0.08
blend,1790323626.02,0.018,0.000,-0.08
blend,1790323626.53,0.018,0.000,-0.09
blend,1790323627.04,0.018,0.000,-0.09
blend,1790323627.50,0.018,0.000,-0.09
blend,1790323628.01,0.018,0.000,-0.09
blend,1790323628.53,0.018,0.000,-0.08
blend,1790323629.04,0.018,0.000,-0.09
blend,1790323629.55,0.018,0.000,-0.08
blend,1790323630.01,0.018,0.000,-0.08
blend,1790323630.52,0.018,0.000,-0.09
blend,1790323631.03,0.018,0.000,-0.09
blend,1790323631.55,0.018,0.000,-0.08
blend,1790323632.01,0.018,0.000,-0.09
blend,1790323632.52,0.018,0.000,-0.08
blend,1790323633.03,0.018,0.000,-0.08
blend,1790323633.54,0.018,0.000,-0.08
blend,1790323634.00,0.018,0.000,-0.07
blend,1790323634.52,0.018,0.000,-0.07
blend,1790323635.03,0.018,0.000,-0.06
blend,1790323635.54,0.018,0.000,-0.07
blend,1790323636.00,0.018,0.000,-0.06
blend,1790323636.51,0.018,0.000,-0.07
blend,1790323637.02,0.018,0.000,-0.07
blend,1790323637.54,0.018,0.000,-0.07
blend,1790323638.05,0.018,0.000,-0.07
blend,1790323638.51,0.018,0.000,-0.07
blend,1790323639.02,0.018,0.000,-0.08
blend,1790323639.53,0.018,0.000,-0.08
blend,1790323640.05,0.018,0.000,-0.07
blend,1790323640.51,0.018,0.000,-0.07
blend,1790323641.02,0.018,0.000,-0.07
blend,1790323641.53,0.018,0.000,-0.06
blend,1790323642.08,0.018,0.000,-0.07
blend,1790323642.50,0.018,0.000,-0.07
blend,1790323643.01,0.018,0.000,-0.06
blend,1790323643.53,0.018,0.000,-0.06
blend,1790323644.04,0.018,0.000,-0.05
blend,1790323644.55,0.018,0.000,-0.05
blend,1790323645.01,0.018,0.000,-0.05
blend,1790323645.52,0.018,0.000,-0.05
blend,1790323646.03,0.018,0.000,-0.05
blend,1790323646.55,0.018,0.000,-0.05
blend,1790323647.01,0.018,0.000,-0.05
blend,1790323647.52,0.018,0.000,-0.03
blend,1790323648.03,0.018,0.000,-0.03
blend,1790323648.54,0.018,0.000,-0.03
blend,1790323649.00,0.018,0.000,-0.04
blend,1790323649.52,0.018,0.000,-0.04
blend,1790323650.03,0.018,0.000,-0.04
blend,1790323650.54,0.018,0.000,-0.05
blend,1790323651.00,0.018,0.000,-0.05
blend,1790323651.51,0.018,0.000,-0.04
blend,1790323652.02,0.018,0.000,-0.04
blend,1790323652.54,0.018,0.000,-0.03
blend,1790323653.05,0.018,0.000,-0.03
blend,1790323653.51,0.018,0.000,-0.02
blend,1790323654.02,0.018,0.000,-0.02
blend,1790323654.53,0.018,0.000,-0.02
blend,1790323655.04,0.018,0.000,-0.02
blend,1790323655.51,0.018,0.000,-0.02
blend,1790323656.02,0.018,0.000,-0.02
blend,1790323656.53,0.018,0.000,-0.02
blend,1790323657.04,0.018,0.000,-0.01
blend,1790323657.50,0.018,0.000,-0.02
blend,1790323658.01,0.018,0.000,-0.02
blend,1790323658.53,0.018,0.000,-0.02
blend,1790323659.04,0.018,0.000,-0.03
blend,1790323659.55,0.018,0.000,-0.03
blend,1790323660.01,0.018,0.000,-0.03
blend,1790323660.52,0.018,0.000,-0.02
blend,1790323661.04,0.018,0.000,-0.03
blend,1790323661.55,0.018,0.000,-0.02
blend,1790323662.01,0.018,0.000,-0.02
blend,1790323662.52,0.018,0.000,-0.03
blend,1790323663.03,0.018,0.000,-0.02
blend,1790323663.54,0.018,0.000,-0.01
blend,1790323664.01,0.018,0.000,-0.01
blend,1790323664.52,0.018,0.000,0.00
blend,1790323665.03,0.018,0.000,1.15
blend,1790323665.54,0.018,0.000,8.16
blend,1790323666.05,0.018,0.000,15.48
blend,1790323666.50,0.018,0.000,22.24
blend,1790323667.01,0.018,0.000,29.66
blend,1790323667.52,0.017,-0.000,36.93
blend,1790323668.03,0.017,-0.000,44.28
blend,1790323668.54,0.017,-0.000,51.19
blend,1790323669.01,0.018,0.000,57.53
blend,1790323669.52,0.018,0.000,64.40
blend,1790323670.04,0.018,0.000,71.47
blend,1790323670.50,0.018,0.001,77.66
blend,1790323671.02,0.017,-0.001,84.63
blend,1790323671.54,0.018,0.001,87.94
blend,1790323672.00,0.018,0.001,87.92
blend,1790323672.52,0.018,0.001,87.91
blend,1790323673.04,0.018,0.001,87.90
blend,1790323673.50,0.018,0.001,88.20
blend,1790323674.02,0.018,0.001,88.67
blend,1790323674.54,0.018,0.001,89.18
blend,1790323675.00,0.018,0.001,88.68
blend,1790323675.52,0.018,0.001,88.67
blend,1790323676.04,0.018,0.001,88.64
blend,1790323676.50,0.018,0.001,88.64
blend,1790323677.02,0.018,0.001,88.63
blend,1790323677.54,0.018,0.001,88.63
blend,1790323678.00,0.018,0.001,88.64
blend,1790323678.52,0.018,0.001,88.64
blend,1790323679.03,0.018,0.001,88.65
blend,1790323679.55,0.018,0.001,88.65
blend,1790323680.02,0.018,0.001,88.65
blend,1790323680.53,0.018,0.001,88.66
blend,1790323681.05,0.018,0.001,88.65
blend,1790323681.51,0.018,0.001,88.65
blend,1790323682.03,0.018,0.001,88.65
blend,1790323682.55,0.018,0.001,88.65
blend,1790323683.01,0.018,0.001,88.65
blend,1790323683.53,0.018,0.001,88.65
blend,1790323684.05,0.018,0.001,88.64
blend,1790323684.51,0.018,0.001,88.64
blend,1790323685.03,0.018,0.001,88.62
blend,1790323685.55,0.018,0.001,88.63
blend,1790323686.01,0.018,0.003,88.63
blend,1790323686.53,0.018,0.006,88.62
blend,1790323687.04,0.018,0.007,88.62
blend,1790323687.51,0.018,0.006,88.63
blend,1790323688.03,0.018,0.006,88.64
blend,1790323688.54,0.018,0.009,88.61
blend,1790323689.01,0.018,0.010,88.60
blend,1790323689.53,0.018,0.009,88.58
blend,1790323690.04,0.018,0.009,88.60
blend,1790323690.51,0.018,0.010,88.57
blend,1790323691.02,0.018,0.010,88.54
blend,1790323691.54,0.018,0.009,88.55
blend,1790323692.01,0.018,0.009,88.53
blend,1790323692.52,0.018,0.009,88.52
blend,1790323693.04,0.018,0.011,88.55
blend,1790323693.51,0.018,0.011,88.55
blend,1790323694.02,0.018,0.009,88.58
blend,1790323694.54,0.018,0.010,88.57
blend,1790323695.01,0.018,0.009,88.56
blend,1790323695.52,0.018,0.009,88.57
blend,1790323696.04,0.018,0.010,88.56
blend,1790323696.50,0.018,0.008,88.54
blend,1790323697.02,0.018,0.009,88.54
blend,1790323697.54,0.018,0.007,88.54
blend,1790323698.00,0.018,0.008,88.55
blend,1790323698.52,0.018,0.008,88.56
blend,1790323699.04,0.018,0.008,88.57
blend,1790323699.50,0.018,0.009,88.54
blend,1790323700.02,0.018,0.008,88.54
blend,1790323700.54,0.018,0.010,88.55
blend,1790323701.00,0.018,0.011,88.54
blend,1790323701.52,0.018,0.012,88.51
blend,1790323702.04,0.018,0.012,88.51
blend,1790323702.50,0.018,0.013,88.49
blend,1790323703.02,0.018,0.012,88.50
blend,1790323703.53,0.018,0.012,88.48
blend,1790323704.05,0.018,0.013,88.50
blend,1790323704.52,0.018,0.013,88.50
blend,1790323705.03,0.018,0.014,88.51
blend,1790323705.55,0.018,0.012,88.50
blend,1790323706.02,0.018,0.010,88.49
blend,1790323706.53,0.018,0.009,88.48
blend,1790323707.05,0.018,0.007,88.50
blend,1790323707.51,0.018,0.006,88.47
blend,1790323708.03,0.018,0.007,88.48
blend,1790323708.55,0.018,0.007,88.47
blend,1790323709.01,0.018,0.008,88.47
blend,1790323709.53,0.018,0.008,88.47
blend,1790323710.05,0.018,0.008,88.48
blend,1790323710.51,0.018,0.007,88.48
blend,1790323711.03,0.018,0.008,88.47
blend,1790323711.55,0.018,0.008,88.45
blend,1790323712.01,0.018,0.008,88.45
blend,1790323712.53,0.018,0.007,88.45
blend,1790323713.10,0.018,0.007,88.44
blend,1790323713.51,0.018,0.006,88.43
blend,1790323714.03,0.018,0.009,88.44
blend,1790323714.60,0.018,0.009,88.44
blend,1790323715.01,0.018,0.009,88.44
blend,1790323715.53,0.018,0.009,88.44
blend,1790323716.04,0.018,0.009,88.43
blend,1790323716.51,0.018,0.011,88.43
blend,1790323717.03,0.018,0.010,88.42
blend,1790323717.54,0.018,0.011,88.41
blend,1790323718.01,0.018,0.010,88.41
blend,1790323718.52,0.018,0.009,88.42
blend,1790323719.04,0.018,0.010,88.41
blend,1790323719.51,0.018,0.009,88.41
blend,1790323720.02,0.018,0.008,88.39
blend,1790323720.54,0.018,0.009,88.40
blend,1790323721.01,0.018,0.010,88.39
blend,1790323721.52,0.018,0.011,88.40
blend,1790323722.04,0.018,0.010,88.40
blend,1790323722.50,0.018,0.011,88.37
blend,1790323723.02,0.018,0.009,88.39
blend,1790323723.54,0.018,0.008,88.39
blend,1790323724.00,0.018,0.006,88.40
blend,1790323724.52,0.018,0.004,88.37
blend,1790323725.04,0.018,0.004,88.39
blend,1790323725.50,0.018,0.006,88.40
blend,1790323726.02,0.018,0.006,88.39
blend,1790323726.54,0.018,0.005,88.38
blend,1790323727.00,0.018,0.006,88.39
blend,1790323727.52,0.018,0.006,88.35
blend,1790323728.03,0.018,0.006,88.36
blend,1790323728.55,0.018,0.008,88.35
blend,1790323729.02,0.018,0.008,88.35
blend,1790323729.53,0.018,0.008,88.34
blend,1790323730.05,0.018,0.007,88.34
blend,1790323730.52,0.018,0.005,88.34
blend,1790323731.03,0.018,0.005,88.32
blend,1790323731.55,0.018,0.007,88.31
blend,1790323732.01,0.018,0.008,88.31
blend,1790323732.53,0.018,0.008,88.32
blend,1790323733.05,0.018,0.008,88.34
blend,1790323733.51,0.018,0.008,88.32
blend,1790323734.03,0.018,0.009,88.30
blend,1790323734.55,0.018,0.008,88.30
blend,1790323735.01,0.018,0.009,88.28
blend,1790323735.53,0.018,0.011,88.28
blend,1790323736.05,0.018,0.010,88.29
blend,1790323736.51,0.018,0.010,88.29
blend,1790323737.03,0.018,0.009,88.28
blend,1790323737.55,0.018,0.009,88.28
blend,1790323738.01,0.018,0.009,88.29
blend,1790323738.53,0.018,0.009,88.30
blend,1790323739.04,0.018,0.005,88.31
blend,1790323739.51,0.018,0.006,88.30
blend,1790323740.03,0.018,0.005,88.30
blend,1790323740.54,0.018,0.004,88.30
blend,1790323741.01,0.018,0.005,88.32
blend,1790323741.53,0.018,0.005,88.33
blend,1790323742.04,0.018,0.005,88.36
blend,1790323742.51,0.018,0.005,88.36
blend,1790323743.02,0.018,0.005,88.36
blend,1790323743.54,0.018,0.007,88.38
blend,1790323744.01,0.018,0.007,88.37
blend,1790323744.52,0.018,0.008,88.38
blend,1790323745.04,0.018,0.008,88.37
blend,1790323745.51,0.018,0.009,88.37
blend,1790323746.08,0.018,0.011,88.37
blend,1790323746.54,0.018,0.011,88.38
blend,1790323747.06,0.018,0.007,88.40
blend,1790323747.58,0.018,0.007,88.41
blend,1790323748.08,0.018,0.007,88.41
blend,1790323748.51,0.018,0.007,88.39
blend,1790323749.02,0.018,0.007,88.40
blend,1790323749.54,0.018,0.007,88.40
blend,1790323750.00,0.018,0.007,88.40
blend,1790323750.52,0.018,0.007,88.40
blend,1790323751.04,0.018,0.007,88.40
blend,1790323751.50,0.018,0.007,88.40
blend,1790323752.02,0.018,0.007,88.39
blend,1790323752.54,0.018,0.007,88.39
blend,1790323753.00,0.018,0.007,88.38
blend,1790323753.52,0.018,0.007,88.38
blend,1790323754.04,0.018,0.007,88.37
blend,1790323754.50,0.018,0.006,87.98
blend,1790323755.02,0.018,0.006,79.71
blend,1790323755.54,0.018,0.006,70.08
blend,1790323756.05,0.018,0.008,60.48
blend,1790323756.51,0.018,0.007,51.97
blend,1790323757.02,0.017,0.006,42.93
blend,1790323757.53,0.017,0.006,33.82
blend,1790323758.04,0.017,0.006,24.65
blend,1790323758.54,0.017,0.006,15.65
blend,1790323759.05,0.018,0.006,14.14
blend,1790323759.50,0.019,0.006,13.06
blend,1790323760.01,0.019,0.006,8.70
blend,1790323760.52,0.019,0.007,6.86
blend,1790323761.03,0.020,0.007,6.54
blend,1790323761.55,0.019,0.007,4.43
blend,1790323762.01,0.019,0.007,2.46
blend,1790323762.52,0.019,0.007,1.03
blend,1790323763.03,0.020,0.007,1.13
blend,1790323763.54,0.020,0.007,1.13
blend,1790323764.01,0.020,0.007,1.12
blend,1790323764.52,0.020,0.007,1.12
blend,1790323765.03,0.020,0.007,1.13
blend,1790323765.54,0.020,0.007,1.14
blend,1790323766.00,0.020,0.007,1.14
blend,1790323766.51,0.020,0.007,1.15
blend,1790323767.03,0.020,0.007,1.15
blend,1790323767.54,0.020,0.007,1.14
blend,1790323768.05,0.020,0.007,1.15
blend,1790323768.51,0.020,0.007,1.16
blend,1790323769.02,0.020,0.007,1.16
blend,1790323769.54,0.020,0.007,1.17
blend,1790323770.05,0.020,0.007,1.17
blend,1790323770.51,0.020,0.007,1.16
blend,1790323771.02,0.020,0.007,1.17
blend,1790323771.53,0.020,0.007,1.17
blend,1790323772.04,0.020,0.007,1.18
blend,1790323772.50,0.020,0.007,1.17
blend,1790323773.02,0.020,0.007,1.16
blend,1790323773.53,0.020,0.007,1.16
blend,1790323774.04,0.020,0.007,1.16
blend,1790323774.50,0.020,0.007,1.14
blend,1790323775.01,0.020,0.007,1.15
blend,1790323775.52,0.020,0.007,1.15
blend,1790323776.04,0.020,0.007,1.14
blend,1790323776.55,0.020,0.007,1.13
blend,1790323777.01,0.020,0.007,1.12
blend,1790323777.52,0.020,0.007,1.11
blend,1790323778.03,0.020,0.007,1.11
blend,1790323778.60,0.020,0.007,1.11
blend,1790323779.11,0.020,0.007,1.11
blend,1790323779.52,0.020,0.007,1.11
blend,1790323780.08,0.020,0.007,1.11
blend,1790323780.54,0.020,0.007,1.11
blend,1790323781.00,0.020,0.007,1.11
blend,1790323781.51,0.020,0.007,1.11
blend,1790323782.03,0.020,0.007,1.12
blend,1790323782.54,0.020,0.007,1.13
blend,1790323783.05,0.020,0.007,1.13
blend,1790323783.51,0.020,0.007,1.14
blend,1790323784.02,0.020,0.007,1.14
blend,1790323784.53,0.020,0.007,1.15
blend,1790323785.05,0.020,0.007,1.16
blend,1790323785.51,0.020,0.007,1.16
blend,1790323786.02,0.020,0.007,1.16
blend,1790323786.53,0.020,0.007,1.17
blend,1790323787.04,0.020,0.007,1.16
blend,1790323787.50,0.020,0.007,1.17
blend,1790323788.01,0.020,0.007,1.17
blend,1790323788.53,0.020,0.007,1.17
blend,1790323789.04,0.020,0.007,1.16
blend,1790323789.55,0.020,0.007,1.15
blend,1790323790.01,0.020,0.007,1.14
blend,1790323790.52,0.020,0.007,1.15
blend,1790323791.03,0.020,0.007,1.15
blend,1790323791.55,0.020,0.007,1.14
blend,1790323792.01,0.020,0.007,1.14
blend,1790323792.52,0.020,0.007,1.14
blend,1790323793.03,0.020,0.007,1.14
blend,1790323793.54,0.020,0.007,1.14
blend,1790323794.00,0.020,0.007,1.15
blend,1790323794.51,0.020,0.007,1.15
blend,1790323795.03,0.020,0.007,1.14
blend,1790323795.54,0.020,0.007,1.14
blend,1790323796.05,0.020,0.007,1.14
blend,1790323796.51,0.020,0.007,1.15
blend,1790323797.02,0.020,0.007,1.16
blend,1790323797.53,0.020,0.007,1.16
blend,1790323798.05,0.020,0.007,1.16
blend,1790323798.51,0.020,0.007,1.16
blend,1790323799.02,0.020,0.007,1.17
blend,1790323799.53,0.020,0.007,1.17
blend,1790323800.04,0.020,0.007,1.19
blend,1790323800.50,0.020,0.007,1.19
blend,1790323801.01,0.020,0.007,1.18
blend,1790323801.53,0.020,0.007,1.18
blend,1790323802.04,0.020,0.007,1.18
blend,1790323802.55,0.020,0.007,1.19
blend,1790323803.01,0.020,0.007,1.18
blend,1790323803.52,0.020,0.007,1.17
blend,1790323804.03,0.020,0.007,1.17
blend,1790323804.55,0.020,0.007,1.17
blend,1790323805.01,0.020,0.007,1.17
blend,1790323805.52,0.020,0.007,1.17
blend,1790323806.03,0.020,0.007,1.16
blend,1790323806.54,0.020,0.007,1.16
blend,1790323807.00,0.020,0.007,1.18
blend,1790323807.52,0.020,0.007,1.17
blend,1790323808.03,0.020,0.007,1.17
blend,1790323808.54,0.020,0.007,1.18
blend,1790323809.00,0.020,0.007,1.18
blend,1790323809.51,0.020,0.007,1.18
blend,1790323810.02,0.020,0.007,1.18
blend,1790323810.59,0.020,0.007,1.17
blend,1790323811.05,0.020,0.007,1.17
blend,1790323811.51,0.020,0.007,1.17
blend,1790323812.02,0.020,0.007,1.18
blend,1790323812.53,0.020,0.007,1.18
blend,1790323813.04,0.020,0.007,1.19
blend,1790323813.50,0.020,0.007,1.21
blend,1790323814.02,0.020,0.007,1.20
blend,1790323814.53,0.020,0.007,1.19
blend,1790323815.04,0.020,0.007,1.19
blend,1790323815.50,0.020,0.007,1.20
blend,1790323816.01,0.020,0.007,1.20
blend,1790323816.53,0.020,0.007,1.19
blend,1790323817.04,0.020,0.007,1.19
blend,1790323817.55,0.020,0.007,1.21
blend,1790323818.01,0.020,0.007,1.22
blend,1790323818.52,0.020,0.007,1.22
blend,1790323819.03,0.020,0.007,1.21
blend,1790323819.55,0.020,0.007,1.22
blend,1790323820.01,0.020,0.007,1.23
blend,1790323820.52,0.020,0.007,1.22
blend,1790323821.03,0.020,0.007,1.22
blend,1790323821.54,0.020,0.007,1.22
blend,1790323822.00,0.020,0.007,1.22
blend,1790323822.52,0.020,0.007,1.21
blend,1790323823.03,0.020,0.007,1.21
blend,1790323823.54,0.020,0.007,1.21
blend,1790323824.00,0.020,0.007,1.20
blend,1790323824.51,0.020,0.007,1.20
blend,1790323825.03,0.020,0.007,1.21
blend,1790323825.54,0.020,0.007,1.22
blend,1790323826.05,0.020,0.007,1.22
blend,1790323826.51,0.020,0.007,1.22
blend,1790323827.02,0.020,0.007,1.23
blend,1790323827.53,0.020,0.007,1.23
blend,1790323828.05,0.020,0.007,1.25
blend,1790323828.51,0.020,0.007,1.24
blend,1790323829.02,0.020,0.007,1.23
blend,1790323829.53,0.020,0.007,1.24
blend,1790323830.04,0.020,0.007,1.24
blend,1790323830.50,0.020,0.007,1.25
blend,1790323831.02,0.020,0.007,1.26
blend,1790323831.53,0.020,0.007,1.26
blend,1790323832.04,0.020,0.007,1.25
blend,1790323832.50,0.020,0.007,1.24
blend,1790323833.01,0.020,0.007,1.24
blend,1790323833.52,0.020,0.007,1.24
blend,1790323834.04,0.020,0.007,1.24
blend,1790323834.55,0.020,0.007,1.24
blend,1790323835.01,0.020,0.007,1.23
blend,1790323835.52,0.020,0.007,1.23
blend,1790323836.03,0.020,0.007,1.23
blend,1790323836.54,0.020,0.007,1.24
blend,1790323837.01,0.020,0.007,1.25
blend,1790323837.52,0.020,0.007,1.26
blend,1790323838.03,0.020,0.007,1.26
blend,1790323838.54,0.020,0.007,1.27
blend,1790323839.00,0.020,0.007,1.27
blend,1790323839.51,0.020,0.007,1.28
blend,1790323840.03,0.020,0.007,1.27
blend,1790323840.54,0.020,0.007,1.26
blend,1790323841.05,0.020,0.007,1.26
blend,1790323841.51,0.020,0.007,1.26
blend,1790323842.02,0.020,0.007,1.26
blend,1790323842.54,0.020,0.007,1.27
blend,1790323843.15,0.020,0.007,1.26
blend,1790323843.56,0.020,0.007,1.27
blend,1790323844.02,0.020,0.007,1.27
blend,1790323844.53,0.020,0.007,1.27
blend,1790323845.04,0.020,0.007,1.26
blend,1790323845.50,0.020,0.007,1.27
blend,1790323846.02,0.020,0.007,1.28
blend,1790323846.53,0.020,0.007,1.28
blend,1790323847.04,0.020,0.007,1.27
blend,1790323847.50,0.020,0.007,1.28
blend,1790323848.01,0.020,0.007,1.30
blend,1790323848.53,0.020,0.007,1.29
blend,1790323849.04,0.020,0.007,1.30
blend,1790323849.55,0.020,0.007,1.30
blend,1790323850.01,0.019,0.007,1.29
blend,1790323850.52,0.019,0.007,1.28
blend,1790323851.03,0.018,0.006,1.28
blend,1790323851.55,0.018,0.006,1.28
blend,1790323852.01,0.018,0.006,1.32
blend,1790323852.52,0.017,0.006,1.33
blend,1790323853.03,0.016,0.006,1.34
blend,1790323853.54,0.016,0.006,1.35
blend,1790323854.01,0.017,0.006,1.35
blend,1790323854.52,0.016,0.006,1.35
blend,1790323855.03,0.016,0.006,1.36
blend,1790323855.54,0.012,0.006,1.36
blend,1790323856.00,0.013,0.006,1.36
blend,1790323856.51,0.013,0.006,1.36
blend,1790323857.03,0.013,0.006,1.36
blend,1790323857.54,0.013,0.006,1.36
blend,1790323858.05,0.013,0.006,1.35
blend,1790323858.51,0.011,0.006,1.36
blend,1790323859.02,0.011,0.006,1.36
blend,1790323859.54,0.012,0.006,1.38
blend,1790323860.05,0.011,0.006,1.38
blend,1790323860.51,0.010,0.006,1.36
blend,1790323861.02,0.010,0.006,1.34
blend,1790323861.53,0.010,0.006,1.34
blend,1790323862.04,0.012,0.006,1.37
blend,1790323862.51,0.012,0.006,1.36
blend,1790323863.02,0.012,0.006,1.35
blend,1790323863.53,0.014,0.006,1.36
blend,1790323864.04,0.013,0.006,1.35
blend,1790323864.50,0.013,0.006,1.36
blend,1790323865.01,0.014,0.006,1.36
blend,1790323865.53,0.013,0.006,1.37
blend,1790323866.04,0.013,0.006,1.37
blend,1790323866.55,0.013,0.006,1.36
blend,1790323867.01,0.012,0.006,1.38
blend,1790323867.52,0.011,0.006,1.38
blend,1790323868.04,0.010,0.006,1.37
blend,1790323868.55,0.009,0.006,1.36
blend,1790323869.01,0.009,0.006,1.35
blend,1790323869.52,0.009,0.006,1.34
blend,1790323870.03,0.009,0.006,1.32
blend,1790323870.54,0.008,0.006,1.32
blend,1790323871.00,0.010,0.006,1.31
blend,1790323871.52,0.010,0.006,1.29
blend,1790323872.03,0.009,0.006,1.29
blend,1790323872.54,0.010,0.006,1.28
blend,1790323873.00,0.010,0.006,1.28
blend,1790323873.51,0.010,0.006,1.27
blend,1790323874.03,0.009,0.006,1.28
blend,1790323874.54,0.010,0.006,1.28
blend,1790323875.05,0.010,0.006,1.28
blend,1790323875.51,0.011,0.006,1.28
blend,1790323876.02,0.009,0.006,1.29
blend,1790323876.53,0.012,0.006,1.29
blend,1790323877.05,0.012,0.006,1.29
blend,1790323877.51,0.012,0.006,1.29
blend,1790323878.02,0.014,0.006,1.28
blend,1790323878.53,0.013,0.006,1.28
blend,1790323879.04,0.012,0.006,1.27
blend,1790323879.50,0.013,0.006,1.29
blend,1790323880.02,0.016,0.006,1.29
blend,1790323880.53,0.016,0.006,1.30
blend,1790323881.04,0.015,0.006,1.29
blend,1790323881.50,0.016,0.006,1.28
blend,1790323882.01,0.016,0.006,1.27
blend,1790323882.52,0.015,0.006,1.27
blend,1790323883.04,0.016,0.006,1.25
blend,1790323883.55,0.015,0.006,1.26
blend,1790323884.01,0.015,0.006,1.28
blend,1790323884.52,0.014,0.006,1.27
blend,1790323885.03,0.014,0.006,1.27
blend,1790323885.55,0.013,0.006,2.21
blend,1790323886.01,0.011,0.006,6.28
blend,1790323886.51,0.011,0.006,11.78
blend,1790323887.02,0.009,0.005,17.38
blend,1790323887.53,0.010,0.006,23.18
blend,1790323888.03,0.012,0.007,28.84
blend,1790323888.54,0.014,0.009,34.34
blend,1790323889.00,0.017,0.011,39.52
blend,1790323889.51,0.019,0.013,45.10
blend,1790323890.03,0.026,0.021,50.64
blend,1790323890.54,0.027,0.022,56.32
blend,1790323891.00,0.029,0.027,61.45
blend,1790323891.51,0.034,0.039,67.20
blend,1790323892.03,0.036,0.046,72.96
blend,1790323892.55,0.037,0.052,78.68
blend,1790323893.02,0.037,0.053,83.69
blend,1790323893.54,0.037,0.068,89.26
blend,1790323894.00,0.036,0.076,91.02
blend,1790323894.52,0.037,0.075,90.98
blend,1790323895.03,0.037,0.078,90.97
blend,1790323895.55,0.037,0.080,90.98
blend,1790323896.02,0.037,0.077,90.96
blend,1790323896.53,0.037,0.074,90.97
blend,1790323897.05,0.037,0.075,90.95
blend,1790323897.51,0.037,0.077,90.96
blend,1790323898.03,0.037,0.076,90.96
blend,1790323898.55,0.037,0.074,90.92
blend,1790323899.01,0.037,0.074,90.91
blend,1790323899.53,0.037,0.076,90.89
blend,1790323900.05,0.037,0.078,90.90
blend,1790323900.51,0.037,0.080,90.91
blend,1790323901.03,0.037,0.079,90.89
blend,1790323901.55,0.037,0.077,90.91
blend,1790323902.01,0.037,0.078,90.90
blend,1790323902.53,0.036,0.080,90.90
blend,1790323903.04,0.036,0.082,90.90
blend,1790323903.51,0.036,0.081,90.88
blend,1790323904.03,0.036,0.083,90.86
blend,1790323904.54,0.036,0.084,90.86
blend,1790323905.01,0.036,0.084,90.86
blend,1790323905.52,0.036,0.083,90.86
blend,1790323906.04,0.036,0.080,90.88
blend,1790323906.51,0.036,0.082,90.89
blend,1790323907.02,0.036,0.080,90.92
blend,1790323907.54,0.036,0.078,90.91
blend,1790323908.01,0.036,0.079,90.87
blend,1790323908.52,0.036,0.081,90.86
blend,1790323909.04,0.036,0.080,90.85
blend,1790323909.50,0.036,0.082,90.86
blend,1790323910.02,0.036,0.083,90.84
blend,1790323910.54,0.036,0.083,90.85
blend,1790323911.00,0.036,0.086,90.83
blend,1790323911.52,0.036,0.086,90.82
blend,1790323912.04,0.036,0.083,90.84
blend,1790323912.50,0.036,0.085,90.85
blend,1790323913.02,0.036,0.086,90.85
blend,1790323913.54,0.036,0.088,90.86
blend,1790323914.00,0.036,0.088,90.86
blend,1790323914.52,0.036,0.089,90.85
blend,1790323915.04,0.036,0.088,90.85
blend,1790323915.55,0.036,0.086,90.84
blend,1790323916.02,0.036,0.091,90.86
blend,1790323916.53,0.036,0.090,90.84
blend,1790323917.05,0.036,0.089,90.85
blend,1790323917.52,0.036,0.088,90.83
blend,1790323918.03,0.036,0.087,90.81
blend,1790323918.55,0.036,0.086,90.77
blend,1790323919.02,0.036,0.090,90.77
blend,1790323919.53,0.036,0.089,90.76
blend,1790323920.05,0.036,0.091,90.78
blend,1790323920.51,0.036,0.089,90.79
blend,1790323921.03,0.036,0.088,90.77
blend,1790323921.55,0.036,0.090,90.79
blend,1790323922.01,0.036,0.089,90.79
blend,1790323922.53,0.036,0.089,90.80
blend,1790323923.05,0.036,0.089,90.80
blend,1790323923.51,0.036,0.091,90.82
blend,1790323924.03,0.036,0.093,90.82
blend,1790323924.55,0.036,0.090,90.86
blend,1790323925.01,0.036,0.090,90.87
blend,1790323925.53,0.036,0.092,90.89
blend,1790323926.05,0.036,0.091,90.91
blend,1790323926.51,0.036,0.093,90.91
blend,1790323927.03,0.036,0.093,90.91
blend,1790323927.55,0.036,0.091,90.90
blend,1790323928.01,0.036,0.090,90.94
blend,1790323928.53,0.036,0.089,90.94
blend,1790323929.05,0.036,0.091,90.95
blend,1790323929.51,0.036,0.092,90.94
blend,1790323930.03,0.036,0.092,90.94
blend,1790323930.55,0.036,0.092,90.96
blend,1790323931.01,0.036,0.092,90.95
blend,1790323931.53,0.036,0.091,90.95
blend,1790323932.05,0.036,0.092,90.96
blend,1790323932.51,0.036,0.093,90.96
blend,1790323933.03,0.036,0.090,90.98
blend,1790323933.54,0.036,0.090,91.00
blend,1790323934.01,0.036,0.091,91.00
blend,1790323934.53,0.036,0.092,90.99
blend,1790323935.04,0.036,0.089,90.98
blend,1790323935.51,0.036,0.092,91.00
blend,1790323936.03,0.036,0.091,91.01
blend,1790323936.54,0.036,0.090,91.00
blend,1790323937.01,0.036,0.090,90.99
blend,1790323937.53,0.036,0.088,90.98
blend,1790323938.04,0.036,0.088,90.96
blend,1790323938.51,0.036,0.083,86.85
blend,1790323939.03,0.035,0.081,78.60
blend,1790323939.54,0.030,0.065,71.55
blend,1790323940.01,0.028,0.062,68.91
blend,1790323940.52,0.027,0.059,64.83
blend,1790323941.03,0.028,0.061,60.84
blend,1790323941.54,0.028,0.061,56.83
blend,1790323942.00,0.026,0.058,52.68
blend,1790323942.51,0.023,0.055,47.92
blend,1790323943.02,0.023,0.054,42.95
blend,1790323943.53,0.017,0.050,35.88
blend,1790323944.04,0.015,0.049,28.64
blend,1790323944.54,0.015,0.049,21.51
blend,1790323945.05,0.014,0.049,14.15
blend,1790323945.51,0.016,0.049,7.72
blend,1790323946.02,0.019,0.049,0.61
blend,1790323946.53,0.015,0.049,-1.64
blend,1790323947.04,0.020,0.049,-1.64
blend,1790323947.51,0.020,0.049,-1.64
blend,1790323948.02,0.021,0.049,-1.61
blend,1790323948.53,0.021,0.049,-1.59
blend,1790323949.04,0.023,0.048,-1.60
blend,1790323949.50,0.024,0.048,-1.60
blend,1790323950.02,0.023,0.048,-1.60
blend,1790323950.53,0.024,0.048,-1.59
blend,1790323951.04,0.024,0.048,-1.55
blend,1790323951.55,0.023,0.048,-1.56
blend,1790323952.01,0.022,0.048,-1.57
blend,1790323952.52,0.026,0.048,-1.57
blend,1790323953.04,0.025,0.048,-1.55
blend,1790323953.55,0.026,0.048,-1.55
blend,1790323954.01,0.027,0.048,-1.55
blend,1790323954.52,0.028,0.048,-1.57
blend,1790323955.03,0.028,0.048,-1.57
blend,1790323955.55,0.025,0.048,-1.58
blend,1790323956.01,0.025,0.048,-1.58
blend,1790323956.52,0.026,0.048,-1.58
blend,1790323957.03,0.023,0.048,-1.62
blend,1790323957.54,0.023,0.048,-1.63
blend,1790323958.00,0.023,0.048,-1.63
blend,1790323958.52,0.023,0.048,-1.64
blend,1790323959.03,0.027,0.048,-1.64
blend,1790323959.54,0.025,0.048,-1.67
blend,1790323960.00,0.023,0.049,-1.66
blend,1790323960.51,0.019,0.049,-1.65
blend,1790323961.03,0.022,0.049,-1.67
blend,1790323961.54,0.022,0.049,-1.66
blend,1790323962.05,0.025,0.048,-1.67
blend,1790323962.51,0.024,0.048,-1.66
blend,1790323963.02,0.026,0.048,-1.65
blend,1790323963.54,0.026,0.048,-1.65
blend,1790323964.05,0.027,0.048,-1.65
blend,1790323964.51,0.025,0.048,-1.64
blend,1790323965.02,0.029,0.048,-1.62
blend,1790323965.53,0.031,0.048,-1.61
blend,1790323966.05,0.032,0.048,-1.59
blend,1790323966.51,0.031,0.048,-1.61
blend,1790323967.02,0.031,0.048,-1.62
blend,1790323967.53,0.032,0.048,-1.61
blend,1790323968.04,0.034,0.048,-1.63
blend,1790323968.50,0.035,0.048,-1.64
blend,1790323969.01,0.036,0.048,-1.63
blend,1790323969.53,0.037,0.048,-1.64
blend,1790323970.04,0.036,0.048,-1.59
blend,1790323970.55,0.036,0.048,-1.59
blend,1790323971.01,0.038,0.048,-1.60
blend,1790323971.52,0.037,0.048,-1.59
blend,1790323972.04,0.035,0.048,-1.57
blend,1790323972.55,0.037,0.048,-1.58
blend,1790323973.01,0.036,0.048,-1.57
blend,1790323973.52,0.036,0.048,-1.60
blend,1790323974.03,0.036,0.048,-1.60
blend,1790323974.55,0.036,0.048,-1.61
blend,1790323975.01,0.036,0.048,-1.62
blend,1790323975.52,0.035,0.048,-1.61
blend,1790323976.03,0.035,0.048,-1.61
blend,1790323976.54,0.035,0.048,-1.60
blend,1790323977.00,0.034,0.048,-1.61
blend,1790323977.52,0.034,0.048,-1.62
blend,1790323978.03,0.038,0.048,-1.61
blend,1790323978.54,0.040,0.048,-1.63
blend,1790323979.00,0.040,0.048,-1.62
blend,1790323979.51,0.039,0.048,-1.58
blend,1790323980.03,0.035,0.048,-1.60
blend,1790323980.54,0.036,0.048,-1.60
blend,1790323981.05,0.035,0.048,-1.63
blend,1790323981.51,0.035,0.048,-1.62
blend,1790323982.02,0.034,0.048,-1.63
blend,1790323982.53,0.032,0.048,-1.65
blend,1790323983.05,0.031,0.048,-1.63
blend,1790323983.51,0.030,0.048,-1.64
blend,1790323984.02,0.028,0.048,-1.61
blend,1790323984.53,0.027,0.048,-1.60
blend,1790323985.04,0.027,0.048,-1.60
blend,1790323985.50,0.021,0.049,-1.61
blend,1790323986.02,0.023,0.049,-1.61
blend,1790323986.53,0.022,0.049,-1.62
blend,1790323987.04,0.020,0.049,-1.62
blend,1790323987.50,0.021,0.049,-1.61
blend,1790323988.01,0.022,0.049,-1.60
blend,1790323988.53,0.021,0.049,-1.60
blend,1790323989.04,0.019,0.049,-1.60
blend,1790323989.55,0.018,0.049,-1.57
blend,1790323990.01,0.024,0.049,-1.58
blend,1790323990.52,0.024,0.049,-1.60
blend,1790323991.03,0.025,0.048,-1.60
blend,1790323991.55,0.026,0.048,-1.59
blend,1790323992.01,0.022,0.049,-1.60
blend,1790323992.52,0.024,0.049,-1.60
blend,1790323993.05,0.021,0.049,-1.62
blend,1790323993.51,0.021,0.049,-1.58
blend,1790323994.05,0.018,0.049,-1.67
blend,1790323994.55,0.024,0.048,-1.65
blend,1790323995.01,0.022,0.048,-1.68
blend,1790323995.55,0.026,0.048,-1.67
blend,1790323996.01,0.037,0.048,-1.67
blend,1790323996.55,0.037,0.048,-1.66
blend,1790323997.01,0.040,0.048,-1.66
blend,1790323997.55,0.044,0.048,-1.63
blend,1790323998.01,0.046,0.048,-1.63
blend,1790323998.55,0.043,0.048,-1.62
blend,1790323999.05,0.050,0.048,-1.67
blend,1790323999.51,0.043,0.048,-1.64
blend,1790324000.05,0.040,0.048,-1.62
blend,1790324000.51,0.037,0.048,-1.64
blend,1790324001.05,0.045,0.048,-1.65
blend,1790324001.51,0.051,0.047,-1.66
blend,1790324002.05,0.056,0.047,-1.65
blend,1790324002.51,0.054,0.047,-1.60
blend,1790324003.01,0.062,0.047,-1.56
blend,1790324003.55,0.062,0.047,-1.56
blend,1790324004.01,0.059,0.047,-1.56
blend,1790324004.55,0.056,0.047,-1.56
blend,1790324005.01,0.061,0.047,-1.56
blend,1790324005.55,0.065,0.047,-1.54
blend,1790324006.08,0.061,0.047,-1.36
blend,1790324006.58,0.057,0.048,-7.18
blend,1790324007.08,0.057,0.048,-7.22
blend,1790324007.58,0.057,0.048,-7.22
blend,1790324008.01,0.055,0.048,-6.79
blend,1790324008.51,0.050,0.049,-6.90
blend,1790324009.05,0.050,0.049,-6.89
blend,1790324009.52,0.050,0.049,-6.89
blend,1790324010.03,0.051,0.049,-6.88
blend,1790324010.54,0.049,0.049,-6.87
blend,1790324011.00,0.049,0.049,-6.85
blend,1790324011.51,0.052,0.048,-6.82
blend,1790324012.02,0.051,0.049,-6.83
blend,1790324012.54,0.051,0.048,-6.84
blend,1790324013.05,0.050,0.049,-6.85
blend,1790324013.51,0.051,0.049,-6.86
blend,1790324014.02,0.050,0.049,-6.86
blend,1790324014.54,0.049,0.049,-6.87
blend,1790324015.04,0.050,0.049,-6.86
blend,1790324015.51,0.051,0.049,-6.85
blend,1790324016.02,0.050,0.049,-6.84
blend,1790324016.53,0.051,0.049,-6.84
blend,1790324017.04,0.051,0.049,-6.85
blend,1790324017.50,0.051,0.049,-6.83
blend,1790324018.01,0.054,0.048,-6.84
blend,1790324018.53,0.053,0.048,-6.84
blend,1790324019.04,0.053,0.048,-6.84
blend,1790324019.55,0.054,0.048,-6.84
blend,1790324020.01,0.053,0.048,-6.85
blend,1790324020.52,0.054,0.048,-6.85
blend,1790324021.03,0.053,0.048,-6.84
blend,1790324021.55,0.054,0.048,-6.86
blend,1790324022.01,0.054,0.048,-6.86
blend,1790324022.52,0.054,0.048,-6.86
blend,1790324023.03,0.056,0.048,-6.86
blend,1790324023.54,0.054,0.048,-6.84
blend,1790324024.00,0.054,0.048,-6.85
blend,1790324024.51,0.054,0.048,-6.85
blend,1790324025.03,0.051,0.049,-6.84
blend,1790324025.54,0.050,0.049,-6.83
blend,1790324026.00,0.050,0.049,-6.83
blend,1790324026.51,0.049,0.049,-6.83
blend,1790324027.02,0.050,0.049,-6.82
blend,1790324027.54,0.048,0.049,-6.83
blend,1790324028.05,0.048,0.049,-6.85
blend,1790324028.51,0.046,0.049,-6.86
blend,1790324029.02,0.047,0.049,-6.86
blend,1790324029.53,0.050,0.049,-6.89
blend,1790324030.04,0.050,0.049,-6.91
blend,1790324030.51,0.051,0.048,-6.90
blend,1790324031.02,0.051,0.048,-6.91
blend,1790324031.53,0.052,0.048,-6.94
blend,1790324032.04,0.053,0.048,-6.94
blend,1790324032.50,0.053,0.048,-6.94
blend,1790324033.01,0.052,0.048,-6.94
blend,1790324033.53,0.052,0.048,-6.94
blend,1790324034.04,0.053,0.048,-6.95
blend,1790324034.55,0.053,0.048,-6.96
blend,1790324035.01,0.053,0.048,-6.97
blend,1790324035.52,0.054,0.048,-6.97
blend,1790324036.03,0.055,0.048,-6.97
blend,1790324036.55,0.054,0.048,-6.98
blend,1790324037.01,0.055,0.048,-6.98
blend,1790324037.52,0.054,0.048,-6.97
blend,1790324038.03,0.054,0.048,-6.97
blend,1790324038.54,0.056,0.048,-6.99
blend,1790324039.01,0.057,0.048,-7.00
blend,1790324039.52,0.059,0.048,-6.99
blend,1790324040.03,0.058,0.048,-6.99
blend,1790324040.54,0.058,0.048,-7.02
blend,1790324041.00,0.058,0.048,-7.02
blend,1790324041.51,0.059,0.047,-7.02
blend,1790324042.03,0.058,0.048,-7.01
blend,1790324042.54,0.057,0.048,-7.02
blend,1790324043.05,0.057,0.048,-7.01
blend,1790324043.51,0.057,0.048,-7.00
blend,1790324044.43,0.057,0.048,-7.00
blend,1790324044.95,0.057,0.048,-6.98
blend,1790324045.45,0.057,0.048,-6.97
blend,1790324045.95,0.057,0.048,-6.95
blend,1790324046.47,0.058,0.048,-6.94
blend,1790324046.74,0.057,0.048,-7.11
blend,1790324047.05,0.057,0.048,-7.10
blend,1790324047.51,0.057,0.048,-7.11
blend,1790324048.02,0.058,0.048,-7.10
blend,1790324048.53,0.057,0.048,-7.10
blend,1790324049.04,0.057,0.048,-7.09
blend,1790324049.50,0.056,0.048,-7.10
blend,1790324050.02,0.056,0.048,-7.10
blend,1790324050.53,0.054,0.048,-7.12
blend,1790324051.04,0.054,0.048,-7.14
blend,1790324051.50,0.054,0.048,-7.13
blend,1790324052.01,0.053,0.048,-7.14
blend,1790324052.52,0.055,0.048,-7.17
blend,1790324053.04,0.056,0.048,-7.17
blend,1790324053.55,0.055,0.048,-7.17
blend,1790324054.01,0.053,0.048,-7.17
blend,1790324054.52,0.055,0.048,-7.17
blend,1790324055.03,0.055,0.048,-7.17
blend,1790324055.55,0.056,0.048,-7.18
blend,1790324056.01,0.055,0.048,-7.19
blend,1790324056.52,0.056,0.048,-7.21
blend,1790324057.03,0.057,0.048,-7.21
blend,1790324057.54,0.057,0.048,-7.20
blend,1790324058.00,0.057,0.048,-7.19
blend,1790324058.52,0.057,0.048,-7.19
blend,1790324059.03,0.057,0.048,-7.18
blend,1790324059.54,0.056,0.048,-7.19
blend,1790324060.00,0.057,0.048,-7.19
blend,1790324060.51,0.057,0.048,-7.19
blend,1790324061.03,0.057,0.048,-7.17
blend,1790324061.54,0.058,0.048,-7.20
blend,1790324062.05,0.057,0.048,-7.19
blend,1790324062.51,0.056,0.048,-7.16
blend,1790324063.02,0.056,0.048,-7.16
blend,1790324063.53,0.055,0.048,-7.16
blend,1790324064.05,0.055,0.048,-7.17
blend,1790324064.51,0.055,0.048,-7.17
blend,1790324065.02,0.055,0.048,-7.19
blend,1790324065.53,0.055,0.048,-7.17
blend,1790324066.04,0.055,0.048,-7.19
blend,1790324066.51,0.055,0.048,-7.19
blend,1790324067.02,0.056,0.048,-7.19
blend,1790324067.53,0.057,0.048,-7.20
blend,1790324068.04,0.058,0.048,-7.22
blend,1790324068.50,0.058,0.048,-7.23
blend,1790324069.01,0.058,0.048,-7.22
blend,1790324069.53,0.058,0.048,-7.22
robot,1790323127.59,0.000,0.000,0.00
robot,1790323128.01,0.000,0.000,0.01
robot,1790323128.51,0.000,0.000,-0.00
robot,1790323129.01,0.000,0.000,-0.00
robot,1790323129.51,0.000,0.000,-0.03
robot,1790323130.01,0.000,0.000,-0.03
robot,1790323130.51,0.000,0.000,-0.01
robot,1790323131.01,0.000,0.000,-0.01
robot,1790323131.51,0.000,0.000,0.00
robot,1790323132.01,0.000,0.000,0.02
robot,1790323132.51,0.000,0.000,0.01
robot,1790323133.01,0.000,0.000,0.01
robot,1790323133.51,0.000,0.000,-0.00
robot,1790323134.01,0.000,0.000,-0.01
robot,1790323134.51,0.000,0.000,-0.01
robot,1790323135.01,0.000,0.000,-0.01
robot,1790323135.51,0.000,0.000,0.01
robot,1790323136.01,0.000,0.000,0.01
robot,1790323136.51,0.000,0.000,0.00
robot,1790323137.01,0.000,0.000,0.02
robot,1790323137.51,0.000,0.000,0.04
robot,1790323138.01,0.000,0.000,0.04
robot,1790323138.51,0.000,0.000,0.06
robot,1790323139.01,0.000,0.000,0.06
robot,1790323139.51,0.000,0.000,0.05
robot,1790323140.01,0.000,0.000,0.06
robot,1790323140.51,0.000,0.000,0.08
robot,1790323141.01,0.000,0.000,0.09
robot,1790323141.51,0.000,0.000,0.07
robot,1790323142.01,0.000,0.000,0.07
robot,1790323142.51,0.000,0.000,0.08
robot,1790323143.01,0.000,0.000,0.11
robot,1790323143.51,0.000,0.000,0.11
robot,1790323144.01,0.000,0.000,0.12
robot,1790323144.51,0.000,0.000,0.11
robot,1790323145.01,0.000,0.000,0.11
robot,1790323145.51,0.000,0.000,0.11
robot,1790323146.01,0.000,0.000,0.11
robot,1790323146.51,0.000,0.000,0.10
robot,1790323147.01,0.000,0.000,0.10
robot,1790323147.51,0.000,0.000,0.09
robot,1790323148.01,0.000,0.000,0.09
robot,1790323148.51,0.000,0.000,0.11
robot,1790323149.01,0.000,0.000,0.10
robot,1790323149.51,0.000,0.000,0.11
robot,1790323150.01,0.000,0.000,0.11
robot,1790323150.51,0.000,0.000,0.10
robot,1790323151.01,0.000,0.000,0.11
robot,1790323151.51,0.000,0.000,0.11
robot,1790323152.01,0.000,0.000,0.10
robot,1790323152.51,0.000,0.000,0.12
robot,1790323153.01,0.000,0.000,0.12
robot,1790323153.51,0.000,0.000,0.12
robot,1790323154.01,0.000,0.000,0.10
robot,1790323154.51,0.000,0.000,0.09
robot,1790323155.01,0.000,0.000,0.08
robot,1790323155.51,0.000,0.000,0.06
robot,1790323156.01,0.000,0.000,0.08
robot,1790323156.51,0.000,0.000,0.07
robot,1790323157.01,0.000,0.000,0.06
robot,1790323157.51,0.000,0.000,0.06
robot,1790323158.01,0.000,0.000,0.05
robot,1790323158.51,0.000,0.000,0.05
robot,1790323159.01,0.000,0.000,0.07
robot,1790323159.51,0.000,0.000,0.06
robot,1790323160.01,0.000,0.000,0.05
robot,1790323160.51,0.000,0.000,0.05
robot,1790323161.01,0.000,0.000,0.05
robot,1790323161.51,0.000,0.000,0.05
robot,1790323162.01,0.000,0.000,0.06
robot,1790323162.51,0.000,0.000,0.06
robot,1790323163.01,0.000,0.000,0.06
robot,1790323163.51,0.000,0.000,0.07
robot,1790323164.01,0.000,0.000,0.06
robot,1790323164.51,0.000,0.000,0.06
robot,1790323165.01,0.000,0.000,0.04
robot,1790323165.51,0.000,0.000,0.06
robot,1790323166.01,0.000,0.000,0.05
robot,1790323166.51,0.000,0.000,0.05
robot,1790323167.01,0.000,0.000,0.04
robot,1790323167.51,0.000,0.000,0.03
robot,1790323168.01,0.000,0.000,0.04
robot,1790323168.51,0.000,0.000,0.05
robot,1790323169.01,0.000,0.000,0.05
robot,1790323169.51,0.000,0.000,0.06
robot,1790323170.01,0.000,0.000,0.06
robot,1790323170.51,0.000,0.000,0.05
robot,1790323171.01,0.000,0.000,0.05
robot,1790323171.51,0.000,0.000,0.06
robot,1790323172.01,0.000,0.000,0.06
robot,1790323172.51,0.000,0.000,0.05
robot,1790323173.01,0.000,0.000,0.05
robot,1790323173.51,0.000,0.000,0.06
robot,1790323174.01,0.000,0.000,0.04
robot,1790323174.52,0.000,0.000,0.06
robot,1790323175.01,0.000,0.000,0.07
robot,1790323175.51,0.000,0.000,0.05
robot,1790323176.01,0.000,0.000,0.06
robot,1790323176.51,0.000,0.000,0.07
robot,1790323177.01,0.000,0.000,0.09
robot,1790323177.51,0.000,0.000,0.08
robot,1790323178.01,0.000,0.000,0.07
robot,1790323178.51,0.000,0.000,0.08
robot,1790323179.01,0.000,0.000,0.07
robot,1790323179.51,0.000,0.000,0.09
robot,1790323180.01,0.000,0.000,0.09
robot,1790323180.51,0.000,0.000,0.09
robot,1790323181.01,0.000,0.000,0.11
robot,1790323181.51,0.000,0.000,0.12
robot,1790323182.01,0.000,0.000,0.12
robot,1790323182.51,0.000,0.000,0.13
robot,1790323183.01,0.000,0.000,0.13
robot,1790323183.51,0.000,0.000,0.12
robot,1790323184.01,0.000,0.000,0.10
robot,1790323184.51,0.000,0.000,0.08
robot,1790323185.01,0.000,0.000,0.08
robot,1790323185.51,0.000,0.000,0.07
robot,1790323186.01,0.000,0.000,0.08
robot,1790323186.51,0.000,0.000,0.09
robot,1790323187.01,0.000,0.000,0.10
robot,1790323187.51,0.000,0.000,0.09
robot,1790323188.01,0.000,0.000,0.08
robot,1790323188.51,0.000,0.000,0.10
robot,1790323189.01,0.000,0.000,0.10
robot,1790323189.51,0.000,0.000,0.10
robot,1790323190.01,0.000,0.000,0.10
robot,1790323190.51,0.000,0.000,0.12
robot,1790323191.01,0.000,0.000,0.14
robot,1790323191.51,0.000,0.000,0.12
robot,1790323192.01,0.000,0.000,0.13
robot,1790323192.51,0.000,0.000,0.13
robot,1790323193.01,0.000,0.000,0.15
robot,1790323193.51,0.000,0.000,0.14
robot,1790323194.01,0.000,0.000,0.13
robot,1790323194.51,0.000,0.000,0.13
robot,1790323195.01,0.000,0.000,0.13
robot,1790323195.51,0.000,0.000,0.12
robot,1790323196.01,0.000,0.000,0.14
robot,1790323196.51,0.000,0.000,0.15
robot,1790323197.01,0.000,0.000,0.15
robot,1790323197.51,0.000,0.000,0.16
robot,1790323198.01,0.000,0.000,0.16
robot,1790323198.51,0.000,0.000,0.17
robot,1790323199.01,0.000,0.000,0.18
robot,1790323199.51,0.000,0.000,0.20
robot,1790323200.01,0.000,0.000,0.21
robot,1790323200.51,0.000,0.000,0.21
robot,1790323201.01,0.000,0.000,0.21
robot,1790323201.51,0.000,0.000,0.21
robot,1790323202.01,0.000,0.000,0.20
robot,1790323202.51,0.000,0.000,0.20
robot,1790323203.01,0.000,0.000,0.21
robot,1790323203.51,0.000,0.000,0.20
robot,1790323204.01,0.000,0.000,0.22
robot,1790323204.51,0.000,0.000,0.21
robot,1790323205.01,0.000,0.000,0.21
robot,1790323205.51,0.000,0.000,0.22
robot,1790323206.01,0.000,0.000,0.22
robot,1790323206.51,0.000,0.000,0.23
robot,1790323207.01,0.000,0.000,0.23
robot,1790323207.51,0.000,0.000,0.23
robot,1790323208.01,0.000,0.000,0.23
robot,1790323208.51,0.000,0.000,0.23
robot,1790323209.01,0.000,0.000,0.22
robot,1790323209.51,0.000,0.000,0.22
robot,1790323210.01,0.000,0.000,0.21
robot,1790323210.51,0.000,0.000,0.20
robot,1790323211.01,0.000,0.000,0.18
robot,1790323211.51,0.000,0.000,0.20
robot,1790323212.01,0.000,0.000,0.19
robot,1790323212.51,0.000,0.000,0.19
robot,1790323213.01,0.000,0.000,0.19
robot,1790323213.51,0.000,0.000,0.18
robot,1790323214.01,0.000,0.000,0.17
robot,1790323214.51,0.000,0.000,0.16
robot,1790323215.01,0.000,0.000,0.15
robot,1790323215.51,0.000,0.000,0.16
robot,1790323216.01,0.000,0.000,0.16
robot,1790323216.51,0.000,0.000,0.15
robot,1790323217.01,0.000,0.000,0.15
robot,1790323217.51,0.000,0.000,0.15
robot,1790323218.01,0.000,0.000,0.17
robot,1790323218.51,0.000,0.000,0.16
robot,1790323219.01,0.000,0.000,0.16
robot,1790323219.51,0.000,0.000,0.15
robot,1790323220.01,0.000,0.000,0.15
robot,1790323220.51,0.000,0.000,0.16
robot,1790323221.01,0.000,0.000,0.16
robot,1790323221.51,0.000,0.000,0.15
robot,1790323222.01,0.000,0.000,0.17
robot,1790323222.51,0.000,0.000,0.16
robot,1790323223.01,0.000,0.000,0.15
robot,1790323223.51,0.000,0.000,0.16
robot,1790323224.01,0.000,0.000,0.16
robot,1790323224.51,0.000,0.000,0.16
robot,1790323225.01,0.000,0.000,0.18
robot,1790323225.51,0.000,0.000,0.19
robot,1790323226.01,0.000,0.000,0.21
robot,1790323226.51,0.000,0.000,0.23
robot,1790323227.01,0.000,0.000,0.26
robot,1790323227.51,0.000,0.000,0.27
robot,1790323228.01,0.000,0.000,0.28
robot,1790323228.51,0.000,0.000,0.28
robot,1790323229.01,0.000,0.000,0.28
robot,1790323229.51,0.000,0.000,0.29
robot,1790323230.01,0.000,0.000,0.31
robot,1790323230.51,0.000,0.000,0.31
robot,1790323231.01,0.000,0.000,0.33
robot,1790323231.51,0.000,0.000,0.33
robot,1790323232.01,0.000,0.000,0.35
robot,1790323232.51,0.000,0.000,0.34
robot,1790323233.01,0.000,0.000,0.34
robot,1790323233.51,0.000,0.000,0.35
robot,1790323234.01,0.000,0.000,0.35
robot,1790323234.51,0.000,0.000,0.34
robot,1790323235.01,0.000,0.000,0.34
robot,1790323235.51,0.000,0.000,0.35
robot,1790323236.01,0.000,0.000,0.36
robot,1790323236.51,0.000,0.000,0.35
robot,1790323237.01,0.000,0.000,0.35
robot,1790323237.51,0.000,0.000,0.36
robot,1790323238.01,0.000,0.000,0.38
robot,1790323238.51,0.000,0.000,0.37
robot,1790323239.01,0.000,0.000,0.38
robot,1790323239.51,0.000,0.000,0.39
robot,1790323240.01,0.000,0.000,0.37
robot,1790323240.51,0.000,0.000,0.38
robot,1790323241.01,0.000,0.000,0.37
robot,1790323241.51,0.000,0.000,0.39
robot,1790323242.01,0.000,0.000,0.38
robot,1790323242.51,0.000,0.000,0.40
robot,1790323243.01,0.000,0.000,0.40
robot,1790323243.51,0.000,0.000,0.42
robot,1790323244.01,0.000,0.000,0.43
robot,1790323244.51,0.000,0.000,0.44
robot,1790323245.01,0.000,0.000,0.42
robot,1790323245.51,0.000,0.000,0.43
robot,1790323246.01,0.000,0.000,0.44
robot,1790323246.51,0.000,0.000,0.44
robot,1790323247.01,0.000,0.000,0.45
robot,1790323247.51,0.000,0.000,0.46
robot,1790323248.01,0.000,0.000,0.45
robot,1790323248.51,0.000,0.000,0.45
robot,1790323249.01,0.000,0.000,0.46
robot,1790323249.51,0.000,0.000,0.47
robot,1790323250.01,0.000,0.000,0.47
robot,1790323250.51,0.000,0.000,0.48
robot,1790323251.01,0.000,0.000,0.48
robot,1790323251.51,0.000,0.000,0.47
robot,1790323252.01,0.000,0.000,0.46
robot,1790323252.51,0.000,0.000,0.48
robot,1790323253.01,0.000,0.000,0.47
robot,1790323253.51,0.000,0.000,0.47
robot,1790323254.01,0.000,0.000,0.46
robot,1790323254.51,0.000,0.000,0.47
robot,1790323255.01,0.000,0.000,0.46
robot,1790323255.51,0.000,0.000,0.45
robot,1790323256.01,0.000,0.000,0.44
robot,1790323256.51,0.000,0.000,0.45
robot,1790323257.01,0.000,0.000,0.46
robot,1790323257.51,0.000,0.000,0.46
robot,1790323258.01,0.000,0.000,0.45
robot,1790323258.51,0.000,0.000,0.46
robot,1790323259.01,0.000,0.000,0.46
robot,1790323259.51,0.000,0.000,0.45
robot,1790323260.01,0.000,0.000,0.46
robot,1790323260.51,0.000,0.000,0.47
robot,1790323261.01,0.000,0.000,0.47
robot,1790323261.51,0.000,0.000,0.47
robot,1790323262.01,0.000,0.000,0.46
robot,1790323262.51,0.000,0.000,0.46
robot,1790323263.01,0.000,0.000,0.47
robot,1790323263.51,0.000,0.000,0.48
robot,1790323264.01,0.000,0.000,0.49
robot,1790323264.51,0.000,0.000,0.51
robot,1790323265.01,0.000,0.000,0.52
robot,1790323265.51,0.000,0.000,0.51
robot,1790323266.01,0.000,0.000,0.51
robot,1790323266.51,0.000,0.000,0.50
robot,1790323267.01,0.000,0.000,0.51
robot,1790323267.51,0.000,0.000,0.52
robot,1790323268.01,0.000,0.000,0.52
robot,1790323268.51,0.000,0.000,0.52
robot,1790323269.01,0.000,0.000,0.53
robot,1790323269.51,0.000,0.000,0.53
robot,1790323270.01,0.000,0.000,0.53
robot,1790323270.51,0.000,0.000,0.54
robot,1790323271.01,0.000,0.000,0.50
robot,1790323271.51,0.000,0.000,0.50
robot,1790323272.01,0.000,0.000,0.49
robot,1790323272.51,0.000,0.000,0.49
robot,1790323273.01,0.000,0.000,0.50
robot,1790323273.51,0.000,0.000,0.49
robot,1790323274.01,0.000,0.000,0.49
robot,1790323274.51,0.000,0.000,0.49
robot,1790323275.01,0.000,0.000,0.49
robot,1790323275.51,0.000,0.000,0.49
robot,1790323276.01,0.000,0.000,0.50
robot,1790323276.51,0.000,0.000,0.50
robot,1790323277.01,0.000,0.000,0.51
robot,1790323277.51,0.000,0.000,0.48
robot,1790323278.01,0.000,0.000,0.48
robot,1790323278.51,0.000,0.000,0.49
robot,1790323279.01,0.000,0.000,0.49
robot,1790323279.51,0.000,0.000,0.50
robot,1790323280.01,0.000,0.000,0.51
robot,1790323280.51,0.000,0.000,0.52
robot,1790323281.01,0.000,0.000,0.53
robot,1790323281.51,0.000,0.000,0.55
robot,1790323282.01,0.000,0.000,0.55
robot,1790323282.51,0.000,0.000,0.56
robot,1790323283.01,0.000,0.000,0.56
robot,1790323283.51,0.000,0.000,0.55
robot,1790323284.01,0.000,0.000,0.56
robot,1790323284.51,0.000,0.000,0.56
robot,1790323285.01,0.000,0.000,0.57
robot,1790323285.51,0.000,0.000,0.57
robot,1790323286.01,0.000,0.000,0.57
robot,1790323286.51,0.000,0.000,0.58
robot,1790323287.01,0.000,0.000,0.57
robot,1790323287.51,0.000,0.000,0.57
robot,1790323288.01,0.000,0.000,0.55
robot,1790323288.51,0.000,0.000,0.56
robot,1790323289.01,0.000,0.000,0.56
robot,1790323289.51,0.000,0.000,0.54
robot,1790323290.01,0.000,0.000,0.53
robot,1790323290.51,0.000,0.000,0.52
robot,1790323291.01,0.000,0.000,0.51
robot,1790323291.51,0.000,0.000,0.53
robot,1790323292.01,0.000,0.000,0.52
robot,1790323292.51,0.000,0.000,0.52
robot,1790323293.01,0.000,0.000,0.52
robot,1790323293.51,0.000,0.000,0.51
robot,1790323294.01,0.000,0.000,0.51
robot,1790323294.51,0.000,0.000,0.51
robot,1790323295.01,0.000,0.000,0.52
robot,1790323295.51,0.000,0.000,0.53
robot,1790323296.01,0.000,0.000,0.50
robot,1790323296.51,0.000,0.000,0.51
robot,1790323297.01,0.000,0.000,0.49
robot,1790323297.51,0.000,0.000,0.49
robot,1790323298.01,0.000,0.000,0.49
robot,1790323298.51,0.000,0.000,0.48
robot,1790323299.01,0.000,0.000,0.47
robot,1790323299.51,0.000,0.000,0.46
robot,1790323300.01,0.000,0.000,0.46
robot,1790323300.51,0.000,0.000,0.44
robot,1790323301.01,0.000,0.000,0.46
robot,1790323301.51,0.000,0.000,0.47
robot,1790323302.01,0.000,0.000,0.48
robot,1790323302.51,0.000,0.000,0.48
robot,1790323303.01,0.000,0.000,0.50
robot,1790323303.51,0.000,0.000,0.50
robot,1790323304.01,0.000,0.000,0.49
robot,1790323304.51,0.000,0.000,0.48
robot,1790323305.01,0.000,0.000,0.47
robot,1790323305.51,0.000,0.000,0.47
robot,1790323306.01,0.000,0.000,0.47
robot,1790323306.51,0.000,0.000,0.49
robot,1790323307.01,0.000,0.000,0.47
robot,1790323307.51,0.000,0.000,0.48
robot,1790323308.01,0.000,0.000,0.49
robot,1790323308.51,0.000,0.000,0.49
robot,1790323309.01,0.000,0.000,0.48
robot,1790323309.51,0.000,0.000,0.47
robot,1790323310.01,0.000,0.000,0.49
robot,1790323310.51,0.000,0.000,0.49
robot,1790323311.01,0.000,0.000,0.49
robot,1790323311.51,0.000,0.000,0.49
robot,1790323312.01,0.000,0.000,0.52
robot,1790323312.51,0.000,0.000,0.52
robot,1790323313.01,0.000,0.000,0.52
robot,1790323313.51,0.000,0.000,0.51
robot,1790323314.01,0.000,0.000,0.52
robot,1790323314.51,0.000,0.000,0.51
robot,1790323315.01,0.000,0.000,0.51
robot,1790323315.51,0.000,0.000,0.51
robot,1790323316.01,0.000,0.000,0.51
robot,1790323316.51,0.000,0.000,0.51
robot,1790323317.01,0.000,0.000,0.49
robot,1790323317.51,0.000,0.000,0.48
robot,1790323318.01,0.000,0.000,0.49
robot,1790323318.51,0.000,0.000,0.49
robot,1790323319.01,0.000,0.000,0.50
robot,1790323319.51,0.000,0.000,0.51
robot,1790323320.01,0.000,0.000,0.49
robot,1790323320.51,0.000,0.000,0.51
robot,1790323321.01,0.000,0.000,0.51
robot,1790323321.51,0.000,0.000,0.50
robot,1790323322.01,0.000,0.000,0.50
robot,1790323322.51,0.000,0.000,0.50
robot,1790323323.01,0.000,0.000,0.51
robot,1790323323.51,0.000,0.000,0.50
robot,1790323324.01,0.000,0.000,0.50
robot,1790323324.51,0.000,0.000,0.51
robot,1790323325.01,0.000,0.000,0.51
robot,1790323325.51,0.000,0.000,0.52
robot,1790323326.01,0.000,0.000,0.52
robot,1790323326.51,0.000,0.000,0.52
robot,1790323327.01,0.000,0.000,0.52
robot,1790323327.51,0.000,0.000,0.52
robot,1790323328.01,0.000,0.000,0.52
robot,1790323328.51,0.000,0.000,0.51
robot,1790323329.01,0.000,0.000,0.51
robot,1790323329.51,0.000,0.000,0.51
robot,1790323330.01,0.000,0.000,0.52
robot,1790323330.51,0.000,0.000,0.51
robot,1790323331.01,0.000,0.000,0.52
robot,1790323331.51,0.000,0.000,0.51
robot,1790323332.01,0.000,0.000,0.51
robot,1790323332.51,0.000,0.000,0.51
robot,1790323333.01,0.000,0.000,0.51
robot,1790323333.51,0.000,0.000,0.51
robot,1790323334.01,0.000,0.000,0.51
robot,1790323334.51,0.000,0.000,0.51
robot,1790323335.01,0.000,0.000,0.50
robot,1790323335.51,0.000,0.000,0.51
robot,1790323336.01,0.000,0.000,0.50
robot,1790323336.51,0.000,0.000,0.50
robot,1790323337.01,0.000,0.000,0.50
robot,1790323337.51,0.000,0.000,0.51
robot,1790323338.01,0.000,0.000,0.51
robot,1790323338.51,0.000,0.000,0.51
robot,1790323339.01,0.000,0.000,0.52
robot,1790323339.51,0.000,0.000,0.52
robot,1790323340.01,0.000,0.000,0.54
robot,1790323340.51,0.000,0.000,0.54
robot,1790323341.01,0.000,0.000,0.53
robot,1790323341.51,0.000,0.000,0.53
robot,1790323342.01,0.000,0.000,0.53
robot,1790323342.51,0.000,0.000,0.53
robot,1790323343.01,0.000,0.000,0.54
robot,1790323343.51,0.000,0.000,0.53
robot,1790323344.01,0.000,0.000,0.53
robot,1790323344.51,0.000,0.000,0.54
robot,1790323345.01,0.000,0.000,0.53
robot,1790323345.51,0.000,0.000,0.55
robot,1790323346.01,0.000,0.000,0.55
robot,1790323346.51,0.000,0.000,0.55
robot,1790323347.01,0.000,0.000,0.54
robot,1790323347.51,0.000,0.000,0.52
robot,1790323348.01,0.000,0.000,0.53
robot,1790323348.51,0.000,0.000,0.53
robot,1790323349.01,0.000,0.000,0.53
robot,1790323349.51,0.000,0.000,0.53
robot,1790323350.01,0.000,0.000,0.53
robot,1790323350.51,0.000,0.000,0.55
robot,1790323351.01,0.000,0.000,0.55
robot,1790323351.51,0.000,0.000,0.55
robot,1790323352.01,0.000,0.000,0.55
robot,1790323352.51,0.000,0.000,0.55
robot,1790323353.01,0.000,0.000,0.54
robot,1790323353.51,0.000,0.000,0.54
robot,1790323354.01,0.000,0.000,0.55
robot,1790323354.51,0.000,0.000,0.55
robot,1790323357.07,0.000,0.000,0.60
robot,1790323357.51,0.000,0.000,0.59
robot,1790323358.01,0.000,0.000,0.58
robot,1790323358.51,0.000,0.000,0.58
robot,1790323359.01,0.000,0.000,0.58
robot,1790323359.51,0.000,0.000,0.57
robot,1790323360.01,0.000,0.000,0.59
robot,1790323360.51,0.000,0.000,0.59
robot,1790323361.01,0.000,0.000,0.59
robot,1790323361.51,0.000,0.000,0.58
robot,1790323362.01,0.000,0.000,0.58
robot,1790323362.51,0.000,0.000,0.58
robot,1790323363.01,0.000,0.000,0.60
robot,1790323363.51,0.000,0.000,0.61
robot,1790323364.01,0.000,0.000,0.63
robot,1790323364.51,0.000,0.000,0.61
robot,1790323365.01,0.000,0.000,0.62
robot,1790323365.51,0.000,0.000,0.60
robot,1790323366.01,0.000,0.000,0.61
robot,1790323366.51,0.000,0.000,0.61
robot,1790323367.01,0.000,0.000,0.60
robot,1790323367.51,0.000,0.000,0.59
robot,1790323368.01,0.000,0.000,0.59
robot,1790323368.51,0.000,0.000,0.58
robot,1790323369.01,0.000,0.000,0.56
robot,1790323369.51,0.000,0.000,0.56
robot,1790323370.01,0.000,0.000,0.55
robot,1790323370.51,0.000,0.000,0.54
robot,1790323371.01,0.000,0.000,0.53
robot,1790323371.51,0.000,0.000,0.50
robot,1790323372.01,0.000,0.000,0.50
robot,1790323372.51,0.000,0.000,0.53
robot,1790323373.01,0.000,0.000,0.53
robot,1790323373.51,0.000,0.000,0.51
robot,1790323374.01,0.000,0.000,0.52
robot,1790323374.51,0.000,0.000,0.52
robot,1790323375.01,0.000,0.000,0.53
robot,1790323375.51,0.000,0.000,0.53
robot,1790323376.01,0.000,0.000,0.53
robot,1790323376.51,0.000,0.000,0.54
robot,1790323377.01,0.000,0.000,0.57
robot,1790323377.51,0.000,0.000,0.57
robot,1790323378.01,0.000,0.000,0.57
robot,1790323378.51,0.000,0.000,0.58
robot,1790323379.01,0.000,0.000,0.56
robot,1790323379.51,0.000,0.000,0.54
robot,1790323380.01,0.000,0.000,0.55
robot,1790323380.51,0.000,0.000,0.53
robot,1790323381.01,0.000,0.000,0.53
robot,1790323381.51,0.000,0.000,0.53
robot,1790323382.01,0.000,0.000,0.54
robot,1790323382.51,0.000,0.000,0.54
robot,1790323383.01,0.000,0.000,0.55
robot,1790323383.51,0.000,0.000,0.54
robot,1790323384.01,0.000,0.000,0.53
robot,1790323384.51,0.000,0.000,0.55
robot,1790323385.01,0.000,0.000,0.52
robot,1790323385.51,0.000,0.000,0.53
robot,1790323386.01,0.000,0.000,0.53
robot,1790323386.51,0.000,0.000,0.53
robot,1790323387.01,0.000,0.000,0.54
robot,1790323387.51,0.000,0.000,0.54
robot,1790323388.01,0.000,0.000,0.53
robot,1790323388.51,0.000,0.000,0.53
robot,1790323389.01,0.000,0.000,0.54
robot,1790323389.51,0.000,0.000,0.53
robot,1790323390.01,0.000,0.000,0.54
robot,1790323390.51,0.000,0.000,0.55
robot,1790323391.01,0.000,0.000,0.55
robot,1790323391.51,0.000,0.000,0.56
robot,1790323392.01,0.000,0.000,0.55
robot,1790323392.51,0.000,0.000,0.54
robot,1790323393.01,0.000,0.000,0.54
robot,1790323393.51,0.000,0.000,0.54
robot,1790323394.01,0.000,0.000,0.53
robot,1790323394.51,0.000,0.000,0.52
robot,1790323395.01,0.000,0.000,0.51
robot,1790323395.51,0.000,0.000,0.50
robot,1790323396.01,0.000,0.000,0.49
robot,1790323396.51,0.000,0.000,0.48
robot,1790323397.01,0.000,0.000,0.47
robot,1790323397.51,0.000,0.000,0.46
robot,1790323398.01,0.000,0.000,0.47
robot,1790323398.51,0.000,0.000,0.46
robot,1790323399.01,0.000,0.000,0.46
robot,1790323399.51,0.000,0.000,0.46
robot,1790323400.01,0.000,0.000,0.46
robot,1790323400.51,0.000,0.000,0.46
robot,1790323401.01,0.000,0.000,0.47
robot,1790323401.51,0.000,0.000,0.47
robot,1790323402.01,0.000,0.000,0.48
robot,1790323402.51,0.000,0.000,0.48
robot,1790323403.01,0.000,0.000,0.48
robot,1790323403.51,0.000,0.000,0.48
robot,1790323404.01,0.000,0.000,0.50
robot,1790323404.51,0.000,0.000,0.50
robot,1790323405.01,0.000,0.000,0.49
robot,1790323405.51,0.000,0.000,0.49
robot,1790323406.01,0.000,0.000,0.49
robot,1790323406.51,0.000,0.000,0.48
robot,1790323407.01,0.000,0.000,0.49
robot,1790323407.51,0.000,0.000,0.49
robot,1790323408.01,0.000,0.000,0.49
robot,1790323408.51,0.000,0.000,0.50
robot,1790323409.01,0.000,0.000,0.50
robot,1790323409.51,0.000,0.000,0.50
robot,1790323410.01,0.000,0.000,0.50
robot,1790323410.51,0.000,0.000,0.50
robot,1790323411.01,0.000,0.000,0.49
robot,1790323411.51,0.000,0.000,0.49
robot,1790323412.01,0.000,0.000,0.48
robot,1790323412.51,0.000,0.000,0.48
robot,1790323413.01,0.000,0.000,0.47
robot,1790323413.51,0.000,0.000,0.46
robot,1790323414.01,0.000,0.000,0.47
robot,1790323414.51,0.000,0.000,0.47
robot,1790323415.01,0.000,0.000,0.46
robot,1790323415.51,0.000,0.000,0.46
robot,1790323416.01,0.000,0.000,0.47
robot,1790323416.51,0.000,0.000,0.49
robot,1790323417.01,0.000,0.000,0.48
robot,1790323417.51,0.000,0.000,0.46
robot,1790323418.01,0.000,0.000,0.45
robot,1790323418.51,0.000,0.000,0.46
robot,1790323419.01,0.000,0.000,0.47
robot,1790323419.51,0.000,0.000,0.44
robot,1790323420.01,0.000,0.000,0.43
robot,1790323420.51,0.000,0.000,0.45
robot,1790323421.01,0.000,0.000,0.44
robot,1790323421.51,0.000,0.000,0.45
robot,1790323422.01,0.000,0.000,0.46
robot,1790323422.51,0.000,0.000,0.45
robot,1790323423.01,0.000,0.000,0.44
robot,1790323423.51,0.000,0.000,0.45
robot,1790323424.01,0.000,0.000,0.47
robot,1790323424.51,0.000,0.000,0.47
robot,1790323425.01,0.000,0.000,0.49
robot,1790323425.51,0.000,0.000,0.50
robot,1790323426.01,0.000,0.000,0.50
robot,1790323426.51,0.000,0.000,0.50
robot,1790323427.01,0.000,0.000,0.50
robot,1790323427.51,0.000,0.000,0.48
robot,1790323428.01,0.000,0.000,0.47
robot,1790323428.51,0.000,0.000,0.47
robot,1790323429.01,0.000,0.000,0.47
robot,1790323429.51,0.000,0.000,0.47
robot,1790323430.01,0.000,0.000,0.46
robot,1790323430.51,0.000,0.000,0.47
robot,1790323431.01,0.000,0.000,0.48
robot,1790323431.51,0.000,0.000,0.48
robot,1790323432.01,0.000,0.000,0.48
robot,1790323432.51,0.000,0.000,0.50
robot,1790323433.01,0.000,0.000,0.51
robot,1790323433.51,0.000,0.000,0.51
robot,1790323434.01,0.000,0.000,0.51
robot,1790323434.51,0.000,0.000,0.50
robot,1790323435.01,0.000,0.000,0.48
robot,1790323435.51,0.000,0.000,0.49
robot,1790323436.01,0.000,0.000,0.49
robot,1790323436.51,0.000,0.000,0.49
robot,1790323437.01,0.000,0.000,0.52
robot,1790323437.51,0.000,0.000,0.52
robot,1790323438.01,0.000,0.000,0.51
robot,1790323438.51,0.000,0.000,0.52
robot,1790323439.01,0.000,0.000,0.51
robot,1790323439.51,0.000,0.000,0.51
robot,1790323440.01,0.000,0.000,0.50
robot,1790323440.51,0.000,0.000,0.50
robot,1790323441.01,0.000,0.000,0.51
robot,1790323441.51,0.000,0.000,0.51
robot,1790323442.01,0.000,0.000,0.51
robot,1790323442.51,0.000,0.000,0.51
robot,1790323443.01,0.000,0.000,0.51
robot,1790323443.51,0.000,0.000,0.50
robot,1790323444.01,0.000,0.000,0.53
robot,1790323444.51,0.000,0.000,0.54
robot,1790323445.01,0.000,0.000,0.55
robot,1790323445.51,0.000,0.000,0.55
robot,1790323446.01,0.000,0.000,0.55
robot,1790323446.51,0.000,0.000,0.56
robot,1790323447.01,0.000,0.000,0.57
robot,1790323447.51,0.000,0.000,0.59
robot,1790323448.01,0.000,0.000,0.59
robot,1790323448.51,0.000,0.000,0.59
robot,1790323449.01,0.000,0.000,0.60
robot,1790323449.51,0.000,0.000,0.58
robot,1790323450.01,0.000,0.000,0.59
robot,1790323450.51,0.000,0.000,0.58
robot,1790323451.01,0.000,0.000,0.58
robot,1790323451.51,0.000,0.000,0.57
robot,1790323452.01,0.000,0.000,0.55
robot,1790323452.51,0.000,0.000,0.56
robot,1790323453.01,0.000,0.000,0.56
robot,1790323453.51,0.000,0.000,0.58
robot,1790323454.01,0.000,0.000,0.58
robot,1790323454.51,0.000,0.000,0.58
robot,1790323455.01,0.000,0.000,0.54
robot,1790323455.51,0.000,0.000,0.56
robot,1790323456.01,0.000,0.000,0.57
robot,1790323456.51,0.000,0.000,0.56
robot,1790323457.01,0.000,0.000,0.57
robot,1790323457.51,0.000,0.000,0.57
robot,1790323458.01,0.000,0.000,0.57
robot,1790323458.51,0.000,0.000,0.56
robot,1790323459.01,0.000,0.000,0.57
robot,1790323459.51,0.000,0.000,0.57
robot,1790323460.01,0.000,0.000,0.56
robot,1790323460.51,0.000,0.000,0.56
robot,1790323461.01,0.000,0.000,0.56
robot,1790323461.51,0.000,0.000,0.58
robot,1790323462.01,0.000,0.000,0.58
robot,1790323462.51,0.000,0.000,0.58
robot,1790323463.01,0.000,0.000,0.59
robot,1790323463.51,0.000,0.000,0.59
robot,1790323464.01,0.000,0.000,0.60
robot,1790323464.51,0.000,0.000,0.60
robot,1790323465.01,0.000,0.000,0.59
robot,1790323465.51,0.000,0.000,0.59
robot,1790323466.01,0.000,0.000,0.60
robot,1790323466.51,0.000,0.000,0.60
robot,1790323467.01,0.000,0.000,0.60
robot,1790323467.51,0.000,0.000,0.61
robot,1790323468.01,0.000,0.000,0.61
robot,1790323468.51,0.000,0.000,0.63
robot,1790323469.01,0.000,0.000,0.64
robot,1790323469.51,0.000,0.000,0.64
robot,1790323470.01,0.000,0.000,0.65
robot,1790323470.51,0.000,0.000,0.66
robot,1790323471.01,0.000,0.000,0.68
robot,1790323471.51,0.000,0.000,0.68
robot,1790323472.01,0.000,0.000,0.67
robot,1790323472.51,0.000,0.000,0.67
robot,1790323473.01,0.000,0.000,0.68
robot,1790323473.51,0.000,0.000,0.69
robot,1790323474.01,0.000,0.000,0.69
robot,1790323474.51,0.000,0.000,0.71
robot,1790323475.01,0.000,0.000,0.69
robot,1790323475.51,0.000,0.000,0.69
robot,1790323476.01,0.000,0.000,0.70
robot,1790323476.51,0.000,0.000,0.72
robot,1790323477.01,0.000,0.000,0.72
robot,1790323477.51,0.000,0.000,0.71
robot,1790323478.01,0.000,0.000,0.70
robot,1790323478.51,0.000,0.000,0.71
robot,1790323479.01,0.000,0.000,0.71
robot,1790323479.51,0.000,0.000,0.72
robot,1790323480.01,0.000,0.000,0.71
robot,1790323480.51,0.000,0.000,0.70
robot,1790323481.01,0.000,0.000,0.70
robot,1790323481.51,0.000,0.000,0.71
robot,1790323482.01,0.000,0.000,0.71
robot,1790323482.51,0.000,0.000,0.71
robot,1790323483.01,0.000,0.000,0.72
robot,1790323483.51,0.000,0.000,0.74
robot,1790323484.01,0.000,0.000,0.75
robot,1790323484.51,0.000,0.000,0.73
robot,1790323485.01,0.000,0.000,0.75
robot,1790323485.51,0.000,0.000,0.75
robot,1790323486.01,0.000,0.000,0.74
robot,1790323486.51,0.000,0.000,0.75
robot,1790323487.01,0.000,0.000,0.76
robot,1790323487.51,0.000,0.000,0.77
robot,1790323488.01,0.000,0.000,0.76
robot,1790323488.51,0.000,0.000,0.77
robot,1790323489.01,0.000,0.000,0.79
robot,1790323489.51,0.000,0.000,0.79
robot,1790323490.01,0.000,0.000,0.79
robot,1790323490.51,0.000,0.000,0.78
robot,1790323491.01,0.000,0.000,0.79
robot,1790323491.51,0.000,0.000,0.79
robot,1790323492.01,0.000,0.000,0.79
robot,1790323492.51,0.000,0.000,0.78
robot,1790323493.01,0.000,0.000,0.77
robot,1790323493.51,0.000,0.000,0.78
robot,1790323494.01,0.000,0.000,0.80
robot,1790323494.51,0.000,0.000,0.80
robot,1790323495.01,0.000,0.000,0.81
robot,1790323495.51,0.000,0.000,0.81
robot,1790323496.01,0.000,0.000,0.80
robot,1790323496.51,0.000,0.000,0.80
robot,1790323497.01,0.000,0.000,0.80
robot,1790323497.51,0.000,0.000,0.79
robot,1790323498.01,0.000,0.000,0.81
robot,1790323498.51,0.000,0.000,0.81
robot,1790323499.01,0.000,0.000,0.80
robot,1790323499.51,0.000,0.000,0.80
robot,1790323500.01,0.000,0.000,0.82
robot,1790323500.51,0.000,0.000,0.83
robot,1790323501.01,0.000,0.000,0.84
robot,1790323501.51,0.000,0.000,0.84
robot,1790323502.01,0.000,0.000,0.85
robot,1790323502.51,0.000,0.000,0.85
robot,1790323503.01,0.000,0.000,0.84
robot,1790323503.51,0.000,0.000,0.84
robot,1790323504.01,0.000,0.000,0.85
robot,1790323504.51,0.000,0.000,0.84
robot,1790323505.01,0.000,0.000,0.85
robot,1790323505.51,0.000,0.000,0.84
robot,1790323506.01,0.000,0.000,0.83
robot,1790323506.51,0.000,0.000,0.83
robot,1790323507.01,0.000,0.000,0.83
robot,1790323507.51,0.000,0.000,0.82
robot,1790323508.01,0.000,0.000,0.82
robot,1790323508.51,0.000,0.000,0.82
robot,1790323509.01,0.000,0.000,0.82
robot,1790323509.51,0.000,0.000,0.81
robot,1790323510.01,0.000,0.000,0.81
robot,1790323510.51,0.000,0.000,0.80
robot,1790323511.01,0.000,0.000,0.79
robot,1790323511.51,0.000,0.000,0.79
robot,1790323512.01,0.000,0.000,0.79
robot,1790323512.51,0.000,0.000,0.81
robot,1790323513.01,0.000,0.000,0.79
robot,1790323513.51,0.000,0.000,0.80
robot,1790323514.01,0.000,0.000,0.80
robot,1790323514.51,0.000,0.000,0.81
robot,1790323515.01,0.000,0.000,0.82
robot,1790323515.51,0.000,0.000,0.82
robot,1790323516.01,0.000,0.000,0.81
robot,1790323516.51,0.000,0.000,0.83
robot,1790323517.01,0.000,0.000,0.82
robot,1790323517.51,0.000,0.000,0.83
robot,1790323518.01,0.000,0.000,0.83
robot,1790323518.51,0.000,0.000,0.82
robot,1790323519.01,0.000,0.000,0.83
robot,1790323519.51,0.000,0.000,0.83
robot,1790323520.01,0.000,0.000,0.85
robot,1790323520.51,0.000,0.000,0.85
robot,1790323521.01,0.000,0.000,0.84
robot,1790323521.51,0.000,0.000,0.84
robot,1790323522.01,0.000,0.000,0.81
robot,1790323522.51,0.000,0.000,0.81
robot,1790323523.01,0.000,0.000,0.81
robot,1790323523.51,0.000,0.000,0.82
robot,1790323524.01,0.000,0.000,0.82
robot,1790323524.50,0.000,0.000,0.80
robot,1790323525.01,0.000,0.000,0.80
robot,1790323525.51,0.000,0.000,0.81
robot,1790323526.01,0.000,0.000,0.80
robot,1790323526.51,0.000,0.000,0.78
robot,1790323527.01,0.000,0.000,0.77
robot,1790323527.51,0.000,0.000,0.76
robot,1790323528.01,0.000,0.000,0.75
robot,1790323528.51,0.000,0.000,0.76
robot,1790323529.01,0.000,0.000,0.76
robot,1790323529.51,0.000,0.000,0.75
robot,1790323530.01,0.000,0.000,0.76
robot,1790323530.51,0.000,0.000,0.76
robot,1790323531.01,0.000,0.000,0.76
robot,1790323531.51,0.000,0.000,0.77
robot,1790323532.01,0.000,0.000,0.77
robot,1790323532.51,0.000,0.000,0.78
robot,1790323533.01,0.000,0.000,0.78
robot,1790323533.51,0.000,0.000,0.77
robot,1790323534.01,0.000,0.000,0.78
robot,1790323534.51,0.000,0.000,0.77
robot,1790323535.01,0.000,0.000,0.77
robot,1790323535.51,0.000,0.000,0.78
robot,1790323536.01,0.000,0.000,0.80
robot,1790323536.51,0.000,0.000,0.80
robot,1790323537.01,0.000,0.000,0.80
robot,1790323537.51,0.000,0.000,0.80
robot,1790323538.01,0.000,0.000,0.78
robot,1790323538.51,0.000,0.000,0.77
robot,1790323539.01,0.000,0.000,0.78
robot,1790323539.51,0.000,0.000,0.78
robot,1790323540.01,0.000,0.000,0.78
robot,1790323540.51,0.000,0.000,0.78
robot,1790323541.01,0.000,0.000,0.77
robot,1790323541.51,0.000,0.000,0.76
robot,1790323542.01,0.000,0.000,0.76
robot,1790323542.51,0.000,0.000,0.76
robot,1790323543.01,0.000,0.000,0.75
robot,1790323543.51,0.000,0.000,0.74
robot,1790323544.01,0.000,0.000,0.74
robot,1790323544.51,0.000,0.000,0.74
robot,1790323547.15,0.000,0.000,0.77
robot,1790323547.51,0.000,0.000,0.77
robot,1790323548.01,0.000,0.000,0.77
robot,1790323548.51,0.000,0.000,0.75
robot,1790323549.01,0.000,0.000,0.77
robot,1790323549.51,0.000,0.000,0.77
robot,1790323550.01,0.000,0.000,0.77
robot,1790323550.51,0.000,0.000,0.76
robot,1790323551.01,0.000,0.000,0.74
robot,1790323551.51,0.000,0.000,0.74
robot,1790323552.01,0.000,0.000,0.74
robot,1790323552.51,0.000,0.000,0.74
robot,1790323553.01,0.000,0.000,0.74
robot,1790323553.51,0.000,0.000,0.73
robot,1790323554.01,0.000,0.000,0.73
robot,1790323554.51,0.000,0.000,0.72
robot,1790323555.01,0.000,0.000,0.73
robot,1790323555.51,0.000,0.000,0.72
robot,1790323556.01,0.000,0.000,0.73
robot,1790323556.51,0.000,0.000,0.73
robot,1790323557.01,0.000,0.000,0.71
robot,1790323557.51,0.000,0.000,0.70
robot,1790323558.01,0.000,0.000,0.71
robot,1790323558.51,0.000,0.000,0.70
robot,1790323559.01,0.000,0.000,0.68
robot,1790323559.51,0.000,0.000,0.68
robot,1790323560.01,0.000,0.000,0.67
robot,1790323560.51,0.000,0.000,0.65
robot,1790323561.01,0.000,0.000,0.64
robot,1790323561.51,0.000,0.000,0.64
robot,1790323562.01,0.000,0.000,0.64
robot,1790323562.51,0.000,0.000,0.63
robot,1790323563.01,0.000,0.000,0.63
robot,1790323563.51,0.000,0.000,0.61
robot,1790323564.01,0.000,0.000,0.60
robot,1790323564.51,0.000,0.000,0.59
robot,1790323565.01,0.000,0.000,0.59
robot,1790323565.51,0.000,0.000,0.60
robot,1790323566.01,0.000,0.000,0.61
robot,1790323566.51,0.000,0.000,0.63
robot,1790323567.01,0.000,0.000,0.62
robot,1790323567.51,0.000,0.000,0.63
robot,1790323568.01,0.000,0.000,0.62
robot,1790323568.51,0.000,0.000,0.63
robot,1790323569.01,0.000,0.000,0.62
robot,1790323569.51,0.000,0.000,0.63
robot,1790323570.01,0.000,0.000,0.63
robot,1790323570.51,0.000,0.000,0.62
robot,1790323571.01,0.000,0.000,0.62
robot,1790323571.51,0.000,0.000,0.61
robot,1790323572.01,0.000,0.000,0.63
robot,1790323572.51,0.000,0.000,0.62
robot,1790323573.01,0.000,0.000,0.61
robot,1790323573.51,0.000,0.000,0.61
robot,1790323574.01,0.000,0.000,0.60
robot,1790323574.51,0.000,0.000,0.61
robot,1790323575.01,0.000,0.000,0.61
robot,1790323575.51,0.000,0.000,0.62
robot,1790323578.29,0.000,0.000,0.64
robot,1790323578.51,0.000,0.000,0.64
robot,1790323579.01,0.000,0.000,0.64
robot,1790323579.51,0.000,0.000,0.62
robot,1790323580.01,0.000,0.000,0.63
robot,1790323580.51,0.000,0.000,0.63
robot,1790323581.01,0.000,0.000,0.62
robot,1790323581.51,0.000,0.000,0.63
robot,1790323582.01,0.000,0.000,0.61
robot,1790323582.51,0.000,0.000,0.61
robot,1790323583.01,0.000,0.000,0.61
robot,1790323583.51,0.000,0.000,0.62
robot,1790323584.01,0.000,0.000,0.62
robot,1790323584.51,0.000,0.000,0.63
robot,1790323585.01,0.000,0.000,0.63
robot,1790323585.51,0.000,0.000,0.64
robot,1790323586.01,0.000,0.000,0.63
robot,1790323586.51,0.000,0.000,0.62
robot,1790323587.01,0.000,0.000,0.62
robot,1790323587.51,0.000,0.000,0.60
robot,1790323588.01,0.000,0.000,0.61
robot,1790323588.51,0.000,0.000,0.60
robot,1790323589.01,0.000,0.000,0.57
robot,1790323589.51,0.000,0.000,0.56
robot,1790323590.01,0.000,0.000,0.57
robot,1790323590.51,0.000,0.000,0.56
robot,1790323591.01,0.000,0.000,0.57
robot,1790323591.51,0.000,0.000,0.57
robot,1790323592.01,0.000,0.000,0.57
robot,1790323592.51,0.000,0.000,0.58
robot,1790323593.01,0.000,0.000,0.58
robot,1790323593.51,0.000,0.000,0.57
robot,1790323594.01,0.000,0.000,0.57
robot,1790323594.51,0.000,0.000,0.56
robot,1790323595.01,0.000,0.000,0.59
robot,1790323595.51,0.000,0.000,0.58
robot,1790323596.01,0.000,0.000,0.55
robot,1790323596.51,0.000,0.000,0.56
robot,1790323597.01,0.000,0.000,0.55
robot,1790323597.51,0.000,0.000,0.56
robot,1790323598.01,0.000,0.000,0.55
robot,1790323598.51,0.000,0.000,0.56
robot,1790323599.01,0.000,0.000,0.55
robot,1790323599.51,0.000,0.000,0.54
robot,1790323600.01,0.000,0.000,0.56
robot,1790323600.51,0.000,0.000,0.56
robot,1790323601.01,0.000,0.000,0.56
robot,1790323601.51,0.000,0.000,0.56
robot,1790323602.01,0.000,0.000,0.57
robot,1790323602.51,0.000,0.000,0.57
robot,1790323603.01,0.000,0.000,0.56
robot,1790323603.51,0.000,0.000,0.56
robot,1790323604.01,0.000,0.000,0.55
robot,1790323604.51,0.000,0.000,0.55
robot,1790323605.01,0.000,0.000,0.53
robot,1790323605.51,0.000,0.000,0.52
robot,1790323606.01,0.000,0.000,0.52
robot,1790323606.51,0.000,0.000,0.52
robot,1790323607.01,0.000,0.000,0.50
robot,1790323607.51,0.000,0.000,0.51
robot,1790323608.01,0.000,0.000,0.51
robot,1790323608.51,0.000,0.000,0.51
robot,1790323609.01,0.000,0.000,0.50
robot,1790323609.51,0.000,0.000,0.51
robot,1790323610.01,0.000,0.000,0.51
robot,1790323610.51,0.000,0.000,0.52
robot,1790323611.01,0.000,0.000,0.50
robot,1790323611.51,0.000,0.000,0.50
robot,1790323612.01,0.000,0.000,0.51
robot,1790323612.51,0.000,0.000,0.51
robot,1790323613.01,0.000,0.000,0.51
robot,1790323613.51,0.000,0.000,0.52
robot,1790323614.01,0.000,0.000,0.52
robot,1790323614.51,0.000,0.000,0.51
robot,1790323615.01,0.000,0.000,0.51
robot,1790323615.51,0.000,0.000,0.50
robot,1790323616.01,0.000,0.000,0.50
robot,1790323616.51,0.000,0.000,0.48
robot,1790323617.01,0.000,0.000,0.47
robot,1790323617.51,0.000,0.000,0.46
robot,1790323618.01,0.000,0.000,0.46
robot,1790323618.51,0.000,0.000,0.46
robot,1790323619.01,0.000,0.000,0.47
robot,1790323619.51,0.000,0.000,0.46
robot,1790323620.01,0.000,0.000,0.47
robot,1790323620.51,0.000,0.000,0.46
robot,1790323621.01,0.000,0.000,0.46
robot,1790323621.51,0.000,0.000,0.47
robot,1790323622.01,0.000,0.000,0.46
robot,1790323622.51,0.000,0.000,0.47
robot,1790323623.01,0.000,0.000,0.46
robot,1790323623.51,0.000,0.000,0.48
robot,1790323624.01,0.000,0.000,0.46
robot,1790323624.51,0.000,0.000,0.47
robot,1790323625.01,0.000,0.000,0.47
robot,1790323625.51,0.000,0.000,0.47
robot,1790323626.01,0.000,0.000,0.47
robot,1790323626.51,0.000,0.000,0.46
robot,1790323627.01,0.000,0.000,0.45
robot,1790323627.51,0.000,0.000,0.46
robot,1790323628.01,0.000,0.000,0.46
robot,1790323628.51,0.000,0.000,0.45
robot,1790323629.01,0.000,0.000,0.43
robot,1790323629.51,0.000,0.000,0.44
robot,1790323630.01,0.000,0.000,0.44
robot,1790323630.51,0.000,0.000,0.43
robot,1790323631.01,0.000,0.000,0.43
robot,1790323631.51,0.000,0.000,0.43
robot,1790323632.01,0.000,0.000,0.42
robot,1790323632.51,0.000,0.000,0.42
robot,1790323633.01,0.000,0.000,0.42
robot,1790323633.51,0.000,0.000,0.41
robot,1790323634.01,0.000,0.000,0.43
robot,1790323634.51,0.000,0.000,0.43
robot,1790323635.01,0.000,0.000,0.44
robot,1790323635.51,0.000,0.000,0.44
robot,1790323636.01,0.000,0.000,0.44
robot,1790323636.51,0.000,0.000,0.42
robot,1790323637.01,0.000,0.000,0.42
robot,1790323637.51,0.000,0.000,0.42
robot,1790323638.01,0.000,0.000,0.43
robot,1790323638.51,0.000,0.000,0.42
robot,1790323639.01,0.000,0.000,0.40
robot,1790323639.51,0.000,0.000,0.38
robot,1790323640.01,0.000,0.000,0.39
robot,1790323640.51,0.000,0.000,0.40
robot,1790323641.01,0.000,0.000,0.40
robot,1790323641.51,0.000,0.000,0.40
robot,1790323642.01,0.000,0.000,0.38
robot,1790323642.51,0.000,0.000,0.38
robot,1790323643.01,0.000,0.000,0.39
robot,1790323643.51,0.000,0.000,0.39
robot,1790323644.01,0.000,0.000,0.39
robot,1790323644.51,0.000,0.000,0.40
robot,1790323645.01,0.000,0.000,0.39
robot,1790323645.51,0.000,0.000,0.39
robot,1790323646.01,0.000,0.000,0.38
robot,1790323646.51,0.000,0.000,0.37
robot,1790323647.01,0.000,0.000,0.37
robot,1790323647.51,0.000,0.000,0.39
robot,1790323648.01,0.000,0.000,0.39
robot,1790323648.51,0.000,0.000,0.38
robot,1790323649.01,0.000,0.000,0.37
robot,1790323649.51,0.000,0.000,0.36
robot,1790323650.01,0.000,0.000,0.36
robot,1790323650.51,0.000,0.000,0.36
robot,1790323651.01,0.000,0.000,0.34
robot,1790323651.51,0.000,0.000,0.36
robot,1790323652.01,0.000,0.000,0.35
robot,1790323652.51,0.000,0.000,0.37
robot,1790323653.01,0.000,0.000,0.37
robot,1790323653.51,0.000,0.000,0.37
robot,1790323654.01,0.000,0.000,0.39
robot,1790323654.51,0.000,0.000,0.38
robot,1790323655.01,0.000,0.000,0.38
robot,1790323655.51,0.000,0.000,0.37
robot,1790323656.01,0.000,0.000,0.37
robot,1790323656.51,0.000,0.000,0.37
robot,1790323657.01,0.000,0.000,0.37
robot,1790323657.51,0.000,0.000,0.36
robot,1790323658.01,0.000,0.000,0.36
robot,1790323658.51,0.000,0.000,0.36
robot,1790323659.01,0.000,0.000,0.35
robot,1790323659.51,0.000,0.000,0.34
robot,1790323660.01,0.000,0.000,0.34
robot,1790323660.51,0.000,0.000,0.34
robot,1790323661.01,0.000,0.000,0.32
robot,1790323661.51,0.000,0.000,0.33
robot,1790323662.01,0.000,0.000,0.33
robot,1790323662.51,0.000,0.000,0.32
robot,1790323663.01,0.000,0.000,0.32
robot,1790323663.51,0.000,0.000,0.34
robot,1790323664.01,0.000,0.000,0.33
robot,1790323664.51,0.000,0.000,0.35
robot,1790323665.01,-0.000,-0.000,1.56
robot,1790323665.51,0.000,0.000,8.42
robot,1790323666.01,0.000,0.000,15.60
robot,1790323666.51,-0.000,0.000,23.01
robot,1790323667.01,-0.000,0.000,30.32
robot,1790323667.51,-0.001,-0.001,37.46
robot,1790323668.01,-0.001,-0.000,44.63
robot,1790323668.51,-0.001,-0.000,51.36
robot,1790323669.01,-0.000,0.000,58.20
robot,1790323669.51,-0.000,0.000,64.89
robot,1790323670.01,-0.000,0.000,71.73
robot,1790323670.51,-0.000,0.001,78.38
robot,1790323671.01,-0.001,-0.001,85.05
robot,1790323671.51,-0.001,0.000,88.24
robot,1790323672.01,-0.000,0.001,88.21
robot,1790323672.51,-0.000,0.001,88.21
robot,1790323673.01,-0.000,0.001,88.20
robot,1790323673.51,-0.001,0.001,88.50
robot,1790323674.01,-0.000,0.001,88.96
robot,1790323674.51,-0.000,0.001,89.44
robot,1790323675.01,-0.000,0.001,89.01
robot,1790323675.51,-0.000,0.001,89.00
robot,1790323676.01,-0.000,0.001,88.96
robot,1790323676.51,-0.000,0.001,88.95
robot,1790323677.01,-0.000,0.001,88.95
robot,1790323677.51,-0.000,0.001,88.93
robot,1790323678.01,-0.000,0.001,88.94
robot,1790323678.51,-0.000,0.001,88.94
robot,1790323679.01,-0.000,0.001,88.95
robot,1790323679.51,-0.000,0.001,88.96
robot,1790323680.01,-0.000,0.001,88.95
robot,1790323680.51,-0.000,0.001,88.96
robot,1790323681.01,-0.000,0.001,88.95
robot,1790323681.51,-0.000,0.001,88.95
robot,1790323682.01,-0.000,0.001,88.94
robot,1790323682.51,-0.000,0.001,88.94
robot,1790323683.01,-0.000,0.001,88.93
robot,1790323683.51,-0.000,0.001,88.94
robot,1790323684.01,-0.000,0.001,88.93
robot,1790323684.51,-0.000,0.001,88.92
robot,1790323685.01,-0.000,0.001,88.92
robot,1790323685.51,-0.000,0.001,88.94
robot,1790323686.01,-0.000,0.001,88.94
robot,1790323686.51,-0.000,0.001,88.94
robot,1790323687.01,-0.000,0.001,88.94
robot,1790323687.51,-0.000,0.001,88.94
robot,1790323688.01,-0.000,0.001,88.96
robot,1790323688.51,-0.000,0.001,88.96
robot,1790323689.01,-0.000,0.001,88.97
robot,1790323689.51,-0.000,0.001,88.96
robot,1790323690.01,-0.000,0.001,88.94
robot,1790323690.51,-0.000,0.001,88.94
robot,1790323691.01,-0.000,0.001,88.94
robot,1790323691.51,-0.000,0.001,88.95
robot,1790323692.01,-0.000,0.001,88.94
robot,1790323692.51,-0.000,0.001,88.94
robot,1790323693.01,-0.000,0.001,88.95
robot,1790323693.51,-0.000,0.001,88.95
robot,1790323694.01,-0.000,0.001,88.96
robot,1790323694.51,-0.000,0.001,88.95
robot,1790323695.01,-0.000,0.001,88.94
robot,1790323695.51,-0.000,0.001,88.94
robot,1790323696.01,-0.000,0.001,88.94
robot,1790323696.51,-0.000,0.001,88.92
robot,1790323697.01,-0.000,0.001,88.91
robot,1790323697.51,-0.000,0.001,88.91
robot,1790323698.01,-0.000,0.001,88.94
robot,1790323698.51,-0.000,0.001,88.94
robot,1790323699.01,-0.000,0.001,88.93
robot,1790323699.51,-0.000,0.001,88.90
robot,1790323700.01,-0.000,0.001,88.90
robot,1790323700.51,-0.000,0.001,88.91
robot,1790323701.01,-0.000,0.001,88.91
robot,1790323701.51,-0.000,0.001,88.90
robot,1790323702.01,-0.000,0.001,88.90
robot,1790323702.51,-0.000,0.001,88.89
robot,1790323703.01,-0.000,0.001,88.87
robot,1790323703.51,-0.000,0.001,88.86
robot,1790323704.01,-0.000,0.001,88.85
robot,1790323704.51,-0.000,0.001,88.86
robot,1790323705.01,-0.000,0.001,88.86
robot,1790323705.51,-0.000,0.001,88.85
robot,1790323706.01,-0.000,0.001,88.84
robot,1790323706.51,-0.000,0.001,88.82
robot,1790323707.01,-0.000,0.001,88.81
robot,1790323707.51,-0.000,0.001,88.79
robot,1790323708.01,-0.000,0.001,88.79
robot,1790323708.51,-0.000,0.001,88.78
robot,1790323709.01,-0.000,0.001,88.77
robot,1790323709.51,-0.000,0.001,88.76
robot,1790323710.01,-0.000,0.001,88.76
robot,1790323710.51,-0.000,0.001,88.75
robot,1790323711.01,-0.000,0.001,88.74
robot,1790323711.51,-0.000,0.001,88.73
robot,1790323712.01,-0.000,0.001,88.73
robot,1790323712.51,-0.000,0.001,88.71
robot,1790323713.01,-0.000,0.001,88.70
robot,1790323713.51,-0.000,0.001,88.69
robot,1790323714.01,-0.000,0.001,88.69
robot,1790323714.51,-0.000,0.001,88.69
robot,1790323715.01,-0.000,0.001,88.68
robot,1790323715.51,-0.000,0.001,88.66
robot,1790323716.01,-0.000,0.001,88.65
robot,1790323716.51,-0.000,0.001,88.66
robot,1790323717.01,-0.000,0.001,88.65
robot,1790323717.51,-0.000,0.001,88.64
robot,1790323718.01,-0.000,0.001,88.64
robot,1790323718.51,-0.000,0.001,88.63
robot,1790323719.01,-0.000,0.001,88.64
robot,1790323719.51,-0.000,0.001,88.64
robot,1790323720.01,-0.000,0.001,88.63
robot,1790323720.51,-0.000,0.001,88.62
robot,1790323721.01,-0.000,0.001,88.61
robot,1790323721.51,-0.000,0.001,88.63
robot,1790323722.01,-0.000,0.001,88.64
robot,1790323722.51,-0.000,0.001,88.64
robot,1790323723.01,-0.000,0.001,88.62
robot,1790323723.51,-0.000,0.001,88.62
robot,1790323724.01,-0.000,0.001,88.61
robot,1790323724.51,-0.000,0.001,88.60
robot,1790323725.01,-0.000,0.001,88.61
robot,1790323725.51,-0.000,0.001,88.60
robot,1790323726.01,-0.000,0.001,88.60
robot,1790323726.51,-0.000,0.001,88.61
robot,1790323727.01,-0.000,0.001,88.61
robot,1790323727.51,-0.000,0.001,88.60
robot,1790323728.01,-0.000,0.001,88.60
robot,1790323728.51,-0.000,0.001,88.58
robot,1790323729.01,-0.000,0.001,88.58
robot,1790323729.51,-0.000,0.001,88.58
robot,1790323730.01,-0.000,0.001,88.59
robot,1790323730.51,-0.000,0.001,88.58
robot,1790323731.01,-0.000,0.001,88.58
robot,1790323731.51,-0.000,0.001,88.58
robot,1790323732.01,-0.000,0.001,88.57
robot,1790323732.51,-0.000,0.001,88.59
robot,1790323733.01,-0.000,0.001,88.60
robot,1790323733.51,-0.000,0.001,88.60
robot,1790323734.01,-0.000,0.001,88.56
robot,1790323734.51,-0.000,0.001,88.57
robot,1790323735.01,-0.000,0.001,88.56
robot,1790323735.51,-0.000,0.001,88.56
robot,1790323736.01,-0.000,0.001,88.56
robot,1790323736.51,-0.000,0.001,88.56
robot,1790323737.01,-0.000,0.001,88.55
robot,1790323737.51,-0.000,0.001,88.58
robot,1790323738.01,-0.000,0.001,88.58
robot,1790323738.51,-0.000,0.001,88.57
robot,1790323739.01,-0.000,0.001,88.57
robot,1790323739.51,-0.000,0.001,88.56
robot,1790323740.01,-0.000,0.001,88.54
robot,1790323740.51,-0.000,0.001,88.52
robot,1790323741.01,-0.000,0.001,88.53
robot,1790323741.51,-0.000,0.001,88.53
robot,1790323742.01,-0.000,0.001,88.53
robot,1790323742.51,-0.000,0.001,88.54
robot,1790323743.01,-0.000,0.001,88.52
robot,1790323743.51,-0.000,0.001,88.55
robot,1790323744.01,-0.000,0.001,88.55
robot,1790323744.51,-0.000,0.001,88.56
robot,1790323745.01,-0.000,0.001,88.55
robot,1790323745.51,-0.000,0.001,88.55
robot,1790323746.01,-0.000,0.001,88.55
robot,1790323746.51,-0.000,0.001,88.54
robot,1790323747.01,-0.000,0.001,88.54
robot,1790323747.51,-0.000,0.001,88.54
robot,1790323748.01,-0.000,0.001,88.53
robot,1790323748.51,-0.000,0.001,88.51
robot,1790323749.01,-0.000,0.001,88.52
robot,1790323749.51,-0.000,0.001,88.50
robot,1790323750.01,-0.000,0.001,88.50
robot,1790323750.51,-0.000,0.001,88.49
robot,1790323751.01,-0.000,0.001,88.50
robot,1790323751.51,-0.000,0.001,88.50
robot,1790323752.01,-0.000,0.001,88.48
robot,1790323752.51,-0.000,0.001,88.47
robot,1790323753.01,-0.000,0.001,88.46
robot,1790323753.51,-0.000,0.001,88.46
robot,1790323754.01,-0.000,0.001,88.45
robot,1790323754.51,-0.001,0.001,87.83
robot,1790323755.01,-0.001,0.001,79.71
robot,1790323755.51,-0.001,0.001,70.40
robot,1790323756.01,-0.000,0.002,61.01
robot,1790323756.51,-0.000,0.002,51.75
robot,1790323757.01,-0.001,0.000,42.95
robot,1790323757.51,-0.001,0.000,33.99
robot,1790323758.01,-0.001,0.001,24.93
robot,1790323758.51,-0.001,0.001,16.04
robot,1790323759.01,-0.000,0.001,14.01
robot,1790323759.51,0.001,0.001,12.77
robot,1790323760.01,0.001,0.001,8.47
robot,1790323760.51,0.001,0.001,6.67
robot,1790323761.01,0.002,0.001,6.40
robot,1790323761.51,0.001,0.001,4.33
robot,1790323762.01,0.001,0.001,2.20
robot,1790323762.51,0.001,0.001,0.71
robot,1790323763.01,0.002,0.001,0.83
robot,1790323763.51,0.002,0.001,0.83
robot,1790323764.01,0.002,0.001,0.81
robot,1790323764.51,0.002,0.001,0.81
robot,1790323765.01,0.002,0.001,0.82
robot,1790323765.51,0.002,0.001,0.83
robot,1790323766.01,0.002,0.001,0.84
robot,1790323766.51,0.002,0.001,0.84
robot,1790323767.01,0.002,0.001,0.83
robot,1790323767.51,0.002,0.001,0.83
robot,1790323768.01,0.002,0.001,0.84
robot,1790323768.51,0.002,0.001,0.84
robot,1790323769.01,0.002,0.001,0.83
robot,1790323769.51,0.002,0.001,0.85
robot,1790323770.01,0.002,0.001,0.85
robot,1790323770.51,0.002,0.001,0.84
robot,1790323771.01,0.002,0.001,0.85
robot,1790323771.51,0.002,0.001,0.86
robot,1790323772.01,0.002,0.001,0.87
robot,1790323772.51,0.002,0.001,0.86
robot,1790323773.01,0.002,0.001,0.84
robot,1790323773.51,0.002,0.001,0.84
robot,1790323774.01,0.002,0.001,0.83
robot,1790323774.51,0.002,0.001,0.81
robot,1790323775.01,0.002,0.001,0.82
robot,1790323775.51,0.002,0.001,0.81
robot,1790323776.01,0.002,0.001,0.79
robot,1790323776.51,0.002,0.001,0.78
robot,1790323777.01,0.002,0.001,0.77
robot,1790323777.51,0.002,0.001,0.75
robot,1790323778.01,0.002,0.001,0.75
robot,1790323778.51,0.002,0.001,0.74
robot,1790323779.01,0.002,0.001,0.74
robot,1790323779.51,0.002,0.001,0.74
robot,1790323780.01,0.002,0.001,0.74
robot,1790323780.51,0.002,0.001,0.74
robot,1790323781.01,0.002,0.001,0.74
robot,1790323781.51,0.002,0.001,0.74
robot,1790323782.01,0.002,0.001,0.74
robot,1790323782.51,0.002,0.001,0.76
robot,1790323783.01,0.002,0.001,0.75
robot,1790323783.51,0.002,0.001,0.77
robot,1790323784.01,0.002,0.001,0.78
robot,1790323784.51,0.002,0.001,0.77
robot,1790323785.01,0.002,0.001,0.77
robot,1790323785.51,0.002,0.001,0.79
robot,1790323786.01,0.002,0.001,0.79
robot,1790323786.51,0.002,0.001,0.79
robot,1790323787.01,0.002,0.001,0.78
robot,1790323787.51,0.002,0.001,0.78
robot,1790323788.01,0.002,0.001,0.79
robot,1790323788.51,0.002,0.001,0.78
robot,1790323789.01,0.002,0.001,0.76
robot,1790323789.51,0.002,0.001,0.74
robot,1790323790.01,0.002,0.001,0.74
robot,1790323790.51,0.002,0.001,0.74
robot,1790323791.01,0.002,0.001,0.74
robot,1790323791.51,0.002,0.001,0.73
robot,1790323792.01,0.002,0.001,0.72
robot,1790323792.51,0.002,0.001,0.73
robot,1790323793.01,0.002,0.001,0.72
robot,1790323793.51,0.002,0.001,0.72
robot,1790323794.01,0.002,0.001,0.72
robot,1790323794.51,0.002,0.001,0.72
robot,1790323795.01,0.002,0.001,0.71
robot,1790323795.51,0.002,0.001,0.71
robot,1790323796.01,0.002,0.001,0.70
robot,1790323796.51,0.002,0.001,0.72
robot,1790323797.01,0.002,0.001,0.73
robot,1790323797.51,0.002,0.001,0.73
robot,1790323798.01,0.002,0.001,0.73
robot,1790323798.51,0.002,0.001,0.72
robot,1790323799.01,0.002,0.001,0.74
robot,1790323799.51,0.002,0.001,0.73
robot,1790323800.01,0.002,0.001,0.76
robot,1790323800.51,0.002,0.001,0.76
robot,1790323801.01,0.002,0.001,0.74
robot,1790323801.51,0.002,0.001,0.74
robot,1790323802.01,0.002,0.001,0.75
robot,1790323802.51,0.002,0.001,0.75
robot,1790323803.01,0.002,0.001,0.74
robot,1790323803.51,0.002,0.001,0.73
robot,1790323804.01,0.002,0.001,0.73
robot,1790323804.51,0.002,0.001,0.73
robot,1790323805.01,0.002,0.001,0.73
robot,1790323805.51,0.002,0.001,0.73
robot,1790323806.01,0.002,0.001,0.73
robot,1790323806.51,0.002,0.001,0.73
robot,1790323807.01,0.002,0.001,0.74
robot,1790323807.51,0.002,0.001,0.73
robot,1790323808.01,0.002,0.001,0.74
robot,1790323808.51,0.002,0.001,0.74
robot,1790323809.01,0.002,0.001,0.75
robot,1790323809.51,0.002,0.001,0.75
robot,1790323810.01,0.002,0.001,0.75
robot,1790323810.51,0.002,0.001,0.74
robot,1790323811.01,0.002,0.001,0.74
robot,1790323811.51,0.002,0.001,0.73
robot,1790323812.01,0.002,0.001,0.73
robot,1790323812.51,0.002,0.001,0.73
robot,1790323813.01,0.002,0.001,0.74
robot,1790323813.51,0.002,0.001,0.77
robot,1790323814.01,0.002,0.001,0.76
robot,1790323814.51,0.002,0.001,0.75
robot,1790323815.01,0.002,0.001,0.74
robot,1790323815.51,0.002,0.001,0.76
robot,1790323816.01,0.002,0.001,0.76
robot,1790323816.51,0.002,0.001,0.75
robot,1790323817.01,0.002,0.001,0.74
robot,1790323817.51,0.002,0.001,0.76
robot,1790323818.01,0.002,0.001,0.78
robot,1790323818.51,0.002,0.001,0.78
robot,1790323819.01,0.002,0.001,0.77
robot,1790323819.51,0.002,0.001,0.79
robot,1790323820.01,0.002,0.001,0.80
robot,1790323820.51,0.002,0.001,0.78
robot,1790323821.01,0.002,0.001,0.78
robot,1790323821.51,0.002,0.001,0.78
robot,1790323822.01,0.002,0.001,0.78
robot,1790323822.51,0.002,0.001,0.76
robot,1790323823.01,0.002,0.001,0.76
robot,1790323823.51,0.002,0.001,0.77
robot,1790323824.01,0.002,0.001,0.75
robot,1790323824.51,0.002,0.001,0.75
robot,1790323825.01,0.002,0.001,0.77
robot,1790323825.51,0.002,0.001,0.77
robot,1790323826.01,0.002,0.001,0.78
robot,1790323826.51,0.002,0.001,0.78
robot,1790323827.01,0.002,0.001,0.79
robot,1790323827.51,0.002,0.001,0.81
robot,1790323828.01,0.002,0.001,0.82
robot,1790323828.51,0.002,0.001,0.81
robot,1790323829.01,0.002,0.001,0.81
robot,1790323829.51,0.002,0.001,0.82
robot,1790323830.01,0.002,0.001,0.82
robot,1790323830.51,0.002,0.001,0.83
robot,1790323831.01,0.002,0.001,0.84
robot,1790323831.51,0.002,0.001,0.84
robot,1790323832.01,0.002,0.001,0.83
robot,1790323832.51,0.002,0.001,0.81
robot,1790323833.01,0.002,0.001,0.82
robot,1790323833.51,0.002,0.001,0.82
robot,1790323834.01,0.002,0.001,0.81
robot,1790323834.51,0.002,0.001,0.81
robot,1790323835.01,0.002,0.001,0.80
robot,1790323835.51,0.002,0.001,0.79
robot,1790323836.01,0.002,0.001,0.79
robot,1790323836.51,0.002,0.001,0.80
robot,1790323837.01,0.002,0.001,0.81
robot,1790323837.51,0.002,0.001,0.84
robot,1790323838.01,0.002,0.001,0.85
robot,1790323838.51,0.002,0.001,0.85
robot,1790323839.01,0.002,0.001,0.85
robot,1790323839.51,0.002,0.001,0.86
robot,1790323840.01,0.002,0.001,0.87
robot,1790323840.51,0.002,0.001,0.85
robot,1790323841.01,0.002,0.001,0.84
robot,1790323841.51,0.002,0.001,0.84
robot,1790323842.01,0.002,0.001,0.85
robot,1790323842.51,0.002,0.001,0.86
robot,1790323843.01,0.002,0.001,0.86
robot,1790323843.51,0.002,0.001,0.85
robot,1790323844.01,0.002,0.001,0.85
robot,1790323844.51,0.002,0.001,0.85
robot,1790323845.01,0.002,0.001,0.85
robot,1790323845.51,0.002,0.001,0.85
robot,1790323846.01,0.002,0.001,0.87
robot,1790323846.51,0.002,0.001,0.86
robot,1790323847.01,0.002,0.001,0.85
robot,1790323847.51,0.002,0.001,0.86
robot,1790323848.01,0.002,0.001,0.88
robot,1790323848.51,0.002,0.001,0.89
robot,1790323849.01,0.002,0.001,0.88
robot,1790323849.51,0.002,0.001,0.89
robot,1790323850.01,0.002,0.001,0.88
robot,1790323850.51,0.002,0.001,0.88
robot,1790323851.01,0.002,0.001,0.88
robot,1790323851.51,0.002,0.001,0.88
robot,1790323852.01,0.002,0.001,0.90
robot,1790323852.51,0.002,0.001,0.90
robot,1790323853.01,0.002,0.001,0.93
robot,1790323853.51,0.002,0.001,0.94
robot,1790323854.01,0.002,0.001,0.94
robot,1790323854.51,0.002,0.001,0.93
robot,1790323855.01,0.002,0.001,0.95
robot,1790323855.51,0.002,0.001,0.95
robot,1790323856.01,0.002,0.001,0.94
robot,1790323856.51,0.002,0.001,0.94
robot,1790323857.01,0.002,0.001,0.93
robot,1790323857.51,0.002,0.001,0.95
robot,1790323858.01,0.002,0.001,0.94
robot,1790323858.51,0.002,0.001,0.95
robot,1790323859.01,0.002,0.001,0.95
robot,1790323859.51,0.002,0.001,0.96
robot,1790323860.01,0.002,0.001,0.97
robot,1790323860.51,0.002,0.001,0.96
robot,1790323861.01,0.002,0.001,0.96
robot,1790323861.51,0.002,0.001,0.98
robot,1790323862.01,0.002,0.001,0.99
robot,1790323862.51,0.002,0.001,0.98
robot,1790323863.01,0.002,0.001,0.97
robot,1790323863.51,0.002,0.001,0.97
robot,1790323864.01,0.002,0.001,0.97
robot,1790323864.51,0.002,0.001,0.98
robot,1790323865.01,0.002,0.001,1.00
robot,1790323865.51,0.002,0.001,1.01
robot,1790323866.01,0.002,0.001,1.02
robot,1790323866.51,0.002,0.001,1.02
robot,1790323867.01,0.002,0.001,1.05
robot,1790323867.51,0.002,0.001,1.07
robot,1790323868.01,0.002,0.001,1.06
robot,1790323868.51,0.002,0.001,1.07
robot,1790323869.01,0.002,0.001,1.06
robot,1790323869.51,0.002,0.001,1.04
robot,1790323870.01,0.002,0.001,1.03
robot,1790323870.51,0.002,0.001,1.02
robot,1790323871.01,0.002,0.001,1.01
robot,1790323871.51,0.002,0.001,1.00
robot,1790323872.01,0.002,0.001,1.00
robot,1790323872.51,0.002,0.001,0.99
robot,1790323873.01,0.002,0.001,0.98
robot,1790323873.51,0.002,0.001,0.97
robot,1790323874.01,0.002,0.001,1.00
robot,1790323874.51,0.002,0.001,1.00
robot,1790323875.01,0.002,0.001,0.99
robot,1790323875.51,0.002,0.001,0.99
robot,1790323876.01,0.002,0.001,1.01
robot,1790323876.51,0.002,0.001,1.01
robot,1790323877.01,0.002,0.001,1.02
robot,1790323877.51,0.002,0.001,1.01
robot,1790323878.01,0.002,0.001,1.00
robot,1790323878.51,0.002,0.001,1.00
robot,1790323879.01,0.002,0.001,0.99
robot,1790323879.51,0.002,0.001,1.00
robot,1790323880.01,0.002,0.001,1.02
robot,1790323880.51,0.002,0.001,1.04
robot,1790323881.01,0.002,0.001,1.04
robot,1790323881.51,0.002,0.001,1.02
robot,1790323882.01,0.002,0.001,1.01
robot,1790323882.51,0.002,0.001,1.00
robot,1790323883.01,0.002,0.001,0.99
robot,1790323883.51,0.002,0.001,0.99
robot,1790323884.01,0.002,0.001,1.01
robot,1790323884.51,0.002,0.001,1.01
robot,1790323885.01,0.002,0.001,1.01
robot,1790323885.51,0.002,0.001,1.84
robot,1790323886.01,0.002,0.001,6.23
robot,1790323886.51,0.003,0.001,11.65
robot,1790323887.01,0.002,0.001,17.19
robot,1790323887.51,0.002,0.001,22.91
robot,1790323888.01,0.002,0.001,28.47
robot,1790323888.51,0.002,0.001,33.91
robot,1790323889.01,0.003,0.002,39.53
robot,1790323889.51,0.003,0.002,44.96
robot,1790323890.01,0.002,0.001,50.39
robot,1790323890.51,0.003,0.002,55.94
robot,1790323891.01,0.003,0.001,61.45
robot,1790323891.51,0.003,0.002,67.05
robot,1790323892.01,0.002,0.000,72.58
robot,1790323892.51,0.002,0.001,78.06
robot,1790323893.01,0.002,-0.001,83.47
robot,1790323893.51,0.002,-0.001,88.84
robot,1790323894.01,0.002,-0.001,90.90
robot,1790323894.51,0.002,-0.001,90.86
robot,1790323895.01,0.002,-0.001,90.84
robot,1790323895.51,0.002,-0.001,90.84
robot,1790323896.01,0.002,-0.001,90.83
robot,1790323896.51,0.002,-0.001,90.83
robot,1790323897.01,0.002,-0.002,90.82
robot,1790323897.51,0.002,-0.002,90.81
robot,1790323898.01,0.002,-0.002,90.80
robot,1790323898.51,0.002,-0.002,90.79
robot,1790323899.01,0.002,-0.002,90.78
robot,1790323899.51,0.002,-0.002,90.76
robot,1790323900.01,0.002,-0.002,90.77
robot,1790323900.51,0.002,-0.002,90.79
robot,1790323901.01,0.002,-0.002,90.77
robot,1790323901.51,0.002,-0.002,90.78
robot,1790323902.01,0.002,-0.002,90.77
robot,1790323902.51,0.002,-0.002,90.77
robot,1790323903.01,0.002,-0.002,90.77
robot,1790323903.51,0.002,-0.002,90.75
robot,1790323904.01,0.002,-0.002,90.75
robot,1790323904.51,0.002,-0.002,90.74
robot,1790323905.01,0.002,-0.002,90.74
robot,1790323905.51,0.002,-0.002,90.74
robot,1790323906.01,0.002,-0.002,90.73
robot,1790323906.51,0.002,-0.002,90.72
robot,1790323907.01,0.002,-0.002,90.71
robot,1790323907.51,0.002,-0.002,90.69
robot,1790323908.01,0.002,-0.002,90.68
robot,1790323908.51,0.002,-0.002,90.67
robot,1790323909.01,0.002,-0.002,90.68
robot,1790323909.51,0.002,-0.002,90.68
robot,1790323910.01,0.002,-0.002,90.68
robot,1790323910.51,0.002,-0.002,90.67
robot,1790323911.01,0.002,-0.002,90.66
robot,1790323911.51,0.002,-0.002,90.66
robot,1790323912.01,0.002,-0.002,90.67
robot,1790323912.51,0.002,-0.002,90.67
robot,1790323913.01,0.002,-0.002,90.65
robot,1790323913.51,0.002,-0.002,90.66
robot,1790323914.01,0.002,-0.002,90.64
robot,1790323914.51,0.002,-0.002,90.65
robot,1790323915.01,0.002,-0.002,90.67
robot,1790323915.51,0.002,-0.002,90.66
robot,1790323916.01,0.002,-0.002,90.67
robot,1790323916.51,0.002,-0.002,90.65
robot,1790323917.01,0.002,-0.002,90.66
robot,1790323917.51,0.002,-0.002,90.65
robot,1790323918.01,0.002,-0.002,90.64
robot,1790323918.51,0.002,-0.002,90.63
robot,1790323919.01,0.002,-0.002,90.63
robot,1790323919.51,0.002,-0.002,90.60
robot,1790323920.01,0.002,-0.002,90.59
robot,1790323920.51,0.002,-0.002,90.60
robot,1790323921.01,0.002,-0.002,90.60
robot,1790323921.51,0.002,-0.002,90.60
robot,1790323922.01,0.002,-0.002,90.60
robot,1790323922.51,0.002,-0.002,90.62
robot,1790323923.01,0.002,-0.002,90.61
robot,1790323923.51,0.002,-0.002,90.61
robot,1790323924.01,0.002,-0.002,90.62
robot,1790323924.51,0.002,-0.002,90.63
robot,1790323925.01,0.002,-0.002,90.64
robot,1790323925.51,0.002,-0.002,90.65
robot,1790323926.01,0.002,-0.002,90.67
robot,1790323926.51,0.002,-0.002,90.66
robot,1790323927.01,0.002,-0.002,90.65
robot,1790323927.51,0.002,-0.002,90.64
robot,1790323928.01,0.002,-0.002,90.65
robot,1790323928.51,0.002,-0.002,90.65
robot,1790323929.01,0.002,-0.002,90.65
robot,1790323929.51,0.002,-0.002,90.64
robot,1790323930.01,0.002,-0.002,90.64
robot,1790323930.51,0.002,-0.002,90.65
robot,1790323931.01,0.002,-0.002,90.66
robot,1790323931.51,0.002,-0.002,90.66
robot,1790323932.01,0.002,-0.002,90.67
robot,1790323932.51,0.002,-0.002,90.69
robot,1790323933.01,0.002,-0.002,90.71
robot,1790323933.51,0.002,-0.002,90.71
robot,1790323934.01,0.002,-0.002,90.70
robot,1790323934.51,0.002,-0.002,90.71
robot,1790323935.01,0.002,-0.002,90.70
robot,1790323935.51,0.002,-0.002,90.71
robot,1790323936.01,0.002,-0.002,90.71
robot,1790323936.51,0.002,-0.002,90.70
robot,1790323937.01,0.002,-0.002,90.68
robot,1790323937.51,0.002,-0.002,90.68
robot,1790323938.01,0.002,-0.002,90.68
robot,1790323938.51,0.002,-0.002,86.36
robot,1790323939.01,0.002,-0.001,78.42
robot,1790323939.51,0.002,-0.002,71.49
robot,1790323940.01,0.002,-0.001,68.61
robot,1790323940.51,0.002,-0.002,64.67
robot,1790323941.01,0.002,-0.002,60.74
robot,1790323941.51,0.002,-0.001,56.81
robot,1790323942.01,0.002,-0.001,52.35
robot,1790323942.51,0.002,-0.001,47.63
robot,1790323943.01,0.002,-0.002,42.81
robot,1790323943.51,0.002,-0.001,35.85
robot,1790323944.01,0.002,-0.002,28.74
robot,1790323944.51,0.002,-0.002,21.68
robot,1790323945.01,0.002,-0.001,14.41
robot,1790323945.51,0.003,-0.001,7.39
robot,1790323946.01,0.002,-0.001,0.45
robot,1790323946.51,0.002,-0.001,-1.66
robot,1790323947.01,0.002,-0.001,-1.65
robot,1790323947.51,0.002,-0.001,-1.63
robot,1790323948.01,0.003,-0.001,-1.61
robot,1790323948.51,0.003,-0.001,-1.58
robot,1790323949.01,0.003,-0.001,-1.60
robot,1790323949.51,0.003,-0.001,-1.60
robot,1790323950.01,0.003,-0.001,-1.60
robot,1790323950.51,0.003,-0.001,-1.60
robot,1790323951.01,0.003,-0.001,-1.59
robot,1790323951.51,0.003,-0.001,-1.58
robot,1790323952.01,0.003,-0.001,-1.57
robot,1790323952.51,0.003,-0.001,-1.57
robot,1790323953.01,0.003,-0.001,-1.56
robot,1790323953.51,0.003,-0.001,-1.57
robot,1790323954.01,0.003,-0.001,-1.55
robot,1790323954.51,0.003,-0.001,-1.56
robot,1790323955.01,0.003,-0.001,-1.57
robot,1790323955.51,0.003,-0.001,-1.58
robot,1790323956.01,0.003,-0.001,-1.58
robot,1790323956.51,0.003,-0.001,-1.57
robot,1790323957.01,0.003,-0.001,-1.57
robot,1790323957.51,0.003,-0.001,-1.57
robot,1790323958.01,0.003,-0.001,-1.56
robot,1790323958.51,0.003,-0.001,-1.57
robot,1790323959.01,0.003,-0.001,-1.57
robot,1790323959.51,0.003,-0.001,-1.58
robot,1790323960.01,0.003,-0.001,-1.59
robot,1790323960.51,0.003,-0.001,-1.60
robot,1790323961.01,0.003,-0.001,-1.60
robot,1790323961.51,0.003,-0.001,-1.58
robot,1790323962.01,0.003,-0.001,-1.59
robot,1790323962.51,0.003,-0.001,-1.58
robot,1790323963.01,0.003,-0.001,-1.56
robot,1790323963.51,0.003,-0.001,-1.57
robot,1790323964.01,0.003,-0.001,-1.57
robot,1790323964.51,0.003,-0.001,-1.57
robot,1790323965.01,0.003,-0.001,-1.55
robot,1790323965.51,0.003,-0.001,-1.55
robot,1790323966.01,0.003,-0.001,-1.54
robot,1790323966.51,0.003,-0.001,-1.56
robot,1790323967.01,0.003,-0.001,-1.55
robot,1790323967.51,0.003,-0.001,-1.53
robot,1790323968.01,0.003,-0.001,-1.52
robot,1790323968.51,0.003,-0.001,-1.51
robot,1790323969.01,0.003,-0.001,-1.52
robot,1790323969.51,0.003,-0.001,-1.52
robot,1790323970.01,0.003,-0.001,-1.50
robot,1790323970.51,0.003,-0.001,-1.50
robot,1790323971.01,0.003,-0.001,-1.50
robot,1790323971.51,0.003,-0.001,-1.49
robot,1790323972.01,0.003,-0.001,-1.49
robot,1790323972.51,0.003,-0.001,-1.49
robot,1790323973.01,0.003,-0.001,-1.51
robot,1790323973.51,0.003,-0.001,-1.50
robot,1790323974.01,0.003,-0.001,-1.50
robot,1790323974.51,0.003,-0.001,-1.51
robot,1790323975.01,0.003,-0.001,-1.51
robot,1790323975.51,0.003,-0.001,-1.50
robot,1790323976.01,0.003,-0.001,-1.51
robot,1790323976.51,0.003,-0.001,-1.49
robot,1790323977.01,0.003,-0.001,-1.50
robot,1790323977.51,0.003,-0.001,-1.50
robot,1790323978.01,0.003,-0.001,-1.49
robot,1790323978.51,0.003,-0.001,-1.47
robot,1790323979.01,0.003,-0.001,-1.47
robot,1790323979.51,0.003,-0.001,-1.47
robot,1790323980.01,0.003,-0.001,-1.47
robot,1790323980.51,0.003,-0.001,-1.46
robot,1790323981.01,0.003,-0.001,-1.49
robot,1790323981.51,0.003,-0.001,-1.48
robot,1790323982.01,0.003,-0.001,-1.48
robot,1790323982.51,0.003,-0.001,-1.51
robot,1790323983.01,0.003,-0.001,-1.51
robot,1790323983.51,0.003,-0.001,-1.50
robot,1790323984.01,0.003,-0.001,-1.52
robot,1790323984.51,0.003,-0.001,-1.52
robot,1790323985.01,0.003,-0.001,-1.52
robot,1790323985.51,0.003,-0.001,-1.51
robot,1790323986.01,0.003,-0.001,-1.51
robot,1790323986.51,0.003,-0.001,-1.51
robot,1790323987.01,0.003,-0.001,-1.49
robot,1790323987.51,0.003,-0.001,-1.50
robot,1790323988.01,0.003,-0.001,-1.50
robot,1790323988.51,0.003,-0.001,-1.49
robot,1790323989.01,0.003,-0.001,-1.50
robot,1790323989.51,0.003,-0.001,-1.50
robot,1790323990.01,0.003,-0.001,-1.49
robot,1790323990.51,0.003,-0.001,-1.51
robot,1790323991.01,0.003,-0.001,-1.52
robot,1790323991.51,0.003,-0.001,-1.51
robot,1790323992.01,0.003,-0.001,-1.50
robot,1790323992.51,0.003,-0.001,-1.49
robot,1790324009.17,0.003,-0.001,-1.51
robot,1790324009.51,0.003,-0.001,-1.51
robot,1790324010.01,0.003,-0.001,-1.50
robot,1790324010.51,0.003,-0.001,-1.51
robot,1790324011.01,0.003,-0.001,-1.50
robot,1790324011.51,0.003,-0.001,-1.48
robot,1790324012.01,0.003,-0.001,-1.49
robot,1790324012.51,0.003,-0.001,-1.49
robot,1790324013.01,0.003,-0.001,-1.50
robot,1790324013.51,0.003,-0.001,-1.51
robot,1790324014.01,0.003,-0.001,-1.50
robot,1790324014.51,0.003,-0.001,-1.49
robot,1790324015.01,0.003,-0.001,-1.48
robot,1790324015.51,0.003,-0.001,-1.46
robot,1790324016.01,0.003,-0.001,-1.45
robot,1790324016.51,0.003,-0.001,-1.45
robot,1790324017.01,0.003,-0.001,-1.46
robot,1790324017.51,0.003,-0.001,-1.45
robot,1790324018.01,0.003,-0.001,-1.42
robot,1790324018.51,0.003,-0.001,-1.41
robot,1790324019.01,0.003,-0.001,-1.42
robot,1790324019.51,0.003,-0.001,-1.42
robot,1790324020.01,0.003,-0.001,-1.41
robot,1790324020.51,0.003,-0.001,-1.40
robot,1790324021.01,0.003,-0.001,-1.39
robot,1790324021.51,0.003,-0.001,-1.39
robot,1790324022.01,0.003,-0.001,-1.39
robot,1790324022.51,0.003,-0.001,-1.38
robot,1790324023.01,0.003,-0.001,-1.37
robot,1790324023.51,0.003,-0.001,-1.36
robot,1790324024.01,0.003,-0.001,-1.36
robot,1790324024.51,0.003,-0.001,-1.35
robot,1790324025.01,0.003,-0.001,-1.35
robot,1790324025.51,0.003,-0.001,-1.35
robot,1790324026.01,0.003,-0.001,-1.34
robot,1790324026.51,0.003,-0.001,-1.34
robot,1790324027.01,0.003,-0.001,-1.34
robot,1790324027.51,0.003,-0.001,-1.37
robot,1790324028.01,0.003,-0.001,-1.37
robot,1790324028.51,0.003,-0.001,-1.38
robot,1790324029.01,0.003,-0.001,-1.40
robot,1790324029.51,0.003,-0.001,-1.40
robot,1790324030.01,0.003,-0.001,-1.41
robot,1790324030.51,0.003,-0.001,-1.43
robot,1790324031.01,0.003,-0.001,-1.44
robot,1790324031.51,0.003,-0.001,-1.45
robot,1790324032.01,0.003,-0.001,-1.44
robot,1790324032.51,0.003,-0.001,-1.44
robot,1790324033.01,0.003,-0.001,-1.44
robot,1790324033.51,0.003,-0.001,-1.44
robot,1790324034.01,0.003,-0.001,-1.47
robot,1790324034.51,0.003,-0.001,-1.47
robot,1790324035.01,0.003,-0.001,-1.47
robot,1790324035.51,0.003,-0.001,-1.48
robot,1790324036.01,0.003,-0.001,-1.48
robot,1790324036.51,0.003,-0.001,-1.49
robot,1790324037.01,0.003,-0.001,-1.48
robot,1790324037.51,0.003,-0.001,-1.48
robot,1790324038.01,0.003,-0.001,-1.48
robot,1790324038.51,0.003,-0.001,-1.49
robot,1790324039.01,0.003,-0.001,-1.49
robot,1790324039.51,0.003,-0.001,-1.50
robot,1790324040.01,0.003,-0.001,-1.48
robot,1790324040.51,0.003,-0.001,-1.51
robot,1790324041.01,0.003,-0.001,-1.52
robot,1790324041.51,0.003,-0.001,-1.53
robot,1790324042.01,0.003,-0.001,-1.52
robot,1790324042.51,0.003,-0.001,-1.52
robot,1790324043.01,0.003,-0.001,-1.51
robot,1790324043.51,0.003,-0.001,-1.51
robot,1790324046.45,0.003,-0.001,-1.54
robot,1790324046.51,0.003,-0.001,-1.55
robot,1790324047.01,0.003,-0.001,-1.54
robot,1790324047.51,0.003,-0.001,-1.55
robot,1790324048.01,0.003,-0.001,-1.54
robot,1790324048.51,0.003,-0.001,-1.55
robot,1790324049.01,0.003,-0.001,-1.55
robot,1790324049.51,0.003,-0.001,-1.56
robot,1790324050.01,0.003,-0.001,-1.56
robot,1790324050.51,0.003,-0.001,-1.57
robot,1790324051.01,0.003,-0.001,-1.59
robot,1790324051.51,0.003,-0.001,-1.60
robot,1790324052.01,0.003,-0.001,-1.60
robot,1790324052.51,0.003,-0.001,-1.62
robot,1790324053.01,0.003,-0.001,-1.61
robot,1790324053.51,0.003,-0.001,-1.61
robot,1790324054.01,0.003,-0.001,-1.62
robot,1790324054.51,0.003,-0.001,-1.60
robot,1790324055.01,0.003,-0.001,-1.61
robot,1790324055.51,0.003,-0.001,-1.63
robot,1790324056.01,0.003,-0.001,-1.63
robot,1790324056.51,0.003,-0.001,-1.65
robot,1790324057.01,0.003,-0.001,-1.66
robot,1790324057.51,0.003,-0.001,-1.66
robot,1790324058.01,0.003,-0.001,-1.65
robot,1790324058.51,0.003,-0.001,-1.65
robot,1790324059.01,0.003,-0.001,-1.64
robot,1790324059.51,0.003,-0.001,-1.64
robot,1790324060.01,0.003,-0.001,-1.64
robot,1790324060.51,0.003,-0.001,-1.63
robot,1790324061.01,0.003,-0.001,-1.62
robot,1790324061.51,0.003,-0.001,-1.62
robot,1790324062.01,0.003,-0.001,-1.62
robot,1790324062.51,0.003,-0.001,-1.63
robot,1790324063.01,0.003,-0.001,-1.62
robot,1790324063.51,0.003,-0.001,-1.62
robot,1790324064.01,0.003,-0.001,-1.63
robot,1790324064.51,0.003,-0.001,-1.63
robot,1790324065.01,0.003,-0.001,-1.65
robot,1790324065.51,0.003,-0.001,-1.63
robot,1790324066.01,0.003,-0.001,-1.65
robot,1790324066.51,0.003,-0.001,-1.65
robot,1790324067.01,0.003,-0.001,-1.64
robot,1790324067.51,0.003,-0.001,-1.65
robot,1790324068.01,0.003,-0.001,-1.67
robot,1790324068.51,0.003,-0.001,-1.69
robot,1790324069.01,0.003,-0.001,-1.68
robot,1790324069.51,0.003,-0.001,-1.68
robot,1790324070.01,0.003,-0.001,-1.69
camera,1790323127.31,0.000,0.000,0.00
camera,1790323127.64,-0.003,-0.000,0.02
camera,1790323128.18,0.005,0.000,-0.01
camera,1790323128.61,0.002,0.000,0.01
camera,1790323129.11,-0.000,0.000,-0.01
camera,1790323129.58,0.004,0.000,-0.01
camera,1790323130.04,0.004,0.000,0.01
camera,1790323130.61,0.003,0.000,-0.00
camera,1790323131.11,0.003,0.000,-0.01
camera,1790323131.58,-0.000,0.000,0.03
camera,1790323132.18,0.002,0.000,0.03
camera,1790323132.58,0.003,0.000,0.01
camera,1790323133.04,0.001,0.000,0.02
camera,1790323133.54,0.000,0.000,0.01
camera,1790323134.08,0.002,0.000,0.00
camera,1790323134.54,0.010,0.000,0.04
camera,1790323135.01,0.001,0.000,0.03
camera,1790323135.54,0.001,0.000,0.00
camera,1790323136.08,0.008,0.000,-0.01
camera,1790323136.54,0.002,0.000,0.01
camera,1790323137.01,0.002,0.000,0.01
camera,1790323137.61,0.002,0.000,-0.02
camera,1790323138.01,-0.003,0.000,0.00
camera,1790323138.61,0.001,0.000,0.04
camera,1790323139.11,0.003,0.000,-0.01
camera,1790323139.51,0.006,0.000,-0.00
camera,1790323140.04,0.005,0.000,-0.01
camera,1790323140.58,0.001,0.000,0.01
camera,1790323141.11,0.005,0.000,0.02
camera,1790323141.58,0.005,0.000,0.03
camera,1790323142.04,-0.000,0.000,0.03
camera,1790323142.61,0.003,0.000,-0.01
camera,1790323143.11,0.004,0.000,0.05
camera,1790323143.51,0.000,0.000,-0.00
camera,1790323144.04,0.004,0.000,0.02
camera,1790323144.61,0.002,0.000,-0.01
camera,1790323145.08,0.007,0.000,0.01
camera,1790323145.61,-0.001,0.000,-0.03
camera,1790323146.01,0.001,0.000,0.02
camera,1790323146.54,0.002,0.000,-0.00
camera,1790323147.01,0.005,0.000,0.00
camera,1790323147.54,0.006,0.000,0.01
camera,1790323148.08,0.003,0.000,0.02
camera,1790323148.64,0.004,0.000,-0.02
camera,1790323149.01,0.003,0.000,0.01
camera,1790323149.58,0.008,0.000,0.01
camera,1790323150.11,-0.005,0.000,0.05
camera,1790323150.51,-0.000,0.000,0.04
camera,1790323151.04,0.002,0.000,0.04
camera,1790323151.58,0.002,0.000,-0.00
camera,1790323152.11,-0.003,0.000,-0.03
camera,1790323152.51,0.006,0.000,0.04
camera,1790323153.04,0.006,0.000,0.01
camera,1790323153.58,-0.004,0.000,0.02
camera,1790323154.01,0.005,0.000,0.01
camera,1790323154.51,0.006,0.000,0.02
camera,1790323155.08,0.001,0.000,0.01
camera,1790323155.61,-0.002,0.000,0.03
camera,1790323156.04,0.004,0.000,-0.00
camera,1790323156.58,0.005,0.000,-0.01
camera,1790323157.11,0.002,0.000,-0.01
camera,1790323157.51,-0.005,0.000,0.03
camera,1790323158.04,0.006,0.000,0.00
camera,1790323158.58,0.007,0.000,0.01
camera,1790323159.11,-0.002,0.000,0.01
camera,1790323159.51,0.002,0.000,-0.01
camera,1790323160.08,0.003,0.000,-0.02
camera,1790323160.58,0.002,0.000,-0.00
camera,1790323161.01,-0.004,0.000,-0.02
camera,1790323161.54,-0.002,0.000,0.01
camera,1790323162.08,0.002,0.000,0.02
camera,1790323162.61,0.001,0.000,0.02
camera,1790323163.01,0.004,0.000,0.03
camera,1790323163.54,0.002,0.000,0.03
camera,1790323164.11,0.006,0.000,0.01
camera,1790323164.61,0.000,0.000,0.00
camera,1790323165.01,0.001,0.000,-0.01
camera,1790323165.54,-0.000,0.000,0.00
camera,1790323166.11,0.001,0.000,0.01
camera,1790323166.51,0.001,0.000,0.04
camera,1790323167.04,0.001,0.000,-0.01
camera,1790323167.58,0.003,0.000,-0.01
camera,1790323168.11,0.005,0.000,-0.01
camera,1790323168.51,0.005,0.000,0.03
camera,1790323169.04,-0.001,0.000,-0.01
camera,1790323169.58,0.005,0.000,0.02
camera,1790323170.11,0.001,0.000,-0.00
camera,1790323170.54,-0.001,0.000,0.00
camera,1790323171.08,0.006,0.000,-0.01
camera,1790323171.61,0.002,0.000,0.03
camera,1790323172.01,0.001,0.000,0.02
camera,1790323172.54,0.001,0.000,-0.00
camera,1790323173.08,-0.000,0.000,0.02
camera,1790323173.61,0.005,0.000,0.03
camera,1790323174.01,-0.001,0.000,0.00
camera,1790323174.58,0.000,0.000,-0.00
camera,1790323175.08,0.004,0.000,0.00
camera,1790323175.64,0.003,0.000,0.01
camera,1790323176.04,0.002,0.000,0.02
camera,1790323176.58,0.005,0.000,-0.04
camera,1790323177.11,0.002,0.000,-0.02
camera,1790323177.51,0.003,0.000,0.00
camera,1790323178.08,0.003,0.000,-0.00
camera,1790323178.61,0.001,0.000,0.01
camera,1790323179.01,0.001,0.000,-0.02
camera,1790323179.54,0.006,0.000,-0.00
camera,1790323180.08,-0.001,0.000,-0.01
camera,1790323180.61,0.004,0.000,0.02
camera,1790323181.01,-0.003,0.000,-0.00
camera,1790323181.54,0.003,0.000,-0.02
camera,1790323182.08,0.001,0.000,-0.01
camera,1790323182.61,0.001,0.000,-0.01
camera,1790323183.01,0.001,0.000,0.01
camera,1790323183.54,-0.001,0.000,0.02
camera,1790323184.11,0.005,0.000,0.03
camera,1790323184.51,0.004,0.000,0.03
camera,1790323185.04,0.004,0.000,-0.03
camera,1790323185.58,0.006,0.000,0.00
camera,1790323186.11,0.002,0.000,0.01
camera,1790323186.51,0.004,0.000,0.01
camera,1790323187.04,-0.001,0.000,-0.01
camera,1790323187.58,0.003,0.000,0.02
camera,1790323188.01,-0.001,0.000,-0.00
camera,1790323188.54,0.005,0.000,0.01
camera,1790323189.08,0.004,0.000,-0.03
camera,1790323189.61,0.007,0.000,-0.01
camera,1790323190.01,0.004,0.000,0.03
camera,1790323190.54,0.003,0.000,0.01
camera,1790323191.08,0.008,0.000,0.03
camera,1790323191.61,0.003,0.000,0.02
camera,1790323192.01,0.005,0.000,0.00
camera,1790323192.54,0.005,0.000,-0.01
camera,1790323193.11,0.006,0.000,-0.00
camera,1790323193.64,0.001,0.000,0.02
camera,1790323194.04,0.006,0.000,0.03
camera,1790323194.58,0.002,0.000,0.04
camera,1790323195.11,0.007,0.000,0.02
camera,1790323195.51,0.001,0.000,0.01
camera,1790323196.04,0.004,0.000,-0.00
camera,1790323196.58,0.001,0.000,-0.01
camera,1790323197.11,0.003,0.000,-0.00
camera,1790323197.51,0.005,0.000,0.01
camera,1790323198.08,0.002,0.000,0.01
camera,1790323198.61,0.007,0.000,0.03
camera,1790323199.01,0.005,0.000,0.02
camera,1790323199.54,0.006,0.000,0.00
camera,1790323200.08,0.006,0.000,0.03
camera,1790323200.61,0.003,0.000,0.04
camera,1790323201.01,0.004,0.000,0.01
camera,1790323201.54,0.002,0.000,0.02
camera,1790323202.11,0.005,0.000,0.01
camera,1790323202.51,-0.001,0.000,0.02
camera,1790323203.04,0.009,0.000,0.03
camera,1790323203.58,0.003,0.000,0.03
camera,1790323204.11,0.002,0.000,0.03
camera,1790323204.54,0.003,0.000,0.01
camera,1790323205.08,0.004,0.000,0.02
camera,1790323205.61,0.004,0.000,0.05
camera,1790323206.01,0.004,0.000,0.02
camera,1790323206.54,0.004,0.000,0.02
camera,1790323207.08,0.003,0.000,0.02
camera,1790323207.61,0.002,0.000,-0.01
camera,1790323208.01,0.003,0.000,-0.00
camera,1790323208.54,0.000,0.000,0.04
camera,1790323209.08,0.006,0.000,0.01
camera,1790323209.51,0.004,0.000,-0.01
camera,1790323210.01,0.005,0.000,0.02
camera,1790323210.58,0.001,0.000,-0.03
camera,1790323211.11,0.004,0.000,0.03
camera,1790323211.51,0.008,0.000,0.03
camera,1790323212.08,0.002,0.000,-0.02
camera,1790323212.61,0.003,0.000,0.01
camera,1790323213.01,0.006,0.000,0.01
camera,1790323213.54,0.003,0.000,0.03
camera,1790323214.08,0.008,0.000,0.03
camera,1790323214.61,0.003,0.000,0.01
camera,1790323215.01,0.006,0.000,0.08
camera,1790323215.58,0.005,0.000,0.06
camera,1790323216.04,0.003,0.000,0.01
camera,1790323216.61,0.002,0.000,0.02
camera,1790323217.11,0.005,0.000,0.02
camera,1790323217.51,0.003,0.000,0.03
camera,1790323218.08,0.005,0.000,-0.00
camera,1790323218.61,-0.001,0.000,-0.00
camera,1790323219.01,0.000,0.000,0.04
camera,1790323219.54,0.004,0.000,0.02
camera,1790323220.08,0.004,0.000,0.03
camera,1790323220.61,0.002,0.000,0.03
camera,1790323221.04,0.001,0.000,0.02
camera,1790323221.58,0.004,0.000,0.02
camera,1790323222.11,0.001,0.000,0.04
camera,1790323222.51,0.004,0.000,0.02
camera,1790323223.04,0.003,0.000,0.01
camera,1790323223.58,0.003,0.000,0.01
camera,1790323224.11,0.006,0.000,0.02
camera,1790323224.51,0.005,0.000,0.01
camera,1790323225.04,0.002,0.000,0.00
camera,1790323225.58,0.002,0.000,0.05
camera,1790323226.01,0.003,0.000,0.03
camera,1790323226.51,0.006,0.000,0.04
camera,1790323227.08,0.003,0.000,0.02
camera,1790323227.61,0.001,0.000,0.03
camera,1790323228.01,0.003,0.000,-0.01
camera,1790323228.54,0.004,0.000,0.03
camera,1790323229.08,0.004,0.000,-0.01
camera,1790323229.61,0.006,0.000,0.02
camera,1790323230.04,0.005,0.000,-0.00
camera,1790323230.58,0.003,0.000,0.05
camera,1790323231.11,0.002,0.000,-0.01
camera,1790323231.51,0.005,0.000,0.00
camera,1790323232.21,-0.002,0.000,0.04
camera,1790323232.51,0.006,0.000,0.02
camera,1790323233.04,0.004,0.000,0.01
camera,1790323233.58,0.007,0.000,0.03
camera,1790323234.11,0.006,0.000,0.03
camera,1790323234.51,0.006,0.000,0.04
camera,1790323235.04,0.005,0.000,0.04
camera,1790323235.58,0.005,0.000,0.03
camera,1790323236.11,0.001,0.000,0.02
camera,1790323236.51,-0.000,0.000,0.01
camera,1790323237.04,0.006,0.000,0.02
camera,1790323237.58,0.007,0.000,0.02
camera,1790323238.11,0.005,0.000,-0.00
camera,1790323238.54,0.002,0.000,0.01
camera,1790323239.08,0.005,0.000,0.04
camera,1790323239.61,0.002,0.000,0.01
camera,1790323240.01,0.004,0.000,-0.00
camera,1790323240.54,0.001,0.000,0.02
camera,1790323241.08,0.003,0.000,0.02
camera,1790323241.61,0.004,0.000,0.02
camera,1790323242.01,0.005,0.000,0.01
camera,1790323242.54,0.001,0.000,0.01
camera,1790323243.08,0.005,0.000,0.01
camera,1790323243.64,0.001,0.000,-0.01
camera,1790323244.04,0.001,0.000,-0.00
camera,1790323244.58,0.003,0.000,-0.01
camera,1790323245.11,0.006,0.000,0.03
camera,1790323245.51,0.004,0.000,-0.01
camera,1790323246.04,0.004,0.000,-0.02
camera,1790323246.58,0.003,0.000,0.02
camera,1790323247.11,0.004,0.000,0.01
camera,1790323247.51,0.001,0.000,-0.01
camera,1790323248.08,0.002,0.000,-0.01
camera,1790323248.61,0.004,0.000,-0.02
camera,1790323249.01,0.004,0.000,0.01
camera,1790323249.54,0.004,0.000,0.00
camera,1790323250.08,0.002,0.000,0.02
camera,1790323250.61,0.004,0.000,-0.00
camera,1790323251.01,0.002,0.000,0.01
camera,1790323251.54,0.002,0.000,0.02
camera,1790323252.08,0.006,0.000,0.04
camera,1790323252.61,0.004,0.000,0.03
camera,1790323253.04,0.004,0.000,0.01
camera,1790323253.58,0.004,0.000,0.04
camera,1790323254.11,0.004,0.000,0.02
camera,1790323254.51,0.002,0.000,0.05
camera,1790323255.04,0.005,0.000,-0.01
camera,1790323255.58,0.001,0.000,0.04
camera,1790323256.11,0.007,0.000,0.02
camera,1790323256.51,0.001,0.000,0.04
camera,1790323257.08,0.005,0.000,0.02
camera,1790323257.58,0.004,0.000,0.02
camera,1790323258.14,-0.000,0.000,0.03
camera,1790323258.54,0.002,0.000,-0.03
camera,1790323259.08,0.001,0.000,0.01
camera,1790323259.61,-0.000,0.000,-0.01
camera,1790323260.01,0.002,0.000,0.01
camera,1790323260.54,0.005,0.000,-0.00
camera,1790323261.11,-0.002,0.000,0.06
camera,1790323261.64,-0.002,0.000,0.00
camera,1790323262.04,-0.001,0.000,0.01
camera,1790323262.58,0.005,0.000,0.03
camera,1790323263.11,0.002,0.000,0.04
camera,1790323263.51,0.001,0.000,0.03
camera,1790323264.04,0.005,0.000,0.04
camera,1790323264.58,0.001,0.000,0.00
camera,1790323265.11,0.004,0.000,0.02
camera,1790323265.54,-0.001,0.000,0.02
camera,1790323266.08,0.002,0.000,0.03
camera,1790323266.61,0.004,0.000,0.02
camera,1790323267.01,0.003,0.000,-0.01
camera,1790323267.54,-0.001,0.000,-0.01
camera,1790323268.08,0.001,0.000,0.02
camera,1790323268.61,0.005,0.000,0.03
camera,1790323269.04,0.003,0.000,0.01
camera,1790323269.58,0.005,0.000,0.03
camera,1790323270.11,0.006,0.000,-0.05
camera,1790323270.51,0.001,0.000,0.03
camera,1790323271.04,0.005,0.000,0.03
camera,1790323271.58,0.004,0.000,0.00
camera,1790323272.11,0.003,0.000,0.03
camera,1790323272.54,0.001,0.000,0.02
camera,1790323273.08,0.005,0.000,0.04
camera,1790323273.61,0.003,0.000,0.03
camera,1790323274.01,0.006,0.000,0.02
camera,1790323274.54,0.004,0.000,0.01
camera,1790323275.08,0.003,0.000,-0.01
camera,1790323275.51,0.001,0.000,0.03
camera,1790323276.04,0.003,0.000,0.03
camera,1790323276.58,0.005,0.000,0.05
camera,1790323277.11,0.002,0.000,0.03
camera,1790323277.51,0.005,0.000,0.04
camera,1790323278.04,0.004,0.000,-0.01
camera,1790323278.61,0.003,0.000,0.02
camera,1790323279.01,0.003,0.000,0.02
camera,1790323279.54,0.005,0.000,0.03
camera,1790323280.08,0.003,0.000,0.00
camera,1790323280.51,-0.002,0.000,0.01
camera,1790323281.08,-0.001,0.000,-0.00
camera,1790323281.61,0.001,0.000,-0.00
camera,1790323282.01,0.000,0.000,0.03
camera,1790323282.61,0.003,0.000,0.06
camera,1790323283.01,0.002,0.000,0.01
camera,1790323283.54,-0.000,0.000,-0.00
camera,1790323284.08,0.002,0.000,0.01
camera,1790323284.61,-0.000,0.000,-0.01
camera,1790323285.01,0.004,0.000,-0.01
camera,1790323285.54,0.002,0.000,0.00
camera,1790323286.11,0.006,0.000,0.00
camera,1790323286.51,0.001,0.000,-0.01
camera,1790323287.04,0.001,0.000,0.04
camera,1790323287.58,-0.001,0.000,0.03
camera,1790323288.11,-0.001,0.000,0.02
camera,1790323288.51,0.004,0.000,0.01
camera,1790323289.04,-0.000,0.000,0.01
camera,1790323289.58,0.002,0.000,0.03
camera,1790323290.11,-0.002,0.000,0.02
camera,1790323290.54,0.001,0.000,-0.03
camera,1790323291.08,0.002,0.000,0.03
camera,1790323291.61,-0.004,0.000,-0.03
camera,1790323292.01,0.001,0.000,0.00
camera,1790323292.54,0.003,0.000,0.02
camera,1790323293.08,0.003,0.000,0.01
camera,1790323293.61,0.005,0.000,-0.01
camera,1790323294.01,0.004,0.000,0.02
camera,1790323294.54,0.003,0.000,0.00
camera,1790323295.11,0.001,0.000,-0.01
camera,1790323295.51,0.003,0.000,-0.00
camera,1790323296.04,0.002,0.000,-0.01
camera,1790323296.58,0.002,0.000,0.04
camera,1790323297.11,0.001,0.000,0.03
camera,1790323297.51,0.003,0.000,0.02
camera,1790323298.04,0.002,0.000,-0.01
camera,1790323298.58,0.002,0.001,0.03
camera,1790323299.14,0.007,0.000,0.02
camera,1790323299.54,0.003,0.000,0.00
camera,1790323300.08,0.002,0.000,-0.01
camera,1790323300.61,-0.004,0.000,0.01
camera,1790323301.01,0.002,0.000,0.03
camera,1790323301.58,0.002,0.000,-0.00
camera,1790323302.11,0.004,0.000,0.01
camera,1790323302.51,0.001,0.000,-0.01
camera,1790323303.04,0.003,0.001,-0.00
camera,1790323303.58,0.003,0.001,0.02
camera,1790323304.11,0.007,0.001,-0.00
camera,1790323304.54,0.003,0.001,0.01
camera,1790323305.08,-0.002,0.001,0.01
camera,1790323305.54,-0.001,0.001,-0.02
camera,1790323306.08,0.002,0.001,0.02
camera,1790323306.61,0.001,0.001,0.05
camera,1790323307.01,0.002,0.001,0.01
camera,1790323307.58,0.003,0.001,0.02
camera,1790323308.08,0.003,0.001,0.03
camera,1790323308.61,0.002,0.001,-0.01
camera,1790323309.04,0.001,0.001,0.01
camera,1790323309.58,0.004,0.001,0.01
camera,1790323310.11,-0.001,0.001,-0.01
camera,1790323310.51,-0.004,0.001,0.02
camera,1790323311.11,0.000,0.001,0.03
camera,1790323311.51,0.001,0.001,-0.00
camera,1790323312.04,-0.001,0.001,-0.01
camera,1790323312.61,0.002,0.001,0.01
camera,1790323313.01,0.004,0.001,0.02
camera,1790323313.54,0.004,0.001,0.02
camera,1790323314.01,0.001,0.001,0.01
camera,1790323314.61,0.003,0.001,0.01
camera,1790323315.08,0.004,0.001,0.00
camera,1790323315.64,0.006,0.001,0.01
camera,1790323316.08,0.002,0.001,-0.01
camera,1790323316.51,0.008,0.001,0.01
camera,1790323317.04,0.006,0.001,-0.01
camera,1790323317.58,0.003,0.001,0.02
camera,1790323318.11,0.003,0.001,0.05
camera,1790323318.51,0.005,0.001,-0.00
camera,1790323319.04,0.004,0.001,0.04
camera,1790323319.58,0.003,0.001,0.01
camera,1790323320.11,0.001,0.001,-0.01
camera,1790323320.51,-0.001,0.001,0.01
camera,1790323321.11,0.005,0.001,0.02
camera,1790323321.51,0.005,0.001,0.02
camera,1790323322.04,0.000,0.001,0.00
camera,1790323322.58,0.006,0.001,0.03
camera,1790323323.11,0.005,0.001,0.02
camera,1790323323.58,0.004,0.001,-0.00
camera,1790323324.04,0.007,0.001,0.06
camera,1790323324.58,0.009,0.001,0.04
camera,1790323325.14,-0.001,0.001,0.02
camera,1790323325.54,0.002,0.001,-0.01
camera,1790323326.08,0.003,0.001,0.02
camera,1790323326.61,0.002,0.001,0.02
camera,1790323327.01,0.003,0.001,0.01
camera,1790323327.58,0.003,0.001,-0.01
camera,1790323328.11,0.001,0.001,-0.01
camera,1790323328.51,0.002,0.001,-0.02
camera,1790323329.04,0.002,0.001,-0.04
camera,1790323329.58,0.003,0.001,-0.02
camera,1790323330.01,0.002,0.001,0.01
camera,1790323330.54,0.002,0.001,-0.01
camera,1790323331.08,0.000,0.001,0.01
camera,1790323331.54,0.003,0.001,0.02
camera,1790323332.08,0.002,0.001,0.03
camera,1790323332.68,0.007,0.001,0.03
camera,1790323333.01,-0.001,0.001,0.01
camera,1790323333.54,0.006,0.001,0.01
camera,1790323334.11,0.006,0.001,0.02
camera,1790323334.51,0.003,0.001,0.02
camera,1790323335.11,0.003,0.001,0.02
camera,1790323335.51,0.005,0.001,-0.01
camera,1790323336.04,0.006,0.001,0.02
camera,1790323336.58,0.005,0.001,0.02
camera,1790323337.11,0.006,0.001,0.01
camera,1790323337.54,0.005,0.001,0.04
camera,1790323338.08,0.005,0.001,0.02
camera,1790323338.61,0.003,0.001,0.04
camera,1790323339.01,0.005,0.001,0.01
camera,1790323339.54,0.005,0.001,0.01
camera,1790323340.08,0.007,0.001,0.02
camera,1790323340.64,-0.003,0.001,0.01
camera,1790323341.01,0.006,0.001,0.03
camera,1790323341.51,0.001,0.001,0.00
camera,1790323342.11,0.005,0.001,0.03
camera,1790323342.58,0.004,0.001,-0.00
camera,1790323343.11,0.008,0.001,0.02
camera,1790323343.54,0.005,0.001,0.03
camera,1790323344.04,0.006,0.001,0.03
camera,1790323344.51,0.003,0.001,0.01
camera,1790323345.01,0.006,0.001,0.02
camera,1790323345.61,0.007,0.001,0.01
camera,1790323346.01,0.006,0.001,0.02
camera,1790323346.61,0.005,0.001,0.01
camera,1790323347.01,0.005,0.001,0.02
camera,1790323347.54,0.005,0.001,0.01
camera,1790323348.11,0.010,0.001,-0.01
camera,1790323348.51,0.003,0.001,-0.00
camera,1790323349.11,0.005,0.001,0.02
camera,1790323349.51,0.005,0.001,0.01
camera,1790323350.04,0.002,0.001,0.01
camera,1790323350.58,0.007,0.001,0.01
camera,1790323351.08,0.004,0.001,0.03
camera,1790323351.61,0.007,0.001,-0.00
camera,1790323352.01,0.002,0.001,0.02
camera,1790323352.54,0.003,0.001,-0.01
camera,1790323353.08,0.002,0.001,0.01
camera,1790323353.58,0.010,0.001,0.03
camera,1790323354.11,0.005,0.001,0.02
camera,1790323357.21,0.002,0.001,-0.00
camera,1790323357.51,0.002,0.001,-0.03
camera,1790323358.08,0.003,0.001,-0.01
camera,1790323358.61,0.005,0.001,-0.00
camera,1790323359.08,0.005,0.001,0.03
camera,1790323359.61,0.005,0.001,0.01
camera,1790323360.08,0.004,0.001,0.01
camera,1790323360.61,0.006,0.001,0.01
camera,1790323361.08,0.000,0.001,0.00
camera,1790323361.58,0.002,0.001,0.02
camera,1790323362.04,0.005,0.001,0.04
camera,1790323362.51,0.007,0.001,0.02
camera,1790323363.04,0.005,0.001,0.02
camera,1790323363.58,0.004,0.001,-0.00
camera,1790323364.08,0.007,0.001,0.03
camera,1790323364.58,0.008,0.001,-0.00
camera,1790323365.08,0.004,0.001,0.01
camera,1790323365.61,0.003,0.001,0.01
camera,1790323366.01,0.004,0.001,-0.00
camera,1790323366.54,0.010,0.001,0.03
camera,1790323367.08,0.010,0.001,0.03
camera,1790323367.68,0.000,0.001,0.01
camera,1790323368.01,0.003,0.001,0.01
camera,1790323368.51,0.001,0.001,-0.00
camera,1790323369.04,0.005,0.001,0.01
camera,1790323369.51,0.004,0.001,0.03
camera,1790323370.04,0.007,0.001,0.03
camera,1790323370.51,0.001,0.001,0.01
camera,1790323371.18,-0.000,0.001,0.02
camera,1790323371.51,0.007,0.001,0.03
camera,1790323372.04,0.005,0.001,0.02
camera,1790323372.68,0.008,0.001,0.03
camera,1790323373.01,0.005,0.001,-0.00
camera,1790323373.54,0.006,0.001,0.04
camera,1790323374.08,0.001,0.001,0.02
camera,1790323374.54,0.002,0.001,0.02
camera,1790323375.01,0.002,0.001,0.00
camera,1790323375.68,0.006,0.001,-0.02
camera,1790323376.01,0.000,0.001,-0.01
camera,1790323376.54,0.007,0.001,0.01
camera,1790323377.18,0.006,0.001,-0.01
camera,1790323377.51,0.004,0.001,0.00
camera,1790323378.04,0.003,0.001,0.03
camera,1790323378.51,0.006,0.001,0.01
camera,1790323379.11,0.001,0.001,-0.02
camera,1790323379.58,0.004,0.001,-0.01
camera,1790323380.18,0.002,0.001,-0.02
camera,1790323380.64,0.005,0.001,0.03
camera,1790323381.11,0.008,0.001,0.04
camera,1790323381.58,0.002,0.001,0.03
camera,1790323382.01,0.006,0.001,0.01
camera,1790323382.54,0.001,0.001,-0.01
camera,1790323383.08,-0.001,0.001,0.01
camera,1790323383.61,0.003,0.001,0.05
camera,1790323384.01,0.002,0.001,0.01
camera,1790323384.68,0.004,0.001,-0.01
camera,1790323385.11,-0.013,0.001,0.00
camera,1790323385.51,0.004,0.001,-0.01
camera,1790323386.04,0.003,0.001,-0.01
camera,1790323386.58,0.005,0.001,0.01
camera,1790323387.04,0.006,0.001,0.00
camera,1790323387.51,0.007,0.001,0.01
camera,1790323388.04,0.002,0.001,-0.01
camera,1790323388.51,0.005,0.000,-0.01
camera,1790323389.04,0.004,0.000,0.02
camera,1790323389.51,0.000,0.000,0.04
camera,1790323390.01,0.001,0.000,0.03
camera,1790323390.68,0.004,0.000,-0.01
camera,1790323391.01,0.004,0.000,0.03
camera,1790323391.68,0.002,0.000,0.01
camera,1790323392.14,0.007,0.000,-0.02
camera,1790323392.61,0.007,0.000,-0.01
camera,1790323393.08,0.004,0.000,0.00
camera,1790323393.64,0.005,0.000,0.03
camera,1790323394.11,0.004,0.000,0.02
camera,1790323394.58,0.003,0.000,0.00
camera,1790323395.11,0.003,0.000,0.01
camera,1790323395.51,0.006,0.000,0.00
camera,1790323396.11,0.004,0.000,0.02
camera,1790323396.58,0.008,0.000,0.01
camera,1790323397.11,0.005,0.000,0.03
camera,1790323397.58,0.004,0.000,-0.00
camera,1790323398.18,0.004,0.000,0.00
camera,1790323398.54,0.003,0.000,0.01
camera,1790323399.08,0.001,0.000,-0.00
camera,1790323399.61,0.009,0.000,-0.02
camera,1790323400.01,0.002,0.000,-0.00
camera,1790323400.61,0.007,0.000,0.00
camera,1790323401.01,0.006,0.000,-0.04
camera,1790323401.61,0.005,0.000,-0.01
camera,1790323402.04,0.004,0.000,0.02
camera,1790323402.58,0.006,0.000,-0.01
camera,1790323403.04,-0.000,0.000,0.01
camera,1790323403.58,0.002,0.000,0.02
camera,1790323404.18,0.005,0.000,-0.02
camera,1790323404.51,-0.000,0.000,0.03
camera,1790323405.04,0.003,0.000,-0.00
camera,1790323405.58,0.006,0.000,0.00
camera,1790323406.08,0.005,0.000,0.01
camera,1790323406.61,0.006,0.000,0.02
camera,1790323407.08,0.007,0.000,-0.01
camera,1790323407.54,0.004,0.000,0.02
camera,1790323408.01,0.012,0.000,0.04
camera,1790323408.68,0.003,0.000,-0.01
camera,1790323409.11,0.005,0.000,-0.01
camera,1790323409.64,0.003,0.000,0.00
camera,1790323410.18,0.010,0.000,-0.02
camera,1790323410.58,0.009,0.000,-0.02
camera,1790323411.04,0.008,0.000,0.04
camera,1790323411.58,0.000,0.000,-0.03
camera,1790323412.14,0.005,0.000,-0.01
camera,1790323412.54,0.009,0.000,0.01
camera,1790323413.14,0.002,0.000,0.05
camera,1790323413.51,0.007,0.000,0.04
camera,1790323414.01,0.012,0.000,-0.01
camera,1790323414.64,0.011,0.000,0.01
camera,1790323415.18,0.007,0.000,0.03
camera,1790323415.58,0.006,0.000,-0.02
camera,1790323416.11,0.006,0.000,-0.02
camera,1790323416.58,0.008,0.000,0.00
camera,1790323417.21,0.007,0.000,0.01
camera,1790323417.54,0.007,0.000,-0.01
camera,1790323418.08,0.007,0.000,0.01
camera,1790323418.61,0.004,0.000,0.02
camera,1790323419.11,0.006,0.000,0.01
camera,1790323419.54,0.006,0.000,0.02
camera,1790323420.14,0.007,0.000,0.03
camera,1790323420.68,0.006,0.000,0.01
camera,1790323421.01,0.007,0.000,0.03
camera,1790323421.54,0.008,0.000,0.00
camera,1790323422.08,0.008,0.000,-0.00
camera,1790323422.61,0.007,0.000,0.00
camera,1790323423.14,0.001,0.000,-0.00
camera,1790323423.58,0.003,0.000,0.03
camera,1790323424.11,0.007,0.000,0.01
camera,1790323424.51,0.005,0.000,0.02
camera,1790323425.11,0.006,0.000,0.04
camera,1790323425.51,0.008,0.000,0.01
camera,1790323426.11,0.008,0.000,0.06
camera,1790323426.51,0.009,0.000,0.04
camera,1790323427.01,0.002,0.000,0.06
camera,1790323427.61,0.010,0.000,0.03
camera,1790323428.08,0.006,0.000,-0.01
camera,1790323428.68,0.009,0.000,0.02
camera,1790323429.01,0.007,0.000,0.03
camera,1790323429.68,0.003,0.000,0.01
camera,1790323430.01,0.005,0.000,0.00
camera,1790323430.58,0.003,0.000,0.03
camera,1790323431.04,0.010,0.000,0.03
camera,1790323431.64,0.006,0.000,0.05
camera,1790323432.04,0.008,0.000,0.01
camera,1790323432.68,0.005,0.000,0.03
camera,1790323433.01,0.009,0.000,0.04
camera,1790323433.54,0.004,0.000,0.01
camera,1790323434.01,0.005,0.000,0.02
camera,1790323434.54,0.007,0.000,0.02
camera,1790323435.01,0.006,0.000,0.03
camera,1790323435.61,0.004,0.000,0.04
camera,1790323436.01,0.009,0.000,-0.00
camera,1790323436.54,0.008,0.000,0.02
camera,1790323437.14,0.010,0.000,0.01
camera,1790323437.58,0.006,0.000,0.01
camera,1790323438.04,0.006,0.000,-0.02
camera,1790323438.64,0.006,0.000,0.02
camera,1790323439.11,0.000,0.000,0.05
camera,1790323439.64,0.002,0.000,0.02
camera,1790323440.18,0.000,0.000,0.02
camera,1790323440.51,0.008,0.000,0.04
camera,1790323441.04,0.006,0.000,0.01
camera,1790323441.64,0.002,0.000,-0.03
camera,1790323442.08,0.005,0.000,0.04
camera,1790323442.61,0.001,0.000,-0.00
camera,1790323443.14,0.010,0.000,0.05
camera,1790323443.54,0.005,0.000,0.02
camera,1790323444.14,0.006,0.000,0.06
camera,1790323444.68,0.007,0.000,0.04
camera,1790323445.11,0.006,0.000,0.04
camera,1790323445.51,0.004,0.000,0.00
camera,1790323446.11,0.008,0.000,-0.03
camera,1790323446.64,0.005,0.000,0.01
camera,1790323447.04,0.007,0.000,0.05
camera,1790323447.64,0.005,0.000,0.03
camera,1790323448.18,0.004,0.000,0.00
camera,1790323448.58,0.010,0.000,0.00
camera,1790323449.11,0.007,0.000,0.04
camera,1790323449.51,0.001,0.000,0.01
camera,1790323450.04,0.009,0.000,0.00
camera,1790323450.64,0.003,0.000,0.03
camera,1790323451.21,0.006,0.000,0.05
camera,1790323451.61,0.003,0.000,0.01
camera,1790323452.14,0.008,0.000,-0.01
camera,1790323452.54,0.006,0.000,0.03
camera,1790323453.14,0.009,0.000,-0.00
camera,1790323453.54,0.009,0.000,0.01
camera,1790323454.14,0.004,0.000,-0.01
camera,1790323454.58,0.007,0.000,0.01
camera,1790323455.11,0.007,0.000,0.00
camera,1790323455.51,0.006,0.000,0.05
camera,1790323456.04,0.006,0.000,0.03
camera,1790323456.51,0.005,0.000,0.01
camera,1790323457.14,0.003,0.000,-0.03
camera,1790323457.54,0.005,0.000,0.01
camera,1790323458.14,0.005,0.000,0.02
camera,1790323458.54,0.003,0.000,0.02
camera,1790323459.14,0.002,0.000,0.01
camera,1790323459.54,0.006,0.000,0.00
camera,1790323460.14,0.005,0.000,-0.00
camera,1790323460.58,0.006,0.000,0.01
camera,1790323461.18,0.005,0.000,-0.02
camera,1790323461.58,0.006,0.000,0.02
camera,1790323462.11,0.004,0.000,0.01
camera,1790323462.51,0.007,0.000,-0.01
camera,1790323463.14,0.003,0.000,-0.00
camera,1790323463.51,0.003,0.000,0.01
camera,1790323464.14,0.004,0.000,0.04
camera,1790323464.54,0.007,0.000,0.01
camera,1790323465.14,0.003,0.000,0.03
camera,1790323465.58,0.008,0.000,0.00
camera,1790323466.18,0.005,0.000,0.05
camera,1790323466.58,0.005,0.000,0.02
camera,1790323467.18,0.006,0.000,0.01
camera,1790323467.58,0.004,0.000,0.02
camera,1790323468.01,0.004,0.000,-0.00
camera,1790323468.64,0.011,0.000,0.01
camera,1790323469.04,0.004,0.000,0.03
camera,1790323469.64,0.008,0.000,0.00
camera,1790323470.04,0.004,0.000,-0.01
camera,1790323470.64,0.003,0.000,-0.00
camera,1790323471.04,0.007,0.000,0.03
camera,1790323471.64,0.009,0.000,0.00
camera,1790323472.04,0.004,0.000,0.02
camera,1790323472.64,0.004,0.000,0.02
camera,1790323473.08,0.001,0.000,0.01
camera,1790323473.68,0.003,0.000,0.01
camera,1790323474.08,0.006,0.000,0.03
camera,1790323474.68,0.003,0.000,0.02
camera,1790323475.08,0.003,0.000,0.01
camera,1790323475.68,0.004,0.000,0.02
camera,1790323476.08,0.004,0.000,0.01
camera,1790323476.51,0.009,0.000,0.03
camera,1790323477.08,-0.001,0.000,0.01
camera,1790323477.51,0.008,0.000,0.02
camera,1790323478.11,0.002,0.000,-0.00
camera,1790323478.51,0.007,0.000,0.00
camera,1790323479.11,0.007,0.000,0.02
camera,1790323479.51,0.002,0.000,0.04
camera,1790323480.11,0.005,0.000,0.04
camera,1790323480.51,0.002,0.000,0.04
camera,1790323481.11,0.006,0.000,0.01
camera,1790323481.51,0.006,0.000,0.03
camera,1790323482.11,0.004,0.000,0.00
camera,1790323482.54,0.002,0.000,0.03
camera,1790323483.14,0.009,0.000,0.02
camera,1790323483.54,0.008,0.000,0.03
camera,1790323484.08,0.006,0.000,0.04
camera,1790323484.68,0.007,0.000,0.04
camera,1790323485.08,0.004,0.000,0.01
camera,1790323485.68,0.007,0.000,0.02
camera,1790323486.08,0.004,0.000,0.01
camera,1790323486.51,0.000,0.000,0.03
camera,1790323487.04,0.005,0.000,0.01
camera,1790323487.64,0.003,0.000,-0.00
camera,1790323488.04,0.005,0.000,0.02
camera,1790323488.61,0.006,0.000,0.04
camera,1790323489.01,0.007,0.000,0.02
camera,1790323489.61,0.002,0.000,0.06
camera,1790323490.01,0.007,0.000,0.01
camera,1790323490.61,0.000,0.000,0.04
camera,1790323491.01,0.006,0.000,-0.02
camera,1790323491.64,0.005,0.000,0.04
camera,1790323492.01,0.005,0.000,0.02
camera,1790323492.58,0.010,0.000,0.03
camera,1790323493.18,0.006,0.000,0.03
camera,1790323493.58,0.007,0.000,0.05
camera,1790323494.18,0.007,0.000,0.00
camera,1790323494.51,0.007,0.000,0.02
camera,1790323495.11,0.003,0.000,0.02
camera,1790323495.51,0.003,0.000,-0.00
camera,1790323496.14,0.004,0.000,0.03
camera,1790323496.54,0.001,0.000,0.01
camera,1790323497.14,0.007,0.000,0.03
camera,1790323497.54,0.008,0.000,0.02
camera,1790323498.14,0.003,0.000,0.01
camera,1790323498.54,0.005,0.000,0.05
camera,1790323499.14,0.003,0.000,0.02
camera,1790323499.54,0.004,0.000,0.04
camera,1790323500.14,0.004,0.000,0.00
camera,1790323500.54,0.004,0.000,0.01
camera,1790323501.18,0.009,0.000,0.04
camera,1790323501.58,0.002,0.000,-0.00
camera,1790323502.18,0.004,0.000,0.03
camera,1790323502.58,0.005,0.000,0.02
camera,1790323503.01,0.003,0.001,0.04
camera,1790323503.61,0.007,0.001,0.02
camera,1790323504.01,0.001,0.001,0.02
camera,1790323504.61,0.008,0.001,0.03
camera,1790323505.01,0.008,0.001,0.01
camera,1790323505.61,0.006,0.001,0.02
camera,1790323506.01,0.005,0.001,0.03
camera,1790323506.61,0.005,0.001,0.05
camera,1790323507.01,0.008,0.001,0.04
camera,1790323507.61,0.007,0.001,0.03
camera,1790323508.01,0.006,0.001,0.05
camera,1790323508.61,0.004,0.001,0.02
camera,1790323509.04,0.004,0.001,0.01
camera,1790323509.64,0.005,0.001,0.03
camera,1790323510.04,0.005,0.001,0.01
camera,1790323510.64,0.008,0.001,0.02
camera,1790323511.04,0.006,0.001,0.03
camera,1790323511.64,0.006,0.001,0.01
camera,1790323512.04,0.003,0.001,0.03
camera,1790323512.64,0.045,0.001,0.02
camera,1790323513.04,0.018,0.001,-0.00
camera,1790323513.61,0.020,0.001,0.04
camera,1790323514.01,0.020,0.001,0.01
camera,1790323514.61,0.019,0.001,0.04
camera,1790323515.08,0.024,0.001,0.01
camera,1790323515.54,0.019,0.001,0.04
camera,1790323516.08,0.020,0.001,0.00
camera,1790323516.61,0.023,0.001,0.04
camera,1790323517.04,0.013,0.001,0.03
camera,1790323517.58,0.019,0.001,0.00
camera,1790323518.18,0.017,0.001,0.05
camera,1790323518.51,0.019,0.001,0.02
camera,1790323519.11,0.017,0.001,0.01
camera,1790323519.51,0.022,0.001,0.02
camera,1790323520.11,0.016,0.001,0.02
camera,1790323520.54,0.017,0.001,0.04
camera,1790323521.08,0.020,0.001,0.03
camera,1790323521.61,0.022,0.001,0.03
camera,1790323522.01,0.020,0.001,0.03
camera,1790323522.54,0.013,0.001,0.02
camera,1790323523.14,0.016,0.001,0.03
camera,1790323523.54,0.018,0.001,-0.02
camera,1790323524.14,0.019,0.001,0.01
camera,1790323524.58,0.017,0.001,0.04
camera,1790323525.14,0.017,0.001,0.06
camera,1790323525.58,0.017,0.001,0.00
camera,1790323526.18,0.019,0.001,0.02
camera,1790323526.58,0.014,0.001,0.03
camera,1790323527.11,0.019,0.001,0.03
camera,1790323527.64,0.019,0.001,0.01
camera,1790323528.18,0.017,0.001,0.01
camera,1790323528.58,0.017,0.001,0.05
camera,1790323529.04,0.018,0.001,0.02
camera,1790323529.61,0.021,0.001,0.00
camera,1790323530.14,0.018,0.001,-0.01
camera,1790323530.51,0.013,0.001,0.03
camera,1790323531.01,0.017,0.001,0.05
camera,1790323531.61,0.021,0.001,0.01
camera,1790323532.14,0.022,0.001,0.05
camera,1790323532.58,0.019,0.001,0.02
camera,1790323533.01,0.018,0.001,-0.02
camera,1790323533.58,0.024,0.001,0.03
camera,1790323534.14,0.023,0.001,0.05
camera,1790323534.54,0.025,0.001,0.01
camera,1790323535.14,0.026,0.001,0.03
camera,1790323535.54,0.021,0.001,0.03
camera,1790323536.18,0.019,0.001,0.04
camera,1790323536.58,0.022,0.001,0.01
camera,1790323537.18,0.025,0.001,0.02
camera,1790323537.58,0.018,0.001,0.03
camera,1790323538.11,0.020,0.001,0.01
camera,1790323538.51,0.021,0.001,0.02
camera,1790323539.04,0.020,0.001,0.05
camera,1790323539.64,0.021,0.001,-0.00
camera,1790323540.08,0.017,0.001,0.04
camera,1790323540.68,0.022,0.001,0.03
camera,1790323541.01,0.021,0.001,0.03
camera,1790323541.61,0.018,0.001,0.01
camera,1790323542.01,0.021,0.001,0.00
camera,1790323542.61,0.022,0.001,0.03
camera,1790323543.01,0.028,0.001,0.02
camera,1790323543.61,0.022,0.001,0.01
camera,1790323544.01,0.019,0.001,0.02
camera,1790323547.38,0.020,0.001,-0.02
camera,1790323547.68,0.019,0.001,0.03
camera,1790323548.01,0.023,0.001,0.03
camera,1790323548.61,0.025,0.001,0.01
camera,1790323549.01,0.021,0.001,0.03
camera,1790323549.61,0.015,0.001,0.01
camera,1790323550.01,0.022,0.001,0.03
camera,1790323550.64,0.030,0.001,0.02
camera,1790323551.04,0.019,0.001,0.02
camera,1790323551.64,0.020,0.001,0.06
camera,1790323552.04,0.021,0.001,0.02
camera,1790323552.64,0.015,0.001,0.02
camera,1790323553.08,0.017,0.001,-0.01
camera,1790323553.68,0.020,0.001,0.00
camera,1790323554.08,0.018,0.001,0.03
camera,1790323554.68,0.018,0.001,0.01
camera,1790323555.08,0.019,0.001,0.01
camera,1790323555.68,0.021,0.001,0.03
camera,1790323556.08,0.018,0.001,0.02
camera,1790323556.68,0.016,0.001,0.01
camera,1790323557.08,0.017,0.001,-0.01
camera,1790323557.51,0.020,0.001,0.04
camera,1790323558.11,0.019,0.001,0.00
camera,1790323558.51,0.017,0.001,0.05
camera,1790323559.11,0.020,0.001,0.02
camera,1790323559.51,0.022,0.001,0.03
camera,1790323560.11,0.022,0.001,0.03
camera,1790323560.51,0.018,0.001,0.01
camera,1790323561.14,0.020,0.001,0.01
camera,1790323561.54,0.022,0.001,0.01
camera,1790323562.14,0.023,0.001,0.03
camera,1790323562.54,0.020,0.001,0.05
camera,1790323563.04,0.017,0.004,0.10
camera,1790323563.54,0.014,0.004,0.02
camera,1790323564.01,0.016,0.004,0.06
camera,1790323564.54,0.018,0.004,0.05
camera,1790323565.01,0.020,0.004,0.06
camera,1790323565.54,0.016,0.004,0.04
camera,1790323566.04,0.009,0.004,-0.03
camera,1790323566.51,0.014,0.004,0.06
camera,1790323567.04,0.017,0.004,0.04
camera,1790323567.51,0.013,0.004,0.06
camera,1790323568.01,0.017,0.004,0.10
camera,1790323568.51,0.015,0.004,0.05
camera,1790323569.01,0.045,0.003,0.02
camera,1790323569.55,0.039,0.003,0.01
camera,1790323570.01,0.183,-0.001,-0.59
camera,1790323570.55,0.197,-0.001,-0.52
camera,1790323571.01,0.199,-0.001,-0.57
camera,1790323571.58,0.199,-0.001,-0.58
camera,1790323572.05,0.199,-0.001,-0.53
camera,1790323572.51,0.202,-0.001,-0.55
camera,1790323573.08,0.199,-0.001,-0.55
camera,1790323573.55,0.196,-0.001,-0.53
camera,1790323574.01,0.196,-0.001,-0.55
camera,1790323574.51,0.198,-0.001,-0.54
camera,1790323575.01,0.198,-0.001,-0.55
camera,1790323578.58,0.196,-0.001,-0.54
camera,1790323579.08,0.192,-0.001,-0.54
camera,1790323579.55,0.199,-0.002,-0.55
camera,1790323580.05,0.203,-0.002,-0.56
camera,1790323580.51,0.197,-0.002,-0.55
camera,1790323581.05,0.209,-0.002,-0.54
camera,1790323581.51,0.202,-0.002,-0.51
camera,1790323582.05,0.203,-0.002,-0.53
camera,1790323582.51,0.208,-0.002,-0.52
camera,1790323583.05,0.202,-0.001,-0.53
camera,1790323583.61,0.201,-0.001,-0.54
camera,1790323584.08,0.201,-0.001,-0.53
camera,1790323584.55,0.206,-0.001,-0.52
camera,1790323585.01,0.202,-0.001,-0.54
camera,1790323585.55,0.194,-0.001,-0.52
camera,1790323586.01,0.206,-0.001,-0.51
camera,1790323586.55,0.200,-0.001,-0.52
camera,1790323587.01,0.201,-0.001,-0.53
camera,1790323587.51,0.201,-0.001,-0.52
camera,1790323588.05,0.200,-0.001,-0.54
camera,1790323588.51,0.196,-0.001,-0.57
camera,1790323589.05,0.203,-0.001,-0.49
camera,1790323589.51,0.209,-0.001,-0.50
camera,1790323590.05,0.213,-0.001,-0.53
camera,1790323590.55,0.192,-0.001,-0.56
camera,1790323591.05,0.211,-0.001,-0.53
camera,1790323591.51,0.201,-0.001,-0.54
camera,1790323684.51,0.025,-0.000,88.65
camera,1790323685.05,0.025,0.001,88.63
camera,1790323685.51,0.025,0.004,88.66
camera,1790323686.05,0.025,0.002,88.64
camera,1790323686.55,0.025,0.002,88.63
camera,1790323687.05,0.026,0.004,88.62
camera,1790323687.55,0.026,0.003,88.61
camera,1790323688.01,0.025,0.001,88.67
camera,1790323688.55,0.025,-0.000,88.68
camera,1790323689.01,0.025,0.002,88.64
camera,1790323689.55,0.025,0.004,88.68
camera,1790323690.01,0.026,0.006,88.62
camera,1790323690.55,0.025,0.001,88.67
camera,1790323691.01,0.025,0.004,88.64
camera,1790323691.58,0.025,0.003,88.66
camera,1790323692.05,0.025,0.003,88.68
camera,1790323692.51,0.025,0.003,88.65
camera,1790323693.05,0.025,0.003,88.65
camera,1790323693.51,0.025,0.003,88.68
camera,1790323694.05,0.025,0.001,88.64
camera,1790323694.51,0.025,-0.000,88.64
camera,1790323695.05,0.025,0.001,88.65
camera,1790323695.58,0.025,0.004,88.65
camera,1790323696.11,0.025,0.001,88.64
camera,1790323696.61,0.025,0.001,88.65
camera,1790323697.05,0.025,0.002,88.65
camera,1790323697.55,0.025,0.001,88.65
camera,1790323698.01,0.025,0.002,88.63
camera,1790323698.55,0.025,0.001,88.64
camera,1790323699.01,0.025,0.003,88.62
camera,1790323699.55,0.026,0.005,88.64
camera,1790323700.08,0.025,0.002,88.65
camera,1790323700.55,0.025,0.002,88.64
camera,1790323701.01,0.025,0.002,88.65
camera,1790323701.55,0.025,0.002,88.67
camera,1790323702.05,0.025,0.003,88.64
camera,1790323702.51,0.025,-0.001,88.65
camera,1790323703.05,0.025,0.002,88.66
camera,1790323703.51,0.025,0.003,88.64
camera,1790323704.05,0.025,0.003,88.64
camera,1790323704.51,0.025,0.003,88.66
camera,1790323705.05,0.025,0.001,88.65
camera,1790323705.51,0.025,0.002,88.64
camera,1790323706.01,0.025,0.002,88.66
camera,1790323706.51,0.025,0.002,88.66
camera,1790323707.01,0.026,0.004,88.63
camera,1790323707.55,0.025,-0.000,88.65
camera,1790323708.01,0.026,0.005,88.63
camera,1790323708.55,0.026,0.002,88.66
camera,1790323709.01,0.026,0.005,88.64
camera,1790323709.55,0.026,0.003,88.66
camera,1790323710.05,0.026,0.002,88.62
camera,1790323710.55,0.026,0.003,88.64
camera,1790323711.05,0.026,0.003,88.66
camera,1790323711.51,0.026,0.003,88.66
camera,1790323712.05,0.025,0.001,88.67
camera,1790323712.51,0.025,0.002,88.66
camera,1790323713.05,0.025,-0.000,88.66
camera,1790323713.51,0.026,0.002,88.67
camera,1790323714.11,0.026,0.005,88.65
camera,1790323714.58,0.025,0.002,88.65
camera,1790323715.08,0.025,0.002,88.64
camera,1790323715.51,0.025,-0.000,88.65
camera,1790323716.08,0.026,0.005,88.67
camera,1790323716.61,0.025,0.003,88.66
camera,1790323717.01,0.026,0.005,88.65
camera,1790323717.55,0.025,0.001,88.65
camera,1790323718.01,0.025,0.001,88.68
camera,1790323718.55,0.026,0.003,88.64
camera,1790323719.01,0.026,0.001,88.66
camera,1790323719.51,0.025,0.000,88.64
camera,1790323720.11,0.025,-0.000,88.66
camera,1790323720.58,0.025,0.001,88.67
camera,1790323721.05,0.026,0.003,88.64
camera,1790323721.58,0.026,0.004,88.64
camera,1790323722.15,0.026,0.006,88.69
camera,1790323722.61,0.025,0.001,88.67
camera,1790323723.01,0.026,0.002,88.65
camera,1790323723.55,0.026,0.001,88.65
camera,1790323724.01,0.026,0.002,88.65
camera,1790323724.55,0.026,0.001,88.62
camera,1790323725.01,0.026,0.003,88.67
camera,1790323725.55,0.026,0.000,88.66
camera,1790323726.01,0.026,0.002,88.64
camera,1790323726.51,0.025,-0.000,88.64
camera,1790323727.05,0.025,-0.001,88.63
camera,1790323727.51,0.025,0.003,88.65
camera,1790323728.05,0.025,-0.000,88.65
camera,1790323728.58,0.025,0.001,88.66
camera,1790323729.05,0.025,-0.002,88.65
camera,1790323729.55,0.025,-0.002,88.62
camera,1790323730.05,0.025,0.003,88.66
camera,1790323730.55,0.025,-0.002,88.62
camera,1790323731.05,0.025,0.001,88.63
camera,1790323731.55,0.025,-0.002,88.64
camera,1790323732.01,0.025,0.003,88.65
camera,1790323732.51,0.025,0.003,88.64
camera,1790323733.05,0.025,0.001,88.67
camera,1790323733.58,0.025,0.000,88.68
camera,1790323734.05,0.025,-0.001,88.67
camera,1790323734.51,0.025,0.004,88.63
camera,1790323735.05,0.025,0.001,88.66
camera,1790323735.51,0.025,0.002,88.66
camera,1790323736.05,0.025,-0.000,88.67
camera,1790323736.51,0.025,0.002,88.64
camera,1790323737.05,0.025,0.002,88.64
camera,1790323737.55,0.025,0.002,88.64
camera,1790323738.01,0.025,0.001,88.68
camera,1790323738.55,0.025,0.001,88.64
camera,1790323739.08,0.025,0.001,88.64
camera,1790323739.51,0.026,0.005,88.65
camera,1790323740.05,0.025,0.003,88.66
camera,1790323740.51,0.025,0.002,88.66
camera,1790323741.05,0.025,0.001,88.65
camera,1790323741.51,0.025,0.002,88.64
camera,1790323742.01,0.025,0.000,88.62
camera,1790323742.51,0.025,0.003,88.65
camera,1790323743.08,0.025,0.000,88.66
camera,1790323743.55,0.025,0.002,88.64
camera,1790323744.01,0.025,0.001,88.64
camera,1790323744.61,0.025,0.001,88.65
camera,1790323745.01,0.025,0.002,88.65
camera,1790323745.55,0.025,0.001,88.66
camera,1790323746.01,0.025,0.002,88.62
camera,1790323849.65,0.042,0.007,1.26
camera,1790323850.08,0.035,0.006,1.28
camera,1790323850.51,0.036,0.006,1.26
camera,1790323851.01,0.037,0.006,1.27
camera,1790323851.55,0.034,0.006,1.30
camera,1790323852.01,0.038,0.006,1.30
camera,1790323852.61,0.035,0.006,1.29
camera,1790323853.01,0.033,0.006,1.28
camera,1790323853.55,0.037,0.006,1.30
camera,1790323854.01,0.036,0.006,1.29
camera,1790323854.61,0.038,0.006,1.25
camera,1790323855.01,0.032,0.006,1.30
camera,1790323855.55,0.033,0.006,1.31
camera,1790323856.05,0.034,0.006,1.28
camera,1790323856.51,0.037,0.006,1.30
camera,1790323857.05,0.035,0.006,1.30
camera,1790323857.58,0.035,0.006,1.31
camera,1790323858.08,0.040,0.007,1.31
camera,1790323858.55,0.035,0.006,1.29
camera,1790323859.08,0.033,0.006,1.31
camera,1790323859.55,0.036,0.006,1.29
camera,1790323860.01,0.038,0.006,1.31
camera,1790323860.55,0.032,0.006,1.28
camera,1790323861.01,0.033,0.006,1.32
camera,1790323861.51,0.035,0.006,1.28
camera,1790323862.08,0.038,0.006,1.28
camera,1790323862.55,0.036,0.006,1.29
camera,1790323863.01,0.037,0.006,1.29
camera,1790323863.51,0.036,0.006,1.30
camera,1790323864.05,0.036,0.006,1.31
camera,1790323864.58,0.038,0.006,1.31
camera,1790323865.05,0.036,0.006,1.28
camera,1790323865.58,0.036,0.006,1.29
camera,1790323866.11,0.033,0.006,1.26
camera,1790323866.58,0.036,0.006,1.31
camera,1790323867.05,0.036,0.006,1.28
camera,1790323867.58,0.039,0.007,1.30
camera,1790323868.15,0.038,0.006,1.32
camera,1790323868.55,0.036,0.006,1.29
camera,1790323869.08,0.034,0.006,1.28
camera,1790323869.61,0.039,0.007,1.30
camera,1790323870.01,0.035,0.006,1.32
camera,1790323870.61,0.037,0.006,1.30
camera,1790323871.01,0.036,0.006,1.26
camera,1790323871.55,0.037,0.006,1.28
camera,1790323872.08,0.032,0.006,1.30
camera,1790323872.58,0.035,0.006,1.28
camera,1790323873.01,0.032,0.006,1.31
camera,1790323873.58,0.037,0.006,1.31
camera,1790323874.11,0.038,0.007,1.30
camera,1790323874.51,0.038,0.007,1.33
camera,1790323875.05,0.041,0.007,1.31
camera,1790323875.58,0.037,0.006,1.29
camera,1790323876.11,0.035,0.006,1.32
camera,1790323876.51,0.036,0.006,1.31
camera,1790323877.05,0.034,0.006,1.31
camera,1790323877.61,0.032,0.006,1.29
camera,1790323878.11,0.032,0.006,1.29
camera,1790323878.61,0.035,0.006,1.29
camera,1790323879.01,0.035,0.006,1.34
camera,1790323879.55,0.031,0.006,1.30
camera,1790323880.01,0.039,0.007,1.29
camera,1790323880.55,0.034,0.006,1.28
camera,1790323881.08,0.036,0.006,1.30
camera,1790323881.65,0.039,0.007,1.31
camera,1790323882.05,0.037,0.006,1.28
camera,1790323882.58,0.037,0.007,1.31
camera,1790323883.11,0.034,0.006,1.32
camera,1790323883.51,0.038,0.007,1.30
camera,1790323884.11,0.039,0.007,1.27
camera,1790323884.51,0.038,0.006,1.28
camera,1790323885.05,0.034,0.006,1.31
camera,1790323885.58,0.032,0.006,2.71
camera,1790323886.01,0.030,0.006,6.80
camera,1790323886.51,0.029,0.006,12.23
camera,1790323887.08,0.028,0.006,18.52
camera,1790323887.61,0.030,0.006,24.63
camera,1790323888.01,0.033,0.009,29.06
camera,1790323888.55,0.036,0.011,34.90
camera,1790323889.01,0.042,0.016,40.21
camera,1790323889.55,0.045,0.020,45.93
camera,1790323890.05,0.051,0.027,51.46
camera,1790323890.58,0.054,0.033,57.37
camera,1790323891.05,0.055,0.036,62.60
camera,1790323891.51,0.059,0.046,67.85
camera,1790323892.05,0.061,0.055,73.74
camera,1790323892.51,0.063,0.067,78.94
camera,1790323893.05,0.063,0.078,84.69
camera,1790323893.51,0.063,0.094,89.72
camera,1790323894.08,0.062,0.099,91.60
camera,1790323894.51,0.062,0.099,91.53
camera,1790323895.01,0.061,0.102,91.55
camera,1790323895.55,0.062,0.102,91.52
camera,1790323896.01,0.062,0.101,91.51
camera,1790323896.55,0.061,0.103,91.53
camera,1790323897.01,0.061,0.102,91.50
camera,1790323897.55,0.062,0.099,91.53
camera,1790323898.01,0.061,0.103,91.51
camera,1790323898.55,0.062,0.095,91.51
camera,1790323899.01,0.061,0.100,91.50
camera,1790323899.51,0.061,0.099,91.50
camera,1790323900.05,0.061,0.101,91.52
camera,1790323900.51,0.061,0.100,91.51
camera,1790323901.05,0.061,0.102,91.51
camera,1790323901.51,0.061,0.103,91.50
camera,1790323902.05,0.061,0.103,91.52
camera,1790323902.55,0.061,0.106,91.51
camera,1790323903.08,0.061,0.104,91.50
camera,1790323903.55,0.061,0.101,91.51
camera,1790323904.01,0.061,0.100,91.52
camera,1790323904.55,0.061,0.107,91.50
camera,1790323905.01,0.061,0.101,91.52
camera,1790323905.55,0.061,0.102,91.53
camera,1790323906.05,0.061,0.107,91.54
camera,1790323906.51,0.061,0.100,91.55
camera,1790323907.05,0.061,0.101,91.50
camera,1790323907.51,0.061,0.105,91.52
camera,1790323908.05,0.061,0.099,91.50
camera,1790323908.51,0.061,0.103,91.51
camera,1790323909.05,0.061,0.108,91.53
camera,1790323909.51,0.061,0.100,91.53
camera,1790323910.05,0.061,0.102,91.52
camera,1790323910.55,0.061,0.101,91.52
camera,1790323911.05,0.061,0.100,91.54
camera,1790323911.55,0.061,0.106,91.51
camera,1790323912.01,0.061,0.102,91.56
camera,1790323912.55,0.061,0.094,91.50
camera,1790323913.01,0.061,0.103,91.56
camera,1790323913.55,0.061,0.100,91.55
camera,1790323914.01,0.061,0.105,91.55
camera,1790323914.55,0.061,0.101,91.48
camera,1790323915.01,0.061,0.103,91.51
camera,1790323915.55,0.060,0.104,91.52
camera,1790323916.01,0.061,0.098,91.50
camera,1790323916.51,0.061,0.098,91.49
camera,1790323917.05,0.060,0.101,91.53
camera,1790323917.51,0.061,0.098,91.52
camera,1790323918.05,0.060,0.099,91.55
camera,1790323918.51,0.061,0.096,91.49
camera,1790323919.01,0.060,0.102,91.52
camera,1790323919.55,0.060,0.102,91.55
camera,1790323920.01,0.060,0.100,91.52
camera,1790323920.55,0.060,0.099,91.53
camera,1790323921.01,0.060,0.098,91.52
camera,1790323921.55,0.060,0.098,91.51
camera,1790323922.05,0.060,0.100,91.50
camera,1790323922.51,0.060,0.098,91.51
camera,1790323923.01,0.060,0.102,91.56
camera,1790323923.51,0.060,0.099,91.47
camera,1790323924.05,0.060,0.096,91.51
camera,1790323924.51,0.060,0.102,91.52
camera,1790323925.05,0.060,0.103,91.53
camera,1790323925.51,0.060,0.101,91.51
camera,1790323926.01,0.060,0.101,91.50
camera,1790323926.55,0.060,0.100,91.51
camera,1790323927.01,0.060,0.097,91.51
camera,1790323927.55,0.060,0.100,91.49
camera,1790323928.01,0.060,0.102,91.50
camera,1790323928.55,0.060,0.100,91.52
camera,1790323929.01,0.060,0.098,91.50
camera,1790323929.61,0.060,0.097,91.54
camera,1790323930.01,0.060,0.096,91.53
camera,1790323930.55,0.060,0.095,91.51
camera,1790323931.05,0.060,0.102,91.50
camera,1790323931.51,0.060,0.105,91.50
camera,1790323932.05,0.060,0.101,91.48
camera,1790323932.51,0.060,0.100,91.52
camera,1790323933.05,0.060,0.101,91.47
camera,1790323933.51,0.060,0.102,91.54
camera,1790323934.08,0.060,0.102,91.51
camera,1790323934.51,0.060,0.098,91.49
camera,1790323935.01,0.060,0.097,91.48
camera,1790323935.55,0.060,0.102,91.47
camera,1790323936.08,0.060,0.102,91.50
camera,1790323936.55,0.060,0.099,91.49
camera,1790323937.01,0.060,0.097,91.49
camera,1790323937.55,0.060,0.100,91.52
camera,1790323938.11,0.060,0.097,91.43
camera,1790323938.55,0.060,0.091,86.15
camera,1790323939.08,0.057,0.080,77.70
camera,1790323939.55,0.053,0.068,72.06
camera,1790323940.01,0.053,0.069,69.08
camera,1790323940.51,0.050,0.063,65.18
camera,1790323941.05,0.052,0.067,60.97
camera,1790323941.51,0.048,0.062,57.33
camera,1790323942.11,0.048,0.061,51.89
camera,1790323942.55,0.045,0.058,47.85
camera,1790323943.01,0.045,0.059,43.10
camera,1790323943.55,0.039,0.054,35.69
camera,1790323944.01,0.039,0.054,29.08
camera,1790323944.55,0.039,0.054,21.49
camera,1790323945.08,0.037,0.053,13.81
camera,1790323945.55,0.042,0.054,7.24
camera,1790323946.01,0.049,0.053,0.73
camera,1790323946.58,0.050,0.053,-0.81
camera,1790323947.05,0.050,0.053,-0.78
camera,1790323947.51,0.045,0.053,-0.80
camera,1790323948.05,0.048,0.053,-0.79
camera,1790323948.51,0.047,0.053,-0.81
camera,1790323949.05,0.050,0.053,-0.79
camera,1790323949.51,0.050,0.053,-0.76
camera,1790323950.05,0.054,0.053,-0.77
camera,1790323950.51,0.043,0.053,-0.77
camera,1790323951.05,0.051,0.053,-0.75
camera,1790323951.51,0.052,0.053,-0.75
camera,1790323952.01,0.053,0.053,-0.78
camera,1790323952.55,0.050,0.053,-0.77
camera,1790323953.01,0.050,0.053,-0.76
camera,1790323953.55,0.051,0.053,-0.76
camera,1790323954.01,0.051,0.053,-0.79
camera,1790323954.55,0.047,0.053,-0.76
camera,1790323955.01,0.051,0.053,-0.80
camera,1790323955.55,0.047,0.053,-0.79
camera,1790323956.01,0.052,0.053,-0.77
camera,1790323956.51,0.051,0.053,-0.74
camera,1790323957.05,0.050,0.053,-0.78
camera,1790323957.51,0.049,0.053,-0.78
camera,1790323958.05,0.045,0.053,-0.78
camera,1790323958.51,0.052,0.053,-0.79
camera,1790323959.05,0.048,0.053,-0.76
camera,1790323959.51,0.047,0.054,-0.75
camera,1790323960.05,0.049,0.053,-0.76
camera,1790323960.51,0.047,0.053,-0.78
camera,1790323961.01,0.048,0.053,-0.79
camera,1790323961.55,0.052,0.053,-0.79
camera,1790323962.01,0.046,0.053,-0.79
camera,1790323962.55,0.047,0.053,-0.75
camera,1790323963.01,0.051,0.053,-0.78
camera,1790323963.55,0.049,0.053,-0.78
camera,1790323964.01,0.048,0.053,-0.77
camera,1790323964.55,0.048,0.053,-0.78
camera,1790323965.05,0.046,0.053,-0.75
camera,1790323965.55,0.046,0.053,-0.74
camera,1790323966.05,0.047,0.053,-0.77
camera,1790323966.51,0.047,0.053,-0.81
camera,1790323967.05,0.049,0.053,-0.75
camera,1790323967.51,0.053,0.053,-0.77
camera,1790323968.05,0.049,0.054,-0.76
camera,1790323968.51,0.052,0.053,-0.77
camera,1790323969.05,0.047,0.054,-0.79
camera,1790323969.51,0.049,0.054,-0.76
camera,1790323970.05,0.050,0.054,-0.77
camera,1790323970.51,0.044,0.054,-0.77
camera,1790323971.08,0.048,0.054,-0.81
camera,1790323971.55,0.051,0.054,-0.77
camera,1790323972.01,0.050,0.054,-0.79
camera,1790323972.51,0.050,0.054,-0.78
camera,1790323973.05,0.049,0.054,-0.74
camera,1790323973.51,0.056,0.053,-0.79
camera,1790323974.05,0.045,0.054,-0.79
camera,1790323974.51,0.049,0.054,-0.77
camera,1790323975.05,0.053,0.054,-0.78
camera,1790323975.51,0.049,0.054,-0.81
camera,1790323976.05,0.051,0.054,-0.75
camera,1790323976.51,0.049,0.054,-0.77
camera,1790323977.01,0.053,0.054,-0.77
camera,1790323977.55,0.052,0.054,-0.77
camera,1790323978.01,0.052,0.054,-0.80
camera,1790323978.55,0.051,0.054,-0.80
camera,1790323979.01,0.052,0.054,-0.78
camera,1790323979.51,0.052,0.054,-0.76
camera,1790323980.05,0.048,0.054,-0.78
camera,1790323980.51,0.049,0.054,-0.76
camera,1790323981.05,0.054,0.054,-0.78
camera,1790323981.51,0.054,0.054,-0.80
camera,1790323982.05,0.054,0.054,-0.79
camera,1790323982.51,0.048,0.054,-0.75
camera,1790323983.05,0.052,0.054,-0.76
camera,1790323983.51,0.051,0.054,-0.75
camera,1790323984.05,0.053,0.054,-0.77
camera,1790323984.55,0.052,0.054,-0.79
camera,1790323985.08,0.052,0.054,-0.75
camera,1790323985.55,0.052,0.054,-0.80
camera,1790323986.01,0.050,0.054,-0.81
camera,1790323986.61,0.051,0.054,-0.77
camera,1790323987.01,0.053,0.053,-0.77
camera,1790323987.55,0.054,0.053,-0.76
camera,1790323988.01,0.050,0.054,-0.78
camera,1790323988.58,0.054,0.053,-0.79
camera,1790323989.01,0.047,0.054,-0.76
camera,1790323989.58,0.050,0.053,-0.77
camera,1790323990.05,0.055,0.053,-0.76
camera,1790323990.51,0.049,0.054,-0.77
camera,1790323991.05,0.054,0.053,-0.79
camera,1790323991.51,0.050,0.053,-0.78
camera,1790323992.05,0.053,0.053,-0.78
camera,1790323992.51,0.051,0.054,-0.75
camera,1790323993.05,0.052,0.054,-0.79
camera,1790323993.51,0.055,0.053,-0.79
camera,1790323994.05,0.047,0.054,-0.77
camera,1790323994.55,0.050,0.053,-0.77
camera,1790323995.01,0.045,0.054,-0.77
camera,1790323995.55,0.050,0.053,-0.77
camera,1790323996.01,0.052,0.053,-0.78
camera,1790323996.55,0.047,0.053,-0.78
camera,1790323997.01,0.051,0.053,-0.76
camera,1790323997.55,0.049,0.053,-0.76
camera,1790323998.01,0.047,0.053,-0.78
camera,1790323998.55,0.049,0.053,-0.76
camera,1790323999.05,0.055,0.053,-0.76
camera,1790323999.51,0.052,0.053,-0.79
camera,1790324000.05,0.053,0.053,-0.76
camera,1790324000.51,0.054,0.053,-0.76
camera,1790324001.05,0.051,0.053,-0.78
camera,1790324001.51,0.049,0.053,-0.77
camera,1790324002.05,0.053,0.053,-0.77
camera,1790324002.51,0.051,0.053,-0.78
camera,1790324003.01,0.052,0.053,-0.75
camera,1790324003.55,0.052,0.053,-0.78
camera,1790324004.01,0.050,0.053,-0.78
camera,1790324004.55,0.047,0.053,-0.77
camera,1790324005.01,0.053,0.053,-0.78
camera,1790324005.55,0.054,0.053,-0.77
camera,1790324006.01,0.084,0.053,-0.58
camera,1790324007.71,0.074,0.048,-4.86
camera,1790324008.01,0.070,0.049,-4.72
camera,1790324008.51,0.070,0.049,-4.70
camera,1790324009.05,0.069,0.049,-4.69
camera,1790324009.51,0.072,0.048,-4.68
camera,1790324010.08,0.071,0.049,-4.68
camera,1790324010.51,0.067,0.049,-4.66
camera,1790324011.08,0.068,0.049,-4.70
camera,1790324011.55,0.074,0.048,-4.70
camera,1790324012.08,0.072,0.048,-4.71
camera,1790324012.55,0.070,0.049,-4.66
camera,1790324013.01,0.071,0.048,-4.72
camera,1790324013.61,0.070,0.049,-4.69
camera,1790324014.01,0.072,0.048,-4.67
camera,1790324014.55,0.073,0.048,-4.66
camera,1790324015.11,0.069,0.049,-4.72
camera,1790324015.55,0.068,0.049,-4.68
camera,1790324016.01,0.069,0.049,-4.72
camera,1790324016.51,0.071,0.049,-4.70
camera,1790324017.11,0.073,0.048,-4.68
camera,1790324017.61,0.074,0.048,-4.71
camera,1790324018.05,0.067,0.049,-4.69
camera,1790324018.55,0.070,0.049,-4.72
camera,1790324019.08,0.068,0.049,-4.69
camera,1790324019.55,0.070,0.049,-4.70
camera,1790324020.05,0.066,0.049,-4.67
camera,1790324020.51,0.072,0.048,-4.70
camera,1790324021.05,0.071,0.048,-4.69
camera,1790324021.58,0.068,0.049,-4.68
camera,1790324022.05,0.068,0.049,-4.69
camera,1790324022.55,0.072,0.048,-4.70
camera,1790324023.01,0.063,0.049,-4.69
camera,1790324023.55,0.070,0.048,-4.71
camera,1790324024.01,0.070,0.048,-4.69
camera,1790324024.58,0.070,0.048,-4.67
camera,1790324025.05,0.071,0.048,-4.68
camera,1790324025.58,0.072,0.048,-4.70
camera,1790324026.05,0.071,0.048,-4.71
camera,1790324026.58,0.069,0.049,-4.69
camera,1790324027.11,0.065,0.049,-4.69
camera,1790324027.51,0.068,0.049,-4.70
camera,1790324028.01,0.071,0.048,-4.69
camera,1790324028.61,0.072,0.048,-4.69
camera,1790324029.01,0.068,0.049,-4.65
camera,1790324029.61,0.068,0.049,-4.67
camera,1790324030.01,0.069,0.049,-4.72
camera,1790324030.61,0.072,0.048,-4.71
camera,1790324031.08,0.067,0.049,-4.67
camera,1790324031.55,0.072,0.048,-4.68
camera,1790324032.01,0.072,0.048,-4.71
camera,1790324032.55,0.071,0.048,-4.69
camera,1790324033.08,0.069,0.048,-4.68
camera,1790324033.58,0.069,0.049,-4.68
camera,1790324034.11,0.067,0.049,-4.70
camera,1790324034.51,0.093,0.047,-4.71
camera,1790324035.05,0.077,0.048,-4.67
camera,1790324035.58,0.069,0.049,-4.67
camera,1790324036.11,0.073,0.048,-4.68
camera,1790324036.58,0.070,0.048,-4.67
camera,1790324037.11,0.067,0.049,-4.70
camera,1790324037.51,0.072,0.048,-4.68
camera,1790324038.05,0.071,0.048,-4.68
camera,1790324038.55,0.076,0.048,-4.72
camera,1790324039.08,0.068,0.049,-4.70
camera,1790324039.61,0.072,0.048,-4.70
camera,1790324040.01,0.070,0.048,-4.65
camera,1790324040.55,0.071,0.048,-4.69
camera,1790324041.11,0.075,0.048,-4.69
camera,1790324041.51,0.071,0.048,-4.66
camera,1790324042.05,0.070,0.048,-4.66
camera,1790324042.58,0.070,0.048,-4.68
camera,1790324043.11,0.073,0.048,-4.63
camera,1790324043.51,0.069,0.048,-4.69
camera,1790324046.68,0.076,0.048,-4.69
camera,1790324047.08,0.075,0.048,-4.66
camera,1790324047.51,0.067,0.049,-4.67
camera,1790324048.05,0.067,0.049,-4.69
camera,1790324048.58,0.072,0.048,-4.71
camera,1790324049.11,0.069,0.049,-4.69
camera,1790324049.51,0.069,0.048,-4.70
camera,1790324050.05,0.072,0.048,-4.68
camera,1790324050.61,0.074,0.048,-4.65
camera,1790324051.01,0.068,0.049,-4.66
camera,1790324051.55,0.070,0.048,-4.69
camera,1790324052.01,0.073,0.048,-4.72
camera,1790324052.55,0.075,0.048,-4.69
camera,1790324053.08,0.074,0.048,-4.68
camera,1790324053.55,0.073,0.048,-4.67
camera,1790324054.08,0.071,0.048,-4.70
camera,1790324054.61,0.071,0.048,-4.69
camera,1790324055.01,0.075,0.048,-4.71
camera,1790324055.58,0.070,0.048,-4.72
camera,1790324056.08,0.074,0.048,-4.71
camera,1790324056.51,0.071,0.048,-4.71
camera,1790324057.11,0.072,0.048,-4.72
camera,1790324057.51,0.073,0.048,-4.68
camera,1790324058.05,0.072,0.048,-4.69
camera,1790324058.58,0.072,0.048,-4.69
camera,1790324059.11,0.072,0.048,-4.71
camera,1790324059.51,0.071,0.048,-4.68
camera,1790324060.05,0.068,0.049,-4.70
camera,1790324060.61,0.073,0.048,-4.71
camera,1790324061.15,0.070,0.048,-4.66
camera,1790324061.55,0.066,0.049,-4.68
camera,1790324062.01,0.070,0.048,-4.66
camera,1790324062.55,0.071,0.048,-4.69
camera,1790324063.08,0.073,0.048,-4.68
camera,1790324063.51,0.077,0.048,-4.67
camera,1790324064.11,0.069,0.049,-4.66
camera,1790324064.51,0.075,0.048,-4.65
camera,1790324065.01,0.068,0.049,-4.66
camera,1790324065.51,0.072,0.048,-4.68
camera,1790324066.08,0.068,0.049,-4.68
camera,1790324066.61,0.074,0.048,-4.67
camera,1790324067.01,0.068,0.049,-4.68
camera,1790324067.58,0.066,0.049,-4.71
camera,1790324068.11,0.071,0.048,-4.68
camera,1790324068.51,0.072,0.048,-4.70
camera,1790324069.05,0.069,0.049,-4.67
camera,1790324069.58,0.073,0.048,-4.66
