t_epoch,blend_x,blend_y,blend_yaw_deg,camera_gyro_turn_rate_dps,n_camera_gyro
1790509182.0,0.0014,-0.0001,-0.04,-0.095,6
1790509182.1,0.0014,-0.0001,-0.04,-0.030,24
1790509182.2,0.0019,-0.0001,-0.04,-0.015,28
1790509182.3,0.0019,-0.0001,-0.05,-0.073,25
1790509182.4,0.0019,-0.0001,-0.05,0.019,25
1790509182.5,0.0011,-0.0001,-0.05,-0.016,24
1790509182.6,0.0011,-0.0001,-0.05,-0.003,24
1790509182.7,0.0011,-0.0001,-0.05,-0.029,27
1790509182.8,0.0011,-0.0001,-0.05,-0.013,25
1790509182.9,0.0013,-0.0001,-0.05,0.055,25
1790509183.0,0.0017,-0.0001,-0.04,0.031,25
1790509183.1,0.0017,-0.0001,-0.04,0.014,23
1790509183.2,0.0017,-0.0001,-0.04,-0.012,24
1790509183.3,0.0017,-0.0001,-0.04,0.001,22
1790509183.4,0.0021,-0.0001,-0.04,0.013,23
1790509183.5,0.0021,-0.0001,-0.04,0.035,25
1790509183.6,0.0020,-0.0001,-0.04,0.002,24
1790509183.7,0.0020,-0.0001,-0.04,-0.013,26
1790509183.8,0.0016,-0.0001,-0.04,0.027,22
1790509183.9,0.0016,-0.0001,-0.04,0.030,25
1790509184.0,0.0025,-0.0001,-0.04,0.024,25
1790509184.1,0.0025,-0.0001,-0.03,0.015,26
1790509184.2,0.0023,-0.0001,-0.04,-0.005,25
1790509184.3,0.0025,-0.0001,-0.04,-0.014,27
1790509184.4,0.0025,-0.0001,-0.04,-0.024,24
1790509184.5,0.0022,-0.0001,-0.04,-0.023,25
1790509184.6,0.0022,-0.0001,-0.04,0.025,23
1790509184.7,0.0022,-0.0001,-0.05,-0.017,25
1790509184.8,0.0022,-0.0001,-0.04,-0.007,22
1790509184.9,0.0022,-0.0001,-0.05,0.017,24
1790509185.0,0.0025,-0.0001,-0.05,-0.048,26
1790509185.1,0.0025,-0.0001,-0.05,-0.019,29
1790509185.2,0.0026,-0.0001,-0.05,0.043,22
1790509185.3,0.0025,-0.0001,-0.05,-0.002,24
1790509185.4,0.0025,-0.0001,-0.05,0.025,26
1790509185.5,0.0017,-0.0001,-0.06,-0.057,25
1790509185.6,0.0019,-0.0001,-0.05,-0.011,28
1790509185.7,0.0029,-0.0001,-0.05,0.013,26
1790509185.8,0.0029,-0.0001,-0.05,0.018,25
1790509185.9,0.0030,-0.0001,-0.05,0.026,26
1790509186.0,0.0023,-0.0001,-0.05,-0.007,23
1790509186.1,0.0023,-0.0001,-0.05,-0.029,27
1790509186.2,0.0027,-0.0001,-0.05,-0.013,22
1790509186.3,0.0027,-0.0001,-0.05,-0.017,23
1790509186.4,0.0029,-0.0001,-0.05,0.003,25
1790509186.5,0.0029,-0.0001,-0.05,0.030,24
1790509186.6,0.0027,-0.0001,-0.05,0.002,24
1790509186.7,0.0027,-0.0001,-0.05,-0.009,27
1790509186.8,0.0026,-0.0001,-0.06,0.010,26
1790509186.9,0.0026,-0.0001,-0.05,-0.006,29
1790509187.0,0.0026,-0.0001,-0.05,-0.007,23
1790509187.1,0.0028,-0.0001,-0.06,-0.021,25
1790509187.2,0.0028,-0.0001,-0.06,-0.018,25
1790509187.3,0.0025,-0.0001,-0.06,0.006,26
1790509187.4,0.0027,-0.0001,-0.06,-0.043,23
1790509187.5,0.0027,-0.0001,-0.06,-0.036,25
1790509187.6,0.0025,-0.0001,-0.06,0.018,26
1790509187.7,0.0028,-0.0001,-0.06,-0.015,26
1790509187.8,0.0028,-0.0001,-0.06,-0.025,24
1790509187.9,0.0028,-0.0001,-0.06,-0.002,23
1790509188.0,0.0028,-0.0001,-0.06,-0.008,25
1790509188.1,0.0025,-0.0001,-0.06,0.013,23
1790509188.2,0.0024,-0.0001,-0.06,-0.024,25
1790509188.3,0.0024,-0.0001,-0.06,0.034,22
1790509188.4,0.0024,-0.0001,-0.06,0.000,24
1790509188.5,0.0026,-0.0001,-0.06,-0.038,21
1790509188.6,0.0026,-0.0001,-0.06,-0.061,24
1790509188.7,0.0027,-0.0001,-0.06,-0.019,23
1790509188.8,0.0029,-0.0001,-0.06,-0.025,24
1790509188.9,0.0009,-0.0001,-0.06,-0.002,25
1790509189.0,0.0009,-0.0001,-0.06,0.032,25
1790509189.1,0.0016,-0.0001,-0.06,0.022,26
1790509189.2,0.0016,-0.0001,-0.06,0.031,24
1790509189.3,0.0018,-0.0001,-0.06,0.029,24
1790509189.4,0.0019,-0.0001,-0.06,0.008,23
1790509189.5,0.0019,-0.0001,-0.06,-0.002,24
1790509189.6,0.0020,-0.0001,-0.06,0.062,24
1790509189.7,0.0021,-0.0001,-0.06,-0.026,26
1790509189.8,0.0021,-0.0001,-0.06,-0.019,23
1790509189.9,0.0017,-0.0001,-0.06,-0.034,25
1790509190.0,0.0028,-0.0001,-0.06,-0.022,23
1790509190.1,0.0022,-0.0001,-0.06,0.005,25
1790509190.2,0.0022,-0.0001,-0.06,-0.027,24
1790509190.3,0.0020,-0.0001,-0.06,0.012,26
1790509190.4,0.0028,-0.0001,-0.06,0.016,24
1790509190.5,0.0032,-0.0001,-0.06,0.018,26
1790509190.6,0.0032,-0.0001,-0.06,-0.035,28
1790509190.7,0.0029,-0.0001,-0.06,-0.022,26
1790509190.8,0.0030,-0.0001,-0.06,0.001,29
1790509190.9,0.0031,-0.0001,-0.06,-0.009,26
1790509191.0,0.0031,-0.0001,-0.06,0.027,26
1790509191.1,0.0033,-0.0001,-0.06,0.038,23
1790509191.2,0.0033,-0.0001,-0.06,-0.030,26
1790509191.3,0.0033,-0.0001,-0.06,0.009,24
1790509191.4,0.0027,-0.0001,-0.06,-0.001,22
1790509191.5,0.0026,-0.0001,-0.06,-0.004,27
1790509191.6,0.0024,-0.0001,-0.06,0.002,24
1790509191.7,0.0028,-0.0001,-0.06,0.011,26
1790509191.8,0.0028,-0.0001,-0.06,-0.008,25
1790509191.9,0.0033,-0.0001,-0.06,0.002,26
1790509192.0,0.0031,-0.0001,-0.06,0.016,25
1790509192.1,0.0031,-0.0001,-0.06,-0.007,22
1790509192.2,0.0032,-0.0001,-0.06,-0.024,26
1790509192.3,0.0032,-0.0001,-0.06,0.065,24
1790509192.4,0.0019,-0.0000,-0.06,0.011,25
1790509192.5,0.0019,-0.0000,-0.06,-0.013,27
1790509192.6,0.0021,-0.0000,-0.05,0.023,25
1790509192.7,0.0024,-0.0000,-0.05,0.022,26
1790509192.8,0.0026,-0.0000,-0.05,0.016,25
1790509192.9,0.0026,-0.0000,-0.04,0.021,26
1790509193.0,0.0016,-0.0001,-0.04,-0.013,23
1790509193.1,0.0020,-0.0001,-0.05,-0.026,24
1790509193.2,0.0023,-0.0001,-0.05,-0.016,25
1790509193.3,0.0023,-0.0001,-0.05,0.029,25
1790509193.4,0.0023,-0.0001,-0.05,-0.003,23
1790509193.5,0.0018,-0.0001,-0.05,0.011,26
1790509193.6,0.0025,-0.0001,-0.05,-0.018,26
1790509193.7,0.0025,-0.0001,-0.05,0.005,25
1790509193.8,0.0027,-0.0001,-0.05,-0.010,26
1790509193.9,0.0024,-0.0001,-0.05,0.034,26
1790509194.0,0.0027,-0.0001,-0.05,0.012,25
1790509194.1,0.0027,-0.0001,-0.05,-0.010,25
1790509194.2,0.0028,-0.0001,-0.05,-0.014,24
1790509194.3,0.0025,-0.0001,-0.05,-0.010,26
1790509194.4,0.0025,-0.0001,-0.05,-0.003,24
1790509194.5,0.0027,-0.0001,-0.05,-0.011,25
1790509194.6,0.0026,-0.0001,-0.04,0.024,24
1790509194.7,0.0017,-0.0001,-0.05,0.003,25
1790509194.8,0.0017,-0.0001,-0.05,-0.007,26
1790509194.9,0.0023,-0.0001,-0.05,0.037,26
1790509195.0,0.0022,-0.0001,-0.05,0.015,26
1790509195.1,0.0021,-0.0001,-0.05,0.033,26
1790509195.2,0.0021,-0.0001,-0.05,-0.020,27
1790509195.3,0.0030,-0.0001,-0.05,0.003,25
1790509195.4,0.0024,-0.0001,-0.05,0.000,23
1790509195.5,0.0027,-0.0001,-0.05,-0.014,27
1790509195.6,0.0027,-0.0001,-0.05,0.018,27
1790509195.7,0.0027,-0.0001,-0.05,-0.003,26
1790509195.8,0.0025,-0.0001,-0.05,-0.021,23
1790509195.9,0.0031,-0.0001,-0.05,-0.067,24
1790509196.0,0.0031,-0.0001,-0.05,0.017,25
1790509196.1,0.0029,-0.0001,-0.05,0.021,24
1790509196.2,0.0030,-0.0001,-0.05,0.051,26
1790509196.3,0.0034,-0.0001,-0.04,0.009,26
1790509196.4,0.0034,-0.0001,-0.04,0.015,25
1790509196.5,0.0027,-0.0001,-0.04,-0.025,25
1790509196.6,0.0034,-0.0001,-0.04,0.014,25
1790509196.7,0.0034,-0.0001,-0.04,0.025,26
1790509196.8,0.0028,-0.0001,-0.04,-0.001,26
1790509196.9,0.0029,-0.0001,-0.04,0.010,27
1790509197.0,0.0030,-0.0001,-0.04,-0.002,24
1790509197.1,0.0030,-0.0001,-0.04,-0.014,24
1790509197.2,0.0036,-0.0001,-0.04,-0.012,23
1790509197.3,0.0023,-0.0001,-0.04,0.012,25
1790509197.4,0.0022,-0.0001,-0.04,0.022,24
1790509197.5,0.0022,-0.0001,-0.04,-0.020,25
1790509197.6,0.0019,-0.0001,-0.04,-0.030,24
1790509197.7,0.0022,-0.0001,-0.04,0.021,25
1790509197.8,0.0027,-0.0001,-0.04,0.015,24
1790509197.9,0.0027,-0.0001,-0.04,-0.001,27
1790509198.0,0.0025,-0.0001,-0.04,-0.025,24
1790509198.1,0.0024,-0.0001,-0.03,0.023,27
1790509198.2,0.0025,-0.0001,-0.04,-0.036,27
1790509198.3,0.0025,-0.0001,-0.04,-0.017,24
1790509198.4,0.0025,-0.0001,-0.04,-0.009,25
1790509198.5,0.0034,-0.0001,-0.04,0.009,22
1790509198.6,0.0036,-0.0001,-0.04,-0.003,27
1790509198.7,0.0036,-0.0001,-0.05,-0.021,25
1790509198.8,0.0036,-0.0001,-0.05,-0.021,27
1790509198.9,0.0036,-0.0001,-0.05,-0.013,26
1790509199.0,0.0036,-0.0001,-0.05,0.008,26
1790509199.1,0.0036,-0.0001,-0.05,-0.012,26
1790509199.2,0.0036,-0.0001,-0.05,-0.003,24
1790509199.3,0.0036,-0.0001,-0.05,0.019,25
1790509199.4,0.0036,-0.0001,-0.04,0.021,26
1790509199.5,0.0036,-0.0001,-0.04,0.028,25
1790509199.6,0.0036,-0.0001,-0.04,-0.026,27
1790509199.7,0.0036,-0.0001,-0.04,0.014,25
1790509199.8,0.0036,-0.0001,-0.04,-0.009,27
1790509199.9,0.0036,-0.0001,-0.04,-0.021,25
1790509200.0,0.0036,-0.0001,-0.04,0.029,23
1790509200.1,0.0036,-0.0001,-0.04,0.027,25
1790509200.2,0.0036,-0.0001,-0.03,0.030,28
1790509200.3,0.0036,-0.0001,-0.04,0.022,25
1790509200.4,0.0036,-0.0001,-0.03,0.005,27
1790509200.5,0.0036,-0.0001,-0.03,0.026,26
1790509200.6,0.0036,-0.0001,-0.04,0.008,24
1790509200.7,0.0036,-0.0001,-0.03,-0.002,27
1790509200.8,0.0036,-0.0001,-0.03,0.006,27
1790509200.9,0.0036,-0.0001,-0.03,0.009,23
1790509201.0,0.0036,-0.0001,-0.04,-0.023,25
1790509201.1,0.0037,-0.0001,-0.04,-0.045,26
1790509201.2,0.0037,-0.0001,-0.04,-0.015,24
1790509201.3,0.0037,-0.0001,-0.04,-0.015,25
1790509201.4,0.0038,-0.0001,-0.04,0.006,26
1790509201.5,0.0032,-0.0001,-0.04,0.033,25
1790509201.6,0.0032,-0.0001,-0.04,0.035,26
1790509201.7,0.0034,-0.0001,-0.04,0.009,26
1790509201.8,0.0036,-0.0001,-0.04,0.006,27
1790509201.9,0.0035,-0.0001,-0.03,0.015,26
1790509202.0,0.0035,-0.0001,-0.04,-0.028,25
1790509202.1,0.0031,-0.0001,-0.03,-0.011,25
1790509202.2,0.0030,-0.0001,-0.04,-0.030,25
1790509202.3,0.0028,-0.0001,-0.04,-0.012,26
1790509202.4,0.0028,-0.0001,-0.03,0.011,26
1790509202.5,0.0037,-0.0001,-0.04,0.002,26
1790509202.6,0.0035,-0.0001,-0.04,-0.020,25
1790509202.7,0.0035,-0.0001,-0.04,-0.016,26
1790509202.8,0.0036,-0.0001,-0.04,-0.011,28
1790509202.9,0.0033,-0.0001,-0.03,-0.022,24
1790509203.0,0.0041,-0.0001,-0.04,0.002,25
1790509203.1,0.0041,-0.0001,-0.03,0.022,26
1790509203.2,0.0043,-0.0001,-0.03,0.010,24
1790509203.3,0.0043,-0.0001,-0.04,-0.019,27
1790509203.4,0.0041,-0.0001,-0.03,-0.034,25
1790509203.5,0.0041,-0.0001,-0.04,-0.036,24
1790509203.6,0.0043,-0.0001,-0.04,0.011,25
1790509203.7,0.0043,-0.0001,-0.04,0.002,25
1790509203.8,0.0046,-0.0001,-0.04,-0.038,23
1790509203.9,0.0046,-0.0001,-0.04,-0.004,28
1790509204.0,0.0047,-0.0001,-0.03,-0.005,26
1790509204.1,0.0045,-0.0001,-0.03,0.029,26
1790509204.2,0.0045,-0.0001,-0.03,-0.003,26
1790509204.3,0.0043,-0.0001,-0.03,0.061,25
1790509204.4,0.0043,-0.0001,-0.02,0.043,25
1790509204.5,0.0047,-0.0001,-0.02,-0.010,28
1790509204.6,0.0047,-0.0001,-0.02,-0.002,25
1790509204.7,0.0047,-0.0001,-0.02,0.005,24
1790509204.8,0.0049,-0.0001,-0.02,-0.016,26
1790509204.9,0.0048,-0.0001,-0.02,-0.011,25
1790509205.0,0.0048,-0.0001,-0.02,0.009,25
1790509205.1,0.0038,-0.0001,-0.02,-0.015,23
1790509205.2,0.0038,-0.0001,-0.02,0.011,23
1790509205.3,0.0035,-0.0001,-0.02,0.022,24
1790509205.4,0.0035,-0.0001,-0.02,0.021,27
1790509205.5,0.0044,-0.0001,-0.02,0.013,26
1790509205.6,0.0043,-0.0001,-0.02,0.009,23
1790509205.7,0.0040,-0.0001,-0.02,-0.036,25
1790509205.8,0.0040,-0.0001,-0.02,-0.036,25
1790509205.9,0.0041,-0.0001,-0.02,0.006,25
1790509206.0,0.0044,-0.0001,-0.02,-0.008,25
1790509206.1,0.0041,-0.0001,-0.03,0.017,21
1790509206.2,0.0041,-0.0001,-0.02,-0.000,25
1790509206.3,0.0037,-0.0001,-0.03,0.009,24
1790509206.4,0.0048,-0.0001,-0.03,0.008,26
1790509206.5,0.0048,-0.0001,-0.03,-0.027,24
1790509206.6,0.0042,-0.0001,-0.03,-0.011,25
1790509206.7,0.0042,-0.0001,-0.03,0.028,26
1790509206.8,0.0045,-0.0001,-0.03,-0.007,25
1790509206.9,0.0045,-0.0001,-0.03,-0.044,23
1790509207.0,0.0044,-0.0001,-0.03,-0.032,25
1790509207.1,0.0043,-0.0001,-0.03,0.017,26
1790509207.2,0.0048,-0.0001,-0.03,-0.019,24
1790509207.3,0.0048,-0.0001,-0.03,0.003,25
1790509207.4,0.0047,-0.0001,-0.02,0.016,24
1790509207.5,0.0045,-0.0001,-0.03,-0.021,25
1790509207.6,0.0054,-0.0001,-0.03,0.034,26
1790509207.7,0.0054,-0.0001,-0.03,-0.045,25
1790509207.8,0.0046,-0.0001,-0.03,-0.025,23
1790509207.9,0.0049,-0.0001,-0.04,-0.034,25
1790509208.0,0.0045,-0.0001,-0.04,0.004,26
1790509208.1,0.0045,-0.0001,-0.04,0.014,23
1790509208.2,0.0054,-0.0001,-0.04,-0.002,25
1790509208.3,0.0055,-0.0001,-0.04,0.007,28
1790509208.4,0.0055,-0.0001,-0.03,0.027,25
1790509208.5,0.0056,-0.0001,-0.03,0.012,26
1790509208.6,0.0051,-0.0001,-0.05,-0.032,25
1790509208.7,0.0049,-0.0001,-0.05,-0.007,24
1790509208.8,0.0049,-0.0001,-0.05,0.019,25
1790509208.9,0.0052,-0.0001,-0.04,0.021,26
1790509209.0,0.0054,-0.0001,-0.04,-0.005,26
1790509209.1,0.0045,-0.0001,-0.04,0.050,26
1790509209.2,0.0045,-0.0001,-0.04,0.014,25
1790509209.3,0.0046,-0.0001,-0.04,-0.011,25
1790509209.4,0.0048,-0.0001,-0.04,0.053,26
1790509209.5,0.0048,-0.0001,-0.03,0.013,27
1790509209.6,0.0048,-0.0001,-0.03,0.015,25
1790509209.7,0.0045,-0.0001,-0.03,0.019,23
1790509209.8,0.0059,-0.0001,-0.03,0.019,23
1790509209.9,0.0059,-0.0001,-0.03,0.028,26
1790509210.0,0.0054,-0.0001,-0.03,0.007,25
1790509210.1,0.0054,-0.0001,-0.03,0.019,25
1790509210.2,0.0051,-0.0001,-0.03,-0.003,24
1790509210.3,0.0051,-0.0001,-0.03,-0.010,25
1790509210.4,0.0049,-0.0001,-0.03,0.045,25
1790509210.5,0.0048,-0.0001,-0.03,-0.029,26
1790509210.6,0.0048,-0.0001,-0.03,-0.002,25
1790509210.7,0.0048,-0.0001,-0.03,0.020,27
1790509210.8,0.0056,-0.0001,-0.03,-0.017,25
1790509210.9,0.0057,-0.0001,-0.03,0.010,24
1790509211.0,0.0057,-0.0001,-0.03,0.017,26
1790509211.1,0.0055,-0.0001,-0.03,0.027,26
1790509211.2,0.0056,-0.0001,-0.02,0.030,26
1790509211.3,0.0052,-0.0001,-0.03,0.010,28
1790509211.4,0.0052,-0.0001,-0.03,0.004,26
1790509211.5,0.0054,-0.0001,-0.03,-0.017,24
1790509211.6,0.0055,-0.0001,-0.03,0.006,24
1790509211.7,0.0045,-0.0001,-0.03,-0.035,24
1790509211.8,0.0045,-0.0001,-0.03,-0.011,27
1790509211.9,0.0045,-0.0001,-0.04,-0.014,22
1790509212.0,0.0051,-0.0001,-0.03,-0.008,26
1790509212.1,0.0051,-0.0001,-0.03,-0.006,24
1790509212.2,0.0044,-0.0001,-0.03,-0.001,26
1790509212.3,0.0054,-0.0001,-0.03,0.021,26
1790509212.4,0.0050,-0.0001,-0.04,-0.033,25
1790509212.5,0.0044,-0.0001,-0.03,0.001,24
1790509212.6,0.0044,-0.0001,-0.03,-0.013,24
1790509212.7,0.0051,-0.0001,-0.03,-0.000,25
1790509212.8,0.0053,-0.0001,-0.03,0.005,25
1790509212.9,0.0049,-0.0001,-0.03,0.011,24
1790509213.0,0.0049,-0.0001,-0.03,0.002,24
1790509213.1,0.0042,-0.0001,-0.03,0.005,25
1790509213.2,0.0043,-0.0001,-0.03,-0.039,25
1790509213.3,0.0044,-0.0001,-0.04,-0.034,24
1790509213.4,0.0044,-0.0001,-0.04,0.004,24
1790509213.5,0.0039,-0.0001,-0.04,0.038,26
1790509213.6,0.0039,-0.0001,-0.03,-0.003,24
1790509213.7,0.0038,-0.0001,-0.04,-0.005,25
1790509213.8,0.0038,-0.0001,-0.04,-0.011,27
1790509213.9,0.0042,-0.0001,-0.03,-0.012,24
1790509214.0,0.0030,-0.0001,-0.03,0.032,24
1790509214.1,0.0030,-0.0001,-0.04,0.010,26
1790509214.2,0.0038,-0.0001,-0.03,-0.032,26
1790509214.3,0.0036,-0.0001,-0.03,0.019,25
1790509214.4,0.0040,-0.0001,-0.03,-0.030,26
1790509214.5,0.0040,-0.0001,-0.03,-0.031,26
1790509214.6,0.0024,-0.0001,-0.03,0.013,25
1790509214.7,0.0027,-0.0001,-0.03,-0.019,27
1790509214.8,0.0027,-0.0001,-0.03,0.046,25
1790509214.9,0.0027,-0.0001,-0.03,-0.014,26
1790509215.0,0.0020,-0.0001,-0.03,-0.009,22
1790509215.1,0.0020,-0.0001,-0.03,0.005,24
1790509215.2,0.0019,-0.0001,-0.03,0.010,25
1790509215.3,0.0021,-0.0001,-0.02,0.040,24
1790509215.4,0.0021,-0.0001,-0.02,-0.008,25
1790509215.5,0.0019,-0.0001,-0.02,0.014,26
1790509215.6,0.0016,-0.0001,-0.03,-0.016,24
1790509215.7,0.0019,-0.0001,-0.02,-0.025,24
1790509215.8,0.0020,-0.0001,-0.02,0.019,25
1790509215.9,0.0018,-0.0001,-0.02,0.051,25
1790509216.0,0.0018,-0.0001,-0.02,-0.012,25
1790509216.1,0.0022,-0.0001,-0.02,-0.051,27
1790509216.2,0.0024,-0.0001,-0.02,0.002,25
1790509216.3,0.0024,-0.0001,-0.02,-0.003,26
1790509216.4,0.0019,-0.0001,-0.02,0.042,26
1790509216.5,0.0020,-0.0001,-0.02,0.017,25
1790509216.6,0.0020,-0.0001,-0.02,-0.009,25
1790509216.7,0.0020,-0.0001,-0.02,-0.004,26
1790509216.8,0.0016,-0.0001,-0.02,0.005,25
1790509216.9,0.0015,-0.0001,-0.02,-0.044,26
1790509217.0,0.0015,-0.0001,-0.02,-0.017,25
1790509217.1,0.0013,-0.0001,-0.02,0.024,23
1790509217.2,0.0013,-0.0001,-0.03,-0.014,25
1790509217.3,0.0019,-0.0001,-0.02,0.009,26
1790509217.4,0.0019,-0.0001,-0.03,-0.056,25
1790509217.5,0.0020,-0.0001,-0.02,0.039,26
1790509217.6,0.0020,-0.0001,-0.03,-0.030,23
1790509217.7,0.0020,-0.0001,-0.03,-0.032,24
1790509217.8,0.0016,-0.0001,-0.02,0.022,27
1790509217.9,0.0015,-0.0001,-0.03,0.003,27
1790509218.0,0.0017,-0.0001,-0.03,-0.053,25
1790509218.1,0.0017,-0.0001,-0.03,0.006,21
1790509218.2,0.0014,-0.0001,-0.03,0.020,22
1790509218.3,0.0024,-0.0001,-0.03,0.013,25
1790509218.4,0.0017,-0.0001,-0.03,0.005,25
1790509218.5,0.0017,-0.0001,-0.02,-0.006,25
1790509218.6,0.0015,-0.0001,-0.02,-0.007,24
1790509218.7,0.0016,-0.0001,-0.02,-0.003,26
1790509218.8,0.0020,-0.0001,-0.02,0.010,24
1790509218.9,0.0020,-0.0001,-0.02,-0.016,26
1790509219.0,0.0013,-0.0001,-0.02,-0.001,27
1790509219.1,0.0014,-0.0001,-0.02,-0.020,26
1790509219.2,0.0015,-0.0001,-0.02,-0.023,24
1790509219.3,0.0015,-0.0001,-0.02,0.018,24
1790509219.4,0.0017,-0.0001,-0.02,0.030,26
1790509219.5,0.0020,-0.0001,-0.01,0.020,23
1790509219.6,0.0020,-0.0001,-0.02,-0.033,25
1790509219.7,0.0020,-0.0001,-0.02,-0.030,27
1790509219.8,0.0009,-0.0001,-0.02,0.035,25
1790509219.9,0.0012,-0.0001,-0.02,0.018,24
1790509220.0,0.0014,-0.0001,-0.02,0.026,27
1790509220.1,0.0014,-0.0001,-0.02,0.041,26
1790509220.2,0.0009,-0.0001,-0.01,0.010,25
1790509220.3,0.0015,-0.0001,-0.01,0.014,26
1790509220.4,0.0015,-0.0001,-0.01,-0.014,26
1790509220.5,0.0015,-0.0001,-0.01,0.007,24
1790509220.6,0.0008,-0.0001,-0.01,0.019,27
1790509220.7,0.0014,-0.0001,-0.01,-0.008,24
1790509220.8,0.0014,-0.0001,-0.01,-0.010,25
1790509220.9,0.0007,-0.0001,-0.02,0.041,24
1790509221.0,0.0012,-0.0001,-0.01,-0.012,26
1790509221.1,0.0015,-0.0001,-0.01,-0.010,24
1790509221.2,0.0015,-0.0001,-0.01,-0.009,24
1790509221.3,0.0010,-0.0001,-0.01,-0.004,25
1790509221.4,0.0006,-0.0001,-0.01,-0.009,28
1790509221.5,0.0007,-0.0001,-0.01,0.017,25
1790509221.6,0.0007,-0.0001,-0.01,-0.020,23
1790509221.7,0.0003,-0.0001,-0.01,-0.001,26
1790509221.8,0.0004,-0.0001,-0.02,-0.008,25
1790509221.9,0.0007,-0.0001,-0.02,-0.019,22
1790509222.0,0.0007,-0.0001,-0.02,-0.022,26
1790509222.1,-0.0008,-0.0001,-0.02,-0.011,26
1790509222.2,-0.0004,-0.0001,-0.02,-0.027,25
1790509222.3,-0.0006,-0.0001,-0.02,0.006,25
1790509222.4,-0.0006,-0.0001,-0.02,0.019,24
1790509222.5,-0.0007,-0.0001,-0.02,-0.022,25
1790509222.6,-0.0010,-0.0001,-0.02,-0.020,24
1790509222.7,-0.0011,-0.0001,-0.02,0.003,25
1790509222.8,-0.0011,-0.0001,-0.02,0.010,26
1790509222.9,-0.0002,-0.0000,-0.02,-0.037,25
1790509223.0,-0.0012,-0.0000,-0.02,-0.009,25
1790509223.1,-0.0012,-0.0000,-0.02,-0.047,26
1790509223.2,-0.0005,-0.0000,-0.03,-0.009,26
1790509223.3,-0.0014,-0.0000,-0.03,0.015,25
1790509223.4,-0.0012,-0.0000,-0.03,0.012,22
1790509223.5,-0.0012,-0.0000,-0.03,-0.005,25
1790509223.6,-0.0013,-0.0000,-0.03,-0.030,27
1790509223.7,-0.0014,-0.0000,-0.03,-0.008,24
1790509223.8,-0.0014,-0.0000,-0.03,0.018,26
1790509223.9,-0.0017,-0.0000,-0.03,0.006,27
1790509224.0,-0.0013,-0.0000,-0.03,-0.042,24
1790509224.1,-0.0013,-0.0000,-0.03,0.002,27
1790509224.2,-0.0016,-0.0000,-0.03,-0.019,26
1790509224.3,-0.0015,-0.0000,-0.03,0.037,24
1790509224.4,-0.0016,-0.0000,-0.02,-0.010,24
1790509224.5,-0.0014,-0.0000,-0.03,0.016,24
1790509224.6,-0.0014,-0.0000,-0.03,-0.011,29
1790509224.7,-0.0016,-0.0000,-0.02,0.014,24
1790509224.8,-0.0017,-0.0001,-0.02,-0.020,27
1790509224.9,-0.0017,-0.0001,-0.02,-0.032,20
1790509225.0,-0.0010,-0.0001,-0.02,0.038,24
1790509225.1,-0.0011,-0.0001,-0.02,-0.003,25
1790509225.2,0.0001,-0.0001,-0.02,0.027,27
1790509225.3,0.0001,-0.0001,-0.02,-0.012,25
1790509225.4,-0.0003,-0.0001,-0.01,0.027,26
1790509225.5,-0.0002,-0.0001,-0.02,-0.003,26
1790509225.6,-0.0002,-0.0001,-0.02,-0.017,25
1790509225.7,-0.0001,-0.0001,-0.01,0.011,25
1790509225.8,-0.0013,-0.0001,-0.01,0.017,23
1790509225.9,-0.0012,-0.0001,-0.01,0.005,25
1790509226.0,-0.0012,-0.0001,-0.01,-0.006,23
1790509226.1,-0.0014,-0.0001,-0.01,0.029,25
1790509226.2,-0.0007,-0.0001,-0.01,0.036,23
1790509226.3,-0.0007,-0.0001,-0.01,-0.010,25
1790509226.4,-0.0015,-0.0001,-0.01,0.029,23
1790509226.5,-0.0013,-0.0001,-0.01,-0.004,26
1790509226.6,-0.0015,-0.0001,-0.01,-0.036,25
1790509226.7,-0.0015,-0.0001,-0.01,-0.002,27
1790509226.8,-0.0010,-0.0001,-0.01,0.041,27
1790509226.9,-0.0010,-0.0001,-0.01,0.060,27
1790509227.0,-0.0020,-0.0001,-0.01,-0.060,21
1790509227.1,-0.0020,-0.0001,-0.01,-0.011,21
1790509227.2,-0.0020,-0.0001,-0.01,-0.028,23
1790509227.3,-0.0019,-0.0001,-0.01,0.019,24
1790509227.4,-0.0016,-0.0001,-0.01,0.029,24
1790509227.5,-0.0017,-0.0001,-0.01,0.008,22
1790509227.6,-0.0017,-0.0001,-0.01,0.002,26
1790509227.7,-0.0009,-0.0001,-0.00,-0.017,23
1790509227.8,-0.0013,-0.0001,-0.00,0.003,24
1790509227.9,-0.0010,-0.0001,-0.00,-0.031,26
1790509228.0,-0.0010,-0.0001,-0.01,-0.038,25
1790509228.1,-0.0015,-0.0001,-0.01,0.007,24
1790509228.2,-0.0015,-0.0001,-0.00,0.038,25
1790509228.3,-0.0015,-0.0001,-0.00,0.002,25
1790509228.4,-0.0011,-0.0001,-0.01,-0.018,25
1790509228.5,-0.0015,-0.0001,-0.01,-0.028,25
1790509228.6,-0.0015,-0.0001,-0.01,0.004,26
1790509228.7,-0.0015,-0.0001,-0.01,0.011,26
1790509228.8,-0.0012,-0.0001,-0.01,-0.022,21
1790509228.9,-0.0014,-0.0001,-0.01,-0.030,23
1790509229.0,-0.0011,-0.0001,-0.01,-0.041,24
1790509229.1,-0.0011,-0.0001,-0.01,0.015,23
1790509229.2,-0.0022,-0.0001,-0.01,-0.006,25
1790509229.3,-0.0018,-0.0001,-0.01,0.024,27
1790509229.4,-0.0022,-0.0001,-0.02,-0.042,26
1790509229.5,-0.0022,-0.0001,-0.02,-0.041,25
1790509229.6,-0.0013,-0.0001,-0.02,0.002,24
1790509229.7,-0.0013,-0.0001,-0.02,0.041,26
1790509229.8,-0.0012,-0.0001,-0.02,-0.006,24
1790509229.9,-0.0015,-0.0001,-0.02,-0.021,25
1790509230.0,-0.0015,-0.0001,-0.02,0.009,26
1790509230.1,-0.0020,-0.0001,-0.01,0.006,24
1790509230.2,-0.0010,-0.0001,-0.02,-0.002,26
1790509230.3,-0.0016,-0.0001,-0.02,0.022,27
1790509230.4,-0.0016,-0.0001,-0.02,0.017,24
1790509230.5,-0.0010,-0.0001,-0.02,-0.013,26
1790509230.6,-0.0010,-0.0001,-0.02,0.040,25
1790509230.7,-0.0015,-0.0001,-0.01,0.011,24
1790509230.8,-0.0015,-0.0001,-0.01,0.009,25
1790509230.9,-0.0007,-0.0001,-0.01,0.002,23
1790509231.0,-0.0014,-0.0001,-0.01,0.004,26
1790509231.1,-0.0012,-0.0001,-0.01,-0.016,25
1790509231.2,-0.0012,-0.0001,-0.01,0.014,25
1790509231.3,-0.0010,-0.0001,-0.02,-0.019,25
1790509231.4,-0.0008,-0.0001,-0.01,0.040,24
1790509231.5,-0.0013,-0.0001,-0.02,-0.014,25
1790509231.6,-0.0013,-0.0001,-0.02,0.013,27
1790509231.7,-0.0011,-0.0001,-0.02,-0.048,26
1790509231.8,-0.0008,-0.0001,-0.02,-0.005,25
1790509231.9,-0.0008,-0.0001,-0.02,-0.016,24
1790509232.0,-0.0008,-0.0001,-0.02,0.011,27
1790509232.1,-0.0008,-0.0001,-0.02,-0.026,25
1790509232.2,-0.0009,-0.0001,-0.02,-0.018,27
1790509232.3,-0.0008,-0.0001,-0.02,-0.044,24
1790509232.4,-0.0008,-0.0001,-0.03,-0.020,27
1790509232.5,-0.0009,-0.0001,-0.02,0.015,25
1790509232.6,-0.0010,-0.0001,-0.02,-0.016,24
1790509232.7,-0.0010,-0.0001,-0.02,0.040,27
1790509232.8,-0.0010,-0.0001,-0.02,-0.028,24
1790509232.9,-0.0004,-0.0001,-0.02,-0.019,23
1790509233.0,-0.0004,-0.0001,-0.02,0.002,23
1790509233.1,-0.0004,-0.0001,-0.02,0.023,24
1790509233.2,-0.0005,-0.0001,-0.02,-0.014,23
1790509233.3,-0.0006,-0.0001,-0.02,-0.050,26
1790509233.4,0.0001,-0.0001,-0.02,-0.037,25
1790509233.5,0.0001,-0.0001,-0.03,-0.008,26
1790509233.6,-0.0006,-0.0001,-0.02,-0.012,24
1790509233.7,-0.0007,-0.0001,-0.03,-0.046,24
1790509233.8,-0.0007,-0.0001,-0.03,-0.023,25
1790509233.9,-0.0007,-0.0001,-0.03,-0.056,24
1790509234.0,-0.0006,-0.0001,-0.03,-0.016,24
1790509234.1,-0.0005,-0.0001,-0.03,-0.031,24
1790509234.2,-0.0005,-0.0001,-0.03,0.030,27
1790509234.3,-0.0008,-0.0001,-0.03,-0.054,24
1790509234.4,-0.0006,-0.0001,-0.03,0.011,25
1790509234.5,-0.0007,-0.0001,-0.03,0.018,26
1790509234.6,-0.0007,-0.0001,-0.03,-0.015,25
1790509234.7,0.0001,-0.0001,-0.03,0.022,25
1790509234.8,-0.0005,-0.0001,-0.03,-0.016,24
1790509234.9,-0.0003,-0.0001,-0.03,-0.007,25
1790509235.0,-0.0007,-0.0001,-0.03,0.036,27
1790509235.1,-0.0007,-0.0001,-0.03,-0.031,24
1790509235.2,-0.0007,-0.0001,-0.03,-0.010,27
1790509235.3,-0.0007,-0.0001,-0.03,-0.016,25
1790509235.4,-0.0007,-0.0001,-0.02,0.029,28
1790509235.5,-0.0007,-0.0001,-0.02,0.003,27
1790509235.6,-0.0007,-0.0001,-0.02,0.024,23
1790509235.7,-0.0007,-0.0001,-0.02,-0.017,26
1790509235.8,-0.0007,-0.0001,-0.02,0.034,25
1790509235.9,-0.0007,-0.0001,-0.02,-0.018,26
1790509236.0,-0.0007,-0.0001,-0.03,-0.014,25
1790509236.1,-0.0007,-0.0001,-0.02,-0.022,27
1790509236.2,-0.0007,-0.0001,-0.03,0.039,25
1790509236.3,-0.0007,-0.0001,-0.03,-0.008,26
1790509236.4,-0.0007,-0.0001,-0.02,-0.007,24
1790509236.5,-0.0007,-0.0001,-0.03,0.012,26
1790509236.6,-0.0007,-0.0001,-0.02,0.016,26
1790509236.7,-0.0007,-0.0001,-0.02,0.018,25
1790509236.8,-0.0007,-0.0001,-0.02,0.005,25
1790509236.9,-0.0007,-0.0001,-0.02,-0.035,24
1790509237.0,-0.0007,-0.0001,-0.02,-0.001,27
1790509237.1,-0.0007,-0.0001,-0.02,-0.024,26
1790509237.2,-0.0007,-0.0001,-0.02,0.013,27
1790509237.3,-0.0007,-0.0001,-0.02,0.051,26
1790509237.4,-0.0007,-0.0001,-0.02,0.007,26
1790509237.5,-0.0007,-0.0001,-0.02,0.001,26
1790509237.6,-0.0007,-0.0001,-0.01,0.020,25
1790509237.7,-0.0007,-0.0001,-0.01,0.005,25
1790509237.8,-0.0007,-0.0001,-0.02,-0.033,26
1790509237.9,-0.0007,-0.0001,-0.02,0.016,27
1790509238.0,-0.0007,-0.0001,-0.02,-0.004,27
1790509238.1,-0.0007,-0.0001,-0.02,-0.008,26
1790509238.2,-0.0007,-0.0001,-0.02,-0.000,23
1790509238.3,-0.0007,-0.0001,-0.02,0.024,28
1790509238.4,-0.0007,-0.0001,-0.02,-0.024,27
1790509238.5,-0.0007,-0.0001,-0.02,0.019,26
1790509238.6,-0.0007,-0.0001,-0.02,0.029,27
1790509238.7,-0.0007,-0.0001,-0.02,0.024,26
1790509238.8,,,,0.009,26
1790509238.9,,,,0.004,23
1790509239.0,-0.0007,-0.0001,-0.02,-0.010,25
1790509239.1,-0.0007,-0.0001,-0.02,-0.050,24
1790509239.2,-0.0007,-0.0001,-0.02,-0.034,24
1790509239.3,-0.0007,-0.0001,-0.02,0.018,24
1790509239.4,-0.0007,-0.0001,-0.02,-0.039,26
1790509239.5,-0.0007,-0.0001,-0.03,-0.012,23
1790509239.6,-0.0008,-0.0001,-0.03,0.004,26
1790509239.7,-0.0008,-0.0001,-0.03,0.013,20
1790509239.8,-0.0006,-0.0001,-0.02,0.021,22
1790509239.9,-0.0006,-0.0001,-0.03,-0.009,22
1790509240.0,-0.0012,-0.0001,-0.03,0.015,25
1790509240.1,-0.0007,-0.0001,-0.02,0.006,24
1790509240.2,-0.0008,-0.0001,-0.02,0.019,21
1790509240.3,-0.0008,-0.0001,-0.02,-0.002,22
1790509240.4,-0.0004,-0.0001,-0.03,-0.023,24
1790509240.5,-0.0008,-0.0001,-0.03,-0.000,23
1790509240.6,-0.0008,-0.0001,-0.03,-0.040,23
1790509240.7,-0.0010,-0.0001,-0.03,0.033,25
1790509240.8,-0.0009,-0.0001,-0.03,0.016,23
1790509240.9,-0.0009,-0.0001,-0.03,0.019,25
1790509241.0,-0.0011,-0.0001,-0.02,-0.008,25
1790509241.1,-0.0010,-0.0001,-0.03,-0.001,25
1790509241.2,-0.0009,-0.0001,-0.03,0.018,23
1790509241.3,-0.0009,-0.0001,-0.03,0.004,24
1790509241.4,-0.0019,-0.0001,-0.02,0.009,21
1790509241.5,-0.0019,-0.0001,-0.02,0.023,23
1790509241.6,-0.0019,-0.0001,-0.02,0.034,24
1790509241.7,-0.0013,-0.0001,-0.02,0.017,25
1790509241.8,-0.0013,-0.0001,-0.02,-0.014,25
1790509241.9,-0.0013,-0.0001,-0.02,0.016,25
1790509242.0,-0.0009,-0.0001,-0.02,-0.048,25
1790509242.1,-0.0009,-0.0001,-0.02,0.001,23
1790509242.2,-0.0009,-0.0001,-0.02,0.018,24
1790509242.3,-0.0011,-0.0001,-0.02,-0.018,24
1790509242.4,-0.0011,-0.0001,-0.02,-0.009,23
1790509242.5,-0.0008,-0.0001,-0.02,0.055,22
1790509242.6,-0.0008,-0.0001,-0.01,-0.001,25
1790509242.7,-0.0008,-0.0001,-0.02,0.015,22
1790509242.8,-0.0007,-0.0001,-0.02,-0.049,25
1790509242.9,-0.0012,-0.0001,-0.02,-0.009,24
1790509243.0,-0.0012,-0.0001,-0.01,0.006,25
1790509243.1,-0.0012,-0.0001,-0.02,0.003,23
1790509243.2,-0.0004,-0.0001,-0.02,-0.055,26
1790509243.3,-0.0007,-0.0001,-0.02,-0.009,22
1790509243.4,-0.0008,-0.0001,-0.02,-0.002,24
1790509243.5,-0.0008,-0.0001,-0.02,-0.001,25
1790509243.6,-0.0008,-0.0001,-0.02,-0.024,23
1790509243.7,-0.0007,-0.0001,-0.02,0.003,25
1790509243.8,-0.0003,-0.0001,-0.02,0.007,22
1790509243.9,-0.0003,-0.0001,-0.02,0.003,25
1790509244.0,-0.0016,-0.0001,-0.01,0.017,26
1790509244.1,-0.0015,-0.0001,-0.01,-0.033,25
1790509244.2,-0.0015,-0.0001,-0.01,0.026,24
1790509244.3,-0.0020,-0.0001,-0.01,-0.001,25
1790509244.4,-0.0014,-0.0001,-0.01,-0.022,24
1790509244.5,-0.0013,-0.0001,-0.02,0.007,25
1790509244.6,-0.0013,-0.0001,-0.01,0.033,23
1790509244.7,-0.0013,-0.0001,-0.01,-0.022,26
1790509244.8,-0.0013,-0.0001,-0.01,-0.019,27
1790509244.9,-0.0013,-0.0001,-0.01,0.000,26
1790509245.0,-0.0013,-0.0001,-0.01,-0.016,24
1790509245.1,-0.0013,-0.0001,-0.01,-0.021,26
1790509245.2,-0.0013,-0.0001,-0.02,-0.037,26
1790509245.3,-0.0013,-0.0001,-0.02,0.011,26
1790509245.4,-0.0013,-0.0001,-0.01,0.047,26
1790509245.5,-0.0013,-0.0001,-0.01,-0.022,27
1790509245.6,-0.0013,-0.0001,-0.01,0.039,26
1790509245.7,-0.0013,-0.0001,-0.01,-0.008,25
1790509245.8,-0.0013,-0.0001,-0.01,0.007,24
1790509245.9,-0.0013,-0.0001,-0.01,0.028,26
1790509246.0,-0.0013,-0.0001,-0.01,0.028,27
1790509246.1,-0.0013,-0.0001,-0.01,0.006,27
1790509246.2,-0.0013,-0.0001,-0.00,-0.009,26
1790509246.3,-0.0013,-0.0001,0.00,0.043,27
1790509246.4,-0.0013,-0.0001,0.00,0.041,24
1790509246.5,-0.0013,-0.0001,0.00,0.043,27
1790509246.6,-0.0013,-0.0001,0.01,0.042,25
1790509246.7,-0.0013,-0.0001,0.00,-0.057,25
1790509246.8,-0.0013,-0.0001,0.00,0.014,25
1790509246.9,-0.0013,-0.0001,0.01,0.005,27
1790509247.0,-0.0013,-0.0001,0.01,-0.019,26
1790509247.1,-0.0013,-0.0001,0.01,0.030,24
1790509247.2,-0.0013,-0.0001,0.01,0.005,27
1790509247.3,-0.0013,-0.0001,0.01,-0.026,25
1790509247.4,-0.0013,-0.0001,0.01,0.026,25
1790509247.5,-0.0013,-0.0001,0.00,-0.048,26
1790509247.6,-0.0013,-0.0001,0.00,0.021,25
1790509247.7,-0.0013,-0.0001,0.01,0.056,26
1790509247.8,-0.0013,-0.0001,0.01,0.004,25
1790509247.9,-0.0013,-0.0001,0.01,-0.027,27
1790509248.0,-0.0007,-0.0001,0.00,-0.043,28
1790509248.1,-0.0012,-0.0001,-0.00,-0.007,25
1790509248.2,-0.0012,-0.0001,0.00,-0.016,24
1790509248.3,-0.0011,-0.0001,0.00,0.014,26
1790509248.4,-0.0012,-0.0001,0.00,0.009,25
1790509248.5,-0.0012,-0.0001,-0.00,0.004,23
1790509248.6,0.0005,-0.0001,-0.00,-0.042,26
1790509248.7,0.0000,-0.0001,-0.00,0.037,24
1790509248.8,0.0002,-0.0001,0.00,-0.035,26
1790509248.9,0.0002,-0.0001,-0.00,-0.008,23
1790509249.0,0.0008,-0.0001,-0.00,-0.027,23
1790509249.1,0.0002,-0.0001,-0.00,-0.024,26
1790509249.2,0.0004,-0.0001,-0.00,0.017,27
1790509249.3,0.0004,-0.0001,-0.00,-0.016,26
1790509249.4,-0.0002,-0.0001,-0.00,0.001,26
1790509249.5,0.0007,-0.0001,-0.00,0.001,28
1790509249.6,0.0005,-0.0001,-0.00,-0.009,23
1790509249.7,0.0005,-0.0001,-0.01,0.003,25
1790509249.8,0.0013,-0.0001,-0.00,0.045,26
1790509249.9,0.0012,-0.0001,0.00,0.002,26
1790509250.0,0.0012,-0.0001,0.00,-0.015,26
1790509250.1,0.0004,-0.0001,0.00,0.026,24
1790509250.2,0.0009,-0.0001,0.01,0.000,26
1790509250.3,0.0010,-0.0001,0.00,-0.009,26
1790509250.4,0.0010,-0.0001,0.01,0.033,25
1790509250.5,0.0009,-0.0001,0.01,-0.011,26
1790509250.6,0.0007,-0.0001,0.01,-0.004,26
1790509250.7,0.0007,-0.0001,0.00,-0.016,25
1790509250.8,0.0010,-0.0001,0.01,0.008,24
1790509250.9,0.0012,-0.0001,0.01,-0.047,25
1790509251.0,0.0012,-0.0001,0.00,-0.053,22
1790509251.1,0.0007,-0.0001,0.00,-0.007,25
1790509251.2,0.0010,-0.0001,-0.00,-0.024,23
1790509251.3,0.0006,-0.0001,0.01,0.031,24
1790509251.4,0.0011,-0.0001,0.00,0.038,26
1790509251.5,0.0011,-0.0001,0.01,0.015,27
1790509251.6,0.0015,-0.0001,0.01,0.020,26
1790509251.7,0.0015,-0.0001,0.01,-0.025,26
1790509251.8,-0.0005,-0.0001,0.01,-0.009,23
1790509251.9,-0.0005,-0.0001,0.01,0.024,23
1790509252.0,-0.0002,-0.0001,0.01,-0.000,26
1790509252.1,-0.0002,-0.0001,0.01,0.019,25
1790509252.2,-0.0008,-0.0001,0.00,-0.009,29
1790509252.3,-0.0008,-0.0001,0.01,0.054,25
1790509252.4,0.0000,-0.0001,0.01,0.022,25
1790509252.5,-0.0001,-0.0001,0.01,-0.015,25
1790509252.6,-0.0001,-0.0001,0.01,0.021,25
1790509252.7,-0.0000,-0.0001,0.02,0.025,24
1790509252.8,-0.0010,-0.0001,0.02,-0.003,26
1790509252.9,-0.0010,-0.0001,0.02,0.018,24
1790509253.0,-0.0010,-0.0001,0.02,0.012,27
1790509253.1,-0.0010,-0.0001,0.02,0.018,25
1790509253.2,-0.0010,-0.0001,0.02,-0.011,26
1790509253.3,-0.0010,-0.0001,0.02,0.039,25
1790509253.4,-0.0010,-0.0001,0.03,-0.016,26
1790509253.5,-0.0010,-0.0001,0.03,0.045,28
1790509253.6,-0.0010,-0.0001,0.03,0.049,26
1790509253.7,-0.0010,-0.0001,0.03,0.011,26
1790509253.8,-0.0010,-0.0001,0.03,-0.040,24
1790509253.9,-0.0010,-0.0001,0.03,0.002,24
1790509254.0,-0.0010,-0.0001,0.03,0.016,26
1790509254.1,-0.0010,-0.0001,0.03,0.012,24
1790509254.2,-0.0010,-0.0001,0.03,-0.008,26
1790509254.3,-0.0010,-0.0001,0.03,-0.031,25
1790509254.4,-0.0010,-0.0001,0.03,0.009,27
1790509254.5,-0.0010,-0.0001,0.03,0.010,24
1790509254.6,-0.0010,-0.0001,0.03,0.003,26
1790509254.7,-0.0010,-0.0001,0.03,-0.033,27
1790509254.8,,,,-0.061,25
1790509254.9,-0.0010,-0.0001,0.03,-0.013,23
1790509255.0,-0.0010,-0.0001,0.03,0.049,27
1790509255.1,-0.0010,-0.0001,0.03,0.012,25
1790509255.2,-0.0010,-0.0001,0.03,-0.006,26
1790509255.3,-0.0010,-0.0001,0.03,-0.010,25
1790509255.4,-0.0010,-0.0001,0.03,-0.003,26
1790509255.5,-0.0002,-0.0001,0.03,-0.021,24
1790509255.6,-0.0008,-0.0001,0.03,-0.017,24
1790509255.7,-0.0008,-0.0001,0.03,-0.015,24
1790509255.8,-0.0009,-0.0001,0.03,0.044,25
1790509255.9,-0.0011,-0.0001,0.03,-0.023,20
1790509256.0,-0.0011,-0.0001,0.04,0.011,23
1790509256.1,-0.0005,-0.0001,0.03,-0.007,22
1790509256.2,-0.0010,-0.0001,0.03,0.002,23
1790509256.3,-0.0010,-0.0001,0.03,-0.014,27
1790509256.4,-0.0010,-0.0001,0.03,-0.019,23
1790509256.5,-0.0017,-0.0001,0.03,-0.016,25
1790509256.6,-0.0019,-0.0001,0.03,0.044,25
1790509256.7,-0.0018,-0.0001,0.03,0.028,25
1790509256.8,-0.0018,-0.0001,0.03,-0.017,25
1790509256.9,-0.0016,-0.0001,0.04,0.030,27
1790509257.0,-0.0017,-0.0001,0.04,0.046,24
1790509257.1,-0.0017,-0.0001,0.04,0.043,21
1790509257.2,-0.0017,-0.0001,0.05,0.016,25
1790509257.3,-0.0015,-0.0001,0.04,-0.031,25
1790509257.4,-0.0016,-0.0001,0.04,-0.025,24
1790509257.5,-0.0016,-0.0001,0.05,0.043,22
1790509257.6,0.0006,-0.0001,0.05,-0.006,27
1790509257.7,0.0003,-0.0001,0.05,-0.011,22
1790509257.8,0.0003,-0.0001,0.04,-0.025,24
1790509257.9,0.0003,-0.0001,0.04,-0.011,27
1790509258.0,0.0005,-0.0001,0.04,0.009,24
1790509258.1,0.0005,-0.0001,0.05,0.048,25
1790509258.2,0.0001,-0.0001,0.05,0.011,25
1790509258.3,0.0001,-0.0001,0.05,0.027,25
1790509258.4,0.0007,-0.0001,0.05,-0.014,26
1790509258.5,0.0006,-0.0001,0.05,-0.020,23
1790509258.6,0.0003,-0.0001,0.04,-0.028,26
1790509258.7,0.0003,-0.0001,0.05,0.013,24
1790509258.8,0.0013,-0.0001,0.05,0.021,24
1790509258.9,0.0012,-0.0001,0.04,-0.018,25
1790509259.0,0.0010,-0.0001,0.04,-0.038,24
1790509259.1,0.0010,-0.0001,0.04,-0.050,24
1790509259.2,0.0012,-0.0001,0.03,-0.034,22
1790509259.3,0.0009,-0.0001,0.03,-0.013,24
1790509259.4,0.0009,-0.0001,0.03,0.017,25
1790509259.5,0.0009,-0.0001,0.03,0.028,21
1790509259.6,0.0009,-0.0001,0.03,0.008,24
1790509259.7,0.0007,-0.0001,0.03,-0.016,23
1790509259.8,0.0007,-0.0001,0.02,-0.043,26
1790509259.9,0.0018,-0.0001,0.02,-0.028,24
1790509260.0,0.0013,-0.0001,0.02,-0.027,25
1790509260.1,0.0013,-0.0001,0.02,0.010,27
1790509260.2,0.0013,-0.0001,0.02,-0.006,25
1790509260.3,0.0013,-0.0001,0.02,-0.017,26
1790509260.4,0.0013,-0.0001,0.02,0.025,27
1790509260.5,0.0013,-0.0001,0.02,0.012,25
1790509260.6,0.0013,-0.0001,0.02,-0.018,28
1790509260.7,0.0013,-0.0001,0.02,-0.030,26
1790509260.8,0.0013,-0.0001,0.01,-0.010,26
1790509260.9,0.0013,-0.0001,0.02,0.008,25
1790509261.0,0.0013,-0.0001,0.02,0.027,26
1790509261.1,0.0013,-0.0001,0.02,0.015,24
1790509261.2,0.0013,-0.0001,0.02,-0.007,27
1790509261.3,0.0013,-0.0001,0.01,-0.065,27
1790509261.4,0.0013,-0.0001,0.01,0.004,26
1790509261.5,0.0013,-0.0001,0.01,-0.039,24
1790509261.6,0.0013,-0.0001,0.01,-0.023,26
1790509261.7,0.0013,-0.0001,0.01,-0.005,25
1790509261.8,0.0013,-0.0001,0.01,0.040,28
1790509261.9,0.0013,-0.0001,0.01,0.050,26
1790509262.0,0.0013,-0.0001,0.01,0.053,24
1790509262.1,0.0013,-0.0001,0.01,0.014,24
1790509262.2,0.0013,-0.0001,0.01,0.054,26
1790509262.3,0.0013,-0.0001,0.01,0.007,24
1790509262.4,0.0013,-0.0001,0.01,-0.012,23
1790509262.5,0.0013,-0.0001,0.01,-0.015,24
1790509262.6,0.0013,-0.0001,0.01,0.002,23
1790509262.7,0.0018,-0.0001,0.01,-0.031,25
1790509262.8,0.0018,-0.0001,0.01,-0.014,24
1790509262.9,0.0023,-0.0001,0.00,-0.026,24
1790509263.0,0.0023,-0.0001,0.00,-0.026,23
1790509263.1,0.0015,-0.0001,0.00,0.021,27
1790509263.2,0.0016,-0.0001,0.00,-0.005,22
1790509263.3,0.0016,-0.0001,0.01,0.031,24
1790509263.4,0.0019,-0.0001,0.01,-0.003,24
1790509263.5,0.0019,-0.0001,0.00,-0.013,24
1790509263.6,0.0009,-0.0001,0.00,-0.012,24
1790509263.7,0.0009,-0.0001,0.01,0.025,24
1790509263.8,0.0012,-0.0001,0.01,0.011,26
1790509263.9,0.0012,-0.0001,0.01,0.049,23
1790509264.0,0.0013,-0.0001,0.01,0.047,24
1790509264.1,0.0013,-0.0001,0.01,-0.005,25
1790509264.2,0.0015,-0.0001,0.01,-0.024,23
1790509264.3,0.0011,-0.0001,0.01,0.010,25
1790509264.4,0.0011,-0.0001,0.01,0.036,25
1790509264.5,0.0022,-0.0001,0.01,-0.051,26
1790509264.6,0.0015,-0.0001,0.01,-0.041,24
1790509264.7,0.0016,-0.0001,0.01,-0.025,24
1790509264.8,0.0016,-0.0001,0.01,-0.033,26
1790509264.9,0.0009,-0.0001,0.00,-0.016,22
1790509265.0,0.0011,-0.0001,0.00,0.029,24
1790509265.1,0.0010,-0.0001,0.00,-0.017,23
1790509265.2,0.0010,-0.0001,0.00,-0.004,26
1790509265.3,0.0010,-0.0001,-0.00,-0.036,24
1790509265.4,0.0011,-0.0001,0.00,-0.023,23
1790509265.5,0.0009,-0.0001,0.00,-0.008,24
1790509265.6,0.0009,-0.0001,0.00,0.022,25
1790509265.7,0.0005,-0.0001,0.00,-0.010,24
1790509265.8,0.0012,-0.0001,0.00,0.016,23
1790509265.9,0.0010,-0.0001,0.00,-0.001,25
1790509266.0,0.0010,-0.0001,0.00,-0.059,24
1790509266.1,0.0009,-0.0001,0.01,0.041,24
1790509266.2,0.0010,-0.0001,0.01,-0.014,26
1790509266.3,0.0010,-0.0001,0.01,0.015,24
1790509266.4,0.0010,-0.0001,0.01,0.016,25
1790509266.5,0.0013,-0.0001,0.01,-0.020,26
1790509266.6,0.0011,-0.0001,0.00,-0.013,24
1790509266.7,0.0011,-0.0001,0.00,0.011,25
1790509266.8,0.0012,-0.0001,0.00,0.024,23
1790509266.9,0.0012,-0.0001,0.00,0.010,25
1790509267.0,0.0015,-0.0001,0.00,-0.011,26
1790509267.1,0.0015,-0.0001,0.01,0.058,26
1790509267.2,0.0014,-0.0001,0.01,0.005,23
1790509267.3,0.0011,-0.0001,0.01,0.012,25
1790509267.4,0.0011,-0.0001,0.01,0.021,26
1790509267.5,0.0011,-0.0001,0.01,0.008,24
1790509267.6,0.0011,-0.0001,0.01,-0.022,26
1790509267.7,0.0011,-0.0001,0.01,-0.011,26
1790509267.8,0.0011,-0.0001,0.01,0.045,26
1790509267.9,0.0011,-0.0001,0.02,0.023,25
1790509268.0,0.0011,-0.0001,0.02,0.038,23
1790509268.1,0.0011,-0.0001,0.02,0.016,26
1790509268.2,0.0011,-0.0001,0.02,-0.025,26
1790509268.3,0.0011,-0.0001,0.02,-0.017,26
1790509268.4,0.0011,-0.0001,0.02,-0.018,25
1790509268.5,0.0011,-0.0001,0.02,0.030,27
1790509268.6,0.0011,-0.0001,0.02,0.023,26
1790509268.7,0.0011,-0.0001,0.02,-0.008,25
1790509268.8,0.0011,-0.0001,0.02,-0.018,25
1790509268.9,0.0011,-0.0001,0.02,0.036,25
1790509269.0,0.0011,-0.0001,0.02,0.029,27
1790509269.1,0.0011,-0.0001,0.03,0.031,24
1790509269.2,0.0011,-0.0001,0.03,0.033,27
1790509269.3,0.0011,-0.0001,0.03,0.075,26
1790509269.4,0.0011,-0.0001,0.03,-0.057,27
1790509269.5,0.0011,-0.0001,0.03,-0.020,25
1790509269.6,0.0011,-0.0001,0.03,0.021,27
1790509269.7,0.0011,-0.0001,0.03,-0.036,23
1790509269.8,0.0011,-0.0001,0.03,-0.029,24
1790509269.9,0.0012,-0.0001,0.03,-0.036,26
1790509270.0,0.0012,-0.0001,0.02,-0.055,24
1790509270.1,0.0010,-0.0001,0.02,-0.023,23
1790509270.2,0.0010,-0.0001,0.02,-0.036,23
1790509270.3,0.0010,-0.0001,0.02,0.002,26
1790509270.4,0.0019,-0.0001,0.02,0.008,24
1790509270.5,0.0017,-0.0001,0.02,-0.012,23
1790509270.6,0.0017,-0.0001,0.02,0.012,27
1790509270.7,0.0034,-0.0001,0.02,0.013,24
1790509270.8,0.0034,-0.0001,0.02,-0.010,25
1790509270.9,0.0034,-0.0001,0.01,0.009,24
1790509271.0,0.0036,-0.0001,0.02,-0.030,24
1790509271.1,0.0035,-0.0001,0.02,-0.013,22
1790509271.2,0.0038,-0.0001,0.02,0.008,25
1790509271.3,0.0038,-0.0001,0.02,0.018,24
1790509271.4,0.0039,-0.0001,0.02,-0.006,26
1790509271.5,0.0042,-0.0001,0.02,-0.021,22
1790509271.6,0.0042,-0.0001,0.01,-0.003,24
1790509271.7,0.0042,-0.0001,0.02,0.014,23
1790509271.8,0.0042,-0.0001,0.01,-0.043,23
1790509271.9,0.0043,-0.0001,0.01,-0.012,25
1790509272.0,0.0036,-0.0001,0.02,0.013,25
1790509272.1,0.0036,-0.0001,0.02,0.019,25
1790509272.2,0.0035,-0.0001,0.02,0.011,20
1790509272.3,0.0038,-0.0001,0.02,0.048,25
1790509272.4,0.0032,-0.0001,0.02,-0.019,24
1790509272.5,0.0032,-0.0001,0.02,-0.017,23
1790509272.6,0.0036,-0.0001,0.01,-0.024,22
1790509272.7,0.0036,-0.0001,0.01,0.006,25
1790509272.8,0.0036,-0.0001,0.02,0.056,21
1790509272.9,0.0043,-0.0001,0.02,-0.019,26
1790509273.0,0.0046,-0.0001,0.02,-0.002,23
1790509273.1,0.0046,-0.0001,0.02,0.061,22
1790509273.2,0.0045,-0.0001,0.02,-0.021,26
1790509273.3,0.0045,-0.0001,0.02,-0.031,21
1790509273.4,0.0041,-0.0001,0.02,-0.014,22
1790509273.5,0.0041,-0.0001,0.02,0.021,25
1790509273.6,0.0040,-0.0001,0.02,-0.061,26
1790509273.7,0.0039,-0.0001,0.02,-0.014,23
1790509273.8,0.0048,-0.0001,0.01,-0.006,26
1790509273.9,0.0048,-0.0001,0.01,-0.022,24
1790509274.0,0.0040,-0.0001,0.01,-0.024,22
1790509274.1,0.0041,-0.0001,0.02,0.052,26
1790509274.2,0.0041,-0.0001,0.02,-0.037,24
1790509274.3,0.0044,-0.0001,0.01,-0.015,24
1790509274.4,0.0026,-0.0001,0.01,0.042,23
1790509274.5,0.0035,-0.0001,0.01,0.013,27
1790509274.6,0.0035,-0.0001,0.01,-0.013,25
1790509274.7,0.0031,-0.0001,0.01,-0.012,26
1790509274.8,,,,0.037,27
1790509274.9,,,,-0.048,27
1790509275.0,,,,-0.027,24
1790509275.1,,,,0.008,26
1790509275.2,0.0031,-0.0001,-0.03,-0.022,24
1790509275.3,,,,-0.023,25
1790509275.4,,,,-0.009,27
1790509275.5,,,,0.006,24
1790509275.6,,,,0.007,25
1790509275.7,0.0032,-0.0001,-0.06,-0.021,28
1790509275.8,,,,-0.028,26
1790509275.9,,,,-0.035,25
1790509276.0,,,,0.005,26
1790509276.1,,,,-0.007,26
1790509276.2,0.0033,-0.0001,-0.10,0.009,23
1790509276.3,,,,-0.011,27
1790509276.4,,,,-0.041,26
1790509276.5,,,,0.022,25
1790509276.6,,,,-0.007,25
1790509276.7,0.0035,-0.0001,-0.13,-0.006,27
1790509276.8,,,,0.027,26
1790509276.9,,,,0.025,25
1790509277.0,,,,-0.029,24
1790509277.1,,,,-0.011,27
1790509277.2,,,,-0.037,25
1790509277.3,0.0037,-0.0001,-0.17,0.017,25
1790509277.4,,,,0.007,26
1790509277.5,,,,0.088,23
1790509277.6,,,,0.010,26
1790509277.7,,,,-0.036,28
1790509277.8,0.0040,-0.0001,-0.21,0.006,25
1790509277.9,,,,-0.005,27
1790509278.0,,,,-0.009,24
1790509278.1,,,,0.014,26
1790509278.2,,,,0.010,27
1790509278.3,0.0042,-0.0001,-0.24,0.090,25
1790509278.4,,,,0.062,25
1790509278.5,,,,-0.006,26
1790509278.6,,,,0.001,25
1790509278.7,,,,0.010,26
1790509278.8,0.0046,-0.0001,-0.28,-0.019,26
1790509278.9,,,,0.035,26
1790509279.0,,,,-0.006,25
1790509279.1,,,,-0.035,26
1790509279.2,,,,-0.008,21
1790509279.3,,,,-0.018,22
1790509279.4,,,,-0.014,23
1790509279.5,,,,0.005,22
1790509279.6,,,,-0.026,23
1790509279.7,,,,0.034,24
1790509279.8,,,,0.024,24
1790509279.9,,,,-0.020,22
1790509280.0,,,,-0.038,24
1790509280.1,,,,-0.036,24
1790509280.2,,,,-0.007,20
1790509280.3,,,,-0.009,26
1790509280.4,,,,0.002,23
1790509280.5,,,,-0.027,22
1790509280.6,,,,-0.029,21
1790509280.7,,,,-0.007,23
1790509280.8,,,,-0.004,20
1790509280.9,,,,0.013,24
1790509281.0,,,,0.046,21
1790509281.1,,,,-0.035,23
1790509281.2,,,,0.029,22
1790509281.3,,,,-0.022,23
1790509281.4,,,,-0.008,26
1790509281.5,,,,-0.009,22
1790509281.6,,,,-0.002,21
1790509281.7,,,,0.044,24
1790509281.8,,,,-0.020,21
1790509281.9,,,,-0.049,22
1790509282.0,,,,-0.020,23
1790509282.1,,,,0.018,21
1790509282.2,,,,-0.016,21
1790509282.3,,,,-0.029,24
1790509282.4,,,,0.044,23
1790509282.5,,,,0.014,25
1790509282.6,,,,-0.002,26
1790509282.7,,,,0.040,23
1790509282.8,,,,-0.009,25
1790509282.9,,,,-0.014,25
1790509283.0,,,,-0.006,20
1790509283.1,,,,-0.010,23
1790509283.2,,,,-0.007,23
1790509283.3,,,,0.002,23
1790509283.4,,,,0.027,22
1790509283.5,,,,0.013,22
1790509283.6,,,,0.009,24
1790509283.7,,,,0.027,21
1790509283.8,,,,-0.009,21
1790509283.9,,,,0.025,24
1790509284.0,0.0033,-0.0001,-0.15,-0.049,23
1790509284.1,0.0033,-0.0001,-0.15,-0.009,26
1790509284.2,0.0033,-0.0001,-0.15,0.062,23
1790509284.3,0.0032,-0.0001,-0.15,-0.008,22
1790509284.4,0.0033,-0.0001,-0.15,-0.030,21
1790509284.5,0.0033,-0.0001,-0.15,0.031,24
1790509284.6,0.0036,-0.0001,-0.15,-0.001,23
1790509284.7,0.0035,-0.0001,-0.15,-0.016,22
1790509284.8,0.0035,-0.0001,-0.15,0.051,25
1790509284.9,0.0039,-0.0001,-0.15,0.014,26
1790509285.0,0.0039,-0.0001,-0.15,-0.022,25
1790509285.1,0.0040,-0.0001,-0.15,-0.025,24
1790509285.2,0.0040,-0.0001,-0.15,0.021,23
1790509285.3,0.0040,-0.0001,-0.16,-0.028,24
1790509285.4,0.0038,-0.0001,-0.16,-0.004,26
1790509285.5,0.0037,-0.0001,-0.16,-0.007,24
1790509285.6,0.0041,-0.0001,-0.16,-0.033,24
1790509285.7,0.0033,-0.0001,-0.16,-0.023,27
1790509285.8,0.0033,-0.0001,-0.17,-0.052,27
1790509285.9,0.0040,-0.0001,-0.16,0.036,26
1790509286.0,0.0041,-0.0001,-0.16,0.003,25
1790509286.1,0.0040,-0.0001,-0.16,-0.001,23
1790509286.2,0.0040,-0.0001,-0.16,-0.010,27
1790509286.3,0.0033,-0.0001,-0.16,0.010,26
1790509286.4,0.0034,-0.0001,-0.16,0.017,25
1790509286.5,0.0028,-0.0001,-0.16,0.011,27
1790509286.6,0.0028,-0.0001,-0.16,-0.015,25
1790509286.7,0.0032,-0.0001,-0.16,0.005,24
1790509286.8,0.0025,-0.0001,-0.17,-0.040,25
1790509286.9,0.0025,-0.0001,-0.17,-0.017,28
1790509287.0,0.0042,-0.0001,-0.16,0.028,25
1790509287.1,0.0041,-0.0001,-0.16,0.019,25
1790509287.2,0.0041,-0.0001,-0.16,-0.003,25
1790509287.3,0.0051,-0.0001,-0.16,0.021,25
1790509287.4,0.0050,-0.0001,-0.17,-0.019,23
1790509287.5,0.0046,-0.0001,-0.16,0.031,25
1790509287.6,0.0046,-0.0001,-0.16,0.003,24
1790509287.7,0.0046,-0.0001,-0.16,0.020,25
1790509287.8,0.0048,-0.0001,-0.16,-0.005,26
1790509287.9,0.0047,-0.0001,-0.15,0.039,25
1790509288.0,0.0047,-0.0001,-0.16,-0.030,26
1790509288.1,0.0045,-0.0001,-0.16,-0.016,27
1790509288.2,0.0047,-0.0001,-0.16,-0.015,23
1790509288.3,0.0047,-0.0001,-0.15,0.006,25
1790509288.4,0.0059,-0.0001,-0.16,0.028,23
1790509288.5,0.0059,-0.0001,-0.16,-0.017,26
1790509288.6,0.0059,-0.0001,-0.15,0.013,25
1790509288.7,0.0059,-0.0001,-0.15,0.062,25
1790509288.8,0.0057,-0.0001,-0.14,0.077,22
1790509288.9,0.0057,-0.0001,-0.14,0.015,24
1790509289.0,0.0057,-0.0001,-0.14,0.009,24
1790509289.1,0.0057,-0.0001,-0.14,-0.043,26
1790509289.2,0.0057,-0.0001,-0.14,-0.019,24
1790509289.3,0.0057,-0.0001,-0.14,0.002,25
1790509289.4,0.0057,-0.0001,-0.14,-0.023,23
1790509289.5,0.0058,-0.0001,-0.14,0.001,27
1790509289.6,0.0058,-0.0001,-0.15,-0.021,27
1790509289.7,0.0044,-0.0001,-0.14,-0.007,25
1790509289.8,0.0044,-0.0001,-0.15,0.002,25
1790509289.9,0.0052,-0.0001,-0.14,0.010,27
1790509290.0,0.0052,-0.0001,-0.14,0.018,25
1790509290.1,0.0052,-0.0001,-0.14,0.063,23
1790509290.2,0.0052,-0.0001,-0.14,-0.007,26
1790509290.3,0.0052,-0.0001,-0.14,-0.049,26
1790509290.4,0.0052,-0.0001,-0.14,0.013,24
1790509290.5,0.0052,-0.0001,-0.14,-0.042,25
1790509290.6,0.0052,-0.0001,-0.14,0.014,28
1790509290.7,0.0052,-0.0001,-0.14,0.009,27
1790509290.8,0.0052,-0.0001,-0.14,0.028,25
1790509290.9,0.0052,-0.0001,-0.14,-0.047,28
1790509291.0,0.0052,-0.0001,-0.14,-0.020,26
1790509291.1,0.0052,-0.0001,-0.14,-0.019,26
1790509291.2,0.0052,-0.0001,-0.15,-0.033,26
1790509291.3,0.0052,-0.0001,-0.15,-0.006,25
1790509291.4,0.0052,-0.0001,-0.15,-0.019,26
1790509291.5,0.0052,-0.0001,-0.15,-0.016,26
1790509291.6,0.0052,-0.0001,-0.15,0.019,27
1790509291.7,0.0052,-0.0001,-0.15,-0.008,23
1790509291.8,0.0052,-0.0001,-0.15,0.016,24
1790509291.9,0.0052,-0.0001,-0.15,-0.052,24
1790509292.0,0.0052,-0.0001,-0.16,-0.042,26
1790509292.1,0.0052,-0.0001,-0.16,0.016,21
1790509292.2,0.0052,-0.0001,-0.16,0.004,28
1790509292.3,0.0052,-0.0001,-0.15,0.055,24
1790509292.4,0.0052,-0.0001,-0.15,0.048,28
1790509292.5,0.0052,-0.0001,-0.14,-0.008,27
1790509292.6,0.0052,-0.0001,-0.14,0.003,27
1790509292.7,0.0052,-0.0001,-0.15,0.003,26
1790509292.8,0.0052,-0.0001,-0.15,0.002,26
1790509292.9,0.0052,-0.0001,-0.15,0.025,26
1790509293.0,0.0052,-0.0001,-0.15,-0.021,27
1790509293.1,0.0052,-0.0001,-0.14,0.052,24
1790509293.2,0.0052,-0.0001,-0.14,-0.005,24
1790509293.3,0.0052,-0.0001,-0.14,0.007,24
1790509293.4,0.0051,-0.0001,-0.14,0.027,25
1790509293.5,0.0057,-0.0001,-0.14,0.040,25
1790509293.6,0.0057,-0.0001,-0.15,-0.016,26
1790509293.7,0.0057,-0.0001,-0.15,-0.010,26
1790509293.8,0.0053,-0.0001,-0.15,0.010,26
1790509293.9,0.0057,-0.0001,-0.15,-0.018,25
1790509294.0,0.0057,-0.0001,-0.15,-0.021,25
1790509294.1,0.0057,-0.0001,-0.15,0.019,26
1790509294.2,0.0053,-0.0001,-0.15,-0.021,23
1790509294.3,0.0053,-0.0001,-0.15,0.021,26
1790509294.4,0.0053,-0.0001,-0.15,-0.002,25
1790509294.5,0.0055,-0.0001,-0.15,-0.001,25
1790509294.6,0.0055,-0.0001,-0.15,-0.006,25
1790509294.7,0.0051,-0.0001,-0.15,0.009,26
1790509294.8,0.0052,-0.0001,-0.15,0.003,27
1790509294.9,0.0052,-0.0001,-0.15,-0.021,27
1790509295.0,0.0052,-0.0001,-0.15,0.008,25
1790509295.1,0.0049,-0.0001,-0.15,-0.024,25
1790509295.2,0.0049,-0.0001,-0.15,0.021,26
1790509295.3,0.0057,-0.0001,-0.15,-0.006,24
1790509295.4,0.0052,-0.0001,-0.15,0.001,26
1790509295.5,0.0055,-0.0001,-0.15,0.002,26
1790509295.6,0.0055,-0.0001,-0.15,0.028,24
1790509295.7,0.0055,-0.0001,-0.15,-0.016,26
1790509295.8,0.0055,-0.0001,-0.15,-0.009,28
1790509295.9,0.0053,-0.0001,-0.15,0.026,26
1790509296.0,0.0052,-0.0001,-0.15,-0.030,25
1790509296.1,0.0051,-0.0001,-0.15,-0.029,26
1790509296.2,0.0051,-0.0001,-0.15,-0.012,24
1790509296.3,0.0059,-0.0001,-0.15,0.044,27
1790509296.4,0.0057,-0.0001,-0.16,-0.073,26
1790509296.5,0.0055,-0.0001,-0.16,-0.027,24
1790509296.6,0.0055,-0.0001,-0.16,-0.020,27
1790509296.7,0.0055,-0.0001,-0.16,0.007,26
1790509296.8,0.0055,-0.0001,-0.16,0.002,25
1790509296.9,0.0054,-0.0001,-0.16,-0.016,24
1790509297.0,0.0055,-0.0001,-0.15,-0.009,23
1790509297.1,0.0053,-0.0001,-0.15,0.000,24
1790509297.2,0.0057,-0.0001,-0.16,-0.006,25
1790509297.3,0.0057,-0.0001,-0.16,-0.009,27
1790509297.4,0.0064,-0.0001,-0.16,0.038,27
1790509297.5,0.0064,-0.0001,-0.16,0.014,25
1790509297.6,0.0064,-0.0001,-0.16,0.014,25
1790509297.7,0.0058,-0.0001,-0.16,-0.009,24
1790509297.8,0.0058,-0.0001,-0.16,-0.020,26
1790509297.9,0.0056,-0.0001,-0.16,0.003,28
1790509298.0,0.0056,-0.0001,-0.16,0.012,26
1790509298.1,0.0059,-0.0001,-0.16,0.021,24
1790509298.2,0.0059,-0.0001,-0.16,-0.016,25
1790509298.3,0.0059,-0.0001,-0.16,-0.014,26
1790509298.4,0.0059,-0.0001,-0.16,0.003,24
1790509298.5,0.0056,-0.0001,-0.16,-0.019,25
1790509298.6,0.0056,-0.0001,-0.16,-0.004,26
1790509298.7,0.0056,-0.0001,-0.17,0.033,26
1790509298.8,0.0056,-0.0001,-0.17,-0.035,25
1790509298.9,0.0056,-0.0001,-0.17,-0.011,26
1790509299.0,0.0056,-0.0001,-0.17,-0.005,26
1790509299.1,0.0056,-0.0001,-0.17,0.022,26
1790509299.2,0.0056,-0.0001,-0.17,0.057,23
1790509299.3,,,,0.011,26
1790509299.4,,,,0.005,24
1790509299.5,,,,-0.014,25
1790509299.6,,,,-0.020,20
1790509299.7,0.0056,-0.0001,-0.15,-0.017,26
1790509299.8,,,,-0.003,27
1790509299.9,,,,-0.025,27
1790509300.0,,,,-0.013,26
1790509300.1,,,,-0.046,26
1790509300.2,,,,-0.034,27
1790509300.3,0.0056,-0.0001,-0.14,-0.012,24
1790509300.4,0.0056,-0.0001,-0.14,0.059,26
1790509300.5,0.0056,-0.0001,-0.13,0.044,26
1790509300.6,0.0057,-0.0001,-0.13,0.001,26
1790509300.7,0.0057,-0.0001,-0.12,-0.020,25
1790509300.8,0.0057,-0.0001,-0.12,0.011,26
1790509300.9,0.0060,-0.0001,-0.12,-0.038,26
1790509301.0,0.0057,-0.0001,-0.13,-0.012,24
1790509301.1,0.0057,-0.0001,-0.13,0.009,26
1790509301.2,0.0057,-0.0001,-0.13,-0.028,24
1790509301.3,0.0049,-0.0001,-0.14,-0.016,23
1790509301.4,0.0046,-0.0001,-0.14,0.001,24
1790509301.5,0.0047,-0.0001,-0.14,-0.011,24
1790509301.6,0.0047,-0.0001,-0.13,0.019,25
1790509301.7,0.0053,-0.0001,-0.13,0.024,24
1790509301.8,0.0042,-0.0001,-0.13,-0.007,28
1790509301.9,0.0045,-0.0001,-0.13,0.042,26
1790509302.0,0.0045,-0.0001,-0.13,0.013,26
1790509302.1,0.0044,-0.0001,-0.13,-0.016,24
1790509302.2,0.0045,-0.0001,-0.13,0.027,25
1790509302.3,0.0045,-0.0001,-0.13,0.042,26
1790509302.4,0.0045,-0.0001,-0.13,-0.023,25
1790509302.5,0.0043,-0.0001,-0.13,0.027,24
1790509302.6,0.0046,-0.0001,-0.12,0.017,25
1790509302.7,0.0043,-0.0001,-0.12,0.047,24
1790509302.8,0.0043,-0.0001,-0.12,0.023,24
1790509302.9,0.0039,-0.0001,-0.12,0.029,25
1790509303.0,0.0039,-0.0001,-0.12,-0.027,26
1790509303.1,0.0040,-0.0001,-0.12,-0.030,26
1790509303.2,0.0041,-0.0001,-0.12,0.040,24
1790509303.3,0.0033,-0.0001,-0.12,0.013,26
1790509303.4,0.0033,-0.0001,-0.12,0.025,25
1790509303.5,0.0034,-0.0001,-0.12,0.027,25
1790509303.6,0.0034,-0.0001,-0.12,-0.021,25
1790509303.7,0.0034,-0.0001,-0.11,0.033,25
1790509303.8,0.0034,-0.0001,-0.11,0.006,24
1790509303.9,0.0034,-0.0001,-0.11,-0.007,28
1790509304.0,0.0034,-0.0001,-0.11,0.017,27
1790509304.1,0.0034,-0.0001,-0.11,0.020,27
1790509304.2,0.0034,-0.0001,-0.11,-0.012,24
1790509304.3,0.0034,-0.0001,-0.11,-0.017,25
1790509304.4,0.0034,-0.0001,-0.11,0.045,23
1790509304.5,0.0034,-0.0001,-0.11,0.022,26
1790509304.6,0.0034,-0.0001,-0.11,-0.018,27
1790509304.7,0.0034,-0.0001,-0.11,0.037,26
1790509304.8,0.0034,-0.0001,-0.11,0.026,28
1790509304.9,0.0034,-0.0001,-0.11,-0.053,26
1790509305.0,0.0034,-0.0001,-0.11,0.010,26
1790509305.1,0.0034,-0.0001,-0.11,-0.014,28
1790509305.2,0.0034,-0.0001,-0.12,-0.007,25
1790509305.3,0.0034,-0.0001,-0.12,-0.009,26
1790509305.4,0.0034,-0.0001,-0.11,0.054,27
1790509305.5,0.0034,-0.0001,-0.12,-0.033,25
1790509305.6,0.0034,-0.0001,-0.12,-0.026,24
1790509305.7,0.0034,-0.0001,-0.12,-0.023,24
1790509305.8,0.0034,-0.0001,-0.12,0.006,25
1790509305.9,0.0034,-0.0001,-0.12,0.010,26
1790509306.0,0.0034,-0.0001,-0.11,0.006,23
1790509306.1,0.0034,-0.0001,-0.11,0.015,27
1790509306.2,0.0034,-0.0001,-0.11,-0.011,26
1790509306.3,0.0034,-0.0001,-0.12,-0.041,27
1790509306.4,0.0034,-0.0001,-0.12,-0.005,26
1790509306.5,0.0034,-0.0001,-0.11,0.036,23
1790509306.6,0.0034,-0.0001,-0.11,-0.002,25
1790509306.7,0.0034,-0.0001,-0.11,0.034,26
1790509306.8,0.0034,-0.0001,-0.11,-0.011,25
1790509306.9,0.0034,-0.0001,-0.11,-0.023,24
1790509307.0,0.0034,-0.0001,-0.11,-0.009,26
1790509307.1,0.0034,-0.0001,-0.11,-0.008,27
1790509307.2,0.0034,-0.0001,-0.12,-0.011,25
1790509307.3,0.0034,-0.0001,-0.12,-0.045,26
1790509307.4,0.0034,-0.0001,-0.12,-0.038,26
1790509307.5,0.0034,-0.0001,-0.12,-0.010,26
1790509307.6,0.0034,-0.0001,-0.12,-0.031,27
1790509307.7,0.0034,-0.0001,-0.12,-0.002,24
1790509307.8,0.0034,-0.0001,-0.12,0.014,27
1790509307.9,0.0034,-0.0001,-0.11,0.059,26
1790509308.0,0.0034,-0.0001,-0.11,-0.024,24
1790509308.1,0.0034,-0.0001,-0.11,-0.010,24
1790509308.2,0.0034,-0.0001,-0.11,-0.003,26
1790509308.3,0.0032,-0.0001,-0.11,0.039,25
1790509308.4,0.0037,-0.0001,-0.11,-0.031,26
1790509308.5,0.0037,-0.0001,-0.11,-0.008,24
1790509308.6,0.0035,-0.0001,-0.11,0.038,27
1790509308.7,0.0040,-0.0001,-0.11,0.022,26
1790509308.8,0.0040,-0.0001,-0.11,-0.019,25
1790509308.9,0.0040,-0.0001,-0.11,0.016,25
1790509309.0,0.0040,-0.0001,-0.10,0.035,25
1790509309.1,0.0040,-0.0001,-0.11,-0.001,27
1790509309.2,0.0040,-0.0001,-0.11,0.015,27
1790509309.3,0.0040,-0.0001,-0.11,-0.016,25
1790509309.4,0.0040,-0.0001,-0.11,0.002,27
1790509309.5,0.0040,-0.0001,-0.10,0.038,26
1790509309.6,0.0040,-0.0001,-0.10,0.030,27
1790509309.7,0.0040,-0.0001,-0.10,0.019,27
1790509309.8,0.0040,-0.0001,-0.10,-0.000,26
1790509309.9,0.0040,-0.0001,-0.10,0.014,24
1790509310.0,0.0040,-0.0001,-0.10,-0.069,25
1790509310.1,0.0040,-0.0001,-0.10,0.016,27
1790509310.2,0.0040,-0.0001,-0.10,0.004,25
1790509310.3,0.0040,-0.0001,-0.10,0.021,25
1790509310.4,0.0040,-0.0001,-0.10,-0.003,26
1790509310.5,0.0040,-0.0001,-0.10,-0.021,27
1790509310.6,0.0040,-0.0001,-0.10,0.035,23
1790509310.7,0.0040,-0.0001,-0.10,0.027,27
1790509310.8,0.0040,-0.0001,-0.09,0.025,24
1790509310.9,0.0040,-0.0001,-0.10,0.001,23
1790509311.0,0.0040,-0.0001,-0.10,-0.021,26
1790509311.1,0.0040,-0.0001,-0.10,-0.006,25
1790509311.2,0.0040,-0.0001,-0.10,0.007,26
1790509311.3,0.0040,-0.0001,-0.10,-0.028,26
1790509311.4,0.0040,-0.0001,-0.10,-0.011,23
1790509311.5,0.0040,-0.0001,-0.10,0.011,25
1790509311.6,0.0040,-0.0001,-0.10,-0.002,27
1790509311.7,0.0040,-0.0001,-0.10,-0.039,24
1790509311.8,0.0040,-0.0001,-0.10,-0.035,24
1790509311.9,0.0040,-0.0001,-0.10,0.049,26
1790509312.0,0.0040,-0.0001,-0.10,-0.016,28
1790509312.1,0.0040,-0.0001,-0.10,0.010,25
1790509312.2,0.0040,-0.0001,-0.10,0.015,27
1790509312.3,0.0040,-0.0001,-0.10,-0.030,24
1790509312.4,0.0040,-0.0001,-0.10,0.012,26
1790509312.5,0.0040,-0.0001,-0.10,-0.014,26
1790509312.6,0.0040,-0.0001,-0.10,-0.024,26
1790509312.7,0.0040,-0.0001,-0.10,-0.000,27
1790509312.8,0.0040,-0.0001,-0.11,-0.051,24
1790509312.9,0.0040,-0.0001,-0.11,0.005,27
1790509313.0,0.0040,-0.0001,-0.10,0.033,26
1790509313.1,0.0040,-0.0001,-0.10,0.032,24
1790509313.2,0.0040,-0.0001,-0.10,0.002,26
1790509313.3,0.0040,-0.0001,-0.09,0.042,26
1790509313.4,0.0040,-0.0001,-0.09,-0.004,25
1790509313.5,0.0040,-0.0001,-0.09,-0.008,22
1790509313.6,0.0040,-0.0001,-0.09,0.022,21
1790509313.7,0.0040,-0.0001,-0.09,0.039,26
1790509313.8,0.0040,-0.0001,-0.09,0.014,26
1790509313.9,0.0040,-0.0001,-0.09,0.025,26
1790509314.0,0.0040,-0.0001,-0.08,0.013,25
1790509314.1,0.0040,-0.0001,-0.08,-0.034,27
1790509314.2,0.0040,-0.0001,-0.08,-0.020,26
1790509314.3,0.0040,-0.0001,-0.08,0.027,25
1790509314.4,0.0040,-0.0001,-0.08,-0.001,27
1790509314.5,0.0040,-0.0001,-0.08,-0.022,24
1790509314.6,0.0040,-0.0001,-0.08,0.007,26
1790509314.7,0.0040,-0.0001,-0.08,0.046,26
1790509314.8,0.0040,-0.0001,-0.08,-0.000,25
1790509314.9,0.0040,-0.0001,-0.08,-0.019,27
1790509315.0,0.0040,-0.0001,-0.08,-0.002,27
1790509315.1,0.0040,-0.0001,-0.08,-0.031,23
1790509315.2,0.0040,-0.0001,-0.08,-0.031,24
1790509315.3,0.0040,-0.0001,-0.08,0.021,28
1790509315.4,0.0040,-0.0001,-0.07,-0.047,24
1790509315.5,0.0040,-0.0001,-0.08,-0.031,26
1790509315.6,0.0040,-0.0001,-0.08,-0.028,25
1790509315.7,0.0040,-0.0001,-0.08,-0.039,24
1790509315.8,0.0038,-0.0001,-0.08,0.020,23
1790509315.9,0.0039,-0.0001,-0.08,-0.064,28
1790509316.0,0.0041,-0.0001,-0.08,0.025,26
1790509316.1,0.0041,-0.0001,-0.08,0.032,26
1790509316.2,0.0036,-0.0001,-0.08,0.045,25
1790509316.3,0.0036,-0.0001,-0.08,-0.025,24
1790509316.4,0.0036,-0.0001,-0.07,0.034,24
1790509316.5,0.0038,-0.0001,-0.07,0.007,27
1790509316.6,0.0037,-0.0001,-0.08,-0.059,26
1790509316.7,0.0038,-0.0001,-0.08,-0.004,26
1790509316.8,0.0038,-0.0001,-0.08,-0.047,23
1790509316.9,0.0029,-0.0001,-0.08,-0.010,27
1790509317.0,0.0028,-0.0001,-0.08,0.013,27
1790509317.1,0.0034,-0.0001,-0.07,0.054,25
1790509317.2,0.0034,-0.0001,-0.07,-0.005,26
1790509317.3,0.0039,-0.0001,-0.08,-0.030,26
1790509317.4,0.0040,-0.0001,-0.07,-0.006,25
1790509317.5,0.0040,-0.0001,-0.08,0.013,26
1790509317.6,0.0034,-0.0001,-0.07,-0.015,24
1790509317.7,0.0034,-0.0001,-0.07,-0.009,25
1790509317.8,0.0034,-0.0001,-0.08,-0.044,25
1790509317.9,0.0034,-0.0001,-0.08,0.015,24
1790509318.0,0.0026,-0.0001,-0.07,-0.049,25
1790509318.1,0.0050,-0.0001,-0.08,-0.013,25
1790509318.2,0.0053,-0.0001,-0.08,0.012,26
1790509318.3,0.0052,-0.0001,-0.08,0.004,25
1790509318.4,0.0052,-0.0001,-0.08,-0.057,26
1790509318.5,0.0053,-0.0001,-0.08,-0.026,25
1790509318.6,0.0050,-0.0001,-0.08,-0.039,25
1790509318.7,0.0050,-0.0001,-0.08,0.019,27
1790509318.8,0.0060,-0.0001,-0.08,-0.023,23
1790509318.9,0.0061,-0.0001,-0.08,0.024,26
1790509319.0,0.0060,-0.0001,-0.08,-0.009,25
1790509319.1,0.0060,-0.0001,-0.08,-0.005,24
1790509319.2,0.0066,-0.0001,-0.08,-0.026,25
1790509319.3,0.0066,-0.0001,-0.08,-0.007,25
1790509319.4,0.0061,-0.0001,-0.08,-0.028,22
1790509319.5,0.0069,-0.0001,-0.08,0.015,24
1790509319.6,0.0060,-0.0001,-0.08,-0.052,27
1790509319.7,0.0060,-0.0001,-0.08,0.023,23
1790509319.8,0.0066,-0.0001,-0.08,-0.035,26
1790509319.9,0.0065,-0.0001,-0.08,0.035,24
1790509320.0,0.0065,-0.0001,-0.07,0.041,25
1790509320.1,0.0065,-0.0001,-0.07,-0.001,25
1790509320.2,0.0065,-0.0001,-0.08,-0.022,26
1790509320.3,0.0065,-0.0001,-0.08,-0.003,23
1790509320.4,0.0065,-0.0001,-0.08,-0.024,24
1790509320.5,0.0065,-0.0001,-0.08,0.021,26
1790509320.6,0.0065,-0.0001,-0.07,0.032,24
1790509320.7,0.0065,-0.0001,-0.07,-0.022,25
1790509320.8,0.0065,-0.0001,-0.08,-0.007,26
1790509320.9,0.0065,-0.0001,-0.08,-0.012,23
1790509321.0,0.0065,-0.0001,-0.08,-0.020,28
1790509321.1,0.0065,-0.0001,-0.08,-0.013,22
1790509321.2,0.0065,-0.0001,-0.08,-0.015,25
1790509321.3,0.0065,-0.0001,-0.08,0.022,26
1790509321.4,0.0065,-0.0001,-0.07,0.010,25
1790509321.5,0.0065,-0.0001,-0.07,-0.025,27
1790509321.6,,,,-0.001,25
1790509321.7,,,,-0.025,21
1790509321.8,,,,0.004,24
1790509321.9,,,,-0.015,25
1790509322.0,0.0064,-0.0001,-0.08,0.010,21
1790509322.1,,,,-0.021,26
1790509322.2,,,,-0.022,26
1790509322.3,,,,-0.007,26
1790509322.4,,,,-0.017,25
1790509322.5,0.0064,-0.0001,-0.08,-0.017,24
1790509322.6,0.0064,-0.0001,-0.08,0.035,23
1790509322.7,0.0064,-0.0001,-0.08,-0.031,26
1790509322.8,0.0063,-0.0001,-0.08,-0.014,27
1790509322.9,0.0063,-0.0001,-0.08,0.012,26
1790509323.0,0.0063,-0.0001,-0.08,-0.020,23
1790509323.1,0.0070,-0.0001,-0.08,0.015,26
1790509323.2,0.0068,-0.0001,-0.08,-0.026,25
1790509323.3,0.0074,-0.0001,-0.08,-0.013,21
1790509323.4,0.0074,-0.0001,-0.08,0.019,26
1790509323.5,0.0069,-0.0001,-0.08,0.025,25
1790509323.6,0.0069,-0.0001,-0.08,0.000,26
1790509323.7,0.0069,-0.0001,-0.08,0.045,27
1790509323.8,0.0077,-0.0001,-0.09,-0.048,24
1790509323.9,0.0082,-0.0001,-0.09,-0.032,27
1790509324.0,0.0082,-0.0001,-0.09,-0.013,27
1790509324.1,0.0082,-0.0001,-0.09,-0.020,24
1790509324.2,0.0082,-0.0001,-0.09,0.048,25
1790509324.3,0.0082,-0.0001,-0.08,0.016,25
1790509324.4,0.0083,-0.0001,-0.08,0.002,24
1790509324.5,0.0080,-0.0001,-0.08,0.010,25
1790509324.6,0.0082,-0.0001,-0.08,-0.076,25
1790509324.7,0.0082,-0.0001,-0.09,0.020,25
1790509324.8,0.0087,-0.0001,-0.09,0.014,24
1790509324.9,0.0087,-0.0001,-0.09,-0.013,26
1790509325.0,0.0073,-0.0001,-0.08,0.039,25
1790509325.1,0.0073,-0.0001,-0.08,0.010,26
1790509325.2,0.0074,-0.0001,-0.08,0.021,26
1790509325.3,0.0073,-0.0001,-0.08,0.011,25
1790509325.4,0.0072,-0.0001,-0.07,0.043,26
1790509325.5,0.0073,-0.0001,-0.07,0.011,24
1790509325.6,0.0073,-0.0001,-0.07,0.026,24
1790509325.7,0.0073,-0.0001,-0.07,0.010,25
1790509325.8,0.0073,-0.0001,-0.07,-0.015,25
1790509325.9,0.0082,-0.0001,-0.07,-0.047,26
1790509326.0,0.0078,-0.0001,-0.07,0.007,26
1790509326.1,0.0078,-0.0001,-0.07,-0.032,25
1790509326.2,0.0078,-0.0001,-0.07,-0.017,26
1790509326.3,0.0085,-0.0001,-0.07,0.014,25
1790509326.4,0.0077,-0.0001,-0.07,0.000,24
1790509326.5,0.0076,-0.0001,-0.07,0.041,27
1790509326.6,0.0076,-0.0001,-0.07,-0.001,24
1790509326.7,0.0074,-0.0001,-0.07,0.016,25
1790509326.8,0.0077,-0.0001,-0.07,0.010,25
1790509326.9,0.0071,-0.0001,-0.07,0.007,25
1790509327.0,0.0078,-0.0001,-0.07,-0.052,27
1790509327.1,0.0078,-0.0001,-0.07,-0.013,25
1790509327.2,0.0082,-0.0001,-0.08,-0.062,27
1790509327.3,0.0080,-0.0001,-0.08,0.002,25
1790509327.4,0.0080,-0.0001,-0.08,-0.017,25
1790509327.5,0.0083,-0.0001,-0.07,0.032,28
1790509327.6,0.0077,-0.0001,-0.07,-0.011,24
1790509327.7,0.0077,-0.0001,-0.08,-0.013,25
1790509327.8,0.0077,-0.0001,-0.08,-0.041,26
1790509327.9,0.0077,-0.0001,-0.08,-0.041,24
1790509328.0,0.0077,-0.0001,-0.08,0.013,25
1790509328.1,0.0077,-0.0001,-0.08,0.015,26
1790509328.2,0.0077,-0.0001,-0.08,-0.019,25
1790509328.3,0.0077,-0.0001,-0.08,0.015,25
1790509328.4,0.0077,-0.0001,-0.08,0.022,27
1790509328.5,0.0077,-0.0001,-0.08,-0.025,26
1790509328.6,0.0077,-0.0001,-0.08,0.006,26
1790509328.7,0.0077,-0.0001,-0.08,0.004,26
1790509328.8,0.0077,-0.0001,-0.08,-0.053,24
1790509328.9,0.0077,-0.0001,-0.08,0.010,26
1790509329.0,0.0077,-0.0001,-0.08,0.006,25
1790509329.1,0.0077,-0.0001,-0.08,-0.018,25
1790509329.2,0.0077,-0.0001,-0.08,0.031,26
1790509329.3,0.0077,-0.0001,-0.08,-0.026,26
1790509329.4,0.0077,-0.0001,-0.08,0.001,26
1790509329.5,0.0077,-0.0001,-0.08,-0.018,26
1790509329.6,0.0077,-0.0001,-0.08,0.010,26
1790509329.7,0.0077,-0.0001,-0.08,-0.025,25
1790509329.8,0.0077,-0.0001,-0.08,0.020,24
1790509329.9,0.0077,-0.0001,-0.08,0.015,27
1790509330.0,0.0077,-0.0001,-0.08,0.018,26
1790509330.1,0.0077,-0.0001,-0.08,0.015,21
1790509330.2,0.0077,-0.0001,-0.07,0.014,26
1790509330.3,0.0078,-0.0001,-0.07,0.031,24
1790509330.4,0.0076,-0.0001,-0.07,0.029,25
1790509330.5,0.0076,-0.0001,-0.07,0.034,26
1790509330.6,0.0077,-0.0001,-0.07,-0.012,26
1790509330.7,0.0075,-0.0001,-0.07,-0.037,27
1790509330.8,0.0075,-0.0001,-0.07,0.028,27
1790509330.9,0.0075,-0.0001,-0.07,-0.020,25
1790509331.0,0.0073,-0.0001,-0.07,-0.010,25
1790509331.1,0.0073,-0.0001,-0.07,0.003,25
1790509331.2,0.0073,-0.0001,-0.07,-0.035,26
1790509331.3,0.0067,-0.0001,-0.07,-0.012,24
1790509331.4,0.0075,-0.0001,-0.07,0.027,25
1790509331.5,0.0075,-0.0001,-0.07,-0.045,26
1790509331.6,0.0074,-0.0001,-0.07,0.061,24
1790509331.7,0.0076,-0.0001,-0.06,-0.005,26
1790509331.8,0.0076,-0.0001,-0.06,0.001,27
1790509331.9,0.0075,-0.0001,-0.06,0.022,26
1790509332.0,0.0075,-0.0001,-0.07,-0.045,26
1790509332.1,0.0077,-0.0001,-0.07,0.033,23
1790509332.2,0.0077,-0.0001,-0.07,-0.012,25
1790509332.3,0.0072,-0.0001,-0.07,-0.009,24
1790509332.4,0.0076,-0.0001,-0.07,0.000,26
1790509332.5,0.0072,-0.0001,-0.07,0.006,26
1790509332.6,0.0072,-0.0001,-0.07,-0.031,26
1790509332.7,0.0072,-0.0001,-0.07,-0.022,25
1790509332.8,0.0074,-0.0001,-0.07,0.018,25
1790509332.9,0.0074,-0.0001,-0.07,-0.006,27
1790509333.0,0.0074,-0.0001,-0.07,0.021,26
1790509333.1,0.0074,-0.0001,-0.08,-0.011,23
1790509333.2,0.0074,-0.0001,-0.08,0.010,27
1790509333.3,0.0074,-0.0001,-0.07,0.007,26
1790509333.4,0.0074,-0.0001,-0.07,-0.011,27
1790509333.5,0.0074,-0.0001,-0.07,0.004,25
1790509333.6,0.0074,-0.0001,-0.07,0.028,21
1790509333.7,0.0074,-0.0001,-0.07,0.008,25
1790509333.8,0.0071,-0.0001,-0.06,0.046,25
1790509333.9,0.0071,-0.0001,-0.07,-0.027,26
1790509334.0,0.0075,-0.0001,-0.06,-0.013,26
1790509334.1,0.0075,-0.0001,-0.06,0.015,26
1790509334.2,0.0074,-0.0001,-0.06,-0.005,27
1790509334.3,0.0074,-0.0001,-0.06,0.014,26
1790509334.4,0.0072,-0.0001,-0.06,0.046,24
1790509334.5,0.0082,-0.0001,-0.06,-0.039,24
1790509334.6,0.0083,-0.0001,-0.06,-0.018,25
1790509334.7,0.0083,-0.0001,-0.07,-0.012,25
1790509334.8,0.0069,-0.0001,-0.07,0.008,26
1790509334.9,0.0069,-0.0001,-0.07,0.001,26
1790509335.0,0.0077,-0.0001,-0.07,-0.018,26
1790509335.1,0.0077,-0.0001,-0.07,0.028,24
1790509335.2,0.0076,-0.0001,-0.07,0.007,26
1790509335.3,0.0076,-0.0001,-0.07,0.038,26
1790509335.4,0.0082,-0.0001,-0.06,0.037,27
1790509335.5,0.0078,-0.0001,-0.06,0.013,23
1790509335.6,0.0079,-0.0001,-0.06,0.028,24
1790509335.7,0.0079,-0.0001,-0.06,0.001,24
1790509335.8,0.0078,-0.0001,-0.06,-0.030,25
1790509335.9,0.0078,-0.0001,-0.06,-0.027,24
1790509336.0,0.0080,-0.0001,-0.06,0.015,26
1790509336.1,0.0077,-0.0001,-0.06,-0.033,25
1790509336.2,0.0076,-0.0001,-0.06,0.028,24
1790509336.3,0.0076,-0.0001,-0.06,0.000,24
1790509336.4,0.0081,-0.0001,-0.06,0.029,26
1790509336.5,0.0081,-0.0001,-0.06,-0.016,25
1790509336.6,0.0074,-0.0001,-0.07,-0.013,26
1790509336.7,0.0074,-0.0001,-0.07,-0.041,23
1790509336.8,0.0074,-0.0001,-0.07,-0.007,24
1790509336.9,0.0076,-0.0001,-0.07,0.049,24
1790509337.0,0.0078,-0.0001,-0.07,-0.008,26
1790509337.1,0.0078,-0.0001,-0.07,0.008,25
1790509337.2,0.0076,-0.0001,-0.07,-0.039,24
1790509337.3,0.0076,-0.0001,-0.07,0.029,26
1790509337.4,0.0076,-0.0001,-0.07,0.010,26
1790509337.5,0.0076,-0.0001,-0.07,-0.030,24
1790509337.6,0.0076,-0.0001,-0.07,-0.000,26
1790509337.7,0.0089,-0.0001,-0.07,-0.018,25
1790509337.8,0.0089,-0.0001,-0.08,-0.005,25
1790509337.9,0.0086,-0.0001,-0.08,0.024,27
1790509338.0,0.0087,-0.0001,-0.08,-0.054,26
1790509338.1,0.0087,-0.0001,-0.08,0.029,26
1790509338.2,0.0087,-0.0001,-0.08,-0.019,25
1790509338.3,0.0081,-0.0001,-0.08,0.028,25
1790509338.4,0.0081,-0.0001,-0.08,0.048,25
1790509338.5,0.0084,-0.0001,-0.07,0.018,24
1790509338.6,0.0076,-0.0001,-0.08,0.018,24
1790509338.7,0.0076,-0.0001,-0.07,0.053,27
1790509338.8,0.0076,-0.0001,-0.07,-0.028,25
1790509338.9,0.0076,-0.0001,-0.07,-0.009,26
1790509339.0,0.0076,-0.0001,-0.07,0.013,24
1790509339.1,0.0076,-0.0001,-0.07,0.029,25
1790509339.2,0.0076,-0.0001,-0.07,0.018,28
1790509339.3,0.0076,-0.0001,-0.07,-0.001,25
1790509339.4,0.0076,-0.0001,-0.07,0.006,25
1790509339.5,0.0076,-0.0001,-0.07,-0.024,26
1790509339.6,0.0076,-0.0001,-0.07,0.009,26
1790509339.7,0.0076,-0.0001,-0.08,-0.023,26
1790509339.8,0.0076,-0.0001,-0.08,-0.013,25
1790509339.9,0.0076,-0.0001,-0.08,0.013,24
1790509340.0,0.0076,-0.0001,-0.08,0.039,24
1790509340.1,0.0076,-0.0001,-0.07,0.020,24
1790509340.2,0.0076,-0.0001,-0.07,0.011,25
1790509340.3,0.0076,-0.0001,-0.07,0.037,26
1790509340.4,0.0076,-0.0001,-0.07,0.001,25
1790509340.5,0.0076,-0.0001,-0.06,0.007,24
1790509340.6,0.0076,-0.0001,-0.07,-0.031,28
1790509340.7,0.0076,-0.0001,-0.07,-0.003,23
1790509340.8,0.0076,-0.0001,-0.07,0.019,25
1790509340.9,0.0076,-0.0001,-0.07,-0.007,26
1790509341.0,0.0076,-0.0001,-0.07,-0.001,27
1790509341.1,0.0076,-0.0001,-0.07,-0.009,23
1790509341.2,0.0076,-0.0001,-0.07,-0.020,26
1790509341.3,0.0076,-0.0001,-0.07,-0.002,26
1790509341.4,0.0076,-0.0001,-0.07,-0.022,28
1790509341.5,0.0076,-0.0001,-0.07,0.008,25
1790509341.6,0.0076,-0.0001,-0.07,-0.006,27
1790509341.7,0.0076,-0.0001,-0.07,0.013,25
1790509341.8,0.0076,-0.0001,-0.07,-0.007,26
1790509341.9,0.0076,-0.0001,-0.07,-0.034,23
1790509342.0,0.0076,-0.0001,-0.07,-0.012,24
1790509342.1,0.0076,-0.0001,-0.07,0.018,27
1790509342.2,0.0076,-0.0001,-0.07,0.020,25
1790509342.3,0.0076,-0.0001,-0.07,0.013,25
1790509342.4,0.0076,-0.0001,-0.07,-0.062,26
1790509342.5,0.0076,-0.0001,-0.07,-0.035,25
1790509342.6,0.0076,-0.0001,-0.07,0.001,27
1790509342.7,0.0076,-0.0001,-0.07,0.018,27
1790509342.8,0.0076,-0.0001,-0.07,0.033,24
1790509342.9,0.0076,-0.0001,-0.07,-0.047,26
1790509343.0,0.0076,-0.0001,-0.07,-0.021,25
1790509343.1,0.0076,-0.0001,-0.08,-0.014,27
1790509343.2,0.0076,-0.0001,-0.08,-0.007,26
1790509343.3,0.0076,-0.0001,-0.08,0.009,26
1790509343.4,0.0076,-0.0001,-0.07,0.011,26
1790509343.5,0.0076,-0.0001,-0.07,0.011,26
1790509343.6,0.0076,-0.0001,-0.07,-0.000,25
1790509343.7,0.0076,-0.0001,-0.07,0.026,26
1790509343.8,0.0076,-0.0001,-0.07,-0.012,27
1790509343.9,0.0076,-0.0001,-0.07,0.025,26
1790509344.0,,,,-0.049,23
1790509344.1,,,,-0.005,28
1790509344.2,,,,0.034,26
1790509344.3,,,,-0.001,27
1790509344.4,0.0076,-0.0001,-0.02,-0.017,26
1790509344.5,,,,0.003,26
1790509344.6,,,,-0.016,25
1790509344.7,0.0076,-0.0001,-0.07,0.005,28
1790509344.8,0.0076,-0.0001,-0.08,-0.011,24
1790509344.9,0.0076,-0.0001,-0.07,0.055,22
1790509345.0,0.0076,-0.0001,-0.07,0.019,24
1790509345.1,0.0076,-0.0001,-0.07,0.001,26
1790509345.2,0.0078,-0.0001,-0.07,-0.011,25
1790509345.3,0.0086,-0.0001,-0.07,0.004,26
1790509345.4,0.0086,-0.0001,-0.07,0.003,25
1790509345.5,0.0084,-0.0001,-0.07,0.013,24
1790509345.6,0.0084,-0.0001,-0.07,0.019,27
1790509345.7,0.0084,-0.0001,-0.07,0.010,23
1790509345.8,0.0084,-0.0001,-0.07,0.024,25
1790509345.9,0.0083,-0.0001,-0.07,0.001,25
1790509346.0,0.0087,-0.0001,-0.07,0.025,26
1790509346.1,0.0088,-0.0001,-0.07,-0.019,26
1790509346.2,0.0084,-0.0001,-0.07,-0.031,25
1790509346.3,0.0084,-0.0001,-0.07,-0.048,28
1790509346.4,0.0071,-0.0001,-0.07,-0.016,25
1790509346.5,0.0073,-0.0001,-0.07,-0.002,25
1790509346.6,0.0073,-0.0001,-0.07,0.009,24
1790509346.7,0.0073,-0.0001,-0.07,-0.005,26
1790509346.8,0.0077,-0.0001,-0.07,-0.027,25
1790509346.9,0.0076,-0.0001,-0.07,-0.008,25
1790509347.0,0.0076,-0.0001,-0.07,-0.029,25
1790509347.1,0.0073,-0.0001,-0.08,-0.004,25
1790509347.2,0.0073,-0.0001,-0.08,-0.024,26
1790509347.3,0.0075,-0.0001,-0.08,0.014,26
1790509347.4,0.0079,-0.0001,-0.08,0.007,25
1790509347.5,0.0079,-0.0001,-0.08,-0.064,25
1790509347.6,0.0081,-0.0001,-0.09,-0.018,23
1790509347.7,0.0077,-0.0001,-0.09,0.013,26
1790509347.8,0.0077,-0.0001,-0.09,-0.047,26
1790509347.9,0.0085,-0.0001,-0.10,-0.038,26
1790509348.0,0.0085,-0.0001,-0.10,0.016,26
1790509348.1,0.0090,-0.0001,-0.10,0.018,23
1790509348.2,0.0092,-0.0001,-0.10,-0.019,25
1790509348.3,0.0092,-0.0001,-0.10,0.012,24
1790509348.4,0.0084,-0.0001,-0.10,-0.011,26
1790509348.5,0.0084,-0.0001,-0.09,-0.004,28
1790509348.6,0.0082,-0.0001,-0.10,-0.047,23
1790509348.7,0.0082,-0.0001,-0.10,0.017,24
1790509348.8,0.0091,-0.0001,-0.10,0.024,26
1790509348.9,0.0088,-0.0001,-0.10,0.001,26
1790509349.0,0.0089,-0.0001,-0.09,0.031,23
1790509349.1,0.0089,-0.0001,-0.09,0.033,25
1790509349.2,0.0090,-0.0001,-0.10,-0.021,25
1790509349.3,0.0091,-0.0001,-0.10,0.002,24
1790509349.4,0.0091,-0.0001,-0.10,-0.023,25
1790509349.5,0.0090,-0.0001,-0.10,0.028,25
1790509349.6,0.0090,-0.0001,-0.09,0.026,26
1790509349.7,0.0090,-0.0001,-0.09,0.027,26
1790509349.8,0.0078,-0.0001,-0.09,-0.017,24
1790509349.9,0.0082,-0.0001,-0.09,0.008,25
1790509350.0,0.0082,-0.0001,-0.10,-0.022,24
1790509350.1,0.0082,-0.0001,-0.10,0.003,26
1790509350.2,0.0082,-0.0001,-0.10,0.037,26
1790509350.3,0.0082,-0.0001,-0.10,-0.042,23
1790509350.4,0.0082,-0.0001,-0.10,0.016,27
1790509350.5,0.0082,-0.0001,-0.09,0.020,26
1790509350.6,0.0082,-0.0001,-0.10,-0.029,27
1790509350.7,0.0082,-0.0001,-0.09,0.018,26
1790509350.8,0.0082,-0.0001,-0.09,0.057,27
1790509350.9,0.0082,-0.0001,-0.09,0.044,26
1790509351.0,0.0082,-0.0001,-0.09,-0.005,27
1790509351.1,0.0082,-0.0001,-0.09,-0.011,27
1790509351.2,0.0082,-0.0001,-0.09,0.018,27
1790509351.3,0.0082,-0.0001,-0.09,0.019,25
1790509351.4,0.0082,-0.0001,-0.09,-0.047,26
1790509351.5,0.0082,-0.0001,-0.09,0.013,25
1790509351.6,0.0082,-0.0001,-0.09,0.012,25
1790509351.7,0.0082,-0.0001,-0.09,-0.045,26
1790509351.8,0.0082,-0.0001,-0.09,0.009,27
1790509351.9,0.0082,-0.0001,-0.09,0.024,26
1790509352.0,0.0082,-0.0001,-0.09,0.014,25
1790509352.1,0.0082,-0.0001,-0.09,0.001,25
1790509352.2,0.0082,-0.0001,-0.09,-0.005,27
1790509352.3,0.0082,-0.0001,-0.09,-0.031,26
1790509352.4,0.0082,-0.0001,-0.09,0.022,27
1790509352.5,0.0082,-0.0001,-0.09,0.001,24
1790509352.6,0.0082,-0.0001,-0.09,0.003,26
1790509352.7,0.0082,-0.0001,-0.09,0.033,27
1790509352.8,0.0079,-0.0001,-0.09,-0.013,23
1790509352.9,0.0080,-0.0001,-0.09,0.018,26
1790509353.0,0.0080,-0.0001,-0.09,-0.031,24
1790509353.1,0.0081,-0.0001,-0.09,0.043,24
1790509353.2,0.0081,-0.0001,-0.09,-0.040,26
1790509353.3,0.0090,-0.0001,-0.10,-0.060,24
1790509353.4,0.0080,-0.0001,-0.10,-0.014,26
1790509353.5,0.0080,-0.0001,-0.10,-0.033,24
1790509353.6,0.0102,-0.0001,-0.10,-0.055,25
1790509353.7,0.0102,-0.0001,-0.10,-0.012,26
1790509353.8,0.0096,-0.0001,-0.10,0.019,26
1790509353.9,0.0100,-0.0001,-0.10,0.015,26
1790509354.0,0.0100,-0.0001,-0.10,0.010,24
1790509354.1,0.0101,-0.0001,-0.10,-0.042,26
1790509354.2,0.0098,-0.0001,-0.10,0.023,25
1790509354.3,0.0098,-0.0001,-0.09,0.044,26
1790509354.4,0.0101,-0.0001,-0.09,-0.013,24
1790509354.5,0.0101,-0.0001,-0.09,-0.027,25
1790509354.6,0.0101,-0.0001,-0.09,0.006,24
1790509354.7,0.0099,-0.0001,-0.10,0.004,25
1790509354.8,0.0101,-0.0001,-0.09,0.020,27
1790509354.9,0.0101,-0.0001,-0.09,-0.005,25
1790509355.0,0.0103,-0.0001,-0.09,0.002,24
1790509355.1,0.0104,-0.0001,-0.10,-0.029,27
1790509355.2,0.0104,-0.0001,-0.10,0.007,27
1790509355.3,0.0101,-0.0001,-0.09,0.040,25
1790509355.4,0.0101,-0.0001,-0.09,0.019,24
1790509355.5,0.0101,-0.0001,-0.09,0.013,27
1790509355.6,0.0107,-0.0001,-0.09,0.020,26
1790509355.7,0.0105,-0.0001,-0.09,-0.006,25
1790509355.8,0.0105,-0.0001,-0.09,-0.028,25
1790509355.9,0.0105,-0.0001,-0.09,-0.005,25
1790509356.0,0.0105,-0.0001,-0.09,0.017,24
1790509356.1,0.0105,-0.0001,-0.09,0.014,24
1790509356.2,0.0105,-0.0001,-0.09,0.022,27
1790509356.3,0.0102,-0.0001,-0.09,0.012,25
1790509356.4,0.0102,-0.0001,-0.09,0.004,27
1790509356.5,0.0104,-0.0001,-0.09,-0.021,25
1790509356.6,0.0097,-0.0001,-0.09,0.001,27
1790509356.7,0.0097,-0.0001,-0.09,-0.008,24
1790509356.8,0.0106,-0.0001,-0.09,0.000,27
1790509356.9,0.0106,-0.0001,-0.09,0.017,26
1790509357.0,0.0099,-0.0001,-0.09,0.005,25
1790509357.1,0.0099,-0.0001,-0.09,0.030,25
1790509357.2,0.0106,-0.0001,-0.09,0.013,26
1790509357.3,0.0106,-0.0001,-0.08,0.023,26
1790509357.4,0.0104,-0.0001,-0.09,0.000,26
1790509357.5,0.0104,-0.0001,-0.08,-0.029,24
1790509357.6,0.0104,-0.0001,-0.09,-0.002,21
1790509357.7,0.0104,-0.0001,-0.09,-0.004,27
1790509357.8,0.0104,-0.0001,-0.09,-0.023,26
1790509357.9,0.0104,-0.0001,-0.09,-0.020,25
1790509358.0,0.0104,-0.0001,-0.09,-0.067,26
1790509358.1,0.0104,-0.0001,-0.10,-0.028,27
1790509358.2,0.0104,-0.0001,-0.09,0.034,25
1790509358.3,0.0104,-0.0001,-0.09,0.035,27
1790509358.4,0.0104,-0.0001,-0.09,-0.044,27
1790509358.5,0.0104,-0.0001,-0.09,0.006,25
1790509358.6,0.0104,-0.0001,-0.09,0.040,24
1790509358.7,0.0104,-0.0001,-0.09,-0.027,27
1790509358.8,0.0104,-0.0001,-0.09,-0.031,24
1790509358.9,0.0104,-0.0001,-0.09,-0.022,27
1790509359.0,0.0104,-0.0001,-0.09,-0.019,27
1790509359.1,0.0104,-0.0001,-0.09,-0.054,26
1790509359.2,0.0104,-0.0001,-0.09,0.042,26
1790509359.3,0.0104,-0.0001,-0.09,-0.002,26
1790509359.4,0.0104,-0.0001,-0.09,0.007,26
1790509359.5,0.0104,-0.0001,-0.09,0.008,24
1790509359.6,0.0104,-0.0001,-0.09,-0.005,27
1790509359.7,0.0104,-0.0001,-0.09,-0.044,27
1790509359.8,0.0104,-0.0001,-0.09,0.003,26
1790509359.9,0.0104,-0.0001,-0.09,-0.002,23
1790509360.0,0.0104,-0.0001,-0.09,-0.003,23
1790509360.1,0.0104,-0.0001,-0.10,-0.003,27
1790509360.2,0.0104,-0.0001,-0.09,0.026,26
1790509360.3,0.0104,-0.0001,-0.10,-0.032,25
1790509360.4,0.0104,-0.0001,-0.10,0.007,27
1790509360.5,0.0104,-0.0001,-0.10,-0.008,25
1790509360.6,0.0099,-0.0001,-0.10,0.024,24
1790509360.7,0.0099,-0.0001,-0.10,-0.040,24
1790509360.8,0.0100,-0.0001,-0.10,-0.004,24
1790509360.9,0.0100,-0.0001,-0.10,-0.022,24
1790509361.0,0.0108,-0.0001,-0.10,0.021,24
1790509361.1,0.0108,-0.0001,-0.10,0.042,23
1790509361.2,0.0105,-0.0001,-0.10,-0.000,26
1790509361.3,0.0105,-0.0001,-0.10,-0.000,26
1790509361.4,0.0108,-0.0001,-0.10,-0.004,24
1790509361.5,0.0108,-0.0001,-0.10,-0.004,26
1790509361.6,0.0104,-0.0001,-0.09,0.012,25
1790509361.7,0.0103,-0.0001,-0.10,-0.002,25
1790509361.8,0.0103,-0.0001,-0.10,-0.025,23
1790509361.9,0.0103,-0.0001,-0.09,0.046,27
1790509362.0,0.0108,-0.0001,-0.09,0.038,25
1790509362.1,0.0108,-0.0001,-0.09,-0.050,26
1790509362.2,0.0103,-0.0001,-0.09,0.031,23
1790509362.3,0.0103,-0.0001,-0.09,0.053,27
1790509362.4,0.0109,-0.0001,-0.09,0.014,26
1790509362.5,0.0109,-0.0001,-0.09,0.021,24
1790509362.6,0.0107,-0.0001,-0.09,-0.000,24
1790509362.7,0.0107,-0.0001,-0.09,0.015,29
1790509362.8,0.0110,-0.0001,-0.09,-0.001,26
1790509362.9,0.0110,-0.0001,-0.09,-0.005,24
1790509363.0,0.0106,-0.0001,-0.09,-0.014,25
1790509363.1,0.0104,-0.0001,-0.09,-0.017,24
1790509363.2,0.0106,-0.0001,-0.10,-0.025,26
1790509363.3,0.0106,-0.0001,-0.10,0.014,25
1790509363.4,0.0100,-0.0001,-0.10,-0.066,25
1790509363.5,0.0100,-0.0001,-0.10,0.001,26
1790509363.6,0.0097,-0.0001,-0.10,-0.003,27
1790509363.7,0.0097,-0.0001,-0.10,-0.009,25
1790509363.8,0.0099,-0.0001,-0.10,-0.007,24
1790509363.9,0.0099,-0.0001,-0.10,0.015,27
1790509364.0,0.0097,-0.0001,-0.10,-0.004,27
1790509364.1,0.0097,-0.0001,-0.10,-0.003,25
1790509364.2,0.0097,-0.0001,-0.09,0.021,25
1790509364.3,0.0095,-0.0001,-0.10,-0.004,25
1790509364.4,0.0095,-0.0001,-0.09,0.015,25
1790509364.5,0.0119,-0.0001,-0.10,0.004,27
1790509364.6,0.0119,-0.0001,-0.09,-0.012,25
1790509364.7,0.0114,-0.0001,-0.09,0.030,25
1790509364.8,0.0114,-0.0001,-0.09,-0.007,26
1790509364.9,0.0113,-0.0001,-0.09,-0.024,25
1790509365.0,0.0119,-0.0001,-0.09,0.006,27
1790509365.1,0.0120,-0.0001,-0.10,0.001,23
1790509365.2,0.0120,-0.0001,-0.09,0.039,26
1790509365.3,0.0104,-0.0001,-0.09,0.014,25
1790509365.4,0.0113,-0.0001,-0.09,-0.017,26
1790509365.5,0.0113,-0.0001,-0.10,-0.023,25
1790509365.6,0.0113,-0.0001,-0.10,-0.037,25
1790509365.7,0.0117,-0.0001,-0.09,0.033,25
1790509365.8,0.0117,-0.0001,-0.09,0.004,24
1790509365.9,0.0112,-0.0001,-0.10,-0.030,22
1790509366.0,0.0105,-0.0001,-0.10,0.029,26
1790509366.1,0.0105,-0.0001,-0.10,0.032,27
1790509366.2,0.0106,-0.0001,-0.09,0.033,23
1790509366.3,0.0106,-0.0001,-0.09,0.025,26
1790509366.4,0.0107,-0.0001,-0.09,-0.018,27
1790509366.5,0.0095,-0.0001,-0.09,0.028,26
1790509366.6,0.0095,-0.0001,-0.09,-0.016,23
1790509366.7,0.0106,-0.0001,-0.09,0.003,27
1790509366.8,0.0106,-0.0001,-0.09,0.018,25
1790509366.9,0.0107,-0.0001,-0.09,-0.000,25
1790509367.0,0.0107,-0.0001,-0.08,0.035,26
1790509367.1,0.0113,-0.0001,-0.08,0.020,26
1790509367.2,0.0113,-0.0001,-0.08,0.057,23
1790509367.3,0.0113,-0.0001,-0.08,-0.033,24
1790509367.4,0.0113,-0.0001,-0.08,0.001,25
1790509367.5,0.0113,-0.0001,-0.08,0.009,24
1790509367.6,0.0113,-0.0001,-0.08,0.021,24
1790509367.7,0.0113,-0.0001,-0.08,-0.013,27
1790509367.8,0.0113,-0.0001,-0.08,0.012,25
1790509367.9,0.0113,-0.0001,-0.07,0.055,23
1790509368.0,0.0114,-0.0001,-0.07,-0.004,23
1790509368.1,0.0114,-0.0001,-0.07,0.013,26
1790509368.2,0.0116,-0.0001,-0.07,0.030,25
1790509368.3,0.0116,-0.0001,-0.07,-0.005,25
1790509368.4,0.0116,-0.0001,-0.07,0.018,23
1790509368.5,0.0116,-0.0001,-0.07,-0.006,25
1790509368.6,0.0114,-0.0001,-0.07,-0.005,25
1790509368.7,0.0114,-0.0001,-0.07,0.008,23
1790509368.8,0.0114,-0.0001,-0.07,-0.017,24
1790509368.9,0.0118,-0.0001,-0.07,0.009,25
1790509369.0,0.0118,-0.0001,-0.07,-0.024,25
1790509369.1,0.0117,-0.0001,-0.07,-0.024,26
1790509369.2,0.0117,-0.0001,-0.08,-0.007,25
1790509369.3,0.0113,-0.0001,-0.08,-0.019,26
1790509369.4,0.0113,-0.0001,-0.08,-0.043,28
1790509369.5,0.0113,-0.0001,-0.07,0.061,27
1790509369.6,0.0113,-0.0001,-0.07,0.011,24
1790509369.7,0.0113,-0.0001,-0.07,0.035,26
1790509369.8,0.0109,-0.0001,-0.07,0.018,27
1790509369.9,0.0109,-0.0001,-0.07,0.026,25
1790509370.0,0.0114,-0.0001,-0.06,0.011,24
1790509370.1,0.0114,-0.0001,-0.06,-0.038,26
1790509370.2,0.0114,-0.0001,-0.07,0.009,25
1790509370.3,0.0114,-0.0001,-0.07,-0.018,26
1790509370.4,0.0120,-0.0001,-0.07,0.031,25
1790509370.5,0.0116,-0.0001,-0.07,0.020,24
1790509370.6,0.0116,-0.0001,-0.07,0.014,26
1790509370.7,0.0115,-0.0001,-0.06,-0.006,25
1790509370.8,0.0115,-0.0001,-0.06,0.037,26
1790509370.9,0.0112,-0.0001,-0.06,0.055,26
1790509371.0,0.0115,-0.0001,-0.06,0.019,26
1790509371.1,0.0115,-0.0001,-0.06,-0.026,27
1790509371.2,0.0120,-0.0001,-0.06,-0.007,25
1790509371.3,0.0119,-0.0001,-0.05,0.024,26
1790509371.4,0.0119,-0.0001,-0.05,-0.001,26
1790509371.5,0.0119,-0.0001,-0.05,0.014,25
1790509371.6,0.0119,-0.0001,-0.05,-0.009,25
1790509371.7,0.0116,-0.0001,-0.05,0.001,25
1790509371.8,0.0116,-0.0001,-0.05,-0.012,23
1790509371.9,0.0117,-0.0001,-0.05,-0.001,24
1790509372.0,0.0118,-0.0001,-0.05,0.032,27
1790509372.1,0.0118,-0.0001,-0.05,0.003,24
1790509372.2,0.0118,-0.0001,-0.05,-0.000,26
1790509372.3,0.0118,-0.0001,-0.05,0.017,25
1790509372.4,0.0122,-0.0001,-0.05,-0.013,23
1790509372.5,0.0122,-0.0001,-0.06,-0.025,26
1790509372.6,0.0122,-0.0001,-0.05,0.027,28
1790509372.7,0.0122,-0.0001,-0.05,0.064,26
1790509372.8,0.0123,-0.0001,-0.04,0.044,25
1790509372.9,0.0123,-0.0001,-0.04,0.002,27
1790509373.0,0.0123,-0.0001,-0.04,-0.069,23
1790509373.1,0.0120,-0.0001,-0.05,0.024,26
1790509373.2,0.0117,-0.0001,-0.05,-0.009,23
1790509373.3,0.0117,-0.0001,-0.04,0.026,26
1790509373.4,0.0121,-0.0001,-0.05,-0.005,24
1790509373.5,0.0121,-0.0001,-0.05,-0.025,25
1790509373.6,0.0118,-0.0001,-0.05,0.042,25
1790509373.7,0.0118,-0.0001,-0.05,-0.036,26
1790509373.8,0.0120,-0.0001,-0.05,-0.056,28
1790509373.9,0.0120,-0.0001,-0.05,0.033,26
1790509374.0,0.0119,-0.0001,-0.05,0.044,24
1790509374.1,0.0119,-0.0001,-0.05,0.029,26
1790509374.2,0.0120,-0.0001,-0.05,-0.013,26
1790509374.3,0.0120,-0.0001,-0.05,-0.051,26
1790509374.4,0.0120,-0.0001,-0.05,0.005,25
1790509374.5,0.0119,-0.0001,-0.05,-0.009,25
1790509374.6,0.0119,-0.0001,-0.05,-0.004,25
1790509374.7,0.0119,-0.0001,-0.06,0.003,25
1790509374.8,0.0120,-0.0001,-0.06,-0.005,25
1790509374.9,0.0120,-0.0001,-0.06,0.000,25
1790509375.0,0.0120,-0.0001,-0.06,0.004,24
1790509375.1,0.0120,-0.0001,-0.05,0.020,26
1790509375.2,0.0116,-0.0001,-0.05,0.002,24
1790509375.3,0.0117,-0.0001,-0.05,-0.028,26
1790509375.4,0.0117,-0.0001,-0.05,-0.001,27
1790509375.5,0.0117,-0.0001,-0.05,-0.006,24
1790509375.6,0.0117,-0.0001,-0.05,0.021,27
1790509375.7,0.0116,-0.0001,-0.05,-0.013,27
1790509375.8,0.0116,-0.0001,-0.05,0.019,26
1790509375.9,0.0116,-0.0001,-0.06,-0.072,26
1790509376.0,0.0116,-0.0001,-0.06,-0.025,25
1790509376.1,0.0116,-0.0001,-0.06,0.012,25
1790509376.2,0.0116,-0.0001,-0.06,0.062,24
1790509376.3,0.0118,-0.0001,-0.05,0.055,25
1790509376.4,0.0118,-0.0001,-0.05,0.047,25
1790509376.5,0.0118,-0.0001,-0.05,0.010,26
1790509376.6,0.0118,-0.0001,-0.04,0.022,27
1790509376.7,0.0119,-0.0001,-0.04,-0.026,27
1790509376.8,0.0119,-0.0001,-0.05,-0.001,26
1790509376.9,0.0116,-0.0001,-0.05,0.018,26
1790509377.0,0.0116,-0.0001,-0.05,-0.035,25
1790509377.1,0.0117,-0.0001,-0.05,0.018,25
1790509377.2,0.0117,-0.0001,-0.05,0.025,26
1790509377.3,0.0117,-0.0001,-0.05,-0.054,26
1790509377.4,0.0117,-0.0001,-0.05,0.019,23
1790509377.5,0.0117,-0.0001,-0.05,0.029,25
1790509377.6,0.0108,-0.0001,-0.05,-0.011,24
1790509377.7,0.0108,-0.0001,-0.05,0.019,26
1790509377.8,0.0126,-0.0001,-0.04,0.038,27
1790509377.9,0.0126,-0.0001,-0.04,0.007,25
1790509378.0,0.0126,-0.0001,-0.04,-0.024,26
1790509378.1,0.0127,-0.0001,-0.04,-0.002,23
1790509378.2,0.0127,-0.0001,-0.04,-0.008,25
1790509378.3,0.0124,-0.0001,-0.05,0.004,25
1790509378.4,0.0121,-0.0001,-0.05,-0.032,27
1790509378.5,0.0121,-0.0001,-0.05,0.024,25
1790509378.6,0.0124,-0.0001,-0.04,-0.006,24
1790509378.7,0.0124,-0.0001,-0.05,0.005,26
1790509378.8,0.0124,-0.0001,-0.04,-0.040,26
1790509378.9,0.0124,-0.0001,-0.05,-0.035,25
1790509379.0,0.0124,-0.0001,-0.05,0.035,25
1790509379.1,0.0128,-0.0001,-0.05,0.018,25
1790509379.2,0.0128,-0.0001,-0.05,0.007,25
1790509379.3,0.0125,-0.0001,-0.05,-0.020,25
1790509379.4,0.0125,-0.0001,-0.05,-0.008,24
1790509379.5,0.0132,-0.0001,-0.05,-0.018,26
1790509379.6,0.0135,-0.0001,-0.06,-0.027,25
1790509379.7,0.0135,-0.0001,-0.06,-0.011,27
1790509379.8,0.0133,-0.0001,-0.06,-0.014,24
1790509379.9,0.0133,-0.0001,-0.06,0.029,25
1790509380.0,0.0132,-0.0001,-0.06,-0.028,26
1790509380.1,0.0132,-0.0001,-0.06,-0.021,25
1790509380.2,0.0135,-0.0001,-0.06,-0.013,25
1790509380.3,0.0135,-0.0001,-0.06,0.015,25
1790509380.4,0.0135,-0.0001,-0.06,0.034,24
1790509380.5,0.0135,-0.0001,-0.06,-0.013,27
1790509380.6,0.0135,-0.0001,-0.06,-0.003,24
1790509380.7,0.0135,-0.0001,-0.06,0.012,26
1790509380.8,0.0135,-0.0001,-0.06,0.049,25
1790509380.9,0.0138,-0.0001,-0.06,0.003,24
1790509381.0,0.0138,-0.0001,-0.06,0.042,25
1790509381.1,0.0138,-0.0001,-0.05,0.005,26
1790509381.2,0.0136,-0.0001,-0.05,0.046,26
1790509381.3,0.0136,-0.0001,-0.05,-0.020,26
1790509381.4,0.0141,-0.0001,-0.06,-0.014,24
1790509381.5,0.0141,-0.0001,-0.05,-0.007,26
1790509381.6,0.0141,-0.0001,-0.06,-0.010,23
1790509381.7,0.0141,-0.0001,-0.06,0.017,24
1790509381.8,0.0145,-0.0001,-0.06,-0.004,26
1790509381.9,0.0145,-0.0001,-0.06,0.023,26
1790509382.0,0.0142,-0.0001,-0.06,-0.001,22
1790509382.1,0.0142,-0.0001,-0.06,0.026,25
1790509382.2,0.0142,-0.0001,-0.06,-0.012,26
1790509382.3,0.0142,-0.0001,-0.06,-0.029,25
1790509382.4,0.0148,-0.0001,-0.06,-0.020,26
1790509382.5,0.0148,-0.0001,-0.05,0.033,25
1790509382.6,0.0139,-0.0001,-0.05,0.036,26
1790509382.7,0.0139,-0.0001,-0.05,0.025,24
1790509382.8,0.0136,-0.0001,-0.05,-0.018,25
1790509382.9,0.0136,-0.0001,-0.05,-0.004,22
1790509383.0,0.0141,-0.0001,-0.05,-0.009,22
1790509383.1,0.0141,-0.0001,-0.05,0.030,26
1790509383.2,0.0138,-0.0001,-0.05,-0.025,23
1790509383.3,0.0138,-0.0001,-0.05,0.002,27
1790509383.4,0.0139,-0.0001,-0.06,-0.060,26
1790509383.5,0.0136,-0.0001,-0.06,-0.014,27
1790509383.6,0.0136,-0.0001,-0.06,-0.071,24
1790509383.7,0.0136,-0.0001,-0.06,-0.030,27
1790509383.8,0.0140,-0.0001,-0.07,-0.005,25
1790509383.9,0.0140,-0.0001,-0.07,-0.017,21
1790509384.0,0.0137,-0.0001,-0.07,0.007,24
1790509384.1,0.0137,-0.0001,-0.07,0.013,26
1790509384.2,0.0137,-0.0001,-0.07,-0.010,26
1790509384.3,0.0137,-0.0001,-0.07,-0.047,25
1790509384.4,0.0140,-0.0001,-0.07,0.010,26
1790509384.5,0.0143,-0.0001,-0.07,-0.058,23
1790509384.6,0.0143,-0.0001,-0.08,0.014,25
1790509384.7,0.0141,-0.0001,-0.08,0.010,25
1790509384.8,0.0141,-0.0001,-0.08,-0.021,26
1790509384.9,0.0140,-0.0001,-0.07,0.020,26
1790509385.0,0.0137,-0.0001,-0.07,0.055,25
1790509385.1,0.0137,-0.0001,-0.07,-0.029,26
1790509385.2,0.0140,-0.0001,-0.07,0.024,25
1790509385.3,0.0140,-0.0001,-0.07,0.010,26
1790509385.4,0.0140,-0.0001,-0.07,0.016,24
1790509385.5,0.0136,-0.0001,-0.07,0.024,24
1790509385.6,0.0136,-0.0001,-0.07,0.001,26
1790509385.7,0.0137,-0.0001,-0.07,-0.016,26
1790509385.8,0.0137,-0.0001,-0.07,-0.013,27
1790509385.9,0.0130,-0.0001,-0.07,0.039,24
1790509386.0,0.0130,-0.0001,-0.06,0.007,27
1790509386.1,0.0139,-0.0001,-0.07,-0.029,24
1790509386.2,0.0139,-0.0001,-0.06,0.030,25
1790509386.3,0.0136,-0.0001,-0.07,-0.017,26
1790509386.4,0.0136,-0.0001,-0.06,-0.001,21
1790509386.5,0.0136,-0.0001,-0.06,0.013,26
1790509386.6,0.0136,-0.0001,-0.06,0.003,22
1790509386.7,0.0131,-0.0001,-0.06,0.018,24
1790509386.8,0.0131,-0.0001,-0.07,-0.001,24
1790509386.9,0.0141,-0.0001,-0.06,-0.033,22
1790509387.0,0.0141,-0.0001,-0.06,0.002,26
1790509387.1,0.0149,-0.0001,-0.06,0.032,25
1790509387.2,0.0149,-0.0001,-0.06,-0.024,24
1790509387.3,0.0148,-0.0001,-0.06,0.012,24
1790509387.4,0.0148,-0.0001,-0.06,-0.016,23
1790509387.5,0.0146,-0.0001,-0.06,0.032,24
1790509387.6,0.0146,-0.0001,-0.06,-0.007,25
1790509387.7,0.0146,-0.0001,-0.06,0.026,23
1790509387.8,0.0153,-0.0001,-0.05,-0.011,26
1790509387.9,0.0153,-0.0001,-0.05,0.013,21
1790509388.0,0.0143,-0.0001,-0.05,0.023,23
1790509388.1,0.0143,-0.0001,-0.05,0.005,22
1790509388.2,0.0149,-0.0001,-0.06,0.004,22
1790509388.3,0.0146,-0.0001,-0.06,-0.035,24
1790509388.4,0.0146,-0.0001,-0.06,-0.007,25
1790509388.5,0.0144,-0.0001,-0.06,-0.026,26
1790509388.6,0.0144,-0.0001,-0.06,0.022,24
1790509388.7,0.0160,-0.0001,-0.06,0.007,24
1790509388.8,0.0160,-0.0001,-0.06,-0.043,21
1790509388.9,0.0160,-0.0001,-0.06,0.033,23
1790509389.0,0.0160,-0.0001,-0.06,0.037,24
1790509389.1,0.0160,-0.0001,-0.06,0.012,23
1790509389.2,0.0148,-0.0001,-0.06,0.011,23
1790509389.3,0.0148,-0.0001,-0.06,-0.033,25
1790509389.4,0.0149,-0.0001,-0.06,0.036,24
1790509389.5,0.0149,-0.0001,-0.07,-0.036,24
1790509389.6,0.0154,-0.0001,-0.07,-0.030,24
1790509389.7,0.0154,-0.0001,-0.07,-0.034,25
1790509389.8,0.0155,-0.0001,-0.07,-0.035,24
1790509389.9,0.0155,-0.0001,-0.07,-0.015,23
1790509390.0,0.0155,-0.0001,-0.07,-0.016,27
1790509390.1,0.0155,-0.0001,-0.08,-0.041,24
1790509390.2,0.0156,-0.0001,-0.07,-0.014,24
1790509390.3,0.0148,-0.0001,-0.08,-0.047,22
1790509390.4,0.0148,-0.0001,-0.09,-0.039,25
1790509390.5,0.0148,-0.0001,-0.09,-0.015,25
1790509390.6,0.0148,-0.0001,-0.09,-0.040,25
1790509390.7,0.0148,-0.0001,-0.09,0.018,25
1790509390.8,0.0148,-0.0001,-0.09,0.006,25
1790509390.9,0.0148,-0.0001,-0.09,-0.017,25
1790509391.0,0.0148,-0.0001,-0.09,-0.019,22
1790509391.1,0.0148,-0.0001,-0.09,-0.013,25
1790509391.2,0.0148,-0.0001,-0.09,-0.005,24
1790509391.3,0.0148,-0.0001,-0.09,-0.015,26
1790509391.4,0.0148,-0.0001,-0.09,-0.011,26
1790509391.5,0.0148,-0.0001,-0.09,-0.034,27
1790509391.6,0.0148,-0.0001,-0.09,-0.005,26
1790509391.7,0.0148,-0.0001,-0.10,-0.036,23
1790509391.8,0.0148,-0.0001,-0.10,-0.018,23
1790509391.9,0.0148,-0.0001,-0.10,-0.025,25
1790509392.0,0.0148,-0.0001,-0.10,-0.037,24
1790509392.1,0.0153,-0.0001,-0.10,-0.003,24
1790509392.2,0.0153,-0.0001,-0.11,-0.011,26
1790509392.3,0.0153,-0.0001,-0.11,-0.026,22
1790509392.4,0.0153,-0.0001,-0.11,0.017,24
1790509392.5,0.0150,-0.0001,-0.10,0.035,26
1790509392.6,0.0149,-0.0001,-0.10,0.047,25
1790509392.7,0.0149,-0.0001,-0.10,-0.013,22
1790509392.8,0.0149,-0.0001,-0.10,-0.007,26
1790509392.9,0.0152,-0.0001,-0.10,0.025,26
1790509393.0,0.0152,-0.0001,-0.10,-0.011,24
1790509393.1,0.0151,-0.0001,-0.11,-0.028,26
1790509393.2,0.0147,-0.0001,-0.11,-0.007,25
1790509393.3,0.0147,-0.0001,-0.10,0.004,22
1790509393.4,0.0153,-0.0001,-0.11,-0.004,24
1790509393.5,0.0153,-0.0001,-0.10,0.049,24
1790509393.6,0.0139,-0.0001,-0.10,0.031,25
1790509393.7,0.0140,-0.0001,-0.10,0.005,26
1790509393.8,0.0140,-0.0001,-0.10,0.005,24
1790509393.9,0.0143,-0.0001,-0.10,0.005,25
1790509394.0,0.0143,-0.0001,-0.10,-0.019,24
1790509394.1,0.0141,-0.0001,-0.10,-0.011,26
1790509394.2,0.0144,-0.0001,-0.10,0.037,26
1790509394.3,0.0144,-0.0001,-0.10,0.009,26
1790509394.4,0.0144,-0.0001,-0.10,-0.020,22
1790509394.5,0.0146,-0.0001,-0.10,-0.034,26
1790509394.6,0.0146,-0.0001,-0.10,-0.014,25
1790509394.7,0.0141,-0.0001,-0.10,-0.015,24
1790509394.8,0.0141,-0.0001,-0.10,-0.005,26
1790509394.9,0.0145,-0.0001,-0.10,0.002,25
1790509395.0,0.0145,-0.0001,-0.10,-0.015,23
1790509395.1,0.0144,-0.0001,-0.11,-0.008,26
1790509395.2,0.0144,-0.0001,-0.11,0.010,25
1790509395.3,0.0143,-0.0001,-0.11,0.003,25
1790509395.4,0.0143,-0.0001,-0.11,-0.022,24
1790509395.5,0.0143,-0.0001,-0.10,0.019,25
1790509395.6,0.0143,-0.0001,-0.10,0.013,25
1790509395.7,0.0142,-0.0001,-0.10,-0.004,26
1790509395.8,0.0142,-0.0001,-0.10,0.014,26
1790509395.9,0.0145,-0.0001,-0.10,-0.016,24
1790509396.0,0.0145,-0.0001,-0.11,-0.024,26
1790509396.1,0.0144,-0.0001,-0.10,-0.008,24
1790509396.2,0.0144,-0.0001,-0.11,-0.045,25
1790509396.3,0.0152,-0.0001,-0.11,-0.037,26
1790509396.4,0.0133,-0.0001,-0.11,0.013,25
1790509396.5,0.0133,-0.0001,-0.11,-0.003,25
1790509396.6,0.0133,-0.0001,-0.11,0.062,24
1790509396.7,0.0132,-0.0001,-0.11,-0.010,29
1790509396.8,0.0139,-0.0001,-0.11,-0.058,26
1790509396.9,0.0139,-0.0001,-0.11,0.020,24
1790509397.0,0.0138,-0.0001,-0.11,-0.041,24
1790509397.1,0.0138,-0.0001,-0.12,-0.009,24
1790509397.2,0.0137,-0.0001,-0.12,-0.043,22
1790509397.3,0.0137,-0.0001,-0.12,-0.016,27
1790509397.4,0.0139,-0.0001,-0.12,0.007,25
1790509397.5,0.0131,-0.0001,-0.11,0.051,27
1790509397.6,0.0131,-0.0001,-0.11,0.056,25
1790509397.7,0.0133,-0.0001,-0.11,-0.007,25
1790509397.8,0.0133,-0.0001,-0.11,0.017,25
1790509397.9,0.0130,-0.0001,-0.11,0.011,28
1790509398.0,0.0130,-0.0001,-0.11,-0.020,26
1790509398.1,0.0130,-0.0001,-0.11,0.012,21
1790509398.2,0.0131,-0.0001,-0.11,0.012,24
1790509398.3,0.0131,-0.0001,-0.11,0.041,27
1790509398.4,0.0131,-0.0001,-0.10,0.021,27
1790509398.5,0.0131,-0.0001,-0.10,-0.001,26
1790509398.6,0.0133,-0.0001,-0.10,0.002,27
1790509398.7,0.0133,-0.0001,-0.10,0.001,25
1790509398.8,0.0126,-0.0001,-0.10,-0.000,24
1790509398.9,0.0126,-0.0001,-0.10,0.002,26
1790509399.0,0.0128,-0.0001,-0.10,-0.017,24
1790509399.1,0.0128,-0.0001,-0.10,0.011,24
1790509399.2,0.0129,-0.0001,-0.09,-0.018,25
1790509399.3,0.0129,-0.0001,-0.10,-0.009,25
1790509399.4,0.0130,-0.0001,-0.09,0.015,24
1790509399.5,0.0128,-0.0001,-0.09,0.001,24
1790509399.6,0.0128,-0.0001,-0.10,-0.002,23
1790509399.7,0.0129,-0.0001,-0.10,-0.029,25
1790509399.8,0.0129,-0.0001,-0.10,0.048,26
1790509399.9,0.0129,-0.0001,-0.10,0.006,27
1790509400.0,0.0129,-0.0001,-0.10,-0.013,25
1790509400.1,0.0128,-0.0001,-0.10,-0.017,25
1790509400.2,0.0128,-0.0001,-0.10,-0.028,26
1790509400.3,0.0129,-0.0001,-0.10,-0.012,24
1790509400.4,0.0129,-0.0001,-0.10,0.007,25
1790509400.5,0.0128,-0.0001,-0.10,0.002,27
1790509400.6,0.0128,-0.0001,-0.10,-0.006,25
1790509400.7,0.0126,-0.0001,-0.10,-0.023,26
1790509400.8,0.0126,-0.0001,-0.11,-0.003,24
1790509400.9,0.0126,-0.0001,-0.10,-0.004,25
1790509401.0,0.0125,-0.0001,-0.11,0.016,26
1790509401.1,0.0125,-0.0001,-0.11,0.017,25
1790509401.2,0.0126,-0.0001,-0.10,0.055,25
1790509401.3,0.0126,-0.0001,-0.10,-0.036,23
1790509401.4,0.0126,-0.0001,-0.10,-0.003,25
1790509401.5,0.0130,-0.0001,-0.10,0.007,23
1790509401.6,0.0130,-0.0001,-0.10,0.040,26
1790509401.7,0.0130,-0.0001,-0.10,-0.037,26
1790509401.8,0.0128,-0.0001,-0.10,-0.010,25
1790509401.9,0.0127,-0.0001,-0.10,-0.007,24
1790509402.0,0.0127,-0.0001,-0.10,-0.009,25
1790509402.1,0.0127,-0.0001,-0.10,0.002,25
1790509402.2,0.0129,-0.0001,-0.10,0.001,25
1790509402.3,0.0129,-0.0001,-0.10,0.008,27
1790509402.4,0.0135,-0.0001,-0.10,-0.025,22
1790509402.5,0.0128,-0.0001,-0.10,0.061,27
1790509402.6,0.0128,-0.0001,-0.10,-0.053,25
1790509402.7,0.0126,-0.0001,-0.10,0.014,24
1790509402.8,0.0126,-0.0001,-0.10,0.025,23
1790509402.9,0.0123,-0.0001,-0.10,-0.008,25
1790509403.0,0.0123,-0.0001,-0.09,0.035,26
1790509403.1,0.0132,-0.0001,-0.09,-0.026,25
1790509403.2,0.0132,-0.0001,-0.09,0.024,27
1790509403.3,0.0139,-0.0001,-0.09,-0.016,25
1790509403.4,0.0139,-0.0001,-0.09,0.019,26
1790509403.5,0.0137,-0.0001,-0.09,0.012,24
1790509403.6,0.0137,-0.0001,-0.09,-0.028,24
1790509403.7,0.0133,-0.0001,-0.09,-0.000,27
1790509403.8,0.0133,-0.0001,-0.09,-0.052,26
1790509403.9,0.0133,-0.0001,-0.09,0.039,26
1790509404.0,0.0133,-0.0001,-0.09,0.040,23
1790509404.1,0.0136,-0.0001,-0.09,0.007,27
1790509404.2,0.0136,-0.0001,-0.09,-0.014,24
1790509404.3,0.0136,-0.0001,-0.10,-0.013,24
1790509404.4,0.0136,-0.0001,-0.10,-0.040,27
1790509404.5,0.0136,-0.0001,-0.10,-0.021,25
1790509404.6,0.0136,-0.0001,-0.09,0.037,24
1790509404.7,0.0139,-0.0001,-0.09,0.064,27
1790509404.8,0.0139,-0.0001,-0.09,-0.030,24
1790509404.9,0.0136,-0.0001,-0.09,-0.019,26
1790509405.0,0.0136,-0.0001,-0.09,0.015,24
1790509405.1,0.0133,-0.0001,-0.09,0.031,26
1790509405.2,0.0133,-0.0001,-0.09,0.024,26
1790509405.3,0.0135,-0.0001,-0.09,0.034,27
1790509405.4,0.0135,-0.0001,-0.09,0.016,25
1790509405.5,0.0142,-0.0001,-0.08,-0.026,24
1790509405.6,0.0142,-0.0001,-0.08,0.005,25
1790509405.7,0.0133,-0.0001,-0.09,-0.014,25
1790509405.8,0.0133,-0.0001,-0.09,-0.009,24
1790509405.9,0.0133,-0.0001,-0.09,0.006,23
1790509406.0,0.0133,-0.0001,-0.09,-0.022,26
1790509406.1,0.0137,-0.0001,-0.09,0.014,25
1790509406.2,0.0137,-0.0001,-0.09,0.027,24
1790509406.3,0.0135,-0.0001,-0.09,-0.005,24
1790509406.4,0.0135,-0.0001,-0.08,0.031,26
1790509406.5,0.0134,-0.0001,-0.08,-0.039,26
1790509406.6,0.0134,-0.0001,-0.08,0.015,26
1790509406.7,0.0140,-0.0001,-0.08,0.021,28
1790509406.8,0.0140,-0.0001,-0.08,0.022,21
1790509406.9,0.0139,-0.0001,-0.08,0.060,27
1790509407.0,0.0139,-0.0001,-0.08,-0.005,25
1790509407.1,0.0134,-0.0001,-0.08,0.001,24
1790509407.2,0.0134,-0.0001,-0.08,0.005,28
1790509407.3,0.0137,-0.0001,-0.08,0.011,26
1790509407.4,0.0139,-0.0001,-0.08,0.057,24
1790509407.5,0.0139,-0.0001,-0.07,0.048,25
1790509407.6,0.0139,-0.0001,-0.07,0.024,23
1790509407.7,0.0139,-0.0001,-0.07,-0.001,23
1790509407.8,0.0136,-0.0001,-0.06,0.033,25
1790509407.9,0.0136,-0.0001,-0.06,0.053,23
1790509408.0,0.0136,-0.0001,-0.06,0.024,24
1790509408.1,0.0136,-0.0001,-0.06,-0.012,26
1790509408.2,0.0138,-0.0001,-0.05,-0.004,24
1790509408.3,0.0138,-0.0001,-0.05,0.091,27
1790509408.4,0.0138,-0.0001,-0.05,0.069,26
1790509408.5,0.0136,-0.0001,-0.05,-0.014,23
1790509408.6,0.0137,-0.0001,-0.05,-0.022,27
1790509408.7,0.0137,-0.0001,-0.05,0.028,25
1790509408.8,0.0137,-0.0001,-0.05,0.018,25
1790509408.9,0.0138,-0.0001,-0.05,0.013,27
1790509409.0,0.0138,-0.0001,-0.05,-0.041,26
1790509409.1,0.0138,-0.0001,-0.05,0.003,26
1790509409.2,0.0138,-0.0001,-0.05,0.030,25
1790509409.3,0.0140,-0.0001,-0.05,-0.005,24
1790509409.4,0.0140,-0.0001,-0.05,-0.021,25
1790509409.5,0.0140,-0.0001,-0.05,0.025,25
1790509409.6,0.0140,-0.0001,-0.05,0.022,24
1790509409.7,0.0141,-0.0001,-0.05,-0.020,25
1790509409.8,0.0141,-0.0001,-0.04,0.028,24
1790509409.9,0.0146,-0.0001,-0.04,-0.010,24
1790509410.0,0.0146,-0.0001,-0.04,-0.027,25
1790509410.1,0.0139,-0.0001,-0.05,-0.014,23
1790509410.2,0.0139,-0.0001,-0.05,0.028,26
1790509410.3,0.0148,-0.0001,-0.05,-0.005,26
1790509410.4,0.0148,-0.0001,-0.05,0.015,25
1790509410.5,0.0141,-0.0001,-0.05,0.022,26
1790509410.6,0.0141,-0.0001,-0.05,-0.037,25
1790509410.7,0.0146,-0.0001,-0.05,0.027,23
1790509410.8,0.0146,-0.0001,-0.05,-0.018,24
1790509410.9,0.0144,-0.0001,-0.05,-0.043,24
1790509411.0,0.0144,-0.0001,-0.05,-0.022,26
1790509411.1,0.0144,-0.0001,-0.05,-0.037,25
1790509411.2,0.0144,-0.0001,-0.06,-0.052,26
1790509411.3,0.0147,-0.0001,-0.05,0.039,25
1790509411.4,0.0147,-0.0001,-0.05,-0.024,26
1790509411.5,0.0145,-0.0001,-0.05,0.028,26
1790509411.6,0.0145,-0.0001,-0.05,-0.046,26
1790509411.7,0.0143,-0.0001,-0.05,0.045,25
1790509411.8,0.0143,-0.0001,-0.05,-0.017,24
1790509411.9,0.0141,-0.0001,-0.05,-0.004,26
1790509412.0,0.0141,-0.0001,-0.05,-0.012,26
1790509412.1,0.0142,-0.0001,-0.05,0.032,26
1790509412.2,0.0142,-0.0001,-0.05,-0.042,26
1790509412.3,0.0147,-0.0001,-0.05,0.030,24
1790509412.4,0.0147,-0.0001,-0.05,-0.000,24
1790509412.5,0.0147,-0.0001,-0.05,-0.012,24
1790509412.6,0.0147,-0.0001,-0.05,0.032,25
1790509412.7,0.0147,-0.0001,-0.05,0.014,23
1790509412.8,0.0147,-0.0001,-0.05,0.029,26
1790509412.9,0.0147,-0.0001,-0.04,0.056,25
1790509413.0,0.0145,-0.0001,-0.05,-0.059,24
1790509413.1,0.0145,-0.0001,-0.05,-0.049,23
1790509413.2,0.0146,-0.0001,-0.05,-0.017,25
1790509413.3,0.0146,-0.0001,-0.05,0.009,25
1790509413.4,0.0146,-0.0001,-0.05,-0.004,25
1790509413.5,0.0142,-0.0001,-0.05,0.000,26
1790509413.6,0.0142,-0.0001,-0.05,0.046,25
1790509413.7,0.0142,-0.0001,-0.05,0.041,26
1790509413.8,0.0160,-0.0001,-0.04,0.044,26
1790509413.9,0.0160,-0.0001,-0.04,-0.023,24
1790509414.0,0.0151,-0.0001,-0.04,-0.014,25
1790509414.1,0.0151,-0.0001,-0.04,-0.014,25
1790509414.2,0.0151,-0.0001,-0.04,-0.001,25
1790509414.3,0.0151,-0.0001,-0.04,-0.013,25
1790509414.4,0.0147,-0.0001,-0.04,0.033,24
1790509414.5,0.0147,-0.0001,-0.04,0.031,25
1790509414.6,0.0142,-0.0001,-0.04,-0.019,27
1790509414.7,0.0142,-0.0001,-0.05,-0.057,24
1790509414.8,0.0147,-0.0001,-0.05,-0.032,27
1790509414.9,0.0147,-0.0001,-0.05,-0.019,24
1790509415.0,0.0148,-0.0001,-0.05,-0.026,27
1790509415.1,0.0148,-0.0001,-0.05,0.020,25
1790509415.2,0.0145,-0.0001,-0.05,-0.012,24
1790509415.3,0.0145,-0.0001,-0.05,0.005,26
1790509415.4,0.0150,-0.0001,-0.05,0.039,26
1790509415.5,0.0159,-0.0001,-0.05,-0.044,23
1790509415.6,0.0159,-0.0001,-0.05,-0.014,26
1790509415.7,0.0156,-0.0001,-0.05,0.029,25
1790509415.8,0.0156,-0.0001,-0.05,0.016,26
1790509415.9,0.0156,-0.0001,-0.05,0.015,26
1790509416.0,0.0150,-0.0001,-0.05,-0.001,27
1790509416.1,0.0152,-0.0001,-0.05,-0.017,23
1790509416.2,0.0152,-0.0001,-0.05,-0.003,26
1790509416.3,0.0152,-0.0001,-0.05,-0.014,27
1790509416.4,0.0152,-0.0001,-0.05,-0.021,25
1790509416.5,0.0155,-0.0001,-0.06,-0.045,24
1790509416.6,0.0155,-0.0001,-0.06,0.006,27
1790509416.7,0.0159,-0.0001,-0.06,-0.001,26
1790509416.8,0.0159,-0.0001,-0.06,0.033,25
1790509416.9,0.0158,-0.0001,-0.06,-0.020,22
1790509417.0,0.0158,-0.0001,-0.05,0.025,25
1790509417.1,0.0155,-0.0001,-0.06,-0.005,23
1790509417.2,0.0155,-0.0001,-0.06,0.017,24
1790509417.3,0.0151,-0.0001,-0.05,0.047,22
1790509417.4,0.0151,-0.0001,-0.05,-0.008,26
1790509417.5,0.0156,-0.0001,-0.05,-0.009,24
1790509417.6,0.0156,-0.0001,-0.06,-0.027,24
1790509417.7,0.0151,-0.0001,-0.06,-0.044,24
1790509417.8,0.0151,-0.0001,-0.06,0.000,24
1790509417.9,0.0154,-0.0001,-0.06,0.022,23
1790509418.0,0.0154,-0.0001,-0.05,0.009,25
1790509418.1,0.0154,-0.0001,-0.05,0.047,25
1790509418.2,0.0149,-0.0001,-0.05,-0.013,23
1790509418.3,0.0149,-0.0001,-0.05,-0.010,26
1790509418.4,0.0149,-0.0001,-0.05,-0.016,25
1790509418.5,0.0149,-0.0001,-0.05,0.004,26
1790509418.6,0.0149,-0.0001,-0.05,-0.048,25
1790509418.7,0.0143,-0.0001,-0.06,-0.004,27
1790509418.8,0.0143,-0.0001,-0.05,0.040,25
1790509418.9,0.0151,-0.0001,-0.05,0.036,22
1790509419.0,0.0151,-0.0001,-0.05,0.028,26
1790509419.1,0.0143,-0.0001,-0.05,0.054,26
1790509419.2,0.0143,-0.0001,-0.05,-0.036,26
1790509419.3,0.0143,-0.0001,-0.05,0.049,24
1790509419.4,0.0148,-0.0001,-0.04,0.015,26
1790509419.5,0.0148,-0.0001,-0.04,-0.015,24
1790509419.6,0.0148,-0.0001,-0.05,-0.009,25
1790509419.7,0.0148,-0.0001,-0.05,-0.050,26
1790509419.8,0.0148,-0.0001,-0.05,0.003,25
1790509419.9,0.0143,-0.0001,-0.05,-0.011,27
1790509420.0,0.0143,-0.0001,-0.05,-0.003,22
1790509420.1,0.0144,-0.0001,-0.05,0.014,26
1790509420.2,0.0144,-0.0001,-0.05,-0.007,26
1790509420.3,0.0146,-0.0001,-0.05,0.012,25
1790509420.4,0.0146,-0.0001,-0.05,0.023,24
1790509420.5,0.0149,-0.0001,-0.05,-0.011,26
1790509420.6,0.0149,-0.0001,-0.04,-0.005,25
1790509420.7,0.0147,-0.0001,-0.05,-0.023,23
1790509420.8,0.0147,-0.0001,-0.04,-0.045,22
1790509420.9,0.0147,-0.0001,-0.05,0.018,26
1790509421.0,0.0148,-0.0001,-0.05,-0.013,25
1790509421.1,0.0148,-0.0001,-0.05,0.005,28
1790509421.2,0.0145,-0.0001,-0.05,-0.007,26
1790509421.3,0.0145,-0.0001,-0.05,0.011,22
1790509421.4,0.0145,-0.0001,-0.05,-0.030,26
1790509421.5,0.0145,-0.0001,-0.06,-0.027,24
1790509421.6,0.0148,-0.0001,-0.06,-0.015,26
1790509421.7,0.0148,-0.0001,-0.06,-0.008,24
1790509421.8,0.0145,-0.0001,-0.06,-0.023,26
1790509421.9,0.0145,-0.0001,-0.06,0.015,24
1790509422.0,0.0152,-0.0001,-0.06,0.004,26
1790509422.1,0.0152,-0.0001,-0.06,0.003,27
1790509422.2,0.0152,-0.0001,-0.06,-0.027,25
1790509422.3,0.0152,-0.0001,-0.06,0.013,24
1790509422.4,0.0148,-0.0001,-0.06,-0.009,23
1790509422.5,0.0148,-0.0001,-0.06,0.033,26
1790509422.6,0.0157,-0.0001,-0.06,0.003,27
1790509422.7,0.0157,-0.0001,-0.06,-0.014,25
1790509422.8,0.0144,-0.0001,-0.06,0.006,27
1790509422.9,0.0144,-0.0001,-0.06,-0.012,22
1790509423.0,0.0142,-0.0001,-0.06,-0.020,25
1790509423.1,0.0142,-0.0001,-0.06,0.027,24
1790509423.2,0.0147,-0.0001,-0.06,-0.042,26
1790509423.3,0.0147,-0.0001,-0.06,-0.004,26
1790509423.4,0.0148,-0.0001,-0.06,-0.026,25
1790509423.5,0.0148,-0.0001,-0.06,0.034,25
1790509423.6,0.0147,-0.0001,-0.06,0.041,25
1790509423.7,0.0147,-0.0001,-0.06,0.024,27
1790509423.8,0.0143,-0.0001,-0.06,-0.024,24
1790509423.9,0.0143,-0.0001,-0.06,-0.018,27
1790509424.0,0.0146,-0.0001,-0.06,-0.013,23
1790509424.1,0.0146,-0.0001,-0.05,0.057,24
1790509424.2,0.0146,-0.0001,-0.05,-0.004,25
1790509424.3,0.0146,-0.0001,-0.06,-0.010,25
1790509424.4,0.0154,-0.0001,-0.06,-0.018,26
1790509424.5,0.0154,-0.0001,-0.06,-0.006,24
1790509424.6,0.0146,-0.0001,-0.06,-0.002,24
1790509424.7,0.0146,-0.0001,-0.06,-0.033,26
1790509424.8,0.0143,-0.0001,-0.06,0.018,24
1790509424.9,0.0143,-0.0001,-0.06,0.015,26
1790509425.0,0.0147,-0.0001,-0.05,0.011,24
1790509425.1,0.0147,-0.0001,-0.06,-0.018,25
1790509425.2,0.0152,-0.0001,-0.06,-0.010,26
1790509425.3,0.0152,-0.0001,-0.06,-0.026,28
1790509425.4,0.0152,-0.0001,-0.06,-0.008,26
1790509425.5,0.0152,-0.0001,-0.06,0.007,25
1790509425.6,0.0148,-0.0001,-0.06,-0.027,25
1790509425.7,0.0148,-0.0001,-0.06,-0.035,27
1790509425.8,0.0146,-0.0001,-0.06,0.003,22
1790509425.9,0.0146,-0.0001,-0.07,-0.062,23
1790509426.0,0.0164,-0.0001,-0.06,-0.012,22
1790509426.1,0.0164,-0.0001,-0.07,-0.020,26
1790509426.2,0.0161,-0.0001,-0.07,0.017,25
1790509426.3,0.0161,-0.0001,-0.07,-0.021,26
1790509426.4,0.0159,-0.0001,-0.07,-0.004,26
1790509426.5,,,,0.009,25
1790509426.6,,,,0.019,26
1790509426.7,,,,0.030,27
1790509426.8,,,,0.010,27
1790509426.9,,,,-0.007,26
1790509427.0,0.0158,-0.0001,-0.09,0.010,27
1790509427.1,,,,0.018,25
1790509427.2,,,,0.032,25
1790509427.3,,,,-0.006,25
1790509427.4,,,,-0.010,27
1790509427.5,0.0157,-0.0001,-0.11,0.011,22
1790509427.6,,,,-0.042,24
1790509427.7,,,,0.051,26
1790509427.8,,,,-0.002,25
1790509427.9,,,,0.007,26
1790509428.0,0.0156,-0.0001,-0.13,-0.007,24
1790509428.1,,,,-0.004,20
1790509428.2,,,,-0.014,25
1790509428.3,,,,0.040,27
1790509428.4,,,,0.004,26
1790509428.5,0.0154,-0.0001,-0.15,0.001,27
1790509428.6,,,,0.022,25
1790509428.7,,,,0.021,26
1790509428.8,,,,0.003,27
1790509428.9,,,,0.013,26
1790509429.0,0.0151,-0.0001,-0.17,0.010,27
1790509429.1,,,,-0.032,24
1790509429.2,,,,0.027,28
1790509429.3,,,,0.027,23
1790509429.4,,,,0.023,26
1790509429.5,0.0148,-0.0001,-0.19,-0.004,27
1790509429.6,,,,0.031,27
1790509429.7,,,,0.002,26
1790509429.8,,,,0.064,26
1790509429.9,,,,0.019,26
1790509430.0,0.0144,-0.0001,-0.21,-0.012,26
1790509430.1,,,,0.009,27
1790509430.2,,,,-0.027,23
1790509430.3,,,,-0.016,26
1790509430.4,,,,0.014,26
1790509430.5,0.0139,-0.0001,-0.23,0.003,26
1790509430.6,0.0156,-0.0001,-0.14,0.036,26
1790509430.7,0.0156,-0.0001,-0.14,0.042,25
1790509430.8,0.0156,-0.0001,-0.14,0.022,27
1790509430.9,0.0156,-0.0001,-0.14,-0.055,24
1790509431.0,0.0184,-0.0001,-0.10,-0.046,26
1790509431.1,0.0183,-0.0001,-0.10,0.032,26
1790509431.2,0.0178,-0.0001,-0.10,-0.028,23
1790509431.3,0.0178,-0.0001,-0.11,-0.008,26
1790509431.4,0.0178,-0.0001,-0.10,-0.027,26
1790509431.5,0.0178,-0.0001,-0.10,0.023,22
1790509431.6,0.0178,-0.0001,-0.10,0.050,25
1790509431.7,0.0178,-0.0001,-0.10,0.021,27
1790509431.8,0.0176,-0.0001,-0.11,-0.024,25
1790509431.9,0.0176,-0.0001,-0.11,0.023,25
1790509432.0,0.0181,-0.0001,-0.11,-0.051,24
1790509432.1,0.0181,-0.0001,-0.11,0.035,26
1790509432.2,0.0177,-0.0001,-0.11,-0.016,24
1790509432.3,0.0177,-0.0001,-0.11,0.030,25
1790509432.4,0.0180,-0.0001,-0.10,0.010,23
1790509432.5,0.0180,-0.0001,-0.10,0.006,25
1790509432.6,0.0173,-0.0001,-0.11,-0.049,21
1790509432.7,0.0173,-0.0001,-0.10,0.033,23
1790509432.8,0.0176,-0.0001,-0.10,0.023,26
1790509432.9,0.0176,-0.0001,-0.10,0.016,24
1790509433.0,0.0176,-0.0001,-0.10,-0.013,21
1790509433.1,0.0176,-0.0001,-0.10,0.031,27
1790509433.2,0.0173,-0.0001,-0.10,-0.036,26
1790509433.3,0.0173,-0.0001,-0.10,-0.001,26
1790509433.4,0.0175,-0.0001,-0.10,-0.060,25
1790509433.5,0.0175,-0.0001,-0.10,0.032,25
1790509433.6,0.0176,-0.0001,-0.10,0.008,26
1790509433.7,0.0176,-0.0001,-0.10,-0.005,24
1790509433.8,0.0175,-0.0001,-0.10,-0.013,23
1790509433.9,0.0175,-0.0001,-0.10,-0.052,22
1790509434.0,0.0169,-0.0001,-0.10,-0.003,25
1790509434.1,0.0169,-0.0001,-0.11,-0.038,26
1790509434.2,0.0171,-0.0001,-0.10,0.015,26
1790509434.3,0.0171,-0.0001,-0.10,0.017,25
1790509434.4,0.0170,-0.0001,-0.10,-0.017,27
1790509434.5,0.0170,-0.0001,-0.11,-0.062,25
1790509434.6,0.0173,-0.0001,-0.11,0.002,25
1790509434.7,0.0173,-0.0001,-0.11,-0.009,26
1790509434.8,0.0173,-0.0001,-0.11,-0.006,25
1790509434.9,0.0170,-0.0001,-0.11,0.007,24
1790509435.0,0.0176,-0.0001,-0.12,-0.052,26
1790509435.1,0.0176,-0.0001,-0.11,0.038,25
1790509435.2,0.0176,-0.0001,-0.11,0.024,24
1790509435.3,0.0176,-0.0001,-0.10,0.087,26
1790509435.4,0.0176,-0.0001,-0.10,-0.004,24
1790509435.5,0.0176,-0.0001,-0.11,-0.029,23
1790509435.6,0.0176,-0.0001,-0.11,-0.019,26
1790509435.7,0.0175,-0.0001,-0.11,-0.032,27
1790509435.8,0.0175,-0.0001,-0.11,0.030,26
1790509435.9,0.0176,-0.0001,-0.11,0.015,24
1790509436.0,0.0177,-0.0001,-0.11,-0.008,27
1790509436.1,0.0177,-0.0001,-0.11,0.002,27
1790509436.2,0.0179,-0.0001,-0.11,-0.018,24
1790509436.3,0.0179,-0.0001,-0.11,-0.033,24
1790509436.4,0.0177,-0.0001,-0.11,-0.001,25
1790509436.5,0.0177,-0.0001,-0.11,0.010,23
1790509436.6,0.0180,-0.0001,-0.11,-0.009,24
1790509436.7,0.0180,-0.0001,-0.11,-0.003,24
1790509436.8,0.0181,-0.0001,-0.11,-0.022,24
1790509436.9,0.0181,-0.0001,-0.11,0.029,24
1790509437.0,0.0181,-0.0001,-0.11,-0.024,25
1790509437.1,0.0181,-0.0001,-0.11,-0.058,25
1790509437.2,0.0188,-0.0001,-0.11,0.043,24
1790509437.3,0.0188,-0.0001,-0.10,0.046,25
1790509437.4,0.0178,-0.0001,-0.10,-0.004,26
1790509437.5,0.0178,-0.0001,-0.10,0.020,26
1790509437.6,0.0171,-0.0001,-0.10,0.004,27
1790509437.7,0.0171,-0.0001,-0.10,-0.006,26
1790509437.8,0.0185,-0.0001,-0.10,-0.024,25
1790509437.9,0.0185,-0.0001,-0.10,-0.006,25
1790509438.0,0.0178,-0.0001,-0.10,-0.044,25
1790509438.1,0.0178,-0.0001,-0.11,-0.014,27
1790509438.2,0.0179,-0.0001,-0.11,-0.054,26
1790509438.3,0.0179,-0.0001,-0.11,0.016,26
1790509438.4,0.0177,-0.0001,-0.11,0.004,26
1790509438.5,0.0177,-0.0001,-0.11,-0.058,26
1790509438.6,0.0179,-0.0001,-0.11,0.028,25
1790509438.7,0.0179,-0.0001,-0.11,0.038,23
1790509438.8,0.0174,-0.0001,-0.11,-0.015,24
1790509438.9,0.0174,-0.0001,-0.11,0.003,24
1790509439.0,0.0176,-0.0001,-0.11,0.019,26
1790509439.1,0.0176,-0.0001,-0.11,-0.001,23
1790509439.2,0.0175,-0.0001,-0.10,0.014,27
1790509439.3,0.0175,-0.0001,-0.11,-0.039,24
1790509439.4,0.0172,-0.0001,-0.11,-0.053,25
1790509439.5,0.0172,-0.0001,-0.11,-0.011,25
1790509439.6,0.0172,-0.0001,-0.11,-0.001,26
1790509439.7,0.0173,-0.0001,-0.11,0.032,25
1790509439.8,0.0171,-0.0001,-0.11,-0.013,27
1790509439.9,0.0171,-0.0001,-0.11,-0.020,25
1790509440.0,0.0175,-0.0001,-0.11,0.019,24
1790509440.1,0.0175,-0.0001,-0.11,0.037,26
1790509440.2,0.0172,-0.0001,-0.10,0.019,25
1790509440.3,0.0172,-0.0001,-0.10,-0.013,26
1790509440.4,0.0175,-0.0001,-0.10,0.014,23
1790509440.5,0.0175,-0.0001,-0.10,0.014,23
1790509440.6,0.0162,-0.0001,-0.10,-0.022,23
1790509440.7,0.0162,-0.0001,-0.10,-0.008,27
1790509440.8,0.0162,-0.0001,-0.10,0.012,24
1790509440.9,0.0164,-0.0001,-0.10,-0.020,25
1790509441.0,0.0165,-0.0001,-0.10,0.010,28
1790509441.1,0.0165,-0.0001,-0.10,0.018,24
1790509441.2,0.0164,-0.0001,-0.10,0.018,28
1790509441.3,0.0164,-0.0001,-0.10,-0.039,26
1790509441.4,0.0164,-0.0001,-0.11,-0.009,24
1790509441.5,0.0164,-0.0001,-0.10,0.023,26
1790509441.6,0.0164,-0.0001,-0.10,0.007,26
1790509441.7,0.0164,-0.0001,-0.10,0.018,25
1790509441.8,0.0164,-0.0001,-0.11,-0.023,25
1790509441.9,0.0164,-0.0001,-0.11,-0.006,24
1790509442.0,0.0164,-0.0001,-0.10,-0.008,23
1790509442.1,0.0166,-0.0001,-0.10,0.022,24
1790509442.2,0.0166,-0.0001,-0.10,0.006,26
1790509442.3,0.0166,-0.0001,-0.10,-0.033,26
1790509442.4,0.0164,-0.0001,-0.10,0.005,26
1790509442.5,0.0164,-0.0001,-0.11,-0.037,26
1790509442.6,0.0162,-0.0001,-0.11,0.034,25
1790509442.7,0.0162,-0.0001,-0.11,0.016,25
1790509442.8,0.0170,-0.0001,-0.11,-0.001,25
1790509442.9,0.0170,-0.0001,-0.10,0.023,25
1790509443.0,0.0168,-0.0001,-0.11,0.027,23
1790509443.1,0.0168,-0.0001,-0.11,-0.014,26
1790509443.2,0.0168,-0.0001,-0.11,-0.011,24
1790509443.3,0.0168,-0.0001,-0.11,-0.002,24
1790509443.4,0.0170,-0.0001,-0.11,-0.019,26
1790509443.5,0.0170,-0.0001,-0.10,0.028,26
1790509443.6,0.0169,-0.0001,-0.10,-0.005,24
1790509443.7,0.0169,-0.0001,-0.10,-0.035,23
1790509443.8,0.0166,-0.0001,-0.11,-0.002,27
1790509443.9,0.0166,-0.0001,-0.11,-0.018,26
1790509444.0,0.0171,-0.0001,-0.11,-0.017,25
1790509444.1,0.0171,-0.0001,-0.11,0.020,27
1790509444.2,0.0175,-0.0001,-0.10,0.029,28
1790509444.3,0.0175,-0.0001,-0.10,0.004,25
1790509444.4,0.0175,-0.0001,-0.10,-0.010,26
1790509444.5,0.0175,-0.0001,-0.10,0.015,27
1790509444.6,0.0180,-0.0001,-0.10,-0.009,25
1790509444.7,0.0180,-0.0001,-0.10,0.006,25
1790509444.8,0.0178,-0.0001,-0.10,-0.007,25
1790509444.9,0.0178,-0.0001,-0.09,-0.020,25
1790509445.0,0.0176,-0.0001,-0.10,0.024,27
1790509445.1,0.0176,-0.0001,-0.10,-0.009,27
1790509445.2,0.0179,-0.0001,-0.09,0.044,26
1790509445.3,0.0179,-0.0001,-0.09,-0.002,25
1790509445.4,0.0178,-0.0001,-0.09,0.004,24
1790509445.5,0.0178,-0.0001,-0.09,0.020,26
1790509445.6,0.0180,-0.0001,-0.09,-0.003,23
1790509445.7,0.0180,-0.0001,-0.09,0.036,26
1790509445.8,0.0179,-0.0001,-0.09,-0.041,23
1790509445.9,0.0179,-0.0001,-0.09,-0.032,24
1790509446.0,0.0179,-0.0001,-0.09,0.027,26
1790509446.1,0.0179,-0.0001,-0.09,0.012,24
1790509446.2,0.0178,-0.0001,-0.09,0.031,26
1790509446.3,0.0178,-0.0001,-0.09,-0.022,22
1790509446.4,0.0184,-0.0001,-0.09,-0.025,24
1790509446.5,0.0184,-0.0001,-0.09,0.013,25
1790509446.6,0.0184,-0.0001,-0.09,-0.006,25
1790509446.7,0.0184,-0.0001,-0.09,-0.018,25
1790509446.8,0.0187,-0.0001,-0.09,-0.031,26
1790509446.9,0.0187,-0.0001,-0.09,0.039,23
1790509447.0,0.0183,-0.0001,-0.09,-0.007,24
1790509447.1,0.0183,-0.0001,-0.09,0.012,26
1790509447.2,0.0185,-0.0001,-0.09,-0.017,27
1790509447.3,0.0185,-0.0001,-0.09,0.017,24
1790509447.4,0.0184,-0.0001,-0.09,-0.022,28
1790509447.5,0.0184,-0.0001,-0.09,0.024,23
1790509447.6,0.0186,-0.0001,-0.09,-0.016,25
1790509447.7,0.0186,-0.0001,-0.09,-0.012,24
1790509447.8,0.0186,-0.0001,-0.09,0.022,24
1790509447.9,0.0186,-0.0001,-0.09,0.010,26
1790509448.0,0.0188,-0.0001,-0.09,0.001,25
1790509448.1,0.0188,-0.0001,-0.09,-0.005,26
1790509448.2,0.0188,-0.0001,-0.09,-0.001,26
1790509448.3,0.0188,-0.0001,-0.09,0.031,27
1790509448.4,0.0187,-0.0001,-0.09,0.028,25
1790509448.5,0.0187,-0.0001,-0.09,0.034,25
1790509448.6,0.0189,-0.0001,-0.09,-0.007,26
1790509448.7,0.0189,-0.0001,-0.09,-0.027,22
1790509448.8,0.0195,-0.0001,-0.09,0.010,26
1790509448.9,0.0195,-0.0001,-0.09,-0.041,25
1790509449.0,0.0194,-0.0001,-0.09,-0.007,24
1790509449.1,0.0194,-0.0001,-0.09,-0.015,23
1790509449.2,0.0199,-0.0001,-0.09,0.022,24
1790509449.3,0.0199,-0.0001,-0.09,0.025,24
1790509449.4,0.0195,-0.0001,-0.09,0.036,27
1790509449.5,0.0195,-0.0001,-0.09,0.011,25
1790509449.6,0.0199,-0.0001,-0.10,-0.033,26
1790509449.7,0.0199,-0.0001,-0.10,-0.032,23
1790509449.8,0.0194,-0.0001,-0.09,0.024,26
1790509449.9,0.0194,-0.0001,-0.09,-0.005,25
1790509450.0,0.0195,-0.0001,-0.09,-0.011,28
1790509450.1,0.0195,-0.0001,-0.09,0.041,26
1790509450.2,0.0195,-0.0001,-0.09,0.035,25
1790509450.3,0.0195,-0.0001,-0.09,0.036,25
1790509450.4,0.0195,-0.0001,-0.09,-0.014,24
1790509450.5,0.0195,-0.0001,-0.09,0.002,24
1790509450.6,0.0200,-0.0001,-0.09,0.014,25
1790509450.7,0.0200,-0.0001,-0.09,-0.027,25
1790509450.8,0.0194,-0.0001,-0.09,0.002,26
1790509450.9,0.0194,-0.0001,-0.10,-0.030,26
1790509451.0,0.0197,-0.0001,-0.10,-0.059,24
1790509451.1,0.0197,-0.0001,-0.10,-0.018,27
1790509451.2,0.0198,-0.0001,-0.10,0.044,25
1790509451.3,0.0198,-0.0001,-0.10,0.004,24
1790509451.4,0.0195,-0.0001,-0.10,0.011,24
1790509451.5,0.0195,-0.0001,-0.10,0.022,28
1790509451.6,0.0195,-0.0001,-0.10,-0.012,24
1790509451.7,0.0195,-0.0001,-0.10,0.011,26
1790509451.8,0.0193,-0.0001,-0.10,-0.011,26
1790509451.9,0.0193,-0.0001,-0.10,0.002,23
1790509452.0,0.0193,-0.0001,-0.10,-0.035,23
1790509452.1,0.0193,-0.0001,-0.10,-0.017,25
1790509452.2,0.0193,-0.0001,-0.10,-0.003,28
1790509452.3,0.0193,-0.0001,-0.10,0.035,23
1790509452.4,0.0196,-0.0001,-0.10,-0.015,26
1790509452.5,0.0196,-0.0001,-0.10,-0.019,26
1790509452.6,0.0196,-0.0001,-0.10,-0.003,25
1790509452.7,0.0190,-0.0001,-0.11,-0.035,27
1790509452.8,0.0190,-0.0001,-0.11,-0.004,25
1790509452.9,0.0194,-0.0001,-0.11,-0.002,23
1790509453.0,0.0186,-0.0001,-0.11,-0.033,26
1790509453.1,0.0186,-0.0001,-0.11,-0.005,25
1790509453.2,0.0186,-0.0001,-0.11,0.026,24
1790509453.3,0.0185,-0.0001,-0.11,-0.005,25
1790509453.4,0.0185,-0.0001,-0.11,-0.005,28
1790509453.5,0.0190,-0.0001,-0.11,-0.037,23
1790509453.6,0.0190,-0.0001,-0.11,0.029,25
1790509453.7,0.0191,-0.0001,-0.11,0.042,27
1790509453.8,0.0194,-0.0001,-0.11,-0.016,27
1790509453.9,0.0194,-0.0001,-0.10,0.084,25
1790509454.0,0.0194,-0.0001,-0.10,-0.014,23
1790509454.1,0.0193,-0.0001,-0.10,0.017,25
1790509454.2,0.0193,-0.0001,-0.10,-0.005,26
1790509454.3,0.0193,-0.0001,-0.11,0.005,25
1790509454.4,0.0193,-0.0001,-0.10,-0.005,24
1790509454.5,0.0193,-0.0001,-0.10,0.025,24
1790509454.6,0.0193,-0.0001,-0.10,0.023,27
1790509454.7,0.0192,-0.0001,-0.10,-0.010,24
1790509454.8,0.0192,-0.0001,-0.10,-0.049,23
1790509454.9,0.0195,-0.0001,-0.10,0.038,28
1790509455.0,0.0195,-0.0001,-0.10,0.008,24
1790509455.1,0.0194,-0.0001,-0.10,-0.008,26
1790509455.2,0.0194,-0.0001,-0.10,-0.015,25
1790509455.3,0.0193,-0.0001,-0.10,0.011,26
1790509455.4,0.0193,-0.0001,-0.10,0.034,25
1790509455.5,0.0194,-0.0001,-0.10,0.037,25
1790509455.6,0.0194,-0.0001,-0.10,0.030,26
1790509455.7,0.0194,-0.0001,-0.10,-0.018,25
1790509455.8,0.0195,-0.0001,-0.10,-0.040,25
1790509455.9,0.0195,-0.0001,-0.10,0.002,25
1790509456.0,0.0195,-0.0001,-0.10,0.038,24
1790509456.1,0.0194,-0.0001,-0.10,0.029,26
1790509456.2,0.0194,-0.0001,-0.10,-0.005,26
1790509456.3,0.0200,-0.0001,-0.10,-0.006,25
1790509456.4,0.0200,-0.0001,-0.10,0.018,27
1790509456.5,0.0198,-0.0001,-0.10,-0.021,25
1790509456.6,0.0198,-0.0001,-0.09,0.010,23
1790509456.7,0.0198,-0.0001,-0.09,0.022,21
1790509456.8,0.0198,-0.0001,-0.09,0.039,24
1790509456.9,0.0196,-0.0001,-0.10,-0.006,25
1790509457.0,0.0196,-0.0001,-0.10,-0.049,27
1790509457.1,0.0195,-0.0001,-0.10,0.011,25
1790509457.2,0.0195,-0.0001,-0.10,-0.002,23
1790509457.3,0.0195,-0.0001,-0.10,-0.007,27
1790509457.4,0.0195,-0.0001,-0.10,-0.027,25
1790509457.5,0.0191,-0.0001,-0.10,-0.011,23
1790509457.6,0.0191,-0.0001,-0.09,0.012,28
1790509457.7,0.0193,-0.0001,-0.10,-0.011,25
1790509457.8,0.0193,-0.0001,-0.10,-0.019,26
1790509457.9,0.0196,-0.0001,-0.10,0.009,25
1790509458.0,0.0196,-0.0001,-0.09,0.020,27
1790509458.1,0.0194,-0.0001,-0.09,0.014,26
1790509458.2,0.0194,-0.0001,-0.09,0.031,25
1790509458.3,0.0196,-0.0001,-0.09,0.028,25
1790509458.4,0.0196,-0.0001,-0.09,-0.006,26
1790509458.5,0.0195,-0.0001,-0.09,0.029,25
1790509458.6,0.0195,-0.0001,-0.08,-0.015,26
1790509458.7,0.0195,-0.0001,-0.08,0.006,26
1790509458.8,0.0195,-0.0001,-0.08,0.054,26
1790509458.9,0.0192,-0.0001,-0.08,-0.005,26
1790509459.0,0.0192,-0.0001,-0.08,-0.002,24
1790509459.1,0.0193,-0.0001,-0.08,0.042,25
1790509459.2,0.0193,-0.0001,-0.08,-0.012,25
1790509459.3,0.0194,-0.0001,-0.08,0.008,25
1790509459.4,0.0194,-0.0001,-0.08,-0.011,25
1790509459.5,0.0195,-0.0001,-0.08,-0.012,27
1790509459.6,0.0195,-0.0001,-0.08,-0.006,25
1790509459.7,0.0189,-0.0001,-0.08,0.011,20
1790509459.8,0.0189,-0.0001,-0.08,0.002,25
1790509459.9,0.0199,-0.0001,-0.08,0.019,25
1790509460.0,0.0199,-0.0001,-0.08,0.002,25
1790509460.1,0.0198,-0.0001,-0.08,-0.013,25
1790509460.2,0.0198,-0.0001,-0.08,0.015,25
1790509460.3,0.0196,-0.0001,-0.08,0.005,25
1790509460.4,0.0196,-0.0001,-0.08,0.015,26
1790509460.5,0.0195,-0.0001,-0.08,0.004,24
1790509460.6,0.0195,-0.0001,-0.07,0.003,25
1790509460.7,0.0193,-0.0001,-0.08,-0.021,24
1790509460.8,0.0193,-0.0001,-0.08,0.035,24
1790509460.9,0.0195,-0.0001,-0.08,-0.080,24
1790509461.0,0.0195,-0.0001,-0.08,-0.009,27
1790509461.1,0.0195,-0.0001,-0.08,-0.039,25
1790509461.2,0.0196,-0.0001,-0.08,0.039,25
1790509461.3,0.0193,-0.0001,-0.08,-0.003,24
1790509461.4,0.0193,-0.0001,-0.08,0.003,25
1790509461.5,0.0190,-0.0001,-0.08,-0.019,25
1790509461.6,0.0190,-0.0001,-0.08,0.048,24
1790509461.7,0.0193,-0.0001,-0.07,-0.013,24
1790509461.8,0.0193,-0.0001,-0.07,0.016,26
1790509461.9,0.0190,-0.0001,-0.07,0.004,25
1790509462.0,0.0190,-0.0001,-0.07,-0.022,25
1790509462.1,0.0194,-0.0001,-0.07,-0.008,26
1790509462.2,0.0194,-0.0001,-0.07,-0.016,26
1790509462.3,0.0197,-0.0001,-0.07,0.008,27
1790509462.4,0.0197,-0.0001,-0.07,0.000,24
1790509462.5,0.0191,-0.0001,-0.07,0.021,25
1790509462.6,0.0191,-0.0001,-0.07,-0.006,23
1790509462.7,0.0193,-0.0001,-0.07,0.028,28
1790509462.8,0.0193,-0.0001,-0.07,-0.041,22
1790509462.9,0.0194,-0.0001,-0.07,-0.012,24
1790509463.0,0.0194,-0.0001,-0.07,0.007,23
1790509463.1,0.0193,-0.0001,-0.07,-0.013,26
1790509463.2,0.0193,-0.0001,-0.07,-0.013,24
1790509463.3,0.0191,-0.0001,-0.07,-0.026,23
1790509463.4,0.0191,-0.0001,-0.07,-0.013,27
1790509463.5,0.0197,-0.0001,-0.07,0.033,26
1790509463.6,0.0197,-0.0001,-0.07,0.005,27
1790509463.7,0.0197,-0.0001,-0.07,0.013,27
1790509463.8,0.0197,-0.0001,-0.07,-0.044,25
1790509463.9,0.0197,-0.0001,-0.07,-0.037,26
1790509464.0,0.0195,-0.0001,-0.07,-0.021,25
1790509464.1,0.0195,-0.0001,-0.07,0.015,24
1790509464.2,0.0193,-0.0001,-0.07,0.004,26
1790509464.3,0.0200,-0.0001,-0.07,-0.018,25
1790509464.4,0.0200,-0.0001,-0.07,0.025,27
1790509464.5,0.0199,-0.0001,-0.07,-0.009,24
1790509464.6,0.0199,-0.0001,-0.07,-0.060,27
1790509464.7,0.0199,-0.0001,-0.07,0.040,24
1790509464.8,0.0201,-0.0001,-0.07,0.065,24
1790509464.9,0.0201,-0.0001,-0.07,0.014,26
1790509465.0,0.0200,-0.0001,-0.07,0.044,24
1790509465.1,0.0200,-0.0001,-0.07,-0.003,26
1790509465.2,0.0198,-0.0001,-0.07,0.014,28
1790509465.3,0.0198,-0.0001,-0.07,-0.019,26
1790509465.4,0.0205,-0.0001,-0.07,0.002,27
1790509465.5,0.0205,-0.0001,-0.06,0.030,26
1790509465.6,0.0203,-0.0001,-0.06,-0.021,25
1790509465.7,0.0203,-0.0001,-0.06,0.023,27
1790509465.8,0.0198,-0.0001,-0.06,0.020,26
1790509465.9,0.0198,-0.0001,-0.06,-0.021,22
1790509466.0,0.0202,-0.0001,-0.06,-0.040,25
1790509466.1,0.0202,-0.0001,-0.06,-0.016,26
1790509466.2,0.0200,-0.0001,-0.06,-0.019,24
1790509466.3,0.0200,-0.0001,-0.07,-0.072,26
1790509466.4,0.0200,-0.0001,-0.07,0.008,27
1790509466.5,0.0200,-0.0001,-0.07,0.000,23
1790509466.6,0.0200,-0.0001,-0.07,0.003,28
1790509466.7,0.0200,-0.0001,-0.07,-0.043,24
1790509466.8,0.0196,-0.0001,-0.07,-0.026,21
1790509466.9,0.0196,-0.0001,-0.07,-0.034,26
1790509467.0,0.0201,-0.0001,-0.07,0.017,28
1790509467.1,0.0201,-0.0001,-0.07,0.020,23
1790509467.2,0.0201,-0.0001,-0.07,-0.004,27
1790509467.3,0.0203,-0.0001,-0.07,0.052,25
1790509467.4,0.0203,-0.0001,-0.06,-0.019,25
1790509467.5,0.0202,-0.0001,-0.07,0.026,25
1790509467.6,0.0202,-0.0001,-0.07,-0.004,26
1790509467.7,0.0203,-0.0001,-0.07,0.002,26
1790509467.8,0.0203,-0.0001,-0.06,0.012,26
1790509467.9,0.0202,-0.0001,-0.07,-0.018,24
1790509468.0,0.0202,-0.0001,-0.06,-0.015,26
1790509468.1,0.0201,-0.0001,-0.06,0.026,27
1790509468.2,0.0201,-0.0001,-0.07,-0.042,24
1790509468.3,0.0206,-0.0001,-0.07,-0.022,25
1790509468.4,0.0206,-0.0001,-0.07,-0.023,26
1790509468.5,0.0205,-0.0001,-0.07,-0.012,26
1790509468.6,0.0205,-0.0001,-0.07,-0.009,26
1790509468.7,0.0205,-0.0001,-0.07,0.020,25
1790509468.8,0.0205,-0.0001,-0.07,0.027,25
1790509468.9,0.0205,-0.0001,-0.06,0.030,24
1790509469.0,0.0205,-0.0001,-0.06,0.018,24
1790509469.1,0.0207,-0.0001,-0.07,-0.008,24
1790509469.2,0.0207,-0.0001,-0.06,0.028,25
1790509469.3,0.0205,-0.0001,-0.07,-0.010,24
1790509469.4,0.0205,-0.0001,-0.06,0.045,27
1790509469.5,0.0220,-0.0001,-0.07,-0.005,25
1790509469.6,0.0220,-0.0001,-0.06,0.027,24
1790509469.7,0.0219,-0.0001,-0.06,0.038,26
1790509469.8,0.0219,-0.0001,-0.06,-0.016,26
1790509469.9,0.0222,-0.0001,-0.06,0.002,26
1790509470.0,0.0222,-0.0001,-0.06,0.020,25
1790509470.1,0.0223,-0.0001,-0.06,0.017,26
1790509470.2,0.0223,-0.0001,-0.06,0.001,25
1790509470.3,0.0220,-0.0001,-0.06,0.010,27
1790509470.4,0.0220,-0.0001,-0.06,-0.003,25
1790509470.5,0.0221,-0.0001,-0.06,0.000,24
1790509470.6,0.0221,-0.0001,-0.06,0.030,27
1790509470.7,0.0222,-0.0001,-0.06,0.016,24
1790509470.8,0.0222,-0.0001,-0.06,-0.012,25
1790509470.9,0.0218,-0.0001,-0.06,0.011,27
1790509471.0,0.0218,-0.0001,-0.06,-0.003,25
1790509471.1,0.0226,-0.0001,-0.05,0.018,26
1790509471.2,0.0226,-0.0001,-0.06,-0.023,26
1790509471.3,0.0214,-0.0001,-0.06,-0.020,24
1790509471.4,0.0214,-0.0001,-0.06,0.032,26
1790509471.5,0.0216,-0.0001,-0.06,0.019,24
1790509471.6,0.0216,-0.0001,-0.06,-0.001,28
1790509471.7,0.0216,-0.0001,-0.06,-0.016,25
1790509471.8,0.0219,-0.0001,-0.06,-0.017,26
1790509471.9,0.0217,-0.0001,-0.06,-0.010,26
1790509472.0,0.0217,-0.0001,-0.06,0.031,25
1790509472.1,0.0219,-0.0001,-0.05,0.011,27
1790509472.2,0.0219,-0.0001,-0.06,-0.031,27
1790509472.3,0.0218,-0.0001,-0.05,-0.010,26
1790509472.4,0.0218,-0.0001,-0.05,-0.015,24
1790509472.5,0.0217,-0.0001,-0.05,0.000,25
1790509472.6,0.0217,-0.0001,-0.06,-0.039,25
1790509472.7,0.0215,-0.0001,-0.06,0.003,27
1790509472.8,0.0215,-0.0001,-0.06,-0.029,26
1790509472.9,0.0219,-0.0001,-0.06,-0.031,26
1790509473.0,0.0219,-0.0001,-0.06,-0.002,24
1790509473.1,0.0215,-0.0001,-0.06,-0.031,27
1790509473.2,0.0215,-0.0001,-0.06,-0.006,26
1790509473.3,0.0214,-0.0001,-0.07,0.003,24
1790509473.4,0.0214,-0.0001,-0.06,0.027,25
1790509473.5,0.0216,-0.0001,-0.07,0.014,25
1790509473.6,0.0216,-0.0001,-0.07,-0.030,25
1790509473.7,0.0217,-0.0001,-0.07,-0.038,24
1790509473.8,0.0217,-0.0001,-0.07,-0.028,26
1790509473.9,0.0217,-0.0001,-0.07,0.059,25
1790509474.0,0.0212,-0.0001,-0.07,0.005,25
1790509474.1,0.0215,-0.0001,-0.07,-0.015,24
1790509474.2,0.0215,-0.0001,-0.07,-0.032,23
1790509474.3,0.0214,-0.0001,-0.07,0.006,26
1790509474.4,0.0214,-0.0001,-0.07,0.005,25
1790509474.5,0.0214,-0.0001,-0.07,0.021,27
1790509474.6,0.0215,-0.0001,-0.06,0.023,25
1790509474.7,0.0215,-0.0001,-0.07,0.016,25
1790509474.8,0.0214,-0.0001,-0.06,0.023,23
1790509474.9,0.0214,-0.0001,-0.07,-0.022,26
1790509475.0,0.0213,-0.0001,-0.07,-0.026,26
1790509475.1,0.0213,-0.0001,-0.07,-0.002,28
1790509475.2,0.0214,-0.0001,-0.07,0.038,25
1790509475.3,0.0214,-0.0001,-0.07,-0.021,26
1790509475.4,0.0214,-0.0001,-0.07,-0.004,24
1790509475.5,0.0214,-0.0001,-0.07,0.026,24
1790509475.6,0.0214,-0.0001,-0.07,-0.032,26
1790509475.7,0.0214,-0.0001,-0.07,0.048,26
1790509475.8,0.0216,-0.0001,-0.07,0.002,26
1790509475.9,0.0216,-0.0001,-0.07,-0.024,25
1790509476.0,0.0217,-0.0001,-0.07,0.017,26
1790509476.1,0.0217,-0.0001,-0.07,0.018,25
1790509476.2,0.0216,-0.0001,-0.07,0.014,26
1790509476.3,0.0216,-0.0001,-0.07,0.040,27
1790509476.4,0.0214,-0.0001,-0.07,0.015,26
1790509476.5,0.0214,-0.0001,-0.07,0.008,27
1790509476.6,0.0218,-0.0001,-0.07,-0.017,25
1790509476.7,0.0218,-0.0001,-0.07,-0.049,26
1790509476.8,0.0218,-0.0001,-0.07,-0.011,25
1790509476.9,0.0218,-0.0001,-0.07,-0.007,26
1790509477.0,0.0218,-0.0001,-0.07,-0.052,23
1790509477.1,0.0218,-0.0001,-0.07,-0.010,23
1790509477.2,0.0218,-0.0001,-0.07,-0.020,25
1790509477.3,0.0218,-0.0001,-0.08,-0.012,24
1790509477.4,0.0217,-0.0001,-0.08,0.007,24
1790509477.5,0.0217,-0.0001,-0.07,0.026,24
1790509477.6,0.0219,-0.0001,-0.07,0.030,26
1790509477.7,0.0219,-0.0001,-0.07,0.020,24
1790509477.8,0.0215,-0.0001,-0.07,0.006,27
1790509477.9,0.0215,-0.0001,-0.07,0.004,26
1790509478.0,0.0217,-0.0001,-0.07,-0.009,27
1790509478.1,0.0217,-0.0001,-0.07,-0.031,26
1790509478.2,0.0216,-0.0001,-0.07,0.027,25
1790509478.3,0.0216,-0.0001,-0.07,-0.051,25
1790509478.4,0.0221,-0.0001,-0.07,0.019,24
1790509478.5,0.0221,-0.0001,-0.07,-0.012,24
1790509478.6,0.0221,-0.0001,-0.07,0.016,26
1790509478.7,0.0221,-0.0001,-0.07,-0.019,25
1790509478.8,0.0220,-0.0001,-0.07,0.015,25
1790509478.9,0.0220,-0.0001,-0.07,-0.033,26
1790509479.0,0.0220,-0.0001,-0.07,0.028,24
1790509479.1,0.0220,-0.0001,-0.07,0.006,26
1790509479.2,0.0224,-0.0001,-0.07,0.021,23
1790509479.3,0.0224,-0.0001,-0.07,0.058,24
1790509479.4,0.0223,-0.0001,-0.07,-0.010,22
1790509479.5,0.0223,-0.0001,-0.07,-0.049,25
1790509479.6,0.0220,-0.0001,-0.07,-0.020,26
1790509479.7,0.0220,-0.0001,-0.08,-0.009,27
1790509479.8,0.0220,-0.0001,-0.07,-0.006,24
1790509479.9,0.0220,-0.0001,-0.08,0.008,25
1790509480.0,0.0220,-0.0001,-0.08,-0.024,25
1790509480.1,0.0220,-0.0001,-0.08,-0.018,23
1790509480.2,0.0223,-0.0001,-0.08,-0.039,26
1790509480.3,0.0223,-0.0001,-0.08,0.018,28
1790509480.4,0.0223,-0.0001,-0.08,0.038,24
1790509480.5,0.0223,-0.0001,-0.08,-0.036,26
1790509480.6,0.0227,-0.0001,-0.08,-0.013,25
1790509480.7,0.0227,-0.0001,-0.07,0.018,25
1790509480.8,0.0220,-0.0001,-0.07,0.053,25
1790509480.9,0.0220,-0.0001,-0.07,-0.007,24
1790509481.0,0.0219,-0.0001,-0.07,-0.020,25
1790509481.1,0.0219,-0.0001,-0.07,0.029,24
1790509481.2,0.0220,-0.0001,-0.07,-0.003,25
1790509481.3,0.0220,-0.0001,-0.07,-0.044,24
1790509481.4,0.0217,-0.0001,-0.07,0.006,28
1790509481.5,0.0217,-0.0001,-0.07,0.050,24
1790509481.6,0.0223,-0.0001,-0.07,-0.067,26
1790509481.7,0.0223,-0.0001,-0.07,-0.014,26
1790509481.8,0.0220,-0.0001,-0.07,0.027,25
1790509481.9,0.0220,-0.0001,-0.07,-0.003,25
1790509482.0,0.0214,-0.0001,-0.07,-0.012,25
1790509482.1,0.0214,-0.0001,-0.07,0.019,24
1790509482.2,0.0225,-0.0001,-0.07,0.007,24
1790509482.3,0.0225,-0.0001,-0.07,0.032,25
1790509482.4,0.0215,-0.0001,-0.07,-0.009,25
1790509482.5,0.0215,-0.0001,-0.07,-0.006,25
1790509482.6,0.0225,-0.0001,-0.08,-0.064,26
1790509482.7,0.0225,-0.0001,-0.08,0.013,27
1790509482.8,0.0215,-0.0001,-0.08,-0.011,25
1790509482.9,0.0215,-0.0001,-0.08,-0.012,25
1790509483.0,0.0217,-0.0001,-0.08,-0.039,27
1790509483.1,0.0217,-0.0001,-0.09,-0.021,26
1790509483.2,0.0216,-0.0001,-0.09,-0.003,24
1790509483.3,0.0216,-0.0001,-0.09,-0.040,27
1790509483.4,0.0216,-0.0001,-0.09,0.001,26
1790509483.5,0.0216,-0.0001,-0.10,-0.025,24
1790509483.6,0.0220,-0.0001,-0.10,0.004,27
1790509483.7,0.0220,-0.0001,-0.10,-0.003,26
1790509483.8,0.0214,-0.0001,-0.10,0.009,25
1790509483.9,0.0214,-0.0001,-0.09,-0.019,25
1790509484.0,0.0216,-0.0001,-0.09,-0.010,22
1790509484.1,0.0216,-0.0001,-0.09,-0.028,26
1790509484.2,0.0216,-0.0001,-0.09,0.044,26
1790509484.3,0.0214,-0.0001,-0.10,0.015,26
1790509484.4,0.0214,-0.0001,-0.09,-0.000,24
1790509484.5,0.0205,-0.0001,-0.09,-0.005,25
1790509484.6,0.0205,-0.0001,-0.10,-0.039,26
1790509484.7,0.0212,-0.0001,-0.09,-0.003,24
1790509484.8,0.0212,-0.0001,-0.09,-0.015,25
1790509484.9,0.0210,-0.0001,-0.09,0.025,26
1790509485.0,0.0210,-0.0001,-0.09,0.046,25
1790509485.1,0.0211,-0.0001,-0.09,-0.039,26
1790509485.2,0.0211,-0.0001,-0.09,0.046,27
1790509485.3,0.0211,-0.0001,-0.09,-0.018,24
1790509485.4,0.0211,-0.0001,-0.09,-0.025,28
1790509485.5,0.0210,-0.0001,-0.09,0.041,23
1790509485.6,0.0210,-0.0001,-0.09,0.035,26
1790509485.7,0.0211,-0.0001,-0.08,0.032,23
1790509485.8,0.0211,-0.0001,-0.08,-0.016,25
1790509485.9,0.0206,-0.0001,-0.09,0.000,25
1790509486.0,0.0206,-0.0001,-0.09,-0.014,24
1790509486.1,0.0208,-0.0001,-0.09,-0.011,25
1790509486.2,0.0208,-0.0001,-0.09,0.015,28
1790509486.3,0.0205,-0.0001,-0.09,0.006,23
1790509486.4,0.0205,-0.0001,-0.09,0.002,25
1790509486.5,0.0209,-0.0001,-0.08,0.007,26
1790509486.6,0.0209,-0.0001,-0.08,0.005,24
1790509486.7,0.0209,-0.0001,-0.08,0.015,24
1790509486.8,0.0205,-0.0001,-0.08,0.014,25
1790509486.9,0.0205,-0.0001,-0.09,-0.010,24
1790509487.0,0.0209,-0.0001,-0.09,0.008,25
1790509487.1,0.0209,-0.0001,-0.09,-0.040,26
1790509487.2,0.0209,-0.0001,-0.09,0.014,26
1790509487.3,0.0209,-0.0001,-0.09,0.005,24
1790509487.4,0.0211,-0.0001,-0.09,0.015,26
1790509487.5,0.0211,-0.0001,-0.09,-0.016,26
1790509487.6,0.0211,-0.0001,-0.09,-0.004,26
1790509487.7,0.0211,-0.0001,-0.09,0.005,26
1790509487.8,0.0208,-0.0001,-0.09,-0.011,24
1790509487.9,0.0208,-0.0001,-0.09,-0.016,25
1790509488.0,0.0209,-0.0001,-0.09,-0.006,24
1790509488.1,0.0209,-0.0001,-0.09,-0.041,24
1790509488.2,0.0210,-0.0001,-0.10,-0.033,25
1790509488.3,0.0210,-0.0001,-0.10,-0.045,26
1790509488.4,0.0210,-0.0001,-0.10,-0.038,23
1790509488.5,0.0208,-0.0001,-0.11,-0.003,23
1790509488.6,0.0208,-0.0001,-0.10,0.059,26
1790509488.7,0.0212,-0.0001,-0.10,0.013,24
1790509488.8,0.0212,-0.0001,-0.10,0.009,26
1790509488.9,0.0214,-0.0001,-0.10,-0.010,25
1790509489.0,0.0214,-0.0001,-0.10,0.018,24
1790509489.1,0.0208,-0.0001,-0.10,-0.039,27
1790509489.2,0.0208,-0.0001,-0.10,0.024,25
1790509489.3,0.0206,-0.0001,-0.10,-0.019,26
1790509489.4,0.0206,-0.0001,-0.10,-0.015,25
1790509489.5,0.0215,-0.0001,-0.10,0.005,25
1790509489.6,0.0215,-0.0001,-0.10,-0.064,25
1790509489.7,0.0204,-0.0001,-0.10,-0.008,27
1790509489.8,0.0204,-0.0001,-0.10,0.030,24
1790509489.9,0.0211,-0.0001,-0.10,-0.040,26
1790509490.0,0.0211,-0.0001,-0.10,0.007,24
1790509490.1,0.0211,-0.0001,-0.10,0.029,26
1790509490.2,0.0211,-0.0001,-0.10,0.013,26
1790509490.3,0.0210,-0.0001,-0.10,-0.008,26
1790509490.4,0.0210,-0.0001,-0.10,0.004,24
1790509490.5,0.0210,-0.0001,-0.10,-0.014,26
1790509490.6,0.0210,-0.0001,-0.10,-0.030,24
1790509490.7,0.0213,-0.0001,-0.10,0.020,26
1790509490.8,0.0213,-0.0001,-0.10,0.025,24
1790509490.9,0.0213,-0.0001,-0.10,0.003,26
1790509491.0,0.0213,-0.0001,-0.10,0.028,25
1790509491.1,0.0213,-0.0001,-0.10,-0.008,24
1790509491.2,0.0207,-0.0001,-0.10,-0.015,26
1790509491.3,0.0199,-0.0001,-0.10,-0.005,27
1790509491.4,0.0199,-0.0001,-0.10,0.011,24
1790509491.5,0.0199,-0.0001,-0.09,0.035,26
1790509491.6,0.0209,-0.0001,-0.09,0.049,23
1790509491.7,0.0209,-0.0001,-0.09,0.036,24
1790509491.8,0.0209,-0.0001,-0.09,0.017,25
1790509491.9,0.0209,-0.0001,-0.09,-0.005,26
1790509492.0,0.0208,-0.0001,-0.09,0.020,24
1790509492.1,0.0206,-0.0001,-0.09,0.055,22
1790509492.2,0.0206,-0.0001,-0.09,-0.013,26
1790509492.3,0.0206,-0.0001,-0.09,0.025,24
1790509492.4,0.0210,-0.0001,-0.09,-0.031,25
1790509492.5,0.0210,-0.0001,-0.09,0.030,26
1790509492.6,0.0210,-0.0001,-0.08,0.021,25
1790509492.7,0.0210,-0.0001,-0.08,-0.018,27
1790509492.8,0.0208,-0.0001,-0.09,-0.054,22
1790509492.9,0.0208,-0.0001,-0.08,-0.005,26
1790509493.0,0.0209,-0.0001,-0.09,-0.033,24
1790509493.1,0.0209,-0.0001,-0.09,0.042,26
1790509493.2,0.0209,-0.0001,-0.09,-0.028,25
1790509493.3,0.0209,-0.0001,-0.09,-0.019,25
1790509493.4,0.0211,-0.0001,-0.08,0.020,26
1790509493.5,0.0214,-0.0001,-0.09,-0.029,26
1790509493.6,0.0225,-0.0001,-0.09,-0.028,27
1790509493.7,0.0260,-0.0001,-0.10,-0.050,24
1790509493.8,0.0302,-0.0001,-0.11,-0.065,26
1790509493.9,0.0358,-0.0001,-0.11,-0.117,27
1790509494.0,0.0424,-0.0001,-0.11,0.117,23
1790509494.1,0.0513,-0.0001,-0.11,-0.029,26
1790509494.2,0.0579,-0.0001,-0.12,0.045,25
1790509494.3,0.0646,-0.0001,-0.11,0.042,24
1790509494.4,0.0718,-0.0002,-0.10,0.069,26
1790509494.5,0.0800,-0.0002,-0.09,0.053,27
1790509494.6,0.0871,-0.0002,-0.08,0.037,23
1790509494.7,0.0938,-0.0002,-0.08,0.016,24
1790509494.8,0.0983,-0.0002,-0.08,-0.058,27
1790509494.9,0.1053,-0.0002,-0.09,0.003,24
1790509495.0,0.1165,-0.0002,-0.09,-0.046,26
1790509495.1,0.1237,-0.0003,-0.09,0.029,25
1790509495.2,0.1290,-0.0002,-0.08,0.056,24
1790509495.3,0.1324,-0.0003,-0.08,0.117,25
1790509495.4,0.1399,-0.0003,-0.07,0.138,25
1790509495.5,0.1467,-0.0003,-0.05,0.100,26
1790509495.6,0.1546,-0.0003,-0.04,0.068,26
1790509495.7,0.1609,-0.0003,-0.04,-0.020,26
1790509495.8,0.1674,-0.0003,-0.04,-0.018,25
1790509495.9,0.1753,-0.0003,-0.05,-0.108,26
1790509496.0,0.1824,-0.0003,-0.06,0.011,23
1790509496.1,0.1889,-0.0003,-0.06,-0.017,25
1790509496.2,0.1961,-0.0003,-0.06,0.041,25
1790509496.3,0.2041,-0.0003,-0.05,0.074,26
1790509496.4,0.2109,-0.0003,-0.04,0.082,25
1790509496.5,0.2178,-0.0003,-0.04,0.079,26
1790509496.6,0.2247,-0.0003,-0.03,0.062,25
1790509496.7,0.2323,-0.0003,-0.02,0.060,25
1790509496.8,0.2375,-0.0003,-0.01,0.036,25
1790509496.9,0.2451,-0.0003,-0.02,-0.045,25
1790509497.0,0.2521,-0.0003,-0.02,-0.009,25
1790509497.1,0.2588,-0.0003,-0.03,-0.008,27
1790509497.2,0.2656,-0.0003,-0.02,0.010,26
1790509497.3,0.2728,-0.0003,-0.02,0.034,27
1790509497.4,0.2796,-0.0003,-0.01,0.065,26
1790509497.5,0.2833,-0.0004,-0.01,0.034,27
1790509497.6,0.2930,-0.0004,0.00,0.091,24
1790509497.7,0.2977,-0.0004,-0.01,0.009,26
1790509497.8,0.2996,-0.0004,0.01,-0.011,27
1790509497.9,0.2999,-0.0004,-0.00,-0.096,26
1790509498.0,0.2991,-0.0004,-0.00,-0.013,26
1790509498.1,0.2991,-0.0004,-0.01,-0.022,25
1790509498.2,0.2996,-0.0004,-0.01,-0.026,26
1790509498.3,0.2996,-0.0004,-0.01,0.006,23
1790509498.4,0.2989,-0.0004,-0.01,0.012,29
1790509498.5,0.2989,-0.0004,-0.01,-0.007,24
1790509498.6,0.2993,-0.0004,-0.01,-0.053,26
1790509498.7,0.2993,-0.0004,-0.02,-0.020,28
1790509498.8,0.2993,-0.0004,-0.02,-0.055,25
1790509498.9,0.2995,-0.0004,-0.02,-0.012,25
1790509499.0,0.2995,-0.0004,-0.02,-0.013,25
1790509499.1,0.2995,-0.0004,-0.02,-0.014,25
1790509499.2,0.2995,-0.0004,-0.02,-0.023,23
1790509499.3,0.2994,-0.0004,-0.02,-0.012,25
1790509499.4,0.2994,-0.0004,-0.03,-0.010,26
1790509499.5,0.2996,-0.0004,-0.03,-0.031,24
1790509499.6,0.2996,-0.0004,-0.03,0.015,25
1790509499.7,0.2995,-0.0004,-0.03,-0.033,24
1790509499.8,0.2995,-0.0004,-0.03,-0.018,26
1790509499.9,0.2999,-0.0004,-0.03,0.016,25
1790509500.0,0.2998,-0.0004,-0.03,-0.017,25
1790509500.1,0.2995,-0.0004,-0.03,0.001,26
1790509500.2,0.2995,-0.0004,-0.03,-0.020,24
1790509500.3,0.2996,-0.0004,-0.03,-0.042,26
1790509500.4,0.2996,-0.0004,-0.04,-0.029,25
1790509500.5,0.2995,-0.0004,-0.03,-0.004,22
1790509500.6,0.2995,-0.0004,-0.03,0.040,24
1790509500.7,0.2993,-0.0004,-0.03,-0.017,26
1790509500.8,0.2993,-0.0004,-0.03,-0.013,23
1790509500.9,0.2994,-0.0004,-0.03,-0.012,26
1790509501.0,0.2994,-0.0004,-0.04,-0.050,25
1790509501.1,0.2994,-0.0004,-0.04,0.027,24
1790509501.2,0.2994,-0.0004,-0.03,0.034,25
1790509501.3,0.2997,-0.0004,-0.03,0.045,24
1790509501.4,0.2997,-0.0004,-0.03,-0.027,24
1790509501.5,0.2996,-0.0004,-0.03,0.032,26
1790509501.6,0.2996,-0.0004,-0.03,0.043,28
1790509501.7,0.2996,-0.0004,-0.02,0.006,25
1790509501.8,0.2996,-0.0004,-0.02,0.045,26
1790509501.9,0.2996,-0.0004,-0.02,0.007,25
1790509502.0,0.2996,-0.0004,-0.02,0.029,25
1790509502.1,0.2996,-0.0004,-0.02,0.026,26
1790509502.2,0.2996,-0.0004,-0.02,-0.010,25
1790509502.3,0.2996,-0.0004,-0.02,-0.008,26
1790509502.4,0.2996,-0.0004,-0.02,-0.048,26
1790509502.5,0.2996,-0.0004,-0.02,0.048,21
1790509502.6,0.2997,-0.0004,-0.02,-0.016,26
1790509502.7,0.2997,-0.0004,-0.02,0.009,25
1790509502.8,0.2997,-0.0004,-0.02,-0.018,26
1790509502.9,0.2997,-0.0004,-0.02,-0.004,22
1790509503.0,0.2997,-0.0004,-0.02,-0.004,24
1790509503.1,0.2997,-0.0004,-0.02,-0.023,24
1790509503.2,0.2997,-0.0004,-0.03,-0.011,27
1790509503.3,0.2996,-0.0004,-0.02,0.022,25
1790509503.4,0.2996,-0.0004,-0.02,0.024,28
1790509503.5,0.2996,-0.0004,-0.02,0.013,23
1790509503.6,0.2996,-0.0004,-0.02,0.068,26
1790509503.7,0.2996,-0.0004,-0.02,-0.009,26
1790509503.8,0.2996,-0.0004,-0.02,0.007,24
1790509503.9,0.2995,-0.0004,-0.02,-0.072,24
1790509504.0,0.2995,-0.0004,-0.02,0.056,25
1790509504.1,0.2995,-0.0004,-0.02,-0.035,27
1790509504.2,0.2995,-0.0004,-0.02,0.022,24
1790509504.3,0.2995,-0.0004,-0.02,-0.025,24
1790509504.4,0.2994,-0.0004,-0.03,-0.017,23
1790509504.5,0.2994,-0.0004,-0.02,0.051,26
1790509504.6,0.2993,-0.0004,-0.03,-0.028,26
1790509504.7,0.2993,-0.0004,-0.02,0.015,26
1790509504.8,0.2993,-0.0004,-0.03,-0.009,25
1790509504.9,0.2993,-0.0004,-0.03,-0.011,25
1790509505.0,0.2993,-0.0004,-0.03,-0.003,25
1790509505.1,0.2994,-0.0004,-0.03,-0.026,26
1790509505.2,0.2994,-0.0004,-0.03,-0.008,25
1790509505.3,0.2994,-0.0004,-0.03,0.038,25
1790509505.4,0.2994,-0.0004,-0.03,-0.022,25
1790509505.5,0.2998,-0.0004,-0.03,-0.002,26
1790509505.6,0.2998,-0.0004,-0.03,-0.022,24
1790509505.7,0.2998,-0.0004,-0.03,0.003,26
1790509505.8,0.2998,-0.0004,-0.03,0.028,26
1790509505.9,0.2998,-0.0004,-0.03,-0.036,24
1790509506.0,0.2998,-0.0004,-0.03,0.016,24
1790509506.1,0.2998,-0.0004,-0.03,0.001,26
1790509506.2,0.2998,-0.0004,-0.03,-0.032,26
1790509506.3,0.2998,-0.0004,-0.03,-0.005,25
1790509506.4,0.2999,-0.0004,-0.03,0.008,26
1790509506.5,0.2999,-0.0004,-0.03,-0.009,25
1790509506.6,0.2999,-0.0004,-0.04,-0.032,25
1790509506.7,0.2999,-0.0004,-0.04,0.021,23
1790509506.8,0.2998,-0.0004,-0.04,-0.011,26
1790509506.9,0.2998,-0.0004,-0.04,-0.005,26
1790509507.0,0.2996,-0.0004,-0.04,0.036,24
1790509507.1,0.2996,-0.0004,-0.03,0.033,25
1790509507.2,0.2996,-0.0004,-0.03,0.008,19
1790509507.3,0.3001,-0.0004,-0.03,0.010,26
1790509507.4,0.3001,-0.0004,-0.03,-0.011,26
1790509507.5,0.2999,-0.0004,-0.03,-0.013,28
1790509507.6,0.2999,-0.0004,-0.03,-0.009,25
1790509507.7,0.2999,-0.0004,-0.04,-0.013,23
1790509507.8,0.2999,-0.0004,-0.04,-0.044,24
1790509507.9,0.2999,-0.0004,-0.04,-0.028,26
1790509508.0,0.2997,-0.0004,-0.04,-0.034,24
1790509508.1,0.2997,-0.0004,-0.04,0.020,24
1790509508.2,0.2997,-0.0004,-0.04,0.055,24
1790509508.3,0.2996,-0.0004,-0.04,-0.007,27
1790509508.4,0.3003,-0.0004,-0.04,-0.053,26
1790509508.5,0.3003,-0.0004,-0.04,0.015,25
1790509508.6,0.3000,-0.0004,-0.04,-0.012,25
1790509508.7,0.3000,-0.0004,-0.04,0.002,24
1790509508.8,0.3000,-0.0004,-0.04,-0.007,26
1790509508.9,0.3003,-0.0004,-0.04,-0.030,26
1790509509.0,0.3003,-0.0004,-0.05,-0.024,27
1790509509.1,0.2994,-0.0004,-0.05,-0.070,26
1790509509.2,0.2994,-0.0004,-0.05,0.000,25
1790509509.3,0.2998,-0.0004,-0.06,-0.046,25
1790509509.4,0.2998,-0.0004,-0.05,0.048,25
1790509509.5,0.2999,-0.0004,-0.05,0.015,25
1790509509.6,0.2999,-0.0004,-0.05,0.013,26
1790509509.7,0.2997,-0.0004,-0.05,-0.012,25
1790509509.8,0.2997,-0.0004,-0.06,-0.024,27
1790509509.9,0.2997,-0.0004,-0.06,-0.004,24
1790509510.0,0.2999,-0.0004,-0.06,-0.044,26
1790509510.1,0.2999,-0.0004,-0.06,-0.028,27
1790509510.2,0.2998,-0.0004,-0.06,-0.001,28
1790509510.3,0.2998,-0.0004,-0.06,0.028,26
1790509510.4,0.2998,-0.0004,-0.06,0.005,25
1790509510.5,0.2998,-0.0004,-0.06,-0.019,26
1790509510.6,0.2998,-0.0004,-0.06,0.000,27
1790509510.7,0.2998,-0.0004,-0.06,-0.017,25
1790509510.8,0.2998,-0.0004,-0.06,-0.037,25
1790509510.9,0.2998,-0.0004,-0.06,-0.021,27
1790509511.0,0.2998,-0.0004,-0.06,0.014,24
1790509511.1,0.2998,-0.0004,-0.06,-0.013,25
1790509511.2,0.2997,-0.0004,-0.06,-0.018,26
1790509511.3,0.2997,-0.0004,-0.07,-0.026,25
1790509511.4,0.2999,-0.0004,-0.06,0.026,24
1790509511.5,0.2999,-0.0004,-0.06,0.056,26
1790509511.6,0.3001,-0.0004,-0.06,0.010,24
1790509511.7,0.3001,-0.0004,-0.05,0.024,22
1790509511.8,0.2999,-0.0004,-0.06,-0.029,24
1790509511.9,0.2999,-0.0004,-0.05,0.021,26
1790509512.0,0.2999,-0.0004,-0.06,-0.026,26
1790509512.1,0.2999,-0.0004,-0.06,0.022,23
1790509512.2,0.2999,-0.0004,-0.06,-0.053,27
1790509512.3,0.3000,-0.0004,-0.06,-0.019,25
1790509512.4,0.3000,-0.0004,-0.06,0.020,26
1790509512.5,0.3000,-0.0004,-0.06,0.020,24
1790509512.6,0.3000,-0.0004,-0.06,0.052,25
1790509512.7,0.3000,-0.0004,-0.06,0.001,24
1790509512.8,0.3000,-0.0004,-0.06,-0.004,26
1790509512.9,0.3000,-0.0004,-0.05,0.053,25
1790509513.0,0.3000,-0.0004,-0.06,-0.018,27
1790509513.1,0.3001,-0.0004,-0.06,0.018,25
1790509513.2,0.3001,-0.0004,-0.06,-0.004,25
1790509513.3,0.3001,-0.0004,-0.06,0.015,24
1790509513.4,0.3001,-0.0004,-0.06,0.025,25
1790509513.5,0.3001,-0.0004,-0.06,-0.036,25
1790509513.6,0.3001,-0.0004,-0.06,-0.001,27
1790509513.7,0.3001,-0.0004,-0.06,-0.009,23
1790509513.8,0.3001,-0.0004,-0.06,-0.011,26
1790509513.9,0.3001,-0.0004,-0.06,0.017,24
1790509514.0,0.3001,-0.0004,-0.06,0.009,26
1790509514.1,0.3000,-0.0004,-0.07,-0.037,25
1790509514.2,0.3000,-0.0004,-0.07,-0.013,23
1790509514.3,0.3000,-0.0004,-0.07,-0.036,26
1790509514.4,0.3000,-0.0004,-0.07,0.023,26
1790509514.5,0.3000,-0.0004,-0.07,-0.039,22
1790509514.6,0.3002,-0.0004,-0.07,0.017,24
1790509514.7,0.3002,-0.0004,-0.07,-0.000,24
1790509514.8,0.3002,-0.0004,-0.07,-0.000,27
1790509514.9,0.3002,-0.0004,-0.07,-0.022,25
1790509515.0,0.3001,-0.0004,-0.08,-0.020,26
1790509515.1,0.3001,-0.0004,-0.07,-0.003,28
1790509515.2,0.3001,-0.0004,-0.08,-0.041,26
1790509515.3,0.3002,-0.0004,-0.08,-0.013,23
1790509515.4,0.3002,-0.0004,-0.07,-0.030,24
1790509515.5,0.3002,-0.0004,-0.08,-0.005,26
1790509515.6,0.3002,-0.0004,-0.08,-0.020,24
1790509515.7,0.3002,-0.0004,-0.08,-0.003,24
1790509515.8,0.3001,-0.0004,-0.08,0.052,24
1790509515.9,0.3001,-0.0004,-0.08,-0.026,27
1790509516.0,0.3001,-0.0004,-0.08,-0.032,23
1790509516.1,0.3001,-0.0004,-0.08,0.023,28
1790509516.2,0.3001,-0.0004,-0.08,0.020,26
1790509516.3,0.3001,-0.0004,-0.08,-0.003,26
1790509516.4,0.3001,-0.0004,-0.07,0.015,24
1790509516.5,0.3001,-0.0004,-0.07,-0.020,25
1790509516.6,0.3001,-0.0004,-0.07,-0.006,25
1790509516.7,0.3001,-0.0004,-0.07,-0.050,25
1790509516.8,0.2999,-0.0004,-0.08,-0.022,25
1790509516.9,0.3008,-0.0004,-0.07,-0.021,24
1790509517.0,0.3008,-0.0004,-0.07,-0.008,25
1790509517.1,0.3004,-0.0004,-0.07,-0.002,24
1790509517.2,0.3004,-0.0004,-0.07,0.012,26
1790509517.3,0.3004,-0.0004,-0.07,-0.028,25
1790509517.4,0.3004,-0.0004,-0.07,0.009,26
1790509517.5,0.3003,-0.0004,-0.07,0.015,24
1790509517.6,0.3003,-0.0004,-0.07,-0.023,24
1790509517.7,0.3007,-0.0004,-0.07,0.003,27
1790509517.8,0.3007,-0.0004,-0.07,0.023,25
1790509517.9,0.2989,-0.0003,-0.07,-0.024,25
1790509518.0,0.2989,-0.0003,-0.07,0.010,24
1790509518.1,0.2995,-0.0003,-0.07,0.035,25
1790509518.2,0.2995,-0.0003,-0.07,-0.032,25
1790509518.3,0.2995,-0.0003,-0.07,-0.027,27
1790509518.4,0.2995,-0.0003,-0.07,-0.010,23
1790509518.5,0.2995,-0.0003,-0.07,0.015,27
1790509518.6,0.2996,-0.0003,-0.07,0.047,27
1790509518.7,0.2996,-0.0003,-0.07,-0.003,25
1790509518.8,0.2996,-0.0003,-0.07,-0.038,23
1790509518.9,0.2995,-0.0003,-0.07,0.002,25
1790509519.0,0.2995,-0.0003,-0.07,-0.017,25
1790509519.1,0.2995,-0.0003,-0.07,0.022,25
1790509519.2,0.2995,-0.0003,-0.07,0.035,23
1790509519.3,0.2995,-0.0003,-0.07,0.053,27
1790509519.4,0.2995,-0.0003,-0.06,-0.030,26
1790509519.5,0.2996,-0.0003,-0.06,-0.002,26
1790509519.6,0.2996,-0.0003,-0.06,0.044,24
1790509519.7,0.2996,-0.0003,-0.06,0.003,23
1790509519.8,0.2995,-0.0003,-0.06,-0.045,27
1790509519.9,0.2995,-0.0003,-0.06,0.004,25
1790509520.0,0.2991,-0.0003,-0.06,-0.036,27
1790509520.1,0.2991,-0.0003,-0.06,0.019,24
1790509520.2,0.2991,-0.0003,-0.07,-0.038,23
1790509520.3,0.2991,-0.0003,-0.07,-0.037,26
1790509520.4,0.2991,-0.0003,-0.07,0.033,25
1790509520.5,0.2991,-0.0003,-0.07,-0.010,26
1790509520.6,0.2992,-0.0003,-0.07,-0.040,25
1790509520.7,0.2992,-0.0003,-0.07,0.028,26
1790509520.8,0.2990,-0.0003,-0.07,0.010,25
1790509520.9,0.2990,-0.0003,-0.06,0.032,24
1790509521.0,0.2990,-0.0003,-0.06,0.003,26
1790509521.1,0.2991,-0.0003,-0.06,-0.052,25
1790509521.2,0.2991,-0.0003,-0.07,-0.020,24
1790509521.3,0.2993,-0.0003,-0.07,0.019,26
1790509521.4,0.2993,-0.0003,-0.07,-0.001,27
1790509521.5,0.2992,-0.0003,-0.06,-0.008,25
1790509521.6,0.2992,-0.0003,-0.06,0.017,24
1790509521.7,0.2992,-0.0003,-0.06,0.006,25
1790509521.8,0.2992,-0.0003,-0.06,0.004,25
1790509521.9,0.2992,-0.0003,-0.06,-0.006,25
1790509522.0,0.2992,-0.0003,-0.07,-0.024,25
1790509522.1,0.2992,-0.0003,-0.07,0.008,24
1790509522.2,0.2992,-0.0003,-0.07,-0.005,23
1790509522.3,0.2993,-0.0003,-0.06,0.018,24
1790509522.4,0.2993,-0.0003,-0.07,-0.014,24
1790509522.5,0.2993,-0.0003,-0.07,-0.012,23
1790509522.6,0.2993,-0.0003,-0.07,0.000,26
1790509522.7,0.2993,-0.0003,-0.07,0.009,24
1790509522.8,0.2993,-0.0003,-0.06,0.017,22
1790509522.9,0.2993,-0.0003,-0.06,-0.009,25
1790509523.0,0.2993,-0.0003,-0.06,0.010,26
1790509523.1,0.2995,-0.0003,-0.06,0.004,23
1790509523.2,0.2995,-0.0003,-0.06,-0.031,27
1790509523.3,0.2995,-0.0003,-0.07,-0.051,24
1790509523.4,0.2996,-0.0003,-0.07,0.011,25
1790509523.5,0.2996,-0.0003,-0.07,0.009,26
1790509523.6,0.2995,-0.0003,-0.06,0.019,27
1790509523.7,0.2995,-0.0003,-0.06,0.059,26
1790509523.8,0.2995,-0.0003,-0.06,-0.006,25
1790509523.9,0.2994,-0.0003,-0.06,-0.010,23
1790509524.0,0.2994,-0.0003,-0.05,0.027,26
1790509524.1,0.2995,-0.0003,-0.05,0.039,26
1790509524.2,0.2995,-0.0003,-0.05,-0.028,26
1790509524.3,0.2994,-0.0003,-0.05,-0.004,24
1790509524.4,0.2994,-0.0003,-0.05,0.019,25
1790509524.5,0.2994,-0.0003,-0.05,0.045,26
1790509524.6,0.2995,-0.0003,-0.05,-0.053,27
1790509524.7,0.2995,-0.0003,-0.05,-0.034,25
1790509524.8,0.2995,-0.0003,-0.05,0.027,25
1790509524.9,0.2995,-0.0003,-0.05,-0.024,26
1790509525.0,0.2993,-0.0003,-0.05,0.010,24
1790509525.1,0.2993,-0.0003,-0.04,-0.016,25
1790509525.2,0.2994,-0.0003,-0.04,0.006,26
1790509525.3,0.2994,-0.0003,-0.05,-0.019,26
1790509525.4,0.2994,-0.0003,-0.04,0.002,25
1790509525.5,0.2996,-0.0003,-0.04,0.010,25
1790509525.6,0.2996,-0.0003,-0.04,0.019,25
1790509525.7,0.2995,-0.0003,-0.04,-0.036,27
1790509525.8,0.2995,-0.0003,-0.04,0.028,25
1790509525.9,0.2998,-0.0003,-0.04,-0.025,25
1790509526.0,0.2998,-0.0003,-0.04,-0.008,27
1790509526.1,0.2995,-0.0003,-0.04,-0.030,24
1790509526.2,0.2995,-0.0003,-0.04,0.050,24
1790509526.3,0.2993,-0.0003,-0.04,-0.024,26
1790509526.4,0.2993,-0.0003,-0.04,0.006,24
1790509526.5,0.2995,-0.0003,-0.04,-0.052,27
1790509526.6,0.2995,-0.0003,-0.04,0.010,27
1790509526.7,0.2996,-0.0003,-0.04,-0.009,25
1790509526.8,0.2996,-0.0003,-0.04,0.032,24
1790509526.9,0.2996,-0.0003,-0.04,0.037,26
1790509527.0,0.2995,-0.0003,-0.04,0.040,26
1790509527.1,0.2995,-0.0003,-0.04,-0.023,24
1790509527.2,0.2995,-0.0003,-0.04,0.006,25
1790509527.3,0.2995,-0.0003,-0.04,0.028,28
1790509527.4,0.2995,-0.0003,-0.04,-0.003,24
1790509527.5,0.2998,-0.0003,-0.04,0.000,24
1790509527.6,0.2980,-0.0004,-0.04,-0.033,24
1790509527.7,0.2980,-0.0004,-0.03,0.027,26
1790509527.8,0.2980,-0.0004,-0.03,-0.016,24
1790509527.9,0.2980,-0.0004,-0.03,0.043,24
1790509528.0,0.2980,-0.0004,-0.03,-0.007,27
1790509528.1,0.2981,-0.0004,-0.03,0.002,23
1790509528.2,0.2981,-0.0004,-0.03,-0.012,25
1790509528.3,0.2976,-0.0004,-0.03,0.038,26
1790509528.4,0.2976,-0.0004,-0.03,0.019,25
1790509528.5,0.2987,-0.0003,-0.02,0.005,26
1790509528.6,0.2987,-0.0003,-0.02,-0.019,25
1790509528.7,0.2987,-0.0003,-0.02,0.006,25
1790509528.8,0.2988,-0.0003,-0.03,-0.009,25
1790509528.9,0.2988,-0.0003,-0.03,0.022,26
1790509529.0,0.2990,-0.0003,-0.02,0.011,26
1790509529.1,0.2990,-0.0003,-0.02,0.013,26
1790509529.2,0.2990,-0.0003,-0.02,-0.020,26
1790509529.3,0.2990,-0.0003,-0.03,-0.017,25
1790509529.4,0.2990,-0.0003,-0.03,-0.016,24
1790509529.5,0.2991,-0.0003,-0.03,0.004,25
1790509529.6,0.2991,-0.0003,-0.03,0.013,24
1790509529.7,0.2991,-0.0003,-0.02,0.029,26
1790509529.8,0.2988,-0.0003,-0.03,0.014,24
1790509529.9,0.2988,-0.0003,-0.03,-0.013,23
1790509530.0,0.2992,-0.0003,-0.03,0.025,25
1790509530.1,0.2992,-0.0003,-0.03,-0.033,25
1790509530.2,0.2992,-0.0003,-0.02,0.028,24
1790509530.3,0.2991,-0.0003,-0.03,0.003,25
1790509530.4,0.2991,-0.0003,-0.03,0.021,24
1790509530.5,0.2991,-0.0003,-0.02,-0.008,25
1790509530.6,0.2991,-0.0003,-0.03,-0.007,27
1790509530.7,0.2991,-0.0003,-0.03,-0.020,27
1790509530.8,0.2991,-0.0003,-0.03,-0.003,25
1790509530.9,0.2991,-0.0003,-0.03,0.013,24
1790509531.0,0.2996,-0.0003,-0.03,-0.014,27
1790509531.1,0.2996,-0.0003,-0.02,0.031,25
1790509531.2,0.2988,-0.0003,-0.02,0.010,24
1790509531.3,0.2988,-0.0003,-0.02,0.037,24
1790509531.4,0.2988,-0.0003,-0.02,0.006,25
1790509531.5,0.2988,-0.0003,-0.01,-0.003,24
1790509531.6,0.2988,-0.0003,-0.02,-0.025,26
1790509531.7,0.2989,-0.0003,-0.02,-0.015,26
1790509531.8,0.2989,-0.0003,-0.02,0.005,25
1790509531.9,0.2990,-0.0003,-0.02,0.009,27
1790509532.0,0.2990,-0.0003,-0.02,-0.029,26
1790509532.1,0.2986,-0.0003,-0.02,0.012,26
1790509532.2,0.2986,-0.0003,-0.02,-0.001,25
1790509532.3,0.2986,-0.0003,-0.02,-0.062,24
1790509532.4,0.2986,-0.0003,-0.03,-0.010,24
1790509532.5,0.2986,-0.0003,-0.02,0.021,24
1790509532.6,0.2990,-0.0003,-0.02,-0.007,27
1790509532.7,0.2990,-0.0003,-0.02,0.042,25
1790509532.8,0.2991,-0.0003,-0.02,0.003,25
1790509532.9,0.2991,-0.0003,-0.02,0.021,25
1790509533.0,0.2991,-0.0003,-0.02,0.051,26
1790509533.1,0.2990,-0.0003,-0.02,0.007,24
1790509533.2,0.2989,-0.0003,-0.02,0.002,25
1790509533.3,0.2989,-0.0003,-0.02,0.013,24
1790509533.4,0.2989,-0.0003,-0.02,0.045,26
1790509533.5,0.2988,-0.0003,-0.01,0.025,25
1790509533.6,0.2988,-0.0003,-0.01,0.015,26
1790509533.7,0.2990,-0.0003,-0.01,-0.005,25
1790509533.8,0.2990,-0.0003,-0.01,-0.025,28
1790509533.9,0.2990,-0.0003,-0.02,0.023,26
1790509534.0,0.2990,-0.0003,-0.01,0.008,25
1790509534.1,0.2990,-0.0003,-0.01,-0.005,27
1790509534.2,0.2990,-0.0003,-0.01,0.062,22
1790509534.3,0.2990,-0.0003,-0.01,0.005,25
1790509534.4,0.2990,-0.0003,-0.01,-0.010,27
1790509534.5,0.2988,-0.0003,-0.01,-0.038,26
1790509534.6,0.2988,-0.0003,-0.01,-0.034,24
1790509534.7,0.2988,-0.0003,-0.01,0.005,25
1790509534.8,0.2988,-0.0003,-0.01,0.019,23
1790509534.9,0.2988,-0.0003,-0.01,0.013,27
1790509535.0,0.2988,-0.0003,-0.01,0.002,25
1790509535.1,0.2988,-0.0003,-0.00,0.014,27
1790509535.2,0.2989,-0.0003,-0.00,0.016,25
1790509535.3,0.2989,-0.0003,-0.01,-0.043,24
1790509535.4,0.2992,-0.0003,-0.01,0.003,27
1790509535.5,0.2992,-0.0003,-0.00,-0.002,26
1790509535.6,0.2982,-0.0003,-0.01,0.014,26
1790509535.7,0.2982,-0.0003,-0.01,-0.029,24
1790509535.8,0.2996,-0.0003,-0.01,-0.014,23
1790509535.9,0.2996,-0.0003,-0.01,-0.005,25
1790509536.0,0.2996,-0.0003,-0.01,0.016,24
1790509536.1,0.2992,-0.0003,-0.01,-0.021,26
1790509536.2,0.2992,-0.0003,-0.01,-0.031,26
1790509536.3,0.2991,-0.0003,-0.01,0.008,26
1790509536.4,0.2991,-0.0003,-0.01,0.008,24
1790509536.5,0.2994,-0.0003,-0.01,-0.023,26
1790509536.6,0.2994,-0.0003,-0.01,0.010,27
1790509536.7,0.2993,-0.0003,-0.01,0.025,26
1790509536.8,0.2993,-0.0003,-0.01,-0.033,23
1790509536.9,0.2990,-0.0003,-0.02,-0.032,25
1790509537.0,0.2990,-0.0003,-0.01,0.009,26
1790509537.1,0.2990,-0.0003,-0.01,0.027,24
1790509537.2,0.2990,-0.0003,-0.01,0.002,27
1790509537.3,0.2990,-0.0003,-0.01,0.033,24
1790509537.4,0.2995,-0.0003,-0.01,-0.024,25
1790509537.5,0.2995,-0.0003,-0.02,-0.011,24
1790509537.6,0.2995,-0.0003,-0.01,-0.013,23
1790509537.7,0.2995,-0.0003,-0.01,0.036,25
1790509537.8,0.2995,-0.0003,-0.01,0.037,27
1790509537.9,0.2995,-0.0003,-0.01,0.048,26
1790509538.0,0.2992,-0.0003,-0.01,-0.000,26
1790509538.1,0.2992,-0.0003,-0.01,0.030,26
1790509538.2,0.2992,-0.0003,-0.00,0.040,25
1790509538.3,0.2992,-0.0003,-0.01,-0.008,25
1790509538.4,0.2994,-0.0003,-0.01,-0.025,26
1790509538.5,0.2994,-0.0003,-0.01,-0.020,25
1790509538.6,0.2994,-0.0003,-0.01,0.016,24
1790509538.7,0.2990,-0.0003,-0.00,0.050,27
1790509538.8,0.2990,-0.0003,-0.00,0.028,25
1790509538.9,0.2995,-0.0003,0.00,-0.008,24
1790509539.0,0.2995,-0.0003,0.00,-0.011,26
1790509539.1,0.2985,-0.0003,-0.00,0.015,23
1790509539.2,0.2985,-0.0003,-0.00,-0.012,25
1790509539.3,0.2985,-0.0003,-0.00,-0.035,24
1790509539.4,0.2987,-0.0003,-0.00,0.001,26
1790509539.5,0.2987,-0.0003,-0.00,0.000,27
1790509539.6,0.2987,-0.0003,-0.00,-0.009,24
1790509539.7,0.2987,-0.0003,-0.00,-0.045,22
1790509539.8,0.2987,-0.0003,-0.00,-0.002,27
1790509539.9,0.2985,-0.0003,-0.01,-0.040,25
1790509540.0,0.2985,-0.0003,-0.01,0.014,25
1790509540.1,0.2987,-0.0003,-0.00,-0.005,26
1790509540.2,0.2987,-0.0003,-0.00,0.035,25
1790509540.3,0.2987,-0.0003,-0.00,-0.077,27
1790509540.4,0.2986,-0.0003,-0.00,0.008,24
1790509540.5,0.2986,-0.0003,-0.01,-0.027,27
1790509540.6,0.2988,-0.0003,-0.01,-0.002,25
1790509540.7,0.2988,-0.0003,-0.01,-0.004,23
1790509540.8,0.2985,-0.0003,-0.01,-0.015,27
1790509540.9,0.2985,-0.0003,-0.01,-0.011,24
1790509541.0,0.2985,-0.0003,-0.01,0.005,25
1790509541.1,0.2984,-0.0003,-0.01,-0.003,27
1790509541.2,0.2984,-0.0003,-0.01,0.014,26
1790509541.3,0.2984,-0.0003,-0.01,0.013,28
1790509541.4,0.2986,-0.0003,-0.00,0.034,25
1790509541.5,0.2986,-0.0003,-0.00,-0.011,23
1790509541.6,0.2988,-0.0003,-0.00,-0.015,27
1790509541.7,0.2988,-0.0003,-0.01,-0.024,23
1790509541.8,0.2985,-0.0003,-0.01,0.023,24
1790509541.9,0.2985,-0.0003,-0.01,-0.012,25
1790509542.0,0.2985,-0.0003,-0.01,0.010,25
1790509542.1,0.2985,-0.0003,-0.01,-0.026,27
1790509542.2,0.2985,-0.0003,-0.01,0.019,25
1790509542.3,0.2985,-0.0003,-0.01,0.052,24
1790509542.4,0.2985,-0.0003,-0.00,0.025,27
1790509542.5,0.2985,-0.0003,-0.00,-0.006,25
1790509542.6,0.2986,-0.0003,-0.00,-0.053,25
1790509542.7,0.2986,-0.0003,-0.00,-0.009,27
1790509542.8,0.2987,-0.0003,-0.01,-0.057,26
1790509542.9,0.2987,-0.0003,-0.00,0.034,26
1790509543.0,0.2987,-0.0003,-0.00,0.046,25
1790509543.1,0.2985,-0.0003,0.00,-0.001,26
1790509543.2,0.2985,-0.0003,-0.00,0.009,25
1790509543.3,0.2992,-0.0003,-0.00,-0.038,26
1790509543.4,0.2992,-0.0003,0.00,0.011,24
1790509543.5,0.2992,-0.0003,0.00,0.026,25
1790509543.6,0.2992,-0.0003,0.00,0.034,26
1790509543.7,0.2992,-0.0003,0.00,-0.003,25
1790509543.8,0.2991,-0.0003,0.00,-0.003,23
1790509543.9,0.2991,-0.0003,0.00,0.015,24
1790509544.0,0.2989,-0.0003,0.00,-0.020,25
1790509544.1,0.2989,-0.0003,-0.00,-0.033,25
1790509544.2,0.2990,-0.0003,0.00,-0.008,27
1790509544.3,0.2990,-0.0003,0.00,0.015,26
1790509544.4,0.2990,-0.0003,0.00,0.019,21
1790509544.5,0.2990,-0.0003,0.00,-0.005,25
1790509544.6,0.2990,-0.0003,0.00,0.014,26
1790509544.7,0.2990,-0.0003,0.00,-0.019,26
1790509544.8,0.2990,-0.0003,0.00,0.007,22
1790509544.9,0.2988,-0.0003,0.00,-0.026,25
1790509545.0,0.2988,-0.0003,0.01,0.050,25
1790509545.1,0.2990,-0.0003,0.01,-0.033,23
1790509545.2,0.2990,-0.0003,0.01,-0.004,26
1790509545.3,0.2990,-0.0003,0.01,0.013,25
1790509545.4,0.2989,-0.0003,0.01,0.017,24
1790509545.5,0.2989,-0.0003,0.01,-0.014,25
1790509545.6,0.2990,-0.0003,0.02,0.015,27
1790509545.7,0.2990,-0.0003,0.02,0.010,24
1790509545.8,0.2990,-0.0003,0.02,-0.031,25
1790509545.9,0.2990,-0.0003,0.02,0.000,25
1790509546.0,0.2991,-0.0003,0.01,-0.046,25
1790509546.1,0.2991,-0.0003,0.01,0.005,27
1790509546.2,0.2989,-0.0003,0.01,0.008,26
1790509546.3,0.2989,-0.0003,0.01,0.009,26
1790509546.4,0.2990,-0.0003,0.01,-0.010,25
1790509546.5,0.2990,-0.0003,0.01,-0.011,27
1790509546.6,0.2988,-0.0003,0.01,-0.033,24
1790509546.7,0.2988,-0.0003,0.01,0.031,24
1790509546.8,0.2992,-0.0003,0.01,-0.001,25
1790509546.9,0.2992,-0.0003,0.01,-0.007,22
1790509547.0,0.2991,-0.0003,0.01,-0.042,24
1790509547.1,0.2991,-0.0003,0.01,0.009,26
1790509547.2,0.2989,-0.0003,0.01,-0.004,26
1790509547.3,0.2989,-0.0003,0.01,-0.045,24
1790509547.4,0.2989,-0.0003,0.00,-0.043,27
1790509547.5,0.2992,-0.0003,0.00,-0.019,25
1790509547.6,0.2992,-0.0003,0.01,0.028,25
1790509547.7,0.2991,-0.0003,0.01,0.048,27
1790509547.8,0.2991,-0.0003,0.00,-0.027,26
1790509547.9,0.2991,-0.0003,0.00,-0.037,25
1790509548.0,0.2991,-0.0003,0.00,0.006,25
1790509548.1,0.2991,-0.0003,0.00,0.031,25
1790509548.2,0.2991,-0.0003,0.01,0.035,26
1790509548.3,0.2991,-0.0003,0.01,-0.005,25
1790509548.4,0.2992,-0.0003,0.01,0.032,26
1790509548.5,0.2992,-0.0003,0.01,-0.007,23
1790509548.6,0.2992,-0.0003,0.01,0.002,24
1790509548.7,0.2992,-0.0003,0.01,0.029,24
1790509548.8,0.2992,-0.0003,0.01,-0.019,26
1790509548.9,0.2992,-0.0003,0.01,-0.022,26
1790509549.0,0.2993,-0.0003,0.01,0.003,25
1790509549.1,0.2993,-0.0003,0.01,0.032,25
1790509549.2,0.2993,-0.0003,0.01,0.013,23
1790509549.3,0.2993,-0.0003,0.01,-0.042,29
1790509549.4,0.2993,-0.0003,0.01,-0.012,26
1790509549.5,0.2994,-0.0003,0.01,0.006,24
1790509549.6,0.2994,-0.0003,0.01,0.030,28
1790509549.7,0.2994,-0.0003,0.01,0.022,25
1790509549.8,0.2993,-0.0003,0.02,0.044,25
1790509549.9,0.2993,-0.0003,0.02,0.033,25
1790509550.0,0.2991,-0.0003,0.02,0.031,27
1790509550.1,0.2991,-0.0003,0.02,-0.031,25
1790509550.2,0.2991,-0.0003,0.02,-0.037,25
1790509550.3,0.2998,-0.0003,0.02,-0.045,23
1790509550.4,0.2998,-0.0003,0.02,0.016,26
1790509550.5,0.2997,-0.0003,0.02,0.001,24
1790509550.6,0.2997,-0.0003,0.02,-0.039,25
1790509550.7,0.2997,-0.0003,0.01,-0.050,24
1790509550.8,0.3000,-0.0003,0.01,-0.043,24
1790509550.9,0.3000,-0.0003,0.01,-0.012,28
1790509551.0,0.2998,-0.0003,0.01,-0.009,24
1790509551.1,0.2998,-0.0003,0.01,0.018,25
1790509551.2,0.2998,-0.0003,0.02,0.055,25
1790509551.3,0.3000,-0.0003,0.02,-0.014,27
1790509551.4,0.3000,-0.0003,0.02,0.003,25
1790509551.5,0.3000,-0.0003,0.02,-0.005,26
1790509551.6,0.2999,-0.0003,0.02,0.008,27
1790509551.7,0.2999,-0.0003,0.02,-0.016,26
1790509551.8,0.2999,-0.0003,0.01,0.007,26
1790509551.9,0.2999,-0.0003,0.01,-0.005,24
1790509552.0,0.3000,-0.0003,0.01,0.016,25
1790509552.1,0.3000,-0.0003,0.01,0.001,27
1790509552.2,0.3000,-0.0003,0.01,-0.006,26
1790509552.3,0.2997,-0.0003,0.01,-0.034,26
1790509552.4,0.2997,-0.0003,0.01,0.003,26
1790509552.5,0.2997,-0.0003,0.01,-0.031,25
1790509552.6,0.2996,-0.0003,0.01,0.006,26
1790509552.7,0.2996,-0.0003,0.01,0.016,26
1790509552.8,0.2996,-0.0003,0.01,-0.019,24
1790509552.9,0.3001,-0.0003,0.01,0.020,25
1790509553.0,0.3001,-0.0003,0.01,-0.023,26
1790509553.1,0.3002,-0.0003,0.01,0.003,24
1790509553.2,0.3002,-0.0003,0.01,0.012,25
1790509553.3,0.3001,-0.0003,0.01,-0.018,26
1790509553.4,0.3001,-0.0003,0.01,0.033,23
1790509553.5,0.3001,-0.0003,0.01,0.006,25
1790509553.6,0.3002,-0.0003,0.01,0.011,26
1790509553.7,0.3003,-0.0003,0.01,0.006,26
1790509553.8,0.3003,-0.0003,0.01,-0.037,27
1790509553.9,0.3003,-0.0003,0.01,-0.019,26
1790509554.0,0.3003,-0.0003,0.01,0.039,25
1790509554.1,0.3003,-0.0003,0.01,0.028,22
1790509554.2,0.3005,-0.0003,0.01,0.047,25
1790509554.3,0.3005,-0.0003,0.02,0.026,23
1790509554.4,0.3003,-0.0003,0.02,-0.007,26
1790509554.5,0.3003,-0.0003,0.01,-0.005,27
1790509554.6,0.2999,-0.0003,0.02,0.021,24
1790509554.7,0.2999,-0.0003,0.02,0.015,25
1790509554.8,0.3003,-0.0003,0.02,-0.009,23
1790509554.9,0.3003,-0.0003,0.02,0.035,24
1790509555.0,0.3005,-0.0003,0.02,-0.026,26
1790509555.1,0.3005,-0.0003,0.03,0.021,25
1790509555.2,0.3005,-0.0003,0.02,-0.014,24
1790509555.3,0.3004,-0.0003,0.02,-0.046,27
1790509555.4,0.3004,-0.0003,0.02,0.025,24
1790509555.5,0.3003,-0.0003,0.02,-0.010,26
1790509555.6,0.3003,-0.0003,0.02,0.032,21
1790509555.7,0.3003,-0.0003,0.02,-0.011,23
1790509555.8,0.3003,-0.0003,0.02,0.005,27
1790509555.9,0.3003,-0.0003,0.02,0.001,24
1790509556.0,0.3004,-0.0003,0.02,-0.012,26
1790509556.1,0.3004,-0.0003,0.02,0.028,25
1790509556.2,0.3003,-0.0003,0.02,0.000,22
1790509556.3,0.3003,-0.0003,0.02,-0.000,25
1790509556.4,0.3003,-0.0003,0.02,-0.007,25
1790509556.5,0.3001,-0.0003,0.02,-0.020,26
1790509556.6,0.3001,-0.0003,0.02,-0.037,25
1790509556.7,0.3001,-0.0003,0.02,0.001,25
1790509556.8,0.3001,-0.0003,0.02,-0.009,25
1790509556.9,0.3006,-0.0003,0.02,-0.029,25
1790509557.0,0.3006,-0.0003,0.02,-0.018,26
1790509557.1,0.3006,-0.0003,0.02,-0.017,24
1790509557.2,0.3005,-0.0003,0.02,-0.023,24
1790509557.3,0.3005,-0.0003,0.01,-0.021,25
1790509557.4,0.3002,-0.0003,0.01,0.033,28
1790509557.5,0.3002,-0.0003,0.01,0.028,23
1790509557.6,0.3002,-0.0003,0.01,-0.038,22
1790509557.7,0.3004,-0.0003,0.01,0.008,23
1790509557.8,0.3004,-0.0003,0.01,0.019,25
1790509557.9,0.3001,-0.0003,0.01,-0.014,27
1790509558.0,0.3001,-0.0003,0.01,-0.034,25
1790509558.1,0.3003,-0.0003,0.01,0.011,25
1790509558.2,0.3003,-0.0003,0.01,0.003,27
1790509558.3,0.3003,-0.0003,0.01,0.031,25
1790509558.4,0.3005,-0.0003,0.01,-0.003,25
1790509558.5,0.3005,-0.0003,0.01,0.005,28
1790509558.6,0.3004,-0.0003,0.01,0.002,24
1790509558.7,0.3004,-0.0003,0.01,0.030,26
1790509558.8,0.3004,-0.0003,0.01,0.008,26
1790509558.9,0.3002,-0.0003,0.01,0.013,25
1790509559.0,0.3002,-0.0003,0.01,0.009,25
1790509559.1,0.3001,-0.0003,0.01,-0.002,26
1790509559.2,0.3001,-0.0003,0.01,0.014,25
1790509559.3,0.3000,-0.0003,0.01,-0.013,25
1790509559.4,0.3000,-0.0003,0.01,-0.059,21
1790509559.5,0.3002,-0.0003,0.01,0.023,27
1790509559.6,0.3002,-0.0003,0.01,0.027,24
1790509559.7,0.3003,-0.0003,0.01,0.032,24
1790509559.8,0.3003,-0.0003,0.01,-0.014,26
1790509559.9,0.3003,-0.0003,0.02,-0.013,25
1790509560.0,0.3002,-0.0003,0.02,-0.017,24
1790509560.1,0.3002,-0.0003,0.02,-0.013,26
1790509560.2,0.3002,-0.0003,0.02,0.019,25
1790509560.3,0.3002,-0.0003,0.02,0.030,28
1790509560.4,0.3002,-0.0003,0.02,-0.003,26
1790509560.5,0.3005,-0.0003,0.02,0.012,26
1790509560.6,0.3005,-0.0003,0.02,-0.003,26
1790509560.7,0.3005,-0.0003,0.02,-0.050,27
1790509560.8,0.3005,-0.0003,0.02,0.022,24
1790509560.9,0.3005,-0.0003,0.02,0.044,25
1790509561.0,0.2998,-0.0003,0.03,0.013,28
1790509561.1,0.2998,-0.0003,0.03,-0.047,25
1790509561.2,0.2997,-0.0003,0.03,0.004,25
1790509561.3,0.2997,-0.0003,0.03,0.001,27
1790509561.4,0.2997,-0.0003,0.02,0.017,26
1790509561.5,0.2997,-0.0003,0.02,-0.032,24
1790509561.6,0.2998,-0.0003,0.02,-0.007,25
1790509561.7,0.2998,-0.0003,0.03,0.003,25
1790509561.8,0.2999,-0.0003,0.02,-0.012,24
1790509561.9,0.2999,-0.0003,0.02,-0.027,24
1790509562.0,0.2996,-0.0003,0.02,0.003,25
1790509562.1,0.2996,-0.0003,0.02,-0.028,24
1790509562.2,0.2996,-0.0003,0.02,-0.043,25
1790509562.3,0.2996,-0.0003,0.02,-0.015,25
1790509562.4,0.2996,-0.0003,0.01,-0.004,23
1790509562.5,0.2996,-0.0003,0.02,0.003,23
1790509562.6,0.2996,-0.0003,0.02,0.011,26
1790509562.7,0.2996,-0.0003,0.01,-0.047,25
1790509562.8,0.2996,-0.0003,0.01,-0.034,26
1790509562.9,0.2996,-0.0003,0.01,-0.071,26
1790509563.0,0.2995,-0.0003,0.01,-0.011,24
1790509563.1,0.2995,-0.0003,0.00,0.003,26
1790509563.2,0.2995,-0.0003,0.00,-0.047,25
1790509563.3,0.2995,-0.0003,0.00,-0.032,25
1790509563.4,0.2992,-0.0003,0.00,0.010,25
1790509563.5,0.2992,-0.0003,0.00,-0.048,24
1790509563.6,0.2992,-0.0003,0.00,0.010,26
1790509563.7,0.2993,-0.0003,0.00,-0.018,25
1790509563.8,0.2993,-0.0003,0.00,0.024,25
1790509563.9,0.2995,-0.0003,0.01,-0.003,26
1790509564.0,0.2995,-0.0003,0.01,0.014,26
1790509564.1,0.2995,-0.0003,0.01,0.033,23
1790509564.2,0.2995,-0.0003,0.01,-0.010,25
1790509564.3,0.2996,-0.0003,0.01,-0.013,24
1790509564.4,0.2996,-0.0003,0.01,0.021,26
1790509564.5,0.2996,-0.0003,0.01,0.006,26
1790509564.6,0.2997,-0.0003,0.01,-0.010,24
1790509564.7,0.2997,-0.0003,0.01,0.009,26
1790509564.8,0.2997,-0.0003,0.01,0.017,26
1790509564.9,0.2989,-0.0003,0.01,-0.050,25
1790509565.0,0.2989,-0.0003,0.01,0.025,26
1790509565.1,0.2986,-0.0003,0.01,-0.010,25
1790509565.2,0.2986,-0.0003,0.01,0.028,27
1790509565.3,0.2986,-0.0003,0.01,0.015,25
1790509565.4,0.2988,-0.0003,0.01,-0.044,27
1790509565.5,0.2988,-0.0003,0.01,-0.015,24
1790509565.6,0.2988,-0.0003,0.00,-0.036,24
1790509565.7,0.2988,-0.0003,0.00,0.012,26
1790509565.8,0.2988,-0.0003,0.00,0.016,25
1790509565.9,0.2988,-0.0003,0.00,-0.056,26
1790509566.0,0.2988,-0.0003,0.00,0.019,26
1790509566.1,0.2988,-0.0003,0.00,0.072,23
1790509566.2,0.2989,-0.0003,0.01,0.022,27
1790509566.3,0.2989,-0.0003,0.01,0.011,24
1790509566.4,0.2989,-0.0003,0.00,-0.026,26
1790509566.5,0.2988,-0.0003,0.00,0.020,25
1790509566.6,0.2988,-0.0003,0.00,0.006,27
1790509566.7,0.2988,-0.0003,0.01,0.025,25
1790509566.8,0.2988,-0.0003,0.01,0.004,24
1790509566.9,0.2990,-0.0003,0.01,0.020,25
1790509567.0,0.2990,-0.0003,0.00,-0.027,26
1790509567.1,0.2990,-0.0003,0.00,-0.025,27
1790509567.2,0.2987,-0.0003,0.00,0.015,25
1790509567.3,0.2987,-0.0003,0.01,-0.004,26
1790509567.4,0.2987,-0.0003,0.01,0.001,25
1790509567.5,0.2988,-0.0003,0.00,-0.009,24
1790509567.6,0.2988,-0.0003,0.00,-0.016,25
1790509567.7,0.2985,-0.0003,0.00,0.004,25
1790509567.8,0.2985,-0.0003,0.00,-0.006,26
1790509567.9,0.2985,-0.0003,0.00,-0.017,27
1790509568.0,0.2988,-0.0003,0.00,0.031,21
1790509568.1,0.2988,-0.0003,0.00,-0.010,26
1790509568.2,0.2988,-0.0003,0.00,0.033,25
1790509568.3,0.2988,-0.0003,0.00,-0.012,24
1790509568.4,0.2988,-0.0003,0.00,0.013,26
1790509568.5,0.2989,-0.0003,0.01,0.050,22
1790509568.6,0.2989,-0.0003,0.01,0.016,23
1790509568.7,0.2959,-0.0003,0.01,-0.035,27
1790509568.8,0.2959,-0.0003,0.00,-0.048,27
1790509568.9,0.2959,-0.0003,-0.00,-0.044,26
1790509569.0,0.2960,-0.0003,0.00,0.030,25
1790509569.1,0.2960,-0.0003,0.00,-0.009,27
1790509569.2,0.2960,-0.0003,0.00,0.013,25
1790509569.3,0.2960,-0.0003,0.00,-0.009,25
1790509569.4,0.2958,-0.0003,0.00,-0.028,24
1790509569.5,0.2958,-0.0003,0.00,0.013,25
1790509569.6,0.2958,-0.0003,0.01,0.042,26
1790509569.7,0.2958,-0.0003,0.01,0.034,26
1790509569.8,0.2958,-0.0003,0.01,-0.003,28
1790509569.9,0.2958,-0.0003,0.01,-0.027,25
1790509570.0,0.2958,-0.0003,0.01,0.019,25
1790509570.1,0.2958,-0.0003,0.01,0.008,24
1790509570.2,0.2958,-0.0003,0.01,0.014,25
1790509570.3,0.2958,-0.0003,0.01,0.005,24
1790509570.4,0.2960,-0.0003,0.01,-0.150,26
1790509570.5,0.2985,-0.0003,0.01,0.037,27
1790509570.6,0.3056,-0.0003,0.02,0.131,24
1790509570.7,0.3154,-0.0003,0.01,-0.126,25
1790509570.8,0.3281,-0.0003,0.01,0.179,25
1790509570.9,0.3385,-0.0003,0.02,0.141,24
1790509571.0,0.3540,-0.0003,0.03,0.134,26
1790509571.1,0.3695,-0.0003,0.05,-0.075,25
1790509571.2,0.3886,-0.0003,0.03,0.005,23
1790509571.3,0.4061,-0.0003,0.03,0.089,26
1790509571.4,0.4216,-0.0003,0.05,0.047,23
1790509571.5,0.4384,-0.0003,0.06,0.088,27
1790509571.6,0.4579,-0.0002,0.05,-0.016,26
1790509571.7,0.4750,-0.0002,0.04,0.029,23
1790509571.8,0.4917,-0.0002,0.06,0.178,25
1790509571.9,0.5086,-0.0002,0.07,0.117,27
1790509572.0,0.5193,-0.0002,0.06,-0.109,25
1790509572.1,0.5334,-0.0002,0.07,-0.062,26
1790509572.2,0.5560,-0.0001,0.09,0.220,24
1790509572.3,0.5736,-0.0001,0.10,0.166,25
1790509572.4,0.5911,-0.0001,0.09,-0.101,26
1790509572.5,0.6066,-0.0001,0.09,0.079,28
1790509572.6,0.6239,-0.0000,0.12,0.246,24
1790509572.7,0.6410,0.0000,0.12,0.131,22
1790509572.8,0.6592,0.0001,0.14,0.098,24
1790509572.9,0.6762,0.0001,0.12,-0.051,25
1790509573.0,0.6934,0.0001,0.12,-0.014,25
1790509573.1,0.7104,0.0002,0.15,0.150,23
1790509573.2,0.7276,0.0002,0.16,0.111,22
1790509573.3,0.7445,0.0003,0.15,-0.166,25
1790509573.4,0.7600,0.0003,0.14,-0.013,24
1790509573.5,0.7756,0.0004,0.16,0.323,24
1790509573.6,0.7926,0.0004,0.17,0.174,25
1790509573.7,0.8097,0.0005,0.17,-0.108,24
1790509573.8,0.8271,0.0005,0.17,-0.056,24
1790509573.9,0.8451,0.0006,0.18,0.176,26
1790509574.0,0.8632,0.0006,0.19,0.129,25
1790509574.1,0.8716,0.0007,0.21,0.109,27
1790509574.2,0.8891,0.0007,0.20,0.057,25
1790509574.3,0.9107,0.0008,0.20,0.082,24
1790509574.4,0.9283,0.0009,0.23,0.248,22
1790509574.5,0.9443,0.0009,0.25,0.210,26
1790509574.6,0.9610,0.0010,0.25,-0.070,27
1790509574.7,0.9802,0.0011,0.25,-0.037,25
1790509574.8,0.9966,0.0012,0.25,0.254,24
1790509574.9,1.0157,0.0012,0.27,0.062,24
1790509575.0,1.0323,0.0013,0.28,-0.016,24
1790509575.1,1.0495,0.0014,0.27,-0.044,24
1790509575.2,1.0665,0.0015,0.26,0.036,26
1790509575.3,1.0826,0.0016,0.28,0.118,26
1790509575.4,1.0988,0.0016,0.30,0.161,24
1790509575.5,1.1162,0.0017,0.30,-0.014,26
1790509575.6,1.1320,0.0018,0.30,0.011,28
1790509575.7,1.1512,0.0019,0.32,0.247,26
1790509575.8,1.1676,0.0020,0.34,0.242,26
1790509575.9,1.1847,0.0021,0.35,0.082,24
1790509576.0,1.2028,0.0022,0.33,-0.094,24
1790509576.1,1.2197,0.0023,0.32,0.008,24
1790509576.2,1.2282,0.0024,0.34,0.262,25
1790509576.3,1.2526,0.0025,0.38,0.233,26
1790509576.4,1.2638,0.0026,0.38,-0.170,25
1790509576.5,1.2851,0.0027,0.35,-0.083,23
1790509576.6,1.3046,0.0029,0.38,0.291,24
1790509576.7,1.3198,0.0030,0.39,0.071,27
1790509576.8,1.3377,0.0031,0.39,-0.081,26
1790509576.9,1.3553,0.0032,0.38,-0.038,26
1790509577.0,1.3727,0.0033,0.39,0.329,21
1790509577.1,1.3920,0.0034,0.41,0.133,25
1790509577.2,1.4081,0.0036,0.42,0.058,27
1790509577.3,1.4239,0.0037,0.40,-0.109,24
1790509577.4,1.4382,0.0038,0.41,0.038,24
1790509577.5,1.4547,0.0039,0.43,0.189,24
1790509577.6,1.4726,0.0040,0.44,0.085,25
1790509577.7,1.4911,0.0042,0.43,-0.122,24
1790509577.8,1.5066,0.0043,0.42,-0.002,27
1790509577.9,1.5241,0.0044,0.43,0.108,23
1790509578.0,1.5421,0.0046,0.45,0.090,24
1790509578.1,1.5595,0.0047,0.44,-0.088,26
1790509578.2,1.5762,0.0048,0.44,0.068,26
1790509578.3,1.5850,0.0049,0.45,0.215,26
1790509578.4,1.6084,0.0051,0.48,0.169,25
1790509578.5,1.6250,0.0052,0.47,-0.006,25
1790509578.6,1.6437,0.0054,0.47,0.117,25
1790509578.7,1.6608,0.0055,0.49,0.165,28
1790509578.8,1.6778,0.0057,0.51,0.146,24
1790509578.9,1.6944,0.0058,0.50,-0.029,22
1790509579.0,1.7077,0.0059,0.50,0.003,27
1790509579.1,1.7242,0.0061,0.50,0.144,26
1790509579.2,1.7407,0.0062,0.51,0.077,20
1790509579.3,1.7603,0.0064,0.52,-0.034,25
1790509579.4,1.7771,0.0065,0.51,-0.037,23
1790509579.5,1.7946,0.0067,0.52,0.115,22
1790509579.6,1.8109,0.0068,0.55,0.235,27
1790509579.7,1.8257,0.0070,0.56,0.104,25
1790509579.8,1.8426,0.0071,0.55,-0.225,24
1790509579.9,1.8603,0.0073,0.54,0.103,27
1790509580.0,1.8780,0.0075,0.57,0.274,25
1790509580.1,1.8951,0.0077,0.59,0.173,24
1790509580.2,1.9119,0.0078,0.58,-0.133,26
1790509580.3,1.9297,0.0080,0.58,0.043,26
1790509580.4,1.9385,0.0081,0.59,0.270,25
1790509580.5,1.9631,0.0084,0.63,0.275,27
1790509580.6,1.9802,0.0085,0.64,-0.039,24
1790509580.7,1.9969,0.0087,0.63,-0.101,24
1790509580.8,2.0134,0.0089,0.64,0.272,25
1790509580.9,2.0301,0.0091,0.67,0.317,28
1790509581.0,2.0475,0.0093,0.68,0.065,20
1790509581.1,2.0649,0.0095,0.65,-0.148,27
1790509581.2,2.0823,0.0097,0.66,0.091,23
1790509581.3,2.0977,0.0099,0.68,0.166,26
1790509581.4,2.1180,0.0101,0.69,0.089,25
1790509581.5,2.1345,0.0103,0.68,-0.094,26
1790509581.6,2.1549,0.0106,0.70,0.139,25
1790509581.7,2.1734,0.0108,0.72,0.237,26
1790509581.8,2.1873,0.0110,0.74,0.194,27
1790509581.9,2.2043,0.0112,0.72,-0.210,24
1790509582.0,2.2225,0.0114,0.73,0.106,26
1790509582.1,2.2407,0.0117,0.75,0.221,26
1790509582.2,2.2594,0.0119,0.77,0.124,26
1790509582.3,2.2771,0.0122,0.76,-0.150,24
1790509582.4,2.2927,0.0124,0.76,0.137,27
1790509582.5,2.3122,0.0126,0.77,0.092,25
1790509582.6,2.3294,0.0129,0.79,0.111,24
1790509582.7,2.3466,0.0131,0.78,-0.068,25
1790509582.8,2.3640,0.0133,0.78,0.051,27
1790509582.9,2.3816,0.0136,0.80,0.173,23
1790509583.0,2.3986,0.0138,0.81,0.073,23
1790509583.1,2.4170,0.0141,0.83,0.036,22
1790509583.2,2.4350,0.0143,0.82,0.035,25
1790509583.3,2.4538,0.0146,0.82,0.065,24
1790509583.4,2.4715,0.0149,0.84,0.108,25
1790509583.5,2.4865,0.0151,0.86,0.042,24
1790509583.6,2.5056,0.0154,0.85,0.012,25
1790509583.7,2.5252,0.0157,0.85,0.117,24
1790509583.8,2.5425,0.0159,0.86,0.108,25
1790509583.9,2.5607,0.0162,0.88,0.022,27
1790509584.0,2.5785,0.0165,0.87,-0.023,26
1790509584.1,2.5959,0.0167,0.87,0.048,25
1790509584.2,2.6141,0.0170,0.90,0.148,24
1790509584.3,2.6317,0.0173,0.91,0.033,23
1790509584.4,2.6506,0.0176,0.90,-0.032,24
1790509584.5,2.6590,0.0177,0.91,0.217,26
1790509584.6,2.6767,0.0180,0.94,0.284,25
1790509584.7,2.6995,0.0184,0.95,0.023,26
1790509584.8,2.7185,0.0187,0.93,-0.097,26
1790509584.9,2.7369,0.0190,0.95,0.085,25
1790509585.0,2.7498,0.0193,0.98,0.224,26
1790509585.1,2.7685,0.0196,0.98,0.032,27
1790509585.2,2.7856,0.0198,0.96,-0.100,26
1790509585.3,2.8091,0.0202,0.96,0.017,26
1790509585.4,2.8269,0.0205,1.00,0.294,27
1790509585.5,2.8440,0.0208,1.01,0.209,25
1790509585.6,2.8603,0.0211,1.00,-0.165,26
1790509585.7,2.8781,0.0214,1.00,0.005,24
1790509585.8,2.8988,0.0218,1.02,0.254,27
1790509585.9,2.9180,0.0221,1.04,0.103,26
1790509586.0,2.9361,0.0225,1.03,-0.115,27
1790509586.1,2.9512,0.0227,1.03,0.131,26
1790509586.2,2.9716,0.0231,1.06,0.265,23
1790509586.3,2.9896,0.0235,1.07,0.106,23
1790509586.4,3.0087,0.0238,1.07,-0.075,27
1790509586.5,3.0252,0.0241,1.07,0.072,25
1790509586.6,3.0342,0.0243,1.07,0.230,26
1790509586.7,3.0519,0.0246,1.10,-0.017,25
1790509586.8,3.0759,0.0251,1.09,-0.094,26
1790509586.9,3.0942,0.0254,1.08,0.036,26
1790509587.0,3.1110,0.0258,1.08,0.122,22
1790509587.1,3.1291,0.0261,1.08,0.043,23
1790509587.2,3.1450,0.0264,1.09,-0.117,27
1790509587.3,3.1625,0.0267,1.09,0.094,25
1790509587.4,3.1800,0.0271,1.10,0.200,25
1790509587.5,3.1978,0.0274,1.12,0.130,24
1790509587.6,3.2161,0.0278,1.14,0.031,24
1790509587.7,3.2349,0.0282,1.13,-0.022,25
1790509587.8,3.2506,0.0285,1.13,0.072,26
1790509587.9,3.2685,0.0288,1.15,0.145,24
1790509588.0,3.2856,0.0292,1.17,0.139,26
1790509588.1,3.3046,0.0296,1.15,-0.037,23
1790509588.2,3.3231,0.0299,1.15,0.039,27
1790509588.3,3.3411,0.0303,1.17,0.188,26
1790509588.4,3.3578,0.0307,1.18,0.016,24
1790509588.5,3.3723,0.0310,1.17,-0.033,29
1790509588.6,3.3907,0.0313,1.18,0.056,27
1790509588.7,3.4000,0.0315,1.19,0.208,25
1790509588.8,3.4273,0.0321,1.21,0.117,25
1790509588.9,3.4432,0.0324,1.20,-0.049,26
1790509589.0,3.4603,0.0328,1.20,-0.051,26
1790509589.1,3.4784,0.0332,1.21,0.205,23
1790509589.2,3.4984,0.0336,1.24,0.212,22
1790509589.3,3.5180,0.0340,1.24,-0.013,25
1790509589.4,3.5358,0.0344,1.23,-0.016,26
1790509589.5,3.5493,0.0347,1.25,0.188,24
1790509589.6,3.5692,0.0352,1.27,0.178,27
1790509589.7,3.5853,0.0355,1.27,-0.009,26
1790509589.8,3.6034,0.0359,1.26,-0.085,25
1790509589.9,3.6211,0.0363,1.27,0.177,26
1790509590.0,3.6354,0.0366,1.29,0.175,25
1790509590.1,3.6521,0.0370,1.30,0.055,27
1790509590.2,3.6691,0.0374,1.29,0.019,26
1790509590.3,3.6898,0.0379,1.30,0.184,25
1790509590.4,3.7100,0.0383,1.32,0.157,24
1790509590.5,3.7278,0.0388,1.33,0.102,24
1790509590.6,3.7434,0.0391,1.32,-0.072,25
1790509590.7,3.7595,0.0395,1.33,0.102,24
1790509590.8,3.7691,0.0397,1.34,0.082,27
1790509590.9,3.7895,0.0402,1.35,0.058,25
1790509591.0,3.8069,0.0406,1.34,-0.138,26
1790509591.1,3.8337,0.0412,1.33,-0.014,28
1790509591.2,3.8395,0.0414,1.34,0.287,27
1790509591.3,3.8648,0.0420,1.36,0.060,25
1790509591.4,3.8765,0.0423,1.36,-0.239,27
1790509591.5,3.8981,0.0428,1.33,0.006,24
1790509591.6,3.9152,0.0432,1.37,0.316,26
1790509591.7,3.9323,0.0436,1.38,0.188,24
1790509591.8,3.9481,0.0440,1.36,-0.213,24
1790509591.9,3.9684,0.0444,1.36,0.019,25
1790509592.0,3.9867,0.0448,1.38,0.319,26
1790509592.1,4.0038,0.0452,1.40,0.282,23
1790509592.2,4.0198,0.0456,1.40,-0.105,25
1790509592.3,4.0382,0.0461,1.39,-0.093,24
1790509592.4,4.0533,0.0465,1.41,0.312,23
1790509592.5,4.0695,0.0468,1.42,0.070,26
1790509592.6,4.0868,0.0473,1.40,-0.146,25
1790509592.7,4.1044,0.0478,1.39,-0.173,25
1790509592.8,4.1134,0.0480,1.39,0.188,24
1790509592.9,4.1363,0.0485,1.42,0.195,25
1790509593.0,4.1613,0.0492,1.43,-0.019,26
1790509593.1,4.1774,0.0496,1.42,-0.077,27
1790509593.2,4.1976,0.0501,1.43,0.168,24
1790509593.3,4.2133,0.0505,1.45,0.137,22
1790509593.4,4.2284,0.0508,1.46,0.064,26
1790509593.5,4.2445,0.0512,1.44,-0.075,25
1790509593.6,4.2587,0.0516,1.45,0.255,23
1790509593.7,4.2841,0.0522,1.47,0.098,24
1790509593.8,4.3015,0.0527,1.47,0.016,26
1790509593.9,4.3147,0.0531,1.47,0.031,27
1790509594.0,4.3345,0.0536,1.48,0.159,26
1790509594.1,4.3423,0.0537,1.49,0.021,24
1790509594.2,4.3663,0.0545,1.49,-0.066,26
1790509594.3,4.3627,0.0544,1.50,0.070,24
1790509594.4,4.3994,0.0555,1.51,0.275,26
1790509594.5,4.4044,0.0558,1.54,0.121,23
1790509594.6,4.4570,0.0566,1.53,-0.157,26
1790509594.7,4.4534,0.0568,1.53,0.114,25
1790509594.8,4.4746,0.0575,1.56,0.272,25
1790509594.9,4.4672,0.0572,1.56,0.094,28
1790509595.0,4.5209,0.0590,1.57,-0.226,26
1790509595.1,4.5081,0.0584,1.56,0.102,24
1790509595.2,4.5250,0.0590,1.59,0.307,25
1790509595.3,4.5434,0.0594,1.59,0.068,26
1790509595.4,4.5685,0.0602,1.60,-0.081,26
1790509595.5,4.5740,0.0603,1.59,0.010,28
1790509595.6,4.5975,0.0609,1.60,0.214,23
1790509595.7,4.6241,0.0616,1.62,0.096,24
1790509595.8,4.6268,0.0618,1.62,-0.040,26
1790509595.9,4.6474,0.0624,1.61,0.058,27
1790509596.0,4.6584,0.0626,1.63,0.185,26
1790509596.1,4.6760,0.0631,1.65,0.163,26
1790509596.2,4.7011,0.0640,1.65,-0.052,24
1790509596.3,4.7112,0.0642,1.63,-0.098,24
1790509596.4,4.7298,0.0648,1.64,0.085,22
1790509596.5,4.7458,0.0653,1.68,0.257,24
1790509596.6,4.7631,0.0658,1.68,0.040,27
1790509596.7,4.7813,0.0663,1.65,-0.194,26
1790509596.8,4.7984,0.0668,1.67,0.190,26
1790509596.9,4.8093,0.0671,1.69,0.236,23
1790509597.0,4.8305,0.0678,1.71,0.027,26
1790509597.1,4.8469,0.0684,1.69,-0.091,25
1790509597.2,4.8640,0.0688,1.69,0.069,25
1790509597.3,4.8810,0.0693,1.71,0.158,26
1790509597.4,4.9066,0.0701,1.74,0.182,24
1790509597.5,4.9145,0.0703,1.71,-0.143,25
1790509597.6,4.9308,0.0708,1.73,0.094,26
1790509597.7,4.9534,0.0715,1.75,0.302,26
1790509597.8,4.9703,0.0720,1.76,0.052,27
1790509597.9,4.9874,0.0725,1.76,-0.134,25
1790509598.0,5.0068,0.0731,1.76,0.134,25
1790509598.1,5.0279,0.0738,1.77,0.320,24
1790509598.2,5.0454,0.0743,1.78,-0.036,26
1790509598.3,5.0547,0.0747,1.77,-0.143,24
1790509598.4,5.0756,0.0754,1.77,-0.022,27
1790509598.5,5.0952,0.0760,1.78,0.231,26
1790509598.6,5.1126,0.0765,1.78,0.070,23
1790509598.7,5.1309,0.0771,1.79,-0.115,25
1790509598.8,5.1513,0.0777,1.79,-0.003,28
1790509598.9,5.1707,0.0783,1.80,0.257,26
1790509599.0,5.1832,0.0787,1.82,0.138,26
1790509599.1,5.2023,0.0793,1.83,-0.051,27
1790509599.2,5.2171,0.0799,1.83,0.001,24
1790509599.3,5.2338,0.0804,1.82,0.075,25
1790509599.4,5.2488,0.0809,1.85,0.116,22
1790509599.5,5.2665,0.0814,1.86,0.151,25
1790509599.6,5.2891,0.0822,1.86,-0.015,26
1790509599.7,5.3080,0.0828,1.86,0.040,25
1790509599.8,5.3205,0.0832,1.89,0.254,25
1790509599.9,5.3369,0.0838,1.90,0.067,27
1790509600.0,5.3565,0.0844,1.88,-0.045,25
1790509600.1,5.3712,0.0849,1.89,0.097,24
1790509600.2,5.3957,0.0856,1.91,0.156,26
1790509600.3,5.4008,0.0858,1.92,0.194,26
1790509600.4,5.4299,0.0869,1.93,0.042,24
1790509600.5,5.4448,0.0874,1.93,-0.008,26
1790509600.6,5.4647,0.0880,1.94,0.136,27
1790509600.7,5.4795,0.0885,1.96,0.176,24
1790509600.8,5.4974,0.0891,1.94,-0.071,25
1790509600.9,5.5128,0.0896,1.94,-0.022,26
1790509601.0,5.5339,0.0904,1.97,0.199,24
1790509601.1,5.5446,0.0908,1.98,0.138,27
1790509601.2,5.5653,0.0914,1.97,-0.015,26
1790509601.3,5.5831,0.0921,1.97,-0.004,27
1790509601.4,5.6021,0.0928,2.00,0.201,25
1790509601.5,5.6176,0.0933,2.01,0.116,24
1790509601.6,5.6336,0.0938,2.00,-0.030,27
1790509601.7,5.6501,0.0944,2.02,0.139,26
1790509601.8,5.6686,0.0951,2.03,0.178,26
1790509601.9,5.6811,0.0956,2.05,0.122,27
1790509602.0,5.6980,0.0962,2.04,-0.049,26
1790509602.1,5.7158,0.0968,2.04,0.012,23
1790509602.2,5.7344,0.0974,2.06,0.206,26
1790509602.3,5.7526,0.0981,2.07,0.135,25
1790509602.4,5.7728,0.0988,2.05,-0.219,25
1790509602.5,5.7910,0.0995,2.06,0.062,26
1790509602.6,5.8036,0.1000,2.10,0.254,24
1790509602.7,5.8231,0.1007,2.11,0.174,22
1790509602.8,5.8440,0.1014,2.10,-0.189,26
1790509602.9,5.8602,0.1021,2.10,0.019,27
1790509603.0,5.8764,0.1027,2.12,0.158,23
1790509603.1,5.8969,0.1034,2.14,0.140,26
1790509603.2,5.9153,0.1041,2.13,-0.102,22
1790509603.3,5.9360,0.1049,2.14,0.115,27
1790509603.4,5.9494,0.1054,2.16,0.206,26
1790509603.5,5.9685,0.1061,2.17,0.131,26
1790509603.6,5.9860,0.1068,2.17,-0.060,24
1790509603.7,6.0036,0.1075,2.18,0.031,24
1790509603.8,6.0198,0.1081,2.20,0.189,27
1790509603.9,6.0387,0.1088,2.21,0.104,25
1790509604.0,6.0542,0.1094,2.20,-0.126,25
1790509604.1,6.0732,0.1101,2.19,-0.008,27
1790509604.2,6.0905,0.1108,2.21,0.073,25
1790509604.3,6.1117,0.1116,2.22,0.065,26
1790509604.4,6.1264,0.1122,2.22,-0.087,25
1790509604.5,6.1434,0.1129,2.23,0.004,26
1790509604.6,6.1633,0.1137,2.23,0.182,26
1790509604.7,6.1822,0.1143,2.25,0.160,25
1790509604.8,6.1958,0.1149,2.27,-0.046,24
1790509604.9,6.2152,0.1157,2.26,0.067,25
1790509605.0,6.2309,0.1163,2.27,0.153,24
1790509605.1,6.2514,0.1170,2.29,0.129,24
1790509605.2,6.2663,0.1177,2.30,0.039,28
1790509605.3,6.2821,0.1183,2.29,-0.012,25
1790509605.4,6.2994,0.1189,2.29,0.037,26
1790509605.5,6.3085,0.1193,2.30,0.232,27
1790509605.6,6.3349,0.1204,2.31,0.104,25
1790509605.7,6.3428,0.1207,2.30,-0.097,24
1790509605.8,6.3609,0.1215,2.32,0.113,24
1790509605.9,6.3807,0.1223,2.34,0.227,26
1790509606.0,6.3925,0.1228,2.34,0.064,25
1790509606.1,6.4123,0.1235,2.35,-0.124,25
1790509606.2,6.4295,0.1242,2.35,0.063,27
1790509606.3,6.4485,0.1250,2.36,0.259,25
1790509606.4,6.4772,0.1260,2.35,0.125,28
1790509606.5,6.4938,0.1267,2.35,-0.179,26
1790509606.6,6.5108,0.1275,2.36,0.041,25
1790509606.7,6.5285,0.1282,2.38,0.275,27
1790509606.8,6.5398,0.1287,2.39,0.100,27
1790509606.9,6.5584,0.1295,2.40,-0.124,24
1790509607.0,6.5809,0.1304,2.39,0.001,25
1790509607.1,6.5961,0.1310,2.40,0.222,27
1790509607.2,6.6151,0.1318,2.40,0.114,25
1790509607.3,6.6350,0.1326,2.41,-0.144,26
1790509607.4,6.6476,0.1331,2.40,0.060,27
1790509607.5,6.6697,0.1341,2.42,0.198,24
1790509607.6,6.6801,0.1345,2.43,0.095,26
1790509607.7,6.6914,0.1350,2.44,0.053,23
1790509607.8,6.7145,0.1360,2.44,-0.009,27
1790509607.9,6.7324,0.1368,2.44,0.163,25
1790509608.0,6.7453,0.1373,2.47,0.120,24
1790509608.1,6.7678,0.1383,2.48,0.028,26
1790509608.2,6.7878,0.1392,2.47,0.003,22
1790509608.3,6.8025,0.1398,2.46,0.080,25
1790509608.4,6.8231,0.1407,2.48,0.204,25
1790509608.5,6.8354,0.1413,2.49,0.060,24
1790509608.6,6.8559,0.1421,2.48,-0.053,25
1790509608.7,6.8757,0.1430,2.47,0.084,27
1790509608.8,6.8946,0.1438,2.49,0.152,26
1790509608.9,6.9084,0.1444,2.51,0.169,28
1790509609.0,6.9254,0.1451,2.51,-0.050,25
1790509609.1,6.9462,0.1461,2.50,0.022,25
1790509609.2,6.9610,0.1467,2.52,0.190,25
1790509609.3,6.9812,0.1476,2.54,0.183,26
1790509609.4,6.9990,0.1484,2.54,0.046,24
1790509609.5,7.0167,0.1492,2.54,-0.061,23
1790509609.6,7.0345,0.1500,2.55,0.233,24
1790509609.7,7.0413,0.1503,2.55,0.087,25
1790509609.8,7.0684,0.1515,2.55,-0.089,23
1790509609.9,7.0868,0.1523,2.53,-0.197,26
1790509610.0,7.1044,0.1531,2.54,0.181,26
1790509610.1,7.1204,0.1538,2.56,0.159,24
1790509610.2,7.1404,0.1547,2.57,0.094,26
1790509610.3,7.1539,0.1553,2.56,-0.128,26
1790509610.4,7.1723,0.1561,2.58,0.179,26
1790509610.5,7.1948,0.1572,2.62,0.259,27
1790509610.6,7.2082,0.1578,2.62,0.147,26
1790509610.7,7.2264,0.1586,2.59,-0.170,24
1790509610.8,7.2433,0.1594,2.60,0.097,26
1790509610.9,7.2607,0.1601,2.63,0.264,21
1790509611.0,7.2785,0.1610,2.66,0.226,25
1790509611.1,7.2943,0.1617,2.64,-0.140,27
1790509611.2,7.3055,0.1622,2.63,0.045,23
1790509611.3,7.3247,0.1631,2.66,0.223,24
1790509611.4,7.3423,0.1640,2.68,0.127,27
1790509611.5,7.3620,0.1648,2.65,-0.165,27
1790509611.6,7.3808,0.1657,2.64,0.015,27
1790509611.7,7.4002,0.1666,2.67,0.280,24
1790509611.8,7.4082,0.1669,2.69,0.196,27
1790509611.9,7.4324,0.1681,2.68,-0.173,24
1790509612.0,7.4508,0.1690,2.66,-0.104,25
1790509612.1,7.4659,0.1697,2.69,0.322,23
1790509612.2,7.4841,0.1706,2.72,0.291,25
1790509612.3,7.5020,0.1714,2.67,-0.452,26
1790509612.4,7.5096,0.1718,2.70,0.324,27
1790509612.5,7.5137,0.1720,2.70,-0.035,26
1790509612.6,7.5109,0.1718,2.71,0.004,23
1790509612.7,7.5125,0.1719,2.71,0.000,26
1790509612.8,7.5106,0.1718,2.71,-0.031,24
1790509612.9,7.5111,0.1718,2.71,-0.014,23
1790509613.0,7.5111,0.1718,2.71,0.013,26
1790509613.1,7.5109,0.1718,2.71,-0.002,24
1790509613.2,7.5110,0.1718,2.71,-0.025,24
1790509613.3,7.5102,0.1718,2.70,-0.051,26
1790509613.4,7.5101,0.1718,2.70,-0.039,26
1790509613.5,7.5104,0.1718,2.70,-0.033,24
1790509613.6,7.5100,0.1718,2.70,0.002,26
1790509613.7,7.5104,0.1718,2.70,0.029,27
1790509613.8,7.5130,0.1719,2.70,-0.022,24
1790509613.9,7.5134,0.1719,2.70,-0.025,27
1790509614.0,7.5133,0.1719,2.70,0.026,26
1790509614.1,7.5138,0.1719,2.70,-0.013,24
1790509614.2,7.5136,0.1719,2.70,-0.006,26
1790509614.3,7.5134,0.1719,2.70,0.004,26
1790509614.4,7.5135,0.1719,2.70,0.010,25
1790509614.5,7.5131,0.1719,2.70,0.013,26
1790509614.6,7.5142,0.1719,2.71,-0.002,26
1790509614.7,7.5124,0.1719,2.70,0.017,28
1790509614.8,7.5124,0.1719,2.70,0.015,26
1790509614.9,7.5129,0.1719,2.70,-0.045,26
1790509615.0,7.5129,0.1719,2.70,-0.041,25
1790509615.1,7.5126,0.1719,2.70,-0.005,28
1790509615.2,7.5129,0.1719,2.70,0.023,23
1790509615.3,7.5123,0.1719,2.70,-0.028,25
1790509615.4,7.5144,0.1720,2.71,0.017,25
1790509615.5,7.5140,0.1719,2.70,-0.028,23
1790509615.6,7.5144,0.1720,2.70,0.011,25
1790509615.7,7.5143,0.1720,2.69,-0.004,26
1790509615.8,7.5143,0.1720,2.69,0.015,27
1790509615.9,7.5130,0.1719,2.70,0.018,25
1790509616.0,7.5130,0.1719,2.69,-0.057,25
1790509616.1,7.5131,0.1719,2.69,0.005,26
1790509616.2,7.5133,0.1719,2.70,0.080,24
1790509616.3,7.5133,0.1719,2.71,0.015,26
1790509616.4,7.5130,0.1719,2.70,-0.063,26
1790509616.5,7.5131,0.1719,2.70,0.042,24
1790509616.6,7.5131,0.1719,2.70,-0.007,26
1790509616.7,7.5133,0.1719,2.71,0.010,25
1790509616.8,7.5137,0.1719,2.71,-0.041,25
1790509616.9,7.5137,0.1719,2.71,-0.029,26
1790509617.0,7.5144,0.1720,2.71,0.016,25
1790509617.1,7.5134,0.1719,2.70,0.032,28
1790509617.2,7.5139,0.1719,2.70,0.000,25
1790509617.3,7.5139,0.1719,2.71,0.001,25
1790509617.4,7.5135,0.1719,2.70,0.016,26
1790509617.5,7.5144,0.1720,2.71,0.020,26
1790509617.6,7.5144,0.1720,2.71,0.001,23
1790509617.7,7.5145,0.1720,2.70,-0.012,26
1790509617.8,7.5180,0.1721,2.71,-0.029,26
1790509617.9,7.5180,0.1721,2.71,0.003,26
1790509618.0,7.5184,0.1722,2.70,-0.010,25
1790509618.1,7.5184,0.1722,2.70,-0.021,24
1790509618.2,7.5183,0.1722,2.71,0.011,25
1790509618.3,7.5189,0.1722,2.71,0.009,26
1790509618.4,7.5185,0.1722,2.70,-0.040,23
1790509618.5,7.5185,0.1722,2.70,0.020,25
1790509618.6,7.5192,0.1722,2.70,-0.026,26
1790509618.7,7.5178,0.1721,2.70,-0.026,24
1790509618.8,7.5179,0.1721,2.70,0.001,26
1790509618.9,7.5193,0.1722,2.71,0.013,27
1790509619.0,7.5190,0.1722,2.71,0.038,24
1790509619.1,7.5186,0.1722,2.71,0.051,26
1790509619.2,7.5189,0.1722,2.71,0.021,22
1790509619.3,7.5192,0.1722,2.71,-0.022,26
1790509619.4,7.5193,0.1722,2.71,-0.025,25
1790509619.5,7.5193,0.1722,2.71,0.012,25
1790509619.6,7.5194,0.1722,2.71,-0.011,24
1790509619.7,7.5183,0.1722,2.71,0.021,25
1790509619.8,7.5188,0.1722,2.71,-0.006,26
1790509619.9,7.5168,0.1721,2.71,-0.026,26
1790509620.0,7.5173,0.1721,2.72,0.010,27
1790509620.1,7.5170,0.1721,2.71,-0.001,25
1790509620.2,7.5169,0.1721,2.71,-0.033,25
1790509620.3,7.5168,0.1721,2.71,0.036,24
1790509620.4,7.5171,0.1721,2.71,0.030,27
1790509620.5,7.5157,0.1721,2.71,-0.010,26
1790509620.6,7.5150,0.1720,2.71,0.040,24
1790509620.7,7.5160,0.1721,2.71,0.001,25
1790509620.8,7.5160,0.1721,2.72,-0.003,25
1790509620.9,7.5154,0.1720,2.71,0.006,26
1790509621.0,7.5154,0.1720,2.71,0.039,27
1790509621.1,7.5160,0.1721,2.72,0.003,24
1790509621.2,7.5159,0.1721,2.72,0.027,25
1790509621.3,7.5157,0.1721,2.72,0.018,25
1790509621.4,7.5154,0.1720,2.72,0.009,27
1790509621.5,7.5161,0.1721,2.72,0.047,25
1790509621.6,7.5167,0.1721,2.72,-0.015,24
1790509621.7,7.5162,0.1721,2.72,0.005,26
1790509621.8,7.5162,0.1721,2.72,-0.004,25
1790509621.9,7.5162,0.1721,2.72,-0.003,27
1790509622.0,7.5159,0.1721,2.71,0.003,26
1790509622.1,7.5159,0.1721,2.72,0.026,25
1790509622.2,7.5166,0.1721,2.72,0.005,22
1790509622.3,7.5166,0.1721,2.72,0.032,26
1790509622.4,7.5161,0.1721,2.72,0.005,24
1790509622.5,7.5163,0.1721,2.72,-0.007,26
1790509622.6,7.5163,0.1721,2.72,-0.024,26
1790509622.7,7.5156,0.1721,2.72,0.005,26
1790509622.8,7.5158,0.1721,2.72,0.026,26
1790509622.9,7.5153,0.1720,2.72,-0.069,25
1790509623.0,7.5151,0.1720,2.72,0.019,25
1790509623.1,7.5159,0.1721,2.71,0.000,24
1790509623.2,7.5159,0.1721,2.72,-0.016,28
1790509623.3,7.5154,0.1720,2.71,0.019,25
1790509623.4,7.5151,0.1720,2.71,0.012,24
1790509623.5,7.5172,0.1721,2.72,0.052,26
1790509623.6,7.5172,0.1721,2.71,-0.007,27
1790509623.7,7.5176,0.1722,2.72,0.022,25
1790509623.8,7.5174,0.1721,2.72,-0.014,26
1790509623.9,7.5168,0.1721,2.71,-0.029,27
1790509624.0,7.5168,0.1721,2.71,-0.017,26
1790509624.1,7.5171,0.1721,2.71,-0.014,26
1790509624.2,7.5170,0.1721,2.71,-0.011,27
1790509624.3,7.5165,0.1721,2.71,0.018,26
1790509624.4,7.5165,0.1721,2.71,-0.014,25
1790509624.5,7.5163,0.1721,2.71,-0.024,25
1790509624.6,7.5163,0.1721,2.71,0.010,25
1790509624.7,7.5174,0.1721,2.71,0.012,26
1790509624.8,7.5169,0.1721,2.71,0.020,28
1790509624.9,7.5169,0.1721,2.72,0.004,23
1790509625.0,7.5167,0.1721,2.72,-0.002,25
1790509625.1,7.5165,0.1721,2.72,0.021,26
1790509625.2,7.5171,0.1721,2.72,-0.004,23
1790509625.3,7.5171,0.1721,2.72,-0.026,26
1790509625.4,7.5171,0.1721,2.72,-0.013,24
1790509625.5,7.5167,0.1721,2.72,-0.008,23
1790509625.6,7.5179,0.1722,2.72,0.026,23
1790509625.7,7.5170,0.1721,2.72,-0.002,27
1790509625.8,7.5174,0.1721,2.72,-0.027,26
1790509625.9,7.5199,0.1723,2.71,-0.037,25
1790509626.0,7.5249,0.1725,2.71,-0.100,27
1790509626.1,7.5320,0.1728,2.71,-0.023,27
1790509626.2,7.5381,0.1731,2.72,0.140,24
1790509626.3,7.5447,0.1734,2.72,-0.009,27
1790509626.4,7.5513,0.1737,2.73,0.232,26
1790509626.5,7.5613,0.1742,2.75,0.062,25
1790509626.6,7.5728,0.1748,2.75,-0.009,25
1790509626.7,7.5868,0.1755,2.73,-0.135,25
1790509626.8,7.6033,0.1763,2.73,0.081,26
1790509626.9,7.6202,0.1771,2.76,0.220,23
1790509627.0,7.6311,0.1776,2.78,0.284,26
1790509627.1,7.6539,0.1787,2.77,-0.139,24
1790509627.2,7.6704,0.1796,2.77,0.021,27
1790509627.3,7.6893,0.1805,2.79,0.252,26
1790509627.4,7.7025,0.1811,2.80,0.204,25
1790509627.5,7.7202,0.1820,2.81,-0.167,25
1790509627.6,7.7407,0.1830,2.80,-0.156,23
1790509627.7,7.7545,0.1837,2.82,0.344,25
1790509627.8,7.7748,0.1847,2.83,0.093,26
1790509627.9,7.7910,0.1855,2.82,-0.032,24
1790509628.0,7.8118,0.1865,2.81,-0.059,25
1790509628.1,7.8234,0.1871,2.83,0.251,26
1790509628.2,7.8405,0.1879,2.85,0.114,26
1790509628.3,7.8597,0.1889,2.84,-0.043,28
1790509628.4,7.8787,0.1898,2.84,-0.041,23
1790509628.5,7.8964,0.1907,2.86,0.177,25
1790509628.6,7.9126,0.1915,2.88,0.133,23
1790509628.7,7.9343,0.1925,2.86,-0.017,24
1790509628.8,7.9501,0.1933,2.86,0.034,24
1790509628.9,7.9660,0.1941,2.88,0.212,24
1790509629.0,7.9876,0.1952,2.91,0.165,26
1790509629.1,7.9967,0.1957,2.90,-0.135,24
1790509629.2,8.0204,0.1969,2.89,-0.019,23
1790509629.3,8.0378,0.1978,2.92,0.311,26
1790509629.4,8.0551,0.1986,2.92,-0.005,28
1790509629.5,8.0733,0.1995,2.90,-0.233,25
1790509629.6,8.0898,0.2004,2.91,0.024,26
1790509629.7,8.1080,0.2013,2.93,0.241,26
1790509629.8,8.1262,0.2022,2.94,0.190,20
1790509629.9,8.1428,0.2031,2.92,-0.179,23
1790509630.0,8.1606,0.2040,2.93,0.080,24
1790509630.1,8.1799,0.2050,2.97,0.351,25
1790509630.2,8.1958,0.2058,2.98,0.252,26
1790509630.3,8.2143,0.2068,2.97,-0.190,24
1790509630.4,8.2308,0.2076,2.98,0.125,25
1790509630.5,8.2485,0.2085,2.99,0.172,25
1790509630.6,8.2646,0.2093,2.99,0.123,27
1790509630.7,8.2841,0.2105,2.99,-0.152,23
1790509630.8,8.3044,0.2115,2.98,0.107,23
1790509630.9,8.3231,0.2125,2.99,0.093,25
1790509631.0,8.3367,0.2133,3.01,0.182,26
1790509631.1,8.3486,0.2138,3.01,-0.074,24
1790509631.2,8.3663,0.2148,3.00,0.036,25
1790509631.3,8.3937,0.2162,3.02,0.176,24
1790509631.4,8.4079,0.2170,3.04,0.104,26
1790509631.5,8.4281,0.2180,3.04,0.012,26
1790509631.6,8.4460,0.2190,3.01,-0.068,27
1790509631.7,8.4600,0.2197,3.03,0.118,25
1790509631.8,8.4799,0.2208,3.06,0.080,25
1790509631.9,8.4980,0.2218,3.08,-0.147,25
1790509632.0,8.5153,0.2228,3.06,-0.011,24
1790509632.1,8.5329,0.2237,3.08,0.325,25
1790509632.2,8.5497,0.2246,3.11,0.124,26
1790509632.3,8.5743,0.2259,3.11,-0.094,25
1790509632.4,8.5884,0.2266,3.09,-0.060,25
1790509632.5,8.6070,0.2277,3.11,0.218,27
1790509632.6,8.6229,0.2285,3.13,0.241,22
1790509632.7,8.6410,0.2295,3.15,-0.033,26
1790509632.8,8.6607,0.2306,3.13,-0.041,24
1790509632.9,8.6766,0.2315,3.14,0.215,25
1790509633.0,8.6942,0.2324,3.17,0.207,24
1790509633.1,8.7084,0.2332,3.16,0.010,24
1790509633.2,8.7253,0.2342,3.15,-0.182,25
1790509633.3,8.7453,0.2353,3.16,0.066,27
1790509633.4,8.7565,0.2359,3.17,0.225,25
1790509633.5,8.7792,0.2371,3.17,0.048,25
1790509633.6,8.7968,0.2381,3.16,-0.276,26
1790509633.7,8.8150,0.2391,3.16,0.056,25
1790509633.8,8.8321,0.2401,3.20,0.295,25
1790509633.9,8.8486,0.2410,3.21,0.114,25
1790509634.0,8.8662,0.2420,3.18,-0.351,25
1790509634.1,8.8844,0.2430,3.19,0.037,25
1790509634.2,8.9024,0.2441,3.21,0.265,26
1790509634.3,8.9224,0.2453,3.24,0.040,27
1790509634.4,8.9398,0.2462,3.23,-0.127,24
1790509634.5,8.9574,0.2472,3.24,0.091,25
1790509634.6,8.9749,0.2482,3.26,0.257,28
1790509634.7,8.9936,0.2493,3.27,0.119,26
1790509634.8,9.0102,0.2503,3.28,-0.060,26
1790509634.9,9.0279,0.2513,3.28,0.053,27
1790509635.0,9.0465,0.2523,3.28,0.141,26
1790509635.1,9.0633,0.2534,3.31,0.098,24
1790509635.2,9.0818,0.2545,3.32,-0.083,26
1790509635.3,9.0994,0.2555,3.29,-0.048,25
1790509635.4,9.1175,0.2565,3.28,0.047,27
1790509635.5,9.1253,0.2570,3.32,0.117,27
1790509635.6,9.1424,0.2579,3.33,0.028,26
1790509635.7,9.1694,0.2595,3.31,-0.003,26
1790509635.8,9.1872,0.2606,3.33,0.053,24
1790509635.9,9.2029,0.2615,3.35,0.193,23
1790509636.0,9.2233,0.2627,3.36,0.029,26
1790509636.1,9.2326,0.2632,3.35,0.016,26
1790509636.2,9.2598,0.2648,3.35,0.033,25
1790509636.3,9.2778,0.2659,3.37,0.191,27
1790509636.4,9.2962,0.2669,3.38,0.109,23
1790509636.5,9.3132,0.2680,3.37,-0.049,25
1790509636.6,9.3308,0.2690,3.37,0.015,22
1790509636.7,9.3481,0.2701,3.40,0.248,25
1790509636.8,9.3663,0.2711,3.41,0.043,27
1790509636.9,9.3815,0.2721,3.41,-0.028,28
1790509637.0,9.3990,0.2731,3.39,-0.019,24
1790509637.1,9.4151,0.2740,3.40,0.207,27
1790509637.2,9.4350,0.2752,3.42,0.158,23
1790509637.3,9.4546,0.2765,3.42,-0.137,24
1790509637.4,9.4732,0.2776,3.42,-0.031,27
1790509637.5,9.4877,0.2784,3.43,0.264,27
1790509637.6,9.4966,0.2789,3.43,0.174,25
1790509637.7,9.5164,0.2801,3.43,-0.085,25
1790509637.8,9.5399,0.2815,3.42,-0.089,25
1790509637.9,9.5582,0.2827,3.43,0.100,27
1790509638.0,9.5724,0.2836,3.44,0.008,26
1790509638.1,9.5823,0.2842,3.46,0.063,25
1790509638.2,9.5875,0.2845,3.47,0.264,26
1790509638.3,9.5879,0.2845,3.47,0.144,24
1790509638.4,9.5877,0.2845,3.47,-0.010,28
1790509638.5,9.5882,0.2846,3.47,-0.055,21
1790509638.6,9.5887,0.2846,3.48,-0.018,26
1790509638.7,9.5873,0.2845,3.47,-0.022,25
1790509638.8,9.5873,0.2845,3.47,-0.034,24
1790509638.9,9.5875,0.2845,3.48,0.049,25
1790509639.0,9.5877,0.2845,3.48,0.029,29
1790509639.1,9.5875,0.2845,3.48,0.033,26
1790509639.2,9.5875,0.2845,3.48,-0.015,23
1790509639.3,9.5875,0.2845,3.48,-0.062,26
1790509639.4,9.5873,0.2845,3.48,0.068,26
1790509639.5,9.5874,0.2845,3.48,-0.005,24
1790509639.6,9.5874,0.2845,3.48,-0.011,26
1790509639.7,9.5873,0.2845,3.48,0.036,27
1790509639.8,9.5873,0.2845,3.48,-0.021,25
1790509639.9,9.5872,0.2845,3.48,-0.016,25
1790509640.0,9.5873,0.2845,3.48,0.007,24
1790509640.1,9.5875,0.2845,3.47,0.001,26
1790509640.2,9.5870,0.2845,3.48,0.013,28
1790509640.3,9.5872,0.2845,3.47,-0.028,28
1790509640.4,9.5875,0.2845,3.48,-0.045,26
1790509640.5,9.5875,0.2845,3.48,-0.011,25
1790509640.6,9.5875,0.2845,3.48,-0.001,26
1790509640.7,9.5874,0.2845,3.48,0.020,25
1790509640.8,9.5872,0.2845,3.48,0.012,23
1790509640.9,9.5875,0.2845,3.48,-0.044,26
1790509641.0,9.5875,0.2845,3.47,0.006,24
1790509641.1,9.5875,0.2845,3.47,-0.001,26
1790509641.2,9.5872,0.2845,3.47,-0.008,27
1790509641.3,9.5871,0.2845,3.47,0.012,25
1790509641.4,9.5873,0.2845,3.47,0.002,25
1790509641.5,9.5876,0.2845,3.47,-0.008,25
1790509641.6,9.5872,0.2845,3.47,-0.008,25
1790509641.7,9.5872,0.2845,3.47,0.007,26
1790509641.8,9.5874,0.2845,3.46,-0.009,26
1790509641.9,9.5874,0.2845,3.47,0.030,26
1790509642.0,9.5873,0.2845,3.47,-0.004,21
1790509642.1,9.5871,0.2845,3.46,-0.014,25
1790509642.2,9.5872,0.2845,3.46,-0.037,24
1790509642.3,9.5878,0.2845,3.46,0.014,27
1790509642.4,9.5878,0.2845,3.47,0.008,22
1790509642.5,9.5879,0.2845,3.47,0.009,26
1790509642.6,9.5879,0.2845,3.47,-0.037,25
1790509642.7,9.5875,0.2845,3.47,-0.025,24
1790509642.8,9.5878,0.2845,3.47,0.010,25
1790509642.9,9.5882,0.2846,3.47,-0.011,26
1790509643.0,9.5882,0.2846,3.47,-0.002,25
1790509643.1,9.5882,0.2846,3.47,0.012,27
1790509643.2,9.5881,0.2846,3.47,0.007,25
1790509643.3,9.5880,0.2846,3.47,-0.032,24
1790509643.4,9.5880,0.2846,3.46,-0.027,23
1790509643.5,9.5879,0.2846,3.46,0.029,24
1790509643.6,9.5879,0.2845,3.47,0.027,27
1790509643.7,9.5878,0.2845,3.47,0.012,25
1790509643.8,9.5883,0.2846,3.47,-0.011,26
1790509643.9,9.5883,0.2846,3.47,-0.031,26
1790509644.0,9.5886,0.2846,3.47,-0.013,25
1790509644.1,9.5884,0.2846,3.47,-0.003,25
1790509644.2,9.5884,0.2846,3.47,0.008,26
1790509644.3,9.5884,0.2846,3.47,0.014,24
1790509644.4,9.5884,0.2846,3.47,-0.013,25
1790509644.5,9.5884,0.2846,3.47,-0.015,25
1790509644.6,9.5888,0.2846,3.47,-0.032,25
1790509644.7,9.5886,0.2846,3.46,-0.043,25
1790509644.8,9.5885,0.2846,3.46,0.023,24
1790509644.9,9.5896,0.2847,3.47,-0.005,26
1790509645.0,9.5893,0.2846,3.46,0.014,23
1790509645.1,9.5893,0.2846,3.46,-0.021,25
1790509645.2,9.5893,0.2846,3.47,0.006,25
1790509645.3,9.5894,0.2847,3.46,-0.037,26
1790509645.4,9.5886,0.2846,3.46,-0.021,27
1790509645.5,9.5888,0.2846,3.46,-0.006,27
1790509645.6,9.5880,0.2846,3.46,-0.022,24
1790509645.7,9.5881,0.2846,3.46,0.004,24
1790509645.8,9.5877,0.2845,3.46,-0.006,26
1790509645.9,9.5877,0.2845,3.45,-0.015,25
1790509646.0,9.5880,0.2846,3.46,0.002,23
1790509646.1,9.5879,0.2846,3.46,-0.003,26
1790509646.2,9.5880,0.2846,3.46,-0.022,25
1790509646.3,9.5880,0.2846,3.46,0.014,25
1790509646.4,9.5877,0.2845,3.46,-0.009,23
1790509646.5,9.5877,0.2845,3.46,-0.013,25
1790509646.6,9.5878,0.2845,3.46,-0.013,25
1790509646.7,9.5882,0.2846,3.45,-0.033,24
1790509646.8,9.5881,0.2846,3.45,-0.012,24
1790509646.9,9.5882,0.2846,3.45,-0.004,26
1790509647.0,9.5882,0.2846,3.45,0.051,27
1790509647.1,9.5882,0.2846,3.45,0.014,26
1790509647.2,9.5882,0.2846,3.45,0.009,26
1790509647.3,9.5879,0.2846,3.45,0.023,24
1790509647.4,9.5879,0.2846,3.45,0.008,27
1790509647.5,9.5884,0.2846,3.45,-0.033,25
1790509647.6,9.5879,0.2846,3.45,-0.034,26
1790509647.7,9.5882,0.2846,3.45,0.014,25
1790509647.8,9.5882,0.2846,3.45,-0.016,25
1790509647.9,9.5881,0.2846,3.45,0.017,25
1790509648.0,9.5882,0.2846,3.46,0.051,26
1790509648.1,9.5882,0.2846,3.45,0.027,27
1790509648.2,9.5882,0.2846,3.45,0.015,25
1790509648.3,9.5883,0.2846,3.46,0.006,26
1790509648.4,9.5885,0.2846,3.46,-0.039,26
1790509648.5,9.5885,0.2846,3.46,0.038,26
1790509648.6,9.5884,0.2846,3.46,-0.007,25
1790509648.7,9.5880,0.2846,3.46,0.033,24
1790509648.8,9.5885,0.2846,3.46,0.037,26
1790509648.9,9.5885,0.2846,3.46,-0.012,26
1790509649.0,9.5885,0.2846,3.46,-0.006,24
1790509649.1,9.5884,0.2846,3.46,-0.013,26
1790509649.2,9.5884,0.2846,3.46,-0.006,26
1790509649.3,9.5884,0.2846,3.46,-0.011,23
1790509649.4,9.5882,0.2846,3.46,-0.025,24
1790509649.5,9.5884,0.2846,3.46,0.014,25
1790509649.6,9.5882,0.2846,3.46,-0.009,26
1790509649.7,9.5882,0.2846,3.45,-0.047,27
1790509649.8,9.5883,0.2846,3.45,0.060,24
1790509649.9,9.5884,0.2846,3.45,0.003,28
1790509650.0,9.5884,0.2846,3.45,-0.016,24
1790509650.1,9.5883,0.2846,3.45,0.008,26
1790509650.2,9.5883,0.2846,3.46,0.013,24
1790509650.3,9.5883,0.2846,3.46,0.029,23
1790509650.4,9.5885,0.2846,3.46,-0.018,26
1790509650.5,9.5885,0.2846,3.46,0.022,25
1790509650.6,9.5887,0.2846,3.46,0.006,25
1790509650.7,9.5885,0.2846,3.47,0.047,26
1790509650.8,9.5885,0.2846,3.46,-0.005,22
1790509650.9,9.5883,0.2846,3.46,0.049,23
1790509651.0,9.5885,0.2846,3.46,-0.006,26
1790509651.1,9.5885,0.2846,3.46,-0.015,23
1790509651.2,9.5884,0.2846,3.47,0.043,27
1790509651.3,9.5883,0.2846,3.47,-0.026,24
1790509651.4,9.5885,0.2846,3.46,-0.030,25
1790509651.5,9.5885,0.2846,3.46,0.019,25
1790509651.6,9.5885,0.2846,3.47,0.026,25
1790509651.7,9.5887,0.2846,3.47,0.028,25
1790509651.8,9.5887,0.2846,3.47,0.012,24
1790509651.9,9.5888,0.2846,3.47,0.043,26
1790509652.0,9.5886,0.2846,3.47,0.012,25
1790509652.1,9.5880,0.2846,3.47,-0.008,26
1790509652.2,9.5884,0.2846,3.47,0.007,25
1790509652.3,9.5884,0.2846,3.47,0.017,24
1790509652.4,9.5884,0.2846,3.47,-0.039,25
1790509652.5,9.5886,0.2846,3.47,0.008,25
1790509652.6,9.5884,0.2846,3.47,0.015,24
1790509652.7,9.5884,0.2846,3.47,-0.027,26
1790509652.8,9.5885,0.2846,3.47,0.029,25
1790509652.9,9.5885,0.2846,3.47,-0.000,25
1790509653.0,9.5885,0.2846,3.47,0.030,25
1790509653.1,9.5887,0.2846,3.47,-0.003,26
1790509653.2,9.5882,0.2846,3.47,-0.028,25
1790509653.3,9.5884,0.2846,3.47,0.016,24
1790509653.4,9.5884,0.2846,3.48,0.056,22
1790509653.5,9.5883,0.2846,3.47,-0.035,24
1790509653.6,9.5886,0.2846,3.48,-0.008,26
1790509653.7,9.5886,0.2846,3.47,0.031,24
1790509653.8,9.5881,0.2846,3.48,0.002,26
1790509653.9,9.5882,0.2846,3.48,-0.005,26
1790509654.0,9.5882,0.2846,3.48,0.029,24
1790509654.1,9.5886,0.2846,3.48,0.001,25
1790509654.2,9.5884,0.2846,3.47,0.025,26
1790509654.3,9.5880,0.2846,3.48,-0.003,26
1790509654.4,9.5890,0.2846,3.48,-0.011,25
1790509654.5,9.5888,0.2846,3.48,0.009,27
1790509654.6,9.5888,0.2846,3.48,0.028,26
1790509654.7,9.5888,0.2846,3.48,0.007,25
1790509654.8,9.5890,0.2846,3.48,-0.014,25
1790509654.9,9.5889,0.2846,3.49,0.021,24
1790509655.0,9.5889,0.2846,3.49,-0.004,26
1790509655.1,9.5891,0.2846,3.48,-0.053,28
1790509655.2,9.5888,0.2846,3.48,0.004,27
1790509655.3,9.5888,0.2846,3.49,0.013,26
1790509655.4,9.5889,0.2846,3.49,0.001,23
1790509655.5,9.5888,0.2846,3.49,-0.015,25
1790509655.6,9.5888,0.2846,3.49,-0.014,25
1790509655.7,9.5889,0.2846,3.48,0.003,26
1790509655.8,9.5889,0.2846,3.48,-0.046,26
1790509655.9,9.5881,0.2846,3.48,0.019,25
1790509656.0,9.5881,0.2846,3.48,-0.008,25
1790509656.1,9.5885,0.2846,3.48,-0.005,26
1790509656.2,9.5883,0.2846,3.49,-0.002,27
1790509656.3,9.5883,0.2846,3.48,-0.018,24
1790509656.4,9.5882,0.2846,3.48,0.020,26
1790509656.5,9.5880,0.2846,3.48,0.014,23
1790509656.6,9.5882,0.2846,3.48,-0.008,26
1790509656.7,9.5882,0.2846,3.48,-0.011,27
1790509656.8,9.5880,0.2846,3.47,-0.053,27
1790509656.9,9.5880,0.2846,3.48,0.014,25
1790509657.0,9.5883,0.2846,3.48,0.020,25
1790509657.1,9.5883,0.2846,3.48,0.013,25
1790509657.2,9.5881,0.2846,3.48,-0.014,26
1790509657.3,9.5883,0.2846,3.47,0.003,26
1790509657.4,9.5883,0.2846,3.48,0.056,25
1790509657.5,9.5886,0.2846,3.48,0.012,25
1790509657.6,9.5881,0.2846,3.48,0.020,26
1790509657.7,9.5882,0.2846,3.48,0.037,25
1790509657.8,9.5880,0.2846,3.48,-0.038,25
1790509657.9,9.5880,0.2846,3.48,0.044,26
1790509658.0,9.5880,0.2846,3.48,-0.017,26
1790509658.1,9.5881,0.2846,3.48,-0.010,24
1790509658.2,9.5878,0.2845,3.48,0.008,27
1790509658.3,9.5877,0.2845,3.48,0.016,24
1790509658.4,9.5877,0.2845,3.49,0.039,25
1790509658.5,9.5879,0.2845,3.49,0.030,25
1790509658.6,9.5881,0.2846,3.49,0.008,27
1790509658.7,9.5881,0.2846,3.49,0.073,27
1790509658.8,9.5880,0.2846,3.50,0.050,25
1790509658.9,9.5880,0.2846,3.50,-0.009,25
1790509659.0,9.5876,0.2845,3.49,0.008,26
1790509659.1,9.5878,0.2845,3.49,-0.026,26
1790509659.2,9.5878,0.2845,3.49,0.005,25
1790509659.3,9.5877,0.2845,3.50,0.008,25
1790509659.4,9.5881,0.2846,3.50,0.008,26
1790509659.5,9.5881,0.2846,3.50,-0.027,28
1790509659.6,9.5881,0.2846,3.49,0.012,22
1790509659.7,9.5882,0.2846,3.50,-0.024,26
1790509659.8,9.5882,0.2846,3.50,0.008,24
1790509659.9,9.5880,0.2846,3.49,0.038,25
1790509660.0,9.5879,0.2846,3.50,-0.020,24
1790509660.1,9.5879,0.2846,3.49,-0.011,27
1790509660.2,9.5879,0.2846,3.49,-0.022,27
1790509660.3,9.5881,0.2846,3.49,0.013,26
1790509660.4,9.5881,0.2846,3.49,-0.000,26
1790509660.5,9.5881,0.2846,3.50,0.002,25
1790509660.6,9.5881,0.2846,3.50,-0.007,26
1790509660.7,9.5878,0.2846,3.49,0.000,27
1790509660.8,9.5881,0.2846,3.49,-0.026,26
1790509660.9,9.5879,0.2846,3.49,-0.029,26
1790509661.0,9.5879,0.2846,3.49,-0.007,25
1790509661.1,9.5879,0.2846,3.49,-0.062,27
1790509661.2,9.5882,0.2846,3.49,-0.011,26
1790509661.3,9.5881,0.2846,3.48,-0.038,26
1790509661.4,9.5879,0.2846,3.49,0.028,25
1790509661.5,9.5879,0.2846,3.49,0.009,25
1790509661.6,9.5880,0.2846,3.48,-0.009,24
1790509661.7,9.5883,0.2846,3.48,-0.020,25
1790509661.8,9.5882,0.2846,3.48,-0.025,23
1790509661.9,9.5882,0.2846,3.47,-0.013,26
1790509662.0,9.5880,0.2846,3.47,-0.011,21
1790509662.1,9.5882,0.2846,3.48,0.053,25
1790509662.2,9.5882,0.2846,3.48,-0.022,26
1790509662.3,9.5882,0.2846,3.48,0.016,24
1790509662.4,9.5880,0.2846,3.48,-0.004,26
1790509662.5,9.5881,0.2846,3.48,-0.030,27
1790509662.6,9.5881,0.2846,3.47,-0.053,24
1790509662.7,9.5882,0.2846,3.48,0.008,26
1790509662.8,9.5882,0.2846,3.48,-0.006,25
1790509662.9,9.5882,0.2846,3.48,-0.010,26
1790509663.0,9.5880,0.2846,3.48,0.011,23
1790509663.1,9.5880,0.2846,3.48,-0.049,26
1790509663.2,9.5880,0.2846,3.48,0.058,24
1790509663.3,9.5881,0.2846,3.48,0.045,22
1790509663.4,9.5881,0.2846,3.48,-0.002,27
1790509663.5,9.5879,0.2846,3.49,0.011,25
1790509663.6,9.5879,0.2846,3.48,-0.032,25
1790509663.7,9.5883,0.2846,3.48,0.002,23
1790509663.8,9.5883,0.2846,3.48,0.008,25
1790509663.9,9.5881,0.2846,3.48,-0.022,24
1790509664.0,9.5881,0.2846,3.48,-0.011,25
1790509664.1,9.5883,0.2846,3.48,0.008,25
1790509664.2,9.5885,0.2846,3.48,-0.024,26
1790509664.3,9.5884,0.2846,3.48,-0.015,25
1790509664.4,9.5884,0.2846,3.48,0.018,24
1790509664.5,9.5883,0.2846,3.48,-0.007,23
1790509664.6,9.5885,0.2846,3.48,-0.028,26
1790509664.7,9.5885,0.2846,3.49,0.004,26
1790509664.8,9.5883,0.2846,3.48,-0.004,25
1790509664.9,9.5884,0.2846,3.49,-0.031,26
1790509665.0,9.5883,0.2846,3.49,0.026,25
1790509665.1,9.5883,0.2846,3.49,0.029,25
1790509665.2,9.5883,0.2846,3.49,0.009,26
1790509665.3,9.5884,0.2846,3.50,-0.029,23
1790509665.4,9.5884,0.2846,3.50,0.032,25
1790509665.5,9.5883,0.2846,3.50,-0.001,26
1790509665.6,9.5885,0.2846,3.50,-0.016,25
1790509665.7,9.5886,0.2846,3.50,0.012,25
1790509665.8,9.5885,0.2846,3.50,0.010,25
1790509665.9,9.5885,0.2846,3.50,-0.016,27
1790509666.0,9.5882,0.2846,3.50,-0.016,26
1790509666.1,9.5882,0.2846,3.50,-0.006,24
1790509666.2,9.5882,0.2846,3.50,-0.029,28
1790509666.3,9.5883,0.2846,3.50,-0.002,25
1790509666.4,9.5883,0.2846,3.50,0.030,27
1790509666.5,9.5881,0.2846,3.50,-0.007,27
1790509666.6,9.5881,0.2846,3.50,0.000,24
1790509666.7,9.5882,0.2846,3.50,-0.030,25
1790509666.8,9.5884,0.2846,3.50,0.009,27
1790509666.9,9.5882,0.2846,3.50,-0.029,27
1790509667.0,9.5882,0.2846,3.50,-0.023,26
1790509667.1,9.5882,0.2846,3.50,0.034,25
1790509667.2,9.5881,0.2846,3.50,-0.004,26
1790509667.3,9.5881,0.2846,3.50,0.011,24
1790509667.4,9.5882,0.2846,3.50,0.016,27
1790509667.5,9.5885,0.2846,3.50,0.014,24
1790509667.6,9.5881,0.2846,3.50,-0.010,26
1790509667.7,9.5881,0.2846,3.50,-0.019,25
1790509667.8,9.5880,0.2846,3.50,-0.007,25
1790509667.9,9.5882,0.2846,3.50,0.012,25
1790509668.0,9.5878,0.2845,3.50,0.053,25
1790509668.1,9.5878,0.2845,3.51,0.040,25
1790509668.2,9.5879,0.2846,3.50,-0.009,23
1790509668.3,9.5882,0.2846,3.51,-0.008,27
1790509668.4,9.5877,0.2845,3.51,-0.002,25
1790509668.5,9.5877,0.2845,3.51,0.008,25
1790509668.6,9.5878,0.2845,3.51,0.008,25
1790509668.7,9.5879,0.2846,3.51,0.002,25
1790509668.8,9.5879,0.2846,3.51,0.037,25
1790509668.9,9.5880,0.2846,3.51,-0.025,25
1790509669.0,9.5880,0.2846,3.51,-0.023,27
1790509669.1,9.5879,0.2846,3.51,0.014,24
1790509669.2,9.5879,0.2846,3.51,0.014,27
1790509669.3,9.5876,0.2845,3.51,0.004,26
1790509669.4,9.5878,0.2845,3.51,0.001,24
1790509669.5,9.5878,0.2845,3.51,-0.012,24
1790509669.6,9.5876,0.2845,3.51,0.037,25
1790509669.7,9.5874,0.2845,3.52,-0.026,26
1790509669.8,9.5879,0.2846,3.51,-0.029,24
1790509669.9,9.5875,0.2845,3.52,-0.042,26
1790509670.0,9.5875,0.2845,3.52,-0.005,25
1790509670.1,9.5876,0.2845,3.51,-0.039,25
1790509670.2,9.5878,0.2845,3.51,0.041,25
1790509670.3,9.5880,0.2846,3.52,-0.021,25
1790509670.4,9.5880,0.2846,3.52,0.037,27
1790509670.5,9.5879,0.2846,3.51,-0.039,26
1790509670.6,9.5875,0.2845,3.51,-0.004,26
1790509670.7,9.5875,0.2845,3.51,-0.002,25
1790509670.8,9.5877,0.2845,3.51,0.018,27
1790509670.9,9.5877,0.2845,3.51,-0.036,25
1790509671.0,9.5877,0.2845,3.51,0.003,25
1790509671.1,9.5879,0.2846,3.50,-0.028,26
1790509671.2,9.5879,0.2846,3.50,-0.016,24
1790509671.3,9.5879,0.2846,3.49,0.001,25
1790509671.4,9.5879,0.2846,3.50,0.019,25
1790509671.5,9.5877,0.2845,3.50,-0.023,26
1790509671.6,9.5878,0.2845,3.50,0.042,23
1790509671.7,9.5881,0.2846,3.51,0.011,25
1790509671.8,9.5881,0.2846,3.51,0.016,25
1790509671.9,9.5879,0.2846,3.51,-0.006,23
1790509672.0,9.5880,0.2846,3.50,0.026,25
1790509672.1,9.5882,0.2846,3.51,0.015,25
1790509672.2,9.5882,0.2846,3.51,-0.022,24
1790509672.3,9.5882,0.2846,3.51,-0.001,26
1790509672.4,9.5879,0.2846,3.51,0.004,27
1790509672.5,9.5877,0.2845,3.51,0.053,24
1790509672.6,9.5877,0.2845,3.51,-0.001,26
1790509672.7,9.5879,0.2846,3.51,0.013,26
1790509672.8,9.5878,0.2846,3.51,-0.026,26
1790509672.9,9.5878,0.2846,3.51,-0.023,25
1790509673.0,9.5878,0.2845,3.50,-0.026,24
1790509673.1,9.5878,0.2846,3.50,0.029,24
1790509673.2,9.5878,0.2846,3.51,-0.044,24
1790509673.3,9.5878,0.2846,3.50,-0.035,26
1790509673.4,9.5880,0.2846,3.51,0.023,27
1790509673.5,9.5878,0.2845,3.51,0.047,23
1790509673.6,9.5878,0.2845,3.51,-0.009,27
1790509673.7,9.5880,0.2846,3.51,0.013,26
1790509673.8,9.5881,0.2846,3.52,0.043,26
1790509673.9,9.5873,0.2845,3.51,0.011,25
1790509674.0,9.5873,0.2845,3.51,0.026,26
1790509674.1,9.5874,0.2845,3.51,0.024,24
1790509674.2,9.5876,0.2845,3.52,0.036,25
1790509674.3,9.5871,0.2845,3.51,-0.014,27
1790509674.4,9.5871,0.2845,3.52,0.021,23
1790509674.5,9.5875,0.2845,3.52,0.012,26
1790509674.6,9.5875,0.2845,3.51,-0.022,27
1790509674.7,9.5872,0.2845,3.51,0.013,24
1790509674.8,9.5872,0.2845,3.52,0.016,25
1790509674.9,9.5870,0.2845,3.52,0.010,26
1790509675.0,9.5875,0.2845,3.52,-0.016,24
1790509675.1,9.5875,0.2845,3.52,-0.003,26
1790509675.2,9.5874,0.2845,3.51,-0.010,26
1790509675.3,9.5875,0.2845,3.51,-0.032,27
1790509675.4,9.5874,0.2845,3.51,0.020,26
1790509675.5,9.5874,0.2845,3.51,-0.006,26
1790509675.6,9.5873,0.2845,3.51,-0.029,24
1790509675.7,9.5870,0.2845,3.51,-0.022,26
1790509675.8,9.5877,0.2845,3.51,-0.028,26
1790509675.9,9.5877,0.2845,3.51,-0.038,27
1790509676.0,9.5877,0.2845,3.51,0.015,23
1790509676.1,9.5875,0.2845,3.51,0.009,24
1790509676.2,9.5875,0.2845,3.51,-0.019,26
1790509676.3,9.5876,0.2845,3.51,-0.013,26
1790509676.4,9.5876,0.2845,3.50,-0.022,25
1790509676.5,9.5875,0.2845,3.51,0.002,22
1790509676.6,9.5874,0.2845,3.50,-0.030,26
1790509676.7,9.5874,0.2845,3.50,-0.050,23
1790509676.8,9.5876,0.2845,3.50,-0.026,25
1790509676.9,9.5876,0.2845,3.50,-0.012,26
1790509677.0,9.5876,0.2845,3.50,-0.022,27
1790509677.1,9.5874,0.2845,3.51,-0.001,27
1790509677.2,9.5875,0.2845,3.51,0.012,25
1790509677.3,9.5878,0.2846,3.50,-0.013,24
1790509677.4,9.5878,0.2846,3.50,-0.023,25
1790509677.5,9.5877,0.2845,3.50,0.019,24
1790509677.6,9.5875,0.2845,3.50,-0.005,26
1790509677.7,9.5875,0.2845,3.50,0.046,25
1790509677.8,9.5875,0.2845,3.50,0.009,26
1790509677.9,9.5874,0.2845,3.51,-0.007,26
1790509678.0,9.5873,0.2845,3.51,-0.014,25
1790509678.1,9.5873,0.2845,3.51,0.019,26
1790509678.2,9.5874,0.2845,3.51,0.012,26
1790509678.3,9.5874,0.2845,3.51,-0.001,25
1790509678.4,9.5874,0.2845,3.51,-0.000,26
1790509678.5,9.5875,0.2845,3.51,0.029,26
1790509678.6,9.5876,0.2845,3.51,0.018,26
1790509678.7,9.5871,0.2845,3.51,0.015,24
1790509678.8,9.5871,0.2845,3.51,-0.022,27
1790509678.9,9.5873,0.2845,3.51,-0.012,24
1790509679.0,9.5872,0.2845,3.52,0.006,27
1790509679.1,9.5877,0.2846,3.52,0.014,25
1790509679.2,9.5877,0.2846,3.52,0.023,26
1790509679.3,9.5878,0.2846,3.52,0.012,24
1790509679.4,9.5877,0.2846,3.52,-0.001,25
1790509679.5,9.5876,0.2845,3.52,-0.029,25
1790509679.6,9.5876,0.2845,3.52,0.037,26
1790509679.7,9.5876,0.2845,3.52,-0.007,25
1790509679.8,9.5873,0.2845,3.52,0.015,26
1790509679.9,9.5873,0.2845,3.52,0.008,23
1790509680.0,9.5874,0.2845,3.52,0.017,26
1790509680.1,9.5872,0.2845,3.52,0.041,27
1790509680.2,9.5878,0.2846,3.52,-0.018,26
1790509680.3,9.5878,0.2846,3.52,-0.002,23
1790509680.4,9.5875,0.2845,3.51,-0.011,25
1790509680.5,9.5875,0.2845,3.51,-0.002,25
1790509680.6,9.5876,0.2845,3.51,-0.014,26
1790509680.7,9.5876,0.2845,3.51,-0.008,27
1790509680.8,9.5879,0.2846,3.51,-0.005,24
1790509680.9,9.5873,0.2845,3.52,0.013,26
1790509681.0,9.5873,0.2845,3.52,-0.003,25
1790509681.1,9.5877,0.2845,3.51,-0.019,27
1790509681.2,9.5876,0.2845,3.51,-0.011,25
1790509681.3,9.5876,0.2845,3.51,-0.037,24
1790509681.4,9.5876,0.2845,3.51,-0.046,26
1790509681.5,9.5879,0.2846,3.51,-0.040,25
1790509681.6,9.5880,0.2846,3.51,-0.021,26
1790509681.7,9.5880,0.2846,3.51,0.015,23
1790509681.8,9.5874,0.2845,3.51,-0.013,25
1790509681.9,9.5874,0.2845,3.50,0.040,23
1790509682.0,9.5874,0.2845,3.51,-0.059,25
1790509682.1,9.5874,0.2845,3.51,0.016,24
1790509682.2,9.5870,0.2845,3.50,0.003,26
1790509682.3,9.5874,0.2845,3.50,0.047,24
1790509682.4,9.5872,0.2845,3.51,0.022,26
1790509682.5,9.5872,0.2845,3.51,0.034,24
1790509682.6,9.5871,0.2845,3.50,0.000,27
1790509682.7,9.5870,0.2845,3.50,-0.012,24
1790509682.8,9.5870,0.2845,3.50,-0.026,27
1790509682.9,9.5868,0.2845,3.50,0.050,27
1790509683.0,9.5868,0.2845,3.50,-0.020,25
1790509683.1,9.5870,0.2845,3.51,0.005,26
1790509683.2,9.5870,0.2845,3.51,0.030,24
1790509683.3,9.5870,0.2845,3.51,0.016,24
1790509683.4,9.5870,0.2845,3.50,-0.048,25
1790509683.5,9.5873,0.2845,3.50,-0.015,25
1790509683.6,9.5873,0.2845,3.50,0.003,24
1790509683.7,9.5868,0.2845,3.50,0.009,25
1790509683.8,9.5867,0.2845,3.50,0.024,27
1790509683.9,9.5867,0.2845,3.50,-0.013,25
1790509684.0,9.5869,0.2845,3.50,-0.003,24
1790509684.1,9.5870,0.2845,3.50,0.019,24
1790509684.2,9.5870,0.2845,3.50,-0.007,26
1790509684.3,9.5870,0.2845,3.51,0.031,24
1790509684.4,9.5869,0.2845,3.50,-0.047,24
1790509684.5,9.5869,0.2845,3.50,0.020,27
1790509684.6,9.5871,0.2845,3.50,0.025,26
1790509684.7,9.5871,0.2845,3.50,-0.019,25
1790509684.8,9.5871,0.2845,3.50,-0.009,24
1790509684.9,9.5871,0.2845,3.50,-0.010,26
1790509685.0,9.5869,0.2845,3.50,-0.038,26
1790509685.1,9.5869,0.2845,3.50,0.040,27
1790509685.2,9.5876,0.2845,3.51,0.072,25
1790509685.3,9.5873,0.2845,3.51,0.012,25
1790509685.4,9.5870,0.2845,3.51,-0.045,26
1790509685.5,9.5870,0.2845,3.50,-0.055,24
1790509685.6,9.5869,0.2845,3.50,-0.023,24
1790509685.7,9.5873,0.2845,3.51,0.009,24
1790509685.8,9.5872,0.2845,3.51,0.003,25
1790509685.9,9.5872,0.2845,3.51,0.045,25
1790509686.0,9.5873,0.2845,3.51,-0.029,25
1790509686.1,9.5871,0.2845,3.50,-0.024,25
1790509686.2,9.5871,0.2845,3.50,-0.019,26
1790509686.3,9.5879,0.2846,3.50,-0.037,23
1790509686.4,9.5872,0.2845,3.50,-0.014,26
1790509686.5,9.5872,0.2845,3.50,0.038,25
1790509686.6,9.5877,0.2845,3.50,-0.038,27
1790509686.7,9.5876,0.2845,3.50,-0.021,25
1790509686.8,9.5876,0.2845,3.50,-0.003,25
1790509686.9,9.5876,0.2845,3.50,0.006,25
1790509687.0,9.5875,0.2845,3.50,-0.010,25
1790509687.1,9.5875,0.2845,3.50,-0.001,24
1790509687.2,9.5878,0.2846,3.49,-0.034,25
1790509687.3,9.5878,0.2846,3.49,0.014,27
1790509687.4,9.5878,0.2846,3.49,0.014,25
1790509687.5,9.5878,0.2846,3.50,-0.008,24
1790509687.6,9.5880,0.2846,3.49,-0.025,26
1790509687.7,9.5877,0.2846,3.49,0.006,26
1790509687.8,9.5878,0.2846,3.49,-0.042,24
1790509687.9,9.5878,0.2846,3.49,-0.029,24
1790509688.0,9.5878,0.2846,3.49,0.002,25
1790509688.1,9.5875,0.2845,3.49,0.017,25
1790509688.2,9.5877,0.2845,3.49,-0.057,25
1790509688.3,9.5876,0.2845,3.49,-0.014,26
1790509688.4,9.5876,0.2845,3.50,0.021,24
1790509688.5,9.5873,0.2845,3.49,-0.022,24
1790509688.6,9.5873,0.2845,3.49,-0.002,24
1790509688.7,9.5876,0.2845,3.49,-0.004,26
1790509688.8,9.5879,0.2846,3.49,-0.010,25
1790509688.9,9.5877,0.2846,3.49,-0.004,25
1790509689.0,9.5881,0.2846,3.49,0.016,24
1790509689.1,9.5881,0.2846,3.50,0.017,26
1790509689.2,9.5878,0.2846,3.49,-0.003,27
1790509689.3,9.5878,0.2846,3.49,-0.000,24
1790509689.4,9.5877,0.2846,3.50,0.032,26
1790509689.5,9.5877,0.2846,3.50,0.012,24
1790509689.6,9.5877,0.2846,3.49,0.004,25
1790509689.7,9.5876,0.2845,3.49,-0.009,27
1790509689.8,9.5876,0.2845,3.49,0.023,26
1790509689.9,9.5879,0.2846,3.49,-0.016,28
1790509690.0,9.5880,0.2846,3.49,-0.016,23
1790509690.1,9.5879,0.2846,3.49,0.011,24
1790509690.2,9.5879,0.2846,3.49,0.008,23
1790509690.3,9.5874,0.2845,3.49,0.006,23
1790509690.4,9.5879,0.2846,3.51,0.010,27
1790509690.5,9.5877,0.2846,3.50,0.013,26
1790509690.6,9.5877,0.2846,3.50,0.016,24
1790509690.7,9.5877,0.2846,3.50,-0.024,28
1790509690.8,9.5877,0.2846,3.50,-0.020,24
1790509690.9,9.5877,0.2846,3.50,-0.026,26
1790509691.0,9.5876,0.2845,3.50,0.011,24
1790509691.1,9.5877,0.2846,3.50,-0.002,26
1790509691.2,9.5877,0.2846,3.50,0.009,26
1790509691.3,9.5869,0.2845,3.50,0.004,27
1790509691.4,9.5874,0.2845,3.50,-0.013,25
1790509691.5,9.5877,0.2846,3.50,-0.003,27
1790509691.6,9.5877,0.2846,3.50,-0.061,24
1790509691.7,9.5874,0.2845,3.50,-0.025,24
1790509691.8,9.5874,0.2845,3.49,-0.046,26
1790509691.9,9.5874,0.2845,3.49,-0.035,28
1790509692.0,9.5875,0.2845,3.50,-0.029,24
1790509692.1,9.5872,0.2845,3.49,-0.012,27
1790509692.2,9.5873,0.2845,3.50,-0.021,25
1790509692.3,9.5873,0.2845,3.50,0.025,27
1790509692.4,9.5875,0.2845,3.49,-0.037,26
1790509692.5,9.5874,0.2845,3.49,0.033,27
1790509692.6,9.5874,0.2845,3.49,-0.006,26
1790509692.7,9.5874,0.2845,3.48,0.004,23
1790509692.8,9.5875,0.2845,3.49,-0.005,24
1790509692.9,9.5873,0.2845,3.49,-0.007,24
1790509693.0,9.5873,0.2845,3.48,-0.019,25
1790509693.1,9.5873,0.2845,3.48,-0.004,26
1790509693.2,9.5873,0.2845,3.48,0.008,24
1790509693.3,9.5873,0.2845,3.47,0.004,25
1790509693.4,9.5873,0.2845,3.48,0.042,27
1790509693.5,9.5874,0.2845,3.47,-0.027,26
1790509693.6,9.5872,0.2845,3.48,0.009,26
1790509693.7,9.5875,0.2845,3.48,0.013,25
1790509693.8,9.5875,0.2845,3.48,-0.032,23
1790509693.9,9.5875,0.2845,3.48,0.008,23
1790509694.0,9.5875,0.2845,3.48,0.037,25
1790509694.1,9.5875,0.2845,3.48,-0.009,26
1790509694.2,9.5877,0.2846,3.49,0.019,27
1790509694.3,9.5877,0.2846,3.49,-0.008,26
1790509694.4,9.5879,0.2846,3.48,-0.004,26
1790509694.5,9.5879,0.2846,3.48,0.013,28
1790509694.6,9.5877,0.2846,3.49,-0.010,28
1790509694.7,9.5876,0.2846,3.48,-0.007,25
1790509694.8,9.5877,0.2846,3.48,-0.005,24
1790509694.9,9.5877,0.2846,3.49,-0.005,26
1790509695.0,9.5879,0.2846,3.49,0.003,26
1790509695.1,9.5879,0.2846,3.49,0.014,22
1790509695.2,9.5878,0.2846,3.48,0.011,26
1790509695.3,9.5876,0.2846,3.48,-0.003,25
1790509695.4,9.5877,0.2846,3.48,-0.029,27
1790509695.5,9.5878,0.2846,3.48,-0.032,26
1790509695.6,9.5878,0.2846,3.48,0.022,27
1790509695.7,9.5880,0.2846,3.48,0.024,25
1790509695.8,9.5877,0.2846,3.48,-0.047,28
1790509695.9,9.5877,0.2846,3.48,0.011,27
1790509696.0,9.5879,0.2846,3.48,0.020,25
1790509696.1,9.5880,0.2846,3.48,0.003,24
1790509696.2,9.5880,0.2846,3.48,0.015,25
1790509696.3,9.5880,0.2846,3.48,-0.000,26
1790509696.4,9.5879,0.2846,3.49,0.063,27
1790509696.5,9.5879,0.2846,3.48,-0.022,25
1790509696.6,9.5879,0.2846,3.49,0.017,25
1790509696.7,9.5879,0.2846,3.49,0.038,25
1790509696.8,9.5878,0.2846,3.49,-0.036,27
1790509696.9,9.5877,0.2846,3.49,0.015,23
1790509697.0,9.5877,0.2846,3.49,0.010,26
1790509697.1,9.5881,0.2846,3.49,0.033,26
1790509697.2,9.5880,0.2846,3.49,0.020,25
1790509697.3,9.5880,0.2846,3.49,-0.018,25
1790509697.4,9.5880,0.2846,3.49,0.008,26
1790509697.5,9.5880,0.2846,3.50,0.019,26
1790509697.6,9.5880,0.2846,3.50,0.026,26
1790509697.7,9.5880,0.2846,3.50,0.046,26
1790509697.8,9.5877,0.2846,3.50,0.005,26
1790509697.9,9.5877,0.2846,3.50,0.047,25
1790509698.0,9.5878,0.2846,3.50,0.040,24
1790509698.1,9.5878,0.2846,3.50,0.016,23
1790509698.2,9.5877,0.2846,3.50,-0.028,23
1790509698.3,9.5880,0.2846,3.50,-0.021,26
1790509698.4,9.5878,0.2846,3.51,0.029,26
1790509698.5,9.5878,0.2846,3.52,0.050,27
1790509698.6,9.5878,0.2846,3.51,0.030,27
1790509698.7,9.5879,0.2846,3.52,0.036,26
1790509698.8,9.5878,0.2846,3.52,-0.015,24
1790509698.9,9.5878,0.2846,3.52,0.009,27
1790509699.0,9.5882,0.2846,3.52,-0.023,24
1790509699.1,9.5882,0.2846,3.52,0.053,26
1790509699.2,9.5879,0.2846,3.52,0.008,26
1790509699.3,9.5879,0.2846,3.52,0.005,28
1790509699.4,9.5879,0.2846,3.52,0.026,27
1790509699.5,9.5879,0.2846,3.52,-0.015,26
1790509699.6,9.5878,0.2846,3.52,0.026,26
1790509699.7,9.5880,0.2846,3.52,0.036,25
1790509699.8,9.5879,0.2846,3.53,0.034,25
1790509699.9,9.5879,0.2846,3.53,-0.015,25
1790509700.0,9.5877,0.2846,3.53,0.008,26
1790509700.1,9.5878,0.2846,3.53,0.005,26
1790509700.2,9.5878,0.2846,3.54,0.052,26
1790509700.3,9.5878,0.2846,3.54,0.000,25
1790509700.4,9.5877,0.2846,3.54,0.027,24
1790509700.5,9.5881,0.2846,3.54,0.004,25
1790509700.6,9.5881,0.2846,3.54,-0.035,25
1790509700.7,9.5878,0.2846,3.54,0.007,24
1790509700.8,9.5879,0.2846,3.54,0.027,26
1790509700.9,9.5881,0.2846,3.54,0.044,27
1790509701.0,9.5877,0.2846,3.54,-0.011,25
1790509701.1,9.5877,0.2846,3.54,-0.012,26
1790509701.2,9.5879,0.2846,3.55,0.007,26
1790509701.3,9.5880,0.2846,3.54,-0.004,25
1790509701.4,9.5880,0.2846,3.54,0.004,25
1790509701.5,9.5875,0.2845,3.54,0.025,26
1790509701.6,9.5875,0.2845,3.55,0.006,24
1790509701.7,9.5877,0.2846,3.55,0.048,27
1790509701.8,9.5879,0.2846,3.55,-0.053,24
1790509701.9,9.5878,0.2846,3.55,0.008,26
1790509702.0,9.5878,0.2846,3.55,-0.041,19
1790509702.1,9.5880,0.2846,3.54,-0.036,26
1790509702.2,9.5881,0.2846,3.55,0.039,24
1790509702.3,9.5880,0.2846,3.54,-0.036,26
1790509702.4,9.5880,0.2846,3.54,-0.047,23
1790509702.5,9.5884,0.2846,3.54,-0.013,23
1790509702.6,9.5880,0.2846,3.53,-0.039,27
1790509702.7,9.5886,0.2846,3.53,0.001,25
1790509702.8,9.5886,0.2846,3.53,-0.018,26
1790509702.9,9.5882,0.2846,3.53,0.005,24
1790509703.0,9.5881,0.2846,3.53,0.004,26
1790509703.1,9.5885,0.2846,3.53,-0.002,27
1790509703.2,9.5885,0.2846,3.53,-0.009,27
1790509703.3,9.5882,0.2846,3.53,0.003,25
1790509703.4,9.5885,0.2846,3.53,-0.034,27
1790509703.5,9.5885,0.2846,3.53,-0.009,26
1790509703.6,9.5886,0.2846,3.53,0.016,26
1790509703.7,9.5886,0.2846,3.54,0.057,25
1790509703.8,9.5882,0.2846,3.54,0.021,23
1790509703.9,9.5882,0.2846,3.54,-0.031,26
1790509704.0,9.5882,0.2846,3.54,-0.045,25
1790509704.1,9.5883,0.2846,3.54,-0.019,25
1790509704.2,9.5882,0.2846,3.54,-0.013,25
1790509704.3,9.5883,0.2846,3.53,-0.009,25
1790509704.4,9.5883,0.2846,3.53,0.017,26
1790509704.5,9.5883,0.2846,3.53,-0.004,25
1790509704.6,9.5877,0.2846,3.53,0.007,25
1790509704.7,9.5881,0.2846,3.53,0.001,25
1790509704.8,9.5879,0.2846,3.53,-0.012,27
1790509704.9,9.5879,0.2846,3.53,0.074,25
1790509705.0,9.5879,0.2846,3.53,0.041,25
1790509705.1,9.5879,0.2846,3.54,0.006,24
1790509705.2,9.5879,0.2846,3.54,-0.031,26
1790509705.3,9.5884,0.2846,3.54,0.026,24
1790509705.4,9.5882,0.2846,3.54,0.021,24
1790509705.5,9.5882,0.2846,3.54,0.023,24
1790509705.6,9.5882,0.2846,3.54,-0.035,27
1790509705.7,9.5882,0.2846,3.54,0.002,24
1790509705.8,9.5883,0.2846,3.53,-0.007,27
1790509705.9,9.5883,0.2846,3.53,-0.010,25
1790509706.0,9.5883,0.2846,3.54,0.030,23
1790509706.1,9.5882,0.2846,3.53,0.029,27
1790509706.2,9.5882,0.2846,3.53,-0.000,26
1790509706.3,9.5881,0.2846,3.54,-0.007,27
1790509706.4,9.5884,0.2846,3.54,-0.054,25
1790509706.5,9.5885,0.2846,3.54,0.006,26
1790509706.6,9.5884,0.2846,3.54,-0.007,26
1790509706.7,9.5884,0.2846,3.54,-0.026,25
1790509706.8,9.5887,0.2846,3.54,-0.003,23
1790509706.9,9.5885,0.2846,3.53,0.005,26
1790509707.0,9.5887,0.2846,3.53,-0.033,26
1790509707.1,9.5887,0.2846,3.53,0.025,26
1790509707.2,9.5887,0.2846,3.53,-0.041,27
1790509707.3,9.5887,0.2846,3.53,-0.011,26
1790509707.4,9.5887,0.2846,3.53,0.014,27
1790509707.5,9.5886,0.2846,3.53,0.012,27
1790509707.6,9.5885,0.2846,3.53,-0.008,24
1790509707.7,9.5887,0.2846,3.53,0.039,25
1790509707.8,9.5887,0.2846,3.53,-0.006,26
1790509707.9,9.5885,0.2846,3.53,-0.028,25
1790509708.0,9.5885,0.2846,3.54,-0.019,26
1790509708.1,9.5889,0.2846,3.53,-0.034,24
1790509708.2,9.5889,0.2846,3.53,0.005,25
1790509708.3,9.5886,0.2846,3.53,0.010,24
1790509708.4,9.5886,0.2846,3.53,-0.026,23
1790509708.5,9.5885,0.2846,3.53,0.027,26
1790509708.6,9.5884,0.2846,3.53,0.007,26
1790509708.7,9.5884,0.2846,3.53,-0.015,25
1790509708.8,9.5887,0.2846,3.54,0.016,25
1790509708.9,9.5887,0.2846,3.54,0.028,26
1790509709.0,9.5890,0.2846,3.54,0.046,26
1790509709.1,9.5886,0.2846,3.54,0.026,24
1790509709.2,9.5886,0.2846,3.54,0.004,26
1790509709.3,9.5884,0.2846,3.52,-0.047,24
1790509709.4,9.5885,0.2846,3.52,-0.019,27
1790509709.5,9.5888,0.2846,3.52,-0.053,27
1790509709.6,9.5888,0.2846,3.53,0.009,24
1790509709.7,9.5885,0.2846,3.53,-0.028,23
1790509709.8,9.5888,0.2846,3.53,0.018,24
1790509709.9,9.5885,0.2846,3.52,-0.017,26
1790509710.0,9.5885,0.2846,3.52,-0.011,25
1790509710.1,9.5885,0.2846,3.52,-0.011,25
1790509710.2,9.5884,0.2846,3.52,0.006,26
1790509710.3,9.5884,0.2846,3.52,0.013,27
1790509710.4,9.5888,0.2846,3.53,-0.008,25
1790509710.5,9.5887,0.2846,3.53,0.018,27
1790509710.6,9.5887,0.2846,3.53,-0.004,25
1790509710.7,9.5890,0.2846,3.53,-0.011,25
1790509710.8,9.5888,0.2846,3.53,0.001,27
1790509710.9,9.5888,0.2846,3.53,0.003,25
1790509711.0,9.5886,0.2846,3.53,0.003,24
1790509711.1,9.5890,0.2846,3.54,-0.007,25
1790509711.2,9.5889,0.2846,3.53,-0.013,25
1790509711.3,9.5889,0.2846,3.53,-0.023,26
1790509711.4,9.5887,0.2846,3.53,-0.020,25
1790509711.5,9.5887,0.2846,3.53,-0.009,26
1790509711.6,9.5888,0.2846,3.53,-0.022,26
1790509711.7,9.5888,0.2846,3.53,-0.010,26
1790509711.8,9.5890,0.2846,3.53,-0.005,26
1790509711.9,9.5889,0.2846,3.53,0.024,25
1790509712.0,9.5886,0.2846,3.54,0.004,24
1790509712.1,9.5886,0.2846,3.54,0.018,24
1790509712.2,9.5882,0.2846,3.53,-0.020,27
1790509712.3,9.5886,0.2846,3.53,-0.029,26
1790509712.4,9.5886,0.2846,3.53,-0.024,26
1790509712.5,9.5887,0.2846,3.53,0.006,30
1790509712.6,9.5887,0.2846,3.52,-0.028,23
1790509712.7,9.5887,0.2846,3.53,0.003,24
1790509712.8,9.5887,0.2846,3.53,0.016,26
1790509712.9,9.5888,0.2846,3.53,-0.049,26
1790509713.0,9.5889,0.2846,3.53,-0.026,24
1790509713.1,9.5887,0.2846,3.53,-0.021,23
1790509713.2,9.5887,0.2846,3.53,-0.011,26
1790509713.3,9.5886,0.2846,3.52,-0.044,27
1790509713.4,9.5885,0.2846,3.53,0.012,23
1790509713.5,9.5885,0.2846,3.53,0.017,25
1790509713.6,9.5881,0.2846,3.52,-0.030,26
1790509713.7,9.5886,0.2846,3.52,-0.016,25
1790509713.8,9.5886,0.2846,3.52,0.002,23
1790509713.9,9.5886,0.2846,3.52,0.010,25
1790509714.0,9.5881,0.2846,3.52,-0.003,23
1790509714.1,9.5881,0.2846,3.53,-0.011,28
1790509714.2,9.5880,0.2846,3.52,0.032,25
1790509714.3,9.5880,0.2846,3.52,0.005,27
1790509714.4,9.5882,0.2846,3.53,0.021,25
1790509714.5,9.5880,0.2846,3.52,-0.024,25
1790509714.6,9.5880,0.2846,3.52,0.004,24
1790509714.7,9.5880,0.2846,3.52,0.049,22
1790509714.8,9.5881,0.2846,3.53,0.017,25
1790509714.9,9.5881,0.2846,3.52,-0.017,25
1790509715.0,9.5879,0.2846,3.52,0.012,24
1790509715.1,9.5882,0.2846,3.52,0.012,26
1790509715.2,9.5883,0.2846,3.52,-0.004,26
1790509715.3,9.5883,0.2846,3.52,-0.001,26
1790509715.4,9.5880,0.2846,3.52,0.004,26
1790509715.5,9.5880,0.2846,3.52,-0.070,24
1790509715.6,9.5880,0.2846,3.53,0.035,28
1790509715.7,9.5879,0.2846,3.53,-0.017,29
1790509715.8,9.5878,0.2846,3.52,0.008,27
1790509715.9,9.5881,0.2846,3.53,0.064,26
1790509716.0,9.5881,0.2846,3.53,0.038,26
1790509716.1,9.5878,0.2846,3.54,-0.021,25
1790509716.2,9.5880,0.2846,3.53,0.024,25
1790509716.3,9.5882,0.2846,3.53,0.021,25
1790509716.4,9.5882,0.2846,3.53,-0.043,26
1790509716.5,9.5875,0.2846,3.53,-0.002,26
1790509716.6,9.5876,0.2846,3.53,-0.032,26
1790509716.7,9.5878,0.2846,3.53,0.005,26
1790509716.8,9.5878,0.2846,3.53,-0.001,28
1790509716.9,9.5880,0.2846,3.53,-0.038,24
1790509717.0,9.5877,0.2846,3.53,-0.004,25
1790509717.1,9.5877,0.2846,3.53,0.011,25
1790509717.2,9.5878,0.2846,3.53,-0.007,26
1790509717.3,9.5878,0.2846,3.53,0.018,24
1790509717.4,9.5877,0.2846,3.53,-0.054,27
1790509717.5,9.5877,0.2846,3.53,0.021,25
1790509717.6,9.5877,0.2846,3.53,-0.065,25
1790509717.7,9.5876,0.2846,3.52,-0.003,23
1790509717.8,9.5876,0.2846,3.53,0.028,27
1790509717.9,9.5879,0.2846,3.53,-0.025,26
1790509718.0,9.5877,0.2846,3.52,-0.014,25
1790509718.1,9.5877,0.2846,3.52,0.009,27
1790509718.2,9.5880,0.2846,3.52,0.004,25
1790509718.3,9.5880,0.2846,3.53,-0.027,26
1790509718.4,9.5884,0.2846,3.53,-0.015,24
1790509718.5,9.5884,0.2846,3.53,-0.003,27
1790509718.6,9.5882,0.2846,3.52,-0.017,26
1790509718.7,9.5882,0.2846,3.53,0.055,26
1790509718.8,9.5882,0.2846,3.53,-0.007,24
1790509718.9,9.5881,0.2846,3.53,-0.005,25
1790509719.0,9.5881,0.2846,3.53,-0.006,24
1790509719.1,9.5884,0.2846,3.53,-0.031,25
1790509719.2,9.5882,0.2846,3.53,-0.005,26
1790509719.3,9.5883,0.2846,3.53,-0.002,28
1790509719.4,9.5883,0.2846,3.53,0.042,26
1790509719.5,9.5881,0.2846,3.54,-0.017,25
1790509719.6,9.5881,0.2846,3.54,0.017,26
1790509719.7,9.5882,0.2846,3.54,0.009,24
1790509719.8,9.5880,0.2846,3.53,-0.024,26
1790509719.9,9.5882,0.2846,3.54,-0.037,25
1790509720.0,9.5882,0.2846,3.54,0.021,24
1790509720.1,9.5882,0.2846,3.54,0.032,25
1790509720.2,9.5881,0.2846,3.54,0.015,26
1790509720.3,9.5882,0.2846,3.54,0.016,26
1790509720.4,9.5882,0.2846,3.54,0.012,26
1790509720.5,9.5878,0.2846,3.54,-0.043,23
1790509720.6,9.5880,0.2846,3.54,-0.029,25
1790509720.7,9.5878,0.2846,3.54,0.038,24
1790509720.8,9.5878,0.2846,3.55,0.003,25
1790509720.9,9.5880,0.2846,3.55,0.051,27
1790509721.0,9.5880,0.2846,3.55,0.010,25
1790509721.1,9.5881,0.2846,3.55,-0.009,25
1790509721.2,9.5881,0.2846,3.55,0.015,25
1790509721.3,9.5881,0.2846,3.56,-0.011,23
1790509721.4,9.5883,0.2846,3.56,0.023,25
1790509721.5,9.5883,0.2846,3.56,0.014,27
1790509721.6,9.5882,0.2846,3.56,0.011,25
1790509721.7,9.5882,0.2846,3.56,0.041,23
1790509721.8,9.5881,0.2846,3.56,0.009,26
1790509721.9,9.5879,0.2846,3.56,0.009,26
1790509722.0,9.5884,0.2846,3.56,-0.017,24
1790509722.1,9.5884,0.2846,3.56,-0.011,25
1790509722.2,9.5883,0.2846,3.56,0.002,27
1790509722.3,9.5885,0.2846,3.56,0.008,24
1790509722.4,9.5887,0.2846,3.57,0.016,27
1790509722.5,9.5887,0.2846,3.56,-0.052,24
1790509722.6,9.5881,0.2846,3.56,-0.036,25
1790509722.7,9.5882,0.2846,3.56,-0.044,26
1790509722.8,9.5883,0.2846,3.56,-0.011,28
1790509722.9,9.5883,0.2846,3.55,-0.031,23
1790509723.0,9.5881,0.2846,3.55,-0.035,26
1790509723.1,9.5879,0.2846,3.55,-0.020,25
1790509723.2,9.5879,0.2846,3.55,-0.014,27
1790509723.3,9.5886,0.2846,3.55,-0.011,25
1790509723.4,9.5884,0.2846,3.55,0.008,27
1790509723.5,9.5885,0.2846,3.55,-0.022,26
1790509723.6,9.5885,0.2846,3.55,-0.004,26
1790509723.7,9.5886,0.2846,3.55,0.005,25
1790509723.8,9.5885,0.2846,3.55,0.039,25
1790509723.9,9.5885,0.2846,3.55,-0.038,24
1790509724.0,9.5888,0.2846,3.55,-0.025,24
1790509724.1,9.5888,0.2846,3.55,-0.004,26
1790509724.2,9.5889,0.2846,3.55,-0.006,23
1790509724.3,9.5888,0.2846,3.55,0.002,24
1790509724.4,9.5888,0.2846,3.54,-0.052,26
1790509724.5,9.5885,0.2846,3.55,0.022,24
1790509724.6,9.5885,0.2846,3.54,0.007,25
1790509724.7,9.5885,0.2846,3.54,0.001,24
1790509724.8,9.5886,0.2846,3.55,0.054,26
1790509724.9,9.5886,0.2846,3.55,0.006,27
1790509725.0,9.5883,0.2846,3.54,-0.040,27
1790509725.1,9.5883,0.2846,3.55,0.051,26
1790509725.2,9.5884,0.2846,3.55,0.015,27
1790509725.3,9.5884,0.2846,3.55,-0.014,23
1790509725.4,9.5882,0.2846,3.53,-0.007,27
1790509725.5,9.5883,0.2846,3.54,0.015,23
1790509725.6,9.5883,0.2846,3.54,-0.042,26
1790509725.7,9.5882,0.2846,3.54,0.041,26
1790509725.8,9.5877,0.2846,3.54,-0.013,24
1790509725.9,9.5877,0.2846,3.54,0.056,25
1790509726.0,9.5879,0.2846,3.54,-0.033,28
1790509726.1,9.5881,0.2846,3.54,-0.005,25
1790509726.2,9.5879,0.2846,3.54,0.001,26
1790509726.3,9.5877,0.2846,3.54,0.011,23
1790509726.4,9.5877,0.2846,3.54,-0.012,26
1790509726.5,9.5875,0.2846,3.54,0.021,24
1790509726.6,9.5875,0.2846,3.54,-0.013,26
1790509726.7,9.5875,0.2846,3.54,-0.063,25
1790509726.8,9.5878,0.2846,3.54,0.033,26
1790509726.9,9.5881,0.2846,3.54,0.029,25
1790509727.0,9.5880,0.2846,3.54,0.052,23
1790509727.1,9.5880,0.2846,3.54,-0.018,26
1790509727.2,9.5875,0.2846,3.54,-0.010,25
1790509727.3,9.5878,0.2846,3.54,0.001,26
1790509727.4,9.5878,0.2846,3.54,-0.010,25
1790509727.5,9.5878,0.2846,3.54,-0.027,24
1790509727.6,9.5878,0.2846,3.54,0.017,25
1790509727.7,9.5877,0.2846,3.54,-0.020,27
1790509727.8,9.5877,0.2846,3.54,0.000,24
1790509727.9,9.5875,0.2846,3.54,0.035,25
1790509728.0,9.5878,0.2846,3.54,-0.022,25
1790509728.1,9.5878,0.2846,3.54,0.009,26
1790509728.2,9.5878,0.2846,3.54,-0.004,25
1790509728.3,9.5878,0.2846,3.55,0.029,26
1790509728.4,9.5877,0.2846,3.55,-0.017,24
1790509728.5,9.5877,0.2846,3.54,-0.031,27
1790509728.6,9.5875,0.2846,3.54,0.020,24
1790509728.7,9.5876,0.2846,3.54,-0.013,24
1790509728.8,9.5876,0.2846,3.54,0.030,21
1790509728.9,9.5877,0.2846,3.54,0.004,25
1790509729.0,9.5880,0.2846,3.54,0.022,27
1790509729.1,9.5880,0.2846,3.54,-0.031,24
1790509729.2,9.5876,0.2846,3.54,0.026,27
1790509729.3,9.5876,0.2846,3.54,0.001,24
1790509729.4,9.5876,0.2846,3.54,-0.013,26
1790509729.5,9.5877,0.2846,3.54,-0.013,27
1790509729.6,9.5877,0.2846,3.54,0.002,24
1790509729.7,9.5877,0.2846,3.55,0.000,26
1790509729.8,9.5876,0.2846,3.54,0.054,25
1790509729.9,9.5877,0.2846,3.54,-0.013,26
1790509730.0,9.5877,0.2846,3.54,-0.004,24
1790509730.1,9.5877,0.2846,3.54,0.005,26
1790509730.2,9.5877,0.2846,3.54,-0.029,24
1790509730.3,9.5875,0.2846,3.54,-0.038,27
1790509730.4,9.5875,0.2846,3.54,0.034,24
1790509730.5,9.5877,0.2846,3.54,-0.002,26
1790509730.6,9.5874,0.2846,3.53,-0.012,26
1790509730.7,9.5876,0.2846,3.54,0.000,25
1790509730.8,9.5876,0.2846,3.54,0.003,28
1790509730.9,9.5873,0.2846,3.53,-0.050,26
1790509731.0,9.5871,0.2845,3.53,0.072,25
1790509731.1,9.5871,0.2845,3.53,-0.014,27
1790509731.2,9.5877,0.2846,3.54,-0.013,23
1790509731.3,9.5874,0.2846,3.53,0.023,26
1790509731.4,9.5875,0.2846,3.53,-0.018,24
1790509731.5,9.5875,0.2846,3.53,-0.004,25
1790509731.6,9.5877,0.2846,3.53,-0.011,23
1790509731.7,9.5877,0.2846,3.54,0.019,25
1790509731.8,9.5877,0.2846,3.54,-0.038,27
1790509731.9,9.5874,0.2846,3.53,0.016,25
1790509732.0,9.5872,0.2846,3.54,0.020,23
1790509732.1,9.5872,0.2846,3.54,0.039,26
1790509732.2,9.5872,0.2846,3.54,0.007,25
1790509732.3,9.5874,0.2846,3.53,-0.016,22
1790509732.4,9.5874,0.2846,3.54,-0.041,26
1790509732.5,9.5875,0.2846,3.53,0.015,26
1790509732.6,9.5875,0.2846,3.53,-0.034,24
1790509732.7,9.5876,0.2846,3.53,0.052,25
1790509732.8,9.5876,0.2846,3.54,0.032,25
1790509732.9,9.5876,0.2846,3.54,0.007,27
1790509733.0,9.5874,0.2846,3.54,-0.015,24
1790509733.1,9.5875,0.2846,3.53,-0.017,25
1790509733.2,9.5874,0.2846,3.53,0.025,26
1790509733.3,9.5874,0.2846,3.54,-0.016,25
1790509733.4,9.5873,0.2846,3.54,-0.000,26
1790509733.5,9.5872,0.2846,3.54,-0.013,25
1790509733.6,9.5872,0.2846,3.53,-0.006,26
1790509733.7,9.5872,0.2846,3.53,0.020,25
1790509733.8,9.5876,0.2846,3.53,-0.024,25
1790509733.9,9.5875,0.2846,3.53,-0.012,27
1790509734.0,9.5875,0.2846,3.53,-0.022,26
1790509734.1,9.5874,0.2846,3.53,0.025,25
1790509734.2,9.5874,0.2846,3.53,-0.049,26
1790509734.3,9.5874,0.2846,3.53,0.021,26
1790509734.4,9.5875,0.2846,3.53,0.019,25
1790509734.5,9.5875,0.2846,3.53,0.006,25
1790509734.6,9.5876,0.2846,3.54,0.023,27
1790509734.7,9.5870,0.2846,3.52,-0.037,23
1790509734.8,9.5873,0.2846,3.52,-0.036,26
1790509734.9,9.5873,0.2846,3.52,0.054,26
1790509735.0,9.5872,0.2846,3.53,0.000,24
1790509735.1,9.5873,0.2846,3.53,-0.013,25
1790509735.2,9.5873,0.2846,3.53,0.015,25
1790509735.3,9.5874,0.2846,3.53,0.012,25
1790509735.4,9.5873,0.2846,3.53,-0.049,23
1790509735.5,9.5871,0.2846,3.53,0.011,26
1790509735.6,9.5871,0.2846,3.53,0.019,26
1790509735.7,9.5875,0.2846,3.53,-0.004,26
1790509735.8,9.5875,0.2846,3.53,-0.013,26
1790509735.9,9.5875,0.2846,3.53,0.003,25
1790509736.0,9.5875,0.2846,3.53,0.015,26
1790509736.1,9.5875,0.2846,3.53,-0.013,26
1790509736.2,9.5871,0.2846,3.53,0.013,25
1790509736.3,9.5871,0.2846,3.53,0.001,25
1790509736.4,9.5875,0.2846,3.54,-0.001,25
1790509736.5,9.5875,0.2846,3.53,-0.037,26
1790509736.6,9.5874,0.2846,3.53,0.033,25
1790509736.7,9.5874,0.2846,3.53,0.041,25
1790509736.8,9.5875,0.2846,3.53,0.058,27
1790509736.9,9.5874,0.2846,3.52,0.032,26
1790509737.0,9.5874,0.2846,3.52,0.011,25
1790509737.1,9.5871,0.2846,3.52,-0.012,27
1790509737.2,9.5872,0.2846,3.53,0.007,26
1790509737.3,9.5872,0.2846,3.53,0.013,25
1790509737.4,9.5874,0.2846,3.53,0.028,26
1790509737.5,9.5877,0.2846,3.53,-0.006,25
1790509737.6,9.5877,0.2846,3.53,-0.032,27
1790509737.7,9.5875,0.2846,3.53,0.011,26
1790509737.8,9.5875,0.2846,3.53,-0.015,25
1790509737.9,9.5878,0.2846,3.53,-0.002,25
1790509738.0,9.5879,0.2846,3.53,0.037,26
1790509738.1,9.5878,0.2846,3.53,0.003,23
1790509738.2,9.5878,0.2846,3.52,-0.014,23
1790509738.3,9.5879,0.2846,3.52,-0.024,25
1790509738.4,9.5879,0.2846,3.53,0.040,25
1790509738.5,9.5879,0.2846,3.52,0.008,25
1790509738.6,9.5879,0.2846,3.53,0.053,27
1790509738.7,9.5880,0.2846,3.53,0.046,23
1790509738.8,9.5878,0.2846,3.53,0.033,25
1790509738.9,9.5879,0.2846,3.53,-0.025,26
1790509739.0,9.5879,0.2846,3.53,0.039,25
1790509739.1,9.5879,0.2846,3.53,-0.024,27
1790509739.2,9.5880,0.2846,3.53,0.013,24
1790509739.3,9.5880,0.2846,3.53,-0.030,26
1790509739.4,9.5880,0.2846,3.53,0.023,22
1790509739.5,9.5880,0.2846,3.54,0.025,26
1790509739.6,9.5880,0.2846,3.54,0.025,25
1790509739.7,9.5880,0.2846,3.54,-0.006,25
1790509739.8,9.5880,0.2846,3.54,-0.038,24
1790509739.9,9.5880,0.2846,3.54,-0.012,25
1790509740.0,9.5879,0.2846,3.53,-0.015,24
1790509740.1,9.5876,0.2846,3.54,0.018,25
1790509740.2,9.5877,0.2846,3.54,0.057,26
1790509740.3,9.5877,0.2846,3.54,-0.036,25
1790509740.4,9.5875,0.2846,3.54,0.058,23
1790509740.5,9.5878,0.2846,3.54,-0.007,27
1790509740.6,9.5878,0.2846,3.54,-0.034,23
1790509740.7,9.5873,0.2846,3.53,0.058,25
1790509740.8,9.5873,0.2846,3.53,-0.011,27
1790509740.9,9.5876,0.2846,3.55,0.064,23
1790509741.0,9.5877,0.2846,3.54,0.017,25
1790509741.1,9.5878,0.2846,3.55,0.063,26
1790509741.2,9.5878,0.2846,3.55,0.022,25
1790509741.3,9.5876,0.2846,3.55,0.006,26
1790509741.4,9.5876,0.2846,3.54,-0.006,26
1790509741.5,9.5876,0.2846,3.55,0.011,24
1790509741.6,9.5876,0.2846,3.55,0.026,26
1790509741.7,9.5877,0.2846,3.55,0.036,25
1790509741.8,9.5878,0.2846,3.55,0.012,24
1790509741.9,9.5878,0.2846,3.55,-0.013,26
1790509742.0,9.5874,0.2846,3.55,0.004,26
1790509742.1,9.5875,0.2846,3.55,0.023,25
1790509742.2,9.5875,0.2846,3.55,-0.028,26
1790509742.3,9.5874,0.2846,3.56,-0.014,27
1790509742.4,9.5873,0.2846,3.55,0.056,25
1790509742.5,9.5873,0.2846,3.55,0.016,27
1790509742.6,9.5873,0.2846,3.55,0.048,23
1790509742.7,9.5872,0.2846,3.56,0.051,25
1790509742.8,9.5873,0.2846,3.56,0.001,25
1790509742.9,9.5873,0.2846,3.56,-0.024,24
1790509743.0,9.5873,0.2846,3.56,0.018,24
1790509743.1,9.5874,0.2846,3.55,-0.011,25
1790509743.2,9.5874,0.2846,3.56,0.023,29
1790509743.3,9.5872,0.2846,3.56,-0.026,25
1790509743.4,9.5872,0.2846,3.56,-0.032,23
1790509743.5,9.5875,0.2846,3.56,0.002,24
1790509743.6,9.5875,0.2846,3.56,0.003,27
1790509743.7,9.5872,0.2846,3.56,0.010,30
1790509743.8,9.5872,0.2846,3.56,-0.048,26
1790509743.9,9.5872,0.2846,3.56,-0.003,25
1790509744.0,9.5872,0.2846,3.56,0.006,24
1790509744.1,9.5872,0.2846,3.56,-0.011,25
1790509744.2,9.5876,0.2846,3.56,0.001,27
1790509744.3,9.5876,0.2846,3.56,-0.017,27
1790509744.4,9.5874,0.2846,3.56,-0.044,24
1790509744.5,9.5874,0.2846,3.56,-0.041,26
1790509744.6,9.5874,0.2846,3.55,-0.049,24
1790509744.7,9.5874,0.2846,3.55,0.006,26
1790509744.8,9.5877,0.2846,3.55,-0.039,26
1790509744.9,9.5875,0.2846,3.55,0.002,25
1790509745.0,9.5875,0.2846,3.55,0.010,26
1790509745.1,9.5877,0.2846,3.55,-0.019,27
1790509745.2,9.5880,0.2846,3.55,-0.053,25
1790509745.3,9.5873,0.2846,3.55,-0.021,24
1790509745.4,9.5873,0.2846,3.55,-0.009,26
1790509745.5,9.5874,0.2846,3.55,-0.007,25
1790509745.6,9.5874,0.2846,3.55,0.040,23
1790509745.7,9.5873,0.2846,3.55,0.003,26
1790509745.8,9.5874,0.2846,3.55,-0.005,25
1790509745.9,9.5874,0.2846,3.55,-0.029,26
1790509746.0,9.5874,0.2846,3.54,0.014,22
1790509746.1,9.5874,0.2846,3.54,0.026,25
1790509746.2,9.5874,0.2846,3.54,-0.047,27
1790509746.3,9.5870,0.2846,3.54,-0.013,25
1790509746.4,9.5873,0.2846,3.54,0.009,25
1790509746.5,9.5873,0.2846,3.54,-0.022,25
1790509746.6,9.5870,0.2846,3.54,-0.026,25
1790509746.7,9.5877,0.2846,3.54,-0.072,25
1790509746.8,9.5877,0.2846,3.54,0.029,26
1790509746.9,9.5874,0.2846,3.53,-0.015,23
1790509747.0,9.5876,0.2846,3.53,0.005,24
1790509747.1,9.5875,0.2846,3.53,0.010,27
1790509747.2,9.5875,0.2846,3.53,-0.014,24
1790509747.3,9.5874,0.2846,3.53,0.023,27
1790509747.4,9.5877,0.2846,3.54,-0.000,26
1790509747.5,9.5877,0.2846,3.54,-0.055,27
1790509747.6,9.5876,0.2846,3.53,0.010,25
1790509747.7,9.5872,0.2846,3.53,0.027,23
1790509747.8,9.5873,0.2846,3.54,0.024,26
1790509747.9,9.5873,0.2846,3.54,0.029,26
1790509748.0,9.5871,0.2846,3.54,-0.026,23
1790509748.1,9.5873,0.2846,3.53,-0.029,23
1790509748.2,9.5873,0.2846,3.53,-0.010,27
1790509748.3,9.5877,0.2846,3.53,-0.025,26
1790509748.4,9.5870,0.2846,3.53,-0.000,24
1790509748.5,9.5871,0.2846,3.53,0.056,27
1790509748.6,9.5871,0.2846,3.53,-0.015,26
1790509748.7,9.5871,0.2846,3.53,-0.029,23
1790509748.8,9.5876,0.2846,3.53,0.012,26
1790509748.9,9.5876,0.2846,3.53,-0.011,26
1790509749.0,9.5870,0.2846,3.53,0.023,26
1790509749.1,9.5872,0.2846,3.53,-0.005,27
1790509749.2,9.5871,0.2846,3.53,0.011,24
1790509749.3,9.5871,0.2846,3.53,0.002,26
1790509749.4,9.5876,0.2846,3.54,-0.008,26
1790509749.5,9.5874,0.2846,3.53,-0.035,26
1790509749.6,9.5874,0.2846,3.53,-0.044,25
1790509749.7,9.5876,0.2846,3.53,-0.033,23
1790509749.8,9.5875,0.2846,3.54,0.007,28
1790509749.9,9.5875,0.2846,3.53,0.020,25
1790509750.0,9.5875,0.2846,3.53,0.016,24
1790509750.1,9.5875,0.2846,3.53,0.003,25
1790509750.2,9.5875,0.2846,3.54,-0.014,23
1790509750.3,9.5876,0.2846,3.54,-0.011,26
1790509750.4,9.5877,0.2846,3.54,-0.034,24
1790509750.5,9.5877,0.2846,3.55,0.019,23
1790509750.6,9.5875,0.2846,3.55,0.022,24
1790509750.7,9.5878,0.2846,3.54,0.030,25
1790509750.8,9.5873,0.2846,3.54,0.013,24
1790509750.9,9.5873,0.2846,3.54,-0.003,25
1790509751.0,9.5877,0.2846,3.55,-0.036,25
1790509751.1,9.5879,0.2846,3.54,-0.000,24
1790509751.2,9.5878,0.2846,3.54,-0.007,26
1790509751.3,9.5878,0.2846,3.54,0.028,27
1790509751.4,9.5878,0.2846,3.54,-0.033,25
1790509751.5,9.5878,0.2846,3.54,0.011,26
1790509751.6,9.5878,0.2846,3.54,0.008,25
1790509751.7,9.5879,0.2846,3.54,0.017,26
1790509751.8,9.5880,0.2846,3.54,-0.003,23
1790509751.9,9.5880,0.2846,3.54,-0.004,27
1790509752.0,9.5880,0.2846,3.54,0.002,24
1790509752.1,9.5875,0.2846,3.54,0.005,25
1790509752.2,9.5879,0.2846,3.54,-0.008,25
1790509752.3,9.5879,0.2846,3.54,0.014,25
1790509752.4,9.5881,0.2846,3.54,-0.047,24
1790509752.5,9.5880,0.2846,3.54,0.011,25
1790509752.6,9.5880,0.2846,3.54,-0.044,22
1790509752.7,9.5885,0.2847,3.54,-0.021,23
1790509752.8,9.5882,0.2846,3.54,0.012,29
1790509752.9,9.5882,0.2846,3.54,0.042,26
1790509753.0,9.5882,0.2846,3.54,0.016,25
1790509753.1,9.5881,0.2846,3.54,0.008,26
1790509753.2,9.5881,0.2846,3.54,-0.034,24
1790509753.3,9.5881,0.2846,3.54,0.017,23
1790509753.4,9.5881,0.2846,3.54,0.015,25
1790509753.5,9.5881,0.2846,3.54,-0.002,25
1790509753.6,9.5881,0.2846,3.54,-0.010,27
1790509753.7,9.5881,0.2846,3.54,0.008,26
1790509753.8,9.5883,0.2846,3.54,-0.008,26
1790509753.9,9.5882,0.2846,3.53,-0.028,26
1790509754.0,9.5882,0.2846,3.53,-0.021,25
1790509754.1,9.5879,0.2846,3.53,-0.014,26
1790509754.2,9.5880,0.2846,3.53,-0.008,25
1790509754.3,9.5880,0.2846,3.53,0.012,27
1790509754.4,9.5880,0.2846,3.52,-0.050,26
1790509754.5,9.5879,0.2846,3.52,-0.046,27
1790509754.6,9.5879,0.2846,3.52,-0.007,25
1790509754.7,9.5876,0.2846,3.52,0.005,25
1790509754.8,9.5882,0.2846,3.53,0.020,26
1790509754.9,9.5882,0.2846,3.52,-0.037,25
1790509755.0,9.5882,0.2846,3.52,-0.004,23
1790509755.1,9.5877,0.2846,3.52,-0.006,25
1790509755.2,9.5877,0.2846,3.52,0.012,25
1790509755.3,9.5879,0.2846,3.52,0.016,25
1790509755.4,9.5877,0.2846,3.52,0.027,23
1790509755.5,9.5877,0.2846,3.53,-0.019,26
1790509755.6,9.5876,0.2846,3.52,-0.027,26
1790509755.7,9.5879,0.2846,3.52,0.010,25
1790509755.8,9.5879,0.2846,3.52,0.048,27
1790509755.9,9.5879,0.2846,3.53,-0.002,25
1790509756.0,9.5877,0.2846,3.53,-0.012,22
1790509756.1,9.5877,0.2846,3.53,0.006,25
1790509756.2,9.5876,0.2846,3.53,0.019,26
1790509756.3,9.5879,0.2846,3.53,-0.026,23
1790509756.4,9.5879,0.2846,3.53,0.024,24
1790509756.5,9.5881,0.2846,3.54,0.016,24
1790509756.6,9.5880,0.2846,3.54,-0.017,27
1790509756.7,9.5880,0.2846,3.53,-0.003,26
1790509756.8,9.5880,0.2846,3.53,-0.002,28
1790509756.9,9.5880,0.2846,3.53,-0.014,25
1790509757.0,9.5880,0.2846,3.54,0.024,25
1790509757.1,9.5880,0.2846,3.54,0.017,26
1790509757.2,9.5883,0.2847,3.53,0.004,26
1790509757.3,9.5883,0.2847,3.53,-0.006,24
1790509757.4,9.5882,0.2846,3.54,0.050,28
1790509757.5,9.5881,0.2846,3.54,0.017,25
1790509757.6,9.5881,0.2846,3.54,0.007,25
1790509757.7,9.5883,0.2847,3.54,0.011,26
1790509757.8,9.5883,0.2847,3.54,0.015,27
1790509757.9,9.5876,0.2846,3.54,0.000,24
1790509758.0,9.5876,0.2846,3.54,-0.029,25
1790509758.1,9.5884,0.2847,3.53,0.017,25
1790509758.2,9.5884,0.2847,3.53,0.041,24
1790509758.3,9.5881,0.2846,3.54,0.011,23
1790509758.4,9.5881,0.2846,3.54,-0.017,25
1790509758.5,9.5881,0.2846,3.54,-0.022,26
1790509758.6,9.5882,0.2846,3.54,0.023,23
1790509758.7,9.5882,0.2846,3.53,-0.014,27
1790509758.8,9.5879,0.2846,3.54,-0.011,24
1790509758.9,9.5878,0.2846,3.54,0.053,25
1790509759.0,9.5878,0.2846,3.54,-0.016,25
1790509759.1,9.5877,0.2846,3.53,-0.058,25
1790509759.2,9.5877,0.2846,3.53,0.006,26
1790509759.3,9.5878,0.2846,3.53,-0.013,27
1790509759.4,9.5878,0.2846,3.53,-0.011,24
1790509759.5,9.5879,0.2846,3.53,-0.010,26
1790509759.6,9.5880,0.2846,3.53,-0.022,27
1790509759.7,9.5880,0.2846,3.53,0.013,23
1790509759.8,9.5879,0.2846,3.53,-0.016,24
1790509759.9,9.5879,0.2846,3.53,-0.038,26
1790509760.0,9.5877,0.2846,3.52,-0.011,25
1790509760.1,9.5877,0.2846,3.52,0.018,27
1790509760.2,9.5880,0.2846,3.52,-0.036,24
1790509760.3,9.5880,0.2846,3.52,-0.009,24
1790509760.4,9.5877,0.2846,3.52,0.004,25
1790509760.5,9.5880,0.2846,3.52,0.011,25
1790509760.6,9.5884,0.2847,3.52,-0.001,25
1790509760.7,9.5884,0.2847,3.52,-0.021,23
1790509760.8,9.5884,0.2847,3.51,-0.023,25
1790509760.9,9.5880,0.2846,3.52,-0.003,25
1790509761.0,9.5880,0.2846,3.52,-0.000,27
1790509761.1,9.5879,0.2846,3.52,-0.011,24
1790509761.2,9.5879,0.2846,3.52,0.030,24
1790509761.3,9.5882,0.2846,3.52,-0.011,26
1790509761.4,9.5882,0.2846,3.52,0.010,25
1790509761.5,9.5882,0.2846,3.52,-0.024,25
1790509761.6,9.5882,0.2846,3.52,0.021,26
1790509761.7,9.5882,0.2846,3.52,0.025,24
1790509761.8,9.5878,0.2846,3.53,0.003,26
1790509761.9,9.5878,0.2846,3.53,0.015,25
1790509762.0,9.5877,0.2846,3.52,-0.017,26
1790509762.1,9.5878,0.2846,3.53,0.047,25
1790509762.2,9.5878,0.2846,3.53,-0.005,26
1790509762.3,9.5878,0.2846,3.53,-0.011,26
1790509762.4,9.5878,0.2846,3.53,-0.033,27
1790509762.5,9.5875,0.2846,3.52,0.032,26
1790509762.6,9.5877,0.2846,3.53,0.018,27
1790509762.7,9.5877,0.2846,3.53,0.072,25
1790509762.8,9.5878,0.2846,3.53,0.026,25
1790509762.9,9.5878,0.2846,3.53,0.022,27
1790509763.0,9.5875,0.2846,3.53,-0.014,26
1790509763.1,9.5875,0.2846,3.53,0.031,25
1790509763.2,9.5876,0.2846,3.53,0.010,28
1790509763.3,9.5877,0.2846,3.53,-0.018,23
1790509763.4,9.5877,0.2846,3.53,-0.012,26
1790509763.5,9.5876,0.2846,3.53,-0.001,23
1790509763.6,9.5876,0.2846,3.53,0.018,26
1790509763.7,9.5875,0.2846,3.53,0.029,25
1790509763.8,9.5875,0.2846,3.53,0.002,26
1790509763.9,9.5877,0.2846,3.53,-0.022,26
1790509764.0,9.5877,0.2846,3.53,0.009,24
1790509764.1,9.5874,0.2846,3.53,0.045,25
1790509764.2,9.5874,0.2846,3.53,0.005,25
1790509764.3,9.5874,0.2846,3.53,-0.023,25
1790509764.4,9.5877,0.2846,3.53,-0.008,26
1790509764.5,9.5877,0.2846,3.53,-0.003,26
1790509764.6,9.5874,0.2846,3.53,-0.028,26
1790509764.7,9.5874,0.2846,3.52,-0.018,26
1790509764.8,9.5874,0.2846,3.52,-0.023,26
1790509764.9,9.5874,0.2846,3.53,0.011,25
1790509765.0,9.5874,0.2846,3.52,-0.012,25
1790509765.1,9.5875,0.2846,3.53,-0.001,24
1790509765.2,9.5879,0.2846,3.53,-0.027,27
1790509765.3,9.5879,0.2846,3.53,0.000,27
1790509765.4,9.5876,0.2846,3.53,-0.006,26
1790509765.5,9.5865,0.2845,3.52,-0.010,25
1790509765.6,9.5865,0.2845,3.53,-0.011,26
1790509765.7,9.5861,0.2845,3.52,0.005,24
1790509765.8,9.5861,0.2845,3.52,0.011,25
1790509765.9,9.5862,0.2845,3.52,-0.040,26
1790509766.0,9.5862,0.2845,3.52,-0.004,22
1790509766.1,9.5863,0.2845,3.52,-0.008,27
1790509766.2,9.5863,0.2845,3.52,-0.007,27
1790509766.3,9.5863,0.2845,3.52,0.042,25
1790509766.4,9.5861,0.2845,3.52,0.009,25
1790509766.5,9.5861,0.2845,3.52,-0.002,26
1790509766.6,9.5866,0.2846,3.52,-0.029,25
1790509766.7,9.5866,0.2846,3.52,-0.023,26
1790509766.8,9.5865,0.2845,3.52,0.005,26
1790509766.9,9.5866,0.2846,3.52,0.013,24
1790509767.0,9.5866,0.2846,3.52,-0.037,25
1790509767.1,9.5867,0.2846,3.52,0.018,23
1790509767.2,9.5867,0.2846,3.52,0.006,28
1790509767.3,9.5866,0.2846,3.53,-0.013,25
1790509767.4,9.5868,0.2846,3.53,0.014,24
1790509767.5,9.5868,0.2846,3.53,0.049,24
1790509767.6,9.5866,0.2846,3.53,0.002,25
1790509767.7,9.5866,0.2846,3.53,0.022,23
1790509767.8,9.5867,0.2846,3.53,-0.002,25
1790509767.9,9.5867,0.2846,3.53,-0.015,26
1790509768.0,9.5865,0.2846,3.53,0.037,23
1790509768.1,9.5865,0.2846,3.53,0.029,25
1790509768.2,9.5866,0.2846,3.53,-0.003,24
1790509768.3,9.5866,0.2846,3.53,0.008,26
1790509768.4,9.5865,0.2846,3.54,-0.024,25
1790509768.5,9.5863,0.2845,3.53,-0.007,27
1790509768.6,9.5863,0.2845,3.54,0.036,23
1790509768.7,9.5866,0.2846,3.54,-0.007,26
1790509768.8,9.5866,0.2846,3.54,0.031,26
1790509768.9,9.5866,0.2846,3.54,0.020,27
1790509769.0,9.5866,0.2846,3.54,0.012,26
1790509769.1,9.5866,0.2846,3.54,0.000,25
1790509769.2,9.5867,0.2846,3.54,0.019,26
1790509769.3,9.5867,0.2846,3.55,0.017,22
1790509769.4,9.5862,0.2845,3.55,-0.005,24
1790509769.5,9.5862,0.2845,3.54,-0.084,27
1790509769.6,9.5862,0.2845,3.54,-0.029,24
1790509769.7,9.5864,0.2845,3.53,0.007,24
1790509769.8,9.5864,0.2845,3.53,-0.015,27
1790509769.9,9.5865,0.2846,3.54,-0.006,25
1790509770.0,9.5865,0.2846,3.54,-0.001,22
1790509770.1,9.5866,0.2846,3.54,-0.003,25
1790509770.2,9.5866,0.2846,3.54,0.017,28
1790509770.3,9.5864,0.2845,3.53,-0.045,24
1790509770.4,9.5864,0.2845,3.53,-0.022,27
1790509770.5,9.5865,0.2846,3.54,0.041,24
1790509770.6,9.5865,0.2846,3.54,-0.046,23
1790509770.7,9.5865,0.2846,3.54,-0.002,27
1790509770.8,9.5865,0.2846,3.53,0.028,25
1790509770.9,9.5866,0.2846,3.54,0.003,24
1790509771.0,9.5866,0.2846,3.54,0.038,25
1790509771.1,9.5865,0.2846,3.54,-0.036,26
1790509771.2,9.5865,0.2846,3.54,-0.029,26
1790509771.3,9.5865,0.2846,3.53,-0.004,27
1790509771.4,9.5865,0.2846,3.54,-0.014,27
1790509771.5,9.5866,0.2846,3.54,0.007,26
1790509771.6,9.5866,0.2846,3.54,0.001,26
1790509771.7,9.5866,0.2846,3.54,-0.004,24
1790509771.8,9.5865,0.2846,3.54,0.009,26
1790509771.9,9.5865,0.2846,3.54,-0.026,26
1790509772.0,9.5865,0.2846,3.53,0.015,26
1790509772.1,9.5863,0.2845,3.53,0.034,26
1790509772.2,9.5863,0.2845,3.53,-0.031,26
1790509772.3,9.5863,0.2845,3.53,0.028,27
1790509772.4,9.5866,0.2846,3.54,0.000,26
1790509772.5,9.5866,0.2846,3.54,-0.019,26
1790509772.6,9.5865,0.2846,3.54,0.024,26
1790509772.7,9.5865,0.2846,3.54,0.041,23
1790509772.8,9.5866,0.2846,3.53,-0.009,25
1790509772.9,9.5866,0.2846,3.54,0.022,27
1790509773.0,9.5865,0.2846,3.54,-0.017,25
1790509773.1,9.5868,0.2846,3.54,-0.012,25
1790509773.2,9.5868,0.2846,3.55,0.077,26
1790509773.3,9.5866,0.2846,3.54,-0.020,26
1790509773.4,9.5866,0.2846,3.54,0.011,26
1790509773.5,9.5866,0.2846,3.54,-0.002,26
1790509773.6,9.5866,0.2846,3.54,-0.034,21
1790509773.7,9.5865,0.2846,3.54,0.031,28
1790509773.8,9.5865,0.2846,3.54,0.026,26
1790509773.9,9.5865,0.2846,3.54,0.056,26
1790509774.0,9.5865,0.2846,3.54,0.053,25
1790509774.1,9.5865,0.2846,3.55,0.032,27
1790509774.2,9.5865,0.2846,3.55,-0.014,25
1790509774.3,9.5865,0.2846,3.55,-0.030,25
1790509774.4,9.5865,0.2846,3.55,0.038,25
1790509774.5,9.5865,0.2846,3.55,-0.019,25
1790509774.6,9.5865,0.2846,3.55,0.018,25
1790509774.7,9.5865,0.2846,3.55,-0.033,27
1790509774.8,9.5865,0.2846,3.55,0.018,25
1790509774.9,9.5865,0.2846,3.55,0.014,23
1790509775.0,9.5864,0.2845,3.55,-0.039,24
1790509775.1,9.5866,0.2846,3.55,-0.014,26
1790509775.2,9.5866,0.2846,3.55,-0.029,26
1790509775.3,9.5865,0.2846,3.55,0.020,27
1790509775.4,9.5865,0.2846,3.55,-0.004,26
1790509775.5,9.5867,0.2846,3.55,0.023,25
1790509775.6,9.5867,0.2846,3.55,-0.001,26
1790509775.7,9.5868,0.2846,3.55,-0.037,25
1790509775.8,9.5868,0.2846,3.55,0.007,28
1790509775.9,9.5867,0.2846,3.55,0.016,23
1790509776.0,9.5867,0.2846,3.55,0.000,27
1790509776.1,9.5866,0.2846,3.56,-0.022,24
1790509776.2,9.5866,0.2846,3.55,0.005,26
1790509776.3,9.5869,0.2846,3.56,0.003,24
1790509776.4,9.5868,0.2846,3.56,-0.018,25
1790509776.5,9.5868,0.2846,3.55,-0.013,25
1790509776.6,9.5869,0.2846,3.56,0.045,23
1790509776.7,9.5869,0.2846,3.56,0.053,26
1790509776.8,9.5865,0.2846,3.56,-0.025,27
1790509776.9,9.5865,0.2846,3.56,0.020,26
1790509777.0,9.5860,0.2845,3.56,-0.026,26
1790509777.1,9.5860,0.2845,3.56,0.006,24
1790509777.2,9.5862,0.2845,3.55,-0.060,27
1790509777.3,9.5862,0.2845,3.56,0.072,27
1790509777.4,9.5863,0.2845,3.56,0.026,25
1790509777.5,9.5863,0.2845,3.56,-0.011,26
1790509777.6,9.5863,0.2845,3.56,0.046,25
1790509777.7,9.5864,0.2845,3.56,0.020,25
1790509777.8,9.5864,0.2845,3.57,0.032,24
1790509777.9,9.5864,0.2846,3.57,0.027,27
1790509778.0,9.5864,0.2846,3.57,0.003,24
1790509778.1,9.5862,0.2845,3.58,0.034,24
1790509778.2,9.5865,0.2846,3.58,0.005,25
1790509778.3,9.5866,0.2846,3.58,0.018,25
1790509778.4,9.5866,0.2846,3.58,-0.007,25
1790509778.5,9.5866,0.2846,3.58,0.016,26
1790509778.6,9.5866,0.2846,3.57,-0.023,26
1790509778.7,9.5862,0.2845,3.57,-0.001,26
1790509778.8,9.5862,0.2845,3.57,-0.010,25
1790509778.9,9.5862,0.2845,3.57,0.004,27
1790509779.0,9.5862,0.2845,3.57,-0.013,23
1790509779.1,9.5863,0.2845,3.58,0.005,26
1790509779.2,9.5863,0.2845,3.57,-0.005,26
1790509779.3,9.5863,0.2845,3.57,-0.048,26
1790509779.4,9.5863,0.2845,3.57,-0.015,28
1790509779.5,9.5860,0.2845,3.57,-0.046,24
1790509779.6,9.5860,0.2845,3.57,0.005,24
1790509779.7,9.5860,0.2845,3.57,0.058,23
1790509779.8,9.5860,0.2845,3.57,-0.032,26
1790509779.9,9.5860,0.2845,3.57,-0.007,26
1790509780.0,9.5860,0.2845,3.57,-0.037,24
1790509780.1,9.5861,0.2845,3.57,-0.010,24
1790509780.2,9.5861,0.2845,3.57,-0.008,25
1790509780.3,9.5861,0.2845,3.57,0.037,24
1790509780.4,9.5860,0.2845,3.57,0.013,24
1790509780.5,9.5860,0.2845,3.57,-0.036,26
1790509780.6,9.5860,0.2845,3.58,-0.034,26
1790509780.7,9.5859,0.2845,3.58,0.024,24
1790509780.8,9.5859,0.2845,3.57,-0.024,23
1790509780.9,9.5859,0.2845,3.57,-0.016,26
1790509781.0,9.5859,0.2845,3.57,-0.011,24
1790509781.1,9.5859,0.2845,3.57,0.021,26
1790509781.2,9.5861,0.2845,3.57,-0.014,23
1790509781.3,9.5861,0.2845,3.57,0.008,25
1790509781.4,9.5861,0.2845,3.57,0.018,26
1790509781.5,9.5861,0.2845,3.57,0.011,26
1790509781.6,9.5860,0.2845,3.57,0.013,25
1790509781.7,9.5861,0.2845,3.57,-0.024,25
1790509781.8,9.5861,0.2845,3.57,-0.020,26
1790509781.9,9.5862,0.2845,3.57,0.050,25
1790509782.0,9.5862,0.2845,3.57,-0.048,27
1790509782.1,9.5861,0.2845,3.57,0.041,25
1790509782.2,9.5861,0.2845,3.57,-0.016,24
1790509782.3,9.5865,0.2846,3.57,-0.060,25
1790509782.4,9.5865,0.2846,3.57,0.007,27
1790509782.5,9.5863,0.2845,3.57,0.049,24
1790509782.6,9.5862,0.2845,3.57,-0.017,25
1790509782.7,9.5862,0.2845,3.57,0.009,25
1790509782.8,9.5865,0.2846,3.57,-0.013,27
1790509782.9,9.5865,0.2846,3.57,0.012,25
1790509783.0,9.5865,0.2846,3.57,-0.035,25
1790509783.1,9.5865,0.2846,3.57,-0.013,26
1790509783.2,9.5864,0.2845,3.57,-0.021,25
1790509783.3,9.5864,0.2845,3.57,-0.006,24
1790509783.4,9.5866,0.2846,3.58,0.015,23
1790509783.5,9.5866,0.2846,3.58,0.034,27
1790509783.6,9.5863,0.2845,3.58,0.001,27
1790509783.7,9.5863,0.2845,3.58,-0.017,24
1790509783.8,9.5863,0.2845,3.58,-0.004,24
1790509783.9,9.5863,0.2845,3.58,0.006,24
1790509784.0,9.5865,0.2846,3.59,-0.004,25
1790509784.1,9.5865,0.2846,3.58,0.007,25
1790509784.2,9.5863,0.2845,3.58,0.005,25
1790509784.3,9.5863,0.2845,3.58,-0.023,25
1790509784.4,9.5865,0.2846,3.58,-0.007,25
1790509784.5,9.5865,0.2846,3.58,-0.052,25
1790509784.6,9.5862,0.2845,3.58,0.003,24
1790509784.7,9.5862,0.2845,3.58,-0.015,27
1790509784.8,9.5862,0.2845,3.58,0.078,23
1790509784.9,9.5861,0.2845,3.58,0.060,23
1790509785.0,9.5861,0.2845,3.59,0.034,26
1790509785.1,9.5868,0.2846,3.59,-0.056,26
1790509785.2,9.5868,0.2846,3.59,-0.031,24
1790509785.3,9.5868,0.2846,3.59,0.023,26
1790509785.4,9.5868,0.2846,3.59,-0.026,25
1790509785.5,9.5865,0.2846,3.59,0.001,25
1790509785.6,9.5865,0.2846,3.59,-0.004,25
1790509785.7,9.5868,0.2846,3.59,0.005,27
1790509785.8,9.5868,0.2846,3.59,0.001,23
1790509785.9,9.5865,0.2846,3.58,0.008,27
1790509786.0,9.5865,0.2846,3.58,-0.018,24
1790509786.1,9.5865,0.2846,3.58,0.009,24
1790509786.2,9.5866,0.2846,3.59,-0.019,26
1790509786.3,9.5869,0.2846,3.58,0.006,25
1790509786.4,9.5869,0.2846,3.58,0.005,26
1790509786.5,9.5868,0.2846,3.58,0.003,26
1790509786.6,9.5868,0.2846,3.58,0.022,27
1790509786.7,9.5869,0.2846,3.58,0.031,23
1790509786.8,9.5869,0.2846,3.58,-0.028,25
1790509786.9,9.5869,0.2846,3.58,-0.036,25
1790509787.0,9.5869,0.2846,3.58,0.016,26
1790509787.1,9.5869,0.2846,3.58,0.045,23
1790509787.2,9.5869,0.2846,3.58,-0.009,25
1790509787.3,9.5870,0.2846,3.59,0.050,26
1790509787.4,9.5870,0.2846,3.59,-0.007,27
1790509787.5,9.5867,0.2846,3.59,0.000,26
1790509787.6,9.5867,0.2846,3.59,-0.027,23
1790509787.7,9.5868,0.2846,3.59,0.033,28
1790509787.8,9.5868,0.2846,3.58,-0.027,27
1790509787.9,9.5868,0.2846,3.59,0.010,25
1790509788.0,9.5868,0.2846,3.59,0.021,25
1790509788.1,9.5868,0.2846,3.59,-0.007,26
1790509788.2,9.5865,0.2846,3.59,0.042,27
1790509788.3,9.5867,0.2846,3.59,-0.002,25
1790509788.4,9.5867,0.2846,3.59,0.024,27
1790509788.5,9.5867,0.2846,3.59,-0.008,24
1790509788.6,9.5867,0.2846,3.59,-0.017,24
1790509788.7,9.5867,0.2846,3.59,0.021,27
1790509788.8,9.5865,0.2846,3.59,0.003,26
1790509788.9,9.5865,0.2846,3.59,0.011,23
1790509789.0,9.5865,0.2846,3.59,0.001,28
1790509789.1,9.5865,0.2846,3.59,0.012,26
1790509789.2,9.5868,0.2846,3.59,0.023,26
1790509789.3,9.5868,0.2846,3.60,0.038,26
1790509789.4,9.5865,0.2846,3.60,0.028,27
1790509789.5,9.5865,0.2846,3.60,0.045,26
1790509789.6,9.5866,0.2846,3.60,0.056,24
1790509789.7,9.5866,0.2846,3.60,0.038,26
1790509789.8,9.5865,0.2846,3.61,0.007,25
1790509789.9,9.5865,0.2846,3.60,-0.051,25
1790509790.0,9.5865,0.2846,3.60,0.027,26
1790509790.1,9.5865,0.2846,3.60,0.018,24
1790509790.2,9.5866,0.2846,3.59,-0.061,27
1790509790.3,9.5866,0.2846,3.59,-0.012,26
1790509790.4,9.5866,0.2846,3.60,-0.033,25
1790509790.5,9.5866,0.2846,3.59,-0.054,25
1790509790.6,9.5864,0.2846,3.60,0.008,23
1790509790.7,9.5864,0.2846,3.60,-0.008,25
1790509790.8,9.5863,0.2845,3.60,0.050,25
1790509790.9,9.5873,0.2846,3.60,-0.817,24
1790509791.0,9.5936,0.2850,3.53,0.363,23
1790509791.1,9.6079,0.2859,3.48,-0.546,25
1790509791.2,9.6231,0.2868,3.50,0.379,25
1790509791.3,9.6450,0.2881,3.55,0.031,25
1790509791.4,9.6688,0.2896,3.51,0.120,24
1790509791.5,9.6912,0.2909,3.50,0.000,27
1790509791.6,9.7181,0.2926,3.53,0.132,24
1790509791.7,9.7413,0.2940,3.52,0.015,25
1790509791.8,9.7668,0.2956,3.53,0.108,27
1790509791.9,9.7905,0.2972,3.55,0.029,24
1790509792.0,9.8163,0.2988,3.55,0.127,23
1790509792.1,9.8450,0.3005,3.57,0.257,26
1790509792.2,9.8689,0.3020,3.57,-0.184,27
1790509792.3,9.8904,0.3035,3.54,-0.649,23
1790509792.4,9.9015,0.3041,3.40,0.428,25
1790509792.5,9.9101,0.3047,3.46,0.049,24
1790509792.6,9.9133,0.3049,3.46,-0.312,25
1790509792.7,9.9118,0.3048,3.48,0.021,26
1790509792.8,9.9118,0.3048,3.50,0.054,22
1790509792.9,9.9111,0.3048,3.50,0.066,25
1790509793.0,9.9107,0.3047,3.51,-0.012,22
1790509793.1,9.9107,0.3047,3.51,0.024,26
1790509793.2,9.9108,0.3048,3.50,-0.018,23
1790509793.3,9.9107,0.3047,3.49,-0.033,25
1790509793.4,9.9106,0.3047,3.50,0.015,25
1790509793.5,9.9106,0.3047,3.50,0.010,24
1790509793.6,9.9106,0.3047,3.50,0.007,26
1790509793.7,9.9105,0.3047,3.50,-0.007,26
1790509793.8,9.9105,0.3047,3.50,0.011,24
1790509793.9,9.9106,0.3047,3.50,0.012,26
1790509794.0,9.9106,0.3047,3.50,-0.016,25
1790509794.1,9.9106,0.3047,3.50,-0.035,20
1790509794.2,9.9105,0.3047,3.50,0.026,26
1790509794.3,9.9106,0.3047,3.50,0.029,25
1790509794.4,9.9106,0.3047,3.50,-0.009,25
1790509794.5,9.9107,0.3047,3.50,-0.013,25
1790509794.6,9.9102,0.3047,3.50,0.031,26
1790509794.7,9.9105,0.3047,3.50,0.005,25
1790509794.8,9.9105,0.3047,3.50,-0.041,26
1790509794.9,9.9103,0.3047,3.50,-0.023,23
1790509795.0,9.9104,0.3047,3.50,0.012,24
1790509795.1,9.9106,0.3047,3.50,-0.038,27
1790509795.2,9.9106,0.3047,3.50,0.015,25
1790509795.3,9.9104,0.3047,3.50,0.035,24
1790509795.4,9.9104,0.3047,3.50,-0.047,24
1790509795.5,9.9107,0.3047,3.48,-0.593,27
1790509795.6,9.9147,0.3050,3.47,0.413,24
1790509795.7,9.9251,0.3056,3.48,0.035,24
1790509795.8,9.9458,0.3069,3.47,0.070,25
1790509795.9,9.9730,0.3085,3.52,0.490,25
1790509796.0,9.9984,0.3101,3.55,0.435,26
1790509796.1,10.0238,0.3117,3.50,-0.555,27
1790509796.2,10.0504,0.3132,3.52,0.217,26
1790509796.3,10.0752,0.3147,3.51,-0.205,24
1790509796.4,10.0980,0.3161,3.51,0.053,26
1790509796.5,10.1208,0.3175,3.51,0.079,25
1790509796.6,10.1426,0.3189,3.55,0.410,26
1790509796.7,10.1515,0.3195,3.56,-0.508,26
1790509796.8,10.1738,0.3209,3.51,0.219,27
1790509796.9,10.2019,0.3226,3.56,0.442,24
1790509797.0,10.2212,0.3238,3.60,-0.014,26
1790509797.1,10.2474,0.3255,3.57,0.001,22
1790509797.2,10.2712,0.3269,3.57,0.072,25
1790509797.3,10.2945,0.3285,3.60,0.111,26
1790509797.4,10.3117,0.3295,3.57,-0.127,27
1790509797.5,10.3330,0.3308,3.59,0.135,23
1790509797.6,10.3560,0.3324,3.62,0.345,25
1790509797.7,10.3793,0.3340,3.61,-0.206,25
1790509797.8,10.3989,0.3352,3.62,0.051,27
1790509797.9,10.4197,0.3364,3.62,0.304,23
1790509798.0,10.4406,0.3378,3.66,0.134,27
1790509798.1,10.4594,0.3390,3.64,-0.009,26
1790509798.2,10.4812,0.3404,3.64,-0.036,26
1790509798.3,10.5003,0.3416,3.67,0.217,25
1790509798.4,10.5186,0.3428,3.69,0.193,25
1790509798.5,10.5374,0.3440,3.66,-0.208,26
1790509798.6,10.5546,0.3451,3.68,0.228,23
1790509798.7,10.5746,0.3464,3.69,0.072,26
1790509798.8,10.5890,0.3473,3.71,0.140,24
1790509798.9,10.6065,0.3484,3.68,-0.089,26
1790509799.0,10.6212,0.3493,3.69,0.102,22
1790509799.1,10.6398,0.3507,3.71,0.218,27
1790509799.2,10.6592,0.3520,3.73,-0.037,24
1790509799.3,10.6797,0.3531,3.71,0.132,27
1790509799.4,10.7001,0.3545,3.73,0.229,26
1790509799.5,10.7196,0.3558,3.75,0.050,23
1790509799.6,10.7393,0.3571,3.74,-0.113,26
1790509799.7,10.7591,0.3584,3.74,0.039,25
1790509799.8,10.7802,0.3597,3.76,0.234,24
1790509799.9,10.7998,0.3611,3.78,0.046,27
1790509800.0,10.8198,0.3624,3.76,-0.060,24
1790509800.1,10.8380,0.3635,3.76,0.119,26
1790509800.2,10.8584,0.3648,3.78,0.215,26
1790509800.3,10.8808,0.3663,3.76,-0.395,25
1790509800.4,10.9012,0.3678,3.77,0.024,25
1790509800.5,10.9212,0.3691,3.80,0.404,25
1790509800.6,10.9419,0.3705,3.83,0.076,26
1790509800.7,10.9636,0.3719,3.82,0.049,25
1790509800.8,10.9848,0.3735,3.84,0.086,21
1790509800.9,10.9960,0.3743,3.87,0.272,25
1790509801.0,11.0214,0.3759,3.87,-0.123,24
1790509801.1,11.0391,0.3771,3.85,0.138,25
1790509801.2,11.0576,0.3783,3.86,0.268,26
1790509801.3,11.0742,0.3794,3.87,-0.063,24
1790509801.4,11.0930,0.3807,3.89,-0.064,26
1790509801.5,11.1118,0.3819,3.87,0.049,25
1790509801.6,11.1247,0.3827,3.85,0.110,26
1790509801.7,11.1474,0.3845,3.88,0.010,23
1790509801.8,11.1646,0.3856,3.90,-0.156,23
1790509801.9,11.1808,0.3867,3.91,0.036,24
1790509802.0,11.1965,0.3877,3.91,0.334,26
1790509802.1,11.2142,0.3889,3.91,0.185,24
1790509802.2,11.2332,0.3903,3.92,-0.142,24
1790509802.3,11.2494,0.3915,3.93,0.121,25
1790509802.4,11.2658,0.3924,3.93,0.253,25
1790509802.5,11.2871,0.3943,3.96,0.114,26
1790509802.6,11.3039,0.3953,3.95,-0.233,25
1790509802.7,11.3236,0.3969,3.98,0.140,27
1790509802.8,11.3438,0.3981,3.99,0.249,25
1790509802.9,11.3616,0.3993,4.00,0.152,25
1790509803.0,11.3714,0.4000,3.99,-0.216,27
1790509803.1,11.3956,0.4018,4.00,0.253,23
1790509803.2,11.4129,0.4030,4.02,0.253,25
1790509803.3,11.4296,0.4041,4.03,0.129,25
1790509803.4,11.4455,0.4051,4.02,-0.084,26
1790509803.5,11.4660,0.4068,4.02,0.142,26
1790509803.6,11.4838,0.4082,4.05,0.294,26
1790509803.7,11.4999,0.4093,4.05,0.066,26
1790509803.8,11.5176,0.4104,4.05,-0.086,25
1790509803.9,11.5367,0.4119,4.05,0.057,24
1790509804.0,11.5577,0.4134,4.06,0.335,26
1790509804.1,11.5740,0.4145,4.08,0.015,26
1790509804.2,11.5928,0.4158,4.08,-0.170,27
1790509804.3,11.6154,0.4176,4.09,0.122,26
1790509804.4,11.6321,0.4186,4.09,0.219,26
1790509804.5,11.6549,0.4206,4.15,0.141,27
1790509804.6,11.6738,0.4220,4.12,-0.163,27
1790509804.7,11.6938,0.4237,4.14,0.038,26
1790509804.8,11.7139,0.4249,4.15,0.315,26
1790509804.9,11.7358,0.4269,4.20,0.138,27
1790509805.0,11.7542,0.4282,4.17,-0.087,24
1790509805.1,11.7622,0.4287,4.19,-0.007,24
1790509805.2,11.7911,0.4309,4.22,0.229,24
1790509805.3,11.8098,0.4321,4.20,-0.110,27
1790509805.4,11.8309,0.4339,4.22,-0.007,24
1790509805.5,11.8486,0.4352,4.21,0.347,26
1790509805.6,11.8677,0.4367,4.25,0.142,24
1790509805.7,11.8876,0.4382,4.24,-0.083,24
1790509805.8,11.9098,0.4399,4.25,-0.048,26
1790509805.9,11.9326,0.4417,4.29,0.444,26
1790509806.0,11.9535,0.4432,4.30,0.020,25
1790509806.1,11.9699,0.4445,4.28,0.120,28
1790509806.2,11.9950,0.4464,4.29,0.082,25
1790509806.3,12.0169,0.4476,4.31,0.226,25
1790509806.4,12.0385,0.4494,4.31,0.005,25
1790509806.5,12.0603,0.4509,4.32,0.199,25
1790509806.6,12.0820,0.4525,4.33,0.303,24
1790509806.7,12.1042,0.4542,4.32,-0.213,25
1790509806.8,12.1271,0.4560,4.32,0.016,26
1790509806.9,12.1499,0.4576,4.31,0.299,24
1790509807.0,12.1713,0.4592,4.33,-0.113,26
1790509807.1,12.1970,0.4610,4.29,0.105,24
1790509807.2,12.2087,0.4619,4.29,0.234,28
1790509807.3,12.2434,0.4644,4.32,0.157,23
1790509807.4,12.2644,0.4660,4.29,-0.038,24
1790509807.5,12.2855,0.4677,4.33,0.107,26
1790509807.6,12.3107,0.4695,4.34,0.311,26
1790509807.7,12.3332,0.4712,4.33,-0.200,25
1790509807.8,12.3563,0.4733,4.38,0.142,26
1790509807.9,12.3792,0.4751,4.42,0.436,26
1790509808.0,12.4010,0.4767,4.39,-0.264,24
1790509808.1,12.4271,0.4786,4.39,0.200,25
1790509808.2,12.4498,0.4804,4.42,0.324,25
1790509808.3,12.4729,0.4825,4.45,-0.112,25
1790509808.4,12.4950,0.4841,4.44,0.160,26
1790509808.5,12.5193,0.4860,4.46,0.328,27
1790509808.6,12.5435,0.4879,4.48,-0.068,25
1790509808.7,12.5623,0.4897,4.48,0.054,25
1790509808.8,12.5859,0.4914,4.49,0.117,25
1790509808.9,12.6101,0.4934,4.52,0.093,23
1790509809.0,12.6388,0.4958,4.50,-0.044,27
1790509809.1,12.6600,0.4975,4.53,0.111,26
1790509809.2,12.6838,0.4994,4.55,0.149,26
1790509809.3,12.6943,0.5001,4.51,0.035,27
1790509809.4,12.7213,0.5027,4.56,0.205,24
1790509809.5,12.7502,0.5052,4.61,0.130,26
1790509809.6,12.7737,0.5071,4.59,-0.154,26
1790509809.7,12.7993,0.5098,4.65,0.307,23
1790509809.8,12.8202,0.5108,4.63,0.106,28
1790509809.9,12.8438,0.5131,4.61,-0.264,25
1790509810.0,12.8642,0.5144,4.60,0.220,26
1790509810.1,12.8873,0.5160,4.59,0.273,25
1790509810.2,12.9090,0.5178,4.56,-0.345,23
1790509810.3,12.9342,0.5201,4.63,0.239,26
1790509810.4,12.9605,0.5217,4.64,0.250,24
1790509810.5,12.9791,0.5236,4.63,-0.220,24
1790509810.6,13.0027,0.5255,4.66,0.296,27
1790509810.7,13.0217,0.5269,4.68,0.288,24
1790509810.8,13.0491,0.5295,4.67,-0.187,24
1790509810.9,13.0759,0.5323,4.76,0.425,22
1790509811.0,13.0996,0.5341,4.79,0.311,26
1790509811.1,13.1296,0.5368,4.76,-0.518,23
1790509811.2,13.1461,0.5381,4.77,0.131,25
1790509811.3,13.1708,0.5401,4.80,0.394,25
1790509811.4,13.1972,0.5424,4.77,-0.248,26
1790509811.5,13.2122,0.5444,4.85,0.201,25
1790509811.6,13.2453,0.5470,4.88,0.436,26
1790509811.7,13.2672,0.5489,4.84,-0.183,25
1790509811.8,13.2977,0.5519,4.89,0.183,27
1790509811.9,13.3146,0.5532,4.91,0.324,25
1790509812.0,13.3449,0.5565,4.92,-0.045,24
1790509812.1,13.3701,0.5586,4.93,0.012,26
1790509812.2,13.3927,0.5606,4.96,0.304,26
1790509812.3,13.4172,0.5627,4.94,-0.156,25
1790509812.4,13.4355,0.5647,4.92,0.182,25
1790509812.5,13.4596,0.5669,4.98,0.272,26
1790509812.6,13.4854,0.5697,5.00,0.052,25
1790509812.7,13.5024,0.5707,4.96,0.066,25
1790509812.8,13.5188,0.5724,4.99,0.095,25
1790509812.9,13.5380,0.5739,5.01,0.191,26
1790509813.0,13.5560,0.5754,5.01,-0.120,25
1790509813.1,13.5774,0.5773,5.02,0.182,27
1790509813.2,13.5958,0.5792,5.07,0.278,27
1790509813.3,13.6128,0.5807,5.09,0.181,24
1790509813.4,13.6302,0.5817,4.96,-0.594,26
1790509813.5,13.6519,0.5842,4.99,0.168,27
1790509813.6,13.6673,0.5850,4.87,-1.292,24
1790509813.7,13.6863,0.5868,4.61,-3.344,26
1790509813.8,13.6955,0.5873,4.37,-3.536,23
1790509813.9,13.7141,0.5889,3.87,-4.903,26
1790509814.0,13.7348,0.5897,3.34,-5.695,23
1790509814.1,13.7580,0.5902,2.79,-5.426,24
1790509814.2,13.7767,0.5906,2.30,-3.650,27
1790509814.3,13.7943,0.5912,2.16,-1.020,26
1790509814.4,13.8139,0.5920,2.15,-0.587,24
1790509814.5,13.8333,0.5927,2.14,0.024,26
1790509814.6,13.8452,0.5928,2.08,0.028,25
1790509814.7,13.8711,0.5938,2.06,-0.436,24
1790509814.8,13.8988,0.5953,2.08,-0.049,24
1790509814.9,13.9066,0.5958,2.14,0.158,26
1790509815.0,13.9384,0.5972,2.15,-0.088,26
1790509815.1,13.9615,0.5980,2.13,0.067,27
1790509815.2,13.9856,0.5989,2.15,0.088,23
1790509815.3,14.0045,0.6005,2.21,-0.024,26
1790509815.4,14.0270,0.6013,2.19,0.064,27
1790509815.5,14.0460,0.6015,2.20,0.251,24
1790509815.6,14.0733,0.6034,2.24,-0.050,24
1790509815.7,14.0846,0.6038,2.21,-0.018,25
1790509815.8,14.1114,0.6046,2.22,0.163,26
1790509815.9,14.1330,0.6054,2.20,-0.242,26
1790509816.0,14.1488,0.6057,2.17,0.045,25
1790509816.1,14.1772,0.6068,2.18,-0.253,25
1790509816.2,14.1916,0.6075,2.15,-0.135,26
1790509816.3,14.2115,0.6082,2.18,0.248,25
1790509816.4,14.2202,0.6083,2.14,-0.301,24
1790509816.5,14.2381,0.6090,2.12,-0.192,25
1790509816.6,14.2576,0.6097,2.14,0.300,24
1790509816.7,14.2774,0.6098,2.14,0.112,24
1790509816.8,14.2987,0.6106,2.10,-0.338,27
1790509816.9,14.3161,0.6113,2.09,0.033,26
1790509817.0,14.3250,0.6118,2.17,0.231,25
1790509817.1,14.3396,0.6126,2.22,-0.037,27
1790509817.2,14.3618,0.6135,2.20,-0.136,25
1790509817.3,14.3862,0.6144,2.24,0.418,22
1790509817.4,14.4074,0.6152,2.22,-0.118,24
1790509817.5,14.4313,0.6162,2.24,0.081,27
1790509817.6,14.4536,0.6171,2.28,0.442,23
1790509817.7,14.4769,0.6180,2.29,0.169,26
1790509817.8,14.4885,0.6184,2.30,-0.087,26
1790509817.9,14.5190,0.6197,2.28,0.200,25
1790509818.0,14.5440,0.6207,2.32,0.344,25
1790509818.1,14.5661,0.6216,2.33,-0.238,27
1790509818.2,14.5882,0.6225,2.32,0.178,24
1790509818.3,14.6105,0.6234,2.36,0.380,24
1790509818.4,14.6330,0.6243,2.35,-0.161,27
1790509818.5,14.6548,0.6252,2.34,0.115,24
1790509818.6,14.6759,0.6261,2.37,0.187,26
1790509818.7,14.6973,0.6269,2.39,0.078,26
1790509818.8,14.7185,0.6278,2.36,-0.184,26
1790509818.9,14.7391,0.6287,2.36,0.150,27
1790509819.0,14.7594,0.6295,2.39,0.360,24
1790509819.1,14.7821,0.6305,2.38,-0.177,27
1790509819.2,14.8013,0.6313,2.37,-0.075,24
1790509819.3,14.8217,0.6321,2.37,0.176,24
1790509819.4,14.8418,0.6329,2.40,0.092,25
1790509819.5,14.8618,0.6338,2.39,-0.156,26
1790509819.6,14.8839,0.6347,2.38,0.012,25
1790509819.7,14.9051,0.6356,2.42,0.373,26
1790509819.8,14.9261,0.6365,2.42,-0.236,24
1790509819.9,14.9371,0.6369,2.40,0.054,24
1790509820.0,14.9586,0.6378,2.39,0.150,24
1790509820.1,14.9833,0.6389,2.43,0.268,26
1790509820.2,15.0050,0.6398,2.43,-0.120,25
1790509820.3,15.0230,0.6406,2.43,0.028,26
1790509820.4,15.0411,0.6413,2.43,0.042,24
1790509820.5,15.0600,0.6421,2.47,0.498,26
1790509820.6,15.0784,0.6429,2.45,-0.096,24
1790509820.7,15.0971,0.6437,2.46,0.043,24
1790509820.8,15.1156,0.6445,2.48,0.220,26
1790509820.9,15.1339,0.6453,2.51,0.099,27
1790509821.0,15.1514,0.6461,2.50,-0.111,25
1790509821.1,15.1694,0.6469,2.48,-0.143,25
1790509821.2,15.1869,0.6476,2.46,0.110,26
1790509821.3,15.2050,0.6484,2.50,0.151,24
1790509821.4,15.2210,0.6491,2.51,0.265,26
1790509821.5,15.2337,0.6497,2.45,-0.778,25
1790509821.6,15.2407,0.6500,2.51,0.462,27
1790509821.7,15.2439,0.6501,2.51,-0.001,25
1790509821.8,15.2445,0.6501,2.51,0.021,23
1790509821.9,15.2444,0.6501,2.51,0.017,27
1790509822.0,15.2441,0.6501,2.51,0.011,27
1790509822.1,15.2447,0.6501,2.52,0.007,27
1790509822.2,15.2446,0.6501,2.52,0.004,25
1790509822.3,15.2443,0.6501,2.44,-5.050,24
1790509822.4,15.2438,0.6501,1.16,-14.235,26
1790509822.5,15.2444,0.6501,-1.23,-23.458,25
1790509822.6,15.2444,0.6501,-3.86,-26.070,27
1790509822.7,15.2441,0.6502,-6.43,-26.336,24
1790509822.8,15.2448,0.6501,-8.94,-25.223,26
1790509822.9,15.2450,0.6501,-11.67,-26.603,25
1790509823.0,15.2447,0.6501,-14.29,-27.718,25
1790509823.1,15.2436,0.6504,-17.08,-26.196,27
1790509823.2,15.2430,0.6506,-19.54,-26.313,26
1790509823.3,15.2440,0.6503,-22.35,-26.152,24
1790509823.4,15.2448,0.6500,-24.76,-25.821,26
1790509823.5,15.2448,0.6499,-27.54,-26.184,24
1790509823.6,15.2444,0.6502,-30.06,-25.254,26
1790509823.7,15.2435,0.6507,-32.80,-26.231,26
1790509823.8,15.2429,0.6512,-34.27,-25.628,25
1790509823.9,15.2440,0.6505,-37.72,-25.108,27
1790509824.0,15.2445,0.6500,-40.26,-25.764,25
1790509824.1,15.2448,0.6498,-42.72,-25.107,24
1790509824.2,15.2446,0.6499,-45.23,-24.977,27
1790509824.3,15.2444,0.6501,-47.75,-25.563,27
1790509824.4,15.2544,0.6353,-50.19,-24.652,24
1790509824.5,15.2629,0.6198,-52.94,-24.998,26
1790509824.6,15.2629,0.6197,-55.49,-25.381,25
1790509824.7,15.2652,0.6151,-58.00,-24.398,25
1790509824.8,15.2667,0.6112,-60.45,-24.775,25
1790509824.9,15.2645,0.6172,-62.99,-24.628,23
1790509825.0,15.2649,0.6171,-65.29,-24.236,25
1790509825.1,15.2695,0.6011,-67.89,-25.017,25
1790509825.2,15.2682,0.6065,-70.28,-24.366,25
1790509825.3,15.2690,0.6020,-72.86,-24.795,24
1790509825.4,15.2676,0.6101,-74.08,-24.994,25
1790509825.5,15.2675,0.6139,-77.47,-24.426,25
1790509825.6,15.2680,0.6082,-79.96,-24.906,22
1790509825.7,15.2679,0.6081,-82.64,-24.473,24
1790509825.8,15.2678,0.6043,-85.07,-24.300,27
1790509825.9,15.2680,0.6088,-87.53,-24.969,25
1790509826.0,15.2676,0.6045,-89.98,-24.139,23
1790509826.1,15.2680,0.6075,-92.15,-15.788,24
1790509826.2,15.2664,0.6002,-91.96,2.262,28
1790509826.3,15.2664,0.6003,-91.60,1.419,26
1790509826.4,15.2666,0.6090,-91.63,0.149,26
1790509826.5,15.2666,0.6041,-91.60,0.112,25
1790509826.6,15.2667,0.6073,-91.59,0.106,26
1790509826.7,15.2667,0.6075,-91.59,0.080,25
1790509826.8,15.2666,0.6056,-91.58,0.050,26
1790509826.9,15.2666,0.6056,-91.58,0.033,26
1790509827.0,15.2666,0.6053,-91.58,-0.001,25
1790509827.1,15.2666,0.6057,-91.58,0.043,25
1790509827.2,15.2666,0.6051,-91.58,0.033,25
1790509827.3,15.2666,0.6056,-91.58,-0.007,27
1790509827.4,15.2666,0.6048,-91.57,-0.018,26
1790509827.5,15.2666,0.6057,-91.58,0.003,26
1790509827.6,15.2666,0.6055,-91.58,-0.007,26
1790509827.7,15.2666,0.6052,-91.58,-0.005,24
1790509827.8,15.2667,0.6065,-91.58,0.022,26
1790509827.9,15.2667,0.6073,-91.58,-0.030,27
1790509828.0,15.2667,0.6057,-91.58,0.021,26
1790509828.1,15.2667,0.6064,-91.58,0.013,24
1790509828.2,15.2667,0.6055,-91.58,0.021,25
1790509828.3,15.2667,0.6055,-91.58,0.056,25
1790509828.4,15.2667,0.6061,-91.58,0.010,24
1790509828.5,15.2667,0.6061,-91.58,-0.029,25
1790509828.6,15.2667,0.6068,-91.58,0.024,26
1790509828.7,15.2667,0.6057,-91.58,0.049,25
1790509828.8,15.2667,0.6073,-91.57,0.061,25
1790509828.9,15.2667,0.6071,-91.57,0.020,25
1790509829.0,15.2667,0.6070,-91.56,0.019,24
1790509829.1,15.2667,0.6071,-91.56,-0.047,23
1790509829.2,15.2667,0.6073,-91.57,-0.007,23
1790509829.3,15.2667,0.6064,-91.57,0.003,26
1790509829.4,15.2667,0.6065,-91.57,0.037,24
1790509829.5,15.2667,0.6059,-91.67,-2.019,25
1790509829.6,15.2665,0.5996,-91.70,0.737,26
1790509829.7,15.2662,0.5895,-91.60,-0.059,26
1790509829.8,15.2657,0.5634,-91.67,-0.816,26
1790509829.9,15.2649,0.5355,-91.61,1.502,24
1790509830.0,15.2643,0.5162,-91.62,-0.345,25
1790509830.1,15.2634,0.4919,-91.63,-0.395,25
1790509830.2,15.2629,0.4688,-91.66,0.194,26
1790509830.3,15.2622,0.4481,-91.62,0.437,25
1790509830.4,15.2616,0.4261,-91.64,-0.347,26
1790509830.5,15.2612,0.4074,-91.67,-0.153,26
1790509830.6,15.2606,0.3880,-91.64,0.388,26
1790509830.7,15.2598,0.3641,-91.63,0.009,24
1790509830.8,15.2593,0.3445,-91.64,0.187,26
1790509830.9,15.2588,0.3244,-91.51,1.815,26
1790509831.0,15.2584,0.3086,-91.08,4.423,26
1790509831.1,15.2582,0.2936,-90.70,4.967,25
1790509831.2,15.2585,0.2818,-90.00,7.602,26
1790509831.3,15.2590,0.2611,-88.92,10.028,26
1790509831.4,15.2602,0.2490,-88.16,5.307,26
1790509831.5,15.2611,0.2389,-88.30,-1.875,28
1790509831.6,15.2623,0.2334,-88.48,-0.593,24
1790509831.7,15.2621,0.2348,-88.49,-0.282,25
1790509831.8,15.2620,0.2387,-88.49,-0.076,26
1790509831.9,15.2620,0.2362,-88.49,-0.023,25
1790509832.0,15.2620,0.2386,-88.50,-0.069,25
1790509832.1,15.2620,0.2378,-88.49,-0.012,22
1790509832.2,15.2619,0.2408,-88.50,-0.048,25
1790509832.3,15.2620,0.2397,-88.50,0.015,26
1790509832.4,15.2620,0.2394,-88.50,0.013,27
1790509832.5,15.2619,0.2406,-88.50,0.006,25
1790509832.6,15.2620,0.2397,-88.50,0.001,25
1790509832.7,15.2619,0.2412,-88.50,0.011,25
1790509832.8,15.2619,0.2405,-88.50,-0.008,23
1790509832.9,15.2619,0.2413,-88.50,0.020,28
1790509833.0,15.2619,0.2417,-88.50,0.004,26
1790509833.1,15.2619,0.2413,-88.50,-0.037,27
1790509833.2,15.2619,0.2404,-88.50,0.088,26
1790509833.3,15.2619,0.2411,-88.49,-0.014,25
1790509833.4,15.2619,0.2411,-88.49,-0.039,25
1790509833.5,15.2620,0.2398,-88.51,0.048,26
1790509833.6,15.2619,0.2412,-88.50,0.007,27
1790509833.7,15.2619,0.2415,-88.50,-0.046,25
1790509833.8,15.2619,0.2406,-88.50,-0.010,25
1790509833.9,15.2619,0.2424,-88.51,-0.024,24
1790509834.0,15.2619,0.2425,-88.50,0.009,25
1790509834.1,15.2619,0.2424,-88.50,0.021,25
1790509834.2,15.2619,0.2421,-88.49,0.011,23
1790509834.3,15.2619,0.2421,-88.49,0.030,24
1790509834.4,15.2619,0.2423,-88.49,0.006,25
1790509834.5,15.2618,0.2441,-88.50,0.019,27
1790509834.6,15.2619,0.2435,-88.50,0.013,26
1790509834.7,15.2618,0.2442,-88.50,-0.027,26
1790509834.8,15.2619,0.2437,-88.50,0.058,26
1790509834.9,15.2619,0.2440,-88.50,0.041,24
1790509835.0,15.2619,0.2441,-88.50,0.024,24
1790509835.1,15.2618,0.2443,-88.50,-0.015,26
1790509835.2,15.2619,0.2440,-88.50,-0.013,24
1790509835.3,15.2619,0.2435,-88.50,0.002,27
1790509835.4,15.2619,0.2440,-88.50,0.015,26
1790509835.5,15.2618,0.2441,-88.49,0.023,27
1790509835.6,15.2619,0.2436,-88.49,0.049,19
1790509835.7,15.2619,0.2441,-88.49,0.027,25
1790509835.8,15.2619,0.2431,-88.49,0.007,27
1790509835.9,15.2619,0.2434,-88.49,0.005,24
1790509836.0,15.2618,0.2445,-88.49,0.028,26
1790509836.1,15.2618,0.2446,-88.48,0.054,26
1790509836.2,15.2619,0.2433,-88.49,-0.029,26
1790509836.3,15.2619,0.2432,-88.49,-0.016,23
1790509836.4,15.2618,0.2442,-88.49,-0.032,26
1790509836.5,15.2619,0.2431,-88.49,0.043,24
1790509836.6,15.2618,0.2448,-88.49,-0.025,25
1790509836.7,15.2618,0.2448,-88.49,-0.021,25
1790509836.8,15.2618,0.2448,-88.49,-0.039,25
1790509836.9,15.2619,0.2443,-88.49,-0.006,24
1790509837.0,15.2618,0.2451,-88.49,0.001,26
1790509837.1,15.2618,0.2453,-88.49,-0.009,27
1790509837.2,15.2618,0.2451,-88.49,-0.011,26
1790509837.3,15.2618,0.2454,-88.49,0.024,28
1790509837.4,15.2618,0.2447,-88.49,0.000,23
1790509837.5,15.2618,0.2450,-88.50,-0.017,25
1790509837.6,15.2618,0.2464,-88.49,-0.023,25
1790509837.7,15.2618,0.2460,-88.49,-0.027,25
1790509837.8,15.2618,0.2469,-88.50,-0.016,26
1790509837.9,15.2618,0.2465,-88.50,-0.003,25
1790509838.0,15.2618,0.2468,-88.50,0.006,25
1790509838.1,15.2618,0.2466,-88.50,-0.029,25
1790509838.2,15.2618,0.2457,-88.52,-0.041,23
1790509838.3,15.2618,0.2465,-88.52,-0.012,25
1790509838.4,15.2618,0.2459,-88.51,0.019,25
1790509838.5,15.2618,0.2455,-88.51,-0.015,23
1790509838.6,15.2618,0.2467,-88.52,-0.007,27
1790509838.7,15.2618,0.2464,-88.52,0.018,25
1790509838.8,15.2618,0.2462,-88.51,0.034,25
1790509838.9,15.2618,0.2472,-88.53,-0.065,27
1790509839.0,15.2618,0.2469,-88.54,0.008,23
1790509839.1,15.2618,0.2469,-88.53,-0.005,25
1790509839.2,15.2618,0.2460,-88.53,0.034,26
1790509839.3,15.2618,0.2469,-88.53,-0.016,24
1790509839.4,15.2618,0.2460,-88.53,0.016,25
1790509839.5,15.2618,0.2476,-88.53,-0.021,25
1790509839.6,15.2618,0.2463,-88.53,0.053,25
1790509839.7,15.2618,0.2465,-88.53,-0.012,26
1790509839.8,15.2618,0.2462,-88.53,0.005,23
1790509839.9,15.2618,0.2468,-88.53,-0.012,24
1790509840.0,15.2618,0.2464,-88.53,0.013,26
1790509840.1,15.2618,0.2463,-88.54,-0.007,25
1790509840.2,15.2618,0.2464,-88.53,0.026,23
1790509840.3,15.2618,0.2466,-88.53,0.016,27
1790509840.4,15.2618,0.2468,-88.53,-0.022,23
1790509840.5,15.2618,0.2472,-88.53,-0.022,27
1790509840.6,15.2618,0.2460,-88.54,-0.031,26
1790509840.7,15.2618,0.2473,-88.53,0.024,24
1790509840.8,15.2618,0.2465,-88.53,0.064,25
1790509840.9,15.2618,0.2465,-88.53,0.008,25
1790509841.0,15.2618,0.2479,-88.53,0.012,24
1790509841.1,15.2618,0.2475,-88.53,0.008,26
1790509841.2,15.2618,0.2468,-88.53,-0.009,26
1790509841.3,15.2618,0.2474,-88.54,-0.090,26
1790509841.4,15.2618,0.2475,-88.53,0.001,24
1790509841.5,15.2618,0.2476,-88.54,0.031,26
1790509841.6,15.2618,0.2474,-88.53,0.043,25
1790509841.7,15.2618,0.2474,-88.53,-0.035,26
1790509841.8,15.2618,0.2475,-88.53,-0.005,27
1790509841.9,15.2617,0.2490,-88.53,0.031,28
1790509842.0,15.2618,0.2483,-88.54,-0.012,22
1790509842.1,15.2617,0.2488,-88.54,0.001,26
1790509842.2,15.2617,0.2486,-88.53,-0.058,24
1790509842.3,15.2617,0.2493,-88.54,-0.016,25
1790509842.4,15.2617,0.2486,-88.54,0.013,26
1790509842.5,15.2617,0.2486,-88.54,-0.026,26
1790509842.6,15.2617,0.2491,-88.55,-0.029,23
1790509842.7,15.2618,0.2485,-88.55,-0.015,25
1790509842.8,15.2618,0.2480,-88.55,-0.019,26
1790509842.9,15.2618,0.2486,-88.55,-0.003,27
1790509843.0,15.2618,0.2482,-88.54,0.017,24
1790509843.1,15.2618,0.2488,-88.54,-0.021,26
1790509843.2,15.2618,0.2479,-88.54,0.036,26
1790509843.3,15.2618,0.2479,-88.54,-0.021,23
1790509843.4,15.2618,0.2473,-88.55,0.030,24
1790509843.5,15.2618,0.2481,-88.54,-0.000,25
1790509843.6,15.2618,0.2467,-88.55,-0.012,24
1790509843.7,15.2618,0.2480,-88.55,-0.001,24
1790509843.8,15.2617,0.2494,-88.55,0.036,24
1790509843.9,15.2618,0.2482,-88.55,0.016,24
1790509844.0,15.2618,0.2477,-88.55,-0.027,24
1790509844.1,15.2618,0.2477,-88.55,-0.052,26
1790509844.2,15.2618,0.2477,-88.55,0.023,24
1790509844.3,15.2618,0.2484,-88.55,-0.005,26
1790509844.4,15.2618,0.2484,-88.55,0.004,25
1790509844.5,15.2618,0.2485,-88.56,-0.005,25
1790509844.6,15.2618,0.2484,-88.54,0.016,26
1790509844.7,15.2618,0.2491,-88.55,-0.054,24
1790509844.8,15.2618,0.2489,-88.55,-0.016,25
1790509844.9,15.2617,0.2498,-88.55,-0.005,25
1790509845.0,15.2618,0.2481,-88.55,0.036,27
1790509845.1,15.2617,0.2494,-88.55,0.018,23
1790509845.2,15.2617,0.2493,-88.55,0.013,28
1790509845.3,15.2617,0.2493,-88.55,-0.006,25
1790509845.4,15.2618,0.2484,-88.55,0.021,23
1790509845.5,15.2618,0.2482,-88.56,-0.006,27
1790509845.6,15.2618,0.2472,-88.55,0.009,24
1790509845.7,15.2618,0.2486,-88.57,0.011,24
1790509845.8,15.2618,0.2482,-88.55,-0.047,25
1790509845.9,15.2618,0.2480,-88.56,-0.011,25
1790509846.0,15.2618,0.2483,-88.56,-0.020,23
1790509846.1,15.2618,0.2488,-88.56,0.021,24
1790509846.2,15.2618,0.2489,-88.57,-0.007,24
1790509846.3,15.2617,0.2502,-88.57,-0.040,24
1790509846.4,15.2618,0.2492,-88.57,0.006,24
1790509846.5,15.2617,0.2496,-88.57,-0.025,25
1790509846.6,15.2618,0.2490,-88.57,0.005,25
1790509846.7,15.2617,0.2493,-88.57,-0.006,26
1790509846.8,15.2618,0.2488,-88.57,-0.001,25
1790509846.9,15.2617,0.2498,-88.57,0.012,24
1790509847.0,15.2617,0.2498,-88.57,-0.001,28
1790509847.1,15.2618,0.2483,-88.57,-0.025,23
1790509847.2,15.2617,0.2504,-88.57,-0.011,23
1790509847.3,15.2617,0.2495,-88.57,-0.014,27
1790509847.4,15.2617,0.2499,-88.58,0.010,23
1790509847.5,15.2617,0.2501,-88.58,0.007,26
1790509847.6,15.2617,0.2506,-88.57,-0.011,27
1790509847.7,15.2617,0.2507,-88.57,0.021,23
1790509847.8,15.2617,0.2501,-88.57,-0.043,24
1790509847.9,15.2618,0.2498,-88.58,0.018,25
1790509848.0,15.2617,0.2501,-88.58,-0.041,27
1790509848.1,15.2618,0.2496,-88.58,-0.024,25
1790509848.2,15.2617,0.2500,-88.58,-0.031,23
1790509848.3,15.2617,0.2501,-88.58,-0.025,24
1790509848.4,15.2617,0.2507,-88.58,-0.006,26
1790509848.5,15.2617,0.2504,-88.59,-0.020,25
1790509848.6,15.2617,0.2503,-88.58,-0.024,25
1790509848.7,15.2617,0.2503,-88.59,-0.039,25
1790509848.8,15.2617,0.2502,-88.59,0.027,23
1790509848.9,15.2617,0.2502,-88.59,-0.002,27
1790509849.0,15.2617,0.2509,-88.59,0.019,23
1790509849.1,15.2617,0.2501,-88.59,0.017,25
1790509849.2,15.2617,0.2508,-88.58,0.019,27
1790509849.3,15.2617,0.2508,-88.59,-0.010,25
1790509849.4,15.2617,0.2504,-88.59,-0.028,28
1790509849.5,15.2618,0.2495,-88.60,-0.007,24
1790509849.6,15.2617,0.2500,-88.60,0.027,26
1790509849.7,15.2618,0.2488,-88.60,-0.041,25
1790509849.8,15.2618,0.2481,-88.60,0.007,25
1790509849.9,15.2618,0.2491,-88.60,0.035,23
1790509850.0,15.2618,0.2498,-88.60,-0.025,26
1790509850.1,15.2618,0.2492,-88.61,-0.006,25
1790509850.2,15.2618,0.2497,-88.61,0.039,26
1790509850.3,15.2617,0.2501,-88.61,0.023,25
1790509850.4,15.2618,0.2494,-88.60,0.010,27
1790509850.5,15.2617,0.2505,-88.61,-0.002,26
1790509850.6,15.2618,0.2499,-88.61,-0.033,24
1790509850.7,15.2618,0.2495,-88.61,-0.019,25
1790509850.8,15.2618,0.2496,-88.61,-0.017,25
1790509850.9,15.2618,0.2500,-88.61,0.029,26
1790509851.0,15.2618,0.2500,-88.61,-0.025,24
1790509851.1,15.2618,0.2493,-88.61,-0.022,25
1790509851.2,15.2617,0.2503,-88.61,0.012,24
1790509851.3,15.2618,0.2483,-88.60,0.027,26
1790509851.4,15.2618,0.2490,-88.60,0.012,23
1790509851.5,15.2618,0.2496,-88.61,-0.007,28
1790509851.6,15.2618,0.2496,-88.61,-0.033,24
1790509851.7,15.2618,0.2496,-88.61,-0.018,25
1790509851.8,15.2618,0.2494,-88.61,0.005,28
1790509851.9,15.2618,0.2493,-88.61,0.005,26
1790509852.0,15.2618,0.2494,-88.60,0.039,26
1790509852.1,15.2618,0.2495,-88.60,0.003,25
1790509852.2,15.2618,0.2495,-88.61,-0.014,26
1790509852.3,15.2618,0.2495,-88.60,0.005,27
1790509852.4,15.2618,0.2494,-88.61,-0.064,24
1790509852.5,15.2618,0.2482,-88.60,0.029,26
1790509852.6,15.2618,0.2485,-88.60,0.007,25
1790509852.7,15.2618,0.2474,-88.60,-0.015,26
1790509852.8,15.2618,0.2482,-88.61,-0.052,26
1790509852.9,15.2618,0.2488,-88.61,-0.011,26
1790509853.0,15.2618,0.2477,-88.61,-0.005,22
1790509853.1,15.2618,0.2494,-88.61,-0.025,22
1790509853.2,15.2618,0.2481,-88.61,0.021,26
1790509853.3,15.2618,0.2493,-88.60,0.007,27
1790509853.4,15.2618,0.2493,-88.60,0.024,27
1790509853.5,15.2618,0.2487,-88.60,-0.040,25
1790509853.6,15.2618,0.2483,-88.60,0.010,26
1790509853.7,15.2618,0.2485,-88.60,-0.023,27
1790509853.8,15.2618,0.2483,-88.60,0.002,24
1790509853.9,15.2618,0.2487,-88.60,0.006,24
1790509854.0,15.2618,0.2485,-88.59,-0.029,25
1790509854.1,15.2618,0.2504,-88.59,0.008,24
1790509854.2,15.2618,0.2498,-88.59,-0.011,25
1790509854.3,15.2618,0.2498,-88.59,0.020,25
1790509854.4,15.2618,0.2498,-88.59,0.013,26
1790509854.5,15.2618,0.2498,-88.60,-0.018,26
1790509854.6,15.2617,0.2512,-88.59,-0.031,25
1790509854.7,15.2618,0.2504,-88.59,0.010,26
1790509854.8,15.2618,0.2504,-88.60,0.012,21
1790509854.9,15.2617,0.2510,-88.59,0.004,26
1790509855.0,15.2618,0.2506,-88.59,0.040,25
1790509855.1,15.2618,0.2503,-88.58,0.034,25
1790509855.2,15.2618,0.2505,-88.59,-0.060,26
1790509855.3,15.2618,0.2496,-88.59,-0.023,25
1790509855.4,15.2618,0.2510,-88.59,-0.002,24
1790509855.5,15.2618,0.2509,-88.59,0.031,25
1790509855.6,15.2618,0.2503,-88.59,-0.040,25
1790509855.7,15.2618,0.2505,-88.59,0.034,25
1790509855.8,15.2618,0.2505,-88.59,0.014,24
1790509855.9,15.2618,0.2506,-88.59,-0.015,27
1790509856.0,15.2618,0.2500,-88.59,-0.003,24
1790509856.1,15.2618,0.2503,-88.58,0.040,26
1790509856.2,15.2618,0.2509,-88.58,0.000,25
1790509856.3,15.2618,0.2507,-88.58,0.016,26
1790509856.4,15.2618,0.2508,-88.58,-0.021,24
1790509856.5,15.2618,0.2505,-88.58,0.013,25
1790509856.6,15.2618,0.2511,-88.58,0.016,26
1790509856.7,15.2618,0.2507,-88.58,-0.022,22
1790509856.8,15.2618,0.2511,-88.58,0.018,26
1790509856.9,15.2618,0.2512,-88.58,-0.043,25
1790509857.0,15.2618,0.2505,-88.59,0.014,26
1790509857.1,15.2618,0.2505,-88.58,0.022,26
1790509857.2,15.2618,0.2511,-88.58,0.018,24
1790509857.3,15.2618,0.2507,-88.58,-0.021,26
1790509857.4,15.2618,0.2504,-88.58,-0.010,24
1790509857.5,15.2618,0.2509,-88.59,0.004,26
1790509857.6,15.2617,0.2516,-88.58,-0.002,25
1790509857.7,15.2617,0.2511,-88.59,0.009,24
1790509857.8,15.2618,0.2506,-88.58,0.047,23
1790509857.9,15.2618,0.2500,-88.58,0.033,25
1790509858.0,15.2618,0.2507,-88.58,-0.003,26
1790509858.1,15.2618,0.2502,-88.58,-0.038,27
1790509858.2,15.2618,0.2503,-88.58,-0.014,24
1790509858.3,15.2618,0.2505,-88.58,-0.020,26
1790509858.4,15.2618,0.2505,-88.57,0.005,22
1790509858.5,15.2618,0.2501,-88.58,0.021,23
1790509858.6,15.2618,0.2508,-88.58,0.003,26
1790509858.7,15.2618,0.2506,-88.58,-0.041,25
1790509858.8,15.2618,0.2507,-88.58,-0.022,27
1790509858.9,15.2618,0.2503,-88.58,0.020,25
1790509859.0,15.2617,0.2516,-88.59,-0.028,25
1790509859.1,15.2618,0.2503,-88.59,-0.022,26
1790509859.2,15.2618,0.2504,-88.59,-0.053,24
1790509859.3,15.2618,0.2505,-88.59,-0.004,27
1790509859.4,15.2618,0.2507,-88.59,0.024,28
1790509859.5,15.2618,0.2506,-88.59,0.001,25
1790509859.6,15.2618,0.2494,-88.58,0.018,24
1790509859.7,15.2618,0.2508,-88.58,-0.003,23
1790509859.8,15.2618,0.2509,-88.58,-0.017,26
1790509859.9,15.2617,0.2519,-88.59,-0.004,25
1790509860.0,15.2617,0.2516,-88.58,0.027,25
1790509860.1,15.2617,0.2514,-88.58,-0.036,26
1790509860.2,15.2617,0.2515,-88.58,0.020,26
1790509860.3,15.2617,0.2521,-88.58,0.013,26
1790509860.4,15.2617,0.2519,-88.58,-0.032,24
1790509860.5,15.2617,0.2517,-88.58,0.025,26
1790509860.6,15.2617,0.2518,-88.57,0.013,25
1790509860.7,15.2617,0.2526,-88.58,0.006,26
1790509860.8,15.2617,0.2526,-88.58,0.020,22
1790509860.9,15.2617,0.2515,-88.57,0.025,24
1790509861.0,15.2617,0.2518,-88.57,-0.022,22
1790509861.1,15.2617,0.2523,-88.58,-0.018,25
1790509861.2,15.2617,0.2521,-88.58,-0.003,26
1790509861.3,15.2617,0.2521,-88.58,0.005,27
1790509861.4,15.2617,0.2515,-88.58,0.001,28
1790509861.5,15.2617,0.2515,-88.58,-0.019,24
1790509861.6,15.2618,0.2512,-88.57,-0.004,26
1790509861.7,15.2617,0.2522,-88.57,0.016,25
1790509861.8,15.2617,0.2525,-88.57,-0.008,25
1790509861.9,15.2617,0.2529,-88.58,-0.014,25
1790509862.0,15.2617,0.2529,-88.58,-0.009,26
1790509862.1,15.2617,0.2539,-88.58,0.006,25
1790509862.2,15.2617,0.2542,-88.58,-0.010,24
1790509862.3,15.2617,0.2534,-88.58,0.031,25
1790509862.4,15.2617,0.2534,-88.57,0.035,26
1790509862.5,15.2617,0.2534,-88.58,-0.014,26
1790509862.6,15.2617,0.2534,-88.58,-0.009,23
1790509862.7,15.2617,0.2531,-88.58,0.003,25
1790509862.8,15.2617,0.2531,-88.58,-0.042,25
1790509862.9,15.2617,0.2532,-88.58,0.043,24
1790509863.0,15.2617,0.2533,-88.57,0.041,25
1790509863.1,15.2617,0.2534,-88.57,0.004,25
1790509863.2,15.2617,0.2536,-88.58,-0.006,25
1790509863.3,15.2617,0.2535,-88.58,0.007,24
1790509863.4,15.2617,0.2545,-88.58,-0.009,25
1790509863.5,15.2617,0.2546,-88.58,-0.011,25
1790509863.6,15.2617,0.2538,-88.58,-0.002,25
1790509863.7,15.2617,0.2542,-88.58,-0.009,23
1790509863.8,15.2617,0.2548,-88.58,-0.016,25
1790509863.9,15.2617,0.2538,-88.58,0.000,26
1790509864.0,15.2617,0.2538,-88.58,0.020,23
1790509864.1,15.2617,0.2537,-88.58,0.012,26
1790509864.2,15.2617,0.2539,-88.58,0.026,27
1790509864.3,15.2617,0.2534,-88.58,-0.024,26
1790509864.4,15.2617,0.2537,-88.58,-0.003,23
1790509864.5,15.2617,0.2541,-88.58,-0.002,25
1790509864.6,15.2617,0.2542,-88.58,0.005,25
1790509864.7,15.2617,0.2539,-88.57,0.033,27
1790509864.8,15.2617,0.2537,-88.57,0.009,24
1790509864.9,15.2617,0.2538,-88.57,-0.020,21
1790509865.0,15.2617,0.2527,-88.57,-0.025,24
1790509865.1,15.2617,0.2539,-88.57,-0.016,26
1790509865.2,15.2617,0.2536,-88.57,0.030,24
1790509865.3,15.2617,0.2536,-88.57,0.003,26
1790509865.4,15.2617,0.2538,-88.57,0.048,25
1790509865.5,15.2617,0.2542,-88.56,0.050,26
1790509865.6,15.2617,0.2530,-88.57,-0.049,26
1790509865.7,15.2617,0.2532,-88.57,-0.012,23
1790509865.8,15.2617,0.2530,-88.53,0.400,24
1790509865.9,15.2618,0.2507,-88.49,1.256,24
1790509866.0,15.2620,0.2422,-88.49,-0.646,27
1790509866.1,15.2623,0.2323,-88.54,0.307,27
1790509866.2,15.2627,0.2156,-88.56,-0.051,24
1790509866.3,15.2633,0.1952,-88.50,-0.224,27
1790509866.4,15.2637,0.1792,-88.51,-0.094,26
1790509866.5,15.2640,0.1691,-88.50,0.461,24
1790509866.6,15.2647,0.1428,-88.38,0.536,27
1790509866.7,15.2652,0.1251,-88.43,-0.598,26
1790509866.8,15.2658,0.1071,-88.43,0.255,27
1790509866.9,15.2662,0.0879,-88.38,0.767,28
1790509867.0,15.2668,0.0651,-88.36,-0.205,24
1790509867.1,15.2673,0.0456,-88.39,0.074,23
1790509867.2,15.2680,0.0257,-88.34,0.340,25
1790509867.3,15.2686,0.0022,-88.32,0.112,26
1790509867.4,15.2692,-0.0178,-88.34,0.107,25
1790509867.5,15.2700,-0.0397,-88.28,0.466,25
1790509867.6,15.2706,-0.0607,-88.25,0.170,26
1790509867.7,15.2714,-0.0851,-88.26,-0.036,27
1790509867.8,15.2720,-0.1035,-88.26,0.063,24
1790509867.9,15.2722,-0.1096,-88.21,0.117,25
1790509868.0,15.2731,-0.1404,-88.23,-0.101,26
1790509868.1,15.2738,-0.1656,-88.22,0.153,24
1790509868.2,15.2746,-0.1874,-88.19,0.241,26
1790509868.3,15.2753,-0.2082,-88.16,0.179,26
1790509868.4,15.2758,-0.2274,-88.20,-0.048,23
1790509868.5,15.2765,-0.2487,-88.18,0.231,28
1790509868.6,15.2772,-0.2705,-88.17,0.098,25
1790509868.7,15.2778,-0.2915,-88.16,-0.053,25
1790509868.8,15.2786,-0.3144,-88.14,0.162,26
1790509868.9,15.2794,-0.3396,-88.13,0.100,23
1790509869.0,15.2801,-0.3595,-88.12,0.113,23
1790509869.1,15.2809,-0.3831,-88.11,0.045,27
1790509869.2,15.2813,-0.3957,-88.11,0.094,24
1790509869.3,15.2822,-0.4238,-88.10,0.221,25
1790509869.4,15.2830,-0.4459,-88.08,0.145,25
1790509869.5,15.2837,-0.4673,-88.07,0.003,23
1790509869.6,15.2846,-0.4920,-88.07,0.026,25
1790509869.7,15.2852,-0.5091,-88.03,0.196,26
1790509869.8,15.2860,-0.5343,-88.02,0.160,26
1790509869.9,15.2868,-0.5555,-88.01,0.087,25
1790509870.0,15.2874,-0.5747,-88.00,0.293,27
1790509870.1,15.2882,-0.5967,-87.99,0.030,25
1790509870.2,15.2890,-0.6191,-87.98,0.066,26
1790509870.3,15.2898,-0.6422,-87.99,0.044,24
1790509870.4,15.2906,-0.6645,-87.97,0.127,26
1790509870.5,15.2913,-0.6856,-87.95,0.183,26
1790509870.6,15.2916,-0.6939,-87.97,-0.058,25
1790509870.7,15.2930,-0.7308,-87.94,0.185,25
1790509870.8,15.2935,-0.7460,-87.95,0.075,24
1790509870.9,15.2946,-0.7740,-87.93,0.011,27
1790509871.0,15.2954,-0.8010,-87.94,0.269,26
1790509871.1,15.2961,-0.8207,-87.94,-0.063,26
1790509871.2,15.2968,-0.8391,-87.93,0.142,25
1790509871.3,15.2976,-0.8624,-87.93,0.098,22
1790509871.4,15.2987,-0.8959,-87.91,0.002,25
1790509871.5,15.2995,-0.9145,-87.91,0.084,25
1790509871.6,15.3003,-0.9371,-87.90,-0.007,28
1790509871.7,15.3011,-0.9599,-87.88,0.230,27
1790509871.8,15.3019,-0.9817,-87.89,0.042,28
1790509871.9,15.3024,-0.9963,-87.87,0.061,26
1790509872.0,15.3035,-1.0268,-87.85,0.360,22
1790509872.1,15.3044,-1.0500,-87.85,0.059,27
1790509872.2,15.3052,-1.0710,-87.83,0.199,22
1790509872.3,15.3059,-1.0884,-87.84,0.114,25
1790509872.4,15.3068,-1.1151,-87.83,0.048,22
1790509872.5,15.3074,-1.1325,-87.85,-0.111,26
1790509872.6,15.3083,-1.1556,-87.85,-0.202,23
1790509872.7,15.3090,-1.1751,-87.82,0.350,24
1790509872.8,15.3098,-1.1934,-87.82,0.030,26
1790509872.9,15.3104,-1.2122,-87.82,0.124,25
1790509873.0,15.3114,-1.2361,-87.80,0.306,25
1790509873.1,15.3121,-1.2553,-87.79,-0.068,26
1790509873.2,15.3130,-1.2778,-87.79,0.073,24
1790509873.3,15.3138,-1.2993,-87.78,0.074,24
1790509873.4,15.3146,-1.3205,-87.75,0.186,25
1790509873.5,15.3154,-1.3416,-87.74,0.054,25
1790509873.6,15.3164,-1.3655,-87.74,0.040,24
1790509873.7,15.3172,-1.3846,-87.72,0.400,26
1790509873.8,15.3184,-1.4155,-87.73,-0.119,27
1790509873.9,15.3192,-1.4355,-87.74,0.067,25
1790509874.0,15.3201,-1.4571,-87.73,0.283,25
1790509874.1,15.3210,-1.4793,-87.70,0.055,26
1790509874.2,15.3219,-1.5036,-87.70,0.028,24
1790509874.3,15.3228,-1.5260,-87.70,-0.031,27
1790509874.4,15.3237,-1.5487,-87.67,0.235,25
1790509874.5,15.3245,-1.5673,-87.65,0.096,24
1790509874.6,15.3254,-1.5878,-87.65,-0.027,23
1790509874.7,15.3263,-1.6110,-87.61,0.399,24
1790509874.8,15.3267,-1.6204,-87.62,-0.104,26
1790509874.9,15.3280,-1.6521,-87.61,0.103,27
1790509875.0,15.3291,-1.6776,-87.60,0.320,25
1790509875.1,15.3300,-1.6997,-87.58,-0.046,26
1790509875.2,15.3308,-1.7180,-87.56,0.166,24
1790509875.3,15.3319,-1.7454,-87.57,0.091,25
1790509875.4,15.3328,-1.7661,-87.54,0.003,25
1790509875.5,15.3338,-1.7898,-87.55,0.203,24
1790509875.6,15.3346,-1.8079,-87.55,-0.036,26
1790509875.7,15.3356,-1.8307,-87.53,0.106,26
1790509875.8,15.3367,-1.8564,-87.53,0.089,26
1790509875.9,15.3376,-1.8786,-87.53,0.016,24
1790509876.0,15.3387,-1.9021,-87.50,0.157,26
1790509876.1,15.3397,-1.9259,-87.52,-0.077,25
1790509876.2,15.3405,-1.9430,-87.49,0.084,27
1790509876.3,15.3415,-1.9673,-87.47,0.316,23
1790509876.4,15.3426,-1.9922,-87.47,0.034,25
1790509876.5,15.3439,-2.0206,-87.43,0.178,26
1790509876.6,15.3449,-2.0424,-87.42,0.337,22
1790509876.7,15.3458,-2.0632,-87.42,0.083,26
1790509876.8,15.3469,-2.0873,-87.39,0.151,26
1790509876.9,15.3480,-2.1095,-87.39,0.158,26
1790509877.0,15.3489,-2.1292,-87.39,-0.015,26
1790509877.1,15.3498,-2.1497,-87.41,-0.074,26
1790509877.2,15.3510,-2.1776,-87.41,-0.071,25
1790509877.3,15.3519,-2.1991,-87.39,0.098,25
1790509877.4,15.3531,-2.2254,-87.39,0.121,26
1790509877.5,15.3540,-2.2415,-87.37,0.051,24
1790509877.6,15.3553,-2.2713,-87.34,0.199,24
1790509877.7,15.3561,-2.2884,-87.36,-0.066,26
1790509877.8,15.3570,-2.3073,-87.35,0.058,25
1790509877.9,15.3581,-2.3314,-87.32,0.303,26
1790509878.0,15.3593,-2.3556,-87.32,0.007,25
1790509878.1,15.3604,-2.3782,-87.31,0.018,24
1790509878.2,15.3614,-2.4009,-87.29,0.289,26
1790509878.3,15.3625,-2.4227,-87.29,0.033,26
1790509878.4,15.3637,-2.4477,-87.28,0.076,26
1790509878.5,15.3645,-2.4663,-87.26,0.413,26
1790509878.6,15.3657,-2.4910,-87.22,0.167,26
1790509878.7,15.3669,-2.5153,-87.20,0.165,26
1790509878.8,15.3679,-2.5358,-87.22,0.020,25
1790509878.9,15.3685,-2.5482,-87.18,0.024,25
1790509879.0,15.3702,-2.5818,-87.17,0.259,28
1790509879.1,15.3712,-2.6016,-87.15,0.208,25
1790509879.2,15.3723,-2.6232,-87.14,-0.115,26
1790509879.3,15.3734,-2.6465,-87.13,0.175,24
1790509879.4,15.3744,-2.6665,-87.12,0.133,23
1790509879.5,15.3755,-2.6890,-87.12,-0.079,26
1790509879.6,15.3767,-2.7107,-87.12,0.102,27
1790509879.7,15.3779,-2.7346,-87.11,0.173,28
1790509879.8,15.3790,-2.7560,-87.08,0.091,25
1790509879.9,15.3802,-2.7802,-87.10,-0.017,26
1790509880.0,15.3813,-2.8016,-87.08,0.139,22
1790509880.1,15.3826,-2.8272,-87.07,0.138,23
1790509880.2,15.3836,-2.8475,-87.09,-0.142,26
1790509880.3,15.3842,-2.8584,-87.09,0.122,25
1790509880.4,15.3858,-2.8889,-87.06,0.192,26
1790509880.5,15.3869,-2.9109,-87.05,-0.179,24
1790509880.6,15.3880,-2.9318,-87.07,0.031,29
1790509880.7,15.3889,-2.9495,-87.05,0.176,23
1790509880.8,15.3901,-2.9720,-87.03,0.023,26
1790509880.9,15.3912,-2.9939,-87.04,-0.001,25
1790509881.0,15.3925,-3.0186,-87.01,0.222,25
1790509881.1,15.3936,-3.0392,-86.98,0.109,26
1790509881.2,15.3948,-3.0613,-86.98,0.002,26
1790509881.3,15.3958,-3.0812,-86.97,0.235,24
1790509881.4,15.3969,-3.1008,-86.95,0.190,24
1790509881.5,15.3980,-3.1214,-86.95,0.012,24
1790509881.6,15.3989,-3.1393,-86.96,-0.078,25
1790509881.7,15.3994,-3.1478,-86.97,0.048,26
1790509881.8,15.4009,-3.1764,-86.96,-0.043,26
1790509881.9,15.4017,-3.1924,-86.96,-0.153,26
1790509882.0,15.4031,-3.2178,-86.95,0.035,21
1790509882.1,15.4043,-3.2394,-86.93,0.221,23
1790509882.2,15.4054,-3.2613,-86.91,0.092,25
1790509882.3,15.4065,-3.2810,-86.92,-0.004,25
1790509882.4,15.4076,-3.3017,-86.92,0.113,26
1790509882.5,15.4087,-3.3217,-86.90,0.195,26
1790509882.6,15.4100,-3.3455,-86.89,-0.082,24
1790509882.7,15.4110,-3.3650,-86.88,0.069,27
1790509882.8,15.4123,-3.3887,-86.87,0.054,26
1790509882.9,15.4133,-3.4061,-86.85,0.169,24
1790509883.0,15.4145,-3.4279,-86.85,0.050,26
1790509883.1,15.4156,-3.4479,-86.84,0.086,27
1790509883.2,15.4168,-3.4695,-86.84,0.107,26
1790509883.3,15.4178,-3.4879,-86.81,0.131,24
1790509883.4,15.4190,-3.5097,-86.79,0.141,25
1790509883.5,15.4202,-3.5303,-86.77,0.059,25
1790509883.6,15.4215,-3.5535,-86.77,0.205,26
1790509883.7,15.4225,-3.5717,-86.78,0.041,25
1790509883.8,15.4237,-3.5928,-86.77,0.091,25
1790509883.9,15.4249,-3.6138,-86.76,-0.020,25
1790509884.0,15.4262,-3.6362,-86.74,0.126,26
1790509884.1,15.4273,-3.6555,-86.74,0.010,26
1790509884.2,15.4285,-3.6777,-86.73,0.134,23
1790509884.3,15.4297,-3.6988,-86.72,0.139,26
1790509884.4,15.4310,-3.7207,-86.72,0.043,22
1790509884.5,15.4316,-3.7318,-86.72,0.202,24
1790509884.6,15.4332,-3.7591,-86.70,0.131,26
1790509884.7,15.4343,-3.7782,-86.70,-0.007,25
1790509884.8,15.4355,-3.7999,-86.69,0.056,26
1790509884.9,15.4367,-3.8204,-86.68,0.042,27
1790509885.0,15.4380,-3.8421,-86.67,0.061,26
1790509885.1,15.4392,-3.8622,-86.68,-0.079,25
1790509885.2,15.4405,-3.8847,-86.68,0.057,25
1790509885.3,15.4417,-3.9062,-86.68,0.060,26
1790509885.4,15.4430,-3.9284,-86.66,0.016,24
1790509885.5,15.4442,-3.9490,-86.66,-0.049,24
1790509885.6,15.4454,-3.9691,-86.65,0.091,25
1790509885.7,15.4467,-3.9917,-86.64,0.146,26
1790509885.8,15.4479,-4.0121,-86.63,0.076,25
1790509885.9,15.4492,-4.0334,-86.63,0.082,27
1790509886.0,15.4498,-4.0438,-86.62,0.117,24
1790509886.1,15.4514,-4.0713,-86.61,0.112,25
1790509886.2,15.4527,-4.0926,-86.59,0.171,27
1790509886.3,15.4541,-4.1162,-86.57,0.177,25
1790509886.4,15.4553,-4.1368,-86.56,0.155,25
1790509886.5,15.4564,-4.1544,-86.59,-0.209,25
1790509886.6,15.4582,-4.1848,-86.57,0.077,26
1790509886.7,15.4600,-4.2148,-86.56,0.225,27
1790509886.8,15.4619,-4.2468,-86.59,0.044,26
1790509886.9,15.4639,-4.2800,-86.54,0.007,25
1790509887.0,15.4658,-4.3101,-86.54,-0.176,27
1790509887.1,15.4679,-4.3458,-86.52,0.375,24
1790509887.2,15.4699,-4.3773,-86.49,0.151,24
1790509887.3,15.4718,-4.4086,-86.49,0.290,24
1790509887.4,15.4728,-4.4253,-86.50,0.091,26
1790509887.5,15.4753,-4.4653,-86.49,0.063,27
1790509887.6,15.4765,-4.4860,-86.46,-0.067,25
1790509887.7,15.4787,-4.5214,-86.39,0.577,25
1790509887.8,15.4804,-4.5481,-86.42,0.263,21
1790509887.9,15.4821,-4.5761,-86.44,-0.110,25
1790509888.0,15.4839,-4.6035,-86.39,-0.044,27
1790509888.1,15.4856,-4.6313,-86.35,0.377,22
1790509888.2,15.4872,-4.6552,-86.37,0.366,23
1790509888.3,15.4889,-4.6832,-86.37,-0.284,26
1790509888.4,15.4907,-4.7112,-86.34,0.100,26
1790509888.5,15.4925,-4.7382,-86.31,0.550,28
1790509888.6,15.4943,-4.7664,-86.33,0.042,27
1790509888.7,15.4959,-4.7918,-86.32,-0.206,26
1790509888.8,15.4975,-4.8157,-86.27,0.199,24
1790509888.9,15.4992,-4.8427,-86.28,0.294,26
1790509889.0,15.5010,-4.8702,-86.31,0.153,28
1790509889.1,15.5028,-4.8982,-86.30,-0.414,25
1790509889.2,15.5045,-4.9235,-86.27,0.132,22
1790509889.3,15.5065,-4.9549,-86.23,0.452,26
1790509889.4,15.5082,-4.9802,-86.29,-0.229,23
1790509889.5,15.5100,-5.0087,-86.27,-0.041,27
1790509889.6,15.5119,-5.0380,-86.24,0.098,23
1790509889.7,15.5137,-5.0654,-86.20,0.410,27
1790509889.8,15.5156,-5.0940,-86.20,0.451,27
1790509889.9,15.5176,-5.1233,-86.22,-0.133,27
1790509890.0,15.5194,-5.1511,-86.20,0.054,23
1790509890.1,15.5214,-5.1799,-86.16,0.229,24
1790509890.2,15.5230,-5.2048,-86.18,0.012,26
1790509890.3,15.5243,-5.2240,-86.19,-0.021,24
1790509890.4,15.5266,-5.2584,-86.18,-0.138,24
1790509890.5,15.5282,-5.2811,-86.14,0.266,25
1790509890.6,15.5305,-5.3162,-86.13,0.167,24
1790509890.7,15.5326,-5.3465,-86.15,0.188,27
1790509890.8,15.5344,-5.3740,-86.14,0.156,27
1790509890.9,15.5362,-5.4006,-86.14,-0.081,26
1790509891.0,15.5380,-5.4273,-86.11,0.176,25
1790509891.1,15.5398,-5.4537,-86.10,0.233,24
1790509891.2,15.5418,-5.4837,-86.11,-0.044,27
1790509891.3,15.5437,-5.5108,-86.09,0.112,22
1790509891.4,15.5458,-5.5411,-86.05,0.344,25
1790509891.5,15.5468,-5.5557,-86.06,0.249,27
1790509891.6,15.5494,-5.5932,-86.06,-0.321,25
1790509891.7,15.5513,-5.6199,-86.00,0.198,24
1790509891.8,15.5534,-5.6511,-85.98,0.324,25
1790509891.9,15.5553,-5.6783,-86.00,0.224,26
1790509892.0,15.5572,-5.7056,-86.02,-0.191,25
1790509892.1,15.5592,-5.7332,-85.98,-0.059,24
1790509892.2,15.5611,-5.7602,-85.94,0.489,25
1790509892.3,15.5630,-5.7881,-85.96,0.153,25
1790509892.4,15.5650,-5.8156,-85.99,-0.239,23
1790509892.5,15.5670,-5.8434,-85.94,-0.015,25
1790509892.6,15.5691,-5.8733,-85.92,0.220,25
1790509892.7,15.5709,-5.8995,-85.92,0.361,25
1790509892.8,15.5730,-5.9289,-85.94,-0.178,26
1790509892.9,15.5741,-5.9433,-85.90,0.015,25
1790509893.0,15.5771,-5.9846,-85.87,0.277,26
1790509893.1,15.5791,-6.0126,-85.88,0.233,26
1790509893.2,15.5804,-6.0309,-85.90,0.145,24
1790509893.3,15.5830,-6.0677,-85.88,-0.135,27
1790509893.4,15.5852,-6.0971,-85.83,0.182,24
1790509893.5,15.5871,-6.1243,-85.81,0.326,23
1790509893.6,15.5892,-6.1528,-85.83,0.263,23
1790509893.7,15.5910,-6.1765,-85.84,-0.018,25
1790509893.8,15.5931,-6.2070,-85.86,-0.214,26
1790509893.9,15.5952,-6.2363,-85.84,0.196,24
1790509894.0,15.5973,-6.2653,-85.84,0.031,28
1790509894.1,15.5993,-6.2926,-85.86,-0.144,25
1790509894.2,15.6013,-6.3205,-85.82,0.285,24
1790509894.3,15.6023,-6.3343,-85.80,0.242,25
1790509894.4,15.6052,-6.3735,-85.81,0.199,24
1790509894.5,15.6072,-6.4002,-85.82,-0.033,24
1790509894.6,15.6093,-6.4287,-85.79,-0.144,24
1790509894.7,15.6111,-6.4532,-85.76,0.286,24
1790509894.8,15.6133,-6.4818,-85.76,0.210,26
1790509894.9,15.6153,-6.5089,-85.79,-0.374,26
1790509895.0,15.6176,-6.5403,-85.75,0.240,25
1790509895.1,15.6198,-6.5694,-85.71,0.273,26
1790509895.2,15.6216,-6.5924,-85.70,0.298,25
1790509895.3,15.6232,-6.6148,-85.73,0.032,25
1790509895.4,15.6258,-6.6485,-85.72,-0.226,25
1790509895.5,15.6277,-6.6745,-85.67,0.335,26
1790509895.6,15.6300,-6.7053,-85.66,0.403,26
1790509895.7,15.6318,-6.7282,-85.70,-0.229,27
1790509895.8,15.6342,-6.7602,-85.69,-0.165,26
1790509895.9,15.6361,-6.7858,-85.64,0.273,24
1790509896.0,15.6385,-6.8162,-85.63,0.384,26
1790509896.1,15.6400,-6.8371,-85.67,0.082,27
1790509896.2,15.6427,-6.8723,-85.67,-0.258,23
1790509896.3,15.6446,-6.8975,-85.63,0.160,25
1790509896.4,15.6469,-6.9276,-85.61,0.121,26
1790509896.5,15.6490,-6.9545,-85.63,0.159,25
1790509896.6,15.6512,-6.9830,-85.61,0.139,27
1790509896.7,15.6532,-7.0085,-85.60,-0.114,22
1790509896.8,15.6556,-7.0407,-85.58,0.208,24
1790509896.9,15.6578,-7.0688,-85.57,0.189,22
1790509897.0,15.6601,-7.0977,-85.58,-0.147,24
1790509897.1,15.6621,-7.1238,-85.53,0.164,24
1790509897.2,15.6643,-7.1514,-85.52,0.178,26
1790509897.3,15.6667,-7.1822,-85.51,0.475,25
1790509897.4,15.6690,-7.2114,-85.51,0.089,26
1790509897.5,15.6711,-7.2383,-85.54,-0.326,26
1790509897.6,15.6727,-7.2590,-85.50,0.141,25
1790509897.7,15.6753,-7.2912,-85.50,0.027,24
1790509897.8,15.6771,-7.3144,-85.53,0.105,27
1790509897.9,15.6797,-7.3484,-85.49,0.177,27
1790509898.0,15.6816,-7.3719,-85.46,0.066,24
1790509898.1,15.6841,-7.4031,-85.46,0.326,26
1790509898.2,15.6863,-7.4311,-85.45,0.146,26
1790509898.3,15.6887,-7.4615,-85.46,-0.132,26
1790509898.4,15.6909,-7.4884,-85.43,0.094,27
1790509898.5,15.6930,-7.5151,-85.40,0.474,25
1790509898.6,15.6953,-7.5434,-85.41,-0.063,27
1790509898.7,15.6975,-7.5705,-85.40,-0.194,26
1790509898.8,15.6998,-7.5990,-85.34,0.637,25
1790509898.9,15.7021,-7.6269,-85.35,0.154,25
1790509899.0,15.7043,-7.6543,-85.40,-0.355,26
1790509899.1,15.7066,-7.6823,-85.34,0.029,26
1790509899.2,15.7087,-7.7090,-85.29,0.318,26
1790509899.3,15.7110,-7.7360,-85.30,0.500,27
1790509899.4,15.7134,-7.7651,-85.30,-0.155,26
1790509899.5,15.7158,-7.7948,-85.30,-0.146,26
1790509899.6,15.7182,-7.8229,-85.25,0.373,23
1790509899.7,15.7194,-7.8374,-85.28,0.356,25
1790509899.8,15.7218,-7.8664,-85.26,0.080,25
1790509899.9,15.7240,-7.8924,-85.22,-0.159,27
1790509900.0,15.7273,-7.9328,-85.22,0.128,25
1790509900.1,15.7297,-7.9607,-85.20,0.163,27
1790509900.2,15.7319,-7.9864,-85.21,0.237,25
1790509900.3,15.7342,-8.0142,-85.20,0.061,25
1790509900.4,15.7364,-8.0404,-85.19,-0.196,24
1790509900.5,15.7387,-8.0676,-85.16,0.247,26
1790509900.6,15.7412,-8.0977,-85.15,0.247,24
1790509900.7,15.7436,-8.1250,-85.19,-0.126,26
1790509900.8,15.7457,-8.1514,-85.17,0.049,28
1790509900.9,15.7481,-8.1793,-85.12,0.217,23
1790509901.0,15.7506,-8.2073,-85.12,0.364,26
1790509901.1,15.7528,-8.2331,-85.16,-0.629,25
1790509901.2,15.7541,-8.2495,-85.27,-2.958,27
1790509901.3,15.7568,-8.2828,-85.66,-2.380,27
1790509901.4,15.7586,-8.3075,-85.94,-3.189,26
1790509901.5,15.7601,-8.3324,-86.22,-1.763,25
1790509901.6,15.7618,-8.3600,-86.17,-0.069,25
1790509901.7,15.7632,-8.3847,-86.19,-0.246,26
1790509901.8,15.7648,-8.4089,-86.18,0.184,24
1790509901.9,15.7666,-8.4368,-86.20,-0.152,24
1790509902.0,15.7685,-8.4651,-86.21,-0.091,25
1790509902.1,15.7702,-8.4912,-86.20,0.082,26
1790509902.2,15.7720,-8.5177,-86.22,-0.198,24
1790509902.3,15.7735,-8.5400,-86.23,-0.028,25
1790509902.4,15.7753,-8.5675,-86.24,-0.304,26
1790509902.5,15.7770,-8.5932,-86.23,0.285,25
1790509902.6,15.7786,-8.6177,-86.25,-0.095,26
1790509902.7,15.7803,-8.6441,-86.23,-0.154,23
1790509902.8,15.7820,-8.6693,-86.24,-0.041,24
1790509902.9,15.7836,-8.6948,-86.26,0.112,24
1790509903.0,15.7855,-8.7240,-86.28,-0.035,27
1790509903.1,15.7872,-8.7504,-86.24,0.032,25
1790509903.2,15.7891,-8.7782,-86.22,0.256,25
1790509903.3,15.7909,-8.8064,-86.23,0.156,20
1790509903.4,15.7926,-8.8322,-86.25,0.001,26
1790509903.5,15.7943,-8.8584,-86.20,-0.039,25
1790509903.6,15.7963,-8.8884,-86.20,0.104,25
1790509903.7,15.7982,-8.9167,-86.18,0.462,25
1790509903.8,15.8003,-8.9462,-86.19,-0.061,20
1790509903.9,15.8021,-8.9752,-86.21,-0.147,24
1790509904.0,15.8031,-8.9896,-86.18,0.356,25
1790509904.1,15.8056,-9.0269,-86.15,-0.000,27
1790509904.2,15.8075,-9.0542,-86.16,0.070,26
1790509904.3,15.8093,-9.0809,-86.14,-0.035,24
1790509904.4,15.8111,-9.1075,-86.14,0.040,25
1790509904.5,15.8130,-9.1347,-86.11,0.409,23
1790509904.6,15.8151,-9.1658,-86.10,0.100,24
1790509904.7,15.8169,-9.1926,-86.12,0.069,24
1790509904.8,15.8189,-9.2201,-86.06,0.163,26
1790509904.9,15.8209,-9.2493,-86.05,-0.001,26
1790509905.0,15.8231,-9.2812,-86.04,0.328,25
1790509905.1,15.8251,-9.3104,-86.08,-0.369,26
1790509905.2,15.8272,-9.3417,-86.08,0.127,26
1790509905.3,15.8293,-9.3724,-86.05,0.021,25
1790509905.4,15.8304,-9.3871,-86.04,0.016,27
1790509905.5,15.8332,-9.4275,-86.00,0.465,25
1790509905.6,15.8356,-9.4615,-86.02,0.034,24
1790509905.7,15.8375,-9.4894,-86.01,0.350,26
1790509905.8,15.8396,-9.5200,-86.02,-0.216,25
1790509905.9,15.8420,-9.5532,-86.00,0.121,25
1790509906.0,15.8445,-9.5872,-85.98,0.030,25
1790509906.1,15.8466,-9.6176,-85.97,0.136,26
1790509906.2,15.8490,-9.6516,-85.91,0.179,26
1790509906.3,15.8512,-9.6822,-85.91,0.220,26
1790509906.4,15.8538,-9.7154,-85.88,0.356,26
1790509906.5,15.8560,-9.7487,-85.88,0.026,24
1790509906.6,15.8584,-9.7815,-85.85,0.354,25
1790509906.7,15.8598,-9.8000,-85.86,-0.145,24
1790509906.8,15.8619,-9.8284,-85.84,0.400,25
1790509906.9,15.8649,-9.8699,-85.84,-0.162,24
1790509907.0,15.8674,-9.9031,-85.83,0.191,25
1790509907.1,15.8698,-9.9370,-85.78,0.048,26
1790509907.2,15.8727,-9.9736,-85.77,0.196,26
1790509907.3,15.8748,-10.0027,-85.74,0.110,24
1790509907.4,15.8772,-10.0361,-85.80,0.011,25
1790509907.5,15.8796,-10.0675,-85.76,0.430,26
1790509907.6,15.8818,-10.0974,-85.78,-0.144,23
1790509907.7,15.8843,-10.1303,-85.75,0.428,27
1790509907.8,15.8867,-10.1614,-85.73,-0.062,24
1790509907.9,15.8892,-10.1943,-85.72,0.224,26
1790509908.0,15.8917,-10.2275,-85.68,0.028,26
1790509908.1,15.8931,-10.2452,-85.67,0.284,27
1790509908.2,15.8956,-10.2797,-85.65,0.227,25
1790509908.3,15.8990,-10.3222,-85.69,-0.185,25
1790509908.4,15.9016,-10.3569,-85.64,0.500,26
1790509908.5,15.9040,-10.3889,-85.65,-0.164,26
1790509908.6,15.9065,-10.4209,-85.63,0.315,26
1790509908.7,15.9090,-10.4534,-85.63,-0.113,26
1790509908.8,15.9115,-10.4858,-85.62,0.196,24
1790509908.9,15.9140,-10.5180,-85.59,-0.017,24
1790509909.0,15.9165,-10.5501,-85.60,0.061,25
1790509909.1,15.9191,-10.5842,-85.56,0.197,26
1790509909.2,15.9216,-10.6161,-85.56,0.143,24
1790509909.3,15.9241,-10.6487,-85.50,0.496,24
1790509909.4,15.9265,-10.6797,-85.51,-0.204,27
1790509909.5,15.9290,-10.7114,-85.49,0.647,24
1790509909.6,15.9316,-10.7421,-85.47,-0.134,24
1790509909.7,15.9341,-10.7740,-85.50,0.201,25
1790509909.8,15.9366,-10.8048,-85.45,-0.101,26
1790509909.9,15.9391,-10.8365,-85.43,0.017,25
1790509910.0,15.9417,-10.8679,-85.37,0.286,26
1790509910.1,15.9445,-10.9032,-85.37,0.137,24
1790509910.2,15.9468,-10.9319,-85.33,0.404,26
1790509910.3,15.9497,-10.9674,-85.39,-0.100,26
1790509910.4,15.9521,-10.9969,-85.37,0.224,25
1790509910.5,15.9551,-11.0345,-85.37,-0.294,25
1790509910.6,15.9579,-11.0685,-85.34,0.329,26
1790509910.7,15.9604,-11.0992,-85.34,-0.286,24
1790509910.8,15.9633,-11.1345,-85.32,0.141,27
1790509910.9,15.9647,-11.1515,-85.29,0.226,27
1790509911.0,15.9682,-11.1935,-85.26,0.246,27
1790509911.1,15.9710,-11.2269,-85.20,0.605,26
1790509911.2,15.9736,-11.2582,-85.25,0.059,26
1790509911.3,15.9763,-11.2899,-85.25,0.312,27
1790509911.4,15.9790,-11.3231,-85.31,-0.582,28
1790509911.5,15.9816,-11.3543,-85.28,0.138,28
1790509911.6,15.9845,-11.3892,-85.23,0.067,23
1790509911.7,15.9871,-11.4205,-85.23,-0.024,26
1790509911.8,15.9895,-11.4499,-85.17,0.486,25
1790509911.9,15.9923,-11.4828,-85.20,-0.054,28
1790509912.0,15.9946,-11.5105,-85.19,0.429,23
1790509912.1,15.9971,-11.5408,-85.18,-0.129,24
1790509912.2,15.9995,-11.5681,-85.20,-0.010,26
1790509912.3,16.0010,-11.5863,-85.14,0.172,26
1790509912.4,16.0045,-11.6278,-85.16,0.101,23
1790509912.5,16.0070,-11.6567,-85.12,0.530,24
1790509912.6,16.0091,-11.6813,-85.15,-0.133,23
1790509912.7,16.0123,-11.7195,-85.13,0.298,26
1790509912.8,16.0152,-11.7528,-85.12,-0.088,26
1790509912.9,16.0176,-11.7810,-85.11,-0.012,26
1790509913.0,16.0204,-11.8126,-85.05,0.343,24
1790509913.1,16.0228,-11.8409,-85.05,0.129,25
1790509913.2,16.0255,-11.8715,-85.03,0.500,26
1790509913.3,16.0283,-11.9035,-85.06,-0.130,26
1790509913.4,16.0310,-11.9347,-85.06,-0.058,25
1790509913.5,16.0335,-11.9640,-85.05,-0.109,25
1790509913.6,16.0361,-11.9938,-85.04,0.075,25
1790509913.7,16.0387,-12.0233,-85.00,0.386,26
1790509913.8,16.0414,-12.0541,-85.03,-0.033,23
1790509913.9,16.0442,-12.0860,-85.03,0.252,24
1790509914.0,16.0464,-12.1111,-85.03,-0.157,26
1790509914.1,16.0491,-12.1423,-85.02,-0.031,25
1790509914.2,16.0512,-12.1655,-84.96,0.159,27
1790509914.3,16.0541,-12.1996,-84.96,0.229,25
1790509914.4,16.0574,-12.2359,-84.90,0.582,25
1790509914.5,16.0596,-12.2612,-84.93,0.084,26
1790509914.6,16.0624,-12.2919,-84.96,-0.043,27
1790509914.7,16.0652,-12.3242,-84.95,-0.387,25
1790509914.8,16.0676,-12.3514,-84.94,0.086,24
1790509914.9,16.0704,-12.3823,-84.86,0.838,22
1790509915.0,16.0730,-12.4109,-84.88,-0.272,26
1790509915.1,16.0757,-12.4411,-84.89,0.114,26
1790509915.2,16.0768,-12.4534,-84.84,-0.255,26
1790509915.3,16.0802,-12.4920,-84.88,0.081,24
1790509915.4,16.0828,-12.5208,-84.84,0.537,25
1790509915.5,16.0850,-12.5453,-84.86,-0.043,22
1790509915.6,16.0875,-12.5730,-84.89,-0.190,26
1790509915.7,16.0902,-12.6036,-84.84,0.103,25
1790509915.8,16.0930,-12.6350,-84.86,0.375,24
1790509915.9,16.0963,-12.6718,-84.81,0.292,26
1790509916.0,16.0987,-12.6988,-84.85,-0.208,25
1790509916.1,16.1017,-12.7273,-84.78,0.551,25
1790509916.2,16.1049,-12.7697,-84.81,0.006,25
1790509916.3,16.1066,-12.7926,-84.80,0.470,25
1790509916.4,16.1112,-12.8380,-84.82,-0.243,22
1790509916.5,16.1136,-12.8589,-84.79,0.343,25
1790509916.6,16.1155,-12.8926,-84.82,-0.154,26
1790509916.7,16.1211,-12.9384,-84.79,0.224,25
1790509916.8,16.1228,-12.9694,-84.79,-0.132,27
1790509916.9,16.1252,-12.9984,-84.80,0.158,25
1790509917.0,16.1291,-13.0319,-84.69,-0.116,26
1790509917.1,16.1327,-13.0733,-84.75,0.162,26
1790509917.2,16.1352,-13.1000,-84.69,-0.042,25
1790509917.3,16.1389,-13.1399,-84.69,0.293,24
1790509917.4,16.1422,-13.1772,-84.69,0.104,27
1790509917.5,16.1459,-13.2124,-84.66,0.273,24
1790509917.6,16.1486,-13.2441,-84.63,0.306,25
1790509917.7,16.1505,-13.2770,-84.69,0.118,26
1790509917.8,16.1538,-13.3098,-84.65,0.108,24
1790509917.9,16.1565,-13.3371,-84.69,0.055,24
1790509918.0,16.1610,-13.3813,-84.65,0.328,23
1790509918.1,16.1637,-13.4053,-84.63,-0.007,27
1790509918.2,16.1672,-13.4477,-84.62,0.378,25
1790509918.3,16.1688,-13.4703,-84.65,-0.114,23
1790509918.4,16.1745,-13.5178,-84.60,0.526,24
1790509918.5,16.1758,-13.5415,-84.62,-0.255,26
1790509918.6,16.1794,-13.5750,-84.60,0.419,24
1790509918.7,16.1816,-13.6023,-84.60,-0.439,27
1790509918.8,16.1844,-13.6282,-84.57,0.726,24
1790509918.9,16.1878,-13.6754,-84.57,0.085,23
1790509919.0,16.1923,-13.7060,-84.53,0.324,26
1790509919.1,16.1941,-13.7284,-84.52,-0.027,24
1790509919.2,16.1975,-13.7681,-84.51,0.292,25
1790509919.3,16.2010,-13.7948,-84.48,0.049,24
1790509919.4,16.2059,-13.8341,-84.44,0.362,24
1790509919.5,16.2087,-13.8625,-84.42,-0.027,25
1790509919.6,16.2123,-13.9001,-84.41,0.342,26
1790509919.7,16.2148,-13.9307,-84.36,0.001,27
1790509919.8,16.2190,-13.9835,-84.41,0.270,25
1790509919.9,16.2197,-13.9864,-84.37,0.023,23
1790509920.0,16.2238,-14.0279,-84.39,0.211,25
1790509920.1,16.2271,-14.0583,-84.32,0.511,26
1790509920.2,16.2298,-14.0914,-84.39,-0.356,25
1790509920.3,16.2350,-14.1298,-84.33,0.579,26
1790509920.4,16.2362,-14.1569,-84.35,0.001,27
1790509920.5,16.2411,-14.1987,-84.29,0.496,24
1790509920.6,16.2436,-14.2329,-84.34,-0.112,24
1790509920.7,16.2472,-14.2674,-84.31,0.241,25
1790509920.8,16.2497,-14.2954,-84.37,-0.311,26
1790509920.9,16.2538,-14.3338,-84.36,0.338,25
1790509921.0,16.2571,-14.3675,-84.33,-0.126,26
1790509921.1,16.2599,-14.3963,-84.33,0.287,23
1790509921.2,16.2639,-14.4366,-84.31,-0.179,26
1790509921.3,16.2667,-14.4601,-84.28,0.302,25
1790509921.4,16.2695,-14.4915,-84.25,0.051,24
1790509921.5,16.2722,-14.5238,-84.29,-0.061,25
1790509921.6,16.2755,-14.5538,-84.26,0.525,27
1790509921.7,16.2786,-14.5850,-84.27,-0.169,26
1790509921.8,16.2810,-14.6095,-84.28,-0.051,24
1790509921.9,16.2832,-14.6306,-84.18,0.445,26
1790509922.0,16.2856,-14.6564,-84.19,0.018,26
1790509922.1,16.2879,-14.6793,-84.22,0.089,25
1790509922.2,16.2892,-14.6930,-84.26,-0.081,25
1790509922.3,16.2904,-14.7030,-84.21,-0.029,25
1790509922.4,16.2897,-14.6973,-84.25,-0.027,26
1790509922.5,16.2894,-14.6938,-84.25,0.101,26
1790509922.6,16.2890,-14.6902,-84.23,0.095,24
1790509922.7,16.2889,-14.6893,-84.27,0.003,24
1790509922.8,16.2889,-14.6891,-84.25,-0.014,25
1790509922.9,16.2889,-14.6890,-84.25,-0.017,26
1790509923.0,16.2890,-14.6901,-84.24,0.022,24
1790509923.1,16.2888,-14.6884,-84.25,0.019,26
1790509923.2,16.2888,-14.6881,-84.24,0.018,26
1790509923.3,16.2890,-14.6897,-84.22,-0.013,23
1790509923.4,16.2889,-14.6893,-84.24,0.023,26
1790509923.5,16.2888,-14.6878,-84.26,-0.266,26
1790509923.6,16.2889,-14.6886,-84.50,-3.820,25
1790509923.7,16.2889,-14.6892,-84.96,-3.734,25
1790509923.8,16.2889,-14.6890,-85.56,-7.432,24
1790509923.9,16.2888,-14.6867,-86.38,-7.442,24
1790509924.0,16.2889,-14.6853,-87.09,-7.262,26
1790509924.1,16.2889,-14.6840,-87.80,-6.364,27
1790509924.2,16.2889,-14.6865,-88.38,-6.531,25
1790509924.3,16.2889,-14.6859,-89.10,-6.707,27
1790509924.4,16.2896,-14.6701,-89.81,-7.974,26
1790509924.5,16.2891,-14.6843,-90.51,-6.538,24
1790509924.6,16.2891,-14.6834,-91.24,-7.302,25
1790509924.7,16.2892,-14.6831,-92.09,-7.615,25
1790509924.8,16.2894,-14.6791,-92.77,-7.816,27
1790509924.9,16.2896,-14.6779,-93.65,-7.797,27
1790509925.0,16.2895,-14.6791,-94.39,-7.753,25
1790509925.1,16.2900,-14.6755,-95.18,-8.065,26
1790509925.2,16.2901,-14.6750,-96.06,-8.706,23
1790509925.3,16.2899,-14.6760,-97.01,-8.799,26
1790509925.4,16.2902,-14.6743,-97.88,-8.803,25
1790509925.5,16.2907,-14.6717,-98.34,-8.689,25
1790509925.6,16.2910,-14.6706,-99.50,-8.607,24
1790509925.7,16.2903,-14.6737,-100.37,-8.751,26
1790509925.8,16.2907,-14.6720,-101.24,-8.828,27
1790509925.9,16.2921,-14.6668,-101.98,-8.807,26
1790509926.0,16.2924,-14.6658,-103.05,-8.653,26
1790509926.1,16.2922,-14.6666,-103.82,-8.714,25
1790509926.2,16.2926,-14.6655,-104.81,-8.747,26
1790509926.3,16.2949,-14.6583,-105.70,-8.996,24
1790509926.4,16.2937,-14.6617,-106.59,-9.515,27
1790509926.5,16.2940,-14.6611,-107.59,-9.767,23
1790509926.6,16.2934,-14.6621,-108.66,-10.813,25
1790509926.7,16.2951,-14.6576,-109.88,-12.420,24
1790509926.8,16.2946,-14.6587,-111.31,-13.277,25
1790509926.9,16.2987,-14.6502,-112.40,-13.122,25
1790509927.0,16.2988,-14.6503,-113.49,-13.363,27
1790509927.1,16.2979,-14.6521,-115.16,-13.319,25
1790509927.2,16.2973,-14.6529,-116.46,-13.322,25
1790509927.3,16.2983,-14.6513,-117.80,-13.430,26
1790509927.4,16.2991,-14.6501,-119.12,-13.244,27
1790509927.5,16.3023,-14.6453,-120.40,-13.145,24
1790509927.6,16.3003,-14.6482,-121.71,-13.404,26
1790509927.7,16.3007,-14.6476,-123.17,-13.291,26
1790509927.8,16.3032,-14.6445,-124.37,-12.863,23
1790509927.9,16.3028,-14.6449,-125.68,-12.968,25
1790509928.0,16.3032,-14.6444,-127.11,-13.092,25
1790509928.1,16.3044,-14.6432,-128.39,-12.982,28
1790509928.2,16.3061,-14.6412,-129.75,-13.429,25
1790509928.3,16.3071,-14.6402,-131.00,-13.314,25
1790509928.4,16.3057,-14.6414,-132.32,-12.924,27
1790509928.5,16.3047,-14.6423,-133.66,-13.285,24
1790509928.6,16.3045,-14.6424,-135.04,-13.084,23
1790509928.7,16.3030,-14.6438,-136.40,-13.086,25
1790509928.8,16.3035,-14.6434,-137.56,-14.019,25
1790509928.9,16.3040,-14.6429,-139.00,-14.312,28
1790509929.0,16.3046,-14.6424,-140.35,-13.933,26
1790509929.1,16.3050,-14.6421,-141.75,-14.293,25
1790509929.2,16.2953,-14.6489,-143.30,-14.174,25
1790509929.3,16.3003,-14.6457,-144.71,-14.017,24
1790509929.4,16.3014,-14.6450,-146.07,-14.189,26
1790509929.5,16.2975,-14.6472,-147.50,-14.115,25
1790509929.6,16.3014,-14.6451,-148.85,-13.694,24
1790509929.7,16.2995,-14.6460,-150.43,-17.465,26
1790509929.8,16.2973,-14.6470,-152.44,-19.759,25
1790509929.9,16.2982,-14.6467,-154.35,-19.477,24
1790509930.0,16.2956,-14.6475,-156.17,-18.522,24
1790509930.1,16.2970,-14.6471,-158.06,-18.697,25
1790509930.2,16.2916,-14.6485,-159.87,-18.227,26
1790509930.3,16.2932,-14.6482,-161.89,-18.625,24
1790509930.4,16.2907,-14.6487,-163.42,-18.520,26
1790509930.5,16.2932,-14.6482,-165.55,-18.209,24
1790509930.6,16.2884,-14.6489,-167.56,-18.583,28
1790509930.7,16.2885,-14.6488,-169.19,-18.250,25
1790509930.8,16.2870,-14.6489,-171.04,-18.634,26
1790509930.9,16.2855,-14.6487,-172.83,-16.303,26
1790509931.0,16.2853,-14.6487,-174.28,-15.590,24
1790509931.1,16.2818,-14.6488,-175.87,-14.511,24
1790509931.2,16.2800,-14.6488,-177.09,-8.979,24
1790509931.3,16.2792,-14.6487,-177.17,-0.445,23
1790509931.4,16.2764,-14.6485,-177.17,2.044,25
1790509931.5,16.2761,-14.6486,-176.96,1.056,26
1790509931.6,16.2777,-14.6485,-176.98,0.232,28
1790509931.7,16.2766,-14.6486,-176.99,0.137,22
1790509931.8,16.2766,-14.6486,-176.98,0.037,25
1790509931.9,16.2772,-14.6486,-176.98,0.000,27
1790509932.0,16.2775,-14.6486,-176.98,0.019,25
1790509932.1,16.2775,-14.6486,-176.98,0.013,25
1790509932.2,16.2773,-14.6486,-176.98,-0.001,25
1790509932.3,16.2772,-14.6486,-176.98,0.028,22
1790509932.4,16.2776,-14.6486,-176.97,0.023,23
1790509932.5,16.2778,-14.6485,-176.98,0.031,27
1790509932.6,16.2776,-14.6485,-176.98,-0.030,26
1790509932.7,16.2775,-14.6486,-176.98,0.014,24
1790509932.8,16.2777,-14.6485,-176.98,-0.006,26
1790509932.9,16.2778,-14.6485,-176.98,0.037,24
1790509933.0,16.2777,-14.6486,-176.98,0.027,25
1790509933.1,16.2778,-14.6485,-176.98,0.012,26
1790509933.2,16.2776,-14.6486,-176.98,0.027,27
1790509933.3,16.2795,-14.6485,-176.99,-0.006,26
1790509933.4,16.2792,-14.6485,-176.98,0.028,24
1790509933.5,16.2796,-14.6485,-176.99,0.002,27
1790509933.6,16.2797,-14.6485,-176.98,0.048,25
1790509933.7,16.2795,-14.6485,-176.98,0.013,25
1790509933.8,16.2796,-14.6485,-176.98,0.026,27
1790509933.9,16.2796,-14.6485,-176.98,-0.009,25
1790509934.0,16.2796,-14.6485,-176.98,0.017,26
1790509934.1,16.2795,-14.6485,-176.98,-0.007,24
1790509934.2,16.2796,-14.6485,-176.98,0.022,26
1790509934.3,16.2796,-14.6485,-176.99,-0.004,25
1790509934.4,16.2800,-14.6485,-177.01,-0.010,25
1790509934.5,16.2800,-14.6485,-177.01,-0.005,26
1790509934.6,16.2799,-14.6485,-177.01,0.013,23
1790509934.7,16.2799,-14.6485,-177.01,0.073,25
1790509934.8,16.2794,-14.6485,-177.07,-1.725,27
1790509934.9,16.2754,-14.6487,-177.21,0.196,24
1790509935.0,16.2615,-14.6494,-177.12,0.513,24
1790509935.1,16.2427,-14.6502,-177.23,-1.351,25
1790509935.2,16.2147,-14.6517,-177.20,1.085,26
1790509935.3,16.1887,-14.6529,-177.21,0.150,26
1790509935.4,16.1645,-14.6539,-177.26,-0.936,25
1790509935.5,16.1339,-14.6556,-177.24,0.224,22
1790509935.6,16.1092,-14.6568,-177.23,0.292,26
1790509935.7,16.0788,-14.6581,-177.28,-0.348,26
1790509935.8,16.0507,-14.6593,-177.26,0.077,24
1790509935.9,16.0228,-14.6608,-177.25,-0.078,25
1790509936.0,15.9962,-14.6620,-177.27,0.159,27
1790509936.1,15.9654,-14.6636,-177.24,0.279,24
1790509936.2,15.9359,-14.6649,-177.25,-0.097,25
1790509936.3,15.9100,-14.6662,-177.23,0.286,23
1790509936.4,15.8791,-14.6677,-177.21,-0.205,26
1790509936.5,15.8512,-14.6691,-177.24,-0.206,23
1790509936.6,15.8241,-14.6704,-177.22,0.534,25
1790509936.7,15.7935,-14.6719,-177.23,-0.644,27
1790509936.8,15.7671,-14.6731,-177.24,0.034,25
1790509936.9,15.7405,-14.6743,-177.15,0.627,24
1790509937.0,15.7147,-14.6757,-177.18,-0.238,24
1790509937.1,15.6923,-14.6769,-177.16,0.070,23
1790509937.2,15.6791,-14.6775,-177.12,0.045,24
1790509937.3,15.6421,-14.6792,-177.15,0.031,28
1790509937.4,15.6174,-14.6804,-177.13,0.467,25
1790509937.5,15.5946,-14.6816,-177.13,-0.081,23
1790509937.6,15.5686,-14.6829,-177.14,-0.107,27
1790509937.7,15.5436,-14.6841,-177.11,0.628,25
1790509937.8,15.5154,-14.6856,-177.13,-0.066,26
1790509937.9,15.4923,-14.6868,-177.14,-0.392,25
1790509938.0,15.4656,-14.6881,-177.07,0.780,23
1790509938.1,15.4425,-14.6892,-177.10,-0.014,27
1790509938.2,15.4207,-14.6904,-177.14,-0.575,25
1790509938.3,15.3981,-14.6916,-177.03,0.672,26
1790509938.4,15.3696,-14.6929,-177.05,0.112,26
1790509938.5,15.3484,-14.6941,-177.09,-0.241,26
1790509938.6,15.3253,-14.6953,-177.04,0.247,23
1790509938.7,15.3010,-14.6965,-177.04,0.143,26
1790509938.8,15.2792,-14.6977,-177.06,-0.253,29
1790509938.9,15.2568,-14.6989,-176.99,0.426,24
1790509939.0,15.2346,-14.6999,-177.01,0.017,26
1790509939.1,15.2138,-14.7010,-177.18,-2.121,25
1790509939.2,15.1933,-14.7021,-177.52,-4.366,26
1790509939.3,15.1788,-14.7023,-178.00,-4.994,25
1790509939.4,15.1589,-14.7026,-178.73,-7.705,26
1790509939.5,15.1387,-14.7025,-179.78,-9.858,27
1790509939.6,15.1195,-14.7013,179.40,-8.466,27
1790509939.7,15.1104,-14.7003,178.94,-8.850,23
1790509939.8,15.0822,-14.6984,177.74,-8.484,25
1790509939.9,15.0618,-14.6966,176.90,-8.729,26
1790509940.0,15.0438,-14.6948,176.03,-8.941,24
1790509940.1,15.0270,-14.6920,175.16,-8.526,26
1790509940.2,15.0108,-14.6890,174.45,-9.096,26
1790509940.3,14.9867,-14.6860,173.32,-6.228,24
1790509940.4,14.9626,-14.6816,173.40,0.423,25
1790509940.5,14.9362,-14.6780,173.35,-0.308,26
1790509940.6,14.9043,-14.6740,173.35,0.274,28
1790509940.7,14.8659,-14.6695,173.31,-0.389,23
1790509940.8,14.8376,-14.6662,173.32,0.392,24
1790509940.9,14.8041,-14.6621,173.30,-0.438,26
1790509941.0,14.7757,-14.6588,173.25,-0.093,27
1790509941.1,14.7431,-14.6550,173.27,-0.098,25
1790509941.2,14.7082,-14.6507,173.23,-0.317,26
1790509941.3,14.6751,-14.6468,173.25,-0.069,25
1790509941.4,14.6408,-14.6427,173.19,-0.639,27
1790509941.5,14.6093,-14.6390,173.22,0.269,26
1790509941.6,14.5732,-14.6346,173.24,0.083,27
1790509941.7,14.5436,-14.6312,173.26,0.251,25
1790509941.8,14.5091,-14.6271,173.27,0.277,25
1790509941.9,14.4772,-14.6234,173.32,0.465,22
1790509942.0,14.4448,-14.6196,173.35,0.372,21
1790509942.1,14.4170,-14.6164,173.31,-0.402,26
1790509942.2,14.3975,-14.6142,173.32,0.248,24
1790509942.3,14.3579,-14.6095,173.33,-0.156,27
1790509942.4,14.3198,-14.6051,173.37,0.435,26
1790509942.5,14.2913,-14.6018,173.36,-0.189,29
1790509942.6,14.2589,-14.5980,173.37,0.288,26
1790509942.7,14.2301,-14.5948,173.39,0.121,23
1790509942.8,14.1991,-14.5911,173.38,0.149,25
1790509942.9,14.1634,-14.5869,173.38,-0.265,26
1790509943.0,14.1372,-14.5839,173.35,0.126,24
1790509943.1,14.0981,-14.5794,173.39,0.015,25
1790509943.2,14.0655,-14.5756,173.38,-0.176,26
1790509943.3,14.0322,-14.5718,173.43,0.577,25
1790509943.4,13.9931,-14.5672,173.41,-0.031,26
1790509943.5,13.9604,-14.5636,173.47,0.399,25
1790509943.6,13.9253,-14.5595,173.44,-0.290,27
1790509943.7,13.8909,-14.5556,173.49,0.506,25
1790509943.8,13.8538,-14.5513,173.47,-0.113,24
1790509943.9,13.8178,-14.5472,173.53,0.496,24
1790509944.0,13.7840,-14.5434,173.48,-0.227,25
1790509944.1,13.7526,-14.5399,173.50,0.195,26
1790509944.2,13.7168,-14.5358,173.49,-0.080,24
1790509944.3,13.6835,-14.5320,173.54,0.484,26
1790509944.4,13.6475,-14.5279,173.51,-0.266,27
1790509944.5,13.6074,-14.5234,173.55,0.370,26
1790509944.6,13.5877,-14.5212,173.55,-0.304,23
1790509944.7,13.5437,-14.5162,173.56,0.541,24
1790509944.8,13.5083,-14.5122,173.53,-0.385,26
1790509944.9,13.4703,-14.5079,173.54,0.336,24
1790509945.0,13.4507,-14.5057,173.59,-0.127,25
1790509945.1,13.4090,-14.5009,173.58,0.423,26
1790509945.2,13.3678,-14.4963,173.61,-0.078,27
1790509945.3,13.3294,-14.4920,173.62,0.269,26
1790509945.4,13.2936,-14.4881,173.65,0.000,25
1790509945.5,13.2668,-14.4851,173.64,0.377,25
1790509945.6,13.2266,-14.4807,173.68,0.008,26
1790509945.7,13.1895,-14.4765,173.69,0.529,24
1790509945.8,13.1549,-14.4727,173.69,-0.047,24
1790509945.9,13.1203,-14.4689,173.70,0.351,27
1790509946.0,13.0865,-14.4652,173.71,-0.233,23
1790509946.1,13.0512,-14.4613,173.71,0.396,23
1790509946.2,13.0168,-14.4575,173.72,-0.191,26
1790509946.3,12.9804,-14.4535,173.72,0.394,23
1790509946.4,12.9434,-14.4494,173.77,0.573,25
1790509946.5,12.9085,-14.4457,174.09,4.178,24
1790509946.6,12.8737,-14.4423,174.58,5.134,24
1790509946.7,12.8397,-14.4393,175.31,7.666,25
1790509946.8,12.8076,-14.4374,176.25,8.987,24
1790509946.9,12.7730,-14.4358,177.11,8.342,26
1790509947.0,12.7561,-14.4356,177.39,3.764,20
1790509947.1,12.7146,-14.4347,177.68,1.159,26
1790509947.2,12.6881,-14.4345,177.76,0.797,25
1790509947.3,12.6623,-14.4335,177.78,0.608,24
1790509947.4,12.6342,-14.4325,177.88,0.656,27
1790509947.5,12.6061,-14.4315,177.99,2.422,27
1790509947.6,12.5768,-14.4308,178.53,5.962,26
1790509947.7,12.5481,-14.4302,179.31,8.249,27
1790509947.8,12.5203,-14.4304,-179.91,8.266,23
1790509947.9,12.4906,-14.4315,-179.00,9.088,26
1790509948.0,12.4609,-14.4330,-178.26,5.109,29
1790509948.1,12.4314,-14.4346,-177.91,2.584,25
1790509948.2,12.4042,-14.4360,-177.97,0.350,26
1790509948.3,12.3771,-14.4373,-177.94,0.258,23
1790509948.4,12.3519,-14.4382,-177.88,0.134,24
1790509948.5,12.3234,-14.4393,-177.83,0.411,25
1790509948.6,12.2935,-14.4405,-177.78,0.800,26
1790509948.7,12.2650,-14.4417,-177.77,-0.123,24
1790509948.8,12.2352,-14.4429,-177.73,0.626,26
1790509948.9,12.2031,-14.4441,-177.69,0.294,23
1790509949.0,12.1688,-14.4456,-177.67,0.052,26
1790509949.1,12.1380,-14.4468,-177.66,0.323,26
1790509949.2,12.1069,-14.4482,-177.62,0.456,27
1790509949.3,12.0771,-14.4495,-177.59,0.261,27
1790509949.4,12.0640,-14.4500,-177.58,0.089,22
1790509949.5,12.0146,-14.4521,-177.55,0.302,27
1790509949.6,11.9827,-14.4535,-177.52,0.315,27
1790509949.7,11.9513,-14.4549,-177.46,0.487,26
1790509949.8,11.9199,-14.4563,-177.43,0.111,24
1790509949.9,11.8903,-14.4576,-177.41,0.596,25
1790509950.0,11.8596,-14.4591,-177.41,0.079,25
1790509950.1,11.8282,-14.4605,-177.41,0.029,28
1790509950.2,11.7950,-14.4621,-177.38,0.219,25
1790509950.3,11.7627,-14.4635,-177.40,-0.129,24
1790509950.4,11.7318,-14.4650,-177.34,0.371,25
1790509950.5,11.7012,-14.4664,-177.35,-0.184,24
1790509950.6,11.6715,-14.4678,-177.30,0.471,25
1790509950.7,11.6380,-14.4694,-177.28,0.123,23
1790509950.8,11.6081,-14.4708,-177.29,0.308,26
1790509950.9,11.5749,-14.4724,-177.27,0.245,24
1790509951.0,11.5433,-14.4738,-177.30,-0.203,27
1790509951.1,11.5137,-14.4753,-177.24,0.249,24
1790509951.2,11.4838,-14.4767,-177.27,-0.208,27
1790509951.3,11.4535,-14.4782,-177.20,0.661,27
1790509951.4,11.4173,-14.4800,-177.19,-0.030,25
1790509951.5,11.3857,-14.4815,-177.20,0.195,25
1790509951.6,11.3546,-14.4831,-177.15,0.315,27
1790509951.7,11.3280,-14.4844,-177.17,0.012,24
1790509951.8,11.2965,-14.4860,-177.14,0.377,27
1790509951.9,11.2799,-14.4869,-177.11,-0.289,26
1790509952.0,11.2380,-14.4890,-177.10,0.394,26
1790509952.1,11.2048,-14.4907,-177.07,0.032,26
1790509952.2,11.1712,-14.4926,-177.06,0.375,23
1790509952.3,11.1380,-14.4942,-177.05,0.155,27
1790509952.4,11.1088,-14.4957,-177.08,-0.136,25
1790509952.5,11.0769,-14.4974,-177.05,0.322,24
1790509952.6,11.0455,-14.4990,-177.07,-0.263,24
1790509952.7,11.0208,-14.5003,-177.02,0.466,27
1790509952.8,10.9836,-14.5023,-176.99,-0.139,25
1790509952.9,10.9501,-14.5040,-176.97,0.505,24
1790509953.0,10.9227,-14.5054,-176.94,0.254,26
1790509953.1,10.8907,-14.5072,-176.96,0.126,25
1790509953.2,10.8559,-14.5090,-176.94,-0.004,25
1790509953.3,10.8237,-14.5108,-176.98,-0.345,23
1790509953.4,10.7948,-14.5124,-176.91,0.337,26
1790509953.5,10.7595,-14.5142,-176.94,-0.174,26
1790509953.6,10.7265,-14.5160,-176.90,0.461,25
1790509953.7,10.6946,-14.5176,-176.91,-0.118,21
1790509953.8,10.6646,-14.5194,-176.87,0.461,27
1790509953.9,10.6335,-14.5209,-176.86,0.123,26
1790509954.0,10.5962,-14.5231,-176.85,0.239,26
1790509954.1,10.5654,-14.5248,-176.82,0.262,24
1790509954.2,10.5316,-14.5266,-176.84,-0.168,28
1790509954.3,10.4992,-14.5285,-176.79,0.501,25
1790509954.4,10.4823,-14.5296,-176.77,-0.185,24
1790509954.5,10.4474,-14.5316,-176.78,0.573,27
1790509954.6,10.4065,-14.5338,-176.75,-0.254,26
1790509954.7,10.3727,-14.5359,-176.74,0.308,24
1790509954.8,10.3402,-14.5378,-176.70,0.075,25
1790509954.9,10.3072,-14.5397,-176.72,-0.072,26
1790509955.0,10.2764,-14.5415,-176.68,0.409,25
1790509955.1,10.2430,-14.5434,-176.75,-0.449,25
1790509955.2,10.2134,-14.5451,-176.66,0.613,23
1790509955.3,10.1779,-14.5471,-176.65,0.129,25
1790509955.4,10.1479,-14.5490,-176.64,0.164,24
1790509955.5,10.1128,-14.5511,-176.64,-0.332,25
1790509955.6,10.0775,-14.5532,-176.57,0.852,25
1790509955.7,10.0452,-14.5551,-176.57,-0.147,26
1790509955.8,10.0144,-14.5570,-176.57,0.288,25
1790509955.9,9.9841,-14.5588,-176.53,0.132,26
1790509956.0,9.9518,-14.5608,-176.54,0.327,26
1790509956.1,9.9177,-14.5629,-176.49,0.290,24
1790509956.2,9.8831,-14.5649,-176.52,0.065,24
1790509956.3,9.8471,-14.5673,-176.48,0.274,24
1790509956.4,9.8142,-14.5695,-176.49,-0.516,24
1790509956.5,9.7767,-14.5718,-176.43,0.891,26
1790509956.6,9.7444,-14.5737,-176.47,-0.517,24
1790509956.7,9.7094,-14.5760,-176.43,0.567,26
1790509956.8,9.6781,-14.5780,-176.42,-0.189,26
1790509956.9,9.6522,-14.5797,-176.38,0.484,24
1790509957.0,9.6098,-14.5824,-176.38,-0.118,25
1790509957.1,9.5795,-14.5842,-176.37,0.330,28
1790509957.2,9.5422,-14.5867,-176.35,-0.083,25
1790509957.3,9.5068,-14.5891,-176.34,0.303,24
1790509957.4,9.4734,-14.5912,-176.30,0.072,25
1790509957.5,9.4426,-14.5933,-176.32,0.154,27
1790509957.6,9.4073,-14.5956,-176.27,0.341,25
1790509957.7,9.3763,-14.5975,-176.30,0.110,25
1790509957.8,9.3329,-14.6006,-176.25,0.337,25
1790509957.9,9.3038,-14.6024,-176.27,-0.065,27
1790509958.0,9.2663,-14.6049,-176.23,0.284,23
1790509958.1,9.2311,-14.6075,-176.24,-0.242,22
1790509958.2,9.2000,-14.6095,-176.19,0.452,25
1790509958.3,9.1651,-14.6115,-176.21,-0.063,22
1790509958.4,9.1322,-14.6139,-176.17,0.307,24
1790509958.5,9.0961,-14.6163,-176.20,-0.240,26
1790509958.6,9.0631,-14.6185,-176.14,0.487,25
1790509958.7,9.0302,-14.6208,-176.16,-0.233,23
1790509958.8,8.9924,-14.6234,-176.12,0.518,23
1790509958.9,8.9604,-14.6255,-176.13,-0.196,24
1790509959.0,8.9291,-14.6277,-176.08,0.641,24
1790509959.1,8.8919,-14.6303,-176.08,-0.218,21
1790509959.2,8.8591,-14.6326,-176.03,0.644,24
1790509959.3,8.8404,-14.6338,-176.06,-0.425,24
1790509959.4,8.8066,-14.6361,-176.09,0.370,26
1790509959.5,8.7611,-14.6393,-176.04,-0.238,26
1790509959.6,8.7285,-14.6416,-176.06,0.319,23
1790509959.7,8.6902,-14.6442,-176.01,0.034,26
1790509959.8,8.6621,-14.6461,-176.02,0.103,25
1790509959.9,8.6311,-14.6484,-175.98,0.205,26
1790509960.0,8.5916,-14.6512,-175.99,-0.065,25
1790509960.1,8.5614,-14.6533,-175.94,0.401,26
1790509960.2,8.5308,-14.6555,-175.97,-0.087,26
1790509960.3,8.5039,-14.6574,-175.91,0.569,23
1790509960.4,8.4716,-14.6598,-175.89,-0.161,26
1790509960.5,8.4270,-14.6631,-175.86,0.662,26
1790509960.6,8.3937,-14.6654,-175.84,-0.051,26
1790509960.7,8.3617,-14.6679,-175.85,0.341,27
1790509960.8,8.3266,-14.6704,-175.82,0.024,23
1790509960.9,8.2952,-14.6727,-175.84,0.012,25
1790509961.0,8.2620,-14.6751,-175.80,0.238,22
1790509961.1,8.2227,-14.6780,-175.81,-0.104,28
1790509961.2,8.1977,-14.6798,-175.77,0.394,23
1790509961.3,8.1637,-14.6823,-175.79,-0.112,27
1790509961.4,8.1424,-14.6839,-175.78,0.444,25
1790509961.5,8.0960,-14.6873,-175.78,-0.304,26
1790509961.6,8.0558,-14.6905,-175.75,0.408,24
1790509961.7,8.0267,-14.6927,-175.74,-0.247,25
1790509961.8,8.0120,-14.6937,-175.72,0.307,24
1790509961.9,7.9656,-14.6972,-175.69,0.003,25
1790509962.0,7.9332,-14.6997,-175.66,0.488,25
1790509962.1,7.9010,-14.7021,-175.62,0.141,24
1790509962.2,7.8623,-14.7052,-175.64,0.389,26
1790509962.3,7.8441,-14.7067,-175.63,-0.049,27
1790509962.4,7.8109,-14.7092,-175.67,-0.155,26
1790509962.5,7.7673,-14.7124,-175.63,0.150,24
1790509962.6,7.7362,-14.7147,-175.65,-0.072,27
1790509962.7,7.7002,-14.7176,-175.58,0.464,26
1790509962.8,7.6681,-14.7200,-175.60,-0.229,26
1790509962.9,7.6350,-14.7228,-175.56,0.471,26
1790509963.0,7.6027,-14.7252,-175.56,-0.141,26
1790509963.1,7.5720,-14.7275,-175.55,0.445,24
1790509963.2,7.5364,-14.7304,-175.54,-0.168,27
1790509963.3,7.5076,-14.7326,-175.55,0.358,26
1790509963.4,7.4732,-14.7353,-175.52,-0.005,24
1790509963.5,7.4397,-14.7379,-175.54,0.029,23
1790509963.6,7.4047,-14.7408,-175.47,0.342,26
1790509963.7,7.3731,-14.7433,-175.48,0.057,26
1790509963.8,7.3449,-14.7457,-175.43,0.373,24
1790509963.9,7.3107,-14.7483,-175.45,-0.148,23
1790509964.0,7.2785,-14.7510,-175.40,0.420,27
1790509964.1,7.2444,-14.7537,-175.41,-0.188,27
1790509964.2,7.2100,-14.7565,-175.38,0.479,26
1790509964.3,7.1935,-14.7579,-175.35,-0.095,25
1790509964.4,7.1592,-14.7606,-175.37,0.448,25
1790509964.5,7.1121,-14.7646,-175.32,-0.165,25
1790509964.6,7.0841,-14.7669,-175.33,0.332,23
1790509964.7,7.0520,-14.7695,-175.30,0.004,28
1790509964.8,7.0207,-14.7721,-175.31,0.158,25
1790509964.9,6.9838,-14.7753,-175.25,0.190,27
1790509965.0,6.9505,-14.7780,-175.27,0.041,25
1790509965.1,6.9203,-14.7806,-175.21,0.273,24
1790509965.2,6.8917,-14.7829,-175.24,-0.123,24
1790509965.3,6.8588,-14.7858,-175.17,0.514,25
1790509965.4,6.8240,-14.7887,-175.24,-0.603,25
1790509965.5,6.7876,-14.7918,-175.20,0.437,25
1790509965.6,6.7550,-14.7945,-175.21,-0.255,25
1790509965.7,6.7251,-14.7970,-175.18,0.592,25
1790509965.8,6.6948,-14.7995,-175.18,-0.199,27
1790509965.9,6.6611,-14.8024,-175.17,0.339,26
1790509966.0,6.6293,-14.8051,-175.14,-0.003,24
1790509966.1,6.5940,-14.8081,-175.16,0.075,25
1790509966.2,6.5641,-14.8107,-175.12,0.188,25
1790509966.3,6.5283,-14.8137,-175.14,-0.037,27
1790509966.4,6.4972,-14.8165,-175.10,0.342,24
1790509966.5,6.4607,-14.8195,-175.12,-0.213,24
1790509966.6,6.4292,-14.8222,-175.09,0.416,25
1790509966.7,6.3969,-14.8250,-175.10,-0.214,26
1790509966.8,6.3614,-14.8281,-175.07,0.243,24
1790509966.9,6.3440,-14.8296,-175.03,-0.039,23
1790509967.0,6.2998,-14.8334,-175.03,0.322,25
1790509967.1,6.2676,-14.8363,-174.98,0.118,26
1790509967.2,6.2349,-14.8392,-175.01,0.264,24
1790509967.3,6.2017,-14.8421,-174.96,0.501,26
1790509967.4,6.1672,-14.8451,-175.00,-0.213,26
1790509967.5,6.1323,-14.8482,-174.98,0.282,25
1790509967.6,6.1015,-14.8509,-174.99,-0.289,26
1790509967.7,6.0701,-14.8538,-174.92,0.392,24
1790509967.8,6.0345,-14.8569,-174.95,-0.261,24
1790509967.9,5.9991,-14.8601,-174.89,0.476,26
1790509968.0,5.9655,-14.8631,-174.91,-0.268,26
1790509968.1,5.9379,-14.8656,-174.87,0.590,25
1790509968.2,5.8970,-14.8693,-174.84,-0.028,24
1790509968.3,5.8668,-14.8720,-174.85,0.460,23
1790509968.4,5.8332,-14.8750,-174.86,-0.161,26
1790509968.5,5.7992,-14.8782,-174.90,-0.158,26
1790509968.6,5.7648,-14.8812,-174.85,0.208,24
1790509968.7,5.7330,-14.8840,-174.87,0.008,26
1790509968.8,5.6980,-14.8873,-174.82,0.323,26
1790509968.9,5.6656,-14.8902,-174.84,-0.166,22
1790509969.0,5.6336,-14.8932,-174.80,0.366,26
1790509969.1,5.6143,-14.8949,-174.78,-0.140,24
1790509969.2,5.5871,-14.8974,-174.81,0.411,24
1790509969.3,5.5367,-14.9020,-174.76,0.011,24
1790509969.4,5.5026,-14.9051,-174.78,0.167,29
1790509969.5,5.4722,-14.9079,-174.76,0.169,25
1790509969.6,5.4416,-14.9107,-174.79,-0.303,26
1790509969.7,5.4082,-14.9138,-174.71,0.593,25
1790509969.8,5.3764,-14.9167,-174.72,-0.150,25
1790509969.9,5.3435,-14.9198,-174.68,0.424,27
1790509970.0,5.3105,-14.9229,-174.69,-0.244,24
1790509970.1,5.2768,-14.9261,-174.65,0.463,25
1790509970.2,5.2532,-14.9283,-174.64,-0.010,25
1790509970.3,5.2165,-14.9318,-174.64,0.329,26
1790509970.4,5.1771,-14.9355,-174.62,0.246,24
1790509970.5,5.1455,-14.9385,-174.66,-0.119,24
1790509970.6,5.1124,-14.9416,-174.62,0.307,26
1790509970.7,5.0829,-14.9444,-174.63,-0.331,24
1790509970.8,5.0508,-14.9474,-174.58,0.513,25
1790509970.9,5.0200,-14.9503,-174.58,-0.209,27
1790509971.0,4.9865,-14.9536,-174.54,0.405,25
1790509971.1,4.9536,-14.9568,-174.53,-0.016,25
1790509971.2,4.9215,-14.9599,-174.51,0.412,26
1790509971.3,4.8886,-14.9631,-174.48,0.095,26
1790509971.4,4.8557,-14.9663,-174.50,0.098,25
1790509971.5,4.8238,-14.9694,-174.47,0.207,28
1790509971.6,4.7930,-14.9723,-174.53,-0.406,26
1790509971.7,4.7586,-14.9758,-174.47,0.382,24
1790509971.8,4.7275,-14.9787,-174.50,-0.164,23
1790509971.9,4.6939,-14.9820,-174.45,0.347,25
1790509972.0,4.6767,-14.9837,-174.43,-0.117,25
1790509972.1,4.6315,-14.9880,-174.42,0.440,26
1790509972.2,4.6003,-14.9911,-174.39,0.182,24
1790509972.3,4.5668,-14.9943,-174.40,0.260,26
1790509972.4,4.5371,-14.9974,-174.35,0.310,26
1790509972.5,4.5015,-15.0010,-174.37,-0.064,25
1790509972.6,4.4705,-15.0040,-174.33,0.313,26
1790509972.7,4.4381,-15.0073,-174.33,-0.237,25
1790509972.8,4.4073,-15.0104,-174.27,0.496,25
1790509972.9,4.3757,-15.0134,-174.28,-0.090,26
1790509973.0,4.3438,-15.0168,-174.27,0.513,24
1790509973.1,4.3114,-15.0200,-174.23,0.009,26
1790509973.2,4.2765,-15.0236,-174.24,0.206,25
1790509973.3,4.2457,-15.0267,-174.21,0.160,25
1790509973.4,4.2149,-15.0298,-174.23,-0.099,23
1790509973.5,4.1839,-15.0331,-174.19,0.320,26
1790509973.6,4.1519,-15.0362,-174.21,-0.177,24
1790509973.7,4.1189,-15.0397,-174.17,0.321,25
1790509973.8,4.0874,-15.0429,-174.17,-0.233,24
1790509973.9,4.0559,-15.0462,-174.14,0.476,24
1790509974.0,4.0228,-15.0495,-174.13,-0.104,25
1790509974.1,3.9896,-15.0530,-174.12,0.397,26
1790509974.2,3.9546,-15.0566,-174.10,-0.009,24
1790509974.3,3.9212,-15.0600,-174.11,0.232,25
1790509974.4,3.8880,-15.0636,-174.07,0.189,25
1790509974.5,3.8562,-15.0669,-174.10,-0.103,26
1790509974.6,3.8247,-15.0701,-174.03,0.306,25
1790509974.7,3.7937,-15.0734,-174.08,-0.418,27
1790509974.8,3.7633,-15.0766,-174.03,0.560,23
1790509974.9,3.7254,-15.0805,-174.05,-0.340,27
1790509975.0,3.6987,-15.0834,-174.03,0.547,24
1790509975.1,3.6649,-15.0869,-174.02,-0.228,24
1790509975.2,3.6446,-15.0891,-174.03,0.078,26
1790509975.3,3.6140,-15.0923,-173.98,0.181,24
1790509975.4,3.5878,-15.0951,-173.99,-0.127,22
1790509975.5,3.5439,-15.0997,-173.95,0.465,28
1790509975.6,3.5195,-15.1022,-173.96,-0.251,26
1790509975.7,3.4909,-15.1053,-173.98,0.547,27
1790509975.8,3.4615,-15.1085,-173.93,-0.182,26
1790509975.9,3.4264,-15.1121,-173.96,-0.018,25
1790509976.0,3.3923,-15.1159,-173.91,0.407,26
1790509976.1,3.3602,-15.1191,-173.94,-0.210,27
1790509976.2,3.3322,-15.1221,-173.89,0.381,26
1790509976.3,3.3015,-15.1254,-173.89,-0.259,27
1790509976.4,3.2732,-15.1285,-173.90,0.632,25
1790509976.5,3.2394,-15.1322,-173.87,-0.001,27
1790509976.6,3.2109,-15.1351,-173.92,-0.197,25
1790509976.7,3.1790,-15.1387,-173.84,0.428,27
1790509976.8,3.1531,-15.1415,-173.84,-0.110,27
1790509976.9,3.1225,-15.1448,-173.80,0.413,24
1790509977.0,3.0929,-15.1480,-173.80,-0.095,25
1790509977.1,3.0628,-15.1513,-173.82,0.243,26
1790509977.2,3.0316,-15.1547,-173.80,0.170,28
1790509977.3,2.9995,-15.1581,-173.86,-0.485,27
1790509977.4,2.9686,-15.1615,-173.77,0.425,25
1790509977.5,2.9415,-15.1645,-173.76,-0.149,25
1790509977.6,2.9077,-15.1681,-173.75,0.669,27
1790509977.7,2.8853,-15.1706,-173.75,0.058,27
1790509977.8,2.8496,-15.1744,-173.75,-0.031,25
1790509977.9,2.8200,-15.1779,-173.70,0.273,26
1790509978.0,2.7899,-15.1812,-173.73,-0.486,24
1790509978.1,2.7661,-15.1839,-173.71,0.327,25
1790509978.2,2.7394,-15.1869,-173.68,0.168,27
1790509978.3,2.7089,-15.1903,-173.69,0.030,26
1790509978.4,2.6807,-15.1934,-173.66,0.351,27
1790509978.5,2.6493,-15.1968,-173.67,-0.218,24
1790509978.6,2.6253,-15.1995,-173.67,0.215,23
1790509978.7,2.5930,-15.2031,-173.64,0.343,26
1790509978.8,2.5699,-15.2057,-173.65,-0.273,27
1790509978.9,2.5390,-15.2091,-173.71,-1.506,27
1790509979.0,2.5139,-15.2118,-174.13,-4.046,27
1790509979.1,2.4902,-15.2141,-174.68,-6.043,23
1790509979.2,2.4637,-15.2161,-175.43,-8.833,25
1790509979.3,2.4451,-15.2172,-176.49,-10.505,22
1790509979.4,2.4133,-15.2182,-177.54,-9.738,25
1790509979.5,2.3876,-15.2187,-177.89,-1.482,24
1790509979.6,2.3688,-15.2181,-178.14,-2.401,26
1790509979.7,2.3469,-15.2187,-178.13,0.321,24
1790509979.8,2.3165,-15.2196,-178.18,-0.470,24
1790509979.9,2.2865,-15.2206,-178.23,-0.206,24
1790509980.0,2.2510,-15.2217,-178.23,-0.554,25
1790509980.1,2.2378,-15.2221,-178.27,-0.237,25
1790509980.2,2.1882,-15.2236,-178.23,0.155,23
1790509980.3,2.1572,-15.2244,-178.34,-0.496,25
1790509980.4,2.1221,-15.2255,-178.28,0.374,25
1790509980.5,2.0895,-15.2265,-178.36,-1.141,26
1790509980.6,2.0542,-15.2275,-178.35,0.789,26
1790509980.7,2.0199,-15.2285,-178.35,-0.297,25
1790509980.8,1.9845,-15.2294,-178.36,0.259,23
1790509980.9,1.9459,-15.2306,-178.38,-0.569,25
1790509981.0,1.9172,-15.2314,-178.37,0.352,22
1790509981.1,1.8805,-15.2325,-178.36,-0.222,25
1790509981.2,1.8463,-15.2335,-178.31,0.638,26
1790509981.3,1.8108,-15.2346,-178.33,-0.306,22
1790509981.4,1.7772,-15.2356,-178.29,0.659,26
1790509981.5,1.7419,-15.2366,-178.30,-0.489,27
1790509981.6,1.7088,-15.2376,-178.33,0.075,23
1790509981.7,1.6739,-15.2386,-178.33,-0.246,28
1790509981.8,1.6411,-15.2395,-178.33,0.265,27
1790509981.9,1.6037,-15.2407,-178.30,0.010,25
1790509982.0,1.5668,-15.2417,-178.30,0.109,25
1790509982.1,1.5318,-15.2428,-178.29,-0.008,21
1790509982.2,1.4961,-15.2438,-178.29,0.047,24
1790509982.3,1.4609,-15.2449,-178.28,0.085,23
1790509982.4,1.4248,-15.2460,-178.31,-0.181,23
1790509982.5,1.4059,-15.2465,-178.25,0.336,25
1790509982.6,1.3750,-15.2476,-178.25,0.017,22
1790509982.7,1.3257,-15.2491,-178.23,0.053,26
1790509982.8,1.2871,-15.2503,-178.24,0.111,24
1790509982.9,1.2547,-15.2513,-178.20,0.123,25
1790509983.0,1.2219,-15.2524,-178.20,-0.082,28
1790509983.1,1.1847,-15.2535,-178.17,0.329,23
1790509983.2,1.1477,-15.2548,-178.17,-0.013,26
1790509983.3,1.1221,-15.2556,-178.13,0.418,25
1790509983.4,1.0847,-15.2569,-178.13,-0.119,23
1790509983.5,1.0448,-15.2583,-178.11,0.310,25
1790509983.6,1.0029,-15.2597,-178.13,-0.169,24
1790509983.7,0.9706,-15.2609,-178.09,0.254,27
1790509983.8,0.9283,-15.2622,-178.11,-0.086,27
1790509983.9,0.8918,-15.2634,-178.09,0.380,24
1790509984.0,0.8528,-15.2647,-178.10,-0.047,28
1790509984.1,0.8221,-15.2660,-178.04,0.252,26
1790509984.2,0.7786,-15.2675,-178.05,0.050,25
1790509984.3,0.7617,-15.2681,-178.01,0.169,27
1790509984.4,0.7030,-15.2701,-178.04,-0.051,27
1790509984.5,0.6658,-15.2715,-178.00,0.166,24
1790509984.6,0.6264,-15.2728,-177.98,0.238,25
1790509984.7,0.5869,-15.2742,-177.96,-0.034,26
1790509984.8,0.5479,-15.2755,-177.95,0.216,27
1790509984.9,0.5318,-15.2762,-177.96,0.045,24
1790509985.0,0.4928,-15.2777,-177.96,0.124,25
1790509985.1,0.4426,-15.2795,-177.93,-0.123,25
1790509985.2,0.4022,-15.2810,-177.87,0.518,22
1790509985.3,0.3588,-15.2826,-177.88,0.005,23
1790509985.4,0.3202,-15.2841,-177.84,0.467,25
1790509985.5,0.2810,-15.2855,-177.87,0.034,25
1790509985.6,0.2426,-15.2869,-177.84,0.301,23
1790509985.7,0.2039,-15.2884,-177.84,0.100,24
1790509985.8,0.1644,-15.2900,-177.80,0.239,24
1790509985.9,0.1284,-15.2914,-177.80,0.132,25
1790509986.0,0.0848,-15.2932,-177.76,0.040,24
1790509986.1,0.0450,-15.2948,-177.73,0.289,28
1790509986.2,0.0144,-15.2960,-177.73,-0.182,25
1790509986.3,-0.0298,-15.2978,-177.70,0.409,26
1790509986.4,-0.0694,-15.2994,-177.72,-0.208,26
1790509986.5,-0.1090,-15.3011,-177.69,0.292,25
1790509986.6,-0.1503,-15.3026,-177.70,0.080,28
1790509986.7,-0.1884,-15.3042,-177.66,0.278,22
1790509986.8,-0.2268,-15.3058,-177.67,0.225,27
1790509986.9,-0.2691,-15.3076,-177.63,-0.052,24
1790509987.0,-0.3080,-15.3092,-177.66,0.135,24
1790509987.1,-0.3452,-15.3107,-177.64,0.038,27
1790509987.2,-0.3835,-15.3124,-177.62,0.292,25
1790509987.3,-0.4275,-15.3143,-177.60,-0.024,24
1790509987.4,-0.4611,-15.3152,-177.62,0.223,24
1790509987.5,-0.4987,-15.3169,-177.59,-0.018,24
1790509987.6,-0.5388,-15.3186,-177.60,0.165,27
1790509987.7,-0.5786,-15.3202,-177.60,-0.136,26
1790509987.8,-0.6171,-15.3218,-177.57,0.535,26
1790509987.9,-0.6529,-15.3233,-177.58,-0.151,25
1790509988.0,-0.6903,-15.3251,-177.53,0.533,20
1790509988.1,-0.7306,-15.3268,-177.55,-0.014,27
1790509988.2,-0.7655,-15.3284,-177.51,0.410,26
1790509988.3,-0.8054,-15.3301,-177.53,-0.010,26
1790509988.4,-0.8430,-15.3319,-177.48,0.211,25
1790509988.5,-0.8857,-15.3336,-177.48,0.203,25
1790509988.6,-0.9273,-15.3356,-177.45,0.017,27
1790509988.7,-0.9663,-15.3373,-177.44,0.368,22
1790509988.8,-1.0040,-15.3391,-177.44,-0.147,24
1790509988.9,-1.0489,-15.3411,-177.42,0.308,26
1790509989.0,-1.0836,-15.3428,-177.41,-0.060,25
1790509989.1,-1.1249,-15.3446,-177.39,0.234,27
1790509989.2,-1.1587,-15.3462,-177.39,0.095,26
1790509989.3,-1.2008,-15.3482,-177.35,0.266,27
1790509989.4,-1.2388,-15.3500,-177.35,0.127,26
1790509989.5,-1.2782,-15.3519,-177.31,0.054,26
1790509989.6,-1.3209,-15.3538,-177.35,0.063,25
1790509989.7,-1.3607,-15.3557,-177.33,-0.066,24
1790509989.8,-1.4005,-15.3575,-177.29,0.427,27
1790509989.9,-1.4397,-15.3595,-177.30,-0.219,23
1790509990.0,-1.4638,-15.3606,-177.28,0.355,26
1790509990.1,-1.5021,-15.3625,-177.26,-0.085,26
1790509990.2,-1.5478,-15.3647,-177.25,0.219,25
1790509990.3,-1.5871,-15.3666,-177.24,0.173,24
1790509990.4,-1.6309,-15.3689,-177.19,0.269,25
1790509990.5,-1.6653,-15.3705,-177.20,0.246,25
1790509990.6,-1.7057,-15.3725,-177.18,0.080,25
1790509990.7,-1.7423,-15.3743,-177.16,0.306,25
1790509990.8,-1.7840,-15.3765,-177.14,-0.106,26
1790509990.9,-1.8236,-15.3785,-177.12,0.300,23
1790509991.0,-1.8622,-15.3804,-177.10,-0.028,24
1790509991.1,-1.9018,-15.3823,-177.08,0.451,24
1790509991.2,-1.9416,-15.3844,-177.09,-0.166,22
1790509991.3,-1.9785,-15.3863,-177.05,0.360,26
1790509991.4,-2.0149,-15.3882,-177.07,-0.058,25
1790509991.5,-2.0578,-15.3905,-177.02,0.305,25
1790509991.6,-2.0960,-15.3924,-177.03,0.157,25
1790509991.7,-2.1340,-15.3944,-177.01,0.063,26
1790509991.8,-2.1715,-15.3964,-176.98,0.394,25
1790509991.9,-2.2126,-15.3986,-176.97,-0.215,27
1790509992.0,-2.2579,-15.4011,-176.94,0.627,24
1790509992.1,-2.2758,-15.4021,-176.93,-0.703,24
1790509992.2,-2.3336,-15.4052,-176.93,0.281,28
1790509992.3,-2.3764,-15.4073,-176.96,-0.068,28
1790509992.4,-2.3995,-15.4086,-176.92,0.487,26
1790509992.5,-2.4343,-15.4104,-176.92,-0.097,25
1790509992.6,-2.4763,-15.4129,-176.88,0.252,25
1790509992.7,-2.5219,-15.4154,-176.90,-0.008,26
1790509992.8,-2.5620,-15.4176,-176.87,0.216,27
1790509992.9,-2.5986,-15.4196,-176.89,-0.066,26
1790509993.0,-2.6375,-15.4218,-176.82,0.470,23
1790509993.1,-2.6748,-15.4239,-176.83,0.146,25
1790509993.2,-2.7105,-15.4259,-176.81,0.251,25
1790509993.3,-2.7475,-15.4280,-176.82,0.000,25
1790509993.4,-2.7870,-15.4304,-176.78,0.148,25
1790509993.5,-2.8249,-15.4324,-176.77,0.026,26
1790509993.6,-2.8597,-15.4345,-176.74,0.387,24
1790509993.7,-2.8995,-15.4365,-176.74,0.085,24
1790509993.8,-2.9337,-15.4386,-176.72,0.180,25
1790509993.9,-2.9683,-15.4406,-176.72,0.159,23
1790509994.0,-3.0064,-15.4428,-176.68,0.178,25
1790509994.1,-3.0418,-15.4451,-176.69,-0.016,27
1790509994.2,-3.0760,-15.4472,-176.64,0.101,25
1790509994.3,-3.1081,-15.4490,-176.66,-0.053,26
1790509994.4,-3.1454,-15.4511,-176.64,0.098,25
1790509994.5,-3.1710,-15.4526,-176.62,0.055,25
1790509994.6,-3.1997,-15.4544,-176.60,0.197,26
1790509994.7,-3.2243,-15.4558,-176.65,-0.749,24
1790509994.8,-3.2395,-15.4568,-176.61,0.827,27
1790509994.9,-3.2436,-15.4571,-176.62,-0.145,24
1790509995.0,-3.2433,-15.4569,-176.61,-0.075,26
1790509995.1,-3.2355,-15.4565,-176.61,0.061,25
1790509995.2,-3.2353,-15.4565,-176.62,-0.015,26
1790509995.3,-3.2347,-15.4564,-176.61,-0.009,26
1790509995.4,-3.2347,-15.4564,-176.61,0.026,24
1790509995.5,-3.2345,-15.4564,-176.61,-0.005,25
1790509995.6,-3.2348,-15.4564,-176.61,-0.007,28
1790509995.7,-3.2349,-15.4565,-176.61,-0.005,25
1790509995.8,-3.2358,-15.4565,-176.61,-0.026,24
1790509995.9,-3.2343,-15.4564,-176.63,-0.321,25
1790509996.0,-3.2346,-15.4564,-176.65,0.001,25
1790509996.1,-3.2290,-15.4561,-176.67,0.189,26
1790509996.2,-3.2194,-15.4555,-176.65,-0.388,26
1790509996.3,-3.2049,-15.4546,-176.68,-0.205,24
1790509996.4,-3.1956,-15.4541,-176.70,-0.022,25
1790509996.5,-3.1803,-15.4532,-176.67,0.063,25
1790509996.6,-3.1673,-15.4525,-176.69,-0.156,23
1790509996.7,-3.1458,-15.4513,-176.72,-0.337,23
1790509996.8,-3.1195,-15.4496,-176.68,0.692,25
1790509996.9,-3.0993,-15.4485,-176.69,-0.559,26
1790509997.0,-3.0734,-15.4470,-176.73,-0.321,26
1790509997.1,-3.0484,-15.4456,-176.73,0.483,23
1790509997.2,-3.0345,-15.4448,-176.67,-0.234,24
1790509997.3,-3.0041,-15.4431,-176.76,-0.559,26
1790509997.4,-2.9742,-15.4413,-176.73,1.032,24
1790509997.5,-2.9475,-15.4398,-176.72,-0.400,26
1790509997.6,-2.9222,-15.4384,-176.71,-0.519,24
1790509997.7,-2.8960,-15.4368,-176.71,0.774,27
1790509997.8,-2.8701,-15.4354,-176.74,-0.131,26
1790509997.9,-2.8444,-15.4339,-176.84,-1.016,24
1790509998.0,-2.8179,-15.4324,-176.72,0.539,26
1790509998.1,-2.7916,-15.4310,-176.76,-0.151,25
1790509998.2,-2.7649,-15.4296,-176.84,0.153,24
1790509998.3,-2.7375,-15.4281,-176.78,-0.182,25
1790509998.4,-2.7072,-15.4264,-176.80,-0.594,24
1790509998.5,-2.6812,-15.4248,-176.78,0.606,23
1790509998.6,-2.6547,-15.4234,-176.80,-0.227,24
1790509998.7,-2.6272,-15.4220,-176.87,-0.804,26
1790509998.8,-2.5999,-15.4204,-176.85,0.159,24
1790509998.9,-2.5765,-15.4191,-176.86,0.197,25
1790509999.0,-2.5489,-15.4177,-176.89,0.081,24
1790509999.1,-2.5145,-15.4155,-176.86,-0.607,24
1790509999.2,-2.4861,-15.4138,-176.87,0.129,26
1790509999.3,-2.4562,-15.4123,-176.85,0.435,24
1790509999.4,-2.4306,-15.4108,-176.90,-1.015,25
1790509999.5,-2.4033,-15.4094,-176.96,-0.452,28
1790509999.6,-2.3749,-15.4078,-176.87,1.121,28
1790509999.7,-2.3580,-15.4070,-176.92,-0.864,24
1790509999.8,-2.3320,-15.4057,-176.96,-0.282,26
1790509999.9,-2.2941,-15.4037,-176.96,-0.363,26
1790510000.0,-2.2672,-15.4023,-176.98,-0.163,25
1790510000.1,-2.2387,-15.4008,-176.99,0.582,24
1790510000.2,-2.2109,-15.3994,-177.06,-0.839,25
1790510000.3,-2.1834,-15.3979,-177.06,-0.264,26
1790510000.4,-2.1581,-15.3966,-176.97,0.523,28
1790510000.5,-2.1301,-15.3952,-177.06,-0.287,25
1790510000.6,-2.1031,-15.3937,-177.10,0.117,25
1790510000.7,-2.0738,-15.3924,-177.10,-0.562,26
1790510000.8,-2.0474,-15.3910,-177.12,-0.274,27
1790510000.9,-2.0211,-15.3897,-177.06,0.746,26
1790510001.0,-1.9935,-15.3883,-177.12,-0.549,26
1790510001.1,-1.9671,-15.3869,-177.16,-0.160,25
1790510001.2,-1.9396,-15.3856,-177.08,0.259,26
1790510001.3,-1.9132,-15.3843,-177.14,-0.477,24
1790510001.4,-1.8838,-15.3828,-177.13,0.427,26
1790510001.5,-1.8590,-15.3816,-177.14,-0.506,27
1790510001.6,-1.8315,-15.3802,-177.20,-0.280,27
1790510001.7,-1.8020,-15.3787,-177.11,0.810,23
1790510001.8,-1.7723,-15.3773,-177.18,-0.493,26
1790510001.9,-1.7440,-15.3759,-177.19,0.089,27
1790510002.0,-1.7172,-15.3746,-177.15,-0.016,26
1790510002.1,-1.6894,-15.3731,-177.22,-0.674,27
1790510002.2,-1.6740,-15.3724,-177.22,0.860,26
1790510002.3,-1.6369,-15.3707,-177.19,-0.471,23
1790510002.4,-1.6200,-15.3699,-177.21,-0.744,27
1790510002.5,-1.5878,-15.3682,-177.19,0.431,23
1790510002.6,-1.5572,-15.3667,-177.22,0.131,25
1790510002.7,-1.5326,-15.3655,-177.28,-0.244,26
1790510002.8,-1.5072,-15.3644,-177.23,-0.389,27
1790510002.9,-1.4759,-15.3628,-177.24,0.075,25
1790510003.0,-1.4489,-15.3615,-177.23,0.761,26
1790510003.1,-1.4227,-15.3604,-177.35,-0.781,26
1790510003.2,-1.3916,-15.3590,-177.38,-0.561,26
1790510003.3,-1.3643,-15.3578,-177.25,0.742,26
1790510003.4,-1.3389,-15.3566,-177.29,-0.279,25
1790510003.5,-1.3157,-15.3555,-177.38,0.199,26
1790510003.6,-1.2850,-15.3541,-177.36,-0.610,26
1790510003.7,-1.2585,-15.3530,-177.40,-0.398,26
1790510003.8,-1.2330,-15.3516,-177.30,1.001,26
1790510003.9,-1.2048,-15.3504,-177.34,-0.430,27
1790510004.0,-1.1767,-15.3491,-177.41,-0.074,26
1790510004.1,-1.1486,-15.3477,-177.33,0.205,24
1790510004.2,-1.1205,-15.3465,-177.35,-0.503,26
1790510004.3,-1.0932,-15.3452,-177.36,0.486,25
1790510004.4,-1.0657,-15.3439,-177.39,-0.194,26
1790510004.5,-1.0368,-15.3426,-177.46,-0.730,26
1790510004.6,-1.0115,-15.3415,-177.40,0.522,24
1790510004.7,-0.9889,-15.3405,-177.40,0.154,26
1790510004.8,-0.9627,-15.3393,-177.49,-0.146,26
1790510004.9,-0.9365,-15.3383,-177.44,-0.222,26
1790510005.0,-0.9099,-15.3370,-177.39,-0.490,26
1790510005.1,-0.8760,-15.3354,-177.42,0.920,23
1790510005.2,-0.8539,-15.3344,-177.47,-0.517,24
1790510005.3,-0.8300,-15.3334,-177.59,-0.302,25
1790510005.4,-0.8081,-15.3324,-177.40,-0.228,24
1790510005.5,-0.7763,-15.3311,-177.46,-0.065,26
1790510005.6,-0.7461,-15.3297,-177.47,0.644,22
1790510005.7,-0.7197,-15.3286,-177.55,-0.755,24
1790510005.8,-0.6918,-15.3273,-177.56,-0.400,26
1790510005.9,-0.6663,-15.3262,-177.47,0.285,26
1790510006.0,-0.6422,-15.3252,-177.54,-0.033,28
1790510006.1,-0.6117,-15.3239,-177.61,-0.067,26
1790510006.2,-0.5829,-15.3227,-177.64,-0.617,25
1790510006.3,-0.5520,-15.3215,-177.57,0.162,26
1790510006.4,-0.5319,-15.3206,-177.59,0.366,27
1790510006.5,-0.5073,-15.3196,-177.64,-0.617,24
1790510006.6,-0.4763,-15.3184,-177.63,-0.204,23
1790510006.7,-0.4497,-15.3172,-177.57,0.064,25
1790510006.8,-0.4212,-15.3160,-177.62,-0.161,25
1790510006.9,-0.3926,-15.3148,-177.67,-0.333,25
1790510007.0,-0.3663,-15.3139,-177.63,0.055,24
1790510007.1,-0.3362,-15.3126,-177.65,0.001,24
1790510007.2,-0.3130,-15.3116,-177.66,0.344,25
1790510007.3,-0.2965,-15.3110,-177.66,-0.572,25
1790510007.4,-0.2683,-15.3098,-177.66,-0.478,27
1790510007.5,-0.2311,-15.3082,-177.62,0.453,24
1790510007.6,-0.2014,-15.3072,-177.70,-0.330,28
1790510007.7,-0.1717,-15.3060,-177.76,0.064,26
1790510007.8,-0.1434,-15.3050,-177.73,-0.304,24
1790510007.9,-0.1120,-15.3037,-177.76,-0.218,24
1790510008.0,-0.0849,-15.3026,-177.73,0.326,25
1790510008.1,-0.0545,-15.3015,-177.80,-0.471,26
1790510008.2,-0.0275,-15.3004,-177.79,0.215,24
1790510008.3,0.0044,-15.2993,-177.81,-0.315,23
1790510008.4,0.0309,-15.2982,-177.84,-0.290,26
1790510008.5,0.0552,-15.2973,-177.80,0.144,24
1790510008.6,0.0895,-15.2959,-177.80,-0.088,25
1790510008.7,0.1212,-15.2948,-177.84,0.216,26
1790510008.8,0.1485,-15.2938,-177.88,-0.402,25
1790510008.9,0.1759,-15.2929,-177.93,-0.251,26
1790510009.0,0.2043,-15.2918,-177.87,0.135,27
1790510009.1,0.2350,-15.2907,-177.89,-0.167,24
1790510009.2,0.2627,-15.2895,-177.88,0.285,26
1790510009.3,0.2918,-15.2886,-177.91,-0.318,25
1790510009.4,0.3212,-15.2876,-177.95,-0.260,25
1790510009.5,0.3504,-15.2865,-177.94,-0.253,26
1790510009.6,0.3817,-15.2853,-177.95,-0.367,25
1790510009.7,0.4059,-15.2845,-177.94,0.353,25
1790510009.8,0.4396,-15.2833,-177.98,0.026,26
1790510009.9,0.4695,-15.2823,-177.99,-0.169,28
1790510010.0,0.4951,-15.2814,-178.00,-0.626,25
1790510010.1,0.5238,-15.2803,-177.97,0.172,25
1790510010.2,0.5545,-15.2793,-177.94,0.501,25
1790510010.3,0.5811,-15.2784,-178.07,-0.553,25
1790510010.4,0.6108,-15.2775,-178.10,-0.319,25
1790510010.5,0.6402,-15.2764,-178.01,-0.109,26
1790510010.6,0.6745,-15.2753,-178.05,-0.377,24
1790510010.7,0.7013,-15.2742,-178.02,0.238,26
1790510010.8,0.7317,-15.2733,-178.06,-0.096,27
1790510010.9,0.7598,-15.2723,-178.09,0.099,24
1790510011.0,0.7887,-15.2714,-178.13,-0.754,26
1790510011.1,0.8178,-15.2705,-178.13,-0.431,26
1790510011.2,0.8458,-15.2696,-178.04,0.453,25
1790510011.3,0.8758,-15.2686,-178.09,0.194,25
1790510011.4,0.9050,-15.2675,-178.13,0.141,24
1790510011.5,0.9333,-15.2667,-178.16,-0.661,27
1790510011.6,0.9632,-15.2659,-178.16,-0.500,25
1790510011.7,0.9953,-15.2648,-178.08,0.781,26
1790510011.8,1.0246,-15.2638,-178.12,-0.281,24
1790510011.9,1.0527,-15.2630,-178.16,0.555,23
1790510012.0,1.0835,-15.2620,-178.18,-0.338,25
1790510012.1,1.1115,-15.2613,-178.23,-0.664,26
1790510012.2,1.1409,-15.2603,-178.19,0.470,24
1790510012.3,1.1655,-15.2595,-178.23,-0.442,26
1790510012.4,1.1974,-15.2585,-178.22,0.571,28
1790510012.5,1.2141,-15.2581,-178.25,-0.365,23
1790510012.6,1.2540,-15.2569,-178.31,-0.580,25
1790510012.7,1.2820,-15.2562,-178.27,-0.008,23
1790510012.8,1.3150,-15.2552,-178.31,-0.256,26
1790510012.9,1.3446,-15.2543,-178.29,0.698,23
1790510013.0,1.3733,-15.2536,-178.33,-0.641,27
1790510013.1,1.4018,-15.2526,-178.37,-0.472,25
1790510013.2,1.4326,-15.2517,-178.34,0.170,25
1790510013.3,1.4617,-15.2510,-178.33,0.051,28
1790510013.4,1.4914,-15.2501,-178.29,0.918,26
1790510013.5,1.5201,-15.2493,-178.38,-0.458,26
1790510013.6,1.5490,-15.2484,-178.36,-0.116,25
1790510013.7,1.5783,-15.2476,-178.31,-0.350,26
1790510013.8,1.6065,-15.2468,-178.36,-0.719,26
1790510013.9,1.6382,-15.2458,-178.29,1.007,27
1790510014.0,1.6673,-15.2451,-178.46,-1.924,26
1790510014.1,1.6803,-15.2447,-178.49,0.436,22
1790510014.2,1.6942,-15.2443,-178.40,0.240,23
1790510014.3,1.6980,-15.2442,-178.40,0.062,25
1790510014.4,1.6941,-15.2443,-178.41,-0.079,25
1790510014.5,1.6878,-15.2445,-178.40,-0.004,26
1790510014.6,1.6870,-15.2445,-178.41,-0.055,25
1790510014.7,1.6872,-15.2445,-178.40,-0.098,25
1790510014.8,1.6873,-15.2445,-178.40,0.046,24
1790510014.9,1.6884,-15.2445,-178.39,0.008,27
1790510015.0,1.6882,-15.2445,-178.39,-0.335,26
1790510015.1,1.6794,-15.2447,-178.39,0.310,26
1790510015.2,1.6665,-15.2451,-178.40,-0.249,25
1790510015.3,1.6431,-15.2457,-178.40,-0.019,25
1790510015.4,1.6159,-15.2465,-178.35,0.453,28
1790510015.5,1.5897,-15.2472,-178.37,0.312,24
1790510015.6,1.5616,-15.2480,-178.39,-0.139,24
1790510015.7,1.5330,-15.2489,-178.34,0.090,27
1790510015.8,1.5064,-15.2497,-178.29,0.184,25
1790510015.9,1.4757,-15.2505,-178.32,0.275,25
1790510016.0,1.4490,-15.2513,-178.32,0.033,21
1790510016.1,1.4228,-15.2521,-178.34,-0.541,25
1790510016.2,1.3943,-15.2529,-178.29,0.697,25
1790510016.3,1.3707,-15.2536,-178.31,-0.209,24
1790510016.4,1.3529,-15.2541,-178.36,0.075,26
1790510016.5,1.3476,-15.2543,-178.36,-0.327,26
1790510016.6,1.3484,-15.2543,-178.34,0.070,25
1790510016.7,1.3557,-15.2540,-178.36,-0.134,24
1790510016.8,1.3551,-15.2540,-178.35,0.062,28
1790510016.9,1.3564,-15.2540,-178.35,0.033,24
1790510017.0,1.3568,-15.2540,-178.48,-4.454,26
1790510017.1,1.3567,-15.2540,179.47,-22.583,27
1790510017.2,1.3557,-15.2540,176.30,-31.454,26
1790510017.3,1.3562,-15.2540,172.91,-34.251,25
1790510017.4,1.3573,-15.2542,170.93,-38.501,27
1790510017.5,1.3556,-15.2537,165.52,-39.029,26
1790510017.6,1.3556,-15.2538,161.67,-38.670,25
1790510017.7,1.3554,-15.2537,157.87,-38.279,25
1790510017.8,1.3581,-15.2554,154.04,-38.841,25
1790510017.9,1.3598,-15.2566,150.26,-38.168,26
1790510018.0,1.3561,-15.2535,146.42,-38.342,26
1790510018.1,1.3559,-15.2525,142.77,-36.543,27
1790510018.2,1.3583,-15.2550,139.13,-36.419,27
1790510018.3,1.3605,-15.2590,135.39,-32.603,25
1790510018.4,1.3548,-15.2505,132.18,-33.071,25
1790510018.5,1.3567,-15.2537,129.17,-29.991,25
1790510018.6,1.3541,-15.2485,126.28,-29.491,23
1790510018.7,1.3532,-15.2463,123.18,-30.395,26
1790510018.8,1.3519,-15.2430,119.96,-29.656,25
1790510018.9,1.3510,-15.2393,117.14,-30.954,27
1790510019.0,1.3507,-15.2379,113.96,-30.985,24
1790510019.1,1.3495,-15.2345,110.83,-31.185,27
1790510019.2,1.3486,-15.2288,107.56,-31.803,27
1790510019.3,1.3485,-15.2284,105.94,-29.466,22
1790510019.4,1.3487,-15.2282,103.29,-22.489,25
1790510019.5,1.3486,-15.2136,100.28,-19.420,27
1790510019.6,1.3487,-15.2140,99.27,-4.287,25
1790510019.7,1.3483,-15.2064,99.62,1.060,25
1790510019.8,1.3481,-15.2030,99.68,0.145,29
1790510019.9,1.3482,-15.2039,99.68,0.076,26
1790510020.0,1.3480,-15.2030,99.68,0.063,23
1790510020.1,1.3483,-15.2046,99.68,-0.012,26
1790510020.2,1.3480,-15.2029,99.67,-0.002,26
1790510020.3,1.3480,-15.2028,99.42,-3.379,25
1790510020.4,1.3467,-15.1962,99.54,1.939,26
1790510020.5,1.3441,-15.1805,99.51,-0.159,25
1790510020.6,1.3415,-15.1655,99.43,-0.688,26
1790510020.7,1.3379,-15.1444,99.47,0.271,25
1790510020.8,1.3357,-15.1307,99.48,0.050,26
1790510020.9,1.3325,-15.1115,99.45,-0.319,26
1790510021.0,1.3290,-15.0910,99.50,0.259,26
1790510021.1,1.3250,-15.0666,99.36,-1.345,27
1790510021.2,1.3220,-15.0487,99.42,0.819,25
1790510021.3,1.3177,-15.0225,99.48,0.013,24
1790510021.4,1.3123,-14.9911,99.46,0.275,27
1790510021.5,1.3069,-14.9581,99.43,-0.314,26
1790510021.6,1.3023,-14.9296,99.41,-0.264,27
1790510021.7,1.2998,-14.9148,99.47,0.605,25
1790510021.8,1.2925,-14.8709,99.46,-0.198,24
1790510021.9,1.2898,-14.8549,99.47,0.957,26
1790510022.0,1.2817,-14.8063,99.50,-0.627,26
1790510022.1,1.2770,-14.7786,99.47,0.316,24
1790510022.2,1.2708,-14.7411,99.50,0.017,25
1790510022.3,1.2652,-14.7082,99.51,0.262,25
1790510022.4,1.2601,-14.6772,99.53,0.094,23
1790510022.5,1.2547,-14.6450,99.50,0.063,25
1790510022.6,1.2486,-14.6095,99.56,0.185,26
1790510022.7,1.2423,-14.5720,99.55,-0.104,26
1790510022.8,1.2367,-14.5383,99.59,0.286,25
1790510022.9,1.2316,-14.5086,99.59,0.056,26
1790510023.0,1.2261,-14.4757,99.63,0.506,26
1790510023.1,1.2208,-14.4448,99.61,-0.203,25
1790510023.2,1.2144,-14.4070,99.65,0.342,26
1790510023.3,1.2094,-14.3771,99.65,-0.097,27
1790510023.4,1.2045,-14.3484,99.65,0.347,27
1790510023.5,1.1984,-14.3132,99.67,-0.122,24
1790510023.6,1.1927,-14.2794,99.67,0.263,25
1790510023.7,1.1878,-14.2506,99.70,0.161,24
1790510023.8,1.1814,-14.2131,99.68,0.106,25
1790510023.9,1.1753,-14.1772,99.72,0.245,27
1790510024.0,1.1708,-14.1507,99.70,-0.061,23
1790510024.1,1.1640,-14.1125,99.74,0.247,26
1790510024.2,1.1587,-14.0817,99.72,-0.292,26
1790510024.3,1.1548,-14.0598,99.75,0.218,26
1790510024.4,1.1492,-14.0266,99.74,-0.063,27
1790510024.5,1.1421,-13.9854,99.78,0.443,24
1790510024.6,1.1362,-13.9507,99.83,0.120,25
1790510024.7,1.1308,-13.9198,99.82,0.348,26
1790510024.8,1.1250,-13.8870,99.84,0.278,25
1790510024.9,1.1183,-13.8480,99.79,0.066,26
1790510025.0,1.1136,-13.8216,99.86,0.086,26
1790510025.1,1.1077,-13.7870,99.80,-0.290,25
1790510025.2,1.1022,-13.7552,99.84,0.406,26
1790510025.3,1.0968,-13.7235,99.83,-0.314,24
1790510025.4,1.0910,-13.6911,99.87,0.314,27
1790510025.5,1.0851,-13.6567,99.88,-0.293,24
1790510025.6,1.0800,-13.6285,99.91,0.392,22
1790510025.7,1.0725,-13.5858,99.92,-0.108,26
1790510025.8,1.0667,-13.5527,99.93,0.525,26
1790510025.9,1.0598,-13.5143,99.95,-0.175,27
1790510026.0,1.0533,-13.4769,99.97,0.262,26
1790510026.1,1.0481,-13.4484,99.99,0.020,24
1790510026.2,1.0416,-13.4110,100.00,0.209,26
1790510026.3,1.0357,-13.3781,100.01,-0.083,25
1790510026.4,1.0297,-13.3443,100.04,0.485,25
1790510026.5,1.0229,-13.3057,100.03,-0.228,25
1790510026.6,1.0171,-13.2734,100.05,0.400,26
1790510026.7,1.0102,-13.2344,100.05,-0.166,26
1790510026.8,1.0037,-13.1976,100.08,0.398,26
1790510026.9,0.9988,-13.1702,100.10,-0.019,26
1790510027.0,0.9931,-13.1388,100.13,0.464,24
1790510027.1,0.9857,-13.0970,100.12,-0.333,24
1790510027.2,0.9791,-13.0608,100.15,0.322,26
1790510027.3,0.9727,-13.0245,100.15,-0.210,24
1790510027.4,0.9667,-12.9907,100.18,0.608,25
1790510027.5,0.9611,-12.9601,100.17,-0.127,24
1790510027.6,0.9547,-12.9242,100.21,0.453,25
1790510027.7,0.9485,-12.8902,100.20,-0.261,23
1790510027.8,0.9434,-12.8613,100.17,-1.697,26
1790510027.9,0.9385,-12.8333,98.94,-13.912,24
1790510028.0,0.9356,-12.8127,97.33,-18.731,25
1790510028.1,0.9338,-12.7896,95.24,-20.515,25
1790510028.2,0.9333,-12.7640,93.27,-17.629,26
1790510028.3,0.9356,-12.7337,91.86,-11.576,26
1790510028.4,0.9364,-12.7077,91.54,-2.800,25
1790510028.5,0.9372,-12.6738,91.56,0.377,24
1790510028.6,0.9365,-12.6405,91.52,-0.305,26
1790510028.7,0.9354,-12.6010,91.50,-0.353,25
1790510028.8,0.9344,-12.5635,91.51,-0.139,25
1790510028.9,0.9334,-12.5248,91.46,-0.450,23
1790510029.0,0.9328,-12.4977,91.47,0.419,25
1790510029.1,0.9318,-12.4578,91.49,0.031,27
1790510029.2,0.9310,-12.4277,91.45,-0.535,23
1790510029.3,0.9297,-12.3801,91.46,0.054,25
1790510029.4,0.9286,-12.3410,91.49,0.031,26
1790510029.5,0.9278,-12.3045,91.46,0.032,24
1790510029.6,0.9268,-12.2686,91.46,0.008,26
1790510029.7,0.9258,-12.2263,91.50,0.603,28
1790510029.8,0.9248,-12.1876,91.46,-0.558,25
1790510029.9,0.9238,-12.1515,91.50,0.361,26
1790510030.0,0.9229,-12.1161,91.49,-0.289,25
1790510030.1,0.9219,-12.0783,91.53,0.458,24
1790510030.2,0.9209,-12.0415,91.49,-0.283,26
1790510030.3,0.9198,-11.9995,91.53,0.160,26
1790510030.4,0.9187,-11.9596,91.51,-0.142,23
1790510030.5,0.9178,-11.9225,91.47,-0.523,26
1790510030.6,0.9174,-11.9063,91.48,0.391,24
1790510030.7,0.9157,-11.8464,91.49,-0.268,27
1790510030.8,0.9152,-11.8244,91.52,0.501,27
1790510030.9,0.9140,-11.7796,91.52,-0.048,25
1790510031.0,0.9128,-11.7369,91.55,0.386,27
1790510031.1,0.9118,-11.6987,91.51,-0.503,25
1790510031.2,0.9106,-11.6558,91.54,0.489,25
1790510031.3,0.9097,-11.6221,91.54,-0.141,27
1790510031.4,0.9086,-11.5809,91.60,0.886,23
1790510031.5,0.9074,-11.5359,91.56,-0.620,26
1790510031.6,0.9063,-11.4974,91.63,0.620,26
1790510031.7,0.9053,-11.4604,91.61,-0.234,23
1790510031.8,0.9041,-11.4212,91.63,0.131,25
1790510031.9,0.9031,-11.3838,91.64,0.271,26
1790510032.0,0.9019,-11.3448,91.68,0.132,21
1790510032.1,0.9007,-11.3046,91.68,0.176,23
1790510032.2,0.8994,-11.2614,91.72,0.117,25
1790510032.3,0.8987,-11.2378,91.71,0.137,24
1790510032.4,0.8972,-11.1886,91.74,0.081,28
1790510032.5,0.8960,-11.1508,91.74,0.110,26
1790510032.6,0.8949,-11.1136,91.76,0.009,25
1790510032.7,0.8938,-11.0764,91.76,0.189,26
1790510032.8,0.8925,-11.0368,91.78,0.006,25
1790510032.9,0.8913,-10.9982,91.79,0.294,25
1790510033.0,0.8901,-10.9598,91.78,-0.159,25
1790510033.1,0.8888,-10.9220,91.82,0.384,26
1790510033.2,0.8877,-10.8843,91.82,0.012,27
1790510033.3,0.8865,-10.8461,91.83,0.279,26
1790510033.4,0.8851,-10.8053,91.86,0.251,27
1790510033.5,0.8839,-10.7679,91.88,0.211,23
1790510033.6,0.8825,-10.7262,91.89,0.111,22
1790510033.7,0.8812,-10.6895,91.90,-0.122,28
1790510033.8,0.8800,-10.6535,91.91,0.217,24
1790510033.9,0.8794,-10.6320,91.92,0.070,24
1790510034.0,0.8774,-10.5742,91.95,0.360,25
1790510034.1,0.8761,-10.5363,91.96,-0.012,25
1790510034.2,0.8747,-10.4969,91.98,0.376,23
1790510034.3,0.8732,-10.4559,91.99,-0.114,25
1790510034.4,0.8719,-10.4161,92.01,0.262,24
1790510034.5,0.8706,-10.3803,92.02,0.082,26
1790510034.6,0.8693,-10.3422,92.04,0.210,26
1790510034.7,0.8678,-10.3005,92.06,0.102,22
1790510034.8,0.8664,-10.2636,92.09,0.323,27
1790510034.9,0.8649,-10.2213,92.11,0.125,26
1790510035.0,0.8643,-10.2045,92.11,0.314,28
1790510035.1,0.8621,-10.1478,92.14,-0.055,26
1790510035.2,0.8606,-10.1081,92.17,0.359,27
1790510035.3,0.8590,-10.0658,92.16,-0.126,22
1790510035.4,0.8574,-10.0241,92.20,0.325,24
1790510035.5,0.8558,-9.9826,92.19,-0.146,27
1790510035.6,0.8546,-9.9519,92.22,0.207,25
1790510035.7,0.8531,-9.9124,92.22,-0.020,25
1790510035.8,0.8516,-9.8748,92.26,0.353,25
1790510035.9,0.8502,-9.8389,92.24,0.007,22
1790510036.0,0.8482,-9.7890,92.27,0.292,25
1790510036.1,0.8467,-9.7487,92.28,0.190,25
1790510036.2,0.8451,-9.7102,92.33,0.222,25
1790510036.3,0.8435,-9.6711,92.30,-0.189,24
1790510036.4,0.8420,-9.6327,92.34,0.254,26
1790510036.5,0.8405,-9.5970,92.36,0.390,28
1790510036.6,0.8388,-9.5557,92.36,-0.332,27
1790510036.7,0.8373,-9.5201,92.37,0.374,26
1790510036.8,0.8355,-9.4772,92.38,-0.052,25
1790510036.9,0.8340,-9.4408,92.42,0.437,24
1790510037.0,0.8323,-9.4012,92.40,-0.405,26
1790510037.1,0.8305,-9.3591,92.45,0.693,27
1790510037.2,0.8297,-9.3392,92.45,-0.148,26
1790510037.3,0.8273,-9.2863,92.46,-0.015,23
1790510037.4,0.8255,-9.2432,92.49,0.528,27
1790510037.5,0.8238,-9.2051,92.51,0.062,25
1790510037.6,0.8221,-9.1661,92.53,0.197,25
1790510037.7,0.8204,-9.1284,92.54,0.044,24
1790510037.8,0.8187,-9.0902,92.58,0.297,27
1790510037.9,0.8171,-9.0532,92.55,0.175,23
1790510038.0,0.8152,-9.0128,92.60,-0.046,26
1790510038.1,0.8134,-8.9720,92.60,0.353,27
1790510038.2,0.8116,-8.9342,92.60,-0.217,25
1790510038.3,0.8097,-8.8943,92.64,0.413,25
1790510038.4,0.8080,-8.8563,92.63,-0.075,24
1790510038.5,0.8060,-8.8136,92.67,0.430,27
1790510038.6,0.8041,-8.7733,92.68,0.114,26
1790510038.7,0.8022,-8.7358,92.72,0.340,26
1790510038.8,0.8004,-8.6961,92.73,0.170,24
1790510038.9,0.7987,-8.6638,92.75,-0.056,25
1790510039.0,0.7970,-8.6240,92.74,0.069,25
1790510039.1,0.7950,-8.5844,92.76,0.057,25
1790510039.2,0.7929,-8.5418,92.78,0.396,25
1790510039.3,0.7910,-8.5016,92.78,-0.048,26
1790510039.4,0.7891,-8.4624,92.80,0.248,26
1790510039.5,0.7872,-8.4252,92.81,-0.048,24
1790510039.6,0.7851,-8.3840,92.84,0.256,25
1790510039.7,0.7833,-8.3469,92.85,0.126,27
1790510039.8,0.7814,-8.3092,92.86,0.267,25
1790510039.9,0.7790,-8.2636,92.89,0.035,25
1790510040.0,0.7773,-8.2293,92.92,0.386,25
1790510040.1,0.7752,-8.1894,92.92,0.017,25
1790510040.2,0.7732,-8.1498,92.96,0.280,27
1790510040.3,0.7710,-8.1083,92.95,-0.078,25
1790510040.4,0.7688,-8.0662,92.98,0.218,25
1790510040.5,0.7677,-8.0454,92.97,-0.012,25
1790510040.6,0.7657,-8.0064,92.99,0.176,25
1790510040.7,0.7637,-7.9684,92.99,0.005,24
1790510040.8,0.7610,-7.9158,93.00,0.035,27
1790510040.9,0.7588,-7.8758,93.02,0.147,27
1790510041.0,0.7567,-7.8340,93.03,0.071,25
1790510041.1,0.7545,-7.7928,93.04,0.130,27
1790510041.2,0.7525,-7.7559,93.07,0.273,26
1790510041.3,0.7504,-7.7176,93.09,0.290,24
1790510041.4,0.7480,-7.6700,93.11,0.086,26
1790510041.5,0.7459,-7.6317,93.11,-0.021,24
1790510041.6,0.7435,-7.5867,93.11,0.065,24
1790510041.7,0.7414,-7.5480,93.14,0.237,24
1790510041.8,0.7391,-7.5062,93.15,0.114,26
1790510041.9,0.7370,-7.4669,93.16,0.069,25
1790510042.0,0.7346,-7.4250,93.17,0.158,24
1790510042.1,0.7326,-7.3885,93.17,-0.123,26
1790510042.2,0.7314,-7.3670,93.19,0.290,24
1790510042.3,0.7285,-7.3145,93.22,0.180,25
1790510042.4,0.7263,-7.2765,93.26,0.336,25
1790510042.5,0.7238,-7.2323,93.25,0.054,26
1790510042.6,0.7215,-7.1922,93.28,0.151,24
1790510042.7,0.7192,-7.1536,93.29,0.234,26
1790510042.8,0.7172,-7.1181,93.31,-0.038,23
1790510042.9,0.7149,-7.0781,93.31,-0.002,28
1790510043.0,0.7127,-7.0418,93.24,-1.936,26
1790510043.1,0.7105,-7.0000,92.84,-3.765,25
1790510043.2,0.7088,-6.9602,92.22,-6.220,28
1790510043.3,0.7077,-6.9247,91.58,-7.185,24
1790510043.4,0.7071,-6.8832,90.56,-9.633,26
1790510043.5,0.7070,-6.8467,89.68,-9.513,25
1790510043.6,0.7083,-6.8025,88.63,-9.700,27
1790510043.7,0.7096,-6.7655,87.85,-6.586,25
1790510043.8,0.7113,-6.7283,87.46,-3.340,25
1790510043.9,0.7128,-6.7093,87.47,-0.681,27
1790510044.0,0.7151,-6.6588,87.44,0.241,24
1790510044.1,0.7168,-6.6222,87.39,-0.319,28
1790510044.2,0.7185,-6.5825,87.43,0.189,25
1790510044.3,0.7202,-6.5460,87.35,-0.701,25
1790510044.4,0.7220,-6.5056,87.36,0.337,26
1790510044.5,0.7238,-6.4685,87.35,-0.187,26
1790510044.6,0.7255,-6.4302,87.39,0.062,24
1790510044.7,0.7276,-6.3854,87.32,-0.314,24
1790510044.8,0.7294,-6.3465,87.38,0.301,28
1790510044.9,0.7313,-6.3058,87.36,0.020,26
1790510045.0,0.7330,-6.2694,87.34,-0.562,26
1790510045.1,0.7349,-6.2280,87.34,0.463,25
1790510045.2,0.7367,-6.1895,87.36,-0.247,24
1790510045.3,0.7388,-6.1461,87.38,0.351,24
1790510045.4,0.7407,-6.1061,87.33,-0.373,25
1790510045.5,0.7415,-6.0877,87.36,0.280,23
1790510045.6,0.7436,-6.0412,87.32,-0.218,25
1790510045.7,0.7459,-5.9913,87.38,0.188,23
1790510045.8,0.7480,-5.9465,87.36,0.058,25
1790510045.9,0.7498,-5.9082,87.41,0.012,26
1790510046.0,0.7509,-5.8828,87.38,0.392,25
1790510046.1,0.7532,-5.8312,87.41,-0.384,26
1790510046.2,0.7551,-5.7915,87.42,0.436,24
1790510046.3,0.7570,-5.7486,87.42,-0.301,26
1790510046.4,0.7588,-5.7081,87.45,0.525,26
1790510046.5,0.7603,-5.6732,87.43,-0.434,25
1790510046.6,0.7622,-5.6297,87.48,0.690,27
1790510046.7,0.7638,-5.5945,87.46,-0.254,26
1790510046.8,0.7657,-5.5519,87.49,0.361,24
1790510046.9,0.7675,-5.5099,87.44,-0.336,25
1790510047.0,0.7691,-5.4722,87.49,0.263,26
1790510047.1,0.7709,-5.4320,87.48,0.193,27
1790510047.2,0.7718,-5.4111,87.52,-0.290,23
1790510047.3,0.7737,-5.3686,87.47,0.268,27
1790510047.4,0.7760,-5.3148,87.53,-0.195,25
1790510047.5,0.7774,-5.2829,87.50,0.582,26
1790510047.6,0.7794,-5.2359,87.55,-0.282,25
1790510047.7,0.7811,-5.1962,87.60,0.569,26
1790510047.8,0.7828,-5.1557,87.59,-0.075,25
1790510047.9,0.7844,-5.1175,87.64,0.266,26
1790510048.0,0.7862,-5.0741,87.61,0.007,24
1790510048.1,0.7879,-5.0323,87.65,0.182,26
1790510048.2,0.7894,-4.9951,87.63,0.123,25
1790510048.3,0.7911,-4.9532,87.67,0.163,26
1790510048.4,0.7929,-4.9103,87.68,0.275,24
1790510048.5,0.7944,-4.8719,87.70,0.099,27
1790510048.6,0.7960,-4.8331,87.71,0.160,26
1790510048.7,0.7977,-4.7878,87.73,-0.156,25
1790510048.8,0.7993,-4.7464,87.74,0.284,28
1790510048.9,0.8006,-4.7132,87.75,-0.219,26
1790510049.0,0.8022,-4.6753,87.77,0.536,25
1790510049.1,0.8038,-4.6300,87.76,-0.157,26
1790510049.2,0.8053,-4.5931,87.81,0.595,25
1790510049.3,0.8069,-4.5513,87.79,-0.246,26
1790510049.4,0.8083,-4.5135,87.84,0.557,25
1790510049.5,0.8097,-4.4759,87.79,-0.398,24
1790510049.6,0.8112,-4.4347,87.86,0.381,26
1790510049.7,0.8129,-4.3943,87.83,-0.012,25
1790510049.8,0.8145,-4.3511,87.88,0.008,25
1790510049.9,0.8159,-4.3146,87.86,0.211,26
1790510050.0,0.8174,-4.2722,87.88,-0.096,25
1790510050.1,0.8188,-4.2358,87.92,0.441,27
1790510050.2,0.8203,-4.1935,87.90,-0.124,22
1790510050.3,0.8220,-4.1533,87.95,0.540,26
1790510050.4,0.8233,-4.1121,87.95,0.101,28
1790510050.5,0.8240,-4.0920,87.98,0.414,26
1790510050.6,0.8261,-4.0336,87.97,-0.051,26
1790510050.7,0.8274,-3.9958,88.00,0.166,24
1790510050.8,0.8287,-3.9581,88.00,0.216,25
1790510050.9,0.8300,-3.9188,88.04,0.025,23
1790510051.0,0.8314,-3.8798,88.05,0.292,25
1790510051.1,0.8326,-3.8412,88.07,-0.159,27
1790510051.2,0.8339,-3.8020,88.08,0.540,23
1790510051.3,0.8354,-3.7594,88.07,-0.420,25
1790510051.4,0.8366,-3.7209,88.11,0.527,26
1790510051.5,0.8378,-3.6802,88.09,-0.190,25
1790510051.6,0.8391,-3.6411,88.13,0.484,24
1790510051.7,0.8404,-3.6014,88.12,0.100,23
1790510051.8,0.8417,-3.5610,88.18,0.372,26
1790510051.9,0.8430,-3.5181,88.19,0.271,25
1790510052.0,0.8441,-3.4814,88.21,0.032,27
1790510052.1,0.8455,-3.4407,88.21,0.222,24
1790510052.2,0.8460,-3.4217,88.22,0.065,26
1790510052.3,0.8472,-3.3821,88.19,0.317,25
1790510052.4,0.8489,-3.3248,88.49,3.605,25
1790510052.5,0.8499,-3.2869,89.02,5.441,23
1790510052.6,0.8493,-3.2584,89.52,7.214,25
1790510052.7,0.8490,-3.2120,90.52,5.889,26
1790510052.8,0.8481,-3.1815,90.40,0.254,26
1790510052.9,0.8466,-3.1420,90.49,0.371,24
1790510053.0,0.8464,-3.1136,90.56,0.237,25
1790510053.1,0.8460,-3.0814,90.60,0.264,27
1790510053.2,0.8456,-3.0476,90.66,0.655,24
1790510053.3,0.8452,-3.0178,90.67,0.210,24
1790510053.4,0.8448,-2.9871,90.71,0.400,21
1790510053.5,0.8444,-2.9534,90.72,0.051,25
1790510053.6,0.8440,-2.9228,90.74,0.324,26
1790510053.7,0.8435,-2.8885,90.79,0.445,26
1790510053.8,0.8431,-2.8551,90.82,0.297,24
1790510053.9,0.8428,-2.8399,90.84,0.015,26
1790510054.0,0.8420,-2.7967,90.86,0.205,24
1790510054.1,0.8416,-2.7665,90.90,0.494,27
1790510054.2,0.8411,-2.7331,90.93,0.240,26
1790510054.3,0.8406,-2.7017,90.96,0.293,24
1790510054.4,0.8400,-2.6687,90.96,0.208,26
1790510054.5,0.8395,-2.6386,90.97,0.385,27
1790510054.6,0.8388,-2.6049,91.00,0.181,25
1790510054.7,0.8383,-2.5741,91.01,-0.112,26
1790510054.8,0.8374,-2.5361,91.04,0.222,27
1790510054.9,0.8367,-2.5039,91.09,0.393,26
1790510055.0,0.8361,-2.4754,91.12,0.352,27
1790510055.1,0.8353,-2.4400,91.12,0.113,25
1790510055.2,0.8349,-2.4115,91.14,0.154,23
1790510055.3,0.8341,-2.3801,91.16,0.179,26
1790510055.4,0.8335,-2.3483,91.16,0.052,24
1790510055.5,0.8331,-2.3241,91.18,0.136,26
1790510055.6,0.8323,-2.2914,91.19,0.099,24
1790510055.7,0.8317,-2.2577,91.23,0.032,25
1790510055.8,0.8310,-2.2263,91.24,0.277,24
1790510055.9,0.8303,-2.1942,91.25,0.137,25
1790510056.0,0.8299,-2.1683,91.25,0.159,26
1790510056.1,0.8290,-2.1322,91.28,0.328,24
1790510056.2,0.8282,-2.1006,91.30,0.226,27
1790510056.3,0.8274,-2.0669,91.31,0.102,27
1790510056.4,0.8267,-2.0365,91.34,0.228,25
1790510056.5,0.8260,-2.0044,91.35,0.104,26
1790510056.6,0.8250,-1.9693,91.38,0.093,25
1790510056.7,0.8245,-1.9401,91.38,0.176,26
1790510056.8,0.8236,-1.9053,91.40,0.208,27
1790510056.9,0.8228,-1.8694,91.42,0.235,26
1790510057.0,0.8219,-1.8341,91.42,0.120,25
1790510057.1,0.8210,-1.8017,91.44,0.087,26
1790510057.2,0.8202,-1.7718,91.45,0.307,25
1790510057.3,0.8194,-1.7429,91.46,-0.038,24
1790510057.4,0.8185,-1.7108,91.48,0.313,23
1790510057.5,0.8176,-1.6746,91.49,-0.047,24
1790510057.6,0.8167,-1.6424,91.52,0.210,28
1790510057.7,0.8159,-1.6114,91.54,0.291,25
1790510057.8,0.8151,-1.5805,91.56,0.162,25
1790510057.9,0.8141,-1.5464,91.58,0.240,25
1790510058.0,0.8130,-1.5106,91.60,0.242,25
1790510058.1,0.8122,-1.4793,91.62,0.125,22
1790510058.2,0.8112,-1.4466,91.62,0.007,26
1790510058.3,0.8102,-1.4113,91.64,0.231,22
1790510058.4,0.8095,-1.3848,91.64,0.067,25
1790510058.5,0.8084,-1.3451,91.67,0.326,26
1790510058.6,0.8074,-1.3126,91.67,-0.010,23
1790510058.7,0.8064,-1.2797,91.69,0.268,25
1790510058.8,0.8054,-1.2514,91.69,-0.064,27
1790510058.9,0.8045,-1.2209,91.72,0.145,24
1790510059.0,0.8034,-1.1829,91.73,0.118,23
1790510059.1,0.8024,-1.1538,91.77,0.264,22
1790510059.2,0.8014,-1.1194,91.81,0.223,25
1790510059.3,0.8004,-1.0897,91.81,0.186,25
1790510059.4,0.7993,-1.0561,91.83,0.252,27
1790510059.5,0.7982,-1.0256,91.85,0.166,26
1790510059.6,0.7971,-0.9911,91.85,0.241,26
1790510059.7,0.7961,-0.9556,91.87,0.138,26
1790510059.8,0.7949,-0.9287,91.86,0.128,26
1790510059.9,0.7938,-0.8935,91.89,0.220,25
1790510060.0,0.7928,-0.8639,91.91,0.108,24
1790510060.1,0.7916,-0.8271,91.91,-0.027,26
1790510060.2,0.7905,-0.7917,91.93,0.183,27
1790510060.3,0.7894,-0.7643,91.93,-0.029,25
1790510060.4,0.7882,-0.7296,91.96,0.185,24
1790510060.5,0.7871,-0.6963,91.99,0.060,25
1790510060.6,0.7859,-0.6668,92.00,0.127,27
1790510060.7,0.7848,-0.6364,92.03,0.335,25
1790510060.8,0.7839,-0.6060,92.04,0.234,24
1790510060.9,0.7826,-0.5709,92.04,0.067,25
1790510061.0,0.7813,-0.5391,92.06,0.390,26
1790510061.1,0.7800,-0.5037,92.08,0.031,24
1790510061.2,0.7788,-0.4726,92.06,-0.094,25
1790510061.3,0.7776,-0.4398,92.07,0.035,24
1790510061.4,0.7764,-0.4082,92.08,-0.017,23
1790510061.5,0.7754,-0.3775,92.11,0.285,26
1790510061.6,0.7742,-0.3489,92.11,-0.055,25
1790510061.7,0.7729,-0.3138,92.14,0.186,25
1790510061.8,0.7718,-0.2824,92.14,0.024,24
1790510061.9,0.7707,-0.2550,92.16,0.364,25
1790510062.0,0.7694,-0.2215,92.17,-0.095,23
1790510062.1,0.7683,-0.1916,92.16,0.136,27
1790510062.2,0.7670,-0.1608,92.18,0.042,24
1790510062.3,0.7658,-0.1262,92.19,-0.006,26
1790510062.4,0.7641,-0.0913,92.23,0.247,25
1790510062.5,0.7628,-0.0548,92.23,-0.123,27
1790510062.6,0.7616,-0.0279,92.26,0.407,21
1790510062.7,0.7603,0.0063,92.26,0.046,24
1790510062.8,0.7592,0.0402,92.27,0.323,26
1790510062.9,0.7580,0.0664,92.25,-0.451,24
1790510063.0,0.7570,0.0934,92.26,-0.471,27
1790510063.1,0.7563,0.1094,92.21,0.528,26
1790510063.2,0.7562,0.1155,92.21,-0.159,26
1790510063.3,0.7562,0.1142,92.21,-0.095,25
1790510063.4,0.7563,0.1129,92.21,0.040,25
1790510063.5,0.7564,0.1097,92.22,0.026,26
1790510063.6,0.7564,0.1102,92.22,0.021,23
1790510063.7,0.7564,0.1094,92.22,0.010,23
1790510063.8,0.7564,0.1090,92.22,0.037,25
1790510063.9,0.7564,0.1100,92.22,0.008,25
1790510064.0,0.7564,0.1102,92.22,0.026,25
1790510064.1,0.7563,0.1113,92.22,0.007,25
1790510064.2,0.7564,0.1102,92.23,0.029,25
1790510064.3,0.7564,0.1104,92.23,0.003,26
1790510064.4,0.7564,0.1101,92.23,-0.012,26
1790510064.5,0.7564,0.1104,92.23,-0.013,25
1790510064.6,0.7564,0.1101,92.23,-0.010,26
1790510064.7,0.7564,0.1106,92.22,-0.015,26
1790510064.8,0.7564,0.1106,92.22,0.009,23
1790510064.9,0.7564,0.1107,92.22,-0.014,25
1790510065.0,0.7564,0.1101,92.22,-0.013,25
1790510065.1,0.7564,0.1105,92.22,-0.022,24
1790510065.2,0.7564,0.1102,92.22,-0.024,23
1790510065.3,0.7564,0.1105,92.22,0.047,26
1790510065.4,0.7564,0.1104,92.22,-0.023,24
1790510065.5,0.7564,0.1108,92.22,0.007,24
1790510065.6,0.7564,0.1107,92.22,-0.010,25
1790510065.7,0.7564,0.1106,92.22,0.060,25
1790510065.8,0.7564,0.1106,92.22,-0.001,29
1790510065.9,0.7563,0.1112,92.22,0.029,25
1790510066.0,0.7564,0.1100,92.22,0.034,25
1790510066.1,0.7564,0.1104,92.22,-0.015,27
1790510066.2,0.7564,0.1106,92.23,0.028,26
1790510066.3,0.7564,0.1106,92.23,-0.019,27
1790510066.4,0.7564,0.1107,92.23,-0.046,27
1790510066.5,0.7564,0.1104,92.22,-0.004,24
1790510066.6,0.7564,0.1098,92.21,-0.045,24
1790510066.7,0.7564,0.1103,92.21,0.003,28
1790510066.8,0.7564,0.1096,92.21,0.033,28
1790510066.9,0.7563,0.1108,92.22,0.037,25
1790510067.0,0.7564,0.1107,92.21,-0.003,24
1790510067.1,0.7563,0.1108,92.21,-0.018,27
1790510067.2,0.7564,0.1106,92.21,0.009,24
1790510067.3,0.7564,0.1106,92.21,0.016,25
1790510067.4,0.7563,0.1114,92.21,0.003,27
1790510067.5,0.7563,0.1111,92.21,-0.044,26
1790510067.6,0.7563,0.1109,92.21,-0.014,26
1790510067.7,0.7563,0.1114,92.21,-0.010,25
1790510067.8,0.7563,0.1107,92.20,-0.035,28
1790510067.9,0.7564,0.1107,92.21,0.036,26
1790510068.0,0.7563,0.1108,92.21,-0.012,24
1790510068.1,0.7563,0.1110,92.20,-0.030,26
1790510068.2,0.7563,0.1111,92.20,0.007,25
1790510068.3,0.7563,0.1108,92.21,0.033,26
1790510068.4,0.7563,0.1108,92.21,0.014,23
1790510068.5,0.7563,0.1109,92.20,-0.038,26
1790510068.6,0.7564,0.1105,92.21,0.018,25
1790510068.7,0.7564,0.1102,92.21,0.007,25
1790510068.8,0.7563,0.1109,92.21,-0.026,22
1790510068.9,0.7563,0.1109,92.20,-0.000,27
1790510069.0,0.7563,0.1108,92.20,0.037,26
1790510069.1,0.7564,0.1106,92.20,-0.027,23
1790510069.2,0.7564,0.1091,92.21,-0.000,25
1790510069.3,0.7565,0.1081,92.21,-0.011,25
1790510069.4,0.7564,0.1083,92.21,-0.021,24
1790510069.5,0.7564,0.1082,92.20,0.014,24
1790510069.6,0.7565,0.1081,92.21,0.028,26
1790510069.7,0.7564,0.1087,92.21,0.011,26
1790510069.8,0.7564,0.1084,92.21,-0.018,24
1790510069.9,0.7564,0.1085,92.21,0.010,25
1790510070.0,0.7565,0.1082,92.21,0.029,25
1790510070.1,0.7564,0.1085,92.21,0.029,25
1790510070.2,0.7564,0.1085,92.21,-0.011,26
1790510070.3,0.7564,0.1086,92.21,0.018,25
1790510070.4,0.7564,0.1089,92.21,-0.008,26
1790510070.5,0.7564,0.1091,92.21,-0.072,25
1790510070.6,0.7564,0.1092,92.21,0.014,26
1790510070.7,0.7564,0.1092,92.21,0.015,24
1790510070.8,0.7564,0.1087,92.21,0.010,24
1790510070.9,0.7564,0.1097,92.21,0.007,25
1790510071.0,0.7564,0.1102,92.20,-0.024,25
1790510071.1,0.7564,0.1105,92.21,0.016,25
1790510071.2,0.7564,0.1102,92.21,-0.032,25
1790510071.3,0.7564,0.1102,92.21,0.032,24
1790510071.4,0.7564,0.1094,92.21,0.026,26
1790510071.5,0.7564,0.1096,92.21,0.037,26
1790510071.6,0.7564,0.1096,92.22,-0.001,24
1790510071.7,0.7564,0.1096,92.08,-3.472,28
1790510071.8,0.7564,0.1090,90.45,-21.663,23
1790510071.9,0.7564,0.1098,86.31,-48.088,26
1790510072.0,0.7563,0.1086,80.74,-54.047,23
1790510072.1,0.7572,0.1088,74.97,-52.581,26
1790510072.2,0.7536,0.1023,70.44,-47.224,21
1790510072.3,0.7621,0.1147,65.93,-43.139,27
1790510072.4,0.7635,0.1172,61.94,-37.910,26
1790510072.5,0.7643,0.1178,60.03,-34.578,26
1790510072.6,0.7655,0.1182,56.63,-34.549,26
1790510072.7,0.7754,0.1279,51.87,-34.407,25
1790510072.8,0.7762,0.1280,48.48,-34.435,26
1790510072.9,0.7802,0.1312,45.04,-34.661,25
1790510073.0,0.7871,0.1355,41.62,-34.359,25
1790510073.1,0.7884,0.1361,37.81,-34.847,25
1790510073.2,0.7974,0.1394,34.72,-34.563,25
1790510073.3,0.8052,0.1419,30.89,-35.007,24
1790510073.4,0.8166,0.1461,27.50,-34.102,26
1790510073.5,0.8170,0.1462,24.14,-33.913,26
1790510073.6,0.8218,0.1472,20.84,-33.094,25
1790510073.7,0.8247,0.1477,17.62,-32.376,26
1790510073.8,0.8270,0.1475,14.44,-32.033,27
1790510073.9,0.8349,0.1478,11.28,-30.234,27
1790510074.0,0.8388,0.1478,8.50,-29.799,26
1790510074.1,0.8424,0.1478,5.41,-29.053,26
1790510074.2,0.8428,0.1481,2.74,-27.100,25
1790510074.3,0.8476,0.1476,0.66,-13.189,27
1790510074.4,0.8409,0.1486,0.99,3.092,25
1790510074.5,0.8467,0.1475,1.00,0.351,26
1790510074.6,0.8465,0.1475,1.00,0.087,25
1790510074.7,0.8456,0.1475,1.01,0.046,24
1790510074.8,0.8478,0.1475,1.01,0.086,25
1790510074.9,0.8469,0.1475,1.02,0.030,23
1790510075.0,0.8480,0.1475,1.02,-0.007,23
1790510075.1,0.8477,0.1475,1.02,0.062,27
1790510075.2,0.8483,0.1476,1.02,0.019,25
1790510075.3,0.8476,0.1476,1.02,-0.013,24
1790510075.4,0.8483,0.1476,1.02,0.003,27
1790510075.5,0.8483,0.1476,1.02,-0.020,24
1790510075.6,0.8471,0.1475,1.02,0.012,25
1790510075.7,0.8466,0.1475,1.03,0.017,26
1790510075.8,0.8465,0.1475,1.03,0.013,26
1790510075.9,0.8454,0.1475,1.03,0.016,25
1790510076.0,0.8460,0.1475,1.03,0.034,25
1790510076.1,0.8448,0.1475,1.03,-0.007,28
1790510076.2,0.8461,0.1475,1.03,-0.017,26
1790510076.3,0.8449,0.1475,1.03,-0.005,26
1790510076.4,0.8460,0.1475,1.03,0.019,26
1790510076.5,0.8461,0.1475,1.02,0.005,26
1790510076.6,0.8452,0.1475,1.03,0.002,25
1790510076.7,0.8449,0.1475,1.02,-0.019,27
1790510076.8,0.8448,0.1475,1.02,-0.040,23
1790510076.9,0.8433,0.1475,1.02,-0.028,24
1790510077.0,0.8438,0.1475,1.03,0.017,27
1790510077.1,0.8430,0.1475,1.02,0.012,25
1790510077.2,0.8430,0.1475,1.02,0.019,25
1790510077.3,0.8421,0.1475,1.02,-0.008,24
1790510077.4,0.8421,0.1475,1.02,0.003,26
1790510077.5,0.8426,0.1475,1.02,-0.037,25
1790510077.6,0.8429,0.1475,1.02,0.015,26
1790510077.7,0.8442,0.1475,1.02,-0.021,27
1790510077.8,0.8429,0.1475,1.02,-0.001,26
1790510077.9,0.8440,0.1475,1.02,-0.027,23
1790510078.0,0.8444,0.1475,1.02,-0.020,28
1790510078.1,0.8466,0.1475,0.80,-3.685,25
1790510078.2,0.8568,0.1477,0.59,-0.613,26
1790510078.3,0.8735,0.1479,0.67,0.319,26
1790510078.4,0.9023,0.1480,0.65,0.865,25
1790510078.5,0.9347,0.1484,0.51,-1.132,22
1790510078.6,0.9634,0.1486,0.63,0.350,25
1790510078.7,0.9867,0.1489,0.66,0.100,27
1790510078.8,1.0133,0.1492,0.60,-0.146,27
1790510078.9,1.0461,0.1497,0.62,0.342,26
1790510079.0,1.0755,0.1500,0.62,-0.372,23
1790510079.1,1.1100,0.1504,0.63,-0.096,25
1790510079.2,1.1373,0.1507,0.65,0.088,26
1790510079.3,1.1698,0.1510,0.66,0.317,24
1790510079.4,1.1978,0.1514,0.66,0.231,27
1790510079.5,1.2148,0.1515,0.65,-0.292,25
1790510079.6,1.2504,0.1519,0.65,0.192,23
1790510079.7,1.2785,0.1523,0.69,0.155,25
1790510079.8,1.3100,0.1526,0.70,0.295,26
1790510079.9,1.3437,0.1530,0.73,0.473,26
1790510080.0,1.3714,0.1534,0.70,-0.143,25
1790510080.1,1.3998,0.1538,0.73,0.174,25
1790510080.2,1.4280,0.1542,0.77,0.119,21
1790510080.3,1.4636,0.1548,0.77,0.229,26
1790510080.4,1.4886,0.1551,0.76,0.388,24
1790510080.5,1.5216,0.1555,0.74,-0.177,25
1790510080.6,1.5483,0.1559,0.76,0.085,26
1790510080.7,1.5753,0.1562,0.77,-0.039,22
1790510080.8,1.6053,0.1566,0.78,0.248,26
1790510080.9,1.6339,0.1570,0.83,0.322,25
1790510081.0,1.6626,0.1574,0.79,-0.206,25
1790510081.1,1.6929,0.1578,0.81,0.174,26
1790510081.2,1.7253,0.1584,0.83,-0.248,26
1790510081.3,1.7628,0.1588,0.84,0.217,25
1790510081.4,1.7902,0.1591,0.88,0.308,26
1790510081.5,1.8214,0.1597,0.85,0.025,25
1790510081.6,1.8374,0.1599,0.86,0.189,25
1790510081.7,1.8638,0.1603,0.89,-0.312,22
1790510081.8,1.9059,0.1610,0.90,0.334,25
1790510081.9,1.9347,0.1614,0.93,0.010,27
1790510082.0,1.9672,0.1619,0.93,0.453,25
1790510082.1,1.9931,0.1623,0.92,0.121,24
1790510082.2,2.0281,0.1630,0.92,-0.119,27
1790510082.3,2.0567,0.1635,0.97,0.231,26
1790510082.4,2.0861,0.1640,0.98,-0.238,25
1790510082.5,2.1008,0.1643,0.94,0.217,23
1790510082.6,2.1456,0.1650,0.99,-0.017,25
1790510082.7,2.1730,0.1655,0.97,0.117,26
1790510082.8,2.2009,0.1660,1.00,0.209,23
1790510082.9,2.2291,0.1665,1.00,-0.292,26
1790510083.0,2.2576,0.1670,1.02,0.323,27
1790510083.1,2.2868,0.1674,1.05,0.261,26
1790510083.2,2.3123,0.1680,1.06,0.151,25
1790510083.3,2.3416,0.1686,1.07,0.249,27
1790510083.4,2.3708,0.1691,1.07,-0.162,27
1790510083.5,2.4033,0.1698,1.10,0.452,25
1790510083.6,2.4350,0.1705,1.14,0.236,28
1790510083.7,2.4585,0.1709,1.12,0.071,25
1790510083.8,2.4883,0.1716,1.15,0.116,26
1790510083.9,2.5116,0.1720,1.16,-0.089,25
1790510084.0,2.5452,0.1728,1.19,0.285,26
1790510084.1,2.5751,0.1734,1.20,0.160,26
1790510084.2,2.6029,0.1740,1.15,-0.155,25
1790510084.3,2.6370,0.1748,1.20,0.078,23
1790510084.4,2.6706,0.1754,1.21,-0.176,27
1790510084.5,2.6962,0.1760,1.23,0.567,22
1790510084.6,2.7294,0.1768,1.23,0.095,25
1790510084.7,2.7572,0.1773,1.20,-0.095,25
1790510084.8,2.7852,0.1778,1.23,0.188,26
1790510084.9,2.8150,0.1786,1.26,-0.093,26
1790510085.0,2.8517,0.1796,1.27,0.398,25
1790510085.1,2.8843,0.1803,1.28,0.125,25
1790510085.2,2.9121,0.1808,1.23,-0.057,24
1790510085.3,2.9407,0.1815,1.27,0.061,26
1790510085.4,2.9702,0.1822,1.27,-0.166,24
1790510085.5,2.9987,0.1828,1.30,0.493,26
1790510085.6,3.0314,0.1835,1.31,0.019,26
1790510085.7,3.0644,0.1844,1.31,0.171,27
1790510085.8,3.0768,0.1847,1.35,0.258,24
1790510085.9,3.1161,0.1856,1.31,-0.382,26
1790510086.0,3.1476,0.1863,1.33,0.263,24
1790510086.1,3.1771,0.1870,1.33,0.082,25
1790510086.2,3.2057,0.1876,1.33,0.227,26
1790510086.3,3.2457,0.1886,1.34,0.122,25
1790510086.4,3.2776,0.1893,1.34,-0.257,25
1790510086.5,3.3052,0.1900,1.37,0.283,24
1790510086.6,3.3355,0.1907,1.40,0.183,25
1790510086.7,3.3655,0.1917,1.42,0.109,25
1790510086.8,3.3916,0.1924,1.42,0.133,23
1790510086.9,3.4200,0.1931,1.42,-0.251,26
1790510087.0,3.4515,0.1939,1.48,0.592,23
1790510087.1,3.4780,0.1946,1.50,0.356,27
1790510087.2,3.5089,0.1954,1.49,0.166,26
1790510087.3,3.5404,0.1963,1.50,-0.015,26
1790510087.4,3.5651,0.1970,1.50,-0.204,26
1790510087.5,3.5964,0.1978,1.50,0.101,27
1790510087.6,3.6318,0.1987,1.55,0.311,26
1790510087.7,3.6570,0.1994,1.54,0.186,27
1790510087.8,3.6885,0.2003,1.55,0.007,24
1790510087.9,3.7095,0.2008,1.52,-0.327,25
1790510088.0,3.7442,0.2018,1.55,0.154,25
1790510088.1,3.7751,0.2027,1.61,0.123,28
1790510088.2,3.8039,0.2035,1.59,0.372,25
1790510088.3,3.8264,0.2041,1.57,0.103,26
1790510088.4,3.8616,0.2051,1.55,-0.379,24
1790510088.5,3.8917,0.2060,1.60,0.053,24
1790510088.6,3.9231,0.2069,1.65,0.196,24
1790510088.7,3.9573,0.2079,1.66,0.367,25
1790510088.8,3.9843,0.2087,1.65,0.421,26
1790510088.9,4.0103,0.2093,1.59,-0.382,26
1790510089.0,4.0385,0.2102,1.64,0.041,26
1790510089.1,4.0695,0.2111,1.67,0.066,24
1790510089.2,4.1028,0.2121,1.69,0.407,26
1790510089.3,4.1317,0.2130,1.68,0.264,26
1790510089.4,4.1584,0.2137,1.64,-0.490,27
1790510089.5,4.1885,0.2146,1.67,0.088,25
1790510089.6,4.2181,0.2155,1.70,0.128,25
1790510089.7,4.2487,0.2163,1.71,0.209,26
1790510089.8,4.2819,0.2174,1.74,0.440,26
1790510089.9,4.3115,0.2184,1.70,-0.395,24
1790510090.0,4.3279,0.2188,1.73,0.165,24
1790510090.1,4.3673,0.2200,1.76,0.141,26
1790510090.2,4.4009,0.2210,1.75,0.062,25
1790510090.3,4.4271,0.2219,1.79,0.378,24
1790510090.4,4.4562,0.2228,1.76,-0.104,25
1790510090.5,4.4856,0.2237,1.79,0.253,28
1790510090.6,4.5139,0.2246,1.82,-0.110,25
1790510090.7,4.5452,0.2257,1.84,0.309,25
1790510090.8,4.5735,0.2265,1.85,0.233,24
1790510090.9,4.6015,0.2275,1.82,0.162,25
1790510091.0,4.6320,0.2285,1.84,0.061,27
1790510091.1,4.6622,0.2294,1.83,-0.282,25
1790510091.2,4.6914,0.2304,1.88,0.134,26
1790510091.3,4.7207,0.2313,1.89,0.027,25
1790510091.4,4.7467,0.2322,1.87,0.370,22
1790510091.5,4.7795,0.2332,1.88,-0.076,27
1790510091.6,4.8080,0.2341,1.87,0.028,24
1790510091.7,4.8386,0.2353,1.92,0.386,25
1790510091.8,4.8688,0.2365,1.91,-0.219,26
1790510091.9,4.8973,0.2373,1.92,0.301,27
1790510092.0,4.9243,0.2382,1.94,0.018,26
1790510092.1,4.9392,0.2387,1.93,0.091,26
1790510092.2,4.9708,0.2400,1.96,0.390,26
1790510092.3,5.0066,0.2412,1.97,-0.277,24
1790510092.4,5.0428,0.2425,1.99,0.123,26
1790510092.5,5.0762,0.2438,2.03,0.117,26
1790510092.6,5.1046,0.2448,2.01,0.202,25
1790510092.7,5.1275,0.2455,2.03,0.153,27
1790510092.8,5.1608,0.2467,2.02,-0.385,26
1790510092.9,5.1887,0.2478,2.05,0.376,27
1790510093.0,5.2221,0.2490,2.07,0.138,24
1790510093.1,5.2514,0.2501,2.05,0.046,26
1790510093.2,5.2800,0.2511,2.06,-0.034,25
1790510093.3,5.3112,0.2522,2.07,-0.204,27
1790510093.4,5.3405,0.2534,2.11,0.292,26
1790510093.5,5.3724,0.2545,2.13,0.208,27
1790510093.6,5.4063,0.2558,2.13,0.321,25
1790510093.7,5.4423,0.2572,2.15,0.082,25
1790510093.8,5.4745,0.2584,2.15,0.143,24
1790510093.9,5.5074,0.2597,2.19,0.150,25
1790510094.0,5.5395,0.2609,2.18,0.173,25
1790510094.1,5.5767,0.2623,2.21,0.186,26
1790510094.2,5.5987,0.2632,2.24,-0.013,23
1790510094.3,5.6315,0.2645,2.24,0.240,26
1790510094.4,5.6734,0.2662,2.26,-0.086,24
1790510094.5,5.7060,0.2674,2.27,0.337,25
1790510094.6,5.7362,0.2688,2.31,0.064,26
1790510094.7,5.7696,0.2701,2.28,0.333,24
1790510094.8,5.8041,0.2714,2.28,-0.038,24
1790510094.9,5.8364,0.2726,2.26,0.165,27
1790510095.0,5.8613,0.2737,2.28,0.176,26
1790510095.1,5.8997,0.2752,2.27,-0.038,25
1790510095.2,5.9345,0.2766,2.30,0.300,25
1790510095.3,5.9720,0.2782,2.32,-0.075,23
1790510095.4,6.0033,0.2794,2.34,0.142,23
1790510095.5,6.0372,0.2809,2.36,-0.085,27
1790510095.6,6.0730,0.2824,2.38,0.391,23
1790510095.7,6.1062,0.2838,2.40,0.029,25
1790510095.8,6.1379,0.2851,2.43,0.569,25
1790510095.9,6.1747,0.2867,2.44,-0.122,27
1790510096.0,6.2058,0.2881,2.43,0.264,25
1790510096.1,6.2390,0.2895,2.45,0.046,24
1790510096.2,6.2717,0.2909,2.45,0.301,26
1790510096.3,6.2880,0.2916,2.46,0.168,22
1790510096.4,6.3233,0.2931,2.47,-0.022,25
1790510096.5,6.3755,0.2952,2.48,0.255,25
1790510096.6,6.4064,0.2965,2.44,-0.071,25
1790510096.7,6.4430,0.2983,2.49,0.208,25
1790510096.8,6.4749,0.2998,2.50,-0.018,25
1790510096.9,6.5124,0.3015,2.56,0.372,26
1790510097.0,6.5420,0.3028,2.57,-0.017,24
1790510097.1,6.5777,0.3044,2.59,0.454,27
1790510097.2,6.6048,0.3057,2.60,0.042,25
1790510097.3,6.6448,0.3076,2.62,0.352,25
1790510097.4,6.6743,0.3089,2.62,0.017,24
1790510097.5,6.7108,0.3105,2.61,0.219,24
1790510097.6,6.7491,0.3122,2.63,-0.012,25
1790510097.7,6.7805,0.3138,2.64,0.326,24
1790510097.8,6.8054,0.3149,2.63,-0.067,28
1790510097.9,6.8400,0.3165,2.63,0.284,23
1790510098.0,6.8763,0.3182,2.65,0.075,23
1790510098.1,6.9120,0.3199,2.65,0.012,26
1790510098.2,6.9435,0.3213,2.67,0.195,24
1790510098.3,6.9811,0.3230,2.66,-0.111,26
1790510098.4,7.0152,0.3247,2.69,0.204,24
1790510098.5,7.0413,0.3259,2.69,-0.275,25
1790510098.6,7.0749,0.3275,2.73,0.377,26
1790510098.7,7.1104,0.3292,2.78,0.068,25
1790510098.8,7.1459,0.3310,2.78,0.548,26
1790510098.9,7.1803,0.3327,2.77,-0.128,24
1790510099.0,7.2138,0.3343,2.76,0.213,26
1790510099.1,7.2430,0.3357,2.79,0.062,27
1790510099.2,7.2774,0.3373,2.78,0.149,25
1790510099.3,7.3130,0.3391,2.81,0.273,25
1790510099.4,7.3423,0.3405,2.80,-0.013,25
1790510099.5,7.3810,0.3423,2.83,0.268,24
1790510099.6,7.4177,0.3440,2.81,0.006,26
1790510099.7,7.4425,0.3455,2.86,0.332,25
1790510099.8,7.4774,0.3470,2.82,-0.169,25
1790510099.9,7.5161,0.3492,2.90,0.494,26
1790510100.0,7.5484,0.3508,2.89,-0.083,27
1790510100.1,7.5841,0.3526,2.91,0.245,25
1790510100.2,7.6168,0.3544,2.95,0.069,25
1790510100.3,7.6548,0.3564,2.95,0.209,25
1790510100.4,7.6869,0.3579,2.97,0.174,24
1790510100.5,7.7144,0.3594,2.98,0.205,24
1790510100.6,7.7321,0.3604,2.99,-0.003,26
1790510100.7,7.7680,0.3622,2.97,0.408,23
1790510100.8,7.8020,0.3640,3.01,-0.069,26
1790510100.9,7.8471,0.3664,3.01,0.094,23
1790510101.0,7.8763,0.3680,3.04,0.266,23
1790510101.1,7.9029,0.3695,2.98,-0.045,25
1790510101.2,7.9343,0.3710,3.02,0.318,22
1790510101.3,7.9761,0.3732,3.02,-0.105,24
1790510101.4,8.0126,0.3752,3.06,0.394,25
1790510101.5,8.0408,0.3766,3.05,-0.309,26
1790510101.6,8.0740,0.3785,3.11,0.566,26
1790510101.7,8.1053,0.3801,3.09,-0.229,27
1790510101.8,8.1376,0.3819,3.12,0.449,27
1790510101.9,8.1718,0.3838,3.12,-0.375,25
1790510102.0,8.2115,0.3859,3.12,0.241,23
1790510102.1,8.2457,0.3878,3.12,-0.146,25
1790510102.2,8.2786,0.3895,3.16,0.360,26
1790510102.3,8.3106,0.3913,3.16,-0.034,26
1790510102.4,8.3459,0.3932,3.15,0.278,26
1790510102.5,8.3786,0.3949,3.17,0.154,20
1790510102.6,8.4140,0.3969,3.18,0.083,24
1790510102.7,8.4425,0.3985,3.20,0.256,26
1790510102.8,8.4750,0.4003,3.16,0.179,27
1790510102.9,8.5066,0.4021,3.18,-0.035,27
1790510103.0,8.5419,0.4041,3.19,0.464,22
1790510103.1,8.5775,0.4062,3.23,0.087,25
1790510103.2,8.6092,0.4080,3.21,-0.335,26
1790510103.3,8.6442,0.4100,3.27,0.405,26
1790510103.4,8.6790,0.4119,3.23,-0.019,27
1790510103.5,8.7116,0.4138,3.28,0.196,26
1790510103.6,8.7443,0.4156,3.26,-0.351,26
1790510103.7,8.7774,0.4175,3.31,0.683,26
1790510103.8,8.8102,0.4194,3.28,-0.265,24
1790510103.9,8.8461,0.4215,3.32,0.440,23
1790510104.0,8.8807,0.4234,3.29,-0.429,24
1790510104.1,8.9128,0.4253,3.33,0.573,27
1790510104.2,8.9514,0.4276,3.33,-0.229,23
1790510104.3,8.9809,0.4293,3.36,0.477,25
1790510104.4,9.0099,0.4310,3.36,-0.141,25
1790510104.5,9.0502,0.4333,3.38,0.332,28
1790510104.6,9.0875,0.4358,3.41,-0.077,23
1790510104.7,9.1184,0.4375,3.41,0.231,25
1790510104.8,9.1362,0.4386,3.45,0.148,25
1790510104.9,9.1797,0.4410,3.36,-0.553,26
1790510105.0,9.2173,0.4437,3.45,0.216,26
1790510105.1,9.2431,0.4452,3.47,-0.143,23
1790510105.2,9.2808,0.4475,3.47,0.565,23
1790510105.3,9.3152,0.4496,3.46,-0.338,25
1790510105.4,9.3435,0.4514,3.47,0.386,26
1790510105.5,9.3875,0.4539,3.49,0.124,27
1790510105.6,9.4121,0.4554,3.49,0.272,27
1790510105.7,9.4490,0.4578,3.52,0.225,24
1790510105.8,9.4833,0.4600,3.53,0.389,24
1790510105.9,9.5209,0.4624,3.56,0.155,26
1790510106.0,9.5523,0.4642,3.55,0.210,26
1790510106.1,9.5833,0.4662,3.58,0.004,24
1790510106.2,9.6192,0.4687,3.59,0.176,26
1790510106.3,9.6588,0.4713,3.61,0.114,26
1790510106.4,9.6900,0.4731,3.59,-0.070,23
1790510106.5,9.7262,0.4754,3.63,0.240,23
1790510106.6,9.7588,0.4776,3.63,-0.241,25
1790510106.7,9.7972,0.4801,3.66,0.402,25
1790510106.8,9.8306,0.4823,3.66,-0.222,25
1790510106.9,9.8613,0.4844,3.69,0.301,25
1790510107.0,9.8931,0.4864,3.72,-0.007,27
1790510107.1,9.9227,0.4884,3.72,0.317,24
1790510107.2,9.9601,0.4906,3.73,0.135,24
1790510107.3,9.9935,0.4930,3.71,0.151,25
1790510107.4,10.0259,0.4952,3.74,0.193,26
1790510107.5,10.0631,0.4976,3.75,0.221,26
1790510107.6,10.0968,0.4998,3.75,0.165,27
1790510107.7,10.1326,0.5019,3.72,0.037,26
1790510107.8,10.1643,0.5040,3.77,0.137,24
1790510107.9,10.1958,0.5060,3.74,-0.099,28
1790510108.0,10.2339,0.5086,3.79,0.244,27
1790510108.1,10.2667,0.5108,3.77,0.063,27
1790510108.2,10.3000,0.5130,3.81,0.183,25
1790510108.3,10.3310,0.5154,3.82,-0.159,26
1790510108.4,10.3684,0.5180,3.84,0.230,25
1790510108.5,10.4016,0.5198,3.83,-0.024,24
1790510108.6,10.4386,0.5228,3.87,0.396,27
1790510108.7,10.4712,0.5251,3.90,-0.056,24
1790510108.8,10.5076,0.5278,3.94,0.515,25
1790510108.9,10.5408,0.5299,3.95,0.049,24
1790510109.0,10.5779,0.5326,3.98,0.224,26
1790510109.1,10.5957,0.5339,3.97,0.077,25
1790510109.2,10.6409,0.5374,4.01,0.086,26
1790510109.3,10.6729,0.5394,4.01,0.099,25
1790510109.4,10.7044,0.5411,4.00,0.203,24
1790510109.5,10.7366,0.5433,4.00,0.140,23
1790510109.6,10.7739,0.5461,4.01,0.189,26
1790510109.7,10.7988,0.5478,4.02,0.042,26
1790510109.8,10.8397,0.5508,4.03,0.048,25
1790510109.9,10.8668,0.5527,4.05,0.152,21
1790510110.0,10.9053,0.5558,4.06,0.087,25
1790510110.1,10.9396,0.5581,4.07,0.182,23
1790510110.2,10.9716,0.5604,4.03,-0.132,25
1790510110.3,11.0034,0.5624,4.08,0.175,25
1790510110.4,11.0415,0.5659,4.10,-0.090,24
1790510110.5,11.0722,0.5676,4.14,0.269,26
1790510110.6,11.1043,0.5704,4.16,0.071,24
1790510110.7,11.1419,0.5729,4.20,0.603,25
1790510110.8,11.1763,0.5756,4.16,-0.334,24
1790510110.9,11.2079,0.5777,4.17,0.249,22
1790510111.0,11.2426,0.5800,4.18,-0.035,25
1790510111.1,11.2784,0.5830,4.20,0.337,27
1790510111.2,11.3115,0.5856,4.22,0.023,25
1790510111.3,11.3398,0.5879,4.23,0.235,22
1790510111.4,11.3720,0.5899,4.24,0.079,27
1790510111.5,11.4056,0.5932,4.25,0.072,25
1790510111.6,11.4405,0.5956,4.29,0.119,27
1790510111.7,11.4737,0.5978,4.26,0.070,25
1790510111.8,11.5068,0.6009,4.34,0.393,24
1790510111.9,11.5396,0.6032,4.33,0.344,27
1790510112.0,11.5745,0.6062,4.37,0.014,25
1790510112.1,11.6111,0.6085,4.34,0.182,25
1790510112.2,11.6429,0.6114,4.39,0.032,26
1790510112.3,11.6760,0.6137,4.37,-0.020,26
1790510112.4,11.7106,0.6162,4.41,0.270,25
1790510112.5,11.7430,0.6193,4.42,-0.015,25
1790510112.6,11.7795,0.6220,4.47,0.521,26
1790510112.7,11.8141,0.6247,4.43,-0.316,24
1790510112.8,11.8484,0.6274,4.48,0.360,21
1790510112.9,11.8828,0.6303,4.50,-0.165,24
1790510113.0,11.9140,0.6328,4.51,0.438,27
1790510113.1,11.9402,0.6344,4.51,-0.020,25
1790510113.2,11.9828,0.6385,4.53,0.149,24
1790510113.3,12.0170,0.6404,4.51,0.061,26
1790510113.4,12.0438,0.6430,4.50,0.118,26
1790510113.5,12.0813,0.6462,4.55,0.124,25
1790510113.6,12.1171,0.6491,4.54,-0.230,25
1790510113.7,12.1538,0.6522,4.63,0.595,27
1790510113.8,12.1877,0.6547,4.57,-0.541,25
1790510113.9,12.2113,0.6573,4.64,0.283,26
1790510114.0,12.2580,0.6606,4.62,-0.020,23
1790510114.1,12.2851,0.6635,4.71,0.412,25
1790510114.2,12.3274,0.6667,4.68,-0.258,24
1790510114.3,12.3544,0.6689,4.68,0.567,23
1790510114.4,12.3873,0.6718,4.71,-0.014,27
1790510114.5,12.4202,0.6748,4.72,0.187,26
1790510114.6,12.4563,0.6770,4.71,0.166,26
1790510114.7,12.4888,0.6787,4.66,0.372,26
1790510114.8,12.5288,0.6823,4.69,0.252,26
1790510114.9,12.5574,0.6846,4.69,0.167,27
1790510115.0,12.5974,0.6877,4.68,0.023,24
1790510115.1,12.6292,0.6907,4.70,0.159,27
1790510115.2,12.6632,0.6943,4.77,0.169,25
1790510115.3,12.6965,0.6961,4.74,-0.096,26
1790510115.4,12.7306,0.6994,4.78,0.241,26
1790510115.5,12.7587,0.7016,4.78,-0.162,25
1790510115.6,12.7902,0.7035,4.77,0.578,27
1790510115.7,12.8285,0.7071,4.78,-0.012,26
1790510115.8,12.8655,0.7108,4.82,0.397,26
1790510115.9,12.8915,0.7128,4.82,0.116,27
1790510116.0,12.9245,0.7151,4.78,0.218,24
1790510116.1,12.9735,0.7192,4.84,0.271,26
1790510116.2,12.9897,0.7209,4.82,-0.016,25
1790510116.3,13.0315,0.7245,4.88,0.194,25
1790510116.4,13.0655,0.7277,4.88,-0.051,26
1790510116.5,13.0981,0.7297,4.87,0.252,26
1790510116.6,13.1303,0.7324,4.87,0.021,24
1790510116.7,13.1671,0.7356,4.93,0.440,24
1790510116.8,13.1997,0.7387,4.91,-0.274,27
1790510116.9,13.2355,0.7422,4.95,0.301,26
1790510117.0,13.2624,0.7442,4.95,-0.049,22
1790510117.1,13.2907,0.7462,4.94,0.389,26
1790510117.2,13.3229,0.7495,4.97,0.104,26
1790510117.3,13.3525,0.7514,4.96,0.074,24
1790510117.4,13.3888,0.7550,4.98,0.232,23
1790510117.5,13.4286,0.7597,4.99,0.002,23
1790510117.6,13.4496,0.7594,4.96,0.188,27
1790510117.7,13.4888,0.7648,4.95,-0.047,25
1790510117.8,13.5146,0.7661,5.02,0.286,24
1790510117.9,13.5472,0.7684,5.01,0.059,26
1790510118.0,13.5832,0.7719,5.05,0.283,26
1790510118.1,13.6058,0.7735,5.05,0.170,25
1790510118.2,13.6433,0.7782,5.09,0.334,26
1790510118.3,13.6765,0.7795,5.07,0.117,25
1790510118.4,13.7206,0.7851,5.08,0.253,26
1790510118.5,13.7367,0.7854,5.10,0.021,27
1790510118.6,13.7826,0.7911,5.09,0.134,26
1790510118.7,13.8007,0.7917,5.13,0.034,24
1790510118.8,13.8415,0.7930,5.06,-0.010,27
1790510118.9,13.8779,0.7986,5.12,0.181,26
1790510119.0,13.9096,0.8044,5.17,-0.234,27
1790510119.1,13.9462,0.8075,5.24,0.302,23
1790510119.2,13.9737,0.8112,5.25,-0.168,26
1790510119.3,14.0065,0.8115,5.26,0.391,26
1790510119.4,14.0386,0.8134,5.22,-0.157,26
1790510119.5,14.0696,0.8189,5.32,0.565,26
1790510119.6,14.1111,0.8225,5.30,-0.266,26
1790510119.7,14.1476,0.8241,5.29,0.578,26
1790510119.8,14.1798,0.8265,5.27,-0.280,25
1790510119.9,14.1863,0.8324,5.35,0.330,24
1790510120.0,14.2312,0.8378,5.42,-0.115,26
1790510120.1,14.2655,0.8360,5.40,0.376,26
1790510120.2,14.2924,0.8371,5.39,0.271,25
1790510120.3,14.3342,0.8438,5.40,-0.088,27
1790510120.4,14.3702,0.8475,5.45,0.230,25
1790510120.5,14.4052,0.8508,5.45,-0.194,24
1790510120.6,14.4290,0.8526,5.44,0.271,24
1790510120.7,14.4574,0.8553,5.47,0.049,25
1790510120.8,14.4928,0.8573,5.42,0.409,26
1790510120.9,14.5207,0.8600,5.43,0.193,26
1790510121.0,14.5572,0.8635,5.44,0.308,25
1790510121.1,14.5795,0.8644,5.39,0.024,25
1790510121.2,14.6155,0.8678,5.41,0.126,24
1790510121.3,14.6448,0.8706,5.39,-0.164,27
1790510121.4,14.6744,0.8734,5.40,0.197,26
1790510121.5,14.7095,0.8767,5.44,0.140,25
1790510121.6,14.7449,0.8801,5.43,-0.145,25
1790510121.7,14.7745,0.8829,5.48,0.486,24
1790510121.8,14.6699,0.8730,5.46,-0.170,26
1790510121.9,14.6684,0.8728,5.50,0.398,26
1790510122.0,14.6685,0.8728,5.51,0.092,25
1790510122.1,14.6682,0.8728,5.52,0.291,27
1790510122.2,14.6684,0.8728,5.54,0.114,23
1790510122.3,14.6688,0.8729,5.52,0.159,26
1790510122.4,14.6685,0.8728,5.56,0.087,23
1790510122.5,14.6687,0.8729,5.54,-0.117,22
1790510122.6,14.6685,0.8728,5.60,0.336,23
1790510122.7,14.6697,0.8730,5.58,-0.217,27
1790510122.8,14.6686,0.8728,5.61,0.563,24
1790510122.9,14.6688,0.8729,5.59,-0.030,23
1790510123.0,14.6687,0.8729,5.56,-0.671,26
1790510123.1,14.6686,0.8729,5.60,0.293,26
1790510123.2,14.6688,0.8729,5.62,0.163,27
1790510123.3,14.6696,0.8729,5.64,0.400,25
1790510123.4,14.6689,0.8729,5.64,0.268,26
1790510123.5,14.6690,0.8729,5.62,-1.165,26
1790510123.6,14.6689,0.8729,5.57,0.282,26
1790510123.7,14.6690,0.8729,5.60,0.148,25
1790510123.8,14.6690,0.8729,5.60,0.035,27
1790510123.9,14.6691,0.8729,5.60,0.015,26
1790510124.0,14.6691,0.8729,5.60,0.005,25
1790510124.1,14.6692,0.8729,5.60,0.002,25
1790510124.2,14.6691,0.8729,5.61,0.040,24
1790510124.3,14.6691,0.8729,5.61,0.008,26
1790510124.4,14.6692,0.8729,5.61,0.014,23
1790510124.5,14.6692,0.8729,5.61,0.022,23
1790510124.6,14.6692,0.8729,5.61,0.003,23
1790510124.7,14.6696,0.8729,5.61,0.010,28
1790510124.8,14.6693,0.8729,5.62,0.006,23
1790510124.9,14.6696,0.8729,5.62,-0.009,25
1790510125.0,14.6693,0.8729,5.61,-0.035,24
1790510125.1,14.6693,0.8729,5.61,0.017,25
1790510125.2,14.6694,0.8729,5.61,0.003,25
1790510125.3,14.6693,0.8729,5.61,-0.001,27
1790510125.4,14.6694,0.8729,5.61,-0.024,24
1790510125.5,14.6693,0.8729,5.61,-0.019,26
1790510125.6,14.6694,0.8729,5.61,0.024,27
1790510125.7,14.6694,0.8729,5.61,0.020,24
1790510125.8,14.6696,0.8729,5.61,0.013,26
1790510125.9,14.6694,0.8729,5.62,0.023,24
1790510126.0,14.6696,0.8729,5.62,-0.026,25
1790510126.1,14.6694,0.8729,5.62,-0.015,25
1790510126.2,14.6694,0.8729,5.62,0.027,27
1790510126.3,14.6694,0.8729,5.62,0.030,27
1790510126.4,14.6695,0.8729,5.62,0.021,25
1790510126.5,14.6695,0.8729,5.63,0.056,25
1790510126.6,14.6694,0.8729,5.63,-0.013,25
1790510126.7,14.6695,0.8729,5.63,0.006,24
1790510126.8,14.6695,0.8729,5.63,0.001,24
1790510126.9,14.6695,0.8729,5.63,0.004,24
1790510127.0,14.6695,0.8729,5.63,0.056,22
1790510127.1,14.6696,0.8729,5.63,-0.029,27
1790510127.2,14.6695,0.8729,5.63,0.010,26
1790510127.3,14.6696,0.8729,5.64,0.016,25
1790510127.4,14.6695,0.8729,5.64,-0.004,25
1790510127.5,14.6695,0.8729,5.63,-0.041,26
1790510127.6,14.6695,0.8729,5.63,-0.007,27
1790510127.7,14.6695,0.8729,5.63,0.062,26
1790510127.8,14.6695,0.8729,5.64,0.005,25
1790510127.9,14.6696,0.8729,5.64,0.023,24
1790510128.0,14.6695,0.8729,5.64,0.030,27
1790510128.1,14.6695,0.8729,5.65,0.011,26
1790510128.2,14.6695,0.8729,5.64,-0.005,24
1790510128.3,14.6695,0.8729,5.64,-0.060,27
1790510128.4,14.6695,0.8729,5.64,-0.006,24
1790510128.5,14.6695,0.8729,5.64,-0.034,23
1790510128.6,14.6695,0.8729,5.64,0.005,25
1790510128.7,14.6695,0.8729,5.64,0.029,25
1790510128.8,14.6695,0.8729,5.64,-0.016,24
1790510128.9,14.6696,0.8729,5.64,-0.012,27
1790510129.0,14.6695,0.8729,5.63,-0.020,25
1790510129.1,14.6696,0.8729,5.63,-0.005,27
1790510129.2,14.6695,0.8729,5.63,-0.005,25
1790510129.3,14.6695,0.8729,5.63,-0.017,27
1790510129.4,14.6695,0.8729,5.63,-0.022,25
1790510129.5,14.6695,0.8729,5.63,-0.030,24
1790510129.6,14.6695,0.8729,5.63,0.005,25
1790510129.7,14.6695,0.8729,5.63,-0.024,24
1790510129.8,14.6695,0.8729,5.63,-0.015,27
1790510129.9,14.6695,0.8729,5.62,-0.037,26
1790510130.0,14.6695,0.8729,5.62,-0.022,23
1790510130.1,14.6695,0.8729,5.62,0.030,23
1790510130.2,14.6695,0.8729,5.62,-0.016,25
1790510130.3,14.6696,0.8729,5.62,-0.023,26
1790510130.4,14.6696,0.8729,5.62,0.056,21
1790510130.5,14.6695,0.8729,5.62,0.005,24
1790510130.6,14.6696,0.8729,5.62,-0.021,24
1790510130.7,14.6696,0.8729,5.62,-0.002,23
1790510130.8,14.6696,0.8729,5.62,0.007,25
1790510130.9,14.6696,0.8729,5.62,0.031,25
1790510131.0,14.6696,0.8729,5.63,0.021,24
1790510131.1,14.6696,0.8729,5.63,-0.006,24
1790510131.2,14.6696,0.8729,5.63,-0.032,22
1790510131.3,14.6696,0.8729,5.63,-0.013,20
1790510131.4,14.6696,0.8729,5.62,-0.018,25
1790510131.5,14.6696,0.8729,5.62,0.016,26
1790510131.6,14.6696,0.8729,5.62,-0.028,24
1790510131.7,14.6696,0.8729,5.62,0.006,24
1790510131.8,14.6696,0.8729,5.62,-0.019,23
1790510131.9,14.6696,0.8729,5.62,0.014,23
1790510132.0,14.6696,0.8729,5.62,-0.008,26
1790510132.1,14.6696,0.8729,5.62,-0.039,24
1790510132.2,14.6696,0.8729,5.62,0.010,23
1790510132.3,14.6696,0.8729,5.62,-0.008,22
1790510132.4,14.6696,0.8729,5.62,0.046,27
1790510132.5,14.6696,0.8729,5.62,0.024,26
1790510132.6,14.6696,0.8729,5.62,-0.034,24
1790510132.7,14.6696,0.8729,5.62,0.007,22
1790510132.8,14.6696,0.8729,5.62,-0.015,23
1790510132.9,14.6696,0.8729,5.62,0.016,22
1790510133.0,14.6696,0.8729,5.62,-0.023,23
1790510133.1,14.6696,0.8729,5.62,0.002,24
1790510133.2,14.6696,0.8729,5.62,0.028,22
1790510133.3,14.6696,0.8729,5.62,0.002,24
1790510133.4,14.6696,0.8729,5.62,0.009,23
1790510133.5,14.6696,0.8729,5.62,-0.046,23
1790510133.6,14.6696,0.8729,5.62,0.036,23
1790510133.7,14.6696,0.8729,5.62,-0.035,24
1790510133.8,14.6696,0.8729,5.62,0.003,24
1790510133.9,14.6696,0.8729,5.62,0.033,23
1790510134.0,14.6696,0.8729,5.62,-0.005,25
1790510134.1,14.6696,0.8729,5.62,-0.023,25
1790510134.2,14.6696,0.8729,5.62,0.003,24
1790510134.3,14.6696,0.8729,5.62,-0.005,26
1790510134.4,14.6696,0.8729,5.62,-0.015,24
1790510134.5,14.6696,0.8729,5.62,0.015,24
1790510134.6,14.6696,0.8729,5.62,0.027,22
1790510134.7,14.6696,0.8729,5.63,0.028,22
1790510134.8,14.6696,0.8729,5.63,0.052,26
1790510134.9,14.6696,0.8729,5.63,-0.029,25
1790510135.0,14.6696,0.8729,5.63,-0.012,22
1790510135.1,14.6696,0.8729,5.62,-0.019,24
1790510135.2,14.6696,0.8729,5.63,0.020,27
1790510135.3,14.6696,0.8729,5.62,-0.024,22
1790510135.4,14.6696,0.8729,5.62,-0.012,26
1790510135.5,14.6696,0.8729,5.62,-0.001,23
1790510135.6,14.6696,0.8729,5.62,0.011,22
1790510135.7,14.6696,0.8729,5.62,0.009,25
1790510135.8,14.6696,0.8729,5.62,-0.029,24
1790510135.9,14.6696,0.8729,5.62,0.016,24
1790510136.0,14.6696,0.8729,5.62,-0.028,24
1790510136.1,14.6696,0.8729,5.63,0.041,25
1790510136.2,14.6696,0.8729,5.63,-0.006,22
1790510136.3,14.6696,0.8729,5.63,0.035,22
1790510136.4,14.6696,0.8729,5.63,-0.028,22
1790510136.5,14.6696,0.8729,5.62,-0.045,24
1790510136.6,14.6696,0.8729,5.62,-0.005,23
1790510136.7,14.6696,0.8729,5.62,0.016,26
1790510136.8,14.6696,0.8729,5.62,0.019,25
1790510136.9,14.6696,0.8729,5.62,0.010,21
1790510137.0,14.6696,0.8729,5.63,0.023,25
1790510137.1,14.6696,0.8729,5.63,-0.002,24
1790510137.2,14.6696,0.8729,5.63,-0.020,24
1790510137.3,14.6696,0.8729,5.63,0.032,24
1790510137.4,14.6696,0.8729,5.63,-0.019,24
1790510137.5,14.6696,0.8729,5.63,-0.008,25
1790510137.6,14.6696,0.8729,5.63,-0.006,26
1790510137.7,14.6696,0.8729,5.63,0.010,25
1790510137.8,14.6696,0.8729,5.63,0.006,25
1790510137.9,14.6696,0.8729,5.63,0.005,23
1790510138.0,14.6696,0.8729,5.63,-0.005,23
1790510138.1,14.6696,0.8729,5.63,-0.025,24
1790510138.2,14.6696,0.8729,5.63,-0.011,26
1790510138.3,14.6696,0.8729,5.63,-0.007,19
1790510138.4,14.6696,0.8729,5.63,-0.002,24
1790510138.5,14.6696,0.8729,5.63,0.025,21
1790510138.6,14.6696,0.8729,5.63,0.009,26
1790510138.7,14.6696,0.8729,5.63,-0.027,22
1790510138.8,14.6696,0.8729,5.64,0.023,25
1790510138.9,14.6696,0.8729,5.63,-0.010,22
1790510139.0,14.6696,0.8729,5.64,0.060,23
1790510139.1,14.6696,0.8729,5.64,0.010,23
1790510139.2,14.6696,0.8729,5.64,-0.020,24
1790510139.3,14.6696,0.8729,5.64,-0.070,22
1790510139.4,14.6696,0.8729,5.63,-0.034,24
1790510139.5,14.6696,0.8729,5.63,0.007,24
1790510139.6,14.6696,0.8729,5.63,-0.015,22
1790510139.7,14.6696,0.8729,5.63,-0.013,25
1790510139.8,14.6696,0.8729,5.63,0.008,24
1790510139.9,14.6696,0.8729,5.64,0.030,25
1790510140.0,14.6696,0.8729,5.63,0.009,23
1790510140.1,14.6696,0.8729,5.63,-0.000,23
1790510140.2,14.6696,0.8729,5.64,-0.001,23
1790510140.3,14.6696,0.8729,5.64,-0.013,21
1790510140.4,14.6696,0.8729,5.64,0.007,26
1790510140.5,14.6696,0.8729,5.64,0.002,26
1790510140.6,14.6696,0.8729,5.64,-0.001,25
1790510140.7,14.6696,0.8729,5.64,0.024,26
1790510140.8,14.6696,0.8729,5.64,0.009,25
1790510140.9,14.6696,0.8729,5.64,0.002,24
1790510141.0,14.6696,0.8729,5.64,0.004,27
1790510141.1,14.6696,0.8729,5.64,-0.045,24
1790510141.2,14.6696,0.8729,5.64,0.017,27
1790510141.3,14.6696,0.8729,5.64,0.000,25
1790510141.4,14.6696,0.8729,5.64,0.009,25
1790510141.5,14.6696,0.8729,5.65,0.039,25
1790510141.6,14.6696,0.8729,5.64,-0.044,26
1790510141.7,14.6696,0.8729,5.64,-0.005,25
1790510141.8,14.6696,0.8729,5.65,0.024,24
1790510141.9,14.6696,0.8729,5.65,0.009,25
1790510142.0,14.6696,0.8729,5.65,0.011,25
1790510142.1,14.6696,0.8729,5.65,0.021,25
1790510142.2,14.6696,0.8729,5.65,0.006,27
1790510142.3,14.6696,0.8729,5.65,-0.019,26
1790510142.4,14.6696,0.8729,5.65,-0.004,25
1790510142.5,14.6696,0.8729,5.65,0.011,25
1790510142.6,14.6696,0.8729,5.65,0.007,26
1790510142.7,14.6696,0.8729,5.65,-0.007,26
1790510142.8,14.6696,0.8729,5.64,-0.015,26
1790510142.9,14.6696,0.8729,5.65,0.020,26
1790510143.0,14.6696,0.8729,5.65,-0.014,24
1790510143.1,14.6696,0.8729,5.65,0.025,25
1790510143.2,14.6696,0.8729,5.65,0.029,27
1790510143.3,14.6696,0.8729,5.64,-0.021,26
1790510143.4,14.6696,0.8729,5.64,-0.045,23
1790510143.5,14.6696,0.8729,5.64,-0.018,24
1790510143.6,14.6696,0.8729,5.64,0.039,25
1790510143.7,14.6696,0.8729,5.64,0.038,25
1790510143.8,14.6696,0.8729,5.64,-0.022,24
1790510143.9,14.6696,0.8729,5.64,-0.028,27
1790510144.0,14.6696,0.8729,5.64,0.010,26
1790510144.1,14.6696,0.8729,5.64,-0.032,26
1790510144.2,14.6696,0.8729,5.64,-0.004,26
1790510144.3,14.6696,0.8729,5.64,-0.031,25
1790510144.4,14.6696,0.8729,5.64,0.043,25
1790510144.5,14.6696,0.8729,5.64,-0.031,26
1790510144.6,14.6696,0.8729,5.64,-0.026,26
1790510144.7,14.6696,0.8729,5.64,-0.032,28
1790510144.8,14.6696,0.8729,5.63,-0.013,25
1790510144.9,14.6696,0.8729,5.64,0.009,26
1790510145.0,14.6696,0.8729,5.64,0.024,25
1790510145.1,14.6696,0.8729,5.64,-0.013,25
1790510145.2,14.6696,0.8729,5.64,-0.008,25
1790510145.3,14.6696,0.8729,5.64,-0.019,26
1790510145.4,14.6696,0.8729,5.64,0.009,26
1790510145.5,14.6696,0.8729,5.64,-0.034,26
1790510145.6,14.6696,0.8729,5.64,0.009,25
1790510145.7,14.6696,0.8729,5.64,0.010,24
1790510145.8,14.6696,0.8729,5.64,-0.012,26
1790510145.9,14.6696,0.8729,5.64,0.025,25
1790510146.0,14.6696,0.8729,5.64,-0.002,25
1790510146.1,14.6696,0.8729,5.64,0.018,24
1790510146.2,14.6696,0.8729,5.64,-0.012,25
1790510146.3,14.6696,0.8729,5.64,0.016,25
1790510146.4,14.6696,0.8729,5.64,0.004,25
1790510146.5,14.6696,0.8729,5.64,0.027,26
1790510146.6,14.6696,0.8729,5.64,-0.017,23
1790510146.7,14.6696,0.8729,5.64,0.026,25
1790510146.8,14.6696,0.8729,5.64,-0.021,26
1790510146.9,14.6696,0.8729,5.64,0.036,26
1790510147.0,14.6696,0.8729,5.64,-0.013,25
1790510147.1,14.6696,0.8729,5.64,0.024,26
1790510147.2,14.6696,0.8729,5.64,0.003,25
1790510147.3,14.6696,0.8729,5.64,-0.002,25
1790510147.4,14.6696,0.8729,5.64,0.008,26
1790510147.5,14.6696,0.8729,5.63,0.006,26
1790510147.6,14.6696,0.8729,5.63,0.020,26
1790510147.7,14.6696,0.8729,5.64,0.007,27
1790510147.8,14.6696,0.8729,5.63,-0.011,25
1790510147.9,14.6696,0.8729,5.64,0.004,26
1790510148.0,14.6696,0.8729,5.64,0.027,25
1790510148.1,14.6696,0.8729,5.64,-0.019,23
1790510148.2,14.6696,0.8729,5.64,-0.003,26
1790510148.3,14.6696,0.8729,5.64,0.001,26
1790510148.4,14.6696,0.8729,5.64,0.026,26
1790510148.5,14.6696,0.8729,5.64,0.011,24
1790510148.6,14.6696,0.8729,5.64,0.030,23
1790510148.7,14.6696,0.8729,5.64,-0.003,27
1790510148.8,14.6696,0.8729,5.64,0.013,25
1790510148.9,14.6696,0.8729,5.64,-0.029,25
1790510149.0,14.6696,0.8729,5.64,0.025,26
1790510149.1,14.6696,0.8729,5.64,-0.028,23
1790510149.2,14.6696,0.8729,5.64,0.027,25
1790510149.3,14.6696,0.8729,5.64,-0.027,26
1790510149.4,14.6696,0.8729,5.64,0.001,27
1790510149.5,14.6696,0.8729,5.64,0.035,26
1790510149.6,14.6696,0.8729,5.64,-0.005,27
1790510149.7,14.6696,0.8729,5.64,-0.011,25
1790510149.8,14.6696,0.8729,5.64,-0.024,23
1790510149.9,14.6696,0.8729,5.64,0.018,24
1790510150.0,14.6696,0.8729,5.64,-0.009,27
1790510150.1,14.6696,0.8729,5.64,0.003,25
1790510150.2,14.6696,0.8729,5.64,-0.010,24
1790510150.3,14.6696,0.8729,5.64,-0.005,25
1790510150.4,14.6696,0.8729,5.64,-0.021,25
1790510150.5,14.6696,0.8729,5.64,-0.012,27
1790510150.6,14.6696,0.8729,5.64,0.011,24
1790510150.7,14.6696,0.8729,5.64,-0.009,24
1790510150.8,14.6696,0.8729,5.64,-0.037,25
1790510150.9,14.6696,0.8729,5.64,-0.023,27
1790510151.0,14.6696,0.8729,5.64,-0.031,26
1790510151.1,14.6696,0.8729,5.64,0.012,24
1790510151.2,14.6696,0.8729,5.64,0.011,26
1790510151.3,14.6696,0.8729,5.64,-0.029,27
1790510151.4,14.6696,0.8729,5.64,-0.018,25
1790510151.5,14.6696,0.8729,5.64,-0.012,26
1790510151.6,14.6696,0.8729,5.64,0.058,24
1790510151.7,14.6696,0.8729,5.64,0.017,26
1790510151.8,14.6696,0.8729,5.88,4.862,26
1790510151.9,14.6693,0.8729,7.05,15.625,25
1790510152.0,14.6702,0.8730,10.97,45.743,26
1790510152.1,14.6709,0.8732,16.28,47.708,25
1790510152.2,14.6709,0.8732,20.48,47.502,26
1790510152.3,14.6710,0.8733,25.65,46.413,25
1790510152.4,14.6700,0.8728,29.73,46.061,25
1790510152.5,14.6710,0.8733,34.30,46.068,26
1790510152.6,14.6724,0.8743,39.31,45.791,26
1790510152.7,14.6716,0.8738,43.76,45.381,27
1790510152.8,14.6713,0.8735,48.24,44.422,24
1790510152.9,14.6714,0.8735,52.70,44.983,23
1790510153.0,14.6711,0.8732,57.22,45.085,26
1790510153.1,14.6713,0.8734,61.78,44.864,27
1790510153.2,14.6715,0.8738,65.98,42.797,22
1790510153.3,14.6720,0.8750,70.57,41.966,26
1790510153.4,14.6717,0.8744,74.47,42.735,22
1790510153.5,14.6714,0.8664,79.01,42.590,26
1790510153.6,14.6709,0.8738,82.97,35.298,21
1790510153.7,14.6712,0.8735,82.95,-4.045,28
1790510153.8,14.6714,0.8700,82.94,-0.089,25
1790510153.9,14.6722,0.8766,82.94,0.091,26
1790510154.0,14.6721,0.8766,82.93,-0.021,25
1790510154.1,14.6719,0.8751,83.05,1.482,26
1790510154.2,14.6718,0.8747,83.27,4.886,26
1790510154.3,14.6721,0.8770,84.13,8.417,24
1790510154.4,14.6718,0.8751,84.96,8.062,27
1790510154.5,14.6719,0.8772,85.36,-0.787,26
1790510154.6,14.6718,0.8771,85.15,-0.618,27
1790510154.7,14.6717,0.8733,85.10,-0.013,25
1790510154.8,14.6721,0.8775,85.09,-0.054,24
1790510154.9,14.6720,0.8763,85.08,-0.013,26
1790510155.0,14.6720,0.8765,85.09,-0.004,27
1790510155.1,14.6720,0.8763,85.09,0.042,24
1790510155.2,14.6721,0.8767,85.09,-0.025,26
1790510155.3,14.6719,0.8752,85.09,0.003,25
1790510155.4,14.6720,0.8764,85.09,0.024,24
1790510155.5,14.6720,0.8754,85.09,0.003,25
1790510155.6,14.6720,0.8755,85.09,-0.036,24
1790510155.7,14.6720,0.8760,85.09,0.017,24
1790510155.8,14.6720,0.8760,85.08,0.010,25
1790510155.9,14.6720,0.8753,85.09,0.018,25
1790510156.0,14.6720,0.8755,85.08,-0.003,23
1790510156.1,14.6720,0.8761,85.09,-0.002,25
1790510156.2,14.6720,0.8760,85.09,0.020,27
1790510156.3,14.6719,0.8751,85.09,0.012,26
1790510156.4,14.6719,0.8751,85.09,0.027,25
1790510156.5,14.6720,0.8754,85.09,-0.014,27
1790510156.6,14.6720,0.8757,85.09,-0.034,26
1790510156.7,14.6719,0.8755,85.08,-0.037,26
1790510156.8,14.6719,0.8751,85.09,0.008,26
1790510156.9,14.6718,0.8740,85.07,-0.038,26
1790510157.0,14.6718,0.8745,85.08,-0.038,26
1790510157.1,14.6718,0.8744,85.08,0.008,26
1790510157.2,14.6719,0.8760,85.08,-0.003,26
1790510157.3,14.6719,0.8753,85.08,-0.013,25
1790510157.4,14.6719,0.8749,85.08,0.028,25
1790510157.5,14.6718,0.8748,85.08,-0.008,25
1790510157.6,14.6718,0.8744,85.08,0.063,25
1790510157.7,14.6717,0.8736,85.08,-0.019,25
1790510157.8,14.6718,0.8746,85.08,0.016,25
1790510157.9,14.6717,0.8736,85.09,0.007,24
1790510158.0,14.6718,0.8748,85.09,-0.009,25
1790510158.1,14.6717,0.8727,85.20,0.809,26
1790510158.2,14.6719,0.8746,85.21,0.816,27
1790510158.3,14.6729,0.8863,85.29,0.394,26
1790510158.4,14.6741,0.9025,85.24,-0.336,25
1790510158.5,14.6758,0.9221,85.31,0.862,23
1790510158.6,14.6789,0.9571,85.34,-0.520,23
1790510158.7,14.6811,0.9852,85.38,0.529,27
1790510158.8,14.6823,1.0016,85.33,0.379,26
1790510158.9,14.6853,1.0379,85.41,0.101,23
1790510159.0,14.6872,1.0621,85.47,-0.156,26
1790510159.1,14.6904,1.1018,85.48,0.432,26
1790510159.2,14.6923,1.1281,85.52,0.711,25
1790510159.3,14.6943,1.1539,85.50,-0.106,26
1790510159.4,14.6968,1.1848,85.55,0.194,25
1790510159.5,14.6991,1.2139,85.62,0.431,25
1790510159.6,14.7012,1.2441,85.63,0.402,25
1790510159.7,14.7030,1.2692,85.66,0.387,26
1790510159.8,14.7053,1.2997,85.65,-0.300,27
1790510159.9,14.7069,1.3210,85.70,0.337,25
1790510160.0,14.7092,1.3509,85.76,0.670,24
1790510160.1,14.7111,1.3774,85.72,-0.203,25
1790510160.2,14.7136,1.4113,85.76,0.418,25
1790510160.3,14.7154,1.4365,85.75,-0.441,26
1790510160.4,14.7174,1.4636,85.74,0.295,24
1790510160.5,14.7192,1.4889,85.83,0.688,27
1790510160.6,14.7211,1.5138,85.80,-0.083,25
1790510160.7,14.7231,1.5453,85.83,-0.000,27
1790510160.8,14.7256,1.5778,85.85,0.040,25
1790510160.9,14.7272,1.5994,85.86,0.149,25
1790510161.0,14.7295,1.6301,85.91,0.439,23
1790510161.1,14.7320,1.6655,85.89,0.013,26
1790510161.2,14.7338,1.6901,85.90,0.295,26
1790510161.3,14.7365,1.7286,85.90,-0.221,27
1790510161.4,14.7389,1.7619,85.94,0.354,25
1790510161.5,14.7410,1.7917,85.95,-0.015,25
1790510161.6,14.7425,1.8148,85.98,0.316,26
1790510161.7,14.7447,1.8473,86.00,0.085,27
1790510161.8,14.7475,1.8866,86.00,0.269,26
1790510161.9,14.7484,1.8991,86.00,0.301,24
1790510162.0,14.7516,1.9432,86.00,-0.099,26
1790510162.1,14.7536,1.9740,86.04,0.104,26
1790510162.2,14.7558,2.0060,86.03,-0.419,26
1790510162.3,14.7583,2.0431,86.08,0.580,22
1790510162.4,14.7600,2.0679,86.07,-0.219,25
1790510162.5,14.7623,2.1010,86.06,0.340,25
1790510162.6,14.7645,2.1321,86.08,-0.019,22
1790510162.7,14.7663,2.1619,86.09,0.187,26
1790510162.8,14.7687,2.1973,86.15,0.236,24
1790510162.9,14.7708,2.2283,86.14,0.132,25
1790510163.0,14.7733,2.2648,86.20,0.430,27
1790510163.1,14.7754,2.2993,86.20,0.241,26
1790510163.2,14.7781,2.3393,86.26,0.274,23
1790510163.3,14.7803,2.3729,86.23,-0.236,25
1790510163.4,14.7832,2.4189,86.28,0.550,26
1790510163.5,14.7850,2.4473,86.21,-0.710,24
1790510163.6,14.7862,2.4647,86.33,4.471,26
1790510163.7,14.7884,2.5039,87.07,6.480,23
1790510163.8,14.7892,2.5326,88.03,9.942,26
1790510163.9,14.7893,2.5655,89.43,14.190,26
1790510164.0,14.7875,2.5945,90.67,10.363,27
1790510164.1,14.7850,2.6282,90.65,0.000,24
1790510164.2,14.7838,2.6524,90.64,-0.087,23
1790510164.3,14.7838,2.6806,90.71,0.335,28
1790510164.4,14.7832,2.7094,90.76,0.299,24
1790510164.5,14.7830,2.7270,90.82,0.588,26
1790510164.6,14.7822,2.7594,90.86,0.086,25
1790510164.7,14.7818,2.7867,90.88,0.422,26
1790510164.8,14.7813,2.8168,90.92,0.289,25
1790510164.9,14.7810,2.8443,90.93,0.104,26
1790510165.0,14.7802,2.8842,90.99,0.498,25
1790510165.1,14.7797,2.9106,91.00,0.136,25
1790510165.2,14.7795,2.9256,91.01,0.238,26
1790510165.3,14.7788,2.9650,91.03,0.104,25
1790510165.4,14.7781,2.9981,91.04,0.195,27
1790510165.5,14.7776,3.0176,91.09,0.371,26
1790510165.6,14.7771,3.0449,91.08,-0.133,24
1790510165.7,14.7767,3.0761,91.08,0.244,24
1790510165.8,14.7761,3.1059,91.12,-0.016,26
1790510165.9,14.7756,3.1355,91.10,0.147,26
1790510166.0,14.7750,3.1630,91.19,0.607,26
1790510166.1,14.7745,3.1896,91.15,-0.203,22
1790510166.2,14.7735,3.2196,91.14,0.361,26
1790510166.3,14.7723,3.2518,91.20,-0.092,25
1790510166.4,14.7729,3.2700,91.19,0.154,24
1790510166.5,14.7715,3.3077,91.29,0.931,28
1790510166.6,14.7713,3.3337,91.26,-0.068,24
1790510166.7,14.7695,3.3671,91.26,0.146,26
1790510166.8,14.7691,3.4046,91.30,-0.041,27
1790510166.9,14.7686,3.4164,91.29,-0.044,26
1790510167.0,14.7684,3.4361,91.38,0.962,25
1790510167.1,14.7679,3.4660,91.34,-0.160,25
1790510167.2,14.7659,3.5117,91.35,0.163,24
1790510167.3,14.7662,3.5281,91.36,-0.011,26
1790510167.4,14.7654,3.5583,91.39,0.028,28
1790510167.5,14.7646,3.5886,91.45,0.508,26
1790510167.6,14.7639,3.6205,91.43,0.075,24
1790510167.7,14.7634,3.6365,91.43,0.414,25
1790510167.8,14.7626,3.6694,91.47,-0.107,24
1790510167.9,14.7623,3.6783,91.45,-0.019,25
1790510168.0,14.7612,3.7031,91.53,0.411,26
1790510168.1,14.7602,3.7417,91.53,-0.065,25
1790510168.2,14.7591,3.7779,91.57,0.710,27
1790510168.3,14.7583,3.8025,91.56,-0.208,26
1790510168.4,14.7560,3.8521,91.57,0.186,24
1790510168.5,14.7567,3.8505,91.62,0.291,25
1790510168.6,14.7539,3.9349,91.61,0.157,25
1790510168.7,14.7536,3.9407,91.66,0.476,24
1790510168.8,14.7536,3.9578,91.61,-0.378,26
1790510168.9,14.7523,3.9951,91.60,0.107,27
1790510169.0,14.7514,4.0338,91.63,-0.018,26
1790510169.1,14.7515,4.0293,91.64,0.029,24
1790510169.2,14.7503,4.0651,91.70,0.538,28
1790510169.3,14.7502,4.0712,91.67,-0.226,25
1790510169.4,14.7498,4.0846,91.68,0.386,24
1790510169.5,14.7485,4.1240,91.70,-0.160,26
1790510169.6,14.7474,4.1848,91.69,0.126,26
1790510169.7,14.7468,4.1941,91.75,0.224,23
1790510169.8,14.7454,4.2312,91.76,-0.058,27
1790510169.9,14.7457,4.2225,91.79,0.577,24
1790510170.0,14.7449,4.2462,91.80,-0.055,26
1790510170.1,14.7430,4.3026,91.79,0.041,25
1790510170.2,14.7421,4.3346,91.82,0.039,26
1790510170.3,14.7401,4.3778,91.81,-0.243,25
1790510170.4,14.7390,4.4099,91.85,0.767,24
1790510170.5,14.7386,4.4421,91.85,-0.247,23
1790510170.6,14.7381,4.4416,91.86,-0.077,25
1790510170.7,14.7362,4.4984,91.88,-0.016,25
1790510170.8,14.7354,4.5254,91.86,-0.196,24
1790510170.9,14.7346,4.5616,91.94,0.675,24
1790510171.0,14.7336,4.5868,91.92,-0.097,24
1790510171.1,14.7317,4.6254,91.95,0.616,23
1790510171.2,14.7322,4.6290,91.92,-0.287,24
1790510171.3,14.7302,4.6746,91.94,0.279,25
1790510171.4,14.7294,4.7271,91.96,-0.090,24
1790510171.5,14.7279,4.7455,91.96,0.062,24
1790510171.6,14.7272,4.7739,92.02,0.210,24
1790510171.7,14.7277,4.7628,92.00,0.024,26
1790510171.8,14.7271,4.7741,92.06,0.579,25
1790510171.9,14.7258,4.8114,92.04,0.024,27
1790510172.0,14.7237,4.8521,92.07,0.469,26
1790510172.1,14.7216,4.9113,92.05,-0.426,25
1790510172.2,14.7211,4.9333,92.05,0.238,24
1790510172.3,14.7214,4.9350,92.07,-0.048,29
1790510172.4,14.7203,4.9620,92.08,0.097,26
1790510172.5,14.7189,5.0009,92.15,0.540,24
1790510172.6,14.7182,5.0189,92.13,0.021,27
1790510172.7,14.7170,5.0555,92.15,0.458,25
1790510172.8,14.7144,5.1175,92.15,-0.052,26
1790510172.9,14.7144,5.1109,92.17,0.315,27
1790510173.0,14.7132,5.1513,92.18,-0.223,24
1790510173.1,14.7115,5.1825,92.18,0.190,25
1790510173.2,14.7109,5.2017,92.25,0.336,26
1790510173.3,14.7089,5.2461,92.24,0.137,24
1790510173.4,14.7084,5.2647,92.29,0.531,25
1790510173.5,14.7071,5.2988,92.27,-0.004,24
1790510173.6,14.7037,5.3489,92.27,0.326,27
1790510173.7,14.7026,5.3806,92.28,-0.225,25
1790510173.8,14.7010,5.4121,92.29,0.000,24
1790510173.9,14.7003,5.4373,92.37,0.167,25
1790510174.0,14.6996,5.4627,92.35,0.231,24
1790510174.1,14.6982,5.4860,92.41,0.418,25
1790510174.2,14.6978,5.5021,92.38,-0.025,26
1790510174.3,14.6938,5.5734,92.41,0.535,25
1790510174.4,14.6943,5.5875,92.41,-0.183,24
1790510174.5,14.6921,5.6287,92.41,0.368,28
1790510174.6,14.6924,5.6239,92.43,-0.210,24
1790510174.7,14.6921,5.6446,92.41,0.136,26
1790510174.8,14.6890,5.7054,92.47,0.210,25
1790510174.9,14.6886,5.7172,92.49,0.150,25
1790510175.0,14.6880,5.7306,92.52,0.612,25
1790510175.1,14.6847,5.7884,92.51,0.006,26
1790510175.2,14.6852,5.7861,92.54,0.328,25
1790510175.3,14.6829,5.8385,92.50,-0.590,24
1790510175.4,14.6814,5.8680,92.49,0.129,26
1790510175.5,14.6813,5.8776,92.54,-0.045,24
1790510175.6,14.6792,5.9192,92.53,0.074,28
1790510175.7,14.6763,5.9740,92.59,0.543,23
1790510175.8,14.6764,5.9837,92.55,-0.198,25
1790510175.9,14.6749,6.0134,92.55,0.451,27
1790510176.0,14.6733,6.0478,92.54,-0.556,26
1790510176.1,14.6704,6.0901,92.52,-0.365,24
1790510176.2,14.6693,6.1280,92.52,-0.123,26
1790510176.3,14.6693,6.1350,92.51,-0.123,26
1790510176.4,14.6673,6.1788,92.48,-0.334,26
1790510176.5,14.6663,6.2081,92.25,-2.398,25
1790510176.6,14.6646,6.2525,92.04,-1.964,24
1790510176.7,14.6657,6.2645,91.78,-3.034,26
1790510176.8,14.6654,6.2957,91.57,-2.353,25
1790510176.9,14.6656,6.3315,91.37,-1.550,26
1790510177.0,14.6655,6.3657,91.35,-0.023,26
1790510177.1,14.6650,6.3862,91.34,-0.073,26
1790510177.2,14.6638,6.4171,91.29,-0.177,25
1790510177.3,14.6627,6.4422,91.33,0.087,28
1790510177.4,14.6619,6.4806,91.29,-0.394,24
1790510177.5,14.6606,6.5275,91.32,0.294,28
1790510177.6,14.6611,6.5330,91.30,-0.386,25
1790510177.7,14.6593,6.5881,91.30,0.297,26
1790510177.8,14.6594,6.6085,91.28,-0.296,27
1790510177.9,14.6578,6.6473,91.26,-0.089,25
1790510178.0,14.6576,6.6787,91.25,-0.205,23
1790510178.1,14.6572,6.7043,91.26,0.325,27
1790510178.2,14.6563,6.7394,91.27,-0.117,26
1790510178.3,14.6557,6.7689,91.26,0.257,25
1790510178.4,14.6550,6.8096,91.28,0.093,23
1790510178.5,14.6541,6.8442,91.24,-0.384,26
1790510178.6,14.6531,6.8712,91.25,0.103,26
1790510178.7,14.6518,6.9124,91.24,-0.203,24
1790510178.8,14.6519,6.9239,91.28,0.372,25
1790510178.9,14.6509,6.9819,91.28,-0.198,22
1790510179.0,14.6503,6.9984,91.29,0.384,25
1790510179.1,14.6498,7.0264,91.31,-0.081,27
1790510179.2,14.6485,7.0668,91.32,0.302,24
1790510179.3,14.6472,7.1131,91.35,0.078,26
1790510179.4,14.6460,7.1637,91.36,0.407,24
1790510179.5,14.6452,7.1860,91.39,0.108,27
1790510179.6,14.6448,7.2104,91.38,0.086,25
1790510179.7,14.6442,7.2490,91.40,0.110,25
1790510179.8,14.6433,7.2846,91.40,0.339,24
1790510179.9,14.6423,7.3171,91.42,0.116,22
1790510180.0,14.6406,7.3739,91.43,0.221,26
1790510180.1,14.6411,7.3674,91.45,0.058,24
1790510180.2,14.6406,7.3878,91.43,0.162,26
1790510180.3,14.6396,7.4273,91.46,0.262,26
1790510180.4,14.6390,7.4520,91.43,-0.261,26
1790510180.5,14.6380,7.4880,91.46,0.180,26
1790510180.6,14.6373,7.5186,91.47,-0.213,24
1790510180.7,14.6367,7.5423,91.50,0.344,28
1790510180.8,14.6356,7.5754,91.52,0.073,25
1790510180.9,14.6351,7.6007,91.49,0.346,25
1790510181.0,14.6342,7.6312,91.50,0.120,26
1790510181.1,14.6333,7.6633,91.52,0.116,25
1790510181.2,14.6324,7.6990,91.54,0.140,25
1790510181.3,14.6316,7.7292,91.54,-0.120,27
1790510181.4,14.6309,7.7534,91.58,0.244,25
1790510181.5,14.6298,7.7919,91.57,-0.256,25
1790510181.6,14.6290,7.8208,91.58,0.298,26
1790510181.7,14.6281,7.8527,91.59,0.062,26
1790510181.8,14.6277,7.8680,91.57,0.086,25
1790510181.9,14.6267,7.8987,91.62,0.110,28
1790510182.0,14.6256,7.9399,91.59,-0.244,24
1790510182.1,14.6248,7.9704,91.62,0.219,27
1790510182.2,14.6240,7.9985,91.64,0.014,26
1790510182.3,14.6229,8.0383,91.65,0.293,25
1790510182.4,14.6220,8.0719,91.65,0.180,25
1790510182.5,14.6212,8.0979,91.62,0.046,23
1790510182.6,14.6204,8.1248,91.65,0.010,27
1790510182.7,14.6195,8.1532,91.70,-0.116,21
1790510182.8,14.6189,8.1762,91.69,0.415,25
1790510182.9,14.6181,8.2050,91.68,0.259,27
1790510183.0,14.6173,8.2326,91.66,-0.325,26
1790510183.1,14.6164,8.2609,91.72,0.109,25
1790510183.2,14.6154,8.2924,91.74,0.085,26
1790510183.3,14.6146,8.3200,91.75,0.379,26
1790510183.4,14.6138,8.3493,91.76,0.216,26
1790510183.5,14.6133,8.3640,91.76,-0.171,25
1790510183.6,14.6121,8.4035,91.77,0.117,25
1790510183.7,14.6113,8.4262,91.79,0.140,28
1790510183.8,14.6099,8.4678,91.80,0.245,25
1790510183.9,14.6092,8.4918,91.77,0.296,24
1790510184.0,14.6084,8.5169,91.76,-0.323,24
1790510184.1,14.6077,8.5372,91.81,0.139,25
1790510184.2,14.6067,8.5688,91.85,0.264,27
1790510184.3,14.6057,8.6035,91.83,0.253,25
1790510184.4,14.6048,8.6260,91.85,0.189,25
1790510184.5,14.6039,8.6586,91.82,-0.180,25
1790510184.6,14.6031,8.6834,91.87,0.102,24
1790510184.7,14.6020,8.7104,91.91,0.036,25
1790510184.8,14.6010,8.7480,91.94,0.533,24
1790510184.9,14.6000,8.7745,91.92,0.097,26
1790510185.0,14.5990,8.8043,91.87,-0.420,27
1790510185.1,14.5985,8.8194,91.91,-0.024,26
1790510185.2,14.5974,8.8558,91.90,-0.183,26
1790510185.3,14.5962,8.8850,91.93,0.504,25
1790510185.4,14.5954,8.9133,91.95,0.174,26
1790510185.5,14.5943,8.9421,91.91,0.015,27
1790510185.6,14.5933,8.9725,91.94,0.133,26
1790510185.7,14.5922,9.0059,91.97,-0.074,27
1790510185.8,14.5913,9.0321,92.00,0.267,23
1790510185.9,14.5904,9.0588,92.01,0.313,26
1790510186.0,14.5892,9.0914,91.99,0.096,24
1790510186.1,14.5881,9.1179,92.00,0.014,24
1790510186.2,14.5871,9.1487,92.01,-0.181,26
1790510186.3,14.5859,9.1813,92.03,0.238,26
1790510186.4,14.5850,9.2079,92.04,0.258,24
1790510186.5,14.5840,9.2361,91.99,-0.008,25
1790510186.6,14.5829,9.2700,92.02,0.133,24
1790510186.7,14.5819,9.2977,92.01,-0.426,23
1790510186.8,14.5812,9.3150,92.03,0.375,26
1790510186.9,14.5798,9.3560,92.09,0.246,25
1790510187.0,14.5786,9.3872,92.07,0.154,26
1790510187.1,14.5776,9.4175,92.07,0.169,28
1790510187.2,14.5763,9.4500,92.06,-0.443,25
1790510187.3,14.5756,9.4698,92.13,0.434,25
1790510187.4,14.5745,9.4980,92.08,-0.812,25
1790510187.5,14.5738,9.5172,91.92,-1.215,26
1790510187.6,14.5731,9.5411,91.82,-0.974,26
1790510187.7,14.5724,9.5690,91.74,-1.099,26
1790510187.8,14.5714,9.6013,91.68,-0.630,24
1790510187.9,14.5706,9.6308,91.59,-0.915,25
1790510188.0,14.5702,9.6534,91.41,-1.612,24
1790510188.1,14.5697,9.6795,91.30,-1.087,25
1790510188.2,14.5692,9.7040,91.24,-0.475,26
1790510188.3,14.5685,9.7427,91.19,-0.588,25
1790510188.4,14.5682,9.7644,91.12,-0.530,25
1790510188.5,14.5680,9.7735,91.10,-0.470,26
1790510188.6,14.5675,9.8137,91.00,-0.673,25
1790510188.7,14.5671,9.8370,90.94,-0.743,25
1790510188.8,14.5667,9.8652,90.91,-0.425,25
1790510188.9,14.5665,9.8931,90.85,-0.525,26
1790510189.0,14.5663,9.9209,90.78,-0.523,26
1790510189.1,14.5659,9.9406,90.76,-0.363,25
1790510189.2,14.5657,9.9699,90.70,-0.656,27
1790510189.3,14.5654,9.9990,90.66,-0.342,26
1790510189.4,14.5652,10.0267,90.63,-0.406,25
1790510189.5,14.5650,10.0516,90.56,-0.578,26
1790510189.6,14.5648,10.0758,90.54,-0.141,25
1790510189.7,14.5646,10.1062,90.50,-0.494,24
1790510189.8,14.5644,10.1320,90.45,-0.378,25
1790510189.9,14.5643,10.1529,90.46,0.062,25
1790510190.0,14.5641,10.1851,90.40,-0.643,25
1790510190.1,14.5640,10.1982,90.38,-0.290,26
1790510190.2,14.5638,10.2338,90.40,0.413,25
1790510190.3,14.5636,10.2618,90.39,-0.188,25
1790510190.4,14.5635,10.2942,90.35,-0.290,27
1790510190.5,14.5633,10.3206,90.36,0.048,25
1790510190.6,14.5632,10.3447,90.35,-0.096,27
1790510190.7,14.5631,10.3680,90.32,-0.059,25
1790510190.8,14.5629,10.3918,90.35,0.055,24
1790510190.9,14.5627,10.4239,90.35,0.016,25
1790510191.0,14.5627,10.4478,90.34,-0.048,26
1790510191.1,14.5625,10.4684,90.34,-0.157,26
1790510191.2,14.5623,10.4947,90.36,0.320,26
1790510191.3,14.5623,10.5199,90.35,0.196,23
1790510191.4,14.5621,10.5434,90.31,-0.700,24
1790510191.5,14.5619,10.5669,90.30,-0.036,25
1790510191.6,14.5618,10.5996,90.36,0.580,26
1790510191.7,14.5617,10.6170,90.34,-0.223,27
1790510191.8,14.5617,10.6315,90.33,-0.278,27
1790510191.9,14.5613,10.6757,90.32,0.208,26
1790510192.0,14.5612,10.7020,90.34,0.090,23
1790510192.1,14.5611,10.7273,90.33,-0.043,28
1790510192.2,14.5610,10.7488,90.33,-0.433,25
1790510192.3,14.5609,10.7647,90.33,0.771,26
1790510192.4,14.5607,10.7756,90.25,-0.573,25
1790510192.5,14.5607,10.7697,90.36,0.021,24
1790510192.6,14.5607,10.7659,90.37,0.481,26
1790510192.7,14.5607,10.7666,90.36,0.112,27
1790510192.8,14.5607,10.7668,90.35,-0.085,26
1790510192.9,14.5607,10.7663,90.35,-0.073,26
1790510193.0,14.5607,10.7660,90.35,-0.003,24
1790510193.1,14.5607,10.7661,90.35,0.006,24
1790510193.2,14.5607,10.7664,90.35,-0.055,25
1790510193.3,14.5607,10.7662,90.26,-1.526,25
1790510193.4,14.5607,10.7658,89.95,-3.172,26
1790510193.5,14.5607,10.7655,89.73,-4.663,25
1790510193.6,14.5608,10.7682,89.06,-5.054,25
1790510193.7,14.5606,10.7629,88.52,-5.490,25
1790510193.8,14.5611,10.7710,87.97,-5.469,23
1790510193.9,14.5608,10.7674,87.43,-5.425,26
1790510194.0,14.5609,10.7691,86.91,-5.984,22
1790510194.1,14.5612,10.7720,86.07,-8.881,26
1790510194.2,14.5608,10.7669,85.10,-11.008,25
1790510194.3,14.5606,10.7653,83.36,-15.977,23
1790510194.4,14.5607,10.7659,81.82,-15.777,26
1790510194.5,14.5610,10.7676,80.23,-16.462,27
1790510194.6,14.5609,10.7674,78.63,-15.944,25
1790510194.7,14.5606,10.7666,77.04,-15.749,25
1790510194.8,14.5611,10.7681,75.46,-16.248,24
1790510194.9,14.5613,10.7683,73.83,-15.462,25
1790510195.0,14.5609,10.7670,72.13,-16.395,26
1790510195.1,14.5588,10.7624,70.48,-16.518,24
1790510195.2,14.5614,10.7679,69.59,-17.062,26
1790510195.3,14.5618,10.7690,67.32,-17.495,25
1790510195.4,14.5594,10.7641,65.49,-18.765,25
1790510195.5,14.5608,10.7662,63.33,-19.630,24
1790510195.6,14.5586,10.7628,62.06,-19.675,22
1790510195.7,14.5604,10.7656,59.41,-20.196,25
1790510195.8,14.5575,10.7615,57.47,-19.887,24
1790510195.9,14.5574,10.7616,55.37,-20.836,23
1790510196.0,14.5576,10.7619,53.39,-20.113,25
1790510196.1,14.5600,10.7642,51.30,-21.987,25
1790510196.2,14.5515,10.7558,49.02,-22.972,25
1790510196.3,14.5578,10.7611,46.55,-24.462,25
1790510196.4,14.5506,10.7561,44.18,-23.984,25
1790510196.5,14.5488,10.7549,41.80,-22.985,26
1790510196.6,14.5489,10.7548,39.27,-24.457,26
1790510196.7,14.5495,10.7553,36.87,-24.549,27
1790510196.8,14.5489,10.7548,34.41,-24.711,23
1790510196.9,14.5485,10.7545,31.85,-25.806,25
1790510197.0,14.5493,10.7551,29.40,-24.635,26
1790510197.1,14.5499,10.7554,26.87,-24.406,24
1790510197.2,14.5500,10.7554,24.57,-24.345,26
1790510197.3,14.5497,10.7553,22.03,-24.488,25
1790510197.4,14.5493,10.7551,19.58,-25.104,22
1790510197.5,14.5498,10.7553,17.01,-23.689,24
1790510197.6,14.5498,10.7553,14.69,-24.243,27
1790510197.7,14.5497,10.7553,12.16,-23.873,26
1790510197.8,14.5501,10.7554,9.87,-23.561,25
1790510197.9,14.5489,10.7551,7.24,-25.571,24
1790510198.0,14.5482,10.7551,4.82,-24.486,26
1790510198.1,14.5495,10.7553,2.12,-25.949,25
1790510198.2,14.5504,10.7553,0.82,-25.880,24
1790510198.3,14.5497,10.7552,-2.77,-25.915,25
1790510198.4,14.5490,10.7552,-5.24,-24.749,25
1790510198.5,14.5483,10.7553,-7.48,-22.602,25
1790510198.6,14.5492,10.7552,-9.97,-24.906,27
1790510198.7,14.5496,10.7551,-12.31,-23.629,26
1790510198.8,14.5494,10.7552,-14.90,-23.087,22
1790510198.9,14.5496,10.7551,-17.25,-23.923,24
1790510199.0,14.5495,10.7551,-19.67,-22.968,25
1790510199.1,14.5494,10.7552,-21.87,-23.644,27
1790510199.2,14.5495,10.7551,-24.26,-23.320,25
1790510199.3,14.5495,10.7551,-26.60,-24.423,26
1790510199.4,14.5498,10.7550,-28.88,-23.053,26
1790510199.5,14.5495,10.7551,-31.28,-23.307,27
1790510199.6,14.5493,10.7553,-33.77,-24.249,27
1790510199.7,14.5495,10.7551,-36.22,-22.978,25
1790510199.8,14.5495,10.7552,-38.19,-23.214,25
1790510199.9,14.5495,10.7551,-40.70,-22.715,26
1790510200.0,14.5496,10.7550,-43.04,-23.470,24
1790510200.1,14.5496,10.7550,-45.23,-22.441,26
1790510200.2,14.5496,10.7550,-47.50,-22.734,24
1790510200.3,14.5492,10.7554,-49.79,-23.513,25
1790510200.4,14.5489,10.7559,-52.03,-22.156,26
1790510200.5,14.5493,10.7554,-54.26,-22.534,27
1790510200.6,14.5496,10.7549,-56.60,-21.900,22
1790510200.7,14.5497,10.7548,-58.73,-22.801,28
1790510200.8,14.5494,10.7551,-61.04,-22.042,27
1790510200.9,14.5494,10.7553,-63.12,-22.216,22
1790510201.0,14.5494,10.7556,-65.58,-23.100,26
1790510201.1,14.5496,10.7552,-67.78,-21.712,26
1790510201.2,14.5496,10.7550,-70.00,-22.245,27
1790510201.3,14.5505,10.7498,-72.22,-21.767,27
1790510201.4,14.5506,10.7490,-74.55,-22.550,25
1790510201.5,14.5503,10.7510,-75.64,-21.188,26
1790510201.6,14.5504,10.7508,-77.86,-21.679,26
1790510201.7,14.5512,10.7431,-80.81,-22.659,25
1790510201.8,14.5512,10.7407,-83.01,-21.772,25
1790510201.9,14.5511,10.7455,-85.20,-22.233,25
1790510202.0,14.5511,10.7460,-87.27,-19.886,23
1790510202.1,14.5506,10.7374,-89.23,-13.144,25
1790510202.2,14.5510,10.7408,-88.73,4.737,23
1790510202.3,14.5511,10.7425,-88.72,0.376,25
1790510202.4,14.5513,10.7389,-88.73,0.129,25
1790510202.5,14.5514,10.7387,-88.72,0.087,25
1790510202.6,14.5512,10.7413,-88.70,0.047,26
1790510202.7,14.5513,10.7397,-88.71,0.021,26
1790510202.8,14.5513,10.7402,-88.71,-0.019,23
1790510202.9,14.5513,10.7399,-88.70,0.037,26
1790510203.0,14.5513,10.7405,-88.70,-0.019,23
1790510203.1,14.5513,10.7407,-88.71,-0.022,26
1790510203.2,14.5513,10.7405,-88.71,-0.023,25
1790510203.3,14.5513,10.7410,-88.70,0.015,24
1790510203.4,14.5513,10.7409,-88.71,0.023,25
1790510203.5,14.5513,10.7415,-88.70,0.037,27
1790510203.6,14.5513,10.7401,-88.70,-0.002,25
1790510203.7,14.5513,10.7391,-88.69,0.065,25
1790510203.8,14.5513,10.7402,-88.68,0.053,27
1790510203.9,14.5513,10.7396,-88.68,0.010,27
1790510204.0,14.5513,10.7387,-88.68,0.028,25
1790510204.1,14.5513,10.7428,-88.68,-0.004,26
1790510204.2,14.5512,10.7434,-88.69,-0.009,27
1790510204.3,14.5512,10.7434,-88.68,-0.041,24
1790510204.4,14.5513,10.7420,-88.68,0.021,26
1790510204.5,14.5513,10.7421,-88.67,0.010,23
1790510204.6,14.5513,10.7427,-88.67,-0.018,26
1790510204.7,14.5513,10.7425,-88.67,-0.000,22
1790510204.8,14.5513,10.7431,-88.67,-0.007,27
1790510204.9,14.5512,10.7450,-88.67,0.036,24
1790510205.0,14.5513,10.7433,-88.68,-0.021,24
1790510205.1,14.5513,10.7436,-88.68,-0.015,26
1790510205.2,14.5513,10.7437,-88.68,-0.006,28
1790510205.3,14.5513,10.7433,-88.68,-0.017,22
1790510205.4,14.5512,10.7440,-88.68,-0.010,25
1790510205.5,14.5513,10.7428,-88.68,-0.011,27
1790510205.6,14.5513,10.7441,-88.68,-0.010,24
1790510205.7,14.5513,10.7437,-88.68,0.053,27
1790510205.8,14.5513,10.7434,-88.67,0.001,25
1790510205.9,14.5513,10.7440,-88.68,-0.003,26
1790510206.0,14.5513,10.7435,-88.68,-0.015,26
1790510206.1,14.5513,10.7440,-88.68,0.014,26
1790510206.2,14.5513,10.7439,-88.67,0.018,25
1790510206.3,14.5512,10.7443,-88.68,-0.013,25
1790510206.4,14.5513,10.7440,-88.68,-0.000,25
1790510206.5,14.5513,10.7435,-88.68,-0.028,25
1790510206.6,14.5513,10.7431,-88.68,-0.021,26
1790510206.7,14.5513,10.7439,-88.69,-0.035,24
1790510206.8,14.5513,10.7437,-88.68,0.013,26
1790510206.9,14.5513,10.7444,-88.69,-0.024,27
1790510207.0,14.5513,10.7443,-88.69,-0.015,25
1790510207.1,14.5513,10.7446,-88.69,-0.015,25
1790510207.2,14.5513,10.7448,-88.69,-0.040,25
1790510207.3,14.5512,10.7456,-88.69,-0.012,26
1790510207.4,14.5512,10.7454,-88.69,-0.008,24
1790510207.5,14.5512,10.7458,-88.69,-0.021,25
1790510207.6,14.5512,10.7458,-88.70,-0.010,27
1790510207.7,14.5513,10.7433,-88.70,-0.026,24
1790510207.8,14.5513,10.7440,-88.69,-0.006,24
1790510207.9,14.5513,10.7440,-88.70,0.016,26
1790510208.0,14.5513,10.7435,-88.70,-0.010,26
1790510208.1,14.5513,10.7442,-88.70,-0.023,26
1790510208.2,14.5513,10.7431,-88.69,0.009,25
1790510208.3,14.5513,10.7431,-88.70,0.021,24
1790510208.4,14.5513,10.7434,-88.69,0.016,26
1790510208.5,14.5513,10.7434,-88.70,-0.017,25
1790510208.6,14.5513,10.7438,-88.70,-0.009,26
1790510208.7,14.5513,10.7435,-88.70,-0.016,25
1790510208.8,14.5513,10.7429,-88.69,-0.018,25
1790510208.9,14.5513,10.7432,-88.70,-0.004,26
1790510209.0,14.5513,10.7427,-88.69,0.026,25
1790510209.1,14.5513,10.7434,-88.70,0.012,27
1790510209.2,14.5513,10.7426,-88.69,0.031,27
1790510209.3,14.5513,10.7420,-88.69,0.028,24
1790510209.4,14.5514,10.7417,-88.69,-0.022,23
1790510209.5,14.5513,10.7431,-88.69,0.003,25
1790510209.6,14.5514,10.7413,-88.69,-0.011,25
1790510209.7,14.5513,10.7420,-88.68,0.020,24
1790510209.8,14.5513,10.7421,-88.70,-0.021,25
1790510209.9,14.5514,10.7411,-88.69,0.027,26
1790510210.0,14.5514,10.7421,-88.69,0.009,25
1790510210.1,14.5514,10.7421,-88.68,0.007,27
1790510210.2,14.5513,10.7429,-88.69,0.018,26
1790510210.3,14.5513,10.7430,-88.68,-0.011,26
1790510210.4,14.5514,10.7417,-88.68,0.003,24
1790510210.5,14.5514,10.7420,-88.67,0.037,26
1790510210.6,14.5514,10.7421,-88.67,0.010,26
1790510210.7,14.5514,10.7416,-88.68,-0.006,28
1790510210.8,14.5514,10.7423,-88.67,0.009,26
1790510210.9,14.5514,10.7419,-88.67,-0.019,26
1790510211.0,14.5513,10.7429,-88.68,-0.032,26
1790510211.1,14.5514,10.7421,-88.67,-0.026,24
1790510211.2,14.5514,10.7416,-88.67,-0.001,21
1790510211.3,14.5514,10.7416,-88.67,-0.010,26
1790510211.4,14.5514,10.7417,-88.66,-0.011,24
1790510211.5,14.5514,10.7414,-88.66,-0.031,25
1790510211.6,14.5515,10.7395,-88.65,0.005,27
1790510211.7,14.5515,10.7390,-88.64,0.018,24
1790510211.8,14.5515,10.7395,-88.65,0.028,27
1790510211.9,14.5515,10.7393,-88.65,-0.033,25
1790510212.0,14.5515,10.7388,-88.65,0.006,27
1790510212.1,14.5515,10.7397,-88.65,0.027,25
1790510212.2,14.5514,10.7413,-88.65,0.013,25
1790510212.3,14.5515,10.7407,-88.65,-0.016,26
1790510212.4,14.5515,10.7407,-88.64,0.014,26
1790510212.5,14.5514,10.7412,-88.66,-0.050,26
1790510212.6,14.5514,10.7411,-88.65,-0.051,25
1790510212.7,14.5515,10.7401,-88.65,0.047,26
1790510212.8,14.5515,10.7406,-88.66,-0.047,27
1790510212.9,14.5515,10.7402,-88.66,-0.035,24
1790510213.0,14.5515,10.7400,-88.66,-0.026,22
1790510213.1,14.5514,10.7417,-88.66,-0.031,27
1790510213.2,14.5514,10.7414,-88.66,-0.004,25
1790510213.3,14.5515,10.7399,-88.66,-0.030,25
1790510213.4,14.5515,10.7398,-88.66,0.027,27
1790510213.5,14.5515,10.7393,-88.66,0.002,26
1790510213.6,14.5515,10.7404,-88.75,-0.595,26
1790510213.7,14.5515,10.7406,-88.73,-0.119,26
1790510213.8,14.5516,10.7376,-88.81,-1.167,26
1790510213.9,14.5517,10.7303,-88.70,1.234,26
1790510214.0,14.5520,10.7149,-88.73,-0.130,24
1790510214.1,14.5524,10.6973,-88.78,0.128,27
1790510214.2,14.5529,10.6767,-88.76,-0.116,24
1790510214.3,14.5534,10.6559,-88.78,-0.418,25
1790510214.4,14.5536,10.6411,-88.77,0.034,26
1790510214.5,14.5542,10.6197,-88.84,-0.200,24
1790510214.6,14.5545,10.6027,-88.75,0.439,27
1790510214.7,14.5550,10.5807,-88.77,-0.523,23
1790510214.8,14.5557,10.5532,-88.84,-0.199,26
1790510214.9,14.5561,10.5304,-88.83,0.209,28
1790510215.0,14.5565,10.5048,-88.82,-0.007,25
1790510215.1,14.5572,10.4746,-88.84,0.156,26
1790510215.2,14.5577,10.4500,-88.85,-0.297,25
1790510215.3,14.5582,10.4188,-88.84,0.067,25
1790510215.4,14.5588,10.3947,-88.83,0.265,27
1790510215.5,14.5594,10.3644,-88.84,-0.203,25
1790510215.6,14.5599,10.3371,-88.86,-0.041,23
1790510215.7,14.5605,10.3095,-88.82,0.236,25
1790510215.8,14.5610,10.2837,-88.83,-0.052,26
1790510215.9,14.5615,10.2609,-88.85,0.031,24
1790510216.0,14.5620,10.2350,-88.82,-0.020,23
1790510216.1,14.5626,10.2073,-88.81,0.063,26
1790510216.2,14.5631,10.1798,-88.82,0.248,26
1790510216.3,14.5636,10.1565,-88.80,0.011,25
1790510216.4,14.5642,10.1244,-88.81,0.041,24
1790510216.5,14.5648,10.0976,-88.79,0.374,25
1790510216.6,14.5653,10.0732,-88.80,-0.219,24
1790510216.7,14.5660,10.0464,-88.81,-0.057,25
1790510216.8,14.5663,10.0295,-88.81,0.147,25
1790510216.9,14.5671,9.9904,-88.80,0.040,26
1790510217.0,14.5677,9.9615,-88.79,-0.046,26
1790510217.1,14.5682,9.9359,-88.78,0.051,26
1790510217.2,14.5689,9.9078,-88.77,0.102,24
1790510217.3,14.5696,9.8848,-88.75,-0.026,24
1790510217.4,14.5700,9.8586,-88.75,0.213,26
1790510217.5,14.5707,9.8305,-88.74,0.089,26
1790510217.6,14.5713,9.8031,-88.73,0.032,25
1790510217.7,14.5718,9.7802,-88.71,0.224,26
1790510217.8,14.5726,9.7500,-88.69,0.158,24
1790510217.9,14.5733,9.7225,-88.69,0.072,26
1790510218.0,14.5738,9.7001,-88.66,0.302,25
1790510218.1,14.5744,9.6731,-88.67,0.017,26
1790510218.2,14.5751,9.6496,-88.66,0.113,27
1790510218.3,14.5758,9.6176,-88.65,-0.017,24
1790510218.4,14.5764,9.5952,-88.64,0.131,25
1790510218.5,14.5771,9.5623,-88.63,0.243,26
1790510218.6,14.5777,9.5446,-88.62,0.012,25
1790510218.7,14.5780,9.5284,-88.63,-0.009,27
1790510218.8,14.5790,9.4925,-88.59,0.377,27
1790510218.9,14.5797,9.4656,-88.59,0.030,25
1790510219.0,14.5802,9.4424,-88.59,0.103,21
1790510219.1,14.5808,9.4208,-88.56,0.095,26
1790510219.2,14.5815,9.3933,-88.56,0.013,24
1790510219.3,14.5821,9.3692,-88.56,0.194,27
1790510219.4,14.5828,9.3423,-88.55,-0.037,27
1790510219.5,14.5835,9.3141,-88.55,-0.003,24
1790510219.6,14.5840,9.2913,-88.55,0.297,25
1790510219.7,14.5849,9.2594,-88.53,-0.099,25
1790510219.8,14.5855,9.2353,-88.53,-0.009,26
1790510219.9,14.5862,9.2056,-88.51,0.200,25
1790510220.0,14.5867,9.1872,-88.50,0.116,26
1790510220.1,14.5871,9.1736,-88.49,0.202,25
1790510220.2,14.5879,9.1412,-88.46,0.273,26
1790510220.3,14.5887,9.1124,-88.47,0.131,27
1790510220.4,14.5895,9.0853,-88.46,-0.073,25
1790510220.5,14.5903,9.0586,-88.44,0.012,23
1790510220.6,14.5911,9.0223,-88.45,0.043,26
1790510220.7,14.5917,9.0004,-88.46,0.143,24
1790510220.8,14.5926,8.9741,-88.43,0.032,27
1790510220.9,14.5935,8.9435,-88.42,0.061,24
1790510221.0,14.5941,8.9207,-88.41,0.184,26
1790510221.1,14.5949,8.8886,-88.42,-0.071,25
1790510221.2,14.5956,8.8644,-88.41,0.077,25
1790510221.3,14.5963,8.8397,-88.39,0.225,26
1790510221.4,14.5972,8.8077,-88.39,-0.073,25
1790510221.5,14.5975,8.7987,-88.39,0.161,30
1790510221.6,14.5985,8.7607,-88.35,0.124,27
1790510221.7,14.5993,8.7370,-88.34,0.112,23
1790510221.8,14.5999,8.7154,-88.33,0.294,25
1790510221.9,14.6008,8.6876,-88.31,0.055,25
1790510222.0,14.6017,8.6562,-88.31,-0.013,25
1790510222.1,14.6025,8.6325,-88.28,0.142,25
1790510222.2,14.6031,8.6109,-88.28,0.128,26
1790510222.3,14.6039,8.5842,-88.28,0.119,25
1790510222.4,14.6046,8.5613,-88.26,0.046,24
1790510222.5,14.6057,8.5317,-88.26,0.042,26
1790510222.6,14.6064,8.5068,-88.25,0.265,24
1790510222.7,14.6075,8.4711,-88.24,0.000,26
1790510222.8,14.6084,8.4414,-88.23,0.130,25
1790510222.9,14.6092,8.4173,-88.20,0.321,23
1790510223.0,14.6100,8.3888,-88.20,0.011,26
1790510223.1,14.6106,8.3691,-88.20,0.013,28
1790510223.2,14.6114,8.3436,-88.18,0.191,24
1790510223.3,14.6124,8.3156,-88.18,-0.011,25
1790510223.4,14.6132,8.2861,-88.20,0.146,25
1790510223.5,14.6141,8.2628,-88.17,-0.149,24
1790510223.6,14.6149,8.2359,-88.17,0.074,26
1790510223.7,14.6157,8.2096,-88.16,0.200,23
1790510223.8,14.6165,8.1885,-88.15,0.082,26
1790510223.9,14.6175,8.1568,-88.15,-0.030,27
1790510224.0,14.6182,8.1334,-88.14,0.186,26
1790510224.1,14.6192,8.1021,-88.12,0.079,23
1790510224.2,14.6200,8.0779,-88.11,0.188,28
1790510224.3,14.6204,8.0637,-88.11,0.100,26
1790510224.4,14.6214,8.0394,-88.10,-0.078,25
1790510224.5,14.6226,8.0035,-88.10,0.048,24
1790510224.6,14.6233,7.9826,-88.07,0.184,25
1790510224.7,14.6241,7.9570,-88.07,0.116,25
1790510224.8,14.6251,7.9274,-88.06,0.229,27
1790510224.9,14.6262,7.8967,-88.04,-0.051,26
1790510225.0,14.6270,7.8741,-88.05,-0.053,25
1790510225.1,14.6276,7.8579,-88.03,0.413,26
1790510225.2,14.6286,7.8280,-88.01,-0.145,24
1790510225.3,14.6300,7.7921,-88.00,0.043,24
1790510225.4,14.6307,7.7664,-87.97,0.358,25
1790510225.5,14.6317,7.7421,-87.96,0.133,25
1790510225.6,14.6327,7.7156,-87.97,0.021,26
1790510225.7,14.6337,7.6870,-87.92,0.137,27
1790510225.8,14.6344,7.6672,-87.93,0.019,26
1790510225.9,14.6355,7.6397,-87.92,0.287,25
1790510226.0,14.6364,7.6161,-87.91,-0.020,25
1790510226.1,14.6375,7.5859,-87.91,-0.013,26
1790510226.2,14.6382,7.5649,-87.89,0.235,26
1790510226.3,14.6393,7.5372,-87.88,0.043,25
1790510226.4,14.6401,7.5153,-87.88,0.042,25
1790510226.5,14.6411,7.4889,-87.85,0.199,26
1790510226.6,14.6420,7.4654,-87.83,0.162,24
1790510226.7,14.6431,7.4363,-87.83,0.203,27
1790510226.8,14.6438,7.4195,-87.82,-0.002,25
1790510226.9,14.6451,7.3858,-87.81,0.081,24
1790510227.0,14.6455,7.3748,-87.81,0.338,26
1790510227.1,14.6468,7.3399,-87.80,-0.096,25
1790510227.2,14.6479,7.3099,-87.82,-0.058,25
1790510227.3,14.6489,7.2881,-87.76,0.057,26
1790510227.4,14.6501,7.2555,-87.77,0.050,24
1790510227.5,14.6508,7.2383,-87.77,0.243,25
1790510227.6,14.6518,7.2136,-87.79,-0.213,26
1790510227.7,14.6527,7.1894,-87.76,0.030,26
1790510227.8,14.6538,7.1544,-87.73,0.435,23
1790510227.9,14.6546,7.1359,-87.74,0.094,27
1790510228.0,14.6559,7.0995,-87.74,-0.035,25
1790510228.1,14.6567,7.0770,-87.72,0.041,27
1790510228.2,14.6579,7.0479,-87.73,0.082,24
1790510228.3,14.6589,7.0252,-87.72,0.040,25
1790510228.4,14.6600,6.9975,-87.71,0.053,23
1790510228.5,14.6610,6.9703,-87.71,0.056,28
1790510228.6,14.6620,6.9441,-87.71,0.218,26
1790510228.7,14.6633,6.9164,-87.69,-0.025,26
1790510228.8,14.6642,6.8927,-87.71,-0.001,26
1790510228.9,14.6653,6.8654,-87.68,0.272,25
1790510229.0,14.6663,6.8373,-87.67,0.057,26
1790510229.1,14.6673,6.8136,-87.66,0.006,26
1790510229.2,14.6686,6.7841,-87.64,0.353,25
1790510229.3,14.6699,6.7524,-87.62,0.094,23
1790510229.4,14.6711,6.7246,-87.62,0.033,25
1790510229.5,14.6720,6.7018,-87.57,0.370,25
1790510229.6,14.6733,6.6712,-87.57,0.100,25
1790510229.7,14.6739,6.6579,-87.58,0.072,25
1790510229.8,14.6754,6.6221,-87.55,0.137,25
1790510229.9,14.6766,6.5947,-87.53,0.072,25
1790510230.0,14.6775,6.5738,-87.53,0.220,23
1790510230.1,14.6787,6.5469,-87.52,0.029,27
1790510230.2,14.6799,6.5164,-87.53,-0.190,24
1790510230.3,14.6808,6.4977,-87.49,0.297,25
1790510230.4,14.6818,6.4720,-87.49,0.121,24
1790510230.5,14.6832,6.4422,-87.49,0.097,26
1790510230.6,14.6841,6.4227,-87.46,0.124,25
1790510230.7,14.6859,6.3824,-87.46,-0.078,25
1790510230.8,14.6866,6.3626,-87.44,0.515,24
1790510230.9,14.6876,6.3368,-87.45,-0.124,24
1790510231.0,14.6890,6.3082,-87.46,-0.092,25
1790510231.1,14.6895,6.2963,-87.43,0.360,25
1790510231.2,14.6912,6.2554,-87.42,0.070,26
1790510231.3,14.6925,6.2316,-87.43,0.101,25
1790510231.4,14.6936,6.2060,-87.40,-0.084,25
1790510231.5,14.6948,6.1793,-87.39,0.220,25
1790510231.6,14.6955,6.1651,-87.38,0.308,26
1790510231.7,14.6970,6.1295,-87.39,-0.135,25
1790510231.8,14.6983,6.1032,-87.36,0.183,26
1790510231.9,14.6995,6.0780,-87.35,0.203,24
1790510232.0,14.7003,6.0609,-87.37,-0.203,22
1790510232.1,14.7017,6.0298,-87.35,0.120,21
1790510232.2,14.7033,5.9966,-87.31,0.308,26
1790510232.3,14.7047,5.9650,-87.31,0.069,24
1790510232.4,14.7058,5.9405,-87.32,-0.012,25
1790510232.5,14.7066,5.9248,-87.30,0.245,27
1790510232.6,14.7080,5.8938,-87.29,0.016,24
1790510232.7,14.7094,5.8642,-87.30,0.054,24
1790510232.8,14.7108,5.8372,-87.25,0.249,26
1790510232.9,14.7121,5.8084,-87.25,-0.003,25
1790510233.0,14.7133,5.7860,-87.25,0.176,26
1790510233.1,14.7143,5.7653,-87.23,0.063,25
1790510233.2,14.7161,5.7265,-87.23,0.101,25
1790510233.3,14.7169,5.7090,-87.21,0.435,26
1790510233.4,14.7183,5.6827,-87.20,-0.006,27
1790510233.5,14.7194,5.6610,-87.20,-0.081,26
1790510233.6,14.7215,5.6227,-87.15,0.261,24
1790510233.7,14.7228,5.5963,-87.16,0.020,25
1790510233.8,14.7238,5.5772,-87.15,0.216,24
1790510233.9,14.7248,5.5516,-87.14,-0.006,23
1790510234.0,14.7264,5.5225,-87.14,0.013,26
1790510234.1,14.7276,5.5017,-87.13,0.282,25
1790510234.2,14.7290,5.4724,-87.12,0.100,22
1790510234.3,14.7303,5.4471,-87.12,-0.004,25
1790510234.4,14.7319,5.4153,-87.08,0.271,26
1790510234.5,14.7334,5.3874,-87.09,-0.006,25
1790510234.6,14.7348,5.3614,-87.08,0.325,24
1790510234.7,14.7361,5.3344,-87.07,-0.023,26
1790510234.8,14.7375,5.3081,-87.07,-0.054,25
1790510234.9,14.7388,5.2827,-87.05,0.323,24
1790510235.0,14.7401,5.2583,-87.05,-0.068,26
1790510235.1,14.7413,5.2350,-87.05,-0.033,28
1790510235.2,14.7422,5.2175,-87.03,0.226,26
1790510235.3,14.7441,5.1809,-86.99,0.294,24
1790510235.4,14.7455,5.1564,-87.00,-0.017,25
1790510235.5,14.7471,5.1247,-86.99,0.154,22
1790510235.6,14.7484,5.1007,-86.97,0.212,25
1790510235.7,14.7498,5.0754,-86.97,0.085,26
1790510235.8,14.7513,5.0463,-86.96,-0.132,25
1790510235.9,14.7528,5.0177,-86.97,0.181,26
1790510236.0,14.7539,4.9980,-86.95,0.256,25
1790510236.1,14.7553,4.9711,-86.94,0.097,24
1790510236.2,14.7569,4.9427,-86.92,0.064,26
1790510236.3,14.7583,4.9169,-86.90,0.317,25
1790510236.4,14.7601,4.8861,-86.90,-0.070,25
1790510236.5,14.7611,4.8663,-86.90,0.042,25
1790510236.6,14.7623,4.8447,-86.86,0.301,21
1790510236.7,14.7638,4.8156,-86.87,0.027,25
1790510236.8,14.7657,4.7850,-86.84,0.099,26
1790510236.9,14.7671,4.7555,-86.82,0.181,23
1790510237.0,14.7684,4.7325,-86.81,0.116,22
1790510237.1,14.7697,4.7102,-86.80,0.228,27
1790510237.2,14.7710,4.6862,-86.79,-0.011,23
1790510237.3,14.7731,4.6523,-86.79,0.027,24
1790510237.4,14.7743,4.6295,-86.76,0.284,24
1790510237.5,14.7759,4.6017,-86.75,0.136,26
1790510237.6,14.7773,4.5775,-86.75,0.034,25
1790510237.7,14.7787,4.5557,-86.73,0.148,25
1790510237.8,14.7799,4.5357,-86.72,0.179,25
1790510237.9,14.7824,4.4961,-86.72,0.084,28
1790510238.0,14.7832,4.4814,-86.71,0.060,26
1790510238.1,14.7848,4.4500,-86.69,0.181,26
1790510238.2,14.7864,4.4239,-86.67,0.311,26
1790510238.3,14.7880,4.4014,-86.66,-0.033,25
1790510238.4,14.7899,4.3679,-86.65,0.028,26
1790510238.5,14.7905,4.3509,-86.65,0.242,26
1790510238.6,14.7911,4.3455,-86.64,-0.029,25
1790510238.7,14.7943,4.2964,-86.65,0.035,25
1790510238.8,14.7948,4.2778,-86.61,0.201,25
1790510238.9,14.7971,4.2363,-86.61,0.036,26
1790510239.0,14.7944,4.2852,-86.62,0.075,24
1790510239.1,14.7980,4.2296,-86.58,0.107,26
1790510239.2,14.7997,4.2021,-86.57,0.119,24
1790510239.3,14.8016,4.1622,-86.58,0.148,25
1790510239.4,14.8024,4.1499,-86.57,0.081,26
1790510239.5,14.8049,4.1102,-86.55,0.159,24
1790510239.6,14.8070,4.0751,-86.55,0.145,26
1790510239.7,14.8067,4.0796,-86.56,-0.129,26
1790510239.8,14.8088,4.0462,-86.55,-0.009,27
1790510239.9,14.8092,4.0421,-86.52,0.176,27
1790510240.0,14.8112,3.9992,-86.52,0.030,26
1790510240.1,14.8141,3.9590,-86.51,0.208,26
1790510240.2,14.8154,3.9385,-86.50,0.079,25
1790510240.3,14.8170,3.9144,-86.50,-0.012,25
1790510240.4,14.8175,3.8992,-86.49,0.260,24
1790510240.5,14.8192,3.8716,-86.47,0.100,26
1790510240.6,14.8212,3.8435,-86.47,-0.088,23
1790510240.7,14.8209,3.8495,-86.45,0.278,25
1790510240.8,14.8238,3.8026,-86.43,0.119,25
1790510240.9,14.8254,3.7790,-86.43,0.061,26
1790510241.0,14.8275,3.7454,-86.39,0.350,26
1790510241.1,14.8291,3.7129,-86.40,0.103,25
1790510241.2,14.8311,3.6940,-86.40,-0.026,26
1790510241.3,14.8312,3.6834,-86.38,0.155,26
1790510241.4,14.8333,3.6536,-86.36,0.179,24
1790510241.5,14.8350,3.6314,-86.36,0.089,27
1790510241.6,14.8363,3.6058,-86.34,0.171,26
1790510241.7,14.8375,3.5900,-86.32,0.105,24
1790510241.8,14.8397,3.5548,-86.33,0.202,24
1790510241.9,14.8424,3.5155,-86.30,0.034,25
1790510242.0,14.8435,3.4973,-86.29,0.072,27
1790510242.1,14.8434,3.4968,-86.28,0.314,24
1790510242.2,14.8441,3.4827,-86.28,-0.014,26
1790510242.3,14.8477,3.4372,-86.27,0.027,26
1790510242.4,14.8496,3.4063,-86.25,0.377,25
1790510242.5,14.8508,3.3859,-86.26,-0.166,24
1790510242.6,14.8525,3.3628,-86.25,0.011,26
1790510242.7,14.8532,3.3467,-86.23,0.339,26
1790510242.8,14.8553,3.3183,-86.24,-0.162,25
1790510242.9,14.8568,3.2940,-86.24,-0.018,25
1790510243.0,14.8577,3.2776,-86.21,0.254,27
1790510243.1,14.8602,3.2425,-86.20,0.213,26
1790510243.2,14.8611,3.2306,-86.20,0.083,25
1790510243.3,14.8649,3.1808,-86.16,0.212,26
1790510243.4,14.8658,3.1654,-86.15,0.139,25
1790510243.5,14.8664,3.1569,-86.15,0.066,26
1790510243.6,14.8685,3.1240,-86.13,0.147,26
1790510243.7,14.8696,3.1080,-86.14,-0.076,25
1790510243.8,14.8730,3.0535,-86.15,-0.031,27
1790510243.9,14.8731,3.0574,-86.12,0.269,25
1790510244.0,14.8758,3.0135,-86.12,-0.033,26
1790510244.1,14.8761,3.0095,-86.12,0.029,25
1790510244.2,14.8793,2.9674,-86.09,0.188,24
1790510244.3,14.8799,2.9562,-86.09,0.068,25
1790510244.4,14.8801,2.9553,-86.09,-0.013,26
1790510244.5,14.8832,2.9046,-86.07,0.157,24
1790510244.6,14.8849,2.8818,-86.07,0.125,26
1790510244.7,14.8856,2.8750,-86.07,-0.083,26
1790510244.8,14.8884,2.8375,-86.04,0.214,24
1790510244.9,14.8901,2.8087,-86.04,0.133,25
1790510245.0,14.8906,2.8033,-86.03,-0.029,25
1790510245.1,14.8919,2.7818,-86.02,0.314,26
1790510245.2,14.8937,2.7569,-86.02,0.056,25
1790510245.3,14.8963,2.7276,-86.01,-0.124,26
1790510245.4,14.8978,2.7003,-86.00,0.285,24
1790510245.5,14.8987,2.6877,-86.00,-0.168,26
1790510245.6,14.9009,2.6580,-85.99,0.155,27
1790510245.7,14.9027,2.6273,-85.97,0.334,26
1790510245.8,14.9038,2.6133,-85.97,-0.043,23
1790510245.9,14.9046,2.6014,-85.97,0.127,26
1790510246.0,14.9060,2.5830,-85.96,0.054,26
1790510246.1,14.9087,2.5421,-85.94,0.168,25
1790510246.2,14.9088,2.5436,-85.92,0.137,27
1790510246.3,14.9105,2.5167,-85.91,0.049,26
1790510246.4,14.9122,2.4948,-85.91,0.179,24
1790510246.5,14.9138,2.4696,-85.89,0.183,28
1790510246.6,14.9145,2.4658,-85.87,0.007,26
1790510246.7,14.9161,2.4420,-85.87,-0.063,24
1790510246.8,14.9171,2.4287,-85.83,0.362,25
1790510246.9,14.9188,2.4019,-85.84,0.014,27
1790510247.0,14.9202,2.3855,-85.85,-0.058,26
1790510247.1,14.9233,2.3407,-85.81,0.346,25
1790510247.2,14.9251,2.3168,-85.82,0.001,25
1790510247.3,14.9282,2.2791,-85.83,-0.241,25
1790510247.4,14.9289,2.2684,-85.87,-2.638,24
1790510247.5,14.9315,2.2272,-86.93,-9.418,25
1790510247.6,14.9313,2.2233,-87.87,-11.514,26
1790510247.7,14.9278,2.1970,-89.44,-14.806,25
1790510247.8,14.9250,2.1766,-91.02,-16.495,26
1790510247.9,14.9216,2.1590,-92.11,-10.532,25
1790510248.0,14.9166,2.1417,-93.19,-8.893,26
1790510248.1,14.9150,2.1265,-93.38,-1.224,25
1790510248.2,14.9156,2.1209,-93.48,-0.204,26
1790510248.3,14.9149,2.0938,-93.48,-0.268,23
1790510248.4,14.9143,2.0774,-93.49,-0.206,26
1790510248.5,14.9144,2.0755,-93.54,-0.487,26
1790510248.6,14.9124,2.0457,-93.56,-0.155,26
1790510248.7,14.9104,2.0187,-93.58,-0.265,24
1790510248.8,14.9088,1.9899,-93.60,-0.229,26
1790510248.9,14.9078,1.9692,-93.62,-0.311,25
1790510249.0,14.9071,1.9598,-93.61,0.180,26
1790510249.1,14.9061,1.9480,-93.60,0.070,26
1790510249.2,14.9035,1.8967,-93.62,-0.262,26
1790510249.3,14.9035,1.9036,-93.65,-0.146,25
1790510249.4,14.9012,1.8605,-93.62,0.279,24
1790510249.5,14.8999,1.8445,-93.59,0.305,23
1790510249.6,14.8994,1.8378,-93.60,-0.150,26
1790510249.7,14.8975,1.8054,-93.62,-0.196,27
1790510249.8,14.8969,1.7984,-93.61,0.116,25
1790510249.9,14.8952,1.7685,-93.64,-0.271,25
1790510250.0,14.8928,1.7361,-93.62,0.206,23
1790510250.1,14.8917,1.7158,-93.61,0.093,22
1790510250.2,14.8905,1.6959,-93.64,-0.320,25
1790510250.3,14.8889,1.6728,-93.63,0.105,26
1790510250.4,14.8871,1.6456,-93.63,0.008,26
1790510250.5,14.8860,1.6279,-93.64,-0.075,25
1790510250.6,14.8845,1.6044,-93.64,0.073,25
1790510250.7,14.8828,1.5806,-93.62,0.314,26
1790510250.8,14.8811,1.5519,-93.64,-0.200,26
1790510250.9,14.8799,1.5297,-93.62,0.038,26
1790510251.0,14.8780,1.5031,-93.60,0.381,26
1790510251.1,14.8771,1.4872,-93.62,-0.200,26
1790510251.2,14.8758,1.4623,-93.61,-0.083,25
1790510251.3,14.8748,1.4534,-93.60,0.490,24
1790510251.4,14.8727,1.4187,-93.59,-0.068,25
1790510251.5,14.8710,1.3813,-93.57,-0.206,25
1790510251.6,14.8690,1.3565,-93.57,0.301,26
1790510251.7,14.8673,1.3255,-93.57,0.051,24
1790510251.8,14.8647,1.2907,-93.60,-0.056,26
1790510251.9,14.8634,1.2646,-93.59,-0.107,25
1790510252.0,14.8614,1.2333,-93.57,0.139,26
1790510252.1,14.8606,1.2228,-93.55,0.213,26
1790510252.2,14.8587,1.1901,-93.54,0.174,23
1790510252.3,14.8572,1.1627,-93.53,0.032,24
1790510252.4,14.8565,1.1517,-93.51,0.102,25
1790510252.5,14.8541,1.1150,-93.48,0.267,27
1790510252.6,14.8530,1.0956,-93.48,0.127,25
1790510252.7,14.8516,1.0704,-93.48,-0.063,26
1790510252.8,14.8498,1.0430,-93.48,-0.002,25
1790510252.9,14.8488,1.0239,-93.48,0.002,26
1790510253.0,14.8463,0.9956,-93.50,-0.114,25
1790510253.1,14.8457,0.9733,-93.46,0.232,25
1790510253.2,14.8434,0.9379,-93.45,0.173,26
1790510253.3,14.8456,0.9747,-93.48,-0.089,25
1790510253.4,14.8431,0.9262,-93.44,0.168,26
1790510253.5,14.8401,0.8855,-93.43,0.138,25
1790510253.6,14.8398,0.8762,-93.43,-0.002,26
1790510253.7,14.8381,0.8508,-93.43,0.078,27
1790510253.8,14.8374,0.8299,-93.41,0.181,23
1790510253.9,14.8348,0.7894,-93.40,-0.072,25
1790510254.0,14.8344,0.7836,-93.39,0.154,24
1790510254.1,14.8343,0.7827,-93.38,0.149,25
1790510254.2,14.8333,0.7654,-93.38,-0.022,26
1790510254.3,14.8308,0.7239,-93.36,0.208,25
1790510254.4,14.8300,0.7076,-93.37,0.015,27
1790510254.5,14.8287,0.6867,-93.35,-0.018,27
1790510254.6,14.8266,0.6532,-93.35,0.186,26
1790510254.7,14.8261,0.6399,-93.35,-0.167,26
1790510254.8,14.8250,0.6181,-93.31,0.280,23
1790510254.9,14.8235,0.5952,-93.32,0.023,27
1790510255.0,14.8222,0.5710,-93.32,-0.124,25
1790510255.1,14.8205,0.5458,-93.30,0.086,24
1790510255.2,14.8194,0.5266,-93.31,0.135,26
1790510255.3,14.8174,0.4933,-93.29,0.105,24
1790510255.4,14.8175,0.4915,-93.28,0.020,28
1790510255.5,14.8160,0.4661,-93.29,0.060,28
1790510255.6,14.8140,0.4367,-93.28,0.007,22
1790510255.7,14.8137,0.4292,-93.29,0.050,25
1790510255.8,14.8117,0.3907,-93.31,-0.121,26
1790510255.9,14.8112,0.3843,-93.29,0.027,26
1790510256.0,14.8102,0.3658,-93.29,0.144,24
1790510256.1,14.8086,0.3395,-93.29,-0.180,26
1790510256.2,14.8083,0.3309,-93.27,0.098,25
1790510256.3,14.8068,0.3066,-93.26,0.125,26
1790510256.4,14.8057,0.2916,-93.25,-0.026,23
1790510256.5,14.8043,0.2597,-93.24,0.163,25
1790510256.6,14.8029,0.2334,-93.21,0.202,24
1790510256.7,14.8021,0.2166,-93.18,0.278,27
1790510256.8,14.8010,0.2025,-93.16,0.837,25
1790510256.9,14.8006,0.1897,-92.89,3.140,25
1790510257.0,14.7990,0.1552,-92.53,4.359,27
1790510257.1,14.7998,0.1509,-92.10,3.685,24
1790510257.2,14.8005,0.1166,-91.77,2.616,24
1790510257.3,14.8004,0.1123,-91.58,1.452,26
1790510257.4,14.7998,0.0814,-91.55,0.507,24
1790510257.5,14.7996,0.0542,-91.55,-0.079,27
1790510257.6,14.7986,0.0434,-91.53,0.285,24
1790510257.7,14.7983,0.0310,-91.48,0.350,26
1790510257.8,14.7973,0.0000,-91.46,-0.034,27
1790510257.9,14.7972,-0.0078,-91.47,0.131,25
1790510258.0,14.7969,-0.0270,-91.44,0.248,25
1790510258.1,14.7961,-0.0476,-91.41,0.252,24
1790510258.2,14.7956,-0.0770,-91.42,0.002,24
1790510258.3,14.7952,-0.0971,-91.39,0.292,26
1790510258.4,14.7945,-0.1203,-91.35,0.292,25
1790510258.5,14.7942,-0.1325,-91.35,-0.094,24
1790510258.6,14.7935,-0.1600,-91.35,0.197,26
1790510258.7,14.7931,-0.1794,-91.31,0.390,27
1790510258.8,14.7926,-0.2143,-91.29,0.100,26
1790510258.9,14.7929,-0.1953,-91.30,-0.031,27
1790510259.0,14.7920,-0.2359,-91.28,0.457,26
1790510259.1,14.7916,-0.2537,-91.24,-0.042,26
1790510259.2,14.7915,-0.2734,-91.26,-0.007,26
1790510259.3,14.7908,-0.2995,-91.22,0.664,24
1790510259.4,14.7903,-0.3203,-91.18,-0.165,25
1790510259.5,14.7901,-0.3466,-91.21,-0.024,26
1790510259.6,14.7895,-0.3713,-91.16,0.657,21
1790510259.7,14.7891,-0.4002,-91.12,0.091,25
1790510259.8,14.7886,-0.4182,-91.15,-0.078,25
1790510259.9,14.7880,-0.4585,-91.10,0.656,25
1790510260.0,14.7877,-0.4605,-91.05,0.291,26
1790510260.1,14.7872,-0.4864,-91.08,-0.255,24
1790510260.2,14.7873,-0.5086,-91.07,0.367,26
1790510260.3,14.7867,-0.5336,-91.01,0.263,25
1790510260.4,14.7860,-0.5626,-91.01,-0.105,25
1790510260.5,14.7854,-0.5936,-91.01,0.343,23
1790510260.6,14.7849,-0.6165,-90.99,0.022,26
1790510260.7,14.7849,-0.6530,-90.99,0.010,26
1790510260.8,14.7848,-0.6556,-90.97,0.413,25
1790510260.9,14.7842,-0.6864,-90.96,-0.061,23
1790510261.0,14.7841,-0.7033,-90.95,-0.012,24
1790510261.1,14.7823,-0.7477,-90.96,0.576,26
1790510261.2,14.7819,-0.7735,-90.94,-0.062,25
1790510261.3,14.7822,-0.7902,-90.91,0.056,25
1790510261.4,14.7818,-0.8015,-90.89,0.506,26
1790510261.5,14.7814,-0.8672,-90.89,-0.248,25
1790510261.6,14.7812,-0.8784,-90.90,-0.060,25
1790510261.7,14.7807,-0.8930,-90.88,0.409,28
1790510261.8,14.7805,-0.9054,-90.87,-0.128,25
1790510261.9,14.7796,-0.9599,-90.89,-0.108,26
1790510262.0,14.7794,-0.9829,-90.85,0.649,24
1790510262.1,14.7790,-1.0070,-90.84,-0.197,27
1790510262.2,14.7789,-1.0307,-90.85,-0.189,26
1790510262.3,14.7785,-1.0545,-90.81,0.594,27
1790510262.4,14.7781,-1.0711,-90.81,-0.025,25
1790510262.5,14.7782,-1.0770,-90.83,-0.221,24
1790510262.6,14.7775,-1.1289,-90.77,0.636,22
1790510262.7,14.7772,-1.1387,-90.77,-0.027,26
1790510262.8,14.7775,-1.1806,-90.76,-0.159,25
1790510262.9,14.7768,-1.2189,-90.71,0.634,24
1790510263.0,14.7764,-1.2257,-90.73,-0.023,22
1790510263.1,14.7760,-1.2740,-90.74,-0.247,25
1790510263.2,14.7762,-1.2558,-90.68,0.648,26
1790510263.3,14.7758,-1.2899,-90.69,-0.065,25
1790510263.4,14.7755,-1.3270,-90.71,-0.214,24
1790510263.5,14.7753,-1.3394,-90.65,0.654,24
1790510263.6,14.7751,-1.3645,-90.67,-0.060,25
1790510263.7,14.7750,-1.3859,-90.67,-0.073,26
1790510263.8,14.7738,-1.4434,-90.62,0.463,24
1790510263.9,14.7739,-1.4605,-90.63,-0.020,27
1790510264.0,14.7737,-1.4844,-90.63,0.021,25
1790510264.1,14.7731,-1.5315,-90.58,0.387,25
1790510264.2,14.7732,-1.5204,-90.60,-0.092,25
1790510264.3,14.7729,-1.5736,-90.61,-0.015,26
1790510264.4,14.7726,-1.5981,-90.56,0.325,25
1790510264.5,14.7724,-1.6275,-90.58,-0.072,26
1790510264.6,14.7724,-1.6485,-90.58,0.053,26
1790510264.7,14.7720,-1.6689,-90.54,0.303,26
1790510264.8,14.7718,-1.6820,-90.55,-0.017,27
1790510264.9,14.7716,-1.7253,-90.54,0.109,26
1790510265.0,14.7711,-1.7610,-90.51,0.162,26
1790510265.1,14.7711,-1.7655,-90.51,0.045,27
1790510265.2,14.7712,-1.7871,-90.49,0.278,24
1790510265.3,14.7711,-1.7984,-90.46,0.114,24
1790510265.4,14.7705,-1.8471,-90.46,0.092,25
1790510265.5,14.7703,-1.8738,-90.46,0.278,24
1790510265.6,14.7704,-1.8640,-90.43,0.057,26
1790510265.7,14.7704,-1.8836,-90.45,-0.070,25
1790510265.8,14.7701,-1.9266,-90.45,0.009,28
1790510265.9,14.7699,-1.9559,-90.41,0.220,23
1790510266.0,14.7696,-1.9727,-90.43,-0.124,27
1790510266.1,14.7691,-2.0259,-90.43,0.188,25
1790510266.2,14.7695,-1.9870,-90.38,0.336,25
1790510266.3,14.7696,-2.0444,-90.39,-0.108,26
1790510266.4,14.7695,-2.0602,-90.39,0.026,23
1790510266.5,14.7693,-2.0831,-90.36,0.397,25
1790510266.6,14.7689,-2.1219,-90.35,-0.010,27
1790510266.7,14.7690,-2.1292,-90.36,-0.045,27
1790510266.8,14.7691,-2.1330,-90.33,0.459,24
1790510266.9,14.7688,-2.1584,-90.32,0.026,25
1790510267.0,14.7688,-2.1713,-90.32,-0.025,25
1790510267.1,14.7685,-2.2051,-90.31,0.263,26
1790510267.2,14.7681,-2.2451,-90.27,0.191,26
1790510267.3,14.7683,-2.2891,-90.27,0.080,26
1790510267.4,14.7683,-2.2941,-90.28,0.058,27
1790510267.5,14.7683,-2.3134,-90.23,0.207,26
1790510267.6,14.7683,-2.3209,-90.24,0.038,26
1790510267.7,14.7684,-2.3493,-90.25,-0.158,25
1790510267.8,14.7680,-2.3785,-90.21,0.433,24
1790510267.9,14.7678,-2.3951,-90.22,-0.045,23
1790510268.0,14.7684,-2.4190,-90.20,-0.088,25
1790510268.1,14.7683,-2.4107,-90.17,0.496,25
1790510268.2,14.7683,-2.4384,-90.17,-0.137,27
1790510268.3,14.7683,-2.4690,-90.17,-0.006,25
1790510268.4,14.7682,-2.4945,-90.14,0.373,25
1790510268.5,14.7680,-2.5324,-90.13,0.010,26
1790510268.6,14.7681,-2.5331,-90.14,-0.070,27
1790510268.7,14.7680,-2.5590,-90.11,0.344,23
1790510268.8,14.7680,-2.5675,-90.10,-0.001,25
1790510268.9,14.7682,-2.6047,-90.12,-0.264,24
1790510269.0,14.7682,-2.5642,-90.09,0.392,27
1790510269.1,14.7679,-2.6071,-90.08,0.093,27
1790510269.2,14.7680,-2.6003,-90.09,-0.401,24
1790510269.3,14.7682,-2.6403,-90.06,0.474,24
1790510269.4,14.7682,-2.6560,-90.04,0.098,25
1790510269.5,14.7681,-2.6557,-90.05,-0.112,25
1790510269.6,14.7681,-2.6849,-90.05,0.252,24
1790510269.7,14.7679,-2.7235,-90.01,0.244,26
1790510269.8,14.7678,-2.7162,-90.00,0.031,24
1790510269.9,14.7686,-2.7882,-90.00,0.004,25
1790510270.0,14.7684,-2.7882,-89.97,0.262,26
1790510270.1,14.7684,-2.8116,-89.98,-0.107,24
1790510270.2,14.7687,-2.8461,-90.01,-0.312,26
1790510270.3,14.7685,-2.8583,-89.97,0.345,24
1790510270.4,14.7685,-2.8834,-89.96,0.019,25
1790510270.5,14.7685,-2.9049,-89.99,-0.351,25
1790510270.6,14.7685,-2.9266,-89.95,0.583,27
1790510270.7,14.7685,-2.9475,-89.93,0.134,25
1790510270.8,14.7686,-2.9712,-89.94,-0.369,26
1790510270.9,14.7686,-2.9939,-89.94,0.342,24
1790510271.0,14.7686,-3.0184,-89.92,0.131,26
1790510271.1,14.7687,-3.0410,-89.92,-0.159,25
1790510271.2,14.7687,-3.0617,-89.94,-0.000,26
1790510271.3,14.7687,-3.0832,-89.90,0.168,24
1790510271.4,14.7688,-3.1099,-89.88,0.025,25
1790510271.5,14.7688,-3.1285,-89.91,-0.091,26
1790510271.6,14.7689,-3.1551,-89.88,0.281,27
1790510271.7,14.7689,-3.1793,-89.85,0.187,24
1790510271.8,14.7690,-3.2026,-89.87,-0.061,24
1790510271.9,14.7690,-3.2252,-89.85,0.215,29
1790510272.0,14.7691,-3.2483,-89.83,0.065,23
1790510272.1,14.7692,-3.2693,-89.84,-0.013,25
1790510272.2,14.7692,-3.2938,-89.82,0.203,26
1790510272.3,14.7693,-3.3180,-89.80,0.233,26
1790510272.4,14.7694,-3.3382,-89.79,-0.074,27
1790510272.5,14.7695,-3.3613,-89.79,0.163,26
1790510272.6,14.7695,-3.3761,-89.77,0.236,25
1790510272.7,14.7697,-3.4079,-89.77,-0.119,25
1790510272.8,14.7697,-3.4285,-89.77,0.089,27
1790510272.9,14.7699,-3.4509,-89.74,0.189,24
1790510273.0,14.7700,-3.4737,-89.72,0.060,25
1790510273.1,14.7701,-3.4974,-89.75,-0.079,25
1790510273.2,14.7702,-3.5197,-89.73,0.331,26
1790510273.3,14.7703,-3.5459,-89.70,0.016,24
1790510273.4,14.7704,-3.5664,-89.73,-0.127,24
1790510273.5,14.7705,-3.5882,-89.72,0.213,25
1790510273.6,14.7707,-3.6149,-89.68,0.177,26
1790510273.7,14.7708,-3.6377,-89.69,-0.152,27
1790510273.8,14.7710,-3.6624,-89.68,0.178,24
1790510273.9,14.7711,-3.6849,-89.64,0.259,27
1790510274.0,14.7712,-3.7054,-89.65,-0.101,26
1790510274.1,14.7714,-3.7287,-89.65,0.163,24
1790510274.2,14.7715,-3.7510,-89.61,0.282,25
1790510274.3,14.7717,-3.7740,-89.60,-0.030,26
1790510274.4,14.7718,-3.7979,-89.61,0.030,24
1790510274.5,14.7720,-3.8200,-89.57,0.265,24
1790510274.6,14.7722,-3.8425,-89.57,-0.112,23
1790510274.7,14.7723,-3.8687,-89.60,-0.095,27
1790510274.8,14.7725,-3.8918,-89.59,0.179,27
1790510274.9,14.7727,-3.9140,-89.57,0.059,26
1790510275.0,14.7728,-3.9366,-89.59,-0.160,27
1790510275.1,14.7730,-3.9587,-89.57,0.242,27
1790510275.2,14.7732,-3.9841,-89.53,0.280,26
1790510275.3,14.7734,-4.0063,-89.55,-0.187,25
1790510275.4,14.7736,-4.0286,-89.56,0.142,26
1790510275.5,14.7737,-4.0481,-89.51,0.284,26
1790510275.6,14.7739,-4.0722,-89.50,-0.065,25
1790510275.7,14.7741,-4.0961,-89.52,-0.011,25
1790510275.8,14.7744,-4.1224,-89.47,0.326,23
1790510275.9,14.7745,-4.1445,-89.48,-0.051,25
1790510276.0,14.7748,-4.1666,-89.49,-0.086,24
1790510276.1,14.7750,-4.1895,-89.46,0.369,25
1790510276.2,14.7752,-4.2129,-89.44,0.068,26
1790510276.3,14.7754,-4.2353,-89.44,0.026,25
1790510276.4,14.7756,-4.2582,-89.43,0.294,23
1790510276.5,14.7759,-4.2801,-89.41,0.035,27
1790510276.6,14.7761,-4.3050,-89.42,-0.014,24
1790510276.7,14.7764,-4.3284,-89.43,0.075,24
1790510276.8,14.7766,-4.3529,-89.37,0.304,25
1790510276.9,14.7768,-4.3741,-89.37,0.013,26
1790510277.0,14.7771,-4.3954,-89.39,-0.022,24
1790510277.1,14.7773,-4.4166,-89.33,0.405,24
1790510277.2,14.7776,-4.4411,-89.34,-0.047,25
1790510277.3,14.7778,-4.4638,-89.35,0.031,26
1790510277.4,14.7781,-4.4863,-89.31,0.286,27
1790510277.5,14.7784,-4.5083,-89.31,-0.006,26
1790510277.6,14.7787,-4.5307,-89.32,-0.086,27
1790510277.7,14.7789,-4.5541,-89.30,0.355,22
1790510277.8,14.7792,-4.5785,-89.29,-0.085,25
1790510277.9,14.7795,-4.6001,-89.31,-0.099,24
1790510278.0,14.7798,-4.6248,-89.28,0.244,26
1790510278.1,14.7801,-4.6482,-89.25,0.164,25
1790510278.2,14.7803,-4.6620,-89.26,-0.047,23
1790510278.3,14.7806,-4.6852,-89.27,0.120,25
1790510278.4,14.7810,-4.7157,-89.21,0.282,27
1790510278.5,14.7813,-4.7375,-89.22,0.015,28
1790510278.6,14.7816,-4.7595,-89.23,-0.051,25
1790510278.7,14.7820,-4.7833,-89.17,0.449,24
1790510278.8,14.7823,-4.8069,-89.18,0.012,26
1790510278.9,14.7826,-4.8294,-89.19,-0.085,26
1790510279.0,14.7830,-4.8573,-89.16,0.409,26
1790510279.1,14.7837,-4.8953,-89.16,-0.162,26
1790510279.2,14.7838,-4.9033,-89.17,-0.158,24
1790510279.3,14.7838,-4.9042,-89.17,0.378,24
1790510279.4,14.7844,-4.9567,-89.16,-0.103,24
1790510279.5,14.7849,-4.9819,-89.15,-0.057,25
1790510279.6,14.7853,-5.0101,-89.15,0.229,24
1790510279.7,14.7858,-5.0183,-89.09,0.180,26
1790510279.8,14.7859,-5.0381,-89.11,0.075,22
1790510279.9,14.7862,-5.0591,-89.12,-0.018,24
1790510280.0,14.7873,-5.1095,-89.07,0.305,24
1790510280.1,14.7872,-5.1117,-89.09,0.002,23
1790510280.2,14.7878,-5.1405,-89.10,-0.138,27
1790510280.3,14.7878,-5.1437,-89.05,0.506,25
1790510280.4,14.7886,-5.1898,-89.04,-0.039,25
1790510280.5,14.7892,-5.2128,-89.06,-0.122,26
1790510280.6,14.7894,-5.2342,-89.02,0.400,23
1790510280.7,14.7895,-5.2417,-89.01,0.036,24
1790510280.8,14.7904,-5.2700,-89.01,-0.062,25
1790510280.9,14.7906,-5.2961,-89.00,0.297,21
1790510281.0,14.7910,-5.3190,-88.98,0.120,28
1790510281.1,14.7913,-5.3354,-88.99,-0.118,26
1790510281.2,14.7918,-5.3582,-88.97,0.307,24
1790510281.3,14.7921,-5.3824,-88.95,0.239,23
1790510281.4,14.7927,-5.4121,-88.96,-0.212,22
1790510281.5,14.7932,-5.4337,-88.94,0.289,26
1790510281.6,14.7935,-5.4516,-88.93,0.139,25
1790510281.7,14.7939,-5.4782,-88.94,-0.178,22
1790510281.8,14.7947,-5.4989,-88.93,0.245,28
1790510281.9,14.7950,-5.5169,-88.90,0.130,25
1790510282.0,14.7954,-5.5371,-88.90,-0.105,26
1790510282.1,14.7959,-5.5639,-88.91,0.047,24
1790510282.2,14.7960,-5.5746,-88.88,0.225,24
1790510282.3,14.7968,-5.6101,-88.88,-0.140,26
1790510282.4,14.7971,-5.6281,-88.91,-0.168,28
1790510282.5,14.7975,-5.6453,-88.88,0.328,26
1790510282.6,14.7980,-5.6728,-88.86,-0.049,26
1790510282.7,14.7985,-5.6949,-88.88,-0.124,25
1790510282.8,14.7989,-5.7169,-88.87,0.314,26
1790510282.9,14.7993,-5.7377,-88.85,0.066,24
1790510283.0,14.7998,-5.7607,-88.85,-0.023,25
1790510283.1,14.8002,-5.7836,-88.86,0.087,26
1790510283.2,14.8007,-5.8063,-88.80,0.211,25
1790510283.3,14.8012,-5.8316,-88.81,0.061,25
1790510283.4,14.8017,-5.8542,-88.81,-0.015,26
1790510283.5,14.8022,-5.8776,-88.78,0.333,25
1790510283.6,14.8027,-5.8990,-88.79,-0.134,25
1790510283.7,14.8029,-5.9108,-88.80,-0.065,26
1790510283.8,14.8036,-5.9442,-88.77,0.333,24
1790510283.9,14.8041,-5.9669,-88.77,-0.083,22
1790510284.0,14.8046,-5.9894,-88.77,-0.100,23
1790510284.1,14.8051,-6.0134,-88.75,0.376,27
1790510284.2,14.8055,-6.0334,-88.73,0.094,25
1790510284.3,14.8061,-6.0582,-88.74,-0.080,24
1790510284.4,14.8066,-6.0814,-88.74,0.307,26
1790510284.5,14.8072,-6.1070,-88.69,0.217,24
1790510284.6,14.8077,-6.1290,-88.70,-0.085,25
1790510284.7,14.8082,-6.1515,-88.69,0.146,25
1790510284.8,14.8087,-6.1748,-88.66,0.259,25
1790510284.9,14.8093,-6.1966,-88.65,-0.055,27
1790510285.0,14.8095,-6.2079,-88.66,-0.024,24
1790510285.1,14.8100,-6.2301,-88.65,0.330,24
1790510285.2,14.8108,-6.2631,-88.61,0.003,26
1790510285.3,14.8114,-6.2875,-88.63,0.020,21
1790510285.4,14.8120,-6.3091,-88.60,0.302,23
1790510285.5,14.8125,-6.3322,-88.60,-0.007,27
1790510285.6,14.8131,-6.3553,-88.60,-0.076,25
1790510285.7,14.8137,-6.3792,-88.58,0.415,25
1790510285.8,14.8143,-6.4015,-88.56,0.125,25
1790510285.9,14.8148,-6.4227,-88.57,-0.119,26
1790510286.0,14.8154,-6.4467,-88.55,0.296,27
1790510286.1,14.8160,-6.4695,-88.53,0.210,27
1790510286.2,14.8166,-6.4931,-88.54,-0.220,26
1790510286.3,14.8172,-6.5145,-88.53,0.308,27
1790510286.4,14.8179,-6.5406,-88.50,0.187,26
1790510286.5,14.8182,-6.5541,-88.48,-0.131,23
1790510286.6,14.8189,-6.5814,-88.51,0.133,24
1790510286.7,14.8195,-6.6034,-88.47,0.217,24
1790510286.8,14.8202,-6.6280,-88.47,-0.108,27
1790510286.9,14.8207,-6.6451,-88.49,-0.181,25
1790510287.0,14.8214,-6.6747,-88.46,0.358,25
1790510287.1,14.8220,-6.6965,-88.45,-0.054,25
1790510287.2,14.8226,-6.7189,-88.48,-0.174,23
1790510287.3,14.8232,-6.7414,-88.44,0.405,24
1790510287.4,14.8239,-6.7662,-88.42,0.126,26
1790510287.5,14.8245,-6.7876,-88.43,-0.208,26
1790510287.6,14.8252,-6.8117,-88.41,0.411,24
1790510287.7,14.8259,-6.8353,-88.38,0.157,24
1790510287.8,14.8266,-6.8606,-88.38,-0.104,28
1790510287.9,14.8269,-6.8713,-88.39,0.237,23
1790510288.0,14.8277,-6.8998,-88.36,0.135,24
1790510288.1,14.8284,-6.9245,-88.36,-0.248,25
1790510288.2,14.8291,-6.9493,-88.37,0.146,26
1790510288.3,14.8298,-6.9732,-88.32,0.230,23
1790510288.4,14.8306,-6.9997,-88.36,-0.262,24
1790510288.5,14.8314,-7.0286,-88.35,0.346,27
1790510288.6,14.8322,-7.0549,-88.32,0.054,23
1790510288.7,14.8330,-7.0813,-88.34,-0.131,28
1790510288.8,14.8338,-7.1080,-88.31,0.627,24
1790510288.9,14.8346,-7.1374,-88.29,0.004,24
1790510289.0,14.8354,-7.1629,-88.30,-0.172,24
1790510289.1,14.8363,-7.1913,-88.23,0.657,26
1790510289.2,14.8370,-7.2151,-88.22,0.036,26
1790510289.3,14.8378,-7.2408,-88.28,-0.224,24
1790510289.4,14.8387,-7.2694,-88.19,0.457,24
1790510289.5,14.8395,-7.2964,-88.19,0.096,25
1790510289.6,14.8404,-7.3224,-88.22,0.221,27
1790510289.7,14.8412,-7.3498,-88.18,-0.011,26
1790510289.8,14.8420,-7.3745,-88.17,-0.113,26
1790510289.9,14.8429,-7.4013,-88.15,0.663,25
1790510290.0,14.8437,-7.4277,-88.15,-0.127,21
1790510290.1,14.8447,-7.4581,-88.15,-0.096,24
1790510290.2,14.8455,-7.4830,-88.08,0.587,24
1790510290.3,14.8464,-7.5099,-88.10,-0.067,25
1790510290.4,14.8472,-7.5345,-88.11,0.063,26
1790510290.5,14.8482,-7.5633,-88.06,0.243,26
1790510290.6,14.8487,-7.5771,-88.07,-0.044,24
1790510290.7,14.8498,-7.6100,-88.06,0.273,26
1790510290.8,14.8507,-7.6370,-88.04,-0.156,25
1790510290.9,14.8517,-7.6647,-88.05,-0.066,26
1790510291.0,14.8525,-7.6884,-88.03,0.495,23
1790510291.1,14.8534,-7.7149,-88.04,-0.265,23
1790510291.2,14.8544,-7.7447,-88.05,-0.102,23
1790510291.3,14.8553,-7.7707,-87.96,0.527,25
1790510291.4,14.8562,-7.7971,-87.99,0.049,26
1790510291.5,14.8572,-7.8232,-88.01,-0.081,26
1790510291.6,14.8582,-7.8514,-87.95,0.298,25
1790510291.7,14.8590,-7.8754,-87.94,0.127,27
1790510291.8,14.8601,-7.9035,-87.92,0.548,25
1790510291.9,14.8611,-7.9329,-87.93,-0.215,25
1790510292.0,14.8616,-7.9464,-87.93,-0.170,23
1790510292.1,14.8629,-7.9826,-87.91,0.334,24
1790510292.2,14.8639,-8.0100,-87.92,-0.182,25
1790510292.3,14.8649,-8.0387,-87.93,-0.020,24
1790510292.4,14.8659,-8.0655,-87.86,0.457,27
1790510292.5,14.8669,-8.0921,-87.87,-0.052,23
1790510292.6,14.8679,-8.1193,-87.89,0.221,25
1790510292.7,14.8689,-8.1463,-87.85,0.118,25
1790510292.8,14.8699,-8.1737,-87.85,-0.134,25
1790510292.9,14.8709,-8.1988,-87.82,0.532,25
1790510293.0,14.8719,-8.2255,-87.80,-0.023,26
1790510293.1,14.8730,-8.2544,-87.82,-0.033,26
1790510293.2,14.8741,-8.2813,-87.77,0.524,25
1790510293.3,14.8752,-8.3087,-87.77,-0.025,27
1790510293.4,14.8758,-8.3248,-87.76,0.018,25
1790510293.5,14.8773,-8.3641,-87.72,0.262,27
1790510293.6,14.8781,-8.3824,-87.74,0.051,26
1790510293.7,14.8792,-8.4101,-87.75,0.424,26
1790510293.8,14.8803,-8.4382,-87.71,-0.135,26
1790510293.9,14.8815,-8.4686,-87.70,0.073,25
1790510294.0,14.8827,-8.4967,-87.65,0.494,25
1790510294.1,14.8838,-8.5240,-87.68,-0.016,26
1790510294.2,14.8847,-8.5486,-87.68,0.217,26
1790510294.3,14.8860,-8.5794,-87.64,-0.047,25
1790510294.4,14.8870,-8.6028,-87.64,-0.011,25
1790510294.5,14.8883,-8.6340,-87.61,0.440,26
1790510294.6,14.8895,-8.6628,-87.63,-0.307,26
1790510294.7,14.8901,-8.6762,-87.63,0.078,25
1790510294.8,14.8917,-8.7134,-87.58,0.249,27
1790510294.9,14.8928,-8.7400,-87.61,-0.139,24
1790510295.0,14.8939,-8.7673,-87.60,0.333,23
1790510295.1,14.8951,-8.7960,-87.58,-0.063,24
1790510295.2,14.8962,-8.8229,-87.58,-0.053,25
1790510295.3,14.8974,-8.8491,-87.52,0.591,25
1790510295.4,14.8987,-8.8792,-87.52,-0.030,28
1790510295.5,14.8999,-8.9061,-87.53,0.234,27
1790510295.6,14.9011,-8.9329,-87.50,0.016,25
1790510295.7,14.9026,-8.9678,-87.51,-0.209,27
1790510295.8,14.9036,-8.9912,-87.49,0.315,23
1790510295.9,14.9051,-9.0250,-87.49,-0.223,26
1790510296.0,14.9063,-9.0524,-87.51,-0.062,25
1790510296.1,14.9074,-9.0762,-87.44,0.241,26
1790510296.2,14.9089,-9.1105,-87.47,-0.162,22
1790510296.3,14.9101,-9.1378,-87.46,0.560,25
1790510296.4,14.9110,-9.1570,-87.44,-0.172,28
1790510296.5,14.9125,-9.1906,-87.46,-0.119,23
1790510296.6,14.9137,-9.2175,-87.40,0.343,24
1790510296.7,14.9153,-9.2532,-87.41,-0.114,23
1790510296.8,14.9165,-9.2786,-87.41,0.477,25
1790510296.9,14.9176,-9.3025,-87.37,-0.040,27
1790510297.0,14.9188,-9.3291,-87.38,-0.133,23
1790510297.1,14.9203,-9.3604,-87.33,0.409,25
1790510297.2,14.9215,-9.3867,-87.33,0.045,26
1790510297.3,14.9231,-9.4196,-87.32,0.282,25
1790510297.4,14.9242,-9.4424,-87.30,0.030,27
1790510297.5,14.9252,-9.4637,-87.30,-0.127,24
1790510297.6,14.9266,-9.4927,-87.28,0.471,26
1790510297.7,14.9281,-9.5245,-87.28,-0.163,25
1790510297.8,14.9299,-9.5628,-87.29,0.243,25
1790510297.9,14.9313,-9.5897,-87.25,0.001,24
1790510298.0,14.9325,-9.6178,-87.26,-0.102,27
1790510298.1,14.9339,-9.6456,-87.22,0.598,26
1790510298.2,14.9353,-9.6739,-87.25,-0.280,27
1790510298.3,14.9367,-9.7022,-87.26,-0.036,24
1790510298.4,14.9381,-9.7310,-87.17,0.157,23
1790510298.5,14.9397,-9.7646,-87.19,-0.018,27
1790510298.6,14.9411,-9.7903,-87.18,0.493,26
1790510298.7,14.9426,-9.8202,-87.19,-0.388,26
1790510298.8,14.9439,-9.8478,-87.19,0.076,25
1790510298.9,14.9458,-9.8782,-87.12,0.194,25
1790510299.0,14.9465,-9.8982,-87.13,0.232,27
1790510299.1,14.9479,-9.9265,-87.11,0.447,25
1790510299.2,14.9495,-9.9588,-87.14,-0.306,24
1790510299.3,14.9513,-9.9857,-87.14,0.125,24
1790510299.4,14.9524,-10.0140,-87.12,-0.143,24
1790510299.5,14.9540,-10.0425,-87.11,0.048,25
1790510299.6,14.9550,-10.0632,-87.07,0.613,26
1790510299.7,14.9567,-10.0958,-87.09,-0.140,23
1790510299.8,14.9587,-10.1358,-87.06,0.250,24
1790510299.9,14.9601,-10.1618,-87.05,-0.082,24
1790510300.0,14.9618,-10.1949,-87.06,-0.000,27
1790510300.1,14.9635,-10.2247,-87.00,0.261,23
1790510300.2,14.9640,-10.2352,-87.01,-0.208,25
1790510300.3,14.9664,-10.2783,-86.97,0.629,25
1790510300.4,14.9678,-10.3059,-86.98,-0.058,26
1790510300.5,14.9695,-10.3371,-86.99,0.210,23
1790510300.6,14.9712,-10.3672,-86.94,0.007,24
1790510300.7,14.9727,-10.3957,-86.95,-0.197,25
1790510300.8,14.9744,-10.4251,-86.91,0.726,23
1790510300.9,14.9758,-10.4511,-86.93,-0.245,26
1790510301.0,14.9775,-10.4822,-86.94,0.008,23
1790510301.1,14.9790,-10.5120,-86.90,0.105,25
1790510301.2,14.9806,-10.5403,-86.91,-0.276,23
1790510301.3,14.9813,-10.5544,-86.91,0.645,28
1790510301.4,14.9840,-10.6019,-86.89,-0.143,23
1790510301.5,14.9858,-10.6340,-86.87,0.479,25
1790510301.6,14.9866,-10.6479,-86.85,-0.339,24
1790510301.7,14.9889,-10.6904,-86.88,-0.126,25
1790510301.8,14.9906,-10.7201,-86.80,0.354,25
1790510301.9,14.9922,-10.7491,-86.83,-0.136,26
1790510302.0,14.9939,-10.7798,-86.81,0.606,27
1790510302.1,14.9955,-10.8092,-86.81,-0.218,25
1790510302.2,14.9975,-10.8443,-86.80,0.190,26
1790510302.3,14.9992,-10.8745,-86.77,0.110,24
1790510302.4,15.0010,-10.9071,-86.77,0.148,24
1790510302.5,15.0029,-10.9374,-86.72,0.215,26
1790510302.6,15.0043,-10.9638,-86.78,-0.240,24
1790510302.7,15.0063,-10.9987,-86.73,0.519,24
1790510302.8,15.0082,-11.0326,-86.73,-0.029,28
1790510302.9,15.0100,-11.0639,-86.73,0.293,25
1790510303.0,15.0115,-11.0903,-86.69,-0.040,24
1790510303.1,15.0133,-11.1215,-86.71,-0.058,27
1790510303.2,15.0152,-11.1528,-86.64,0.524,24
1790510303.3,15.0171,-11.1869,-86.68,-0.006,23
1790510303.4,15.0187,-11.2145,-86.67,0.515,27
1790510303.5,15.0208,-11.2503,-86.67,-0.157,25
1790510303.6,15.0226,-11.2806,-86.68,0.038,23
1790510303.7,15.0245,-11.3124,-86.60,0.340,24
1790510303.8,15.0265,-11.3467,-86.60,0.015,25
1790510303.9,15.0282,-11.3749,-86.55,0.545,25
1790510304.0,15.0300,-11.4054,-86.58,0.006,27
1790510304.1,15.0319,-11.4366,-86.54,0.573,25
1790510304.2,15.0340,-11.4710,-86.55,-0.277,26
1790510304.3,15.0361,-11.5050,-86.53,0.279,27
1790510304.4,15.0381,-11.5359,-86.50,-0.064,25
1790510304.5,15.0397,-11.5624,-86.47,0.429,26
1790510304.6,15.0418,-11.5952,-86.44,0.119,25
1790510304.7,15.0437,-11.6268,-86.45,0.029,25
1790510304.8,15.0454,-11.6533,-86.42,0.325,26
1790510304.9,15.0476,-11.6902,-86.46,-0.147,25
1790510305.0,15.0495,-11.7200,-86.42,0.540,25
1790510305.1,15.0516,-11.7529,-86.43,-0.242,28
1790510305.2,15.0535,-11.7820,-86.41,0.309,25
1790510305.3,15.0556,-11.8146,-86.37,0.017,26
1790510305.4,15.0573,-11.8419,-86.38,0.111,25
1790510305.5,15.0597,-11.8777,-86.33,0.425,27
1790510305.6,15.0616,-11.9053,-86.33,-0.019,25
1790510305.7,15.0638,-11.9361,-86.30,0.411,27
1790510305.8,15.0658,-11.9778,-86.35,-0.424,25
1790510305.9,15.0674,-12.0012,-86.35,0.205,27
1790510306.0,15.0689,-12.0197,-86.31,-0.243,23
1790510306.1,15.0713,-12.0606,-86.31,0.230,24
1790510306.2,15.0736,-12.0942,-86.28,0.279,22
1790510306.3,15.0776,-12.1346,-86.27,0.038,26
1790510306.4,15.0773,-12.1405,-86.26,0.533,24
1790510306.5,15.0796,-12.1779,-86.27,-0.078,26
1790510306.6,15.0830,-12.2278,-86.24,0.434,26
1790510306.7,15.0838,-12.2424,-86.25,-0.203,25
1790510306.8,15.0859,-12.2732,-86.23,0.290,26
1790510306.9,15.0886,-12.3157,-86.19,-0.040,25
1790510307.0,15.0902,-12.3429,-86.20,0.185,26
1790510307.1,15.0920,-12.3696,-86.15,0.281,27
1790510307.2,15.0947,-12.4076,-86.19,-0.248,27
1790510307.3,15.0957,-12.4229,-86.16,0.079,23
1790510307.4,15.0960,-12.4302,-86.15,0.350,27
1790510307.5,15.0965,-12.4371,-86.19,-0.049,23
1790510307.6,15.0963,-12.4332,-86.17,0.035,25
1790510307.7,15.0960,-12.4294,-86.18,-0.080,24
1790510307.8,15.0961,-12.4298,-86.18,0.018,27
1790510307.9,15.0960,-12.4289,-86.14,1.199,25
1790510308.0,15.0960,-12.4293,-85.69,6.390,24
1790510308.1,15.0959,-12.4284,-84.34,14.484,26
1790510308.2,15.0961,-12.4298,-82.81,15.643,23
1790510308.3,15.0960,-12.4294,-81.18,15.835,26
1790510308.4,15.0956,-12.4280,-79.57,15.614,26
1790510308.5,15.0961,-12.4302,-77.94,15.841,25
1790510308.6,15.0962,-12.4304,-76.30,16.042,25
1790510308.7,15.0962,-12.4303,-74.97,15.860,27
1790510308.8,15.0958,-12.4291,-73.70,15.825,26
1790510308.9,15.0962,-12.4299,-71.64,16.066,27
1790510309.0,15.0962,-12.4300,-69.99,16.825,25
1790510309.1,15.0955,-12.4288,-68.30,17.079,28
1790510309.2,15.0972,-12.4322,-66.63,17.280,27
1790510309.3,15.0970,-12.4319,-64.81,18.117,25
1790510309.4,15.0992,-12.4353,-63.00,18.278,23
1790510309.5,15.0974,-12.4325,-61.18,18.469,27
1790510309.6,15.0982,-12.4338,-59.29,18.865,26
1790510309.7,15.0998,-12.4362,-57.10,20.105,27
1790510309.8,15.1000,-12.4365,-55.09,20.785,22
1790510309.9,15.0995,-12.4357,-53.05,20.596,26
1790510310.0,15.1016,-12.4376,-51.01,20.695,26
1790510310.1,15.0999,-12.4359,-48.94,20.694,24
1790510310.2,15.1018,-12.4377,-46.87,20.995,23
1790510310.3,15.1037,-12.4394,-44.68,20.919,24
1790510310.4,15.1035,-12.4392,-42.50,21.107,26
1790510310.5,15.1080,-12.4425,-41.36,20.411,24
1790510310.6,15.1036,-12.4392,-38.58,21.275,24
1790510310.7,15.1057,-12.4405,-36.44,21.211,25
1790510310.8,15.1067,-12.4411,-34.40,21.040,25
1790510310.9,15.1108,-12.4433,-32.33,21.159,24
1790510311.0,15.1138,-12.4446,-29.89,22.215,25
1790510311.1,15.1145,-12.4451,-27.66,22.623,24
1790510311.2,15.1213,-12.4477,-25.41,22.615,26
1790510311.3,15.1230,-12.4480,-23.23,21.776,25
1790510311.4,15.1255,-12.4487,-21.05,21.980,26
1790510311.5,15.1263,-12.4489,-18.84,22.510,27
1790510311.6,15.1285,-12.4494,-16.57,22.569,25
1790510311.7,15.1307,-12.4498,-14.32,21.609,25
1790510311.8,15.1305,-12.4496,-12.14,21.479,26
1790510311.9,15.1346,-12.4500,-9.97,21.364,25
1790510312.0,15.1366,-12.4501,-7.74,21.468,24
1790510312.1,15.1393,-12.4500,-5.59,20.856,25
1790510312.2,15.1394,-12.4499,-4.45,20.600,26
1790510312.3,15.1432,-12.4499,-1.60,21.174,26
1790510312.4,15.1450,-12.4497,0.49,20.915,25
1790510312.5,15.1480,-12.4493,2.19,10.758,25
1790510312.6,15.1503,-12.4490,1.76,-2.950,25
1790510312.7,15.1567,-12.4478,1.71,-0.333,26
1790510312.8,15.1566,-12.4478,1.67,-0.070,25
1790510312.9,15.1569,-12.4478,1.66,-0.060,25
1790510313.0,15.1556,-12.4479,1.66,-0.023,26
1790510313.1,15.1559,-12.4479,1.66,-0.049,23
1790510313.2,15.1547,-12.4479,1.68,-0.009,23
1790510313.3,15.1548,-12.4479,1.67,-0.035,24
1790510313.4,15.1556,-12.4479,1.67,0.041,26
1790510313.5,15.1551,-12.4479,1.67,-0.050,26
1790510313.6,15.1555,-12.4479,1.66,-0.024,24
1790510313.7,15.1557,-12.4479,1.66,0.006,25
1790510313.8,15.1561,-12.4479,1.67,0.030,24
1790510313.9,15.1553,-12.4479,1.67,0.014,26
1790510314.0,15.1553,-12.4479,1.67,0.008,24
1790510314.1,15.1559,-12.4479,1.67,0.007,26
1790510314.2,15.1559,-12.4479,1.67,-0.032,25
1790510314.3,15.1559,-12.4479,1.66,-0.019,26
1790510314.4,15.1564,-12.4479,1.67,-0.011,25
1790510314.5,15.1555,-12.4479,1.67,0.012,27
1790510314.6,15.1552,-12.4479,1.67,0.033,25
1790510314.7,15.1563,-12.4479,1.67,0.026,25
1790510314.8,15.1562,-12.4479,1.67,-0.031,25
1790510314.9,15.1559,-12.4479,1.67,-0.010,26
1790510315.0,15.1560,-12.4479,1.66,-0.004,25
1790510315.1,15.1567,-12.4479,1.67,-0.027,25
1790510315.2,15.1546,-12.4479,1.67,0.019,27
1790510315.3,15.1550,-12.4479,1.66,0.020,26
1790510315.4,15.1550,-12.4479,1.66,-0.020,25
1790510315.5,15.1551,-12.4479,1.66,0.021,23
1790510315.6,15.1552,-12.4479,1.67,0.036,27
1790510315.7,15.1553,-12.4479,1.66,0.027,25
1790510315.8,15.1551,-12.4479,1.67,-0.035,23
1790510315.9,15.1550,-12.4479,1.66,0.004,26
1790510316.0,15.1552,-12.4479,1.77,1.359,25
1790510316.1,15.1587,-12.4478,1.69,-0.756,26
1790510316.2,15.1652,-12.4476,1.78,0.797,26
1790510316.3,15.1828,-12.4471,1.77,-0.443,24
1790510316.4,15.2025,-12.4464,1.91,1.626,25
1790510316.5,15.2152,-12.4460,1.94,-0.672,27
1790510316.6,15.2412,-12.4452,1.87,1.508,24
1790510316.7,15.2807,-12.4436,1.85,-0.636,27
1790510316.8,15.3104,-12.4427,2.01,0.319,24
1790510316.9,15.3374,-12.4417,2.01,0.212,24
1790510317.0,15.3661,-12.4405,1.98,0.035,23
1790510317.1,15.3908,-12.4397,2.04,0.514,25
1790510317.2,15.4194,-12.4387,2.08,-0.013,25
1790510317.3,15.4455,-12.4377,2.06,-0.016,24
1790510317.4,15.4717,-12.4368,2.08,0.582,25
1790510317.5,15.5011,-12.4357,2.09,-0.077,24
1790510317.6,15.5293,-12.4347,2.09,0.073,25
1790510317.7,15.5595,-12.4335,2.16,0.592,26
1790510317.8,15.5863,-12.4324,2.18,0.036,26
1790510317.9,15.6138,-12.4314,2.17,0.236,25
1790510318.0,15.6411,-12.4304,2.20,0.221,25
1790510318.1,15.6664,-12.4294,2.23,0.350,25
1790510318.2,15.6937,-12.4283,2.27,0.276,23
1790510318.3,15.7227,-12.4271,2.26,-0.095,25
1790510318.4,15.7523,-12.4259,2.28,0.472,24
1790510318.5,15.7792,-12.4249,2.30,0.072,26
1790510318.6,15.8037,-12.4239,2.31,-0.006,26
1790510318.7,15.8339,-12.4226,2.36,0.453,23
1790510318.8,15.8602,-12.4215,2.35,0.089,26
1790510318.9,15.8876,-12.4204,2.34,0.165,24
1790510319.0,15.9158,-12.4192,2.38,0.179,27
1790510319.1,15.9428,-12.4181,2.37,-0.055,25
1790510319.2,15.9709,-12.4169,2.40,0.394,23
1790510319.3,15.9960,-12.4159,2.39,-0.137,28
1790510319.4,16.0240,-12.4147,2.39,0.215,25
1790510319.5,16.0547,-12.4134,2.44,0.275,25
1790510319.6,16.0800,-12.4123,2.42,-0.210,26
1790510319.7,16.1072,-12.4111,2.45,0.442,25
1790510319.8,16.1394,-12.4099,2.47,0.044,26
1790510319.9,16.1671,-12.4087,2.43,-0.164,25
1790510320.0,16.1911,-12.4076,2.49,0.498,24
1790510320.1,16.2197,-12.4064,2.49,-0.056,26
1790510320.2,16.2473,-12.4051,2.50,0.146,25
1790510320.3,16.2757,-12.4039,2.54,0.351,26
1790510320.4,16.3014,-12.4027,2.53,-0.118,25
1790510320.5,16.3291,-12.4015,2.56,0.342,25
1790510320.6,16.3618,-12.4001,2.58,0.017,24
1790510320.7,16.3764,-12.3994,2.57,0.005,26
1790510320.8,16.4127,-12.3978,2.62,0.428,27
1790510320.9,16.4460,-12.3962,2.61,-0.099,26
1790510321.0,16.4700,-12.3951,2.61,-0.021,24
1790510321.1,16.4956,-12.3940,2.67,0.419,23
1790510321.2,16.5176,-12.3929,2.65,-0.274,24
1790510321.3,16.5495,-12.3915,2.62,0.551,25
1790510321.4,16.5774,-12.3901,2.67,-0.021,25
1790510321.5,16.6081,-12.3886,2.65,-0.278,25
1790510321.6,16.6240,-12.3879,2.63,0.043,25
1790510321.7,16.6344,-12.3875,2.59,-0.218,27
1790510321.8,16.6372,-12.3873,2.63,-0.034,26
1790510321.9,16.6365,-12.3874,2.63,0.084,26
1790510322.0,16.6359,-12.3874,2.63,0.003,27
1790510322.1,16.6358,-12.3874,2.63,-0.020,26
1790510322.2,16.6298,-12.3876,2.61,0.006,24
1790510322.3,16.6297,-12.3876,2.61,0.021,25
1790510322.4,16.6297,-12.3876,2.61,0.009,25
1790510322.5,16.6303,-12.3876,2.62,-0.011,25
1790510322.6,16.6308,-12.3875,2.63,-0.025,26
1790510322.7,16.6294,-12.3876,2.61,-0.013,28
1790510322.8,16.6293,-12.3876,2.62,-0.007,24
1790510322.9,16.6294,-12.3876,2.61,0.015,25
1790510323.0,16.6284,-12.3876,2.58,-0.038,27
1790510323.1,16.6297,-12.3875,2.58,0.008,26
1790510323.2,16.6295,-12.3875,2.58,-0.127,24
1790510323.3,16.6274,-12.3876,2.50,-1.670,25
1790510323.4,16.6274,-12.3876,2.09,-3.718,24
1790510323.5,16.6269,-12.3876,1.75,-3.909,25
1790510323.6,16.6188,-12.3875,1.07,-7.583,25
1790510323.7,16.6180,-12.3875,0.23,-8.466,22
1790510323.8,16.6184,-12.3875,-0.65,-9.208,25
1790510323.9,16.6092,-12.3868,-1.68,-10.096,26
1790510324.0,16.6182,-12.3874,-3.03,-14.283,23
1790510324.1,16.6184,-12.3875,-4.69,-17.237,24
1790510324.2,16.6263,-12.3885,-6.51,-18.569,27
1790510324.3,16.6230,-12.3875,-8.45,-19.772,22
1790510324.4,16.6226,-12.3875,-10.67,-22.156,25
1790510324.5,16.6217,-12.3873,-12.88,-22.580,26
1790510324.6,16.6214,-12.3870,-15.15,-21.890,24
1790510324.7,16.6199,-12.3863,-17.41,-22.454,26
1790510324.8,16.6193,-12.3861,-19.71,-22.378,28
1790510324.9,16.6177,-12.3853,-20.86,-21.920,26
1790510325.0,16.6125,-12.3823,-23.78,-23.078,24
1790510325.1,16.6127,-12.3824,-26.62,-27.434,27
1790510325.2,16.6105,-12.3812,-28.87,-25.105,26
1790510325.3,16.6085,-12.3796,-32.18,-28.983,25
1790510325.4,16.6086,-12.3793,-34.86,-27.291,25
1790510325.5,16.6046,-12.3752,-37.63,-27.686,25
1790510325.6,16.6015,-12.3720,-40.28,-26.980,25
1790510325.7,16.5983,-12.3679,-42.99,-26.925,26
1790510325.8,16.5983,-12.3679,-45.66,-26.939,24
1790510325.9,16.5956,-12.3642,-48.26,-26.391,25
1790510326.0,16.5936,-12.3609,-50.92,-25.714,27
1790510326.1,16.5900,-12.3541,-53.67,-26.572,26
1790510326.2,16.5890,-12.3519,-56.30,-26.235,26
1790510326.3,16.5901,-12.3552,-59.09,-26.756,23
1790510326.4,16.5878,-12.3501,-60.49,-26.794,27
1790510326.5,16.5864,-12.3464,-63.15,-26.002,22
1790510326.6,16.5874,-12.3473,-66.92,-27.238,28
1790510326.7,16.5866,-12.3444,-69.61,-27.231,26
1790510326.8,16.5867,-12.3443,-72.27,-26.953,24
1790510326.9,16.5867,-12.3449,-74.98,-27.160,25
1790510327.0,16.5867,-12.3458,-77.70,-27.618,26
1790510327.1,16.5863,-12.3455,-80.34,-27.032,22
1790510327.2,16.5863,-12.3419,-83.05,-25.980,27
1790510327.3,16.5864,-12.3468,-85.58,-25.756,27
1790510327.4,16.5864,-12.3486,-88.25,-25.286,24
1790510327.5,16.5866,-12.3471,-90.80,-19.334,23
1790510327.6,16.5864,-12.3464,-90.30,3.746,26
1790510327.7,16.5865,-12.3454,-90.32,0.469,26
1790510327.8,16.5865,-12.3455,-90.31,0.007,25
1790510327.9,16.5865,-12.3453,-90.29,0.074,26
1790510328.0,16.5865,-12.3449,-90.29,0.047,25
1790510328.1,16.5865,-12.3455,-90.31,-0.016,25
1790510328.2,16.5865,-12.3457,-90.30,0.009,28
1790510328.3,16.5865,-12.3457,-90.30,0.027,25
1790510328.4,16.5865,-12.3458,-90.30,0.020,25
1790510328.5,16.5865,-12.3459,-90.31,-0.038,24
1790510328.6,16.5865,-12.3457,-90.30,0.017,23
1790510328.7,16.5865,-12.3453,-90.29,0.028,26
1790510328.8,16.5865,-12.3451,-90.29,0.011,27
1790510328.9,16.5865,-12.3454,-90.29,0.042,25
1790510329.0,16.5865,-12.3449,-90.31,-0.370,25
1790510329.1,16.5865,-12.3459,-90.31,-0.808,26
1790510329.2,16.5865,-12.3519,-90.39,0.081,24
1790510329.3,16.5865,-12.3642,-90.29,0.880,26
1790510329.4,16.5865,-12.3721,-90.40,-0.920,26
1790510329.5,16.5863,-12.4070,-90.41,0.475,26
1790510329.6,16.5858,-12.4373,-90.34,0.539,21
1790510329.7,16.5858,-12.4701,-90.42,-1.019,26
1790510329.8,16.5855,-12.5006,-90.46,0.145,26
1790510329.9,16.5852,-12.5265,-90.41,-0.039,26
1790510330.0,16.5851,-12.5560,-90.43,-0.119,26
1790510330.1,16.5848,-12.5920,-90.40,0.331,26
1790510330.2,16.5846,-12.6229,-90.42,-0.327,25
1790510330.3,16.5843,-12.6592,-90.40,0.366,25
1790510330.4,16.5840,-12.6938,-90.38,0.029,24
1790510330.5,16.5838,-12.7287,-90.37,0.280,26
1790510330.6,16.5836,-12.7606,-90.35,0.058,26
1790510330.7,16.5833,-12.7948,-90.34,0.371,25
1790510330.8,16.5832,-12.8126,-90.33,0.177,25
1790510330.9,16.5830,-12.8618,-90.34,0.173,23
1790510331.0,16.5828,-12.8986,-90.31,0.097,24
1790510331.1,16.5826,-12.9311,-90.34,0.121,26
1790510331.2,16.5823,-12.9657,-90.31,0.078,26
1790510331.3,16.5823,-12.9968,-90.30,0.011,27
1790510331.4,16.5820,-13.0303,-90.28,0.120,24
1790510331.5,16.5820,-13.0651,-90.26,-0.089,27
1790510331.6,16.5818,-13.0987,-90.22,0.316,23
1790510331.7,16.5816,-13.1318,-90.23,-0.061,27
1790510331.8,16.5816,-13.1661,-90.17,0.382,24
1790510331.9,16.5815,-13.2007,-90.20,-0.231,23
1790510332.0,16.5817,-13.2337,-90.13,0.375,25
1790510332.1,16.5814,-13.2686,-90.15,-0.124,24
1790510332.2,16.5813,-13.2876,-90.15,0.366,24
1790510332.3,16.5812,-13.3354,-90.11,-0.059,21
1790510332.4,16.5811,-13.3742,-90.10,0.519,25
1790510332.5,16.5810,-13.4076,-90.13,-0.180,24
1790510332.6,16.5809,-13.4440,-90.10,0.442,26
1790510332.7,16.5809,-13.4782,-90.11,-0.450,27
1790510332.8,16.5807,-13.5148,-90.10,0.358,24
1790510332.9,16.5807,-13.5493,-90.10,-0.152,25
1790510333.0,16.5806,-13.5867,-90.08,0.669,26
1790510333.1,16.5806,-13.6247,-90.08,-0.232,25
1790510333.2,16.5806,-13.6578,-90.05,0.392,26
1790510333.3,16.5804,-13.6932,-90.04,-0.040,22
1790510333.4,16.5804,-13.7343,-90.01,0.425,27
1790510333.5,16.5805,-13.7692,-90.03,-0.026,25
1790510333.6,16.5804,-13.8039,-89.99,0.532,26
1790510333.7,16.5805,-13.8236,-89.98,-0.069,26
1790510333.8,16.5805,-13.8691,-89.96,0.477,23
1790510333.9,16.5806,-13.9074,-89.94,-0.066,26
1790510334.0,16.5807,-13.9438,-89.92,0.297,26
1790510334.1,16.5808,-13.9834,-89.93,-0.095,25
1790510334.2,16.5807,-14.0193,-89.92,0.217,26
1790510334.3,16.5808,-14.0557,-89.92,-0.010,23
1790510334.4,16.5808,-14.0904,-89.89,0.387,24
1790510334.5,16.5810,-14.1300,-89.89,-0.164,25
1790510334.6,16.5810,-14.1649,-89.86,0.335,25
1790510334.7,16.5811,-14.2022,-89.87,-0.088,28
1790510334.8,16.5813,-14.2375,-89.83,0.493,24
1790510334.9,16.5814,-14.2749,-89.84,0.022,27
1790510335.0,16.5814,-14.2953,-89.81,0.332,23
1790510335.1,16.5815,-14.3431,-89.83,-0.070,27
1790510335.2,16.5817,-14.3820,-89.78,0.455,25
1790510335.3,16.5817,-14.4157,-89.79,-0.054,27
1790510335.4,16.5820,-14.4522,-89.75,0.399,26
1790510335.5,16.5823,-14.4890,-89.76,-0.318,24
1790510335.6,16.5824,-14.5242,-89.74,0.481,26
1790510335.7,16.5824,-14.5573,-89.77,-0.049,26
1790510335.8,16.5828,-14.5938,-89.73,0.353,24
1790510335.9,16.5826,-14.6336,-89.74,-0.150,26
1790510336.0,16.5829,-14.6599,-89.70,0.360,24
1790510336.1,16.5830,-14.6986,-89.73,-0.291,24
1790510336.2,16.5834,-14.7354,-89.68,0.464,26
1790510336.3,16.5836,-14.7682,-89.67,0.037,25
1790510336.4,16.5836,-14.8008,-89.66,0.374,26
1790510336.5,16.5837,-14.8221,-89.63,0.100,26
1790510336.6,16.5843,-14.8648,-89.61,0.272,25
1790510336.7,16.5843,-14.8972,-89.62,-0.142,25
1790510336.8,16.5846,-14.9245,-89.65,0.199,27
1790510336.9,16.5847,-14.9466,-89.63,0.075,25
1790510337.0,16.5847,-14.9418,-89.63,-0.035,24
1790510337.1,16.5846,-14.9371,-89.62,-0.001,25
1790510337.2,16.5846,-14.9282,-89.61,0.033,25
1790510337.3,16.5846,-14.9274,-89.61,0.020,24
1790510337.4,16.5846,-14.9277,-89.61,0.005,24
1790510337.5,16.5846,-14.9266,-89.61,-0.024,21
1790510337.6,16.5846,-14.9267,-89.62,-0.007,24
1790510337.7,16.5846,-14.9256,-89.61,-0.004,26
1790510337.8,16.5846,-14.9261,-89.61,-0.013,25
1790510337.9,16.5846,-14.9265,-89.61,-0.003,24
1790510338.0,16.5846,-14.9266,-89.61,0.002,23
1790510338.1,16.5846,-14.9257,-89.61,0.036,24
1790510338.2,16.5846,-14.9272,-89.60,-0.002,27
1790510338.3,16.5846,-14.9257,-89.60,-0.010,25
1790510338.4,16.5846,-14.9260,-89.60,-0.070,25
1790510338.5,16.5846,-14.9257,-89.61,-0.017,27
1790510338.6,16.5846,-14.9262,-89.61,0.021,25
1790510338.7,16.5846,-14.9251,-89.60,0.011,26
1790510338.8,16.5846,-14.9259,-89.61,0.018,24
1790510338.9,16.5846,-14.9262,-89.61,-0.026,26
1790510339.0,16.5846,-14.9268,-89.68,-0.846,24
1790510339.1,16.5846,-14.9257,-89.90,-5.903,22
1790510339.2,16.5846,-14.9266,-90.76,-14.973,27
1790510339.3,16.5845,-14.9284,-92.98,-15.650,26
1790510339.4,16.5849,-14.9256,-94.43,-16.537,25
1790510339.5,16.5842,-14.9301,-96.10,-17.014,27
1790510339.6,16.5847,-14.9274,-97.93,-16.251,25
1790510339.7,16.5840,-14.9299,-99.56,-16.533,25
1790510339.8,16.5844,-14.9286,-101.21,-16.578,27
1790510339.9,16.5832,-14.9325,-102.82,-16.573,28
1790510340.0,16.5834,-14.9316,-104.64,-16.738,26
1790510340.1,16.5827,-14.9339,-106.13,-16.052,24
1790510340.2,16.5841,-14.9304,-107.71,-16.367,26
1790510340.3,16.5831,-14.9325,-109.44,-16.425,25
1790510340.4,16.5840,-14.9304,-111.16,-16.750,24
1790510340.5,16.5822,-14.9339,-112.87,-16.231,27
1790510340.6,16.5813,-14.9358,-114.16,-15.540,26
1790510340.7,16.5806,-14.9371,-115.33,-17.002,27
1790510340.8,16.5799,-14.9379,-117.71,-16.822,27
1790510340.9,16.5809,-14.9365,-119.36,-16.923,23
1790510341.0,16.5805,-14.9369,-121.06,-17.128,26
1790510341.1,16.5766,-14.9421,-122.73,-16.701,27
1790510341.2,16.5762,-14.9428,-124.40,-16.971,26
1790510341.3,16.5758,-14.9433,-126.06,-16.778,26
1790510341.4,16.5731,-14.9461,-127.74,-16.867,25
1790510341.5,16.5693,-14.9500,-129.53,-16.841,26
1790510341.6,16.5677,-14.9518,-131.09,-16.548,28
1790510341.7,16.5695,-14.9503,-132.83,-16.901,24
1790510341.8,16.5693,-14.9505,-134.62,-16.707,24
1790510341.9,16.5746,-14.9460,-136.25,-16.793,25
1790510342.0,16.5744,-14.9462,-137.92,-16.779,25
1790510342.1,16.5741,-14.9463,-139.58,-16.370,27
1790510342.2,16.5730,-14.9471,-141.21,-16.830,22
1790510342.3,16.5743,-14.9462,-142.88,-16.535,25
1790510342.4,16.5687,-14.9497,-144.62,-16.914,27
1790510342.5,16.5679,-14.9502,-146.30,-16.448,26
1790510342.6,16.5684,-14.9498,-147.90,-15.903,24
1790510342.7,16.5648,-14.9514,-149.63,-16.847,26
1790510342.8,16.5680,-14.9499,-151.29,-16.503,25
1790510342.9,16.5656,-14.9510,-152.94,-17.063,25
1790510343.0,16.5659,-14.9508,-153.80,-17.130,26
1790510343.1,16.5577,-14.9539,-155.58,-17.866,24
1790510343.2,16.5568,-14.9543,-158.13,-18.786,26
1790510343.3,16.5550,-14.9548,-159.97,-18.554,27
1790510343.4,16.5555,-14.9545,-161.93,-19.932,25
1790510343.5,16.5538,-14.9548,-163.87,-19.068,28
1790510343.6,16.5488,-14.9559,-165.72,-18.939,24
1790510343.7,16.5469,-14.9561,-167.58,-18.628,26
1790510343.8,16.5437,-14.9564,-169.41,-19.279,25
1790510343.9,16.5407,-14.9566,-171.54,-18.315,22
1790510344.0,16.5405,-14.9566,-172.75,-18.159,26
1790510344.1,16.5334,-14.9567,-175.12,-18.593,26
1790510344.2,16.5234,-14.9567,-177.08,-19.516,24
1790510344.3,16.5192,-14.9565,-178.95,-18.758,23
1790510344.4,16.5173,-14.9562,179.24,-18.381,26
1790510344.5,16.5088,-14.9550,177.69,-12.509,22
1790510344.6,16.5052,-14.9543,178.04,2.505,28
1790510344.7,16.5041,-14.9541,178.04,0.402,24
1790510344.8,16.5025,-14.9542,178.05,0.081,25
1790510344.9,16.5038,-14.9542,178.05,0.048,25
1790510345.0,16.5034,-14.9542,178.06,0.085,25
1790510345.1,16.5031,-14.9542,178.06,0.051,26
1790510345.2,16.5036,-14.9542,178.05,-0.020,27
1790510345.3,16.5033,-14.9542,178.06,0.063,26
1790510345.4,16.5029,-14.9542,178.06,0.003,26
1790510345.5,16.5032,-14.9542,178.06,0.020,26
1790510345.6,16.5030,-14.9542,178.06,-2.740,25
1790510345.7,16.4965,-14.9541,177.96,1.407,26
1790510345.8,16.4858,-14.9537,177.92,-0.590,27
1790510345.9,16.4612,-14.9531,177.86,-0.440,26
1790510346.0,16.4391,-14.9522,177.92,0.713,26
1790510346.1,16.4139,-14.9513,177.90,-0.266,25
1790510346.2,16.3813,-14.9502,177.83,-0.564,23
1790510346.3,16.3548,-14.9492,177.89,0.461,25
1790510346.4,16.3284,-14.9481,177.93,0.468,27
1790510346.5,16.2997,-14.9472,177.88,-1.010,25
1790510346.6,16.2667,-14.9460,177.87,0.296,25
1790510346.7,16.2399,-14.9449,177.98,0.711,26
1790510346.8,16.2094,-14.9438,177.93,-0.422,25
1790510346.9,16.1817,-14.9428,177.92,0.480,27
1790510347.0,16.1546,-14.9418,177.92,-0.229,27
1790510347.1,16.1230,-14.9407,177.86,-0.453,26
1790510347.2,16.0903,-14.9394,177.87,0.050,26
1790510347.3,16.0633,-14.9384,177.88,-0.126,27
1790510347.4,16.0331,-14.9373,177.92,0.538,26
1790510347.5,16.0017,-14.9361,177.90,-0.178,26
1790510347.6,15.9824,-14.9354,177.88,0.171,25
1790510347.7,15.9548,-14.9345,177.95,0.023,24
1790510347.8,15.9171,-14.9330,177.91,-0.235,26
1790510347.9,15.8882,-14.9320,177.94,0.481,25
1790510348.0,15.8569,-14.9309,177.94,-0.163,27
1790510348.1,15.8269,-14.9299,177.92,0.164,23
1790510348.2,15.7995,-14.9289,178.00,0.280,26
1790510348.3,15.7694,-14.9278,177.98,-0.105,25
1790510348.4,15.7430,-14.9268,178.00,0.471,24
1790510348.5,15.7135,-14.9258,177.98,-0.189,25
1790510348.6,15.6841,-14.9249,177.99,0.174,26
1790510348.7,15.6552,-14.9239,178.03,0.137,25
1790510348.8,15.6269,-14.9229,178.02,-0.175,26
1790510348.9,15.5989,-14.9221,178.05,0.458,23
1790510349.0,15.5703,-14.9210,178.05,-0.101,25
1790510349.1,15.5405,-14.9201,178.06,0.229,27
1790510349.2,15.5099,-14.9191,178.09,0.138,25
1790510349.3,15.4806,-14.9180,178.07,-0.119,27
1790510349.4,15.4493,-14.9171,178.11,0.416,25
1790510349.5,15.4208,-14.9161,178.09,-0.161,25
1790510349.6,15.3900,-14.9152,178.10,0.294,25
1790510349.7,15.3766,-14.9147,178.14,-0.043,26
1790510349.8,15.3318,-14.9132,178.11,0.021,25
1790510349.9,15.3040,-14.9124,178.16,0.428,25
1790510350.0,15.2775,-14.9115,178.14,-0.147,25
1790510350.1,15.2482,-14.9107,178.17,0.383,26
1790510350.2,15.2163,-14.9096,178.18,-0.197,28
1790510350.3,15.1878,-14.9087,178.16,0.072,24
1790510350.4,15.1598,-14.9078,178.24,0.480,26
1790510350.5,15.1313,-14.9069,178.16,-0.514,23
1790510350.6,15.0981,-14.9060,178.20,0.311,24
1790510350.7,15.0728,-14.9051,178.20,-0.110,26
1790510350.8,15.0432,-14.9041,178.20,0.065,27
1790510350.9,15.0202,-14.9035,178.25,0.391,26
1790510351.0,14.9911,-14.9025,178.22,-0.102,27
1790510351.1,14.9645,-14.9018,178.23,0.286,25
1790510351.2,14.9367,-14.9009,178.19,-1.185,25
1790510351.3,14.9054,-14.8999,177.94,-3.313,25
1790510351.4,14.8819,-14.8989,177.32,-7.127,24
1790510351.5,14.8539,-14.8969,176.25,-10.649,25
1790510351.6,14.8269,-14.8941,175.13,-11.068,25
1790510351.7,14.7978,-14.8899,174.03,-10.418,25
1790510351.8,14.7807,-14.8872,173.60,-8.515,27
1790510351.9,14.7383,-14.8792,172.73,-2.838,26
1790510352.0,14.7091,-14.8737,172.54,-1.218,27
1790510352.1,14.6844,-14.8696,172.54,-0.436,24
1790510352.2,14.6585,-14.8658,172.51,-0.399,24
1790510352.3,14.6294,-14.8621,172.52,-0.168,25
1790510352.4,14.5990,-14.8581,172.54,0.169,25
1790510352.5,14.5687,-14.8540,172.50,-0.167,25
1790510352.6,14.5379,-14.8501,172.49,0.010,26
1790510352.7,14.5089,-14.8462,172.50,-0.154,27
1790510352.8,14.4775,-14.8420,172.49,0.081,24
1790510352.9,14.4431,-14.8374,172.45,-0.486,27
1790510353.0,14.4110,-14.8331,172.41,0.016,26
1790510353.1,14.3802,-14.8290,172.44,0.039,26
1790510353.2,14.3538,-14.8255,172.42,-0.478,25
1790510353.3,14.3164,-14.8206,172.41,0.053,26
1790510353.4,14.2833,-14.8160,172.43,0.185,25
1790510353.5,14.2512,-14.8118,172.42,-0.051,23
1790510353.6,14.2206,-14.8078,172.43,0.255,25
1790510353.7,14.1894,-14.8036,172.45,0.092,25
1790510353.8,14.1599,-14.7996,172.41,0.085,26
1790510353.9,14.1287,-14.7956,172.43,0.103,26
1790510354.0,14.0905,-14.7903,172.43,-0.129,25
1790510354.1,14.0688,-14.7876,172.44,0.015,20
1790510354.2,14.0258,-14.7822,172.48,0.324,23
1790510354.3,13.9904,-14.7777,172.50,0.035,28
1790510354.4,13.9552,-14.7730,172.51,0.150,23
1790510354.5,13.9197,-14.7684,172.50,-0.140,26
1790510354.6,13.8847,-14.7638,172.53,0.244,25
1790510354.7,13.8482,-14.7590,172.54,0.031,26
1790510354.8,13.8086,-14.7539,172.55,0.206,27
1790510354.9,13.7732,-14.7493,172.55,0.023,25
1790510355.0,13.7327,-14.7440,172.58,0.302,25
1790510355.1,13.6921,-14.7387,172.60,0.177,27
1790510355.2,13.6559,-14.7341,172.64,0.208,23
1790510355.3,13.6227,-14.7297,172.61,-0.057,25
1790510355.4,13.5870,-14.7252,172.66,0.253,27
1790510355.5,13.5477,-14.7201,172.66,0.191,26
1790510355.6,13.5105,-14.7153,172.70,0.233,26
1790510355.7,13.4745,-14.7107,172.71,0.306,27
1790510355.8,13.4366,-14.7059,172.73,0.087,24
1790510355.9,13.4185,-14.7035,172.71,0.200,25
1790510356.0,13.3675,-14.6971,172.75,-0.127,25
1790510356.1,13.3271,-14.6920,172.75,0.216,25
1790510356.2,13.2901,-14.6873,172.75,-0.097,23
1790510356.3,13.2524,-14.6825,172.74,-0.229,27
1790510356.4,13.2141,-14.6776,172.79,0.368,25
1790510356.5,13.1790,-14.6731,172.76,0.199,26
1790510356.6,13.1426,-14.6686,172.80,-0.091,26
1790510356.7,13.1024,-14.6635,172.82,0.299,25
1790510356.8,13.0636,-14.6587,172.82,-0.104,23
1790510356.9,13.0234,-14.6536,172.85,0.510,25
1790510357.0,12.9859,-14.6489,172.85,0.043,26
1790510357.1,12.9447,-14.6438,172.87,0.280,26
1790510357.2,12.9076,-14.6392,172.87,-0.036,26
1790510357.3,12.8692,-14.6345,172.90,0.314,25
1790510357.4,12.8325,-14.6299,172.90,-0.057,27
1790510357.5,12.7916,-14.6248,172.92,0.202,26
1790510357.6,12.7557,-14.6204,172.95,0.118,23
1790510357.7,12.7141,-14.6154,172.99,0.510,25
1790510357.8,12.6762,-14.6107,173.03,0.440,23
1790510357.9,12.6402,-14.6064,173.19,2.514,26
1790510358.0,12.6006,-14.6018,173.59,4.025,25
1790510358.1,12.5635,-14.5979,174.13,7.467,25
1790510358.2,12.5252,-14.5946,175.27,12.557,26
1790510358.3,12.4839,-14.5926,176.86,15.008,26
1790510358.4,12.4568,-14.5923,177.89,14.926,25
1790510358.5,12.4118,-14.5935,179.78,12.254,25
1790510358.6,12.3805,-14.5948,179.91,2.576,25
1790510358.7,12.3353,-14.5963,-179.73,1.814,24
1790510358.8,12.3038,-14.5967,-179.49,1.510,24
1790510358.9,12.2589,-14.5975,-179.45,0.675,26
1790510359.0,12.2224,-14.5981,-179.36,0.585,23
1790510359.1,12.1873,-14.5986,-179.34,0.201,26
1790510359.2,12.1462,-14.5993,-179.32,0.201,26
1790510359.3,12.1176,-14.5996,-179.30,0.409,24
1790510359.4,12.0777,-14.6001,-179.27,0.044,25
1790510359.5,12.0409,-14.6006,-179.25,0.306,24
1790510359.6,12.0065,-14.6011,-179.17,0.823,24
1790510359.7,11.9717,-14.6016,-179.18,-0.183,27
1790510359.8,11.9394,-14.6021,-179.15,0.469,24
1790510359.9,11.9238,-14.6024,-179.13,0.308,25
1790510360.0,11.8862,-14.6029,-179.10,0.495,24
1790510360.1,11.8364,-14.6038,-179.07,-0.100,24
1790510360.2,11.8015,-14.6044,-179.04,0.545,26
1790510360.3,11.7685,-14.6051,-178.98,0.450,24
1790510360.4,11.7347,-14.6056,-178.97,0.391,26
1790510360.5,11.6940,-14.6065,-178.95,-0.005,24
1790510360.6,11.6600,-14.6072,-178.93,0.512,25
1790510360.7,11.6267,-14.6078,-178.91,0.111,26
1790510360.8,11.5936,-14.6085,-178.90,0.229,27
1790510360.9,11.5590,-14.6091,-178.87,0.021,25
1790510361.0,11.5243,-14.6098,-178.86,0.408,25
1790510361.1,11.4895,-14.6105,-178.85,-0.007,25
1790510361.2,11.4529,-14.6113,-178.84,0.110,23
1790510361.3,11.4161,-14.6120,-178.80,0.035,22
1790510361.4,11.3750,-14.6130,-178.75,0.517,26
1790510361.5,11.3405,-14.6137,-178.76,-0.026,25
1790510361.6,11.2958,-14.6147,-178.72,0.344,25
1790510361.7,11.2560,-14.6156,-178.72,0.167,23
1790510361.8,11.2195,-14.6165,-178.69,0.268,24
1790510361.9,11.1800,-14.6174,-178.69,0.095,26
1790510362.0,11.1474,-14.6182,-178.67,0.029,27
1790510362.1,11.1062,-14.6191,-178.68,0.100,24
1790510362.2,11.0686,-14.6200,-178.67,0.142,27
1790510362.3,11.0337,-14.6207,-178.65,0.292,26
1790510362.4,10.9935,-14.6217,-178.63,0.129,24
1790510362.5,10.9545,-14.6227,-178.60,0.251,24
1790510362.6,10.9167,-14.6237,-178.57,0.145,23
1790510362.7,10.8722,-14.6249,-178.56,0.154,25
1790510362.8,10.8366,-14.6258,-178.55,0.178,28
1790510362.9,10.8059,-14.6266,-178.55,0.259,24
1790510363.0,10.7706,-14.6274,-178.53,0.091,25
1790510363.1,10.7302,-14.6288,-178.50,0.325,25
1790510363.2,10.6905,-14.6296,-178.47,0.131,21
1790510363.3,10.6598,-14.6306,-178.46,0.277,23
1790510363.4,10.6208,-14.6319,-178.44,0.034,26
1790510363.5,10.5732,-14.6335,-178.42,0.184,24
1790510363.6,10.5125,-14.6349,-178.41,0.172,23
1790510363.7,10.5094,-14.6352,-178.38,0.133,26
1790510363.8,10.4801,-14.6362,-178.37,0.106,23
1790510363.9,10.4249,-14.6369,-178.36,0.143,25
1790510364.0,10.4100,-14.6379,-178.34,0.368,26
1790510364.1,10.3489,-14.6397,-178.32,0.019,29
1790510364.2,10.3061,-14.6411,-178.28,0.348,26
1790510364.3,10.2672,-14.6423,-178.26,0.102,23
1790510364.4,10.2323,-14.6433,-178.25,0.319,24
1790510364.5,10.1921,-14.6447,-178.24,0.001,27
1790510364.6,10.1570,-14.6460,-178.22,-0.058,25
1790510364.7,10.1221,-14.6469,-178.22,0.179,25
1790510364.8,10.0800,-14.6487,-178.19,0.180,26
1790510364.9,10.0396,-14.6499,-178.18,0.166,24
1790510365.0,10.0097,-14.6506,-178.17,0.034,26
1790510365.1,9.9640,-14.6524,-178.14,0.382,27
1790510365.2,9.9324,-14.6529,-178.13,0.013,26
1790510365.3,9.8761,-14.6554,-178.11,0.320,25
1790510365.4,9.8586,-14.6560,-178.10,0.119,26
1790510365.5,9.8109,-14.6573,-178.08,0.301,25
1790510365.6,9.7669,-14.6588,-178.06,0.056,25
1790510365.7,9.7247,-14.6603,-178.04,0.259,24
1790510365.8,9.6863,-14.6617,-178.02,0.232,25
1790510365.9,9.6475,-14.6631,-177.99,0.231,25
1790510366.0,9.6293,-14.6637,-178.00,0.010,25
1790510366.1,9.5714,-14.6657,-177.96,0.212,25
1790510366.2,9.5340,-14.6671,-177.96,0.115,26
1790510366.3,9.4976,-14.6683,-177.94,0.197,24
1790510366.4,9.4569,-14.6699,-177.93,0.072,23
1790510366.5,9.4205,-14.6712,-177.93,0.082,23
1790510366.6,9.3786,-14.6727,-177.91,0.236,22
1790510366.7,9.3399,-14.6741,-177.89,0.129,24
1790510366.8,9.2998,-14.6757,-177.87,0.214,26
1790510366.9,9.2575,-14.6773,-177.84,0.317,23
1790510367.0,9.2219,-14.6787,-177.81,0.370,23
1790510367.1,9.1780,-14.6804,-177.79,0.246,27
1790510367.2,9.1389,-14.6820,-177.79,-0.045,25
1790510367.3,9.1027,-14.6833,-177.79,-0.072,25
1790510367.4,9.0577,-14.6853,-177.76,0.203,24
1790510367.5,9.0203,-14.6868,-177.75,0.147,26
1790510367.6,8.9793,-14.6883,-177.73,0.085,26
1790510367.7,8.9450,-14.6898,-177.72,0.265,25
1790510367.8,8.9014,-14.6917,-177.71,0.126,26
1790510367.9,8.8633,-14.6932,-177.68,0.336,26
1790510368.0,8.8285,-14.6946,-177.66,0.053,23
1790510368.1,8.7952,-14.6960,-177.66,0.350,25
1790510368.2,8.7491,-14.6980,-177.65,-0.080,23
1790510368.3,8.7088,-14.6998,-177.62,0.286,24
1790510368.4,8.6715,-14.7013,-177.59,0.155,24
1790510368.5,8.6326,-14.7031,-177.57,0.223,25
1790510368.6,8.5975,-14.7046,-177.57,0.087,25
1790510368.7,8.5584,-14.7063,-177.54,0.212,28
1790510368.8,8.5204,-14.7079,-177.52,0.344,27
1790510368.9,8.4816,-14.7097,-177.51,0.052,23
1790510369.0,8.4418,-14.7115,-177.48,0.229,27
1790510369.1,8.3988,-14.7133,-177.49,-0.003,25
1790510369.2,8.3615,-14.7150,-177.46,0.237,25
1790510369.3,8.3057,-14.7178,-177.45,0.154,26
1790510369.4,8.2793,-14.7188,-177.44,0.120,28
1790510369.5,8.2358,-14.7209,-177.41,0.275,20
1790510369.6,8.2001,-14.7225,-177.41,0.232,26
1790510369.7,8.1604,-14.7243,-177.40,-0.018,25
1790510369.8,8.1257,-14.7258,-177.40,-0.003,26
1790510369.9,8.0841,-14.7279,-177.39,-0.084,25
1790510370.0,8.0427,-14.7297,-177.37,0.299,27
1790510370.1,8.0028,-14.7315,-177.36,0.062,23
1790510370.2,7.9830,-14.7324,-177.36,0.170,24
1790510370.3,7.9317,-14.7350,-177.33,0.099,25
1790510370.4,7.8942,-14.7366,-177.32,-0.018,27
1790510370.5,7.8509,-14.7387,-177.31,0.186,25
1790510370.6,7.8104,-14.7406,-177.28,0.134,25
1790510370.7,7.7805,-14.7420,-177.31,0.027,26
1790510370.8,7.7476,-14.7436,-177.27,0.328,26
1790510370.9,7.7140,-14.7452,-177.26,-0.020,22
1790510371.0,7.6830,-14.7467,-177.22,0.114,23
1790510371.1,7.6531,-14.7481,-177.20,0.359,26
1790510371.2,7.6171,-14.7500,-177.17,0.367,23
1790510371.3,7.5840,-14.7517,-177.19,-0.164,23
1790510371.4,7.5451,-14.7536,-177.16,0.288,26
1790510371.5,7.5130,-14.7552,-177.15,0.164,25
1790510371.6,7.4767,-14.7571,-177.13,0.222,25
1790510371.7,7.4439,-14.7587,-177.13,0.018,24
1790510371.8,7.4093,-14.7604,-177.11,0.154,24
1790510371.9,7.3750,-14.7622,-177.10,0.161,26
1790510372.0,7.3394,-14.7640,-177.10,-0.200,24
1790510372.1,7.3040,-14.7658,-177.08,0.228,25
1790510372.2,7.2686,-14.7676,-177.06,0.209,26
1790510372.3,7.2394,-14.7691,-177.04,0.167,24
1790510372.4,7.2047,-14.7710,-177.01,0.401,24
1790510372.5,7.1730,-14.7727,-177.04,0.060,25
1790510372.6,7.1351,-14.7746,-177.00,0.186,24
1790510372.7,7.1014,-14.7764,-177.06,-0.083,27
1790510372.8,7.0690,-14.7781,-177.02,0.270,25
1790510372.9,7.0350,-14.7799,-177.01,0.126,27
1790510373.0,7.0054,-14.7814,-176.98,0.269,26
1790510373.1,6.9700,-14.7834,-176.97,0.048,24
1790510373.2,6.9348,-14.7853,-176.94,0.246,26
1790510373.3,6.8973,-14.7872,-176.93,0.127,26
1790510373.4,6.8662,-14.7889,-176.92,0.138,26
1790510373.5,6.8340,-14.7908,-176.90,0.273,24
1790510373.6,6.7988,-14.7926,-176.89,0.063,25
1790510373.7,6.7633,-14.7947,-176.86,0.187,25
1790510373.8,6.7256,-14.7968,-176.84,0.079,27
1790510373.9,6.6925,-14.7987,-176.83,0.073,27
1790510374.0,6.6599,-14.8005,-176.82,0.107,22
1790510374.1,6.6276,-14.8023,-176.80,0.155,26
1790510374.2,6.5916,-14.8045,-176.78,0.123,27
1790510374.3,6.5706,-14.8056,-176.76,0.260,26
1790510374.4,6.5270,-14.8082,-176.73,0.198,24
1790510374.5,6.4939,-14.8102,-176.71,0.249,25
1790510374.6,6.4657,-14.8117,-176.71,0.129,26
1790510374.7,6.4267,-14.8140,-176.70,0.066,23
1790510374.8,6.3908,-14.8161,-176.68,0.139,24
1790510374.9,6.3581,-14.8180,-176.67,0.233,24
1790510375.0,6.3239,-14.8201,-176.65,0.060,23
1790510375.1,6.2874,-14.8223,-176.65,0.173,25
1790510375.2,6.2548,-14.8242,-176.63,0.204,25
1790510375.3,6.2214,-14.8262,-176.62,0.072,26
1790510375.4,6.1870,-14.8284,-176.60,0.143,23
1790510375.5,6.1552,-14.8302,-176.59,0.107,28
1790510375.6,6.1207,-14.8322,-176.62,-0.253,25
1790510375.7,6.0920,-14.8341,-176.59,0.040,25
1790510375.8,6.0559,-14.8362,-176.59,-0.013,25
1790510375.9,6.0180,-14.8386,-176.56,0.270,25
1790510376.0,5.9866,-14.8404,-176.56,-0.041,25
1790510376.1,5.9546,-14.8425,-176.53,0.163,24
1790510376.2,5.9215,-14.8445,-176.52,0.073,27
1790510376.3,5.8858,-14.8467,-176.50,0.265,26
1790510376.4,5.8548,-14.8486,-176.49,0.112,24
1790510376.5,5.8245,-14.8505,-176.48,0.305,25
1790510376.6,5.7911,-14.8525,-176.48,-0.013,24
1790510376.7,5.7580,-14.8545,-176.48,0.244,24
1790510376.8,5.7228,-14.8568,-176.45,0.029,25
1790510376.9,5.6906,-14.8587,-176.44,0.015,25
1790510377.0,5.6526,-14.8614,-176.40,0.142,25
1790510377.1,5.6197,-14.8634,-176.39,0.114,25
1790510377.2,5.5845,-14.8657,-176.36,0.216,25
1790510377.3,5.5536,-14.8676,-176.37,0.147,24
1790510377.4,5.5161,-14.8700,-176.35,0.149,26
1790510377.5,5.4830,-14.8721,-176.35,0.009,24
1790510377.6,5.4489,-14.8743,-176.32,0.240,27
1790510377.7,5.4156,-14.8763,-176.32,0.292,25
1790510377.8,5.3769,-14.8789,-176.31,0.070,26
1790510377.9,5.3428,-14.8811,-176.30,0.242,25
1790510378.0,5.3072,-14.8834,-176.29,0.040,25
1790510378.1,5.2720,-14.8856,-176.26,0.248,24
1790510378.2,5.2367,-14.8880,-176.25,0.134,26
1790510378.3,5.2002,-14.8904,-176.23,0.181,24
1790510378.4,5.1622,-14.8929,-176.22,0.156,26
1790510378.5,5.1310,-14.8950,-176.21,0.070,26
1790510378.6,5.0962,-14.8974,-176.21,-0.117,24
1790510378.7,5.0718,-14.8990,-176.21,0.202,25
1790510378.8,5.0258,-14.9020,-176.19,0.112,24
1790510378.9,4.9910,-14.9043,-176.17,0.137,24
1790510379.0,4.9514,-14.9070,-176.17,-0.022,27
1790510379.1,4.9124,-14.9096,-176.13,0.260,25
1790510379.2,4.8777,-14.9120,-176.12,0.096,26
1790510379.3,4.8418,-14.9144,-176.12,0.090,26
1790510379.4,4.8048,-14.9170,-176.11,0.086,25
1790510379.5,4.7690,-14.9194,-176.09,0.100,25
1790510379.6,4.7290,-14.9223,-176.05,0.258,23
1790510379.7,4.7008,-14.9241,-176.04,0.180,25
1790510379.8,4.6649,-14.9267,-176.00,0.141,26
1790510379.9,4.6280,-14.9292,-176.00,0.260,24
1790510380.0,4.5941,-14.9316,-175.98,0.173,25
1790510380.1,4.5586,-14.9341,-175.97,0.126,25
1790510380.2,4.5243,-14.9365,-175.96,0.100,24
1790510380.3,4.4932,-14.9388,-175.93,0.286,25
1790510380.4,4.4496,-14.9419,-175.92,0.021,26
1790510380.5,4.4157,-14.9443,-175.91,0.187,26
1790510380.6,4.3841,-14.9466,-175.89,0.056,26
1790510380.7,4.3545,-14.9487,-175.88,0.240,27
1790510380.8,4.3140,-14.9517,-175.86,0.094,24
1790510380.9,4.2766,-14.9544,-175.85,0.174,27
1790510381.0,4.2421,-14.9569,-175.83,0.167,24
1790510381.1,4.2079,-14.9594,-175.82,0.143,25
1790510381.2,4.1773,-14.9617,-175.81,0.281,28
1790510381.3,4.1422,-14.9643,-175.81,0.022,25
1790510381.4,4.1149,-14.9663,-175.81,0.123,27
1790510381.5,4.0756,-14.9692,-175.83,-0.141,25
1790510381.6,4.0350,-14.9721,-175.80,0.174,25
1790510381.7,4.0059,-14.9743,-175.79,-0.012,24
1790510381.8,3.9818,-14.9761,-175.76,0.225,25
1790510381.9,3.9433,-14.9789,-175.75,-0.076,26
1790510382.0,3.9162,-14.9811,-175.73,0.285,27
1790510382.1,3.8727,-14.9843,-175.70,0.142,27
1790510382.2,3.8389,-14.9868,-175.70,0.090,26
1790510382.3,3.8109,-14.9889,-175.68,0.208,26
1790510382.4,3.7731,-14.9917,-175.68,0.104,25
1790510382.5,3.7391,-14.9945,-175.65,0.444,26
1790510382.6,3.7145,-14.9963,-175.67,0.009,25
1790510382.7,3.6761,-14.9993,-175.64,0.170,26
1790510382.8,3.6513,-15.0012,-175.63,0.036,25
1790510382.9,3.6111,-15.0043,-175.61,0.167,25
1790510383.0,3.5778,-15.0068,-175.60,0.122,26
1790510383.1,3.5448,-15.0094,-175.59,0.096,25
1790510383.2,3.5123,-15.0119,-175.57,0.123,25
1790510383.3,3.4778,-15.0147,-175.55,0.330,26
1790510383.4,3.4464,-15.0171,-175.54,0.036,26
1790510383.5,3.4111,-15.0199,-175.53,0.167,26
1790510383.6,3.3773,-15.0226,-175.50,0.118,26
1790510383.7,3.3430,-15.0253,-175.50,0.122,24
1790510383.8,3.3092,-15.0280,-175.48,0.241,26
1790510383.9,3.2769,-15.0305,-175.47,0.104,25
1790510384.0,3.2403,-15.0334,-175.45,0.252,21
1790510384.1,3.2095,-15.0358,-175.45,0.138,26
1790510384.2,3.1733,-15.0387,-175.43,0.038,25
1790510384.3,3.1415,-15.0413,-175.41,0.199,26
1790510384.4,3.1145,-15.0434,-175.40,0.019,26
1790510384.5,3.0797,-15.0463,-175.41,-0.075,27
1790510384.6,3.0597,-15.0479,-175.42,-0.047,27
1790510384.7,3.0080,-15.0520,-175.41,-0.042,26
1790510384.8,2.9762,-15.0546,-175.37,0.266,24
1790510384.9,2.9489,-15.0568,-175.36,0.052,26
1790510385.0,2.9123,-15.0598,-175.34,0.304,24
1790510385.1,2.8773,-15.0627,-175.33,-0.069,27
1790510385.2,2.8467,-15.0653,-175.31,0.372,25
1790510385.3,2.8242,-15.0671,-175.32,-0.164,26
1790510385.4,2.7781,-15.0709,-175.29,0.234,24
1790510385.5,2.7631,-15.0723,-175.28,-0.073,26
1790510385.6,2.7157,-15.0761,-175.29,0.239,23
1790510385.7,2.6874,-15.0784,-175.24,0.089,26
1790510385.8,2.6408,-15.0823,-175.26,-0.044,26
1790510385.9,2.6179,-15.0843,-175.24,0.171,25
1790510386.0,2.5867,-15.0868,-175.23,0.062,25
1790510386.1,2.5553,-15.0895,-175.20,0.233,26
1790510386.2,2.5218,-15.0923,-175.21,-0.135,25
1790510386.3,2.4859,-15.0958,-175.16,0.427,25
1790510386.4,2.4535,-15.0978,-175.16,0.048,26
1790510386.5,2.4614,-15.0974,-175.13,0.342,22
1790510386.6,2.3834,-15.1040,-175.14,0.005,26
1790510386.7,2.3626,-15.1062,-175.12,0.244,26
1790510386.8,2.3250,-15.1092,-175.10,0.111,25
1790510386.9,2.3000,-15.1111,-175.11,0.108,25
1790510387.0,2.2650,-15.1144,-175.10,0.036,25
1790510387.1,2.2285,-15.1176,-175.09,0.128,27
1790510387.2,2.1904,-15.1207,-175.06,0.156,25
1790510387.3,2.1805,-15.1219,-175.04,0.169,23
1790510387.4,2.1538,-15.1244,-175.02,0.103,24
1790510387.5,2.1044,-15.1285,-175.02,0.121,24
1790510387.6,2.0801,-15.1305,-175.02,-0.007,25
1790510387.7,2.0510,-15.1332,-175.00,0.134,23
1790510387.8,2.0025,-15.1373,-175.00,0.216,24
1790510387.9,1.9576,-15.1414,-174.99,0.196,27
1790510388.0,1.9393,-15.1429,-174.97,0.105,24
1790510388.1,1.9056,-15.1459,-174.96,0.229,25
1790510388.2,1.8767,-15.1486,-174.90,0.156,25
1790510388.3,1.8552,-15.1505,-174.91,0.145,26
1790510388.4,1.8042,-15.1551,-174.88,0.164,24
1790510388.5,1.7821,-15.1571,-174.86,0.082,23
1790510388.6,1.7529,-15.1602,-174.83,0.370,26
1790510388.7,1.7186,-15.1628,-174.83,0.074,27
1790510388.8,1.6917,-15.1655,-174.81,0.398,26
1790510388.9,1.6419,-15.1702,-174.81,0.020,25
1790510389.0,1.6247,-15.1717,-174.80,0.373,26
1790510389.1,1.5906,-15.1748,-174.79,0.010,21
1790510389.2,1.5439,-15.1787,-174.78,0.333,26
1790510389.3,1.5111,-15.1818,-174.78,-0.108,25
1790510389.4,1.4835,-15.1844,-174.76,0.204,25
1790510389.5,1.4774,-15.1850,-174.76,-0.239,26
1790510389.6,1.4530,-15.1874,-174.75,0.224,26
1790510389.7,1.3888,-15.1934,-174.75,-0.085,26
1790510389.8,1.3689,-15.1951,-174.77,0.127,26
1790510389.9,1.3424,-15.1973,-174.74,0.239,24
1790510390.0,1.3160,-15.2001,-174.75,-0.017,25
1790510390.1,1.2604,-15.2051,-174.72,0.450,27
1790510390.2,1.2417,-15.2066,-174.73,-0.139,25
1790510390.3,1.2344,-15.2079,-174.69,0.556,27
1790510390.4,1.1745,-15.2130,-174.72,-0.325,23
1790510390.5,1.1609,-15.2149,-174.69,0.349,27
1790510390.6,1.1453,-15.2164,-174.63,-0.030,26
1790510390.7,1.1086,-15.2197,-174.66,0.365,25
1790510390.8,1.0618,-15.2239,-174.67,0.059,25
1790510390.9,1.0383,-15.2261,-174.70,-0.602,25
1790510391.0,1.0130,-15.2281,-174.98,-3.467,25
1790510391.1,0.9700,-15.2318,-175.52,-6.293,24
1790510391.2,0.9378,-15.2332,-176.83,-13.106,23
1790510391.3,0.9167,-15.2296,-178.13,-15.102,26
1790510391.4,0.9018,-15.2271,-179.87,-16.880,26
1790510391.5,0.8596,-15.2194,178.68,-13.198,27
1790510391.6,0.8119,-15.2101,178.12,-3.725,25
1790510391.7,0.7963,-15.2100,178.17,0.410,25
1790510391.8,0.7697,-15.2099,178.13,-0.160,26
1790510391.9,0.7475,-15.2095,178.10,-0.035,24
1790510392.0,0.7139,-15.2105,178.03,-0.305,27
1790510392.1,0.6856,-15.2101,178.03,-0.053,25
1790510392.2,0.6524,-15.2088,177.99,-0.546,26
1790510392.3,0.6040,-15.2072,178.02,0.788,27
1790510392.4,0.5591,-15.2054,178.04,-0.112,26
1790510392.5,0.5388,-15.2051,177.95,-0.635,24
1790510392.6,0.4723,-15.2028,177.96,-0.318,26
1790510392.7,0.4579,-15.2009,177.97,0.526,24
1790510392.8,0.4113,-15.2001,177.97,-0.246,27
1790510392.9,0.3734,-15.1990,178.00,0.385,25
1790510393.0,0.3394,-15.1976,177.99,-0.227,26
1790510393.1,0.3124,-15.1965,178.01,0.380,26
1790510393.2,0.2585,-15.1948,178.01,0.030,27
1790510393.3,0.2281,-15.1939,178.03,0.101,26
1790510393.4,0.1973,-15.1928,178.03,0.186,25
1790510393.5,0.1557,-15.1914,178.07,0.105,26
1790510393.6,0.1203,-15.1898,178.05,0.212,25
1790510393.7,0.0691,-15.1886,178.09,-0.085,26
1790510393.8,0.0341,-15.1876,178.08,0.072,25
1790510393.9,-0.0095,-15.1861,178.10,-0.117,26
1790510394.0,-0.0374,-15.1850,178.13,0.308,27
1790510394.1,-0.0697,-15.1841,178.13,-0.146,26
1790510394.2,-0.1091,-15.1827,178.13,0.322,25
1790510394.3,-0.1411,-15.1818,178.13,-0.086,25
1790510394.4,-0.1926,-15.1802,178.17,0.472,24
1790510394.5,-0.2261,-15.1785,178.17,0.178,23
1790510394.6,-0.2482,-15.1787,178.21,0.383,26
1790510394.7,-0.2999,-15.1771,178.23,0.237,24
1790510394.8,-0.3326,-15.1761,178.24,0.056,27
1790510394.9,-0.3627,-15.1749,178.22,0.045,23
1790510395.0,-0.4111,-15.1738,178.27,0.168,24
1790510395.1,-0.4409,-15.1723,178.26,0.186,26
1790510395.2,-0.4855,-15.1713,178.28,-0.051,22
1790510395.3,-0.4877,-15.1713,178.29,0.350,25
1790510395.4,-0.5523,-15.1700,178.32,0.007,26
1790510395.5,-0.5755,-15.1688,178.34,0.317,24
1790510395.6,-0.6044,-15.1682,178.34,-0.066,27
1790510395.7,-0.6602,-15.1662,178.36,0.184,24
1790510395.8,-0.6783,-15.1661,178.38,-0.102,25
1790510395.9,-0.7185,-15.1648,178.39,0.419,25
1790510396.0,-0.7569,-15.1637,178.41,-0.120,24
1790510396.1,-0.7823,-15.1633,178.43,0.413,25
1790510396.2,-0.8189,-15.1625,178.47,0.085,25
1790510396.3,-0.8480,-15.1617,178.44,0.257,23
1790510396.4,-0.8785,-15.1606,178.47,-0.177,26
1790510396.5,-0.9244,-15.1597,178.46,0.320,26
1790510396.6,-0.9396,-15.1595,178.49,0.035,23
1790510396.7,-0.9703,-15.1585,178.48,0.107,22
1790510396.8,-1.0128,-15.1570,178.53,0.251,26
1790510396.9,-1.0513,-15.1562,178.51,0.108,26
1790510397.0,-1.0819,-15.1558,178.54,0.116,26
1790510397.1,-1.1033,-15.1551,178.52,-0.167,24
1790510397.2,-1.1581,-15.1540,178.57,0.459,23
1790510397.3,-1.1922,-15.1519,178.55,-0.121,24
1790510397.4,-1.2199,-15.1521,178.58,0.483,26
1790510397.5,-1.2646,-15.1511,178.60,-0.103,24
1790510397.6,-1.2854,-15.1503,178.63,0.335,25
1790510397.7,-1.3219,-15.1498,178.65,-0.129,26
1790510397.8,-1.3593,-15.1492,178.67,0.648,25
1790510397.9,-1.3801,-15.1487,178.68,-0.078,25
1790510398.0,-1.4300,-15.1471,178.70,0.401,25
1790510398.1,-1.4572,-15.1465,178.71,-0.044,23
1790510398.2,-1.4909,-15.1461,178.75,0.468,25
1790510398.3,-1.5256,-15.1455,178.76,0.004,25
1790510398.4,-1.5684,-15.1448,178.79,0.375,24
1790510398.5,-1.6013,-15.1435,178.79,-0.094,26
1790510398.6,-1.6424,-15.1432,178.80,0.321,24
1790510398.7,-1.7038,-15.1418,178.81,-0.100,22
1790510398.8,-1.6834,-15.1422,178.83,0.337,23
1790510398.9,-1.7349,-15.1412,178.83,-0.093,25
1790510399.0,-1.7701,-15.1406,178.85,0.613,24
1790510399.1,-1.8080,-15.1400,178.86,-0.249,27
1790510399.2,-1.8511,-15.1390,178.89,0.610,25
1790510399.3,-1.8809,-15.1389,178.90,-0.261,27
1790510399.4,-1.9013,-15.1387,178.90,0.266,25
1790510399.5,-1.9480,-15.1368,178.92,0.117,25
1790510399.6,-1.9814,-15.1362,178.93,0.320,27
1790510399.7,-2.0032,-15.1362,178.96,0.022,26
1790510399.8,-2.0350,-15.1357,178.95,0.282,25
1790510399.9,-2.0653,-15.1359,178.99,0.072,25
1790510400.0,-2.1123,-15.1346,179.02,0.285,23
1790510400.1,-2.1199,-15.1348,179.04,0.051,25
1790510400.2,-2.1836,-15.1330,179.05,0.187,24
1790510400.3,-2.2096,-15.1323,179.05,0.147,26
1790510400.4,-2.2367,-15.1323,179.07,0.275,24
1790510400.5,-2.2827,-15.1317,179.10,0.143,24
1790510400.6,-2.2834,-15.1317,179.09,0.044,26
1790510400.7,-2.3453,-15.1308,179.14,0.194,23
1790510400.8,-2.3759,-15.1305,179.13,0.064,28
1790510400.9,-2.4065,-15.1301,179.16,0.210,25
1790510401.0,-2.4447,-15.1294,179.15,0.134,25
1790510401.1,-2.4663,-15.1292,179.19,0.231,26
1790510401.2,-2.5106,-15.1284,179.19,0.163,27
1790510401.3,-2.5437,-15.1284,179.23,0.149,23
1790510401.4,-2.5758,-15.1276,179.21,-0.117,25
1790510401.5,-2.6174,-15.1277,179.22,-0.128,24
1790510401.6,-2.6395,-15.1267,179.21,0.152,26
1790510401.7,-2.6515,-15.1266,179.23,0.104,25
1790510401.8,-2.6464,-15.1267,179.24,0.178,25
1790510401.9,-2.6385,-15.1269,179.24,-0.107,26
1790510402.0,-2.6216,-15.1271,179.25,0.038,25
1790510402.1,-2.6223,-15.1271,179.25,0.065,26
1790510402.2,-2.6164,-15.1272,179.25,0.033,23
1790510402.3,-2.6263,-15.1271,179.26,0.046,21
1790510402.4,-2.6093,-15.1273,179.25,0.032,27
1790510402.5,-2.6214,-15.1271,179.26,0.048,27
1790510402.6,-2.6200,-15.1271,179.26,0.013,24
1790510402.7,-2.6273,-15.1270,179.26,-0.006,27
1790510402.8,-2.6167,-15.1272,179.26,0.034,24
1790510402.9,-2.6216,-15.1271,179.26,-0.014,25
1790510403.0,-2.6203,-15.1271,179.26,0.034,27
1790510403.1,-2.6269,-15.1270,179.26,-0.016,26
1790510403.2,-2.6202,-15.1271,179.27,0.034,27
1790510403.3,-2.6167,-15.1272,179.27,-0.004,25
1790510403.4,-2.6270,-15.1270,179.27,0.029,26
1790510403.5,-2.6213,-15.1271,179.27,0.034,23
1790510403.6,-2.6276,-15.1270,179.27,0.005,24
1790510403.7,-2.6237,-15.1271,179.27,0.006,25
1790510403.8,-2.6198,-15.1271,179.27,0.003,26
1790510403.9,-2.6319,-15.1270,179.27,-0.065,25
1790510404.0,-2.6239,-15.1271,179.26,0.032,24
1790510404.1,-2.6233,-15.1271,179.27,-0.026,24
1790510404.2,-2.6220,-15.1271,179.27,0.005,27
1790510404.3,-2.6288,-15.1270,179.27,0.009,25
1790510404.4,-2.6285,-15.1270,179.27,-0.011,27
1790510404.5,-2.6228,-15.1271,179.26,-0.050,26
1790510404.6,-2.6204,-15.1271,179.26,0.023,23
1790510404.7,-2.6242,-15.1271,179.26,-0.025,25
1790510404.8,-2.6284,-15.1270,179.25,-0.025,26
1790510404.9,-2.6246,-15.1271,179.26,-0.001,23
1790510405.0,-2.6294,-15.1270,179.26,0.020,22
1790510405.1,-2.6315,-15.1270,179.26,-0.001,25
1790510405.2,-2.6239,-15.1271,179.25,-0.064,24
1790510405.3,-2.6331,-15.1269,179.25,0.014,22
1790510405.4,-2.6270,-15.1270,179.24,-0.030,26
1790510405.5,-2.6279,-15.1270,179.24,-0.014,24
1790510405.6,-2.6236,-15.1270,179.25,-0.037,24
1790510405.7,-2.6283,-15.1270,179.25,0.040,25
1790510405.8,-2.6223,-15.1271,179.25,-0.029,25
1790510405.9,-2.6296,-15.1270,179.25,-0.011,24
1790510406.0,-2.6263,-15.1270,179.25,0.015,24
1790510406.1,-2.6252,-15.1270,179.24,-0.063,27
1790510406.2,-2.6259,-15.1270,179.24,-0.005,27
1790510406.3,-2.6298,-15.1270,179.24,0.024,25
1790510406.4,-2.6214,-15.1271,179.24,-0.015,26
1790510406.5,-2.6332,-15.1269,179.25,0.006,27
1790510406.6,-2.6257,-15.1270,179.25,-0.019,23
1790510406.7,-2.6239,-15.1270,179.25,0.001,25
1790510406.8,-2.6239,-15.1270,179.25,-0.031,25
1790510406.9,-2.6292,-15.1270,179.25,0.019,25
1790510407.0,-2.6281,-15.1270,179.26,0.025,25
1790510407.1,-2.6249,-15.1270,179.25,0.003,24
1790510407.2,-2.6262,-15.1270,179.25,0.017,24
1790510407.3,-2.6288,-15.1269,179.25,0.030,26
1790510407.4,-2.6169,-15.1271,179.26,0.005,25
1790510407.5,-2.6296,-15.1269,179.26,0.052,24
1790510407.6,-2.6279,-15.1269,179.27,0.059,22
1790510407.7,-2.6280,-15.1269,179.27,0.008,25
1790510407.8,-2.6286,-15.1269,179.27,0.027,23
1790510407.9,-2.6286,-15.1269,179.27,0.025,26
1790510408.0,-2.6284,-15.1269,179.27,0.008,25
1790510408.1,-2.6287,-15.1269,179.27,0.022,24
1790510408.2,-2.6273,-15.1269,179.27,0.016,25
1790510408.3,-2.6286,-15.1269,179.28,-0.010,26
1790510408.4,-2.6284,-15.1269,179.28,0.013,26
1790510408.5,-2.6278,-15.1269,179.28,0.036,26
1790510408.6,-2.6285,-15.1269,179.28,0.012,25
1790510408.7,-2.6278,-15.1269,179.28,0.007,26
1790510408.8,-2.6287,-15.1269,179.28,-0.005,26
1790510408.9,-2.6291,-15.1269,179.28,-0.019,27
1790510409.0,-2.6289,-15.1269,179.28,0.004,26
1790510409.1,-2.6281,-15.1269,179.29,-0.000,26
1790510409.2,-2.6280,-15.1269,179.28,0.010,24
1790510409.3,-2.6285,-15.1269,179.28,-0.005,22
1790510409.4,-2.6281,-15.1269,179.28,-0.006,25
1790510409.5,-2.6276,-15.1269,179.28,-0.009,27
1790510409.6,-2.6273,-15.1270,179.28,-0.002,23
1790510409.7,-2.6282,-15.1269,179.28,-0.017,26
1790510409.8,-2.6279,-15.1269,179.28,-0.017,24
1790510409.9,-2.6278,-15.1270,179.28,0.018,26
1790510410.0,-2.6283,-15.1269,179.28,0.002,26
1790510410.1,-2.6290,-15.1269,179.28,-0.018,25
1790510410.2,-2.6285,-15.1269,179.28,0.021,28
1790510410.3,-2.6282,-15.1269,179.29,0.061,25
1790510410.4,-2.6290,-15.1269,179.28,-0.006,27
1790510410.5,-2.6288,-15.1269,179.28,-0.013,26
1790510410.6,-2.6287,-15.1269,179.28,-0.004,26
1790510410.7,-2.6299,-15.1269,179.28,-0.069,24
1790510410.8,-2.6293,-15.1269,179.28,0.003,26
1790510410.9,-2.6293,-15.1269,179.28,-0.000,25
1790510411.0,-2.6289,-15.1269,179.28,0.014,26
1790510411.1,-2.6299,-15.1269,179.28,-0.006,25
1790510411.2,-2.6295,-15.1269,179.27,-0.008,26
1790510411.3,-2.6300,-15.1269,179.28,-0.020,26
1790510411.4,-2.6289,-15.1269,179.28,0.021,26
1790510411.5,-2.6292,-15.1269,179.28,0.019,26
1790510411.6,-2.6292,-15.1269,179.28,0.007,26
1790510411.7,-2.6291,-15.1269,179.28,-0.000,26
1790510411.8,-2.6292,-15.1269,179.28,0.034,25
1790510411.9,-2.6286,-15.1269,179.28,-0.032,22
1790510412.0,-2.6280,-15.1269,179.28,-0.025,27
1790510412.1,-2.6295,-15.1269,179.26,-0.204,26
1790510412.2,-2.6245,-15.1270,179.27,-0.073,25
1790510412.3,-2.6177,-15.1271,179.28,0.116,26
1790510412.4,-2.6072,-15.1272,179.24,-0.162,24
1790510412.5,-2.5908,-15.1274,179.22,-0.295,27
1790510412.6,-2.5805,-15.1276,179.25,0.646,26
1790510412.7,-2.5663,-15.1278,179.49,2.443,24
1790510412.8,-2.5510,-15.1279,179.79,3.433,25
1790510412.9,-2.5333,-15.1278,-179.85,3.382,27
1790510413.0,-2.5160,-15.1275,-179.38,5.102,26
1790510413.1,-2.4945,-15.1269,-178.88,5.658,25
1790510413.2,-2.4731,-15.1260,-178.29,5.246,25
1790510413.3,-2.4551,-15.1251,-177.75,6.283,24
1790510413.4,-2.4342,-15.1240,-177.14,4.279,24
1790510413.5,-2.4151,-15.1226,-177.00,0.676,25
1790510413.6,-2.3945,-15.1212,-176.99,0.585,27
1790510413.7,-2.3681,-15.1196,-176.98,0.113,23
1790510413.8,-2.3428,-15.1183,-176.96,0.353,25
1790510413.9,-2.3105,-15.1164,-176.93,0.130,27
1790510414.0,-2.2875,-15.1152,-176.91,0.310,26
1790510414.1,-2.2541,-15.1133,-176.82,0.591,25
1790510414.2,-2.2225,-15.1115,-176.87,-0.268,23
1790510414.3,-2.1919,-15.1099,-176.87,0.421,24
1790510414.4,-2.1635,-15.1083,-176.84,-0.301,25
1790510414.5,-2.1463,-15.1073,-176.81,-0.290,26
1790510414.6,-2.1020,-15.1048,-176.81,0.512,24
1790510414.7,-2.0691,-15.1030,-176.86,-0.109,27
1790510414.8,-2.0378,-15.1014,-176.86,0.128,25
1790510414.9,-2.0061,-15.0996,-176.90,-0.491,26
1790510415.0,-1.9736,-15.0978,-176.90,-0.195,26
1790510415.1,-1.9417,-15.0960,-176.87,-0.181,25
1790510415.2,-1.9071,-15.0942,-176.90,-0.219,26
1790510415.3,-1.8724,-15.0921,-176.84,0.647,26
1790510415.4,-1.8408,-15.0905,-176.89,-0.582,26
1790510415.5,-1.8048,-15.0885,-176.85,0.483,27
1790510415.6,-1.7704,-15.0866,-176.89,-0.382,25
1790510415.7,-1.7355,-15.0847,-176.87,0.486,25
1790510415.8,-1.7034,-15.0830,-176.92,-0.580,26
1790510415.9,-1.6713,-15.0813,-176.93,0.333,22
1790510416.0,-1.6396,-15.0796,-176.95,-0.461,24
1790510416.1,-1.6054,-15.0778,-176.98,0.059,25
1790510416.2,-1.5698,-15.0759,-176.96,-0.368,24
1790510416.3,-1.5346,-15.0740,-177.00,0.095,26
1790510416.4,-1.5024,-15.0723,-176.96,-0.209,24
1790510416.5,-1.4687,-15.0705,-177.00,-0.120,24
1790510416.6,-1.4399,-15.0690,-176.91,0.273,26
1790510416.7,-1.4140,-15.0676,-176.97,-0.368,23
1790510416.8,-1.3688,-15.0653,-176.96,0.249,23
1790510416.9,-1.3352,-15.0636,-177.01,-0.425,27
1790510417.0,-1.3004,-15.0618,-176.97,0.520,24
1790510417.1,-1.2651,-15.0599,-177.04,-0.561,24
1790510417.2,-1.2298,-15.0581,-177.03,0.368,24
1790510417.3,-1.1934,-15.0562,-177.07,-0.535,27
1790510417.4,-1.1600,-15.0545,-177.05,0.340,24
1790510417.5,-1.1259,-15.0527,-177.09,-0.819,24
1790510417.6,-1.0909,-15.0510,-177.10,0.163,27
1790510417.7,-1.0495,-15.0489,-177.11,-0.468,26
1790510417.8,-1.0150,-15.0472,-177.12,0.119,28
1790510417.9,-0.9795,-15.0453,-177.12,-0.442,24
1790510418.0,-0.9480,-15.0437,-177.12,0.049,26
1790510418.1,-0.9102,-15.0418,-177.14,-0.221,24
1790510418.2,-0.8755,-15.0401,-177.20,-0.233,26
1790510418.3,-0.8346,-15.0380,-177.19,-0.123,24
1790510418.4,-0.8030,-15.0366,-177.22,0.013,26
1790510418.5,-0.7680,-15.0350,-177.21,-0.211,26
1790510418.6,-0.7326,-15.0332,-177.25,-0.173,25
1790510418.7,-0.6934,-15.0314,-177.24,0.012,27
1790510418.8,-0.6629,-15.0300,-177.29,-0.329,26
1790510418.9,-0.6228,-15.0280,-177.26,-0.015,26
1790510419.0,-0.5902,-15.0264,-177.30,-0.331,27
1790510419.1,-0.5643,-15.0252,-177.28,0.054,26
1790510419.2,-0.5195,-15.0232,-177.34,-0.245,25
1790510419.3,-0.4845,-15.0216,-177.31,0.107,23
1790510419.4,-0.4529,-15.0203,-177.34,-0.479,23
1790510419.5,-0.4133,-15.0183,-177.30,0.294,26
1790510419.6,-0.3861,-15.0171,-177.35,-0.037,25
1790510419.7,-0.3494,-15.0154,-177.33,-0.054,26
1790510419.8,-0.3089,-15.0135,-177.41,-0.583,23
1790510419.9,-0.2803,-15.0122,-177.35,0.612,25
1790510420.0,-0.2423,-15.0106,-177.40,-0.551,25
1790510420.1,-0.2092,-15.0091,-177.37,0.226,26
1790510420.2,-0.1767,-15.0077,-177.43,-0.281,24
1790510420.3,-0.1407,-15.0061,-177.43,0.032,25
1790510420.4,-0.1064,-15.0048,-177.48,-0.567,26
1790510420.5,-0.0747,-15.0033,-177.49,0.168,25
1790510420.6,-0.0411,-15.0018,-177.52,-0.559,26
1790510420.7,-0.0054,-15.0003,-177.51,0.271,27
1790510420.8,0.0328,-14.9986,-177.55,-0.534,26
1790510420.9,0.0522,-14.9979,-177.52,0.204,24
1790510421.0,0.0960,-14.9958,-177.57,-0.563,22
1790510421.1,0.1352,-14.9942,-177.59,-0.107,27
1790510421.2,0.1660,-14.9929,-177.56,0.010,25
1790510421.3,0.2015,-14.9915,-177.59,0.041,25
1790510421.4,0.2348,-14.9900,-177.58,-0.625,24
1790510421.5,0.2688,-14.9886,-177.61,0.073,25
1790510421.6,0.2930,-14.9876,-177.67,-0.815,25
1790510421.7,0.3100,-14.9871,-177.58,0.863,25
1790510421.8,0.3168,-14.9867,-177.58,-0.017,25
1790510421.9,0.3122,-14.9869,-177.58,0.059,27
1790510422.0,0.3077,-14.9871,-177.57,0.030,26
1790510422.1,0.3081,-14.9871,-177.57,-0.056,25
1790510422.2,0.3082,-14.9871,-177.58,-0.006,26
1790510422.3,0.3066,-14.9872,-177.57,0.031,24
1790510422.4,0.3062,-14.9872,-177.57,0.001,26
1790510422.5,0.3061,-14.9872,-177.57,0.011,25
1790510422.6,0.3060,-14.9872,-177.56,0.049,27
1790510422.7,0.3065,-14.9872,-177.58,-0.278,26
1790510422.8,0.3064,-14.9872,-177.60,-0.487,24
1790510422.9,0.3062,-14.9872,-177.79,-1.942,26
1790510423.0,0.3060,-14.9872,-178.30,-6.843,24
1790510423.1,0.3057,-14.9872,179.72,-27.908,23
1790510423.2,0.3045,-14.9872,176.48,-31.794,26
1790510423.3,0.3070,-14.9874,173.03,-31.114,26
1790510423.4,0.3071,-14.9876,169.90,-31.331,26
1790510423.5,0.3011,-14.9859,166.75,-31.508,25
1790510423.6,0.2989,-14.9849,163.67,-31.256,25
1790510423.7,0.2975,-14.9841,160.58,-31.353,26
1790510423.8,0.2980,-14.9839,157.39,-32.300,22
1790510423.9,0.2954,-14.9821,154.05,-31.053,25
1790510424.0,0.2926,-14.9803,151.22,-31.241,27
1790510424.1,0.2945,-14.9821,148.04,-32.204,25
1790510424.2,0.2888,-14.9766,144.86,-31.534,26
1790510424.3,0.2882,-14.9758,141.35,-32.744,25
1790510424.4,0.2832,-14.9687,138.11,-32.353,26
1790510424.5,0.2768,-14.9602,134.83,-32.738,24
1790510424.6,0.2747,-14.9573,131.34,-33.601,27
1790510424.7,0.2717,-14.9516,128.29,-32.855,26
1790510424.8,0.2670,-14.9415,125.00,-33.346,25
1790510424.9,0.2654,-14.9365,121.67,-33.028,24
1790510425.0,0.2631,-14.9290,118.42,-32.905,26
1790510425.1,0.2609,-14.9216,115.14,-33.484,23
1790510425.2,0.2592,-14.9149,111.92,-32.500,25
1790510425.3,0.2586,-14.9134,108.33,-32.696,26
1790510425.4,0.2587,-14.9141,105.39,-32.908,27
1790510425.5,0.2580,-14.9001,101.86,-28.184,25
1790510425.6,0.2583,-14.8958,100.04,-19.216,26
1790510425.7,0.2584,-14.8960,98.56,-7.416,26
1790510425.8,0.2582,-14.8911,99.05,2.046,24
1790510425.9,0.2582,-14.8901,99.05,0.206,23
1790510426.0,0.2576,-14.8876,99.11,0.059,26
1790510426.1,0.2576,-14.8880,99.13,0.039,25
1790510426.2,0.2570,-14.8841,99.14,0.125,25
1790510426.3,0.2570,-14.8841,98.73,-8.067,26
1790510426.4,0.2572,-14.8855,96.92,-18.315,26
1790510426.5,0.2572,-14.8858,94.41,-25.261,26
1790510426.6,0.2574,-14.8860,91.91,-23.187,25
1790510426.7,0.2573,-14.8887,92.12,4.787,26
1790510426.8,0.2580,-14.8846,92.26,0.237,23
1790510426.9,0.2579,-14.8779,92.27,-0.001,26
1790510427.0,0.2580,-14.8800,92.26,0.050,25
1790510427.1,0.2579,-14.8785,92.24,-0.933,26
1790510427.2,0.2578,-14.8773,92.23,-0.640,27
1790510427.3,0.2575,-14.8711,92.09,0.243,26
1790510427.4,0.2569,-14.8580,92.19,0.301,26
1790510427.5,0.2562,-14.8400,92.08,-1.249,23
1790510427.6,0.2549,-14.8114,92.09,0.888,26
1790510427.7,0.2542,-14.7901,92.04,-0.553,26
1790510427.8,0.2527,-14.7556,92.05,0.134,28
1790510427.9,0.2513,-14.7143,92.13,1.116,26
1790510428.0,0.2500,-14.6814,92.03,-0.834,26
1790510428.1,0.2487,-14.6406,92.08,0.249,23
1790510428.2,0.2472,-14.6043,92.08,-0.200,24
1790510428.3,0.2459,-14.5679,92.12,0.344,25
1790510428.4,0.2442,-14.5217,92.11,-0.047,25
1790510428.5,0.2429,-14.4863,92.14,0.139,26
1790510428.6,0.2415,-14.4466,92.14,0.237,24
1790510428.7,0.2400,-14.4102,92.15,-0.118,24
1790510428.8,0.2388,-14.3745,92.18,0.588,25
1790510428.9,0.2372,-14.3321,92.17,-0.249,25
1790510429.0,0.2353,-14.2861,92.24,0.758,22
1790510429.1,0.2340,-14.2503,92.19,-0.458,22
1790510429.2,0.2327,-14.2186,92.24,0.349,22
1790510429.3,0.2309,-14.1730,92.24,-0.082,25
1790510429.4,0.2294,-14.1340,92.27,0.287,26
1790510429.5,0.2276,-14.0878,92.26,0.002,27
1790510429.6,0.2261,-14.0539,92.30,0.194,26
1790510429.7,0.2251,-14.0258,92.28,0.226,23
1790510429.8,0.2233,-13.9809,92.30,-0.260,27
1790510429.9,0.2218,-13.9406,92.33,0.567,23
1790510430.0,0.2201,-13.9003,92.32,-0.091,22
1790510430.1,0.2184,-13.8603,92.38,0.469,26
1790510430.2,0.2167,-13.8177,92.38,0.033,27
1790510430.3,0.2151,-13.7822,92.44,0.417,25
1790510430.4,0.2135,-13.7427,92.42,-0.067,28
1790510430.5,0.2122,-13.7114,92.46,0.120,25
1790510430.6,0.2102,-13.6660,92.46,0.226,26
1790510430.7,0.2085,-13.6242,92.48,0.129,23
1790510430.8,0.2068,-13.5838,92.49,0.347,25
1790510430.9,0.2051,-13.5467,92.50,-0.022,24
1790510431.0,0.2034,-13.5071,92.53,0.485,25
1790510431.1,0.2024,-13.4852,92.56,-0.175,25
1790510431.2,0.2000,-13.4345,92.57,0.632,25
1790510431.3,0.1983,-13.3961,92.56,-0.176,26
1790510431.4,0.1967,-13.3610,92.62,0.440,27
1790510431.5,0.1947,-13.3160,92.59,-0.116,25
1790510431.6,0.1929,-13.2782,92.67,0.170,22
1790510431.7,0.1908,-13.2322,92.65,0.149,25
1790510431.8,0.1893,-13.2009,92.69,0.008,25
1790510431.9,0.1874,-13.1546,92.68,0.330,26
1790510432.0,0.1857,-13.1185,92.68,-0.026,26
1790510432.1,0.1837,-13.0776,92.71,0.444,30
1790510432.2,0.1820,-13.0422,92.70,-0.135,26
1790510432.3,0.1800,-13.0008,92.73,0.384,25
1790510432.4,0.1779,-12.9580,92.71,-0.206,27
1790510432.5,0.1761,-12.9167,92.76,0.369,27
1790510432.6,0.1744,-12.8832,92.76,0.121,24
1790510432.7,0.1726,-12.8457,92.82,0.260,25
1790510432.8,0.1705,-12.8036,92.81,0.214,25
1790510432.9,0.1688,-12.7691,92.85,0.063,25
1790510433.0,0.1670,-12.7316,92.83,0.174,27
1790510433.1,0.1649,-12.6912,92.87,0.051,28
1790510433.2,0.1628,-12.6504,92.87,0.485,24
1790510433.3,0.1607,-12.6105,92.88,-0.023,24
1790510433.4,0.1587,-12.5705,92.91,0.462,25
1790510433.5,0.1566,-12.5305,92.91,-0.076,26
1790510433.6,0.1548,-12.4952,92.95,0.507,27
1790510433.7,0.1527,-12.4563,92.95,-0.164,26
1790510433.8,0.1510,-12.4216,93.00,0.567,24
1790510433.9,0.1486,-12.3742,92.98,-0.095,26
1790510434.0,0.1466,-12.3350,93.02,0.302,26
1790510434.1,0.1449,-12.3027,93.00,0.046,27
1790510434.2,0.1428,-12.2641,93.06,0.003,25
1790510434.3,0.1404,-12.2198,93.04,0.369,26
1790510434.4,0.1385,-12.1849,93.04,-0.123,25
1790510434.5,0.1364,-12.1460,93.07,0.550,23
1790510434.6,0.1343,-12.1058,93.07,-0.126,27
1790510434.7,0.1321,-12.0656,93.11,0.435,26
1790510434.8,0.1300,-12.0272,93.09,-0.031,26
1790510434.9,0.1282,-11.9914,93.12,0.328,24
1790510435.0,0.1261,-11.9536,93.09,-0.191,24
1790510435.1,0.1241,-11.9167,93.14,0.225,28
1790510435.2,0.1216,-11.8695,93.13,0.213,26
1790510435.3,0.1195,-11.8296,93.15,0.032,27
1790510435.4,0.1172,-11.7907,93.18,0.460,21
1790510435.5,0.1148,-11.7484,93.19,-0.065,25
1790510435.6,0.1129,-11.7137,93.20,0.451,27
1790510435.7,0.1108,-11.6778,93.21,-0.193,24
1790510435.8,0.1086,-11.6391,93.24,0.465,27
1790510435.9,0.1071,-11.6115,93.26,-0.118,23
1790510436.0,0.1038,-11.5566,93.28,0.448,24
1790510436.1,0.1017,-11.5203,93.28,0.043,25
1790510436.2,0.0993,-11.4785,93.33,0.309,27
1790510436.3,0.0971,-11.4407,93.31,-0.019,25
1790510436.4,0.0947,-11.4002,93.36,0.159,25
1790510436.5,0.0924,-11.3600,93.35,0.123,27
1790510436.6,0.0902,-11.3227,93.39,-0.019,24
1790510436.7,0.0877,-11.2813,93.39,0.323,25
1790510436.8,0.0856,-11.2452,93.39,-0.130,26
1790510436.9,0.0834,-11.2074,93.43,0.511,25
1790510437.0,0.0810,-11.1687,93.42,-0.185,26
1790510437.1,0.0788,-11.1319,93.45,0.478,26
1790510437.2,0.0763,-11.0926,93.46,-0.028,24
1790510437.3,0.0740,-11.0531,93.49,0.395,26
1790510437.4,0.0716,-11.0134,93.48,-0.098,23
1790510437.5,0.0694,-10.9781,93.51,0.078,26
1790510437.6,0.0671,-10.9311,93.47,-0.337,26
1790510437.7,0.0648,-10.8933,93.48,-0.219,25
1790510437.8,0.0626,-10.8558,93.38,-0.322,25
1790510437.9,0.0604,-10.8191,93.30,-1.418,24
1790510438.0,0.0583,-10.7803,93.15,-1.634,25
1790510438.1,0.0562,-10.7383,92.89,-2.790,25
1790510438.2,0.0547,-10.6994,92.58,-3.255,25
1790510438.3,0.0537,-10.6607,92.23,-2.854,29
1790510438.4,0.0526,-10.6251,92.20,-0.064,25
1790510438.5,0.0516,-10.5904,92.16,-0.636,27
1790510438.6,0.0504,-10.5498,92.17,0.206,26
1790510438.7,0.0488,-10.5063,92.11,-0.354,26
1790510438.8,0.0474,-10.4685,92.17,0.285,23
1790510438.9,0.0460,-10.4313,92.10,-0.384,24
1790510439.0,0.0446,-10.3923,92.11,-0.269,24
1790510439.1,0.0433,-10.3566,92.06,0.162,26
1790510439.2,0.0418,-10.3160,92.07,-0.372,26
1790510439.3,0.0406,-10.2742,92.05,0.456,25
1790510439.4,0.0393,-10.2387,92.04,-0.759,25
1790510439.5,0.0380,-10.2005,92.06,0.833,24
1790510439.6,0.0365,-10.1599,92.03,-0.537,27
1790510439.7,0.0349,-10.1167,92.10,0.665,23
1790510439.8,0.0334,-10.0730,92.07,-0.220,26
1790510439.9,0.0320,-10.0346,92.14,0.535,26
1790510440.0,0.0313,-10.0141,92.11,-0.054,26
1790510440.1,0.0292,-9.9595,92.17,0.169,24
1790510440.2,0.0278,-9.9232,92.12,0.035,27
1790510440.3,0.0263,-9.8824,92.17,-0.043,22
1790510440.4,0.0247,-9.8390,92.18,0.511,24
1790510440.5,0.0233,-9.8047,92.20,-0.317,26
1790510440.6,0.0217,-9.7624,92.23,0.693,24
1790510440.7,0.0203,-9.7258,92.21,-0.538,26
1790510440.8,0.0185,-9.6815,92.26,0.618,26
1790510440.9,0.0170,-9.6392,92.22,-0.306,25
1790510441.0,0.0154,-9.6025,92.29,0.502,25
1790510441.1,0.0140,-9.5648,92.25,-0.191,24
1790510441.2,0.0122,-9.5229,92.32,0.345,24
1790510441.3,0.0113,-9.5003,92.30,0.153,25
1790510441.4,0.0090,-9.4483,92.34,-0.063,25
1790510441.5,0.0077,-9.4153,92.34,0.402,27
1790510441.6,0.0060,-9.3740,92.36,-0.125,26
1790510441.7,0.0042,-9.3310,92.37,0.355,25
1790510441.8,0.0027,-9.2953,92.38,-0.443,27
1790510441.9,0.0011,-9.2566,92.39,0.594,26
1790510442.0,-0.0008,-9.2120,92.37,-0.444,25
1790510442.1,-0.0023,-9.1760,92.41,0.528,26
1790510442.2,-0.0038,-9.1388,92.38,-0.250,26
1790510442.3,-0.0057,-9.0948,92.45,0.579,23
1790510442.4,-0.0073,-9.0587,92.42,-0.112,26
1790510442.5,-0.0089,-9.0217,92.47,0.473,24
1790510442.6,-0.0107,-8.9794,92.45,-0.046,24
1790510442.7,-0.0124,-8.9401,92.49,0.405,23
1790510442.8,-0.0146,-8.8929,92.46,-0.337,24
1790510442.9,-0.0165,-8.8507,92.51,0.155,23
1790510443.0,-0.0178,-8.8179,92.49,0.262,25
1790510443.1,-0.0191,-8.7902,92.54,-0.051,27
1790510443.2,-0.0214,-8.7381,92.53,0.321,26
1790510443.3,-0.0233,-8.6996,92.53,-0.134,25
1790510443.4,-0.0251,-8.6586,92.57,0.583,25
1790510443.5,-0.0267,-8.6219,92.53,-0.316,26
1790510443.6,-0.0286,-8.5814,92.58,0.531,27
1790510443.7,-0.0304,-8.5402,92.57,0.035,24
1790510443.8,-0.0321,-8.5023,92.61,0.221,24
1790510443.9,-0.0341,-8.4581,92.61,0.248,26
1790510444.0,-0.0360,-8.4174,92.64,0.123,27
1790510444.1,-0.0379,-8.3762,92.67,0.494,22
1790510444.2,-0.0397,-8.3383,92.68,-0.158,23
1790510444.3,-0.0416,-8.2957,92.72,0.517,24
1790510444.4,-0.0436,-8.2558,92.69,-0.449,26
1790510444.5,-0.0454,-8.2172,92.74,0.476,26
1790510444.6,-0.0472,-8.1793,92.69,-0.335,26
1790510444.7,-0.0490,-8.1402,92.76,0.437,26
1790510444.8,-0.0509,-8.1017,92.72,-0.112,26
1790510444.9,-0.0529,-8.0618,92.77,0.235,26
1790510445.0,-0.0549,-8.0177,92.77,0.117,26
1790510445.1,-0.0566,-7.9848,92.82,0.288,26
1790510445.2,-0.0586,-7.9441,92.81,0.302,26
1790510445.3,-0.0608,-7.9010,92.83,-0.209,26
1790510445.4,-0.0627,-7.8622,92.82,0.236,23
1790510445.5,-0.0646,-7.8242,92.84,-0.202,26
1790510445.6,-0.0665,-7.7868,92.88,0.567,26
1790510445.7,-0.0686,-7.7466,92.86,-0.255,26
1790510445.8,-0.0708,-7.7024,92.91,0.434,26
1790510445.9,-0.0718,-7.6824,92.91,-0.043,23
1790510446.0,-0.0743,-7.6333,92.95,0.231,27
1790510446.1,-0.0763,-7.5947,92.93,0.330,25
1790510446.2,-0.0780,-7.5619,92.97,-0.016,25
1790510446.3,-0.0813,-7.5096,92.97,0.368,26
1790510446.4,-0.0831,-7.4785,92.99,-0.094,25
1790510446.5,-0.0863,-7.4025,93.02,0.617,25
1790510446.6,-0.0882,-7.3656,93.01,-0.283,27
1790510446.7,-0.0896,-7.3374,93.06,0.522,28
1790510446.8,-0.0914,-7.3207,93.04,-0.244,24
1790510446.9,-0.0923,-7.3013,93.08,0.469,24
1790510447.0,-0.0942,-7.2620,93.06,-0.276,24
1790510447.1,-0.0979,-7.1985,93.11,0.503,25
1790510447.2,-0.0987,-7.1779,93.07,-0.275,26
1790510447.3,-0.1015,-7.1284,93.12,0.306,24
1790510447.4,-0.1029,-7.1019,93.09,0.012,22
1790510447.5,-0.1054,-7.0583,93.15,0.168,26
1790510447.6,-0.1073,-7.0224,93.13,0.285,26
1790510447.7,-0.1086,-7.0036,93.18,0.045,23
1790510447.8,-0.1108,-6.9620,93.20,0.537,25
1790510447.9,-0.1134,-6.9206,93.22,-0.345,25
1790510448.0,-0.1152,-6.8861,93.21,0.465,24
1790510448.1,-0.1176,-6.8476,93.21,-0.217,22
1790510448.2,-0.1206,-6.8020,93.27,0.630,27
1790510448.3,-0.1215,-6.7862,93.25,-0.215,25
1790510448.4,-0.1247,-6.7221,93.29,0.472,22
1790510448.5,-0.1270,-6.6818,93.27,0.116,25
1790510448.6,-0.1295,-6.6398,93.31,0.109,26
1790510448.7,-0.1317,-6.6021,93.32,0.285,22
1790510448.8,-0.1329,-6.5816,93.36,0.054,23
1790510448.9,-0.1362,-6.5248,93.37,0.468,26
1790510449.0,-0.1385,-6.4860,93.38,-0.401,21
1790510449.1,-0.1408,-6.4475,93.42,0.540,26
1790510449.2,-0.1430,-6.4107,93.40,-0.299,26
1790510449.3,-0.1453,-6.3726,93.46,0.534,24
1790510449.4,-0.1477,-6.3335,93.43,-0.268,26
1790510449.5,-0.1501,-6.2938,93.51,0.508,26
1790510449.6,-0.1525,-6.2549,93.46,-0.085,24
1790510449.7,-0.1551,-6.2132,93.51,0.090,26
1790510449.8,-0.1574,-6.1742,93.49,0.192,25
1790510449.9,-0.1599,-6.1339,93.51,-0.095,23
1790510450.0,-0.1624,-6.0939,93.52,0.539,28
1790510450.1,-0.1649,-6.0544,93.53,-0.263,26
1790510450.2,-0.1673,-6.0155,93.58,0.639,25
1790510450.3,-0.1696,-5.9791,93.58,-0.124,26
1790510450.4,-0.1720,-5.9401,93.61,0.472,25
1790510450.5,-0.1745,-5.9019,93.59,-0.386,27
1790510450.6,-0.1771,-5.8608,93.63,0.414,26
1790510450.7,-0.1795,-5.8225,93.61,-0.000,26
1790510450.8,-0.1823,-5.7780,93.67,0.348,25
1790510450.9,-0.1845,-5.7431,93.65,0.196,26
1790510451.0,-0.1871,-5.7029,93.70,0.274,24
1790510451.1,-0.1895,-5.6654,93.68,0.100,25
1790510451.2,-0.1921,-5.6262,93.73,0.120,25
1790510451.3,-0.1947,-5.5864,93.74,0.307,25
1790510451.4,-0.1976,-5.5431,93.78,0.117,25
1790510451.5,-0.2000,-5.5052,93.79,0.384,25
1790510451.6,-0.2024,-5.4698,93.80,-0.082,23
1790510451.7,-0.2051,-5.4299,93.83,0.521,27
1790510451.8,-0.2073,-5.3972,93.83,-0.216,25
1790510451.9,-0.2104,-5.3513,93.87,0.493,24
1790510452.0,-0.2132,-5.3095,93.84,-0.185,27
1790510452.1,-0.2160,-5.2699,93.91,0.621,24
1790510452.2,-0.2183,-5.2363,93.84,-0.474,26
1790510452.3,-0.2208,-5.1987,93.94,0.815,25
1790510452.4,-0.2234,-5.1600,93.84,-1.026,23
1790510452.5,-0.2256,-5.1274,93.60,-3.617,26
1790510452.6,-0.2276,-5.0920,92.92,-6.975,24
1790510452.7,-0.2289,-5.0561,92.06,-9.398,26
1790510452.8,-0.2293,-5.0233,91.16,-8.575,24
1790510452.9,-0.2291,-4.9874,90.53,-3.871,25
1790510453.0,-0.2286,-4.9546,90.55,-0.147,27
1790510453.1,-0.2285,-4.9204,90.56,-0.247,23
1790510453.2,-0.2289,-4.8861,90.58,0.338,27
1790510453.3,-0.2291,-4.8578,90.54,-0.523,24
1790510453.4,-0.2294,-4.8298,90.52,0.093,23
1790510453.5,-0.2297,-4.7922,90.46,-1.105,24
1790510453.6,-0.2300,-4.7598,90.49,0.976,24
1790510453.7,-0.2302,-4.7192,90.52,-0.136,24
1790510453.8,-0.2306,-4.6844,90.42,-0.541,25
1790510453.9,-0.2309,-4.6535,90.44,-0.119,25
1790510454.0,-0.2310,-4.6205,90.45,0.037,22
1790510454.1,-0.2313,-4.5838,90.44,-0.227,25
1790510454.2,-0.2315,-4.5471,90.42,0.058,26
1790510454.3,-0.2318,-4.5124,90.48,0.152,27
1790510454.4,-0.2320,-4.4753,90.46,0.071,26
1790510454.5,-0.2324,-4.4381,90.51,0.251,26
1790510454.6,-0.2327,-4.3999,90.49,0.041,27
1790510454.7,-0.2330,-4.3710,90.54,0.228,23
1790510454.8,-0.2332,-4.3352,90.49,-0.112,26
1790510454.9,-0.2336,-4.3031,90.56,0.187,24
1790510455.0,-0.2340,-4.2656,90.51,-0.072,25
1790510455.1,-0.2343,-4.2301,90.59,0.534,27
1790510455.2,-0.2347,-4.1911,90.54,-0.249,24
1790510455.3,-0.2351,-4.1535,90.61,0.452,26
1790510455.4,-0.2354,-4.1199,90.56,-0.367,23
1790510455.5,-0.2358,-4.0847,90.60,0.513,22
1790510455.6,-0.2361,-4.0504,90.57,-0.418,26
1790510455.7,-0.2365,-4.0134,90.61,0.496,26
1790510455.8,-0.2368,-3.9809,90.60,-0.233,24
1790510455.9,-0.2373,-3.9452,90.64,0.537,26
1790510456.0,-0.2375,-3.9110,90.64,-0.234,24
1790510456.1,-0.2380,-3.8734,90.67,0.488,25
1790510456.2,-0.2382,-3.8546,90.68,-0.218,22
1790510456.3,-0.2388,-3.8046,90.67,0.332,24
1790510456.4,-0.2392,-3.7704,90.70,0.020,24
1790510456.5,-0.2396,-3.7348,90.70,0.310,26
1790510456.6,-0.2401,-3.7064,90.74,0.081,25
1790510456.7,-0.2404,-3.6693,90.70,0.030,24
1790510456.8,-0.2410,-3.6341,90.74,0.195,25
1790510456.9,-0.2414,-3.5969,90.73,-0.139,25
1790510457.0,-0.2419,-3.5645,90.78,0.361,27
1790510457.1,-0.2424,-3.5263,90.76,-0.070,26
1790510457.2,-0.2428,-3.4960,90.82,0.478,23
1790510457.3,-0.2434,-3.4569,90.80,-0.061,25
1790510457.4,-0.2439,-3.4219,90.85,0.360,25
1790510457.5,-0.2444,-3.3871,90.84,-0.089,26
1790510457.6,-0.2450,-3.3541,90.88,0.412,26
1790510457.7,-0.2455,-3.3177,90.85,-0.329,24
1790510457.8,-0.2460,-3.2882,90.88,0.434,25
1790510457.9,-0.2465,-3.2536,90.87,-0.366,24
1790510458.0,-0.2470,-3.2207,90.89,0.672,26
1790510458.1,-0.2476,-3.1866,90.92,-0.315,27
1790510458.2,-0.2482,-3.1525,90.93,0.438,24
1790510458.3,-0.2489,-3.1187,90.96,-0.163,25
1790510458.4,-0.2494,-3.0834,90.95,0.349,27
1790510458.5,-0.2500,-3.0479,90.99,-0.044,26
1790510458.6,-0.2506,-3.0110,90.97,0.102,26
1790510458.7,-0.2513,-2.9792,91.01,0.177,28
1790510458.8,-0.2519,-2.9400,91.00,-0.024,26
1790510458.9,-0.2525,-2.9099,91.05,0.350,24
1790510459.0,-0.2531,-2.8744,91.03,-0.040,23
1790510459.1,-0.2538,-2.8378,91.08,0.386,24
1790510459.2,-0.2544,-2.8080,91.05,-0.281,25
1790510459.3,-0.2550,-2.7758,91.09,0.433,28
1790510459.4,-0.2557,-2.7411,91.06,-0.125,24
1790510459.5,-0.2564,-2.7053,91.11,0.445,25
1790510459.6,-0.2569,-2.6749,91.11,-0.423,24
1790510459.7,-0.2578,-2.6312,91.14,0.572,26
1790510459.8,-0.2584,-2.6033,91.14,-0.469,23
1790510459.9,-0.2591,-2.5658,91.09,-0.133,27
1790510460.0,-0.2597,-2.5305,91.09,-0.295,23
1790510460.1,-0.2603,-2.4969,90.91,-1.853,26
1790510460.2,-0.2608,-2.4573,90.60,-4.230,25
1790510460.3,-0.2607,-2.4245,89.84,-7.199,25
1790510460.4,-0.2600,-2.3913,89.01,-7.908,24
1790510460.5,-0.2586,-2.3578,88.72,-2.204,27
1790510460.6,-0.2566,-2.3249,88.71,-0.509,26
1790510460.7,-0.2556,-2.2914,88.71,0.073,23
1790510460.8,-0.2546,-2.2596,88.67,-0.368,26
1790510460.9,-0.2540,-2.2318,88.65,0.071,26
1790510461.0,-0.2533,-2.1994,88.63,-0.392,23
1790510461.1,-0.2524,-2.1680,88.62,-0.120,25
1790510461.2,-0.2517,-2.1372,88.66,-0.037,28
1790510461.3,-0.2508,-2.1047,88.60,-0.014,23
1790510461.4,-0.2500,-2.0741,88.62,0.119,25
1790510461.5,-0.2493,-2.0423,88.58,-0.248,26
1790510461.6,-0.2484,-2.0130,88.59,0.209,24
1790510461.7,-0.2477,-1.9838,88.56,-0.605,27
1790510461.8,-0.2466,-1.9410,88.50,-0.219,26
1790510461.9,-0.2459,-1.9130,88.54,0.331,26
1790510462.0,-0.2449,-1.8818,88.55,0.191,25
1790510462.1,-0.2442,-1.8458,88.54,-0.205,25
1790510462.2,-0.2432,-1.8134,88.54,0.069,27
1790510462.3,-0.2424,-1.7834,88.57,0.043,24
1790510462.4,-0.2415,-1.7485,88.53,-0.231,25
1790510462.5,-0.2408,-1.7165,88.56,0.095,25
1790510462.6,-0.2398,-1.6818,88.54,0.135,26
1790510462.7,-0.2389,-1.6473,88.60,0.272,25
1790510462.8,-0.2382,-1.6173,88.54,-0.110,26
1790510462.9,-0.2373,-1.5806,88.59,0.421,26
1790510463.0,-0.2363,-1.5510,88.55,-0.245,24
1790510463.1,-0.2359,-1.5214,88.58,0.398,24
1790510463.2,-0.2350,-1.4896,88.58,0.030,26
1790510463.3,-0.2340,-1.4498,88.60,0.372,25
1790510463.4,-0.2333,-1.4118,88.61,-0.105,23
1790510463.5,-0.2327,-1.3874,88.63,0.346,25
1790510463.6,-0.2323,-1.3548,88.64,-0.164,26
1790510463.7,-0.2311,-1.3197,88.65,0.198,27
1790510463.8,-0.2305,-1.2830,88.65,-0.150,26
1790510463.9,-0.2292,-1.2480,88.67,0.249,24
1790510464.0,-0.2292,-1.2175,88.69,0.054,24
1790510464.1,-0.2277,-1.1801,88.69,0.175,27
1790510464.2,-0.2280,-1.1548,88.72,0.091,25
1790510464.3,-0.2264,-1.1137,88.71,0.108,25
1790510464.4,-0.2261,-1.0836,88.74,0.174,26
1790510464.5,-0.2253,-1.0646,88.73,0.131,24
1790510464.6,-0.2245,-1.0201,88.76,0.242,23
1790510464.7,-0.2237,-0.9885,88.72,0.198,19
1790510464.8,-0.2231,-0.9528,88.77,0.398,25
1790510464.9,-0.2224,-0.9182,88.77,0.048,24
1790510465.0,-0.2215,-0.8835,88.80,0.418,26
1790510465.1,-0.2209,-0.8532,88.79,-0.063,27
1790510465.2,-0.2205,-0.8152,88.82,0.317,26
1790510465.3,-0.2192,-0.7876,88.79,-0.396,25
1790510465.4,-0.2191,-0.7528,88.82,0.331,26
1790510465.5,-0.2179,-0.7229,88.81,-0.167,26
1790510465.6,-0.2177,-0.6905,88.84,0.416,26
1790510465.7,-0.2171,-0.6540,88.85,-0.239,24
1790510465.8,-0.2165,-0.6152,88.87,0.342,25
1790510465.9,-0.2157,-0.5900,88.91,0.078,26
1790510466.0,-0.2151,-0.5529,88.91,0.388,25
1790510466.1,-0.2150,-0.5230,88.95,0.097,25
1790510466.2,-0.2142,-0.4836,88.95,0.150,27
1790510466.3,-0.2132,-0.4582,88.99,0.400,26
1790510466.4,-0.2129,-0.4281,88.98,0.035,25
1790510466.5,-0.2131,-0.3973,89.01,0.539,25
1790510466.6,-0.2118,-0.3600,89.00,-0.258,24
1790510466.7,-0.2111,-0.3272,88.99,0.422,25
1790510466.8,-0.2106,-0.2917,89.00,-0.344,23
1790510466.9,-0.2102,-0.2602,89.02,0.333,27
1790510467.0,-0.2097,-0.2286,89.05,-0.128,25
1790510467.1,-0.2091,-0.1944,89.06,0.300,27
1790510467.2,-0.2089,-0.1652,89.12,0.064,23
1790510467.3,-0.2081,-0.1262,89.09,0.067,29
1790510467.4,-0.2077,-0.0947,89.13,-0.538,26
1790510467.5,-0.2071,-0.0764,88.99,-0.096,26
1790510467.6,-0.2069,-0.0646,88.97,0.046,25
1790510467.7,-0.2068,-0.0676,89.01,0.295,26
1790510467.8,-0.2071,-0.0832,89.02,0.018,26
1790510467.9,-0.2070,-0.0829,89.01,-0.037,26
1790510468.0,-0.2070,-0.0815,89.01,0.118,27
1790510468.1,-0.2070,-0.0811,89.01,-0.055,25
1790510468.2,-0.2070,-0.0811,89.02,-0.002,25
1790510468.3,-0.2070,-0.0817,88.98,-5.987,24
1790510468.4,-0.2070,-0.0825,86.98,-18.098,26
1790510468.5,-0.2070,-0.0818,84.73,-22.755,25
1790510468.6,-0.2069,-0.0807,82.58,-21.449,27
1790510468.7,-0.2063,-0.0787,80.43,-22.025,24
1790510468.8,-0.2056,-0.0764,78.25,-21.827,26
1790510468.9,-0.2040,-0.0725,75.95,-22.470,23
1790510469.0,-0.2033,-0.0707,73.85,-22.047,26
1790510469.1,-0.2015,-0.0667,71.41,-22.225,25
1790510469.2,-0.2022,-0.0678,69.36,-22.174,25
1790510469.3,-0.1977,-0.0591,67.06,-22.162,24
1790510469.4,-0.1991,-0.0616,64.89,-21.409,26
1790510469.5,-0.1969,-0.0587,62.66,-21.431,25
1790510469.6,-0.1969,-0.0583,60.47,-21.647,25
1790510469.7,-0.1956,-0.0565,58.41,-22.118,26
1790510469.8,-0.1928,-0.0528,56.29,-21.644,27
1790510469.9,-0.1896,-0.0491,54.12,-21.741,24
1790510470.0,-0.1890,-0.0483,51.74,-21.866,23
1790510470.1,-0.1864,-0.0459,49.80,-21.751,26
1790510470.2,-0.1816,-0.0418,47.62,-22.380,25
1790510470.3,-0.1837,-0.0437,45.30,-22.933,23
1790510470.4,-0.1749,-0.0365,43.12,-21.670,25
1790510470.5,-0.1711,-0.0338,41.15,-19.841,25
1790510470.6,-0.1641,-0.0293,38.87,-20.772,24
1790510470.7,-0.1650,-0.0300,36.85,-20.525,25
1790510470.8,-0.1580,-0.0263,34.72,-21.062,26
1790510470.9,-0.1574,-0.0260,32.80,-19.091,27
1790510471.0,-0.1531,-0.0239,31.28,-10.775,24
1790510471.1,-0.1515,-0.0228,31.47,3.085,25
1790510471.2,-0.1515,-0.0229,31.56,0.368,24
1790510471.3,-0.1484,-0.0209,31.57,0.024,24
1790510471.4,-0.1468,-0.0199,31.49,-2.079,25
1790510471.5,-0.1456,-0.0190,31.34,-0.835,26
1790510471.6,-0.1364,-0.0131,31.29,0.890,28
1790510471.7,-0.1161,-0.0006,31.29,-0.988,23
1790510471.8,-0.1003,0.0092,31.27,-0.530,26
1790510471.9,-0.0699,0.0277,31.39,1.927,24
1790510472.0,-0.0534,0.0376,31.32,-0.592,28
1790510472.1,-0.0225,0.0569,31.37,0.044,24
1790510472.2,-0.0038,0.0682,31.30,-0.409,27
1790510472.3,0.0238,0.0850,31.34,0.839,24
1790510472.4,0.0539,0.1033,31.40,0.221,25
1790510472.5,0.0764,0.1170,31.27,-0.864,25
1790510472.6,0.1055,0.1348,31.33,0.523,25
1790510472.7,0.1334,0.1517,31.29,-0.528,27
1790510472.8,0.1622,0.1693,31.31,0.191,24
1790510472.9,0.1923,0.1875,31.30,-0.147,24
1790510473.0,0.2187,0.2036,31.34,0.454,23
1790510473.1,0.2377,0.2150,31.32,-0.304,27
1790510473.2,0.2623,0.2299,31.29,0.283,24
1790510473.3,0.2923,0.2482,31.34,-0.095,26
1790510473.4,0.3292,0.2706,31.31,0.148,25
1790510473.5,0.3595,0.2890,31.36,0.215,26
1790510473.6,0.3865,0.3056,31.36,-0.023,23
1790510473.7,0.4123,0.3212,31.41,0.498,24
1790510473.8,0.4402,0.3382,31.35,-0.209,27
1790510473.9,0.4673,0.3548,31.43,0.565,24
1790510474.0,0.4926,0.3702,31.37,-0.560,25
1790510474.1,0.5214,0.3879,31.36,0.120,27
1790510474.2,0.5402,0.3993,31.39,0.130,26
1790510474.3,0.5644,0.4140,31.37,-0.204,25
1790510474.4,0.5930,0.4315,31.39,0.060,26
1790510474.5,0.6079,0.4406,31.40,0.278,23
1790510474.6,0.6142,0.4444,31.42,0.086,25
1790510474.7,0.6123,0.4431,31.41,0.066,26
1790510474.8,0.6115,0.4426,31.41,-0.033,25
1790510474.9,0.6106,0.4421,31.42,0.009,25
1790510475.0,0.6118,0.4428,31.32,-3.614,26
1790510475.1,0.6155,0.4450,29.81,-16.031,27
1790510475.2,0.6142,0.4442,27.87,-19.667,21
1790510475.3,0.6159,0.4450,25.74,-21.481,27
1790510475.4,0.6250,0.4481,23.69,-20.694,24
1790510475.5,0.6276,0.4488,21.60,-21.319,24
1790510475.6,0.6290,0.4493,19.50,-21.192,26
1790510475.7,0.6345,0.4505,17.37,-21.381,27
1790510475.8,0.6396,0.4514,15.01,-20.884,26
1790510475.9,0.6396,0.4512,12.93,-21.570,25
1790510476.0,0.6482,0.4522,11.03,-21.026,25
1790510476.1,0.6514,0.4525,8.73,-21.177,26
1790510476.2,0.6506,0.4525,6.68,-20.485,25
1790510476.3,0.6547,0.4525,4.64,-20.851,24
1790510476.4,0.6582,0.4523,2.50,-20.595,22
1790510476.5,0.6527,0.4527,0.60,-17.773,26
1790510476.6,0.6587,0.4520,-1.03,-15.914,24
1790510476.7,0.6579,0.4521,-1.88,-8.681,27
1790510476.8,0.6655,0.4512,-1.89,2.079,23
1790510476.9,0.6652,0.4512,-1.83,0.481,25
1790510477.0,0.6683,0.4512,-1.82,0.074,26
1790510477.1,0.6665,0.4512,-1.82,0.055,25
1790510477.2,0.6707,0.4511,-1.81,0.063,27
1790510477.3,0.6702,0.4512,-1.81,-0.019,26
1790510477.4,0.6705,0.4512,-1.81,0.011,23
1790510477.5,0.6704,0.4512,-1.81,-0.011,26
1790510477.6,0.6695,0.4512,-1.81,-0.038,27
1790510477.7,0.6698,0.4512,-1.81,-0.008,25
1790510477.8,0.6700,0.4512,-1.81,-0.005,24
1790510477.9,0.6695,0.4512,-1.81,-0.040,25
1790510478.0,0.6696,0.4512,-1.81,0.027,27
1790510478.1,0.6691,0.4512,-1.81,0.010,26
1790510478.2,0.6694,0.4512,-1.80,0.019,26
1790510478.3,0.6707,0.4512,-1.80,0.051,25
1790510478.4,0.6699,0.4512,-1.80,0.022,24
1790510478.5,0.6717,0.4512,-1.80,0.047,26
1790510478.6,0.6717,0.4512,-1.80,0.009,22
1790510478.7,0.6720,0.4512,-1.79,0.051,25
1790510478.8,0.6729,0.4511,-1.80,0.008,26
1790510478.9,0.6707,0.4512,-1.80,-0.014,24
1790510479.0,0.6734,0.4511,-1.80,-0.021,25
1790510479.1,0.6732,0.4511,-1.80,-0.019,27
1790510479.2,0.6741,0.4511,-1.82,-0.604,27
1790510479.3,0.6732,0.4511,-1.66,4.165,25
1790510479.4,0.6723,0.4512,-0.69,8.684,26
1790510479.5,0.6742,0.4511,0.48,9.523,25
1790510479.6,0.6710,0.4509,0.05,-3.265,25
1790510479.7,0.6707,0.4509,0.05,-0.215,26
1790510479.8,0.6715,0.4508,0.05,-0.083,27
1790510479.9,0.6718,0.4508,0.05,0.053,23
1790510480.0,0.6690,0.4508,0.08,1.290,25
1790510480.1,0.6680,0.4508,0.10,-0.473,27
1790510480.2,0.6589,0.4508,0.08,0.152,26
1790510480.3,0.6329,0.4507,0.04,-0.884,23
1790510480.4,0.6156,0.4507,0.18,0.730,26
1790510480.5,0.5977,0.4507,0.13,-0.270,27
1790510480.6,0.5795,0.4506,0.16,0.631,25
1790510480.7,0.5643,0.4507,0.20,0.347,27
1790510480.8,0.5527,0.4506,0.20,-0.406,25
1790510480.9,0.5256,0.4504,0.19,0.792,24
1790510481.0,0.5093,0.4504,0.22,-0.247,27
1790510481.1,0.4878,0.4504,0.21,-0.014,27
1790510481.2,0.4652,0.4501,0.23,0.135,27
1790510481.3,0.4338,0.4502,0.24,0.094,25
1790510481.4,0.4264,0.4502,0.23,0.009,26
1790510481.5,0.4154,0.4500,0.22,-0.090,24
1790510481.6,0.3814,0.4498,0.22,-0.013,24
1790510481.7,0.3473,0.4498,0.23,0.061,25
1790510481.8,0.3459,0.4497,0.23,0.019,25
1790510481.9,0.3143,0.4496,0.24,-0.033,24
1790510482.0,0.2874,0.4493,0.24,-0.036,26
1790510482.1,0.2880,0.4497,0.23,0.088,24
1790510482.2,0.2420,0.4490,0.23,-0.169,24
1790510482.3,0.2225,0.4491,0.23,-0.003,25
1790510482.4,0.2018,0.4490,0.22,-0.037,24
1790510482.5,0.1831,0.4490,0.23,-0.089,24
1790510482.6,0.1561,0.4488,0.24,-0.036,25
1790510482.7,0.1325,0.4487,0.21,-0.329,26
1790510482.8,0.1099,0.4487,0.22,0.173,22
1790510482.9,0.0907,0.4486,0.24,0.113,25
1790510483.0,0.0684,0.4485,0.22,-0.519,25
1790510483.1,0.0534,0.4484,0.20,0.347,24
1790510483.2,0.0463,0.4484,0.19,-0.129,25
1790510483.3,0.0463,0.4485,0.19,-0.067,25
1790510483.4,0.0493,0.4485,0.19,0.056,27
1790510483.5,0.0493,0.4485,0.18,-0.082,24
1790510483.6,0.0493,0.4485,0.19,-0.066,25
1790510483.7,0.0496,0.4485,0.17,-2.308,25
1790510483.8,0.0504,0.4485,-0.49,-6.295,25
1790510483.9,0.0521,0.4485,-2.14,-17.967,27
1790510484.0,0.0503,0.4486,-4.30,-23.307,24
1790510484.1,0.0552,0.4478,-6.60,-23.516,25
1790510484.2,0.0548,0.4478,-9.08,-24.833,25
1790510484.3,0.0619,0.4459,-11.70,-24.501,24
1790510484.4,0.0640,0.4451,-14.22,-24.843,27
1790510484.5,0.0655,0.4445,-16.67,-24.673,25
1790510484.6,0.0674,0.4433,-18.96,-24.527,26
1790510484.7,0.0670,0.4433,-21.63,-25.658,25
1790510484.8,0.0690,0.4424,-24.17,-24.434,25
1790510484.9,0.0730,0.4400,-26.49,-24.468,24
1790510485.0,0.0735,0.4396,-29.00,-25.215,24
1790510485.1,0.0751,0.4385,-31.36,-23.816,25
1790510485.2,0.0752,0.4384,-33.79,-24.602,25
1790510485.3,0.0794,0.4346,-36.17,-24.633,26
1790510485.4,0.0796,0.4343,-38.96,-24.931,24
1790510485.5,0.0774,0.4366,-41.10,-24.732,27
1790510485.6,0.0840,0.4290,-43.81,-24.780,24
1790510485.7,0.0863,0.4262,-46.08,-25.283,27
1790510485.8,0.0918,0.4184,-48.78,-25.233,24
1790510485.9,0.0865,0.4265,-51.19,-25.283,27
1790510486.0,0.0857,0.4274,-53.91,-25.932,25
1790510486.1,0.0843,0.4295,-56.36,-24.902,26
1790510486.2,0.0863,0.4259,-58.97,-25.418,26
1790510486.3,0.0868,0.4248,-61.60,-25.272,25
1790510486.4,0.0889,0.4192,-62.80,-24.196,26
1790510486.5,0.0869,0.4247,-65.33,-25.665,26
1790510486.6,0.0863,0.4257,-68.79,-25.240,27
1790510486.7,0.0871,0.4236,-71.32,-24.939,24
1790510486.8,0.0874,0.4218,-73.67,-24.161,27
1790510486.9,0.0877,0.4191,-76.09,-24.687,25
1790510487.0,0.0878,0.4178,-78.61,-24.941,26
1790510487.1,0.0879,0.4144,-81.28,-24.540,23
1790510487.2,0.0880,0.4154,-83.75,-24.463,24
1790510487.3,0.0879,0.4118,-85.77,-25.056,26
1790510487.4,0.0873,0.4019,-88.32,-24.175,26
1790510487.5,0.0875,0.4053,-90.86,-18.253,28
1790510487.6,0.0866,0.3997,-90.54,4.318,25
1790510487.7,0.0866,0.4001,-90.45,0.387,26
1790510487.8,0.0865,0.4030,-90.42,0.086,26
1790510487.9,0.0865,0.3992,-90.41,0.076,26
1790510488.0,0.0865,0.3996,-90.39,0.115,24
1790510488.1,0.0865,0.3996,-90.39,0.074,25
1790510488.2,0.0865,0.3998,-90.39,0.066,26
1790510488.3,0.0865,0.3997,-90.39,0.070,24
1790510488.4,0.0865,0.3994,-90.39,0.042,25
1790510488.5,0.0865,0.3991,-90.38,0.056,26
1790510488.6,0.0865,0.4002,-90.38,0.012,23
1790510488.7,0.0865,0.3975,-90.38,-0.058,25
1790510488.8,0.0865,0.3992,-90.39,0.005,26
1790510488.9,0.0865,0.3988,-90.38,0.005,21
1790510489.0,0.0865,0.3980,-90.38,-0.011,26
1790510489.1,0.0865,0.3995,-90.38,-0.041,24
1790510489.2,0.0865,0.3961,-90.38,-0.029,21
1790510489.3,0.0865,0.3962,-90.38,-0.010,24
1790510489.4,0.0865,0.3960,-90.38,0.011,26
1790510489.5,0.0865,0.3966,-90.38,-0.016,23
1790510489.6,0.0865,0.3966,-90.38,0.013,26
1790510489.7,0.0865,0.3959,-90.38,-0.015,25
1790510489.8,0.0865,0.3975,-90.38,0.045,26
1790510489.9,0.0865,0.3972,-90.38,0.026,24
1790510490.0,0.0865,0.3978,-90.44,-0.921,26
1790510490.1,0.0865,0.3960,-90.43,0.102,26
1790510490.2,0.0865,0.3971,-90.48,-0.676,24
1790510490.3,0.0864,0.3877,-90.43,0.863,26
1790510490.4,0.0862,0.3711,-90.45,-0.168,25
1790510490.5,0.0862,0.3540,-90.55,-0.810,26
1790510490.6,0.0859,0.3352,-90.45,0.838,28
1790510490.7,0.0856,0.3116,-90.48,-0.373,25
1790510490.8,0.0856,0.2997,-90.52,-0.502,23
1790510490.9,0.0853,0.2641,-90.56,0.131,25
1790510491.0,0.0850,0.2408,-90.48,0.362,24
1790510491.1,0.0847,0.2157,-90.52,-0.100,26
1790510491.2,0.0845,0.1870,-90.58,-0.205,24
1790510491.3,0.0842,0.1588,-90.57,-0.156,26
1790510491.4,0.0840,0.1285,-90.53,-0.006,26
1790510491.5,0.0837,0.0982,-90.53,-0.010,26
1790510491.6,0.0834,0.0701,-90.52,0.508,27
1790510491.7,0.0831,0.0396,-90.54,-0.223,25
1790510491.8,0.0827,0.0067,-90.56,-0.012,25
1790510491.9,0.0824,-0.0248,-90.54,0.047,28
1790510492.0,0.0822,-0.0540,-90.54,-0.137,26
1790510492.1,0.0819,-0.0855,-90.48,0.525,26
1790510492.2,0.0817,-0.1080,-90.50,-0.102,25
1790510492.3,0.0815,-0.1453,-90.48,0.708,26
1790510492.4,0.0812,-0.1746,-90.52,-0.648,26
1790510492.5,0.0809,-0.2069,-90.52,0.012,27
1790510492.6,0.0806,-0.2408,-90.48,-0.024,25
1790510492.7,0.0805,-0.2569,-90.49,-0.047,25
1790510492.8,0.0803,-0.2919,-90.43,0.411,24
1790510492.9,0.0800,-0.3264,-90.46,-0.092,24
1790510493.0,0.0797,-0.3666,-90.44,0.405,26
1790510493.1,0.0795,-0.4006,-90.44,-0.316,25
1790510493.2,0.0792,-0.4348,-90.43,0.166,26
1790510493.3,0.0789,-0.4821,-90.37,0.124,27
1790510493.4,0.0787,-0.5169,-90.38,0.180,25
1790510493.5,0.0786,-0.5348,-90.39,0.554,27
1790510493.6,0.0784,-0.5702,-90.38,-0.072,27
1790510493.7,0.0782,-0.6025,-90.35,0.391,25
1790510493.8,0.0779,-0.6109,-90.32,-0.356,27
1790510493.9,0.0778,-0.6617,-90.36,0.249,25
1790510494.0,0.0774,-0.6964,-90.32,0.022,26
1790510494.1,0.0773,-0.7275,-90.30,0.161,27
1790510494.2,0.0772,-0.7582,-90.25,0.235,26
1790510494.3,0.0771,-0.7919,-90.27,0.115,26
1790510494.4,0.0770,-0.8227,-90.23,0.566,25
1790510494.5,0.0769,-0.8559,-90.25,-0.204,26
1790510494.6,0.0766,-0.8895,-90.24,0.375,27
1790510494.7,0.0767,-0.9236,-90.23,-0.285,28
1790510494.8,0.0765,-0.9575,-90.20,0.351,26
1790510494.9,0.0765,-0.9688,-90.15,-0.043,25
1790510495.0,0.0763,-1.0159,-90.18,0.384,27
1790510495.1,0.0762,-1.0493,-90.14,0.280,25
1790510495.2,0.0762,-1.0797,-90.14,0.098,24
1790510495.3,0.0761,-1.1087,-90.13,0.305,25
1790510495.4,0.0761,-1.1434,-90.15,-0.209,23
1790510495.5,0.0760,-1.1761,-90.10,0.347,25
1790510495.6,0.0759,-1.2062,-90.12,-0.365,25
1790510495.7,0.0759,-1.2344,-90.12,0.356,22
1790510495.8,0.0758,-1.2647,-90.07,0.112,26
1790510495.9,0.0757,-1.2987,-90.11,-0.066,25
1790510496.0,0.0757,-1.3221,-90.04,0.312,22
1790510496.1,0.0756,-1.3551,-90.07,0.024,23
1790510496.2,0.0756,-1.3765,-90.08,0.240,27
1790510496.3,0.0755,-1.3936,-90.03,-0.065,25
1790510496.4,0.0755,-1.4291,-90.05,0.032,26
1790510496.5,0.0754,-1.4627,-90.01,0.519,26
1790510496.6,0.0754,-1.4881,-90.05,-0.093,26
1790510496.7,0.0754,-1.5115,-90.06,-0.070,24
1790510496.8,0.0754,-1.5414,-89.98,0.090,26
1790510496.9,0.0754,-1.5775,-90.01,-0.016,25
1790510497.0,0.0755,-1.5975,-89.98,0.788,27
1790510497.1,0.0754,-1.6285,-90.03,-0.434,26
1790510497.2,0.0755,-1.6544,-90.03,-0.243,25
1790510497.3,0.0755,-1.6849,-89.94,0.427,25
1790510497.4,0.0755,-1.7127,-89.96,0.083,25
1790510497.5,0.0756,-1.7468,-89.92,0.647,26
1790510497.6,0.0756,-1.7802,-89.96,-0.268,24
1790510497.7,0.0756,-1.7981,-89.95,0.243,23
1790510497.8,0.0757,-1.8332,-89.94,-0.270,26
1790510497.9,0.0758,-1.8602,-89.94,0.307,24
1790510498.0,0.0760,-1.8923,-89.90,-0.234,24
1790510498.1,0.0759,-1.9266,-89.90,0.318,25
1790510498.2,0.0763,-1.9602,-89.86,-0.005,23
1790510498.3,0.0764,-1.9867,-89.86,0.164,24
1790510498.4,0.0765,-2.0201,-89.82,0.232,25
1790510498.5,0.0765,-2.0488,-89.85,0.166,24
1790510498.6,0.0767,-2.0869,-89.79,0.404,26
1790510498.7,0.0769,-2.1183,-89.82,-0.028,26
1790510498.8,0.0770,-2.1551,-89.79,0.186,22
1790510498.9,0.0771,-2.1907,-89.83,-0.346,26
1790510499.0,0.0772,-2.2097,-89.79,0.309,26
1790510499.1,0.0770,-2.2557,-89.83,-0.032,27
1790510499.2,0.0773,-2.2904,-89.75,0.412,24
1790510499.3,0.0774,-2.3253,-89.81,-0.235,25
1790510499.4,0.0777,-2.3610,-89.76,0.382,25
1790510499.5,0.0778,-2.3914,-89.78,-0.176,27
1790510499.6,0.0779,-2.4288,-89.76,0.326,24
1790510499.7,0.0781,-2.4586,-89.74,-0.040,26
1790510499.8,0.0783,-2.4952,-89.72,0.437,25
1790510499.9,0.0786,-2.5351,-89.71,-0.206,26
1790510500.0,0.0786,-2.5645,-89.71,0.300,27
1790510500.1,0.0789,-2.5984,-89.68,0.026,24
1790510500.2,0.0792,-2.6336,-89.67,0.216,24
1790510500.3,0.0792,-2.6701,-89.64,0.324,24
1790510500.4,0.0794,-2.6913,-89.65,0.100,23
1790510500.5,0.0797,-2.7281,-89.61,0.269,25
1790510500.6,0.0800,-2.7651,-89.63,-0.084,25
1790510500.7,0.0802,-2.7947,-89.59,0.397,24
1790510500.8,0.0804,-2.8257,-89.61,-0.146,26
1790510500.9,0.0809,-2.8629,-89.56,0.419,27
1790510501.0,0.0811,-2.8956,-89.60,-0.357,25
1790510501.1,0.0815,-2.9389,-89.55,0.502,24
1790510501.2,0.0818,-2.9715,-89.57,-0.228,25
1790510501.3,0.0821,-2.9994,-89.52,0.484,24
1790510501.4,0.0824,-3.0343,-89.54,-0.155,25
1790510501.5,0.0829,-3.0880,-89.49,0.488,26
1790510501.6,0.0831,-3.1084,-89.51,-0.286,25
1790510501.7,0.0834,-3.1500,-89.45,0.627,24
1790510501.8,0.0835,-3.1781,-89.49,-0.481,25
1790510501.9,0.0840,-3.2093,-89.46,0.338,25
1790510502.0,0.0844,-3.2443,-89.45,-0.177,27
1790510502.1,0.0846,-3.2805,-89.45,0.375,26
1790510502.2,0.0849,-3.3089,-89.40,-0.137,25
1790510502.3,0.0853,-3.3460,-89.42,0.264,24
1790510502.4,0.0857,-3.3824,-89.37,0.172,26
1790510502.5,0.0861,-3.4184,-89.38,0.135,25
1790510502.6,0.0866,-3.4534,-89.34,0.214,26
1790510502.7,0.0869,-3.4866,-89.35,-0.006,25
1790510502.8,0.0875,-3.5237,-89.31,0.374,23
1790510502.9,0.0878,-3.5524,-89.32,-0.036,26
1790510503.0,0.0881,-3.5861,-89.29,0.400,24
1790510503.1,0.0883,-3.6042,-89.29,-0.127,26
1790510503.2,0.0891,-3.6540,-89.26,0.390,26
1790510503.3,0.0895,-3.6779,-89.26,-0.182,25
1790510503.4,0.0902,-3.7267,-89.23,0.457,25
1790510503.5,0.0905,-3.7552,-89.25,-0.308,25
1790510503.6,0.0912,-3.7985,-89.22,0.296,25
1790510503.7,0.0915,-3.8244,-89.21,-0.046,25
1790510503.8,0.0921,-3.8565,-89.20,0.321,26
1790510503.9,0.0926,-3.8942,-89.18,-0.063,25
1790510504.0,0.0931,-3.9275,-89.19,0.296,28
1790510504.1,0.0937,-3.9615,-89.16,-0.077,27
1790510504.2,0.0943,-3.9970,-89.17,0.203,25
1790510504.3,0.0947,-4.0303,-89.14,0.027,26
1790510504.4,0.0952,-4.0680,-89.15,0.135,24
1790510504.5,0.0956,-4.0905,-89.08,0.282,25
1790510504.6,0.0962,-4.1262,-89.12,0.037,26
1790510504.7,0.0969,-4.1653,-89.07,0.174,25
1790510504.8,0.0972,-4.1930,-89.13,-0.264,26
1790510504.9,0.0979,-4.2295,-89.10,0.261,24
1790510505.0,0.0983,-4.2619,-89.13,-0.242,26
1790510505.1,0.0991,-4.3044,-89.07,0.412,24
1790510505.2,0.0996,-4.3366,-89.10,-0.225,25
1790510505.3,0.1001,-4.3632,-89.05,0.530,24
1790510505.4,0.1007,-4.4001,-89.06,-0.195,27
1790510505.5,0.1012,-4.4296,-89.03,0.459,26
1790510505.6,0.1020,-4.4681,-89.02,-0.130,25
1790510505.7,0.1025,-4.5037,-89.02,0.322,26
1790510505.8,0.1027,-4.5217,-88.99,0.005,26
1790510505.9,0.1035,-4.5658,-89.00,0.208,26
1790510506.0,0.1046,-4.6037,-88.93,0.273,25
1790510506.1,0.1051,-4.6281,-88.97,0.193,27
1790510506.2,0.1059,-4.6686,-88.90,0.240,26
1790510506.3,0.1067,-4.7049,-88.93,-0.013,25
1790510506.4,0.1073,-4.7392,-88.89,0.343,24
1790510506.5,0.1080,-4.7715,-88.92,-0.083,25
1790510506.6,0.1086,-4.8059,-88.88,0.494,25
1790510506.7,0.1092,-4.8359,-88.92,-0.222,27
1790510506.8,0.1099,-4.8761,-88.86,0.514,25
1790510506.9,0.1107,-4.9119,-88.89,-0.351,26
1790510507.0,0.1112,-4.9418,-88.85,0.517,26
1790510507.1,0.1120,-4.9756,-88.85,-0.285,25
1790510507.2,0.1125,-5.0093,-88.81,0.554,26
1790510507.3,0.1134,-5.0410,-88.80,-0.274,25
1790510507.4,0.1140,-5.0738,-88.77,0.519,22
1790510507.5,0.1149,-5.1077,-88.76,-0.253,25
1790510507.6,0.1156,-5.1386,-88.72,0.534,25
1790510507.7,0.1164,-5.1741,-88.72,-0.384,24
1790510507.8,0.1173,-5.2098,-88.73,0.306,26
1790510507.9,0.1180,-5.2409,-88.69,-0.044,23
1790510508.0,0.1185,-5.2762,-88.71,0.400,23
1790510508.1,0.1194,-5.3052,-88.67,0.028,25
1790510508.2,0.1203,-5.3438,-88.68,0.200,24
1790510508.3,0.1211,-5.3738,-88.63,0.200,26
1790510508.4,0.1217,-5.4068,-88.66,-0.014,25
1790510508.5,0.1228,-5.4444,-88.61,0.310,25
1790510508.6,0.1232,-5.4628,-88.62,-0.029,27
1790510508.7,0.1244,-5.5050,-88.57,0.281,25
1790510508.8,0.1251,-5.5393,-88.60,-0.102,25
1790510508.9,0.1259,-5.5716,-88.54,0.464,26
1790510509.0,0.1268,-5.6010,-88.57,-0.183,28
1790510509.1,0.1276,-5.6374,-88.53,0.395,25
1790510509.2,0.1283,-5.6685,-88.56,-0.308,24
1790510509.3,0.1294,-5.7037,-88.51,0.595,25
1790510509.4,0.1301,-5.7368,-88.54,-0.366,27
1790510509.5,0.1312,-5.7733,-88.50,0.645,25
1790510509.6,0.1318,-5.7981,-88.51,-0.198,24
1790510509.7,0.1328,-5.8331,-88.49,0.386,23
1790510509.8,0.1338,-5.8697,-88.49,-0.286,25
1790510509.9,0.1344,-5.8913,-88.47,0.245,25
1790510510.0,0.1352,-5.9191,-88.44,-0.122,25
1790510510.1,0.1361,-5.9543,-88.47,0.168,26
1790510510.2,0.1371,-5.9923,-88.43,0.036,21
1790510510.3,0.1379,-6.0234,-88.44,0.116,29
1790510510.4,0.1391,-6.0566,-88.37,0.173,26
1790510510.5,0.1396,-6.0866,-88.41,-0.002,24
1790510510.6,0.1407,-6.1184,-88.37,0.159,26
1790510510.7,0.1419,-6.1582,-88.40,-0.295,26
1790510510.8,0.1428,-6.1923,-88.36,0.401,26
1790510510.9,0.1437,-6.2232,-88.37,-0.189,26
1790510511.0,0.1446,-6.2516,-88.32,0.550,26
1790510511.1,0.1457,-6.2910,-88.35,-0.233,27
1790510511.2,0.1466,-6.3212,-88.31,0.460,24
1790510511.3,0.1472,-6.3410,-88.30,-0.098,24
1790510511.4,0.1487,-6.3895,-88.30,0.452,26
1790510511.5,0.1495,-6.4160,-88.27,-0.114,25
1790510511.6,0.1504,-6.4451,-88.28,0.322,24
1790510511.7,0.1514,-6.4768,-88.25,-0.012,25
1790510511.8,0.1526,-6.5192,-88.26,0.169,25
1790510511.9,0.1535,-6.5482,-88.21,0.243,26
1790510512.0,0.1545,-6.5774,-88.22,0.026,25
1790510512.1,0.1556,-6.6110,-88.18,0.427,26
1790510512.2,0.1570,-6.6501,-88.18,0.025,26
1790510512.3,0.1580,-6.6803,-88.14,0.315,25
1790510512.4,0.1593,-6.7214,-88.17,-0.073,27
1790510512.5,0.1603,-6.7468,-88.12,0.390,24
1790510512.6,0.1613,-6.7858,-88.14,-0.160,28
1790510512.7,0.1621,-6.8112,-88.11,0.507,24
1790510512.8,0.1632,-6.8478,-88.14,-0.271,26
1790510512.9,0.1645,-6.8839,-88.09,0.570,25
1790510513.0,0.1655,-6.9123,-88.10,-0.275,27
1790510513.1,0.1665,-6.9489,-88.06,0.449,25
1790510513.2,0.1676,-6.9786,-88.06,-0.112,24
1790510513.3,0.1687,-7.0112,-88.02,0.637,27
1790510513.4,0.1702,-7.0504,-88.01,-0.214,24
1790510513.5,0.1713,-7.0812,-87.96,0.678,27
1790510513.6,0.1727,-7.1184,-88.01,-0.623,26
1790510513.7,0.1741,-7.1527,-87.98,0.287,25
1790510513.8,0.1751,-7.1872,-87.99,-0.252,25
1790510513.9,0.1757,-7.2021,-87.99,0.313,24
1790510514.0,0.1778,-7.2602,-87.96,-0.062,26
1790510514.1,0.1787,-7.2876,-87.98,0.128,24
1790510514.2,0.1802,-7.3201,-87.89,0.258,25
1790510514.3,0.1810,-7.3450,-87.93,0.008,27
1790510514.4,0.1823,-7.3813,-87.87,0.290,25
1790510514.5,0.1837,-7.4249,-87.91,-0.076,26
1790510514.6,0.1846,-7.4450,-87.86,0.441,25
1790510514.7,0.1859,-7.4839,-87.90,-0.161,24
1790510514.8,0.1870,-7.5164,-87.85,0.538,26
1790510514.9,0.1883,-7.5477,-87.88,-0.310,25
1790510515.0,0.1886,-7.5513,-87.85,0.384,24
1790510515.1,0.1899,-7.5992,-87.85,-0.175,27
1790510515.2,0.1915,-7.6296,-87.82,0.367,23
1790510515.3,0.1927,-7.6615,-87.82,-0.230,24
1790510515.4,0.1935,-7.6931,-87.84,0.365,24
1790510515.5,0.1960,-7.7253,-87.76,-0.032,24
1790510515.6,0.1969,-7.7649,-87.78,0.337,26
1790510515.7,0.1976,-7.8024,-87.76,0.009,26
1790510515.8,0.1987,-7.8074,-87.77,0.171,25
1790510515.9,0.2005,-7.8659,-87.74,0.131,26
1790510516.0,0.2016,-7.8927,-87.76,0.092,25
1790510516.1,0.2028,-7.9284,-87.72,0.178,25
1790510516.2,0.2044,-7.9601,-87.72,0.049,26
1790510516.3,0.2062,-7.9990,-87.67,0.343,23
1790510516.4,0.2069,-8.0263,-87.71,-0.028,25
1790510516.5,0.2086,-8.0652,-87.67,0.181,26
1790510516.6,0.2101,-8.0999,-87.71,-0.305,27
1790510516.7,0.2113,-8.1336,-87.67,0.446,25
1790510516.8,0.2121,-8.1517,-87.68,-0.183,27
1790510516.9,0.2141,-8.1989,-87.66,0.522,27
1790510517.0,0.2152,-8.2318,-87.68,-0.214,24
1790510517.1,0.2166,-8.2622,-87.64,0.419,27
1790510517.2,0.2187,-8.3024,-87.61,-0.028,23
1790510517.3,0.2200,-8.3354,-87.61,0.172,26
1790510517.4,0.2213,-8.3686,-87.58,0.190,25
1790510517.5,0.2230,-8.4043,-87.59,0.146,27
1790510517.6,0.2245,-8.4422,-87.56,0.264,22
1790510517.7,0.2258,-8.4684,-87.55,-0.024,26
1790510517.8,0.2271,-8.5044,-87.53,0.367,24
1790510517.9,0.2289,-8.5415,-87.54,-0.023,25
1790510518.0,0.2304,-8.5771,-87.49,0.433,22
1790510518.1,0.2319,-8.6139,-87.52,-0.119,26
1790510518.2,0.2329,-8.6395,-87.49,0.410,25
1790510518.3,0.2347,-8.6772,-87.51,-0.161,26
1790510518.4,0.2364,-8.7125,-87.46,0.342,26
1790510518.5,0.2374,-8.7393,-87.51,-0.165,25
1790510518.6,0.2392,-8.7792,-87.46,0.351,25
1790510518.7,0.2404,-8.8083,-87.48,-0.284,25
1790510518.8,0.2423,-8.8455,-87.41,0.514,26
1790510518.9,0.2436,-8.8760,-87.42,-0.338,25
1790510519.0,0.2454,-8.9144,-87.38,0.435,26
1790510519.1,0.2466,-8.9442,-87.40,-0.159,24
1790510519.2,0.2484,-8.9785,-87.35,0.606,24
1790510519.3,0.2501,-9.0136,-87.35,-0.298,25
1790510519.4,0.2515,-9.0436,-87.30,0.731,26
1790510519.5,0.2524,-9.0622,-87.29,-0.731,27
1790510519.6,0.2543,-9.1060,-87.35,0.355,25
1790510519.7,0.2556,-9.1357,-87.33,-0.088,25
1790510519.8,0.2573,-9.1742,-87.36,0.157,26
1790510519.9,0.2589,-9.2102,-87.31,0.090,27
1790510520.0,0.2605,-9.2388,-87.33,-0.227,26
1790510520.1,0.2618,-9.2722,-87.30,0.327,26
1790510520.2,0.2636,-9.3002,-87.34,-0.765,25
1790510520.3,0.2657,-9.3403,-87.29,-0.030,24
1790510520.4,0.2668,-9.3668,-87.36,-0.628,25
1790510520.5,0.2684,-9.4022,-87.47,-1.730,26
1790510520.6,0.2697,-9.4386,-87.80,-3.169,26
1790510520.7,0.2710,-9.4771,-88.17,-4.027,26
1790510520.8,0.2706,-9.5125,-88.69,-4.745,25
1790510520.9,0.2710,-9.5302,-88.88,-0.493,25
1790510521.0,0.2710,-9.5804,-88.96,-0.573,26
1790510521.1,0.2711,-9.6142,-88.90,-0.120,25
1790510521.2,0.2719,-9.6464,-88.89,-0.204,26
1790510521.3,0.2728,-9.6816,-88.84,0.330,26
1790510521.4,0.2732,-9.7122,-88.87,-0.144,24
1790510521.5,0.2739,-9.7388,-88.84,0.388,27
1790510521.6,0.2746,-9.7792,-88.87,-0.419,23
1790510521.7,0.2752,-9.8066,-88.88,0.075,25
1790510521.8,0.2759,-9.8430,-88.89,-0.232,24
1790510521.9,0.2766,-9.8764,-88.90,-0.092,27
1790510522.0,0.2772,-9.9072,-88.91,-0.163,24
1790510522.1,0.2778,-9.9428,-88.90,0.053,23
1790510522.2,0.2784,-9.9789,-88.90,0.040,24
1790510522.3,0.2788,-9.9975,-88.88,0.234,23
1790510522.4,0.2796,-10.0419,-88.87,-0.063,24
1790510522.5,0.2805,-10.0744,-88.85,0.209,25
1790510522.6,0.2813,-10.1062,-88.85,-0.156,28
1790510522.7,0.2819,-10.1373,-88.85,0.127,26
1790510522.8,0.2824,-10.1703,-88.84,0.218,24
1790510522.9,0.2829,-10.1977,-88.84,0.135,27
1790510523.0,0.2838,-10.2340,-88.82,0.008,26
1790510523.1,0.2845,-10.2668,-88.80,0.155,24
1790510523.2,0.2856,-10.3036,-88.77,0.142,24
1790510523.3,0.2861,-10.3332,-88.78,0.006,24
1790510523.4,0.2870,-10.3697,-88.76,0.172,25
1790510523.5,0.2875,-10.3991,-88.75,0.062,26
1790510523.6,0.2882,-10.4208,-88.74,0.284,28
1790510523.7,0.2893,-10.4663,-88.71,0.084,24
1790510523.8,0.2900,-10.4949,-88.70,0.087,27
1790510523.9,0.2909,-10.5322,-88.69,0.184,25
1790510524.0,0.2916,-10.5655,-88.68,0.021,26
1790510524.1,0.2923,-10.5974,-88.67,0.289,26
1790510524.2,0.2930,-10.6271,-88.68,-0.073,26
1790510524.3,0.2937,-10.6583,-88.67,0.144,28
1790510524.4,0.2944,-10.6958,-88.67,0.155,24
1790510524.5,0.2957,-10.7362,-88.65,0.094,25
1790510524.6,0.2962,-10.7634,-88.64,0.143,25
1790510524.7,0.2971,-10.7978,-88.60,0.128,25
1790510524.8,0.2979,-10.8285,-88.60,0.095,27
1790510524.9,0.2989,-10.8649,-88.57,0.224,26
1790510525.0,0.2994,-10.8855,-88.58,-0.004,24
1790510525.1,0.3005,-10.9298,-88.56,0.256,25
1790510525.2,0.3013,-10.9635,-88.55,0.097,27
1790510525.3,0.3022,-10.9968,-88.55,0.138,24
1790510525.4,0.3031,-11.0301,-88.52,0.068,24
1790510525.5,0.3039,-11.0610,-88.52,-0.011,27
1790510525.6,0.3051,-11.1025,-88.51,-0.070,26
1790510525.7,0.3059,-11.1356,-88.52,0.028,26
1790510525.8,0.3067,-11.1676,-88.50,0.077,25
1790510525.9,0.3078,-11.2051,-88.50,0.065,26
1790510526.0,0.3088,-11.2395,-88.47,0.225,26
1790510526.1,0.3097,-11.2746,-88.47,0.074,26
1790510526.2,0.3107,-11.3106,-88.45,0.308,24
1790510526.3,0.3115,-11.3412,-88.48,-0.496,26
1790510526.4,0.3120,-11.3584,-88.52,-0.473,26
1790510526.5,0.3132,-11.4065,-88.72,-2.444,27
1790510526.6,0.3135,-11.4310,-88.97,-2.282,25
1790510526.7,0.3140,-11.4616,-89.15,-2.165,28
1790510526.8,0.3144,-11.5086,-89.39,-1.534,28
1790510526.9,0.3143,-11.5364,-89.40,-0.307,24
1790510527.0,0.3146,-11.5681,-89.42,-0.144,23
1790510527.1,0.3149,-11.5959,-89.40,0.182,25
1790510527.2,0.3152,-11.6296,-89.46,-0.368,24
1790510527.3,0.3155,-11.6584,-89.45,-0.031,27
1790510527.4,0.3157,-11.6881,-89.46,-0.191,26
1790510527.5,0.3161,-11.7265,-89.47,-0.139,23
1790510527.6,0.3164,-11.7583,-89.44,0.375,23
1790510527.7,0.3169,-11.7874,-89.45,-0.033,26
1790510527.8,0.3172,-11.8226,-89.43,0.157,25
1790510527.9,0.3175,-11.8531,-89.44,0.033,23
1790510528.0,0.3178,-11.8829,-89.45,0.179,27
1790510528.1,0.3180,-11.9138,-89.46,-0.462,25
1790510528.2,0.3183,-11.9436,-89.44,0.155,24
1790510528.3,0.3187,-11.9750,-89.41,0.051,26
1790510528.4,0.3191,-12.0094,-89.44,0.079,24
1790510528.5,0.3193,-12.0380,-89.41,0.388,22
1790510528.6,0.3197,-12.0711,-89.43,-0.386,28
1790510528.7,0.3200,-12.0986,-89.42,0.344,27
1790510528.8,0.3204,-12.1363,-89.42,-0.405,25
1790510528.9,0.3208,-12.1690,-89.46,-0.139,26
1790510529.0,0.3211,-12.2014,-89.42,0.068,24
1790510529.1,0.3212,-12.2143,-89.42,0.152,23
1790510529.2,0.3216,-12.2509,-89.36,0.427,27
1790510529.3,0.3219,-12.2830,-89.40,-0.039,24
1790510529.4,0.3222,-12.3116,-89.39,0.456,25
1790510529.5,0.3226,-12.3489,-89.39,-0.242,26
1790510529.6,0.3228,-12.3711,-89.38,0.295,27
1790510529.7,0.3232,-12.4144,-89.37,-0.189,24
1790510529.8,0.3237,-12.4489,-89.33,0.183,25
1790510529.9,0.3242,-12.4856,-89.30,0.084,27
1790510530.0,0.3245,-12.5180,-89.30,0.132,26
1790510530.1,0.3249,-12.5494,-89.27,0.413,25
1790510530.2,0.3254,-12.5869,-89.26,0.086,25
1790510530.3,0.3259,-12.6194,-89.22,0.423,24
1790510530.4,0.3265,-12.6569,-89.22,-0.087,25
1790510530.5,0.3267,-12.6743,-89.23,0.362,24
1790510530.6,0.3274,-12.7217,-89.21,-0.115,25
1790510530.7,0.3280,-12.7569,-89.19,0.314,24
1790510530.8,0.3284,-12.7861,-89.17,-0.118,25
1790510530.9,0.3288,-12.8187,-89.17,0.221,26
1790510531.0,0.3297,-12.8582,-89.12,-0.154,26
1790510531.1,0.3302,-12.8872,-89.12,0.174,26
1790510531.2,0.3306,-12.9199,-89.10,-0.081,24
1790510531.3,0.3312,-12.9541,-89.09,0.296,25
1790510531.4,0.3317,-12.9878,-89.06,0.105,25
1790510531.5,0.3322,-13.0188,-89.07,0.114,27
1790510531.6,0.3326,-13.0498,-89.05,0.444,24
1790510531.7,0.3331,-13.0807,-89.08,-0.096,25
1790510531.8,0.3336,-13.1069,-89.09,0.289,26
1790510531.9,0.3346,-13.1577,-89.06,-0.270,24
1790510532.0,0.3350,-13.1839,-89.03,0.382,24
1790510532.1,0.3353,-13.2053,-89.06,-0.153,24
1790510532.2,0.3363,-13.2491,-88.99,0.253,25
1790510532.3,0.3370,-13.2825,-88.97,-0.105,25
1790510532.4,0.3375,-13.3140,-88.96,0.290,26
1790510532.5,0.3380,-13.3405,-88.92,0.076,27
1790510532.6,0.3387,-13.3785,-88.93,0.086,22
1790510532.7,0.3394,-13.4158,-88.89,0.284,25
1790510532.8,0.3403,-13.4425,-88.88,0.002,25
1790510532.9,0.3407,-13.4707,-88.83,0.704,24
1790510533.0,0.3414,-13.5048,-88.86,-0.302,26
1790510533.1,0.3422,-13.5430,-88.84,0.511,26
1790510533.2,0.3426,-13.5711,-88.85,-0.022,24
1790510533.3,0.3430,-13.5921,-88.85,0.251,26
1790510533.4,0.3448,-13.6456,-88.82,-0.240,25
1790510533.5,0.3456,-13.6786,-88.80,0.050,27
1790510533.6,0.3459,-13.7013,-88.77,0.017,26
1790510533.7,0.3464,-13.7298,-88.80,0.266,26
1790510533.8,0.3482,-13.7691,-88.70,0.217,26
1790510533.9,0.3483,-13.7935,-88.76,-0.080,24
1790510534.0,0.3492,-13.8267,-88.71,0.503,26
1790510534.1,0.3499,-13.8571,-88.74,0.008,23
1790510534.2,0.3517,-13.9006,-88.69,0.555,26
1790510534.3,0.3522,-13.9275,-88.71,-0.401,25
1790510534.4,0.3529,-13.9656,-88.68,0.308,24
1790510534.5,0.3537,-13.9937,-88.67,-0.089,24
1790510534.6,0.3543,-14.0360,-88.67,0.301,25
1790510534.7,0.3547,-14.0545,-88.68,-0.066,25
1790510534.8,0.3563,-14.1012,-88.65,0.281,24
1790510534.9,0.3576,-14.1389,-88.58,-0.234,25
1790510535.0,0.3577,-14.1664,-88.64,-0.099,26
1790510535.1,0.3580,-14.1946,-88.62,0.511,27
1790510535.2,0.3588,-14.2308,-88.67,-0.193,24
1790510535.3,0.3591,-14.2568,-88.65,0.515,24
1790510535.4,0.3606,-14.2907,-88.62,-0.230,26
1790510535.5,0.3619,-14.3285,-88.57,0.470,26
1790510535.6,0.3627,-14.3614,-88.56,-0.315,24
1790510535.7,0.3629,-14.4004,-88.62,0.232,26
1790510535.8,0.3637,-14.4349,-88.59,0.009,26
1790510535.9,0.3643,-14.4763,-88.63,0.065,26
1790510536.0,0.3648,-14.4952,-88.57,0.411,27
1790510536.1,0.3659,-14.5394,-88.57,-0.086,23
1790510536.2,0.3667,-14.5737,-88.52,0.638,24
1790510536.3,0.3677,-14.6098,-88.55,-0.242,26
1790510536.4,0.3685,-14.6420,-88.51,0.586,26
1790510536.5,0.3694,-14.6765,-88.54,-0.308,26
1790510536.6,0.3702,-14.7094,-88.53,0.227,26
1790510536.7,0.3709,-14.7349,-88.51,-0.959,23
1790510536.8,0.3716,-14.7655,-88.55,0.244,26
1790510536.9,0.3722,-14.7868,-88.52,0.153,24
1790510537.0,0.3722,-14.7865,-88.53,0.160,26
1790510537.1,0.3722,-14.7878,-88.53,0.038,25
1790510537.2,0.3722,-14.7873,-88.53,-0.030,25
1790510537.3,0.3722,-14.7869,-88.53,0.020,25
1790510537.4,0.3722,-14.7862,-88.53,0.031,26
1790510537.5,0.3722,-14.7872,-88.53,-0.011,26
1790510537.6,0.3722,-14.7872,-88.53,0.010,24
1790510537.7,0.3722,-14.7868,-88.53,-0.024,26
1790510537.8,0.3722,-14.7871,-88.53,0.010,26
1790510537.9,0.3722,-14.7871,-88.53,0.000,26
1790510538.0,0.3722,-14.7871,-88.53,0.006,27
1790510538.1,0.3722,-14.7871,-88.53,-0.011,23
1790510538.2,0.3722,-14.7871,-88.54,-0.019,26
1790510538.3,0.3722,-14.7871,-88.54,0.009,22
1790510538.4,0.3722,-14.7870,-88.53,0.021,26
1790510538.5,0.3722,-14.7870,-88.53,0.004,25
1790510538.6,0.3722,-14.7870,-88.53,0.007,27
1790510538.7,0.3722,-14.7870,-88.53,-0.014,25
1790510538.8,0.3722,-14.7869,-88.53,0.001,27
1790510538.9,0.3722,-14.7870,-88.53,0.013,23
1790510539.0,0.3722,-14.7870,-88.53,-0.033,25
1790510539.1,0.3722,-14.7870,-88.53,-0.022,27
1790510539.2,0.3722,-14.7870,-88.54,-0.021,26
1790510539.3,0.3722,-14.7870,-88.54,-0.079,24
1790510539.4,0.3722,-14.7870,-88.54,-0.025,25
1790510539.5,0.3722,-14.7870,-88.54,-0.015,24
1790510539.6,0.3722,-14.7870,-88.54,0.016,25
1790510539.7,0.3722,-14.7870,-88.54,-0.019,24
1790510539.8,0.3722,-14.7870,-88.54,-0.054,25
1790510539.9,0.3722,-14.7869,-88.54,0.036,22
1790510540.0,0.3722,-14.7869,-88.54,-0.009,26
1790510540.1,0.3722,-14.7869,-88.54,0.036,25
1790510540.2,0.3722,-14.7869,-88.54,-0.007,27
1790510540.3,0.3722,-14.7869,-88.55,-0.006,25
1790510540.4,0.3722,-14.7869,-88.54,0.012,24
1790510540.5,0.3722,-14.7869,-88.54,0.007,27
1790510540.6,0.3722,-14.7869,-88.55,-0.023,26
1790510540.7,0.3722,-14.7869,-88.54,-0.004,24
1790510540.8,0.3722,-14.7869,-88.54,0.006,26
1790510540.9,0.3722,-14.7869,-88.55,-0.022,23
1790510541.0,0.3722,-14.7869,-88.55,-0.030,25
1790510541.1,0.3722,-14.7869,-88.54,0.033,26
1790510541.2,0.3722,-14.7869,-88.54,0.006,25
1790510541.3,0.3722,-14.7869,-88.54,-0.035,24
1790510541.4,0.3722,-14.7869,-88.54,-0.000,24
1790510541.5,0.3722,-14.7869,-88.55,-0.002,24
1790510541.6,0.3722,-14.7869,-88.55,0.006,25
1790510541.7,0.3722,-14.7869,-88.55,-0.022,25
1790510541.8,0.3722,-14.7869,-88.55,0.001,23
1790510541.9,0.3722,-14.7869,-88.55,0.022,27
1790510542.0,0.3722,-14.7869,-88.54,0.025,24
1790510542.1,0.3722,-14.7869,-88.55,-0.030,23
1790510542.2,0.3722,-14.7869,-88.55,0.016,26
1790510542.3,0.3722,-14.7869,-88.55,-0.009,25
1790510542.4,0.3722,-14.7869,-88.55,0.042,25
1790510542.5,0.3722,-14.7869,-88.55,0.018,27
1790510542.6,0.3722,-14.7869,-88.55,0.012,27
1790510542.7,0.3722,-14.7869,-88.55,-0.025,26
1790510542.8,0.3722,-14.7869,-88.55,-0.062,28
1790510542.9,0.3722,-14.7869,-88.55,0.021,25
1790510543.0,0.3722,-14.7869,-88.55,0.040,26
1790510543.1,0.3722,-14.7869,-88.54,0.060,25
1790510543.2,0.3722,-14.7868,-88.51,0.476,26
1790510543.3,0.3722,-14.7870,-88.43,2.443,27
1790510543.4,0.3722,-14.7872,-87.98,4.116,23
1790510543.5,0.3722,-14.7872,-87.47,8.962,26
1790510543.6,0.3721,-14.7863,-86.12,14.723,25
1790510543.7,0.3722,-14.7868,-84.34,14.802,25
1790510543.8,0.3723,-14.7876,-82.79,14.689,24
1790510543.9,0.3723,-14.7880,-81.42,14.771,25
1790510544.0,0.3722,-14.7873,-79.91,15.994,19
1790510544.1,0.3721,-14.7867,-78.05,17.039,25
1790510544.2,0.3721,-14.7867,-76.44,17.367,24
1790510544.3,0.3721,-14.7866,-74.62,17.122,27
1790510544.4,0.3723,-14.7874,-72.81,17.265,27
1790510544.5,0.3723,-14.7875,-71.13,17.261,26
1790510544.6,0.3718,-14.7864,-69.34,17.098,24
1790510544.7,0.3716,-14.7857,-68.46,17.265,24
1790510544.8,0.3746,-14.7915,-66.10,16.927,23
1790510544.9,0.3711,-14.7857,-64.42,17.055,24
1790510545.0,0.3713,-14.7860,-62.71,17.157,26
1790510545.1,0.3782,-14.7955,-60.97,16.971,26
1790510545.2,0.3761,-14.7926,-59.34,17.200,26
1790510545.3,0.3802,-14.7983,-57.66,16.883,24
1790510545.4,0.3836,-14.8024,-56.19,16.953,26
1790510545.5,0.3879,-14.8075,-54.09,16.760,24
1790510545.6,0.3893,-14.8090,-52.49,16.725,25
1790510545.7,0.3963,-14.8157,-50.77,17.206,24
1790510545.8,0.3966,-14.8161,-49.08,16.975,26
1790510545.9,0.4003,-14.8190,-47.24,17.010,26
1790510546.0,0.4008,-14.8194,-45.70,16.917,24
1790510546.1,0.4033,-14.8217,-44.11,16.743,26
1790510546.2,0.4035,-14.8218,-42.13,17.258,24
1790510546.3,0.4060,-14.8235,-40.69,16.996,26
1790510546.4,0.4050,-14.8227,-38.98,17.218,25
1790510546.5,0.4116,-14.8268,-37.14,17.980,25
1790510546.6,0.4123,-14.8274,-35.21,18.057,26
1790510546.7,0.4136,-14.8280,-33.50,18.254,25
1790510546.8,0.4122,-14.8273,-31.90,17.843,25
1790510546.9,0.4189,-14.8305,-29.81,17.850,25
1790510547.0,0.4205,-14.8312,-28.05,17.776,27
1790510547.1,0.4222,-14.8320,-26.29,17.899,26
1790510547.2,0.4241,-14.8327,-24.45,17.515,27
1790510547.3,0.4278,-14.8337,-22.82,17.533,25
1790510547.4,0.4250,-14.8329,-21.07,17.588,25
1790510547.5,0.4277,-14.8335,-19.27,17.316,26
1790510547.6,0.4277,-14.8335,-17.42,17.729,23
1790510547.7,0.4276,-14.8335,-15.69,17.374,27
1790510547.8,0.4281,-14.8336,-13.87,17.698,25
1790510547.9,0.4298,-14.8338,-12.10,17.335,24
1790510548.0,0.4304,-14.8339,-10.52,17.486,23
1790510548.1,0.4325,-14.8341,-9.25,17.388,25
1790510548.2,0.4324,-14.8340,-7.07,17.398,26
1790510548.3,0.4330,-14.8340,-5.33,17.439,23
1790510548.4,0.4370,-14.8341,-3.64,17.157,24
1790510548.5,0.4374,-14.8341,-1.90,17.614,26
1790510548.6,0.4386,-14.8339,-0.19,17.147,24
1790510548.7,0.4388,-14.8338,1.33,4.379,25
1790510548.8,0.4448,-14.8331,0.87,-0.805,25
1790510548.9,0.4459,-14.8330,0.85,-0.084,24
1790510549.0,0.4469,-14.8331,0.87,-0.073,25
1790510549.1,0.4463,-14.8331,0.87,0.014,27
1790510549.2,0.4473,-14.8331,0.86,0.045,19
1790510549.3,0.4472,-14.8331,0.86,-0.039,24
1790510549.4,0.4467,-14.8331,0.86,0.065,25
1790510549.5,0.4462,-14.8331,0.87,0.050,24
1790510549.6,0.4468,-14.8331,0.87,0.064,25
1790510549.7,0.4467,-14.8331,0.87,-0.053,25
1790510549.8,0.4473,-14.8331,0.87,0.021,26
1790510549.9,0.4472,-14.8331,0.87,0.011,25
1790510550.0,0.4470,-14.8331,0.86,-0.027,24
1790510550.1,0.4470,-14.8331,0.86,0.015,28
1790510550.2,0.4468,-14.8331,0.87,-0.035,28
1790510550.3,0.4477,-14.8331,0.87,0.011,26
1790510550.4,0.4478,-14.8331,0.86,-0.032,26
1790510550.5,0.4479,-14.8331,0.86,0.034,25
1790510550.6,0.4474,-14.8331,0.86,0.013,26
1790510550.7,0.4480,-14.8331,0.87,0.025,23
1790510550.8,0.4482,-14.8331,0.86,-0.018,24
1790510550.9,0.4477,-14.8331,0.86,0.008,28
1790510551.0,0.4479,-14.8331,0.86,0.001,26
1790510551.1,0.4481,-14.8331,0.85,-0.027,26
1790510551.2,0.4483,-14.8331,0.86,0.013,25
1790510551.3,0.4481,-14.8331,0.86,-0.034,25
1790510551.4,0.4487,-14.8331,0.86,0.001,25
1790510551.5,0.4485,-14.8331,0.85,-0.027,31
1790510551.6,0.4487,-14.8331,0.85,0.035,25
1790510551.7,0.4484,-14.8331,0.85,0.007,27
1790510551.8,0.4492,-14.8331,0.85,0.011,24
1790510551.9,0.4497,-14.8330,0.85,0.021,25
1790510552.0,0.4497,-14.8330,0.85,0.026,23
1790510552.1,0.4492,-14.8331,0.85,-0.035,25
1790510552.2,0.4492,-14.8331,0.85,-0.015,25
1790510552.3,0.4497,-14.8330,0.85,-0.000,25
1790510552.4,0.4498,-14.8330,0.84,0.023,26
1790510552.5,0.4491,-14.8331,0.84,-0.038,25
1790510552.6,0.4500,-14.8330,0.84,-0.007,26
1790510552.7,0.4505,-14.8330,0.84,0.036,26
1790510552.8,0.4507,-14.8330,0.83,-0.007,25
1790510552.9,0.4512,-14.8330,0.96,1.773,27
1790510553.0,0.4579,-14.8329,0.95,-0.100,25
1790510553.1,0.4756,-14.8327,0.89,-0.082,24
1790510553.2,0.5008,-14.8323,0.93,-0.293,27
1790510553.3,0.5321,-14.8318,0.98,0.274,27
1790510553.4,0.5608,-14.8313,1.04,0.669,27
1790510553.5,0.5875,-14.8307,1.01,-0.031,25
1790510553.6,0.6114,-14.8302,1.05,0.197,26
1790510553.7,0.6357,-14.8298,1.11,0.613,25
1790510553.8,0.6649,-14.8292,1.10,-0.020,24
1790510553.9,0.6893,-14.8287,1.11,0.195,25
1790510554.0,0.7192,-14.8282,1.15,0.166,26
1790510554.1,0.7457,-14.8276,1.17,0.292,26
1790510554.2,0.7731,-14.8270,1.18,0.341,24
1790510554.3,0.7866,-14.8268,1.21,-0.137,25
1790510554.4,0.8145,-14.8262,1.25,0.473,26
1790510554.5,0.8493,-14.8254,1.28,0.565,25
1790510554.6,0.8766,-14.8248,1.23,-0.152,26
1790510554.7,0.9039,-14.8241,1.27,0.047,23
1790510554.8,0.9308,-14.8236,1.33,0.188,22
1790510554.9,0.9567,-14.8230,1.31,0.519,26
1790510555.0,0.9829,-14.8223,1.31,0.173,27
1790510555.1,1.0103,-14.8217,1.34,-0.441,24
1790510555.2,1.0394,-14.8210,1.39,0.583,28
1790510555.3,1.0700,-14.8203,1.41,0.458,25
1790510555.4,1.0965,-14.8196,1.40,0.219,25
1790510555.5,1.1258,-14.8189,1.42,0.118,23
1790510555.6,1.1543,-14.8181,1.46,-0.010,27
1790510555.7,1.1841,-14.8174,1.47,0.271,25
1790510555.8,1.2117,-14.8166,1.51,0.348,24
1790510555.9,1.2419,-14.8158,1.47,-0.125,24
1790510556.0,1.2705,-14.8151,1.48,0.229,28
1790510556.1,1.3005,-14.8143,1.52,0.188,25
1790510556.2,1.3312,-14.8135,1.50,-0.222,27
1790510556.3,1.3626,-14.8126,1.56,0.740,24
1790510556.4,1.3874,-14.8119,1.56,0.027,27
1790510556.5,1.4045,-14.8114,1.55,0.107,25
1790510556.6,1.4455,-14.8102,1.63,0.703,26
1790510556.7,1.4660,-14.8097,1.62,-0.374,24
1790510556.8,1.5021,-14.8086,1.62,0.424,26
1790510556.9,1.5315,-14.8078,1.68,0.111,26
1790510557.0,1.5588,-14.8070,1.65,0.183,24
1790510557.1,1.5875,-14.8060,1.69,0.326,27
1790510557.2,1.6153,-14.8053,1.64,-0.152,26
1790510557.3,1.6423,-14.8045,1.66,0.400,24
1790510557.4,1.6732,-14.8036,1.68,-0.322,25
1790510557.5,1.7021,-14.8028,1.69,0.123,26
1790510557.6,1.7305,-14.8019,1.74,0.417,24
1790510557.7,1.7558,-14.8012,1.66,-0.209,25
1790510557.8,1.7725,-14.8007,1.68,0.415,25
1790510557.9,1.8159,-14.7995,1.70,-0.291,23
1790510558.0,1.8487,-14.7985,1.70,0.237,25
1790510558.1,1.8777,-14.7975,1.77,0.583,26
1790510558.2,1.9087,-14.7967,1.73,-0.200,23
1790510558.3,1.9380,-14.7956,1.77,0.339,24
1790510558.4,1.9688,-14.7948,1.75,-0.444,26
1790510558.5,1.9932,-14.7940,1.83,0.536,24
1790510558.6,2.0251,-14.7930,1.85,0.332,25
1790510558.7,2.0558,-14.7921,1.85,0.293,27
1790510558.8,2.0832,-14.7910,1.86,0.047,25
1790510558.9,2.1129,-14.7901,1.82,-0.382,26
1790510559.0,2.1412,-14.7891,1.87,0.270,26
1790510559.1,2.1688,-14.7883,1.91,0.200,25
1790510559.2,2.2000,-14.7872,1.90,0.352,23
1790510559.3,2.2310,-14.7861,1.92,0.452,24
1790510559.4,2.2584,-14.7852,1.91,-0.255,25
1790510559.5,2.2922,-14.7840,1.96,0.281,26
1790510559.6,2.3212,-14.7830,2.00,-0.132,25
1790510559.7,2.3540,-14.7819,2.00,0.599,25
1790510559.8,2.3880,-14.7806,2.02,0.106,23
1790510559.9,2.4222,-14.7793,2.01,0.254,25
1790510560.0,2.4512,-14.7783,2.01,0.146,26
1790510560.1,2.4809,-14.7773,2.00,-0.211,25
1790510560.2,2.5126,-14.7761,2.04,0.217,26
1790510560.3,2.5463,-14.7749,2.04,-0.138,24
1790510560.4,2.5808,-14.7736,2.09,0.503,25
1790510560.5,2.5939,-14.7731,2.07,0.000,24
1790510560.6,2.6362,-14.7716,2.06,0.036,23
1790510560.7,2.6673,-14.7705,2.03,-0.575,24
1790510560.8,2.6881,-14.7697,2.01,-0.581,25
1790510560.9,2.7303,-14.7683,2.07,0.115,24
1790510561.0,2.7642,-14.7672,1.95,-0.946,25
1790510561.1,2.7940,-14.7662,1.80,-1.498,26
1790510561.2,2.8261,-14.7652,1.48,-3.392,26
1790510561.3,2.8569,-14.7648,1.16,-3.609,24
1790510561.4,2.8887,-14.7644,0.71,-5.039,24
1790510561.5,2.9171,-14.7651,0.17,-3.290,25
1790510561.6,2.9431,-14.7655,0.15,-0.867,23
1790510561.7,2.9690,-14.7659,0.12,-0.266,25
1790510561.8,2.9982,-14.7659,0.16,0.133,26
1790510561.9,3.0289,-14.7658,0.14,-0.021,25
1790510562.0,3.0544,-14.7657,0.12,0.112,26
1790510562.1,3.0818,-14.7657,0.12,-0.011,25
1790510562.2,3.1086,-14.7657,0.10,-0.407,27
1790510562.3,3.1391,-14.7656,0.12,0.195,27
1790510562.4,3.1691,-14.7656,0.09,-0.142,25
1790510562.5,3.1985,-14.7655,0.06,-0.311,23
1790510562.6,3.2259,-14.7656,0.04,-0.276,27
1790510562.7,3.2514,-14.7656,0.09,0.186,25
1790510562.8,3.2835,-14.7655,0.09,-0.005,26
1790510562.9,3.3044,-14.7655,0.04,0.028,25
1790510563.0,3.3430,-14.7655,0.09,0.469,26
1790510563.1,3.3735,-14.7655,0.04,-0.512,26
1790510563.2,3.4039,-14.7654,0.07,0.261,27
1790510563.3,3.4305,-14.7654,0.10,0.054,27
1790510563.4,3.4688,-14.7653,0.10,0.123,27
1790510563.5,3.5007,-14.7652,0.15,0.232,25
1790510563.6,3.5321,-14.7651,0.13,-0.007,25
1790510563.7,3.5645,-14.7650,0.16,0.425,26
1790510563.8,3.5941,-14.7652,0.13,-0.071,25
1790510563.9,3.6276,-14.7647,0.16,0.285,24
1790510564.0,3.6626,-14.7654,0.15,-0.132,26
1790510564.1,3.6818,-14.7651,0.15,0.138,25
1790510564.2,3.7193,-14.7645,0.19,0.073,26
1790510564.3,3.7502,-14.7643,0.20,0.203,25
1790510564.4,3.7769,-14.7643,0.25,0.431,23
1790510564.5,3.8138,-14.7642,0.24,-0.022,24
1790510564.6,3.8397,-14.7636,0.26,0.350,28
1790510564.7,3.8851,-14.7635,0.25,-0.285,25
1790510564.8,3.9033,-14.7636,0.23,0.117,26
1790510564.9,3.9314,-14.7632,0.26,-0.175,23
1790510565.0,3.9622,-14.7634,0.29,0.128,27
1790510565.1,4.0006,-14.7632,0.32,0.308,25
1790510565.2,4.0331,-14.7629,0.31,0.128,27
1790510565.3,4.0653,-14.7628,0.32,0.297,26
1790510565.4,4.0989,-14.7626,0.33,-0.027,25
1790510565.5,4.1327,-14.7624,0.34,0.219,27
1790510565.6,4.1575,-14.7622,0.34,-0.138,26
1790510565.7,4.1894,-14.7620,0.34,0.089,24
1790510565.8,4.2203,-14.7618,0.36,-0.022,24
1790510565.9,4.2490,-14.7616,0.37,0.201,26
1790510566.0,4.2828,-14.7614,0.40,0.216,25
1790510566.1,4.3134,-14.7611,0.39,0.047,24
1790510566.2,4.3424,-14.7609,0.42,0.450,23
1790510566.3,4.3775,-14.7608,0.42,-0.117,23
1790510566.4,4.4085,-14.7605,0.42,0.170,26
1790510566.5,4.4412,-14.7602,0.45,0.047,23
1790510566.6,4.4721,-14.7598,0.47,0.111,26
1790510566.7,4.5008,-14.7597,0.52,0.422,25
1790510566.8,4.5328,-14.7593,0.53,0.170,24
1790510566.9,4.5639,-14.7590,0.54,0.425,26
1790510567.0,4.5951,-14.7588,0.49,-0.280,24
1790510567.1,4.6242,-14.7585,0.51,-0.057,26
1790510567.2,4.6561,-14.7581,0.56,0.069,26
1790510567.3,4.6848,-14.7580,0.57,0.103,25
1790510567.4,4.7080,-14.7576,0.59,0.292,25
1790510567.5,4.7521,-14.7572,0.61,0.138,24
1790510567.6,4.7827,-14.7568,0.62,0.424,24
1790510567.7,4.8137,-14.7564,0.62,-0.076,25
1790510567.8,4.8460,-14.7562,0.62,0.109,25
1790510567.9,4.8754,-14.7558,0.63,-0.154,27
1790510568.0,4.9096,-14.7554,0.67,0.140,24
1790510568.1,4.9397,-14.7549,0.70,0.194,25
1790510568.2,4.9701,-14.7547,0.66,0.080,26
1790510568.3,5.0004,-14.7542,0.71,0.455,25
1790510568.4,5.0343,-14.7539,0.70,0.025,23
1790510568.5,5.0662,-14.7534,0.73,0.237,27
1790510568.6,5.0981,-14.7530,0.74,-0.032,25
1790510568.7,5.1280,-14.7525,0.75,0.114,26
1790510568.8,5.1590,-14.7521,0.80,0.093,24
1790510568.9,5.1775,-14.7517,0.78,0.047,26
1790510569.0,5.2205,-14.7511,0.82,0.289,22
1790510569.1,5.2505,-14.7507,0.80,-0.014,26
1790510569.2,5.2818,-14.7502,0.81,0.163,27
1790510569.3,5.3118,-14.7498,0.81,-0.021,26
1790510569.4,5.3415,-14.7493,0.84,0.125,24
1790510569.5,5.3753,-14.7489,0.87,0.026,25
1790510569.6,5.4135,-14.7482,0.88,0.233,24
1790510569.7,5.4463,-14.7476,0.94,0.404,25
1790510569.8,5.4792,-14.7471,0.91,0.088,25
1790510569.9,5.5118,-14.7466,0.96,0.337,25
1790510570.0,5.5484,-14.7459,0.93,-0.125,24
1790510570.1,5.5832,-14.7453,0.96,0.339,26
1790510570.2,5.6179,-14.7448,0.93,-0.190,25
1790510570.3,5.6521,-14.7442,0.96,0.246,26
1790510570.4,5.6855,-14.7436,0.97,-0.195,23
1790510570.5,5.7194,-14.7430,0.98,0.283,26
1790510570.6,5.7522,-14.7424,0.98,-0.146,25
1790510570.7,5.7908,-14.7417,1.01,0.208,27
1790510570.8,5.8212,-14.7412,1.03,0.061,25
1790510570.9,5.8531,-14.7406,1.04,0.263,26
1790510571.0,5.8879,-14.7399,1.07,-0.002,25
1790510571.1,5.9197,-14.7393,1.08,0.152,24
1790510571.2,5.9555,-14.7386,1.10,0.098,24
1790510571.3,5.9890,-14.7380,1.08,0.073,25
1790510571.4,6.0230,-14.7373,1.10,0.358,27
1790510571.5,6.0563,-14.7368,1.09,0.031,27
1790510571.6,6.0884,-14.7361,1.11,0.408,26
1790510571.7,6.1246,-14.7354,1.13,-0.086,26
1790510571.8,6.1575,-14.7347,1.13,0.220,24
1790510571.9,6.1877,-14.7340,1.13,-0.266,27
1790510572.0,6.2213,-14.7333,1.14,0.111,25
1790510572.1,6.2562,-14.7326,1.16,-0.016,24
1790510572.2,6.2921,-14.7318,1.17,0.076,27
1790510572.3,6.3181,-14.7313,1.20,0.112,24
1790510572.4,6.3547,-14.7306,1.19,0.113,24
1790510572.5,6.3861,-14.7299,1.23,0.219,24
1790510572.6,6.4210,-14.7292,1.21,0.044,25
1790510572.7,6.4543,-14.7283,1.27,0.380,25
1790510572.8,6.4881,-14.7276,1.26,-0.040,27
1790510572.9,6.5029,-14.7273,1.24,0.493,25
1790510573.0,6.5520,-14.7262,1.27,-0.121,27
1790510573.1,6.5848,-14.7254,1.28,0.260,24
1790510573.2,6.6196,-14.7246,1.29,-0.068,26
1790510573.3,6.6512,-14.7239,1.30,0.110,26
1790510573.4,6.6844,-14.7231,1.36,-0.023,25
1790510573.5,6.7168,-14.7223,1.34,0.069,26
1790510573.6,6.7502,-14.7216,1.38,0.284,24
1790510573.7,6.7858,-14.7207,1.36,0.104,24
1790510573.8,6.8211,-14.7198,1.39,0.406,28
1790510573.9,6.8492,-14.7191,1.38,-0.077,26
1790510574.0,6.8808,-14.7184,1.42,0.443,25
1790510574.1,6.9219,-14.7173,1.41,-0.228,28
1790510574.2,6.9542,-14.7165,1.43,0.335,25
1790510574.3,6.9914,-14.7155,1.43,-0.349,25
1790510574.4,7.0205,-14.7148,1.45,0.256,26
1790510574.5,7.0599,-14.7138,1.46,0.042,25
1790510574.6,7.0952,-14.7128,1.48,0.183,27
1790510574.7,7.1268,-14.7119,1.51,0.137,27
1790510574.8,7.1606,-14.7111,1.51,0.166,26
1790510574.9,7.1949,-14.7101,1.53,0.010,23
1790510575.0,7.2239,-14.7093,1.54,0.134,26
1790510575.1,7.2613,-14.7083,1.55,0.183,26
1790510575.2,7.2821,-14.7078,1.54,0.216,24
1790510575.3,7.3265,-14.7066,1.59,0.290,27
1790510575.4,7.3610,-14.7056,1.57,-0.060,25
1790510575.5,7.3945,-14.7046,1.61,0.463,24
1790510575.6,7.4315,-14.7036,1.61,-0.102,27
1790510575.7,7.4631,-14.7028,1.63,0.491,24
1790510575.8,7.4976,-14.7017,1.62,-0.192,24
1790510575.9,7.5285,-14.7008,1.63,0.385,25
1790510576.0,7.5625,-14.6997,1.67,-0.101,28
1790510576.1,7.5956,-14.6988,1.67,0.131,25
1790510576.2,7.6327,-14.6977,1.70,0.080,23
1790510576.3,7.6663,-14.6967,1.72,0.208,25
1790510576.4,7.7014,-14.6955,1.75,0.149,25
1790510576.5,7.7346,-14.6946,1.73,0.147,25
1790510576.6,7.7660,-14.6936,1.76,0.467,27
1790510576.7,7.8033,-14.6924,1.78,0.039,26
1790510576.8,7.8368,-14.6914,1.79,0.239,23
1790510576.9,7.8714,-14.6902,1.79,-0.187,24
1790510577.0,7.9055,-14.6891,1.79,0.087,23
1790510577.1,7.9330,-14.6882,1.83,-0.011,27
1790510577.2,7.9686,-14.6871,1.82,0.227,24
1790510577.3,8.0078,-14.6857,1.85,-0.092,26
1790510577.4,8.0391,-14.6848,1.83,0.038,25
1790510577.5,8.0742,-14.6836,1.88,0.367,27
1790510577.6,8.1042,-14.6826,1.90,-0.009,24
1790510577.7,8.1374,-14.6816,1.93,0.511,25
1790510577.8,8.1757,-14.6803,1.91,0.141,22
1790510577.9,8.2101,-14.6791,1.93,0.045,22
1790510578.0,8.2434,-14.6780,1.92,-0.037,26
1790510578.1,8.2804,-14.6767,1.95,0.164,25
1790510578.2,8.3143,-14.6756,1.94,0.092,21
1790510578.3,8.3457,-14.6745,1.98,0.397,25
1790510578.4,8.3835,-14.6731,1.99,-0.094,27
1790510578.5,8.4088,-14.6721,2.00,0.311,25
1790510578.6,8.4515,-14.6707,2.01,-0.144,25
1790510578.7,8.4836,-14.6694,2.04,0.438,26
1790510578.8,8.5193,-14.6682,2.05,-0.108,24
1790510578.9,8.5499,-14.6671,2.08,0.558,26
1790510579.0,8.5874,-14.6657,2.09,-0.047,25
1790510579.1,8.6201,-14.6644,2.10,0.212,25
1790510579.2,8.6535,-14.6632,2.14,-0.011,22
1790510579.3,8.6868,-14.6619,2.16,0.087,23
1790510579.4,8.7224,-14.6605,2.16,0.163,27
1790510579.5,8.7599,-14.6592,2.15,0.053,23
1790510579.6,8.7883,-14.6578,2.21,0.288,24
1790510579.7,8.8205,-14.6567,2.20,0.076,26
1790510579.8,8.8509,-14.6553,2.24,0.305,22
1790510579.9,8.8864,-14.6540,2.23,0.101,27
1790510580.0,8.9170,-14.6529,2.28,0.293,24
1790510580.1,8.9508,-14.6519,2.26,0.067,26
1790510580.2,8.9862,-14.6500,2.30,0.365,22
1790510580.3,9.0201,-14.6489,2.28,-0.177,27
1790510580.4,9.0589,-14.6464,2.32,0.363,26
1790510580.5,9.0865,-14.6461,2.32,-0.017,26
1790510580.6,9.1248,-14.6443,2.35,0.317,25
1790510580.7,9.1612,-14.6427,2.37,-0.037,27
1790510580.8,9.1923,-14.6414,2.36,0.147,27
1790510580.9,9.2289,-14.6399,2.36,-0.195,26
1790510581.0,9.2613,-14.6386,2.35,0.012,25
1790510581.1,9.3000,-14.6369,2.39,0.217,26
1790510581.2,9.3281,-14.6357,2.41,0.216,26
1790510581.3,9.3672,-14.6341,2.46,0.150,26
1790510581.4,9.4027,-14.6325,2.45,0.169,28
1790510581.5,9.4409,-14.6309,2.47,0.122,26
1790510581.6,9.4767,-14.6293,2.47,0.436,27
1790510581.7,9.5202,-14.6273,2.48,-0.160,23
1790510581.8,9.5596,-14.6256,2.53,0.694,24
1790510581.9,9.5996,-14.6237,2.52,-0.170,28
1790510582.0,9.6382,-14.6220,2.58,0.483,26
1790510582.1,9.6770,-14.6201,2.55,-0.177,27
1790510582.2,9.7164,-14.6183,2.71,2.397,26
1790510582.3,9.7556,-14.6163,3.29,7.633,25
1790510582.4,9.7959,-14.6134,5.29,24.347,26
1790510582.5,9.8341,-14.6070,7.67,20.018,26
1790510582.6,9.8699,-14.5986,8.96,8.962,26
1790510582.7,9.9101,-14.5849,9.05,1.309,24
1790510582.8,9.9496,-14.5770,9.10,0.372,25
1790510582.9,9.9883,-14.5714,9.13,0.508,25
1790510583.0,10.0264,-14.5652,9.16,0.257,25
1790510583.1,10.0634,-14.5592,9.22,0.647,25
1790510583.2,10.1069,-14.5519,9.24,0.088,26
1790510583.3,10.1305,-14.5479,9.28,0.729,24
1790510583.4,10.1783,-14.5401,9.29,-0.150,24
1790510583.5,10.2162,-14.5337,9.38,0.848,24
1790510583.6,10.2494,-14.5282,9.39,0.130,21
1790510583.7,10.2873,-14.5218,9.49,0.576,26
1790510583.8,10.3274,-14.5151,9.46,0.176,26
1790510583.9,10.3571,-14.5102,9.56,0.473,25
1790510584.0,10.4041,-14.5023,9.56,0.708,25
1790510584.1,10.4442,-14.4952,9.61,-0.007,24
1790510584.2,10.4826,-14.4886,9.64,0.599,24
1790510584.3,10.5218,-14.4820,9.66,-0.068,27
1790510584.4,10.5583,-14.4758,9.70,0.651,21
1790510584.5,10.5948,-14.4695,9.68,-0.108,28
1790510584.6,10.6305,-14.4634,9.73,0.551,27
1790510584.7,10.6734,-14.4560,9.71,-0.051,26
1790510584.8,10.7075,-14.4501,9.76,0.269,24
1790510584.9,10.7506,-14.4427,9.76,0.208,26
1790510585.0,10.7820,-14.4372,9.80,0.049,26
1790510585.1,10.8243,-14.4302,9.80,0.449,24
1790510585.2,10.8598,-14.4239,9.81,-0.260,25
1790510585.3,10.8795,-14.4205,9.81,0.582,26
1790510585.4,10.9402,-14.4101,9.83,-0.230,26
1790510585.5,10.9761,-14.4039,9.88,0.662,23
1790510585.6,11.0097,-14.3980,9.85,-0.112,25
1790510585.7,11.0491,-14.3910,9.92,0.503,21
1790510585.8,11.0858,-14.3846,9.89,-0.097,25
1790510585.9,11.1311,-14.3767,9.93,0.160,27
1790510586.0,11.1597,-14.3717,9.90,0.034,24
1790510586.1,11.1997,-14.3645,9.92,-0.586,24
1790510586.2,11.2364,-14.3583,9.50,-5.596,25
1790510586.3,11.2738,-14.3521,8.62,-9.968,25
1790510586.4,11.3153,-14.3467,7.20,-14.240,25
1790510586.5,11.3530,-14.3444,6.07,-9.289,26
1790510586.6,11.3855,-14.3429,5.43,-6.165,23
1790510586.7,11.4186,-14.3407,5.29,-0.847,25
1790510586.8,11.4511,-14.3389,5.19,-0.492,25
1790510586.9,11.4784,-14.3364,5.16,-0.086,25
1790510587.0,11.5136,-14.3332,5.16,-0.066,23
1790510587.1,11.5470,-14.3303,5.08,-1.990,26
1790510587.2,11.5832,-14.3273,4.14,-11.005,24
1790510587.3,11.6157,-14.3257,2.24,-19.130,26
1790510587.4,11.6473,-14.3259,0.47,-18.833,26
1790510587.5,11.6794,-14.3280,-1.07,-12.350,24
1790510587.6,11.7020,-14.3313,-1.37,-2.278,26
1790510587.7,11.7300,-14.3339,-1.49,-1.385,28
1790510587.8,11.7532,-14.3349,-1.55,-0.530,25
1790510587.9,11.7798,-14.3355,-1.52,0.187,24
1790510588.0,11.8020,-14.3363,-1.56,-0.468,27
1790510588.1,11.8402,-14.3373,-1.58,0.199,26
1790510588.2,11.8631,-14.3380,-1.58,-0.155,26
1790510588.3,11.9001,-14.3389,-1.61,-0.068,25
1790510588.4,11.9354,-14.3399,-1.60,-0.152,24
1790510588.5,11.9653,-14.3408,-1.64,0.080,27
1790510588.6,12.0029,-14.3418,-1.58,0.248,25
1790510588.7,12.0354,-14.3428,-1.65,-0.628,27
1790510588.8,12.0713,-14.3438,-1.57,0.534,24
1790510588.9,12.1053,-14.3448,-1.59,-0.272,27
1790510589.0,12.1363,-14.3456,-1.57,0.384,24
1790510589.1,12.1704,-14.3467,-1.59,-0.178,23
1790510589.2,12.1983,-14.3474,-1.56,0.411,23
1790510589.3,12.2397,-14.3485,-1.61,-0.729,26
1790510589.4,12.2595,-14.3490,-1.68,-0.053,24
1790510589.5,12.2980,-14.3501,-1.63,-0.154,28
1790510589.6,12.3445,-14.3515,-1.62,0.378,22
1790510589.7,12.3789,-14.3525,-1.62,-0.427,26
1790510589.8,12.4146,-14.3535,-1.61,0.523,26
1790510589.9,12.4467,-14.3544,-1.58,-0.039,27
1790510590.0,12.4869,-14.3555,-1.59,0.428,22
1790510590.1,12.5247,-14.3565,-1.58,-0.144,27
1790510590.2,12.5636,-14.3576,-1.53,0.800,25
1790510590.3,12.6009,-14.3586,-1.56,-0.595,25
1790510590.4,12.6462,-14.3598,-1.51,0.543,27
1790510590.5,12.6867,-14.3608,-1.53,-0.211,24
1790510590.6,12.7254,-14.3620,-1.50,0.296,26
1790510590.7,12.7626,-14.3629,-1.50,0.103,25
1790510590.8,12.8034,-14.3639,-1.47,0.059,26
1790510590.9,12.8425,-14.3650,-1.46,0.412,27
1790510591.0,12.8828,-14.3659,-1.45,-0.009,25
1790510591.1,12.9258,-14.3670,-1.44,0.290,25
1790510591.2,12.9650,-14.3680,-1.44,-0.386,26
1790510591.3,13.0022,-14.3689,-1.40,0.609,24
1790510591.4,13.0414,-14.3699,-1.41,-0.409,25
1790510591.5,13.0831,-14.3709,-1.37,0.507,26
1790510591.6,13.1086,-14.3715,-1.38,-0.074,26
1790510591.7,13.1559,-14.3726,-1.33,0.458,26
1790510591.8,13.1915,-14.3735,-1.35,0.031,25
1790510591.9,13.2323,-14.3745,-1.31,0.206,27
1790510592.0,13.2838,-14.3757,-1.34,-0.020,25
1790510592.1,13.3211,-14.3765,-1.29,0.088,25
1790510592.2,13.3637,-14.3775,-1.27,0.552,26
1790510592.3,13.4021,-14.3783,-1.26,-0.049,25
1790510592.4,13.4443,-14.3793,-1.24,0.436,23
1790510592.5,13.4784,-14.3798,-1.22,-0.225,26
1790510592.6,13.5199,-14.3808,-1.20,0.553,25
1790510592.7,13.5587,-14.3816,-1.21,-0.411,25
1790510592.8,13.6036,-14.3826,-1.23,0.184,25
1790510592.9,13.6450,-14.3834,-1.28,-1.187,24
1790510593.0,13.6913,-14.3840,-1.16,1.126,25
1790510593.1,13.7252,-14.3854,-1.20,0.298,26
1790510593.2,13.7674,-14.3853,-1.16,0.122,27
1790510593.3,13.7986,-14.3865,-1.16,0.132,26
1790510593.4,13.8419,-14.3874,-1.12,0.142,26
1790510593.5,13.8804,-14.3882,-1.11,0.309,27
1790510593.6,13.9295,-14.3892,-1.09,0.099,27
1790510593.7,13.9664,-14.3898,-1.08,0.232,23
1790510593.8,14.0051,-14.3904,-1.09,-0.092,25
1790510593.9,14.0302,-14.3908,-1.04,0.576,25
1790510594.0,14.0901,-14.3920,-1.08,-0.448,27
1790510594.1,14.1216,-14.3921,-1.02,0.428,26
1790510594.2,14.1553,-14.3928,-1.02,0.239,21
1790510594.3,14.1953,-14.3932,-0.96,0.388,28
1790510594.4,14.2433,-14.3941,-0.98,0.109,24
1790510594.5,14.2719,-14.3946,-0.96,-0.038,26
1790510594.6,14.3137,-14.3949,-0.95,0.227,27
1790510594.7,14.3490,-14.3954,-0.92,-0.094,26
1790510594.8,14.3867,-14.3957,-0.89,0.591,26
1790510594.9,14.4380,-14.3965,-0.88,-0.255,27
1790510595.0,14.4648,-14.3973,-0.85,0.620,24
1790510595.1,14.5020,-14.3975,-0.85,-0.141,25
1790510595.2,14.5392,-14.3982,-0.83,0.410,23
1790510595.3,14.5799,-14.3985,-0.82,0.042,24
1790510595.4,14.6235,-14.3987,-0.77,0.361,27
1790510595.5,14.6469,-14.3994,-0.78,0.066,26
1790510595.6,14.6878,-14.3993,-0.72,0.211,25
1790510595.7,14.7272,-14.3997,-0.71,0.339,24
1790510595.8,14.7651,-14.4006,-0.69,0.090,25
1790510595.9,14.8000,-14.4006,-0.68,0.280,25
1790510596.0,14.8281,-14.4009,-0.65,-0.050,23
1790510596.1,14.8605,-14.4009,-0.60,0.423,28
1790510596.2,14.9129,-14.4017,-0.62,-0.244,24
1790510596.3,14.9461,-14.4019,-0.59,0.418,25
1790510596.4,14.9774,-14.4026,-0.62,-0.250,25
1790510596.5,15.0207,-14.4027,-0.57,0.522,26
1790510596.6,15.0545,-14.4034,-0.59,-0.145,24
1790510596.7,15.0801,-14.4031,-0.53,0.364,25
1790510596.8,15.1310,-14.4037,-0.53,0.260,26
1790510596.9,15.1609,-14.4037,-0.49,0.154,25
1790510597.0,15.2094,-14.4042,-0.48,0.298,25
1790510597.1,15.2545,-14.4047,-0.47,-0.205,26
1790510597.2,15.2661,-14.4045,-0.47,0.207,26
1790510597.3,15.3218,-14.4056,-0.47,-0.203,24
1790510597.4,15.3533,-14.4055,-0.42,0.606,25
1790510597.5,15.3924,-14.4059,-0.42,-0.229,25
1790510597.6,15.4312,-14.4061,-0.39,0.479,27
1790510597.7,15.4648,-14.4064,-0.40,-0.018,26
1790510597.8,15.5152,-14.4059,-0.35,0.304,26
1790510597.9,15.5497,-14.4070,-0.36,0.203,27
1790510598.0,15.5825,-14.4067,-0.31,0.216,24
1790510598.1,15.6214,-14.4067,-0.36,-0.942,22
1790510598.2,15.6556,-14.4070,-0.50,-0.883,23
1790510598.3,15.6740,-14.4079,-0.42,0.307,27
1790510598.4,15.6400,-14.4075,-0.46,-0.143,25
1790510598.5,15.6395,-14.4075,-0.45,0.075,26
1790510598.6,15.6381,-14.4074,-0.44,0.067,25
1790510598.7,15.6275,-14.4074,-0.44,0.035,26
1790510598.8,15.6375,-14.4074,-0.43,0.001,27
1790510598.9,15.6385,-14.4074,-0.43,0.041,25
1790510599.0,15.6363,-14.4074,-0.43,-0.000,26
1790510599.1,15.6364,-14.4074,-0.43,0.010,25
1790510599.2,15.6336,-14.4074,-0.43,-0.002,25
1790510599.3,15.6290,-14.4074,-0.43,0.021,25
1790510599.4,15.6356,-14.4074,-0.43,-0.013,25
1790510599.5,15.6307,-14.4074,-0.44,-0.018,26
1790510599.6,15.6287,-14.4074,-0.43,0.041,25
1790510599.7,15.6362,-14.4074,-0.42,0.024,26
1790510599.8,15.6351,-14.4074,-0.42,-0.033,27
1790510599.9,15.6304,-14.4074,-0.43,-0.012,24
1790510600.0,15.6393,-14.4075,-0.43,-0.004,26
1790510600.1,15.6349,-14.4074,-0.44,-0.063,26
1790510600.2,15.6373,-14.4074,-0.44,0.015,25
1790510600.3,15.6305,-14.4074,-0.43,0.026,22
1790510600.4,15.6346,-14.4074,-0.43,0.016,27
1790510600.5,15.6317,-14.4074,-0.43,-0.002,27
1790510600.6,15.6358,-14.4074,-0.43,0.014,24
1790510600.7,15.6434,-14.4075,-0.43,-0.006,24
1790510600.8,15.6263,-14.4073,-0.43,0.016,25
1790510600.9,15.6357,-14.4074,-0.43,0.007,22
1790510601.0,15.6339,-14.4074,-0.43,0.022,26
1790510601.1,15.6322,-14.4074,-0.43,0.005,24
1790510601.2,15.6373,-14.4074,-0.43,0.021,27
1790510601.3,15.6317,-14.4074,-0.43,0.028,25
1790510601.4,15.6402,-14.4074,-0.43,0.014,21
1790510601.5,15.6278,-14.4074,-0.42,-0.004,26
1790510601.6,15.6378,-14.4075,-0.43,-0.015,26
1790510601.7,15.6429,-14.4075,-0.44,-0.028,26
1790510601.8,15.6290,-14.4074,-0.44,-0.054,23
1790510601.9,15.6424,-14.4075,-0.44,0.017,23
1790510602.0,15.6372,-14.4074,-0.44,0.016,26
1790510602.1,15.6374,-14.4074,-0.44,0.029,23
1790510602.2,15.6352,-14.4074,-0.43,0.005,27
1790510602.3,15.6348,-14.4074,-0.43,-0.005,25
1790510602.4,15.6305,-14.4074,-0.43,-0.000,24
1790510602.5,15.6361,-14.4074,-0.43,-0.025,27
1790510602.6,15.6346,-14.4074,-0.44,0.003,24
1790510602.7,15.6413,-14.4075,-0.43,0.029,26
1790510602.8,15.6354,-14.4074,-0.43,-0.026,25
1790510602.9,15.6396,-14.4075,-0.44,-0.033,24
1790510603.0,15.6442,-14.4075,-0.44,-0.010,24
1790510603.1,15.6390,-14.4075,-0.43,-0.004,24
1790510603.2,15.6352,-14.4075,-0.43,-0.017,25
1790510603.3,15.6452,-14.4076,-0.45,-0.005,26
1790510603.4,15.6416,-14.4075,-0.45,-0.007,26
1790510603.5,15.6365,-14.4075,-0.44,0.004,25
1790510603.6,15.6416,-14.4075,-0.44,-0.008,27
1790510603.7,15.6329,-14.4075,-0.44,0.015,23
1790510603.8,15.6485,-14.4076,-0.44,-0.036,25
1790510603.9,15.6445,-14.4076,-0.45,-0.060,26
1790510604.0,15.6336,-14.4075,-0.45,0.021,24
1790510604.1,15.6330,-14.4074,-0.45,-0.001,25
1790510604.2,15.6406,-14.4075,-0.44,0.005,24
1790510604.3,15.6390,-14.4075,-0.45,-0.006,23
1790510604.4,15.6405,-14.4075,-0.44,0.026,24
1790510604.5,15.6535,-14.4076,-0.44,0.052,25
1790510604.6,15.6310,-14.4074,-0.44,-0.021,24
1790510604.7,15.6441,-14.4075,-0.45,-0.048,25
1790510604.8,15.6344,-14.4074,-0.45,0.017,26
1790510604.9,15.6387,-14.4075,-0.45,0.031,24
1790510605.0,15.6383,-14.4075,-0.44,-0.003,26
1790510605.1,15.6389,-14.4075,-0.44,0.023,26
1790510605.2,15.6367,-14.4075,-0.44,-0.082,26
1790510605.3,15.6415,-14.4075,-0.44,-0.030,27
1790510605.4,15.6343,-14.4074,-0.44,0.003,25
1790510605.5,15.6431,-14.4075,-0.44,0.075,25
1790510605.6,15.6295,-14.4074,-0.43,0.027,27
1790510605.7,15.6378,-14.4075,-0.43,0.020,24
1790510605.8,15.6381,-14.4075,-0.44,0.016,26
1790510605.9,15.6443,-14.4075,-0.43,-0.013,25
1790510606.0,15.6340,-14.4074,-0.43,0.022,23
1790510606.1,15.6404,-14.4075,-0.42,0.052,24
1790510606.2,15.6349,-14.4074,-0.42,-0.003,25
1790510606.3,15.6402,-14.4075,-0.43,-0.011,25
1790510606.4,15.6357,-14.4075,-0.43,0.010,27
1790510606.5,15.6431,-14.4075,-0.43,-0.042,23
1790510606.6,15.6388,-14.4075,-0.43,-0.016,26
1790510606.7,15.6301,-14.4074,-0.43,0.008,24
1790510606.8,15.6317,-14.4074,-0.43,0.033,25
1790510606.9,15.6315,-14.4074,-0.42,0.018,27
1790510607.0,15.6343,-14.4075,-0.43,-0.010,26
1790510607.1,15.6457,-14.4075,-0.43,0.021,25
1790510607.2,15.6325,-14.4074,-0.42,-0.000,27
1790510607.3,15.6371,-14.4075,-0.42,0.019,26
1790510607.4,15.6305,-14.4074,-0.42,-0.001,27
1790510607.5,15.6321,-14.4074,-0.42,-0.011,28
1790510607.6,15.6437,-14.4075,-0.42,0.021,24
1790510607.7,15.6315,-14.4074,-0.42,0.014,25
1790510607.8,15.6399,-14.4075,-0.42,0.010,25
1790510607.9,15.6323,-14.4074,-0.41,0.041,26
1790510608.0,15.6359,-14.4075,-0.42,0.005,24
1790510608.1,15.6423,-14.4075,-0.41,0.003,25
1790510608.2,15.6277,-14.4074,-0.41,0.028,26
1790510608.3,15.6341,-14.4074,-0.41,0.008,26
1790510608.4,15.6342,-14.4075,-0.43,-0.035,26
1790510608.5,15.6358,-14.4075,-0.44,-0.031,25
1790510608.6,15.6373,-14.4075,-0.44,-0.046,24
1790510608.7,15.6277,-14.4074,-0.44,-0.006,26
1790510608.8,15.6354,-14.4075,-0.44,-0.019,27
1790510608.9,15.6394,-14.4075,-0.45,0.029,27
1790510609.0,15.6368,-14.4075,-0.44,0.004,23
1790510609.1,15.6290,-14.4075,-0.44,-0.007,25
1790510609.2,15.6383,-14.4075,-0.45,0.026,25
1790510609.3,15.6406,-14.4075,-0.44,-0.009,26
1790510609.4,15.6427,-14.4076,-0.45,-0.034,24
1790510609.5,15.6363,-14.4075,-0.45,0.045,26
1790510609.6,15.6417,-14.4076,-0.44,0.019,24
1790510609.7,15.6334,-14.4075,-0.45,-0.038,27
1790510609.8,15.6353,-14.4075,-0.45,0.001,26
1790510609.9,15.6363,-14.4075,-0.45,-0.057,23
1790510610.0,15.6344,-14.4075,-0.46,0.021,24
1790510610.1,15.6397,-14.4076,-0.45,-0.002,26
1790510610.2,15.6390,-14.4075,-0.45,-0.009,24
1790510610.3,15.6366,-14.4075,-0.45,0.044,24
1790510610.4,15.6371,-14.4075,-0.45,-0.040,25
1790510610.5,15.6361,-14.4075,-0.45,0.039,24
1790510610.6,15.6360,-14.4075,-0.45,0.024,26
1790510610.7,15.6373,-14.4075,-0.45,0.008,26
1790510610.8,15.6368,-14.4075,-0.45,0.010,25
1790510610.9,15.6364,-14.4075,-0.45,0.033,24
1790510611.0,15.6370,-14.4075,-0.45,0.053,25
1790510611.1,15.6365,-14.4075,-0.45,-0.021,25
1790510611.2,15.6363,-14.4075,-0.45,0.003,25
1790510611.3,15.6363,-14.4075,-0.45,0.001,25
1790510611.4,15.6362,-14.4075,-0.44,0.055,24
1790510611.5,15.6363,-14.4075,-0.44,-0.022,27
1790510611.6,15.6372,-14.4075,-0.44,0.002,27
1790510611.7,15.6365,-14.4075,-0.44,0.026,24
1790510611.8,15.6363,-14.4075,-0.44,0.044,24
1790510611.9,15.6363,-14.4075,-0.44,0.014,26
1790510612.0,15.6368,-14.4075,-0.44,0.002,27
1790510612.1,15.6370,-14.4075,-0.44,-0.003,25
1790510612.2,15.6361,-14.4075,-0.44,-0.007,27
1790510612.3,15.6363,-14.4075,-0.44,0.006,25
1790510612.4,15.6364,-14.4075,-0.43,-0.003,23
1790510612.5,15.6359,-14.4075,-0.43,0.047,27
1790510612.6,15.6349,-14.4075,-0.43,-0.032,23
1790510612.7,15.6347,-14.4075,-0.43,-0.003,24
1790510612.8,15.6349,-14.4075,-0.43,0.002,28
1790510612.9,15.6357,-14.4075,-0.43,0.003,26
1790510613.0,15.6355,-14.4075,-0.43,0.029,26
1790510613.1,15.6360,-14.4075,-0.43,0.033,24
1790510613.2,15.6360,-14.4075,-0.44,-0.002,25
1790510613.3,15.6357,-14.4075,-0.44,-0.031,25
1790510613.4,15.6355,-14.4075,-0.43,-0.006,25
1790510613.5,15.6356,-14.4075,-0.43,-0.010,25
1790510613.6,15.6350,-14.4075,-0.42,-0.019,24
1790510613.7,15.6346,-14.4075,-0.43,0.004,25
1790510613.8,15.6352,-14.4075,-0.44,-0.026,25
1790510613.9,15.6347,-14.4075,-0.43,-0.005,25
1790510614.0,15.6352,-14.4075,-0.44,-0.031,26
1790510614.1,15.6352,-14.4075,-0.44,-0.013,26
1790510614.2,15.6351,-14.4075,-0.43,0.028,23
1790510614.3,15.6351,-14.4075,-0.43,-0.014,27
1790510614.4,15.6353,-14.4075,-0.44,0.012,26
1790510614.5,15.6347,-14.4075,-0.44,-0.032,24
1790510614.6,15.6347,-14.4075,-0.44,-0.003,27
1790510614.7,15.6350,-14.4075,-0.44,0.036,27
1790510614.8,15.6354,-14.4075,-0.44,-0.007,23
1790510614.9,15.6348,-14.4075,-0.44,0.000,24
1790510615.0,15.6352,-14.4075,-0.44,0.018,27
1790510615.1,15.6349,-14.4075,-0.44,-0.031,25
1790510615.2,15.6342,-14.4075,-0.43,0.037,27
1790510615.3,15.6339,-14.4075,-0.43,0.024,26
1790510615.4,15.6334,-14.4075,-0.43,-0.010,25
1790510615.5,15.6344,-14.4075,-0.43,0.039,26
1790510615.6,15.6348,-14.4075,-0.42,0.032,25
1790510615.7,15.6345,-14.4075,-0.42,-0.006,25
1790510615.8,15.6338,-14.4075,-0.42,0.045,27
1790510615.9,15.6342,-14.4075,-0.42,-0.005,24
1790510616.0,15.6347,-14.4075,-0.42,-0.009,26
1790510616.1,15.6349,-14.4075,-0.42,-0.039,26
1790510616.2,15.6349,-14.4075,-0.42,0.038,25
1790510616.3,15.6346,-14.4076,-0.42,0.020,27
1790510616.4,15.6335,-14.4075,-0.42,-0.015,25
1790510616.5,15.6344,-14.4076,-0.42,-0.015,26
1790510616.6,15.6344,-14.4076,-0.42,0.012,25
1790510616.7,15.6341,-14.4076,-0.42,-0.015,25
1790510616.8,15.6344,-14.4076,-0.42,0.036,24
1790510616.9,15.6340,-14.4076,-0.42,0.008,25
1790510617.0,15.6345,-14.4076,-0.41,0.046,25
1790510617.1,15.6351,-14.4076,-0.41,-0.014,25
1790510617.2,15.6347,-14.4076,-0.42,-0.026,26
1790510617.3,15.6348,-14.4076,-0.42,0.036,26
1790510617.4,15.6346,-14.4076,-0.41,0.047,27
1790510617.5,15.6349,-14.4076,-0.42,0.020,25
1790510617.6,15.6341,-14.4076,-0.42,0.026,23
1790510617.7,15.6345,-14.4076,-0.42,0.031,26
1790510617.8,15.6355,-14.4076,-0.42,-0.025,25
1790510617.9,15.6344,-14.4076,-0.24,5.776,25
1790510618.0,15.6347,-14.4076,0.97,10.827,22
1790510618.1,15.6349,-14.4076,2.41,15.300,26
1790510618.2,15.6333,-14.4077,3.68,15.501,26
1790510618.3,15.6321,-14.4078,5.38,14.962,25
1790510618.4,15.6384,-14.4065,7.01,15.083,27
1790510618.5,15.6425,-14.4056,8.46,16.314,25
1790510618.6,15.6462,-14.4048,10.25,18.871,25
1790510618.7,15.6480,-14.4042,12.35,21.163,26
1790510618.8,15.6492,-14.4038,14.57,21.327,20
1790510618.9,15.6550,-14.4014,16.87,24.314,25
1790510619.0,15.6596,-14.3994,19.51,25.378,26
1790510619.1,15.6625,-14.3979,21.96,24.760,25
1790510619.2,15.6635,-14.3971,24.43,24.552,26
1790510619.3,15.6627,-14.3974,26.98,25.533,26
1790510619.4,15.6655,-14.3954,28.48,25.910,25
1790510619.5,15.6693,-14.3926,32.27,26.259,25
1790510619.6,15.6766,-14.3864,35.07,28.138,25
1790510619.7,15.6789,-14.3841,37.59,27.891,24
1790510619.8,15.6812,-14.3816,40.34,27.993,25
1790510619.9,15.6832,-14.3791,43.16,28.810,26
1790510620.0,15.6869,-14.3742,45.95,27.807,24
1790510620.1,15.6912,-14.3684,48.70,27.774,24
1790510620.2,15.6941,-14.3638,51.87,28.865,24
1790510620.3,15.6986,-14.3546,54.63,28.014,25
1790510620.4,15.6984,-14.3540,57.43,28.123,26
1790510620.5,15.6991,-14.3528,60.34,28.756,23
1790510620.6,15.6988,-14.3534,63.05,27.874,24
1790510620.7,15.6992,-14.3527,65.81,28.049,25
1790510620.8,15.7011,-14.3458,68.70,28.650,26
1790510620.9,15.7023,-14.3402,71.44,28.074,24
1790510621.0,15.7033,-14.3326,74.25,28.848,25
1790510621.1,15.7037,-14.3275,77.20,28.585,25
1790510621.2,15.7043,-14.3210,80.25,28.505,24
1790510621.3,15.7043,-14.3129,83.16,29.187,23
1790510621.4,15.7037,-14.3087,86.16,28.567,26
1790510621.5,15.7035,-14.3060,88.84,28.810,25
1790510621.6,15.7021,-14.2963,91.44,21.042,24
1790510621.7,15.7010,-14.2917,91.13,-3.268,26
1790510621.8,15.7003,-14.2887,91.14,-0.357,25
1790510621.9,15.7003,-14.2886,91.16,0.038,25
1790510622.0,15.7003,-14.2860,91.13,-0.034,23
1790510622.1,15.7003,-14.2867,91.13,-0.056,25
1790510622.2,15.7003,-14.2871,91.14,0.073,24
1790510622.3,15.7003,-14.2863,91.13,-0.011,26
1790510622.4,15.7004,-14.2861,91.20,1.268,20
1790510622.5,15.7004,-14.2820,91.27,0.033,27
1790510622.6,15.7002,-14.2709,91.25,-0.624,26
1790510622.7,15.7000,-14.2534,91.30,0.857,27
1790510622.8,15.6995,-14.2298,91.32,0.114,23
1790510622.9,15.6988,-14.2027,91.32,0.227,24
1790510623.0,15.6984,-14.1864,91.33,-0.129,23
1790510623.1,15.6978,-14.1578,91.38,0.433,23
1790510623.2,15.6973,-14.1368,91.37,0.460,27
1790510623.3,15.6966,-14.1096,91.37,0.155,25
1790510623.4,15.6958,-14.0808,91.42,0.081,24
1790510623.5,15.6950,-14.0499,91.49,0.204,25
1790510623.6,15.6943,-14.0215,91.51,0.206,23
1790510623.7,15.6935,-13.9891,91.53,0.858,25
1790510623.8,15.6926,-13.9596,91.51,-0.047,24
1790510623.9,15.6918,-13.9302,91.50,-0.105,25
1790510624.0,15.6908,-13.8952,91.55,0.151,24
1790510624.1,15.6900,-13.8638,91.57,-0.066,27
1790510624.2,15.6891,-13.8326,91.60,0.515,27
1790510624.3,15.6881,-13.8002,91.63,0.146,24
1790510624.4,15.6874,-13.7722,91.65,0.334,26
1790510624.5,15.6864,-13.7393,91.67,0.093,27
1790510624.6,15.6853,-13.6999,91.69,0.342,26
1790510624.7,15.6842,-13.6639,91.69,-0.160,25
1790510624.8,15.6831,-13.6246,91.73,0.439,26
1790510624.9,15.6819,-13.5895,91.77,-0.008,26
1790510625.0,15.6808,-13.5487,91.76,0.422,27
1790510625.1,15.6796,-13.5122,91.75,-0.242,24
1790510625.2,15.6784,-13.4725,91.77,0.291,25
1790510625.3,15.6772,-13.4306,91.76,-0.131,26
1790510625.4,15.6760,-13.3936,91.81,0.355,26
1790510625.5,15.6746,-13.3525,91.79,-0.185,27
1790510625.6,15.6728,-13.3039,91.85,0.469,25
1790510625.7,15.6718,-13.2684,91.85,0.386,25
1790510625.8,15.6710,-13.2476,91.88,0.082,27
1790510625.9,15.6691,-13.1885,91.89,0.160,25
1790510626.0,15.6675,-13.1469,91.93,0.174,25
1790510626.1,15.6665,-13.1188,91.93,0.398,26
1790510626.2,15.6648,-13.0686,91.97,-0.115,26
1790510626.3,15.6635,-13.0302,91.97,0.171,26
1790510626.4,15.6621,-12.9917,91.98,0.006,24
1790510626.5,15.6607,-12.9520,92.02,0.405,25
1790510626.6,15.6592,-12.9104,92.01,-0.047,25
1790510626.7,15.6580,-12.8754,92.05,0.498,25
1790510626.8,15.6564,-12.8303,92.04,-0.031,25
1790510626.9,15.6549,-12.7911,92.09,0.350,24
1790510627.0,15.6534,-12.7511,92.09,-0.019,24
1790510627.1,15.6520,-12.7110,92.12,0.279,24
1790510627.2,15.6505,-12.6705,92.12,0.201,26
1790510627.3,15.6495,-12.6461,92.13,0.075,25
1790510627.4,15.6477,-12.5932,92.16,0.371,26
1790510627.5,15.6460,-12.5531,92.19,-0.041,23
1790510627.6,15.6446,-12.5166,92.23,0.510,26
1790510627.7,15.6433,-12.4828,92.20,-0.435,27
1790510627.8,15.6418,-12.4452,92.24,0.392,24
1790510627.9,15.6398,-12.3921,92.21,0.072,25
1790510628.0,15.6384,-12.3551,92.28,0.410,19
1790510628.1,15.6370,-12.3197,92.26,0.192,27
1790510628.2,15.6351,-12.2758,92.31,0.196,26
1790510628.3,15.6336,-12.2388,92.31,0.122,24
1790510628.4,15.6319,-12.1962,92.33,0.036,24
1790510628.5,15.6304,-12.1601,92.35,0.338,26
1790510628.6,15.6288,-12.1210,92.36,-0.102,26
1790510628.7,15.6276,-12.0982,92.35,0.411,25
1790510628.8,15.6255,-12.0468,92.39,-0.113,25
1790510628.9,15.6239,-12.0072,92.41,0.394,27
1790510629.0,15.6219,-11.9613,92.41,0.031,25
1790510629.1,15.6204,-11.9261,92.46,0.517,24
1790510629.2,15.6184,-11.8835,92.46,-0.093,26
1790510629.3,15.6164,-11.8414,92.51,0.516,25
1790510629.4,15.6149,-11.8023,92.48,0.053,24
1790510629.5,15.6132,-11.7661,92.54,0.280,23
1790510629.6,15.6110,-11.7204,92.53,0.078,27
1790510629.7,15.6089,-11.6766,92.58,-0.004,24
1790510629.8,15.6074,-11.6416,92.58,0.223,25
1790510629.9,15.6055,-11.5998,92.59,-0.022,27
1790510630.0,15.6039,-11.5670,92.63,0.471,27
1790510630.1,15.6018,-11.5218,92.62,-0.093,26
1790510630.2,15.6010,-11.5038,92.66,0.605,25
1790510630.3,15.5981,-11.4441,92.64,-0.541,25
1790510630.4,15.5965,-11.4086,92.68,0.367,27
1790510630.5,15.5948,-11.3725,92.68,0.292,25
1790510630.6,15.5930,-11.3344,92.73,0.075,27
1790510630.7,15.5912,-11.2941,92.70,0.084,26
1790510630.8,15.5892,-11.2540,92.75,0.250,24
1790510630.9,15.5874,-11.2177,92.75,0.191,24
1790510631.0,15.5850,-11.1679,92.78,-0.026,28
1790510631.1,15.5830,-11.1333,92.81,0.298,26
1790510631.2,15.5810,-11.0864,92.81,0.108,27
1790510631.3,15.5789,-11.0444,92.82,0.269,25
1790510631.4,15.5770,-11.0068,92.81,-0.129,26
1790510631.5,15.5748,-10.9628,92.85,0.475,27
1790510631.6,15.5730,-10.9258,92.84,-0.071,25
1790510631.7,15.5706,-10.8762,92.87,0.387,25
1790510631.8,15.5688,-10.8407,92.86,-0.096,23
1790510631.9,15.5666,-10.7997,92.94,0.479,26
1790510632.0,15.5654,-10.7751,92.91,0.110,26
1790510632.1,15.5624,-10.7202,92.95,-0.169,28
1790510632.2,15.5610,-10.6931,92.97,0.406,26
1790510632.3,15.5597,-10.6648,92.96,-0.137,24
1790510632.4,15.5570,-10.6125,93.00,0.444,24
1790510632.5,15.5548,-10.5861,93.01,0.129,25
1790510632.6,15.5532,-10.5462,93.05,0.424,26
1790510632.7,15.5506,-10.4969,93.06,0.188,26
1790510632.8,15.5478,-10.4547,93.07,-0.001,25
1790510632.9,15.5460,-10.4188,93.06,0.040,26
1790510633.0,15.5454,-10.4080,93.08,-0.057,27
1790510633.1,15.5413,-10.3257,93.09,0.370,22
1790510633.2,15.5402,-10.3070,93.09,-0.189,25
1790510633.3,15.5381,-10.2672,93.13,0.459,24
1790510633.4,15.5360,-10.2311,93.13,-0.187,26
1790510633.5,15.5342,-10.1987,93.17,0.346,27
1790510633.6,15.5317,-10.1516,93.15,-0.021,24
1790510633.7,15.5295,-10.1143,93.19,0.367,22
1790510633.8,15.5275,-10.0764,93.16,0.253,26
1790510633.9,15.5251,-10.0348,93.22,0.247,24
1790510634.0,15.5226,-9.9933,93.24,0.305,25
1790510634.1,15.5203,-9.9507,93.25,0.067,24
1790510634.2,15.5180,-9.9113,93.26,0.224,27
1790510634.3,15.5160,-9.8770,93.28,-0.047,25
1790510634.4,15.5136,-9.8353,93.29,0.284,25
1790510634.5,15.5112,-9.7935,93.31,-0.088,25
1790510634.6,15.5087,-9.7518,93.34,0.400,25
1790510634.7,15.5064,-9.7131,93.35,-0.181,24
1790510634.8,15.5043,-9.6781,93.37,0.423,25
1790510634.9,15.5020,-9.6391,93.36,-0.150,25
1790510635.0,15.4996,-9.6012,93.41,0.474,24
1790510635.1,15.4972,-9.5626,93.41,0.092,25
1790510635.2,15.4952,-9.5279,93.45,0.256,22
1790510635.3,15.4925,-9.4842,93.44,0.014,25
1790510635.4,15.4901,-9.4455,93.49,0.124,29
1790510635.5,15.4875,-9.4035,93.47,-0.002,27
1790510635.6,15.4849,-9.3599,93.49,-0.107,26
1790510635.7,15.4830,-9.3289,93.52,0.368,24
1790510635.8,15.4804,-9.2883,93.52,-0.220,26
1790510635.9,15.4781,-9.2502,93.55,0.398,26
1790510636.0,15.4752,-9.2059,93.55,-0.092,24
1790510636.1,15.4729,-9.1685,93.58,0.352,27
1790510636.2,15.4709,-9.1357,93.57,0.105,26
1790510636.3,15.4682,-9.0949,93.62,0.048,26
1790510636.4,15.4656,-9.0542,93.63,0.416,23
1790510636.5,15.4638,-9.0256,93.65,-0.108,27
1790510636.6,15.4612,-8.9852,93.66,0.297,24
1790510636.7,15.4577,-8.9305,93.68,-0.228,25
1790510636.8,15.4554,-8.8933,93.71,0.491,25
1790510636.9,15.4530,-8.8583,93.69,-0.285,27
1790510637.0,15.4506,-8.8187,93.73,0.456,25
1790510637.1,15.4481,-8.7832,93.74,-0.159,25
1790510637.2,15.4458,-8.7469,93.76,0.376,25
1790510637.3,15.4430,-8.7058,93.74,-0.195,27
1790510637.4,15.4405,-8.6668,93.79,0.496,28
1790510637.5,15.4377,-8.6256,93.80,0.162,25
1790510637.6,15.4354,-8.5898,93.82,0.224,25
1790510637.7,15.4336,-8.5623,93.82,0.343,25
1790510637.8,15.4304,-8.5155,93.85,0.028,26
1790510637.9,15.4277,-8.4739,93.87,0.230,24
1790510638.0,15.4251,-8.4380,93.87,-0.267,26
1790510638.1,15.4223,-8.3969,93.87,0.198,27
1790510638.2,15.4197,-8.3576,93.88,-0.093,26
1790510638.3,15.4171,-8.3193,93.92,0.423,26
1790510638.4,15.4146,-8.2833,93.89,-0.638,25
1790510638.5,15.4116,-8.2396,93.85,-0.059,26
1790510638.6,15.4089,-8.1972,93.73,-1.211,22
1790510638.7,15.4063,-8.1592,93.65,-1.168,26
1790510638.8,15.4042,-8.1229,93.28,-3.948,25
1790510638.9,15.4020,-8.0814,92.89,-5.090,27
1790510639.0,15.4008,-8.0460,92.17,-6.946,24
1790510639.1,15.4004,-8.0263,91.74,-5.454,25
1790510639.2,15.4000,-7.9729,91.20,-2.704,25
1790510639.3,15.3999,-7.9355,91.21,-0.168,24
1790510639.4,15.3991,-7.8950,91.20,-0.668,26
1790510639.5,15.3984,-7.8555,91.21,0.254,26
1790510639.6,15.3976,-7.8184,91.16,-0.487,24
1790510639.7,15.3967,-7.7770,91.20,0.349,26
1790510639.8,15.3959,-7.7312,91.13,-0.530,25
1790510639.9,15.3951,-7.6941,91.18,0.477,25
1790510640.0,15.3943,-7.6539,91.11,-0.416,26
1790510640.1,15.3937,-7.6142,91.14,0.128,25
1790510640.2,15.3929,-7.5731,91.12,0.041,27
1790510640.3,15.3921,-7.5355,91.12,-0.411,25
1790510640.4,15.3916,-7.4995,91.10,0.334,24
1790510640.5,15.3904,-7.4578,91.14,-0.278,27
1790510640.6,15.3899,-7.4168,91.14,0.438,24
1790510640.7,15.3892,-7.3788,91.10,-0.732,24
1790510640.8,15.3885,-7.3410,91.10,0.279,28
1790510640.9,15.3878,-7.3033,91.06,-0.265,26
1790510641.0,15.3871,-7.2641,91.12,0.315,25
1790510641.1,15.3860,-7.2162,91.08,-0.113,25
1790510641.2,15.3852,-7.1779,91.13,0.244,26
1790510641.3,15.3847,-7.1407,91.09,-0.003,26
1790510641.4,15.3839,-7.1025,91.12,-0.012,25
1790510641.5,15.3833,-7.0650,91.13,0.449,26
1790510641.6,15.3822,-7.0191,91.15,-0.211,25
1790510641.7,15.3815,-6.9896,91.19,0.521,26
1790510641.8,15.3806,-6.9460,91.19,-0.198,25
1790510641.9,15.3799,-6.9110,91.23,0.477,27
1790510642.0,15.3789,-6.8680,91.21,-0.305,25
1790510642.1,15.3783,-6.8322,91.25,0.388,26
1790510642.2,15.3773,-6.7903,91.23,-0.126,26
1790510642.3,15.3765,-6.7533,91.29,0.467,27
1790510642.4,15.3755,-6.7106,91.24,-0.179,26
1790510642.5,15.3748,-6.6807,91.31,0.303,25
1790510642.6,15.3737,-6.6329,91.28,0.296,25
1790510642.7,15.3728,-6.5925,91.31,-0.253,25
1790510642.8,15.3719,-6.5543,91.32,0.480,24
1790510642.9,15.3710,-6.5165,91.33,-0.393,27
1790510643.0,15.3700,-6.4735,91.36,0.703,25
1790510643.1,15.3691,-6.4339,91.35,-0.397,25
1790510643.2,15.3681,-6.3892,91.38,0.509,25
1790510643.3,15.3671,-6.3479,91.32,-0.569,27
1790510643.4,15.3662,-6.3094,91.38,0.363,26
1790510643.5,15.3657,-6.2876,91.36,-0.036,24
1790510643.6,15.3644,-6.2351,91.43,0.254,25
1790510643.7,15.3634,-6.1911,91.39,0.265,26
1790510643.8,15.3624,-6.1511,91.43,-0.008,24
1790510643.9,15.3615,-6.1154,91.43,0.315,25
1790510644.0,15.3604,-6.0750,91.45,-0.279,26
1790510644.1,15.3594,-6.0373,91.48,0.651,25
1790510644.2,15.3584,-5.9974,91.49,-0.342,25
1790510644.3,15.3575,-5.9618,91.51,0.511,26
1790510644.4,15.3563,-5.9179,91.51,-0.270,24
1790510644.5,15.3552,-5.8780,91.56,0.498,25
1790510644.6,15.3541,-5.8382,91.53,-0.172,26
1790510644.7,15.3531,-5.7989,91.58,0.437,25
1790510644.8,15.3522,-5.7611,91.57,-0.115,24
1790510644.9,15.3510,-5.7194,91.61,0.346,24
1790510645.0,15.3506,-5.7039,91.59,-0.034,24
1790510645.1,15.3489,-5.6447,91.63,-0.002,22
1790510645.2,15.3477,-5.6089,91.63,0.352,26
1790510645.3,15.3465,-5.5661,91.65,-0.283,24
1790510645.4,15.3454,-5.5280,91.67,0.460,25
1790510645.5,15.3441,-5.4845,91.66,-0.320,25
1790510645.6,15.3430,-5.4460,91.72,0.507,26
1790510645.7,15.3419,-5.4076,91.69,-0.155,25
1790510645.8,15.3406,-5.3690,91.75,0.313,26
1790510645.9,15.3394,-5.3270,91.71,-0.149,26
1790510646.0,15.3383,-5.2917,91.75,0.171,23
1790510646.1,15.3372,-5.2535,91.75,0.415,26
1790510646.2,15.3359,-5.2117,91.78,-0.074,27
1790510646.3,15.3345,-5.1681,91.81,0.614,26
1790510646.4,15.3332,-5.1296,91.82,-0.152,26
1790510646.5,15.3324,-5.1007,91.83,0.523,25
1790510646.6,15.3313,-5.0709,91.85,-0.248,25
1790510646.7,15.3297,-5.0183,91.88,0.637,24
1790510646.8,15.3285,-4.9828,91.88,-0.260,26
1790510646.9,15.3272,-4.9432,91.92,0.390,25
1790510647.0,15.3259,-4.9043,91.89,-0.181,23
1790510647.1,15.3245,-4.8611,91.94,0.464,26
1790510647.2,15.3234,-4.8299,91.92,-0.131,26
1790510647.3,15.3219,-4.7849,91.98,0.333,25
1790510647.4,15.3205,-4.7487,91.97,0.064,26
1790510647.5,15.3193,-4.7144,92.01,0.098,26
1790510647.6,15.3179,-4.6723,92.01,0.203,26
1790510647.7,15.3165,-4.6348,92.04,-0.087,24
1790510647.8,15.3148,-4.5894,92.06,0.494,26
1790510647.9,15.3141,-4.5696,92.08,-0.231,24
1790510648.0,15.3123,-4.5208,92.09,0.598,25
1790510648.1,15.3111,-4.4766,92.05,-0.050,24
1790510648.2,15.3096,-4.4385,92.11,0.559,25
1790510648.3,15.3082,-4.4004,92.09,-0.142,25
1790510648.4,15.3066,-4.3610,92.14,0.280,27
1790510648.5,15.3053,-4.3233,92.10,-0.154,25
1790510648.6,15.3039,-4.2871,92.15,0.012,26
1790510648.7,15.3024,-4.2424,92.14,0.416,26
1790510648.8,15.3006,-4.1966,92.16,-0.164,23
1790510648.9,15.2995,-4.1649,92.17,0.476,25
1790510649.0,15.2979,-4.1276,92.17,-0.308,27
1790510649.1,15.2961,-4.0831,92.21,0.577,27
1790510649.2,15.2946,-4.0447,92.19,-0.271,25
1790510649.3,15.2930,-4.0024,92.26,0.571,26
1790510649.4,15.2918,-3.9711,92.24,-0.116,25
1790510649.5,15.2903,-3.9325,92.28,0.255,25
1790510649.6,15.2887,-3.8942,92.28,-0.004,26
1790510649.7,15.2869,-3.8477,92.32,0.251,23
1790510649.8,15.2854,-3.8117,92.29,0.064,25
1790510649.9,15.2840,-3.7743,92.32,0.117,26
1790510650.0,15.2826,-3.7419,92.34,0.309,24
1790510650.1,15.2809,-3.6985,92.35,-0.114,25
1790510650.2,15.2793,-3.6589,92.35,0.271,27
1790510650.3,15.2778,-3.6241,92.36,-0.356,27
1790510650.4,15.2760,-3.5788,92.39,0.635,25
1790510650.5,15.2745,-3.5442,92.37,-0.353,23
1790510650.6,15.2733,-3.5153,92.41,0.528,26
1790510650.7,15.2712,-3.4660,92.39,-0.248,27
1790510650.8,15.2689,-3.4204,92.44,0.613,25
1790510650.9,15.2678,-3.3930,92.42,-0.242,27
1790510651.0,15.2658,-3.3510,92.49,0.508,26
1790510651.1,15.2644,-3.3144,92.42,-0.438,24
1790510651.2,15.2630,-3.2835,92.46,0.206,25
1790510651.3,15.2615,-3.2446,92.44,0.076,23
1790510651.4,15.2595,-3.2015,92.49,0.174,25
1790510651.5,15.2582,-3.1708,92.48,0.183,24
1790510651.6,15.2565,-3.1317,92.51,0.115,24
1790510651.7,15.2548,-3.0987,92.51,0.107,28
1790510651.8,15.2530,-3.0571,92.55,0.105,26
1790510651.9,15.2515,-3.0210,92.53,0.265,27
1790510652.0,15.2495,-2.9833,92.59,0.178,28
1790510652.1,15.2480,-2.9508,92.58,0.277,26
1790510652.2,15.2461,-2.9074,92.59,-0.184,26
1790510652.3,15.2453,-2.8922,92.59,0.437,25
1790510652.4,15.2432,-2.8392,92.59,-0.448,25
1790510652.5,15.2412,-2.7987,92.56,-0.021,27
1790510652.6,15.2398,-2.7646,92.46,-1.262,21
1790510652.7,15.2384,-2.7250,92.31,-1.391,25
1790510652.8,15.2371,-2.6933,92.15,-2.203,27
1790510652.9,15.2360,-2.6556,91.94,-1.908,25
1790510653.0,15.2355,-2.6237,91.62,-4.235,24
1790510653.1,15.2347,-2.5909,91.18,-4.437,23
1790510653.2,15.2348,-2.5535,90.65,-5.070,25
1790510653.3,15.2355,-2.5242,90.17,-4.714,24
1790510653.4,15.2362,-2.4920,89.69,-4.948,28
1790510653.5,15.2371,-2.4641,89.34,-4.804,24
1790510653.6,15.2382,-2.4290,88.80,-2.767,23
1790510653.7,15.2393,-2.3943,88.81,-0.295,24
1790510653.8,15.2413,-2.3542,88.80,-0.059,26
1790510653.9,15.2418,-2.3215,88.82,-0.048,25
1790510654.0,15.2429,-2.2840,88.73,-0.253,25
1790510654.1,15.2434,-2.2477,88.80,0.213,24
1790510654.2,15.2440,-2.2227,88.73,-0.412,24
1790510654.3,15.2450,-2.1806,88.79,0.398,25
1790510654.4,15.2458,-2.1436,88.73,-0.433,24
1790510654.5,15.2465,-2.1088,88.76,0.057,26
1790510654.6,15.2473,-2.0731,88.72,-0.141,24
1790510654.7,15.2478,-2.0419,88.77,0.083,27
1790510654.8,15.2485,-2.0078,88.74,-0.108,24
1790510654.9,15.2493,-1.9722,88.78,0.433,26
1790510655.0,15.2503,-1.9326,88.75,-0.322,26
1790510655.1,15.2507,-1.9019,88.79,0.328,27
1790510655.2,15.2515,-1.8580,88.77,-0.117,27
1790510655.3,15.2523,-1.8269,88.81,0.323,26
1790510655.4,15.2533,-1.7878,88.77,-0.140,25
1790510655.5,15.2538,-1.7527,88.83,0.399,27
1790510655.6,15.2543,-1.7289,88.81,-0.132,25
1790510655.7,15.2552,-1.6845,88.86,0.467,27
1790510655.8,15.2560,-1.6455,88.84,-0.077,26
1790510655.9,15.2568,-1.6055,88.88,0.255,24
1790510656.0,15.2574,-1.5706,88.85,-0.159,25
1790510656.1,15.2579,-1.5392,88.90,0.338,25
1790510656.2,15.2587,-1.5050,88.87,-0.088,25
1790510656.3,15.2592,-1.4683,88.92,0.278,25
1790510656.4,15.2599,-1.4330,88.90,-0.131,25
1790510656.5,15.2606,-1.3927,88.96,0.521,25
1790510656.6,15.2612,-1.3569,88.92,-0.172,24
1790510656.7,15.2618,-1.3269,88.95,0.197,25
1790510656.8,15.2622,-1.3079,88.94,-0.182,27
1790510656.9,15.2629,-1.2533,88.98,0.443,24
1790510657.0,15.2639,-1.2138,88.95,-0.101,24
1790510657.1,15.2645,-1.1790,88.98,0.342,26
1790510657.2,15.2650,-1.1456,88.95,-0.253,22
1790510657.3,15.2657,-1.1118,88.99,0.362,25
1790510657.4,15.2663,-1.0791,88.96,-0.196,27
1790510657.5,15.2669,-1.0387,89.01,0.472,26
1790510657.6,15.2673,-1.0090,88.99,-0.226,25
1790510657.7,15.2681,-0.9718,89.02,0.519,26
1790510657.8,15.2686,-0.9353,89.04,-0.110,24
1790510657.9,15.2692,-0.9036,89.06,0.423,25
1790510658.0,15.2695,-0.8739,89.07,-0.226,25
1790510658.1,15.2701,-0.8308,89.07,0.278,25
1790510658.2,15.2708,-0.7979,89.09,-0.077,25
1790510658.3,15.2711,-0.7728,89.11,0.295,28
1790510658.4,15.2717,-0.7344,89.14,0.002,24
1790510658.5,15.2722,-0.6961,89.13,0.366,26
1790510658.6,15.2729,-0.6591,89.15,0.084,28
1790510658.7,15.2733,-0.6300,89.13,0.345,24
1790510658.8,15.2739,-0.5934,89.15,0.064,29
1790510658.9,15.2743,-0.5574,89.14,0.103,24
1790510659.0,15.2750,-0.5163,89.16,0.164,26
1790510659.1,15.2754,-0.4857,89.15,-0.068,26
1790510659.2,15.2757,-0.4538,89.17,0.111,26
1790510659.3,15.2764,-0.4191,89.17,-0.088,24
1790510659.4,15.2768,-0.3833,89.21,0.326,24
1790510659.5,15.2771,-0.3578,89.19,-0.114,26
1790510659.6,15.2776,-0.3246,89.22,0.285,24
1790510659.7,15.2779,-0.2916,89.21,-0.307,25
1790510659.8,15.2784,-0.2611,89.24,0.383,25
1790510659.9,15.2788,-0.2299,89.24,-0.125,27
1790510660.0,15.2792,-0.1918,89.28,0.492,23
1790510660.1,15.2796,-0.1601,89.28,-0.305,27
1790510660.2,15.2802,-0.1188,89.29,0.418,25
1790510660.3,15.2805,-0.0873,89.30,-0.209,27
1790510660.4,15.2810,-0.0552,89.30,0.414,24
1790510660.5,15.2813,-0.0226,89.33,-0.121,27
1790510660.6,15.2817,0.0157,89.33,0.329,23
1790510660.7,15.2821,0.0430,89.35,0.124,26
1790510660.8,15.2824,0.0809,89.36,0.150,26
1790510660.9,15.2827,0.1082,89.38,0.021,25
1790510661.0,15.2830,0.1507,89.38,0.046,27
1790510661.1,15.2833,0.1853,89.43,0.182,26
1790510661.2,15.2840,0.2211,89.41,-0.125,26
1790510661.3,15.2840,0.2465,89.45,0.257,25
1790510661.4,15.2844,0.2830,89.42,-0.172,25
1790510661.5,15.2847,0.3129,89.47,0.437,26
1790510661.6,15.2851,0.3559,89.46,-0.183,25
1790510661.7,15.2853,0.3820,89.52,0.486,23
1790510661.8,15.2855,0.4138,89.50,-0.276,22
1790510661.9,15.2857,0.4430,89.53,0.488,26
1790510662.0,15.2864,0.4906,89.50,-0.451,25
1790510662.1,15.2866,0.5260,89.55,0.514,26
1790510662.2,15.2868,0.5552,89.52,-0.283,26
1790510662.3,15.2871,0.5856,89.53,0.618,24
1790510662.4,15.2874,0.6279,89.54,-0.340,25
1790510662.5,15.2874,0.6596,89.57,0.589,25
1790510662.6,15.2877,0.6952,89.56,-0.493,25
1790510662.7,15.2880,0.7242,89.56,0.331,26
1790510662.8,15.2881,0.7523,89.60,0.031,25
1790510662.9,15.2882,0.7895,89.60,0.262,24
1790510663.0,15.2886,0.8242,89.63,0.127,26
1790510663.1,15.2887,0.8531,89.61,-0.037,25
1790510663.2,15.2888,0.8932,89.65,0.118,27
1790510663.3,15.2891,0.9267,89.64,0.025,25
1790510663.4,15.2892,0.9686,89.68,0.321,27
1790510663.5,15.2896,1.0024,89.66,-0.031,26
1790510663.6,15.2899,1.0396,89.70,0.316,26
1790510663.7,15.2900,1.0714,89.68,-0.067,25
1790510663.8,15.2900,1.1098,89.74,0.345,25
1790510663.9,15.2902,1.1433,89.72,-0.038,25
1790510664.0,15.2903,1.1755,89.78,0.443,25
1790510664.1,15.2903,1.2043,89.78,-0.018,25
1790510664.2,15.2910,1.2519,89.79,0.392,28
1790510664.3,15.2909,1.2649,89.77,-0.184,25
1790510664.4,15.2909,1.3066,89.84,0.435,24
1790510664.5,15.2911,1.3500,89.82,-0.022,25
1790510664.6,15.2912,1.3851,89.86,0.322,25
1790510664.7,15.2911,1.4177,89.85,-0.127,24
1790510664.8,15.2912,1.4590,89.89,0.278,26
1790510664.9,15.2912,1.4798,89.88,-0.243,24
1790510665.0,15.2914,1.5381,89.90,0.297,22
1790510665.1,15.2915,1.5635,89.89,-0.039,25
1790510665.2,15.2912,1.6047,89.96,0.509,25
1790510665.3,15.2913,1.6417,89.94,-0.103,26
1790510665.4,15.2915,1.6806,89.97,0.367,27
1790510665.5,15.2915,1.7129,89.93,-0.596,24
1790510665.6,15.2915,1.7550,89.96,0.395,27
1790510665.7,15.2915,1.7864,89.96,-0.053,25
1790510665.8,15.2917,1.8107,89.99,0.436,27
1790510665.9,15.2922,1.8676,89.97,-0.196,26
1790510666.0,15.2910,1.8933,90.03,0.370,27
1790510666.1,15.2919,1.9498,89.99,-0.193,23
1790510666.2,15.2918,1.9443,90.03,0.483,25
1790510666.3,15.2922,1.9778,90.01,-0.189,24
1790510666.4,15.2926,2.0355,90.05,0.501,25
1790510666.5,15.2927,2.0637,90.04,-0.092,23
1790510666.6,15.2928,2.1148,90.09,0.514,27
1790510666.7,15.2927,2.1444,90.04,-0.450,25
1790510666.8,15.2923,2.1844,90.09,0.538,24
1790510666.9,15.2923,2.2145,90.07,-0.158,24
1790510667.0,15.2922,2.2484,90.10,0.197,27
1790510667.1,15.2921,2.2902,90.08,0.043,25
1790510667.2,15.2920,2.3310,90.12,0.066,23
1790510667.3,15.2919,2.3612,90.11,0.477,27
1790510667.4,15.2917,2.4044,90.17,-0.200,24
1790510667.5,15.2916,2.4500,90.14,0.465,25
1790510667.6,15.2912,2.4939,90.15,-0.414,27
1790510667.7,15.2912,2.5255,90.22,0.841,24
1790510667.8,15.2910,2.5566,90.17,-0.550,26
1790510667.9,15.2907,2.6146,90.24,0.841,23
1790510668.0,15.2911,2.6601,90.22,-0.105,24
1790510668.1,15.2905,2.7081,90.28,0.276,24
1790510668.2,15.2905,2.7291,90.22,-0.337,25
1790510668.3,15.2899,2.7461,90.28,0.023,26
1790510668.4,15.2904,2.7873,90.27,0.231,25
1790510668.5,15.2880,2.8366,90.33,-0.009,27
1790510668.6,15.2892,2.8986,90.31,0.413,27
1790510668.7,15.2891,2.9380,90.32,-0.357,26
1790510668.8,15.2875,2.9714,90.29,0.301,22
1790510668.9,15.2885,3.0147,90.32,-0.152,26
1790510669.0,15.2877,3.0447,90.37,0.551,24
1790510669.1,15.2876,3.0659,90.36,-0.324,26
1790510669.2,15.2877,3.1373,90.40,0.750,24
1790510669.3,15.2874,3.1418,90.37,-0.239,23
1790510669.4,15.2859,3.1845,90.42,0.355,27
1790510669.5,15.2860,3.2301,90.40,0.081,26
1790510669.6,15.2858,3.2598,90.44,0.322,24
1790510669.7,15.2851,3.3053,90.44,0.169,25
1790510669.8,15.2852,3.3657,90.49,0.056,26
1790510669.9,15.2855,3.3317,90.48,0.363,26
1790510670.0,15.2850,3.3800,90.51,-0.263,23
1790510670.1,15.2843,3.4315,90.52,0.385,26
1790510670.2,15.2844,3.4816,90.49,-0.495,24
1790510670.3,15.2837,3.5158,90.54,0.621,27
1790510670.4,15.2834,3.5387,90.52,-0.219,26
1790510670.5,15.2826,3.5803,90.59,0.617,23
1790510670.6,15.2834,3.6411,90.55,-0.163,23
1790510670.7,15.2821,3.6644,90.59,0.072,23
1790510670.8,15.2823,3.7280,90.57,-0.025,24
1790510670.9,15.2815,3.7520,90.63,0.128,26
1790510671.0,15.2811,3.7723,90.62,0.388,24
1790510671.1,15.2811,3.8409,90.66,-0.121,24
1790510671.2,15.2806,3.8564,90.66,0.272,24
1790510671.3,15.2788,3.9372,90.68,-0.073,28
1790510671.4,15.2795,3.9344,90.68,0.454,25
1790510671.5,15.2792,3.9774,90.68,-0.153,27
1790510671.6,15.2787,4.0488,90.73,0.505,25
1790510671.7,15.2784,4.0643,90.72,-0.094,25
1790510671.8,15.2777,4.1143,90.76,0.382,24
1790510671.9,15.2769,4.1314,90.75,-0.039,27
1790510672.0,15.2756,4.1913,90.80,0.318,23
1790510672.1,15.2762,4.2162,90.79,0.198,27
1790510672.2,15.2748,4.2735,90.83,0.064,25
1790510672.3,15.2748,4.2858,90.81,0.315,24
1790510672.4,15.2735,4.3613,90.84,-0.213,25
1790510672.5,15.2722,4.3853,90.88,0.496,24
1790510672.6,15.2719,4.4363,90.87,-0.362,26
1790510672.7,15.2715,4.4511,90.91,0.500,25
1790510672.8,15.2712,4.4959,90.87,-0.184,26
1790510672.9,15.2699,4.5332,90.92,0.294,25
1790510673.0,15.2700,4.5470,90.91,0.105,23
1790510673.1,15.2683,4.6253,90.96,0.193,25
1790510673.2,15.2684,4.6431,90.96,0.375,25
1790510673.3,15.2672,4.6953,90.98,-0.210,24
1790510673.4,15.2668,4.7058,90.97,0.261,24
1790510673.5,15.2662,4.7661,90.98,-0.248,25
1790510673.6,15.2661,4.7738,91.01,0.605,26
1790510673.7,15.2638,4.8493,91.00,-0.410,27
1790510673.8,15.2648,4.8493,91.03,0.535,23
1790510673.9,15.2639,4.9015,91.01,-0.343,25
1790510674.0,15.2633,4.9253,91.07,0.635,27
1790510674.1,15.2625,4.9742,91.04,-0.240,22
1790510674.2,15.2618,4.9971,91.09,0.446,27
1790510674.3,15.2616,5.0362,91.09,0.071,24
1790510674.4,15.2603,5.0872,91.12,0.149,24
1790510674.5,15.2599,5.1043,91.11,0.227,25
1790510674.6,15.2588,5.1570,91.16,0.077,27
1790510674.7,15.2578,5.1960,91.18,0.406,25
1790510674.8,15.2571,5.2295,91.19,-0.189,26
1790510674.9,15.2564,5.2651,91.23,0.567,24
1790510675.0,15.2556,5.3023,91.23,-0.241,24
1790510675.1,15.2548,5.3414,91.26,0.494,23
1790510675.2,15.2536,5.3898,91.22,-0.341,26
1790510675.3,15.2529,5.4258,91.25,0.456,25
1790510675.4,15.2522,5.4590,91.22,-0.196,25
1790510675.5,15.2512,5.5001,91.26,0.223,24
1790510675.6,15.2504,5.5361,91.25,0.126,26
1790510675.7,15.2495,5.5755,91.30,0.211,26
1790510675.8,15.2485,5.6211,91.31,0.289,25
1790510675.9,15.2476,5.6625,91.30,-0.319,25
1790510676.0,15.2471,5.6825,91.27,0.141,23
1790510676.1,15.2458,5.7373,91.32,-0.130,25
1790510676.2,15.2447,5.7784,91.36,0.486,27
1790510676.3,15.2438,5.8168,91.34,-0.210,25
1790510676.4,15.2428,5.8643,91.36,0.349,28
1790510676.5,15.2418,5.9012,91.33,-0.079,28
1790510676.6,15.2410,5.9344,91.39,0.319,26
1790510676.7,15.2403,5.9713,91.37,0.299,28
1790510676.8,15.2392,6.0097,91.42,0.100,23
1790510676.9,15.2381,6.0505,91.43,0.309,23
1790510677.0,15.2371,6.0899,91.43,-0.189,25
1790510677.1,15.2360,6.1306,91.46,0.465,23
1790510677.2,15.2351,6.1658,91.46,-0.292,26
1790510677.3,15.2343,6.2007,91.45,0.458,25
1790510677.4,15.2334,6.2353,91.48,-0.107,27
1790510677.5,15.2311,6.2916,91.53,0.518,25
1790510677.6,15.2308,6.3072,91.53,-0.240,25
1790510677.7,15.2300,6.3411,91.56,0.486,26
1790510677.8,15.2289,6.3729,91.54,-0.263,28
1790510677.9,15.2271,6.4234,91.58,0.403,25
1790510678.0,15.2265,6.4544,91.55,-0.274,27
1790510678.1,15.2260,6.4759,91.59,0.431,27
1790510678.2,15.2246,6.5271,91.58,-0.135,25
1790510678.3,15.2226,6.5621,91.64,0.521,26
1790510678.4,15.2225,6.6101,91.61,-0.057,28
1790510678.5,15.2196,6.6449,91.66,0.306,24
1790510678.6,15.2200,6.6534,91.64,-0.183,26
1790510678.7,15.2171,6.7253,91.67,0.331,24
1790510678.8,15.2171,6.7480,91.66,0.096,26
1790510678.9,15.2159,6.7928,91.70,0.179,25
1790510679.0,15.2148,6.8167,91.68,0.043,27
1790510679.1,15.2141,6.8595,91.72,0.127,25
1790510679.2,15.2129,6.8865,91.71,0.209,25
1790510679.3,15.2114,6.9329,91.77,0.229,23
1790510679.4,15.2094,6.9806,91.77,0.291,25
1790510679.5,15.2084,7.0137,91.80,0.072,28
1790510679.6,15.2080,7.0215,91.83,0.379,25
1790510679.7,15.2070,7.0811,91.82,-0.181,26
1790510679.8,15.2051,7.1268,91.84,0.364,24
1790510679.9,15.2040,7.1599,91.85,-0.135,24
1790510680.0,15.2026,7.1977,91.87,0.321,27
1790510680.1,15.2021,7.2269,91.87,-0.253,25
1790510680.2,15.2005,7.2643,91.90,0.522,25
1790510680.3,15.1992,7.3005,91.89,-0.428,24
1790510680.4,15.1972,7.3493,91.94,0.739,25
1790510680.5,15.1971,7.3728,91.91,-0.363,27
1790510680.6,15.1953,7.4178,91.94,0.433,28
1790510680.7,15.1948,7.4480,91.94,-0.401,24
1790510680.8,15.1931,7.5015,91.95,0.448,26
1790510680.9,15.1916,7.5253,91.94,-0.195,24
1790510681.0,15.1902,7.5664,91.99,0.525,26
1790510681.1,15.1895,7.5942,91.97,-0.232,23
1790510681.2,15.1884,7.6237,92.01,0.361,26
1790510681.3,15.1859,7.6907,91.98,-0.244,24
1790510681.4,15.1872,7.6419,92.02,0.398,22
1790510681.5,15.1849,7.7097,92.02,0.024,27
1790510681.6,15.1841,7.7421,92.05,0.237,24
1790510681.7,15.1823,7.7807,92.02,-0.245,23
1790510681.8,15.1820,7.7864,92.07,0.271,25
1790510681.9,15.1813,7.8045,92.06,-0.023,26
1790510682.0,15.1790,7.8723,92.11,0.344,22
1790510682.1,15.1774,7.9197,92.08,0.146,26
1790510682.2,15.1759,7.9569,92.13,0.248,25
1790510682.3,15.1746,7.9909,92.15,0.185,26
1790510682.4,15.1731,8.0277,92.18,0.084,25
1790510682.5,15.1716,8.0702,92.16,0.087,24
1790510682.6,15.1703,8.1006,92.20,0.089,26
1790510682.7,15.1689,8.1411,92.18,0.195,25
1790510682.8,15.1674,8.1773,92.22,-0.095,28
1790510682.9,15.1660,8.2154,92.22,0.426,24
1790510683.0,15.1647,8.2479,92.24,-0.108,24
1790510683.1,15.1629,8.2953,92.25,0.406,25
1790510683.2,15.1616,8.3277,92.25,-0.295,26
1790510683.3,15.1609,8.3466,92.24,0.420,26
1790510683.4,15.1597,8.3878,92.23,-0.448,26
1790510683.5,15.1575,8.4414,92.23,0.466,25
1790510683.6,15.1560,8.4768,92.23,-0.330,23
1790510683.7,15.1544,8.5166,92.26,0.596,25
1790510683.8,15.1529,8.5562,92.27,-0.272,27
1790510683.9,15.1517,8.5874,92.29,0.466,27
1790510684.0,15.1500,8.6266,92.28,-0.341,27
1790510684.1,15.1486,8.6655,92.28,0.377,24
1790510684.2,15.1467,8.7083,92.27,-0.016,24
1790510684.3,15.1454,8.7426,92.33,0.436,26
1790510684.4,15.1437,8.7857,92.24,-0.991,24
1790510684.5,15.1425,8.8160,91.79,-5.662,26
1790510684.6,15.1414,8.8614,91.00,-7.681,24
1790510684.7,15.1417,8.8992,90.13,-9.176,23
1790510684.8,15.1421,8.9163,89.74,-7.318,25
1790510684.9,15.1439,8.9609,88.86,-3.575,25
1790510685.0,15.1448,8.9918,88.94,-0.052,26
1790510685.1,15.1467,9.0221,88.90,-0.442,28
1790510685.2,15.1466,9.0491,88.87,-0.030,25
1790510685.3,15.1474,9.0752,88.87,-0.329,25
1790510685.4,15.1479,9.0991,88.79,0.365,22
1790510685.5,15.1487,9.1402,88.83,-0.360,26
1790510685.6,15.1497,9.1799,88.76,-0.429,24
1790510685.7,15.1505,9.2175,88.83,0.388,24
1790510685.8,15.1512,9.2508,88.79,-0.407,26
1790510685.9,15.1519,9.2797,88.74,-0.133,25
1790510686.0,15.1528,9.3189,88.76,0.473,25
1790510686.1,15.1538,9.3601,88.74,-0.679,25
1790510686.2,15.1547,9.4024,88.76,0.546,25
1790510686.3,15.1549,9.4164,88.76,-0.636,26
1790510686.4,15.1563,9.4770,88.76,0.419,26
1790510686.5,15.1572,9.5156,88.71,-0.420,26
1790510686.6,15.1579,9.5552,88.78,0.421,24
1790510686.7,15.1587,9.5858,88.74,-0.075,23
1790510686.8,15.1595,9.6269,88.78,0.234,26
1790510686.9,15.1604,9.6616,88.74,-0.016,25
1790510687.0,15.1612,9.7027,88.79,0.113,27
1790510687.1,15.1622,9.7488,88.77,0.283,26
1790510687.2,15.1627,9.7784,88.80,-0.272,27
1790510687.3,15.1638,9.8213,88.80,0.447,26
1790510687.4,15.1644,9.8574,88.82,-0.208,26
1790510687.5,15.1654,9.9032,88.85,0.528,22
1790510687.6,15.1661,9.9396,88.84,-0.199,26
1790510687.7,15.1669,9.9839,88.88,0.502,26
1790510687.8,15.1674,10.0056,88.88,-0.172,25
1790510687.9,15.1681,10.0525,88.92,0.380,27
1790510688.0,15.1690,10.0941,88.90,-0.064,25
1790510688.1,15.1696,10.1282,88.94,0.308,24
1790510688.2,15.1703,10.1676,88.92,0.068,25
1790510688.3,15.1711,10.2099,88.98,0.062,23
1790510688.4,15.1718,10.2487,88.98,0.363,26
1790510688.5,15.1723,10.2816,88.99,-0.231,26
1790510688.6,15.1731,10.3295,89.01,0.494,25
1790510688.7,15.1738,10.3672,89.00,-0.479,26
1790510688.8,15.1743,10.3997,89.04,0.599,26
1790510688.9,15.1748,10.4335,89.01,-0.333,27
1790510689.0,15.1754,10.4763,89.05,0.373,24
1790510689.1,15.1763,10.5211,89.03,0.079,24
1790510689.2,15.1765,10.5395,89.09,0.278,25
1790510689.3,15.1774,10.5949,89.09,0.314,25
1790510689.4,15.1781,10.6369,89.11,-0.080,24
1790510689.5,15.1786,10.6722,89.10,0.293,27
1790510689.6,15.1793,10.7192,89.12,-0.211,26
1790510689.7,15.1800,10.7607,89.15,0.514,25
1790510689.8,15.1801,10.7901,89.15,-0.484,26
1790510689.9,15.1806,10.8194,89.18,0.554,26
1790510690.0,15.1811,10.8530,89.15,-0.391,27
1790510690.1,15.1816,10.8893,89.19,0.598,24
1790510690.2,15.1822,10.9374,89.17,-0.118,25
1790510690.3,15.1825,10.9719,89.24,0.370,22
1790510690.4,15.1832,11.0127,89.22,0.009,26
1790510690.5,15.1835,11.0507,89.27,0.303,26
1790510690.6,15.1840,11.0882,89.28,0.272,26
1790510690.7,15.1845,11.1207,89.28,0.030,24
1790510690.8,15.1852,11.1731,89.30,0.203,24
1790510690.9,15.1856,11.2107,89.32,-0.138,25
1790510691.0,15.1860,11.2437,89.34,0.553,26
1790510691.1,15.1862,11.2722,89.33,-0.448,26
1790510691.2,15.1865,11.3076,89.32,0.063,23
1790510691.3,15.1867,11.3225,89.31,0.278,26
1790510691.4,15.1868,11.3283,89.31,-0.214,24
1790510691.5,15.1867,11.3177,89.32,0.007,26
1790510691.6,15.1867,11.3170,89.32,-0.042,22
1790510691.7,15.1867,11.3170,89.32,-0.034,24
1790510691.8,15.1867,11.3174,89.32,-0.055,24
1790510691.9,15.1867,11.3152,89.31,-0.032,25
1790510692.0,15.1866,11.3142,89.31,-0.045,24
1790510692.1,15.1867,11.3159,89.30,-0.076,26
1790510692.2,15.1867,11.3159,89.30,-0.053,24
1790510692.3,15.1866,11.3153,89.29,-0.011,25
1790510692.4,15.1866,11.3148,89.29,-0.018,23
1790510692.5,15.1866,11.3154,89.29,-0.027,26
1790510692.6,15.1866,11.3154,89.28,-0.027,24
1790510692.7,15.1866,11.3151,89.29,-0.036,24
1790510692.8,15.1866,11.3155,89.28,-0.026,26
1790510692.9,15.1866,11.3159,89.28,0.004,26
1790510693.0,15.1866,11.3157,89.29,-0.015,26
1790510693.1,15.1866,11.3149,89.28,-0.053,23
1790510693.2,15.1866,11.3147,89.28,-0.046,26
1790510693.3,15.1866,11.3142,89.27,0.123,26
1790510693.4,15.1866,11.3147,89.34,1.589,23
1790510693.5,15.1866,11.3147,90.35,11.973,24
1790510693.6,15.1866,11.3141,92.56,23.090,24
1790510693.7,15.1866,11.3133,94.75,25.612,26
1790510693.8,15.1869,11.3121,97.18,24.773,26
1790510693.9,15.1842,11.3216,99.70,25.201,25
1790510694.0,15.1838,11.3229,102.44,24.855,24
1790510694.1,15.1802,11.3319,104.82,24.142,25
1790510694.2,15.1800,11.3320,106.70,24.829,25
1790510694.3,15.1766,11.3391,109.77,25.244,25
1790510694.4,15.1746,11.3429,112.31,25.184,24
1790510694.5,15.1712,11.3477,114.76,24.691,26
1790510694.6,15.1687,11.3514,117.20,24.915,24
1790510694.7,15.1701,11.3497,119.61,24.190,26
1790510694.8,15.1682,11.3524,122.36,25.784,26
1790510694.9,15.1612,11.3606,124.71,25.960,23
1790510695.0,15.1597,11.3620,127.31,25.648,25
1790510695.1,15.1469,11.3739,130.16,26.467,27
1790510695.2,15.1447,11.3756,132.74,26.364,25
1790510695.3,15.1456,11.3745,135.47,26.153,24
1790510695.4,15.1462,11.3739,136.86,26.585,25
1790510695.5,15.1457,11.3745,139.60,26.767,24
1790510695.6,15.1453,11.3749,143.22,26.443,26
1790510695.7,15.1451,11.3750,145.91,26.935,26
1790510695.8,15.1458,11.3745,148.61,27.491,26
1790510695.9,15.1461,11.3744,151.59,27.382,23
1790510696.0,15.1460,11.3744,154.09,27.923,26
1790510696.1,15.1447,11.3751,157.31,28.728,24
1790510696.2,15.1429,11.3759,159.98,27.999,24
1790510696.3,15.1430,11.3757,162.78,27.997,25
1790510696.4,15.1443,11.3753,165.66,28.794,26
1790510696.5,15.1451,11.3752,168.43,28.320,25
1790510696.6,15.1451,11.3752,171.33,27.996,25
1790510696.7,15.1442,11.3754,174.23,29.507,26
1790510696.8,15.1439,11.3754,177.33,28.922,25
1790510696.9,15.1451,11.3753,-179.83,28.660,26
1790510697.0,15.1459,11.3753,-178.33,29.368,25
1790510697.1,15.1455,11.3754,-174.43,28.780,24
1790510697.2,15.1456,11.3754,-171.61,28.309,25
1790510697.3,15.1442,11.3752,-168.33,29.967,27
1790510697.4,15.1442,11.3751,-165.18,32.079,24
1790510697.5,15.1449,11.3753,-162.01,32.375,27
1790510697.6,15.1452,11.3755,-158.75,32.155,27
1790510697.7,15.1461,11.3758,-155.62,31.718,27
1790510697.8,15.1452,11.3755,-152.47,31.976,25
1790510697.9,15.1441,11.3748,-149.02,31.088,24
1790510698.0,15.1436,11.3745,-146.28,31.255,25
1790510698.1,15.1432,11.3742,-143.06,32.432,25
1790510698.2,15.1442,11.3749,-139.94,31.590,27
1790510698.3,15.1441,11.3750,-136.87,31.414,25
1790510698.4,15.1428,11.3738,-133.30,31.864,23
1790510698.5,15.1430,11.3738,-129.90,32.584,25
1790510698.6,15.1431,11.3740,-126.82,32.987,26
1790510698.7,15.1431,11.3740,-123.64,32.295,24
1790510698.8,15.1440,11.3753,-120.38,31.552,23
1790510698.9,15.1435,11.3738,-117.01,31.730,27
1790510699.0,15.1437,11.3747,-114.04,31.656,26
1790510699.1,15.1438,11.3762,-110.82,31.303,24
1790510699.2,15.1437,11.3758,-107.66,30.862,27
1790510699.3,15.1439,11.3767,-104.98,30.463,23
1790510699.4,15.1439,11.3796,-101.96,30.274,24
1790510699.5,15.1436,11.3780,-98.64,30.092,26
1790510699.6,15.1444,11.3702,-95.72,29.661,26
1790510699.7,15.1443,11.3708,-92.81,29.632,24
1790510699.8,15.1441,11.3716,-89.84,29.821,26
1790510699.9,15.1446,11.3698,-87.04,22.409,25
1790510700.0,15.1446,11.3703,-87.39,-3.998,25
1790510700.1,15.1473,11.3608,-87.42,-0.268,26
1790510700.2,15.1473,11.3606,-87.48,-0.026,25
1790510700.3,15.1474,11.3568,-87.48,-0.086,26
1790510700.4,15.1475,11.3554,-87.48,-0.071,23
1790510700.5,15.1475,11.3542,-87.49,-0.028,25
1790510700.6,15.1475,11.3541,-87.49,-0.046,26
1790510700.7,15.1475,11.3541,-87.49,-0.029,25
1790510700.8,15.1475,11.3534,-87.50,0.006,25
1790510700.9,15.1475,11.3537,-87.50,-0.013,26
1790510701.0,15.1475,11.3537,-87.50,0.002,27
1790510701.1,15.1475,11.3549,-87.50,0.007,24
1790510701.2,15.1475,11.3532,-87.50,-0.053,26
1790510701.3,15.1475,11.3538,-87.51,-0.014,27
1790510701.4,15.1475,11.3547,-87.51,-0.018,25
1790510701.5,15.1475,11.3543,-87.51,-0.000,24
1790510701.6,15.1475,11.3543,-87.51,0.025,26
1790510701.7,15.1475,11.3539,-87.50,-0.010,26
1790510701.8,15.1475,11.3538,-87.51,-0.028,27
1790510701.9,15.1475,11.3541,-87.51,-0.014,26
1790510702.0,15.1475,11.3553,-87.53,-0.014,24
1790510702.1,15.1475,11.3546,-87.52,-0.006,25
1790510702.2,15.1474,11.3562,-87.53,-0.008,23
1790510702.3,15.1474,11.3556,-87.44,1.861,24
1790510702.4,15.1476,11.3516,-87.40,-0.821,26
1790510702.5,15.1481,11.3397,-87.42,-0.166,24
1790510702.6,15.1491,11.3189,-87.33,0.498,25
1790510702.7,15.1501,11.2962,-87.32,0.324,24
1790510702.8,15.1512,11.2716,-87.33,-0.419,23
1790510702.9,15.1528,11.2399,-87.37,-0.534,25
1790510703.0,15.1539,11.2138,-87.62,-3.819,23
1790510703.1,15.1548,11.1900,-88.20,-6.041,24
1790510703.2,15.1553,11.1624,-89.32,-11.850,26
1790510703.3,15.1547,11.1388,-90.86,-16.773,26
1790510703.4,15.1533,11.1101,-92.42,-13.639,24
1790510703.5,15.1501,11.0861,-92.91,-3.347,24
1790510703.6,15.1477,11.0694,-92.83,-0.415,25
1790510703.7,15.1462,11.0437,-92.87,-0.069,25
1790510703.8,15.1447,11.0198,-92.94,-0.223,24
1790510703.9,15.1434,10.9952,-92.96,0.132,24
1790510704.0,15.1419,10.9672,-92.95,-0.067,25
1790510704.1,15.1406,10.9428,-93.00,-0.245,26
1790510704.2,15.1391,10.9137,-92.98,0.111,27
1790510704.3,15.1374,10.8807,-93.01,-0.551,27
1790510704.4,15.1362,10.8575,-92.99,0.526,26
1790510704.5,15.1343,10.8219,-92.99,-0.153,27
1790510704.6,15.1331,10.7993,-93.06,-0.662,27
1790510704.7,15.1312,10.7639,-93.03,0.105,23
1790510704.8,15.1297,10.7363,-93.04,-0.080,28
1790510704.9,15.1281,10.7044,-93.04,0.548,25
1790510705.0,15.1276,10.6959,-93.03,-0.113,27
1790510705.1,15.1252,10.6519,-93.08,-0.532,25
1790510705.2,15.1242,10.6319,-93.00,0.769,25
1790510705.3,15.1226,10.6014,-93.02,-0.265,25
1790510705.4,15.1212,10.5736,-93.09,-0.079,26
1790510705.5,15.1199,10.5521,-93.08,0.033,26
1790510705.6,15.1181,10.5192,-93.09,-0.118,25
1790510705.7,15.1167,10.4924,-93.04,0.320,26
1790510705.8,15.1152,10.4653,-93.03,0.020,25
1790510705.9,15.1139,10.4386,-93.05,0.062,25
1790510706.0,15.1122,10.4096,-93.03,0.120,26
1790510706.1,15.1106,10.3786,-93.03,-0.183,26
1790510706.2,15.1093,10.3513,-93.00,0.284,26
1790510706.3,15.1079,10.3257,-92.97,0.322,25
1790510706.4,15.1063,10.2917,-92.97,0.180,24
1790510706.5,15.1050,10.2677,-92.86,1.123,27
1790510706.6,15.1036,10.2382,-92.73,1.222,22
1790510706.7,15.1025,10.2128,-92.61,1.483,24
1790510706.8,15.1018,10.1884,-92.44,1.514,24
1790510706.9,15.1007,10.1629,-92.31,1.711,26
1790510707.0,15.0997,10.1324,-92.10,2.116,26
1790510707.1,15.0988,10.1033,-91.84,2.774,24
1790510707.2,15.0979,10.0696,-91.40,5.472,25
1790510707.3,15.0979,10.0411,-90.21,12.203,26
1790510707.4,15.0985,10.0219,-89.09,11.986,26
1790510707.5,15.1010,9.9920,-87.85,11.540,25
1790510707.6,15.1034,9.9617,-86.88,8.579,25
1790510707.7,15.1069,9.9312,-86.70,1.568,25
1790510707.8,15.1081,9.9175,-86.72,0.443,26
1790510707.9,15.1119,9.8730,-86.60,0.591,27
1790510708.0,15.1137,9.8432,-86.57,0.198,24
1790510708.1,15.1152,9.8184,-86.53,0.411,26
1790510708.2,15.1167,9.7944,-86.48,0.426,25
1790510708.3,15.1190,9.7576,-86.44,0.259,27
1790510708.4,15.1206,9.7327,-86.41,0.429,26
1790510708.5,15.1220,9.7115,-86.39,0.205,25
1790510708.6,15.1241,9.6801,-86.38,0.112,24
1790510708.7,15.1262,9.6468,-86.35,0.275,26
1790510708.8,15.1274,9.6290,-86.30,0.349,26
1790510708.9,15.1293,9.5988,-86.30,0.090,25
1790510709.0,15.1312,9.5705,-86.26,0.458,28
1790510709.1,15.1332,9.5388,-86.24,0.292,23
1790510709.2,15.1345,9.5205,-86.22,0.004,27
1790510709.3,15.1362,9.4941,-86.18,0.484,25
1790510709.4,15.1387,9.4587,-86.14,0.297,26
1790510709.5,15.1404,9.4336,-86.15,0.145,25
1790510709.6,15.1419,9.4113,-86.15,0.256,27
1790510709.7,15.1438,9.3849,-86.10,0.191,25
1790510709.8,15.1457,9.3555,-86.07,0.146,26
1790510709.9,15.1479,9.3243,-86.03,0.482,25
1790510710.0,15.1500,9.2934,-86.03,-0.030,23
1790510710.1,15.1519,9.2680,-86.11,-1.733,26
1790510710.2,15.1537,9.2408,-86.48,-3.544,25
1790510710.3,15.1556,9.2036,-86.67,-2.069,24
1790510710.4,15.1567,9.1790,-87.12,-4.863,26
1790510710.5,15.1579,9.1457,-87.82,-6.844,26
1790510710.6,15.1585,9.1291,-88.22,-4.846,23
1790510710.7,15.1582,9.0910,-88.33,-0.456,26
1790510710.8,15.1583,9.0640,-88.41,-0.100,25
1790510710.9,15.1594,9.0335,-88.38,0.278,27
1790510711.0,15.1601,8.9946,-88.42,-0.397,26
1790510711.1,15.1613,8.9531,-88.41,0.244,29
1790510711.2,15.1624,8.9173,-88.46,-0.581,24
1790510711.3,15.1636,8.8760,-88.44,-0.111,24
1790510711.4,15.1646,8.8341,-88.56,-1.373,27
1790510711.5,15.1652,8.7968,-88.81,-3.622,26
1790510711.6,15.1659,8.7493,-89.50,-5.776,25
1790510711.7,15.1659,8.7175,-90.03,-3.994,24
1790510711.8,15.1641,8.6874,-90.11,-1.375,23
1790510711.9,15.1634,8.6488,-90.13,-0.116,24
1790510712.0,15.1632,8.6309,-90.14,-0.377,26
1790510712.1,15.1632,8.5779,-90.19,-0.091,26
1790510712.2,15.1629,8.5462,-90.18,-0.088,19
1790510712.3,15.1627,8.5046,-90.21,-0.073,23
1790510712.4,15.1624,8.4663,-90.20,-0.073,25
1790510712.5,15.1624,8.4317,-90.20,0.181,25
1790510712.6,15.1622,8.3884,-90.19,-0.389,24
1790510712.7,15.1620,8.3491,-90.21,0.457,25
1790510712.8,15.1621,8.3134,-90.20,-0.245,27
1790510712.9,15.1617,8.2785,-90.26,-0.254,26
1790510713.0,15.1618,8.2539,-90.20,0.576,25
1790510713.1,15.1614,8.2170,-90.26,-0.403,25
1790510713.2,15.1614,8.1842,-90.24,0.170,22
1790510713.3,15.1609,8.1456,-90.28,-0.222,25
1790510713.4,15.1609,8.1307,-90.24,0.282,25
1790510713.5,15.1606,8.0833,-90.25,-0.268,25
1790510713.6,15.1609,8.0424,-90.25,0.212,25
1790510713.7,15.1607,8.0049,-90.25,-0.012,24
1790510713.8,15.1606,7.9715,-90.23,-0.008,24
1790510713.9,15.1605,7.9374,-90.20,-0.019,26
1790510714.0,15.1605,7.9146,-90.19,0.191,26
1790510714.1,15.1604,7.8738,-90.17,-0.109,26
1790510714.2,15.1603,7.8472,-90.16,0.208,27
1790510714.3,15.1600,7.8050,-90.15,0.115,24
1790510714.4,15.1600,7.7764,-90.14,0.149,25
1790510714.5,15.1600,7.7435,-90.11,0.200,26
1790510714.6,15.1598,7.7107,-90.13,0.108,24
1790510714.7,15.1598,7.6783,-90.09,0.554,25
1790510714.8,15.1597,7.6503,-90.14,-0.410,21
1790510714.9,15.1596,7.6131,-90.11,0.285,25
1790510715.0,15.1594,7.5817,-90.06,-0.151,27
1790510715.1,15.1593,7.5600,-90.16,0.165,24
1790510715.2,15.1595,7.5187,-90.07,0.072,26
1790510715.3,15.1595,7.4840,-90.09,0.037,27
1790510715.4,15.1593,7.4464,-90.07,0.177,26
1790510715.5,15.1591,7.4126,-90.09,-0.027,26
1790510715.6,15.1591,7.3819,-90.06,0.363,24
1790510715.7,15.1590,7.3560,-90.07,-0.199,24
1790510715.8,15.1592,7.3169,-90.05,0.162,25
1790510715.9,15.1590,7.2837,-90.04,-0.024,24
1790510716.0,15.1591,7.2571,-90.03,0.090,25
1790510716.1,15.1591,7.2432,-90.02,0.396,25
1790510716.2,15.1591,7.2091,-90.01,-0.054,22
1790510716.3,15.1590,7.1752,-90.00,0.455,26
1790510716.4,15.1589,7.1222,-89.98,-0.027,26
1790510716.5,15.1589,7.0868,-89.98,0.322,24
1790510716.6,15.1592,7.0665,-89.95,-0.190,26
1790510716.7,15.1593,7.0300,-89.91,0.415,26
1790510716.8,15.1593,6.9967,-89.92,-0.024,26
1790510716.9,15.1593,6.9537,-89.91,0.280,25
1790510717.0,15.1594,6.9251,-89.90,-0.131,25
1790510717.1,15.1596,6.8855,-89.86,0.415,26
1790510717.2,15.1597,6.8470,-89.88,-0.162,25
1790510717.3,15.1597,6.8048,-89.84,0.238,27
1790510717.4,15.1598,6.7667,-89.85,0.104,25
1790510717.5,15.1598,6.7456,-89.82,0.039,27
1790510717.6,15.1600,6.6985,-89.82,0.270,26
1790510717.7,15.1604,6.6547,-89.80,-0.042,24
1790510717.8,15.1604,6.6198,-89.79,0.350,26
1790510717.9,15.1606,6.5779,-89.81,-0.392,23
1790510718.0,15.1609,6.5480,-89.78,0.465,27
1790510718.1,15.1610,6.5047,-89.79,-0.125,26
1790510718.2,15.1611,6.4629,-89.73,0.407,23
1790510718.3,15.1613,6.4240,-89.74,0.027,24
1790510718.4,15.1615,6.3847,-89.69,0.240,26
1790510718.5,15.1616,6.3469,-89.72,0.072,25
1790510718.6,15.1622,6.3022,-89.67,0.186,26
1790510718.7,15.1622,6.2611,-89.67,0.282,26
1790510718.8,15.1625,6.2228,-89.63,0.244,25
1790510718.9,15.1626,6.1837,-89.63,0.182,26
1790510719.0,15.1631,6.1459,-89.60,0.077,26
1790510719.1,15.1632,6.1089,-89.62,0.330,25
1790510719.2,15.1636,6.0779,-89.60,-0.193,27
1790510719.3,15.1639,6.0321,-89.56,0.511,28
1790510719.4,15.1644,5.9892,-89.56,-0.094,26
1790510719.5,15.1646,5.9540,-89.51,0.371,22
1790510719.6,15.1645,5.9211,-89.53,-0.056,26
1790510719.7,15.1651,5.8803,-89.48,0.181,26
1790510719.8,15.1655,5.8437,-89.47,0.188,26
1790510719.9,15.1659,5.8035,-89.44,-0.101,27
1790510720.0,15.1662,5.7654,-89.43,0.502,26
1790510720.1,15.1668,5.7243,-89.42,-0.144,25
1790510720.2,15.1671,5.6906,-89.40,0.525,24
1790510720.3,15.1674,5.6516,-89.40,-0.271,25
1790510720.4,15.1679,5.6106,-89.37,0.438,24
1790510720.5,15.1684,5.5678,-89.41,-0.365,25
1790510720.6,15.1688,5.5313,-89.35,0.332,25
1790510720.7,15.1694,5.4922,-89.35,0.025,24
1790510720.8,15.1698,5.4552,-89.30,0.174,23
1790510720.9,15.1704,5.4106,-89.31,0.212,27
1790510721.0,15.1709,5.3731,-89.28,0.088,26
1790510721.1,15.1716,5.3351,-89.27,0.240,27
1790510721.2,15.1722,5.2913,-89.24,0.083,23
1790510721.3,15.1727,5.2544,-89.22,0.359,23
1790510721.4,15.1733,5.2042,-89.22,0.002,23
1790510721.5,15.1739,5.1655,-89.20,0.365,26
1790510721.6,15.1742,5.1476,-89.18,-0.092,26
1790510721.7,15.1752,5.0900,-89.15,0.427,25
1790510721.8,15.1755,5.0644,-89.16,-0.001,21
1790510721.9,15.1763,5.0170,-89.11,0.254,25
1790510722.0,15.1767,4.9748,-89.12,0.006,24
1790510722.1,15.1775,4.9238,-89.09,0.173,24
1790510722.2,15.1781,4.8870,-89.11,0.061,26
1790510722.3,15.1788,4.8503,-89.08,-0.065,23
1790510722.4,15.1793,4.8102,-89.08,0.355,22
1790510722.5,15.1800,4.7717,-89.06,0.019,26
1790510722.6,15.1807,4.7317,-89.06,0.438,27
1790510722.7,15.1814,4.6921,-89.05,-0.052,26
1790510722.8,15.1820,4.6475,-89.01,0.524,26
1790510722.9,15.1828,4.6069,-89.02,-0.142,26
1790510723.0,15.1831,4.5876,-89.00,0.299,25
1790510723.1,15.1840,4.5364,-89.01,-0.252,25
1790510723.2,15.1848,4.4982,-88.96,0.467,25
1790510723.3,15.1856,4.4507,-88.97,0.020,26
1790510723.4,15.1863,4.4131,-88.93,0.110,25
1790510723.5,15.1870,4.3730,-88.93,0.336,25
1790510723.6,15.1877,4.3388,-88.90,-0.053,25
1790510723.7,15.1885,4.2942,-88.91,0.298,25
1790510723.8,15.1893,4.2601,-88.89,-0.089,24
1790510723.9,15.1901,4.2187,-88.85,0.553,24
1790510724.0,15.1909,4.1800,-88.84,-0.041,28
1790510724.1,15.1917,4.1386,-88.80,0.425,24
1790510724.2,15.1925,4.0984,-88.82,0.009,27
1790510724.3,15.1934,4.0561,-88.77,0.353,26
1790510724.4,15.1938,4.0348,-88.80,-0.027,27
1790510724.5,15.1952,3.9853,-88.74,0.090,25
1790510724.6,15.1959,3.9492,-88.74,0.301,23
1790510724.7,15.1967,3.9135,-88.71,-0.061,24
1790510724.8,15.1974,3.8789,-88.71,0.368,24
1790510724.9,15.1986,3.8285,-88.70,-0.134,27
1790510725.0,15.1995,3.7882,-88.68,0.499,25
1790510725.1,15.2004,3.7521,-88.69,-0.204,28
1790510725.2,15.2013,3.7147,-88.63,0.576,25
1790510725.3,15.2023,3.6764,-88.66,-0.066,27
1790510725.4,15.2033,3.6364,-88.61,0.468,25
1790510725.5,15.2042,3.5953,-88.62,-0.055,26
1790510725.6,15.2053,3.5568,-88.59,-0.014,25
1790510725.7,15.2061,3.5178,-88.61,-0.009,23
1790510725.8,15.2069,3.4891,-88.58,0.047,25
1790510725.9,15.2079,3.4439,-88.56,0.473,23
1790510726.0,15.2093,3.3998,-88.56,-0.149,27
1790510726.1,15.2102,3.3590,-88.52,0.532,24
1790510726.2,15.2111,3.3225,-88.53,-0.144,24
1790510726.3,15.2122,3.2832,-88.49,0.511,27
1790510726.4,15.2133,3.2462,-88.49,-0.145,25
1790510726.5,15.2147,3.2023,-88.43,0.524,25
1790510726.6,15.2158,3.1627,-88.43,0.040,24
1790510726.7,15.2168,3.1293,-88.40,0.307,26
1790510726.8,15.2179,3.0853,-88.40,-0.056,26
1790510726.9,15.2191,3.0468,-88.37,0.345,25
1790510727.0,15.2201,3.0078,-88.38,0.022,25
1790510727.1,15.2212,2.9712,-88.36,0.183,25
1790510727.2,15.2218,2.9508,-88.35,0.201,25
1790510727.3,15.2235,2.8929,-88.32,0.147,26
1790510727.4,15.2247,2.8520,-88.31,0.278,25
1790510727.5,15.2258,2.8140,-88.32,-0.163,26
1790510727.6,15.2269,2.7795,-88.28,0.277,24
1790510727.7,15.2280,2.7435,-88.27,-0.065,25
1790510727.8,15.2292,2.7031,-88.24,0.529,27
1790510727.9,15.2305,2.6602,-88.23,-0.030,24
1790510728.0,15.2317,2.6258,-88.16,0.625,22
1790510728.1,15.2332,2.5792,-88.20,-0.164,26
1790510728.2,15.2346,2.5391,-88.17,-0.058,27
1790510728.3,15.2356,2.5072,-88.18,-0.005,26
1790510728.4,15.2370,2.4630,-88.15,0.185,24
1790510728.5,15.2378,2.4434,-88.14,0.418,26
1790510728.6,15.2396,2.3902,-88.10,-0.105,23
1790510728.7,15.2408,2.3490,-88.08,0.426,24
1790510728.8,15.2421,2.3093,-88.09,-0.212,23
1790510728.9,15.2434,2.2726,-88.05,0.278,25
1790510729.0,15.2447,2.2354,-88.06,0.002,27
1790510729.1,15.2461,2.1942,-88.01,0.429,25
1790510729.2,15.2478,2.1487,-88.01,0.161,28
1790510729.3,15.2491,2.1101,-87.97,0.205,21
1790510729.4,15.2503,2.0772,-88.04,0.107,26
1790510729.5,15.2519,2.0361,-88.00,-0.132,23
1790510729.6,15.2532,1.9973,-87.98,0.361,26
1790510729.7,15.2549,1.9524,-87.96,-0.034,24
1790510729.8,15.2562,1.9164,-87.94,0.550,24
1790510729.9,15.2569,1.8967,-87.92,-0.180,23
1790510730.0,15.2590,1.8430,-87.90,0.389,24
1790510730.1,15.2604,1.8021,-87.92,-0.135,25
1790510730.2,15.2618,1.7638,-87.86,0.308,25
1790510730.3,15.2633,1.7220,-87.88,-0.028,28
1790510730.4,15.2648,1.6832,-87.83,0.217,26
1790510730.5,15.2661,1.6502,-87.84,0.190,24
1790510730.6,15.2676,1.6124,-87.78,0.347,27
1790510730.7,15.2690,1.5749,-87.86,-1.062,28
1790510730.8,15.2702,1.5410,-88.38,-6.844,25
1790510730.9,15.2710,1.5101,-89.34,-10.920,23
1790510731.0,15.2698,1.4811,-90.73,-14.033,24
1790510731.1,15.2676,1.4515,-92.57,-18.086,25
1790510731.2,15.2650,1.4264,-94.13,-18.106,23
1790510731.3,15.2609,1.4003,-95.91,-17.821,26
1790510731.4,15.2545,1.3748,-97.91,-18.099,24
1790510731.5,15.2483,1.3531,-99.67,-17.730,24
1790510731.6,15.2424,1.3258,-101.51,-18.314,25
1790510731.7,15.2347,1.3031,-103.26,-18.316,25
1790510731.8,15.2259,1.2796,-105.14,-18.058,27
1790510731.9,15.2163,1.2579,-107.03,-17.992,25
1790510732.0,15.2076,1.2355,-108.72,-18.053,24
1790510732.1,15.1967,1.2117,-110.51,-18.386,28
1790510732.2,15.1855,1.1932,-112.32,-17.490,25
1790510732.3,15.1742,1.1711,-114.10,-18.128,25
1790510732.4,15.1593,1.1491,-115.92,-17.984,24
1790510732.5,15.1533,1.1369,-116.86,-17.914,25
1790510732.6,15.1306,1.1032,-119.71,-18.971,27
1790510732.7,15.1162,1.0873,-121.72,-19.820,23
1790510732.8,15.1015,1.0680,-123.76,-19.710,26
1790510732.9,15.0927,1.0599,-124.71,-19.430,25
1790510733.0,15.0704,1.0357,-127.45,-19.464,27
1790510733.1,15.0538,1.0178,-129.42,-19.960,25
1790510733.2,15.0375,1.0050,-131.30,-19.028,28
1790510733.3,15.0196,0.9895,-133.21,-19.239,24
1790510733.4,15.0050,0.9767,-135.06,-18.931,28
1790510733.5,14.9868,0.9644,-136.95,-19.286,26
1790510733.6,14.9638,0.9463,-139.22,-20.412,24
1790510733.7,14.9506,0.9376,-140.72,-19.617,26
1790510733.8,14.9271,0.9251,-143.12,-20.137,24
1790510733.9,14.9080,0.9141,-145.15,-20.588,24
1790510734.0,14.8891,0.9060,-147.17,-20.019,25
1790510734.1,14.8680,0.8954,-149.19,-20.457,25
1790510734.2,14.8501,0.8897,-151.20,-20.083,25
1790510734.3,14.8266,0.8805,-153.42,-20.557,25
1790510734.4,14.8091,0.8733,-155.21,-20.312,26
1790510734.5,14.7875,0.8675,-157.32,-20.433,26
1790510734.6,14.7650,0.8608,-159.28,-20.722,25
1790510734.7,14.7420,0.8553,-161.59,-20.557,26
1790510734.8,14.7238,0.8512,-163.69,-21.316,23
1790510734.9,14.7060,0.8501,-165.77,-21.022,24
1790510735.0,14.6823,0.8464,-167.82,-20.615,25
1790510735.1,14.6641,0.8463,-169.89,-20.660,26
1790510735.2,14.6432,0.8446,-171.94,-20.409,24
1790510735.3,14.6200,0.8456,-174.08,-20.963,26
1790510735.4,14.6006,0.8452,-176.14,-20.395,24
1790510735.5,14.5787,0.8456,-178.28,-20.755,25
1790510735.6,14.5594,0.8482,179.66,-20.282,26
1790510735.7,14.5446,0.8495,178.30,-10.841,25
1790510735.8,14.5264,0.8532,178.48,2.735,24
1790510735.9,14.5240,0.8540,178.60,0.490,24
1790510736.0,14.5272,0.8540,178.56,0.177,26
1790510736.1,14.5314,0.8539,178.60,-0.042,25
1790510736.2,14.5316,0.8539,178.59,0.024,24
1790510736.3,14.5318,0.8539,178.61,0.033,25
1790510736.4,14.5323,0.8538,178.61,0.050,25
1790510736.5,14.5318,0.8538,178.61,0.003,26
1790510736.6,14.5324,0.8538,178.61,-0.008,26
1790510736.7,14.5325,0.8538,178.61,0.022,25
1790510736.8,14.5318,0.8538,178.61,0.041,27
1790510736.9,14.5317,0.8538,178.62,0.052,26
1790510737.0,14.5316,0.8538,178.63,0.027,26
1790510737.1,14.5337,0.8537,178.63,0.038,26
1790510737.2,14.5331,0.8537,178.63,0.049,24
1790510737.3,14.5328,0.8537,178.63,0.008,23
1790510737.4,14.5339,0.8537,178.64,0.034,27
1790510737.5,14.5337,0.8537,178.65,-0.014,26
1790510737.6,14.5337,0.8537,178.65,0.035,26
1790510737.7,14.5334,0.8537,178.66,0.028,26
1790510737.8,14.5343,0.8537,178.66,0.026,26
1790510737.9,14.5339,0.8537,178.65,-0.064,24
1790510738.0,14.5343,0.8537,178.65,0.002,24
1790510738.1,14.5340,0.8537,178.65,-0.001,24
1790510738.2,14.5343,0.8537,178.65,0.014,26
1790510738.3,14.5344,0.8537,178.65,-0.020,24
1790510738.4,14.5347,0.8537,178.65,-0.050,26
1790510738.5,14.5345,0.8537,178.65,-0.014,26
1790510738.6,14.5344,0.8536,178.64,-0.058,23
1790510738.7,14.5347,0.8536,178.64,0.050,27
1790510738.8,14.5344,0.8537,178.65,-0.009,24
1790510738.9,14.5338,0.8537,178.65,-0.022,23
1790510739.0,14.5343,0.8536,178.64,-0.015,25
1790510739.1,14.5341,0.8537,178.65,-0.027,25
1790510739.2,14.5341,0.8537,178.66,0.029,25
1790510739.3,14.5337,0.8537,178.66,0.013,24
1790510739.4,14.5337,0.8537,178.66,-0.015,23
1790510739.5,14.5330,0.8537,178.65,-0.020,23
1790510739.6,14.5326,0.8537,178.58,-1.232,28
1790510739.7,14.5292,0.8538,178.54,-0.132,26
1790510739.8,14.5150,0.8541,178.68,1.380,26
1790510739.9,14.4850,0.8548,178.63,-0.058,25
1790510740.0,14.4600,0.8553,178.44,-0.850,24
1790510740.1,14.4342,0.8560,178.53,-0.567,25
1790510740.2,14.4004,0.8569,178.64,1.268,26
1790510740.3,14.3658,0.8578,178.62,-0.795,26
1790510740.4,14.3340,0.8584,178.50,-0.214,25
1790510740.5,14.2964,0.8594,178.54,0.271,26
1790510740.6,14.2557,0.8606,178.51,0.105,25
1790510740.7,14.2122,0.8615,178.51,-0.902,25
1790510740.8,14.1752,0.8625,178.52,0.483,27
1790510740.9,14.1355,0.8635,178.54,0.071,25
1790510741.0,14.0972,0.8646,178.54,0.322,23
1790510741.1,14.0559,0.8656,178.49,-0.182,23
1790510741.2,14.0192,0.8665,178.56,0.445,26
1790510741.3,13.9760,0.8676,178.53,-0.110,23
1790510741.4,13.9352,0.8686,178.57,0.185,25
1790510741.5,13.8990,0.8695,178.52,-0.248,26
1790510741.6,13.8613,0.8704,178.64,0.518,25
1790510741.7,13.8189,0.8715,178.62,0.433,26
1790510741.8,13.7763,0.8725,178.60,-0.278,24
1790510741.9,13.7365,0.8735,178.64,0.444,26
1790510742.0,13.7176,0.8739,178.64,-0.494,27
1790510742.1,13.6753,0.8750,178.62,0.509,25
1790510742.2,13.6259,0.8762,178.64,-0.275,25
1790510742.3,13.5835,0.8771,178.68,0.552,24
1790510742.4,13.5458,0.8779,178.68,-0.120,27
1790510742.5,13.4974,0.8791,178.74,0.446,26
1790510742.6,13.4545,0.8801,178.72,0.173,27
1790510742.7,13.4179,0.8808,178.76,0.179,28
1790510742.8,13.3815,0.8815,178.77,0.273,25
1790510742.9,13.3388,0.8825,178.79,-0.038,26
1790510743.0,13.2982,0.8834,178.80,0.492,25
1790510743.1,13.2622,0.8841,178.80,-0.364,26
1790510743.2,13.2261,0.8849,178.84,0.704,23
1790510743.3,13.1877,0.8855,178.84,-0.424,26
1790510743.4,13.1436,0.8865,178.88,0.637,26
1790510743.5,13.1046,0.8873,178.85,-0.260,27
1790510743.6,13.0649,0.8878,178.91,0.401,24
1790510743.7,13.0191,0.8888,178.90,0.067,25
1790510743.8,12.9805,0.8895,178.95,0.264,25
1790510743.9,12.9461,0.8900,178.95,0.162,26
1790510744.0,12.9077,0.8907,178.96,-0.047,28
1790510744.1,12.8633,0.8913,178.96,0.304,27
1790510744.2,12.8256,0.8921,179.00,-0.130,26
1790510744.3,12.7895,0.8927,179.02,0.606,22
1790510744.4,12.7470,0.8934,179.02,-0.348,23
1790510744.5,12.7094,0.8940,179.06,0.518,25
1790510744.6,12.6695,0.8946,179.03,-0.374,26
1790510744.7,12.6294,0.8952,179.10,0.452,26
1790510744.8,12.5874,0.8960,179.06,-0.063,25
1790510744.9,12.5482,0.8965,179.12,0.474,26
1790510745.0,12.5085,0.8972,179.10,0.095,27
1790510745.1,12.4701,0.8977,179.15,0.228,25
1790510745.2,12.4267,0.8983,179.16,0.317,25
1790510745.3,12.3924,0.8987,179.19,0.075,25
1790510745.4,12.3522,0.8993,179.19,0.345,26
1790510745.5,12.3163,0.8998,179.21,-0.226,24
1790510745.6,12.2733,0.9004,179.24,0.542,26
1790510745.7,12.2318,0.9009,179.21,-0.366,25
1790510745.8,12.1880,0.9015,179.26,0.626,26
1790510745.9,12.1503,0.9020,179.22,-0.350,25
1790510746.0,12.1162,0.9025,179.27,0.516,24
1790510746.1,12.0758,0.9030,179.25,-0.095,25
1790510746.2,12.0553,0.9033,179.30,0.200,26
1790510746.3,12.0018,0.9040,179.29,0.219,27
1790510746.4,11.9593,0.9044,179.33,0.118,27
1790510746.5,11.9225,0.9049,179.33,0.321,24
1790510746.6,11.8827,0.9053,179.36,-0.293,26
1790510746.7,11.8498,0.9056,179.35,0.374,25
1790510746.8,11.8112,0.9061,179.37,-0.173,24
1790510746.9,11.7699,0.9065,179.41,0.654,27
1790510747.0,11.7250,0.9068,179.39,-0.274,26
1790510747.1,11.6881,0.9071,179.45,0.547,26
1790510747.2,11.6484,0.9076,179.41,-0.050,22
1790510747.3,11.6101,0.9077,179.48,0.230,24
1790510747.4,11.5759,0.9082,179.47,0.153,25
1790510747.5,11.5357,0.9085,179.52,0.104,25
1790510747.6,11.4952,0.9088,179.53,0.437,27
1790510747.7,11.4617,0.9090,179.55,-0.202,25
1790510747.8,11.4234,0.9091,179.61,0.648,27
1790510747.9,11.3830,0.9094,179.60,-0.220,24
1790510748.0,11.3420,0.9097,179.65,0.621,25
1790510748.1,11.3018,0.9100,179.63,-0.410,26
1790510748.2,11.2819,0.9101,179.64,0.498,25
1790510748.3,11.2246,0.9104,179.63,-0.378,25
1790510748.4,11.1871,0.9106,179.71,0.359,25
1790510748.5,11.1512,0.9109,179.63,-0.178,26
1790510748.6,11.1100,0.9109,179.69,0.064,24
1790510748.7,11.0738,0.9112,179.66,0.298,25
1790510748.8,11.0351,0.9114,179.71,-0.118,26
1790510748.9,10.9913,0.9116,179.70,0.450,24
1790510749.0,10.9468,0.9119,179.73,-0.135,25
1790510749.1,10.9090,0.9120,179.77,0.495,27
1790510749.2,10.8729,0.9122,179.74,-0.368,25
1790510749.3,10.8333,0.9124,179.78,0.516,26
1790510749.4,10.7900,0.9125,179.77,-0.171,24
1790510749.5,10.7535,0.9127,179.83,0.528,25
1790510749.6,10.7132,0.9128,179.80,-0.027,26
1790510749.7,10.6767,0.9128,179.86,0.306,26
1790510749.8,10.6329,0.9129,179.83,0.071,23
1790510749.9,10.5934,0.9130,179.88,0.104,24
1790510750.0,10.5539,0.9132,179.86,0.207,23
1790510750.1,10.5138,0.9132,179.90,0.059,25
1790510750.2,10.4928,0.9133,179.89,0.423,27
1790510750.3,10.4518,0.9132,179.93,-0.188,26
1790510750.4,10.4000,0.9132,179.96,0.496,22
1790510750.5,10.3559,0.9133,179.95,-0.193,28
1790510750.6,10.3165,0.9133,-179.99,0.439,26
1790510750.7,10.2791,0.9133,179.97,-0.026,26
1790510750.8,10.2414,0.9133,-179.99,0.279,26
1790510750.9,10.2032,0.9133,180.00,0.049,24
1790510751.0,10.1631,0.9132,-179.97,0.288,28
1790510751.1,10.1247,0.9133,180.00,0.009,26
1790510751.2,10.0806,0.9132,-179.95,0.098,27
1790510751.3,10.0437,0.9132,-179.96,0.237,26
1790510751.4,10.0041,0.9132,-179.93,-0.034,26
1790510751.5,9.9666,0.9130,-179.91,0.400,26
1790510751.6,9.9235,0.9130,-179.90,-0.010,24
1790510751.7,9.8855,0.9128,-179.86,0.407,26
1790510751.8,9.8480,0.9127,-179.89,-0.447,25
1790510751.9,9.8085,0.9127,-179.85,0.622,26
1790510752.0,9.7637,0.9126,-179.87,-0.184,27
1790510752.1,9.7245,0.9124,-179.80,0.474,24
1790510752.2,9.6855,0.9123,-179.82,0.053,27
1790510752.3,9.6476,0.9121,-179.78,0.204,26
1790510752.4,9.6204,0.9120,-179.81,0.175,28
1790510752.5,9.5707,0.9117,-179.75,-0.110,27
1790510752.6,9.5299,0.9116,-179.73,0.535,27
1790510752.7,9.4895,0.9113,-179.73,-0.201,24
1790510752.8,9.4524,0.9111,-179.68,0.594,23
1790510752.9,9.4120,0.9109,-179.71,-0.169,25
1790510753.0,9.3716,0.9106,-179.67,0.347,27
1790510753.1,9.3316,0.9104,-179.69,0.083,26
1790510753.2,9.2916,0.9102,-179.66,0.196,26
1790510753.3,9.2511,0.9100,-179.66,0.145,26
1790510753.4,9.2072,0.9096,-179.62,0.057,26
1790510753.5,9.1735,0.9095,-179.64,0.294,26
1790510753.6,9.1367,0.9092,-179.61,-0.091,24
1790510753.7,9.0956,0.9090,-179.62,0.356,25
1790510753.8,9.0572,0.9086,-179.60,-0.292,24
1790510753.9,9.0159,0.9083,-179.57,0.483,23
1790510754.0,8.9743,0.9081,-179.58,-0.276,24
1790510754.1,8.9324,0.9077,-179.52,0.619,24
1790510754.2,8.8977,0.9074,-179.54,-0.134,26
1790510754.3,8.8623,0.9071,-179.48,0.425,24
1790510754.4,8.8251,0.9067,-179.54,-0.244,26
1790510754.5,8.7936,0.9064,-179.49,0.340,25
1790510754.6,8.7403,0.9061,-179.52,0.034,23
1790510754.7,8.7029,0.9057,-179.46,-0.079,22
1790510754.8,8.6642,0.9053,-179.46,0.436,23
1790510754.9,8.6242,0.9048,-179.44,-0.228,26
1790510755.0,8.5896,0.9045,-179.43,0.442,25
1790510755.1,8.5469,0.9041,-179.44,-0.371,26
1790510755.2,8.5036,0.9036,-179.39,0.623,25
1790510755.3,8.4738,0.9034,-179.42,-0.402,25
1790510755.4,8.4373,0.9029,-179.37,0.472,25
1790510755.5,8.3895,0.9024,-179.39,0.002,25
1790510755.6,8.3492,0.9019,-179.34,0.367,25
1790510755.7,8.3041,0.9012,-179.33,0.236,26
1790510755.8,8.2722,0.9007,-179.29,0.095,25
1790510755.9,8.2335,0.9003,-179.30,0.324,25
1790510756.0,8.1930,0.8998,-179.29,-0.292,24
1790510756.1,8.1478,0.8992,-179.26,0.544,25
1790510756.2,8.1097,0.8987,-179.28,-0.487,27
1790510756.3,8.0713,0.8982,-179.23,0.560,26
1790510756.4,8.0365,0.8977,-179.24,-0.483,23
1790510756.5,7.9907,0.8972,-179.21,0.536,27
1790510756.6,7.9523,0.8966,-179.22,-0.172,26
1790510756.7,7.9085,0.8960,-179.16,0.518,26
1790510756.8,7.8687,0.8955,-179.18,0.063,22
1790510756.9,7.8339,0.8949,-179.14,0.303,23
1790510757.0,7.7970,0.8943,-179.17,-0.036,26
1790510757.1,7.7565,0.8937,-179.11,0.204,25
1790510757.2,7.7081,0.8933,-179.12,0.340,25
1790510757.3,7.6682,0.8926,-179.10,-0.191,26
1790510757.4,7.6338,0.8921,-179.10,0.288,24
1790510757.5,7.5920,0.8914,-179.10,-0.149,26
1790510757.6,7.5476,0.8908,-179.08,0.441,26
1790510757.7,7.5120,0.8902,-179.10,-0.264,26
1790510757.8,7.4672,0.8895,-179.06,0.532,25
1790510757.9,7.4297,0.8888,-179.08,-0.174,25
1790510758.0,7.3909,0.8882,-179.03,0.425,27
1790510758.1,7.3516,0.8875,-179.07,-0.230,26
1790510758.2,7.3121,0.8868,-179.00,0.504,26
1790510758.3,7.2732,0.8861,-179.03,-0.011,27
1790510758.4,7.2364,0.8854,-178.99,0.203,26
1790510758.5,7.1989,0.8848,-179.00,0.123,27
1790510758.6,7.1542,0.8839,-178.95,-0.015,21
1790510758.7,7.1142,0.8833,-178.96,0.380,27
1790510758.8,7.0740,0.8825,-178.95,-0.227,21
1790510758.9,7.0289,0.8816,-178.93,0.481,27
1790510759.0,6.9918,0.8809,-178.95,-0.299,25
1790510759.1,6.9531,0.8801,-178.89,0.503,26
1790510759.2,6.9093,0.8793,-178.92,-0.015,26
1790510759.3,6.8740,0.8786,-178.86,0.414,26
1790510759.4,6.8416,0.8779,-178.86,0.111,24
1790510759.5,6.7989,0.8770,-178.83,0.169,26
1790510759.6,6.7530,0.8761,-178.84,-0.024,23
1790510759.7,6.7183,0.8754,-178.82,-0.074,24
1790510759.8,6.6792,0.8746,-178.80,0.422,26
1790510759.9,6.6341,0.8737,-178.81,-0.277,24
1790510760.0,6.6027,0.8730,-178.77,0.471,26
1790510760.1,6.5606,0.8722,-178.80,-0.297,25
1790510760.2,6.5192,0.8713,-178.75,0.452,25
1790510760.3,6.4854,0.8706,-178.76,-0.002,24
1790510760.4,6.4389,0.8696,-178.70,0.293,24
1790510760.5,6.4200,0.8690,-178.71,0.283,26
1790510760.6,6.3788,0.8681,-178.66,0.039,26
1790510760.7,6.3245,0.8668,-178.67,0.461,25
1790510760.8,6.2885,0.8659,-178.65,-0.201,25
1790510760.9,6.2517,0.8651,-178.63,0.461,25
1790510761.0,6.2060,0.8636,-178.62,-0.324,26
1790510761.1,6.1749,0.8630,-178.61,0.663,24
1790510761.2,6.1341,0.8619,-178.61,-0.455,27
1790510761.3,6.0863,0.8608,-178.55,0.609,25
1790510761.4,6.0440,0.8597,-178.60,-0.355,27
1790510761.5,6.0028,0.8585,-178.53,0.355,25
1790510761.6,5.9660,0.8576,-178.56,0.026,26
1790510761.7,5.9295,0.8566,-178.52,0.155,23
1790510761.8,5.8901,0.8557,-178.52,0.296,24
1790510761.9,5.8489,0.8544,-178.48,-0.004,25
1790510762.0,5.8118,0.8536,-178.46,0.513,29
1790510762.1,5.7718,0.8524,-178.46,-0.394,26
1790510762.2,5.7313,0.8514,-178.43,0.511,23
1790510762.3,5.6908,0.8502,-178.45,-0.266,25
1790510762.4,5.6494,0.8491,-178.40,0.648,23
1790510762.5,5.6300,0.8486,-178.41,-0.256,27
1790510762.6,5.5792,0.8471,-178.37,0.452,24
1790510762.7,5.5391,0.8460,-178.41,-0.214,25
1790510762.8,5.4970,0.8448,-178.35,0.282,27
1790510762.9,5.4611,0.8438,-178.37,0.255,26
1790510763.0,5.4195,0.8425,-178.32,0.261,25
1790510763.1,5.3819,0.8414,-178.33,0.386,25
1790510763.2,5.3404,0.8400,-178.29,-0.072,27
1790510763.3,5.2992,0.8388,-178.26,0.445,23
1790510763.4,5.2624,0.8377,-178.25,-0.074,26
1790510763.5,5.2159,0.8362,-178.23,0.272,25
1790510763.6,5.1897,0.8354,-178.23,-0.158,27
1790510763.7,5.1457,0.8340,-178.21,0.436,24
1790510763.8,5.1063,0.8327,-178.24,-0.256,24
1790510763.9,5.0638,0.8314,-178.18,0.530,26
1790510764.0,5.0313,0.8304,-178.22,-0.145,26
1790510764.1,4.9907,0.8290,-178.17,0.332,27
1790510764.2,4.9516,0.8278,-178.18,0.111,26
1790510764.3,4.9107,0.8265,-178.14,0.039,24
1790510764.4,4.8738,0.8254,-178.13,0.371,23
1790510764.5,4.8345,0.8240,-178.12,-0.022,26
1790510764.6,4.8162,0.8235,-178.11,0.522,24
1790510764.7,4.7623,0.8216,-178.10,-0.377,28
1790510764.8,4.7187,0.8203,-178.05,0.404,24
1790510764.9,4.6825,0.8192,-178.08,-0.031,26
1790510765.0,4.6390,0.8176,-178.02,0.371,26
1790510765.1,4.6038,0.8165,-178.06,0.036,29
1790510765.2,4.5652,0.8151,-178.01,0.282,25
1790510765.3,4.5236,0.8136,-178.05,0.032,25
1790510765.4,4.4844,0.8122,-178.01,-0.029,26
1790510765.5,4.4430,0.8109,-178.00,0.309,22
1790510765.6,4.4048,0.8093,-177.97,-0.107,23
1790510765.7,4.3652,0.8078,-177.94,0.513,26
1790510765.8,4.3241,0.8063,-177.94,-0.240,26
1790510765.9,4.2877,0.8051,-177.91,0.570,24
1790510766.0,4.2507,0.8037,-177.92,-0.214,24
1790510766.1,4.2083,0.8022,-177.89,0.422,28
1790510766.2,4.1688,0.8006,-177.91,-0.172,26
1790510766.3,4.1321,0.7992,-177.86,0.385,23
1790510766.4,4.0908,0.7975,-177.87,-0.076,26
1790510766.5,4.0484,0.7960,-177.82,0.398,27
1790510766.6,4.0081,0.7946,-177.85,-0.020,27
1790510766.7,3.9725,0.7932,-177.80,0.232,25
1790510766.8,3.9303,0.7914,-177.82,0.113,26
1790510766.9,3.8954,0.7901,-177.78,-0.100,25
1790510767.0,3.8556,0.7885,-177.78,0.444,26
1790510767.1,3.8194,0.7870,-177.76,-0.121,27
1790510767.2,3.7777,0.7855,-177.74,0.510,25
1790510767.3,3.7359,0.7837,-177.76,-0.476,25
1790510767.4,3.6972,0.7823,-177.72,0.546,25
1790510767.5,3.6582,0.7807,-177.73,-0.071,26
1790510767.6,3.6201,0.7790,-177.66,0.645,25
1790510767.7,3.5777,0.7774,-177.69,-0.084,26
1790510767.8,3.5422,0.7760,-177.64,0.166,25
1790510767.9,3.4949,0.7739,-177.67,-0.026,23
1790510768.0,3.4592,0.7723,-177.62,-0.128,25
1790510768.1,3.4136,0.7704,-177.61,0.527,25
1790510768.2,3.3772,0.7689,-177.59,-0.123,26
1790510768.3,3.3387,0.7672,-177.57,0.475,26
1790510768.4,3.2979,0.7654,-177.58,-0.172,23
1790510768.5,3.2550,0.7637,-177.54,0.370,25
1790510768.6,3.2195,0.7620,-177.55,0.010,23
1790510768.7,3.1848,0.7604,-177.50,0.370,27
1790510768.8,3.1563,0.7592,-177.51,0.023,26
1790510768.9,3.1012,0.7567,-177.48,0.119,24
1790510769.0,3.0596,0.7548,-177.50,0.189,28
1790510769.1,3.0224,0.7532,-177.46,-0.219,26
1790510769.2,2.9809,0.7514,-177.47,0.416,25
1790510769.3,2.9469,0.7497,-177.46,-0.308,26
1790510769.4,2.9070,0.7481,-177.43,0.566,25
1790510769.5,2.8666,0.7460,-177.45,-0.326,27
1790510769.6,2.8302,0.7444,-177.40,0.525,24
1790510769.7,2.7903,0.7427,-177.42,-0.129,25
1790510769.8,2.7537,0.7412,-177.37,0.384,24
1790510769.9,2.7139,0.7393,-177.42,-0.236,26
1790510770.0,2.6713,0.7371,-177.38,0.281,28
1790510770.1,2.6311,0.7353,-177.37,0.260,24
1790510770.2,2.5901,0.7336,-177.34,-0.032,26
1790510770.3,2.5517,0.7316,-177.32,0.417,26
1790510770.4,2.5114,0.7298,-177.32,-0.215,24
1790510770.5,2.4738,0.7278,-177.29,0.459,26
1790510770.6,2.4339,0.7258,-177.30,-0.351,26
1790510770.7,2.3944,0.7241,-177.26,0.563,24
1790510770.8,2.3745,0.7232,-177.27,-0.311,25
1790510770.9,2.3209,0.7206,-177.23,0.456,28
1790510771.0,2.2763,0.7185,-177.27,-0.095,26
1790510771.1,2.2411,0.7167,-177.22,0.319,27
1790510771.2,2.2010,0.7149,-177.25,0.062,27
1790510771.3,2.1619,0.7130,-177.21,0.049,24
1790510771.4,2.1223,0.7109,-177.21,0.312,24
1790510771.5,2.0810,0.7089,-177.20,-0.367,25
1790510771.6,2.0456,0.7072,-177.18,0.739,25
1790510771.7,2.0081,0.7052,-177.20,-0.628,26
1790510771.8,1.9689,0.7035,-177.14,0.736,25
1790510771.9,1.9255,0.7008,-177.16,-0.458,25
1790510772.0,1.8878,0.6988,-177.10,0.511,25
1790510772.1,1.8446,0.6968,-177.13,-0.028,27
1790510772.2,1.8074,0.6946,-177.06,0.332,25
1790510772.3,1.7694,0.6928,-177.07,0.058,24
1790510772.4,1.7275,0.6901,-177.03,0.173,26
1790510772.5,1.6837,0.6881,-177.05,0.171,26
1790510772.6,1.6473,0.6860,-177.02,-0.078,22
1790510772.7,1.6057,0.6835,-176.99,0.423,29
1790510772.8,1.5657,0.6814,-176.99,-0.339,23
1790510772.9,1.5461,0.6807,-177.01,0.701,26
1790510773.0,1.4928,0.6779,-176.95,-0.391,26
1790510773.1,1.4547,0.6759,-176.95,0.548,22
1790510773.2,1.4161,0.6740,-176.94,-0.275,27
1790510773.3,1.3763,0.6716,-176.88,0.675,26
1790510773.4,1.3377,0.6695,-176.91,-0.353,27
1790510773.5,1.2966,0.6667,-176.82,0.712,25
1790510773.6,1.2598,0.6651,-176.86,-0.182,28
1790510773.7,1.2250,0.6631,-176.79,0.568,25
1790510773.8,1.1870,0.6608,-176.82,-0.079,26
1790510773.9,1.1459,0.6590,-176.78,0.222,26
1790510774.0,1.1020,0.6567,-176.78,0.174,24
1790510774.1,1.0701,0.6541,-176.75,-0.058,25
1790510774.2,1.0326,0.6530,-176.76,0.365,26
1790510774.3,0.9898,0.6498,-176.74,-0.240,24
1790510774.4,0.9505,0.6477,-176.71,0.592,26
1790510774.5,0.9108,0.6456,-176.71,-0.122,23
1790510774.6,0.8760,0.6437,-176.67,0.555,24
1790510774.7,0.8321,0.6409,-176.69,-0.118,25
1790510774.8,0.7994,0.6384,-176.61,0.522,23
1790510774.9,0.7577,0.6359,-176.62,0.085,27
1790510775.0,0.7341,0.6343,-176.57,0.187,25
1790510775.1,0.7057,0.6327,-176.62,-0.075,25
1790510775.2,0.6540,0.6297,-176.56,0.009,23
1790510775.3,0.6196,0.6276,-176.56,0.432,24
1790510775.4,0.5759,0.6246,-176.54,-0.155,26
1790510775.5,0.5336,0.6221,-176.52,0.428,25
1790510775.6,0.4973,0.6203,-176.52,-0.229,24
1790510775.7,0.4642,0.6181,-176.50,0.719,25
1790510775.8,0.4263,0.6158,-176.53,-0.331,24
1790510775.9,0.3870,0.6128,-176.47,0.463,26
1790510776.0,0.3519,0.6110,-176.48,-0.182,25
1790510776.1,0.3175,0.6087,-176.43,0.385,27
1790510776.2,0.2806,0.6064,-176.45,-0.071,26
1790510776.3,0.2471,0.6037,-176.40,0.382,26
1790510776.4,0.2083,0.6017,-176.43,-0.023,24
1790510776.5,0.1757,0.5993,-176.39,0.190,27
1790510776.6,0.1522,0.5977,-176.38,-0.060,25
1790510776.7,0.1466,0.5974,-176.37,0.131,27
1790510776.8,0.1559,0.5981,-176.37,0.090,23
1790510776.9,0.1610,0.5984,-176.38,-0.036,27
1790510777.0,0.1648,0.5987,-176.37,-0.013,27
1790510777.1,0.1624,0.5986,-176.38,-0.028,27
1790510777.2,0.1613,0.5985,-176.38,-0.009,23
1790510777.3,0.1637,0.5986,-176.38,0.000,25
1790510777.4,0.1625,0.5986,-176.38,0.049,26
1790510777.5,0.1635,0.5986,-176.38,0.001,22
1790510777.6,0.1632,0.5986,-176.38,0.019,25
1790510777.7,0.1635,0.5986,-176.38,0.013,28
1790510777.8,0.1631,0.5986,-176.38,-0.008,25
1790510777.9,0.1638,0.5987,-176.38,0.011,25
1790510778.0,0.1640,0.5987,-176.38,0.010,25
1790510778.1,0.1631,0.5986,-176.38,0.009,25
1790510778.2,0.1635,0.5986,-176.39,-0.045,25
1790510778.3,0.1634,0.5986,-176.39,-0.034,27
1790510778.4,0.1638,0.5987,-176.38,0.006,26
1790510778.5,0.1637,0.5987,-176.38,-0.004,25
1790510778.6,0.1636,0.5987,-176.38,0.013,25
1790510778.7,0.1638,0.5987,-176.37,0.006,25
1790510778.8,0.1637,0.5987,-176.37,0.031,24
1790510778.9,0.1643,0.5987,-176.38,-0.053,27
1790510779.0,0.1636,0.5986,-176.38,0.021,26
1790510779.1,0.1644,0.5987,-176.38,0.007,25
1790510779.2,0.1650,0.5987,-176.38,0.030,26
1790510779.3,0.1627,0.5986,-176.37,0.014,25
1790510779.4,0.1630,0.5986,-176.38,-0.029,26
1790510779.5,0.1629,0.5986,-176.38,0.009,25
1790510779.6,0.1630,0.5986,-176.38,-0.027,25
1790510779.7,0.1629,0.5986,-176.38,0.029,26
1790510779.8,0.1630,0.5986,-176.38,0.026,26
1790510779.9,0.1629,0.5986,-176.37,0.042,26
1790510780.0,0.1629,0.5986,-176.37,-0.043,24
1790510780.1,0.1629,0.5986,-176.38,-0.016,25
1790510780.2,0.1629,0.5986,-176.38,-0.025,27
1790510780.3,0.1640,0.5987,-176.29,1.816,24
1790510780.4,0.1635,0.5986,-175.87,3.998,26
1790510780.5,0.1626,0.5986,-174.73,13.244,25
1790510780.6,0.1624,0.5986,-173.20,18.024,27
1790510780.7,0.1590,0.5980,-171.23,19.096,27
1790510780.8,0.1588,0.5979,-169.41,18.260,26
1790510780.9,0.1561,0.5972,-167.40,19.129,26
1790510781.0,0.1500,0.5950,-165.56,18.622,26
1790510781.1,0.1485,0.5943,-163.54,20.034,26
1790510781.2,0.1439,0.5921,-162.42,19.180,25
1790510781.3,0.1412,0.5908,-159.64,19.269,25
1790510781.4,0.1445,0.5928,-157.64,19.667,26
1790510781.5,0.1369,0.5886,-155.62,19.766,23
1790510781.6,0.1302,0.5843,-153.92,19.286,24
1790510781.7,0.1313,0.5849,-152.68,19.739,26
1790510781.8,0.1310,0.5857,-150.63,19.513,25
1790510781.9,0.1231,0.5797,-148.13,19.519,26
1790510782.0,0.1154,0.5740,-145.93,19.343,24
1790510782.1,0.1092,0.5687,-144.01,19.715,25
1790510782.2,0.1065,0.5661,-142.01,20.087,24
1790510782.3,0.1023,0.5624,-140.70,19.613,23
1790510782.4,0.0995,0.5593,-138.12,19.981,25
1790510782.5,0.0994,0.5593,-136.20,19.428,25
1790510782.6,0.0994,0.5593,-134.20,20.082,26
1790510782.7,0.0933,0.5510,-132.21,20.322,25
1790510782.8,0.0933,0.5510,-130.10,21.095,24
1790510782.9,0.0978,0.5576,-128.10,20.469,26
1790510783.0,0.0972,0.5570,-126.00,20.925,23
1790510783.1,0.0946,0.5525,-123.76,20.817,26
1790510783.2,0.0913,0.5453,-121.65,20.886,25
1790510783.3,0.0920,0.5466,-119.57,21.196,25
1790510783.4,0.0915,0.5456,-117.53,20.610,25
1790510783.5,0.0873,0.5334,-115.47,20.513,27
1790510783.6,0.0867,0.5318,-113.42,19.688,29
1790510783.7,0.0862,0.5302,-111.29,20.156,25
1790510783.8,0.0868,0.5321,-109.28,20.191,24
1790510783.9,0.0854,0.5253,-107.22,20.576,25
1790510784.0,0.0853,0.5254,-105.44,20.507,24
1790510784.1,0.0849,0.5221,-103.05,20.935,26
1790510784.2,0.0840,0.5172,-101.67,20.296,26
1790510784.3,0.0836,0.5135,-99.38,20.699,25
1790510784.4,0.0837,0.5040,-97.52,20.331,25
1790510784.5,0.0840,0.5091,-95.20,21.071,24
1790510784.6,0.0844,0.4999,-92.69,21.995,26
1790510784.7,0.0843,0.5013,-90.62,22.745,25
1790510784.8,0.0849,0.4939,-88.51,22.840,25
1790510784.9,0.0852,0.4922,-85.92,23.293,26
1790510785.0,0.0851,0.4930,-83.61,23.394,27
1790510785.1,0.0854,0.4919,-81.18,23.594,25
1790510785.2,0.0874,0.4856,-79.09,23.659,26
1790510785.3,0.0930,0.4709,-77.01,23.197,26
1790510785.4,0.0982,0.4599,-74.00,23.827,27
1790510785.5,0.1065,0.4433,-72.01,23.482,25
1790510785.6,0.1052,0.4479,-69.30,23.331,24
1790510785.7,0.1176,0.4271,-67.29,23.472,24
1790510785.8,0.1509,0.3737,-64.67,23.110,23
1790510785.9,0.1331,0.4053,-62.60,23.388,26
1790510786.0,0.1497,0.3830,-59.86,24.610,26
1790510786.1,0.1467,0.3892,-57.63,24.900,25
1790510786.2,0.1265,0.4149,-55.28,24.726,25
1790510786.3,0.1283,0.4129,-52.75,26.141,25
1790510786.4,0.1281,0.4130,-49.60,27.385,24
1790510786.5,0.1336,0.4085,-47.02,27.302,27
1790510786.6,0.1461,0.3979,-44.37,27.107,24
1790510786.7,0.1469,0.3972,-41.61,27.597,26
1790510786.8,0.1460,0.3981,-38.71,27.581,25
1790510786.9,0.1454,0.3985,-35.91,27.222,26
1790510787.0,0.1451,0.3987,-33.18,27.742,26
1790510787.1,0.1449,0.3988,-31.73,28.214,24
1790510787.2,0.1455,0.3984,-27.95,27.735,26
1790510787.3,0.1448,0.3988,-25.12,28.206,25
1790510787.4,0.1447,0.3988,-22.29,28.443,24
1790510787.5,0.1424,0.3990,-19.30,27.617,25
1790510787.6,0.1441,0.3987,-16.55,27.520,26
1790510787.7,0.1396,0.3993,-13.80,27.856,24
1790510787.8,0.1400,0.3993,-11.57,27.515,23
1790510787.9,0.1408,0.3993,-8.36,27.473,26
1790510788.0,0.1423,0.3992,-5.41,28.063,23
1790510788.1,0.1424,0.3992,-3.02,23.677,25
1790510788.2,0.1444,0.3995,-1.32,10.533,25
1790510788.3,0.1461,0.3998,-1.75,-2.794,26
1790510788.4,0.1466,0.3998,-1.78,-0.246,27
1790510788.5,0.1489,0.3996,-1.79,-0.093,23
1790510788.6,0.1469,0.3996,-1.79,0.013,27
1790510788.7,0.1476,0.3996,-1.80,-0.087,24
1790510788.8,0.1491,0.3995,-1.81,-0.056,24
1790510788.9,0.1490,0.3995,-1.81,-0.004,25
1790510789.0,0.1483,0.3996,-1.81,-0.020,25
1790510789.1,0.1476,0.3996,-1.81,-0.025,25
1790510789.2,0.1475,0.3996,-1.82,-0.066,24
1790510789.3,0.1468,0.3996,-1.81,-0.017,24
1790510789.4,0.1475,0.3996,-1.82,-0.013,23
1790510789.5,0.1479,0.3996,-1.82,-0.019,26
1790510789.6,0.1474,0.3996,-1.83,-0.019,26
1790510789.7,0.1473,0.3996,-1.83,-0.031,27
1790510789.8,0.1478,0.3996,-1.83,-0.019,25
1790510789.9,0.1476,0.3996,-1.83,0.026,27
1790510790.0,0.1482,0.3996,-1.83,-0.076,24
1790510790.1,0.1474,0.3996,-1.83,0.030,26
1790510790.2,0.1484,0.3996,-1.84,-0.003,26
1790510790.3,0.1475,0.3996,-1.83,-0.020,25
1790510790.4,0.1477,0.3996,-1.84,-0.038,25
1790510790.5,0.1468,0.3996,-1.84,-0.026,27
1790510790.6,0.1478,0.3996,-1.84,-0.010,24
1790510790.7,0.1457,0.3996,-1.84,-0.005,26
1790510790.8,0.1464,0.3996,-1.84,0.027,25
1790510790.9,0.1454,0.3997,-1.84,0.024,23
1790510791.0,0.1454,0.3997,-1.84,-0.007,22
1790510791.1,0.1458,0.3997,-1.84,-0.016,26
1790510791.2,0.1463,0.3996,-1.83,0.001,25
1790510791.3,0.1460,0.3996,-1.84,-0.034,25
1790510791.4,0.1460,0.3996,-1.84,-0.013,26
1790510791.5,0.1461,0.3996,-1.84,0.001,25
1790510791.6,0.1455,0.3997,-1.84,-0.025,26
1790510791.7,0.1471,0.3996,-1.84,-0.023,26
1790510791.8,0.1471,0.3996,-1.84,-0.007,22
1790510791.9,0.1482,0.3996,-1.84,-0.091,25
1790510792.0,0.1478,0.3996,-1.84,-0.011,23
1790510792.1,0.1468,0.3996,-1.84,-0.005,27
1790510792.2,0.1475,0.3996,-1.84,-0.016,28
1790510792.3,0.1469,0.3996,-1.84,-0.028,22
1790510792.4,0.1504,0.3995,-1.83,0.007,27
1790510792.5,0.1501,0.3995,-1.84,-0.014,25
1790510792.6,0.1500,0.3995,-1.83,0.020,24
1790510792.7,0.1501,0.3995,-1.83,-0.008,27
1790510792.8,0.1493,0.3996,-1.83,0.007,26
1790510792.9,0.1496,0.3996,-1.69,2.523,21
1790510793.0,0.1549,0.3994,-1.70,-0.547,25
1790510793.1,0.1682,0.3990,-1.66,0.227,27
1790510793.2,0.1854,0.3985,-1.67,0.407,25
1790510793.3,0.1986,0.3981,-1.56,-0.330,26
1790510793.4,0.2315,0.3972,-1.57,0.560,27
1790510793.5,0.2481,0.3968,-1.55,0.300,27
1790510793.6,0.2757,0.3961,-1.52,0.445,24
1790510793.7,0.3021,0.3954,-1.47,0.463,25
1790510793.8,0.3336,0.3947,-1.46,0.118,27
1790510793.9,0.3636,0.3939,-1.45,0.586,26
1790510794.0,0.3964,0.3931,-1.41,-0.096,25
1790510794.1,0.4305,0.3923,-1.41,0.158,24
1790510794.2,0.4653,0.3915,-1.35,0.361,25
1790510794.3,0.4959,0.3908,-1.34,0.310,25
1790510794.4,0.5266,0.3902,-1.28,0.294,25
1790510794.5,0.5623,0.3894,-1.27,-0.030,24
1790510794.6,0.5928,0.3888,-1.23,0.624,25
1790510794.7,0.6270,0.3881,-1.20,0.306,25
1790510794.8,0.6604,0.3874,-1.18,0.522,24
1790510794.9,0.6925,0.3868,-1.14,0.272,23
1790510795.0,0.7297,0.3861,-1.11,0.411,25
1790510795.1,0.7628,0.3855,-1.12,-0.080,26
1790510795.2,0.7987,0.3848,-1.09,0.364,23
1790510795.3,0.8306,0.3842,-1.08,0.000,25
1790510795.4,0.8466,0.3839,-1.07,0.439,26
1790510795.5,0.8932,0.3831,-1.05,0.016,26
1790510795.6,0.9255,0.3825,-1.02,0.275,25
1790510795.7,0.9614,0.3818,-1.01,0.056,25
1790510795.8,0.9970,0.3812,-0.99,0.252,24
1790510795.9,1.0286,0.3807,-0.97,-0.220,21
1790510796.0,1.0642,0.3801,-0.96,0.271,26
1790510796.1,1.0988,0.3796,-0.92,0.183,26
1790510796.2,1.1279,0.3790,-0.94,0.205,24
1790510796.3,1.1676,0.3784,-0.89,0.292,26
1790510796.4,1.2042,0.3779,-0.91,-0.042,26
1790510796.5,1.2332,0.3775,-0.87,0.610,26
1790510796.6,1.2645,0.3770,-0.91,-0.586,26
1790510796.7,1.2862,0.3766,-0.91,0.109,26
1790510796.8,1.2933,0.3765,-0.89,0.104,23
1790510796.9,1.2982,0.3764,-0.90,-0.031,24
1790510797.0,1.2983,0.3764,-0.89,0.079,26
1790510797.1,1.2926,0.3765,-0.89,0.021,27
1790510797.2,1.2908,0.3765,-0.89,-0.022,24
1790510797.3,1.2912,0.3765,-0.89,0.026,25
1790510797.4,1.2902,0.3765,-0.89,0.006,25
1790510797.5,1.2913,0.3765,-0.89,0.021,24
1790510797.6,1.2929,0.3765,-0.89,0.030,25
1790510797.7,1.2917,0.3765,-0.89,-0.018,22
1790510797.8,1.2929,0.3765,-0.89,0.049,24
1790510797.9,1.2934,0.3765,-0.89,-0.005,25
1790510798.0,1.2922,0.3765,-0.90,-0.014,24
1790510798.1,1.2920,0.3765,-0.89,0.016,25
1790510798.2,1.2924,0.3765,-0.89,0.007,23
1790510798.3,1.2914,0.3765,-0.89,0.018,25
1790510798.4,1.2900,0.3766,-0.90,-0.027,22
1790510798.5,1.2934,0.3765,-0.89,0.026,25
1790510798.6,1.2928,0.3765,-0.90,-0.016,25
1790510798.7,1.2924,0.3765,-0.90,0.028,26
1790510798.8,1.2934,0.3765,-0.93,-0.513,24
1790510798.9,1.2946,0.3765,-1.31,-5.105,25
1790510799.0,1.2920,0.3765,-2.16,-10.508,25
1790510799.1,1.2981,0.3764,-4.06,-19.237,25
1790510799.2,1.2987,0.3763,-5.88,-18.260,26
1790510799.3,1.3017,0.3756,-7.91,-19.570,26
1790510799.4,1.2998,0.3760,-9.60,-13.933,26
1790510799.5,1.2999,0.3760,-9.77,0.599,23
1790510799.6,1.2966,0.3771,-9.67,0.541,25
1790510799.7,1.2975,0.3768,-9.59,0.386,28
1790510799.8,1.2928,0.3778,-9.65,-1.056,25
1790510799.9,1.2871,0.3787,-9.69,0.339,24
1790510800.0,1.2793,0.3801,-9.69,-0.219,26
1790510800.1,1.2678,0.3820,-9.72,-0.218,26
1790510800.2,1.2520,0.3847,-9.72,0.018,25
1790510800.3,1.2339,0.3878,-9.77,-0.002,26
1790510800.4,1.2138,0.3913,-9.82,-0.487,27
1790510800.5,1.1918,0.3952,-9.85,-0.053,24
1790510800.6,1.1704,0.3989,-9.85,-0.044,25
1790510800.7,1.1411,0.4040,-9.85,-0.294,26
1790510800.8,1.1207,0.4076,-9.86,0.085,26
1790510800.9,1.0966,0.4118,-9.86,-0.079,28
1790510801.0,1.0717,0.4161,-9.88,-0.459,26
1790510801.1,1.0469,0.4205,-9.90,0.166,23
1790510801.2,1.0238,0.4246,-9.90,-0.045,25
1790510801.3,1.0024,0.4283,-9.92,-0.418,26
1790510801.4,0.9764,0.4329,-9.92,0.179,23
1790510801.5,0.9502,0.4375,-9.93,-0.030,25
1790510801.6,0.9274,0.4415,-9.92,-0.352,25
1790510801.7,0.9033,0.4457,-9.94,0.093,25
1790510801.8,0.8767,0.4504,-9.96,0.139,23
1790510801.9,0.8518,0.4548,-9.97,-0.564,26
1790510802.0,0.8268,0.4592,-9.95,0.312,23
1790510802.1,0.8050,0.4630,-9.98,0.161,25
1790510802.2,0.7800,0.4674,-10.00,-0.510,23
1790510802.3,0.7534,0.4720,-9.97,0.141,25
1790510802.4,0.7333,0.4756,-9.99,0.345,26
1790510802.5,0.7077,0.4802,-10.02,-0.725,24
1790510802.6,0.6785,0.4853,-10.00,0.028,26
1790510802.7,0.6607,0.4885,-10.01,0.344,25
1790510802.8,0.6315,0.4937,-10.03,-0.618,26
1790510802.9,0.6081,0.4979,-10.00,0.168,24
1790510803.0,0.5842,0.5021,-10.04,0.115,24
1790510803.1,0.5607,0.5063,-10.06,-0.592,26
1790510803.2,0.5487,0.5084,-10.06,0.357,26
1790510803.3,0.5242,0.5128,-10.05,0.187,25
1790510803.4,0.4933,0.5184,-10.11,-0.754,26
1790510803.5,0.4711,0.5224,-10.08,0.092,28
1790510803.6,0.4429,0.5276,-10.10,0.139,26
1790510803.7,0.4302,0.5298,-10.08,-0.713,27
1790510803.8,0.3969,0.5358,-10.09,0.278,26
1790510803.9,0.3735,0.5403,-10.14,0.277,27
1790510804.0,0.3471,0.5450,-10.17,-0.830,26
1790510804.1,0.3263,0.5487,-10.10,0.383,25
1790510804.2,0.2974,0.5538,-10.12,0.269,26
1790510804.3,0.2726,0.5582,-10.18,-0.700,27
1790510804.4,0.2495,0.5624,-10.14,-0.027,26
1790510804.5,0.2285,0.5661,-10.14,1.155,26
1790510804.6,0.2030,0.5706,-9.69,5.335,26
1790510804.7,0.1825,0.5739,-8.89,10.380,26
1790510804.8,0.1581,0.5770,-7.12,16.634,25
1790510804.9,0.1418,0.5786,-5.49,18.558,26
1790510805.0,0.1205,0.5790,-3.56,17.324,24
1790510805.1,0.1064,0.5795,-2.22,10.890,24
1790510805.2,0.0870,0.5776,-2.36,-1.436,23
1790510805.3,0.0809,0.5766,-2.42,-0.638,25
1790510805.4,0.0822,0.5766,-2.45,-0.224,26
1790510805.5,0.0876,0.5765,-2.39,1.282,27
1790510805.6,0.0831,0.5767,-2.37,-0.159,27
1790510805.7,0.0680,0.5773,-2.48,-1.205,26
1790510805.8,0.0612,0.5776,-2.32,0.002,22
1790510805.9,0.0304,0.5790,-2.19,1.089,25
1790510806.0,0.0110,0.5797,-2.27,0.313,26
1790510806.1,-0.0046,0.5804,-2.29,0.003,23
1790510806.2,-0.0208,0.5809,-2.26,-0.172,24
1790510806.3,-0.0392,0.5816,-2.25,0.069,24
1790510806.4,-0.0446,0.5819,-2.19,0.544,27
1790510806.5,-0.0690,0.5828,-2.21,-0.237,29
1790510806.6,-0.0845,0.5834,-2.26,-0.237,23
1790510806.7,-0.1031,0.5841,-2.22,0.266,26
1790510806.8,-0.1169,0.5847,-2.20,0.272,26
1790510806.9,-0.1375,0.5854,-2.18,0.007,24
1790510807.0,-0.1523,0.5860,-2.22,-0.269,24
1790510807.1,-0.1665,0.5865,-2.22,0.018,26
1790510807.2,-0.1827,0.5871,-2.21,0.182,23
1790510807.3,-0.2004,0.5878,-2.15,0.604,23
1790510807.4,-0.2160,0.5884,-2.19,-0.514,25
1790510807.5,-0.2282,0.5888,-2.19,0.243,26
1790510807.6,-0.2332,0.5890,-2.20,-0.311,23
1790510807.7,-0.2332,0.5890,-2.18,0.157,26
1790510807.8,-0.2326,0.5890,-2.17,0.000,25
1790510807.9,-0.2279,0.5888,-2.18,0.007,25
1790510808.0,-0.2276,0.5888,-2.18,0.072,26
1790510808.1,-0.2291,0.5889,-2.18,0.045,23
1790510808.2,-0.2282,0.5888,-2.18,0.010,24
1790510808.3,-0.2283,0.5889,-2.18,0.045,25
1790510808.4,-0.2285,0.5889,-2.18,-0.010,26
1790510808.5,-0.2287,0.5889,-2.18,-0.029,24
1790510808.6,-0.2272,0.5888,-2.17,0.637,25
1790510808.7,-0.2277,0.5888,-1.94,2.295,27
1790510808.8,-0.2278,0.5888,-1.65,3.107,22
1790510808.9,-0.2243,0.5888,-1.29,3.734,25
1790510809.0,-0.2293,0.5889,-0.85,4.187,26
1790510809.1,-0.2307,0.5889,-0.45,4.407,25
1790510809.2,-0.2285,0.5889,-0.19,1.470,26
1790510809.3,-0.2246,0.5890,-0.32,-3.181,25
1790510809.4,-0.2260,0.5890,-0.45,-0.166,24
1790510809.5,-0.2215,0.5890,-0.50,-0.126,26
1790510809.6,-0.2233,0.5891,-0.53,-0.019,24
1790510809.7,-0.2231,0.5891,-0.54,0.049,25
1790510809.8,-0.2237,0.5891,-0.53,0.049,26
1790510809.9,-0.2233,0.5891,-0.53,-0.006,25
1790510810.0,-0.2235,0.5891,-0.53,0.017,25
1790510810.1,-0.2217,0.5890,-0.53,-0.020,26
1790510810.2,-0.2222,0.5890,-0.53,-0.060,24
1790510810.3,-0.2222,0.5890,-0.54,-0.031,26
1790510810.4,-0.2227,0.5890,-0.54,0.002,26
1790510810.5,-0.2227,0.5890,-0.53,0.001,27
1790510810.6,-0.2225,0.5890,-0.54,-0.027,25
1790510810.7,-0.2225,0.5890,-0.54,-0.030,24
1790510810.8,-0.2220,0.5890,-0.54,0.040,26
1790510810.9,-0.2221,0.5890,-0.54,-0.006,25
1790510811.0,-0.2220,0.5890,-0.53,0.033,25
1790510811.1,-0.2218,0.5890,-0.53,0.051,26
1790510811.2,-0.2215,0.5890,-0.52,0.013,27
1790510811.3,-0.2217,0.5890,-0.52,-0.019,24
1790510811.4,-0.2206,0.5890,-0.52,-0.004,25
1790510811.5,-0.2212,0.5890,-0.52,-0.019,27
1790510811.6,-0.2210,0.5890,-0.52,0.025,26
1790510811.7,-0.2215,0.5890,-0.52,0.057,25
1790510811.8,-0.2194,0.5890,-0.52,-0.048,24
1790510811.9,-0.2225,0.5890,-0.52,0.001,25
1790510812.0,-0.2220,0.5890,-0.52,-0.015,26
1790510812.1,-0.2217,0.5890,-0.52,0.011,26
1790510812.2,-0.2227,0.5890,-0.52,-0.030,25
1790510812.3,-0.2223,0.5890,-0.52,0.001,23
1790510812.4,-0.2225,0.5890,-0.52,0.003,22
1790510812.5,-0.2225,0.5890,-0.52,0.010,26
1790510812.6,-0.2223,0.5890,-0.51,0.024,26
1790510812.7,-0.2219,0.5890,-0.52,0.001,26
1790510812.8,-0.2225,0.5890,-0.51,-0.018,24
1790510812.9,-0.2220,0.5890,-0.52,-0.015,25
1790510813.0,-0.2241,0.5890,-0.52,-0.055,27
1790510813.1,-0.2240,0.5890,-0.52,0.021,25
1790510813.2,-0.2240,0.5890,-0.52,0.011,27
1790510813.3,-0.2248,0.5890,-0.52,0.027,26
1790510813.4,-0.2245,0.5890,-0.52,-0.002,25
1790510813.5,-0.2247,0.5890,-0.52,0.014,23
1790510813.6,-0.2247,0.5890,-0.52,-0.052,25
1790510813.7,-0.2244,0.5890,-0.52,-0.025,26
1790510813.8,-0.2246,0.5890,-0.52,0.012,26
1790510813.9,-0.2243,0.5890,-0.52,0.029,25
1790510814.0,-0.2242,0.5890,-0.53,-0.017,25
1790510814.1,-0.2242,0.5890,-0.53,0.026,25
1790510814.2,-0.2240,0.5890,-0.52,-0.018,27
1790510814.3,-0.2240,0.5890,-0.52,-0.017,25
1790510814.4,-0.2240,0.5890,-0.52,0.027,26
1790510814.5,-0.2243,0.5890,-0.52,0.052,25
1790510814.6,-0.2243,0.5890,-0.52,0.014,26
1790510814.7,-0.2236,0.5890,-0.51,0.024,25
1790510814.8,-0.2234,0.5890,-0.51,0.027,24
1790510814.9,-0.2234,0.5890,-0.51,-0.016,27
1790510815.0,-0.2240,0.5890,-0.51,0.021,24
1790510815.1,-0.2245,0.5890,-0.52,-0.002,24
1790510815.2,-0.2234,0.5890,-0.51,-0.038,25
1790510815.3,-0.2239,0.5890,-0.51,0.028,26
1790510815.4,-0.2246,0.5890,-0.51,-0.027,25
1790510815.5,-0.2243,0.5890,-0.51,0.039,25
1790510815.6,-0.2242,0.5890,-0.50,0.038,26
1790510815.7,-0.2240,0.5890,-0.50,0.028,25
1790510815.8,-0.2240,0.5890,-0.50,0.012,25
1790510815.9,-0.2233,0.5890,-0.50,-0.004,22
1790510816.0,-0.2233,0.5890,-0.50,-0.016,23
1790510816.1,-0.2238,0.5890,-0.50,0.020,26
1790510816.2,-0.2237,0.5890,-0.50,0.021,25
1790510816.3,-0.2237,0.5890,-0.50,0.023,26
1790510816.4,-0.2238,0.5890,-0.49,0.034,26
1790510816.5,-0.2235,0.5890,-0.49,-0.015,27
1790510816.6,-0.2233,0.5890,-0.49,0.036,24
1790510816.7,-0.2233,0.5890,-0.49,0.001,25
1790510816.8,-0.2234,0.5890,-0.49,-0.019,26
1790510816.9,-0.2233,0.5890,-0.49,0.019,26
1790510817.0,-0.2245,0.5890,-0.48,-0.021,26
1790510817.1,-0.2231,0.5890,-0.49,-0.022,25
1790510817.2,-0.2235,0.5890,-0.49,-0.025,24
1790510817.3,-0.2229,0.5890,-0.49,-0.004,25
1790510817.4,-0.2224,0.5890,-0.49,-0.017,26
1790510817.5,-0.2228,0.5890,-0.49,-0.044,26
1790510817.6,-0.2219,0.5890,-0.49,-0.041,25
1790510817.7,-0.2220,0.5890,-0.49,0.028,24
1790510817.8,-0.2220,0.5890,-0.48,0.034,25
1790510817.9,-0.2229,0.5890,-0.49,0.011,26
1790510818.0,-0.2229,0.5890,-0.48,0.040,26
1790510818.1,-0.2228,0.5890,-0.48,0.007,25
1790510818.2,-0.2228,0.5890,-0.48,-0.008,24
1790510818.3,-0.2226,0.5890,-0.48,-0.018,25
1790510818.4,-0.2228,0.5890,-0.48,0.044,27
1790510818.5,-0.2215,0.5890,-0.48,0.003,23
1790510818.6,-0.2215,0.5890,-0.48,0.020,25
1790510818.7,-0.2220,0.5890,-0.48,-0.009,27
1790510818.8,-0.2213,0.5890,-0.48,-0.034,26
1790510818.9,-0.2217,0.5890,-0.48,-0.014,27
1790510819.0,-0.2219,0.5890,-0.48,-0.004,23
1790510819.1,-0.2228,0.5890,-0.48,0.036,27
1790510819.2,-0.2211,0.5890,-0.48,-0.020,25
1790510819.3,-0.2216,0.5890,-0.48,-0.000,26
1790510819.4,-0.2219,0.5890,-0.48,0.027,26
1790510819.5,-0.2215,0.5890,-0.48,0.013,25
1790510819.6,-0.2217,0.5890,-0.48,-0.013,25
1790510819.7,-0.2212,0.5890,-0.48,0.020,25
1790510819.8,-0.2209,0.5890,-0.48,-0.012,26
1790510819.9,-0.2216,0.5890,-0.48,-0.020,24
1790510820.0,-0.2236,0.5890,-0.48,0.027,24
1790510820.1,-0.2240,0.5890,-0.48,-0.008,28
1790510820.2,-0.2233,0.5890,-0.48,-0.004,25
1790510820.3,-0.2235,0.5890,-0.48,-0.028,23
1790510820.4,-0.2234,0.5890,-0.48,-0.011,25
1790510820.5,-0.2219,0.5890,-0.48,-0.005,26
1790510820.6,-0.2226,0.5890,-0.48,-0.058,24
1790510820.7,-0.2224,0.5890,-0.48,0.026,24
1790510820.8,-0.2239,0.5890,-0.47,0.003,25
1790510820.9,-0.2217,0.5889,-0.48,-0.004,25
1790510821.0,-0.2219,0.5889,-0.47,0.005,23
1790510821.1,-0.2210,0.5889,-0.48,-0.084,25
1790510821.2,-0.2216,0.5889,-0.48,0.025,25
1790510821.3,-0.2219,0.5889,-0.48,-0.028,26
1790510821.4,-0.2224,0.5889,-0.48,-0.025,25
1790510821.5,-0.2224,0.5889,-0.48,0.012,26
1790510821.6,-0.2208,0.5889,-0.48,0.006,26
1790510821.7,-0.2210,0.5889,-0.48,-0.041,24
1790510821.8,-0.2210,0.5889,-0.48,0.015,24
1790510821.9,-0.2207,0.5889,-0.48,0.024,25
1790510822.0,-0.2207,0.5889,-0.48,-0.016,25
1790510822.1,-0.2208,0.5889,-0.48,-0.012,25
1790510822.2,-0.2208,0.5889,-0.48,-0.014,25
1790510822.3,-0.2210,0.5889,-0.48,0.002,25
1790510822.4,-0.2206,0.5889,-0.47,0.013,26
1790510822.5,-0.2216,0.5889,-0.47,-0.011,25
1790510822.6,-0.2214,0.5889,-0.47,-0.015,27
1790510822.7,-0.2208,0.5889,-0.47,0.016,24
1790510822.8,-0.2218,0.5889,-0.48,-0.031,25
1790510822.9,-0.2215,0.5889,-0.46,0.029,25
1790510823.0,-0.2218,0.5889,-0.47,-0.006,26
1790510823.1,-0.2212,0.5889,-0.46,-0.000,26
1790510823.2,-0.2219,0.5889,-0.47,0.005,25
1790510823.3,-0.2208,0.5889,-0.46,0.016,25
1790510823.4,-0.2208,0.5889,-0.46,-0.046,26
1790510823.5,-0.2216,0.5889,-0.46,0.004,25
1790510823.6,-0.2214,0.5889,-0.46,0.017,27
1790510823.7,-0.2203,0.5889,-0.46,0.037,24
1790510823.8,-0.2201,0.5889,-0.46,0.014,24
1790510823.9,-0.2203,0.5889,-0.45,0.026,26
1790510824.0,-0.2185,0.5889,-0.46,-0.027,23
1790510824.1,-0.2185,0.5889,-0.46,-0.011,25
1790510824.2,-0.2186,0.5889,-0.46,-0.018,23
1790510824.3,-0.2199,0.5889,-0.45,0.031,25
1790510824.4,-0.2197,0.5889,-0.45,-0.011,25
1790510824.5,-0.2197,0.5889,-0.45,0.015,25
1790510824.6,-0.2202,0.5889,-0.45,0.020,24
1790510824.7,-0.2202,0.5889,-0.45,0.005,26
1790510824.8,-0.2191,0.5889,-0.44,0.006,26
1790510824.9,-0.2187,0.5889,-0.44,0.019,27
1790510825.0,-0.2191,0.5889,-0.44,0.004,25
1790510825.1,-0.2190,0.5889,-0.44,-0.016,28
1790510825.2,-0.2190,0.5889,-0.44,0.046,26
1790510825.3,-0.2187,0.5889,-0.44,-0.008,27
1790510825.4,-0.2187,0.5889,-0.44,0.019,26
1790510825.5,-0.2193,0.5889,-0.44,-0.041,25
1790510825.6,-0.2197,0.5889,-0.44,0.012,25
1790510825.7,-0.2208,0.5889,-0.45,-0.024,25
1790510825.8,-0.2208,0.5889,-0.45,0.005,25
1790510825.9,-0.2195,0.5889,-0.45,-0.002,24
1790510826.0,-0.2195,0.5889,-0.45,0.029,28
1790510826.1,-0.2199,0.5889,-0.45,-0.025,25
1790510826.2,-0.2187,0.5889,-0.45,0.002,25
1790510826.3,-0.2192,0.5889,-0.44,0.013,26
1790510826.4,-0.2192,0.5889,-0.44,-0.029,25
1790510826.5,-0.2198,0.5889,-0.45,-0.039,24
1790510826.6,-0.2198,0.5889,-0.45,-0.001,26
1790510826.7,-0.2201,0.5889,-0.45,0.020,27
1790510826.8,-0.2196,0.5889,-0.45,0.006,25
1790510826.9,-0.2196,0.5889,-0.45,0.003,27
1790510827.0,-0.2199,0.5889,-0.45,0.019,20
1790510827.1,-0.2201,0.5889,-0.45,0.003,24
1790510827.2,-0.2202,0.5889,-0.45,-0.024,26
1790510827.3,-0.2192,0.5889,-0.45,-0.018,23
1790510827.4,-0.2175,0.5889,-0.45,0.006,25
1790510827.5,-0.2200,0.5889,-0.45,-0.006,25
1790510827.6,-0.2197,0.5889,-0.46,-0.002,24
1790510827.7,-0.2194,0.5889,-0.45,0.040,23
1790510827.8,-0.2198,0.5889,-0.46,-0.025,24
1790510827.9,-0.2185,0.5889,-0.46,-0.004,27
1790510828.0,-0.2193,0.5889,-0.46,-0.010,25
1790510828.1,-0.2186,0.5889,-0.46,0.003,25
1790510828.2,-0.2188,0.5889,-0.47,-0.016,25
1790510828.3,-0.2192,0.5889,-0.46,-0.016,26
1790510828.4,-0.2189,0.5889,-0.47,-0.058,26
1790510828.5,-0.2186,0.5889,-0.47,-0.017,26
1790510828.6,-0.2188,0.5889,-0.47,-0.009,25
1790510828.7,-0.2188,0.5889,-0.47,-0.026,27
1790510828.8,-0.2179,0.5889,-0.48,-0.004,24
1790510828.9,-0.2194,0.5889,-0.47,0.037,25
1790510829.0,-0.2195,0.5889,-0.48,-0.037,26
1790510829.1,-0.2191,0.5889,-0.47,-0.020,26
1790510829.2,-0.2191,0.5889,-0.47,0.010,23
1790510829.3,-0.2192,0.5889,-0.47,-0.008,26
1790510829.4,-0.2187,0.5889,-0.47,0.049,27
1790510829.5,-0.2186,0.5889,-0.46,0.051,24
1790510829.6,-0.2184,0.5889,-0.46,-0.023,26
1790510829.7,-0.2188,0.5889,-0.47,-0.018,24
1790510829.8,-0.2193,0.5889,-0.46,-0.007,23
1790510829.9,-0.2190,0.5889,-0.46,0.027,25
1790510830.0,-0.2182,0.5889,-0.46,0.033,26
1790510830.1,-0.2186,0.5889,-0.46,0.018,23
1790510830.2,-0.2183,0.5889,-0.46,0.003,27
1790510830.3,-0.2184,0.5889,-0.46,0.007,25
1790510830.4,-0.2183,0.5889,-0.46,-0.015,24
1790510830.5,-0.2176,0.5889,-0.46,0.010,24
1790510830.6,-0.2176,0.5889,-0.45,0.034,24
1790510830.7,-0.2184,0.5889,-0.46,-0.014,26
1790510830.8,-0.2181,0.5889,-0.46,-0.020,23
1790510830.9,-0.2182,0.5889,-0.46,0.050,23
1790510831.0,-0.2185,0.5889,-0.46,-0.037,26
1790510831.1,-0.2186,0.5889,-0.46,0.013,28
1790510831.2,-0.2180,0.5889,-0.46,0.039,24
1790510831.3,-0.2180,0.5889,-0.46,0.011,25
1790510831.4,-0.2186,0.5889,-0.45,0.020,27
1790510831.5,-0.2186,0.5889,-0.46,-0.061,28
1790510831.6,-0.2183,0.5889,-0.45,0.012,27
1790510831.7,-0.2180,0.5889,-0.46,-0.031,26
1790510831.8,-0.2185,0.5889,-0.46,0.013,28
1790510831.9,-0.2183,0.5889,-0.46,0.030,23
1790510832.0,-0.2182,0.5889,-0.46,0.021,24
1790510832.1,-0.2182,0.5889,-0.46,-0.035,23
1790510832.2,-0.2182,0.5889,-0.46,-0.025,25
1790510832.3,-0.2181,0.5889,-0.46,-0.014,26
1790510832.4,-0.2181,0.5889,-0.47,0.002,23
1790510832.5,-0.2179,0.5889,-0.46,0.040,26
1790510832.6,-0.2178,0.5889,-0.46,-0.018,25
1790510832.7,-0.2178,0.5889,-0.46,0.009,24
1790510832.8,-0.2179,0.5889,-0.46,0.024,26
1790510832.9,-0.2184,0.5889,-0.46,0.009,26
1790510833.0,-0.2181,0.5889,-0.46,-0.026,26
1790510833.1,-0.2181,0.5889,-0.46,0.025,26
1790510833.2,-0.2181,0.5889,-0.46,0.058,22
1790510833.3,-0.2181,0.5889,-0.46,0.040,25
1790510833.4,-0.2180,0.5889,-0.46,-0.022,26
1790510833.5,-0.2188,0.5889,-0.46,0.001,27
1790510833.6,-0.2188,0.5889,-0.46,0.039,25
1790510833.7,-0.2186,0.5889,-0.46,-0.004,24
1790510833.8,-0.2187,0.5889,-0.47,-0.016,26
1790510833.9,-0.2189,0.5889,-0.47,0.015,24
1790510834.0,-0.2182,0.5889,-0.47,0.018,27
1790510834.1,-0.2185,0.5889,-0.47,0.042,23
1790510834.2,-0.2185,0.5889,-0.47,-0.020,24
1790510834.3,-0.2192,0.5889,-0.47,-0.008,25
1790510834.4,-0.2187,0.5889,-0.47,-0.015,27
1790510834.5,-0.2184,0.5889,-0.47,-0.017,27
1790510834.6,-0.2184,0.5889,-0.47,0.018,22
1790510834.7,-0.2187,0.5889,-0.47,-0.015,25
1790510834.8,-0.2187,0.5889,-0.47,0.011,23
1790510834.9,-0.2186,0.5889,-0.47,0.025,27
1790510835.0,-0.2188,0.5889,-0.47,0.018,26
1790510835.1,-0.2181,0.5889,-0.46,0.013,25
1790510835.2,-0.2181,0.5889,-0.46,-0.010,27
1790510835.3,-0.2158,0.5889,-0.46,-0.027,25
1790510835.4,-0.2158,0.5889,-0.46,0.010,25
1790510835.5,-0.2164,0.5889,-0.47,-0.050,26
1790510835.6,-0.2162,0.5889,-0.46,0.065,26
1790510835.7,-0.2169,0.5889,-0.46,0.028,25
1790510835.8,-0.2170,0.5889,-0.46,0.002,23
1790510835.9,-0.2168,0.5889,-0.47,-0.017,22
1790510836.0,-0.2182,0.5889,-0.47,-0.000,25
1790510836.1,-0.2181,0.5889,-0.47,0.022,26
1790510836.2,-0.2170,0.5889,-0.47,0.004,23
1790510836.3,-0.2171,0.5889,-0.47,-0.018,26
1790510836.4,-0.2165,0.5889,-0.47,0.024,27
1790510836.5,-0.2165,0.5889,-0.47,0.024,25
1790510836.6,-0.2164,0.5889,-0.46,0.010,25
1790510836.7,-0.2165,0.5889,-0.47,-0.018,26
1790510836.8,-0.2165,0.5889,-0.46,0.002,27
1790510836.9,-0.2161,0.5889,-0.46,-0.005,27
1790510837.0,-0.2162,0.5889,-0.47,-0.027,24
1790510837.1,-0.2162,0.5889,-0.47,0.007,24
1790510837.2,-0.2164,0.5889,-0.47,-0.011,26
1790510837.3,-0.2164,0.5889,-0.47,0.030,26
1790510837.4,-0.2164,0.5889,-0.47,0.022,28
1790510837.5,-0.2161,0.5889,-0.46,0.033,27
1790510837.6,-0.2164,0.5889,-0.46,0.005,24
1790510837.7,-0.2164,0.5889,-0.46,0.013,25
1790510837.8,-0.2164,0.5889,-0.46,-0.023,24
1790510837.9,-0.2163,0.5889,-0.46,0.019,26
1790510838.0,-0.2163,0.5889,-0.46,-0.010,25
1790510838.1,-0.2161,0.5889,-0.46,0.015,23
1790510838.2,-0.2161,0.5889,-0.46,0.011,26
1790510838.3,-0.2163,0.5889,-0.46,-0.031,26
1790510838.4,-0.2161,0.5889,-0.46,-0.028,25
1790510838.5,-0.2162,0.5889,-0.46,0.016,25
1790510838.6,-0.2162,0.5889,-0.47,0.004,25
1790510838.7,-0.2167,0.5889,-0.46,0.022,26
1790510838.8,-0.2159,0.5889,-0.46,-0.004,27
1790510838.9,-0.2163,0.5889,-0.46,0.018,27
1790510839.0,-0.2163,0.5889,-0.46,-0.006,25
1790510839.1,-0.2163,0.5889,-0.46,-0.003,27
1790510839.2,-0.2166,0.5889,-0.46,0.015,25
1790510839.3,-0.2159,0.5889,-0.46,0.027,24
1790510839.4,-0.2159,0.5889,-0.46,-0.026,24
1790510839.5,-0.2158,0.5889,-0.46,-0.004,25
1790510839.6,-0.2158,0.5889,-0.46,-0.035,26
1790510839.7,-0.2158,0.5889,-0.46,0.008,27
1790510839.8,-0.2153,0.5889,-0.46,-0.025,26
1790510839.9,-0.2152,0.5889,-0.46,0.010,25
1790510840.0,-0.2156,0.5889,-0.46,0.014,26
1790510840.1,-0.2158,0.5889,-0.46,0.013,23
1790510840.2,-0.2158,0.5889,-0.46,0.002,25
1790510840.3,-0.2157,0.5889,-0.46,-0.023,26
1790510840.4,-0.2152,0.5889,-0.46,-0.008,25
1790510840.5,-0.2152,0.5889,-0.46,-0.001,26
1790510840.6,-0.2154,0.5889,-0.47,-0.035,25
1790510840.7,-0.2154,0.5889,-0.47,-0.036,23
1790510840.8,-0.2145,0.5889,-0.47,-0.002,24
1790510840.9,-0.2147,0.5889,-0.47,0.037,27
1790510841.0,-0.2146,0.5889,-0.47,-0.054,26
1790510841.1,-0.2151,0.5889,-0.47,0.039,27
1790510841.2,-0.2143,0.5889,-0.46,0.007,27
1790510841.3,-0.2133,0.5889,-0.47,0.004,24
1790510841.4,-0.2119,0.5889,-0.47,-0.043,25
1790510841.5,-0.2163,0.5889,-0.47,-0.017,25
1790510841.6,-0.2153,0.5889,-0.47,0.061,26
1790510841.7,-0.2154,0.5889,-0.47,0.032,24
1790510841.8,-0.2154,0.5889,-0.46,-0.005,25
1790510841.9,-0.2154,0.5889,-0.47,-0.067,24
1790510842.0,-0.2156,0.5889,-0.47,0.024,26
1790510842.1,-0.2152,0.5889,-0.47,-0.033,27
1790510842.2,-0.2152,0.5889,-0.47,0.051,25
1790510842.3,-0.2158,0.5889,-0.47,-0.020,26
1790510842.4,-0.2151,0.5889,-0.48,-0.032,26
1790510842.5,-0.2153,0.5889,-0.48,-0.003,24
1790510842.6,-0.2153,0.5889,-0.48,-0.063,26
1790510842.7,-0.2148,0.5889,-0.48,-0.053,25
1790510842.8,-0.2139,0.5889,-0.48,-0.001,28
1790510842.9,-0.2154,0.5889,-0.48,0.019,23
1790510843.0,-0.2156,0.5889,-0.48,-0.009,25
1790510843.1,-0.2154,0.5889,-0.48,-0.021,25
1790510843.2,-0.2154,0.5889,-0.48,-0.005,24
1790510843.3,-0.2138,0.5889,-0.48,-0.017,25
1790510843.4,-0.2140,0.5889,-0.48,0.011,24
1790510843.5,-0.2136,0.5889,-0.48,-0.021,23
1790510843.6,-0.2134,0.5889,-0.48,0.008,23
1790510843.7,-0.2134,0.5889,-0.47,0.008,25
1790510843.8,-0.2139,0.5889,-0.47,-0.003,26
1790510843.9,-0.2134,0.5889,-0.48,0.016,26
1790510844.0,-0.2136,0.5889,-0.48,-0.026,25
1790510844.1,-0.2136,0.5889,-0.48,-0.005,27
1790510844.2,-0.2134,0.5889,-0.48,-0.026,26
1790510844.3,-0.2154,0.5889,-0.49,-0.019,26
1790510844.4,-0.2154,0.5889,-0.48,0.018,24
1790510844.5,-0.2156,0.5889,-0.48,0.019,24
1790510844.6,-0.2156,0.5889,-0.48,-0.022,26
1790510844.7,-0.2147,0.5889,-0.49,-0.014,24
1790510844.8,-0.2147,0.5889,-0.49,-0.009,24
1790510844.9,-0.2148,0.5889,-0.49,-0.016,28
1790510845.0,-0.2143,0.5889,-0.49,0.033,27
1790510845.1,-0.2147,0.5889,-0.49,0.004,23
1790510845.2,-0.2149,0.5889,-0.49,0.019,21
1790510845.3,-0.2149,0.5889,-0.49,-0.002,26
1790510845.4,-0.2154,0.5889,-0.49,-0.001,28
1790510845.5,-0.2154,0.5889,-0.49,-0.011,25
1790510845.6,-0.2161,0.5889,-0.49,-0.042,24
1790510845.7,-0.2161,0.5889,-0.49,0.012,27
1790510845.8,-0.2162,0.5889,-0.49,0.023,24
1790510845.9,-0.2154,0.5889,-0.49,0.043,25
1790510846.0,-0.2157,0.5889,-0.49,-0.021,25
1790510846.1,-0.2160,0.5889,-0.49,0.001,24
1790510846.2,-0.2156,0.5889,-0.49,0.012,27
1790510846.3,-0.2156,0.5889,-0.49,-0.014,26
1790510846.4,-0.2162,0.5889,-0.49,0.006,25
1790510846.5,-0.2161,0.5889,-0.50,-0.024,26
1790510846.6,-0.2161,0.5889,-0.50,0.009,26
1790510846.7,-0.2161,0.5889,-0.50,-0.020,23
1790510846.8,-0.2158,0.5889,-0.50,-0.022,26
1790510846.9,-0.2158,0.5889,-0.50,0.003,24
1790510847.0,-0.2154,0.5889,-0.50,-0.001,26
1790510847.1,-0.2158,0.5889,-0.50,0.007,25
1790510847.2,-0.2156,0.5889,-0.50,0.012,25
1790510847.3,-0.2157,0.5889,-0.50,-0.058,23
1790510847.4,-0.2157,0.5889,-0.50,0.002,25
1790510847.5,-0.2148,0.5889,-0.50,0.005,25
1790510847.6,-0.2155,0.5889,-0.51,-0.038,26
1790510847.7,-0.2150,0.5889,-0.51,-0.010,25
1790510847.8,-0.2150,0.5889,-0.51,-0.029,24
1790510847.9,-0.2152,0.5889,-0.51,0.002,26
1790510848.0,-0.2148,0.5889,-0.51,-0.013,25
1790510848.1,-0.2156,0.5889,-0.52,-0.004,24
1790510848.2,-0.2156,0.5889,-0.52,-0.016,24
1790510848.3,-0.2160,0.5889,-0.51,0.005,26
1790510848.4,-0.2159,0.5889,-0.52,-0.011,27
1790510848.5,-0.2161,0.5889,-0.51,0.017,27
1790510848.6,-0.2161,0.5889,-0.52,-0.020,25
1790510848.7,-0.2160,0.5889,-0.52,-0.011,25
1790510848.8,-0.2154,0.5889,-0.53,-0.025,27
1790510848.9,-0.2158,0.5889,-0.53,0.002,26
1790510849.0,-0.2155,0.5889,-0.53,-0.014,25
1790510849.1,-0.2155,0.5889,-0.53,-0.043,26
1790510849.2,-0.2156,0.5889,-0.53,-0.006,24
1790510849.3,-0.2153,0.5889,-0.53,0.032,26
1790510849.4,-0.2153,0.5889,-0.53,0.002,24
1790510849.5,-0.2162,0.5889,-0.53,-0.059,25
1790510849.6,-0.2162,0.5889,-0.53,-0.021,26
1790510849.7,-0.2160,0.5889,-0.53,-0.019,25
1790510849.8,-0.2155,0.5889,-0.53,-0.010,27
1790510849.9,-0.2156,0.5889,-0.53,0.012,23
1790510850.0,-0.2161,0.5889,-0.53,-0.024,27
1790510850.1,-0.2158,0.5889,-0.53,0.011,26
1790510850.2,-0.2158,0.5889,-0.54,-0.030,25
1790510850.3,-0.2158,0.5889,-0.54,0.009,23
1790510850.4,-0.2159,0.5889,-0.53,-0.001,27
1790510850.5,-0.2154,0.5889,-0.53,0.027,25
1790510850.6,-0.2154,0.5889,-0.53,-0.022,25
1790510850.7,-0.2183,0.5889,-0.53,-0.026,26
1790510850.8,-0.2166,0.5889,-0.53,0.020,26
1790510850.9,-0.2166,0.5889,-0.53,0.027,25
1790510851.0,-0.2166,0.5889,-0.53,0.025,27
1790510851.1,-0.2166,0.5889,-0.52,0.017,26
1790510851.2,-0.2166,0.5889,-0.53,-0.020,23
1790510851.3,-0.2166,0.5889,-0.53,-0.025,26
1790510851.4,-0.2166,0.5889,-0.53,-0.004,24
1790510851.5,-0.2166,0.5889,-0.53,-0.008,26
1790510851.6,-0.2166,0.5889,-0.53,0.014,24
1790510851.7,-0.2166,0.5889,-0.53,-0.007,27
1790510851.8,-0.2166,0.5889,-0.53,0.018,24
1790510851.9,-0.2166,0.5889,-0.53,0.006,26
1790510852.0,-0.2167,0.5889,-0.53,0.034,25
1790510852.1,-0.2166,0.5889,-0.52,0.016,26
1790510852.2,-0.2166,0.5889,-0.53,-0.022,26
1790510852.3,-0.2167,0.5889,-0.53,-0.028,27
1790510852.4,-0.2167,0.5889,-0.53,0.023,21
1790510852.5,-0.2158,0.5889,-0.53,-0.044,26
1790510852.6,-0.2158,0.5889,-0.53,-0.022,23
1790510852.7,-0.2148,0.5889,-0.53,0.023,25
1790510852.8,-0.2150,0.5889,-0.52,-0.004,25
1790510852.9,-0.2150,0.5889,-0.52,0.041,27
1790510853.0,-0.2152,0.5889,-0.52,0.028,28
1790510853.1,-0.2149,0.5889,-0.52,0.004,24
1790510853.2,-0.2149,0.5889,-0.52,-0.026,26
1790510853.3,-0.2152,0.5889,-0.52,0.022,25
1790510853.4,-0.2151,0.5889,-0.52,-0.026,27
1790510853.5,-0.2152,0.5889,-0.52,0.013,26
1790510853.6,-0.2152,0.5889,-0.52,-0.014,26
1790510853.7,-0.2149,0.5889,-0.52,0.017,25
1790510853.8,-0.2148,0.5889,-0.52,-0.009,24
1790510853.9,-0.2155,0.5889,-0.52,0.006,24
1790510854.0,-0.2155,0.5889,-0.52,0.026,25
1790510854.1,-0.2151,0.5889,-0.52,-0.010,25
1790510854.2,-0.2156,0.5889,-0.52,-0.008,27
1790510854.3,-0.2146,0.5889,-0.52,0.013,24
1790510854.4,-0.2146,0.5889,-0.52,0.018,24
1790510854.5,-0.2148,0.5889,-0.52,-0.023,23
1790510854.6,-0.2143,0.5889,-0.52,-0.031,25
1790510854.7,-0.2150,0.5889,-0.52,-0.050,26
1790510854.8,-0.2141,0.5889,-0.53,0.009,27
1790510854.9,-0.2141,0.5889,-0.53,0.013,25
1790510855.0,-0.2140,0.5889,-0.53,-0.011,27
1790510855.1,-0.2141,0.5889,-0.52,0.020,26
1790510855.2,-0.2146,0.5889,-0.52,0.007,23
1790510855.3,-0.2144,0.5889,-0.52,-0.014,27
1790510855.4,-0.2144,0.5889,-0.52,0.014,26
1790510855.5,-0.2145,0.5889,-0.52,-0.013,24
1790510855.6,-0.2144,0.5889,-0.52,0.022,23
1790510855.7,-0.2144,0.5889,-0.52,-0.014,24
1790510855.8,-0.2140,0.5889,-0.52,0.005,25
1790510855.9,-0.2145,0.5889,-0.52,0.031,25
1790510856.0,-0.2144,0.5889,-0.52,0.022,25
1790510856.1,-0.2144,0.5889,-0.52,-0.041,24
1790510856.2,-0.2147,0.5889,-0.52,0.020,26
1790510856.3,-0.2149,0.5889,-0.51,0.037,24
1790510856.4,-0.2140,0.5889,-0.51,-0.014,27
1790510856.5,-0.2140,0.5889,-0.51,0.036,25
1790510856.6,-0.2146,0.5889,-0.51,0.000,27
1790510856.7,-0.2142,0.5889,-0.51,-0.011,24
1790510856.8,-0.2139,0.5889,-0.51,-0.010,26
1790510856.9,-0.2134,0.5889,-0.51,0.004,25
1790510857.0,-0.2134,0.5889,-0.51,0.028,27
1790510857.1,-0.2139,0.5889,-0.51,-0.016,24
1790510857.2,-0.2142,0.5889,-0.50,0.017,25
1790510857.3,-0.2136,0.5889,-0.51,-0.045,23
1790510857.4,-0.2136,0.5889,-0.51,-0.009,24
1790510857.5,-0.2137,0.5889,-0.52,-0.027,25
1790510857.6,-0.2137,0.5889,-0.52,0.009,24
1790510857.7,-0.2136,0.5889,-0.52,-0.009,26
1790510857.8,-0.2133,0.5889,-0.52,0.006,28
1790510857.9,-0.2134,0.5889,-0.52,0.008,26
1790510858.0,-0.2134,0.5889,-0.52,-0.011,26
1790510858.1,-0.2135,0.5889,-0.52,-0.015,24
1790510858.2,-0.2132,0.5889,-0.52,-0.026,24
1790510858.3,-0.2148,0.5889,-0.52,0.048,25
1790510858.4,-0.2148,0.5889,-0.52,-0.004,26
1790510858.5,-0.2146,0.5889,-0.52,-0.013,26
1790510858.6,-0.2145,0.5889,-0.52,0.007,24
1790510858.7,-0.2145,0.5889,-0.52,0.011,27
1790510858.8,-0.2146,0.5889,-0.52,-0.008,23
1790510858.9,-0.2140,0.5889,-0.51,-0.002,25
1790510859.0,-0.2137,0.5889,-0.51,-0.021,26
1790510859.1,-0.2143,0.5889,-0.52,-0.022,26
1790510859.2,-0.2144,0.5889,-0.52,-0.003,27
1790510859.3,-0.2144,0.5889,-0.52,0.011,25
1790510859.4,-0.2144,0.5889,-0.52,-0.042,26
1790510859.5,-0.2143,0.5889,-0.52,0.020,26
1790510859.6,-0.2145,0.5889,-0.52,0.023,25
1790510859.7,-0.2148,0.5889,-0.52,0.014,26
1790510859.8,-0.2148,0.5889,-0.52,-0.024,24
1790510859.9,-0.2143,0.5889,-0.52,-0.012,28
1790510860.0,-0.2136,0.5889,-0.52,0.021,26
1790510860.1,-0.2136,0.5889,-0.52,0.001,26
1790510860.2,-0.2141,0.5889,-0.52,0.007,25
1790510860.3,-0.2135,0.5889,-0.51,0.026,25
1790510860.4,-0.2145,0.5889,-0.52,-0.045,24
1790510860.5,-0.2146,0.5889,-0.53,-0.036,24
1790510860.6,-0.2146,0.5889,-0.52,0.004,26
1790510860.7,-0.2146,0.5889,-0.53,-0.013,25
1790510860.8,-0.2146,0.5889,-0.52,0.038,25
1790510860.9,-0.2148,0.5889,-0.52,0.009,27
1790510861.0,-0.2144,0.5889,-0.52,0.039,26
1790510861.1,-0.2144,0.5889,-0.52,-0.010,25
1790510861.2,-0.2144,0.5889,-0.53,-0.026,26
1790510861.3,-0.2139,0.5889,-0.52,-0.014,26
1790510861.4,-0.2144,0.5889,-0.52,0.013,24
1790510861.5,-0.2144,0.5889,-0.52,0.014,27
1790510861.6,-0.2141,0.5889,-0.52,-0.004,25
1790510861.7,-0.2141,0.5889,-0.52,0.043,23
1790510861.8,-0.2139,0.5889,-0.51,0.007,28
1790510861.9,-0.2139,0.5889,-0.51,0.051,25
1790510862.0,-0.2146,0.5889,-0.51,-0.030,23
1790510862.1,-0.2148,0.5889,-0.51,-0.020,27
1790510862.2,-0.2148,0.5889,-0.51,0.011,24
1790510862.3,-0.2149,0.5889,-0.51,-0.003,27
1790510862.4,-0.2143,0.5889,-0.51,0.001,24
1790510862.5,-0.2143,0.5889,-0.51,0.026,22
1790510862.6,-0.2149,0.5889,-0.51,0.002,25
1790510862.7,-0.2145,0.5889,-0.51,-0.009,25
1790510862.8,-0.2146,0.5889,-0.51,-0.014,23
1790510862.9,-0.2146,0.5889,-0.51,-0.009,25
1790510863.0,-0.2139,0.5889,-0.51,0.004,24
1790510863.1,-0.2145,0.5889,-0.51,-0.016,26
1790510863.2,-0.2135,0.5889,-0.51,0.034,22
1790510863.3,-0.2135,0.5889,-0.51,0.004,24
1790510863.4,-0.2138,0.5889,-0.51,-0.048,25
1790510863.5,-0.2141,0.5889,-0.52,-0.037,25
1790510863.6,-0.2136,0.5889,-0.52,-0.054,24
1790510863.7,-0.2136,0.5889,-0.51,0.018,25
1790510863.8,-0.2141,0.5889,-0.51,0.026,25
1790510863.9,-0.2141,0.5889,-0.52,-0.019,25
1790510864.0,-0.2132,0.5889,-0.52,0.002,25
1790510864.1,-0.2132,0.5889,-0.52,0.016,26
1790510864.2,-0.2142,0.5889,-0.52,0.015,24
1790510864.3,-0.2133,0.5889,-0.51,0.047,21
1790510864.4,-0.2133,0.5889,-0.51,-0.006,25
1790510864.5,-0.2132,0.5889,-0.51,0.013,24
1790510864.6,-0.2139,0.5889,-0.51,0.010,26
1790510864.7,-0.2147,0.5889,-0.51,0.020,24
1790510864.8,-0.2147,0.5889,-0.52,-0.024,25
1790510864.9,-0.2144,0.5889,-0.52,0.002,25
1790510865.0,-0.2142,0.5889,-0.52,0.001,25
1790510865.1,-0.2148,0.5889,-0.51,0.012,25
1790510865.2,-0.2145,0.5889,-0.51,0.057,22
1790510865.3,-0.2145,0.5889,-0.52,-0.001,24
1790510865.4,-0.2142,0.5889,-0.51,0.006,21
1790510865.5,-0.2141,0.5889,-0.51,0.039,25
1790510865.6,-0.2144,0.5889,-0.51,0.026,25
1790510865.7,-0.2144,0.5889,-0.51,-0.020,23
1790510865.8,-0.2144,0.5889,-0.51,-0.017,24
1790510865.9,-0.2146,0.5889,-0.51,-0.020,24
1790510866.0,-0.2146,0.5889,-0.51,0.044,24
1790510866.1,-0.2143,0.5889,-0.51,-0.014,24
1790510866.2,-0.2142,0.5889,-0.51,0.023,25
1790510866.3,-0.2143,0.5889,-0.51,0.013,23
1790510866.4,-0.2141,0.5889,-0.51,-0.001,27
1790510866.5,-0.2141,0.5889,-0.50,0.038,24
1790510866.6,-0.2141,0.5889,-0.50,0.019,27
1790510866.7,-0.2141,0.5889,-0.50,0.002,24
1790510866.8,-0.2140,0.5889,-0.50,0.017,24
1790510866.9,-0.2143,0.5889,-0.50,-0.028,27
1790510867.0,-0.2143,0.5889,-0.50,-0.031,24
1790510867.1,-0.2143,0.5889,-0.50,0.012,25
1790510867.2,-0.2146,0.5889,-0.50,0.044,26
1790510867.3,-0.2147,0.5889,-0.51,-0.019,26
1790510867.4,-0.2145,0.5889,-0.50,0.042,26
1790510867.5,-0.2145,0.5889,-0.50,-0.029,27
1790510867.6,-0.2145,0.5889,-0.50,0.006,25
1790510867.7,-0.2141,0.5889,-0.50,-0.033,24
1790510867.8,-0.2148,0.5889,-0.51,-0.048,26
1790510867.9,-0.2148,0.5889,-0.50,0.005,26
1790510868.0,-0.2148,0.5889,-0.51,0.024,25
1790510868.1,-0.2142,0.5889,-0.50,-0.028,25
1790510868.2,-0.2153,0.5889,-0.50,0.042,25
1790510868.3,-0.2153,0.5889,-0.50,0.066,23
1790510868.4,-0.2156,0.5889,-0.50,-0.017,28
1790510868.5,-0.2154,0.5889,-0.50,-0.060,23
1790510868.6,-0.2154,0.5889,-0.50,-0.044,25
1790510868.7,-0.2154,0.5889,-0.50,0.032,25
1790510868.8,-0.2153,0.5889,-0.50,-0.004,24
1790510868.9,-0.2153,0.5889,-0.50,-0.036,24
1790510869.0,-0.2162,0.5889,-0.50,0.007,28
1790510869.1,-0.2162,0.5889,-0.51,-0.005,24
1790510869.2,-0.2155,0.5889,-0.50,0.003,24
1790510869.3,-0.2152,0.5889,-0.51,-0.025,23
1790510869.4,-0.2157,0.5889,-0.51,-0.037,23
1790510869.5,-0.2157,0.5889,-0.51,-0.013,26
1790510869.6,-0.2155,0.5889,-0.51,-0.075,27
1790510869.7,-0.2154,0.5889,-0.52,-0.025,24
1790510869.8,-0.2147,0.5889,-0.51,-0.011,26
1790510869.9,-0.2147,0.5889,-0.52,0.009,27
1790510870.0,-0.2154,0.5889,-0.51,-0.018,23
1790510870.1,-0.2151,0.5889,-0.52,-0.002,26
1790510870.2,-0.2151,0.5889,-0.52,-0.033,26
1790510870.3,-0.2151,0.5889,-0.52,-0.054,22
1790510870.4,-0.2155,0.5889,-0.52,0.006,23
1790510870.5,-0.2153,0.5889,-0.52,-0.008,25
1790510870.6,-0.2152,0.5889,-0.52,0.010,22
1790510870.7,-0.2152,0.5889,-0.52,0.000,24
1790510870.8,-0.2154,0.5889,-0.52,0.023,26
1790510870.9,-0.2153,0.5889,-0.52,-0.026,26
1790510871.0,-0.2153,0.5889,-0.52,-0.000,26
1790510871.1,-0.2153,0.5889,-0.52,0.002,26
1790510871.2,-0.2156,0.5889,-0.52,0.011,25
1790510871.3,-0.2154,0.5889,-0.52,-0.028,25
1790510871.4,-0.2150,0.5889,-0.51,0.047,25
1790510871.5,-0.2150,0.5889,-0.52,0.013,26
1790510871.6,-0.2151,0.5889,-0.51,-0.021,25
1790510871.7,-0.2159,0.5889,-0.51,0.022,26
1790510871.8,-0.2159,0.5889,-0.51,0.001,23
1790510871.9,-0.2155,0.5889,-0.51,-0.030,25
1790510872.0,-0.2157,0.5889,-0.52,-0.046,25
1790510872.1,-0.2154,0.5889,-0.52,0.000,25
1790510872.2,-0.2154,0.5889,-0.51,0.000,26
1790510872.3,-0.2153,0.5889,-0.51,0.001,26
1790510872.4,-0.2158,0.5889,-0.52,-0.010,24
1790510872.5,-0.2158,0.5889,-0.52,0.034,24
1790510872.6,-0.2149,0.5889,-0.52,-0.021,25
1790510872.7,-0.2139,0.5889,-0.51,-0.033,25
1790510872.8,-0.2139,0.5889,-0.51,0.054,21
1790510872.9,-0.2141,0.5889,-0.51,0.040,23
1790510873.0,-0.2137,0.5889,-0.51,0.007,24
1790510873.1,-0.2137,0.5889,-0.50,-0.003,26
1790510873.2,-0.2142,0.5889,-0.51,0.035,24
1790510873.3,-0.2142,0.5889,-0.50,0.011,25
1790510873.4,-0.2131,0.5889,-0.50,0.004,22
1790510873.5,-0.2131,0.5889,-0.50,-0.004,27
1790510873.6,-0.2131,0.5889,-0.51,-0.018,25
1790510873.7,-0.2131,0.5889,-0.51,-0.026,24
1790510873.8,-0.2131,0.5889,-0.51,-0.034,27
1790510873.9,-0.2131,0.5889,-0.51,0.001,25
1790510874.0,-0.2131,0.5889,-0.51,-0.021,25
1790510874.1,-0.2131,0.5889,-0.51,-0.027,24
1790510874.2,-0.2131,0.5889,-0.51,0.010,25
1790510874.3,-0.2131,0.5889,-0.51,-0.033,23
1790510874.4,-0.2131,0.5889,-0.52,-0.056,24
1790510874.5,-0.2131,0.5889,-0.52,-0.005,26
1790510874.6,-0.2131,0.5889,-0.52,-0.010,27
1790510874.7,-0.2131,0.5889,-0.52,-0.044,26
1790510874.8,-0.2131,0.5889,-0.52,0.007,27
1790510874.9,-0.2131,0.5889,-0.52,-0.026,26
1790510875.0,-0.2131,0.5889,-0.52,0.034,24
1790510875.1,-0.2131,0.5889,-0.51,0.011,27
1790510875.2,-0.2131,0.5889,-0.52,-0.040,23
1790510875.3,-0.2131,0.5889,-0.52,-0.019,26
1790510875.4,-0.2131,0.5889,-0.52,-0.047,26
1790510875.5,-0.2131,0.5889,-0.52,0.042,26
1790510875.6,-0.2131,0.5889,-0.52,-0.034,25
1790510875.7,-0.2131,0.5889,-0.52,0.013,25
1790510875.8,-0.2131,0.5889,-0.52,0.016,24
1790510875.9,-0.2131,0.5889,-0.52,0.025,26
1790510876.0,-0.2131,0.5889,-0.52,0.025,24
1790510876.1,-0.2131,0.5889,-0.52,-0.032,27
1790510876.2,-0.2131,0.5889,-0.52,-0.005,28
1790510876.3,-0.2131,0.5889,-0.52,0.079,24
1790510876.4,-0.2131,0.5889,-0.52,0.036,26
1790510876.5,-0.2131,0.5889,-0.51,-0.007,24
1790510876.6,-0.2131,0.5889,-0.51,0.002,25
1790510876.7,-0.2131,0.5889,-0.51,0.014,26
1790510876.8,-0.2131,0.5889,-0.51,0.004,27
1790510876.9,-0.2131,0.5889,-0.51,0.045,26
1790510877.0,-0.2131,0.5889,-0.51,0.022,27
1790510877.1,-0.2131,0.5889,-0.51,0.016,26
1790510877.2,-0.2131,0.5889,-0.51,-0.003,25
1790510877.3,-0.2131,0.5889,-0.51,-0.013,26
1790510877.4,-0.2131,0.5889,-0.50,0.007,26
1790510877.5,-0.2131,0.5889,-0.50,-0.011,22
