t_epoch,start,map_x,map_y,map_z,map_yaw_deg,cov_xx,cov_yawyaw,localised,bag_receive_t
1790509188.595930,1,0.0040,-0.0312,0.0000,-3.06,0.00151875,0.00126907,1,1790509189.553726
1790509189.662572,1,0.0034,-0.0312,0.0000,-3.06,0.00151875,0.00126907,1,1790509190.364909
1790509190.695901,1,0.0046,-0.0312,0.0000,-3.06,0.00151875,0.00126907,1,1790509191.368290
1790509191.695905,1,0.0037,-0.0312,0.0000,-3.06,0.00151875,0.00126907,1,1790509192.386036
1790509192.695906,1,0.0035,-0.0312,0.0000,-3.05,0.00151875,0.00126907,1,1790509193.375081
1790509193.729349,1,0.0039,-0.0312,0.0000,-3.05,0.00151875,0.00126907,1,1790509194.417199
1790509194.795932,1,0.0031,-0.0311,0.0000,-3.05,0.00151875,0.00126907,1,1790509195.500458
1790509195.795977,1,0.0041,-0.0312,0.0000,-3.05,0.00151875,0.00126907,1,1790509196.531481
1790509196.895929,1,0.0042,-0.0312,0.0000,-3.04,0.00151875,0.00126907,1,1790509197.625496
1790509197.929306,1,0.0041,-0.0312,0.0000,-3.04,0.00151875,0.00126907,1,1790509198.596960
1790509200.695999,1,0.0050,-0.0312,0.0000,-3.03,0.00151875,0.00126907,1,1790509201.558784
1790509201.729296,1,0.0048,-0.0312,0.0000,-3.04,0.00151875,0.00126907,1,1790509202.421409
1790509202.762625,1,0.0049,-0.0312,0.0000,-3.03,0.00151875,0.00126907,1,1790509203.468213
1790509203.762653,1,0.0057,-0.0313,0.0000,-3.03,0.00151875,0.00126907,1,1790509204.487851
1790509204.795988,1,0.0061,-0.0313,0.0000,-3.02,0.00151875,0.00126907,1,1790509205.531396
1790509205.829315,1,0.0053,-0.0313,0.0000,-3.02,0.00151875,0.00126907,1,1790509206.483702
1790509206.895977,1,0.0059,-0.0313,0.0000,-3.03,0.00151875,0.00126907,1,1790509207.571069
1790509207.895996,1,0.0060,-0.0313,0.0000,-3.03,0.00151875,0.00126907,1,1790509208.584005
1790509208.929324,1,0.0066,-0.0313,0.0000,-3.04,0.00151875,0.00126907,1,1790509209.608334
1790509209.962649,1,0.0072,-0.0314,0.0000,-3.03,0.00151875,0.00126907,1,1790509210.639989
1790509210.995989,1,0.0071,-0.0314,0.0000,-3.03,0.00151875,0.00126907,1,1790509211.701790
1790509211.995997,1,0.0059,-0.0313,0.0000,-3.03,0.00151875,0.00126907,1,1790509212.678099
1790509212.996034,1,0.0062,-0.0313,0.0000,-3.03,0.00151875,0.00126907,1,1790509213.694960
1790509214.096011,1,0.0045,-0.0312,0.0000,-3.03,0.00151875,0.00126907,1,1790509214.764543
1790509215.096017,1,0.0033,-0.0312,0.0000,-3.03,0.00151875,0.00126907,1,1790509215.786882
1790509216.096018,1,0.0031,-0.0311,0.0000,-3.02,0.00151875,0.00126907,1,1790509216.816080
1790509217.129361,1,0.0027,-0.0311,0.0000,-3.02,0.00151875,0.00126907,1,1790509217.806954
1790509218.129372,1,0.0031,-0.0311,0.0000,-3.03,0.00151875,0.00126907,1,1790509218.827501
1790509219.162718,1,0.0028,-0.0311,0.0000,-3.02,0.00151875,0.00126907,1,1790509219.854856
1790509220.162730,1,0.0028,-0.0311,0.0000,-3.01,0.00151875,0.00126907,1,1790509220.879481
1790509221.262704,1,0.0029,-0.0311,0.0000,-3.01,0.00151875,0.00126907,1,1790509221.935753
1790509222.262727,1,0.0010,-0.0310,0.0000,-3.02,0.00151875,0.00126907,1,1790509222.963864
1790509223.296071,1,0.0009,-0.0310,0.0000,-3.03,0.00151875,0.00126907,1,1790509224.002240
1790509224.329403,1,-0.0001,-0.0310,0.0000,-3.03,0.00151875,0.00126907,1,1790509225.078395
1790509225.362740,1,0.0015,-0.0311,0.0000,-3.02,0.00151875,0.00126907,1,1790509226.054837
1790509226.429391,1,-0.0000,-0.0310,0.0000,-3.01,0.00151875,0.00126907,1,1790509227.110049
1790509227.429421,1,-0.0004,-0.0310,0.0000,-3.01,0.00151875,0.00126907,1,1790509228.148556
1790509228.462765,1,0.0003,-0.0310,0.0000,-3.00,0.00151875,0.00126907,1,1790509229.172970
1790509229.496071,1,-0.0008,-0.0309,0.0000,-3.01,0.00151875,0.00126907,1,1790509230.157353
1790509230.496081,1,-0.0001,-0.0310,0.0000,-3.02,0.00151875,0.00126907,1,1790509231.224063
1790509231.529409,1,0.0006,-0.0310,0.0000,-3.01,0.00151875,0.00126907,1,1790509232.233489
1790509232.562763,1,0.0005,-0.0310,0.0000,-3.02,0.00151875,0.00126907,1,1790509233.244127
1790509233.562768,1,0.0015,-0.0311,0.0000,-3.02,0.00151875,0.00126907,1,1790509234.243685
1790509234.562783,1,0.0007,-0.0310,0.0000,-3.03,0.00151875,0.00126907,1,1790509235.239227
1790509238.996137,1,0.0007,-0.0310,0.0000,-3.02,0.00151875,0.00126907,1,1790509239.850286
1790509240.029484,1,0.0005,-0.0310,0.0000,-3.03,0.00151875,0.00126907,1,1790509240.730364
1790509241.062795,1,0.0003,-0.0310,0.0000,-3.02,0.00151875,0.00126907,1,1790509241.761938
1790509242.096161,1,0.0003,-0.0310,0.0000,-3.02,0.00151875,0.00126907,1,1790509242.816013
1790509243.162814,1,0.0002,-0.0310,0.0000,-3.01,0.00151875,0.00126907,1,1790509243.831717
1790509244.162816,1,-0.0002,-0.0310,0.0000,-3.01,0.00151875,0.00126907,1,1790509244.872264
1790509247.429518,1,0.0001,-0.0310,0.0000,-2.99,0.00151875,0.00126907,1,1790509248.256750
1790509248.462865,1,0.0002,-0.0310,0.0000,-3.00,0.00151875,0.00126907,1,1790509249.146708
1790509249.529508,1,0.0013,-0.0311,0.0000,-3.00,0.00151875,0.00126907,1,1790509250.219023
1790509250.562826,1,0.0023,-0.0311,0.0000,-2.99,0.00151875,0.00126907,1,1790509251.257346
1790509251.562860,1,0.0025,-0.0311,0.0000,-2.99,0.00151875,0.00126907,1,1790509252.210315
1790509252.629530,1,0.0013,-0.0310,0.0000,-2.99,0.00151875,0.00126907,1,1790509253.270212
1790509254.896189,1,0.0004,-0.0310,0.0000,-2.97,0.00151875,0.00126907,1,1790509255.657179
1790509255.896201,1,0.0004,-0.0310,0.0000,-2.97,0.00151875,0.00126907,1,1790509256.537620
1790509256.929544,1,-0.0003,-0.0310,0.0000,-2.97,0.00151875,0.00126907,1,1790509257.582043
1790509257.962882,1,0.0016,-0.0311,0.0000,-2.96,0.00151875,0.00126907,1,1790509258.608249
1790509258.962886,1,0.0026,-0.0311,0.0000,-2.95,0.00151875,0.00126907,1,1790509259.632401
1790509262.162958,1,0.0027,-0.0311,0.0000,-2.99,0.00151875,0.00126907,1,1790509262.962041
1790509263.196239,1,0.0029,-0.0311,0.0000,-2.99,0.00151875,0.00126907,1,1790509263.892414
1790509264.229566,1,0.0029,-0.0311,0.0000,-2.99,0.00151875,0.00126907,1,1790509264.881480
1790509265.262897,1,0.0024,-0.0311,0.0000,-2.99,0.00151875,0.00126907,1,1790509265.924839
1790509266.262925,1,0.0024,-0.0311,0.0000,-2.99,0.00151875,0.00126907,1,1790509266.955305
1790509269.562932,1,0.0025,-0.0311,0.0000,-2.97,0.00151875,0.00126907,1,1790509270.344287
1790509270.596255,1,0.0031,-0.0311,0.0000,-2.98,0.00151875,0.00126907,1,1790509271.249088
1790509271.596276,1,0.0056,-0.0313,0.0000,-2.98,0.00151875,0.00126907,1,1790509272.250160
1790509272.629611,1,0.0050,-0.0312,0.0000,-2.98,0.00151875,0.00126907,1,1790509273.305412
1790509273.696283,1,0.0054,-0.0313,0.0000,-2.98,0.00151875,0.00126907,1,1790509274.344215
1790509283.596317,1,0.0048,-0.0312,0.0000,-3.16,0.00151875,0.00126907,1,1790509284.583374
1790509284.662982,1,0.0050,-0.0312,0.0000,-3.15,0.00151875,0.00126907,1,1790509285.328603
1790509285.662988,1,0.0054,-0.0313,0.0000,-3.16,0.00151875,0.00126907,1,1790509286.326992
1790509286.696329,1,0.0042,-0.0312,0.0000,-3.16,0.00151875,0.00126907,1,1790509287.336861
1790509287.696335,1,0.0060,-0.0313,0.0000,-3.16,0.00151875,0.00126907,1,1790509288.356907
1790509288.763000,1,0.0072,-0.0314,0.0000,-3.15,0.00151875,0.00126907,1,1790509289.442509
1790509289.796338,1,0.0058,-0.0313,0.0000,-3.14,0.00151875,0.00126907,1,1790509290.428855
1790509292.896370,1,0.0066,-0.0313,0.0000,-3.14,0.00151875,0.00126907,1,1790509293.693925
1790509293.963014,1,0.0071,-0.0314,0.0000,-3.15,0.00151875,0.00126907,1,1790509294.618095
1790509294.963034,1,0.0066,-0.0313,0.0000,-3.15,0.00151875,0.00126907,1,1790509295.604890
1790509296.029709,1,0.0067,-0.0313,0.0000,-3.14,0.00151875,0.00126907,1,1790509296.687238
1790509297.096367,1,0.0069,-0.0314,0.0000,-3.15,0.00151875,0.00126907,1,1790509297.761843
1790509298.196377,1,0.0073,-0.0314,0.0000,-3.16,0.00151875,0.00126907,1,1790509298.804034
1790509300.296395,1,0.0070,-0.0314,0.0000,-3.13,0.00151875,0.00126907,1,1790509301.072002
1790509301.363063,1,0.0063,-0.0313,0.0000,-3.13,0.00151875,0.00126907,1,1790509302.023515
1790509302.396376,1,0.0058,-0.0313,0.0000,-3.13,0.00151875,0.00126907,1,1790509303.039020
1790509303.396410,1,0.0047,-0.0312,0.0000,-3.12,0.00151875,0.00126907,1,1790509304.019288
1790509307.763088,1,0.0048,-0.0312,0.0000,-3.12,0.00151875,0.00126907,1,1790509308.544791
1790509315.263119,1,0.0053,-0.0313,0.0000,-3.08,0.00151875,0.00126907,1,1790509316.099483
1790509316.329779,1,0.0050,-0.0313,0.0000,-3.07,0.00151875,0.00126907,1,1790509316.961593
1790509317.329783,1,0.0052,-0.0313,0.0000,-3.07,0.00151875,0.00126907,1,1790509317.983037
1790509318.396439,1,0.0065,-0.0313,0.0000,-3.07,0.00151875,0.00126907,1,1790509319.073033
1790509319.429793,1,0.0075,-0.0314,0.0000,-3.08,0.00151875,0.00126907,1,1790509320.101802
1790509322.463134,1,0.0078,-0.0314,0.0000,-3.08,0.00151875,0.00126907,1,1790509323.210560
1790509323.463137,1,0.0088,-0.0315,0.0000,-3.08,0.00151875,0.00126907,1,1790509324.126720
1790509324.463147,1,0.0097,-0.0315,0.0000,-3.08,0.00151875,0.00126907,1,1790509325.139135
1790509325.496486,1,0.0086,-0.0315,0.0000,-3.07,0.00151875,0.00126907,1,1790509326.145262
1790509326.496487,1,0.0091,-0.0315,0.0000,-3.07,0.00151875,0.00126907,1,1790509327.154649
1790509327.563143,1,0.0096,-0.0315,0.0000,-3.07,0.00151875,0.00126907,1,1790509328.208090
1790509329.796531,1,0.0090,-0.0315,0.0000,-3.08,0.00151875,0.00126907,1,1790509330.555812
1790509330.829838,1,0.0089,-0.0315,0.0000,-3.07,0.00151875,0.00126907,1,1790509331.501194
1790509331.829840,1,0.0090,-0.0315,0.0000,-3.06,0.00151875,0.00126907,1,1790509332.509318
1790509333.396507,1,0.0087,-0.0315,0.0000,-3.07,0.00151875,0.00126907,1,1790509334.092741
1790509334.396533,1,0.0088,-0.0315,0.0000,-3.06,0.00151875,0.00126907,1,1790509335.063610
1790509335.463183,1,0.0096,-0.0315,0.0000,-3.06,0.00151875,0.00126907,1,1790509336.163169
1790509336.496525,1,0.0094,-0.0315,0.0000,-3.06,0.00151875,0.00126907,1,1790509337.153923
1790509337.563190,1,0.0090,-0.0315,0.0000,-3.07,0.00151875,0.00126907,1,1790509338.212138
1790509344.563241,1,0.0090,-0.0315,0.0000,-3.03,0.00151875,0.00126907,1,1790509345.378423
1790509345.629895,1,0.0098,-0.0315,0.0000,-3.07,0.00151875,0.00126907,1,1790509346.292835
1790509346.696558,1,0.0086,-0.0314,0.0000,-3.07,0.00151875,0.00126907,1,1790509347.363565
1790509347.696567,1,0.0094,-0.0315,0.0000,-3.09,0.00151875,0.00126907,1,1790509348.375365
1790509348.729908,1,0.0096,-0.0315,0.0000,-3.10,0.00151875,0.00126907,1,1790509349.401647
1790509349.729916,1,0.0104,-0.0315,0.0000,-3.09,0.00151875,0.00126907,1,1790509350.353631
1790509352.063245,1,0.0096,-0.0315,0.0000,-3.09,0.00151875,0.00126907,1,1790509352.857890
1790509353.063268,1,0.0094,-0.0315,0.0000,-3.09,0.00151875,0.00126907,1,1790509353.728493
1790509354.063282,1,0.0114,-0.0316,0.0000,-3.09,0.00151875,0.00126907,1,1790509354.747625
1790509355.096618,1,0.0117,-0.0316,0.0000,-3.09,0.00151875,0.00126907,1,1790509355.747847
1790509356.163273,1,0.0118,-0.0316,0.0000,-3.09,0.00151875,0.00126907,1,1790509356.826612
1790509359.696656,1,0.0118,-0.0316,0.0000,-3.09,0.00151875,0.00126907,1,1790509360.517633
1790509389.996743,1,40.0000,40.0000,0.0000,90.00,9999,9999,0,1790509392.192571
1790509391.696777,1,40.0000,39.9993,0.0000,89.98,9999,9999,0,1790509392.778025
1790509392.763448,2,40.0000,39.9995,0.0000,89.97,9999,9999,0,1790509393.600707
1790509393.796756,2,40.0000,39.9986,0.0000,89.97,9999,9999,0,1790509394.573365
1790509394.830100,2,40.0000,39.9986,0.0000,89.97,9999,9999,0,1790509395.601375
1790509395.896746,2,40.0000,39.9987,0.0000,89.97,9999,9999,0,1790509396.672179
1790509396.896761,2,40.0000,39.9984,0.0000,89.96,9999,9999,0,1790509397.734636
1790509397.930098,2,40.0000,39.9976,0.0000,89.96,9999,9999,0,1790509398.736259
1790509398.930100,2,40.0000,39.9971,0.0000,89.97,9999,9999,0,1790509399.732598
1790509399.963437,2,40.0000,39.9974,0.0000,89.97,9999,9999,0,1790509400.733943
1790509400.963466,2,40.0000,39.9971,0.0000,89.97,9999,9999,0,1790509401.782510
1790509401.996780,2,40.0000,39.9973,0.0000,89.97,9999,9999,0,1790509402.785916
1790509403.063468,2,40.0000,39.9968,0.0000,89.98,9999,9999,0,1790509403.852549
1790509404.096783,2,40.0000,39.9978,0.0000,89.98,9999,9999,0,1790509404.911917
1790509405.096784,2,40.0000,39.9981,0.0000,89.98,9999,9999,0,1790509405.895613
1790509406.130141,2,40.0000,39.9982,0.0000,89.98,9999,9999,0,1790509406.935532
1790509407.163527,2,40.0000,39.9982,0.0000,89.99,9999,9999,0,1790509407.992447
1790509408.196829,2,40.0000,39.9981,0.0000,90.01,9999,9999,0,1790509409.019878
1790509409.263478,2,40.0000,39.9983,0.0000,90.02,9999,9999,0,1790509410.079273
1790509410.296794,2,40.0000,39.9984,0.0000,90.02,9999,9999,0,1790509411.128508
1790509411.330149,2,40.0000,39.9989,0.0000,90.02,9999,9999,0,1790509412.150714
1790509412.363490,2,40.0000,39.9992,0.0000,90.02,9999,9999,0,1790509413.255769
1790509413.396808,2,40.0000,39.9991,0.0000,90.02,9999,9999,0,1790509414.204986
1790509414.396814,2,40.0000,39.9996,0.0000,90.03,9999,9999,0,1790509415.204314
1790509415.463506,2,40.0000,39.9995,0.0000,90.02,9999,9999,0,1790509416.274276
1790509416.496829,2,40.0000,39.9997,0.0000,90.02,9999,9999,0,1790509417.344378
1790509417.530157,2,40.0000,39.9997,0.0000,90.02,9999,9999,0,1790509418.363446
1790509418.530168,2,40.0000,39.9994,0.0000,90.02,9999,9999,0,1790509419.350320
1790509419.563503,2,40.0000,39.9993,0.0000,90.03,9999,9999,0,1790509420.359311
1790509420.563521,2,40.0000,39.9991,0.0000,90.02,9999,9999,0,1790509421.391051
1790509421.596844,2,40.0000,39.9991,0.0000,90.01,9999,9999,0,1790509422.425387
1790509422.596849,2,40.0000,39.9993,0.0000,90.01,9999,9999,0,1790509423.452374
1790509423.630187,2,40.0000,39.9993,0.0000,90.01,9999,9999,0,1790509424.436224
1790509424.663514,2,40.0000,39.9991,0.0000,90.01,9999,9999,0,1790509425.475232
1790509425.663531,2,40.0000,39.9994,0.0000,90.01,9999,9999,0,1790509426.461086
1790509430.563561,2,40.0000,39.9985,0.0000,89.84,9999,9999,0,1790509431.495946
1790509431.598020,2,40.0000,40.0023,0.0000,89.97,9999,9999,0,1790509432.436902
1790509432.663567,2,40.0000,40.0018,0.0000,89.96,9999,9999,0,1790509433.456486
1790509433.730209,2,40.0000,40.0021,0.0000,89.97,9999,9999,0,1790509434.570184
1790509434.763565,2,40.0000,40.0018,0.0000,89.96,9999,9999,0,1790509435.607737
1790509435.796899,2,40.0000,40.0021,0.0000,89.96,9999,9999,0,1790509436.636851
1790509436.796908,2,40.0000,40.0025,0.0000,89.96,9999,9999,0,1790509437.645570
1790509437.830226,2,40.0000,40.0016,0.0000,89.97,9999,9999,0,1790509438.654441
1790509438.830235,2,40.0000,40.0025,0.0000,89.96,9999,9999,0,1790509439.649112
1790509439.830251,2,40.0000,40.0018,0.0000,89.96,9999,9999,0,1790509440.663738
1790509440.930241,2,40.0000,40.0009,0.0000,89.97,9999,9999,0,1790509441.725225
1790509441.963579,2,40.0000,40.0009,0.0000,89.96,9999,9999,0,1790509442.763537
1790509442.963590,2,40.0000,40.0016,0.0000,89.96,9999,9999,0,1790509443.793127
1790509443.963595,2,40.0000,40.0012,0.0000,89.96,9999,9999,0,1790509444.826325
1790509444.996929,2,40.0000,40.0023,0.0000,89.97,9999,9999,0,1790509445.810744
1790509446.030271,2,40.0000,40.0024,0.0000,89.98,9999,9999,0,1790509446.823827
1790509447.063594,2,40.0000,40.0028,0.0000,89.98,9999,9999,0,1790509447.871859
1790509448.063609,2,40.0000,40.0033,0.0000,89.98,9999,9999,0,1790509448.851908
1790509449.130280,2,40.0000,40.0040,0.0000,89.98,9999,9999,0,1790509449.994130
1790509450.163629,2,40.0000,40.0041,0.0000,89.98,9999,9999,0,1790509450.981475
1790509451.230288,2,40.0000,40.0043,0.0000,89.97,9999,9999,0,1790509452.059030
1790509452.296942,2,40.0000,40.0038,0.0000,89.97,9999,9999,0,1790509453.135871
1790509453.330272,2,40.0000,40.0030,0.0000,89.96,9999,9999,0,1790509454.184666
1790509454.330304,2,40.0000,40.0038,0.0000,89.97,9999,9999,0,1790509455.171306
1790509455.330306,2,40.0000,40.0039,0.0000,89.97,9999,9999,0,1790509456.201076
1790509456.396971,2,40.0000,40.0045,0.0000,89.97,9999,9999,0,1790509457.253721
1790509457.430290,2,40.0000,40.0041,0.0000,89.97,9999,9999,0,1790509458.249686
1790509458.430298,2,40.0000,40.0041,0.0000,89.98,9999,9999,0,1790509459.256769
1790509459.430308,2,40.0000,40.0039,0.0000,89.99,9999,9999,0,1790509460.264831
1790509460.430310,2,40.0000,40.0041,0.0000,89.99,9999,9999,0,1790509461.314659
1790509461.463658,2,40.0000,40.0038,0.0000,89.99,9999,9999,0,1790509462.298535
1790509462.530322,2,40.0000,40.0042,0.0000,90.00,9999,9999,0,1790509463.382007
1790509463.597011,2,40.0000,40.0042,0.0000,90.00,9999,9999,0,1790509464.437819
1790509464.630325,2,40.0000,40.0044,0.0000,90.00,9999,9999,0,1790509465.468011
1790509465.630333,2,40.0000,40.0049,0.0000,90.01,9999,9999,0,1790509466.495234
1790509466.663665,2,40.0000,40.0046,0.0000,90.00,9999,9999,0,1790509467.492651
1790509467.730324,2,40.0000,40.0048,0.0000,90.00,9999,9999,0,1790509468.593974
1790509468.730346,2,40.0000,40.0051,0.0000,90.00,9999,9999,0,1790509469.592983
1790509469.763682,2,40.0000,40.0065,0.0000,90.01,9999,9999,0,1790509470.612382
1790509470.763685,2,40.0000,40.0067,0.0000,90.01,9999,9999,0,1790509471.586643
1790509471.830347,2,40.0000,40.0064,0.0000,90.01,9999,9999,0,1790509472.696273
1790509472.863730,2,40.0000,40.0061,0.0000,90.01,9999,9999,0,1790509473.674951
1790509473.930360,2,40.0000,40.0062,0.0000,90.00,9999,9999,0,1790509474.753633
1790509474.963707,2,40.0000,40.0059,0.0000,90.01,9999,9999,0,1790509475.794859
1790509476.030368,2,40.0000,40.0062,0.0000,90.00,9999,9999,0,1790509476.850449
1790509477.097025,2,40.0000,40.0064,0.0000,90.00,9999,9999,0,1790509477.942738
1790509478.097061,2,40.0000,40.0062,0.0000,90.00,9999,9999,0,1790509478.962237
1790509479.197144,2,40.0000,40.0065,0.0000,90.00,9999,9999,0,1790509480.010257
1790509480.263717,2,40.0000,40.0068,0.0000,89.99,9999,9999,0,1790509481.123846
1790509481.330374,2,40.0000,40.0065,0.0000,90.00,9999,9999,0,1790509482.205262
1790509482.363708,2,40.0000,40.0071,0.0000,90.00,9999,9999,0,1790509483.191249
1790509483.363746,2,40.0000,40.0061,0.0000,89.98,9999,9999,0,1790509484.189589
1790509484.397064,2,40.0000,40.0059,0.0000,89.97,9999,9999,0,1790509485.222014
1790509485.463744,2,40.0000,40.0056,0.0000,89.98,9999,9999,0,1790509486.345864
1790509486.497069,2,40.0000,40.0051,0.0000,89.98,9999,9999,0,1790509487.341467
1790509487.563734,2,40.0000,40.0056,0.0000,89.98,9999,9999,0,1790509488.410819
1790509488.563747,2,40.0000,40.0054,0.0000,89.97,9999,9999,0,1790509489.460134
1790509489.630415,2,40.0000,40.0060,0.0000,89.97,9999,9999,0,1790509490.483094
1790509490.663749,2,40.0000,40.0056,0.0000,89.97,9999,9999,0,1790509491.524028
1790509491.730407,2,40.0000,40.0054,0.0000,89.98,9999,9999,0,1790509492.579331
1790509492.763766,2,40.0000,40.0055,0.0000,89.99,9999,9999,0,1790509493.579931
1790509493.830435,2,40.0000,40.0121,0.0000,89.97,9999,9999,0,1790509494.707234
1790509494.863759,2,40.0000,40.0807,0.0000,89.99,9999,9999,0,1790509495.713319
1790509495.930445,2,40.0000,40.1549,0.0000,90.03,9999,9999,0,1790509496.843118
1790509496.997092,2,40.0000,40.2299,0.0000,90.05,9999,9999,0,1790509497.868976
1790509498.030443,2,39.9999,40.2844,0.0000,90.07,9999,9999,0,1790509498.898207
1790509499.030458,2,39.9999,40.2840,0.0000,90.05,9999,9999,0,1790509499.937045
1790509500.063777,2,39.9999,40.2844,0.0000,90.04,9999,9999,0,1790509500.923903
1790509501.130435,2,39.9999,40.2840,0.0000,90.03,9999,9999,0,1790509501.977270
1790509502.163787,2,39.9999,40.2842,0.0000,90.05,9999,9999,0,1790509503.062827
1790509503.197119,2,39.9999,40.2842,0.0000,90.05,9999,9999,0,1790509504.124211
1790509504.197130,2,39.9999,40.2840,0.0000,90.05,9999,9999,0,1790509505.043794
1790509505.230462,2,39.9999,40.2839,0.0000,90.04,9999,9999,0,1790509506.102077
1790509506.297121,2,39.9999,40.2844,0.0000,90.04,9999,9999,0,1790509507.178633
1790509507.330479,2,39.9999,40.2846,0.0000,90.04,9999,9999,0,1790509508.193623
1790509508.363809,2,39.9999,40.2842,0.0000,90.03,9999,9999,0,1790509509.284034
1790509509.430493,2,39.9999,40.2844,0.0000,90.01,9999,9999,0,1790509510.347865
1790509510.463829,2,39.9999,40.2844,0.0000,90.01,9999,9999,0,1790509511.345806
1790509511.497158,2,39.9999,40.2844,0.0000,90.01,9999,9999,0,1790509512.358915
1790509512.563826,2,39.9999,40.2846,0.0000,90.01,9999,9999,0,1790509513.438773
1790509513.630495,2,39.9999,40.2846,0.0000,90.01,9999,9999,0,1790509514.511105
1790509514.663815,2,39.9999,40.2847,0.0000,90.00,9999,9999,0,1790509515.530761
1790509515.663828,2,39.9999,40.2847,0.0000,89.99,9999,9999,0,1790509516.607449
1790509516.697180,2,39.9999,40.2846,0.0000,90.00,9999,9999,0,1790509517.630126
1790509517.763834,2,39.9999,40.2852,0.0000,90.00,9999,9999,0,1790509518.704298
1790509518.797174,2,39.9999,40.2841,0.0000,90.00,9999,9999,0,1790509519.668448
1790509519.897169,2,39.9999,40.2841,0.0000,90.01,9999,9999,0,1790509520.746067
1790509520.897188,2,39.9999,40.2835,0.0000,90.01,9999,9999,0,1790509521.760524
1790509521.930532,2,39.9999,40.2837,0.0000,90.01,9999,9999,0,1790509522.804958
1790509522.930533,2,39.9999,40.2838,0.0000,90.01,9999,9999,0,1790509523.828502
1790509523.963867,2,39.9999,40.2840,0.0000,90.01,9999,9999,0,1790509524.825050
1790509524.963876,2,39.9999,40.2840,0.0000,90.03,9999,9999,0,1790509525.881771
1790509525.997206,2,39.9999,40.2843,0.0000,90.03,9999,9999,0,1790509526.859389
1790509527.063879,2,39.9999,40.2841,0.0000,90.03,9999,9999,0,1790509527.984624
1790509528.097199,2,39.9999,40.2825,0.0000,90.04,9999,9999,0,1790509528.986062
1790509529.097205,2,39.9999,40.2836,0.0000,90.05,9999,9999,0,1790509529.994044
1790509530.130537,2,39.9999,40.2838,0.0000,90.04,9999,9999,0,1790509530.984924
1790509531.130555,2,39.9999,40.2841,0.0000,90.05,9999,9999,0,1790509532.024016
1790509532.163901,2,39.9999,40.2835,0.0000,90.05,9999,9999,0,1790509533.025554
1790509533.230552,2,39.9999,40.2835,0.0000,90.05,9999,9999,0,1790509534.066555
1790509534.263892,2,39.9999,40.2835,0.0000,90.06,9999,9999,0,1790509535.158024
1790509535.263896,2,39.9999,40.2834,0.0000,90.07,9999,9999,0,1790509536.148611
1790509536.297234,2,39.9999,40.2837,0.0000,90.06,9999,9999,0,1790509537.164885
1790509537.330574,2,39.9999,40.2835,0.0000,90.06,9999,9999,0,1790509538.206211
1790509538.397283,2,39.9999,40.2837,0.0000,90.06,9999,9999,0,1790509539.300106
1790509539.430572,2,39.9999,40.2831,0.0000,90.07,9999,9999,0,1790509540.348412
1790509540.463915,2,39.9999,40.2831,0.0000,90.07,9999,9999,0,1790509541.322085
1790509541.530585,2,39.9999,40.2832,0.0000,90.07,9999,9999,0,1790509542.429867
1790509542.530585,2,39.9999,40.2831,0.0000,90.07,9999,9999,0,1790509543.406277
1790509543.563919,2,39.9999,40.2837,0.0000,90.07,9999,9999,0,1790509544.462492
1790509544.597275,2,39.9999,40.2835,0.0000,90.07,9999,9999,0,1790509545.477754
1790509545.630612,2,39.9999,40.2835,0.0000,90.08,9999,9999,0,1790509546.493736
1790509546.663936,2,39.9999,40.2833,0.0000,90.08,9999,9999,0,1790509547.582531
1790509547.697311,2,39.9999,40.2838,0.0000,90.08,9999,9999,0,1790509548.597643
1790509548.730601,2,39.9999,40.2837,0.0000,90.08,9999,9999,0,1790509549.586436
1790509549.763947,2,39.9999,40.2840,0.0000,90.08,9999,9999,0,1790509550.644543
1790509550.763958,2,39.9999,40.2843,0.0000,90.09,9999,9999,0,1790509551.660225
1790509551.797285,2,39.9999,40.2844,0.0000,90.09,9999,9999,0,1790509552.711167
1790509552.830618,2,39.9999,40.2841,0.0000,90.08,9999,9999,0,1790509553.727816
1790509553.863990,2,39.9999,40.2849,0.0000,90.08,9999,9999,0,1790509554.732888
1790509554.897307,2,39.9999,40.2848,0.0000,90.09,9999,9999,0,1790509555.757786
1790509555.930630,2,39.9999,40.2848,0.0000,90.09,9999,9999,0,1790509556.852274
1790509556.997287,2,39.9999,40.2852,0.0000,90.09,9999,9999,0,1790509557.910980
1790509558.030630,2,39.9999,40.2847,0.0000,90.08,9999,9999,0,1790509558.923529
1790509559.063977,2,39.9999,40.2848,0.0000,90.08,9999,9999,0,1790509559.978626
1790509560.097301,2,39.9999,40.2847,0.0000,90.09,9999,9999,0,1790509561.011575
1790509561.130654,2,39.9999,40.2843,0.0000,90.10,9999,9999,0,1790509562.053892
1790509562.163981,2,39.9999,40.2842,0.0000,90.09,9999,9999,0,1790509563.081082
1790509563.197325,2,39.9999,40.2840,0.0000,90.08,9999,9999,0,1790509564.062988
1790509564.230658,2,39.9999,40.2840,0.0000,90.08,9999,9999,0,1790509565.102427
1790509565.264003,2,39.9999,40.2832,0.0000,90.08,9999,9999,0,1790509566.126497
1790509566.297325,2,39.9999,40.2834,0.0000,90.08,9999,9999,0,1790509567.167820
1790509567.297326,2,39.9999,40.2832,0.0000,90.07,9999,9999,0,1790509568.163798
1790509568.330678,2,39.9999,40.2834,0.0000,90.07,9999,9999,0,1790509569.232741
1790509569.397341,2,39.9999,40.2805,0.0000,90.07,9999,9999,0,1790509570.309661
1790509570.430673,2,39.9999,40.2803,0.0000,90.08,9999,9999,0,1790509571.364147
1790509571.464011,2,39.9997,40.4034,0.0000,90.12,9999,9999,0,1790509572.356616
1790509572.530707,2,39.9993,40.5836,0.0000,90.16,9999,9999,0,1790509573.418573
1790509573.564039,2,39.9987,40.7562,0.0000,90.22,9999,9999,0,1790509574.508084
1790509574.597360,2,39.9979,40.9305,0.0000,90.32,9999,9999,0,1790509575.490001
1790509575.630690,2,39.9968,41.1073,0.0000,90.36,9999,9999,0,1790509576.485269
1790509576.630699,2,39.9956,41.2771,0.0000,90.43,9999,9999,0,1790509577.464079
1790509577.697386,2,39.9941,41.4586,0.0000,90.51,9999,9999,0,1790509578.593717
1790509578.764049,2,39.9925,41.6407,0.0000,90.56,9999,9999,0,1790509579.607987
1790509579.797370,2,39.9907,41.8111,0.0000,90.63,9999,9999,0,1790509580.615027
1790509580.830717,2,39.9887,41.9882,0.0000,90.70,9999,9999,0,1790509581.662103
1790509581.864058,2,39.9864,42.1667,0.0000,90.80,9999,9999,0,1790509582.689787
1790509582.864066,2,39.9838,42.3431,0.0000,90.85,9999,9999,0,1790509583.770236
1790509583.897400,2,39.9809,42.5277,0.0000,90.94,9999,9999,0,1790509584.777589
1790509584.897400,2,39.9779,42.7035,0.0000,91.00,9999,9999,0,1790509585.825442
1790509585.930725,2,39.9745,42.8910,0.0000,91.09,9999,9999,0,1790509586.846249
1790509586.964064,2,39.9708,43.0753,0.0000,91.14,9999,9999,0,1790509587.823106
1790509587.964067,2,39.9672,43.2489,0.0000,91.22,9999,9999,0,1790509588.870394
1790509588.964082,2,39.9634,43.4222,0.0000,91.27,9999,9999,0,1790509589.889978
1790509590.030739,2,39.9590,43.6122,0.0000,91.34,9999,9999,0,1790509590.951471
1790509591.030741,2,39.9548,43.7877,0.0000,91.42,9999,9999,0,1790509591.861354
1790509592.030751,2,39.9505,43.9576,0.0000,91.43,9999,9999,0,1790509592.974200
1790509593.064095,2,39.9458,44.1396,0.0000,91.50,9999,9999,0,1790509593.958873
1790509594.097419,2,39.9410,44.3203,0.0000,91.55,9999,9999,0,1790509595.026795
1790509595.164084,2,39.9360,44.4907,0.0000,91.63,9999,9999,0,1790509596.114051
1790509596.197439,2,39.9310,44.6634,0.0000,91.72,9999,9999,0,1790509597.134453
1790509597.230769,2,39.9255,44.8379,0.0000,91.76,9999,9999,0,1790509598.125019
1790509598.230774,2,39.9198,45.0191,0.0000,91.86,9999,9999,0,1790509599.192804
1790509599.264111,2,39.9136,45.2028,0.0000,91.90,9999,9999,0,1790509600.233486
1790509600.330793,2,39.9075,45.3860,0.0000,91.98,9999,9999,0,1790509601.253600
1790509601.364109,2,39.9012,45.5620,0.0000,92.05,9999,9999,0,1790509602.271880
1790509602.364119,2,39.8949,45.7330,0.0000,92.13,9999,9999,0,1790509603.293115
1790509603.397448,2,39.8878,45.9199,0.0000,92.21,9999,9999,0,1790509604.386367
1790509604.464122,2,5.8950,-0.1647,0.0000,-0.24,0.00202779,0.00194994,1,1790509605.544820
1790509605.464133,2,6.0682,-0.1663,0.0000,-0.09,0.000791975,0.000835179,1,1790509606.631553
1790509606.497462,2,6.2477,-0.1658,0.0000,-0.01,0.00090982,0.000799163,1,1790509607.656986
1790509607.564141,2,6.4278,-0.1552,0.0000,0.11,0.000731372,0.000729398,1,1790509608.769668
1790509608.597463,2,6.6009,-0.1592,0.0000,0.22,0.000879595,0.000749184,1,1790509609.742610
1790509609.664169,2,6.7868,-0.1616,0.0000,0.28,0.000815558,0.00088936,1,1790509610.667276
1790509610.730811,2,6.9649,-0.1611,0.0000,0.40,0.000641761,0.000674175,1,1790509611.882442
1790509611.764155,2,7.1375,-0.1609,0.0000,0.49,0.000589425,0.000639173,1,1790509612.908212
1790509612.797524,2,7.2376,-0.1602,0.0000,0.51,0.00047772,0.000693394,1,1790509613.970055
1790509613.864144,2,7.2360,-0.1602,0.0000,0.50,0.00047772,0.000693394,1,1790509614.734307
1790509614.897548,2,7.2379,-0.1602,0.0000,0.50,0.00047772,0.000693394,1,1790509615.758771
1790509615.964180,2,7.2394,-0.1602,0.0000,0.49,0.00047772,0.000693394,1,1790509616.808003
1790509617.030838,2,7.2398,-0.1602,0.0000,0.51,0.00047772,0.000693394,1,1790509617.929702
1790509618.064150,2,7.2432,-0.1602,0.0000,0.50,0.00047772,0.000693394,1,1790509618.918217
1790509619.064176,2,7.2445,-0.1601,0.0000,0.50,0.00047772,0.000693394,1,1790509619.925209
1790509620.064179,2,7.2424,-0.1602,0.0000,0.51,0.00047772,0.000693394,1,1790509620.938289
1790509621.097511,2,7.2409,-0.1602,0.0000,0.51,0.00047772,0.000693394,1,1790509621.996415
1790509622.197512,2,7.2415,-0.1602,0.0000,0.52,0.00047772,0.000693394,1,1790509623.086685
1790509623.197531,2,7.2414,-0.1602,0.0000,0.51,0.00047772,0.000693394,1,1790509624.021670
1790509624.230855,2,7.2426,-0.1601,0.0000,0.51,0.00047772,0.000693394,1,1790509625.122155
1790509625.230864,2,7.2420,-0.1601,0.0000,0.52,0.00047772,0.000693394,1,1790509626.126037
1790509626.264183,2,7.2620,-0.1600,0.0000,0.51,0.00047772,0.000693394,1,1790509627.180713
1790509627.297525,2,7.3979,-0.1595,0.0000,0.57,0.00050534,0.000689619,1,1790509628.454783
1790509628.330883,2,7.5734,-0.1456,0.0000,0.29,0.000549205,0.000588162,1,1790509629.445210
1790509629.397546,2,7.7543,-0.1556,0.0000,0.47,0.000525936,0.000871934,1,1790509630.434348
1790509630.464199,2,7.9372,-0.1537,0.0000,0.63,0.000405419,0.00064836,1,1790509631.534589
1790509631.464211,2,8.1025,-0.1480,0.0000,0.83,0.000378606,0.000657597,1,1790509632.518174
1790509632.464229,2,8.2673,-0.1397,0.0000,0.94,0.000324261,0.000652254,1,1790509633.543478
1790509633.497549,2,8.4445,-0.1413,0.0000,1.00,0.000412129,0.000664767,1,1790509634.507449
1790509634.530886,2,8.6193,-0.1383,0.0000,1.11,0.000317206,0.00062874,1,1790509635.558662
1790509635.597554,2,8.8001,-0.1334,0.0000,1.18,0.000290428,0.000660793,1,1790509636.562596
1790509636.630891,2,8.9709,-0.1217,0.0000,1.15,0.000254367,0.000598148,1,1790509637.665861
1790509637.630913,2,9.1431,-0.1196,0.0000,1.26,0.000304801,0.000566418,1,1790509638.656857
1790509638.664250,2,9.2251,-0.1166,0.0000,1.12,0.000380813,0.000909403,1,1790509639.573549
1790509639.697572,2,9.2238,-0.1166,0.0000,1.13,0.000380813,0.000909403,1,1790509640.438258
1790509640.697577,2,9.2239,-0.1166,0.0000,1.13,0.000380813,0.000909403,1,1790509641.469104
1790509641.730918,2,9.2236,-0.1166,0.0000,1.11,0.000380813,0.000909403,1,1790509642.503734
1790509642.764267,2,9.2239,-0.1166,0.0000,1.11,0.000380813,0.000909403,1,1790509643.557152
1790509643.830930,2,9.2242,-0.1166,0.0000,1.11,0.000380813,0.000909403,1,1790509644.655537
1790509644.864246,2,9.2249,-0.1166,0.0000,1.11,0.000380813,0.000909403,1,1790509645.655759
1790509645.864267,2,9.2243,-0.1166,0.0000,1.11,0.000380813,0.000909403,1,1790509646.617164
1790509646.930935,2,9.2245,-0.1166,0.0000,1.09,0.000380813,0.000909403,1,1790509647.714113
1790509647.964275,2,9.2245,-0.1166,0.0000,1.10,0.000380813,0.000909403,1,1790509648.742164
1790509648.997612,2,9.2249,-0.1166,0.0000,1.11,0.000380813,0.000909403,1,1790509649.757997
1790509650.030919,2,9.2248,-0.1166,0.0000,1.10,0.000380813,0.000909403,1,1790509650.811983
1790509651.030947,2,9.2247,-0.1166,0.0000,1.11,0.000380813,0.000909403,1,1790509651.821433
1790509652.064280,2,9.2250,-0.1166,0.0000,1.11,0.000380813,0.000909403,1,1790509652.802355
1790509653.097602,2,9.2249,-0.1166,0.0000,1.12,0.000380813,0.000909403,1,1790509653.860929
1790509654.097613,2,9.2248,-0.1166,0.0000,1.13,0.000380813,0.000909403,1,1790509654.855117
1790509655.130956,2,9.2253,-0.1165,0.0000,1.13,0.000380813,0.000909403,1,1790509655.898822
1790509656.164284,2,9.2248,-0.1166,0.0000,1.13,0.000380813,0.000909403,1,1790509656.938112
1790509657.197622,2,9.2246,-0.1166,0.0000,1.12,0.000380813,0.000909403,1,1790509657.963994
1790509658.230958,2,9.2243,-0.1166,0.0000,1.13,0.000380813,0.000909403,1,1790509658.998691
1790509659.230958,2,9.2242,-0.1166,0.0000,1.14,0.000380813,0.000909403,1,1790509659.988265
1790509660.264306,2,9.2242,-0.1166,0.0000,1.14,0.000380813,0.000909403,1,1790509661.018089
1790509661.297642,2,9.2246,-0.1166,0.0000,1.13,0.000380813,0.000909403,1,1790509662.063398
1790509662.330984,2,9.2246,-0.1166,0.0000,1.13,0.000380813,0.000909403,1,1790509663.087927
1790509663.397640,2,9.2245,-0.1166,0.0000,1.13,0.000380813,0.000909403,1,1790509664.174484
1790509664.430992,2,9.2248,-0.1166,0.0000,1.12,0.000380813,0.000909403,1,1790509665.206096
1790509665.497655,2,9.2248,-0.1166,0.0000,1.14,0.000380813,0.000909403,1,1790509666.277209
1790509666.530990,2,9.2247,-0.1166,0.0000,1.14,0.000380813,0.000909403,1,1790509667.381450
1790509667.564331,2,9.2249,-0.1166,0.0000,1.14,0.000380813,0.000909403,1,1790509668.311927
1790509668.597675,2,9.2241,-0.1166,0.0000,1.16,0.000380813,0.000909403,1,1790509669.351752
1790509669.631008,2,9.2239,-0.1166,0.0000,1.16,0.000380813,0.000909403,1,1790509670.371627
1790509670.731031,2,9.2239,-0.1166,0.0000,1.15,0.000380813,0.000909403,1,1790509671.470881
1790509671.797674,2,9.2245,-0.1166,0.0000,1.15,0.000380813,0.000909403,1,1790509672.583442
1790509672.831043,2,9.2243,-0.1166,0.0000,1.16,0.000380813,0.000909403,1,1790509673.615030
1790509673.864360,2,9.2245,-0.1166,0.0000,1.16,0.000380813,0.000909403,1,1790509674.614863
1790509674.897692,2,9.2236,-0.1166,0.0000,1.16,0.000380813,0.000909403,1,1790509675.675281
1790509675.931026,2,9.2241,-0.1166,0.0000,1.15,0.000380813,0.000909403,1,1790509676.666278
1790509676.964359,2,9.2240,-0.1166,0.0000,1.14,0.000380813,0.000909403,1,1790509677.739565
1790509677.997701,2,9.2238,-0.1166,0.0000,1.15,0.000380813,0.000909403,1,1790509678.757589
1790509678.997707,2,9.2237,-0.1166,0.0000,1.16,0.000380813,0.000909403,1,1790509679.802426
1790509680.031037,2,9.2238,-0.1166,0.0000,1.16,0.000380813,0.000909403,1,1790509680.793537
1790509681.064354,2,9.2237,-0.1166,0.0000,1.16,0.000380813,0.000909403,1,1790509681.798503
1790509682.097718,2,9.2238,-0.1166,0.0000,1.15,0.000380813,0.000909403,1,1790509682.894455
1790509683.131052,2,9.2232,-0.1166,0.0000,1.15,0.000380813,0.000909403,1,1790509683.865758
1790509684.164381,2,9.2234,-0.1166,0.0000,1.15,0.000380813,0.000909403,1,1790509684.921096
1790509685.197720,2,9.2233,-0.1166,0.0000,1.15,0.000380813,0.000909403,1,1790509685.948091
1790509686.231071,2,9.2235,-0.1166,0.0000,1.15,0.000380813,0.000909403,1,1790509686.995758
1790509687.264389,2,9.2239,-0.1166,0.0000,1.14,0.000380813,0.000909403,1,1790509688.016356
1790509688.264392,2,9.2240,-0.1166,0.0000,1.14,0.000380813,0.000909403,1,1790509689.111781
1790509689.264404,2,9.2243,-0.1166,0.0000,1.14,0.000380813,0.000909403,1,1790509690.022102
1790509690.297732,2,9.2242,-0.1166,0.0000,1.14,0.000380813,0.000909403,1,1790509691.124738
1790509691.331080,2,9.2233,-0.1166,0.0000,1.15,0.000380813,0.000909403,1,1790509692.090330
1790509692.364419,2,9.2237,-0.1166,0.0000,1.14,0.000380813,0.000909403,1,1790509693.151543
1790509693.397746,2,9.2237,-0.1166,0.0000,1.12,0.000380813,0.000909403,1,1790509694.128965
1790509694.431084,2,9.2241,-0.1165,0.0000,1.13,0.000380813,0.000909403,1,1790509695.194452
1790509695.464436,2,9.2241,-0.1165,0.0000,1.13,0.000380813,0.000909403,1,1790509696.277244
1790509696.497774,2,9.2243,-0.1165,0.0000,1.13,0.000380813,0.000909403,1,1790509697.283812
1790509697.531106,2,9.2244,-0.1165,0.0000,1.14,0.000380813,0.000909403,1,1790509698.310609
1790509698.564432,2,9.2242,-0.1165,0.0000,1.16,0.000380813,0.000909403,1,1790509699.385119
1790509699.597785,2,9.2242,-0.1165,0.0000,1.16,0.000380813,0.000909403,1,1790509700.395690
1790509700.664448,2,9.2245,-0.1165,0.0000,1.19,0.000380813,0.000909403,1,1790509701.455215
1790509701.697784,2,9.2240,-0.1166,0.0000,1.19,0.000380813,0.000909403,1,1790509702.482617
1790509702.731128,2,9.2244,-0.1165,0.0000,1.17,0.000380813,0.000909403,1,1790509703.488229
1790509703.797786,2,9.2250,-0.1165,0.0000,1.19,0.000380813,0.000909403,1,1790509704.564013
1790509704.831137,2,9.2245,-0.1165,0.0000,1.17,0.000380813,0.000909403,1,1790509705.631945
1790509705.864472,2,9.2246,-0.1165,0.0000,1.18,0.000380813,0.000909403,1,1790509706.643879
1790509706.897799,2,9.2251,-0.1165,0.0000,1.18,0.000380813,0.000909403,1,1790509707.695477
1790509707.931119,2,9.2249,-0.1165,0.0000,1.18,0.000380813,0.000909403,1,1790509708.692446
1790509708.964471,2,9.2251,-0.1165,0.0000,1.19,0.000380813,0.000909403,1,1790509709.775409
1790509709.997805,2,9.2249,-0.1165,0.0000,1.17,0.000380813,0.000909403,1,1790509710.825705
1790509710.997818,2,9.2251,-0.1165,0.0000,1.18,0.000380813,0.000909403,1,1790509711.763159
1790509712.031138,2,9.2253,-0.1165,0.0000,1.18,0.000380813,0.000909403,1,1790509712.806900
1790509713.064480,2,9.2253,-0.1165,0.0000,1.17,0.000380813,0.000909403,1,1790509713.867820
1790509714.097824,2,9.2245,-0.1165,0.0000,1.17,0.000380813,0.000909403,1,1790509714.870030
1790509715.164489,2,9.2246,-0.1165,0.0000,1.17,0.000380813,0.000909403,1,1790509715.927757
1790509716.197831,2,9.2242,-0.1165,0.0000,1.18,0.000380813,0.000909403,1,1790509716.956697
1790509717.231186,2,9.2242,-0.1165,0.0000,1.18,0.000380813,0.000909403,1,1790509718.033984
1790509718.297834,2,9.2244,-0.1165,0.0000,1.17,0.000380813,0.000909403,1,1790509719.056489
1790509719.331172,2,9.2246,-0.1165,0.0000,1.18,0.000380813,0.000909403,1,1790509720.110864
1790509720.364510,2,9.2246,-0.1165,0.0000,1.18,0.000380813,0.000909403,1,1790509721.175651
1790509721.397841,2,9.2245,-0.1165,0.0000,1.20,0.000380813,0.000909403,1,1790509722.159683
1790509722.397856,2,9.2248,-0.1165,0.0000,1.21,0.000380813,0.000909403,1,1790509723.182815
1790509723.431195,2,9.2250,-0.1165,0.0000,1.20,0.000380813,0.000909403,1,1790509724.249142
1790509724.464520,2,9.2252,-0.1165,0.0000,1.19,0.000380813,0.000909403,1,1790509725.198066
1790509725.497859,2,9.2246,-0.1165,0.0000,1.18,0.000380813,0.000909403,1,1790509726.280750
1790509726.531201,2,9.2240,-0.1165,0.0000,1.19,0.000380813,0.000909403,1,1790509727.304399
1790509727.564539,2,9.2242,-0.1165,0.0000,1.19,0.000380813,0.000909403,1,1790509728.335600
1790509728.564539,2,9.2241,-0.1165,0.0000,1.19,0.000380813,0.000909403,1,1790509729.332807
1790509729.631202,2,9.2241,-0.1165,0.0000,1.19,0.000380813,0.000909403,1,1790509730.407954
1790509730.664557,2,9.2238,-0.1165,0.0000,1.17,0.000380813,0.000909403,1,1790509731.433843
1790509731.697900,2,9.2241,-0.1165,0.0000,1.18,0.000380813,0.000909403,1,1790509732.483682
1790509732.731216,2,9.2240,-0.1165,0.0000,1.18,0.000380813,0.000909403,1,1790509733.500055
1790509733.764549,2,9.2235,-0.1165,0.0000,1.18,0.000380813,0.000909403,1,1790509734.551935
1790509734.797889,2,9.2234,-0.1165,0.0000,1.17,0.000380813,0.000909403,1,1790509735.580319
1790509735.831239,2,9.2239,-0.1165,0.0000,1.18,0.000380813,0.000909403,1,1790509736.642804
1790509736.864575,2,9.2239,-0.1165,0.0000,1.18,0.000380813,0.000909403,1,1790509737.656538
1790509737.897917,2,9.2239,-0.1165,0.0000,1.17,0.000380813,0.000909403,1,1790509738.684324
1790509738.931228,2,9.2242,-0.1165,0.0000,1.18,0.000380813,0.000909403,1,1790509739.700388
1790509739.931251,2,9.2244,-0.1165,0.0000,1.19,0.000380813,0.000909403,1,1790509740.730521
1790509740.964578,2,9.2240,-0.1165,0.0000,1.19,0.000380813,0.000909403,1,1790509741.767710
1790509742.031244,2,9.2240,-0.1165,0.0000,1.20,0.000380813,0.000909403,1,1790509742.793050
1790509743.064580,2,9.2237,-0.1165,0.0000,1.21,0.000380813,0.000909403,1,1790509743.817150
1790509744.097932,2,9.2236,-0.1165,0.0000,1.21,0.000380813,0.000909403,1,1790509744.861246
1790509745.131265,2,9.2241,-0.1165,0.0000,1.20,0.000380813,0.000909403,1,1790509745.848178
1790509746.164606,2,9.2238,-0.1165,0.0000,1.19,0.000380813,0.000909403,1,1790509746.957800
1790509747.231271,2,9.2238,-0.1165,0.0000,1.18,0.000380813,0.000909403,1,1790509747.985569
1790509748.231295,2,9.2237,-0.1165,0.0000,1.18,0.000380813,0.000909403,1,1790509749.017370
1790509749.264620,2,9.2235,-0.1165,0.0000,1.18,0.000380813,0.000909403,1,1790509750.062129
1790509750.297949,2,9.2239,-0.1165,0.0000,1.18,0.000380813,0.000909403,1,1790509751.085432
1790509751.297986,2,9.2242,-0.1165,0.0000,1.19,0.000380813,0.000909403,1,1790509752.114347
1790509752.364628,2,9.2243,-0.1165,0.0000,1.19,0.000380813,0.000909403,1,1790509753.140566
1790509753.364633,2,9.2245,-0.1165,0.0000,1.18,0.000380813,0.000909403,1,1790509754.143310
1790509754.364636,2,9.2244,-0.1165,0.0000,1.18,0.000380813,0.000909403,1,1790509755.112211
1790509755.397967,2,9.2243,-0.1165,0.0000,1.17,0.000380813,0.000909403,1,1790509756.170505
1790509756.464624,2,9.2243,-0.1165,0.0000,1.17,0.000380813,0.000909403,1,1790509757.230801
1790509757.497977,2,9.2246,-0.1165,0.0000,1.18,0.000380813,0.000909403,1,1790509758.283143
1790509758.531307,2,9.2245,-0.1165,0.0000,1.18,0.000380813,0.000909403,1,1790509759.275537
1790509759.597976,2,9.2243,-0.1165,0.0000,1.17,0.000380813,0.000909403,1,1790509760.366266
1790509760.631323,2,9.2244,-0.1165,0.0000,1.16,0.000380813,0.000909403,1,1790509761.425641
1790509761.664662,2,9.2246,-0.1165,0.0000,1.17,0.000380813,0.000909403,1,1790509762.421865
1790509762.731342,2,9.2241,-0.1165,0.0000,1.17,0.000380813,0.000909403,1,1790509763.531581
1790509763.797992,2,9.2239,-0.1165,0.0000,1.18,0.000380813,0.000909403,1,1790509764.592582
1790509764.864654,2,9.2238,-0.1165,0.0000,1.16,0.000380813,0.000909403,1,1790509765.611101
1790509765.864680,2,9.2225,-0.1165,0.0000,1.17,0.000380813,0.000909403,1,1790509766.666009
1790509766.864686,2,9.2229,-0.1165,0.0000,1.16,0.000380813,0.000909403,1,1790509767.667802
1790509767.931326,2,9.2231,-0.1165,0.0000,1.18,0.000380813,0.000909403,1,1790509768.678103
1790509768.931337,2,9.2230,-0.1165,0.0000,1.18,0.000380813,0.000909403,1,1790509769.702760
1790509769.931340,2,9.2229,-0.1165,0.0000,1.18,0.000380813,0.000909403,1,1790509770.714087
1790509770.931356,2,9.2229,-0.1165,0.0000,1.18,0.000380813,0.000909403,1,1790509771.706387
1790509771.998013,2,9.2229,-0.1165,0.0000,1.18,0.000380813,0.000909403,1,1790509772.769019
1790509773.031359,2,9.2229,-0.1165,0.0000,1.18,0.000380813,0.000909403,1,1790509773.799275
1790509774.064702,2,9.2229,-0.1165,0.0000,1.19,0.000380813,0.000909403,1,1790509774.816392
1790509775.131377,2,9.2229,-0.1165,0.0000,1.20,0.000380813,0.000909403,1,1790509775.922237
1790509776.198029,2,9.2229,-0.1165,0.0000,1.20,0.000380813,0.000909403,1,1790509776.966256
1790509777.264715,2,9.2226,-0.1165,0.0000,1.20,0.000380813,0.000909403,1,1790509778.028810
1790509778.331372,2,9.2229,-0.1165,0.0000,1.22,0.000380813,0.000909403,1,1790509779.107884
1790509779.398044,2,9.2227,-0.1165,0.0000,1.21,0.000380813,0.000909403,1,1790509780.151930
1790509780.431382,2,9.2225,-0.1165,0.0000,1.22,0.000380813,0.000909403,1,1790509781.198996
1790509781.464716,2,9.2225,-0.1165,0.0000,1.22,0.000380813,0.000909403,1,1790509782.263117
1790509782.498071,2,9.2229,-0.1165,0.0000,1.22,0.000380813,0.000909403,1,1790509783.258332
1790509783.531415,2,9.2230,-0.1165,0.0000,1.22,0.000380813,0.000909403,1,1790509784.277394
1790509784.531499,2,9.2229,-0.1165,0.0000,1.22,0.000380813,0.000909403,1,1790509785.360440
1790509785.598081,2,9.2229,-0.1165,0.0000,1.23,0.000380813,0.000909403,1,1790509786.371900
1790509786.664737,2,9.2232,-0.1165,0.0000,1.23,0.000380813,0.000909403,1,1790509787.470011
1790509787.664754,2,9.2231,-0.1165,0.0000,1.23,0.000380813,0.000909403,1,1790509788.422454
1790509788.698096,2,9.2231,-0.1165,0.0000,1.24,0.000380813,0.000909403,1,1790509789.478195
1790509789.731427,2,9.2230,-0.1165,0.0000,1.25,0.000380813,0.000909403,1,1790509790.576616
1790509790.798085,2,9.2228,-0.1165,0.0000,1.24,0.000380813,0.000909403,1,1790509791.575735
1790509791.831425,2,9.4024,-0.1181,0.0000,1.10,0.00023819,0.00100689,1,1790509792.730897
1790509792.831498,2,9.5421,-0.1152,0.0000,1.09,0.000345592,0.0011351,1,1790509793.777049
1790509793.931446,2,9.5409,-0.1152,0.0000,1.10,0.000345592,0.0011351,1,1790509794.659139
1790509794.998116,2,9.5408,-0.1152,0.0000,1.10,0.000345592,0.0011351,1,1790509795.744594
1790509796.064780,2,9.6366,-0.1108,0.0000,1.11,0.000436439,0.00119981,1,1790509796.924984
1790509797.131476,2,9.8691,-0.1039,0.0000,1.08,0.000565133,0.00130957,1,1790509797.962088
1790509798.198134,2,10.0872,-0.1004,0.0000,1.24,0.000352599,0.00138226,1,1790509799.081425
1790509799.264792,2,10.2749,-0.0933,0.0000,1.30,0.000492559,0.00144115,1,1790509800.137570
1790509800.364796,2,10.4899,-0.0898,0.0000,1.42,0.000153015,0.00132786,1,1790509801.237854
1790509801.431489,2,10.6926,-0.0817,0.0000,1.61,0.00018342,0.00137474,1,1790509802.240545
1790509802.498144,2,10.8752,-0.0761,0.0000,1.71,0.000163846,0.00127123,1,1790509803.318558
1790509803.564818,2,11.0643,-0.0689,0.0000,1.78,0.000235766,0.00122464,1,1790509804.314547
1790509804.598151,2,11.2488,-0.0614,0.0000,1.96,0.000185785,0.00126062,1,1790509805.427955
1790509805.598157,2,11.4353,-0.0597,0.0000,2.08,7.37363e-05,0.0010018,1,1790509806.363063
1790509806.631501,2,11.6437,-0.0527,0.0000,2.35,2.73966e-05,0.000690684,1,1790509807.476840
1790509807.664833,2,11.8996,-0.0406,0.0000,3.13,0.000135265,0.000817215,1,1790509808.585495
1790509808.698163,2,12.1420,-0.0364,0.0000,2.61,2.65831e-05,0.00082704,1,1790509809.475607
1790509809.731510,2,12.3313,-0.0093,0.0000,2.80,8.68357e-05,0.00101495,1,1790509810.637613
1790509810.764848,2,12.5687,0.0023,0.0000,2.88,0.00108684,0.00201495,1,1790509811.546543
1790509811.798182,2,12.8207,0.0171,0.0000,3.06,0.00208684,0.00301495,1,1790509812.534711
1790509812.798221,2,13.0541,0.0310,0.0000,3.15,0.00308684,0.00401495,1,1790509813.519980
1790509813.864844,2,13.2479,0.0415,0.0000,2.54,0.00408684,0.00501495,1,1790509814.476418
1790509814.864875,2,13.4492,0.0430,0.0000,0.27,0.00508684,0.00601495,1,1790509815.494900
1790509815.898207,2,13.6635,0.0456,0.0000,0.42,0.00608684,0.00701495,1,1790509816.434924
1790509816.964868,2,13.8637,0.0457,0.0000,0.28,0.00708684,0.00801495,1,1790509817.503732
1790509818.031556,2,14.0818,0.0478,0.0000,0.50,0.00808684,0.00901495,1,1790509818.582482
1790509819.098229,2,14.3137,0.0500,0.0000,0.58,0.00908684,0.0100149,1,1790509819.640603
1790509820.131554,2,14.5244,0.0522,0.0000,0.61,0.0100868,0.0110149,1,1790509820.638999
1790509821.131758,2,14.7111,0.0543,0.0000,0.67,0.0110868,0.0120149,1,1790509821.370703
1790509822.198230,2,14.7966,0.0553,0.0000,0.71,0.0120868,0.0130149,1,1790509822.455530
1790509823.198300,2,14.7954,0.0557,0.0000,-19.03,0.0130868,0.0140149,1,1790509823.712420
1790509824.264908,2,14.7968,0.0549,0.0000,-46.51,0.0140868,0.0150149,1,1790509824.991622
1790509825.331574,2,14.8192,0.0080,0.0000,-73.02,0.0150868,0.0160149,1,1790509826.409578
1790509826.364905,2,14.8167,0.0050,0.0000,-93.42,0.0160868,0.0170149,1,1790509827.362025
1790509827.364933,2,14.4870,-0.2390,0.0000,-95.54,0.00164507,0.00149856,1,1790509828.399230
1790509828.431591,2,14.4871,-0.2386,0.0000,-95.54,0.00164507,0.00149856,1,1790509829.314699
1790509829.498252,2,14.4872,-0.2379,0.0000,-95.53,0.00164507,0.00149856,1,1790509830.352096
1790509830.531606,2,14.4833,-0.4181,0.0000,-95.50,0.00130671,0.000679323,1,1790509831.614783
1790509831.531614,2,14.4689,-0.5950,0.0000,-92.08,0.00147722,0.000606976,1,1790509832.633382
1790509832.598273,2,14.4696,-0.5985,0.0000,-92.32,0.00147722,0.000606976,1,1790509833.399988
1790509833.631610,2,14.4696,-0.5992,0.0000,-92.33,0.00147722,0.000606976,1,1790509834.408498
1790509834.664948,2,14.4697,-0.5953,0.0000,-92.33,0.00147722,0.000606976,1,1790509835.482048
1790509835.698291,2,14.4697,-0.5950,0.0000,-92.32,0.00147722,0.000606976,1,1790509836.487113
1790509836.698303,2,14.4698,-0.5943,0.0000,-92.32,0.00147722,0.000606976,1,1790509837.545309
1790509837.764957,2,14.4698,-0.5927,0.0000,-92.32,0.00147722,0.000606976,1,1790509838.579540
1790509838.764960,2,14.4698,-0.5933,0.0000,-92.35,0.00147722,0.000606976,1,1790509839.611012
1790509839.798286,2,14.4699,-0.5925,0.0000,-92.36,0.00147722,0.000606976,1,1790509840.581738
1790509840.798313,2,14.4699,-0.5917,0.0000,-92.36,0.00147722,0.000606976,1,1790509841.613735
1790509841.864978,2,14.4699,-0.5915,0.0000,-92.35,0.00147722,0.000606976,1,1790509842.635968
1790509842.864985,2,14.4700,-0.5898,0.0000,-92.38,0.00147722,0.000606976,1,1790509843.661731
1790509843.931648,2,14.4700,-0.5902,0.0000,-92.38,0.00147722,0.000606976,1,1790509844.736157
1790509844.931671,2,14.4700,-0.5901,0.0000,-92.38,0.00147722,0.000606976,1,1790509845.768272
1790509845.964992,2,14.4699,-0.5910,0.0000,-92.39,0.00147722,0.000606976,1,1790509846.763473
1790509846.965025,2,14.4700,-0.5900,0.0000,-92.40,0.00147722,0.000606976,1,1790509847.769937
1790509848.031674,2,14.4700,-0.5890,0.0000,-92.40,0.00147722,0.000606976,1,1790509848.813519
1790509849.065010,2,14.4701,-0.5881,0.0000,-92.42,0.00147722,0.000606976,1,1790509849.822278
1790509850.065013,2,14.4700,-0.5893,0.0000,-92.42,0.00147722,0.000606976,1,1790509850.854743
1790509851.065016,2,14.4700,-0.5891,0.0000,-92.43,0.00147722,0.000606976,1,1790509851.875281
1790509852.065019,2,14.4700,-0.5897,0.0000,-92.43,0.00147722,0.000606976,1,1790509852.883800
1790509853.131704,2,14.4700,-0.5912,0.0000,-92.43,0.00147722,0.000606976,1,1790509853.930464
1790509854.165060,2,14.4701,-0.5886,0.0000,-92.42,0.00147722,0.000606976,1,1790509854.961751
1790509855.231708,2,14.4701,-0.5886,0.0000,-92.41,0.00147722,0.000606976,1,1790509856.005526
1790509856.231711,2,14.4701,-0.5887,0.0000,-92.41,0.00147722,0.000606976,1,1790509857.019234
1790509857.231712,2,14.4701,-0.5880,0.0000,-92.41,0.00147722,0.000606976,1,1790509858.020368
1790509858.231726,2,14.4701,-0.5888,0.0000,-92.41,0.00147722,0.000606976,1,1790509859.053670
1790509859.265066,2,14.4701,-0.5887,0.0000,-92.42,0.00147722,0.000606976,1,1790509860.080081
1790509860.331723,2,14.4701,-0.5874,0.0000,-92.41,0.00147722,0.000606976,1,1790509861.114944
1790509861.398389,2,14.4702,-0.5869,0.0000,-92.40,0.00147722,0.000606976,1,1790509862.233407
1790509862.398401,2,14.4702,-0.5857,0.0000,-92.41,0.00147722,0.000606976,1,1790509863.214168
1790509863.398408,2,14.4702,-0.5854,0.0000,-92.40,0.00147722,0.000606976,1,1790509864.252715
1790509864.431785,2,14.4702,-0.5853,0.0000,-92.41,0.00147722,0.000606976,1,1790509865.179713
1790509865.431807,2,14.4702,-0.5853,0.0000,-92.40,0.00147722,0.000606976,1,1790509866.226401
1790509866.498411,2,14.4693,-0.6690,0.0000,-92.25,0.00130977,0.000502017,1,1790509867.614211
1790509867.531767,2,14.4642,-0.8698,0.0000,-92.05,0.00167294,0.000611036,1,1790509868.631261
1790509868.531866,2,14.4466,-1.0840,0.0000,-91.76,0.0022108,0.00075968,1,1790509869.474108
1790509869.598422,2,14.4460,-1.3132,0.0000,-91.69,0.00316777,0.00114321,1,1790509870.499613
1790509870.598425,2,14.4403,-1.5284,0.0000,-91.57,0.00411802,0.00142248,1,1790509871.500291
1790509871.598447,2,14.4339,-1.7602,0.0000,-91.52,0.00511802,0.00242248,1,1790509872.418225
1790509872.665110,2,14.4274,-1.9868,0.0000,-91.33,0.00561969,0.00184923,1,1790509873.571170
1790509873.698451,2,14.4225,-2.2060,0.0000,-91.25,0.00661969,0.00284923,1,1790509874.454487
1790509874.698456,2,14.4179,-2.4265,0.0000,-91.15,0.00761969,0.00384923,1,1790509875.476449
1790509875.698461,2,14.4151,-2.6426,0.0000,-91.02,0.00871141,0.00195894,1,1790509876.571267
1790509876.698539,2,14.4112,-2.8764,0.0000,-90.89,0.00971141,0.00295894,1,1790509877.531049
1790509877.765126,2,14.4077,-3.1149,0.0000,-90.83,0.0107114,0.00395894,1,1790509878.544386
1790509878.798467,2,14.4056,-3.2531,0.0000,-90.29,0.00101479,0.00198013,1,1790509879.671805
1790509879.831808,2,14.4039,-3.4853,0.0000,-90.36,0.00182468,0.00146555,1,1790509880.695919
1790509880.831814,2,14.4026,-3.7029,0.0000,-90.31,0.00282468,0.00246555,1,1790509881.614735
1790509881.831824,2,14.4017,-3.9048,0.0000,-90.27,0.00356512,0.00189413,1,1790509882.720269
1790509882.898482,2,14.4021,-4.1276,0.0000,-90.21,0.00432924,0.00195021,1,1790509883.823664
1790509883.931823,2,14.4053,-4.3210,0.0000,-90.01,0.00203939,0.00121852,1,1790509884.812838
1790509884.931840,2,14.4043,-4.5232,0.0000,-89.91,0.00191671,0.00128205,1,1790509885.825243
1790509885.998516,2,14.4074,-4.7441,0.0000,-89.96,0.00216404,0.0012057,1,1790509886.923774
1790509887.031835,2,14.4049,-4.9972,0.0000,-89.77,0.00230175,0.0012913,1,1790509887.964337
1790509888.031877,2,14.4070,-5.2856,0.0000,-89.60,0.0024174,0.00124923,1,1790509888.969352
1790509889.031925,2,14.4103,-5.5480,0.0000,-89.43,0.00261232,0.0014239,1,1790509890.024387
1790509890.065183,2,14.4134,-5.8363,0.0000,-89.33,0.00361232,0.0024239,1,1790509890.938877
1790509891.098517,2,14.4170,-6.1235,0.0000,-89.25,0.00461232,0.0034239,1,1790509892.031494
1790509892.131888,2,14.4210,-6.4113,0.0000,-89.12,0.00561232,0.0044239,1,1790509893.015901
1790509893.198534,2,14.4259,-6.7099,0.0000,-89.02,0.00661232,0.0054239,1,1790509894.142867
1790509894.231871,2,14.4288,-6.8843,0.0000,-88.62,0.000933813,0.00192577,1,1790509895.285398
1790509895.298528,2,14.4361,-7.1802,0.0000,-88.53,0.00152627,0.00175291,1,1790509896.357384
1790509896.298541,2,14.4435,-7.4615,0.0000,-88.49,0.00252627,0.00275291,1,1790509897.322186
1790509897.331873,2,14.4457,-7.7010,0.0000,-88.59,0.000762805,0.00115348,1,1790509898.424482
1790509898.331958,2,14.4528,-7.9808,0.0000,-88.49,0.0017628,0.00215348,1,1790509899.252489
1790509899.398557,2,14.4634,-8.2420,0.0000,-88.32,0.000765642,0.00139105,1,1790509900.529915
1790509900.498562,2,14.4665,-8.5187,0.0000,-88.24,0.000207875,0.00116457,1,1790509901.614889
1790509901.565228,2,14.4745,-8.8022,0.0000,-89.22,0.00120788,0.00216457,1,1790509902.573627
1790509902.565230,2,14.4775,-9.0600,0.0000,-89.29,0.00220788,0.00316457,1,1790509903.698587
1790509903.565241,2,14.4752,-9.2837,0.0000,-89.41,0.000130687,0.00110795,1,1790509904.779849
1790509904.598583,2,14.4784,-9.5690,0.0000,-89.33,0.00113069,0.00210795,1,1790509905.762400
1790509905.665252,2,14.4841,-9.8609,0.0000,-89.27,6.45724e-05,0.00116063,1,1790509906.950363
1790509906.698611,2,14.4900,-10.1820,0.0000,-89.10,0.000169037,0.00116356,1,1790509908.151792
1790509907.765306,2,14.4963,-10.5128,0.0000,-89.05,0.00010541,0.00117559,1,1790509909.377017
1790509908.931932,2,14.5045,-10.8780,0.0000,-88.89,0.000190584,0.00116477,1,1790509910.588789
1790509910.131956,2,14.5137,-11.2588,0.0000,-88.72,0.000793781,0.0010451,1,1790509911.808958
1790509911.298617,2,14.5226,-11.6389,0.0000,-88.58,0.00179378,0.0020451,1,1790509912.979477
1790509912.465288,2,14.5317,-11.9978,0.0000,-88.49,0.00279378,0.0030451,1,1790509914.050679
1790509913.565289,2,14.5665,-12.3109,0.0000,-88.06,0.0021782,0.00146863,1,1790509915.183389
1790509914.665282,2,14.5893,-12.6290,0.0000,-88.38,0.00185159,0.00123115,1,1790509916.239955
1790509915.765300,2,14.5983,-12.9395,0.0000,-88.27,0.00285159,0.00223115,1,1790509917.163829
1790509916.798644,2,14.6018,-13.2626,0.0000,-88.27,0.00207197,0.00142794,1,1790509918.150914
1790509917.865304,2,14.6172,-13.6193,0.0000,-88.24,0.00188275,0.00150262,1,1790509919.069179
1790509918.931956,2,14.6356,-13.9619,0.0000,-88.12,0.00111268,0.00139466,1,1790509919.980654
1790509919.965324,2,14.6560,-14.2739,0.0000,-88.31,0.000574703,0.00120893,1,1790509920.854275
1790509920.965326,2,14.6680,-14.6125,0.0000,-88.31,0.000554201,0.000818508,1,1790509921.806457
1790509921.998680,2,14.6814,-14.9224,0.0000,-88.16,0.000739146,0.00123052,1,1790509922.828573
1790509923.065312,2,14.6829,-14.9777,0.0000,-88.22,0.00173915,0.00223052,1,1790509923.792644
1790509924.098663,2,14.6832,-14.9741,0.0000,-91.14,0.00273915,0.00323052,1,1790509924.776578
1790509925.098672,2,14.6730,-14.9715,0.0000,-98.43,0.00167993,0.00226545,1,1790509925.887688
1790509926.132014,2,14.6760,-14.9610,0.0000,-107.41,0.00267993,0.00326545,1,1790509926.879918
1790509927.165333,2,14.6831,-14.9458,0.0000,-118.78,0.00367993,0.00426545,1,1790509927.893064
1790509928.165338,2,14.6907,-14.9367,0.0000,-132.01,0.00467993,0.00526545,1,1790509928.950719
1790509929.165373,2,14.6911,-14.9360,0.0000,-145.47,0.00567993,0.00626545,1,1790509929.957572
1790509930.198689,2,14.6827,-14.9405,0.0000,-162.30,0.00667993,0.00726545,1,1790509931.146223
1790509931.198691,2,14.6673,-14.9413,0.0000,-179.98,0.00767993,0.00826545,1,1790509931.954242
1790509932.265352,2,14.6631,-14.9407,0.0000,179.03,0.00767993,0.00826545,1,1790509933.009740
1790509933.265387,2,14.6635,-14.9407,0.0000,179.04,0.00767993,0.00826545,1,1790509934.000197
1790509934.332035,2,14.6652,-14.9407,0.0000,179.03,0.00767993,0.00826545,1,1790509935.085792
1790509935.365383,2,14.5823,-14.9390,0.0000,178.85,0.00867993,0.00926545,1,1790509936.154914
1790509936.365399,2,14.2705,-14.9676,0.0000,177.89,0.00613949,0.00162438,1,1790509937.178273
1790509937.365401,2,14.0334,-14.9559,0.0000,178.25,0.00162816,0.00112105,1,1790509938.196266
1790509938.398730,2,13.7793,-14.9540,0.0000,178.24,0.00163484,0.00109786,1,1790509939.221761
1790509939.398744,2,13.5551,-14.9465,0.0000,177.15,0.00168532,0.00109388,1,1790509940.203357
1790509940.465581,2,13.3588,-14.9122,0.0000,168.58,0.00130187,0.00114348,1,1790509941.288205
1790509941.532065,2,13.0284,-14.8455,0.0000,168.45,0.00128235,0.00103837,1,1790509942.576172
1790509942.565576,2,12.7069,-14.7806,0.0000,168.60,0.00170149,0.00118341,1,1790509943.612117
1790509943.632126,2,12.3595,-14.7108,0.0000,168.69,0.00270149,0.00218341,1,1790509944.639516
1790509944.665447,2,12.0183,-14.6475,0.0000,168.78,0.00198105,0.00116554,1,1790509945.715602
1790509945.698769,2,11.6749,-14.5830,0.0000,168.91,0.00142274,0.0012735,1,1790509946.725584
1790509946.698773,2,11.3367,-14.5193,0.0000,169.95,0.00141228,0.0012767,1,1790509947.712651
1790509947.698773,2,11.0404,-14.4837,0.0000,173.96,0.00241228,0.0022767,1,1790509948.593553
1790509948.698779,2,10.7917,-14.4836,0.0000,177.73,0.0014107,0.00141772,1,1790509949.722027
1790509949.765430,2,10.4661,-14.4738,0.0000,178.09,0.00130605,0.00128275,1,1790509950.730159
1790509950.765451,2,10.1556,-14.4640,0.0000,178.26,0.00230605,0.00228275,1,1790509951.694658
1790509951.798793,2,9.8630,-14.4601,0.0000,178.53,0.00117864,0.00121217,1,1790509952.904993
1790509952.832127,2,9.5555,-14.4558,0.0000,178.75,0.000731024,0.00106123,1,1790509953.943603
1790509953.865468,2,9.2398,-14.4509,0.0000,178.80,0.000604717,0.00115123,1,1790509954.930688
1790509954.898776,2,8.9200,-14.4467,0.0000,179.02,0.000463108,0.00116697,1,1790509956.030381
1790509955.898814,2,8.6084,-14.4424,0.0000,179.13,0.000377703,0.00113555,1,1790509957.063535
1790509956.965474,2,8.2531,-14.4364,0.0000,179.24,0.000648143,0.00097385,1,1790509958.126065
1790509957.998801,2,7.9109,-14.4348,0.0000,179.35,0.000702126,0.00102051,1,1790509959.090263
1790509958.998804,2,7.5830,-14.4294,0.0000,179.51,0.000418219,0.00108187,1,1790509960.058929
1790509960.032188,2,7.2432,-14.4274,0.0000,179.66,0.000685206,0.00113903,1,1790509961.034883
1790509961.098834,2,6.8976,-14.4282,0.0000,179.82,0.000871795,0.00117856,1,1790509962.099681
1790509962.165516,2,6.5583,-14.4281,0.0000,-179.95,0.000674316,0.0010584,1,1790509963.207323
1790509963.198821,2,6.2251,-14.4291,0.0000,-179.85,0.000657517,0.00119124,1,1790509964.273486
1790509964.198842,2,5.9111,-14.4313,0.0000,-179.69,0.000321116,0.00109601,1,1790509965.326722
1790509965.232171,2,5.5774,-14.4352,0.0000,-179.51,0.000574225,0.00109893,1,1790509966.328769
1790509966.232182,2,5.2546,-14.4369,0.0000,-179.42,0.00121342,0.00110224,1,1790509967.315522
1790509967.232197,2,4.9273,-14.4418,0.0000,-179.32,0.00157194,0.0010831,1,1790509968.287394
1790509968.332198,2,4.5566,-14.4459,0.0000,-179.16,0.00246277,0.00129875,1,1790509969.444872
1790509969.398870,2,4.2216,-14.4523,0.0000,-179.02,0.00244397,0.00121092,1,1790509970.562651
1790509970.432192,2,3.8890,-14.4589,0.0000,-178.89,0.00244361,0.00104596,1,1790509971.583303
1790509971.465527,2,3.5584,-14.4674,0.0000,-178.74,0.00272765,0.000991958,1,1790509972.560597
1790509972.498863,2,3.2612,-14.4748,0.0000,-178.58,0.00184696,0.000860342,1,1790509973.584771
1790509973.532239,2,2.9451,-14.4836,0.0000,-178.41,0.00149854,0.00102828,1,1790509974.595864
1790509974.598872,2,2.5883,-14.4945,0.0000,-178.26,0.00207345,0.000979259,1,1790509975.707645
1790509975.598872,2,2.2859,-14.5069,0.0000,-178.11,0.00216522,0.0010442,1,1790509976.726617
1790509976.632219,2,1.9718,-14.5174,0.0000,-178.05,0.00316522,0.0020442,1,1790509977.590431
1790509977.632230,2,1.7025,-14.5270,0.0000,-177.86,0.00217002,0.00117328,1,1790509978.713085
1790509978.665568,2,1.4450,-14.5400,0.0000,-177.73,0.00134163,0.00107001,1,1790509979.749429
1790509979.665572,2,1.2186,-14.5375,0.0000,177.87,0.000946485,0.000932429,1,1790509980.692154
1790509980.732225,2,0.8929,-14.5239,0.0000,177.64,0.00105469,0.00094061,1,1790509981.830928
1790509981.798907,2,0.5393,-14.5097,0.0000,177.65,0.00109774,0.000975077,1,1790509982.962320
1790509982.832245,2,0.1818,-14.4963,0.0000,177.72,0.00138712,0.000788414,1,1790509983.901932
1790509983.865581,2,-0.1844,-14.4825,0.0000,177.85,0.00238712,0.00178841,1,1790509984.897698
1790509984.932240,2,-0.5628,-14.4671,0.0000,178.03,0.00205081,0.0011549,1,1790509986.155191
1790509985.965597,2,-0.9645,-14.4541,0.0000,178.17,0.00305081,0.0021549,1,1790509987.024844
1790509986.998945,2,-1.3723,-14.4422,0.0000,178.34,0.00405081,0.0031549,1,1790509988.050189
1790509988.065605,2,-1.7842,-14.4301,0.0000,178.43,0.00505081,0.0041549,1,1790509989.102582
1790509989.098929,2,-2.1885,-14.4201,0.0000,178.57,0.00605081,0.0051549,1,1790509990.094105
1790509990.098951,2,-2.5785,-14.4111,0.0000,178.71,0.00705081,0.0061549,1,1790509991.164749
1790509991.132280,2,-2.9811,-14.4028,0.0000,178.86,0.00805081,0.0071549,1,1790509992.161455
1790509992.165619,2,-3.3863,-14.3957,0.0000,179.03,0.00905081,0.0081549,1,1790509993.094274
1790509993.198964,2,-3.7794,-14.3896,0.0000,179.16,0.0100508,0.0091549,1,1790509994.116365
1790509994.232284,2,-4.1607,-14.3849,0.0000,179.34,0.0110508,0.0101549,1,1790509995.162483
1790509995.232309,2,-4.3387,-14.3829,0.0000,179.37,0.0120508,0.0111549,1,1790509996.159307
1790509996.265634,2,-4.3259,-14.3830,0.0000,179.33,0.0120508,0.0111549,1,1790509997.194415
1790509997.298976,2,-4.1265,-14.3854,0.0000,179.29,0.0130508,0.0121549,1,1790509998.274010
1790509998.332301,2,-3.8548,-14.3892,0.0000,179.21,0.0140508,0.0131549,1,1790509999.292059
1790509999.365657,2,-3.5680,-14.3931,0.0000,179.11,0.0150508,0.0141549,1,1790510000.289087
1790510000.398990,2,-3.2823,-14.3982,0.0000,178.92,0.0160508,0.0151549,1,1790510001.343789
1790510001.432343,2,-3.0019,-14.4037,0.0000,178.81,0.0170508,0.0161549,1,1790510002.410648
1790510002.465664,2,-2.7178,-14.4097,0.0000,178.76,0.0180508,0.0171549,1,1790510003.505314
1790510003.498986,2,-2.4372,-14.4162,0.0000,178.68,0.0190508,0.0181549,1,1790510004.521833
1790510004.532359,2,-2.1587,-14.4229,0.0000,178.62,0.0200508,0.0191549,1,1790510005.586552
1790510005.599022,2,-1.8746,-14.4302,0.0000,178.50,0.0210508,0.0201549,1,1790510006.652941
1790510006.632376,2,-1.5962,-14.4379,0.0000,178.37,0.0220508,0.0211549,1,1790510007.663574
1790510007.665679,2,-1.3055,-14.4464,0.0000,178.27,0.0230508,0.0221549,1,1790510008.672829
1790510008.699037,2,-1.0081,-14.4558,0.0000,178.17,0.0240508,0.0231549,1,1790510009.727238
1790510009.732377,2,-0.7145,-14.4658,0.0000,177.98,0.0250508,0.0241549,1,1790510010.916630
1790510010.765708,2,-0.3166,-14.4780,0.0000,178.01,0.00241681,0.00103947,1,1790510011.939803
1790510011.799077,2,-0.0112,-14.4868,0.0000,177.92,0.00236295,0.000668607,1,1790510012.876172
1790510012.832417,2,0.2772,-14.4976,0.0000,177.72,0.00154402,0.000840196,1,1790510013.901838
1790510013.865714,2,0.5797,-14.5098,0.0000,177.69,0.00254402,0.0018402,1,1790510014.954842
1790510014.932372,2,0.6366,-14.5125,0.0000,177.58,0.00134527,0.000984665,1,1790510016.061653
1790510015.965711,2,0.4267,-14.4973,0.0000,177.65,0.00109867,0.00101281,1,1790510017.089945
1790510016.999081,2,0.3102,-14.4958,0.0000,177.65,0.00135633,0.00103711,1,1790510018.096688
1790510018.032387,2,0.3105,-14.4957,0.0000,144.49,0.00235633,0.00203711,1,1790510018.981343
1790510019.032402,2,0.3062,-14.4824,0.0000,111.88,0.00335633,0.00303711,1,1790510020.080191
1790510020.032446,2,0.3406,-14.4852,0.0000,96.64,0.00334018,0.00109167,1,1790510021.093112
1790510021.065741,2,0.3694,-14.3271,0.0000,95.89,0.00280186,0.0011487,1,1790510021.986009
1790510022.065755,2,0.3616,-14.0386,0.0000,95.63,0.00226258,0.00122072,1,1790510022.978743
1790510023.132438,2,0.3265,-13.6845,0.0000,95.75,0.00326258,0.00222072,1,1790510024.155305
1790510024.199085,2,0.3068,-13.3413,0.0000,96.26,0.0029941,0.00101457,1,1790510025.158235
1790510025.265748,2,0.2516,-13.2267,0.0000,97.42,0.00123656,0.00109595,1,1790510026.227439
1790510026.299099,2,0.2033,-12.8554,0.0000,97.65,0.00157636,0.000973391,1,1790510027.185308
1790510027.299103,2,0.1608,-12.5773,0.0000,98.00,0.00107762,0.000980593,1,1790510028.206820
1790510028.399100,2,0.1326,-12.2278,0.0000,89.55,0.00172293,0.00104296,1,1790510029.296963
1790510029.465769,2,0.1420,-11.8932,0.0000,89.37,0.00159681,0.00123805,1,1790510030.340994
1790510030.532453,2,0.1465,-11.4878,0.0000,89.34,0.00209891,0.00102846,1,1790510031.369293
1790510031.532468,2,0.1509,-11.0999,0.0000,89.44,0.00309891,0.00202846,1,1790510032.273307
1790510032.532473,2,0.1570,-10.7586,0.0000,89.60,0.00281409,0.0011426,1,1790510033.456831
1790510033.599123,2,0.1592,-10.3530,0.0000,89.75,0.00381409,0.0021426,1,1790510034.422989
1790510034.632476,2,0.1597,-9.9874,0.0000,89.90,0.00317719,0.00115492,1,1790510035.480299
1790510035.632476,2,0.1596,-9.5949,0.0000,90.06,0.00417719,0.00215492,1,1790510036.578758
1790510036.632482,2,0.1680,-9.2602,0.0000,90.36,0.00250388,0.00115444,1,1790510037.622755
1790510037.632484,2,0.1636,-8.9201,0.0000,90.63,0.00146773,0.00099192,1,1790510038.593705
1790510038.699130,2,0.1629,-8.5011,0.0000,90.72,0.00155702,0.000834868,1,1790510039.689697
1790510039.732504,2,0.1571,-8.1004,0.0000,90.88,0.00255702,0.00183487,1,1790510040.594923
1790510040.799164,2,0.1725,-7.7752,0.0000,91.71,0.00140598,0.00129836,1,1790510041.825727
1790510041.832487,2,0.1595,-7.3522,0.0000,91.85,0.00240598,0.00229836,1,1790510042.686836
1790510042.832499,2,0.1441,-6.9754,0.0000,91.77,0.00193707,0.00130452,1,1790510043.877359
1790510043.832530,2,0.1465,-6.5887,0.0000,86.21,0.00293707,0.00230452,1,1790510044.735716
1790510044.865830,2,0.1842,-6.2293,0.0000,85.64,0.00182563,0.00109019,1,1790510045.836851
1790510045.865841,2,0.2127,-5.8369,0.0000,85.67,0.00205279,0.00116107,1,1790510046.890882
1790510046.899183,2,0.2431,-5.4272,0.0000,85.81,0.00305279,0.00216107,1,1790510047.769606
1790510047.932527,2,0.2781,-5.0390,0.0000,86.01,0.003018,0.00154284,1,1790510048.834940
1790510048.932555,2,0.3122,-4.6823,0.0000,86.38,0.00187744,0.00130257,1,1790510049.938962
1790510049.965860,2,0.3363,-4.2554,0.0000,86.45,0.00249237,0.00161383,1,1790510050.882624
1790510050.965871,2,0.3582,-3.9738,0.0000,87.18,0.000605227,0.0011275,1,1790510051.954738
1790510051.999204,2,0.3776,-3.5633,0.0000,87.35,0.00160523,0.0021275,1,1790510052.844199
1790510053.032556,2,0.3869,-3.1768,0.0000,89.71,0.00260523,0.0031275,1,1790510053.846586
1790510054.099219,2,0.4191,-2.8860,0.0000,89.93,0.0014493,0.00164004,1,1790510055.098847
1790510055.099220,2,0.4183,-2.5648,0.0000,90.19,0.0024493,0.00264004,1,1790510055.952465
1790510056.165886,2,0.4361,-2.2768,0.0000,90.22,0.000574913,0.00141864,1,1790510057.104195
1790510057.199236,2,0.4379,-1.9526,0.0000,90.42,0.000325199,0.00130254,1,1790510058.160686
1790510058.232572,2,0.4403,-1.6225,0.0000,90.56,0.000345835,0.00135323,1,1790510059.152585
1790510059.265905,2,0.4301,-1.2981,0.0000,90.26,0.000103699,0.000878514,1,1790510060.171916
1790510060.332572,2,0.4334,-0.9568,0.0000,90.48,9.01665e-05,0.00100079,1,1790510061.203756
1790510061.365915,2,0.4298,-0.6228,0.0000,90.61,0.00109017,0.00200079,1,1790510062.163532
1790510062.365929,2,0.4306,-0.3153,0.0000,90.64,0.00138866,0.00140532,1,1790510063.264356
1790510063.399256,2,0.4267,-0.0651,0.0000,90.74,0.00231734,0.00156573,1,1790510064.251303
1790510064.465925,2,0.4268,-0.0696,0.0000,90.76,0.00231734,0.00156573,1,1790510065.210600
1790510065.532578,2,0.4267,-0.0687,0.0000,90.75,0.00231734,0.00156573,1,1790510066.323368
1790510066.532615,2,0.4267,-0.0688,0.0000,90.75,0.00231734,0.00156573,1,1790510067.306659
1790510067.565951,2,0.4267,-0.0683,0.0000,90.74,0.00231734,0.00156573,1,1790510068.302444
1790510068.632595,2,0.4267,-0.0685,0.0000,90.73,0.00231734,0.00156573,1,1790510069.386360
1790510069.665943,2,0.4268,-0.0713,0.0000,90.73,0.00231734,0.00156573,1,1790510070.428710
1790510070.665964,2,0.4268,-0.0703,0.0000,90.73,0.00231734,0.00156573,1,1790510071.417128
1790510071.699293,2,0.4268,-0.0698,0.0000,90.74,0.00231734,0.00156573,1,1790510072.449408
1790510072.699298,2,0.4408,-0.0565,0.0000,53.49,0.00331734,0.00256573,1,1790510073.468165
1790510073.765959,2,0.5198,-0.1043,0.0000,16.15,0.00237518,0.000760928,1,1790510074.945071
1790510074.765983,2,0.5352,-0.1473,0.0000,-1.35,0.00166513,0.000558438,1,1790510075.960520
1790510075.865968,2,0.5361,-0.1473,0.0000,-1.33,0.00166513,0.000558438,1,1790510076.776912
1790510076.865975,2,0.5343,-0.1473,0.0000,-1.34,0.00166513,0.000558438,1,1790510077.794379
1790510077.865981,2,0.5324,-0.1472,0.0000,-1.34,0.00166513,0.000558438,1,1790510078.860236
1790510078.932651,2,0.7335,-0.1573,0.0000,-1.68,0.00165461,0.000581088,1,1790510080.222024
1790510079.932654,2,1.0229,-0.2090,0.0000,-1.35,0.000844891,0.000504446,1,1790510081.328590
1790510080.932664,2,1.3179,-0.2049,0.0000,-1.36,0.00142043,0.000668135,1,1790510082.349738
1790510081.965999,2,1.6182,-0.2309,0.0000,-1.13,0.00106839,0.000567831,1,1790510083.339116
1790510082.966007,2,1.8925,-0.2477,0.0000,-0.91,0.000579816,0.000526669,1,1790510084.325975
1790510083.966041,2,2.1735,-0.2485,0.0000,-0.70,0.000812052,0.000568917,1,1790510085.316515
1790510085.032680,2,2.4877,-0.2512,0.0000,-0.57,0.00137232,0.00082747,1,1790510086.246284
1790510086.032682,2,2.7776,-0.2557,0.0000,-0.45,0.00128713,0.000579739,1,1790510087.266223
1790510087.066025,2,3.0627,-0.2547,0.0000,-0.24,0.00100782,0.000624466,1,1790510088.314280
1790510088.066043,2,3.3264,-0.2569,0.0000,-0.12,0.000639915,0.000616522,1,1790510089.312047
1790510089.066070,2,3.6111,-0.2565,0.0000,0.06,0.000761365,0.000627835,1,1790510090.313498
1790510090.099365,2,3.8986,-0.2540,0.0000,0.09,0.000574851,0.000655866,1,1790510091.271885
1790510091.099373,2,4.1762,-0.2536,0.0000,0.29,0.000575164,0.000626911,1,1790510092.358966
1790510092.166029,2,4.4698,-0.2490,0.0000,0.44,0.000414545,0.00059427,1,1790510093.420648
1790510093.166056,2,4.7516,-0.2470,0.0000,0.53,0.000470595,0.000713011,1,1790510094.390538
1790510094.199391,2,5.0820,-0.2437,0.0000,0.77,0.000789916,0.00064642,1,1790510095.452603
1790510095.199395,2,5.4075,-0.2384,0.0000,0.89,0.000755574,0.00065361,1,1790510096.507818
1790510096.232719,2,5.7348,-0.2311,0.0000,1.10,0.000728312,0.000681536,1,1790510097.569759
1790510097.232740,2,6.0607,-0.2257,0.0000,1.35,0.000646237,0.00063889,1,1790510098.622617
1790510098.232742,2,6.3770,-0.2084,0.0000,1.37,0.000502258,0.000610536,1,1790510099.620417
1790510099.299404,2,6.7329,-0.2036,0.0000,1.56,0.000859127,0.00071428,1,1790510100.672957
1790510100.366066,2,7.0826,-0.1934,0.0000,1.70,0.000756736,0.000691889,1,1790510101.671050
1790510101.366114,2,7.3980,-0.1856,0.0000,1.75,0.000563262,0.000779793,1,1790510102.664880
1790510102.399414,2,7.7291,-0.1785,0.0000,1.87,0.000505877,0.000957978,1,1790510103.499013
1790510103.432748,2,8.0641,-0.1618,0.0000,2.24,0.000556572,0.000790625,1,1790510104.599569
1790510104.466092,2,8.3971,-0.1381,0.0000,2.00,0.000346736,0.000553376,1,1790510105.554120
1790510105.466093,2,8.7247,-0.1310,0.0000,2.30,0.000454345,0.00071449,1,1790510106.582852
1790510106.466106,2,9.0498,-0.1165,0.0000,2.30,0.000336646,0.000580593,1,1790510107.542726
1790510107.532784,2,9.3997,-0.1060,0.0000,2.61,0.000206295,0.000561559,1,1790510108.556303
1790510108.566096,2,9.7424,-0.0874,0.0000,2.67,0.000339742,0.00102393,1,1790510109.527602
1790510109.599434,2,10.0796,-0.0710,0.0000,2.79,0.000345377,0.00116375,1,1790510110.510062
1790510110.632803,2,10.4198,-0.0529,0.0000,2.93,0.000206496,0.0013098,1,1790510111.497345
1790510111.666121,2,10.7630,-0.0329,0.0000,3.13,0.000197163,0.00130206,1,1790510112.477430
1790510112.699469,2,11.1012,-0.0094,0.0000,3.33,7.50703e-05,0.00115948,1,1790510113.557542
1790510113.732786,2,11.4407,0.0045,0.0000,3.57,5.13025e-05,0.000317338,1,1790510114.579357
1790510114.732840,2,11.7617,0.0298,0.0000,3.49,4.42538e-05,0.00037092,1,1790510115.595940
1790510115.799488,2,12.1504,0.0477,0.0000,3.71,5.31715e-05,0.000948221,1,1790510116.679631
1790510116.799508,2,12.4885,0.0697,0.0000,3.85,0.00105317,0.00194822,1,1790510117.551015
1790510117.866154,2,12.8299,0.0932,0.0000,3.94,0.00205317,0.00294822,1,1790510118.542888
1790510118.932836,2,13.1758,0.1174,0.0000,4.05,0.00305317,0.00394822,1,1790510119.559467
1790510119.932840,2,13.5029,0.1441,0.0000,4.23,0.00405317,0.00494822,1,1790510120.594075
1790510120.999501,2,13.8449,0.1688,0.0000,4.36,0.00505317,0.00594822,1,1790510121.612151
1790510122.032824,2,13.9896,0.1786,0.0000,4.42,0.00605317,0.00694822,1,1790510122.592436
1790510123.032827,2,13.9894,0.1786,0.0000,4.55,0.00605317,0.00694822,1,1790510123.381881
1790510124.032862,2,13.9895,0.1786,0.0000,4.53,0.00605317,0.00694822,1,1790510124.307008
1790510125.099506,2,13.9895,0.1786,0.0000,4.54,0.00605317,0.00694822,1,1790510125.444237
1790510126.132835,2,13.9896,0.1786,0.0000,4.54,0.00605317,0.00694822,1,1790510126.415545
1790510127.132847,2,13.9896,0.1786,0.0000,4.56,0.00605317,0.00694822,1,1790510127.476810
1790510128.132909,2,13.9896,0.1786,0.0000,4.57,0.00605317,0.00694822,1,1790510128.470861
1790510129.199532,2,13.9896,0.1786,0.0000,4.56,0.00605317,0.00694822,1,1790510129.536497
1790510130.266195,2,13.9896,0.1786,0.0000,4.54,0.00605317,0.00694822,1,1790510130.637326
1790510131.266199,2,13.9896,0.1786,0.0000,4.55,0.00605317,0.00694822,1,1790510131.637350
1790510132.299550,2,13.9896,0.1786,0.0000,4.54,0.00605317,0.00694822,1,1790510132.626634
1790510133.299552,2,13.9896,0.1786,0.0000,4.55,0.00605317,0.00694822,1,1790510133.637245
1790510134.299563,2,13.9896,0.1786,0.0000,4.55,0.00605317,0.00694822,1,1790510134.649740
1790510135.366224,2,13.9896,0.1786,0.0000,4.55,0.00605317,0.00694822,1,1790510135.736587
1790510136.399553,2,13.9896,0.1786,0.0000,4.55,0.00605317,0.00694822,1,1790510136.725887
1790510137.399563,2,13.9896,0.1786,0.0000,4.55,0.00605317,0.00694822,1,1790510137.733448
1790510138.399601,2,13.9896,0.1786,0.0000,4.55,0.00605317,0.00694822,1,1790510138.734890
1790510139.466242,2,13.9896,0.1786,0.0000,4.56,0.00605317,0.00694822,1,1790510139.826962
1790510140.466245,2,13.9896,0.1786,0.0000,4.56,0.00605317,0.00694822,1,1790510140.813264
1790510141.466269,2,13.9896,0.1786,0.0000,4.57,0.00605317,0.00694822,1,1790510141.819620
1790510142.566250,2,13.9896,0.1786,0.0000,4.57,0.00605317,0.00694822,1,1790510142.897789
1790510143.566257,2,13.9896,0.1786,0.0000,4.57,0.00605317,0.00694822,1,1790510143.909203
1790510144.632918,2,13.9896,0.1786,0.0000,4.56,0.00605317,0.00694822,1,1790510144.963207
1790510145.632955,2,13.9896,0.1786,0.0000,4.56,0.00605317,0.00694822,1,1790510145.996350
1790510146.666270,2,13.9896,0.1786,0.0000,4.57,0.00605317,0.00694822,1,1790510147.009668
1790510147.666280,2,13.9896,0.1786,0.0000,4.56,0.00605317,0.00694822,1,1790510148.006559
1790510148.666289,2,13.9896,0.1786,0.0000,4.57,0.00605317,0.00694822,1,1790510148.985176
1790510149.732983,2,13.9896,0.1786,0.0000,4.57,0.00605317,0.00694822,1,1790510150.086936
1790510150.799629,2,13.9896,0.1786,0.0000,4.57,0.00605317,0.00694822,1,1790510151.158613
1790510151.799640,2,13.9896,0.1786,0.0000,4.57,0.00605317,0.00694822,1,1790510152.154581
1790510152.832971,2,13.9912,0.1790,0.0000,44.58,0.00705317,0.00794822,1,1790510153.579731
1790510153.899612,2,14.3633,0.1561,0.0000,82.17,0.000207689,0.000984177,1,1790510154.927538
1790510154.899650,2,14.3641,0.1636,0.0000,84.33,0.000207689,0.000984177,1,1790510155.657411
1790510155.932974,2,14.3640,0.1622,0.0000,84.32,0.000207689,0.000984177,1,1790510156.681533
1790510156.932983,2,14.3638,0.1611,0.0000,84.33,0.000207689,0.000984177,1,1790510157.681273
1790510157.999688,2,14.3637,0.1597,0.0000,84.33,0.000207689,0.000984177,1,1790510158.760597
1790510159.066338,2,14.3878,0.3407,0.0000,83.75,0.000272101,0.00101054,1,1790510160.080237
1790510160.099650,2,14.4199,0.6257,0.0000,83.72,0.000342894,0.000603107,1,1790510161.130454
1790510161.099678,2,14.4521,0.8997,0.0000,83.88,0.000620236,0.00106634,1,1790510162.024239
1790510162.166320,2,14.4897,1.2182,0.0000,84.14,0.000249671,0.000678314,1,1790510163.138837
1790510163.199680,2,14.5253,1.5520,0.0000,84.19,0.000686338,0.00105567,1,1790510164.070413
1790510164.233000,2,14.5454,1.8863,0.0000,88.68,0.00168634,0.00205567,1,1790510164.988016
1790510165.233018,2,14.5425,2.1294,0.0000,89.20,0.000640405,0.00139099,1,1790510166.156930
1790510166.266360,2,14.5457,2.4205,0.0000,89.31,0.000873351,0.000948599,1,1790510167.203438
1790510167.299701,2,14.5471,2.7177,0.0000,89.49,0.00163402,0.00111059,1,1790510168.167439
1790510168.366362,2,14.5474,2.9976,0.0000,89.60,0.0013973,0.000789993,1,1790510169.321952
1790510169.366365,2,14.5472,3.2696,0.0000,89.70,0.00149693,0.00104817,1,1790510170.268731
1790510170.399701,2,14.5490,3.5841,0.0000,89.79,0.00231045,0.00132639,1,1790510171.270076
1790510171.399702,2,14.5500,3.8758,0.0000,89.91,0.00321455,0.00129199,1,1790510172.284548
1790510172.399707,2,14.5432,4.1338,0.0000,89.98,0.000501079,0.000820322,1,1790510173.375408
1790510173.399718,2,14.5417,4.4405,0.0000,90.11,0.000762343,0.00105924,1,1790510174.260751
1790510174.433047,2,14.5424,4.7441,0.0000,90.15,0.000681742,0.000548958,1,1790510175.369282
1790510175.433053,2,14.5402,5.0358,0.0000,90.34,0.00105213,0.000945318,1,1790510176.276169
1790510176.466399,2,14.5382,5.3531,0.0000,90.32,0.00170891,0.00116424,1,1790510177.341414
1790510177.466418,2,14.5413,5.6578,0.0000,89.14,0.00130586,0.000831421,1,1790510178.449721
1790510178.499748,2,14.5436,5.9828,0.0000,89.07,0.000264298,0.000838187,1,1790510179.397692
1790510179.533076,2,14.5489,6.3393,0.0000,89.14,0.000965838,0.000827165,1,1790510180.469961
1790510180.533085,2,14.5513,6.6391,0.0000,89.36,0.00130076,0.000716279,1,1790510181.478122
1790510181.533086,2,14.5554,6.9355,0.0000,89.45,0.00207741,0.000846609,1,1790510182.381497
1790510182.533101,2,14.5578,7.2493,0.0000,89.49,0.0024788,0.00117135,1,1790510183.456350
1790510183.566419,2,14.5552,7.5180,0.0000,89.52,0.000548503,0.000787132,1,1790510184.596625
1790510184.599745,2,14.5570,7.8137,0.0000,89.65,0.00153255,0.00116618,1,1790510185.502392
1790510185.599772,2,14.5543,8.0845,0.0000,89.69,0.000919584,0.00125122,1,1790510186.547058
1790510186.633102,2,14.5591,8.3834,0.0000,89.79,0.00110941,0.000754308,1,1790510187.680100
1790510187.666430,2,14.5600,8.6756,0.0000,89.61,0.00210941,0.00175431,1,1790510188.443949
1790510188.733425,2,14.5593,8.9330,0.0000,88.60,0.00117044,0.00142774,1,1790510189.671160
1790510189.766443,2,14.5663,9.1920,0.0000,88.10,0.00099147,0.000968444,1,1790510190.801760
1790510190.799848,2,14.5741,9.4526,0.0000,87.87,0.00101534,0.00134766,1,1790510191.734510
1790510191.866457,2,14.5824,9.7147,0.0000,87.80,0.00137199,0.00144181,1,1790510192.840398
1790510192.899780,2,14.5837,9.8119,0.0000,87.82,0.000961439,0.00087117,1,1790510193.894637
1790510193.899803,2,14.5842,9.8154,0.0000,85.38,0.000961439,0.00087117,1,1790510194.686184
1790510194.966473,2,14.5899,9.8251,0.0000,71.72,0.00176345,0.00117904,1,1790510195.886263
1790510195.999817,2,14.6058,9.8065,0.0000,52.54,0.00187726,0.00138111,1,1790510196.836307
1790510197.066479,2,14.5963,9.7996,0.0000,27.34,0.00287726,0.00238111,1,1790510197.470938
1790510198.066493,2,14.5962,9.8003,0.0000,2.94,0.00387726,0.00338111,1,1790510198.333976
1790510199.133152,2,14.5975,9.8004,0.0000,-23.13,0.00487726,0.00438111,1,1790510199.559568
1790510200.133161,2,14.5977,9.8002,0.0000,-46.57,0.00587726,0.00538111,1,1790510200.717305
1790510201.199822,2,14.6215,9.7831,0.0000,-70.13,0.00317521,0.00137436,1,1790510202.215506
1790510202.233198,2,14.6091,9.7705,0.0000,-90.92,0.00282737,0.00102467,1,1790510203.204260
1790510203.299846,2,14.6099,9.7739,0.0000,-90.49,0.00282737,0.00102467,1,1790510204.046338
1790510204.333175,2,14.6099,9.7769,0.0000,-90.47,0.00282737,0.00102467,1,1790510205.064757
1790510205.333186,2,14.6099,9.7771,0.0000,-90.46,0.00282737,0.00102467,1,1790510206.076560
1790510206.399845,2,14.6099,9.7773,0.0000,-90.45,0.00282737,0.00102467,1,1790510207.174842
1790510207.399880,2,14.6100,9.7789,0.0000,-90.47,0.00282737,0.00102467,1,1790510208.187871
1790510208.466533,2,14.6100,9.7768,0.0000,-90.47,0.00282737,0.00102467,1,1790510209.238446
1790510209.499860,2,14.6100,9.7755,0.0000,-90.46,0.00282737,0.00102467,1,1790510210.229854
1790510210.499869,2,14.6100,9.7756,0.0000,-90.46,0.00282737,0.00102467,1,1790510211.268009
1790510211.499883,2,14.6100,9.7752,0.0000,-90.44,0.00282737,0.00102467,1,1790510212.265823
1790510212.533234,2,14.6101,9.7746,0.0000,-90.43,0.00282737,0.00102467,1,1790510213.291078
1790510213.599903,2,14.6100,9.7729,0.0000,-90.44,0.00282737,0.00102467,1,1790510214.350064
1790510214.666542,2,14.6163,9.6217,0.0000,-90.62,0.00104585,0.00083496,1,1790510215.646686
1790510215.699909,2,14.6171,9.3601,0.0000,-90.62,0.000389728,0.000757832,1,1790510216.687000
1790510216.699917,2,14.6173,9.1112,0.0000,-90.47,0.000348066,0.00103332,1,1790510217.570261
1790510217.766564,2,14.6147,8.8299,0.0000,-90.40,0.000904004,0.000846145,1,1790510218.697817
1790510218.799894,2,14.6142,8.5595,0.0000,-90.38,0.00129913,0.00063527,1,1790510219.748645
1790510219.799916,2,14.6151,8.3031,0.0000,-90.33,0.00198559,0.000989094,1,1790510220.641609
1790510220.799922,2,14.6136,8.0488,0.0000,-90.22,0.00184192,0.000859059,1,1790510221.703005
1790510221.866576,2,14.6123,7.7890,0.0000,-90.08,0.000853035,0.000796481,1,1790510222.892456
1790510222.899929,2,14.6126,7.5288,0.0000,-89.98,0.000894964,0.000662758,1,1790510223.964569
1790510223.966581,2,14.6138,7.2477,0.0000,-89.91,0.00118239,0.0010178,1,1790510224.915666
1790510224.999941,2,14.6142,6.9790,0.0000,-89.82,0.00196693,0.00082151,1,1790510226.089150
1790510226.066600,2,14.6162,6.7110,0.0000,-89.70,0.00143293,0.000757814,1,1790510227.167089
1790510227.099936,2,14.6194,6.4619,0.0000,-89.58,0.000748515,0.000900282,1,1790510228.018905
1790510228.133264,2,14.6187,6.2044,0.0000,-89.52,0.000180771,0.000649872,1,1790510229.152416
1790510229.133298,2,14.6233,5.9470,0.0000,-89.57,0.000455233,0.000545277,1,1790510230.157489
1790510230.199951,2,14.6228,5.6609,0.0000,-89.42,0.00108237,0.000894289,1,1790510231.167923
1790510231.199957,2,14.6311,5.4293,0.0000,-89.22,0.000195998,0.000709459,1,1790510232.269613
1790510232.199960,2,14.6353,5.1729,0.0000,-89.17,0.000675631,0.000965032,1,1790510233.153094
1790510233.233306,2,14.6383,4.8969,0.0000,-89.15,0.000907892,0.00072497,1,1790510234.286231
1790510234.299967,2,14.6427,4.6244,0.0000,-89.04,0.000862376,0.000871494,1,1790510235.272948
1790510235.299974,2,14.6505,4.3772,0.0000,-89.00,0.000715286,0.000698795,1,1790510236.334799
1790510236.333317,2,14.6544,4.1160,0.0000,-88.83,0.000261983,0.000560465,1,1790510237.432782
1790510237.333334,2,14.6608,3.8631,0.0000,-88.77,0.000259696,0.000638521,1,1790510238.424967
1790510238.366662,2,14.6671,3.6057,0.0000,-88.64,0.0001504,0.000633461,1,1790510239.408868
1790510239.399991,2,14.6743,3.3446,0.0000,-88.60,0.000232802,0.000589846,1,1790510240.430121
1790510240.400001,2,14.6810,3.0965,0.0000,-88.64,0.000536609,0.000597999,1,1790510241.484719
1790510241.466664,2,14.6891,2.8382,0.0000,-88.46,0.000191258,0.000530102,1,1790510242.549593
1790510242.466681,2,14.6953,2.5921,0.0000,-88.35,0.000140571,0.000596415,1,1790510243.487065
1790510243.466682,2,14.7049,2.3580,0.0000,-88.31,0.000182423,0.000577783,1,1790510244.520986
1790510244.500012,2,14.7127,2.1191,0.0000,-88.24,0.000277922,0.000559925,1,1790510245.522636
1790510245.500013,2,14.7214,1.8891,0.0000,-88.14,0.000195271,0.000407608,1,1790510246.466030
1790510246.533360,2,14.7300,1.6813,0.0000,-88.11,7.04437e-05,0.000461918,1,1790510247.484982
1790510247.566699,2,14.7396,1.4455,0.0000,-88.91,0.000220512,0.000836081,1,1790510248.464693
1790510248.566706,2,14.7071,1.2691,0.0000,-95.79,5.17659e-05,0.000695861,1,1790510249.639283
1790510249.600018,2,14.6868,1.0532,0.0000,-95.83,0.000159969,0.000789187,1,1790510250.548956
1790510250.600046,2,14.6627,0.8327,0.0000,-95.90,0.000297568,0.000864779,1,1790510251.560684
1790510251.633389,2,14.6370,0.5821,0.0000,-95.86,0.000453236,0.000867287,1,1790510252.756019
1790510252.666715,2,14.6642,0.3466,0.0000,-94.27,0.000142684,0.000329553,1,1790510253.839998
1790510253.766721,2,14.6449,0.0969,0.0000,-94.99,0.000626173,0.000758837,1,1790510254.895394
1790510254.766739,2,14.6205,-0.1280,0.0000,-94.79,0.00098038,0.00116382,1,1790510255.780517
1790510255.800061,2,14.5760,-0.3565,0.0000,-95.06,0.00105345,0.000917523,1,1790510256.946194
1790510256.833393,2,14.5660,-0.5641,0.0000,-95.17,0.00137352,0.000606045,1,1790510257.969640
1790510257.833396,2,14.5566,-0.7553,0.0000,-93.45,0.00188432,0.000705342,1,1790510258.831039
1790510258.866729,2,14.5388,-0.9829,0.0000,-93.33,0.00206384,0.000721852,1,1790510259.867826
1790510259.866759,2,14.5314,-1.1953,0.0000,-93.16,0.00286499,0.00119126,1,1790510260.915184
1790510260.900080,2,14.5189,-1.4396,0.0000,-92.97,0.00386499,0.00219126,1,1790510261.711384
1790510261.900134,2,14.5044,-1.6832,0.0000,-92.90,0.00451499,0.00171655,1,1790510262.863805
1790510262.933420,2,14.4909,-1.9737,0.0000,-92.79,0.00551499,0.00271655,1,1790510263.701436
1790510263.933447,2,14.4776,-2.2507,0.0000,-92.65,0.00651499,0.00371655,1,1790510264.725314
1790510265.000100,2,14.4657,-2.4916,0.0000,-92.55,0.00707298,0.00226053,1,1790510265.862018
1790510266.066766,2,14.4532,-2.7390,0.0000,-92.44,0.00753614,0.00197351,1,1790510266.949211
1790510267.133431,2,14.4478,-2.9214,0.0000,-92.22,0.00300775,0.00140463,1,1790510268.030067
1790510268.166782,2,14.4402,-3.1339,0.0000,-92.07,0.00400775,0.00240463,1,1790510268.972948
1790510269.166790,2,14.4288,-3.3415,0.0000,-92.01,0.00436211,0.00184596,1,1790510270.060042
1790510270.200125,2,14.4140,-3.5663,0.0000,-92.17,0.0012489,0.00128936,1,1790510271.124567
1790510271.266790,2,14.4050,-3.8108,0.0000,-92.12,0.0022489,0.00228936,1,1790510272.121014
1790510272.266804,2,14.3967,-4.0418,0.0000,-92.01,0.0032489,0.00328936,1,1790510273.027583
1790510273.266807,2,14.3890,-4.2687,0.0000,-91.92,0.0042489,0.00428936,1,1790510274.070629
1790510274.300148,2,14.3813,-4.5065,0.0000,-91.79,0.0052489,0.00528936,1,1790510275.096968
1790510275.366804,2,14.3799,-4.7016,0.0000,-91.34,0.00095649,0.00200031,1,1790510276.297833
1790510276.400140,2,14.3746,-4.9400,0.0000,-91.24,0.00195649,0.00300031,1,1790510277.226925
1790510277.400154,2,14.3676,-5.1619,0.0000,-91.11,0.00206345,0.00169298,1,1790510278.331105
1790510278.433517,2,14.3649,-5.4017,0.0000,-91.06,0.00299406,0.00155664,1,1790510279.361321
1790510279.433602,2,14.3612,-5.6396,0.0000,-90.95,0.00399406,0.00255664,1,1790510280.336459
1790510280.466816,2,14.3573,-5.8863,0.0000,-90.86,0.00499406,0.00355664,1,1790510281.382535
1790510281.500186,2,14.3542,-6.1146,0.0000,-90.78,0.00599406,0.00455664,1,1790510282.384482
1790510282.500186,2,14.3518,-6.3287,0.0000,-90.73,0.00699406,0.00555664,1,1790510283.399318
1790510283.533512,2,14.3491,-6.5639,0.0000,-90.62,0.00799406,0.00655664,1,1790510284.498857
1790510284.566840,2,14.3467,-6.8011,0.0000,-90.51,0.00899406,0.00755664,1,1790510285.464143
1790510285.600195,2,14.3453,-6.9143,0.0000,-89.96,0.000586204,0.00228376,1,1790510286.615818
1790510286.600198,2,14.3542,-7.1288,0.0000,-90.19,0.000388817,0.0013862,1,1790510287.653571
1790510287.633531,2,14.3514,-7.3649,0.0000,-90.22,0.00100433,0.00120341,1,1790510288.752157
1790510288.700206,2,14.3509,-7.6001,0.0000,-90.10,0.00116653,0.001084,1,1790510289.787201
1790510289.733777,2,14.3507,-7.8784,0.0000,-89.96,0.00216653,0.002084,1,1790510290.763806
1790510290.800206,2,14.3512,-8.1557,0.0000,-89.83,0.00316653,0.003084,1,1790510291.783059
1790510291.800214,2,14.3379,-8.3867,0.0000,-89.74,0.000478361,0.00145085,1,1790510293.005487
1790510292.833553,2,14.3394,-8.6683,0.0000,-89.63,0.00147836,0.00245085,1,1790510293.870436
1790510293.833558,2,14.3370,-8.9084,0.0000,-89.42,0.000313025,0.00157863,1,1790510295.041165
1790510294.866896,2,14.3402,-9.1904,0.0000,-89.30,0.00131302,0.00257863,1,1790510295.993542
1790510295.900238,2,14.3440,-9.4784,0.0000,-89.20,0.00231302,0.00357863,1,1790510297.080552
1790510296.900245,2,14.3482,-9.7628,0.0000,-89.09,0.00331302,0.00457863,1,1790510298.142135
1790510297.900360,2,14.3532,-10.0483,0.0000,-88.99,0.00431302,0.00557863,1,1790510299.336929
1790510298.966919,2,14.3582,-10.2893,0.0000,-88.97,3.23554e-05,0.0013403,1,1790510300.494514
1790510300.000263,2,14.3635,-10.5854,0.0000,-88.93,0.00103236,0.0023403,1,1790510301.697452
1790510301.200268,2,14.3710,-10.9365,0.0000,-88.78,0.00203236,0.0033403,1,1790510302.826845
1790510302.366941,2,14.3790,-11.2874,0.0000,-88.64,0.00303236,0.0043403,1,1790510303.873780
1790510303.400301,2,14.3933,-11.5750,0.0000,-88.56,0.000738083,0.00186475,1,1790510305.020840
1790510304.500304,2,14.4028,-11.9238,0.0000,-88.37,0.00173808,0.00286475,1,1790510306.063079
1790510305.566988,2,14.4195,-12.2439,0.0000,-88.34,0.00179962,0.00137652,1,1790510307.210069
1790510306.666977,2,14.4392,-12.5912,0.0000,-88.29,0.00188104,0.00128179,1,1790510308.315107
1790510307.767017,2,14.4453,-12.8005,0.0000,-88.21,0.00288104,0.00228179,1,1790510309.312377
1790510308.833685,2,14.4653,-12.7657,0.0000,-76.30,0.00126276,0.00127595,1,1790510310.376976
1790510309.867029,2,14.4691,-12.7728,0.0000,-57.77,0.00226276,0.00227595,1,1790510311.394027
1790510310.933689,2,14.4797,-12.7799,0.0000,-35.48,0.00326276,0.00327595,1,1790510312.309008
1790510311.933707,2,14.5013,-12.7870,0.0000,-13.37,0.00426276,0.00427595,1,1790510313.081796
1790510312.967051,2,14.5254,-12.7860,0.0000,-0.46,0.00526276,0.00527595,1,1790510313.845737
1790510314.033716,2,14.5238,-12.7861,0.0000,-0.46,0.00526276,0.00527595,1,1790510314.935574
1790510315.033734,2,14.5245,-12.7861,0.0000,-0.46,0.00526276,0.00527595,1,1790510315.939424
1790510316.033749,2,14.5235,-12.7861,0.0000,-0.46,0.00526276,0.00527595,1,1790510316.932942
1790510317.033754,2,14.7185,-12.7866,0.0000,-0.15,0.00626276,0.00627595,1,1790510317.901571
1790510318.067093,2,15.0022,-12.7865,0.0000,0.08,0.00726276,0.00727595,1,1790510318.931240
1790510319.100429,2,15.2878,-12.7856,0.0000,0.26,0.00826276,0.00827595,1,1790510319.944676
1790510320.100436,2,15.5631,-12.7842,0.0000,0.37,0.00926276,0.00927595,1,1790510320.966624
1790510321.100465,2,15.8418,-12.7820,0.0000,0.48,0.0102628,0.0102759,1,1790510321.926236
1790510322.133809,2,16.0055,-12.7804,0.0000,0.51,0.0112628,0.0112759,1,1790510322.962714
1790510323.133810,2,15.9989,-12.7803,0.0000,0.45,0.0112628,0.0112759,1,1790510323.978621
1790510324.167144,2,15.9876,-12.7798,0.0000,-6.38,0.0122628,0.0122759,1,1790510325.059358
1790510325.167163,2,15.9826,-12.7746,0.0000,-28.29,0.0132628,0.0132759,1,1790510326.106642
1790510326.200509,2,15.9610,-12.7455,0.0000,-55.98,0.0142628,0.0142759,1,1790510326.996745
1790510327.200518,2,15.9576,-12.7365,0.0000,-82.88,0.0152628,0.0152759,1,1790510328.185890
1790510328.233853,2,15.9578,-12.7369,0.0000,-92.42,0.0162628,0.0162759,1,1790510329.287150
1790510329.267204,2,15.9577,-12.7398,0.0000,-92.55,0.0162628,0.0162759,1,1790510330.365142
1790510330.267217,2,15.9459,-13.0089,0.0000,-92.53,0.0172628,0.0172759,1,1790510331.303165
1790510331.267236,2,15.9310,-13.3484,0.0000,-92.41,0.0182628,0.0182759,1,1790510332.249916
1790510332.300557,2,15.9170,-13.6973,0.0000,-92.25,0.0192628,0.0192759,1,1790510333.167138
1790510333.333895,2,15.9028,-14.0632,0.0000,-92.17,0.0202628,0.0202759,1,1790510334.195805
1790510334.367250,2,15.8892,-14.4375,0.0000,-92.03,0.0212628,0.0212759,1,1790510335.118616
1790510335.400587,2,15.8763,-14.8085,0.0000,-91.91,0.0222628,0.0222759,1,1790510336.097598
1790510336.433927,2,15.8648,-15.1696,0.0000,-91.79,0.0232628,0.0232759,1,1790510337.110934
1790510337.433931,2,15.8603,-15.3171,0.0000,-91.74,0.0242628,0.0242759,1,1790510338.114525
1790510338.433990,2,15.8603,-15.3162,0.0000,-91.73,0.0242628,0.0242759,1,1790510339.089184
1790510339.467293,2,15.8604,-15.3167,0.0000,-96.27,0.0252628,0.0252759,1,1790510340.181452
1790510340.500630,2,15.8594,-15.3200,0.0000,-113.37,0.0262628,0.0262759,1,1790510341.344610
1790510341.533969,2,15.8439,-15.3392,0.0000,-130.67,0.0272628,0.0272759,1,1790510342.277847
1790510342.567326,2,15.8431,-15.3387,0.0000,-147.96,0.0282628,0.0282759,1,1790510343.398202
1790510343.567335,2,15.8291,-15.3429,0.0000,-165.59,0.0292628,0.0292759,1,1790510344.545792
1790510344.567365,2,15.7913,-15.3429,0.0000,175.79,0.0302628,0.0302759,1,1790510345.440957
1790510345.600672,2,15.7780,-15.3406,0.0000,175.94,0.0302628,0.0302759,1,1790510346.466043
1790510346.634013,2,15.5603,-15.3249,0.0000,175.73,0.0312628,0.0312759,1,1790510347.465057
1790510347.667386,2,15.2548,-15.3022,0.0000,175.76,0.0322628,0.0322759,1,1790510348.511783
1790510348.734045,2,14.9474,-15.2800,0.0000,175.90,0.0332628,0.0332759,1,1790510349.550362
1790510349.734049,2,14.6585,-15.2597,0.0000,176.00,0.0342628,0.0342759,1,1790510350.490754
1790510350.800723,2,14.3484,-15.2384,0.0000,176.07,0.0352628,0.0352759,1,1790510351.595692
1790510351.834082,2,14.0640,-15.2105,0.0000,171.62,0.0362628,0.0362759,1,1790510352.691540
1790510352.867419,2,13.7651,-15.1547,0.0000,170.36,0.0372628,0.0372759,1,1790510353.647278
1790510353.900755,2,13.4005,-14.9426,0.0000,168.58,0.0038101,0.00164248,1,1790510354.717727
1790510354.900768,2,13.0679,-14.8789,0.0000,168.66,0.0014156,0.0011824,1,1790510355.839711
1790510355.934111,2,12.7003,-14.8080,0.0000,168.80,0.00105318,0.00111406,1,1790510356.976997
1790510356.934121,2,12.3293,-14.7354,0.0000,168.90,0.00149409,0.00119863,1,1790510358.026944
1790510357.934138,2,11.9566,-14.6659,0.0000,169.16,0.00154622,0.00123383,1,1790510358.995806
1790510358.934141,2,11.5903,-14.6337,0.0000,176.80,0.00151527,0.00104832,1,1790510359.972394
1790510360.000823,2,11.2222,-14.6168,0.0000,177.01,0.00144745,0.00119836,1,1790510361.025295
1790510361.034163,2,10.8896,-14.6044,0.0000,177.32,0.00102047,0.00133984,1,1790510362.094445
1790510362.067508,2,10.5090,-14.5890,0.0000,177.53,0.0010251,0.00125142,1,1790510363.127692
1790510363.067508,2,10.1376,-14.5760,0.0000,177.76,0.00106178,0.00119162,1,1790510364.106563
1790510364.067568,2,9.7777,-14.5659,0.0000,177.91,0.0007986,0.00107911,1,1790510365.104545
1790510365.134220,2,9.3752,-14.5551,0.0000,178.15,0.00055146,0.00109473,1,1790510366.249241
1790510366.134225,2,8.9959,-14.5439,0.0000,178.32,0.000461577,0.00110959,1,1790510367.231526
1790510367.200877,2,8.5917,-14.5342,0.0000,178.53,0.000435806,0.00117035,1,1790510368.320168
1790510368.234216,2,8.2034,-14.5273,0.0000,178.64,0.000339348,0.00120593,1,1790510369.346069
1790510369.234249,2,7.8193,-14.5188,0.0000,178.83,0.000750988,0.00124122,1,1790510370.273957
1790510370.267588,2,7.4329,-14.5139,0.0000,178.95,0.000503749,0.0010962,1,1790510371.300470
1790510371.334260,2,7.0650,-14.5084,0.0000,179.15,0.00074813,0.00116784,1,1790510372.317372
1790510372.367653,2,6.7278,-14.5052,0.0000,179.32,0.00050407,0.00113776,1,1790510373.362165
1790510373.400943,2,6.3913,-14.5040,0.0000,179.48,0.000444195,0.00133041,1,1790510374.456555
1790510374.434297,2,6.0374,-14.5012,0.0000,179.64,0.00122236,0.00124966,1,1790510375.487427
1790510375.500964,2,5.7002,-14.5030,0.0000,179.86,0.00038386,0.000954066,1,1790510376.569742
1790510376.500964,2,5.3675,-14.5026,0.0000,179.96,0.00138386,0.00195407,1,1790510377.510777
1790510377.500965,2,5.0316,-14.5031,0.0000,-179.90,0.00238386,0.00295407,1,1790510378.506871
1790510378.567656,2,4.6524,-14.5042,0.0000,-179.76,0.00338386,0.00395407,1,1790510379.574867
1790510379.601000,2,4.3081,-14.5071,0.0000,-179.61,0.00271512,0.00086896,1,1790510380.702708
1790510380.601010,2,3.9613,-14.5115,0.0000,-179.42,0.0027127,0.00119141,1,1790510381.746718
1790510381.634338,2,3.6290,-14.5168,0.0000,-179.31,0.00214822,0.000896486,1,1790510382.709023
1790510382.634364,2,3.3080,-14.5210,0.0000,-179.14,0.00193468,0.000830234,1,1790510383.760167
1790510383.667712,2,2.9683,-14.5270,0.0000,-178.98,0.0021043,0.00094921,1,1790510384.742707
1790510384.701046,2,2.6556,-14.5342,0.0000,-178.86,0.00176902,0.000938113,1,1790510385.801637
1790510385.734379,2,2.3390,-14.5436,0.0000,-178.67,0.00127726,0.000998899,1,1790510386.830897
1790510386.767730,2,2.0006,-14.5541,0.0000,-178.57,0.00167812,0.000990336,1,1790510387.883794
1790510387.767745,2,1.6853,-14.5628,0.0000,-178.45,0.00203676,0.000991182,1,1790510388.825094
1790510388.767750,2,1.3761,-14.5728,0.0000,-178.22,0.00191571,0.00103081,1,1790510389.844901
1790510389.767758,2,1.0659,-14.5842,0.0000,-178.12,0.00156519,0.000998256,1,1790510390.876293
1790510390.834443,2,0.7421,-14.5958,0.0000,-178.05,0.00173797,0.0011749,1,1790510392.026727
1790510391.834446,2,0.4600,-14.5695,0.0000,174.74,0.00174991,0.000991391,1,1790510392.953830
1790510392.867801,2,0.1047,-14.5390,0.0000,174.62,0.00186005,0.00102255,1,1790510393.929397
1790510393.901147,2,-0.2836,-14.5033,0.0000,174.72,0.00286005,0.00202255,1,1790510395.020340
1790510394.967801,2,-0.6712,-14.4670,0.0000,174.89,0.00229134,0.00128199,1,1790510396.174122
1790510395.967825,2,-1.0235,-14.4365,0.0000,175.04,0.00329134,0.00228199,1,1790510397.062780
1790510397.001174,2,-1.3673,-14.4075,0.0000,175.19,0.00429134,0.00328199,1,1790510398.067821
1790510398.034506,2,-1.7171,-14.3784,0.0000,175.34,0.00529134,0.00428199,1,1790510399.070019
1790510399.067842,2,-2.0753,-14.3509,0.0000,175.51,0.00629134,0.00528199,1,1790510400.119064
1790510400.101204,2,-2.4220,-14.3246,0.0000,175.69,0.00729134,0.00628199,1,1790510401.119634
1790510401.101237,2,-2.7560,-14.3000,0.0000,175.83,0.00829134,0.00728199,1,1790510402.142520
1790510402.167873,2,-2.9261,-14.2878,0.0000,175.92,0.00929134,0.00828199,1,1790510403.201985
1790510403.201208,2,-2.9333,-14.2873,0.0000,175.93,0.00929134,0.00828199,1,1790510404.133689
1790510404.201230,2,-2.9298,-14.2876,0.0000,175.94,0.00929134,0.00828199,1,1790510405.170016
1790510405.234576,2,-2.9308,-14.2875,0.0000,175.93,0.00929134,0.00828199,1,1790510406.204853
1790510406.301235,2,-2.9323,-14.2874,0.0000,175.91,0.00929134,0.00828199,1,1790510407.339021
1790510407.301255,2,-2.9332,-14.2873,0.0000,175.93,0.00929134,0.00828199,1,1790510408.312665
1790510408.334588,2,-2.9346,-14.2872,0.0000,175.95,0.00929134,0.00828199,1,1790510409.399670
1790510409.334612,2,-2.9351,-14.2871,0.0000,175.95,0.00929134,0.00828199,1,1790510410.326193
1790510410.334618,2,-2.9349,-14.2872,0.0000,175.96,0.00929134,0.00828199,1,1790510411.378098
1790510411.334624,2,-2.9363,-14.2870,0.0000,175.95,0.00929134,0.00828199,1,1790510412.286237
1790510412.334630,2,-2.9298,-14.2875,0.0000,175.93,0.00929134,0.00828199,1,1790510413.315459
1790510413.367994,2,-2.7643,-14.2954,0.0000,178.83,0.0102913,0.00928199,1,1790510414.374791
1790510414.401336,2,-2.4965,-14.2953,0.0000,179.82,0.0112913,0.010282,1,1790510415.440528
1790510415.434676,2,-2.1607,-14.2964,0.0000,179.81,0.0122913,0.011282,1,1790510416.481359
1790510416.467998,2,-1.8166,-14.2979,0.0000,179.72,0.0132913,0.012282,1,1790510417.506840
1790510417.534695,2,-1.4475,-14.3002,0.0000,179.64,0.0142913,0.013282,1,1790510418.581727
1790510418.568036,2,-1.0813,-14.3033,0.0000,179.47,0.0152913,0.014282,1,1790510419.554193
1790510419.601376,2,-0.7162,-14.3073,0.0000,179.36,0.0162913,0.015282,1,1790510420.696974
1790510420.601384,2,-0.3776,-14.3120,0.0000,179.21,0.0172913,0.016282,1,1790510421.715109
1790510421.601396,2,-0.0845,-14.3406,0.0000,178.84,0.00354017,0.0010384,1,1790510422.697659
1790510422.601405,2,-0.0506,-14.3414,0.0000,178.88,0.00354017,0.0010384,1,1790510423.599047
1790510423.601409,2,-0.0675,-14.3111,0.0000,162.72,0.00177233,0.00122919,1,1790510424.749024
1790510424.634751,2,-0.0914,-14.2815,0.0000,129.77,0.00277233,0.00222919,1,1790510425.391087
1790510425.634753,2,-0.0188,-14.2291,0.0000,97.58,0.00099914,0.000858038,1,1790510426.663939
1790510426.634778,2,-0.0187,-14.2138,0.0000,89.77,0.00199914,0.00185804,1,1790510427.736356
1790510427.668127,2,-0.0165,-14.1478,0.0000,88.47,0.00299914,0.00285804,1,1790510428.668281
1790510428.701476,2,-0.0069,-13.7742,0.0000,88.54,0.00399914,0.00385804,1,1790510429.725864
1790510429.768124,2,0.0032,-13.3526,0.0000,88.69,0.00499914,0.00485804,1,1790510430.808011
1790510430.801594,2,-0.0319,-13.2414,0.0000,89.84,0.00141593,0.0016178,1,1790510431.784079
1790510431.834827,2,-0.0323,-12.8091,0.0000,90.25,0.00196251,0.00122647,1,1790510432.765217
1790510432.834830,2,-0.0387,-12.5062,0.0000,90.43,0.000976054,0.0010528,1,1790510433.764297
1790510433.868166,2,-0.0435,-12.1100,0.0000,90.64,0.00138713,0.00111591,1,1790510434.768183
1790510434.868195,2,-0.0567,-11.7626,0.0000,90.91,0.000809914,0.00109644,1,1790510435.766876
1790510435.901526,2,-0.0638,-11.3620,0.0000,91.12,0.00136566,0.00105505,1,1790510436.788548
1790510436.901528,2,-0.0764,-10.9916,0.0000,91.32,0.0013685,0.000867273,1,1790510437.851959
1790510437.934873,2,-0.0861,-10.5869,0.0000,91.42,0.0018539,0.000890729,1,1790510438.876723
1790510438.934886,2,-0.0867,-10.2038,0.0000,90.14,0.00239949,0.00105739,1,1790510439.817146
1790510439.968243,2,-0.0870,-9.7970,0.0000,90.13,0.00339949,0.00205739,1,1790510440.792326
1790510441.034902,2,-0.0983,-9.4437,0.0000,90.35,0.00164644,0.000996327,1,1790510441.995823
1790510442.068252,2,-0.1024,-9.0527,0.0000,90.40,0.00181518,0.000946138,1,1790510442.964517
1790510443.134913,2,-0.1067,-8.6604,0.0000,90.70,0.00142543,0.000728684,1,1790510444.034975
1790510444.134941,2,-0.1144,-8.2693,0.0000,90.76,0.00178843,0.000802153,1,1790510445.121537
1790510445.134942,2,-0.1203,-7.8734,0.0000,90.92,0.00278843,0.00180215,1,1790510445.969540
1790510446.168281,2,-0.1276,-7.5035,0.0000,91.15,0.00226984,0.000975386,1,1790510447.114645
1790510447.168296,2,-0.1395,-7.1079,0.0000,91.32,0.00243959,0.00102719,1,1790510448.141391
1790510448.168305,2,-0.1491,-6.7649,0.0000,91.49,0.00225277,0.00109543,1,1790510449.134698
1790510449.201657,2,-0.1607,-6.3661,0.0000,91.71,0.00235077,0.00112833,1,1790510450.161117
1790510450.201659,2,-0.1785,-6.0332,0.0000,91.88,0.00114106,0.000948547,1,1790510451.149893
1790510451.234992,2,-0.1959,-5.6597,0.0000,92.04,0.000525791,0.000903851,1,1790510452.165850
1790510452.235010,2,-0.2108,-5.2915,0.0000,92.14,0.000602684,0.000836125,1,1790510453.199930
1790510453.268364,2,-0.2122,-4.9316,0.0000,88.84,0.00114984,0.000908164,1,1790510454.225990
1790510454.301703,2,-0.2047,-4.5988,0.0000,88.71,0.000882777,0.00105534,1,1790510455.231092
1790510455.301708,2,-0.1987,-4.2514,0.0000,88.84,0.00104132,0.00095492,1,1790510456.254993
1790510456.335036,2,-0.1936,-3.9090,0.0000,88.98,0.00092873,0.000960339,1,1790510457.286981
1790510457.368406,2,-0.1884,-3.5597,0.0000,89.15,0.00116159,0.0010705,1,1790510458.367056
1790510458.435069,2,-0.1856,-3.2116,0.0000,89.28,0.001186,0.000979789,1,1790510459.363052
1790510459.435093,2,-0.1853,-2.8905,0.0000,89.44,0.000899649,0.000909575,1,1790510460.393853
1790510460.468417,2,-0.1802,-2.5620,0.0000,87.49,0.000396008,0.000889439,1,1790510461.426836
1790510461.501768,2,-0.1650,-2.2536,0.0000,86.99,0.0003205,0.00095761,1,1790510462.424813
1790510462.535111,2,-0.1481,-1.9271,0.0000,86.94,0.000162961,0.00101797,1,1790510463.483479
1790510463.568438,2,-0.1316,-1.5851,0.0000,87.05,0.000173766,0.00100074,1,1790510464.460103
1790510464.568443,2,-0.1158,-1.2568,0.0000,87.18,0.000156023,0.00103944,1,1790510465.442317
1790510465.601806,2,-0.1015,-0.9145,0.0000,87.31,4.54674e-05,0.00103971,1,1790510466.466959
1790510466.635149,2,-0.0873,-0.5774,0.0000,87.48,2.85868e-05,0.000960841,1,1790510467.438534
1790510467.668482,2,-0.0765,-0.2748,0.0000,87.56,0.000721088,0.00114318,1,1790510468.461340
1790510468.701824,2,-0.0710,-0.2891,0.0000,80.78,0.00104619,0.00127981,1,1790510469.538796
1790510469.801837,2,-0.0142,-0.3113,0.0000,56.33,0.000195638,0.00122573,1,1790510470.719442
1790510470.801856,2,0.0232,-0.3467,0.0000,34.63,0.000164932,0.00102831,1,1790510471.991538
1790510471.835193,2,0.0951,-0.3209,0.0000,29.56,0.000349884,0.000806975,1,1790510472.993660
1790510472.835229,2,0.3537,-0.1689,0.0000,29.71,0.000799828,0.000661781,1,1790510473.958850
1790510473.868778,2,0.6473,-0.0021,0.0000,29.90,0.00118843,0.00040068,1,1790510474.982189
1790510474.935236,2,0.8247,0.1010,0.0000,29.94,0.00206272,0.000763513,1,1790510475.888152
1790510475.935236,2,0.8291,0.0796,0.0000,12.45,0.00160676,0.000407264,1,1790510477.234031
1790510476.968573,2,0.8482,0.0586,0.0000,-3.35,0.00154416,0.000413869,1,1790510478.418829
1790510477.968577,2,0.8525,0.0586,0.0000,-3.32,0.00154416,0.000413869,1,1790510479.219571
1790510478.968612,2,0.8543,0.0585,0.0000,-3.31,0.00154416,0.000413869,1,1790510480.033099
1790510480.068613,2,0.8521,0.0582,0.0000,-1.45,0.00154416,0.000413869,1,1790510481.047069
1790510481.068623,2,0.6651,0.0405,0.0000,-1.34,0.000870293,0.00041839,1,1790510482.450936
1790510482.135277,2,0.4093,0.0330,0.0000,-1.34,0.000450573,0.000562441,1,1790510483.541172
1790510483.135288,2,0.2023,0.0371,0.0000,-1.40,0.000890131,0.000466964,1,1790510484.666278
1790510484.168649,2,0.2007,0.0204,0.0000,-7.90,0.000546867,0.000506684,1,1790510485.812179
1790510485.301985,2,0.2212,0.0100,0.0000,-35.89,0.00154687,0.00150668,1,1790510486.540003
1790510486.301991,2,0.2324,-0.0041,0.0000,-60.95,0.00254687,0.00250668,1,1790510487.359399
1790510487.335331,2,0.2407,0.0089,0.0000,-86.77,0.000208487,0.00156933,1,1790510488.397812
1790510488.335353,2,0.2234,-0.0031,0.0000,-92.30,0.000243946,0.0010988,1,1790510489.481755
1790510489.368685,2,0.2233,-0.0067,0.0000,-92.30,0.000243946,0.0010988,1,1790510490.261538
1790510490.368689,2,0.2228,-0.0183,0.0000,-92.39,0.000243946,0.0010988,1,1790510491.226923
1790510491.368695,2,0.2140,-0.2447,0.0000,-92.50,0.000415553,0.0012063,1,1790510492.510950
1790510492.368717,2,0.2012,-0.5451,0.0000,-92.42,0.000986926,0.000978318,1,1790510493.513699
1790510493.368733,2,0.1910,-0.8602,0.0000,-92.38,0.00134026,0.00130711,1,1790510494.446915
1790510494.402062,2,0.1768,-1.1821,0.0000,-92.21,0.00139577,0.00141235,1,1790510495.453532
1790510495.402068,2,0.1650,-1.4996,0.0000,-92.06,0.00239577,0.00241235,1,1790510496.331087
1790510496.402080,2,0.1544,-1.7974,0.0000,-91.99,0.00339577,0.00341235,1,1790510497.363039
1790510497.435434,2,0.1522,-2.0378,0.0000,-92.05,0.00046678,0.00116831,1,1790510498.534396
1790510498.502112,2,0.1411,-2.3665,0.0000,-91.91,0.00140581,0.00100069,1,1790510499.458174
1790510499.502117,2,0.1217,-2.7057,0.0000,-91.86,0.00098242,0.00132483,1,1790510500.590855
1790510500.502117,2,0.1056,-3.0408,0.0000,-91.69,0.000964612,0.00133917,1,1790510501.636652
1790510501.535486,2,0.0956,-3.4051,0.0000,-91.58,0.00196461,0.00233917,1,1790510502.534983
1790510502.535529,2,0.0898,-3.7279,0.0000,-91.33,0.00140991,0.0016166,1,1790510503.627176
1790510503.602166,2,0.0822,-4.0944,0.0000,-91.19,0.00240991,0.0026166,1,1790510504.696944
1790510504.635504,2,0.0757,-4.4387,0.0000,-91.07,0.00340991,0.0036166,1,1790510505.713824
1790510505.702181,2,0.0753,-4.7760,0.0000,-90.62,0.00361839,0.00142134,1,1790510506.730421
1790510506.702182,2,0.0725,-5.1179,0.0000,-90.47,0.00461839,0.00242134,1,1790510507.711583
1790510507.702194,2,0.0703,-5.4505,0.0000,-90.32,0.00561839,0.00342134,1,1790510508.789638
1790510508.702204,2,0.0688,-5.7863,0.0000,-90.22,0.00661839,0.00442134,1,1790510509.649213
1790510509.768868,2,0.0681,-6.1317,0.0000,-90.10,0.00761839,0.00542134,1,1790510510.749898
1790510510.802233,2,0.0681,-6.4698,0.0000,-90.00,0.00861839,0.00642134,1,1790510511.678862
1790510511.868897,2,0.0688,-6.8158,0.0000,-89.86,0.00961839,0.00742134,1,1790510512.928452
1790510512.868906,2,0.0703,-7.1464,0.0000,-89.72,0.0106184,0.00842134,1,1790510513.814400
1790510513.968901,2,0.0729,-7.5184,0.0000,-89.58,0.0116184,0.00942134,1,1790510514.922817
1790510514.968933,2,0.0760,-7.8571,0.0000,-89.47,0.0126184,0.0104213,1,1790510515.946872
1790510515.968939,2,0.0790,-8.1645,0.0000,-89.34,0.0136184,0.0114213,1,1790510516.829536
1790510516.968942,2,0.0831,-8.4997,0.0000,-89.28,0.0146184,0.0124213,1,1790510517.955262
1790510517.968948,2,0.0886,-8.8412,0.0000,-89.14,0.0156184,0.0134213,1,1790510518.971887
1790510518.968967,2,0.0941,-9.1814,0.0000,-89.01,0.0166184,0.0144213,1,1790510519.909100
1790510520.002300,2,0.1002,-9.5260,0.0000,-88.92,0.0176184,0.0154213,1,1790510520.896196
1790510521.035637,2,0.1024,-9.8701,0.0000,-90.46,0.0186184,0.0164213,1,1790510522.055386
1790510522.068980,2,0.0990,-10.2103,0.0000,-90.50,0.0196184,0.0174213,1,1790510523.096969
1790510523.068980,2,0.0965,-10.5383,0.0000,-90.41,0.0206184,0.0184213,1,1790510524.015812
1790510524.102345,2,0.0949,-10.8802,0.0000,-90.28,0.0216184,0.0194213,1,1790510525.072390
1790510525.102360,2,0.0938,-11.2136,0.0000,-90.17,0.0226184,0.0204213,1,1790510526.033091
1790510526.169018,2,0.0933,-11.5772,0.0000,-90.07,0.0236184,0.0214213,1,1790510527.163358
1790510527.202365,2,0.0895,-11.9096,0.0000,-91.01,0.0246184,0.0224213,1,1790510528.244355
1790510528.202404,2,0.0838,-12.2261,0.0000,-91.06,0.0256184,0.0234213,1,1790510529.164152
1790510529.269059,2,0.0781,-12.5525,0.0000,-90.99,0.0266184,0.0244213,1,1790510530.233157
1790510530.269069,2,0.0726,-12.8884,0.0000,-90.88,0.0276184,0.0254213,1,1790510531.125380
1790510531.335736,2,0.0682,-13.2437,0.0000,-90.71,0.0286184,0.0264213,1,1790510532.183594
1790510532.335757,2,0.0648,-13.5745,0.0000,-90.55,0.0296184,0.0274213,1,1790510533.146600
1790510533.335764,2,0.0621,-13.8960,0.0000,-90.44,0.0306184,0.0284213,1,1790510534.045772
1790510534.369105,2,0.0619,-14.2298,0.0000,-90.29,0.0316184,0.0294213,1,1790510535.017274
1790510535.369118,2,0.0596,-14.5616,0.0000,-90.25,0.0326184,0.0304213,1,1790510535.941393
1790510536.435777,2,0.0582,-14.9342,0.0000,-90.14,0.0336184,0.0314213,1,1790510536.929355
1790510537.469132,2,0.0579,-15.0969,0.0000,-90.13,0.0346184,0.0324213,1,1790510537.960684
1790510538.469138,2,0.0579,-15.0973,0.0000,-90.13,0.0346184,0.0324213,1,1790510538.932239
1790510539.469168,2,0.0579,-15.0971,0.0000,-90.13,0.0346184,0.0324213,1,1790510539.981138
1790510540.535823,2,0.0579,-15.0972,0.0000,-90.14,0.0346184,0.0324213,1,1790510541.008107
1790510541.535854,2,0.0579,-15.0972,0.0000,-90.14,0.0346184,0.0324213,1,1790510542.031692
1790510542.569178,2,0.0579,-15.0972,0.0000,-90.14,0.0346184,0.0324213,1,1790510543.038052
1790510543.569178,2,0.0579,-15.0975,0.0000,-89.03,0.0346184,0.0324213,1,1790510544.033678
1790510544.602510,2,0.0588,-15.0996,0.0000,-72.62,0.0356184,0.0334213,1,1790510545.221400
1790510545.635871,2,0.0730,-15.1184,0.0000,-54.99,0.0366184,0.0344213,1,1790510546.317823
1790510546.702520,2,0.0969,-15.1389,0.0000,-36.62,0.0376184,0.0354213,1,1790510547.733543
1790510547.735849,2,0.1111,-15.1451,0.0000,-18.30,0.0386184,0.0364213,1,1790510549.099442
1790510548.735855,2,0.0452,-14.4091,0.0000,-2.23,0.000792121,0.000969156,1,1790510550.199956
1790510549.769193,2,0.0538,-14.4088,0.0000,-2.04,0.000792121,0.000969156,1,1790510550.964539
1790510550.802546,2,0.0552,-14.4089,0.0000,-2.04,0.000792121,0.000969156,1,1790510551.748632
1790510551.802548,2,0.0555,-14.4089,0.0000,-2.06,0.000792121,0.000969156,1,1790510552.841886
1790510552.802584,2,0.0571,-14.4089,0.0000,-2.07,0.000792121,0.000969156,1,1790510553.784024
1790510553.835878,2,0.2552,-14.4383,0.0000,-1.53,0.000916343,0.00103731,1,1790510555.016008
1790510554.869236,2,0.5193,-14.4235,0.0000,-1.62,0.000802628,0.000721281,1,1790510556.171112
1790510555.969237,2,0.8134,-14.4379,0.0000,-1.27,0.000728042,0.000731811,1,1790510557.331736
1790510557.002571,2,1.1120,-14.4202,0.0000,-1.41,0.00110025,0.00111549,1,1790510558.360623
1790510558.002578,2,1.3760,-14.4530,0.0000,-1.34,0.00066924,0.000859714,1,1790510559.417182
1790510559.035918,2,1.6655,-14.4492,0.0000,-1.85,0.000319446,0.000647554,1,1790510560.498975
1790510560.069245,2,1.9802,-14.4614,0.0000,-1.47,0.000640951,0.00063577,1,1790510561.498231
1790510561.069253,2,2.2868,-14.4715,0.0000,-1.40,0.00113232,0.00091,1,1790510562.420485
1790510562.135918,2,2.5768,-14.4852,0.0000,-3.49,0.000462372,0.000809448,1,1790510563.461280
1790510563.135918,2,2.8582,-14.5100,0.0000,-2.96,0.000787062,0.00113006,1,1790510564.337419
1790510564.135933,2,3.1517,-14.5099,0.0000,-4.25,0.000313526,0.000569127,1,1790510565.353890
1790510565.169297,2,3.4718,-14.5178,0.0000,-3.15,0.000762616,0.000760013,1,1790510566.401050
1790510566.202601,2,3.7842,-14.5490,0.0000,-2.63,0.000809075,0.000960066,1,1790510567.324817
1790510567.235939,2,4.0864,-14.5516,0.0000,-2.15,0.000299096,0.000763109,1,1790510568.487023
1790510568.235964,2,4.3933,-14.5624,0.0000,-2.11,0.000608438,0.000762829,1,1790510569.535209
1790510569.235966,2,4.6882,-14.5773,0.0000,-2.10,0.00019911,0.000653526,1,1790510570.570035
1790510570.302626,2,5.0365,-14.5816,0.0000,-1.93,0.000631957,0.000548921,1,1790510571.582208
1790510571.335953,2,5.3865,-14.5909,0.0000,-2.02,0.00139225,0.000958231,1,1790510572.483168
1790510572.335975,2,5.6966,-14.6001,0.0000,-1.70,0.00111416,0.000881786,1,1790510573.496855
1790510573.369306,2,6.0370,-14.6007,0.0000,-1.77,0.00137531,0.00119191,1,1790510574.350302
1790510574.435974,2,6.3769,-14.6145,0.0000,-1.17,0.00120117,0.00138802,1,1790510575.480971
1790510575.502643,2,6.7286,-14.6180,0.0000,-1.57,0.00144306,0.00139222,1,1790510576.564337
1790510576.502661,2,7.0283,-14.6237,0.0000,-0.97,0.000620388,0.000902498,1,1790510577.658109
1790510577.536001,2,7.3608,-14.6258,0.0000,-0.64,0.000512234,0.00117939,1,1790510578.608145
1790510578.602654,2,7.7083,-14.6274,0.0000,-0.87,0.000526505,0.000863389,1,1790510579.696959
1790510579.602673,2,8.0535,-14.6320,0.0000,-0.74,0.0015265,0.00186339,1,1790510580.481458
1790510580.635990,2,8.3808,-14.6366,0.0000,-0.34,0.000920099,0.00135123,1,1790510581.651483
1790510581.669347,2,8.7354,-14.6411,0.0000,-0.21,0.000572885,0.00124212,1,1790510582.583583
1790510582.736201,2,9.1544,-14.6213,0.0000,6.18,0.00157288,0.00224212,1,1790510583.669445
1790510583.769346,2,9.5490,-14.5725,0.0000,6.80,0.00257288,0.00324212,1,1790510584.564551
1790510584.802673,2,9.9470,-14.5236,0.0000,7.04,0.00357288,0.00424212,1,1790510585.695745
1790510585.802688,2,10.3293,-14.4756,0.0000,7.25,0.00457288,0.00524212,1,1790510586.844183
1790510586.836039,2,10.7056,-14.4434,0.0000,2.61,0.00557288,0.00624212,1,1790510587.928400
1790510587.869368,2,11.0228,-14.4528,0.0000,-4.21,0.00657288,0.00724212,1,1790510588.942271
1790510588.902695,2,11.2962,-14.4754,0.0000,-4.52,0.000679908,0.000999525,1,1790510590.241459
1790510589.902707,2,11.6440,-14.5021,0.0000,-4.50,0.00153136,0.00126167,1,1790510591.393983
1790510590.902715,2,12.0270,-14.5336,0.0000,-4.37,0.00210885,0.00117187,1,1790510592.536824
1790510592.036050,2,12.4643,-14.5655,0.0000,-4.30,0.00217367,0.000932235,1,1790510593.902939
1790510593.402714,2,12.9878,-14.6083,0.0000,-4.27,0.0021836,0.00129059,1,1790510595.096627
1790510594.636079,2,13.4663,-14.6430,0.0000,-4.11,0.0031836,0.00229059,1,1790510596.339135
1790510595.869424,2,13.9378,-14.6741,0.0000,-3.82,0.0041836,0.00329059,1,1790510597.362278
1790510596.902747,2,14.2549,-14.6856,0.0000,-3.71,0.000548878,0.00104344,1,1790510598.364958
1790510597.936078,2,14.6440,-14.7070,0.0000,-3.44,0.000943509,0.00122089,1,1790510599.271810
1790510598.936102,2,14.7289,-14.7114,0.0000,-3.46,0.000323858,0.00104548,1,1790510600.212659
1790510599.969433,2,14.7244,-14.7111,0.0000,-3.45,0.000323858,0.00104548,1,1790510601.031436
1790510601.002759,2,14.7290,-14.7114,0.0000,-3.45,0.000323858,0.00104548,1,1790510601.997934
1790510602.002760,2,14.7267,-14.7113,0.0000,-3.45,0.000323858,0.00104548,1,1790510602.954463
1790510603.036116,2,14.7215,-14.7110,0.0000,-3.46,0.000323858,0.00104548,1,1790510604.008252
1790510604.069437,2,14.7276,-14.7114,0.0000,-3.47,0.000323858,0.00104548,1,1790510605.045239
1790510605.102773,2,14.7318,-14.7116,0.0000,-3.46,0.000323858,0.00104548,1,1790510606.052850
1790510606.102785,2,14.7272,-14.7113,0.0000,-3.45,0.000323858,0.00104548,1,1790510607.080640
1790510607.136113,2,14.7211,-14.7109,0.0000,-3.45,0.000323858,0.00104548,1,1790510608.171763
1790510608.169473,2,14.7351,-14.7118,0.0000,-3.43,0.000323858,0.00104548,1,1790510609.202244
1790510609.236150,2,14.7309,-14.7116,0.0000,-3.46,0.000323858,0.00104548,1,1790510610.234336
1790510610.269468,2,14.7323,-14.7117,0.0000,-3.47,0.000323858,0.00104548,1,1790510611.257287
1790510611.302812,2,14.7298,-14.7115,0.0000,-3.47,0.000323858,0.00104548,1,1790510612.280753
1790510612.302824,2,14.7296,-14.7115,0.0000,-3.46,0.000323858,0.00104548,1,1790510613.333500
1790510613.369488,2,14.7292,-14.7115,0.0000,-3.46,0.000323858,0.00104548,1,1790510614.379290
1790510614.402813,2,14.7286,-14.7115,0.0000,-3.45,0.000323858,0.00104548,1,1790510615.389828
1790510615.436169,2,14.7271,-14.7114,0.0000,-3.45,0.000323858,0.00104548,1,1790510616.402376
1790510616.436173,2,14.7279,-14.7115,0.0000,-3.44,0.000323858,0.00104548,1,1790510617.447156
1790510617.469503,2,14.7281,-14.7115,0.0000,-3.43,0.000323858,0.00104548,1,1790510618.432151
1790510618.502831,2,14.7319,-14.7106,0.0000,4.06,0.00132386,0.00204548,1,1790510619.701988
1790510619.536189,2,14.7719,-14.6521,0.0000,27.69,0.0012115,0.00120315,1,1790510620.806672
1790510620.602875,2,14.8040,-14.6134,0.0000,57.67,0.0022115,0.00220315,1,1790510621.708270
1790510621.636186,2,14.8102,-14.5615,0.0000,87.16,0.0032115,0.00320315,1,1790510622.394077
1790510622.636190,2,14.8090,-14.5403,0.0000,88.38,0.0032115,0.00320315,1,1790510623.422928
1790510623.669519,2,14.8159,-14.2907,0.0000,88.56,0.0042115,0.00420315,1,1790510624.444851
1790510624.669522,2,14.7324,-14.0556,0.0000,91.61,0.00169698,0.00140787,1,1790510625.659283
1790510625.669545,2,14.6973,-13.6896,0.0000,91.01,0.000276358,0.000899514,1,1790510626.608002
1790510626.702870,2,14.6857,-13.2995,0.0000,91.06,0.00011158,0.000840601,1,1790510627.696078
1790510627.736206,2,14.6767,-12.9075,0.0000,91.02,0.00022802,0.000901996,1,1790510628.687356
1790510628.736208,2,14.6670,-12.5191,0.0000,91.13,0.000720945,0.000896471,1,1790510629.703573
1790510629.769561,2,14.6578,-12.1128,0.0000,91.31,0.00138283,0.0011335,1,1790510630.621144
1790510630.769567,2,14.6467,-11.7353,0.0000,91.42,0.00148093,0.000752278,1,1790510631.731392
1790510631.836230,2,14.6348,-11.3095,0.0000,91.56,0.0017115,0.000817736,1,1790510632.783785
1790510632.902887,2,14.6214,-10.9259,0.0000,91.74,0.00126395,0.000771879,1,1790510633.878780
1790510633.902903,2,14.6075,-10.5843,0.0000,91.88,0.000454877,0.000656794,1,1790510634.858664
1790510634.936255,2,14.5932,-10.1658,0.0000,92.06,0.001348,0.001086,1,1790510635.872336
1790510636.002897,2,14.5755,-9.7830,0.0000,92.19,0.00103192,0.000912753,1,1790510637.002366
1790510637.002905,2,14.5597,-9.3882,0.0000,92.33,0.00203192,0.00191275,1,1790510637.789022
1790510638.036247,2,14.5430,-8.9959,0.0000,92.52,0.00303192,0.00291275,1,1790510638.823591
1790510639.036266,2,14.5272,-8.6015,0.0000,91.21,0.00403192,0.00391275,1,1790510639.817086
1790510640.036266,2,14.5272,-8.2282,0.0000,89.73,0.00524323,0.00165612,1,1790510641.042037
1790510641.069605,2,14.5297,-7.8230,0.0000,89.69,0.00624323,0.00265612,1,1790510641.874017
1790510642.136254,2,14.5277,-7.4250,0.0000,89.76,0.00570591,0.00165496,1,1790510643.071186
1790510643.136287,2,14.5287,-7.0282,0.0000,89.91,0.00670591,0.00265496,1,1790510643.916365
1790510644.169607,2,14.5267,-6.6420,0.0000,89.96,0.00560245,0.00186033,1,1790510645.044938
1790510645.169619,2,14.5265,-6.2507,0.0000,90.12,0.00660245,0.00286033,1,1790510645.956365
1790510646.236283,2,14.5250,-5.8335,0.0000,90.29,0.00760245,0.00386033,1,1790510647.056742
1790510647.236289,2,14.5226,-5.4448,0.0000,90.42,0.00860245,0.00486033,1,1790510648.048079
1790510648.269627,2,14.5048,-5.1531,0.0000,90.52,0.0041548,0.00211575,1,1790510649.168183
1790510649.269632,2,14.5006,-4.7602,0.0000,90.62,0.0051548,0.00311575,1,1790510650.059888
1790510650.269650,2,14.4899,-4.3923,0.0000,90.71,0.00428404,0.00140812,1,1790510651.198158
1790510651.302973,2,14.4841,-4.0046,0.0000,90.83,0.00528404,0.00240812,1,1790510652.121532
1790510652.302984,2,14.4779,-3.6319,0.0000,90.96,0.00628404,0.00340812,1,1790510653.164804
1790510653.336323,2,14.4779,-3.2674,0.0000,88.80,0.00728404,0.00440812,1,1790510654.220267
1790510654.369659,2,14.4907,-3.0030,0.0000,86.88,0.00365873,0.00179236,1,1790510655.276149
1790510655.369667,2,14.5019,-2.6961,0.0000,87.04,0.000356786,0.00083652,1,1790510656.409475
1790510656.403006,2,14.5189,-2.3376,0.0000,87.08,0.000451709,0.000749504,1,1790510657.477538
1790510657.403020,2,14.5313,-1.9931,0.0000,87.21,0.000380168,0.00106613,1,1790510658.330129
1790510658.436352,2,14.5458,-1.6497,0.0000,87.45,0.000446129,0.00084043,1,1790510659.417212
1790510659.503009,2,14.5631,-1.2779,0.0000,87.46,0.00129567,0.00135388,1,1790510660.350661
1790510660.503035,2,14.5732,-0.9694,0.0000,87.81,0.000897549,0.000863349,1,1790510661.493349
1790510661.569701,2,14.5829,-0.6144,0.0000,88.04,0.000793531,0.00079005,1,1790510662.537107
1790510662.569705,2,14.5808,-0.3033,0.0000,88.12,0.000490959,0.000694241,1,1790510663.522936
1790510663.603016,2,14.5812,0.0257,0.0000,87.91,0.000438531,0.00102787,1,1790510664.453273
1790510664.603022,2,14.6007,0.3789,0.0000,88.25,0.00111667,0.000786985,1,1790510665.675128
1790510665.636383,2,14.6118,0.7474,0.0000,88.03,0.00131751,0.000560769,1,1790510666.654983
1790510666.636387,2,14.6224,1.0877,0.0000,88.25,0.00206678,0.0011164,1,1790510667.532313
1790510667.703044,2,14.6349,1.5130,0.0000,88.33,0.00306678,0.0021164,1,1790510668.513796
1790510668.736368,2,14.6428,1.8938,0.0000,88.61,0.00287916,0.00130803,1,1790510669.652467
1790510669.736405,2,14.6520,2.2797,0.0000,88.75,0.00358891,0.000904405,1,1790510670.742766
1790510670.769725,2,14.6545,2.5928,0.0000,89.02,0.000388124,0.00125484,1,1790510671.583753
1790510671.769727,2,14.6597,2.9700,0.0000,89.09,0.00049664,0.00094308,1,1790510672.707611
1790510672.769729,2,14.6644,3.3547,0.0000,89.24,0.00149664,0.00194308,1,1790510673.537526
1790510673.770353,2,14.6692,3.7215,0.0000,89.25,0.00133981,0.0013501,1,1790510674.703756
1790510674.836410,2,14.6733,4.0929,0.0000,89.41,0.000490992,0.000697535,1,1790510675.779686
1790510675.869762,2,14.6762,4.4831,0.0000,89.46,0.000845363,0.000703179,1,1790510676.827766
1790510676.869767,2,14.6831,4.8639,0.0000,89.44,0.00125737,0.00099796,1,1790510677.737839
1790510677.969763,2,14.6807,5.2607,0.0000,89.66,0.00160571,0.00116003,1,1790510678.799882
1790510678.969764,2,14.6815,5.6100,0.0000,89.72,0.000870168,0.000870542,1,1790510679.936152
1790510679.969767,2,14.6816,5.9659,0.0000,89.86,0.00102836,0.00107356,1,1790510680.795840
1790510680.969768,2,14.6820,6.3289,0.0000,89.95,0.00202836,0.00207356,1,1790510681.782240
1790510682.003100,2,14.6794,6.6685,0.0000,90.10,0.000939797,0.000812905,1,1790510682.929228
1790510683.003124,2,14.6767,7.0228,0.0000,90.27,0.00078813,0.000715041,1,1790510683.954956
1790510684.036463,2,14.6755,7.4144,0.0000,90.34,0.00180461,0.000957981,1,1790510684.923436
1790510685.103117,2,14.6819,7.7828,0.0000,86.96,0.00141854,0.000961435,1,1790510686.005942
1790510686.136463,2,14.7012,8.1200,0.0000,86.84,0.00195922,0.000895548,1,1790510687.048573
1790510687.136479,2,14.7199,8.4938,0.0000,86.85,0.00145759,0.000840781,1,1790510688.012110
1790510688.203146,2,14.7378,8.8888,0.0000,87.01,0.000961891,0.000812356,1,1790510689.183414
1790510689.269821,2,14.7574,9.2776,0.0000,87.14,0.000786924,0.000883903,1,1790510690.266474
1790510690.303154,2,14.7741,9.6472,0.0000,87.26,0.000233685,0.000780628,1,1790510691.300625
1790510691.336499,2,14.7880,9.9935,0.0000,87.28,0.000369073,0.000750594,1,1790510692.325769
1790510692.403155,2,14.7878,9.9883,0.0000,87.26,0.000369073,0.000750594,1,1790510693.191758
1790510693.436483,2,14.7877,9.9881,0.0000,87.27,0.000369073,0.000750594,1,1790510694.219466
1790510694.469820,2,14.7711,10.0172,0.0000,110.01,0.00108716,0.00102015,1,1790510695.443628
1790510695.469905,2,14.7437,10.0489,0.0000,135.63,0.00208716,0.00202015,1,1790510696.041331
1790510696.536503,2,14.7427,10.0499,0.0000,165.10,0.00308716,0.00302015,1,1790510696.933173
1790510697.536508,2,14.7421,10.0500,0.0000,-165.56,0.00408716,0.00402015,1,1790510697.951539
1790510698.536514,2,14.7418,10.0447,0.0000,-133.40,0.00351265,0.0021518,1,1790510699.297987
1790510699.603174,2,14.7684,10.0090,0.0000,-99.70,0.00225911,0.00131733,1,1790510700.480403
1790510700.636526,2,14.7718,9.9850,0.0000,-88.84,0.00325911,0.00231733,1,1790510701.405079
1790510701.636554,2,14.7718,9.9858,0.0000,-88.85,0.00325911,0.00231733,1,1790510702.370957
1790510702.703192,2,14.7726,9.9452,0.0000,-88.67,0.00325911,0.00231733,1,1790510703.462709
1790510703.703202,2,14.7911,9.6719,0.0000,-94.40,0.00137374,0.000915419,1,1790510704.683675
1790510704.736543,2,14.7624,9.4050,0.0000,-94.56,0.00177195,0.000933527,1,1790510705.551681
1790510705.736553,2,14.7568,9.1228,0.0000,-94.60,0.000844994,0.000813169,1,1790510706.693719
1790510706.803220,2,14.7377,8.8310,0.0000,-94.13,0.000762975,0.00067169,1,1790510707.811281
1790510707.803221,2,14.7427,8.5652,0.0000,-88.21,0.000472692,0.000673216,1,1790510708.795636
1790510708.836573,2,14.7538,8.2822,0.0000,-87.88,0.00130379,0.0007239,1,1790510709.782888
1790510709.869899,2,14.7656,8.0031,0.0000,-87.64,0.00183207,0.00102274,1,1790510710.770882
1790510710.869905,2,14.7718,7.7271,0.0000,-90.06,0.000612981,0.000820757,1,1790510711.922355
1790510711.869908,2,14.7668,7.3527,0.0000,-91.77,0.00129477,0.000793354,1,1790510712.810259
1790510712.936570,2,14.7551,6.9924,0.0000,-91.89,0.000299852,0.000907536,1,1790510713.862467
1790510713.936590,2,14.7416,6.6442,0.0000,-91.86,0.00090091,0.00063535,1,1790510715.077440
1790510714.969921,2,14.7359,6.3292,0.0000,-91.77,0.000757567,0.000864785,1,1790510715.929964
1790510715.969926,2,14.7273,6.0385,0.0000,-91.64,0.000173017,0.000693591,1,1790510717.025981
1790510717.069926,2,14.7182,5.6744,0.0000,-91.54,0.000239683,0.000776062,1,1790510718.083113
1790510718.069944,2,14.7111,5.2999,0.0000,-91.38,0.000407054,0.00127093,1,1790510719.015241
1790510719.069946,2,14.7023,4.9015,0.0000,-91.21,0.00141885,0.00126944,1,1790510719.970879
1790510720.103272,2,14.6954,4.5183,0.0000,-91.05,0.000576042,0.0007348,1,1790510721.172222
1790510721.103293,2,14.6928,4.1447,0.0000,-90.82,0.000352315,0.000704627,1,1790510722.168304
1790510722.136629,2,14.6880,3.7567,0.0000,-90.75,0.0001841,0.00066636,1,1790510723.211578
1790510723.203309,2,14.6839,3.3562,0.0000,-90.60,0.000488494,0.000501333,1,1790510724.206522
1790510724.236615,2,14.6790,2.9703,0.0000,-90.45,0.000186581,0.000560891,1,1790510725.304746
1790510725.269947,2,14.6782,2.5802,0.0000,-90.33,0.000159614,0.000561836,1,1790510726.256392
1790510726.269963,2,14.6781,2.2045,0.0000,-90.25,0.000132854,0.000347625,1,1790510727.367500
1790510727.303306,2,14.6796,1.8219,0.0000,-90.18,0.000179539,0.000453745,1,1790510728.285356
1790510728.303318,2,14.6815,1.4426,0.0000,-89.94,0.000206719,0.000832078,1,1790510729.255569
1790510729.336633,2,14.6841,1.0523,0.0000,-89.85,0.000138385,0.000637458,1,1790510730.371640
1790510730.369979,2,14.6887,0.6684,0.0000,-89.71,0.000373236,0.000949131,1,1790510731.411500
1790510731.369999,2,14.7165,0.3837,0.0000,-96.83,0.000206234,0.00055187,1,1790510732.480142
1790510732.403325,2,14.6063,0.1326,0.0000,-115.74,4.18867e-05,0.000341757,1,1790510733.511845
1790510733.436666,2,14.4203,-0.0541,0.0000,-135.86,8.15046e-06,0.000160341,1,1790510734.333465
1790510734.470008,2,14.1993,-0.1801,0.0000,-156.88,0.000282114,0.00057651,1,1790510735.503529
1790510735.503352,2,13.9648,-0.2363,0.0000,-178.18,0.000203739,0.00065803,1,1790510736.669651
1790510736.536683,2,13.8989,-0.2292,0.0000,176.88,0.00061324,0.000598841,1,1790510737.815959
1790510737.570026,2,13.9002,-0.2293,0.0000,176.91,0.00061324,0.000598841,1,1790510738.565399
1790510738.603352,2,13.9010,-0.2294,0.0000,176.92,0.00061324,0.000598841,1,1790510739.483795
1790510739.703345,2,13.8990,-0.2293,0.0000,176.82,0.00061324,0.000598841,1,1790510740.618740
1790510740.703374,2,13.6181,-0.2088,0.0000,176.93,0.000928604,0.00062444,1,1790510741.860772
1790510741.703374,2,13.2270,-0.1900,0.0000,176.66,0.0014881,0.000645211,1,1790510742.781333
1790510742.770033,2,12.8306,-0.1675,0.0000,177.00,0.00147571,0.00057095,1,1790510744.015752
1790510743.770034,2,12.4572,-0.1499,0.0000,177.11,0.00136861,0.000511168,1,1790510745.082495
1790510744.803438,2,12.0450,-0.1295,0.0000,177.42,0.00193867,0.000662201,1,1790510746.020690
1790510745.870061,2,11.6563,-0.1146,0.0000,177.44,0.00188588,0.000801826,1,1790510746.973937
1790510746.936721,2,11.2538,-0.0991,0.0000,177.60,0.00210287,0.000715772,1,1790510748.033380
1790510747.970047,2,10.9002,-0.0850,0.0000,177.68,0.00152572,0.000564327,1,1790510749.156882
1790510748.970082,2,10.5026,-0.0672,0.0000,177.87,0.0018823,0.000745393,1,1790510750.235196
1790510750.003406,2,10.1183,-0.0544,0.0000,177.99,0.00184906,0.000743204,1,1790510751.289029
1790510751.036745,2,9.6985,-0.0401,0.0000,178.13,0.00254835,0.00107739,1,1790510752.160452
1790510752.103404,2,9.3330,-0.0296,0.0000,178.38,0.00236596,0.000616415,1,1790510753.342615
1790510753.170068,2,8.9659,-0.0305,0.0000,178.43,0.00153411,0.000546927,1,1790510754.401356
1790510754.203436,2,8.6219,-0.0234,0.0000,178.57,0.000963278,0.000451676,1,1790510755.497329
1790510755.270100,2,8.2208,-0.0149,0.0000,178.86,0.00107837,0.000633274,1,1790510756.521729
1790510756.303431,2,7.8391,-0.0065,0.0000,178.79,0.00136099,0.00075167,1,1790510757.510327
1790510757.370086,2,7.4506,-0.0046,0.0000,178.96,0.00124224,0.000730774,1,1790510758.656901
1790510758.403434,2,7.0846,0.0002,0.0000,179.00,0.000973206,0.000706864,1,1790510759.698063
1790510759.436774,2,6.6698,0.0033,0.0000,179.26,0.00146083,0.000725702,1,1790510760.738093
1790510760.436776,2,6.3385,0.0012,0.0000,179.30,0.00108286,0.000563865,1,1790510761.908920
1790510761.470115,2,5.9703,-0.0024,0.0000,179.46,0.000805711,0.000560645,1,1790510762.885661
1790510762.470126,2,5.5814,0.0039,0.0000,179.80,0.001187,0.000635948,1,1790510763.911358
1790510763.503474,2,5.2351,-0.0044,0.0000,179.84,0.000675073,0.00061104,1,1790510765.045184
1790510764.536800,2,4.8591,-0.0012,0.0000,179.99,0.000425621,0.00057501,1,1790510766.128281
1790510765.670136,2,4.4407,-0.0046,0.0000,-179.77,0.000380929,0.000554793,1,1790510767.202883
1790510766.670140,2,4.0666,-0.0084,0.0000,-179.64,0.000333115,0.000493632,1,1790510768.167258
1790510767.703497,2,3.6818,-0.0116,0.0000,-179.37,0.000191885,0.000441115,1,1790510769.097467
1790510768.770146,2,3.2774,-0.0168,0.0000,-179.15,0.000282189,0.000572868,1,1790510769.943692
1790510769.770156,2,2.9070,-0.0267,0.0000,-179.03,0.000220888,0.000464809,1,1790510770.871858
1790510770.770156,2,2.5345,-0.0398,0.0000,-178.79,0.000115619,0.000412459,1,1790510771.901282
1790510771.836837,2,2.1338,-0.0530,0.0000,-178.62,9.04596e-05,0.000404256,1,1790510772.868952
1790510772.836838,2,1.7559,-0.0656,0.0000,-178.55,6.77202e-05,0.000443324,1,1790510773.882759
1790510773.870164,2,1.3679,-0.0787,0.0000,-178.32,8.08008e-05,0.000499601,1,1790510774.790764
1790510774.870171,2,0.9880,-0.0925,0.0000,-178.10,0.000126092,0.000521299,1,1790510775.841673
1790510775.870173,2,0.6184,-0.1045,0.0000,-177.88,0.00010128,0.00052962,1,1790510776.985467
1790510776.903518,2,0.3763,-0.1147,0.0000,-177.95,9.33325e-05,0.000783622,1,1790510777.886067
1790510777.936840,2,0.3839,-0.1143,0.0000,-177.97,9.33325e-05,0.000783622,1,1790510778.772120
1790510778.970171,2,0.3848,-0.1143,0.0000,-177.97,9.33325e-05,0.000783622,1,1790510779.781822
1790510779.970180,2,0.3834,-0.1143,0.0000,-177.96,9.33325e-05,0.000783622,1,1790510780.771139
1790510780.970205,2,0.3762,-0.1158,0.0000,-169.45,0.00109333,0.00178362,1,1790510781.932109
1790510782.003534,2,0.3873,-0.1590,0.0000,-148.89,0.000125352,0.00101797,1,1790510782.782628
1790510783.003538,2,0.3706,-0.1739,0.0000,-128.88,0.00112535,0.00201797,1,1790510783.969280
1790510784.070211,2,0.3961,-0.2381,0.0000,-106.87,0.000388151,0.00183167,1,1790510785.240469
1790510785.070223,2,0.3953,-0.2711,0.0000,-85.23,0.00138815,0.00283167,1,1790510786.181588
1790510786.103547,2,0.4581,-0.3824,0.0000,-60.88,0.00238815,0.00383167,1,1790510786.913946
1790510787.103561,2,0.4160,-0.3302,0.0000,-33.49,0.00178357,0.000892929,1,1790510788.034499
1790510788.136886,2,0.4135,-0.2913,0.0000,-4.85,0.00142489,0.000519406,1,1790510789.426711
1790510789.170247,2,0.4193,-0.2910,0.0000,-2.43,0.00142489,0.000519406,1,1790510790.207143
1790510790.203584,2,0.4184,-0.2909,0.0000,-2.45,0.00142489,0.000519406,1,1790510791.160627
1790510791.236909,2,0.4171,-0.2909,0.0000,-2.46,0.00142489,0.000519406,1,1790510792.194621
1790510792.303582,2,0.4185,-0.2909,0.0000,-2.46,0.00142489,0.000519406,1,1790510793.234831
1790510793.336911,2,0.4723,-0.2577,0.0000,-2.38,0.000774618,0.000466552,1,1790510794.627441
1790510794.336928,2,0.7524,-0.2636,0.0000,-2.07,0.000787617,0.000408004,1,1790510795.769010
1790510795.403595,2,1.0957,-0.2701,0.0000,-1.91,0.000906724,0.000452728,1,1790510796.852099
1790510796.436919,2,1.4361,-0.2744,0.0000,-1.75,0.000988376,0.000484505,1,1790510797.836010
1790510797.436939,2,1.5367,-0.2784,0.0000,-1.62,0.00125498,0.000812954,1,1790510798.666879
1790510798.436947,2,1.5376,-0.2784,0.0000,-1.62,0.00125498,0.000812954,1,1790510799.409518
1790510799.470287,2,1.5129,-0.2827,0.0000,-10.11,0.000846126,0.000624593,1,1790510800.561825
1790510800.536944,2,1.4045,-0.2637,0.0000,-10.61,0.0010235,0.000476556,1,1790510801.650576
1790510801.570277,2,1.1553,-0.2186,0.0000,-10.70,0.00131394,0.000521851,1,1790510802.704792
1790510802.603616,2,0.9061,-0.1720,0.0000,-10.83,0.00144892,0.000515832,1,1790510803.740310
1790510803.636964,2,0.6639,-0.1261,0.0000,-10.97,0.00144122,0.000398339,1,1790510804.894503
1790510804.636967,2,0.4293,-0.0827,0.0000,-10.78,0.00100113,0.00040604,1,1790510806.016367
1790510805.703639,2,0.2990,-0.0630,0.0000,-3.23,0.0010742,0.000495502,1,1790510807.195773
1790510806.703641,2,0.1422,-0.0484,0.0000,-3.16,0.000514158,0.000450813,1,1790510808.317668
1790510807.870313,2,0.0165,-0.0410,0.0000,-3.09,0.000301405,0.000485544,1,1790510809.452965
1790510809.003644,2,0.0209,-0.0412,0.0000,-2.15,0.000301405,0.000485544,1,1790510810.227517
1790510810.003651,2,0.0237,-0.0410,0.0000,-1.44,0.000301405,0.000485544,1,1790510811.005893
1790510811.036980,2,0.0251,-0.0410,0.0000,-1.45,0.000301405,0.000485544,1,1790510811.994071
1790510812.037007,2,0.0245,-0.0410,0.0000,-1.44,0.000301405,0.000485544,1,1790510813.004490
1790510813.070333,2,0.0230,-0.0410,0.0000,-1.43,0.000301405,0.000485544,1,1790510814.002992
1790510814.070335,2,0.0228,-0.0410,0.0000,-1.44,0.000301405,0.000485544,1,1790510815.017657
1790510815.137003,2,0.0229,-0.0410,0.0000,-1.43,0.000301405,0.000485544,1,1790510816.046053
1790510816.170365,2,0.0233,-0.0410,0.0000,-1.41,0.000301405,0.000485544,1,1790510817.109968
1790510817.237025,2,0.0235,-0.0410,0.0000,-1.40,0.000301405,0.000485544,1,1790510818.157661
1790510818.270402,2,0.0242,-0.0411,0.0000,-1.40,0.000301405,0.000485544,1,1790510819.219846
1790510819.337018,2,0.0254,-0.0411,0.0000,-1.40,0.000301405,0.000485544,1,1790510820.267892
1790510820.403682,2,0.0235,-0.0411,0.0000,-1.39,0.000301405,0.000485544,1,1790510821.344215
1790510821.437040,2,0.0252,-0.0411,0.0000,-1.40,0.000301405,0.000485544,1,1790510822.359843
1790510822.437048,2,0.0260,-0.0411,0.0000,-1.39,0.000301405,0.000485544,1,1790510823.436485
1790510823.437050,2,0.0262,-0.0411,0.0000,-1.37,0.000301405,0.000485544,1,1790510824.380498
1790510824.470366,2,0.0273,-0.0412,0.0000,-1.37,0.000301405,0.000485544,1,1790510825.406404
1790510825.470390,2,0.0284,-0.0412,0.0000,-1.35,0.000301405,0.000485544,1,1790510826.387865
1790510826.470395,2,0.0279,-0.0412,0.0000,-1.36,0.000301405,0.000485544,1,1790510827.400686
1790510827.503789,2,0.0293,-0.0412,0.0000,-1.37,0.000301405,0.000485544,1,1790510828.463898
1790510828.537102,2,0.0285,-0.0412,0.0000,-1.38,0.000301405,0.000485544,1,1790510829.485049
1790510829.603720,2,0.0284,-0.0412,0.0000,-1.38,0.000301405,0.000485544,1,1790510830.546678
1790510830.603748,2,0.0294,-0.0412,0.0000,-1.37,0.000301405,0.000485544,1,1790510831.580773
1790510831.637077,2,0.0287,-0.0412,0.0000,-1.37,0.000301405,0.000485544,1,1790510832.604743
1790510832.670414,2,0.0291,-0.0412,0.0000,-1.38,0.000301405,0.000485544,1,1790510833.588648
1790510833.737076,2,0.0284,-0.0412,0.0000,-1.37,0.000301405,0.000485544,1,1790510834.683208
1790510834.737096,2,0.0284,-0.0412,0.0000,-1.38,0.000301405,0.000485544,1,1790510835.701941
1790510835.770429,2,0.0302,-0.0412,0.0000,-1.38,0.000301405,0.000485544,1,1790510836.696844
1790510836.770439,2,0.0305,-0.0412,0.0000,-1.38,0.000301405,0.000485544,1,1790510837.666065
1790510837.803765,2,0.0306,-0.0412,0.0000,-1.37,0.000301405,0.000485544,1,1790510838.772757
1790510838.803805,2,0.0303,-0.0412,0.0000,-1.38,0.000301405,0.000485544,1,1790510839.749547
1790510839.837125,2,0.0312,-0.0413,0.0000,-1.38,0.000301405,0.000485544,1,1790510840.782806
1790510840.837125,2,0.0322,-0.0413,0.0000,-1.38,0.000301405,0.000485544,1,1790510841.767420
1790510841.837126,2,0.0316,-0.0413,0.0000,-1.38,0.000301405,0.000485544,1,1790510842.814938
1790510842.870458,2,0.0331,-0.0413,0.0000,-1.39,0.000301405,0.000485544,1,1790510843.819674
1790510843.870476,2,0.0332,-0.0413,0.0000,-1.39,0.000301405,0.000485544,1,1790510844.821112
1790510844.903818,2,0.0322,-0.0412,0.0000,-1.40,0.000301405,0.000485544,1,1790510845.863681
1790510845.970488,2,0.0317,-0.0412,0.0000,-1.40,0.000301405,0.000485544,1,1790510847.002160
1790510847.003822,2,0.0315,-0.0412,0.0000,-1.41,0.000301405,0.000485544,1,1790510847.952720
1790510848.003830,2,0.0319,-0.0412,0.0000,-1.43,0.000301405,0.000485544,1,1790510848.946938
1790510849.003830,2,0.0312,-0.0412,0.0000,-1.44,0.000301405,0.000485544,1,1790510849.957959
1790510850.037166,2,0.0309,-0.0412,0.0000,-1.44,0.000301405,0.000485544,1,1790510850.999940
1790510851.103830,2,0.0305,-0.0412,0.0000,-1.44,0.000301405,0.000485544,1,1790510852.059506
1790510852.137173,2,0.0304,-0.0412,0.0000,-1.44,0.000301405,0.000485544,1,1790510853.077955
1790510853.137192,2,0.0318,-0.0412,0.0000,-1.44,0.000301405,0.000485544,1,1790510854.081449
1790510854.237180,2,0.0317,-0.0412,0.0000,-1.44,0.000301405,0.000485544,1,1790510855.156733
1790510855.303851,2,0.0325,-0.0413,0.0000,-1.44,0.000301405,0.000485544,1,1790510856.208848
1790510856.303854,2,0.0324,-0.0413,0.0000,-1.43,0.000301405,0.000485544,1,1790510857.260674
1790510857.337209,2,0.0329,-0.0413,0.0000,-1.42,0.000301405,0.000485544,1,1790510858.271188
1790510858.403866,2,0.0323,-0.0413,0.0000,-1.43,0.000301405,0.000485544,1,1790510859.354369
1790510859.437204,2,0.0326,-0.0413,0.0000,-1.43,0.000301405,0.000485544,1,1790510860.370983
1790510860.437211,2,0.0325,-0.0413,0.0000,-1.43,0.000301405,0.000485544,1,1790510861.395354
1790510861.437226,2,0.0331,-0.0413,0.0000,-1.44,0.000301405,0.000485544,1,1790510862.411797
1790510862.470565,2,0.0327,-0.0413,0.0000,-1.43,0.000301405,0.000485544,1,1790510863.407330
1790510863.503896,2,0.0332,-0.0413,0.0000,-1.43,0.000301405,0.000485544,1,1790510864.428034
1790510864.537234,2,0.0338,-0.0413,0.0000,-1.43,0.000301405,0.000485544,1,1790510865.497640
1790510865.603890,2,0.0329,-0.0413,0.0000,-1.43,0.000301405,0.000485544,1,1790510866.511443
1790510866.637244,2,0.0330,-0.0413,0.0000,-1.42,0.000301405,0.000485544,1,1790510867.536145
1790510867.637248,2,0.0326,-0.0413,0.0000,-1.42,0.000301405,0.000485544,1,1790510868.556984
1790510868.637249,2,0.0317,-0.0413,0.0000,-1.41,0.000301405,0.000485544,1,1790510869.562841
1790510869.637255,2,0.0315,-0.0412,0.0000,-1.43,0.000301405,0.000485544,1,1790510870.607060
1790510870.670602,2,0.0318,-0.0413,0.0000,-1.43,0.000301405,0.000485544,1,1790510871.591179
1790510871.670606,2,0.0319,-0.0413,0.0000,-1.43,0.000301405,0.000485544,1,1790510872.660388
