t_epoch,start,s_since_start,ref_id,loop_id,prox_id,kind,inliers,score,score_node,rejected_id,total_ms,map_x,map_y,map_yaw_deg,cov_xx,localised
1790509178.195844,1,14.4,1576,0,0,,0,0.081495,1490,0,627.5,,,,,
1790509188.595930,1,24.8,1577,0,0,,0,0.081495,1490,0,490.6,0.0040,-0.0312,-3.06,0.00151875,1
1790509189.662572,1,25.9,1578,0,0,,0,0.081495,1490,0,514.5,0.0034,-0.0312,-3.06,0.00151875,1
1790509190.695901,1,26.9,1579,0,0,,0,0.081495,1490,0,514.0,0.0046,-0.0312,-3.06,0.00151875,1
1790509191.695905,1,27.9,1580,0,0,,0,0.081495,1490,0,515.6,0.0037,-0.0312,-3.06,0.00151875,1
1790509192.695906,1,28.9,1581,0,0,,0,0.081495,1490,0,494.6,0.0035,-0.0312,-3.05,0.00151875,1
1790509193.729349,1,30.0,1582,0,0,,0,0.081495,1490,0,529.6,0.0039,-0.0312,-3.05,0.00151875,1
1790509194.795932,1,31.0,1583,0,0,,0,0.081495,1490,0,520.0,0.0031,-0.0311,-3.05,0.00151875,1
1790509195.795977,1,32.0,1584,0,0,,0,0.081495,1490,0,535.5,0.0041,-0.0312,-3.05,0.00151875,1
1790509196.895929,1,33.1,1585,0,0,,0,0.081495,1490,0,569.7,0.0042,-0.0312,-3.04,0.00151875,1
1790509197.929306,1,34.2,1586,0,0,,0,0.081495,1490,0,512.6,0.0041,-0.0312,-3.04,0.00151875,1
1790509200.695999,1,36.9,1587,0,0,,0,0.081495,1490,0,534.2,0.0050,-0.0312,-3.03,0.00151875,1
1790509201.729296,1,38.0,1588,0,0,,0,0.081495,1490,0,506.5,0.0048,-0.0312,-3.04,0.00151875,1
1790509202.762625,1,39.0,1589,0,0,,0,0.081495,1490,0,524.6,0.0049,-0.0312,-3.03,0.00151875,1
1790509203.762653,1,40.0,1590,0,0,,0,0.081495,1490,0,534.8,0.0057,-0.0313,-3.03,0.00151875,1
1790509204.795988,1,41.0,1591,0,0,,0,0.081495,1490,0,554.7,0.0061,-0.0313,-3.02,0.00151875,1
1790509205.829315,1,42.1,1592,0,0,,0,0.081495,1490,0,499.9,0.0053,-0.0313,-3.02,0.00151875,1
1790509206.895977,1,43.1,1593,0,0,,0,0.081495,1490,0,504.3,0.0059,-0.0313,-3.03,0.00151875,1
1790509207.895996,1,44.1,1594,0,0,,0,0.081495,1490,0,500.9,0.0060,-0.0313,-3.03,0.00151875,1
1790509208.929324,1,45.2,1595,0,0,,0,0.081495,1490,0,502.8,0.0066,-0.0313,-3.04,0.00151875,1
1790509209.962649,1,46.2,1596,0,0,,0,0.081495,1490,0,506.9,0.0072,-0.0314,-3.03,0.00151875,1
1790509210.995989,1,47.2,1597,0,0,,0,0.081495,1490,0,549.2,0.0071,-0.0314,-3.03,0.00151875,1
1790509211.995997,1,48.2,1598,0,0,,0,0.081495,1490,0,503.4,0.0059,-0.0313,-3.03,0.00151875,1
1790509212.996034,1,49.2,1599,0,0,,0,0.081495,1490,0,519.3,0.0062,-0.0313,-3.03,0.00151875,1
1790509214.096011,1,50.3,1600,0,0,,0,0.081495,1490,0,504.5,0.0045,-0.0312,-3.03,0.00151875,1
1790509215.096017,1,51.3,1601,0,0,,0,0.081495,1490,0,514.9,0.0033,-0.0312,-3.03,0.00151875,1
1790509216.096018,1,52.3,1602,0,0,,0,0.081495,1490,0,527.8,0.0031,-0.0311,-3.02,0.00151875,1
1790509217.129361,1,53.4,1603,0,0,,0,0.081495,1490,0,505.0,0.0027,-0.0311,-3.02,0.00151875,1
1790509218.129372,1,54.4,1604,0,0,,0,0.081495,1490,0,499.5,0.0031,-0.0311,-3.03,0.00151875,1
1790509219.162718,1,55.4,1605,0,0,,0,0.081495,1490,0,517.3,0.0028,-0.0311,-3.02,0.00151875,1
1790509220.162730,1,56.4,1606,0,0,,0,0.081495,1490,0,531.8,0.0028,-0.0311,-3.01,0.00151875,1
1790509221.262704,1,57.5,1607,0,0,,0,0.081495,1490,0,511.4,0.0029,-0.0311,-3.01,0.00151875,1
1790509222.262727,1,58.5,1608,0,0,,0,0.081495,1490,0,518.8,0.0010,-0.0310,-3.02,0.00151875,1
1790509223.296071,1,59.5,1609,0,0,,0,0.081495,1490,0,527.3,0.0009,-0.0310,-3.03,0.00151875,1
1790509224.329403,1,60.6,1610,0,0,,0,0.081495,1490,0,563.1,-0.0001,-0.0310,-3.03,0.00151875,1
1790509225.362740,1,61.6,1611,0,0,,0,0.081495,1490,0,504.2,0.0015,-0.0311,-3.02,0.00151875,1
1790509226.429391,1,62.7,1612,0,0,,0,0.081495,1490,0,507.6,-0.0000,-0.0310,-3.01,0.00151875,1
1790509227.429421,1,63.7,1613,0,0,,0,0.081495,1490,0,509.7,-0.0004,-0.0310,-3.01,0.00151875,1
1790509228.462765,1,64.7,1614,0,0,,0,0.081495,1490,0,521.5,0.0003,-0.0310,-3.00,0.00151875,1
1790509229.496071,1,65.7,1615,0,0,,0,0.081495,1490,0,492.6,-0.0008,-0.0309,-3.01,0.00151875,1
1790509230.496081,1,66.7,1616,0,0,,0,0.081495,1490,0,535.7,-0.0001,-0.0310,-3.02,0.00151875,1
1790509231.529409,1,67.8,1617,0,0,,0,0.081495,1490,0,524.3,0.0006,-0.0310,-3.01,0.00151875,1
1790509232.562763,1,68.8,1618,0,0,,0,0.081495,1490,0,516.4,0.0005,-0.0310,-3.02,0.00151875,1
1790509233.562768,1,69.8,1619,0,0,,0,0.081495,1490,0,505.9,0.0015,-0.0311,-3.02,0.00151875,1
1790509234.562783,1,70.8,1620,0,0,,0,0.081495,1490,0,484.1,0.0007,-0.0310,-3.03,0.00151875,1
1790509238.996137,1,75.2,1621,0,0,,0,0.081495,1490,0,516.7,0.0007,-0.0310,-3.02,0.00151875,1
1790509240.029484,1,76.3,1622,0,0,,0,0.081495,1490,0,518.1,0.0005,-0.0310,-3.03,0.00151875,1
1790509241.062795,1,77.3,1623,0,0,,0,0.081495,1490,0,501.0,0.0003,-0.0310,-3.02,0.00151875,1
1790509242.096161,1,78.3,1624,0,0,,0,0.081495,1490,0,521.0,0.0003,-0.0310,-3.02,0.00151875,1
1790509243.162814,1,79.4,1625,0,0,,0,0.081495,1490,0,499.2,0.0002,-0.0310,-3.01,0.00151875,1
1790509244.162816,1,80.4,1626,0,0,,0,0.081495,1490,0,514.9,-0.0002,-0.0310,-3.01,0.00151875,1
1790509247.429518,1,83.7,1627,0,0,,0,0.081495,1490,0,506.7,0.0001,-0.0310,-2.99,0.00151875,1
1790509248.462865,1,84.7,1628,0,0,,0,0.081495,1490,0,501.0,0.0002,-0.0310,-3.00,0.00151875,1
1790509249.529508,1,85.8,1629,0,0,,0,0.081495,1490,0,501.5,0.0013,-0.0311,-3.00,0.00151875,1
1790509250.562826,1,86.8,1630,0,0,,0,0.081495,1490,0,528.1,0.0023,-0.0311,-2.99,0.00151875,1
1790509251.562860,1,87.8,1631,0,0,,0,0.081495,1490,0,461.7,0.0025,-0.0311,-2.99,0.00151875,1
1790509252.629530,1,88.9,1632,0,0,,0,0.081495,1490,0,455.4,0.0013,-0.0310,-2.99,0.00151875,1
1790509254.896189,1,91.1,1633,0,0,,0,0.081495,1490,0,472.8,0.0004,-0.0310,-2.97,0.00151875,1
1790509255.896201,1,92.1,1634,0,0,,0,0.081495,1490,0,463.9,0.0004,-0.0310,-2.97,0.00151875,1
1790509256.929544,1,93.2,1635,0,0,,0,0.081495,1490,0,472.4,-0.0003,-0.0310,-2.97,0.00151875,1
1790509257.962882,1,94.2,1636,0,0,,0,0.081495,1490,0,472.7,0.0016,-0.0311,-2.96,0.00151875,1
1790509258.962886,1,95.2,1637,0,0,,0,0.081495,1490,0,475.8,0.0026,-0.0311,-2.95,0.00151875,1
1790509262.162958,1,98.4,1638,0,0,,0,0.081495,1490,0,472.8,0.0027,-0.0311,-2.99,0.00151875,1
1790509263.196239,1,99.4,1639,0,0,,0,0.081495,1490,0,501.9,0.0029,-0.0311,-2.99,0.00151875,1
1790509264.229566,1,100.5,1640,0,0,,0,0.081495,1490,0,460.8,0.0029,-0.0311,-2.99,0.00151875,1
1790509265.262897,1,101.5,1641,0,0,,0,0.081495,1490,0,487.3,0.0024,-0.0311,-2.99,0.00151875,1
1790509266.262925,1,102.5,1642,0,0,,0,0.081495,1490,0,495.2,0.0024,-0.0311,-2.99,0.00151875,1
1790509269.562932,1,105.8,1643,0,0,,0,0.081495,1490,0,475.5,0.0025,-0.0311,-2.97,0.00151875,1
1790509270.596255,1,106.8,1644,0,0,,0,0.081495,1490,0,475.4,0.0031,-0.0311,-2.98,0.00151875,1
1790509271.596276,1,107.8,1645,0,0,,0,0.081495,1490,0,453.1,0.0056,-0.0313,-2.98,0.00151875,1
1790509272.629611,1,108.9,1646,0,0,,0,0.081495,1490,0,481.0,0.0050,-0.0312,-2.98,0.00151875,1
1790509273.696283,1,109.9,1647,0,0,,0,0.081495,1490,0,469.4,0.0054,-0.0313,-2.98,0.00151875,1
1790509283.596317,1,119.8,1648,0,0,,0,0.081495,1490,0,479.9,0.0048,-0.0312,-3.16,0.00151875,1
1790509284.662982,1,120.9,1649,0,0,,0,0.081495,1490,0,465.4,0.0050,-0.0312,-3.15,0.00151875,1
1790509285.662988,1,121.9,1650,0,0,,0,0.081495,1490,0,479.4,0.0054,-0.0313,-3.16,0.00151875,1
1790509286.696329,1,122.9,1651,0,0,,0,0.081495,1490,0,467.3,0.0042,-0.0312,-3.16,0.00151875,1
1790509287.696335,1,123.9,1652,0,0,,0,0.081495,1490,0,481.0,0.0060,-0.0313,-3.16,0.00151875,1
1790509288.763000,1,125.0,1653,0,0,,0,0.081495,1490,0,488.2,0.0072,-0.0314,-3.15,0.00151875,1
1790509289.796338,1,126.0,1654,0,0,,0,0.081495,1490,0,454.2,0.0058,-0.0313,-3.14,0.00151875,1
1790509292.896370,1,129.1,1655,0,0,,0,0.081495,1490,0,501.5,0.0066,-0.0313,-3.14,0.00151875,1
1790509293.963014,1,130.2,1656,0,0,,0,0.081495,1490,0,485.1,0.0071,-0.0314,-3.15,0.00151875,1
1790509294.963034,1,131.2,1657,0,0,,0,0.081495,1490,0,462.8,0.0066,-0.0313,-3.15,0.00151875,1
1790509296.029709,1,132.3,1658,0,0,,0,0.081495,1490,0,469.5,0.0067,-0.0313,-3.14,0.00151875,1
1790509297.096367,1,133.3,1659,0,0,,0,0.081495,1490,0,478.1,0.0069,-0.0314,-3.15,0.00151875,1
1790509298.196377,1,134.4,1660,0,0,,0,0.081495,1490,0,445.3,0.0073,-0.0314,-3.16,0.00151875,1
1790509300.296395,1,136.5,1661,0,0,,0,0.081495,1490,0,480.2,0.0070,-0.0314,-3.13,0.00151875,1
1790509301.363063,1,137.6,1662,0,0,,0,0.081495,1490,0,476.9,0.0063,-0.0313,-3.13,0.00151875,1
1790509302.396376,1,138.6,1663,0,0,,0,0.081495,1490,0,477.2,0.0058,-0.0313,-3.13,0.00151875,1
1790509303.396410,1,139.6,1664,0,0,,0,0.081495,1490,0,448.9,0.0047,-0.0312,-3.12,0.00151875,1
1790509307.763088,1,144.0,1665,0,0,,0,0.081495,1490,0,463.2,0.0048,-0.0312,-3.12,0.00151875,1
1790509315.263119,1,151.5,1666,0,0,,0,0.081495,1490,0,488.1,0.0053,-0.0313,-3.08,0.00151875,1
1790509316.329779,1,152.6,1667,0,0,,0,0.081495,1490,0,458.6,0.0050,-0.0313,-3.07,0.00151875,1
1790509317.329783,1,153.6,1668,0,0,,0,0.081495,1490,0,463.4,0.0052,-0.0313,-3.07,0.00151875,1
1790509318.396439,1,154.6,1669,0,0,,0,0.081495,1490,0,477.0,0.0065,-0.0313,-3.07,0.00151875,1
1790509319.429793,1,155.7,1670,0,0,,0,0.081495,1490,0,495.4,0.0075,-0.0314,-3.08,0.00151875,1
1790509322.463134,1,158.7,1671,0,0,,0,0.081495,1490,0,470.4,0.0078,-0.0314,-3.08,0.00151875,1
1790509323.463137,1,159.7,1672,0,0,,0,0.081495,1490,0,472.4,0.0088,-0.0315,-3.08,0.00151875,1
1790509324.463147,1,160.7,1673,0,0,,0,0.081495,1490,0,476.3,0.0097,-0.0315,-3.08,0.00151875,1
1790509325.496486,1,161.7,1674,0,0,,0,0.081495,1490,0,474.6,0.0086,-0.0315,-3.07,0.00151875,1
1790509326.496487,1,162.7,1675,0,0,,0,0.081495,1490,0,472.0,0.0091,-0.0315,-3.07,0.00151875,1
1790509327.563143,1,163.8,1676,0,0,,0,0.081495,1490,0,448.9,0.0096,-0.0315,-3.07,0.00151875,1
1790509329.796531,1,166.0,1677,0,0,,0,0.081495,1490,0,471.3,0.0090,-0.0315,-3.08,0.00151875,1
1790509330.829838,1,167.1,1678,0,0,,0,0.081495,1490,0,488.9,0.0089,-0.0315,-3.07,0.00151875,1
1790509331.829840,1,168.1,1679,0,0,,0,0.081495,1490,0,489.7,0.0090,-0.0315,-3.06,0.00151875,1
1790509333.396507,1,169.6,1680,0,0,,0,0.081495,1490,0,496.5,0.0087,-0.0315,-3.07,0.00151875,1
1790509334.396533,1,170.6,1681,0,0,,0,0.081495,1490,0,479.8,0.0088,-0.0315,-3.06,0.00151875,1
1790509335.463183,1,171.7,1682,0,0,,0,0.081495,1490,0,497.5,0.0096,-0.0315,-3.06,0.00151875,1
1790509336.496525,1,172.7,1683,0,0,,0,0.081495,1490,0,482.2,0.0094,-0.0315,-3.06,0.00151875,1
1790509337.563190,1,173.8,1684,0,0,,0,0.081495,1490,0,459.4,0.0090,-0.0315,-3.07,0.00151875,1
1790509344.563241,1,180.8,1685,0,0,,0,0.081495,1490,0,465.5,0.0090,-0.0315,-3.03,0.00151875,1
1790509345.629895,1,181.9,1686,0,0,,0,0.081495,1490,0,481.3,0.0098,-0.0315,-3.07,0.00151875,1
1790509346.696558,1,182.9,1687,0,0,,0,0.081495,1490,0,471.7,0.0086,-0.0314,-3.07,0.00151875,1
1790509347.696567,1,183.9,1688,0,0,,0,0.081495,1490,0,481.4,0.0094,-0.0315,-3.09,0.00151875,1
1790509348.729908,1,185.0,1689,0,0,,0,0.081495,1490,0,490.3,0.0096,-0.0315,-3.10,0.00151875,1
1790509349.729916,1,186.0,1690,0,0,,0,0.081495,1490,0,438.0,0.0104,-0.0315,-3.09,0.00151875,1
1790509352.063245,1,188.3,1691,0,0,,0,0.081495,1490,0,465.2,0.0096,-0.0315,-3.09,0.00151875,1
1790509353.063268,1,189.3,1692,0,0,,0,0.081495,1490,0,475.5,0.0094,-0.0315,-3.09,0.00151875,1
1790509354.063282,1,190.3,1693,0,0,,0,0.081495,1490,0,486.3,0.0114,-0.0316,-3.09,0.00151875,1
1790509355.096618,1,191.3,1694,0,0,,0,0.081495,1490,0,476.9,0.0117,-0.0316,-3.09,0.00151875,1
1790509356.163273,1,192.4,1695,0,0,,0,0.081495,1490,0,476.6,0.0118,-0.0316,-3.09,0.00151875,1
1790509359.696656,1,195.9,1696,0,0,,0,0.081495,1490,0,518.5,0.0118,-0.0316,-3.09,0.00151875,1
1790509389.996743,1,226.2,1559,0,0,,0,0.044737,140,0,560.2,40.0000,40.0000,90.00,9999,0
1790509391.696777,1,227.9,1560,0,0,,0,0.037541,1498,0,567.5,40.0000,39.9993,89.98,9999,0
1790509392.763448,2,0.4,1561,0,0,,97,0.06389,138,1,634.5,40.0000,39.9995,89.97,9999,0
1790509393.796756,2,1.4,1562,0,0,,0,0.048311,471,0,585.8,40.0000,39.9986,89.97,9999,0
1790509394.830100,2,2.4,1563,0,0,,0,0.049193,1500,0,593.0,40.0000,39.9986,89.97,9999,0
1790509395.896746,2,3.5,1564,0,0,,0,0.059851,138,0,587.7,40.0000,39.9987,89.97,9999,0
1790509396.896761,2,4.5,1565,0,0,,0,0.048467,552,0,648.5,40.0000,39.9984,89.96,9999,0
1790509397.930098,2,5.5,1566,0,0,,0,0.040101,1498,0,621.2,40.0000,39.9976,89.96,9999,0
1790509398.930100,2,6.5,1567,0,0,,0,0.039114,140,0,615.7,40.0000,39.9971,89.97,9999,0
1790509399.963437,2,7.6,1568,0,0,,0,0.053907,489,0,595.7,40.0000,39.9974,89.97,9999,0
1790509400.963466,2,8.6,1569,0,0,,0,0.060903,488,0,622.4,40.0000,39.9971,89.97,9999,0
1790509401.996780,2,9.6,1570,0,0,,0,0.048958,492,0,621.5,40.0000,39.9973,89.97,9999,0
1790509403.063468,2,10.7,1571,0,0,,0,0.054679,138,0,602.7,40.0000,39.9968,89.98,9999,0
1790509404.096783,2,11.7,1572,0,0,,0,0.055568,489,0,638.0,40.0000,39.9978,89.98,9999,0
1790509405.096784,2,12.7,1573,0,0,,0,0.050048,138,0,611.0,40.0000,39.9981,89.98,9999,0
1790509406.130141,2,13.7,1574,0,0,,0,0.048373,458,0,643.8,40.0000,39.9982,89.98,9999,0
1790509407.163527,2,14.8,1575,0,0,,0,0.037418,1498,0,635.8,40.0000,39.9982,89.99,9999,0
1790509408.196829,2,15.8,1576,0,0,,0,0.046902,471,0,634.3,40.0000,39.9981,90.01,9999,0
1790509409.263478,2,16.9,1577,0,0,,0,0.045629,138,0,618.2,40.0000,39.9983,90.02,9999,0
1790509410.296794,2,17.9,1578,0,0,,0,0.045973,1498,0,635.7,40.0000,39.9984,90.02,9999,0
1790509411.330149,2,18.9,1579,0,0,,0,0.057181,138,0,633.7,40.0000,39.9989,90.02,9999,0
1790509412.363490,2,20.0,1580,0,0,,0,0.050675,489,0,714.3,40.0000,39.9992,90.02,9999,0
1790509413.396808,2,21.0,1581,0,0,,0,0.047917,138,0,635.3,40.0000,39.9991,90.02,9999,0
1790509414.396814,2,22.0,1582,0,0,,0,0.046287,1491,0,627.1,40.0000,39.9996,90.03,9999,0
1790509415.463506,2,23.1,1583,0,0,,0,0.037485,1490,0,609.3,40.0000,39.9995,90.02,9999,0
1790509416.496829,2,24.1,1584,0,0,,0,0.034857,1,0,649.2,40.0000,39.9997,90.02,9999,0
1790509417.530157,2,25.1,1585,0,0,,0,0.048285,1,0,648.2,40.0000,39.9997,90.02,9999,0
1790509418.530168,2,26.1,1586,0,0,,0,0.052465,1498,0,621.1,40.0000,39.9994,90.02,9999,0
1790509419.563503,2,27.2,1587,0,0,,0,0.046521,1491,0,616.6,40.0000,39.9993,90.03,9999,0
1790509420.563521,2,28.2,1588,0,0,,0,0.047528,140,0,634.7,40.0000,39.9991,90.02,9999,0
1790509421.596844,2,29.2,1589,0,0,,0,0.053653,471,0,645.6,40.0000,39.9991,90.01,9999,0
1790509422.596849,2,30.2,1590,0,0,,0,0.052081,458,0,649.3,40.0000,39.9993,90.01,9999,0
1790509423.630187,2,31.2,1591,0,0,,0,0.057006,141,0,616.4,40.0000,39.9993,90.01,9999,0
1790509424.663514,2,32.3,1592,0,0,,0,0.04953,1498,0,634.7,40.0000,39.9991,90.01,9999,0
1790509425.663531,2,33.3,1593,0,0,,0,0.053292,1500,0,600.1,40.0000,39.9994,90.01,9999,0
1790509430.563561,2,38.2,1594,0,0,,0,0.055474,1,0,601.7,40.0000,39.9985,89.84,9999,0
1790509431.598020,2,39.2,1595,0,0,,0,0.05059,471,0,663.4,40.0000,40.0023,89.97,9999,0
1790509432.663567,2,40.3,1596,0,0,,0,0.046858,457,0,600.1,40.0000,40.0018,89.96,9999,0
1790509433.730209,2,41.3,1597,0,0,,0,0.043061,458,0,630.3,40.0000,40.0021,89.97,9999,0
1790509434.763565,2,42.4,1598,0,0,,0,0.051959,140,0,645.4,40.0000,40.0018,89.96,9999,0
1790509435.796899,2,43.4,1599,0,0,,0,0.051527,1491,0,649.5,40.0000,40.0021,89.96,9999,0
1790509436.796908,2,44.4,1600,0,0,,0,0.050274,1498,0,655.6,40.0000,40.0025,89.96,9999,0
1790509437.830226,2,45.4,1601,0,0,,0,0.036524,1498,0,636.6,40.0000,40.0016,89.97,9999,0
1790509438.830235,2,46.4,1602,0,0,,0,0.037561,138,0,630.5,40.0000,40.0025,89.96,9999,0
1790509439.830251,2,47.4,1603,0,0,,0,0.05283,488,0,635.7,40.0000,40.0018,89.96,9999,0
1790509440.930241,2,48.5,1604,0,0,,0,0.051144,488,0,626.1,40.0000,40.0009,89.97,9999,0
1790509441.963579,2,49.6,1605,0,0,,0,0.040916,488,0,622.0,40.0000,40.0009,89.96,9999,0
1790509442.963590,2,50.6,1606,0,0,,0,0.048579,1,0,639.3,40.0000,40.0016,89.96,9999,0
1790509443.963595,2,51.6,1607,0,0,,0,0.042966,457,0,663.2,40.0000,40.0012,89.96,9999,0
1790509444.996929,2,52.6,1608,0,0,,0,0.035051,168,0,637.0,40.0000,40.0023,89.97,9999,0
1790509446.030271,2,53.6,1609,0,0,,0,0.041613,471,0,618.1,40.0000,40.0024,89.98,9999,0
1790509447.063594,2,54.7,1610,0,0,,0,0.051282,1,0,628.9,40.0000,40.0028,89.98,9999,0
1790509448.063609,2,55.7,1611,0,0,,0,0.056262,1499,0,598.7,40.0000,40.0033,89.98,9999,0
1790509449.130280,2,56.7,1612,0,0,,0,0.046879,1499,0,667.5,40.0000,40.0040,89.98,9999,0
1790509450.163629,2,57.8,1613,0,0,,0,0.033754,491,0,645.9,40.0000,40.0041,89.98,9999,0
1790509451.230288,2,58.8,1614,0,0,,0,0.034862,1347,0,653.1,40.0000,40.0043,89.97,9999,0
1790509452.296942,2,59.9,1615,0,0,,0,0.053559,141,0,639.3,40.0000,40.0038,89.97,9999,0
1790509453.330272,2,60.9,1616,0,0,,0,0.060268,151,0,674.9,40.0000,40.0030,89.96,9999,0
1790509454.330304,2,61.9,1617,0,0,,0,0.051428,471,0,654.1,40.0000,40.0038,89.97,9999,0
1790509455.330306,2,62.9,1618,0,0,,0,0.041315,1499,0,675.9,40.0000,40.0039,89.97,9999,0
1790509456.396971,2,64.0,1619,0,0,,0,0.040788,155,0,653.4,40.0000,40.0045,89.97,9999,0
1790509457.430290,2,65.0,1620,0,0,,0,0.061308,138,0,637.9,40.0000,40.0041,89.97,9999,0
1790509458.430298,2,66.0,1621,0,0,,0,0.05802,488,0,635.1,40.0000,40.0041,89.98,9999,0
1790509459.430308,2,67.0,1622,0,0,,0,0.047988,471,0,634.9,40.0000,40.0039,89.99,9999,0
1790509460.430310,2,68.0,1623,0,0,,0,0.052491,1,0,675.6,40.0000,40.0041,89.99,9999,0
1790509461.463658,2,69.1,1624,0,0,,0,0.043261,471,0,639.3,40.0000,40.0038,89.99,9999,0
1790509462.530322,2,70.1,1625,0,0,,0,0.056484,138,0,653.1,40.0000,40.0042,90.00,9999,0
1790509463.597011,2,71.2,1626,0,0,,0,0.047111,504,0,634.4,40.0000,40.0042,90.00,9999,0
1790509464.630325,2,72.2,1627,0,0,,0,0.065267,1,0,655.9,40.0000,40.0044,90.00,9999,0
1790509465.630333,2,73.2,1628,0,0,,0,0.055556,138,0,677.0,40.0000,40.0049,90.01,9999,0
1790509466.663665,2,74.3,1629,0,0,,0,0.064001,458,0,640.0,40.0000,40.0046,90.00,9999,0
1790509467.730324,2,75.3,1630,0,0,,0,0.068754,1,0,669.4,40.0000,40.0048,90.00,9999,0
1790509468.730346,2,76.3,1631,0,0,,0,0.052551,471,0,653.9,40.0000,40.0051,90.00,9999,0
1790509469.763682,2,77.4,1632,0,0,,0,0.051424,458,0,662.8,40.0000,40.0065,90.01,9999,0
1790509470.763685,2,78.4,1633,0,0,,0,0.060343,138,0,631.3,40.0000,40.0067,90.01,9999,0
1790509471.830347,2,79.4,1634,0,0,,0,0.046554,1499,0,661.3,40.0000,40.0064,90.01,9999,0
1790509472.863730,2,80.5,1635,0,0,,0,0.049539,471,0,636.0,40.0000,40.0061,90.01,9999,0
1790509473.930360,2,81.5,1636,0,0,,0,0.051401,138,0,633.3,40.0000,40.0062,90.00,9999,0
1790509474.963707,2,82.6,1637,0,0,,0,0.067425,1,0,648.2,40.0000,40.0059,90.01,9999,0
1790509476.030368,2,83.6,1638,0,0,,0,0.060125,138,0,637.5,40.0000,40.0062,90.00,9999,0
1790509477.097025,2,84.7,1639,0,0,,0,0.043855,471,0,653.3,40.0000,40.0064,90.00,9999,0
1790509478.097061,2,85.7,1640,0,0,,0,0.054249,140,0,659.6,40.0000,40.0062,90.00,9999,0
1790509479.197144,2,86.8,1641,0,0,,0,0.048721,1499,0,640.1,40.0000,40.0065,90.00,9999,0
1790509480.263717,2,87.9,1642,0,0,,0,0.049026,488,0,668.8,40.0000,40.0068,89.99,9999,0
1790509481.330374,2,88.9,1643,0,0,,0,0.049993,357,0,679.4,40.0000,40.0065,90.00,9999,0
1790509482.363708,2,90.0,1644,0,0,,0,0.04989,1498,0,651.6,40.0000,40.0071,90.00,9999,0
1790509483.363746,2,91.0,1645,0,0,,0,0.043653,140,0,641.1,40.0000,40.0061,89.98,9999,0
1790509484.397064,2,92.0,1646,0,0,,0,0.057695,138,0,653.7,40.0000,40.0059,89.97,9999,0
1790509485.463744,2,93.1,1647,0,0,,0,0.056468,1498,0,687.4,40.0000,40.0056,89.98,9999,0
1790509486.497069,2,94.1,1648,0,0,,0,0.054358,140,0,660.8,40.0000,40.0051,89.98,9999,0
1790509487.563734,2,95.2,1649,0,0,,0,0.049152,140,0,660.5,40.0000,40.0056,89.98,9999,0
1790509488.563747,2,96.2,1650,0,0,,0,0.044569,143,0,701.8,40.0000,40.0054,89.97,9999,0
1790509489.630415,2,97.2,1651,0,0,,0,0.040296,142,0,642.9,40.0000,40.0060,89.97,9999,0
1790509490.663749,2,98.3,1652,0,0,,0,0.044523,1,0,677.2,40.0000,40.0056,89.97,9999,0
1790509491.730407,2,99.3,1653,0,0,,0,0.058049,138,0,655.9,40.0000,40.0054,89.98,9999,0
1790509492.763766,2,100.4,1654,0,0,,0,0.051279,1498,0,641.6,40.0000,40.0055,89.99,9999,0
1790509493.830435,2,101.4,1655,0,0,,0,0.041916,458,0,689.4,40.0000,40.0121,89.97,9999,0
1790509494.863759,2,102.5,1656,0,0,,0,0.043708,488,0,675.2,40.0000,40.0807,89.99,9999,0
1790509495.930445,2,103.5,1657,0,0,,0,0.045483,471,0,716.1,40.0000,40.1549,90.03,9999,0
1790509496.997092,2,104.6,1658,0,0,,0,0.044859,492,0,666.8,40.0000,40.2299,90.05,9999,0
1790509498.030443,2,105.6,1659,0,0,,0,0.040289,1500,0,694.7,39.9999,40.2844,90.07,9999,0
1790509499.030458,2,106.6,1660,0,0,,0,0.051462,1498,0,714.3,39.9999,40.2840,90.05,9999,0
1790509500.063777,2,107.7,1661,0,0,,0,0.052336,1491,0,688.6,39.9999,40.2844,90.04,9999,0
1790509501.130435,2,108.7,1662,0,0,,0,0.052876,490,0,672.6,39.9999,40.2840,90.03,9999,0
1790509502.163787,2,109.8,1663,0,0,,0,0.043031,1498,0,693.1,39.9999,40.2842,90.05,9999,0
1790509503.197119,2,110.8,1664,0,0,,0,0.040133,173,0,743.0,39.9999,40.2842,90.05,9999,0
1790509504.197130,2,111.8,1665,0,0,,0,0.044914,488,0,652.9,39.9999,40.2840,90.05,9999,0
1790509505.230462,2,112.8,1666,0,0,,0,0.044371,1498,0,701.1,39.9999,40.2839,90.04,9999,0
1790509506.297121,2,113.9,1667,0,0,,0,0.044788,489,0,691.2,39.9999,40.2844,90.04,9999,0
1790509507.330479,2,114.9,1668,0,0,,0,0.046095,1491,0,660.3,39.9999,40.2846,90.04,9999,0
1790509508.363809,2,116.0,1669,0,0,,0,0.045197,140,0,746.2,39.9999,40.2842,90.03,9999,0
1790509509.430493,2,117.0,1670,0,0,,0,0.0439,1499,0,709.9,39.9999,40.2844,90.01,9999,0
1790509510.463829,2,118.1,1671,0,0,,0,0.031292,355,0,687.1,39.9999,40.2844,90.01,9999,0
1790509511.497158,2,119.1,1672,0,0,,0,0.060948,611,0,686.4,39.9999,40.2844,90.01,9999,0
1790509512.563826,2,120.2,1673,0,0,,0,0.05053,139,0,689.6,39.9999,40.2846,90.01,9999,0
1790509513.630495,2,121.2,1674,0,0,,0,0.05314,488,0,684.5,39.9999,40.2846,90.01,9999,0
1790509514.663815,2,122.3,1675,0,0,,0,0.055457,1491,0,680.9,39.9999,40.2847,90.00,9999,0
1790509515.663828,2,123.3,1676,0,0,,0,0.0535,490,0,735.7,39.9999,40.2847,89.99,9999,0
1790509516.697180,2,124.3,1677,0,0,,0,0.050397,140,0,751.6,39.9999,40.2846,90.00,9999,0
1790509517.763834,2,125.4,1678,0,0,,0,0.05944,141,0,740.2,39.9999,40.2852,90.00,9999,0
1790509518.797174,2,126.4,1679,0,0,,0,0.046177,471,0,691.1,39.9999,40.2841,90.00,9999,0
1790509519.897169,2,127.5,1680,0,0,,0,0.041724,471,0,684.6,39.9999,40.2841,90.01,9999,0
1790509520.897188,2,128.5,1681,0,0,,0,0.050105,471,0,668.7,39.9999,40.2835,90.01,9999,0
1790509521.930532,2,129.5,1682,0,0,,0,0.069376,1,0,695.9,39.9999,40.2837,90.01,9999,0
1790509522.930533,2,130.5,1683,0,0,,0,0.063737,471,0,692.8,39.9999,40.2838,90.01,9999,0
1790509523.963867,2,131.6,1684,0,0,,0,0.051004,1498,0,688.3,39.9999,40.2840,90.01,9999,0
1790509524.963876,2,132.6,1685,0,0,,0,0.033926,1498,0,720.5,39.9999,40.2840,90.03,9999,0
1790509525.997206,2,133.6,1686,0,0,,0,0.050008,138,0,686.1,39.9999,40.2843,90.03,9999,0
1790509527.063879,2,134.7,1687,0,0,,0,0.052261,488,0,725.1,39.9999,40.2841,90.03,9999,0
1790509528.097199,2,135.7,1688,0,0,,0,0.046944,138,0,714.2,39.9999,40.2825,90.04,9999,0
1790509529.097205,2,136.7,1689,0,0,,0,0.051578,826,0,703.7,39.9999,40.2836,90.05,9999,0
1790509530.130537,2,137.7,1690,0,0,,0,0.057395,138,0,672.8,39.9999,40.2838,90.04,9999,0
1790509531.130555,2,138.7,1691,0,0,,0,0.050835,138,0,695.2,39.9999,40.2841,90.05,9999,0
1790509532.163901,2,139.8,1692,0,0,,0,0.038886,144,0,681.5,39.9999,40.2835,90.05,9999,0
1790509533.230552,2,140.8,1693,0,0,,0,0.042872,1490,0,648.5,39.9999,40.2835,90.05,9999,0
1790509534.263892,2,141.9,1694,0,0,,0,0.037929,1498,0,715.4,39.9999,40.2835,90.06,9999,0
1790509535.263896,2,142.9,1695,0,0,,0,0.054006,1498,0,686.8,39.9999,40.2834,90.07,9999,0
1790509536.297234,2,143.9,1696,0,0,,0,0.040417,1498,0,683.2,39.9999,40.2837,90.06,9999,0
1790509537.330574,2,144.9,1697,0,0,,0,0.039569,1491,0,694.9,39.9999,40.2835,90.06,9999,0
1790509538.397283,2,146.0,1698,0,0,,0,0.052961,1500,0,694.2,39.9999,40.2837,90.06,9999,0
1790509539.430572,2,147.0,1699,0,0,,0,0.051127,1491,0,723.2,39.9999,40.2831,90.07,9999,0
1790509540.463915,2,148.1,1700,0,0,,0,0.058549,458,0,682.2,39.9999,40.2831,90.07,9999,0
1790509541.530585,2,149.1,1701,0,0,,0,0.068904,141,0,708.2,39.9999,40.2832,90.07,9999,0
1790509542.530585,2,150.1,1702,0,0,,0,0.045125,905,0,680.9,39.9999,40.2831,90.07,9999,0
1790509543.563919,2,151.2,1703,0,0,,0,0.064111,1491,0,709.9,39.9999,40.2837,90.07,9999,0
1790509544.597275,2,152.2,1704,0,0,,0,0.053674,1498,0,684.1,39.9999,40.2835,90.07,9999,0
1790509545.630612,2,153.2,1705,0,0,,0,0.062059,1491,0,670.3,39.9999,40.2835,90.08,9999,0
1790509546.663936,2,154.3,1706,0,0,,0,0.056861,1490,0,726.6,39.9999,40.2833,90.08,9999,0
1790509547.697311,2,155.3,1707,0,0,,0,0.037794,1498,0,712.7,39.9999,40.2838,90.08,9999,0
1790509548.730601,2,156.3,1708,0,0,,0,0.050253,1498,0,679.9,39.9999,40.2837,90.08,9999,0
1790509549.763947,2,157.4,1709,0,0,,0,0.049095,1499,0,697.0,39.9999,40.2840,90.08,9999,0
1790509550.763958,2,158.4,1710,0,0,,0,0.055499,1491,0,686.2,39.9999,40.2843,90.09,9999,0
1790509551.797285,2,159.4,1711,0,0,,0,0.039369,168,0,714.8,39.9999,40.2844,90.09,9999,0
1790509552.830618,2,160.4,1712,0,0,,0,0.045207,143,0,697.3,39.9999,40.2841,90.08,9999,0
1790509553.863990,2,161.5,1713,0,0,,0,0.047527,1498,0,685.7,39.9999,40.2849,90.08,9999,0
1790509554.897307,2,162.5,1714,0,0,,0,0.051925,138,0,673.0,39.9999,40.2848,90.09,9999,0
1790509555.930630,2,163.5,1715,0,0,,0,0.052189,1491,0,721.7,39.9999,40.2848,90.09,9999,0
1790509556.997287,2,164.6,1716,0,0,,0,0.046154,1490,0,737.9,39.9999,40.2852,90.09,9999,0
1790509558.030630,2,165.6,1717,0,0,,0,0.048583,1500,0,705.9,39.9999,40.2847,90.08,9999,0
1790509559.063977,2,166.7,1718,0,0,,0,0.060467,141,0,730.3,39.9999,40.2848,90.08,9999,0
1790509560.097301,2,167.7,1719,0,0,,0,0.068168,1,0,720.5,39.9999,40.2847,90.09,9999,0
1790509561.130654,2,168.7,1720,0,0,,0,0.040944,138,0,724.9,39.9999,40.2843,90.10,9999,0
1790509562.163981,2,169.8,1721,0,0,,0,0.041406,492,0,728.8,39.9999,40.2842,90.09,9999,0
1790509563.197325,2,170.8,1722,0,0,,0,0.037499,1491,0,670.9,39.9999,40.2840,90.08,9999,0
1790509564.230658,2,171.8,1723,0,0,,0,0.047514,457,0,673.4,39.9999,40.2840,90.08,9999,0
1790509565.264003,2,172.9,1724,0,0,,0,0.055036,138,0,651.8,39.9999,40.2832,90.08,9999,0
1790509566.297325,2,173.9,1725,0,0,,0,0.061465,138,0,668.9,39.9999,40.2834,90.08,9999,0
1790509567.297326,2,174.9,1726,0,0,,0,0.047487,1345,0,688.7,39.9999,40.2832,90.07,9999,0
1790509568.330678,2,175.9,1727,0,0,,0,0.048061,140,0,726.0,39.9999,40.2834,90.07,9999,0
1790509569.397341,2,177.0,1728,0,0,,0,0.035554,138,0,709.0,39.9999,40.2805,90.07,9999,0
1790509570.430673,2,178.0,1729,0,0,,0,0.052418,141,0,731.4,39.9999,40.2803,90.08,9999,0
1790509571.464011,2,179.1,1730,0,0,,0,0.049776,1498,0,691.7,39.9997,40.4034,90.12,9999,0
1790509572.530707,2,180.1,1731,0,0,,0,0.030897,1498,0,715.3,39.9993,40.5836,90.16,9999,0
1790509573.564039,2,181.2,1732,0,0,,0,0.043331,139,0,749.0,39.9987,40.7562,90.22,9999,0
1790509574.597360,2,182.2,1733,0,0,,0,0.065621,611,0,693.8,39.9979,40.9305,90.32,9999,0
1790509575.630690,2,183.2,1734,0,0,,0,0.047351,144,0,648.7,39.9968,41.1073,90.36,9999,0
1790509576.630699,2,184.2,1735,0,0,,0,0.055529,146,0,641.1,39.9956,41.2771,90.43,9999,0
1790509577.697386,2,185.3,1736,0,0,,100,0.052425,489,1,712.1,39.9941,41.4586,90.51,9999,0
1790509578.764049,2,186.4,1737,0,0,,0,0.047527,658,0,656.2,39.9925,41.6407,90.56,9999,0
1790509579.797370,2,187.4,1738,0,0,,0,0.051486,150,0,622.9,39.9907,41.8111,90.63,9999,0
1790509580.830717,2,188.4,1739,0,0,,0,0.041578,148,0,650.1,39.9887,41.9882,90.70,9999,0
1790509581.864058,2,189.5,1740,0,0,,0,0.036311,493,0,652.7,39.9864,42.1667,90.80,9999,0
1790509582.864066,2,190.5,1741,0,0,,0,0.04108,148,0,723.2,39.9838,42.3431,90.85,9999,0
1790509583.897400,2,191.5,1742,0,0,,0,0.045007,145,0,697.2,39.9809,42.5277,90.94,9999,0
1790509584.897400,2,192.5,1743,0,0,,0,0.038736,502,0,729.8,39.9779,42.7035,91.00,9999,0
1790509585.930725,2,193.5,1744,0,0,,0,0.035987,492,0,724.5,39.9745,42.8910,91.09,9999,0
1790509586.964064,2,194.6,1745,0,0,,0,0.034253,491,0,682.3,39.9708,43.0753,91.14,9999,0
1790509587.964067,2,195.6,1746,0,0,,0,0.050955,493,0,710.3,39.9672,43.2489,91.22,9999,0
1790509588.964082,2,196.6,1747,0,0,,0,0.042755,156,0,726.7,39.9634,43.4222,91.27,9999,0
1790509590.030739,2,197.6,1748,0,0,,0,0.037678,156,0,731.1,39.9590,43.6122,91.34,9999,0
1790509591.030741,2,198.6,1749,0,0,,0,0.041495,158,0,632.9,39.9548,43.7877,91.42,9999,0
1790509592.030751,2,199.6,1750,0,0,,127,0.051962,496,1,741.5,39.9505,43.9576,91.43,9999,0
1790509593.064095,2,200.7,1751,0,0,,0,0.055973,157,0,690.7,39.9458,44.1396,91.50,9999,0
1790509594.097419,2,201.7,1752,0,0,,0,0.055804,496,0,740.2,39.9410,44.3203,91.55,9999,0
1790509595.164084,2,202.8,1753,0,0,,0,0.046555,497,0,754.3,39.9360,44.4907,91.63,9999,0
1790509596.197439,2,203.8,1754,0,0,,0,0.044332,163,0,757.8,39.9310,44.6634,91.72,9999,0
1790509597.230769,2,204.8,1755,0,0,,0,0.05217,162,0,719.6,39.9255,44.8379,91.76,9999,0
1790509598.230774,2,205.8,1756,0,0,,0,0.073912,499,0,764.9,39.9198,45.0191,91.86,9999,0
1790509599.264111,2,206.9,1757,0,0,,0,0.061776,499,0,787.6,39.9136,45.2028,91.90,9999,0
1790509600.330793,2,207.9,1758,0,0,,0,0.071473,499,0,730.8,39.9075,45.3860,91.98,9999,0
1790509601.364109,2,209.0,1759,0,0,,0,0.059043,165,0,717.0,39.9012,45.5620,92.05,9999,0
1790509602.364119,2,210.0,1760,0,0,,0,0.068085,500,0,734.2,39.8949,45.7330,92.13,9999,0
1790509603.397448,2,211.0,1761,0,0,,114,0.062419,167,1,815.3,39.8878,45.9199,92.21,9999,0
1790509604.464122,2,212.1,1762,167,0,recognised,122,0.082731,167,0,883.2,5.8950,-0.1647,-0.24,0.00202779,1
1790509605.464133,2,213.1,1763,0,168,nearby,131,0.07464,501,0,968.2,6.0682,-0.1663,-0.09,0.000791975,1
1790509606.497462,2,214.1,1764,0,168,nearby,129,0.066198,501,0,979.0,6.2477,-0.1658,-0.01,0.00090982,1
1790509607.564141,2,215.2,1765,0,170,nearby,133,0.06934,502,0,1000.5,6.4278,-0.1552,0.11,0.000731372,1
1790509608.597463,2,216.2,1766,0,171,nearby,144,0.07836,503,0,929.7,6.6009,-0.1592,0.22,0.000879595,1
1790509609.664169,2,217.3,1767,0,502,nearby,200,0.073166,502,0,838.5,6.7868,-0.1616,0.28,0.000815558,1
1790509610.730811,2,218.3,1768,503,172,both,134,0.092828,503,0,951.5,6.9649,-0.1611,0.40,0.000641761,1
1790509611.764155,2,219.4,1769,504,171,both,110,0.086172,504,0,941.8,7.1375,-0.1609,0.49,0.000589425,1
1790509612.797524,2,220.4,1770,504,171,both,94,0.094887,504,0,983.5,7.2376,-0.1602,0.51,0.00047772,1
1790509613.864144,2,221.5,1771,0,0,,0,0.094887,504,0,666.4,7.2360,-0.1602,0.50,0.00047772,1
1790509614.897548,2,222.5,1772,0,0,,0,0.094887,504,0,681.0,7.2379,-0.1602,0.50,0.00047772,1
1790509615.964180,2,223.6,1773,0,0,,0,0.094887,504,0,664.6,7.2394,-0.1602,0.49,0.00047772,1
1790509617.030838,2,224.6,1774,0,0,,0,0.094887,504,0,696.0,7.2398,-0.1602,0.51,0.00047772,1
1790509618.064150,2,225.7,1775,0,0,,0,0.094887,504,0,681.9,7.2432,-0.1602,0.50,0.00047772,1
1790509619.064176,2,226.7,1776,0,0,,0,0.094887,504,0,686.5,7.2445,-0.1601,0.50,0.00047772,1
1790509620.064179,2,227.7,1777,0,0,,0,0.094887,504,0,684.3,7.2424,-0.1602,0.51,0.00047772,1
1790509621.097511,2,228.7,1778,0,0,,0,0.094887,504,0,723.3,7.2409,-0.1602,0.51,0.00047772,1
1790509622.197512,2,229.8,1779,0,0,,0,0.094887,504,0,714.4,7.2415,-0.1602,0.52,0.00047772,1
1790509623.197531,2,230.8,1780,0,0,,0,0.094887,504,0,631.8,7.2414,-0.1602,0.51,0.00047772,1
1790509624.230855,2,231.8,1781,0,0,,0,0.094887,504,0,717.2,7.2426,-0.1601,0.51,0.00047772,1
1790509625.230864,2,232.8,1782,0,0,,0,0.094887,504,0,692.2,7.2420,-0.1601,0.52,0.00047772,1
1790509626.264183,2,233.9,1783,0,0,,0,0.094887,504,0,717.6,7.2620,-0.1600,0.51,0.00047772,1
1790509627.297525,2,234.9,1784,174,504,both,220,0.09732,174,0,961.5,7.3979,-0.1595,0.57,0.00050534,1
1790509628.330883,2,235.9,1785,503,171,both,55,0.086947,503,0,934.3,7.5734,-0.1456,0.29,0.000549205,1
1790509629.397546,2,237.0,1786,505,505,both,250,0.086207,505,0,846.1,7.7543,-0.1556,0.47,0.000525936,1
1790509630.464199,2,238.1,1787,0,178,nearby,82,0.07994,505,0,885.3,7.9372,-0.1537,0.63,0.000405419,1
1790509631.464211,2,239.1,1788,506,176,both,96,0.089973,506,0,859.7,8.1025,-0.1480,0.83,0.000378606,1
1790509632.464229,2,240.1,1789,506,176,both,76,0.097924,506,0,859.8,8.2673,-0.1397,0.94,0.000324261,1
1790509633.497549,2,241.1,1790,506,178,both,84,0.10206,506,0,808.4,8.4445,-0.1413,1.00,0.000412129,1
1790509634.530886,2,242.1,1791,507,179,both,82,0.10483,507,0,833.4,8.6193,-0.1383,1.11,0.000317206,1
1790509635.597554,2,243.2,1792,508,180,both,79,0.092188,508,0,798.1,8.8001,-0.1334,1.18,0.000290428,1
1790509636.630891,2,244.2,1793,508,179,both,55,0.084008,508,0,847.8,8.9709,-0.1217,1.15,0.000254367,1
1790509637.630913,2,245.2,1794,508,179,both,54,0.089969,508,0,825.2,9.1431,-0.1196,1.26,0.000304801,1
1790509638.664250,2,246.3,1795,0,507,nearby,97,0.0575,507,0,719.3,9.2251,-0.1166,1.12,0.000380813,1
1790509639.697572,2,247.3,1796,0,0,,0,0.0575,507,0,553.7,9.2238,-0.1166,1.13,0.000380813,1
1790509640.697577,2,248.3,1797,0,0,,0,0.0575,507,0,566.0,9.2239,-0.1166,1.13,0.000380813,1
1790509641.730918,2,249.3,1798,0,0,,0,0.0575,507,0,584.0,9.2236,-0.1166,1.11,0.000380813,1
1790509642.764267,2,250.4,1799,0,0,,0,0.0575,507,0,615.8,9.2239,-0.1166,1.11,0.000380813,1
1790509643.830930,2,251.4,1800,0,0,,0,0.0575,507,0,623.8,9.2242,-0.1166,1.11,0.000380813,1
1790509644.864246,2,252.5,1801,0,0,,0,0.0575,507,0,585.1,9.2249,-0.1166,1.11,0.000380813,1
1790509645.864267,2,253.5,1802,0,0,,0,0.0575,507,0,574.8,9.2243,-0.1166,1.11,0.000380813,1
1790509646.930935,2,254.5,1803,0,0,,0,0.0575,507,0,584.6,9.2245,-0.1166,1.09,0.000380813,1
1790509647.964275,2,255.6,1804,0,0,,0,0.0575,507,0,590.1,9.2245,-0.1166,1.10,0.000380813,1
1790509648.997612,2,256.6,1805,0,0,,0,0.0575,507,0,572.2,9.2249,-0.1166,1.11,0.000380813,1
1790509650.030919,2,257.6,1806,0,0,,0,0.0575,507,0,607.5,9.2248,-0.1166,1.10,0.000380813,1
1790509651.030947,2,258.6,1807,0,0,,0,0.0575,507,0,595.2,9.2247,-0.1166,1.11,0.000380813,1
1790509652.064280,2,259.7,1808,0,0,,0,0.0575,507,0,562.8,9.2250,-0.1166,1.11,0.000380813,1
1790509653.097602,2,260.7,1809,0,0,,0,0.0575,507,0,587.7,9.2249,-0.1166,1.12,0.000380813,1
1790509654.097613,2,261.7,1810,0,0,,0,0.0575,507,0,552.4,9.2248,-0.1166,1.13,0.000380813,1
1790509655.130956,2,262.7,1811,0,0,,0,0.0575,507,0,580.8,9.2253,-0.1165,1.13,0.000380813,1
1790509656.164284,2,263.8,1812,0,0,,0,0.0575,507,0,593.0,9.2248,-0.1166,1.13,0.000380813,1
1790509657.197622,2,264.8,1813,0,0,,0,0.0575,507,0,584.2,9.2246,-0.1166,1.12,0.000380813,1
1790509658.230958,2,265.8,1814,0,0,,0,0.0575,507,0,586.6,9.2243,-0.1166,1.13,0.000380813,1
1790509659.230958,2,266.8,1815,0,0,,0,0.0575,507,0,554.4,9.2242,-0.1166,1.14,0.000380813,1
1790509660.264306,2,267.9,1816,0,0,,0,0.0575,507,0,559.7,9.2242,-0.1166,1.14,0.000380813,1
1790509661.297642,2,268.9,1817,0,0,,0,0.0575,507,0,583.9,9.2246,-0.1166,1.13,0.000380813,1
1790509662.330984,2,269.9,1818,0,0,,0,0.0575,507,0,568.5,9.2246,-0.1166,1.13,0.000380813,1
1790509663.397640,2,271.0,1819,0,0,,0,0.0575,507,0,584.4,9.2245,-0.1166,1.13,0.000380813,1
1790509664.430992,2,272.0,1820,0,0,,0,0.0575,507,0,590.3,9.2248,-0.1166,1.12,0.000380813,1
1790509665.497655,2,273.1,1821,0,0,,0,0.0575,507,0,584.2,9.2248,-0.1166,1.14,0.000380813,1
1790509666.530990,2,274.1,1822,0,0,,0,0.0575,507,0,652.7,9.2247,-0.1166,1.14,0.000380813,1
1790509667.564331,2,275.2,1823,0,0,,0,0.0575,507,0,554.7,9.2249,-0.1166,1.14,0.000380813,1
1790509668.597675,2,276.2,1824,0,0,,0,0.0575,507,0,574.1,9.2241,-0.1166,1.16,0.000380813,1
1790509669.631008,2,277.2,1825,0,0,,0,0.0575,507,0,567.2,9.2239,-0.1166,1.16,0.000380813,1
1790509670.731031,2,278.3,1826,0,0,,0,0.0575,507,0,567.1,9.2239,-0.1166,1.15,0.000380813,1
1790509671.797674,2,279.4,1827,0,0,,0,0.0575,507,0,577.5,9.2245,-0.1166,1.15,0.000380813,1
1790509672.831043,2,280.4,1828,0,0,,0,0.0575,507,0,585.5,9.2243,-0.1166,1.16,0.000380813,1
1790509673.864360,2,281.5,1829,0,0,,0,0.0575,507,0,562.2,9.2245,-0.1166,1.16,0.000380813,1
1790509674.897692,2,282.5,1830,0,0,,0,0.0575,507,0,592.3,9.2236,-0.1166,1.16,0.000380813,1
1790509675.931026,2,283.5,1831,0,0,,0,0.0575,507,0,555.0,9.2241,-0.1166,1.15,0.000380813,1
1790509676.964359,2,284.6,1832,0,0,,0,0.0575,507,0,583.1,9.2240,-0.1166,1.14,0.000380813,1
1790509677.997701,2,285.6,1833,0,0,,0,0.0575,507,0,588.4,9.2238,-0.1166,1.15,0.000380813,1
1790509678.997707,2,286.6,1834,0,0,,0,0.0575,507,0,606.4,9.2237,-0.1166,1.16,0.000380813,1
1790509680.031037,2,287.6,1835,0,0,,0,0.0575,507,0,578.0,9.2238,-0.1166,1.16,0.000380813,1
1790509681.064354,2,288.7,1836,0,0,,0,0.0575,507,0,561.5,9.2237,-0.1166,1.16,0.000380813,1
1790509682.097718,2,289.7,1837,0,0,,0,0.0575,507,0,608.9,9.2238,-0.1166,1.15,0.000380813,1
1790509683.131052,2,290.7,1838,0,0,,0,0.0575,507,0,555.8,9.2232,-0.1166,1.15,0.000380813,1
1790509684.164381,2,291.8,1839,0,0,,0,0.0575,507,0,581.2,9.2234,-0.1166,1.15,0.000380813,1
1790509685.197720,2,292.8,1840,0,0,,0,0.0575,507,0,562.5,9.2233,-0.1166,1.15,0.000380813,1
1790509686.231071,2,293.8,1841,0,0,,0,0.0575,507,0,583.6,9.2235,-0.1166,1.15,0.000380813,1
1790509687.264389,2,294.9,1842,0,0,,0,0.0575,507,0,575.9,9.2239,-0.1166,1.14,0.000380813,1
1790509688.264392,2,295.9,1843,0,0,,0,0.0575,507,0,643.7,9.2240,-0.1166,1.14,0.000380813,1
1790509689.264404,2,296.9,1844,0,0,,0,0.0575,507,0,572.7,9.2243,-0.1166,1.14,0.000380813,1
1790509690.297732,2,297.9,1845,0,0,,0,0.0575,507,0,652.6,9.2242,-0.1166,1.14,0.000380813,1
1790509691.331080,2,298.9,1846,0,0,,0,0.0575,507,0,586.8,9.2233,-0.1166,1.15,0.000380813,1
1790509692.364419,2,300.0,1847,0,0,,0,0.0575,507,0,582.9,9.2237,-0.1166,1.14,0.000380813,1
1790509693.397746,2,301.0,1848,0,0,,0,0.0575,507,0,544.5,9.2237,-0.1166,1.12,0.000380813,1
1790509694.431084,2,302.0,1849,0,0,,0,0.0575,507,0,580.0,9.2241,-0.1165,1.13,0.000380813,1
1790509695.464436,2,303.1,1850,0,0,,0,0.0575,507,0,624.7,9.2241,-0.1165,1.13,0.000380813,1
1790509696.497774,2,304.1,1851,0,0,,0,0.0575,507,0,588.7,9.2243,-0.1165,1.13,0.000380813,1
1790509697.531106,2,305.1,1852,0,0,,0,0.0575,507,0,571.9,9.2244,-0.1165,1.14,0.000380813,1
1790509698.564432,2,306.2,1853,0,0,,0,0.0575,507,0,620.8,9.2242,-0.1165,1.16,0.000380813,1
1790509699.597785,2,307.2,1854,0,0,,0,0.0575,507,0,588.4,9.2242,-0.1165,1.16,0.000380813,1
1790509700.664448,2,308.3,1855,0,0,,0,0.0575,507,0,612.7,9.2245,-0.1165,1.19,0.000380813,1
1790509701.697784,2,309.3,1856,0,0,,0,0.0575,507,0,594.7,9.2240,-0.1166,1.19,0.000380813,1
1790509702.731128,2,310.3,1857,0,0,,0,0.0575,507,0,566.7,9.2244,-0.1165,1.17,0.000380813,1
1790509703.797786,2,311.4,1858,0,0,,0,0.0575,507,0,585.6,9.2250,-0.1165,1.19,0.000380813,1
1790509704.831137,2,312.4,1859,0,0,,0,0.0575,507,0,607.1,9.2245,-0.1165,1.17,0.000380813,1
1790509705.864472,2,313.5,1860,0,0,,0,0.0575,507,0,583.2,9.2246,-0.1165,1.18,0.000380813,1
1790509706.897799,2,314.5,1861,0,0,,0,0.0575,507,0,605.3,9.2251,-0.1165,1.18,0.000380813,1
1790509707.931119,2,315.5,1862,0,0,,0,0.0575,507,0,576.8,9.2249,-0.1165,1.18,0.000380813,1
1790509708.964471,2,316.6,1863,0,0,,0,0.0575,507,0,621.4,9.2251,-0.1165,1.19,0.000380813,1
1790509709.997805,2,317.6,1864,0,0,,0,0.0575,507,0,615.8,9.2249,-0.1165,1.17,0.000380813,1
1790509710.997818,2,318.6,1865,0,0,,0,0.0575,507,0,579.0,9.2251,-0.1165,1.18,0.000380813,1
1790509712.031138,2,319.6,1866,0,0,,0,0.0575,507,0,587.5,9.2253,-0.1165,1.18,0.000380813,1
1790509713.064480,2,320.7,1867,0,0,,0,0.0575,507,0,622.6,9.2253,-0.1165,1.17,0.000380813,1
1790509714.097824,2,321.7,1868,0,0,,0,0.0575,507,0,586.3,9.2245,-0.1165,1.17,0.000380813,1
1790509715.164489,2,322.8,1869,0,0,,0,0.0575,507,0,588.7,9.2246,-0.1165,1.17,0.000380813,1
1790509716.197831,2,323.8,1870,0,0,,0,0.0575,507,0,571.4,9.2242,-0.1165,1.18,0.000380813,1
1790509717.231186,2,324.8,1871,0,0,,0,0.0575,507,0,610.2,9.2242,-0.1165,1.18,0.000380813,1
1790509718.297834,2,325.9,1872,0,0,,0,0.0575,507,0,576.0,9.2244,-0.1165,1.17,0.000380813,1
1790509719.331172,2,326.9,1873,0,0,,0,0.0575,507,0,603.4,9.2246,-0.1165,1.18,0.000380813,1
1790509720.364510,2,328.0,1874,0,0,,0,0.0575,507,0,622.8,9.2246,-0.1165,1.18,0.000380813,1
1790509721.397841,2,329.0,1875,0,0,,0,0.0575,507,0,559.8,9.2245,-0.1165,1.20,0.000380813,1
1790509722.397856,2,330.0,1876,0,0,,0,0.0575,507,0,606.3,9.2248,-0.1165,1.21,0.000380813,1
1790509723.431195,2,331.0,1877,0,0,,0,0.0575,507,0,609.1,9.2250,-0.1165,1.20,0.000380813,1
1790509724.464520,2,332.1,1878,0,0,,0,0.0575,507,0,552.4,9.2252,-0.1165,1.19,0.000380813,1
1790509725.497859,2,333.1,1879,0,0,,0,0.0575,507,0,586.9,9.2246,-0.1165,1.18,0.000380813,1
1790509726.531201,2,334.1,1880,0,0,,0,0.0575,507,0,582.2,9.2240,-0.1165,1.19,0.000380813,1
1790509727.564539,2,335.2,1881,0,0,,0,0.0575,507,0,587.1,9.2242,-0.1165,1.19,0.000380813,1
1790509728.564539,2,336.2,1882,0,0,,0,0.0575,507,0,587.8,9.2241,-0.1165,1.19,0.000380813,1
1790509729.631202,2,337.2,1883,0,0,,0,0.0575,507,0,602.9,9.2241,-0.1165,1.19,0.000380813,1
1790509730.664557,2,338.3,1884,0,0,,0,0.0575,507,0,601.2,9.2238,-0.1165,1.17,0.000380813,1
1790509731.697900,2,339.3,1885,0,0,,0,0.0575,507,0,595.0,9.2241,-0.1165,1.18,0.000380813,1
1790509732.731216,2,340.3,1886,0,0,,0,0.0575,507,0,585.8,9.2240,-0.1165,1.18,0.000380813,1
1790509733.764549,2,341.4,1887,0,0,,0,0.0575,507,0,584.4,9.2235,-0.1165,1.18,0.000380813,1
1790509734.797889,2,342.4,1888,0,0,,0,0.0575,507,0,582.2,9.2234,-0.1165,1.17,0.000380813,1
1790509735.831239,2,343.4,1889,0,0,,0,0.0575,507,0,612.3,9.2239,-0.1165,1.18,0.000380813,1
1790509736.864575,2,344.5,1890,0,0,,0,0.0575,507,0,589.3,9.2239,-0.1165,1.18,0.000380813,1
1790509737.897917,2,345.5,1891,0,0,,0,0.0575,507,0,591.9,9.2239,-0.1165,1.17,0.000380813,1
1790509738.931228,2,346.5,1892,0,0,,0,0.0575,507,0,564.7,9.2242,-0.1165,1.18,0.000380813,1
1790509739.931251,2,347.5,1893,0,0,,0,0.0575,507,0,602.8,9.2244,-0.1165,1.19,0.000380813,1
1790509740.964578,2,348.6,1894,0,0,,0,0.0575,507,0,614.0,9.2240,-0.1165,1.19,0.000380813,1
1790509742.031244,2,349.6,1895,0,0,,0,0.0575,507,0,582.8,9.2240,-0.1165,1.20,0.000380813,1
1790509743.064580,2,350.7,1896,0,0,,0,0.0575,507,0,564.7,9.2237,-0.1165,1.21,0.000380813,1
1790509744.097932,2,351.7,1897,0,0,,0,0.0575,507,0,555.2,9.2236,-0.1165,1.21,0.000380813,1
1790509745.131265,2,352.7,1898,0,0,,0,0.0575,507,0,539.2,9.2241,-0.1165,1.20,0.000380813,1
1790509746.164606,2,353.8,1899,0,0,,0,0.0575,507,0,594.3,9.2238,-0.1165,1.19,0.000380813,1
1790509747.231271,2,354.8,1900,0,0,,0,0.0575,507,0,551.4,9.2238,-0.1165,1.18,0.000380813,1
1790509748.231295,2,355.8,1901,0,0,,0,0.0575,507,0,598.2,9.2237,-0.1165,1.18,0.000380813,1
1790509749.264620,2,356.9,1902,0,0,,0,0.0575,507,0,599.3,9.2235,-0.1165,1.18,0.000380813,1
1790509750.297949,2,357.9,1903,0,0,,0,0.0575,507,0,575.5,9.2239,-0.1165,1.18,0.000380813,1
1790509751.297986,2,358.9,1904,0,0,,0,0.0575,507,0,612.7,9.2242,-0.1165,1.19,0.000380813,1
1790509752.364628,2,360.0,1905,0,0,,0,0.0575,507,0,586.1,9.2243,-0.1165,1.19,0.000380813,1
1790509753.364633,2,361.0,1906,0,0,,0,0.0575,507,0,598.2,9.2245,-0.1165,1.18,0.000380813,1
1790509754.364636,2,362.0,1907,0,0,,0,0.0575,507,0,570.3,9.2244,-0.1165,1.18,0.000380813,1
1790509755.397967,2,363.0,1908,0,0,,0,0.0575,507,0,576.6,9.2243,-0.1165,1.17,0.000380813,1
1790509756.464624,2,364.1,1909,0,0,,0,0.0575,507,0,595.4,9.2243,-0.1165,1.17,0.000380813,1
1790509757.497977,2,365.1,1910,0,0,,0,0.0575,507,0,601.7,9.2246,-0.1165,1.18,0.000380813,1
1790509758.531307,2,366.1,1911,0,0,,0,0.0575,507,0,566.9,9.2245,-0.1165,1.18,0.000380813,1
1790509759.597976,2,367.2,1912,0,0,,0,0.0575,507,0,588.4,9.2243,-0.1165,1.17,0.000380813,1
1790509760.631323,2,368.2,1913,0,0,,0,0.0575,507,0,603.2,9.2244,-0.1165,1.16,0.000380813,1
1790509761.664662,2,369.3,1914,0,0,,0,0.0575,507,0,568.8,9.2246,-0.1165,1.17,0.000380813,1
1790509762.731342,2,370.3,1915,0,0,,0,0.0575,507,0,605.8,9.2241,-0.1165,1.17,0.000380813,1
1790509763.797992,2,371.4,1916,0,0,,0,0.0575,507,0,596.9,9.2239,-0.1165,1.18,0.000380813,1
1790509764.864654,2,372.5,1917,0,0,,0,0.0575,507,0,573.9,9.2238,-0.1165,1.16,0.000380813,1
1790509765.864680,2,373.5,1918,0,0,,0,0.0575,507,0,598.3,9.2225,-0.1165,1.17,0.000380813,1
1790509766.864686,2,374.5,1919,0,0,,0,0.0575,507,0,596.3,9.2229,-0.1165,1.16,0.000380813,1
1790509767.931326,2,375.5,1920,0,0,,0,0.0575,507,0,540.9,9.2231,-0.1165,1.18,0.000380813,1
1790509768.931337,2,376.5,1921,0,0,,0,0.0575,507,0,578.5,9.2230,-0.1165,1.18,0.000380813,1
1790509769.931340,2,377.5,1922,0,0,,0,0.0575,507,0,598.9,9.2229,-0.1165,1.18,0.000380813,1
1790509770.931356,2,378.5,1923,0,0,,0,0.0575,507,0,584.6,9.2229,-0.1165,1.18,0.000380813,1
1790509771.998013,2,379.6,1924,0,0,,0,0.0575,507,0,591.3,9.2229,-0.1165,1.18,0.000380813,1
1790509773.031359,2,380.6,1925,0,0,,0,0.0575,507,0,570.4,9.2229,-0.1165,1.18,0.000380813,1
1790509774.064702,2,381.7,1926,0,0,,0,0.0575,507,0,551.9,9.2229,-0.1165,1.19,0.000380813,1
1790509775.131377,2,382.7,1927,0,0,,0,0.0575,507,0,609.1,9.2229,-0.1165,1.20,0.000380813,1
1790509776.198029,2,383.8,1928,0,0,,0,0.0575,507,0,588.3,9.2229,-0.1165,1.20,0.000380813,1
1790509777.264715,2,384.9,1929,0,0,,0,0.0575,507,0,573.2,9.2226,-0.1165,1.20,0.000380813,1
1790509778.331372,2,385.9,1930,0,0,,0,0.0575,507,0,591.3,9.2229,-0.1165,1.22,0.000380813,1
1790509779.398044,2,387.0,1931,0,0,,0,0.0575,507,0,583.9,9.2227,-0.1165,1.21,0.000380813,1
1790509780.431382,2,388.0,1932,0,0,,0,0.0575,507,0,586.1,9.2225,-0.1165,1.22,0.000380813,1
1790509781.464716,2,389.1,1933,0,0,,0,0.0575,507,0,593.2,9.2225,-0.1165,1.22,0.000380813,1
1790509782.498071,2,390.1,1934,0,0,,0,0.0575,507,0,579.4,9.2229,-0.1165,1.22,0.000380813,1
1790509783.531415,2,391.1,1935,0,0,,0,0.0575,507,0,557.6,9.2230,-0.1165,1.22,0.000380813,1
1790509784.531499,2,392.1,1936,0,0,,0,0.0575,507,0,626.3,9.2229,-0.1165,1.22,0.000380813,1
1790509785.598081,2,393.2,1937,0,0,,0,0.0575,507,0,580.7,9.2229,-0.1165,1.23,0.000380813,1
1790509786.664737,2,394.3,1938,0,0,,0,0.0575,507,0,603.8,9.2232,-0.1165,1.23,0.000380813,1
1790509787.664754,2,395.3,1939,0,0,,0,0.0575,507,0,582.8,9.2231,-0.1165,1.23,0.000380813,1
1790509788.698096,2,396.3,1940,0,0,,0,0.0575,507,0,588.5,9.2231,-0.1165,1.24,0.000380813,1
1790509789.731427,2,397.3,1941,0,0,,0,0.0575,507,0,648.5,9.2230,-0.1165,1.25,0.000380813,1
1790509790.798085,2,398.4,1942,0,0,,0,0.0575,507,0,589.3,9.2228,-0.1165,1.24,0.000380813,1
1790509791.831425,2,399.4,1943,0,509,nearby,169,0.062906,509,0,686.4,9.4024,-0.1181,1.10,0.00023819,1
1790509792.831498,2,400.4,1944,509,509,both,220,0.085061,509,0,736.4,9.5421,-0.1152,1.09,0.000345592,1
1790509793.931446,2,401.5,1945,0,0,,0,0.085061,509,0,542.0,9.5409,-0.1152,1.10,0.000345592,1
1790509794.998116,2,402.6,1946,0,0,,0,0.085061,509,0,553.5,9.5408,-0.1152,1.10,0.000345592,1
1790509796.064780,2,403.7,1947,509,509,both,186,0.10321,509,0,671.3,9.6366,-0.1108,1.11,0.000436439,1
1790509797.131476,2,404.7,1948,509,509,both,133,0.09983,509,0,645.2,9.8691,-0.1039,1.08,0.000565133,1
1790509798.198134,2,405.8,1949,510,510,both,183,0.11153,510,0,693.9,10.0872,-0.1004,1.24,0.000352599,1
1790509799.264792,2,406.9,1950,510,510,both,109,0.095868,510,0,662.6,10.2749,-0.0933,1.30,0.000492559,1
1790509800.364796,2,408.0,1951,511,511,both,163,0.080114,511,0,692.8,10.4899,-0.0898,1.42,0.000153015,1
1790509801.431489,2,409.0,1952,512,512,both,113,0.098389,512,0,630.2,10.6926,-0.0817,1.61,0.00018342,1
1790509802.498144,2,410.1,1953,0,512,nearby,105,0.07659,512,0,632.5,10.8752,-0.0761,1.71,0.000163846,1
1790509803.564818,2,411.2,1954,0,512,nearby,51,0.045667,512,0,570.1,11.0643,-0.0689,1.78,0.000235766,1
1790509804.598151,2,412.2,1955,0,513,nearby,83,0.05206,513,0,621.9,11.2488,-0.0614,1.96,0.000185785,1
1790509805.598157,2,413.2,1956,0,514,nearby,63,0.0556,191,0,579.5,11.4353,-0.0597,2.08,7.37363e-05,1
1790509806.631501,2,414.2,1957,0,193,nearby,47,0.066228,514,0,656.7,11.6437,-0.0527,2.35,2.73966e-05,1
1790509807.664833,2,415.3,1958,0,194,nearby,64,0.041004,515,0,715.7,11.8996,-0.0406,3.13,0.000135265,1
1790509808.698163,2,416.3,1959,0,515,nearby,150,0.049952,200,0,580.7,12.1420,-0.0364,2.61,2.65831e-05,1
1790509809.731510,2,417.3,1960,0,195,nearby,44,0.057772,515,0,734.5,12.3313,-0.0093,2.80,8.68357e-05,1
1790509810.764848,2,418.4,1961,0,0,,0,0.05842,515,0,568.1,12.5687,0.0023,2.88,0.00108684,1
1790509811.798182,2,419.4,1962,0,0,,0,0.043617,516,0,551.1,12.8207,0.0171,3.06,0.00208684,1
1790509812.798221,2,420.4,1963,0,0,,0,0.049,516,0,526.8,13.0541,0.0310,3.15,0.00308684,1
1790509813.864844,2,421.5,1964,0,0,,0,0.049985,612,0,416.4,13.2479,0.0415,2.54,0.00408684,1
1790509814.864875,2,422.5,1965,0,0,,0,0.053394,200,0,430.0,13.4492,0.0430,0.27,0.00508684,1
1790509815.898207,2,423.5,1966,0,0,,0,0.059027,612,0,357.5,13.6635,0.0456,0.42,0.00608684,1
1790509816.964868,2,424.6,1967,0,0,,0,0.070982,1335,0,358.0,13.8637,0.0457,0.28,0.00708684,1
1790509818.031556,2,425.6,1968,0,0,,0,0.086565,611,1,363.6,14.0818,0.0478,0.50,0.00808684,1
1790509819.098229,2,426.7,1969,0,0,,0,0.10225,612,1,343.4,14.3137,0.0500,0.58,0.00908684,1
1790509820.131554,2,427.7,1970,0,0,,0,0.11032,611,1,328.2,14.5244,0.0522,0.61,0.0100868,1
1790509821.131758,2,428.7,1971,0,0,,0,0,0,0,65.2,14.7111,0.0543,0.67,0.0110868,1
1790509822.198230,2,429.8,1972,0,0,,0,0,0,0,72.1,14.7966,0.0553,0.71,0.0120868,1
1790509823.198300,2,430.8,1973,0,0,,0,0.11594,611,1,323.1,14.7954,0.0557,-19.03,0.0130868,1
1790509824.264908,2,431.9,1974,0,0,,0,0.11753,611,1,533.8,14.7968,0.0549,-46.51,0.0140868,1
1790509825.331574,2,432.9,1975,0,0,,0,0.060903,612,1,870.2,14.8192,0.0080,-73.02,0.0150868,1
1790509826.364905,2,434.0,1976,0,0,,0,0.04389,611,0,816.1,14.8167,0.0050,-93.42,0.0160868,1
1790509827.364933,2,435.0,1977,0,650,nearby,67,0.03542,611,0,837.5,14.4870,-0.2390,-95.54,0.00164507,1
1790509828.431591,2,436.0,1978,0,0,,0,0.03542,611,0,684.8,14.4871,-0.2386,-95.54,0.00164507,1
1790509829.498252,2,437.1,1979,0,0,,0,0.03542,611,0,635.0,14.4872,-0.2379,-95.53,0.00164507,1
1790509830.531606,2,438.1,1980,0,215,nearby,46,0.032798,557,0,898.9,14.4833,-0.4181,-95.50,0.00130671,1
1790509831.531614,2,439.1,1981,0,215,nearby,53,0.040946,651,0,912.6,14.4689,-0.5950,-92.08,0.00147722,1
1790509832.598273,2,440.2,1982,0,0,,0,0.040946,651,0,603.4,14.4696,-0.5985,-92.32,0.00147722,1
1790509833.631610,2,441.2,1983,0,0,,0,0.040946,651,0,614.1,14.4696,-0.5992,-92.33,0.00147722,1
1790509834.664948,2,442.3,1984,0,0,,0,0.040946,651,0,603.4,14.4697,-0.5953,-92.33,0.00147722,1
1790509835.698291,2,443.3,1985,0,0,,0,0.040946,651,0,603.2,14.4697,-0.5950,-92.32,0.00147722,1
1790509836.698303,2,444.3,1986,0,0,,0,0.040946,651,0,652.9,14.4698,-0.5943,-92.32,0.00147722,1
1790509837.764957,2,445.4,1987,0,0,,0,0.040946,651,0,619.6,14.4698,-0.5927,-92.32,0.00147722,1
1790509838.764960,2,446.4,1988,0,0,,0,0.040946,651,0,642.2,14.4698,-0.5933,-92.35,0.00147722,1
1790509839.798286,2,447.4,1989,0,0,,0,0.040946,651,0,605.6,14.4699,-0.5925,-92.36,0.00147722,1
1790509840.798313,2,448.4,1990,0,0,,0,0.040946,651,0,631.5,14.4699,-0.5917,-92.36,0.00147722,1
1790509841.864978,2,449.5,1991,0,0,,0,0.040946,651,0,582.7,14.4699,-0.5915,-92.35,0.00147722,1
1790509842.864985,2,450.5,1992,0,0,,0,0.040946,651,0,602.8,14.4700,-0.5898,-92.38,0.00147722,1
1790509843.931648,2,451.5,1993,0,0,,0,0.040946,651,0,602.2,14.4700,-0.5902,-92.38,0.00147722,1
1790509844.931671,2,452.5,1994,0,0,,0,0.040946,651,0,626.6,14.4700,-0.5901,-92.38,0.00147722,1
1790509845.964992,2,453.6,1995,0,0,,0,0.040946,651,0,617.5,14.4699,-0.5910,-92.39,0.00147722,1
1790509846.965025,2,454.6,1996,0,0,,0,0.040946,651,0,616.9,14.4700,-0.5900,-92.40,0.00147722,1
1790509848.031674,2,455.6,1997,0,0,,0,0.040946,651,0,585.7,14.4700,-0.5890,-92.40,0.00147722,1
1790509849.065010,2,456.7,1998,0,0,,0,0.040946,651,0,585.3,14.4701,-0.5881,-92.42,0.00147722,1
1790509850.065013,2,457.7,1999,0,0,,0,0.040946,651,0,608.5,14.4700,-0.5893,-92.42,0.00147722,1
1790509851.065016,2,458.7,2000,0,0,,0,0.040946,651,0,622.9,14.4700,-0.5891,-92.43,0.00147722,1
1790509852.065019,2,459.7,2001,0,0,,0,0.040946,651,0,622.9,14.4700,-0.5897,-92.43,0.00147722,1
1790509853.131704,2,460.7,2002,0,0,,0,0.040946,651,0,595.4,14.4700,-0.5912,-92.43,0.00147722,1
1790509854.165060,2,461.8,2003,0,0,,0,0.040946,651,0,619.9,14.4701,-0.5886,-92.42,0.00147722,1
1790509855.231708,2,462.8,2004,0,0,,0,0.040946,651,0,591.9,14.4701,-0.5886,-92.41,0.00147722,1
1790509856.231711,2,463.8,2005,0,0,,0,0.040946,651,0,595.8,14.4701,-0.5887,-92.41,0.00147722,1
1790509857.231712,2,464.8,2006,0,0,,0,0.040946,651,0,592.2,14.4701,-0.5880,-92.41,0.00147722,1
1790509858.231726,2,465.8,2007,0,0,,0,0.040946,651,0,623.2,14.4701,-0.5888,-92.41,0.00147722,1
1790509859.265066,2,466.9,2008,0,0,,0,0.040946,651,0,639.2,14.4701,-0.5887,-92.42,0.00147722,1
1790509860.331723,2,467.9,2009,0,0,,0,0.040946,651,0,601.9,14.4701,-0.5874,-92.41,0.00147722,1
1790509861.398389,2,469.0,2010,0,0,,0,0.040946,651,0,640.5,14.4702,-0.5869,-92.40,0.00147722,1
1790509862.398401,2,470.0,2011,0,0,,0,0.040946,651,0,618.9,14.4702,-0.5857,-92.41,0.00147722,1
1790509863.398408,2,471.0,2012,0,0,,0,0.040946,651,0,648.6,14.4702,-0.5854,-92.40,0.00147722,1
1790509864.431785,2,472.0,2013,0,0,,0,0.040946,651,0,569.6,14.4702,-0.5853,-92.41,0.00147722,1
1790509865.431807,2,473.0,2014,0,0,,0,0.040946,651,0,610.7,14.4702,-0.5853,-92.40,0.00147722,1
1790509866.498411,2,474.1,2015,0,215,nearby,49,0.04163,551,0,919.6,14.4693,-0.6690,-92.25,0.00130977,1
1790509867.531767,2,475.1,2016,0,550,nearby,35,0.046072,215,0,933.4,14.4642,-0.8698,-92.05,0.00167294,1
1790509868.531866,2,476.1,2017,0,215,nearby,42,0.04126,1356,0,767.2,14.4466,-1.0840,-91.76,0.0022108,1
1790509869.598422,2,477.2,2018,0,653,nearby,47,0.048148,612,0,717.1,14.4460,-1.3132,-91.69,0.00316777,1
1790509870.598425,2,478.2,2019,0,651,nearby,41,0.045315,651,0,717.5,14.4403,-1.5284,-91.57,0.00411802,1
1790509871.598447,2,479.2,2020,0,0,,0,0.046715,1335,0,622.9,14.4339,-1.7602,-91.52,0.00511802,1
1790509872.665110,2,480.3,2021,0,657,nearby,46,0.051495,657,0,692.7,14.4274,-1.9868,-91.33,0.00561969,1
1790509873.698451,2,481.3,2022,0,0,,0,0.048664,1287,0,569.3,14.4225,-2.2060,-91.25,0.00661969,1
1790509874.698456,2,482.3,2023,0,0,,0,0.044334,1288,0,577.9,14.4179,-2.4265,-91.15,0.00761969,1
1790509875.698461,2,483.3,2024,0,656,nearby,52,0.04119,932,0,673.4,14.4151,-2.6426,-91.02,0.00871141,1
1790509876.698539,2,484.3,2025,0,0,,0,0.042978,1346,0,628.4,14.4112,-2.8764,-90.89,0.00971141,1
1790509877.765126,2,485.4,2026,0,0,,0,0.049862,920,0,572.1,14.4077,-3.1149,-90.83,0.0107114,1
1790509878.798467,2,486.4,2027,0,659,nearby,58,0.047649,1286,0,690.4,14.4056,-3.2531,-90.29,0.00101479,1
1790509879.831808,2,487.4,2028,0,659,nearby,48,0.04867,1292,0,692.9,14.4039,-3.4853,-90.36,0.00182468,1
1790509880.831814,2,488.4,2029,0,0,,0,0.055559,665,0,607.7,14.4026,-3.7029,-90.31,0.00282468,1
1790509881.831824,2,489.4,2030,0,661,nearby,63,0.05706,661,0,701.9,14.4017,-3.9048,-90.27,0.00356512,1
1790509882.898482,2,490.5,2031,0,662,nearby,47,0.053013,662,0,716.6,14.4021,-4.1276,-90.21,0.00432924,1
1790509883.931823,2,491.5,2032,0,664,nearby,46,0.043354,664,0,688.0,14.4053,-4.3210,-90.01,0.00203939,1
1790509884.931840,2,492.5,2033,0,662,nearby,46,0.045119,662,0,695.5,14.4043,-4.5232,-89.91,0.00191671,1
1790509885.998516,2,493.6,2034,0,661,nearby,43,0.05217,661,0,711.1,14.4074,-4.7441,-89.96,0.00216404,1
1790509887.031835,2,494.6,2035,0,666,nearby,41,0.044892,912,0,756.5,14.4049,-4.9972,-89.77,0.00230175,1
1790509888.031877,2,495.6,2036,0,665,nearby,53,0.040223,581,0,763.5,14.4070,-5.2856,-89.60,0.0024174,1
1790509889.031925,2,496.6,2037,0,668,nearby,46,0.045199,215,0,798.0,14.4103,-5.5480,-89.43,0.00261232,1
1790509890.065183,2,497.7,2038,0,0,,0,0.043563,1331,0,685.9,14.4134,-5.8363,-89.33,0.00361232,1
1790509891.098517,2,498.7,2039,0,0,,0,0.04258,612,0,769.3,14.4170,-6.1235,-89.25,0.00461232,1
1790509892.131888,2,499.7,2040,0,0,,0,0.037859,516,0,678.8,14.4210,-6.4113,-89.12,0.00561232,1
1790509893.198534,2,500.8,2041,0,0,,0,0.038883,807,0,734.3,14.4259,-6.7099,-89.02,0.00661232,1
1790509894.231871,2,501.8,2042,0,670,nearby,58,0.030448,156,0,847.3,14.4288,-6.8843,-88.62,0.000933813,1
1790509895.298528,2,502.9,2043,0,671,nearby,51,0.033798,453,0,866.5,14.4361,-7.1802,-88.53,0.00152627,1
1790509896.298541,2,503.9,2044,0,0,,0,0.039434,437,0,820.1,14.4435,-7.4615,-88.49,0.00252627,1
1790509897.331873,2,504.9,2045,0,673,nearby,52,0.040959,257,0,913.7,14.4457,-7.7010,-88.59,0.000762805,1
1790509898.331958,2,505.9,2046,0,0,,0,0.034993,414,0,735.8,14.4528,-7.9808,-88.49,0.0017628,1
1790509899.398557,2,507.0,2047,0,673,nearby,52,0.043075,201,0,941.3,14.4634,-8.2420,-88.32,0.000765642,1
1790509900.498562,2,508.1,2048,0,674,nearby,89,0.045924,397,0,948.3,14.4665,-8.5187,-88.24,0.000207875,1
1790509901.565228,2,509.2,2049,0,0,,0,0.040301,706,0,829.2,14.4745,-8.8022,-89.22,0.00120788,1
1790509902.565230,2,510.2,2050,0,0,,0,0.044502,257,0,949.6,14.4775,-9.0600,-89.29,0.00220788,1
1790509903.565241,2,511.2,2051,0,695,nearby,124,0.038943,185,0,1010.5,14.4752,-9.2837,-89.41,0.000130687,1
1790509904.598583,2,512.2,2052,0,0,,0,0.039391,188,0,946.4,14.4784,-9.5690,-89.33,0.00113069,1
1790509905.665252,2,513.3,2053,0,697,nearby,154,0.046066,697,0,1089.7,14.4841,-9.8609,-89.27,6.45724e-05,1
1790509906.698611,2,514.3,2054,0,698,nearby,191,0.043554,698,0,1166.1,14.4900,-10.1820,-89.10,0.000169037,1
1790509907.765306,2,515.4,2055,0,704,nearby,177,0.045088,704,0,1194.1,14.4963,-10.5128,-89.05,0.00010541,1
1790509908.931932,2,516.5,2056,0,706,nearby,112,0.043496,706,0,1189.3,14.5045,-10.8780,-88.89,0.000190584,1
1790509910.131956,2,517.7,2057,0,709,nearby,85,0.042357,279,0,1195.7,14.5137,-11.2588,-88.72,0.000793781,1
1790509911.298617,2,518.9,2058,0,0,,0,0.043332,723,0,1143.1,14.5226,-11.6389,-88.58,0.00179378,1
1790509912.465288,2,520.1,2059,0,0,,0,0.043436,720,0,1045.4,14.5317,-11.9978,-88.49,0.00279378,1
1790509913.565289,2,521.2,2060,0,716,nearby,91,0.049565,193,0,1112.2,14.5665,-12.3109,-88.06,0.0021782,1
1790509914.665282,2,522.3,2061,0,713,nearby,105,0.039033,713,0,1034.3,14.5893,-12.6290,-88.38,0.00185159,1
1790509915.765300,2,523.4,2062,0,0,,0,0.052379,723,0,902.6,14.5983,-12.9395,-88.27,0.00285159,1
1790509916.798644,2,524.4,2063,0,718,nearby,118,0.05357,718,0,958.3,14.6018,-13.2626,-88.27,0.00207197,1
1790509917.865304,2,525.5,2064,0,718,nearby,117,0.053003,718,0,884.3,14.6172,-13.6193,-88.24,0.00188275,1
1790509918.931956,2,526.5,2065,0,720,nearby,111,0.07587,720,0,841.3,14.6356,-13.9619,-88.12,0.00111268,1
1790509919.965324,2,527.6,2066,0,719,nearby,72,0.069438,719,0,696.8,14.6560,-14.2739,-88.31,0.000574703,1
1790509920.965326,2,528.6,2067,0,720,nearby,66,0.06048,720,0,633.1,14.6680,-14.6125,-88.31,0.000554201,1
1790509921.998680,2,529.6,2068,0,722,nearby,59,0.060759,722,0,634.5,14.6814,-14.9224,-88.16,0.000739146,1
1790509923.065312,2,530.7,2069,0,0,,0,0.053791,722,0,521.0,14.6829,-14.9777,-88.22,0.00173915,1
1790509924.098663,2,531.7,2070,0,0,,0,0.055329,448,0,484.6,14.6832,-14.9741,-91.14,0.00273915,1
1790509925.098672,2,532.7,2071,0,723,nearby,67,0.055318,723,0,576.7,14.6730,-14.9715,-98.43,0.00167993,1
1790509926.132014,2,533.7,2072,0,0,,0,0.054348,778,0,551.9,14.6760,-14.9610,-107.41,0.00267993,1
1790509927.165333,2,534.8,2073,0,0,,0,0.055967,778,0,547.3,14.6831,-14.9458,-118.78,0.00367993,1
1790509928.165338,2,535.8,2074,0,0,,0,0.070625,611,0,593.0,14.6907,-14.9367,-132.01,0.00467993,1
1790509929.165373,2,536.8,2075,0,0,,0,0.048079,779,0,586.8,14.6911,-14.9360,-145.47,0.00567993,1
1790509930.198689,2,537.8,2076,0,0,,0,0.037861,781,0,770.2,14.6827,-14.9405,-162.30,0.00667993,1
1790509931.198691,2,538.8,2077,0,0,,0,0.030912,545,0,568.8,14.6673,-14.9413,-179.98,0.00767993,1
1790509932.265352,2,539.9,2078,0,0,,0,0.030912,545,0,548.1,14.6631,-14.9407,179.03,0.00767993,1
1790509933.265387,2,540.9,2079,0,0,,0,0.030912,545,0,528.4,14.6635,-14.9407,179.04,0.00767993,1
1790509934.332035,2,541.9,2080,0,0,,0,0.030912,545,0,543.3,14.6652,-14.9407,179.03,0.00767993,1
1790509935.365383,2,543.0,2081,0,0,,0,0.034421,441,0,596.3,14.5823,-14.9390,178.85,0.00867993,1
1790509936.365399,2,544.0,2082,0,786,nearby,44,0.028363,778,0,609.4,14.2705,-14.9676,177.89,0.00613949,1
1790509937.365401,2,545.0,2083,0,789,nearby,48,0.032458,869,0,617.4,14.0334,-14.9559,178.25,0.00162816,1
1790509938.398730,2,546.0,2084,0,788,nearby,40,0.037086,272,0,645.3,13.7793,-14.9540,178.24,0.00163484,1
1790509939.398744,2,547.0,2085,0,789,nearby,50,0.035351,490,0,614.0,13.5551,-14.9465,177.15,0.00168532,1
1790509940.465581,2,548.1,2086,0,789,nearby,66,0.022934,330,0,624.8,13.3588,-14.9122,168.58,0.00130187,1
1790509941.532065,2,549.1,2087,0,791,nearby,131,0.041469,791,0,837.3,13.0284,-14.8455,168.45,0.00128235,1
1790509942.565576,2,550.2,2088,0,792,nearby,128,0.053825,792,0,855.3,12.7069,-14.7806,168.60,0.00170149,1
1790509943.632126,2,551.2,2089,0,0,,0,0.049416,798,0,815.1,12.3595,-14.7108,168.69,0.00270149,1
1790509944.665447,2,552.3,2090,0,793,nearby,141,0.044092,793,0,864.7,12.0183,-14.6475,168.78,0.00198105,1
1790509945.698769,2,553.3,2091,0,794,nearby,147,0.046625,794,0,843.4,11.6749,-14.5830,168.91,0.00142274,1
1790509946.698773,2,554.3,2092,0,795,nearby,129,0.047501,795,0,792.2,11.3367,-14.5193,169.95,0.00141228,1
1790509947.698773,2,555.3,2093,0,0,,0,0.031541,795,0,711.4,11.0404,-14.4837,173.96,0.00241228,1
1790509948.698779,2,556.3,2094,0,797,nearby,127,0.063772,797,0,828.7,10.7917,-14.4836,177.73,0.0014107,1
1790509949.765430,2,557.4,2095,0,798,nearby,102,0.043723,798,0,764.5,10.4661,-14.4738,178.09,0.00130605,1
1790509950.765451,2,558.4,2096,0,0,,0,0.046265,796,0,720.9,10.1556,-14.4640,178.26,0.00230605,1
1790509951.798793,2,559.4,2097,0,801,nearby,103,0.05653,801,0,908.4,9.8630,-14.4601,178.53,0.00117864,1
1790509952.832127,2,560.4,2098,0,802,nearby,95,0.057391,802,0,934.0,9.5555,-14.4558,178.75,0.000731024,1
1790509953.865468,2,561.5,2099,0,801,nearby,126,0.055109,801,0,886.4,9.2398,-14.4509,178.80,0.000604717,1
1790509954.898776,2,562.5,2100,0,803,nearby,126,0.062326,803,0,951.2,8.9200,-14.4467,179.02,0.000463108,1
1790509955.898814,2,563.5,2101,0,803,nearby,131,0.060827,803,0,961.0,8.6084,-14.4424,179.13,0.000377703,1
1790509956.965474,2,564.6,2102,0,806,nearby,84,0.069559,804,0,957.6,8.2531,-14.4364,179.24,0.000648143,1
1790509957.998801,2,565.6,2103,0,804,nearby,62,0.066185,804,0,909.0,7.9109,-14.4348,179.35,0.000702126,1
1790509958.998804,2,566.6,2104,0,807,nearby,67,0.050958,807,0,864.1,7.5830,-14.4294,179.51,0.000418219,1
1790509960.032188,2,567.6,2105,0,807,nearby,97,0.075795,807,0,822.6,7.2432,-14.4274,179.66,0.000685206,1
1790509961.098834,2,568.7,2106,0,807,nearby,67,0.067576,807,0,811.6,6.8976,-14.4282,179.82,0.000871795,1
1790509962.165516,2,569.8,2107,0,810,nearby,75,0.061148,808,0,847.9,6.5583,-14.4281,-179.95,0.000674316,1
1790509963.198821,2,570.8,2108,0,810,nearby,82,0.069548,810,0,899.3,6.2251,-14.4291,-179.85,0.000657517,1
1790509964.198842,2,571.8,2109,0,811,nearby,112,0.062345,811,0,923.6,5.9111,-14.4313,-179.69,0.000321116,1
1790509965.232171,2,572.8,2110,0,812,nearby,113,0.049752,812,0,925.9,5.5774,-14.4352,-179.51,0.000574225,1
1790509966.232182,2,573.8,2111,0,814,nearby,76,0.042312,814,0,905.3,5.2546,-14.4369,-179.42,0.00121342,1
1790509967.232197,2,574.8,2112,0,814,nearby,73,0.046234,1,0,859.1,4.9273,-14.4418,-179.32,0.00157194,1
1790509968.332198,2,575.9,2113,0,817,nearby,90,0.034018,817,0,941.8,4.5566,-14.4459,-179.16,0.00246277,1
1790509969.398870,2,577.0,2114,0,817,nearby,95,0.041111,817,0,975.9,4.2216,-14.4523,-179.02,0.00244397,1
1790509970.432192,2,578.0,2115,0,817,nearby,98,0.038065,640,0,921.5,3.8890,-14.4589,-178.89,0.00244361,1
1790509971.465527,2,579.1,2116,0,820,nearby,99,0.053077,820,0,890.9,3.5584,-14.4674,-178.74,0.00272765,1
1790509972.498863,2,580.1,2117,0,818,nearby,114,0.039591,818,0,907.0,3.2612,-14.4748,-178.58,0.00184696,1
1790509973.532239,2,581.1,2118,0,820,nearby,128,0.048344,820,0,885.9,2.9451,-14.4836,-178.41,0.00149854,1
1790509974.598872,2,582.2,2119,0,823,nearby,123,0.054382,823,0,915.2,2.5883,-14.4945,-178.26,0.00207345,1
1790509975.598872,2,583.2,2120,0,823,nearby,129,0.058602,823,0,921.3,2.2859,-14.5069,-178.11,0.00216522,1
1790509976.632219,2,584.2,2121,0,0,,0,0.058422,818,0,763.3,1.9718,-14.5174,-178.05,0.00316522,1
1790509977.632230,2,585.2,2122,0,826,nearby,119,0.05509,826,0,874.7,1.7025,-14.5270,-177.86,0.00217002,1
1790509978.665568,2,586.3,2123,0,825,nearby,152,0.059394,825,0,897.8,1.4450,-14.5400,-177.73,0.00134163,1
1790509979.665572,2,587.3,2124,0,825,nearby,147,0.078876,825,0,838.5,1.2186,-14.5375,177.87,0.000946485,1
1790509980.732225,2,588.3,2125,0,825,nearby,127,0.065574,825,0,890.5,0.8929,-14.5239,177.64,0.00105469,1
1790509981.798907,2,589.4,2126,0,827,nearby,161,0.058211,827,0,981.5,0.5393,-14.5097,177.65,0.00109774,1
1790509982.832245,2,590.4,2127,0,828,nearby,174,0.05666,828,0,889.5,0.1818,-14.4963,177.72,0.00138712,1
1790509983.865581,2,591.5,2128,0,0,,0,0.058004,826,0,850.8,-0.1844,-14.4825,177.85,0.00238712,1
1790509984.932240,2,592.5,2129,0,829,nearby,122,0.052784,829,0,1023.3,-0.5628,-14.4671,178.03,0.00205081,1
1790509985.965597,2,593.6,2130,0,0,,0,0.043808,828,0,834.8,-0.9645,-14.4541,178.17,0.00305081,1
1790509986.998945,2,594.6,2131,0,0,,0,0.04598,829,0,862.2,-1.3723,-14.4422,178.34,0.00405081,1
1790509988.065605,2,595.7,2132,0,0,,0,0.03208,138,0,835.9,-1.7842,-14.4301,178.43,0.00505081,1
1790509989.098929,2,596.7,2133,0,0,,0,0.031434,424,0,816.1,-2.1885,-14.4201,178.57,0.00605081,1
1790509990.098951,2,597.7,2134,0,0,,0,0.031887,1254,0,865.5,-2.5785,-14.4111,178.71,0.00705081,1
1790509991.132280,2,598.7,2135,0,0,,0,0.031406,827,0,823.7,-2.9811,-14.4028,178.86,0.00805081,1
1790509992.165619,2,599.8,2136,0,0,,0,0.028317,829,0,735.3,-3.3863,-14.3957,179.03,0.00905081,1
1790509993.198964,2,600.8,2137,0,0,,0,0.042546,448,0,718.2,-3.7794,-14.3896,179.16,0.0100508,1
1790509994.232284,2,601.8,2138,0,0,,0,0.03746,616,0,715.6,-4.1607,-14.3849,179.34,0.0110508,1
1790509995.232309,2,602.8,2139,0,0,,0,0.038367,1200,0,758.1,-4.3387,-14.3829,179.37,0.0120508,1
1790509996.265634,2,603.9,2140,0,0,,0,0.035549,814,0,754.8,-4.3259,-14.3830,179.33,0.0120508,1
1790509997.298976,2,604.9,2141,0,0,,0,0.035399,494,0,770.5,-4.1265,-14.3854,179.29,0.0130508,1
1790509998.332301,2,605.9,2142,0,0,,0,0.033306,823,0,771.1,-3.8548,-14.3892,179.21,0.0140508,1
1790509999.365657,2,607.0,2143,0,0,,0,0.042666,611,0,738.7,-3.5680,-14.3931,179.11,0.0150508,1
1790510000.398990,2,608.0,2144,0,0,,0,0.03785,828,0,751.2,-3.2823,-14.3982,178.92,0.0160508,1
1790510001.432343,2,609.0,2145,0,0,,0,0.043611,1359,0,789.6,-3.0019,-14.4037,178.81,0.0170508,1
1790510002.465664,2,610.1,2146,0,0,,0,0.035399,495,0,835.9,-2.7178,-14.4097,178.76,0.0180508,1
1790510003.498986,2,611.1,2147,0,0,,0,0.038739,390,0,831.6,-2.4372,-14.4162,178.68,0.0190508,1
1790510004.532359,2,612.1,2148,0,0,,0,0.038032,655,0,878.1,-2.1587,-14.4229,178.62,0.0200508,1
1790510005.599022,2,613.2,2149,0,0,,0,0.037844,825,0,855.1,-1.8746,-14.4302,178.50,0.0210508,1
1790510006.632376,2,614.2,2150,0,0,,0,0.039228,829,0,826.9,-1.5962,-14.4379,178.37,0.0220508,1
1790510007.665679,2,615.3,2151,0,0,,0,0.032897,828,0,811.8,-1.3055,-14.4464,178.27,0.0230508,1
1790510008.699037,2,616.3,2152,0,0,,0,0.034018,1246,0,841.7,-1.0081,-14.4558,178.17,0.0240508,1
1790510009.732377,2,617.3,2153,0,0,,114,0.051181,829,1,1007.4,-0.7145,-14.4658,177.98,0.0250508,1
1790510010.765708,2,618.4,2154,0,829,nearby,117,0.056302,141,0,978.2,-0.3166,-14.4780,178.01,0.00241681,1
1790510011.799077,2,619.4,2155,0,826,nearby,96,0.058937,826,0,890.8,-0.0112,-14.4868,177.92,0.00236295,1
1790510012.832417,2,620.4,2156,0,828,nearby,187,0.068314,828,0,884.8,0.2772,-14.4976,177.72,0.00154402,1
1790510013.865714,2,621.5,2157,0,0,,0,0.066444,829,0,895.4,0.5797,-14.5098,177.69,0.00254402,1
1790510014.932372,2,622.5,2158,0,828,nearby,185,0.060055,828,0,947.2,0.6366,-14.5125,177.58,0.00134527,1
1790510015.965711,2,623.6,2159,0,829,nearby,131,0.060011,829,0,930.3,0.4267,-14.4973,177.65,0.00109867,1
1790510016.999081,2,624.6,2160,0,828,nearby,207,0.067913,828,0,887.1,0.3102,-14.4958,177.65,0.00135633,1
1790510018.032387,2,625.6,2161,0,0,,0,0.057467,829,0,754.8,0.3105,-14.4957,144.49,0.00235633,1
1790510019.032402,2,626.6,2162,0,0,,52,0.044493,831,1,856.7,0.3062,-14.4824,111.88,0.00335633,1
1790510020.032446,2,627.6,2163,0,406,nearby,42,0.04468,1324,0,854.7,0.3406,-14.4852,96.64,0.00334018,1
1790510021.065741,2,628.7,2164,0,843,nearby,65,0.046386,612,0,746.2,0.3694,-14.3271,95.89,0.00280186,1
1790510022.065755,2,629.7,2165,0,833,nearby,70,0.063439,611,0,727.2,0.3616,-14.0386,95.63,0.00226258,1
1790510023.132438,2,630.7,2166,0,0,,85,0.0502,554,1,834.3,0.3265,-13.6845,95.75,0.00326258,1
1790510024.199085,2,631.8,2167,0,833,nearby,54,0.040312,551,0,752.3,0.3068,-13.3413,96.26,0.0029941,1
1790510025.265748,2,632.9,2168,0,414,nearby,85,0.042539,414,0,750.7,0.2516,-13.2267,97.42,0.00123656,1
1790510026.299099,2,633.9,2169,0,416,nearby,74,0.048856,416,0,701.7,0.2033,-12.8554,97.65,0.00157636,1
1790510027.299103,2,634.9,2170,0,416,nearby,102,0.040964,416,0,718.9,0.1608,-12.5773,98.00,0.00107762,1
1790510028.399100,2,636.0,2171,0,418,nearby,76,0.043386,417,0,727.4,0.1326,-12.2278,89.55,0.00172293,1
1790510029.465769,2,637.1,2172,0,417,nearby,101,0.049361,612,0,702.1,0.1420,-11.8932,89.37,0.00159681,1
1790510030.532453,2,638.1,2173,0,416,nearby,74,0.057062,416,0,653.1,0.1465,-11.4878,89.34,0.00209891,1
1790510031.532468,2,639.1,2174,0,0,,0,0.047098,414,0,552.7,0.1509,-11.0999,89.44,0.00309891,1
1790510032.532473,2,640.1,2175,0,418,nearby,82,0.058724,418,0,731.7,0.1570,-10.7586,89.60,0.00281409,1
1790510033.599123,2,641.2,2176,0,0,,0,0.057189,417,0,623.2,0.1592,-10.3530,89.75,0.00381409,1
1790510034.632476,2,642.2,2177,0,421,nearby,84,0.052861,421,0,678.8,0.1597,-9.9874,89.90,0.00317719,1
1790510035.632476,2,643.2,2178,0,0,,0,0.043826,177,0,763.9,0.1596,-9.5949,90.06,0.00417719,1
1790510036.632482,2,644.2,2179,0,424,nearby,87,0.045875,424,0,801.6,0.1680,-9.2602,90.36,0.00250388,1
1790510037.632484,2,645.2,2180,0,424,nearby,89,0.055768,424,0,757.5,0.1636,-8.9201,90.63,0.00146773,1
1790510038.699130,2,646.3,2181,0,426,nearby,84,0.04953,426,0,787.5,0.1629,-8.5011,90.72,0.00155702,1
1790510039.732504,2,647.3,2182,0,0,,0,0.056543,424,0,675.1,0.1571,-8.1004,90.88,0.00255702,1
1790510040.799164,2,648.4,2183,0,426,nearby,85,0.045654,426,0,832.7,0.1725,-7.7752,91.71,0.00140598,1
1790510041.832487,2,649.4,2184,0,0,,0,0.049356,433,0,675.9,0.1595,-7.3522,91.85,0.00240598,1
1790510042.832499,2,650.4,2185,0,430,nearby,119,0.053441,430,0,850.1,0.1441,-6.9754,91.77,0.00193707,1
1790510043.832530,2,651.4,2186,0,0,,0,0.052156,427,0,705.0,0.1465,-6.5887,86.21,0.00293707,1
1790510044.865830,2,652.5,2187,0,434,nearby,117,0.050272,434,0,791.6,0.1842,-6.2293,85.64,0.00182563,1
1790510045.865841,2,653.5,2188,0,432,nearby,102,0.061054,432,0,825.1,0.2127,-5.8369,85.67,0.00205279,1
1790510046.899183,2,654.5,2189,0,0,,0,0.051634,430,0,674.8,0.2431,-5.4272,85.81,0.00305279,1
1790510047.932527,2,655.5,2190,0,437,nearby,93,0.061745,437,0,714.2,0.2781,-5.0390,86.01,0.003018,1
1790510048.932555,2,656.5,2191,0,438,nearby,99,0.039873,438,0,808.8,0.3122,-4.6823,86.38,0.00187744,1
1790510049.965860,2,657.6,2192,0,439,nearby,101,0.061724,611,0,734.4,0.3363,-4.2554,86.45,0.00249237,1
1790510050.965871,2,658.6,2193,0,437,nearby,83,0.066728,437,0,780.6,0.3582,-3.9738,87.18,0.000605227,1
1790510051.999204,2,659.6,2194,0,0,,0,0.045694,441,0,651.9,0.3776,-3.5633,87.35,0.00160523,1
1790510053.032556,2,660.6,2195,0,0,,0,0.04743,437,0,618.6,0.3869,-3.1768,89.71,0.00260523,1
1790510054.099219,2,661.7,2196,0,442,nearby,114,0.037507,794,0,783.0,0.4191,-2.8860,89.93,0.0014493,1
1790510055.099220,2,662.7,2197,0,0,,0,0.030755,443,0,680.0,0.4183,-2.5648,90.19,0.0024493,1
1790510056.165886,2,663.8,2198,0,444,nearby,132,0.048302,444,0,737.9,0.4361,-2.2768,90.22,0.000574913,1
1790510057.199236,2,664.8,2199,0,444,nearby,149,0.049637,444,0,769.5,0.4379,-1.9526,90.42,0.000325199,1
1790510058.232572,2,665.8,2200,0,445,nearby,126,0.046014,445,0,725.8,0.4403,-1.6225,90.56,0.000345835,1
1790510059.265905,2,666.9,2201,0,445,nearby,85,0.039582,716,0,723.9,0.4301,-1.2981,90.26,0.000103699,1
1790510060.332572,2,667.9,2202,0,446,nearby,69,0.035556,193,0,672.5,0.4334,-0.9568,90.48,9.01665e-05,1
1790510061.365915,2,669.0,2203,0,0,,0,0.034466,187,0,621.4,0.4298,-0.6228,90.61,0.00109017,1
1790510062.365929,2,670.0,2204,0,452,nearby,46,0.033215,452,0,705.2,0.4306,-0.3153,90.64,0.00138866,1
1790510063.399256,2,671.0,2205,0,448,nearby,45,0.044079,448,0,674.7,0.4267,-0.0651,90.74,0.00231734,1
1790510064.465925,2,672.1,2206,0,0,,0,0.044079,448,0,553.2,0.4268,-0.0696,90.76,0.00231734,1
1790510065.532578,2,673.1,2207,0,0,,0,0.044079,448,0,586.4,0.4267,-0.0687,90.75,0.00231734,1
1790510066.532615,2,674.1,2208,0,0,,0,0.044079,448,0,564.6,0.4267,-0.0688,90.75,0.00231734,1
1790510067.565951,2,675.2,2209,0,0,,0,0.044079,448,0,552.3,0.4267,-0.0683,90.74,0.00231734,1
1790510068.632595,2,676.2,2210,0,0,,0,0.044079,448,0,555.4,0.4267,-0.0685,90.73,0.00231734,1
1790510069.665943,2,677.3,2211,0,0,,0,0.044079,448,0,568.0,0.4268,-0.0713,90.73,0.00231734,1
1790510070.665964,2,678.3,2212,0,0,,0,0.044079,448,0,551.2,0.4268,-0.0703,90.73,0.00231734,1
1790510071.699293,2,679.3,2213,0,0,,0,0.044079,448,0,570.6,0.4268,-0.0698,90.74,0.00231734,1
1790510072.699298,2,680.3,2214,0,0,,0,0.055375,1362,0,582.5,0.4408,-0.0565,53.49,0.00331734,1
1790510073.765959,2,681.4,2215,0,1491,nearby,110,0.061888,471,0,974.7,0.5198,-0.1043,16.15,0.00237518,1
1790510074.765983,2,682.4,2216,0,142,nearby,108,0.062979,612,0,979.0,0.5352,-0.1473,-1.35,0.00166513,1
1790510075.865968,2,683.5,2217,0,0,,0,0.062979,612,0,735.5,0.5361,-0.1473,-1.33,0.00166513,1
1790510076.865975,2,684.5,2218,0,0,,0,0.062979,612,0,747.3,0.5343,-0.1473,-1.34,0.00166513,1
1790510077.865981,2,685.5,2219,0,0,,0,0.062979,612,0,807.4,0.5324,-0.1472,-1.34,0.00166513,1
1790510078.932651,2,686.5,2220,0,144,nearby,97,0.069256,1500,0,1092.1,0.7335,-0.1573,-1.68,0.00165461,1
1790510079.932654,2,687.5,2221,0,1490,nearby,108,0.071415,490,0,1065.5,1.0229,-0.2090,-1.35,0.000844891,1
1790510080.932664,2,688.5,2222,0,145,nearby,100,0.069973,493,0,988.2,1.3179,-0.2049,-1.36,0.00142043,1
1790510081.965999,2,689.6,2223,0,148,nearby,113,0.078206,491,0,955.3,1.6182,-0.2309,-1.13,0.00106839,1
1790510082.966007,2,690.6,2224,0,147,nearby,114,0.077658,491,0,959.4,1.8925,-0.2477,-0.91,0.000579816,1
1790510083.966041,2,691.6,2225,493,148,both,122,0.086213,493,0,957.1,2.1735,-0.2485,-0.70,0.000812052,1
1790510085.032680,2,692.6,2226,0,152,nearby,108,0.070529,489,0,898.5,2.4877,-0.2512,-0.57,0.00137232,1
1790510086.032682,2,693.6,2227,0,151,nearby,101,0.079614,493,0,980.4,2.7776,-0.2557,-0.45,0.00128713,1
1790510087.066025,2,694.7,2228,0,494,nearby,163,0.077627,494,0,1012.3,3.0627,-0.2547,-0.24,0.00100782,1
1790510088.066043,2,695.7,2229,495,156,both,98,0.080585,495,0,963.2,3.3264,-0.2569,-0.12,0.000639915,1
1790510089.066070,2,696.7,2230,0,156,nearby,128,0.077769,496,0,969.8,3.6111,-0.2565,0.06,0.000761365,1
1790510090.099365,2,697.7,2231,496,159,both,120,0.080085,496,0,924.2,3.8986,-0.2540,0.09,0.000574851,1
1790510091.099373,2,698.7,2232,0,159,nearby,121,0.072671,496,0,1048.1,4.1762,-0.2536,0.29,0.000575164,1
1790510092.166029,2,699.8,2233,497,162,both,128,0.08256,497,0,1022.2,4.4698,-0.2490,0.44,0.000414545,1
1790510093.166056,2,700.8,2234,498,163,both,113,0.081168,498,0,937.5,4.7516,-0.2470,0.53,0.000470595,1
1790510094.199391,2,701.8,2235,0,499,nearby,177,0.073896,499,0,1026.7,5.0820,-0.2437,0.77,0.000789916,1
1790510095.199395,2,702.8,2236,0,501,nearby,132,0.070753,499,0,1021.0,5.4075,-0.2384,0.89,0.000755574,1
1790510096.232719,2,703.8,2237,500,169,both,98,0.084903,500,0,1026.6,5.7348,-0.2311,1.10,0.000728312,1
1790510097.232740,2,704.8,2238,502,170,both,107,0.091895,502,0,1021.0,6.0607,-0.2257,1.35,0.000646237,1
1790510098.232742,2,705.8,2239,501,168,both,121,0.089553,501,0,972.1,6.3770,-0.2084,1.37,0.000502258,1
1790510099.299404,2,706.9,2240,0,170,nearby,134,0.075582,501,0,1018.9,6.7329,-0.2036,1.56,0.000859127,1
1790510100.366066,2,708.0,2241,0,172,nearby,120,0.078497,503,0,965.0,7.0826,-0.1934,1.70,0.000756736,1
1790510101.366114,2,709.0,2242,504,174,both,113,0.08901,504,0,959.6,7.3980,-0.1856,1.75,0.000563262,1
1790510102.399414,2,710.0,2243,0,505,nearby,235,0.08043,174,0,801.8,7.7291,-0.1785,1.87,0.000505877,1
1790510103.432748,2,711.0,2244,0,177,nearby,83,0.067416,505,0,953.9,8.0641,-0.1618,2.24,0.000556572,1
1790510104.466092,2,712.1,2245,506,175,both,72,0.08099,506,0,895.6,8.3971,-0.1381,2.00,0.000346736,1
1790510105.466093,2,713.1,2246,507,179,both,77,0.085069,507,0,914.4,8.7247,-0.1310,2.30,0.000454345,1
1790510106.466106,2,714.1,2247,508,178,both,68,0.10032,508,0,867.1,9.0498,-0.1165,2.30,0.000336646,1
1790510107.532784,2,715.1,2248,0,180,nearby,54,0.078428,509,0,806.2,9.3997,-0.1060,2.61,0.000206295,1
1790510108.566096,2,716.2,2249,510,510,both,149,0.081941,510,0,760.5,9.7424,-0.0874,2.67,0.000339742,1
1790510109.599434,2,717.2,2250,510,510,both,188,0.081308,510,0,724.7,10.0796,-0.0710,2.79,0.000345377,1
1790510110.632803,2,718.2,2251,511,511,both,173,0.085337,511,0,670.2,10.4198,-0.0529,2.93,0.000206496,1
1790510111.666121,2,719.3,2252,512,512,both,126,0.08819,512,0,620.6,10.7630,-0.0329,3.13,0.000197163,1
1790510112.699469,2,720.3,2253,513,513,both,99,0.084089,513,0,659.7,11.1012,-0.0094,3.33,7.50703e-05,1
1790510113.732786,2,721.3,2254,514,192,both,34,0.087544,514,0,658.6,11.4407,0.0045,3.57,5.13025e-05,1
1790510114.732840,2,722.3,2255,0,193,nearby,46,0.066035,514,0,658.2,11.7617,0.0298,3.49,4.42538e-05,1
1790510115.799488,2,723.4,2256,0,515,nearby,116,0.071194,515,0,667.2,12.1504,0.0477,3.71,5.31715e-05,1
1790510116.799508,2,724.4,2257,0,0,,0,0.049435,516,0,565.0,12.4885,0.0697,3.85,0.00105317,1
1790510117.866154,2,725.5,2258,0,0,,0,0.049507,516,0,488.9,12.8299,0.0932,3.94,0.00205317,1
1790510118.932836,2,726.5,2259,0,0,,0,0.057721,612,0,429.0,13.1758,0.1174,4.05,0.00305317,1
1790510119.932840,2,727.5,2260,0,0,,0,0.067153,612,0,463.0,13.5029,0.1441,4.23,0.00405317,1
1790510120.999501,2,728.6,2261,0,0,,0,0.054467,199,0,406.0,13.8449,0.1688,4.36,0.00505317,1
1790510122.032824,2,729.6,2262,0,0,,0,0.089906,611,1,376.3,13.9896,0.1786,4.42,0.00605317,1
1790510123.032827,2,730.6,2263,0,0,,0,0.089906,611,0,166.8,13.9894,0.1786,4.55,0.00605317,1
1790510124.032862,2,731.6,2264,0,0,,0,0,0,0,91.4,13.9895,0.1786,4.53,0.00605317,1
1790510125.099506,2,732.7,2265,0,0,,0,0,0,0,152.3,13.9895,0.1786,4.54,0.00605317,1
1790510126.132835,2,733.7,2266,0,0,,0,0,0,0,114.5,13.9896,0.1786,4.54,0.00605317,1
1790510127.132847,2,734.7,2267,0,0,,0,0,0,0,168.2,13.9896,0.1786,4.56,0.00605317,1
1790510128.132909,2,735.7,2268,0,0,,0,0,0,0,155.8,13.9896,0.1786,4.57,0.00605317,1
1790510129.199532,2,736.8,2269,0,0,,0,0,0,0,152.6,13.9896,0.1786,4.56,0.00605317,1
1790510130.266195,2,737.9,2270,0,0,,0,0,0,0,157.2,13.9896,0.1786,4.54,0.00605317,1
1790510131.266199,2,738.9,2271,0,0,,0,0,0,0,158.5,13.9896,0.1786,4.55,0.00605317,1
1790510132.299550,2,739.9,2272,0,0,,0,0,0,0,150.1,13.9896,0.1786,4.54,0.00605317,1
1790510133.299552,2,740.9,2273,0,0,,0,0,0,0,149.6,13.9896,0.1786,4.55,0.00605317,1
1790510134.299563,2,741.9,2274,0,0,,0,0,0,0,158.1,13.9896,0.1786,4.55,0.00605317,1
1790510135.366224,2,743.0,2275,0,0,,0,0,0,0,163.0,13.9896,0.1786,4.55,0.00605317,1
1790510136.399553,2,744.0,2276,0,0,,0,0,0,0,159.3,13.9896,0.1786,4.55,0.00605317,1
1790510137.399563,2,745.0,2277,0,0,,0,0,0,0,158.5,13.9896,0.1786,4.55,0.00605317,1
1790510138.399601,2,746.0,2278,0,0,,0,0,0,0,143.8,13.9896,0.1786,4.55,0.00605317,1
1790510139.466242,2,747.1,2279,0,0,,0,0,0,0,167.6,13.9896,0.1786,4.56,0.00605317,1
1790510140.466245,2,748.1,2280,0,0,,0,0,0,0,147.7,13.9896,0.1786,4.56,0.00605317,1
1790510141.466269,2,749.1,2281,0,0,,0,0,0,0,153.2,13.9896,0.1786,4.57,0.00605317,1
1790510142.566250,2,750.2,2282,0,0,,0,0,0,0,153.3,13.9896,0.1786,4.57,0.00605317,1
1790510143.566257,2,751.2,2283,0,0,,0,0,0,0,162.1,13.9896,0.1786,4.57,0.00605317,1
1790510144.632918,2,752.2,2284,0,0,,0,0,0,0,145.6,13.9896,0.1786,4.56,0.00605317,1
1790510145.632955,2,753.2,2285,0,0,,0,0,0,0,166.0,13.9896,0.1786,4.56,0.00605317,1
1790510146.666270,2,754.3,2286,0,0,,0,0,0,0,178.5,13.9896,0.1786,4.57,0.00605317,1
1790510147.666280,2,755.3,2287,0,0,,0,0,0,0,169.0,13.9896,0.1786,4.56,0.00605317,1
1790510148.666289,2,756.3,2288,0,0,,0,0,0,0,142.6,13.9896,0.1786,4.57,0.00605317,1
1790510149.732983,2,757.3,2289,0,0,,0,0,0,0,161.7,13.9896,0.1786,4.57,0.00605317,1
1790510150.799629,2,758.4,2290,0,0,,0,0,0,0,157.5,13.9896,0.1786,4.57,0.00605317,1
1790510151.799640,2,759.4,2291,0,0,,0,0,0,0,149.9,13.9896,0.1786,4.57,0.00605317,1
1790510152.832971,2,760.4,2292,0,0,,0,0.080788,611,1,576.4,13.9912,0.1790,44.58,0.00705317,1
1790510153.899612,2,761.5,2293,0,208,nearby,77,0.0677,611,0,838.3,14.3633,0.1561,82.17,0.000207689,1
1790510154.899650,2,762.5,2294,0,0,,0,0.0677,611,0,557.4,14.3641,0.1636,84.33,0.000207689,1
1790510155.932974,2,763.5,2295,0,0,,0,0.0677,611,0,577.4,14.3640,0.1622,84.32,0.000207689,1
1790510156.932983,2,764.5,2296,0,0,,0,0.0677,611,0,566.6,14.3638,0.1611,84.33,0.000207689,1
1790510157.999688,2,765.6,2297,0,0,,0,0.0677,611,0,567.2,14.3637,0.1597,84.33,0.000207689,1
1790510159.066338,2,766.7,2298,0,566,nearby,113,0.063219,566,0,815.5,14.3878,0.3407,83.75,0.000272101,1
1790510160.099650,2,767.7,2299,0,1309,nearby,34,0.063135,566,0,848.2,14.4199,0.6257,83.72,0.000342894,1
1790510161.099678,2,768.7,2300,0,567,nearby,114,0.059182,567,0,730.8,14.4521,0.8997,83.88,0.000620236,1
1790510162.166320,2,769.8,2301,0,1310,nearby,51,0.063676,568,0,761.1,14.4897,1.2182,84.14,0.000249671,1
1790510163.199680,2,770.8,2302,0,1311,nearby,67,0.04996,626,0,671.1,14.5253,1.5520,84.19,0.000686338,1
1790510164.233000,2,771.8,2303,0,0,,0,0.048346,534,0,580.1,14.5454,1.8863,88.68,0.00168634,1
1790510165.233018,2,772.8,2304,0,571,nearby,127,0.050858,571,0,721.9,14.5425,2.1294,89.20,0.000640405,1
1790510166.266360,2,773.9,2305,0,1312,nearby,43,0.0564,949,0,740.1,14.5457,2.4205,89.31,0.000873351,1
1790510167.299701,2,774.9,2306,0,574,nearby,82,0.06396,574,0,678.6,14.5471,2.7177,89.49,0.00163402,1
1790510168.366362,2,776.0,2307,0,1313,nearby,49,0.066332,572,0,757.5,14.5474,2.9976,89.60,0.0013973,1
1790510169.366365,2,777.0,2308,0,575,nearby,75,0.061384,575,0,700.4,14.5472,3.2696,89.70,0.00149693,1
1790510170.399701,2,778.0,2309,0,1314,nearby,63,0.050383,569,0,687.9,14.5490,3.5841,89.79,0.00231045,1
1790510171.399702,2,779.0,2310,0,580,nearby,47,0.049152,580,0,691.9,14.5500,3.8758,89.91,0.00321455,1
1790510172.399707,2,780.0,2311,0,1314,nearby,56,0.054501,578,0,772.7,14.5432,4.1338,89.98,0.000501079,1
1790510173.399718,2,781.0,2312,0,579,nearby,99,0.055344,555,0,643.1,14.5417,4.4405,90.11,0.000762343,1
1790510174.433047,2,782.0,2313,0,577,nearby,55,0.044106,625,0,757.1,14.5424,4.7441,90.15,0.000681742,1
1790510175.433053,2,783.0,2314,0,1315,nearby,70,0.047228,574,0,650.0,14.5402,5.0358,90.34,0.00105213,1
1790510176.466399,2,784.1,2315,0,1315,nearby,55,0.046911,1356,0,680.1,14.5382,5.3531,90.32,0.00170891,1
1790510177.466418,2,785.1,2316,0,585,nearby,82,0.052215,1350,0,773.3,14.5413,5.6578,89.14,0.00130586,1
1790510178.499748,2,786.1,2317,0,586,nearby,101,0.056218,1347,0,716.8,14.5436,5.9828,89.07,0.000264298,1
1790510179.533076,2,787.1,2318,0,1317,nearby,64,0.057128,1317,0,770.4,14.5489,6.3393,89.14,0.000965838,1
1790510180.533085,2,788.1,2319,0,589,nearby,86,0.049875,1317,0,765.3,14.5513,6.6391,89.36,0.00130076,1
1790510181.533086,2,789.1,2320,0,1318,nearby,54,0.049849,1318,0,656.0,14.5554,6.9355,89.45,0.00207741,1
1790510182.533101,2,790.1,2321,0,1322,nearby,87,0.052617,586,0,714.0,14.5578,7.2493,89.49,0.0024788,1
1790510183.566419,2,791.2,2322,0,1321,nearby,100,0.049717,593,0,822.2,14.5552,7.5180,89.52,0.000548503,1
1790510184.599745,2,792.2,2323,0,1324,nearby,77,0.046658,651,0,702.1,14.5570,7.8137,89.65,0.00153255,1
1790510185.599772,2,793.2,2324,0,1323,nearby,119,0.052546,566,0,736.7,14.5543,8.0845,89.69,0.000919584,1
1790510186.633102,2,794.2,2325,0,602,nearby,75,0.049734,1341,0,848.7,14.5591,8.3834,89.79,0.00110941,1
1790510187.666430,2,795.3,2326,0,0,,0,0.053056,606,0,595.9,14.5600,8.6756,89.61,0.00210941,1
1790510188.733425,2,796.3,2327,0,1325,nearby,116,0.050933,1327,0,725.3,14.5593,8.9330,88.60,0.00117044,1
1790510189.766443,2,797.4,2328,0,603,nearby,94,0.053107,1328,0,842.6,14.5663,9.1920,88.10,0.00099147,1
1790510190.799848,2,798.4,2329,0,1331,nearby,121,0.053502,580,0,753.2,14.5741,9.4526,87.87,0.00101534,1
1790510191.866457,2,799.5,2330,0,1333,nearby,79,0.058402,1333,0,785.7,14.5824,9.7147,87.80,0.00137199,1
1790510192.899780,2,800.5,2331,0,603,nearby,56,0.055896,1331,0,815.2,14.5837,9.8119,87.82,0.000961439,1
1790510193.899803,2,801.5,2332,0,0,,0,0.055896,1331,0,597.7,14.5842,9.8154,85.38,0.000961439,1
1790510194.966473,2,802.6,2333,0,1326,nearby,60,0.047295,600,0,721.7,14.5899,9.8251,71.72,0.00176345,1
1790510195.999817,2,803.6,2334,0,1328,nearby,55,0.050054,655,0,666.6,14.6058,9.8065,52.54,0.00187726,1
1790510197.066479,2,804.7,2335,0,0,,0,0.071936,555,0,230.6,14.5963,9.7996,27.34,0.00287726,1
1790510198.066493,2,805.7,2336,0,0,,0,0,0,0,87.5,14.5962,9.8003,2.94,0.00387726,1
1790510199.133152,2,806.7,2337,0,0,,0,0.08999,611,1,243.0,14.5975,9.8004,-23.13,0.00487726,1
1790510200.133161,2,807.7,2338,0,0,,0,0.081822,612,1,390.8,14.5977,9.8002,-46.57,0.00587726,1
1790510201.199822,2,808.8,2339,0,625,nearby,56,0.059792,1341,0,816.2,14.6215,9.7831,-70.13,0.00317521,1
1790510202.233198,2,809.8,2340,0,1342,nearby,53,0.058391,617,0,779.4,14.6091,9.7705,-90.92,0.00282737,1
1790510203.299846,2,810.9,2341,0,0,,0,0.058391,617,0,557.8,14.6099,9.7739,-90.49,0.00282737,1
1790510204.333175,2,811.9,2342,0,0,,0,0.058391,617,0,563.4,14.6099,9.7769,-90.47,0.00282737,1
1790510205.333186,2,812.9,2343,0,0,,0,0.058391,617,0,568.3,14.6099,9.7771,-90.46,0.00282737,1
1790510206.399845,2,814.0,2344,0,0,,0,0.058391,617,0,588.3,14.6099,9.7773,-90.45,0.00282737,1
1790510207.399880,2,815.0,2345,0,0,,0,0.058391,617,0,593.4,14.6100,9.7789,-90.47,0.00282737,1
1790510208.466533,2,816.1,2346,0,0,,0,0.058391,617,0,567.6,14.6100,9.7768,-90.47,0.00282737,1
1790510209.499860,2,817.1,2347,0,0,,0,0.058391,617,0,546.9,14.6100,9.7755,-90.46,0.00282737,1
1790510210.499869,2,818.1,2348,0,0,,0,0.058391,617,0,570.2,14.6100,9.7756,-90.46,0.00282737,1
1790510211.499883,2,819.1,2349,0,0,,0,0.058391,617,0,562.6,14.6100,9.7752,-90.44,0.00282737,1
1790510212.533234,2,820.1,2350,0,0,,0,0.058391,617,0,577.4,14.6101,9.7746,-90.43,0.00282737,1
1790510213.599903,2,821.2,2351,0,0,,0,0.058391,617,0,561.4,14.6100,9.7729,-90.44,0.00282737,1
1790510214.666542,2,822.3,2352,0,623,nearby,70,0.05311,1342,0,770.8,14.6163,9.6217,-90.62,0.00104585,1
1790510215.699909,2,823.3,2353,0,624,nearby,79,0.049446,1316,0,803.9,14.6171,9.3601,-90.62,0.000389728,1
1790510216.699917,2,824.3,2354,0,625,nearby,80,0.055752,612,0,680.7,14.6173,9.1112,-90.47,0.000348066,1
1790510217.766564,2,825.4,2355,0,626,nearby,84,0.059814,1343,0,740.4,14.6147,8.8299,-90.40,0.000904004,1
1790510218.799894,2,826.4,2356,0,627,nearby,82,0.052137,1342,0,773.8,14.6142,8.5595,-90.38,0.00129913,1
1790510219.799916,2,827.4,2357,0,1344,nearby,88,0.05487,1344,0,664.5,14.6151,8.3031,-90.33,0.00198559,1
1790510220.799922,2,828.4,2358,0,1343,nearby,59,0.054143,1292,0,717.9,14.6136,8.0488,-90.22,0.00184192,1
1790510221.866576,2,829.5,2359,0,1348,nearby,84,0.05407,629,0,827.2,14.6123,7.7890,-90.08,0.000853035,1
1790510222.899929,2,830.5,2360,0,1346,nearby,87,0.05156,631,0,884.2,14.6126,7.5288,-89.98,0.000894964,1
1790510223.966581,2,831.6,2361,0,1348,nearby,113,0.057223,1348,0,762.4,14.6138,7.2477,-89.91,0.00118239,1
1790510224.999941,2,832.6,2362,0,629,nearby,52,0.049576,1346,0,898.7,14.6142,6.9790,-89.82,0.00196693,1
1790510226.066600,2,833.7,2363,0,634,nearby,75,0.050757,1348,0,899.6,14.6162,6.7110,-89.70,0.00143293,1
1790510227.099936,2,834.7,2364,0,633,nearby,132,0.066956,611,0,740.0,14.6194,6.4619,-89.58,0.000748515,1
1790510228.133264,2,835.7,2365,0,1349,nearby,120,0.06225,611,0,842.5,14.6187,6.2044,-89.52,0.000180771,1
1790510229.133298,2,836.7,2366,0,632,nearby,65,0.064804,1349,0,829.0,14.6233,5.9470,-89.57,0.000455233,1
1790510230.199951,2,837.8,2367,0,637,nearby,77,0.055757,637,0,766.4,14.6228,5.6609,-89.42,0.00108237,1
1790510231.199957,2,838.8,2368,0,1349,nearby,84,0.058195,636,0,865.8,14.6311,5.4293,-89.22,0.000195998,1
1790510232.199960,2,839.8,2369,0,636,nearby,105,0.057291,636,0,738.7,14.6353,5.1729,-89.17,0.000675631,1
1790510233.233306,2,840.8,2370,0,1351,nearby,77,0.059264,636,0,869.2,14.6383,4.8969,-89.15,0.000907892,1
1790510234.299967,2,841.9,2371,0,640,nearby,95,0.058893,638,0,776.9,14.6427,4.6244,-89.04,0.000862376,1
1790510235.299974,2,842.9,2372,0,638,nearby,129,0.056745,638,0,835.5,14.6505,4.3772,-89.00,0.000715286,1
1790510236.333317,2,843.9,2373,0,638,nearby,87,0.072915,638,0,922.0,14.6544,4.1160,-88.83,0.000261983,1
1790510237.333334,2,844.9,2374,0,1352,nearby,175,0.065553,640,0,890.3,14.6608,3.8631,-88.77,0.000259696,1
1790510238.366662,2,846.0,2375,0,641,nearby,167,0.077532,641,0,850.2,14.6671,3.6057,-88.64,0.0001504,1
1790510239.399991,2,847.0,2376,0,1354,nearby,154,0.068867,642,0,855.6,14.6743,3.3446,-88.60,0.000232802,1
1790510240.400001,2,848.0,2377,0,1353,nearby,150,0.05497,1353,0,883.2,14.6810,3.0965,-88.64,0.000536609,1
1790510241.466664,2,849.1,2378,0,1355,nearby,184,0.069192,644,0,903.2,14.6891,2.8382,-88.46,0.000191258,1
1790510242.466681,2,850.1,2379,644,1356,both,170,0.088594,644,0,835.9,14.6953,2.5921,-88.35,0.000140571,1
1790510243.466682,2,851.1,2380,0,1356,nearby,188,0.079301,644,0,859.7,14.7049,2.3580,-88.31,0.000182423,1
1790510244.500012,2,852.1,2381,0,646,nearby,153,0.082004,645,0,853.0,14.7127,2.1191,-88.24,0.000277922,1
1790510245.500013,2,853.1,2382,0,644,nearby,109,0.075769,1358,0,770.5,14.7214,1.8891,-88.14,0.000195271,1
1790510246.533360,2,854.1,2383,0,646,nearby,196,0.075333,1357,0,769.5,14.7300,1.6813,-88.11,7.04437e-05,1
1790510247.566699,2,855.2,2384,0,1359,nearby,195,0.061361,1359,0,727.3,14.7396,1.4455,-88.91,0.000220512,1
1790510248.566706,2,856.2,2385,0,647,nearby,202,0.06416,1359,0,867.4,14.7071,1.2691,-95.79,5.17659e-05,1
1790510249.600018,2,857.2,2386,0,1359,nearby,188,0.052905,1359,0,744.3,14.6868,1.0532,-95.83,0.000159969,1
1790510250.600046,2,858.2,2387,0,1359,nearby,134,0.054782,1359,0,783.4,14.6627,0.8327,-95.90,0.000297568,1
1790510251.633389,2,859.2,2388,0,649,nearby,97,0.04253,1361,0,915.8,14.6370,0.5821,-95.86,0.000453236,1
1790510252.666715,2,860.3,2389,0,648,nearby,70,0.039265,933,0,978.1,14.6642,0.3466,-94.27,0.000142684,1
1790510253.766721,2,861.4,2390,0,1362,nearby,58,0.034948,662,0,934.0,14.6449,0.0969,-94.99,0.000626173,1
1790510254.766739,2,862.4,2391,0,551,nearby,69,0.038552,1352,0,801.3,14.6205,-0.1280,-94.79,0.00098038,1
1790510255.800061,2,863.4,2392,0,650,nearby,63,0.045741,612,0,964.3,14.5760,-0.3565,-95.06,0.00105345,1
1790510256.833393,2,864.4,2393,0,215,nearby,56,0.037223,610,0,945.6,14.5660,-0.5641,-95.17,0.00137352,1
1790510257.833396,2,865.4,2394,0,215,nearby,54,0.045659,611,0,795.6,14.5566,-0.7553,-93.45,0.00188432,1
1790510258.866729,2,866.5,2395,0,551,nearby,36,0.035414,1358,0,832.2,14.5388,-0.9829,-93.33,0.00206384,1
1790510259.866759,2,867.5,2396,0,652,nearby,49,0.049188,611,0,852.0,14.5314,-1.1953,-93.16,0.00286499,1
1790510260.900080,2,868.5,2397,0,0,,0,0.041066,1358,0,643.0,14.5189,-1.4396,-92.97,0.00386499,1
1790510261.900134,2,869.5,2398,0,655,nearby,57,0.043757,655,0,770.5,14.5044,-1.6832,-92.90,0.00451499,1
1790510262.933420,2,870.5,2399,0,0,,0,0.050142,1344,0,597.8,14.4909,-1.9737,-92.79,0.00551499,1
1790510263.933447,2,871.5,2400,0,0,,0,0.054185,585,0,612.7,14.4776,-2.2507,-92.65,0.00651499,1
1790510265.000100,2,872.6,2401,0,658,nearby,45,0.055262,658,0,668.8,14.4657,-2.4916,-92.55,0.00707298,1
1790510266.066766,2,873.7,2402,0,658,nearby,45,0.054742,1338,0,677.7,14.4532,-2.7390,-92.44,0.00753614,1
1790510267.133431,2,874.7,2403,0,657,nearby,43,0.047064,1308,0,676.9,14.4478,-2.9214,-92.22,0.00300775,1
1790510268.166782,2,875.8,2404,0,0,,0,0.050367,612,0,606.1,14.4402,-3.1339,-92.07,0.00400775,1
1790510269.166790,2,876.8,2405,0,658,nearby,36,0.040305,658,0,672.4,14.4288,-3.3415,-92.01,0.00436211,1
1790510270.200125,2,877.8,2406,0,660,nearby,45,0.044766,1287,0,738.9,14.4140,-3.5663,-92.17,0.0012489,1
1790510271.266790,2,878.9,2407,0,0,,0,0.048247,594,0,656.9,14.4050,-3.8108,-92.12,0.0022489,1
1790510272.266804,2,879.9,2408,0,0,,0,0.042734,598,0,560.4,14.3967,-4.0418,-92.01,0.0032489,1
1790510273.266807,2,880.9,2409,0,0,,0,0.043645,1294,0,604.6,14.3890,-4.2687,-91.92,0.0042489,1
1790510274.300148,2,881.9,2410,0,0,,0,0.048432,924,0,606.6,14.3813,-4.5065,-91.79,0.0052489,1
1790510275.366804,2,883.0,2411,0,663,nearby,55,0.041966,584,0,725.3,14.3799,-4.7016,-91.34,0.00095649,1
1790510276.400140,2,884.0,2412,0,0,,0,0.062031,611,0,647.7,14.3746,-4.9400,-91.24,0.00195649,1
1790510277.400154,2,885.0,2413,0,664,nearby,41,0.04625,336,0,728.5,14.3676,-5.1619,-91.11,0.00206345,1
1790510278.433517,2,886.0,2414,0,665,nearby,43,0.045426,612,0,743.0,14.3649,-5.4017,-91.06,0.00299406,1
1790510279.433602,2,887.0,2415,0,0,,0,0.050903,553,0,696.8,14.3612,-5.6396,-90.95,0.00399406,1
1790510280.466816,2,888.1,2416,0,0,,0,0.063569,611,0,732.5,14.3573,-5.8863,-90.86,0.00499406,1
1790510281.500186,2,889.1,2417,0,0,,0,0.03991,656,0,698.4,14.3542,-6.1146,-90.78,0.00599406,1
1790510282.500186,2,890.1,2418,0,0,,0,0.029479,598,0,702.8,14.3518,-6.3287,-90.73,0.00699406,1
1790510283.533512,2,891.1,2419,0,0,,0,0.037499,667,0,784.8,14.3491,-6.5639,-90.62,0.00799406,1
1790510284.566840,2,892.2,2420,0,0,,0,0.048719,201,0,717.7,14.3467,-6.8011,-90.51,0.00899406,1
1790510285.600195,2,893.2,2421,0,670,nearby,55,0.047837,502,0,843.8,14.3453,-6.9143,-89.96,0.000586204,1
1790510286.600198,2,894.2,2422,0,670,nearby,47,0.04704,1145,0,859.0,14.3542,-7.1288,-90.19,0.000388817,1
1790510287.633531,2,895.2,2423,0,671,nearby,46,0.036873,1338,0,917.4,14.3514,-7.3649,-90.22,0.00100433,1
1790510288.700206,2,896.3,2424,0,672,nearby,41,0.047456,153,0,906.8,14.3509,-7.6001,-90.10,0.00116653,1
1790510289.733777,2,897.3,2425,0,0,,0,0.038435,705,0,820.3,14.3507,-7.8784,-89.96,0.00216653,1
1790510290.800206,2,898.4,2426,0,0,,0,0.04124,877,0,796.1,14.3512,-8.1557,-89.83,0.00316653,1
1790510291.800214,2,899.4,2427,0,674,nearby,64,0.044328,270,0,1004.9,14.3379,-8.3867,-89.74,0.000478361,1
1790510292.833553,2,900.4,2428,0,0,,0,0.035136,173,0,826.4,14.3394,-8.6683,-89.63,0.00147836,1
1790510293.833558,2,901.4,2429,0,675,nearby,69,0.039194,414,0,1003.7,14.3370,-8.9084,-89.42,0.000313025,1
1790510294.866896,2,902.5,2430,0,0,,0,0.042636,1222,0,914.3,14.3402,-9.1904,-89.30,0.00131302,1
1790510295.900238,2,903.5,2431,0,0,,0,0.030863,1334,0,985.3,14.3440,-9.4784,-89.20,0.00231302,1
1790510296.900245,2,904.5,2432,0,0,,0,0.03502,601,0,1021.6,14.3482,-9.7628,-89.09,0.00331302,1
1790510297.900360,2,905.5,2433,0,0,,0,0.045446,706,0,1157.1,14.3532,-10.0483,-88.99,0.00431302,1
1790510298.966919,2,906.6,2434,0,698,nearby,170,0.061975,698,0,1128.3,14.3582,-10.2893,-88.97,3.23554e-05,1
1790510300.000263,2,907.6,2435,0,0,,0,0.045588,279,0,1179.8,14.3635,-10.5854,-88.93,0.00103236,1
1790510301.200268,2,908.8,2436,0,0,,0,0.044177,1251,0,1105.5,14.3710,-10.9365,-88.78,0.00203236,1
1790510302.366941,2,910.0,2437,0,0,,0,0.034692,817,0,1024.4,14.3790,-11.2874,-88.64,0.00303236,1
1790510303.400301,2,911.0,2438,0,708,nearby,103,0.046196,708,0,1121.7,14.3933,-11.5750,-88.56,0.000738083,1
1790510304.500304,2,912.1,2439,0,0,,0,0.049658,720,0,1020.1,14.4028,-11.9238,-88.37,0.00173808,1
1790510305.566988,2,913.2,2440,0,711,nearby,104,0.04381,1227,0,1121.8,14.4195,-12.2439,-88.34,0.00179962,1
1790510306.666977,2,914.3,2441,0,713,nearby,110,0.040772,875,0,1080.1,14.4392,-12.5912,-88.29,0.00188104,1
1790510307.767017,2,915.4,2442,0,0,,0,0.059746,720,0,972.9,14.4453,-12.8005,-88.21,0.00288104,1
1790510308.833685,2,916.4,2443,0,711,nearby,75,0.046372,662,0,1039.9,14.4653,-12.7657,-76.30,0.00126276,1
1790510309.867029,2,917.5,2444,0,0,,0,0.03012,665,0,991.6,14.4691,-12.7728,-57.77,0.00226276,1
1790510310.933689,2,918.5,2445,0,0,,0,0.034989,887,0,881.0,14.4797,-12.7799,-35.48,0.00326276,1
1790510311.933707,2,919.5,2446,0,0,,0,0.038734,1233,0,740.9,14.5013,-12.7870,-13.37,0.00426276,1
1790510312.967051,2,920.6,2447,0,0,,0,0.018386,1246,0,689.4,14.5254,-12.7860,-0.46,0.00526276,1
1790510314.033716,2,921.6,2448,0,0,,0,0.018386,1246,0,710.4,14.5238,-12.7861,-0.46,0.00526276,1
1790510315.033734,2,922.6,2449,0,0,,0,0.018386,1246,0,704.0,14.5245,-12.7861,-0.46,0.00526276,1
1790510316.033749,2,923.6,2450,0,0,,0,0.018386,1246,0,699.0,14.5235,-12.7861,-0.46,0.00526276,1
1790510317.033754,2,924.6,2451,0,0,,0,0.033111,989,0,662.5,14.7185,-12.7866,-0.15,0.00626276,1
1790510318.067093,2,925.7,2452,0,0,,0,0.043749,1,0,662.4,15.0022,-12.7865,0.08,0.00726276,1
1790510319.100429,2,926.7,2453,0,0,,0,0.040599,1248,0,658.4,15.2878,-12.7856,0.26,0.00826276,1
1790510320.100436,2,927.7,2454,0,0,,0,0.03065,145,0,669.8,15.5631,-12.7842,0.37,0.00926276,1
1790510321.100465,2,928.7,2455,0,0,,0,0.025651,1240,0,627.0,15.8418,-12.7820,0.48,0.0102628,1
1790510322.133809,2,929.7,2456,0,0,,0,0.028025,875,0,636.1,16.0055,-12.7804,0.51,0.0112628,1
1790510323.133810,2,930.7,2457,0,0,,0,0.019243,805,0,638.5,15.9989,-12.7803,0.45,0.0112628,1
1790510324.167144,2,931.8,2458,0,0,,0,0.033115,147,0,683.1,15.9876,-12.7798,-6.38,0.0122628,1
1790510325.167163,2,932.8,2459,0,0,,0,0.035815,178,0,755.8,15.9826,-12.7746,-28.29,0.0132628,1
1790510326.200509,2,933.8,2460,0,0,,0,0.023878,426,0,614.7,15.9610,-12.7455,-55.98,0.0142628,1
1790510327.200518,2,934.8,2461,0,0,,0,0.036113,879,0,789.2,15.9576,-12.7365,-82.88,0.0152628,1
1790510328.233853,2,935.8,2462,0,0,,0,0.047652,437,0,853.3,15.9578,-12.7369,-92.42,0.0162628,1
1790510329.267204,2,936.9,2463,0,0,,0,0.045224,720,0,884.2,15.9577,-12.7398,-92.55,0.0162628,1
1790510330.267217,2,937.9,2464,0,0,,0,0.048613,717,0,828.0,15.9459,-13.0089,-92.53,0.0172628,1
1790510331.267236,2,938.9,2465,0,0,,0,0.039915,1240,0,781.8,15.9310,-13.3484,-92.41,0.0182628,1
1790510332.300557,2,939.9,2466,0,0,,0,0.033563,171,0,664.6,15.9170,-13.6973,-92.25,0.0192628,1
1790510333.333895,2,940.9,2467,0,0,,0,0.047675,713,0,629.6,15.9028,-14.0632,-92.17,0.0202628,1
1790510334.367250,2,942.0,2468,0,0,,0,0.035304,875,0,539.0,15.8892,-14.4375,-92.03,0.0212628,1
1790510335.400587,2,943.0,2469,0,0,,0,0.046376,778,0,508.2,15.8763,-14.8085,-91.91,0.0222628,1
1790510336.433927,2,944.0,2470,0,0,,0,0.034488,723,0,470.4,15.8648,-15.1696,-91.79,0.0232628,1
1790510337.433931,2,945.0,2471,0,0,,0,0.049745,720,0,491.1,15.8603,-15.3171,-91.74,0.0242628,1
1790510338.433990,2,946.0,2472,0,0,,0,0.040589,282,0,475.4,15.8603,-15.3162,-91.73,0.0242628,1
1790510339.467293,2,947.1,2473,0,0,,10,0.054476,723,1,531.5,15.8604,-15.3167,-96.27,0.0252628,1
1790510340.500630,2,948.1,2474,0,0,,0,0.056529,778,1,634.8,15.8594,-15.3200,-113.37,0.0262628,1
1790510341.533969,2,949.1,2475,0,0,,0,0.046403,778,0,538.4,15.8439,-15.3392,-130.67,0.0272628,1
1790510342.567326,2,950.2,2476,0,0,,0,0.048727,612,0,636.6,15.8431,-15.3387,-147.96,0.0282628,1
1790510343.567335,2,951.2,2477,0,0,,0,0.03797,780,0,784.0,15.8291,-15.3429,-165.59,0.0292628,1
1790510344.567365,2,952.2,2478,0,0,,0,0.038949,900,0,669.0,15.7913,-15.3429,175.79,0.0302628,1
1790510345.600672,2,953.2,2479,0,0,,0,0.024179,515,0,652.4,15.7780,-15.3406,175.94,0.0302628,1
1790510346.634013,2,954.2,2480,0,0,,0,0.032347,574,0,633.3,15.5603,-15.3249,175.73,0.0312628,1
1790510347.667386,2,955.3,2481,0,0,,0,0.023432,176,0,650.9,15.2548,-15.3022,175.76,0.0322628,1
1790510348.734045,2,956.3,2482,0,0,,0,0.036743,448,0,611.2,14.9474,-15.2800,175.90,0.0332628,1
1790510349.734049,2,957.3,2483,0,0,,0,0.030658,1232,0,552.2,14.6585,-15.2597,176.00,0.0342628,1
1790510350.800723,2,958.4,2484,0,0,,0,0.025925,888,0,586.5,14.3484,-15.2384,176.07,0.0352628,1
1790510351.834082,2,959.4,2485,0,0,,0,0.03308,454,0,622.7,14.0640,-15.2105,171.62,0.0362628,1
1790510352.867419,2,960.5,2486,0,0,,53,0.036808,791,1,594.4,13.7651,-15.1547,170.36,0.0372628,1
1790510353.900755,2,961.5,2487,0,791,nearby,76,0.039405,791,0,627.9,13.4005,-14.9426,168.58,0.0038101,1
1790510354.900768,2,962.5,2488,0,791,nearby,162,0.047276,791,0,735.3,13.0679,-14.8789,168.66,0.0014156,1
1790510355.934111,2,963.5,2489,0,791,nearby,190,0.061877,791,0,837.2,12.7003,-14.8080,168.80,0.00105318,1
1790510356.934121,2,964.5,2490,0,791,nearby,128,0.046911,791,0,892.7,12.3293,-14.7354,168.90,0.00149409,1
1790510357.934138,2,965.5,2491,0,793,nearby,174,0.059931,793,0,859.0,11.9566,-14.6659,169.16,0.00154622,1
1790510358.934141,2,966.5,2492,0,797,nearby,86,0.059858,797,0,848.5,11.5903,-14.6337,176.80,0.00151527,1
1790510360.000823,2,967.6,2493,0,795,nearby,104,0.054969,795,0,836.1,11.2222,-14.6168,177.01,0.00144745,1
1790510361.034163,2,968.6,2494,0,797,nearby,157,0.066806,797,0,858.6,10.8896,-14.6044,177.32,0.00102047,1
1790510362.067508,2,969.7,2495,0,798,nearby,161,0.079157,798,0,855.3,10.5090,-14.5890,177.53,0.0010251,1
1790510363.067508,2,970.7,2496,0,800,nearby,125,0.077038,797,0,840.2,10.1376,-14.5760,177.76,0.00106178,1
1790510364.067568,2,971.7,2497,800,800,both,136,0.081963,800,0,849.0,9.7777,-14.5659,177.91,0.0007986,1
1790510365.134220,2,972.7,2498,0,802,nearby,145,0.069285,799,0,921.2,9.3752,-14.5551,178.15,0.00055146,1
1790510366.134225,2,973.7,2499,0,803,nearby,157,0.077565,802,0,893.3,8.9959,-14.5439,178.32,0.000461577,1
1790510367.200877,2,974.8,2500,804,804,both,138,0.08808,804,0,907.9,8.5917,-14.5342,178.53,0.000435806,1
1790510368.234216,2,975.8,2501,804,804,both,110,0.088064,804,0,924.2,8.2034,-14.5273,178.64,0.000339348,1
1790510369.234249,2,976.8,2502,806,806,both,114,0.089009,806,0,857.8,7.8193,-14.5188,178.83,0.000750988,1
1790510370.267588,2,977.9,2503,806,806,both,65,0.090866,806,0,843.8,7.4329,-14.5139,178.95,0.000503749,1
1790510371.334260,2,978.9,2504,808,808,both,108,0.10399,808,0,806.1,7.0650,-14.5084,179.15,0.00074813,1
1790510372.367653,2,980.0,2505,809,809,both,91,0.086348,809,0,805.9,6.7278,-14.5052,179.32,0.00050407,1
1790510373.400943,2,981.0,2506,0,810,nearby,98,0.074883,809,0,832.7,6.3913,-14.5040,179.48,0.000444195,1
1790510374.434297,2,982.0,2507,0,809,nearby,52,0.076525,809,0,862.4,6.0374,-14.5012,179.64,0.00122236,1
1790510375.500964,2,983.1,2508,0,812,nearby,119,0.060163,812,0,876.2,5.7002,-14.5030,179.86,0.00038386,1
1790510376.500964,2,984.1,2509,0,0,,0,0.062734,806,0,826.1,5.3675,-14.5026,179.96,0.00138386,1
1790510377.500965,2,985.1,2510,0,0,,0,0.054579,810,0,795.6,5.0316,-14.5031,-179.90,0.00238386,1
1790510378.567656,2,986.2,2511,0,0,,0,0.050792,820,0,834.7,4.6524,-14.5042,-179.76,0.00338386,1
1790510379.601000,2,987.2,2512,0,815,nearby,105,0.051237,815,0,926.6,4.3081,-14.5071,-179.61,0.00271512,1
1790510380.601010,2,988.2,2513,0,817,nearby,117,0.047367,817,0,951.8,3.9613,-14.5115,-179.42,0.0027127,1
1790510381.634338,2,989.2,2514,0,817,nearby,125,0.046068,817,0,890.2,3.6290,-14.5168,-179.31,0.00214822,1
1790510382.634364,2,990.2,2515,0,819,nearby,131,0.038526,819,0,926.9,3.3080,-14.5210,-179.14,0.00193468,1
1790510383.667712,2,991.3,2516,0,820,nearby,131,0.043826,820,0,886.3,2.9683,-14.5270,-178.98,0.0021043,1
1790510384.701046,2,992.3,2517,0,821,nearby,159,0.060289,821,0,915.2,2.6556,-14.5342,-178.86,0.00176902,1
1790510385.734379,2,993.3,2518,0,822,nearby,151,0.074446,822,0,904.3,2.3390,-14.5436,-178.67,0.00127726,1
1790510386.767730,2,994.4,2519,0,823,nearby,154,0.075647,823,0,908.1,2.0006,-14.5541,-178.57,0.00167812,1
1790510387.767745,2,995.4,2520,0,824,nearby,160,0.076485,824,0,870.0,1.6853,-14.5628,-178.45,0.00203676,1
1790510388.767750,2,996.4,2521,0,826,nearby,140,0.069463,824,0,871.3,1.3761,-14.5728,-178.22,0.00191571,1
1790510389.767758,2,997.4,2522,0,826,nearby,160,0.076482,826,0,922.9,1.0659,-14.5842,-178.12,0.00156519,1
1790510390.834443,2,998.4,2523,0,827,nearby,165,0.065682,825,0,988.2,0.7421,-14.5958,-178.05,0.00173797,1
1790510391.834446,2,999.4,2524,0,828,nearby,191,0.067399,828,0,892.3,0.4600,-14.5695,174.74,0.00174991,1
1790510392.867801,2,1000.5,2525,0,827,nearby,117,0.062284,827,0,876.8,0.1047,-14.5390,174.62,0.00186005,1
1790510393.901147,2,1001.5,2526,0,0,,46,0.059293,826,1,911.0,-0.2836,-14.5033,174.72,0.00286005,1
1790510394.967801,2,1002.6,2527,0,829,nearby,106,0.057061,829,0,991.6,-0.6712,-14.4670,174.89,0.00229134,1
1790510395.967825,2,1003.6,2528,0,0,,0,0.048248,829,0,849.1,-1.0235,-14.4365,175.04,0.00329134,1
1790510397.001174,2,1004.6,2529,0,0,,0,0.04318,827,0,852.4,-1.3673,-14.4075,175.19,0.00429134,1
1790510398.034506,2,1005.6,2530,0,0,,0,0.04382,828,0,842.0,-1.7171,-14.3784,175.34,0.00529134,1
1790510399.067842,2,1006.7,2531,0,0,,0,0.043695,138,0,867.6,-2.0753,-14.3509,175.51,0.00629134,1
1790510400.101204,2,1007.7,2532,0,0,,0,0.042175,828,0,824.0,-2.4220,-14.3246,175.69,0.00729134,1
1790510401.101237,2,1008.7,2533,0,0,,0,0.037062,798,0,835.9,-2.7560,-14.3000,175.83,0.00829134,1
1790510402.167873,2,1009.8,2534,0,0,,0,0.048246,138,0,848.8,-2.9261,-14.2878,175.92,0.00929134,1
1790510403.201208,2,1010.8,2535,0,0,,0,0.048246,138,0,730.6,-2.9333,-14.2873,175.93,0.00929134,1
1790510404.201230,2,1011.8,2536,0,0,,0,0.048246,138,0,765.3,-2.9298,-14.2876,175.94,0.00929134,1
1790510405.234576,2,1012.8,2537,0,0,,0,0.048246,138,0,783.1,-2.9308,-14.2875,175.93,0.00929134,1
1790510406.301235,2,1013.9,2538,0,0,,0,0.048246,138,0,837.1,-2.9323,-14.2874,175.91,0.00929134,1
1790510407.301255,2,1014.9,2539,0,0,,0,0.048246,138,0,806.1,-2.9332,-14.2873,175.93,0.00929134,1
1790510408.334588,2,1015.9,2540,0,0,,0,0.048246,138,0,859.3,-2.9346,-14.2872,175.95,0.00929134,1
1790510409.334612,2,1016.9,2541,0,0,,0,0.048246,138,0,797.1,-2.9351,-14.2871,175.95,0.00929134,1
1790510410.334618,2,1017.9,2542,0,0,,0,0.048246,138,0,848.4,-2.9349,-14.2872,175.96,0.00929134,1
1790510411.334624,2,1018.9,2543,0,0,,0,0.048246,138,0,775.3,-2.9363,-14.2870,175.95,0.00929134,1
1790510412.334630,2,1019.9,2544,0,0,,0,0.048246,138,0,785.3,-2.9298,-14.2875,175.93,0.00929134,1
1790510413.367994,2,1021.0,2545,0,0,,0,0.045053,630,0,822.2,-2.7643,-14.2954,178.83,0.0102913,1
1790510414.401336,2,1022.0,2546,0,0,,0,0.040383,1359,0,839.7,-2.4965,-14.2953,179.82,0.0112913,1
1790510415.434676,2,1023.0,2547,0,0,,0,0.04037,146,0,864.2,-2.1607,-14.2964,179.81,0.0122913,1
1790510416.467998,2,1024.1,2548,0,0,,0,0.040098,821,0,846.2,-1.8166,-14.2979,179.72,0.0132913,1
1790510417.534695,2,1025.1,2549,0,0,,0,0.047516,829,0,860.3,-1.4475,-14.3002,179.64,0.0142913,1
1790510418.568036,2,1026.2,2550,0,0,,0,0.049324,139,0,803.3,-1.0813,-14.3033,179.47,0.0152913,1
1790510419.601376,2,1027.2,2551,0,0,,102,0.046706,829,1,897.5,-0.7162,-14.3073,179.36,0.0162913,1
1790510420.601384,2,1028.2,2552,0,0,,0,0.054244,141,0,920.6,-0.3776,-14.3120,179.21,0.0172913,1
1790510421.601396,2,1029.2,2553,0,827,nearby,89,0.043997,141,0,912.3,-0.0845,-14.3406,178.84,0.00354017,1
1790510422.601405,2,1030.2,2554,0,0,,0,0.043997,141,0,784.3,-0.0506,-14.3414,178.88,0.00354017,1
1790510423.601409,2,1031.2,2555,0,829,nearby,103,0.050855,829,0,946.0,-0.0675,-14.3111,162.72,0.00177233,1
1790510424.634751,2,1032.2,2556,0,0,,0,0.050929,830,0,584.1,-0.0914,-14.2815,129.77,0.00277233,1
1790510425.634753,2,1033.2,2557,0,412,nearby,54,0.042312,1344,0,834.4,-0.0188,-14.2291,97.58,0.00099914,1
1790510426.634778,2,1034.2,2558,0,0,,88,0.052876,386,1,898.7,-0.0187,-14.2138,89.77,0.00199914,1
1790510427.668127,2,1035.3,2559,0,0,,58,0.059821,410,1,804.4,-0.0165,-14.1478,88.47,0.00299914,1
1790510428.701476,2,1036.3,2560,0,0,,74,0.06193,412,1,839.3,-0.0069,-13.7742,88.54,0.00399914,1
1790510429.768124,2,1037.4,2561,0,0,,108,0.048433,832,1,823.9,0.0032,-13.3526,88.69,0.00499914,1
1790510430.801594,2,1038.4,2562,0,414,nearby,93,0.061161,414,0,767.1,-0.0319,-13.2414,89.84,0.00141593,1
1790510431.834827,2,1039.4,2563,0,416,nearby,88,0.05402,414,0,750.5,-0.0323,-12.8091,90.25,0.00196251,1
1790510432.834830,2,1040.4,2564,0,415,nearby,116,0.059836,415,0,740.4,-0.0387,-12.5062,90.43,0.000976054,1
1790510433.868166,2,1041.5,2565,0,415,nearby,82,0.063491,415,0,701.5,-0.0435,-12.1100,90.64,0.00138713,1
1790510434.868195,2,1042.5,2566,0,417,nearby,103,0.056589,417,0,689.0,-0.0567,-11.7626,90.91,0.000809914,1
1790510435.901526,2,1043.5,2567,0,418,nearby,125,0.066348,418,0,695.9,-0.0638,-11.3620,91.12,0.00136566,1
1790510436.901528,2,1044.5,2568,0,419,nearby,104,0.052445,419,0,741.1,-0.0764,-10.9916,91.32,0.0013685,1
1790510437.934873,2,1045.5,2569,0,422,nearby,104,0.056633,418,0,752.4,-0.0861,-10.5869,91.42,0.0018539,1
1790510438.934886,2,1046.5,2570,0,421,nearby,114,0.054627,421,0,684.5,-0.0867,-10.2038,90.14,0.00239949,1
1790510439.968243,2,1047.6,2571,0,0,,0,0.056819,917,0,623.0,-0.0870,-9.7970,90.13,0.00339949,1
1790510441.034902,2,1048.6,2572,0,423,nearby,124,0.060926,423,0,765.6,-0.0983,-9.4437,90.35,0.00164644,1
1790510442.068252,2,1049.7,2573,0,422,nearby,81,0.048598,422,0,731.0,-0.1024,-9.0527,90.40,0.00181518,1
1790510443.134913,2,1050.7,2574,0,426,nearby,140,0.06331,425,0,725.7,-0.1067,-8.6604,90.70,0.00142543,1
1790510444.134941,2,1051.7,2575,0,425,nearby,111,0.066024,425,0,794.6,-0.1144,-8.2693,90.76,0.00178843,1
1790510445.134942,2,1052.7,2576,0,0,,0,0.061214,425,0,639.9,-0.1203,-7.8734,90.92,0.00278843,1
1790510446.168281,2,1053.8,2577,0,428,nearby,156,0.066656,428,0,764.2,-0.1276,-7.5035,91.15,0.00226984,1
1790510447.168296,2,1054.8,2578,0,429,nearby,147,0.066043,429,0,784.8,-0.1395,-7.1079,91.32,0.00243959,1
1790510448.168305,2,1055.8,2579,0,431,nearby,171,0.078218,431,0,766.7,-0.1491,-6.7649,91.49,0.00225277,1
1790510449.201657,2,1056.8,2580,432,432,both,194,0.081557,432,0,770.7,-0.1607,-6.3661,91.71,0.00235077,1
1790510450.201659,2,1057.8,2581,0,434,nearby,175,0.069355,432,0,756.0,-0.1785,-6.0332,91.88,0.00114106,1
1790510451.234992,2,1058.8,2582,0,434,nearby,207,0.074521,434,0,749.8,-0.1959,-5.6597,92.04,0.000525791,1
1790510452.235010,2,1059.8,2583,0,434,nearby,162,0.071985,434,0,756.4,-0.2108,-5.2915,92.14,0.000602684,1
1790510453.268364,2,1060.9,2584,0,436,nearby,204,0.061162,436,0,768.7,-0.2122,-4.9316,88.84,0.00114984,1
1790510454.301703,2,1061.9,2585,0,437,nearby,199,0.077275,437,0,756.3,-0.2047,-4.5988,88.71,0.000882777,1
1790510455.301708,2,1062.9,2586,0,438,nearby,212,0.1009,437,0,754.9,-0.1987,-4.2514,88.84,0.00104132,1
1790510456.335036,2,1063.9,2587,439,439,both,195,0.11065,439,0,760.3,-0.1936,-3.9090,88.98,0.00092873,1
1790510457.368406,2,1065.0,2588,0,440,nearby,237,0.13479,439,0,801.9,-0.1884,-3.5597,89.15,0.00116159,1
1790510458.435069,2,1066.0,2589,440,440,both,243,0.15993,440,0,742.5,-0.1856,-3.2116,89.28,0.001186,1
1790510459.435093,2,1067.0,2590,441,441,both,251,0.17054,441,0,765.1,-0.1853,-2.8905,89.44,0.000899649,1
1790510460.468417,2,1068.1,2591,442,442,both,259,0.15272,442,0,769.0,-0.1802,-2.5620,87.49,0.000396008,1
1790510461.501768,2,1069.1,2592,443,443,both,311,0.16746,443,0,719.1,-0.1650,-2.2536,86.99,0.0003205,1
1790510462.535111,2,1070.1,2593,444,444,both,289,0.21783,444,0,745.0,-0.1481,-1.9271,86.94,0.000162961,1
1790510463.568438,2,1071.2,2594,445,445,both,304,0.30759,445,0,677.8,-0.1316,-1.5851,87.05,0.000173766,1
1790510464.568443,2,1072.2,2595,446,446,both,247,0.39637,446,0,685.2,-0.1158,-1.2568,87.18,0.000156023,1
1790510465.601806,2,1073.2,2596,447,447,both,234,0.45838,447,0,657.1,-0.1015,-0.9145,87.31,4.54674e-05,1
1790510466.635149,2,1074.2,2597,448,448,both,197,0.42508,448,0,612.0,-0.0873,-0.5774,87.48,2.85868e-05,1
1790510467.668482,2,1075.3,2598,0,454,nearby,110,0.34901,449,0,597.1,-0.0765,-0.2748,87.56,0.000721088,1
1790510468.701824,2,1076.3,2599,0,454,nearby,99,0.35783,448,0,650.3,-0.0710,-0.2891,80.78,0.00104619,1
1790510469.801837,2,1077.4,2600,455,455,both,90,0.32972,455,0,735.5,-0.0142,-0.3113,56.33,0.000195638,1
1790510470.801856,2,1078.4,2601,456,1500,both,52,0.16242,456,0,990.8,0.0232,-0.3467,34.63,0.000164932,1
1790510471.835193,2,1079.4,2602,456,1490,both,79,0.10347,456,0,964.5,0.0951,-0.3209,29.56,0.000349884,1
1790510472.835229,2,1080.4,2603,0,1499,nearby,83,0.074374,455,0,912.6,0.3537,-0.1689,29.71,0.000799828,1
1790510473.868778,2,1081.5,2604,0,1498,nearby,86,0.074021,1,0,935.0,0.6473,-0.0021,29.90,0.00118843,1
1790510474.935236,2,1082.5,2605,0,1498,nearby,69,0.074427,611,0,763.0,0.8247,0.1010,29.94,0.00206272,1
1790510475.935236,2,1083.5,2606,0,1500,nearby,112,0.055333,488,0,1101.0,0.8291,0.0796,12.45,0.00160676,1
1790510476.968573,2,1084.6,2607,0,1498,nearby,122,0.067062,492,0,1151.3,0.8482,0.0586,-3.35,0.00154416,1
1790510477.968577,2,1085.6,2608,0,0,,0,0.067062,492,0,776.6,0.8525,0.0586,-3.32,0.00154416,1
1790510478.968612,2,1086.6,2609,0,0,,0,0.067062,492,0,784.1,0.8543,0.0585,-3.31,0.00154416,1
1790510480.068613,2,1087.7,2610,0,0,,0,0.067062,492,0,808.9,0.8521,0.0582,-1.45,0.00154416,1
1790510481.068623,2,1088.7,2611,0,1500,nearby,130,0.079521,489,0,1185.7,0.6651,0.0405,-1.34,0.000870293,1
1790510482.135277,2,1089.7,2612,139,1491,both,144,0.091341,139,0,1056.9,0.4093,0.0330,-1.34,0.000450573,1
1790510483.135288,2,1090.7,2613,141,457,both,128,0.09066,141,0,1092.2,0.2023,0.0371,-1.40,0.000890131,1
1790510484.168649,2,1091.8,2614,0,458,nearby,132,0.078966,138,0,1119.3,0.2007,0.0204,-7.90,0.000546867,1
1790510485.301985,2,1092.9,2615,0,0,,0,0.060105,493,0,703.5,0.2212,0.0100,-35.89,0.00154687,1
1790510486.301991,2,1093.9,2616,0,0,,0,0.043609,1144,0,782.1,0.2324,-0.0041,-60.95,0.00254687,1
1790510487.335331,2,1094.9,2617,0,329,nearby,53,0.039027,397,0,879.7,0.2407,0.0089,-86.77,0.000208487,1
1790510488.335353,2,1095.9,2618,0,1143,nearby,66,0.059263,611,0,953.2,0.2234,-0.0031,-92.30,0.000243946,1
1790510489.368685,2,1097.0,2619,0,0,,0,0.059263,611,0,725.8,0.2233,-0.0067,-92.30,0.000243946,1
1790510490.368689,2,1098.0,2620,0,0,,0,0.059263,611,0,672.7,0.2228,-0.0183,-92.39,0.000243946,1
1790510491.368695,2,1099.0,2621,0,330,nearby,46,0.036685,907,0,941.8,0.2140,-0.2447,-92.50,0.000415553,1
1790510492.368717,2,1100.0,2622,0,332,nearby,43,0.039839,1145,0,936.1,0.2012,-0.5451,-92.42,0.000986926,1
1790510493.368733,2,1101.0,2623,0,1144,nearby,38,0.043829,658,0,868.4,0.1910,-0.8602,-92.38,0.00134026,1
1790510494.402062,2,1102.0,2624,0,333,nearby,60,0.046809,333,0,870.4,0.1768,-1.1821,-92.21,0.00139577,1
1790510495.402068,2,1103.0,2625,0,0,,0,0.039028,337,0,741.3,0.1650,-1.4996,-92.06,0.00239577,1
1790510496.402080,2,1104.0,2626,0,0,,0,0.039552,357,0,767.1,0.1544,-1.7974,-91.99,0.00339577,1
1790510497.435434,2,1105.0,2627,0,336,nearby,43,0.05398,1148,0,919.6,0.1522,-2.0378,-92.05,0.00046678,1
1790510498.502112,2,1106.1,2628,0,336,nearby,28,0.045535,260,0,776.2,0.1411,-2.3665,-91.91,0.00140581,1
1790510499.502117,2,1107.1,2629,0,338,nearby,34,0.031071,574,0,905.4,0.1217,-2.7057,-91.86,0.00098242,1
1790510500.502117,2,1108.1,2630,0,1149,nearby,38,0.039758,341,0,939.7,0.1056,-3.0408,-91.69,0.000964612,1
1790510501.535486,2,1109.1,2631,0,0,,0,0.036083,329,0,816.0,0.0956,-3.4051,-91.58,0.00196461,1
1790510502.535529,2,1110.1,2632,0,1150,nearby,68,0.038219,506,0,903.0,0.0898,-3.7279,-91.33,0.00140991,1
1790510503.602166,2,1111.2,2633,0,0,,0,0.039486,1150,0,901.8,0.0822,-4.0944,-91.19,0.00240991,1
1790510504.635504,2,1112.2,2634,0,0,,0,0.042825,357,0,898.9,0.0757,-4.4387,-91.07,0.00340991,1
1790510505.702181,2,1113.3,2635,0,343,nearby,28,0.032624,582,0,847.4,0.0753,-4.7760,-90.62,0.00361839,1
1790510506.702182,2,1114.3,2636,0,0,,0,0.04047,669,0,828.2,0.0725,-5.1179,-90.47,0.00461839,1
1790510507.702194,2,1115.3,2637,0,0,,0,0.041877,928,0,897.0,0.0703,-5.4505,-90.32,0.00561839,1
1790510508.702204,2,1116.3,2638,0,0,,0,0.042006,163,0,740.8,0.0688,-5.7863,-90.22,0.00661839,1
1790510509.768868,2,1117.4,2639,0,0,,0,0.038749,168,0,767.2,0.0681,-6.1317,-90.10,0.00761839,1
1790510510.802233,2,1118.4,2640,0,0,,0,0.038689,341,0,698.7,0.0681,-6.4698,-90.00,0.00861839,1
1790510511.868897,2,1119.5,2641,0,0,,0,0.039461,665,0,870.4,0.0688,-6.8158,-89.86,0.00961839,1
1790510512.868906,2,1120.5,2642,0,0,,0,0.031322,1302,0,750.2,0.0703,-7.1464,-89.72,0.0106184,1
1790510513.968901,2,1121.6,2643,0,0,,0,0.030848,612,0,785.0,0.0729,-7.5184,-89.58,0.0116184,1
1790510514.968933,2,1122.6,2644,0,0,,0,0.02958,1294,0,804.1,0.0760,-7.8571,-89.47,0.0126184,1
1790510515.968939,2,1123.6,2645,0,0,,0,0.031631,360,0,675.0,0.0790,-8.1645,-89.34,0.0136184,1
1790510516.968942,2,1124.6,2646,0,0,,0,0.030578,1352,0,801.6,0.0831,-8.4997,-89.28,0.0146184,1
1790510517.968948,2,1125.6,2647,0,0,,0,0.032402,494,0,798.5,0.0886,-8.8412,-89.14,0.0156184,1
1790510518.968967,2,1126.6,2648,0,0,,0,0.035404,390,0,737.9,0.0941,-9.1814,-89.01,0.0166184,1
1790510520.002300,2,1127.6,2649,0,0,,0,0.039275,360,0,714.5,0.1002,-9.5260,-88.92,0.0176184,1
1790510521.035637,2,1128.6,2650,0,0,,0,0.025907,494,0,802.5,0.1024,-9.8701,-90.46,0.0186184,1
1790510522.068980,2,1129.7,2651,0,0,,0,0.032583,803,0,831.2,0.0990,-10.2103,-90.50,0.0196184,1
1790510523.068980,2,1130.7,2652,0,0,,0,0.035246,611,0,737.2,0.0965,-10.5383,-90.41,0.0206184,1
1790510524.102345,2,1131.7,2653,0,0,,0,0.035366,778,0,781.1,0.0949,-10.8802,-90.28,0.0216184,1
1790510525.102360,2,1132.7,2654,0,0,,0,0.031618,642,0,736.6,0.0938,-11.2136,-90.17,0.0226184,1
1790510526.169018,2,1133.8,2655,0,0,,0,0.03664,1168,0,785.9,0.0933,-11.5772,-90.07,0.0236184,1
1790510527.202365,2,1134.8,2656,0,0,,0,0.035644,640,0,861.6,0.0895,-11.9096,-91.01,0.0246184,1
1790510528.202404,2,1135.8,2657,0,0,,0,0.045956,1169,0,769.9,0.0838,-12.2261,-91.06,0.0256184,1
1790510529.269059,2,1136.9,2658,0,0,,0,0.046174,1169,0,768.6,0.0781,-12.5525,-90.99,0.0266184,1
1790510530.269069,2,1137.9,2659,0,0,,0,0.042063,174,0,658.5,0.0726,-12.8884,-90.88,0.0276184,1
1790510531.335736,2,1138.9,2660,0,0,,0,0.037222,1335,0,637.1,0.0682,-13.2437,-90.71,0.0286184,1
1790510532.335757,2,1139.9,2661,0,0,,0,0.03655,175,0,595.2,0.0648,-13.5745,-90.55,0.0296184,1
1790510533.335764,2,1140.9,2662,0,0,,0,0.035289,532,0,490.6,0.0621,-13.8960,-90.44,0.0306184,1
1790510534.369105,2,1142.0,2663,0,0,,0,0.033113,894,0,457.5,0.0619,-14.2298,-90.29,0.0316184,1
1790510535.369118,2,1143.0,2664,0,0,,0,0.03891,1179,0,377.8,0.0596,-14.5616,-90.25,0.0326184,1
1790510536.435777,2,1144.0,2665,0,0,,0,0.065936,397,1,292.2,0.0582,-14.9342,-90.14,0.0336184,1
1790510537.469132,2,1145.1,2666,0,0,,0,0.099394,611,1,312.1,0.0579,-15.0969,-90.13,0.0346184,1
1790510538.469138,2,1146.1,2667,0,0,,0,0.086295,612,1,288.3,0.0579,-15.0973,-90.13,0.0346184,1
1790510539.469168,2,1147.1,2668,0,0,,0,0.10788,611,1,330.6,0.0579,-15.0971,-90.13,0.0346184,1
1790510540.535823,2,1148.1,2669,0,0,,0,0.11345,611,1,283.8,0.0579,-15.0972,-90.14,0.0346184,1
1790510541.535854,2,1149.1,2670,0,0,,0,0.081293,611,1,291.6,0.0579,-15.0972,-90.14,0.0346184,1
1790510542.569178,2,1150.2,2671,0,0,,0,0.1072,611,1,298.3,0.0579,-15.0972,-90.14,0.0346184,1
1790510543.569178,2,1151.2,2672,0,0,,0,0.098306,611,1,279.7,0.0579,-15.0975,-89.03,0.0346184,1
1790510544.602510,2,1152.2,2673,0,0,,0,0.077128,611,1,401.5,0.0588,-15.0996,-72.62,0.0356184,1
1790510545.635871,2,1153.2,2674,0,0,,0,0.047669,612,0,490.0,0.0730,-15.1184,-54.99,0.0366184,1
1790510546.702520,2,1154.3,2675,0,0,,0,0.0385,611,0,825.5,0.0969,-15.1389,-36.62,0.0376184,1
1790510547.735849,2,1155.3,2676,0,0,,79,0.03926,852,1,1182.4,0.1111,-15.1451,-18.30,0.0386184,1
1790510548.735855,2,1156.3,2677,0,853,nearby,70,0.043532,853,0,1071.9,0.0452,-14.4091,-2.23,0.000792121,1
1790510549.769193,2,1157.4,2678,0,0,,0,0.043532,853,0,740.1,0.0538,-14.4088,-2.04,0.000792121,1
1790510550.802546,2,1158.4,2679,0,0,,0,0.043532,853,0,751.9,0.0552,-14.4089,-2.04,0.000792121,1
1790510551.802548,2,1159.4,2680,0,0,,0,0.043532,853,0,817.4,0.0555,-14.4089,-2.06,0.000792121,1
1790510552.802584,2,1160.4,2681,0,0,,0,0.043532,853,0,797.4,0.0571,-14.4089,-2.07,0.000792121,1
1790510553.835878,2,1161.4,2682,0,1184,nearby,108,0.03737,1184,0,996.6,0.2552,-14.4383,-1.53,0.000916343,1
1790510554.869236,2,1162.5,2683,0,854,nearby,71,0.040236,1194,0,1116.2,0.5193,-14.4235,-1.62,0.000802628,1
1790510555.969237,2,1163.6,2684,0,853,nearby,73,0.049273,1191,0,1121.7,0.8134,-14.4379,-1.27,0.000728042,1
1790510557.002571,2,1164.6,2685,0,854,nearby,67,0.03906,448,0,998.3,1.1120,-14.4202,-1.41,0.00110025,1
1790510558.002578,2,1165.6,2686,0,855,nearby,73,0.047712,1195,0,1019.9,1.3760,-14.4530,-1.34,0.00066924,1
1790510559.035918,2,1166.6,2687,0,856,nearby,73,0.052066,1197,0,1053.6,1.6655,-14.4492,-1.85,0.000319446,1
1790510560.069245,2,1167.7,2688,0,855,nearby,60,0.045322,1196,0,971.8,1.9802,-14.4614,-1.47,0.000640951,1
1790510561.069253,2,1168.7,2689,0,1202,nearby,67,0.049421,1195,0,894.5,2.2868,-14.4715,-1.40,0.00113232,1
1790510562.135918,2,1169.7,2690,0,858,nearby,58,0.054277,1200,0,1008.0,2.5768,-14.4852,-3.49,0.000462372,1
1790510563.135918,2,1170.7,2691,0,1199,nearby,99,0.04815,1199,0,844.6,2.8582,-14.5100,-2.96,0.000787062,1
1790510564.135933,2,1171.7,2692,0,858,nearby,47,0.043318,1202,0,984.1,3.1517,-14.5099,-4.25,0.000313526,1
1790510565.169297,2,1172.8,2693,0,1208,nearby,76,0.031107,862,0,1012.9,3.4718,-14.5178,-3.15,0.000762616,1
1790510566.202601,2,1173.8,2694,0,1202,nearby,87,0.042189,1202,0,887.3,3.7842,-14.5490,-2.63,0.000809075,1
1790510567.235939,2,1174.8,2695,0,863,nearby,70,0.048682,1206,0,1049.5,4.0864,-14.5516,-2.15,0.000299096,1
1790510568.235964,2,1175.8,2696,0,864,nearby,68,0.052212,1208,0,1013.4,4.3933,-14.5624,-2.11,0.000608438,1
1790510569.235966,2,1176.8,2697,0,864,nearby,68,0.054336,1212,0,1002.1,4.6882,-14.5773,-2.10,0.00019911,1
1790510570.302626,2,1177.9,2698,0,865,nearby,68,0.053085,1209,0,976.5,5.0365,-14.5816,-1.93,0.000631957,1
1790510571.335953,2,1178.9,2699,0,866,nearby,68,0.039858,986,0,869.9,5.3865,-14.5909,-2.02,0.00139225,1
1790510572.335975,2,1179.9,2700,0,1216,nearby,81,0.038244,867,0,943.8,5.6966,-14.6001,-1.70,0.00111416,1
1790510573.369306,2,1181.0,2701,0,868,nearby,66,0.03863,570,0,778.3,6.0370,-14.6007,-1.77,0.00137531,1
1790510574.435974,2,1182.0,2702,0,1221,nearby,60,0.045437,1221,0,870.1,6.3769,-14.6145,-1.17,0.00120117,1
1790510575.502643,2,1183.1,2703,0,870,nearby,54,0.034138,1155,0,856.9,6.7286,-14.6180,-1.57,0.00144306,1
1790510576.502661,2,1184.1,2704,0,871,nearby,38,0.029504,707,0,953.5,7.0283,-14.6237,-0.97,0.000620388,1
1790510577.536001,2,1185.1,2705,0,1225,nearby,62,0.031841,1225,0,867.8,7.3608,-14.6258,-0.64,0.000512234,1
1790510578.602654,2,1186.2,2706,0,872,nearby,44,0.029647,491,0,911.4,7.7083,-14.6274,-0.87,0.000526505,1
1790510579.602673,2,1187.2,2707,0,0,,0,0.031114,1352,0,671.3,8.0535,-14.6320,-0.74,0.0015265,1
1790510580.635990,2,1188.2,2708,0,1231,nearby,64,0.037839,1231,0,799.5,8.3808,-14.6366,-0.34,0.000920099,1
1790510581.669347,2,1189.3,2709,0,1233,nearby,52,0.030173,872,0,702.9,8.7354,-14.6411,-0.21,0.000572885,1
1790510582.736201,2,1190.3,2710,0,0,,0,0.031246,664,0,728.7,9.1544,-14.6213,6.18,0.00157288,1
1790510583.769346,2,1191.4,2711,0,0,,0,0.035601,875,0,607.2,9.5490,-14.5725,6.80,0.00257288,1
1790510584.802673,2,1192.4,2712,0,0,,0,0.038624,520,0,692.5,9.9470,-14.5236,7.04,0.00357288,1
1790510585.802688,2,1193.4,2713,0,0,,0,0.033946,633,0,830.3,10.3293,-14.4756,7.25,0.00457288,1
1790510586.836039,2,1194.4,2714,0,0,,0,0.038958,981,0,893.3,10.7056,-14.4434,2.61,0.00557288,1
1790510587.869368,2,1195.5,2715,0,0,,0,0.030335,1246,0,877.7,11.0228,-14.4528,-4.21,0.00657288,1
1790510588.902695,2,1196.5,2716,0,1243,nearby,87,0.048278,883,0,1133.6,11.2962,-14.4754,-4.52,0.000679908,1
1790510589.902707,2,1197.5,2717,0,886,nearby,59,0.043838,1242,0,1121.7,11.6440,-14.5021,-4.50,0.00153136,1
1790510590.902715,2,1198.5,2718,0,886,nearby,59,0.044871,1247,0,1118.8,12.0270,-14.5336,-4.37,0.00210885,1
1790510592.036050,2,1199.6,2719,0,887,nearby,82,0.038551,1246,0,1342.1,12.4643,-14.5655,-4.30,0.00217367,1
1790510593.402714,2,1201.0,2720,0,889,nearby,61,0.033326,1245,0,1171.8,12.9878,-14.6083,-4.27,0.0021836,1
1790510594.636079,2,1202.2,2721,0,0,,0,0.04898,887,0,1221.7,13.4663,-14.6430,-4.11,0.0031836,1
1790510595.869424,2,1203.5,2722,0,0,,0,0.036392,1220,0,1000.7,13.9378,-14.6741,-3.82,0.0041836,1
1790510596.902747,2,1204.5,2723,0,1251,nearby,93,0.041547,1251,0,977.2,14.2549,-14.6856,-3.71,0.000548878,1
1790510597.936078,2,1205.5,2724,0,1253,nearby,91,0.051969,1253,0,882.9,14.6440,-14.7070,-3.44,0.000943509,1
1790510598.936102,2,1206.5,2725,0,1253,nearby,104,0.079256,1253,0,909.2,14.7289,-14.7114,-3.46,0.000323858,1
1790510599.969433,2,1207.6,2726,0,0,,0,0.079256,1253,0,788.7,14.7244,-14.7111,-3.45,0.000323858,1
1790510601.002759,2,1208.6,2727,0,0,,0,0.079256,1253,0,807.2,14.7290,-14.7114,-3.45,0.000323858,1
1790510602.002760,2,1209.6,2728,0,0,,0,0.079256,1253,0,747.7,14.7267,-14.7113,-3.45,0.000323858,1
1790510603.036116,2,1210.6,2729,0,0,,0,0.079256,1253,0,785.6,14.7215,-14.7110,-3.46,0.000323858,1
1790510604.069437,2,1211.7,2730,0,0,,0,0.079256,1253,0,780.5,14.7276,-14.7114,-3.47,0.000323858,1
1790510605.102773,2,1212.7,2731,0,0,,0,0.079256,1253,0,775.4,14.7318,-14.7116,-3.46,0.000323858,1
1790510606.102785,2,1213.7,2732,0,0,,0,0.079256,1253,0,783.5,14.7272,-14.7113,-3.45,0.000323858,1
1790510607.136113,2,1214.7,2733,0,0,,0,0.079256,1253,0,849.1,14.7211,-14.7109,-3.45,0.000323858,1
1790510608.169473,2,1215.8,2734,0,0,,0,0.079256,1253,0,860.8,14.7351,-14.7118,-3.43,0.000323858,1
1790510609.236150,2,1216.8,2735,0,0,,0,0.079256,1253,0,793.4,14.7309,-14.7116,-3.46,0.000323858,1
1790510610.269468,2,1217.9,2736,0,0,,0,0.079256,1253,0,794.4,14.7323,-14.7117,-3.47,0.000323858,1
1790510611.302812,2,1218.9,2737,0,0,,0,0.079256,1253,0,790.9,14.7298,-14.7115,-3.47,0.000323858,1
1790510612.302824,2,1219.9,2738,0,0,,0,0.079256,1253,0,814.7,14.7296,-14.7115,-3.46,0.000323858,1
1790510613.369488,2,1221.0,2739,0,0,,0,0.079256,1253,0,811.2,14.7292,-14.7115,-3.46,0.000323858,1
1790510614.402813,2,1222.0,2740,0,0,,0,0.079256,1253,0,793.1,14.7286,-14.7115,-3.45,0.000323858,1
1790510615.436169,2,1223.0,2741,0,0,,0,0.079256,1253,0,777.6,14.7271,-14.7114,-3.45,0.000323858,1
1790510616.436173,2,1224.0,2742,0,0,,0,0.079256,1253,0,804.4,14.7279,-14.7115,-3.44,0.000323858,1
1790510617.469503,2,1225.1,2743,0,0,,0,0.079256,1253,0,772.3,14.7281,-14.7115,-3.43,0.000323858,1
1790510618.502831,2,1226.1,2744,0,0,,0,0.063288,1251,0,1010.7,14.7319,-14.7106,4.06,0.00132386,1
1790510619.536189,2,1227.1,2745,0,894,nearby,21,0.065757,441,0,1066.3,14.7719,-14.6521,27.69,0.0012115,1
1790510620.602875,2,1228.2,2746,0,0,,0,0.04033,903,0,863.8,14.8040,-14.6134,57.67,0.0022115,1
1790510621.636186,2,1229.2,2747,0,0,,0,0.049137,1282,0,555.4,14.8102,-14.5615,87.16,0.0032115,1
1790510622.636190,2,1230.2,2748,0,0,,0,0.049137,1282,0,584.9,14.8090,-14.5403,88.38,0.0032115,1
1790510623.669519,2,1231.3,2749,0,0,,0,0.050086,1282,0,569.4,14.8159,-14.2907,88.56,0.0042115,1
1790510624.669522,2,1232.3,2750,0,1282,nearby,41,0.051166,902,0,791.9,14.7324,-14.0556,91.61,0.00169698,1
1790510625.669545,2,1233.3,2751,0,900,nearby,80,0.058102,1281,0,761.6,14.6973,-13.6896,91.01,0.000276358,1
1790510626.702870,2,1234.3,2752,0,902,nearby,87,0.041986,1282,0,792.6,14.6857,-13.2995,91.06,0.00011158,1
1790510627.736206,2,1235.3,2753,0,902,nearby,96,0.052749,1286,0,764.5,14.6767,-12.9075,91.02,0.00022802,1
1790510628.736208,2,1236.3,2754,0,905,nearby,69,0.05277,1284,0,770.1,14.6670,-12.5191,91.13,0.000720945,1
1790510629.769561,2,1237.4,2755,0,1287,nearby,88,0.052515,1287,0,683.2,14.6578,-12.1128,91.31,0.00138283,1
1790510630.769567,2,1238.4,2756,0,1289,nearby,78,0.056046,909,0,781.5,14.6467,-11.7353,91.42,0.00148093,1
1790510631.836230,2,1239.4,2757,0,1290,nearby,81,0.068657,909,0,757.4,14.6348,-11.3095,91.56,0.0017115,1
1790510632.902887,2,1240.5,2758,0,910,nearby,88,0.071376,1290,0,778.7,14.6214,-10.9259,91.74,0.00126395,1
1790510633.902903,2,1241.5,2759,0,1292,nearby,103,0.078073,1292,0,745.6,14.6075,-10.5843,91.88,0.000454877,1
1790510634.936255,2,1242.5,2760,0,915,nearby,69,0.072046,915,0,748.0,14.5932,-10.1658,92.06,0.001348,1
1790510636.002897,2,1243.6,2761,0,1295,nearby,89,0.067726,914,0,802.0,14.5755,-9.7830,92.19,0.00103192,1
1790510637.002905,2,1244.6,2762,0,0,,0,0.075916,611,0,582.0,14.5597,-9.3882,92.33,0.00203192,1
1790510638.036247,2,1245.6,2763,0,0,,0,0.07412,1288,0,611.1,14.5430,-8.9959,92.52,0.00303192,1
1790510639.036266,2,1246.6,2764,0,0,,0,0.053155,1295,0,597.3,14.5272,-8.6015,91.21,0.00403192,1
1790510640.036266,2,1247.6,2765,0,1298,nearby,59,0.061584,921,0,806.1,14.5272,-8.2282,89.73,0.00524323,1
1790510641.069605,2,1248.7,2766,0,0,,0,0.056019,1294,0,623.3,14.5297,-7.8230,89.69,0.00624323,1
1790510642.136254,2,1249.7,2767,0,1300,nearby,61,0.068194,918,0,736.3,14.5277,-7.4250,89.76,0.00570591,1
1790510643.136287,2,1250.7,2768,0,0,,0,0.066771,918,0,571.1,14.5287,-7.0282,89.91,0.00670591,1
1790510644.169607,2,1251.8,2769,0,924,nearby,74,0.06394,924,0,691.0,14.5267,-6.6420,89.96,0.00560245,1
1790510645.169619,2,1252.8,2770,0,0,,0,0.057957,918,0,606.6,14.5265,-6.2507,90.12,0.00660245,1
1790510646.236283,2,1253.8,2771,0,0,,0,0.062046,926,0,629.6,14.5250,-5.8335,90.29,0.00760245,1
1790510647.236289,2,1254.8,2772,0,0,,0,0.054693,933,0,618.2,14.5226,-5.4448,90.42,0.00860245,1
1790510648.269627,2,1255.9,2773,0,928,nearby,79,0.057087,928,0,726.5,14.5048,-5.1531,90.52,0.0041548,1
1790510649.269632,2,1256.9,2774,0,0,,0,0.051286,1297,0,609.1,14.5006,-4.7602,90.62,0.0051548,1
1790510650.269650,2,1257.9,2775,0,929,nearby,46,0.054998,1300,0,727.5,14.4899,-4.3923,90.71,0.00428404,1
1790510651.302973,2,1258.9,2776,0,0,,0,0.04752,905,0,638.9,14.4841,-4.0046,90.83,0.00528404,1
1790510652.302984,2,1259.9,2777,0,0,,0,0.047474,657,0,654.1,14.4779,-3.6319,90.96,0.00628404,1
1790510653.336323,2,1260.9,2778,0,0,,0,0.03858,570,0,685.7,14.4779,-3.2674,88.80,0.00728404,1
1790510654.369659,2,1262.0,2779,0,934,nearby,55,0.035189,657,0,720.1,14.4907,-3.0030,86.88,0.00365873,1
1790510655.369667,2,1263.0,2780,0,1305,nearby,58,0.047572,937,0,847.9,14.5019,-2.6961,87.04,0.000356786,1
1790510656.403006,2,1264.0,2781,0,1306,nearby,64,0.038928,937,0,886.6,14.5189,-2.3376,87.08,0.000451709,1
1790510657.403020,2,1265.0,2782,0,940,nearby,89,0.044792,940,0,733.5,14.5313,-1.9931,87.21,0.000380168,1
1790510658.436352,2,1266.0,2783,0,940,nearby,90,0.0407,627,0,807.7,14.5458,-1.6497,87.45,0.000446129,1
1790510659.503009,2,1267.1,2784,0,1307,nearby,46,0.048208,532,0,664.7,14.5631,-1.2779,87.46,0.00129567,1
1790510660.503035,2,1268.1,2785,0,208,nearby,45,0.042265,1299,0,797.9,14.5732,-0.9694,87.81,0.000897549,1
1790510661.569701,2,1269.2,2786,0,208,nearby,47,0.056157,943,0,771.6,14.5829,-0.6144,88.04,0.000793531,1
1790510662.569705,2,1270.2,2787,0,944,nearby,86,0.063346,222,0,746.4,14.5808,-0.3033,88.12,0.000490959,1
1790510663.603016,2,1271.2,2788,0,222,nearby,121,0.059,222,0,665.9,14.5812,0.0257,87.91,0.000438531,1
1790510664.603022,2,1272.2,2789,0,1309,nearby,51,0.056875,207,0,870.3,14.6007,0.3789,88.25,0.00111667,1
1790510665.636383,2,1273.2,2790,0,1309,nearby,71,0.056753,903,0,845.8,14.6118,0.7474,88.03,0.00131751,1
1790510666.636387,2,1274.2,2791,0,1311,nearby,58,0.050433,967,0,704.8,14.6224,1.0877,88.25,0.00206678,1
1790510667.703044,2,1275.3,2792,0,0,,0,0.042997,1313,0,600.9,14.6349,1.5130,88.33,0.00306678,1
1790510668.736368,2,1276.3,2793,0,568,nearby,59,0.048455,1308,0,703.9,14.6428,1.8938,88.61,0.00287916,1
1790510669.736405,2,1277.3,2794,0,572,nearby,66,0.050628,1311,0,805.8,14.6520,2.2797,88.75,0.00358891,1
1790510670.769725,2,1278.4,2795,0,572,nearby,141,0.053131,626,0,636.9,14.6545,2.5928,89.02,0.000388124,1
1790510671.769727,2,1279.4,2796,0,1313,nearby,62,0.060522,573,0,755.7,14.6597,2.9700,89.09,0.00049664,1
1790510672.769729,2,1280.4,2797,0,0,,0,0.057653,579,0,574.8,14.6644,3.3547,89.24,0.00149664,1
1790510673.770353,2,1281.4,2798,0,576,nearby,114,0.053342,576,0,727.1,14.6692,3.7215,89.25,0.00133981,1
1790510674.836410,2,1282.4,2799,0,1314,nearby,77,0.05719,578,0,735.7,14.6733,4.0929,89.41,0.000490992,1
1790510675.869762,2,1283.5,2800,0,1314,nearby,52,0.066031,578,0,767.4,14.6762,4.4831,89.46,0.000845363,1
1790510676.869767,2,1284.5,2801,0,1315,nearby,68,0.056846,579,0,672.3,14.6831,4.8639,89.44,0.00125737,1
1790510677.969763,2,1285.6,2802,0,585,nearby,74,0.054115,1302,0,654.4,14.6807,5.2607,89.66,0.00160571,1
1790510678.969764,2,1286.6,2803,0,1316,nearby,92,0.061252,585,0,781.3,14.6815,5.6100,89.72,0.000870168,1
1790510679.969767,2,1287.6,2804,0,587,nearby,118,0.052967,587,0,632.9,14.6816,5.9659,89.86,0.00102836,1
1790510680.969768,2,1288.6,2805,0,0,,0,0.056403,1322,0,612.2,14.6820,6.3289,89.95,0.00202836,1
1790510682.003100,2,1289.6,2806,0,1319,nearby,117,0.049086,588,0,722.4,14.6794,6.6685,90.10,0.000939797,1
1790510683.003124,2,1290.6,2807,0,1319,nearby,95,0.040995,591,0,743.2,14.6767,7.0228,90.27,0.00078813,1
1790510684.036463,2,1291.6,2808,0,598,nearby,71,0.046954,598,0,703.8,14.6755,7.4144,90.34,0.00180461,1
1790510685.103117,2,1292.7,2809,0,598,nearby,96,0.052427,598,0,704.5,14.6819,7.7828,86.96,0.00141854,1
1790510686.136463,2,1293.7,2810,0,592,nearby,53,0.045561,1328,0,738.3,14.7012,8.1200,86.84,0.00195922,1
1790510687.136479,2,1294.7,2811,0,1325,nearby,135,0.0603,606,0,693.7,14.7199,8.4938,86.85,0.00145759,1
1790510688.203146,2,1295.8,2812,0,599,nearby,99,0.06766,1325,0,790.9,14.7378,8.8888,87.01,0.000961891,1
1790510689.269821,2,1296.9,2813,0,1327,nearby,146,0.066875,604,0,796.6,14.7574,9.2776,87.14,0.000786924,1
1790510690.303154,2,1297.9,2814,0,1328,nearby,168,0.067046,604,0,813.8,14.7741,9.6472,87.26,0.000233685,1
1790510691.336499,2,1298.9,2815,0,608,nearby,152,0.07214,1331,0,810.9,14.7880,9.9935,87.28,0.000369073,1
1790510692.403155,2,1300.0,2816,0,0,,0,0.07214,1331,0,583.4,14.7878,9.9883,87.26,0.000369073,1
1790510693.436483,2,1301.0,2817,0,0,,0,0.07214,1331,0,587.9,14.7877,9.9881,87.27,0.000369073,1
1790510694.469820,2,1302.1,2818,0,1328,nearby,70,0.051433,1328,0,796.2,14.7711,10.0172,110.01,0.00108716,1
1790510695.469905,2,1303.1,2819,0,0,,0,0.081117,612,1,404.7,14.7437,10.0489,135.63,0.00208716,1
1790510696.536503,2,1304.1,2820,0,0,,0,0.10792,611,1,216.9,14.7427,10.0499,165.10,0.00308716,1
1790510697.536508,2,1305.1,2821,0,0,,0,0.11108,611,1,228.8,14.7421,10.0500,-165.56,0.00408716,1
1790510698.536514,2,1306.1,2822,0,615,nearby,29,0.087424,614,0,573.2,14.7418,10.0447,-133.40,0.00351265,1
1790510699.603174,2,1307.2,2823,0,616,nearby,106,0.079801,616,0,676.5,14.7684,10.0090,-99.70,0.00225911,1
1790510700.636526,2,1308.2,2824,0,0,,0,0.065715,617,0,593.5,14.7718,9.9850,-88.84,0.00325911,1
1790510701.636554,2,1309.2,2825,0,0,,0,0.065715,617,0,548.5,14.7718,9.9858,-88.85,0.00325911,1
1790510702.703192,2,1310.3,2826,0,0,,0,0.065715,617,0,565.1,14.7726,9.9452,-88.67,0.00325911,1
1790510703.703202,2,1311.3,2827,0,1340,nearby,82,0.072903,617,0,779.6,14.7911,9.6719,-94.40,0.00137374,1
1790510704.736543,2,1312.3,2828,0,615,nearby,66,0.061733,623,0,632.9,14.7624,9.4050,-94.56,0.00177195,1
1790510705.736553,2,1313.3,2829,0,628,nearby,64,0.067238,1342,0,759.5,14.7568,9.1228,-94.60,0.000844994,1
1790510706.803220,2,1314.4,2830,0,1343,nearby,117,0.065802,625,0,806.4,14.7377,8.8310,-94.13,0.000762975,1
1790510707.803221,2,1315.4,2831,0,1343,nearby,96,0.056891,627,0,780.0,14.7427,8.5652,-88.21,0.000472692,1
1790510708.836573,2,1316.4,2832,0,625,nearby,62,0.064378,1342,0,761.5,14.7538,8.2822,-87.88,0.00130379,1
1790510709.869899,2,1317.5,2833,0,1345,nearby,94,0.060981,1345,0,729.0,14.7656,8.0031,-87.64,0.00183207,1
1790510710.869905,2,1318.5,2834,0,1347,nearby,108,0.057157,632,0,867.7,14.7718,7.7271,-90.06,0.000612981,1
1790510711.869908,2,1319.5,2835,0,629,nearby,66,0.054108,1347,0,747.9,14.7668,7.3527,-91.77,0.00129477,1
1790510712.936570,2,1320.5,2836,0,632,nearby,146,0.057294,632,0,726.4,14.7551,6.9924,-91.89,0.000299852,1
1790510713.936590,2,1321.5,2837,0,1349,nearby,76,0.059265,633,0,925.6,14.7416,6.6442,-91.86,0.00090091,1
1790510714.969921,2,1322.6,2838,0,633,nearby,131,0.06229,633,0,770.0,14.7359,6.3292,-91.77,0.000757567,1
1790510715.969926,2,1323.6,2839,0,635,nearby,135,0.060689,1349,0,858.2,14.7273,6.0385,-91.64,0.000173017,1
1790510717.069926,2,1324.7,2840,0,636,nearby,107,0.06522,1350,0,836.2,14.7182,5.6744,-91.54,0.000239683,1
1790510718.069944,2,1325.7,2841,0,636,nearby,119,0.056615,636,0,757.7,14.7111,5.2999,-91.38,0.000407054,1
1790510719.069946,2,1326.7,2842,0,639,nearby,86,0.051395,1357,0,703.3,14.7023,4.9015,-91.21,0.00141885,1
1790510720.103272,2,1327.7,2843,0,1351,nearby,113,0.05116,640,0,894.6,14.6954,4.5183,-91.05,0.000576042,1
1790510721.103293,2,1328.7,2844,0,641,nearby,90,0.059387,1352,0,861.0,14.6928,4.1447,-90.82,0.000352315,1
1790510722.136629,2,1329.7,2845,0,640,nearby,129,0.05908,1352,0,895.0,14.6880,3.7567,-90.75,0.0001841,1
1790510723.203309,2,1330.8,2846,0,1356,nearby,88,0.057584,644,0,804.9,14.6839,3.3562,-90.60,0.000488494,1
1790510724.236615,2,1331.8,2847,0,643,nearby,175,0.071265,611,0,882.9,14.6790,2.9703,-90.45,0.000186581,1
1790510725.269947,2,1332.9,2848,0,1355,nearby,177,0.070716,644,0,808.7,14.6782,2.5802,-90.33,0.000159614,1
1790510726.269963,2,1333.9,2849,0,1357,nearby,153,0.061791,643,0,902.5,14.6781,2.2045,-90.25,0.000132854,1
1790510727.303306,2,1334.9,2850,0,1356,nearby,110,0.066394,645,0,790.5,14.6796,1.8219,-90.18,0.000179539,1
1790510728.303318,2,1335.9,2851,0,1359,nearby,185,0.072089,611,0,735.3,14.6815,1.4426,-89.94,0.000206719,1
1790510729.336633,2,1336.9,2852,0,1359,nearby,173,0.05757,647,0,830.3,14.6841,1.0523,-89.85,0.000138385,1
1790510730.369979,2,1338.0,2853,0,1360,nearby,98,0.068108,611,0,856.4,14.6887,0.6684,-89.71,0.000373236,1
1790510731.369999,2,1339.0,2854,0,551,nearby,46,0.048295,647,0,909.4,14.7165,0.3837,-96.83,0.000206234,1
1790510732.403325,2,1340.0,2855,0,548,nearby,158,0.06249,1362,0,880.2,14.6063,0.1326,-115.74,4.18867e-05,1
1790510733.436666,2,1341.0,2856,214,1362,both,90,0.0809,214,0,695.0,14.4203,-0.0541,-135.86,8.15046e-06,1
1790510734.470008,2,1342.1,2857,0,212,nearby,92,0.052268,532,0,836.6,14.1993,-0.1801,-156.88,0.000282114,1
1790510735.503352,2,1343.1,2858,0,973,nearby,81,0.047026,241,0,955.7,13.9648,-0.2363,-178.18,0.000203739,1
1790510736.536683,2,1344.1,2859,0,973,nearby,62,0.047197,243,0,1083.7,13.8989,-0.2292,176.88,0.00061324,1
1790510737.570026,2,1345.2,2860,0,0,,0,0.047197,243,0,718.4,13.9002,-0.2293,176.91,0.00061324,1
1790510738.603352,2,1346.2,2861,0,0,,0,0.047197,243,0,701.1,13.9010,-0.2294,176.92,0.00061324,1
1790510739.703345,2,1347.3,2862,0,0,,0,0.047197,243,0,742.1,13.8990,-0.2293,176.82,0.00061324,1
1790510740.703374,2,1348.3,2863,0,545,nearby,40,0.051165,611,0,973.4,13.6181,-0.2088,176.93,0.000928604,1
1790510741.703374,2,1349.3,2864,0,1363,nearby,53,0.043889,243,0,882.1,13.2270,-0.1900,176.66,0.0014881,1
1790510742.770033,2,1350.4,2865,0,1364,nearby,105,0.042769,654,0,1050.9,12.8306,-0.1675,177.00,0.00147571,1
1790510743.770034,2,1351.4,2866,0,974,nearby,72,0.043963,247,0,1030.1,12.4572,-0.1499,177.11,0.00136861,1
1790510744.803438,2,1352.4,2867,0,244,nearby,73,0.038646,1364,0,903.9,12.0450,-0.1295,177.42,0.00193867,1
1790510745.870061,2,1353.5,2868,0,248,nearby,108,0.042172,1364,0,903.0,11.6563,-0.1146,177.44,0.00188588,1
1790510746.936721,2,1354.5,2869,0,1365,nearby,111,0.045159,248,0,892.4,11.2538,-0.0991,177.60,0.00210287,1
1790510747.970047,2,1355.6,2870,0,975,nearby,70,0.050268,249,0,1002.0,10.9002,-0.0850,177.68,0.00152572,1
1790510748.970082,2,1356.6,2871,0,975,nearby,83,0.036752,250,0,1043.2,10.5026,-0.0672,177.87,0.0018823,1
1790510750.003406,2,1357.6,2872,0,975,nearby,82,0.034021,636,0,1019.2,10.1183,-0.0544,177.99,0.00184906,1
1790510751.036745,2,1358.6,2873,0,975,nearby,79,0.033613,250,0,839.4,9.6985,-0.0401,178.13,0.00254835,1
1790510752.103404,2,1359.7,2874,0,1366,nearby,94,0.046693,612,0,1056.9,9.3330,-0.0296,178.38,0.00236596,1
1790510753.170068,2,1360.8,2875,0,976,nearby,70,0.041895,1367,0,1020.7,8.9659,-0.0305,178.43,0.00153411,1
1790510754.203436,2,1361.8,2876,0,976,nearby,83,0.046979,256,0,1061.4,8.6219,-0.0234,178.57,0.000963278,1
1790510755.270100,2,1362.9,2877,0,1367,nearby,122,0.041732,259,0,984.4,8.2208,-0.0149,178.86,0.00107837,1
1790510756.303431,2,1363.9,2878,0,977,nearby,79,0.048191,257,0,954.4,7.8391,-0.0065,178.79,0.00136099,1
1790510757.370086,2,1365.0,2879,0,977,nearby,74,0.048523,1370,0,1072.7,7.4506,-0.0046,178.96,0.00124224,1
1790510758.403434,2,1366.0,2880,0,977,nearby,79,0.045549,1371,0,999.9,7.0846,0.0002,179.00,0.000973206,1
1790510759.436774,2,1367.0,2881,0,978,nearby,70,0.04215,1372,0,1000.1,6.6698,0.0033,179.26,0.00146083,1
1790510760.436776,2,1368.0,2882,0,978,nearby,76,0.050582,1372,0,1130.9,6.3385,0.0012,179.30,0.00108286,1
1790510761.470115,2,1369.1,2883,0,1372,nearby,138,0.061112,881,0,954.2,5.9703,-0.0024,179.46,0.000805711,1
1790510762.470126,2,1370.1,2884,0,1373,nearby,106,0.039613,980,0,1001.8,5.5814,0.0039,179.80,0.001187,1
1790510763.503474,2,1371.1,2885,0,1373,nearby,138,0.0385,568,0,1108.4,5.2351,-0.0044,179.84,0.000675073,1
1790510764.536800,2,1372.1,2886,0,980,nearby,77,0.062393,1373,0,1059.0,4.8591,-0.0012,179.99,0.000425621,1
1790510765.670136,2,1373.3,2887,0,980,nearby,77,0.063795,1374,0,1043.9,4.4407,-0.0046,-179.77,0.000380929,1
1790510766.670140,2,1374.3,2888,0,981,nearby,76,0.074662,1375,0,939.6,4.0666,-0.0084,-179.64,0.000333115,1
1790510767.703497,2,1375.3,2889,0,273,nearby,108,0.05974,1376,0,904.8,3.6818,-0.0116,-179.37,0.000191885,1
1790510768.770146,2,1376.4,2890,0,1377,nearby,167,0.037537,1377,0,814.9,3.2774,-0.0168,-179.15,0.000282189,1
1790510769.770156,2,1377.4,2891,0,984,nearby,92,0.065644,1378,0,893.6,2.9070,-0.0267,-179.03,0.000220888,1
1790510770.770156,2,1378.4,2892,1379,986,both,126,0.082925,1379,0,949.5,2.5345,-0.0398,-178.79,0.000115619,1
1790510771.836837,2,1379.4,2893,1380,987,both,132,0.089546,1380,0,850.3,2.1338,-0.0530,-178.62,9.04596e-05,1
1790510772.836838,2,1380.4,2894,1381,987,both,117,0.091303,1381,0,836.1,1.7559,-0.0656,-178.55,6.77202e-05,1
1790510773.870164,2,1381.5,2895,0,988,nearby,89,0.075724,1382,0,742.7,1.3679,-0.0787,-178.32,8.08008e-05,1
1790510774.870171,2,1382.5,2896,0,989,nearby,64,0.076134,1382,0,765.7,0.9880,-0.0925,-178.10,0.000126092,1
1790510775.870173,2,1383.5,2897,0,990,nearby,44,0.060297,1384,0,933.0,0.6184,-0.1045,-177.88,0.00010128,1
1790510776.903518,2,1384.5,2898,0,326,nearby,36,0.042535,1384,0,776.7,0.3763,-0.1147,-177.95,9.33325e-05,1
1790510777.936840,2,1385.5,2899,0,0,,0,0.042535,1384,0,635.0,0.3839,-0.1143,-177.97,9.33325e-05,1
1790510778.970171,2,1386.6,2900,0,0,,0,0.042535,1384,0,604.5,0.3848,-0.1143,-177.97,9.33325e-05,1
1790510779.970180,2,1387.6,2901,0,0,,0,0.042535,1384,0,619.9,0.3834,-0.1143,-177.96,9.33325e-05,1
1790510780.970205,2,1388.6,2902,0,0,,0,0.011313,1384,0,758.1,0.3762,-0.1158,-169.45,0.00109333,1
1790510782.003534,2,1389.6,2903,0,1489,nearby,42,0.052518,326,0,594.0,0.3873,-0.1590,-148.89,0.000125352,1
1790510783.003538,2,1390.6,2904,0,0,,0,0.044451,553,0,778.6,0.3706,-0.1739,-128.88,0.00112535,1
1790510784.070211,2,1391.7,2905,0,330,nearby,49,0.048672,655,0,968.8,0.3961,-0.2381,-106.87,0.000388151,1
1790510785.070223,2,1392.7,2906,0,0,,0,0.028976,602,0,885.5,0.3953,-0.2711,-85.23,0.00138815,1
1790510786.103547,2,1393.7,2907,0,0,,0,0.032418,612,0,610.0,0.4581,-0.3824,-60.88,0.00238815,1
1790510787.103561,2,1394.7,2908,0,1490,nearby,41,0.043781,146,0,733.2,0.4160,-0.3302,-33.49,0.00178357,1
1790510788.136886,2,1395.7,2909,0,471,nearby,143,0.064285,138,0,1107.0,0.4135,-0.2913,-4.85,0.00142489,1
1790510789.170247,2,1396.8,2910,0,0,,0,0.064285,138,0,748.2,0.4193,-0.2910,-2.43,0.00142489,1
1790510790.203584,2,1397.8,2911,0,0,,0,0.064285,138,0,781.0,0.4184,-0.2909,-2.45,0.00142489,1
1790510791.236909,2,1398.8,2912,0,0,,0,0.064285,138,0,785.7,0.4171,-0.2909,-2.46,0.00142489,1
1790510792.303582,2,1399.9,2913,0,0,,0,0.064285,138,0,738.0,0.4185,-0.2909,-2.46,0.00142489,1
1790510793.336911,2,1400.9,2914,0,141,nearby,116,0.069468,488,0,1118.0,0.4723,-0.2577,-2.38,0.000774618,1
1790510794.336928,2,1401.9,2915,0,1490,nearby,108,0.067413,491,0,1108.4,0.7524,-0.2636,-2.07,0.000787617,1
1790510795.403595,2,1403.0,2916,0,1490,nearby,99,0.068138,490,0,1054.2,1.0957,-0.2701,-1.91,0.000906724,1
1790510796.436919,2,1404.0,2917,0,145,nearby,119,0.073648,491,0,959.1,1.4361,-0.2744,-1.75,0.000988376,1
1790510797.436939,2,1405.0,2918,0,492,nearby,140,0.079644,492,0,803.8,1.5367,-0.2784,-1.62,0.00125498,1
1790510798.436947,2,1406.0,2919,0,0,,0,0.079644,492,0,705.5,1.5376,-0.2784,-1.62,0.00125498,1
1790510799.470287,2,1407.1,2920,0,147,nearby,102,0.063533,491,0,898.0,1.5129,-0.2827,-10.11,0.000846126,1
1790510800.536944,2,1408.1,2921,0,147,nearby,104,0.06714,489,0,914.8,1.4045,-0.2637,-10.61,0.0010235,1
1790510801.570277,2,1409.2,2922,0,1490,nearby,99,0.066675,492,0,942.7,1.1553,-0.2186,-10.70,0.00131394,1
1790510802.603616,2,1410.2,2923,0,1498,nearby,102,0.070648,489,0,948.1,0.9061,-0.1720,-10.83,0.00144892,1
1790510803.636964,2,1411.2,2924,1,1491,both,126,0.10499,1,0,1086.9,0.6639,-0.1261,-10.97,0.00144122,1
1790510804.636967,2,1412.2,2925,471,139,both,144,0.088866,471,0,1088.5,0.4293,-0.0827,-10.78,0.00100113,1
1790510805.703639,2,1413.3,2926,457,140,both,132,0.091017,457,0,1151.6,0.2990,-0.0630,-3.23,0.0010742,1
1790510806.703641,2,1414.3,2927,0,1499,nearby,157,0.078588,1499,0,1098.9,0.1422,-0.0484,-3.16,0.000514158,1
1790510807.870313,2,1415.5,2928,0,139,nearby,140,0.074904,1498,0,1113.5,0.0165,-0.0410,-3.09,0.000301405,1
1790510809.003644,2,1416.6,2929,0,0,,0,0.074904,1498,0,754.4,0.0209,-0.0412,-2.15,0.000301405,1
1790510810.003651,2,1417.6,2930,0,0,,0,0.074904,1498,0,744.7,0.0237,-0.0410,-1.44,0.000301405,1
1790510811.036980,2,1418.6,2931,0,0,,0,0.074904,1498,0,765.8,0.0251,-0.0410,-1.45,0.000301405,1
1790510812.037007,2,1419.6,2932,0,0,,0,0.074904,1498,0,773.0,0.0245,-0.0410,-1.44,0.000301405,1
1790510813.070333,2,1420.7,2933,0,0,,0,0.074904,1498,0,761.3,0.0230,-0.0410,-1.43,0.000301405,1
1790510814.070335,2,1421.7,2934,0,0,,0,0.074904,1498,0,757.6,0.0228,-0.0410,-1.44,0.000301405,1
1790510815.137003,2,1422.7,2935,0,0,,0,0.074904,1498,0,719.4,0.0229,-0.0410,-1.43,0.000301405,1
1790510816.170365,2,1423.8,2936,0,0,,0,0.074904,1498,0,762.8,0.0233,-0.0410,-1.41,0.000301405,1
1790510817.237025,2,1424.8,2937,0,0,,0,0.074904,1498,0,729.3,0.0235,-0.0410,-1.40,0.000301405,1
1790510818.270402,2,1425.9,2938,0,0,,0,0.074904,1498,0,768.1,0.0242,-0.0411,-1.40,0.000301405,1
1790510819.337018,2,1426.9,2939,0,0,,0,0.074904,1498,0,733.4,0.0254,-0.0411,-1.40,0.000301405,1
1790510820.403682,2,1428.0,2940,0,0,,0,0.074904,1498,0,727.1,0.0235,-0.0411,-1.39,0.000301405,1
1790510821.437040,2,1429.0,2941,0,0,,0,0.074904,1498,0,740.5,0.0252,-0.0411,-1.40,0.000301405,1
1790510822.437048,2,1430.0,2942,0,0,,0,0.074904,1498,0,811.1,0.0260,-0.0411,-1.39,0.000301405,1
1790510823.437050,2,1431.0,2943,0,0,,0,0.074904,1498,0,746.2,0.0262,-0.0411,-1.37,0.000301405,1
1790510824.470366,2,1432.1,2944,0,0,,0,0.074904,1498,0,754.2,0.0273,-0.0412,-1.37,0.000301405,1
1790510825.470390,2,1433.1,2945,0,0,,0,0.074904,1498,0,731.0,0.0284,-0.0412,-1.35,0.000301405,1
1790510826.470395,2,1434.1,2946,0,0,,0,0.074904,1498,0,737.7,0.0279,-0.0412,-1.36,0.000301405,1
1790510827.503789,2,1435.1,2947,0,0,,0,0.074904,1498,0,755.7,0.0293,-0.0412,-1.37,0.000301405,1
1790510828.537102,2,1436.1,2948,0,0,,0,0.074904,1498,0,762.8,0.0285,-0.0412,-1.38,0.000301405,1
1790510829.603720,2,1437.2,2949,0,0,,0,0.074904,1498,0,751.2,0.0284,-0.0412,-1.38,0.000301405,1
1790510830.603748,2,1438.2,2950,0,0,,0,0.074904,1498,0,770.2,0.0294,-0.0412,-1.37,0.000301405,1
1790510831.637077,2,1439.2,2951,0,0,,0,0.074904,1498,0,785.4,0.0287,-0.0412,-1.37,0.000301405,1
1790510832.670414,2,1440.3,2952,0,0,,0,0.074904,1498,0,744.4,0.0291,-0.0412,-1.38,0.000301405,1
1790510833.737076,2,1441.3,2953,0,0,,0,0.074904,1498,0,756.2,0.0284,-0.0412,-1.37,0.000301405,1
1790510834.737096,2,1442.3,2954,0,0,,0,0.074904,1498,0,764.4,0.0284,-0.0412,-1.38,0.000301405,1
1790510835.770429,2,1443.4,2955,0,0,,0,0.074904,1498,0,747.4,0.0302,-0.0412,-1.38,0.000301405,1
1790510836.770439,2,1444.4,2956,0,0,,0,0.074904,1498,0,706.5,0.0305,-0.0412,-1.38,0.000301405,1
1790510837.803765,2,1445.4,2957,0,0,,0,0.074904,1498,0,750.9,0.0306,-0.0412,-1.37,0.000301405,1
1790510838.803805,2,1446.4,2958,0,0,,0,0.074904,1498,0,747.6,0.0303,-0.0412,-1.38,0.000301405,1
1790510839.837125,2,1447.4,2959,0,0,,0,0.074904,1498,0,772.6,0.0312,-0.0413,-1.38,0.000301405,1
1790510840.837125,2,1448.4,2960,0,0,,0,0.074904,1498,0,736.5,0.0322,-0.0413,-1.38,0.000301405,1
1790510841.837126,2,1449.4,2961,0,0,,0,0.074904,1498,0,778.3,0.0316,-0.0413,-1.38,0.000301405,1
1790510842.870458,2,1450.5,2962,0,0,,0,0.074904,1498,0,757.3,0.0331,-0.0413,-1.39,0.000301405,1
1790510843.870476,2,1451.5,2963,0,0,,0,0.074904,1498,0,757.1,0.0332,-0.0413,-1.39,0.000301405,1
1790510844.903818,2,1452.5,2964,0,0,,0,0.074904,1498,0,783.9,0.0322,-0.0412,-1.40,0.000301405,1
1790510845.970488,2,1453.6,2965,0,0,,0,0.074904,1498,0,836.2,0.0317,-0.0412,-1.40,0.000301405,1
1790510847.003822,2,1454.6,2966,0,0,,0,0.074904,1498,0,760.7,0.0315,-0.0412,-1.41,0.000301405,1
1790510848.003830,2,1455.6,2967,0,0,,0,0.074904,1498,0,746.0,0.0319,-0.0412,-1.43,0.000301405,1
1790510849.003830,2,1456.6,2968,0,0,,0,0.074904,1498,0,755.3,0.0312,-0.0412,-1.44,0.000301405,1
1790510850.037166,2,1457.6,2969,0,0,,0,0.074904,1498,0,778.4,0.0309,-0.0412,-1.44,0.000301405,1
1790510851.103830,2,1458.7,2970,0,0,,0,0.074904,1498,0,761.4,0.0305,-0.0412,-1.44,0.000301405,1
1790510852.137173,2,1459.7,2971,0,0,,0,0.074904,1498,0,759.4,0.0304,-0.0412,-1.44,0.000301405,1
1790510853.137192,2,1460.7,2972,0,0,,0,0.074904,1498,0,746.9,0.0318,-0.0412,-1.44,0.000301405,1
1790510854.237180,2,1461.8,2973,0,0,,0,0.074904,1498,0,750.1,0.0317,-0.0412,-1.44,0.000301405,1
1790510855.303851,2,1462.9,2974,0,0,,0,0.074904,1498,0,719.6,0.0325,-0.0413,-1.44,0.000301405,1
1790510856.303854,2,1463.9,2975,0,0,,0,0.074904,1498,0,763.8,0.0324,-0.0413,-1.43,0.000301405,1
1790510857.337209,2,1464.9,2976,0,0,,0,0.074904,1498,0,746.0,0.0329,-0.0413,-1.42,0.000301405,1
1790510858.403866,2,1466.0,2977,0,0,,0,0.074904,1498,0,745.9,0.0323,-0.0413,-1.43,0.000301405,1
1790510859.437204,2,1467.0,2978,0,0,,0,0.074904,1498,0,754.7,0.0326,-0.0413,-1.43,0.000301405,1
1790510860.437211,2,1468.0,2979,0,0,,0,0.074904,1498,0,762.9,0.0325,-0.0413,-1.43,0.000301405,1
1790510861.437226,2,1469.0,2980,0,0,,0,0.074904,1498,0,770.5,0.0331,-0.0413,-1.44,0.000301405,1
1790510862.470565,2,1470.1,2981,0,0,,0,0.074904,1498,0,747.0,0.0327,-0.0413,-1.43,0.000301405,1
1790510863.503896,2,1471.1,2982,0,0,,0,0.074904,1498,0,731.6,0.0332,-0.0413,-1.43,0.000301405,1
1790510864.537234,2,1472.1,2983,0,0,,0,0.074904,1498,0,764.4,0.0338,-0.0413,-1.43,0.000301405,1
1790510865.603890,2,1473.2,2984,0,0,,0,0.074904,1498,0,734.3,0.0329,-0.0413,-1.43,0.000301405,1
1790510866.637244,2,1474.2,2985,0,0,,0,0.074904,1498,0,729.3,0.0330,-0.0413,-1.42,0.000301405,1
1790510867.637248,2,1475.2,2986,0,0,,0,0.074904,1498,0,733.7,0.0326,-0.0413,-1.42,0.000301405,1
1790510868.637249,2,1476.2,2987,0,0,,0,0.074904,1498,0,735.9,0.0317,-0.0413,-1.41,0.000301405,1
1790510869.637255,2,1477.2,2988,0,0,,0,0.074904,1498,0,768.1,0.0315,-0.0412,-1.43,0.000301405,1
1790510870.670602,2,1478.3,2989,0,0,,0,0.074904,1498,0,745.2,0.0318,-0.0413,-1.43,0.000301405,1
1790510871.670606,2,1479.3,2990,0,0,,0,0.074904,1498,0,799.8,0.0319,-0.0413,-1.43,0.000301405,1
