[1m[35m********************************************************[0m
[1m[35m**********                                    **********[0m
[1m[35m**********    RSLidar_SDK Version: v1.5.19     **********[0m
[1m[35m**********                                    **********[0m
[1m[35m********************************************************[0m
[1m[32m--------------------------------------------------------[0m
[1m[32mConfig loaded from PATH:[0m
[1m[32m/home/administrator/catkin_ws/src/rslidar_sdk/config/replay_config.yaml[0m
[1m[32m--------------------------------------------------------[0m
[1m[32m------------------------------------------------------[0m
[1m[32mReceive Packets From : ROS[0m
[1m[32mMsop Topic: /helios/packets[0m
[1m[32m------------------------------------------------------[0m
[1m[32m------------------------------------------------------[0m
[1m[32m             RoboSense Driver Parameters [0m
[32minput type: RAW_PACKET[0m
[32mlidar_type: RSHELIOS[0m
[32mframe_id: rslidar[0m
[32m------------------------------------------------------[0m
[1m[32m------------------------------------------------------[0m
[1m[32m             RoboSense Input Parameters [0m
[32mmsop_port: 6699[0m
[32mdifop_port: 7788[0m
[32mimu_port: 0[0m
[32muser_layer_bytes: 0[0m
[32mtail_layer_bytes: 0[0m
[32mhost_address: 0.0.0.0[0m
[32mgroup_address: 0.0.0.0[0m
[32msocket_recv_buf: 106496[0m
[32mpcap_path: /home/robosense/lidar.pcap[0m
[32mpcap_rate: 1[0m
[32mpcap_repeat: 1[0m
[32muse_vlan: 0[0m
[1m[32m------------------------------------------------------[0m
[1m[32m------------------------------------------------------[0m
[1m[32m             RoboSense Decoder Parameters [0m
[32mmin_distance: 0.2[0m
[32mmax_distance: 200[0m
[32muse_lidar_clock: 1[0m
[32mdense_points: 0[0m
[32mts_first_point: 1[0m
[32mwait_for_difop: 1[0m
[32mconfig_from_file: 0[0m
[32mangle_path: [0m
[32mstart_angle: 0[0m
[32mend_angle: 360[0m
[32msplit_frame_mode: 1[0m
[32msplit_angle: 180[0m
[32mnum_blks_split: 0[0m
[1m[32m------------------------------------------------------[0m
[1m[32m------------------------------------------------------[0m
[1m[32m             RoboSense Transform Parameters [0m
[32mx: 0[0m
[32my: 0[0m
[32mz: 0[0m
[32mroll: 0[0m
[32mpitch: 0[0m
[32myaw: 0[0m
[1m[32m------------------------------------------------------[0m
[1m[36m------------------------------------------------------[0m
[1m[36mSend PointCloud To : ROS[0m
[1m[36mPointCloud Topic: /helios/points[0m
[1m[36m------------------------------------------------------[0m
[1m[37mRoboSense-LiDAR-Driver is running.....[0m
[33m[ WARN] [1790472316.050088445]: RobotBodyFilter: No collision element found for link front_bumper_link of robot husky. This link will not be filtered out from laser scans.[0m
[33m[ WARN] [1790472316.050270399]: RobotBodyFilter: No collision element found for link rear_bumper_link of robot husky. This link will not be filtered out from laser scans.[0m
[33m[ WARN] [1790472316.575544317]: RobotBodyFilter: No collision element found for link top_chassis_link of robot husky. This link will not be filtered out from laser scans.[0m
[0m[ INFO] [1790472316.023364730]: RobotBodyFilter: Found parameter: sensor/point_by_point, value: False[0m
[0m[ INFO] [1790472316.027665225]: RobotBodyFilter: Found parameter: transforms/buffer_length, value: 60.000000 s[0m
[0m[ INFO] [1790472316.036811820]: RobotBodyFilter: Found parameter: frames/fixed, value: base_link[0m
[0m[ INFO] [1790472316.036896557]: RobotBodyFilter: Found parameter: frames/sensor, value: rslidar[0m
[0m[ INFO] [1790472316.036912013]: RobotBodyFilter: Found parameter: frames/filtering, value: base_link[0m
[0m[ INFO] [1790472316.036945742]: RobotBodyFilter: Found parameter: sensor/min_distance, value: 0.000000 m[0m
[0m[ INFO] [1790472316.036962030]: RobotBodyFilter: Found parameter: sensor/max_distance, value: 0.000000 m[0m
[0m[ INFO] [1790472316.036989550]: RobotBodyFilter: Found parameter: body_model/robot_description_param, value: robot_description[0m
[0m[ INFO] [1790472316.037007374]: RobotBodyFilter: Found parameter: filter/keep_clouds_organized, value: False[0m
[0m[ INFO] [1790472316.037031023]: RobotBodyFilter: Found parameter: filter/model_pose_update_interval, value: 0.000000 s[0m
[0m[ INFO] [1790472316.037047247]: RobotBodyFilter: Found parameter: filter/do_clipping, value: False[0m
[0m[ INFO] [1790472316.037061679]: RobotBodyFilter: Found parameter: filter/do_contains_test, value: True[0m
[0m[ INFO] [1790472316.037076431]: RobotBodyFilter: Found parameter: filter/do_shadow_test, value: False[0m
[0m[ INFO] [1790472316.037119664]: RobotBodyFilter: Parameter filter/max_shadow_distance not defined, assigning default: 0.000000 m[0m
[0m[ INFO] [1790472316.037145456]: RobotBodyFilter: Found parameter: transforms/timeout/reachable, value: 0.200000 s[0m
[0m[ INFO] [1790472316.037162288]: RobotBodyFilter: Found parameter: transforms/timeout/unreachable, value: 0.300000 s[0m
[0m[ INFO] [1790472316.037185904]: RobotBodyFilter: Parameter transforms/require_all_reachable not defined, assigning default: False[0m
[0m[ INFO] [1790472316.037585205]: RobotBodyFilter: Parameter bounding_sphere/publish_cut_out_pointcloud not defined, assigning default: False[0m
[0m[ INFO] [1790472316.037631189]: RobotBodyFilter: Parameter bounding_box/publish_cut_out_pointcloud not defined, assigning default: False[0m
[0m[ INFO] [1790472316.037651734]: RobotBodyFilter: Parameter oriented_bounding_box/publish_cut_out_pointcloud not defined, assigning default: False[0m
[0m[ INFO] [1790472316.037670198]: RobotBodyFilter: Parameter local_bounding_box/publish_cut_out_pointcloud not defined, assigning default: False[0m
[0m[ INFO] [1790472316.037686326]: RobotBodyFilter: Found parameter: bounding_sphere/compute, value: False[0m
[0m[ INFO] [1790472316.037700502]: RobotBodyFilter: Found parameter: bounding_box/compute, value: False[0m
[0m[ INFO] [1790472316.037716854]: RobotBodyFilter: Parameter oriented_bounding_box/compute not defined, assigning default: False[0m
[0m[ INFO] [1790472316.037732118]: RobotBodyFilter: Parameter local_bounding_box/compute not defined, assigning default: False[0m
[0m[ INFO] [1790472316.037746487]: RobotBodyFilter: Parameter bounding_sphere/debug not defined, assigning default: False[0m
[0m[ INFO] [1790472316.037760343]: RobotBodyFilter: Parameter bounding_box/debug not defined, assigning default: False[0m
[0m[ INFO] [1790472316.037775191]: RobotBodyFilter: Parameter oriented_bounding_box/debug not defined, assigning default: False[0m
[0m[ INFO] [1790472316.037789207]: RobotBodyFilter: Parameter local_bounding_box/debug not defined, assigning default: False[0m
[0m[ INFO] [1790472316.037801303]: RobotBodyFilter: Parameter bounding_sphere/marker not defined, assigning default: False[0m
[0m[ INFO] [1790472316.037817079]: RobotBodyFilter: Parameter bounding_box/marker not defined, assigning default: False[0m
[0m[ INFO] [1790472316.037828983]: RobotBodyFilter: Parameter oriented_bounding_box/marker not defined, assigning default: False[0m
[0m[ INFO] [1790472316.037843096]: RobotBodyFilter: Parameter local_bounding_box/marker not defined, assigning default: False[0m
[0m[ INFO] [1790472316.037863032]: RobotBodyFilter: Parameter local_bounding_box/frame_id not defined, assigning default: base_link[0m
[0m[ INFO] [1790472316.037878392]: RobotBodyFilter: Found parameter: debug/pcl/inside, value: False[0m
[0m[ INFO] [1790472316.037892856]: RobotBodyFilter: Parameter debug/pcl/clip not defined, assigning default: False[0m
[0m[ INFO] [1790472316.037907864]: RobotBodyFilter: Parameter debug/pcl/shadow not defined, assigning default: False[0m
[0m[ INFO] [1790472316.037921560]: RobotBodyFilter: Found parameter: debug/marker/contains, value: False[0m
[0m[ INFO] [1790472316.037935961]: RobotBodyFilter: Parameter debug/marker/shadow not defined, assigning default: False[0m
[0m[ INFO] [1790472316.037950329]: RobotBodyFilter: Parameter debug/marker/bounding_sphere not defined, assigning default: False[0m
[0m[ INFO] [1790472316.037961913]: RobotBodyFilter: Parameter debug/marker/bounding_box not defined, assigning default: False[0m
[0m[ INFO] [1790472316.037989785]: RobotBodyFilter: Found parameter: body_model/inflation/padding, value: 0.100000 m[0m
[0m[ INFO] [1790472316.038002585]: RobotBodyFilter: Found parameter: body_model/inflation/scale, value: 1.000000[0m
[0m[ INFO] [1790472316.038015577]: RobotBodyFilter: Parameter body_model/inflation/contains_test/padding not defined, assigning default: 0.100000 m[0m
[0m[ INFO] [1790472316.038034906]: RobotBodyFilter: Parameter body_model/inflation/contains_test/scale not defined, assigning default: 1.000000[0m
[0m[ INFO] [1790472316.038048346]: RobotBodyFilter: Parameter body_model/inflation/shadow_test/padding not defined, assigning default: 0.100000 m[0m
[0m[ INFO] [1790472316.038060314]: RobotBodyFilter: Parameter body_model/inflation/shadow_test/scale not defined, assigning default: 1.000000[0m
[0m[ INFO] [1790472316.038072218]: RobotBodyFilter: Parameter body_model/inflation/bounding_sphere/padding not defined, assigning default: 0.100000 m[0m
[0m[ INFO] [1790472316.038083674]: RobotBodyFilter: Parameter body_model/inflation/bounding_sphere/scale not defined, assigning default: 1.000000[0m
[0m[ INFO] [1790472316.038095930]: RobotBodyFilter: Parameter body_model/inflation/bounding_box/padding not defined, assigning default: 0.100000 m[0m
[0m[ INFO] [1790472316.038107226]: RobotBodyFilter: Parameter body_model/inflation/bounding_box/scale not defined, assigning default: 1.000000[0m
[0m[ INFO] [1790472316.038193435]: RobotBodyFilter: Parameter body_model/inflation/per_link/padding not defined, assigning default: {} m[0m
[0m[ INFO] [1790472316.038218620]: RobotBodyFilter: Parameter body_model/inflation/per_link/scale not defined, assigning default: {}[0m
[0m[ INFO] [1790472316.038257660]: RobotBodyFilter: Parameter ignored_links/bounding_sphere not defined, assigning default: [][0m
[0m[ INFO] [1790472316.038276700]: RobotBodyFilter: Parameter ignored_links/bounding_box not defined, assigning default: [][0m
[0m[ INFO] [1790472316.038289180]: RobotBodyFilter: Parameter ignored_links/contains_test not defined, assigning default: [][0m
[0m[ INFO] [1790472316.038343261]: RobotBodyFilter: Parameter ignored_links/shadow_test not defined, assigning default: ["laser"][0m
[0m[ INFO] [1790472316.038362589]: RobotBodyFilter: Parameter ignored_links/everywhere not defined, assigning default: [][0m
[0m[ INFO] [1790472316.038375229]: RobotBodyFilter: Parameter only_links not defined, assigning default: [][0m
[0m[ INFO] [1790472316.038387070]: RobotBodyFilter: Parameter body_model/dynamic_robot_description/field_name not defined, assigning default: robot_model[0m
[0m[ INFO] [1790472316.576024130]: RobotBodyFilter: Successfully configured.[0m
[0m[ INFO] [1790472316.576056066]: Filtering data in frame base_link[0m
[0m[ INFO] [1790472316.576069731]: RobotBodyFilter: Filtering into the following categories:[0m
[0m[ INFO] [1790472316.576081539]: RobotBodyFilter: 	OUTSIDE[0m
[0m[ INFO] [1790472316.576097955]: RobotBodyFilter: 	INSIDE[0m
[0m[ INFO] [1790472316.576111491]: RobotBodyFilter: [33m[ WARN] [1790472317.671211588]: Rtabmap: Parameter name changed: "Icp/PM" -> "Icp/Strategy". Please update your launch file accordingly. Value "true" is still set to the new parameter name.[0m
[33m[ WARN] [1790472317.673690207]: Rtabmap: Parameter name changed: "Icp/PMOutlierRatio" -> "Icp/OutlierRatio". Please update your launch file accordingly. Value "0.7" is still set to the new parameter name.[0m
[33m[ WARN] [1790472317.887721884]: Setting "Grid/Sensor" parameter to 0 (default 1) as "subscribe_scan", "subscribe_scan_cloud" or "gen_scan" is true. The occupancy grid map will be constructed from laser scans. To get occupancy grid map from camera's cloud projection, set "Grid/Sensor" to 1. To suppress this warning, add <param name="Grid/Sensor" type="string" value="0"/>[0m
[33m[ WARN] [1790472318.340739814]: There is no image subscription, bag-of-words loop closure detection will be disabled...[0m
[33m[ WARN] [1790472318.340938440]: Setting Kp/MaxFeatures=-1 (bag-of-words disabled)[0m
[33m[ WARN] [1790472334.988638454, 1790470263.113033067]: /rtabmap/rtabmap: Did not receive data since 5 seconds! Make sure the input topics are published ("$ rostopic hz my_topic") and the timestamps in their header are set. If topics are coming from different computers, make sure the clocks of the computers are synchronized ("ntpdate"). If topics are not published at the same rate, you could increase "sync_queue_size" and/or "topic_queue_size" parameters (current=10 and 10 respectively).
/rtabmap/rtabmap subscribed to (approx sync):
   /odometry/filtered \
   /helios/points_clean[0m
[31m[ERROR] [1790472335.302907958, 1790470263.321215623]: Filtering data from time 1790470263.321215623 failed.[0m
[0m[ INFO] [1790472316.567367716]: Starting node...[0m
[0m[ INFO] [1790472316.659451695]: Initializing nodelet with 12 worker threads.[0m
[0m[ INFO] [1790472317.035989048]: /rtabmap/rtabmap(maps): map_filter_radius          = 0.000000[0m
[0m[ INFO] [1790472317.036065145]: /rtabmap/rtabmap(maps): map_filter_angle           = 30.000000[0m
[0m[ INFO] [1790472317.036080377]: /rtabmap/rtabmap(maps): map_cleanup                = true[0m
[0m[ INFO] [1790472317.036111161]: /rtabmap/rtabmap(maps): map_always_update          = false[0m
[0m[ INFO] [1790472317.036122169]: /rtabmap/rtabmap(maps): map_empty_ray_tracing      = true[0m
[0m[ INFO] [1790472317.036132409]: /rtabmap/rtabmap(maps): cloud_output_voxelized     = true[0m
[0m[ INFO] [1790472317.036144730]: /rtabmap/rtabmap(maps): cloud_subtract_filtering   = false[0m
[0m[ INFO] [1790472317.036156506]: /rtabmap/rtabmap(maps): cloud_subtract_filtering_min_neighbors = 2[0m
[0m[ INFO] [1790472317.036589502]: /rtabmap/rtabmap(maps): octomap_tree_depth         = 16[0m
[0m[ INFO] [1790472317.068957695]: rtabmap: frame_id      = base_link[0m
[0m[ INFO] [1790472317.069034688]: rtabmap: map_frame_id  = map[0m
[0m[ INFO] [1790472317.069052960]: rtabmap: log_to_rosout_level = 4[0m
[0m[ INFO] [1790472317.069068193]: rtabmap: initial_pose  = [0m
[0m[ INFO] [1790472317.069109825]: rtabmap: use_action_for_goal  = false[0m
[0m[ INFO] [1790472317.069135969]: rtabmap: tf_delay      = 0.050000[0m
[0m[ INFO] [1790472317.069154273]: rtabmap: tf_tolerance  = 0.100000[0m
[0m[ INFO] [1790472317.069194914]: rtabmap: odom_sensor_sync   = false[0m
[0m[ INFO] [1790472317.069212770]: rtabmap: pub_loc_pose_only_when_localizing = false[0m
[0m[ INFO] [1790472317.069733928]: rtabmap: gen_scan  = false[0m
[0m[ INFO] [1790472317.069770696]: rtabmap: gen_depth  = false[0m
[0m[ INFO] [1790472317.070653266]: rtabmap: scan_cloud_max_points = 0[0m
[0m[ INFO] [1790472317.070686162]: rtabmap: scan_cloud_is_2d      = false[0m
[0m[ INFO] [1790472317.165091607]: Setting RTAB-Map parameter "Grid/CellSize"="0.02"[0m
[0m[ INFO] [1790472317.165704190]: Setting RTAB-Map parameter "Grid/ClusterRadius"="1"[0m
[0m[ INFO] [1790472317.175425512]: Setting RTAB-Map parameter "Grid/GroundIsObstacle"="true"[0m
[0m[ INFO] [1790472317.192517698]: Setting RTAB-Map parameter "Grid/RangeMax"="20"[0m
[0m[ INFO] [1790472317.223735574]: Setting RTAB-Map parameter "Icp/CorrespondenceRatio"="0.4"[0m
[0m[ INFO] [1790472317.227221820]: Setting RTAB-Map parameter "Icp/Epsilon"="0.001"[0m
[0m[ INFO] [1790472317.230575521]: Setting RTAB-Map parameter "Icp/Iterations"="10"[0m
[0m[ INFO] [1790472317.231009830]: Setting RTAB-Map parameter "Icp/MaxCorrespondenceDistance"="1"[0m
[0m[ INFO] [1790472317.232869114]: Setting RTAB-Map parameter "Icp/MaxTranslation"="3"[0m
[0m[ INFO] [1790472317.240450189]: Setting RTAB-Map parameter "Icp/PointToPlane"="false"[0m
[0m[ INFO] [1790472317.242354337]: Setting RTAB-Map parameter "Icp/PointToPlaneK"="20"[0m
[0m[ INFO] [1790472317.245762855]: Setting RTAB-Map parameter "Icp/PointToPlaneRadius"="0"[0m
[0m[ INFO] [1790472317.252053547]: Setting RTAB-Map parameter "Icp/VoxelSize"="0.3"[0m
[0m[ INFO] [1790472317.352801621]: Setting RTAB-Map parameter "Mem/NotLinkedNodesKept"="false"[0m
[0m[ INFO] [1790472317.363899182]: Setting RTAB-Map parameter "Mem/STMSize"="30"[0m
[0m[ INFO] [1790472317.384691537]: Setting RTAB-Map parameter "Optimizer/GravitySigma"="0.3"[0m
[0m[ INFO] [1790472317.409483807]: Setting RTAB-Map parameter "RGBD/AngularUpdate"="0.05"[0m
[0m[ INFO] [1790472317.419653326]: Setting RTAB-Map parameter "RGBD/LinearUpdate"="0.05"[0m
[0m[ INFO] [1790472317.437051532]: Setting RTAB-Map parameter "RGBD/NeighborLinkRefining"="false"[0m
[0m[ INFO] [1790472317.447525918]: Setting RTAB-Map parameter "RGBD/ProximityBySpace"="true"[0m
[0m[ INFO] [1790472317.450858850]: Setting RTAB-Map parameter "RGBD/ProximityMaxGraphDepth"="0"[0m
[0m[ INFO] [1790472317.456827843]: Setting RTAB-Map parameter "RGBD/ProximityPathMaxNeighbors"="1"[0m
[0m[ INFO] [1790472317.462109693]: Setting RTAB-Map parameter "Reg/Force3DoF"="true"[0m
[0m[ INFO] [1790472317.463962257]: Setting RTAB-Map parameter "Reg/Strategy"="1"[0m
[0m[ INFO] [1790472317.467255509]: Setting RTAB-Map parameter "Rtabmap/DetectionRate"="1"[0m
[0m[ INFO] [1790472317.889298061]: RTAB-Map detection rate = 1.000000 Hz[0m
[0m[ INFO] [1790472317.890138678]: rtabmap: Using database from "/media/administrator/USB Drive/slam_series2/s2_static_09/lidar_ref_f3dof/rtab_helios.db" (0 MB).[0m
[0m[ INFO] [1790472318.267019586]: rtabmap: Database version = "0.21.10".[0m
[0m[ INFO] [1790472318.267145028]: rtabmap: SLAM mode (Mem/IncrementalMemory=true)[0m
[0m[ INFO] [1790472318.325767459]: /rtabmap/rtabmap: subscribe_depth = false[0m
[0m[ INFO] [1790472318.325874276]: /rtabmap/rtabmap: subscribe_rgb = false[0m
[0m[ INFO] [1790472318.325898980]: /rtabmap/rtabmap: subscribe_stereo = false[0m
[0m[ INFO] [1790472318.325919940]: /rtabmap/rtabmap: subscribe_rgbd = false (rgbd_cameras=1)[0m
[0m[ INFO] [1790472318.325954437]: /rtabmap/rtabmap: subscribe_sensor_data = false[0m
[0m[ INFO] [1790472318.325976677]: /rtabmap/rtabmap: subscribe_odom_info = false[0m
[0m[ INFO] [1790472318.325995269]: /rtabmap/rtabmap: subscribe_user_data = false[0m
[0m[ INFO] [1790472318.326013605]: /rtabmap/rtabmap: subscribe_scan = false[0m
[0m[ INFO] [1790472318.326094854]: /rtabmap/rtabmap: subscribe_scan_cloud = true[0m
[0m[ INFO] [1790472318.326227560]: /rtabmap/rtabmap: subscribe_scan_descriptor = false[0m
[0m[ INFO] [1790472318.326292808]: /rtabmap/rtabmap: topic_queue_size = 10[0m
[0m[ INFO] [1790472318.326322569]: /rtabmap/rtabmap: sync_queue_size = 10[0m
[0m[ INFO] [1790472318.326342473]: /rtabmap/rtabmap: approx_sync = true[0m
[0m[ INFO] [1790472318.326502379]: Setup scan callback[0m
[0m[ INFO] [1790472318.336898172]: 
/rtabmap/rtabmap subscribed to (approx sync):
   /odometry/filtered \
   /helios/points_clean[0m
[0m[ INFO] [1790472318.574149014]: rtabmap 0.21.10 started...[0m
[0m[ INFO] [1790472336.540067485, 1790470264.561609265]: rtabmap (1): Rate=1.00s, Limit=0.000s, Conversion=0.0028s, RTAB-Map=0.1700s, Maps update=0.0003s pub=0.0004s (local map=1, WM=1)[0m
[0m[ INFO] [1790472337.544691807, 1790470265.562927502]: rtabmap (2): Rate=1.00s, Limit=0.000s, Conversion=0.0019s, RTAB-Map=0.1641s, Maps update=0.0002s pub=0.0001s (local map=1, WM=1)[0m
[0m[ INFO] [1790472338.650072073, 1790470266.673514162]: rtabmap (3): Rate=1.00s, Limit=0.000s, Conversion=0.0008s, RTAB-Map=0.1613s, Maps update=0.0001s pub=0.0001s (local map=1, WM=1)[0m
[0m[ INFO] [1790472339.648550695, 1790470267.674174407]: rtabmap (4): Rate=1.00s, Limit=0.000s, Conversion=0.0010s, RTAB-Map=0.1729s, Maps update=0.0001s pub=0.0001s (local map=1, WM=1)[0m
[0m[ INFO] [1790472340.650950607, 1790470268.668396438]: rtabmap (5): Rate=1.00s, Limit=0.000s, Conversion=0.0020s, RTAB-Map=0.1629s, Maps update=0.0001s pub=0.0001s (local map=1, WM=1)[0m
[0m[ INFO] [1790472341.664461168, 1790470269.688560352]: rtabmap (6): Rate=1.00s, Limit=0.000s, Conversion=0.0013s, RTAB-Map=0.1690s, Maps update=0.0001s pub=0.0001s (local map=1, WM=1)[0m
[0m[ INFO] [1790472342.759368392, 1790470270.777995356]: rtabmap (7): Rate=1.00s, Limit=0.000s, Conversion=0.0015s, RTAB-Map=0.1709s, Maps update=0.0001s pub=0.0001s (local map=1, WM=1)[0m
[0m[ INFO] [1790472343.848424959, 1790470271.865683876]: rtabmap (8): Rate=1.00s, Limit=0.000s, Conversion=0.0008s, RTAB-Map=0.1550s, Maps update=0.0001s pub=0.0001s (local map=1, WM=1)[0m
[0m[ INFO] [1790472344.860746610, 1790470272.885044708]: rtabmap (9): Rate=1.00s, Limit=0.000s, Conversion=0.0008s, RTAB-Map=0.1795s, Maps update=0.0002s pub=0.0001s (local map=1, WM=1)[0m
[0m[ INFO] [1790472345.944773746, 1790470273.965830080]: rtabmap (10): Rate=1.00s, Limit=0.000s, Conversion=0.0013s, RTAB-Map=0.1583s, Maps update=0.0001s pub=0.0001s (local map=1, WM=1)[0m
[0m[ INFO] [1790472346.946268911, 1790470274.960182127]: rtabmap (11): Rate=1.00s, Limit=0.000s, Conversion=0.0009s, RTAB-Map=0.1573s, Maps [33m[ WARN] [1790472382.638837255, 1790470310.663588062]: TF_REPEATED_DATA ignoring data with redundant timestamp for frame odom (parent map) at time 1790470310.763588 according to authority unknown_publisher[0m
Warning: TF_REPEATED_DATA ignoring data with redundant timestamp for frame odom (parent map) at time 1790470310.763588 according to authority /rtabmap/rtabmap
         at line 278 in /tmp/binarydeb/ros-noetic-tf2-0.7.7/src/buffer_core.cpp
update=0.0001s pub=0.0001s (local map=1, WM=1)[0m
[0m[ INFO] [1790472348.039638740, 1790470276.058267464]: rtabmap (12): Rate=1.00s, Limit=0.000s, Conversion=0.0012s, RTAB-Map=0.1560s, Maps update=0.0001s pub=0.0001s (local map=1, WM=1)[0m
[0m[ INFO] [1790472349.158435373, 1790470277.179675006]: rtabmap (13): Rate=1.00s, Limit=0.000s, Conversion=0.0017s, RTAB-Map=0.1663s, Maps update=0.0001s pub=0.0001s (local map=1, WM=1)[0m
[0m[ INFO] [1790472350.236540107, 1790470278.258343746]: rtabmap (14): Rate=1.00s, Limit=0.000s, Conversion=0.0011s, RTAB-Map=0.1545s, Maps update=0.0001s pub=0.0001s (local map=1, WM=1)[0m
[0m[ INFO] [1790472351.353137996, 1790470279.371093017]: rtabmap (15): Rate=1.00s, Limit=0.000s, Conversion=0.0014s, RTAB-Map=0.1701s, Maps update=0.0001s pub=0.0001s (local map=1, WM=1)[0m
[0m[ INFO] [1790472352.345169185, 1790470280.361047575]: rtabmap (16): Rate=1.00s, Limit=0.000s, Conversion=0.0009s, RTAB-Map=0.1619s, Maps update=0.0001s pub=0.0001s (local map=1, WM=1)[0m
[0m[ INFO] [1790472353.366373266, 1790470281.382657804]: rtabmap (17): Rate=1.00s, Limit=0.000s, Conversion=0.0014s, RTAB-Map=0.1573s, Maps update=0.0001s pub=0.0001s (local map=1, WM=1)[0m
[0m[ INFO] [1790472354.361338150, 1790470282.377351805]: rtabmap (18): Rate=1.00s, Limit=0.000s, Conversion=0.0009s, RTAB-Map=0.1631s, Maps update=0.0001s pub=0.0001s (local map=1, WM=1)[0m
[0m[ INFO] [1790472355.459975010, 1790470283.480992816]: rtabmap (19): Rate=1.00s, Limit=0.000s, Conversion=0.0011s, RTAB-Map=0.1674s, Maps update=0.0001s pub=0.0001s (local map=1, WM=1)[0m
[0m[ INFO] [1790472356.560560531, 1790470284.580707895]: rtabmap (20): Rate=1.00s, Limit=0.000s, Conversion=0.0021s, RTAB-Map=0.1668s, Maps update=0.0001s pub=0.0001s (local map=1, WM=1)[0m
[0m[ INFO] [1790472357.545816316, 1790470285.563993803]: rtabmap (21): Rate=1.00s, Limit=0.000s, Conversion=0.0009s, RTAB-Map=0.1598s, Maps update=0.0001s pub=0.0001s (local map=1, WM=1)[0m
[0m[ INFO] [1790472358.655004202, 1790470286.673198201]: rtabmap (22): Rate=1.00s, Limit=0.000s, Conversion=0.0014s, RTAB-Map=0.1736s, Maps update=0.0001s pub=0.0001s (local map=1, WM=1)[0m
[0m[ INFO] [1790472359.736910735, 1790470287.762430062]: rtabmap (23): Rate=1.00s, Limit=0.000s, Conversion=0.0014s, RTAB-Map=0.1618s, Maps update=0.0001s pub=0.0001s (local map=1, WM=1)[0m
[0m[ INFO] [1790472360.757129844, 1790470288.776526608]: rtabmap (24): Rate=1.00s, Limit=0.000s, Conversion=0.0012s, RTAB-Map=0.1578s, Maps update=0.0001s pub=0.0001s (local map=1, WM=1)[0m
[0m[ INFO] [1790472361.857073884, 1790470289.880099680]: rtabmap (25): Rate=1.00s, Limit=0.000s, Conversion=0.0013s, RTAB-Map=0.1726s, Maps update=0.0001s pub=0.0001s (local map=1, WM=1)[0m
[0m[ INFO] [1790472362.843021771, 1790470290.864525950]: rtabmap (26): Rate=1.00s, Limit=0.000s, Conversion=0.0008s, RTAB-Map=0.1514s, Maps update=0.0001s pub=0.0001s (local map=1, WM=1)[0m
[0m[ INFO] [1790472363.844417346, 1790470291.867958860]: rtabmap (27): Rate=1.00s, Limit=0.000s, Conversion=0.0012s, RTAB-Map=0.1563s, Maps update=0.0001s pub=0.0001s (local map=1, WM=1)[0m
[0m[ INFO] [1790472364.908248097, 1790470292.929485425]: rtabmap (28): Rate=1.00s, Limit=0.000s, Conversion=0.0009s, RTAB-Map=0.1360s, Maps update=0.0001s pub=0.0001s (local map=1, WM=1)[0m
[0m[ INFO] [1790472365.932263245, 1790470293.950232410]: rtabmap (29): Rate=1.00s, Limit=0.000s, Conversion=0.0010s, RTAB-Map=0.1491s, Maps update=0.0001s pub=0.0001s (local map=1, WM=1)[0m
[0m[ INFO] [1790472367.065565152, 1790470295.081149362]: rtabmap (30): Rate=1.00s, Limit=0.000s, Conversion=0.0008s, RTAB-Map=0.1585s, Maps update=0.0001s pub=0.0001s (local map=1, WM=1)[0m
[0m[ INFO] [1790472368.150851111, 1790470296.172801375]: rtabmap (31): Rate=1.00s, Limit=0.000s, Conversion=0.0013s, RTAB-Map=0.1692s, Maps update=0.0001s pub=0.0001s (local map=1, WM=1)[0m
[0m[ INFO] [1790472369.261603459, 1790470297.285193805]: rtabmap (32): Rate=1.00s, Limit=0.000s, Conversion=0.0013s, RTAB-Map=0.1735s, Maps update=0.0001s pub=0.0001s (local map=1, WM=1)[0m
[0m[ INFO] [1790472370.239495096, 1790470298.264343632]: rtabmap (33): Rate=1.00s, Limit=0.000s, Conversion=0.0009s, RTAB-Map=0.1544s, Maps update=0.0001s pub=0.0001s (local map=1, WM=1)[0m
[0m[ INFO] [1790472371.353913660, 1790470299.375295438]: rtabmap (34): Rate=1.00s, Limit=0.000s, Conversion=0.0012s, RTAB-Map=0.1655s, Maps update=0.0001s pub=0.0001s (local map=1, WM=1)[0m
[0m[ INFO] [1790472372.361270993, 1790470300.383396203]: rtabmap (35): Rate=1.00s, Limit=0.000s, Conversion=0.0011s, RTAB-Map=0.1723s, Maps update=0.0001s pub=0.0001s (local map=1, WM=1)[0m
[0m[ INFO] [1790472373.441977413, 1790470301.463753083]: rtabmap (36): Rate=1.00s, Limit=0.000s, Conversion=0.0007s, RTAB-Map=0.1513s, Maps update=0.0001s pub=0.0001s (local map=1, WM=1)[0m
[0m[ INFO] [1790472374.534163126, 1790470302.554661662]: rtabmap (37): Rate=1.00s, Limit=0.000s, Conversion=0.0013s, RTAB-Map=0.1546s, Maps update=0.0001s pub=0.0001s (local map=1, WM=1)[0m
[0m[ INFO] [1790472375.540466239, 1790470303.557325056]: rtabmap (38): Rate=1.00s, Limit=0.000s, Conversion=0.0009s, RTAB-Map=0.1580s, Maps update=0.0001s pub=0.0001s (local map=1, WM=1)[0m
[0m[ INFO] [1790472376.664906030, 1790470304.681339818]: rtabmap (39): Rate=1.00s, Limit=0.000s, Conversion=0.0012s, RTAB-Map=0.1724s, Maps update=0.0001s pub=0.0001s (local map=1, WM=1)[0m
[0m[ INFO] [1790472377.773061835, 1790470305.792420647]: rtabmap (40): Rate=1.00s, Limit=0.000s, Conversion=0.0013s, RTAB-Map=0.1700s, Maps update=0.0001s pub=0.0001s (local map=1, WM=1)[0m
[0m[ INFO] [1790472378.742706981, 1790470306.764195384]: rtabmap (41): Rate=1.00s, Limit=0.000s, Conversion=0.0008s, RTAB-Map=0.1558s, Maps update=0.0001s pub=0.0001s (local map=1, WM=1)[0m
[0m[ INFO] [1790472379.862161180, 1790470307.882392386]: rtabmap (42): Rate=1.00s, Limit=0.000s, Conversion=0.0008s, RTAB-Map=0.1694s, Maps update=0.0001s pub=0.0001s (local map=1, WM=1)[0m
[0m[ INFO] [1790472380.957873073, 1790470308.980153517]: rtabmap (43): Rate=1.00s, Limit=0.000s, Conversion=0.0009s, RTAB-Map=0.1741s, Maps update=0.0001s pub=0.0001s (local map=1, WM=1)[0m
[0m[ INFO] [1790472381.939623182, 1790470309.956997684]: rtabmap (44): Rate=1.00s, Limit=0.000s, Conversion=0.0017s, RTAB-Map=0.1567s, Maps update=0.0001s pub=0.0001s (local map=1, WM=1)[0m
Warning: TF_REPEATED_DATA ignoring data with redundant timestamp for frame odom (parent map) at time 1790470310.763588 according to authority unknown_publisher
         at line 278 in /tmp/binarydeb/ros-noetic-tf2-0.7.7/src/buffer_core.cpp
[0m[ INFO] [1790472382.967128220, 1790470310.985648207]: rtabmap (45): Rate=1.00s, Limit=0.000s, Conversion=0.0013s, RTAB-Map=0.1718s, Maps update=0.0001s pub=0.0001s (local map=1, WM=1)[0m
[0m[ INFO] [1790472383.958764483, 1790470311.981923401]: rtabmap (46): Rate=1.00s, Limit=0.000s, Conversion=0.0008s, RTAB-Map=0.1599s, Maps update=0.0001s pub=0.0001s (local map=1, WM=1)[0m
[0m[ INFO] [1790472385.059761457, 1790470313.084196484]: rtabmap (47): Rate=1.00s, Limit=0.000s, Conversion=0.0014s, RTAB-Map=0.1737s, Maps update=0.0001s pub=0.0001s (local map=1, WM=1)[0m
[0m[ INFO] [1790472386.039199955, 1790470314.062164406]: rtabmap (48): Rate=1.00s, Limit=0.000s, Conversion=0.0013s, RTAB-Map=0.1595s, Maps update=0.0001s pub=0.0001s (local map=1, WM=1)[0m
[0m[ INFO] [1790472387.046587621, 1790470315.065705342]: rtabmap (49): Rate=1.00s, Limit=0.000s, Conversion=0.0012s, RTAB-Map=0.1610s, Maps update=0.0001s pub=0.0001s (local map=1, WM=1)[0m
[0m[ INFO] [1790472388.148803455, 1790470316.173425524]: rtabmap (50): Rate=1.00s, Limit=0.000s, Conversion=0.0008s, RTAB-Map=0.1682s, Maps update=0.0003s pub=0.0002s (local map=1, WM=1)[0m
[0m[ INFO] [1790472389.134462404, 1790470317.153715646]: rtabmap (51): Rate=1.00s, Limit=0.000s, Conversion=0.0013s, RTAB-Map=0.1557s, Maps update=0.0001s pub=0.0001s (local map=1, WM=1)[0m
[0m[ INFO] [1790472390.148564318, 1790470318.171963142]: rtabmap (52): Rate=1.00s, Limit=0.000s, Conversion=0.0008s, RTAB-Map=0.1720s, Maps update=0.0001s pub=0.0001s (local map=1, WM=1)[0m
[0m[ INFO] [1790472391.149817612, 1790470319.172991378]: rtabmap (53): Rate=1.00s, Limit=0.000s, Conversion=0.0008s, RTAB-Map=0.1648s, Maps update=0.0002s pub=0.0001s (local map=1, WM=1)[0m
[0m[ INFO] [1790472392.280913663, 1790470320.302806359]: rtabmap (54): Rate=1.00s, Limit=0.000s, Conversion=0.0018s, RTAB-Map=0.1608s, Maps update=0.0001s pub=0.0001s (local map=1, WM=1)[0m
[0m[ INFO] [1790472393.340443815, 1790470321.363108103]: rtabmap (55): Rate=1.00s, Limit=0.000s, Conversion=0.0009s, RTAB-Map=0.1629s, Maps update=0.0001s pub=0.0001s (local map=1, WM=1)[0m
[0m[ INFO] [1790472394.444532243, 1790470322.466628205]: rtabmap (56): Rate=1.00s, Limit=0.000s, Conversion=0.0008s, RTAB-Map=0.1677s, Maps update=0.0001s pub=0.0001s (local map=1, WM=1)[0m
[0m[ INFO] [1790472395.452945166, 1790470323.473487863]: rtabmap (57): Rate=1.00s, Limit=0.000s, Conversion=0.0013s, RTAB-Map=0.1686s, Maps update=0.0001s pub=0.0001s (local map=1, WM=1)[0m
[0m[ INFO] [1790472396.533411769, 1790470324.556487741]: rtabmap (58): Rate=1.00s, Limit=0.000s, Conversion=0.0008s, RTAB-Map=0.1534s, Maps update=0.0001s pub=0.0001s (local map=1, WM=1)[0m
[0m[ INFO] [1790472397.540202242, 1790470325.558201711]: rtabmap (59): Rate=1.00s, Limit=0.000s, Conversion=0.0008s, RTAB-Map=0.1533s, Maps update=0.0001s pub=0.0001s (local map=1, WM=1)[0m
[0m[ INFO] [1790472398.672882372, 1790470326.689985799]: rtabmap (60): Rate=1.00s, Limit=0.000s, Conversion=0.0015s, RTAB-Map=0.1817s, Maps update=0.0001s pub=0.0001s (local map=1, WM=1)[0m
[0m[ INFO] [1790472399.649424547, 1790470327.673971319]: rtabmap (61): Rate=1.00s, Limit=0.000s, Conversion=0.0009s, RTAB-Map=0.1623s, Maps update=0.0001s pub=0.0001s (local map=1, WM=1)[0m
[0m[ INFO] [1790472400.757976638, 1790470328.775588135]: rtabmap (62): Rate=1.00s, Limit=0.000s, Conversion=0.0013s, RTAB-Map=0.1699s, Maps update=0.0001s pub=0.0001s (local map=1, WM=1)[0m
[0m[ INFO] [1790472401.843357085, 1790470329.865629656]: rtabmap (63): Rate=1.00s, Limit=0.000s, Conversion=0.0013s, RTAB-Map=0.1563s, Maps update=0.0001s pub=0.0001s (local map=1, WM=1)[0m
[0m[ INFO] [1790472402.942992150, 1790470330.967964911]: rtabmap (64): Rate=1.00s, Limit=0.000s, Conversion=0.0008s, RTAB-Map=0.1551s, Maps update=0.0002s pub=0.0001s (local map=1, WM=1)[0m
[0m[ INFO] [1790472403.954651858, 1790470331.972789793]: rtabmap (65): Rate=1.00s, Limit=0.000s, Conversion=0.0008s, RTAB-Map=0.1630s, Maps update=0.0001s pub=0.0001s (local map=1, WM=1)[0m
[0m[ INFO] [1790472405.070323450, 1790470333.093903939]: rtabmap (66): Rate=1.00s, Limit=0.000s, Conversion=0.0014s, RTAB-Map=0.1761s, Maps update=0.0001s pub=0.0001s (local map=1, WM=1)[0m
[0m[ INFO] [1790472406.064161331, 1790470334.083984564]: rtabmap (67): Rate=1.00s, Limit=0.000s, Conversion=0.0013s, RTAB-Map=0.1728s, Maps update=0.0001s pub=0.0001s (local map=1, WM=1)[0m
[0m[ INFO] [1790472407.153592253, 1790470335.174897550]: rtabmap (68): Rate=1.00s, Limit=0.000s, Conversion=0.0013s, RTAB-Map=0.1582s, Maps update=0.0001s pub=0.0001s (local map=1, WM=1)[0m
[0m[ INFO] [1790472408.124556317, 1790470336.140544404]: rtabmap (69): Rate=1.00s, Limit=0.000s, Conversion=0.0008s, RTAB-Map=0.1548s, Maps update=0.0001s pub=0.0001s (local map=1, WM=1)[0m
[0m[ INFO] [1790472409.258308584, 1790470337.275005959]: rtabmap (70): Rate=1.00s, Limit=0.000s, Conversion=0.0008s, RTAB-Map=0.1738s, Maps update=0.0001s pub=0.0001s (local map=1, WM=1)[0m
[0m[ INFO] [1790472410.234316575, 1790470338.251431234]: rtabmap (71): Rate=1.00s, Limit=0.000s, Conversion=0.0010s, RTAB-Map=0.1564s, Maps update=0.0001s pub=0.0001s (local map=1, WM=1)[0m
[0m[ INFO] [1790472411.234462108, 1790470339.254962052]: rtabmap (72): Rate=1.00s, Limit=0.000s, Conversion=0.0009s, RTAB-Map=0.1580s, Maps update=0.0001s pub=0.0001s (local map=1, WM=1)[0m
[0m[ INFO] [1790472412.334696409, 1790470340.351210646]: rtabmap (73): Rate=1.00s, Limit=0.000s, Conversion=0.0009s, RTAB-Map=0.1578s, Maps update=0.0001s pub=0.0001s (local map=1, WM=1)[0m
[0m[ INFO] [1790472413.439857419, 1790470341.461378431]: rtabmap (74): Rate=1.00s, Limit=0.000s, Conversion=0.0014s, RTAB-Map=0.1573s, Maps update=0.0001s pub=0.0001s (local map=1, WM=1)[0m
[0m[ INFO] [1790472414.552058346, 1790470342.577921261]: rtabmap (75): Rate=1.00s, Limit=0.000s, Conversion=0.0019s, RTAB-Map=0.1628s, Maps update=0.0001s pub=0.0001s (local map=1, WM=1)[0m
[0m[ INFO] [1790472415.645803008, 1790470343.670569687]: rtabmap (76): Rate=1.00s, Limit=0.000s, Conversion=0.0011s, RTAB-Map=0.1620s, Maps update=0.0002s pub=0.0001s (local map=1, WM=1)[0m
[0m[ INFO] [1790472416.650581614, 1790470344.673788916]: rtabmap (77): Rate=1.00s, Limit=0.000s, Conversion=0.0013s, RTAB-Map=0.1660s, Maps update=0.0001s pub=0.0001s (local map=1, WM=1)[0m
[0m[ INFO] [1790472417.741137601, 1790470345.763978371]: rtabmap (78): Rate=1.00s, Limit=0.000s, Conversion=0.0009s, RTAB-Map=0.1546s, Maps update=0.0001s pub=0.0001s (local map=1, WM=1)[0m
[0m[ INFO] [1790472418.766377293, 1790470346.784715230]: rtabmap (79): Rate=1.00s, Limit=0.000s, Conversion=0.0013s, RTAB-Map=0.1768s, Maps update=0.0001s pub=0.0001s (local map=1, WM=1)[0m
[0m[ INFO] [1790472419.832820249, 1790470347.857932307]: rtabmap (80): Rate=1.00s, Limit=0.000s, Conversion=0.0008s, RTAB-Map=0.1554s, Maps update=0.0001s pub=0.0001s (local map=1, WM=1)[0m
[0m[ INFO] [1790472420.939852989, 1790470348.965465725]: rtabmap (81): Rate=1.00s, Limit=0.000s, Conversion=0.0008s, RTAB-Map=0.1544s, Maps update=0.0001s pub=0.0001s (local map=1, WM=1)[0m
[0m[ INFO] [1790472422.033089964, 1790470350.058014692]: rtabmap (82): Rate=1.00s, Limit=0.000s, Conversion=0.0008s, RTAB-Map=0.1563s, Maps update=0.0001s pub=0.0001s (local map=1, WM=1)[0m
[0m[ INFO] [1790472423.129440828, 1790470351.148933529]: rtabmap (83): Rate=1.00s, Limit=0.000s, Conversion=0.0009s, RTAB-Map=0.1552s, Maps update=0.0001s pub=0.0001s (local map=1, WM=1)[0m
[0m[ INFO] [1790472424.144843228, 1790470352.169677299]: rtabmap (84): Rate=1.00s, Limit=0.000s, Conversion=0.0008s, RTAB-Map=0.1582s, Maps update=0.0001s pub=0.0001s (local map=1, WM=1)[0m
[0m[ INFO] [1790472425.257866208, 1790470353.283435040]: rtabmap (85): Rate=1.00s, Limit=0.000s, Conversion=0.0013s, RTAB-Map=0.1703s, Maps update=0.0002s pub=0.0001s (local map=1, WM=1)[0m
[0m[ INFO] [1790472426.345290607, 1790470354.361537193]: rtabmap (86): Rate=1.00s, Limit=0.000s, Conversion=0.0009s, RTAB-Map=0.1639s, Maps update=0.0001s pub=0.0001s (local map=1, WM=1)[0m
[0m[ INFO] [1790472427.434423343, 1790470355.454939864]: rtabmap (87): Rate=1.00s, Limit=0.000s, Conversion=0.0013s, RTAB-Map=0.1553s, Maps update=0.0001s pub=0.0001s (local map=1, WM=1)[0m
[0m[ INFO] [1790472428.459204596, 1790470356.475486478]: rtabmap (88): Rate=1.00s, Limit=0.000s, Conversion=0.0012s, RTAB-Map=0.1735s, Maps update=0.0001s pub=0.0001s (local map=1, WM=1)[0m
[0m[ INFO] [1790472429.549941925, 1790470357.566171903]: rtabmap (89): Rate=1.00s, Limit=0.000s, Conversion=0.0010s, RTAB-Map=0.1669s, Maps update=0.0001s pub=0.0001s (local map=1, WM=1)[0m
[0m[ INFO] [1790472430.569031083, 1790470358.586313296]: rtabmap (90): Rate=1.00s, Limit=0.000s, Conversion=0.0013s, RTAB-Map=0.1722s, Maps update=0.0001s pub=0.0001s (local map=1, WM=1)[0m
[0m[ INFO] [1790472431.657387554, 1790470359.682241530]: rtabmap (91): Rate=1.00s, Limit=0.000s, Conversion=0.0012s, RTAB-Map=0.1730s, Maps update=0.0001s pub=0.0001s (local map=1, WM=1)[0m
[0m[ INFO] [1790472432.648448791, 1790470360.671727485]: rtabmap (92): Rate=1.00s, Limit=0.000s, Conversion=0.0008s, RTAB-Map=0.1548s, Maps update=0.0001s pub=0.0001s (local map=1, WM=1)[0m
[0m[ INFO] [1790472433.758677083, 1790470361.777276463]: rtabmap (93): Rate=1.00s, Limit=0.000s, Conversion=0.0013s, RTAB-Map=0.1700s, Maps update=0.0001s pub=0.0001s (local map=1, WM=1)[0m
[0m[ INFO] [1790472434.738793240, 1790470362.757410636]: rtabmap (94): Rate=1.00s, Limit=0.000s, Conversion=0.0012s, RTAB-Map=0.1561s, Maps update=0.0001s pub=0.0001s (local map=1, WM=1)[0m
[0m[ INFO] [1790472435.868714482, 1790470363.884829963]: rtabmap (95): Rate=1.00s, Limit=0.000s, Conversion=0.0013s, RTAB-Map=0.1722s, Maps update=0.0001s pub=0.0001s (local map=1, WM=1)[0m
[0m[ INFO] [1790472436.842544202, 1790470364.860504279]: rtabmap (96): Rate=1.00s, Limit=0.000s, Conversion=0.0009s, RTAB-Map=0.1555s, Maps update=0.0001s pub=0.0001s (local map=1, WM=1)[0m
[0m[ INFO] [1790472437.961935025, 1790470365.985122711]: rtabmap (97): Rate=1.00s, Limit=0.000s, Conversion=0.0013s, RTAB-Map=0.1707s, Maps update=0.0001s pub=0.0001s (local map=1, WM=1)[0m
[0m[ INFO] [1790472438.942035309, 1790470366.966379935]: rtabmap (98): Rate=1.00s, Limit=0.000s, Conversion=0.0008s, RTAB-Map=0.1584s, Maps update=0.0001s pub=0.0001s (local map=1, WM=1)[0m
[0m[ INFO] [1790472439.925553710, 1790470367.947115042]: rtabmap (99): Rate=1.00s, Limit=0.000s, Conversion=0.0008s, RTAB-Map=0.1546s, Maps update=0.0001s pub=0.0001s (local map=1, WM=1)[0m
[0m[ INFO] [1790472441.051438619, 1790470369.068179290]: rtabmap (100): Rate=1.00s, Limit=0.000s, Conversion=0.0014s, RTAB-Map=0.1733s, Maps update=0.0001s pub=0.0001s (local map=1, WM=1)[0m
[0m[ INFO] [1790472442.144021052, 1790470370.169340825]: rtabmap (101): Rate=1.00s, Limit=0.000s, Conversion=0.0008s, RTAB-Map=0.1560s, Maps update=0.0001s pub=0.0001s (local map=1, WM=1)[0m
[0m[ INFO] [1790472443.243135813, 1790470371.268598691]: rtabmap (102): Rate=1.00s, Limit=0.000s, Conversion=0.0012s, RTAB-Map=0.1678s, Maps update=0.0001s pub=0.0001s (local map=1, WM=1)[0m
[0m[ INFO] [1790472444.335153696, 1790470372.355374214]: rtabmap (103): Rate=1.00s, Limit=0.000s, Conversion=0.0009s, RTAB-Map=0.1547s, Maps update=0.0001s pub=0.0001s (local map=1, WM=1)[0m
[0m[ INFO] [1790472445.470207023, 1790470373.494054396]: rtabmap (104): Rate=1.00s, Limit=0.000s, Conversion=0.0012s, RTAB-Map=0.1749s, Maps update=0.0001s pub=0.0001s (local map=1, WM=1)[0m
[0m[ INFO] [1790472446.553546667, 1790470374.576192011]: rtabmap (105): Rate=1.00s, Limit=0.000s, Conversion=0.0008s, RTAB-Map=0.1699s, Maps update=0.0001s pub=0.0001s (local map=1, WM=1)[0m
[0m[ INFO] [1790472447.534682545, 1790470375.550770761]: rtabmap (106): Rate=1.00s, Limit=0.000s, Conversion=0.0008s, RTAB-Map=0.1532s, Maps update=0.0001s pub=0.0001s (local map=1, WM=1)[0m
[0m[ INFO] [1790472448.545473560, 1790470376.569183171]: rtabmap (107): Rate=1.00s, Limit=0.000s, Conversion=0.0015s, RTAB-Map=0.1544s, Maps update=0.0001s pub=0.0001s (local map=1, WM=1)[0m
[0m[ INFO] [1790472449.645819116, 1790470377.669295317]: rtabmap (108): Rate=1.00s, Limit=0.000s, Conversion=0.0008s, RTAB-Map=0.1548s, Maps update=0.0001s pub=0.0001s (local map=1, WM=1)[0m
[0m[ INFO] [1790472450.747877779, 1790470378.766091683]: rtabmap (109): Rate=1.00s, Limit=0.000s, Conversion=0.0008s, RTAB-Map=0.1728s, Maps update=0.0001s pub=0.0001s (local map=1, WM=1)[0m
[0m[ INFO] [1790472451.853554273, 1790470379.734370555]: rtabmap (110): Rate=1.00s, Limit=0.000s, Conversion=0.0013s, RTAB-Map=0.1650s, Maps update=0.0001s pub=0.0001s (local map=1, WM=1)[0m
Warning: TF_REPEATED_DATA ignoring data with redundant timestamp for frame odom (parent map) at time 1790470379.979815 according to authority unknown_publisher
         at line 278 in /tmp/binarydeb/ros-noetic-tf2-0.7.7/src/buffer_core.cpp
Warning: TF_REPEATED_DATA ignoring data with redundant timestamp for frame odom (parent map) at time 1790470379.979815 according to authority /rtabmap/rtabmap
         at line 278 in /tmp/binarydeb/ros-noetic-tf2-0.7.7/src/buffer_core.cpp
[33m[ WARN] [1790472451.855430965, 1790470379.879814888]: TF_REPEATED_DATA ignoring data with redundant timestamp for frame odom (parent map) at time 1790470379.979815 according to authority unknown_publisher[0m
[0m[ INFO] [1790472452.953426319, 1790470380.977372253]: rtabmap (111): Rate=1.00s, Limit=0.000s, Conversion=0.0009s, RTAB-Map=0.1624s, Maps update=0.0001s pub=0.0001s (local map=1, WM=1)[0m
[0m[ INFO] [1790472454.059222717, 1790470382.079999049]: rtabmap (112): Rate=1.00s, Limit=0.000s, Conversion=0.0013s, RTAB-Map=0.1742s, Maps update=0.0001s pub=0.0001s (local map=1, WM=1)[0m
Warning: TF_REPEATED_DATA ignoring data with redundant timestamp for frame odom (parent map) at time 1790470382.437242 according to authority unknown_publisher
         at line 278 in /tmp/binarydeb/ros-noetic-tf2-0.7.7/src/buffer_core.cpp
[33m[ WARN] [1790472454.313439911, 1790470382.337241492]: TF_REPEATED_DATA ignoring data with redundant timestamp for frame odom (parent map) at time 1790470382.437242 according to authority unknown_publisher[0m
Warning: TF_REPEATED_DATA ignoring data with redundant timestamp for frame odom (parent map) at time 1790470382.437242 according to authority /rtabmap/rtabmap
         at line 278 in /tmp/binarydeb/ros-noetic-tf2-0.7.7/src/buffer_core.cpp
[0m[ INFO] [1790472455.150425549, 1790470383.173286991]: rtabmap (113): Rate=1.00s, Limit=0.000s, Conversion=0.0009s, RTAB-Map=0.1715s, Maps update=0.0001s pub=0.0001s (local map=1, WM=1)[0m
[0m[ INFO] [1790472456.157288840, 1790470384.181397399]: rtabmap (114): Rate=1.00s, Limit=0.000s, Conversion=0.0013s, RTAB-Map=0.1735s, Maps update=0.0001s pub=0.0001s (local map=1, WM=1)[0m
Warning: TF_REPEATED_DATA ignoring data with redundant timestamp for frame odom (parent map) at time 1790470384.691924 according to authority unknown_publisher
         at line 278 in /tmp/binarydeb/ros-noetic-tf2-0.7.7/src/buffer_core.cpp
Warning: TF_REPEATED_DATA ignoring data with redundant timestamp for frame odom (parent map) at time 1790470384.691924 according to authority /rtabmap/rtabmap
         at line 278 in /tmp/binarydeb/ros-noetic-tf2-0.7.7/src/buffer_core.cpp
[33m[ WARN] [1790472456.571579101, 1790470384.591924355]: TF_REPEATED_DATA ignoring data with redundant timestamp for frame odom (parent map) at time 1790470384.691924 according to authority unknown_publisher[0m
[33m[ WARN] [1790472458.901139896, 1790470386.925305129]: TF_REPEATED_DATA ignoring data with redundant timestamp for frame odom (parent map) at time 1790470387.025305 according to authority unknown_publisher[0m
[0m[ INFO] [1790472457.260153589, 1790470385.277544188]: rtabmap (115): Rate=1.00s, Limit=0.000s, Conversion=0.0013s, RTAB-Map=0.1712s, Maps update=0.0001s pub=0.0001s (local map=1, WM=1)[0m
[0m[ INFO] [1790472458.345757671, 1790470386.370621471]: rtabmap (116): Rate=1.00s, Limit=0.000s, Conversion=0.0009s, RTAB-Map=0.1563s, Maps update=0.0008s pub=0.0001s (local map=1, WM=1)[0m
Warning: Warning: TF_REPEATED_DATA ignoring data with redundant timestamp for frame odom (parent map) at time 1790470387.025305 according to authority /rtabmap/rtabmapTF_REPEATED_DATA ignoring data with redundant timestamp for frame odom (parent map) at time 1790470387.025305 according to authority unknown_publisher

         at line          at line 278278 in  in /tmp/binarydeb/ros-noetic-tf2-0.7.7/src/buffer_core.cpp/tmp/binarydeb/ros-noetic-tf2-0.7.7/src/buffer_core.cpp

[0m[ INFO] [1790472459.395752726, 1790470387.414468619]: rtabmap (117): Rate=1.00s, Limit=0.000s, Conversion=0.0011s, RTAB-Map=0.1924s, Maps update=0.0001s pub=0.0001s (local map=1, WM=1)[0m
[0m[ INFO] [1790472460.367986743, 1790470388.391018075]: rtabmap (118): Rate=1.00s, Limit=0.000s, Conversion=0.0013s, RTAB-Map=0.1733s, Maps update=0.0001s pub=0.0001s (local map=1, WM=1)[0m
Warning: TF_REPEATED_DATA ignoring data with redundant timestamp for frame odom (parent map) at time 1790470389.400077 according to authority unknown_publisher
         at line 278 in /tmp/binarydeb/ros-noetic-tf2-0.7.7/src/buffer_core.cpp
Warning: TF_REPEATED_DATA ignoring data with redundant timestamp for frame odom (parent map) at time 1790470389.400077 according to authority /rtabmap/rtabmap
         at line 278 in /tmp/binarydeb/ros-noetic-tf2-0.7.7/src/buffer_core.cpp
[33m[ WARN] [1790472461.275042613, 1790470389.300077007]: TF_REPEATED_DATA ignoring data with redundant timestamp for frame odom (parent map) at time 1790470389.400077 according to authority unknown_publisher[0m
[0m[ INFO] [1790472461.552164407, 1790470389.571962968]: rtabmap (119): Rate=1.00s, Limit=0.000s, Conversion=0.0013s, RTAB-Map=0.1712s, Maps update=0.0001s pub=0.0001s (local map=1, WM=1)[0m
[0m[ INFO] [1790472461.712554533, 1790470389.733288720]: rtabmap (120): Rate=1.00s, Limit=0.000s, Conversion=0.0009s, RTAB-Map=0.1578s, Maps update=0.0001s pub=0.0001s (local map=1, WM=1)[0m
[0m[ INFO] [1790472462.536736478, 1790470390.552991097]: rtabmap (121): Rate=1.00s, Limit=0.000s, Conversion=0.0009s, RTAB-Map=0.1622s, Maps update=0.0001s pub=0.0001s (local map=1, WM=1)[0m
Warning: TF_REPEATED_DATA ignoring data with redundant timestamp for frame odom (parent map) at time 1790470391.655955 according to authority unknown_publisher
         at line 278 in /tmp/binarydeb/ros-noetic-tf2-0.7.7/src/buffer_core.cpp
[33m[ WARN] [1790472463.531545685, 1790470391.555955111]: TF_REPEATED_DATA ignoring data with redundant timestamp for frame odom (parent map) at time 1790470391.655955 according to authority unknown_publisher[0m
Warning: TF_REPEATED_DATA ignoring data with redundant timestamp for frame odom (parent map) at time 1790470391.655955 according to authority /rtabmap/rtabmap
         at line 278 in /tmp/binarydeb/ros-noetic-tf2-0.7.7/src/buffer_core.cpp
[0m[ INFO] [1790472463.771479523, 1790470391.788341956]: rtabmap (122): Rate=1.00s, Limit=0.000s, Conversion=0.0008s, RTAB-Map=0.1605s, Maps update=0.0001s pub=0.0001s (local map=1, WM=1)[0m
[0m[ INFO] [1790472463.936837863, 1790470391.959769802]: rtabmap (123): Rate=1.00s, Limit=0.000s, Conversion=0.0010s, RTAB-Map=0.1631s, Maps update=0.0001s pub=0.0001s (local map=1, WM=1)[0m
[0m[ INFO] [1790472464.852019324, 1790470392.877753021]: rtabmap (124): Rate=1.00s, Limit=0.000s, Conversion=0.0013s, RTAB-Map=0.1717s, Maps update=0.0001s pub=0.0001s (local map=1, WM=1)[0m
Warning: TF_REPEATED_DATA ignoring data with redundant timestamp for frame odom (parent map) at time 1790470394.009688 according to authority unknown_publisher
         at line 278 in /tmp/binarydeb/ros-noetic-tf2-0.7.7/src/buffer_core.cpp
Warning: TF_REPEATED_DATA ignoring data with redundant timestamp for frame odom (parent map) at time 1790470394.009688 according to authority /rtabmap/rtabmap
         at line 278 in /tmp/binarydeb/ros-noetic-tf2-0.7.7/src/buffer_core.cpp
[33m[ WARN] [1790472465.887632621, 1790470393.909688262]: TF_REPEATED_DATA ignoring data with redundant timestamp for frame odom (parent map) at time 1790470394.009688 according to authority unknown_publisher[0m
[33m[ WARN] [1790472468.138404876, 1790470396.162024438]: TF_REPEATED_DATA ignoring data with redundant timestamp for frame odom (parent map) at time 1790470396.262024 according to authority unknown_publisher[0m
Warning: TF_REPEATED_DATA ignoring data with redundant timestamp for frame odom (parent map) at time 1790470396.262024 according to authority /rtabmap/rtabmap
         at line 278 in /tmp/binarydeb/ros-noetic-tf2-0.7.7/src/buffer_core.cpp
[0m[ INFO] [1790472466.080455835, 1790470394.101130886]: rtabmap (125): Rate=1.00s, Limit=0.000s, Conversion=0.0013s, RTAB-Map=0.1667s, Maps update=0.0001s pub=0.0001s (local map=1, WM=1)[0m
[0m[ INFO] [1790472466.962775403, 1790470394.979257255]: rtabmap (126): Rate=1.00s, Limit=0.000s, Conversion=0.0013s, RTAB-Map=0.1712s, Maps update=0.0001s pub=0.0001s (local map=1, WM=1)[0m
[0m[ INFO] [1790472468.129885615, 1790470396.009648927]: rtabmap (127): Rate=1.00s, Limit=0.000s, Conversion=0.0013s, RTAB-Map=0.2412s, Maps update=0.0002s pub=0.0001s (local map=1, WM=1)[0m
Warning: TF_REPEATED_DATA ignoring data with redundant timestamp for frame odom (parent map) at time 1790470396.262024 according to authority unknown_publisher
         at line 278 in /tmp/binarydeb/ros-noetic-tf2-0.7.7/src/buffer_core.cpp
[0m[ INFO] [1790472469.167745368, 1790470397.191393218]: rtabmap (128): Rate=1.00s, Limit=0.000s, Conversion=0.0014s, RTAB-Map=0.1734s, Maps update=0.0001s pub=0.0001s (local map=1, WM=1)[0m
[0m[ INFO] [1790472470.273899909, 1790470398.269203324]: rtabmap (129): Rate=1.00s, Limit=0.000s, Conversion=0.0011s, RTAB-Map=0.1844s, Maps update=0.0001s pub=0.0001s (local map=1, WM=1)[0m
Warning: TF_REPEATED_DATA ignoring data with redundant timestamp for frame odom (parent map) at time 1790470398.515406 according to authority unknown_publisher
         at line 278 in /tmp/binarydeb/ros-noetic-tf2-0.7.7/src/buffer_core.cpp
[33m[ WARN] [1790472470.391801382, 1790470398.415406192]: TF_REPEATED_DATA ignoring data with redundant timestamp for frame odom (parent map) at time 1790470398.515406 according to authority unknown_publisher[0m
Warning: TF_REPEATED_DATA ignoring data with redundant timestamp for frame odom (parent map) at time 1790470398.515406 according to authority /rtabmap/rtabmap
         at line 278 in /tmp/binarydeb/ros-noetic-tf2-0.7.7/src/buffer_core.cpp
[0m[ INFO] [1790472471.255869102, 1790470399.275463661]: rtabmap (130): Rate=1.00s, Limit=0.000s, Conversion=0.0010s, RTAB-Map=0.1687s, Maps update=0.0001s pub=0.0001s (local map=1, WM=1)[0m
[0m[ INFO] [1790472472.346957240, 1790470400.363390964]: rtabmap (131): Rate=1.00s, Limit=0.000s, Conversion=0.0010s, RTAB-Map=0.1714s, Maps update=0.0001s pub=0.0001s (local map=1, WM=1)[0m
Warning: TF_REPEATED_DATA ignoring data with redundant timestamp for frame odom (parent map) at time 1790470400.721445 according to authority unknown_publisher
         at line 278 in /tmp/binarydeb/ros-noetic-tf2-0.7.7/src/buffer_core.cpp
Warning: TF_REPEATED_DATA ignoring data with redundant timestamp for frame odom (parent map) at time 1790470400.721445 according to authority /rtabmap/rtabmap
         at line 278 in /tmp/binarydeb/ros-noetic-tf2-0.7.7/src/buffer_core.cpp
[33m[ WARN] [1790472472.600244119, 1790470400.621444743]: TF_REPEATED_DATA ignoring data with redundant timestamp for frame odom (parent map) at time 1790470400.721445 according to authority unknown_publisher[0m
[0m[ INFO] [1790472473.353829935, 1790470401.369721797]: rtabmap (132): Rate=1.00s, Limit=0.000s, Conversion=0.0012s, RTAB-Map=0.1666s, Maps update=0.0001s pub=0.0001s (local map=1, WM=1)[0m
[0m[ INFO] [1790472474.440282982, 1790470402.458012336]: rtabmap (133): Rate=1.00s, Limit=0.000s, Conversion=0.0009s, RTAB-Map=0.1615s, Maps update=0.0001s pub=0.0001s (local map=1, WM=1)[0m
[0m[ INFO] [1790472475.531170380, 1790470403.555429214]: rtabmap (134): Rate=1.00s, Limit=0.000s, Conversion=0.0008s, RTAB-Map=0.1552s, Maps update=0.0001s pub=0.0001s (local map=1, WM=1)[0m
[0m[ INFO] [1790472476.650213733, 1790470404.671109329]: rtabmap (135): Rate=1.00s, Limit=0.000s, Conversion=0.0012s, RTAB-Map=0.1700s, Maps update=0.0001s pub=0.0001s (local map=1, WM=1)[0m
Warning: TF_REPEATED_DATA ignoring data with redundant timestamp for frame odom (parent map) at time 1790470405.475580 according to authority unknown_publisher
         at line 278 in /tmp/binarydeb/ros-noetic-tf2-0.7.7/src/buffer_core.cpp
[33m[ WARN] [1790472477.351831656, 1790470405.375580531]: TF_REPEATED_DATA ignoring data with redundant timestamp for frame odom (parent map) at time 1790470405.475580 according to authority unknown_publisher[0m
Warning: TF_REPEATED_DATA ignoring data with redundant timestamp for frame odom (parent map) at time 1790470405.475580 according to authority /rtabmap/rtabmap
         at line 278 in /tmp/binarydeb/ros-noetic-tf2-0.7.7/src/buffer_core.cpp
[0m[ INFO] [1790472477.641575602, 1790470405.660433481]: rtabmap (136): Rate=1.00s, Limit=0.000s, Conversion=0.0013s, RTAB-Map=0.1553s, Maps update=0.0001s pub=0.0001s (local map=1, WM=1)[0m
[0m[ INFO] [1790472478.633446693, 1790470406.658294908]: rtabmap (137): Rate=1.00s, Limit=0.000s, Conversion=0.0008s, RTAB-Map=0.1540s, Maps update=0.0001s pub=0.0001s (local map=1, WM=1)[0m
Warning: TF_REPEATED_DATA ignoring data with redundant timestamp for frame odom (parent map) at time 1790470407.730566 according to authority unknown_publisher
         at line 278 in /tmp/binarydeb/ros-noetic-tf2-0.7.7/src/buffer_core.cpp
[33m[ WARN] [1790472479.605370974, 1790470407.630565658]: TF_REPEATED_DATA ignoring data with redundant timestamp for frame odom (parent map) at time 1790470407.730566 according to authority unknown_publisher[0m
Warning: TF_REPEATED_DATA ignoring data with redundant timestamp for frame odom (parent map) at time 1790470407.730566 according to authority /rtabmap/rtabmap
         at line 278 in /tmp/binarydeb/ros-noetic-tf2-0.7.7/src/buffer_core.cpp
[0m[ INFO] [1790472479.850617381, 1790470407.871956215]: rtabmap (138): Rate=1.00s, Limit=0.000s, Conversion=0.0014s, RTAB-Map=0.1603s, Maps update=0.0001s pub=0.0001s (local map=1, WM=1)[0m
[0m[ INFO] [1790472480.018372483, 1790470408.043189242]: rtabmap (139): Rate=1.00s, Limit=0.000s, Conversion=0.0008s, RTAB-Map=0.1653s, Maps update=0.0001s pub=0.0001s (local map=1, WM=1)[0m
[0m[ INFO] [1790472480.947488108, 1790470408.964305836]: rtabmap (140): Rate=1.00s, Limit=0.000s, Conversion=0.0009s, RTAB-Map=0.1603s, Maps update=0.0001s pub=0.0001s (local map=1, WM=1)[0m
Warning: TF_REPEATED_DATA ignoring data with redundant timestamp for frame odom (parent map) at time 1790470409.980639 according to authority unknown_publisher
         at line 278 in /tmp/binarydeb/ros-noetic-tf2-0.7.7/src/buffer_core.cpp
[33m[ WARN] [1790472481.856751677, 1790470409.880639370]: TF_REPEATED_DATA ignoring data with redundant timestamp for frame odom (parent map) at time 1790470409.980639 according to authority unknown_publisher[0m
Warning: TF_REPEATED_DATA ignoring data with redundant timestamp for frame odom (parent map) at time 1790470409.980639 according to authority /rtabmap/rtabmap
         at line 278 in /tmp/binarydeb/ros-noetic-tf2-0.7.7/src/buffer_core.cpp
[0m[ INFO] [1790472482.049715788, 1790470410.072177418]: rtabmap (141): Rate=1.00s, Limit=0.000s, Conversion=0.0013s, RTAB-Map=0.1735s, Maps update=0.0001s pub=0.0001s (local map=1, WM=1)[0m
[0m[ INFO] [1790472483.050687232, 1790470411.073109278]: rtabmap (142): Rate=1.00s, Limit=0.000s, Conversion=0.0012s, RTAB-Map=0.1555s, Maps update=0.0001s pub=0.0001s (local map=1, WM=1)[0m
[0m[ INFO] [1790472484.066508214, 1790470412.086654010]: rtabmap (143): Rate=1.00s, Limit=0.000s, Conversion=0.0013s, RTAB-Map=0.1589s, Maps update=0.0001s pub=0.0001s (local map=1, WM=1)[0m
Warning: TF_REPEATED_DATA ignoring data with redundant timestamp for frame odom (parent map) at time 1790470412.338656 according to authority unknown_publisher
         at line 278 in /tmp/binarydeb/ros-noetic-tf2-0.7.7/src/buffer_core.cpp
Warning: TF_REPEATED_DATA ignoring data with redundant timestamp for frame odom (parent map) at time 1790470412.338656 according to authority /rtabmap/rtabmap
         at line 278 in /tmp/binarydeb/ros-noetic-tf2-0.7.7/src/buffer_core.cpp
[33m[ WARN] [1790472484.214213337, 1790470412.238656205]: TF_REPEATED_DATA ignoring data with redundant timestamp for frame odom (parent map) at time 1790470412.338656 according to authority unknown_publisher[0m
[0m[ INFO] [1790472485.146008894, 1790470413.166397606]: rtabmap (144): Rate=1.00s, Limit=0.000s, Conversion=0.0013s, RTAB-Map=0.1688s, Maps update=0.0001s pub=0.0001s (local map=1, WM=1)[0m
[0m[ INFO] [1790472486.167574322, 1790470414.186980174]: rtabmap (145): Rate=1.00s, Limit=0.000s, Conversion=0.0009s, RTAB-Map=0.1765s, Maps update=0.0002s pub=0.0001s (local map=1, WM=1)[0m
Warning: TF_REPEATED_DATA ignoring data with redundant timestamp for frame odom (parent map) at time 1790470414.493026 according to authority unknown_publisher
         at line 278 in /tmp/binarydeb/ros-noetic-tf2-0.7.7/src/buffer_core.cpp
[33m[ WARN] [1790472486.368917628, 1790470414.393026187]: TF_REPEATED_DATA ignoring data with redundant timestamp for frame odom (parent map) at time 1790470414.493026 according to authority unknown_publisher[0m
Warning: TF_REPEATED_DATA ignoring data with redundant timestamp for frame odom (parent map) at time 1790470414.493026 according to authority /rtabmap/rtabmap
         at line 278 in /tmp/binarydeb/ros-noetic-tf2-0.7.7/src/buffer_core.cpp
[0m[ INFO] [1790472487.194459006, 1790470415.211599522]: rtabmap (146): Rate=1.00s, Limit=0.000s, Conversion=0.0008s, RTAB-Map=0.1712s, Maps update=0.0001s pub=0.0001s (local map=1, WM=1)[0m
[0m[ INFO] [1790472488.247116483, 1790470416.263970308]: rtabmap (147): Rate=1.00s, Limit=0.000s, Conversion=0.0013s, RTAB-Map=0.1628s, Maps update=0.0001s pub=0.0001s (local map=1, WM=1)[0m
Warning: TF_REPEATED_DATA ignoring data with redundant timestamp for frame odom (parent map) at time 1790470416.746204 according to authority unknown_publisher
         at line 278 in /tmp/binarydeb/ros-noetic-tf2-0.7.7/src/buffer_core.cpp
[33m[ WARN] [1790472488.621990825, 1790470416.646204089]: TF_REPEATED_DATA ignoring data with redundant timestamp for frame odom (parent map) at time 1790470416.746204 according to authority unknown_publisher[0m
Warning: TF_REPEATED_DATA ignoring data with redundant timestamp for frame odom (parent map) at time 1790470416.746204 according to authority /rtabmap/rtabmap
         at line 278 in /tmp/binarydeb/ros-noetic-tf2-0.7.7/src/buffer_core.cpp
[0m[ INFO] [1790472489.235939826, 1790470417.251810120]: rtabmap (148): Rate=1.00s, Limit=0.000s, Conversion=0.0012s, RTAB-Map=0.1589s, Maps update=0.0001s pub=0.0001s (local map=1, WM=1)[0m
[0m[ INFO] [1790472490.241072306, 1790470418.252701370]: rtabmap (149): Rate=1.00s, Limit=0.000s, Conversion=0.0010s, RTAB-Map=0.1580s, Maps update=0.0001s pub=0.0001s (local map=1, WM=1)[0m
Warning: TF_REPEATED_DATA ignoring data with redundant timestamp for frame odom (parent map) at time 1790470419.095595 according to authority unknown_publisher
         at line 278 in /tmp/binarydeb/ros-noetic-tf2-0.7.7/src/buffer_core.cpp
Warning: TF_REPEATED_DATA ignoring data with redundant timestamp for frame odom (parent map) at time 1790470419.095595 according to authority /rtabmap/rtabmap
         at line 278 in /tmp/binarydeb/ros-noetic-tf2-0.7.7/src/buffer_core.cpp
[33m[ WARN] [1790472490.972615287, 1790470418.995594683]: TF_REPEATED_DATA ignoring data with redundant timestamp for frame odom (parent map) at time 1790470419.095595 according to authority unknown_publisher[0m
[0m[ INFO] [1790472491.243914905, 1790470419.261739460]: rtabmap (150): Rate=1.00s, Limit=0.000s, Conversion=0.0009s, RTAB-Map=0.1575s, Maps update=0.0001s pub=0.0001s (local map=1, WM=1)[0m
[0m[ INFO] [1790472492.369318770, 1790470420.394303851]: rtabmap (151): Rate=1.00s, Limit=0.000s, Conversion=0.0013s, RTAB-Map=0.1720s, Maps update=0.0001s pub=0.0001s (local map=1, WM=1)[0m
Warning: TF_REPEATED_DATA ignoring data with redundant timestamp for frame odom (parent map) at time 1790470421.348550 according to authority unknown_publisher
         at line 278 in /tmp/binarydeb/ros-noetic-tf2-0.7.7/src/buffer_core.cpp
[33m[ WARN] [1790472493.223973167, 1790470421.248549668]: TF_REPEATED_DATA ignoring data with redundant timestamp for frame odom (parent map) at time 1790470421.348550 according to authority unknown_publisher[0m
Warning: TF_REPEATED_DATA ignoring data with redundant timestamp for frame odom (parent map) at time 1790470421.348550 according to authority /rtabmap/rtabmap
         at line 278 in /tmp/binarydeb/ros-noetic-tf2-0.7.7/src/buffer_core.cpp
[0m[ INFO] [1790472493.437709344, 1790470421.460085596]: rtabmap (152): Rate=1.00s, Limit=0.000s, Conversion=0.0011s, RTAB-Map=0.1538s, Maps update=0.0001s pub=0.0001s (local map=1, WM=1)[0m
[0m[ INFO] [1790472493.597794025, 1790470421.621023503]: rtabmap (153): Rate=1.00s, Limit=0.000s, Conversion=0.0007s, RTAB-Map=0.1578s, Maps update=0.0001s pub=0.0001s (local map=1, WM=1)[0m
[0m[ INFO] [1790472494.538868593, 1790470422.563568199]: rtabmap (154): Rate=1.00s, Limit=0.000s, Conversion=0.0009s, RTAB-Map=0.1645s, Maps update=0.0001s pub=0.0001s (local map=1, WM=1)[0m
Warning: TF_REPEATED_DATA ignoring data with redundant timestamp for frame odom (parent map) at time 1790470423.653910 according to authority unknown_publisher
         at line 278 in /tmp/binarydeb/ros-noetic-tf2-0.7.7/src/buffer_core.cpp
[33m[ WARN] [1790472495.529147182, 1790470423.553910213]: TF_REPEATED_DATA ignoring data with redundant timestamp for frame odom (parent map) at time 1790470423.653910 according to authority unknown_publisher[0m
Warning: TF_REPEATED_DATA ignoring data with redundant timestamp for frame odom (parent map) at time 1790470423.653910 according to authority /rtabmap/rtabmap
         at line 278 in /tmp/binarydeb/ros-noetic-tf2-0.7.7/src/buffer_core.cpp
[0m[ INFO] [1790472495.700294000, 1790470423.725226345]: rtabmap (155): Rate=1.00s, Limit=0.000s, Conversion=0.0009s, RTAB-Map=0.1514s, Maps update=0.0001s pub=0.0001s (local map=1, WM=1)[0m
[0m[ INFO] [1790472496.651994154, 1790470424.676292668]: rtabmap (156): Rate=1.00s, Limit=0.000s, Conversion=0.0013s, RTAB-Map=0.1625s, Maps update=0.0001s pub=0.0001s (local map=1, WM=1)[0m
[0m[ INFO] [1790472497.660770064, 1790470425.679186754]: rtabmap (157): Rate=1.00s, Limit=0.000s, Conversion=0.0013s, RTAB-Map=0.1712s, Maps update=0.0001s pub=0.0001s (local map=1, WM=1)[0m
Warning: TF_REPEATED_DATA ignoring data with redundant timestamp for frame odom (parent map) at time 1790470425.960088 according to authority unknown_publisher
         at line 278 in /tmp/binarydeb/ros-noetic-tf2-0.7.7/src/buffer_core.cpp
[33m[ WARN] [1790472497.835505209, 1790470425.860087630]: TF_REPEATED_DATA ignoring data with redundant timestamp for frame odom (parent map) at time 1790470425.960088 according to authority unknown_publisher[0m
Warning: TF_REPEATED_DATA ignoring data with redundant timestamp for frame odom (parent map) at time 1790470425.960088 according to authority /rtabmap/rtabmap
         at line 278 in /tmp/binarydeb/ros-noetic-tf2-0.7.7/src/buffer_core.cpp
[0m[ INFO] [1790472498.753437252, 1790470426.772871489]: rtabmap (158): Rate=1.00s, Limit=0.000s, Conversion=0.0014s, RTAB-Map=0.1745s, Maps update=0.0001s pub=0.0001s (local map=1, WM=1)[0m
[0m[ INFO] [1790472499.756679085, 1790470427.776151755]: rtabmap (159): Rate=1.00s, Limit=0.000s, Conversion=0.0011s, RTAB-Map=0.1679s, Maps update=0.0001s pub=0.0001s (local map=1, WM=1)[0m
Warning: TF_REPEATED_DATA ignoring data with redundant timestamp for frame odom (parent map) at time 1790470428.210302 according to authority unknown_publisher
         at line 278 in /tmp/binarydeb/ros-noetic-tf2-0.7.7/src/buffer_core.cpp
Warning: TF_REPEATED_DATA ignoring data with redundant timestamp for frame odom (parent map) at time 1790470428.210302 according to authority /rtabmap/rtabmap
         at line 278 in /tmp/binarydeb/ros-noetic-tf2-0.7.7/src/buffer_core.cpp
[33m[ WARN] [1790472500.091350782, 1790470428.110301718]: TF_REPEATED_DATA ignoring data with redundant timestamp for frame odom (parent map) at time 1790470428.210302 according to authority unknown_publisher[0m
[0m[ INFO] [1790472500.851369591, 1790470428.868146391]: rtabmap (160): Rate=1.00s, Limit=0.000s, Conversion=0.0014s, RTAB-Map=0.1719s, Maps update=0.0001s pub=0.0001s (local map=1, WM=1)[0m
[0m[ INFO] [1790472501.932869201, 1790470429.956049655]: rtabmap (161): Rate=1.00s, Limit=0.000s, Conversion=0.0009s, RTAB-Map=0.1538s, Maps update=0.0001s pub=0.0001s (local map=1, WM=1)[0m
Warning: TF_REPEATED_DATA ignoring data with redundant timestamp for frame odom (parent map) at time 1790470430.562176 according to authority unknown_publisher
         at line 278 in /tmp/binarydeb/ros-noetic-tf2-0.7.7/src/buffer_core.cpp
[33m[ WARN] [1790472502.437974075, 1790470430.462175884]: TF_REPEATED_DATA ignoring data with redundant timestamp for frame odom (parent map) at time 1790470430.562176 according to authority unknown_publisher[0m
Warning: TF_REPEATED_DATA ignoring data with redundant timestamp for frame odom (parent map) at time 1790470430.562176 according to authority /rtabmap/rtabmap
         at line 278 in /tmp/binarydeb/ros-noetic-tf2-0.7.7/src/buffer_core.cpp
[0m[ INFO] [1790472503.040082562, 1790470431.058385778]: rtabmap (162): Rate=1.00s, Limit=0.000s, Conversion=0.0012s, RTAB-Map=0.1541s, Maps update=0.0001s pub=0.0001s (local map=1, WM=1)[0m
[0m[ INFO] [1790472504.071815455, 1790470432.086907885]: rtabmap (163): Rate=1.00s, Limit=0.000s, Conversion=0.0013s, RTAB-Map=0.1642s, Maps update=0.0001s pub=0.0001s (local map=1, WM=1)[0m
Warning: TF_REPEATED_DATA ignoring data with redundant timestamp for frame odom (parent map) at time 1790470432.817561 according to authority unknown_publisher
         at line 278 in /tmp/binarydeb/ros-noetic-tf2-0.7.7/src/buffer_core.cpp
Warning: TF_REPEATED_DATA ignoring data with redundant timestamp for frame odom (parent map) at time 1790470432.817561 according to authority /rtabmap/rtabmap
         at line 278 in /tmp/binarydeb/ros-noetic-tf2-0.7.7/src/buffer_core.cpp
[33m[ WARN] [1790472504.693559515, 1790470432.717561289]: TF_REPEATED_DATA ignoring data with redundant timestamp for frame odom (parent map) at time 1790470432.817561 according to authority unknown_publisher[0m
[0m[ INFO] [1790472505.051396710, 1790470433.070540480]: rtabmap (164): Rate=1.00s, Limit=0.000s, Conversion=0.0008s, RTAB-Map=0.1604s, Maps update=0.0001s pub=0.0001s (local map=1, WM=1)[0m
[0m[ INFO] [1790472506.163772046, 1790470434.181875005]: rtabmap (165): Rate=1.00s, Limit=0.000s, Conversion=0.0008s, RTAB-Map=0.1903s, Maps update=0.0001s pub=0.0001s (local map=1, WM=1)[0m
Warning: TF_REPEATED_DATA ignoring data with redundant timestamp for frame odom (parent map) at time 1790470435.158614 according to authority unknown_publisher
         at line 278 in /tmp/binarydeb/ros-noetic-tf2-0.7.7/src/buffer_core.cpp
[33m[ WARN] [1790472507.033706351, 1790470435.058614055]: TF_REPEATED_DATA ignoring data with redundant timestamp for frame odom (parent map) at time 1790470435.158614 according to authority unknown_publisher[0m
Warning: TF_REPEATED_DATA ignoring data with redundant timestamp for frame odom (parent map) at time 1790470435.158614 according to authority /rtabmap/rtabmap
         at line 278 in /tmp/binarydeb/ros-noetic-tf2-0.7.7/src/buffer_core.cpp
[0m[ INFO] [1790472507.232385691, 1790470435.249991780]: rtabmap (166): Rate=1.00s, Limit=0.000s, Conversion=0.0008s, RTAB-Map=0.1574s, Maps update=0.0001s pub=0.0001s (local map=1, WM=1)[0m
[0m[ INFO] [1790472508.332529054, 1790470436.348907514]: rtabmap (167): Rate=1.00s, Limit=0.000s, Conversion=0.0009s, RTAB-Map=0.1536s, Maps update=0.0001s pub=0.0001s (local map=1, WM=1)[0m
[0m[ INFO] [1790472509.440378484, 1790470437.388546764]: rtabmap (168): Rate=1.00s, Limit=0.000s, Conversion=0.0013s, RTAB-Map=0.1692s, Maps update=0.0001s pub=0.0001s (local map=1, WM=1)[0m
Warning: TF_REPEATED_DATA ignoring data with redundant timestamp for frame odom (parent map) at time 1790470437.634945 according to authority unknown_publisher
         at line 278 in /tmp/binarydeb/ros-noetic-tf2-0.7.7/src/buffer_core.cpp
[33m[ WARN] [1790472509.510615726, 1790470437.534944768]: TF_REPEATED_DATA ignoring data with redundant timestamp for frame odom (parent map) at time 1790470437.634945 according to authority unknown_publisher[0m
Warning: TF_REPEATED_DATA ignoring data with redundant timestamp for frame odom (parent map) at time 1790470437.634945 according to authority /rtabmap/rtabmap
         at line 278 in /tmp/binarydeb/ros-noetic-tf2-0.7.7/src/buffer_core.cpp
[0m[ INFO] [1790472510.431024146, 1790470438.454226232]: rtabmap (169): Rate=1.00s, Limit=0.000s, Conversion=0.0009s, RTAB-Map=0.1555s, Maps update=0.0001s pub=0.0001s (local map=1, WM=1)[0m
[0m[ INFO] [1790472511.554081165, 1790470439.570509097]: rtabmap (170): Rate=1.00s, Limit=0.000s, Conversion=0.0008s, RTAB-Map=0.1552s, Maps update=0.0001s pub=0.0001s (local map=1, WM=1)[0m
Warning: TF_REPEATED_DATA ignoring data with redundant timestamp for frame odom (parent map) at time 1790470439.989526 according to authority unknown_publisher
         at line 278 in /tmp/binarydeb/ros-noetic-tf2-0.7.7/src/buffer_core.cpp
[33m[ WARN] [1790472511.865494400, 1790470439.889525583]: TF_REPEATED_DATA ignoring data with redundant timestamp for frame odom (parent map) at time 1790470439.989526 according to authority unknown_publisher[0m
Warning: TF_REPEATED_DATA ignoring data with redundant timestamp for frame odom (parent map) at time 1790470439.989526 according to authority /rtabmap/rtabmap
         at line 278 in /tmp/binarydeb/ros-noetic-tf2-0.7.7/src/buffer_core.cpp
Warning: TF_REPEATED_DATA ignoring data with redundant timestamp for frame odom (parent map) at time 1790470442.340545 according to authority /rtabmap/rtabmap
         at line 278 in /tmp/binarydeb/ros-noetic-tf2-0.7.7/src/buffer_core.cpp
[0m[ INFO] [1790472512.647442789, 1790470440.666052825]: rtabmap (171): Rate=1.00s, Limit=0.000s, Conversion=0.0013s, RTAB-Map=0.1701s, Maps update=0.0001s pub=0.0001s (local map=1, WM=1)[0m
[0m[ INFO] [1790472513.745588720, 1790470441.770508425]: rtabmap (172): Rate=1.00s, Limit=0.000s, Conversion=0.0012s, RTAB-Map=0.1649s, Maps update=0.0001s pub=0.0001s (local map=1, WM=1)[0m
Warning: TF_REPEATED_DATA ignoring data with redundant timestamp for frame odom (parent map) at time 1790470442.340545 according to authority unknown_publisher
         at line 278 in /tmp/binarydeb/ros-noetic-tf2-0.7.7/src/buffer_core.cpp
[33m[ WARN] [1790472514.219495655, 1790470442.240545429]: TF_REPEATED_DATA ignoring data with redundant timestamp for frame odom (parent map) at time 1790470442.340545 according to authority unknown_publisher[0m
[0m[ INFO] [1790472514.841484195, 1790470442.858378181]: rtabmap (173): Rate=1.00s, Limit=0.000s, Conversion=0.0008s, RTAB-Map=0.1548s, Maps update=0.0001s pub=0.0001s (local map=1, WM=1)[0m
[0m[ INFO] [1790472515.852646207, 1790470443.876892048]: rtabmap (174): Rate=1.00s, Limit=0.000s, Conversion=0.0013s, RTAB-Map=0.1626s, Maps update=0.0001s pub=0.0001s (local map=1, WM=1)[0m
Warning: TF_REPEATED_DATA ignoring data with redundant timestamp for frame odom (parent map) at time 1790470444.695051 according to authority unknown_publisher
         at line 278 in /tmp/binarydeb/ros-noetic-tf2-0.7.7/src/buffer_core.cpp
[33m[ WARN] [1790472516.571671160, 1790470444.595050624]: TF_REPEATED_DATA ignoring data with redundant timestamp for frame odom (parent map) at time 1790470444.695051 according to authority unknown_publisher[0m
Warning: TF_REPEATED_DATA ignoring data with redundant timestamp for frame odom (parent map) at time 1790470444.695051 according to authority /rtabmap/rtabmap
         at line 278 in /tmp/binarydeb/ros-noetic-tf2-0.7.7/src/buffer_core.cpp
[0m[ INFO] [1790472516.865871408, 1790470444.882728785]: rtabmap (175): Rate=1.00s, Limit=0.000s, Conversion=0.0009s, RTAB-Map=0.1667s, Maps update=0.0002s pub=0.0001s (local map=1, WM=1)[0m
[0m[ INFO] [1790472517.950614986, 1790470445.973466956]: rtabmap (176): Rate=1.00s, Limit=0.000s, Conversion=0.0013s, RTAB-Map=0.1742s, Maps update=0.0001s pub=0.0001s (local map=1, WM=1)[0m
Warning: TF_REPEATED_DATA ignoring data with redundant timestamp for frame odom (parent map) at time 1790470447.154423 according to authority unknown_publisher
         at line 278 in /tmp/binarydeb/ros-noetic-tf2-0.7.7/src/buffer_core.cpp
[33m[ WARN] [1790472519.031154549, 1790470447.054423163]: TF_REPEATED_DATA ignoring data with redundant timestamp for frame odom (parent map) at time 1790470447.154423 according to authority unknown_publisher[0m
Warning: TF_REPEATED_DATA ignoring data with redundant timestamp for frame odom (parent map) at time 1790470447.154423 according to authority /rtabmap/rtabmap
         at line 278 in /tmp/binarydeb/ros-noetic-tf2-0.7.7/src/buffer_core.cpp
[0m[ INFO] [1790472519.044721576, 1790470447.064496169]: rtabmap (177): Rate=1.00s, Limit=0.000s, Conversion=0.0009s, RTAB-Map=0.1689s, Maps update=0.0001s pub=0.0001s (local map=1, WM=1)[0m
[0m[ INFO] [1790472520.154567569, 1790470448.174671605]: rtabmap (178): Rate=1.00s, Limit=0.000s, Conversion=0.0013s, RTAB-Map=0.1695s, Maps update=0.0001s pub=0.0001s (local map=1, WM=1)[0m
[0m[ INFO] [1790472521.237683096, 1790470449.259222860]: rtabmap (179): Rate=1.00s, Limit=0.000s, Conversion=0.0011s, RTAB-Map=0.1552s, Maps update=0.0001s pub=0.0001s (local map=1, WM=1)[0m
[0m[ INFO] [1790472522.342106277, 1790470450.359171529]: rtabmap (180): Rate=1.00s, Limit=0.000s, Conversion=0.0008s, RTAB-Map=0.1538s, Maps update=0.0001s pub=0.0001s (local map=1, WM=1)[0m
[0m[ INFO] [1790472523.348398122, 1790470451.373841096]: rtabmap (181): Rate=1.00s, Limit=0.000s, Conversion=0.0009s, RTAB-Map=0.1622s, Maps update=0.0001s pub=0.0001s (local map=1, WM=1)[0m
Warning: TF_REPEATED_DATA ignoring data with redundant timestamp for frame odom (parent map) at time 1790470451.650410 according to authority unknown_publisher
         at line 278 in /tmp/binarydeb/ros-noetic-tf2-0.7.7/src/buffer_core.cpp
[33m[ WARN] [1790472523.526013713, 1790470451.550409796]: TF_REPEATED_DATA ignoring data with redundant timestamp for frame odom (parent map) at time 1790470451.650410 according to authority unknown_publisher[0m
Warning: TF_REPEATED_DATA ignoring data with redundant timestamp for frame odom (parent map) at time 1790470451.650410 according to authority /rtabmap/rtabmap
         at line 278 in /tmp/binarydeb/ros-noetic-tf2-0.7.7/src/buffer_core.cpp
[0m[ INFO] [1790472524.348845295, 1790470452.366972990]: rtabmap (182): Rate=1.00s, Limit=0.000s, Conversion=0.0009s, RTAB-Map=0.1698s, Maps update=0.0001s pub=0.0001s (local map=1, WM=1)[0m
[0m[ INFO] [1790472525.439303141, 1790470453.457751863]: rtabmap (183): Rate=1.00s, Limit=0.000s, Conversion=0.0011s, RTAB-Map=0.1553s, Maps update=0.0001s pub=0.0001s (local map=1, WM=1)[0m
Warning: TF_REPEATED_DATA ignoring data with redundant timestamp for frame odom (parent map) at time 1790470454.118067 according to authority unknown_publisher
         at line 278 in /tmp/binarydeb/ros-noetic-tf2-0.7.7/src/buffer_core.cpp
[33m[ WARN] [1790472525.994815567, 1790470454.018067349]: TF_REPEATED_DATA ignoring data with redundant timestamp for frame odom (parent map) at time 1790470454.118067 according to authority unknown_publisher[0m
Warning: TF_REPEATED_DATA ignoring data with redundant timestamp for frame odom (parent map) at time 1790470454.118067 according to authority /rtabmap/rtabmap
         at line 278 in /tmp/binarydeb/ros-noetic-tf2-0.7.7/src/buffer_core.cpp
[0m[ INFO] [1790472526.450465598, 1790470454.472497943]: rtabmap (184): Rate=1.00s, Limit=0.000s, Conversion=0.0012s, RTAB-Map=0.1752s, Maps update=0.0001s pub=0.0001s (local map=1, WM=1)[0m
[0m[ INFO] [1790472527.559617757, 1790470455.584457237]: rtabmap (185): Rate=1.00s, Limit=0.000s, Conversion=0.0013s, RTAB-Map=0.1681s, Maps update=0.0001s pub=0.0001s (local map=1, WM=1)[0m
Warning: TF_REPEATED_DATA ignoring data with redundant timestamp for frame odom (parent map) at time 1790470456.474868 according to authority unknown_publisher
         at line 278 in /tmp/binarydeb/ros-noetic-tf2-0.7.7/src/buffer_core.cpp
[33m[ WARN] [1790472528.350673410, 1790470456.374868371]: TF_REPEATED_DATA ignoring data with redundant timestamp for frame odom (parent map) at time 1790470456.474868 according to authority unknown_publisher[0m
Warning: TF_REPEATED_DATA ignoring data with redundant timestamp for frame odom (parent map) at time 1790470456.474868 according to authority /rtabmap/rtabmap
         at line 278 in /tmp/binarydeb/ros-noetic-tf2-0.7.7/src/buffer_core.cpp
[0m[ INFO] [1790472528.551008159, 1790470456.576550847]: rtabmap (186): Rate=1.00s, Limit=0.000s, Conversion=0.0010s, RTAB-Map=0.1599s, Maps update=0.0001s pub=0.0001s (local map=1, WM=1)[0m
[0m[ INFO] [1790472529.636398237, 1790470457.659783909]: rtabmap (187): Rate=1.00s, Limit=0.000s, Conversion=0.0008s, RTAB-Map=0.1550s, Maps update=0.0001s pub=0.0001s (local map=1, WM=1)[0m
Warning: TF_REPEATED_DATA ignoring data with redundant timestamp for frame odom (parent map) at time 1790470458.827142 according to authority unknown_publisher
         at line 278 in /tmp/binarydeb/ros-noetic-tf2-0.7.7/src/buffer_core.cpp
[33m[ WARN] [1790472530.703221232, 1790470458.727142110]: TF_REPEATED_DATA ignoring data with redundant timestamp for frame odom (parent map) at time 1790470458.827142 according to authority unknown_publisher[0m
Warning: TF_REPEATED_DATA ignoring data with redundant timestamp for frame odom (parent map) at time 1790470458.827142 according to authority /rtabmap/rtabmap
         at line 278 in /tmp/binarydeb/ros-noetic-tf2-0.7.7/src/buffer_core.cpp
[0m[ INFO] [1790472530.876604297, 1790470458.898924965]: rtabmap (188): Rate=1.00s, Limit=0.000s, Conversion=0.0008s, RTAB-Map=0.1533s, Maps update=0.0001s pub=0.0001s (local map=1, WM=1)[0m
[0m[ INFO] [1790472531.864571813, 1790470459.887503944]: rtabmap (189): Rate=1.00s, Limit=0.000s, Conversion=0.0013s, RTAB-Map=0.1723s, Maps update=0.0001s pub=0.0001s (local map=1, WM=1)[0m
[0m[ INFO] [1790472532.828300730, 1790470460.844337074]: rtabmap (190): Rate=1.00s, Limit=0.000s, Conversion=0.0008s, RTAB-Map=0.1536s, Maps update=0.0001s pub=0.0001s (local map=1, WM=1)[0m
Warning: TF_REPEATED_DATA ignoring data with redundant timestamp for frame odom (parent map) at time 1790470461.180660 according to authority unknown_publisher
         at line 278 in /tmp/binarydeb/ros-noetic-tf2-0.7.7/src/buffer_core.cpp
[33m[ WARN] [1790472533.055811902, 1790470461.080660214]: TF_REPEATED_DATA ignoring data with redundant timestamp for frame odom (parent map) at time 1790470461.180660 according to authority unknown_publisher[0m
Warning: TF_REPEATED_DATA ignoring data with redundant timestamp for frame odom (parent map) at time 1790470461.180660 according to authority /rtabmap/rtabmap
         at line 278 in /tmp/binarydeb/ros-noetic-tf2-0.7.7/src/buffer_core.cpp
[0m[ INFO] [1790472533.854109424, 1790470461.869893734]: rtabmap (191): Rate=1.00s, Limit=0.000s, Conversion=0.0013s, RTAB-Map=0.1643s, Maps update=0.0001s pub=0.0001s (local map=1, WM=1)[0m
[0m[ INFO] [1790472534.954100395, 1790470462.970340901]: rtabmap (192): Rate=1.00s, Limit=0.000s, Conversion=0.0012s, RTAB-Map=0.1719s, Maps update=0.0001s pub=0.0001s (local map=1, WM=1)[0m
Warning: TF_REPEATED_DATA ignoring data with redundant timestamp for frame odom (parent map) at time 1790470463.645904 according to authority unknown_publisher
         at line 278 in /tmp/binarydeb/ros-noetic-tf2-0.7.7/src/buffer_core.cpp
[33m[ WARN] [1790472535.521625238, 1790470463.545903591]: TF_REPEATED_DATA ignoring data with redundant timestamp for frame odom (parent map) at time 1790470463.645904 according to authority unknown_publisher[0m
Warning: TF_REPEATED_DATA ignoring data with redundant timestamp for frame odom (parent map) at time 1790470463.645904 according to authority /rtabmap/rtabmap
         at line 278 in /tmp/binarydeb/ros-noetic-tf2-0.7.7/src/buffer_core.cpp
[0m[ INFO] [1790472536.050178458, 1790470464.071879248]: rtabmap (193): Rate=1.00s, Limit=0.000s, Conversion=0.0009s, RTAB-Map=0.1551s, Maps update=0.0001s pub=0.0001s (local map=1, WM=1)[0m
[0m[ INFO] [1790472537.143311594, 1790470465.165693831]: rtabmap (194): Rate=1.00s, Limit=0.000s, Conversion=0.0008s, RTAB-Map=0.1603s, Maps update=0.0001s pub=0.0001s (local map=1, WM=1)[0m
Warning: TF_REPEATED_DATA ignoring data with redundant timestamp for frame odom (parent map) at time 1790470465.995468 according to authority unknown_publisher
         at line 278 in /tmp/binarydeb/ros-noetic-tf2-0.7.7/src/buffer_core.cpp
[33m[ WARN] [1790472537.874007615, 1790470465.895467857]: TF_REPEATED_DATA ignoring data with redundant timestamp for frame odom (parent map) at time 1790470465.995468 according to authority unknown_publisher[0m
Warning: TF_REPEATED_DATA ignoring data with redundant timestamp for frame odom (parent map) at time 1790470465.995468 according to authority /rtabmap/rtabmap
         at line 278 in /tmp/binarydeb/ros-noetic-tf2-0.7.7/src/buffer_core.cpp
[0m[ INFO] [1790472538.132756597, 1790470466.157240840]: rtabmap (195): Rate=1.00s, Limit=0.000s, Conversion=0.0008s, RTAB-Map=0.1456s, Maps update=0.0001s pub=0.0001s (local map=1, WM=1)[0m
[0m[ INFO] [1790472539.269718719, 1790470467.288557942]: rtabmap (196): Rate=1.00s, Limit=0.000s, Conversion=0.0009s, RTAB-Map=0.1707s, Maps update=0.0001s pub=0.0001s (local map=1, WM=1)[0m
Warning: TF_REPEATED_DATA ignoring data with redundant timestamp for frame odom (parent map) at time 1790470468.251460 according to authority unknown_publisher
         at line 278 in /tmp/binarydeb/ros-noetic-tf2-0.7.7/src/buffer_core.cpp
[33m[ WARN] [1790472540.127831097, 1790470468.151459556]: TF_REPEATED_DATA ignoring data with redundant timestamp for frame odom (parent map) at time 1790470468.251460 according to authority unknown_publisher[0m
Warning: TF_REPEATED_DATA ignoring data with redundant timestamp for frame odom (parent map) at time 1790470468.251460 according to authority /rtabmap/rtabmap
         at line 278 in /tmp/binarydeb/ros-noetic-tf2-0.7.7/src/buffer_core.cpp
[0m[ INFO] [1790472540.372451638, 1790470468.395697724]: rtabmap (197): Rate=1.00s, Limit=0.000s, Conversion=0.0015s, RTAB-Map=0.1648s, Maps update=0.0001s pub=0.0001s (local map=1, WM=1)[0m
[0m[ INFO] [1790472540.556524098, 1790470468.580050027]: rtabmap (198): Rate=1.00s, Limit=0.000s, Conversion=0.0006s, RTAB-Map=0.1823s, Maps update=0.0001s pub=0.0001s (local map=1, WM=1)[0m
[0m[ INFO] [1790472541.462211200, 1790470469.478948415]: rtabmap (199): Rate=1.00s, Limit=0.000s, Conversion=0.0014s, RTAB-Map=0.1659s, Maps update=0.0001s pub=0.0001s (local map=1, WM=1)[0m
[0m[ INFO] [1790472542.458264049, 1790470470.397492456]: rtabmap (200): Rate=1.00s, Limit=0.000s, Conversion=0.0011s, RTAB-Map=0.1711s, Maps update=0.0001s pub=0.0001s (local map=1, WM=1)[0m
Warning: TF_REPEATED_DATA ignoring data with redundant timestamp for frame odom (parent map) at time 1790470470.639266 according to authority unknown_publisher
         at line 278 in /tmp/binarydeb/ros-noetic-tf2-0.7.7/src/buffer_core.cpp
Warning: TF_REPEATED_DATA ignoring data with redundant timestamp for frame odom (parent map) at time 1790470470.639266 according to authority /rtabmap/rtabmap
         at line 278 in /tmp/binarydeb/ros-noetic-tf2-0.7.7/src/buffer_core.cpp
[33m[ WARN] [1790472542.527343678, 1790470470.549384215]: TF_REPEATED_DATA ignoring data with redundant timestamp for frame odom (parent map) at time 1790470470.639266 according to authority unknown_publisher[0m
[0m[ INFO] [1790472543.549965104, 1790470471.570744091]: rtabmap (201): Rate=1.00s, Limit=0.000s, Conversion=0.0013s, RTAB-Map=0.1740s, Maps update=0.0001s pub=0.0001s (local map=1, WM=1)[0m
[0m[ INFO] [1790472544.625638080, 1790470472.644173459]: rtabmap (202): Rate=1.00s, Limit=0.000s, Conversion=0.0009s, RTAB-Map=0.1563s, Maps update=0.0001s pub=0.0001s (local map=2, WM=2)[0m
Warning: TF_REPEATED_DATA ignoring data with redundant timestamp for frame odom (parent map) at time 1790470473.067458 according to authority unknown_publisher
         at line 278 in /tmp/binarydeb/ros-noetic-tf2-0.7.7/src/buffer_core.cpp
Warning: TF_REPEATED_DATA ignoring data with redundant timestamp for frame odom (parent map) at time 1790470473.067458 according to authority /rtabmap/rtabmap
         at line 278 in /tmp/binarydeb/ros-noetic-tf2-0.7.7/src/buffer_core.cpp
[33m[ WARN] [1790472544.945468908, 1790470472.967458213]: TF_REPEATED_DATA ignoring data with redundant timestamp for frame odom (parent map) at time 1790470473.067458 according to authority unknown_publisher[0m
[0m[ INFO] [1790472545.764069560, 1790470473.786124882]: rtabmap (203): Rate=1.00s, Limit=0.000s, Conversion=0.0015s, RTAB-Map=0.1764s, Maps update=0.0001s pub=0.0001s (local map=3, WM=3)[0m
[0m[ INFO] [1790472546.852462706, 1790470474.877898608]: rtabmap (204): Rate=1.00s, Limit=0.000s, Conversion=0.0013s, RTAB-Map=0.1740s, Maps update=0.0001s pub=0.0001s (local map=3, WM=3)[0m
Warning: TF_REPEATED_DATA ignoring data with redundant timestamp for frame odom (parent map) at time 1790470475.416707 according to authority unknown_publisher
         at line 278 in /tmp/binarydeb/ros-noetic-tf2-0.7.7/src/buffer_core.cpp
[33m[ WARN] [1790472547.293685026, 1790470475.316706502]: TF_REPEATED_DATA ignoring data with redundant timestamp for frame odom (parent map) at time 1790470475.416707 according to authority unknown_publisher[0m
Warning: TF_REPEATED_DATA ignoring data with redundant timestamp for frame odom (parent map) at time 1790470475.416707 according to authority /rtabmap/rtabmap
         at line 278 in /tmp/binarydeb/ros-noetic-tf2-0.7.7/src/buffer_core.cpp
[0m[ INFO] [1790472547.854996905, 1790470475.874329413]: rtabmap (205): Rate=1.00s, Limit=0.000s, Conversion=0.0011s, RTAB-Map=0.1674s, Maps update=0.0001s pub=0.0001s (local map=4, WM=4)[0m
[0m[ INFO] [1790472548.926549739, 1790470476.946464686]: rtabmap (206): Rate=1.00s, Limit=0.000s, Conversion=0.0008s, RTAB-Map=0.1571s, Maps update=0.0001s pub=0.0001s (local map=5, WM=5)[0m
Warning: TF_REPEATED_DATA ignoring data with redundant timestamp for frame odom (parent map) at time 1790470477.201193 according to authority unknown_publisher
         at line 278 in /tmp/binarydeb/ros-noetic-tf2-0.7.7/src/buffer_core.cpp
[33m[ WARN] [1790472549.076883785, 1790470477.101192699]: TF_REPEATED_DATA ignoring data with redundant timestamp for frame odom (parent map) at time 1790470477.201193 according to authority unknown_publisher[0m
Warning: TF_REPEATED_DATA ignoring data with redundant timestamp for frame odom (parent map) at time 1790470477.201193 according to authority /rtabmap/rtabmap
         at line 278 in /tmp/binarydeb/ros-noetic-tf2-0.7.7/src/buffer_core.cpp
[0m[ INFO] [1790472549.948960569, 1790470477.970317899]: rtabmap (207): Rate=1.00s, Limit=0.000s, Conversion=0.0008s, RTAB-Map=0.1700s, Maps update=0.0001s pub=0.0001s (local map=6, WM=6)[0m
[0m[ INFO] [1790472551.037253585, 1790470479.058403936]: rtabmap (208): Rate=1.00s, Limit=0.000s, Conversion=0.0008s, RTAB-Map=0.1543s, Maps update=0.0001s pub=0.0001s (local map=7, WM=7)[0m
[0m[ INFO] [1790472552.132703734, 1790470480.148858287]: rtabmap (209): Rate=1.00s, Limit=0.000s, Conversion=0.0013s, RTAB-Map=0.1585s, Maps update=0.0001s pub=0.0001s (local map=8, WM=8)[0m
[0m[ INFO] [1790472553.146246850, 1790470481.162599070]: rtabmap (210): Rate=1.00s, Limit=0.000s, Conversion=0.0008s, RTAB-Map=0.1614s, Maps update=0.0002s pub=0.0001s (local map=9, WM=9)[0m
[0m[ INFO] [1790472554.159811023, 1790470482.181463364]: rtabmap (211): Rate=1.00s, Limit=0.000s, Conversion=0.0013s, RTAB-Map=0.1849s, Maps update=0.0001s pub=0.0001s (local map=10, WM=10)[0m
[0m[ INFO] [1790472555.247760386, 1790470483.271357452]: rtabmap (212): Rate=1.00s, Limit=0.000s, Conversion=0.0013s, RTAB-Map=0.1700s, Maps update=0.0001s pub=0.0001s (local map=11, WM=11)[0m
[0m[ INFO] [1790472556.271752479, 1790470484.290153713]: rtabmap (213): Rate=1.00s, Limit=0.000s, Conversion=0.0013s, RTAB-Map=0.1761s, Maps update=0.0001s pub=0.0001s (local map=11, WM=11)[0m
[0m[ INFO] [1790472557.339149843, 1790470485.362914719]: rtabmap (214): Rate=1.00s, Limit=0.000s, Conversion=0.0008s, RTAB-Map=0.1596s, Maps update=0.0001s pub=0.0001s (local map=11, WM=11)[0m
[0m[ INFO] [1790472558.433069222, 1790470486.454027955]: rtabmap (215): Rate=1.00s, Limit=0.000s, Conversion=0.0008s, RTAB-Map=0.1567s, Maps update=0.0001s pub=0.0001s (local map=11, WM=11)[0m
[0m[ INFO] [1790472559.449467856, 1790470487.470393085]: rtabmap (216): Rate=1.00s, Limit=0.000s, Conversion=0.0014s, RTAB-Map=0.1594s, Maps update=0.0001s pub=0.0001s (local map=11, WM=11)[0m
[0m[ INFO] [1790472560.448165402, 1790470488.468868773]: rtabmap (217): Rate=1.00s, Limit=0.000s, Conversion=0.0008s, RTAB-Map=0.1534s, Maps update=0.0001s pub=0.0001s (local map=11, WM=11)[0m
[0m[ INFO] [1790472561.442674551, 1790470489.466249920]: rtabmap (218): Rate=1.00s, Limit=0.000s, Conversion=0.0009s, RTAB-Map=0.1560s, Maps update=0.0001s pub=0.0001s (local map=11, WM=11)[0m
[0m[ INFO] [1790472562.458734044, 1790470490.479238021]: rtabmap (219): Rate=1.00s, Limit=0.000s, Conversion=0.0029s, RTAB-Map=0.1643s, Maps update=0.0001s pub=0.0001s (local map=12, WM=12)[0m
[0m[ INFO] [1790472563.577940992, 1790470491.598182726]: rtabmap (220): Rate=1.00s, Limit=0.000s, Conversion=0.0013s, RTAB-Map=0.1663s, Maps update=0.0001s pub=0.0001s (local map=13, WM=13)[0m
[0m[ INFO] [1790472564.649859011, 1790470492.670260523]: rtabmap (221): Rate=1.00s, Limit=0.000s, Conversion=0.0013s, RTAB-Map=0.1629s, Maps update=0.0001s pub=0.0001s (local map=14, WM=14)[0m
[0m[ INFO] [1790472565.727031103, 1790470493.743581276]: rtabmap (222): Rate=1.00s, Limit=0.000s, Conversion=0.0008s, RTAB-Map=0.1506s, Maps update=0.0001s pub=0.0001s (local map=15, WM=15)[0m
[0m[ INFO] [1790472566.843376067, 1790470494.863004642]: rtabmap (223): Rate=1.00s, Limit=0.000s, Conversion=0.0014s, RTAB-Map=0.1498s, Maps update=0.0001s pub=0.0001s (local map=16, WM=16)[0m
[0m[ INFO] [1790472567.846190424, 1790470495.865527348]: rtabmap (224): Rate=1.00s, Limit=0.000s, Conversion=0.0013s, RTAB-Map=0.1639s, Maps update=0.0001s pub=0.0001s (local map=17, WM=17)[0m
[0m[ INFO] [1790472568.938175507, 1790470496.961183319]: rtabmap (225): Rate=1.00s, Limit=0.000s, Conversion=0.0008s, RTAB-Map=0.1475s, Maps update=0.0001s pub=0.0001s (local map=18, WM=18)[0m
[0m[ INFO] [1790472570.029363910, 1790470498.050480277]: rtabmap (226): Rate=1.00s, Limit=0.000s, Conversion=0.0008s, RTAB-Map=0.1433s, Maps update=0.0001s pub=0.0001s (local map=19, WM=19)[0m
[0m[ INFO] [1790472571.027811947, 1790470499.052237214]: rtabmap (227): Rate=1.00s, Limit=0.000s, Conversion=0.0011s, RTAB-Map=0.1456s, Maps update=0.0001s pub=0.0001s (local map=20, WM=20)[0m
Warning: TF_REPEATED_DATA ignoring data with redundant timestamp for frame odom (parent map) at time 1790470499.309048 according to authority unknown_publisher
         at line 278 in /tmp/binarydeb/ros-noetic-tf2-0.7.7/src/buffer_core.cpp
Warning: TF_REPEATED_DATA ignoring data with redundant timestamp for frame odom (parent map) at time 1790470499.309048 according to authority /rtabmap/rtabmap
         at line 278 in /tmp/binarydeb/ros-noetic-tf2-0.7.7/src/buffer_core.cpp
[33m[ WARN] [1790472571.185957725, 1790470499.209047649]: TF_REPEATED_DATA ignoring data with redundant timestamp for frame odom (parent map) at time 1790470499.309048 according to authority unknown_publisher[0m
[0m[ INFO] [1790472572.140493478, 1790470500.156466077]: rtabmap (228): Rate=1.00s, Limit=0.000s, Conversion=0.0013s, RTAB-Map=0.1621s, Maps update=0.0001s pub=0.0001s (local map=21, WM=21)[0m
[0m[ INFO] [1790472573.244590243, 1790470501.261996874]: rtabmap (229): Rate=1.00s, Limit=0.000s, Conversion=0.0012s, RTAB-Map=0.1590s, Maps update=0.0001s pub=0.0001s (local map=22, WM=22)[0m
[0m[ INFO] [1790472574.230526368, 1790470502.253178240]: rtabmap (230): Rate=1.00s, Limit=0.000s, Conversion=0.0010s, RTAB-Map=0.1458s, Maps update=0.0001s pub=0.0001s (local map=23, WM=23)[0m
[0m[ INFO] [1790472575.346672704, 1790470503.366229854]: rtabmap (231): Rate=1.00s, Limit=0.000s, Conversion=0.0012s, RTAB-Map=0.1589s, Maps update=0.0001s pub=0.0001s (local map=24, WM=24)[0m
[0m[ INFO] [1790472576.432925307, 1790470504.456482213]: rtabmap (232): Rate=1.00s, Limit=0.000s, Conversion=0.0020s, RTAB-Map=0.1563s, Maps update=0.0001s pub=0.0001s (local map=25, WM=25)[0m
[0m[ INFO] [1790472577.537951586, 1790470505.559291508]: rtabmap (233): Rate=1.00s, Limit=0.000s, Conversion=0.0010s, RTAB-Map=0.1468s, Maps update=0.0001s pub=0.0001s (local map=26, WM=26)[0m
[0m[ INFO] [1790472578.533672072, 1790470506.558855235]: rtabmap (234): Rate=1.00s, Limit=0.000s, Conversion=0.0014s, RTAB-Map=0.1527s, Maps update=0.0001s pub=0.0001s (local map=27, WM=27)[0m
[0m[ INFO] [1790472579.541777492, 1790470507.560638955]: rtabmap (235): Rate=1.00s, Limit=0.000s, Conversion=0.0013s, RTAB-Map=0.1579s, Maps update=0.0001s pub=0.0001s (local map=28, WM=28)[0m
[0m[ INFO] [1790472580.637463669, 1790470508.660862749]: rtabmap (236): Rate=1.00s, Limit=0.000s, Conversion=0.0020s, RTAB-Map=0.1585s, Maps update=0.0001s pub=0.0001s (local map=29, WM=29)[0m
[0m[ INFO] [1790472581.725775973, 1790470509.744800318]: rtabmap (237): Rate=1.00s, Limit=0.000s, Conversion=0.0008s, RTAB-Map=0.1498s, Maps update=0.0001s pub=0.0001s (local map=30, WM=30)[0m
[0m[ INFO] [1790472582.766479282, 1790470510.785731501]: rtabmap (238): Rate=1.00s, Limit=0.000s, Conversion=0.0014s, RTAB-Map=0.1887s, Maps update=0.0001s pub=0.0001s (local map=31, WM=31)[0m
[0m[ INFO] [1790472583.888048362, 1790470511.904881515]: rtabmap (239): Rate=1.00s, Limit=0.000s, Conversion=0.0012s, RTAB-Map=0.2004s, Maps update=0.0001s pub=0.0001s (local map=31, WM=31)[0m
[0m[ INFO] [1790472584.876175292, 1790470512.894539534]: rtabmap (240): Rate=1.00s, Limit=0.000s, Conversion=0.0009s, RTAB-Map=0.1896s, Maps update=0.0001s pub=0.0001s (local map=32, WM=32)[0m
[0m[ INFO] [1790472585.979111786, 1790470513.995780010]: rtabmap (241): Rate=1.00s, Limit=0.000s, Conversion=0.0013s, RTAB-Map=0.1990s, Maps update=0.0001s pub=0.0001s (local map=33, WM=33)[0m
[0m[ INFO] [1790472587.071129666, 1790470515.093991332]: rtabmap (242): Rate=1.00s, Limit=0.000s, Conversion=0.0014s, RTAB-Map=0.1898s, Maps update=0.0001s pub=0.0001s (local map=34, WM=34)[0m
[0m[ INFO] [1790472588.094300335, 1790470516.115159420]: rtabmap (243): Rate=1.00s, Limit=0.000s, Conversion=0.0013s, RTAB-Map=0.2000s, Maps update=0.0001s pub=0.0001s (local map=35, WM=35)[0m
[0m[ INFO] [1790472589.096729116, 1790470517.117247524]: rtabmap (244): Rate=1.00s, Limit=0.000s, Conversion=0.0020s, RTAB-Map=0.2045s, Maps update=0.0001s pub=0.0001s (local map=36, WM=36)[0m
[0m[ INFO] [1790472590.184460164, 1790470518.205920951]: rtabmap (245): Rate=1.00s, Limit=0.000s, Conversion=0.0013s, RTAB-Map=0.1935s, Maps update=0.0001s pub=0.0001s (local map=37, WM=37)[0m
Warning: TF_REPEATED_DATA ignoring data with redundant timestamp for frame odom (parent map) at time 1790470518.466265 according to authority unknown_publisher
         at line 278 in /tmp/binarydeb/ros-noetic-tf2-0.7.7/src/buffer_core.cpp
[33m[ WARN] [1790472590.340952483, 1790470518.366265536]: TF_REPEATED_DATA ignoring data with redundant timestamp for frame odom (parent map) at time 1790470518.466265 according to authority unknown_publisher[0m
Warning: TF_REPEATED_DATA ignoring data with redundant timestamp for frame odom (parent map) at time 1790470518.466265 according to authority /rtabmap/rtabmap
         at line 278 in /tmp/binarydeb/ros-noetic-tf2-0.7.7/src/buffer_core.cpp
[0m[ INFO] [1790472591.286274148, 1790470519.306868270]: rtabmap (246): Rate=1.00s, Limit=0.000s, Conversion=0.0019s, RTAB-Map=0.1972s, Maps update=0.0001s pub=0.0001s (local map=38, WM=38)[0m
[0m[ INFO] [1790472592.376145283, 1790470520.396511467]: rtabmap (247): Rate=1.00s, Limit=0.000s, Conversion=0.0012s, RTAB-Map=0.1836s, Maps update=0.0001s pub=0.0001s (local map=39, WM=39)[0m
[0m[ INFO] [1790472593.405372017, 1790470521.426165821]: rtabmap (248): Rate=1.00s, Limit=0.000s, Conversion=0.0027s, RTAB-Map=0.2167s, Maps update=0.0002s pub=0.0001s (local map=40, WM=40)[0m
[0m[ INFO] [1790472594.491041602, 1790470522.508855918]: rtabmap (249): Rate=1.00s, Limit=0.000s, Conversion=0.0012s, RTAB-Map=0.2065s, Maps update=0.0001s pub=0.0001s (local map=41, WM=41)[0m
[0m[ INFO] [1790472595.508970357, 1790470523.526189722]: rtabmap (250): Rate=1.00s, Limit=0.000s, Conversion=0.0020s, RTAB-Map=0.2121s, Maps update=0.0001s pub=0.0001s (local map=42, WM=42)[0m
[0m[ INFO] [1790472596.601336206, 1790470524.619600799]: rtabmap (251): Rate=1.00s, Limit=0.000s, Conversion=0.0011s, RTAB-Map=0.2037s, Maps update=0.0001s pub=0.0001s (local map=43, WM=43)[0m
[0m[ INFO] [1790472597.611923345, 1790470525.632455354]: rtabmap (252): Rate=1.00s, Limit=0.000s, Conversion=0.0013s, RTAB-Map=0.2129s, Maps update=0.0001s pub=0.0001s (local map=44, WM=44)[0m
[0m[ INFO] [1790472598.580356587, 1790470526.602091905]: rtabmap (253): Rate=1.00s, Limit=0.000s, Conversion=0.0009s, RTAB-Map=0.1997s, Maps update=0.0001s pub=0.0001s (local map=45, WM=45)[0m
[0m[ INFO] [1790472599.615444343, 1790470527.631840563]: rtabmap (254): Rate=1.00s, Limit=0.000s, Conversion=0.0013s, RTAB-Map=0.2159s, Maps update=0.0001s pub=0.0001s (local map=46, WM=46)[0m
[0m[ INFO] [1790472600.725206988, 1790470528.744053186]: rtabmap (255): Rate=1.00s, Limit=0.000s, Conversion=0.0014s, RTAB-Map=0.2182s, Maps update=0.0001s pub=0.0001s (local map=47, WM=47)[0m
[0m[ INFO] [1790472601.814031613, 1790470529.836351161]: rtabmap (256): Rate=1.00s, Limit=0.000s, Conversion=0.0008s, RTAB-Map=0.2231s, Maps update=0.0001s pub=0.0001s (local map=48, WM=48)[0m
[0m[ INFO] [1790472602.910116061, 1790470530.925951091]: rtabmap (257): Rate=1.00s, Limit=0.000s, Conversion=0.0016s, RTAB-Map=0.2128s, Maps update=0.0001s pub=0.0001s (local map=49, WM=49)[0m
[0m[ INFO] [1790472604.014134706, 1790470532.040041750]: rtabmap (258): Rate=1.00s, Limit=0.000s, Conversion=0.0013s, RTAB-Map=0.2161s, Maps update=0.0001s pub=0.0001s (local map=50, WM=50)[0m
[0m[ INFO] [1790472605.001481560, 1790470533.020954902]: rtabmap (259): Rate=1.00s, Limit=0.000s, Conversion=0.0020s, RTAB-Map=0.2270s, Maps update=0.0001s pub=0.0002s (local map=51, WM=51)[0m
[0m[ INFO] [1790472606.080504190, 1790470534.097349952]: rtabmap (260): Rate=1.00s, Limit=0.000s, Conversion=0.0008s, RTAB-Map=0.1919s, Maps update=0.0001s pub=0.0001s (local map=52, WM=52)[0m
[0m[ INFO] [1790472607.177157187, 1790470535.197197895]: rtabmap (261): Rate=1.00s, Limit=0.000s, Conversion=0.0011s, RTAB-Map=0.2033s, Maps update=0.0001s pub=0.0001s (local map=53, WM=53)[0m
[0m[ INFO] [1790472608.180407893, 1790470536.198152160]: rtabmap (262): Rate=1.00s, Limit=0.000s, Conversion=0.0008s, RTAB-Map=0.1908s, Maps update=0.0001s pub=0.0001s (local map=54, WM=54)[0m
[0m[ INFO] [1790472609.302081160, 1790470537.321816553]: rtabmap (263): Rate=1.00s, Limit=0.000s, Conversion=0.0013s, RTAB-Map=0.2164s, Maps update=0.0002s pub=0.0001s (local map=55, WM=55)[0m
Warning: TF_REPEATED_DATA ignoring data with redundant timestamp for frame odom (parent map) at time 1790470537.576631 according to authority unknown_publisher
         at line 278 in /tmp/binarydeb/ros-noetic-tf2-0.7.7/src/buffer_core.cpp
[33m[ WARN] [1790472609.452343331, 1790470537.476631349]: TF_REPEATED_DATA ignoring data with redundant timestamp for frame odom (parent map) at time 1790470537.576631 according to authority unknown_publisher[0m
Warning: TF_REPEATED_DATA ignoring data with redundant timestamp for frame odom (parent map) at time 1790470537.576631 according to authority /rtabmap/rtabmap
         at line 278 in /tmp/binarydeb/ros-noetic-tf2-0.7.7/src/buffer_core.cpp
[0m[ INFO] [1790472610.398273415, 1790470538.418769520]: rtabmap (264): Rate=1.00s, Limit=0.000s, Conversion=0.0013s, RTAB-Map=0.2104s, Maps update=0.0001s pub=0.0001s (local map=56, WM=56)[0m
[0m[ INFO] [1790472611.407578778, 1790470539.427076439]: rtabmap (265): Rate=1.00s, Limit=0.000s, Conversion=0.0021s, RTAB-Map=0.2165s, Maps update=0.0001s pub=0.0001s (local map=57, WM=57)[0m
[0m[ INFO] [1790472612.494621237, 1790470540.518774150]: rtabmap (266): Rate=1.00s, Limit=0.000s, Conversion=0.0012s, RTAB-Map=0.2103s, Maps update=0.0001s pub=0.0001s (local map=58, WM=58)[0m
[0m[ INFO] [1790472613.485583648, 1790470541.508812839]: rtabmap (267): Rate=1.00s, Limit=0.000s, Conversion=0.0008s, RTAB-Map=0.1945s, Maps update=0.0001s pub=0.0001s (local map=59, WM=59)[0m
[0m[ INFO] [1790472614.596191867, 1790470542.619823077]: rtabmap (268): Rate=1.00s, Limit=0.000s, Conversion=0.0009s, RTAB-Map=0.1931s, Maps update=0.0001s pub=0.0001s (local map=60, WM=60)[0m
[0m[ INFO] [1790472615.591141425, 1790470543.612899303]: rtabmap (269): Rate=1.00s, Limit=0.000s, Conversion=0.0013s, RTAB-Map=0.1946s, Maps update=0.0001s pub=0.0001s (local map=61, WM=61)[0m
[0m[ INFO] [1790472616.605996638, 1790470544.627203342]: rtabmap (270): Rate=1.00s, Limit=0.000s, Conversion=0.0014s, RTAB-Map=0.2204s, Maps update=0.0001s pub=0.0001s (local map=62, WM=62)[0m
[0m[ INFO] [1790472617.608465285, 1790470545.630331324]: rtabmap (271): Rate=1.00s, Limit=0.000s, Conversion=0.0014s, RTAB-Map=0.2058s, Maps update=0.0002s pub=0.0001s (local map=63, WM=63)[0m
[0m[ INFO] [1790472618.707074684, 1790470546.730132321]: rtabmap (272): Rate=1.00s, Limit=0.000s, Conversion=0.0013s, RTAB-Map=0.2112s, Maps update=0.0001s pub=0.0001s (local map=64, WM=64)[0m
[0m[ INFO] [1790472619.702896443, 1790470547.721313261]: rtabmap (273): Rate=1.00s, Limit=0.000s, Conversion=0.0013s, RTAB-Map=0.2115s, Maps update=0.0001s pub=0.0001s (local map=65, WM=65)[0m
[0m[ INFO] [1790472620.788346211, 1790470548.813756865]: rtabmap (274): Rate=1.00s, Limit=0.000s, Conversion=0.0013s, RTAB-Map=0.2000s, Maps update=0.0001s pub=0.0001s (local map=66, WM=66)[0m
[0m[ INFO] [1790472621.796482662, 1790470549.813058981]: rtabmap (275): Rate=1.00s, Limit=0.000s, Conversion=0.0010s, RTAB-Map=0.2135s, Maps update=0.0001s pub=0.0001s (local map=67, WM=67)[0m
[0m[ INFO] [1790472622.902207946, 1790470550.922093964]: rtabmap (276): Rate=1.00s, Limit=0.000s, Conversion=0.0012s, RTAB-Map=0.2142s, Maps update=0.0002s pub=0.0001s (local map=68, WM=68)[0m
[0m[ INFO] [1790472624.011936985, 1790470552.029211967]: rtabmap (277): Rate=1.00s, Limit=0.000s, Conversion=0.0013s, RTAB-Map=0.2205s, Maps update=0.0001s pub=0.0001s (local map=69, WM=69)[0m
[0m[ INFO] [1790472624.987664861, 1790470553.009061967]: rtabmap (278): Rate=1.00s, Limit=0.000s, Conversion=0.0012s, RTAB-Map=0.2169s, Maps update=0.0001s pub=0.0001s (local map=70, WM=70)[0m
[0m[ INFO] [1790472626.065010444, 1790470554.081482377]: rtabmap (279): Rate=1.00s, Limit=0.000s, Conversion=0.0008s, RTAB-Map=0.1887s, Maps update=0.0001s pub=0.0001s (local map=71, WM=71)[0m
[0m[ INFO] [1790472627.095693379, 1790470555.114009012]: rtabmap (280): Rate=1.00s, Limit=0.000s, Conversion=0.0011s, RTAB-Map=0.2152s, Maps update=0.0001s pub=0.0001s (local map=72, WM=72)[0m
Warning: TF_REPEATED_DATA ignoring data with redundant timestamp for frame odom (parent map) at time 1790470555.370524 according to authority unknown_publisher
         at line 278 in /tmp/binarydeb/ros-noetic-tf2-0.7.7/src/buffer_core.cpp
[33m[ WARN] [1790472627.246571300, 1790470555.270523922]: TF_REPEATED_DATA ignoring data with redundant timestamp for frame odom (parent map) at time 1790470555.370524 according to authority unknown_publisher[0m
Warning: TF_REPEATED_DATA ignoring data with redundant timestamp for frame odom (parent map) at time 1790470555.370524 according to authority /rtabmap/rtabmap
         at line 278 in /tmp/binarydeb/ros-noetic-tf2-0.7.7/src/buffer_core.cpp
[0m[ INFO] [1790472628.171383072, 1790470556.190570138]: rtabmap (281): Rate=1.00s, Limit=0.000s, Conversion=0.0008s, RTAB-Map=0.1902s, Maps update=0.0001s pub=0.0001s (local map=73, WM=73)[0m
[0m[ INFO] [1790472629.171106951, 1790470557.193274529]: rtabmap (282): Rate=1.00s, Limit=0.000s, Conversion=0.0014s, RTAB-Map=0.1931s, Maps update=0.0001s pub=0.0001s (local map=74, WM=74)[0m
[0m[ INFO] [1790472630.289133390, 1790470558.305346440]: rtabmap (283): Rate=1.00s, Limit=0.000s, Conversion=0.0013s, RTAB-Map=0.2074s, Maps update=0.0001s pub=0.0001s (local map=75, WM=75)[0m
[0m[ INFO] [1790472631.312199025, 1790470559.336716005]: rtabmap (284): Rate=1.00s, Limit=0.000s, Conversion=0.0013s, RTAB-Map=0.2240s, Maps update=0.0001s pub=0.0001s (local map=76, WM=76)[0m
[0m[ INFO] [1790472632.400995515, 1790470560.418321633]: rtabmap (285): Rate=1.00s, Limit=0.000s, Conversion=0.0013s, RTAB-Map=0.2142s, Maps update=0.0001s pub=0.0001s (local map=77, WM=77)[0m
[0m[ INFO] [1790472633.385631837, 1790470561.407107377]: rtabmap (286): Rate=1.00s, Limit=0.000s, Conversion=0.0011s, RTAB-Map=0.1984s, Maps update=0.0001s pub=0.0001s (local map=78, WM=78)[0m
[0m[ INFO] [1790472634.483244935, 1790470562.508824262]: rtabmap (287): Rate=1.00s, Limit=0.000s, Conversion=0.0008s, RTAB-Map=0.2000s, Maps update=0.0001s pub=0.0001s (local map=79, WM=79)[0m
[0m[ INFO] [1790472635.507451605, 1790470563.531531268]: rtabmap (288): Rate=1.00s, Limit=0.000s, Conversion=0.0013s, RTAB-Map=0.2189s, Maps update=0.0001s pub=0.0001s (local map=80, WM=80)[0m
[0m[ INFO] [1790472636.606145386, 1790470564.631916651]: rtabmap (289): Rate=1.00s, Limit=0.000s, Conversion=0.0014s, RTAB-Map=0.2025s, Maps update=0.0001s pub=0.0001s (local map=81, WM=81)[0m
[0m[ INFO] [1790472637.669473663, 1790470565.691158004]: rtabmap (290): Rate=1.00s, Limit=0.000s, Conversion=0.0013s, RTAB-Map=0.1984s, Maps update=0.0002s pub=0.0001s (local map=81, WM=81)[0m
[0m[ INFO] [1790472638.788469743, 1790470566.810290406]: rtabmap (291): Rate=1.00s, Limit=0.000s, Conversion=0.0008s, RTAB-Map=0.2002s, Maps update=0.0002s pub=0.0001s (local map=81, WM=81)[0m
[0m[ INFO] [1790472639.878882153, 1790470567.896169743]: rtabmap (292): Rate=1.00s, Limit=0.000s, Conversion=0.0015s, RTAB-Map=0.1907s, Maps update=0.0001s pub=0.0001s (local map=82, WM=82)[0m
[0m[ INFO] [1790472640.918699807, 1790470568.942261897]: rtabmap (293): Rate=1.00s, Limit=0.000s, Conversion=0.0027s, RTAB-Map=0.2243s, Maps update=0.0001s pub=0.0001s (local map=83, WM=83)[0m
[0m[ INFO] [1790472641.988647003, 1790470570.005103608]: rtabmap (294): Rate=1.00s, Limit=0.000s, Conversion=0.0009s, RTAB-Map=0.1994s, Maps update=0.0002s pub=0.0002s (local map=84, WM=84)[0m
[0m[ INFO] [1790472643.012385827, 1790470571.028709534]: rtabmap (295): Rate=1.00s, Limit=0.000s, Conversion=0.0008s, RTAB-Map=0.2013s, Maps update=0.0003s pub=0.0001s (local map=85, WM=85)[0m
[0m[ INFO] [1790472644.103658373, 1790470572.128705727]: rtabmap (296): Rate=1.00s, Limit=0.000s, Conversion=0.0018s, RTAB-Map=0.2206s, Maps update=0.0001s pub=0.0001s (local map=86, WM=86)[0m
[0m[ INFO] [1790472645.194975016, 1790470573.216500604]: rtabmap (297): Rate=1.00s, Limit=0.000s, Conversion=0.0013s, RTAB-Map=0.2019s, Maps update=0.0002s pub=0.0001s (local map=87, WM=87)[0m
[0m[ INFO] [1790472646.281772698, 1790470574.297260524]: rtabmap (298): Rate=1.00s, Limit=0.000s, Conversion=0.0008s, RTAB-Map=0.1967s, Maps update=0.0002s pub=0.0001s (local map=87, WM=87)[0m
Warning: TF_REPEATED_DATA ignoring data with redundant timestamp for frame odom (parent map) at time 1790470574.745060 according to authority unknown_publisher
         at line 278 in /tmp/binarydeb/ros-noetic-tf2-0.7.7/src/buffer_core.cpp
Warning: TF_REPEATED_DATA ignoring data with redundant timestamp for frame odom (parent map) at time 1790470574.745060 according to authority /rtabmap/rtabmap
         at line 278 in /tmp/binarydeb/ros-noetic-tf2-0.7.7/src/buffer_core.cpp
[33m[ WARN] [1790472646.621917883, 1790470574.645059776]: TF_REPEATED_DATA ignoring data with redundant timestamp for frame odom (parent map) at time 1790470574.745060 according to authority unknown_publisher[0m
[0m[ INFO] [1790472647.393799804, 1790470575.412698067]: rtabmap (299): Rate=1.00s, Limit=0.000s, Conversion=0.0013s, RTAB-Map=0.2095s, Maps update=0.0002s pub=0.0001s (local map=87, WM=87)[0m
[0m[ INFO] [1790472648.392667669, 1790470576.412309557]: rtabmap (300): Rate=1.00s, Limit=0.000s, Conversion=0.0010s, RTAB-Map=0.2059s, Maps update=0.0001s pub=0.0001s (local map=87, WM=87)[0m
[0m[ INFO] [1790472649.496739361, 1790470577.518794971]: rtabmap (301): Rate=1.00s, Limit=0.000s, Conversion=0.0020s, RTAB-Map=0.2088s, Maps update=0.0001s pub=0.0001s (local map=87, WM=87)[0m
[0m[ INFO] [1790472650.590862721, 1790470578.615679192]: rtabmap (302): Rate=1.00s, Limit=0.000s, Conversion=0.0011s, RTAB-Map=0.2058s, Maps update=0.0001s pub=0.0001s (local map=88, WM=88)[0m
[0m[ INFO] [1790472651.704829623, 1790470579.727490680]: rtabmap (303): Rate=1.00s, Limit=0.000s, Conversion=0.0020s, RTAB-Map=0.2204s, Maps update=0.0001s pub=0.0001s (local map=89, WM=89)[0m
[0m[ INFO] [1790472652.810296370, 1790470580.826821103]: rtabmap (304): Rate=1.00s, Limit=0.000s, Conversion=0.0013s, RTAB-Map=0.2284s, Maps update=0.0002s pub=0.0001s (local map=90, WM=90)[0m
[0m[ INFO] [1790472653.798237908, 1790470581.818597627]: rtabmap (305): Rate=1.00s, Limit=0.000s, Conversion=0.0008s, RTAB-Map=0.2087s, Maps update=0.0001s pub=0.0001s (local map=91, WM=91)[0m
[0m[ INFO] [1790472654.914351041, 1790470582.936891967]: rtabmap (306): Rate=1.00s, Limit=0.000s, Conversion=0.0013s, RTAB-Map=0.2269s, Maps update=0.0001s pub=0.0001s (local map=92, WM=92)[0m
[0m[ INFO] [1790472655.913035799, 1790470583.933867619]: rtabmap (307): Rate=1.00s, Limit=0.000s, Conversion=0.0013s, RTAB-Map=0.2186s, Maps update=0.0002s pub=0.0001s (local map=92, WM=92)[0m
[0m[ INFO] [1790472657.013594107, 1790470585.034880716]: rtabmap (308): Rate=1.00s, Limit=0.000s, Conversion=0.0011s, RTAB-Map=0.2129s, Maps update=0.0002s pub=0.0001s (local map=92, WM=92)[0m
[0m[ INFO] [1790472658.079152772, 1790470586.103893019]: rtabmap (309): Rate=1.00s, Limit=0.000s, Conversion=0.0008s, RTAB-Map=0.1881s, Maps update=0.0002s pub=0.0001s (local map=92, WM=92)[0m
[0m[ INFO] [1790472659.082073799, 1790470587.104466180]: rtabmap (310): Rate=1.00s, Limit=0.000s, Conversion=0.0008s, RTAB-Map=0.1910s, Maps update=0.0002s pub=0.0001s (local map=92, WM=92)[0m
[0m[ INFO] [1790472660.210394807, 1790470588.226697330]: rtabmap (311): Rate=1.00s, Limit=0.000s, Conversion=0.0013s, RTAB-Map=0.2099s, Maps update=0.0001s pub=0.0001s (local map=93, WM=93)[0m
[0m[ INFO] [1790472661.301879608, 1790470589.325158751]: rtabmap (312): Rate=1.00s, Limit=0.000s, Conversion=0.0008s, RTAB-Map=0.2219s, Maps update=0.0001s pub=0.0001s (local map=94, WM=94)[0m
[0m[ INFO] [1790472662.281789026, 1790470590.303483927]: rtabmap (313): Rate=1.00s, Limit=0.000s, Conversion=0.0013s, RTAB-Map=0.1946s, Maps update=0.0002s pub=0.0001s (local map=95, WM=95)[0m
[0m[ INFO] [1790472663.313863999, 1790470591.335206737]: rtabmap (314): Rate=1.00s, Limit=0.000s, Conversion=0.0009s, RTAB-Map=0.2285s, Maps update=0.0001s pub=0.0001s (local map=96, WM=96)[0m
[0m[ INFO] [1790472664.410719386, 1790470592.430238744]: rtabmap (315): Rate=1.00s, Limit=0.000s, Conversion=0.0013s, RTAB-Map=0.2229s, Maps update=0.0001s pub=0.0001s (local map=97, WM=97)[0m
[0m[ INFO] [1790472665.412085963, 1790470593.436992931]: rtabmap (316): Rate=1.00s, Limit=0.000s, Conversion=0.0013s, RTAB-Map=0.2245s, Maps update=0.0001s pub=0.0001s (local map=98, WM=98)[0m
[0m[ INFO] [1790472666.473695304, 1790470594.495509759]: rtabmap (317): Rate=1.00s, Limit=0.000s, Conversion=0.0008s, RTAB-Map=0.1966s, Maps update=0.0002s pub=0.0001s (local map=98, WM=98)[0m
[0m[ INFO] [1790472667.507233556, 1790470595.524521242]: rtabmap (318): Rate=1.00s, Limit=0.000s, Conversion=0.0013s, RTAB-Map=0.2168s, Maps update=0.0002s pub=0.0001s (local map=98, WM=98)[0m
[0m[ INFO] [1790472668.490767780, 1790470596.516246659]: rtabmap (319): Rate=1.00s, Limit=0.000s, Conversion=0.0018s, RTAB-Map=0.2125s, Maps update=0.0003s pub=0.0001s (local map=98, WM=98)[0m
[0m[ INFO] [1790472669.598707669, 1790470597.621132979]: rtabmap (320): Rate=1.00s, Limit=0.000s, Conversion=0.0013s, RTAB-Map=0.2137s, Maps update=0.0002s pub=0.0001s (local map=98, WM=98)[0m
[0m[ INFO] [1790472670.708935519, 1790470598.732084868]: rtabmap (321): Rate=1.00s, Limit=0.000s, Conversion=0.0013s, RTAB-Map=0.2152s, Maps update=0.0001s pub=0.0001s (local map=99, WM=99)[0m
[0m[ INFO] [1790472671.776685789, 1790470599.795506772]: rtabmap (322): Rate=1.00s, Limit=0.000s, Conversion=0.0008s, RTAB-Map=0.1933s, Maps update=0.0001s pub=0.0001s (local map=100, WM=100)[0m
[0m[ INFO] [1790472672.906470682, 1790470600.923550366]: rtabmap (323): Rate=1.00s, Limit=0.000s, Conversion=0.0020s, RTAB-Map=0.2272s, Maps update=0.0001s pub=0.0001s (local map=101, WM=101)[0m
[0m[ INFO] [1790472673.889979048, 1790470601.906754057]: rtabmap (324): Rate=1.00s, Limit=0.000s, Conversion=0.0008s, RTAB-Map=0.2110s, Maps update=0.0001s pub=0.0001s (local map=102, WM=102)[0m
[0m[ INFO] [1790472674.995650112, 1790470603.021033949]: rtabmap (325): Rate=1.00s, Limit=0.000s, Conversion=0.0013s, RTAB-Map=0.2034s, Maps update=0.0002s pub=0.0001s (local map=103, WM=103)[0m
Warning: TF_REPEATED_DATA ignoring data with redundant timestamp for frame odom (parent map) at time 1790470603.271585 according to authority unknown_publisher
         at line 278 in /tmp/binarydeb/ros-noetic-tf2-0.7.7/src/buffer_core.cpp
[33m[ WARN] [1790472675.146367198, 1790470603.171584922]: TF_REPEATED_DATA ignoring data with redundant timestamp for frame odom (parent map) at time 1790470603.271585 according to authority unknown_publisher[0m
Warning: TF_REPEATED_DATA ignoring data with redundant timestamp for frame odom (parent map) at time 1790470603.271585 according to authority /rtabmap/rtabmap
         at line 278 in /tmp/binarydeb/ros-noetic-tf2-0.7.7/src/buffer_core.cpp
[0m[ INFO] [1790472676.004682818, 1790470604.021770757]: rtabmap (326): Rate=1.00s, Limit=0.000s, Conversion=0.0013s, RTAB-Map=0.2129s, Maps update=0.0002s pub=0.0001s (local map=104, WM=104)[0m
[0m[ INFO] [1790472677.098931005, 1790470605.120394352]: rtabmap (327): Rate=1.00s, Limit=0.000s, Conversion=0.0009s, RTAB-Map=0.2182s, Maps update=0.0002s pub=0.0001s (local map=104, WM=104)[0m
[0m[ INFO] [1790472678.103558575, 1790470606.129056942]: rtabmap (328): Rate=1.00s, Limit=0.000s, Conversion=0.0012s, RTAB-Map=0.2141s, Maps update=0.0002s pub=0.0001s (local map=104, WM=104)[0m
[0m[ INFO] [1790472679.211182779, 1790470607.228483937]: rtabmap (329): Rate=1.00s, Limit=0.000s, Conversion=0.0012s, RTAB-Map=0.2202s, Maps update=0.0002s pub=0.0001s (local map=104, WM=104)[0m
[0m[ INFO] [1790472680.205889729, 1790470608.222574592]: rtabmap (330): Rate=1.00s, Limit=0.000s, Conversion=0.0022s, RTAB-Map=0.2153s, Maps update=0.0003s pub=0.0001s (local map=105, WM=105)[0m
[33m[ WARN] (2026-09-26 21:31:21.179) Memory.cpp:3200::computeTransform() Missing visual features or missing raw data to compute them. Transform cannot be estimated.[0m
[0m[ INFO] [1790472681.234739352, 1790470609.252856007]: rtabmap (331): Rate=1.00s, Limit=0.000s, Conversion=0.0012s, RTAB-Map=0.2313s, Maps update=0.0001s pub=0.0001s (local map=106, WM=106)[0m
[33m[ WARN] (2026-09-26 21:31:22.150) Memory.cpp:3200::computeTransform() Missing visual features or missing raw data to compute them. Transform cannot be estimated.[0m
[0m[ INFO] [1790472682.209587815, 1790470610.232543691]: rtabmap (332): Rate=1.00s, Limit=0.000s, Conversion=0.0008s, RTAB-Map=0.2307s, Maps update=0.0001s pub=0.0001s (local map=107, WM=107)[0m
[33m[ WARN] (2026-09-26 21:31:23.142) Memory.cpp:3200::computeTransform() Missing visual features or missing raw data to compute them. Transform cannot be estimated.[0m
[0m[ INFO] [1790472683.197040862, 1790470611.213558140]: rtabmap (333): Rate=1.00s, Limit=0.000s, Conversion=0.0012s, RTAB-Map=0.2197s, Maps update=0.0001s pub=0.0001s (local map=108, WM=108)[0m
[33m[ WARN] (2026-09-26 21:31:24.250) Memory.cpp:3200::computeTransform() Missing visual features or missing raw data to compute them. Transform cannot be estimated.[0m
[0m[ INFO] [1790472684.307286149, 1790470612.325014832]: rtabmap (334): Rate=1.00s, Limit=0.000s, Conversion=0.0013s, RTAB-Map=0.2261s, Maps update=0.0001s pub=0.0001s (local map=109, WM=109)[0m
[33m[ WARN] (2026-09-26 21:31:25.348) Memory.cpp:3200::computeTransform() Missing visual features or missing raw data to compute them. Transform cannot be estimated.[0m
[0m[ INFO] [1790472685.405993071, 1790470613.425820497]: rtabmap (335): Rate=1.00s, Limit=0.000s, Conversion=0.0020s, RTAB-Map=0.2253s, Maps update=0.0002s pub=0.0001s (local map=110, WM=110)[0m
[33m[ WARN] (2026-09-26 21:31:26.342) Memory.cpp:3200::computeTransform() Missing visual features or missing raw data to compute them. Transform cannot be estimated.[0m
[0m[ INFO] [1790472686.393033377, 1790470614.417792632]: rtabmap (336): Rate=1.00s, Limit=0.000s, Conversion=0.0021s, RTAB-Map=0.1994s, Maps update=0.0001s pub=0.0001s (local map=111, WM=111)[0m
[33m[ WARN] (2026-09-26 21:31:27.348) Memory.cpp:3200::computeTransform() Missing visual features or missing raw data to compute them. Transform cannot be estimated.[0m
[0m[ INFO] [1790472687.399346596, 1790470615.419539913]: rtabmap (337): Rate=1.00s, Limit=0.000s, Conversion=0.0020s, RTAB-Map=0.2136s, Maps update=0.0001s pub=0.0001s (local map=112, WM=112)[0m
[33m[ WARN] (2026-09-26 21:31:28.440) Memory.cpp:3200::computeTransform() Missing visual features or missing raw data to compute them. Transform cannot be estimated.[0m
[0m[ INFO] [1790472688.494867947, 1790470616.518203570]: rtabmap (338): Rate=1.00s, Limit=0.000s, Conversion=0.0019s, RTAB-Map=0.2049s, Maps update=0.0001s pub=0.0001s (local map=113, WM=113)[0m
[33m[ WARN] (2026-09-26 21:31:29.438) Memory.cpp:3200::computeTransform() Missing visual features or missing raw data to compute them. Transform cannot be estimated.[0m
[0m[ INFO] [1790472689.490637435, 1790470617.515975096]: rtabmap (339): Rate=1.00s, Limit=0.000s, Conversion=0.0015s, RTAB-Map=0.1990s, Maps update=0.0002s pub=0.0001s (local map=114, WM=114)[0m
[33m[ WARN] (2026-09-26 21:31:30.441) Memory.cpp:3200::computeTransform() Missing visual features or missing raw data to compute them. Transform cannot be estimated.[0m
[0m[ INFO] [1790472690.499301622, 1790470618.525091448]: rtabmap (340): Rate=1.00s, Limit=0.000s, Conversion=0.0009s, RTAB-Map=0.2205s, Maps update=0.0002s pub=0.0001s (local map=115, WM=115)[0m
[33m[ WARN] (2026-09-26 21:31:31.532) Memory.cpp:3200::computeTransform() Missing visual features or missing raw data to compute them. Transform cannot be estimated.[0m
[0m[ INFO] [1790472691.579731129, 1790470619.596225494]: rtabmap (341): Rate=1.00s, Limit=0.000s, Conversion=0.0014s, RTAB-Map=0.1931s, Maps update=0.0001s pub=0.0001s (local map=116, WM=116)[0m
[33m[ WARN] (2026-09-26 21:31:32.648) Memory.cpp:3200::computeTransform() Missing visual features or missing raw data to compute them. Transform cannot be estimated.[0m
[0m[ INFO] [1790472692.700193388, 1790470620.716091235]: rtabmap (342): Rate=1.00s, Limit=0.000s, Conversion=0.0014s, RTAB-Map=0.2149s, Maps update=0.0002s pub=0.0001s (local map=117, WM=117)[0m
[33m[ WARN] (2026-09-26 21:31:33.637) Memory.cpp:3200::computeTransform() Missing visual features or missing raw data to compute them. Transform cannot be estimated.[0m
[0m[ INFO] [1790472693.690601377, 1790470621.715538906]: rtabmap (343): Rate=1.00s, Limit=0.000s, Conversion=0.0009s, RTAB-Map=0.2017s, Maps update=0.0002s pub=0.0001s (local map=118, WM=118)[0m
[33m[ WARN] (2026-09-26 21:31:34.650) Memory.cpp:3200::computeTransform() Missing visual features or missing raw data to compute them. Transform cannot be estimated.[0m
[0m[ INFO] [1790472694.706935119, 1790470622.728027614]: rtabmap (344): Rate=1.00s, Limit=0.000s, Conversion=0.0014s, RTAB-Map=0.2196s, Maps update=0.0002s pub=0.0001s (local map=119, WM=119)[0m
Warning: TF_REPEATED_DATA ignoring data with redundant timestamp for frame odom (parent map) at time 1790470622.980558 according to authority unknown_publisher
         at line 278 in /tmp/binarydeb/ros-noetic-tf2-0.7.7/src/buffer_core.cpp
[33m[ WARN] [1790472694.856037979, 1790470622.880558223]: TF_REPEATED_DATA ignoring data with redundant timestamp for frame odom (parent map) at time 1790470622.980558 according to authority unknown_publisher[0m
Warning: TF_REPEATED_DATA ignoring data with redundant timestamp for frame odom (parent map) at time 1790470622.980558 according to authority /rtabmap/rtabmap
         at line 278 in /tmp/binarydeb/ros-noetic-tf2-0.7.7/src/buffer_core.cpp
[33m[ WARN] (2026-09-26 21:31:35.634) Memory.cpp:3200::computeTransform() Missing visual features or missing raw data to compute them. Transform cannot be estimated.[0m
[0m[ INFO] [1790472695.686043753, 1790470623.708272677]: rtabmap (345): Rate=1.00s, Limit=0.000s, Conversion=0.0009s, RTAB-Map=0.1988s, Maps update=0.0001s pub=0.0001s (local map=120, WM=120)[0m
[33m[ WARN] (2026-09-26 21:31:36.645) Memory.cpp:3200::computeTransform() Missing visual features or missing raw data to compute them. Transform cannot be estimated.[0m
[0m[ INFO] [1790472696.696416918, 1790470624.716289144]: rtabmap (346): Rate=1.00s, Limit=0.000s, Conversion=0.0015s, RTAB-Map=0.2067s, Maps update=0.0001s pub=0.0001s (local map=121, WM=121)[0m
[33m[ WARN] (2026-09-26 21:31:37.738) Memory.cpp:3200::computeTransform() Missing visual features or missing raw data to compute them. Transform cannot be estimated.[0m
[0m[ INFO] [1790472697.792286558, 1790470625.815443876]: rtabmap (347): Rate=1.00s, Limit=0.000s, Conversion=0.0014s, RTAB-Map=0.2154s, Maps update=0.0001s pub=0.0001s (local map=122, WM=122)[0m
[33m[ WARN] (2026-09-26 21:31:38.823) Memory.cpp:3200::computeTransform() Missing visual features or missing raw data to compute them. Transform cannot be estimated.[0m
[0m[ INFO] [1790472698.872832737, 1790470626.887657068]: rtabmap (348): Rate=1.00s, Limit=0.000s, Conversion=0.0014s, RTAB-Map=0.1960s, Maps update=0.0001s pub=0.0001s (local map=123, WM=123)[0m
[33m[ WARN] (2026-09-26 21:31:39.845) Memory.cpp:3200::computeTransform() Missing visual features or missing raw data to compute them. Transform cannot be estimated.[0m
[0m[ INFO] [1790472699.901827478, 1790470627.922501537]: rtabmap (349): Rate=1.00s, Limit=0.000s, Conversion=0.0021s, RTAB-Map=0.2176s, Maps update=0.0005s pub=0.0001s (local map=124, WM=124)[0m
[33m[ WARN] (2026-09-26 21:31:40.954) Memory.cpp:3200::computeTransform() Missing visual features or missing raw data to compute them. Transform cannot be estimated.[0m
[0m[ INFO] [1790472701.008560628, 1790470629.031392278]: rtabmap (350): Rate=1.00s, Limit=0.000s, Conversion=0.0019s, RTAB-Map=0.2154s, Maps update=0.0001s pub=0.0001s (local map=125, WM=125)[0m
[33m[ WARN] (2026-09-26 21:31:42.057) Memory.cpp:3200::computeTransform() Missing visual features or missing raw data to compute them. Transform cannot be estimated.[0m
[0m[ INFO] [1790472702.109506354, 1790470630.128834222]: rtabmap (351): Rate=1.00s, Limit=0.000s, Conversion=0.0014s, RTAB-Map=0.2137s, Maps update=0.0001s pub=0.0001s (local map=126, WM=126)[0m
[33m[ WARN] (2026-09-26 21:31:43.043) Memory.cpp:3200::computeTransform() Missing visual features or missing raw data to compute them. Transform cannot be estimated.[0m
[0m[ INFO] [1790472703.096329055, 1790470631.118594683]: rtabmap (352): Rate=1.00s, Limit=0.000s, Conversion=0.0022s, RTAB-Map=0.2188s, Maps update=0.0001s pub=0.0001s (local map=127, WM=127)[0m
[33m[ WARN] (2026-09-26 21:31:44.029) Memory.cpp:3200::computeTransform() Missing visual features or missing raw data to compute them. Transform cannot be estimated.[0m
[0m[ INFO] [1790472704.086277197, 1790470632.106928311]: rtabmap (353): Rate=1.00s, Limit=0.000s, Conversion=0.0014s, RTAB-Map=0.2049s, Maps update=0.0002s pub=0.0001s (local map=128, WM=128)[0m
[33m[ WARN] (2026-09-26 21:31:45.038) Memory.cpp:3200::computeTransform() Missing visual features or missing raw data to compute them. Transform cannot be estimated.[0m
[0m[ INFO] [1790472705.092712845, 1790470633.117455332]: rtabmap (354): Rate=1.00s, Limit=0.000s, Conversion=0.0020s, RTAB-Map=0.2056s, Maps update=0.0002s pub=0.0001s (local map=129, WM=129)[0m
[33m[ WARN] (2026-09-26 21:31:46.149) Memory.cpp:3200::computeTransform() Missing visual features or missing raw data to compute them. Transform cannot be estimated.[0m
[0m[ INFO] [1790472706.206879034, 1790470634.229109749]: rtabmap (355): Rate=1.00s, Limit=0.000s, Conversion=0.0015s, RTAB-Map=0.2225s, Maps update=0.0002s pub=0.0001s (local map=130, WM=130)[0m
[33m[ WARN] (2026-09-26 21:31:47.169) Memory.cpp:3200::computeTransform() Missing visual features or missing raw data to compute them. Transform cannot be estimated.[0m
[0m[ INFO] [1790472707.224212912, 1790470635.248154974]: rtabmap (356): Rate=1.00s, Limit=0.000s, Conversion=0.0020s, RTAB-Map=0.2352s, Maps update=0.0001s pub=0.0001s (local map=131, WM=131)[0m
[33m[ WARN] (2026-09-26 21:31:48.247) Memory.cpp:3200::computeTransform() Missing visual features or missing raw data to compute them. Transform cannot be estimated.[0m
[0m[ INFO] [1790472708.301567886, 1790470636.320342756]: rtabmap (357): Rate=1.00s, Limit=0.000s, Conversion=0.0021s, RTAB-Map=0.2163s, Maps update=0.0002s pub=0.0001s (local map=132, WM=132)[0m
[33m[ WARN] (2026-09-26 21:31:49.260) Memory.cpp:3200::computeTransform() Missing visual features or missing raw data to compute them. Transform cannot be estimated.[0m
[0m[ INFO] [1790472709.340480044, 1790470637.357625073]: rtabmap (358): Rate=1.00s, Limit=0.000s, Conversion=0.0014s, RTAB-Map=0.2490s, Maps update=0.0001s pub=0.0001s (local map=133, WM=133)[0m
[33m[ WARN] (2026-09-26 21:31:50.352) Memory.cpp:3200::computeTransform() Missing visual features or missing raw data to compute them. Transform cannot be estimated.[0m
[0m[ INFO] [1790472710.406937140, 1790470638.425190629]: rtabmap (359): Rate=1.00s, Limit=0.000s, Conversion=0.0020s, RTAB-Map=0.2209s, Maps update=0.0002s pub=0.0001s (local map=134, WM=134)[0m
[33m[ WARN] (2026-09-26 21:31:51.450) Memory.cpp:3200::computeTransform() Missing visual features or missing raw data to compute them. Transform cannot be estimated.[0m
[0m[ INFO] [1790472711.504698191, 1790470639.528830047]: rtabmap (360): Rate=1.00s, Limit=0.000s, Conversion=0.0014s, RTAB-Map=0.2178s, Maps update=0.0001s pub=0.0001s (local map=135, WM=135)[0m
[33m[ WARN] (2026-09-26 21:31:52.452) Memory.cpp:3200::computeTransform() Missing visual features or missing raw data to compute them. Transform cannot be estimated.[0m
[0m[ INFO] [1790472712.510686921, 1790470640.527034756]: rtabmap (361): Rate=1.00s, Limit=0.000s, Conversion=0.0023s, RTAB-Map=0.2191s, Maps update=0.0002s pub=0.0001s (local map=136, WM=136)[0m
Warning: TF_REPEATED_DATA ignoring data with redundant timestamp for frame odom (parent map) at time 1790470640.785054 according to authority unknown_publisher
         at line 278 in /tmp/binarydeb/ros-noetic-tf2-0.7.7/src/buffer_core.cpp
Warning: TF_REPEATED_DATA ignoring data with redundant timestamp for frame odom (parent map) at time 1790470640.785054 according to authority /rtabmap/rtabmap
         at line 278 in /tmp/binarydeb/ros-noetic-tf2-0.7.7/src/buffer_core.cpp
[33m[ WARN] [1790472712.661704169, 1790470640.685054385]: TF_REPEATED_DATA ignoring data with redundant timestamp for frame odom (parent map) at time 1790470640.785054 according to authority unknown_publisher[0m
[33m[ WARN] (2026-09-26 21:31:53.535) Memory.cpp:3200::computeTransform() Missing visual features or missing raw data to compute them. Transform cannot be estimated.[0m
[0m[ INFO] [1790472713.588345161, 1790470641.612121109]: rtabmap (362): Rate=1.00s, Limit=0.000s, Conversion=0.0014s, RTAB-Map=0.2126s, Maps update=0.0001s pub=0.0001s (local map=137, WM=137)[0m
[33m[ WARN] (2026-09-26 21:31:54.559) Memory.cpp:3200::computeTransform() Missing visual features or missing raw data to compute them. Transform cannot be estimated.[0m
[0m[ INFO] [1790472714.616676788, 1790470642.632716109]: rtabmap (363): Rate=1.00s, Limit=0.000s, Conversion=0.0014s, RTAB-Map=0.2215s, Maps update=0.0002s pub=0.0001s (local map=138, WM=138)[0m
[33m[ WARN] (2026-09-26 21:31:55.632) Memory.cpp:3200::computeTransform() Missing visual features or missing raw data to compute them. Transform cannot be estimated.[0m
[0m[ INFO] [1790472715.688243762, 1790470643.704348172]: rtabmap (364): Rate=1.00s, Limit=0.000s, Conversion=0.0015s, RTAB-Map=0.2020s, Maps update=0.0001s pub=0.0001s (local map=139, WM=139)[0m
[33m[ WARN] (2026-09-26 21:31:56.649) Memory.cpp:3200::computeTransform() Missing visual features or missing raw data to compute them. Transform cannot be estimated.[0m
[0m[ INFO] [1790472716.706707666, 1790470644.731432105]: rtabmap (365): Rate=1.00s, Limit=0.000s, Conversion=0.0009s, RTAB-Map=0.2178s, Maps update=0.0002s pub=0.0001s (local map=140, WM=140)[0m
[33m[ WARN] (2026-09-26 21:31:57.755) Memory.cpp:3200::computeTransform() Missing visual features or missing raw data to compute them. Transform cannot be estimated.[0m
[0m[ INFO] [1790472717.810529741, 1790470645.831992768]: rtabmap (366): Rate=1.00s, Limit=0.000s, Conversion=0.0020s, RTAB-Map=0.2176s, Maps update=0.0002s pub=0.0001s (local map=141, WM=141)[0m
[33m[ WARN] (2026-09-26 21:31:58.759) Memory.cpp:3200::computeTransform() Missing visual features or missing raw data to compute them. Transform cannot be estimated.[0m
[0m[ INFO] [1790472718.817015403, 1790470646.833229317]: rtabmap (367): Rate=1.00s, Limit=0.000s, Conversion=0.0014s, RTAB-Map=0.2195s, Maps update=0.0001s pub=0.0001s (local map=142, WM=142)[0m
[33m[ WARN] (2026-09-26 21:31:59.744) Memory.cpp:3200::computeTransform() Missing visual features or missing raw data to compute them. Transform cannot be estimated.[0m
[0m[ INFO] [1790472719.798615612, 1790470647.823617941]: rtabmap (368): Rate=1.00s, Limit=0.000s, Conversion=0.0014s, RTAB-Map=0.2079s, Maps update=0.0002s pub=0.0001s (local map=143, WM=143)[0m
[33m[ WARN] (2026-09-26 21:32:00.837) Memory.cpp:3200::computeTransform() Missing visual features or missing raw data to compute them. Transform cannot be estimated.[0m
[0m[ INFO] [1790472720.895416554, 1790470648.917976937]: rtabmap (369): Rate=1.00s, Limit=0.000s, Conversion=0.0013s, RTAB-Map=0.2062s, Maps update=0.0002s pub=0.0001s (local map=144, WM=144)[0m
[33m[ WARN] (2026-09-26 21:32:01.830) Memory.cpp:3200::computeTransform() Missing visual features or missing raw data to compute them. Transform cannot be estimated.[0m
[0m[ INFO] [1790472721.927548669, 1790470649.949631543]: rtabmap (370): Rate=1.00s, Limit=0.000s, Conversion=0.0017s, RTAB-Map=0.2474s, Maps update=0.0002s pub=0.0001s (local map=145, WM=145)[0m
[33m[ WARN] (2026-09-26 21:32:02.847) Memory.cpp:3200::computeTransform() Missing visual features or missing raw data to compute them. Transform cannot be estimated.[0m
[0m[ INFO] [1790472722.944233224, 1790470650.970048459]: rtabmap (371): Rate=1.00s, Limit=0.000s, Conversion=0.0014s, RTAB-Map=0.2641s, Maps update=0.0002s pub=0.0001s (local map=146, WM=146)[0m
[33m[ WARN] (2026-09-26 21:32:03.943) Memory.cpp:3200::computeTransform() Missing visual features or missing raw data to compute them. Transform cannot be estimated.[0m
[0m[ INFO] [1790472724.040198829, 1790470652.059332231]: rtabmap (372): Rate=1.00s, Limit=0.000s, Conversion=0.0014s, RTAB-Map=0.2603s, Maps update=0.0001s pub=0.0001s (local map=147, WM=147)[0m
[33m[ WARN] (2026-09-26 21:32:05.022) Memory.cpp:3200::computeTransform() Missing visual features or missing raw data to compute them. Transform cannot be estimated.[0m
[0m[ INFO] [1790472725.118369840, 1790470653.137645260]: rtabmap (373): Rate=1.00s, Limit=0.000s, Conversion=0.0010s, RTAB-Map=0.2444s, Maps update=0.0002s pub=0.0001s (local map=148, WM=148)[0m
[33m[ WARN] (2026-09-26 21:32:06.148) Memory.cpp:3200::computeTransform() Missing visual features or missing raw data to compute them. Transform cannot be estimated.[0m
[0m[ INFO] [1790472726.243349966, 1790470654.268148005]: rtabmap (374): Rate=1.00s, Limit=0.000s, Conversion=0.0015s, RTAB-Map=0.2570s, Maps update=0.0002s pub=0.0001s (local map=149, WM=149)[0m
[33m[ WARN] (2026-09-26 21:32:07.147) Memory.cpp:3200::computeTransform() Missing visual features or missing raw data to compute them. Transform cannot be estimated.[0m
[0m[ INFO] [1790472727.245702493, 1790470655.267906457]: rtabmap (375): Rate=1.00s, Limit=0.000s, Conversion=0.0020s, RTAB-Map=0.2455s, Maps update=0.0002s pub=0.0001s (local map=150, WM=150)[0m
[33m[ WARN] (2026-09-26 21:32:08.231) Memory.cpp:3200::computeTransform() Missing visual features or missing raw data to compute them. Transform cannot be estimated.[0m
[0m[ INFO] [1790472728.331096879, 1790470656.346945861]: rtabmap (376): Rate=1.00s, Limit=0.000s, Conversion=0.0009s, RTAB-Map=0.2473s, Maps update=0.0002s pub=0.0001s (local map=151, WM=151)[0m
[33m[ WARN] (2026-09-26 21:32:09.266) Memory.cpp:3200::computeTransform() Missing visual features or missing raw data to compute them. Transform cannot be estimated.[0m
[0m[ INFO] [1790472729.368388632, 1790470657.390113998]: rtabmap (377): Rate=1.00s, Limit=0.000s, Conversion=0.0012s, RTAB-Map=0.2773s, Maps update=0.0002s pub=0.0001s (local map=152, WM=152)[0m
[33m[ WARN] (2026-09-26 21:32:10.333) Memory.cpp:3200::computeTransform() Missing visual features or missing raw data to compute them. Transform cannot be estimated.[0m
[0m[ INFO] [1790472730.434055539, 1790470658.458866538]: rtabmap (378): Rate=1.00s, Limit=0.000s, Conversion=0.0013s, RTAB-Map=0.2473s, Maps update=0.0002s pub=0.0001s (local map=153, WM=153)[0m
Warning: TF_REPEATED_DATA ignoring data with redundant timestamp for frame odom (parent map) at time 1790470658.711732 according to authority unknown_publisher
         at line 278 in /tmp/binarydeb/ros-noetic-tf2-0.7.7/src/buffer_core.cpp
[33m[ WARN] [1790472730.587723952, 1790470658.611731646]: TF_REPEATED_DATA ignoring data with redundant timestamp for frame odom (parent map) at time 1790470658.711732 according to authority unknown_publisher[0m
Warning: TF_REPEATED_DATA ignoring data with redundant timestamp for frame odom (parent map) at time 1790470658.711732 according to authority /rtabmap/rtabmap
         at line 278 in /tmp/binarydeb/ros-noetic-tf2-0.7.7/src/buffer_core.cpp
[33m[ WARN] (2026-09-26 21:32:11.436) Memory.cpp:3200::computeTransform() Missing visual features or missing raw data to compute them. Transform cannot be estimated.[0m
[0m[ INFO] [1790472731.539390011, 1790470659.559212189]: rtabmap (379): Rate=1.00s, Limit=0.000s, Conversion=0.0014s, RTAB-Map=0.2525s, Maps update=0.0002s pub=0.0001s (local map=154, WM=154)[0m
[33m[ WARN] (2026-09-26 21:32:12.531) Memory.cpp:3200::computeTransform() Missing visual features or missing raw data to compute them. Transform cannot be estimated.[0m
[0m[ INFO] [1790472732.627864717, 1790470660.646753380]: rtabmap (380): Rate=1.00s, Limit=0.000s, Conversion=0.0019s, RTAB-Map=0.2429s, Maps update=0.0002s pub=0.0001s (local map=155, WM=155)[0m
[33m[ WARN] (2026-09-26 21:32:13.632) Memory.cpp:3200::computeTransform() Missing visual features or missing raw data to compute them. Transform cannot be estimated.[0m
[0m[ INFO] [1790472733.728221566, 1790470661.750874270]: rtabmap (381): Rate=1.00s, Limit=0.000s, Conversion=0.0009s, RTAB-Map=0.2527s, Maps update=0.0002s pub=0.0001s (local map=156, WM=156)[0m
[33m[ WARN] (2026-09-26 21:32:14.737) Memory.cpp:3200::computeTransform() Missing visual features or missing raw data to compute them. Transform cannot be estimated.[0m
[0m[ INFO] [1790472734.858119567, 1790470662.882848773]: rtabmap (382): Rate=1.00s, Limit=0.000s, Conversion=0.0010s, RTAB-Map=0.2798s, Maps update=0.0002s pub=0.0001s (local map=157, WM=157)[0m
[33m[ WARN] (2026-09-26 21:32:15.830) Memory.cpp:3200::computeTransform() Missing visual features or missing raw data to compute them. Transform cannot be estimated.[0m
[0m[ INFO] [1790472735.933786197, 1790470663.952724109]: rtabmap (383): Rate=1.00s, Limit=0.000s, Conversion=0.0011s, RTAB-Map=0.2477s, Maps update=0.0002s pub=0.0001s (local map=158, WM=158)[0m
[33m[ WARN] (2026-09-26 21:32:16.833) Memory.cpp:3200::computeTransform() Missing visual features or missing raw data to compute them. Transform cannot be estimated.[0m
[0m[ INFO] [1790472736.929825279, 1790470664.952909508]: rtabmap (384): Rate=1.00s, Limit=0.000s, Conversion=0.0014s, RTAB-Map=0.2455s, Maps update=0.0002s pub=0.0001s (local map=159, WM=159)[0m
[33m[ WARN] (2026-09-26 21:32:17.931) Memory.cpp:3200::computeTransform() Missing visual features or missing raw data to compute them. Transform cannot be estimated.[0m
[0m[ INFO] [1790472738.030819479, 1790470666.056251733]: rtabmap (385): Rate=1.00s, Limit=0.000s, Conversion=0.0009s, RTAB-Map=0.2451s, Maps update=0.0002s pub=0.0001s (local map=160, WM=160)[0m
[33m[ WARN] (2026-09-26 21:32:18.957) Memory.cpp:3200::computeTransform() Missing visual features or missing raw data to compute them. Transform cannot be estimated.[0m
[0m[ INFO] [1790472739.062888678, 1790470667.080345198]: rtabmap (386): Rate=1.00s, Limit=0.000s, Conversion=0.0015s, RTAB-Map=0.2669s, Maps update=0.0004s pub=0.0001s (local map=161, WM=161)[0m
[33m[ WARN] (2026-09-26 21:32:20.046) Memory.cpp:3200::computeTransform() Missing visual features or missing raw data to compute them. Transform cannot be estimated.[0m
[0m[ INFO] [1790472740.157238517, 1790470668.174748542]: rtabmap (387): Rate=1.00s, Limit=0.000s, Conversion=0.0009s, RTAB-Map=0.2756s, Maps update=0.0002s pub=0.0001s (local map=162, WM=162)[0m
[33m[ WARN] (2026-09-26 21:32:21.132) Memory.cpp:3200::computeTransform() Missing visual features or missing raw data to compute them. Transform cannot be estimated.[0m
[0m[ INFO] [1790472741.244053747, 1790470669.253734919]: rtabmap (388): Rate=1.00s, Limit=0.000s, Conversion=0.0010s, RTAB-Map=0.2645s, Maps update=0.0002s pub=0.0001s (local map=163, WM=163)[0m
[33m[ WARN] (2026-09-26 21:32:22.175) Memory.cpp:3200::computeTransform() Missing visual features or missing raw data to compute them. Transform cannot be estimated.[0m
[0m[ INFO] [1790472742.288433222, 1790470670.313340383]: rtabmap (389): Rate=1.00s, Limit=0.000s, Conversion=0.0012s, RTAB-Map=0.2953s, Maps update=0.0003s pub=0.0001s (local map=164, WM=164)[0m
[33m[ WARN] (2026-09-26 21:32:23.174) Memory.cpp:3200::computeTransform() Missing visual features or missing raw data to compute them. Transform cannot be estimated.[0m
[0m[ INFO] [1790472743.293177389, 1790470671.311076890]: rtabmap (390): Rate=1.00s, Limit=0.000s, Conversion=0.0012s, RTAB-Map=0.3010s, Maps update=0.0001s pub=0.0001s (local map=165, WM=165)[0m
[33m[ WARN] (2026-09-26 21:32:24.158) Memory.cpp:3200::computeTransform() Missing visual features or missing raw data to compute them. Transform cannot be estimated.[0m
[0m[ INFO] [1790472744.275726276, 1790470672.294095574]: rtabmap (391): Rate=1.00s, Limit=0.000s, Conversion=0.0014s, RTAB-Map=0.2881s, Maps update=0.0004s pub=0.0001s (local map=166, WM=166)[0m
[33m[ WARN] (2026-09-26 21:32:25.246) Memory.cpp:3200::computeTransform() Missing visual features or missing raw data to compute them. Transform cannot be estimated.[0m
[0m[ INFO] [1790472745.358647159, 1790470673.375206165]: rtabmap (392): Rate=1.00s, Limit=0.000s, Conversion=0.0015s, RTAB-Map=0.2734s, Maps update=0.0002s pub=0.0001s (local map=167, WM=167)[0m
[33m[ WARN] (2026-09-26 21:32:26.364) Memory.cpp:3200::computeTransform() Missing visual features or missing raw data to compute them. Transform cannot be estimated.[0m
[0m[ INFO] [1790472746.472963709, 1790470674.489611484]: rtabmap (393): Rate=1.00s, Limit=0.000s, Conversion=0.0015s, RTAB-Map=0.2849s, Maps update=0.0002s pub=0.0001s (local map=168, WM=168)[0m
[33m[ WARN] (2026-09-26 21:32:27.341) Memory.cpp:3200::computeTransform() Missing visual features or missing raw data to compute them. Transform cannot be estimated.[0m
[0m[ INFO] [1790472747.453325147, 1790470675.478406102]: rtabmap (394): Rate=1.00s, Limit=0.000s, Conversion=0.0009s, RTAB-Map=0.2710s, Maps update=0.0002s pub=0.0001s (local map=168, WM=168)[0m
[33m[ WARN] (2026-09-26 21:32:28.356) Memory.cpp:3200::computeTransform() Missing visual features or missing raw data to compute them. Transform cannot be estimated.[0m
[0m[ INFO] [1790472748.481332253, 1790470676.498446785]: rtabmap (395): Rate=1.00s, Limit=0.000s, Conversion=0.0015s, RTAB-Map=0.2975s, Maps update=0.0005s pub=0.0001s (local map=168, WM=168)[0m
[33m[ WARN] (2026-09-26 21:32:29.461) Memory.cpp:3200::computeTransform() Missing visual features or missing raw data to compute them. Transform cannot be estimated.[0m
[0m[ INFO] [1790472749.564456977, 1790470677.586877390]: rtabmap (396): Rate=1.00s, Limit=0.000s, Conversion=0.0015s, RTAB-Map=0.2777s, Maps update=0.0002s pub=0.0001s (local map=168, WM=168)[0m
[33m[ WARN] (2026-09-26 21:32:30.486) Memory.cpp:3200::computeTransform() Missing visual features or missing raw data to compute them. Transform cannot be estimated.[0m
[0m[ INFO] [1790472750.592629363, 1790470678.616912229]: rtabmap (397): Rate=1.00s, Limit=0.000s, Conversion=0.0014s, RTAB-Map=0.3009s, Maps update=0.0003s pub=0.0001s (local map=168, WM=168)[0m
[33m[ WARN] (2026-09-26 21:32:31.562) Memory.cpp:3200::computeTransform() Missing visual features or missing raw data to compute them. Transform cannot be estimated.[0m
[0m[ INFO] [1790472751.668778588, 1790470679.688164921]: rtabmap (398): Rate=1.00s, Limit=0.000s, Conversion=0.0015s, RTAB-Map=0.2929s, Maps update=0.0002s pub=0.0001s (local map=169, WM=169)[0m
Warning: TF_REPEATED_DATA ignoring data with redundant timestamp for frame odom (parent map) at time 1790470679.944178 according to authority unknown_publisher
         at line 278 in /tmp/binarydeb/ros-noetic-tf2-0.7.7/src/buffer_core.cpp
[33m[ WARN] [1790472751.820339105, 1790470679.844177998]: TF_REPEATED_DATA ignoring data with redundant timestamp for frame odom (parent map) at time 1790470679.944178 according to authority unknown_publisher[0m
Warning: TF_REPEATED_DATA ignoring data with redundant timestamp for frame odom (parent map) at time 1790470679.944178 according to authority /rtabmap/rtabmap
         at line 278 in /tmp/binarydeb/ros-noetic-tf2-0.7.7/src/buffer_core.cpp
[33m[ WARN] (2026-09-26 21:32:32.635) Memory.cpp:3200::computeTransform() Missing visual features or missing raw data to compute them. Transform cannot be estimated.[0m
[0m[ INFO] [1790472752.760035207, 1790470680.782327460]: rtabmap (399): Rate=1.00s, Limit=0.000s, Conversion=0.0009s, RTAB-Map=0.2830s, Maps update=0.0004s pub=0.0001s (local map=170, WM=170)[0m
[33m[ WARN] (2026-09-26 21:32:33.732) Memory.cpp:3200::computeTransform() Missing visual features or missing raw data to compute them. Transform cannot be estimated.[0m
[0m[ INFO] [1790472753.844734604, 1790470681.866213567]: rtabmap (400): Rate=1.00s, Limit=0.000s, Conversion=0.0009s, RTAB-Map=0.2756s, Maps update=0.0002s pub=0.0001s (local map=171, WM=171)[0m
[33m[ WARN] (2026-09-26 21:32:34.840) Memory.cpp:3200::computeTransform() Missing visual features or missing raw data to compute them. Transform cannot be estimated.[0m
[0m[ INFO] [1790472754.949605098, 1790470682.967912635]: rtabmap (401): Rate=1.00s, Limit=0.000s, Conversion=0.0010s, RTAB-Map=0.2783s, Maps update=0.0002s pub=0.0001s (local map=172, WM=172)[0m
[33m[ WARN] (2026-09-26 21:32:35.942) Memory.cpp:3200::computeTransform() Missing visual features or missing raw data to compute them. Transform cannot be estimated.[0m
[0m[ INFO] [1790472756.054073956, 1790470684.079009277]: rtabmap (402): Rate=1.00s, Limit=0.000s, Conversion=0.0015s, RTAB-Map=0.2806s, Maps update=0.0002s pub=0.0001s (local map=173, WM=173)[0m
[33m[ WARN] (2026-09-26 21:32:36.941) Memory.cpp:3200::computeTransform() Missing visual features or missing raw data to compute them. Transform cannot be estimated.[0m
[0m[ INFO] [1790472757.049745094, 1790470685.069518151]: rtabmap (403): Rate=1.00s, Limit=0.000s, Conversion=0.0010s, RTAB-Map=0.2649s, Maps update=0.0002s pub=0.0001s (local map=174, WM=174)[0m
[0m[ INFO] [1790472758.142344191, 1790470686.159386595]: rtabmap (404): Rate=1.00s, Limit=0.000s, Conversion=0.0015s, RTAB-Map=0.2674s, Maps update=0.0002s pub=0.0001s (local map=175, WM=175)[0m
[0m[ INFO] [1790472759.253256062, 1790470687.273918824]: rtabmap (405): Rate=1.00s, Limit=0.000s, Conversion=0.0009s, RTAB-Map=0.2799s, Maps update=0.0002s pub=0.0001s (local map=176, WM=176)[0m
[0m[ INFO] [1790472760.244713298, 1790470688.265347324]: rtabmap (406): Rate=1.00s, Limit=0.000s, Conversion=0.0015s, RTAB-Map=0.2648s, Maps update=0.0002s pub=0.0001s (local map=177, WM=177)[0m
[0m[ INFO] [1790472761.243059120, 1790470689.265081417]: rtabmap (407): Rate=1.00s, Limit=0.000s, Conversion=0.0015s, RTAB-Map=0.2625s, Maps update=0.0002s pub=0.0001s (local map=178, WM=178)[0m
[0m[ INFO] [1790472762.346795265, 1790470690.364652013]: rtabmap (408): Rate=1.00s, Limit=0.000s, Conversion=0.0014s, RTAB-Map=0.2678s, Maps update=0.0002s pub=0.0001s (local map=179, WM=179)[0m
[0m[ INFO] [1790472763.354238881, 1790470691.372489809]: rtabmap (409): Rate=1.00s, Limit=0.000s, Conversion=0.0020s, RTAB-Map=0.2693s, Maps update=0.0002s pub=0.0001s (local map=180, WM=180)[0m
[0m[ INFO] [1790472764.347570473, 1790470692.365414997]: rtabmap (410): Rate=1.00s, Limit=0.000s, Conversion=0.0014s, RTAB-Map=0.2639s, Maps update=0.0002s pub=0.0001s (local map=181, WM=181)[0m
[0m[ INFO] [1790472765.443078079, 1790470693.465415132]: rtabmap (411): Rate=1.00s, Limit=0.000s, Conversion=0.0012s, RTAB-Map=0.2606s, Maps update=0.0002s pub=0.0001s (local map=182, WM=182)[0m
[0m[ INFO] [1790472766.462459520, 1790470694.484878270]: rtabmap (412): Rate=1.00s, Limit=0.000s, Conversion=0.0012s, RTAB-Map=0.2778s, Maps update=0.0002s pub=0.0001s (local map=183, WM=183)[0m
[0m[ INFO] [1790472767.544120353, 1790470695.563786401]: rtabmap (413): Rate=1.00s, Limit=0.000s, Conversion=0.0017s, RTAB-Map=0.2594s, Maps update=0.0002s pub=0.0001s (local map=184, WM=184)[0m
[0m[ INFO] [1790472768.557084732, 1790470696.582242007]: rtabmap (414): Rate=1.00s, Limit=0.000s, Conversion=0.0015s, RTAB-Map=0.2654s, Maps update=0.0002s pub=0.0001s (local map=185, WM=185)[0m
[0m[ INFO] [1790472769.546026995, 1790470697.570312133]: rtabmap (415): Rate=1.00s, Limit=0.000s, Conversion=0.0010s, RTAB-Map=0.2597s, Maps update=0.0002s pub=0.0001s (local map=186, WM=186)[0m
Warning: TF_REPEATED_DATA ignoring data with redundant timestamp for frame odom (parent map) at time 1790470697.821916 according to authority unknown_publisher
         at line 278 in /tmp/binarydeb/ros-noetic-tf2-0.7.7/src/buffer_core.cpp
[33m[ WARN] [1790472769.697625881, 1790470697.721915882]: TF_REPEATED_DATA ignoring data with redundant timestamp for frame odom (parent map) at time 1790470697.821916 according to authority unknown_publisher[0m
Warning: TF_REPEATED_DATA ignoring data with redundant timestamp for frame odom (parent map) at time 1790470697.821916 according to authority /rtabmap/rtabmap
         at line 278 in /tmp/binarydeb/ros-noetic-tf2-0.7.7/src/buffer_core.cpp
[0m[ INFO] [1790472770.663540727, 1790470698.679621616]: rtabmap (416): Rate=1.00s, Limit=0.000s, Conversion=0.0015s, RTAB-Map=0.2696s, Maps update=0.0002s pub=0.0001s (local map=187, WM=187)[0m
[0m[ INFO] [1790472771.660938377, 1790470699.676762624]: rtabmap (417): Rate=1.00s, Limit=0.000s, Conversion=0.0015s, RTAB-Map=0.2748s, Maps update=0.0002s pub=0.0001s (local map=188, WM=188)[0m
[0m[ INFO] [1790472772.686876080, 1790470700.706501391]: rtabmap (418): Rate=1.00s, Limit=0.000s, Conversion=0.0021s, RTAB-Map=0.2950s, Maps update=0.0003s pub=0.0001s (local map=189, WM=189)[0m
[0m[ INFO] [1790472773.760303287, 1790470701.776940758]: rtabmap (419): Rate=1.00s, Limit=0.000s, Conversion=0.0009s, RTAB-Map=0.2736s, Maps update=0.0003s pub=0.0001s (local map=190, WM=190)[0m
[0m[ INFO] [1790472774.860712225, 1790470702.885693914]: rtabmap (420): Rate=1.00s, Limit=0.000s, Conversion=0.0014s, RTAB-Map=0.2634s, Maps update=0.0002s pub=0.0001s (local map=191, WM=191)[0m
[0m[ INFO] [1790472775.844650689, 1790470703.862501517]: rtabmap (421): Rate=1.00s, Limit=0.000s, Conversion=0.0015s, RTAB-Map=0.2639s, Maps update=0.0002s pub=0.0001s (local map=192, WM=192)[0m
[0m[ INFO] [1790472776.829859631, 1790470704.855469935]: rtabmap (422): Rate=1.00s, Limit=0.000s, Conversion=0.0015s, RTAB-Map=0.2476s, Maps update=0.0002s pub=0.0001s (local map=193, WM=193)[0m
[0m[ INFO] [1790472777.830664645, 1790470705.846648029]: rtabmap (423): Rate=1.00s, Limit=0.000s, Conversion=0.0016s, RTAB-Map=0.2513s, Maps update=0.0002s pub=0.0001s (local map=194, WM=194)[0m
[0m[ INFO] [1790472778.947734466, 1790470706.969263862]: rtabmap (424): Rate=1.00s, Limit=0.000s, Conversion=0.0021s, RTAB-Map=0.2676s, Maps update=0.0003s pub=0.0001s (local map=195, WM=195)[0m
[0m[ INFO] [1790472780.028528567, 1790470708.049568614]: rtabmap (425): Rate=1.00s, Limit=0.000s, Conversion=0.0014s, RTAB-Map=0.2503s, Maps update=0.0002s pub=0.0001s (local map=196, WM=196)[0m
[0m[ INFO] [1790472781.030220278, 1790470709.047007671]: rtabmap (426): Rate=1.00s, Limit=0.000s, Conversion=0.0020s, RTAB-Map=0.2525s, Maps update=0.0002s pub=0.0001s (local map=197, WM=197)[0m
[0m[ INFO] [1790472782.149949615, 1790470710.166878961]: rtabmap (427): Rate=1.00s, Limit=0.000s, Conversion=0.0018s, RTAB-Map=0.2619s, Maps update=0.0002s pub=0.0001s (local map=198, WM=198)[0m
[0m[ INFO] [1790472783.166921523, 1790470711.187577277]: rtabmap (428): Rate=1.00s, Limit=0.000s, Conversion=0.0014s, RTAB-Map=0.2784s, Maps update=0.0003s pub=0.0001s (local map=199, WM=199)[0m
[0m[ INFO] [1790472784.266663540, 1790470712.287757475]: rtabmap (429): Rate=1.00s, Limit=0.000s, Conversion=0.0014s, RTAB-Map=0.2743s, Maps update=0.0003s pub=0.0001s (local map=200, WM=200)[0m
[0m[ INFO] [1790472785.260768512, 1790470713.277838884]: rtabmap (430): Rate=1.00s, Limit=0.000s, Conversion=0.0015s, RTAB-Map=0.2814s, Maps update=0.0004s pub=0.0001s (local map=201, WM=201)[0m
[0m[ INFO] [1790472786.260472361, 1790470714.281860443]: rtabmap (431): Rate=1.00s, Limit=0.000s, Conversion=0.0013s, RTAB-Map=0.2725s, Maps update=0.0002s pub=0.0001s (local map=202, WM=202)[0m
[0m[ INFO] [1790472787.270421856, 1790470715.291477839]: rtabmap (432): Rate=1.00s, Limit=0.000s, Conversion=0.0015s, RTAB-Map=0.2736s, Maps update=0.0002s pub=0.0001s (local map=203, WM=203)[0m
Warning: TF_REPEATED_DATA ignoring data with redundant timestamp for frame odom (parent map) at time 1790470715.481582 according to authority unknown_publisher
         at line 278 in /tmp/binarydeb/ros-noetic-tf2-0.7.7/src/buffer_core.cpp
Warning: TF_REPEATED_DATA ignoring data with redundant timestamp for frame odom (parent map) at time 1790470715.481582 according to authority /rtabmap/rtabmap
         at line 278 in /tmp/binarydeb/ros-noetic-tf2-0.7.7/src/buffer_core.cpp
[33m[ WARN] [1790472787.357446603, 1790470715.381581659]: TF_REPEATED_DATA ignoring data with redundant timestamp for frame odom (parent map) at time 1790470715.481582 according to authority unknown_publisher[0m
[0m[ INFO] [1790472788.372638523, 1790470716.392943745]: rtabmap (433): Rate=1.00s, Limit=0.000s, Conversion=0.0021s, RTAB-Map=0.2802s, Maps update=0.0002s pub=0.0001s (local map=204, WM=204)[0m
[0m[ INFO] [1790472789.444797233, 1790470717.468495932]: rtabmap (434): Rate=1.00s, Limit=0.000s, Conversion=0.0009s, RTAB-Map=0.2580s, Maps update=0.0002s pub=0.0001s (local map=205, WM=205)[0m
[0m[ INFO] [1790472790.460575878, 1790470718.476510302]: rtabmap (435): Rate=1.00s, Limit=0.000s, Conversion=0.0015s, RTAB-Map=0.2769s, Maps update=0.0002s pub=0.0001s (local map=206, WM=206)[0m
[0m[ INFO] [1790472791.568756513, 1790470719.585773060]: rtabmap (436): Rate=1.00s, Limit=0.000s, Conversion=0.0014s, RTAB-Map=0.2822s, Maps update=0.0004s pub=0.0001s (local map=207, WM=207)[0m
[0m[ INFO] [1790472792.674106077, 1790470720.694266114]: rtabmap (437): Rate=1.00s, Limit=0.000s, Conversion=0.0015s, RTAB-Map=0.2791s, Maps update=0.0003s pub=0.0001s (local map=208, WM=208)[0m
[0m[ INFO] [1790472793.743420148, 1790470721.766885308]: rtabmap (438): Rate=1.00s, Limit=0.000s, Conversion=0.0015s, RTAB-Map=0.2565s, Maps update=0.0002s pub=0.0001s (local map=209, WM=209)[0m
[0m[ INFO] [1790472794.773628036, 1790470722.796099074]: rtabmap (439): Rate=1.00s, Limit=0.000s, Conversion=0.0014s, RTAB-Map=0.2745s, Maps update=0.0002s pub=0.0001s (local map=210, WM=210)[0m
[0m[ INFO] [1790472795.857957980, 1790470723.877444570]: rtabmap (440): Rate=1.00s, Limit=0.000s, Conversion=0.0010s, RTAB-Map=0.2716s, Maps update=0.0002s pub=0.0001s (local map=211, WM=211)[0m
[0m[ INFO] [1790472796.876933043, 1790470724.898626953]: rtabmap (441): Rate=1.00s, Limit=0.000s, Conversion=0.0014s, RTAB-Map=0.2868s, Maps update=0.0004s pub=0.0001s (local map=212, WM=212)[0m
[0m[ INFO] [1790472797.965435352, 1790470725.990406257]: rtabmap (442): Rate=1.00s, Limit=0.000s, Conversion=0.0011s, RTAB-Map=0.2740s, Maps update=0.0002s pub=0.0001s (local map=213, WM=213)[0m
[0m[ INFO] [1790472799.065865854, 1790470727.082798464]: rtabmap (443): Rate=1.00s, Limit=0.000s, Conversion=0.0014s, RTAB-Map=0.2797s, Maps update=0.0002s pub=0.0001s (local map=214, WM=214)[0m
[0m[ INFO] [1790472800.089557735, 1790470728.114307454]: rtabmap (444): Rate=1.00s, Limit=0.000s, Conversion=0.0010s, RTAB-Map=0.2953s, Maps update=0.0005s pub=0.0001s (local map=215, WM=215)[0m
[0m[ INFO] [1790472801.136262600, 1790470729.155778054]: rtabmap (445): Rate=1.00s, Limit=0.000s, Conversion=0.0010s, RTAB-Map=0.2615s, Maps update=0.0002s pub=0.0001s (local map=216, WM=216)[0m
[0m[ INFO] [1790472802.168102857, 1790470730.188431024]: rtabmap (446): Rate=1.00s, Limit=0.000s, Conversion=0.0014s, RTAB-Map=0.2564s, Maps update=0.0002s pub=0.0001s (local map=217, WM=217)[0m
[0m[ INFO] [1790472803.231614975, 1790470731.248466657]: rtabmap (447): Rate=1.00s, Limit=0.000s, Conversion=0.0010s, RTAB-Map=0.2490s, Maps update=0.0002s pub=0.0001s (local map=218, WM=218)[0m
[0m[ INFO] [1790472804.380486287, 1790470732.402264517]: rtabmap (448): Rate=1.00s, Limit=0.000s, Conversion=0.0021s, RTAB-Map=0.2758s, Maps update=0.0003s pub=0.0002s (local map=219, WM=219)[0m
[0m[ INFO] [1790472805.445161265, 1790470733.466022174]: rtabmap (449): Rate=1.00s, Limit=0.000s, Conversion=0.0015s, RTAB-Map=0.2586s, Maps update=0.0002s pub=0.0001s (local map=220, WM=220)[0m
Warning: TF_REPEATED_DATA ignoring data with redundant timestamp for frame odom (parent map) at time 1790470733.721088 according to authority unknown_publisher
         at line 278 in /tmp/binarydeb/ros-noetic-tf2-0.7.7/src/buffer_core.cpp
[33m[ WARN] [1790472805.596550803, 1790470733.621088231]: TF_REPEATED_DATA ignoring data with redundant timestamp for frame odom (parent map) at time 1790470733.721088 according to authority unknown_publisher[0m
Warning: TF_REPEATED_DATA ignoring data with redundant timestamp for frame odom (parent map) at time 1790470733.721088 according to authority /rtabmap/rtabmap
         at line 278 in /tmp/binarydeb/ros-noetic-tf2-0.7.7/src/buffer_core.cpp
[0m[ INFO] [1790472806.428066785, 1790470734.450046362]: rtabmap (450): Rate=1.00s, Limit=0.000s, Conversion=0.0015s, RTAB-Map=0.2538s, Maps update=0.0002s pub=0.0001s (local map=221, WM=221)[0m
[0m[ INFO] [1790472807.462067064, 1790470735.483298249]: rtabmap (451): Rate=1.00s, Limit=0.000s, Conversion=0.0016s, RTAB-Map=0.2662s, Maps update=0.0002s pub=0.0001s (local map=222, WM=222)[0m
[0m[ INFO] [1790472808.545560325, 1790470736.564173945]: rtabmap (452): Rate=1.00s, Limit=0.000s, Conversion=0.0009s, RTAB-Map=0.2616s, Maps update=0.0002s pub=0.0001s (local map=223, WM=223)[0m
[0m[ INFO] [1790472809.657012927, 1790470737.679792385]: rtabmap (453): Rate=1.00s, Limit=0.000s, Conversion=0.0009s, RTAB-Map=0.2766s, Maps update=0.0002s pub=0.0001s (local map=224, WM=224)[0m
[0m[ INFO] [1790472810.667466392, 1790470738.687982145]: rtabmap (454): Rate=1.00s, Limit=0.000s, Conversion=0.0021s, RTAB-Map=0.2778s, Maps update=0.0003s pub=0.0001s (local map=224, WM=224)[0m
[0m[ INFO] [1790472811.647583113, 1790470739.670180712]: rtabmap (455): Rate=1.00s, Limit=0.000s, Conversion=0.0014s, RTAB-Map=0.2573s, Maps update=0.0002s pub=0.0001s (local map=225, WM=225)[0m
[0m[ INFO] [1790472812.682829260, 1790470740.700080722]: rtabmap (456): Rate=1.00s, Limit=0.000s, Conversion=0.0014s, RTAB-Map=0.2750s, Maps update=0.0003s pub=0.0001s (local map=225, WM=225)[0m
[0m[ INFO] [1790472813.730093041, 1790470741.755939188]: rtabmap (457): Rate=1.00s, Limit=0.000s, Conversion=0.0009s, RTAB-Map=0.2493s, Maps update=0.0003s pub=0.0001s (local map=225, WM=225)[0m
[0m[ INFO] [1790472814.849452384, 1790470742.866077663]: rtabmap (458): Rate=1.00s, Limit=0.000s, Conversion=0.0022s, RTAB-Map=0.2563s, Maps update=0.0003s pub=0.0001s (local map=225, WM=225)[0m
[0m[ INFO] [1790472815.938511688, 1790470743.958140423]: rtabmap (459): Rate=1.00s, Limit=0.000s, Conversion=0.0016s, RTAB-Map=0.2383s, Maps update=0.0002s pub=0.0001s (local map=226, WM=226)[0m
[0m[ INFO] [1790472816.942144405, 1790470744.960798250]: rtabmap (460): Rate=1.00s, Limit=0.000s, Conversion=0.0010s, RTAB-Map=0.2572s, Maps update=0.0003s pub=0.0001s (local map=226, WM=226)[0m
[0m[ INFO] [1790472817.935323314, 1790470745.955330006]: rtabmap (461): Rate=1.00s, Limit=0.000s, Conversion=0.0015s, RTAB-Map=0.2540s, Maps update=0.0002s pub=0.0001s (local map=226, WM=226)[0m
[0m[ INFO] [1790472818.946815188, 1790470746.965176646]: rtabmap (462): Rate=1.00s, Limit=0.000s, Conversion=0.0014s, RTAB-Map=0.2595s, Maps update=0.0002s pub=0.0001s (local map=226, WM=226)[0m
[0m[ INFO] [1790472820.039592771, 1790470748.061399002]: rtabmap (463): Rate=1.00s, Limit=0.000s, Conversion=0.0010s, RTAB-Map=0.2443s, Maps update=0.0003s pub=0.0001s (local map=227, WM=227)[0m
[0m[ INFO] [1790472821.162020018, 1790470749.178229613]: rtabmap (464): Rate=1.00s, Limit=0.000s, Conversion=0.0015s, RTAB-Map=0.2717s, Maps update=0.0002s pub=0.0001s (local map=228, WM=228)[0m
[0m[ INFO] [1790472822.246562248, 1790470750.269010630]: rtabmap (465): Rate=1.00s, Limit=0.000s, Conversion=0.0016s, RTAB-Map=0.2547s, Maps update=0.0002s pub=0.0001s (local map=229, WM=229)[0m
[0m[ INFO] [1790472823.273198381, 1790470751.290352434]: rtabmap (466): Rate=1.00s, Limit=0.000s, Conversion=0.0014s, RTAB-Map=0.2767s, Maps update=0.0003s pub=0.0001s (local map=230, WM=230)[0m
[0m[ INFO] [1790472824.364039526, 1790470752.383356610]: rtabmap (467): Rate=1.00s, Limit=0.000s, Conversion=0.0015s, RTAB-Map=0.2740s, Maps update=0.0003s pub=0.0001s (local map=230, WM=230)[0m
[0m[ INFO] [1790472825.433161557, 1790470753.455563186]: rtabmap (468): Rate=1.00s, Limit=0.000s, Conversion=0.0009s, RTAB-Map=0.2450s, Maps update=0.0003s pub=0.0001s (local map=230, WM=230)[0m
[0m[ INFO] [1790472826.456316628, 1790470754.474145344]: rtabmap (469): Rate=1.00s, Limit=0.000s, Conversion=0.0014s, RTAB-Map=0.2684s, Maps update=0.0002s pub=0.0001s (local map=231, WM=231)[0m
[0m[ INFO] [1790472827.460236739, 1790470755.482345181]: rtabmap (470): Rate=1.00s, Limit=0.000s, Conversion=0.0014s, RTAB-Map=0.2758s, Maps update=0.0002s pub=0.0001s (local map=232, WM=232)[0m
[0m[ INFO] [1790472828.554594369, 1790470756.580159265]: rtabmap (471): Rate=1.00s, Limit=0.000s, Conversion=0.0010s, RTAB-Map=0.2725s, Maps update=0.0002s pub=0.0001s (local map=233, WM=233)[0m
[0m[ INFO] [1790472829.547247062, 1790470757.572865238]: rtabmap (472): Rate=1.00s, Limit=0.000s, Conversion=0.0013s, RTAB-Map=0.2634s, Maps update=0.0003s pub=0.0001s (local map=234, WM=234)[0m
[0m[ INFO] [1790472830.678426210, 1790470758.695414085]: rtabmap (473): Rate=1.00s, Limit=0.000s, Conversion=0.0015s, RTAB-Map=0.2744s, Maps update=0.0004s pub=0.0001s (local map=234, WM=234)[0m
[0m[ INFO] [1790472831.746882024, 1790470759.767666644]: rtabmap (474): Rate=1.00s, Limit=0.000s, Conversion=0.0017s, RTAB-Map=0.2590s, Maps update=0.0003s pub=0.0001s (local map=234, WM=234)[0m
[0m[ INFO] [1790472832.732134253, 1790470760.754214247]: rtabmap (475): Rate=1.00s, Limit=0.000s, Conversion=0.0014s, RTAB-Map=0.2455s, Maps update=0.0004s pub=0.0001s (local map=234, WM=234)[0m
[0m[ INFO] [1790472833.847728559, 1790470761.865111383]: rtabmap (476): Rate=1.00s, Limit=0.000s, Conversion=0.0015s, RTAB-Map=0.2617s, Maps update=0.0002s pub=0.0001s (local map=235, WM=235)[0m
[0m[ INFO] [1790472834.964120698, 1790470762.981682340]: rtabmap (477): Rate=1.00s, Limit=0.000s, Conversion=0.0009s, RTAB-Map=0.2826s, Maps update=0.0002s pub=0.0001s (local map=236, WM=236)[0m
Warning: TF_REPEATED_DATA ignoring data with redundant timestamp for frame odom (parent map) at time 1790470763.242246 according to authority unknown_publisher
         at line 278 in /tmp/binarydeb/ros-noetic-tf2-0.7.7/src/buffer_core.cpp
[33m[ WARN] [1790472835.117583666, 1790470763.142245576]: TF_REPEATED_DATA ignoring data with redundant timestamp for frame odom (parent map) at time 1790470763.242246 according to authority unknown_publisher[0m
Warning: TF_REPEATED_DATA ignoring data with redundant timestamp for frame odom (parent map) at time 1790470763.242246 according to authority /rtabmap/rtabmap
         at line 278 in /tmp/binarydeb/ros-noetic-tf2-0.7.7/src/buffer_core.cpp
[33m[ WARN] [1790472839.895039712, 1790470767.917229883]: We are receiving imu data (buffer=1000), but cannot interpolate imu transform at time 1790470767.875647. IMU won't be added to graph.[0m
[0m[ INFO] [1790472835.981815069, 1790470764.000267855]: rtabmap (478): Rate=1.00s, Limit=0.000s, Conversion=0.0014s, RTAB-Map=0.2942s, Maps update=0.0003s pub=0.0001s (local map=237, WM=237)[0m
[0m[ INFO] [1790472837.067149848, 1790470765.090278013]: rtabmap (479): Rate=1.00s, Limit=0.000s, Conversion=0.0014s, RTAB-Map=0.2888s, Maps update=0.0003s pub=0.0001s (local map=238, WM=238)[0m
[0m[ INFO] [1790472838.074756621, 1790470766.096825703]: rtabmap (480): Rate=1.00s, Limit=0.000s, Conversion=0.0015s, RTAB-Map=0.2864s, Maps update=0.0003s pub=0.0001s (local map=239, WM=239)[0m
[0m[ INFO] [1790472839.070885894, 1790470767.087477957]: rtabmap (481): Rate=1.00s, Limit=0.000s, Conversion=0.0014s, RTAB-Map=0.2786s, Maps update=0.0003s pub=0.0001s (local map=240, WM=240)[0m
[33m[ WARN] (2026-09-26 21:33:59.894) Transform.cpp:557::getTransform() No transform found for stamp 1790470767.875647! Latest is 1790470767.871808[0m
[0m[ INFO] [1790472840.122503285, 1790470768.139108244]: rtabmap (482): Rate=1.00s, Limit=0.000s, Conversion=0.0013s, RTAB-Map=0.2267s, Maps update=0.0004s pub=0.0001s (local map=241, WM=241)[0m
[0m[ INFO] [1790472841.270568085, 1790470769.294075582]: rtabmap (483): Rate=1.00s, Limit=0.000s, Conversion=0.0009s, RTAB-Map=0.2632s, Maps update=0.0006s pub=0.0001s (local map=242, WM=242)[0m
[0m[ INFO] [1790472842.262987141, 1790470770.282804711]: rtabmap (484): Rate=1.00s, Limit=0.000s, Conversion=0.0014s, RTAB-Map=0.2701s, Maps update=0.0002s pub=0.0001s (local map=243, WM=243)[0m
[0m[ INFO] [1790472843.339968006, 1790470771.362649254]: rtabmap (485): Rate=1.00s, Limit=0.000s, Conversion=0.0020s, RTAB-Map=0.2591s, Maps update=0.0002s pub=0.0001s (local map=244, WM=244)[0m
[0m[ INFO] [1790472844.368248185, 1790470772.392351528]: rtabmap (486): Rate=1.00s, Limit=0.000s, Conversion=0.0021s, RTAB-Map=0.2682s, Maps update=0.0006s pub=0.0001s (local map=245, WM=245)[0m
[0m[ INFO] [1790472845.462125775, 1790470773.478665197]: rtabmap (487): Rate=1.00s, Limit=0.000s, Conversion=0.0014s, RTAB-Map=0.2646s, Maps update=0.0003s pub=0.0001s (local map=246, WM=246)[0m
[0m[ INFO] [1790472846.610972150, 1790470774.627751319]: rtabmap (488): Rate=1.00s, Limit=0.000s, Conversion=0.0021s, RTAB-Map=0.2943s, Maps update=0.0004s pub=0.0001s (local map=247, WM=247)[0m
[0m[ INFO] [1790472847.642849519, 1790470775.667270050]: rtabmap (489): Rate=1.00s, Limit=0.000s, Conversion=0.0019s, RTAB-Map=0.2527s, Maps update=0.0003s pub=0.0001s (local map=248, WM=248)[0m
[0m[ INFO] [1790472848.669221101, 1790470776.688847788]: rtabmap (490): Rate=1.00s, Limit=0.000s, Conversion=0.0028s, RTAB-Map=0.2801s, Maps update=0.0003s pub=0.0001s (local map=249, WM=249)[0m
[0m[ INFO] [1790472849.758158573, 1790470777.777874445]: rtabmap (491): Rate=1.00s, Limit=0.000s, Conversion=0.0014s, RTAB-Map=0.2708s, Maps update=0.0003s pub=0.0001s (local map=250, WM=250)[0m
[0m[ INFO] [1790472850.865601748, 1790470778.889501762]: rtabmap (492): Rate=1.00s, Limit=0.000s, Conversion=0.0014s, RTAB-Map=0.2737s, Maps update=0.0004s pub=0.0001s (local map=251, WM=251)[0m
[0m[ INFO] [1790472851.850266384, 1790470779.870834425]: rtabmap (493): Rate=1.00s, Limit=0.000s, Conversion=0.0021s, RTAB-Map=0.2542s, Maps update=0.0002s pub=0.0001s (local map=252, WM=252)[0m
[0m[ INFO] [1790472852.847429425, 1790470780.869428074]: rtabmap (494): Rate=1.00s, Limit=0.000s, Conversion=0.0021s, RTAB-Map=0.2646s, Maps update=0.0003s pub=0.0001s (local map=253, WM=253)[0m
Warning: TF_REPEATED_DATA ignoring data with redundant timestamp for frame odom (parent map) at time 1790470781.128505 according to authority unknown_publisher
         at line 278 in /tmp/binarydeb/ros-noetic-tf2-0.7.7/src/buffer_core.cpp
Warning: TF_REPEATED_DATA ignoring data with redundant timestamp for frame odom (parent map) at time 1790470781.128505 according to authority /rtabmap/rtabmap
         at line 278 in /tmp/binarydeb/ros-noetic-tf2-0.7.7/src/buffer_core.cpp
[33m[ WARN] [1790472853.005939679, 1790470781.028504510]: TF_REPEATED_DATA ignoring data with redundant timestamp for frame odom (parent map) at time 1790470781.128505 according to authority unknown_publisher[0m
[0m[ INFO] [1790472853.950039396, 1790470781.969492834]: rtabmap (495): Rate=1.00s, Limit=0.000s, Conversion=0.0014s, RTAB-Map=0.2623s, Maps update=0.0003s pub=0.0001s (local map=254, WM=254)[0m
[0m[ INFO] [1790472854.961935109, 1790470782.980076916]: rtabmap (496): Rate=1.00s, Limit=0.000s, Conversion=0.0020s, RTAB-Map=0.2777s, Maps update=0.0003s pub=0.0001s (local map=255, WM=255)[0m
[0m[ INFO] [1790472855.991809735, 1790470784.012348880]: rtabmap (497): Rate=1.00s, Limit=0.000s, Conversion=0.0025s, RTAB-Map=0.2848s, Maps update=0.0005s pub=0.0001s (local map=256, WM=256)[0m
[0m[ INFO] [1790472857.026493501, 1790470785.042574230]: rtabmap (498): Rate=1.00s, Limit=0.000s, Conversion=0.0014s, RTAB-Map=0.2511s, Maps update=0.0003s pub=0.0001s (local map=257, WM=257)[0m
[0m[ INFO] [1790472858.039245574, 1790470786.064326432]: rtabmap (499): Rate=1.00s, Limit=0.000s, Conversion=0.0020s, RTAB-Map=0.2610s, Maps update=0.0003s pub=0.0001s (local map=258, WM=258)[0m
[0m[ INFO] [1790472859.143917966, 1790470787.167407479]: rtabmap (500): Rate=1.00s, Limit=0.000s, Conversion=0.0014s, RTAB-Map=0.2666s, Maps update=0.0002s pub=0.0001s (local map=259, WM=259)[0m
[0m[ INFO] [1790472860.142238971, 1790470788.167004402]: rtabmap (501): Rate=1.00s, Limit=0.000s, Conversion=0.0015s, RTAB-Map=0.2534s, Maps update=0.0003s pub=0.0001s (local map=260, WM=260)[0m
[0m[ INFO] [1790472861.156997561, 1790470789.179505240]: rtabmap (502): Rate=1.00s, Limit=0.000s, Conversion=0.0021s, RTAB-Map=0.2647s, Maps update=0.0003s pub=0.0001s (local map=261, WM=261)[0m
[0m[ INFO] [1790472862.236143374, 1790470790.252755949]: rtabmap (503): Rate=1.00s, Limit=0.000s, Conversion=0.0014s, RTAB-Map=0.2512s, Maps update=0.0002s pub=0.0001s (local map=262, WM=262)[0m
[0m[ INFO] [1790472863.265021508, 1790470791.282993169]: rtabmap (504): Rate=1.00s, Limit=0.000s, Conversion=0.0019s, RTAB-Map=0.2648s, Maps update=0.0004s pub=0.0001s (local map=263, WM=263)[0m
[0m[ INFO] [1790472864.343278446, 1790470792.362569706]: rtabmap (505): Rate=1.00s, Limit=0.000s, Conversion=0.0009s, RTAB-Map=0.2496s, Maps update=0.0002s pub=0.0001s (local map=264, WM=264)[0m
[0m[ INFO] [1790472865.487952613, 1790470793.506339063]: rtabmap (506): Rate=1.00s, Limit=0.000s, Conversion=0.0020s, RTAB-Map=0.2837s, Maps update=0.0004s pub=0.0001s (local map=265, WM=265)[0m
[0m[ INFO] [1790472866.583067652, 1790470794.605236447]: rtabmap (507): Rate=1.00s, Limit=0.000s, Conversion=0.0021s, RTAB-Map=0.2871s, Maps update=0.0002s pub=0.0001s (local map=266, WM=266)[0m
[0m[ INFO] [1790472867.554315084, 1790470795.574017325]: rtabmap (508): Rate=1.00s, Limit=0.000s, Conversion=0.0017s, RTAB-Map=0.2544s, Maps update=0.0002s pub=0.0001s (local map=267, WM=267)[0m
[0m[ INFO] [1790472868.578878387, 1790470796.595659508]: rtabmap (509): Rate=1.00s, Limit=0.000s, Conversion=0.0021s, RTAB-Map=0.2751s, Maps update=0.0004s pub=0.0001s (local map=268, WM=268)[0m
[0m[ INFO] [1790472869.654840004, 1790470797.674801223]: rtabmap (510): Rate=1.00s, Limit=0.000s, Conversion=0.0021s, RTAB-Map=0.2616s, Maps update=0.0003s pub=0.0001s (local map=269, WM=269)[0m
[0m[ INFO] [1790472870.768819054, 1790470798.790948169]: rtabmap (511): Rate=1.00s, Limit=0.000s, Conversion=0.0020s, RTAB-Map=0.2720s, Maps update=0.0003s pub=0.0001s (local map=270, WM=270)[0m
Warning: TF_REPEATED_DATA ignoring data with redundant timestamp for frame odom (parent map) at time 1790470799.043363 according to authority unknown_publisher
         at line 278 in /tmp/binarydeb/ros-noetic-tf2-0.7.7/src/buffer_core.cpp
Warning: [33m[ WARN] [1790472870.919142755, 1790470798.943363252]: TF_REPEATED_DATA ignoring data with redundant timestamp for frame odom (parent map) at time 1790470799.043363 according to authority unknown_publisher[0m
TF_REPEATED_DATA ignoring data with redundant timestamp for frame odom (parent map) at time 1790470799.043363 according to authority /rtabmap/rtabmap
         at line 278 in /tmp/binarydeb/ros-noetic-tf2-0.7.7/src/buffer_core.cpp
[0m[ INFO] [1790472871.756963404, 1790470799.775185116]: rtabmap (512): Rate=1.00s, Limit=0.000s, Conversion=0.0010s, RTAB-Map=0.2657s, Maps update=0.0003s pub=0.0001s (local map=271, WM=271)[0m
[0m[ INFO] [1790472872.888586612, 1790470800.907542028]: rtabmap (513): Rate=1.00s, Limit=0.000s, Conversion=0.0021s, RTAB-Map=0.2938s, Maps update=0.0003s pub=0.0001s (local map=272, WM=272)[0m
[0m[ INFO] [1790472873.948096275, 1790470801.968889855]: rtabmap (514): Rate=1.00s, Limit=0.000s, Conversion=0.0014s, RTAB-Map=0.2668s, Maps update=0.0003s pub=0.0001s (local map=273, WM=273)[0m
[0m[ INFO] [1790472875.056611681, 1790470803.080980372]: rtabmap (515): Rate=1.00s, Limit=0.000s, Conversion=0.0027s, RTAB-Map=0.2579s, Maps update=0.0003s pub=0.0001s (local map=274, WM=274)[0m
[0m[ INFO] [1790472876.070432435, 1790470804.090873147]: rtabmap (516): Rate=1.00s, Limit=0.000s, Conversion=0.0028s, RTAB-Map=0.2801s, Maps update=0.0003s pub=0.0002s (local map=275, WM=275)[0m
[0m[ INFO] [1790472877.165369807, 1790470805.185286418]: rtabmap (517): Rate=1.00s, Limit=0.000s, Conversion=0.0022s, RTAB-Map=0.2638s, Maps update=0.0002s pub=0.0001s (local map=276, WM=276)[0m
[0m[ INFO] [1790472878.269722416, 1790470806.289235759]: rtabmap (518): Rate=1.00s, Limit=0.000s, Conversion=0.0020s, RTAB-Map=0.2660s, Maps update=0.0003s pub=0.0001s (local map=277, WM=277)[0m
[0m[ INFO] [1790472879.239110243, 1790470807.257647478]: rtabmap (519): Rate=1.00s, Limit=0.000s, Conversion=0.0014s, RTAB-Map=0.2562s, Maps update=0.0002s pub=0.0001s (local map=278, WM=278)[0m
[0m[ INFO] [1790472880.347117547, 1790470808.369100484]: rtabmap (520): Rate=1.00s, Limit=0.000s, Conversion=0.0019s, RTAB-Map=0.2636s, Maps update=0.0003s pub=0.0001s (local map=279, WM=279)[0m
[0m[ INFO] [1790472881.363554264, 1790470809.389372474]: rtabmap (521): Rate=1.00s, Limit=0.000s, Conversion=0.0014s, RTAB-Map=0.2845s, Maps update=0.0003s pub=0.0001s (local map=280, WM=280)[0m
[0m[ INFO] [1790472882.348302575, 1790470810.368366483]: rtabmap (522): Rate=1.00s, Limit=0.000s, Conversion=0.0013s, RTAB-Map=0.2638s, Maps update=0.0003s pub=0.0001s (local map=281, WM=281)[0m
[0m[ INFO] [1790472883.480687966, 1790470811.502115473]: rtabmap (523): Rate=1.00s, Limit=0.000s, Conversion=0.0021s, RTAB-Map=0.2952s, Maps update=0.0004s pub=0.0001s (local map=282, WM=282)[0m
[0m[ INFO] [1790472884.469315582, 1790470812.487282188]: rtabmap (524): Rate=1.00s, Limit=0.000s, Conversion=0.0014s, RTAB-Map=0.2846s, Maps update=0.0003s pub=0.0001s (local map=283, WM=283)[0m
[0m[ INFO] [1790472885.576580670, 1790470813.599258334]: rtabmap (525): Rate=1.00s, Limit=0.000s, Conversion=0.0014s, RTAB-Map=0.2943s, Maps update=0.0003s pub=0.0001s (local map=284, WM=284)[0m
[0m[ INFO] [1790472886.612857536, 1790470814.634198034]: rtabmap (526): Rate=1.00s, Limit=0.000s, Conversion=0.0018s, RTAB-Map=0.3047s, Maps update=0.0003s pub=0.0001s (local map=285, WM=285)[0m
[0m[ INFO] [1790472887.692026224, 1790470815.714571023]: rtabmap (527): Rate=1.00s, Limit=0.000s, Conversion=0.0014s, RTAB-Map=0.3081s, Maps update=0.0003s pub=0.0001s (local map=286, WM=286)[0m
[0m[ INFO] [1790472888.693190615, 1790470816.713290172]: rtabmap (528): Rate=1.00s, Limit=0.000s, Conversion=0.0015s, RTAB-Map=0.3100s, Maps update=0.0004s pub=0.0001s (local map=287, WM=287)[0m
Warning: TF_REPEATED_DATA ignoring data with redundant timestamp for frame odom (parent map) at time 1790470816.974732 according to authority unknown_publisher
         at line 278 in /tmp/binarydeb/ros-noetic-tf2-0.7.7/src/buffer_core.cpp
[33m[ WARN] [1790472888.851261727, 1790470816.874732296]: TF_REPEATED_DATA ignoring data with redundant timestamp for frame odom (parent map) at time 1790470816.974732 according to authority unknown_publisher[0m
Warning: TF_REPEATED_DATA ignoring data with redundant timestamp for frame odom (parent map) at time 1790470816.974732 according to authority /rtabmap/rtabmap
         at line 278 in /tmp/binarydeb/ros-noetic-tf2-0.7.7/src/buffer_core.cpp
[0m[ INFO] [1790472889.784694828, 1790470817.803689253]: rtabmap (529): Rate=1.00s, Limit=0.000s, Conversion=0.0016s, RTAB-Map=0.3017s, Maps update=0.0005s pub=0.0001s (local map=287, WM=287)[0m
[0m[ INFO] [1790472890.777814652, 1790470818.795984716]: rtabmap (530): Rate=1.00s, Limit=0.000s, Conversion=0.0014s, RTAB-Map=0.2906s, Maps update=0.0003s pub=0.0001s (local map=288, WM=288)[0m
[0m[ INFO] [1790472891.895488491, 1790470819.918380909]: rtabmap (531): Rate=1.00s, Limit=0.000s, Conversion=0.0019s, RTAB-Map=0.3052s, Maps update=0.0003s pub=0.0001s (local map=289, WM=289)[0m
[0m[ INFO] [1790472892.993339907, 1790470821.009415261]: rtabmap (532): Rate=1.00s, Limit=0.000s, Conversion=0.0021s, RTAB-Map=0.3109s, Maps update=0.0004s pub=0.0001s (local map=290, WM=290)[0m
[33m[ WARN] (2026-09-26 21:34:53.859) Memory.cpp:3200::computeTransform() Missing visual features or missing raw data to compute them. Transform cannot be estimated.[0m
[33m[ WARN] (2026-09-26 21:34:53.860) Memory.cpp:3200::computeTransform() Missing visual features or missing raw data to compute them. Transform cannot be estimated.[0m
[0m[ INFO] [1790472893.995940121, 1790470822.018571321]: rtabmap (533): Rate=1.00s, Limit=0.000s, Conversion=0.0020s, RTAB-Map=0.3065s, Maps update=0.0006s pub=0.0001s (local map=291, WM=291)[0m
[33m[ WARN] (2026-09-26 21:34:54.971) Memory.cpp:3200::computeTransform() Missing visual features or missing raw data to compute them. Transform cannot be estimated.[0m
[33m[ WARN] (2026-09-26 21:34:54.971) Memory.cpp:3200::computeTransform() Missing visual features or missing raw data to compute them. Transform cannot be estimated.[0m
[0m[ INFO] [1790472895.102121835, 1790470823.120531390]: rtabmap (534): Rate=1.00s, Limit=0.000s, Conversion=0.0021s, RTAB-Map=0.3053s, Maps update=0.0003s pub=0.0001s (local map=292, WM=292)[0m
[33m[ WARN] (2026-09-26 21:34:56.064) Memory.cpp:3200::computeTransform() Missing visual features or missing raw data to compute them. Transform cannot be estimated.[0m
[33m[ WARN] (2026-09-26 21:34:56.065) Memory.cpp:3200::computeTransform() Missing visual features or missing raw data to compute them. Transform cannot be estimated.[0m
[0m[ INFO] [1790472896.196407837, 1790470824.213873573]: rtabmap (535): Rate=1.00s, Limit=0.000s, Conversion=0.0014s, RTAB-Map=0.3044s, Maps update=0.0003s pub=0.0001s (local map=293, WM=293)[0m
[33m[ WARN] (2026-09-26 21:34:57.169) Memory.cpp:3200::computeTransform() Missing visual features or missing raw data to compute them. Transform cannot be estimated.[0m
[33m[ WARN] (2026-09-26 21:34:57.169) Memory.cpp:3200::computeTransform() Missing visual features or missing raw data to compute them. Transform cannot be estimated.[0m
[0m[ INFO] [1790472897.327090743, 1790470825.347347773]: rtabmap (536): Rate=1.00s, Limit=0.000s, Conversion=0.0021s, RTAB-Map=0.3398s, Maps update=0.0003s pub=0.0001s (local map=294, WM=294)[0m
[33m[ WARN] (2026-09-26 21:34:58.237) Memory.cpp:3200::computeTransform() Missing visual features or missing raw data to compute them. Transform cannot be estimated.[0m
[33m[ WARN] (2026-09-26 21:34:58.238) Memory.cpp:3200::computeTransform() Missing visual features or missing raw data to compute them. Transform cannot be estimated.[0m
[0m[ INFO] [1790472898.372514713, 1790470826.388874550]: rtabmap (537): Rate=1.00s, Limit=0.000s, Conversion=0.0010s, RTAB-Map=0.2945s, Maps update=0.0006s pub=0.0001s (local map=294, WM=294)[0m
[33m[ WARN] (2026-09-26 21:34:59.376) Memory.cpp:3200::computeTransform() Missing visual features or missing raw data to compute them. Transform cannot be estimated.[0m
[33m[ WARN] (2026-09-26 21:34:59.376) Memory.cpp:3200::computeTransform() Missing visual features or missing raw data to compute them. Transform cannot be estimated.[0m
[0m[ INFO] [1790472899.505369386, 1790470827.530522213]: rtabmap (538): Rate=1.00s, Limit=0.000s, Conversion=0.0015s, RTAB-Map=0.3144s, Maps update=0.0003s pub=0.0002s (local map=294, WM=294)[0m
[33m[ WARN] (2026-09-26 21:35:00.369) Memory.cpp:3200::computeTransform() Missing visual features or missing raw data to compute them. Transform cannot be estimated.[0m
[33m[ WARN] (2026-09-26 21:35:00.369) Memory.cpp:3200::computeTransform() Missing visual features or missing raw data to compute them. Transform cannot be estimated.[0m
[0m[ INFO] [1790472900.501665563, 1790470828.520340432]: rtabmap (539): Rate=1.00s, Limit=0.000s, Conversion=0.0014s, RTAB-Map=0.3208s, Maps update=0.0007s pub=0.0001s (local map=294, WM=294)[0m
[33m[ WARN] (2026-09-26 21:35:01.456) Memory.cpp:3200::computeTransform() Missing visual features or missing raw data to compute them. Transform cannot be estimated.[0m
[33m[ WARN] (2026-09-26 21:35:01.457) Memory.cpp:3200::computeTransform() Missing visual features or missing raw data to compute them. Transform cannot be estimated.[0m
[0m[ INFO] [1790472901.579706076, 1790470829.601908312]: rtabmap (540): Rate=1.00s, Limit=0.000s, Conversion=0.0014s, RTAB-Map=0.2918s, Maps update=0.0003s pub=0.0001s (local map=295, WM=295)[0m
[33m[ WARN] (2026-09-26 21:35:02.539) Memory.cpp:3200::computeTransform() Missing visual features or missing raw data to compute them. Transform cannot be estimated.[0m
[33m[ WARN] (2026-09-26 21:35:02.539) Memory.cpp:3200::computeTransform() Missing visual features or missing raw data to compute them. Transform cannot be estimated.[0m
[0m[ INFO] [1790472902.654278009, 1790470830.671626912]: rtabmap (541): Rate=1.00s, Limit=0.000s, Conversion=0.0014s, RTAB-Map=0.2692s, Maps update=0.0002s pub=0.0001s (local map=296, WM=296)[0m
[33m[ WARN] (2026-09-26 21:35:03.639) Memory.cpp:3200::computeTransform() Missing visual features or missing raw data to compute them. Transform cannot be estimated.[0m
[33m[ WARN] (2026-09-26 21:35:03.640) Memory.cpp:3200::computeTransform() Missing visual features or missing raw data to compute them. Transform cannot be estimated.[0m
[0m[ INFO] [1790472903.748777515, 1790470831.770674083]: rtabmap (542): Rate=1.00s, Limit=0.000s, Conversion=0.0020s, RTAB-Map=0.2596s, Maps update=0.0003s pub=0.0001s (local map=297, WM=297)[0m
[33m[ WARN] (2026-09-26 21:35:04.750) Memory.cpp:3200::computeTransform() Missing visual features or missing raw data to compute them. Transform cannot be estimated.[0m
[33m[ WARN] (2026-09-26 21:35:04.750) Memory.cpp:3200::computeTransform() Missing visual features or missing raw data to compute them. Transform cannot be estimated.[0m
[0m[ INFO] [1790472904.861789637, 1790470832.885842996]: rtabmap (543): Rate=1.00s, Limit=0.000s, Conversion=0.0021s, RTAB-Map=0.2758s, Maps update=0.0004s pub=0.0001s (local map=298, WM=298)[0m
[33m[ WARN] (2026-09-26 21:35:05.851) Memory.cpp:3200::computeTransform() Missing visual features or missing raw data to compute them. Transform cannot be estimated.[0m
[33m[ WARN] (2026-09-26 21:35:05.851) Memory.cpp:3200::computeTransform() Missing visual features or missing raw data to compute them. Transform cannot be estimated.[0m
[0m[ INFO] [1790472905.968321369, 1790470833.988251548]: rtabmap (544): Rate=1.00s, Limit=0.000s, Conversion=0.0021s, RTAB-Map=0.2817s, Maps update=0.0005s pub=0.0001s (local map=299, WM=299)[0m
[33m[ WARN] (2026-09-26 21:35:06.968) Memory.cpp:3200::computeTransform() Missing visual features or missing raw data to compute them. Transform cannot be estimated.[0m
[33m[ WARN] (2026-09-26 21:35:06.968) Memory.cpp:3200::computeTransform() Missing visual features or missing raw data to compute them. Transform cannot be estimated.[0m
[0m[ INFO] [1790472907.083507338, 1790470835.107702907]: rtabmap (545): Rate=1.00s, Limit=0.000s, Conversion=0.0021s, RTAB-Map=0.2888s, Maps update=0.0005s pub=0.0001s (local map=300, WM=300)[0m
[33m[ WARN] (2026-09-26 21:35:08.046) Memory.cpp:3200::computeTransform() Missing visual features or missing raw data to compute them. Transform cannot be estimated.[0m
[33m[ WARN] (2026-09-26 21:35:08.047) Memory.cpp:3200::computeTransform() Missing visual features or missing raw data to compute them. Transform cannot be estimated.[0m
[0m[ INFO] [1790472908.163635201, 1790470836.181204234]: rtabmap (546): Rate=1.00s, Limit=0.000s, Conversion=0.0014s, RTAB-Map=0.2716s, Maps update=0.0004s pub=0.0001s (local map=301, WM=301)[0m
[33m[ WARN] (2026-09-26 21:35:09.045) Memory.cpp:3200::computeTransform() Missing visual features or missing raw data to compute them. Transform cannot be estimated.[0m
[33m[ WARN] (2026-09-26 21:35:09.045) Memory.cpp:3200::computeTransform() Missing visual features or missing raw data to compute them. Transform cannot be estimated.[0m
[0m[ INFO] [1790472909.175947005, 1790470837.191719283]: rtabmap (547): Rate=1.00s, Limit=0.000s, Conversion=0.0022s, RTAB-Map=0.2821s, Maps update=0.0004s pub=0.0001s (local map=302, WM=302)[0m
[33m[ WARN] (2026-09-26 21:35:10.045) Memory.cpp:3200::computeTransform() Missing visual features or missing raw data to compute them. Transform cannot be estimated.[0m
[33m[ WARN] (2026-09-26 21:35:10.045) Memory.cpp:3200::computeTransform() Missing visual features or missing raw data to compute them. Transform cannot be estimated.[0m
[0m[ INFO] [1790472910.149984189, 1790470838.173652680]: rtabmap (548): Rate=1.00s, Limit=0.000s, Conversion=0.0015s, RTAB-Map=0.2654s, Maps update=0.0006s pub=0.0001s (local map=303, WM=303)[0m
Warning: TF_REPEATED_DATA ignoring data with redundant timestamp for frame odom (parent map) at time 1790470838.425095 according to authority unknown_publisher
         at line 278 in /tmp/binarydeb/ros-noetic-tf2-0.7.7/src/buffer_core.cpp
[33m[ WARN] [1790472910.301971170, 1790470838.325094536]: TF_REPEATED_DATA ignoring data with redundant timestamp for frame odom (parent map) at time 1790470838.425095 according to authority unknown_publisher[0m
Warning: TF_REPEATED_DATA ignoring data with redundant timestamp for frame odom (parent map) at time 1790470838.425095 according to authority /rtabmap/rtabmap
         at line 278 in /tmp/binarydeb/ros-noetic-tf2-0.7.7/src/buffer_core.cpp
[33m[ WARN] (2026-09-26 21:35:11.139) Memory.cpp:3200::computeTransform() Missing visual features or missing raw data to compute them. Transform cannot be estimated.[0m
[33m[ WARN] (2026-09-26 21:35:11.139) Memory.cpp:3200::computeTransform() Missing visual features or missing raw data to compute them. Transform cannot be estimated.[0m
[0m[ INFO] [1790472911.240701381, 1790470839.258753012]: rtabmap (549): Rate=1.00s, Limit=0.000s, Conversion=0.0015s, RTAB-Map=0.2527s, Maps update=0.0003s pub=0.0001s (local map=304, WM=304)[0m
[33m[ WARN] (2026-09-26 21:35:12.128) Memory.cpp:3200::computeTransform() Missing visual features or missing raw data to compute them. Transform cannot be estimated.[0m
[33m[ WARN] (2026-09-26 21:35:12.129) Memory.cpp:3200::computeTransform() Missing visual features or missing raw data to compute them. Transform cannot be estimated.[0m
[0m[ INFO] [1790472912.232093375, 1790470840.248837152]: rtabmap (550): Rate=1.00s, Limit=0.000s, Conversion=0.0015s, RTAB-Map=0.2537s, Maps update=0.0003s pub=0.0001s (local map=305, WM=305)[0m
[33m[ WARN] (2026-09-26 21:35:13.226) Memory.cpp:3200::computeTransform() Missing visual features or missing raw data to compute them. Transform cannot be estimated.[0m
[33m[ WARN] (2026-09-26 21:35:13.227) Memory.cpp:3200::computeTransform() Missing visual features or missing raw data to compute them. Transform cannot be estimated.[0m
[0m[ INFO] [1790472913.338269774, 1790470841.360305800]: rtabmap (551): Rate=1.00s, Limit=0.000s, Conversion=0.0014s, RTAB-Map=0.2671s, Maps update=0.0005s pub=0.0001s (local map=306, WM=306)[0m
[33m[ WARN] (2026-09-26 21:35:14.277) Memory.cpp:3200::computeTransform() Missing visual features or missing raw data to compute them. Transform cannot be estimated.[0m
[33m[ WARN] (2026-09-26 21:35:14.277) Memory.cpp:3200::computeTransform() Missing visual features or missing raw data to compute them. Transform cannot be estimated.[0m
[0m[ INFO] [1790472914.425674931, 1790470842.449958596]: rtabmap (552): Rate=1.00s, Limit=0.000s, Conversion=0.0022s, RTAB-Map=0.3170s, Maps update=0.0003s pub=0.0001s (local map=307, WM=307)[0m
[33m[ WARN] (2026-09-26 21:35:15.231) Memory.cpp:3200::computeTransform() Missing visual features or missing raw data to compute them. Transform cannot be estimated.[0m
[33m[ WARN] (2026-09-26 21:35:15.232) Memory.cpp:3200::computeTransform() Missing visual features or missing raw data to compute them. Transform cannot be estimated.[0m
[0m[ INFO] [1790472915.370107730, 1790470843.391572134]: rtabmap (553): Rate=1.00s, Limit=0.000s, Conversion=0.0010s, RTAB-Map=0.2878s, Maps update=0.0003s pub=0.0001s (local map=308, WM=308)[0m
[33m[ WARN] (2026-09-26 21:35:16.328) Memory.cpp:3200::computeTransform() Missing visual features or missing raw data to compute them. Transform cannot be estimated.[0m
[33m[ WARN] (2026-09-26 21:35:16.329) Memory.cpp:3200::computeTransform() Missing visual features or missing raw data to compute them. Transform cannot be estimated.[0m
[0m[ INFO] [1790472916.471781520, 1790470844.491280430]: rtabmap (554): Rate=1.00s, Limit=0.000s, Conversion=0.0014s, RTAB-Map=0.2927s, Maps update=0.0003s pub=0.0001s (local map=309, WM=309)[0m
[33m[ WARN] (2026-09-26 21:35:17.320) Memory.cpp:3200::computeTransform() Missing visual features or missing raw data to compute them. Transform cannot be estimated.[0m
[33m[ WARN] (2026-09-26 21:35:17.320) Memory.cpp:3200::computeTransform() Missing visual features or missing raw data to compute them. Transform cannot be estimated.[0m
[0m[ INFO] [1790472917.470783356, 1790470845.490536285]: rtabmap (555): Rate=1.00s, Limit=0.000s, Conversion=0.0009s, RTAB-Map=0.2982s, Maps update=0.0006s pub=0.0001s (local map=310, WM=310)[0m
[33m[ WARN] (2026-09-26 21:35:18.352) Memory.cpp:3200::computeTransform() Missing visual features or missing raw data to compute them. Transform cannot be estimated.[0m
[33m[ WARN] (2026-09-26 21:35:18.353) Memory.cpp:3200::computeTransform() Missing visual features or missing raw data to compute them. Transform cannot be estimated.[0m
[0m[ INFO] [1790472918.514692299, 1790470846.532845274]: rtabmap (556): Rate=1.00s, Limit=0.000s, Conversion=0.0014s, RTAB-Map=0.3278s, Maps update=0.0003s pub=0.0001s (local map=311, WM=311)[0m
[33m[ WARN] (2026-09-26 21:35:19.455) Memory.cpp:3200::computeTransform() Missing visual features or missing raw data to compute them. Transform cannot be estimated.[0m
[33m[ WARN] (2026-09-26 21:35:19.455) Memory.cpp:3200::computeTransform() Missing visual features or missing raw data to compute them. Transform cannot be estimated.[0m
[0m[ INFO] [1790472919.613279143, 1790470847.635403841]: rtabmap (557): Rate=1.00s, Limit=0.000s, Conversion=0.0016s, RTAB-Map=0.3264s, Maps update=0.0003s pub=0.0001s (local map=312, WM=312)[0m
[33m[ WARN] (2026-09-26 21:35:20.545) Memory.cpp:3200::computeTransform() Missing visual features or missing raw data to compute them. Transform cannot be estimated.[0m
[33m[ WARN] (2026-09-26 21:35:20.546) Memory.cpp:3200::computeTransform() Missing visual features or missing raw data to compute them. Transform cannot be estimated.[0m
[0m[ INFO] [1790472920.698310064, 1790470848.715539510]: rtabmap (558): Rate=1.00s, Limit=0.000s, Conversion=0.0014s, RTAB-Map=0.3108s, Maps update=0.0003s pub=0.0001s (local map=313, WM=313)[0m
[33m[ WARN] (2026-09-26 21:35:21.637) Memory.cpp:3200::computeTransform() Missing visual features or missing raw data to compute them. Transform cannot be estimated.[0m
[33m[ WARN] (2026-09-26 21:35:21.637) Memory.cpp:3200::computeTransform() Missing visual features or missing raw data to compute them. Transform cannot be estimated.[0m
[0m[ INFO] [1790472921.801759392, 1790470849.824825797]: rtabmap (559): Rate=1.00s, Limit=0.000s, Conversion=0.0020s, RTAB-Map=0.3182s, Maps update=0.0004s pub=0.0001s (local map=314, WM=314)[0m
[33m[ WARN] (2026-09-26 21:35:22.745) Memory.cpp:3200::computeTransform() Missing visual features or missing raw data to compute them. Transform cannot be estimated.[0m
[33m[ WARN] (2026-09-26 21:35:22.745) Memory.cpp:3200::computeTransform() Missing visual features or missing raw data to compute them. Transform cannot be estimated.[0m
[0m[ INFO] [1790472922.893439249, 1790470850.915160104]: rtabmap (560): Rate=1.00s, Limit=0.000s, Conversion=0.0014s, RTAB-Map=0.2970s, Maps update=0.0003s pub=0.0001s (local map=315, WM=315)[0m
[33m[ WARN] (2026-09-26 21:35:23.742) Memory.cpp:3200::computeTransform() Missing visual features or missing raw data to compute them. Transform cannot be estimated.[0m
[33m[ WARN] (2026-09-26 21:35:23.742) Memory.cpp:3200::computeTransform() Missing visual features or missing raw data to compute them. Transform cannot be estimated.[0m
[0m[ INFO] [1790472923.890913355, 1790470851.907981839]: rtabmap (561): Rate=1.00s, Limit=0.000s, Conversion=0.0019s, RTAB-Map=0.3032s, Maps update=0.0003s pub=0.0001s (local map=316, WM=316)[0m
[33m[ WARN] (2026-09-26 21:35:24.854) Memory.cpp:3200::computeTransform() Missing visual features or missing raw data to compute them. Transform cannot be estimated.[0m
[0m[ INFO] [1790472924.979657372, 1790470852.997517609]: rtabmap (562): Rate=1.00s, Limit=0.000s, Conversion=0.0022s, RTAB-Map=0.2908s, Maps update=0.0003s pub=0.0001s (local map=317, WM=317)[0m
[33m[ WARN] (2026-09-26 21:35:25.828) Memory.cpp:3200::computeTransform() Missing visual features or missing raw data to compute them. Transform cannot be estimated.[0m
[0m[ INFO] [1790472925.941706616, 1790470853.965718631]: rtabmap (563): Rate=1.00s, Limit=0.000s, Conversion=0.0009s, RTAB-Map=0.2626s, Maps update=0.0004s pub=0.0001s (local map=318, WM=318)[0m
[33m[ WARN] (2026-09-26 21:35:26.870) Memory.cpp:3200::computeTransform() Missing visual features or missing raw data to compute them. Transform cannot be estimated.[0m
[0m[ INFO] [1790472926.982583333, 1790470854.998486685]: rtabmap (564): Rate=1.00s, Limit=0.000s, Conversion=0.0015s, RTAB-Map=0.2827s, Maps update=0.0004s pub=0.0001s (local map=319, WM=319)[0m
[33m[ WARN] (2026-09-26 21:35:27.961) Memory.cpp:3200::computeTransform() Missing visual features or missing raw data to compute them. Transform cannot be estimated.[0m
[0m[ INFO] [1790472928.075011518, 1790470856.099885942]: rtabmap (565): Rate=1.00s, Limit=0.000s, Conversion=0.0021s, RTAB-Map=0.2806s, Maps update=0.0004s pub=0.0001s (local map=320, WM=320)[0m
Warning: TF_REPEATED_DATA ignoring data with redundant timestamp for frame odom (parent map) at time 1790470856.497887 according to authority unknown_publisher
         at line 278 in /tmp/binarydeb/ros-noetic-tf2-0.7.7/src/buffer_core.cpp
Warning: TF_REPEATED_DATA ignoring data with redundant timestamp for frame odom (parent map) at time 1790470856.497887 according to authority /rtabmap/rtabmap
         at line 278 in /tmp/binarydeb/ros-noetic-tf2-0.7.7/src/buffer_core.cpp
[33m[ WARN] [1790472928.374974717, 1790470856.397886976]: TF_REPEATED_DATA ignoring data with redundant timestamp for frame odom (parent map) at time 1790470856.497887 according to authority unknown_publisher[0m
[33m[ WARN] (2026-09-26 21:35:28.962) Memory.cpp:3200::computeTransform() Missing visual features or missing raw data to compute them. Transform cannot be estimated.[0m
[0m[ INFO] [1790472929.080564686, 1790470857.104669502]: rtabmap (566): Rate=1.00s, Limit=0.000s, Conversion=0.0020s, RTAB-Map=0.2837s, Maps update=0.0004s pub=0.0001s (local map=321, WM=321)[0m
[33m[ WARN] (2026-09-26 21:35:30.067) Memory.cpp:3200::computeTransform() Missing visual features or missing raw data to compute them. Transform cannot be estimated.[0m
[0m[ INFO] [1790472930.196393314, 1790470858.212972640]: rtabmap (567): Rate=1.00s, Limit=0.000s, Conversion=0.0028s, RTAB-Map=0.3010s, Maps update=0.0003s pub=0.0001s (local map=322, WM=322)[0m
[33m[ WARN] (2026-09-26 21:35:31.051) Memory.cpp:3200::computeTransform() Missing visual features or missing raw data to compute them. Transform cannot be estimated.[0m
[0m[ INFO] [1790472931.159386087, 1790470859.182036967]: rtabmap (568): Rate=1.00s, Limit=0.000s, Conversion=0.0021s, RTAB-Map=0.2662s, Maps update=0.0003s pub=0.0001s (local map=323, WM=323)[0m
[33m[ WARN] (2026-09-26 21:35:32.141) Memory.cpp:3200::computeTransform() Missing visual features or missing raw data to compute them. Transform cannot be estimated.[0m
[0m[ INFO] [1790472932.251367610, 1790470860.275854894]: rtabmap (569): Rate=1.00s, Limit=0.000s, Conversion=0.0014s, RTAB-Map=0.2629s, Maps update=0.0004s pub=0.0001s (local map=324, WM=324)[0m
[33m[ WARN] (2026-09-26 21:35:33.276) Memory.cpp:3200::computeTransform() Missing visual features or missing raw data to compute them. Transform cannot be estimated.[0m
[0m[ INFO] [1790472933.391825942, 1790470861.412480353]: rtabmap (570): Rate=1.00s, Limit=0.000s, Conversion=0.0020s, RTAB-Map=0.2901s, Maps update=0.0003s pub=0.0001s (local map=325, WM=325)[0m
[33m[ WARN] (2026-09-26 21:35:34.355) Memory.cpp:3200::computeTransform() Missing visual features or missing raw data to compute them. Transform cannot be estimated.[0m
[0m[ INFO] [1790472934.472642609, 1790470862.493932450]: rtabmap (571): Rate=1.00s, Limit=0.000s, Conversion=0.0020s, RTAB-Map=0.2865s, Maps update=0.0003s pub=0.0001s (local map=326, WM=326)[0m
[33m[ WARN] (2026-09-26 21:35:35.353) Memory.cpp:3200::computeTransform() Missing visual features or missing raw data to compute them. Transform cannot be estimated.[0m
[0m[ INFO] [1790472935.488350925, 1790470863.505641524]: rtabmap (572): Rate=1.00s, Limit=0.000s, Conversion=0.0014s, RTAB-Map=0.2985s, Maps update=0.0003s pub=0.0001s (local map=327, WM=327)[0m
[33m[ WARN] (2026-09-26 21:35:36.357) Memory.cpp:3200::computeTransform() Missing visual features or missing raw data to compute them. Transform cannot be estimated.[0m
[0m[ INFO] [1790472936.498027913, 1790470864.515084813]: rtabmap (573): Rate=1.00s, Limit=0.000s, Conversion=0.0020s, RTAB-Map=0.3147s, Maps update=0.0003s pub=0.0001s (local map=328, WM=328)[0m
[33m[ WARN] (2026-09-26 21:35:37.445) Memory.cpp:3200::computeTransform() Missing visual features or missing raw data to compute them. Transform cannot be estimated.[0m
[0m[ INFO] [1790472937.572394909, 1790470865.594683577]: rtabmap (574): Rate=1.00s, Limit=0.000s, Conversion=0.0016s, RTAB-Map=0.2944s, Maps update=0.0004s pub=0.0001s (local map=329, WM=329)[0m
[33m[ WARN] (2026-09-26 21:35:38.555) Memory.cpp:3200::computeTransform() Missing visual features or missing raw data to compute them. Transform cannot be estimated.[0m
[0m[ INFO] [1790472938.669860233, 1790470866.686773452]: rtabmap (575): Rate=1.00s, Limit=0.000s, Conversion=0.0014s, RTAB-Map=0.2841s, Maps update=0.0003s pub=0.0001s (local map=330, WM=330)[0m
[33m[ WARN] (2026-09-26 21:35:39.548) Memory.cpp:3200::computeTransform() Missing visual features or missing raw data to compute them. Transform cannot be estimated.[0m
[0m[ INFO] [1790472939.663001458, 1790470867.679484368]: rtabmap (576): Rate=1.00s, Limit=0.000s, Conversion=0.0015s, RTAB-Map=0.2807s, Maps update=0.0003s pub=0.0001s (local map=331, WM=331)[0m
[33m[ WARN] (2026-09-26 21:35:40.646) Memory.cpp:3200::computeTransform() Missing visual features or missing raw data to compute them. Transform cannot be estimated.[0m
[0m[ INFO] [1790472940.761695756, 1790470868.782294646]: rtabmap (577): Rate=1.00s, Limit=0.000s, Conversion=0.0015s, RTAB-Map=0.2801s, Maps update=0.0003s pub=0.0001s (local map=332, WM=332)[0m
[33m[ WARN] (2026-09-26 21:35:41.651) Memory.cpp:3200::computeTransform() Missing visual features or missing raw data to compute them. Transform cannot be estimated.[0m
[0m[ INFO] [1790472941.768052963, 1790470869.793906981]: rtabmap (578): Rate=1.00s, Limit=0.000s, Conversion=0.0014s, RTAB-Map=0.2841s, Maps update=0.0004s pub=0.0001s (local map=333, WM=333)[0m
[33m[ WARN] (2026-09-26 21:35:42.655) Memory.cpp:3200::computeTransform() Missing visual features or missing raw data to compute them. Transform cannot be estimated.[0m
[0m[ INFO] [1790472942.776907732, 1790470870.794912067]: rtabmap (579): Rate=1.00s, Limit=0.000s, Conversion=0.0021s, RTAB-Map=0.2905s, Maps update=0.0003s pub=0.0001s (local map=334, WM=334)[0m
[33m[ WARN] (2026-09-26 21:35:43.754) Memory.cpp:3200::computeTransform() Missing visual features or missing raw data to compute them. Transform cannot be estimated.[0m
[0m[ INFO] [1790472943.874012028, 1790470871.895919445]: rtabmap (580): Rate=1.00s, Limit=0.000s, Conversion=0.0015s, RTAB-Map=0.2875s, Maps update=0.0005s pub=0.0001s (local map=335, WM=335)[0m
[33m[ WARN] (2026-09-26 21:35:44.831) Memory.cpp:3200::computeTransform() Missing visual features or missing raw data to compute them. Transform cannot be estimated.[0m
[0m[ INFO] [1790472944.957566098, 1790470872.974964346]: rtabmap (581): Rate=1.00s, Limit=0.000s, Conversion=0.0010s, RTAB-Map=0.2771s, Maps update=0.0004s pub=0.0001s (local map=336, WM=336)[0m
[33m[ WARN] (2026-09-26 21:35:45.829) Memory.cpp:3200::computeTransform() Missing visual features or missing raw data to compute them. Transform cannot be estimated.[0m
[0m[ INFO] [1790472945.936018812, 1790470873.959671495]: rtabmap (582): Rate=1.00s, Limit=0.000s, Conversion=0.0020s, RTAB-Map=0.2588s, Maps update=0.0003s pub=0.0001s (local map=337, WM=337)[0m
[33m[ WARN] (2026-09-26 21:35:46.945) Memory.cpp:3200::computeTransform() Missing visual features or missing raw data to compute them. Transform cannot be estimated.[0m
[0m[ INFO] [1790472947.073978555, 1790470875.092412238]: rtabmap (583): Rate=1.00s, Limit=0.000s, Conversion=0.0014s, RTAB-Map=0.2916s, Maps update=0.0007s pub=0.0001s (local map=338, WM=338)[0m
Warning: TF_REPEATED_DATA ignoring data with redundant timestamp for frame odom (parent map) at time 1790470875.348662 according to authority unknown_publisher
         at line 278 in /tmp/binarydeb/ros-noetic-tf2-0.7.7/src/buffer_core.cpp
[33m[ WARN] [1790472947.226003169, 1790470875.248662433]: TF_REPEATED_DATA ignoring data with redundant timestamp for frame odom (parent map) at time 1790470875.348662 according to authority unknown_publisher[0m
Warning: TF_REPEATED_DATA ignoring data with redundant timestamp for frame odom (parent map) at time 1790470875.348662 according to authority /rtabmap/rtabmap
         at line 278 in /tmp/binarydeb/ros-noetic-tf2-0.7.7/src/buffer_core.cpp
[33m[ WARN] (2026-09-26 21:35:47.929) Memory.cpp:3200::computeTransform() Missing visual features or missing raw data to compute them. Transform cannot be estimated.[0m
[0m[ INFO] [1790472948.060987745, 1790470876.085687031]: rtabmap (584): Rate=1.00s, Limit=0.000s, Conversion=0.0010s, RTAB-Map=0.2799s, Maps update=0.0003s pub=0.0001s (local map=339, WM=339)[0m
[33m[ WARN] (2026-09-26 21:35:49.044) Memory.cpp:3200::computeTransform() Missing visual features or missing raw data to compute them. Transform cannot be estimated.[0m
[0m[ INFO] [1790472949.165410583, 1790470877.186349797]: rtabmap (585): Rate=1.00s, Limit=0.000s, Conversion=0.0014s, RTAB-Map=0.2739s, Maps update=0.0004s pub=0.0001s (local map=340, WM=340)[0m
[33m[ WARN] (2026-09-26 21:35:50.053) Memory.cpp:3200::computeTransform() Missing visual features or missing raw data to compute them. Transform cannot be estimated.[0m
[0m[ INFO] [1790472950.163506835, 1790470878.186018130]: rtabmap (586): Rate=1.00s, Limit=0.000s, Conversion=0.0018s, RTAB-Map=0.2771s, Maps update=0.0003s pub=0.0001s (local map=341, WM=341)[0m
[33m[ WARN] (2026-09-26 21:35:51.152) Memory.cpp:3200::computeTransform() Missing visual features or missing raw data to compute them. Transform cannot be estimated.[0m
[0m[ INFO] [1790472951.273357699, 1790470879.298196027]: rtabmap (587): Rate=1.00s, Limit=0.000s, Conversion=0.0021s, RTAB-Map=0.2848s, Maps update=0.0007s pub=0.0001s (local map=342, WM=342)[0m
[33m[ WARN] (2026-09-26 21:35:52.236) Memory.cpp:3200::computeTransform() Missing visual features or missing raw data to compute them. Transform cannot be estimated.[0m
[0m[ INFO] [1790472952.355098309, 1790470880.377576163]: rtabmap (588): Rate=1.00s, Limit=0.000s, Conversion=0.0012s, RTAB-Map=0.2682s, Maps update=0.0003s pub=0.0001s (local map=343, WM=343)[0m
[33m[ WARN] (2026-09-26 21:35:53.358) Memory.cpp:3200::computeTransform() Missing visual features or missing raw data to compute them. Transform cannot be estimated.[0m
[0m[ INFO] [1790472953.475627911, 1790470881.492441832]: rtabmap (589): Rate=1.00s, Limit=0.000s, Conversion=0.0014s, RTAB-Map=0.2828s, Maps update=0.0004s pub=0.0001s (local map=344, WM=344)[0m
[33m[ WARN] (2026-09-26 21:35:54.339) Memory.cpp:3200::computeTransform() Missing visual features or missing raw data to compute them. Transform cannot be estimated.[0m
[0m[ INFO] [1790472954.449228283, 1790470882.465980156]: rtabmap (590): Rate=1.00s, Limit=0.000s, Conversion=0.0010s, RTAB-Map=0.2746s, Maps update=0.0003s pub=0.0001s (local map=345, WM=345)[0m
[33m[ WARN] (2026-09-26 21:35:55.452) Memory.cpp:3200::computeTransform() Missing visual features or missing raw data to compute them. Transform cannot be estimated.[0m
[0m[ INFO] [1790472955.584971105, 1790470883.605680109]: rtabmap (591): Rate=1.00s, Limit=0.000s, Conversion=0.0015s, RTAB-Map=0.2990s, Maps update=0.0003s pub=0.0001s (local map=346, WM=346)[0m
[33m[ WARN] (2026-09-26 21:35:56.562) Memory.cpp:3200::computeTransform() Missing visual features or missing raw data to compute them. Transform cannot be estimated.[0m
[0m[ INFO] [1790472956.698239381, 1790470884.715365210]: rtabmap (592): Rate=1.00s, Limit=0.000s, Conversion=0.0014s, RTAB-Map=0.3047s, Maps update=0.0004s pub=0.0001s (local map=347, WM=347)[0m
[33m[ WARN] (2026-09-26 21:35:57.647) Memory.cpp:3200::computeTransform() Missing visual features or missing raw data to compute them. Transform cannot be estimated.[0m
[0m[ INFO] [1790472957.771559195, 1790470885.796516980]: rtabmap (593): Rate=1.00s, Limit=0.000s, Conversion=0.0015s, RTAB-Map=0.2952s, Maps update=0.0006s pub=0.0001s (local map=348, WM=348)[0m
[33m[ WARN] (2026-09-26 21:35:58.670) Memory.cpp:3200::computeTransform() Missing visual features or missing raw data to compute them. Transform cannot be estimated.[0m
[0m[ INFO] [1790472958.789197769, 1790470886.812573041]: rtabmap (594): Rate=1.00s, Limit=0.000s, Conversion=0.0014s, RTAB-Map=0.2933s, Maps update=0.0005s pub=0.0001s (local map=349, WM=349)[0m
[33m[ WARN] (2026-09-26 21:35:59.747) Memory.cpp:3200::computeTransform() Missing visual features or missing raw data to compute them. Transform cannot be estimated.[0m
[0m[ INFO] [1790472959.876798120, 1790470887.896781355]: rtabmap (595): Rate=1.00s, Limit=0.000s, Conversion=0.0014s, RTAB-Map=0.2962s, Maps update=0.0006s pub=0.0001s (local map=350, WM=350)[0m
[33m[ WARN] (2026-09-26 21:36:00.848) Memory.cpp:3200::computeTransform() Missing visual features or missing raw data to compute them. Transform cannot be estimated.[0m
[0m[ INFO] [1790472960.991450698, 1790470889.010152063]: rtabmap (596): Rate=1.00s, Limit=0.000s, Conversion=0.0012s, RTAB-Map=0.2944s, Maps update=0.0005s pub=0.0001s (local map=351, WM=351)[0m
[33m[ WARN] (2026-09-26 21:36:01.834) Memory.cpp:3200::computeTransform() Missing visual features or missing raw data to compute them. Transform cannot be estimated.[0m
[0m[ INFO] [1790472961.952925850, 1790470889.977255661]: rtabmap (597): Rate=1.00s, Limit=0.000s, Conversion=0.0010s, RTAB-Map=0.2657s, Maps update=0.0003s pub=0.0001s (local map=352, WM=352)[0m
[33m[ WARN] (2026-09-26 21:36:02.964) Memory.cpp:3200::computeTransform() Missing visual features or missing raw data to compute them. Transform cannot be estimated.[0m
[0m[ INFO] [1790472963.087280912, 1790470891.107689688]: rtabmap (598): Rate=1.00s, Limit=0.000s, Conversion=0.0020s, RTAB-Map=0.2962s, Maps update=0.0004s pub=0.0001s (local map=353, WM=353)[0m
[33m[ WARN] (2026-09-26 21:36:04.059) Memory.cpp:3200::computeTransform() Missing visual features or missing raw data to compute them. Transform cannot be estimated.[0m
[0m[ INFO] [1790472964.178331380, 1790470892.200796018]: rtabmap (599): Rate=1.00s, Limit=0.000s, Conversion=0.0016s, RTAB-Map=0.2828s, Maps update=0.0005s pub=0.0001s (local map=354, WM=354)[0m
[33m[ WARN] (2026-09-26 21:36:05.024) Memory.cpp:3200::computeTransform() Missing visual features or missing raw data to compute them. Transform cannot be estimated.[0m
[0m[ INFO] [1790472965.139911333, 1790470893.164349592]: rtabmap (600): Rate=1.00s, Limit=0.000s, Conversion=0.0014s, RTAB-Map=0.2570s, Maps update=0.0003s pub=0.0001s (local map=355, WM=355)[0m
Warning: TF_REPEATED_DATA ignoring data with redundant timestamp for frame odom (parent map) at time 1790470893.414726 according to authority unknown_publisher
         at line 278 in /tmp/binarydeb/ros-noetic-tf2-0.7.7/src/buffer_core.cpp
Warning: TF_REPEATED_DATA ignoring data with redundant timestamp for frame odom (parent map) at time 1790470893.414726 according to authority /rtabmap/rtabmap[33m[ WARN] [1790472965.290437978, 1790470893.314725771]: TF_REPEATED_DATA ignoring data with redundant timestamp for frame odom (parent map) at time 1790470893.414726 according to authority unknown_publisher[0m

         at line 278 in /tmp/binarydeb/ros-noetic-tf2-0.7.7/src/buffer_core.cpp
[33m[ WARN] (2026-09-26 21:36:06.167) Memory.cpp:3200::computeTransform() Missing visual features or missing raw data to compute them. Transform cannot be estimated.[0m
[0m[ INFO] [1790472966.298107291, 1790470894.315721285]: rtabmap (601): Rate=1.00s, Limit=0.000s, Conversion=0.0014s, RTAB-Map=0.3020s, Maps update=0.0006s pub=0.0001s (local map=356, WM=356)[0m
[33m[ WARN] (2026-09-26 21:36:07.149) Memory.cpp:3200::computeTransform() Missing visual features or missing raw data to compute them. Transform cannot be estimated.[0m
[0m[ INFO] [1790472967.283904849, 1790470895.304945376]: rtabmap (602): Rate=1.00s, Limit=0.000s, Conversion=0.0009s, RTAB-Map=0.3043s, Maps update=0.0005s pub=0.0001s (local map=357, WM=357)[0m
[33m[ WARN] (2026-09-26 21:36:08.224) Memory.cpp:3200::computeTransform() Missing visual features or missing raw data to compute them. Transform cannot be estimated.[0m
[0m[ INFO] [1790472968.355181887, 1790470896.375037057]: rtabmap (603): Rate=1.00s, Limit=0.000s, Conversion=0.0010s, RTAB-Map=0.2761s, Maps update=0.0003s pub=0.0001s (local map=358, WM=358)[0m
[33m[ WARN] (2026-09-26 21:36:09.252) Memory.cpp:3200::computeTransform() Missing visual features or missing raw data to compute them. Transform cannot be estimated.[0m
[0m[ INFO] [1790472969.394579253, 1790470897.412724997]: rtabmap (604): Rate=1.00s, Limit=0.000s, Conversion=0.0014s, RTAB-Map=0.3116s, Maps update=0.0004s pub=0.0001s (local map=359, WM=359)[0m
[33m[ WARN] (2026-09-26 21:36:10.356) Memory.cpp:3200::computeTransform() Missing visual features or missing raw data to compute them. Transform cannot be estimated.[0m
[0m[ INFO] [1790472970.486267774, 1790470898.507072107]: rtabmap (605): Rate=1.00s, Limit=0.000s, Conversion=0.0014s, RTAB-Map=0.3022s, Maps update=0.0003s pub=0.0001s (local map=360, WM=360)[0m
[33m[ WARN] (2026-09-26 21:36:11.371) Memory.cpp:3200::computeTransform() Missing visual features or missing raw data to compute them. Transform cannot be estimated.[0m
[0m[ INFO] [1790472971.502332601, 1790470899.527589462]: rtabmap (606): Rate=1.00s, Limit=0.000s, Conversion=0.0022s, RTAB-Map=0.2896s, Maps update=0.0004s pub=0.0001s (local map=361, WM=361)[0m
[33m[ WARN] (2026-09-26 21:36:12.459) Memory.cpp:3200::computeTransform() Missing visual features or missing raw data to compute them. Transform cannot be estimated.[0m
[0m[ INFO] [1790472972.610556308, 1790470900.626618446]: rtabmap (607): Rate=1.00s, Limit=0.000s, Conversion=0.0021s, RTAB-Map=0.3260s, Maps update=0.0004s pub=0.0001s (local map=362, WM=362)[0m
[0m[ INFO] [1790472973.538194295, 1790470901.563641429]: rtabmap (608): Rate=1.00s, Limit=0.000s, Conversion=0.0015s, RTAB-Map=0.2220s, Maps update=0.0004s pub=0.0001s (local map=362, WM=362)[0m
[33m[ WARN] (2026-09-26 21:36:14.561) Memory.cpp:3200::computeTransform() Missing visual features or missing raw data to compute them. Transform cannot be estimated.[0m
[0m[ INFO] [1790472974.690467020, 1790470902.713904404]: rtabmap (609): Rate=1.00s, Limit=0.000s, Conversion=0.0015s, RTAB-Map=0.3042s, Maps update=0.0003s pub=0.0001s (local map=363, WM=363)[0m
[33m[ WARN] (2026-09-26 21:36:15.563) Memory.cpp:3200::computeTransform() Missing visual features or missing raw data to compute them. Transform cannot be estimated.[0m
[0m[ INFO] [1790472975.717487100, 1790470903.736077521]: rtabmap (610): Rate=1.00s, Limit=0.000s, Conversion=0.0013s, RTAB-Map=0.3299s, Maps update=0.0008s pub=0.0001s (local map=364, WM=364)[0m
[33m[ WARN] (2026-09-26 21:36:16.574) Memory.cpp:3200::computeTransform() Missing visual features or missing raw data to compute them. Transform cannot be estimated.[0m
[0m[ INFO] [1790472976.705813324, 1790470904.721399424]: rtabmap (611): Rate=1.00s, Limit=0.000s, Conversion=0.0018s, RTAB-Map=0.3093s, Maps update=0.0006s pub=0.0001s (local map=365, WM=365)[0m
[33m[ WARN] (2026-09-26 21:36:17.682) Memory.cpp:3200::computeTransform() Missing visual features or missing raw data to compute them. Transform cannot be estimated.[0m
[0m[ INFO] [1790472977.849836743, 1790470905.869305989]: rtabmap (612): Rate=1.00s, Limit=0.000s, Conversion=0.0013s, RTAB-Map=0.3380s, Maps update=0.0005s pub=0.0001s (local map=366, WM=366)[0m
[0m[ INFO] [1790472978.804740463, 1790470906.821313037]: rtabmap (613): Rate=1.00s, Limit=0.000s, Conversion=0.0014s, RTAB-Map=0.2199s, Maps update=0.0004s pub=0.0001s (local map=366, WM=366)[0m
[33m[ WARN] (2026-09-26 21:36:19.851) Memory.cpp:3200::computeTransform() Missing visual features or missing raw data to compute them. Transform cannot be estimated.[0m
[0m[ INFO] [1790472979.987244456, 1790470908.005039764]: rtabmap (614): Rate=1.00s, Limit=0.000s, Conversion=0.0015s, RTAB-Map=0.2974s, Maps update=0.0003s pub=0.0001s (local map=367, WM=367)[0m
[33m[ WARN] (2026-09-26 21:36:20.838) Memory.cpp:3200::computeTransform() Missing visual features or missing raw data to compute them. Transform cannot be estimated.[0m
[0m[ INFO] [1790472980.995028936, 1790470909.015823669]: rtabmap (615): Rate=1.00s, Limit=0.000s, Conversion=0.0014s, RTAB-Map=0.3108s, Maps update=0.0010s pub=0.0001s (local map=368, WM=368)[0m
[33m[ WARN] (2026-09-26 21:36:21.955) Memory.cpp:3200::computeTransform() Missing visual features or missing raw data to compute them. Transform cannot be estimated.[0m
[0m[ INFO] [1790472982.096536506, 1790470910.115409169]: rtabmap (616): Rate=1.00s, Limit=0.000s, Conversion=0.0014s, RTAB-Map=0.3176s, Maps update=0.0003s pub=0.0001s (local map=369, WM=369)[0m
[33m[ WARN] (2026-09-26 21:36:23.057) Memory.cpp:3200::computeTransform() Missing visual features or missing raw data to compute them. Transform cannot be estimated.[0m
[0m[ INFO] [1790472983.199801565, 1790470911.216085497]: rtabmap (617): Rate=1.00s, Limit=0.000s, Conversion=0.0014s, RTAB-Map=0.3079s, Maps update=0.0005s pub=0.0001s (local map=370, WM=370)[0m
Warning: TF_REPEATED_DATA ignoring data with redundant timestamp for frame odom (parent map) at time 1790470911.871325 according to authority unknown_publisher
         at line 278 in /tmp/binarydeb/ros-noetic-tf2-0.7.7/src/buffer_core.cpp
[33m[ WARN] [1790472983.750412100, 1790470911.771324594]: TF_REPEATED_DATA ignoring data with redundant timestamp for frame odom (parent map) at time 1790470911.871325 according to authority unknown_publisher[0m
Warning: TF_REPEATED_DATA ignoring data with redundant timestamp for frame odom (parent map) at time 1790470911.871325 according to authority /rtabmap/rtabmap
         at line 278 in /tmp/binarydeb/ros-noetic-tf2-0.7.7/src/buffer_core.cpp
[33m[ WARN] (2026-09-26 21:36:24.059) Memory.cpp:3200::computeTransform() Missing visual features or missing raw data to compute them. Transform cannot be estimated.[0m
[0m[ INFO] [1790472984.203892246, 1790470912.225833294]: rtabmap (618): Rate=1.00s, Limit=0.000s, Conversion=0.0016s, RTAB-Map=0.3162s, Maps update=0.0004s pub=0.0001s (local map=371, WM=371)[0m
[33m[ WARN] (2026-09-26 21:36:25.137) Memory.cpp:3200::computeTransform() Missing visual features or missing raw data to compute them. Transform cannot be estimated.[0m
[0m[ INFO] [1790472985.295646877, 1790470913.316684172]: rtabmap (619): Rate=1.00s, Limit=0.000s, Conversion=0.0010s, RTAB-Map=0.3187s, Maps update=0.0004s pub=0.0001s (local map=372, WM=372)[0m
[33m[ WARN] (2026-09-26 21:36:26.236) Memory.cpp:3200::computeTransform() Missing visual features or missing raw data to compute them. Transform cannot be estimated.[0m
[0m[ INFO] [1790472986.377255319, 1790470914.395932813]: rtabmap (620): Rate=1.00s, Limit=0.000s, Conversion=0.0009s, RTAB-Map=0.2912s, Maps update=0.0004s pub=0.0001s (local map=372, WM=372)[0m
[33m[ WARN] (2026-09-26 21:36:27.249) Memory.cpp:3200::computeTransform() Missing visual features or missing raw data to compute them. Transform cannot be estimated.[0m
[0m[ INFO] [1790472987.377224739, 1790470915.396827874]: rtabmap (621): Rate=1.00s, Limit=0.000s, Conversion=0.0010s, RTAB-Map=0.2897s, Maps update=0.0005s pub=0.0001s (local map=372, WM=372)[0m
[33m[ WARN] (2026-09-26 21:36:28.252) Memory.cpp:3200::computeTransform() Missing visual features or missing raw data to compute them. Transform cannot be estimated.[0m
[0m[ INFO] [1790472988.383340304, 1790470916.405037446]: rtabmap (622): Rate=1.00s, Limit=0.000s, Conversion=0.0009s, RTAB-Map=0.2938s, Maps update=0.0004s pub=0.0001s (local map=373, WM=373)[0m
[33m[ WARN] (2026-09-26 21:36:29.329) Memory.cpp:3200::computeTransform() Missing visual features or missing raw data to compute them. Transform cannot be estimated.[0m
[0m[ INFO] [1790472989.472834783, 1790470917.490987151]: rtabmap (623): Rate=1.00s, Limit=0.000s, Conversion=0.0009s, RTAB-Map=0.2928s, Maps update=0.0005s pub=0.0001s (local map=374, WM=374)[0m
[33m[ WARN] (2026-09-26 21:36:30.358) Memory.cpp:3200::computeTransform() Missing visual features or missing raw data to compute them. Transform cannot be estimated.[0m
[0m[ INFO] [1790472990.524521238, 1790470918.542995082]: rtabmap (624): Rate=1.00s, Limit=0.000s, Conversion=0.0010s, RTAB-Map=0.3272s, Maps update=0.0004s pub=0.0001s (local map=374, WM=374)[0m
[33m[ WARN] (2026-09-26 21:36:31.460) Memory.cpp:3200::computeTransform() Missing visual features or missing raw data to compute them. Transform cannot be estimated.[0m
[0m[ INFO] [1790472991.591756021, 1790470919.616797039]: rtabmap (625): Rate=1.00s, Limit=0.000s, Conversion=0.0014s, RTAB-Map=0.2979s, Maps update=0.0004s pub=0.0001s (local map=375, WM=375)[0m
[33m[ WARN] (2026-09-26 21:36:32.429) Memory.cpp:3200::computeTransform() Missing visual features or missing raw data to compute them. Transform cannot be estimated.[0m
[0m[ INFO] [1790472992.573614013, 1790470920.597120038]: rtabmap (626): Rate=1.00s, Limit=0.000s, Conversion=0.0009s, RTAB-Map=0.2934s, Maps update=0.0004s pub=0.0001s (local map=376, WM=376)[0m
[33m[ WARN] (2026-09-26 21:36:33.550) Memory.cpp:3200::computeTransform() Missing visual features or missing raw data to compute them. Transform cannot be estimated.[0m
[0m[ INFO] [1790472993.694699071, 1790470921.718832111]: rtabmap (627): Rate=1.00s, Limit=0.000s, Conversion=0.0020s, RTAB-Map=0.3103s, Maps update=0.0004s pub=0.0001s (local map=377, WM=377)[0m
[0m[ INFO] [1790472994.713630709, 1790470922.731347584]: rtabmap (628): Rate=1.00s, Limit=0.000s, Conversion=0.0015s, RTAB-Map=0.3324s, Maps update=0.0006s pub=0.0001s (local map=378, WM=378)[0m
[0m[ INFO] [1790472995.729943119, 1790470923.753716348]: rtabmap (629): Rate=1.00s, Limit=0.000s, Conversion=0.0014s, RTAB-Map=0.3221s, Maps update=0.0004s pub=0.0001s (local map=379, WM=379)[0m
[0m[ INFO] [1790472996.734733389, 1790470924.756773639]: rtabmap (630): Rate=1.00s, Limit=0.000s, Conversion=0.0013s, RTAB-Map=0.3496s, Maps update=0.0008s pub=0.0001s (local map=380, WM=380)[0m
[0m[ INFO] [1790472997.782631867, 1790470925.807807574]: rtabmap (631): Rate=1.00s, Limit=0.000s, Conversion=0.0009s, RTAB-Map=0.3061s, Maps update=0.0005s pub=0.0001s (local map=381, WM=381)[0m
[0m[ INFO] [1790472998.802512475, 1790470926.822047866]: rtabmap (632): Rate=1.00s, Limit=0.000s, Conversion=0.0023s, RTAB-Map=0.3096s, Maps update=0.0005s pub=0.0001s (local map=382, WM=382)[0m
[0m[ INFO] [1790472999.804107542, 1790470927.824917922]: rtabmap (633): Rate=1.00s, Limit=0.000s, Conversion=0.0020s, RTAB-Map=0.3194s, Maps update=0.0004s pub=0.0001s (local map=383, WM=383)[0m
[0m[ INFO] [1790473000.877352820, 1790470928.897061588]: rtabmap (634): Rate=1.00s, Limit=0.000s, Conversion=0.0009s, RTAB-Map=0.2931s, Maps update=0.0004s pub=0.0001s (local map=384, WM=384)[0m
[0m[ INFO] [1790473001.878115910, 1790470929.900719845]: rtabmap (635): Rate=1.00s, Limit=0.000s, Conversion=0.0013s, RTAB-Map=0.2944s, Maps update=0.0005s pub=0.0001s (local map=385, WM=385)[0m
[0m[ INFO] [1790473002.904745294, 1790470930.924418030]: rtabmap (636): Rate=1.00s, Limit=0.000s, Conversion=0.0015s, RTAB-Map=0.3123s, Maps update=0.0005s pub=0.0001s (local map=386, WM=386)[0m
Warning: TF_REPEATED_DATA ignoring data with redundant timestamp for frame odom (parent map) at time 1790470931.333639 according to authority unknown_publisher
         at line 278 in /tmp/binarydeb/ros-noetic-tf2-0.7.7/src/buffer_core.cpp
Warning: TF_REPEATED_DATA ignoring data with redundant timestamp for frame odom (parent map) at time 1790470931.333639 according to authority /rtabmap/rtabmap
         at line 278 in /tmp/binarydeb/ros-noetic-tf2-0.7.7/src/buffer_core.cpp
[33m[ WARN] [1790473003.213899629, 1790470931.233638638]: TF_REPEATED_DATA ignoring data with redundant timestamp for frame odom (parent map) at time 1790470931.333639 according to authority unknown_publisher[0m
[0m[ INFO] [1790473003.981414416, 1790470932.001065872]: rtabmap (637): Rate=1.00s, Limit=0.000s, Conversion=0.0009s, RTAB-Map=0.2900s, Maps update=0.0004s pub=0.0001s (local map=387, WM=387)[0m
[0m[ INFO] [1790473005.014374332, 1790470933.032535404]: rtabmap (638): Rate=1.00s, Limit=0.000s, Conversion=0.0014s, RTAB-Map=0.3104s, Maps update=0.0005s pub=0.0001s (local map=388, WM=388)[0m
[0m[ INFO] [1790473006.104809842, 1790470934.125593278]: rtabmap (639): Rate=1.00s, Limit=0.000s, Conversion=0.0012s, RTAB-Map=0.3090s, Maps update=0.0006s pub=0.0001s (local map=389, WM=389)[0m
[0m[ INFO] [1790473007.107708730, 1790470935.127408859]: rtabmap (640): Rate=1.00s, Limit=0.000s, Conversion=0.0014s, RTAB-Map=0.3136s, Maps update=0.0004s pub=0.0001s (local map=390, WM=390)[0m
[0m[ INFO] [1790473008.220729859, 1790470936.242183639]: rtabmap (641): Rate=1.00s, Limit=0.000s, Conversion=0.0015s, RTAB-Map=0.3302s, Maps update=0.0008s pub=0.0001s (local map=391, WM=391)[0m
[0m[ INFO] [1790473009.192381403, 1790470937.216089126]: rtabmap (642): Rate=1.00s, Limit=0.000s, Conversion=0.0010s, RTAB-Map=0.3020s, Maps update=0.0005s pub=0.0001s (local map=392, WM=392)[0m
[0m[ INFO] [1790473010.182256854, 1790470938.206252165]: rtabmap (643): Rate=1.00s, Limit=0.000s, Conversion=0.0008s, RTAB-Map=0.2869s, Maps update=0.0004s pub=0.0001s (local map=393, WM=393)[0m
[0m[ INFO] [1790473011.304063581, 1790470939.324788105]: rtabmap (644): Rate=1.00s, Limit=0.000s, Conversion=0.0015s, RTAB-Map=0.3088s, Maps update=0.0006s pub=0.0001s (local map=394, WM=394)[0m
[0m[ INFO] [1790473012.269712660, 1790470940.286932473]: rtabmap (645): Rate=1.00s, Limit=0.000s, Conversion=0.0015s, RTAB-Map=0.2899s, Maps update=0.0007s pub=0.0001s (local map=395, WM=395)[0m
[0m[ INFO] [1790473013.312736811, 1790470941.336382421]: rtabmap (646): Rate=1.00s, Limit=0.000s, Conversion=0.0021s, RTAB-Map=0.3261s, Maps update=0.0004s pub=0.0001s (local map=396, WM=396)[0m
[0m[ INFO] [1790473014.373485120, 1790470942.395072597]: rtabmap (647): Rate=1.00s, Limit=0.000s, Conversion=0.0020s, RTAB-Map=0.2893s, Maps update=0.0004s pub=0.0001s (local map=397, WM=397)[0m
[0m[ INFO] [1790473015.407851642, 1790470943.426728593]: rtabmap (648): Rate=1.00s, Limit=0.000s, Conversion=0.0015s, RTAB-Map=0.3196s, Maps update=0.0005s pub=0.0002s (local map=398, WM=398)[0m
[0m[ INFO] [1790473016.409161391, 1790470944.426575575]: rtabmap (649): Rate=1.00s, Limit=0.000s, Conversion=0.0015s, RTAB-Map=0.3216s, Maps update=0.0005s pub=0.0001s (local map=399, WM=399)[0m
[0m[ INFO] [1790473017.493490818, 1790470945.512283097]: rtabmap (650): Rate=1.00s, Limit=0.000s, Conversion=0.0015s, RTAB-Map=0.3023s, Maps update=0.0004s pub=0.0001s (local map=400, WM=400)[0m
[0m[ INFO] [1790473018.619905209, 1790470946.635928946]: rtabmap (651): Rate=1.00s, Limit=0.000s, Conversion=0.0016s, RTAB-Map=0.3119s, Maps update=0.0004s pub=0.0001s (local map=401, WM=401)[0m
[0m[ INFO] [1790473019.581010430, 1790470947.603418332]: rtabmap (652): Rate=1.00s, Limit=0.000s, Conversion=0.0016s, RTAB-Map=0.3023s, Maps update=0.0005s pub=0.0001s (local map=402, WM=402)[0m
[0m[ INFO] [1790473020.712885296, 1790470948.735113803]: rtabmap (653): Rate=1.00s, Limit=0.000s, Conversion=0.0009s, RTAB-Map=0.3337s, Maps update=0.0006s pub=0.0001s (local map=403, WM=403)[0m
Warning: TF_REPEATED_DATA ignoring data with redundant timestamp for frame odom (parent map) at time 1790470948.988686 according to authority unknown_publisher
         at line 278 in /tmp/binarydeb/ros-noetic-tf2-0.7.7/src/buffer_core.cpp
[33m[ WARN] [1790473020.864420750, 1790470948.888685632]: TF_REPEATED_DATA ignoring data with redundant timestamp for frame odom (parent map) at time 1790470948.988686 according to authority unknown_publisher[0m
Warning: TF_REPEATED_DATA ignoring data with redundant timestamp for frame odom (parent map) at time 1790470948.988686 according to authority /rtabmap/rtabmap
         at line 278 in /tmp/binarydeb/ros-noetic-tf2-0.7.7/src/buffer_core.cpp
[0m[ INFO] [1790473021.683444922, 1790470949.705014510]: rtabmap (654): Rate=1.00s, Limit=0.000s, Conversion=0.0010s, RTAB-Map=0.2990s, Maps update=0.0005s pub=0.0001s (local map=404, WM=404)[0m
[0m[ INFO] [1790473022.779872046, 1790470950.804749990]: rtabmap (655): Rate=1.00s, Limit=0.000s, Conversion=0.0021s, RTAB-Map=0.2937s, Maps update=0.0006s pub=0.0001s (local map=405, WM=405)[0m
[0m[ INFO] [1790473023.781747593, 1790470951.804970351]: rtabmap (656): Rate=1.00s, Limit=0.000s, Conversion=0.0010s, RTAB-Map=0.2991s, Maps update=0.0005s pub=0.0001s (local map=406, WM=406)[0m
[0m[ INFO] [1790473024.894313706, 1790470952.918196247]: rtabmap (657): Rate=1.00s, Limit=0.000s, Conversion=0.0022s, RTAB-Map=0.3089s, Maps update=0.0006s pub=0.0001s (local map=407, WM=407)[0m
[0m[ INFO] [1790473025.897652916, 1790470953.921031996]: rtabmap (658): Rate=1.00s, Limit=0.000s, Conversion=0.0013s, RTAB-Map=0.3148s, Maps update=0.0004s pub=0.0001s (local map=408, WM=408)[0m
[0m[ INFO] [1790473027.027355118, 1790470955.052691339]: rtabmap (659): Rate=1.00s, Limit=0.000s, Conversion=0.0014s, RTAB-Map=0.3415s, Maps update=0.0005s pub=0.0001s (local map=409, WM=409)[0m
[0m[ INFO] [1790473027.984351109, 1790470956.001405225]: rtabmap (660): Rate=1.00s, Limit=0.000s, Conversion=0.0009s, RTAB-Map=0.2952s, Maps update=0.0006s pub=0.0001s (local map=410, WM=410)[0m
[0m[ INFO] [1790473029.114675237, 1790470957.131001729]: rtabmap (661): Rate=1.00s, Limit=0.000s, Conversion=0.0010s, RTAB-Map=0.3278s, Maps update=0.0004s pub=0.0001s (local map=411, WM=411)[0m
[0m[ INFO] [1790473030.092509724, 1790470958.113431273]: rtabmap (662): Rate=1.00s, Limit=0.000s, Conversion=0.0014s, RTAB-Map=0.3101s, Maps update=0.0006s pub=0.0001s (local map=412, WM=412)[0m
[0m[ INFO] [1790473031.218329835, 1790470959.235068363]: rtabmap (663): Rate=1.00s, Limit=0.000s, Conversion=0.0016s, RTAB-Map=0.3111s, Maps update=0.0007s pub=0.0001s (local map=413, WM=413)[0m
[0m[ INFO] [1790473032.210743647, 1790470960.233895876]: rtabmap (664): Rate=1.00s, Limit=0.000s, Conversion=0.0014s, RTAB-Map=0.3193s, Maps update=0.0005s pub=0.0001s (local map=414, WM=414)[0m
[0m[ INFO] [1790473033.225156799, 1790470961.248982188]: rtabmap (665): Rate=1.00s, Limit=0.000s, Conversion=0.0009s, RTAB-Map=0.3364s, Maps update=0.0006s pub=0.0001s (local map=415, WM=415)[0m
[0m[ INFO] [1790473034.275127485, 1790470962.291158518]: rtabmap (666): Rate=1.00s, Limit=0.000s, Conversion=0.0013s, RTAB-Map=0.2967s, Maps update=0.0006s pub=0.0001s (local map=416, WM=416)[0m
[0m[ INFO] [1790473035.291970263, 1790470963.315060508]: rtabmap (667): Rate=1.00s, Limit=0.000s, Conversion=0.0021s, RTAB-Map=0.3113s, Maps update=0.0003s pub=0.0001s (local map=417, WM=417)[0m
[0m[ INFO] [1790473036.306230454, 1790470964.322841333]: rtabmap (668): Rate=1.00s, Limit=0.000s, Conversion=0.0015s, RTAB-Map=0.3271s, Maps update=0.0006s pub=0.0001s (local map=417, WM=417)[0m
[0m[ INFO] [1790473037.373016713, 1790470965.395678473]: rtabmap (669): Rate=1.00s, Limit=0.000s, Conversion=0.0015s, RTAB-Map=0.2932s, Maps update=0.0007s pub=0.0001s (local map=418, WM=418)[0m
[0m[ INFO] [1790473038.393293063, 1790470966.415419234]: rtabmap (670): Rate=1.00s, Limit=0.000s, Conversion=0.0015s, RTAB-Map=0.3080s, Maps update=0.0004s pub=0.0001s (local map=419, WM=419)[0m
[0m[ INFO] [1790473039.490031964, 1790470967.513229442]: rtabmap (671): Rate=1.00s, Limit=0.000s, Conversion=0.0015s, RTAB-Map=0.3136s, Maps update=0.0004s pub=0.0001s (local map=420, WM=420)[0m
Warning: TF_REPEATED_DATA ignoring data with redundant timestamp for frame odom (parent map) at time 1790470967.768519 according to authority unknown_publisher
         at line 278 in /tmp/binarydeb/ros-noetic-tf2-0.7.7/src/buffer_core.cpp
[33m[ WARN] [1790473039.643783154, 1790470967.668518729]: TF_REPEATED_DATA ignoring data with redundant timestamp for frame odom (parent map) at time 1790470967.768519 according to authority unknown_publisher[0m
Warning: TF_REPEATED_DATA ignoring data with redundant timestamp for frame odom (parent map) at time 1790470967.768519 according to authority /rtabmap/rtabmap
         at line 278 in /tmp/binarydeb/ros-noetic-tf2-0.7.7/src/buffer_core.cpp
[0m[ INFO] [1790473040.604542384, 1790470968.627170256]: rtabmap (672): Rate=1.00s, Limit=0.000s, Conversion=0.0014s, RTAB-Map=0.3126s, Maps update=0.0005s pub=0.0001s (local map=421, WM=421)[0m
[0m[ INFO] [1790473041.695764649, 1790470969.717891844]: rtabmap (673): Rate=1.00s, Limit=0.000s, Conversion=0.0010s, RTAB-Map=0.3091s, Maps update=0.0004s pub=0.0001s (local map=421, WM=421)[0m
[0m[ INFO] [1790473042.675413426, 1790470970.690706979]: rtabmap (674): Rate=1.00s, Limit=0.000s, Conversion=0.0009s, RTAB-Map=0.2934s, Maps update=0.0007s pub=0.0001s (local map=421, WM=421)[0m
[0m[ INFO] [1790473043.693377463, 1790470971.719150489]: rtabmap (675): Rate=1.00s, Limit=0.000s, Conversion=0.0014s, RTAB-Map=0.3096s, Maps update=0.0004s pub=0.0001s (local map=422, WM=422)[0m
[0m[ INFO] [1790473044.780149792, 1790470972.798187407]: rtabmap (676): Rate=1.00s, Limit=0.000s, Conversion=0.0010s, RTAB-Map=0.3006s, Maps update=0.0004s pub=0.0001s (local map=423, WM=423)[0m
[0m[ INFO] [1790473045.884789417, 1790470973.904456649]: rtabmap (677): Rate=1.00s, Limit=0.000s, Conversion=0.0008s, RTAB-Map=0.2963s, Maps update=0.0005s pub=0.0001s (local map=424, WM=424)[0m
[0m[ INFO] [1790473046.965318191, 1790470974.983414718]: rtabmap (678): Rate=1.00s, Limit=0.000s, Conversion=0.0009s, RTAB-Map=0.2878s, Maps update=0.0005s pub=0.0001s (local map=425, WM=425)[0m
[0m[ INFO] [1790473048.006263146, 1790470976.023565489]: rtabmap (679): Rate=1.00s, Limit=0.000s, Conversion=0.0013s, RTAB-Map=0.3086s, Maps update=0.0004s pub=0.0001s (local map=426, WM=426)[0m
[0m[ INFO] [1790473048.995914142, 1790470977.013871052]: rtabmap (680): Rate=1.00s, Limit=0.000s, Conversion=0.0010s, RTAB-Map=0.3087s, Maps update=0.0004s pub=0.0001s (local map=427, WM=427)[0m
[0m[ INFO] [1790473050.099986944, 1790470978.119210939]: rtabmap (681): Rate=1.00s, Limit=0.000s, Conversion=0.0018s, RTAB-Map=0.3171s, Maps update=0.0005s pub=0.0001s (local map=428, WM=428)[0m
[0m[ INFO] [1790473051.102142042, 1790470979.120465100]: rtabmap (682): Rate=1.00s, Limit=0.000s, Conversion=0.0009s, RTAB-Map=0.3134s, Maps update=0.0005s pub=0.0001s (local map=428, WM=428)[0m
[0m[ INFO] [1790473052.197236091, 1790470980.221971250]: rtabmap (683): Rate=1.00s, Limit=0.000s, Conversion=0.0015s, RTAB-Map=0.3103s, Maps update=0.0006s pub=0.0001s (local map=428, WM=428)[0m
[0m[ INFO] [1790473053.167234747, 1790470981.192214260]: rtabmap (684): Rate=1.00s, Limit=0.000s, Conversion=0.0014s, RTAB-Map=0.2896s, Maps update=0.0006s pub=0.0001s (local map=428, WM=428)[0m
[0m[ INFO] [1790473054.272364264, 1790470982.293372951]: rtabmap (685): Rate=1.00s, Limit=0.000s, Conversion=0.0009s, RTAB-Map=0.2889s, Maps update=0.0006s pub=0.0001s (local map=428, WM=428)[0m
[0m[ INFO] [1790473055.396176958, 1790470983.418884991]: rtabmap (686): Rate=1.00s, Limit=0.000s, Conversion=0.0016s, RTAB-Map=0.3157s, Maps update=0.0006s pub=0.0001s (local map=428, WM=428)[0m
[0m[ INFO] [1790473056.406594512, 1790470984.428235973]: rtabmap (687): Rate=1.00s, Limit=0.000s, Conversion=0.0014s, RTAB-Map=0.3251s, Maps update=0.0005s pub=0.0001s (local map=429, WM=429)[0m
[0m[ INFO] [1790473057.437653856, 1790470985.454708388]: rtabmap (688): Rate=1.00s, Limit=0.000s, Conversion=0.0025s, RTAB-Map=0.3600s, Maps update=0.0006s pub=0.0001s (local map=430, WM=430)[0m
[0m[ INFO] [1790473058.509277380, 1790470986.527898265]: rtabmap (689): Rate=1.00s, Limit=0.000s, Conversion=0.0015s, RTAB-Map=0.3173s, Maps update=0.0004s pub=0.0001s (local map=431, WM=431)[0m
[0m[ INFO] [1790473059.627892321, 1790470987.649359444]: rtabmap (690): Rate=1.00s, Limit=0.000s, Conversion=0.0015s, RTAB-Map=0.3342s, Maps update=0.0005s pub=0.0001s (local map=432, WM=432)[0m
[0m[ INFO] [1790473060.692391416, 1790470988.713049571]: rtabmap (691): Rate=1.00s, Limit=0.000s, Conversion=0.0010s, RTAB-Map=0.3172s, Maps update=0.0004s pub=0.0001s (local map=433, WM=433)[0m
[0m[ INFO] [1790473061.691862804, 1790470989.711076399]: rtabmap (692): Rate=1.00s, Limit=0.000s, Conversion=0.0009s, RTAB-Map=0.3131s, Maps update=0.0004s pub=0.0001s (local map=434, WM=434)[0m
[0m[ INFO] [1790473062.700277711, 1790470990.717674647]: rtabmap (693): Rate=1.00s, Limit=0.000s, Conversion=0.0016s, RTAB-Map=0.3169s, Maps update=0.0007s pub=0.0001s (local map=435, WM=435)[0m
[0m[ INFO] [1790473063.783957876, 1790470991.809679893]: rtabmap (694): Rate=1.00s, Limit=0.000s, Conversion=0.0011s, RTAB-Map=0.2974s, Maps update=0.0004s pub=0.0001s (local map=436, WM=436)[0m
Warning: TF_REPEATED_DATA ignoring data with redundant timestamp for frame odom (parent map) at time 1790470992.059087 according to authority unknown_publisher
         at line 278 in /tmp/binarydeb/ros-noetic-tf2-0.7.7/src/buffer_core.cpp
[33m[ WARN] [1790473063.934346661, 1790470991.959086876]: TF_REPEATED_DATA ignoring data with redundant timestamp for frame odom (parent map) at time 1790470992.059087 according to authority unknown_publisher[0m
Warning: TF_REPEATED_DATA ignoring data with redundant timestamp for frame odom (parent map) at time 1790470992.059087 according to authority /rtabmap/rtabmap
         at line 278 in /tmp/binarydeb/ros-noetic-tf2-0.7.7/src/buffer_core.cpp
[0m[ INFO] [1790473064.906495771, 1790470992.925693078]: rtabmap (695): Rate=1.00s, Limit=0.000s, Conversion=0.0010s, RTAB-Map=0.2990s, Maps update=0.0004s pub=0.0001s (local map=437, WM=437)[0m
[0m[ INFO] [1790473065.999256065, 1790470994.022667401]: rtabmap (696): Rate=1.00s, Limit=0.000s, Conversion=0.0009s, RTAB-Map=0.3153s, Maps update=0.0010s pub=0.0001s (local map=438, WM=438)[0m
[0m[ INFO] [1790473067.079295038, 1790470995.096812583]: rtabmap (697): Rate=1.00s, Limit=0.000s, Conversion=0.0013s, RTAB-Map=0.3044s, Maps update=0.0004s pub=0.0001s (local map=439, WM=439)[0m
[0m[ INFO] [1790473068.098852113, 1790470996.114468230]: rtabmap (698): Rate=1.00s, Limit=0.000s, Conversion=0.0021s, RTAB-Map=0.3059s, Maps update=0.0008s pub=0.0001s (local map=440, WM=440)[0m
[0m[ INFO] [1790473069.083295626, 1790470997.103707314]: rtabmap (699): Rate=1.00s, Limit=0.000s, Conversion=0.0023s, RTAB-Map=0.3045s, Maps update=0.0005s pub=0.0001s (local map=441, WM=441)[0m
[0m[ INFO] [1790473070.191819385, 1790470998.212176673]: rtabmap (700): Rate=1.00s, Limit=0.000s, Conversion=0.0009s, RTAB-Map=0.3201s, Maps update=0.0004s pub=0.0001s (local map=442, WM=442)[0m
[0m[ INFO] [1790473071.194629911, 1790470999.220092502]: rtabmap (701): Rate=1.00s, Limit=0.000s, Conversion=0.0019s, RTAB-Map=0.2997s, Maps update=0.0004s pub=0.0001s (local map=443, WM=443)[0m
[0m[ INFO] [1790473072.292074415, 1790471000.315771674]: rtabmap (702): Rate=1.00s, Limit=0.000s, Conversion=0.0020s, RTAB-Map=0.3106s, Maps update=0.0004s pub=0.0001s (local map=444, WM=444)[0m
[0m[ INFO] [1790473073.296775329, 1790471001.316099486]: rtabmap (703): Rate=1.00s, Limit=0.000s, Conversion=0.0014s, RTAB-Map=0.3198s, Maps update=0.0006s pub=0.0001s (local map=445, WM=445)[0m
[0m[ INFO] [1790473074.394374458, 1790471002.416452628]: rtabmap (704): Rate=1.00s, Limit=0.000s, Conversion=0.0021s, RTAB-Map=0.3131s, Maps update=0.0004s pub=0.0001s (local map=446, WM=446)[0m
[0m[ INFO] [1790473075.368186464, 1790471003.386406001]: rtabmap (705): Rate=1.00s, Limit=0.000s, Conversion=0.0010s, RTAB-Map=0.2866s, Maps update=0.0004s pub=0.0001s (local map=447, WM=447)[0m
[0m[ INFO] [1790473076.394789822, 1790471004.417960707]: rtabmap (706): Rate=1.00s, Limit=0.000s, Conversion=0.0021s, RTAB-Map=0.3055s, Maps update=0.0004s pub=0.0001s (local map=448, WM=448)[0m
[0m[ INFO] [1790473077.491649774, 1790471005.508551633]: rtabmap (707): Rate=1.00s, Limit=0.000s, Conversion=0.0010s, RTAB-Map=0.3013s, Maps update=0.0004s pub=0.0001s (local map=449, WM=449)[0m
[0m[ INFO] [1790473078.463020057, 1790471006.486298688]: rtabmap (708): Rate=1.00s, Limit=0.000s, Conversion=0.0018s, RTAB-Map=0.2787s, Maps update=0.0004s pub=0.0001s (local map=450, WM=450)[0m
[0m[ INFO] [1790473079.491287624, 1790471007.514165451]: rtabmap (709): Rate=1.00s, Limit=0.000s, Conversion=0.0015s, RTAB-Map=0.3070s, Maps update=0.0006s pub=0.0001s (local map=451, WM=451)[0m
[0m[ INFO] [1790473080.482901069, 1790471008.503965948]: rtabmap (710): Rate=1.00s, Limit=0.000s, Conversion=0.0017s, RTAB-Map=0.3023s, Maps update=0.0006s pub=0.0001s (local map=452, WM=452)[0m
[0m[ INFO] [1790473081.500794316, 1790471009.522836294]: rtabmap (711): Rate=1.00s, Limit=0.000s, Conversion=0.0014s, RTAB-Map=0.3208s, Maps update=0.0006s pub=0.0001s (local map=453, WM=453)[0m
Warning: TF_REPEATED_DATA ignoring data with redundant timestamp for frame odom (parent map) at time 1790471009.775069 according to authority unknown_publisher
         at line 278 in /tmp/binarydeb/ros-noetic-tf2-0.7.7/src/buffer_core.cpp
[33m[ WARN] [1790473081.655397834, 1790471009.675069034]: TF_REPEATED_DATA ignoring data with redundant timestamp for frame odom (parent map) at time 1790471009.775069 according to authority unknown_publisher[0m
Warning: TF_REPEATED_DATA ignoring data with redundant timestamp for frame odom (parent map) at time 1790471009.775069 according to authority /rtabmap/rtabmap
         at line 278 in /tmp/binarydeb/ros-noetic-tf2-0.7.7/src/buffer_core.cpp
[0m[ INFO] [1790473082.568205503, 1790471010.588748489]: rtabmap (712): Rate=1.00s, Limit=0.000s, Conversion=0.0010s, RTAB-Map=0.2923s, Maps update=0.0006s pub=0.0001s (local map=454, WM=454)[0m
[0m[ INFO] [1790473083.718202794, 1790471011.740650056]: rtabmap (713): Rate=1.00s, Limit=0.000s, Conversion=0.0021s, RTAB-Map=0.3017s, Maps update=0.0004s pub=0.0001s (local map=455, WM=455)[0m
[0m[ INFO] [1790473084.791559133, 1790471012.811597345]: rtabmap (714): Rate=1.00s, Limit=0.000s, Conversion=0.0015s, RTAB-Map=0.3009s, Maps update=0.0004s pub=0.0001s (local map=456, WM=456)[0m
[0m[ INFO] [1790473085.817199599, 1790471013.842501388]: rtabmap (715): Rate=1.00s, Limit=0.000s, Conversion=0.0016s, RTAB-Map=0.3170s, Maps update=0.0005s pub=0.0001s (local map=457, WM=457)[0m
[0m[ INFO] [1790473086.906603214, 1790471014.932293039]: rtabmap (716): Rate=1.00s, Limit=0.000s, Conversion=0.0015s, RTAB-Map=0.3175s, Maps update=0.0004s pub=0.0001s (local map=458, WM=458)[0m
[0m[ INFO] [1790473087.993818261, 1790471016.010760824]: rtabmap (717): Rate=1.00s, Limit=0.000s, Conversion=0.0021s, RTAB-Map=0.3186s, Maps update=0.0005s pub=0.0001s (local map=459, WM=459)[0m
[0m[ INFO] [1790473089.026442098, 1790471017.041953861]: rtabmap (718): Rate=1.00s, Limit=0.000s, Conversion=0.0015s, RTAB-Map=0.3373s, Maps update=0.0004s pub=0.0001s (local map=460, WM=460)[0m
[0m[ INFO] [1790473090.101620503, 1790471018.122631462]: rtabmap (719): Rate=1.00s, Limit=0.000s, Conversion=0.0009s, RTAB-Map=0.3190s, Maps update=0.0005s pub=0.0001s (local map=461, WM=461)[0m
[0m[ INFO] [1790473091.113000271, 1790471019.130875068]: rtabmap (720): Rate=1.00s, Limit=0.000s, Conversion=0.0015s, RTAB-Map=0.3221s, Maps update=0.0005s pub=0.0001s (local map=462, WM=462)[0m
[0m[ INFO] [1790473092.094735176, 1790471020.117493674]: rtabmap (721): Rate=1.00s, Limit=0.000s, Conversion=0.0014s, RTAB-Map=0.3088s, Maps update=0.0004s pub=0.0001s (local map=463, WM=463)[0m
[0m[ INFO] [1790473093.107101450, 1790471021.123975276]: rtabmap (722): Rate=1.00s, Limit=0.000s, Conversion=0.0021s, RTAB-Map=0.3228s, Maps update=0.0004s pub=0.0001s (local map=464, WM=464)[0m
[0m[ INFO] [1790473094.223216039, 1790471022.241059860]: rtabmap (723): Rate=1.00s, Limit=0.000s, Conversion=0.0010s, RTAB-Map=0.3307s, Maps update=0.0004s pub=0.0001s (local map=465, WM=465)[0m
[33m[ WARN] (2026-09-26 21:38:15.040) Memory.cpp:3200::computeTransform() Missing visual features or missing raw data to compute them. Transform cannot be estimated.[0m
[0m[ INFO] [1790473095.190601030, 1790471023.210148453]: rtabmap (724): Rate=1.00s, Limit=0.000s, Conversion=0.0010s, RTAB-Map=0.3031s, Maps update=0.0004s pub=0.0001s (local map=466, WM=466)[0m
[33m[ WARN] (2026-09-26 21:38:16.060) Memory.cpp:3200::computeTransform() Missing visual features or missing raw data to compute them. Transform cannot be estimated.[0m
[0m[ INFO] [1790473096.224234988, 1790471024.242746688]: rtabmap (725): Rate=1.00s, Limit=0.000s, Conversion=0.0015s, RTAB-Map=0.3322s, Maps update=0.0005s pub=0.0001s (local map=467, WM=467)[0m
[33m[ WARN] (2026-09-26 21:38:17.148) Memory.cpp:3200::computeTransform() Missing visual features or missing raw data to compute them. Transform cannot be estimated.[0m
[0m[ INFO] [1790473097.311659572, 1790471025.331328149]: rtabmap (726): Rate=1.00s, Limit=0.000s, Conversion=0.0009s, RTAB-Map=0.3304s, Maps update=0.0005s pub=0.0001s (local map=468, WM=468)[0m
[33m[ WARN] (2026-09-26 21:38:18.154) Memory.cpp:3200::computeTransform() Missing visual features or missing raw data to compute them. Transform cannot be estimated.[0m
[0m[ INFO] [1790473098.325914826, 1790471026.349762935]: rtabmap (727): Rate=1.00s, Limit=0.000s, Conversion=0.0014s, RTAB-Map=0.3521s, Maps update=0.0004s pub=0.0001s (local map=469, WM=469)[0m
Warning: TF_REPEATED_DATA ignoring data with redundant timestamp for frame odom (parent map) at time 1790471026.599149 according to authority unknown_publisher
         at line 278 in /tmp/binarydeb/ros-noetic-tf2-0.7.7/src/buffer_core.cpp
Warning: TF_REPEATED_DATA ignoring data with redundant timestamp for frame odom (parent map) at time 1790471026.599149 according to authority /rtabmap/rtabmap
         at line 278 in /tmp/binarydeb/ros-noetic-tf2-0.7.7/src/buffer_core.cpp
[33m[ WARN] [1790473098.477882731, 1790471026.499148413]: TF_REPEATED_DATA ignoring data with redundant timestamp for frame odom (parent map) at time 1790471026.599149 according to authority unknown_publisher[0m
[33m[ WARN] [1790473102.277728917, 1790471030.292704131]: We are receiving imu data (buffer=1000), but cannot interpolate imu transform at time 1790471030.262494. IMU won't be added to graph.[0m
[33m[ WARN] (2026-09-26 21:38:19.230) Memory.cpp:3200::computeTransform() Missing visual features or missing raw data to compute them. Transform cannot be estimated.[0m
[0m[ INFO] [1790473099.400725771, 1790471027.420753071]: rtabmap (728): Rate=1.00s, Limit=0.000s, Conversion=0.0014s, RTAB-Map=0.3317s, Maps update=0.0006s pub=0.0001s (local map=470, WM=470)[0m
[33m[ WARN] (2026-09-26 21:38:20.345) Memory.cpp:3200::computeTransform() Missing visual features or missing raw data to compute them. Transform cannot be estimated.[0m
[0m[ INFO] [1790473100.507344801, 1790471028.524392517]: rtabmap (729): Rate=1.00s, Limit=0.000s, Conversion=0.0014s, RTAB-Map=0.3281s, Maps update=0.0005s pub=0.0001s (local map=471, WM=471)[0m
[33m[ WARN] (2026-09-26 21:38:21.433) Memory.cpp:3200::computeTransform() Missing visual features or missing raw data to compute them. Transform cannot be estimated.[0m
[0m[ INFO] [1790473101.603180867, 1790471029.628053787]: rtabmap (730): Rate=1.00s, Limit=0.000s, Conversion=0.0010s, RTAB-Map=0.3275s, Maps update=0.0006s pub=0.0001s (local map=472, WM=472)[0m
[33m[ WARN] (2026-09-26 21:38:22.277) Transform.cpp:557::getTransform() No transform found for stamp 1790471030.262494! Latest is 1790471030.259723[0m
[0m[ INFO] [1790473102.555331036, 1790471030.579263563]: rtabmap (731): Rate=1.00s, Limit=0.000s, Conversion=0.0015s, RTAB-Map=0.2767s, Maps update=0.0005s pub=0.0001s (local map=473, WM=473)[0m
[0m[ INFO] [1790473103.736717366, 1790471031.753592600]: rtabmap (732): Rate=1.00s, Limit=0.000s, Conversion=0.0011s, RTAB-Map=0.3551s, Maps update=0.0004s pub=0.0001s (local map=474, WM=474)[0m
[0m[ INFO] [1790473104.749714237, 1790471032.770718540]: rtabmap (733): Rate=1.00s, Limit=0.000s, Conversion=0.0010s, RTAB-Map=0.3581s, Maps update=0.0006s pub=0.0001s (local map=475, WM=475)[0m
[0m[ INFO] [1790473105.742931152, 1790471033.759313677]: rtabmap (734): Rate=1.00s, Limit=0.000s, Conversion=0.0016s, RTAB-Map=0.3688s, Maps update=0.0006s pub=0.0001s (local map=476, WM=476)[0m
[0m[ INFO] [1790473106.813810757, 1790471034.838790238]: rtabmap (735): Rate=1.00s, Limit=0.000s, Conversion=0.0011s, RTAB-Map=0.3383s, Maps update=0.0006s pub=0.0001s (local map=477, WM=477)[0m
[0m[ INFO] [1790473107.829251654, 1790471035.845345024]: rtabmap (736): Rate=1.00s, Limit=0.000s, Conversion=0.0016s, RTAB-Map=0.3534s, Maps update=0.0006s pub=0.0001s (local map=478, WM=478)[0m
[0m[ INFO] [1790473108.872412465, 1790471036.895289108]: rtabmap (737): Rate=1.00s, Limit=0.000s, Conversion=0.0014s, RTAB-Map=0.3876s, Maps update=0.0008s pub=0.0001s (local map=479, WM=479)[0m
[0m[ INFO] [1790473109.932804213, 1790471037.952418293]: rtabmap (738): Rate=1.00s, Limit=0.000s, Conversion=0.0010s, RTAB-Map=0.3413s, Maps update=0.0005s pub=0.0001s (local map=480, WM=480)[0m
[0m[ INFO] [1790473110.908862991, 1790471038.932568154]: rtabmap (739): Rate=1.00s, Limit=0.000s, Conversion=0.0010s, RTAB-Map=0.3254s, Maps update=0.0005s pub=0.0001s (local map=481, WM=481)[0m
[0m[ INFO] [1790473112.017219062, 1790471040.035951436]: rtabmap (740): Rate=1.00s, Limit=0.000s, Conversion=0.0017s, RTAB-Map=0.3278s, Maps update=0.0007s pub=0.0001s (local map=482, WM=482)[0m
[0m[ INFO] [1790473113.031236135, 1790471041.056158592]: rtabmap (741): Rate=1.00s, Limit=0.000s, Conversion=0.0010s, RTAB-Map=0.3358s, Maps update=0.0005s pub=0.0001s (local map=483, WM=483)[0m
[0m[ INFO] [1790473114.116499222, 1790471042.135414094]: rtabmap (742): Rate=1.00s, Limit=0.000s, Conversion=0.0010s, RTAB-Map=0.3299s, Maps update=0.0004s pub=0.0001s (local map=484, WM=484)[0m
[0m[ INFO] [1790473115.130174115, 1790471043.149295326]: rtabmap (743): Rate=1.00s, Limit=0.000s, Conversion=0.0014s, RTAB-Map=0.3421s, Maps update=0.0004s pub=0.0001s (local map=485, WM=485)[0m
[0m[ INFO] [1790473116.210069496, 1790471044.227889028]: rtabmap (744): Rate=1.00s, Limit=0.000s, Conversion=0.0010s, RTAB-Map=0.3331s, Maps update=0.0006s pub=0.0001s (local map=486, WM=486)[0m
Warning: TF_REPEATED_DATA ignoring data with redundant timestamp for frame odom (parent map) at time 1790471044.484353 according to authority unknown_publisher
         at line 278 in /tmp/binarydeb/ros-noetic-tf2-0.7.7/src/buffer_core.cpp
[33m[ WARN] [1790473116.360646090, 1790471044.384352822]: TF_REPEATED_DATA ignoring data with redundant timestamp for frame odom (parent map) at time 1790471044.484353 according to authority unknown_publisher[0m
Warning: TF_REPEATED_DATA ignoring data with redundant timestamp for frame odom (parent map) at time 1790471044.484353 according to authority /rtabmap/rtabmap
         at line 278 in /tmp/binarydeb/ros-noetic-tf2-0.7.7/src/buffer_core.cpp
[0m[ INFO] [1790473117.230540846, 1790471045.253968247]: rtabmap (745): Rate=1.00s, Limit=0.000s, Conversion=0.0015s, RTAB-Map=0.3364s, Maps update=0.0005s pub=0.0001s (local map=487, WM=487)[0m
[0m[ INFO] [1790473118.236568393, 1790471046.253433067]: rtabmap (746): Rate=1.00s, Limit=0.000s, Conversion=0.0014s, RTAB-Map=0.3501s, Maps update=0.0005s pub=0.0001s (local map=488, WM=488)[0m
[0m[ INFO] [1790473119.318808630, 1790471047.336074941]: rtabmap (747): Rate=1.00s, Limit=0.000s, Conversion=0.0009s, RTAB-Map=0.3349s, Maps update=0.0007s pub=0.0001s (local map=489, WM=489)[0m
[0m[ INFO] [1790473120.340477785, 1790471048.364134596]: rtabmap (748): Rate=1.00s, Limit=0.000s, Conversion=0.0017s, RTAB-Map=0.3434s, Maps update=0.0004s pub=0.0001s (local map=490, WM=490)[0m
[0m[ INFO] [1790473121.416277953, 1790471049.436383750]: rtabmap (749): Rate=1.00s, Limit=0.000s, Conversion=0.0016s, RTAB-Map=0.3413s, Maps update=0.0004s pub=0.0001s (local map=491, WM=491)[0m
[0m[ INFO] [1790473122.408908299, 1790471050.432701048]: rtabmap (750): Rate=1.00s, Limit=0.000s, Conversion=0.0010s, RTAB-Map=0.3275s, Maps update=0.0006s pub=0.0001s (local map=492, WM=492)[0m
[0m[ INFO] [1790473123.449802140, 1790471051.472143481]: rtabmap (751): Rate=1.00s, Limit=0.000s, Conversion=0.0014s, RTAB-Map=0.3539s, Maps update=0.0005s pub=0.0001s (local map=493, WM=493)[0m
[0m[ INFO] [1790473124.532310571, 1790471052.554387110]: rtabmap (752): Rate=1.00s, Limit=0.000s, Conversion=0.0015s, RTAB-Map=0.3580s, Maps update=0.0006s pub=0.0001s (local map=494, WM=494)[0m
[0m[ INFO] [1790473125.526813993, 1790471053.551439359]: rtabmap (753): Rate=1.00s, Limit=0.000s, Conversion=0.0009s, RTAB-Map=0.3499s, Maps update=0.0006s pub=0.0001s (local map=495, WM=495)[0m
[0m[ INFO] [1790473126.520273500, 1790471054.540399777]: rtabmap (754): Rate=1.00s, Limit=0.000s, Conversion=0.0014s, RTAB-Map=0.3405s, Maps update=0.0004s pub=0.0001s (local map=496, WM=496)[0m
[0m[ INFO] [1790473127.644469931, 1790471055.660828808]: rtabmap (755): Rate=1.00s, Limit=0.000s, Conversion=0.0009s, RTAB-Map=0.3515s, Maps update=0.0005s pub=0.0001s (local map=497, WM=497)[0m
[0m[ INFO] [1790473128.654895732, 1790471056.671911128]: rtabmap (756): Rate=1.00s, Limit=0.000s, Conversion=0.0015s, RTAB-Map=0.3531s, Maps update=0.0005s pub=0.0001s (local map=498, WM=498)[0m
[0m[ INFO] [1790473129.634558162, 1790471057.650527114]: rtabmap (757): Rate=1.00s, Limit=0.000s, Conversion=0.0009s, RTAB-Map=0.3516s, Maps update=0.0006s pub=0.0001s (local map=499, WM=499)[0m
[0m[ INFO] [1790473130.762694091, 1790471058.780101907]: rtabmap (758): Rate=1.00s, Limit=0.000s, Conversion=0.0015s, RTAB-Map=0.3719s, Maps update=0.0007s pub=0.0001s (local map=500, WM=500)[0m
[0m[ INFO] [1790473131.835427473, 1790471059.860278248]: rtabmap (759): Rate=1.00s, Limit=0.000s, Conversion=0.0010s, RTAB-Map=0.3477s, Maps update=0.0005s pub=0.0001s (local map=501, WM=501)[0m
[0m[ INFO] [1790473132.938511548, 1790471060.959883119]: rtabmap (760): Rate=1.00s, Limit=0.000s, Conversion=0.0010s, RTAB-Map=0.3533s, Maps update=0.0007s pub=0.0001s (local map=502, WM=502)[0m
[0m[ INFO] [1790473134.030854676, 1790471062.047308882]: rtabmap (761): Rate=1.00s, Limit=0.000s, Conversion=0.0010s, RTAB-Map=0.3469s, Maps update=0.0005s pub=0.0001s (local map=503, WM=503)[0m
Warning: TF_REPEATED_DATA ignoring data with redundant timestamp for frame odom (parent map) at time 1790471062.309368 according to authority unknown_publisher
         at line 278 in /tmp/binarydeb/ros-noetic-tf2-0.7.7/src/buffer_core.cpp
[33m[ WARN] [1790473134.186831808, 1790471062.209368159]: TF_REPEATED_DATA ignoring data with redundant timestamp for frame odom (parent map) at time 1790471062.309368 according to authority unknown_publisher[0m
Warning: TF_REPEATED_DATA ignoring data with redundant timestamp for frame odom (parent map) at time 1790471062.309368 according to authority /rtabmap/rtabmap
         at line 278 in /tmp/binarydeb/ros-noetic-tf2-0.7.7/src/buffer_core.cpp
[0m[ INFO] [1790473135.027922253, 1790471063.049437857]: rtabmap (762): Rate=1.00s, Limit=0.000s, Conversion=0.0015s, RTAB-Map=0.3479s, Maps update=0.0008s pub=0.0001s (local map=504, WM=504)[0m
[0m[ INFO] [1790473136.012516991, 1790471064.035429954]: rtabmap (763): Rate=1.00s, Limit=0.000s, Conversion=0.0009s, RTAB-Map=0.3249s, Maps update=0.0007s pub=0.0001s (local map=505, WM=505)[0m
[0m[ INFO] [1790473137.150209246, 1790471065.171622065]: rtabmap (764): Rate=1.00s, Limit=0.000s, Conversion=0.0014s, RTAB-Map=0.3530s, Maps update=0.0006s pub=0.0001s (local map=505, WM=505)[0m
[0m[ INFO] [1790473138.205415622, 1790471066.221761347]: rtabmap (765): Rate=1.00s, Limit=0.000s, Conversion=0.0010s, RTAB-Map=0.3193s, Maps update=0.0005s pub=0.0001s (local map=506, WM=506)[0m
[0m[ INFO] [1790473139.328319686, 1790471067.350216638]: rtabmap (766): Rate=1.00s, Limit=0.000s, Conversion=0.0009s, RTAB-Map=0.3441s, Maps update=0.0007s pub=0.0001s (local map=507, WM=507)[0m
[0m[ INFO] [1790473140.333404564, 1790471068.351877383]: rtabmap (767): Rate=1.00s, Limit=0.000s, Conversion=0.0013s, RTAB-Map=0.3480s, Maps update=0.0005s pub=0.0001s (local map=508, WM=508)[0m
[0m[ INFO] [1790473141.442826562, 1790471069.466249579]: rtabmap (768): Rate=1.00s, Limit=0.000s, Conversion=0.0010s, RTAB-Map=0.3572s, Maps update=0.0006s pub=0.0001s (local map=508, WM=508)[0m
[0m[ INFO] [1790473142.415863991, 1790471070.433582435]: rtabmap (769): Rate=1.00s, Limit=0.000s, Conversion=0.0014s, RTAB-Map=0.3313s, Maps update=0.0005s pub=0.0001s (local map=509, WM=509)[0m
[0m[ INFO] [1790473143.541690006, 1790471071.564176724]: rtabmap (770): Rate=1.00s, Limit=0.000s, Conversion=0.0009s, RTAB-Map=0.3569s, Maps update=0.0007s pub=0.0001s (local map=510, WM=510)[0m
[0m[ INFO] [1790473144.523872813, 1790471072.544817243]: rtabmap (771): Rate=1.00s, Limit=0.000s, Conversion=0.0020s, RTAB-Map=0.3357s, Maps update=0.0008s pub=0.0001s (local map=511, WM=511)[0m
[0m[ INFO] [1790473145.533392170, 1790471073.548108981]: rtabmap (772): Rate=1.00s, Limit=0.000s, Conversion=0.0009s, RTAB-Map=0.3587s, Maps update=0.0010s pub=0.0001s (local map=512, WM=512)[0m
[0m[ INFO] [1790473146.615602547, 1790471074.633124893]: rtabmap (773): Rate=1.00s, Limit=0.000s, Conversion=0.0010s, RTAB-Map=0.3392s, Maps update=0.0007s pub=0.0001s (local map=513, WM=513)[0m
[0m[ INFO] [1790473147.738737044, 1790471075.761345460]: rtabmap (774): Rate=1.00s, Limit=0.000s, Conversion=0.0020s, RTAB-Map=0.3571s, Maps update=0.0004s pub=0.0001s (local map=514, WM=514)[0m
[0m[ INFO] [1790473148.760311474, 1790471076.783701946]: rtabmap (775): Rate=1.00s, Limit=0.000s, Conversion=0.0015s, RTAB-Map=0.3561s, Maps update=0.0006s pub=0.0001s (local map=515, WM=515)[0m
[0m[ INFO] [1790473149.815305303, 1790471077.831554930]: rtabmap (776): Rate=1.00s, Limit=0.000s, Conversion=0.0010s, RTAB-Map=0.3422s, Maps update=0.0008s pub=0.0001s (local map=516, WM=516)[0m
[0m[ INFO] [1790473150.981803401, 1790471079.000447199]: rtabmap (777): Rate=1.00s, Limit=0.000s, Conversion=0.0010s, RTAB-Map=0.3376s, Maps update=0.0010s pub=0.0001s (local map=517, WM=517)[0m
[0m[ INFO] [1790473152.023115163, 1790471080.039461623]: rtabmap (778): Rate=1.00s, Limit=0.000s, Conversion=0.0015s, RTAB-Map=0.3418s, Maps update=0.0005s pub=0.0001s (local map=518, WM=518)[0m
[0m[ INFO] [1790473153.042924677, 1790471081.066658929]: rtabmap (779): Rate=1.00s, Limit=0.000s, Conversion=0.0015s, RTAB-Map=0.3627s, Maps update=0.0006s pub=0.0001s (local map=519, WM=519)[0m
Warning: TF_REPEATED_DATA ignoring data with redundant timestamp for frame odom (parent map) at time 1790471082.159768 according to authority unknown_publisher
         at line 278 in /tmp/binarydeb/ros-noetic-tf2-0.7.7/src/buffer_core.cpp
Warning: TF_REPEATED_DATA ignoring data with redundant timestamp for frame odom (parent map) at time 1790471082.159768 according to authority /rtabmap/rtabmap
         at line 278 in /tmp/binarydeb/ros-noetic-tf2-0.7.7/src/buffer_core.cpp
[33m[ WARN] [1790473154.045900059, 1790471082.059767580]: TF_REPEATED_DATA ignoring data with redundant timestamp for frame odom (parent map) at time 1790471082.159768 according to authority unknown_publisher[0m
[0m[ INFO] [1790473154.127329221, 1790471082.150899055]: rtabmap (780): Rate=1.00s, Limit=0.000s, Conversion=0.0014s, RTAB-Map=0.3469s, Maps update=0.0007s pub=0.0001s (local map=520, WM=520)[0m
[0m[ INFO] [1790473155.142825953, 1790471083.159348927]: rtabmap (781): Rate=1.00s, Limit=0.000s, Conversion=0.0010s, RTAB-Map=0.3561s, Maps update=0.0005s pub=0.0001s (local map=521, WM=521)[0m
[0m[ INFO] [1790473156.223104212, 1790471084.247174916]: rtabmap (782): Rate=1.00s, Limit=0.000s, Conversion=0.0015s, RTAB-Map=0.3387s, Maps update=0.0005s pub=0.0001s (local map=522, WM=522)[0m
[0m[ INFO] [1790473157.315529930, 1790471085.334214720]: rtabmap (783): Rate=1.00s, Limit=0.000s, Conversion=0.0015s, RTAB-Map=0.3310s, Maps update=0.0008s pub=0.0001s (local map=523, WM=523)[0m
[0m[ INFO] [1790473158.434174138, 1790471086.449807118]: rtabmap (784): Rate=1.00s, Limit=0.000s, Conversion=0.0014s, RTAB-Map=0.3533s, Maps update=0.0006s pub=0.0001s (local map=524, WM=524)[0m
[0m[ INFO] [1790473159.421285764, 1790471087.442409812]: rtabmap (785): Rate=1.00s, Limit=0.000s, Conversion=0.0015s, RTAB-Map=0.3280s, Maps update=0.0006s pub=0.0001s (local map=525, WM=525)[0m
[0m[ INFO] [1790473160.512620014, 1790471088.532281038]: rtabmap (786): Rate=1.00s, Limit=0.000s, Conversion=0.0009s, RTAB-Map=0.3231s, Maps update=0.0006s pub=0.0001s (local map=525, WM=525)[0m
[0m[ INFO] [1790473161.617741963, 1790471089.640506253]: rtabmap (787): Rate=1.00s, Limit=0.000s, Conversion=0.0009s, RTAB-Map=0.3359s, Maps update=0.0006s pub=0.0001s (local map=526, WM=526)[0m
[0m[ INFO] [1790473162.625104559, 1790471090.646740964]: rtabmap (788): Rate=1.00s, Limit=0.000s, Conversion=0.0014s, RTAB-Map=0.3476s, Maps update=0.0004s pub=0.0001s (local map=527, WM=527)[0m
[0m[ INFO] [1790473163.727792626, 1790471091.746176292]: rtabmap (789): Rate=1.00s, Limit=0.000s, Conversion=0.0015s, RTAB-Map=0.3408s, Maps update=0.0005s pub=0.0001s (local map=528, WM=528)[0m
[0m[ INFO] [1790473164.735728987, 1790471092.755147961]: rtabmap (790): Rate=1.00s, Limit=0.000s, Conversion=0.0013s, RTAB-Map=0.3515s, Maps update=0.0005s pub=0.0001s (local map=529, WM=529)[0m
[0m[ INFO] [1790473165.838398174, 1790471093.854501624]: rtabmap (791): Rate=1.00s, Limit=0.000s, Conversion=0.0013s, RTAB-Map=0.3441s, Maps update=0.0011s pub=0.0001s (local map=530, WM=530)[0m
[0m[ INFO] [1790473166.922626042, 1790471094.943433383]: rtabmap (792): Rate=1.00s, Limit=0.000s, Conversion=0.0013s, RTAB-Map=0.3297s, Maps update=0.0005s pub=0.0001s (local map=531, WM=531)[0m
[0m[ INFO] [1790473167.909868197, 1790471095.931268408]: rtabmap (793): Rate=1.00s, Limit=0.000s, Conversion=0.0015s, RTAB-Map=0.3216s, Maps update=0.0008s pub=0.0001s (local map=532, WM=532)[0m
[0m[ INFO] [1790473168.960659578, 1790471096.979078893]: rtabmap (794): Rate=1.00s, Limit=0.000s, Conversion=0.0016s, RTAB-Map=0.3523s, Maps update=0.0007s pub=0.0001s (local map=533, WM=533)[0m
[0m[ INFO] [1790473170.020395023, 1790471098.037509172]: rtabmap (795): Rate=1.00s, Limit=0.000s, Conversion=0.0009s, RTAB-Map=0.3398s, Maps update=0.0006s pub=0.0001s (local map=534, WM=534)[0m
[0m[ INFO] [1790473171.023199233, 1790471099.048878050]: rtabmap (796): Rate=1.00s, Limit=0.000s, Conversion=0.0011s, RTAB-Map=0.3366s, Maps update=0.0006s pub=0.0001s (local map=535, WM=535)[0m
[0m[ INFO] [1790473172.014188563, 1790471100.038093345]: rtabmap (797): Rate=1.00s, Limit=0.000s, Conversion=0.0014s, RTAB-Map=0.3451s, Maps update=0.0007s pub=0.0001s (local map=536, WM=536)[0m
Warning: TF_REPEATED_DATA ignoring data with redundant timestamp for frame odom (parent map) at time 1790471100.289226 according to authority unknown_publisher
         at line 278 in /tmp/binarydeb/ros-noetic-tf2-0.7.7/src/buffer_core.cpp
[33m[ WARN] [1790473172.165710575, 1790471100.189226328]: TF_REPEATED_DATA ignoring data with redundant timestamp for frame odom (parent map) at time 1790471100.289226 according to authority unknown_publisher[0m
Warning: TF_REPEATED_DATA ignoring data with redundant timestamp for frame odom (parent map) at time 1790471100.289226 according to authority /rtabmap/rtabmap
         at line 278 in /tmp/binarydeb/ros-noetic-tf2-0.7.7/src/buffer_core.cpp
[33m[ WARN] [1790473183.085086361, 1790471111.109819375]: We are receiving imu data (buffer=1000), but cannot interpolate imu transform at time 1790471111.069457. IMU won't be added to graph.[0m
[0m[ INFO] [1790473173.057863580, 1790471101.079562770]: rtabmap (798): Rate=1.00s, Limit=0.000s, Conversion=0.0010s, RTAB-Map=0.3343s, Maps update=0.0005s pub=0.0001s (local map=537, WM=537)[0m
[0m[ INFO] [1790473174.161142084, 1790471102.186636130]: rtabmap (799): Rate=1.00s, Limit=0.000s, Conversion=0.0009s, RTAB-Map=0.3576s, Maps update=0.0006s pub=0.0001s (local map=538, WM=538)[0m
[0m[ INFO] [1790473175.230395326, 1790471103.249711643]: rtabmap (800): Rate=1.00s, Limit=0.000s, Conversion=0.0015s, RTAB-Map=0.3456s, Maps update=0.0005s pub=0.0001s (local map=539, WM=539)[0m
[0m[ INFO] [1790473176.219714654, 1790471104.240466922]: rtabmap (801): Rate=1.00s, Limit=0.000s, Conversion=0.0014s, RTAB-Map=0.3264s, Maps update=0.0008s pub=0.0001s (local map=540, WM=540)[0m
[0m[ INFO] [1790473177.218354210, 1790471105.241287814]: rtabmap (802): Rate=1.00s, Limit=0.000s, Conversion=0.0009s, RTAB-Map=0.3403s, Maps update=0.0006s pub=0.0001s (local map=541, WM=541)[0m
[0m[ INFO] [1790473178.223747343, 1790471106.240998677]: rtabmap (803): Rate=1.00s, Limit=0.000s, Conversion=0.0014s, RTAB-Map=0.3438s, Maps update=0.0005s pub=0.0001s (local map=542, WM=542)[0m
[0m[ INFO] [1790473179.338891318, 1790471107.360274632]: rtabmap (804): Rate=1.00s, Limit=0.000s, Conversion=0.0009s, RTAB-Map=0.3553s, Maps update=0.0005s pub=0.0001s (local map=543, WM=543)[0m
[0m[ INFO] [1790473180.333158378, 1790471108.353389425]: rtabmap (805): Rate=1.00s, Limit=0.000s, Conversion=0.0022s, RTAB-Map=0.3423s, Maps update=0.0005s pub=0.0001s (local map=544, WM=544)[0m
[0m[ INFO] [1790473181.318391070, 1790471109.341741766]: rtabmap (806): Rate=1.00s, Limit=0.000s, Conversion=0.0016s, RTAB-Map=0.3262s, Maps update=0.0010s pub=0.0001s (local map=545, WM=545)[0m
[0m[ INFO] [1790473182.436845896, 1790471110.459737067]: rtabmap (807): Rate=1.00s, Limit=0.000s, Conversion=0.0012s, RTAB-Map=0.3470s, Maps update=0.0005s pub=0.0001s (local map=546, WM=546)[0m
[33m[ WARN] (2026-09-26 21:39:43.084) Transform.cpp:557::getTransform() No transform found for stamp 1790471111.069457! Latest is 1790471111.067492[0m
[0m[ INFO] [1790473183.352099244, 1790471111.372721494]: rtabmap (808): Rate=1.00s, Limit=0.000s, Conversion=0.0012s, RTAB-Map=0.2659s, Maps update=0.0007s pub=0.0001s (local map=547, WM=547)[0m
[0m[ INFO] [1790473184.550586385, 1790471112.572702827]: rtabmap (809): Rate=1.00s, Limit=0.000s, Conversion=0.0020s, RTAB-Map=0.3629s, Maps update=0.0006s pub=0.0001s (local map=548, WM=548)[0m
[0m[ INFO] [1790473185.649399240, 1790471113.670086259]: rtabmap (810): Rate=1.00s, Limit=0.000s, Conversion=0.0010s, RTAB-Map=0.3487s, Maps update=0.0006s pub=0.0001s (local map=549, WM=549)[0m
[0m[ INFO] [1790473186.729902585, 1790471114.750486564]: rtabmap (811): Rate=1.00s, Limit=0.000s, Conversion=0.0015s, RTAB-Map=0.3489s, Maps update=0.0005s pub=0.0001s (local map=550, WM=550)[0m
[0m[ INFO] [1790473187.835086772, 1790471115.858513277]: rtabmap (812): Rate=1.00s, Limit=0.000s, Conversion=0.0010s, RTAB-Map=0.3476s, Maps update=0.0005s pub=0.0001s (local map=551, WM=551)[0m
[33m[ WARN] (2026-09-26 21:39:48.751) Memory.cpp:3200::computeTransform() Missing visual features or missing raw data to compute them. Transform cannot be estimated.[0m
[0m[ INFO] [1790473188.915750504, 1790471116.938483753]: rtabmap (813): Rate=1.00s, Limit=0.000s, Conversion=0.0015s, RTAB-Map=0.3344s, Maps update=0.0006s pub=0.0001s (local map=552, WM=552)[0m
[33m[ WARN] (2026-09-26 21:39:49.738) Memory.cpp:3200::computeTransform() Missing visual features or missing raw data to compute them. Transform cannot be estimated.[0m
[0m[ INFO] [1790473189.905632140, 1790471117.930347683]: rtabmap (814): Rate=1.00s, Limit=0.000s, Conversion=0.0014s, RTAB-Map=0.3183s, Maps update=0.0006s pub=0.0001s (local map=553, WM=553)[0m
Warning: TF_REPEATED_DATA ignoring data with redundant timestamp for frame odom (parent map) at time 1790471118.181674 according to authority unknown_publisher
         at line 278 in /tmp/binarydeb/ros-noetic-tf2-0.7.7/src/buffer_core.cpp
[33m[ WARN] [1790473190.057328329, 1790471118.081674555]: TF_REPEATED_DATA ignoring data with redundant timestamp for frame odom (parent map) at time 1790471118.181674 according to authority unknown_publisher[0m
Warning: TF_REPEATED_DATA ignoring data with redundant timestamp for frame odom (parent map) at time 1790471118.181674 according to authority /rtabmap/rtabmap
         at line 278 in /tmp/binarydeb/ros-noetic-tf2-0.7.7/src/buffer_core.cpp
[33m[ WARN] [1790473205.474536986, 1790471133.490499091]: We are receiving imu data (buffer=1000), but cannot interpolate imu transform at time 1790471133.460252. IMU won't be added to graph.[0m
[33m[ WARN] (2026-09-26 21:39:50.756) Memory.cpp:3200::computeTransform() Missing visual features or missing raw data to compute them. Transform cannot be estimated.[0m
[33m[ WARN] (2026-09-26 21:39:50.757) Memory.cpp:3200::computeTransform() Missing visual features or missing raw data to compute them. Transform cannot be estimated.[0m
[0m[ INFO] [1790473190.914365723, 1790471118.932838062]: rtabmap (815): Rate=1.00s, Limit=0.000s, Conversion=0.0014s, RTAB-Map=0.3223s, Maps update=0.0008s pub=0.0001s (local map=554, WM=554)[0m
[33m[ WARN] (2026-09-26 21:39:51.851) Memory.cpp:3200::computeTransform() Missing visual features or missing raw data to compute them. Transform cannot be estimated.[0m
[33m[ WARN] (2026-09-26 21:39:51.861) Memory.cpp:3200::computeTransform() Missing visual features or missing raw data to compute them. Transform cannot be estimated.[0m
[0m[ INFO] [1790473192.031829209, 1790471120.049098559]: rtabmap (816): Rate=1.00s, Limit=0.000s, Conversion=0.0015s, RTAB-Map=0.3354s, Maps update=0.0005s pub=0.0001s (local map=555, WM=555)[0m
[33m[ WARN] (2026-09-26 21:39:52.836) Memory.cpp:3200::computeTransform() Missing visual features or missing raw data to compute them. Transform cannot be estimated.[0m
[33m[ WARN] (2026-09-26 21:39:52.836) Memory.cpp:3200::computeTransform() Missing visual features or missing raw data to compute them. Transform cannot be estimated.[0m
[0m[ INFO] [1790473193.022517638, 1790471121.039195590]: rtabmap (817): Rate=1.00s, Limit=0.000s, Conversion=0.0009s, RTAB-Map=0.3352s, Maps update=0.0007s pub=0.0001s (local map=555, WM=555)[0m
[33m[ WARN] (2026-09-26 21:39:53.819) Memory.cpp:3200::computeTransform() Missing visual features or missing raw data to compute them. Transform cannot be estimated.[0m
[33m[ WARN] (2026-09-26 21:39:53.820) Memory.cpp:3200::computeTransform() Missing visual features or missing raw data to compute them. Transform cannot be estimated.[0m
[0m[ INFO] [1790473193.985327751, 1790471122.006735674]: rtabmap (818): Rate=1.00s, Limit=0.000s, Conversion=0.0015s, RTAB-Map=0.3177s, Maps update=0.0007s pub=0.0001s (local map=556, WM=556)[0m
[33m[ WARN] (2026-09-26 21:39:54.830) Memory.cpp:3200::computeTransform() Missing visual features or missing raw data to compute them. Transform cannot be estimated.[0m
[33m[ WARN] (2026-09-26 21:39:54.840) Memory.cpp:3200::computeTransform() Missing visual features or missing raw data to compute them. Transform cannot be estimated.[0m
[0m[ INFO] [1790473195.019567047, 1790471123.038525344]: rtabmap (819): Rate=1.00s, Limit=0.000s, Conversion=0.0008s, RTAB-Map=0.3517s, Maps update=0.0006s pub=0.0001s (local map=557, WM=557)[0m
[33m[ WARN] (2026-09-26 21:39:55.927) Memory.cpp:3200::computeTransform() Missing visual features or missing raw data to compute them. Transform cannot be estimated.[0m
[33m[ WARN] (2026-09-26 21:39:55.927) Memory.cpp:3200::computeTransform() Missing visual features or missing raw data to compute them. Transform cannot be estimated.[0m
[0m[ INFO] [1790473196.090099309, 1790471124.106654604]: rtabmap (820): Rate=1.00s, Limit=0.000s, Conversion=0.0013s, RTAB-Map=0.3103s, Maps update=0.0008s pub=0.0001s (local map=558, WM=558)[0m
[33m[ WARN] (2026-09-26 21:39:57.029) Memory.cpp:3200::computeTransform() Missing visual features or missing raw data to compute them. Transform cannot be estimated.[0m
[0m[ INFO] [1790473197.184591764, 1790471125.203638765]: rtabmap (821): Rate=1.00s, Limit=0.000s, Conversion=0.0014s, RTAB-Map=0.3044s, Maps update=0.0010s pub=0.0001s (local map=559, WM=559)[0m
[33m[ WARN] (2026-09-26 21:39:58.028) Memory.cpp:3200::computeTransform() Missing visual features or missing raw data to compute them. Transform cannot be estimated.[0m
[0m[ INFO] [1790473198.203900915, 1790471126.226414258]: rtabmap (822): Rate=1.00s, Limit=0.000s, Conversion=0.0010s, RTAB-Map=0.3232s, Maps update=0.0008s pub=0.0001s (local map=560, WM=560)[0m
[33m[ WARN] (2026-09-26 21:39:59.154) Memory.cpp:3200::computeTransform() Missing visual features or missing raw data to compute them. Transform cannot be estimated.[0m
[0m[ INFO] [1790473199.312381584, 1790471127.336753475]: rtabmap (823): Rate=1.00s, Limit=0.000s, Conversion=0.0014s, RTAB-Map=0.3322s, Maps update=0.0006s pub=0.0001s (local map=561, WM=561)[0m
[33m[ WARN] (2026-09-26 21:40:00.145) Memory.cpp:3200::computeTransform() Missing visual features or missing raw data to compute them. Transform cannot be estimated.[0m
[0m[ INFO] [1790473200.307284585, 1790471128.327366126]: rtabmap (824): Rate=1.00s, Limit=0.000s, Conversion=0.0013s, RTAB-Map=0.3232s, Maps update=0.0007s pub=0.0001s (local map=561, WM=561)[0m
[33m[ WARN] (2026-09-26 21:40:01.245) Memory.cpp:3200::computeTransform() Missing visual features or missing raw data to compute them. Transform cannot be estimated.[0m
[0m[ INFO] [1790473201.409634276, 1790471129.426797225]: rtabmap (825): Rate=1.00s, Limit=0.000s, Conversion=0.0013s, RTAB-Map=0.3318s, Maps update=0.0006s pub=0.0001s (local map=562, WM=562)[0m
[0m[ INFO] [1790473202.431598527, 1790471130.454495202]: rtabmap (826): Rate=1.00s, Limit=0.000s, Conversion=0.0014s, RTAB-Map=0.2276s, Maps update=0.0006s pub=0.0001s (local map=562, WM=562)[0m
[0m[ INFO] [1790473203.519990947, 1790471131.536520290]: rtabmap (827): Rate=1.00s, Limit=0.000s, Conversion=0.0014s, RTAB-Map=0.2337s, Maps update=0.0008s pub=0.0001s (local map=562, WM=562)[0m
[33m[ WARN] (2026-09-26 21:40:04.552) Memory.cpp:3200::computeTransform() Missing visual features or missing raw data to compute them. Transform cannot be estimated.[0m
[0m[ INFO] [1790473204.708277336, 1790471132.732091621]: rtabmap (828): Rate=1.00s, Limit=0.000s, Conversion=0.0013s, RTAB-Map=0.3254s, Maps update=0.0006s pub=0.0001s (local map=563, WM=563)[0m
[33m[ WARN] (2026-09-26 21:40:05.474) Transform.cpp:557::getTransform() No transform found for stamp 1790471133.460252! Latest is 1790471133.450296[0m
[33m[ WARN] (2026-09-26 21:40:05.647) Memory.cpp:3200::computeTransform() Missing visual features or missing raw data to compute them. Transform cannot be estimated.[0m
[0m[ INFO] [1790473205.810042156, 1790471133.826661163]: rtabmap (829): Rate=1.00s, Limit=0.000s, Conversion=0.0011s, RTAB-Map=0.3343s, Maps update=0.0008s pub=0.0001s (local map=564, WM=564)[0m
[33m[ WARN] (2026-09-26 21:40:06.746) Memory.cpp:3200::computeTransform() Missing visual features or missing raw data to compute them. Transform cannot be estimated.[0m
[0m[ INFO] [1790473206.898787124, 1790471134.920183431]: rtabmap (830): Rate=1.00s, Limit=0.000s, Conversion=0.0014s, RTAB-Map=0.3176s, Maps update=0.0006s pub=0.0001s (local map=565, WM=565)[0m
[33m[ WARN] (2026-09-26 21:40:07.762) Memory.cpp:3200::computeTransform() Missing visual features or missing raw data to compute them. Transform cannot be estimated.[0m
[0m[ INFO] [1790473207.914856239, 1790471135.938200215]: rtabmap (831): Rate=1.00s, Limit=0.000s, Conversion=0.0015s, RTAB-Map=0.3323s, Maps update=0.0007s pub=0.0001s (local map=566, WM=566)[0m
[0m[ INFO] [1790473208.902384856, 1790471136.915589235]: rtabmap (832): Rate=1.00s, Limit=0.000s, Conversion=0.0011s, RTAB-Map=0.3166s, Maps update=0.0006s pub=0.0001s (local map=567, WM=567)[0m
[0m[ INFO] [1790473209.986718992, 1790471138.006868502]: rtabmap (833): Rate=1.00s, Limit=0.000s, Conversion=0.0009s, RTAB-Map=0.3109s, Maps update=0.0006s pub=0.0001s (local map=568, WM=568)[0m
[0m[ INFO] [1790473211.116494416, 1790471139.138253863]: rtabmap (834): Rate=1.00s, Limit=0.000s, Conversion=0.0022s, RTAB-Map=0.3269s, Maps update=0.0006s pub=0.0001s (local map=569, WM=569)[0m
Warning: TF_REPEATED_DATA ignoring data with redundant timestamp for frame odom (parent map) at time 1790471139.392703 according to authority unknown_publisher
         at line 278 in /tmp/binarydeb/ros-noetic-tf2-0.7.7/src/buffer_core.cpp
Warning: TF_REPEATED_DATA ignoring data with redundant timestamp for frame odom (parent map) at time 1790471139.392703 according to authority /rtabmap/rtabmap
         at line 278 in /tmp/binarydeb/ros-noetic-tf2-0.7.7/src/buffer_core.cpp
[33m[ WARN] [1790473211.269811070, 1790471139.292703393]: TF_REPEATED_DATA ignoring data with redundant timestamp for frame odom (parent map) at time 1790471139.392703 according to authority unknown_publisher[0m
[0m[ INFO] [1790473212.172110708, 1790471140.191858709]: rtabmap (835): Rate=1.00s, Limit=0.000s, Conversion=0.0009s, RTAB-Map=0.2943s, Maps update=0.0009s pub=0.0001s (local map=570, WM=570)[0m
[0m[ INFO] [1790473213.198968162, 1790471141.215359839]: rtabmap (836): Rate=1.00s, Limit=0.000s, Conversion=0.0008s, RTAB-Map=0.3031s, Maps update=0.0008s pub=0.0001s (local map=571, WM=571)[0m
[0m[ INFO] [1790473214.303645364, 1790471142.328535949]: rtabmap (837): Rate=1.00s, Limit=0.000s, Conversion=0.0014s, RTAB-Map=0.3181s, Maps update=0.0008s pub=0.0001s (local map=572, WM=572)[0m
[0m[ INFO] [1790473215.386051479, 1790471143.410357545]: rtabmap (838): Rate=1.00s, Limit=0.000s, Conversion=0.0013s, RTAB-Map=0.2946s, Maps update=0.0006s pub=0.0001s (local map=573, WM=573)[0m
[0m[ INFO] [1790473216.293557412, 1790471144.318519805]: rtabmap (839): Rate=1.00s, Limit=0.000s, Conversion=0.0022s, RTAB-Map=0.3104s, Maps update=0.0008s pub=0.0001s (local map=574, WM=574)[0m
[0m[ INFO] [1790473217.389978621, 1790471145.408532209]: rtabmap (840): Rate=1.00s, Limit=0.000s, Conversion=0.0014s, RTAB-Map=0.3018s, Maps update=0.0008s pub=0.0001s (local map=575, WM=575)[0m
[0m[ INFO] [1790473218.353380066, 1790471146.379108451]: rtabmap (841): Rate=1.00s, Limit=0.000s, Conversion=0.0010s, RTAB-Map=0.2706s, Maps update=0.0005s pub=0.0001s (local map=576, WM=576)[0m
[0m[ INFO] [1790473219.423739651, 1790471147.446937289]: rtabmap (842): Rate=1.00s, Limit=0.000s, Conversion=0.0020s, RTAB-Map=0.3266s, Maps update=0.0010s pub=0.0001s (local map=577, WM=577)[0m
[0m[ INFO] [1790473220.539895055, 1790471148.565406702]: rtabmap (843): Rate=1.00s, Limit=0.000s, Conversion=0.0014s, RTAB-Map=0.3359s, Maps update=0.0007s pub=0.0001s (local map=578, WM=578)[0m
[0m[ INFO] [1790473221.615141156, 1790471149.631704867]: rtabmap (844): Rate=1.00s, Limit=0.000s, Conversion=0.0010s, RTAB-Map=0.3281s, Maps update=0.0009s pub=0.0001s (local map=579, WM=579)[0m
[0m[ INFO] [1790473222.719997047, 1790471150.742184178]: rtabmap (845): Rate=1.00s, Limit=0.000s, Conversion=0.0009s, RTAB-Map=0.3326s, Maps update=0.0006s pub=0.0001s (local map=580, WM=580)[0m
[0m[ INFO] [1790473223.880310653, 1790471151.901225387]: rtabmap (846): Rate=1.00s, Limit=0.000s, Conversion=0.0014s, RTAB-Map=0.3402s, Maps update=0.0007s pub=0.0001s (local map=581, WM=581)[0m
[0m[ INFO] [1790473224.981966189, 1790471153.000664867]: rtabmap (847): Rate=1.00s, Limit=0.000s, Conversion=0.0014s, RTAB-Map=0.3914s, Maps update=0.0009s pub=0.0001s (local map=582, WM=582)[0m
[0m[ INFO] [1790473225.916900192, 1790471153.940333000]: rtabmap (848): Rate=1.00s, Limit=0.000s, Conversion=0.0014s, RTAB-Map=0.3206s, Maps update=0.0007s pub=0.0001s (local map=583, WM=583)[0m
[0m[ INFO] [1790473227.121055356, 1790471155.141659750]: rtabmap (849): Rate=1.00s, Limit=0.000s, Conversion=0.0014s, RTAB-Map=0.3284s, Maps update=0.0010s pub=0.0001s (local map=584, WM=584)[0m
[0m[ INFO] [1790473228.134621466, 1790471156.150199726]: rtabmap (850): Rate=1.00s, Limit=0.000s, Conversion=0.0015s, RTAB-Map=0.3557s, Maps update=0.0006s pub=0.0001s (local map=585, WM=585)[0m
[0m[ INFO] [1790473229.256491682, 1790471157.282243940]: rtabmap (851): Rate=1.00s, Limit=0.000s, Conversion=0.0013s, RTAB-Map=0.3726s, Maps update=0.0006s pub=0.0001s (local map=586, WM=586)[0m
Warning: TF_REPEATED_DATA ignoring data with redundant timestamp for frame odom (parent map) at time 1790471157.531529 according to authority unknown_publisher
         at line 278 in /tmp/binarydeb/ros-noetic-tf2-0.7.7/src/buffer_core.cpp
Warning: TF_REPEATED_DATA ignoring data with redundant timestamp for frame odom (parent map) at time 1790471157.531529 according to authority /rtabmap/rtabmap
         at line [33m[ WARN] [1790473229.407091091, 1790471157.431528614]: TF_REPEATED_DATA ignoring data with redundant timestamp for frame odom (parent map) at time 1790471157.531529 according to authority unknown_publisher[0m
278 in /tmp/binarydeb/ros-noetic-tf2-0.7.7/src/buffer_core.cpp
[0m[ INFO] [1790473230.242644282, 1790471158.258707828]: rtabmap (852): Rate=1.00s, Limit=0.000s, Conversion=0.0012s, RTAB-Map=0.3347s, Maps update=0.0006s pub=0.0001s (local map=587, WM=587)[0m
[0m[ INFO] [1790473231.304673760, 1790471159.329073971]: rtabmap (853): Rate=1.00s, Limit=0.000s, Conversion=0.0015s, RTAB-Map=0.3236s, Maps update=0.0006s pub=0.0001s (local map=588, WM=588)[0m
[0m[ INFO] [1790473232.348031486, 1790471160.366111149]: rtabmap (854): Rate=1.00s, Limit=0.000s, Conversion=0.0012s, RTAB-Map=0.3361s, Maps update=0.0006s pub=0.0001s (local map=589, WM=589)[0m
[0m[ INFO] [1790473233.408461138, 1790471161.425705337]: rtabmap (855): Rate=1.00s, Limit=0.000s, Conversion=0.0015s, RTAB-Map=0.3265s, Maps update=0.0007s pub=0.0001s (local map=590, WM=590)[0m
[0m[ INFO] [1790473234.523056556, 1790471162.545569739]: rtabmap (856): Rate=1.00s, Limit=0.000s, Conversion=0.0020s, RTAB-Map=0.3426s, Maps update=0.0010s pub=0.0001s (local map=591, WM=591)[0m
[0m[ INFO] [1790473235.625754726, 1790471163.648793195]: rtabmap (857): Rate=1.00s, Limit=0.000s, Conversion=0.0014s, RTAB-Map=0.3369s, Maps update=0.0007s pub=0.0001s (local map=592, WM=592)[0m
[0m[ INFO] [1790473236.610110250, 1790471164.628429820]: rtabmap (858): Rate=1.00s, Limit=0.000s, Conversion=0.0009s, RTAB-Map=0.3229s, Maps update=0.0006s pub=0.0001s (local map=593, WM=593)[0m
[0m[ INFO] [1790473237.707898927, 1790471165.731645851]: rtabmap (859): Rate=1.00s, Limit=0.000s, Conversion=0.0010s, RTAB-Map=0.3280s, Maps update=0.0008s pub=0.0001s (local map=594, WM=594)[0m
[0m[ INFO] [1790473238.785168664, 1790471166.810235186]: rtabmap (860): Rate=1.00s, Limit=0.000s, Conversion=0.0008s, RTAB-Map=0.3061s, Maps update=0.0005s pub=0.0001s (local map=595, WM=595)[0m
[0m[ INFO] [1790473239.826399390, 1790471167.844077032]: rtabmap (861): Rate=1.00s, Limit=0.000s, Conversion=0.0015s, RTAB-Map=0.3262s, Maps update=0.0005s pub=0.0001s (local map=596, WM=596)[0m
[0m[ INFO] [1790473240.902133333, 1790471168.919199930]: rtabmap (862): Rate=1.00s, Limit=0.000s, Conversion=0.0009s, RTAB-Map=0.3230s, Maps update=0.0007s pub=0.0001s (local map=597, WM=597)[0m
[0m[ INFO] [1790473242.035844795, 1790471170.058111128]: rtabmap (863): Rate=1.00s, Limit=0.000s, Conversion=0.0017s, RTAB-Map=0.3513s, Maps update=0.0009s pub=0.0001s (local map=598, WM=598)[0m
[0m[ INFO] [1790473243.122244838, 1790471171.140991356]: rtabmap (864): Rate=1.00s, Limit=0.000s, Conversion=0.0009s, RTAB-Map=0.3317s, Maps update=0.0009s pub=0.0001s (local map=599, WM=599)[0m
[0m[ INFO] [1790473244.217474926, 1790471172.238700863]: rtabmap (865): Rate=1.00s, Limit=0.000s, Conversion=0.0009s, RTAB-Map=0.3336s, Maps update=0.0011s pub=0.0001s (local map=600, WM=600)[0m
[0m[ INFO] [1790473245.216155947, 1790471173.236586515]: rtabmap (866): Rate=1.00s, Limit=0.000s, Conversion=0.0016s, RTAB-Map=0.3279s, Maps update=0.0006s pub=0.0001s (local map=601, WM=601)[0m
[0m[ INFO] [1790473246.317754648, 1790471174.335390210]: rtabmap (867): Rate=1.00s, Limit=0.000s, Conversion=0.0009s, RTAB-Map=0.3300s, Maps update=0.0006s pub=0.0001s (local map=602, WM=602)[0m
[0m[ INFO] [1790473247.313507477, 1790471175.337799879]: rtabmap (868): Rate=1.00s, Limit=0.000s, Conversion=0.0011s, RTAB-Map=0.3266s, Maps update=0.0007s pub=0.0001s (local map=603, WM=603)[0m
Warning: TF_REPEATED_DATA ignoring data with redundant timestamp for frame odom (parent map) at time 1790471175.589744 according to authority unknown_publisher
         at line 278 in /tmp/binarydeb/ros-noetic-tf2-0.7.7/src/buffer_core.cpp
[33m[ WARN] [1790473247.464666507, 1790471175.489744261]: TF_REPEATED_DATA ignoring data with redundant timestamp for frame odom (parent map) at time 1790471175.589744 according to authority unknown_publisher[0m
Warning: TF_REPEATED_DATA ignoring data with redundant timestamp for frame odom (parent map) at time 1790471175.589744 according to authority /rtabmap/rtabmap
         at line 278 in /tmp/binarydeb/ros-noetic-tf2-0.7.7/src/buffer_core.cpp
[0m[ INFO] [1790473248.404644785, 1790471176.429294055]: rtabmap (869): Rate=1.00s, Limit=0.000s, Conversion=0.0011s, RTAB-Map=0.3209s, Maps update=0.0007s pub=0.0001s (local map=604, WM=604)[0m
[0m[ INFO] [1790473249.505577398, 1790471177.530111755]: rtabmap (870): Rate=1.00s, Limit=0.000s, Conversion=0.0014s, RTAB-Map=0.3247s, Maps update=0.0009s pub=0.0001s (local map=605, WM=605)[0m
[0m[ INFO] [1790473250.522278676, 1790471178.540726951]: rtabmap (871): Rate=1.00s, Limit=0.000s, Conversion=0.0015s, RTAB-Map=0.3271s, Maps update=0.0006s pub=0.0001s (local map=606, WM=606)[0m
[0m[ INFO] [1790473251.518026704, 1790471179.538128661]: rtabmap (872): Rate=1.00s, Limit=0.000s, Conversion=0.0015s, RTAB-Map=0.3277s, Maps update=0.0008s pub=0.0001s (local map=607, WM=607)[0m
[0m[ INFO] [1790473252.521325149, 1790471180.545364813]: rtabmap (873): Rate=1.00s, Limit=0.000s, Conversion=0.0014s, RTAB-Map=0.3232s, Maps update=0.0007s pub=0.0001s (local map=608, WM=608)[0m
[0m[ INFO] [1790473253.629506544, 1790471181.654936174]: rtabmap (874): Rate=1.00s, Limit=0.000s, Conversion=0.0010s, RTAB-Map=0.3331s, Maps update=0.0008s pub=0.0001s (local map=609, WM=609)[0m
[0m[ INFO] [1790473254.632358552, 1790471182.656469416]: rtabmap (875): Rate=1.00s, Limit=0.000s, Conversion=0.0014s, RTAB-Map=0.3431s, Maps update=0.0007s pub=0.0001s (local map=610, WM=610)[0m
[0m[ INFO] [1790473255.751778755, 1790471183.767689947]: rtabmap (876): Rate=1.00s, Limit=0.000s, Conversion=0.0026s, RTAB-Map=0.3578s, Maps update=0.0006s pub=0.0001s (local map=611, WM=611)[0m
[0m[ INFO] [1790473256.876492615, 1790471184.901520385]: rtabmap (877): Rate=1.00s, Limit=0.000s, Conversion=0.0016s, RTAB-Map=0.3763s, Maps update=0.0011s pub=0.0001s (local map=612, WM=612)[0m
[0m[ INFO] [1790473257.855675633, 1790471185.879423037]: rtabmap (878): Rate=1.00s, Limit=0.000s, Conversion=0.0015s, RTAB-Map=0.3833s, Maps update=0.0008s pub=0.0001s (local map=613, WM=613)[0m
[0m[ INFO] [1790473258.837825370, 1790471186.856295502]: rtabmap (879): Rate=1.00s, Limit=0.000s, Conversion=0.0010s, RTAB-Map=0.3502s, Maps update=0.0006s pub=0.0001s (local map=614, WM=614)[0m
[0m[ INFO] [1790473259.940299759, 1790471187.965313705]: rtabmap (880): Rate=1.00s, Limit=0.000s, Conversion=0.0015s, RTAB-Map=0.3541s, Maps update=0.0006s pub=0.0001s (local map=615, WM=615)[0m
[33m[ WARN] (2026-09-26 21:41:00.833) Memory.cpp:3200::computeTransform() Missing visual features or missing raw data to compute them. Transform cannot be estimated.[0m
[0m[ INFO] [1790473261.035248339, 1790471189.053917704]: rtabmap (881): Rate=1.00s, Limit=0.000s, Conversion=0.0010s, RTAB-Map=0.3562s, Maps update=0.0006s pub=0.0001s (local map=616, WM=616)[0m
[33m[ WARN] (2026-09-26 21:41:01.840) Memory.cpp:3200::computeTransform() Missing visual features or missing raw data to compute them. Transform cannot be estimated.[0m
[33m[ WARN] (2026-09-26 21:41:01.841) Memory.cpp:3200::computeTransform() Missing visual features or missing raw data to compute them. Transform cannot be estimated.[0m
[0m[ INFO] [1790473262.056262397, 1790471190.074625039]: rtabmap (882): Rate=1.00s, Limit=0.000s, Conversion=0.0015s, RTAB-Map=0.3751s, Maps update=0.0006s pub=0.0001s (local map=617, WM=617)[0m
[33m[ WARN] (2026-09-26 21:41:02.949) Memory.cpp:3200::computeTransform() Missing visual features or missing raw data to compute them. Transform cannot be estimated.[0m
[33m[ WARN] (2026-09-26 21:41:02.949) Memory.cpp:3200::computeTransform() Missing visual features or missing raw data to compute them. Transform cannot be estimated.[0m
[0m[ INFO] [1790473263.151052063, 1790471191.168056547]: rtabmap (883): Rate=1.00s, Limit=0.000s, Conversion=0.0015s, RTAB-Map=0.3712s, Maps update=0.0006s pub=0.0001s (local map=618, WM=618)[0m
[33m[ WARN] (2026-09-26 21:41:04.048) Memory.cpp:3200::computeTransform() Missing visual features or missing raw data to compute them. Transform cannot be estimated.[0m
[33m[ WARN] (2026-09-26 21:41:04.059) Memory.cpp:3200::computeTransform() Missing visual features or missing raw data to compute them. Transform cannot be estimated.[0m
[0m[ INFO] [1790473264.270276935, 1790471192.289587555]: rtabmap (884): Rate=1.00s, Limit=0.000s, Conversion=0.0010s, RTAB-Map=0.3882s, Maps update=0.0008s pub=0.0001s (local map=619, WM=619)[0m
[33m[ WARN] (2026-09-26 21:41:05.046) Memory.cpp:3200::computeTransform() Missing visual features or missing raw data to compute them. Transform cannot be estimated.[0m
[33m[ WARN] (2026-09-26 21:41:05.057) Memory.cpp:3200::computeTransform() Missing visual features or missing raw data to compute them. Transform cannot be estimated.[0m
[0m[ INFO] [1790473265.268679390, 1790471193.286857262]: rtabmap (885): Rate=1.00s, Limit=0.000s, Conversion=0.0009s, RTAB-Map=0.3883s, Maps update=0.0011s pub=0.0001s (local map=620, WM=620)[0m
Warning: [33m[ WARN] [1790473265.419138316, 1790471193.296928026]: TF_REPEATED_DATA ignoring data with redundant timestamp for frame odom (parent map) at time 1790471193.542534 according to authority unknown_publisher[0m
TF_REPEATED_DATA ignoring data with redundant timestamp for frame odom (parent map) at time 1790471193.542534 according to authority unknown_publisherWarning: 
TF_REPEATED_DATA ignoring data with redundant timestamp for frame odom (parent map) at time 1790471193.542534 according to authority /rtabmap/rtabmap         at line 
         at line 278 in /tmp/binarydeb/ros-noetic-tf2-0.7.7/src/buffer_core.cpp278
 in /tmp/binarydeb/ros-noetic-tf2-0.7.7/src/buffer_core.cpp
[33m[ WARN] (2026-09-26 21:41:06.053) Memory.cpp:3200::computeTransform() Missing visual features or missing raw data to compute them. Transform cannot be estimated.[0m
[33m[ WARN] (2026-09-26 21:41:06.053) Memory.cpp:3200::computeTransform() Missing visual features or missing raw data to compute them. Transform cannot be estimated.[0m
[0m[ INFO] [1790473266.254545871, 1790471194.278105337]: rtabmap (886): Rate=1.00s, Limit=0.000s, Conversion=0.0010s, RTAB-Map=0.3728s, Maps update=0.0007s pub=0.0001s (local map=621, WM=621)[0m
[33m[ WARN] (2026-09-26 21:41:07.155) Memory.cpp:3200::computeTransform() Missing visual features or missing raw data to compute them. Transform cannot be estimated.[0m
[33m[ WARN] (2026-09-26 21:41:07.155) Memory.cpp:3200::computeTransform() Missing visual features or missing raw data to compute them. Transform cannot be estimated.[0m
[0m[ INFO] [1790473267.368254651, 1790471195.390805498]: rtabmap (887): Rate=1.00s, Limit=0.000s, Conversion=0.0015s, RTAB-Map=0.3845s, Maps update=0.0010s pub=0.0001s (local map=622, WM=622)[0m
[0m[ INFO] [1790473268.245066425, 1790471196.269069256]: rtabmap (888): Rate=1.00s, Limit=0.000s, Conversion=0.0014s, RTAB-Map=0.2614s, Maps update=0.0008s pub=0.0001s (local map=622, WM=622)[0m
[0m[ INFO] [1790473269.231590001, 1790471197.248111952]: rtabmap (889): Rate=1.00s, Limit=0.000s, Conversion=0.0014s, RTAB-Map=0.2487s, Maps update=0.0007s pub=0.0001s (local map=622, WM=622)[0m
[0m[ INFO] [1790473270.333811202, 1790471198.356352865]: rtabmap (890): Rate=1.00s, Limit=0.000s, Conversion=0.0010s, RTAB-Map=0.2512s, Maps update=0.0009s pub=0.0001s (local map=622, WM=622)[0m
[0m[ INFO] [1790473271.447201802, 1790471199.464277710]: rtabmap (891): Rate=1.00s, Limit=0.000s, Conversion=0.0014s, RTAB-Map=0.2567s, Maps update=0.0006s pub=0.0001s (local map=622, WM=622)[0m
[0m[ INFO] [1790473272.546906239, 1790471200.563746593]: rtabmap (892): Rate=1.00s, Limit=0.000s, Conversion=0.0014s, RTAB-Map=0.2721s, Maps update=0.0008s pub=0.0001s (local map=622, WM=622)[0m
[0m[ INFO] [1790473273.558505955, 1790471201.581880587]: rtabmap (893): Rate=1.00s, Limit=0.000s, Conversion=0.0010s, RTAB-Map=0.2627s, Maps update=0.0008s pub=0.0001s (local map=622, WM=622)[0m
[0m[ INFO] [1790473274.650475301, 1790471202.671112752]: rtabmap (894): Rate=1.00s, Limit=0.000s, Conversion=0.0015s, RTAB-Map=0.2630s, Maps update=0.0006s pub=0.0001s (local map=622, WM=622)[0m
[33m[ WARN] (2026-09-26 21:41:15.664) Memory.cpp:3200::computeTransform() Missing visual features or missing raw data to compute them. Transform cannot be estimated.[0m
[33m[ WARN] (2026-09-26 21:41:15.664) Memory.cpp:3200::computeTransform() Missing visual features or missing raw data to compute them. Transform cannot be estimated.[0m
[0m[ INFO] [1790473275.874284461, 1790471203.890688907]: rtabmap (895): Rate=1.00s, Limit=0.000s, Conversion=0.0012s, RTAB-Map=0.3844s, Maps update=0.0013s pub=0.0001s (local map=623, WM=623)[0m
[0m[ INFO] [1790473276.757489904, 1790471204.779708172]: rtabmap (896): Rate=1.00s, Limit=0.000s, Conversion=0.0013s, RTAB-Map=0.2758s, Maps update=0.0008s pub=0.0001s (local map=623, WM=623)[0m
[33m[ WARN] (2026-09-26 21:41:17.770) Memory.cpp:3200::computeTransform() Missing visual features or missing raw data to compute them. Transform cannot be estimated.[0m
[33m[ WARN] (2026-09-26 21:41:17.770) Memory.cpp:3200::computeTransform() Missing visual features or missing raw data to compute them. Transform cannot be estimated.[0m
[0m[ INFO] [1790473278.007866997, 1790471206.033575318]: rtabmap (897): Rate=1.00s, Limit=0.000s, Conversion=0.0010s, RTAB-Map=0.3959s, Maps update=0.0008s pub=0.0001s (local map=624, WM=624)[0m
[33m[ WARN] (2026-09-26 21:41:18.870) Memory.cpp:3200::computeTransform() Missing visual features or missing raw data to compute them. Transform cannot be estimated.[0m
[33m[ WARN] (2026-09-26 21:41:18.871) Memory.cpp:3200::computeTransform() Missing visual features or missing raw data to compute them. Transform cannot be estimated.[0m
[0m[ INFO] [1790473279.094722719, 1790471207.114055932]: rtabmap (898): Rate=1.00s, Limit=0.000s, Conversion=0.0009s, RTAB-Map=0.3921s, Maps update=0.0010s pub=0.0001s (local map=625, WM=625)[0m
[33m[ WARN] (2026-09-26 21:41:19.879) Memory.cpp:3200::computeTransform() Missing visual features or missing raw data to compute them. Transform cannot be estimated.[0m
[33m[ WARN] (2026-09-26 21:41:19.880) Memory.cpp:3200::computeTransform() Missing visual features or missing raw data to compute them. Transform cannot be estimated.[0m
[0m[ INFO] [1790473280.083603631, 1790471208.103083149]: rtabmap (899): Rate=1.00s, Limit=0.000s, Conversion=0.0013s, RTAB-Map=0.3795s, Maps update=0.0008s pub=0.0001s (local map=626, WM=626)[0m
[33m[ WARN] (2026-09-26 21:41:20.855) Memory.cpp:3200::computeTransform() Missing visual features or missing raw data to compute them. Transform cannot be estimated.[0m
[33m[ WARN] (2026-09-26 21:41:20.855) Memory.cpp:3200::computeTransform() Missing visual features or missing raw data to compute them. Transform cannot be estimated.[0m
[0m[ INFO] [1790473281.064644267, 1790471209.074776677]: rtabmap (900): Rate=1.00s, Limit=0.000s, Conversion=0.0014s, RTAB-Map=0.3742s, Maps update=0.0008s pub=0.0001s (local map=627, WM=627)[0m
[33m[ WARN] (2026-09-26 21:41:21.939) Memory.cpp:3200::computeTransform() Missing visual features or missing raw data to compute them. Transform cannot be estimated.[0m
[33m[ WARN] (2026-09-26 21:41:21.940) Memory.cpp:3200::computeTransform() Missing visual features or missing raw data to compute them. Transform cannot be estimated.[0m
[0m[ INFO] [1790473282.155714530, 1790471210.174097589]: rtabmap (901): Rate=1.00s, Limit=0.000s, Conversion=0.0011s, RTAB-Map=0.3677s, Maps update=0.0009s pub=0.0001s (local map=628, WM=628)[0m
[33m[ WARN] (2026-09-26 21:41:23.042) Memory.cpp:3200::computeTransform() Missing visual features or missing raw data to compute them. Transform cannot be estimated.[0m
[33m[ WARN] (2026-09-26 21:41:23.043) Memory.cpp:3200::computeTransform() Missing visual features or missing raw data to compute them. Transform cannot be estimated.[0m
[0m[ INFO] [1790473283.273958909, 1790471211.296899936]: rtabmap (902): Rate=1.00s, Limit=0.000s, Conversion=0.0011s, RTAB-Map=0.3831s, Maps update=0.0010s pub=0.0001s (local map=629, WM=629)[0m
[33m[ WARN] (2026-09-26 21:41:24.139) Memory.cpp:3200::computeTransform() Missing visual features or missing raw data to compute them. Transform cannot be estimated.[0m
[0m[ INFO] [1790473284.344335894, 1790471212.361025591]: rtabmap (903): Rate=1.00s, Limit=0.000s, Conversion=0.0010s, RTAB-Map=0.3532s, Maps update=0.0007s pub=0.0001s (local map=630, WM=630)[0m
[33m[ WARN] (2026-09-26 21:41:25.126) Memory.cpp:3200::computeTransform() Missing visual features or missing raw data to compute them. Transform cannot be estimated.[0m
[0m[ INFO] [1790473285.338534622, 1790471213.361518722]: rtabmap (904): Rate=1.00s, Limit=0.000s, Conversion=0.0012s, RTAB-Map=0.3586s, Maps update=0.0008s pub=0.0001s (local map=631, WM=631)[0m
[33m[ WARN] (2026-09-26 21:41:26.239) Memory.cpp:3200::computeTransform() Missing visual features or missing raw data to compute them. Transform cannot be estimated.[0m
[0m[ INFO] [1790473286.459527894, 1790471214.475808402]: rtabmap (905): Rate=1.00s, Limit=0.000s, Conversion=0.0010s, RTAB-Map=0.3678s, Maps update=0.0008s pub=0.0001s (local map=632, WM=632)[0m
[33m[ WARN] (2026-09-26 21:41:27.226) Memory.cpp:3200::computeTransform() Missing visual features or missing raw data to compute them. Transform cannot be estimated.[0m
[0m[ INFO] [1790473287.427552934, 1790471215.446035833]: rtabmap (906): Rate=1.00s, Limit=0.000s, Conversion=0.0009s, RTAB-Map=0.3477s, Maps update=0.0011s pub=0.0001s (local map=633, WM=633)[0m
[33m[ WARN] (2026-09-26 21:41:28.334) Memory.cpp:3200::computeTransform() Missing visual features or missing raw data to compute them. Transform cannot be estimated.[0m
[0m[ INFO] [1790473288.552773195, 1790471216.575262249]: rtabmap (907): Rate=1.00s, Limit=0.000s, Conversion=0.0009s, RTAB-Map=0.3643s, Maps update=0.0008s pub=0.0001s (local map=634, WM=634)[0m
[33m[ WARN] (2026-09-26 21:41:29.327) Memory.cpp:3200::computeTransform() Missing visual features or missing raw data to compute them. Transform cannot be estimated.[0m
[0m[ INFO] [1790473289.539969863, 1790471217.556029985]: rtabmap (908): Rate=1.00s, Limit=0.000s, Conversion=0.0010s, RTAB-Map=0.3597s, Maps update=0.0006s pub=0.0001s (local map=635, WM=635)[0m
Warning: TF_REPEATED_DATA ignoring data with redundant timestamp for frame odom (parent map) at time 1790471218.082786 according to authority unknown_publisher
         at line 278 in /tmp/binarydeb/ros-noetic-tf2-0.7.7/src/buffer_core.cpp
Warning: TF_REPEATED_DATA ignoring data with redundant timestamp for frame odom (parent map) at time 1790471218.082786 according to authority /rtabmap/rtabmap
         at line 278 in /tmp/binarydeb/ros-noetic-tf2-0.7.7/src/buffer_core.cpp
[33m[ WARN] [1790473289.961725299, 1790471217.982786434]: TF_REPEATED_DATA ignoring data with redundant timestamp for frame odom (parent map) at time 1790471218.082786 according to authority unknown_publisher[0m
[33m[ WARN] [1790473292.386942255, 1790471220.409552847]: We are receiving imu data (buffer=1000), but cannot interpolate imu transform at time 1790471220.369302. IMU won't be added to graph.[0m
[33m[ WARN] (2026-09-26 21:41:30.436) Memory.cpp:3200::computeTransform() Missing visual features or missing raw data to compute them. Transform cannot be estimated.[0m
[0m[ INFO] [1790473290.628326177, 1790471218.651235684]: rtabmap (909): Rate=1.00s, Limit=0.000s, Conversion=0.0015s, RTAB-Map=0.3401s, Maps update=0.0007s pub=0.0001s (local map=636, WM=636)[0m
[33m[ WARN] (2026-09-26 21:41:31.468) Memory.cpp:3200::computeTransform() Missing visual features or missing raw data to compute them. Transform cannot be estimated.[0m
[0m[ INFO] [1790473291.678474656, 1790471219.701782024]: rtabmap (910): Rate=1.00s, Limit=0.000s, Conversion=0.0015s, RTAB-Map=0.3621s, Maps update=0.0009s pub=0.0001s (local map=637, WM=637)[0m
[33m[ WARN] (2026-09-26 21:41:32.386) Transform.cpp:557::getTransform() No transform found for stamp 1790471220.369302! Latest is 1790471220.361830[0m
[33m[ WARN] (2026-09-26 21:41:32.540) Memory.cpp:3200::computeTransform() Missing visual features or missing raw data to compute them. Transform cannot be estimated.[0m
[0m[ INFO] [1790473292.755100636, 1790471220.772117087]: rtabmap (911): Rate=1.00s, Limit=0.000s, Conversion=0.0013s, RTAB-Map=0.3672s, Maps update=0.0006s pub=0.0001s (local map=638, WM=638)[0m
[33m[ WARN] (2026-09-26 21:41:33.631) Memory.cpp:3200::computeTransform() Missing visual features or missing raw data to compute them. Transform cannot be estimated.[0m
[0m[ INFO] [1790473293.843792120, 1790471221.862454798]: rtabmap (912): Rate=1.00s, Limit=0.000s, Conversion=0.0010s, RTAB-Map=0.3619s, Maps update=0.0007s pub=0.0001s (local map=639, WM=639)[0m
[33m[ WARN] (2026-09-26 21:41:34.638) Memory.cpp:3200::computeTransform() Missing visual features or missing raw data to compute them. Transform cannot be estimated.[0m
[0m[ INFO] [1790473294.833959508, 1790471222.852043683]: rtabmap (913): Rate=1.00s, Limit=0.000s, Conversion=0.0014s, RTAB-Map=0.3457s, Maps update=0.0008s pub=0.0001s (local map=640, WM=640)[0m
[33m[ WARN] (2026-09-26 21:41:35.650) Memory.cpp:3200::computeTransform() Missing visual features or missing raw data to compute them. Transform cannot be estimated.[0m
[0m[ INFO] [1790473295.841858670, 1790471223.859621722]: rtabmap (914): Rate=1.00s, Limit=0.000s, Conversion=0.0014s, RTAB-Map=0.3587s, Maps update=0.0008s pub=0.0001s (local map=641, WM=641)[0m
[33m[ WARN] (2026-09-26 21:41:36.635) Memory.cpp:3200::computeTransform() Missing visual features or missing raw data to compute them. Transform cannot be estimated.[0m
[0m[ INFO] [1790473296.827025652, 1790471224.846644500]: rtabmap (915): Rate=1.00s, Limit=0.000s, Conversion=0.0010s, RTAB-Map=0.3387s, Maps update=0.0006s pub=0.0001s (local map=642, WM=642)[0m
[33m[ WARN] (2026-09-26 21:41:37.733) Memory.cpp:3200::computeTransform() Missing visual features or missing raw data to compute them. Transform cannot be estimated.[0m
[0m[ INFO] [1790473298.023179217, 1790471226.039664591]: rtabmap (916): Rate=1.00s, Limit=0.000s, Conversion=0.0009s, RTAB-Map=0.4437s, Maps update=0.0007s pub=0.0001s (local map=643, WM=643)[0m
[33m[ WARN] (2026-09-26 21:41:38.753) Memory.cpp:3200::computeTransform() Missing visual features or missing raw data to compute them. Transform cannot be estimated.[0m
[0m[ INFO] [1790473298.964434400, 1790471226.979837202]: rtabmap (917): Rate=1.00s, Limit=0.000s, Conversion=0.0013s, RTAB-Map=0.3782s, Maps update=0.0010s pub=0.0001s (local map=644, WM=644)[0m
[33m[ WARN] (2026-09-26 21:41:39.839) Memory.cpp:3200::computeTransform() Missing visual features or missing raw data to compute them. Transform cannot be estimated.[0m
[0m[ INFO] [1790473300.050756674, 1790471228.070478851]: rtabmap (918): Rate=1.00s, Limit=0.000s, Conversion=0.0015s, RTAB-Map=0.3598s, Maps update=0.0008s pub=0.0001s (local map=645, WM=645)[0m
[33m[ WARN] (2026-09-26 21:41:40.947) Memory.cpp:3200::computeTransform() Missing visual features or missing raw data to compute them. Transform cannot be estimated.[0m
[0m[ INFO] [1790473301.153401907, 1790471229.170282646]: rtabmap (919): Rate=1.00s, Limit=0.000s, Conversion=0.0015s, RTAB-Map=0.3688s, Maps update=0.0008s pub=0.0001s (local map=646, WM=646)[0m
[33m[ WARN] (2026-09-26 21:41:41.988) Memory.cpp:3200::computeTransform() Missing visual features or missing raw data to compute them. Transform cannot be estimated.[0m
[0m[ INFO] [1790473302.186815806, 1790471230.208168657]: rtabmap (920): Rate=1.00s, Limit=0.000s, Conversion=0.0014s, RTAB-Map=0.3625s, Maps update=0.0008s pub=0.0001s (local map=647, WM=647)[0m
[33m[ WARN] (2026-09-26 21:41:43.036) Memory.cpp:3200::computeTransform() Missing visual features or missing raw data to compute them. Transform cannot be estimated.[0m
[0m[ INFO] [1790473303.230288213, 1790471231.247252632]: rtabmap (921): Rate=1.00s, Limit=0.000s, Conversion=0.0009s, RTAB-Map=0.3420s, Maps update=0.0006s pub=0.0001s (local map=648, WM=648)[0m
[33m[ WARN] (2026-09-26 21:41:44.035) Memory.cpp:3200::computeTransform() Missing visual features or missing raw data to compute them. Transform cannot be estimated.[0m
[0m[ INFO] [1790473304.244567602, 1790471232.260800398]: rtabmap (922): Rate=1.00s, Limit=0.000s, Conversion=0.0010s, RTAB-Map=0.3577s, Maps update=0.0007s pub=0.0001s (local map=649, WM=649)[0m
[33m[ WARN] (2026-09-26 21:41:45.135) Memory.cpp:3200::computeTransform() Missing visual features or missing raw data to compute them. Transform cannot be estimated.[0m
[0m[ INFO] [1790473305.342177069, 1790471233.359508469]: rtabmap (923): Rate=1.00s, Limit=0.000s, Conversion=0.0010s, RTAB-Map=0.3539s, Maps update=0.0008s pub=0.0001s (local map=650, WM=650)[0m
[33m[ WARN] (2026-09-26 21:41:46.238) Memory.cpp:3200::computeTransform() Missing visual features or missing raw data to compute them. Transform cannot be estimated.[0m
[0m[ INFO] [1790473306.447463259, 1790471234.469600981]: rtabmap (924): Rate=1.00s, Limit=0.000s, Conversion=0.0013s, RTAB-Map=0.3664s, Maps update=0.0007s pub=0.0001s (local map=651, WM=651)[0m
[33m[ WARN] (2026-09-26 21:41:47.240) Memory.cpp:3200::computeTransform() Missing visual features or missing raw data to compute them. Transform cannot be estimated.[0m
[0m[ INFO] [1790473307.439478345, 1790471235.462503501]: rtabmap (925): Rate=1.00s, Limit=0.000s, Conversion=0.0016s, RTAB-Map=0.3478s, Maps update=0.0006s pub=0.0001s (local map=652, WM=652)[0m
[33m[ WARN] (2026-09-26 21:41:48.360) Memory.cpp:3200::computeTransform() Missing visual features or missing raw data to compute them. Transform cannot be estimated.[0m
[0m[ INFO] [1790473308.564461673, 1790471236.584018632]: rtabmap (926): Rate=1.00s, Limit=0.000s, Conversion=0.0016s, RTAB-Map=0.3675s, Maps update=0.0010s pub=0.0001s (local map=653, WM=653)[0m
Warning: TF_REPEATED_DATA ignoring data with redundant timestamp for frame odom (parent map) at time 1790471236.841076 according to authority unknown_publisher
         at line 278 in /tmp/binarydeb/ros-noetic-tf2-0.7.7/src/buffer_core.cpp
[33m[ WARN] [1790473308.716456327, 1790471236.741076412]: TF_REPEATED_DATA ignoring data with redundant timestamp for frame odom (parent map) at time 1790471236.841076 according to authority unknown_publisher[0m
Warning: TF_REPEATED_DATA ignoring data with redundant timestamp for frame odom (parent map) at time 1790471236.841076 according to authority /rtabmap/rtabmap
         at line 278 in /tmp/binarydeb/ros-noetic-tf2-0.7.7/src/buffer_core.cpp
[33m[ WARN] (2026-09-26 21:41:49.453) Memory.cpp:3200::computeTransform() Missing visual features or missing raw data to compute them. Transform cannot be estimated.[0m
[0m[ INFO] [1790473309.674884653, 1790471237.691364139]: rtabmap (927): Rate=1.00s, Limit=0.000s, Conversion=0.0016s, RTAB-Map=0.3879s, Maps update=0.0010s pub=0.0001s (local map=654, WM=654)[0m
[33m[ WARN] (2026-09-26 21:41:50.560) Memory.cpp:3200::computeTransform() Missing visual features or missing raw data to compute them. Transform cannot be estimated.[0m
[0m[ INFO] [1790473310.767957335, 1790471238.784582678]: rtabmap (928): Rate=1.00s, Limit=0.000s, Conversion=0.0013s, RTAB-Map=0.3705s, Maps update=0.0012s pub=0.0001s (local map=655, WM=655)[0m
[33m[ WARN] (2026-09-26 21:41:51.653) Memory.cpp:3200::computeTransform() Missing visual features or missing raw data to compute them. Transform cannot be estimated.[0m
[0m[ INFO] [1790473311.889417009, 1790471239.909412340]: rtabmap (929): Rate=1.00s, Limit=0.000s, Conversion=0.0015s, RTAB-Map=0.4002s, Maps update=0.0008s pub=0.0001s (local map=656, WM=656)[0m
[33m[ WARN] (2026-09-26 21:41:52.755) Memory.cpp:3200::computeTransform() Missing visual features or missing raw data to compute them. Transform cannot be estimated.[0m
[0m[ INFO] [1790473312.968014623, 1790471240.991980621]: rtabmap (930): Rate=1.00s, Limit=0.000s, Conversion=0.0015s, RTAB-Map=0.3602s, Maps update=0.0010s pub=0.0001s (local map=657, WM=657)[0m
[33m[ WARN] (2026-09-26 21:41:53.861) Memory.cpp:3200::computeTransform() Missing visual features or missing raw data to compute them. Transform cannot be estimated.[0m
[0m[ INFO] [1790473314.060924806, 1790471242.085516732]: rtabmap (931): Rate=1.00s, Limit=0.000s, Conversion=0.0015s, RTAB-Map=0.3654s, Maps update=0.0006s pub=0.0001s (local map=658, WM=658)[0m
[33m[ WARN] (2026-09-26 21:41:54.892) Memory.cpp:3200::computeTransform() Missing visual features or missing raw data to compute them. Transform cannot be estimated.[0m
[0m[ INFO] [1790473315.102002306, 1790471243.120163570]: rtabmap (932): Rate=1.00s, Limit=0.000s, Conversion=0.0015s, RTAB-Map=0.3727s, Maps update=0.0014s pub=0.0001s (local map=659, WM=659)[0m
[33m[ WARN] (2026-09-26 21:41:55.928) Memory.cpp:3200::computeTransform() Missing visual features or missing raw data to compute them. Transform cannot be estimated.[0m
[0m[ INFO] [1790473316.136732953, 1790471244.161908085]: rtabmap (933): Rate=1.00s, Limit=0.000s, Conversion=0.0011s, RTAB-Map=0.3538s, Maps update=0.0010s pub=0.0001s (local map=660, WM=660)[0m
[33m[ WARN] (2026-09-26 21:41:57.042) Memory.cpp:3200::computeTransform() Missing visual features or missing raw data to compute them. Transform cannot be estimated.[0m
[0m[ INFO] [1790473317.262566018, 1790471245.285939146]: rtabmap (934): Rate=1.00s, Limit=0.000s, Conversion=0.0009s, RTAB-Map=0.3828s, Maps update=0.0009s pub=0.0001s (local map=661, WM=661)[0m
[33m[ WARN] (2026-09-26 21:41:58.152) Memory.cpp:3200::computeTransform() Missing visual features or missing raw data to compute them. Transform cannot be estimated.[0m
[0m[ INFO] [1790473318.354964483, 1790471246.376051923]: rtabmap (935): Rate=1.00s, Limit=0.000s, Conversion=0.0014s, RTAB-Map=0.3671s, Maps update=0.0006s pub=0.0001s (local map=662, WM=662)[0m
[33m[ WARN] (2026-09-26 21:41:59.247) Memory.cpp:3200::computeTransform() Missing visual features or missing raw data to compute them. Transform cannot be estimated.[0m
[0m[ INFO] [1790473319.448848565, 1790471247.466211420]: rtabmap (936): Rate=1.00s, Limit=0.000s, Conversion=0.0015s, RTAB-Map=0.3606s, Maps update=0.0006s pub=0.0001s (local map=663, WM=663)[0m
[33m[ WARN] (2026-09-26 21:42:00.344) Memory.cpp:3200::computeTransform() Missing visual features or missing raw data to compute them. Transform cannot be estimated.[0m
[0m[ INFO] [1790473320.532291350, 1790471248.555019383]: rtabmap (937): Rate=1.00s, Limit=0.000s, Conversion=0.0016s, RTAB-Map=0.3531s, Maps update=0.0008s pub=0.0001s (local map=664, WM=664)[0m
[33m[ WARN] (2026-09-26 21:42:01.346) Memory.cpp:3200::computeTransform() Missing visual features or missing raw data to compute them. Transform cannot be estimated.[0m
[0m[ INFO] [1790473321.565111224, 1790471249.584673880]: rtabmap (938): Rate=1.00s, Limit=0.000s, Conversion=0.0014s, RTAB-Map=0.3806s, Maps update=0.0008s pub=0.0001s (local map=665, WM=665)[0m
[33m[ WARN] (2026-09-26 21:42:02.334) Memory.cpp:3200::computeTransform() Missing visual features or missing raw data to compute them. Transform cannot be estimated.[0m
[0m[ INFO] [1790473322.532894977, 1790471250.557774266]: rtabmap (939): Rate=1.00s, Limit=0.000s, Conversion=0.0014s, RTAB-Map=0.3475s, Maps update=0.0006s pub=0.0001s (local map=666, WM=666)[0m
[33m[ WARN] (2026-09-26 21:42:03.329) Memory.cpp:3200::computeTransform() Missing visual features or missing raw data to compute them. Transform cannot be estimated.[0m
[0m[ INFO] [1790473323.522206097, 1790471251.539829819]: rtabmap (940): Rate=1.00s, Limit=0.000s, Conversion=0.0015s, RTAB-Map=0.3410s, Maps update=0.0010s pub=0.0001s (local map=667, WM=667)[0m
[33m[ WARN] (2026-09-26 21:42:04.435) Memory.cpp:3200::computeTransform() Missing visual features or missing raw data to compute them. Transform cannot be estimated.[0m
[0m[ INFO] [1790473324.636612830, 1790471252.652003952]: rtabmap (941): Rate=1.00s, Limit=0.000s, Conversion=0.0013s, RTAB-Map=0.3561s, Maps update=0.0010s pub=0.0001s (local map=668, WM=668)[0m
[33m[ WARN] (2026-09-26 21:42:05.530) Memory.cpp:3200::computeTransform() Missing visual features or missing raw data to compute them. Transform cannot be estimated.[0m
[0m[ INFO] [1790473325.742847155, 1790471253.762225776]: rtabmap (942): Rate=1.00s, Limit=0.000s, Conversion=0.0010s, RTAB-Map=0.3604s, Maps update=0.0008s pub=0.0001s (local map=669, WM=669)[0m
[33m[ WARN] (2026-09-26 21:42:06.648) Memory.cpp:3200::computeTransform() Missing visual features or missing raw data to compute them. Transform cannot be estimated.[0m
[0m[ INFO] [1790473326.849943217, 1790471254.866975637]: rtabmap (943): Rate=1.00s, Limit=0.000s, Conversion=0.0014s, RTAB-Map=0.3689s, Maps update=0.0008s pub=0.0001s (local map=670, WM=670)[0m
Warning: TF_REPEATED_DATA ignoring data with redundant timestamp for frame odom (parent map) at time 1790471255.124481 according to authority unknown_publisher
         at line 278 in /tmp/binarydeb/ros-noetic-tf2-0.7.7/src/buffer_core.cpp
[33m[ WARN] [1790473326.999394036, 1790471255.024481038]: TF_REPEATED_DATA ignoring data with redundant timestamp for frame odom (parent map) at time 1790471255.124481 according to authority unknown_publisher[0m
Warning: TF_REPEATED_DATA ignoring data with redundant timestamp for frame odom (parent map) at time 1790471255.124481 according to authority /rtabmap/rtabmap
         at line 278 in /tmp/binarydeb/ros-noetic-tf2-0.7.7/src/buffer_core.cpp
[33m[ WARN] (2026-09-26 21:42:07.742) Memory.cpp:3200::computeTransform() Missing visual features or missing raw data to compute them. Transform cannot be estimated.[0m
[0m[ INFO] [1790473327.940477566, 1790471255.961522925]: rtabmap (944): Rate=1.00s, Limit=0.000s, Conversion=0.0009s, RTAB-Map=0.3657s, Maps update=0.0007s pub=0.0001s (local map=671, WM=671)[0m
[33m[ WARN] (2026-09-26 21:42:08.776) Memory.cpp:3200::computeTransform() Missing visual features or missing raw data to compute them. Transform cannot be estimated.[0m
[0m[ INFO] [1790473328.963944411, 1790471256.978604486]: rtabmap (945): Rate=1.00s, Limit=0.000s, Conversion=0.0015s, RTAB-Map=0.3616s, Maps update=0.0010s pub=0.0001s (local map=672, WM=672)[0m
[33m[ WARN] (2026-09-26 21:42:09.831) Memory.cpp:3200::computeTransform() Missing visual features or missing raw data to compute them. Transform cannot be estimated.[0m
[0m[ INFO] [1790473330.029789087, 1790471258.046131035]: rtabmap (946): Rate=1.00s, Limit=0.000s, Conversion=0.0010s, RTAB-Map=0.3540s, Maps update=0.0007s pub=0.0001s (local map=673, WM=673)[0m
[33m[ WARN] (2026-09-26 21:42:10.849) Memory.cpp:3200::computeTransform() Missing visual features or missing raw data to compute them. Transform cannot be estimated.[0m
[0m[ INFO] [1790473331.049431347, 1790471259.069060499]: rtabmap (947): Rate=1.00s, Limit=0.000s, Conversion=0.0010s, RTAB-Map=0.3725s, Maps update=0.0007s pub=0.0001s (local map=674, WM=674)[0m
[33m[ WARN] (2026-09-26 21:42:11.945) Memory.cpp:3200::computeTransform() Missing visual features or missing raw data to compute them. Transform cannot be estimated.[0m
[0m[ INFO] [1790473332.146185793, 1790471260.169569738]: rtabmap (948): Rate=1.00s, Limit=0.000s, Conversion=0.0011s, RTAB-Map=0.3591s, Maps update=0.0008s pub=0.0001s (local map=675, WM=675)[0m
[33m[ WARN] (2026-09-26 21:42:12.968) Memory.cpp:3200::computeTransform() Missing visual features or missing raw data to compute them. Transform cannot be estimated.[0m
[0m[ INFO] [1790473333.178575390, 1790471261.202127816]: rtabmap (949): Rate=1.00s, Limit=0.000s, Conversion=0.0016s, RTAB-Map=0.3807s, Maps update=0.0010s pub=0.0001s (local map=676, WM=676)[0m
[33m[ WARN] (2026-09-26 21:42:13.950) Memory.cpp:3200::computeTransform() Missing visual features or missing raw data to compute them. Transform cannot be estimated.[0m
[0m[ INFO] [1790473334.152879596, 1790471262.171189661]: rtabmap (950): Rate=1.00s, Limit=0.000s, Conversion=0.0010s, RTAB-Map=0.3732s, Maps update=0.0007s pub=0.0001s (local map=677, WM=677)[0m
[33m[ WARN] (2026-09-26 21:42:15.051) Memory.cpp:3200::computeTransform() Missing visual features or missing raw data to compute them. Transform cannot be estimated.[0m
[0m[ INFO] [1790473335.243656122, 1790471263.263518428]: rtabmap (951): Rate=1.00s, Limit=0.000s, Conversion=0.0013s, RTAB-Map=0.3508s, Maps update=0.0006s pub=0.0001s (local map=678, WM=678)[0m
[33m[ WARN] (2026-09-26 21:42:16.052) Memory.cpp:3200::computeTransform() Missing visual features or missing raw data to compute them. Transform cannot be estimated.[0m
[0m[ INFO] [1790473336.244550916, 1790471264.260938498]: rtabmap (952): Rate=1.00s, Limit=0.000s, Conversion=0.0013s, RTAB-Map=0.3530s, Maps update=0.0007s pub=0.0001s (local map=679, WM=679)[0m
[33m[ WARN] (2026-09-26 21:42:17.151) Memory.cpp:3200::computeTransform() Missing visual features or missing raw data to compute them. Transform cannot be estimated.[0m
[0m[ INFO] [1790473337.312734944, 1790471265.329425537]: rtabmap (953): Rate=1.00s, Limit=0.000s, Conversion=0.0013s, RTAB-Map=0.3204s, Maps update=0.0008s pub=0.0001s (local map=680, WM=680)[0m
[33m[ WARN] (2026-09-26 21:42:18.134) Memory.cpp:3200::computeTransform() Missing visual features or missing raw data to compute them. Transform cannot be estimated.[0m
[0m[ INFO] [1790473338.294261019, 1790471266.312035463]: rtabmap (954): Rate=1.00s, Limit=0.000s, Conversion=0.0009s, RTAB-Map=0.3029s, Maps update=0.0012s pub=0.0001s (local map=680, WM=680)[0m
[33m[ WARN] (2026-09-26 21:42:19.142) Memory.cpp:3200::computeTransform() Missing visual features or missing raw data to compute them. Transform cannot be estimated.[0m
[0m[ INFO] [1790473339.288956067, 1790471267.313042418]: rtabmap (955): Rate=1.00s, Limit=0.000s, Conversion=0.0013s, RTAB-Map=0.3065s, Maps update=0.0008s pub=0.0001s (local map=680, WM=680)[0m
[33m[ WARN] (2026-09-26 21:42:20.132) Memory.cpp:3200::computeTransform() Missing visual features or missing raw data to compute them. Transform cannot be estimated.[0m
[0m[ INFO] [1790473340.277568169, 1790471268.301238869]: rtabmap (956): Rate=1.00s, Limit=0.000s, Conversion=0.0008s, RTAB-Map=0.2895s, Maps update=0.0011s pub=0.0001s (local map=680, WM=680)[0m
[33m[ WARN] (2026-09-26 21:42:21.254) Memory.cpp:3200::computeTransform() Missing visual features or missing raw data to compute them. Transform cannot be estimated.[0m
[0m[ INFO] [1790473341.418510545, 1790471269.441661974]: rtabmap (957): Rate=1.00s, Limit=0.000s, Conversion=0.0013s, RTAB-Map=0.3284s, Maps update=0.0011s pub=0.0001s (local map=680, WM=680)[0m
[33m[ WARN] (2026-09-26 21:42:22.247) Memory.cpp:3200::computeTransform() Missing visual features or missing raw data to compute them. Transform cannot be estimated.[0m
[0m[ INFO] [1790473342.401113302, 1790471270.425279847]: rtabmap (958): Rate=1.00s, Limit=0.000s, Conversion=0.0008s, RTAB-Map=0.2970s, Maps update=0.0012s pub=0.0001s (local map=680, WM=680)[0m
[33m[ WARN] (2026-09-26 21:42:23.246) Memory.cpp:3200::computeTransform() Missing visual features or missing raw data to compute them. Transform cannot be estimated.[0m
[0m[ INFO] [1790473343.397862644, 1790471271.418509951]: rtabmap (959): Rate=1.00s, Limit=0.000s, Conversion=0.0014s, RTAB-Map=0.3065s, Maps update=0.0009s pub=0.0001s (local map=681, WM=681)[0m
[33m[ WARN] (2026-09-26 21:42:24.333) Memory.cpp:3200::computeTransform() Missing visual features or missing raw data to compute them. Transform cannot be estimated.[0m
[0m[ INFO] [1790473344.538361526, 1790471272.559689064]: rtabmap (960): Rate=1.00s, Limit=0.000s, Conversion=0.0014s, RTAB-Map=0.3684s, Maps update=0.0008s pub=0.0001s (local map=682, WM=682)[0m
[33m[ WARN] (2026-09-26 21:42:25.427) Memory.cpp:3200::computeTransform() Missing visual features or missing raw data to compute them. Transform cannot be estimated.[0m
[0m[ INFO] [1790473345.639095790, 1790471273.659328308]: rtabmap (961): Rate=1.00s, Limit=0.000s, Conversion=0.0008s, RTAB-Map=0.3607s, Maps update=0.0008s pub=0.0001s (local map=683, WM=683)[0m
[33m[ WARN] (2026-09-26 21:42:26.431) Memory.cpp:3200::computeTransform() Missing visual features or missing raw data to compute them. Transform cannot be estimated.[0m
[0m[ INFO] [1790473346.627975799, 1790471274.648385375]: rtabmap (962): Rate=1.00s, Limit=0.000s, Conversion=0.0008s, RTAB-Map=0.3432s, Maps update=0.0006s pub=0.0001s (local map=684, WM=684)[0m
[33m[ WARN] (2026-09-26 21:42:27.449) Memory.cpp:3200::computeTransform() Missing visual features or missing raw data to compute them. Transform cannot be estimated.[0m
[0m[ INFO] [1790473347.658410717, 1790471275.679441740]: rtabmap (963): Rate=1.00s, Limit=0.000s, Conversion=0.0014s, RTAB-Map=0.3715s, Maps update=0.0008s pub=0.0001s (local map=685, WM=685)[0m
[33m[ WARN] (2026-09-26 21:42:28.555) Memory.cpp:3200::computeTransform() Missing visual features or missing raw data to compute them. Transform cannot be estimated.[0m
[0m[ INFO] [1790473348.751388449, 1790471276.770903296]: rtabmap (964): Rate=1.00s, Limit=0.000s, Conversion=0.0013s, RTAB-Map=0.3615s, Maps update=0.0007s pub=0.0001s (local map=686, WM=686)[0m
[33m[ WARN] (2026-09-26 21:42:29.647) Memory.cpp:3200::computeTransform() Missing visual features or missing raw data to compute them. Transform cannot be estimated.[0m
[0m[ INFO] [1790473349.866630900, 1790471277.883952987]: rtabmap (965): Rate=1.00s, Limit=0.000s, Conversion=0.0014s, RTAB-Map=0.3833s, Maps update=0.0010s pub=0.0001s (local map=687, WM=687)[0m
[33m[ WARN] [1790473350.021314382, 1790471278.043239463]: TF_REPEATED_DATA ignoring data with redundant timestamp for frame odom (parent map) at time 1790471278.143239 according to authority unknown_publisher[0m
Warning: TF_REPEATED_DATA ignoring data with redundant timestamp for frame odom (parent map) at time 1790471278.143239 according to authority unknown_publisher
         at line 278 in /tmp/binarydeb/ros-noetic-tf2-0.7.7/src/buffer_core.cpp
Warning: TF_REPEATED_DATA ignoring data with redundant timestamp for frame odom (parent map) at time 1790471278.143239 according to authority /rtabmap/rtabmap
         at line 278 in /tmp/binarydeb/ros-noetic-tf2-0.7.7/src/buffer_core.cpp
[33m[ WARN] (2026-09-26 21:42:30.642) Memory.cpp:3200::computeTransform() Missing visual features or missing raw data to compute them. Transform cannot be estimated.[0m
[0m[ INFO] [1790473350.821589873, 1790471278.844357490]: rtabmap (966): Rate=1.00s, Limit=0.000s, Conversion=0.0013s, RTAB-Map=0.3336s, Maps update=0.0007s pub=0.0001s (local map=688, WM=688)[0m
[33m[ WARN] (2026-09-26 21:42:31.653) Memory.cpp:3200::computeTransform() Missing visual features or missing raw data to compute them. Transform cannot be estimated.[0m
[0m[ INFO] [1790473351.826465988, 1790471279.852304935]: rtabmap (967): Rate=1.00s, Limit=0.000s, Conversion=0.0011s, RTAB-Map=0.3364s, Maps update=0.0006s pub=0.0001s (local map=689, WM=689)[0m
[33m[ WARN] (2026-09-26 21:42:32.750) Memory.cpp:3200::computeTransform() Missing visual features or missing raw data to compute them. Transform cannot be estimated.[0m
[0m[ INFO] [1790473352.937959151, 1790471280.960814417]: rtabmap (968): Rate=1.00s, Limit=0.000s, Conversion=0.0013s, RTAB-Map=0.3535s, Maps update=0.0009s pub=0.0001s (local map=690, WM=690)[0m
[33m[ WARN] (2026-09-26 21:42:33.757) Memory.cpp:3200::computeTransform() Missing visual features or missing raw data to compute them. Transform cannot be estimated.[0m
[0m[ INFO] [1790473353.944915640, 1790471281.962952039]: rtabmap (969): Rate=1.00s, Limit=0.000s, Conversion=0.0013s, RTAB-Map=0.3547s, Maps update=0.0009s pub=0.0001s (local map=691, WM=691)[0m
[33m[ WARN] (2026-09-26 21:42:34.850) Memory.cpp:3200::computeTransform() Missing visual features or missing raw data to compute them. Transform cannot be estimated.[0m
[0m[ INFO] [1790473355.021710319, 1790471283.044680050]: rtabmap (970): Rate=1.00s, Limit=0.000s, Conversion=0.0012s, RTAB-Map=0.3415s, Maps update=0.0007s pub=0.0001s (local map=692, WM=692)[0m
[33m[ WARN] (2026-09-26 21:42:35.937) Memory.cpp:3200::computeTransform() Missing visual features or missing raw data to compute them. Transform cannot be estimated.[0m
[0m[ INFO] [1790473356.115954208, 1790471284.136057829]: rtabmap (971): Rate=1.00s, Limit=0.000s, Conversion=0.0012s, RTAB-Map=0.3353s, Maps update=0.0008s pub=0.0001s (local map=693, WM=693)[0m
[33m[ WARN] (2026-09-26 21:42:36.951) Memory.cpp:3200::computeTransform() Missing visual features or missing raw data to compute them. Transform cannot be estimated.[0m
[0m[ INFO] [1790473357.138386767, 1790471285.155378323]: rtabmap (972): Rate=1.00s, Limit=0.000s, Conversion=0.0012s, RTAB-Map=0.3602s, Maps update=0.0007s pub=0.0001s (local map=694, WM=694)[0m
[33m[ WARN] (2026-09-26 21:42:37.953) Memory.cpp:3200::computeTransform() Missing visual features or missing raw data to compute them. Transform cannot be estimated.[0m
[33m[ WARN] (2026-09-26 21:42:37.963) Memory.cpp:3200::computeTransform() Missing visual features or missing raw data to compute them. Transform cannot be estimated.[0m
[0m[ INFO] [1790473358.131026527, 1790471286.147529341]: rtabmap (973): Rate=1.00s, Limit=0.000s, Conversion=0.0013s, RTAB-Map=0.3307s, Maps update=0.0008s pub=0.0001s (local map=695, WM=695)[0m
[33m[ WARN] (2026-09-26 21:42:39.089) Memory.cpp:3200::computeTransform() Missing visual features or missing raw data to compute them. Transform cannot be estimated.[0m
[33m[ WARN] (2026-09-26 21:42:39.099) Memory.cpp:3200::computeTransform() Missing visual features or missing raw data to compute them. Transform cannot be estimated.[0m
[0m[ INFO] [1790473359.319897446, 1790471287.339075393]: rtabmap (974): Rate=1.00s, Limit=0.000s, Conversion=0.0009s, RTAB-Map=0.4108s, Maps update=0.0008s pub=0.0001s (local map=696, WM=696)[0m
[33m[ WARN] (2026-09-26 21:42:40.157) Memory.cpp:3200::computeTransform() Missing visual features or missing raw data to compute them. Transform cannot be estimated.[0m
[33m[ WARN] (2026-09-26 21:42:40.158) Memory.cpp:3200::computeTransform() Missing visual features or missing raw data to compute them. Transform cannot be estimated.[0m
[0m[ INFO] [1790473360.346523586, 1790471288.363534214]: rtabmap (975): Rate=1.00s, Limit=0.000s, Conversion=0.0009s, RTAB-Map=0.3583s, Maps update=0.0008s pub=0.0001s (local map=697, WM=697)[0m
[33m[ WARN] (2026-09-26 21:42:41.240) Memory.cpp:3200::computeTransform() Missing visual features or missing raw data to compute them. Transform cannot be estimated.[0m
[33m[ WARN] (2026-09-26 21:42:41.240) Memory.cpp:3200::computeTransform() Missing visual features or missing raw data to compute them. Transform cannot be estimated.[0m
[0m[ INFO] [1790473361.429091349, 1790471289.454978552]: rtabmap (976): Rate=1.00s, Limit=0.000s, Conversion=0.0010s, RTAB-Map=0.3531s, Maps update=0.0009s pub=0.0001s (local map=698, WM=698)[0m
[33m[ WARN] (2026-09-26 21:42:42.358) Memory.cpp:3200::computeTransform() Missing visual features or missing raw data to compute them. Transform cannot be estimated.[0m
[33m[ WARN] (2026-09-26 21:42:42.358) Memory.cpp:3200::computeTransform() Missing visual features or missing raw data to compute them. Transform cannot be estimated.[0m
[0m[ INFO] [1790473362.561708641, 1790471290.583810299]: rtabmap (977): Rate=1.00s, Limit=0.000s, Conversion=0.0013s, RTAB-Map=0.3675s, Maps update=0.0009s pub=0.0002s (local map=699, WM=699)[0m
[33m[ WARN] (2026-09-26 21:42:43.347) Memory.cpp:3200::computeTransform() Missing visual features or missing raw data to compute them. Transform cannot be estimated.[0m
[33m[ WARN] (2026-09-26 21:42:43.348) Memory.cpp:3200::computeTransform() Missing visual features or missing raw data to compute them. Transform cannot be estimated.[0m
[0m[ INFO] [1790473363.532621831, 1790471291.554898564]: rtabmap (978): Rate=1.00s, Limit=0.000s, Conversion=0.0013s, RTAB-Map=0.3523s, Maps update=0.0009s pub=0.0001s (local map=700, WM=700)[0m
[33m[ WARN] (2026-09-26 21:42:44.439) Memory.cpp:3200::computeTransform() Missing visual features or missing raw data to compute them. Transform cannot be estimated.[0m
[33m[ WARN] (2026-09-26 21:42:44.440) Memory.cpp:3200::computeTransform() Missing visual features or missing raw data to compute them. Transform cannot be estimated.[0m
[0m[ INFO] [1790473364.688688622, 1790471292.706123831]: rtabmap (979): Rate=1.00s, Limit=0.000s, Conversion=0.0013s, RTAB-Map=0.4170s, Maps update=0.0013s pub=0.0001s (local map=701, WM=701)[0m
[33m[ WARN] (2026-09-26 21:42:45.531) Memory.cpp:3200::computeTransform() Missing visual features or missing raw data to compute them. Transform cannot be estimated.[0m
[33m[ WARN] (2026-09-26 21:42:45.532) Memory.cpp:3200::computeTransform() Missing visual features or missing raw data to compute them. Transform cannot be estimated.[0m
[0m[ INFO] [1790473365.703985392, 1790471293.721601723]: rtabmap (980): Rate=1.00s, Limit=0.000s, Conversion=0.0008s, RTAB-Map=0.3244s, Maps update=0.0008s pub=0.0001s (local map=702, WM=702)[0m
[33m[ WARN] (2026-09-26 21:42:46.532) Memory.cpp:3200::computeTransform() Missing visual features or missing raw data to compute them. Transform cannot be estimated.[0m
[33m[ WARN] (2026-09-26 21:42:46.532) Memory.cpp:3200::computeTransform() Missing visual features or missing raw data to compute them. Transform cannot be estimated.[0m
[0m[ INFO] [1790473366.716167249, 1790471294.739320950]: rtabmap (981): Rate=1.00s, Limit=0.000s, Conversion=0.0011s, RTAB-Map=0.3354s, Maps update=0.0007s pub=0.0001s (local map=703, WM=703)[0m
[33m[ WARN] (2026-09-26 21:42:47.631) Memory.cpp:3200::computeTransform() Missing visual features or missing raw data to compute them. Transform cannot be estimated.[0m
[33m[ WARN] (2026-09-26 21:42:47.631) Memory.cpp:3200::computeTransform() Missing visual features or missing raw data to compute them. Transform cannot be estimated.[0m
[0m[ INFO] [1790473367.796118535, 1790471295.820352217]: rtabmap (982): Rate=1.00s, Limit=0.000s, Conversion=0.0012s, RTAB-Map=0.3140s, Maps update=0.0011s pub=0.0001s (local map=704, WM=704)[0m
Warning: TF_REPEATED_DATA ignoring data with redundant timestamp for frame odom (parent map) at time 1790471296.074749 according to authority unknown_publisher
         at line 278 in /tmp/binarydeb/ros-noetic-tf2-0.7.7/src/buffer_core.cpp
[33m[ WARN] [1790473367.951449704, 1790471295.974749519]: TF_REPEATED_DATA ignoring data with redundant timestamp for frame odom (parent map) at time 1790471296.074749 according to authority unknown_publisher[0m
Warning: TF_REPEATED_DATA ignoring data with redundant timestamp for frame odom (parent map) at time 1790471296.074749 according to authority /rtabmap/rtabmap
         at line 278 in /tmp/binarydeb/ros-noetic-tf2-0.7.7/src/buffer_core.cpp
[33m[ WARN] (2026-09-26 21:42:48.646) Memory.cpp:3200::computeTransform() Missing visual features or missing raw data to compute them. Transform cannot be estimated.[0m
[33m[ WARN] (2026-09-26 21:42:48.646) Memory.cpp:3200::computeTransform() Missing visual features or missing raw data to compute them. Transform cannot be estimated.[0m
[0m[ INFO] [1790473368.813310237, 1790471296.832858396]: rtabmap (983): Rate=1.00s, Limit=0.000s, Conversion=0.0013s, RTAB-Map=0.3357s, Maps update=0.0010s pub=0.0001s (local map=705, WM=705)[0m
[33m[ WARN] (2026-09-26 21:42:49.647) Memory.cpp:3200::computeTransform() Missing visual features or missing raw data to compute them. Transform cannot be estimated.[0m
[33m[ WARN] (2026-09-26 21:42:49.648) Memory.cpp:3200::computeTransform() Missing visual features or missing raw data to compute them. Transform cannot be estimated.[0m
[0m[ INFO] [1790473369.830737590, 1790471297.850107219]: rtabmap (984): Rate=1.00s, Limit=0.000s, Conversion=0.0012s, RTAB-Map=0.3505s, Maps update=0.0009s pub=0.0001s (local map=706, WM=706)[0m
[33m[ WARN] (2026-09-26 21:42:50.735) Memory.cpp:3200::computeTransform() Missing visual features or missing raw data to compute them. Transform cannot be estimated.[0m
[33m[ WARN] (2026-09-26 21:42:50.736) Memory.cpp:3200::computeTransform() Missing visual features or missing raw data to compute them. Transform cannot be estimated.[0m
[0m[ INFO] [1790473370.908484884, 1790471298.933959731]: rtabmap (985): Rate=1.00s, Limit=0.000s, Conversion=0.0013s, RTAB-Map=0.3240s, Maps update=0.0009s pub=0.0001s (local map=707, WM=707)[0m
[33m[ WARN] (2026-09-26 21:42:51.849) Memory.cpp:3200::computeTransform() Missing visual features or missing raw data to compute them. Transform cannot be estimated.[0m
[33m[ WARN] (2026-09-26 21:42:51.850) Memory.cpp:3200::computeTransform() Missing visual features or missing raw data to compute them. Transform cannot be estimated.[0m
[0m[ INFO] [1790473372.042710384, 1790471300.063084504]: rtabmap (986): Rate=1.00s, Limit=0.000s, Conversion=0.0013s, RTAB-Map=0.3610s, Maps update=0.0008s pub=0.0001s (local map=708, WM=708)[0m
[33m[ WARN] (2026-09-26 21:42:52.852) Memory.cpp:3200::computeTransform() Missing visual features or missing raw data to compute them. Transform cannot be estimated.[0m
[33m[ WARN] (2026-09-26 21:42:52.852) Memory.cpp:3200::computeTransform() Missing visual features or missing raw data to compute them. Transform cannot be estimated.[0m
[0m[ INFO] [1790473373.036938736, 1790471301.061526533]: rtabmap (987): Rate=1.00s, Limit=0.000s, Conversion=0.0008s, RTAB-Map=0.3549s, Maps update=0.0008s pub=0.0001s (local map=709, WM=709)[0m
[33m[ WARN] (2026-09-26 21:42:53.941) Memory.cpp:3200::computeTransform() Missing visual features or missing raw data to compute them. Transform cannot be estimated.[0m
[33m[ WARN] (2026-09-26 21:42:53.942) Memory.cpp:3200::computeTransform() Missing visual features or missing raw data to compute them. Transform cannot be estimated.[0m
[0m[ INFO] [1790473374.146937608, 1790471302.169537287]: rtabmap (988): Rate=1.00s, Limit=0.000s, Conversion=0.0008s, RTAB-Map=0.3629s, Maps update=0.0012s pub=0.0001s (local map=710, WM=710)[0m
[33m[ WARN] (2026-09-26 21:42:54.958) Memory.cpp:3200::computeTransform() Missing visual features or missing raw data to compute them. Transform cannot be estimated.[0m
[33m[ WARN] (2026-09-26 21:42:54.958) Memory.cpp:3200::computeTransform() Missing visual features or missing raw data to compute them. Transform cannot be estimated.[0m
[0m[ INFO] [1790473375.130928729, 1790471303.147908061]: rtabmap (989): Rate=1.00s, Limit=0.000s, Conversion=0.0013s, RTAB-Map=0.3415s, Maps update=0.0008s pub=0.0001s (local map=711, WM=711)[0m
[33m[ WARN] (2026-09-26 21:42:56.046) Memory.cpp:3200::computeTransform() Missing visual features or missing raw data to compute them. Transform cannot be estimated.[0m
[33m[ WARN] (2026-09-26 21:42:56.047) Memory.cpp:3200::computeTransform() Missing visual features or missing raw data to compute them. Transform cannot be estimated.[0m
[0m[ INFO] [1790473376.259817819, 1790471304.275795988]: rtabmap (990): Rate=1.00s, Limit=0.000s, Conversion=0.0014s, RTAB-Map=0.3804s, Maps update=0.0011s pub=0.0001s (local map=712, WM=712)[0m
[33m[ WARN] (2026-09-26 21:42:57.040) Memory.cpp:3200::computeTransform() Missing visual features or missing raw data to compute them. Transform cannot be estimated.[0m
[33m[ WARN] (2026-09-26 21:42:57.040) Memory.cpp:3200::computeTransform() Missing visual features or missing raw data to compute them. Transform cannot be estimated.[0m
[0m[ INFO] [1790473377.267186695, 1790471305.286248577]: rtabmap (991): Rate=1.00s, Limit=0.000s, Conversion=0.0009s, RTAB-Map=0.3787s, Maps update=0.0014s pub=0.0001s (local map=713, WM=713)[0m
[33m[ WARN] (2026-09-26 21:42:58.141) Memory.cpp:3200::computeTransform() Missing visual features or missing raw data to compute them. Transform cannot be estimated.[0m
[33m[ WARN] (2026-09-26 21:42:58.142) Memory.cpp:3200::computeTransform() Missing visual features or missing raw data to compute them. Transform cannot be estimated.[0m
[0m[ INFO] [1790473378.316093680, 1790471306.338240939]: rtabmap (992): Rate=1.00s, Limit=0.000s, Conversion=0.0013s, RTAB-Map=0.3280s, Maps update=0.0007s pub=0.0001s (local map=714, WM=714)[0m
[33m[ WARN] (2026-09-26 21:42:59.252) Memory.cpp:3200::computeTransform() Missing visual features or missing raw data to compute them. Transform cannot be estimated.[0m
[33m[ WARN] (2026-09-26 21:42:59.252) Memory.cpp:3200::computeTransform() Missing visual features or missing raw data to compute them. Transform cannot be estimated.[0m
[0m[ INFO] [1790473379.476004894, 1790471307.498053976]: rtabmap (993): Rate=1.00s, Limit=0.000s, Conversion=0.0013s, RTAB-Map=0.3895s, Maps update=0.0010s pub=0.0001s (local map=715, WM=715)[0m
[33m[ WARN] (2026-09-26 21:43:00.374) Memory.cpp:3200::computeTransform() Missing visual features or missing raw data to compute them. Transform cannot be estimated.[0m
[33m[ WARN] (2026-09-26 21:43:00.374) Memory.cpp:3200::computeTransform() Missing visual features or missing raw data to compute them. Transform cannot be estimated.[0m
[0m[ INFO] [1790473380.598901664, 1790471308.619725741]: rtabmap (994): Rate=1.00s, Limit=0.000s, Conversion=0.0013s, RTAB-Map=0.4061s, Maps update=0.0009s pub=0.0001s (local map=716, WM=716)[0m
[33m[ WARN] (2026-09-26 21:43:01.450) Memory.cpp:3200::computeTransform() Missing visual features or missing raw data to compute them. Transform cannot be estimated.[0m
[33m[ WARN] (2026-09-26 21:43:01.451) Memory.cpp:3200::computeTransform() Missing visual features or missing raw data to compute them. Transform cannot be estimated.[0m
[0m[ INFO] [1790473381.634015604, 1790471309.650025006]: rtabmap (995): Rate=1.00s, Limit=0.000s, Conversion=0.0013s, RTAB-Map=0.3507s, Maps update=0.0009s pub=0.0001s (local map=717, WM=717)[0m
[33m[ WARN] (2026-09-26 21:43:02.459) Memory.cpp:3200::computeTransform() Missing visual features or missing raw data to compute them. Transform cannot be estimated.[0m
[33m[ WARN] (2026-09-26 21:43:02.459) Memory.cpp:3200::computeTransform() Missing visual features or missing raw data to compute them. Transform cannot be estimated.[0m
[0m[ INFO] [1790473382.630843791, 1790471310.649678118]: rtabmap (996): Rate=1.00s, Limit=0.000s, Conversion=0.0016s, RTAB-Map=0.3385s, Maps update=0.0007s pub=0.0001s (local map=718, WM=718)[0m
[33m[ WARN] (2026-09-26 21:43:03.551) Memory.cpp:3200::computeTransform() Missing visual features or missing raw data to compute them. Transform cannot be estimated.[0m
[33m[ WARN] (2026-09-26 21:43:03.551) Memory.cpp:3200::computeTransform() Missing visual features or missing raw data to compute them. Transform cannot be estimated.[0m
[0m[ INFO] [1790473383.737154142, 1790471311.751011712]: rtabmap (997): Rate=1.00s, Limit=0.000s, Conversion=0.0014s, RTAB-Map=0.3510s, Maps update=0.0008s pub=0.0001s (local map=719, WM=719)[0m
[33m[ WARN] (2026-09-26 21:43:04.673) Memory.cpp:3200::computeTransform() Missing visual features or missing raw data to compute them. Transform cannot be estimated.[0m
[33m[ WARN] (2026-09-26 21:43:04.674) Memory.cpp:3200::computeTransform() Missing visual features or missing raw data to compute them. Transform cannot be estimated.[0m
[0m[ INFO] [1790473384.859807837, 1790471312.875088366]: rtabmap (998): Rate=1.00s, Limit=0.000s, Conversion=0.0016s, RTAB-Map=0.3675s, Maps update=0.0008s pub=0.0001s (local map=720, WM=720)[0m
[33m[ WARN] (2026-09-26 21:43:05.653) Memory.cpp:3200::computeTransform() Missing visual features or missing raw data to compute them. Transform cannot be estimated.[0m
[33m[ WARN] (2026-09-26 21:43:05.654) Memory.cpp:3200::computeTransform() Missing visual features or missing raw data to compute them. Transform cannot be estimated.[0m
[0m[ INFO] [1790473385.853269075, 1790471313.875406765]: rtabmap (999): Rate=1.00s, Limit=0.000s, Conversion=0.0013s, RTAB-Map=0.3604s, Maps update=0.0008s pub=0.0001s (local map=721, WM=721)[0m
[33m[ WARN] (2026-09-26 21:43:06.735) Memory.cpp:3200::computeTransform() Missing visual features or missing raw data to compute them. Transform cannot be estimated.[0m
[33m[ WARN] (2026-09-26 21:43:06.736) Memory.cpp:3200::computeTransform() Missing visual features or missing raw data to compute them. Transform cannot be estimated.[0m
[0m[ INFO] [1790473386.914157723, 1790471314.929992658]: rtabmap (1000): Rate=1.00s, Limit=0.000s, Conversion=0.0011s, RTAB-Map=0.3305s, Maps update=0.0007s pub=0.0001s (local map=722, WM=722)[0m
Warning: TF_REPEATED_DATA ignoring data with redundant timestamp for frame odom (parent map) at time 1790471315.188141 according to authority unknown_publisher
         at line 278 in /tmp/binarydeb/ros-noetic-tf2-0.7.7/src/buffer_core.cpp
[33m[ WARN] [1790473387.063236184, 1790471315.088141137]: TF_REPEATED_DATA ignoring data with redundant timestamp for frame odom (parent map) at time 1790471315.188141 according to authority unknown_publisher[0m
Warning: TF_REPEATED_DATA ignoring data with redundant timestamp for frame odom (parent map) at time 1790471315.188141 according to authority /rtabmap/rtabmap
         at line 278 in /tmp/binarydeb/ros-noetic-tf2-0.7.7/src/buffer_core.cpp
[33m[ WARN] (2026-09-26 21:43:07.747) Memory.cpp:3200::computeTransform() Missing visual features or missing raw data to compute them. Transform cannot be estimated.[0m
[33m[ WARN] (2026-09-26 21:43:07.747) Memory.cpp:3200::computeTransform() Missing visual features or missing raw data to compute them. Transform cannot be estimated.[0m
[0m[ INFO] [1790473387.940561874, 1790471315.957667575]: rtabmap (1001): Rate=1.00s, Limit=0.000s, Conversion=0.0013s, RTAB-Map=0.3570s, Maps update=0.0007s pub=0.0001s (local map=723, WM=723)[0m
[33m[ WARN] (2026-09-26 21:43:08.749) Memory.cpp:3200::computeTransform() Missing visual features or missing raw data to compute them. Transform cannot be estimated.[0m
[33m[ WARN] (2026-09-26 21:43:08.749) Memory.cpp:3200::computeTransform() Missing visual features or missing raw data to compute them. Transform cannot be estimated.[0m
[0m[ INFO] [1790473388.946716239, 1790471316.964395514]: rtabmap (1002): Rate=1.00s, Limit=0.000s, Conversion=0.0013s, RTAB-Map=0.3605s, Maps update=0.0009s pub=0.0001s (local map=724, WM=724)[0m
[33m[ WARN] (2026-09-26 21:43:09.750) Memory.cpp:3200::computeTransform() Missing visual features or missing raw data to compute them. Transform cannot be estimated.[0m
[33m[ WARN] (2026-09-26 21:43:09.751) Memory.cpp:3200::computeTransform() Missing visual features or missing raw data to compute them. Transform cannot be estimated.[0m
[0m[ INFO] [1790473389.952242726, 1790471317.975673359]: rtabmap (1003): Rate=1.00s, Limit=0.000s, Conversion=0.0013s, RTAB-Map=0.3638s, Maps update=0.0009s pub=0.0001s (local map=725, WM=725)[0m
[33m[ WARN] (2026-09-26 21:43:10.853) Memory.cpp:3200::computeTransform() Missing visual features or missing raw data to compute them. Transform cannot be estimated.[0m
[33m[ WARN] (2026-09-26 21:43:10.853) Memory.cpp:3200::computeTransform() Missing visual features or missing raw data to compute them. Transform cannot be estimated.[0m
[0m[ INFO] [1790473391.065097595, 1790471319.085033182]: rtabmap (1004): Rate=1.00s, Limit=0.000s, Conversion=0.0014s, RTAB-Map=0.3771s, Maps update=0.0009s pub=0.0001s (local map=726, WM=726)[0m
[33m[ WARN] (2026-09-26 21:43:11.944) Memory.cpp:3200::computeTransform() Missing visual features or missing raw data to compute them. Transform cannot be estimated.[0m
[33m[ WARN] (2026-09-26 21:43:11.944) Memory.cpp:3200::computeTransform() Missing visual features or missing raw data to compute them. Transform cannot be estimated.[0m
[33m[ WARN] (2026-09-26 21:43:11.944) Memory.cpp:3200::computeTransform() Missing visual features or missing raw data to compute them. Transform cannot be estimated.[0m
[0m[ INFO] [1790473392.161508319, 1790471320.181703365]: rtabmap (1005): Rate=1.00s, Limit=0.000s, Conversion=0.0013s, RTAB-Map=0.3800s, Maps update=0.0009s pub=0.0001s (local map=727, WM=727)[0m
[33m[ WARN] (2026-09-26 21:43:12.959) Memory.cpp:3200::computeTransform() Missing visual features or missing raw data to compute them. Transform cannot be estimated.[0m
[33m[ WARN] (2026-09-26 21:43:12.960) Memory.cpp:3200::computeTransform() Missing visual features or missing raw data to compute them. Transform cannot be estimated.[0m
[33m[ WARN] (2026-09-26 21:43:12.960) Memory.cpp:3200::computeTransform() Missing visual features or missing raw data to compute them. Transform cannot be estimated.[0m
[0m[ INFO] [1790473393.178590418, 1790471321.202988965]: rtabmap (1006): Rate=1.00s, Limit=0.000s, Conversion=0.0014s, RTAB-Map=0.3874s, Maps update=0.0012s pub=0.0001s (local map=728, WM=728)[0m
[33m[ WARN] (2026-09-26 21:43:13.951) Memory.cpp:3200::computeTransform() Missing visual features or missing raw data to compute them. Transform cannot be estimated.[0m
[33m[ WARN] (2026-09-26 21:43:13.951) Memory.cpp:3200::computeTransform() Missing visual features or missing raw data to compute them. Transform cannot be estimated.[0m
[33m[ WARN] (2026-09-26 21:43:13.951) Memory.cpp:3200::computeTransform() Missing visual features or missing raw data to compute them. Transform cannot be estimated.[0m
[0m[ INFO] [1790473394.182711097, 1790471322.205729181]: rtabmap (1007): Rate=1.00s, Limit=0.000s, Conversion=0.0013s, RTAB-Map=0.3921s, Maps update=0.0013s pub=0.0001s (local map=729, WM=729)[0m
[33m[ WARN] (2026-09-26 21:43:15.059) Memory.cpp:3200::computeTransform() Missing visual features or missing raw data to compute them. Transform cannot be estimated.[0m
[33m[ WARN] (2026-09-26 21:43:15.059) Memory.cpp:3200::computeTransform() Missing visual features or missing raw data to compute them. Transform cannot be estimated.[0m
[33m[ WARN] (2026-09-26 21:43:15.059) Memory.cpp:3200::computeTransform() Missing visual features or missing raw data to compute them. Transform cannot be estimated.[0m
[0m[ INFO] [1790473395.312335521, 1790471323.333122733]: rtabmap (1008): Rate=1.00s, Limit=0.000s, Conversion=0.0010s, RTAB-Map=0.4318s, Maps update=0.0010s pub=0.0001s (local map=730, WM=730)[0m
[33m[ WARN] (2026-09-26 21:43:16.046) Memory.cpp:3200::computeTransform() Missing visual features or missing raw data to compute them. Transform cannot be estimated.[0m
[33m[ WARN] (2026-09-26 21:43:16.046) Memory.cpp:3200::computeTransform() Missing visual features or missing raw data to compute them. Transform cannot be estimated.[0m
[33m[ WARN] (2026-09-26 21:43:16.047) Memory.cpp:3200::computeTransform() Missing visual features or missing raw data to compute them. Transform cannot be estimated.[0m
[0m[ INFO] [1790473396.312643391, 1790471324.334671513]: rtabmap (1009): Rate=1.00s, Limit=0.000s, Conversion=0.0008s, RTAB-Map=0.4243s, Maps update=0.0014s pub=0.0001s (local map=731, WM=731)[0m
[33m[ WARN] (2026-09-26 21:43:17.158) Memory.cpp:3200::computeTransform() Missing visual features or missing raw data to compute them. Transform cannot be estimated.[0m
[33m[ WARN] (2026-09-26 21:43:17.158) Memory.cpp:3200::computeTransform() Missing visual features or missing raw data to compute them. Transform cannot be estimated.[0m
[33m[ WARN] (2026-09-26 21:43:17.159) Memory.cpp:3200::computeTransform() Missing visual features or missing raw data to compute them. Transform cannot be estimated.[0m
[0m[ INFO] [1790473397.381391739, 1790471325.402892975]: rtabmap (1010): Rate=1.00s, Limit=0.000s, Conversion=0.0012s, RTAB-Map=0.3961s, Maps update=0.0011s pub=0.0001s (local map=732, WM=732)[0m
[33m[ WARN] (2026-09-26 21:43:18.144) Memory.cpp:3200::computeTransform() Missing visual features or missing raw data to compute them. Transform cannot be estimated.[0m
[33m[ WARN] (2026-09-26 21:43:18.145) Memory.cpp:3200::computeTransform() Missing visual features or missing raw data to compute them. Transform cannot be estimated.[0m
[33m[ WARN] (2026-09-26 21:43:18.145) Memory.cpp:3200::computeTransform() Missing visual features or missing raw data to compute them. Transform cannot be estimated.[0m
[0m[ INFO] [1790473398.379367072, 1790471326.405191458]: rtabmap (1011): Rate=1.00s, Limit=0.000s, Conversion=0.0012s, RTAB-Map=0.4038s, Maps update=0.0009s pub=0.0001s (local map=733, WM=733)[0m
[33m[ WARN] (2026-09-26 21:43:19.169) Memory.cpp:3200::computeTransform() Missing visual features or missing raw data to compute them. Transform cannot be estimated.[0m
[33m[ WARN] (2026-09-26 21:43:19.170) Memory.cpp:3200::computeTransform() Missing visual features or missing raw data to compute them. Transform cannot be estimated.[0m
[33m[ WARN] (2026-09-26 21:43:19.170) Memory.cpp:3200::computeTransform() Missing visual features or missing raw data to compute them. Transform cannot be estimated.[0m
[0m[ INFO] [1790473399.418087609, 1790471327.438876326]: rtabmap (1012): Rate=1.00s, Limit=0.000s, Conversion=0.0017s, RTAB-Map=0.4300s, Maps update=0.0012s pub=0.0001s (local map=733, WM=733)[0m
[33m[ WARN] (2026-09-26 21:43:20.145) Memory.cpp:3200::computeTransform() Missing visual features or missing raw data to compute them. Transform cannot be estimated.[0m
[33m[ WARN] (2026-09-26 21:43:20.146) Memory.cpp:3200::computeTransform() Missing visual features or missing raw data to compute them. Transform cannot be estimated.[0m
[33m[ WARN] (2026-09-26 21:43:20.146) Memory.cpp:3200::computeTransform() Missing visual features or missing raw data to compute them. Transform cannot be estimated.[0m
[0m[ INFO] [1790473400.349025360, 1790471328.367519844]: rtabmap (1013): Rate=1.00s, Limit=0.000s, Conversion=0.0009s, RTAB-Map=0.3627s, Maps update=0.0009s pub=0.0001s (local map=734, WM=734)[0m
[33m[ WARN] (2026-09-26 21:43:21.144) Memory.cpp:3200::computeTransform() Missing visual features or missing raw data to compute them. Transform cannot be estimated.[0m
[33m[ WARN] (2026-09-26 21:43:21.145) Memory.cpp:3200::computeTransform() Missing visual features or missing raw data to compute them. Transform cannot be estimated.[0m
[33m[ WARN] (2026-09-26 21:43:21.145) Memory.cpp:3200::computeTransform() Missing visual features or missing raw data to compute them. Transform cannot be estimated.[0m
[0m[ INFO] [1790473401.348053504, 1790471329.368180133]: rtabmap (1014): Rate=1.00s, Limit=0.000s, Conversion=0.0008s, RTAB-Map=0.3639s, Maps update=0.0009s pub=0.0001s (local map=735, WM=735)[0m
[33m[ WARN] (2026-09-26 21:43:22.258) Memory.cpp:3200::computeTransform() Missing visual features or missing raw data to compute them. Transform cannot be estimated.[0m
[33m[ WARN] (2026-09-26 21:43:22.259) Memory.cpp:3200::computeTransform() Missing visual features or missing raw data to compute them. Transform cannot be estimated.[0m
[33m[ WARN] (2026-09-26 21:43:22.259) Memory.cpp:3200::computeTransform() Missing visual features or missing raw data to compute them. Transform cannot be estimated.[0m
[0m[ INFO] [1790473402.467137558, 1790471330.485639946]: rtabmap (1015): Rate=1.00s, Limit=0.000s, Conversion=0.0014s, RTAB-Map=0.3798s, Maps update=0.0009s pub=0.0001s (local map=736, WM=736)[0m
[33m[ WARN] (2026-09-26 21:43:23.258) Memory.cpp:3200::computeTransform() Missing visual features or missing raw data to compute them. Transform cannot be estimated.[0m
[33m[ WARN] (2026-09-26 21:43:23.259) Memory.cpp:3200::computeTransform() Missing visual features or missing raw data to compute them. Transform cannot be estimated.[0m
[0m[ INFO] [1790473403.462760546, 1790471331.486811601]: rtabmap (1016): Rate=1.00s, Limit=0.000s, Conversion=0.0014s, RTAB-Map=0.3742s, Maps update=0.0008s pub=0.0001s (local map=737, WM=737)[0m
[33m[ WARN] (2026-09-26 21:43:24.241) Memory.cpp:3200::computeTransform() Missing visual features or missing raw data to compute them. Transform cannot be estimated.[0m
[33m[ WARN] (2026-09-26 21:43:24.242) Memory.cpp:3200::computeTransform() Missing visual features or missing raw data to compute them. Transform cannot be estimated.[0m
[0m[ INFO] [1790473404.460511844, 1790471332.481840598]: rtabmap (1017): Rate=1.00s, Limit=0.000s, Conversion=0.0009s, RTAB-Map=0.3725s, Maps update=0.0009s pub=0.0001s (local map=738, WM=738)[0m
Warning: TF_REPEATED_DATA ignoring data with redundant timestamp for frame odom (parent map) at time 1790471332.735293 according to authority unknown_publisher
         at line 278 in /tmp/binarydeb/ros-noetic-tf2-0.7.7/src/buffer_core.cpp
[33m[ WARN] [1790473404.611285491, 1790471332.635292770]: TF_REPEATED_DATA ignoring data with redundant timestamp for frame odom (parent map) at time 1790471332.735293 according to authority unknown_publisher[0m
Warning: TF_REPEATED_DATA ignoring data with redundant timestamp for frame odom (parent map) at time 1790471332.735293 according to authority /rtabmap/rtabmap
         at line 278 in /tmp/binarydeb/ros-noetic-tf2-0.7.7/src/buffer_core.cpp
[33m[ WARN] (2026-09-26 21:43:25.253) Memory.cpp:3200::computeTransform() Missing visual features or missing raw data to compute them. Transform cannot be estimated.[0m
[33m[ WARN] (2026-09-26 21:43:25.263) Memory.cpp:3200::computeTransform() Missing visual features or missing raw data to compute them. Transform cannot be estimated.[0m
[0m[ INFO] [1790473405.483114544, 1790471333.506489880]: rtabmap (1018): Rate=1.00s, Limit=0.000s, Conversion=0.0009s, RTAB-Map=0.3991s, Maps update=0.0010s pub=0.0001s (local map=739, WM=739)[0m
[33m[ WARN] (2026-09-26 21:43:26.359) Memory.cpp:3200::computeTransform() Missing visual features or missing raw data to compute them. Transform cannot be estimated.[0m
[33m[ WARN] (2026-09-26 21:43:26.360) Memory.cpp:3200::computeTransform() Missing visual features or missing raw data to compute them. Transform cannot be estimated.[0m
[0m[ INFO] [1790473406.566262373, 1790471334.585442208]: rtabmap (1019): Rate=1.00s, Limit=0.000s, Conversion=0.0018s, RTAB-Map=0.3764s, Maps update=0.0008s pub=0.0001s (local map=740, WM=740)[0m
[33m[ WARN] (2026-09-26 21:43:27.485) Memory.cpp:3200::computeTransform() Missing visual features or missing raw data to compute them. Transform cannot be estimated.[0m
[33m[ WARN] (2026-09-26 21:43:27.485) Memory.cpp:3200::computeTransform() Missing visual features or missing raw data to compute them. Transform cannot be estimated.[0m
[0m[ INFO] [1790473407.683337093, 1790471335.705879428]: rtabmap (1020): Rate=1.00s, Limit=0.000s, Conversion=0.0014s, RTAB-Map=0.3738s, Maps update=0.0010s pub=0.0001s (local map=740, WM=740)[0m
[33m[ WARN] (2026-09-26 21:43:28.450) Memory.cpp:3200::computeTransform() Missing visual features or missing raw data to compute them. Transform cannot be estimated.[0m
[33m[ WARN] (2026-09-26 21:43:28.451) Memory.cpp:3200::computeTransform() Missing visual features or missing raw data to compute them. Transform cannot be estimated.[0m
[0m[ INFO] [1790473408.661668215, 1790471336.680468206]: rtabmap (1021): Rate=1.00s, Limit=0.000s, Conversion=0.0013s, RTAB-Map=0.3821s, Maps update=0.0012s pub=0.0001s (local map=740, WM=740)[0m
[33m[ WARN] (2026-09-26 21:43:29.557) Memory.cpp:3200::computeTransform() Missing visual features or missing raw data to compute them. Transform cannot be estimated.[0m
[33m[ WARN] (2026-09-26 21:43:29.557) Memory.cpp:3200::computeTransform() Missing visual features or missing raw data to compute them. Transform cannot be estimated.[0m
[0m[ INFO] [1790473409.772149392, 1790471337.789342518]: rtabmap (1022): Rate=1.00s, Limit=0.000s, Conversion=0.0009s, RTAB-Map=0.3866s, Maps update=0.0013s pub=0.0001s (local map=740, WM=740)[0m
[33m[ WARN] (2026-09-26 21:43:30.642) Memory.cpp:3200::computeTransform() Missing visual features or missing raw data to compute them. Transform cannot be estimated.[0m
[33m[ WARN] (2026-09-26 21:43:30.642) Memory.cpp:3200::computeTransform() Missing visual features or missing raw data to compute them. Transform cannot be estimated.[0m
[0m[ INFO] [1790473410.848478651, 1790471338.867501717]: rtabmap (1023): Rate=1.00s, Limit=0.000s, Conversion=0.0014s, RTAB-Map=0.3654s, Maps update=0.0010s pub=0.0001s (local map=740, WM=740)[0m
[33m[ WARN] (2026-09-26 21:43:31.675) Memory.cpp:3200::computeTransform() Missing visual features or missing raw data to compute them. Transform cannot be estimated.[0m
[33m[ WARN] (2026-09-26 21:43:31.676) Memory.cpp:3200::computeTransform() Missing visual features or missing raw data to compute them. Transform cannot be estimated.[0m
[0m[ INFO] [1790473411.904609454, 1790471339.926992395]: rtabmap (1024): Rate=1.00s, Limit=0.000s, Conversion=0.0012s, RTAB-Map=0.4196s, Maps update=0.0012s pub=0.0001s (local map=741, WM=741)[0m
[33m[ WARN] (2026-09-26 21:43:32.756) Memory.cpp:3200::computeTransform() Missing visual features or missing raw data to compute them. Transform cannot be estimated.[0m
[33m[ WARN] (2026-09-26 21:43:32.757) Memory.cpp:3200::computeTransform() Missing visual features or missing raw data to compute them. Transform cannot be estimated.[0m
[0m[ INFO] [1790473412.994979440, 1790471341.018839901]: rtabmap (1025): Rate=1.00s, Limit=0.000s, Conversion=0.0008s, RTAB-Map=0.4124s, Maps update=0.0012s pub=0.0001s (local map=742, WM=742)[0m
[33m[ WARN] (2026-09-26 21:43:33.744) Memory.cpp:3200::computeTransform() Missing visual features or missing raw data to compute them. Transform cannot be estimated.[0m
[33m[ WARN] (2026-09-26 21:43:33.745) Memory.cpp:3200::computeTransform() Missing visual features or missing raw data to compute them. Transform cannot be estimated.[0m
[0m[ INFO] [1790473413.954352118, 1790471341.975837097]: rtabmap (1026): Rate=1.00s, Limit=0.000s, Conversion=0.0013s, RTAB-Map=0.3681s, Maps update=0.0009s pub=0.0001s (local map=743, WM=743)[0m
[33m[ WARN] (2026-09-26 21:43:34.761) Memory.cpp:3200::computeTransform() Missing visual features or missing raw data to compute them. Transform cannot be estimated.[0m
[33m[ WARN] (2026-09-26 21:43:34.762) Memory.cpp:3200::computeTransform() Missing visual features or missing raw data to compute them. Transform cannot be estimated.[0m
[0m[ INFO] [1790473414.971425862, 1790471342.987944580]: rtabmap (1027): Rate=1.00s, Limit=0.000s, Conversion=0.0012s, RTAB-Map=0.3822s, Maps update=0.0008s pub=0.0001s (local map=744, WM=744)[0m
[33m[ WARN] (2026-09-26 21:43:35.846) Memory.cpp:3200::computeTransform() Missing visual features or missing raw data to compute them. Transform cannot be estimated.[0m
[33m[ WARN] (2026-09-26 21:43:35.847) Memory.cpp:3200::computeTransform() Missing visual features or missing raw data to compute them. Transform cannot be estimated.[0m
[0m[ INFO] [1790473416.058735622, 1790471344.077163513]: rtabmap (1028): Rate=1.00s, Limit=0.000s, Conversion=0.0013s, RTAB-Map=0.3752s, Maps update=0.0009s pub=0.0001s (local map=745, WM=745)[0m
[33m[ WARN] (2026-09-26 21:43:36.938) Memory.cpp:3200::computeTransform() Missing visual features or missing raw data to compute them. Transform cannot be estimated.[0m
[33m[ WARN] (2026-09-26 21:43:36.939) Memory.cpp:3200::computeTransform() Missing visual features or missing raw data to compute them. Transform cannot be estimated.[0m
[0m[ INFO] [1790473417.150989339, 1790471345.176576987]: rtabmap (1029): Rate=1.00s, Limit=0.000s, Conversion=0.0013s, RTAB-Map=0.3637s, Maps update=0.0010s pub=0.0001s (local map=746, WM=746)[0m
[33m[ WARN] (2026-09-26 21:43:38.043) Memory.cpp:3200::computeTransform() Missing visual features or missing raw data to compute them. Transform cannot be estimated.[0m
[33m[ WARN] (2026-09-26 21:43:38.044) Memory.cpp:3200::computeTransform() Missing visual features or missing raw data to compute them. Transform cannot be estimated.[0m
[33m[ WARN] (2026-09-26 21:43:38.044) Memory.cpp:3200::computeTransform() Missing visual features or missing raw data to compute them. Transform cannot be estimated.[0m
[0m[ INFO] [1790473418.249278673, 1790471346.265466988]: rtabmap (1030): Rate=1.00s, Limit=0.000s, Conversion=0.0009s, RTAB-Map=0.3559s, Maps update=0.0008s pub=0.0001s (local map=747, WM=747)[0m
[33m[ WARN] (2026-09-26 21:43:39.057) Memory.cpp:3200::computeTransform() Missing visual features or missing raw data to compute them. Transform cannot be estimated.[0m
[33m[ WARN] (2026-09-26 21:43:39.058) Memory.cpp:3200::computeTransform() Missing visual features or missing raw data to compute them. Transform cannot be estimated.[0m
[33m[ WARN] (2026-09-26 21:43:39.058) Memory.cpp:3200::computeTransform() Missing visual features or missing raw data to compute them. Transform cannot be estimated.[0m
[0m[ INFO] [1790473419.241028050, 1790471347.257787859]: rtabmap (1031): Rate=1.00s, Limit=0.000s, Conversion=0.0013s, RTAB-Map=0.3489s, Maps update=0.0008s pub=0.0001s (local map=748, WM=748)[0m
[33m[ WARN] (2026-09-26 21:43:40.159) Memory.cpp:3200::computeTransform() Missing visual features or missing raw data to compute them. Transform cannot be estimated.[0m
[33m[ WARN] (2026-09-26 21:43:40.159) Memory.cpp:3200::computeTransform() Missing visual features or missing raw data to compute them. Transform cannot be estimated.[0m
[33m[ WARN] (2026-09-26 21:43:40.160) Memory.cpp:3200::computeTransform() Missing visual features or missing raw data to compute them. Transform cannot be estimated.[0m
[0m[ INFO] [1790473420.342947502, 1790471348.359742032]: rtabmap (1032): Rate=1.00s, Limit=0.000s, Conversion=0.0013s, RTAB-Map=0.3530s, Maps update=0.0009s pub=0.0001s (local map=749, WM=749)[0m
[33m[ WARN] (2026-09-26 21:43:41.159) Memory.cpp:3200::computeTransform() Missing visual features or missing raw data to compute them. Transform cannot be estimated.[0m
[33m[ WARN] (2026-09-26 21:43:41.160) Memory.cpp:3200::computeTransform() Missing visual features or missing raw data to compute them. Transform cannot be estimated.[0m
[33m[ WARN] (2026-09-26 21:43:41.160) Memory.cpp:3200::computeTransform() Missing visual features or missing raw data to compute them. Transform cannot be estimated.[0m
[0m[ INFO] [1790473421.395198838, 1790471349.412817473]: rtabmap (1033): Rate=1.00s, Limit=0.000s, Conversion=0.0010s, RTAB-Map=0.4056s, Maps update=0.0014s pub=0.0001s (local map=750, WM=750)[0m
[33m[ WARN] (2026-09-26 21:43:42.159) Memory.cpp:3200::computeTransform() Missing visual features or missing raw data to compute them. Transform cannot be estimated.[0m
[33m[ WARN] (2026-09-26 21:43:42.159) Memory.cpp:3200::computeTransform() Missing visual features or missing raw data to compute them. Transform cannot be estimated.[0m
[33m[ WARN] (2026-09-26 21:43:42.160) Memory.cpp:3200::computeTransform() Missing visual features or missing raw data to compute them. Transform cannot be estimated.[0m
[0m[ INFO] [1790473422.338672369, 1790471350.362518910]: rtabmap (1034): Rate=1.00s, Limit=0.000s, Conversion=0.0012s, RTAB-Map=0.3472s, Maps update=0.0008s pub=0.0001s (local map=751, WM=751)[0m
[33m[ WARN] (2026-09-26 21:43:43.265) Memory.cpp:3200::computeTransform() Missing visual features or missing raw data to compute them. Transform cannot be estimated.[0m
[33m[ WARN] (2026-09-26 21:43:43.266) Memory.cpp:3200::computeTransform() Missing visual features or missing raw data to compute them. Transform cannot be estimated.[0m
[33m[ WARN] (2026-09-26 21:43:43.266) Memory.cpp:3200::computeTransform() Missing visual features or missing raw data to compute them. Transform cannot be estimated.[0m
[0m[ INFO] [1790473423.439323840, 1790471351.462777065]: rtabmap (1035): Rate=1.00s, Limit=0.000s, Conversion=0.0014s, RTAB-Map=0.3442s, Maps update=0.0008s pub=0.0001s (local map=752, WM=752)[0m
[33m[ WARN] (2026-09-26 21:43:44.352) Memory.cpp:3200::computeTransform() Missing visual features or missing raw data to compute them. Transform cannot be estimated.[0m
[33m[ WARN] (2026-09-26 21:43:44.352) Memory.cpp:3200::computeTransform() Missing visual features or missing raw data to compute them. Transform cannot be estimated.[0m
[33m[ WARN] (2026-09-26 21:43:44.353) Memory.cpp:3200::computeTransform() Missing visual features or missing raw data to compute them. Transform cannot be estimated.[0m
[0m[ INFO] [1790473424.538207643, 1790471352.562068617]: rtabmap (1036): Rate=1.00s, Limit=0.000s, Conversion=0.0013s, RTAB-Map=0.3443s, Maps update=0.0009s pub=0.0001s (local map=753, WM=753)[0m
[33m[ WARN] (2026-09-26 21:43:45.441) Memory.cpp:3200::computeTransform() Missing visual features or missing raw data to compute them. Transform cannot be estimated.[0m
[33m[ WARN] (2026-09-26 21:43:45.441) Memory.cpp:3200::computeTransform() Missing visual features or missing raw data to compute them. Transform cannot be estimated.[0m
[33m[ WARN] (2026-09-26 21:43:45.441) Memory.cpp:3200::computeTransform() Missing visual features or missing raw data to compute them. Transform cannot be estimated.[0m
[0m[ INFO] [1790473425.625510331, 1790471353.642854978]: rtabmap (1037): Rate=1.00s, Limit=0.000s, Conversion=0.0013s, RTAB-Map=0.3355s, Maps update=0.0010s pub=0.0001s (local map=754, WM=754)[0m
[33m[ WARN] (2026-09-26 21:43:46.450) Memory.cpp:3200::computeTransform() Missing visual features or missing raw data to compute them. Transform cannot be estimated.[0m
[33m[ WARN] (2026-09-26 21:43:46.450) Memory.cpp:3200::computeTransform() Missing visual features or missing raw data to compute them. Transform cannot be estimated.[0m
[33m[ WARN] (2026-09-26 21:43:46.450) Memory.cpp:3200::computeTransform() Missing visual features or missing raw data to compute them. Transform cannot be estimated.[0m
[0m[ INFO] [1790473426.635307004, 1790471354.654044754]: rtabmap (1038): Rate=1.00s, Limit=0.000s, Conversion=0.0013s, RTAB-Map=0.3509s, Maps update=0.0008s pub=0.0001s (local map=755, WM=755)[0m
Warning: TF_REPEATED_DATA ignoring data with redundant timestamp for frame odom (parent map) at time 1790471354.910300 according to authority unknown_publisher
         at line 278 in /tmp/binarydeb/ros-noetic-tf2-0.7.7/src/buffer_core.cpp
Warning: TF_REPEATED_DATA ignoring data with redundant timestamp for frame odom (parent map) at time 1790471354.910300 according to authority /rtabmap/rtabmap
         at line 278 in /tmp/binarydeb/ros-noetic-tf2-0.7.7/src/buffer_core.cpp
[33m[ WARN] [1790473426.785766055, 1790471354.810300028]: TF_REPEATED_DATA ignoring data with redundant timestamp for frame odom (parent map) at time 1790471354.910300 according to authority unknown_publisher[0m
[33m[ WARN] (2026-09-26 21:43:47.566) Memory.cpp:3200::computeTransform() Missing visual features or missing raw data to compute them. Transform cannot be estimated.[0m
[33m[ WARN] (2026-09-26 21:43:47.566) Memory.cpp:3200::computeTransform() Missing visual features or missing raw data to compute them. Transform cannot be estimated.[0m
[0m[ INFO] [1790473427.806114073, 1790471355.830223753]: rtabmap (1039): Rate=1.00s, Limit=0.000s, Conversion=0.0014s, RTAB-Map=0.4226s, Maps update=0.0009s pub=0.0001s (local map=756, WM=756)[0m
[33m[ WARN] (2026-09-26 21:43:48.577) Memory.cpp:3200::computeTransform() Missing visual features or missing raw data to compute them. Transform cannot be estimated.[0m
[33m[ WARN] (2026-09-26 21:43:48.577) Memory.cpp:3200::computeTransform() Missing visual features or missing raw data to compute them. Transform cannot be estimated.[0m
[0m[ INFO] [1790473428.756170714, 1790471356.773311552]: rtabmap (1040): Rate=1.00s, Limit=0.000s, Conversion=0.0011s, RTAB-Map=0.3521s, Maps update=0.0008s pub=0.0001s (local map=757, WM=757)[0m
[33m[ WARN] (2026-09-26 21:43:49.641) Memory.cpp:3200::computeTransform() Missing visual features or missing raw data to compute them. Transform cannot be estimated.[0m
[33m[ WARN] (2026-09-26 21:43:49.642) Memory.cpp:3200::computeTransform() Missing visual features or missing raw data to compute them. Transform cannot be estimated.[0m
[0m[ INFO] [1790473429.853986954, 1790471357.876766476]: rtabmap (1041): Rate=1.00s, Limit=0.000s, Conversion=0.0009s, RTAB-Map=0.3709s, Maps update=0.0010s pub=0.0001s (local map=758, WM=758)[0m
[33m[ WARN] (2026-09-26 21:43:50.666) Memory.cpp:3200::computeTransform() Missing visual features or missing raw data to compute them. Transform cannot be estimated.[0m
[33m[ WARN] (2026-09-26 21:43:50.667) Memory.cpp:3200::computeTransform() Missing visual features or missing raw data to compute them. Transform cannot be estimated.[0m
[0m[ INFO] [1790473430.848677161, 1790471358.865878767]: rtabmap (1042): Rate=1.00s, Limit=0.000s, Conversion=0.0010s, RTAB-Map=0.3607s, Maps update=0.0010s pub=0.0001s (local map=759, WM=759)[0m
[33m[ WARN] (2026-09-26 21:43:51.635) Memory.cpp:3200::computeTransform() Missing visual features or missing raw data to compute them. Transform cannot be estimated.[0m
[33m[ WARN] (2026-09-26 21:43:51.635) Memory.cpp:3200::computeTransform() Missing visual features or missing raw data to compute them. Transform cannot be estimated.[0m
[0m[ INFO] [1790473431.816359494, 1790471359.835810372]: rtabmap (1043): Rate=1.00s, Limit=0.000s, Conversion=0.0009s, RTAB-Map=0.3309s, Maps update=0.0009s pub=0.0001s (local map=760, WM=760)[0m
[33m[ WARN] (2026-09-26 21:43:52.762) Memory.cpp:3200::computeTransform() Missing visual features or missing raw data to compute them. Transform cannot be estimated.[0m
[33m[ WARN] (2026-09-26 21:43:52.762) Memory.cpp:3200::computeTransform() Missing visual features or missing raw data to compute them. Transform cannot be estimated.[0m
[0m[ INFO] [1790473432.976145325, 1790471360.996555829]: rtabmap (1044): Rate=1.00s, Limit=0.000s, Conversion=0.0013s, RTAB-Map=0.3788s, Maps update=0.0011s pub=0.0001s (local map=761, WM=761)[0m
[33m[ WARN] (2026-09-26 21:43:53.737) Memory.cpp:3200::computeTransform() Missing visual features or missing raw data to compute them. Transform cannot be estimated.[0m
[33m[ WARN] (2026-09-26 21:43:53.738) Memory.cpp:3200::computeTransform() Missing visual features or missing raw data to compute them. Transform cannot be estimated.[0m
[0m[ INFO] [1790473433.939579677, 1790471361.956404767]: rtabmap (1045): Rate=1.00s, Limit=0.000s, Conversion=0.0009s, RTAB-Map=0.3600s, Maps update=0.0011s pub=0.0001s (local map=762, WM=762)[0m
[33m[ WARN] (2026-09-26 21:43:54.755) Memory.cpp:3200::computeTransform() Missing visual features or missing raw data to compute them. Transform cannot be estimated.[0m
[33m[ WARN] (2026-09-26 21:43:54.756) Memory.cpp:3200::computeTransform() Missing visual features or missing raw data to compute them. Transform cannot be estimated.[0m
[0m[ INFO] [1790473434.935684906, 1790471362.955962833]: rtabmap (1046): Rate=1.00s, Limit=0.000s, Conversion=0.0013s, RTAB-Map=0.3494s, Maps update=0.0009s pub=0.0001s (local map=763, WM=763)[0m
[33m[ WARN] (2026-09-26 21:43:55.731) Memory.cpp:3200::computeTransform() Missing visual features or missing raw data to compute them. Transform cannot be estimated.[0m
[33m[ WARN] (2026-09-26 21:43:55.732) Memory.cpp:3200::computeTransform() Missing visual features or missing raw data to compute them. Transform cannot be estimated.[0m
[0m[ INFO] [1790473435.925970009, 1790471363.951027188]: rtabmap (1047): Rate=1.00s, Limit=0.000s, Conversion=0.0008s, RTAB-Map=0.3432s, Maps update=0.0010s pub=0.0001s (local map=764, WM=764)[0m
[33m[ WARN] (2026-09-26 21:43:56.831) Memory.cpp:3200::computeTransform() Missing visual features or missing raw data to compute them. Transform cannot be estimated.[0m
[33m[ WARN] (2026-09-26 21:43:56.831) Memory.cpp:3200::computeTransform() Missing visual features or missing raw data to compute them. Transform cannot be estimated.[0m
[0m[ INFO] [1790473437.055268986, 1790471365.076488171]: rtabmap (1048): Rate=1.00s, Limit=0.000s, Conversion=0.0008s, RTAB-Map=0.3728s, Maps update=0.0014s pub=0.0001s (local map=765, WM=765)[0m
[33m[ WARN] (2026-09-26 21:43:57.828) Memory.cpp:3200::computeTransform() Missing visual features or missing raw data to compute them. Transform cannot be estimated.[0m
[33m[ WARN] (2026-09-26 21:43:57.828) Memory.cpp:3200::computeTransform() Missing visual features or missing raw data to compute them. Transform cannot be estimated.[0m
[0m[ INFO] [1790473438.003451974, 1790471366.024873177]: rtabmap (1049): Rate=1.00s, Limit=0.000s, Conversion=0.0009s, RTAB-Map=0.3281s, Maps update=0.0008s pub=0.0001s (local map=766, WM=766)[0m
[33m[ WARN] (2026-09-26 21:43:58.852) Memory.cpp:3200::computeTransform() Missing visual features or missing raw data to compute them. Transform cannot be estimated.[0m
[33m[ WARN] (2026-09-26 21:43:58.853) Memory.cpp:3200::computeTransform() Missing visual features or missing raw data to compute them. Transform cannot be estimated.[0m
[0m[ INFO] [1790473439.033640288, 1790471367.053793893]: rtabmap (1050): Rate=1.00s, Limit=0.000s, Conversion=0.0008s, RTAB-Map=0.3474s, Maps update=0.0009s pub=0.0001s (local map=767, WM=767)[0m
[33m[ WARN] (2026-09-26 21:43:59.949) Memory.cpp:3200::computeTransform() Missing visual features or missing raw data to compute them. Transform cannot be estimated.[0m
[33m[ WARN] (2026-09-26 21:43:59.949) Memory.cpp:3200::computeTransform() Missing visual features or missing raw data to compute them. Transform cannot be estimated.[0m
[0m[ INFO] [1790473440.140632657, 1790471368.157137807]: rtabmap (1051): Rate=1.00s, Limit=0.000s, Conversion=0.0008s, RTAB-Map=0.3410s, Maps update=0.0008s pub=0.0001s (local map=768, WM=768)[0m
[33m[ WARN] (2026-09-26 21:44:00.943) Memory.cpp:3200::computeTransform() Missing visual features or missing raw data to compute them. Transform cannot be estimated.[0m
[33m[ WARN] (2026-09-26 21:44:00.943) Memory.cpp:3200::computeTransform() Missing visual features or missing raw data to compute them. Transform cannot be estimated.[0m
[0m[ INFO] [1790473441.133089718, 1790471369.152950425]: rtabmap (1052): Rate=1.00s, Limit=0.000s, Conversion=0.0009s, RTAB-Map=0.3515s, Maps update=0.0011s pub=0.0001s (local map=769, WM=769)[0m
[33m[ WARN] (2026-09-26 21:44:02.040) Memory.cpp:3200::computeTransform() Missing visual features or missing raw data to compute them. Transform cannot be estimated.[0m
[33m[ WARN] (2026-09-26 21:44:02.041) Memory.cpp:3200::computeTransform() Missing visual features or missing raw data to compute them. Transform cannot be estimated.[0m
[0m[ INFO] [1790473442.227248446, 1790471370.251357966]: rtabmap (1053): Rate=1.00s, Limit=0.000s, Conversion=0.0009s, RTAB-Map=0.3448s, Maps update=0.0011s pub=0.0001s (local map=770, WM=770)[0m
[33m[ WARN] (2026-09-26 21:44:03.144) Memory.cpp:3200::computeTransform() Missing visual features or missing raw data to compute them. Transform cannot be estimated.[0m
[33m[ WARN] (2026-09-26 21:44:03.145) Memory.cpp:3200::computeTransform() Missing visual features or missing raw data to compute them. Transform cannot be estimated.[0m
[0m[ INFO] [1790473443.291301762, 1790471371.309554771]: rtabmap (1054): Rate=1.00s, Limit=0.000s, Conversion=0.0014s, RTAB-Map=0.2954s, Maps update=0.0010s pub=0.0001s (local map=771, WM=771)[0m
[33m[ WARN] (2026-09-26 21:44:04.136) Memory.cpp:3200::computeTransform() Missing visual features or missing raw data to compute them. Transform cannot be estimated.[0m
[33m[ WARN] (2026-09-26 21:44:04.136) Memory.cpp:3200::computeTransform() Missing visual features or missing raw data to compute them. Transform cannot be estimated.[0m
[0m[ INFO] [1790473444.307849866, 1790471372.330115014]: rtabmap (1055): Rate=1.00s, Limit=0.000s, Conversion=0.0013s, RTAB-Map=0.3226s, Maps update=0.0011s pub=0.0001s (local map=772, WM=772)[0m
Warning: TF_REPEATED_DATA ignoring data with redundant timestamp for frame odom (parent map) at time 1790471372.592608 according to authority unknown_publisher
         at line 278 in /tmp/binarydeb/ros-noetic-tf2-0.7.7/src/buffer_core.cpp
Warning: TF_REPEATED_DATA ignoring data with redundant timestamp for frame odom (parent map) at time 1790471372.592608 according to authority /rtabmap/rtabmap
         at line 278 in /tmp/binarydeb/ros-noetic-tf2-0.7.7/src/buffer_core.cpp
[33m[ WARN] [1790473444.468427522, 1790471372.492607890]: TF_REPEATED_DATA ignoring data with redundant timestamp for frame odom (parent map) at time 1790471372.592608 according to authority unknown_publisher[0m
[33m[ WARN] (2026-09-26 21:44:05.144) Memory.cpp:3200::computeTransform() Missing visual features or missing raw data to compute them. Transform cannot be estimated.[0m
[33m[ WARN] (2026-09-26 21:44:05.145) Memory.cpp:3200::computeTransform() Missing visual features or missing raw data to compute them. Transform cannot be estimated.[0m
[0m[ INFO] [1790473445.335883532, 1790471373.353879387]: rtabmap (1056): Rate=1.00s, Limit=0.000s, Conversion=0.0013s, RTAB-Map=0.3415s, Maps update=0.0010s pub=0.0001s (local map=773, WM=773)[0m
[33m[ WARN] (2026-09-26 21:44:06.223) Memory.cpp:3200::computeTransform() Missing visual features or missing raw data to compute them. Transform cannot be estimated.[0m
[33m[ WARN] (2026-09-26 21:44:06.224) Memory.cpp:3200::computeTransform() Missing visual features or missing raw data to compute them. Transform cannot be estimated.[0m
[0m[ INFO] [1790473446.394129426, 1790471374.414658428]: rtabmap (1057): Rate=1.00s, Limit=0.000s, Conversion=0.0009s, RTAB-Map=0.3186s, Maps update=0.0011s pub=0.0001s (local map=774, WM=774)[0m
[33m[ WARN] (2026-09-26 21:44:07.333) Memory.cpp:3200::computeTransform() Missing visual features or missing raw data to compute them. Transform cannot be estimated.[0m
[33m[ WARN] (2026-09-26 21:44:07.334) Memory.cpp:3200::computeTransform() Missing visual features or missing raw data to compute them. Transform cannot be estimated.[0m
[0m[ INFO] [1790473447.508241903, 1790471375.526632993]: rtabmap (1058): Rate=1.00s, Limit=0.000s, Conversion=0.0009s, RTAB-Map=0.3228s, Maps update=0.0008s pub=0.0001s (local map=775, WM=775)[0m
[33m[ WARN] (2026-09-26 21:44:08.339) Memory.cpp:3200::computeTransform() Missing visual features or missing raw data to compute them. Transform cannot be estimated.[0m
[33m[ WARN] (2026-09-26 21:44:08.340) Memory.cpp:3200::computeTransform() Missing visual features or missing raw data to compute them. Transform cannot be estimated.[0m
[0m[ INFO] [1790473448.590636375, 1790471376.606821490]: rtabmap (1059): Rate=1.00s, Limit=0.000s, Conversion=0.0013s, RTAB-Map=0.4069s, Maps update=0.0015s pub=0.0001s (local map=776, WM=776)[0m
[33m[ WARN] (2026-09-26 21:44:09.435) Memory.cpp:3200::computeTransform() Missing visual features or missing raw data to compute them. Transform cannot be estimated.[0m
[33m[ WARN] (2026-09-26 21:44:09.435) Memory.cpp:3200::computeTransform() Missing visual features or missing raw data to compute them. Transform cannot be estimated.[0m
[0m[ INFO] [1790473449.630204597, 1790471377.648754121]: rtabmap (1060): Rate=1.00s, Limit=0.000s, Conversion=0.0009s, RTAB-Map=0.3497s, Maps update=0.0011s pub=0.0001s (local map=777, WM=777)[0m
[33m[ WARN] (2026-09-26 21:44:10.456) Memory.cpp:3200::computeTransform() Missing visual features or missing raw data to compute them. Transform cannot be estimated.[0m
[33m[ WARN] (2026-09-26 21:44:10.456) Memory.cpp:3200::computeTransform() Missing visual features or missing raw data to compute them. Transform cannot be estimated.[0m
[0m[ INFO] [1790473450.629472291, 1790471378.650555666]: rtabmap (1061): Rate=1.00s, Limit=0.000s, Conversion=0.0015s, RTAB-Map=0.3344s, Maps update=0.0009s pub=0.0001s (local map=778, WM=778)[0m
[33m[ WARN] (2026-09-26 21:44:11.463) Memory.cpp:3200::computeTransform() Missing visual features or missing raw data to compute them. Transform cannot be estimated.[0m
[33m[ WARN] (2026-09-26 21:44:11.464) Memory.cpp:3200::computeTransform() Missing visual features or missing raw data to compute them. Transform cannot be estimated.[0m
[0m[ INFO] [1790473451.654086720, 1790471379.676353468]: rtabmap (1062): Rate=1.00s, Limit=0.000s, Conversion=0.0014s, RTAB-Map=0.3593s, Maps update=0.0008s pub=0.0001s (local map=779, WM=779)[0m
[33m[ WARN] (2026-09-26 21:44:12.541) Memory.cpp:3200::computeTransform() Missing visual features or missing raw data to compute them. Transform cannot be estimated.[0m
[33m[ WARN] (2026-09-26 21:44:12.541) Memory.cpp:3200::computeTransform() Missing visual features or missing raw data to compute them. Transform cannot be estimated.[0m
[0m[ INFO] [1790473452.741154778, 1790471380.766856731]: rtabmap (1063): Rate=1.00s, Limit=0.000s, Conversion=0.0009s, RTAB-Map=0.3577s, Maps update=0.0009s pub=0.0001s (local map=780, WM=780)[0m
[33m[ WARN] (2026-09-26 21:44:13.526) Memory.cpp:3200::computeTransform() Missing visual features or missing raw data to compute them. Transform cannot be estimated.[0m
[33m[ WARN] (2026-09-26 21:44:13.527) Memory.cpp:3200::computeTransform() Missing visual features or missing raw data to compute them. Transform cannot be estimated.[0m
[0m[ INFO] [1790473453.703982338, 1790471381.725611735]: rtabmap (1064): Rate=1.00s, Limit=0.000s, Conversion=0.0009s, RTAB-Map=0.3296s, Maps update=0.0010s pub=0.0001s (local map=781, WM=781)[0m
[33m[ WARN] (2026-09-26 21:44:14.649) Memory.cpp:3200::computeTransform() Missing visual features or missing raw data to compute them. Transform cannot be estimated.[0m
[33m[ WARN] (2026-09-26 21:44:14.649) Memory.cpp:3200::computeTransform() Missing visual features or missing raw data to compute them. Transform cannot be estimated.[0m
[0m[ INFO] [1790473454.817189044, 1790471382.839665298]: rtabmap (1065): Rate=1.00s, Limit=0.000s, Conversion=0.0013s, RTAB-Map=0.3375s, Maps update=0.0011s pub=0.0001s (local map=782, WM=782)[0m
[33m[ WARN] (2026-09-26 21:44:15.643) Memory.cpp:3200::computeTransform() Missing visual features or missing raw data to compute them. Transform cannot be estimated.[0m
[33m[ WARN] (2026-09-26 21:44:15.643) Memory.cpp:3200::computeTransform() Missing visual features or missing raw data to compute them. Transform cannot be estimated.[0m
[0m[ INFO] [1790473455.815928699, 1790471383.839072353]: rtabmap (1066): Rate=1.00s, Limit=0.000s, Conversion=0.0008s, RTAB-Map=0.3424s, Maps update=0.0009s pub=0.0001s (local map=783, WM=783)[0m
[33m[ WARN] (2026-09-26 21:44:16.751) Memory.cpp:3200::computeTransform() Missing visual features or missing raw data to compute them. Transform cannot be estimated.[0m
[33m[ WARN] (2026-09-26 21:44:16.751) Memory.cpp:3200::computeTransform() Missing visual features or missing raw data to compute them. Transform cannot be estimated.[0m
[0m[ INFO] [1790473456.934364933, 1790471384.957658380]: rtabmap (1067): Rate=1.00s, Limit=0.000s, Conversion=0.0013s, RTAB-Map=0.3457s, Maps update=0.0010s pub=0.0001s (local map=784, WM=784)[0m
[33m[ WARN] (2026-09-26 21:44:17.838) Memory.cpp:3200::computeTransform() Missing visual features or missing raw data to compute them. Transform cannot be estimated.[0m
[33m[ WARN] (2026-09-26 21:44:17.839) Memory.cpp:3200::computeTransform() Missing visual features or missing raw data to compute them. Transform cannot be estimated.[0m
[0m[ INFO] [1790473458.027343646, 1790471386.048764369]: rtabmap (1068): Rate=1.00s, Limit=0.000s, Conversion=0.0012s, RTAB-Map=0.3598s, Maps update=0.0011s pub=0.0001s (local map=785, WM=785)[0m
[33m[ WARN] (2026-09-26 21:44:18.890) Memory.cpp:3200::computeTransform() Missing visual features or missing raw data to compute them. Transform cannot be estimated.[0m
[33m[ WARN] (2026-09-26 21:44:18.890) Memory.cpp:3200::computeTransform() Missing visual features or missing raw data to compute them. Transform cannot be estimated.[0m
[0m[ INFO] [1790473459.112270369, 1790471387.131609533]: rtabmap (1069): Rate=1.00s, Limit=0.000s, Conversion=0.0014s, RTAB-Map=0.3876s, Maps update=0.0012s pub=0.0001s (local map=786, WM=786)[0m
[33m[ WARN] (2026-09-26 21:44:19.948) Memory.cpp:3200::computeTransform() Missing visual features or missing raw data to compute them. Transform cannot be estimated.[0m
[33m[ WARN] (2026-09-26 21:44:19.948) Memory.cpp:3200::computeTransform() Missing visual features or missing raw data to compute them. Transform cannot be estimated.[0m
[0m[ INFO] [1790473460.159728914, 1790471388.181420328]: rtabmap (1070): Rate=1.00s, Limit=0.000s, Conversion=0.0013s, RTAB-Map=0.3791s, Maps update=0.0009s pub=0.0001s (local map=787, WM=787)[0m
[0m[ INFO] [1790473461.037288967, 1790471389.058924797]: rtabmap (1071): Rate=1.00s, Limit=0.000s, Conversion=0.0009s, RTAB-Map=0.2479s, Maps update=0.0010s pub=0.0001s (local map=787, WM=787)[0m
[0m[ INFO] [1790473462.152730768, 1790471390.178449202]: rtabmap (1072): Rate=1.00s, Limit=0.000s, Conversion=0.0013s, RTAB-Map=0.2644s, Maps update=0.0010s pub=0.0001s (local map=787, WM=787)[0m
[0m[ INFO] [1790473463.154397751, 1790471391.180011191]: rtabmap (1073): Rate=1.00s, Limit=0.000s, Conversion=0.0015s, RTAB-Map=0.2643s, Maps update=0.0009s pub=0.0001s (local map=787, WM=787)[0m
[0m[ INFO] [1790473464.147554210, 1790471392.171676594]: rtabmap (1074): Rate=1.00s, Limit=0.000s, Conversion=0.0014s, RTAB-Map=0.2637s, Maps update=0.0010s pub=0.0001s (local map=787, WM=787)[0m
[33m[ WARN] (2026-09-26 21:44:25.159) Memory.cpp:3200::computeTransform() Missing visual features or missing raw data to compute them. Transform cannot be estimated.[0m
[33m[ WARN] (2026-09-26 21:44:25.159) Memory.cpp:3200::computeTransform() Missing visual features or missing raw data to compute them. Transform cannot be estimated.[0m
[0m[ INFO] [1790473465.381229757, 1790471393.404020799]: rtabmap (1075): Rate=1.00s, Limit=0.000s, Conversion=0.0014s, RTAB-Map=0.3962s, Maps update=0.0011s pub=0.0001s (local map=788, WM=788)[0m
Warning: TF_REPEATED_DATA ignoring data with redundant timestamp for frame odom (parent map) at time 1790471393.657749 according to authority unknown_publisher
         at line 278 in /tmp/binarydeb/ros-noetic-tf2-0.7.7/src/buffer_core.cpp
Warning: TF_REPEATED_DATA ignoring data with redundant timestamp for frame odom (parent map) at time 1790471393.657749 according to authority /rtabmap/rtabmap
         at line 278 in /tmp/binarydeb/ros-noetic-tf2-0.7.7/src/buffer_core.cpp
[33m[ WARN] [1790473465.532724947, 1790471393.557749197]: TF_REPEATED_DATA ignoring data with redundant timestamp for frame odom (parent map) at time 1790471393.657749 according to authority unknown_publisher[0m
[33m[ WARN] (2026-09-26 21:44:26.154) Memory.cpp:3200::computeTransform() Missing visual features or missing raw data to compute them. Transform cannot be estimated.[0m
[33m[ WARN] (2026-09-26 21:44:26.155) Memory.cpp:3200::computeTransform() Missing visual features or missing raw data to compute them. Transform cannot be estimated.[0m
[0m[ INFO] [1790473466.375602069, 1790471394.397531246]: rtabmap (1076): Rate=1.00s, Limit=0.000s, Conversion=0.0013s, RTAB-Map=0.3912s, Maps update=0.0010s pub=0.0001s (local map=789, WM=789)[0m
[33m[ WARN] (2026-09-26 21:44:27.158) Memory.cpp:3200::computeTransform() Missing visual features or missing raw data to compute them. Transform cannot be estimated.[0m
[33m[ WARN] (2026-09-26 21:44:27.158) Memory.cpp:3200::computeTransform() Missing visual features or missing raw data to compute them. Transform cannot be estimated.[0m
[0m[ INFO] [1790473467.380599487, 1790471395.405587896]: rtabmap (1077): Rate=1.00s, Limit=0.000s, Conversion=0.0013s, RTAB-Map=0.3947s, Maps update=0.0012s pub=0.0001s (local map=790, WM=790)[0m
[33m[ WARN] (2026-09-26 21:44:28.259) Memory.cpp:3200::computeTransform() Missing visual features or missing raw data to compute them. Transform cannot be estimated.[0m
[0m[ INFO] [1790473468.465726211, 1790471396.486064682]: rtabmap (1078): Rate=1.00s, Limit=0.000s, Conversion=0.0013s, RTAB-Map=0.3782s, Maps update=0.0009s pub=0.0001s (local map=791, WM=791)[0m
[33m[ WARN] (2026-09-26 21:44:29.254) Memory.cpp:3200::computeTransform() Missing visual features or missing raw data to compute them. Transform cannot be estimated.[0m
[0m[ INFO] [1790473469.461281735, 1790471397.483064510]: rtabmap (1079): Rate=1.00s, Limit=0.000s, Conversion=0.0012s, RTAB-Map=0.3657s, Maps update=0.0009s pub=0.0001s (local map=792, WM=792)[0m
[33m[ WARN] (2026-09-26 21:44:30.348) Memory.cpp:3200::computeTransform() Missing visual features or missing raw data to compute them. Transform cannot be estimated.[0m
[0m[ INFO] [1790473470.570712527, 1790471398.596224782]: rtabmap (1080): Rate=1.00s, Limit=0.000s, Conversion=0.0009s, RTAB-Map=0.3804s, Maps update=0.0015s pub=0.0001s (local map=793, WM=793)[0m
[33m[ WARN] (2026-09-26 21:44:31.358) Memory.cpp:3200::computeTransform() Missing visual features or missing raw data to compute them. Transform cannot be estimated.[0m
[0m[ INFO] [1790473471.571720398, 1790471399.596998794]: rtabmap (1081): Rate=1.00s, Limit=0.000s, Conversion=0.0014s, RTAB-Map=0.3719s, Maps update=0.0013s pub=0.0001s (local map=794, WM=794)[0m
[33m[ WARN] (2026-09-26 21:44:32.361) Memory.cpp:3200::computeTransform() Missing visual features or missing raw data to compute them. Transform cannot be estimated.[0m
[0m[ INFO] [1790473472.578527403, 1790471400.600087327]: rtabmap (1082): Rate=1.00s, Limit=0.000s, Conversion=0.0013s, RTAB-Map=0.3787s, Maps update=0.0012s pub=0.0001s (local map=795, WM=795)[0m
[33m[ WARN] (2026-09-26 21:44:33.340) Memory.cpp:3200::computeTransform() Missing visual features or missing raw data to compute them. Transform cannot be estimated.[0m
[0m[ INFO] [1790473473.540741930, 1790471401.561664664]: rtabmap (1083): Rate=1.00s, Limit=0.000s, Conversion=0.0012s, RTAB-Map=0.3637s, Maps update=0.0008s pub=0.0001s (local map=796, WM=796)[0m
[33m[ WARN] (2026-09-26 21:44:34.450) Memory.cpp:3200::computeTransform() Missing visual features or missing raw data to compute them. Transform cannot be estimated.[0m
[0m[ INFO] [1790473474.643718828, 1790471402.662214624]: rtabmap (1084): Rate=1.00s, Limit=0.000s, Conversion=0.0014s, RTAB-Map=0.3608s, Maps update=0.0008s pub=0.0001s (local map=797, WM=797)[0m
[33m[ WARN] (2026-09-26 21:44:35.455) Memory.cpp:3200::computeTransform() Missing visual features or missing raw data to compute them. Transform cannot be estimated.[0m
[0m[ INFO] [1790473475.654412946, 1790471403.672969639]: rtabmap (1085): Rate=1.00s, Limit=0.000s, Conversion=0.0008s, RTAB-Map=0.3467s, Maps update=0.0008s pub=0.0001s (local map=798, WM=798)[0m
[33m[ WARN] (2026-09-26 21:44:36.555) Memory.cpp:3200::computeTransform() Missing visual features or missing raw data to compute them. Transform cannot be estimated.[0m
[0m[ INFO] [1790473476.759592876, 1790471404.777119957]: rtabmap (1086): Rate=1.00s, Limit=0.000s, Conversion=0.0013s, RTAB-Map=0.3718s, Maps update=0.0009s pub=0.0001s (local map=799, WM=799)[0m
[33m[ WARN] (2026-09-26 21:44:37.526) Memory.cpp:3200::computeTransform() Missing visual features or missing raw data to compute them. Transform cannot be estimated.[0m
[0m[ INFO] [1790473477.736879180, 1790471405.758340896]: rtabmap (1087): Rate=1.00s, Limit=0.000s, Conversion=0.0008s, RTAB-Map=0.3614s, Maps update=0.0012s pub=0.0001s (local map=800, WM=800)[0m
[33m[ WARN] (2026-09-26 21:44:38.648) Memory.cpp:3200::computeTransform() Missing visual features or missing raw data to compute them. Transform cannot be estimated.[0m
[0m[ INFO] [1790473478.879347349, 1790471406.898426223]: rtabmap (1088): Rate=1.00s, Limit=0.000s, Conversion=0.0011s, RTAB-Map=0.3903s, Maps update=0.0012s pub=0.0001s (local map=801, WM=801)[0m
[33m[ WARN] (2026-09-26 21:44:39.679) Memory.cpp:3200::computeTransform() Missing visual features or missing raw data to compute them. Transform cannot be estimated.[0m
[0m[ INFO] [1790473479.926889061, 1790471407.951154103]: rtabmap (1089): Rate=1.00s, Limit=0.000s, Conversion=0.0014s, RTAB-Map=0.4336s, Maps update=0.0009s pub=0.0001s (local map=802, WM=802)[0m
[33m[ WARN] (2026-09-26 21:44:40.753) Memory.cpp:3200::computeTransform() Missing visual features or missing raw data to compute them. Transform cannot be estimated.[0m
[0m[ INFO] [1790473480.954139900, 1790471408.975210603]: rtabmap (1090): Rate=1.00s, Limit=0.000s, Conversion=0.0012s, RTAB-Map=0.3691s, Maps update=0.0010s pub=0.0001s (local map=803, WM=803)[0m
[33m[ WARN] (2026-09-26 21:44:41.849) Memory.cpp:3200::computeTransform() Missing visual features or missing raw data to compute them. Transform cannot be estimated.[0m
[0m[ INFO] [1790473482.068936508, 1790471410.086689800]: rtabmap (1091): Rate=1.00s, Limit=0.000s, Conversion=0.0013s, RTAB-Map=0.3789s, Maps update=0.0013s pub=0.0001s (local map=804, WM=804)[0m
[33m[ WARN] (2026-09-26 21:44:42.857) Memory.cpp:3200::computeTransform() Missing visual features or missing raw data to compute them. Transform cannot be estimated.[0m
[0m[ INFO] [1790473483.059840909, 1790471411.077221685]: rtabmap (1092): Rate=1.00s, Limit=0.000s, Conversion=0.0013s, RTAB-Map=0.3673s, Maps update=0.0010s pub=0.0001s (local map=805, WM=805)[0m
Warning: TF_REPEATED_DATA ignoring data with redundant timestamp for frame odom (parent map) at time 1790471411.337578 according to authority unknown_publisher
         at line 278 in /tmp/binarydeb/ros-noetic-tf2-0.7.7/src/buffer_core.cpp
[33m[ WARN] [1790473483.213150167, 1790471411.237577866]: TF_REPEATED_DATA ignoring data with redundant timestamp for frame odom (parent map) at time 1790471411.337578 according to authority unknown_publisher[0m
Warning: TF_REPEATED_DATA ignoring data with redundant timestamp for frame odom (parent map) at time 1790471411.337578 according to authority /rtabmap/rtabmap
         at line 278 in /tmp/binarydeb/ros-noetic-tf2-0.7.7/src/buffer_core.cpp
[33m[ WARN] (2026-09-26 21:44:43.841) Memory.cpp:3200::computeTransform() Missing visual features or missing raw data to compute them. Transform cannot be estimated.[0m
[0m[ INFO] [1790473484.032389530, 1790471412.057504629]: rtabmap (1093): Rate=1.00s, Limit=0.000s, Conversion=0.0009s, RTAB-Map=0.3404s, Maps update=0.0010s pub=0.0001s (local map=806, WM=806)[0m
[33m[ WARN] (2026-09-26 21:44:44.944) Memory.cpp:3200::computeTransform() Missing visual features or missing raw data to compute them. Transform cannot be estimated.[0m
[0m[ INFO] [1790473485.154366663, 1790471413.172869499]: rtabmap (1094): Rate=1.00s, Limit=0.000s, Conversion=0.0013s, RTAB-Map=0.3728s, Maps update=0.0010s pub=0.0001s (local map=807, WM=807)[0m
[33m[ WARN] (2026-09-26 21:44:45.957) Memory.cpp:3200::computeTransform() Missing visual features or missing raw data to compute them. Transform cannot be estimated.[0m
[0m[ INFO] [1790473486.203850795, 1790471414.222226878]: rtabmap (1095): Rate=1.00s, Limit=0.000s, Conversion=0.0018s, RTAB-Map=0.4116s, Maps update=0.0014s pub=0.0001s (local map=808, WM=808)[0m
[33m[ WARN] (2026-09-26 21:44:47.018) Memory.cpp:3200::computeTransform() Missing visual features or missing raw data to compute them. Transform cannot be estimated.[0m
[0m[ INFO] [1790473487.225144226, 1790471415.249806488]: rtabmap (1096): Rate=1.00s, Limit=0.000s, Conversion=0.0013s, RTAB-Map=0.3767s, Maps update=0.0010s pub=0.0001s (local map=809, WM=809)[0m
[33m[ WARN] (2026-09-26 21:44:48.043) Memory.cpp:3200::computeTransform() Missing visual features or missing raw data to compute them. Transform cannot be estimated.[0m
[0m[ INFO] [1790473488.260527407, 1790471416.282310502]: rtabmap (1097): Rate=1.00s, Limit=0.000s, Conversion=0.0013s, RTAB-Map=0.3746s, Maps update=0.0012s pub=0.0001s (local map=810, WM=810)[0m
[33m[ WARN] (2026-09-26 21:44:49.059) Memory.cpp:3200::computeTransform() Missing visual features or missing raw data to compute them. Transform cannot be estimated.[0m
[0m[ INFO] [1790473489.264373227, 1790471417.282476154]: rtabmap (1098): Rate=1.00s, Limit=0.000s, Conversion=0.0014s, RTAB-Map=0.3730s, Maps update=0.0010s pub=0.0001s (local map=811, WM=811)[0m
[33m[ WARN] (2026-09-26 21:44:50.050) Memory.cpp:3200::computeTransform() Missing visual features or missing raw data to compute them. Transform cannot be estimated.[0m
[0m[ INFO] [1790473490.241986989, 1790471418.263487809]: rtabmap (1099): Rate=1.00s, Limit=0.000s, Conversion=0.0009s, RTAB-Map=0.3587s, Maps update=0.0009s pub=0.0001s (local map=812, WM=812)[0m
[33m[ WARN] (2026-09-26 21:44:51.070) Memory.cpp:3200::computeTransform() Missing visual features or missing raw data to compute them. Transform cannot be estimated.[0m
[0m[ INFO] [1790473491.272209891, 1790471419.296081681]: rtabmap (1100): Rate=1.00s, Limit=0.000s, Conversion=0.0014s, RTAB-Map=0.3746s, Maps update=0.0012s pub=0.0001s (local map=813, WM=813)[0m
[33m[ WARN] (2026-09-26 21:44:52.153) Memory.cpp:3200::computeTransform() Missing visual features or missing raw data to compute them. Transform cannot be estimated.[0m
[0m[ INFO] [1790473492.363476614, 1790471420.387770136]: rtabmap (1101): Rate=1.00s, Limit=0.000s, Conversion=0.0009s, RTAB-Map=0.3690s, Maps update=0.0011s pub=0.0001s (local map=814, WM=814)[0m
[33m[ WARN] (2026-09-26 21:44:53.243) Memory.cpp:3200::computeTransform() Missing visual features or missing raw data to compute them. Transform cannot be estimated.[0m
[0m[ INFO] [1790473493.440515569, 1790471421.463874457]: rtabmap (1102): Rate=1.00s, Limit=0.000s, Conversion=0.0008s, RTAB-Map=0.3540s, Maps update=0.0010s pub=0.0001s (local map=815, WM=815)[0m
[33m[ WARN] (2026-09-26 21:44:54.274) Memory.cpp:3200::computeTransform() Missing visual features or missing raw data to compute them. Transform cannot be estimated.[0m
[0m[ INFO] [1790473494.494709511, 1790471422.510798881]: rtabmap (1103): Rate=1.00s, Limit=0.000s, Conversion=0.0012s, RTAB-Map=0.4055s, Maps update=0.0020s pub=0.0001s (local map=816, WM=816)[0m
[33m[ WARN] (2026-09-26 21:44:55.374) Memory.cpp:3200::computeTransform() Missing visual features or missing raw data to compute them. Transform cannot be estimated.[0m
[0m[ INFO] [1790473495.608267353, 1790471423.625365470]: rtabmap (1104): Rate=1.00s, Limit=0.000s, Conversion=0.0013s, RTAB-Map=0.4074s, Maps update=0.0013s pub=0.0001s (local map=817, WM=817)[0m
[33m[ WARN] (2026-09-26 21:44:56.458) Memory.cpp:3200::computeTransform() Missing visual features or missing raw data to compute them. Transform cannot be estimated.[0m
[0m[ INFO] [1790473496.674532784, 1790471424.695446814]: rtabmap (1105): Rate=1.00s, Limit=0.000s, Conversion=0.0020s, RTAB-Map=0.3913s, Maps update=0.0011s pub=0.0001s (local map=818, WM=818)[0m
[33m[ WARN] (2026-09-26 21:44:57.438) Memory.cpp:3200::computeTransform() Missing visual features or missing raw data to compute them. Transform cannot be estimated.[0m
[0m[ INFO] [1790473497.657489771, 1790471425.673384899]: rtabmap (1106): Rate=1.00s, Limit=0.000s, Conversion=0.0010s, RTAB-Map=0.3769s, Maps update=0.0012s pub=0.0001s (local map=819, WM=819)[0m
[33m[ WARN] (2026-09-26 21:44:58.543) Memory.cpp:3200::computeTransform() Missing visual features or missing raw data to compute them. Transform cannot be estimated.[0m
[0m[ INFO] [1790473498.756335871, 1790471426.772216663]: rtabmap (1107): Rate=1.00s, Limit=0.000s, Conversion=0.0009s, RTAB-Map=0.3704s, Maps update=0.0009s pub=0.0001s (local map=820, WM=820)[0m
[33m[ WARN] (2026-09-26 21:44:59.561) Memory.cpp:3200::computeTransform() Missing visual features or missing raw data to compute them. Transform cannot be estimated.[0m
[0m[ INFO] [1790473499.787256923, 1790471427.811134089]: rtabmap (1108): Rate=1.00s, Limit=0.000s, Conversion=0.0012s, RTAB-Map=0.4068s, Maps update=0.0012s pub=0.0001s (local map=821, WM=821)[0m
[33m[ WARN] (2026-09-26 21:45:00.654) Memory.cpp:3200::computeTransform() Missing visual features or missing raw data to compute them. Transform cannot be estimated.[0m
[0m[ INFO] [1790473500.881724320, 1790471428.903231924]: rtabmap (1109): Rate=1.00s, Limit=0.000s, Conversion=0.0013s, RTAB-Map=0.3909s, Maps update=0.0015s pub=0.0001s (local map=822, WM=822)[0m
Warning: TF_REPEATED_DATA ignoring data with redundant timestamp for frame odom (parent map) at time 1790471429.159935 according to authority unknown_publisher
         at line 278 in /tmp/binarydeb/ros-noetic-tf2-0.7.7/src/buffer_core.cpp
Warning: TF_REPEATED_DATA ignoring data with redundant timestamp for frame odom (parent map) at time 1790471429.159935 according to authority /rtabmap/rtabmap
         at line 278 in /tmp/binarydeb/ros-noetic-tf2-0.7.7/src/buffer_core.cpp
[33m[ WARN] [1790473501.038118218, 1790471429.059934817]: TF_REPEATED_DATA ignoring data with redundant timestamp for frame odom (parent map) at time 1790471429.159935 according to authority unknown_publisher[0m
[33m[ WARN] (2026-09-26 21:45:01.659) Memory.cpp:3200::computeTransform() Missing visual features or missing raw data to compute them. Transform cannot be estimated.[0m
[0m[ INFO] [1790473501.869903570, 1790471429.892112462]: rtabmap (1110): Rate=1.00s, Limit=0.000s, Conversion=0.0008s, RTAB-Map=0.3578s, Maps update=0.0010s pub=0.0001s (local map=823, WM=823)[0m
[0m[ INFO] [1790473502.810117348, 1790471430.831476918]: rtabmap (1111): Rate=1.00s, Limit=0.000s, Conversion=0.0013s, RTAB-Map=0.3375s, Maps update=0.0009s pub=0.0001s (local map=824, WM=824)[0m
[0m[ INFO] [1790473503.815680880, 1790471431.834237317]: rtabmap (1112): Rate=1.00s, Limit=0.000s, Conversion=0.0013s, RTAB-Map=0.3339s, Maps update=0.0010s pub=0.0001s (local map=824, WM=824)[0m
[0m[ INFO] [1790473504.800558175, 1790471432.823381858]: rtabmap (1113): Rate=1.00s, Limit=0.000s, Conversion=0.0009s, RTAB-Map=0.3169s, Maps update=0.0013s pub=0.0001s (local map=824, WM=824)[0m
[0m[ INFO] [1790473505.909099930, 1790471433.930142825]: rtabmap (1114): Rate=1.00s, Limit=0.000s, Conversion=0.0014s, RTAB-Map=0.3236s, Maps update=0.0013s pub=0.0001s (local map=824, WM=824)[0m
[0m[ INFO] [1790473506.918427471, 1790471434.940873869]: rtabmap (1115): Rate=1.00s, Limit=0.000s, Conversion=0.0013s, RTAB-Map=0.3364s, Maps update=0.0009s pub=0.0001s (local map=825, WM=825)[0m
[0m[ INFO] [1790473508.029102656, 1790471436.045411485]: rtabmap (1116): Rate=1.00s, Limit=0.000s, Conversion=0.0014s, RTAB-Map=0.3348s, Maps update=0.0011s pub=0.0001s (local map=826, WM=826)[0m
[0m[ INFO] [1790473509.033376255, 1790471437.058376600]: rtabmap (1117): Rate=1.00s, Limit=0.000s, Conversion=0.0014s, RTAB-Map=0.3505s, Maps update=0.0009s pub=0.0001s (local map=827, WM=827)[0m
[33m[ WARN] (2026-09-26 21:45:09.968) Memory.cpp:3200::computeTransform() Missing visual features or missing raw data to compute them. Transform cannot be estimated.[0m
[0m[ INFO] [1790473510.150236914, 1790471438.174685318]: rtabmap (1118): Rate=1.00s, Limit=0.000s, Conversion=0.0013s, RTAB-Map=0.3418s, Maps update=0.0011s pub=0.0001s (local map=828, WM=828)[0m
[33m[ WARN] (2026-09-26 21:45:10.964) Memory.cpp:3200::computeTransform() Missing visual features or missing raw data to compute them. Transform cannot be estimated.[0m
[0m[ INFO] [1790473511.138879593, 1790471439.154841538]: rtabmap (1119): Rate=1.00s, Limit=0.000s, Conversion=0.0013s, RTAB-Map=0.3427s, Maps update=0.0008s pub=0.0001s (local map=829, WM=829)[0m
[33m[ WARN] (2026-09-26 21:45:12.043) Memory.cpp:3200::computeTransform() Missing visual features or missing raw data to compute them. Transform cannot be estimated.[0m
[0m[ INFO] [1790473512.216063155, 1790471440.239386811]: rtabmap (1120): Rate=1.00s, Limit=0.000s, Conversion=0.0014s, RTAB-Map=0.3266s, Maps update=0.0009s pub=0.0001s (local map=830, WM=830)[0m
[33m[ WARN] (2026-09-26 21:45:13.039) Memory.cpp:3200::computeTransform() Missing visual features or missing raw data to compute them. Transform cannot be estimated.[0m
[0m[ INFO] [1790473513.211944280, 1790471441.232194878]: rtabmap (1121): Rate=1.00s, Limit=0.000s, Conversion=0.0010s, RTAB-Map=0.3177s, Maps update=0.0011s pub=0.0001s (local map=831, WM=831)[0m
[0m[ INFO] [1790473514.322978348, 1790471442.345354762]: rtabmap (1122): Rate=1.00s, Limit=0.000s, Conversion=0.0009s, RTAB-Map=0.3294s, Maps update=0.0015s pub=0.0001s (local map=832, WM=832)[0m
[0m[ INFO] [1790473515.441662675, 1790471443.463886703]: rtabmap (1123): Rate=1.00s, Limit=0.000s, Conversion=0.0014s, RTAB-Map=0.3476s, Maps update=0.0010s pub=0.0001s (local map=833, WM=833)[0m
[0m[ INFO] [1790473516.400476842, 1790471444.417650192]: rtabmap (1124): Rate=1.00s, Limit=0.000s, Conversion=0.0009s, RTAB-Map=0.3207s, Maps update=0.0010s pub=0.0001s (local map=834, WM=834)[0m
[0m[ INFO] [1790473517.406505594, 1790471445.421898733]: rtabmap (1125): Rate=1.00s, Limit=0.000s, Conversion=0.0009s, RTAB-Map=0.3288s, Maps update=0.0010s pub=0.0001s (local map=835, WM=835)[0m
[0m[ INFO] [1790473518.500054771, 1790471446.519924726]: rtabmap (1126): Rate=1.00s, Limit=0.000s, Conversion=0.0008s, RTAB-Map=0.3297s, Maps update=0.0010s pub=0.0001s (local map=835, WM=835)[0m
[0m[ INFO] [1790473519.615014738, 1790471447.631023627]: rtabmap (1127): Rate=1.00s, Limit=0.000s, Conversion=0.0009s, RTAB-Map=0.3321s, Maps update=0.0016s pub=0.0001s (local map=835, WM=835)[0m
[0m[ INFO] [1790473520.711833326, 1790471448.731094346]: rtabmap (1128): Rate=1.00s, Limit=0.000s, Conversion=0.0009s, RTAB-Map=0.3249s, Maps update=0.0011s pub=0.0001s (local map=835, WM=835)[0m
[0m[ INFO] [1790473521.710053610, 1790471449.730163471]: rtabmap (1129): Rate=1.00s, Limit=0.000s, Conversion=0.0008s, RTAB-Map=0.3174s, Maps update=0.0016s pub=0.0001s (local map=836, WM=836)[0m
[0m[ INFO] [1790473522.813400716, 1790471450.829184259]: rtabmap (1130): Rate=1.00s, Limit=0.000s, Conversion=0.0014s, RTAB-Map=0.3340s, Maps update=0.0011s pub=0.0001s (local map=836, WM=836)[0m
[0m[ INFO] [1790473523.795664413, 1790471451.820871769]: rtabmap (1131): Rate=1.00s, Limit=0.000s, Conversion=0.0009s, RTAB-Map=0.3115s, Maps update=0.0011s pub=0.0001s (local map=836, WM=836)[0m
[0m[ INFO] [1790473524.908466116, 1790471452.925956493]: rtabmap (1132): Rate=1.00s, Limit=0.000s, Conversion=0.0013s, RTAB-Map=0.3304s, Maps update=0.0011s pub=0.0001s (local map=837, WM=837)[0m
[33m[ WARN] (2026-09-26 21:45:25.871) Memory.cpp:3200::computeTransform() Missing visual features or missing raw data to compute them. Transform cannot be estimated.[0m
[0m[ INFO] [1790473526.083693286, 1790471454.108443133]: rtabmap (1133): Rate=1.00s, Limit=0.000s, Conversion=0.0012s, RTAB-Map=0.3792s, Maps update=0.0012s pub=0.0001s (local map=838, WM=838)[0m
[33m[ WARN] (2026-09-26 21:45:26.864) Memory.cpp:3200::computeTransform() Missing visual features or missing raw data to compute them. Transform cannot be estimated.[0m
[0m[ INFO] [1790473527.080244337, 1790471455.100293973]: rtabmap (1134): Rate=1.00s, Limit=0.000s, Conversion=0.0014s, RTAB-Map=0.3920s, Maps update=0.0010s pub=0.0001s (local map=839, WM=839)[0m
Warning: TF_REPEATED_DATA ignoring data with redundant timestamp for frame odom (parent map) at time 1790471455.357101 according to authority unknown_publisher
         at line 278 in /tmp/binarydeb/ros-noetic-tf2-0.7.7/src/buffer_core.cpp
[33m[ WARN] [1790473527.234415491, 1790471455.257100739]: TF_REPEATED_DATA ignoring data with redundant timestamp for frame odom (parent map) at time 1790471455.357101 according to authority unknown_publisher[0m
Warning: TF_REPEATED_DATA ignoring data with redundant timestamp for frame odom (parent map) at time 1790471455.357101 according to authority /rtabmap/rtabmap
         at line 278 in /tmp/binarydeb/ros-noetic-tf2-0.7.7/src/buffer_core.cpp
[33m[ WARN] (2026-09-26 21:45:27.971) Memory.cpp:3200::computeTransform() Missing visual features or missing raw data to compute them. Transform cannot be estimated.[0m
[0m[ INFO] [1790473528.183130381, 1790471456.207880804]: rtabmap (1135): Rate=1.00s, Limit=0.000s, Conversion=0.0016s, RTAB-Map=0.3784s, Maps update=0.0011s pub=0.0001s (local map=840, WM=840)[0m
[33m[ WARN] (2026-09-26 21:45:28.951) Memory.cpp:3200::computeTransform() Missing visual features or missing raw data to compute them. Transform cannot be estimated.[0m
[0m[ INFO] [1790473529.172766669, 1790471457.196088756]: rtabmap (1136): Rate=1.00s, Limit=0.000s, Conversion=0.0019s, RTAB-Map=0.3924s, Maps update=0.0012s pub=0.0001s (local map=841, WM=841)[0m
[33m[ WARN] (2026-09-26 21:45:29.953) Memory.cpp:3200::computeTransform() Missing visual features or missing raw data to compute them. Transform cannot be estimated.[0m
[0m[ INFO] [1790473530.183996500, 1790471458.206691381]: rtabmap (1137): Rate=1.00s, Limit=0.000s, Conversion=0.0013s, RTAB-Map=0.4075s, Maps update=0.0012s pub=0.0001s (local map=842, WM=842)[0m
[33m[ WARN] (2026-09-26 21:45:31.059) Memory.cpp:3200::computeTransform() Missing visual features or missing raw data to compute them. Transform cannot be estimated.[0m
[0m[ INFO] [1790473531.308329365, 1790471459.329315300]: rtabmap (1138): Rate=1.00s, Limit=0.000s, Conversion=0.0009s, RTAB-Map=0.4121s, Maps update=0.0013s pub=0.0001s (local map=843, WM=843)[0m
[33m[ WARN] (2026-09-26 21:45:32.142) Memory.cpp:3200::computeTransform() Missing visual features or missing raw data to compute them. Transform cannot be estimated.[0m
[0m[ INFO] [1790473532.373829697, 1790471460.398993244]: rtabmap (1139): Rate=1.00s, Limit=0.000s, Conversion=0.0009s, RTAB-Map=0.3900s, Maps update=0.0013s pub=0.0001s (local map=844, WM=844)[0m
[33m[ WARN] (2026-09-26 21:45:33.158) Memory.cpp:3200::computeTransform() Missing visual features or missing raw data to compute them. Transform cannot be estimated.[0m
[0m[ INFO] [1790473533.382437515, 1790471461.405046283]: rtabmap (1140): Rate=1.00s, Limit=0.000s, Conversion=0.0014s, RTAB-Map=0.3893s, Maps update=0.0013s pub=0.0001s (local map=845, WM=845)[0m
[33m[ WARN] (2026-09-26 21:45:34.250) Memory.cpp:3200::computeTransform() Missing visual features or missing raw data to compute them. Transform cannot be estimated.[0m
[0m[ INFO] [1790473534.446423079, 1790471462.470041009]: rtabmap (1141): Rate=1.00s, Limit=0.000s, Conversion=0.0014s, RTAB-Map=0.3576s, Maps update=0.0011s pub=0.0001s (local map=846, WM=846)[0m
[33m[ WARN] (2026-09-26 21:45:35.275) Memory.cpp:3200::computeTransform() Missing visual features or missing raw data to compute them. Transform cannot be estimated.[0m
[0m[ INFO] [1790473535.485337205, 1790471463.503172258]: rtabmap (1142): Rate=1.00s, Limit=0.000s, Conversion=0.0013s, RTAB-Map=0.3914s, Maps update=0.0018s pub=0.0001s (local map=847, WM=847)[0m
[33m[ WARN] (2026-09-26 21:45:36.368) Memory.cpp:3200::computeTransform() Missing visual features or missing raw data to compute them. Transform cannot be estimated.[0m
[0m[ INFO] [1790473536.607459327, 1790471464.631021033]: rtabmap (1143): Rate=1.00s, Limit=0.000s, Conversion=0.0013s, RTAB-Map=0.4146s, Maps update=0.0012s pub=0.0001s (local map=848, WM=848)[0m
[33m[ WARN] (2026-09-26 21:45:37.363) Memory.cpp:3200::computeTransform() Missing visual features or missing raw data to compute them. Transform cannot be estimated.[0m
[0m[ INFO] [1790473537.594301888, 1790471465.615458256]: rtabmap (1144): Rate=1.00s, Limit=0.000s, Conversion=0.0014s, RTAB-Map=0.4032s, Maps update=0.0011s pub=0.0001s (local map=849, WM=849)[0m
[33m[ WARN] (2026-09-26 21:45:38.365) Memory.cpp:3200::computeTransform() Missing visual features or missing raw data to compute them. Transform cannot be estimated.[0m
[0m[ INFO] [1790473538.634328538, 1790471466.650238227]: rtabmap (1145): Rate=1.00s, Limit=0.000s, Conversion=0.0009s, RTAB-Map=0.4400s, Maps update=0.0011s pub=0.0001s (local map=850, WM=850)[0m
[33m[ WARN] (2026-09-26 21:45:39.463) Memory.cpp:3200::computeTransform() Missing visual features or missing raw data to compute them. Transform cannot be estimated.[0m
[0m[ INFO] [1790473539.702223327, 1790471467.723422992]: rtabmap (1146): Rate=1.00s, Limit=0.000s, Conversion=0.0018s, RTAB-Map=0.4115s, Maps update=0.0011s pub=0.0001s (local map=851, WM=851)[0m
[33m[ WARN] (2026-09-26 21:45:40.452) Memory.cpp:3200::computeTransform() Missing visual features or missing raw data to compute them. Transform cannot be estimated.[0m
[0m[ INFO] [1790473540.698304451, 1790471468.723890147]: rtabmap (1147): Rate=1.00s, Limit=0.000s, Conversion=0.0013s, RTAB-Map=0.4208s, Maps update=0.0013s pub=0.0001s (local map=852, WM=852)[0m
[33m[ WARN] (2026-09-26 21:45:41.453) Memory.cpp:3200::computeTransform() Missing visual features or missing raw data to compute them. Transform cannot be estimated.[0m
[0m[ INFO] [1790473541.675557757, 1790471469.695028284]: rtabmap (1148): Rate=1.00s, Limit=0.000s, Conversion=0.0015s, RTAB-Map=0.3866s, Maps update=0.0013s pub=0.0001s (local map=853, WM=853)[0m
[33m[ WARN] (2026-09-26 21:45:42.436) Memory.cpp:3200::computeTransform() Missing visual features or missing raw data to compute them. Transform cannot be estimated.[0m
[0m[ INFO] [1790473542.658360435, 1790471470.676876199]: rtabmap (1149): Rate=1.00s, Limit=0.000s, Conversion=0.0013s, RTAB-Map=0.3726s, Maps update=0.0011s pub=0.0001s (local map=854, WM=854)[0m
[33m[ WARN] (2026-09-26 21:45:43.458) Memory.cpp:3200::computeTransform() Missing visual features or missing raw data to compute them. Transform cannot be estimated.[0m
[0m[ INFO] [1790473543.687256086, 1790471471.707032792]: rtabmap (1150): Rate=1.00s, Limit=0.000s, Conversion=0.0014s, RTAB-Map=0.3949s, Maps update=0.0013s pub=0.0001s (local map=855, WM=855)[0m
[33m[ WARN] (2026-09-26 21:45:44.552) Memory.cpp:3200::computeTransform() Missing visual features or missing raw data to compute them. Transform cannot be estimated.[0m
[0m[ INFO] [1790473544.776513983, 1790471472.796291456]: rtabmap (1151): Rate=1.00s, Limit=0.000s, Conversion=0.0013s, RTAB-Map=0.3839s, Maps update=0.0011s pub=0.0001s (local map=856, WM=856)[0m
Warning: TF_REPEATED_DATA ignoring data with redundant timestamp for frame odom (parent map) at time 1790471473.049806 according to authority unknown_publisher
         at line 278 in /tmp/binarydeb/ros-noetic-tf2-0.7.7/src/buffer_core.cpp
[33m[ WARN] [1790473544.924815090, 1790471472.949806123]: TF_REPEATED_DATA ignoring data with redundant timestamp for frame odom (parent map) at time 1790471473.049806 according to authority unknown_publisher[0m
Warning: TF_REPEATED_DATA ignoring data with redundant timestamp for frame odom (parent map) at time 1790471473.049806 according to authority /rtabmap/rtabmap
         at line 278 in /tmp/binarydeb/ros-noetic-tf2-0.7.7/src/buffer_core.cpp
[33m[ WARN] (2026-09-26 21:45:45.552) Memory.cpp:3200::computeTransform() Missing visual features or missing raw data to compute them. Transform cannot be estimated.[0m
[0m[ INFO] [1790473545.767453867, 1790471473.787955989]: rtabmap (1152): Rate=1.00s, Limit=0.000s, Conversion=0.0013s, RTAB-Map=0.3745s, Maps update=0.0015s pub=0.0001s (local map=857, WM=857)[0m
[33m[ WARN] (2026-09-26 21:45:46.645) Memory.cpp:3200::computeTransform() Missing visual features or missing raw data to compute them. Transform cannot be estimated.[0m
[0m[ INFO] [1790473546.869285594, 1790471474.891577879]: rtabmap (1153): Rate=1.00s, Limit=0.000s, Conversion=0.0008s, RTAB-Map=0.3729s, Maps update=0.0014s pub=0.0001s (local map=858, WM=858)[0m
[33m[ WARN] (2026-09-26 21:45:47.732) Memory.cpp:3200::computeTransform() Missing visual features or missing raw data to compute them. Transform cannot be estimated.[0m
[0m[ INFO] [1790473547.929801487, 1790471475.952611281]: rtabmap (1154): Rate=1.00s, Limit=0.000s, Conversion=0.0013s, RTAB-Map=0.3447s, Maps update=0.0011s pub=0.0001s (local map=859, WM=859)[0m
[33m[ WARN] (2026-09-26 21:45:48.744) Memory.cpp:3200::computeTransform() Missing visual features or missing raw data to compute them. Transform cannot be estimated.[0m
[0m[ INFO] [1790473548.998028951, 1790471477.015014202]: rtabmap (1155): Rate=1.00s, Limit=0.000s, Conversion=0.0013s, RTAB-Map=0.4155s, Maps update=0.0014s pub=0.0001s (local map=860, WM=860)[0m
[33m[ WARN] (2026-09-26 21:45:49.763) Memory.cpp:3200::computeTransform() Missing visual features or missing raw data to compute them. Transform cannot be estimated.[0m
[0m[ INFO] [1790473550.039746626, 1790471478.063670416]: rtabmap (1156): Rate=1.00s, Limit=0.000s, Conversion=0.0013s, RTAB-Map=0.4449s, Maps update=0.0012s pub=0.0001s (local map=861, WM=861)[0m
[33m[ WARN] (2026-09-26 21:45:50.846) Memory.cpp:3200::computeTransform() Missing visual features or missing raw data to compute them. Transform cannot be estimated.[0m
[0m[ INFO] [1790473551.053861958, 1790471479.075474236]: rtabmap (1157): Rate=1.00s, Limit=0.000s, Conversion=0.0013s, RTAB-Map=0.3719s, Maps update=0.0010s pub=0.0001s (local map=862, WM=862)[0m
[33m[ WARN] (2026-09-26 21:45:51.882) Memory.cpp:3200::computeTransform() Missing visual features or missing raw data to compute them. Transform cannot be estimated.[0m
[0m[ INFO] [1790473552.158916471, 1790471480.174756815]: rtabmap (1158): Rate=1.00s, Limit=0.000s, Conversion=0.0014s, RTAB-Map=0.4625s, Maps update=0.0010s pub=0.0001s (local map=863, WM=863)[0m
[33m[ WARN] (2026-09-26 21:45:52.947) Memory.cpp:3200::computeTransform() Missing visual features or missing raw data to compute them. Transform cannot be estimated.[0m
[0m[ INFO] [1790473553.185000187, 1790471481.206412655]: rtabmap (1159): Rate=1.00s, Limit=0.000s, Conversion=0.0009s, RTAB-Map=0.3927s, Maps update=0.0012s pub=0.0001s (local map=864, WM=864)[0m
[33m[ WARN] (2026-09-26 21:45:53.975) Memory.cpp:3200::computeTransform() Missing visual features or missing raw data to compute them. Transform cannot be estimated.[0m
[0m[ INFO] [1790473554.252898975, 1790471482.272161755]: rtabmap (1160): Rate=1.00s, Limit=0.000s, Conversion=0.0011s, RTAB-Map=0.4578s, Maps update=0.0011s pub=0.0001s (local map=865, WM=865)[0m
[33m[ WARN] (2026-09-26 21:45:55.050) Memory.cpp:3200::computeTransform() Missing visual features or missing raw data to compute them. Transform cannot be estimated.[0m
[0m[ INFO] [1790473555.301459219, 1790471483.325695588]: rtabmap (1161): Rate=1.00s, Limit=0.000s, Conversion=0.0014s, RTAB-Map=0.4218s, Maps update=0.0011s pub=0.0001s (local map=866, WM=866)[0m
[33m[ WARN] (2026-09-26 21:45:56.057) Memory.cpp:3200::computeTransform() Missing visual features or missing raw data to compute them. Transform cannot be estimated.[0m
[0m[ INFO] [1790473556.322969702, 1790471484.346320142]: rtabmap (1162): Rate=1.00s, Limit=0.000s, Conversion=0.0013s, RTAB-Map=0.4301s, Maps update=0.0017s pub=0.0001s (local map=867, WM=867)[0m
[33m[ WARN] (2026-09-26 21:45:57.137) Memory.cpp:3200::computeTransform() Missing visual features or missing raw data to compute them. Transform cannot be estimated.[0m
[0m[ INFO] [1790473557.393037344, 1790471485.418430814]: rtabmap (1163): Rate=1.00s, Limit=0.000s, Conversion=0.0009s, RTAB-Map=0.4087s, Maps update=0.0011s pub=0.0001s (local map=868, WM=868)[0m
[33m[ WARN] (2026-09-26 21:45:58.164) Memory.cpp:3200::computeTransform() Missing visual features or missing raw data to compute them. Transform cannot be estimated.[0m
[0m[ INFO] [1790473558.401976620, 1790471486.421039462]: rtabmap (1164): Rate=1.00s, Limit=0.000s, Conversion=0.0016s, RTAB-Map=0.4065s, Maps update=0.0010s pub=0.0001s (local map=869, WM=869)[0m
[33m[ WARN] (2026-09-26 21:45:59.256) Memory.cpp:3200::computeTransform() Missing visual features or missing raw data to compute them. Transform cannot be estimated.[0m
[33m[ WARN] (2026-09-26 21:45:59.256) Memory.cpp:3200::computeTransform() Missing visual features or missing raw data to compute them. Transform cannot be estimated.[0m
[0m[ INFO] [1790473559.473287956, 1790471487.491943177]: rtabmap (1165): Rate=1.00s, Limit=0.000s, Conversion=0.0011s, RTAB-Map=0.3813s, Maps update=0.0012s pub=0.0001s (local map=870, WM=870)[0m
[33m[ WARN] (2026-09-26 21:46:00.262) Memory.cpp:3200::computeTransform() Missing visual features or missing raw data to compute them. Transform cannot be estimated.[0m
[33m[ WARN] (2026-09-26 21:46:00.262) Memory.cpp:3200::computeTransform() Missing visual features or missing raw data to compute them. Transform cannot be estimated.[0m
[0m[ INFO] [1790473560.486977874, 1790471488.506709332]: rtabmap (1166): Rate=1.00s, Limit=0.000s, Conversion=0.0014s, RTAB-Map=0.3969s, Maps update=0.0016s pub=0.0001s (local map=871, WM=871)[0m
[33m[ WARN] (2026-09-26 21:46:01.393) Memory.cpp:3200::computeTransform() Missing visual features or missing raw data to compute them. Transform cannot be estimated.[0m
[33m[ WARN] (2026-09-26 21:46:01.393) Memory.cpp:3200::computeTransform() Missing visual features or missing raw data to compute them. Transform cannot be estimated.[0m
[0m[ INFO] [1790473561.652836269, 1790471489.674568868]: rtabmap (1167): Rate=1.00s, Limit=0.000s, Conversion=0.0013s, RTAB-Map=0.4361s, Maps update=0.0013s pub=0.0001s (local map=872, WM=872)[0m
[33m[ WARN] (2026-09-26 21:46:02.450) Memory.cpp:3200::computeTransform() Missing visual features or missing raw data to compute them. Transform cannot be estimated.[0m
[33m[ WARN] (2026-09-26 21:46:02.450) Memory.cpp:3200::computeTransform() Missing visual features or missing raw data to compute them. Transform cannot be estimated.[0m
[0m[ INFO] [1790473562.679596920, 1790471490.701968149]: rtabmap (1168): Rate=1.00s, Limit=0.000s, Conversion=0.0013s, RTAB-Map=0.3991s, Maps update=0.0011s pub=0.0001s (local map=873, WM=873)[0m
Warning: TF_REPEATED_DATA ignoring data with redundant timestamp for frame odom (parent map) at time 1790471490.954524 according to authority unknown_publisher
         at line 278 in /tmp/binarydeb/ros-noetic-tf2-0.7.7/src/buffer_core.cpp
[33m[ WARN] [1790473562.829804575, 1790471490.854524309]: TF_REPEATED_DATA ignoring data with redundant timestamp for frame odom (parent map) at time 1790471490.954524 according to authority unknown_publisher[0m
Warning: TF_REPEATED_DATA ignoring data with redundant timestamp for frame odom (parent map) at time 1790471490.954524 according to authority /rtabmap/rtabmap
         at line 278 in /tmp/binarydeb/ros-noetic-tf2-0.7.7/src/buffer_core.cpp
[33m[ WARN] (2026-09-26 21:46:03.557) Memory.cpp:3200::computeTransform() Missing visual features or missing raw data to compute them. Transform cannot be estimated.[0m
[0m[ INFO] [1790473563.769956619, 1790471491.794278621]: rtabmap (1169): Rate=1.00s, Limit=0.000s, Conversion=0.0013s, RTAB-Map=0.3846s, Maps update=0.0012s pub=0.0001s (local map=874, WM=874)[0m
[33m[ WARN] (2026-09-26 21:46:04.656) Memory.cpp:3200::computeTransform() Missing visual features or missing raw data to compute them. Transform cannot be estimated.[0m
[0m[ INFO] [1790473564.887252381, 1790471492.909455609]: rtabmap (1170): Rate=1.00s, Limit=0.000s, Conversion=0.0013s, RTAB-Map=0.3979s, Maps update=0.0014s pub=0.0001s (local map=875, WM=875)[0m
[33m[ WARN] (2026-09-26 21:46:05.732) Memory.cpp:3200::computeTransform() Missing visual features or missing raw data to compute them. Transform cannot be estimated.[0m
[0m[ INFO] [1790473565.967017503, 1790471493.987274310]: rtabmap (1171): Rate=1.00s, Limit=0.000s, Conversion=0.0011s, RTAB-Map=0.3936s, Maps update=0.0014s pub=0.0001s (local map=876, WM=876)[0m
[33m[ WARN] (2026-09-26 21:46:06.739) Memory.cpp:3200::computeTransform() Missing visual features or missing raw data to compute them. Transform cannot be estimated.[0m
[0m[ INFO] [1790473566.946095435, 1790471494.966213616]: rtabmap (1172): Rate=1.00s, Limit=0.000s, Conversion=0.0014s, RTAB-Map=0.3695s, Maps update=0.0011s pub=0.0001s (local map=877, WM=877)[0m
[33m[ WARN] (2026-09-26 21:46:07.850) Memory.cpp:3200::computeTransform() Missing visual features or missing raw data to compute them. Transform cannot be estimated.[0m
[0m[ INFO] [1790473568.058778316, 1790471496.078486413]: rtabmap (1173): Rate=1.00s, Limit=0.000s, Conversion=0.0014s, RTAB-Map=0.3708s, Maps update=0.0010s pub=0.0001s (local map=878, WM=878)[0m
[33m[ WARN] (2026-09-26 21:46:08.834) Memory.cpp:3200::computeTransform() Missing visual features or missing raw data to compute them. Transform cannot be estimated.[0m
[0m[ INFO] [1790473569.042914990, 1790471497.061792998]: rtabmap (1174): Rate=1.00s, Limit=0.000s, Conversion=0.0013s, RTAB-Map=0.3679s, Maps update=0.0011s pub=0.0001s (local map=879, WM=879)[0m
[33m[ WARN] (2026-09-26 21:46:09.942) Memory.cpp:3200::computeTransform() Missing visual features or missing raw data to compute them. Transform cannot be estimated.[0m
[0m[ INFO] [1790473570.197748530, 1790471498.220699094]: rtabmap (1175): Rate=1.00s, Limit=0.000s, Conversion=0.0016s, RTAB-Map=0.4218s, Maps update=0.0015s pub=0.0001s (local map=880, WM=880)[0m
[33m[ WARN] (2026-09-26 21:46:10.978) Memory.cpp:3200::computeTransform() Missing visual features or missing raw data to compute them. Transform cannot be estimated.[0m
[0m[ INFO] [1790473571.210982155, 1790471499.230845165]: rtabmap (1176): Rate=1.00s, Limit=0.000s, Conversion=0.0012s, RTAB-Map=0.4022s, Maps update=0.0014s pub=0.0001s (local map=881, WM=881)[0m
[33m[ WARN] (2026-09-26 21:46:12.060) Memory.cpp:3200::computeTransform() Missing visual features or missing raw data to compute them. Transform cannot be estimated.[0m
[0m[ INFO] [1790473572.276346993, 1790471500.293382326]: rtabmap (1177): Rate=1.00s, Limit=0.000s, Conversion=0.0013s, RTAB-Map=0.3839s, Maps update=0.0010s pub=0.0001s (local map=882, WM=882)[0m
[33m[ WARN] (2026-09-26 21:46:13.145) Memory.cpp:3200::computeTransform() Missing visual features or missing raw data to compute them. Transform cannot be estimated.[0m
[0m[ INFO] [1790473573.352842127, 1790471501.374823432]: rtabmap (1178): Rate=1.00s, Limit=0.000s, Conversion=0.0012s, RTAB-Map=0.3779s, Maps update=0.0011s pub=0.0001s (local map=883, WM=883)[0m
[33m[ WARN] (2026-09-26 21:46:14.256) Memory.cpp:3200::computeTransform() Missing visual features or missing raw data to compute them. Transform cannot be estimated.[0m
[0m[ INFO] [1790473574.459310349, 1790471502.476002734]: rtabmap (1179): Rate=1.00s, Limit=0.000s, Conversion=0.0013s, RTAB-Map=0.3707s, Maps update=0.0011s pub=0.0001s (local map=884, WM=884)[0m
[33m[ WARN] (2026-09-26 21:46:15.348) Memory.cpp:3200::computeTransform() Missing visual features or missing raw data to compute them. Transform cannot be estimated.[0m
[0m[ INFO] [1790473575.591113371, 1790471503.615317836]: rtabmap (1180): Rate=1.00s, Limit=0.000s, Conversion=0.0014s, RTAB-Map=0.4021s, Maps update=0.0014s pub=0.0001s (local map=885, WM=885)[0m
[33m[ WARN] (2026-09-26 21:46:16.342) Memory.cpp:3200::computeTransform() Missing visual features or missing raw data to compute them. Transform cannot be estimated.[0m
[0m[ INFO] [1790473576.564494825, 1790471504.585930908]: rtabmap (1181): Rate=1.00s, Limit=0.000s, Conversion=0.0014s, RTAB-Map=0.3894s, Maps update=0.0013s pub=0.0001s (local map=886, WM=886)[0m
[33m[ WARN] (2026-09-26 21:46:17.457) Memory.cpp:3200::computeTransform() Missing visual features or missing raw data to compute them. Transform cannot be estimated.[0m
[0m[ INFO] [1790473577.675099315, 1790471505.698847935]: rtabmap (1182): Rate=1.00s, Limit=0.000s, Conversion=0.0009s, RTAB-Map=0.3879s, Maps update=0.0016s pub=0.0001s (local map=887, WM=887)[0m
[33m[ WARN] (2026-09-26 21:46:18.563) Memory.cpp:3200::computeTransform() Missing visual features or missing raw data to compute them. Transform cannot be estimated.[0m
[0m[ INFO] [1790473578.769707314, 1790471506.788643499]: rtabmap (1183): Rate=1.00s, Limit=0.000s, Conversion=0.0009s, RTAB-Map=0.3692s, Maps update=0.0013s pub=0.0001s (local map=888, WM=888)[0m
[33m[ WARN] (2026-09-26 21:46:19.557) Memory.cpp:3200::computeTransform() Missing visual features or missing raw data to compute them. Transform cannot be estimated.[0m
[0m[ INFO] [1790473579.779094305, 1790471507.800807639]: rtabmap (1184): Rate=1.00s, Limit=0.000s, Conversion=0.0013s, RTAB-Map=0.3891s, Maps update=0.0014s pub=0.0001s (local map=889, WM=889)[0m
[33m[ WARN] (2026-09-26 21:46:20.646) Memory.cpp:3200::computeTransform() Missing visual features or missing raw data to compute them. Transform cannot be estimated.[0m
[0m[ INFO] [1790473580.864073049, 1790471508.879718062]: rtabmap (1185): Rate=1.00s, Limit=0.000s, Conversion=0.0013s, RTAB-Map=0.3690s, Maps update=0.0017s pub=0.0001s (local map=890, WM=890)[0m
Warning: TF_REPEATED_DATA ignoring data with redundant timestamp for frame odom (parent map) at time 1790471509.139729 according to authority unknown_publisher
         at line 278 in /tmp/binarydeb/ros-noetic-tf2-0.7.7/src/buffer_core.cpp
Warning: TF_REPEATED_DATA ignoring data with redundant timestamp for frame odom (parent map) at time 1790471509.139729 according to authority /rtabmap/rtabmap
         at line 278 in /tmp/binarydeb/ros-noetic-tf2-0.7.7/src/buffer_core.cpp
[33m[ WARN] [1790473581.015262730, 1790471509.039729438]: TF_REPEATED_DATA ignoring data with redundant timestamp for frame odom (parent map) at time 1790471509.139729 according to authority unknown_publisher[0m
[33m[ WARN] (2026-09-26 21:46:21.741) Memory.cpp:3200::computeTransform() Missing visual features or missing raw data to compute them. Transform cannot be estimated.[0m
[0m[ INFO] [1790473581.968736035, 1790471509.989489455]: rtabmap (1186): Rate=1.00s, Limit=0.000s, Conversion=0.0013s, RTAB-Map=0.3777s, Maps update=0.0014s pub=0.0001s (local map=891, WM=891)[0m
[33m[ WARN] (2026-09-26 21:46:22.856) Memory.cpp:3200::computeTransform() Missing visual features or missing raw data to compute them. Transform cannot be estimated.[0m
[0m[ INFO] [1790473583.064620847, 1790471511.090030509]: rtabmap (1187): Rate=1.00s, Limit=0.000s, Conversion=0.0013s, RTAB-Map=0.3735s, Maps update=0.0016s pub=0.0001s (local map=892, WM=892)[0m
[33m[ WARN] (2026-09-26 21:46:23.947) Memory.cpp:3200::computeTransform() Missing visual features or missing raw data to compute them. Transform cannot be estimated.[0m
[0m[ INFO] [1790473584.163258617, 1790471512.180953892]: rtabmap (1188): Rate=1.00s, Limit=0.000s, Conversion=0.0008s, RTAB-Map=0.3731s, Maps update=0.0012s pub=0.0001s (local map=893, WM=893)[0m
[33m[ WARN] (2026-09-26 21:46:24.955) Memory.cpp:3200::computeTransform() Missing visual features or missing raw data to compute them. Transform cannot be estimated.[0m
[0m[ INFO] [1790473585.168272441, 1790471513.185713505]: rtabmap (1189): Rate=1.00s, Limit=0.000s, Conversion=0.0008s, RTAB-Map=0.3896s, Maps update=0.0017s pub=0.0001s (local map=894, WM=894)[0m
[33m[ WARN] (2026-09-26 21:46:25.937) Memory.cpp:3200::computeTransform() Missing visual features or missing raw data to compute them. Transform cannot be estimated.[0m
[0m[ INFO] [1790473586.152182167, 1790471514.176073444]: rtabmap (1190): Rate=1.00s, Limit=0.000s, Conversion=0.0009s, RTAB-Map=0.3768s, Maps update=0.0011s pub=0.0001s (local map=895, WM=895)[0m
[33m[ WARN] (2026-09-26 21:46:27.039) Memory.cpp:3200::computeTransform() Missing visual features or missing raw data to compute them. Transform cannot be estimated.[0m
[0m[ INFO] [1790473587.241156985, 1790471515.266350324]: rtabmap (1191): Rate=1.00s, Limit=0.000s, Conversion=0.0012s, RTAB-Map=0.3565s, Maps update=0.0010s pub=0.0001s (local map=896, WM=896)[0m
[33m[ WARN] (2026-09-26 21:46:28.154) Memory.cpp:3200::computeTransform() Missing visual features or missing raw data to compute them. Transform cannot be estimated.[0m
[0m[ INFO] [1790473588.367448554, 1790471516.387961875]: rtabmap (1192): Rate=1.00s, Limit=0.000s, Conversion=0.0013s, RTAB-Map=0.3721s, Maps update=0.0018s pub=0.0001s (local map=897, WM=897)[0m
[33m[ WARN] (2026-09-26 21:46:29.129) Memory.cpp:3200::computeTransform() Missing visual features or missing raw data to compute them. Transform cannot be estimated.[0m
[0m[ INFO] [1790473589.353589695, 1790471517.377521165]: rtabmap (1193): Rate=1.00s, Limit=0.000s, Conversion=0.0008s, RTAB-Map=0.3694s, Maps update=0.0012s pub=0.0001s (local map=898, WM=898)[0m
[33m[ WARN] (2026-09-26 21:46:30.264) Memory.cpp:3200::computeTransform() Missing visual features or missing raw data to compute them. Transform cannot be estimated.[0m
[0m[ INFO] [1790473590.479637870, 1790471518.498217859]: rtabmap (1194): Rate=1.00s, Limit=0.000s, Conversion=0.0013s, RTAB-Map=0.3747s, Maps update=0.0015s pub=0.0001s (local map=899, WM=899)[0m
[33m[ WARN] (2026-09-26 21:46:31.359) Memory.cpp:3200::computeTransform() Missing visual features or missing raw data to compute them. Transform cannot be estimated.[0m
[0m[ INFO] [1790473591.560666874, 1790471519.586439260]: rtabmap (1195): Rate=1.00s, Limit=0.000s, Conversion=0.0010s, RTAB-Map=0.3749s, Maps update=0.0012s pub=0.0001s (local map=899, WM=899)[0m
[33m[ WARN] (2026-09-26 21:46:32.334) Memory.cpp:3200::computeTransform() Missing visual features or missing raw data to compute them. Transform cannot be estimated.[0m
[0m[ INFO] [1790473592.534679726, 1790471520.554405455]: rtabmap (1196): Rate=1.00s, Limit=0.000s, Conversion=0.0035s, RTAB-Map=0.3462s, Maps update=0.0011s pub=0.0001s (local map=899, WM=899)[0m
[33m[ WARN] (2026-09-26 21:46:33.351) Memory.cpp:3200::computeTransform() Missing visual features or missing raw data to compute them. Transform cannot be estimated.[0m
[0m[ INFO] [1790473593.553213790, 1790471521.574123307]: rtabmap (1197): Rate=1.00s, Limit=0.000s, Conversion=0.0012s, RTAB-Map=0.3490s, Maps update=0.0010s pub=0.0001s (local map=899, WM=899)[0m
[33m[ WARN] (2026-09-26 21:46:34.357) Memory.cpp:3200::computeTransform() Missing visual features or missing raw data to compute them. Transform cannot be estimated.[0m
[0m[ INFO] [1790473594.569364820, 1790471522.586928318]: rtabmap (1198): Rate=1.00s, Limit=0.000s, Conversion=0.0014s, RTAB-Map=0.3740s, Maps update=0.0015s pub=0.0001s (local map=899, WM=899)[0m
[33m[ WARN] (2026-09-26 21:46:35.436) Memory.cpp:3200::computeTransform() Missing visual features or missing raw data to compute them. Transform cannot be estimated.[0m
[0m[ INFO] [1790473595.639794767, 1790471523.657120790]: rtabmap (1199): Rate=1.00s, Limit=0.000s, Conversion=0.0009s, RTAB-Map=0.3636s, Maps update=0.0011s pub=0.0001s (local map=899, WM=899)[0m
[33m[ WARN] (2026-09-26 21:46:36.551) Memory.cpp:3200::computeTransform() Missing visual features or missing raw data to compute them. Transform cannot be estimated.[0m
[0m[ INFO] [1790473596.762780956, 1790471524.788542845]: rtabmap (1200): Rate=1.00s, Limit=0.000s, Conversion=0.0013s, RTAB-Map=0.3768s, Maps update=0.0013s pub=0.0001s (local map=899, WM=899)[0m
[33m[ WARN] (2026-09-26 21:46:37.641) Memory.cpp:3200::computeTransform() Missing visual features or missing raw data to compute them. Transform cannot be estimated.[0m
[0m[ INFO] [1790473597.842955167, 1790471525.862841729]: rtabmap (1201): Rate=1.00s, Limit=0.000s, Conversion=0.0009s, RTAB-Map=0.3652s, Maps update=0.0011s pub=0.0001s (local map=900, WM=900)[0m
[33m[ WARN] (2026-09-26 21:46:38.639) Memory.cpp:3200::computeTransform() Missing visual features or missing raw data to compute them. Transform cannot be estimated.[0m
[0m[ INFO] [1790473598.853237174, 1790471526.872583891]: rtabmap (1202): Rate=1.00s, Limit=0.000s, Conversion=0.0009s, RTAB-Map=0.3659s, Maps update=0.0011s pub=0.0001s (local map=901, WM=901)[0m
[33m[ WARN] (2026-09-26 21:46:39.747) Memory.cpp:3200::computeTransform() Missing visual features or missing raw data to compute them. Transform cannot be estimated.[0m
[0m[ INFO] [1790473599.975277016, 1790471527.995340029]: rtabmap (1203): Rate=1.00s, Limit=0.000s, Conversion=0.0013s, RTAB-Map=0.3905s, Maps update=0.0017s pub=0.0001s (local map=902, WM=902)[0m
[33m[ WARN] (2026-09-26 21:46:40.841) Memory.cpp:3200::computeTransform() Missing visual features or missing raw data to compute them. Transform cannot be estimated.[0m
[0m[ INFO] [1790473601.054051788, 1790471529.078484479]: rtabmap (1204): Rate=1.00s, Limit=0.000s, Conversion=0.0013s, RTAB-Map=0.3671s, Maps update=0.0012s pub=0.0001s (local map=903, WM=903)[0m
[33m[ WARN] (2026-09-26 21:46:41.852) Memory.cpp:3200::computeTransform() Missing visual features or missing raw data to compute them. Transform cannot be estimated.[0m
[0m[ INFO] [1790473602.071278061, 1790471530.091874200]: rtabmap (1205): Rate=1.00s, Limit=0.000s, Conversion=0.0013s, RTAB-Map=0.3776s, Maps update=0.0011s pub=0.0001s (local map=904, WM=904)[0m
[33m[ WARN] (2026-09-26 21:46:42.923) Memory.cpp:3200::computeTransform() Missing visual features or missing raw data to compute them. Transform cannot be estimated.[0m
[0m[ INFO] [1790473603.139430319, 1790471531.161184390]: rtabmap (1206): Rate=1.00s, Limit=0.000s, Conversion=0.0009s, RTAB-Map=0.3645s, Maps update=0.0011s pub=0.0001s (local map=905, WM=905)[0m
[33m[ WARN] (2026-09-26 21:46:43.950) Memory.cpp:3200::computeTransform() Missing visual features or missing raw data to compute them. Transform cannot be estimated.[0m
[0m[ INFO] [1790473604.166946046, 1790471532.191261264]: rtabmap (1207): Rate=1.00s, Limit=0.000s, Conversion=0.0014s, RTAB-Map=0.3828s, Maps update=0.0012s pub=0.0001s (local map=906, WM=906)[0m
Warning: TF_REPEATED_DATA ignoring data with redundant timestamp for frame odom (parent map) at time 1790471532.442893 according to authority unknown_publisher
         at line 278 in /tmp/binarydeb/ros-noetic-tf2-0.7.7/src/buffer_core.cpp
[33m[ WARN] [1790473604.318291601, 1790471532.342892678]: TF_REPEATED_DATA ignoring data with redundant timestamp for frame odom (parent map) at time 1790471532.442893 according to authority unknown_publisher[0m
Warning: TF_REPEATED_DATA ignoring data with redundant timestamp for frame odom (parent map) at time 1790471532.442893 according to authority /rtabmap/rtabmap
         at line 278 in /tmp/binarydeb/ros-noetic-tf2-0.7.7/src/buffer_core.cpp
[33m[ WARN] (2026-09-26 21:46:45.060) Memory.cpp:3200::computeTransform() Missing visual features or missing raw data to compute them. Transform cannot be estimated.[0m
[0m[ INFO] [1790473605.294450074, 1790471533.315367848]: rtabmap (1208): Rate=1.00s, Limit=0.000s, Conversion=0.0013s, RTAB-Map=0.4160s, Maps update=0.0013s pub=0.0001s (local map=907, WM=907)[0m
[33m[ WARN] (2026-09-26 21:46:46.040) Memory.cpp:3200::computeTransform() Missing visual features or missing raw data to compute them. Transform cannot be estimated.[0m
[0m[ INFO] [1790473606.282537156, 1790471534.306100814]: rtabmap (1209): Rate=1.00s, Limit=0.000s, Conversion=0.0013s, RTAB-Map=0.3929s, Maps update=0.0014s pub=0.0001s (local map=907, WM=907)[0m
[33m[ WARN] (2026-09-26 21:46:47.058) Memory.cpp:3200::computeTransform() Missing visual features or missing raw data to compute them. Transform cannot be estimated.[0m
[0m[ INFO] [1790473607.267907056, 1790471535.293755730]: rtabmap (1210): Rate=1.00s, Limit=0.000s, Conversion=0.0008s, RTAB-Map=0.3676s, Maps update=0.0014s pub=0.0001s (local map=907, WM=907)[0m
[33m[ WARN] (2026-09-26 21:46:48.145) Memory.cpp:3200::computeTransform() Missing visual features or missing raw data to compute them. Transform cannot be estimated.[0m
[0m[ INFO] [1790473608.353401802, 1790471536.376970293]: rtabmap (1211): Rate=1.00s, Limit=0.000s, Conversion=0.0010s, RTAB-Map=0.3709s, Maps update=0.0013s pub=0.0001s (local map=908, WM=908)[0m
[33m[ WARN] (2026-09-26 21:46:49.138) Memory.cpp:3200::computeTransform() Missing visual features or missing raw data to compute them. Transform cannot be estimated.[0m
[0m[ INFO] [1790473609.353992793, 1790471537.376955965]: rtabmap (1212): Rate=1.00s, Limit=0.000s, Conversion=0.0012s, RTAB-Map=0.3674s, Maps update=0.0013s pub=0.0001s (local map=909, WM=909)[0m
[33m[ WARN] (2026-09-26 21:46:50.242) Memory.cpp:3200::computeTransform() Missing visual features or missing raw data to compute them. Transform cannot be estimated.[0m
[0m[ INFO] [1790473610.468821870, 1790471538.491652048]: rtabmap (1213): Rate=1.00s, Limit=0.000s, Conversion=0.0009s, RTAB-Map=0.3913s, Maps update=0.0014s pub=0.0001s (local map=910, WM=910)[0m
[33m[ WARN] (2026-09-26 21:46:51.267) Memory.cpp:3200::computeTransform() Missing visual features or missing raw data to compute them. Transform cannot be estimated.[0m
[0m[ INFO] [1790473611.486381586, 1790471539.510430625]: rtabmap (1214): Rate=1.00s, Limit=0.000s, Conversion=0.0018s, RTAB-Map=0.3973s, Maps update=0.0014s pub=0.0001s (local map=911, WM=911)[0m
[33m[ WARN] (2026-09-26 21:46:52.249) Memory.cpp:3200::computeTransform() Missing visual features or missing raw data to compute them. Transform cannot be estimated.[0m
[0m[ INFO] [1790473612.497142317, 1790471540.514412564]: rtabmap (1215): Rate=1.00s, Limit=0.000s, Conversion=0.0009s, RTAB-Map=0.4094s, Maps update=0.0012s pub=0.0001s (local map=912, WM=912)[0m
[33m[ WARN] (2026-09-26 21:46:53.350) Memory.cpp:3200::computeTransform() Missing visual features or missing raw data to compute them. Transform cannot be estimated.[0m
[0m[ INFO] [1790473613.583935733, 1790471541.603846616]: rtabmap (1216): Rate=1.00s, Limit=0.000s, Conversion=0.0011s, RTAB-Map=0.3876s, Maps update=0.0013s pub=0.0001s (local map=913, WM=913)[0m
[33m[ WARN] (2026-09-26 21:46:54.443) Memory.cpp:3200::computeTransform() Missing visual features or missing raw data to compute them. Transform cannot be estimated.[0m
[0m[ INFO] [1790473614.694728094, 1790471542.716202738]: rtabmap (1217): Rate=1.00s, Limit=0.000s, Conversion=0.0009s, RTAB-Map=0.4199s, Maps update=0.0015s pub=0.0001s (local map=914, WM=914)[0m
[33m[ WARN] (2026-09-26 21:46:55.467) Memory.cpp:3200::computeTransform() Missing visual features or missing raw data to compute them. Transform cannot be estimated.[0m
[0m[ INFO] [1790473615.716931603, 1790471543.736092494]: rtabmap (1218): Rate=1.00s, Limit=0.000s, Conversion=0.0013s, RTAB-Map=0.4157s, Maps update=0.0013s pub=0.0001s (local map=915, WM=915)[0m
[33m[ WARN] (2026-09-26 21:46:56.570) Memory.cpp:3200::computeTransform() Missing visual features or missing raw data to compute them. Transform cannot be estimated.[0m
[0m[ INFO] [1790473616.801445219, 1790471544.822410993]: rtabmap (1219): Rate=1.00s, Limit=0.000s, Conversion=0.0014s, RTAB-Map=0.4058s, Maps update=0.0011s pub=0.0001s (local map=916, WM=916)[0m
[33m[ WARN] (2026-09-26 21:46:57.560) Memory.cpp:3200::computeTransform() Missing visual features or missing raw data to compute them. Transform cannot be estimated.[0m
[0m[ INFO] [1790473617.818592866, 1790471545.842265037]: rtabmap (1220): Rate=1.00s, Limit=0.000s, Conversion=0.0014s, RTAB-Map=0.4199s, Maps update=0.0017s pub=0.0001s (local map=917, WM=917)[0m
[33m[ WARN] (2026-09-26 21:46:58.655) Memory.cpp:3200::computeTransform() Missing visual features or missing raw data to compute them. Transform cannot be estimated.[0m
[0m[ INFO] [1790473618.896604780, 1790471546.921976170]: rtabmap (1221): Rate=1.00s, Limit=0.000s, Conversion=0.0009s, RTAB-Map=0.4096s, Maps update=0.0011s pub=0.0001s (local map=918, WM=918)[0m
[33m[ WARN] (2026-09-26 21:46:59.755) Memory.cpp:3200::computeTransform() Missing visual features or missing raw data to compute them. Transform cannot be estimated.[0m
[0m[ INFO] [1790473619.971112048, 1790471547.992875463]: rtabmap (1222): Rate=1.00s, Limit=0.000s, Conversion=0.0013s, RTAB-Map=0.3779s, Maps update=0.0017s pub=0.0001s (local map=919, WM=919)[0m
[33m[ WARN] (2026-09-26 21:47:00.862) Memory.cpp:3200::computeTransform() Missing visual features or missing raw data to compute them. Transform cannot be estimated.[0m
[0m[ INFO] [1790473621.097920260, 1790471549.116522105]: rtabmap (1223): Rate=1.00s, Limit=0.000s, Conversion=0.0013s, RTAB-Map=0.4026s, Maps update=0.0013s pub=0.0001s (local map=920, WM=920)[0m
[33m[ WARN] (2026-09-26 21:47:01.850) Memory.cpp:3200::computeTransform() Missing visual features or missing raw data to compute them. Transform cannot be estimated.[0m
[0m[ INFO] [1790473622.072403482, 1790471550.091126289]: rtabmap (1224): Rate=1.00s, Limit=0.000s, Conversion=0.0013s, RTAB-Map=0.3873s, Maps update=0.0012s pub=0.0001s (local map=921, WM=921)[0m
[33m[ WARN] (2026-09-26 21:47:02.928) Memory.cpp:3200::computeTransform() Missing visual features or missing raw data to compute them. Transform cannot be estimated.[0m
[0m[ INFO] [1790473623.151139404, 1790471551.176142725]: rtabmap (1225): Rate=1.00s, Limit=0.000s, Conversion=0.0012s, RTAB-Map=0.3774s, Maps update=0.0012s pub=0.0001s (local map=922, WM=922)[0m
[33m[ WARN] (2026-09-26 21:47:04.039) Memory.cpp:3200::computeTransform() Missing visual features or missing raw data to compute them. Transform cannot be estimated.[0m
[0m[ INFO] [1790473624.264898484, 1790471552.285316764]: rtabmap (1226): Rate=1.00s, Limit=0.000s, Conversion=0.0013s, RTAB-Map=0.3757s, Maps update=0.0013s pub=0.0001s (local map=923, WM=923)[0m
Warning: TF_REPEATED_DATA ignoring data with redundant timestamp for frame odom (parent map) at time 1790471552.540498 according to authority unknown_publisher
         at line 278 in /tmp/binarydeb/ros-noetic-tf2-0.7.7/src/buffer_core.cpp
Warning: TF_REPEATED_DATA ignoring data with redundant timestamp for frame odom (parent map) at time 1790471552.540498 according to authority /rtabmap/rtabmap
         at line 278 in /tmp/binarydeb/ros-noetic-tf2-0.7.7/src/buffer_core.cpp
[33m[ WARN] [1790473624.416564266, 1790471552.440498264]: TF_REPEATED_DATA ignoring data with redundant timestamp for frame odom (parent map) at time 1790471552.540498 according to authority unknown_publisher[0m
[33m[ WARN] (2026-09-26 21:47:05.130) Memory.cpp:3200::computeTransform() Missing visual features or missing raw data to compute them. Transform cannot be estimated.[0m
[0m[ INFO] [1790473625.365307565, 1790471553.388876663]: rtabmap (1227): Rate=1.00s, Limit=0.000s, Conversion=0.0009s, RTAB-Map=0.3841s, Maps update=0.0012s pub=0.0001s (local map=924, WM=924)[0m
[33m[ WARN] (2026-09-26 21:47:06.238) Memory.cpp:3200::computeTransform() Missing visual features or missing raw data to compute them. Transform cannot be estimated.[0m
[0m[ INFO] [1790473626.464675194, 1790471554.489759573]: rtabmap (1228): Rate=1.00s, Limit=0.000s, Conversion=0.0008s, RTAB-Map=0.3906s, Maps update=0.0012s pub=0.0001s (local map=925, WM=925)[0m
[33m[ WARN] (2026-09-26 21:47:07.333) Memory.cpp:3200::computeTransform() Missing visual features or missing raw data to compute them. Transform cannot be estimated.[0m
[0m[ INFO] [1790473627.583521400, 1790471555.599479537]: rtabmap (1229): Rate=1.00s, Limit=0.000s, Conversion=0.0015s, RTAB-Map=0.4014s, Maps update=0.0024s pub=0.0001s (local map=926, WM=926)[0m
[33m[ WARN] (2026-09-26 21:47:08.346) Memory.cpp:3200::computeTransform() Missing visual features or missing raw data to compute them. Transform cannot be estimated.[0m
[0m[ INFO] [1790473628.557872365, 1790471556.579149407]: rtabmap (1230): Rate=1.00s, Limit=0.000s, Conversion=0.0015s, RTAB-Map=0.3811s, Maps update=0.0011s pub=0.0001s (local map=927, WM=927)[0m
[33m[ WARN] (2026-09-26 21:47:09.447) Memory.cpp:3200::computeTransform() Missing visual features or missing raw data to compute them. Transform cannot be estimated.[0m
[0m[ INFO] [1790473629.672148762, 1790471557.691490647]: rtabmap (1231): Rate=1.00s, Limit=0.000s, Conversion=0.0017s, RTAB-Map=0.3929s, Maps update=0.0012s pub=0.0001s (local map=928, WM=928)[0m
[33m[ WARN] (2026-09-26 21:47:10.454) Memory.cpp:3200::computeTransform() Missing visual features or missing raw data to compute them. Transform cannot be estimated.[0m
[0m[ INFO] [1790473630.674635803, 1790471558.692551433]: rtabmap (1232): Rate=1.00s, Limit=0.000s, Conversion=0.0015s, RTAB-Map=0.3962s, Maps update=0.0013s pub=0.0001s (local map=929, WM=929)[0m
[33m[ WARN] (2026-09-26 21:47:11.559) Memory.cpp:3200::computeTransform() Missing visual features or missing raw data to compute them. Transform cannot be estimated.[0m
[0m[ INFO] [1790473631.776967304, 1790471559.796251588]: rtabmap (1233): Rate=1.00s, Limit=0.000s, Conversion=0.0017s, RTAB-Map=0.3951s, Maps update=0.0013s pub=0.0001s (local map=930, WM=930)[0m
[33m[ WARN] (2026-09-26 21:47:12.667) Memory.cpp:3200::computeTransform() Missing visual features or missing raw data to compute them. Transform cannot be estimated.[0m
[0m[ INFO] [1790473632.893392811, 1790471560.918644488]: rtabmap (1234): Rate=1.00s, Limit=0.000s, Conversion=0.0017s, RTAB-Map=0.4046s, Maps update=0.0014s pub=0.0001s (local map=931, WM=931)[0m
[33m[ WARN] (2026-09-26 21:47:13.659) Memory.cpp:3200::computeTransform() Missing visual features or missing raw data to compute them. Transform cannot be estimated.[0m
[0m[ INFO] [1790473633.914019342, 1790471561.932526275]: rtabmap (1235): Rate=1.00s, Limit=0.000s, Conversion=0.0013s, RTAB-Map=0.4209s, Maps update=0.0015s pub=0.0002s (local map=932, WM=932)[0m
[33m[ WARN] (2026-09-26 21:47:14.740) Memory.cpp:3200::computeTransform() Missing visual features or missing raw data to compute them. Transform cannot be estimated.[0m
[0m[ INFO] [1790473634.975420581, 1790471562.994275677]: rtabmap (1236): Rate=1.00s, Limit=0.000s, Conversion=0.0019s, RTAB-Map=0.3959s, Maps update=0.0012s pub=0.0001s (local map=933, WM=933)[0m
[33m[ WARN] (2026-09-26 21:47:15.770) Memory.cpp:3200::computeTransform() Missing visual features or missing raw data to compute them. Transform cannot be estimated.[0m
[0m[ INFO] [1790473636.039293719, 1790471564.055750741]: rtabmap (1237): Rate=1.00s, Limit=0.000s, Conversion=0.0015s, RTAB-Map=0.4522s, Maps update=0.0016s pub=0.0001s (local map=934, WM=934)[0m
[33m[ WARN] (2026-09-26 21:47:16.767) Memory.cpp:3200::computeTransform() Missing visual features or missing raw data to compute them. Transform cannot be estimated.[0m
[0m[ INFO] [1790473637.033683873, 1790471565.058699195]: rtabmap (1238): Rate=1.00s, Limit=0.000s, Conversion=0.0017s, RTAB-Map=0.4466s, Maps update=0.0017s pub=0.0001s (local map=935, WM=935)[0m
[33m[ WARN] (2026-09-26 21:47:17.750) Memory.cpp:3200::computeTransform() Missing visual features or missing raw data to compute them. Transform cannot be estimated.[0m
[0m[ INFO] [1790473637.995277484, 1790471566.020123172]: rtabmap (1239): Rate=1.00s, Limit=0.000s, Conversion=0.0011s, RTAB-Map=0.4020s, Maps update=0.0013s pub=0.0001s (local map=936, WM=936)[0m
[33m[ WARN] (2026-09-26 21:47:18.844) Memory.cpp:3200::computeTransform() Missing visual features or missing raw data to compute them. Transform cannot be estimated.[0m
[0m[ INFO] [1790473639.074278687, 1790471567.099470267]: rtabmap (1240): Rate=1.00s, Limit=0.000s, Conversion=0.0009s, RTAB-Map=0.3945s, Maps update=0.0018s pub=0.0001s (local map=937, WM=937)[0m
[33m[ WARN] (2026-09-26 21:47:19.869) Memory.cpp:3200::computeTransform() Missing visual features or missing raw data to compute them. Transform cannot be estimated.[0m
[0m[ INFO] [1790473640.105306865, 1790471568.130400524]: rtabmap (1241): Rate=1.00s, Limit=0.000s, Conversion=0.0014s, RTAB-Map=0.4126s, Maps update=0.0012s pub=0.0001s (local map=938, WM=938)[0m
[33m[ WARN] (2026-09-26 21:47:20.848) Memory.cpp:3200::computeTransform() Missing visual features or missing raw data to compute them. Transform cannot be estimated.[0m
[0m[ INFO] [1790473641.070714277, 1790471569.084717545]: rtabmap (1242): Rate=1.00s, Limit=0.000s, Conversion=0.0010s, RTAB-Map=0.3830s, Maps update=0.0013s pub=0.0001s (local map=939, WM=939)[0m
[33m[ WARN] (2026-09-26 21:47:21.869) Memory.cpp:3200::computeTransform() Missing visual features or missing raw data to compute them. Transform cannot be estimated.[0m
[0m[ INFO] [1790473642.096038425, 1790471570.116854822]: rtabmap (1243): Rate=1.00s, Limit=0.000s, Conversion=0.0015s, RTAB-Map=0.3973s, Maps update=0.0012s pub=0.0001s (local map=940, WM=940)[0m
[33m[ WARN] (2026-09-26 21:47:22.970) Memory.cpp:3200::computeTransform() Missing visual features or missing raw data to compute them. Transform cannot be estimated.[0m
[0m[ INFO] [1790473643.190917654, 1790471571.197674508]: rtabmap (1244): Rate=1.00s, Limit=0.000s, Conversion=0.0015s, RTAB-Map=0.4027s, Maps update=0.0012s pub=0.0001s (local map=941, WM=941)[0m
Warning: TF_REPEATED_DATA ignoring data with redundant timestamp for frame odom (parent map) at time 1790471571.453108 according to authority unknown_publisher
         at line 278 in /tmp/binarydeb/ros-noetic-tf2-0.7.7/src/buffer_core.cpp
[33m[ WARN] [1790473643.328991354, 1790471571.353108074]: TF_REPEATED_DATA ignoring data with redundant timestamp for frame odom (parent map) at time 1790471571.453108 according to authority unknown_publisher[0m
Warning: TF_REPEATED_DATA ignoring data with redundant timestamp for frame odom (parent map) at time 1790471571.453108 according to authority /rtabmap/rtabmap
         at line 278 in /tmp/binarydeb/ros-noetic-tf2-0.7.7/src/buffer_core.cpp
[33m[ WARN] (2026-09-26 21:47:23.975) Memory.cpp:3200::computeTransform() Missing visual features or missing raw data to compute them. Transform cannot be estimated.[0m
[0m[ INFO] [1790473644.203665220, 1790471572.224048172]: rtabmap (1245): Rate=1.00s, Limit=0.000s, Conversion=0.0013s, RTAB-Map=0.4228s, Maps update=0.0012s pub=0.0001s (local map=942, WM=942)[0m
[33m[ WARN] (2026-09-26 21:47:25.051) Memory.cpp:3200::computeTransform() Missing visual features or missing raw data to compute them. Transform cannot be estimated.[0m
[0m[ INFO] [1790473645.286067258, 1790471573.304708016]: rtabmap (1246): Rate=1.00s, Limit=0.000s, Conversion=0.0012s, RTAB-Map=0.4053s, Maps update=0.0013s pub=0.0001s (local map=943, WM=943)[0m
[33m[ WARN] (2026-09-26 21:47:26.093) Memory.cpp:3200::computeTransform() Missing visual features or missing raw data to compute them. Transform cannot be estimated.[0m
[0m[ INFO] [1790473646.322082401, 1790471574.344552864]: rtabmap (1247): Rate=1.00s, Limit=0.000s, Conversion=0.0015s, RTAB-Map=0.4049s, Maps update=0.0014s pub=0.0001s (local map=944, WM=944)[0m
[33m[ WARN] (2026-09-26 21:47:27.134) Memory.cpp:3200::computeTransform() Missing visual features or missing raw data to compute them. Transform cannot be estimated.[0m
[0m[ INFO] [1790473647.351941126, 1790471575.377136513]: rtabmap (1248): Rate=1.00s, Limit=0.000s, Conversion=0.0011s, RTAB-Map=0.3801s, Maps update=0.0011s pub=0.0001s (local map=945, WM=945)[0m
[33m[ WARN] (2026-09-26 21:47:28.270) Memory.cpp:3200::computeTransform() Missing visual features or missing raw data to compute them. Transform cannot be estimated.[0m
[0m[ INFO] [1790473648.491153276, 1790471576.508219488]: rtabmap (1249): Rate=1.00s, Limit=0.000s, Conversion=0.0016s, RTAB-Map=0.3989s, Maps update=0.0013s pub=0.0001s (local map=946, WM=946)[0m
[33m[ WARN] (2026-09-26 21:47:29.359) Memory.cpp:3200::computeTransform() Missing visual features or missing raw data to compute them. Transform cannot be estimated.[0m
[0m[ INFO] [1790473649.589895233, 1790471577.610120679]: rtabmap (1250): Rate=1.00s, Limit=0.000s, Conversion=0.0014s, RTAB-Map=0.4055s, Maps update=0.0014s pub=0.0001s (local map=947, WM=947)[0m
[33m[ WARN] (2026-09-26 21:47:30.356) Memory.cpp:3200::computeTransform() Missing visual features or missing raw data to compute them. Transform cannot be estimated.[0m
[0m[ INFO] [1790473650.607793125, 1790471578.629796223]: rtabmap (1251): Rate=1.00s, Limit=0.000s, Conversion=0.0010s, RTAB-Map=0.4154s, Maps update=0.0014s pub=0.0001s (local map=948, WM=948)[0m
[33m[ WARN] (2026-09-26 21:47:31.354) Memory.cpp:3200::computeTransform() Missing visual features or missing raw data to compute them. Transform cannot be estimated.[0m
[0m[ INFO] [1790473651.579304570, 1790471579.598138065]: rtabmap (1252): Rate=1.00s, Limit=0.000s, Conversion=0.0014s, RTAB-Map=0.3918s, Maps update=0.0013s pub=0.0001s (local map=949, WM=949)[0m
[33m[ WARN] (2026-09-26 21:47:32.331) Memory.cpp:3200::computeTransform() Missing visual features or missing raw data to compute them. Transform cannot be estimated.[0m
[0m[ INFO] [1790473652.560338740, 1790471580.577427033]: rtabmap (1253): Rate=1.00s, Limit=0.000s, Conversion=0.0010s, RTAB-Map=0.3800s, Maps update=0.0012s pub=0.0001s (local map=950, WM=950)[0m
[33m[ WARN] (2026-09-26 21:47:33.440) Memory.cpp:3200::computeTransform() Missing visual features or missing raw data to compute them. Transform cannot be estimated.[0m
[33m[ WARN] (2026-09-26 21:47:33.441) Memory.cpp:3200::computeTransform() Missing visual features or missing raw data to compute them. Transform cannot be estimated.[0m
[0m[ INFO] [1790473653.728857923, 1790471581.753773659]: rtabmap (1254): Rate=1.00s, Limit=0.000s, Conversion=0.0010s, RTAB-Map=0.4408s, Maps update=0.0019s pub=0.0001s (local map=951, WM=951)[0m
[33m[ WARN] (2026-09-26 21:47:34.550) Memory.cpp:3200::computeTransform() Missing visual features or missing raw data to compute them. Transform cannot be estimated.[0m
[33m[ WARN] (2026-09-26 21:47:34.550) Memory.cpp:3200::computeTransform() Missing visual features or missing raw data to compute them. Transform cannot be estimated.[0m
[33m[ WARN] (2026-09-26 21:47:34.550) Memory.cpp:3200::computeTransform() Missing visual features or missing raw data to compute them. Transform cannot be estimated.[0m
[0m[ INFO] [1790473654.808711997, 1790471582.833975802]: rtabmap (1255): Rate=1.00s, Limit=0.000s, Conversion=0.0016s, RTAB-Map=0.4248s, Maps update=0.0014s pub=0.0001s (local map=952, WM=952)[0m
[33m[ WARN] (2026-09-26 21:47:35.658) Memory.cpp:3200::computeTransform() Missing visual features or missing raw data to compute them. Transform cannot be estimated.[0m
[33m[ WARN] (2026-09-26 21:47:35.658) Memory.cpp:3200::computeTransform() Missing visual features or missing raw data to compute them. Transform cannot be estimated.[0m
[33m[ WARN] (2026-09-26 21:47:35.659) Memory.cpp:3200::computeTransform() Missing visual features or missing raw data to compute them. Transform cannot be estimated.[0m
[0m[ INFO] [1790473655.907394529, 1790471583.923506940]: rtabmap (1256): Rate=1.00s, Limit=0.000s, Conversion=0.0015s, RTAB-Map=0.4227s, Maps update=0.0011s pub=0.0001s (local map=953, WM=953)[0m
[33m[ WARN] (2026-09-26 21:47:36.745) Memory.cpp:3200::computeTransform() Missing visual features or missing raw data to compute them. Transform cannot be estimated.[0m
[33m[ WARN] (2026-09-26 21:47:36.746) Memory.cpp:3200::computeTransform() Missing visual features or missing raw data to compute them. Transform cannot be estimated.[0m
[33m[ WARN] (2026-09-26 21:47:36.746) Memory.cpp:3200::computeTransform() Missing visual features or missing raw data to compute them. Transform cannot be estimated.[0m
[0m[ INFO] [1790473657.014643809, 1790471585.035753457]: rtabmap (1257): Rate=1.00s, Limit=0.000s, Conversion=0.0015s, RTAB-Map=0.4302s, Maps update=0.0015s pub=0.0001s (local map=954, WM=954)[0m
[33m[ WARN] (2026-09-26 21:47:37.762) Memory.cpp:3200::computeTransform() Missing visual features or missing raw data to compute them. Transform cannot be estimated.[0m
[33m[ WARN] (2026-09-26 21:47:37.762) Memory.cpp:3200::computeTransform() Missing visual features or missing raw data to compute them. Transform cannot be estimated.[0m
[33m[ WARN] (2026-09-26 21:47:37.762) Memory.cpp:3200::computeTransform() Missing visual features or missing raw data to compute them. Transform cannot be estimated.[0m
[0m[ INFO] [1790473658.056827656, 1790471586.076222694]: rtabmap (1258): Rate=1.00s, Limit=0.000s, Conversion=0.0015s, RTAB-Map=0.4682s, Maps update=0.0013s pub=0.0001s (local map=955, WM=955)[0m
[0m[ INFO] [1790473658.959319578, 1790471586.975338388]: rtabmap (1259): Rate=1.00s, Limit=0.000s, Conversion=0.0010s, RTAB-Map=0.2825s, Maps update=0.0013s pub=0.0001s (local map=955, WM=955)[0m
[33m[ WARN] (2026-09-26 21:47:39.859) Memory.cpp:3200::computeTransform() Missing visual features or missing raw data to compute them. Transform cannot be estimated.[0m
[33m[ WARN] (2026-09-26 21:47:39.859) Memory.cpp:3200::computeTransform() Missing visual features or missing raw data to compute them. Transform cannot be estimated.[0m
[33m[ WARN] (2026-09-26 21:47:39.859) Memory.cpp:3200::computeTransform() Missing visual features or missing raw data to compute them. Transform cannot be estimated.[0m
[0m[ INFO] [1790473660.114294168, 1790471588.135826028]: rtabmap (1260): Rate=1.00s, Limit=0.000s, Conversion=0.0014s, RTAB-Map=0.4241s, Maps update=0.0013s pub=0.0001s (local map=956, WM=956)[0m
[33m[ WARN] (2026-09-26 21:47:40.948) Memory.cpp:3200::computeTransform() Missing visual features or missing raw data to compute them. Transform cannot be estimated.[0m
[33m[ WARN] (2026-09-26 21:47:40.959) Memory.cpp:3200::computeTransform() Missing visual features or missing raw data to compute them. Transform cannot be estimated.[0m
[0m[ INFO] [1790473661.223455787, 1790471589.243132140]: rtabmap (1261): Rate=1.00s, Limit=0.000s, Conversion=0.0011s, RTAB-Map=0.4406s, Maps update=0.0017s pub=0.0001s (local map=957, WM=957)[0m
Warning: TF_REPEATED_DATA ignoring data with redundant timestamp for frame odom (parent map) at time 1790471589.498239 according to authority unknown_publisher
         at line 278 in /tmp/binarydeb/ros-noetic-tf2-0.7.7/src/buffer_core.cpp
Warning: TF_REPEATED_DATA ignoring data with redundant timestamp for frame odom (parent map) at time 1790471589.498239 according to authority /rtabmap/rtabmap
         at line 278 in /tmp/binarydeb/ros-noetic-tf2-0.7.7/src/buffer_core.cpp
[33m[ WARN] [1790473661.373406255, 1790471589.398238662]: TF_REPEATED_DATA ignoring data with redundant timestamp for frame odom (parent map) at time 1790471589.498239 according to authority unknown_publisher[0m
[33m[ WARN] (2026-09-26 21:47:41.942) Memory.cpp:3200::computeTransform() Missing visual features or missing raw data to compute them. Transform cannot be estimated.[0m
[33m[ WARN] (2026-09-26 21:47:41.942) Memory.cpp:3200::computeTransform() Missing visual features or missing raw data to compute them. Transform cannot be estimated.[0m
[0m[ INFO] [1790473662.191387481, 1790471590.216113007]: rtabmap (1262): Rate=1.00s, Limit=0.000s, Conversion=0.0013s, RTAB-Map=0.4056s, Maps update=0.0013s pub=0.0001s (local map=958, WM=958)[0m
[33m[ WARN] (2026-09-26 21:47:43.053) Memory.cpp:3200::computeTransform() Missing visual features or missing raw data to compute them. Transform cannot be estimated.[0m
[33m[ WARN] (2026-09-26 21:47:43.053) Memory.cpp:3200::computeTransform() Missing visual features or missing raw data to compute them. Transform cannot be estimated.[0m
[0m[ INFO] [1790473663.310532695, 1790471591.328052512]: rtabmap (1263): Rate=1.00s, Limit=0.000s, Conversion=0.0015s, RTAB-Map=0.4279s, Maps update=0.0017s pub=0.0001s (local map=959, WM=959)[0m
[33m[ WARN] (2026-09-26 21:47:44.061) Memory.cpp:3200::computeTransform() Missing visual features or missing raw data to compute them. Transform cannot be estimated.[0m
[33m[ WARN] (2026-09-26 21:47:44.061) Memory.cpp:3200::computeTransform() Missing visual features or missing raw data to compute them. Transform cannot be estimated.[0m
[0m[ INFO] [1790473664.307330297, 1790471592.330067642]: rtabmap (1264): Rate=1.00s, Limit=0.000s, Conversion=0.0014s, RTAB-Map=0.4185s, Maps update=0.0012s pub=0.0001s (local map=959, WM=959)[0m
[33m[ WARN] (2026-09-26 21:47:45.155) Memory.cpp:3200::computeTransform() Missing visual features or missing raw data to compute them. Transform cannot be estimated.[0m
[33m[ WARN] (2026-09-26 21:47:45.155) Memory.cpp:3200::computeTransform() Missing visual features or missing raw data to compute them. Transform cannot be estimated.[0m
[0m[ INFO] [1790473665.405507734, 1790471593.430103084]: rtabmap (1265): Rate=1.00s, Limit=0.000s, Conversion=0.0018s, RTAB-Map=0.4160s, Maps update=0.0015s pub=0.0001s (local map=959, WM=959)[0m
[33m[ WARN] (2026-09-26 21:47:46.254) Memory.cpp:3200::computeTransform() Missing visual features or missing raw data to compute them. Transform cannot be estimated.[0m
[33m[ WARN] (2026-09-26 21:47:46.254) Memory.cpp:3200::computeTransform() Missing visual features or missing raw data to compute them. Transform cannot be estimated.[0m
[0m[ INFO] [1790473666.510257338, 1790471594.534967985]: rtabmap (1266): Rate=1.00s, Limit=0.000s, Conversion=0.0016s, RTAB-Map=0.4235s, Maps update=0.0013s pub=0.0001s (local map=959, WM=959)[0m
[33m[ WARN] (2026-09-26 21:47:47.285) Memory.cpp:3200::computeTransform() Missing visual features or missing raw data to compute them. Transform cannot be estimated.[0m
[33m[ WARN] (2026-09-26 21:47:47.285) Memory.cpp:3200::computeTransform() Missing visual features or missing raw data to compute them. Transform cannot be estimated.[0m
[0m[ INFO] [1790473667.538512332, 1790471595.555018059]: rtabmap (1267): Rate=1.00s, Limit=0.000s, Conversion=0.0010s, RTAB-Map=0.4263s, Maps update=0.0011s pub=0.0001s (local map=959, WM=959)[0m
[33m[ WARN] (2026-09-26 21:47:48.352) Memory.cpp:3200::computeTransform() Missing visual features or missing raw data to compute them. Transform cannot be estimated.[0m
[33m[ WARN] (2026-09-26 21:47:48.352) Memory.cpp:3200::computeTransform() Missing visual features or missing raw data to compute them. Transform cannot be estimated.[0m
[0m[ INFO] [1790473668.596388699, 1790471596.616303838]: rtabmap (1268): Rate=1.00s, Limit=0.000s, Conversion=0.0010s, RTAB-Map=0.4066s, Maps update=0.0014s pub=0.0001s (local map=960, WM=960)[0m
[33m[ WARN] (2026-09-26 21:47:49.465) Memory.cpp:3200::computeTransform() Missing visual features or missing raw data to compute them. Transform cannot be estimated.[0m
[33m[ WARN] (2026-09-26 21:47:49.465) Memory.cpp:3200::computeTransform() Missing visual features or missing raw data to compute them. Transform cannot be estimated.[0m
[0m[ INFO] [1790473669.731139999, 1790471597.752143406]: rtabmap (1269): Rate=1.00s, Limit=0.000s, Conversion=0.0016s, RTAB-Map=0.4430s, Maps update=0.0013s pub=0.0001s (local map=961, WM=961)[0m
[33m[ WARN] (2026-09-26 21:47:50.558) Memory.cpp:3200::computeTransform() Missing visual features or missing raw data to compute them. Transform cannot be estimated.[0m
[33m[ WARN] (2026-09-26 21:47:50.559) Memory.cpp:3200::computeTransform() Missing visual features or missing raw data to compute them. Transform cannot be estimated.[0m
[0m[ INFO] [1790473670.806553961, 1790471598.831483778]: rtabmap (1270): Rate=1.00s, Limit=0.000s, Conversion=0.0014s, RTAB-Map=0.4051s, Maps update=0.0014s pub=0.0001s (local map=962, WM=962)[0m
[33m[ WARN] (2026-09-26 21:47:51.673) Memory.cpp:3200::computeTransform() Missing visual features or missing raw data to compute them. Transform cannot be estimated.[0m
[33m[ WARN] (2026-09-26 21:47:51.674) Memory.cpp:3200::computeTransform() Missing visual features or missing raw data to compute them. Transform cannot be estimated.[0m
[0m[ INFO] [1790473671.927292664, 1790471599.950404221]: rtabmap (1271): Rate=1.00s, Limit=0.000s, Conversion=0.0015s, RTAB-Map=0.4355s, Maps update=0.0013s pub=0.0001s (local map=963, WM=963)[0m
[33m[ WARN] (2026-09-26 21:47:52.756) Memory.cpp:3200::computeTransform() Missing visual features or missing raw data to compute them. Transform cannot be estimated.[0m
[0m[ INFO] [1790473673.029221213, 1790471601.055040287]: rtabmap (1272): Rate=1.00s, Limit=0.000s, Conversion=0.0009s, RTAB-Map=0.4407s, Maps update=0.0013s pub=0.0001s (local map=964, WM=964)[0m
[33m[ WARN] (2026-09-26 21:47:53.762) Memory.cpp:3200::computeTransform() Missing visual features or missing raw data to compute them. Transform cannot be estimated.[0m
[0m[ INFO] [1790473674.015109769, 1790471602.034484871]: rtabmap (1273): Rate=1.00s, Limit=0.000s, Conversion=0.0015s, RTAB-Map=0.4173s, Maps update=0.0015s pub=0.0001s (local map=965, WM=965)[0m
[33m[ WARN] (2026-09-26 21:47:54.768) Memory.cpp:3200::computeTransform() Missing visual features or missing raw data to compute them. Transform cannot be estimated.[0m
[0m[ INFO] [1790473674.997184077, 1790471603.014995322]: rtabmap (1274): Rate=1.00s, Limit=0.000s, Conversion=0.0013s, RTAB-Map=0.4119s, Maps update=0.0011s pub=0.0001s (local map=966, WM=966)[0m
[33m[ WARN] (2026-09-26 21:47:55.869) Memory.cpp:3200::computeTransform() Missing visual features or missing raw data to compute them. Transform cannot be estimated.[0m
[0m[ INFO] [1790473676.096896794, 1790471604.115952084]: rtabmap (1275): Rate=1.00s, Limit=0.000s, Conversion=0.0015s, RTAB-Map=0.4107s, Maps update=0.0013s pub=0.0001s (local map=967, WM=967)[0m
[33m[ WARN] (2026-09-26 21:47:56.971) Memory.cpp:3200::computeTransform() Missing visual features or missing raw data to compute them. Transform cannot be estimated.[0m
[0m[ INFO] [1790473677.214403078, 1790471605.237834607]: rtabmap (1276): Rate=1.00s, Limit=0.000s, Conversion=0.0013s, RTAB-Map=0.4321s, Maps update=0.0014s pub=0.0001s (local map=968, WM=968)[0m
[33m[ WARN] (2026-09-26 21:47:58.048) Memory.cpp:3200::computeTransform() Missing visual features or missing raw data to compute them. Transform cannot be estimated.[0m
[0m[ INFO] [1790473678.355673711, 1790471606.379640350]: rtabmap (1277): Rate=1.00s, Limit=0.000s, Conversion=0.0013s, RTAB-Map=0.4773s, Maps update=0.0013s pub=0.0001s (local map=969, WM=969)[0m
[33m[ WARN] (2026-09-26 21:47:59.143) Memory.cpp:3200::computeTransform() Missing visual features or missing raw data to compute them. Transform cannot be estimated.[0m
[0m[ INFO] [1790473679.397719252, 1790471607.417438165]: rtabmap (1278): Rate=1.00s, Limit=0.000s, Conversion=0.0014s, RTAB-Map=0.4262s, Maps update=0.0012s pub=0.0001s (local map=970, WM=970)[0m
[33m[ WARN] (2026-09-26 21:48:00.164) Memory.cpp:3200::computeTransform() Missing visual features or missing raw data to compute them. Transform cannot be estimated.[0m
[0m[ INFO] [1790473680.456970704, 1790471608.479192940]: rtabmap (1279): Rate=1.00s, Limit=0.000s, Conversion=0.0015s, RTAB-Map=0.4648s, Maps update=0.0015s pub=0.0001s (local map=971, WM=971)[0m
[33m[ WARN] (2026-09-26 21:48:01.246) Memory.cpp:3200::computeTransform() Missing visual features or missing raw data to compute them. Transform cannot be estimated.[0m
[0m[ INFO] [1790473681.471309676, 1790471609.489496253]: rtabmap (1280): Rate=1.00s, Limit=0.000s, Conversion=0.0015s, RTAB-Map=0.3884s, Maps update=0.0014s pub=0.0001s (local map=972, WM=972)[0m
[33m[ WARN] (2026-09-26 21:48:02.241) Memory.cpp:3200::computeTransform() Missing visual features or missing raw data to compute them. Transform cannot be estimated.[0m
[0m[ INFO] [1790473682.469594557, 1790471610.488921306]: rtabmap (1281): Rate=1.00s, Limit=0.000s, Conversion=0.0010s, RTAB-Map=0.3809s, Maps update=0.0015s pub=0.0001s (local map=973, WM=973)[0m
[33m[ WARN] (2026-09-26 21:48:03.333) Memory.cpp:3200::computeTransform() Missing visual features or missing raw data to compute them. Transform cannot be estimated.[0m
[0m[ INFO] [1790473683.555588503, 1790471611.574677649]: rtabmap (1282): Rate=1.00s, Limit=0.000s, Conversion=0.0009s, RTAB-Map=0.3809s, Maps update=0.0013s pub=0.0001s (local map=974, WM=974)[0m
Warning: TF_REPEATED_DATA ignoring data with redundant timestamp for frame odom (parent map) at time 1790471611.830357 according to authority unknown_publisher
         at line 278 in /tmp/binarydeb/ros-noetic-tf2-0.7.7/src/buffer_core.cpp
[33m[ WARN] [1790473683.706347522, 1790471611.730356913]: TF_REPEATED_DATA ignoring data with redundant timestamp for frame odom (parent map) at time 1790471611.830357 according to authority unknown_publisher[0m
Warning: TF_REPEATED_DATA ignoring data with redundant timestamp for frame odom (parent map) at time 1790471611.830357 according to authority /rtabmap/rtabmap
         at line 278 in /tmp/binarydeb/ros-noetic-tf2-0.7.7/src/buffer_core.cpp
[33m[ WARN] (2026-09-26 21:48:04.336) Memory.cpp:3200::computeTransform() Missing visual features or missing raw data to compute them. Transform cannot be estimated.[0m
[0m[ INFO] [1790473684.543172917, 1790471612.560047063]: rtabmap (1283): Rate=1.00s, Limit=0.000s, Conversion=0.0009s, RTAB-Map=0.3590s, Maps update=0.0014s pub=0.0001s (local map=975, WM=975)[0m
[33m[ WARN] (2026-09-26 21:48:05.357) Memory.cpp:3200::computeTransform() Missing visual features or missing raw data to compute them. Transform cannot be estimated.[0m
[0m[ INFO] [1790473685.580760201, 1790471613.603514410]: rtabmap (1284): Rate=1.00s, Limit=0.000s, Conversion=0.0015s, RTAB-Map=0.3970s, Maps update=0.0017s pub=0.0001s (local map=976, WM=976)[0m
[33m[ WARN] (2026-09-26 21:48:06.437) Memory.cpp:3200::computeTransform() Missing visual features or missing raw data to compute them. Transform cannot be estimated.[0m
[0m[ INFO] [1790473686.654136540, 1790471614.672922387]: rtabmap (1285): Rate=1.00s, Limit=0.000s, Conversion=0.0014s, RTAB-Map=0.3713s, Maps update=0.0012s pub=0.0001s (local map=977, WM=977)[0m
[33m[ WARN] (2026-09-26 21:48:07.561) Memory.cpp:3200::computeTransform() Missing visual features or missing raw data to compute them. Transform cannot be estimated.[0m
[0m[ INFO] [1790473687.874524082, 1790471615.895097212]: rtabmap (1286): Rate=1.00s, Limit=0.000s, Conversion=0.0014s, RTAB-Map=0.4848s, Maps update=0.0022s pub=0.0001s (local map=978, WM=978)[0m
[33m[ WARN] (2026-09-26 21:48:08.553) Memory.cpp:3200::computeTransform() Missing visual features or missing raw data to compute them. Transform cannot be estimated.[0m
[0m[ INFO] [1790473688.807403847, 1790471616.829943686]: rtabmap (1287): Rate=1.00s, Limit=0.000s, Conversion=0.0013s, RTAB-Map=0.4256s, Maps update=0.0019s pub=0.0001s (local map=979, WM=979)[0m
[33m[ WARN] (2026-09-26 21:48:09.567) Memory.cpp:3200::computeTransform() Missing visual features or missing raw data to compute them. Transform cannot be estimated.[0m
[0m[ INFO] [1790473689.776497183, 1790471617.792183541]: rtabmap (1288): Rate=1.00s, Limit=0.000s, Conversion=0.0015s, RTAB-Map=0.3841s, Maps update=0.0016s pub=0.0001s (local map=980, WM=980)[0m
[33m[ WARN] (2026-09-26 21:48:10.654) Memory.cpp:3200::computeTransform() Missing visual features or missing raw data to compute them. Transform cannot be estimated.[0m
[0m[ INFO] [1790473690.861425133, 1790471618.882533917]: rtabmap (1289): Rate=1.00s, Limit=0.000s, Conversion=0.0011s, RTAB-Map=0.3785s, Maps update=0.0012s pub=0.0001s (local map=981, WM=981)[0m
[33m[ WARN] (2026-09-26 21:48:11.735) Memory.cpp:3200::computeTransform() Missing visual features or missing raw data to compute them. Transform cannot be estimated.[0m
[0m[ INFO] [1790473691.958754047, 1790471619.982884144]: rtabmap (1290): Rate=1.00s, Limit=0.000s, Conversion=0.0009s, RTAB-Map=0.3768s, Maps update=0.0013s pub=0.0001s (local map=982, WM=982)[0m
[33m[ WARN] (2026-09-26 21:48:12.761) Memory.cpp:3200::computeTransform() Missing visual features or missing raw data to compute them. Transform cannot be estimated.[0m
[0m[ INFO] [1790473692.988214332, 1790471621.007883325]: rtabmap (1291): Rate=1.00s, Limit=0.000s, Conversion=0.0015s, RTAB-Map=0.3997s, Maps update=0.0014s pub=0.0001s (local map=983, WM=983)[0m
[33m[ WARN] (2026-09-26 21:48:13.840) Memory.cpp:3200::computeTransform() Missing visual features or missing raw data to compute them. Transform cannot be estimated.[0m
[0m[ INFO] [1790473694.058924850, 1790471622.081105038]: rtabmap (1292): Rate=1.00s, Limit=0.000s, Conversion=0.0010s, RTAB-Map=0.3789s, Maps update=0.0013s pub=0.0001s (local map=984, WM=984)[0m
[33m[ WARN] (2026-09-26 21:48:14.860) Memory.cpp:3200::computeTransform() Missing visual features or missing raw data to compute them. Transform cannot be estimated.[0m
[0m[ INFO] [1790473695.105973867, 1790471623.127312285]: rtabmap (1293): Rate=1.00s, Limit=0.000s, Conversion=0.0013s, RTAB-Map=0.4157s, Maps update=0.0013s pub=0.0001s (local map=985, WM=985)[0m
[33m[ WARN] (2026-09-26 21:48:15.843) Memory.cpp:3200::computeTransform() Missing visual features or missing raw data to compute them. Transform cannot be estimated.[0m
[0m[ INFO] [1790473696.068218841, 1790471624.090945018]: rtabmap (1294): Rate=1.00s, Limit=0.000s, Conversion=0.0009s, RTAB-Map=0.3786s, Maps update=0.0012s pub=0.0001s (local map=986, WM=986)[0m
[33m[ WARN] (2026-09-26 21:48:16.869) Memory.cpp:3200::computeTransform() Missing visual features or missing raw data to compute them. Transform cannot be estimated.[0m
[0m[ INFO] [1790473697.096716683, 1790471625.117521208]: rtabmap (1295): Rate=1.00s, Limit=0.000s, Conversion=0.0012s, RTAB-Map=0.3921s, Maps update=0.0012s pub=0.0001s (local map=987, WM=987)[0m
[33m[ WARN] (2026-09-26 21:48:17.955) Memory.cpp:3200::computeTransform() Missing visual features or missing raw data to compute them. Transform cannot be estimated.[0m
[0m[ INFO] [1790473698.182452354, 1790471626.207774527]: rtabmap (1296): Rate=1.00s, Limit=0.000s, Conversion=0.0010s, RTAB-Map=0.3858s, Maps update=0.0016s pub=0.0001s (local map=988, WM=988)[0m
[33m[ WARN] (2026-09-26 21:48:19.052) Memory.cpp:3200::computeTransform() Missing visual features or missing raw data to compute them. Transform cannot be estimated.[0m
[0m[ INFO] [1790473699.276085292, 1790471627.300117659]: rtabmap (1297): Rate=1.00s, Limit=0.000s, Conversion=0.0014s, RTAB-Map=0.3885s, Maps update=0.0018s pub=0.0001s (local map=989, WM=989)[0m
[33m[ WARN] (2026-09-26 21:48:20.059) Memory.cpp:3200::computeTransform() Missing visual features or missing raw data to compute them. Transform cannot be estimated.[0m
[0m[ INFO] [1790473700.289183961, 1790471628.311533815]: rtabmap (1298): Rate=1.00s, Limit=0.000s, Conversion=0.0016s, RTAB-Map=0.3959s, Maps update=0.0014s pub=0.0001s (local map=990, WM=990)[0m
[33m[ WARN] (2026-09-26 21:48:21.045) Memory.cpp:3200::computeTransform() Missing visual features or missing raw data to compute them. Transform cannot be estimated.[0m
[0m[ INFO] [1790473701.280203035, 1790471629.302638201]: rtabmap (1299): Rate=1.00s, Limit=0.000s, Conversion=0.0015s, RTAB-Map=0.4000s, Maps update=0.0015s pub=0.0001s (local map=991, WM=991)[0m
Warning: TF_REPEATED_DATA ignoring data with redundant timestamp for frame odom (parent map) at time 1790471629.559012 according to authority unknown_publisher
         at line 278 in /tmp/binarydeb/ros-noetic-tf2-0.7.7/src/buffer_core.cpp
Warning: TF_REPEATED_DATA ignoring data with redundant timestamp for frame odom (parent map) at time 1790471629.559012 according to authority /rtabmap/rtabmap
         at line 278 in /tmp/binarydeb/ros-noetic-tf2-0.7.7/src/buffer_core.cpp
[33m[ WARN] [1790473701.434017575, 1790471629.459012065]: TF_REPEATED_DATA ignoring data with redundant timestamp for frame odom (parent map) at time 1790471629.559012 according to authority unknown_publisher[0m
[33m[ WARN] (2026-09-26 21:48:22.160) Memory.cpp:3200::computeTransform() Missing visual features or missing raw data to compute them. Transform cannot be estimated.[0m
[0m[ INFO] [1790473702.508189697, 1790471630.532983705]: rtabmap (1300): Rate=1.00s, Limit=0.000s, Conversion=0.0014s, RTAB-Map=0.5293s, Maps update=0.0015s pub=0.0001s (local map=992, WM=992)[0m
[33m[ WARN] (2026-09-26 21:48:23.265) Memory.cpp:3200::computeTransform() Missing visual features or missing raw data to compute them. Transform cannot be estimated.[0m
[0m[ INFO] [1790473703.487819465, 1790471631.512307901]: rtabmap (1301): Rate=1.00s, Limit=0.000s, Conversion=0.0012s, RTAB-Map=0.3868s, Maps update=0.0016s pub=0.0001s (local map=993, WM=993)[0m
[33m[ WARN] (2026-09-26 21:48:24.345) Memory.cpp:3200::computeTransform() Missing visual features or missing raw data to compute them. Transform cannot be estimated.[0m
[0m[ INFO] [1790473704.588906594, 1790471632.613128436]: rtabmap (1302): Rate=1.00s, Limit=0.000s, Conversion=0.0014s, RTAB-Map=0.4038s, Maps update=0.0018s pub=0.0001s (local map=994, WM=994)[0m
[33m[ WARN] (2026-09-26 21:48:25.360) Memory.cpp:3200::computeTransform() Missing visual features or missing raw data to compute them. Transform cannot be estimated.[0m
[0m[ INFO] [1790473705.594378174, 1790471633.611186336]: rtabmap (1303): Rate=1.00s, Limit=0.000s, Conversion=0.0011s, RTAB-Map=0.4129s, Maps update=0.0015s pub=0.0001s (local map=995, WM=995)[0m
[33m[ WARN] (2026-09-26 21:48:26.444) Memory.cpp:3200::computeTransform() Missing visual features or missing raw data to compute them. Transform cannot be estimated.[0m
[0m[ INFO] [1790473706.685436108, 1790471634.704232868]: rtabmap (1304): Rate=1.00s, Limit=0.000s, Conversion=0.0009s, RTAB-Map=0.4014s, Maps update=0.0015s pub=0.0001s (local map=996, WM=996)[0m
[33m[ WARN] (2026-09-26 21:48:27.464) Memory.cpp:3200::computeTransform() Missing visual features or missing raw data to compute them. Transform cannot be estimated.[0m
[0m[ INFO] [1790473707.740164662, 1790471635.765318737]: rtabmap (1305): Rate=1.00s, Limit=0.000s, Conversion=0.0016s, RTAB-Map=0.4488s, Maps update=0.0016s pub=0.0001s (local map=997, WM=997)[0m
[33m[ WARN] (2026-09-26 21:48:28.457) Memory.cpp:3200::computeTransform() Missing visual features or missing raw data to compute them. Transform cannot be estimated.[0m
[0m[ INFO] [1790473708.729325827, 1790471636.746295175]: rtabmap (1306): Rate=1.00s, Limit=0.000s, Conversion=0.0011s, RTAB-Map=0.4432s, Maps update=0.0013s pub=0.0001s (local map=998, WM=998)[0m
[33m[ WARN] (2026-09-26 21:48:29.466) Memory.cpp:3200::computeTransform() Missing visual features or missing raw data to compute them. Transform cannot be estimated.[0m
[0m[ INFO] [1790473709.729809705, 1790471637.755365673]: rtabmap (1307): Rate=1.00s, Limit=0.000s, Conversion=0.0009s, RTAB-Map=0.4355s, Maps update=0.0015s pub=0.0001s (local map=999, WM=999)[0m
[33m[ WARN] (2026-09-26 21:48:30.548) Memory.cpp:3200::computeTransform() Missing visual features or missing raw data to compute them. Transform cannot be estimated.[0m
[0m[ INFO] [1790473710.797724512, 1790471638.816534359]: rtabmap (1308): Rate=1.00s, Limit=0.000s, Conversion=0.0016s, RTAB-Map=0.4091s, Maps update=0.0016s pub=0.0001s (local map=999, WM=999)[0m
[33m[ WARN] (2026-09-26 21:48:31.657) Memory.cpp:3200::computeTransform() Missing visual features or missing raw data to compute them. Transform cannot be estimated.[0m
[0m[ INFO] [1790473711.909184616, 1790471639.933078774]: rtabmap (1309): Rate=1.00s, Limit=0.000s, Conversion=0.0016s, RTAB-Map=0.4194s, Maps update=0.0014s pub=0.0001s (local map=1000, WM=1000)[0m
[33m[ WARN] (2026-09-26 21:48:32.769) Memory.cpp:3200::computeTransform() Missing visual features or missing raw data to compute them. Transform cannot be estimated.[0m
[33m[ WARN] (2026-09-26 21:48:32.769) Memory.cpp:3200::computeTransform() Missing visual features or missing raw data to compute them. Transform cannot be estimated.[0m
[33m[ WARN] (2026-09-26 21:48:32.780) Memory.cpp:3200::computeTransform() Missing visual features or missing raw data to compute them. Transform cannot be estimated.[0m
[0m[ INFO] [1790473713.044940499, 1790471641.063731275]: rtabmap (1310): Rate=1.00s, Limit=0.000s, Conversion=0.0016s, RTAB-Map=0.4577s, Maps update=0.0012s pub=0.0001s (local map=1001, WM=1001)[0m
[33m[ WARN] (2026-09-26 21:48:33.916) Memory.cpp:3200::computeTransform() Missing visual features or missing raw data to compute them. Transform cannot be estimated.[0m
[33m[ WARN] (2026-09-26 21:48:33.917) Memory.cpp:3200::computeTransform() Missing visual features or missing raw data to compute them. Transform cannot be estimated.[0m
[33m[ WARN] (2026-09-26 21:48:33.917) Memory.cpp:3200::computeTransform() Missing visual features or missing raw data to compute them. Transform cannot be estimated.[0m
[0m[ INFO] [1790473714.183595262, 1790471642.207645197]: rtabmap (1311): Rate=1.00s, Limit=0.000s, Conversion=0.0009s, RTAB-Map=0.4347s, Maps update=0.0017s pub=0.0001s (local map=1002, WM=1002)[0m
[33m[ WARN] (2026-09-26 21:48:34.972) Memory.cpp:3200::computeTransform() Missing visual features or missing raw data to compute them. Transform cannot be estimated.[0m
[33m[ WARN] (2026-09-26 21:48:34.972) Memory.cpp:3200::computeTransform() Missing visual features or missing raw data to compute them. Transform cannot be estimated.[0m
[33m[ WARN] (2026-09-26 21:48:34.973) Memory.cpp:3200::computeTransform() Missing visual features or missing raw data to compute them. Transform cannot be estimated.[0m
[0m[ INFO] [1790473715.242461716, 1790471643.259029203]: rtabmap (1312): Rate=1.00s, Limit=0.000s, Conversion=0.0020s, RTAB-Map=0.4556s, Maps update=0.0012s pub=0.0001s (local map=1003, WM=1003)[0m
[33m[ WARN] (2026-09-26 21:48:35.968) Memory.cpp:3200::computeTransform() Missing visual features or missing raw data to compute them. Transform cannot be estimated.[0m
[33m[ WARN] (2026-09-26 21:48:35.968) Memory.cpp:3200::computeTransform() Missing visual features or missing raw data to compute them. Transform cannot be estimated.[0m
[33m[ WARN] (2026-09-26 21:48:35.969) Memory.cpp:3200::computeTransform() Missing visual features or missing raw data to compute them. Transform cannot be estimated.[0m
[0m[ INFO] [1790473716.229505161, 1790471644.247111956]: rtabmap (1313): Rate=1.00s, Limit=0.000s, Conversion=0.0015s, RTAB-Map=0.4391s, Maps update=0.0014s pub=0.0001s (local map=1003, WM=1003)[0m
[33m[ WARN] (2026-09-26 21:48:37.061) Memory.cpp:3200::computeTransform() Missing visual features or missing raw data to compute them. Transform cannot be estimated.[0m
[33m[ WARN] (2026-09-26 21:48:37.061) Memory.cpp:3200::computeTransform() Missing visual features or missing raw data to compute them. Transform cannot be estimated.[0m
[33m[ WARN] (2026-09-26 21:48:37.062) Memory.cpp:3200::computeTransform() Missing visual features or missing raw data to compute them. Transform cannot be estimated.[0m
[0m[ INFO] [1790473717.328734862, 1790471645.351903380]: rtabmap (1314): Rate=1.00s, Limit=0.000s, Conversion=0.0010s, RTAB-Map=0.4281s, Maps update=0.0015s pub=0.0001s (local map=1003, WM=1003)[0m
[33m[ WARN] (2026-09-26 21:48:38.147) Memory.cpp:3200::computeTransform() Missing visual features or missing raw data to compute them. Transform cannot be estimated.[0m
[33m[ WARN] (2026-09-26 21:48:38.147) Memory.cpp:3200::computeTransform() Missing visual features or missing raw data to compute them. Transform cannot be estimated.[0m
[33m[ WARN] (2026-09-26 21:48:38.147) Memory.cpp:3200::computeTransform() Missing visual features or missing raw data to compute them. Transform cannot be estimated.[0m
[0m[ INFO] [1790473718.419635450, 1790471646.442313819]: rtabmap (1315): Rate=1.00s, Limit=0.000s, Conversion=0.0008s, RTAB-Map=0.4335s, Maps update=0.0020s pub=0.0001s (local map=1004, WM=1004)[0m
[33m[ WARN] (2026-09-26 21:48:39.154) Memory.cpp:3200::computeTransform() Missing visual features or missing raw data to compute them. Transform cannot be estimated.[0m
[33m[ WARN] (2026-09-Warning: TF_REPEATED_DATA ignoring data with redundant timestamp for frame odom (parent map) at time 1790471650.811422 according to authority /rtabmap/rtabmap
         at line 278 in /tmp/binarydeb/ros-noetic-tf2-0.7.7/src/buffer_core.cpp
26 21:48:39.154) Memory.cpp:3200::computeTransform() Missing visual features or missing raw data to compute them. Transform cannot be estimated.[0m
[33m[ WARN] (2026-09-26 21:48:39.155) Memory.cpp:3200::computeTransform() Missing visual features or missing raw data to compute them. Transform cannot be estimated.[0m
[0m[ INFO] [1790473719.414699717, 1790471647.432530514]: rtabmap (1316): Rate=1.00s, Limit=0.000s, Conversion=0.0010s, RTAB-Map=0.4212s, Maps update=0.0014s pub=0.0001s (local map=1005, WM=1005)[0m
[33m[ WARN] (2026-09-26 21:48:40.157) Memory.cpp:3200::computeTransform() Missing visual features or missing raw data to compute them. Transform cannot be estimated.[0m
[33m[ WARN] (2026-09-26 21:48:40.157) Memory.cpp:3200::computeTransform() Missing visual features or missing raw data to compute them. Transform cannot be estimated.[0m
[33m[ WARN] (2026-09-26 21:48:40.158) Memory.cpp:3200::computeTransform() Missing visual features or missing raw data to compute them. Transform cannot be estimated.[0m
[0m[ INFO] [1790473720.410137950, 1790471648.435148180]: rtabmap (1317): Rate=1.00s, Limit=0.000s, Conversion=0.0011s, RTAB-Map=0.4174s, Maps update=0.0016s pub=0.0001s (local map=1006, WM=1006)[0m
[33m[ WARN] (2026-09-26 21:48:41.271) Memory.cpp:3200::computeTransform() Missing visual features or missing raw data to compute them. Transform cannot be estimated.[0m
[33m[ WARN] (2026-09-26 21:48:41.271) Memory.cpp:3200::computeTransform() Missing visual features or missing raw data to compute them. Transform cannot be estimated.[0m
[33m[ WARN] (2026-09-26 21:48:41.271) Memory.cpp:3200::computeTransform() Missing visual features or missing raw data to compute them. Transform cannot be estimated.[0m
[0m[ INFO] [1790473721.539151418, 1790471649.561181737]: rtabmap (1318): Rate=1.00s, Limit=0.000s, Conversion=0.0014s, RTAB-Map=0.4511s, Maps update=0.0013s pub=0.0001s (local map=1007, WM=1007)[0m
[33m[ WARN] (2026-09-26 21:48:42.256) Memory.cpp:3200::computeTransform() Missing visual features or missing raw data to compute them. Transform cannot be estimated.[0m
[33m[ WARN] (2026-09-26 21:48:42.256) Memory.cpp:3200::computeTransform() Missing visual features or missing raw data to compute them. Transform cannot be estimated.[0m
[33m[ WARN] (2026-09-26 21:48:42.257) Memory.cpp:3200::computeTransform() Missing visual features or missing raw data to compute them. Transform cannot be estimated.[0m
[0m[ INFO] [1790473722.537086044, 1790471650.561422634]: rtabmap (1319): Rate=1.00s, Limit=0.000s, Conversion=0.0015s, RTAB-Map=0.4437s, Maps update=0.0021s pub=0.0002s (local map=1008, WM=1008)[0m
Warning: TF_REPEATED_DATA ignoring data with redundant timestamp for frame odom (parent map) at time 1790471650.811422 according to authority unknown_publisher
         at line 278 in /tmp/binarydeb/ros-noetic-tf2-0.7.7/src/buffer_core.cpp
[33m[ WARN] [1790473722.690920670, 1790471650.711422009]: TF_REPEATED_DATA ignoring data with redundant timestamp for frame odom (parent map) at time 1790471650.811422 according to authority unknown_publisher[0m
[33m[ WARN] (2026-09-26 21:48:43.251) Memory.cpp:3200::computeTransform() Missing visual features or missing raw data to compute them. Transform cannot be estimated.[0m
[33m[ WARN] (2026-09-26 21:48:43.252) Memory.cpp:3200::computeTransform() Missing visual features or missing raw data to compute them. Transform cannot be estimated.[0m
[33m[ WARN] (2026-09-26 21:48:43.262) Memory.cpp:3200::computeTransform() Missing visual features or missing raw data to compute them. Transform cannot be estimated.[0m
[0m[ INFO] [1790473723.575031593, 1790471651.597307003]: rtabmap (1320): Rate=1.00s, Limit=0.000s, Conversion=0.0014s, RTAB-Map=0.4892s, Maps update=0.0020s pub=0.0001s (local map=1009, WM=1009)[0m
[33m[ WARN] (2026-09-26 21:48:44.395) Memory.cpp:3200::computeTransform() Missing visual features or missing raw data to compute them. Transform cannot be estimated.[0m
[33m[ WARN] (2026-09-26 21:48:44.396) Memory.cpp:3200::computeTransform() Missing visual features or missing raw data to compute them. Transform cannot be estimated.[0m
[33m[ WARN] (2026-09-26 21:48:44.397) Memory.cpp:3200::computeTransform() Missing visual features or missing raw data to compute them. Transform cannot be estimated.[0m
[0m[ INFO] [1790473724.677617123, 1790471652.699411408]: rtabmap (1321): Rate=1.00s, Limit=0.000s, Conversion=0.0022s, RTAB-Map=0.4663s, Maps update=0.0016s pub=0.0001s (local map=1010, WM=1010)[0m
[33m[ WARN] (2026-09-26 21:48:45.468) Memory.cpp:3200::computeTransform() Missing visual features or missing raw data to compute them. Transform cannot be estimated.[0m
[33m[ WARN] (2026-09-26 21:48:45.468) Memory.cpp:3200::computeTransform() Missing visual features or missing raw data to compute them. Transform cannot be estimated.[0m
[33m[ WARN] (2026-09-26 21:48:45.469) Memory.cpp:3200::computeTransform() Missing visual features or missing raw data to compute them. Transform cannot be estimated.[0m
[0m[ INFO] [1790473725.752938038, 1790471653.771390966]: rtabmap (1322): Rate=1.00s, Limit=0.000s, Conversion=0.0015s, RTAB-Map=0.4647s, Maps update=0.0014s pub=0.0001s (local map=1011, WM=1011)[0m
[33m[ WARN] (2026-09-26 21:48:46.474) Memory.cpp:3200::computeTransform() Missing visual features or missing raw data to compute them. Transform cannot be estimated.[0m
[33m[ WARN] (2026-09-26 21:48:46.475) Memory.cpp:3200::computeTransform() Missing visual features or missing raw data to compute them. Transform cannot be estimated.[0m
[33m[ WARN] (2026-09-26 21:48:46.475) Memory.cpp:3200::computeTransform() Missing visual features or missing raw data to compute them. Transform cannot be estimated.[0m
[0m[ INFO] [1790473726.763258290, 1790471654.780521923]: rtabmap (1323): Rate=1.00s, Limit=0.000s, Conversion=0.0011s, RTAB-Map=0.4700s, Maps update=0.0018s pub=0.0001s (local map=1012, WM=1012)[0m
[0m[ INFO] [1790473727.693846615, 1790471655.719294676]: rtabmap (1324): Rate=1.00s, Limit=0.000s, Conversion=0.0015s, RTAB-Map=0.3126s, Maps update=0.0015s pub=0.0002s (local map=1012, WM=1012)[0m
[33m[ WARN] (2026-09-26 21:48:48.543) Memory.cpp:3200::computeTransform() Missing visual features or missing raw data to compute them. Transform cannot be estimated.[0m
[33m[ WARN] (2026-09-26 21:48:48.544) Memory.cpp:3200::computeTransform() Missing visual features or missing raw data to compute them. Transform cannot be estimated.[0m
[33m[ WARN] (2026-09-26 21:48:48.555) Memory.cpp:3200::computeTransform() Missing visual features or missing raw data to compute them. Transform cannot be estimated.[0m
[0m[ INFO] [1790473728.844971301, 1790471656.870868743]: rtabmap (1325): Rate=1.00s, Limit=0.000s, Conversion=0.0010s, RTAB-Map=0.4625s, Maps update=0.0014s pub=0.0001s (local map=1013, WM=1013)[0m
[33m[ WARN] (2026-09-26 21:48:49.670) Memory.cpp:3200::computeTransform() Missing visual features or missing raw data to compute them. Transform cannot be estimated.[0m
[33m[ WARN] (2026-09-26 21:48:49.681) Memory.cpp:3200::computeTransform() Missing visual features or missing raw data to compute them. Transform cannot be estimated.[0m
[33m[ WARN] (2026-09-26 21:48:49.682) Memory.cpp:3200::computeTransform() Missing visual features or missing raw data to compute them. Transform cannot be estimated.[0m
[0m[ INFO] [1790473729.954718098, 1790471657.978765052]: rtabmap (1326): Rate=1.00s, Limit=0.000s, Conversion=0.0009s, RTAB-Map=0.4740s, Maps update=0.0015s pub=0.0001s (local map=1014, WM=1014)[0m
[33m[ WARN] (2026-09-26 21:48:50.729) Memory.cpp:3200::computeTransform() Missing visual features or missing raw data to compute them. Transform cannot be estimated.[0m
[33m[ WARN] (2026-09-26 21:48:50.729) Memory.cpp:3200::computeTransform() Missing visual features or missing raw data to compute them. Transform cannot be estimated.[0m
[33m[ WARN] (2026-09-26 21:48:50.730) Memory.cpp:3200::computeTransform() Missing visual features or missing raw data to compute them. Transform cannot be estimated.[0m
[0m[ INFO] [1790473730.972474663, 1790471658.990422817]: rtabmap (1327): Rate=1.00s, Limit=0.000s, Conversion=0.0010s, RTAB-Map=0.3953s, Maps update=0.0014s pub=0.0001s (local map=1015, WM=1015)[0m
[33m[ WARN] (2026-09-26 21:48:51.733) Memory.cpp:3200::computeTransform() Missing visual features or missing raw data to compute them. Transform cannot be estimated.[0m
[33m[ WARN] (2026-09-26 21:48:51.733) Memory.cpp:3200::computeTransform() Missing visual features or missing raw data to compute them. Transform cannot be estimated.[0m
[33m[ WARN] (2026-09-26 21:48:51.733) Memory.cpp:3200::computeTransform() Missing visual features or missing raw data to compute them. Transform cannot be estimated.[0m
[0m[ INFO] [1790473731.970422455, 1790471659.990566926]: rtabmap (1328): Rate=1.00s, Limit=0.000s, Conversion=0.0016s, RTAB-Map=0.3897s, Maps update=0.0016s pub=0.0001s (local map=1016, WM=1016)[0m
[33m[ WARN] (2026-09-26 21:48:52.844) Memory.cpp:3200::computeTransform() Missing visual features or missing raw data to compute them. Transform cannot be estimated.[0m
[33m[ WARN] (2026-09-26 21:48:52.844) Memory.cpp:3200::computeTransform() Missing visual features or missing raw data to compute them. Transform cannot be estimated.[0m
[33m[ WARN] (2026-09-26 21:48:52.844) Memory.cpp:3200::computeTransform() Missing visual features or missing raw data to compute them. Transform cannot be estimated.[0m
[0m[ INFO] [1790473733.069636180, 1790471661.091175869]: rtabmap (1329): Rate=1.00s, Limit=0.000s, Conversion=0.0011s, RTAB-Map=0.3923s, Maps update=0.0013s pub=0.0001s (local map=1017, WM=1017)[0m
[33m[ WARN] (2026-09-26 21:48:53.865) Memory.cpp:3200::computeTransform() Missing visual features or missing raw data to compute them. Transform cannot be estimated.[0m
[33m[ WARN] (2026-09-26 21:48:53.865) Memory.cpp:3200::computeTransform() Missing visual features or missing raw data to compute them. Transform cannot be estimated.[0m
[33m[ WARN] (2026-09-26 21:48:53.865) Memory.cpp:3200::computeTransform() Missing visual features or missing raw data to compute them. Transform cannot be estimated.[0m
[0m[ INFO] [1790473734.093384401, 1790471662.112681213]: rtabmap (1330): Rate=1.00s, Limit=0.000s, Conversion=0.0010s, RTAB-Map=0.3960s, Maps update=0.0015s pub=0.0001s (local map=1018, WM=1018)[0m
[33m[ WARN] (2026-09-26 21:48:54.951) Memory.cpp:3200::computeTransform() Missing visual features or missing raw data to compute them. Transform cannot be estimated.[0m
[33m[ WARN] (2026-09-26 21:48:54.951) Memory.cpp:3200::computeTransform() Missing visual features or missing raw data to compute them. Transform cannot be estimated.[0m
[33m[ WARN] (2026-09-26 21:48:54.952) Memory.cpp:3200::computeTransform() Missing visual features or missing raw data to compute them. Transform cannot be estimated.[0m
[0m[ INFO] [1790473735.220928476, 1790471663.244452735]: rtabmap (1331): Rate=1.00s, Limit=0.000s, Conversion=0.0013s, RTAB-Map=0.4427s, Maps update=0.0014s pub=0.0001s (local map=1019, WM=1019)[0m
[33m[ WARN] (2026-09-26 21:48:55.955) Memory.cpp:3200::computeTransform() Missing visual features or missing raw data to compute them. Transform cannot be estimated.[0m
[33m[ WARN] (2026-09-26 21:48:55.956) Memory.cpp:3200::computeTransform() Missing visual features or missing raw data to compute them. Transform cannot be estimated.[0m
[33m[ WARN] (2026-09-26 21:48:55.956) Memory.cpp:3200::computeTransform() Missing visual features or missing raw data to compute them. Transform cannot be estimated.[0m
[0m[ INFO] [1790473736.199419653, 1790471664.224811040]: rtabmap (1332): Rate=1.00s, Limit=0.000s, Conversion=0.0015s, RTAB-Map=0.4154s, Maps update=0.0012s pub=0.0001s (local map=1020, WM=1020)[0m
[33m[ WARN] (2026-09-26 21:48:57.056) Memory.cpp:3200::computeTransform() Missing visual features or missing raw data to compute them. Transform cannot be estimated.[0m
[33m[ WARN] (2026-09-26 21:48:57.057) Memory.cpp:3200::computeTransform() Missing visual features or missing raw data to compute them. Transform cannot be estimated.[0m
[33m[ WARN] (2026-09-26 21:48:57.057) Memory.cpp:3200::computeTransform() Missing visual features or missing raw data to compute them. Transform cannot be estimated.[0m
[0m[ INFO] [1790473737.300193260, 1790471665.319046066]: rtabmap (1333): Rate=1.00s, Limit=0.000s, Conversion=0.0014s, RTAB-Map=0.4177s, Maps update=0.0016s pub=0.0001s (local map=1021, WM=1021)[0m
[33m[ WARN] (2026-09-26 21:48:58.053) Memory.cpp:3200::computeTransform() Missing visual features or missing raw data to compute them. Transform cannot be estimated.[0m
[33m[ WARN] (2026-09-26 21:48:58.054) Memory.cpp:3200::computeTransform() Missing visual features or missing raw data to compute them. Transform cannot be estimated.[0m
[33m[ WARN] (2026-09-26 21:48:58.054) Memory.cpp:3200::computeTransform() Missing visual features or missing raw data to compute them. Transform cannot be estimated.[0m
[0m[ INFO] [1790473738.306745345, 1790471666.326113517]: rtabmap (1334): Rate=1.00s, Limit=0.000s, Conversion=0.0014s, RTAB-Map=0.4190s, Maps update=0.0014s pub=0.0001s (local map=1022, WM=1022)[0m
[33m[ WARN] (2026-09-26 21:48:59.133) Memory.cpp:3200::computeTransform() Missing visual features or missing raw data to compute them. Transform cannot be estimated.[0m
[33m[ WARN] (2026-09-26 21:48:59.134) Memory.cpp:3200::computeTransform() Missing visual features or missing raw data to compute them. Transform cannot be estimated.[0m
[33m[ WARN] (2026-09-26 21:48:59.134) Memory.cpp:3200::computeTransform() Missing visual features or missing raw data to compute them. Transform cannot be estimated.[0m
[0m[ INFO] [1790473739.366964945, 1790471667.384709193]: rtabmap (1335): Rate=1.00s, Limit=0.000s, Conversion=0.0013s, RTAB-Map=0.3868s, Maps update=0.0013s pub=0.0001s (local map=1023, WM=1023)[0m
[33m[ WARN] (2026-09-26 21:49:00.263) Memory.cpp:3200::computeTransform() Missing visual features or missing raw data to compute them. Transform cannot be estimated.[0m
[33m[ WARN] (2026-09-26 21:49:00.263) Memory.cpp:3200::computeTransform() Missing visual features or missing raw data to compute them. Transform cannot be estimated.[0m
[33m[ WARN] (2026-09-26 21:49:00.264) Memory.cpp:3200::computeTransform() Missing visual features or missing raw data to compute them. Transform cannot be estimated.[0m
[0m[ INFO] [1790473740.534063606, 1790471668.557463351]: rtabmap (1336): Rate=1.00s, Limit=0.000s, Conversion=0.0018s, RTAB-Map=0.4463s, Maps update=0.0017s pub=0.0001s (local map=1024, WM=1024)[0m
Warning: TF_REPEATED_DATA ignoring data with redundant timestamp for frame odom (parent map) at time 1790471668.811258 according to authority unknown_publisher
         at line 278 in /tmp/binarydeb/ros-noetic-tf2-0.7.7/src/buffer_core.cpp
[33m[ WARN] [1790473740.686628577, 1790471668.711258131]: TF_REPEATED_DATA ignoring data with redundant timestamp for frame odom (parent map) at time 1790471668.811258 according to authority unknown_publisher[0m
Warning: TF_REPEATED_DATA ignoring data with redundant timestamp for frame odom (parent map) at time 1790471668.811258 according to authority /rtabmap/rtabmap
         at line 278 in /tmp/binarydeb/ros-noetic-tf2-0.7.7/src/buffer_core.cpp
[33m[ WARN] (2026-09-26 21:49:01.263) Memory.cpp:3200::computeTransform() Missing visual features or missing raw data to compute them. Transform cannot be estimated.[0m
[33m[ WARN] (2026-09-26 21:49:01.263) Memory.cpp:3200::computeTransform() Missing visual features or missing raw data to compute them. Transform cannot be estimated.[0m
[33m[ WARN] (2026-09-26 21:49:01.263) Memory.cpp:3200::computeTransform() Missing visual features or missing raw data to compute them. Transform cannot be estimated.[0m
[0m[ INFO] [1790473741.541190315, 1790471669.566000671]: rtabmap (1337): Rate=1.00s, Limit=0.000s, Conversion=0.0014s, RTAB-Map=0.4534s, Maps update=0.0014s pub=0.0001s (local map=1025, WM=1025)[0m
[33m[ WARN] (2026-09-26 21:49:02.367) Memory.cpp:3200::computeTransform() Missing visual features or missing raw data to compute them. Transform cannot be estimated.[0m
[33m[ WARN] (2026-09-26 21:49:02.368) Memory.cpp:3200::computeTransform() Missing visual features or missing raw data to compute them. Transform cannot be estimated.[0m
[33m[ WARN] (2026-09-26 21:49:02.368) Memory.cpp:3200::computeTransform() Missing visual features or missing raw data to compute them. Transform cannot be estimated.[0m
[0m[ INFO] [1790473742.607650439, 1790471670.627243446]: rtabmap (1338): Rate=1.00s, Limit=0.000s, Conversion=0.0020s, RTAB-Map=0.4187s, Maps update=0.0014s pub=0.0001s (local map=1026, WM=1026)[0m
[33m[ WARN] (2026-09-26 21:49:03.356) Memory.cpp:3200::computeTransform() Missing visual features or missing raw data to compute them. Transform cannot be estimated.[0m
[33m[ WARN] (2026-09-26 21:49:03.356) Memory.cpp:3200::computeTransform() Missing visual features or missing raw data to compute them. Transform cannot be estimated.[0m
[33m[ WARN] (2026-09-26 21:49:03.357) Memory.cpp:3200::computeTransform() Missing visual features or missing raw data to compute them. Transform cannot be estimated.[0m
[0m[ INFO] [1790473743.597058097, 1790471671.616785794]: rtabmap (1339): Rate=1.00s, Limit=0.000s, Conversion=0.0023s, RTAB-Map=0.4090s, Maps update=0.0014s pub=0.0001s (local map=1027, WM=1027)[0m
[33m[ WARN] (2026-09-26 21:49:04.447) Memory.cpp:3200::computeTransform() Missing visual features or missing raw data to compute them. Transform cannot be estimated.[0m
[33m[ WARN] (2026-09-26 21:49:04.447) Memory.cpp:3200::computeTransform() Missing visual features or missing raw data to compute them. Transform cannot be estimated.[0m
[33m[ WARN] (2026-09-26 21:49:04.448) Memory.cpp:3200::computeTransform() Missing visual features or missing raw data to compute them. Transform cannot be estimated.[0m
[0m[ INFO] [1790473744.672106136, 1790471672.692561555]: rtabmap (1340): Rate=1.00s, Limit=0.000s, Conversion=0.0013s, RTAB-Map=0.3850s, Maps update=0.0016s pub=0.0001s (local map=1028, WM=1028)[0m
[33m[ WARN] (2026-09-26 21:49:05.458) Memory.cpp:3200::computeTransform() Missing visual features or missing raw data to compute them. Transform cannot be estimated.[0m
[33m[ WARN] (2026-09-26 21:49:05.459) Memory.cpp:3200::computeTransform() Missing visual features or missing raw data to compute them. Transform cannot be estimated.[0m
[33m[ WARN] (2026-09-26 21:49:05.460) Memory.cpp:3200::computeTransform() Missing visual features or missing raw data to compute them. Transform cannot be estimated.[0m
[0m[ INFO] [1790473745.707618489, 1790471673.733175702]: rtabmap (1341): Rate=1.00s, Limit=0.000s, Conversion=0.0010s, RTAB-Map=0.4051s, Maps update=0.0014s pub=0.0001s (local map=1029, WM=1029)[0m
[33m[ WARN] (2026-09-26 21:49:06.540) Memory.cpp:3200::computeTransform() Missing visual features or missing raw data to compute them. Transform cannot be estimated.[0m
[33m[ WARN] (2026-09-26 21:49:06.541) Memory.cpp:3200::computeTransform() Missing visual features or missing raw data to compute them. Transform cannot be estimated.[0m
[33m[ WARN] (2026-09-26 21:49:06.541) Memory.cpp:3200::computeTransform() Missing visual features or missing raw data to compute them. Transform cannot be estimated.[0m
[0m[ INFO] [1790473746.770247098, 1790471674.792031302]: rtabmap (1342): Rate=1.00s, Limit=0.000s, Conversion=0.0010s, RTAB-Map=0.3875s, Maps update=0.0016s pub=0.0001s (local map=1030, WM=1030)[0m
[33m[ WARN] (2026-09-26 21:49:07.564) Memory.cpp:3200::computeTransform() Missing visual features or missing raw data to compute them. Transform cannot be estimated.[0m
[33m[ WARN] (2026-09-26 21:49:07.564) Memory.cpp:3200::computeTransform() Missing visual features or missing raw data to compute them. Transform cannot be estimated.[0m
[33m[ WARN] (2026-09-26 21:49:07.565) Memory.cpp:3200::computeTransform() Missing visual features or missing raw data to compute them. Transform cannot be estimated.[0m
[0m[ INFO] [1790473747.797500490, 1790471675.813602092]: rtabmap (1343): Rate=1.00s, Limit=0.000s, Conversion=0.0015s, RTAB-Map=0.4025s, Maps update=0.0015s pub=0.0001s (local map=1031, WM=1031)[0m
[33m[ WARN] (2026-09-26 21:49:08.665) Memory.cpp:3200::computeTransform() Missing visual features or missing raw data to compute them. Transform cannot be estimated.[0m
[33m[ WARN] (2026-09-26 21:49:08.665) Memory.cpp:3200::computeTransform() Missing visual features or missing raw data to compute them. Transform cannot be estimated.[0m
[33m[ WARN] (2026-09-26 21:49:08.666) Memory.cpp:3200::computeTransform() Missing visual features or missing raw data to compute them. Transform cannot be estimated.[0m
[0m[ INFO] [1790473748.898645278, 1790471676.915720941]: rtabmap (1344): Rate=1.00s, Limit=0.000s, Conversion=0.0016s, RTAB-Map=0.4106s, Maps update=0.0017s pub=0.0001s (local map=1032, WM=1032)[0m
[33m[ WARN] (2026-09-26 21:49:09.751) Memory.cpp:3200::computeTransform() Missing visual features or missing raw data to compute them. Transform cannot be estimated.[0m
[33m[ WARN] (2026-09-26 21:49:09.751) Memory.cpp:3200::computeTransform() Missing visual features or missing raw data to compute them. Transform cannot be estimated.[0m
[33m[ WARN] (2026-09-26 21:49:09.752) Memory.cpp:3200::computeTransform() Missing visual features or missing raw data to compute them. Transform cannot be estimated.[0m
[0m[ INFO] [1790473749.992436880, 1790471678.010797199]: rtabmap (1345): Rate=1.00s, Limit=0.000s, Conversion=0.0009s, RTAB-Map=0.4039s, Maps update=0.0016s pub=0.0001s (local map=1033, WM=1033)[0m
[33m[ WARN] (2026-09-26 21:49:10.861) Memory.cpp:3200::computeTransform() Missing visual features or missing raw data to compute them. Transform cannot be estimated.[0m
[33m[ WARN] (2026-09-26 21:49:10.862) Memory.cpp:3200::computeTransform() Missing visual features or missing raw data to compute them. Transform cannot be estimated.[0m
[33m[ WARN] (2026-09-26 21:49:10.862) Memory.cpp:3200::computeTransform() Missing visual features or missing raw data to compute them. Transform cannot be estimated.[0m
[0m[ INFO] [1790473751.085893467, 1790471679.102164191]: rtabmap (1346): Rate=1.00s, Limit=0.000s, Conversion=0.0015s, RTAB-Map=0.3973s, Maps update=0.0015s pub=0.0001s (local map=1034, WM=1034)[0m
[33m[ WARN] (2026-09-26 21:49:11.960) Memory.cpp:3200::computeTransform() Missing visual features or missing raw data to compute them. Transform cannot be estimated.[0m
[33m[ WARN] (2026-09-26 21:49:11.961) Memory.cpp:3200::computeTransform() Missing visual features or missing raw data to compute them. Transform cannot be estimated.[0m
[33m[ WARN] (2026-09-26 21:49:11.961) Memory.cpp:3200::computeTransform() Missing visual features or missing raw data to compute them. Transform cannot be estimated.[0m
[0m[ INFO] [1790473752.191278399, 1790471680.215399626]: rtabmap (1347): Rate=1.00s, Limit=0.000s, Conversion=0.0013s, RTAB-Map=0.3968s, Maps update=0.0015s pub=0.0001s (local map=1035, WM=1035)[0m
[33m[ WARN] (2026-09-26 21:49:12.968) Memory.cpp:3200::computeTransform() Missing visual features or missing raw data to compute them. Transform cannot be estimated.[0m
[33m[ WARN] (2026-09-26 21:49:12.968) Memory.cpp:3200::computeTransform() Missing visual features or missing raw data to compute them. Transform cannot be estimated.[0m
[33m[ WARN] (2026-09-26 21:49:12.969) Memory.cpp:3200::computeTransform() Missing visual features or missing raw data to compute them. Transform cannot be estimated.[0m
[0m[ INFO] [1790473753.299632776, 1790471681.315606312]: rtabmap (1348): Rate=1.00s, Limit=0.000s, Conversion=0.0013s, RTAB-Map=0.4987s, Maps update=0.0015s pub=0.0001s (local map=1036, WM=1036)[0m
[33m[ WARN] (2026-09-26 21:49:14.062) Memory.cpp:3200::computeTransform() Missing visual features or missing raw data to compute them. Transform cannot be estimated.[0m
[33m[ WARN] (2026-09-26 21:49:14.062) Memory.cpp:3200::computeTransform() Missing visual features or missing raw data to compute them. Transform cannot be estimated.[0m
[33m[ WARN] (2026-09-26 21:49:14.063) Memory.cpp:3200::computeTransform() Missing visual features or missing raw data to compute them. Transform cannot be estimated.[0m
[0m[ INFO] [1790473754.334382157, 1790471682.357687214]: rtabmap (1349): Rate=1.00s, Limit=0.000s, Conversion=0.0014s, RTAB-Map=0.4431s, Maps update=0.0015s pub=0.0001s (local map=1037, WM=1037)[0m
[33m[ WARN] (2026-09-26 21:49:15.150) Memory.cpp:3200::computeTransform() Missing visual features or missing raw data to compute them. Transform cannot be estimated.[0m
[33m[ WARN] (2026-09-26 21:49:15.151) Memory.cpp:3200::computeTransform() Missing visual features or missing raw data to compute them. Transform cannot be estimated.[0m
[33m[ WARN] (2026-09-26 21:49:15.161) Memory.cpp:3200::computeTransform() Missing visual features or missing raw data to compute them. Transform cannot be estimated.[0m
[0m[ INFO] [1790473755.389162134, 1790471683.407996412]: rtabmap (1350): Rate=1.00s, Limit=0.000s, Conversion=0.0014s, RTAB-Map=0.4070s, Maps update=0.0017s pub=0.0001s (local map=1038, WM=1038)[0m
[33m[ WARN] (2026-09-26 21:49:16.250) Memory.cpp:3200::computeTransform() Missing visual features or missing raw data to compute them. Transform cannot be estimated.[0m
[33m[ WARN] (2026-09-26 21:49:16.250) Memory.cpp:3200::computeTransform() Missing visual features or missing raw data to compute them. Transform cannot be estimated.[0m
[33m[ WARN] (2026-09-26 21:49:16.260) Memory.cpp:3200::computeTransform() Missing visual features or missing raw data to compute them. Transform cannot be estimated.[0m
[0m[ INFO] [1790473756.499586259, 1790471684.518735357]: rtabmap (1351): Rate=1.00s, Limit=0.000s, Conversion=0.0013s, RTAB-Map=0.4174s, Maps update=0.0015s pub=0.0001s (local map=1039, WM=1039)[0m
[33m[ WARN] (2026-09-26 21:49:17.253) Memory.cpp:3200::computeTransform() Missing visual features or missing raw data to compute them. Transform cannot be estimated.[0m
[33m[ WARN] (2026-09-26 21:49:17.254) Memory.cpp:3200::computeTransform() Missing visual features or missing raw data to compute them. Transform cannot be estimated.[0m
[33m[ WARN] (2026-09-26 21:49:17.254) Memory.cpp:3200::computeTransform() Missing visual features or missing raw data to compute them. Transform cannot be estimated.[0m
[0m[ INFO] [1790473757.512851290, 1790471685.529665574]: rtabmap (1352): Rate=1.00s, Limit=0.000s, Conversion=0.0021s, RTAB-Map=0.4378s, Maps update=0.0017s pub=0.0001s (local map=1040, WM=1040)[0m
[33m[ WARN] (2026-09-26 21:49:18.344) Memory.cpp:3200::computeTransform() Missing visual features or missing raw data to compute them. Transform cannot be estimated.[0m
[33m[ WARN] (2026-09-26 21:49:18.345) Memory.cpp:3200::computeTransform() Missing visual features or missing raw data to compute them. Transform cannot be estimated.[0m
[33m[ WARN] (2026-09-26 21:49:18.345) Memory.cpp:3200::computeTransform() Missing visual features or missing raw data to compute them. Transform cannot be estimated.[0m
[0m[ INFO] [1790473758.628799067, 1790471686.647776195]: rtabmap (1353): Rate=1.00s, Limit=0.000s, Conversion=0.0009s, RTAB-Map=0.4539s, Maps update=0.0019s pub=0.0001s (local map=1041, WM=1041)[0m
[33m[ WARN] (2026-09-26 21:49:19.438) Memory.cpp:3200::computeTransform() Missing visual features or missing raw data to compute them. Transform cannot be estimated.[0m
[33m[ WARN] (2026-09-26 21:49:19.439) Memory.cpp:3200::computeTransform() Missing visual features or missing raw data to compute them. Transform cannot be estimated.[0m
[33m[ WARN] (2026-09-26 21:49:19.439) Memory.cpp:3200::computeTransform() Missing visual features or missing raw data to compute them. Transform cannot be estimated.[0m
[0m[ INFO] [1790473759.687193803, 1790471687.707988266]: rtabmap (1354): Rate=1.00s, Limit=0.000s, Conversion=0.0014s, RTAB-Map=0.4068s, Maps update=0.0017s pub=0.0001s (local map=1042, WM=1042)[0m
Warning: TF_REPEATED_DATA ignoring data with redundant timestamp for frame odom (parent map) at time 1790471687.962313 according to authority unknown_publisher
         at line 278 in /tmp/binarydeb/ros-noetic-tf2-0.7.7/src/buffer_core.cpp
Warning: TF_REPEATED_DATA ignoring data with redundant timestamp for frame odom (parent map) at time 1790471687.962313 according to authority /rtabmap/rtabmap
         at line 278 in /tmp/binarydeb/ros-noetic-tf2-0.7.7/src/buffer_core.cpp
[33m[ WARN] [1790473759.842532373, 1790471687.862312999]: TF_REPEATED_DATA ignoring data with redundant timestamp for frame odom (parent map) at time 1790471687.962313 according to authority unknown_publisher[0m
[33m[ WARN] (2026-09-26 21:49:20.447) Memory.cpp:3200::computeTransform() Missing visual features or missing raw data to compute them. Transform cannot be estimated.[0m
[33m[ WARN] (2026-09-26 21:49:20.447) Memory.cpp:3200::computeTransform() Missing visual features or missing raw data to compute them. Transform cannot be estimated.[0m
[33m[ WARN] (2026-09-26 21:49:20.448) Memory.cpp:3200::computeTransform() Missing visual features or missing raw data to compute them. Transform cannot be estimated.[0m
[0m[ INFO] [1790473760.698632852, 1790471688.719063278]: rtabmap (1355): Rate=1.00s, Limit=0.000s, Conversion=0.0008s, RTAB-Map=0.4251s, Maps update=0.0017s pub=0.0001s (local map=1043, WM=1043)[0m
[33m[ WARN] (2026-09-26 21:49:21.545) Memory.cpp:3200::computeTransform() Missing visual features or missing raw data to compute them. Transform cannot be estimated.[0m
[33m[ WARN] (2026-09-26 21:49:21.546) Memory.cpp:3200::computeTransform() Missing visual features or missing raw data to compute them. Transform cannot be estimated.[0m
[33m[ WARN] (2026-09-26 21:49:21.546) Memory.cpp:3200::computeTransform() Missing visual features or missing raw data to compute them. Transform cannot be estimated.[0m
[0m[ INFO] [1790473761.793660445, 1790471689.815426601]: rtabmap (1356): Rate=1.00s, Limit=0.000s, Conversion=0.0013s, RTAB-Map=0.4086s, Maps update=0.0015s pub=0.0001s (local map=1044, WM=1044)[0m
[33m[ WARN] (2026-09-26 21:49:22.674) Memory.cpp:3200::computeTransform() Missing visual features or missing raw data to compute them. Transform cannot be estimated.[0m
[33m[ WARN] (2026-09-26 21:49:22.675) Memory.cpp:3200::computeTransform() Missing visual features or missing raw data to compute them. Transform cannot be estimated.[0m
[33m[ WARN] (2026-09-26 21:49:22.676) Memory.cpp:3200::computeTransform() Missing visual features or missing raw data to compute them. Transform cannot be estimated.[0m
[0m[ INFO] [1790473762.918394183, 1790471690.936254848]: rtabmap (1357): Rate=1.00s, Limit=0.000s, Conversion=0.0015s, RTAB-Map=0.4276s, Maps update=0.0018s pub=0.0001s (local map=1045, WM=1045)[0m
[33m[ WARN] (2026-09-26 21:49:23.662) Memory.cpp:3200::computeTransform() Missing visual features or missing raw data to compute them. Transform cannot be estimated.[0m
[33m[ WARN] (2026-09-26 21:49:23.662) Memory.cpp:3200::computeTransform() Missing visual features or missing raw data to compute them. Transform cannot be estimated.[0m
[33m[ WARN] (2026-09-26 21:49:23.663) Memory.cpp:3200::computeTransform() Missing visual features or missing raw data to compute them. Transform cannot be estimated.[0m
[0m[ INFO] [1790473764.022821318, 1790471692.040368188]: rtabmap (1358): Rate=1.00s, Limit=0.000s, Conversion=0.0014s, RTAB-Map=0.5298s, Maps update=0.0016s pub=0.0001s (local map=1046, WM=1046)[0m
[33m[ WARN] (2026-09-26 21:49:24.650) Memory.cpp:3200::computeTransform() Missing visual features or missing raw data to compute them. Transform cannot be estimated.[0m
[33m[ WARN] (2026-09-26 21:49:24.650) Memory.cpp:3200::computeTransform() Missing visual features or missing raw data to compute them. Transform cannot be estimated.[0m
[33m[ WARN] (2026-09-26 21:49:24.651) Memory.cpp:3200::computeTransform() Missing visual features or missing raw data to compute them. Transform cannot be estimated.[0m
[0m[ INFO] [1790473764.935628065, 1790471692.961106782]: rtabmap (1359): Rate=1.00s, Limit=0.000s, Conversion=0.0010s, RTAB-Map=0.4482s, Maps update=0.0014s pub=0.0001s (local map=1047, WM=1047)[0m
[33m[ WARN] (2026-09-26 21:49:25.745) Memory.cpp:3200::computeTransform() Missing visual features or missing raw data to compute them. Transform cannot be estimated.[0m
[33m[ WARN] (2026-09-26 21:49:25.746) Memory.cpp:3200::computeTransform() Missing visual features or missing raw data to compute them. Transform cannot be estimated.[0m
[33m[ WARN] (2026-09-26 21:49:25.746) Memory.cpp:3200::computeTransform() Missing visual features or missing raw data to compute them. Transform cannot be estimated.[0m
[0m[ INFO] [1790473766.109141633, 1790471694.125086561]: rtabmap (1360): Rate=1.00s, Limit=0.000s, Conversion=0.0013s, RTAB-Map=0.5218s, Maps update=0.0026s pub=0.0001s (local map=1048, WM=1048)[0m
[0m[ INFO] [1790473766.963299868, 1790471694.982358213]: rtabmap (1361): Rate=1.00s, Limit=0.000s, Conversion=0.0014s, RTAB-Map=0.3860s, Maps update=0.0016s pub=0.0001s (local map=1048, WM=1048)[0m
[0m[ INFO] [1790473767.986731155, 1790471696.012382930]: rtabmap (1362): Rate=1.00s, Limit=0.000s, Conversion=0.0014s, RTAB-Map=0.3840s, Maps update=0.0016s pub=0.0001s (local map=1048, WM=1048)[0m
[0m[ INFO] [1790473769.071863245, 1790471697.090599953]: rtabmap (1363): Rate=1.00s, Limit=0.000s, Conversion=0.0015s, RTAB-Map=0.3839s, Maps update=0.0017s pub=0.0001s (local map=1048, WM=1048)[0m
[0m[ INFO] [1790473770.197349105, 1790471698.213785400]: rtabmap (1364): Rate=1.00s, Limit=0.000s, Conversion=0.0014s, RTAB-Map=0.4042s, Maps update=0.0023s pub=0.0001s (local map=1048, WM=1048)[0m
[0m[ INFO] [1790473771.172462893, 1790471699.192481219]: rtabmap (1365): Rate=1.00s, Limit=0.000s, Conversion=0.0015s, RTAB-Map=0.3787s, Maps update=0.0017s pub=0.0001s (local map=1048, WM=1048)[0m
[0m[ INFO] [1790473772.204356139, 1790471700.220787154]: rtabmap (1366): Rate=1.00s, Limit=0.000s, Conversion=0.0016s, RTAB-Map=0.3949s, Maps update=0.0017s pub=0.0001s (local map=1048, WM=1048)[0m
[0m[ INFO] [1790473773.280266275, 1790471701.301933038]: rtabmap (1367): Rate=1.00s, Limit=0.000s, Conversion=0.0015s, RTAB-Map=0.3873s, Maps update=0.0019s pub=0.0001s (local map=1048, WM=1048)[0m
[0m[ INFO] [1790473774.286857651, 1790471702.312494802]: rtabmap (1368): Rate=1.00s, Limit=0.000s, Conversion=0.0014s, RTAB-Map=0.3964s, Maps update=0.0016s pub=0.0001s (local map=1048, WM=1048)[0m
[33m[ WARN] (2026-09-26 21:49:35.162) Memory.cpp:3200::computeTransform() Missing visual features or missing raw data to compute them. Transform cannot be estimated.[0m
[33m[ WARN] (2026-09-26 21:49:35.162) Memory.cpp:3200::computeTransform() Missing visual features or missing raw data to compute them. Transform cannot be estimated.[0m
[33m[ WARN] (2026-09-26 21:49:35.163) Memory.cpp:3200::computeTransform() Missing visual features or missing raw data to compute them. Transform cannot be estimated.[0m
[0m[ INFO] [1790473775.486469970, 1790471703.506228292]: rtabmap (1369): Rate=1.00s, Limit=0.000s, Conversion=0.0015s, RTAB-Map=0.4994s, Maps update=0.0014s pub=0.0001s (local map=1049, WM=1049)[0m
[33m[ WARN] (2026-09-26 21:49:36.162) Memory.cpp:3200::computeTransform() Missing visual features or missing raw data to compute them. Transform cannot be estimated.[0m
[33m[ WARN] (2026-09-26 21:49:36.162) Memory.cpp:3200::computeTransform() Missing visual features or missing raw data to compute them. Transform cannot be estimated.[0m
[33m[ WARN] (2026-09-26 21:49:36.162) Memory.cpp:3200::computeTransform() Missing visual features or missing raw data to compute them. Transform cannot be estimated.[0m
[0m[ INFO] [1790473776.510361695, 1790471704.530689177]: rtabmap (1370): Rate=1.00s, Limit=0.000s, Conversion=0.0014s, RTAB-Map=0.5232s, Maps update=0.0014s pub=0.0001s (local map=1050, WM=1050)[0m
[33m[ WARN] (2026-09-26 21:49:37.261) Memory.cpp:3200::computeTransform() Missing visual features or missing raw data to compute them. Transform cannot be estimated.[0m
[33m[ WARN] (2026-09-26 21:49:37.261) Memory.cpp:3200::computeTransform() Missing visual features or missing raw data to compute them. Transform cannot be estimated.[0m
[33m[ WARN] (2026-09-26 21:49:37.272) Memory.cpp:3200::computeTransform() Missing visual features or missing raw data to compute them. Transform cannot be estimated.[0m
[0m[ INFO] [1790473777.635967381, 1790471705.652049464]: rtabmap (1371): Rate=1.00s, Limit=0.000s, Conversion=0.0009s, RTAB-Map=0.5334s, Maps update=0.0014s pub=0.0001s (local map=1051, WM=1051)[0m
[33m[ WARN] (2026-09-26 21:49:38.280) Memory.cpp:3200::computeTransform() Missing visual features or missing raw data to compute them. Transform cannot be estimated.[0m
[33m[ WARN] (2026-09-26 21:49:38.281) Memory.cpp:3200::computeTransform() Missing visual features or missing raw data to compute them. Transform cannot be estimated.[0m
[33m[ WARN] (2026-09-26 21:49:38.282) Memory.cpp:3200::computeTransform() Missing visual features or missing raw data to compute them. Transform cannot be estimated.[0m
[0m[ INFO] [1790473778.652413598, 1790471706.675505211]: rtabmap (1372): Rate=1.00s, Limit=0.000s, Conversion=0.0013s, RTAB-Map=0.5547s, Maps update=0.0014s pub=0.0001s (local map=1052, WM=1052)[0m
[33m[ WARN] (2026-09-26 21:49:39.239) Memory.cpp:3200::computeTransform() Missing visual features or missing raw data to compute them. Transform cannot be estimated.[0m
[33m[ WARN] (2026-09-26 21:49:39.239) Memory.cpp:3200::computeTransform() Missing visual features or missing raw data to compute them. Transform cannot be estimated.[0m
[33m[ WARN] (2026-09-26 21:49:39.249) Memory.cpp:3200::computeTransform() Missing visual features or missing raw data to compute them. Transform cannot be estimated.[0m
[0m[ INFO] [1790473779.592590724, 1790471707.613245698]: rtabmap (1373): Rate=1.00s, Limit=0.000s, Conversion=0.0015s, RTAB-Map=0.5116s, Maps update=0.0015s pub=0.0001s (local map=1053, WM=1053)[0m
[33m[ WARN] (2026-09-26 21:49:40.269) Memory.cpp:3200::computeTransform() Missing visual features or missing raw data to compute them. Transform cannot be estimated.[0m
[33m[ WARN] (2026-09-26 21:49:40.269) Memory.cpp:3200::computeTransform() Missing visual features or missing raw data to compute them. Transform cannot be estimated.[0m
[33m[ WARN] (2026-09-26 21:49:40.269) Memory.cpp:3200::computeTransform() Missing visual features or missing raw data to compute them. Transform cannot be estimated.[0m
[0m[ INFO] [1790473780.608673380, 1790471708.625101035]: rtabmap (1374): Rate=1.00s, Limit=0.000s, Conversion=0.0014s, RTAB-Map=0.5174s, Maps update=0.0017s pub=0.0001s (local map=1053, WM=1053)[0m
[33m[ WARN] (2026-09-26 21:49:41.354) Memory.cpp:3200::computeTransform() Missing visual features or missing raw data to compute them. Transform cannot be estimated.[0m
[33m[ WARN] (2026-09-26 21:49:41.354) Memory.cpp:3200::computeTransform() Missing visual features or missing raw data to compute them. Transform cannot be estimated.[0m
[33m[ WARN] (2026-09-26 21:49:41.354) Memory.cpp:3200::computeTransform() Missing visual features or missing raw data to compute them. Transform cannot be estimated.[0m
[0m[ INFO] [1790473781.616215730, 1790471709.634600499]: rtabmap (1375): Rate=1.00s, Limit=0.000s, Conversion=0.0014s, RTAB-Map=0.4307s, Maps update=0.0015s pub=0.0001s (local map=1054, WM=1054)[0m
[0m[ INFO] [1790473782.635041042, 1790471710.657029377]: rtabmap (1376): Rate=1.00s, Limit=0.000s, Conversion=0.0015s, RTAB-Map=0.3500s, Maps update=0.0016s pub=0.0001s (local map=1054, WM=1054)[0m
[0m[ INFO] [1790473783.624744821, 1790471711.649232325]: rtabmap (1377): Rate=1.00s, Limit=0.000s, Conversion=0.0013s, RTAB-Map=0.3368s, Maps update=0.0014s pub=0.0001s (local map=1054, WM=1054)[0m
[33m[ WARN] (2026-09-26 21:49:44.461) Memory.cpp:3200::computeTransform() Missing visual features or missing raw data to compute them. Transform cannot be estimated.[0m
[33m[ WARN] (2026-09-26 21:49:44.462) Memory.cpp:3200::computeTransform() Missing visual features or missing raw data to compute them. Transform cannot be estimated.[0m
[33m[ WARN] (2026-09-26 21:49:44.462) Memory.cpp:3200::computeTransform() Missing visual features or missing raw data to compute them. Transform cannot be estimated.[0m
[0m[ INFO] [1790473784.721111553, 1790471712.740144234]: rtabmap (1378): Rate=1.00s, Limit=0.000s, Conversion=0.0015s, RTAB-Map=0.4333s, Maps update=0.0013s pub=0.0001s (local map=1055, WM=1055)[0m
[33m[ WARN] (2026-09-26 21:49:45.564) Memory.cpp:3200::computeTransform() Missing visual features or missing raw data to compute them. Transform cannot be estimated.[0m
[33m[ WARN] (2026-09-26 21:49:45.566) Memory.cpp:3200::computeTransform() Missing visual features or missing raw data to compute them. Transform cannot be estimated.[0m
[33m[ WARN] (2026-09-26 21:49:45.566) Memory.cpp:3200::computeTransform() Missing visual features or missing raw data to compute them. Transform cannot be estimated.[0m
[0m[ INFO] [1790473785.857335632, 1790471713.881709183]: rtabmap (1379): Rate=1.00s, Limit=0.000s, Conversion=0.0009s, RTAB-Map=0.4623s, Maps update=0.0015s pub=0.0001s (local map=1056, WM=1056)[0m
[33m[ WARN] (2026-09-26 21:49:46.570) Memory.cpp:3200::computeTransform() Missing visual features or missing raw data to compute them. Transform cannot be estimated.[0m
[33m[ WARN] (2026-09-26 21:49:46.571) Memory.cpp:3200::computeTransform() Missing visual features or missing raw data to compute them. Transform cannot be estimated.[0m
[33m[ WARN] (2026-09-26 21:49:46.571) Memory.cpp:3200::computeTransform() Missing visual features or missing raw data to compute them. Transform cannot be estimated.[0m
[0m[ INFO] [1790473786.893452361, 1790471714.912126637]: rtabmap (1380): Rate=1.00s, Limit=0.000s, Conversion=0.0025s, RTAB-Map=0.5066s, Maps update=0.0028s pub=0.0001s (local map=1057, WM=1057)[0m
Warning: TF_REPEATED_DATA ignoring data with redundant timestamp for frame odom (parent map) at time 1790471715.168551 according to authority unknown_publisher
         at line 278 in /tmp/binarydeb/ros-noetic-tf2-0.7.7/src/buffer_core.cpp
[33m[ WARN] [1790473787.044072014, 1790471715.068550750]: TF_REPEATED_DATA ignoring data with redundant timestamp for frame odom (parent map) at time 1790471715.168551 according to authority unknown_publisher[0m
Warning: TF_REPEATED_DATA ignoring data with redundant timestamp for frame odom (parent map) at time 1790471715.168551 according to authority /rtabmap/rtabmap
         at line 278 in /tmp/binarydeb/ros-noetic-tf2-0.7.7/src/buffer_core.cpp
[33m[ WARN] [1790473794.982778758, 1790471723.007378327]: We are receiving imu data (buffer=1000), but cannot interpolate imu transform at time 1790471722.967113. IMU won't be added to graph.[0m
[33m[ WARN] [1790473797.088142623, 1790471725.104594599]: We are receiving imu data (buffer=1000), but cannot interpolate imu transform at time 1790471725.064377. IMU won't be added to graph.[0m
[33m[ WARN] (2026-09-26 21:49:47.651) Memory.cpp:3200::computeTransform() Missing visual features or missing raw data to compute them. Transform cannot be estimated.[0m
[33m[ WARN] (2026-09-26 21:49:47.652) Memory.cpp:3200::computeTransform() Missing visual features or missing raw data to compute them. Transform cannot be estimated.[0m
[33m[ WARN] (2026-09-26 21:49:47.652) Memory.cpp:3200::computeTransform() Missing visual features or missing raw data to compute them. Transform cannot be estimated.[0m
[0m[ INFO] [1790473788.088718035, 1790471716.108912587]: rtabmap (1381): Rate=1.00s, Limit=0.000s, Conversion=0.0013s, RTAB-Map=0.6137s, Maps update=0.0016s pub=0.0001s (local map=1058, WM=1058)[0m
[33m[ WARN] (2026-09-26 21:49:48.670) Memory.cpp:3200::computeTransform() Missing visual features or missing raw data to compute them. Transform cannot be estimated.[0m
[33m[ WARN] (2026-09-26 21:49:48.670) Memory.cpp:3200::computeTransform() Missing visual features or missing raw data to compute them. Transform cannot be estimated.[0m
[0m[ INFO] [1790473788.996315617, 1790471717.013795382]: rtabmap (1382): Rate=1.00s, Limit=0.000s, Conversion=0.0015s, RTAB-Map=0.4945s, Maps update=0.0015s pub=0.0001s (local map=1059, WM=1059)[0m
[33m[ WARN] (2026-09-26 21:49:49.689) Memory.cpp:3200::computeTransform() Missing visual features or missing raw data to compute them. Transform cannot be estimated.[0m
[33m[ WARN] (2026-09-26 21:49:49.689) Memory.cpp:3200::computeTransform() Missing visual features or missing raw data to compute them. Transform cannot be estimated.[0m
[0m[ INFO] [1790473789.997174570, 1790471718.014919842]: rtabmap (1383): Rate=1.00s, Limit=0.000s, Conversion=0.0012s, RTAB-Map=0.4965s, Maps update=0.0018s pub=0.0001s (local map=1060, WM=1060)[0m
[33m[ WARN] (2026-09-26 21:49:50.759) Memory.cpp:3200::computeTransform() Missing visual features or missing raw data to compute them. Transform cannot be estimated.[0m
[33m[ WARN] (2026-09-26 21:49:50.760) Memory.cpp:3200::computeTransform() Missing visual features or missing raw data to compute them. Transform cannot be estimated.[0m
[0m[ INFO] [1790473791.082388760, 1790471719.107292013]: rtabmap (1384): Rate=1.00s, Limit=0.000s, Conversion=0.0014s, RTAB-Map=0.4957s, Maps update=0.0021s pub=0.0001s (local map=1061, WM=1061)[0m
[33m[ WARN] (2026-09-26 21:49:51.903) Memory.cpp:3200::computeTransform() Missing visual features or missing raw data to compute them. Transform cannot be estimated.[0m
[33m[ WARN] (2026-09-26 21:49:51.903) Memory.cpp:3200::computeTransform() Missing visual features or missing raw data to compute them. Transform cannot be estimated.[0m
[0m[ INFO] [1790473792.208269492, 1790471720.227261660]: rtabmap (1385): Rate=1.00s, Limit=0.000s, Conversion=0.0015s, RTAB-Map=0.4712s, Maps update=0.0014s pub=0.0001s (local map=1062, WM=1062)[0m
[33m[ WARN] (2026-09-26 21:49:52.957) Memory.cpp:3200::computeTransform() Missing visual features or missing raw data to compute them. Transform cannot be estimated.[0m
[33m[ WARN] (2026-09-26 21:49:52.958) Memory.cpp:3200::computeTransform() Missing visual features or missing raw data to compute them. Transform cannot be estimated.[0m
[0m[ INFO] [1790473793.318028444, 1790471721.337802734]: rtabmap (1386): Rate=1.00s, Limit=0.000s, Conversion=0.0009s, RTAB-Map=0.5308s, Maps update=0.0021s pub=0.0001s (local map=1063, WM=1063)[0m
[33m[ WARN] (2026-09-26 21:49:54.050) Memory.cpp:3200::computeTransform() Missing visual features or missing raw data to compute them. Transform cannot be estimated.[0m
[33m[ WARN] (2026-09-26 21:49:54.051) Memory.cpp:3200::computeTransform() Missing visual features or missing raw data to compute them. Transform cannot be estimated.[0m
[0m[ INFO] [1790473794.370903647, 1790471722.390120651]: rtabmap (1387): Rate=1.00s, Limit=0.000s, Conversion=0.0017s, RTAB-Map=0.4789s, Maps update=0.0020s pub=0.0002s (local map=1064, WM=1064)[0m
[33m[ WARN] (2026-09-26 21:49:54.982) Transform.cpp:557::getTransform() No transform found for stamp 1790471722.967113! Latest is 1790471722.959678[0m
[33m[ WARN] (2026-09-26 21:49:55.151) Memory.cpp:3200::computeTransform() Missing visual features or missing raw data to compute them. Transform cannot be estimated.[0m
[33m[ WARN] (2026-09-26 21:49:55.151) Memory.cpp:3200::computeTransform() Missing visual features or missing raw data to compute them. Transform cannot be estimated.[0m
[0m[ INFO] [1790473795.290283229, 1790471723.309921005]: rtabmap (1388): Rate=1.00s, Limit=0.000s, Conversion=0.0015s, RTAB-Map=0.3047s, Maps update=0.0023s pub=0.0001s (local map=1065, WM=1065)[0m
[33m[ WARN] (2026-09-26 21:49:56.256) Memory.cpp:3200::computeTransform() Missing visual features or missing raw data to compute them. Transform cannot be estimated.[0m
[33m[ WARN] (2026-09-26 21:49:56.257) Memory.cpp:3200::computeTransform() Missing visual features or missing raw data to compute them. Transform cannot be estimated.[0m
[0m[ INFO] [1790473796.566029832, 1790471724.581445603]: rtabmap (1389): Rate=1.00s, Limit=0.000s, Conversion=0.0014s, RTAB-Map=0.4781s, Maps update=0.0018s pub=0.0001s (local map=1066, WM=1066)[0m
[33m[ WARN] (2026-09-26 21:49:57.087) Transform.cpp:557::getTransform() No transform found for stamp 1790471725.064377! Latest is 1790471725.060294[0m
[33m[ WARN] (2026-09-26 21:49:57.262) Memory.cpp:3200::computeTransform() Missing visual features or missing raw data to compute them. Transform cannot be estimated.[0m
[33m[ WARN] (2026-09-26 21:49:57.262) Memory.cpp:3200::computeTransform() Missing visual features or missing raw data to compute them. Transform cannot be estimated.[0m
[0m[ INFO] [1790473797.386949796, 1790471725.408413901]: rtabmap (1390): Rate=1.00s, Limit=0.000s, Conversion=0.0017s, RTAB-Map=0.2964s, Maps update=0.0019s pub=0.0001s (local map=1067, WM=1067)[0m
[33m[ WARN] (2026-09-26 21:49:58.404) Memory.cpp:3200::computeTransform() Missing visual features or missing raw data to compute them. Transform cannot be estimated.[0m
[33m[ WARN] (2026-09-26 21:49:58.404) Memory.cpp:3200::computeTransform() Missing visual features or missing raw data to compute them. Transform cannot be estimated.[0m
[0m[ INFO] [1790473798.710523256, 1790471726.728833336]: rtabmap (1391): Rate=1.00s, Limit=0.000s, Conversion=0.0012s, RTAB-Map=0.4777s, Maps update=0.0015s pub=0.0001s (local map=1068, WM=1068)[0m
[33m[ WARN] (2026-09-26 21:49:59.460) Memory.cpp:3200::computeTransform() Missing visual features or missing raw data to compute them. Transform cannot be estimated.[0m
[33m[ WARN] (2026-09-26 21:49:59.460) Memory.cpp:3200::computeTransform() Missing visual features or missing raw data to compute them. Transform cannot be estimated.[0m
[0m[ INFO] [1790473799.759279452, 1790471727.778745771]: rtabmap (1392): Rate=1.00s, Limit=0.000s, Conversion=0.0009s, RTAB-Map=0.4547s, Maps update=0.0017s pub=0.0001s (local map=1069, WM=1069)[0m
[33m[ WARN] (2026-09-26 21:50:00.544) Memory.cpp:3200::computeTransform() Missing visual features or missing raw data to compute them. Transform cannot be estimated.[0m
[33m[ WARN] (2026-09-26 21:50:00.544) Memory.cpp:3200::computeTransform() Missing visual features or missing raw data to compute them. Transform cannot be estimated.[0m
[0m[ INFO] [1790473800.836274476, 1790471728.858120826]: rtabmap (1393): Rate=1.00s, Limit=0.000s, Conversion=0.0018s, RTAB-Map=0.4467s, Maps update=0.0019s pub=0.0001s (local map=1070, WM=1070)[0m
[33m[ WARN] (2026-09-26 21:50:01.538) Memory.cpp:3200::computeTransform() Missing visual features or missing raw data to compute them. Transform cannot be estimated.[0m
[33m[ WARN] (2026-09-26 21:50:01.538) Memory.cpp:3200::computeTransform() Missing visual features or missing raw data to compute them. Transform cannot be estimated.[0m
[0m[ INFO] [1790473801.862019489, 1790471729.884047569]: rtabmap (1394): Rate=1.00s, Limit=0.000s, Conversion=0.0010s, RTAB-Map=0.4769s, Maps update=0.0015s pub=0.0001s (local map=1071, WM=1071)[0m
[33m[ WARN] (2026-09-26 21:50:02.646) Memory.cpp:3200::computeTransform() Missing visual features or missing raw data to compute them. Transform cannot be estimated.[0m
[33m[ WARN] (2026-09-26 21:50:02.647) Memory.cpp:3200::computeTransform() Missing visual features or missing raw data to compute them. Transform cannot be estimated.[0m
[0m[ INFO] [1790473802.960551781, 1790471730.979248842]: rtabmap (1395): Rate=1.00s, Limit=0.000s, Conversion=0.0010s, RTAB-Map=0.4685s, Maps update=0.0016s pub=0.0001s (local map=1072, WM=1072)[0m
[33m[ WARN] (2026-09-26 21:50:03.680) Memory.cpp:3200::computeTransform() Missing visual features or missing raw data to compute them. Transform cannot be estimated.[0m
[33m[ WARN] (2026-09-26 21:50:03.680) Memory.cpp:3200::computeTransform() Missing visual features or missing raw data to compute them. Transform cannot be estimated.[0m
[0m[ INFO] [1790473803.992736330, 1790471732.012697375]: rtabmap (1396): Rate=1.00s, Limit=0.000s, Conversion=0.0015s, RTAB-Map=0.4971s, Maps update=0.0015s pub=0.0001s (local map=1073, WM=1073)[0m
[33m[ WARN] (2026-09-26 21:50:04.746) Memory.cpp:3200::computeTransform() Missing visual features or missing raw data to compute them. Transform cannot be estimated.[0m
[33m[ WARN] (2026-09-26 21:50:04.747) Memory.cpp:3200::computeTransform() Missing visual features or missing raw data to compute them. Transform cannot be estimated.[0m
[0m[ INFO] [1790473805.100957190, 1790471733.124060548]: rtabmap (1397): Rate=1.00s, Limit=0.000s, Conversion=0.0009s, RTAB-Map=0.5033s, Maps update=0.0016s pub=0.0001s (local map=1074, WM=1074)[0m
Warning: TF_REPEATED_DATA ignoring data with redundant timestamp for frame odom (parent map) at time 1790471733.375541 according to authority unknown_publisher
         at line 278 in /tmp/binarydeb/ros-noetic-tf2-0.7.7/src/buffer_core.cpp
Warning: TF_REPEATED_DATA ignoring data with redundant timestamp for frame odom (parent map) at time 1790471733.375541 according to authority /rtabmap/rtabmap
         at line 278 in /tmp/binarydeb/ros-noetic-tf2-0.7.7/src/buffer_core.cpp
[33m[ WARN] [1790473805.251965099, 1790471733.275541071]: TF_REPEATED_DATA ignoring data with redundant timestamp for frame odom (parent map) at time 1790471733.375541 according to authority unknown_publisher[0m
[33m[ WARN] [1790473810.873295206, 1790471738.891132992]: We are receiving imu data (buffer=1000), but cannot interpolate imu transform at time 1790471738.860972. IMU won't be added to graph.[0m
[33m[ WARN] (2026-09-26 21:50:05.869) Memory.cpp:3200::computeTransform() Missing visual features or missing raw data to compute them. Transform cannot be estimated.[0m
[33m[ WARN] (2026-09-26 21:50:05.870) Memory.cpp:3200::computeTransform() Missing visual features or missing raw data to compute them. Transform cannot be estimated.[0m
[0m[ INFO] [1790473806.193886842, 1790471734.215953099]: rtabmap (1398): Rate=1.00s, Limit=0.000s, Conversion=0.0010s, RTAB-Map=0.5021s, Maps update=0.0016s pub=0.0001s (local map=1075, WM=1075)[0m
[33m[ WARN] (2026-09-26 21:50:06.848) Memory.cpp:3200::computeTransform() Missing visual features or missing raw data to compute them. Transform cannot be estimated.[0m
[33m[ WARN] (2026-09-26 21:50:06.848) Memory.cpp:3200::computeTransform() Missing visual features or missing raw data to compute them. Transform cannot be estimated.[0m
[0m[ INFO] [1790473807.146878327, 1790471735.166834348]: rtabmap (1399): Rate=1.00s, Limit=0.000s, Conversion=0.0013s, RTAB-Map=0.4538s, Maps update=0.0015s pub=0.0001s (local map=1076, WM=1076)[0m
[33m[ WARN] (2026-09-26 21:50:07.974) Memory.cpp:3200::computeTransform() Missing visual features or missing raw data to compute them. Transform cannot be estimated.[0m
[33m[ WARN] (2026-09-26 21:50:07.975) Memory.cpp:3200::computeTransform() Missing visual features or missing raw data to compute them. Transform cannot be estimated.[0m
[0m[ INFO] [1790473808.282056747, 1790471736.307817771]: rtabmap (1400): Rate=1.00s, Limit=0.000s, Conversion=0.0015s, RTAB-Map=0.4797s, Maps update=0.0026s pub=0.0001s (local map=1077, WM=1077)[0m
[33m[ WARN] (2026-09-26 21:50:09.078) Memory.cpp:3200::computeTransform() Missing visual features or missing raw data to compute them. Transform cannot be estimated.[0m
[33m[ WARN] (2026-09-26 21:50:09.079) Memory.cpp:3200::computeTransform() Missing visual features or missing raw data to compute them. Transform cannot be estimated.[0m
[0m[ INFO] [1790473809.396725746, 1790471737.418432094]: rtabmap (1401): Rate=1.00s, Limit=0.000s, Conversion=0.0014s, RTAB-Map=0.4936s, Maps update=0.0016s pub=0.0001s (local map=1078, WM=1078)[0m
[33m[ WARN] (2026-09-26 21:50:10.034) Memory.cpp:3200::computeTransform() Missing visual features or missing raw data to compute them. Transform cannot be estimated.[0m
[0m[ INFO] [1790473810.359667242, 1790471738.375793454]: rtabmap (1402): Rate=1.00s, Limit=0.000s, Conversion=0.0013s, RTAB-Map=0.4835s, Maps update=0.0014s pub=0.0001s (local map=1079, WM=1079)[0m
[33m[ WARN] (2026-09-26 21:50:10.873) Transform.cpp:557::getTransform() No transform found for stamp 1790471738.860972! Latest is 1790471738.855750[0m
[33m[ WARN] (2026-09-26 21:50:11.036) Memory.cpp:3200::computeTransform() Missing visual features or missing raw data to compute them. Transform cannot be estimated.[0m
[0m[ INFO] [1790473811.142676263, 1790471739.162971904]: rtabmap (1403): Rate=1.00s, Limit=0.000s, Conversion=0.0011s, RTAB-Map=0.2673s, Maps update=0.0017s pub=0.0001s (local map=1080, WM=1080)[0m
[33m[ WARN] (2026-09-26 21:50:12.155) Memory.cpp:3200::computeTransform() Missing visual features or missing raw data to compute them. Transform cannot be estimated.[0m
[0m[ INFO] [1790473812.465490128, 1790471740.489326935]: rtabmap (1404): Rate=1.00s, Limit=0.000s, Conversion=0.0015s, RTAB-Map=0.4770s, Maps update=0.0014s pub=0.0001s (local map=1081, WM=1081)[0m
[33m[ WARN] (2026-09-26 21:50:13.136) Memory.cpp:3200::computeTransform() Missing visual features or missing raw data to compute them. Transform cannot be estimated.[0m
[0m[ INFO] [1790473813.446631214, 1790471741.468712735]: rtabmap (1405): Rate=1.00s, Limit=0.000s, Conversion=0.0010s, RTAB-Map=0.4597s, Maps update=0.0018s pub=0.0001s (local map=1081, WM=1081)[0m
[33m[ WARN] (2026-09-26 21:50:14.146) Memory.cpp:3200::computeTransform() Missing visual features or missing raw data to compute them. Transform cannot be estimated.[0m
[0m[ INFO] [1790473814.439469250, 1790471742.457150842]: rtabmap (1406): Rate=1.00s, Limit=0.000s, Conversion=0.0009s, RTAB-Map=0.4468s, Maps update=0.0017s pub=0.0001s (local map=1081, WM=1081)[0m
[33m[ WARN] (2026-09-26 21:50:15.237) Memory.cpp:3200::computeTransform() Missing visual features or missing raw data to compute them. Transform cannot be estimated.[0m
[0m[ INFO] [1790473815.534801059, 1790471743.555477378]: rtabmap (1407): Rate=1.00s, Limit=0.000s, Conversion=0.0009s, RTAB-Map=0.4541s, Maps update=0.0016s pub=0.0001s (local map=1082, WM=1082)[0m
[33m[ WARN] (2026-09-26 21:50:16.365) Memory.cpp:3200::computeTransform() Missing visual features or missing raw data to compute them. Transform cannot be estimated.[0m
[0m[ INFO] [1790473816.678745943, 1790471744.699018224]: rtabmap (1408): Rate=1.00s, Limit=0.000s, Conversion=0.0016s, RTAB-Map=0.4884s, Maps update=0.0021s pub=0.0001s (local map=1083, WM=1083)[0m
[0m[ INFO] [1790473817.746087209, 1790471745.768974245]: rtabmap (1409): Rate=1.00s, Limit=0.000s, Conversion=0.0013s, RTAB-Map=0.4568s, Maps update=0.0016s pub=0.0001s (local map=1084, WM=1084)[0m
[0m[ INFO] [1790473818.749388989, 1790471746.767551995]: rtabmap (1410): Rate=1.00s, Limit=0.000s, Conversion=0.0013s, RTAB-Map=0.4618s, Maps update=0.0015s pub=0.0001s (local map=1085, WM=1085)[0m
[0m[ INFO] [1790473819.872302683, 1790471747.889612910]: rtabmap (1411): Rate=1.00s, Limit=0.000s, Conversion=0.0015s, RTAB-Map=0.4825s, Maps update=0.0017s pub=0.0001s (local map=1086, WM=1086)[0m
[0m[ INFO] [1790473820.844178836, 1790471748.862188720]: rtabmap (1412): Rate=1.00s, Limit=0.000s, Conversion=0.0009s, RTAB-Map=0.4546s, Maps update=0.0014s pub=0.0001s (local map=1087, WM=1087)[0m
[0m[ INFO] [1790473821.982196497, 1790471750.003004881]: rtabmap (1413): Rate=1.00s, Limit=0.000s, Conversion=0.0011s, RTAB-Map=0.4983s, Maps update=0.0020s pub=0.0001s (local map=1088, WM=1088)[0m
[0m[ INFO] [1790473822.963267902, 1790471750.988621369]: rtabmap (1414): Rate=1.00s, Limit=0.000s, Conversion=0.0009s, RTAB-Map=0.4866s, Maps update=0.0019s pub=0.0001s (local map=1089, WM=1089)[0m
[33m[ WARN] (2026-09-26 21:50:23.753) Memory.cpp:3200::computeTransform() Missing visual features or missing raw data to compute them. Transform cannot be estimated.[0m
[0m[ INFO] [1790473824.033889550, 1790471752.057282736]: rtabmap (1415): Rate=1.00s, Limit=0.000s, Conversion=0.0014s, RTAB-Map=0.4469s, Maps update=0.0014s pub=0.0001s (local map=1090, WM=1090)[0m
[33m[ WARN] (2026-09-26 21:50:24.821) Memory.cpp:3200::computeTransform() Missing visual features or missing raw data to compute them. Transform cannot be estimated.[0m
[0m[ INFO] [1790473825.117180609, 1790471753.141705073]: rtabmap (1416): Rate=1.00s, Limit=0.000s, Conversion=0.0015s, RTAB-Map=0.4640s, Maps update=0.0015s pub=0.0001s (local map=1091, WM=1091)[0m
Warning: TF_REPEATED_DATA ignoring data with redundant timestamp for frame odom (parent map) at time 1790471753.395890 according to authority unknown_publisher
         at line 278 in /tmp/binarydeb/ros-noetic-tf2-0.7.7/src/buffer_core.cpp
[33m[ WARN] [1790473825.271500267, 1790471753.295889754]: TF_REPEATED_DATA ignoring data with redundant timestamp for frame odom (parent map) at time 1790471753.395890 according to authority unknown_publisher[0m
Warning: TF_REPEATED_DATA ignoring data with redundant timestamp for frame odom (parent map) at time 1790471753.395890 according to authority /rtabmap/rtabmap
         at line 278 in /tmp/binarydeb/ros-noetic-tf2-0.7.7/src/buffer_core.cpp
[33m[ WARN] (2026-09-26 21:50:25.837) Memory.cpp:3200::computeTransform() Missing visual features or missing raw data to compute them. Transform cannot be estimated.[0m
[0m[ INFO] [1790473826.150915057, 1790471754.168010561]: rtabmap (1417): Rate=1.00s, Limit=0.000s, Conversion=0.0010s, RTAB-Map=0.4640s, Maps update=0.0016s pub=0.0001s (local map=1092, WM=1092)[0m
[33m[ WARN] (2026-09-26 21:50:26.849) Memory.cpp:3200::computeTransform() Missing visual features or missing raw data to compute them. Transform cannot be estimated.[0m
[0m[ INFO] [1790473827.196436535, 1790471755.218854669]: rtabmap (1418): Rate=1.00s, Limit=0.000s, Conversion=0.0010s, RTAB-Map=0.4943s, Maps update=0.0033s pub=0.0004s (local map=1092, WM=1092)[0m
[33m[ WARN] (2026-09-26 21:50:27.961) Memory.cpp:3200::computeTransform() Missing visual features or missing raw data to compute them. Transform cannot be estimated.[0m
[0m[ INFO] [1790473828.281025365, 1790471756.297862338]: rtabmap (1419): Rate=1.00s, Limit=0.000s, Conversion=0.0020s, RTAB-Map=0.4929s, Maps update=0.0021s pub=0.0001s (local map=1092, WM=1092)[0m
[33m[ WARN] (2026-09-26 21:50:29.058) Memory.cpp:3200::computeTransform() Missing visual features or missing raw data to compute them. Transform cannot be estimated.[0m
[0m[ INFO] [1790473829.346163701, 1790471757.367985506]: rtabmap (1420): Rate=1.00s, Limit=0.000s, Conversion=0.0014s, RTAB-Map=0.4568s, Maps update=0.0016s pub=0.0001s (local map=1092, WM=1092)[0m
[33m[ WARN] (2026-09-26 21:50:30.064) Memory.cpp:3200::computeTransform() Missing visual features or missing raw data to compute them. Transform cannot be estimated.[0m
[0m[ INFO] [1790473830.347911808, 1790471758.365276660]: rtabmap (1421): Rate=1.00s, Limit=0.000s, Conversion=0.0015s, RTAB-Map=0.4535s, Maps update=0.0018s pub=0.0001s (local map=1093, WM=1093)[0m
[33m[ WARN] (2026-09-26 21:50:31.166) Memory.cpp:3200::computeTransform() Missing visual features or missing raw data to compute them. Transform cannot be estimated.[0m
[0m[ INFO] [1790473831.525628426, 1790471759.543035390]: rtabmap (1422): Rate=1.00s, Limit=0.000s, Conversion=0.0013s, RTAB-Map=0.5224s, Maps update=0.0019s pub=0.0001s (local map=1093, WM=1093)[0m
[33m[ WARN] (2026-09-26 21:50:32.273) Memory.cpp:3200::computeTransform() Missing visual features or missing raw data to compute them. Transform cannot be estimated.[0m
[0m[ INFO] [1790473832.556338695, 1790471760.574832041]: rtabmap (1423): Rate=1.00s, Limit=0.000s, Conversion=0.0015s, RTAB-Map=0.4597s, Maps update=0.0015s pub=0.0001s (local map=1094, WM=1094)[0m
[33m[ WARN] (2026-09-26 21:50:33.350) Memory.cpp:3200::computeTransform() Missing visual features or missing raw data to compute them. Transform cannot be estimated.[0m
[0m[ INFO] [1790473833.639652073, 1790471761.664912003]: rtabmap (1424): Rate=1.00s, Limit=0.000s, Conversion=0.0009s, RTAB-Map=0.4507s, Maps update=0.0015s pub=0.0001s (local map=1095, WM=1095)[0m
[33m[ WARN] (2026-09-26 21:50:34.368) Memory.cpp:3200::computeTransform() Missing visual features or missing raw data to compute them. Transform cannot be estimated.[0m
[0m[ INFO] [1790473834.686503155, 1790471762.706847278]: rtabmap (1425): Rate=1.00s, Limit=0.000s, Conversion=0.0014s, RTAB-Map=0.4918s, Maps update=0.0017s pub=0.0001s (local map=1096, WM=1096)[0m
[33m[ WARN] (2026-09-26 21:50:35.419) Memory.cpp:3200::computeTransform() Missing visual features or missing raw data to compute them. Transform cannot be estimated.[0m
[33m[ WARN] (2026-09-26 21:50:35.430) Memory.cpp:3200::computeTransform() Missing visual features or missing raw data to compute them. Transform cannot be estimated.[0m
[0m[ INFO] [1790473835.730844315, 1790471763.754268349]: rtabmap (1426): Rate=1.00s, Limit=0.000s, Conversion=0.0015s, RTAB-Map=0.5376s, Maps update=0.0018s pub=0.0001s (local map=1097, WM=1097)[0m
[33m[ WARN] (2026-09-26 21:50:36.477) Memory.cpp:3200::computeTransform() Missing visual features or missing raw data to compute them. Transform cannot be estimated.[0m
[33m[ WARN] (2026-09-26 21:50:36.478) Memory.cpp:3200::computeTransform() Missing visual features or missing raw data to compute them. Transform cannot be estimated.[0m
[0m[ INFO] [1790473836.756281548, 1790471764.772597875]: rtabmap (1427): Rate=1.00s, Limit=0.000s, Conversion=0.0015s, RTAB-Map=0.4746s, Maps update=0.0016s pub=0.0001s (local map=1098, WM=1098)[0m
[33m[ WARN] (2026-09-26 21:50:37.575) Memory.cpp:3200::computeTransform() Missing visual features or missing raw data to compute them. Transform cannot be estimated.[0m
[33m[ WARN] (2026-09-26 21:50:37.576) Memory.cpp:3200::computeTransform() Missing visual features or missing raw data to compute them. Transform cannot be estimated.[0m
[0m[ INFO] [1790473837.887993751, 1790471765.904426879]: rtabmap (1428): Rate=1.00s, Limit=0.000s, Conversion=0.0014s, RTAB-Map=0.4901s, Maps update=0.0024s pub=0.0001s (local map=1099, WM=1099)[0m
[33m[ WARN] (2026-09-26 21:50:38.658) Memory.cpp:3200::computeTransform() Missing visual features or missing raw data to compute them. Transform cannot be estimated.[0m
[33m[ WARN] (2026-09-26 21:50:38.659) Memory.cpp:3200::computeTransform() Missing visual features or missing raw data to compute them. Transform cannot be estimated.[0m
[0m[ INFO] [1790473838.941267596, 1790471766.957688660]: rtabmap (1429): Rate=1.00s, Limit=0.000s, Conversion=0.0012s, RTAB-Map=0.4504s, Maps update=0.0015s pub=0.0001s (local map=1100, WM=1100)[0m
[33m[ WARN] (2026-09-26 21:50:39.749) Memory.cpp:3200::computeTransform() Missing visual features or missing raw data to compute them. Transform cannot be estimated.[0m
[33m[ WARN] (2026-09-26 21:50:39.750) Memory.cpp:3200::computeTransform() Missing visual features or missing raw data to compute them. Transform cannot be estimated.[0m
[0m[ INFO] [1790473840.040295117, 1790471768.058840241]: rtabmap (1430): Rate=1.00s, Limit=0.000s, Conversion=0.0013s, RTAB-Map=0.4708s, Maps update=0.0014s pub=0.0001s (local map=1101, WM=1101)[0m
[33m[ WARN] (2026-09-26 21:50:40.739) Memory.cpp:3200::computeTransform() Missing visual features or missing raw data to compute them. Transform cannot be estimated.[0m
[33m[ WARN] (2026-09-26 21:50:40.739) Memory.cpp:3200::computeTransform() Missing visual features or missing raw data to compute them. Transform cannot be estimated.[0m
[0m[ INFO] [1790473841.020452143, 1790471769.040187202]: rtabmap (1431): Rate=1.00s, Limit=0.000s, Conversion=0.0013s, RTAB-Map=0.4414s, Maps update=0.0013s pub=0.0001s (local map=1102, WM=1102)[0m
[33m[ WARN] (2026-09-26 21:50:41.854) Memory.cpp:3200::computeTransform() Missing visual features or missing raw data to compute them. Transform cannot be estimated.[0m
[33m[ WARN] (2026-09-26 21:50:41.864) Memory.cpp:3200::computeTransform() Missing visual features or missing raw data to compute them. Transform cannot be estimated.[0m
[0m[ INFO] [1790473842.166459530, 1790471770.182537710]: rtabmap (1432): Rate=1.00s, Limit=0.000s, Conversion=0.0014s, RTAB-Map=0.4832s, Maps update=0.0018s pub=0.0001s (local map=1103, WM=1103)[0m
[33m[ WARN] (2026-09-26 21:50:42.838) Memory.cpp:3200::computeTransform() Missing visual features or missing raw data to compute them. Transform cannot be estimated.[0m
[33m[ WARN] (2026-09-26 21:50:42.839) Memory.cpp:3200::computeTransform() Missing visual features or missing raw data to compute them. Transform cannot be estimated.[0m
[0m[ INFO] [1790473843.126003103, 1790471771.150972693]: rtabmap (1433): Rate=1.00s, Limit=0.000s, Conversion=0.0009s, RTAB-Map=0.4453s, Maps update=0.0016s pub=0.0002s (local map=1104, WM=1104)[0m
[33m[ WARN] (2026-09-26 21:50:43.955) Memory.cpp:3200::computeTransform() Missing visual features or missing raw data to compute them. Transform cannot be estimated.[0m
[33m[ WARN] (2026-09-26 21:50:43.965) Memory.cpp:3200::computeTransform() Missing visual features or missing raw data to compute them. Transform cannot be estimated.[0m
[0m[ INFO] [1790473844.247954559, 1790471772.271733478]: rtabmap (1434): Rate=1.00s, Limit=0.000s, Conversion=0.0015s, RTAB-Map=0.4628s, Maps update=0.0015s pub=0.0001s (local map=1105, WM=1105)[0m
[33m[ WARN] (2026-09-26 21:50:45.046) Memory.cpp:3200::computeTransform() Missing visual features or missing raw data to compute them. Transform cannot be estimated.[0m
[33m[ WARN] (2026-09-26 21:50:45.047) Memory.cpp:3200::computeTransform() Missing visual features or missing raw data to compute them. Transform cannot be estimated.[0m
[0m[ INFO] [1790473845.339776985, 1790471773.356931467]: rtabmap (1435): Rate=1.00s, Limit=0.000s, Conversion=0.0014s, RTAB-Map=0.4643s, Maps update=0.0013s pub=0.0001s (local map=1106, WM=1106)[0m
[33m[ WARN] (2026-09-26 21:50:46.081) Memory.cpp:3200::computeTransform() Missing visual features or missing raw data to compute them. Transform cannot be estimated.[0m
[33m[ WARN] (2026-09-26 21:50:46.093) Memory.cpp:3200::computeTransform() Missing visual features or missing raw data to compute them. Transform cannot be estimated.[0m
[0m[ INFO] [1790473846.370856482, 1790471774.387596687]: rtabmap (1436): Rate=1.00s, Limit=0.000s, Conversion=0.0015s, RTAB-Map=0.4737s, Maps update=0.0016s pub=0.0001s (local map=1107, WM=1107)[0m
[33m[ WARN] (2026-09-26 21:50:47.160) Memory.cpp:3200::computeTransform() Missing visual features or missing raw data to compute them. Transform cannot be estimated.[0m
[33m[ WARN] (2026-09-26 21:50:47.160) Memory.cpp:3200::computeTransform() Missing visual features or missing raw data to compute them. Transform cannot be estimated.[0m
[0m[ INFO] [1790473847.457153969, 1790471775.479608551]: rtabmap (1437): Rate=1.00s, Limit=0.000s, Conversion=0.0015s, RTAB-Map=0.4690s, Maps update=0.0017s pub=0.0001s (local map=1108, WM=1108)[0m
Warning: TF_REPEATED_DATA ignoring data with redundant timestamp for frame odom (parent map) at time 1790471775.730459 according to authority unknown_publisher
         at line 278 in /tmp/binarydeb/ros-noetic-tf2-0.7.7/src/buffer_core.cpp
[33m[ WARN] [1790473847.606275187, 1790471775.630458719]: TF_REPEATED_DATA ignoring data with redundant timestamp for frame odom (parent map) at time 1790471775.730459 according to authority unknown_publisher[0m
Warning: TF_REPEATED_DATA ignoring data with redundant timestamp for frame odom (parent map) at time 1790471775.730459 according to authority /rtabmap/rtabmap
         at line 278 in /tmp/binarydeb/ros-noetic-tf2-0.7.7/src/buffer_core.cpp
[33m[ WARN] (2026-09-26 21:50:48.254) Memory.cpp:3200::computeTransform() Missing visual features or missing raw data to compute them. Transform cannot be estimated.[0m
[33m[ WARN] (2026-09-26 21:50:48.255) Memory.cpp:3200::computeTransform() Missing visual features or missing raw data to compute them. Transform cannot be estimated.[0m
[0m[ INFO] [1790473848.598239936, 1790471776.617264842]: rtabmap (1438): Rate=1.00s, Limit=0.000s, Conversion=0.0011s, RTAB-Map=0.5136s, Maps update=0.0015s pub=0.0001s (local map=1109, WM=1109)[0m
[33m[ WARN] (2026-09-26 21:50:49.365) Memory.cpp:3200::computeTransform() Missing visual features or missing raw data to compute them. Transform cannot be estimated.[0m
[33m[ WARN] (2026-09-26 21:50:49.365) Memory.cpp:3200::computeTransform() Missing visual features or missing raw data to compute them. Transform cannot be estimated.[0m
[0m[ INFO] [1790473849.694290824, 1790471777.717948782]: rtabmap (1439): Rate=1.00s, Limit=0.000s, Conversion=0.0014s, RTAB-Map=0.5027s, Maps update=0.0016s pub=0.0001s (local map=1110, WM=1110)[0m
[33m[ WARN] (2026-09-26 21:50:50.362) Memory.cpp:3200::computeTransform() Missing visual features or missing raw data to compute them. Transform cannot be estimated.[0m
[33m[ WARN] (2026-09-26 21:50:50.373) Memory.cpp:3200::computeTransform() Missing visual features or missing raw data to compute them. Transform cannot be estimated.[0m
[0m[ INFO] [1790473850.712019838, 1790471778.736878450]: rtabmap (1440): Rate=1.00s, Limit=0.000s, Conversion=0.0014s, RTAB-Map=0.5250s, Maps update=0.0021s pub=0.0002s (local map=1111, WM=1111)[0m
[33m[ WARN] (2026-09-26 21:50:51.381) Memory.cpp:3200::computeTransform() Missing visual features or missing raw data to compute them. Transform cannot be estimated.[0m
[33m[ WARN] (2026-09-26 21:50:51.381) Memory.cpp:3200::computeTransform() Missing visual features or missing raw data to compute them. Transform cannot be estimated.[0m
[0m[ INFO] [1790473851.717034222, 1790471779.740049803]: rtabmap (1441): Rate=1.00s, Limit=0.000s, Conversion=0.0015s, RTAB-Map=0.5118s, Maps update=0.0017s pub=0.0001s (local map=1112, WM=1112)[0m
[33m[ WARN] (2026-09-26 21:50:52.463) Memory.cpp:3200::computeTransform() Missing visual features or missing raw data to compute them. Transform cannot be estimated.[0m
[33m[ WARN] (2026-09-26 21:50:52.463) Memory.cpp:3200::computeTransform() Missing visual features or missing raw data to compute them. Transform cannot be estimated.[0m
[0m[ INFO] [1790473852.803541941, 1790471780.826631795]: rtabmap (1442): Rate=1.00s, Limit=0.000s, Conversion=0.0015s, RTAB-Map=0.5118s, Maps update=0.0016s pub=0.0001s (local map=1113, WM=1113)[0m
[33m[ WARN] (2026-09-26 21:50:53.534) Memory.cpp:3200::computeTransform() Missing visual features or missing raw data to compute them. Transform cannot be estimated.[0m
[33m[ WARN] (2026-09-26 21:50:53.544) Memory.cpp:3200::computeTransform() Missing visual features or missing raw data to compute them. Transform cannot be estimated.[0m
[0m[ INFO] [1790473853.867959102, 1790471781.889382151]: rtabmap (1443): Rate=1.00s, Limit=0.000s, Conversion=0.0011s, RTAB-Map=0.4873s, Maps update=0.0019s pub=0.0001s (local map=1114, WM=1114)[0m
[33m[ WARN] (2026-09-26 21:50:54.555) Memory.cpp:3200::computeTransform() Missing visual features or missing raw data to compute them. Transform cannot be estimated.[0m
[33m[ WARN] (2026-09-26 21:50:54.555) Memory.cpp:3200::computeTransform() Missing visual features or missing raw data to compute them. Transform cannot be estimated.[0m
[0m[ INFO] [1790473854.847068539, 1790471782.867317652]: rtabmap (1444): Rate=1.00s, Limit=0.000s, Conversion=0.0015s, RTAB-Map=0.4583s, Maps update=0.0017s pub=0.0001s (local map=1115, WM=1115)[0m
[33m[ WARN] (2026-09-26 21:50:55.650) Memory.cpp:3200::computeTransform() Missing visual features or missing raw data to compute them. Transform cannot be estimated.[0m
[33m[ WARN] (2026-09-26 21:50:55.650) Memory.cpp:3200::computeTransform() Missing visual features or missing raw data to compute them. Transform cannot be estimated.[0m
[0m[ INFO] [1790473855.933940321, 1790471783.952769513]: rtabmap (1445): Rate=1.00s, Limit=0.000s, Conversion=0.0010s, RTAB-Map=0.4487s, Maps update=0.0014s pub=0.0001s (local map=1116, WM=1116)[0m
[33m[ WARN] (2026-09-26 21:50:56.670) Memory.cpp:3200::computeTransform() Missing visual features or missing raw data to compute them. Transform cannot be estimated.[0m
[33m[ WARN] (2026-09-26 21:50:56.671) Memory.cpp:3200::computeTransform() Missing visual features or missing raw data to compute them. Transform cannot be estimated.[0m
[0m[ INFO] [1790473856.981040038, 1790471785.006511907]: rtabmap (1446): Rate=1.00s, Limit=0.000s, Conversion=0.0015s, RTAB-Map=0.4873s, Maps update=0.0019s pub=0.0001s (local map=1116, WM=1116)[0m
[33m[ WARN] (2026-09-26 21:50:57.750) Memory.cpp:3200::computeTransform() Missing visual features or missing raw data to compute them. Transform cannot be estimated.[0m
[33m[ WARN] (2026-09-26 21:50:57.751) Memory.cpp:3200::computeTransform() Missing visual features or missing raw data to compute them. Transform cannot be estimated.[0m
[0m[ INFO] [1790473858.034702557, 1790471786.054322734]: rtabmap (1447): Rate=1.00s, Limit=0.000s, Conversion=0.0015s, RTAB-Map=0.4525s, Maps update=0.0016s pub=0.0001s (local map=1116, WM=1116)[0m
[33m[ WARN] (2026-09-26 21:50:58.851) Memory.cpp:3200::computeTransform() Missing visual features or missing raw data to compute them. Transform cannot be estimated.[0m
[33m[ WARN] (2026-09-26 21:50:58.851) Memory.cpp:3200::computeTransform() Missing visual features or missing raw data to compute them. Transform cannot be estimated.[0m
[0m[ INFO] [1790473859.150665939, 1790471787.174888768]: rtabmap (1448): Rate=1.00s, Limit=0.000s, Conversion=0.0010s, RTAB-Map=0.4657s, Maps update=0.0019s pub=0.0001s (local map=1116, WM=1116)[0m
[33m[ WARN] (2026-09-26 21:50:59.854) Memory.cpp:3200::computeTransform() Missing visual features or missing raw data to compute them. Transform cannot be estimated.[0m
[33m[ WARN] (2026-09-26 21:50:59.854) Memory.cpp:3200::computeTransform() Missing visual features or missing raw data to compute them. Transform cannot be estimated.[0m
[0m[ INFO] [1790473860.136757537, 1790471788.157998888]: rtabmap (1449): Rate=1.00s, Limit=0.000s, Conversion=0.0015s, RTAB-Map=0.4523s, Maps update=0.0017s pub=0.0001s (local map=1116, WM=1116)[0m
[33m[ WARN] (2026-09-26 21:51:00.954) Memory.cpp:3200::computeTransform() Missing visual features or missing raw data to compute them. Transform cannot be estimated.[0m
[33m[ WARN] (2026-09-26 21:51:00.955) Memory.cpp:3200::computeTransform() Missing visual features or missing raw data to compute them. Transform cannot be estimated.[0m
[0m[ INFO] [1790473861.234205542, 1790471789.253723830]: rtabmap (1450): Rate=1.00s, Limit=0.000s, Conversion=0.0012s, RTAB-Map=0.4503s, Maps update=0.0015s pub=0.0001s (local map=1116, WM=1116)[0m
[33m[ WARN] (2026-09-26 21:51:02.046) Memory.cpp:3200::computeTransform() Missing visual features or missing raw data to compute them. Transform cannot be estimated.[0m
[33m[ WARN] (2026-09-26 21:51:02.046) Memory.cpp:3200::computeTransform() Missing visual features or missing raw data to compute them. Transform cannot be estimated.[0m
[0m[ INFO] [1790473862.340231094, 1790471790.364088574]: rtabmap (1451): Rate=1.00s, Limit=0.000s, Conversion=0.0010s, RTAB-Map=0.4482s, Maps update=0.0016s pub=0.0001s (local map=1116, WM=1116)[0m
[33m[ WARN] (2026-09-26 21:51:03.059) Memory.cpp:3200::computeTransform() Missing visual features or missing raw data to compute them. Transform cannot be estimated.[0m
[33m[ WARN] (2026-09-26 21:51:03.060) Memory.cpp:3200::computeTransform() Missing visual features or missing raw data to compute them. Transform cannot be estimated.[0m
[0m[ INFO] [1790473863.335632854, 1790471791.355065158]: rtabmap (1452): Rate=1.00s, Limit=0.000s, Conversion=0.0015s, RTAB-Map=0.4445s, Maps update=0.0017s pub=0.0001s (local map=1116, WM=1116)[0m
[33m[ WARN] (2026-09-26 21:51:0[33m[ WARN] [1790473869.183608725, 1790471797.208165094]: We are receiving imu data (buffer=1000), but cannot interpolate imu transform at time 1790471797.167443. IMU won't be added to graph.[0m
4.055) Memory.cpp:3200::computeTransform() Missing visual features or missing raw data to compute them. Transform cannot be estimated.[0m
[33m[ WARN] (2026-09-26 21:51:04.056) Memory.cpp:3200::computeTransform() Missing visual features or missing raw data to compute them. Transform cannot be estimated.[0m
[0m[ INFO] [1790473864.343033679, 1790471792.365190721]: rtabmap (1453): Rate=1.00s, Limit=0.000s, Conversion=0.0010s, RTAB-Map=0.4504s, Maps update=0.0017s pub=0.0001s (local map=1116, WM=1116)[0m
[33m[ WARN] (2026-09-26 21:51:05.162) Memory.cpp:3200::computeTransform() Missing visual features or missing raw data to compute them. Transform cannot be estimated.[0m
[33m[ WARN] (2026-09-26 21:51:05.162) Memory.cpp:3200::computeTransform() Missing visual features or missing raw data to compute them. Transform cannot be estimated.[0m
[0m[ INFO] [1790473865.439134138, 1790471793.455487682]: rtabmap (1454): Rate=1.00s, Limit=0.000s, Conversion=0.0015s, RTAB-Map=0.4494s, Maps update=0.0015s pub=0.0001s (local map=1116, WM=1116)[0m
[33m[ WARN] (2026-09-26 21:51:06.128) Memory.cpp:3200::computeTransform() Missing visual features or missing raw data to compute them. Transform cannot be estimated.[0m
[33m[ WARN] (2026-09-26 21:51:06.129) Memory.cpp:3200::computeTransform() Missing visual features or missing raw data to compute them. Transform cannot be estimated.[0m
[0m[ INFO] [1790473866.424340850, 1790471794.443289371]: rtabmap (1455): Rate=1.00s, Limit=0.000s, Conversion=0.0010s, RTAB-Map=0.4485s, Maps update=0.0016s pub=0.0001s (local map=1116, WM=1116)[0m
[33m[ WARN] (2026-09-26 21:51:07.152) Memory.cpp:3200::computeTransform() Missing visual features or missing raw data to compute them. Transform cannot be estimated.[0m
[33m[ WARN] (2026-09-26 21:51:07.152) Memory.cpp:3200::computeTransform() Missing visual features or missing raw data to compute them. Transform cannot be estimated.[0m
[0m[ INFO] [1790473867.459551179, 1790471795.479489569]: rtabmap (1456): Rate=1.00s, Limit=0.000s, Conversion=0.0014s, RTAB-Map=0.4741s, Maps update=0.0017s pub=0.0001s (local map=1116, WM=1116)[0m
[33m[ WARN] (2026-09-26 21:51:08.265) Memory.cpp:3200::computeTransform() Missing visual features or missing raw data to compute them. Transform cannot be estimated.[0m
[33m[ WARN] (2026-09-26 21:51:08.266) Memory.cpp:3200::computeTransform() Missing visual features or missing raw data to compute them. Transform cannot be estimated.[0m
[0m[ INFO] [1790473868.544116348, 1790471796.560913546]: rtabmap (1457): Rate=1.00s, Limit=0.000s, Conversion=0.0014s, RTAB-Map=0.4509s, Maps update=0.0016s pub=0.0001s (local map=1116, WM=1116)[0m
[33m[ WARN] (2026-09-26 21:51:09.183) Transform.cpp:557::getTransform() No transform found for stamp 1790471797.167443! Latest is 1790471797.157182[0m
[33m[ WARN] (2026-09-26 21:51:09.351) Memory.cpp:3200::computeTransform() Missing visual features or missing raw data to compute them. Transform cannot be estimated.[0m
[33m[ WARN] (2026-09-26 21:51:09.351) Memory.cpp:3200::computeTransform() Missing visual features or missing raw data to compute them. Transform cannot be estimated.[0m
[0m[ INFO] [1790473869.455417114, 1790471797.480110316]: rtabmap (1458): Rate=1.00s, Limit=0.000s, Conversion=0.0017s, RTAB-Map=0.2697s, Maps update=0.0016s pub=0.0001s (local map=1116, WM=1116)[0m
[33m[ WARN] (2026-09-26 21:51:10.475) Memory.cpp:3200::computeTransform() Missing visual features or missing raw data to compute them. Transform cannot be estimated.[0m
[33m[ WARN] (2026-09-26 21:51:10.475) Memory.cpp:3200::computeTransform() Missing visual features or missing raw data to compute them. Transform cannot be estimated.[0m
[0m[ INFO] [1790473870.763353373, 1790471798.785914676]: rtabmap (1459): Rate=1.00s, Limit=0.000s, Conversion=0.0014s, RTAB-Map=0.4734s, Maps update=0.0019s pub=0.0001s (local map=1116, WM=1116)[0m
[33m[ WARN] (2026-09-26 21:51:11.433) Memory.cpp:3200::computeTransform() Missing visual features or missing raw data to compute them. Transform cannot be estimated.[0m
[33m[ WARN] (2026-09-26 21:51:11.434) Memory.cpp:3200::computeTransform() Missing visual features or missing raw data to compute them. Transform cannot be estimated.[0m
[0m[ INFO] [1790473871.715897160, 1790471799.736246243]: rtabmap (1460): Rate=1.00s, Limit=0.000s, Conversion=0.0011s, RTAB-Map=0.4412s, Maps update=0.0016s pub=0.0001s (local map=1116, WM=1116)[0m
[33m[ WARN] (2026-09-26 21:51:12.450) Memory.cpp:3200::computeTransform() Missing visual features or missing raw data to compute them. Transform cannot be estimated.[0m
[33m[ WARN] (2026-09-26 21:51:12.451) Memory.cpp:3200::computeTransform() Missing visual features or missing raw data to compute them. Transform cannot be estimated.[0m
[0m[ INFO] [1790473872.733996924, 1790471800.756274896]: rtabmap (1461): Rate=1.00s, Limit=0.000s, Conversion=0.0015s, RTAB-Map=0.4450s, Maps update=0.0017s pub=0.0001s (local map=1116, WM=1116)[0m
[33m[ WARN] (2026-09-26 21:51:13.536) Memory.cpp:3200::computeTransform() Missing visual features or missing raw data to compute them. Transform cannot be estimated.[0m
[33m[ WARN] (2026-09-26 21:51:13.536) Memory.cpp:3200::computeTransform() Missing visual features or missing raw data to compute them. Transform cannot be estimated.[0m
[0m[ INFO] [1790473873.838533252, 1790471801.858980224]: rtabmap (1462): Rate=1.00s, Limit=0.000s, Conversion=0.0010s, RTAB-Map=0.4557s, Maps update=0.0017s pub=0.0001s (local map=1116, WM=1116)[0m
[33m[ WARN] (2026-09-26 21:51:14.547) Memory.cpp:3200::computeTransform() Missing visual features or missing raw data to compute them. Transform cannot be estimated.[0m
[33m[ WARN] (2026-09-26 21:51:14.548) Memory.cpp:3200::computeTransform() Missing visual features or missing raw data to compute them. Transform cannot be estimated.[0m
[0m[ INFO] [1790473874.834129459, 1790471802.858967208]: rtabmap (1463): Rate=1.00s, Limit=0.000s, Conversion=0.0015s, RTAB-Map=0.4412s, Maps update=0.0016s pub=0.0001s (local map=1116, WM=1116)[0m
[33m[ WARN] (2026-09-26 21:51:15.660) Memory.cpp:3200::computeTransform() Missing visual features or missing raw data to compute them. Transform cannot be estimated.[0m
[33m[ WARN] (2026-09-26 21:51:15.661) Memory.cpp:3200::computeTransform() Missing visual features or missing raw data to compute them. Transform cannot be estimated.[0m
[0m[ INFO] [1790473875.943011919, 1790471803.968612589]: rtabmap (1464): Rate=1.00s, Limit=0.000s, Conversion=0.0015s, RTAB-Map=0.4516s, Maps update=0.0014s pub=0.0001s (local map=1117, WM=1117)[0m
[33m[ WARN] (2026-09-26 21:51:16.637) Memory.cpp:3200::computeTransform() Missing visual features or missing raw data to compute them. Transform cannot be estimated.[0m
[33m[ WARN] (2026-09-26 21:51:16.638) Memory.cpp:3200::computeTransform() Missing visual features or missing raw data to compute them. Transform cannot be estimated.[0m
[0m[ INFO] [1790473876.920079405, 1790471804.943588592]: rtabmap (1465): Rate=1.00s, Limit=0.000s, Conversion=0.0010s, RTAB-Map=0.4348s, Maps update=0.0017s pub=0.0001s (local map=1117, WM=1117)[0m
[33m[ WARN] (2026-09-26 21:51:17.669) Memory.cpp:3200::computeTransform() Missing visual features or missing raw data to compute them. Transform cannot be estimated.[0m
[33m[ WARN] (2026-09-26 21:51:17.669) Memory.cpp:3200::computeTransform() Missing visual features or missing raw data to compute them. Transform cannot be estimated.[0m
[0m[ INFO] [1790473877.982384719, 1790471806.003368050]: rtabmap (1466): Rate=1.00s, Limit=0.000s, Conversion=0.0013s, RTAB-Map=0.4854s, Maps update=0.0022s pub=0.0001s (local map=1117, WM=1117)[0m
[33m[ WARN] (2026-09-26 21:51:18.738) Memory.cpp:3200::computeTransform() Missing visual features or missing raw data to compute them. Transform cannot be estimated.[0m
[33m[ WARN] (2026-09-26 21:51:18.738) Memory.cpp:3200::computeTransform() Missing visual features or missing raw data to compute them. Transform cannot be estimated.[0m
[0m[ INFO] [1790473879.038183100, 1790471807.063809147]: rtabmap (1467): Rate=1.00s, Limit=0.000s, Conversion=0.0009s, RTAB-Map=0.4522s, Maps update=0.0018s pub=0.0001s (local map=1117, WM=1117)[0m
[33m[ WARN] (2026-09-26 21:51:19.745) Memory.cpp:3200::computeTransform() Missing visual features or missing raw data to compute them. Transform cannot be estimated.[0m
[33m[ WARN] (2026-09-26 21:51:19.745) Memory.cpp:3200::computeTransform() Missing visual features or missing raw data to compute them. Transform cannot be estimated.[0m
[0m[ INFO] [1790473880.059499372, 1790471808.075980662]: rtabmap (1468): Rate=1.00s, Limit=0.000s, Conversion=0.0009s, RTAB-Map=0.4664s, Maps update=0.0020s pub=0.0001s (local map=1117, WM=1117)[0m
[33m[ WARN] (2026-09-26 21:51:20.866) Memory.cpp:3200::computeTransform() Missing visual features or missing raw data to compute them. Transform cannot be estimated.[0m
[33m[ WARN] (2026-09-26 21:51:20.867) Memory.cpp:3200::computeTransform() Missing visual features or missing raw data to compute them. Transform cannot be estimated.[0m
[0m[ INFO] [1790473881.155857630, 1790471809.175399950]: rtabmap (1469): Rate=1.00s, Limit=0.000s, Conversion=0.0015s, RTAB-Map=0.4577s, Maps update=0.0015s pub=0.0001s (local map=1117, WM=1117)[0m
[33m[ WARN] (2026-09-26 21:51:21.842) Memory.cpp:3200::computeTransform() Missing visual features or missing raw data to compute them. Transform cannot be estimated.[0m
[33m[ WARN] (2026-09-26 21:51:21.842) Memory.cpp:3200::computeTransform() Missing visual features or missing raw data to compute them. Transform cannot be estimated.[0m
[0m[ INFO] [1790473882.137455789, 1790471810.156374774]: rtabmap (1470): Rate=1.00s, Limit=0.000s, Conversion=0.0010s, RTAB-Map=0.4493s, Maps update=0.0018s pub=0.0001s (local map=1117, WM=1117)[0m
[33m[ WARN] (2026-09-26 21:51:22.949) Memory.cpp:3200::computeTransform() Missing visual features or missing raw data to compute them. Transform cannot be estimated.[0m
[33m[ WARN] (2026-09-26 21:51:22.950) Memory.cpp:3200::computeTransform() Missing visual features or missing raw data to compute them. Transform cannot be estimated.[0m
[0m[ INFO] [1790473883.258342517, 1790471811.277785093]: rtabmap (1471): Rate=1.00s, Limit=0.000s, Conversion=0.0011s, RTAB-Map=0.4617s, Maps update=0.0020s pub=0.0001s (local map=1117, WM=1117)[0m
[33m[ WARN] (2026-09-26 21:51:23.974) Memory.cpp:3200::computeTransform() Missing visual features or missing raw data to compute them. Transform cannot be estimated.[0m
[33m[ WARN] (2026-09-26 21:51:23.975) Memory.cpp:3200::computeTransform() Missing visual features or missing raw data to compute them. Transform cannot be estimated.[0m
[0m[ INFO] [1790473884.307326785, 1790471812.326558286]: rtabmap (1472): Rate=1.00s, Limit=0.000s, Conversion=0.0010s, RTAB-Map=0.5185s, Maps update=0.0024s pub=0.0001s (local map=1117, WM=1117)[0m
[33m[ WARN] (2026-09-26 21:51:24.960) Memory.cpp:3200::computeTransform() Missing visual features or missing raw data to compute them. Transform cannot be estimated.[0m
[33m[ WARN] (2026-09-26 21:51:24.960) Memory.cpp:3200::computeTransform() Missing visual features or missing raw data to compute them. Transform cannot be estimated.[0m
[0m[ INFO] [1790473885.247721051, 1790471813.270794745]: rtabmap (1473): Rate=1.00s, Limit=0.000s, Conversion=0.0015s, RTAB-Map=0.4407s, Maps update=0.0018s pub=0.0001s (local map=1117, WM=1117)[0m
[33m[ WARN] (2026-09-26 21:51:26.076) Memory.cpp:3200::computeTransform() Missing visual features or missing raw data to compute them. Transform cannot be estimated.[0m
[33m[ WARN] (2026-09-26 21:51:26.076) Memory.cpp:3200::computeTransform() Missing visual features or missing raw data to compute them. Transform cannot be estimated.[0m
[0m[ INFO] [1790473886.376572676, 1790471814.395759024]: rtabmap (1474): Rate=1.00s, Limit=0.000s, Conversion=0.0015s, RTAB-Map=0.4749s, Maps update=0.0027s pub=0.0001s (local map=1117, WM=1117)[0m
[33m[ WARN] (2026-09-26 21:51:27.149) Memory.cpp:3200::computeTransform() Missing visual features or missing raw data to compute them. Transform cannot be estimated.[0m
[33m[ WARN] (2026-09-26 21:51:27.150) Memory.cpp:3200::computeTransform() Missing visual features or missing raw data to compute them. Transform cannot be estimated.[0m
[0m[ INFO] [1790473887.452367362, 1790471815.474486580]: rtabmap (1475): Rate=1.00s, Limit=0.000s, Conversion=0.0010s, RTAB-Map=0.4620s, Maps update=0.0018s pub=0.0001s (local map=1117, WM=1117)[0m
[33m[ WARN] (2026-09-26 21:51:28.267) Memory.cpp:3200::computeTransform() Missing visual features or missing raw data to compute them. Transform cannot be estimated.[0m
[33m[ WARN] (2026-09-26 21:51:28.267) Memory.cpp:3200::computeTransform() Missing visual features or missing raw data to compute them. Transform cannot be estimated.[0m
[0m[ INFO] [1790473888.549872372, 1790471816.567468428]: rtabmap (1476): Rate=1.00s, Limit=0.000s, Conversion=0.0014s, RTAB-Map=0.4457s, Maps update=0.0017s pub=0.0001s (local map=1117, WM=1117)[0m
[33m[ WARN] (2026-09-26 21:51:29.258) Memory.cpp:3200::computeTransform() Missing visual features or missing raw data to compute them. Transform cannot be estimated.[0m
[33m[ WARN] (2026-09-26 21:51:29.258) Memory.cpp:3200::computeTransform() Missing visual features or missing raw data to compute them. Transform cannot be estimated.[0m
[0m[ INFO] [1790473889.552180641, 1790471817.570346816]: rtabmap (1477): Rate=1.00s, Limit=0.000s, Conversion=0.0014s, RTAB-Map=0.4630s, Maps update=0.0017s pub=0.0001s (local map=1117, WM=1117)[0m
[33m[ WARN] (2026-09-26 21:51:30.334) Memory.cpp:3200::computeTransform() Missing visual features or missing raw data to compute them. Transform cannot be estimated.[0m
[33m[ WARN] (2026-09-26 21:51:30.334) Memory.cpp:3200::computeTransform() Missing visual features or missing raw data to compute them. Transform cannot be estimated.[0m
[0m[ INFO] [1790473890.643771460, 1790471818.669062494]: rtabmap (1478): Rate=1.00s, Limit=0.000s, Conversion=0.0016s, RTAB-Map=0.4645s, Maps update=0.0019s pub=0.0001s (local map=1117, WM=1117)[0m
[33m[ WARN] (2026-09-26 21:51:31.333) Memory.cpp:3200::computeTransform() Missing visual features or missing raw data to compute them. Transform cannot be estimated.[0m
[33m[ WARN] (2026-09-26 21:51:31.334) Memory.cpp:3200::computeTransform() Missing visual features or missing raw data to compute them. Transform cannot be estimated.[0m
[0m[ INFO] [1790473891.636911448, 1790471819.661162245]: rtabmap (1479): Rate=1.00s, Limit=0.000s, Conversion=0.0010s, RTAB-Map=0.4570s, Maps update=0.0017s pub=0.0001s (local map=1117, WM=1117)[0m
[33m[ WARN] (2026-09-26 21:51:32.454) Memory.cpp:3200::computeTransform() Missing visual features or missing raw data to compute them. Transform cannot be estimated.[0m
[33m[ WARN] (2026-09-26 21:51:32.454) Memory.cpp:3200::computeTransform() Missing visual features or missing raw data to compute them. Transform cannot be estimated.[0m
[0m[ INFO] [1790473892.741719200, 1790471820.763432813]: rtabmap (1480): Rate=1.00s, Limit=0.000s, Conversion=0.0015s, RTAB-Map=0.4581s, Maps update=0.0018s pub=0.0001s (local map=1117, WM=1117)[0m
[33m[ WARN] (2026-09-26 21:51:33.434) Memory.cpp:3200::computeTransform() Missing visual features or missing raw data to compute them. Transform cannot be estimated.[0m
[33m[ WARN] (2026-09-26 21:51:33.434) Memory.cpp:3200::computeTransform() Missing visual features or missing raw data to compute them. Transform cannot be estimated.[0m
[0m[ INFO] [1790473893.717801046, 1790471821.741606333]: rtabmap (1481): Rate=1.00s, Limit=0.000s, Conversion=0.0010s, RTAB-Map=0.4436s, Maps update=0.0018s pub=0.0001s (local map=1117, WM=1117)[0m
[33m[ WARN] (2026-09-26 21:51:34.534) Memory.cpp:3200::computeTransform() Missing visual features or missing raw data to compute them. Transform cannot be estimated.[0m
[33m[ WARN] (2026-09-26 21:51:34.534) Memory.cpp:3200::computeTransform() Missing visual features or missing raw data to compute them. Transform cannot be estimated.[0m
[0m[ INFO] [1790473894.805458175, 1790471822.831081534]: rtabmap (1482): Rate=1.00s, Limit=0.000s, Conversion=0.0010s, RTAB-Map=0.4233s, Maps update=0.0016s pub=0.0001s (local map=1117, WM=1117)[0m
[33m[ WARN] (2026-09-26 21:51:35.548) Memory.cpp:3200::computeTransform() Missing visual features or missing raw data to compute them. Transform cannot be estimated.[0m
[33m[ WARN] (2026-09-26 21:51:35.549) Memory.cpp:3200::computeTransform() Missing visual features or missing raw data to compute them. Transform cannot be estimated.[0m
[0m[ INFO] [1790473895.840693671, 1790471823.857096271]: rtabmap (1483): Rate=1.00s, Limit=0.000s, Conversion=0.0015s, RTAB-Map=0.4539s, Maps update=0.0016s pub=0.0001s (local map=1117, WM=1117)[0m
[33m[ WARN] (2026-09-26 21:51:36.536) Memory.cpp:3200::computeTransform() Missing visual features or missing raw data to compute them. Transform cannot be estimated.[0m
[33m[ WARN] (2026-09-26 21:51:36.536) Memory.cpp:3200::computeTransform() Missing visual features or missing raw data to compute them. Transform cannot be estimated.[0m
[0m[ INFO] [1790473896.840664841, 1790471824.861037477]: rtabmap (1484): Rate=1.00s, Limit=0.000s, Conversion=0.0010s, RTAB-Map=0.4583s, Maps update=0.0017s pub=0.0001s (local map=1117, WM=1117)[0m
[33m[ WARN] (2026-09-26 21:51:37.556) Memory.cpp:3200::computeTransform() Missing visual features or missing raw data to compute them. Transform cannot be estimated.[0m
[33m[ WARN] (2026-09-26 21:51:37.557) Memory.cpp:3200::computeTransform() Missing visual features or missing raw data to compute them. Transform cannot be estimated.[0m
[0m[ INFO] [1790473897.838627697, 1790471825.862249974]: rtabmap (1485): Rate=1.00s, Limit=0.000s, Conversion=0.0015s, RTAB-Map=0.4521s, Maps update=0.0017s pub=0.0001s (local map=1117, WM=1117)[0m
[33m[ WARN] (2026-09-26 21:51:38.643) Memory.cpp:3200::computeTransform() Missing visual features or missing raw data to compute them. Transform cannot be estimated.[0m
[33m[ WARN] (2026-09-26 21:51:38.643) Memory.cpp:3200::computeTransform() Missing visual features or missing raw data to compute them. Transform cannot be estimated.[0m
[0m[ INFO] [1790473898.932512418, 1790471826.954500370]: rtabmap (1486): Rate=1.00s, Limit=0.000s, Conversion=0.0013s, RTAB-Map=0.4565s, Maps update=0.0018s pub=0.0001s (local map=1117, WM=1117)[0m
[33m[ WARN] (2026-09-26 21:51:39.655) Memory.cpp:3200::computeTransform() Missing visual features or missing raw data to compute them. Transform cannot be estimated.[0m
[33m[ WARN] (2026-09-26 21:51:39.655) Memory.cpp:3200::computeTransform() Missing visual features or missing raw data to compute them. Transform cannot be estimated.[0m
[0m[ INFO] [1790473899.938488140, 1790471827.955800545]: rtabmap (1487): Rate=1.00s, Limit=0.000s, Conversion=0.0014s, RTAB-Map=0.4514s, Maps update=0.0017s pub=0.0001s (local map=1117, WM=1117)[0m
[33m[ WARN] (2026-09-26 21:51:40.643) Memory.cpp:3200::computeTransform() Missing visual features or missing raw data to compute them. Transform cannot be estimated.[0m
[33m[ WARN] (2026-09-26 21:51:40.643) Memory.cpp:3200::computeTransform() Missing visual features or missing raw data to compute them. Transform cannot be estimated.[0m
[0m[ INFO] [1790473900.926489583, 1790471828.947451442]: rtabmap (1488): Rate=1.00s, Limit=0.000s, Conversion=0.0009s, RTAB-Map=0.4359s, Maps update=0.0016s pub=0.0001s (local map=1117, WM=1117)[0m
[33m[ WARN] (2026-09-26 21:51:41.651) Memory.cpp:3200::computeTransform() Missing visual features or missing raw data to compute them. Transform cannot be estimated.[0m
[33m[ WARN] (2026-09-26 21:51:41.651) Memory.cpp:3200::computeTransform() Missing visual features or missing raw data to compute them. Transform cannot be estimated.[0m
[0m[ INFO] [1790473901.964668178, 1790471829.989265604]: rtabmap (1489): Rate=1.00s, Limit=0.000s, Conversion=0.0014s, RTAB-Map=0.4780s, Maps update=0.0022s pub=0.0002s (local map=1117, WM=1117)[0m
Warning: TF_REPEATED_DATA ignoring data with redundant timestamp for frame odom (parent map) at time 1790471830.681298 according to authority unknown_publisher
         at line 278 in /tmp/binarydeb/ros-noetic-tf2-0.7.7/src/buffer_core.cpp
[33m[ WARN] [1790473902.558700226, 1790471830.581297562]: TF_REPEATED_DATA ignoring data with redundant timestamp for frame odom (parent map) at time 1790471830.681298 according to authority unknown_publisher[0m
Warning: TF_REPEATED_DATA ignoring data with redundant timestamp for frame odom (parent map) at time 1790471830.681298 according to authority /rtabmap/rtabmap
         at line 278 in /tmp/binarydeb/ros-noetic-tf2-0.7.7/src/buffer_core.cpp
[33m[ WARN] (2026-09-26 21:51:42.649) Memory.cpp:3200::computeTransform() Missing visual features or missing raw data to compute them. Transform cannot be estimated.[0m
[33m[ WARN] (2026-09-26 21:51:42.650) Memory.cpp:3200::computeTransform() Missing visual features or missing raw data to compute them. Transform cannot be estimated.[0m
[0m[ INFO] [1790473902.940715929, 1790471830.966180085]: rtabmap (1490): Rate=1.00s, Limit=0.000s, Conversion=0.0010s, RTAB-Map=0.4468s, Maps update=0.0016s pub=0.0001s (local map=1117, WM=1117)[0m
[33m[ WARN] (2026-09-26 21:51:43.754) Memory.cpp:3200::computeTransform() Missing visual features or missing raw data to compute them. Transform cannot be estimated.[0m
[33m[ WARN] (2026-09-26 21:51:43.755) Memory.cpp:3200::computeTransform() Missing visual features or missing raw data to compute them. Transform cannot be estimated.[0m
[0m[ INFO] [1790473904.031455033, 1790471832.050835751]: rtabmap (1491): Rate=1.00s, Limit=0.000s, Conversion=0.0015s, RTAB-Map=0.4452s, Maps update=0.0015s pub=0.0001s (local map=1117, WM=1117)[0m
[33m[ WARN] (2026-09-26 21:51:44.782) Memory.cpp:3200::computeTransform() Missing visual features or missing raw data to compute them. Transform cannot be estimated.[0m
[33m[ WARN] (2026-09-26 21:51:44.782) Memory.cpp:3200::computeTransform() Missing visual features or missing raw data to compute them. Transform cannot be estimated.[0m
[0m[ INFO] [1790473905.057632189, 1790471833.083240571]: rtabmap (1492): Rate=1.00s, Limit=0.000s, Conversion=0.0016s, RTAB-Map=0.4482s, Maps update=0.0016s pub=0.0001s (local map=1117, WM=1117)[0m
[33m[ WARN] (2026-09-26 21:51:45.852) Memory.cpp:3200::computeTransform() Missing visual features or missing raw data to compute them. Transform cannot be estimated.[0m
[33m[ WARN] (2026-09-26 21:51:45.852) Memory.cpp:3200::computeTransform() Missing visual features or missing raw data to compute them. Transform cannot be estimated.[0m
[0m[ INFO] [1790473906.145915609, 1790471834.171824412]: rtabmap (1493): Rate=1.00s, Limit=0.000s, Conversion=0.0015s, RTAB-Map=0.4504s, Maps update=0.0016s pub=0.0001s (local map=1117, WM=1117)[0m
[33m[ WARN] (2026-09-26 21:51:46.964) Memory.cpp:3200::computeTransform() Missing visual features or missing raw data to compute them. Transform cannot be estimated.[0m
[33m[ WARN] (2026-09-26 21:51:46.965) Memory.cpp:3200::computeTransform() Missing visual features or missing raw data to compute them. Transform cannot be estimated.[0m
[0m[ INFO] [1790473907.252957668, 1790471835.273454401]: rtabmap (1494): Rate=1.00s, Limit=0.000s, Conversion=0.0014s, RTAB-Map=0.4549s, Maps update=0.0016s pub=0.0001s (local map=1117, WM=1117)[0m
[33m[ WARN] (2026-09-26 21:51:48.064) Memory.cpp:3200::computeTransform() Missing visual features or missing raw data to compute them. Transform cannot be estimated.[0m
[33m[ WARN] (2026-09-26 21:51:48.064) Memory.cpp:3200::computeTransform() Missing visual features or missing raw data to compute them. Transform cannot be estimated.[0m
[0m[ INFO] [1790473908.339691625, 1790471836.365389385]: rtabmap (1495): Rate=1.00s, Limit=0.000s, Conversion=0.0015s, RTAB-Map=0.4475s, Maps update=0.0017s pub=0.0001s (local map=1117, WM=1117)[0m
[33m[ WARN] (2026-09-26 21:51:49.061) Memory.cpp:3200::computeTransform() Missing visual features or missing raw data to compute them. Transform cannot be estimated.[0m
[33m[ WARN] (2026-09-26 21:51:49.061) Memory.cpp:3200::computeTransform() Missing visual features or missing raw data to compute them. Transform cannot be estimated.[0m
[0m[ INFO] [1790473909.350502210, 1790471837.366888266]: rtabmap (1496): Rate=1.00s, Limit=0.000s, Conversion=0.0016s, RTAB-Map=0.4611s, Maps update=0.0017s pub=0.0001s (local map=1117, WM=1117)[0m
[33m[ WARN] (2026-09-26 21:51:50.054) Memory.cpp:3200::computeTransform() Missing visual features or missing raw data to compute them. Transform cannot be estimated.[0m
[33m[ WARN] (2026-09-26 21:51:50.054) Memory.cpp:3200::computeTransform() Missing visual features or missing raw data to compute them. Transform cannot be estimated.[0m
[0m[ INFO] [1790473910.343682327, 1790471838.366871575]: rtabmap (1497): Rate=1.00s, Limit=0.000s, Conversion=0.0013s, RTAB-Map=0.4541s, Maps update=0.0021s pub=0.0001s (local map=1117, WM=1117)[0m
[33m[ WARN] (2026-09-26 21:51:51.143) Memory.cpp:3200::computeTransform() Missing visual features or missing raw data to compute them. Transform cannot be estimated.[0m
[33m[ WARN] (2026-09-26 21:51:51.143) Memory.cpp:3200::computeTransform() Missing visual features or missing raw data to compute them. Transform cannot be estimated.[0m
[0m[ INFO] [1790473911.462151820, 1790471839.487828716]: rtabmap (1498): Rate=1.00s, Limit=0.000s, Conversion=0.0010s, RTAB-Map=0.4741s, Maps update=0.0017s pub=0.0001s (local map=1117, WM=1117)[0m
[33m[ WARN] (2026-09-26 21:51:52.151) Memory.cpp:3200::computeTransform() Missing visual features or missing raw data to compute them. Transform cannot be estimated.[0m
[33m[ WARN] (2026-09-26 21:51:52.152) Memory.cpp:3200::computeTransform() Missing visual features or missing raw data to compute them. Transform cannot be estimated.[0m
[0m[ INFO] [1790473912.462624764, 1790471840.487084555]: rtabmap (1499): Rate=1.00s, Limit=0.000s, Conversion=0.0013s, RTAB-Map=0.4774s, Maps update=0.0018s pub=0.0001s (local map=1117, WM=1117)[0m
[33m[ WARN] (2026-09-26 21:51:53.265) Memory.cpp:3200::computeTransform() Missing visual features or missing raw data to compute them. Transform cannot be estimated.[0m
[33m[ WARN] (2026-09-26 21:51:53.265) Memory.cpp:3200::computeTransform() Missing visual features or missing raw data to compute them. Transform cannot be estimated.[0m
[0m[ INFO] [1790473913.569153332, 1790471841.588817575]: rtabmap (1500): Rate=1.00s, Limit=0.000s, Conversion=0.0018s, RTAB-Map=0.4712s, Maps update=0.0020s pub=0.0001s (local map=1117, WM=1117)[0m
[33m[ WARN] (2026-09-26 21:51:54.354) Memory.cpp:3200::computeTransform() Missing visual features or missing raw data to compute them. Transform cannot be estimated.[0m
[33m[ WARN] (2026-09-26 21:51:54.354) Memory.cpp:3200::computeTransform() Missing visual features or missing raw data to compute them. Transform cannot be estimated.[0m
[0m[ INFO] [1790473914.659360570, 1790471842.681809840]: rtabmap (1501): Rate=1.00s, Limit=0.000s, Conversion=0.0016s, RTAB-Map=0.4774s, Maps update=0.0017s pub=0.0001s (local map=1117, WM=1117)[0m
[33m[ WARN] (2026-09-26 21:51:55.364) Memory.cpp:3200::computeTransform() Missing visual features or missing raw data to compute them. Transform cannot be estimated.[0m
[33m[ WARN] (2026-09-26 21:51:55.364) Memory.cpp:3200::computeTransform() Missing visual features or missing raw data to compute them. Transform cannot be estimated.[0m
[0m[ INFO] [1790473915.653878424, 1790471843.675624358]: rtabmap (1502): Rate=1.00s, Limit=0.000s, Conversion=0.0014s, RTAB-Map=0.4604s, Maps update=0.0017s pub=0.0001s (local map=1117, WM=1117)[0m
[33m[ WARN] (2026-09-26 21:51:56.381) Memory.cpp:3200::computeTransform() Missing visual features or missing raw data to compute them. Transform cannot be estimated.[0m
[33m[ WARN] (2026-09-26 21:51:56.381) Memory.cpp:3200::computeTransform() Missing visual features or missing raw data to compute them. Transform cannot be estimated.[0m
[0m[ INFO] [1790473916.667460264, 1790471844.684647515]: rtabmap (1503): Rate=1.00s, Limit=0.000s, Conversion=0.0015s, RTAB-Map=0.4774s, Maps update=0.0017s pub=0.0001s (local map=1117, WM=1117)[0m
[33m[ WARN] (2026-09-26 21:51:57.442) Memory.cpp:3200::computeTransform() Missing visual features or missing raw data to compute them. Transform cannot be estimated.[0m
[33m[ WARN] (2026-09-26 21:51:57.442) Memory.cpp:3200::computeTransform() Missing visual features or missing raw data to compute them. Transform cannot be estimated.[0m
[0m[ INFO] [1790473917.726638909, 1790471845.748351402]: rtabmap (1504): Rate=1.00s, Limit=0.000s, Conversion=0.0013s, RTAB-Map=0.4386s, Maps update=0.0019s pub=0.0001s (local map=1117, WM=1117)[0m
[33m[ WARN] (2026-09-26 21:51:58.567) Memory.cpp:3200::computeTransform() Missing visual features or missing raw data to compute them. Transform cannot be estimated.[0m
[33m[ WARN] (2026-09-26 21:51:58.568) Memory.cpp:3200::computeTransform() Missing visual features or missing raw data to compute them. Transform cannot be estimated.[0m
[0m[ INFO] [1790473918.851329876, 1790471846.869891705]: rtabmap (1505): Rate=1.00s, Limit=0.000s, Conversion=0.0015s, RTAB-Map=0.4564s, Maps update=0.0017s pub=0.0001s (local map=1117, WM=1117)[0m
[33m[ WARN] (2026-09-26 21:51:59.549) Memory.cpp:3200::computeTransform() Missing visual features or missing raw data to compute them. Transform cannot be estimated.[0m
[33m[ WARN] (2026-09-26 21:51:59.549) Memory.cpp:3200::computeTransform() Missing visual features or missing raw data to compute them. Transform cannot be estimated.[0m
[0m[ INFO] [1790473919.835107714, 1790471847.851709198]: rtabmap (1506): Rate=1.00s, Limit=0.000s, Conversion=0.0009s, RTAB-Map=0.4482s, Maps update=0.0016s pub=0.0001s (local map=1117, WM=1117)[0m
[33m[ WARN] (2026-09-26 21:52:00.658) Memory.cpp:3200::computeTransform() Missing visual features or missing raw data to compute them. Transform cannot be estimated.[0m
[33m[ WARN] (2026-09-26 21:52:00.659) Memory.cpp:3200::computeTransform() Missing visual features or missing raw data to compute them. Transform cannot be estimated.[0m
[0m[ INFO] [1790473920.954479314, 1790471848.977809875]: rtabmap (1507): Rate=1.00s, Limit=0.000s, Conversion=0.0017s, RTAB-Map=0.4580s, Maps update=0.0017s pub=0.0001s (local map=1117, WM=1117)[0m
[33m[ WARN] (2026-09-26 21:52:01.679) Memory.cpp:3200::computeTransform() Missing visual features or missing raw data to compute them. Transform cannot be estimated.[0m
[33m[ WARN] (2026-09-26 21:52:01.680) Memory.cpp:3200::computeTransform() Missing visual features or missing raw data to compute them. Transform cannot be estimated.[0m
[0m[ INFO] [1790473921.962332784, 1790471849.986509660]: rtabmap (1508): Rate=1.00s, Limit=0.000s, Conversion=0.0015s, RTAB-Map=0.4363s, Maps update=0.0024s pub=0.0001s (local map=1117, WM=1117)[0m
[33m[ WARN] (2026-09-26 21:52:02.747) Memory.cpp:3200::computeTransform() Missing visual features or missing raw data to compute them. Transform cannot be estimated.[0m
[33m[ WARN] (2026-09-26 21:52:02.748) Memory.cpp:3200::computeTransform() Missing visual features or missing raw data to compute them. Transform cannot be estimated.[0m
[0m[ INFO] [1790473923.039376831, 1790471851.060674407]: rtabmap (1509): Rate=1.00s, Limit=0.000s, Conversion=0.0016s, RTAB-Map=0.4488s, Maps update=0.0017s pub=0.0001s (local map=1117, WM=1117)[0m
[33m[ WARN] (2026-09-26 21:52:03.747) Memory.cpp:3200::computeTransform() Missing visual features or missing raw data to compute them. Transform cannot be estimated.[0m
[33m[ WARN] (2026-09-26 21:52:03.747) Memory.cpp:3200::computeTransform() Missing visual features or missing raw data to compute them. Transform cannot be estimated.[0m
[0m[ INFO] [1790473924.031361840, 1790471852.047709240]: rtabmap (1510): Rate=1.00s, Limit=0.000s, Conversion=0.0009s, RTAB-Map=0.4393s, Maps update=0.0020s pub=0.0001s (local map=1117, WM=1117)[0m
[33m[ WARN] (2026-09-26 21:52:04.775) Memory.cpp:3200::computeTransform() Missing visual features or missing raw data to compute them. Transform cannot be estimated.[0m
[33m[ WARN] (2026-09-26 21:52:04.775) Memory.cpp:3200::computeTransform() Missing visual features or missing raw data to compute them. Transform cannot be estimated.[0m
[0m[ INFO] [1790473925.055711931, 1790471853.075749587]: rtabmap (1511): Rate=1.00s, Limit=0.000s, Conversion=0.0015s, RTAB-Map=0.4501s, Maps update=0.0017s pub=0.0001s (local map=1117, WM=1117)[0m
[33m[ WARN] (2026-09-26 21:52:05.862) Memory.cpp:3200::computeTransform() Missing visual features or missing raw data to compute them. Transform cannot be estimated.[0m
[33m[ WARN] (2026-09-26 21:52:05.862) Memory.cpp:3200::computeTransform() Missing visual features or missing raw data to compute them. Transform cannot be estimated.[0m
[0m[ INFO] [1790473926.187992134, 1790471854.206649579]: rtabmap (1512): Rate=1.00s, Limit=0.000s, Conversion=0.0015s, RTAB-Map=0.5017s, Maps update=0.0020s pub=0.0001s (local map=1117, WM=1117)[0m
[33m[ WARN] (2026-09-26 21:52:06.847) Memory.cpp:3200::computeTransform() Missing visual features or missing raw data to compute them. Transform cannot be estimated.[0m
[33m[ WARN] (2026-09-26 21:52:06.848) Memory.cpp:3200::computeTransform() Missing visual features or missing raw data to compute them. Transform cannot be estimated.[0m
[0m[ INFO] [1790473927.167518226, 1790471855.186917793]: rtabmap (1513): Rate=1.00s, Limit=0.000s, Conversion=0.0013s, RTAB-Map=0.4877s, Maps update=0.0020s pub=0.0001s (local map=1117, WM=1117)[0m
[33m[ WARN] (2026-09-26 21:52:07.941) Memory.cpp:3200::computeTransform() Missing visual features or missing raw data to compute them. Transform cannot be estimated.[0m
[33m[ WARN] (2026-09-26 21:52:07.941) Memory.cpp:3200::computeTransform() Missing visual features or missing raw data to compute them. Transform cannot be estimated.[0m
[0m[ INFO] [1790473928.245568581, 1790471856.265856320]: rtabmap (1514): Rate=1.00s, Limit=0.000s, Conversion=0.0010s, RTAB-Map=0.4579s, Maps update=0.0018s pub=0.0001s (local map=1117, WM=1117)[0m
[33m[ WARN] (2026-09-26 21:52:09.071) Memory.cpp:3200::computeTransform() Missing visual features or missing raw data to compute them. Transform cannot be estimated.[0m
[33m[ WARN] (2026-09-26 21:52:09.071) Memory.cpp:3200::computeTransform() Missing visual features or missing raw data to compute them. Transform cannot be estimated.[0m
[0m[ INFO] [1790473929.368779510, 1790471857.386149740]: rtabmap (1515): Rate=1.00s, Limit=0.000s, Conversion=0.0014s, RTAB-Map=0.4639s, Maps update=0.0020s pub=0.0001s (local map=1118, WM=1118)[0m
[33m[ WARN] (2026-09-26 21:52:10.168) Memory.cpp:3200::computeTransform() Missing visual features or missing raw data to compute them. Transform cannot be estimated.[0m
[33m[ WARN] (2026-09-26 21:52:10.178) Memory.cpp:3200::computeTransform() Missing visual features or missing raw data to compute them. Transform cannot be estimated.[0m
[0m[ INFO] [1790473930.625346313, 1790471858.509022679]: rtabmap (1516): Rate=1.00s, Limit=0.000s, Conversion=0.0015s, RTAB-Map=0.6249s, Maps update=0.0027s pub=0.0001s (local map=1119, WM=1119)[0m
Warning: TF_REPEATED_DATA ignoring data with redundant timestamp for frame odom (parent map) at time 1790471858.754952 according to authority unknown_publisher
         at line 278 in /tmp/binarydeb/ros-noetic-tf2-0.7.7/src/buffer_core.cpp
[33m[ WARN] [1790473930.631426359, 1790471858.654952315]: TF_REPEATED_DATA ignoring data with redundant timestamp for frame odom (parent map) at time 1790471858.754952 according to authority unknown_publisher[0m
Warning: TF_REPEATED_DATA ignoring data with redundant timestamp for frame odom (parent map) at time 1790471858.754952 according to authority /rtabmap/rtabmap
         at line 278 in /tmp/binarydeb/ros-noetic-tf2-0.7.7/src/buffer_core.cpp
[33m[ WARN] (2026-09-26 21:52:11.142) Memory.cpp:3200::computeTransform() Missing visual features or missing raw data to compute them. Transform cannot be estimated.[0m
[33m[ WARN] (2026-09-26 21:52:11.143) Memory.cpp:3200::computeTransform() Missing visual features or missing raw data to compute them. Transform cannot be estimated.[0m
[0m[ INFO] [1790473931.436403211, 1790471859.452511121]: rtabmap (1517): Rate=1.00s, Limit=0.000s, Conversion=0.0014s, RTAB-Map=0.4510s, Maps update=0.0017s pub=0.0001s (local map=1120, WM=1120)[0m
[33m[ WARN] (2026-09-26 21:52:12.251) Memory.cpp:3200::computeTransform() Missing visual features or missing raw data to compute them. Transform cannot be estimated.[0m
[33m[ WARN] (2026-09-26 21:52:12.252) Memory.cpp:3200::computeTransform() Missing visual features or missing raw data to compute them. Transform cannot be estimated.[0m
[0m[ INFO] [1790473932.558746636, 1790471860.579966642]: rtabmap (1518): Rate=1.00s, Limit=0.000s, Conversion=0.0010s, RTAB-Map=0.4656s, Maps update=0.0014s pub=0.0001s (local map=1121, WM=1121)[0m
[33m[ WARN] (2026-09-26 21:52:13.363) Memory.cpp:3200::computeTransform() Missing visual features or missing raw data to compute them. Transform cannot be estimated.[0m
[33m[ WARN] (2026-09-26 21:52:13.363) Memory.cpp:3200::computeTransform() Missing visual features or missing raw data to compute them. Transform cannot be estimated.[0m
[0m[ INFO] [1790473933.696355341, 1790471861.720401719]: rtabmap (1519): Rate=1.00s, Limit=0.000s, Conversion=0.0015s, RTAB-Map=0.5036s, Maps update=0.0016s pub=0.0001s (local map=1122, WM=1122)[0m
[33m[ WARN] (2026-09-26 21:52:14.464) Memory.cpp:3200::computeTransform() Missing visual features or missing raw data to compute them. Transform cannot be estimated.[0m
[33m[ WARN] (2026-09-26 21:52:14.465) Memory.cpp:3200::computeTransform() Missing visual features or missing raw data to compute them. Transform cannot be estimated.[0m
[0m[ INFO] [1790473934.768613579, 1790471862.789854354]: rtabmap (1520): Rate=1.00s, Limit=0.000s, Conversion=0.0015s, RTAB-Map=0.4768s, Maps update=0.0017s pub=0.0001s (local map=1123, WM=1123)[0m
[33m[ WARN] (2026-09-26 21:52:15.467) Memory.cpp:3200::computeTransform() Missing visual features or missing raw data to compute them. Transform cannot be estimated.[0m
[33m[ WARN] (2026-09-26 21:52:15.467) Memory.cpp:3200::computeTransform() Missing visual features or missing raw data to compute them. Transform cannot be estimated.[0m
[0m[ INFO] [1790473935.839506326, 1790471863.857952793]: rtabmap (1521): Rate=1.00s, Limit=0.000s, Conversion=0.0013s, RTAB-Map=0.5504s, Maps update=0.0017s pub=0.0001s (local map=1124, WM=1124)[0m
[33m[ WARN] (2026-09-26 21:52:16.490) Memory.cpp:3200::computeTransform() Missing visual features or missing raw data to compute them. Transform cannot be estimated.[0m
[33m[ WARN] (2026-09-26 21:52:16.490) Memory.cpp:3200::computeTransform() Missing visual features or missing raw data to compute them. Transform cannot be estimated.[0m
[33m[ WARN] (2026-09-26 21:52:16.491) Memory.cpp:3200::computeTransform() Missing visual features or missing raw data to compute them. Transform cannot be estimated.[0m
[0m[ INFO] [1790473936.803513165, 1790471864.821204071]: rtabmap (1522): Rate=1.00s, Limit=0.000s, Conversion=0.0015s, RTAB-Map=0.4895s, Maps update=0.0022s pub=0.0001s (local map=1125, WM=1125)[0m
[33m[ WARN] (2026-09-26 21:52:17.570) Memory.cpp:3200::computeTransform() Missing visual features or missing raw data to compute them. Transform cannot be estimated.[0m
[33m[ WARN] (2026-09-26 21:52:17.571) Memory.cpp:3200::computeTransform() Missing visual features or missing raw data to compute them. Transform cannot be estimated.[0m
[33m[ WARN] (2026-09-26 21:52:17.571) Memory.cpp:3200::computeTransform() Missing visual features or missing raw data to compute them. Transform cannot be estimated.[0m
[0m[ INFO] [1790473937.913196227, 1790471865.932092204]: rtabmap (1523): Rate=1.00s, Limit=0.000s, Conversion=0.0015s, RTAB-Map=0.5185s, Maps update=0.0024s pub=0.0001s (local map=1126, WM=1126)[0m
[33m[ WARN] (2026-09-26 21:52:18.659) Memory.cpp:3200::computeTransform() Missing visual features or missing raw data to compute them. Transform cannot be estimated.[0m
[33m[ WARN] (2026-09-26 21:52:18.660) Memory.cpp:3200::computeTransform() Missing visual features or missing raw data to compute them. Transform cannot be estimated.[0m
[33m[ WARN] (2026-09-26 21:52:18.671) Memory.cpp:3200::computeTransform() Missing visual features or missing raw data to compute them. Transform cannot be estimated.[0m
[0m[ INFO] [1790473938.951397096, 1790471866.969129730]: rtabmap (1524): Rate=1.00s, Limit=0.000s, Conversion=0.0014s, RTAB-Map=0.4653s, Maps update=0.0015s pub=0.0001s (local map=1127, WM=1127)[0m
[33m[ WARN] (2026-09-26 21:52:19.754) Memory.cpp:3200::computeTransform() Missing visual features or missing raw data to compute them. Transform cannot be estimated.[0m
[33m[ WARN] (2026-09-26 21:52:19.755) Memory.cpp:3200::computeTransform() Missing visual features or missing raw data to compute them. Transform cannot be estimated.[0m
[33m[ WARN] (2026-09-26 21:52:19.755) Memory.cpp:3200::computeTransform() Missing visual features or missing raw data to compute them. Transform cannot be estimated.[0m
[0m[ INFO] [1790473940.031463681, 1790471868.048062605]: rtabmap (1525): Rate=1.00s, Limit=0.000s, Conversion=0.0016s, RTAB-Map=0.4514s, Maps update=0.0015s pub=0.0001s (local map=1128, WM=1128)[0m
[33m[ WARN] (2026-09-26 21:52:20.771) Memory.cpp:3200::computeTransform() Missing visual features or missing raw data to compute them. Transform cannot be estimated.[0m
[33m[ WARN] (2026-09-26 21:52:20.773) Memory.cpp:3200::computeTransform() Missing visual features or missing raw data to compute them. Transform cannot be estimated.[0m
[33m[ WARN] (2026-09-26 21:52:20.773) Memory.cpp:3200::computeTransform() Missing visual features or missing raw data to compute them. Transform cannot be estimated.[0m
[0m[ INFO] [1790473941.055755570, 1790471869.076080365]: rtabmap (1526): Rate=1.00s, Limit=0.000s, Conversion=0.0015s, RTAB-Map=0.4677s, Maps update=0.0015s pub=0.0001s (local map=1129, WM=1129)[0m
[33m[ WARN] (2026-09-26 21:52:21.865) Memory.cpp:3200::computeTransform() Missing visual features or missing raw data to compute them. Transform cannot be estimated.[0m
[33m[ WARN] (2026-09-26 21:52:21.866) Memory.cpp:3200::computeTransform() Missing visual features or missing raw data to compute them. Transform cannot be estimated.[0m
[33m[ WARN] (2026-09-26 21:52:21.866) Memory.cpp:3200::computeTransform() Missing visual features or missing raw data to compute them. Transform cannot be estimated.[0m
[0m[ INFO] [1790473942.193413668, 1790471870.215665079]: rtabmap (1527): Rate=1.00s, Limit=0.000s, Conversion=0.0008s, RTAB-Map=0.4846s, Maps update=0.0019s pub=0.0001s (local map=1130, WM=1130)[0m
[33m[ WARN] (2026-09-26 21:52:22.861) Memory.cpp:3200::computeTransform() Missing visual features or missing raw data to compute them. Transform cannot be estimated.[0m
[33m[ WARN] (2026-09-26 21:52:22.862) Memory.cpp:3200::computeTransform() Missing visual features or missing raw data to compute them. Transform cannot be estimated.[0m
[33m[ WARN] (2026-09-26 21:52:22.862) Memory.cpp:3200::computeTransform() Missing visual features or missing raw data to compute them. Transform cannot be estimated.[0m
[0m[ INFO] [1790473943.171371875, 1790471871.189300224]: rtabmap (1528): Rate=1.00s, Limit=0.000s, Conversion=0.0016s, RTAB-Map=0.4816s, Maps update=0.0019s pub=0.0001s (local map=1131, WM=1131)[0m
[33m[ WARN] (2026-09-26 21:52:23.950) Memory.cpp:3200::computeTransform() Missing visual features or missing raw data to compute them. Transform cannot be estimated.[0m
[33m[ WARN] (2026-09-26 21:52:23.960) Memory.cpp:3200::computeTransform() Missing visual features or missing raw data to compute them. Transform cannot be estimated.[0m
[33m[ WARN] (2026-09-26 21:52:23.961) Memory.cpp:3200::computeTransform() Missing visual features or missing raw data to compute them. Transform cannot be estimated.[0m
[0m[ INFO] [1790473944.239912194, 1790471872.260652162]: rtabmap (1529): Rate=1.00s, Limit=0.000s, Conversion=0.0015s, RTAB-Map=0.4525s, Maps update=0.0015s pub=0.0001s (local map=1132, WM=1132)[0m
[33m[ WARN] (2026-09-26 21:52:24.965) Memory.cpp:3200::computeTransform() Missing visual features or missing raw data to compute them. Transform cannot be estimated.[0m
[33m[ WARN] (2026-09-26 21:52:24.965) Memory.cpp:3200::computeTransform() Missing visual features or missing raw data to compute them. Transform cannot be estimated.[0m
[0m[ INFO] [1790473945.248305153, 1790471873.272161290]: rtabmap (1530): Rate=1.00s, Limit=0.000s, Conversion=0.0015s, RTAB-Map=0.4561s, Maps update=0.0016s pub=0.0001s (local map=1133, WM=1133)[0m
[33m[ WARN] (2026-09-26 21:52:26.097) Memory.cpp:3200::computeTransform() Missing visual features or missing raw data to compute them. Transform cannot be estimated.[0m
[33m[ WARN] (2026-09-26 21:52:26.097) Memory.cpp:3200::computeTransform() Missing visual features or missing raw data to compute them. Transform cannot be estimated.[0m
[0m[ INFO] [1790473946.371689942, 1790471874.386385514]: rtabmap (1531): Rate=1.00s, Limit=0.000s, Conversion=0.0014s, RTAB-Map=0.4461s, Maps update=0.0020s pub=0.0001s (local map=1134, WM=1134)[0m
[33m[ WARN] (2026-09-26 21:52:27.176) Memory.cpp:3200::computeTransform() Missing visual features or missing raw data to compute them. Transform cannot be estimated.[0m
[33m[ WARN] (2026-09-26 21:52:27.177) Memory.cpp:3200::computeTransform() Missing visual features or missing raw data to compute them. Transform cannot be estimated.[0m
[0m[ INFO] [1790473947.450610868, 1790471875.473958325]: rtabmap (1532): Rate=1.00s, Limit=0.000s, Conversion=0.0015s, RTAB-Map=0.4595s, Maps update=0.0018s pub=0.0001s (local map=1135, WM=1135)[0m
Warning: TF_REPEATED_DATA ignoring data with redundant timestamp for frame odom (parent map) at time 1790471875.724701 according to authority unknown_publisher
         at line 278 in /tmp/binarydeb/ros-noetic-tf2-0.7.7/src/buffer_core.cpp
[33m[ WARN] [1790473947.600396421, 1790471875.624701235]: TF_REPEATED_DATA ignoring data with redundant timestamp for frame odom (parent map) at time 1790471875.724701 according to authority unknown_publisher[0m
Warning: TF_REPEATED_DATA ignoring data with redundant timestamp for frame odom (parent map) at time 1790471875.724701 according to authority /rtabmap/rtabmap
         at line 278 in /tmp/binarydeb/ros-noetic-tf2-0.7.7/src/buffer_core.cpp
[33m[ WARN] (2026-09-26 21:52:28.255) Memory.cpp:3200::computeTransform() Missing visual features or missing raw data to compute them. Transform cannot be estimated.[0m
[33m[ WARN] (2026-09-26 21:52:28.255) Memory.cpp:3200::computeTransform() Missing visual features or missing raw data to compute them. Transform cannot be estimated.[0m
[0m[ INFO] [1790473948.523837479, 1790471876.544952460]: rtabmap (1533): Rate=1.00s, Limit=0.000s, Conversion=0.0011s, RTAB-Map=0.4395s, Maps update=0.0017s pub=0.0001s (local map=1136, WM=1136)[0m
[33m[ WARN] (2026-09-26 21:52:29.357) Memory.cpp:3200::computeTransform() Missing visual features or missing raw data to compute them. Transform cannot be estimated.[0m
[33m[ WARN] (2026-09-26 21:52:29.358) Memory.cpp:3200::computeTransform() Missing visual features or missing raw data to compute them. Transform cannot be estimated.[0m
[0m[ INFO] [1790473949.628231876, 1790471877.644203560]: rtabmap (1534): Rate=1.00s, Limit=0.000s, Conversion=0.0015s, RTAB-Map=0.4428s, Maps update=0.0017s pub=0.0001s (local map=1137, WM=1137)[0m
[33m[ WARN] (2026-09-26 21:52:30.342) Memory.cpp:3200::computeTransform() Missing visual features or missing raw data to compute them. Transform cannot be estimated.[0m
[33m[ WARN] (2026-09-26 21:52:30.343) Memory.cpp:3200::computeTransform() Missing visual features or missing raw data to compute them. Transform cannot be estimated.[0m
[0m[ INFO] [1790473950.630840434, 1790471878.648444715]: rtabmap (1535): Rate=1.00s, Limit=0.000s, Conversion=0.0010s, RTAB-Map=0.4443s, Maps update=0.0017s pub=0.0001s (local map=1138, WM=1138)[0m
[33m[ WARN] (2026-09-26 21:52:31.454) Memory.cpp:3200::computeTransform() Missing visual features or missing raw data to compute them. Transform cannot be estimated.[0m
[33m[ WARN] (2026-09-26 21:52:31.455) Memory.cpp:3200::computeTransform() Missing visual features or missing raw data to compute them. Transform cannot be estimated.[0m
[0m[ INFO] [1790473951.703876157, 1790471879.719814945]: rtabmap (1536): Rate=1.00s, Limit=0.000s, Conversion=0.0012s, RTAB-Map=0.4217s, Maps update=0.0018s pub=0.0001s (local map=1139, WM=1139)[0m
[33m[ WARN] (2026-09-26 21:52:32.547) Memory.cpp:3200::computeTransform() Missing visual features or missing raw data to compute them. Transform cannot be estimated.[0m
[33m[ WARN] (2026-09-26 21:52:32.548) Memory.cpp:3200::computeTransform() Missing visual features or missing raw data to compute them. Transform cannot be estimated.[0m
[0m[ INFO] [1790473952.800603764, 1790471880.822054014]: rtabmap (1537): Rate=1.00s, Limit=0.000s, Conversion=0.0009s, RTAB-Map=0.4105s, Maps update=0.0023s pub=0.0001s (local map=1140, WM=1140)[0m
[33m[ WARN] (2026-09-26 21:52:33.571) Memory.cpp:3200::computeTransform() Missing visual features or missing raw data to compute them. Transform cannot be estimated.[0m
[33m[ WARN] (2026-09-26 21:52:33.572) Memory.cpp:3200::computeTransform() Missing visual features or missing raw data to compute them. Transform cannot be estimated.[0m
[0m[ INFO] [1790473953.826051103, 1790471881.844411169]: rtabmap (1538): Rate=1.00s, Limit=0.000s, Conversion=0.0014s, RTAB-Map=0.4310s, Maps update=0.0015s pub=0.0001s (local map=1141, WM=1141)[0m
[33m[ WARN] (2026-09-26 21:52:34.651) Memory.cpp:3200::computeTransform() Missing visual features or missing raw data to compute them. Transform cannot be estimated.[0m
[33m[ WARN] (2026-09-26 21:52:34.652) Memory.cpp:3200::computeTransform() Missing visual features or missing raw data to compute them. Transform cannot be estimated.[0m
[0m[ INFO] [1790473954.915587831, 1790471882.933941881]: rtabmap (1539): Rate=1.00s, Limit=0.000s, Conversion=0.0009s, RTAB-Map=0.4199s, Maps update=0.0015s pub=0.0001s (local map=1142, WM=1142)[0m
[33m[ WARN] (2026-09-26 21:52:35.672) Memory.cpp:3200::computeTransform() Missing visual features or missing raw data to compute them. Transform cannot be estimated.[0m
[33m[ WARN] (2026-09-26 21:52:35.673) Memory.cpp:3200::computeTransform() Missing visual features or missing raw data to compute them. Transform cannot be estimated.[0m
[0m[ INFO] [1790473955.936828617, 1790471883.954162334]: rtabmap (1540): Rate=1.00s, Limit=0.000s, Conversion=0.0010s, RTAB-Map=0.4238s, Maps update=0.0016s pub=0.0001s (local map=1143, WM=1143)[0m
[33m[ WARN] (2026-09-26 21:52:36.744) Memory.cpp:3200::computeTransform() Missing visual features or missing raw data to compute them. Transform cannot be estimated.[0m
[33m[ WARN] (2026-09-26 21:52:36.744) Memory.cpp:3200::computeTransform() Missing visual features or missing raw data to compute them. Transform cannot be estimated.[0m
[0m[ INFO] [1790473957.014234499, 1790471885.038661330]: rtabmap (1541): Rate=1.00s, Limit=0.000s, Conversion=0.0012s, RTAB-Map=0.4290s, Maps update=0.0025s pub=0.0001s (local map=1144, WM=1144)[0m
[33m[ WARN] (2026-09-26 21:52:37.763) Memory.cpp:3200::computeTransform() Missing visual features or missing raw data to compute them. Transform cannot be estimated.[0m
[33m[ WARN] (2026-09-26 21:52:37.774) Memory.cpp:3200::computeTransform() Missing visual features or missing raw data to compute them. Transform cannot be estimated.[0m
[0m[ INFO] [1790473958.055678866, 1790471886.080822347]: rtabmap (1542): Rate=1.00s, Limit=0.000s, Conversion=0.0015s, RTAB-Map=0.4699s, Maps update=0.0018s pub=0.0002s (local map=1145, WM=1145)[0m
[33m[ WARN] (2026-09-26 21:52:38.783) Memory.cpp:3200::computeTransform() Missing visual features or missing raw data to compute them. Transform cannot be estimated.[0m
[33m[ WARN] (2026-09-26 21:52:38.784) Memory.cpp:3200::computeTransform() Missing visual features or missing raw data to compute them. Transform cannot be estimated.[0m
[0m[ INFO] [1790473959.046162456, 1790471887.067958566]: rtabmap (1543): Rate=1.00s, Limit=0.000s, Conversion=0.0015s, RTAB-Map=0.4517s, Maps update=0.0017s pub=0.0001s (local map=1146, WM=1146)[0m
[33m[ WARN] (2026-09-26 21:52:39.884) Memory.cpp:3200::computeTransform() Missing visual features or missing raw data to compute them. Transform cannot be estimated.[0m
[33m[ WARN] (2026-09-26 21:52:39.885) Memory.cpp:3200::computeTransform() Missing visual features or missing raw data to compute them. Transform cannot be estimated.[0m
[0m[ INFO] [1790473960.154479093, 1790471888.174280650]: rtabmap (1544): Rate=1.00s, Limit=0.000s, Conversion=0.0010s, RTAB-Map=0.4502s, Maps update=0.0017s pub=0.0001s (local map=1147, WM=1147)[0m
[33m[ WARN] (2026-09-26 21:52:40.969) Memory.cpp:3200::computeTransform() Missing visual features or missing raw data to compute them. Transform cannot be estimated.[0m
[33m[ WARN] (2026-09-26 21:52:40.980) Memory.cpp:3200::computeTransform() Missing visual features or missing raw data to compute them. Transform cannot be estimated.[0m
[0m[ INFO] [1790473961.232737043, 1790471889.254270078]: rtabmap (1545): Rate=1.00s, Limit=0.000s, Conversion=0.0011s, RTAB-Map=0.4441s, Maps update=0.0015s pub=0.0001s (local map=1148, WM=1148)[0m
[33m[ WARN] (2026-09-26 21:52:42.049) Memory.cpp:3200::computeTransform() Missing visual features or missing raw data to compute them. Transform cannot be estimated.[0m
[33m[ WARN] (2026-09-26 21:52:42.049) Memory.cpp:3200::computeTransform() Missing visual features or missing raw data to compute them. Transform cannot be estimated.[0m
[0m[ INFO] [1790473962.315501160, 1790471890.332294935]: rtabmap (1546): Rate=1.00s, Limit=0.000s, Conversion=0.0010s, RTAB-Map=0.4258s, Maps update=0.0025s pub=0.0001s (local map=1149, WM=1149)[0m
[33m[ WARN] (2026-09-26 21:52:43.189) Memory.cpp:3200::computeTransform() Missing visual features or missing raw data to compute them. Transform cannot be estimated.[0m
[33m[ WARN] (2026-09-26 21:52:43.190) Memory.cpp:3200::computeTransform() Missing visual features or missing raw data to compute them. Transform cannot be estimated.[0m
[0m[ INFO] [1790473963.477642891, 1790471891.494491259]: rtabmap (1547): Rate=1.00s, Limit=0.000s, Conversion=0.0015s, RTAB-Map=0.4815s, Maps update=0.0020s pub=0.0001s (local map=1150, WM=1150)[0m
[33m[ WARN] (2026-09-26 21:52:44.166) Memory.cpp:3200::computeTransform() Missing visual features or missing raw data to compute them. Transform cannot be estimated.[0m
[33m[ WARN] (2026-09-26 21:52:44.167) Memory.cpp:3200::computeTransform() Missing visual features or missing raw data to compute them. Transform cannot be estimated.[0m
[0m[ INFO] [1790473964.424615361, 1790471892.450223615]: rtabmap (1548): Rate=1.00s, Limit=0.000s, Conversion=0.0016s, RTAB-Map=0.4198s, Maps update=0.0017s pub=0.0001s (local map=1151, WM=1151)[0m
[33m[ WARN] (2026-09-26 21:52:45.164) Memory.cpp:3200::computeTransform() Missing visual features or missing raw data to compute them. Transform cannot be estimated.[0m
[33m[ WARN] (2026-09-26 21:52:45.165) Memory.cpp:3200::computeTransform() Missing visual features or missing raw data to compute them. Transform cannot be estimated.[0m
[0m[ INFO] [1790473965.430364191, 1790471893.447281327]: rtabmap (1549): Rate=1.00s, Limit=0.000s, Conversion=0.0010s, RTAB-Map=0.4442s, Maps update=0.0017s pub=0.0001s (local map=1152, WM=1152)[0m
Warning: TF_REPEATED_DATA ignoring data with redundant timestamp for frame odom (parent map) at time 1790471894.193331 according to authority unknown_publisher
         at line 278 in /tmp/binarydeb/ros-noetic-tf2-0.7.7/src/buffer_core.cpp
[33m[ WARN] [1790473966.069137419, 1790471894.093331479]: TF_REPEATED_DATA ignoring data with redundant timestamp for frame odom (parent map) at time 1790471894.193331 according to authority unknown_publisher[0m
Warning: TF_REPEATED_DATA ignoring data with redundant timestamp for frame odom (parent map) at time 1790471894.193331 according to authority /rtabmap/rtabmap
         at line 278 in /tmp/binarydeb/ros-noetic-tf2-0.7.7/src/buffer_core.cpp
[33m[ WARN] (2026-09-26 21:52:46.384) Memory.cpp:3200::computeTransform() Missing visual features or missing raw data to compute them. Transform cannot be estimated.[0m
[33m[ WARN] (2026-09-26 21:52:46.384) Memory.cpp:3200::computeTransform() Missing visual features or missing raw data to compute them. Transform cannot be estimated.[0m
[0m[ INFO] [1790473966.641893903, 1790471894.663128694]: rtabmap (1550): Rate=1.00s, Limit=0.000s, Conversion=0.0017s, RTAB-Map=0.4432s, Maps update=0.0015s pub=0.0001s (local map=1153, WM=1153)[0m
[33m[ WARN] (2026-09-26 21:52:47.360) Memory.cpp:3200::computeTransform() Missing visual features or missing raw data to compute them. Transform cannot be estimated.[0m
[33m[ WARN] (2026-09-26 21:52:47.360) Memory.cpp:3200::computeTransform() Missing visual features or missing raw data to compute them. Transform cannot be estimated.[0m
[0m[ INFO] [1790473967.622329993, 1790471895.644169208]: rtabmap (1551): Rate=1.00s, Limit=0.000s, Conversion=0.0016s, RTAB-Map=0.4347s, Maps update=0.0017s pub=0.0001s (local map=1154, WM=1154)[0m
[33m[ WARN] (2026-09-26 21:52:48.335) Memory.cpp:3200::computeTransform() Missing visual features or missing raw data to compute them. Transform cannot be estimated.[0m
[33m[ WARN] (2026-09-26 21:52:48.336) Memory.cpp:3200::computeTransform() Missing visual features or missing raw data to compute them. Transform cannot be estimated.[0m
[0m[ INFO] [1790473968.592951396, 1790471896.615130232]: rtabmap (1552): Rate=1.00s, Limit=0.000s, Conversion=0.0010s, RTAB-Map=0.4179s, Maps update=0.0015s pub=0.0001s (local map=1155, WM=1155)[0m
[33m[ WARN] (2026-09-26 21:52:49.434) Memory.cpp:3200::computeTransform() Missing visual features or missing raw data to compute them. Transform cannot be estimated.[0m
[33m[ WARN] (2026-09-26 21:52:49.434) Memory.cpp:3200::computeTransform() Missing visual features or missing raw data to compute them. Transform cannot be estimated.[0m
[0m[ INFO] [1790473969.679885890, 1790471897.700521026]: rtabmap (1553): Rate=1.00s, Limit=0.000s, Conversion=0.0009s, RTAB-Map=0.4012s, Maps update=0.0019s pub=0.0001s (local map=1156, WM=1156)[0m
[33m[ WARN] (2026-09-26 21:52:50.466) Memory.cpp:3200::computeTransform() Missing visual features or missing raw data to compute them. Transform cannot be estimated.[0m
[33m[ WARN] (2026-09-26 21:52:50.466) Memory.cpp:3200::computeTransform() Missing visual features or missing raw data to compute them. Transform cannot be estimated.[0m
[0m[ INFO] [1790473970.705846457, 1790471898.729827395]: rtabmap (1554): Rate=1.00s, Limit=0.000s, Conversion=0.0016s, RTAB-Map=0.4155s, Maps update=0.0018s pub=0.0001s (local map=1157, WM=1157)[0m
[33m[ WARN] (2026-09-26 21:52:51.457) Memory.cpp:3200::computeTransform() Missing visual features or missing raw data to compute them. Transform cannot be estimated.[0m
[33m[ WARN] (2026-09-26 21:52:51.457) Memory.cpp:3200::computeTransform() Missing visual features or missing raw data to compute them. Transform cannot be estimated.[0m
[0m[ INFO] [1790473971.699302449, 1790471899.721723880]: rtabmap (1555): Rate=1.00s, Limit=0.000s, Conversion=0.0012s, RTAB-Map=0.4061s, Maps update=0.0017s pub=0.0001s (local map=1158, WM=1158)[0m
[33m[ WARN] (2026-09-26 21:52:52.549) Memory.cpp:3200::computeTransform() Missing visual features or missing raw data to compute them. Transform cannot be estimated.[0m
[33m[ WARN] (2026-09-26 21:52:52.550) Memory.cpp:3200::computeTransform() Missing visual features or missing raw data to compute them. Transform cannot be estimated.[0m
[0m[ INFO] [1790473972.803613542, 1790471900.825075568]: rtabmap (1556): Rate=1.00s, Limit=0.000s, Conversion=0.0009s, RTAB-Map=0.4188s, Maps update=0.0018s pub=0.0001s (local map=1159, WM=1159)[0m
[33m[ WARN] (2026-09-26 21:52:53.561) Memory.cpp:3200::computeTransform() Missing visual features or missing raw data to compute them. Transform cannot be estimated.[0m
[33m[ WARN] (2026-09-26 21:52:53.572) Memory.cpp:3200::computeTransform() Missing visual features or missing raw data to compute them. Transform cannot be estimated.[0m
[0m[ INFO] [1790473973.803363627, 1790471901.820763298]: rtabmap (1557): Rate=1.00s, Limit=0.000s, Conversion=0.0012s, RTAB-Map=0.4088s, Maps update=0.0017s pub=0.0001s (local map=1160, WM=1160)[0m
[33m[ WARN] (2026-09-26 21:52:54.658) Memory.cpp:3200::computeTransform() Missing visual features or missing raw data to compute them. Transform cannot be estimated.[0m
[33m[ WARN] (2026-09-26 21:52:54.669) Memory.cpp:3200::computeTransform() Missing visual features or missing raw data to compute them. Transform cannot be estimated.[0m
[0m[ INFO] [1790473974.907885727, 1790471902.929720878]: rtabmap (1558): Rate=1.00s, Limit=0.000s, Conversion=0.0014s, RTAB-Map=0.4295s, Maps update=0.0018s pub=0.0001s (local map=1161, WM=1161)[0m
[33m[ WARN] (2026-09-26 21:52:55.732) Memory.cpp:3200::computeTransform() Missing visual features or missing raw data to compute them. Transform cannot be estimated.[0m
[33m[ WARN] (2026-09-26 21:52:55.743) Memory.cpp:3200::computeTransform() Missing visual features or missing raw data to compute them. Transform cannot be estimated.[0m
[0m[ INFO] [1790473975.994519823, 1790471904.011202748]: rtabmap (1559): Rate=1.00s, Limit=0.000s, Conversion=0.0010s, RTAB-Map=0.4223s, Maps update=0.0016s pub=0.0001s (local map=1162, WM=1162)[0m
[33m[ WARN] (2026-09-26 21:52:56.763) Memory.cpp:3200::computeTransform() Missing visual features or missing raw data to compute them. Transform cannot be estimated.[0m
[33m[ WARN] (2026-09-26 21:52:56.773) Memory.cpp:3200::computeTransform() Missing visual features or missing raw data to compute them. Transform cannot be estimated.[0m
[0m[ INFO] [1790473977.012771322, 1790471905.032622159]: rtabmap (1560): Rate=1.00s, Limit=0.000s, Conversion=0.0015s, RTAB-Map=0.4167s, Maps update=0.0017s pub=0.0001s (local map=1163, WM=1163)[0m
[33m[ WARN] (2026-09-26 21:52:57.843) Memory.cpp:3200::computeTransform() Missing visual features or missing raw data to compute them. Transform cannot be estimated.[0m
[33m[ WARN] (2026-09-26 21:52:57.854) Memory.cpp:3200::computeTransform() Missing visual features or missing raw data to compute them. Transform cannot be estimated.[0m
[0m[ INFO] [1790473978.122026756, 1790471906.143198251]: rtabmap (1561): Rate=1.00s, Limit=0.000s, Conversion=0.0008s, RTAB-Map=0.4274s, Maps update=0.0016s pub=0.0001s (local map=1164, WM=1164)[0m
[33m[ WARN] (2026-09-26 21:52:58.854) Memory.cpp:3200::computeTransform() Missing visual features or missing raw data to compute them. Transform cannot be estimated.[0m
[33m[ WARN] (2026-09-26 21:52:58.855) Memory.cpp:3200::computeTransform() Missing visual features or missing raw data to compute them. Transform cannot be estimated.[0m
[0m[ INFO] [1790473979.111271356, 1790471907.134730304]: rtabmap (1562): Rate=1.00s, Limit=0.000s, Conversion=0.0015s, RTAB-Map=0.4253s, Maps update=0.0024s pub=0.0001s (local map=1165, WM=1165)[0m
[33m[ WARN] (2026-09-26 21:52:59.952) Memory.cpp:3200::computeTransform() Missing visual features or missing raw data to compute them. Transform cannot be estimated.[0m
[33m[ WARN] (2026-09-26 21:52:59.965) Memory.cpp:3200::computeTransform() Missing visual features or missing raw data to compute them. Transform cannot be estimated.[0m
[0m[ INFO] [1790473980.237980928, 1790471908.254322793]: rtabmap (1563): Rate=1.00s, Limit=0.000s, Conversion=0.0015s, RTAB-Map=0.4458s, Maps update=0.0016s pub=0.0001s (local map=1166, WM=1166)[0m
[33m[ WARN] (2026-09-26 21:53:00.939) Memory.cpp:3200::computeTransform() Missing visual features or missing raw data to compute them. Transform cannot be estimated.[0m
[33m[ WARN] (2026-09-26 21:53:00.939) Memory.cpp:3200::computeTransform() Missing visual features or missing raw data to compute them. Transform cannot be estimated.[0m
[0m[ INFO] [1790473981.198293735, 1790471909.223164060]: rtabmap (1564): Rate=1.00s, Limit=0.000s, Conversion=0.0011s, RTAB-Map=0.4116s, Maps update=0.0020s pub=0.0001s (local map=1167, WM=1167)[0m
[33m[ WARN] (2026-09-26 21:53:01.952) Memory.cpp:3200::computeTransform() Missing visual features or missing raw data to compute them. Transform cannot be estimated.[0m
[33m[ WARN] (2026-09-26 21:53:01.953) Memory.cpp:3200::computeTransform() Missing visual features or missing raw data to compute them. Transform cannot be estimated.[0m
[0m[ INFO] [1790473982.214442031, 1790471910.236990727]: rtabmap (1565): Rate=1.00s, Limit=0.000s, Conversion=0.0016s, RTAB-Map=0.4317s, Maps update=0.0017s pub=0.0001s (local map=1168, WM=1168)[0m
[33m[ WARN] (2026-09-26 21:53:02.992) Memory.cpp:3200::computeTransform() Missing visual features or missing raw data to compute them. Transform cannot be estimated.[0m
[33m[ WARN] (2026-09-26 21:53:02.993) Memory.cpp:3200::computeTransform() Missing visual features or missing raw data to compute them. Transform cannot be estimated.[0m
[0m[ INFO] [1790473983.280596174, 1790471911.295328195]: rtabmap (1566): Rate=1.00s, Limit=0.000s, Conversion=0.0018s, RTAB-Map=0.4689s, Maps update=0.0033s pub=0.0001s (local map=1169, WM=1169)[0m
[33m[ WARN] (2026-09-26 21:53:04.059) Memory.cpp:3200::computeTransform() Missing visual features or missing raw data to compute them. Transform cannot be estimated.[0m
[33m[ WARN] (2026-09-26 21:53:04.070) Memory.cpp:3200::computeTransform() Missing visual features or missing raw data to compute them. Transform cannot be estimated.[0m
[0m[ INFO] [1790473984.378523071, 1790471912.400614929]: rtabmap (1567): Rate=1.00s, Limit=0.000s, Conversion=0.0010s, RTAB-Map=0.4805s, Maps update=0.0020s pub=0.0001s (local map=1170, WM=1170)[0m
Warning: TF_REPEATED_DATA ignoring data with redundant timestamp for frame odom (parent map) at time 1790471912.652694 according to authority unknown_publisher
         at line 278 in /tmp/binarydeb/ros-noetic-tf2-0.7.7/src/buffer_core.cpp
Warning: TF_REPEATED_DATA ignoring data with redundant timestamp for frame odom (parent map) at time 1790471912.652694 according to authority /rtabmap/rtabmap
         at line 278 in /tmp/binarydeb/ros-noetic-tf2-0.7.7/src/buffer_core.cpp
[33m[ WARN] [1790473984.534174802, 1790471912.552693431]: TF_REPEATED_DATA ignoring data with redundant timestamp for frame odom (parent map) at time 1790471912.652694 according to authority unknown_publisher[0m
[33m[ WARN] (2026-09-26 21:53:05.059) Memory.cpp:3200::computeTransform() Missing visual features or missing raw data to compute them. Transform cannot be estimated.[0m
[33m[ WARN] (2026-09-26 21:53:05.060) Memory.cpp:3200::computeTransform() Missing visual features or missing raw data to compute them. Transform cannot be estimated.[0m
[33m[ WARN] (2026-09-26 21:53:05.060) Memory.cpp:3200::computeTransform() Missing visual features or missing raw data to compute them. Transform cannot be estimated.[0m
[0m[ INFO] [1790473985.325019184, 1790471913.344221086]: rtabmap (1568): Rate=1.00s, Limit=0.000s, Conversion=0.0015s, RTAB-Map=0.4511s, Maps update=0.0015s pub=0.0001s (local map=1171, WM=1171)[0m
[33m[ WARN] (2026-09-26 21:53:06.144) Memory.cpp:3200::computeTransform() Missing visual features or missing raw data to compute them. Transform cannot be estimated.[0m
[33m[ WARN] (2026-09-26 21:53:06.145) Memory.cpp:3200::computeTransform() Missing visual features or missing raw data to compute them. Transform cannot be estimated.[0m
[33m[ WARN] (2026-09-26 21:53:06.145) Memory.cpp:3200::computeTransform() Missing visual features or missing raw data to compute them. Transform cannot be estimated.[0m
[0m[ INFO] [1790473986.410408031, 1790471914.436346305]: rtabmap (1569): Rate=1.00s, Limit=0.000s, Conversion=0.0014s, RTAB-Map=0.4354s, Maps update=0.0019s pub=0.0001s (local map=1172, WM=1172)[0m
[33m[ WARN] (2026-09-26 21:53:07.256) Memory.cpp:3200::computeTransform() Missing visual features or missing raw data to compute them. Transform cannot be estimated.[0m
[33m[ WARN] (2026-09-26 21:53:07.257) Memory.cpp:3200::computeTransform() Missing visual features or missing raw data to compute them. Transform cannot be estimated.[0m
[33m[ WARN] (2026-09-26 21:53:07.257) Memory.cpp:3200::computeTransform() Missing visual features or missing raw data to compute them. Transform cannot be estimated.[0m
[0m[ INFO] [1790473987.556693550, 1790471915.575361973]: rtabmap (1570): Rate=1.00s, Limit=0.000s, Conversion=0.0014s, RTAB-Map=0.4761s, Maps update=0.0016s pub=0.0001s (local map=1173, WM=1173)[0m
[33m[ WARN] (2026-09-26 21:53:08.270) Memory.cpp:3200::computeTransform() Missing visual features or missing raw data to compute them. Transform cannot be estimated.[0m
[33m[ WARN] (2026-09-26 21:53:08.270) Memory.cpp:3200::computeTransform() Missing visual features or missing raw data to compute them. Transform cannot be estimated.[0m
[33m[ WARN] (2026-09-26 21:53:08.270) Memory.cpp:3200::computeTransform() Missing visual features or missing raw data to compute them. Transform cannot be estimated.[0m
[0m[ INFO] [1790473988.633217097, 1790471916.652092978]: rtabmap (1571): Rate=1.00s, Limit=0.000s, Conversion=0.0016s, RTAB-Map=0.5532s, Maps update=0.0017s pub=0.0001s (local map=1174, WM=1174)[0m
[33m[ WARN] (2026-09-26 21:53:09.241) Memory.cpp:3200::computeTransform() Missing visual features or missing raw data to compute them. Transform cannot be estimated.[0m
[33m[ WARN] (2026-09-26 21:53:09.241) Memory.cpp:3200::computeTransform() Missing visual features or missing raw data to compute them. Transform cannot be estimated.[0m
[33m[ WARN] (2026-09-26 21:53:09.242) Memory.cpp:3200::computeTransform() Missing visual features or missing raw data to compute them. Transform cannot be estimated.[0m
[0m[ INFO] [1790473989.525353156, 1790471917.550143608]: rtabmap (1572): Rate=1.00s, Limit=0.000s, Conversion=0.0011s, RTAB-Map=0.4445s, Maps update=0.0018s pub=0.0001s (local map=1175, WM=1175)[0m
[33m[ WARN] (2026-09-26 21:53:10.371) Memory.cpp:3200::computeTransform() Missing visual features or missing raw data to compute them. Transform cannot be estimated.[0m
[33m[ WARN] (2026-09-26 21:53:10.372) Memory.cpp:3200::computeTransform() Missing visual features or missing raw data to compute them. Transform cannot be estimated.[0m
[33m[ WARN] (2026-09-26 21:53:10.372) Memory.cpp:3200::computeTransform() Missing visual features or missing raw data to compute them. Transform cannot be estimated.[0m
[0m[ INFO] [1790473990.687445206, 1790471918.703926881]: rtabmap (1573): Rate=1.00s, Limit=0.000s, Conversion=0.0016s, RTAB-Map=0.5009s, Maps update=0.0023s pub=0.0001s (local map=1176, WM=1176)[0m
[33m[ WARN] (2026-09-26 21:53:11.375) Memory.cpp:3200::computeTransform() Missing visual features or missing raw data to compute them. Transform cannot be estimated.[0m
[33m[ WARN] (2026-09-26 21:53:11.376) Memory.cpp:3200::computeTransform() Missing visual features or missing raw data to compute them. Transform cannot be estimated.[0m
[33m[ WARN] (2026-09-26 21:53:11.387) Memory.cpp:3200::computeTransform() Missing visual features or missing raw data to compute them. Transform cannot be estimated.[0m
[0m[ INFO] [1790473991.689001623, 1790471919.707353561]: rtabmap (1574): Rate=1.00s, Limit=0.000s, Conversion=0.0015s, RTAB-Map=0.5091s, Maps update=0.0018s pub=0.0001s (local map=1177, WM=1177)[0m
[33m[ WARN] (2026-09-26 21:53:12.470) Memory.cpp:3200::computeTransform() Missing visual features or missing raw data to compute them. Transform cannot be estimated.[0m
[33m[ WARN] (2026-09-26 21:53:12.470) Memory.cpp:3200::computeTransform() Missing visual features or missing raw data to compute them. Transform cannot be estimated.[0m
[33m[ WARN] (2026-09-26 21:53:12.471) Memory.cpp:3200::computeTransform() Missing visual features or missing raw data to compute them. Transform cannot be estimated.[0m
[0m[ INFO] [1790473992.836827825, 1790471920.853898115]: rtabmap (1575): Rate=1.00s, Limit=0.000s, Conversion=0.0017s, RTAB-Map=0.5541s, Maps update=0.0017s pub=0.0001s (local map=1178, WM=1178)[0m
[33m[ WARN] (2026-09-26 21:53:13.461) Memory.cpp:3200::computeTransform() Missing visual features or missing raw data to compute them. Transform cannot be estimated.[0m
[33m[ WARN] (2026-09-26 21:53:13.461) Memory.cpp:3200::computeTransform() Missing visual features or missing raw data to compute them. Transform cannot be estimated.[0m
[33m[ WARN] (2026-09-26 21:53:13.472) Memory.cpp:3200::computeTransform() Missing visual features or missing raw data to compute them. Transform cannot be estimated.[0m
[0m[ INFO] [1790473993.805702993, 1790471921.822583649]: rtabmap (1576): Rate=1.00s, Limit=0.000s, Conversion=0.0010s, RTAB-Map=0.5206s, Maps update=0.0020s pub=0.0001s (local map=1179, WM=1179)[0m
[33m[ WARN] (2026-09-26 21:53:14.539) Memory.cpp:3200::computeTransform() Missing visual features or missing raw data to compute them. Transform cannot be estimated.[0m
[33m[ WARN] (2026-09-26 21:53:14.549) Memory.cpp:3200::computeTransform() Missing visual features or missing raw data to compute them. Transform cannot be estimated.[0m
[33m[ WARN] (2026-09-26 21:53:14.549) Memory.cpp:3200::computeTransform() Missing visual features or missing raw data to compute them. Transform cannot be estimated.[0m
[0m[ INFO] [1790473994.844542405, 1790471922.866259602]: rtabmap (1577): Rate=1.00s, Limit=0.000s, Conversion=0.0011s, RTAB-Map=0.4674s, Maps update=0.0017s pub=0.0001s (local map=1180, WM=1180)[0m
[0m[ INFO] [1790473995.759614809, 1790471923.769413040]: rtabmap (1578): Rate=1.00s, Limit=0.000s, Conversion=0.0013s, RTAB-Map=0.3702s, Maps update=0.0017s pub=0.0001s (local map=1180, WM=1180)[0m
[0m[ INFO] [1790473996.823606312, 1790471924.845515480]: rtabmap (1579): Rate=1.00s, Limit=0.000s, Conversion=0.0016s, RTAB-Map=0.3355s, Maps update=0.0017s pub=0.0001s (local map=1180, WM=1180)[0m
[0m[ INFO] [1790473997.968164976, 1790471925.986657173]: rtabmap (1580): Rate=1.00s, Limit=0.000s, Conversion=0.0019s, RTAB-Map=0.3742s, Maps update=0.0026s pub=0.0001s (local map=1180, WM=1180)[0m
[0m[ INFO] [1790473999.028200361, 1790471927.047704187]: rtabmap (1581): Rate=1.00s, Limit=0.000s, Conversion=0.0012s, RTAB-Map=0.3355s, Maps update=0.0023s pub=0.0001s (local map=1180, WM=1180)[0m
[0m[ INFO] [1790474000.044798236, 1790471928.069735954]: rtabmap (1582): Rate=1.00s, Limit=0.000s, Conversion=0.0009s, RTAB-Map=0.3611s, Maps update=0.0019s pub=0.0001s (local map=1180, WM=1180)[0m
[0m[ INFO] [1790474001.138283800, 1790471929.160426539]: rtabmap (1583): Rate=1.00s, Limit=0.000s, Conversion=0.0017s, RTAB-Map=0.3419s, Maps update=0.0017s pub=0.0001s (local map=1180, WM=1180)[0m
[0m[ INFO] [1790474002.129322852, 1790471930.152726503]: rtabmap (1584): Rate=1.00s, Limit=0.000s, Conversion=0.0008s, RTAB-Map=0.3347s, Maps update=0.0018s pub=0.0001s (local map=1180, WM=1180)[0m
[0m[ INFO] [1790474003.253615939, 1790471931.273441112]: rtabmap (1585): Rate=1.00s, Limit=0.000s, Conversion=0.0015s, RTAB-Map=0.3622s, Maps update=0.0018s pub=0.0001s (local map=1180, WM=1180)[0m
[0m[ INFO] [1790474004.349620538, 1790471932.365202906]: rtabmap (1586): Rate=1.00s, Limit=0.000s, Conversion=0.0013s, RTAB-Map=0.3524s, Maps update=0.0019s pub=0.0001s (local map=1180, WM=1180)[0m
[0m[ INFO] [1790474005.334100463, 1790471933.356134752]: rtabmap (1587): Rate=1.00s, Limit=0.000s, Conversion=0.0015s, RTAB-Map=0.3285s, Maps update=0.0019s pub=0.0001s (local map=1180, WM=1180)[0m
[0m[ INFO] [1790474006.444527481, 1790471934.466028996]: rtabmap (1588): Rate=1.00s, Limit=0.000s, Conversion=0.0013s, RTAB-Map=0.3477s, Maps update=0.0017s pub=0.0001s (local map=1180, WM=1180)[0m
[0m[ INFO] [1790474007.488769053, 1790471935.504692833]: rtabmap (1589): Rate=1.00s, Limit=0.000s, Conversion=0.0018s, RTAB-Map=0.3650s, Maps update=0.0018s pub=0.0001s (local map=1180, WM=1180)[0m
[0m[ INFO] [1790474008.473910742, 1790471936.492855712]: rtabmap (1590): Rate=1.00s, Limit=0.000s, Conversion=0.0009s, RTAB-Map=0.3516s, Maps update=0.0021s pub=0.0001s (local map=1180, WM=1180)[0m
[0m[ INFO] [1790474009.557327941, 1790471937.573258666]: rtabmap (1591): Rate=1.00s, Limit=0.000s, Conversion=0.0011s, RTAB-Map=0.3357s, Maps update=0.0016s pub=0.0001s (local map=1180, WM=1180)[0m
[0m[ INFO] [1790474010.634146080, 1790471938.656011504]: rtabmap (1592): Rate=1.00s, Limit=0.000s, Conversion=0.0009s, RTAB-Map=0.3134s, Maps update=0.0017s pub=0.0001s (local map=1180, WM=1180)[0m
[0m[ INFO] [1790474011.640141179, 1790471939.663997924]: rtabmap (1593): Rate=1.00s, Limit=0.000s, Conversion=0.0010s, RTAB-Map=0.3272s, Maps update=0.0018s pub=0.0001s (local map=1180, WM=1180)[0m
[0m[ INFO] [1790474012.730433725, 1790471940.746435970]: rtabmap (1594): Rate=1.00s, Limit=0.000s, Conversion=0.0011s, RTAB-Map=0.3455s, Maps update=0.0018s pub=0.0001s (local map=1180, WM=1180)[0m
[0m[ INFO] [1790474013.828635104, 1790471941.844585605]: rtabmap (1595): Rate=1.00s, Limit=0.000s, Conversion=0.0015s, RTAB-Map=0.3500s, Maps update=0.0018s pub=0.0001s (local map=1180, WM=1180)[0m
[0m[ INFO] [1790474014.843972909, 1790471942.863989637]: rtabmap (1596): Rate=1.00s, Limit=0.000s, Conversion=0.0013s, RTAB-Map=0.3495s, Maps update=0.0017s pub=0.0001s (local map=1180, WM=1180)[0m
[0m[ INFO] [1790474015.845757292, 1790471943.865959751]: rtabmap (1597): Rate=1.00s, Limit=0.000s, Conversion=0.0015s, RTAB-Map=0.3586s, Maps update=0.0019s pub=0.0001s (local map=1180, WM=1180)[0m
[0m[ INFO] [1790474016.828700221, 1790471944.846119060]: rtabmap (1598): Rate=1.00s, Limit=0.000s, Conversion=0.0009s, RTAB-Map=0.3487s, Maps update=0.0021s pub=0.0001s (local map=1180, WM=1180)[0m
[0m[ INFO] [1790474017.945326466, 1790471945.962103410]: rtabmap (1599): Rate=1.00s, Limit=0.000s, Conversion=0.0014s, RTAB-Map=0.3604s, Maps update=0.0020s pub=0.0001s (local map=1180, WM=1180)[0m
[0m[ INFO] [1790474019.063467929, 1790471947.081414775]: rtabmap (1600): Rate=1.00s, Limit=0.000s, Conversion=0.0016s, RTAB-Map=0.3618s, Maps update=0.0018s pub=0.0001s (local map=1180, WM=1180)[0m
[0m[ INFO] [1790474020.141552469, 1790471948.165567167]: rtabmap (1601): Rate=1.00s, Limit=0.000s, Conversion=0.0010s, RTAB-Map=0.3527s, Maps update=0.0017s pub=0.0001s (local map=1180, WM=1180)[0m
[0m[ INFO] [1790474021.230686810, 1790471949.253947995]: rtabmap (1602): Rate=1.00s, Limit=0.000s, Conversion=0.0014s, RTAB-Map=0.3466s, Maps update=0.0018s pub=0.0001s (local map=1180, WM=1180)[0m
[0m[ INFO] [1790474022.238974466, 1790471950.259781540]: rtabmap (1603): Rate=1.00s, Limit=0.000s, Conversion=0.0016s, RTAB-Map=0.3484s, Maps update=0.0016s pub=0.0001s (local map=1180, WM=1180)[0m
[0m[ INFO] [1790474023.339954361, 1790471951.363870083]: rtabmap (1604): Rate=1.00s, Limit=0.000s, Conversion=0.0016s, RTAB-Map=0.3596s, Maps update=0.0017s pub=0.0001s (local map=1180, WM=1180)[0m
[0m[ INFO] [1790474024.362758422, 1790471952.385360558]: rtabmap (1605): Rate=1.00s, Limit=0.000s, Conversion=0.0012s, RTAB-Map=0.3877s, Maps update=0.0027s pub=0.0001s (local map=1180, WM=1180)[0m
[0m[ INFO] [1790474025.412360354, 1790471953.433553065]: rtabmap (1606): Rate=1.00s, Limit=0.000s, Conversion=0.0010s, RTAB-Map=0.3386s, Maps update=0.0019s pub=0.0001s (local map=1180, WM=1180)[0m
[0m[ INFO] [1790474026.460616828, 1790471954.486007864]: rtabmap (1607): Rate=1.00s, Limit=0.000s, Conversion=0.0013s, RTAB-Map=0.3588s, Maps update=0.0023s pub=0.0001s (local map=1180, WM=1180)[0m
[0m[ INFO] [1790474027.544772152, 1790471955.570092019]: rtabmap (1608): Rate=1.00s, Limit=0.000s, Conversion=0.0016s, RTAB-Map=0.3568s, Maps update=0.0019s pub=0.0001s (local map=1180, WM=1180)[0m
[0m[ INFO] [1790474028.660352447, 1790471956.684049061]: rtabmap (1609): Rate=1.00s, Limit=0.000s, Conversion=0.0009s, RTAB-Map=0.3643s, Maps update=0.0018s pub=0.0001s (local map=1180, WM=1180)[0m
[0m[ INFO] [1790474029.753198309, 1790471957.771520520]: rtabmap (1610): Rate=1.00s, Limit=0.000s, Conversion=0.0015s, RTAB-Map=0.3638s, Maps update=0.0018s pub=0.0001s (local map=1180, WM=1180)[0m
[0m[ INFO] [1790474030.856012648, 1790471958.877852503]: rtabmap (1611): Rate=1.00s, Limit=0.000s, Conversion=0.0013s, RTAB-Map=0.3698s, Maps update=0.0017s pub=0.0001s (local map=1180, WM=1180)[0m
[0m[ INFO] [1790474031.845111024, 1790471959.869470111]: rtabmap (1612): Rate=1.00s, Limit=0.000s, Conversion=0.0015s, RTAB-Map=0.3467s, Maps update=0.0018s pub=0.0001s (local map=1180, WM=1180)[0m
[0m[ INFO] [1790474032.834264760, 1790471960.857205781]: rtabmap (1613): Rate=1.00s, Limit=0.000s, Conversion=0.0009s, RTAB-Map=0.3554s, Maps update=0.0019s pub=0.0001s (local map=1180, WM=1180)[0m
[0m[ INFO] [1790474033.960413083, 1790471961.981214814]: rtabmap (1614): Rate=1.00s, Limit=0.000s, Conversion=0.0016s, RTAB-Map=0.3593s, Maps update=0.0020s pub=0.0001s (local map=1180, WM=1180)[0m
[0m[ INFO] [1790474034.949240188, 1790471962.972533790]: rtabmap (1615): Rate=1.00s, Limit=0.000s, Conversion=0.0016s, RTAB-Map=0.3606s, Maps update=0.0018s pub=0.0001s (local map=1180, WM=1180)[0m
[0m[ INFO] [1790474035.947836694, 1790471963.968592504]: rtabmap (1616): Rate=1.00s, Limit=0.000s, Conversion=0.0015s, RTAB-Map=0.3542s, Maps update=0.0019s pub=0.0001s (local map=1180, WM=1180)[0m
[0m[ INFO] [1790474037.062090271, 1790471965.078206374]: rtabmap (1617): Rate=1.00s, Limit=0.000s, Conversion=0.0014s, RTAB-Map=0.3665s, Maps update=0.0018s pub=0.0001s (local map=1180, WM=1180)[0m
[0m[ INFO] [1790474038.043981796, 1790471966.059959209]: rtabmap (1618): Rate=1.00s, Limit=0.000s, Conversion=0.0016s, RTAB-Map=0.3633s, Maps update=0.0016s pub=0.0001s (local map=1180, WM=1180)[0m
[0m[ INFO] [1790474039.042684123, 1790471967.061149312]: rtabmap (1619): Rate=1.00s, Limit=0.000s, Conversion=0.0016s, RTAB-Map=0.3619s, Maps update=0.0019s pub=0.0001s (local map=1180, WM=1180)[0m
[0m[ INFO] [1790474040.037361854, 1790471968.058838536]: rtabmap (1620): Rate=1.00s, Limit=0.000s, Conversion=0.0010s, RTAB-Map=0.3445s, Maps update=0.0019s pub=0.0001s (local map=1180, WM=1180)[0m
[0m[ INFO] [1790474041.106092035, 1790471969.122747921]: rtabmap (1621): Rate=1.00s, Limit=0.000s, Conversion=0.0016s, RTAB-Map=0.3281s, Maps update=0.0017s pub=0.0001s (local map=1180, WM=1180)[0m
[0m[ INFO] [1790474042.143565917, 1790471970.165012008]: rtabmap (1622): Rate=1.00s, Limit=0.000s, Conversion=0.0013s, RTAB-Map=0.3425s, Maps update=0.0016s pub=0.0001s (local map=1180, WM=1180)[0m
[0m[ INFO] [1790474043.157548943, 1790471971.176335704]: rtabmap (1623): Rate=1.00s, Limit=0.000s, Conversion=0.0014s, RTAB-Map=0.3707s, Maps update=0.0019s pub=0.0001s (local map=1180, WM=1180)[0m
[0m[ INFO] [1790474044.274009127, 1790471972.299764360]: rtabmap (1624): Rate=1.00s, Limit=0.000s, Conversion=0.0010s, RTAB-Map=0.3733s, Maps update=0.0029s pub=0.0001s (local map=1180, WM=1180)[0m
[0m[ INFO] [1790474045.344998882, 1790471973.370833252]: rtabmap (1625): Rate=1.00s, Limit=0.000s, Conversion=0.0014s, RTAB-Map=0.3523s, Maps update=0.0017s pub=0.0001s (local map=1180, WM=1180)[0m
[0m[ INFO] [1790474046.351912726, 1790471974.370720383]: rtabmap (1626): Rate=1.00s, Limit=0.000s, Conversion=0.0015s, RTAB-Map=0.3479s, Maps update=0.0016s pub=0.0001s (local map=1180, WM=1180)[0m
[0m[ INFO] [1790474047.342019637, 1790471975.366451429]: rtabmap (1627): Rate=1.00s, Limit=0.000s, Conversion=0.0013s, RTAB-Map=0.3585s, Maps update=0.0019s pub=0.0001s (local map=1180, WM=1180)[0m
[0m[ INFO] [1790474048.365285172, 1790471976.388538421]: rtabmap (1628): Rate=1.00s, Limit=0.000s, Conversion=0.0015s, RTAB-Map=0.3762s, Maps update=0.0025s pub=0.0001s (local map=1180, WM=1180)[0m
[0m[ INFO] [1790474049.478246296, 1790471977.498761047]: rtabmap (1629): Rate=1.00s, Limit=0.000s, Conversion=0.0010s, RTAB-Map=0.3691s, Maps update=0.0022s pub=0.0001s (local map=1180, WM=1180)[0m
[0m[ INFO] [1790474050.547524470, 1790471978.571626082]: rtabmap (1630): Rate=1.00s, Limit=0.000s, Conversion=0.0013s, RTAB-Map=0.3603s, Maps update=0.0017s pub=0.0001s (local map=1180, WM=1180)[0m
[0m[ INFO] [1790474051.523997316, 1790471979.546986818]: rtabmap (1631): Rate=1.00s, Limit=0.000s, Conversion=0.0011s, RTAB-Map=0.3426s, Maps update=0.0022s pub=0.0001s (local map=1180, WM=1180)[0m
[0m[ INFO] [1790474052.537371488, 1790471980.559642517]: rtabmap (1632): Rate=1.00s, Limit=0.000s, Conversion=0.0011s, RTAB-Map=0.3463s, Maps update=0.0032s pub=0.0001s (local map=1180, WM=1180)[0m
[0m[ INFO] [1790474053.645709156, 1790471981.671415716]: rtabmap (1633): Rate=1.00s, Limit=0.000s, Conversion=0.0013s, RTAB-Map=0.3612s, Maps update=0.0018s pub=0.0001s (local map=1180, WM=1180)[0m
[0m[ INFO] [1790474054.616062816, 1790471982.638435766]: rtabmap (1634): Rate=1.00s, Limit=0.000s, Conversion=0.0011s, RTAB-Map=0.3364s, Maps update=0.0019s pub=0.0001s (local map=1180, WM=1180)[0m
[0m[ INFO] [1790474055.749598493, 1790471983.768831564]: rtabmap (1635): Rate=1.00s, Limit=0.000s, Conversion=0.0013s, RTAB-Map=0.3542s, Maps update=0.0024s pub=0.0001s (local map=1180, WM=1180)[0m
[0m[ INFO] [1790474056.743184155, 1790471984.761625792]: rtabmap (1636): Rate=1.00s, Limit=0.000s, Conversion=0.0010s, RTAB-Map=0.3502s, Maps update=0.0018s pub=0.0001s (local map=1180, WM=1180)[0m
[0m[ INFO] [1790474057.853659699, 1790471985.802770609]: rtabmap (1637): Rate=1.00s, Limit=0.000s, Conversion=0.0009s, RTAB-Map=0.3370s, Maps update=0.0016s pub=0.0001s (local map=1180, WM=1180)[0m
Warning: TF_REPEATED_DATA ignoring data with redundant timestamp for frame odom (parent map) at time 1790471986.056276 according to authority unknown_publisher
         at line 278 in /tmp/binarydeb/ros-noetic-tf2-0.7.7/src/buffer_core.cpp
[33m[ WARN] [1790474057.932401488, 1790471985.956275704]: TF_REPEATED_DATA ignoring data with redundant timestamp for frame odom (parent map) at time 1790471986.056276 according to authority unknown_publisher[0m
Warning: TF_REPEATED_DATA ignoring data with redundant timestamp for frame odom (parent map) at time 1790471986.056276 according to authority /rtabmap/rtabmap
         at line 278 in /tmp/binarydeb/ros-noetic-tf2-0.7.7/src/buffer_core.cpp
[0m[ INFO] [1790474058.929135570, 1790471986.945837889]: rtabmap (1638): Rate=1.00s, Limit=0.000s, Conversion=0.0016s, RTAB-Map=0.3479s, Maps update=0.0019s pub=0.0001s (local map=1180, WM=1180)[0m
[0m[ INFO] [1790474059.951455476, 1790471987.974137645]: rtabmap (1639): Rate=1.00s, Limit=0.000s, Conversion=0.0010s, RTAB-Map=0.3753s, Maps update=0.0017s pub=0.0001s (local map=1180, WM=1180)[0m
[0m[ INFO] [1790474060.915147060, 1790471988.940679186]: rtabmap (1640): Rate=1.00s, Limit=0.000s, Conversion=0.0013s, RTAB-Map=0.3368s, Maps update=0.0017s pub=0.0001s (local map=1180, WM=1180)[0m
[0m[ INFO] [1790474062.041812337, 1790471990.066140127]: rtabmap (1641): Rate=1.00s, Limit=0.000s, Conversion=0.0015s, RTAB-Map=0.3602s, Maps update=0.0017s pub=0.0001s (local map=1180, WM=1180)[0m
[0m[ INFO] [1790474063.048985520, 1790471991.073681091]: rtabmap (1642): Rate=1.00s, Limit=0.000s, Conversion=0.0017s, RTAB-Map=0.3640s, Maps update=0.0018s pub=0.0001s (local map=1180, WM=1180)[0m
[0m[ INFO] [1790474064.150916019, 1790471992.174159444]: rtabmap (1643): Rate=1.00s, Limit=0.000s, Conversion=0.0016s, RTAB-Map=0.3654s, Maps update=0.0018s pub=0.0001s (local map=1180, WM=1180)[0m
[0m[ INFO] [1790474065.123462877, 1790471993.141886945]: rtabmap (1644): Rate=1.00s, Limit=0.000s, Conversion=0.0009s, RTAB-Map=0.3305s, Maps update=0.0018s pub=0.0001s (local map=1180, WM=1180)[0m
[0m[ INFO] [1790474066.233468577, 1790471994.249603593]: rtabmap (1645): Rate=1.00s, Limit=0.000s, Conversion=0.0016s, RTAB-Map=0.3460s, Maps update=0.0019s pub=0.0001s (local map=1180, WM=1180)[0m
[0m[ INFO] [1790474067.351588330, 1790471995.373759390]: rtabmap (1646): Rate=1.00s, Limit=0.000s, Conversion=0.0013s, RTAB-Map=0.3602s, Maps update=0.0018s pub=0.0001s (local map=1180, WM=1180)[0m
[0m[ INFO] [1790474068.462545464, 1790471996.478872034]: rtabmap (1647): Rate=1.00s, Limit=0.000s, Conversion=0.0022s, RTAB-Map=0.3693s, Maps update=0.0020s pub=0.0001s (local map=1180, WM=1180)[0m
[0m[ INFO] [1790474069.422600575, 1790471997.441987888]: rtabmap (1648): Rate=1.00s, Limit=0.000s, Conversion=0.0016s, RTAB-Map=0.3326s, Maps update=0.0016s pub=0.0001s (local map=1180, WM=1180)[0m
[0m[ INFO] [1790474070.424099693, 1790471998.443055992]: rtabmap (1649): Rate=1.00s, Limit=0.000s, Conversion=0.0011s, RTAB-Map=0.3352s, Maps update=0.0020s pub=0.0001s (local map=1180, WM=1180)[0m
[0m[ INFO] [1790474071.540445049, 1790471999.563848412]: rtabmap (1650): Rate=1.00s, Limit=0.000s, Conversion=0.0011s, RTAB-Map=0.3623s, Maps update=0.0017s pub=0.0001s (local map=1180, WM=1180)[0m
[0m[ INFO] [1790474072.537221385, 1790472000.554456158]: rtabmap (1651): Rate=1.00s, Limit=0.000s, Conversion=0.0014s, RTAB-Map=0.3372s, Maps update=0.0018s pub=0.0001s (local map=1180, WM=1180)[0m
[0m[ INFO] [1790474073.641587035, 1790472001.666349743]: rtabmap (1652): Rate=1.00s, Limit=0.000s, Conversion=0.0024s, RTAB-Map=0.3468s, Maps update=0.0017s pub=0.0001s (local map=1180, WM=1180)[0m
[0m[ INFO] [1790474074.644430292, 1790472002.661875724]: rtabmap (1653): Rate=1.00s, Limit=0.000s, Conversion=0.0014s, RTAB-Map=0.3642s, Maps update=0.0017s pub=0.0001s (local map=1180, WM=1180)[0m
[0m[ INFO] [1790474075.735132312, 1790472003.760000462]: rtabmap (1654): Rate=1.00s, Limit=0.000s, Conversion=0.0015s, RTAB-Map=0.3435s, Maps update=0.0020s pub=0.0001s (local map=1180, WM=1180)[0m
[0m[ INFO] [1790474076.838012820, 1790472004.860759086]: rtabmap (1655): Rate=1.00s, Limit=0.000s, Conversion=0.0016s, RTAB-Map=0.3455s, Maps update=0.0018s pub=0.0001s (local map=1180, WM=1180)[0m
[0m[ INFO] [1790474077.945324741, 1790472005.963520711]: rtabmap (1656): Rate=1.00s, Limit=0.000s, Conversion=0.0015s, RTAB-Map=0.3478s, Maps update=0.0017s pub=0.0001s (local map=1180, WM=1180)[0m
[0m[ INFO] [1790474079.084118238, 1790472007.100735372]: rtabmap (1657): Rate=1.00s, Limit=0.000s, Conversion=0.0012s, RTAB-Map=0.3947s, Maps update=0.0026s pub=0.0001s (local map=1180, WM=1180)[0m
[0m[ INFO] [1790474080.052100539, 1790472008.069103182]: rtabmap (1658): Rate=1.00s, Limit=0.000s, Conversion=0.0016s, RTAB-Map=0.3593s, Maps update=0.0019s pub=0.0001s (local map=1180, WM=1180)[0m
[0m[ INFO] [1790474081.087537059, 1790472009.109168944]: rtabmap (1659): Rate=1.00s, Limit=0.000s, Conversion=0.0023s, RTAB-Map=0.3947s, Maps update=0.0028s pub=0.0001s (local map=1180, WM=1180)[0m
[0m[ INFO] [1790474082.185932158, 1790472010.208835163]: rtabmap (1660): Rate=1.00s, Limit=0.000s, Conversion=0.0016s, RTAB-Map=0.3944s, Maps update=0.0027s pub=0.0003s (local map=1180, WM=1180)[0m
[0m[ INFO] [1790474083.235628117, 1790472011.251943167]: rtabmap (1661): Rate=1.00s, Limit=0.000s, Conversion=0.0012s, RTAB-Map=0.3455s, Maps update=0.0017s pub=0.0001s (local map=1180, WM=1180)[0m
[0m[ INFO] [1790474084.357074701, 1790472012.374025408]: rtabmap (1662): Rate=1.00s, Limit=0.000s, Conversion=0.0014s, RTAB-Map=0.3620s, Maps update=0.0019s pub=0.0001s (local map=1180, WM=1180)[0m
[0m[ INFO] [1790474085.452576639, 1790472013.477823705]: rtabmap (1663): Rate=1.00s, Limit=0.000s, Conversion=0.0016s, RTAB-Map=0.3712s, Maps update=0.0019s pub=0.0001s (local map=1180, WM=1180)[0m
[0m[ INFO] [1790474086.544522947, 1790472014.568136808]: rtabmap (1664): Rate=1.00s, Limit=0.000s, Conversion=0.0013s, RTAB-Map=0.3506s, Maps update=0.0018s pub=0.0001s (local map=1180, WM=1180)[0m
[0m[ INFO] [1790474087.553021392, 1790472015.577371775]: rtabmap (1665): Rate=1.00s, Limit=0.000s, Conversion=0.0016s, RTAB-Map=0.3769s, Maps update=0.0017s pub=0.0001s (local map=1180, WM=1180)[0m
[0m[ INFO] [1790474088.633735588, 1790472016.655885239]: rtabmap (1666): Rate=1.00s, Limit=0.000s, Conversion=0.0013s, RTAB-Map=0.3518s, Maps update=0.0018s pub=0.0001s (local map=1180, WM=1180)[0m
[0m[ INFO] [1790474089.735522846, 1790472017.757150283]: rtabmap (1667): Rate=1.00s, Limit=0.000s, Conversion=0.0016s, RTAB-Map=0.3477s, Maps update=0.0017s pub=0.0001s (local map=1180, WM=1180)[0m
[0m[ INFO] [1790474090.754669772, 1790472018.778194289]: rtabmap (1668): Rate=1.00s, Limit=0.000s, Conversion=0.0013s, RTAB-Map=0.3672s, Maps update=0.0018s pub=0.0001s (local map=1180, WM=1180)[0m
[0m[ INFO] [1790474091.714969017, 1790472019.736447876]: rtabmap (1669): Rate=1.00s, Limit=0.000s, Conversion=0.0011s, RTAB-Map=0.3378s, Maps update=0.0018s pub=0.0001s (local map=1180, WM=1180)[0m
[0m[ INFO] [1790474092.718589507, 1790472020.739513959]: rtabmap (1670): Rate=1.00s, Limit=0.000s, Conversion=0.0009s, RTAB-Map=0.3342s, Maps update=0.0017s pub=0.0001s (local map=1180, WM=1180)[0m
[0m[ INFO] [1790474093.841749186, 1790472021.858954135]: rtabmap (1671): Rate=1.00s, Limit=0.000s, Conversion=0.0015s, RTAB-Map=0.3487s, Maps update=0.0017s pub=0.0001s (local map=1180, WM=1180)[0m
[0m[ INFO] [1790474094.846303572, 1790472022.869230353]: rtabmap (1672): Rate=1.00s, Limit=0.000s, Conversion=0.0013s, RTAB-Map=0.3516s, Maps update=0.0018s pub=0.0001s (local map=1180, WM=1180)[0m
[0m[ INFO] [1790474095.919774947, 1790472023.939890333]: rtabmap (1673): Rate=1.00s, Limit=0.000s, Conversion=0.0010s, RTAB-Map=0.3349s, Maps update=0.0018s pub=0.0001s (local map=1180, WM=1180)[0m
[0m[ INFO] [1790474096.912860995, 1790472024.937127441]: rtabmap (1674): Rate=1.00s, Limit=0.000s, Conversion=0.0009s, RTAB-Map=0.3242s, Maps update=0.0018s pub=0.0001s (local map=1180, WM=1180)[0m
[0m[ INFO] [1790474098.036083452, 1790472026.056595387]: rtabmap (1675): Rate=1.00s, Limit=0.000s, Conversion=0.0017s, RTAB-Map=0.3438s, Maps update=0.0017s pub=0.0001s (local map=1180, WM=1180)[0m
[0m[ INFO] [1790474099.053734188, 1790472027.076067010]: rtabmap (1676): Rate=1.00s, Limit=0.000s, Conversion=0.0012s, RTAB-Map=0.3633s, Maps update=0.0019s pub=0.0001s (local map=1180, WM=1180)[0m
[0m[ INFO] [1790474100.040499257, 1790472028.064371394]: rtabmap (1677): Rate=1.00s, Limit=0.000s, Conversion=0.0015s, RTAB-Map=0.3530s, Maps update=0.0018s pub=0.0001s (local map=1180, WM=1180)[0m
[0m[ INFO] [1790474101.120519890, 1790472029.144408763]: rtabmap (1678): Rate=1.00s, Limit=0.000s, Conversion=0.0013s, RTAB-Map=0.3337s, Maps update=0.0021s pub=0.0001s (local map=1180, WM=1180)[0m
[0m[ INFO] [1790474102.249978035, 1790472030.274676966]: rtabmap (1679): Rate=1.00s, Limit=0.000s, Conversion=0.0011s, RTAB-Map=0.3531s, Maps update=0.0017s pub=0.0001s (local map=1180, WM=1180)[0m
[0m[ INFO] [1790474103.245929934, 1790472031.264647959]: rtabmap (1680): Rate=1.00s, Limit=0.000s, Conversion=0.0014s, RTAB-Map=0.3441s, Maps update=0.0018s pub=0.0001s (local map=1180, WM=1180)[0m
[0m[ INFO] [1790474104.370788754, 1790472032.394915902]: rtabmap (1681): Rate=1.00s, Limit=0.000s, Conversion=0.0015s, RTAB-Map=0.3674s, Maps update=0.0023s pub=0.0001s (local map=1180, WM=1180)[0m
[0m[ INFO] [1790474105.337372988, 1790472033.353824552]: rtabmap (1682): Rate=1.00s, Limit=0.000s, Conversion=0.0009s, RTAB-Map=0.3518s, Maps update=0.0017s pub=0.0001s (local map=1180, WM=1180)[0m
[0m[ INFO] [1790474106.371894101, 1790472034.397345777]: rtabmap (1683): Rate=1.00s, Limit=0.000s, Conversion=0.0017s, RTAB-Map=0.3736s, Maps update=0.0023s pub=0.0001s (local map=1180, WM=1180)[0m
[0m[ INFO] [1790474107.434874575, 1790472035.456751328]: rtabmap (1684): Rate=1.00s, Limit=0.000s, Conversion=0.0014s, RTAB-Map=0.3510s, Maps update=0.0020s pub=0.0001s (local map=1180, WM=1180)[0m
[0m[ INFO] [1790474108.450259030, 1790472036.469011615]: rtabmap (1685): Rate=1.00s, Limit=0.000s, Conversion=0.0016s, RTAB-Map=0.3609s, Maps update=0.0020s pub=0.0001s (local map=1180, WM=1180)[0m
[0m[ INFO] [1790474109.511568633, 1790472037.529959806]: rtabmap (1686): Rate=1.00s, Limit=0.000s, Conversion=0.0009s, RTAB-Map=0.3428s, Maps update=0.0019s pub=0.0001s (local map=1180, WM=1180)[0m
[0m[ INFO] [1790474110.519999495, 1790472038.540163681]: rtabmap (1687): Rate=1.00s, Limit=0.000s, Conversion=0.0016s, RTAB-Map=0.3378s, Maps update=0.0019s pub=0.0001s (local map=1180, WM=1180)[0m
[0m[ INFO] [1790474111.637337026, 1790472039.659824026]: rtabmap (1688): Rate=1.00s, Limit=0.000s, Conversion=0.0017s, RTAB-Map=0.3565s, Maps update=0.0018s pub=0.0001s (local map=1180, WM=1180)[0m
[0m[ INFO] [1790474112.716091002, 1790472040.738954103]: rtabmap (1689): Rate=1.00s, Limit=0.000s, Conversion=0.0015s, RTAB-Map=0.3349s, Maps update=0.0020s pub=0.0001s (local map=1180, WM=1180)[0m
[0m[ INFO] [1790474113.756209167, 1790472041.777046258]: rtabmap (1690): Rate=1.00s, Limit=0.000s, Conversion=0.0014s, RTAB-Map=0.3719s, Maps update=0.0021s pub=0.0001s (local map=1180, WM=1180)[0m
[0m[ INFO] [1790474114.734175322, 1790472042.751459889]: rtabmap (1691): Rate=1.00s, Limit=0.000s, Conversion=0.0016s, RTAB-Map=0.3493s, Maps update=0.0018s pub=0.0001s (local map=1180, WM=1180)[0m
[0m[ INFO] [1790474115.802586285, 1790472043.819631969]: rtabmap (1692): Rate=1.00s, Limit=0.000s, Conversion=0.0013s, RTAB-Map=0.3689s, Maps update=0.0023s pub=0.0001s (local map=1180, WM=1180)[0m
[0m[ INFO] [1790474116.855898913, 1790472044.874927022]: rtabmap (1693): Rate=1.00s, Limit=0.000s, Conversion=0.0011s, RTAB-Map=0.3655s, Maps update=0.0020s pub=0.0001s (local map=1180, WM=1180)[0m
[0m[ INFO] [1790474117.811615859, 1790472045.836257894]: rtabmap (1694): Rate=1.00s, Limit=0.000s, Conversion=0.0010s, RTAB-Map=0.3309s, Maps update=0.0021s pub=0.0001s (local map=1180, WM=1180)[0m
[0m[ INFO] [1790474118.957440391, 1790472046.982195963]: rtabmap (1695): Rate=1.00s, Limit=0.000s, Conversion=0.0016s, RTAB-Map=0.3687s, Maps update=0.0018s pub=0.0001s (local map=1180, WM=1180)[0m
[0m[ INFO] [1790474119.925402127, 1790472047.942098399]: rtabmap (1696): Rate=1.00s, Limit=0.000s, Conversion=0.0011s, RTAB-Map=0.3418s, Maps update=0.0029s pub=0.0001s (local map=1180, WM=1180)[0m
[0m[ INFO] [1790474121.066331491, 1790472049.085852917]: rtabmap (1697): Rate=1.00s, Limit=0.000s, Conversion=0.0017s, RTAB-Map=0.3764s, Maps update=0.0023s pub=0.0001s (local map=1180, WM=1180)[0m
[0m[ INFO] [1790474122.040693944, 1790472050.056837472]: rtabmap (1698): Rate=1.00s, Limit=0.000s, Conversion=0.0012s, RTAB-Map=0.3562s, Maps update=0.0018s pub=0.0001s (local map=1180, WM=1180)[0m
[0m[ INFO] [1790474123.115516240, 1790472051.135397607]: rtabmap (1699): Rate=1.00s, Limit=0.000s, Conversion=0.0014s, RTAB-Map=0.3313s, Maps update=0.0019s pub=0.0001s (local map=1180, WM=1180)[0m
[0m[ INFO] [1790474124.138250877, 1790472052.157436940]: rtabmap (1700): Rate=1.00s, Limit=0.000s, Conversion=0.0017s, RTAB-Map=0.3487s, Maps update=0.0018s pub=0.0001s (local map=1180, WM=1180)[0m
[0m[ INFO] [1790474125.220210027, 1790472053.238721777]: rtabmap (1701): Rate=1.00s, Limit=0.000s, Conversion=0.0009s, RTAB-Map=0.3406s, Maps update=0.0019s pub=0.0001s (local map=1180, WM=1180)[0m
[0m[ INFO] [1790474126.251988934, 1790472054.276955581]: rtabmap (1702): Rate=1.00s, Limit=0.000s, Conversion=0.0016s, RTAB-Map=0.3600s, Maps update=0.0020s pub=0.0001s (local map=1180, WM=1180)[0m
[0m[ INFO] [1790474127.248717323, 1790472055.269998452]: rtabmap (1703): Rate=1.00s, Limit=0.000s, Conversion=0.0017s, RTAB-Map=0.3603s, Maps update=0.0019s pub=0.0001s (local map=1180, WM=1180)[0m
[0m[ INFO] [1790474128.252104930, 1790472056.271223984]: rtabmap (1704): Rate=1.00s, Limit=0.000s, Conversion=0.0016s, RTAB-Map=0.3688s, Maps update=0.0020s pub=0.0001s (local map=1180, WM=1180)[0m
[0m[ INFO] [1790474129.357736433, 1790472057.380448236]: rtabmap (1705): Rate=1.00s, Limit=0.000s, Conversion=0.0009s, RTAB-Map=0.3851s, Maps update=0.0022s pub=0.0001s (local map=1180, WM=1180)[0m
[0m[ INFO] [1790474130.333624494, 1790472058.349490836]: rtabmap (1706): Rate=1.00s, Limit=0.000s, Conversion=0.0016s, RTAB-Map=0.3513s, Maps update=0.0021s pub=0.0001s (local map=1180, WM=1180)[0m
[0m[ INFO] [1790474131.426588605, 1790472059.444010518]: rtabmap (1707): Rate=1.00s, Limit=0.000s, Conversion=0.0013s, RTAB-Map=0.3472s, Maps update=0.0018s pub=0.0001s (local map=1180, WM=1180)[0m
[0m[ INFO] [1790474132.449413696, 1790472060.466934746]: rtabmap (1708): Rate=1.00s, Limit=0.000s, Conversion=0.0015s, RTAB-Map=0.3617s, Maps update=0.0020s pub=0.0001s (local map=1180, WM=1180)[0m
[0m[ INFO] [1790474133.423722022, 1790472061.444853965]: rtabmap (1709): Rate=1.00s, Limit=0.000s, Conversion=0.0015s, RTAB-Map=0.3408s, Maps update=0.0019s pub=0.0001s (local map=1180, WM=1180)[0m
[0m[ INFO] [1790474134.435508573, 1790472062.459424903]: rtabmap (1710): Rate=1.00s, Limit=0.000s, Conversion=0.0013s, RTAB-Map=0.3323s, Maps update=0.0017s pub=0.0001s (local map=1180, WM=1180)[0m
[0m[ INFO] [1790474135.554799853, 1790472063.573735769]: rtabmap (1711): Rate=1.00s, Limit=0.000s, Conversion=0.0016s, RTAB-Map=0.3656s, Maps update=0.0020s pub=0.0001s (local map=1180, WM=1180)[0m
[0m[ INFO] [1790474136.545091222, 1790472064.565686518]: rtabmap (1712): Rate=1.00s, Limit=0.000s, Conversion=0.0011s, RTAB-Map=0.3411s, Maps update=0.0018s pub=0.0001s (local map=1180, WM=1180)[0m
[0m[ INFO] [1790474137.556822888, 1790472065.581481819]: rtabmap (1713): Rate=1.00s, Limit=0.000s, Conversion=0.0015s, RTAB-Map=0.3714s, Maps update=0.0019s pub=0.0001s (local map=1180, WM=1180)[0m
[0m[ INFO] [1790474138.651379264, 1790472066.671252823]: rtabmap (1714): Rate=1.00s, Limit=0.000s, Conversion=0.0017s, RTAB-Map=0.3572s, Maps update=0.0019s pub=0.0001s (local map=1180, WM=1180)[0m
[0m[ INFO] [1790474139.666685148, 1790472067.685257699]: rtabmap (1715): Rate=1.00s, Limit=0.000s, Conversion=0.0016s, RTAB-Map=0.3752s, Maps update=0.0023s pub=0.0001s (local map=1180, WM=1180)[0m
[0m[ INFO] [1790474140.656693948, 1790472068.674114453]: rtabmap (1716): Rate=1.00s, Limit=0.000s, Conversion=0.0013s, RTAB-Map=0.3633s, Maps update=0.0018s pub=0.0001s (local map=1180, WM=1180)[0m
[0m[ INFO] [1790474141.728154416, 1790472069.752711490]: rtabmap (1717): Rate=1.00s, Limit=0.000s, Conversion=0.0010s, RTAB-Map=0.3274s, Maps update=0.0018s pub=0.0001s (local map=1180, WM=1180)[0m
[0m[ INFO] [1790474142.839595252, 1790472070.861488484]: rtabmap (1718): Rate=1.00s, Limit=0.000s, Conversion=0.0009s, RTAB-Map=0.3152s, Maps update=0.0017s pub=0.0001s (local map=1180, WM=1180)[0m
[0m[ INFO] [1790474143.933602205, 1790472071.949879432]: rtabmap (1719): Rate=1.00s, Limit=0.000s, Conversion=0.0011s, RTAB-Map=0.3183s, Maps update=0.0020s pub=0.0001s (local map=1180, WM=1180)[0m
[0m[ INFO] [1790474145.027747623, 1790472073.047267034]: rtabmap (1720): Rate=1.00s, Limit=0.000s, Conversion=0.0010s, RTAB-Map=0.3254s, Maps update=0.0018s pub=0.0001s (local map=1180, WM=1180)[0m
[0m[ INFO] [1790474146.138490173, 1790472074.156231802]: rtabmap (1721): Rate=1.00s, Limit=0.000s, Conversion=0.0015s, RTAB-Map=0.3327s, Maps update=0.0019s pub=0.0001s (local map=1180, WM=1180)[0m
[0m[ INFO] [1790474147.116485248, 1790472075.137241986]: rtabmap (1722): Rate=1.00s, Limit=0.000s, Conversion=0.0011s, RTAB-Map=0.3050s, Maps update=0.0017s pub=0.0001s (local map=1180, WM=1180)[0m
[0m[ INFO] [1790474148.112293886, 1790472076.130109020]: rtabmap (1723): Rate=1.00s, Limit=0.000s, Conversion=0.0011s, RTAB-Map=0.3078s, Maps update=0.0020s pub=0.0001s (local map=1180, WM=1180)[0m
[0m[ INFO] [1790474149.106185251, 1790472077.127997267]: rtabmap (1724): Rate=1.00s, Limit=0.000s, Conversion=0.0009s, RTAB-Map=0.3203s, Maps update=0.0041s pub=0.0001s (local map=1180, WM=1180)[0m
[0m[ INFO] [1790474150.234912179, 1790472078.256243133]: rtabmap (1725): Rate=1.00s, Limit=0.000s, Conversion=0.0015s, RTAB-Map=0.3427s, Maps update=0.0020s pub=0.0001s (local map=1180, WM=1180)[0m
[0m[ INFO] [1790474151.256466702, 1790472079.274234923]: rtabmap (1726): Rate=1.00s, Limit=0.000s, Conversion=0.0012s, RTAB-Map=0.3631s, Maps update=0.0018s pub=0.0001s (local map=1180, WM=1180)[0m
[0m[ INFO] [1790474152.359278233, 1790472080.376404878]: rtabmap (1727): Rate=1.00s, Limit=0.000s, Conversion=0.0011s, RTAB-Map=0.3501s, Maps update=0.0019s pub=0.0001s (local map=1180, WM=1180)[0m
[0m[ INFO] [1790474153.334047403, 1790472081.354746125]: rtabmap (1728): Rate=1.00s, Limit=0.000s, Conversion=0.0009s, RTAB-Map=0.3533s, Maps update=0.0022s pub=0.0001s (local map=1180, WM=1180)[0m
[0m[ INFO] [1790474154.445066041, 1790472082.465781403]: rtabmap (1729): Rate=1.00s, Limit=0.000s, Conversion=0.0016s, RTAB-Map=0.3578s, Maps update=0.0018s pub=0.0001s (local map=1180, WM=1180)[0m
[0m[ INFO] [1790474155.422098277, 1790472083.442269472]: rtabmap (1730): Rate=1.00s, Limit=0.000s, Conversion=0.0009s, RTAB-Map=0.3370s, Maps update=0.0019s pub=0.0001s (local map=1180, WM=1180)[0m
[0m[ INFO] [1790474156.561064555, 1790472084.578519172]: rtabmap (1731): Rate=1.00s, Limit=0.000s, Conversion=0.0016s, RTAB-Map=0.3592s, Maps update=0.0020s pub=0.0001s (local map=1180, WM=1180)[0m
[0m[ INFO] [1790474157.630784627, 1790472085.651056816]: rtabmap (1732): Rate=1.00s, Limit=0.000s, Conversion=0.0008s, RTAB-Map=0.3459s, Maps update=0.0021s pub=0.0001s (local map=1180, WM=1180)[0m
[0m[ INFO] [1790474158.658461168, 1790472086.680141406]: rtabmap (1733): Rate=1.00s, Limit=0.000s, Conversion=0.0017s, RTAB-Map=0.3670s, Maps update=0.0021s pub=0.0001s (local map=1180, WM=1180)[0m
[0m[ INFO] [1790474159.740307436, 1790472087.757413761]: rtabmap (1734): Rate=1.00s, Limit=0.000s, Conversion=0.0015s, RTAB-Map=0.3476s, Maps update=0.0023s pub=0.0001s (local map=1180, WM=1180)[0m
[0m[ INFO] [1790474160.723487070, 1790472088.744137759]: rtabmap (1735): Rate=1.00s, Limit=0.000s, Conversion=0.0011s, RTAB-Map=0.3386s, Maps update=0.0017s pub=0.0001s (local map=1180, WM=1180)[0m
[0m[ INFO] [1790474161.734519848, 1790472089.754089436]: rtabmap (1736): Rate=1.00s, Limit=0.000s, Conversion=0.0013s, RTAB-Map=0.3523s, Maps update=0.0016s pub=0.0001s (local map=1180, WM=1180)[0m
[0m[ INFO] [1790474162.837556359, 1790472090.854734013]: rtabmap (1737): Rate=1.00s, Limit=0.000s, Conversion=0.0015s, RTAB-Map=0.3508s, Maps update=0.0016s pub=0.0001s (local map=1180, WM=1180)[0m
[0m[ INFO] [1790474163.946500622, 1790472091.972223054]: rtabmap (1738): Rate=1.00s, Limit=0.000s, Conversion=0.0008s, RTAB-Map=0.3497s, Maps update=0.0019s pub=0.0001s (local map=1180, WM=1180)[0m
[0m[ INFO] [1790474165.038520257, 1790472093.062503595]: rtabmap (1739): Rate=1.00s, Limit=0.000s, Conversion=0.0016s, RTAB-Map=0.3537s, Maps update=0.0019s pub=0.0001s (local map=1180, WM=1180)[0m
[0m[ INFO] [1790474166.128182485, 1790472094.153279885]: rtabmap (1740): Rate=1.00s, Limit=0.000s, Conversion=0.0013s, RTAB-Map=0.3388s, Maps update=0.0019s pub=0.0001s (local map=1180, WM=1180)[0m
[0m[ INFO] [1790474167.143520077, 1790472095.164275728]: rtabmap (1741): Rate=1.00s, Limit=0.000s, Conversion=0.0015s, RTAB-Map=0.3421s, Maps update=0.0017s pub=0.0001s (local map=1180, WM=1180)[0m
[0m[ INFO] [1790474168.148803880, 1790472096.171820870]: rtabmap (1742): Rate=1.00s, Limit=0.000s, Conversion=0.0013s, RTAB-Map=0.3551s, Maps update=0.0019s pub=0.0001s (local map=1180, WM=1180)[0m
[0m[ INFO] [1790474169.140660602, 1790472097.159439044]: rtabmap (1743): Rate=1.00s, Limit=0.000s, Conversion=0.0010s, RTAB-Map=0.3564s, Maps update=0.0019s pub=0.0001s (local map=1180, WM=1180)[0m
[0m[ INFO] [1790474170.248204679, 1790472098.273226110]: rtabmap (1744): Rate=1.00s, Limit=0.000s, Conversion=0.0009s, RTAB-Map=0.3436s, Maps update=0.0017s pub=0.0001s (local map=1180, WM=1180)[0m
[0m[ INFO] [1790474171.241089059, 1790472099.264143043]: rtabmap (1745): Rate=1.00s, Limit=0.000s, Conversion=0.0015s, RTAB-Map=0.3437s, Maps update=0.0017s pub=0.0001s (local map=1180, WM=1180)[0m
[0m[ INFO] [1790474172.353699372, 1790472100.379240778]: rtabmap (1746): Rate=1.00s, Limit=0.000s, Conversion=0.0009s, RTAB-Map=0.3442s, Maps update=0.0016s pub=0.0001s (local map=1180, WM=1180)[0m
[0m[ INFO] [1790474173.394070195, 1790472101.419103818]: rtabmap (1747): Rate=1.00s, Limit=0.000s, Conversion=0.0016s, RTAB-Map=0.4114s, Maps update=0.0023s pub=0.0001s (local map=1180, WM=1180)[0m
[0m[ INFO] [1790474174.335008999, 1790472102.357401822]: rtabmap (1748): Rate=1.00s, Limit=0.000s, Conversion=0.0013s, RTAB-Map=0.3496s, Maps update=0.0019s pub=0.0001s (local map=1180, WM=1180)[0m
[0m[ INFO] [1790474175.460025829, 1790472103.480924042]: rtabmap (1749): Rate=1.00s, Limit=0.000s, Conversion=0.0014s, RTAB-Map=0.3836s, Maps update=0.0019s pub=0.0001s (local map=1180, WM=1180)[0m
[0m[ INFO] [1790474176.508921330, 1790472104.528068864]: rtabmap (1750): Rate=1.00s, Limit=0.000s, Conversion=0.0015s, RTAB-Map=0.3911s, Maps update=0.0021s pub=0.0001s (local map=1180, WM=1180)[0m
[0m[ INFO] [1790474177.529430365, 1790472105.546452689]: rtabmap (1751): Rate=1.00s, Limit=0.000s, Conversion=0.0009s, RTAB-Map=0.3488s, Maps update=0.0018s pub=0.0001s (local map=1180, WM=1180)[0m
[0m[ INFO] [1790474178.561659000, 1790472106.586092105]: rtabmap (1752): Rate=1.00s, Limit=0.000s, Conversion=0.0016s, RTAB-Map=0.3722s, Maps update=0.0022s pub=0.0001s (local map=1180, WM=1180)[0m
[0m[ INFO] [1790474179.658009357, 1790472107.675769450]: rtabmap (1753): Rate=1.00s, Limit=0.000s, Conversion=0.0009s, RTAB-Map=0.3713s, Maps update=0.0024s pub=0.0001s (local map=1180, WM=1180)[0m
[0m[ INFO] [1790474180.632413081, 1790472108.656495973]: rtabmap (1754): Rate=1.00s, Limit=0.000s, Conversion=0.0015s, RTAB-Map=0.3507s, Maps update=0.0020s pub=0.0001s (local map=1180, WM=1180)[0m
[0m[ INFO] [1790474181.746531751, 1790472109.771167385]: rtabmap (1755): Rate=1.00s, Limit=0.000s, Conversion=0.0015s, RTAB-Map=0.3672s, Maps update=0.0018s pub=0.0001s (local map=1180, WM=1180)[0m
[0m[ INFO] [1790474182.847509616, 1790472110.872563176]: rtabmap (1756): Rate=1.00s, Limit=0.000s, Conversion=0.0013s, RTAB-Map=0.3638s, Maps update=0.0020s pub=0.0001s (local map=1180, WM=1180)[0m
[0m[ INFO] [1790474183.851096674, 1790472111.872480524]: rtabmap (1757): Rate=1.00s, Limit=0.000s, Conversion=0.0014s, RTAB-Map=0.3593s, Maps update=0.0020s pub=0.0001s (local map=1180, WM=1180)[0m
[0m[ INFO] [1790474184.935821599, 1790472112.956601794]: rtabmap (1758): Rate=1.00s, Limit=0.000s, Conversion=0.0013s, RTAB-Map=0.3585s, Maps update=0.0019s pub=0.0001s (local map=1180, WM=1180)[0m
[0m[ INFO] [1790474186.031205887, 1790472114.054830469]: rtabmap (1759): Rate=1.00s, Limit=0.000s, Conversion=0.0017s, RTAB-Map=0.3485s, Maps update=0.0019s pub=0.0001s (local map=1180, WM=1180)[0m
[0m[ INFO] [1790474187.017125202, 1790472115.042707472]: rtabmap (1760): Rate=1.00s, Limit=0.000s, Conversion=0.0010s, RTAB-Map=0.3314s, Maps update=0.0017s pub=0.0001s (local[33m[ WARN] [1790474227.887616673, 1790472155.912814875]: We are receiving imu data (buffer=1000), but cannot interpolate imu transform at time 1790472155.862309. IMU won't be added to graph.[0m
 map=1180, WM=1180)[0m
[0m[ INFO] [1790474188.122380233, 1790472116.144036855]: rtabmap (1761): Rate=1.00s, Limit=0.000s, Conversion=0.0013s, RTAB-Map=0.3341s, Maps update=0.0023s pub=0.0001s (local map=1180, WM=1180)[0m
[0m[ INFO] [1790474189.174488301, 1790472117.195914264]: rtabmap (1762): Rate=1.00s, Limit=0.000s, Conversion=0.0014s, RTAB-Map=0.3722s, Maps update=0.0029s pub=0.0001s (local map=1180, WM=1180)[0m
[0m[ INFO] [1790474190.242256913, 1790472118.265372753]: rtabmap (1763): Rate=1.00s, Limit=0.000s, Conversion=0.0016s, RTAB-Map=0.3521s, Maps update=0.0021s pub=0.0001s (local map=1180, WM=1180)[0m
[0m[ INFO] [1790474191.247215306, 1790472119.266100502]: rtabmap (1764): Rate=1.00s, Limit=0.000s, Conversion=0.0014s, RTAB-Map=0.3491s, Maps update=0.0019s pub=0.0001s (local map=1180, WM=1180)[0m
[0m[ INFO] [1790474192.343105608, 1790472120.359767640]: rtabmap (1765): Rate=1.00s, Limit=0.000s, Conversion=0.0017s, RTAB-Map=0.3548s, Maps update=0.0019s pub=0.0001s (local map=1180, WM=1180)[0m
[0m[ INFO] [1790474193.339901497, 1790472121.359559567]: rtabmap (1766): Rate=1.00s, Limit=0.000s, Conversion=0.0009s, RTAB-Map=0.3487s, Maps update=0.0020s pub=0.0001s (local map=1180, WM=1180)[0m
[0m[ INFO] [1790474194.450966448, 1790472122.470423395]: rtabmap (1767): Rate=1.00s, Limit=0.000s, Conversion=0.0017s, RTAB-Map=0.3555s, Maps update=0.0019s pub=0.0001s (local map=1180, WM=1180)[0m
[0m[ INFO] [1790474195.542524948, 1790472123.563505337]: rtabmap (1768): Rate=1.00s, Limit=0.000s, Conversion=0.0015s, RTAB-Map=0.3581s, Maps update=0.0020s pub=0.0001s (local map=1180, WM=1180)[0m
[0m[ INFO] [1790474196.635572008, 1790472124.654191473]: rtabmap (1769): Rate=1.00s, Limit=0.000s, Conversion=0.0010s, RTAB-Map=0.3499s, Maps update=0.0019s pub=0.0001s (local map=1180, WM=1180)[0m
[0m[ INFO] [1790474197.650876953, 1790472125.667321479]: rtabmap (1770): Rate=1.00s, Limit=0.000s, Conversion=0.0014s, RTAB-Map=0.3467s, Maps update=0.0018s pub=0.0001s (local map=1180, WM=1180)[0m
[0m[ INFO] [1790474198.629278017, 1790472126.647081919]: rtabmap (1771): Rate=1.00s, Limit=0.000s, Conversion=0.0015s, RTAB-Map=0.3494s, Maps update=0.0022s pub=0.0001s (local map=1180, WM=1180)[0m
[0m[ INFO] [1790474199.670689651, 1790472127.695832588]: rtabmap (1772): Rate=1.00s, Limit=0.000s, Conversion=0.0015s, RTAB-Map=0.3769s, Maps update=0.0021s pub=0.0001s (local map=1180, WM=1180)[0m
[0m[ INFO] [1790474200.742230584, 1790472128.767141934]: rtabmap (1773): Rate=1.00s, Limit=0.000s, Conversion=0.0014s, RTAB-Map=0.3586s, Maps update=0.0020s pub=0.0001s (local map=1180, WM=1180)[0m
[0m[ INFO] [1790474201.726088511, 1790472129.750394158]: rtabmap (1774): Rate=1.00s, Limit=0.000s, Conversion=0.0015s, RTAB-Map=0.3366s, Maps update=0.0022s pub=0.0001s (local map=1180, WM=1180)[0m
[0m[ INFO] [1790474202.736106921, 1790472130.756557544]: rtabmap (1775): Rate=1.00s, Limit=0.000s, Conversion=0.0009s, RTAB-Map=0.3538s, Maps update=0.0028s pub=0.0001s (local map=1180, WM=1180)[0m
[0m[ INFO] [1790474203.876016215, 1790472131.900211652]: rtabmap (1776): Rate=1.00s, Limit=0.000s, Conversion=0.0017s, RTAB-Map=0.3855s, Maps update=0.0027s pub=0.0001s (local map=1180, WM=1180)[0m
[0m[ INFO] [1790474204.821497984, 1790472132.840487213]: rtabmap (1777): Rate=1.00s, Limit=0.000s, Conversion=0.0009s, RTAB-Map=0.3360s, Maps update=0.0019s pub=0.0001s (local map=1180, WM=1180)[0m
[0m[ INFO] [1790474205.921364285, 1790472133.939856516]: rtabmap (1778): Rate=1.00s, Limit=0.000s, Conversion=0.0013s, RTAB-Map=0.3343s, Maps update=0.0020s pub=0.0001s (local map=1180, WM=1180)[0m
[0m[ INFO] [1790474206.949271454, 1790472134.970270820]: rtabmap (1779): Rate=1.00s, Limit=0.000s, Conversion=0.0013s, RTAB-Map=0.3561s, Maps update=0.0020s pub=0.0001s (local map=1180, WM=1180)[0m
[0m[ INFO] [1790474208.046009457, 1790472136.069390452]: rtabmap (1780): Rate=1.00s, Limit=0.000s, Conversion=0.0016s, RTAB-Map=0.3528s, Maps update=0.0019s pub=0.0001s (local map=1180, WM=1180)[0m
[0m[ INFO] [1790474209.057153793, 1790472137.074160405]: rtabmap (1781): Rate=1.00s, Limit=0.000s, Conversion=0.0014s, RTAB-Map=0.3690s, Maps update=0.0018s pub=0.0001s (local map=1180, WM=1180)[0m
[0m[ INFO] [1790474210.144162041, 1790472138.160428324]: rtabmap (1782): Rate=1.00s, Limit=0.000s, Conversion=0.0013s, RTAB-Map=0.3581s, Maps update=0.0019s pub=0.0001s (local map=1180, WM=1180)[0m
[0m[ INFO] [1790474211.238285543, 1790472139.255677632]: rtabmap (1783): Rate=1.00s, Limit=0.000s, Conversion=0.0016s, RTAB-Map=0.3534s, Maps update=0.0018s pub=0.0001s (local map=1180, WM=1180)[0m
[0m[ INFO] [1790474212.339032102, 1790472140.356170780]: rtabmap (1784): Rate=1.00s, Limit=0.000s, Conversion=0.0013s, RTAB-Map=0.3545s, Maps update=0.0018s pub=0.0001s (local map=1180, WM=1180)[0m
[0m[ INFO] [1790474213.335464058, 1790472141.357030087]: rtabmap (1785): Rate=1.00s, Limit=0.000s, Conversion=0.0011s, RTAB-Map=0.3548s, Maps update=0.0019s pub=0.0001s (local map=1180, WM=1180)[0m
[0m[ INFO] [1790474214.456023883, 1790472142.478255456]: rtabmap (1786): Rate=1.00s, Limit=0.000s, Conversion=0.0013s, RTAB-Map=0.3651s, Maps update=0.0017s pub=0.0001s (local map=1180, WM=1180)[0m
[0m[ INFO] [1790474215.549200200, 1790472143.567464716]: rtabmap (1787): Rate=1.00s, Limit=0.000s, Conversion=0.0015s, RTAB-Map=0.3641s, Maps update=0.0019s pub=0.0001s (local map=1180, WM=1180)[0m
[0m[ INFO] [1790474216.647657828, 1790472144.668022274]: rtabmap (1788): Rate=1.00s, Limit=0.000s, Conversion=0.0009s, RTAB-Map=0.3571s, Maps update=0.0022s pub=0.0001s (local map=1180, WM=1180)[0m
[0m[ INFO] [1790474217.744265513, 1790472145.762997491]: rtabmap (1789): Rate=1.00s, Limit=0.000s, Conversion=0.0016s, RTAB-Map=0.3468s, Maps update=0.0018s pub=0.0001s (local map=1180, WM=1180)[0m
[0m[ INFO] [1790474218.859809141, 1790472146.877530707]: rtabmap (1790): Rate=1.00s, Limit=0.000s, Conversion=0.0014s, RTAB-Map=0.3545s, Maps update=0.0017s pub=0.0001s (local map=1180, WM=1180)[0m
[0m[ INFO] [1790474219.952132962, 1790472147.969120086]: rtabmap (1791): Rate=1.00s, Limit=0.000s, Conversion=0.0011s, RTAB-Map=0.3677s, Maps update=0.0019s pub=0.0001s (local map=1180, WM=1180)[0m
[0m[ INFO] [1790474220.961845874, 1790472148.979557327]: rtabmap (1792): Rate=1.00s, Limit=0.000s, Conversion=0.0009s, RTAB-Map=0.3608s, Maps update=0.0021s pub=0.0001s (local map=1180, WM=1180)[0m
[0m[ INFO] [1790474222.043220948, 1790472150.068484751]: rtabmap (1793): Rate=1.00s, Limit=0.000s, Conversion=0.0016s, RTAB-Map=0.3513s, Maps update=0.0017s pub=0.0001s (local map=1180, WM=1180)[0m
[0m[ INFO] [1790474223.108755986, 1790472151.127566557]: rtabmap (1794): Rate=1.00s, Limit=0.000s, Conversion=0.0009s, RTAB-Map=0.3258s, Maps update=0.0016s pub=0.0001s (local map=1180, WM=1180)[0m
[0m[ INFO] [1790474224.139761060, 1790472152.157785222]: rtabmap (1795): Rate=1.00s, Limit=0.000s, Conversion=0.0016s, RTAB-Map=0.3501s, Maps update=0.0019s pub=0.0001s (local map=1180, WM=1180)[0m
[0m[ INFO] [1790474225.182286531, 1790472153.203273097]: rtabmap (1796): Rate=1.00s, Limit=0.000s, Conversion=0.0009s, RTAB-Map=0.3763s, Maps update=0.0028s pub=0.0001s (local map=1180, WM=1180)[0m
[0m[ INFO] [1790474226.232085691, 1790472154.256799695]: rtabmap (1797): Rate=1.00s, Limit=0.000s, Conversion=0.0016s, RTAB-Map=0.3330s, Maps update=0.0019s pub=0.0001s (local map=1180, WM=1180)[0m
[0m[ INFO] [1790474227.244510372, 1790472155.263897174]: rtabmap (1798): Rate=1.00s, Limit=0.000s, Conversion=0.0013s, RTAB-Map=0.3606s, Maps update=0.0019s pub=0.0001s (local map=1180, WM=1180)[0m
[33m[ WARN] (2026-09-26 21:57:07.887) Transform.cpp:557::getTransform() No transform found for stamp 1790472155.862309! Latest is 1790472155.860032[0m
[0m[ INFO] [1790474228.083943031, 1790472156.104035346]: rtabmap (1799): Rate=1.00s, Limit=0.000s, Conversion=0.0020s, RTAB-Map=0.1940s, Maps update=0.0019s pub=0.0001s (local map=1180, WM=1180)[0m
[0m[ INFO] [1790474229.322104094, 1790472157.339589720]: rtabmap (1800): Rate=1.00s, Limit=0.000s, Conversion=0.0010s, RTAB-Map=0.3476s, Maps update=0.0019s pub=0.0001s (local map=1180, WM=1180)[0m
[0m[ INFO] [1[33m[ WARN] [1790474248.551954475, 1790472176.574918697]: TF_REPEATED_DATA ignoring data with redundant timestamp for frame odom (parent map) at time 1790472176.674919 according to authority unknown_publisher[0m
Warning: TF_REPEATED_DATA ignoring data with redundant timestamp for frame odom (parent map) at time 1790472176.674919 according to authority /rtabmap/rtabmap
         at line 278 in /tmp/binarydeb/ros-noetic-tf2-0.7.7/src/buffer_core.cpp
790474230.429860923, 1790472158.452582646]: rtabmap (1801): Rate=1.00s, Limit=0.000s, Conversion=0.0018s, RTAB-Map=0.3442s, Maps update=0.0022s pub=0.0001s (local map=1180, WM=1180)[0m
[0m[ INFO] [1790474231.534083563, 1790472159.554185830]: rtabmap (1802): Rate=1.00s, Limit=0.000s, Conversion=0.0012s, RTAB-Map=0.3547s, Maps update=0.0020s pub=0.0001s (local map=1180, WM=1180)[0m
[0m[ INFO] [1790474232.554986454, 1790472160.577596752]: rtabmap (1803): Rate=1.00s, Limit=0.000s, Conversion=0.0013s, RTAB-Map=0.3691s, Maps update=0.0019s pub=0.0001s (local map=1180, WM=1180)[0m
[0m[ INFO] [1790474233.627876769, 1790472161.645177210]: rtabmap (1804): Rate=1.00s, Limit=0.000s, Conversion=0.0016s, RTAB-Map=0.3528s, Maps update=0.0018s pub=0.0001s (local map=1180, WM=1180)[0m
[0m[ INFO] [1790474234.756733917, 1790472162.777087707]: rtabmap (1805): Rate=1.00s, Limit=0.000s, Conversion=0.0013s, RTAB-Map=0.3716s, Maps update=0.0021s pub=0.0001s (local map=1180, WM=1180)[0m
[0m[ INFO] [1790474235.849589595, 1790472163.865724869]: rtabmap (1806): Rate=1.00s, Limit=0.000s, Conversion=0.0012s, RTAB-Map=0.3667s, Maps update=0.0020s pub=0.0001s (local map=1180, WM=1180)[0m
[0m[ INFO] [1790474236.937638109, 1790472164.959476845]: rtabmap (1807): Rate=1.00s, Limit=0.000s, Conversion=0.0010s, RTAB-Map=0.3580s, Maps update=0.0019s pub=0.0001s (local map=1180, WM=1180)[0m
[0m[ INFO] [1790474237.932040859, 1790472165.951257355]: rtabmap (1808): Rate=1.00s, Limit=0.000s, Conversion=0.0013s, RTAB-Map=0.3310s, Maps update=0.0017s pub=0.0001s (local map=1180, WM=1180)[0m
[0m[ INFO] [1790474239.052526154, 1790472167.072258784]: rtabmap (1809): Rate=1.00s, Limit=0.000s, Conversion=0.0013s, RTAB-Map=0.3775s, Maps update=0.0023s pub=0.0001s (local map=1180, WM=1180)[0m
[0m[ INFO] [1790474240.055301517, 1790472168.073533361]: rtabmap (1810): Rate=1.00s, Limit=0.000s, Conversion=0.0011s, RTAB-Map=0.3567s, Maps update=0.0022s pub=0.0001s (local map=1180, WM=1180)[0m
[0m[ INFO] [1790474241.059182620, 1790472169.084652826]: rtabmap (1811): Rate=1.00s, Limit=0.000s, Conversion=0.0009s, RTAB-Map=0.3614s, Maps update=0.0022s pub=0.0001s (local map=1180, WM=1180)[0m
[0m[ INFO] [1790474242.134438522, 1790472170.154696183]: rtabmap (1812): Rate=1.00s, Limit=0.000s, Conversion=0.0016s, RTAB-Map=0.3521s, Maps update=0.0018s pub=0.0001s (local map=1180, WM=1180)[0m
[0m[ INFO] [1790474243.132892388, 1790472171.155608383]: rtabmap (1813): Rate=1.00s, Limit=0.000s, Conversion=0.0011s, RTAB-Map=0.3383s, Maps update=0.0018s pub=0.0001s (local map=1180, WM=1180)[0m
[0m[ INFO] [1790474244.250328422, 1790472172.268960719]: rtabmap (1814): Rate=1.00s, Limit=0.000s, Conversion=0.0013s, RTAB-Map=0.3610s, Maps update=0.0019s pub=0.0001s (local map=1180, WM=1180)[0m
[0m[ INFO] [1790474245.347643919, 1790472173.369448383]: rtabmap (1815): Rate=1.00s, Limit=0.000s, Conversion=0.0016s, RTAB-Map=0.3598s, Maps update=0.0020s pub=0.0001s (local map=1180, WM=1180)[0m
[0m[ INFO] [1790474246.331281791, 1790472174.349792006]: rtabmap (1816): Rate=1.00s, Limit=0.000s, Conversion=0.0011s, RTAB-Map=0.3435s, Maps update=0.0018s pub=0.0001s (local map=1180, WM=1180)[0m
[0m[ INFO] [1790474247.331880638, 1790472175.349546619]: rtabmap (1817): Rate=1.00s, Limit=0.000s, Conversion=0.0016s, RTAB-Map=0.3344s, Maps update=0.0018s pub=0.0001s (local map=1180, WM=1180)[0m
[0m[ INFO] [1790474248.440386701, 1790472176.423296318]: rtabmap (1818): Rate=1.00s, Limit=0.000s, Conversion=0.0013s, RTAB-Map=0.3536s, Maps update=0.0018s pub=0.0001s (local map=1180, WM=1180)[0m
Warning: TF_REPEATED_DATA ignoring data with redundant timestamp for frame odom (parent map) at time 1790472176.674919 according to authority unknown_publisher
         at line 278 in /tmp/binarydeb/ros-noetic-tf2-0.7.7/src/buffer_core.cpp
[33m[ WARN] [1790474265.979299039, 1790472193.997336961]: We are receiving imu data (buffer=1000), but cannot interpolate imu transform at time 1790472193.967151. IMU won't be added to graph.[0m
[0m[ INFO] [1790474249.442395708, 1790472177.467979386]: rtabmap (1819): Rate=1.00s, Limit=0.000s, Conversion=0.0014s, RTAB-Map=0.3557s, Maps update=0.0019s pub=0.0001s (local map=1180, WM=1180)[0m
[0m[ INFO] [1790474250.556476364, 1790472178.579678925]: rtabmap (1820): Rate=1.00s, Limit=0.000s, Conversion=0.0019s, RTAB-Map=0.3664s, Maps update=0.0021s pub=0.0001s (local map=1180, WM=1180)[0m
[0m[ INFO] [1790474251.549027492, 1790472179.568394454]: rtabmap (1821): Rate=1.00s, Limit=0.000s, Conversion=0.0008s, RTAB-Map=0.3523s, Maps update=0.0019s pub=0.0001s (local map=1180, WM=1180)[0m
[0m[ INFO] [1790474252.563353030, 1790472180.582634775]: rtabmap (1822): Rate=1.00s, Limit=0.000s, Conversion=0.0017s, RTAB-Map=0.3748s, Maps update=0.0020s pub=0.0001s (local map=1180, WM=1180)[0m
[0m[ INFO] [1790474253.632192102, 1790472181.656287154]: rtabmap (1823): Rate=1.00s, Limit=0.000s, Conversion=0.0010s, RTAB-Map=0.3488s, Maps update=0.0018s pub=0.0001s (local map=1180, WM=1180)[0m
[0m[ INFO] [1790474254.747939910, 1790472182.771251720]: rtabmap (1824): Rate=1.00s, Limit=0.000s, Conversion=0.0017s, RTAB-Map=0.3545s, Maps update=0.0020s pub=0.0001s (local map=1180, WM=1180)[0m
[0m[ INFO] [1790474255.752228681, 1790472183.770201930]: rtabmap (1825): Rate=1.00s, Limit=0.000s, Conversion=0.0009s, RTAB-Map=0.3608s, Maps update=0.0022s pub=0.0001s (local map=1180, WM=1180)[0m
[0m[ INFO] [1790474256.847894319, 1790472184.871492565]: rtabmap (1826): Rate=1.00s, Limit=0.000s, Conversion=0.0014s, RTAB-Map=0.3424s, Maps update=0.0020s pub=0.0001s (local map=1180, WM=1180)[0m
[0m[ INFO] [1790474257.922854005, 1790472185.939576806]: rtabmap (1827): Rate=1.00s, Limit=0.000s, Conversion=0.0013s, RTAB-Map=0.3465s, Maps update=0.0018s pub=0.0001s (local map=1180, WM=1180)[0m
[0m[ INFO] [1790474259.036844249, 1790472187.061229737]: rtabmap (1828): Rate=1.00s, Limit=0.000s, Conversion=0.0011s, RTAB-Map=0.3591s, Maps update=0.0018s pub=0.0001s (local map=1180, WM=1180)[0m
[0m[ INFO] [1790474260.031508289, 1790472188.057014431]: rtabmap (1829): Rate=1.00s, Limit=0.000s, Conversion=0.0011s, RTAB-Map=0.3519s, Maps update=0.0021s pub=0.0001s (local map=1180, WM=1180)[0m
[0m[ INFO] [1790474261.155963139, 1790472189.178667295]: rtabmap (1830): Rate=1.00s, Limit=0.000s, Conversion=0.0013s, RTAB-Map=0.3691s, Maps update=0.0020s pub=0.0001s (local map=1180, WM=1180)[0m
[0m[ INFO] [1790474262.114831249, 1790472190.134888779]: rtabmap (1831): Rate=1.00s, Limit=0.000s, Conversion=0.0011s, RTAB-Map=0.3365s, Maps update=0.0018s pub=0.0001s (local map=1180, WM=1180)[0m
[0m[ INFO] [1790474263.247870906, 1790472191.265558359]: rtabmap (1832): Rate=1.00s, Limit=0.000s, Conversion=0.0016s, RTAB-Map=0.3590s, Maps update=0.0020s pub=0.0001s (local map=1180, WM=1180)[0m
[0m[ INFO] [1790474264.243571049, 1790472192.265069654]: rtabmap (1833): Rate=1.00s, Limit=0.000s, Conversion=0.0015s, RTAB-Map=0.3612s, Maps update=0.0019s pub=0.0001s (local map=1180, WM=1180)[0m
[0m[ INFO] [1790474265.367741347, 1790472193.390300828]: rtabmap (1834): Rate=1.00s, Limit=0.000s, Conversion=0.0009s, RTAB-Map=0.3725s, Maps update=0.0028s pub=0.0001s (local map=1180, WM=1180)[0m
[33m[ WARN] (2026-09-26 21:57:45.979) Transform.cpp:557::getTransform() No transform found for stamp 1790472193.967151! Latest is 1790472193.957576[0m
[0m[ INFO] [1790474266.183205161, 1790472194.199178226]: rtabmap (1835): Rate=1.00s, Limit=0.000s, Conversion=0.0013s, RTAB-Map=0.2006s, Maps update=0.0027s pub=0.0001s (local map=1180, WM=1180)[0m
[0m[ INFO] [1790474267.483295026, 1790472195.506162255]: rtabmap (1836): Rate=1.00s, Limit=0.000s, Conversion=0.0015s, RTAB-Map=0.3974s, Maps update=0.0027s pub=0.0001s (local map=1180, WM=1180)[0m
[0m[ INFO] [1790474268.459250218, 1790472196.477104778]: rtabmap (1837): Rate=1.00s, Limit=0.000s, Conversion=0.0016s, RTAB-Map=0.3619s, Maps update=0.0018s pub=0.0001s (local map=1180, WM=1180)[0m
[0m[ INFO] [1790474269.445832676, 1790472197.465771325]: rtabmap (1838): Rate=1.00s, Limit=0.000s, Conversion=0.0009s, RTAB-Map=0.3583s, Maps update=0.0023s pub=0.0001s (local map=1180, WM=1180)[0m
[0m[ INFO] [1790474270.542361379, 1790472198.566592753]: rtabmap (1839): Rate=1.00s, Limit=0.000s, Conversion=0.0016s, RTAB-Map=0.3542s, Maps update=0.0019s pub=0.0001s (local map=1180, WM=1180)[0m
[0m[ INFO] [1790474271.542560257, 1790472199.566740463]: rtabmap (1840): Rate=1.00s, Limit=0.000s, Conversion=0.0012s, RTAB-Map=0.3444s, Maps update=0.0019s pub=0.0001s (local map=1180, WM=1180)[0m
[0m[ INFO] [1790474272.558720323, 1790472200.578601179]: rtabmap (1841): Rate=1.00s, Limit=0.000s, Conversion=0.0009s, RTAB-Map=0.3718s, Maps update=0.0020s pub=0.0001s (local map=1180, WM=1180)[0m
[0m[ INFO] [1790474273.537606329, 1790472201.560595704]: rtabmap (1842): Rate=1.00s, Limit=0.000s, Conversion=0.0010s, RTAB-Map=0.3598s, Maps update=0.0020s pub=0.0001s (local map=1180, WM=1180)[0m
[0m[ INFO] [1790474274.654353484, 1790472202.673914176]: rtabmap (1843): Rate=1.00s, Limit=0.000s, Conversion=0.0013s, RTAB-Map=0.3451s, Maps update=0.0019s pub=0.0001s (local map=1180, WM=1180)[0m
[0m[ INFO] [1790474275.736896697, 1790472203.761266408]: rtabmap (1844): Rate=1.00s, Limit=0.000s, Conversion=0.0016s, RTAB-Map=0.3452s, Maps update=0.0019s pub=0.0001s (local map=1180, WM=1180)[0m
[0m[ INFO] [1790474276.731435788, 1790472204.748087357]: rtabmap (1845): Rate=1.00s, Limit=0.000s, Conversion=0.0013s, RTAB-Map=0.3499s, Maps update=0.0019s pub=0.0001s (local map=1180, WM=1180)[0m
[0m[ INFO] [1790474277.731770501, 1790472205.755489260]: rtabmap (1846): Rate=1.00s, Limit=0.000s, Conversion=0.0011s, RTAB-Map=0.3543s, Maps update=0.0019s pub=0.0001s (local map=1180, WM=1180)[0m
[0m[ INFO] [1790474278.756672074, 1790472206.780631861]: rtabmap (1847): Rate=1.00s, Limit=0.000s, Conversion=0.0014s, RTAB-Map=0.3625s, Maps update=0.0019s pub=0.0001s (local map=1180, WM=1180)[0m
[0m[ INFO] [1790474279.858120218, 1790472207.880179502]: rtabmap (1848): Rate=1.00s, Limit=0.000s, Conversion=0.0014s, RTAB-Map=0.3742s, Maps update=0.0020s pub=0.0001s (local map=1180, WM=1180)[0m
[0m[ INFO] [1790474280.935551298, 1790472208.953339681]: rtabmap (1849): Rate=1.00s, Limit=0.000s, Conversion=0.0011s, RTAB-Map=0.3505s, Maps update=0.0020s pub=0.0001s (local map=1180, WM=1180)[0m
[0m[ INFO] [1790474281.939149214, 1790472209.956334806]: rtabmap (1850): Rate=1.00s, Limit=0.000s, Conversion=0.0014s, RTAB-Map=0.3503s, Maps update=0.0020s pub=0.0001s (local map=1180, WM=1180)[0m
[0m[ INFO] [1790474282.918960342, 1790472210.938586091]: rtabmap (1851): Rate=1.00s, Limit=0.000s, Conversion=0.0011s, RTAB-Map=0.3302s, Maps update=0.0020s pub=0.0001s (local map=1180, WM=1180)[0m
[0m[ INFO] [1790474284.056690270, 1790472212.076949723]: rtabmap (1852): Rate=1.00s, Limit=0.000s, Conversion=0.0011s, RTAB-Map=0.3742s, Maps update=0.0020s pub=0.0001s (local map=1180, WM=1180)[0m
[0m[ INFO] [1790474285.033006024, 1790472213.056161065]: rtabmap (1853): Rate=1.00s, Limit=0.000s, Conversion=0.0013s, RTAB-Map=0.3545s, Maps update=0.0020s pub=0.0001s (local map=1180, WM=1180)[0m
[0m[ INFO] [1790474286.027851348, 1790472214.046745889]: rtabmap (1854): Rate=1.00s, Limit=0.000s, Conversion=0.0016s, RTAB-Map=0.3345s, Maps update=0.0016s pub=0.0001s (local map=1180, WM=1180)[0m
[0m[ INFO] [1790474287.134130038, 1790472215.152430299]: rtabmap (1855): Rate=1.00s, Limit=0.000s, Conversion=0.0017s, RTAB-Map=0.3385s, Maps update=0.0017s pub=0.0001s (local map=1180, WM=1180)[0m
[0m[ INFO] [1790474288.135061323, 1790472216.154014680]: rtabmap (1856): Rate=1.00s, Limit=0.000s, Conversion=0.0009s, RTAB-Map=0.3411s, Maps update=0.0018s pub=0.0001s (local map=1180, WM=1180)[0m
[0m[ INFO] [1790474289.243598054, 1790472217.258638307]: rtabmap (1857): Rate=1.00s, Limit=0.000s, Conversion=0.0016s, RTAB-Map=0.3553s, Maps update=0.0019s pub=0.0001s (local map=1180, WM=1180)[0m
[0m[ INFO] [1790474290.227535528, 1790472218.246721304]: rtabmap (1858): Rate=1.00s, Limit=0.000s, Conversion=0.0009s, RTAB-Map=0.3506s, Maps update=0.0019s pub=0.0001s (local map=1180, WM=1180)[0m
[0m[ INFO] [1790474291.334962579, 1790472219.357233577]: rtabmap (1859): Rate=1.00s, Limit=0.000s, Conversion=0.0017s, RTAB-Map=0.3461s, Maps update=0.0019s pub=0.0001s (local map=1180, WM=1180)[0m
[0m[ INFO] [1790474292.343668450, 1790472220.363961472]: rtabmap (1860): Rate=1.00s, Limit=0.000s, Conversion=0.0009s, RTAB-Map=0.3470s, Maps update=0.0019s pub=0.0001s (local map=1180, WM=1180)[0m
[0m[ INFO] [1790474293.353641440, 1790472221.374939978]: rtabmap (1861): Rate=1.00s, Limit=0.000s, Conversion=0.0015s, RTAB-Map=0.3439s, Maps update=0.0020s pub=0.0001s (local map=1180, WM=1180)[0m
[0m[ INFO] [1790474294.441985981, 1790472222.467646684]: rtabmap (1862): Rate=1.00s, Limit=0.000s, Conversion=0.0016s, RTAB-Map=0.3564s, Maps update=0.0019s pub=0.0001s (local map=1180, WM=1180)[0m
[0m[ INFO] [1790474295.538477052, 1790472223.561490363]: rtabmap (1863): Rate=1.00s, Limit=0.000s, Conversion=0.0010s, RTAB-Map=0.3682s, Maps update=0.0020s pub=0.0001s (local map=1180, WM=1180)[0m
[0m[ INFO] [1790474296.531963308, 1790472224.550369875]: rtabmap (1864): Rate=1.00s, Limit=0.000s, Conversion=0.0014s, RTAB-Map=0.3514s, Maps update=0.0018s pub=0.0001s (local map=1180, WM=1180)[0m
[0m[ INFO] [1790474297.649974289, 1790472225.671947363]: rtabmap (1865): Rate=1.00s, Limit=0.000s, Conversion=0.0011s, RTAB-Map=0.3559s, Maps update=0.0022s pub=0.0001s (local map=1180, WM=1180)[0m
[0m[ INFO] [1790474298.749125389, 1790472226.771741384]: rtabmap (1866): Rate=1.00s, Limit=0.000s, Conversion=0.0015s, RTAB-Map=0.3536s, Maps update=0.0018s pub=0.0001s (local map=1180, WM=1180)[0m
[0m[ INFO] [1790474299.754326953, 1790472227.779302112]: rtabmap (1867): Rate=1.00s, Limit=0.000s, Conversion=0.0014s, RTAB-Map=0.3736s, Maps update=0.0020s pub=0.0001s (local map=1180, WM=1180)[0m
[0m[ INFO] [1790474300.829987491, 1790472228.851216076]: rtabmap (1868): Rate=1.00s, Limit=0.000s, Conversion=0.0012s, RTAB-Map=0.3566s, Maps update=0.0020s pub=0.0001s (local map=1180, WM=1180)[0m
[0m[ INFO] [1790474301.836727696, 1790472229.858324285]: rtabmap (1869): Rate=1.00s, Limit=0.000s, Conversion=0.0014s, RTAB-Map=0.3472s, Maps update=0.0017s pub=0.0001s (local map=1180, WM=1180)[0m
[0m[ INFO] [1790474302.925022370, 1790472230.949679989]: rtabmap (1870): Rate=1.00s, Limit=0.000s, Conversion=0.0012s, RTAB-Map=0.3410s, Maps update=0.0018s pub=0.0001s (local map=1180, WM=1180)[0m
[0m[ INFO] [1790474304.043891177, 1790472232.064831087]: rtabmap (1871): Rate=1.00s, Limit=0.000s, Conversion=0.0009s, RTAB-Map=0.3626s, Maps update=0.0020s pub=0.0001s (local map=1180, WM=1180)[0m
[0m[ INFO] [1790474305.041969384, 1790472233.066720796]: rtabmap (1872): Rate=1.00s, Limit=0.000s, Conversion=0.0016s, RTAB-Map=0.3543s, Maps update=0.0019s pub=0.0001s (local map=1180, WM=1180)[0m
[0m[ INFO] [1790474306.126235333, 1790472234.149822955]: rtabmap (1873): Rate=1.00s, Limit=0.000s, Conversion=0.0012s, RTAB-Map=0.3425s, Maps update=0.0020s pub=0.0001s (local map=1180, WM=1180)[0m
[0m[ INFO] [1790474307.249616256, 1790472235.272719936]: rtabmap (1874): Rate=1.00s, Limit=0.000s, Conversion=0.0014s, RTAB-Map=0.3473s, Maps update=0.0020s pub=0.0001s (local map=1180, WM=1180)[0m
[0m[ INFO] [1790474308.245811652, 1790472236.269498667]: rtabmap (1875): Rate=1.00s, Limit=0.000s, Conversion=0.0017s, RTAB-Map=0.3537s, Maps update=0.0018s pub=0.0001s (local map=1180, WM=1180)[0m
[0m[ INFO] [1790474309.365890643, 1790472237.389788637]: rtabmap (1876): Rate=1.00s, Limit=0.000s, Conversion=0.0009s, RTAB-Map=0.3816s, Maps update=0.0029s pub=0.0001s (local map=1180, WM=1180)[0m
[0m[ INFO] [1790474310.452638761, 1790472238.469318235]: rtabmap (1877): Rate=1.00s, Limit=0.000s, Conversion=0.0016s, RTAB-Map=0.3615s, Maps update=0.0020s pub=0.0001s (local map=1180, WM=1180)[0m
[0m[ INFO] [1790474311.429097784, 1790472239.452611966]: rtabmap (1878): Rate=1.00s, Limit=0.000s, Conversion=0.0015s, RTAB-Map=0.3405s, Maps update=0.0018s pub=0.0001s (local map=1180, WM=1180)[0m
[0m[ INFO] [1790474312.477177651, 1790472240.500948955]: rtabmap (1879): Rate=1.00s, Limit=0.000s, Conversion=0.0013s, RTAB-Map=0.3783s, Maps update=0.0026s pub=0.0001s (local map=1180, WM=1180)[0m
[0m[ INFO] [1790474313.526526332, 1790472241.549400825]: rtabmap (1880): Rate=1.00s, Limit=0.000s, Conversion=0.0011s, RTAB-Map=0.3456s, Maps update=0.0020s pub=0.0001s (local map=1180, WM=1180)[0m
[0m[ INFO] [1790474314.652089160, 1790472242.671610268]: rtabmap (1881): Rate=1.00s, Limit=0.000s, Conversion=0.0013s, RTAB-Map=0.3613s, Maps update=0.0018s pub=0.0001s (local map=1180, WM=1180)[0m
[0m[ INFO] [1790474315.748304300, 1790472243.771318187]: rtabmap (1882): Rate=1.00s, Limit=0.000s, Conversion=0.0011s, RTAB-Map=0.3523s, Maps update=0.0020s pub=0.0001s (local map=1180, WM=1180)[0m
[0m[ INFO] [1790474316.735439928, 1790472244.754400709]: rtabmap (1883): Rate=1.00s, Limit=0.000s, Conversion=0.0009s, RTAB-Map=0.3538s, Maps update=0.0019s pub=0.0001s (local map=1180, WM=1180)[0m
[0m[ INFO] [1790474317.841443345, 1790472245.864903445]: rtabmap (1884): Rate=1.00s, Limit=0.000s, Conversion=0.0022s, RTAB-Map=0.3609s, Maps update=0.0020s pub=0.0001s (local map=1180, WM=1180)[0m
[0m[ INFO] [1790474318.941958245, 1790472246.966959389]: rtabmap (1885): Rate=1.00s, Limit=0.000s, Conversion=0.0013s, RTAB-Map=0.3542s, Maps update=0.0018s pub=0.0001s (local map=1180, WM=1180)[0m
[0m[ INFO] [1790474320.037297689, 1790472248.057773401]: rtabmap (1886): Rate=1.00s, Limit=0.000s, Conversion=0.0011s, RTAB-Map=0.3465s, Maps update=0.0020s pub=0.0001s (local map=1180, WM=1180)[0m
[0m[ INFO] [1790474321.049089358, 1790472249.068924614]: rtabmap (1887): Rate=1.00s, Limit=0.000s, Conversion=0.0014s, RTAB-Map=0.3606s, Maps update=0.0018s pub=0.0001s (local map=1180, WM=1180)[0m
rtabmap: Saving database/long-term memory... (located at /media/administrator/USB Drive/slam_series2/s2_static_09/lidar_ref_f3dof/rtab_helios.db)
rtabmap: Saving database/long-term memory...done! (located at /media/administrator/USB Drive/slam_series2/s2_static_09/lidar_ref_f3dof/rtab_helios.db, 1021 MB)
[33m[ WARN] [1790474337.014681249, 1790472249.270393222]: Shutdown request received.[0m
[33m[ WARN] [1790474337.014824130, 1790472249.270393222]: Reason given for shutdown: [user request][0m
[INFO] [1790472316.488683, 0.000000]: box_crop: cutting base_link box min=[-0.2  -0.35  0.41] max=[ 0.14 -0.13  0.7 ]
[INFO] [1790472336.331421, 1790470264.349694]: box_crop: box in cloud frame rslidar: min=[-0.208 -0.35  -0.434] max=[ 0.132 -0.13  -0.144]
shutdown request: user request
[33m[ WARN] [1790474337.202297588, 1790472249.270393222]: Shutdown request received.[0m
[33m[ WARN] [1790474337.205553851, 1790472249.270393222]: Reason given for shutdown: [user request][0m
Filtering applied to all links.[0m
[0m[ INFO] [1790472316.576240164]: RobotBodyFilter: Found parameter: frames/output, value: rslidar[0m
[0m[ INFO] [1790472316.576275045]: RobotBodyFilter: Parameter cloud/point_channels not defined, assigning default: ["vp_"][0m
[0m[ INFO] [1790472316.576291269]: RobotBodyFilter: Parameter cloud/direction_channels not defined, assigning default: ["normal_"][0m
[0m[ INFO] [1790472316.576451111]: Configured filter chain of type sensor_msgs/PointCloud2 from namespace /helios_body_filter/cloud_filter_chain[0m
[0m[ INFO] [1790472336.308044926, 1790470264.329498928]: RobotBodyFilter: Transforming cloud from frame rslidar to base_link[0m
[0m[ INFO] [1790472336.319832094, 1790470264.339568158]: RobotBodyFilter: Transforming cloud from frame base_link to rslidar[0m
shutdown request: user request
[1m[37mRoboSense-LiDAR-Driver is stopping.....[0m
terminate called after throwing an instance of 'std::system_error'
  what():  Invalid argument
... logging to /home/administrator/.ros/log/46b17de8-ba12-11f1-8b23-48b02de646a8/roslaunch-cpr-a200-0985-96617.log
Checking log directory for disk usage. This may take a while.
Press Ctrl-C to interrupt
Done checking log file disk usage. Usage is <1GB.
]2;/media/administrator/USB Drive/slam_series2/tools/colleague_variants/f3dof.launch
[1mstarted roslaunch server http://cpr-a200-0985:33497/[0m

SUMMARY
========

PARAMETERS
 * /helios_body_filter/cloud_filter_chain: [{'name': 'RobotB...
 * /helios_box_crop/box_frame: base_link
 * /helios_box_crop/max_x: 0.14
 * /helios_box_crop/max_y: -0.13
 * /helios_box_crop/max_z: 0.7
 * /helios_box_crop/min_x: -0.2
 * /helios_box_crop/min_y: -0.35
 * /helios_box_crop/min_z: 0.41
 * /helios_driver/config_path: /home/administrat...
 * /robot_description: <?xml version="1....
 * /rosdistro: noetic
 * /rosversion: 1.17.0
 * /rtabmap/rtabmap/Grid/CellSize: 0.02
 * /rtabmap/rtabmap/Grid/ClusterRadius: 1
 * /rtabmap/rtabmap/Grid/GroundIsObstacle: true
 * /rtabmap/rtabmap/Grid/RangeMax: 20
 * /rtabmap/rtabmap/Icp/CorrespondenceRatio: 0.4
 * /rtabmap/rtabmap/Icp/Epsilon: 0.001
 * /rtabmap/rtabmap/Icp/Iterations: 10
 * /rtabmap/rtabmap/Icp/MaxCorrespondenceDistance: 1
 * /rtabmap/rtabmap/Icp/MaxTranslation: 3
 * /rtabmap/rtabmap/Icp/PM: true
 * /rtabmap/rtabmap/Icp/PMOutlierRatio: 0.7
 * /rtabmap/rtabmap/Icp/PointToPlane: false
 * /rtabmap/rtabmap/Icp/PointToPlaneK: 20
 * /rtabmap/rtabmap/Icp/PointToPlaneRadius: 0
 * /rtabmap/rtabmap/Icp/VoxelSize: 0.3
 * /rtabmap/rtabmap/Mem/NotLinkedNodesKept: false
 * /rtabmap/rtabmap/Mem/STMSize: 30
 * /rtabmap/rtabmap/Optimizer/GravitySigma: 0.3
 * /rtabmap/rtabmap/RGBD/AngularUpdate: 0.05
 * /rtabmap/rtabmap/RGBD/LinearUpdate: 0.05
 * /rtabmap/rtabmap/RGBD/NeighborLinkRefining: false
 * /rtabmap/rtabmap/RGBD/ProximityBySpace: true
 * /rtabmap/rtabmap/RGBD/ProximityMaxGraphDepth: 0
 * /rtabmap/rtabmap/RGBD/ProximityPathMaxNeighbors: 1
 * /rtabmap/rtabmap/Reg/Force3DoF: true
 * /rtabmap/rtabmap/Reg/Strategy: 1
 * /rtabmap/rtabmap/Rtabmap/DetectionRate: 1
 * /rtabmap/rtabmap/approx_sync: True
 * /rtabmap/rtabmap/database_path: /media/administra...
 * /rtabmap/rtabmap/frame_id: base_link
 * /rtabmap/rtabmap/subscribe_depth: False
 * /rtabmap/rtabmap/subscribe_rgb: False
 * /rtabmap/rtabmap/subscribe_scan_cloud: True

NODES
  /
    helios_body_filter (sensor_filters/pointcloud2_filter_chain)
    helios_box_crop (self_navigation/box_crop.py)
    helios_driver (rslidar_sdk/rslidar_sdk_node)
    helios_restamp (self_navigation/helios_restamp.py)
  /rtabmap/
    rtabmap (rtabmap_slam/rtabmap)

[1mROS_MASTER_URI=http://localhost:11312[0m
]2;/media/administrator/USB Drive/slam_series2/tools/colleague_variants/f3dof.launch http://localhost:11312
[1mprocess[helios_driver-1]: started with pid [96644][0m
[1mprocess[helios_restamp-2]: started with pid [96645][0m
[1mprocess[helios_body_filter-3]: started with pid [96646][0m
[1mprocess[helios_box_crop-4]: started with pid [96647][0m
[1mprocess[rtabmap/rtabmap-5]: started with pid [96652][0m
[1m[rtabmap/rtabmap-5] process has finished cleanly
log file: /home/administrator/.ros/log/46b17de8-ba12-11f1-8b23-48b02de646a8/rtabmap-rtabmap-5*.log[0m
[1m[helios_box_crop-4] process has finished cleanly
log file: /home/administrator/.ros/log/46b17de8-ba12-11f1-8b23-48b02de646a8/helios_box_crop-4*.log[0m
[1m[helios_body_filter-3] process has finished cleanly
log file: /home/administrator/.ros/log/46b17de8-ba12-11f1-8b23-48b02de646a8/helios_body_filter-3*.log[0m
[1m[helios_restamp-2] process has finished cleanly
log file: /home/administrator/.ros/log/46b17de8-ba12-11f1-8b23-48b02de646a8/helios_restamp-2*.log[0m
[helios_driver-1] killing on exit
shutting down processing monitor...
... shutting down processing monitor complete
[1mdone[0m
