# each path moved to start at (0,0) facing +x; tracking alone (odometry); time = epoch s; source ~/.run_records/s2_static_05/fusion.bag (/fused/odometry, /robot/ekf_odom, /rtabmap/odom, /robot/wheel_odom)
source,t,x,y,heading_deg
blend,1790403225.40,0.000,0.000,0.00
blend,1790403225.51,0.000,0.000,-0.00
blend,1790403226.02,0.002,0.000,-0.00
blend,1790403226.53,0.001,0.000,0.00
blend,1790403227.04,0.001,0.000,0.01
blend,1790403227.51,0.001,0.000,0.01
blend,1790403228.02,-0.000,0.000,0.01
blend,1790403228.51,-0.000,0.000,0.01
blend,1790403229.04,-0.001,0.000,0.01
blend,1790403229.51,-0.001,0.000,0.01
blend,1790403230.02,-0.001,0.000,0.01
blend,1790403230.53,-0.001,0.000,0.01
blend,1790403231.04,-0.001,0.000,0.01
blend,1790403231.51,-0.001,0.000,0.01
blend,1790403232.02,-0.002,0.000,0.01
blend,1790403232.53,-0.001,0.000,0.01
blend,1790403233.04,-0.001,0.000,0.01
blend,1790403233.51,-0.002,0.000,0.01
blend,1790403234.02,-0.001,0.000,0.02
blend,1790403234.50,-0.003,0.000,0.02
blend,1790403235.04,-0.003,0.000,0.03
blend,1790403235.50,-0.002,0.000,0.03
blend,1790403236.02,-0.003,0.000,0.02
blend,1790403236.53,-0.002,0.000,0.01
blend,1790403237.04,-0.002,0.000,0.01
blend,1790403237.50,-0.002,0.000,0.01
blend,1790403238.02,-0.002,0.000,0.01
blend,1790403238.53,-0.001,0.000,0.01
blend,1790403239.04,-0.002,0.000,0.02
blend,1790403239.50,-0.001,0.000,0.02
blend,1790403240.02,-0.001,0.000,0.02
blend,1790403240.53,0.000,0.000,0.02
blend,1790403241.01,0.001,0.000,0.02
blend,1790403241.50,0.000,0.000,0.01
blend,1790403242.02,0.000,0.000,0.02
blend,1790403242.53,0.000,0.000,0.02
blend,1790403243.04,0.000,0.000,0.02
blend,1790403243.50,-0.000,0.000,0.02
blend,1790403244.02,-0.000,0.000,0.01
blend,1790403244.53,-0.001,0.000,0.01
blend,1790403245.04,-0.001,0.000,0.01
blend,1790403245.50,-0.001,0.000,0.01
blend,1790403246.02,0.001,0.000,0.01
blend,1790403246.53,0.001,0.000,0.00
blend,1790403247.04,0.002,0.000,0.01
blend,1790403247.50,0.001,0.000,0.01
blend,1790403248.01,0.001,0.000,0.01
blend,1790403248.53,0.002,0.000,0.02
blend,1790403249.04,0.002,0.000,0.02
blend,1790403249.50,0.002,0.000,0.02
blend,1790403250.01,0.001,0.000,0.03
blend,1790403250.53,0.001,0.000,0.02
blend,1790403251.04,0.001,0.000,0.02
blend,1790403251.50,0.001,0.000,0.02
blend,1790403252.01,0.002,0.000,0.02
blend,1790403252.53,0.002,0.000,0.02
blend,1790403253.04,0.002,0.000,0.02
blend,1790403253.50,0.003,0.000,0.03
blend,1790403254.01,0.002,0.000,0.03
blend,1790403254.53,0.002,0.000,0.02
blend,1790403255.04,0.001,0.000,0.02
blend,1790403255.50,0.002,0.000,0.02
blend,1790403256.01,0.002,0.000,0.02
blend,1790403256.53,0.004,0.000,0.02
blend,1790403257.04,0.003,0.000,0.02
blend,1790403257.51,0.003,0.000,0.02
blend,1790403258.02,0.004,0.000,0.02
blend,1790403258.52,0.003,0.000,0.02
blend,1790403259.04,0.002,0.000,0.03
blend,1790403259.51,0.002,0.000,0.04
blend,1790403260.01,0.002,0.000,0.05
blend,1790403260.52,0.001,0.000,0.05
blend,1790403261.04,0.002,0.000,0.04
blend,1790403261.51,0.003,0.000,0.03
blend,1790403262.01,0.003,0.000,0.03
blend,1790403262.52,0.002,0.000,0.03
blend,1790403263.04,0.003,0.000,0.03
blend,1790403263.51,0.003,0.000,0.03
blend,1790403264.01,0.003,0.000,0.04
blend,1790403264.52,0.003,0.000,0.04
blend,1790403265.03,0.003,0.000,0.05
blend,1790403265.51,0.003,0.000,0.04
blend,1790403266.01,0.003,0.000,0.04
blend,1790403266.52,0.003,0.000,0.04
blend,1790403267.03,0.003,0.000,0.04
blend,1790403267.55,0.002,0.000,0.04
blend,1790403268.01,0.002,0.000,0.04
blend,1790403268.52,0.001,0.000,0.04
blend,1790403269.03,0.001,0.000,0.04
blend,1790403269.54,0.001,0.000,0.04
blend,1790403270.00,0.001,0.000,0.04
blend,1790403270.52,0.001,0.000,0.04
blend,1790403271.00,0.001,0.000,0.04
blend,1790403271.54,0.001,0.000,0.03
blend,1790403272.00,0.002,0.000,0.03
blend,1790403272.52,0.002,0.000,0.03
blend,1790403273.03,0.002,0.000,0.03
blend,1790403273.50,0.002,0.000,0.02
blend,1790403274.00,0.001,0.000,0.02
blend,1790403274.51,0.001,0.000,0.02
blend,1790403275.03,0.002,0.000,0.02
blend,1790403275.50,0.002,0.000,0.02
blend,1790403276.00,0.002,0.000,0.03
blend,1790403276.50,0.001,0.000,0.03
blend,1790403277.03,0.002,0.000,0.03
blend,1790403277.50,0.001,0.000,0.03
blend,1790403278.00,0.000,0.000,0.02
blend,1790403278.51,0.000,0.000,0.02
blend,1790403279.03,0.000,0.000,0.02
blend,1790403279.54,-0.000,0.000,0.02
blend,1790403280.00,-0.001,0.000,0.02
blend,1790403280.51,-0.000,0.000,0.02
blend,1790403281.03,0.000,0.000,0.02
blend,1790403281.54,-0.000,0.000,0.02
blend,1790403282.01,0.000,0.000,0.03
blend,1790403282.51,-0.000,0.000,0.02
blend,1790403283.03,-0.000,0.000,0.02
blend,1790403283.54,-0.000,0.000,0.02
blend,1790403284.01,-0.000,0.000,0.02
blend,1790403284.51,-0.000,0.000,0.03
blend,1790403285.03,-0.001,0.000,0.04
blend,1790403285.50,-0.001,0.000,0.04
blend,1790403286.00,0.001,0.000,0.04
blend,1790403286.51,0.001,0.000,0.04
blend,1790403287.03,0.001,0.000,0.04
blend,1790403287.54,0.001,0.000,0.04
blend,1790403288.00,0.001,0.000,0.04
blend,1790403288.51,0.001,0.000,0.04
blend,1790403289.02,0.000,0.000,0.04
blend,1790403289.54,-0.000,0.000,0.04
blend,1790403290.01,-0.001,0.000,0.05
blend,1790403290.51,0.000,0.000,0.05
blend,1790403291.02,0.000,0.000,0.05
blend,1790403291.54,0.000,0.000,0.04
blend,1790403292.00,-0.000,0.000,0.04
blend,1790403292.51,-0.000,0.000,0.04
blend,1790403293.00,-0.000,0.000,0.05
blend,1790403293.54,-0.001,0.000,0.04
blend,1790403294.00,-0.001,0.000,0.05
blend,1790403294.51,-0.001,0.000,0.05
blend,1790403295.02,-0.000,0.000,0.04
blend,1790403295.54,-0.001,0.000,0.04
blend,1790403296.01,-0.001,0.000,0.05
blend,1790403296.51,-0.001,0.000,0.04
blend,1790403297.02,-0.001,0.000,0.04
blend,1790403297.54,-0.001,0.000,0.04
blend,1790403298.00,-0.001,0.000,0.05
blend,1790403298.51,-0.001,0.000,0.04
blend,1790403299.02,-0.001,0.000,0.04
blend,1790403299.54,-0.001,0.000,0.04
blend,1790403300.02,-0.001,0.000,0.04
blend,1790403300.51,-0.001,0.000,0.04
blend,1790403301.02,-0.001,0.000,0.04
blend,1790403301.53,-0.001,0.000,0.04
blend,1790403302.01,-0.001,0.000,0.05
blend,1790403302.51,-0.002,0.000,0.05
blend,1790403303.01,-0.001,0.000,0.04
blend,1790403303.53,-0.001,0.000,0.04
blend,1790403304.01,-0.002,0.000,0.04
blend,1790403304.51,-0.002,0.000,0.04
blend,1790403305.02,-0.002,0.000,0.04
blend,1790403305.53,-0.001,0.000,0.03
blend,1790403306.00,-0.002,0.000,0.03
blend,1790403306.51,-0.003,0.000,0.03
blend,1790403307.02,-0.003,0.000,0.04
blend,1790403307.53,-0.003,0.000,0.05
blend,1790403308.05,-0.002,0.000,0.05
blend,1790403308.51,-0.003,0.000,0.04
blend,1790403309.02,-0.003,0.000,0.04
blend,1790403309.50,-0.003,0.000,0.03
blend,1790403310.04,-0.003,0.000,0.02
blend,1790403310.51,-0.003,0.000,0.02
blend,1790403311.02,-0.003,0.000,0.03
blend,1790403311.53,-0.002,0.000,0.03
blend,1790403312.04,-0.002,0.000,0.03
blend,1790403312.50,-0.002,0.000,0.04
blend,1790403313.02,-0.003,0.000,0.04
blend,1790403313.53,-0.002,0.000,0.03
blend,1790403314.04,-0.002,0.000,0.04
blend,1790403314.50,-0.003,0.000,0.04
blend,1790403315.02,-0.003,0.000,0.04
blend,1790403315.53,-0.003,0.000,0.04
blend,1790403316.04,-0.003,0.000,0.04
blend,1790403316.50,-0.003,0.000,0.04
blend,1790403317.01,-0.002,0.000,0.05
blend,1790403317.53,-0.002,0.000,0.04
blend,1790403318.04,-0.002,0.000,0.05
blend,1790403318.50,-0.002,0.000,0.05
blend,1790403319.01,-0.002,0.000,0.05
blend,1790403319.53,-0.002,0.000,0.05
blend,1790403320.04,-0.002,0.000,0.05
blend,1790403320.50,-0.002,0.000,0.05
blend,1790403321.01,-0.002,0.000,0.05
blend,1790403321.53,-0.002,0.000,0.05
blend,1790403322.01,-0.002,0.000,0.05
blend,1790403322.50,-0.002,0.000,0.05
blend,1790403323.01,-0.002,0.000,0.05
blend,1790403323.53,-0.002,0.000,0.05
blend,1790403324.04,-0.002,0.000,0.05
blend,1790403324.51,-0.002,0.000,0.05
blend,1790403325.00,-0.002,0.000,0.05
blend,1790403325.53,-0.002,0.000,0.05
blend,1790403326.00,-0.002,0.000,0.05
blend,1790403326.51,-0.002,0.000,0.05
blend,1790403327.01,-0.002,0.000,0.06
blend,1790403327.52,-0.002,0.000,0.06
blend,1790403328.04,-0.002,0.000,0.06
blend,1790403328.51,-0.002,0.000,0.06
blend,1790403329.01,-0.003,0.000,0.05
blend,1790403329.52,-0.003,0.000,0.06
blend,1790403330.03,-0.003,0.000,0.05
blend,1790403330.51,-0.003,0.000,0.06
blend,1790403331.01,-0.003,0.000,0.06
blend,1790403331.52,-0.003,0.000,0.06
blend,1790403332.03,-0.003,0.000,0.07
blend,1790403332.51,-0.005,0.000,0.07
blend,1790403333.01,-0.005,0.000,0.07
blend,1790403333.51,-0.005,0.000,0.07
blend,1790403334.03,-0.005,0.000,0.07
blend,1790403334.54,-0.005,0.000,0.06
blend,1790403335.01,-0.005,0.000,0.06
blend,1790403335.52,-0.005,0.000,0.07
blend,1790403336.03,-0.005,0.000,0.06
blend,1790403336.54,-0.005,0.000,0.06
blend,1790403337.00,-0.005,0.000,0.06
blend,1790403337.52,-0.005,0.000,0.06
blend,1790403338.03,-0.005,0.000,0.06
blend,1790403338.54,-0.005,0.000,0.06
blend,1790403339.00,-0.005,0.000,0.06
blend,1790403339.52,-0.006,0.000,0.06
blend,1790403340.03,-0.005,0.000,0.06
blend,1790403340.54,-0.005,0.000,0.06
blend,1790403341.00,-0.005,0.000,0.06
blend,1790403341.51,-0.005,0.000,0.06
blend,1790403342.03,-0.005,0.000,0.06
blend,1790403342.54,-0.005,0.000,0.04
blend,1790403343.00,-0.005,0.000,0.05
blend,1790403343.51,-0.005,0.000,0.05
blend,1790403344.02,-0.006,0.000,0.05
blend,1790403344.54,-0.005,0.000,0.05
blend,1790403345.01,-0.005,0.000,0.06
blend,1790403345.51,-0.005,0.000,0.06
blend,1790403346.02,-0.005,0.000,0.07
blend,1790403346.54,-0.005,0.000,0.06
blend,1790403347.00,-0.005,0.000,0.06
blend,1790403347.51,-0.006,0.000,0.06
blend,1790403348.02,-0.006,0.000,0.07
blend,1790403348.54,-0.006,0.000,0.06
blend,1790403349.05,-0.006,0.000,0.07
blend,1790403349.51,-0.006,0.000,0.07
blend,1790403350.00,-0.007,0.000,0.06
blend,1790403350.53,-0.006,0.000,0.07
blend,1790403351.01,-0.006,0.000,0.06
blend,1790403351.51,-0.006,0.000,0.06
blend,1790403352.02,-0.006,0.000,0.06
blend,1790403352.53,-0.007,0.000,0.06
blend,1790403353.01,-0.007,0.000,0.06
blend,1790403353.51,-0.007,0.000,0.07
blend,1790403354.02,-0.007,0.000,0.06
blend,1790403354.53,-0.007,0.000,0.06
blend,1790403355.04,-0.007,0.000,0.06
blend,1790403355.51,-0.007,0.000,0.05
blend,1790403356.02,-0.007,0.000,0.04
blend,1790403356.53,-0.007,0.000,0.05
blend,1790403357.04,-0.007,0.000,0.05
blend,1790403357.50,-0.007,0.000,0.04
blend,1790403358.02,-0.007,0.000,0.04
blend,1790403358.53,-0.006,0.000,0.04
blend,1790403359.04,-0.007,0.000,0.04
blend,1790403359.50,-0.007,0.000,0.05
blend,1790403360.01,-0.007,0.000,0.05
blend,1790403360.53,-0.006,0.000,0.05
blend,1790403361.04,-0.007,0.000,0.05
blend,1790403361.50,-0.007,0.000,0.05
blend,1790403362.01,-0.006,0.000,0.05
blend,1790403362.53,-0.006,0.000,0.05
blend,1790403363.04,-0.006,0.000,0.05
blend,1790403363.50,-0.006,0.000,0.06
blend,1790403364.01,-0.006,0.000,0.06
blend,1790403364.53,-0.007,0.000,0.07
blend,1790403365.04,-0.006,0.000,0.07
blend,1790403365.52,-0.006,0.000,0.07
blend,1790403366.01,-0.006,0.000,0.07
blend,1790403366.53,-0.007,0.000,0.07
blend,1790403367.04,-0.007,0.000,0.07
blend,1790403367.51,-0.006,0.000,0.07
blend,1790403368.01,-0.007,0.000,0.07
blend,1790403368.53,-0.007,0.000,0.07
blend,1790403369.04,-0.007,0.000,0.07
blend,1790403369.51,-0.007,0.000,0.06
blend,1790403370.01,-0.006,0.000,0.06
blend,1790403370.52,-0.007,0.000,0.05
blend,1790403371.04,-0.007,0.000,0.05
blend,1790403371.50,-0.007,0.000,0.04
blend,1790403372.01,-0.007,0.000,0.03
blend,1790403372.52,-0.007,0.000,0.03
blend,1790403373.04,-0.005,0.000,-0.17
blend,1790403373.51,0.098,-0.000,-0.06
blend,1790403374.01,0.238,-0.000,0.00
blend,1790403374.52,0.395,-0.000,-0.02
blend,1790403375.04,0.558,-0.000,0.03
blend,1790403375.51,0.704,-0.000,0.09
blend,1790403376.01,0.851,0.000,0.10
blend,1790403376.53,0.875,0.000,0.14
blend,1790403377.04,0.876,0.000,0.14
blend,1790403377.51,0.876,0.000,0.14
blend,1790403378.01,0.876,0.000,0.14
blend,1790403378.53,0.875,0.000,0.14
blend,1790403379.04,0.875,0.000,0.14
blend,1790403379.50,0.875,0.000,0.14
blend,1790403380.01,0.921,0.000,0.14
blend,1790403380.53,1.062,0.001,0.14
blend,1790403381.04,1.212,0.001,0.25
blend,1790403381.50,1.355,0.002,0.28
blend,1790403382.01,1.523,0.003,0.36
blend,1790403382.53,1.694,0.004,0.43
blend,1790403383.04,1.861,0.006,0.48
blend,1790403383.50,1.943,0.006,0.47
blend,1790403384.02,1.944,0.006,0.49
blend,1790403384.53,1.945,0.006,0.48
blend,1790403385.04,2.043,0.007,0.56
blend,1790403385.51,2.173,0.009,0.61
blend,1790403386.02,2.313,0.010,0.66
blend,1790403386.53,2.459,0.012,0.71
blend,1790403387.04,2.599,0.014,0.73
blend,1790403387.51,2.726,0.015,0.82
blend,1790403388.02,2.877,0.018,0.88
blend,1790403388.51,3.016,0.020,0.92
blend,1790403389.01,3.165,0.022,0.98
blend,1790403389.51,3.307,0.025,1.03
blend,1790403390.02,3.456,0.027,1.07
blend,1790403390.53,3.604,0.030,1.13
blend,1790403391.05,3.752,0.033,1.19
blend,1790403391.51,3.886,0.036,1.21
blend,1790403392.02,4.033,0.039,1.25
blend,1790403392.54,4.183,0.042,1.29
blend,1790403393.00,4.316,0.045,1.33
blend,1790403393.51,4.461,0.049,1.40
blend,1790403394.02,4.608,0.053,1.48
blend,1790403394.54,4.754,0.057,1.54
blend,1790403395.01,4.887,0.060,1.59
blend,1790403395.51,5.029,0.064,1.63
blend,1790403396.03,5.176,0.069,1.68
blend,1790403396.54,5.324,0.073,1.76
blend,1790403397.00,5.455,0.077,1.83
blend,1790403397.52,5.602,0.082,1.89
blend,1790403398.03,5.744,0.087,1.94
blend,1790403398.54,5.889,0.092,2.03
blend,1790403399.00,6.019,0.097,2.06
blend,1790403399.52,6.168,0.103,2.12
blend,1790403400.03,6.312,0.108,2.19
blend,1790403400.54,6.462,0.114,2.24
blend,1790403401.01,6.600,0.119,2.29
blend,1790403401.52,6.742,0.125,2.33
blend,1790403402.03,6.900,0.131,2.39
blend,1790403402.51,7.029,0.137,2.47
blend,1790403403.01,7.170,0.143,2.52
blend,1790403403.52,7.316,0.149,2.61
blend,1790403404.03,7.461,0.156,2.64
blend,1790403404.55,7.606,0.163,2.70
blend,1790403405.01,7.734,0.169,2.70
blend,1790403405.52,7.878,0.176,2.79
blend,1790403406.04,8.029,0.183,2.76
blend,1790403406.50,8.157,0.189,2.80
blend,1790403407.01,8.307,0.196,2.89
blend,1790403407.53,8.447,0.204,2.95
blend,1790403408.04,8.605,0.212,3.06
blend,1790403408.50,8.729,0.219,3.03
blend,1790403409.01,8.876,0.228,3.12
blend,1790403409.53,9.021,0.236,3.16
blend,1790403410.04,9.163,0.244,3.20
blend,1790403410.50,9.287,0.250,3.21
blend,1790403411.00,9.424,0.257,3.24
blend,1790403411.53,9.570,0.266,3.29
blend,1790403412.04,9.715,0.274,3.34
blend,1790403412.50,9.777,0.278,3.29
blend,1790403413.02,9.768,0.277,3.31
blend,1790403413.53,9.767,0.277,3.34
blend,1790403414.04,9.767,0.277,3.31
blend,1790403414.50,9.767,0.277,3.31
blend,1790403415.01,9.766,0.277,3.28
blend,1790403415.53,9.768,0.277,3.27
blend,1790403416.01,9.767,0.277,3.32
blend,1790403416.50,9.767,0.277,3.33
blend,1790403417.01,9.765,0.277,3.30
blend,1790403417.52,9.766,0.277,3.29
blend,1790403418.03,9.805,0.279,3.23
blend,1790403418.50,9.945,0.287,3.28
blend,1790403419.01,10.003,0.291,3.25
blend,1790403419.52,10.000,0.290,3.25
blend,1790403420.03,9.998,0.290,3.20
blend,1790403420.55,9.998,0.290,3.23
blend,1790403421.01,10.068,0.294,3.12
blend,1790403421.52,10.185,0.300,3.19
blend,1790403422.03,10.253,0.304,3.21
blend,1790403422.55,10.246,0.304,3.19
blend,1790403423.01,10.243,0.304,3.13
blend,1790403423.52,10.244,0.304,3.10
blend,1790403424.03,10.245,0.304,3.08
blend,1790403424.50,10.244,0.304,3.03
blend,1790403425.00,10.247,0.304,2.95
blend,1790403425.52,10.382,0.311,3.02
blend,1790403426.03,10.526,0.319,3.08
blend,1790403426.54,10.539,0.319,3.14
blend,1790403427.00,10.539,0.319,3.07
blend,1790403427.52,10.539,0.319,3.08
blend,1790403428.03,10.539,0.319,3.09
blend,1790403428.54,10.538,0.319,3.22
blend,1790403429.00,10.538,0.319,3.22
blend,1790403429.51,10.541,0.319,3.15
blend,1790403430.03,10.550,0.320,3.10
blend,1790403430.54,10.704,0.327,3.16
blend,1790403431.00,10.860,0.335,3.13
blend,1790403431.51,10.850,0.335,3.16
blend,1790403432.03,10.851,0.335,3.16
blend,1790403432.54,10.850,0.335,3.11
blend,1790403433.02,10.850,0.335,3.06
blend,1790403433.51,10.956,0.340,3.15
blend,1790403434.02,11.080,0.348,3.18
blend,1790403434.54,11.062,0.347,3.17
blend,1790403435.01,11.061,0.346,3.20
blend,1790403435.51,11.062,0.347,3.13
blend,1790403436.02,11.064,0.347,3.17
blend,1790403436.53,11.061,0.347,3.19
blend,1790403437.05,11.063,0.347,3.17
blend,1790403437.51,11.161,0.352,3.28
blend,1790403438.02,11.297,0.359,3.19
blend,1790403438.53,11.290,0.359,3.26
blend,1790403439.04,11.290,0.359,3.24
blend,1790403439.51,11.290,0.359,3.18
blend,1790403440.02,11.290,0.359,3.16
blend,1790403440.53,11.291,0.359,3.15
blend,1790403441.04,11.292,0.359,3.16
blend,1790403441.50,11.290,0.359,3.15
blend,1790403442.01,11.291,0.359,3.13
blend,1790403442.53,11.290,0.359,3.17
blend,1790403443.04,11.289,0.359,4.26
blend,1790403443.51,11.297,0.361,10.97
blend,1790403444.01,11.300,0.362,18.66
blend,1790403444.51,11.306,0.365,26.24
blend,1790403445.00,11.310,0.368,34.04
blend,1790403445.52,11.322,0.379,41.75
blend,1790403446.03,11.329,0.386,41.95
blend,1790403446.50,11.329,0.386,41.93
blend,1790403447.02,11.327,0.384,49.35
blend,1790403447.51,11.333,0.396,62.56
blend,1790403448.04,11.333,0.396,76.98
blend,1790403448.50,11.332,0.396,85.54
blend,1790403449.01,11.332,0.396,85.50
blend,1790403449.51,11.332,0.396,85.50
blend,1790403450.02,11.332,0.396,86.11
blend,1790403450.52,11.333,0.393,101.99
blend,1790403451.04,11.336,0.382,118.02
blend,1790403451.51,11.338,0.379,121.84
blend,1790403452.01,11.339,0.379,121.80
blend,1790403452.52,11.339,0.379,121.80
blend,1790403453.03,11.338,0.379,121.76
blend,1790403453.55,11.385,0.304,121.96
blend,1790403454.01,11.444,0.210,121.89
blend,1790403454.52,11.500,0.119,121.96
blend,1790403455.03,11.505,0.111,121.96
blend,1790403455.54,11.502,0.114,122.01
blend,1790403456.00,11.504,0.112,121.99
blend,1790403456.51,11.505,0.109,122.04
blend,1790403457.03,11.505,0.109,122.04
blend,1790403457.54,11.499,0.118,122.08
blend,1790403458.02,11.499,0.115,129.20
blend,1790403458.51,11.527,0.090,133.17
blend,1790403459.02,11.524,0.092,133.09
blend,1790403459.54,11.530,0.086,132.97
blend,1790403460.01,11.534,0.081,132.95
blend,1790403460.51,11.533,0.083,132.96
blend,1790403461.02,11.537,0.078,132.95
blend,1790403461.50,11.537,0.078,132.93
blend,1790403462.04,11.535,0.080,133.27
blend,1790403462.51,11.532,0.080,142.27
blend,1790403463.02,11.539,0.076,143.19
blend,1790403463.54,11.538,0.077,143.18
blend,1790403464.01,11.540,0.075,143.17
blend,1790403464.53,11.541,0.074,143.17
blend,1790403465.05,11.540,0.075,149.56
blend,1790403465.51,11.542,0.075,159.80
blend,1790403466.03,11.542,0.075,165.55
blend,1790403466.51,11.540,0.076,165.54
blend,1790403467.00,11.543,0.075,165.53
blend,1790403467.53,11.543,0.075,165.52
blend,1790403468.01,11.543,0.075,165.50
blend,1790403468.51,11.542,0.075,165.85
blend,1790403469.03,11.543,0.074,175.86
blend,1790403469.54,11.547,0.075,179.50
blend,1790403470.01,11.546,0.075,179.50
blend,1790403470.51,11.547,0.075,179.49
blend,1790403471.02,11.546,0.075,179.49
blend,1790403471.53,11.545,0.075,179.49
blend,1790403472.04,11.545,0.075,179.48
blend,1790403472.51,11.545,0.075,179.48
blend,1790403473.01,11.525,0.075,179.61
blend,1790403473.52,11.377,0.075,179.77
blend,1790403474.01,11.227,0.075,179.90
blend,1790403474.50,11.075,0.075,180.05
blend,1790403475.01,10.923,0.075,180.13
blend,1790403475.52,10.778,0.075,180.15
blend,1790403476.03,10.624,0.074,180.26
blend,1790403476.54,10.474,0.073,180.29
blend,1790403477.00,10.424,0.073,180.32
blend,1790403477.51,10.424,0.073,180.31
blend,1790403478.02,10.423,0.073,180.30
blend,1790403478.54,10.424,0.073,180.30
blend,1790403479.00,10.426,0.073,180.30
blend,1790403479.51,10.426,0.073,180.31
blend,1790403480.02,10.420,0.073,180.26
blend,1790403480.53,10.425,0.073,174.05
blend,1790403481.04,10.428,0.072,174.22
blend,1790403481.50,10.428,0.072,174.21
blend,1790403482.01,10.428,0.072,174.21
blend,1790403482.52,10.427,0.072,174.21
blend,1790403483.00,10.427,0.072,174.21
blend,1790403483.55,10.426,0.072,174.21
blend,1790403484.01,10.427,0.072,174.21
blend,1790403484.52,10.428,0.072,174.20
blend,1790403485.03,10.425,0.073,173.87
blend,1790403485.54,10.286,0.088,173.78
blend,1790403486.00,10.146,0.103,173.76
blend,1790403486.51,9.978,0.122,173.74
blend,1790403487.03,9.808,0.140,173.85
blend,1790403487.54,9.636,0.159,173.93
blend,1790403488.02,9.474,0.176,173.96
blend,1790403488.51,9.307,0.193,174.04
blend,1790403489.02,9.142,0.210,174.14
blend,1790403489.53,8.979,0.227,174.17
blend,1790403490.04,8.810,0.244,174.25
blend,1790403490.50,8.663,0.258,174.36
blend,1790403491.02,8.501,0.274,174.41
blend,1790403491.51,8.335,0.291,174.44
blend,1790403492.04,8.154,0.308,174.54
blend,1790403492.50,8.004,0.322,174.60
blend,1790403493.01,7.829,0.339,174.59
blend,1790403493.52,7.657,0.355,174.67
blend,1790403494.03,7.483,0.371,174.79
blend,1790403494.54,7.310,0.387,174.82
blend,1790403495.01,7.153,0.401,174.86
blend,1790403495.52,6.982,0.416,174.99
blend,1790403496.03,6.810,0.431,175.01
blend,1790403496.54,6.629,0.446,175.10
blend,1790403497.00,6.476,0.459,175.17
blend,1790403497.51,6.307,0.474,175.24
blend,1790403498.03,6.130,0.488,175.26
blend,1790403498.54,5.964,0.502,175.37
blend,1790403499.00,5.809,0.514,175.43
blend,1790403499.51,5.641,0.528,175.47
blend,1790403500.02,5.470,0.541,175.53
blend,1790403500.53,5.304,0.554,175.61
blend,1790403501.04,5.134,0.567,175.64
blend,1790403501.50,4.979,0.578,175.71
blend,1790403502.02,4.811,0.591,175.78
blend,1790403502.53,4.688,0.600,175.75
blend,1790403503.04,4.695,0.600,175.76
blend,1790403503.50,4.695,0.600,175.76
blend,1790403504.01,4.698,0.599,175.76
blend,1790403504.52,4.698,0.599,175.77
blend,1790403505.03,4.700,0.599,175.76
blend,1790403505.54,4.697,0.599,175.77
blend,1790403506.00,4.647,0.603,175.66
blend,1790403506.52,4.469,0.616,175.74
blend,1790403507.03,4.301,0.629,175.84
blend,1790403507.54,4.130,0.641,175.85
blend,1790403508.01,3.969,0.653,175.91
blend,1790403508.51,3.799,0.664,176.00
blend,1790403509.02,3.720,0.670,175.99
blend,1790403509.53,3.728,0.670,175.98
blend,1790403510.05,3.730,0.669,175.98
blend,1790403510.51,3.729,0.669,176.05
blend,1790403511.02,3.736,0.669,181.17
blend,1790403511.53,3.734,0.669,182.51
blend,1790403512.04,3.729,0.669,182.50
blend,1790403512.50,3.709,0.668,182.57
blend,1790403513.01,3.608,0.663,182.73
blend,1790403513.52,3.505,0.658,182.79
blend,1790403514.04,3.510,0.658,182.77
blend,1790403514.55,3.509,0.658,182.78
blend,1790403515.01,3.509,0.658,182.79
blend,1790403515.52,3.509,0.658,182.79
blend,1790403516.03,3.511,0.658,182.88
blend,1790403516.54,3.509,0.658,186.18
blend,1790403517.00,3.506,0.656,193.46
blend,1790403517.52,3.506,0.657,193.37
blend,1790403518.03,3.406,0.633,193.49
blend,1790403518.54,3.282,0.603,193.55
blend,1790403519.00,3.171,0.576,193.71
blend,1790403519.52,3.038,0.543,193.78
blend,1790403520.03,2.908,0.511,193.85
blend,1790403520.54,2.879,0.504,193.87
blend,1790403521.00,2.878,0.504,193.85
blend,1790403521.51,2.878,0.504,193.85
blend,1790403522.03,2.859,0.499,193.87
blend,1790403522.54,2.809,0.486,193.89
blend,1790403523.01,2.724,0.465,193.93
blend,1790403523.51,2.633,0.443,193.96
blend,1790403524.03,2.541,0.420,194.02
blend,1790403524.51,2.457,0.399,194.07
blend,1790403525.00,2.367,0.376,194.12
blend,1790403525.51,2.278,0.354,194.15
blend,1790403526.02,2.189,0.331,194.23
blend,1790403526.54,2.100,0.308,194.26
blend,1790403527.05,2.005,0.284,194.30
blend,1790403527.51,1.930,0.265,194.33
blend,1790403528.02,1.836,0.241,194.38
blend,1790403528.54,1.747,0.218,194.41
blend,1790403529.05,1.659,0.195,194.44
blend,1790403529.51,1.583,0.175,194.48
blend,1790403530.02,1.504,0.155,194.56
blend,1790403530.53,1.457,0.143,194.56
blend,1790403531.05,1.463,0.145,194.56
blend,1790403531.51,1.463,0.144,194.56
blend,1790403532.02,1.463,0.145,194.56
blend,1790403532.53,1.461,0.144,194.55
blend,1790403533.04,1.367,0.120,194.49
blend,1790403533.51,1.265,0.093,194.56
blend,1790403534.02,1.142,0.061,194.62
blend,1790403534.53,1.036,0.033,194.69
blend,1790403535.04,1.003,0.025,194.72
blend,1790403535.50,1.001,0.024,194.92
blend,1790403536.02,0.997,0.022,204.49
blend,1790403536.54,0.986,0.014,214.57
blend,1790403537.00,0.979,0.007,223.69
blend,1790403537.52,0.970,-0.006,233.70
blend,1790403538.03,0.957,-0.034,243.66
blend,1790403538.55,0.955,-0.045,249.62
blend,1790403539.01,0.954,-0.048,249.64
blend,1790403539.52,0.953,-0.049,249.64
blend,1790403540.03,0.953,-0.049,249.65
blend,1790403540.54,0.953,-0.049,249.64
blend,1790403541.00,0.953,-0.049,249.65
blend,1790403541.51,0.953,-0.049,249.64
blend,1790403542.02,0.951,-0.054,249.63
blend,1790403542.54,0.952,-0.053,249.63
blend,1790403543.05,0.951,-0.054,249.62
blend,1790403543.51,0.951,-0.054,249.62
blend,1790403544.02,0.951,-0.055,249.63
blend,1790403544.53,0.951,-0.055,249.64
blend,1790403545.00,0.951,-0.055,249.79
blend,1790403545.50,0.917,-0.146,249.78
blend,1790403546.02,0.865,-0.290,249.94
blend,1790403546.53,0.810,-0.440,250.11
blend,1790403547.00,0.757,-0.587,250.14
blend,1790403547.50,0.702,-0.742,250.23
blend,1790403548.01,0.647,-0.897,250.37
blend,1790403548.53,0.589,-1.058,250.43
blend,1790403549.04,0.533,-1.217,250.52
blend,1790403549.51,0.481,-1.364,250.57
blend,1790403550.01,0.425,-1.524,250.66
blend,1790403550.52,0.363,-1.701,250.72
blend,1790403551.03,0.302,-1.875,250.78
blend,1790403551.51,0.248,-2.030,250.90
blend,1790403552.01,0.202,-2.163,250.86
blend,1790403552.52,0.202,-2.160,250.87
blend,1790403553.03,0.202,-2.161,250.88
blend,1790403553.54,0.202,-2.161,250.89
blend,1790403554.00,0.201,-2.164,250.90
blend,1790403554.52,0.201,-2.164,250.87
blend,1790403555.03,0.200,-2.166,250.87
blend,1790403555.54,0.199,-2.171,250.89
blend,1790403556.00,0.200,-2.168,250.90
blend,1790403556.51,0.200,-2.167,250.91
blend,1790403557.02,0.200,-2.167,250.92
blend,1790403557.53,0.199,-2.170,250.92
blend,1790403558.04,0.200,-2.168,250.92
blend,1790403558.51,0.199,-2.169,250.92
blend,1790403559.02,0.211,-2.137,250.85
blend,1790403559.50,0.252,-2.017,250.97
blend,1790403560.04,0.292,-1.901,250.86
blend,1790403560.50,0.294,-1.897,250.96
blend,1790403561.02,0.294,-1.898,250.97
blend,1790403561.53,0.294,-1.897,250.98
blend,1790403562.04,0.294,-1.897,250.97
blend,1790403562.51,0.294,-1.898,250.98
blend,1790403563.01,0.293,-1.898,250.97
blend,1790403563.52,0.293,-1.898,250.96
blend,1790403564.03,0.293,-1.898,250.95
blend,1790403564.55,0.294,-1.898,250.96
blend,1790403565.01,0.294,-1.896,250.96
blend,1790403565.52,0.294,-1.895,250.95
blend,1790403566.03,0.294,-1.896,250.96
blend,1790403566.54,0.294,-1.898,250.96
blend,1790403567.00,0.294,-1.896,250.95
blend,1790403567.51,0.293,-1.898,250.95
blend,1790403568.02,0.293,-1.898,250.94
blend,1790403568.53,0.294,-1.897,250.94
blend,1790403569.05,0.293,-1.899,250.94
blend,1790403569.51,0.293,-1.898,250.94
blend,1790403570.02,0.293,-1.898,250.95
blend,1790403570.50,0.311,-1.848,250.95
blend,1790403571.04,0.343,-1.756,250.89
blend,1790403571.50,0.372,-1.671,250.89
blend,1790403572.01,0.419,-1.536,250.87
blend,1790403572.53,0.440,-1.476,250.86
blend,1790403573.04,0.437,-1.484,256.10
blend,1790403573.55,0.436,-1.496,264.32
blend,1790403574.00,0.437,-1.492,263.98
blend,1790403574.51,0.437,-1.491,263.97
blend,1790403575.01,0.437,-1.492,263.97
blend,1790403575.52,0.437,-1.490,263.96
blend,1790403576.00,0.437,-1.491,263.96
blend,1790403576.53,0.446,-1.411,264.10
blend,1790403577.04,0.459,-1.283,264.18
blend,1790403577.54,0.472,-1.148,264.23
blend,1790403578.02,0.486,-1.012,264.18
blend,1790403578.50,0.500,-0.869,264.15
blend,1790403579.01,0.516,-0.718,264.15
blend,1790403579.52,0.532,-0.565,264.11
blend,1790403580.02,0.548,-0.410,264.06
blend,1790403580.53,0.563,-0.263,264.04
blend,1790403581.03,0.580,-0.104,264.01
blend,1790403581.54,0.587,-0.035,263.98
blend,1790403582.05,0.587,-0.039,263.99
blend,1790403582.50,0.586,-0.041,268.04
blend,1790403583.01,0.587,-0.045,280.44
blend,1790403583.52,0.588,-0.048,293.12
blend,1790403584.03,0.593,-0.054,306.02
blend,1790403584.55,0.595,-0.057,318.11
blend,1790403585.01,0.595,-0.057,318.28
blend,1790403585.52,0.593,-0.055,318.24
blend,1790403586.03,0.592,-0.054,318.23
blend,1790403586.54,0.595,-0.057,318.24
blend,1790403587.01,0.591,-0.053,322.97
blend,1790403587.53,0.585,-0.050,330.83
blend,1790403588.01,0.579,-0.048,338.29
blend,1790403588.51,0.581,-0.048,345.88
blend,1790403589.03,0.570,-0.046,351.04
blend,1790403589.52,0.573,-0.047,351.08
blend,1790403590.00,0.572,-0.047,351.07
blend,1790403590.51,0.576,-0.047,351.06
blend,1790403591.03,0.575,-0.047,352.54
blend,1790403591.54,0.567,-0.047,359.21
blend,1790403592.00,0.562,-0.047,365.47
blend,1790403592.51,0.557,-0.048,372.49
blend,1790403593.03,0.554,-0.049,379.30
blend,1790403593.54,0.552,-0.050,386.81
blend,1790403594.01,0.553,-0.047,393.59
blend,1790403594.53,0.545,-0.055,401.46
blend,1790403595.00,0.551,-0.048,408.53
blend,1790403595.51,0.559,-0.034,416.01
blend,1790403596.02,0.559,-0.035,423.59
blend,1790403596.53,0.561,-0.029,431.19
blend,1790403597.05,0.563,-0.018,438.66
blend,1790403597.50,0.562,-0.015,445.23
blend,1790403598.01,0.562,-0.014,445.39
blend,1790403598.51,0.562,-0.014,445.38
blend,1790403599.02,0.562,-0.013,445.38
blend,1790403599.52,0.562,-0.016,445.38
blend,1790403600.03,0.562,-0.018,445.38
blend,1790403600.54,0.562,-0.018,445.38
blend,1790403601.04,0.562,-0.018,445.38
blend,1790403601.55,0.562,-0.019,445.38
blend,1790403602.00,0.562,-0.021,445.38
blend,1790403602.51,0.562,-0.022,445.39
blend,1790403603.01,0.562,-0.021,445.40
blend,1790403603.52,0.562,-0.021,445.39
blend,1790403604.03,0.562,-0.020,448.76
blend,1790403604.53,0.561,-0.016,451.85
blend,1790403605.04,0.561,-0.011,451.88
blend,1790403605.54,0.561,-0.011,451.87
blend,1790403606.01,0.561,-0.012,451.88
blend,1790403606.50,0.561,-0.012,451.87
blend,1790403607.01,0.561,-0.013,455.44
blend,1790403607.52,0.559,-0.013,467.69
blend,1790403608.03,0.563,-0.020,479.94
blend,1790403608.54,0.571,-0.031,492.27
blend,1790403609.00,0.560,-0.022,503.86
blend,1790403609.52,0.554,-0.021,514.65
blend,1790403610.04,0.555,-0.021,514.49
blend,1790403610.50,0.555,-0.021,514.49
blend,1790403611.02,0.556,-0.022,514.49
blend,1790403611.53,0.554,-0.020,514.49
blend,1790403612.01,0.554,-0.020,514.49
blend,1790403612.51,0.554,-0.021,514.50
blend,1790403613.03,0.555,-0.021,514.51
blend,1790403613.54,0.555,-0.021,514.50
blend,1790403614.01,0.558,-0.023,515.06
blend,1790403614.52,0.553,-0.021,521.55
blend,1790403615.04,0.557,-0.022,528.44
blend,1790403615.51,0.545,-0.021,534.66
blend,1790403616.01,0.537,-0.021,537.72
blend,1790403616.52,0.533,-0.021,537.72
blend,1790403617.02,0.534,-0.021,537.72
blend,1790403617.53,0.537,-0.021,537.73
blend,1790403618.04,0.537,-0.021,537.72
blend,1790403618.50,0.536,-0.021,537.73
blend,1790403619.01,0.537,-0.021,541.34
blend,1790403619.52,0.525,-0.025,555.11
blend,1790403620.04,0.520,-0.029,569.23
blend,1790403620.50,0.504,-0.047,582.18
blend,1790403621.02,0.487,-0.071,596.16
blend,1790403621.53,0.490,-0.067,604.69
blend,1790403622.04,0.491,-0.065,604.53
blend,1790403622.55,0.489,-0.068,604.69
blend,1790403623.01,0.484,-0.083,611.73
blend,1790403623.52,0.485,-0.087,621.68
blend,1790403624.02,0.486,-0.081,631.51
blend,1790403624.53,0.486,-0.079,633.65
blend,1790403625.03,0.486,-0.081,633.66
blend,1790403625.53,0.486,-0.084,633.65
blend,1790403626.04,0.486,-0.084,633.65
blend,1790403626.54,0.486,-0.081,633.64
blend,1790403627.04,0.486,-0.082,633.63
blend,1790403627.51,0.486,-0.080,633.63
blend,1790403628.00,0.486,-0.079,633.98
blend,1790403628.51,0.486,-0.082,637.13
blend,1790403629.01,0.486,-0.084,637.11
blend,1790403629.52,0.486,-0.080,637.10
blend,1790403630.02,0.486,-0.083,639.13
blend,1790403630.53,0.486,-0.081,647.80
blend,1790403631.04,0.487,-0.084,656.68
blend,1790403631.50,0.488,-0.085,664.71
blend,1790403632.01,0.487,-0.083,673.66
blend,1790403632.53,0.487,-0.084,682.70
blend,1790403633.02,0.477,-0.079,691.13
blend,1790403633.51,0.479,-0.080,699.95
blend,1790403634.03,0.477,-0.079,709.07
blend,1790403634.50,0.477,-0.079,715.47
blend,1790403635.01,0.484,-0.080,715.40
blend,1790403635.52,0.481,-0.079,715.39
blend,1790403636.00,0.481,-0.079,715.38
blend,1790403636.50,0.483,-0.080,715.38
blend,1790403637.02,0.484,-0.080,715.39
blend,1790403637.51,0.487,-0.080,715.39
blend,1790403638.03,0.486,-0.080,715.39
blend,1790403638.54,0.487,-0.080,715.39
blend,1790403639.01,0.486,-0.080,715.39
blend,1790403639.52,0.486,-0.080,715.40
blend,1790403640.03,0.488,-0.080,715.39
blend,1790403640.54,0.488,-0.080,715.39
blend,1790403641.00,0.486,-0.080,715.40
blend,1790403641.52,0.487,-0.080,715.40
blend,1790403642.03,0.490,-0.080,715.41
blend,1790403642.54,0.491,-0.080,715.40
blend,1790403643.00,0.489,-0.080,715.40
blend,1790403643.52,0.493,-0.080,715.40
blend,1790403644.03,0.497,-0.081,715.40
blend,1790403644.54,0.497,-0.081,715.39
blend,1790403645.00,0.499,-0.081,715.40
blend,1790403645.52,0.496,-0.081,715.40
blend,1790403646.03,0.498,-0.081,715.39
blend,1790403646.54,0.498,-0.081,715.38
blend,1790403647.00,0.501,-0.081,715.38
blend,1790403647.52,0.503,-0.081,715.39
blend,1790403648.03,0.500,-0.081,715.38
blend,1790403648.54,0.499,-0.081,715.39
blend,1790403649.00,0.500,-0.081,715.39
blend,1790403649.51,0.501,-0.081,715.39
blend,1790403650.03,0.502,-0.081,715.39
blend,1790403650.54,0.502,-0.081,715.40
blend,1790403651.00,0.502,-0.081,715.40
blend,1790403651.51,0.499,-0.081,715.40
blend,1790403652.03,0.499,-0.081,715.40
blend,1790403652.54,0.499,-0.081,715.40
blend,1790403653.00,0.501,-0.081,715.39
blend,1790403653.51,0.502,-0.081,715.84
blend,1790403654.03,0.502,-0.081,727.40
blend,1790403654.54,0.510,-0.079,734.65
blend,1790403655.01,0.512,-0.079,734.64
blend,1790403655.51,0.512,-0.079,734.64
blend,1790403656.02,0.510,-0.079,734.62
blend,1790403656.53,0.511,-0.079,734.64
blend,1790403657.01,0.512,-0.079,734.63
blend,1790403657.51,0.512,-0.079,734.62
blend,1790403658.02,0.514,-0.078,734.62
blend,1790403658.53,0.512,-0.079,734.62
blend,1790403659.04,0.513,-0.079,734.74
blend,1790403659.50,0.594,-0.057,734.85
blend,1790403660.02,0.750,-0.015,735.05
blend,1790403660.53,0.866,0.016,735.09
blend,1790403661.04,0.860,0.014,734.27
blend,1790403661.50,0.860,0.014,726.07
blend,1790403662.02,0.861,0.015,719.31
blend,1790403662.53,0.891,0.014,719.01
blend,1790403663.04,1.042,0.012,718.95
blend,1790403663.50,1.190,0.009,718.96
blend,1790403664.02,1.359,0.006,718.97
blend,1790403664.53,1.521,0.003,719.02
blend,1790403665.04,1.695,0.000,719.10
blend,1790403665.50,1.864,-0.002,719.12
blend,1790403666.02,2.049,-0.005,719.24
blend,1790403666.53,2.224,-0.007,719.34
blend,1790403667.04,2.402,-0.009,719.40
blend,1790403667.51,2.570,-0.011,719.47
blend,1790403668.02,2.753,-0.012,719.51
blend,1790403668.53,2.932,-0.014,719.62
blend,1790403669.01,3.102,-0.015,719.67
blend,1790403669.51,3.281,-0.015,719.71
blend,1790403670.02,3.462,-0.016,719.81
blend,1790403670.53,3.645,-0.017,719.88
blend,1790403671.05,3.830,-0.017,719.92
blend,1790403671.51,3.993,-0.017,719.98
blend,1790403672.02,4.171,-0.017,720.06
blend,1790403672.53,4.355,-0.017,720.08
blend,1790403673.00,4.519,-0.016,720.13
blend,1790403673.51,4.703,-0.016,720.22
blend,1790403674.02,4.890,-0.015,720.29
blend,1790403674.51,5.064,-0.014,720.39
blend,1790403675.02,5.252,-0.012,720.48
blend,1790403675.51,5.431,-0.010,720.55
blend,1790403676.03,5.620,-0.008,720.64
blend,1790403676.51,5.791,-0.006,720.71
blend,1790403677.00,5.971,-0.004,720.78
blend,1790403677.51,6.149,-0.001,720.85
blend,1790403678.03,6.202,-0.000,720.80
blend,1790403678.54,6.203,-0.000,720.82
blend,1790403679.00,6.200,-0.000,720.80
blend,1790403679.51,6.200,-0.000,720.79
blend,1790403680.00,6.199,-0.000,720.79
blend,1790403680.51,6.198,-0.000,720.78
blend,1790403681.01,6.202,-0.000,720.79
blend,1790403681.52,6.202,-0.000,720.79
blend,1790403682.03,6.207,-0.000,720.77
blend,1790403682.54,6.197,-0.000,720.77
blend,1790403683.00,6.195,-0.000,720.80
blend,1790403683.52,6.194,-0.000,720.81
blend,1790403684.03,6.197,-0.000,720.79
blend,1790403684.54,6.195,-0.000,720.79
blend,1790403685.00,6.198,-0.000,720.79
blend,1790403685.51,6.198,-0.000,720.80
blend,1790403686.03,6.197,-0.000,720.81
blend,1790403686.54,6.196,-0.000,720.79
blend,1790403687.00,6.198,-0.000,720.82
blend,1790403687.51,6.198,-0.000,720.81
blend,1790403688.03,6.200,-0.000,720.81
blend,1790403688.54,6.199,-0.000,720.81
blend,1790403689.00,6.201,-0.000,720.80
blend,1790403689.51,6.202,-0.000,720.79
blend,1790403690.00,6.200,-0.000,720.79
blend,1790403690.54,6.206,-0.000,720.82
blend,1790403691.01,6.207,-0.000,720.81
blend,1790403691.51,6.207,-0.000,720.83
blend,1790403692.01,6.206,-0.000,720.82
blend,1790403692.54,6.206,0.000,720.82
blend,1790403693.01,6.206,-0.000,720.82
blend,1790403693.51,6.207,0.000,727.57
blend,1790403694.03,6.212,0.002,738.62
blend,1790403694.54,6.216,0.004,750.57
blend,1790403695.01,6.218,0.004,762.31
blend,1790403695.53,6.229,0.019,775.58
blend,1790403696.04,6.232,0.024,790.18
blend,1790403696.51,6.231,0.022,803.66
blend,1790403697.01,6.231,0.022,813.61
blend,1790403697.51,6.231,0.023,813.60
blend,1790403698.02,6.231,0.023,813.59
blend,1790403698.52,6.231,0.023,813.68
blend,1790403699.03,6.231,0.022,822.67
blend,1790403699.51,6.231,0.022,835.09
blend,1790403700.01,6.237,0.017,847.99
blend,1790403700.51,6.244,0.011,860.79
blend,1790403701.03,6.238,0.012,874.49
blend,1790403701.52,6.239,0.012,887.04
blend,1790403702.01,6.232,0.014,899.73
blend,1790403702.50,6.220,0.012,904.36
blend,1790403703.04,6.222,0.012,906.12
blend,1790403703.50,6.218,0.011,906.21
blend,1790403704.01,6.097,-0.001,906.28
blend,1790403704.52,5.973,-0.016,906.37
blend,1790403705.03,5.842,-0.030,906.50
blend,1790403705.54,5.686,-0.048,906.56
blend,1790403706.01,5.544,-0.065,906.66
blend,1790403706.52,5.382,-0.084,906.75
blend,1790403707.03,5.224,-0.103,906.86
blend,1790403707.54,5.064,-0.122,906.90
blend,1790403708.00,4.917,-0.140,906.97
blend,1790403708.52,4.764,-0.159,907.07
blend,1790403709.03,4.611,-0.178,907.10
blend,1790403709.54,4.440,-0.200,907.11
blend,1790403710.00,4.294,-0.218,907.18
blend,1790403710.52,4.126,-0.239,907.28
blend,1790403711.03,3.951,-0.262,907.30
blend,1790403711.54,3.766,-0.286,907.42
blend,1790403712.00,3.633,-0.303,907.43
blend,1790403712.51,3.508,-0.319,907.36
blend,1790403713.03,3.518,-0.318,907.37
blend,1790403713.54,3.527,-0.320,899.09
blend,1790403714.05,3.528,-0.319,899.52
blend,1790403714.51,3.528,-0.319,899.53
blend,1790403715.02,3.527,-0.319,899.53
blend,1790403715.53,3.528,-0.319,899.53
blend,1790403716.04,3.528,-0.319,899.52
blend,1790403716.50,3.528,-0.319,899.52
blend,1790403717.02,3.529,-0.319,899.52
blend,1790403717.53,3.528,-0.319,899.52
blend,1790403718.04,3.529,-0.319,899.52
blend,1790403718.51,3.528,-0.319,899.52
blend,1790403719.01,3.592,-0.320,899.40
blend,1790403719.52,3.705,-0.321,899.28
blend,1790403720.03,3.715,-0.321,899.42
blend,1790403720.54,3.717,-0.321,899.42
blend,1790403721.00,3.717,-0.321,899.42
blend,1790403721.51,3.717,-0.321,899.42
blend,1790403722.03,3.717,-0.321,899.41
blend,1790403722.54,3.717,-0.321,899.42
blend,1790403723.01,3.717,-0.321,899.42
blend,1790403723.51,3.717,-0.321,899.43
blend,1790403724.02,3.716,-0.321,899.43
blend,1790403724.53,3.717,-0.321,899.43
blend,1790403725.04,3.716,-0.321,899.42
blend,1790403725.51,3.717,-0.321,899.43
blend,1790403726.01,3.716,-0.321,899.43
blend,1790403726.52,3.716,-0.321,899.42
blend,1790403727.03,3.716,-0.321,899.43
blend,1790403727.54,3.715,-0.321,896.71
blend,1790403728.01,3.718,-0.322,891.16
blend,1790403728.50,3.719,-0.322,891.17
blend,1790403729.04,3.719,-0.322,891.18
blend,1790403729.51,3.719,-0.322,891.18
blend,1790403730.02,3.719,-0.322,891.18
blend,1790403730.54,3.719,-0.322,891.19
blend,1790403731.00,3.719,-0.322,891.18
blend,1790403731.52,3.720,-0.322,891.19
blend,1790403732.04,3.720,-0.322,891.19
blend,1790403732.50,3.719,-0.322,891.19
blend,1790403733.02,3.706,-0.320,890.34
blend,1790403733.54,3.515,-0.288,890.53
blend,1790403734.00,3.335,-0.258,890.60
blend,1790403734.52,3.139,-0.226,890.67
blend,1790403735.04,2.934,-0.192,890.74
blend,1790403735.50,2.756,-0.163,890.80
blend,1790403736.02,2.558,-0.131,890.88
blend,1790403736.54,2.472,-0.117,890.76
blend,1790403737.00,2.476,-0.118,895.73
blend,1790403737.51,2.467,-0.119,900.24
blend,1790403738.03,2.352,-0.120,900.61
blend,1790403738.54,2.162,-0.123,900.74
blend,1790403739.00,1.985,-0.125,900.86
blend,1790403739.51,1.785,-0.129,900.95
blend,1790403740.02,1.588,-0.132,901.08
blend,1790403740.54,1.390,-0.137,901.17
blend,1790403741.05,1.202,-0.141,901.25
blend,1790403741.51,1.073,-0.143,901.22
blend,1790403742.02,1.089,-0.143,901.23
blend,1790403742.53,1.088,-0.143,901.23
blend,1790403743.04,1.088,-0.143,901.23
blend,1790403743.50,1.089,-0.143,901.23
blend,1790403744.01,1.090,-0.143,901.22
blend,1790403744.52,1.090,-0.143,901.23
blend,1790403745.03,1.090,-0.143,901.22
blend,1790403745.54,1.091,-0.143,901.22
blend,1790403746.01,1.091,-0.143,901.22
blend,1790403746.52,1.090,-0.143,901.23
blend,1790403747.03,1.088,-0.143,901.22
blend,1790403747.54,1.088,-0.143,901.23
blend,1790403748.00,1.088,-0.143,901.23
blend,1790403748.51,1.089,-0.143,901.23
blend,1790403749.02,1.088,-0.143,901.23
blend,1790403749.53,1.088,-0.143,901.23
blend,1790403750.04,1.088,-0.143,901.23
blend,1790403750.50,1.089,-0.143,901.22
blend,1790403751.01,1.086,-0.143,901.23
blend,1790403751.52,1.084,-0.143,901.21
blend,1790403752.03,1.083,-0.143,901.16
blend,1790403752.54,0.980,-0.145,901.26
blend,1790403753.01,0.833,-0.149,901.32
blend,1790403753.52,0.663,-0.153,901.37
blend,1790403754.03,0.641,-0.154,901.37
blend,1790403754.54,0.640,-0.154,901.37
blend,1790403755.00,0.639,-0.154,901.36
blend,1790403755.52,0.639,-0.154,901.36
blend,1790403756.00,0.637,-0.154,901.37
blend,1790403756.50,0.637,-0.154,901.37
blend,1790403757.00,0.636,-0.154,901.37
blend,1790403757.51,0.636,-0.154,902.08
blend,1790403758.02,0.633,-0.156,913.50
blend,1790403758.54,0.620,-0.165,930.06
blend,1790403759.00,0.597,-0.192,945.37
blend,1790403759.52,0.597,-0.196,962.45
blend,1790403760.03,0.597,-0.203,972.92
blend,1790403760.54,0.596,-0.205,972.83
blend,1790403761.00,0.596,-0.204,973.26
blend,1790403761.52,0.598,-0.196,975.95
blend,1790403762.03,0.599,-0.192,975.94
blend,1790403762.54,0.599,-0.193,975.95
blend,1790403763.00,0.599,-0.192,975.96
blend,1790403763.51,0.600,-0.191,975.96
blend,1790403764.02,0.599,-0.193,975.95
blend,1790403764.53,0.600,-0.188,975.96
blend,1790403765.04,0.600,-0.188,975.97
blend,1790403765.50,0.600,-0.188,975.97
blend,1790403766.01,0.601,-0.187,975.97
blend,1790403766.50,0.600,-0.189,975.97
blend,1790403767.04,0.599,-0.193,975.96
blend,1790403767.51,0.599,-0.194,975.97
blend,1790403768.01,0.599,-0.193,975.98
blend,1790403768.52,0.600,-0.191,975.97
blend,1790403769.01,0.600,-0.188,978.28
blend,1790403769.54,0.599,-0.197,983.53
blend,1790403770.05,0.600,-0.196,984.49
blend,1790403770.50,0.600,-0.191,986.88
blend,1790403771.01,0.600,-0.189,986.85
blend,1790403771.51,0.600,-0.192,986.85
blend,1790403772.02,0.600,-0.191,986.85
blend,1790403772.52,0.600,-0.189,986.85
blend,1790403773.03,0.600,-0.189,986.84
blend,1790403773.53,0.600,-0.193,986.84
blend,1790403774.03,0.600,-0.195,986.84
blend,1790403774.54,0.600,-0.192,986.84
blend,1790403775.04,0.600,-0.192,986.85
blend,1790403775.52,0.600,-0.191,986.86
blend,1790403776.00,0.600,-0.187,986.86
blend,1790403776.51,0.600,-0.191,986.85
blend,1790403777.01,0.600,-0.193,986.99
blend,1790403777.52,0.594,-0.306,987.07
blend,1790403778.03,0.588,-0.445,987.19
blend,1790403778.53,0.579,-0.622,987.33
blend,1790403779.04,0.571,-0.815,987.44
blend,1790403779.54,0.562,-1.010,987.49
blend,1790403780.00,0.555,-1.184,987.61
blend,1790403780.51,0.547,-1.371,987.70
blend,1790403781.01,0.540,-1.562,987.78
blend,1790403781.52,0.532,-1.756,987.87
blend,1790403782.02,0.526,-1.946,987.91
blend,1790403782.53,0.519,-2.139,988.00
blend,1790403783.04,0.512,-2.325,988.09
blend,1790403783.54,0.506,-2.514,988.20
blend,1790403784.00,0.501,-2.686,988.24
blend,1790403784.50,0.495,-2.873,988.34
blend,1790403785.01,0.490,-3.063,988.37
blend,1790403785.51,0.485,-3.250,988.48
blend,1790403786.02,0.480,-3.437,988.51
blend,1790403786.53,0.475,-3.626,988.59
blend,1790403787.03,0.473,-3.701,988.59
blend,1790403787.54,0.473,-3.704,988.58
blend,1790403788.04,0.473,-3.704,988.59
blend,1790403788.52,0.473,-3.701,988.60
blend,1790403789.02,0.473,-3.706,988.60
blend,1790403789.51,0.473,-3.706,988.60
blend,1790403790.01,0.473,-3.705,988.59
blend,1790403790.51,0.473,-3.703,988.58
blend,1790403791.02,0.473,-3.704,988.58
blend,1790403791.52,0.473,-3.700,988.56
blend,1790403792.03,0.473,-3.699,988.55
blend,1790403792.53,0.473,-3.697,988.54
blend,1790403793.04,0.473,-3.697,988.53
blend,1790403793.54,0.473,-3.698,988.53
blend,1790403794.05,0.473,-3.702,988.53
blend,1790403794.55,0.473,-3.703,988.53
blend,1790403795.00,0.473,-3.702,988.53
blend,1790403795.51,0.473,-3.702,988.53
blend,1790403796.01,0.473,-3.704,988.54
blend,1790403796.52,0.473,-3.703,988.55
blend,1790403797.02,0.473,-3.703,988.54
blend,1790403797.52,0.473,-3.701,988.54
blend,1790403798.03,0.473,-3.718,988.53
blend,1790403798.54,0.470,-3.840,988.55
blend,1790403799.04,0.465,-4.027,988.61
blend,1790403799.51,0.461,-4.211,988.66
blend,1790403800.00,0.456,-4.408,988.78
blend,1790403800.51,0.452,-4.600,988.80
blend,1790403801.02,0.448,-4.793,988.89
blend,1790403801.52,0.445,-4.983,988.96
blend,1790403802.03,0.442,-5.188,989.09
blend,1790403802.54,0.439,-5.387,989.17
blend,1790403803.04,0.437,-5.584,989.26
blend,1790403803.50,0.435,-5.755,989.39
blend,1790403804.00,0.433,-5.946,989.45
blend,1790403804.51,0.432,-6.133,989.53
blend,1790403805.02,0.431,-6.328,989.59
blend,1790403805.52,0.430,-6.513,989.67
blend,1790403806.03,0.429,-6.717,989.76
blend,1790403806.54,0.429,-6.903,989.84
blend,1790403807.04,0.429,-7.089,989.90
blend,1790403807.50,0.429,-7.259,989.97
blend,1790403808.00,0.429,-7.450,990.04
blend,1790403808.51,0.429,-7.648,990.14
blend,1790403809.02,0.430,-7.846,990.17
blend,1790403809.52,0.430,-8.033,990.21
blend,1790403810.03,0.431,-8.221,990.25
blend,1790403810.54,0.433,-8.419,990.34
blend,1790403811.02,0.434,-8.592,990.41
blend,1790403811.50,0.436,-8.774,990.48
blend,1790403812.00,0.437,-8.969,990.55
blend,1790403812.51,0.439,-9.159,990.62
blend,1790403813.01,0.442,-9.351,990.71
blend,1790403813.52,0.445,-9.540,990.79
blend,1790403814.03,0.447,-9.731,990.83
blend,1790403814.53,0.450,-9.915,990.81
blend,1790403815.04,0.453,-10.114,990.92
blend,1790403815.52,0.456,-10.296,991.01
blend,1790403816.00,0.459,-10.478,991.02
blend,1790403816.51,0.463,-10.669,991.11
blend,1790403817.01,0.467,-10.862,991.11
blend,1790403817.52,0.470,-11.053,991.02
blend,1790403818.02,0.473,-11.239,990.85
blend,1790403818.53,0.475,-11.429,990.73
blend,1790403819.03,0.477,-11.621,990.56
blend,1790403819.54,0.478,-11.821,990.37
blend,1790403820.05,0.478,-12.009,990.14
blend,1790403820.50,0.479,-12.189,990.06
blend,1790403821.01,0.479,-12.387,989.90
blend,1790403821.51,0.477,-12.577,989.70
blend,1790403822.02,0.476,-12.763,989.50
blend,1790403822.52,0.473,-12.955,989.32
blend,1790403823.03,0.470,-13.148,989.07
blend,1790403823.53,0.466,-13.333,988.91
blend,1790403824.04,0.463,-13.524,988.85
blend,1790403824.54,0.460,-13.707,988.81
blend,1790403825.00,0.454,-13.881,988.63
blend,1790403825.51,0.450,-14.080,988.51
blend,1790403826.01,0.444,-14.286,988.36
blend,1790403826.52,0.438,-14.487,988.19
blend,1790403827.02,0.433,-14.644,987.92
blend,1790403827.51,0.433,-14.648,987.94
blend,1790403828.04,0.433,-14.649,992.68
blend,1790403828.52,0.432,-14.646,1007.61
blend,1790403829.00,0.433,-14.651,1022.42
blend,1790403829.52,0.433,-14.649,1038.41
blend,1790403830.03,0.433,-14.650,1054.71
blend,1790403830.50,0.437,-14.650,1069.37
blend,1790403831.02,0.441,-14.650,1083.92
blend,1790403831.53,0.443,-14.649,1083.45
blend,1790403832.04,0.444,-14.649,1083.45
blend,1790403832.50,0.444,-14.649,1083.45
blend,1790403833.01,0.443,-14.649,1083.45
blend,1790403833.53,0.446,-14.649,1083.45
blend,1790403834.04,0.446,-14.649,1083.44
blend,1790403834.51,0.445,-14.649,1083.44
blend,1790403835.01,0.442,-14.649,1083.43
blend,1790403835.52,0.439,-14.649,1083.43
blend,1790403836.04,0.440,-14.649,1083.44
blend,1790403836.50,0.442,-14.649,1083.44
blend,1790403837.01,0.446,-14.649,1083.44
blend,1790403837.52,0.446,-14.649,1083.45
blend,1790403838.03,0.439,-14.649,1083.75
blend,1790403838.51,0.441,-14.648,1092.00
blend,1790403839.01,0.450,-14.643,1109.21
blend,1790403839.53,0.467,-14.625,1127.79
blend,1790403840.04,0.468,-14.622,1146.67
blend,1790403840.50,0.471,-14.595,1163.51
blend,1790403841.01,0.465,-14.554,1170.63
blend,1790403841.52,0.465,-14.557,1170.61
blend,1790403842.02,0.465,-14.555,1170.60
blend,1790403842.53,0.465,-14.553,1170.58
blend,1790403843.03,0.465,-14.554,1170.58
blend,1790403843.54,0.465,-14.553,1170.56
blend,1790403844.05,0.465,-14.553,1170.57
blend,1790403844.50,0.465,-14.554,1170.57
blend,1790403845.01,0.465,-14.553,1170.57
blend,1790403845.51,0.465,-14.555,1170.57
blend,1790403846.02,0.465,-14.554,1170.57
blend,1790403846.52,0.465,-14.554,1170.57
blend,1790403847.03,0.465,-14.555,1170.58
blend,1790403847.50,0.465,-14.555,1170.59
blend,1790403848.04,0.465,-14.553,1170.58
blend,1790403848.50,0.465,-14.556,1170.56
blend,1790403849.00,0.465,-14.557,1170.56
blend,1790403849.51,0.465,-14.558,1170.57
blend,1790403850.01,0.465,-14.559,1170.57
blend,1790403850.52,0.465,-14.554,1170.56
blend,1790403851.02,0.465,-14.551,1170.56
blend,1790403851.53,0.465,-14.547,1170.57
blend,1790403852.04,0.465,-14.547,1170.57
blend,1790403852.54,0.465,-14.547,1170.56
blend,1790403853.00,0.465,-14.547,1170.57
blend,1790403853.50,0.465,-14.546,1170.57
blend,1790403854.01,0.465,-14.547,1170.56
blend,1790403854.51,0.465,-14.548,1170.58
blend,1790403855.01,0.465,-14.548,1170.58
blend,1790403855.53,0.465,-14.547,1170.58
blend,1790403856.03,0.465,-14.547,1170.58
blend,1790403856.54,0.465,-14.549,1170.57
blend,1790403857.04,0.465,-14.549,1170.56
blend,1790403857.50,0.465,-14.545,1170.56
blend,1790403858.00,0.465,-14.542,1170.57
blend,1790403858.51,0.465,-14.541,1170.56
blend,1790403859.01,0.465,-14.541,1170.56
blend,1790403859.52,0.465,-14.542,1170.57
blend,1790403860.03,0.465,-14.542,1170.57
blend,1790403860.53,0.465,-14.541,1170.58
blend,1790403861.01,0.465,-14.541,1170.57
blend,1790403861.54,0.465,-14.540,1170.56
blend,1790403862.01,0.465,-14.542,1170.55
blend,1790403862.50,0.465,-14.540,1170.55
blend,1790403863.01,0.465,-14.542,1170.56
blend,1790403863.52,0.465,-14.542,1170.57
blend,1790403864.02,0.465,-14.544,1170.59
blend,1790403864.53,0.465,-14.548,1170.61
blend,1790403865.03,0.465,-14.550,1170.60
blend,1790403865.54,0.465,-14.549,1170.59
blend,1790403866.04,0.465,-14.549,1170.60
blend,1790403866.52,0.465,-14.551,1170.60
blend,1790403867.00,0.465,-14.553,1170.61
blend,1790403867.51,0.465,-14.553,1170.61
blend,1790403868.01,0.465,-14.554,1170.61
blend,1790403868.52,0.465,-14.555,1170.61
blend,1790403869.03,0.465,-14.557,1170.62
blend,1790403869.50,0.465,-14.558,1170.62
blend,1790403870.04,0.465,-14.556,1170.62
blend,1790403870.54,0.465,-14.561,1170.62
blend,1790403871.01,0.465,-14.561,1170.63
blend,1790403871.50,0.465,-14.561,1170.62
blend,1790403872.00,0.465,-14.557,1170.62
blend,1790403872.51,0.465,-14.559,1170.62
blend,1790403873.02,0.465,-14.560,1170.61
blend,1790403873.53,0.465,-14.559,1170.62
blend,1790403874.03,0.465,-14.560,1170.63
blend,1790403874.54,0.465,-14.558,1170.63
blend,1790403875.04,0.465,-14.559,1170.64
blend,1790403875.51,0.465,-14.558,1170.62
blend,1790403876.00,0.465,-14.557,1170.64
blend,1790403876.51,0.465,-14.558,1170.63
blend,1790403877.02,0.465,-14.557,1170.63
blend,1790403877.52,0.465,-14.560,1170.64
blend,1790403878.03,0.465,-14.560,1170.64
blend,1790403878.53,0.465,-14.559,1170.65
blend,1790403879.04,0.465,-14.562,1170.65
blend,1790403879.54,0.465,-14.565,1170.65
blend,1790403880.01,0.465,-14.566,1170.66
blend,1790403880.51,0.465,-14.566,1170.66
blend,1790403881.01,0.465,-14.564,1170.65
blend,1790403881.52,0.465,-14.562,1170.65
blend,1790403882.02,0.465,-14.556,1170.66
blend,1790403882.53,0.465,-14.553,1170.67
blend,1790403883.03,0.465,-14.551,1170.66
blend,1790403883.54,0.465,-14.552,1170.66
blend,1790403884.04,0.465,-14.555,1170.67
blend,1790403884.51,0.465,-14.554,1170.68
blend,1790403885.00,0.465,-14.553,1170.69
blend,1790403885.51,0.465,-14.552,1170.71
blend,1790403886.02,0.465,-14.553,1170.72
blend,1790403886.52,0.465,-14.553,1170.70
blend,1790403887.03,0.465,-14.552,1170.71
blend,1790403887.53,0.465,-14.553,1170.70
blend,1790403888.04,0.465,-14.552,1170.70
blend,1790403888.55,0.465,-14.551,1170.70
blend,1790403889.05,0.465,-14.553,1170.69
blend,1790403889.51,0.465,-14.553,1170.70
blend,1790403890.01,0.465,-14.552,1170.70
blend,1790403890.52,0.465,-14.552,1170.70
blend,1790403891.02,0.465,-14.549,1170.69
blend,1790403891.53,0.465,-14.548,1170.69
blend,1790403892.02,0.465,-14.550,1170.68
blend,1790403892.54,0.465,-14.547,1170.68
blend,1790403893.02,0.465,-14.544,1170.68
blend,1790403893.51,0.465,-14.545,1170.68
blend,1790403894.01,0.465,-14.547,1170.69
blend,1790403894.51,0.465,-14.546,1170.69
blend,1790403895.02,0.465,-14.545,1170.70
blend,1790403895.52,0.465,-14.546,1170.69
blend,1790403896.03,0.465,-14.545,1170.69
blend,1790403896.53,0.465,-14.541,1170.69
blend,1790403897.04,0.465,-14.540,1170.69
blend,1790403897.54,0.465,-14.538,1170.68
blend,1790403898.01,0.465,-14.535,1170.68
blend,1790403898.51,0.465,-14.532,1170.69
blend,1790403899.01,0.465,-14.537,1170.67
blend,1790403899.52,0.465,-14.536,1170.67
blend,1790403900.02,0.465,-14.535,1170.68
blend,1790403900.53,0.465,-14.534,1170.69
blend,1790403901.03,0.465,-14.537,1170.69
blend,1790403901.54,0.465,-14.524,1170.72
blend,1790403902.02,0.463,-14.436,1170.91
blend,1790403902.50,0.462,-14.324,1170.99
blend,1790403903.01,0.461,-14.300,1170.96
blend,1790403903.51,0.461,-14.297,1170.96
blend,1790403904.02,0.461,-14.298,1170.97
blend,1790403904.53,0.461,-14.301,1170.97
blend,1790403905.03,0.461,-14.302,1170.98
blend,1790403905.54,0.461,-14.300,1170.99
blend,1790403906.05,0.461,-14.301,1170.99
blend,1790403906.50,0.461,-14.301,1170.99
blend,1790403907.01,0.461,-14.302,1168.42
blend,1790403907.51,0.461,-14.302,1168.71
blend,1790403908.02,0.466,-14.160,1168.40
blend,1790403908.53,0.471,-13.956,1168.55
blend,1790403909.03,0.473,-13.901,1165.05
blend,1790403909.55,0.462,-13.923,1155.31
blend,1790403910.01,0.484,-13.845,1154.92
blend,1790403910.52,0.538,-13.644,1154.88
blend,1790403911.03,0.578,-13.447,1162.76
blend,1790403911.54,0.582,-13.242,1165.44
blend,1790403912.01,0.596,-13.063,1165.64
blend,1790403912.50,0.610,-12.871,1165.79
blend,1790403913.01,0.623,-12.673,1165.98
blend,1790403913.52,0.637,-12.480,1166.07
blend,1790403914.02,0.650,-12.277,1166.17
blend,1790403914.53,0.664,-12.073,1166.27
blend,1790403915.04,0.676,-11.870,1166.34
blend,1790403915.54,0.689,-11.670,1166.44
blend,1790403916.05,0.701,-11.471,1166.54
blend,1790403916.50,0.712,-11.297,1166.60
blend,1790403917.01,0.723,-11.105,1166.71
blend,1790403917.52,0.734,-10.902,1166.82
blend,1790403918.02,0.745,-10.709,1166.91
blend,1790403918.53,0.755,-10.518,1166.98
blend,1790403919.03,0.765,-10.314,1167.12
blend,1790403919.54,0.766,-10.123,1173.21
blend,1790403920.02,0.746,-9.939,1174.48
blend,1790403920.50,0.730,-9.735,1174.66
blend,1790403921.01,0.717,-9.539,1172.29
blend,1790403921.52,0.721,-9.342,1168.84
blend,1790403922.02,0.725,-9.143,1168.89
blend,1790403922.53,0.729,-8.947,1168.91
blend,1790403923.04,0.733,-8.749,1168.92
blend,1790403923.54,0.737,-8.547,1168.95
blend,1790403924.01,0.739,-8.376,1169.73
blend,1790403924.51,0.735,-8.187,1171.44
blend,1790403925.01,0.724,-7.988,1173.41
blend,1790403925.52,0.711,-7.790,1173.81
blend,1790403926.02,0.697,-7.590,1173.94
blend,1790403926.53,0.683,-7.387,1174.17
blend,1790403927.04,0.668,-7.186,1174.25
blend,1790403927.54,0.653,-6.985,1172.78
blend,1790403928.00,0.653,-6.806,1168.26
blend,1790403928.50,0.659,-6.604,1168.26
blend,1790403929.01,0.665,-6.402,1168.24
blend,1790403929.52,0.671,-6.197,1168.27
blend,1790403930.00,0.677,-6.007,1168.99
blend,1790403930.53,0.676,-5.795,1171.11
blend,1790403931.04,0.672,-5.594,1171.19
blend,1790403931.54,0.668,-5.392,1171.37
blend,1790403932.05,0.663,-5.189,1171.49
blend,1790403932.50,0.658,-5.006,1171.55
blend,1790403933.01,0.653,-4.838,1171.55
blend,1790403933.52,0.653,-4.832,1171.55
blend,1790403934.03,0.653,-4.832,1171.56
blend,1790403934.53,0.653,-4.832,1171.55
blend,1790403935.04,0.653,-4.832,1171.55
blend,1790403935.54,0.653,-4.832,1171.55
blend,1790403936.10,0.653,-4.832,1171.56
blend,1790403936.50,0.653,-4.822,1171.39
blend,1790403937.03,0.652,-4.796,1171.58
blend,1790403937.53,0.652,-4.796,1171.58
blend,1790403938.02,0.647,-4.604,1171.62
blend,1790403938.53,0.641,-4.406,1171.75
blend,1790403939.03,0.635,-4.204,1171.78
blend,1790403939.54,0.628,-3.999,1171.87
blend,1790403940.05,0.621,-3.794,1171.97
blend,1790403940.50,0.615,-3.612,1172.04
blend,1790403941.01,0.608,-3.411,1172.13
blend,1790403941.52,0.600,-3.209,1172.16
blend,1790403942.02,0.592,-3.006,1172.26
blend,1790403942.53,0.584,-2.803,1172.32
blend,1790403943.03,0.576,-2.601,1172.41
blend,1790403943.54,0.567,-2.400,1172.50
blend,1790403944.05,0.558,-2.195,1172.60
blend,1790403944.50,0.550,-2.013,1172.66
blend,1790403945.01,0.541,-1.813,1172.76
blend,1790403945.51,0.531,-1.612,1172.86
blend,1790403946.02,0.520,-1.410,1172.95
blend,1790403946.53,0.510,-1.207,1173.02
blend,1790403947.03,0.499,-1.005,1173.10
blend,1790403947.54,0.488,-0.801,1173.21
blend,1790403948.05,0.477,-0.600,1173.29
blend,1790403948.50,0.466,-0.416,1173.36
blend,1790403949.01,0.454,-0.215,1173.41
blend,1790403949.51,0.451,-0.169,1173.38
blend,1790403950.02,0.451,-0.169,1173.39
blend,1790403950.53,0.451,-0.169,1173.39
blend,1790403951.03,0.451,-0.169,1173.38
blend,1790403951.54,0.451,-0.169,1173.38
blend,1790403952.04,0.451,-0.169,1173.36
blend,1790403952.55,0.451,-0.169,1173.37
blend,1790403953.01,0.452,-0.177,1173.32
blend,1790403953.51,0.459,-0.305,1173.29
blend,1790403954.02,0.467,-0.448,1173.24
blend,1790403954.53,0.474,-0.573,1173.15
blend,1790403955.03,0.476,-0.601,1173.23
blend,1790403955.54,0.476,-0.601,1173.30
blend,1790403956.04,0.476,-0.601,1173.30
blend,1790403956.55,0.476,-0.601,1171.24
blend,1790403957.01,0.476,-0.601,1167.17
blend,1790403957.52,0.476,-0.601,1157.25
blend,1790403958.03,0.475,-0.602,1146.55
blend,1790403958.54,0.476,-0.600,1135.57
blend,1790403959.01,0.476,-0.600,1125.59
blend,1790403959.53,0.476,-0.601,1122.16
blend,1790403960.05,0.527,-0.554,1121.50
blend,1790403960.51,0.639,-0.455,1121.63
blend,1790403961.03,0.761,-0.348,1118.52
blend,1790403961.50,0.859,-0.281,1111.58
blend,1790403962.00,0.973,-0.211,1111.26
blend,1790403962.54,1.128,-0.121,1104.53
blend,1790403963.05,1.195,-0.104,1078.67
blend,1790403963.51,1.212,-0.106,1077.48
blend,1790403964.02,1.213,-0.106,1077.48
blend,1790403964.54,1.214,-0.105,1080.63
blend,1790403965.05,1.207,-0.106,1082.70
blend,1790403965.51,1.207,-0.106,1082.69
blend,1790403966.09,1.207,-0.106,1082.70
blend,1790403966.59,1.207,-0.106,1082.70
blend,1790403967.05,1.262,-0.103,1082.84
blend,1790403967.51,1.387,-0.096,1083.01
blend,1790403968.02,1.536,-0.088,1083.22
blend,1790403968.53,1.704,-0.079,1083.38
blend,1790403969.05,1.886,-0.068,1083.49
blend,1790403969.51,2.051,-0.058,1083.58
blend,1790403970.02,2.234,-0.046,1083.67
blend,1790403970.54,2.418,-0.034,1083.80
blend,1790403971.05,2.613,-0.021,1083.87
blend,1790403971.51,2.785,-0.009,1083.98
blend,1790403972.02,2.983,0.005,1084.04
blend,1790403972.51,3.176,0.018,1084.10
blend,1790403973.05,3.397,0.034,1084.17
blend,1790403973.51,3.582,0.048,1084.30
blend,1790403974.03,3.786,0.064,1084.36
blend,1790403974.51,3.978,0.078,1084.43
blend,1790403975.00,4.174,0.094,1084.53
blend,1790403975.51,4.378,0.110,1084.60
blend,1790403976.03,4.584,0.127,1084.72
blend,1790403976.54,4.788,0.144,1084.80
blend,1790403977.00,4.974,0.159,1084.89
blend,1790403977.57,5.198,0.179,1084.94
blend,1790403978.03,5.380,0.195,1085.00
blend,1790403978.59,5.608,0.215,1085.14
blend,1790403979.01,5.770,0.229,1085.20
blend,1790403979.53,5.936,0.245,1085.10
blend,1790403980.03,5.937,0.245,1085.09
blend,1790403980.55,6.059,0.256,1085.22
blend,1790403981.01,6.242,0.273,1085.25
blend,1790403981.52,6.446,0.292,1085.33
blend,1790403982.04,6.648,0.311,1085.42
blend,1790403982.55,6.850,0.330,1085.53
blend,1790403983.01,7.036,0.348,1085.57
blend,1790403983.52,7.241,0.368,1085.65
blend,1790403984.04,7.448,0.388,1085.70
blend,1790403984.55,7.654,0.409,1085.81
blend,1790403985.01,7.838,0.428,1085.86
blend,1790403985.53,8.042,0.449,1085.95
blend,1790403986.04,8.244,0.470,1086.07
blend,1790403986.50,8.428,0.490,1086.12
blend,1790403987.02,8.632,0.512,1086.24
blend,1790403987.53,8.835,0.534,1086.31
blend,1790403988.01,9.022,0.555,1086.35
blend,1790403988.50,9.218,0.577,1086.45
blend,1790403989.02,9.416,0.599,1086.48
blend,1790403989.53,9.509,0.610,1086.48
blend,1790403990.04,9.509,0.610,1086.50
blend,1790403990.51,9.509,0.610,1086.50
blend,1790403991.02,9.509,0.610,1086.50
blend,1790403991.53,9.509,0.610,1086.49
blend,1790403992.04,9.510,0.610,1086.48
blend,1790403992.50,9.529,0.612,1086.49
blend,1790403993.02,9.541,0.614,1086.50
blend,1790403993.53,9.541,0.614,1086.50
blend,1790403994.04,9.541,0.614,1086.50
blend,1790403994.50,9.541,0.614,1086.50
blend,1790403995.02,9.541,0.614,1086.49
blend,1790403995.53,9.542,0.614,1086.47
blend,1790403996.04,9.663,0.627,1086.51
blend,1790403996.50,9.812,0.644,1086.57
blend,1790403997.02,9.932,0.658,1086.53
blend,1790403997.53,9.934,0.658,1086.61
blend,1790403998.04,9.934,0.658,1086.61
blend,1790403998.50,9.934,0.658,1086.61
blend,1790403999.02,9.934,0.658,1086.61
blend,1790403999.53,9.934,0.658,1086.63
blend,1790404000.04,9.934,0.658,1086.62
blend,1790404000.50,9.934,0.658,1086.62
blend,1790404001.02,9.934,0.658,1086.62
blend,1790404001.53,9.934,0.658,1088.91
blend,1790404002.00,9.935,0.659,1104.35
blend,1790404002.51,9.934,0.658,1121.67
blend,1790404003.03,9.934,0.658,1139.48
blend,1790404003.51,9.934,0.658,1156.06
blend,1790404004.05,9.934,0.658,1169.69
blend,1790404004.50,9.934,0.658,1169.61
blend,1790404005.01,9.934,0.658,1169.59
blend,1790404005.51,9.934,0.658,1169.60
blend,1790404006.02,9.934,0.658,1169.61
blend,1790404006.53,9.934,0.658,1169.94
blend,1790404007.03,9.935,0.651,1182.94
blend,1790404007.54,9.937,0.646,1197.20
blend,1790404008.00,9.939,0.643,1198.37
blend,1790404008.51,9.939,0.643,1198.36
blend,1790404009.02,9.939,0.643,1198.37
blend,1790404009.54,9.939,0.643,1201.14
blend,1790404010.05,9.942,0.639,1213.55
blend,1790404010.51,9.948,0.634,1223.95
blend,1790404011.02,9.949,0.633,1223.45
blend,1790404011.53,9.949,0.633,1223.46
blend,1790404012.04,9.949,0.633,1223.44
blend,1790404012.50,9.949,0.633,1223.44
blend,1790404013.02,9.949,0.633,1223.58
blend,1790404013.53,9.949,0.633,1236.21
blend,1790404014.00,9.949,0.633,1241.67
blend,1790404014.52,9.949,0.633,1241.64
blend,1790404015.03,9.947,0.634,1246.35
blend,1790404015.55,9.949,0.633,1253.54
blend,1790404016.02,9.949,0.633,1253.49
blend,1790404016.53,9.949,0.633,1253.77
blend,1790404017.04,9.949,0.633,1261.49
blend,1790404017.55,9.949,0.633,1261.45
blend,1790404018.01,9.949,0.633,1261.44
blend,1790404018.52,9.949,0.633,1261.44
blend,1790404019.03,9.949,0.633,1261.45
blend,1790404019.54,9.894,0.632,1261.53
blend,1790404020.05,9.744,0.628,1261.77
blend,1790404020.51,9.613,0.624,1261.80
blend,1790404021.02,9.582,0.623,1261.83
blend,1790404021.53,9.582,0.623,1261.82
blend,1790404022.04,9.582,0.623,1261.80
blend,1790404022.55,9.582,0.623,1261.81
blend,1790404023.01,9.582,0.623,1261.82
blend,1790404023.51,9.582,0.623,1261.81
blend,1790404024.02,9.582,0.623,1261.81
blend,1790404024.53,9.582,0.623,1261.82
blend,1790404025.04,9.582,0.623,1261.82
blend,1790404025.50,9.582,0.623,1261.82
blend,1790404026.01,9.582,0.623,1261.81
blend,1790404026.52,9.582,0.623,1261.80
blend,1790404027.03,9.582,0.623,1261.79
blend,1790404027.54,9.443,0.618,1261.86
blend,1790404028.00,9.264,0.612,1261.91
blend,1790404028.51,9.073,0.606,1261.99
blend,1790404029.03,8.878,0.599,1262.14
blend,1790404029.54,8.679,0.591,1262.23
blend,1790404030.05,8.493,0.584,1262.34
blend,1790404030.50,8.314,0.576,1262.39
blend,1790404031.01,8.108,0.568,1262.43
blend,1790404031.52,7.904,0.559,1262.58
blend,1790404032.03,7.699,0.550,1262.59
blend,1790404032.50,7.512,0.541,1262.61
blend,1790404033.00,7.315,0.532,1262.75
blend,1790404033.51,7.114,0.522,1262.84
blend,1790404034.02,6.905,0.512,1262.93
blend,1790404034.53,6.702,0.501,1263.00
blend,1790404035.04,6.498,0.490,1263.12
blend,1790404035.55,6.295,0.479,1263.18
blend,1790404036.01,6.111,0.469,1263.22
blend,1790404036.52,5.916,0.457,1263.38
blend,1790404037.03,5.734,0.447,1263.48
blend,1790404037.54,5.547,0.435,1263.54
blend,1790404038.05,5.360,0.424,1263.61
blend,1790404038.51,5.187,0.413,1263.67
blend,1790404039.02,4.999,0.400,1263.77
blend,1790404039.53,4.809,0.388,1263.85
blend,1790404040.04,4.620,0.375,1263.87
blend,1790404040.55,4.434,0.362,1263.93
blend,1790404041.01,4.266,0.351,1263.96
blend,1790404041.52,4.078,0.338,1264.07
blend,1790404042.03,3.890,0.324,1264.12
blend,1790404042.53,3.702,0.310,1264.16
blend,1790404043.05,3.511,0.297,1264.23
blend,1790404043.50,3.341,0.284,1264.33
blend,1790404044.01,3.154,0.270,1264.41
blend,1790404044.52,2.964,0.255,1264.53
blend,1790404045.03,2.777,0.240,1264.59
blend,1790404045.54,2.590,0.225,1264.61
blend,1790404046.00,2.419,0.211,1264.65
blend,1790404046.51,2.230,0.195,1264.74
blend,1790404047.02,2.042,0.180,1264.79
blend,1790404047.53,1.857,0.164,1264.84
blend,1790404048.04,1.669,0.148,1264.95
blend,1790404048.55,1.479,0.132,1264.94
blend,1790404049.01,1.311,0.117,1265.03
blend,1790404049.52,1.172,0.105,1264.81
blend,1790404050.03,1.011,0.091,1264.89
blend,1790404050.54,0.841,0.077,1265.01
blend,1790404051.05,0.668,0.061,1265.09
blend,1790404051.50,0.518,0.048,1265.16
blend,1790404052.02,0.345,0.032,1265.29
blend,1790404052.53,0.170,0.016,1265.31
blend,1790404053.04,0.036,0.003,1265.30
blend,1790404053.55,0.035,0.003,1265.26
blend,1790404054.06,0.035,0.003,1265.25
blend,1790404054.51,0.035,0.003,1265.24
blend,1790404055.12,0.035,0.003,1265.23
blend,1790404055.53,0.035,0.003,1270.00
blend,1790404056.04,0.035,0.003,1279.53
blend,1790404056.50,0.035,0.003,1288.17
blend,1790404057.02,0.036,0.004,1297.68
blend,1790404057.54,0.035,0.004,1307.17
blend,1790404058.00,0.035,0.004,1315.78
blend,1790404058.52,0.034,0.002,1325.30
blend,1790404059.03,0.035,0.003,1334.85
blend,1790404059.54,0.035,0.004,1344.40
blend,1790404060.05,0.035,0.003,1344.76
blend,1790404060.51,0.035,0.003,1344.73
blend,1790404061.01,0.035,0.003,1344.72
blend,1790404061.52,0.035,0.003,1344.72
blend,1790404062.03,0.035,0.003,1344.72
blend,1790404062.54,0.035,0.003,1344.71
blend,1790404063.00,0.035,0.003,1344.71
blend,1790404063.51,0.035,0.003,1344.70
blend,1790404064.02,0.035,0.003,1346.47
blend,1790404064.52,0.035,0.003,1349.23
blend,1790404065.03,0.034,-0.060,1349.53
blend,1790404065.53,0.033,-0.247,1349.67
blend,1790404066.04,0.032,-0.446,1349.86
blend,1790404066.54,0.031,-0.648,1349.90
blend,1790404067.05,0.031,-0.851,1350.01
blend,1790404067.55,0.031,-1.053,1350.08
blend,1790404068.00,0.032,-1.233,1350.14
blend,1790404068.51,0.032,-1.435,1350.25
blend,1790404069.01,0.033,-1.637,1350.31
blend,1790404069.52,0.035,-1.840,1350.38
blend,1790404070.02,0.036,-2.040,1350.44
blend,1790404070.53,0.038,-2.242,1350.57
blend,1790404071.03,0.040,-2.443,1350.58
blend,1790404071.53,0.042,-2.648,1350.68
blend,1790404072.09,0.045,-2.870,1350.72
blend,1790404072.54,0.047,-3.050,1350.83
blend,1790404073.10,0.051,-3.272,1350.93
blend,1790404073.50,0.053,-3.429,1350.98
blend,1790404074.00,0.057,-3.634,1351.08
blend,1790404074.61,0.061,-3.875,1351.14
blend,1790404075.03,0.064,-3.997,1351.06
blend,1790404075.53,0.064,-3.998,1351.05
blend,1790404076.02,0.066,-4.107,1351.17
blend,1790404076.53,0.070,-4.310,1351.28
blend,1790404077.03,0.075,-4.507,1351.34
blend,1790404077.53,0.080,-4.708,1351.46
blend,1790404078.04,0.085,-4.913,1351.52
blend,1790404078.54,0.091,-5.115,1351.57
blend,1790404079.05,0.096,-5.315,1351.71
blend,1790404079.50,0.102,-5.497,1351.75
blend,1790404080.01,0.108,-5.698,1351.81
blend,1790404080.51,0.115,-5.899,1351.94
blend,1790404081.01,0.122,-6.102,1351.99
blend,1790404081.52,0.129,-6.302,1352.04
blend,1790404082.02,0.136,-6.503,1352.10
blend,1790404082.51,0.143,-6.699,1352.22
blend,1790404083.03,0.151,-6.910,1352.27
blend,1790404083.54,0.160,-7.110,1352.34
blend,1790404084.04,0.168,-7.312,1352.43
blend,1790404084.55,0.177,-7.511,1352.51
blend,1790404085.05,0.185,-7.714,1352.57
blend,1790404085.50,0.194,-7.893,1352.63
blend,1790404086.01,0.203,-8.101,1352.71
blend,1790404086.51,0.213,-8.300,1352.76
blend,1790404087.02,0.223,-8.502,1352.80
blend,1790404087.52,0.225,-8.565,1352.24
blend,1790404088.03,0.225,-8.566,1352.23
blend,1790404088.53,0.225,-8.565,1352.24
blend,1790404089.04,0.225,-8.565,1352.24
blend,1790404089.54,0.225,-8.565,1352.24
blend,1790404090.04,0.225,-8.565,1352.24
blend,1790404090.54,0.225,-8.565,1352.24
blend,1790404091.05,0.225,-8.565,1352.24
blend,1790404091.50,0.225,-8.565,1352.23
blend,1790404092.00,0.225,-8.565,1352.25
blend,1790404092.51,0.225,-8.567,1352.19
blend,1790404093.01,0.231,-8.722,1352.16
blend,1790404093.52,0.239,-8.925,1351.09
blend,1790404094.03,0.222,-9.121,1341.41
blend,1790404094.54,0.195,-9.320,1345.21
blend,1790404095.14,0.187,-9.563,1349.02
blend,1790404095.50,0.185,-9.706,1349.15
blend,1790404096.00,0.182,-9.903,1349.33
blend,1790404096.50,0.180,-10.105,1349.48
blend,1790404097.01,0.178,-10.312,1349.47
blend,1790404097.53,0.177,-10.448,1349.82
blend,1790404098.03,0.177,-10.447,1349.83
blend,1790404098.52,0.176,-10.559,1349.96
blend,1790404099.02,0.176,-10.755,1350.04
blend,1790404099.53,0.177,-10.959,1350.14
blend,1790404100.03,0.177,-11.163,1350.25
blend,1790404100.53,0.178,-11.364,1350.28
blend,1790404101.04,0.180,-11.566,1350.41
blend,1790404101.54,0.181,-11.767,1350.50
blend,1790404102.05,0.183,-11.969,1350.58
blend,1790404102.55,0.185,-12.169,1350.65
blend,1790404103.00,0.187,-12.350,1350.76
blend,1790404103.51,0.190,-12.552,1350.84
blend,1790404104.01,0.193,-12.752,1350.84
blend,1790404104.52,0.196,-12.959,1350.96
blend,1790404105.02,0.200,-13.161,1351.03
blend,1790404105.52,0.204,-13.361,1351.13
blend,1790404106.03,0.208,-13.562,1351.22
blend,1790404106.53,0.212,-13.765,1351.29
blend,1790404107.04,0.217,-13.967,1351.39
blend,1790404107.54,0.222,-14.169,1351.39
blend,1790404108.05,0.227,-14.370,1351.50
blend,1790404108.55,0.232,-14.571,1351.59
blend,1790404109.00,0.235,-14.672,1351.49
blend,1790404109.51,0.235,-14.673,1349.56
blend,1790404110.02,0.235,-14.672,1338.37
blend,1790404110.53,0.235,-14.673,1327.36
blend,1790404111.04,0.235,-14.674,1316.56
blend,1790404111.51,0.235,-14.674,1306.77
blend,1790404112.03,0.234,-14.675,1295.75
blend,1790404112.54,0.232,-14.677,1284.62
blend,1790404113.05,0.230,-14.678,1273.63
blend,1790404113.51,0.227,-14.678,1264.05
blend,1790404114.02,0.226,-14.678,1262.85
blend,1790404114.51,0.226,-14.678,1262.88
blend,1790404115.04,0.226,-14.678,1262.88
blend,1790404115.55,0.226,-14.678,1262.89
blend,1790404116.01,0.226,-14.678,1262.88
blend,1790404116.51,0.226,-14.678,1262.89
blend,1790404117.02,0.226,-14.678,1262.90
blend,1790404117.53,0.226,-14.678,1262.91
blend,1790404118.04,0.226,-14.678,1262.91
blend,1790404118.50,0.173,-14.681,1262.44
blend,1790404119.01,-0.031,-14.690,1262.54
blend,1790404119.52,-0.235,-14.699,1262.58
blend,1790404120.03,-0.436,-14.708,1262.65
blend,1790404120.54,-0.639,-14.718,1262.70
blend,1790404121.05,-0.843,-14.728,1262.86
blend,1790404121.51,-1.026,-14.737,1262.90
blend,1790404122.02,-1.229,-14.747,1263.03
blend,1790404122.53,-1.434,-14.758,1263.10
blend,1790404123.00,-1.572,-14.766,1263.06
blend,1790404123.55,-1.575,-14.766,1263.05
blend,1790404124.01,-1.576,-14.766,1263.04
blend,1790404124.52,-1.576,-14.766,1263.05
blend,1790404125.00,-1.576,-14.766,1263.06
blend,1790404125.54,-1.576,-14.766,1263.05
blend,1790404126.04,-1.606,-14.767,1263.03
blend,1790404126.50,-1.731,-14.774,1263.06
blend,1790404127.02,-1.923,-14.784,1263.07
blend,1790404127.53,-2.125,-14.795,1263.17
blend,1790404128.04,-2.292,-14.805,1263.14
blend,1790404128.50,-2.298,-14.805,1263.18
blend,1790404129.00,-2.298,-14.805,1263.20
blend,1790404129.51,-2.298,-14.805,1263.20
blend,1790404130.02,-2.270,-14.803,1263.36
blend,1790404130.53,-2.113,-14.788,1269.41
blend,1790404131.05,-1.942,-14.744,1280.11
blend,1790404131.51,-1.793,-14.675,1290.34
blend,1790404132.03,-1.649,-14.571,1302.22
blend,1790404132.54,-1.527,-14.436,1314.26
blend,1790404133.00,-1.445,-14.300,1324.93
blend,1790404133.51,-1.385,-14.151,1330.04
blend,1790404134.02,-1.384,-14.144,1330.03
blend,1790404134.53,-1.384,-14.145,1330.03
blend,1790404135.04,-1.384,-14.145,1330.04
blend,1790404135.50,-1.383,-14.145,1330.04
blend,1790404136.01,-1.383,-14.145,1330.04
blend,1790404136.52,-1.383,-14.145,1330.05
blend,1790404137.03,-1.383,-14.145,1330.04
blend,1790404137.51,-1.388,-14.158,1329.80
blend,1790404138.00,-1.444,-14.312,1330.07
blend,1790404138.51,-1.449,-14.327,1330.06
blend,1790404139.02,-1.449,-14.327,1330.06
blend,1790404139.50,-1.449,-14.327,1330.05
blend,1790404140.04,-1.449,-14.327,1330.04
blend,1790404140.55,-1.449,-14.327,1330.04
blend,1790404141.01,-1.449,-14.327,1330.04
blend,1790404141.52,-1.449,-14.327,1330.04
blend,1790404142.03,-1.449,-14.327,1330.03
blend,1790404142.54,-1.449,-14.327,1330.03
blend,1790404143.05,-1.449,-14.327,1330.03
blend,1790404143.51,-1.449,-14.327,1329.92
blend,1790404144.02,-1.449,-14.326,1317.25
blend,1790404144.54,-1.450,-14.327,1306.63
blend,1790404145.05,-1.450,-14.327,1295.64
blend,1790404145.51,-1.450,-14.327,1286.14
blend,1790404146.02,-1.449,-14.326,1276.29
blend,1790404146.53,-1.451,-14.327,1266.85
blend,1790404147.00,-1.451,-14.327,1263.78
blend,1790404147.50,-1.452,-14.327,1263.80
blend,1790404148.00,-1.579,-14.335,1262.61
blend,1790404148.53,-1.783,-14.334,1255.43
blend,1790404149.04,-1.944,-14.314,1252.75
blend,1790404149.51,-1.946,-14.313,1255.13
blend,1790404150.02,-1.946,-14.313,1262.76
blend,1790404150.53,-1.960,-14.314,1262.76
blend,1790404151.04,-2.135,-14.323,1263.06
blend,1790404151.55,-2.341,-14.334,1263.28
blend,1790404152.01,-2.525,-14.345,1263.37
blend,1790404152.52,-2.729,-14.357,1263.50
blend,1790404153.03,-2.933,-14.370,1263.60
blend,1790404153.54,-3.134,-14.383,1263.70
blend,1790404154.05,-3.336,-14.396,1263.73
blend,1790404154.51,-3.519,-14.408,1263.86
blend,1790404155.02,-3.724,-14.422,1263.92
blend,1790404155.52,-3.928,-14.436,1264.04
blend,1790404156.03,-4.131,-14.450,1264.08
blend,1790404156.54,-4.336,-14.465,1264.21
blend,1790404157.00,-4.518,-14.479,1264.26
blend,1790404157.51,-4.720,-14.494,1264.32
blend,1790404158.02,-4.922,-14.509,1264.44
blend,1790404158.53,-5.126,-14.525,1264.47
blend,1790404159.04,-5.329,-14.541,1263.97
blend,1790404159.50,-5.513,-14.540,1256.26
blend,1790404160.02,-5.720,-14.526,1256.08
blend,1790404160.53,-5.924,-14.512,1256.18
blend,1790404161.05,-6.125,-14.502,1258.81
blend,1790404161.51,-6.306,-14.500,1259.90
blend,1790404162.01,-6.510,-14.502,1260.91
blend,1790404162.52,-6.712,-14.506,1261.60
blend,1790404163.04,-6.917,-14.512,1261.76
blend,1790404163.54,-7.063,-14.517,1261.91
blend,1790404164.00,-7.065,-14.517,1261.91
blend,1790404164.51,-7.063,-14.517,1266.45
blend,1790404165.02,-7.064,-14.517,1277.73
blend,1790404165.54,-7.064,-14.517,1290.63
blend,1790404166.00,-7.066,-14.517,1303.40
blend,1790404166.52,-7.065,-14.517,1317.31
blend,1790404167.03,-7.065,-14.517,1331.13
blend,1790404167.54,-7.065,-14.515,1344.11
blend,1790404168.05,-7.065,-14.516,1343.60
blend,1790404168.51,-7.065,-14.516,1343.60
blend,1790404169.02,-7.065,-14.516,1343.59
blend,1790404169.53,-7.065,-14.516,1343.58
blend,1790404170.00,-7.065,-14.516,1343.58
blend,1790404170.55,-7.065,-14.516,1343.57
blend,1790404171.01,-7.065,-14.516,1346.08
blend,1790404171.51,-7.065,-14.516,1349.86
blend,1790404172.01,-7.065,-14.517,1349.62
blend,1790404172.52,-7.065,-14.517,1349.61
blend,1790404173.02,-7.066,-14.514,1355.97
blend,1790404173.53,-7.066,-14.511,1366.80
blend,1790404174.03,-7.066,-14.510,1377.33
blend,1790404174.55,-7.066,-14.510,1387.94
blend,1790404175.01,-7.067,-14.510,1397.68
blend,1790404175.52,-7.068,-14.509,1408.61
blend,1790404176.04,-7.070,-14.508,1419.67
blend,1790404176.51,-7.071,-14.508,1429.43
blend,1790404177.03,-7.073,-14.507,1439.90
blend,1790404177.54,-7.071,-14.508,1443.50
blend,1790404178.00,-6.991,-14.504,1443.71
blend,1790404178.51,-6.788,-14.491,1443.89
blend,1790404179.03,-6.580,-14.476,1444.02
blend,1790404179.54,-6.378,-14.462,1444.08
blend,1790404180.00,-6.195,-14.448,1444.19
blend,1790404180.52,-5.987,-14.433,1444.31
blend,1790404181.03,-5.783,-14.417,1444.36
blend,1790404181.54,-5.578,-14.402,1444.49
blend,1790404182.00,-5.397,-14.387,1444.53
blend,1790404182.53,-5.248,-14.375,1444.30
blend,1790404183.03,-5.247,-14.375,1444.28
blend,1790404183.53,-5.248,-14.375,1444.28
blend,1790404184.02,-5.099,-14.364,1444.24
blend,1790404184.54,-4.895,-14.349,1444.25
blend,1790404185.01,-4.705,-14.335,1444.30
blend,1790404185.52,-4.498,-14.319,1444.38
blend,1790404186.04,-4.292,-14.304,1444.40
blend,1790404186.51,-4.107,-14.289,1444.46
blend,1790404187.03,-3.900,-14.273,1444.54
blend,1790404187.55,-3.693,-14.256,1444.61
blend,1790404188.02,-3.507,-14.241,1444.70
blend,1790404188.53,-3.300,-14.224,1444.76
blend,1790404189.00,-3.114,-14.209,1444.81
blend,1790404189.52,-2.906,-14.191,1444.91
blend,1790404190.04,-2.701,-14.173,1444.94
blend,1790404190.51,-2.516,-14.157,1445.00
blend,1790404191.03,-2.306,-14.139,1445.07
blend,1790404191.54,-2.100,-14.120,1445.15
blend,1790404192.01,-1.914,-14.104,1445.18
blend,1790404192.53,-1.709,-14.085,1445.24
blend,1790404193.05,-1.500,-14.065,1445.32
blend,1790404193.52,-1.315,-14.048,1445.34
blend,1790404194.03,-1.108,-14.029,1445.40
blend,1790404194.50,-0.921,-14.011,1445.48
blend,1790404195.02,-0.712,-13.991,1445.54
blend,1790404195.54,-0.510,-13.971,1445.62
blend,1790404196.01,-0.323,-13.953,1445.70
blend,1790404196.59,-0.092,-13.930,1445.77
blend,1790404197.10,0.105,-13.909,1446.59
blend,1790404197.51,0.268,-13.888,1448.01
blend,1790404198.03,0.331,-13.879,1448.29
blend,1790404198.53,0.330,-13.879,1448.29
blend,1790404199.03,0.330,-13.879,1448.29
blend,1790404199.53,0.329,-13.879,1448.29
blend,1790404200.03,0.329,-13.879,1448.29
blend,1790404200.53,0.329,-13.879,1448.29
blend,1790404201.03,0.329,-13.879,1448.29
blend,1790404201.53,0.329,-13.879,1448.29
blend,1790404202.03,0.329,-13.879,1448.29
blend,1790404202.53,0.329,-13.879,1448.29
blend,1790404203.05,0.496,-13.855,1448.35
blend,1790404203.51,0.679,-13.827,1448.50
blend,1790404204.03,0.880,-13.798,1448.22
blend,1790404204.54,1.075,-13.771,1447.06
blend,1790404205.00,1.257,-13.750,1445.93
blend,1790404205.52,1.462,-13.731,1444.58
blend,1790404206.04,1.667,-13.717,1443.40
blend,1790404206.51,1.852,-13.707,1442.66
blend,1790404207.03,2.058,-13.698,1442.49
blend,1790404207.55,2.268,-13.689,1442.50
blend,1790404208.01,2.452,-13.681,1442.45
blend,1790404208.53,2.662,-13.672,1442.53
blend,1790404209.05,2.866,-13.663,1442.59
blend,1790404209.52,3.053,-13.654,1442.66
blend,1790404210.04,3.264,-13.644,1442.71
blend,1790404210.50,3.450,-13.635,1442.76
blend,1790404211.02,3.658,-13.625,1442.79
blend,1790404211.54,3.864,-13.615,1442.92
blend,1790404212.01,4.048,-13.605,1443.02
blend,1790404212.53,4.257,-13.594,1443.08
blend,1790404213.05,4.464,-13.583,1443.13
blend,1790404213.51,4.653,-13.573,1443.15
blend,1790404214.03,4.861,-13.561,1443.25
blend,1790404214.50,5.047,-13.550,1443.35
blend,1790404215.02,5.254,-13.538,1443.39
blend,1790404215.54,5.466,-13.525,1443.46
blend,1790404216.01,5.647,-13.514,1443.51
blend,1790404216.52,5.854,-13.502,1443.59
blend,1790404217.04,6.061,-13.488,1443.69
blend,1790404217.51,6.251,-13.476,1443.75
blend,1790404218.03,6.459,-13.462,1443.78
blend,1790404218.55,6.666,-13.449,1443.86
blend,1790404219.01,6.848,-13.436,1443.93
blend,1790404219.53,7.058,-13.422,1443.98
blend,1790404220.05,7.266,-13.407,1444.01
blend,1790404220.52,7.452,-13.394,1444.03
blend,1790404221.04,7.659,-13.379,1445.56
blend,1790404221.55,7.860,-13.347,1453.03
blend,1790404222.01,8.025,-13.292,1466.32
blend,1790404222.51,8.073,-13.265,1467.41
blend,1790404223.04,8.075,-13.265,1478.93
blend,1790404223.50,8.074,-13.266,1495.90
blend,1790404224.02,8.073,-13.267,1515.83
blend,1790404224.53,8.074,-13.269,1535.95
blend,1790404225.04,8.074,-13.268,1540.99
blend,1790404225.54,8.074,-13.266,1541.05
blend,1790404226.00,8.056,-13.167,1541.11
blend,1790404226.51,8.046,-13.122,1541.68
blend,1790404227.01,8.046,-13.122,1555.54
blend,1790404227.52,8.046,-13.121,1560.58
blend,1790404228.03,8.046,-13.121,1560.57
blend,1790404228.53,8.046,-13.121,1560.56
blend,1790404229.03,8.046,-13.121,1560.56
blend,1790404229.50,8.046,-13.121,1560.56
blend,1790404230.10,8.039,-13.108,1560.74
blend,1790404230.55,7.981,-13.012,1560.90
blend,1790404231.01,7.959,-12.975,1560.76
blend,1790404231.63,7.960,-12.976,1564.25
blend,1790404232.03,7.960,-12.976,1564.36
blend,1790404232.53,7.960,-12.976,1564.36
blend,1790404233.03,7.960,-12.976,1564.36
blend,1790404233.53,7.960,-12.976,1564.36
blend,1790404234.05,7.961,-12.978,1573.29
blend,1790404234.51,7.960,-12.976,1583.03
blend,1790404235.03,7.959,-12.976,1594.72
blend,1790404235.54,7.960,-12.976,1608.16
blend,1790404236.01,7.960,-12.976,1615.75
blend,1790404236.53,7.960,-12.976,1618.07
blend,1790404237.04,7.959,-12.976,1622.16
blend,1790404237.55,7.958,-12.976,1621.78
blend,1790404238.01,7.956,-12.976,1620.90
blend,1790404238.52,7.955,-12.976,1619.29
blend,1790404239.03,7.837,-12.973,1618.82
blend,1790404239.54,7.632,-12.969,1618.90
blend,1790404240.01,7.449,-12.966,1618.97
blend,1790404240.52,7.242,-12.962,1618.98
blend,1790404241.03,7.038,-12.959,1619.04
blend,1790404241.54,6.833,-12.956,1619.11
blend,1790404242.00,6.650,-12.953,1619.14
blend,1790404242.51,6.447,-12.950,1619.27
blend,1790404243.02,6.241,-12.947,1619.31
blend,1790404243.53,6.035,-12.945,1619.42
blend,1790404244.05,5.831,-12.943,1619.48
blend,1790404244.51,5.650,-12.942,1619.58
blend,1790404245.02,5.446,-12.940,1619.69
blend,1790404245.53,5.237,-12.939,1619.74
blend,1790404246.04,5.032,-12.938,1619.79
blend,1790404246.50,4.847,-12.938,1619.94
blend,1790404247.01,4.644,-12.938,1619.99
blend,1790404247.53,4.438,-12.938,1620.04
blend,1790404248.04,4.231,-12.938,1620.12
blend,1790404248.55,4.029,-12.934,1617.60
blend,1790404249.02,3.842,-12.926,1617.55
blend,1790404249.53,3.635,-12.917,1617.58
blend,1790404250.05,3.428,-12.908,1617.56
blend,1790404250.52,3.243,-12.901,1617.58
blend,1790404251.03,3.033,-12.892,1617.64
blend,1790404251.50,2.848,-12.884,1617.68
blend,1790404252.02,2.645,-12.876,1617.75
blend,1790404252.54,2.436,-12.868,1617.86
blend,1790404253.00,2.249,-12.861,1617.91
blend,1790404253.52,2.043,-12.854,1617.95
blend,1790404254.00,1.852,-12.847,1618.05
blend,1790404254.54,1.633,-12.840,1618.17
blend,1790404255.00,1.448,-12.834,1618.21
blend,1790404255.51,1.243,-12.828,1618.24
blend,1790404256.03,1.039,-12.822,1618.34
blend,1790404256.54,0.835,-12.816,1618.39
blend,1790404257.05,0.629,-12.810,1618.49
blend,1790404257.51,0.444,-12.805,1618.56
blend,1790404258.02,0.241,-12.800,1618.60
blend,1790404258.51,0.047,-12.796,1618.65
blend,1790404259.04,-0.168,-12.791,1618.71
blend,1790404259.50,-0.349,-12.787,1618.82
blend,1790404260.02,-0.558,-12.783,1618.92
blend,1790404260.53,-0.761,-12.779,1618.93
blend,1790404261.04,-0.971,-12.775,1619.00
blend,1790404261.50,-1.153,-12.772,1619.09
blend,1790404262.01,-1.358,-12.769,1619.19
blend,1790404262.52,-1.562,-12.766,1619.25
blend,1790404263.03,-1.766,-12.763,1619.30
blend,1790404263.50,-1.953,-12.761,1619.39
blend,1790404264.01,-2.158,-12.759,1619.40
blend,1790404264.52,-2.363,-12.757,1619.51
blend,1790404265.00,-2.556,-12.756,1619.58
blend,1790404265.53,-2.730,-12.754,1619.68
blend,1790404266.03,-2.731,-12.754,1619.68
blend,1790404266.51,-2.835,-12.754,1619.72
blend,1790404267.03,-3.041,-12.753,1619.80
blend,1790404267.54,-3.246,-12.752,1619.88
blend,1790404268.05,-3.450,-12.752,1619.99
blend,1790404268.51,-3.636,-12.752,1620.08
blend,1790404269.02,-3.840,-12.753,1620.12
blend,1790404269.53,-4.045,-12.753,1620.21
blend,1790404270.05,-4.248,-12.754,1620.32
blend,1790404270.50,-4.432,-12.755,1620.40
blend,1790404271.02,-4.637,-12.757,1620.46
blend,1790404271.53,-4.842,-12.759,1620.54
blend,1790404272.04,-5.049,-12.761,1620.59
blend,1790404272.50,-5.233,-12.763,1620.71
blend,1790404273.01,-5.438,-12.765,1620.77
blend,1790404273.53,-5.642,-12.768,1620.79
blend,1790404274.04,-5.844,-12.771,1620.92
blend,1790404274.55,-6.053,-12.775,1620.96
blend,1790404275.01,-6.234,-12.778,1621.07
blend,1790404275.52,-6.438,-12.782,1621.15
blend,1790404276.03,-6.646,-12.786,1621.21
blend,1790404276.55,-6.851,-12.790,1621.31
blend,1790404277.01,-7.034,-12.795,1621.34
blend,1790404277.52,-7.237,-12.799,1621.46
blend,1790404278.03,-7.442,-12.805,1621.54
blend,1790404278.54,-7.648,-12.811,1621.61
blend,1790404279.00,-7.832,-12.816,1621.73
blend,1790404279.51,-8.039,-12.822,1621.80
blend,1790404280.03,-8.244,-12.829,1621.88
blend,1790404280.54,-8.447,-12.836,1621.97
blend,1790404281.05,-8.652,-12.843,1622.04
blend,1790404281.51,-8.838,-12.850,1622.10
blend,1790404282.02,-9.038,-12.857,1622.13
blend,1790404282.53,-9.243,-12.865,1622.21
blend,1790404283.05,-9.450,-12.873,1622.29
blend,1790404283.51,-9.635,-12.880,1622.36
blend,1790404284.02,-9.840,-12.889,1622.39
blend,1790404284.53,-10.042,-12.897,1622.45
blend,1790404285.04,-10.144,-12.902,1622.40
blend,1790404285.50,-10.144,-12.902,1620.87
blend,1790404286.02,-10.145,-12.902,1605.69
blend,1790404286.51,-10.143,-12.903,1590.77
blend,1790404287.00,-10.144,-12.902,1575.01
blend,1790404287.51,-10.144,-12.904,1558.98
blend,1790404288.01,-10.144,-12.904,1543.71
blend,1790404288.52,-10.144,-12.904,1528.27
blend,1790404289.03,-10.144,-12.904,1523.44
blend,1790404289.55,-10.144,-12.904,1522.81
blend,1790404290.01,-10.144,-12.904,1506.45
blend,1790404290.52,-10.144,-12.903,1485.14
blend,1790404291.04,-10.144,-12.903,1464.73
blend,1790404291.50,-10.145,-12.903,1452.63
blend,1790404292.02,-10.146,-12.903,1441.41
blend,1790404292.50,-10.144,-12.903,1439.77
blend,1790404293.01,-10.051,-12.902,1439.20
blend,1790404293.51,-9.876,-12.904,1439.33
blend,1790404294.02,-9.670,-12.907,1439.32
blend,1790404294.53,-9.465,-12.909,1439.45
blend,1790404295.05,-9.257,-12.911,1439.54
blend,1790404295.51,-9.072,-12.913,1439.60
blend,1790404296.02,-8.873,-12.914,1439.69
blend,1790404296.53,-8.666,-12.915,1439.78
blend,1790404297.05,-8.458,-12.916,1439.85
blend,1790404297.51,-8.271,-12.916,1439.89
blend,1790404298.00,-8.074,-12.916,1439.98
blend,1790404298.54,-7.857,-12.916,1440.03
blend,1790404299.05,-7.651,-12.916,1440.38
blend,1790404299.51,-7.482,-12.902,1452.27
blend,1790404300.02,-7.289,-12.853,1454.82
blend,1790404300.54,-7.088,-12.799,1455.05
blend,1790404301.05,-6.890,-12.746,1455.26
blend,1790404301.51,-6.713,-12.697,1455.38
blend,1790404302.02,-6.511,-12.642,1455.44
blend,1790404302.51,-6.325,-12.590,1454.78
blend,1790404303.05,-6.114,-12.549,1446.52
blend,1790404303.51,-5.934,-12.531,1445.35
blend,1790404304.03,-5.730,-12.512,1445.31
blend,1790404304.54,-5.526,-12.493,1445.23
blend,1790404305.00,-5.340,-12.476,1445.28
blend,1790404305.51,-5.135,-12.457,1445.32
blend,1790404306.03,-4.931,-12.438,1445.35
blend,1790404306.54,-4.729,-12.419,1445.39
blend,1790404307.00,-4.543,-12.401,1445.47
blend,1790404307.52,-4.339,-12.382,1445.55
blend,1790404308.03,-4.135,-12.362,1445.61
blend,1790404308.54,-3.931,-12.342,1445.68
blend,1790404309.00,-3.746,-12.323,1445.77
blend,1790404309.52,-3.541,-12.302,1445.79
blend,1790404310.03,-3.338,-12.282,1445.87
blend,1790404310.54,-3.136,-12.261,1445.98
blend,1790404311.00,-2.953,-12.241,1446.03
blend,1790404311.52,-2.746,-12.219,1446.09
blend,1790404312.03,-2.542,-12.201,1441.48
blend,1790404312.55,-2.337,-12.209,1435.78
blend,1790404313.02,-2.151,-12.223,1435.75
blend,1790404313.53,-1.946,-12.239,1435.71
blend,1790404314.00,-1.756,-12.253,1435.68
blend,1790404314.50,-1.560,-12.268,1435.73
blend,1790404315.01,-1.359,-12.282,1435.70
blend,1790404315.51,-1.173,-12.313,1425.81
blend,1790404316.03,-0.969,-12.365,1425.75
blend,1790404316.55,-0.768,-12.416,1425.78
blend,1790404317.01,-0.588,-12.461,1425.83
blend,1790404317.50,-0.398,-12.510,1425.80
blend,1790404318.00,-0.204,-12.559,1425.83
blend,1790404318.52,-0.003,-12.609,1425.91
blend,1790404319.04,0.199,-12.660,1425.98
blend,1790404319.51,0.379,-12.704,1426.04
blend,1790404320.03,0.581,-12.755,1426.14
blend,1790404320.54,0.783,-12.804,1426.20
blend,1790404321.01,0.964,-12.849,1426.24
blend,1790404321.53,1.162,-12.897,1426.32
blend,1790404322.05,1.369,-12.948,1426.38
blend,1790404322.51,1.548,-12.991,1426.41
blend,1790404323.03,1.750,-13.039,1426.49
blend,1790404323.50,1.933,-13.083,1426.54
blend,1790404324.02,2.134,-13.131,1426.64
blend,1790404324.54,2.336,-13.179,1426.73
blend,1790404325.01,2.517,-13.220,1428.09
blend,1790404325.50,2.705,-13.254,1431.93
blend,1790404326.05,2.923,-13.281,1434.02
blend,1790404326.51,3.103,-13.298,1435.40
blend,1790404327.03,3.313,-13.313,1435.88
blend,1790404327.55,3.519,-13.328,1435.96
blend,1790404328.02,3.704,-13.341,1436.19
blend,1790404328.50,3.895,-13.353,1436.28
blend,1790404329.00,4.099,-13.366,1436.41
blend,1790404329.52,4.306,-13.379,1436.54
blend,1790404330.04,4.513,-13.392,1436.58
blend,1790404330.51,4.701,-13.403,1436.66
blend,1790404331.00,4.896,-13.414,1436.77
blend,1790404331.51,5.095,-13.425,1436.93
blend,1790404332.01,5.303,-13.436,1437.02
blend,1790404332.53,5.506,-13.446,1437.05
blend,1790404333.00,5.692,-13.456,1437.16
blend,1790404333.51,5.888,-13.455,1447.83
blend,1790404334.03,6.054,-13.410,1464.18
blend,1790404334.55,6.201,-13.319,1480.48
blend,1790404335.01,6.307,-13.203,1495.93
blend,1790404335.53,6.387,-13.044,1509.73
blend,1790404336.04,6.442,-12.889,1510.61
blend,1790404336.55,6.521,-12.710,1499.18
blend,1790404337.02,6.628,-12.564,1486.77
blend,1790404337.54,6.769,-12.448,1470.94
blend,1790404338.01,6.914,-12.381,1457.25
blend,1790404338.51,7.080,-12.350,1443.61
blend,1790404339.02,7.276,-12.339,1442.59
blend,1790404339.54,7.484,-12.330,1442.43
blend,1790404340.05,7.687,-12.321,1442.52
blend,1790404340.51,7.872,-12.313,1442.48
blend,1790404341.02,8.076,-12.305,1442.49
blend,1790404341.54,8.283,-12.295,1442.68
blend,1790404342.00,8.467,-12.287,1442.69
blend,1790404342.51,8.673,-12.280,1438.54
blend,1790404343.03,8.879,-12.290,1437.14
blend,1790404343.50,8.993,-12.296,1436.96
blend,1790404344.02,8.994,-12.296,1436.99
blend,1790404344.54,8.994,-12.296,1436.99
blend,1790404345.00,8.994,-12.296,1436.98
blend,1790404345.52,8.994,-12.296,1436.98
blend,1790404346.04,8.981,-12.295,1436.93
blend,1790404346.51,8.978,-12.295,1436.95
blend,1790404347.03,8.979,-12.295,1430.40
blend,1790404347.50,8.978,-12.295,1420.84
blend,1790404348.01,8.978,-12.295,1410.48
blend,1790404348.53,8.977,-12.295,1399.93
blend,1790404349.04,8.977,-12.295,1388.93
blend,1790404349.50,8.978,-12.296,1379.52
blend,1790404350.01,8.978,-12.296,1369.65
blend,1790404350.51,8.978,-12.296,1359.67
blend,1790404351.02,8.978,-12.294,1349.55
blend,1790404351.53,8.978,-12.298,1348.00
blend,1790404352.00,8.977,-12.321,1347.92
blend,1790404352.55,8.975,-12.387,1347.88
blend,1790404353.00,8.973,-12.424,1347.94
blend,1790404353.52,8.973,-12.424,1347.65
blend,1790404354.03,8.973,-12.423,1334.55
blend,1790404354.54,8.973,-12.423,1320.04
blend,1790404355.00,8.972,-12.425,1314.92
blend,1790404355.52,8.941,-12.471,1314.79
blend,1790404356.04,8.908,-12.515,1309.15
blend,1790404356.50,8.902,-12.521,1299.34
blend,1790404357.02,8.883,-12.537,1299.24
blend,1790404357.54,8.790,-12.613,1298.97
blend,1790404358.00,8.720,-12.669,1299.05
blend,1790404358.50,8.719,-12.670,1299.07
blend,1790404359.03,8.719,-12.670,1288.26
blend,1790404359.54,8.719,-12.670,1281.24
blend,1790404360.00,8.625,-12.708,1281.09
blend,1790404360.51,8.484,-12.762,1281.12
blend,1790404361.02,8.359,-12.811,1281.15
blend,1790404361.53,8.226,-12.862,1281.09
blend,1790404362.04,8.092,-12.913,1281.15
blend,1790404362.50,7.967,-12.962,1281.16
blend,1790404363.01,7.829,-13.015,1281.23
blend,1790404363.52,7.689,-13.070,1281.23
blend,1790404364.00,7.560,-13.120,1281.25
blend,1790404364.54,7.413,-13.177,1281.30
blend,1790404365.00,7.290,-13.225,1281.36
blend,1790404365.51,7.154,-13.278,1281.37
blend,1790404366.02,7.053,-13.312,1271.04
blend,1790404366.53,6.948,-13.321,1261.38
blend,1790404367.04,6.777,-13.326,1261.29
blend,1790404367.50,6.617,-13.329,1261.23
blend,1790404368.01,6.423,-13.334,1261.35
blend,1790404368.50,6.233,-13.338,1261.38
blend,1790404369.03,6.018,-13.343,1261.40
blend,1790404369.50,5.832,-13.348,1261.49
blend,1790404370.05,5.611,-13.354,1261.57
blend,1790404370.51,5.428,-13.359,1261.66
blend,1790404371.02,5.222,-13.365,1261.71
blend,1790404371.53,5.022,-13.371,1261.63
blend,1790404372.04,4.821,-13.375,1261.01
blend,1790404372.55,4.619,-13.378,1260.55
blend,1790404373.01,4.485,-13.379,1260.24
blend,1790404373.51,4.469,-13.379,1260.41
blend,1790404374.02,4.414,-13.380,1260.20
blend,1790404374.53,4.227,-13.381,1260.22
blend,1790404375.04,4.022,-13.381,1260.26
blend,1790404375.50,3.841,-13.382,1260.35
blend,1790404376.01,3.637,-13.384,1260.38
blend,1790404376.52,3.434,-13.385,1260.42
blend,1790404377.03,3.232,-13.387,1260.49
blend,1790404377.54,3.023,-13.389,1260.58
blend,1790404378.05,2.820,-13.391,1260.64
blend,1790404378.51,2.640,-13.393,1260.72
blend,1790404379.02,2.433,-13.396,1260.79
blend,1790404379.53,2.230,-13.398,1260.83
blend,1790404380.04,2.026,-13.402,1260.90
blend,1790404380.50,1.840,-13.405,1260.97
blend,1790404381.01,1.639,-13.408,1261.03
blend,1790404381.52,1.435,-13.412,1261.10
blend,1790404382.03,1.229,-13.416,1261.15
blend,1790404382.54,1.027,-13.410,1253.35
blend,1790404383.00,0.847,-13.389,1253.47
blend,1790404383.52,0.639,-13.365,1253.50
blend,1790404384.04,0.434,-13.342,1253.46
blend,1790404384.55,0.229,-13.319,1253.51
blend,1790404385.02,0.044,-13.298,1253.55
blend,1790404385.53,-0.161,-13.275,1253.62
blend,1790404386.00,-0.347,-13.254,1253.72
blend,1790404386.51,-0.551,-13.232,1253.80
blend,1790404387.03,-0.756,-13.209,1253.85
blend,1790404387.54,-0.960,-13.188,1253.94
blend,1790404388.01,-1.092,-13.173,1253.74
blend,1790404388.52,-1.280,-13.153,1253.90
blend,1790404389.04,-1.443,-13.136,1253.87
blend,1790404389.50,-1.445,-13.136,1253.89
blend,1790404390.02,-1.445,-13.136,1250.41
blend,1790404390.50,-1.445,-13.136,1235.19
blend,1790404391.05,-1.448,-13.134,1230.20
blend,1790404391.50,-1.560,-13.070,1229.79
blend,1790404392.03,-1.581,-13.057,1229.03
blend,1790404392.54,-1.581,-13.058,1224.35
blend,1790404393.05,-1.581,-13.058,1219.21
blend,1790404393.51,-1.581,-13.057,1212.13
blend,1790404394.02,-1.582,-13.057,1203.12
blend,1790404394.52,-1.582,-13.057,1194.28
blend,1790404395.02,-1.581,-13.058,1190.53
blend,1790404395.53,-1.608,-12.989,1190.20
blend,1790404396.04,-1.653,-12.865,1190.09
blend,1790404396.54,-1.698,-12.742,1190.10
blend,1790404397.05,-1.741,-12.623,1190.10
blend,1790404397.50,-1.780,-12.517,1190.19
blend,1790404398.01,-1.814,-12.424,1189.89
blend,1790404398.52,-1.836,-12.354,1183.09
blend,1790404399.02,-1.856,-12.253,1180.27
blend,1790404399.53,-1.886,-12.082,1178.19
blend,1790404400.04,-1.894,-11.949,1169.97
blend,1790404400.54,-1.895,-11.762,1169.93
blend,1790404401.05,-1.894,-11.557,1169.90
blend,1790404401.50,-1.894,-11.377,1169.92
blend,1790404402.01,-1.894,-11.174,1170.03
blend,1790404402.52,-1.894,-10.971,1170.10
blend,1790404403.02,-1.894,-10.770,1170.13
blend,1790404403.50,-1.895,-10.580,1170.27
blend,1790404404.04,-1.896,-10.362,1170.33
blend,1790404404.54,-1.897,-10.160,1170.38
blend,1790404405.05,-1.899,-9.961,1170.47
blend,1790404405.50,-1.901,-9.777,1170.56
blend,1790404406.01,-1.903,-9.575,1170.64
blend,1790404406.52,-1.905,-9.372,1170.73
blend,1790404407.00,-1.907,-9.179,1169.63
blend,1790404407.54,-1.896,-8.968,1165.06
blend,1790404408.05,-1.879,-8.765,1165.04
blend,1790404408.51,-1.863,-8.581,1165.04
blend,1790404409.02,-1.845,-8.375,1165.07
blend,1790404409.53,-1.828,-8.175,1165.07
blend,1790404410.05,-1.810,-7.973,1165.12
blend,1790404410.51,-1.795,-7.785,1165.24
blend,1790404411.02,-1.778,-7.581,1165.28
blend,1790404411.53,-1.761,-7.372,1165.36
blend,1790404412.04,-1.744,-7.168,1165.43
blend,1790404412.50,-1.730,-6.984,1165.49
blend,1790404413.02,-1.714,-6.780,1165.56
blend,1790404413.53,-1.698,-6.573,1165.60
blend,1790404414.04,-1.682,-6.371,1165.75
blend,1790404414.50,-1.669,-6.186,1165.80
blend,1790404415.02,-1.654,-5.980,1165.89
blend,1790404415.53,-1.639,-5.776,1165.97
blend,1790404416.04,-1.625,-5.570,1166.09
blend,1790404416.50,-1.613,-5.390,1166.13
blend,1790404417.01,-1.599,-5.186,1166.19
blend,1790404417.52,-1.585,-4.982,1166.33
blend,1790404418.04,-1.572,-4.776,1166.34
blend,1790404418.55,-1.559,-4.571,1166.43
blend,1790404419.01,-1.548,-4.386,1166.53
blend,1790404419.52,-1.536,-4.183,1166.59
blend,1790404420.04,-1.524,-3.979,1166.68
blend,1790404420.55,-1.512,-3.772,1166.74
blend,1790404421.01,-1.502,-3.591,1166.84
blend,1790404421.52,-1.490,-3.382,1166.90
blend,1790404422.03,-1.479,-3.178,1167.02
blend,1790404422.54,-1.469,-2.972,1167.13
blend,1790404423.01,-1.460,-2.788,1167.16
blend,1790404423.50,-1.450,-2.591,1167.27
blend,1790404424.03,-1.440,-2.381,1167.34
blend,1790404424.54,-1.431,-2.178,1167.51
blend,1790404425.00,-1.423,-1.990,1167.53
blend,1790404425.52,-1.414,-1.786,1167.60
blend,1790404426.03,-1.406,-1.581,1167.71
blend,1790404426.54,-1.398,-1.376,1167.77
blend,1790404427.05,-1.390,-1.175,1167.85
blend,1790404427.51,-1.383,-0.990,1167.90
blend,1790404428.02,-1.376,-0.784,1168.01
blend,1790404428.54,-1.369,-0.579,1168.03
blend,1790404429.00,-1.362,-0.396,1167.63
blend,1790404429.51,-1.351,-0.193,1166.04
blend,1790404430.02,-1.337,0.010,1165.97
blend,1790404430.51,-1.323,0.204,1165.89
blend,1790404431.05,-1.307,0.421,1165.95
blend,1790404431.51,-1.294,0.602,1166.00
blend,1790404432.02,-1.280,0.806,1166.01
blend,1790404432.53,-1.266,1.013,1166.16
blend,1790404433.04,-1.252,1.217,1166.18
blend,1790404433.50,-1.240,1.400,1166.22
blend,1790404434.02,-1.227,1.605,1166.31
blend,1790404434.53,-1.214,1.809,1166.40
blend,1790404435.04,-1.201,2.014,1166.49
blend,1790404435.50,-1.191,2.177,1166.35
blend,1790404436.01,-1.190,2.192,1166.43
blend,1790404436.53,-1.190,2.192,1165.46
blend,1790404437.04,-1.190,2.197,1162.40
blend,1790404437.50,-1.187,2.215,1159.34
blend,1790404438.01,-1.179,2.249,1152.75
blend,1790404438.53,-1.155,2.313,1145.34
blend,1790404439.04,-1.101,2.415,1139.48
blend,1790404439.51,-1.040,2.509,1134.02
blend,1790404440.00,-0.963,2.605,1128.31
blend,1790404440.54,-0.865,2.705,1122.13
blend,1790404441.01,-0.774,2.778,1115.52
blend,1790404441.53,-0.664,2.848,1108.10
blend,1790404442.04,-0.548,2.901,1100.75
blend,1790404442.50,-0.440,2.936,1094.23
blend,1790404443.00,-0.320,2.959,1087.37
blend,1790404443.53,-0.199,2.968,1080.02
blend,1790404444.00,-0.132,2.965,1076.83
blend,1790404444.50,-0.102,2.964,1076.28
blend,1790404445.03,0.073,2.953,1076.40
blend,1790404445.50,0.120,2.949,1076.42
blend,1790404446.02,0.120,2.949,1070.58
blend,1790404446.54,0.119,2.950,1060.36
blend,1790404447.01,0.088,2.960,1060.28
blend,1790404447.53,-0.040,3.006,1060.33
blend,1790404448.05,-0.174,3.053,1062.80
blend,1790404448.52,-0.296,3.082,1070.15
blend,1790404449.03,-0.421,3.104,1070.30
blend,1790404449.55,-0.554,3.126,1070.49
blend,1790404450.02,-0.682,3.146,1072.46
blend,1790404450.54,-0.817,3.160,1075.59
blend,1790404451.01,-0.930,3.167,1077.10
blend,1790404451.52,-1.035,3.172,1077.23
blend,1790404452.04,-1.134,3.177,1077.34
blend,1790404452.51,-1.217,3.181,1077.40
blend,1790404453.03,-1.302,3.185,1076.83
blend,1790404453.55,-1.331,3.186,1076.82
blend,1790404454.01,-1.331,3.186,1076.82
blend,1790404454.53,-1.331,3.186,1076.83
blend,1790404455.05,-1.331,3.186,1076.82
blend,1790404455.52,-1.331,3.186,1076.83
blend,1790404456.04,-1.331,3.186,1076.85
blend,1790404456.50,-1.331,3.186,1076.84
blend,1790404457.02,-1.331,3.186,1076.83
blend,1790404457.54,-1.331,3.186,1076.82
blend,1790404458.00,-1.331,3.186,1076.84
blend,1790404458.52,-1.331,3.186,1076.84
blend,1790404459.04,-1.331,3.186,1076.82
blend,1790404459.50,-1.331,3.186,1076.82
blend,1790404460.02,-1.331,3.186,1076.82
blend,1790404460.54,-1.331,3.186,1076.81
blend,1790404461.01,-1.331,3.186,1076.81
blend,1790404461.53,-1.331,3.186,1076.81
blend,1790404462.00,-1.331,3.186,1076.81
blend,1790404462.51,-1.331,3.186,1076.81
blend,1790404463.03,-1.331,3.186,1076.81
blend,1790404463.55,-1.331,3.186,1076.82
blend,1790404464.02,-1.331,3.186,1076.81
blend,1790404464.53,-1.331,3.186,1076.82
blend,1790404465.00,-1.331,3.186,1076.82
blend,1790404465.52,-1.331,3.186,1076.81
blend,1790404466.04,-1.331,3.186,1076.82
blend,1790404466.50,-1.331,3.186,1076.81
blend,1790404467.02,-1.331,3.186,1076.82
blend,1790404467.50,-1.331,3.186,1076.82
blend,1790404468.01,-1.331,3.186,1076.82
blend,1790404468.52,-1.331,3.186,1076.82
blend,1790404469.04,-1.331,3.186,1076.82
blend,1790404469.51,-1.331,3.186,1076.82
blend,1790404470.03,-1.331,3.186,1076.83
blend,1790404470.54,-1.331,3.186,1076.82
blend,1790404471.01,-1.331,3.186,1076.83
blend,1790404471.53,-1.331,3.186,1076.83
blend,1790404472.05,-1.331,3.186,1076.82
blend,1790404472.51,-1.331,3.186,1076.81
blend,1790404473.00,-1.331,3.186,1076.83
blend,1790404473.55,-1.331,3.186,1076.83
blend,1790404474.02,-1.331,3.186,1076.82
blend,1790404474.53,-1.331,3.186,1076.81
blend,1790404475.00,-1.331,3.186,1076.81
blend,1790404475.52,-1.331,3.186,1076.80
blend,1790404476.04,-1.331,3.186,1076.80
blend,1790404476.50,-1.331,3.186,1076.79
blend,1790404477.02,-1.331,3.186,1076.76
blend,1790404477.54,-1.331,3.186,1076.77
blend,1790404478.01,-1.331,3.186,1076.76
blend,1790404478.50,-1.331,3.186,1076.77
blend,1790404479.04,-1.331,3.186,1076.77
blend,1790404479.51,-1.331,3.186,1076.76
blend,1790404480.03,-1.331,3.186,1076.76
blend,1790404480.50,-1.331,3.186,1076.75
blend,1790404481.01,-1.331,3.186,1076.74
blend,1790404481.53,-1.331,3.186,1076.75
blend,1790404482.05,-1.331,3.186,1076.74
blend,1790404482.51,-1.331,3.186,1076.73
blend,1790404483.03,-1.331,3.186,1076.75
blend,1790404483.55,-1.331,3.186,1076.76
blend,1790404484.00,-1.331,3.186,1076.77
blend,1790404484.53,-1.331,3.186,1076.76
blend,1790404485.00,-1.331,3.186,1076.76
blend,1790404485.52,-1.331,3.186,1076.79
blend,1790404486.04,-1.331,3.186,1076.79
blend,1790404486.50,-1.331,3.186,1076.80
blend,1790404487.02,-1.331,3.186,1076.82
blend,1790404487.54,-1.331,3.186,1076.81
blend,1790404488.00,-1.331,3.186,1076.80
blend,1790404488.52,-1.331,3.186,1076.80
blend,1790404489.04,-1.331,3.186,1076.79
blend,1790404489.50,-1.331,3.186,1076.79
blend,1790404490.03,-1.331,3.186,1076.79
blend,1790404490.54,-1.331,3.186,1076.79
blend,1790404491.01,-1.331,3.186,1076.79
blend,1790404491.53,-1.331,3.186,1076.79
blend,1790404492.05,-1.331,3.186,1076.78
blend,1790404492.51,-1.331,3.186,1076.77
blend,1790404493.03,-1.331,3.186,1076.76
blend,1790404493.55,-1.331,3.186,1076.77
blend,1790404494.01,-1.331,3.186,1076.78
blend,1790404494.53,-1.331,3.186,1076.78
blend,1790404495.00,-1.331,3.186,1076.78
blend,1790404495.52,-1.331,3.186,1076.78
blend,1790404496.04,-1.331,3.186,1076.78
blend,1790404496.50,-1.331,3.186,1076.77
blend,1790404497.02,-1.331,3.186,1076.77
blend,1790404497.54,-1.331,3.186,1076.78
blend,1790404498.00,-1.331,3.186,1076.77
blend,1790404498.52,-1.331,3.186,1076.77
blend,1790404499.04,-1.331,3.186,1076.77
blend,1790404499.51,-1.331,3.186,1076.78
blend,1790404500.02,-1.331,3.186,1076.78
blend,1790404500.50,-1.331,3.186,1076.78
blend,1790404501.01,-1.331,3.186,1076.79
blend,1790404501.53,-1.331,3.186,1076.80
blend,1790404502.04,-1.331,3.186,1076.80
blend,1790404502.51,-1.331,3.186,1076.79
blend,1790404503.03,-1.331,3.186,1076.79
blend,1790404503.55,-1.331,3.186,1076.79
blend,1790404504.01,-1.331,3.186,1076.78
blend,1790404504.53,-1.331,3.186,1076.78
blend,1790404505.05,-1.331,3.186,1076.79
blend,1790404505.52,-1.331,3.186,1076.79
blend,1790404506.00,-1.331,3.186,1076.80
blend,1790404506.50,-1.331,3.186,1076.82
blend,1790404507.02,-1.331,3.186,1076.81
blend,1790404507.54,-1.331,3.186,1076.80
blend,1790404508.00,-1.331,3.186,1076.81
blend,1790404508.52,-1.331,3.186,1076.80
blend,1790404509.04,-1.331,3.186,1076.81
blend,1790404509.51,-1.331,3.186,1076.81
blend,1790404510.02,-1.331,3.186,1076.81
blend,1790404510.54,-1.331,3.186,1076.80
blend,1790404511.01,-1.331,3.186,1076.80
blend,1790404511.50,-1.331,3.186,1076.82
blend,1790404512.04,-1.331,3.186,1076.82
blend,1790404512.51,-1.331,3.186,1076.82
blend,1790404513.03,-1.331,3.186,1076.82
blend,1790404513.55,-1.331,3.186,1076.81
blend,1790404514.01,-1.331,3.186,1076.81
blend,1790404514.53,-1.331,3.186,1076.82
blend,1790404515.05,-1.331,3.186,1076.83
blend,1790404515.52,-1.331,3.186,1076.83
blend,1790404516.03,-1.331,3.186,1076.83
blend,1790404516.55,-1.331,3.186,1076.83
blend,1790404517.00,-1.331,3.186,1076.84
blend,1790404517.54,-1.331,3.186,1076.84
blend,1790404518.00,-1.331,3.186,1076.85
blend,1790404518.52,-1.331,3.186,1076.85
blend,1790404519.04,-1.331,3.186,1076.85
blend,1790404519.50,-1.331,3.186,1076.86
blend,1790404520.02,-1.331,3.186,1076.85
blend,1790404520.54,-1.331,3.186,1076.86
blend,1790404521.01,-1.331,3.186,1076.86
blend,1790404521.51,-1.331,3.186,1076.86
blend,1790404522.04,-1.331,3.186,1076.86
blend,1790404522.50,-1.331,3.186,1076.85
blend,1790404523.03,-1.331,3.186,1076.85
blend,1790404523.55,-1.331,3.186,1076.86
blend,1790404524.01,-1.331,3.186,1076.85
blend,1790404524.53,-1.331,3.186,1076.84
blend,1790404525.05,-1.331,3.186,1076.85
blend,1790404525.52,-1.331,3.186,1076.85
blend,1790404526.03,-1.331,3.186,1076.84
blend,1790404526.50,-1.331,3.186,1076.84
blend,1790404527.02,-1.331,3.186,1076.84
blend,1790404527.54,-1.331,3.186,1076.85
blend,1790404528.00,-1.331,3.186,1076.86
blend,1790404528.52,-1.331,3.186,1076.85
blend,1790404529.04,-1.331,3.186,1076.85
blend,1790404529.51,-1.331,3.186,1076.84
blend,1790404530.02,-1.331,3.186,1076.84
blend,1790404530.54,-1.331,3.186,1076.83
blend,1790404531.01,-1.331,3.186,1076.82
blend,1790404531.53,-1.331,3.186,1076.82
blend,1790404532.04,-1.331,3.186,1076.81
blend,1790404532.51,-1.331,3.186,1076.82
blend,1790404533.03,-1.331,3.186,1076.82
blend,1790404533.50,-1.331,3.186,1076.82
blend,1790404534.01,-1.331,3.186,1076.83
blend,1790404534.53,-1.331,3.186,1076.84
blend,1790404535.05,-1.331,3.186,1076.84
blend,1790404535.52,-1.331,3.186,1076.85
blend,1790404536.03,-1.331,3.186,1076.84
blend,1790404536.50,-1.331,3.186,1076.85
blend,1790404537.02,-1.331,3.186,1076.84
blend,1790404537.54,-1.331,3.186,1076.84
blend,1790404538.00,-1.331,3.186,1076.84
blend,1790404538.52,-1.331,3.186,1076.85
blend,1790404539.00,-1.331,3.186,1076.85
blend,1790404539.51,-1.331,3.186,1076.85
blend,1790404540.02,-1.331,3.186,1076.85
blend,1790404540.55,-1.331,3.186,1076.87
blend,1790404541.01,-1.331,3.186,1076.86
blend,1790404541.53,-1.331,3.186,1076.86
blend,1790404542.05,-1.331,3.186,1076.87
blend,1790404542.51,-1.331,3.186,1076.87
blend,1790404543.03,-1.331,3.186,1076.88
blend,1790404543.55,-1.331,3.186,1076.88
blend,1790404544.01,-1.331,3.186,1076.88
blend,1790404544.51,-1.331,3.186,1076.89
blend,1790404545.05,-1.331,3.186,1076.89
blend,1790404545.52,-1.331,3.186,1076.88
blend,1790404546.04,-1.331,3.186,1076.88
blend,1790404546.50,-1.331,3.186,1076.87
blend,1790404547.02,-1.331,3.186,1076.86
blend,1790404547.54,-1.331,3.186,1076.87
blend,1790404548.00,-1.331,3.186,1076.86
blend,1790404548.52,-1.331,3.186,1076.87
blend,1790404549.00,-1.331,3.186,1076.88
blend,1790404549.51,-1.331,3.186,1076.87
blend,1790404550.01,-1.331,3.186,1076.87
blend,1790404550.54,-1.331,3.186,1076.88
blend,1790404551.01,-1.331,3.186,1076.87
blend,1790404551.51,-1.331,3.186,1076.89
blend,1790404552.05,-1.331,3.186,1076.88
blend,1790404552.51,-1.331,3.186,1076.88
blend,1790404553.03,-1.331,3.186,1076.89
blend,1790404553.55,-1.331,3.186,1076.90
blend,1790404554.01,-1.331,3.186,1076.90
blend,1790404554.50,-1.331,3.186,1076.89
blend,1790404555.05,-1.331,3.186,1076.89
blend,1790404555.50,-1.331,3.186,1076.91
blend,1790404556.04,-1.331,3.186,1076.90
blend,1790404556.50,-1.331,3.186,1076.90
blend,1790404557.02,-1.331,3.186,1076.91
blend,1790404557.54,-1.331,3.186,1076.90
blend,1790404558.00,-1.331,3.186,1076.89
blend,1790404558.52,-1.331,3.186,1076.90
blend,1790404559.04,-1.331,3.186,1076.90
blend,1790404559.51,-1.331,3.186,1076.89
blend,1790404560.02,-1.331,3.186,1076.88
blend,1790404560.54,-1.331,3.186,1076.89
blend,1790404561.00,-1.331,3.186,1076.89
blend,1790404561.53,-1.331,3.186,1076.89
blend,1790404562.05,-1.331,3.186,1076.88
blend,1790404562.51,-1.331,3.186,1076.88
blend,1790404563.03,-1.331,3.186,1076.86
blend,1790404563.55,-1.331,3.186,1076.88
blend,1790404564.02,-1.331,3.186,1076.87
blend,1790404564.53,-1.331,3.186,1076.86
blend,1790404565.05,-1.331,3.186,1076.87
blend,1790404565.50,-1.331,3.186,1076.88
blend,1790404566.04,-1.331,3.186,1076.87
blend,1790404566.50,-1.331,3.186,1076.87
blend,1790404567.02,-1.331,3.186,1076.86
blend,1790404567.54,-1.331,3.186,1076.87
blend,1790404568.00,-1.331,3.186,1076.87
blend,1790404568.52,-1.331,3.186,1076.87
blend,1790404569.04,-1.331,3.186,1076.86
blend,1790404569.51,-1.331,3.186,1076.86
blend,1790404570.03,-1.331,3.186,1076.85
blend,1790404570.60,-1.331,3.186,1076.85
blend,1790404571.01,-1.331,3.186,1076.84
blend,1790404571.53,-1.331,3.186,1076.83
blend,1790404572.00,-1.331,3.186,1076.83
blend,1790404572.51,-1.331,3.186,1076.82
blend,1790404573.08,-1.331,3.186,1076.82
blend,1790404573.55,-1.331,3.186,1076.82
blend,1790404574.02,-1.331,3.186,1076.82
blend,1790404574.53,-1.331,3.186,1076.82
blend,1790404575.00,-1.331,3.186,1076.81
blend,1790404575.52,-1.331,3.186,1076.83
blend,1790404576.04,-1.331,3.186,1076.82
blend,1790404576.50,-1.331,3.186,1076.83
blend,1790404577.02,-1.331,3.186,1076.83
blend,1790404577.50,-1.331,3.186,1076.82
blend,1790404578.01,-1.331,3.186,1076.82
blend,1790404578.52,-1.331,3.186,1076.83
blend,1790404579.04,-1.331,3.186,1076.82
blend,1790404579.51,-1.331,3.186,1076.82
blend,1790404580.03,-1.331,3.186,1076.82
blend,1790404580.55,-1.331,3.186,1076.82
blend,1790404581.01,-1.331,3.186,1076.83
blend,1790404581.53,-1.331,3.186,1076.82
blend,1790404582.05,-1.331,3.186,1076.83
blend,1790404582.51,-1.331,3.186,1076.83
blend,1790404583.00,-1.331,3.186,1076.83
blend,1790404583.55,-1.331,3.186,1076.83
blend,1790404584.02,-1.331,3.186,1076.84
blend,1790404584.54,-1.331,3.186,1076.84
blend,1790404585.00,-1.331,3.186,1076.85
blend,1790404585.52,-1.331,3.186,1076.85
blend,1790404586.04,-1.331,3.186,1076.87
blend,1790404586.50,-1.331,3.186,1076.86
blend,1790404587.02,-1.331,3.186,1076.87
blend,1790404587.50,-1.331,3.186,1076.86
blend,1790404588.01,-1.331,3.186,1076.86
blend,1790404588.50,-1.331,3.186,1076.85
blend,1790404589.04,-1.331,3.186,1076.83
blend,1790404589.51,-1.331,3.186,1076.85
blend,1790404590.03,-1.331,3.186,1076.85
blend,1790404590.55,-1.331,3.186,1076.85
blend,1790404591.01,-1.331,3.186,1076.84
blend,1790404591.53,-1.331,3.186,1076.85
blend,1790404592.05,-1.331,3.186,1076.85
blend,1790404592.52,-1.331,3.186,1076.85
blend,1790404593.00,-1.331,3.186,1076.83
blend,1790404593.50,-1.331,3.186,1076.83
blend,1790404594.00,-1.331,3.186,1076.83
blend,1790404594.54,-1.331,3.186,1076.83
blend,1790404595.00,-1.331,3.186,1076.83
blend,1790404595.52,-1.331,3.186,1076.83
blend,1790404596.04,-1.331,3.186,1076.83
blend,1790404596.51,-1.331,3.186,1076.83
blend,1790404597.03,-1.331,3.186,1076.83
blend,1790404597.54,-1.331,3.186,1076.82
blend,1790404598.01,-1.331,3.186,1076.82
blend,1790404598.50,-1.331,3.186,1076.82
blend,1790404599.05,-1.331,3.186,1076.82
blend,1790404599.50,-1.331,3.186,1076.81
blend,1790404600.03,-1.331,3.186,1076.81
blend,1790404600.55,-1.331,3.186,1076.79
blend,1790404601.02,-1.331,3.186,1076.79
blend,1790404601.53,-1.331,3.186,1076.78
blend,1790404602.00,-1.331,3.186,1076.77
blend,1790404602.52,-1.331,3.186,1076.76
blend,1790404603.04,-1.331,3.186,1076.76
blend,1790404603.50,-1.331,3.186,1076.76
blend,1790404604.02,-1.331,3.186,1076.75
blend,1790404604.54,-1.331,3.186,1076.74
blend,1790404605.00,-1.331,3.186,1076.73
blend,1790404605.52,-1.331,3.186,1076.72
blend,1790404606.04,-1.331,3.186,1076.71
blend,1790404606.51,-1.331,3.186,1076.71
blend,1790404607.03,-1.331,3.186,1076.73
blend,1790404607.55,-1.331,3.186,1076.72
blend,1790404608.01,-1.331,3.186,1076.73
blend,1790404608.53,-1.331,3.186,1076.72
blend,1790404609.05,-1.331,3.186,1076.71
blend,1790404609.50,-1.331,3.186,1076.71
blend,1790404610.03,-1.331,3.186,1076.71
blend,1790404610.50,-1.331,3.186,1076.71
blend,1790404611.02,-1.331,3.186,1076.72
blend,1790404611.54,-1.331,3.186,1076.72
blend,1790404612.00,-1.331,3.186,1076.72
blend,1790404612.52,-1.331,3.186,1076.72
blend,1790404613.04,-1.331,3.186,1076.72
blend,1790404613.51,-1.331,3.186,1076.72
blend,1790404614.00,-1.331,3.186,1076.72
blend,1790404614.54,-1.331,3.186,1076.73
blend,1790404615.01,-1.331,3.186,1076.75
blend,1790404615.53,-1.331,3.186,1076.75
blend,1790404616.00,-1.331,3.186,1076.75
blend,1790404616.51,-1.331,3.186,1076.75
blend,1790404617.03,-1.331,3.186,1076.74
blend,1790404617.55,-1.331,3.186,1076.75
blend,1790404618.01,-1.331,3.186,1076.75
blend,1790404618.53,-1.331,3.186,1076.75
blend,1790404619.05,-1.331,3.186,1076.75
blend,1790404619.52,-1.331,3.186,1076.74
blend,1790404620.04,-1.331,3.186,1076.73
blend,1790404620.50,-1.331,3.186,1076.73
blend,1790404621.02,-1.331,3.186,1076.73
blend,1790404621.50,-1.331,3.186,1076.72
blend,1790404622.00,-1.331,3.186,1076.73
blend,1790404622.52,-1.331,3.186,1076.73
blend,1790404623.04,-1.331,3.186,1076.73
blend,1790404623.51,-1.331,3.186,1076.73
blend,1790404624.03,-1.331,3.186,1076.72
blend,1790404624.54,-1.331,3.186,1076.72
blend,1790404625.01,-1.331,3.186,1076.72
blend,1790404625.53,-1.331,3.186,1076.71
blend,1790404626.00,-1.331,3.186,1076.70
blend,1790404626.51,-1.331,3.186,1076.70
blend,1790404627.00,-1.331,3.186,1076.70
blend,1790404627.51,-1.331,3.186,1076.71
blend,1790404628.02,-1.331,3.186,1076.72
blend,1790404628.53,-1.331,3.186,1076.71
blend,1790404629.00,-1.331,3.186,1076.71
blend,1790404629.52,-1.331,3.186,1076.71
blend,1790404630.00,-1.331,3.186,1076.72
blend,1790404630.50,-1.331,3.186,1076.72
blend,1790404631.02,-1.331,3.186,1076.71
blend,1790404631.50,-1.331,3.186,1076.71
blend,1790404632.01,-1.331,3.186,1076.71
blend,1790404632.50,-1.331,3.186,1076.71
blend,1790404633.04,-1.331,3.186,1076.72
blend,1790404633.51,-1.331,3.186,1076.70
blend,1790404634.03,-1.331,3.186,1076.70
blend,1790404634.55,-1.331,3.186,1076.70
blend,1790404635.01,-1.331,3.186,1076.71
blend,1790404635.53,-1.331,3.186,1076.72
blend,1790404636.05,-1.331,3.186,1076.72
blend,1790404636.52,-1.331,3.186,1076.74
blend,1790404637.00,-1.331,3.186,1076.74
blend,1790404637.50,-1.331,3.186,1076.75
blend,1790404638.02,-1.331,3.186,1076.76
blend,1790404638.54,-1.331,3.186,1076.76
blend,1790404639.01,-1.331,3.186,1076.76
blend,1790404639.52,-1.331,3.186,1076.76
blend,1790404640.04,-1.331,3.186,1076.76
blend,1790404640.51,-1.331,3.186,1076.77
blend,1790404641.03,-1.331,3.186,1076.77
blend,1790404641.54,-1.331,3.186,1076.76
blend,1790404642.01,-1.331,3.186,1076.76
blend,1790404642.53,-1.331,3.186,1076.76
blend,1790404643.05,-1.331,3.186,1076.77
blend,1790404643.51,-1.331,3.186,1076.75
blend,1790404644.03,-1.331,3.186,1076.75
blend,1790404644.55,-1.331,3.186,1076.75
blend,1790404645.02,-1.331,3.186,1076.76
blend,1790404645.53,-1.331,3.186,1076.76
blend,1790404646.00,-1.331,3.186,1076.75
blend,1790404646.52,-1.331,3.186,1076.75
blend,1790404647.04,-1.331,3.186,1076.75
blend,1790404647.51,-1.331,3.186,1076.75
blend,1790404648.00,-1.331,3.186,1076.77
blend,1790404648.54,-1.331,3.186,1076.76
blend,1790404649.01,-1.331,3.186,1076.76
blend,1790404649.53,-1.331,3.186,1076.75
blend,1790404650.04,-1.331,3.186,1076.74
blend,1790404650.51,-1.331,3.186,1076.74
blend,1790404651.03,-1.331,3.186,1076.74
blend,1790404651.55,-1.331,3.186,1076.73
blend,1790404652.01,-1.331,3.186,1076.72
blend,1790404652.53,-1.331,3.186,1076.71
blend,1790404653.05,-1.331,3.186,1076.72
blend,1790404653.50,-1.331,3.186,1076.73
blend,1790404654.03,-1.331,3.186,1076.73
blend,1790404654.50,-1.331,3.186,1076.74
blend,1790404655.02,-1.331,3.186,1076.72
blend,1790404655.54,-1.331,3.186,1076.72
blend,1790404656.00,-1.331,3.186,1076.72
blend,1790404656.52,-1.331,3.186,1076.71
blend,1790404657.04,-1.331,3.186,1076.70
blend,1790404657.51,-1.331,3.186,1076.70
blend,1790404658.03,-1.331,3.186,1076.70
blend,1790404658.54,-1.331,3.186,1076.70
blend,1790404659.00,-1.331,3.186,1076.70
blend,1790404659.53,-1.331,3.186,1076.70
blend,1790404660.05,-1.331,3.186,1076.68
blend,1790404660.51,-1.331,3.186,1076.67
blend,1790404661.03,-1.331,3.186,1076.68
blend,1790404661.55,-1.331,3.186,1076.69
blend,1790404662.02,-1.331,3.186,1076.68
blend,1790404662.53,-1.331,3.186,1076.69
blend,1790404663.00,-1.331,3.186,1076.69
blend,1790404663.52,-1.331,3.186,1076.68
blend,1790404664.04,-1.331,3.186,1076.68
blend,1790404664.50,-1.331,3.186,1076.67
blend,1790404665.02,-1.331,3.186,1076.67
blend,1790404665.50,-1.331,3.186,1076.68
blend,1790404666.01,-1.331,3.186,1076.68
blend,1790404666.53,-1.331,3.186,1076.67
blend,1790404667.04,-1.331,3.186,1076.66
blend,1790404667.51,-1.331,3.186,1076.64
blend,1790404668.03,-1.331,3.186,1076.64
blend,1790404668.55,-1.331,3.186,1076.64
blend,1790404669.01,-1.331,3.186,1076.63
blend,1790404669.53,-1.331,3.186,1076.63
blend,1790404670.00,-1.331,3.186,1076.65
blend,1790404670.52,-1.331,3.186,1076.66
blend,1790404671.03,-1.331,3.186,1076.66
blend,1790404671.50,-1.331,3.186,1076.66
blend,1790404672.02,-1.331,3.186,1076.67
robot,1790403225.41,-0.000,0.000,0.00
robot,1790403225.51,-0.000,0.000,0.00
robot,1790403226.01,-0.000,0.000,0.02
robot,1790403226.51,-0.000,0.000,0.03
robot,1790403227.01,-0.000,0.000,0.03
robot,1790403227.51,-0.000,0.000,0.03
robot,1790403228.01,-0.000,0.000,0.03
robot,1790403228.51,-0.000,0.000,0.03
robot,1790403229.01,-0.000,0.000,0.03
robot,1790403229.51,-0.000,0.000,0.02
robot,1790403230.01,-0.000,0.000,0.04
robot,1790403230.51,-0.000,0.000,0.04
robot,1790403231.01,-0.000,0.000,0.06
robot,1790403231.51,-0.000,0.000,0.05
robot,1790403232.01,-0.000,0.000,0.04
robot,1790403232.51,-0.000,0.000,0.04
robot,1790403233.01,-0.000,0.000,0.07
robot,1790403233.51,-0.000,0.000,0.05
robot,1790403234.01,-0.000,0.000,0.06
robot,1790403234.51,-0.000,0.000,0.07
robot,1790403235.01,-0.000,0.000,0.06
robot,1790403235.51,-0.000,0.000,0.08
robot,1790403236.01,-0.000,0.000,0.08
robot,1790403236.51,-0.000,0.000,0.07
robot,1790403237.01,-0.000,0.000,0.07
robot,1790403237.51,-0.000,0.000,0.06
robot,1790403238.01,-0.000,0.000,0.06
robot,1790403238.51,-0.000,0.000,0.07
robot,1790403239.01,-0.000,0.000,0.07
robot,1790403239.51,-0.000,0.000,0.08
robot,1790403240.01,-0.000,0.000,0.08
robot,1790403240.51,-0.000,0.000,0.08
robot,1790403241.01,-0.000,0.000,0.08
robot,1790403241.51,-0.000,0.000,0.06
robot,1790403242.01,-0.000,0.000,0.09
robot,1790403242.51,-0.000,0.000,0.10
robot,1790403243.01,-0.000,0.000,0.10
robot,1790403243.51,-0.000,0.000,0.10
robot,1790403244.01,-0.000,0.000,0.09
robot,1790403244.51,-0.000,0.000,0.09
robot,1790403245.01,-0.000,0.000,0.08
robot,1790403245.51,-0.000,0.000,0.10
robot,1790403246.01,-0.000,0.000,0.10
robot,1790403246.51,-0.000,0.000,0.09
robot,1790403247.01,-0.000,0.000,0.11
robot,1790403247.51,-0.000,0.000,0.11
robot,1790403248.01,-0.000,0.000,0.12
robot,1790403248.51,-0.000,0.000,0.12
robot,1790403249.01,-0.000,0.000,0.12
robot,1790403249.51,-0.000,0.000,0.13
robot,1790403250.01,-0.000,0.000,0.14
robot,1790403250.51,-0.000,0.000,0.14
robot,1790403251.01,-0.000,0.000,0.15
robot,1790403251.51,-0.000,0.000,0.15
robot,1790403252.01,-0.000,0.000,0.16
robot,1790403252.51,-0.000,0.000,0.17
robot,1790403253.01,-0.000,0.000,0.17
robot,1790403253.51,-0.000,0.000,0.16
robot,1790403254.01,-0.000,0.000,0.16
robot,1790403254.51,-0.000,0.000,0.15
robot,1790403255.01,-0.000,0.000,0.16
robot,1790403255.51,-0.000,0.000,0.17
robot,1790403256.01,-0.000,0.000,0.16
robot,1790403256.51,-0.000,0.000,0.17
robot,1790403257.01,-0.000,0.000,0.17
robot,1790403257.51,-0.000,0.000,0.17
robot,1790403258.01,-0.000,0.000,0.17
robot,1790403258.51,-0.000,0.000,0.18
robot,1790403259.01,-0.000,0.000,0.18
robot,1790403259.51,-0.000,0.000,0.19
robot,1790403260.01,-0.000,0.000,0.22
robot,1790403260.51,-0.000,0.000,0.22
robot,1790403261.01,-0.000,0.000,0.21
robot,1790403261.51,-0.000,0.000,0.20
robot,1790403262.01,-0.000,0.000,0.20
robot,1790403262.51,-0.000,0.000,0.21
robot,1790403263.01,-0.000,0.000,0.20
robot,1790403263.51,-0.000,0.000,0.20
robot,1790403264.01,-0.000,0.000,0.21
robot,1790403264.51,-0.000,0.000,0.21
robot,1790403265.01,-0.000,0.000,0.21
robot,1790403265.51,-0.000,0.000,0.21
robot,1790403266.01,-0.000,0.000,0.22
robot,1790403266.51,-0.000,0.000,0.21
robot,1790403267.01,-0.000,0.000,0.22
robot,1790403267.51,-0.000,0.000,0.22
robot,1790403268.01,-0.000,0.000,0.23
robot,1790403268.51,-0.000,0.000,0.23
robot,1790403269.01,-0.000,0.000,0.22
robot,1790403269.51,-0.000,0.000,0.20
robot,1790403270.01,-0.000,0.000,0.20
robot,1790403270.51,-0.000,0.000,0.21
robot,1790403271.01,-0.000,0.000,0.22
robot,1790403271.51,-0.000,0.000,0.20
robot,1790403272.01,-0.000,0.000,0.20
robot,1790403272.51,-0.000,0.000,0.19
robot,1790403273.01,-0.000,0.000,0.18
robot,1790403273.51,-0.000,0.000,0.18
robot,1790403274.01,-0.000,0.000,0.16
robot,1790403274.51,-0.000,0.000,0.17
robot,1790403275.01,-0.000,0.000,0.17
robot,1790403275.51,-0.000,0.000,0.17
robot,1790403276.01,-0.000,0.000,0.17
robot,1790403276.51,-0.000,0.000,0.17
robot,1790403277.01,-0.000,0.000,0.18
robot,1790403277.51,-0.000,0.000,0.17
robot,1790403278.01,-0.000,0.000,0.17
robot,1790403278.51,-0.000,0.000,0.18
robot,1790403279.01,-0.000,0.000,0.19
robot,1790403279.51,-0.000,0.000,0.18
robot,1790403280.01,-0.000,0.000,0.18
robot,1790403280.51,-0.000,0.000,0.18
robot,1790403281.01,-0.000,0.000,0.19
robot,1790403281.51,-0.000,0.000,0.21
robot,1790403282.01,-0.000,0.000,0.23
robot,1790403282.51,-0.000,0.000,0.24
robot,1790403283.01,-0.000,0.000,0.25
robot,1790403283.51,-0.000,0.000,0.25
robot,1790403284.01,-0.000,0.000,0.27
robot,1790403284.51,-0.000,0.000,0.27
robot,1790403285.01,-0.000,0.000,0.29
robot,1790403285.51,-0.000,0.000,0.27
robot,1790403286.01,-0.000,0.000,0.27
robot,1790403286.51,-0.000,0.000,0.26
robot,1790403287.01,-0.000,0.000,0.27
robot,1790403287.51,-0.000,0.000,0.29
robot,1790403288.01,-0.000,0.000,0.30
robot,1790403288.51,-0.000,0.000,0.31
robot,1790403289.01,-0.000,0.000,0.31
robot,1790403289.51,-0.000,0.000,0.31
robot,1790403290.01,-0.000,0.000,0.33
robot,1790403290.51,-0.000,0.000,0.34
robot,1790403291.01,-0.000,0.000,0.36
robot,1790403291.51,-0.000,0.000,0.36
robot,1790403292.01,-0.000,0.000,0.34
robot,1790403292.51,-0.000,0.000,0.35
robot,1790403293.01,-0.000,0.000,0.35
robot,1790403293.51,-0.000,0.000,0.34
robot,1790403294.01,-0.000,0.000,0.35
robot,1790403294.51,-0.000,0.000,0.36
robot,1790403295.01,-0.000,0.000,0.36
robot,1790403295.51,-0.000,0.000,0.37
robot,1790403296.01,-0.000,0.000,0.37
robot,1790403296.51,-0.000,0.000,0.38
robot,1790403297.01,-0.000,0.000,0.39
robot,1790403297.51,-0.000,0.000,0.39
robot,1790403298.01,-0.000,0.000,0.40
robot,1790403298.51,-0.000,0.000,0.40
robot,1790403299.01,-0.000,0.000,0.40
robot,1790403299.51,-0.000,0.000,0.42
robot,1790403300.01,-0.000,0.000,0.41
robot,1790403300.51,-0.000,0.000,0.43
robot,1790403301.01,-0.000,0.000,0.42
robot,1790403301.51,-0.000,0.000,0.42
robot,1790403302.01,-0.000,0.000,0.44
robot,1790403302.51,-0.000,0.000,0.45
robot,1790403303.01,-0.000,0.000,0.47
robot,1790403303.51,-0.000,0.000,0.47
robot,1790403304.01,-0.000,0.000,0.50
robot,1790403304.51,-0.000,0.000,0.51
robot,1790403305.01,-0.000,0.000,0.51
robot,1790403305.51,-0.000,0.000,0.50
robot,1790403306.01,-0.000,0.000,0.50
robot,1790403306.51,-0.000,0.000,0.49
robot,1790403307.01,-0.000,0.000,0.49
robot,1790403307.51,-0.000,0.000,0.50
robot,1790403308.01,-0.000,0.000,0.50
robot,1790403308.51,-0.000,0.000,0.51
robot,1790403309.01,-0.000,0.000,0.50
robot,1790403309.51,-0.000,0.000,0.49
robot,1790403310.01,-0.000,0.000,0.48
robot,1790403310.51,-0.000,0.000,0.48
robot,1790403311.01,-0.000,0.000,0.48
robot,1790403311.51,-0.000,0.000,0.48
robot,1790403312.01,-0.000,0.000,0.50
robot,1790403312.51,-0.000,0.000,0.50
robot,1790403313.01,-0.000,0.000,0.51
robot,1790403313.51,-0.000,0.000,0.52
robot,1790403314.01,-0.000,0.000,0.55
robot,1790403314.51,-0.000,0.000,0.55
robot,1790403315.01,-0.000,0.000,0.56
robot,1790403315.51,-0.000,0.000,0.57
robot,1790403316.01,-0.000,0.000,0.56
robot,1790403316.51,-0.000,0.000,0.55
robot,1790403317.01,-0.000,0.000,0.57
robot,1790403317.51,-0.000,0.000,0.57
robot,1790403318.01,-0.000,0.000,0.58
robot,1790403318.51,-0.000,0.000,0.59
robot,1790403319.01,-0.000,0.000,0.59
robot,1790403319.51,-0.000,0.000,0.59
robot,1790403320.01,-0.000,0.000,0.60
robot,1790403320.51,-0.000,0.000,0.61
robot,1790403321.01,-0.000,0.000,0.60
robot,1790403321.51,-0.000,0.000,0.62
robot,1790403322.01,-0.000,0.000,0.60
robot,1790403322.51,-0.000,0.000,0.61
robot,1790403323.01,-0.000,0.000,0.61
robot,1790403323.51,-0.000,0.000,0.62
robot,1790403324.01,-0.000,0.000,0.63
robot,1790403324.51,-0.000,0.000,0.63
robot,1790403325.01,-0.000,0.000,0.62
robot,1790403325.51,-0.000,0.000,0.61
robot,1790403326.01,-0.000,0.000,0.61
robot,1790403326.51,-0.000,0.000,0.61
robot,1790403327.01,-0.000,0.000,0.61
robot,1790403327.51,-0.000,0.000,0.60
robot,1790403328.01,-0.000,0.000,0.62
robot,1790403328.51,-0.000,0.000,0.61
robot,1790403329.01,-0.000,0.000,0.60
robot,1790403329.51,-0.000,0.000,0.61
robot,1790403330.01,-0.000,0.000,0.61
robot,1790403330.51,-0.000,0.000,0.61
robot,1790403331.01,-0.000,0.000,0.61
robot,1790403331.51,-0.000,0.000,0.63
robot,1790403332.01,-0.000,0.000,0.62
robot,1790403332.51,-0.000,0.000,0.62
robot,1790403333.01,-0.000,0.000,0.64
robot,1790403333.51,-0.000,0.000,0.64
robot,1790403334.01,-0.000,0.000,0.64
robot,1790403334.51,-0.000,0.000,0.64
robot,1790403335.01,-0.000,0.000,0.66
robot,1790403335.51,-0.000,0.000,0.67
robot,1790403336.01,-0.000,0.000,0.67
robot,1790403336.51,-0.000,0.000,0.68
robot,1790403337.01,-0.000,0.000,0.69
robot,1790403337.51,-0.000,0.000,0.70
robot,1790403338.01,-0.000,0.000,0.71
robot,1790403338.51,-0.000,0.000,0.71
robot,1790403339.01,-0.000,0.000,0.73
robot,1790403339.51,-0.000,0.000,0.74
robot,1790403340.01,-0.000,0.000,0.74
robot,1790403340.51,-0.000,0.000,0.75
robot,1790403341.01,-0.000,0.000,0.75
robot,1790403341.51,-0.000,0.000,0.74
robot,1790403342.01,-0.000,0.000,0.73
robot,1790403342.51,-0.000,0.000,0.71
robot,1790403343.01,-0.000,0.000,0.70
robot,1790403343.51,-0.000,0.000,0.70
robot,1790403344.01,-0.000,0.000,0.69
robot,1790403344.51,-0.000,0.000,0.69
robot,1790403345.01,-0.000,0.000,0.70
robot,1790403345.51,-0.000,0.000,0.72
robot,1790403346.01,-0.000,0.000,0.73
robot,1790403346.51,-0.000,0.000,0.73
robot,1790403347.01,-0.000,0.000,0.75
robot,1790403347.51,-0.000,0.000,0.76
robot,1790403348.01,-0.000,0.000,0.77
robot,1790403348.51,-0.000,0.000,0.75
robot,1790403349.01,-0.000,0.000,0.76
robot,1790403349.51,-0.000,0.000,0.76
robot,1790403350.01,-0.000,0.000,0.77
robot,1790403350.51,-0.000,0.000,0.78
robot,1790403351.01,-0.000,0.000,0.79
robot,1790403351.51,-0.000,0.000,0.79
robot,1790403352.01,-0.000,0.000,0.80
robot,1790403352.51,-0.000,0.000,0.79
robot,1790403353.01,-0.000,0.000,0.79
robot,1790403353.51,-0.000,0.000,0.81
robot,1790403354.01,-0.000,0.000,0.82
robot,1790403354.51,-0.000,0.000,0.82
robot,1790403355.01,-0.000,0.000,0.82
robot,1790403355.51,-0.000,0.000,0.81
robot,1790403356.01,-0.000,0.000,0.81
robot,1790403356.51,-0.000,0.000,0.82
robot,1790403357.01,-0.000,0.000,0.84
robot,1790403357.51,-0.000,0.000,0.85
robot,1790403358.01,-0.000,0.000,0.85
robot,1790403358.51,-0.000,0.000,0.85
robot,1790403359.01,-0.000,0.000,0.87
robot,1790403359.51,-0.000,0.000,0.86
robot,1790403360.01,-0.000,0.000,0.86
robot,1790403360.51,-0.000,0.000,0.87
robot,1790403361.01,-0.000,0.000,0.88
robot,1790403361.51,-0.000,0.000,0.90
robot,1790403362.01,-0.000,0.000,0.91
robot,1790403362.51,-0.000,0.000,0.92
robot,1790403363.01,-0.000,0.000,0.92
robot,1790403363.51,-0.000,0.000,0.92
robot,1790403364.01,-0.000,0.000,0.94
robot,1790403364.51,-0.000,0.000,0.94
robot,1790403365.01,-0.000,0.000,0.96
robot,1790403365.51,-0.000,0.000,0.95
robot,1790403366.01,-0.000,0.000,0.95
robot,1790403366.51,-0.000,0.000,0.97
robot,1790403367.01,-0.000,0.000,0.97
robot,1790403367.51,-0.000,0.000,0.98
robot,1790403368.01,-0.000,0.000,0.99
robot,1790403368.51,-0.000,0.000,0.98
robot,1790403369.01,-0.000,0.000,0.98
robot,1790403369.51,-0.000,0.000,0.97
robot,1790403370.01,-0.000,0.000,0.96
robot,1790403370.51,-0.000,0.000,0.96
robot,1790403371.01,-0.000,0.000,0.94
robot,1790403371.51,-0.000,0.000,0.94
robot,1790403372.01,-0.000,0.000,0.94
robot,1790403372.51,-0.000,0.000,0.94
robot,1790403373.01,0.002,0.000,0.85
robot,1790403373.51,0.108,0.002,0.86
robot,1790403374.01,0.248,0.004,0.96
robot,1790403374.51,0.402,0.006,0.94
robot,1790403375.01,0.563,0.009,0.96
robot,1790403375.51,0.719,0.012,1.01
robot,1790403376.01,0.868,0.014,1.00
robot,1790403376.51,0.896,0.015,1.06
robot,1790403377.01,0.896,0.015,1.08
robot,1790403377.51,0.896,0.015,1.10
robot,1790403378.01,0.896,0.015,1.12
robot,1790403378.51,0.896,0.015,1.14
robot,1790403379.01,0.896,0.015,1.16
robot,1790403379.51,0.896,0.015,1.17
robot,1790403380.01,0.942,0.016,1.16
robot,1790403380.51,1.079,0.019,1.21
robot,1790403381.01,1.226,0.022,1.30
robot,1790403381.51,1.381,0.025,1.32
robot,1790403382.01,1.546,0.029,1.42
robot,1790403382.51,1.712,0.034,1.50
robot,1790403383.01,1.874,0.038,1.58
robot,1790403383.51,1.968,0.040,1.55
robot,1790403384.01,1.969,0.040,1.60
robot,1790403384.51,1.970,0.040,1.58
robot,1790403385.01,2.059,0.043,1.61
robot,1790403385.51,2.198,0.047,1.67
robot,1790403386.01,2.336,0.051,1.70
robot,1790403386.51,2.479,0.055,1.76
robot,1790403387.01,2.617,0.060,1.82
robot,1790403387.51,2.756,0.064,1.89
robot,1790403388.01,2.903,0.069,1.95
robot,1790403388.51,3.047,0.074,2.01
robot,1790403389.01,3.194,0.079,2.07
robot,1790403389.51,3.338,0.085,2.13
robot,1790403390.01,3.484,0.090,2.17
robot,1790403390.51,3.628,0.096,2.22
robot,1790403391.01,3.773,0.101,2.29
robot,1790403391.51,3.918,0.107,2.34
robot,1790403392.01,4.062,0.113,2.35
robot,1790403392.51,4.209,0.119,2.41
robot,1790403393.01,4.354,0.125,2.48
robot,1790403393.51,4.499,0.132,2.54
robot,1790403394.01,4.644,0.138,2.62
robot,1790403394.51,4.788,0.145,2.65
robot,1790403395.01,4.932,0.152,2.73
robot,1790403395.51,5.078,0.159,2.74
robot,1790403396.01,5.223,0.166,2.79
robot,1790403396.51,5.369,0.173,2.87
robot,1790403397.01,5.514,0.181,2.93
robot,1790403397.51,5.663,0.188,2.99
robot,1790403398.01,5.804,0.196,3.03
robot,1790403398.51,5.951,0.204,3.13
robot,1790403399.01,6.094,0.212,3.18
robot,1790403399.51,6.240,0.220,3.25
robot,1790403400.01,6.384,0.228,3.31
robot,1790403400.51,6.529,0.236,3.34
robot,1790403401.01,6.674,0.245,3.41
robot,1790403401.51,6.818,0.254,3.46
robot,1790403402.01,6.963,0.262,3.54
robot,1790403402.51,7.107,0.271,3.60
robot,1790403403.01,7.252,0.281,3.67
robot,1790403403.51,7.397,0.290,3.78
robot,1790403404.01,7.542,0.300,3.81
robot,1790403404.51,7.687,0.309,3.87
robot,1790403405.01,7.833,0.319,3.87
robot,1790403405.51,7.976,0.329,3.93
robot,1790403406.01,8.121,0.339,3.99
robot,1790403406.51,8.265,0.349,4.06
robot,1790403407.01,8.411,0.360,4.13
robot,1790403407.51,8.556,0.370,4.15
robot,1790403408.01,8.701,0.381,4.24
robot,1790403408.51,8.844,0.391,4.26
robot,1790403409.01,8.990,0.402,4.30
robot,1790403409.51,9.134,0.413,4.38
robot,1790403410.01,9.277,0.424,4.42
robot,1790403410.51,9.422,0.436,4.51
robot,1790403411.01,9.565,0.447,4.57
robot,1790403411.51,9.713,0.459,4.66
robot,1790403412.01,9.858,0.471,4.72
robot,1790403412.51,9.942,0.478,4.68
robot,1790403413.01,9.943,0.478,4.68
robot,1790403413.51,9.943,0.478,4.69
robot,1790403414.01,9.943,0.478,4.70
robot,1790403414.51,9.943,0.478,4.72
robot,1790403415.01,9.943,0.478,4.73
robot,1790403415.51,9.943,0.478,4.73
robot,1790403416.01,9.943,0.478,4.75
robot,1790403416.51,9.943,0.478,4.75
robot,1790403417.01,9.943,0.478,4.76
robot,1790403417.51,9.943,0.478,4.76
robot,1790403418.01,9.978,0.481,4.76
robot,1790403418.51,10.120,0.493,4.77
robot,1790403419.01,10.174,0.497,4.75
robot,1790403419.51,10.174,0.497,4.74
robot,1790403420.01,10.174,0.497,4.75
robot,1790403420.51,10.174,0.497,4.76
robot,1790403421.01,10.238,0.502,4.67
robot,1790403421.51,10.355,0.512,4.74
robot,1790403422.01,10.424,0.518,4.74
robot,1790403422.51,10.424,0.518,4.74
robot,1790403423.01,10.424,0.518,4.75
robot,1790403423.51,10.424,0.518,4.75
robot,1790403424.01,10.424,0.518,4.76
robot,1790403424.51,10.424,0.518,4.77
robot,1790403425.01,10.426,0.518,4.69
robot,1790403425.51,10.543,0.528,4.79
robot,1790403426.01,10.688,0.540,4.74
robot,1790403426.51,10.719,0.542,4.78
robot,1790403427.01,10.719,0.542,4.79
robot,1790403427.51,10.719,0.542,4.80
robot,1790403428.01,10.719,0.542,4.81
robot,1790403428.51,10.719,0.542,4.83
robot,1790403429.01,10.719,0.542,4.87
robot,1790403429.51,10.719,0.542,4.87
robot,1790403430.01,10.726,0.543,4.88
robot,1790403430.51,10.856,0.554,4.99
robot,1790403431.01,11.027,0.569,4.91
robot,1790403431.51,11.043,0.570,4.99
robot,1790403432.01,11.043,0.570,4.99
robot,1790403432.51,11.043,0.570,4.99
robot,1790403433.01,11.043,0.570,4.97
robot,1790403433.51,11.136,0.578,5.08
robot,1790403434.01,11.263,0.590,5.08
robot,1790403434.51,11.268,0.590,5.07
robot,1790403435.01,11.268,0.590,5.08
robot,1790403435.51,11.268,0.590,5.08
robot,1790403436.01,11.268,0.590,5.08
robot,1790403436.51,11.268,0.590,5.06
robot,1790403437.01,11.268,0.590,5.06
robot,1790403437.51,11.354,0.598,5.08
robot,1790403438.01,11.486,0.609,5.03
robot,1790403438.51,11.499,0.611,5.10
robot,1790403439.01,11.499,0.611,5.12
robot,1790403439.51,11.499,0.611,5.11
robot,1790403440.01,11.499,0.611,5.12
robot,1790403440.51,11.499,0.611,5.13
robot,1790403441.01,11.499,0.611,5.13
robot,1790403441.51,11.499,0.611,5.13
robot,1790403442.01,11.499,0.611,5.14
robot,1790403442.51,11.499,0.611,5.14
robot,1790403443.01,11.499,0.611,5.97
robot,1790403443.51,11.500,0.611,12.73
robot,1790403444.01,11.500,0.611,20.41
robot,1790403444.51,11.499,0.610,28.14
robot,1790403445.01,11.498,0.610,35.98
robot,1790403445.51,11.499,0.610,43.86
robot,1790403446.01,11.499,0.610,43.94
robot,1790403446.51,11.499,0.610,43.93
robot,1790403447.01,11.498,0.610,50.71
robot,1790403447.51,11.499,0.610,64.25
robot,1790403448.01,11.499,0.610,77.73
robot,1790403448.51,11.498,0.610,87.59
robot,1790403449.01,11.498,0.610,87.54
robot,1790403449.51,11.498,0.610,87.54
robot,1790403450.01,11.498,0.610,87.61
robot,1790403450.51,11.499,0.607,103.10
robot,1790403451.01,11.503,0.597,118.73
robot,1790403451.51,11.505,0.594,123.74
robot,1790403452.01,11.505,0.593,123.68
robot,1790403452.51,11.505,0.593,123.67
robot,1790403453.01,11.505,0.593,123.67
robot,1790403453.51,11.550,0.526,123.89
robot,1790403454.01,11.626,0.413,123.84
robot,1790403454.51,11.682,0.329,123.94
robot,1790403455.01,11.684,0.327,123.96
robot,1790403455.51,11.684,0.327,123.96
robot,1790403456.01,11.684,0.327,123.96
robot,1790403456.51,11.684,0.327,123.99
robot,1790403457.01,11.684,0.327,124.02
robot,1790403457.51,11.684,0.327,124.04
robot,1790403458.01,11.688,0.321,130.77
robot,1790403458.51,11.698,0.311,135.09
robot,1790403459.01,11.698,0.310,135.07
robot,1790403459.51,11.698,0.310,135.07
robot,1790403460.01,11.699,0.310,135.05
robot,1790403460.51,11.699,0.310,135.04
robot,1790403461.01,11.699,0.310,135.03
robot,1790403461.51,11.699,0.310,135.03
robot,1790403462.01,11.699,0.310,135.24
robot,1790403462.51,11.698,0.311,144.22
robot,1790403463.01,11.699,0.310,145.44
robot,1790403463.51,11.699,0.310,145.42
robot,1790403464.01,11.699,0.310,145.41
robot,1790403464.51,11.699,0.310,145.43
robot,1790403465.01,11.700,0.310,150.97
robot,1790403465.51,11.700,0.310,161.80
robot,1790403466.01,11.700,0.309,168.06
robot,1790403466.51,11.700,0.309,167.99
robot,1790403467.01,11.700,0.309,167.97
robot,1790403467.51,11.700,0.309,167.97
robot,1790403468.01,11.700,0.309,167.94
robot,1790403468.51,11.700,0.309,167.98
robot,1790403469.01,11.700,0.310,177.71
robot,1790403469.51,11.700,0.310,182.09
robot,1790403470.01,11.701,0.310,182.05
robot,1790403470.51,11.701,0.310,182.05
robot,1790403471.01,11.701,0.310,182.06
robot,1790403471.51,11.701,0.310,182.06
robot,1790403472.01,11.701,0.310,182.07
robot,1790403472.51,11.701,0.310,182.06
robot,1790403473.01,11.680,0.309,182.25
robot,1790403473.51,11.544,0.303,182.34
robot,1790403474.01,11.391,0.297,182.46
robot,1790403474.51,11.234,0.290,182.59
robot,1790403475.01,11.080,0.283,182.66
robot,1790403475.51,10.925,0.276,182.72
robot,1790403476.01,10.776,0.269,182.78
robot,1790403476.51,10.626,0.261,182.86
robot,1790403477.01,10.559,0.258,182.91
robot,1790403477.51,10.559,0.258,182.91
robot,1790403478.01,10.559,0.258,182.91
robot,1790403478.51,10.559,0.258,182.93
robot,1790403479.01,10.559,0.258,182.93
robot,1790403479.51,10.559,0.258,182.91
robot,1790403480.01,10.559,0.258,182.88
robot,1790403480.51,10.560,0.258,176.24
robot,1790403481.01,10.559,0.258,176.84
robot,1790403481.51,10.559,0.258,176.85
robot,1790403482.01,10.559,0.258,176.86
robot,1790403482.51,10.559,0.258,176.86
robot,1790403483.01,10.559,0.258,176.88
robot,1790403483.51,10.559,0.258,176.88
robot,1790403484.01,10.559,0.258,176.88
robot,1790403484.51,10.559,0.258,176.87
robot,1790403485.01,10.558,0.258,176.73
robot,1790403485.51,10.438,0.265,176.44
robot,1790403486.01,10.279,0.275,176.41
robot,1790403486.51,10.113,0.286,176.41
robot,1790403487.01,9.945,0.296,176.50
robot,1790403487.51,9.774,0.306,176.59
robot,1790403488.01,9.605,0.316,176.61
robot,1790403488.51,9.434,0.326,176.69
robot,1790403489.01,9.265,0.336,176.78
robot,1790403489.51,9.097,0.345,176.86
robot,1790403490.01,8.927,0.355,176.88
robot,1790403490.51,8.757,0.364,177.00
robot,1790403491.01,8.586,0.373,177.05
robot,1790403491.51,8.417,0.382,177.05
robot,1790403492.01,8.246,0.390,177.15
robot,1790403492.51,8.077,0.399,177.22
robot,1790403493.01,7.906,0.407,177.24
robot,1790403493.51,7.737,0.415,177.28
robot,1790403494.01,7.566,0.423,177.38
robot,1790403494.51,7.397,0.431,177.47
robot,1790403495.01,7.226,0.438,177.49
robot,1790403495.51,7.056,0.445,177.64
robot,1790403496.01,6.888,0.452,177.65
robot,1790403496.51,6.719,0.459,177.72
robot,1790403497.01,6.549,0.466,177.80
robot,1790403497.51,6.379,0.472,177.86
robot,1790403498.01,6.206,0.479,177.88
robot,1790403498.51,6.036,0.485,177.98
robot,1790403499.01,5.867,0.491,178.05
robot,1790403499.51,5.699,0.496,178.10
robot,1790403500.01,5.527,0.502,178.16
robot,1790403500.51,5.358,0.507,178.27
robot,1790403501.01,5.188,0.512,178.31
robot,1790403501.51,5.015,0.517,178.35
robot,1790403502.01,4.845,0.522,178.42
robot,1790403502.51,4.715,0.526,178.40
robot,1790403503.01,4.712,0.526,178.46
robot,1790403503.51,4.712,0.526,178.49
robot,1790403504.01,4.712,0.526,178.47
robot,1790403504.51,4.712,0.526,178.50
robot,1790403505.01,4.712,0.526,178.50
robot,1790403505.51,4.712,0.526,178.51
robot,1790403506.01,4.655,0.527,178.45
robot,1790403506.51,4.490,0.532,178.53
robot,1790403507.01,4.324,0.536,178.65
robot,1790403507.51,4.153,0.540,178.67
robot,1790403508.01,3.977,0.544,178.69
robot,1790403508.51,3.803,0.548,178.78
robot,1790403509.01,3.710,0.550,178.80
robot,1790403509.51,3.709,0.550,178.79
robot,1790403510.01,3.710,0.550,178.78
robot,1790403510.51,3.710,0.550,178.85
robot,1790403511.01,3.717,0.550,183.64
robot,1790403511.51,3.722,0.550,185.32
robot,1790403512.01,3.722,0.550,185.31
robot,1790403512.51,3.704,0.549,185.39
robot,1790403513.01,3.609,0.540,185.53
robot,1790403513.51,3.505,0.529,185.62
robot,1790403514.01,3.496,0.528,185.58
robot,1790403514.51,3.496,0.528,185.58
robot,1790403515.01,3.496,0.528,185.60
robot,1790403515.51,3.496,0.528,185.61
robot,1790403516.01,3.496,0.528,185.65
robot,1790403516.51,3.496,0.528,188.27
robot,1790403517.01,3.496,0.529,196.19
robot,1790403517.51,3.496,0.528,195.98
robot,1790403518.01,3.408,0.503,196.22
robot,1790403518.51,3.284,0.467,196.30
robot,1790403519.01,3.158,0.430,196.44
robot,1790403519.51,3.027,0.391,196.50
robot,1790403520.01,2.899,0.353,196.58
robot,1790403520.51,2.855,0.340,196.60
robot,1790403521.01,2.856,0.340,196.62
robot,1790403521.51,2.856,0.340,196.63
robot,1790403522.01,2.842,0.336,196.63
robot,1790403522.51,2.795,0.322,196.68
robot,1790403523.01,2.708,0.296,196.73
robot,1790403523.51,2.617,0.268,196.75
robot,1790403524.01,2.526,0.241,196.80
robot,1790403524.51,2.436,0.214,196.86
robot,1790403525.01,2.343,0.185,196.90
robot,1790403525.51,2.252,0.158,196.94
robot,1790403526.01,2.163,0.131,197.02
robot,1790403526.51,2.072,0.103,197.06
robot,1790403527.01,1.979,0.074,197.10
robot,1790403527.51,1.889,0.047,197.13
robot,1790403528.01,1.796,0.018,197.20
robot,1790403528.51,1.706,-0.010,197.22
robot,1790403529.01,1.620,-0.037,197.25
robot,1790403529.51,1.535,-0.063,197.29
robot,1790403530.01,1.454,-0.088,197.40
robot,1790403530.51,1.401,-0.105,197.41
robot,1790403531.01,1.400,-0.105,197.42
robot,1790403531.51,1.400,-0.105,197.41
robot,1790403532.01,1.400,-0.105,197.41
robot,1790403532.51,1.400,-0.105,197.39
robot,1790403533.01,1.327,-0.128,197.34
robot,1790403533.51,1.205,-0.166,197.41
robot,1790403534.01,1.080,-0.206,197.44
robot,1790403534.51,0.967,-0.241,197.50
robot,1790403535.01,0.917,-0.257,197.53
robot,1790403535.51,0.917,-0.257,197.84
robot,1790403536.01,0.918,-0.257,206.96
robot,1790403536.51,0.918,-0.256,216.71
robot,1790403537.01,0.918,-0.256,226.48
robot,1790403537.51,0.918,-0.256,236.23
robot,1790403538.01,0.917,-0.257,245.93
robot,1790403538.51,0.917,-0.257,252.63
robot,1790403539.01,0.917,-0.257,252.44
robot,1790403539.51,0.917,-0.257,252.43
robot,1790403540.01,0.917,-0.257,252.42
robot,1790403540.51,0.917,-0.257,252.41
robot,1790403541.01,0.917,-0.257,252.41
robot,1790403541.51,0.917,-0.257,252.41
robot,1790403542.01,0.917,-0.257,252.41
robot,1790403542.51,0.917,-0.257,252.40
robot,1790403543.01,0.917,-0.257,252.39
robot,1790403543.51,0.917,-0.257,252.39
robot,1790403544.01,0.917,-0.257,252.39
robot,1790403544.51,0.917,-0.257,252.40
robot,1790403545.01,0.917,-0.259,252.51
robot,1790403545.51,0.890,-0.343,252.56
robot,1790403546.01,0.846,-0.484,252.61
robot,1790403546.51,0.798,-0.638,252.89
robot,1790403547.01,0.748,-0.800,252.93
robot,1790403547.51,0.699,-0.962,253.03
robot,1790403548.01,0.649,-1.124,253.07
robot,1790403548.51,0.600,-1.286,253.23
robot,1790403549.01,0.551,-1.449,253.30
robot,1790403549.51,0.503,-1.611,253.35
robot,1790403550.01,0.454,-1.776,253.51
robot,1790403550.51,0.405,-1.939,253.47
robot,1790403551.01,0.357,-2.102,253.56
robot,1790403551.51,0.309,-2.266,253.68
robot,1790403552.01,0.270,-2.399,253.64
robot,1790403552.51,0.269,-2.403,253.65
robot,1790403553.01,0.269,-2.403,253.66
robot,1790403553.51,0.269,-2.403,253.68
robot,1790403554.01,0.269,-2.403,253.69
robot,1790403554.51,0.269,-2.403,253.70
robot,1790403555.01,0.269,-2.403,253.71
robot,1790403555.51,0.269,-2.403,253.74
robot,1790403556.01,0.269,-2.403,253.73
robot,1790403556.51,0.269,-2.403,253.75
robot,1790403557.01,0.269,-2.403,253.73
robot,1790403557.51,0.269,-2.403,253.74
robot,1790403558.01,0.269,-2.403,253.77
robot,1790403558.51,0.269,-2.403,253.76
robot,1790403559.01,0.278,-2.372,253.73
robot,1790403559.51,0.316,-2.242,253.79
robot,1790403560.01,0.355,-2.108,253.69
robot,1790403560.51,0.364,-2.079,253.78
robot,1790403561.01,0.364,-2.079,253.77
robot,1790403561.51,0.364,-2.079,253.79
robot,1790403562.01,0.364,-2.079,253.79
robot,1790403562.51,0.364,-2.079,253.79
robot,1790403563.01,0.364,-2.079,253.79
robot,1790403563.51,0.364,-2.079,253.79
robot,1790403564.01,0.364,-2.079,253.79
robot,1790403564.51,0.364,-2.079,253.79
robot,1790403565.01,0.364,-2.079,253.79
robot,1790403565.51,0.364,-2.079,253.81
robot,1790403566.01,0.364,-2.079,253.82
robot,1790403566.51,0.364,-2.079,253.84
robot,1790403567.01,0.364,-2.079,253.86
robot,1790403567.51,0.364,-2.079,253.84
robot,1790403568.01,0.364,-2.079,253.82
robot,1790403568.51,0.364,-2.079,253.82
robot,1790403569.01,0.364,-2.079,253.82
robot,1790403569.51,0.364,-2.079,253.83
robot,1790403570.01,0.364,-2.079,253.83
robot,1790403570.51,0.376,-2.035,253.84
robot,1790403571.01,0.403,-1.944,253.80
robot,1790403571.51,0.431,-1.849,253.73
robot,1790403572.01,0.469,-1.718,253.65
robot,1790403572.51,0.491,-1.641,253.73
robot,1790403573.01,0.491,-1.641,258.35
robot,1790403573.51,0.491,-1.641,266.46
robot,1790403574.01,0.491,-1.641,266.94
robot,1790403574.51,0.491,-1.641,266.94
robot,1790403575.01,0.491,-1.641,266.94
robot,1790403575.51,0.491,-1.641,266.94
robot,1790403576.01,0.491,-1.641,266.95
robot,1790403576.51,0.495,-1.570,267.08
robot,1790403577.01,0.502,-1.434,267.20
robot,1790403577.51,0.509,-1.295,267.19
robot,1790403578.01,0.516,-1.148,267.17
robot,1790403578.51,0.524,-0.992,267.18
robot,1790403579.01,0.531,-0.837,267.15
robot,1790403579.51,0.539,-0.682,267.12
robot,1790403580.01,0.547,-0.525,267.07
robot,1790403580.51,0.555,-0.371,267.00
robot,1790403581.01,0.563,-0.218,266.98
robot,1790403581.51,0.568,-0.130,266.96
robot,1790403582.01,0.568,-0.130,266.95
robot,1790403582.51,0.568,-0.131,270.92
robot,1790403583.01,0.567,-0.131,283.24
robot,1790403583.51,0.567,-0.130,295.67
robot,1790403584.01,0.567,-0.130,308.21
robot,1790403584.51,0.567,-0.130,320.43
robot,1790403585.01,0.568,-0.131,321.32
robot,1790403585.51,0.568,-0.131,321.29
robot,1790403586.01,0.568,-0.131,321.29
robot,1790403586.51,0.568,-0.131,321.29
robot,1790403587.01,0.566,-0.129,325.98
robot,1790403587.51,0.557,-0.124,333.58
robot,1790403588.01,0.547,-0.120,341.23
robot,1790403588.51,0.540,-0.118,348.78
robot,1790403589.01,0.531,-0.116,354.18
robot,1790403589.51,0.530,-0.116,354.06
robot,1790403590.01,0.530,-0.116,354.05
robot,1790403590.51,0.530,-0.116,354.04
robot,1790403591.01,0.529,-0.116,355.23
robot,1790403591.51,0.520,-0.116,361.73
robot,1790403592.01,0.510,-0.117,368.46
robot,1790403592.51,0.500,-0.119,375.31
robot,1790403593.01,0.490,-0.122,381.97
robot,1790403593.51,0.482,-0.126,389.16
robot,1790403594.01,0.473,-0.132,396.47
robot,1790403594.51,0.467,-0.137,404.00
robot,1790403595.01,0.461,-0.143,411.50
robot,1790403595.51,0.457,-0.148,418.91
robot,1790403596.01,0.454,-0.155,426.30
robot,1790403596.51,0.451,-0.162,433.72
robot,1790403597.01,0.450,-0.169,441.03
robot,1790403597.51,0.449,-0.177,448.18
robot,1790403598.01,0.449,-0.180,448.43
robot,1790403598.51,0.449,-0.180,448.40
robot,1790403599.01,0.449,-0.180,448.41
robot,1790403599.51,0.449,-0.180,448.41
robot,1790403600.01,0.449,-0.180,448.42
robot,1790403600.51,0.449,-0.180,448.43
robot,1790403601.01,0.449,-0.180,448.44
robot,1790403601.51,0.449,-0.180,448.43
robot,1790403602.01,0.449,-0.180,448.43
robot,1790403602.51,0.449,-0.180,448.43
robot,1790403603.01,0.449,-0.180,448.43
robot,1790403603.51,0.449,-0.180,448.43
robot,1790403604.01,0.449,-0.180,451.46
robot,1790403604.51,0.449,-0.182,454.85
robot,1790403605.01,0.449,-0.182,454.83
robot,1790403605.51,0.449,-0.182,454.83
robot,1790403606.01,0.449,-0.182,454.84
robot,1790403606.51,0.449,-0.182,454.83
robot,1790403607.01,0.449,-0.184,458.17
robot,1790403607.51,0.452,-0.194,470.19
robot,1790403608.01,0.457,-0.204,482.19
robot,1790403608.51,0.464,-0.214,494.18
robot,1790403609.01,0.473,-0.221,506.67
robot,1790403609.51,0.483,-0.226,517.93
robot,1790403610.01,0.485,-0.227,517.25
robot,1790403610.51,0.485,-0.227,517.25
robot,1790403611.01,0.484,-0.227,517.24
robot,1790403611.51,0.484,-0.227,517.23
robot,1790403612.01,0.484,-0.227,517.22
robot,1790403612.51,0.484,-0.227,517.23
robot,1790403613.01,0.484,-0.227,517.24
robot,1790403613.51,0.484,-0.227,517.24
robot,1790403614.01,0.485,-0.227,517.82
robot,1790403614.51,0.484,-0.227,523.96
robot,1790403615.01,0.485,-0.227,530.64
robot,1790403615.51,0.484,-0.227,537.24
robot,1790403616.01,0.484,-0.227,540.41
robot,1790403616.51,0.484,-0.227,540.40
robot,1790403617.01,0.484,-0.227,540.40
robot,1790403617.51,0.484,-0.227,540.41
robot,1790403618.01,0.484,-0.227,540.41
robot,1790403618.51,0.484,-0.227,540.40
robot,1790403619.01,0.485,-0.227,543.61
robot,1790403619.51,0.491,-0.225,557.10
robot,1790403620.01,0.501,-0.221,570.80
robot,1790403620.51,0.509,-0.215,584.64
robot,1790403621.01,0.515,-0.208,598.30
robot,1790403621.51,0.519,-0.199,607.65
robot,1790403622.01,0.519,-0.200,607.20
robot,1790403622.51,0.519,-0.200,607.28
robot,1790403623.01,0.520,-0.197,614.24
robot,1790403623.51,0.522,-0.187,624.01
robot,1790403624.01,0.522,-0.176,633.76
robot,1790403624.51,0.522,-0.172,636.39
robot,1790403625.01,0.522,-0.172,636.34
robot,1790403625.51,0.522,-0.172,636.32
robot,1790403626.01,0.522,-0.172,636.31
robot,1790403626.51,0.522,-0.172,636.32
robot,1790403627.01,0.522,-0.172,636.33
robot,1790403627.51,0.522,-0.172,636.33
robot,1790403628.01,0.522,-0.172,636.58
robot,1790403628.51,0.522,-0.171,639.83
robot,1790403629.01,0.522,-0.171,639.79
robot,1790403629.51,0.522,-0.171,639.77
robot,1790403630.01,0.522,-0.171,641.37
robot,1790403630.51,0.522,-0.171,649.99
robot,1790403631.01,0.521,-0.170,658.66
robot,1790403631.51,0.522,-0.170,667.35
robot,1790403632.01,0.521,-0.170,676.07
robot,1790403632.51,0.521,-0.170,684.85
robot,1790403633.01,0.522,-0.170,693.56
robot,1790403633.51,0.522,-0.170,702.38
robot,1790403634.01,0.522,-0.170,711.16
robot,1790403634.51,0.522,-0.171,718.23
robot,1790403635.01,0.523,-0.171,718.06
robot,1790403635.51,0.523,-0.171,718.05
robot,1790403636.01,0.523,-0.171,718.04
robot,1790403636.51,0.523,-0.171,718.03
robot,1790403637.01,0.523,-0.171,718.05
robot,1790403637.51,0.523,-0.171,718.05
robot,1790403638.01,0.523,-0.171,718.05
robot,1790403638.51,0.523,-0.171,718.03
robot,1790403639.01,0.523,-0.171,718.04
robot,1790403639.51,0.523,-0.171,718.05
robot,1790403640.01,0.523,-0.171,718.05
robot,1790403640.51,0.523,-0.171,718.04
robot,1790403641.01,0.523,-0.171,718.06
robot,1790403641.51,0.523,-0.171,718.05
robot,1790403642.01,0.523,-0.171,718.07
robot,1790403642.51,0.523,-0.171,718.08
robot,1790403643.01,0.523,-0.171,718.07
robot,1790403643.51,0.523,-0.171,718.07
robot,1790403644.01,0.523,-0.171,718.07
robot,1790403644.51,0.523,-0.171,718.08
robot,1790403645.01,0.523,-0.171,718.09
robot,1790403645.51,0.523,-0.171,718.07
robot,1790403646.01,0.523,-0.171,718.05
robot,1790403646.51,0.523,-0.171,718.04
robot,1790403647.01,0.523,-0.171,718.04
robot,1790403647.51,0.523,-0.171,718.04
robot,1790403648.01,0.523,-0.171,718.03
robot,1790403648.51,0.523,-0.171,718.05
robot,1790403649.01,0.523,-0.171,718.05
robot,1790403649.51,0.523,-0.171,718.05
robot,1790403650.01,0.523,-0.171,718.06
robot,1790403650.51,0.523,-0.171,718.06
robot,1790403651.01,0.523,-0.171,718.06
robot,1790403651.51,0.523,-0.171,718.06
robot,1790403652.01,0.523,-0.171,718.06
robot,1790403652.51,0.523,-0.171,718.05
robot,1790403653.01,0.523,-0.171,718.05
robot,1790403653.51,0.522,-0.171,718.14
robot,1790403654.01,0.522,-0.171,729.95
robot,1790403654.51,0.523,-0.171,736.99
robot,1790403655.01,0.523,-0.171,737.32
robot,1790403655.51,0.523,-0.171,737.32
robot,1790403656.01,0.523,-0.171,737.32
robot,1790403656.51,0.523,-0.171,737.34
robot,1790403657.01,0.523,-0.171,737.34
robot,1790403657.51,0.523,-0.171,737.33
robot,1790403658.01,0.523,-0.171,737.31
robot,1790403658.51,0.523,-0.171,737.31
robot,1790403659.01,0.524,-0.170,737.45
robot,1790403659.51,0.606,-0.144,737.57
robot,1790403660.01,0.757,-0.096,737.77
robot,1790403660.51,0.870,-0.060,737.85
robot,1790403661.01,0.872,-0.059,737.32
robot,1790403661.51,0.870,-0.060,728.74
robot,1790403662.01,0.871,-0.060,721.95
robot,1790403662.51,0.900,-0.059,721.62
robot,1790403663.01,1.040,-0.055,721.50
robot,1790403663.51,1.201,-0.051,721.52
robot,1790403664.01,1.366,-0.046,721.53
robot,1790403664.51,1.528,-0.042,721.60
robot,1790403665.01,1.694,-0.037,721.69
robot,1790403665.51,1.870,-0.032,721.73
robot,1790403666.01,2.045,-0.027,721.80
robot,1790403666.51,2.221,-0.021,721.89
robot,1790403667.01,2.399,-0.015,721.90
robot,1790403667.51,2.580,-0.009,721.97
robot,1790403668.01,2.763,-0.003,722.00
robot,1790403668.51,2.941,0.004,722.11
robot,1790403669.01,3.118,0.011,722.20
robot,1790403669.51,3.299,0.018,722.26
robot,1790403670.01,3.482,0.025,722.38
robot,1790403670.51,3.661,0.032,722.40
robot,1790403671.01,3.842,0.040,722.46
robot,1790403671.51,4.022,0.048,722.51
robot,1790403672.01,4.199,0.056,722.56
robot,1790403672.51,4.380,0.064,722.58
robot,1790403673.01,4.560,0.072,722.66
robot,1790403673.51,4.743,0.081,722.77
robot,1790403674.01,4.928,0.090,722.80
robot,1790403674.51,5.114,0.099,722.92
robot,1790403675.01,5.301,0.109,723.02
robot,1790403675.51,5.484,0.119,723.11
robot,1790403676.01,5.671,0.129,723.19
robot,1790403676.51,5.852,0.139,723.29
robot,1790403677.01,6.038,0.150,723.39
robot,1790403677.51,6.224,0.161,723.42
robot,1790403678.01,6.297,0.166,723.41
robot,1790403678.51,6.297,0.166,723.38
robot,1790403679.01,6.297,0.166,723.40
robot,1790403679.51,6.297,0.166,723.39
robot,1790403680.01,6.297,0.166,723.39
robot,1790403681.25,6.296,0.166,723.39
robot,1790403681.51,6.297,0.166,723.38
robot,1790403682.01,6.297,0.166,723.39
robot,1790403682.51,6.297,0.166,723.40
robot,1790403683.01,6.297,0.166,723.40
robot,1790403683.51,6.297,0.166,723.41
robot,1790403684.01,6.297,0.166,723.41
robot,1790403684.51,6.297,0.166,723.41
robot,1790403685.01,6.297,0.166,723.41
robot,1790403685.51,6.297,0.166,723.42
robot,1790403686.01,6.297,0.166,723.40
robot,1790403686.51,6.297,0.166,723.40
robot,1790403687.01,6.297,0.166,723.39
robot,1790403687.51,6.297,0.166,723.39
robot,1790403688.01,6.297,0.166,723.40
robot,1790403688.51,6.297,0.166,723.40
robot,1790403689.01,6.297,0.166,723.40
robot,1790403689.51,6.297,0.166,723.39
robot,1790403690.01,6.297,0.166,723.38
robot,1790403690.51,6.297,0.166,723.37
robot,1790403691.01,6.297,0.166,723.39
robot,1790403691.51,6.297,0.166,723.39
robot,1790403692.01,6.297,0.166,723.40
robot,1790403692.51,6.297,0.166,723.40
robot,1790403693.01,6.297,0.166,723.42
robot,1790403693.51,6.296,0.166,729.87
robot,1790403694.01,6.296,0.166,740.63
robot,1790403694.51,6.296,0.165,752.09
robot,1790403695.01,6.296,0.165,764.65
robot,1790403695.51,6.297,0.166,777.53
robot,1790403696.01,6.297,0.167,791.74
robot,1790403696.51,6.297,0.166,806.11
robot,1790403697.01,6.297,0.166,816.36
robot,1790403697.51,6.297,0.167,816.32
robot,1790403698.01,6.297,0.167,816.31
robot,1790403698.51,6.297,0.167,816.32
robot,1790403699.01,6.297,0.167,824.58
robot,1790403699.51,6.297,0.167,837.53
robot,1790403700.01,6.298,0.166,850.35
robot,1790403700.51,6.298,0.165,863.14
robot,1790403701.01,6.298,0.165,876.34
robot,1790403701.51,6.299,0.165,889.23
robot,1790403702.01,6.298,0.166,902.08
robot,1790403702.51,6.297,0.166,907.16
robot,1790403703.01,6.297,0.166,908.92
robot,1790403703.51,6.293,0.165,909.05
robot,1790403704.01,6.184,0.148,909.15
robot,1790403704.51,6.059,0.128,909.17
robot,1790403705.01,5.931,0.107,909.32
robot,1790403705.51,5.780,0.082,909.45
robot,1790403706.01,5.616,0.054,909.53
robot,1790403706.51,5.458,0.028,909.56
robot,1790403707.01,5.301,0.001,909.66
robot,1790403707.51,5.143,-0.026,909.71
robot,1790403708.01,4.984,-0.053,909.79
robot,1790403708.51,4.834,-0.079,909.90
robot,1790403709.01,4.679,-0.106,909.89
robot,1790403709.51,4.515,-0.135,909.95
robot,1790403710.01,4.352,-0.164,910.02
robot,1790403710.51,4.188,-0.193,910.09
robot,1790403711.01,4.021,-0.223,910.13
robot,1790403711.51,3.839,-0.256,910.25
robot,1790403712.01,3.682,-0.284,910.22
robot,1790403712.51,3.560,-0.306,910.14
robot,1790403713.01,3.558,-0.306,910.18
robot,1790403713.51,3.558,-0.306,902.00
robot,1790403714.01,3.559,-0.306,902.29
robot,1790403714.51,3.559,-0.306,902.30
robot,1790403715.01,3.559,-0.306,902.30
robot,1790403715.51,3.559,-0.306,902.32
robot,1790403716.01,3.559,-0.306,902.32
robot,1790403716.51,3.559,-0.306,902.30
robot,1790403717.01,3.559,-0.306,902.29
robot,1790403717.51,3.559,-0.306,902.29
robot,1790403718.01,3.559,-0.306,902.30
robot,1790403718.51,3.559,-0.306,902.28
robot,1790403719.01,3.618,-0.304,902.14
robot,1790403719.51,3.729,-0.300,902.08
robot,1790403720.01,3.748,-0.299,902.15
robot,1790403720.51,3.748,-0.299,902.16
robot,1790403721.01,3.748,-0.299,902.16
robot,1790403721.51,3.748,-0.299,902.16
robot,1790403722.01,3.748,-0.299,902.15
robot,1790403722.51,3.748,-0.299,902.15
robot,1790403723.01,3.748,-0.299,902.17
robot,1790403723.51,3.748,-0.299,902.19
robot,1790403724.01,3.748,-0.299,902.20
robot,1790403724.51,3.748,-0.299,902.19
robot,1790403725.01,3.748,-0.299,902.19
robot,1790403725.51,3.748,-0.299,902.19
robot,1790403726.01,3.748,-0.299,902.18
robot,1790403726.51,3.748,-0.299,902.16
robot,1790403727.01,3.748,-0.299,902.16
robot,1790403727.51,3.748,-0.299,900.42
robot,1790403728.01,3.748,-0.299,893.97
robot,1790403728.51,3.748,-0.299,893.99
robot,1790403729.01,3.748,-0.299,893.98
robot,1790403729.51,3.748,-0.299,893.98
robot,1790403730.01,3.748,-0.299,893.99
robot,1790403730.51,3.748,-0.299,894.00
robot,1790403731.01,3.748,-0.299,894.00
robot,1790403731.51,3.748,-0.299,894.02
robot,1790403732.01,3.748,-0.299,894.03
robot,1790403732.51,3.748,-0.299,894.04
robot,1790403733.01,3.734,-0.298,893.20
robot,1790403733.51,3.553,-0.276,893.32
robot,1790403734.01,3.354,-0.253,893.42
robot,1790403734.51,3.159,-0.231,893.48
robot,1790403735.01,2.957,-0.208,893.57
robot,1790403735.51,2.759,-0.186,893.65
robot,1790403736.01,2.559,-0.164,893.75
robot,1790403736.51,2.445,-0.151,893.66
robot,1790403737.01,2.444,-0.151,898.56
robot,1790403737.51,2.443,-0.151,903.23
robot,1790403738.01,2.347,-0.157,903.58
robot,1790403738.51,2.158,-0.168,903.66
robot,1790403739.01,1.962,-0.181,903.76
robot,1790403739.51,1.759,-0.195,903.87
robot,1790403740.01,1.561,-0.208,903.99
robot,1790403740.51,1.359,-0.222,904.07
robot,1790403741.01,1.161,-0.237,904.17
robot,1790403741.51,1.006,-0.248,904.19
robot,1790403742.01,1.002,-0.248,904.21
robot,1790403742.51,1.002,-0.248,904.22
robot,1790403743.01,1.002,-0.248,904.22
robot,1790403743.51,1.002,-0.248,904.22
robot,1790403744.01,1.002,-0.248,904.22
robot,1790403744.51,1.002,-0.248,904.21
robot,1790403745.01,1.002,-0.248,904.23
robot,1790403745.51,1.002,-0.248,904.22
robot,1790403746.01,1.002,-0.248,904.22
robot,1790403746.51,1.002,-0.248,904.24
robot,1790403747.01,1.002,-0.248,904.24
robot,1790403747.51,1.002,-0.248,904.26
robot,1790403748.01,1.002,-0.248,904.28
robot,1790403748.51,1.002,-0.248,904.29
robot,1790403749.01,1.002,-0.248,904.30
robot,1790403749.51,1.002,-0.248,904.31
robot,1790403750.01,1.002,-0.248,904.32
robot,1790403750.51,1.002,-0.248,904.32
robot,1790403751.01,1.002,-0.248,904.34
robot,1790403751.51,1.002,-0.248,904.33
robot,1790403752.01,1.001,-0.248,904.31
robot,1790403752.51,0.918,-0.255,904.41
robot,1790403753.01,0.760,-0.267,904.49
robot,1790403753.51,0.593,-0.280,904.56
robot,1790403754.01,0.547,-0.284,904.49
robot,1790403754.51,0.547,-0.284,904.49
robot,1790403755.01,0.547,-0.284,904.47
robot,1790403755.51,0.547,-0.284,904.46
robot,1790403756.43,0.547,-0.284,904.48
robot,1790403756.51,0.547,-0.284,904.47
robot,1790403757.01,0.547,-0.284,904.48
robot,1790403757.51,0.547,-0.284,905.18
robot,1790403758.01,0.547,-0.284,915.93
robot,1790403758.51,0.546,-0.285,931.96
robot,1790403759.01,0.546,-0.285,948.27
robot,1790403759.51,0.547,-0.285,964.79
robot,1790403760.01,0.547,-0.284,975.88
robot,1790403760.51,0.547,-0.283,975.87
robot,1790403761.01,0.547,-0.283,976.42
robot,1790403761.51,0.547,-0.284,978.96
robot,1790403762.01,0.547,-0.283,978.94
robot,1790403762.51,0.547,-0.283,978.95
robot,1790403763.01,0.547,-0.283,978.95
robot,1790403763.51,0.547,-0.283,978.93
robot,1790403764.01,0.547,-0.283,978.91
robot,1790403764.51,0.547,-0.283,978.91
robot,1790403765.01,0.547,-0.283,978.90
robot,1790403765.51,0.547,-0.283,978.88
robot,1790403766.01,0.547,-0.283,978.89
robot,1790403766.51,0.547,-0.283,978.89
robot,1790403767.01,0.547,-0.283,978.87
robot,1790403767.51,0.547,-0.283,978.86
robot,1790403768.01,0.547,-0.283,978.88
robot,1790403768.51,0.547,-0.283,978.89
robot,1790403769.01,0.547,-0.283,981.07
robot,1790403769.51,0.547,-0.282,986.77
robot,1790403770.01,0.547,-0.282,986.79
robot,1790403770.51,0.547,-0.283,989.86
robot,1790403771.01,0.547,-0.283,989.83
robot,1790403771.51,0.547,-0.283,989.83
robot,1790403772.01,0.547,-0.283,989.82
robot,1790403772.51,0.547,-0.283,989.85
robot,1790403773.01,0.547,-0.283,989.84
robot,1790403773.51,0.547,-0.283,989.82
robot,1790403774.01,0.547,-0.283,989.82
robot,1790403774.51,0.547,-0.283,989.82
robot,1790403775.01,0.547,-0.283,989.84
robot,1790403775.51,0.547,-0.283,989.83
robot,1790403776.01,0.547,-0.283,989.82
robot,1790403776.51,0.547,-0.283,989.79
robot,1790403777.01,0.547,-0.288,989.93
robot,1790403777.51,0.547,-0.394,990.01
robot,1790403778.01,0.547,-0.528,990.14
robot,1790403778.51,0.548,-0.699,990.36
robot,1790403779.01,0.549,-0.888,990.43
robot,1790403779.51,0.551,-1.079,990.49
robot,1790403780.01,0.553,-1.271,990.60
robot,1790403780.51,0.555,-1.461,990.69
robot,1790403781.01,0.557,-1.650,990.76
robot,1790403781.51,0.560,-1.841,990.88
robot,1790403782.01,0.563,-2.029,991.02
robot,1790403782.51,0.566,-2.218,991.05
robot,1790403783.01,0.570,-2.409,991.07
robot,1790403783.51,0.574,-2.601,991.15
robot,1790403784.01,0.578,-2.790,991.23
robot,1790403784.51,0.582,-2.976,991.29
robot,1790403785.01,0.586,-3.172,991.32
robot,1790403785.51,0.591,-3.361,991.48
robot,1790403786.01,0.596,-3.550,991.50
robot,1790403786.51,0.601,-3.741,991.58
robot,1790403787.01,0.603,-3.826,991.60
robot,1790403787.51,0.603,-3.826,991.61
robot,1790403788.01,0.603,-3.826,991.62
robot,1790403789.29,0.603,-3.825,991.66
robot,1790403789.51,0.603,-3.826,991.66
robot,1790403790.01,0.603,-3.826,991.64
robot,1790403790.51,0.603,-3.826,991.65
robot,1790403791.01,0.603,-3.826,991.63
robot,1790403791.51,0.603,-3.826,991.64
robot,1790403792.01,0.603,-3.826,991.65
robot,1790403792.51,0.603,-3.826,991.65
robot,1790403793.01,0.603,-3.826,991.64
robot,1790403793.51,0.603,-3.826,991.64
robot,1790403794.01,0.603,-3.826,991.65
robot,1790403794.51,0.603,-3.826,991.66
robot,1790403795.01,0.603,-3.826,991.66
robot,1790403795.51,0.603,-3.826,991.66
robot,1790403796.01,0.603,-3.826,991.67
robot,1790403796.51,0.603,-3.826,991.68
robot,1790403797.01,0.603,-3.826,991.67
robot,1790403797.51,0.603,-3.826,991.68
robot,1790403798.01,0.603,-3.839,991.66
robot,1790403798.51,0.607,-3.956,991.70
robot,1790403799.01,0.612,-4.137,991.75
robot,1790403799.51,0.618,-4.336,991.81
robot,1790403800.01,0.625,-4.542,991.90
robot,1790403800.51,0.632,-4.743,991.95
robot,1790403801.01,0.639,-4.943,992.01
robot,1790403801.51,0.646,-5.141,992.10
robot,1790403802.01,0.653,-5.344,992.23
robot,1790403802.51,0.661,-5.543,992.26
robot,1790403803.01,0.669,-5.739,992.34
robot,1790403803.51,0.677,-5.938,992.46
robot,1790403804.01,0.686,-6.137,992.52
robot,1790403804.51,0.695,-6.340,992.59
robot,1790403805.01,0.704,-6.538,992.68
robot,1790403805.51,0.714,-6.739,992.70
robot,1790403806.01,0.723,-6.938,992.77
robot,1790403806.51,0.733,-7.139,992.84
robot,1790403807.01,0.743,-7.339,992.94
robot,1790403807.51,0.753,-7.537,992.98
robot,1790403808.01,0.764,-7.736,993.06
robot,1790403808.51,0.775,-7.938,993.16
robot,1790403809.01,0.786,-8.139,993.18
robot,1790403809.51,0.797,-8.338,993.27
robot,1790403810.01,0.809,-8.539,993.34
robot,1790403810.93,0.831,-8.907,993.46
robot,1790403811.01,0.833,-8.937,993.46
robot,1790403811.51,0.845,-9.137,993.51
robot,1790403812.01,0.857,-9.336,993.57
robot,1790403812.51,0.870,-9.536,993.66
robot,1790403813.01,0.883,-9.737,993.68
robot,1790403813.51,0.896,-9.936,993.80
robot,1790403814.01,0.909,-10.134,993.87
robot,1790403814.51,0.922,-10.333,993.92
robot,1790403815.01,0.936,-10.532,994.03
robot,1790403815.51,0.950,-10.732,994.12
robot,1790403816.01,0.965,-10.931,994.17
robot,1790403816.51,0.980,-11.130,994.25
robot,1790403817.01,0.994,-11.329,994.31
robot,1790403817.51,1.009,-11.528,994.22
robot,1790403818.01,1.023,-11.724,994.00
robot,1790403818.51,1.037,-11.921,993.87
robot,1790403819.01,1.050,-12.117,993.71
robot,1790403819.51,1.063,-12.318,993.51
robot,1790403820.01,1.074,-12.515,993.35
robot,1790403820.51,1.086,-12.714,993.24
robot,1790403821.01,1.097,-12.909,993.07
robot,1790403821.51,1.107,-13.105,992.90
robot,1790403822.01,1.117,-13.306,992.73
robot,1790403822.51,1.126,-13.504,992.49
robot,1790403823.01,1.134,-13.702,992.33
robot,1790403823.51,1.142,-13.898,992.12
robot,1790403824.01,1.149,-14.095,992.06
robot,1790403824.51,1.156,-14.297,991.99
robot,1790403825.01,1.163,-14.491,991.87
robot,1790403825.51,1.169,-14.689,991.71
robot,1790403826.01,1.174,-14.888,991.54
robot,1790403826.51,1.179,-15.086,991.34
robot,1790403827.01,1.183,-15.245,991.09
robot,1790403827.51,1.183,-15.250,991.13
robot,1790403828.01,1.183,-15.251,994.71
robot,1790403828.51,1.183,-15.251,1010.12
robot,1790403829.01,1.184,-15.252,1025.44
robot,1790403829.51,1.183,-15.251,1041.03
robot,1790403830.01,1.183,-15.251,1056.82
robot,1790403830.51,1.182,-15.250,1072.45
robot,1790403831.01,1.183,-15.250,1087.20
robot,1790403831.51,1.183,-15.250,1086.66
robot,1790403832.01,1.183,-15.250,1086.65
robot,1790403832.51,1.183,-15.250,1086.65
robot,1790403833.01,1.183,-15.250,1086.65
robot,1790403833.51,1.183,-15.250,1086.64
robot,1790403834.01,1.183,-15.250,1086.63
robot,1790403834.51,1.183,-15.250,1086.63
robot,1790403835.01,1.183,-15.250,1086.62
robot,1790403835.51,1.183,-15.250,1086.62
robot,1790403836.01,1.183,-15.250,1086.63
robot,1790403836.51,1.183,-15.250,1086.64
robot,1790403837.01,1.183,-15.250,1086.65
robot,1790403837.51,1.183,-15.250,1086.65
robot,1790403838.01,1.182,-15.250,1086.79
robot,1790403838.51,1.182,-15.251,1095.05
robot,1790403839.01,1.180,-15.251,1112.18
robot,1790403839.51,1.180,-15.251,1130.10
robot,1790403840.01,1.180,-15.252,1148.53
robot,1790403840.51,1.180,-15.251,1166.79
robot,1790403841.01,1.180,-15.249,1174.06
robot,1790403841.51,1.180,-15.249,1174.03
robot,1790403842.01,1.180,-15.249,1174.04
robot,1790403842.51,1.180,-15.249,1174.00
robot,1790403843.01,1.180,-15.248,1174.02
robot,1790403843.51,1.180,-15.248,1174.00
robot,1790403844.01,1.180,-15.248,1174.01
robot,1790403844.51,1.180,-15.248,1174.01
robot,1790403845.01,1.180,-15.248,1174.02
robot,1790403845.51,1.180,-15.248,1174.02
robot,1790403846.01,1.180,-15.248,1174.03
robot,1790403846.51,1.180,-15.248,1174.02
robot,1790403847.01,1.180,-15.248,1174.02
robot,1790403847.51,1.180,-15.248,1174.04
robot,1790403848.01,1.180,-15.248,1174.05
robot,1790403848.51,1.180,-15.248,1174.06
robot,1790403849.01,1.180,-15.248,1174.07
robot,1790403849.51,1.180,-15.248,1174.08
robot,1790403850.01,1.180,-15.248,1174.07
robot,1790403850.51,1.180,-15.248,1174.05
robot,1790403851.01,1.180,-15.248,1174.04
robot,1790403851.51,1.180,-15.248,1174.05
robot,1790403852.01,1.180,-15.248,1174.04
robot,1790403852.51,1.180,-15.248,1174.04
robot,1790403853.01,1.180,-15.248,1174.03
robot,1790403853.51,1.180,-15.248,1174.02
robot,1790403854.01,1.180,-15.248,1174.02
robot,1790403854.51,1.180,-15.248,1174.03
robot,1790403855.01,1.180,-15.248,1174.04
robot,1790403855.51,1.180,-15.248,1174.04
robot,1790403856.01,1.180,-15.248,1174.03
robot,1790403856.51,1.180,-15.248,1174.05
robot,1790403857.01,1.180,-15.248,1174.04
robot,1790403857.51,1.180,-15.248,1174.03
robot,1790403858.01,1.180,-15.248,1174.06
robot,1790403858.51,1.180,-15.248,1174.06
robot,1790403859.01,1.180,-15.248,1174.08
robot,1790403859.51,1.180,-15.248,1174.08
robot,1790403860.01,1.180,-15.248,1174.08
robot,1790403860.51,1.180,-15.248,1174.07
robot,1790403861.01,1.180,-15.248,1174.08
robot,1790403861.51,1.180,-15.248,1174.09
robot,1790403862.01,1.180,-15.248,1174.09
robot,1790403862.51,1.180,-15.248,1174.11
robot,1790403863.01,1.180,-15.248,1174.10
robot,1790403863.51,1.180,-15.248,1174.10
robot,1790403864.01,1.180,-15.248,1174.11
robot,1790403864.51,1.180,-15.248,1174.10
robot,1790403865.01,1.180,-15.248,1174.08
robot,1790403865.51,1.180,-15.248,1174.08
robot,1790403866.01,1.180,-15.248,1174.08
robot,1790403866.51,1.180,-15.248,1174.07
robot,1790403867.01,1.180,-15.248,1174.07
robot,1790403867.51,1.180,-15.248,1174.06
robot,1790403868.01,1.180,-15.248,1174.08
robot,1790403868.51,1.180,-15.248,1174.09
robot,1790403869.01,1.180,-15.248,1174.11
robot,1790403869.51,1.180,-15.248,1174.12
robot,1790403870.01,1.180,-15.248,1174.12
robot,1790403870.51,1.180,-15.248,1174.13
robot,1790403871.01,1.180,-15.248,1174.12
robot,1790403871.51,1.180,-15.248,1174.10
robot,1790403872.01,1.180,-15.248,1174.09
robot,1790403872.51,1.180,-15.248,1174.09
robot,1790403873.01,1.180,-15.248,1174.09
robot,1790403873.51,1.180,-15.248,1174.09
robot,1790403874.01,1.180,-15.248,1174.10
robot,1790403874.51,1.180,-15.248,1174.10
robot,1790403875.01,1.180,-15.248,1174.10
robot,1790403875.51,1.180,-15.248,1174.10
robot,1790403876.01,1.180,-15.248,1174.10
robot,1790403876.51,1.180,-15.248,1174.10
robot,1790403877.01,1.180,-15.248,1174.11
robot,1790403877.51,1.180,-15.248,1174.12
robot,1790403878.01,1.180,-15.248,1174.13
robot,1790403878.51,1.180,-15.248,1174.14
robot,1790403879.01,1.180,-15.248,1174.15
robot,1790403879.51,1.180,-15.248,1174.13
robot,1790403880.01,1.180,-15.248,1174.12
robot,1790403880.51,1.180,-15.248,1174.11
robot,1790403881.01,1.180,-15.248,1174.11
robot,1790403881.51,1.180,-15.248,1174.09
robot,1790403882.01,1.180,-15.248,1174.09
robot,1790403882.51,1.180,-15.248,1174.08
robot,1790403883.01,1.180,-15.248,1174.07
robot,1790403883.51,1.180,-15.248,1174.06
robot,1790403884.01,1.180,-15.248,1174.07
robot,1790403884.51,1.180,-15.248,1174.06
robot,1790403885.01,1.180,-15.248,1174.05
robot,1790403885.51,1.180,-15.248,1174.06
robot,1790403886.01,1.180,-15.248,1174.06
robot,1790403886.51,1.180,-15.248,1174.06
robot,1790403887.01,1.180,-15.248,1174.04
robot,1790403887.51,1.180,-15.248,1174.06
robot,1790403888.01,1.180,-15.248,1174.06
robot,1790403888.51,1.180,-15.248,1174.07
robot,1790403889.01,1.180,-15.248,1174.07
robot,1790403889.51,1.180,-15.248,1174.07
robot,1790403890.01,1.180,-15.248,1174.06
robot,1790403890.51,1.180,-15.248,1174.05
robot,1790403891.01,1.180,-15.248,1174.05
robot,1790403891.51,1.180,-15.248,1174.05
robot,1790403892.01,1.180,-15.248,1174.06
robot,1790403892.51,1.180,-15.248,1174.06
robot,1790403893.01,1.180,-15.248,1174.07
robot,1790403893.51,1.180,-15.248,1174.06
robot,1790403894.01,1.180,-15.248,1174.07
robot,1790403894.51,1.180,-15.248,1174.06
robot,1790403895.01,1.180,-15.248,1174.04
robot,1790403895.51,1.180,-15.248,1174.03
robot,1790403896.01,1.180,-15.248,1174.02
robot,1790403896.51,1.180,-15.248,1174.03
robot,1790403897.01,1.180,-15.248,1174.02
robot,1790403897.51,1.180,-15.248,1174.01
robot,1790403898.01,1.180,-15.248,1174.02
robot,1790403898.51,1.180,-15.248,1174.03
robot,1790403899.01,1.180,-15.248,1174.04
robot,1790403899.51,1.180,-15.248,1174.05
robot,1790403900.01,1.180,-15.248,1174.05
robot,1790403900.51,1.180,-15.248,1174.06
robot,1790403901.01,1.180,-15.248,1174.06
robot,1790403901.51,1.179,-15.237,1174.18
robot,1790403902.01,1.172,-15.144,1174.31
robot,1790403902.51,1.163,-15.023,1174.43
robot,1790403903.01,1.161,-14.998,1174.41
robot,1790403903.51,1.161,-14.998,1174.41
robot,1790403904.01,1.161,-14.998,1174.43
robot,1790403904.51,1.161,-14.998,1174.44
robot,1790403905.01,1.161,-14.998,1174.44
robot,1790403905.51,1.161,-14.998,1174.44
robot,1790403906.01,1.161,-14.998,1174.46
robot,1790403906.51,1.161,-14.998,1174.47
robot,1790403907.01,1.161,-14.999,1171.84
robot,1790403907.51,1.161,-14.998,1172.18
robot,1790403908.01,1.157,-14.876,1171.88
robot,1790403908.51,1.151,-14.675,1171.92
robot,1790403909.01,1.148,-14.594,1169.53
robot,1790403909.51,1.148,-14.595,1158.61
robot,1790403910.01,1.164,-14.516,1158.26
robot,1790403910.51,1.205,-14.321,1158.19
robot,1790403911.01,1.240,-14.122,1165.18
robot,1790403911.51,1.246,-13.925,1168.79
robot,1790403912.01,1.250,-13.728,1169.00
robot,1790403912.51,1.253,-13.527,1169.18
robot,1790403913.01,1.256,-13.327,1169.34
robot,1790403913.51,1.258,-13.127,1169.45
robot,1790403914.01,1.260,-12.924,1169.56
robot,1790403914.51,1.261,-12.725,1169.60
robot,1790403915.01,1.262,-12.524,1169.74
robot,1790403915.51,1.263,-12.326,1169.80
robot,1790403916.01,1.264,-12.124,1169.90
robot,1790403916.51,1.264,-11.928,1170.00
robot,1790403917.01,1.264,-11.730,1170.11
robot,1790403917.51,1.263,-11.526,1170.23
robot,1790403918.01,1.262,-11.326,1170.26
robot,1790403918.51,1.261,-11.123,1170.40
robot,1790403919.01,1.260,-10.925,1170.47
robot,1790403919.51,1.252,-10.727,1175.81
robot,1790403920.01,1.227,-10.532,1177.85
robot,1790403920.51,1.199,-10.332,1178.08
robot,1790403921.01,1.173,-10.134,1176.07
robot,1790403921.51,1.161,-9.936,1172.32
robot,1790403922.01,1.153,-9.735,1172.32
robot,1790403922.51,1.145,-9.533,1172.31
robot,1790403923.01,1.137,-9.332,1172.32
robot,1790403923.51,1.129,-9.133,1172.39
robot,1790403924.01,1.120,-8.939,1173.12
robot,1790403924.51,1.106,-8.740,1174.84
robot,1790403925.01,1.087,-8.543,1176.78
robot,1790403925.51,1.062,-8.344,1177.23
robot,1790403926.01,1.036,-8.147,1177.41
robot,1790403926.51,1.010,-7.948,1177.61
robot,1790403927.01,0.984,-7.750,1177.71
robot,1790403927.51,0.957,-7.553,1176.43
robot,1790403928.01,0.945,-7.358,1171.71
robot,1790403928.51,0.939,-7.157,1171.69
robot,1790403929.01,0.934,-6.957,1171.70
robot,1790403929.51,0.928,-6.755,1171.66
robot,1790403930.01,0.921,-6.559,1172.49
robot,1790403930.51,0.909,-6.358,1174.59
robot,1790403931.01,0.893,-6.162,1174.65
robot,1790403931.51,0.876,-5.962,1174.82
robot,1790403932.01,0.859,-5.762,1174.97
robot,1790403932.51,0.842,-5.562,1175.05
robot,1790403933.01,0.827,-5.397,1175.00
robot,1790403933.51,0.826,-5.390,1175.00
robot,1790403934.01,0.826,-5.390,1175.02
robot,1790403934.51,0.826,-5.390,1175.00
robot,1790403935.01,0.826,-5.390,1175.00
robot,1790403935.51,0.826,-5.390,1175.00
robot,1790403936.01,0.826,-5.390,1175.01
robot,1790403936.51,0.825,-5.378,1174.83
robot,1790403937.37,0.797,-5.048,1175.07
robot,1790403937.51,0.792,-4.993,1175.06
robot,1790403938.01,0.774,-4.792,1175.14
robot,1790403938.51,0.756,-4.596,1175.30
robot,1790403939.01,0.737,-4.397,1175.33
robot,1790403939.51,0.718,-4.195,1175.42
robot,1790403940.01,0.699,-3.994,1175.55
robot,1790403940.51,0.680,-3.795,1175.64
robot,1790403941.01,0.660,-3.597,1175.71
robot,1790403941.51,0.640,-3.399,1175.77
robot,1790403942.01,0.620,-3.199,1175.88
robot,1790403942.51,0.599,-2.999,1175.95
robot,1790403943.01,0.578,-2.801,1176.01
robot,1790403943.51,0.557,-2.603,1176.11
robot,1790403944.01,0.535,-2.401,1176.19
robot,1790403944.51,0.514,-2.202,1176.26
robot,1790403945.01,0.492,-2.005,1176.35
robot,1790403945.51,0.470,-1.808,1176.44
robot,1790403946.01,0.447,-1.609,1176.53
robot,1790403946.51,0.425,-1.411,1176.57
robot,1790403947.01,0.401,-1.211,1176.67
robot,1790403947.51,0.378,-1.011,1176.77
robot,1790403948.01,0.354,-0.814,1176.83
robot,1790403948.51,0.330,-0.613,1176.91
robot,1790403949.01,0.306,-0.416,1176.95
robot,1790403949.51,0.301,-0.371,1176.84
robot,1790403950.01,0.301,-0.371,1176.85
robot,1790403950.51,0.301,-0.371,1176.84
robot,1790403951.01,0.301,-0.371,1176.83
robot,1790403951.51,0.301,-0.371,1176.82
robot,1790403952.01,0.301,-0.371,1176.82
robot,1790403952.51,0.301,-0.371,1176.82
robot,1790403953.01,0.302,-0.380,1176.77
robot,1790403953.51,0.317,-0.507,1176.76
robot,1790403954.01,0.334,-0.647,1176.74
robot,1790403954.51,0.348,-0.771,1176.63
robot,1790403955.01,0.352,-0.802,1176.67
robot,1790403955.51,0.352,-0.801,1176.69
robot,1790403956.01,0.352,-0.801,1176.68
robot,1790403956.51,0.352,-0.801,1174.77
robot,1790403957.01,0.352,-0.801,1170.15
robot,1790403957.51,0.352,-0.802,1160.44
robot,1790403958.01,0.351,-0.803,1149.97
robot,1790403958.51,0.352,-0.801,1139.28
robot,1790403959.01,0.352,-0.801,1128.60
robot,1790403959.51,0.352,-0.801,1125.33
robot,1790403960.01,0.395,-0.758,1124.70
robot,1790403960.51,0.508,-0.646,1124.68
robot,1790403961.01,0.620,-0.536,1121.89
robot,1790403961.51,0.721,-0.459,1114.79
robot,1790403962.01,0.832,-0.382,1114.49
robot,1790403962.51,0.973,-0.289,1108.51
robot,1790403963.01,1.041,-0.267,1083.21
robot,1790403963.51,1.062,-0.267,1081.16
robot,1790403964.01,1.062,-0.266,1081.20
robot,1790403964.51,1.064,-0.266,1083.97
robot,1790403965.01,1.057,-0.267,1086.37
robot,1790403965.51,1.056,-0.267,1086.37
robot,1790403966.01,1.056,-0.267,1086.39
robot,1790403966.51,1.056,-0.267,1086.38
robot,1790403967.01,1.103,-0.262,1086.52
robot,1790403967.51,1.238,-0.246,1086.70
robot,1790403968.01,1.383,-0.229,1086.89
robot,1790403968.51,1.544,-0.209,1087.02
robot,1790403969.01,1.720,-0.187,1087.12
robot,1790403969.51,1.898,-0.165,1087.20
robot,1790403970.01,2.076,-0.142,1087.28
robot,1790403970.51,2.254,-0.120,1087.40
robot,1790403971.01,2.441,-0.095,1087.45
robot,1790403971.51,2.627,-0.071,1087.56
robot,1790403972.01,2.819,-0.045,1087.66
robot,1790403972.51,3.017,-0.018,1087.71
robot,1790403973.01,3.220,0.009,1087.79
robot,1790403973.51,3.418,0.037,1087.90
robot,1790403974.01,3.616,0.064,1087.98
robot,1790403974.51,3.813,0.092,1088.02
robot,1790403975.01,4.011,0.120,1088.13
robot,1790403975.51,4.208,0.148,1088.22
robot,1790403976.01,4.408,0.177,1088.31
robot,1790403976.51,4.605,0.206,1088.40
robot,1790403977.01,4.804,0.236,1088.48
robot,1790403977.51,5.000,0.265,1088.54
robot,1790403978.01,5.196,0.295,1088.61
robot,1790403978.51,5.396,0.326,1088.77
robot,1790403979.01,5.594,0.356,1088.84
robot,1790403980.09,6.022,0.423,1088.98
robot,1790403980.51,6.189,0.450,1089.06
robot,1790403981.01,6.386,0.481,1089.12
robot,1790403981.51,6.583,0.513,1089.17
robot,1790403982.01,6.778,0.545,1089.28
robot,1790403982.51,6.974,0.577,1089.35
robot,1790403983.01,7.173,0.610,1089.38
robot,1790403983.51,7.371,0.643,1089.52
robot,1790403984.01,7.571,0.676,1089.55
robot,1790403984.51,7.770,0.710,1089.62
robot,1790403985.01,7.967,0.743,1089.68
robot,1790403985.51,8.164,0.777,1089.81
robot,1790403986.01,8.359,0.811,1089.89
robot,1790403986.51,8.556,0.845,1089.93
robot,1790403987.01,8.753,0.880,1090.08
robot,1790403987.51,8.949,0.915,1090.12
robot,1790403988.01,9.142,0.949,1090.18
robot,1790403988.51,9.337,0.985,1090.28
robot,1790403989.01,9.529,1.019,1090.33
robot,1790403989.51,9.623,1.037,1090.30
robot,1790403990.01,9.624,1.037,1090.31
robot,1790403990.51,9.624,1.037,1090.31
robot,1790403991.01,9.624,1.037,1090.30
robot,1790403991.51,9.624,1.037,1090.30
robot,1790403992.01,9.625,1.037,1090.28
robot,1790403992.51,9.644,1.040,1090.30
robot,1790403993.01,9.657,1.043,1090.31
robot,1790403993.51,9.657,1.043,1090.32
robot,1790403994.01,9.657,1.043,1090.30
robot,1790403994.51,9.657,1.043,1090.31
robot,1790403995.01,9.657,1.043,1090.29
robot,1790403995.51,9.658,1.043,1090.28
robot,1790403996.01,9.767,1.063,1090.34
robot,1790403996.51,9.928,1.092,1090.36
robot,1790403997.01,10.044,1.113,1090.23
robot,1790403997.51,10.047,1.114,1090.36
robot,1790403998.01,10.047,1.114,1090.37
robot,1790403998.51,10.047,1.114,1090.37
robot,1790403999.01,10.047,1.114,1090.39
robot,1790403999.51,10.047,1.114,1090.40
robot,1790404000.01,10.047,1.114,1090.40
robot,1790404000.51,10.047,1.114,1090.41
robot,1790404001.01,10.047,1.114,1090.40
robot,1790404001.51,10.047,1.114,1092.49
robot,1790404002.01,10.048,1.115,1108.89
robot,1790404002.51,10.047,1.114,1125.88
robot,1790404003.01,10.047,1.114,1143.13
robot,1790404003.51,10.047,1.113,1160.33
robot,1790404004.01,10.047,1.114,1173.27
robot,1790404004.51,10.047,1.114,1173.10
robot,1790404005.01,10.047,1.114,1173.08
robot,1790404005.51,10.047,1.114,1173.10
robot,1790404006.01,10.047,1.114,1173.10
robot,1790404006.51,10.047,1.113,1173.30
robot,1790404007.01,10.048,1.107,1186.11
robot,1790404007.51,10.050,1.102,1200.21
robot,1790404008.01,10.053,1.099,1201.76
robot,1790404008.51,10.053,1.098,1201.75
robot,1790404009.01,10.053,1.098,1201.76
robot,1790404009.51,10.052,1.099,1204.44
robot,1790404010.01,10.055,1.096,1216.37
robot,1790404010.51,10.063,1.090,1227.51
robot,1790404011.01,10.063,1.090,1227.19
robot,1790404011.51,10.063,1.090,1227.20
robot,1790404012.01,10.063,1.090,1227.18
robot,1790404012.51,10.063,1.090,1227.17
robot,1790404013.01,10.064,1.089,1227.20
robot,1790404013.51,10.063,1.089,1239.62
robot,1790404014.01,10.063,1.089,1245.20
robot,1790404014.51,10.064,1.089,1245.16
robot,1790404015.01,10.062,1.090,1249.68
robot,1790404015.51,10.063,1.089,1256.97
robot,1790404016.01,10.064,1.089,1256.93
robot,1790404016.51,10.064,1.089,1256.91
robot,1790404017.01,10.064,1.090,1264.86
robot,1790404017.51,10.064,1.090,1264.85
robot,1790404018.01,10.064,1.090,1264.85
robot,1790404018.51,10.064,1.090,1264.85
robot,1790404019.01,10.064,1.090,1264.86
robot,1790404019.51,10.014,1.085,1264.98
robot,1790404020.01,9.870,1.072,1265.15
robot,1790404020.51,9.727,1.059,1265.24
robot,1790404021.01,9.697,1.057,1265.22
robot,1790404021.51,9.697,1.057,1265.22
robot,1790404022.01,9.697,1.057,1265.21
robot,1790404022.51,9.697,1.057,1265.22
robot,1790404023.01,9.697,1.057,1265.23
robot,1790404023.51,9.697,1.057,1265.23
robot,1790404024.01,9.697,1.057,1265.23
robot,1790404024.51,9.697,1.057,1265.24
robot,1790404025.01,9.697,1.057,1265.25
robot,1790404025.51,9.697,1.057,1265.23
robot,1790404026.01,9.697,1.057,1265.23
robot,1790404026.51,9.697,1.057,1265.23
robot,1790404027.01,9.696,1.057,1265.20
robot,1790404027.51,9.568,1.045,1265.31
robot,1790404028.01,9.375,1.027,1265.38
robot,1790404028.51,9.189,1.009,1265.48
robot,1790404029.01,9.000,0.991,1265.59
robot,1790404029.51,8.806,0.972,1265.64
robot,1790404030.01,8.622,0.953,1265.76
robot,1790404030.51,8.429,0.934,1265.81
robot,1790404031.01,8.228,0.913,1265.84
robot,1790404031.51,8.028,0.892,1265.98
robot,1790404032.01,7.829,0.872,1266.01
robot,1790404032.51,7.631,0.851,1266.04
robot,1790404033.01,7.434,0.830,1266.14
robot,1790404033.51,7.237,0.808,1266.27
robot,1790404034.01,7.033,0.786,1266.37
robot,1790404034.51,6.835,0.763,1266.43
robot,1790404035.01,6.636,0.741,1266.55
robot,1790404035.51,6.438,0.718,1266.62
robot,1790404036.01,6.239,0.695,1266.69
robot,1790404036.51,6.048,0.672,1266.81
robot,1790404037.01,5.871,0.651,1266.89
robot,1790404037.51,5.688,0.629,1266.95
robot,1790404038.01,5.506,0.606,1267.00
robot,1790404038.51,5.319,0.583,1267.06
robot,1790404039.01,5.135,0.561,1267.13
robot,1790404039.51,4.951,0.537,1267.22
robot,1790404040.01,4.767,0.514,1267.26
robot,1790404040.51,4.585,0.491,1267.33
robot,1790404041.01,4.403,0.467,1267.36
robot,1790404041.51,4.220,0.443,1267.45
robot,1790404042.01,4.036,0.419,1267.51
robot,1790404042.51,3.853,0.395,1267.58
robot,1790404043.01,3.667,0.370,1267.64
robot,1790404043.51,3.483,0.345,1267.77
robot,1790404044.01,3.300,0.320,1267.83
robot,1790404044.51,3.115,0.294,1267.94
robot,1790404045.01,2.933,0.269,1268.03
robot,1790404045.51,2.750,0.243,1268.08
robot,1790404046.03,2.561,0.216,1268.17
robot,1790404046.51,2.382,0.190,1268.22
robot,1790404047.01,2.199,0.164,1268.27
robot,1790404047.51,2.018,0.138,1268.33
robot,1790404048.01,1.836,0.111,1268.44
robot,1790404048.51,1.650,0.083,1268.46
robot,1790404049.01,1.469,0.056,1268.55
robot,1790404049.51,1.333,0.036,1268.39
robot,1790404050.01,1.177,0.013,1268.44
robot,1790404050.51,1.011,-0.012,1268.55
robot,1790404051.01,0.843,-0.037,1268.64
robot,1790404051.51,0.678,-0.063,1268.70
robot,1790404052.01,0.511,-0.088,1268.80
robot,1790404052.51,0.341,-0.115,1268.86
robot,1790404053.01,0.207,-0.136,1268.85
robot,1790404053.51,0.203,-0.136,1268.83
robot,1790404054.01,0.203,-0.136,1268.82
robot,1790404054.51,0.203,-0.136,1268.81
robot,1790404055.01,0.203,-0.136,1268.79
robot,1790404055.51,0.202,-0.136,1273.35
robot,1790404056.01,0.203,-0.136,1282.66
robot,1790404056.51,0.202,-0.136,1292.02
robot,1790404057.01,0.203,-0.136,1301.21
robot,1790404057.51,0.203,-0.136,1310.37
robot,1790404058.01,0.203,-0.136,1319.62
robot,1790404058.51,0.202,-0.137,1328.92
robot,1790404059.01,0.203,-0.137,1338.25
robot,1790404059.51,0.203,-0.135,1347.66
robot,1790404060.01,0.203,-0.137,1348.21
robot,1790404060.51,0.203,-0.137,1348.18
robot,1790404061.01,0.203,-0.137,1348.17
robot,1790404061.51,0.203,-0.137,1348.16
robot,1790404062.01,0.203,-0.137,1348.16
robot,1790404062.51,0.203,-0.137,1348.16
robot,1790404063.01,0.203,-0.137,1348.16
robot,1790404063.51,0.203,-0.137,1348.15
robot,1790404064.01,0.203,-0.137,1350.08
robot,1790404064.51,0.203,-0.137,1352.90
robot,1790404065.01,0.206,-0.195,1353.14
robot,1790404065.51,0.216,-0.378,1353.27
robot,1790404066.01,0.227,-0.575,1353.43
robot,1790404066.51,0.240,-0.775,1353.49
robot,1790404067.01,0.252,-0.976,1353.60
robot,1790404067.51,0.265,-1.176,1353.65
robot,1790404068.01,0.277,-1.374,1353.74
robot,1790404068.51,0.291,-1.574,1353.84
robot,1790404069.01,0.304,-1.773,1353.94
robot,1790404069.51,0.318,-1.974,1353.97
robot,1790404070.01,0.332,-2.172,1354.04
robot,1790404070.51,0.346,-2.371,1354.16
robot,1790404071.01,0.361,-2.570,1354.19
robot,1790404071.51,0.376,-2.773,1354.27
robot,1790404072.01,0.391,-2.972,1354.36
robot,1790404072.51,0.406,-3.170,1354.43
robot,1790404073.01,0.422,-3.369,1354.50
robot,1790404073.51,0.437,-3.565,1354.57
robot,1790404074.01,0.454,-3.768,1354.69
robot,1790404074.51,0.470,-3.967,1354.72
robot,1790404075.63,0.507,-4.413,1354.87
robot,1790404076.01,0.520,-4.564,1354.92
robot,1790404076.51,0.538,-4.766,1355.01
robot,1790404077.01,0.555,-4.962,1355.12
robot,1790404077.51,0.573,-5.160,1355.21
robot,1790404078.01,0.592,-5.362,1355.27
robot,1790404078.51,0.610,-5.561,1355.33
robot,1790404079.01,0.629,-5.759,1355.47
robot,1790404079.51,0.648,-5.958,1355.52
robot,1790404080.01,0.667,-6.158,1355.57
robot,1790404080.51,0.687,-6.356,1355.68
robot,1790404081.01,0.707,-6.556,1355.77
robot,1790404081.51,0.727,-6.754,1355.80
robot,1790404082.01,0.747,-6.952,1355.87
robot,1790404082.51,0.768,-7.152,1356.00
robot,1790404083.01,0.789,-7.353,1356.05
robot,1790404083.51,0.810,-7.551,1356.10
robot,1790404084.01,0.831,-7.749,1356.19
robot,1790404084.51,0.853,-7.946,1356.27
robot,1790404085.01,0.875,-8.146,1356.32
robot,1790404085.51,0.897,-8.343,1356.38
robot,1790404086.01,0.920,-8.548,1356.47
robot,1790404086.51,0.942,-8.744,1356.52
robot,1790404087.01,0.965,-8.944,1356.58
robot,1790404087.51,0.972,-9.008,1355.98
robot,1790404088.01,0.972,-9.008,1355.98
robot,1790404088.51,0.972,-9.008,1355.99
robot,1790404089.01,0.972,-9.008,1355.99
robot,1790404089.51,0.972,-9.008,1356.00
robot,1790404090.01,0.972,-9.008,1356.02
robot,1790404090.51,0.972,-9.008,1356.01
robot,1790404091.01,0.972,-9.008,1356.02
robot,1790404091.51,0.972,-9.008,1356.01
robot,1790404092.01,0.972,-9.008,1356.03
robot,1790404092.51,0.972,-9.010,1355.93
robot,1790404093.01,0.988,-9.166,1355.94
robot,1790404093.51,1.009,-9.366,1354.95
robot,1790404094.01,1.004,-9.559,1345.07
robot,1790404094.51,0.990,-9.755,1348.71
robot,1790404095.01,0.996,-9.953,1352.71
robot,1790404095.51,1.006,-10.156,1352.82
robot,1790404096.01,1.016,-10.352,1353.02
robot,1790404096.51,1.027,-10.552,1353.16
robot,1790404097.01,1.038,-10.754,1353.19
robot,1790404098.09,1.063,-11.187,1353.35
robot,1790404098.51,1.072,-11.353,1353.41
robot,1790404099.01,1.084,-11.549,1353.53
robot,1790404099.51,1.097,-11.750,1353.62
robot,1790404100.01,1.110,-11.952,1353.73
robot,1790404100.51,1.123,-12.152,1353.75
robot,1790404101.01,1.136,-12.352,1353.88
robot,1790404101.51,1.150,-12.551,1353.96
robot,1790404102.01,1.164,-12.750,1354.03
robot,1790404102.51,1.178,-12.949,1354.12
robot,1790404103.01,1.192,-13.148,1354.25
robot,1790404103.51,1.207,-13.348,1354.33
robot,1790404104.01,1.222,-13.545,1354.31
robot,1790404104.51,1.238,-13.750,1354.44
robot,1790404105.01,1.254,-13.950,1354.52
robot,1790404105.51,1.269,-14.148,1354.59
robot,1790404106.01,1.286,-14.346,1354.71
robot,1790404106.51,1.302,-14.547,1354.79
robot,1790404107.01,1.319,-14.746,1354.88
robot,1790404107.51,1.336,-14.946,1354.90
robot,1790404108.01,1.353,-15.144,1355.01
robot,1790404108.51,1.371,-15.343,1355.09
robot,1790404109.01,1.381,-15.459,1355.02
robot,1790404109.51,1.381,-15.460,1352.78
robot,1790404110.01,1.381,-15.459,1341.87
robot,1790404110.51,1.381,-15.460,1331.11
robot,1790404111.01,1.381,-15.461,1320.57
robot,1790404111.51,1.381,-15.461,1310.05
robot,1790404112.01,1.380,-15.462,1299.40
robot,1790404112.51,1.378,-15.464,1288.54
robot,1790404113.01,1.376,-15.465,1277.81
robot,1790404113.51,1.373,-15.465,1267.37
robot,1790404114.01,1.372,-15.465,1266.33
robot,1790404114.51,1.372,-15.465,1266.38
robot,1790404115.01,1.372,-15.465,1266.39
robot,1790404115.51,1.372,-15.465,1266.38
robot,1790404116.01,1.372,-15.465,1266.39
robot,1790404116.51,1.372,-15.465,1266.40
robot,1790404117.01,1.372,-15.465,1266.40
robot,1790404117.51,1.372,-15.465,1266.43
robot,1790404118.01,1.372,-15.465,1266.43
robot,1790404118.51,1.314,-15.472,1265.96
robot,1790404119.01,1.115,-15.492,1265.99
robot,1790404119.51,0.916,-15.513,1266.04
robot,1790404120.01,0.719,-15.534,1266.10
robot,1790404120.51,0.521,-15.556,1266.16
robot,1790404121.01,0.322,-15.577,1266.29
robot,1790404121.51,0.123,-15.600,1266.35
robot,1790404122.01,-0.075,-15.622,1266.48
robot,1790404122.51,-0.276,-15.645,1266.55
robot,1790404123.01,-0.420,-15.661,1266.49
robot,1790404123.51,-0.422,-15.661,1266.50
robot,1790404124.01,-0.422,-15.661,1266.49
robot,1790404124.51,-0.422,-15.661,1266.51
robot,1790404125.01,-0.422,-15.661,1266.52
robot,1790404125.51,-0.422,-15.661,1266.52
robot,1790404126.01,-0.448,-15.664,1266.50
robot,1790404126.51,-0.580,-15.679,1266.53
robot,1790404127.01,-0.768,-15.701,1266.58
robot,1790404127.51,-0.965,-15.724,1266.68
robot,1790404128.01,-1.133,-15.744,1266.68
robot,1790404128.51,-1.143,-15.745,1266.73
robot,1790404129.01,-1.143,-15.745,1266.76
robot,1790404129.51,-1.143,-15.745,1266.77
robot,1790404130.01,-1.116,-15.742,1266.98
robot,1790404130.51,-0.966,-15.717,1272.80
robot,1790404131.01,-0.802,-15.665,1283.26
robot,1790404131.51,-0.646,-15.580,1294.33
robot,1790404132.01,-0.515,-15.469,1305.79
robot,1790404132.51,-0.405,-15.331,1317.47
robot,1790404133.01,-0.327,-15.178,1328.79
robot,1790404133.51,-0.277,-15.028,1333.77
robot,1790404134.01,-0.275,-15.022,1333.64
robot,1790404134.51,-0.275,-15.023,1333.63
robot,1790404135.01,-0.275,-15.023,1333.63
robot,1790404135.51,-0.275,-15.023,1333.64
robot,1790404136.01,-0.275,-15.023,1333.64
robot,1790404136.51,-0.275,-15.023,1333.66
robot,1790404137.01,-0.275,-15.023,1333.65
robot,1790404137.51,-0.280,-15.038,1333.40
robot,1790404138.01,-0.327,-15.197,1333.68
robot,1790404138.51,-0.330,-15.210,1333.66
robot,1790404139.01,-0.330,-15.210,1333.66
robot,1790404139.51,-0.330,-15.210,1333.64
robot,1790404140.01,-0.330,-15.210,1333.64
robot,1790404140.51,-0.330,-15.210,1333.63
robot,1790404141.01,-0.330,-15.210,1333.64
robot,1790404141.51,-0.330,-15.210,1333.63
robot,1790404142.01,-0.330,-15.210,1333.63
robot,1790404142.51,-0.330,-15.210,1333.62
robot,1790404143.01,-0.330,-15.210,1333.62
robot,1790404143.51,-0.330,-15.210,1333.41
robot,1790404144.01,-0.330,-15.209,1320.73
robot,1790404144.51,-0.331,-15.210,1310.48
robot,1790404145.01,-0.331,-15.210,1299.85
robot,1790404145.51,-0.331,-15.210,1289.63
robot,1790404146.01,-0.330,-15.210,1279.96
robot,1790404146.51,-0.331,-15.210,1270.71
robot,1790404147.01,-0.332,-15.210,1267.41
robot,1790404147.51,-0.333,-15.210,1267.34
robot,1790404148.01,-0.462,-15.226,1266.19
robot,1790404148.51,-0.658,-15.237,1259.24
robot,1790404149.01,-0.820,-15.228,1256.39
robot,1790404149.51,-0.828,-15.227,1259.14
robot,1790404150.01,-0.828,-15.227,1266.80
robot,1790404150.51,-0.840,-15.229,1266.25
robot,1790404151.01,-1.006,-15.248,1266.51
robot,1790404151.51,-1.205,-15.271,1266.72
robot,1790404152.01,-1.406,-15.295,1266.83
robot,1790404152.51,-1.604,-15.319,1266.95
robot,1790404153.01,-1.804,-15.343,1267.04
robot,1790404153.51,-1.999,-15.367,1267.14
robot,1790404154.01,-2.197,-15.392,1267.18
robot,1790404154.51,-2.394,-15.417,1267.30
robot,1790404155.01,-2.594,-15.443,1267.41
robot,1790404155.51,-2.794,-15.469,1267.47
robot,1790404156.01,-2.992,-15.495,1267.53
robot,1790404156.51,-3.191,-15.522,1267.66
robot,1790404157.01,-3.388,-15.548,1267.74
robot,1790404157.51,-3.585,-15.575,1267.81
robot,1790404158.01,-3.782,-15.602,1267.90
robot,1790404158.51,-3.981,-15.630,1267.97
robot,1790404159.01,-4.179,-15.658,1267.62
robot,1790404159.51,-4.378,-15.668,1259.74
robot,1790404160.01,-4.579,-15.667,1259.75
robot,1790404160.51,-4.778,-15.666,1259.77
robot,1790404161.01,-4.974,-15.669,1262.37
robot,1790404161.51,-5.171,-15.679,1263.53
robot,1790404162.01,-5.372,-15.693,1264.50
robot,1790404162.51,-5.569,-15.710,1265.22
robot,1790404163.01,-5.768,-15.729,1265.38
robot,1790404163.51,-5.919,-15.743,1265.54
robot,1790404164.01,-5.923,-15.744,1265.54
robot,1790404164.51,-5.922,-15.744,1270.24
robot,1790404165.01,-5.923,-15.744,1281.32
robot,1790404165.51,-5.923,-15.743,1293.83
robot,1790404166.01,-5.924,-15.745,1307.55
robot,1790404166.51,-5.924,-15.744,1320.98
robot,1790404167.01,-5.924,-15.744,1334.50
robot,1790404167.51,-5.924,-15.742,1347.46
robot,1790404168.01,-5.924,-15.743,1347.07
robot,1790404168.51,-5.924,-15.744,1347.07
robot,1790404169.01,-5.924,-15.743,1347.07
robot,1790404169.51,-5.924,-15.743,1347.05
robot,1790404170.01,-5.924,-15.743,1347.05
robot,1790404170.51,-5.924,-15.743,1347.04
robot,1790404171.01,-5.924,-15.743,1349.71
robot,1790404171.51,-5.924,-15.744,1353.46
robot,1790404172.01,-5.924,-15.744,1353.23
robot,1790404172.51,-5.924,-15.744,1353.20
robot,1790404173.01,-5.924,-15.741,1359.52
robot,1790404173.51,-5.925,-15.739,1370.21
robot,1790404174.01,-5.925,-15.738,1380.60
robot,1790404174.51,-5.925,-15.738,1390.92
robot,1790404175.01,-5.926,-15.737,1401.47
robot,1790404175.51,-5.927,-15.737,1412.13
robot,1790404176.01,-5.929,-15.736,1422.77
robot,1790404176.51,-5.930,-15.735,1433.18
robot,1790404177.01,-5.932,-15.735,1443.26
robot,1790404177.51,-5.930,-15.735,1446.99
robot,1790404178.01,-5.846,-15.725,1447.21
robot,1790404178.51,-5.649,-15.700,1447.48
robot,1790404179.01,-5.447,-15.673,1447.56
robot,1790404179.51,-5.252,-15.647,1447.64
robot,1790404180.01,-5.055,-15.620,1447.78
robot,1790404180.51,-4.853,-15.593,1447.86
robot,1790404181.01,-4.656,-15.565,1447.90
robot,1790404181.51,-4.457,-15.537,1448.04
robot,1790404182.01,-4.263,-15.510,1448.09
robot,1790404183.45,-3.859,-15.483,1439.28
robot,1790404183.51,-3.833,-15.483,1439.29
robot,1790404184.01,-3.631,-15.486,1439.27
robot,1790404184.51,-3.433,-15.488,1439.27
robot,1790404185.01,-3.229,-15.491,1439.31
robot,1790404185.51,-3.029,-15.493,1439.38
robot,1790404186.01,-2.830,-15.495,1439.41
robot,1790404186.51,-2.631,-15.497,1439.49
robot,1790404187.01,-2.432,-15.499,1439.53
robot,1790404187.51,-2.231,-15.500,1439.60
robot,1790404188.01,-2.031,-15.502,1439.68
robot,1790404188.51,-1.831,-15.503,1439.77
robot,1790404189.01,-1.631,-15.503,1439.83
robot,1790404189.51,-1.430,-15.504,1439.90
robot,1790404190.01,-1.231,-15.504,1439.96
robot,1790404190.51,-1.033,-15.504,1440.02
robot,1790404191.01,-0.830,-15.504,1440.11
robot,1790404191.51,-0.630,-15.503,1440.19
robot,1790404192.01,-0.431,-15.503,1440.22
robot,1790404192.51,-0.232,-15.502,1440.27
robot,1790404193.01,-0.030,-15.501,1440.34
robot,1790404193.51,0.170,-15.499,1440.42
robot,1790404194.01,0.370,-15.498,1440.45
robot,1790404194.51,0.570,-15.496,1440.52
robot,1790404195.01,0.773,-15.494,1440.59
robot,1790404195.51,0.969,-15.492,1440.65
robot,1790404196.01,1.170,-15.490,1440.74
robot,1790404196.51,1.369,-15.487,1440.81
robot,1790404197.01,1.563,-15.484,1441.32
robot,1790404197.51,1.763,-15.475,1443.11
robot,1790404202.67,3.824,-15.339,1444.27
robot,1790404203.01,3.961,-15.329,1444.33
robot,1790404203.51,4.162,-15.313,1444.51
robot,1790404204.01,4.361,-15.298,1444.21
robot,1790404204.51,4.553,-15.286,1443.06
robot,1790404205.01,4.751,-15.277,1441.85
robot,1790404205.51,4.949,-15.273,1440.54
robot,1790404206.01,5.148,-15.273,1439.40
robot,1790404206.51,5.345,-15.276,1438.61
robot,1790404207.01,5.544,-15.282,1438.47
robot,1790404207.51,5.745,-15.287,1438.45
robot,1790404208.01,5.944,-15.293,1438.40
robot,1790404208.51,6.146,-15.298,1438.46
robot,1790404209.01,6.343,-15.303,1438.52
robot,1790404209.51,6.544,-15.308,1438.63
robot,1790404210.01,6.746,-15.313,1438.65
robot,1790404210.51,6.946,-15.318,1438.71
robot,1790404211.01,7.146,-15.322,1438.77
robot,1790404211.51,7.344,-15.326,1438.88
robot,1790404212.01,7.543,-15.330,1438.99
robot,1790404212.51,7.745,-15.333,1439.06
robot,1790404213.01,7.944,-15.336,1439.11
robot,1790404213.51,8.146,-15.340,1439.12
robot,1790404214.01,8.347,-15.342,1439.22
robot,1790404214.51,8.547,-15.345,1439.33
robot,1790404215.01,8.746,-15.347,1439.33
robot,1790404215.51,8.950,-15.349,1439.41
robot,1790404216.01,9.145,-15.351,1439.47
robot,1790404216.51,9.345,-15.353,1439.55
robot,1790404217.01,9.545,-15.355,1439.62
robot,1790404217.51,9.748,-15.356,1439.67
robot,1790404218.01,9.950,-15.357,1439.72
robot,1790404218.51,10.150,-15.358,1439.77
robot,1790404219.01,10.346,-15.358,1439.87
robot,1790404219.51,10.549,-15.359,1439.89
robot,1790404220.01,10.749,-15.359,1439.92
robot,1790404220.51,10.950,-15.359,1439.98
robot,1790404221.01,11.150,-15.359,1441.36
robot,1790404221.51,11.348,-15.342,1448.60
robot,1790404222.01,11.530,-15.294,1462.63
robot,1790404222.51,11.582,-15.271,1463.31
robot,1790404223.01,11.583,-15.271,1474.25
robot,1790404223.51,11.582,-15.271,1492.42
robot,1790404224.01,11.582,-15.272,1511.74
robot,1790404224.51,11.582,-15.274,1531.40
robot,1790404225.01,11.582,-15.273,1536.83
robot,1790404225.51,11.581,-15.271,1536.86
robot,1790404226.01,11.569,-15.165,1536.92
robot,1790404226.51,11.564,-15.124,1537.82
robot,1790404227.01,11.564,-15.124,1551.74
robot,1790404227.51,11.563,-15.123,1556.51
robot,1790404228.01,11.563,-15.122,1556.48
robot,1790404228.51,11.563,-15.122,1556.47
robot,1790404229.01,11.563,-15.122,1556.47
robot,1790404229.51,11.563,-15.122,1556.46
robot,1790404230.01,11.561,-15.118,1556.55
robot,1790404230.51,11.510,-15.015,1556.68
robot,1790404231.01,11.486,-14.967,1556.69
robot,1790404233.65,11.454,-14.912,1570.02
robot,1790404234.01,11.456,-14.913,1578.17
robot,1790404234.51,11.454,-14.912,1588.74
robot,1790404235.01,11.454,-14.912,1600.03
robot,1790404235.51,11.455,-14.912,1612.99
robot,1790404236.01,11.455,-14.912,1621.13
robot,1790404236.51,11.455,-14.912,1623.39
robot,1790404237.01,11.454,-14.912,1627.67
robot,1790404237.51,11.453,-14.912,1627.46
robot,1790404238.01,11.450,-14.913,1626.26
robot,1790404238.51,11.450,-14.913,1624.75
robot,1790404239.01,11.339,-14.921,1624.30
robot,1790404239.51,11.139,-14.936,1624.40
robot,1790404240.01,10.941,-14.952,1624.45
robot,1790404240.51,10.739,-14.968,1624.50
robot,1790404241.01,10.540,-14.983,1624.53
robot,1790404241.51,10.341,-14.999,1624.62
robot,1790404242.01,10.143,-15.015,1624.70
robot,1790404242.51,9.944,-15.032,1624.76
robot,1790404243.01,9.744,-15.049,1624.87
robot,1790404243.51,9.543,-15.066,1624.95
robot,1790404244.01,9.344,-15.083,1625.02
robot,1790404244.51,9.149,-15.101,1625.12
robot,1790404245.01,8.950,-15.119,1625.25
robot,1790404245.51,8.746,-15.137,1625.28
robot,1790404246.01,8.547,-15.156,1625.32
robot,1790404246.51,8.347,-15.175,1625.46
robot,1790404247.01,8.149,-15.194,1625.53
robot,1790404247.51,7.949,-15.213,1625.57
robot,1790404248.01,7.748,-15.233,1625.64
robot,1790404248.51,7.552,-15.248,1623.10
robot,1790404249.01,7.351,-15.259,1623.04
robot,1790404249.51,7.152,-15.269,1623.06
robot,1790404250.01,6.951,-15.280,1623.06
robot,1790404250.51,6.752,-15.290,1623.10
robot,1790404251.01,6.551,-15.301,1623.14
robot,1790404251.51,6.351,-15.312,1623.19
robot,1790404252.01,6.155,-15.324,1623.27
robot,1790404252.51,5.955,-15.335,1623.37
robot,1790404253.01,5.753,-15.347,1623.42
robot,1790404253.51,5.554,-15.359,1623.49
robot,1790404254.01,5.357,-15.371,1623.56
robot,1790404254.51,5.155,-15.384,1623.67
robot,1790404255.00,4.958,-15.397,1623.72
robot,1790404255.51,4.754,-15.410,1623.77
robot,1790404256.01,4.555,-15.423,1623.85
robot,1790404256.51,4.356,-15.437,1623.88
robot,1790404257.01,4.155,-15.451,1623.99
robot,1790404257.51,3.955,-15.465,1624.05
robot,1790404258.01,3.756,-15.479,1624.06
robot,1790404258.51,3.559,-15.493,1624.14
robot,1790404259.01,3.358,-15.508,1624.19
robot,1790404259.51,3.163,-15.522,1624.32
robot,1790404260.01,2.958,-15.538,1624.41
robot,1790404260.51,2.760,-15.553,1624.43
robot,1790404261.01,2.555,-15.569,1624.47
robot,1790404261.51,2.359,-15.584,1624.54
robot,1790404262.01,2.159,-15.601,1624.66
robot,1790404262.51,1.959,-15.617,1624.73
robot,1790404263.01,1.761,-15.633,1624.77
robot,1790404263.51,1.563,-15.650,1624.85
robot,1790404264.01,1.359,-15.667,1624.89
robot,1790404264.51,1.159,-15.685,1624.97
robot,1790404265.01,0.960,-15.702,1625.06
robot,1790404266.11,0.519,-15.742,1625.24
robot,1790404266.51,0.363,-15.756,1625.26
robot,1790404267.01,0.161,-15.775,1625.34
robot,1790404267.51,-0.039,-15.794,1625.41
robot,1790404268.01,-0.237,-15.813,1625.52
robot,1790404268.51,-0.438,-15.832,1625.59
robot,1790404269.01,-0.636,-15.852,1625.64
robot,1790404269.51,-0.835,-15.871,1625.73
robot,1790404270.01,-1.033,-15.891,1625.84
robot,1790404270.51,-1.234,-15.912,1625.92
robot,1790404271.01,-1.431,-15.933,1625.99
robot,1790404271.51,-1.630,-15.954,1626.06
robot,1790404272.01,-1.832,-15.975,1626.10
robot,1790404272.51,-2.030,-15.997,1626.20
robot,1790404273.01,-2.229,-16.018,1626.28
robot,1790404273.51,-2.426,-16.040,1626.29
robot,1790404274.01,-2.624,-16.062,1626.41
robot,1790404274.51,-2.825,-16.085,1626.43
robot,1790404275.01,-3.022,-16.107,1626.56
robot,1790404275.51,-3.220,-16.130,1626.62
robot,1790404276.01,-3.422,-16.153,1626.69
robot,1790404276.51,-3.620,-16.177,1626.80
robot,1790404277.01,-3.818,-16.200,1626.83
robot,1790404277.51,-4.015,-16.224,1626.91
robot,1790404278.01,-4.214,-16.248,1627.02
robot,1790404278.51,-4.414,-16.273,1627.09
robot,1790404279.01,-4.611,-16.298,1627.21
robot,1790404279.51,-4.812,-16.323,1627.29
robot,1790404280.01,-5.011,-16.349,1627.34
robot,1790404280.51,-5.208,-16.375,1627.44
robot,1790404281.01,-5.406,-16.401,1627.51
robot,1790404281.51,-5.606,-16.427,1627.58
robot,1790404282.01,-5.801,-16.453,1627.61
robot,1790404282.51,-5.999,-16.480,1627.68
robot,1790404283.01,-6.200,-16.507,1627.76
robot,1790404283.51,-6.398,-16.534,1627.84
robot,1790404284.01,-6.597,-16.561,1627.89
robot,1790404284.51,-6.792,-16.589,1627.92
robot,1790404285.01,-6.900,-16.604,1627.90
robot,1790404285.51,-6.902,-16.604,1625.78
robot,1790404286.01,-6.902,-16.604,1610.99
robot,1790404286.51,-6.900,-16.605,1595.61
robot,1790404287.01,-6.902,-16.604,1579.73
robot,1790404287.51,-6.900,-16.605,1563.95
robot,1790404288.01,-6.900,-16.606,1548.86
robot,1790404288.51,-6.901,-16.606,1533.66
robot,1790404289.01,-6.901,-16.605,1528.87
robot,1790404289.51,-6.901,-16.606,1528.43
robot,1790404290.01,-6.901,-16.605,1511.00
robot,1790404290.51,-6.900,-16.604,1490.42
robot,1790404291.01,-6.901,-16.604,1470.61
robot,1790404291.51,-6.902,-16.604,1457.56
robot,1790404292.01,-6.902,-16.604,1446.66
robot,1790404292.51,-6.901,-16.604,1445.05
robot,1790404293.01,-6.805,-16.596,1444.55
robot,1790404293.51,-6.629,-16.582,1444.63
robot,1790404294.01,-6.430,-16.566,1444.64
robot,1790404294.51,-6.231,-16.549,1444.76
robot,1790404295.01,-6.029,-16.533,1444.84
robot,1790404295.51,-5.829,-16.516,1444.90
robot,1790404296.01,-5.636,-16.499,1444.98
robot,1790404296.51,-5.435,-16.481,1445.06
robot,1790404297.01,-5.234,-16.463,1445.13
robot,1790404297.51,-5.032,-16.445,1445.19
robot,1790404298.01,-4.832,-16.427,1445.29
robot,1790404298.51,-4.631,-16.408,1445.34
robot,1790404299.01,-4.431,-16.389,1445.58
robot,1790404299.51,-4.250,-16.356,1458.05
robot,1790404300.01,-4.066,-16.290,1460.30
robot,1790404300.51,-3.877,-16.219,1460.50
robot,1790404301.01,-3.690,-16.149,1460.70
robot,1790404301.51,-3.504,-16.078,1460.83
robot,1790404302.01,-3.313,-16.006,1460.84
robot,1790404302.51,-3.127,-15.935,1460.16
robot,1790404303.01,-2.935,-15.878,1452.26
robot,1790404303.51,-2.744,-15.841,1450.85
robot,1790404304.01,-2.548,-15.803,1450.89
robot,1790404304.51,-2.351,-15.765,1450.79
robot,1790404305.01,-2.153,-15.728,1450.83
robot,1790404305.51,-1.956,-15.690,1450.92
robot,1790404306.01,-1.761,-15.652,1450.92
robot,1790404306.51,-1.566,-15.615,1450.96
robot,1790404307.01,-1.368,-15.576,1451.04
robot,1790404307.51,-1.172,-15.538,1451.14
robot,1790404308.01,-0.976,-15.499,1451.18
robot,1790404308.51,-0.780,-15.460,1451.27
robot,1790404309.01,-0.583,-15.421,1451.36
robot,1790404309.51,-0.386,-15.381,1451.37
robot,1790404310.01,-0.191,-15.342,1451.45
robot,1790404310.51,0.002,-15.302,1451.57
robot,1790404311.01,0.198,-15.262,1451.63
robot,1790404311.51,0.397,-15.221,1451.65
robot,1790404312.01,0.592,-15.184,1447.28
robot,1790404312.51,0.790,-15.173,1441.52
robot,1790404313.01,0.990,-15.167,1441.52
robot,1790404313.51,1.189,-15.162,1441.48
robot,1790404314.01,1.390,-15.157,1441.46
robot,1790404314.51,1.589,-15.152,1441.49
robot,1790404315.01,1.787,-15.146,1441.27
robot,1790404315.51,1.975,-15.161,1431.53
robot,1790404316.01,2.176,-15.191,1431.46
robot,1790404316.51,2.373,-15.220,1431.48
robot,1790404317.01,2.570,-15.250,1431.54
robot,1790404317.51,2.768,-15.279,1431.52
robot,1790404318.01,2.967,-15.309,1431.57
robot,1790404318.51,3.164,-15.338,1431.62
robot,1790404319.01,3.363,-15.367,1431.71
robot,1790404319.51,3.559,-15.395,1431.77
robot,1790404320.01,3.758,-15.424,1431.89
robot,1790404320.51,3.956,-15.452,1431.92
robot,1790404321.01,4.154,-15.480,1431.97
robot,1790404321.51,4.349,-15.508,1432.04
robot,1790404322.01,4.551,-15.536,1432.09
robot,1790404322.51,4.747,-15.563,1432.14
robot,1790404323.01,4.945,-15.590,1432.19
robot,1790404323.51,5.145,-15.617,1432.25
robot,1790404324.01,5.342,-15.644,1432.35
robot,1790404324.51,5.540,-15.671,1432.43
robot,1790404325.01,5.737,-15.695,1433.92
robot,1790404325.51,5.931,-15.709,1437.92
robot,1790404326.01,6.132,-15.713,1439.73
robot,1790404326.51,6.327,-15.712,1441.19
robot,1790404327.01,6.529,-15.706,1441.64
robot,1790404327.51,6.728,-15.700,1441.76
robot,1790404328.01,6.927,-15.694,1441.95
robot,1790404328.51,7.123,-15.687,1442.07
robot,1790404329.01,7.327,-15.679,1442.19
robot,1790404329.51,7.527,-15.672,1442.31
robot,1790404330.01,7.727,-15.664,1442.35
robot,1790404330.51,7.928,-15.655,1442.44
robot,1790404331.01,8.126,-15.647,1442.53
robot,1790404331.51,8.323,-15.638,1442.68
robot,1790404332.01,8.528,-15.628,1442.79
robot,1790404332.51,8.724,-15.618,1442.81
robot,1790404333.01,8.923,-15.608,1442.93
robot,1790404333.51,9.112,-15.587,1453.89
robot,1790404334.01,9.268,-15.525,1469.82
robot,1790404334.51,9.400,-15.424,1485.48
robot,1790404335.01,9.501,-15.289,1502.02
robot,1790404335.51,9.561,-15.126,1515.50
robot,1790404336.01,9.599,-14.969,1516.51
robot,1790404336.51,9.657,-14.790,1505.70
robot,1790404337.01,9.756,-14.623,1492.47
robot,1790404337.51,9.880,-14.498,1477.18
robot,1790404338.01,10.026,-14.413,1462.58
robot,1790404338.51,10.188,-14.367,1448.96
robot,1790404339.01,10.377,-14.338,1448.38
robot,1790404339.51,10.578,-14.309,1448.23
robot,1790404340.01,10.774,-14.281,1448.28
robot,1790404340.51,10.972,-14.252,1448.31
robot,1790404341.01,11.169,-14.223,1448.30
robot,1790404341.51,11.369,-14.194,1448.46
robot,1790404342.01,11.567,-14.164,1448.49
robot,1790404342.51,11.765,-14.138,1444.08
robot,1790404343.01,11.963,-14.129,1442.72
robot,1790404343.51,12.085,-14.123,1442.55
robot,1790404344.01,12.086,-14.123,1442.58
robot,1790404344.51,12.086,-14.123,1442.59
robot,1790404345.01,12.086,-14.123,1442.57
robot,1790404345.51,12.086,-14.123,1442.56
robot,1790404346.01,12.074,-14.124,1442.51
robot,1790404346.51,12.069,-14.124,1442.54
robot,1790404347.01,12.070,-14.124,1436.07
robot,1790404347.51,12.069,-14.124,1425.98
robot,1790404348.01,12.069,-14.124,1415.90
robot,1790404348.51,12.068,-14.123,1405.64
robot,1790404349.01,12.069,-14.124,1394.93
robot,1790404349.51,12.069,-14.125,1384.75
robot,1790404350.01,12.069,-14.125,1375.04
robot,1790404350.51,12.069,-14.125,1365.16
robot,1790404351.01,12.069,-14.123,1355.14
robot,1790404351.51,12.069,-14.127,1353.76
robot,1790404352.01,12.071,-14.152,1353.72
robot,1790404352.51,12.075,-14.211,1353.66
robot,1790404353.01,12.077,-14.253,1353.70
robot,1790404353.51,12.077,-14.253,1353.53
robot,1790404354.01,12.077,-14.252,1340.56
robot,1790404354.51,12.077,-14.253,1326.41
robot,1790404355.01,12.077,-14.254,1321.00
robot,1790404355.51,12.051,-14.301,1320.97
robot,1790404356.01,12.023,-14.351,1315.84
robot,1790404356.51,12.017,-14.357,1305.61
robot,1790404357.01,12.000,-14.374,1305.54
robot,1790404357.51,11.920,-14.456,1305.43
robot,1790404358.01,11.852,-14.525,1305.49
robot,1790404358.51,11.851,-14.526,1305.53
robot,1790404359.01,11.851,-14.526,1294.99
robot,1790404359.51,11.851,-14.527,1287.83
robot,1790404360.01,11.757,-14.576,1287.72
robot,1790404360.51,11.626,-14.645,1287.73
robot,1790404361.01,11.510,-14.706,1287.75
robot,1790404361.51,11.388,-14.770,1287.73
robot,1790404362.01,11.262,-14.836,1287.78
robot,1790404362.51,11.133,-14.904,1287.80
robot,1790404363.01,11.005,-14.972,1287.86
robot,1790404363.51,10.875,-15.041,1287.88
robot,1790404364.01,10.747,-15.108,1287.88
robot,1790404364.51,10.621,-15.175,1287.89
robot,1790404365.01,10.492,-15.243,1287.96
robot,1790404365.51,10.365,-15.311,1287.98
robot,1790404366.01,10.269,-15.355,1277.67
robot,1790404366.51,10.170,-15.375,1268.03
robot,1790404367.01,10.006,-15.398,1267.95
robot,1790404367.51,9.833,-15.422,1267.91
robot,1790404368.01,9.644,-15.448,1267.96
robot,1790404368.51,9.451,-15.475,1268.05
robot,1790404369.01,9.250,-15.504,1268.05
robot,1790404369.51,9.054,-15.531,1268.11
robot,1790404370.01,8.854,-15.560,1268.21
robot,1790404370.51,8.657,-15.589,1268.29
robot,1790404371.01,8.457,-15.618,1268.33
robot,1790404371.51,8.264,-15.646,1268.21
robot,1790404372.01,8.068,-15.673,1267.62
robot,1790404372.51,7.871,-15.699,1267.15
robot,1790404373.01,7.724,-15.717,1266.85
robot,1790404373.51,7.709,-15.719,1266.97
robot,1790404374.01,7.656,-15.725,1266.78
robot,1790404374.51,7.475,-15.747,1266.81
robot,1790404375.01,7.277,-15.771,1266.86
robot,1790404375.51,7.080,-15.795,1266.96
robot,1790404376.01,6.882,-15.819,1266.99
robot,1790404376.51,6.684,-15.843,1267.03
robot,1790404377.01,6.486,-15.868,1267.11
robot,1790404377.51,6.284,-15.893,1267.18
robot,1790404378.01,6.085,-15.918,1267.24
robot,1790404378.51,5.892,-15.943,1267.32
robot,1790404379.01,5.689,-15.969,1267.39
robot,1790404379.51,5.492,-15.995,1267.43
robot,1790404380.01,5.294,-16.020,1267.52
robot,1790404380.51,5.095,-16.047,1267.59
robot,1790404381.01,4.897,-16.073,1267.66
robot,1790404381.51,4.699,-16.100,1267.69
robot,1790404382.01,4.499,-16.127,1267.75
robot,1790404382.51,4.302,-16.144,1260.16
robot,1790404383.01,4.107,-16.145,1260.21
robot,1790404383.51,3.904,-16.145,1260.25
robot,1790404384.01,3.704,-16.146,1260.20
robot,1790404384.51,3.504,-16.147,1260.24
robot,1790404385.01,3.304,-16.148,1260.29
robot,1790404385.51,3.104,-16.149,1260.34
robot,1790404386.01,2.905,-16.150,1260.45
robot,1790404386.51,2.703,-16.152,1260.53
robot,1790404387.01,2.504,-16.154,1260.51
robot,1790404387.51,2.304,-16.156,1260.62
robot,1790404388.01,2.158,-16.157,1260.44
robot,1790404388.51,1.975,-16.159,1260.50
robot,1790404389.01,1.812,-16.160,1260.47
robot,1790404389.51,1.805,-16.160,1260.48
robot,1790404390.01,1.804,-16.160,1256.70
robot,1790404390.51,1.805,-16.161,1240.90
robot,1790404391.01,1.802,-16.160,1236.78
robot,1790404391.51,1.679,-16.106,1236.27
robot,1790404392.01,1.658,-16.096,1235.64
robot,1790404392.51,1.658,-16.097,1231.05
robot,1790404393.01,1.658,-16.097,1226.01
robot,1790404393.51,1.658,-16.097,1218.38
robot,1790404394.01,1.657,-16.096,1209.51
robot,1790404394.51,1.658,-16.096,1200.79
robot,1790404395.01,1.658,-16.097,1196.89
robot,1790404395.51,1.626,-16.035,1196.68
robot,1790404396.01,1.568,-15.918,1196.59
robot,1790404396.51,1.510,-15.803,1196.58
robot,1790404397.01,1.454,-15.691,1196.61
robot,1790404397.51,1.398,-15.580,1196.70
robot,1790404398.01,1.355,-15.493,1196.28
robot,1790404398.51,1.326,-15.426,1189.52
robot,1790404399.01,1.296,-15.331,1186.81
robot,1790404399.51,1.247,-15.166,1184.96
robot,1790404400.01,1.224,-15.036,1176.65
robot,1790404400.51,1.203,-14.857,1176.58
robot,1790404401.01,1.180,-14.656,1176.54
robot,1790404401.51,1.157,-14.456,1176.54
robot,1790404402.01,1.134,-14.259,1176.66
robot,1790404402.51,1.111,-14.060,1176.70
robot,1790404403.01,1.088,-13.863,1176.76
robot,1790404403.51,1.064,-13.666,1176.86
robot,1790404404.01,1.040,-13.463,1176.95
robot,1790404404.51,1.015,-13.265,1176.99
robot,1790404405.01,0.991,-13.070,1177.08
robot,1790404405.51,0.966,-12.869,1177.19
robot,1790404406.01,0.941,-12.671,1177.26
robot,1790404406.51,0.916,-12.473,1177.37
robot,1790404407.01,0.891,-12.275,1176.07
robot,1790404407.51,0.878,-12.078,1171.74
robot,1790404408.01,0.872,-11.879,1171.69
robot,1790404408.51,0.866,-11.679,1171.68
robot,1790404409.01,0.861,-11.478,1171.74
robot,1790404409.51,0.855,-11.282,1171.75
robot,1790404410.01,0.848,-11.083,1171.80
robot,1790404410.51,0.842,-10.880,1171.90
robot,1790404411.01,0.835,-10.680,1171.96
robot,1790404411.51,0.828,-10.476,1172.03
robot,1790404412.01,0.821,-10.277,1172.11
robot,1790404412.51,0.813,-10.076,1172.19
robot,1790404413.01,0.806,-9.877,1172.26
robot,1790404413.51,0.797,-9.674,1172.29
robot,1790404414.01,0.789,-9.476,1172.44
robot,1790404414.51,0.781,-9.276,1172.51
robot,1790404415.01,0.772,-9.074,1172.56
robot,1790404415.51,0.762,-8.874,1172.71
robot,1790404416.01,0.753,-8.673,1172.82
robot,1790404416.51,0.743,-8.477,1172.87
robot,1790404417.01,0.733,-8.278,1172.97
robot,1790404417.51,0.722,-8.078,1173.11
robot,1790404418.01,0.711,-7.877,1173.11
robot,1790404418.51,0.700,-7.678,1173.19
robot,1790404419.01,0.689,-7.477,1173.26
robot,1790404419.51,0.678,-7.279,1173.34
robot,1790404420.01,0.666,-7.080,1173.43
robot,1790404420.51,0.654,-6.878,1173.50
robot,1790404421.01,0.641,-6.680,1173.59
robot,1790404421.51,0.628,-6.477,1173.66
robot,1790404422.01,0.616,-6.278,1173.76
robot,1790404422.51,0.602,-6.077,1173.87
robot,1790404423.01,0.589,-5.877,1173.94
robot,1790404423.51,0.575,-5.678,1173.97
robot,1790404424.01,0.561,-5.481,1174.09
robot,1790404424.51,0.546,-5.282,1174.23
robot,1790404425.01,0.531,-5.080,1174.27
robot,1790404425.51,0.516,-4.881,1174.32
robot,1790404426.01,0.501,-4.681,1174.49
robot,1790404426.51,0.485,-4.482,1174.52
robot,1790404427.01,0.470,-4.285,1174.60
robot,1790404427.51,0.453,-4.085,1174.68
robot,1790404428.01,0.437,-3.884,1174.77
robot,1790404428.51,0.420,-3.685,1174.81
robot,1790404429.01,0.404,-3.489,1174.31
robot,1790404429.51,0.392,-3.289,1172.80
robot,1790404430.01,0.382,-3.091,1172.70
robot,1790404430.51,0.373,-2.891,1172.65
robot,1790404431.01,0.363,-2.689,1172.71
robot,1790404431.51,0.354,-2.492,1172.75
robot,1790404432.01,0.344,-2.293,1172.78
robot,1790404432.51,0.334,-2.090,1172.92
robot,1790404433.01,0.324,-1.891,1172.95
robot,1790404433.51,0.314,-1.692,1173.02
robot,1790404434.01,0.303,-1.492,1173.10
robot,1790404434.51,0.292,-1.293,1173.17
robot,1790404435.01,0.281,-1.092,1173.26
robot,1790404435.51,0.271,-0.916,1173.14
robot,1790404436.01,0.270,-0.904,1173.22
robot,1790404436.51,0.270,-0.904,1172.32
robot,1790404437.01,0.270,-0.899,1169.35
robot,1790404437.51,0.271,-0.881,1166.01
robot,1790404438.01,0.275,-0.846,1159.46
robot,1790404438.51,0.291,-0.783,1152.28
robot,1790404439.01,0.330,-0.679,1146.61
robot,1790404439.51,0.384,-0.570,1140.74
robot,1790404440.01,0.450,-0.465,1135.04
robot,1790404440.51,0.528,-0.363,1129.38
robot,1790404441.01,0.616,-0.273,1122.32
robot,1790404441.51,0.714,-0.194,1115.19
robot,1790404442.01,0.820,-0.129,1108.01
robot,1790404442.51,0.932,-0.077,1100.95
robot,1790404443.01,1.048,-0.040,1094.06
robot,1790404443.51,1.161,-0.019,1087.10
robot,1790404444.01,1.231,-0.013,1083.90
robot,1790404444.51,1.265,-0.011,1083.29
robot,1790404445.01,1.429,-0.000,1083.53
robot,1790404445.51,1.482,0.003,1083.54
robot,1790404446.01,1.482,0.003,1077.52
robot,1790404446.51,1.481,0.003,1067.42
robot,1790404447.01,1.448,0.010,1067.31
robot,1790404447.51,1.319,0.039,1067.38
robot,1790404448.01,1.186,0.067,1069.61
robot,1790404448.51,1.053,0.083,1077.56
robot,1790404449.01,0.931,0.088,1077.41
robot,1790404449.51,0.801,0.094,1077.61
robot,1790404450.01,0.664,0.098,1079.58
robot,1790404450.51,0.532,0.095,1082.62
robot,1790404451.01,0.411,0.087,1084.22
robot,1790404451.51,0.310,0.080,1084.31
robot,1790404452.01,0.215,0.072,1084.40
robot,1790404452.51,0.126,0.065,1084.45
robot,1790404453.01,0.044,0.059,1083.96
robot,1790404453.51,0.012,0.057,1083.95
robot,1790404454.01,0.012,0.057,1083.95
robot,1790404454.51,0.012,0.057,1083.97
robot,1790404455.01,0.012,0.057,1083.97
robot,1790404455.51,0.012,0.057,1083.98
robot,1790404456.01,0.012,0.057,1084.00
robot,1790404456.51,0.012,0.057,1084.00
robot,1790404457.01,0.012,0.057,1083.99
robot,1790404457.51,0.012,0.057,1083.98
robot,1790404458.01,0.012,0.057,1083.99
robot,1790404458.51,0.012,0.057,1083.99
robot,1790404459.01,0.012,0.057,1083.97
robot,1790404459.51,0.012,0.057,1083.96
robot,1790404460.01,0.012,0.057,1083.96
robot,1790404460.51,0.012,0.057,1083.96
robot,1790404461.01,0.012,0.057,1083.96
robot,1790404461.51,0.012,0.057,1083.95
robot,1790404462.01,0.012,0.057,1083.95
robot,1790404462.51,0.012,0.057,1083.96
robot,1790404463.01,0.012,0.057,1083.97
robot,1790404463.51,0.012,0.057,1083.97
robot,1790404464.01,0.012,0.057,1083.97
robot,1790404464.51,0.012,0.057,1083.98
robot,1790404465.01,0.012,0.057,1083.98
robot,1790404465.51,0.012,0.057,1083.98
robot,1790404466.01,0.012,0.057,1083.99
robot,1790404466.51,0.012,0.057,1083.99
robot,1790404467.01,0.012,0.057,1083.99
robot,1790404467.51,0.012,0.057,1083.98
robot,1790404468.01,0.012,0.057,1083.99
robot,1790404468.51,0.012,0.057,1083.99
robot,1790404469.01,0.012,0.057,1083.99
robot,1790404469.51,0.012,0.057,1084.00
robot,1790404470.01,0.012,0.057,1084.00
robot,1790404470.51,0.012,0.057,1084.00
robot,1790404471.01,0.012,0.057,1084.01
robot,1790404471.51,0.012,0.057,1084.01
robot,1790404472.01,0.012,0.057,1084.01
robot,1790404472.51,0.012,0.057,1084.00
robot,1790404473.01,0.012,0.057,1084.02
robot,1790404473.51,0.012,0.057,1084.02
robot,1790404474.01,0.012,0.057,1084.01
robot,1790404474.51,0.012,0.057,1084.01
robot,1790404475.01,0.012,0.057,1084.00
robot,1790404475.51,0.012,0.057,1084.00
robot,1790404476.01,0.012,0.057,1083.99
robot,1790404476.51,0.012,0.057,1083.98
robot,1790404477.01,0.012,0.057,1083.95
robot,1790404477.51,0.012,0.057,1083.96
robot,1790404478.01,0.012,0.057,1083.95
robot,1790404478.51,0.012,0.057,1083.95
robot,1790404479.01,0.012,0.057,1083.95
robot,1790404479.51,0.012,0.057,1083.94
robot,1790404480.01,0.012,0.057,1083.94
robot,1790404480.51,0.012,0.057,1083.93
robot,1790404481.01,0.012,0.057,1083.93
robot,1790404481.51,0.012,0.057,1083.94
robot,1790404482.01,0.012,0.057,1083.92
robot,1790404482.51,0.012,0.057,1083.91
robot,1790404483.01,0.012,0.057,1083.93
robot,1790404483.51,0.012,0.057,1083.94
robot,1790404484.01,0.012,0.057,1083.94
robot,1790404484.51,0.012,0.057,1083.93
robot,1790404485.01,0.012,0.057,1083.93
robot,1790404485.51,0.012,0.057,1083.96
robot,1790404486.01,0.012,0.057,1083.96
robot,1790404486.51,0.012,0.057,1083.97
robot,1790404487.01,0.012,0.057,1084.00
robot,1790404487.51,0.012,0.057,1083.98
robot,1790404488.01,0.012,0.057,1083.96
robot,1790404488.51,0.012,0.057,1083.97
robot,1790404489.01,0.012,0.057,1083.96
robot,1790404489.51,0.012,0.057,1083.96
robot,1790404490.01,0.012,0.057,1083.96
robot,1790404490.51,0.012,0.057,1083.96
robot,1790404491.01,0.012,0.057,1083.96
robot,1790404491.51,0.012,0.057,1083.96
robot,1790404492.01,0.012,0.057,1083.94
robot,1790404492.51,0.012,0.057,1083.92
robot,1790404493.01,0.012,0.057,1083.91
robot,1790404493.51,0.012,0.057,1083.92
robot,1790404494.01,0.012,0.057,1083.93
robot,1790404494.51,0.012,0.057,1083.93
robot,1790404495.01,0.012,0.057,1083.94
robot,1790404495.51,0.012,0.057,1083.94
robot,1790404496.01,0.012,0.057,1083.94
robot,1790404496.51,0.012,0.057,1083.93
robot,1790404497.01,0.012,0.057,1083.93
robot,1790404497.51,0.012,0.057,1083.94
robot,1790404498.01,0.012,0.057,1083.93
robot,1790404498.51,0.012,0.057,1083.93
robot,1790404499.01,0.012,0.057,1083.93
robot,1790404499.51,0.012,0.057,1083.95
robot,1790404500.01,0.012,0.057,1083.95
robot,1790404500.51,0.012,0.057,1083.94
robot,1790404501.01,0.012,0.057,1083.96
robot,1790404501.51,0.012,0.057,1083.97
robot,1790404502.01,0.012,0.057,1083.97
robot,1790404502.51,0.012,0.057,1083.96
robot,1790404503.01,0.012,0.057,1083.96
robot,1790404503.51,0.012,0.057,1083.97
robot,1790404504.01,0.012,0.057,1083.96
robot,1790404504.51,0.012,0.057,1083.96
robot,1790404505.01,0.012,0.057,1083.96
robot,1790404505.51,0.012,0.057,1083.97
robot,1790404506.01,0.012,0.057,1083.98
robot,1790404506.51,0.012,0.057,1084.01
robot,1790404507.01,0.012,0.057,1084.00
robot,1790404507.51,0.012,0.057,1083.99
robot,1790404508.01,0.012,0.057,1084.00
robot,1790404508.51,0.012,0.057,1083.99
robot,1790404509.01,0.012,0.057,1084.00
robot,1790404509.51,0.012,0.057,1084.00
robot,1790404510.01,0.012,0.057,1084.01
robot,1790404510.51,0.012,0.057,1084.00
robot,1790404511.01,0.012,0.057,1084.00
robot,1790404511.51,0.012,0.057,1084.02
robot,1790404512.01,0.012,0.057,1084.03
robot,1790404512.51,0.012,0.057,1084.03
robot,1790404513.01,0.012,0.057,1084.04
robot,1790404513.51,0.012,0.057,1084.03
robot,1790404514.01,0.012,0.057,1084.04
robot,1790404514.51,0.012,0.057,1084.04
robot,1790404515.01,0.012,0.057,1084.05
robot,1790404515.51,0.012,0.057,1084.06
robot,1790404516.01,0.012,0.057,1084.05
robot,1790404516.51,0.012,0.057,1084.05
robot,1790404517.01,0.012,0.057,1084.07
robot,1790404517.51,0.012,0.057,1084.07
robot,1790404518.01,0.012,0.057,1084.08
robot,1790404518.51,0.012,0.057,1084.10
robot,1790404519.01,0.012,0.057,1084.10
robot,1790404519.51,0.012,0.057,1084.10
robot,1790404520.01,0.012,0.057,1084.09
robot,1790404520.51,0.012,0.057,1084.09
robot,1790404521.01,0.012,0.057,1084.10
robot,1790404521.51,0.012,0.057,1084.09
robot,1790404522.01,0.012,0.057,1084.10
robot,1790404522.51,0.012,0.057,1084.09
robot,1790404523.01,0.012,0.057,1084.09
robot,1790404523.51,0.012,0.057,1084.10
robot,1790404524.01,0.012,0.057,1084.08
robot,1790404524.51,0.012,0.057,1084.06
robot,1790404525.01,0.012,0.057,1084.08
robot,1790404525.51,0.012,0.057,1084.08
robot,1790404526.01,0.012,0.057,1084.07
robot,1790404526.51,0.012,0.057,1084.06
robot,1790404527.01,0.012,0.057,1084.07
robot,1790404527.51,0.012,0.057,1084.08
robot,1790404528.01,0.012,0.057,1084.10
robot,1790404528.51,0.012,0.057,1084.09
robot,1790404529.01,0.012,0.057,1084.09
robot,1790404529.51,0.012,0.057,1084.07
robot,1790404530.01,0.012,0.057,1084.07
robot,1790404530.51,0.012,0.057,1084.06
robot,1790404531.01,0.012,0.057,1084.05
robot,1790404531.51,0.012,0.057,1084.05
robot,1790404532.01,0.012,0.057,1084.04
robot,1790404532.51,0.012,0.057,1084.05
robot,1790404533.01,0.012,0.057,1084.05
robot,1790404533.51,0.012,0.057,1084.05
robot,1790404534.01,0.012,0.057,1084.07
robot,1790404534.51,0.012,0.057,1084.07
robot,1790404535.01,0.012,0.057,1084.07
robot,1790404535.51,0.012,0.057,1084.07
robot,1790404536.01,0.012,0.057,1084.06
robot,1790404536.51,0.012,0.057,1084.08
robot,1790404537.01,0.012,0.057,1084.06
robot,1790404537.51,0.012,0.057,1084.06
robot,1790404538.01,0.012,0.057,1084.07
robot,1790404538.51,0.012,0.057,1084.08
robot,1790404539.01,0.012,0.057,1084.08
robot,1790404539.51,0.012,0.057,1084.08
robot,1790404540.01,0.012,0.057,1084.08
robot,1790404540.51,0.012,0.057,1084.09
robot,1790404541.01,0.012,0.057,1084.09
robot,1790404541.51,0.012,0.057,1084.09
robot,1790404542.01,0.012,0.057,1084.09
robot,1790404542.51,0.012,0.057,1084.10
robot,1790404543.01,0.012,0.057,1084.11
robot,1790404543.51,0.012,0.057,1084.11
robot,1790404544.01,0.012,0.057,1084.11
robot,1790404544.51,0.012,0.057,1084.12
robot,1790404545.01,0.012,0.057,1084.13
robot,1790404545.51,0.012,0.057,1084.12
robot,1790404546.01,0.012,0.057,1084.12
robot,1790404546.51,0.012,0.057,1084.12
robot,1790404547.01,0.012,0.057,1084.10
robot,1790404547.51,0.012,0.057,1084.12
robot,1790404548.01,0.012,0.057,1084.11
robot,1790404548.51,0.012,0.057,1084.14
robot,1790404549.01,0.012,0.057,1084.14
robot,1790404549.51,0.012,0.057,1084.13
robot,1790404550.01,0.012,0.057,1084.12
robot,1790404550.51,0.012,0.057,1084.13
robot,1790404551.01,0.012,0.057,1084.13
robot,1790404551.51,0.012,0.057,1084.15
robot,1790404552.01,0.012,0.057,1084.15
robot,1790404552.51,0.012,0.057,1084.15
robot,1790404553.01,0.012,0.057,1084.16
robot,1790404553.51,0.012,0.057,1084.17
robot,1790404554.01,0.012,0.057,1084.17
robot,1790404554.51,0.012,0.057,1084.17
robot,1790404555.01,0.012,0.057,1084.17
robot,1790404555.51,0.012,0.057,1084.20
robot,1790404556.01,0.012,0.057,1084.18
robot,1790404556.51,0.012,0.057,1084.19
robot,1790404557.01,0.012,0.057,1084.19
robot,1790404557.51,0.012,0.057,1084.19
robot,1790404558.01,0.012,0.057,1084.17
robot,1790404558.51,0.012,0.057,1084.18
robot,1790404559.01,0.012,0.057,1084.18
robot,1790404559.51,0.012,0.057,1084.18
robot,1790404560.01,0.012,0.057,1084.16
robot,1790404560.51,0.012,0.057,1084.18
robot,1790404561.01,0.012,0.057,1084.18
robot,1790404561.51,0.012,0.057,1084.17
robot,1790404562.01,0.012,0.057,1084.15
robot,1790404562.51,0.012,0.057,1084.15
robot,1790404563.01,0.012,0.057,1084.13
robot,1790404563.51,0.012,0.057,1084.15
robot,1790404564.01,0.012,0.057,1084.13
robot,1790404564.51,0.012,0.057,1084.13
robot,1790404565.01,0.012,0.057,1084.14
robot,1790404565.51,0.012,0.057,1084.15
robot,1790404566.01,0.012,0.057,1084.14
robot,1790404566.51,0.012,0.057,1084.14
robot,1790404567.01,0.012,0.057,1084.13
robot,1790404567.51,0.012,0.057,1084.14
robot,1790404568.01,0.012,0.057,1084.14
robot,1790404568.51,0.012,0.057,1084.14
robot,1790404569.01,0.012,0.057,1084.14
robot,1790404569.51,0.012,0.057,1084.14
robot,1790404570.01,0.012,0.057,1084.13
robot,1790404570.51,0.012,0.057,1084.12
robot,1790404571.01,0.012,0.057,1084.11
robot,1790404571.51,0.012,0.057,1084.10
robot,1790404572.01,0.012,0.057,1084.09
robot,1790404572.51,0.012,0.057,1084.09
robot,1790404573.01,0.012,0.057,1084.08
robot,1790404573.51,0.012,0.057,1084.07
robot,1790404574.01,0.012,0.057,1084.08
robot,1790404574.51,0.012,0.057,1084.07
robot,1790404575.01,0.012,0.057,1084.07
robot,1790404575.51,0.012,0.057,1084.09
robot,1790404576.01,0.012,0.057,1084.08
robot,1790404576.51,0.012,0.057,1084.10
robot,1790404577.01,0.012,0.057,1084.10
robot,1790404577.51,0.012,0.057,1084.10
robot,1790404578.01,0.012,0.057,1084.10
robot,1790404578.51,0.012,0.057,1084.10
robot,1790404579.01,0.012,0.057,1084.09
robot,1790404579.51,0.012,0.057,1084.09
robot,1790404580.01,0.012,0.057,1084.11
robot,1790404580.51,0.012,0.057,1084.11
robot,1790404581.01,0.012,0.057,1084.11
robot,1790404581.51,0.012,0.057,1084.11
robot,1790404582.01,0.012,0.057,1084.13
robot,1790404582.51,0.012,0.057,1084.12
robot,1790404583.01,0.012,0.057,1084.13
robot,1790404583.51,0.012,0.057,1084.13
robot,1790404584.01,0.012,0.057,1084.13
robot,1790404584.51,0.012,0.057,1084.14
robot,1790404585.01,0.012,0.057,1084.14
robot,1790404585.51,0.012,0.057,1084.15
robot,1790404586.01,0.012,0.057,1084.17
robot,1790404586.51,0.012,0.057,1084.17
robot,1790404587.01,0.012,0.057,1084.17
robot,1790404587.51,0.012,0.057,1084.16
robot,1790404588.01,0.012,0.057,1084.16
robot,1790404588.51,0.012,0.057,1084.15
robot,1790404589.01,0.012,0.057,1084.13
robot,1790404589.51,0.012,0.057,1084.15
robot,1790404590.01,0.012,0.057,1084.15
robot,1790404590.51,0.012,0.057,1084.15
robot,1790404591.01,0.012,0.057,1084.15
robot,1790404591.51,0.012,0.057,1084.16
robot,1790404592.01,0.012,0.057,1084.14
robot,1790404592.51,0.012,0.057,1084.15
robot,1790404593.01,0.012,0.057,1084.12
robot,1790404593.51,0.012,0.057,1084.12
robot,1790404594.01,0.012,0.057,1084.12
robot,1790404594.51,0.012,0.057,1084.12
robot,1790404595.01,0.012,0.057,1084.12
robot,1790404595.51,0.012,0.057,1084.12
robot,1790404596.01,0.012,0.057,1084.12
robot,1790404596.51,0.012,0.057,1084.12
robot,1790404597.01,0.012,0.057,1084.12
robot,1790404597.51,0.012,0.057,1084.12
robot,1790404598.01,0.012,0.057,1084.12
robot,1790404598.51,0.012,0.057,1084.13
robot,1790404599.01,0.012,0.057,1084.12
robot,1790404599.51,0.012,0.057,1084.11
robot,1790404600.01,0.012,0.057,1084.12
robot,1790404600.51,0.012,0.057,1084.11
robot,1790404601.01,0.012,0.057,1084.10
robot,1790404601.51,0.012,0.057,1084.10
robot,1790404602.01,0.012,0.057,1084.08
robot,1790404602.51,0.012,0.057,1084.07
robot,1790404603.01,0.012,0.057,1084.06
robot,1790404603.51,0.012,0.057,1084.06
robot,1790404604.01,0.012,0.057,1084.06
robot,1790404604.51,0.012,0.057,1084.02
robot,1790404605.01,0.012,0.057,1084.01
robot,1790404605.51,0.012,0.057,1084.02
robot,1790404606.01,0.012,0.057,1083.99
robot,1790404606.51,0.012,0.057,1083.98
robot,1790404607.01,0.012,0.057,1084.01
robot,1790404607.51,0.012,0.057,1083.99
robot,1790404608.01,0.012,0.057,1084.00
robot,1790404608.51,0.012,0.057,1083.99
robot,1790404609.01,0.012,0.057,1083.97
robot,1790404609.51,0.012,0.057,1083.97
robot,1790404610.01,0.012,0.057,1083.97
robot,1790404610.51,0.012,0.057,1083.98
robot,1790404611.01,0.012,0.057,1084.00
robot,1790404611.51,0.012,0.057,1083.99
robot,1790404612.01,0.012,0.057,1083.99
robot,1790404612.51,0.012,0.057,1084.00
robot,1790404613.01,0.012,0.057,1084.00
robot,1790404613.51,0.012,0.057,1084.00
robot,1790404614.01,0.012,0.057,1084.00
robot,1790404614.51,0.012,0.057,1084.01
robot,1790404615.01,0.012,0.057,1084.03
robot,1790404615.51,0.012,0.057,1084.04
robot,1790404616.01,0.012,0.057,1084.04
robot,1790404616.51,0.012,0.057,1084.04
robot,1790404617.01,0.012,0.057,1084.02
robot,1790404617.51,0.012,0.057,1084.03
robot,1790404618.01,0.012,0.057,1084.03
robot,1790404618.51,0.012,0.057,1084.02
robot,1790404619.01,0.012,0.057,1084.02
robot,1790404619.51,0.012,0.057,1084.01
robot,1790404620.01,0.012,0.057,1083.99
robot,1790404620.51,0.012,0.057,1083.99
robot,1790404621.01,0.012,0.057,1083.99
robot,1790404621.51,0.012,0.057,1083.98
robot,1790404622.01,0.012,0.057,1083.99
robot,1790404622.51,0.012,0.057,1083.99
robot,1790404623.01,0.012,0.057,1083.98
robot,1790404623.51,0.012,0.057,1083.98
robot,1790404624.01,0.012,0.057,1083.98
robot,1790404624.51,0.012,0.057,1083.98
robot,1790404625.01,0.012,0.057,1083.97
robot,1790404625.51,0.012,0.057,1083.96
robot,1790404626.01,0.012,0.057,1083.95
robot,1790404626.51,0.012,0.057,1083.95
robot,1790404627.01,0.012,0.057,1083.95
robot,1790404627.51,0.012,0.057,1083.96
robot,1790404628.01,0.012,0.057,1083.98
robot,1790404628.51,0.012,0.057,1083.96
robot,1790404629.01,0.012,0.057,1083.96
robot,1790404629.51,0.012,0.057,1083.96
robot,1790404630.01,0.012,0.057,1083.97
robot,1790404630.51,0.012,0.057,1083.97
robot,1790404631.01,0.012,0.057,1083.96
robot,1790404631.51,0.012,0.057,1083.95
robot,1790404632.01,0.012,0.057,1083.95
robot,1790404632.51,0.012,0.057,1083.96
robot,1790404633.01,0.012,0.057,1083.96
robot,1790404633.51,0.012,0.057,1083.95
robot,1790404634.01,0.012,0.057,1083.95
robot,1790404634.51,0.012,0.057,1083.94
robot,1790404635.01,0.012,0.057,1083.94
robot,1790404635.51,0.012,0.057,1083.95
robot,1790404636.01,0.012,0.057,1083.95
robot,1790404636.51,0.012,0.057,1083.98
robot,1790404637.01,0.012,0.057,1083.98
robot,1790404637.51,0.012,0.057,1083.98
robot,1790404638.01,0.012,0.057,1083.99
robot,1790404638.51,0.012,0.057,1083.99
robot,1790404639.01,0.012,0.057,1083.99
robot,1790404639.51,0.012,0.057,1083.99
robot,1790404640.01,0.012,0.057,1083.99
robot,1790404640.51,0.012,0.057,1084.00
robot,1790404641.01,0.012,0.057,1084.00
robot,1790404641.51,0.012,0.057,1083.99
robot,1790404642.01,0.012,0.057,1083.98
robot,1790404642.51,0.012,0.057,1083.99
robot,1790404643.01,0.012,0.057,1084.00
robot,1790404643.51,0.012,0.057,1083.98
robot,1790404644.01,0.012,0.057,1083.98
robot,1790404644.51,0.012,0.057,1083.98
robot,1790404645.01,0.012,0.057,1083.98
robot,1790404645.51,0.012,0.057,1083.98
robot,1790404646.01,0.012,0.057,1083.97
robot,1790404646.51,0.012,0.057,1083.97
robot,1790404647.01,0.012,0.057,1083.97
robot,1790404647.51,0.012,0.057,1083.98
robot,1790404648.01,0.012,0.057,1083.99
robot,1790404648.51,0.012,0.057,1083.99
robot,1790404649.01,0.012,0.057,1083.99
robot,1790404649.51,0.012,0.057,1083.98
robot,1790404650.01,0.012,0.057,1083.97
robot,1790404650.51,0.012,0.057,1083.96
robot,1790404651.01,0.012,0.057,1083.96
robot,1790404651.51,0.012,0.057,1083.96
robot,1790404652.01,0.012,0.057,1083.95
robot,1790404652.51,0.012,0.057,1083.93
robot,1790404653.01,0.012,0.057,1083.95
robot,1790404653.51,0.012,0.057,1083.96
robot,1790404654.01,0.012,0.057,1083.95
robot,1790404654.51,0.012,0.057,1083.96
robot,1790404655.01,0.012,0.057,1083.94
robot,1790404655.51,0.012,0.057,1083.94
robot,1790404656.01,0.012,0.057,1083.94
robot,1790404656.51,0.012,0.057,1083.93
robot,1790404657.01,0.012,0.057,1083.91
robot,1790404657.51,0.012,0.057,1083.90
robot,1790404658.01,0.012,0.057,1083.90
robot,1790404658.51,0.012,0.057,1083.90
robot,1790404659.01,0.012,0.057,1083.90
robot,1790404659.51,0.012,0.057,1083.89
robot,1790404660.01,0.012,0.057,1083.88
robot,1790404660.51,0.012,0.057,1083.86
robot,1790404661.01,0.012,0.057,1083.88
robot,1790404661.51,0.012,0.057,1083.90
robot,1790404662.01,0.012,0.057,1083.88
robot,1790404662.51,0.012,0.057,1083.90
robot,1790404663.01,0.012,0.057,1083.89
robot,1790404663.51,0.012,0.057,1083.89
robot,1790404664.01,0.012,0.057,1083.89
robot,1790404664.51,0.012,0.057,1083.89
robot,1790404665.01,0.012,0.057,1083.88
robot,1790404665.51,0.012,0.057,1083.89
robot,1790404666.01,0.012,0.057,1083.89
robot,1790404666.51,0.012,0.057,1083.88
robot,1790404667.01,0.012,0.057,1083.86
robot,1790404667.51,0.012,0.057,1083.84
robot,1790404668.01,0.012,0.057,1083.83
robot,1790404668.51,0.012,0.057,1083.83
robot,1790404669.01,0.012,0.057,1083.82
robot,1790404669.51,0.012,0.057,1083.82
robot,1790404670.01,0.012,0.057,1083.84
robot,1790404670.51,0.012,0.057,1083.85
robot,1790404671.01,0.012,0.057,1083.84
robot,1790404671.51,0.012,0.057,1083.85
robot,1790404672.01,0.012,0.057,1083.87
camera,1790403225.20,0.000,0.000,0.00
camera,1790403225.53,0.008,0.000,0.03
camera,1790403226.10,0.000,0.000,0.04
camera,1790403226.56,0.001,0.000,0.01
camera,1790403227.13,0.000,0.000,0.02
camera,1790403227.56,-0.000,0.000,0.03
camera,1790403228.06,0.002,0.000,0.04
camera,1790403228.66,-0.003,0.000,0.02
camera,1790403229.06,0.002,0.000,0.06
camera,1790403229.60,0.002,0.000,0.03
camera,1790403230.03,0.003,0.000,0.03
camera,1790403230.53,0.002,0.000,0.03
camera,1790403231.06,-0.000,0.000,0.03
camera,1790403231.56,0.002,0.000,-0.01
camera,1790403232.03,-0.002,0.000,0.03
camera,1790403232.60,0.001,0.000,0.01
camera,1790403233.03,-0.001,0.000,0.02
camera,1790403233.63,-0.000,0.000,0.04
camera,1790403234.13,0.000,0.000,0.04
camera,1790403234.60,0.002,0.000,0.05
camera,1790403235.13,0.001,0.000,0.03
camera,1790403235.60,0.002,0.000,0.02
camera,1790403236.06,0.000,0.000,0.02
camera,1790403236.60,0.004,0.000,0.02
camera,1790403237.16,-0.001,0.000,0.02
camera,1790403237.60,0.000,0.000,0.03
camera,1790403238.03,0.000,0.000,-0.02
camera,1790403238.63,0.002,0.000,-0.01
camera,1790403239.06,-0.001,0.000,0.03
camera,1790403239.53,0.000,0.000,0.01
camera,1790403240.16,-0.001,0.000,0.03
camera,1790403240.63,0.002,0.000,0.03
camera,1790403241.06,-0.001,0.000,0.04
camera,1790403241.56,-0.002,0.000,0.02
camera,1790403242.06,0.001,0.000,0.01
camera,1790403242.53,-0.001,0.000,0.03
camera,1790403243.16,0.000,0.000,0.02
camera,1790403243.56,0.000,0.000,0.02
camera,1790403244.06,-0.001,0.000,0.03
camera,1790403244.56,0.000,0.000,0.01
camera,1790403245.03,0.000,0.000,0.04
camera,1790403245.56,0.001,0.000,0.01
camera,1790403246.10,-0.002,0.000,0.02
camera,1790403246.56,-0.004,0.000,0.04
camera,1790403247.03,0.001,0.000,0.02
camera,1790403247.56,0.009,0.000,0.01
camera,1790403248.16,0.001,0.000,0.04
camera,1790403248.60,0.000,0.000,0.00
camera,1790403249.06,0.001,0.000,0.03
camera,1790403251.06,0.004,0.000,0.01
camera,1790403251.60,-0.001,0.000,0.01
camera,1790403252.10,-0.000,0.000,0.02
camera,1790403252.60,-0.001,0.000,0.03
camera,1790403253.10,0.005,0.000,0.01
camera,1790403253.53,0.002,0.000,0.01
camera,1790403254.10,0.001,0.000,0.02
camera,1790403254.53,0.002,0.000,0.00
camera,1790403255.10,-0.001,0.000,0.02
camera,1790403255.60,-0.001,0.000,0.03
camera,1790403256.06,0.002,0.000,0.05
camera,1790403256.56,-0.000,0.000,0.01
camera,1790403257.06,0.002,0.000,0.02
camera,1790403257.53,0.004,0.000,0.04
camera,1790403258.03,0.002,0.000,0.02
camera,1790403258.53,-0.000,0.000,0.01
camera,1790403259.06,0.003,0.000,0.00
camera,1790403259.60,0.002,0.000,0.03
camera,1790403260.03,0.003,0.000,0.04
camera,1790403260.60,0.001,0.000,0.03
camera,1790403261.03,-0.002,0.000,-0.00
camera,1790403261.53,0.001,0.000,0.02
camera,1790403262.10,-0.002,0.000,0.04
camera,1790403262.53,-0.002,0.000,0.02
camera,1790403263.20,-0.000,0.000,0.00
camera,1790403263.56,-0.000,0.000,0.03
camera,1790403264.10,-0.001,0.000,0.03
camera,1790403264.66,0.003,0.000,0.04
camera,1790403265.13,0.003,0.000,0.01
camera,1790403265.53,-0.001,0.000,0.03
camera,1790403266.10,-0.001,0.000,0.01
camera,1790403266.60,0.003,0.000,0.03
camera,1790403267.06,-0.003,0.000,-0.00
camera,1790403267.56,0.003,0.000,0.03
camera,1790403268.06,-0.003,0.000,0.04
camera,1790403268.60,0.001,0.000,0.06
camera,1790403269.10,0.001,0.000,-0.00
camera,1790403269.56,0.001,0.000,0.04
camera,1790403270.03,0.002,0.000,0.01
camera,1790403270.63,0.001,0.000,0.06
camera,1790403271.13,-0.003,0.000,0.02
camera,1790403271.53,0.003,0.000,0.01
camera,1790403272.03,-0.001,0.000,0.02
camera,1790403272.53,0.004,0.000,0.02
camera,1790403273.06,0.004,0.000,0.01
camera,1790403273.66,-0.001,0.000,0.01
camera,1790403274.16,-0.000,0.000,0.02
camera,1790403274.53,0.003,0.000,0.01
camera,1790403275.03,0.001,0.000,0.01
camera,1790403275.56,0.003,0.000,0.01
camera,1790403276.06,0.001,0.000,-0.01
camera,1790403276.60,0.002,0.000,-0.00
camera,1790403277.03,0.004,0.000,0.03
camera,1790403277.56,0.000,0.000,0.02
camera,1790403278.16,0.001,0.000,0.02
camera,1790403278.56,-0.003,0.000,0.01
camera,1790403279.10,0.001,0.000,0.03
camera,1790403279.63,-0.002,0.000,-0.00
camera,1790403280.20,0.000,0.000,0.02
camera,1790403280.56,0.002,0.000,0.01
camera,1790403281.10,0.004,0.000,0.05
camera,1790403281.70,0.002,0.000,0.03
camera,1790403282.16,0.001,0.000,0.03
camera,1790403282.53,0.003,0.000,0.03
camera,1790403283.10,0.000,0.000,-0.02
camera,1790403283.66,0.004,0.000,0.01
camera,1790403284.03,0.005,0.000,-0.00
camera,1790403284.56,0.003,0.000,0.03
camera,1790403285.03,0.004,0.000,0.02
camera,1790403285.56,-0.000,0.000,0.01
camera,1790403286.06,0.001,0.000,0.04
camera,1790403286.63,-0.001,0.000,0.03
camera,1790403287.06,0.002,0.000,0.01
camera,1790403287.63,0.000,0.000,0.02
camera,1790403288.16,0.006,0.000,0.04
camera,1790403288.53,-0.000,0.000,0.03
camera,1790403289.06,-0.002,0.000,0.03
camera,1790403289.53,-0.005,0.000,0.03
camera,1790403290.13,0.002,0.000,0.05
camera,1790403290.63,0.003,0.000,-0.01
camera,1790403291.20,0.004,0.000,0.05
camera,1790403291.56,-0.001,0.000,0.02
camera,1790403292.10,0.002,0.000,0.03
camera,1790403292.56,0.001,0.000,0.04
camera,1790403293.13,0.000,0.000,0.02
camera,1790403293.56,0.003,0.000,0.03
camera,1790403294.06,-0.000,0.000,0.04
camera,1790403294.60,0.004,0.000,0.02
camera,1790403295.03,0.002,0.000,0.01
camera,1790403295.56,0.002,0.000,0.03
camera,1790403296.10,0.001,0.000,0.03
camera,1790403296.66,0.004,0.000,0.01
camera,1790403297.06,0.002,0.000,0.01
camera,1790403297.70,0.001,0.000,0.02
camera,1790403298.20,0.004,0.000,0.02
camera,1790403298.53,0.004,0.000,0.01
camera,1790403299.06,0.002,0.000,0.00
camera,1790403299.63,0.001,0.000,0.02
camera,1790403300.10,0.003,0.000,0.02
camera,1790403300.66,-0.000,0.000,0.05
camera,1790403301.03,0.000,0.000,0.02
camera,1790403301.53,-0.000,0.000,0.00
camera,1790403302.06,-0.000,0.000,0.02
camera,1790403302.53,0.002,0.000,0.03
camera,1790403303.03,0.002,0.000,0.01
camera,1790403303.66,-0.001,0.000,0.02
camera,1790403304.26,0.004,0.000,0.00
camera,1790403304.66,0.001,0.000,0.03
camera,1790403305.03,-0.001,0.000,0.03
camera,1790403305.56,-0.001,0.000,0.01
camera,1790403306.16,0.001,0.000,-0.01
camera,1790403306.53,-0.000,0.000,0.02
camera,1790403307.10,0.000,0.000,-0.02
camera,1790403307.66,0.002,0.000,0.05
camera,1790403308.03,0.001,0.000,0.01
camera,1790403308.63,0.000,0.000,0.02
camera,1790403309.10,0.001,0.000,0.03
camera,1790403310.70,0.003,0.000,0.04
camera,1790403311.06,0.005,0.000,0.05
camera,1790403311.63,0.003,0.000,0.02
camera,1790403312.16,0.002,0.000,0.03
camera,1790403312.53,-0.001,0.000,0.02
camera,1790403313.23,0.003,0.000,0.01
camera,1790403313.63,0.001,0.000,0.02
camera,1790403314.03,-0.003,0.000,0.04
camera,1790403314.60,-0.001,0.000,0.02
camera,1790403315.13,0.002,0.000,0.03
camera,1790403315.66,0.000,0.000,0.02
camera,1790403316.03,-0.001,0.000,0.01
camera,1790403316.56,0.000,0.000,0.01
camera,1790403317.10,-0.003,0.000,0.00
camera,1790403317.56,0.000,0.000,0.01
camera,1790403318.16,0.003,0.000,0.01
camera,1790403318.53,0.002,0.000,0.00
camera,1790403319.13,-0.000,0.000,0.04
camera,1790403319.60,0.002,0.000,0.01
camera,1790403320.03,0.000,0.000,0.02
camera,1790403320.56,0.002,0.000,0.01
camera,1790403321.06,0.001,0.000,0.02
camera,1790403321.66,0.001,0.000,0.04
camera,1790403322.06,-0.000,0.000,0.02
camera,1790403322.60,0.003,0.000,0.03
camera,1790403323.13,0.003,0.000,0.01
camera,1790403323.53,0.001,0.000,0.01
camera,1790403324.10,0.001,0.000,0.03
camera,1790403324.63,-0.001,0.000,0.01
camera,1790403325.13,0.002,0.000,0.03
camera,1790403325.70,0.002,0.000,0.02
camera,1790403326.23,-0.001,0.000,-0.00
camera,1790403326.60,-0.001,0.000,-0.00
camera,1790403327.16,0.002,0.000,-0.00
camera,1790403327.53,0.003,0.000,0.02
camera,1790403328.20,-0.000,0.000,0.02
camera,1790403328.60,0.000,0.000,0.02
camera,1790403329.03,0.002,0.000,-0.00
camera,1790403329.56,0.002,0.000,0.04
camera,1790403330.13,0.001,0.000,0.02
camera,1790403330.70,0.002,0.000,0.03
camera,1790403331.06,0.000,0.000,0.01
camera,1790403331.63,0.001,0.000,0.05
camera,1790403332.06,0.001,0.000,0.01
camera,1790403332.66,-0.002,0.000,-0.00
camera,1790403333.10,0.002,0.000,-0.00
camera,1790403333.53,0.003,0.000,0.02
camera,1790403334.16,0.002,0.000,0.00
camera,1790403334.53,0.001,0.000,0.01
camera,1790403335.13,0.001,0.000,0.02
camera,1790403335.60,0.004,0.000,0.01
camera,1790403336.13,-0.001,0.000,0.02
camera,1790403336.70,0.001,0.000,-0.01
camera,1790403337.26,-0.000,0.000,0.02
camera,1790403337.70,0.001,0.000,0.02
camera,1790403338.10,0.000,0.000,0.01
camera,1790403338.60,0.004,0.000,0.01
camera,1790403339.06,0.001,0.000,0.03
camera,1790403339.56,0.002,0.000,0.03
camera,1790403340.13,0.002,0.000,0.04
camera,1790403340.70,0.004,0.000,0.01
camera,1790403341.10,0.000,0.000,0.01
camera,1790403341.63,0.001,0.000,0.04
camera,1790403342.16,0.005,0.000,0.03
camera,1790403342.60,0.003,0.000,0.01
camera,1790403343.03,0.001,0.000,0.03
camera,1790403343.56,-0.001,0.000,0.01
camera,1790403344.13,0.002,0.000,0.01
camera,1790403344.60,0.002,0.000,0.00
camera,1790403345.06,-0.000,0.000,0.03
camera,1790403345.70,0.000,0.000,0.02
camera,1790403346.16,0.002,0.000,0.03
camera,1790403346.53,0.001,0.000,0.04
camera,1790403347.10,-0.002,0.000,0.00
camera,1790403347.66,-0.000,0.000,0.04
camera,1790403348.06,0.003,0.000,-0.00
camera,1790403348.80,0.004,0.000,0.01
camera,1790403349.06,0.002,0.000,0.03
camera,1790403349.56,-0.001,0.000,0.01
camera,1790403350.13,0.002,0.000,0.02
camera,1790403350.66,0.001,0.000,0.03
camera,1790403351.03,0.000,0.000,0.01
camera,1790403351.60,-0.001,0.000,0.00
camera,1790403352.16,-0.004,0.000,-0.02
camera,1790403352.53,-0.001,0.000,0.01
camera,1790403353.16,0.000,0.000,0.07
camera,1790403353.73,0.000,0.000,0.04
camera,1790403354.06,-0.000,0.000,-0.00
camera,1790403354.77,0.002,0.000,0.03
camera,1790403355.10,0.002,0.000,0.03
camera,1790403355.53,-0.000,0.000,0.04
camera,1790403356.17,0.001,0.000,0.02
camera,1790403356.53,0.001,0.000,0.03
camera,1790403357.07,0.000,0.000,0.03
camera,1790403357.77,0.002,0.000,-0.00
camera,1790403358.20,-0.001,0.000,0.01
camera,1790403358.67,0.002,0.000,0.03
camera,1790403359.10,-0.002,0.000,0.02
camera,1790403359.53,0.000,0.000,0.01
camera,1790403360.10,0.005,0.000,0.01
camera,1790403360.70,-0.001,0.000,0.00
camera,1790403361.03,0.001,0.000,0.03
camera,1790403361.83,-0.000,0.000,0.00
camera,1790403362.07,0.002,0.000,0.01
camera,1790403362.53,0.002,0.000,0.03
camera,1790403363.07,-0.000,0.000,0.03
camera,1790403363.63,0.003,0.000,0.01
camera,1790403364.23,-0.002,0.000,-0.00
camera,1790403364.77,-0.001,0.000,0.02
camera,1790403365.13,-0.000,0.000,0.03
camera,1790403365.57,0.003,0.000,0.02
camera,1790403366.20,0.001,0.000,0.04
camera,1790403366.57,0.000,0.000,0.02
camera,1790403367.13,0.003,0.000,0.02
camera,1790403367.67,0.001,0.000,0.06
camera,1790403368.07,-0.000,0.000,0.02
camera,1790403368.53,-0.000,0.000,0.03
camera,1790403369.27,0.003,0.000,0.04
camera,1790403369.63,0.006,0.000,0.02
camera,1790403370.03,0.006,0.000,0.01
camera,1790403370.57,0.001,0.000,0.04
camera,1790403371.13,0.000,0.000,0.01
camera,1790403371.70,0.004,0.000,0.01
camera,1790403372.07,0.001,0.000,0.00
camera,1790403372.63,0.002,0.000,0.02
camera,1790403373.13,0.037,-0.000,-0.12
camera,1790403373.67,0.168,-0.000,-0.02
camera,1790403374.10,0.283,-0.000,-0.06
camera,1790403374.63,0.442,-0.000,0.01
camera,1790403375.17,0.598,0.000,0.09
camera,1790403375.63,0.734,0.001,0.20
camera,1790403376.13,0.828,0.001,0.14
camera,1790403376.87,0.831,0.001,0.16
camera,1790403377.07,0.834,0.001,0.16
camera,1790403377.67,0.834,0.001,0.11
camera,1790403378.03,0.827,0.001,0.12
camera,1790403378.53,0.832,0.001,0.17
camera,1790403379.03,0.830,0.001,0.11
camera,1790403379.73,0.853,0.001,0.07
camera,1790403380.07,0.917,0.001,0.10
camera,1790403380.53,1.041,0.001,0.15
camera,1790403381.07,1.221,0.002,0.29
camera,1790403381.67,1.382,0.003,0.37
camera,1790403382.03,1.514,0.005,0.43
camera,1790403382.63,1.706,0.007,0.57
camera,1790403383.17,1.846,0.008,0.52
camera,1790403383.63,1.869,0.008,0.50
camera,1790403384.10,1.882,0.008,0.56
camera,1790403384.53,1.891,0.009,0.59
camera,1790403385.10,2.021,0.010,0.68
camera,1790403385.57,2.122,0.012,0.72
camera,1790403386.17,2.280,0.013,0.75
camera,1790403386.57,2.401,0.015,0.83
camera,1790403387.77,2.711,0.020,0.99
camera,1790403388.07,2.775,0.021,0.95
camera,1790403388.57,2.911,0.023,0.98
camera,1790403389.33,3.108,0.027,1.08
camera,1790403389.67,3.194,0.029,1.16
camera,1790403390.13,3.330,0.032,1.15
camera,1790403390.53,3.431,0.034,1.20
camera,1790403391.13,3.601,0.038,1.30
camera,1790403391.53,3.716,0.040,1.28
camera,1790403392.03,3.843,0.043,1.40
camera,1790403392.60,4.006,0.047,1.40
camera,1790403393.13,4.145,0.051,1.42
camera,1790403393.60,4.276,0.054,1.57
camera,1790403394.03,4.393,0.058,1.57
camera,1790403394.57,4.538,0.062,1.63
camera,1790403395.07,4.673,0.066,1.68
camera,1790403395.53,4.799,0.069,1.74
camera,1790403396.07,4.946,0.074,1.78
camera,1790403396.57,5.084,0.078,1.81
camera,1790403397.03,5.208,0.083,1.96
camera,1790403397.60,5.359,0.088,2.00
camera,1790403398.03,5.474,0.093,2.06
camera,1790403398.57,5.635,0.098,2.08
camera,1790403399.10,5.776,0.104,2.16
camera,1790403399.60,5.917,0.109,2.28
camera,1790403400.03,6.025,0.114,2.26
camera,1790403400.57,6.175,0.118,2.04
camera,1790403401.03,6.281,0.122,2.21
camera,1790403401.53,6.422,0.128,2.22
camera,1790403402.07,6.557,0.133,2.34
camera,1790403402.53,6.681,0.138,2.32
camera,1790403403.07,6.817,0.144,2.40
camera,1790403403.53,6.949,0.149,2.45
camera,1790403404.07,7.092,0.156,2.50
camera,1790403404.57,7.230,0.162,2.63
camera,1790403405.03,7.349,0.167,2.54
camera,1790403405.53,7.485,0.174,2.80
camera,1790403406.07,7.632,0.181,2.73
camera,1790403406.57,7.761,0.187,2.75
camera,1790403407.03,7.893,0.193,2.73
camera,1790403407.53,8.041,0.202,3.29
camera,1790403408.10,8.184,0.212,3.06
camera,1790403408.57,8.312,0.218,2.61
camera,1790403409.03,8.428,0.224,2.54
camera,1790403409.57,8.571,0.233,2.49
camera,1790403410.03,8.706,0.241,2.78
camera,1790403410.57,8.863,0.251,3.15
camera,1790403411.03,8.976,0.255,2.70
camera,1790403411.53,9.114,0.262,2.59
camera,1790403412.07,9.259,0.268,2.43
camera,1790403412.57,9.291,0.269,2.51
camera,1790403413.03,9.292,0.269,2.56
camera,1790403413.63,9.289,0.269,2.42
camera,1790403414.07,9.294,0.270,2.52
camera,1790403414.57,9.291,0.269,2.53
camera,1790403415.13,9.290,0.269,2.63
camera,1790403415.57,9.291,0.269,2.55
camera,1790403416.10,9.288,0.269,2.61
camera,1790403416.53,9.290,0.269,2.65
camera,1790403417.03,9.291,0.269,2.60
camera,1790403417.53,9.293,0.269,2.51
camera,1790403418.03,9.355,0.272,2.46
camera,1790403418.53,9.494,0.280,2.66
camera,1790403419.13,9.506,0.281,2.77
camera,1790403419.57,9.510,0.281,2.72
camera,1790403420.07,9.508,0.282,2.51
camera,1790403420.57,9.506,0.282,2.63
camera,1790403421.10,9.614,0.289,2.83
camera,1790403421.57,9.726,0.295,2.93
camera,1790403422.07,9.755,0.298,3.02
camera,1790403422.57,9.752,0.298,3.07
camera,1790403423.07,9.747,0.297,3.20
camera,1790403423.60,9.748,0.297,3.10
camera,1790403424.07,9.749,0.298,3.27
camera,1790403424.60,9.752,0.298,3.21
camera,1790403425.03,9.765,0.298,2.72
camera,1790403425.57,9.908,0.307,3.48
camera,1790403426.07,10.026,0.313,3.41
camera,1790403426.57,10.018,0.313,3.31
camera,1790403427.03,10.022,0.313,3.34
camera,1790403427.63,10.022,0.313,3.35
camera,1790403428.03,10.017,0.312,3.10
camera,1790403428.53,10.023,0.313,3.25
camera,1790403429.07,10.023,0.313,3.37
camera,1790403429.53,10.015,0.312,3.46
camera,1790403430.03,10.046,0.313,3.30
camera,1790403430.57,10.211,0.324,3.65
camera,1790403431.03,10.330,0.331,3.46
camera,1790403431.53,10.326,0.331,3.46
camera,1790403432.07,10.325,0.331,3.29
camera,1790403432.53,10.327,0.331,3.54
camera,1790403433.07,10.336,0.332,3.48
camera,1790403433.53,10.456,0.340,3.67
camera,1790403434.07,10.534,0.345,3.88
camera,1790403434.53,10.534,0.345,3.73
camera,1790403435.07,10.538,0.345,3.72
camera,1790403435.57,10.538,0.345,3.81
camera,1790403436.07,10.536,0.345,3.67
camera,1790403436.53,10.537,0.345,3.66
camera,1790403437.07,10.539,0.345,3.70
camera,1790403437.57,10.662,0.353,3.65
camera,1790403438.03,10.754,0.359,3.76
camera,1790403438.60,10.755,0.359,3.63
camera,1790403439.03,10.753,0.359,3.74
camera,1790403439.53,10.755,0.359,3.75
camera,1790403440.03,10.753,0.359,3.65
camera,1790403440.57,10.752,0.359,3.68
camera,1790403441.07,10.752,0.359,3.67
camera,1790403441.57,10.752,0.359,3.71
camera,1790403442.03,10.753,0.359,3.73
camera,1790403442.53,10.754,0.359,3.72
camera,1790403443.07,10.750,0.359,5.42
camera,1790403443.53,10.756,0.361,11.85
camera,1790403444.07,10.764,0.364,19.64
camera,1790403444.53,10.774,0.370,26.92
camera,1790403445.07,10.785,0.380,35.76
camera,1790403445.57,10.796,0.391,42.35
camera,1790403446.10,10.795,0.387,41.15
camera,1790403446.57,10.799,0.389,41.22
camera,1790403447.10,10.811,0.405,51.09
camera,1790403452.20,11.311,0.690,123.64
camera,1790403452.53,11.343,0.605,122.68
camera,1790403453.07,11.295,0.627,123.80
camera,1790403453.53,11.285,0.565,125.04
camera,1790403454.07,11.312,0.511,125.37
camera,1790403454.57,11.303,0.520,125.47
camera,1790403455.03,11.309,0.503,125.33
camera,1790403455.57,11.299,0.511,125.70
camera,1790403456.03,11.298,0.503,125.58
camera,1790403456.57,11.281,0.521,125.72
camera,1790403457.03,11.276,0.510,125.83
camera,1790403457.57,11.269,0.512,125.96
camera,1790403458.03,11.253,0.516,134.42
camera,1790403458.60,11.271,0.502,137.61
camera,1790403459.03,11.270,0.503,137.34
camera,1790403459.53,11.269,0.500,137.74
camera,1790403460.07,11.271,0.498,137.52
camera,1790403460.53,11.270,0.496,137.55
camera,1790403461.07,11.264,0.502,137.48
camera,1790403461.53,11.272,0.495,137.44
camera,1790403462.07,11.277,0.487,137.96
camera,1790403462.53,11.291,0.480,147.48
camera,1790403463.07,11.291,0.480,147.56
camera,1790403463.53,11.272,0.491,147.65
camera,1790403464.03,11.290,0.479,147.54
camera,1790403464.57,11.291,0.479,147.52
camera,1790403465.03,11.284,0.481,153.97
camera,1790403465.57,11.335,0.468,165.64
camera,1790403466.03,11.343,0.467,169.80
camera,1790403466.57,11.333,0.469,169.81
camera,1790403467.07,11.333,0.469,169.79
camera,1790403467.53,11.335,0.469,169.82
camera,1790403468.07,11.337,0.468,169.81
camera,1790403468.53,11.341,0.468,170.48
camera,1790403469.07,11.340,0.469,181.62
camera,1790403469.53,11.346,0.470,183.97
camera,1790403470.07,11.348,0.470,183.94
camera,1790403470.53,11.340,0.469,183.94
camera,1790403471.07,11.343,0.470,183.96
camera,1790403471.53,11.346,0.470,183.93
camera,1790403472.10,11.351,0.470,183.94
camera,1790403472.53,11.350,0.470,183.95
camera,1790403473.03,11.297,0.466,184.03
camera,1790403473.57,11.159,0.456,184.24
camera,1790403474.03,11.018,0.445,184.31
camera,1790403474.57,10.853,0.432,184.45
camera,1790403475.10,10.705,0.420,184.53
camera,1790403475.57,10.567,0.409,184.58
camera,1790403476.07,10.427,0.398,184.68
camera,1790403476.57,10.291,0.387,184.68
camera,1790403477.07,10.274,0.385,184.69
camera,1790403477.53,10.274,0.385,184.69
camera,1790403478.07,10.272,0.385,184.72
camera,1790403478.53,10.274,0.385,184.70
camera,1790403479.07,10.274,0.385,184.70
camera,1790403479.57,10.273,0.385,184.73
camera,1790403480.03,10.275,0.385,184.70
camera,1790403480.57,10.273,0.386,178.53
camera,1790403481.03,10.272,0.386,178.60
camera,1790403481.57,10.274,0.385,178.60
camera,1790403482.03,10.273,0.385,178.58
camera,1790403482.57,10.276,0.385,178.58
camera,1790403483.10,10.275,0.385,178.58
camera,1790403483.57,10.273,0.385,178.58
camera,1790403484.03,10.274,0.385,178.58
camera,1790403484.60,10.272,0.386,178.59
camera,1790403485.07,10.257,0.386,178.08
camera,1790403485.53,10.122,0.391,178.16
camera,1790403486.07,9.961,0.396,178.15
camera,1790403486.53,9.815,0.401,178.17
camera,1790403487.07,9.637,0.406,178.27
camera,1790403487.53,9.493,0.410,178.31
camera,1790403488.07,9.319,0.415,178.31
camera,1790403488.57,9.168,0.420,178.35
camera,1790403489.03,9.027,0.423,178.51
camera,1790403489.57,8.866,0.427,178.55
camera,1790403490.03,8.730,0.430,178.61
camera,1790403490.60,8.550,0.435,178.65
camera,1790403491.03,8.412,0.438,178.77
camera,1790403491.53,8.252,0.441,178.83
camera,1790403492.07,8.090,0.444,178.96
camera,1790403492.53,7.946,0.446,178.92
camera,1790403493.07,7.747,0.449,179.02
camera,1790403493.53,7.612,0.451,179.04
camera,1790403494.07,7.453,0.453,179.18
camera,1790403494.53,7.325,0.455,179.14
camera,1790403495.03,7.150,0.457,179.38
camera,1790403495.57,6.983,0.459,179.41
camera,1790403496.03,6.841,0.459,179.39
camera,1790403496.57,6.658,0.460,179.51
camera,1790403497.03,6.513,0.461,179.63
camera,1790403497.53,6.363,0.462,179.63
camera,1790403498.07,6.195,0.463,179.72
camera,1790403498.57,6.033,0.464,179.76
camera,1790403499.03,5.877,0.464,179.86
camera,1790403499.57,5.709,0.465,179.81
camera,1790403500.03,5.568,0.465,179.96
camera,1790403500.57,5.394,0.465,180.01
camera,1790403501.07,5.240,0.465,180.05
camera,1790403501.53,5.097,0.464,180.08
camera,1790403502.07,4.919,0.464,180.14
camera,1790403502.53,4.842,0.464,180.09
camera,1790403503.10,4.841,0.464,180.12
camera,1790403503.57,4.849,0.464,180.11
camera,1790403504.03,4.847,0.464,180.09
camera,1790403504.63,4.849,0.464,180.11
camera,1790403505.07,4.844,0.464,180.12
camera,1790403505.53,4.845,0.464,180.11
camera,1790403506.03,4.752,0.464,180.00
camera,1790403506.57,4.583,0.464,180.07
camera,1790403507.07,4.417,0.463,180.14
camera,1790403507.53,4.270,0.463,180.15
camera,1790403508.03,4.103,0.462,180.22
camera,1790403508.57,3.927,0.461,180.23
camera,1790403509.03,3.899,0.461,180.22
camera,1790403509.60,3.898,0.461,180.21
camera,1790403510.07,3.899,0.461,180.20
camera,1790403510.53,3.897,0.461,180.39
camera,1790403511.07,3.896,0.460,186.47
camera,1790403511.53,3.893,0.460,186.83
camera,1790403512.03,3.901,0.460,186.83
camera,1790403512.57,3.854,0.455,186.91
camera,1790403513.03,3.759,0.443,187.09
camera,1790403513.57,3.684,0.433,187.09
camera,1790403514.03,3.685,0.433,187.15
camera,1790403514.53,3.685,0.433,187.13
camera,1790403515.03,3.684,0.433,187.11
camera,1790403515.57,3.685,0.433,187.12
camera,1790403516.03,3.685,0.433,187.24
camera,1790403516.57,3.683,0.433,191.47
camera,1790403517.07,3.676,0.430,197.73
camera,1790403517.53,3.669,0.428,197.87
camera,1790403518.03,3.560,0.392,197.91
camera,1790403518.53,3.447,0.355,198.10
camera,1790403519.07,3.316,0.313,198.18
camera,1790403519.57,3.199,0.273,198.33
camera,1790403520.03,3.089,0.237,198.38
camera,1790403520.53,3.079,0.233,198.43
camera,1790403521.07,3.080,0.234,198.42
camera,1790403521.53,3.079,0.233,198.41
camera,1790403522.03,3.059,0.227,198.49
camera,1790403522.57,2.997,0.206,198.53
camera,1790403523.07,2.912,0.177,198.60
camera,1790403523.53,2.834,0.151,198.68
camera,1790403524.03,2.750,0.122,198.76
camera,1790403524.57,2.658,0.091,198.96
camera,1790403525.07,2.574,0.062,199.00
camera,1790403525.53,2.497,0.035,199.03
camera,1790403526.03,2.413,0.006,199.13
camera,1790403526.57,2.324,-0.025,199.25
camera,1790403527.07,2.239,-0.055,199.31
camera,1790403527.53,2.160,-0.083,199.39
camera,1790403528.10,2.065,-0.116,199.43
camera,1790403528.57,1.994,-0.142,199.53
camera,1790403529.03,1.912,-0.170,199.56
camera,1790403529.57,1.832,-0.199,199.60
camera,1790403530.03,1.764,-0.223,199.70
camera,1790403530.53,1.740,-0.232,199.72
camera,1790403531.07,1.734,-0.234,199.75
camera,1790403531.53,1.733,-0.234,199.74
camera,1790403532.03,1.733,-0.234,199.73
camera,1790403532.57,1.735,-0.234,199.74
camera,1790403533.03,1.639,-0.268,199.77
camera,1790403533.53,1.525,-0.309,199.85
camera,1790403534.07,1.410,-0.351,199.97
camera,1790403534.57,1.312,-0.387,200.04
camera,1790403535.03,1.298,-0.392,200.08
camera,1790403535.57,1.302,-0.390,201.18
camera,1790403536.03,1.294,-0.395,210.56
camera,1790403536.57,1.279,-0.411,220.93
camera,1790403537.03,1.269,-0.425,230.01
camera,1790403537.60,1.258,-0.448,241.06
camera,1790403538.07,1.251,-0.471,250.03
camera,1790403538.53,1.249,-0.487,255.09
camera,1790403539.07,1.247,-0.494,255.11
camera,1790403539.53,1.248,-0.488,255.05
camera,1790403540.07,1.248,-0.488,255.08
camera,1790403540.53,1.248,-0.489,255.06
camera,1790403541.07,1.248,-0.488,255.07
camera,1790403541.53,1.248,-0.490,255.08
camera,1790403542.03,1.249,-0.487,255.05
camera,1790403542.57,1.248,-0.489,255.11
camera,1790403543.03,1.247,-0.493,255.09
camera,1790403543.57,1.248,-0.490,255.08
camera,1790403544.03,1.249,-0.488,255.05
camera,1790403544.57,1.248,-0.490,255.06
camera,1790403545.07,1.245,-0.503,255.10
camera,1790403545.53,1.217,-0.608,255.25
camera,1790403546.07,1.180,-0.750,255.30
camera,1790403546.53,1.143,-0.893,255.39
camera,1790403547.10,1.097,-1.068,255.46
camera,1790403547.53,1.063,-1.200,255.43
camera,1790403548.03,1.021,-1.362,255.56
camera,1790403548.53,0.982,-1.515,255.53
camera,1790403549.03,0.941,-1.673,255.57
camera,1790403549.57,0.898,-1.843,255.68
camera,1790403550.03,0.861,-1.989,255.67
camera,1790403550.57,0.806,-2.217,255.92
camera,1790403551.03,0.774,-2.347,256.13
camera,1790403551.57,0.730,-2.524,255.99
camera,1790403552.07,0.712,-2.594,256.12
camera,1790403552.53,0.711,-2.598,256.09
camera,1790403553.07,0.711,-2.600,256.11
camera,1790403553.53,0.711,-2.599,256.06
camera,1790403554.07,0.713,-2.592,256.10
camera,1790403554.53,0.712,-2.596,256.15
camera,1790403555.10,0.712,-2.595,256.09
camera,1790403555.53,0.712,-2.595,256.12
camera,1790403556.10,0.713,-2.595,256.13
camera,1790403556.57,0.714,-2.588,256.11
camera,1790403557.03,0.714,-2.590,256.19
camera,1790403557.57,0.714,-2.591,256.06
camera,1790403558.03,0.713,-2.594,256.12
camera,1790403558.60,0.714,-2.589,256.11
camera,1790403559.07,0.734,-2.513,256.04
camera,1790403559.53,0.752,-2.442,256.05
camera,1790403560.07,0.781,-2.328,256.70
camera,1790403560.53,0.781,-2.328,256.76
camera,1790403561.07,0.781,-2.329,256.79
camera,1790403561.53,0.780,-2.332,256.77
camera,1790403562.03,0.780,-2.331,256.75
camera,1790403562.57,0.780,-2.333,256.78
camera,1790403563.03,0.780,-2.331,256.79
camera,1790403563.53,0.780,-2.331,256.74
camera,1790403564.07,0.779,-2.334,256.79
camera,1790403564.53,0.780,-2.330,256.73
camera,1790403565.03,0.781,-2.330,256.79
camera,1790403565.60,0.780,-2.332,256.76
camera,1790403566.07,0.780,-2.331,256.77
camera,1790403566.53,0.779,-2.334,256.77
camera,1790403567.07,0.780,-2.332,256.79
camera,1790403567.53,0.780,-2.332,256.77
camera,1790403568.07,0.780,-2.332,256.78
camera,1790403568.57,0.781,-2.329,256.76
camera,1790403569.03,0.781,-2.329,256.77
camera,1790403569.53,0.780,-2.333,256.75
camera,1790403570.07,0.780,-2.332,256.77
camera,1790403570.53,0.797,-2.260,256.74
camera,1790403571.07,0.817,-2.174,256.71
camera,1790403571.53,0.840,-2.078,256.73
camera,1790403572.03,0.869,-1.956,256.76
camera,1790403572.63,0.878,-1.916,256.74
camera,1790403573.03,0.878,-1.925,262.15
camera,1790403573.57,0.879,-1.942,270.27
camera,1790403574.13,0.879,-1.939,269.89
camera,1790403574.53,0.879,-1.941,269.91
camera,1790403575.07,0.879,-1.938,269.89
camera,1790403575.60,0.879,-1.935,269.90
camera,1790403576.03,0.879,-1.938,269.89
camera,1790403576.57,0.879,-1.827,270.12
camera,1790403577.03,0.879,-1.713,270.10
camera,1790403577.57,0.878,-1.575,270.15
camera,1790403578.03,0.877,-1.438,270.20
camera,1790403578.57,0.877,-1.273,270.19
camera,1790403579.07,0.876,-1.138,270.25
camera,1790403579.53,0.876,-0.991,270.13
camera,1790403580.07,0.876,-0.855,270.15
camera,1790403580.60,0.875,-0.693,270.13
camera,1790403581.03,0.875,-0.572,270.11
camera,1790403581.53,0.875,-0.543,270.08
camera,1790403582.13,0.875,-0.538,270.10
camera,1790403582.57,0.879,-0.549,276.09
camera,1790403583.10,0.877,-0.543,289.47
camera,1790403583.57,0.902,-0.577,300.97
camera,1790403585.03,0.597,-0.038,319.72
camera,1790403585.57,0.602,-0.041,319.79
camera,1790403586.03,0.601,-0.040,319.80
camera,1790403586.57,0.598,-0.037,319.73
camera,1790403587.03,0.588,-0.035,325.20
camera,1790403587.57,0.586,-0.035,333.23
camera,1790403588.03,0.594,-0.036,340.41
camera,1790403588.57,0.585,-0.035,348.53
camera,1790403589.03,0.593,-0.036,352.53
camera,1790403589.53,0.586,-0.035,352.45
camera,1790403590.07,0.585,-0.035,352.49
camera,1790403590.53,0.586,-0.035,352.46
camera,1790403591.07,0.589,-0.035,354.67
camera,1790403591.53,0.582,-0.036,360.80
camera,1790403592.10,0.585,-0.036,368.53
camera,1790403592.57,0.585,-0.036,374.86
camera,1790403593.03,0.585,-0.036,381.05
camera,1790403593.57,0.583,-0.037,388.87
camera,1790403594.03,0.586,-0.036,395.62
camera,1790403594.53,0.607,-0.017,403.19
camera,1790403595.07,0.626,0.011,411.32
camera,1790403595.53,0.636,0.028,418.26
camera,1790403596.07,0.649,0.064,426.20
camera,1790403596.57,0.657,0.100,433.62
camera,1790403597.03,0.658,0.106,440.45
camera,1790403597.53,0.658,0.141,447.42
camera,1790403598.03,0.657,0.127,447.07
camera,1790403598.53,0.658,0.138,447.10
camera,1790403599.03,0.657,0.132,447.05
camera,1790403599.53,0.658,0.138,447.08
camera,1790403600.03,0.657,0.137,447.07
camera,1790403600.53,0.657,0.138,447.06
camera,1790403601.03,0.657,0.137,447.09
camera,1790403601.53,0.657,0.134,447.06
camera,1790403602.03,0.657,0.134,447.06
camera,1790403602.57,0.657,0.134,447.06
camera,1790403603.07,0.657,0.136,447.06
camera,1790403603.53,0.657,0.137,447.07
camera,1790403604.07,0.656,0.154,451.15
camera,1790403604.57,0.655,0.163,453.54
camera,1790403605.07,0.655,0.162,453.56
camera,1790403605.53,0.655,0.165,453.55
camera,1790403606.03,0.655,0.161,453.55
camera,1790403606.53,0.655,0.165,453.55
camera,1790403607.03,0.651,0.172,458.09
camera,1790403607.60,0.637,0.202,471.81
camera,1790403608.07,0.633,0.207,482.96
camera,1790403608.63,0.602,0.237,496.74
camera,1790403609.03,0.542,0.258,507.31
camera,1790403609.53,0.513,0.270,516.66
camera,1790403610.10,0.529,0.263,516.63
camera,1790403610.57,0.525,0.265,516.67
camera,1790403611.07,0.512,0.270,516.72
camera,1790403611.53,0.514,0.269,516.68
camera,1790403612.03,0.516,0.268,516.69
camera,1790403612.57,0.519,0.267,516.72
camera,1790403613.03,0.520,0.265,516.72
camera,1790403613.53,0.522,0.264,516.71
camera,1790403614.07,0.518,0.266,517.97
camera,1790403614.60,0.446,0.280,525.29
camera,1790403615.03,0.361,0.290,531.22
camera,1790403615.60,0.332,0.289,538.79
camera,1790403616.03,0.312,0.288,540.48
camera,1790403616.53,0.319,0.288,540.52
camera,1790403617.03,0.322,0.288,540.51
camera,1790403617.53,0.309,0.288,540.47
camera,1790403618.10,0.317,0.288,540.52
camera,1790403618.53,0.317,0.288,540.49
camera,1790403619.03,0.301,0.285,545.15
camera,1790403619.53,0.241,0.258,558.82
camera,1790403620.03,0.192,0.217,572.69
camera,1790403620.57,0.160,0.173,587.32
camera,1790403621.03,0.146,0.138,599.96
camera,1790403621.57,0.129,0.063,607.83
camera,1790403622.03,0.134,0.072,607.71
camera,1790403622.60,0.132,0.065,608.40
camera,1790403623.07,0.128,0.045,616.39
camera,1790403623.53,0.126,0.023,625.55
camera,1790403624.07,0.145,-0.069,635.91
camera,1790403624.53,0.138,-0.037,636.87
camera,1790403625.07,0.139,-0.042,636.83
camera,1790403625.53,0.139,-0.038,636.90
camera,1790403626.03,0.137,-0.030,636.90
camera,1790403626.57,0.139,-0.040,636.93
camera,1790403627.07,0.138,-0.041,636.86
camera,1790403627.53,0.139,-0.041,637.03
camera,1790403628.07,0.137,-0.036,637.84
camera,1790403628.53,0.142,-0.061,640.37
camera,1790403629.07,0.142,-0.058,640.40
camera,1790403629.53,0.143,-0.068,640.36
camera,1790403630.03,0.141,-0.052,642.87
camera,1790403630.57,0.159,-0.094,652.10
camera,1790403631.03,0.188,-0.135,660.05
camera,1790403632.43,0.505,-0.077,681.07
camera,1790403632.57,0.499,-0.073,683.29
camera,1790403633.07,0.515,-0.066,691.85
camera,1790403633.53,0.515,-0.066,700.06
camera,1790403634.00,0.513,-0.066,708.25
camera,1790403634.53,0.517,-0.065,714.85
camera,1790403635.00,0.516,-0.065,714.81
camera,1790403635.53,0.519,-0.066,714.78
camera,1790403636.00,0.523,-0.066,714.79
camera,1790403636.50,0.518,-0.066,714.78
camera,1790403637.00,0.521,-0.066,714.81
camera,1790403637.50,0.516,-0.065,714.78
camera,1790403638.03,0.523,-0.066,714.80
camera,1790403638.50,0.520,-0.066,714.79
camera,1790403639.03,0.518,-0.065,714.81
camera,1790403639.50,0.516,-0.065,714.79
camera,1790403640.03,0.519,-0.065,714.76
camera,1790403640.53,0.517,-0.065,714.77
camera,1790403641.00,0.518,-0.065,714.77
camera,1790403641.53,0.520,-0.065,714.81
camera,1790403642.00,0.517,-0.065,714.74
camera,1790403642.50,0.520,-0.065,714.76
camera,1790403643.03,0.520,-0.065,714.81
camera,1790403643.50,0.521,-0.066,714.79
camera,1790403644.03,0.518,-0.065,714.79
camera,1790403644.50,0.520,-0.065,714.78
camera,1790403645.03,0.520,-0.065,714.79
camera,1790403645.53,0.521,-0.065,714.80
camera,1790403646.00,0.512,-0.065,714.80
camera,1790403646.53,0.525,-0.066,714.77
camera,1790403647.00,0.520,-0.065,714.78
camera,1790403647.53,0.518,-0.065,714.80
camera,1790403648.00,0.522,-0.066,714.79
camera,1790403648.57,0.518,-0.065,714.79
camera,1790403649.10,0.522,-0.066,714.79
camera,1790403649.50,0.519,-0.065,714.79
camera,1790403650.03,0.523,-0.066,714.80
camera,1790403650.50,0.519,-0.065,714.76
camera,1790403651.10,0.520,-0.065,714.76
camera,1790403651.50,0.525,-0.066,714.83
camera,1790403652.00,0.515,-0.065,714.78
camera,1790403652.53,0.520,-0.065,714.79
camera,1790403653.03,0.520,-0.065,714.82
camera,1790403653.50,0.517,-0.065,715.35
camera,1790403654.03,0.529,-0.063,726.85
camera,1790403654.50,0.535,-0.062,733.97
camera,1790403655.00,0.540,-0.060,734.05
camera,1790403655.53,0.537,-0.061,734.06
camera,1790403656.00,0.541,-0.060,734.05
camera,1790403656.53,0.540,-0.060,734.03
camera,1790403657.00,0.541,-0.060,734.02
camera,1790403657.53,0.540,-0.060,734.05
camera,1790403658.00,0.544,-0.059,734.03
camera,1790403658.53,0.540,-0.060,734.02
camera,1790403659.10,0.553,-0.057,734.12
camera,1790403659.50,0.648,-0.032,734.27
camera,1790403660.03,0.821,0.013,734.49
camera,1790403660.57,0.872,0.026,734.49
camera,1790403661.10,0.876,0.028,732.49
camera,1790403661.50,0.871,0.028,725.06
camera,1790403662.07,0.861,0.029,718.69
camera,1790403662.60,0.939,0.026,718.28
camera,1790403663.00,1.053,0.023,718.26
camera,1790403663.53,1.228,0.018,718.27
camera,1790403664.00,1.357,0.014,718.29
camera,1790403664.53,1.522,0.009,718.30
camera,1790403665.03,1.685,0.004,718.44
camera,1790403665.50,1.848,-0.002,718.47
camera,1790403666.03,2.031,-0.006,718.55
camera,1790403666.50,2.184,-0.010,718.61
camera,1790403667.03,2.345,-0.013,718.69
camera,1790403667.50,2.503,-0.017,718.83
camera,1790403668.03,2.674,-0.020,718.83
camera,1790403668.50,2.833,-0.023,718.89
camera,1790403669.07,3.032,-0.026,719.01
camera,1790403669.60,3.202,-0.029,719.13
camera,1790403670.10,3.376,-0.031,719.31
camera,1790403670.50,3.512,-0.033,719.27
camera,1790403671.10,3.710,-0.035,719.34
camera,1790403671.50,3.841,-0.036,719.38
camera,1790403672.13,4.065,-0.038,719.44
camera,1790403672.57,4.217,-0.040,719.51
camera,1790403673.07,4.382,-0.041,719.56
camera,1790403673.50,4.537,-0.042,719.60
camera,1790403674.03,4.730,-0.043,719.73
camera,1790403674.50,4.881,-0.043,719.79
camera,1790403675.03,5.074,-0.043,719.91
camera,1790403675.60,5.271,-0.043,719.98
camera,1790403676.03,5.421,-0.043,720.18
camera,1790403676.53,5.596,-0.042,720.25
camera,1790403677.00,5.792,-0.041,720.40
camera,1790403677.53,5.950,-0.040,720.33
camera,1790403678.00,5.976,-0.040,720.38
camera,1790403678.53,5.972,-0.040,720.24
camera,1790403679.03,5.969,-0.039,720.28
camera,1790403679.50,5.971,-0.039,720.34
camera,1790403680.03,5.971,-0.039,720.33
camera,1790403680.50,5.972,-0.039,720.35
camera,1790403681.03,5.966,-0.039,720.36
camera,1790403681.50,5.961,-0.039,720.34
camera,1790403682.03,5.959,-0.039,720.34
camera,1790403682.53,5.966,-0.039,720.35
camera,1790403683.00,5.969,-0.038,720.34
camera,1790403683.53,5.971,-0.038,720.33
camera,1790403684.00,5.968,-0.038,720.31
camera,1790403684.53,5.970,-0.038,720.30
camera,1790403685.00,5.977,-0.038,720.34
camera,1790403685.50,5.976,-0.038,720.32
camera,1790403686.03,5.975,-0.038,720.36
camera,1790403686.50,5.972,-0.038,720.34
camera,1790403687.03,5.977,-0.038,720.38
camera,1790403687.57,5.978,-0.038,720.35
camera,1790403688.03,5.972,-0.038,720.35
camera,1790403688.50,5.971,-0.038,720.32
camera,1790403689.00,5.974,-0.038,720.38
camera,1790403689.53,5.971,-0.038,720.32
camera,1790403690.00,5.968,-0.038,720.34
camera,1790403690.53,5.969,-0.038,720.32
camera,1790403691.00,5.973,-0.037,720.32
camera,1790403691.53,5.973,-0.037,720.30
camera,1790403692.00,5.972,-0.037,720.30
camera,1790403692.50,5.973,-0.037,720.38
camera,1790403693.03,5.975,-0.037,720.35
camera,1790403693.50,5.978,-0.036,727.17
camera,1790403694.03,5.997,-0.029,738.66
camera,1790403694.53,6.023,-0.010,750.06
camera,1790403695.03,6.043,0.013,762.74
camera,1790403695.53,6.068,0.052,775.45
camera,1790403696.00,6.099,0.093,788.92
camera,1790403699.80,6.237,0.175,842.34
camera,1790403700.00,6.243,0.168,846.63
camera,1790403700.57,6.227,0.165,861.30
camera,1790403701.03,6.218,0.169,873.65
camera,1790403701.50,6.204,0.171,885.65
camera,1790403702.03,6.169,0.168,899.37
camera,1790403702.53,6.159,0.167,903.10
camera,1790403703.00,6.158,0.166,904.88
camera,1790403703.53,6.141,0.165,905.02
camera,1790403704.03,6.017,0.154,905.13
camera,1790403704.50,5.909,0.144,905.20
camera,1790403705.00,5.792,0.133,905.34
camera,1790403705.53,5.638,0.118,905.43
camera,1790403706.03,5.491,0.104,905.55
camera,1790403706.50,5.344,0.089,905.62
camera,1790403707.07,5.170,0.072,905.72
camera,1790403707.53,5.035,0.058,905.82
camera,1790403708.03,4.882,0.042,905.83
camera,1790403708.53,4.740,0.027,906.02
camera,1790403709.00,4.604,0.013,905.95
camera,1790403709.53,4.433,-0.005,906.03
camera,1790403710.00,4.288,-0.021,906.16
camera,1790403710.50,4.115,-0.040,906.27
camera,1790403711.00,3.946,-0.058,906.25
camera,1790403711.50,3.781,-0.077,906.41
camera,1790403712.00,3.630,-0.094,906.45
camera,1790403712.50,3.537,-0.105,906.41
camera,1790403713.00,3.540,-0.104,906.42
camera,1790403713.53,3.557,-0.107,898.31
camera,1790403714.03,3.559,-0.107,898.56
camera,1790403714.53,3.561,-0.107,898.56
camera,1790403715.00,3.559,-0.107,898.58
camera,1790403715.53,3.558,-0.107,898.58
camera,1790403716.03,3.560,-0.107,898.55
camera,1790403716.50,3.563,-0.107,898.57
camera,1790403717.00,3.563,-0.107,898.59
camera,1790403717.53,3.558,-0.107,898.61
camera,1790403718.03,3.558,-0.107,898.58
camera,1790403718.53,3.559,-0.107,898.56
camera,1790403719.03,3.644,-0.109,898.46
camera,1790403719.53,3.742,-0.112,898.33
camera,1790403720.00,3.740,-0.112,898.42
camera,1790403720.50,3.740,-0.112,898.43
camera,1790403721.00,3.737,-0.112,898.41
camera,1790403721.50,3.742,-0.112,898.44
camera,1790403722.03,3.741,-0.112,898.44
camera,1790403722.53,3.743,-0.112,898.41
camera,1790403723.03,3.741,-0.112,898.40
camera,1790403723.50,3.742,-0.112,898.39
camera,1790403724.03,3.740,-0.112,898.41
camera,1790403724.53,3.741,-0.112,898.44
camera,1790403725.03,3.740,-0.112,898.39
camera,1790403725.50,3.739,-0.112,898.43
camera,1790403726.00,3.741,-0.112,898.42
camera,1790403726.50,3.743,-0.112,898.43
camera,1790403727.00,3.741,-0.112,898.43
camera,1790403727.50,3.747,-0.113,896.33
camera,1790403728.03,3.754,-0.115,890.23
camera,1790403728.53,3.748,-0.114,890.26
camera,1790403729.00,3.749,-0.114,890.21
camera,1790403729.50,3.748,-0.114,890.22
camera,1790403730.03,3.750,-0.114,890.21
camera,1790403730.53,3.752,-0.115,890.24
camera,1790403731.03,3.755,-0.115,890.22
camera,1790403731.50,3.750,-0.114,890.22
camera,1790403732.00,3.750,-0.114,890.21
camera,1790403732.53,3.750,-0.114,890.22
camera,1790403733.03,3.710,-0.106,889.46
camera,1790403733.53,3.515,-0.070,889.51
camera,1790403734.07,3.317,-0.034,889.58
camera,1790403734.50,3.158,-0.005,889.64
camera,1790403735.03,2.962,0.031,889.68
camera,1790403735.57,2.764,0.067,889.74
camera,1790403736.03,2.588,0.098,889.78
camera,1790403736.53,2.530,0.109,889.71
camera,1790403737.03,2.528,0.109,896.00
camera,1790403737.50,2.513,0.107,899.30
camera,1790403738.03,2.377,0.108,899.63
camera,1790403738.53,2.185,0.109,899.74
camera,1790403739.00,2.012,0.109,899.90
camera,1790403739.50,1.823,0.109,900.00
camera,1790403740.00,1.633,0.108,900.17
camera,1790403740.50,1.443,0.107,900.25
camera,1790403741.03,1.262,0.106,900.35
camera,1790403741.53,1.163,0.105,900.31
camera,1790403742.03,1.164,0.105,900.32
camera,1790403742.53,1.160,0.105,900.33
camera,1790403743.00,1.158,0.105,900.32
camera,1790403743.50,1.160,0.105,900.29
camera,1790403744.00,1.161,0.105,900.29
camera,1790403744.53,1.163,0.105,900.31
camera,1790403745.03,1.161,0.105,900.32
camera,1790403745.53,1.160,0.105,900.30
camera,1790403746.00,1.162,0.105,900.32
camera,1790403746.50,1.163,0.105,900.34
camera,1790403747.00,1.157,0.105,900.36
camera,1790403747.53,1.156,0.105,900.34
camera,1790403748.03,1.161,0.105,900.33
camera,1790403748.53,1.161,0.105,900.35
camera,1790403749.03,1.162,0.105,900.30
camera,1790403749.50,1.162,0.105,900.30
camera,1790403750.00,1.159,0.105,900.33
camera,1790403750.50,1.161,0.105,900.35
camera,1790403751.03,1.161,0.105,900.33
camera,1790403751.53,1.157,0.105,900.32
camera,1790403752.00,1.158,0.105,900.24
camera,1790403752.53,1.040,0.104,900.41
camera,1790403753.07,0.872,0.103,900.43
camera,1790403753.53,0.730,0.102,900.48
camera,1790403754.07,0.724,0.102,900.51
camera,1790403754.53,0.726,0.102,900.50
camera,1790403755.03,0.728,0.102,900.49
camera,1790403755.53,0.727,0.102,900.50
camera,1790403756.00,0.728,0.102,900.50
camera,1790403756.50,0.729,0.102,900.50
camera,1790403757.00,0.725,0.102,900.47
camera,1790403757.53,0.725,0.101,901.85
camera,1790403758.03,0.709,0.096,913.82
camera,1790403758.50,0.677,0.072,928.84
camera,1790403759.07,0.660,0.055,947.08
camera,1790403759.53,0.646,0.018,962.56
camera,1790403760.00,0.636,-0.038,971.97
camera,1790403760.53,0.635,-0.040,971.95
camera,1790403761.00,0.636,-0.035,972.64
camera,1790403761.53,0.635,-0.047,975.03
camera,1790403762.00,0.634,-0.052,975.08
camera,1790403762.53,0.634,-0.050,975.05
camera,1790403763.00,0.635,-0.047,975.01
camera,1790403763.57,0.633,-0.053,974.99
camera,1790403764.03,0.636,-0.043,975.00
camera,1790403764.50,0.644,-0.014,975.02
camera,1790403765.03,0.642,-0.019,974.99
camera,1790403765.50,0.642,-0.020,975.02
camera,1790403766.03,0.642,-0.020,975.01
camera,1790403766.50,0.641,-0.024,975.03
camera,1790403767.03,0.640,-0.027,975.00
camera,1790403767.50,0.640,-0.027,975.04
camera,1790403768.03,0.641,-0.024,975.00
camera,1790403768.50,0.641,-0.026,975.02
camera,1790403769.00,0.641,-0.029,977.45
camera,1790403769.53,0.640,-0.055,982.49
camera,1790403770.00,0.643,-0.037,983.07
camera,1790403770.53,0.641,-0.059,985.98
camera,1790403771.00,0.641,-0.061,985.91
camera,1790403771.53,0.641,-0.069,985.98
camera,1790403772.00,0.641,-0.072,985.96
camera,1790403772.53,0.638,-0.101,985.91
camera,1790403773.00,0.639,-0.076,985.98
camera,1790403773.50,0.641,-0.055,985.99
camera,1790403774.00,0.642,-0.049,985.99
camera,1790403774.50,0.643,-0.038,985.95
camera,1790403775.03,0.640,-0.070,985.95
camera,1790403775.50,0.641,-0.054,985.96
camera,1790403776.03,0.641,-0.063,985.99
camera,1790403776.50,0.641,-0.064,985.97
camera,1790403777.03,0.640,-0.080,986.15
camera,1790403777.53,0.632,-0.190,986.13
camera,1790403778.00,0.625,-0.313,986.34
camera,1790403778.53,0.614,-0.498,986.45
camera,1790403779.00,0.603,-0.687,986.64
camera,1790403779.53,0.592,-0.881,986.73
camera,1790403780.00,0.584,-1.041,986.88
camera,1790403780.50,0.573,-1.223,986.89
camera,1790403781.03,0.564,-1.419,987.09
camera,1790403781.50,0.555,-1.599,987.15
camera,1790403782.00,0.546,-1.796,987.28
camera,1790403782.53,0.538,-1.993,987.43
camera,1790403783.00,0.530,-2.123,987.51
camera,1790403783.53,0.522,-2.319,987.64
camera,1790403784.00,0.515,-2.490,987.68
camera,1790403784.53,0.508,-2.653,987.79
camera,1790403785.00,0.502,-2.830,987.90
camera,1790403785.57,0.495,-3.023,987.99
camera,1790403786.03,0.490,-3.182,988.07
camera,1790403786.50,0.484,-3.349,988.15
camera,1790403787.03,0.483,-3.388,988.17
camera,1790403787.50,0.483,-3.393,988.13
camera,1790403788.03,0.483,-3.393,988.15
camera,1790403788.53,0.483,-3.388,988.15
camera,1790403789.00,0.483,-3.389,988.16
camera,1790403789.53,0.483,-3.383,988.16
camera,1790403790.03,0.483,-3.388,988.18
camera,1790403790.50,0.483,-3.391,988.18
camera,1790403791.03,0.483,-3.392,988.14
camera,1790403791.53,0.483,-3.388,988.14
camera,1790403792.00,0.484,-3.386,988.14
camera,1790403792.53,0.484,-3.387,988.20
camera,1790403793.00,0.484,-3.382,988.17
camera,1790403793.50,0.483,-3.389,988.11
camera,1790403794.03,0.483,-3.388,988.17
camera,1790403794.53,0.483,-3.386,988.16
camera,1790403795.00,0.483,-3.393,988.19
camera,1790403795.53,0.483,-3.390,988.16
camera,1790403796.00,0.483,-3.390,988.18
camera,1790403796.53,0.484,-3.386,988.20
camera,1790403797.00,0.483,-3.391,988.16
camera,1790403797.60,0.483,-3.392,988.21
camera,1790403798.00,0.483,-3.416,988.19
camera,1790403798.50,0.479,-3.523,988.13
camera,1790403799.03,0.474,-3.714,988.30
camera,1790403799.53,0.468,-3.908,988.31
camera,1790403800.00,0.463,-4.076,988.44
camera,1790403800.53,0.458,-4.270,988.49
camera,1790403801.03,0.454,-4.457,988.61
camera,1790403801.50,0.450,-4.628,988.64
camera,1790403802.03,0.446,-4.834,988.78
camera,1790403802.53,0.443,-5.026,988.90
camera,1790403803.03,0.440,-5.213,989.02
camera,1790403803.50,0.439,-5.383,989.37
camera,1790403804.03,0.436,-5.574,989.33
camera,1790403804.50,0.435,-5.753,989.40
camera,1790403805.03,0.433,-5.952,989.49
camera,1790403805.53,0.431,-6.135,989.56
camera,1790403806.03,0.431,-6.316,989.79
camera,1790403806.53,0.430,-6.516,989.74
camera,1790403807.03,0.429,-6.688,989.91
camera,1790403807.50,0.429,-6.859,989.86
camera,1790403808.03,0.428,-7.065,989.88
camera,1790403808.53,0.429,-7.243,989.98
camera,1790403809.00,0.429,-7.415,990.05
camera,1790403809.53,0.429,-7.607,990.09
camera,1790403810.03,0.430,-7.803,990.04
camera,1790403810.57,0.431,-7.993,990.18
camera,1790403811.03,0.432,-8.170,990.30
camera,1790403811.53,0.433,-8.356,990.34
camera,1790403812.00,0.434,-8.533,990.30
camera,1790403812.53,0.436,-8.741,990.47
camera,1790403813.00,0.437,-8.911,990.51
camera,1790403813.53,0.439,-9.111,990.45
camera,1790403814.00,0.441,-9.283,990.57
camera,1790403814.50,0.443,-9.470,990.52
camera,1790403815.07,0.446,-9.678,990.74
camera,1790403815.53,0.449,-9.852,990.91
camera,1790403816.00,0.452,-10.025,990.94
camera,1790403816.50,0.455,-10.210,990.97
camera,1790403817.00,0.458,-10.396,990.95
camera,1790403817.50,0.460,-10.579,990.78
camera,1790403818.03,0.462,-10.777,990.64
camera,1790403818.50,0.463,-10.952,990.45
camera,1790403819.03,0.464,-11.152,990.27
camera,1790403819.50,0.464,-11.326,990.09
camera,1790403820.00,0.463,-11.504,989.81
camera,1790403820.53,0.463,-11.725,989.98
camera,1790403821.00,0.462,-11.903,989.77
camera,1790403821.53,0.460,-12.095,989.36
camera,1790403822.00,0.457,-12.262,989.11
camera,1790403822.53,0.453,-12.462,988.89
camera,1790403823.00,0.449,-12.624,988.60
camera,1790403823.53,0.443,-12.809,988.32
camera,1790403824.00,0.439,-12.973,988.44
camera,1790403824.50,0.434,-13.146,988.37
camera,1790403825.03,0.426,-13.344,988.07
camera,1790403825.50,0.419,-13.520,987.34
camera,1790403826.17,0.415,-13.700,984.59
camera,1790403827.77,0.808,-14.624,987.46
camera,1790403829.30,0.772,-14.602,1028.25
camera,1790403829.50,0.797,-14.619,1034.86
camera,1790403830.03,0.798,-14.617,1051.44
camera,1790403830.50,0.816,-14.620,1065.94
camera,1790403831.00,0.829,-14.618,1080.27
camera,1790403831.53,0.826,-14.618,1079.79
camera,1790403832.00,0.830,-14.618,1079.78
camera,1790403832.53,0.833,-14.618,1079.78
camera,1790403833.00,0.828,-14.618,1079.75
camera,1790403833.50,0.829,-14.618,1079.75
camera,1790403834.03,0.827,-14.617,1079.72
camera,1790403834.50,0.829,-14.617,1079.76
camera,1790403835.00,0.831,-14.617,1079.77
camera,1790403835.50,0.830,-14.617,1079.79
camera,1790403836.00,0.832,-14.617,1079.76
camera,1790403836.53,0.835,-14.618,1079.76
camera,1790403837.00,0.832,-14.618,1079.73
camera,1790403837.50,0.847,-14.617,1079.82
camera,1790403838.03,0.829,-14.617,1080.10
camera,1790403838.50,0.874,-14.605,1088.48
camera,1790403839.03,0.905,-14.580,1106.80
camera,1790403839.50,0.863,-14.474,1123.12
camera,1790403840.07,0.873,-14.437,1143.97
camera,1790403840.53,0.873,-14.387,1160.90
camera,1790403841.03,0.869,-14.360,1166.22
camera,1790403841.50,0.869,-14.363,1166.18
camera,1790403842.03,0.870,-14.360,1166.17
camera,1790403842.50,0.869,-14.360,1166.16
camera,1790403843.03,0.870,-14.355,1166.18
camera,1790403843.50,0.870,-14.359,1166.12
camera,1790403844.03,0.870,-14.359,1166.19
camera,1790403844.50,0.870,-14.358,1166.16
camera,1790403845.00,0.870,-14.358,1166.14
camera,1790403845.53,0.870,-14.358,1166.15
camera,1790403846.00,0.870,-14.358,1166.18
camera,1790403846.53,0.870,-14.357,1166.14
camera,1790403847.00,0.870,-14.357,1166.14
camera,1790403847.53,0.870,-14.359,1166.18
camera,1790403848.00,0.870,-14.352,1166.19
camera,1790403848.50,0.870,-14.359,1166.17
camera,1790403849.03,0.870,-14.356,1166.17
camera,1790403849.50,0.870,-14.352,1166.11
camera,1790403850.03,0.870,-14.353,1166.15
camera,1790403850.50,0.870,-14.359,1166.14
camera,1790403851.03,0.870,-14.356,1166.16
camera,1790403851.53,0.870,-14.357,1166.16
camera,1790403852.00,0.870,-14.355,1166.18
camera,1790403852.53,0.870,-14.354,1166.15
camera,1790403853.00,0.870,-14.357,1166.18
camera,1790403853.53,0.870,-14.354,1166.11
camera,1790403854.00,0.870,-14.352,1166.12
camera,1790403854.50,0.870,-14.354,1166.11
camera,1790403855.03,0.870,-14.354,1166.15
camera,1790403855.50,0.869,-14.365,1166.15
camera,1790403856.03,0.870,-14.354,1166.14
camera,1790403856.50,0.870,-14.353,1166.13
camera,1790403857.03,0.871,-14.349,1166.15
camera,1790403857.53,0.871,-14.347,1166.12
camera,1790403858.03,0.870,-14.357,1166.11
camera,1790403858.53,0.870,-14.361,1166.14
camera,1790403859.00,0.870,-14.360,1166.08
camera,1790403859.53,0.870,-14.354,1166.15
camera,1790403860.00,0.870,-14.351,1166.14
camera,1790403860.50,0.870,-14.356,1166.16
camera,1790403861.00,0.870,-14.354,1166.14
camera,1790403861.50,0.870,-14.358,1166.11
camera,1790403862.03,0.870,-14.355,1166.18
camera,1790403862.50,0.870,-14.354,1166.14
camera,1790403863.03,0.870,-14.355,1166.17
camera,1790403863.50,0.870,-14.357,1166.15
camera,1790403864.00,0.870,-14.354,1166.12
camera,1790403864.53,0.870,-14.356,1166.12
camera,1790403865.00,0.871,-14.346,1166.18
camera,1790403865.53,0.870,-14.356,1166.12
camera,1790403866.03,0.870,-14.357,1166.16
camera,1790403866.50,0.870,-14.356,1166.13
camera,1790403867.03,0.870,-14.358,1166.15
camera,1790403867.50,0.870,-14.359,1166.15
camera,1790403868.03,0.870,-14.354,1166.09
camera,1790403868.50,0.870,-14.354,1166.16
camera,1790403869.03,0.870,-14.355,1166.14
camera,1790403869.53,0.870,-14.352,1166.13
camera,1790403870.00,0.870,-14.353,1166.13
camera,1790403870.53,0.869,-14.365,1166.12
camera,1790403871.00,0.870,-14.355,1166.13
camera,1790403871.53,0.870,-14.356,1166.17
camera,1790403872.03,0.870,-14.353,1166.15
camera,1790403872.53,0.870,-14.358,1166.12
camera,1790403873.03,0.870,-14.353,1166.15
camera,1790403873.50,0.870,-14.353,1166.13
camera,1790403874.00,0.870,-14.355,1166.08
camera,1790403874.53,0.870,-14.350,1166.13
camera,1790403875.00,0.870,-14.359,1166.12
camera,1790403875.53,0.870,-14.357,1166.08
camera,1790403876.00,0.870,-14.357,1166.09
camera,1790403876.53,0.870,-14.352,1166.11
camera,1790403877.00,0.870,-14.357,1166.16
camera,1790403877.57,0.869,-14.365,1166.11
camera,1790403878.03,0.870,-14.360,1166.11
camera,1790403878.50,0.870,-14.355,1166.13
camera,1790403879.03,0.870,-14.357,1166.16
camera,1790403879.50,0.870,-14.358,1166.15
camera,1790403880.00,0.870,-14.359,1166.15
camera,1790403880.53,0.870,-14.354,1166.15
camera,1790403881.00,0.870,-14.356,1166.10
camera,1790403881.53,0.870,-14.357,1166.10
camera,1790403882.00,0.870,-14.359,1166.15
camera,1790403882.53,0.870,-14.355,1166.12
camera,1790403883.00,0.870,-14.355,1166.15
camera,1790403883.50,0.870,-14.356,1166.15
camera,1790403884.03,0.870,-14.355,1166.14
camera,1790403884.50,0.870,-14.351,1166.12
camera,1790403885.03,0.870,-14.353,1166.18
camera,1790403885.50,0.870,-14.357,1166.15
camera,1790403886.03,0.870,-14.356,1166.13
camera,1790403886.53,0.870,-14.354,1166.09
camera,1790403887.03,0.870,-14.358,1166.17
camera,1790403887.53,0.870,-14.358,1166.13
camera,1790403888.00,0.870,-14.358,1166.18
camera,1790403888.53,0.870,-14.361,1166.13
camera,1790403889.03,0.870,-14.353,1166.09
camera,1790403889.50,0.870,-14.357,1166.17
camera,1790403890.03,0.870,-14.355,1166.12
camera,1790403890.50,0.870,-14.359,1166.16
camera,1790403891.03,0.870,-14.358,1166.13
camera,1790403891.50,0.870,-14.357,1166.12
camera,1790403892.00,0.870,-14.359,1166.14
camera,1790403892.53,0.870,-14.353,1166.14
camera,1790403893.00,0.870,-14.362,1166.12
camera,1790403893.53,0.870,-14.360,1166.14
camera,1790403894.03,0.870,-14.355,1166.14
camera,1790403894.50,0.870,-14.359,1166.11
camera,1790403895.03,0.870,-14.359,1166.10
camera,1790403895.53,0.870,-14.358,1166.12
camera,1790403896.00,0.870,-14.362,1166.13
camera,1790403896.53,0.870,-14.360,1166.14
camera,1790403897.00,0.870,-14.356,1166.11
camera,1790403897.53,0.871,-14.352,1166.13
camera,1790403898.03,0.870,-14.353,1166.17
camera,1790403898.50,0.870,-14.357,1166.13
camera,1790403899.03,0.870,-14.355,1166.16
camera,1790403899.50,0.870,-14.365,1166.09
camera,1790403900.07,0.870,-14.362,1166.13
camera,1790403900.53,0.870,-14.359,1166.13
camera,1790403901.00,0.870,-14.357,1166.15
camera,1790403901.53,0.872,-14.324,1166.25
camera,1790403902.00,0.878,-14.240,1166.37
camera,1790403902.53,0.885,-14.125,1166.44
camera,1790403903.03,0.885,-14.123,1166.41
camera,1790403903.50,0.885,-14.128,1166.44
camera,1790403904.03,0.884,-14.129,1166.45
camera,1790403904.50,0.885,-14.129,1166.46
camera,1790403905.03,0.885,-14.130,1166.38
camera,1790403905.53,0.884,-14.135,1166.41
camera,1790403906.00,0.885,-14.125,1166.42
camera,1790403906.50,0.885,-14.125,1166.43
camera,1790403907.00,0.884,-14.134,1163.89
camera,1790403907.50,0.885,-14.131,1163.97
camera,1790403908.04,0.904,-13.965,1163.69
camera,1790403908.50,0.921,-13.809,1163.80
camera,1790403909.03,0.921,-13.778,1159.65
camera,1790403909.53,0.912,-13.793,1150.60
camera,1790403910.00,0.950,-13.688,1150.26
camera,1790403910.50,1.016,-13.505,1150.26
camera,1790403911.03,1.049,-13.309,1158.56
camera,1790403911.50,1.073,-13.123,1160.83
camera,1790403912.03,1.102,-12.937,1161.05
camera,1790403912.53,1.129,-12.758,1161.27
camera,1790403913.00,1.155,-12.585,1161.40
camera,1790403913.53,1.185,-12.380,1161.51
camera,1790403914.03,1.213,-12.191,1161.66
camera,1790403914.50,1.236,-12.027,1161.76
camera,1790403915.03,1.266,-11.819,1161.84
camera,1790403915.50,1.290,-11.646,1161.90
camera,1790403916.03,1.317,-11.453,1162.06
camera,1790403916.53,1.341,-11.280,1162.09
camera,1790403917.00,1.361,-11.133,1162.16
camera,1790403917.53,1.385,-10.955,1162.32
camera,1790403918.00,1.408,-10.777,1162.39
camera,1790403918.53,1.430,-10.614,1162.34
camera,1790403919.04,1.453,-10.436,1162.45
camera,1790403919.50,1.451,-10.253,1168.20
camera,1790403920.04,1.448,-10.062,1169.83
camera,1790403920.50,1.448,-9.889,1170.05
camera,1790403921.03,1.460,-9.698,1166.97
camera,1790403921.50,1.481,-9.541,1164.23
camera,1790403922.07,1.503,-9.329,1164.15
camera,1790403922.54,1.519,-9.165,1164.25
camera,1790403923.00,1.536,-8.999,1164.27
camera,1790403923.54,1.555,-8.803,1164.34
camera,1790403924.00,1.569,-8.633,1165.13
camera,1790403924.54,1.577,-8.427,1166.97
camera,1790403925.04,1.578,-8.249,1168.98
