# each path moved to start at (0,0) facing +x; tracking alone (odometry); time = epoch s; source ~/.run_records/s2_static_08/fusion.bag (/fused/odometry, /robot/ekf_odom, /rtabmap/odom, /robot/wheel_odom)
source,t,x,y,heading_deg
blend,1790452095.68,0.000,0.000,0.00
blend,1790452096.03,-0.000,0.000,0.00
blend,1790452096.54,0.000,0.000,0.01
blend,1790452097.04,0.000,0.000,-0.01
blend,1790452097.50,0.001,0.000,0.00
blend,1790452098.00,0.001,0.000,0.01
blend,1790452098.51,0.000,0.000,0.01
blend,1790452099.01,0.001,-0.000,0.02
blend,1790452099.52,0.001,-0.000,0.03
blend,1790452100.06,0.001,-0.000,0.03
blend,1790452100.53,0.001,-0.000,0.03
blend,1790452101.01,0.000,-0.000,0.03
blend,1790452101.54,0.000,-0.000,0.03
blend,1790452102.01,0.001,-0.000,0.03
blend,1790452102.50,0.001,-0.000,0.02
blend,1790452103.01,0.001,-0.000,0.02
blend,1790452103.51,0.002,-0.000,0.02
blend,1790452104.02,0.003,-0.000,0.02
blend,1790452104.52,0.002,-0.000,0.02
blend,1790452105.03,0.003,-0.000,0.03
blend,1790452105.53,0.002,-0.000,0.03
blend,1790452106.04,0.002,-0.000,0.03
blend,1790452106.56,0.002,-0.000,0.03
blend,1790452107.00,0.002,-0.000,0.04
blend,1790452107.51,0.004,-0.000,0.03
blend,1790452108.01,0.004,-0.000,0.04
blend,1790452108.52,0.004,-0.000,0.03
blend,1790452109.02,0.004,-0.000,0.04
blend,1790452109.53,0.004,-0.000,0.03
blend,1790452110.03,0.005,-0.000,0.03
blend,1790452110.54,0.005,-0.000,0.03
blend,1790452111.01,0.005,-0.000,0.03
blend,1790452111.55,0.006,-0.000,0.03
blend,1790452112.01,0.005,-0.000,0.03
blend,1790452112.51,0.005,-0.000,0.03
blend,1790452113.02,0.005,-0.000,0.03
blend,1790452113.52,0.005,-0.000,0.03
blend,1790452114.03,0.005,-0.000,0.03
blend,1790452114.53,0.006,-0.000,0.03
blend,1790452115.04,0.006,-0.000,0.03
blend,1790452115.56,0.006,-0.000,0.03
blend,1790452116.01,0.006,-0.000,0.03
blend,1790452116.50,0.007,-0.000,0.03
blend,1790452117.01,0.007,-0.000,0.03
blend,1790452117.52,0.008,-0.000,0.02
blend,1790452118.02,0.008,-0.000,0.02
blend,1790452118.53,0.008,-0.000,0.03
blend,1790452119.03,0.008,-0.000,0.02
blend,1790452119.54,0.008,-0.000,0.02
blend,1790452120.00,0.008,-0.000,0.02
blend,1790452120.51,0.008,-0.000,0.02
blend,1790452121.01,0.008,-0.000,0.02
blend,1790452121.51,0.008,-0.000,0.02
blend,1790452122.02,0.008,-0.000,0.02
blend,1790452122.52,0.007,-0.000,0.02
blend,1790452123.03,0.008,-0.000,0.03
blend,1790452123.53,0.008,-0.000,0.03
blend,1790452124.04,0.008,-0.000,0.03
blend,1790452124.51,0.008,-0.000,0.03
blend,1790452125.01,0.008,-0.000,0.03
blend,1790452125.50,0.008,-0.000,0.03
blend,1790452126.01,0.008,-0.000,0.03
blend,1790452126.52,0.009,-0.000,0.03
blend,1790452127.02,0.009,-0.000,0.02
blend,1790452127.53,0.009,-0.000,0.03
blend,1790452128.03,0.009,-0.000,0.02
blend,1790452128.54,0.008,-0.000,0.03
blend,1790452129.04,0.008,-0.000,0.03
blend,1790452129.51,0.009,-0.000,0.03
blend,1790452130.01,0.010,-0.000,0.03
blend,1790452130.51,0.009,-0.000,0.03
blend,1790452131.02,0.009,-0.000,0.04
blend,1790452131.52,0.054,0.000,0.02
blend,1790452132.03,0.046,0.000,0.02
blend,1790452132.53,0.045,0.000,0.03
blend,1790452133.04,0.071,0.000,0.05
blend,1790452133.55,0.126,0.000,0.08
blend,1790452134.00,0.187,0.000,0.11
blend,1790452134.51,0.252,0.000,0.12
blend,1790452135.01,0.331,0.001,0.15
blend,1790452135.52,0.412,0.001,0.18
blend,1790452136.03,0.489,0.001,0.23
blend,1790452136.53,0.563,0.001,0.23
blend,1790452137.04,0.635,0.002,0.27
blend,1790452137.54,0.705,0.002,0.28
blend,1790452138.01,0.770,0.002,0.29
blend,1790452138.50,0.841,0.003,0.32
blend,1790452139.01,0.909,0.003,0.36
blend,1790452139.51,0.980,0.004,0.37
blend,1790452140.02,1.047,0.004,0.40
blend,1790452140.53,1.120,0.005,0.43
blend,1790452141.03,1.191,0.005,0.45
blend,1790452141.54,1.261,0.006,0.47
blend,1790452142.01,1.324,0.006,0.50
blend,1790452142.52,1.383,0.007,0.52
blend,1790452143.01,1.440,0.007,0.54
blend,1790452143.51,1.499,0.008,0.56
blend,1790452144.02,1.559,0.009,0.57
blend,1790452144.52,1.620,0.009,0.61
blend,1790452145.03,1.681,0.010,0.63
blend,1790452145.54,1.740,0.010,0.64
blend,1790452146.04,1.800,0.011,0.65
blend,1790452146.51,1.857,0.012,0.70
blend,1790452147.00,1.912,0.012,0.72
blend,1790452147.51,1.967,0.013,0.73
blend,1790452148.01,2.023,0.014,0.76
blend,1790452148.52,2.079,0.015,0.78
blend,1790452149.03,2.134,0.015,0.80
blend,1790452149.53,2.189,0.016,0.80
blend,1790452150.04,2.245,0.017,0.82
blend,1790452150.54,2.301,0.018,0.84
blend,1790452151.00,2.354,0.019,0.86
blend,1790452151.50,2.397,0.019,0.88
blend,1790452152.01,2.454,0.020,0.90
blend,1790452152.51,2.509,0.021,0.91
blend,1790452153.02,2.570,0.022,0.95
blend,1790452153.53,2.630,0.023,0.97
blend,1790452154.03,2.690,0.024,0.99
blend,1790452154.54,2.748,0.025,1.01
blend,1790452155.04,2.805,0.026,1.03
blend,1790452155.50,2.858,0.027,1.04
blend,1790452156.00,2.911,0.028,1.04
blend,1790452156.51,2.959,0.029,1.07
blend,1790452157.02,3.010,0.030,1.10
blend,1790452157.52,3.067,0.032,1.10
blend,1790452158.02,3.119,0.033,1.13
blend,1790452158.53,3.175,0.034,1.16
blend,1790452159.02,3.227,0.035,1.18
blend,1790452159.54,3.282,0.036,1.20
blend,1790452160.05,3.333,0.037,1.22
blend,1790452160.51,3.383,0.038,1.23
blend,1790452161.01,3.438,0.039,1.24
blend,1790452161.51,3.489,0.040,1.25
blend,1790452162.00,3.549,0.042,1.27
blend,1790452162.52,3.593,0.043,1.29
blend,1790452163.03,3.657,0.044,1.33
blend,1790452163.54,3.710,0.045,1.32
blend,1790452164.04,3.763,0.047,1.33
blend,1790452164.55,3.817,0.048,1.34
blend,1790452165.00,3.866,0.049,1.38
blend,1790452165.51,3.919,0.050,1.39
blend,1790452166.01,3.972,0.052,1.42
blend,1790452166.52,4.026,0.053,1.46
blend,1790452167.02,4.084,0.055,1.49
blend,1790452167.53,4.143,0.056,1.50
blend,1790452168.03,4.195,0.058,1.53
blend,1790452168.54,4.252,0.059,1.56
blend,1790452169.04,4.308,0.061,1.57
blend,1790452169.51,4.356,0.062,1.57
blend,1790452170.00,4.413,0.064,1.58
blend,1790452170.51,4.468,0.065,1.62
blend,1790452171.01,4.526,0.067,1.64
blend,1790452171.52,4.576,0.068,1.65
blend,1790452172.02,4.627,0.070,1.68
blend,1790452172.53,4.685,0.071,1.71
blend,1790452173.03,4.740,0.073,1.75
blend,1790452173.54,4.792,0.075,1.75
blend,1790452174.01,4.839,0.076,1.77
blend,1790452174.51,4.887,0.078,1.80
blend,1790452175.00,4.941,0.079,1.81
blend,1790452175.51,4.991,0.081,1.83
blend,1790452176.01,5.047,0.083,1.83
blend,1790452176.51,5.100,0.084,1.87
blend,1790452177.01,5.157,0.086,1.85
blend,1790452177.53,5.210,0.088,1.88
blend,1790452178.04,5.266,0.090,1.91
blend,1790452178.54,5.322,0.092,1.91
blend,1790452179.02,5.373,0.093,1.93
blend,1790452179.52,5.423,0.095,1.95
blend,1790452180.01,5.475,0.097,1.98
blend,1790452180.51,5.531,0.099,2.00
blend,1790452181.02,5.587,0.101,2.01
blend,1790452181.52,5.642,0.103,2.02
blend,1790452182.03,5.698,0.105,2.04
blend,1790452182.53,5.753,0.107,2.07
blend,1790452183.04,5.810,0.109,2.09
blend,1790452183.56,5.866,0.111,2.10
blend,1790452184.01,5.916,0.113,2.13
blend,1790452184.51,5.970,0.115,2.16
blend,1790452185.01,6.027,0.117,2.17
blend,1790452185.52,6.081,0.119,2.22
blend,1790452186.02,6.136,0.121,2.24
blend,1790452186.53,6.190,0.123,2.22
blend,1790452187.03,6.246,0.125,2.26
blend,1790452187.54,6.301,0.127,2.29
blend,1790452188.04,6.355,0.130,2.31
blend,1790452188.50,6.405,0.132,2.32
blend,1790452189.00,6.460,0.134,2.35
blend,1790452189.51,6.516,0.136,2.36
blend,1790452190.02,6.570,0.138,2.39
blend,1790452190.52,6.625,0.141,2.41
blend,1790452191.03,6.678,0.143,2.42
blend,1790452191.53,6.735,0.145,2.45
blend,1790452192.04,6.782,0.147,2.49
blend,1790452192.54,6.832,0.149,2.50
blend,1790452193.01,6.876,0.151,2.52
blend,1790452193.50,6.932,0.154,2.54
blend,1790452194.01,6.987,0.156,2.57
blend,1790452194.52,7.038,0.159,2.64
blend,1790452195.02,7.093,0.162,2.65
blend,1790452195.53,7.148,0.164,2.67
blend,1790452196.03,7.202,0.167,2.68
blend,1790452196.54,7.262,0.170,2.71
blend,1790452197.04,7.295,0.171,2.73
blend,1790452197.51,7.339,0.173,2.73
blend,1790452198.00,7.384,0.175,2.74
blend,1790452198.51,7.435,0.178,2.73
blend,1790452199.01,7.487,0.180,2.76
blend,1790452199.52,7.538,0.183,2.74
blend,1790452200.03,7.593,0.185,2.73
blend,1790452200.53,7.658,0.188,2.71
blend,1790452201.04,7.708,0.190,2.74
blend,1790452201.51,7.755,0.192,2.75
blend,1790452202.00,7.808,0.195,2.74
blend,1790452202.50,7.867,0.198,2.77
blend,1790452203.01,7.906,0.200,2.86
blend,1790452203.52,7.966,0.203,2.89
blend,1790452204.02,8.011,0.205,2.92
blend,1790452204.53,8.078,0.208,2.95
blend,1790452205.03,8.125,0.210,2.87
blend,1790452205.54,8.183,0.213,2.89
blend,1790452206.04,8.236,0.216,2.93
blend,1790452206.55,8.299,0.219,2.92
blend,1790452207.00,8.345,0.221,2.92
blend,1790452207.51,8.400,0.224,2.94
blend,1790452208.01,8.455,0.226,2.97
blend,1790452208.52,8.501,0.229,2.96
blend,1790452209.02,8.554,0.232,3.07
blend,1790452209.53,8.610,0.235,3.07
blend,1790452210.04,8.665,0.238,3.08
blend,1790452210.54,8.719,0.240,3.10
blend,1790452211.01,8.773,0.243,3.15
blend,1790452211.50,8.824,0.246,3.13
blend,1790452212.01,8.884,0.249,3.14
blend,1790452212.51,8.930,0.252,3.11
blend,1790452213.02,8.986,0.255,3.15
blend,1790452213.52,9.037,0.258,3.18
blend,1790452214.03,9.096,0.261,3.21
blend,1790452214.53,9.154,0.264,3.18
blend,1790452215.04,9.202,0.266,3.17
blend,1790452215.54,9.257,0.269,3.19
blend,1790452216.00,9.305,0.272,3.24
blend,1790452216.50,9.361,0.275,3.16
blend,1790452217.01,9.414,0.277,3.18
blend,1790452217.51,9.466,0.281,3.24
blend,1790452218.02,9.520,0.283,3.24
blend,1790452218.53,9.575,0.286,3.23
blend,1790452219.03,9.629,0.289,3.23
blend,1790452219.54,9.683,0.293,3.25
blend,1790452220.04,9.739,0.295,3.22
blend,1790452220.50,9.789,0.298,3.22
blend,1790452221.00,9.842,0.301,3.22
blend,1790452221.51,9.897,0.304,3.20
blend,1790452222.01,9.951,0.307,3.29
blend,1790452222.52,10.004,0.310,3.29
blend,1790452223.03,10.059,0.313,3.31
blend,1790452223.53,10.116,0.316,3.21
blend,1790452224.04,10.170,0.318,3.18
blend,1790452224.54,10.227,0.321,3.18
blend,1790452225.01,10.277,0.324,3.17
blend,1790452225.50,10.316,0.325,3.14
blend,1790452226.01,10.307,0.325,3.21
blend,1790452226.51,10.307,0.325,3.20
blend,1790452227.02,10.307,0.325,3.19
blend,1790452227.52,10.307,0.325,3.19
blend,1790452228.03,10.307,0.325,3.17
blend,1790452228.53,10.308,0.325,3.16
blend,1790452229.04,10.309,0.325,3.19
blend,1790452229.51,10.327,0.326,3.20
blend,1790452230.00,10.371,0.328,3.25
blend,1790452230.51,10.442,0.332,3.33
blend,1790452231.01,10.515,0.337,3.33
blend,1790452231.52,10.554,0.339,3.34
blend,1790452232.02,10.560,0.339,3.33
blend,1790452232.53,10.559,0.339,3.37
blend,1790452233.01,10.559,0.339,3.37
blend,1790452233.54,10.560,0.339,3.38
blend,1790452234.00,10.587,0.341,3.39
blend,1790452234.50,10.642,0.344,3.40
blend,1790452235.01,10.725,0.349,3.44
blend,1790452235.51,10.810,0.354,3.49
blend,1790452236.02,10.889,0.359,3.49
blend,1790452236.53,10.891,0.359,3.49
blend,1790452237.03,10.892,0.359,3.49
blend,1790452237.54,10.892,0.359,3.50
blend,1790452238.04,10.892,0.359,3.44
blend,1790452238.51,10.867,0.358,3.39
blend,1790452239.00,10.820,0.354,3.43
blend,1790452239.51,10.738,0.350,3.40
blend,1790452240.01,10.678,0.346,3.42
blend,1790452240.52,10.690,0.346,3.43
blend,1790452241.02,10.692,0.346,3.40
blend,1790452241.53,10.691,0.346,3.39
blend,1790452242.04,10.693,0.346,3.09
blend,1790452242.50,10.703,0.344,-6.15
blend,1790452243.00,10.713,0.341,-16.85
blend,1790452243.51,10.728,0.332,-27.74
blend,1790452244.02,10.737,0.324,-38.27
blend,1790452244.54,10.741,0.320,-39.89
blend,1790452245.02,10.745,0.318,-39.80
blend,1790452245.51,10.744,0.318,-39.85
blend,1790452246.02,10.745,0.317,-41.44
blend,1790452246.54,10.751,0.311,-50.72
blend,1790452247.00,10.752,0.309,-60.39
blend,1790452247.52,10.752,0.310,-71.16
blend,1790452248.04,10.752,0.309,-75.74
blend,1790452248.56,10.752,0.309,-75.74
blend,1790452249.01,10.752,0.309,-75.75
blend,1790452249.52,10.752,0.309,-75.75
blend,1790452250.03,10.751,0.312,-84.77
blend,1790452250.50,10.751,0.313,-94.56
blend,1790452251.01,10.751,0.314,-105.19
blend,1790452251.53,10.751,0.313,-115.96
blend,1790452252.01,10.751,0.314,-125.66
blend,1790452252.52,10.751,0.313,-125.50
blend,1790452253.03,10.750,0.312,-125.49
blend,1790452253.50,10.751,0.313,-125.49
blend,1790452254.02,10.747,0.309,-129.58
blend,1790452254.54,10.748,0.309,-139.13
blend,1790452255.00,10.748,0.309,-148.43
blend,1790452255.51,10.748,0.309,-158.79
blend,1790452256.02,10.750,0.309,-169.06
blend,1790452256.53,10.741,0.309,-172.17
blend,1790452257.03,10.740,0.309,-172.17
blend,1790452257.54,10.741,0.309,-172.16
blend,1790452258.01,10.746,0.309,-176.62
blend,1790452258.51,10.736,0.310,-181.01
blend,1790452259.00,10.739,0.310,-181.00
blend,1790452259.51,10.739,0.310,-181.00
blend,1790452260.02,10.738,0.310,-180.99
blend,1790452260.54,10.737,0.310,-180.97
blend,1790452261.00,10.737,0.310,-180.98
blend,1790452261.51,10.739,0.310,-180.97
blend,1790452262.02,10.656,0.312,-181.03
blend,1790452262.52,10.526,0.314,-181.13
blend,1790452263.03,10.392,0.317,-181.15
blend,1790452263.53,10.259,0.319,-181.11
blend,1790452264.03,10.128,0.322,-181.08
blend,1790452264.54,9.997,0.324,-181.03
blend,1790452265.04,9.862,0.326,-180.98
blend,1790452265.51,9.741,0.328,-180.90
blend,1790452266.01,9.607,0.330,-180.85
blend,1790452266.51,9.478,0.332,-180.85
blend,1790452267.02,9.360,0.334,-180.83
blend,1790452267.52,9.369,0.334,-180.85
blend,1790452268.02,9.368,0.334,-180.85
blend,1790452268.53,9.367,0.334,-180.86
blend,1790452269.03,9.367,0.334,-180.85
blend,1790452269.54,9.367,0.334,-180.85
blend,1790452270.04,9.367,0.334,-172.86
blend,1790452270.56,9.376,0.337,-170.17
blend,1790452271.00,9.378,0.338,-170.18
blend,1790452271.51,9.378,0.338,-170.19
blend,1790452272.02,9.378,0.338,-170.19
blend,1790452272.52,9.378,0.338,-170.19
blend,1790452273.03,9.376,0.337,-170.19
blend,1790452273.53,9.374,0.337,-170.16
blend,1790452274.04,9.282,0.321,-170.01
blend,1790452274.55,9.192,0.305,-169.94
blend,1790452275.00,9.107,0.290,-169.89
blend,1790452275.50,9.017,0.274,-169.78
blend,1790452276.02,8.915,0.255,-169.68
blend,1790452276.52,8.831,0.240,-169.62
blend,1790452277.03,8.728,0.221,-169.57
blend,1790452277.54,8.641,0.205,-169.52
blend,1790452278.01,8.553,0.189,-169.47
blend,1790452278.55,8.459,0.171,-169.44
blend,1790452279.00,8.381,0.156,-169.40
blend,1790452279.51,8.288,0.139,-169.34
blend,1790452280.02,8.193,0.121,-169.32
blend,1790452280.52,8.098,0.103,-169.28
blend,1790452281.03,8.003,0.085,-169.23
blend,1790452281.53,7.909,0.067,-169.21
blend,1790452282.04,7.817,0.049,-169.17
blend,1790452282.50,7.731,0.033,-169.10
blend,1790452283.00,7.642,0.016,-169.06
blend,1790452283.51,7.551,-0.002,-169.03
blend,1790452284.01,7.454,-0.021,-169.00
blend,1790452284.52,7.363,-0.038,-168.97
blend,1790452285.02,7.350,-0.041,-168.95
blend,1790452285.53,7.349,-0.041,-169.01
blend,1790452286.04,7.347,-0.041,-181.05
blend,1790452286.54,7.336,-0.039,-181.05
blend,1790452287.06,7.334,-0.039,-181.10
blend,1790452287.50,7.301,-0.038,-181.05
blend,1790452288.00,7.245,-0.037,-181.06
blend,1790452288.51,7.157,-0.036,-181.07
blend,1790452289.01,7.058,-0.034,-181.10
blend,1790452289.53,6.967,-0.032,-181.10
blend,1790452290.03,6.868,-0.030,-181.06
blend,1790452290.54,6.768,-0.028,-181.07
blend,1790452291.05,6.669,-0.027,-181.04
blend,1790452291.51,6.593,-0.025,-180.99
blend,1790452292.01,6.491,-0.023,-180.97
blend,1790452292.52,6.399,-0.022,-180.94
blend,1790452293.02,6.297,-0.020,-180.89
blend,1790452293.53,6.199,-0.019,-180.83
blend,1790452294.04,6.112,-0.018,-180.81
blend,1790452294.54,6.016,-0.016,-180.80
blend,1790452295.01,5.927,-0.015,-180.77
blend,1790452295.50,5.835,-0.014,-180.73
blend,1790452296.00,5.742,-0.013,-180.72
blend,1790452296.51,5.648,-0.012,-180.67
blend,1790452297.01,5.552,-0.011,-180.59
blend,1790452297.52,5.457,-0.010,-180.60
blend,1790452298.02,5.363,-0.009,-180.57
blend,1790452298.53,5.275,-0.008,-180.50
blend,1790452299.03,5.178,-0.007,-180.49
blend,1790452299.54,5.085,-0.006,-180.46
blend,1790452300.04,4.994,-0.006,-180.42
blend,1790452300.55,4.899,-0.005,-180.37
blend,1790452301.00,4.818,-0.005,-180.34
blend,1790452301.51,4.723,-0.004,-180.34
blend,1790452302.01,4.624,-0.004,-180.26
blend,1790452302.52,4.532,-0.003,-180.26
blend,1790452303.02,4.437,-0.003,-180.25
blend,1790452303.53,4.342,-0.002,-180.20
blend,1790452304.03,4.244,-0.002,-180.15
blend,1790452304.54,4.148,-0.002,-180.12
blend,1790452305.05,4.053,-0.001,-180.11
blend,1790452305.55,3.960,-0.001,-180.07
blend,1790452306.00,3.880,-0.001,-180.03
blend,1790452306.51,3.779,-0.001,-180.00
blend,1790452307.01,3.688,-0.001,-179.94
blend,1790452307.52,3.593,-0.001,-179.88
blend,1790452308.02,3.502,-0.002,-179.87
blend,1790452308.51,3.411,-0.002,-179.86
blend,1790452309.04,3.315,-0.002,-179.81
blend,1790452309.50,3.229,-0.002,-179.78
blend,1790452310.01,3.129,-0.003,-179.77
blend,1790452310.50,3.043,-0.003,-179.72
blend,1790452311.01,2.948,-0.004,-179.70
blend,1790452311.51,2.848,-0.004,-179.66
blend,1790452312.02,2.754,-0.005,-179.62
blend,1790452312.52,2.662,-0.006,-179.55
blend,1790452313.03,2.565,-0.006,-179.52
blend,1790452313.53,2.475,-0.007,-179.53
blend,1790452314.04,2.379,-0.008,-179.49
blend,1790452314.51,2.293,-0.009,-179.45
blend,1790452315.00,2.202,-0.010,-179.43
blend,1790452315.51,2.109,-0.011,-179.38
blend,1790452316.01,2.014,-0.012,-179.32
blend,1790452316.52,1.918,-0.013,-179.32
blend,1790452317.02,1.829,-0.014,-179.33
blend,1790452317.53,1.734,-0.015,-179.25
blend,1790452318.03,1.644,-0.016,-179.19
blend,1790452318.54,1.549,-0.018,-179.16
blend,1790452319.06,1.457,-0.019,-179.12
blend,1790452319.55,1.368,-0.021,-179.07
blend,1790452320.00,1.285,-0.022,-179.04
blend,1790452320.51,1.193,-0.023,-179.03
blend,1790452321.02,1.102,-0.025,-178.96
blend,1790452321.52,1.010,-0.027,-178.94
blend,1790452322.03,0.916,-0.028,-178.94
blend,1790452322.53,0.825,-0.030,-178.87
blend,1790452323.04,0.730,-0.032,-178.81
blend,1790452323.51,0.646,-0.034,-178.79
blend,1790452324.01,0.641,-0.034,-178.79
blend,1790452324.51,0.640,-0.034,-178.77
blend,1790452325.01,0.639,-0.034,-178.77
blend,1790452325.51,0.639,-0.034,-178.78
blend,1790452326.02,0.639,-0.034,-178.78
blend,1790452326.52,0.639,-0.034,-178.78
blend,1790452327.03,0.639,-0.034,-178.79
blend,1790452327.54,0.639,-0.034,-178.78
blend,1790452328.04,0.639,-0.034,-178.79
blend,1790452328.51,0.639,-0.034,-178.79
blend,1790452329.00,0.638,-0.034,-179.86
blend,1790452329.50,0.638,-0.034,-184.41
blend,1790452330.01,0.640,-0.034,-188.83
blend,1790452330.51,0.640,-0.034,-193.26
blend,1790452331.02,0.637,-0.033,-197.70
blend,1790452331.53,0.636,-0.033,-202.31
blend,1790452332.04,0.632,-0.031,-206.94
blend,1790452332.50,0.631,-0.030,-211.10
blend,1790452333.01,0.628,-0.028,-215.80
blend,1790452333.52,0.627,-0.027,-220.56
blend,1790452334.03,0.627,-0.027,-225.19
blend,1790452334.54,0.628,-0.028,-229.87
blend,1790452335.00,0.628,-0.028,-233.97
blend,1790452335.52,0.627,-0.027,-238.62
blend,1790452336.04,0.628,-0.028,-243.18
blend,1790452336.50,0.628,-0.028,-247.26
blend,1790452337.02,0.628,-0.028,-251.87
blend,1790452337.53,0.628,-0.027,-256.39
blend,1790452338.01,0.628,-0.027,-260.57
blend,1790452338.50,0.628,-0.027,-264.89
blend,1790452339.01,0.628,-0.028,-269.35
blend,1790452339.52,0.628,-0.028,-273.79
blend,1790452340.03,0.628,-0.027,-274.03
blend,1790452340.54,0.628,-0.028,-274.02
blend,1790452341.01,0.628,-0.028,-274.01
blend,1790452341.50,0.628,-0.029,-274.01
blend,1790452342.02,0.628,-0.028,-274.00
blend,1790452342.50,0.628,-0.028,-273.98
blend,1790452343.04,0.628,-0.029,-273.99
blend,1790452343.55,0.628,-0.028,-274.00
blend,1790452344.00,0.628,-0.028,-274.00
blend,1790452344.51,0.628,-0.029,-274.04
blend,1790452345.02,0.627,-0.042,-274.07
blend,1790452345.53,0.623,-0.092,-274.09
blend,1790452346.04,0.620,-0.138,-274.14
blend,1790452346.56,0.616,-0.183,-274.22
blend,1790452347.01,0.613,-0.230,-274.23
blend,1790452347.52,0.609,-0.284,-274.28
blend,1790452348.03,0.605,-0.339,-274.38
blend,1790452348.54,0.601,-0.392,-274.38
blend,1790452349.01,0.596,-0.452,-274.42
blend,1790452349.50,0.591,-0.510,-274.47
blend,1790452350.01,0.586,-0.574,-274.45
blend,1790452350.52,0.581,-0.642,-274.55
blend,1790452351.03,0.574,-0.722,-274.57
blend,1790452351.51,0.568,-0.800,-274.63
blend,1790452352.00,0.561,-0.880,-274.65
blend,1790452352.51,0.554,-0.965,-274.71
blend,1790452353.02,0.547,-1.050,-274.80
blend,1790452353.53,0.540,-1.134,-274.82
blend,1790452354.04,0.534,-1.213,-274.81
blend,1790452354.51,0.527,-1.290,-274.85
blend,1790452355.01,0.520,-1.373,-274.88
blend,1790452355.52,0.513,-1.459,-274.87
blend,1790452356.03,0.505,-1.544,-274.96
blend,1790452356.54,0.498,-1.623,-274.98
blend,1790452357.05,0.491,-1.706,-274.95
blend,1790452357.51,0.485,-1.781,-274.98
blend,1790452358.02,0.477,-1.866,-275.05
blend,1790452358.53,0.469,-1.958,-275.09
blend,1790452359.04,0.461,-2.048,-275.16
blend,1790452359.50,0.453,-2.133,-275.13
blend,1790452360.00,0.444,-2.229,-275.20
blend,1790452360.51,0.435,-2.326,-275.29
blend,1790452361.02,0.428,-2.412,-275.28
blend,1790452361.53,0.419,-2.507,-275.29
blend,1790452362.04,0.410,-2.598,-275.34
blend,1790452362.50,0.402,-2.685,-275.38
blend,1790452363.01,0.393,-2.778,-275.29
blend,1790452363.52,0.385,-2.864,-275.34
blend,1790452364.03,0.377,-2.955,-275.36
blend,1790452364.54,0.369,-3.041,-275.44
blend,1790452365.05,0.360,-3.131,-275.42
blend,1790452365.51,0.353,-3.208,-275.44
blend,1790452366.02,0.344,-3.302,-275.44
blend,1790452366.53,0.336,-3.388,-275.47
blend,1790452367.04,0.327,-3.478,-275.51
blend,1790452367.50,0.319,-3.560,-275.51
blend,1790452368.00,0.310,-3.649,-275.58
blend,1790452368.51,0.301,-3.740,-275.61
blend,1790452369.02,0.294,-3.815,-275.63
blend,1790452369.53,0.287,-3.890,-275.67
blend,1790452370.04,0.279,-3.965,-275.70
blend,1790452370.51,0.272,-4.035,-275.71
blend,1790452371.01,0.265,-4.108,-275.74
blend,1790452371.52,0.257,-4.182,-275.75
blend,1790452372.03,0.250,-4.259,-275.78
blend,1790452372.54,0.242,-4.335,-275.81
blend,1790452373.05,0.234,-4.411,-275.83
blend,1790452373.51,0.227,-4.476,-275.88
blend,1790452374.02,0.220,-4.549,-275.94
blend,1790452374.52,0.212,-4.624,-275.98
blend,1790452375.02,0.204,-4.698,-276.00
blend,1790452375.51,0.197,-4.769,-276.02
blend,1790452376.01,0.189,-4.843,-276.05
blend,1790452376.56,0.180,-4.928,-276.06
blend,1790452377.02,0.174,-4.985,-276.17
blend,1790452377.52,0.174,-4.986,-276.18
blend,1790452378.04,0.171,-5.019,-276.24
blend,1790452378.56,0.162,-5.095,-276.24
blend,1790452379.01,0.155,-5.163,-276.28
blend,1790452379.52,0.147,-5.239,-276.30
blend,1790452380.03,0.138,-5.314,-276.31
blend,1790452380.53,0.130,-5.390,-276.32
blend,1790452381.05,0.121,-5.467,-276.30
blend,1790452381.50,0.114,-5.535,-276.36
blend,1790452382.01,0.106,-5.611,-276.41
blend,1790452382.52,0.097,-5.687,-276.44
blend,1790452383.03,0.089,-5.762,-276.48
blend,1790452383.55,0.080,-5.839,-276.53
blend,1790452384.05,0.071,-5.916,-276.56
blend,1790452384.51,0.063,-5.982,-276.59
blend,1790452385.02,0.055,-6.059,-276.59
blend,1790452385.53,0.046,-6.134,-276.63
blend,1790452386.03,0.037,-6.210,-276.69
blend,1790452386.55,0.028,-6.288,-276.71
blend,1790452387.00,0.020,-6.355,-276.76
blend,1790452387.51,0.011,-6.431,-276.79
blend,1790452388.02,0.007,-6.465,-276.77
blend,1790452388.53,0.007,-6.465,-276.77
blend,1790452389.04,0.007,-6.465,-276.76
blend,1790452389.52,0.007,-6.465,-276.76
blend,1790452390.01,0.007,-6.465,-276.76
blend,1790452390.52,0.007,-6.465,-276.75
blend,1790452391.03,0.007,-6.464,-276.75
blend,1790452391.54,0.007,-6.465,-276.74
blend,1790452392.01,0.007,-6.466,-276.74
blend,1790452392.50,0.007,-6.465,-276.74
blend,1790452393.01,0.007,-6.464,-276.74
blend,1790452393.52,0.007,-6.464,-276.74
blend,1790452394.03,0.007,-6.466,-276.74
blend,1790452394.54,0.007,-6.465,-276.73
blend,1790452395.01,0.007,-6.465,-276.73
blend,1790452395.51,0.007,-6.464,-276.73
blend,1790452396.02,0.007,-6.462,-276.72
blend,1790452396.53,0.007,-6.463,-276.71
blend,1790452397.03,0.007,-6.465,-276.72
blend,1790452397.54,0.007,-6.461,-276.72
blend,1790452398.00,0.008,-6.459,-276.71
blend,1790452398.51,0.007,-6.463,-276.71
blend,1790452399.02,0.007,-6.463,-276.71
blend,1790452399.53,0.007,-6.465,-276.70
blend,1790452400.04,0.007,-6.465,-276.71
blend,1790452400.50,0.007,-6.466,-276.69
blend,1790452401.00,0.007,-6.466,-276.69
blend,1790452401.51,0.007,-6.466,-276.68
blend,1790452402.02,0.007,-6.460,-276.68
blend,1790452402.53,0.007,-6.460,-276.68
blend,1790452403.04,0.007,-6.464,-276.69
blend,1790452403.52,0.007,-6.463,-276.69
blend,1790452404.01,0.007,-6.463,-276.69
blend,1790452404.52,0.007,-6.463,-276.70
blend,1790452405.03,0.007,-6.462,-276.70
blend,1790452405.53,0.007,-6.460,-276.70
blend,1790452406.04,0.007,-6.460,-276.71
blend,1790452406.50,0.007,-6.461,-276.71
blend,1790452407.01,0.007,-6.460,-276.69
blend,1790452407.50,0.008,-6.458,-276.69
blend,1790452408.03,0.008,-6.454,-276.69
blend,1790452408.55,0.008,-6.454,-276.70
blend,1790452409.01,0.009,-6.450,-276.70
blend,1790452409.50,0.008,-6.452,-276.71
blend,1790452410.01,0.008,-6.455,-276.70
blend,1790452410.50,0.009,-6.442,-276.69
blend,1790452411.01,0.009,-6.442,-276.69
blend,1790452411.50,0.009,-6.442,-276.69
blend,1790452412.01,0.009,-6.444,-276.69
blend,1790452412.50,0.009,-6.445,-276.69
blend,1790452413.01,0.009,-6.448,-276.69
blend,1790452413.52,0.008,-6.452,-276.68
blend,1790452414.02,0.008,-6.456,-276.68
blend,1790452414.50,0.007,-6.460,-276.68
blend,1790452415.02,0.007,-6.466,-276.69
blend,1790452415.52,0.006,-6.472,-276.69
blend,1790452416.02,0.005,-6.478,-276.68
blend,1790452416.53,0.009,-6.446,-276.68
blend,1790452417.04,0.009,-6.447,-276.68
blend,1790452417.55,0.009,-6.448,-276.68
blend,1790452418.01,0.009,-6.447,-276.68
blend,1790452418.52,0.009,-6.445,-276.68
blend,1790452419.02,0.009,-6.446,-276.68
blend,1790452419.53,0.009,-6.448,-276.68
blend,1790452420.04,0.009,-6.450,-276.68
blend,1790452420.55,0.009,-6.450,-276.69
blend,1790452421.01,0.009,-6.449,-276.69
blend,1790452421.52,0.008,-6.451,-276.69
blend,1790452422.03,0.008,-6.452,-276.68
blend,1790452422.54,0.008,-6.452,-276.68
blend,1790452423.05,0.008,-6.451,-276.69
blend,1790452423.50,0.009,-6.449,-276.69
blend,1790452424.01,0.009,-6.449,-276.68
blend,1790452424.52,0.009,-6.450,-276.67
blend,1790452425.03,0.009,-6.449,-276.68
blend,1790452425.54,0.008,-6.451,-276.68
blend,1790452426.01,0.008,-6.451,-276.67
blend,1790452426.51,0.008,-6.453,-276.67
blend,1790452427.02,0.008,-6.452,-276.68
blend,1790452427.53,0.008,-6.452,-276.68
blend,1790452428.03,0.008,-6.451,-276.67
blend,1790452428.50,0.008,-6.451,-276.67
blend,1790452429.00,0.008,-6.452,-276.67
blend,1790452429.51,0.008,-6.452,-276.67
blend,1790452430.02,0.008,-6.453,-276.68
blend,1790452430.53,0.008,-6.450,-276.67
blend,1790452431.04,0.009,-6.449,-276.68
blend,1790452431.50,0.009,-6.450,-276.68
blend,1790452432.01,0.007,-6.459,-276.71
blend,1790452432.52,-0.002,-6.539,-276.74
blend,1790452433.03,-0.012,-6.622,-276.73
blend,1790452433.54,-0.021,-6.702,-276.73
blend,1790452434.05,-0.031,-6.782,-276.74
blend,1790452434.50,-0.039,-6.853,-276.75
blend,1790452435.02,-0.049,-6.934,-276.77
blend,1790452435.53,-0.058,-7.016,-276.80
blend,1790452436.03,-0.068,-7.096,-276.81
blend,1790452436.55,-0.078,-7.177,-276.82
blend,1790452437.00,-0.086,-7.248,-276.85
blend,1790452437.51,-0.096,-7.329,-276.86
blend,1790452438.02,-0.106,-7.411,-276.91
blend,1790452438.53,-0.115,-7.491,-276.97
blend,1790452439.04,-0.125,-7.572,-276.97
blend,1790452439.51,-0.134,-7.646,-277.01
blend,1790452440.01,-0.144,-7.723,-277.00
blend,1790452440.52,-0.154,-7.806,-277.01
blend,1790452441.03,-0.164,-7.885,-277.03
blend,1790452441.51,-0.173,-7.960,-277.04
blend,1790452442.05,-0.184,-8.046,-277.09
blend,1790452442.50,-0.193,-8.122,-277.12
blend,1790452443.01,-0.202,-8.197,-277.15
blend,1790452443.52,-0.212,-8.275,-277.17
blend,1790452444.03,-0.223,-8.358,-277.18
blend,1790452444.54,-0.233,-8.441,-277.25
blend,1790452445.00,-0.242,-8.512,-277.18
blend,1790452445.51,-0.245,-8.531,-277.19
blend,1790452446.02,-0.244,-8.530,-277.20
blend,1790452446.53,-0.244,-8.530,-277.20
blend,1790452447.04,-0.244,-8.530,-277.21
blend,1790452447.51,-0.244,-8.531,-277.21
blend,1790452448.01,-0.249,-8.569,-277.21
blend,1790452448.52,-0.260,-8.651,-277.23
blend,1790452449.03,-0.272,-8.747,-276.81
blend,1790452449.54,-0.281,-8.827,-276.60
blend,1790452450.06,-0.281,-8.826,-276.64
blend,1790452450.50,-0.281,-8.826,-276.63
blend,1790452451.01,-0.281,-8.826,-276.62
blend,1790452451.52,-0.281,-8.825,-275.21
blend,1790452452.03,-0.281,-8.826,-275.25
blend,1790452452.54,-0.281,-8.826,-275.26
blend,1790452453.05,-0.281,-8.826,-275.26
blend,1790452453.51,-0.281,-8.826,-275.27
blend,1790452454.02,-0.281,-8.826,-275.27
blend,1790452454.53,-0.281,-8.827,-275.23
blend,1790452455.04,-0.281,-8.825,-273.38
blend,1790452455.55,-0.281,-8.825,-273.44
blend,1790452456.01,-0.281,-8.825,-273.43
blend,1790452456.52,-0.281,-8.825,-273.43
blend,1790452457.03,-0.281,-8.823,-272.07
blend,1790452457.54,-0.280,-8.824,-268.94
blend,1790452458.00,-0.280,-8.822,-268.95
blend,1790452458.51,-0.280,-8.821,-268.95
blend,1790452459.02,-0.280,-8.821,-268.95
blend,1790452459.53,-0.280,-8.821,-268.94
blend,1790452460.04,-0.280,-8.820,-268.93
blend,1790452460.52,-0.280,-8.820,-268.94
blend,1790452461.00,-0.280,-8.854,-268.86
blend,1790452461.52,-0.278,-8.947,-268.73
blend,1790452462.03,-0.276,-9.038,-268.67
blend,1790452462.54,-0.274,-9.127,-268.65
blend,1790452463.01,-0.272,-9.210,-268.62
blend,1790452463.51,-0.269,-9.303,-268.63
blend,1790452464.02,-0.267,-9.381,-268.64
blend,1790452464.53,-0.268,-9.380,-268.63
blend,1790452465.04,-0.268,-9.380,-268.64
blend,1790452465.50,-0.268,-9.380,-268.63
blend,1790452466.01,-0.268,-9.380,-268.64
blend,1790452466.52,-0.268,-9.380,-268.64
blend,1790452467.03,-0.267,-9.380,-268.64
blend,1790452467.54,-0.268,-9.380,-268.64
blend,1790452468.01,-0.268,-9.380,-268.64
blend,1790452468.51,-0.268,-9.380,-268.65
blend,1790452469.02,-0.268,-9.380,-268.64
blend,1790452469.53,-0.268,-9.380,-268.64
blend,1790452470.04,-0.268,-9.380,-268.65
blend,1790452470.51,-0.267,-9.400,-268.65
blend,1790452471.01,-0.266,-9.448,-268.70
blend,1790452471.52,-0.265,-9.509,-268.69
blend,1790452472.03,-0.263,-9.570,-268.71
blend,1790452472.54,-0.262,-9.629,-268.72
blend,1790452473.01,-0.261,-9.685,-268.76
blend,1790452473.56,-0.259,-9.751,-268.81
blend,1790452474.02,-0.258,-9.806,-268.82
blend,1790452474.53,-0.257,-9.867,-268.82
blend,1790452475.04,-0.255,-9.934,-268.84
blend,1790452475.51,-0.254,-9.993,-268.89
blend,1790452476.01,-0.253,-10.061,-268.91
blend,1790452476.52,-0.251,-10.158,-268.94
blend,1790452477.03,-0.250,-10.232,-268.98
blend,1790452477.54,-0.248,-10.313,-269.00
blend,1790452478.01,-0.248,-10.372,-270.43
blend,1790452478.51,-0.250,-10.421,-272.96
blend,1790452479.02,-0.253,-10.481,-273.06
blend,1790452479.53,-0.258,-10.572,-273.19
blend,1790452480.04,-0.263,-10.661,-273.21
blend,1790452480.55,-0.269,-10.754,-273.23
blend,1790452481.01,-0.273,-10.840,-273.29
blend,1790452481.52,-0.279,-10.934,-273.36
blend,1790452482.03,-0.285,-11.031,-273.41
blend,1790452482.54,-0.290,-11.126,-273.40
blend,1790452483.01,-0.295,-11.210,-273.48
blend,1790452483.51,-0.301,-11.301,-273.57
blend,1790452484.02,-0.307,-11.390,-273.61
blend,1790452484.53,-0.312,-11.482,-273.62
blend,1790452485.04,-0.313,-11.496,-273.59
blend,1790452485.50,-0.313,-11.495,-273.60
blend,1790452486.01,-0.313,-11.491,-273.61
blend,1790452486.52,-0.313,-11.491,-273.61
blend,1790452487.03,-0.313,-11.491,-273.64
blend,1790452487.54,-0.310,-11.447,-273.63
blend,1790452488.05,-0.306,-11.379,-273.61
blend,1790452488.51,-0.302,-11.313,-273.60
blend,1790452489.02,-0.297,-11.237,-273.57
blend,1790452489.53,-0.292,-11.152,-273.52
blend,1790452490.04,-0.286,-11.065,-273.50
blend,1790452490.55,-0.281,-10.977,-273.46
blend,1790452491.01,-0.276,-10.897,-273.46
blend,1790452491.52,-0.271,-10.808,-273.43
blend,1790452492.03,-0.266,-10.717,-273.37
blend,1790452492.54,-0.260,-10.628,-273.31
blend,1790452493.00,-0.255,-10.542,-273.31
blend,1790452493.51,-0.251,-10.455,-273.28
blend,1790452494.02,-0.245,-10.363,-273.22
blend,1790452494.53,-0.240,-10.270,-273.18
blend,1790452495.04,-0.235,-10.176,-273.14
blend,1790452495.50,-0.231,-10.097,-273.14
blend,1790452496.01,-0.226,-10.005,-273.09
blend,1790452496.52,-0.221,-9.916,-273.03
blend,1790452497.03,-0.216,-9.822,-272.99
blend,1790452497.51,-0.211,-9.735,-272.98
blend,1790452498.00,-0.207,-9.642,-272.95
blend,1790452498.51,-0.202,-9.546,-272.92
blend,1790452499.02,-0.197,-9.453,-272.88
blend,1790452499.53,-0.192,-9.352,-272.87
blend,1790452500.01,-0.188,-9.260,-272.83
blend,1790452500.50,-0.183,-9.163,-272.78
blend,1790452501.01,-0.178,-9.060,-272.79
blend,1790452501.52,-0.173,-8.960,-272.73
blend,1790452502.03,-0.168,-8.856,-272.71
blend,1790452502.51,-0.164,-8.764,-272.68
blend,1790452503.00,-0.159,-8.670,-272.61
blend,1790452503.51,-0.155,-8.570,-272.60
blend,1790452504.02,-0.150,-8.468,-272.55
blend,1790452504.53,-0.146,-8.368,-272.48
blend,1790452505.01,-0.142,-8.271,-272.48
blend,1790452505.50,-0.138,-8.176,-272.44
blend,1790452506.02,-0.133,-8.075,-272.37
blend,1790452506.52,-0.129,-7.975,-272.36
blend,1790452507.04,-0.125,-7.876,-272.32
blend,1790452507.50,-0.121,-7.787,-272.27
blend,1790452508.00,-0.118,-7.690,-272.25
blend,1790452508.51,-0.114,-7.582,-272.19
blend,1790452509.03,-0.110,-7.481,-272.20
blend,1790452509.54,-0.106,-7.381,-272.17
blend,1790452510.05,-0.102,-7.278,-272.11
blend,1790452510.51,-0.099,-7.185,-272.08
blend,1790452511.02,-0.095,-7.080,-272.05
blend,1790452511.53,-0.091,-6.980,-271.99
blend,1790452512.04,-0.088,-6.879,-271.97
blend,1790452512.51,-0.085,-6.787,-271.93
blend,1790452513.01,-0.081,-6.681,-271.88
blend,1790452513.52,-0.078,-6.580,-271.85
blend,1790452514.03,-0.074,-6.473,-271.82
blend,1790452514.54,-0.071,-6.372,-271.79
blend,1790452515.01,-0.068,-6.281,-271.76
blend,1790452515.51,-0.065,-6.176,-271.69
blend,1790452516.02,-0.062,-6.072,-271.69
blend,1790452516.53,-0.059,-5.964,-271.63
blend,1790452517.04,-0.056,-5.860,-271.61
blend,1790452517.51,-0.053,-5.759,-271.60
blend,1790452518.01,-0.051,-5.658,-271.51
blend,1790452518.52,-0.048,-5.551,-271.47
blend,1790452519.03,-0.045,-5.439,-271.42
blend,1790452519.54,-0.043,-5.334,-271.38
blend,1790452520.01,-0.040,-5.227,-271.31
blend,1790452520.51,-0.038,-5.116,-271.27
blend,1790452521.02,-0.035,-4.999,-271.20
blend,1790452521.53,-0.033,-4.881,-271.15
blend,1790452522.04,-0.030,-4.753,-271.12
blend,1790452522.50,-0.028,-4.641,-271.05
blend,1790452523.01,-0.026,-4.517,-271.03
blend,1790452523.52,-0.024,-4.399,-271.00
blend,1790452524.03,-0.022,-4.281,-270.92
blend,1790452524.52,-0.020,-4.171,-270.91
blend,1790452525.00,-0.018,-4.059,-270.84
blend,1790452525.51,-0.017,-3.942,-270.83
blend,1790452526.02,-0.015,-3.825,-271.25
blend,1790452526.53,-0.008,-3.709,-273.62
blend,1790452527.04,-0.001,-3.596,-273.65
blend,1790452527.50,0.006,-3.492,-273.67
blend,1790452528.01,0.014,-3.376,-273.75
blend,1790452528.52,0.021,-3.260,-273.76
blend,1790452529.04,0.029,-3.145,-273.71
blend,1790452529.51,0.035,-3.039,-273.69
blend,1790452530.01,0.043,-2.923,-273.64
blend,1790452530.52,0.050,-2.809,-273.63
blend,1790452531.03,0.058,-2.690,-273.58
blend,1790452531.54,0.065,-2.574,-273.54
blend,1790452532.02,0.072,-2.462,-273.52
blend,1790452532.51,0.079,-2.344,-273.48
blend,1790452533.02,0.086,-2.224,-273.48
blend,1790452533.53,0.093,-2.106,-273.40
blend,1790452534.04,0.100,-1.989,-273.31
blend,1790452534.51,0.107,-1.877,-273.31
blend,1790452535.01,0.113,-1.762,-273.26
blend,1790452535.52,0.120,-1.645,-273.25
blend,1790452536.03,0.127,-1.525,-273.18
blend,1790452536.54,0.133,-1.410,-273.13
blend,1790452537.00,0.138,-1.303,-273.11
blend,1790452537.51,0.145,-1.189,-273.04
blend,1790452538.02,0.151,-1.072,-272.99
blend,1790452538.53,0.157,-0.957,-272.96
blend,1790452539.04,0.162,-0.844,-272.92
blend,1790452539.50,0.167,-0.741,-272.90
blend,1790452540.01,0.171,-0.666,-272.86
blend,1790452540.52,0.171,-0.672,-272.87
blend,1790452541.03,0.171,-0.672,-272.88
blend,1790452541.54,0.171,-0.673,-274.94
blend,1790452542.01,0.170,-0.675,-280.80
blend,1790452542.51,0.169,-0.678,-287.33
blend,1790452543.02,0.169,-0.679,-294.23
blend,1790452543.54,0.170,-0.677,-301.12
blend,1790452544.00,0.174,-0.672,-307.25
blend,1790452544.52,0.178,-0.668,-309.88
blend,1790452545.03,0.182,-0.663,-309.95
blend,1790452545.50,0.234,-0.600,-310.00
blend,1790452546.01,0.294,-0.530,-310.06
blend,1790452546.53,0.357,-0.454,-310.04
blend,1790452547.01,0.418,-0.381,-310.05
blend,1790452547.51,0.480,-0.307,-310.07
blend,1790452548.02,0.540,-0.237,-310.01
blend,1790452548.54,0.591,-0.176,-310.09
blend,1790452549.01,0.591,-0.176,-310.01
blend,1790452549.52,0.593,-0.174,-312.21
blend,1790452550.04,0.597,-0.170,-316.51
blend,1790452550.51,0.599,-0.169,-320.48
blend,1790452551.01,0.601,-0.167,-324.67
blend,1790452551.52,0.604,-0.165,-329.13
blend,1790452552.03,0.603,-0.166,-331.18
blend,1790452552.54,0.631,-0.150,-331.24
blend,1790452553.00,0.701,-0.112,-331.30
blend,1790452553.51,0.771,-0.074,-331.33
blend,1790452554.02,0.842,-0.035,-331.32
blend,1790452554.53,0.909,0.001,-331.33
blend,1790452555.04,0.913,0.004,-331.31
blend,1790452555.50,0.912,0.004,-337.91
blend,1790452556.01,0.924,0.006,-347.74
blend,1790452556.51,0.936,0.006,-355.54
blend,1790452557.02,0.943,0.006,-355.61
blend,1790452557.53,0.998,0.010,-355.64
blend,1790452558.03,1.086,0.017,-355.69
blend,1790452558.52,1.173,0.024,-355.74
blend,1790452559.01,1.259,0.030,-355.76
blend,1790452559.52,1.310,0.033,-355.71
blend,1790452560.00,1.357,0.037,-355.71
blend,1790452560.51,1.364,0.037,-358.93
blend,1790452561.01,1.368,0.037,-364.29
blend,1790452561.52,1.367,0.037,-368.52
blend,1790452562.03,1.364,0.037,-368.52
blend,1790452562.53,1.374,0.036,-368.58
blend,1790452563.04,1.397,0.032,-368.61
blend,1790452563.51,1.441,0.026,-368.61
blend,1790452564.00,1.485,0.019,-368.63
blend,1790452564.51,1.516,0.014,-368.66
blend,1790452565.01,1.554,0.009,-368.72
blend,1790452565.52,1.592,0.003,-368.67
blend,1790452566.02,1.632,-0.003,-368.65
blend,1790452566.50,1.665,-0.008,-368.71
blend,1790452567.01,1.707,-0.015,-368.68
blend,1790452567.54,1.745,-0.021,-368.74
blend,1790452568.01,1.787,-0.027,-368.73
blend,1790452568.50,1.826,-0.033,-368.76
blend,1790452569.01,1.875,-0.041,-368.74
blend,1790452569.52,1.914,-0.047,-368.73
blend,1790452570.02,1.952,-0.052,-368.68
blend,1790452570.53,1.949,-0.052,-368.68
blend,1790452571.03,1.949,-0.052,-368.68
blend,1790452571.54,1.951,-0.052,-367.88
blend,1790452572.01,1.940,-0.051,-367.10
blend,1790452572.50,1.944,-0.052,-365.70
blend,1790452573.01,1.944,-0.052,-364.33
blend,1790452573.51,1.964,-0.053,-364.21
blend,1790452574.02,2.055,-0.060,-364.03
blend,1790452574.52,2.144,-0.066,-364.02
blend,1790452575.03,2.233,-0.072,-363.92
blend,1790452575.54,2.314,-0.078,-363.84
blend,1790452576.02,2.393,-0.083,-363.84
blend,1790452576.55,2.472,-0.088,-363.78
blend,1790452577.00,2.546,-0.093,-363.76
blend,1790452577.51,2.623,-0.098,-363.76
blend,1790452578.01,2.702,-0.103,-363.73
blend,1790452578.52,2.780,-0.108,-363.71
blend,1790452579.02,2.859,-0.113,-363.69
blend,1790452579.53,2.934,-0.118,-363.69
blend,1790452580.04,3.016,-0.123,-363.63
blend,1790452580.54,3.104,-0.129,-363.63
blend,1790452581.00,3.176,-0.133,-363.58
blend,1790452581.50,3.251,-0.138,-363.56
blend,1790452582.01,3.329,-0.142,-363.53
blend,1790452582.51,3.405,-0.147,-363.51
blend,1790452583.02,3.474,-0.151,-363.47
blend,1790452583.52,3.557,-0.156,-363.43
blend,1790452584.03,3.636,-0.161,-363.41
blend,1790452584.53,3.719,-0.166,-363.37
blend,1790452585.04,3.813,-0.171,-363.38
blend,1790452585.51,3.897,-0.176,-363.37
blend,1790452586.00,3.988,-0.181,-363.33
blend,1790452586.51,4.082,-0.187,-363.29
blend,1790452587.01,4.175,-0.192,-363.28
blend,1790452587.52,4.268,-0.197,-363.25
blend,1790452588.02,4.364,-0.203,-363.21
blend,1790452588.53,4.460,-0.208,-363.18
blend,1790452589.04,4.554,-0.213,-363.16
blend,1790452589.54,4.647,-0.218,-363.12
blend,1790452590.01,4.736,-0.223,-363.09
blend,1790452590.50,4.830,-0.228,-363.08
blend,1790452591.01,4.923,-0.233,-363.06
blend,1790452591.51,5.016,-0.238,-363.00
blend,1790452592.02,5.112,-0.243,-362.97
blend,1790452592.52,5.208,-0.248,-362.94
blend,1790452593.03,5.304,-0.253,-362.89
blend,1790452593.53,5.399,-0.258,-362.85
blend,1790452594.04,5.494,-0.262,-362.82
blend,1790452594.51,5.581,-0.267,-362.79
blend,1790452595.00,5.673,-0.271,-362.75
blend,1790452595.51,5.771,-0.276,-362.72
blend,1790452596.01,5.865,-0.280,-362.71
blend,1790452596.52,5.962,-0.285,-362.68
blend,1790452597.02,6.055,-0.289,-362.61
blend,1790452597.53,6.153,-0.293,-362.61
blend,1790452598.00,6.243,-0.298,-362.57
blend,1790452598.54,6.342,-0.302,-362.51
blend,1790452599.02,6.433,-0.306,-362.48
blend,1790452599.50,6.524,-0.310,-362.47
blend,1790452600.01,6.620,-0.314,-362.43
blend,1790452600.51,6.699,-0.317,-362.40
blend,1790452601.02,6.800,-0.321,-362.37
blend,1790452601.52,6.886,-0.325,-362.37
blend,1790452602.03,6.985,-0.329,-362.33
blend,1790452602.53,7.080,-0.332,-362.28
blend,1790452603.04,7.176,-0.336,-362.26
blend,1790452603.55,7.271,-0.340,-362.23
blend,1790452604.00,7.356,-0.343,-362.18
blend,1790452604.51,7.454,-0.347,-362.18
blend,1790452605.01,7.549,-0.350,-362.15
blend,1790452605.52,7.647,-0.354,-362.11
blend,1790452606.02,7.742,-0.358,-362.11
blend,1790452606.53,7.840,-0.361,-362.10
blend,1790452607.03,7.935,-0.365,-362.08
blend,1790452607.54,8.029,-0.368,-362.04
blend,1790452608.01,8.122,-0.371,-361.99
blend,1790452608.50,8.208,-0.374,-361.98
blend,1790452609.01,8.304,-0.377,-361.91
blend,1790452609.51,8.397,-0.380,-361.87
blend,1790452610.02,8.487,-0.383,-361.85
blend,1790452610.52,8.580,-0.386,-361.82
blend,1790452611.03,8.683,-0.389,-361.78
blend,1790452611.53,8.765,-0.392,-361.84
blend,1790452612.04,8.857,-0.394,-361.81
blend,1790452612.54,8.930,-0.397,-361.82
blend,1790452613.05,9.009,-0.399,-361.82
blend,1790452613.50,9.091,-0.402,-361.80
blend,1790452614.01,9.188,-0.405,-361.79
blend,1790452614.51,9.284,-0.408,-361.75
blend,1790452615.02,9.379,-0.410,-361.72
blend,1790452615.53,9.479,-0.414,-361.73
blend,1790452616.03,9.571,-0.416,-361.70
blend,1790452616.54,9.670,-0.419,-361.63
blend,1790452617.04,9.767,-0.422,-361.62
blend,1790452617.55,9.864,-0.424,-361.60
blend,1790452618.00,9.950,-0.427,-361.59
blend,1790452618.51,10.051,-0.429,-361.55
blend,1790452619.01,10.143,-0.432,-361.50
blend,1790452619.52,10.233,-0.434,-361.47
blend,1790452620.03,10.323,-0.436,-361.44
blend,1790452620.53,10.414,-0.439,-361.40
blend,1790452621.04,10.507,-0.441,-361.39
blend,1790452621.54,10.599,-0.443,-361.35
blend,1790452622.01,10.681,-0.445,-361.34
blend,1790452622.50,10.770,-0.447,-361.32
blend,1790452623.01,10.862,-0.449,-361.31
blend,1790452623.51,10.953,-0.451,-361.27
blend,1790452624.02,11.043,-0.453,-361.24
blend,1790452624.52,11.135,-0.455,-361.21
blend,1790452625.03,11.182,-0.456,-361.19
blend,1790452625.54,11.182,-0.456,-361.20
blend,1790452626.04,11.182,-0.456,-361.23
blend,1790452626.51,11.182,-0.456,-361.20
blend,1790452627.00,11.181,-0.456,-361.29
blend,1790452627.51,11.181,-0.456,-361.25
blend,1790452628.01,11.184,-0.456,-361.19
blend,1790452628.52,11.265,-0.457,-361.14
blend,1790452629.02,11.356,-0.459,-361.14
blend,1790452629.53,11.402,-0.461,-361.15
blend,1790452630.01,11.397,-0.461,-361.15
blend,1790452630.54,11.399,-0.461,-361.14
blend,1790452631.02,11.398,-0.461,-361.18
blend,1790452631.50,11.398,-0.461,-361.15
blend,1790452632.01,11.376,-0.460,-361.17
blend,1790452632.51,11.332,-0.459,-361.19
blend,1790452633.02,11.265,-0.458,-361.28
blend,1790452633.52,11.190,-0.456,-361.29
blend,1790452634.03,11.145,-0.455,-361.29
blend,1790452634.54,11.151,-0.455,-361.33
blend,1790452635.04,11.152,-0.455,-361.27
blend,1790452635.52,11.151,-0.455,-361.28
blend,1790452636.00,11.151,-0.455,-361.31
blend,1790452636.51,11.152,-0.455,-361.32
blend,1790452637.01,11.153,-0.455,-361.31
blend,1790452637.52,11.153,-0.455,-361.34
blend,1790452638.02,11.153,-0.455,-361.32
blend,1790452638.53,11.150,-0.455,-361.35
blend,1790452639.04,11.084,-0.453,-361.38
blend,1790452639.54,11.008,-0.451,-361.42
blend,1790452640.00,10.966,-0.450,-361.33
blend,1790452640.50,10.973,-0.451,-361.30
blend,1790452641.01,10.973,-0.451,-361.29
blend,1790452641.51,10.975,-0.451,-361.28
blend,1790452642.02,10.974,-0.451,-361.31
blend,1790452642.52,10.974,-0.451,-361.29
blend,1790452643.03,10.974,-0.451,-361.29
blend,1790452643.53,10.975,-0.451,-361.30
blend,1790452644.04,10.971,-0.451,-361.31
blend,1790452644.55,10.909,-0.449,-361.30
blend,1790452645.01,10.814,-0.446,-361.42
blend,1790452645.51,10.719,-0.444,-361.41
blend,1790452646.01,10.713,-0.444,-361.33
blend,1790452646.52,10.714,-0.444,-361.39
blend,1790452647.02,10.713,-0.444,-361.40
blend,1790452647.53,10.711,-0.444,-361.41
blend,1790452648.04,10.712,-0.444,-361.37
blend,1790452648.54,10.712,-0.444,-361.34
blend,1790452649.01,10.710,-0.444,-361.40
blend,1790452649.50,10.710,-0.443,-361.45
blend,1790452650.01,10.710,-0.443,-361.43
blend,1790452650.51,10.711,-0.443,-361.43
blend,1790452651.02,10.707,-0.443,-360.74
blend,1790452651.52,10.702,-0.444,-353.46
blend,1790452652.03,10.708,-0.442,-345.17
blend,1790452652.55,10.718,-0.437,-336.55
blend,1790452653.01,10.722,-0.434,-328.85
blend,1790452653.52,10.716,-0.439,-320.03
blend,1790452654.04,10.717,-0.439,-311.27
blend,1790452654.51,10.717,-0.439,-303.37
blend,1790452655.03,10.717,-0.439,-294.41
blend,1790452655.54,10.717,-0.439,-285.66
blend,1790452656.01,10.717,-0.439,-277.52
blend,1790452656.51,10.717,-0.437,-268.63
blend,1790452657.02,10.717,-0.438,-265.26
blend,1790452657.53,10.717,-0.438,-265.28
blend,1790452658.04,10.717,-0.438,-265.28
blend,1790452658.50,10.717,-0.438,-265.29
blend,1790452659.01,10.717,-0.438,-265.30
blend,1790452659.52,10.717,-0.438,-265.30
blend,1790452660.03,10.717,-0.439,-261.53
blend,1790452660.51,10.717,-0.438,-249.50
blend,1790452661.01,10.717,-0.438,-242.00
blend,1790452661.53,10.717,-0.438,-241.99
blend,1790452662.05,10.716,-0.437,-242.02
blend,1790452662.51,10.712,-0.429,-242.02
blend,1790452663.02,10.710,-0.427,-241.96
blend,1790452663.50,10.711,-0.427,-241.94
blend,1790452664.01,10.710,-0.426,-239.67
blend,1790452664.51,10.707,-0.429,-226.80
blend,1790452665.00,10.696,-0.423,-220.26
blend,1790452665.52,10.695,-0.422,-220.28
blend,1790452666.00,10.695,-0.422,-220.28
blend,1790452666.51,10.691,-0.419,-220.26
blend,1790452667.02,10.692,-0.419,-220.27
blend,1790452667.53,10.692,-0.420,-220.26
blend,1790452668.04,10.692,-0.419,-215.35
blend,1790452668.50,10.692,-0.419,-207.17
blend,1790452669.01,10.694,-0.420,-207.21
blend,1790452669.52,10.690,-0.418,-207.21
blend,1790452670.03,10.689,-0.417,-207.22
blend,1790452670.54,10.688,-0.417,-207.23
blend,1790452671.00,10.687,-0.416,-207.23
blend,1790452671.51,10.687,-0.416,-207.24
blend,1790452672.02,10.684,-0.415,-199.85
blend,1790452672.52,10.681,-0.415,-199.98
blend,1790452673.03,10.678,-0.414,-199.98
blend,1790452673.53,10.678,-0.414,-199.98
blend,1790452674.03,10.679,-0.414,-199.99
blend,1790452674.54,10.679,-0.414,-197.89
blend,1790452675.04,10.678,-0.413,-197.95
blend,1790452675.55,10.678,-0.413,-197.94
blend,1790452676.02,10.679,-0.414,-197.94
blend,1790452676.50,10.678,-0.414,-197.94
blend,1790452677.01,10.677,-0.413,-197.94
blend,1790452677.51,10.679,-0.414,-197.94
blend,1790452678.01,10.678,-0.414,-193.74
blend,1790452678.52,10.674,-0.413,-194.05
blend,1790452679.02,10.676,-0.414,-194.05
blend,1790452679.53,10.676,-0.414,-194.06
blend,1790452680.03,10.676,-0.414,-194.06
blend,1790452680.53,10.675,-0.413,-194.07
blend,1790452681.04,10.674,-0.413,-194.06
blend,1790452681.54,10.675,-0.413,-194.06
blend,1790452682.04,10.677,-0.414,-194.04
blend,1790452682.52,10.608,-0.397,-193.89
blend,1790452683.00,10.512,-0.373,-193.79
blend,1790452683.51,10.412,-0.349,-193.63
blend,1790452684.01,10.315,-0.325,-193.61
blend,1790452684.51,10.212,-0.301,-193.50
blend,1790452685.02,10.113,-0.277,-193.35
blend,1790452685.52,10.012,-0.253,-193.42
blend,1790452686.03,9.910,-0.229,-193.28
blend,1790452686.53,9.808,-0.205,-193.26
blend,1790452687.04,9.705,-0.181,-193.19
blend,1790452687.54,9.603,-0.157,-193.16
blend,1790452688.00,9.512,-0.136,-193.13
blend,1790452688.55,9.406,-0.111,-193.07
blend,1790452689.00,9.314,-0.090,-193.01
blend,1790452689.50,9.216,-0.067,-192.99
blend,1790452690.01,9.114,-0.044,-192.95
blend,1790452690.51,9.020,-0.022,-192.92
blend,1790452691.02,8.927,-0.001,-192.86
blend,1790452691.52,8.824,0.023,-192.83
blend,1790452692.03,8.722,0.045,-192.79
blend,1790452692.53,8.624,0.068,-192.75
blend,1790452693.04,8.524,0.090,-192.71
blend,1790452693.54,8.429,0.112,-192.65
blend,1790452694.04,8.325,0.135,-192.59
blend,1790452694.51,8.227,0.157,-192.55
blend,1790452695.01,8.129,0.178,-192.53
blend,1790452695.50,8.025,0.201,-192.52
blend,1790452696.01,7.924,0.224,-192.47
blend,1790452696.51,7.817,0.247,-192.45
blend,1790452697.02,7.716,0.269,-192.39
blend,1790452697.52,7.615,0.292,-192.37
blend,1790452698.00,7.518,0.313,-192.31
blend,1790452698.55,7.405,0.337,-192.27
blend,1790452699.03,7.309,0.358,-192.25
blend,1790452699.53,7.209,0.380,-192.14
blend,1790452700.04,7.104,0.402,-192.15
blend,1790452700.54,7.005,0.424,-192.11
blend,1790452701.05,6.902,0.446,-192.07
blend,1790452701.50,6.806,0.466,-192.06
blend,1790452702.00,6.705,0.488,-191.97
blend,1790452702.50,6.603,0.509,-191.98
blend,1790452703.01,6.503,0.530,-191.90
blend,1790452703.51,6.406,0.551,-191.88
blend,1790452704.02,6.302,0.573,-191.84
blend,1790452704.52,6.197,0.595,-191.81
blend,1790452705.02,6.098,0.615,-191.78
blend,1790452705.53,5.997,0.636,-191.74
blend,1790452706.03,5.888,0.659,-191.72
blend,1790452706.53,5.784,0.680,-191.64
blend,1790452707.04,5.675,0.703,-191.65
blend,1790452707.54,5.572,0.724,-191.58
blend,1790452708.05,5.463,0.746,-191.56
blend,1790452708.50,5.398,0.760,-191.53
blend,1790452709.00,5.406,0.758,-191.52
blend,1790452709.51,5.404,0.758,-189.79
blend,1790452710.01,5.400,0.757,-182.96
blend,1790452710.52,5.397,0.758,-182.92
blend,1790452711.03,5.325,0.761,-182.86
blend,1790452711.53,5.226,0.766,-182.78
blend,1790452712.04,5.133,0.771,-182.70
blend,1790452712.52,5.048,0.774,-182.61
blend,1790452713.00,4.963,0.778,-182.55
blend,1790452713.51,4.866,0.782,-182.46
blend,1790452714.01,4.771,0.786,-182.43
blend,1790452714.52,4.674,0.790,-182.35
blend,1790452715.03,4.577,0.794,-182.31
blend,1790452715.53,4.481,0.798,-182.26
blend,1790452716.04,4.384,0.802,-182.18
blend,1790452716.52,4.292,0.805,-182.16
blend,1790452717.01,4.201,0.809,-182.14
blend,1790452717.50,4.107,0.812,-182.10
blend,1790452718.01,4.011,0.816,-182.07
blend,1790452718.52,3.914,0.819,-182.05
blend,1790452719.02,3.818,0.823,-182.01
blend,1790452719.53,3.723,0.826,-181.97
blend,1790452720.03,3.627,0.829,-181.92
blend,1790452720.54,3.525,0.833,-181.87
blend,1790452721.04,3.423,0.836,-181.79
blend,1790452721.51,3.329,0.839,-181.77
blend,1790452722.00,3.237,0.842,-181.74
blend,1790452722.51,3.133,0.845,-181.70
blend,1790452723.02,3.037,0.847,-181.68
blend,1790452723.52,2.939,0.850,-181.65
blend,1790452724.04,2.925,0.851,-181.67
blend,1790452724.53,2.926,0.851,-181.65
blend,1790452725.04,2.926,0.851,-174.61
blend,1790452725.51,2.929,0.851,-174.73
blend,1790452726.00,2.892,0.848,-174.52
blend,1790452726.51,2.763,0.836,-174.47
blend,1790452727.01,2.653,0.827,-176.62
blend,1790452727.52,2.677,0.829,-176.49
blend,1790452728.03,2.679,0.829,-176.49
blend,1790452728.53,2.697,0.830,-176.20
blend,1790452729.04,2.742,0.833,-176.14
blend,1790452729.54,2.786,0.836,-176.23
blend,1790452730.01,2.830,0.839,-176.24
blend,1790452730.50,2.874,0.842,-176.25
blend,1790452731.01,2.889,0.843,-176.22
blend,1790452731.52,2.890,0.843,-176.22
blend,1790452732.02,2.890,0.843,-176.22
blend,1790452732.53,2.890,0.843,-176.23
blend,1790452733.03,2.890,0.843,-176.22
blend,1790452733.54,2.890,0.843,-176.22
blend,1790452734.04,2.890,0.843,-176.21
blend,1790452734.50,2.889,0.843,-176.21
blend,1790452735.00,2.890,0.843,-176.21
blend,1790452735.51,2.890,0.843,-176.20
blend,1790452736.01,2.889,0.843,-176.20
blend,1790452736.52,2.889,0.843,-176.20
blend,1790452737.02,2.889,0.843,-176.20
blend,1790452737.53,2.891,0.843,-176.20
blend,1790452738.04,2.892,0.843,-176.21
blend,1790452738.54,2.890,0.843,-176.22
blend,1790452739.05,2.888,0.843,-176.22
blend,1790452739.50,2.891,0.843,-176.21
blend,1790452740.01,2.891,0.843,-176.23
blend,1790452740.51,2.891,0.843,-176.23
blend,1790452741.02,2.889,0.843,-176.22
blend,1790452741.52,2.889,0.843,-176.22
blend,1790452742.03,2.894,0.843,-176.22
blend,1790452742.53,2.952,0.847,-176.26
blend,1790452743.04,2.990,0.850,-176.23
blend,1790452743.50,3.025,0.852,-176.28
blend,1790452744.00,3.071,0.855,-176.29
blend,1790452744.51,3.117,0.858,-176.32
blend,1790452745.01,3.166,0.861,-176.34
blend,1790452745.52,3.217,0.864,-176.35
blend,1790452746.02,3.236,0.866,-176.36
blend,1790452746.53,3.238,0.866,-175.18
blend,1790452747.04,3.254,0.868,-169.49
blend,1790452747.50,3.260,0.870,-164.42
blend,1790452748.01,3.271,0.874,-158.69
blend,1790452748.52,3.270,0.875,-157.99
blend,1790452749.04,3.200,0.846,-157.92
blend,1790452749.50,3.111,0.810,-157.81
blend,1790452750.01,3.013,0.770,-157.79
blend,1790452750.52,2.930,0.736,-157.71
blend,1790452751.04,2.837,0.698,-157.55
blend,1790452751.54,2.737,0.656,-157.50
blend,1790452752.01,2.639,0.616,-157.44
blend,1790452752.52,2.539,0.575,-157.39
blend,1790452753.03,2.435,0.531,-157.32
blend,1790452753.51,2.336,0.491,-157.30
blend,1790452754.01,2.262,0.459,-157.27
blend,1790452754.52,2.275,0.465,-157.25
blend,1790452755.03,2.278,0.466,-157.25
blend,1790452755.51,2.274,0.464,-157.25
blend,1790452756.01,2.276,0.465,-157.24
blend,1790452756.52,2.275,0.465,-157.25
blend,1790452757.04,2.274,0.464,-157.26
blend,1790452757.54,2.274,0.465,-157.25
blend,1790452758.00,2.274,0.464,-157.25
blend,1790452758.51,2.273,0.464,-157.26
blend,1790452759.03,2.273,0.464,-163.41
blend,1790452759.54,2.283,0.466,-170.17
blend,1790452760.00,2.283,0.466,-175.78
blend,1790452760.50,2.283,0.465,-181.31
blend,1790452761.01,2.281,0.466,-183.27
blend,1790452761.51,2.207,0.470,-183.35
blend,1790452762.02,2.050,0.479,-183.32
blend,1790452762.53,1.888,0.488,-183.38
blend,1790452763.03,1.721,0.498,-183.35
blend,1790452763.54,1.558,0.507,-183.25
blend,1790452764.01,1.412,0.515,-183.22
blend,1790452764.50,1.250,0.524,-183.19
blend,1790452765.01,1.092,0.532,-183.07
blend,1790452765.51,0.929,0.541,-183.04
blend,1790452766.02,0.768,0.549,-182.97
blend,1790452766.52,0.636,0.556,-182.96
blend,1790452767.03,0.656,0.555,-182.96
blend,1790452767.54,0.657,0.555,-183.30
blend,1790452768.04,0.655,0.555,-183.81
blend,1790452768.50,0.656,0.555,-186.11
blend,1790452769.00,0.657,0.555,-186.05
blend,1790452769.51,0.657,0.555,-186.05
blend,1790452770.02,0.658,0.554,-186.06
blend,1790452770.52,0.657,0.554,-186.06
blend,1790452771.04,0.656,0.555,-186.08
blend,1790452771.55,0.657,0.554,-191.57
blend,1790452772.05,0.658,0.554,-198.70
blend,1790452772.51,0.659,0.554,-205.30
blend,1790452773.02,0.657,0.555,-212.56
blend,1790452773.54,0.657,0.554,-219.96
blend,1790452774.04,0.655,0.557,-226.69
blend,1790452774.51,0.650,0.564,-233.66
blend,1790452775.01,0.650,0.564,-242.60
blend,1790452775.53,0.650,0.567,-252.33
blend,1790452776.00,0.649,0.577,-260.73
blend,1790452776.56,0.649,0.584,-270.51
blend,1790452777.02,0.651,0.593,-277.55
blend,1790452777.51,0.652,0.598,-277.88
blend,1790452778.03,0.651,0.593,-277.95
blend,1790452778.51,0.645,0.549,-277.99
blend,1790452779.00,0.636,0.488,-278.05
blend,1790452779.51,0.627,0.427,-278.11
blend,1790452780.01,0.616,0.345,-278.15
blend,1790452780.53,0.602,0.252,-278.22
blend,1790452781.04,0.589,0.162,-278.33
blend,1790452781.50,0.574,0.061,-278.41
blend,1790452782.01,0.557,-0.053,-278.42
blend,1790452782.52,0.541,-0.164,-278.55
blend,1790452783.03,0.522,-0.287,-278.58
blend,1790452783.54,0.503,-0.409,-278.68
blend,1790452784.05,0.484,-0.531,-278.71
blend,1790452784.51,0.468,-0.640,-278.80
blend,1790452785.02,0.449,-0.761,-278.95
blend,1790452785.53,0.429,-0.883,-278.94
blend,1790452786.04,0.411,-1.005,-277.64
blend,1790452786.51,0.406,-1.124,-273.58
blend,1790452787.01,0.402,-1.246,-272.84
blend,1790452787.52,0.396,-1.372,-272.77
blend,1790452788.03,0.390,-1.503,-272.70
blend,1790452788.54,0.384,-1.635,-272.82
blend,1790452789.01,0.378,-1.759,-272.77
blend,1790452789.51,0.371,-1.887,-272.78
blend,1790452790.02,0.365,-2.019,-272.78
blend,1790452790.53,0.358,-2.151,-272.88
blend,1790452791.04,0.352,-2.280,-272.85
blend,1790452791.55,0.345,-2.413,-272.88
blend,1790452792.01,0.340,-2.526,-272.89
blend,1790452792.52,0.333,-2.657,-272.96
blend,1790452793.03,0.326,-2.788,-272.96
blend,1790452793.54,0.319,-2.918,-272.92
blend,1790452794.01,0.313,-3.037,-273.00
blend,1790452794.51,0.306,-3.167,-273.04
blend,1790452795.02,0.299,-3.294,-273.11
blend,1790452795.53,0.292,-3.429,-273.13
blend,1790452796.04,0.285,-3.561,-273.21
blend,1790452796.50,0.278,-3.679,-273.26
blend,1790452797.01,0.271,-3.810,-273.33
blend,1790452797.52,0.263,-3.943,-273.32
blend,1790452798.03,0.255,-4.074,-273.40
blend,1790452798.54,0.247,-4.202,-273.38
blend,1790452799.00,0.240,-4.322,-273.49
blend,1790452799.51,0.232,-4.451,-273.52
blend,1790452800.02,0.224,-4.582,-273.57
blend,1790452800.53,0.216,-4.716,-273.51
blend,1790452801.04,0.208,-4.848,-273.61
blend,1790452801.50,0.200,-4.959,-273.65
blend,1790452802.01,0.192,-5.089,-273.70
blend,1790452802.52,0.184,-5.219,-273.75
blend,1790452803.03,0.175,-5.353,-273.80
blend,1790452803.55,0.166,-5.487,-273.89
blend,1790452804.00,0.158,-5.603,-273.82
blend,1790452804.51,0.149,-5.739,-273.94
blend,1790452805.02,0.140,-5.869,-273.97
blend,1790452805.54,0.130,-6.007,-274.05
blend,1790452806.01,0.121,-6.127,-274.03
blend,1790452806.50,0.112,-6.253,-274.06
blend,1790452807.02,0.103,-6.389,-274.10
blend,1790452807.53,0.093,-6.522,-274.19
blend,1790452808.04,0.083,-6.663,-274.21
blend,1790452808.52,0.073,-6.796,-274.24
blend,1790452809.01,0.063,-6.932,-274.24
blend,1790452809.52,0.052,-7.076,-274.28
blend,1790452810.03,0.042,-7.218,-274.30
blend,1790452810.54,0.031,-7.355,-274.35
blend,1790452811.04,0.031,-7.356,-274.31
blend,1790452811.51,0.031,-7.357,-274.32
blend,1790452812.02,0.033,-7.329,-274.30
blend,1790452812.53,0.039,-7.250,-274.24
blend,1790452813.02,0.046,-7.158,-274.18
blend,1790452813.50,0.053,-7.056,-274.17
blend,1790452814.05,0.062,-6.939,-274.10
blend,1790452814.52,0.068,-6.845,-274.10
blend,1790452815.02,0.076,-6.740,-274.03
blend,1790452815.51,0.084,-6.632,-273.99
blend,1790452816.04,0.090,-6.542,-273.96
blend,1790452816.51,0.097,-6.435,-273.89
blend,1790452817.02,0.104,-6.330,-273.87
blend,1790452817.53,0.112,-6.218,-273.79
blend,1790452818.04,0.119,-6.106,-273.77
blend,1790452818.50,0.126,-6.004,-273.69
blend,1790452819.01,0.133,-5.894,-273.67
blend,1790452819.52,0.140,-5.781,-273.61
blend,1790452820.03,0.147,-5.668,-273.59
blend,1790452820.54,0.154,-5.555,-273.52
blend,1790452821.00,0.160,-5.455,-273.52
blend,1790452821.51,0.167,-5.343,-273.46
blend,1790452822.02,0.174,-5.230,-273.44
blend,1790452822.53,0.181,-5.116,-273.37
blend,1790452823.04,0.187,-5.004,-273.34
blend,1790452823.50,0.193,-4.905,-273.28
blend,1790452824.01,0.200,-4.792,-273.26
blend,1790452824.52,0.206,-4.670,-273.18
blend,1790452825.03,0.214,-4.541,-273.14
blend,1790452825.54,0.221,-4.407,-273.10
blend,1790452826.00,0.227,-4.284,-273.03
blend,1790452826.51,0.235,-4.136,-272.97
blend,1790452827.02,0.242,-3.993,-272.91
blend,1790452827.54,0.250,-3.834,-272.85
blend,1790452828.01,0.257,-3.696,-272.80
blend,1790452828.50,0.264,-3.550,-272.76
blend,1790452829.01,0.271,-3.397,-272.69
blend,1790452829.52,0.278,-3.244,-272.63
blend,1790452830.03,0.285,-3.093,-272.59
blend,1790452830.51,0.291,-2.954,-272.53
blend,1790452831.00,0.297,-2.814,-272.46
blend,1790452831.51,0.304,-2.663,-272.45
blend,1790452832.02,0.310,-2.509,-272.42
blend,1790452832.51,0.316,-2.368,-272.35
blend,1790452833.01,0.322,-2.217,-272.30
blend,1790452833.50,0.328,-2.077,-272.27
blend,1790452834.02,0.333,-1.933,-272.22
blend,1790452834.50,0.338,-1.792,-272.13
blend,1790452835.04,0.344,-1.635,-272.05
blend,1790452835.51,0.349,-1.499,-272.01
blend,1790452836.00,0.354,-1.358,-271.96
blend,1790452836.51,0.358,-1.216,-271.92
blend,1790452837.03,0.364,-1.056,-271.87
blend,1790452837.54,0.368,-0.911,-271.83
blend,1790452838.01,0.373,-0.774,-271.77
blend,1790452838.51,0.377,-0.623,-271.75
blend,1790452839.02,0.382,-0.477,-271.71
blend,1790452839.53,0.386,-0.326,-271.67
blend,1790452840.04,0.390,-0.180,-271.64
blend,1790452840.50,0.394,-0.045,-271.59
blend,1790452841.01,0.398,0.087,-271.54
blend,1790452841.52,0.398,0.099,-271.53
blend,1790452842.03,0.398,0.098,-271.58
blend,1790452842.54,0.399,0.105,-279.69
blend,1790452843.05,0.404,0.118,-286.64
blend,1790452843.51,0.409,0.131,-291.66
blend,1790452844.04,0.415,0.142,-298.60
blend,1790452844.54,0.419,0.147,-305.18
blend,1790452845.00,0.431,0.160,-311.26
blend,1790452845.52,0.442,0.170,-318.40
blend,1790452846.03,0.457,0.180,-325.68
blend,1790452846.54,0.466,0.184,-333.94
blend,1790452847.00,0.463,0.183,-344.23
blend,1790452847.51,0.466,0.183,-352.22
blend,1790452848.01,0.486,0.185,-353.79
blend,1790452848.52,0.537,0.190,-353.83
blend,1790452849.02,0.611,0.198,-353.86
blend,1790452849.54,0.697,0.207,-353.87
blend,1790452850.03,0.791,0.217,-353.88
blend,1790452850.54,0.891,0.228,-353.91
blend,1790452851.00,0.986,0.238,-353.97
blend,1790452851.55,1.105,0.251,-353.97
blend,1790452852.01,1.205,0.261,-353.98
blend,1790452852.51,1.319,0.273,-353.95
blend,1790452853.02,1.431,0.285,-353.93
blend,1790452853.52,1.557,0.299,-353.89
blend,1790452854.03,1.671,0.311,-354.93
blend,1790452854.53,1.771,0.315,-359.80
blend,1790452855.04,1.868,0.311,-364.52
blend,1790452855.52,1.939,0.302,-368.36
blend,1790452856.00,1.941,0.302,-368.40
blend,1790452856.51,1.942,0.302,-368.44
blend,1790452857.01,1.912,0.306,-368.07
blend,1790452857.52,1.855,0.314,-366.35
blend,1790452858.03,1.787,0.319,-362.47
blend,1790452858.53,1.782,0.319,-362.65
blend,1790452859.04,1.763,0.320,-364.35
blend,1790452859.51,1.725,0.323,-364.44
blend,1790452860.01,1.675,0.327,-366.38
blend,1790452860.50,1.625,0.334,-367.18
blend,1790452861.01,1.552,0.343,-367.27
blend,1790452861.51,1.483,0.352,-367.35
blend,1790452862.02,1.401,0.362,-367.41
blend,1790452862.53,1.318,0.373,-367.47
blend,1790452863.03,1.230,0.385,-367.17
blend,1790452863.54,1.133,0.396,-366.36
blend,1790452864.00,1.048,0.406,-366.36
blend,1790452864.51,0.955,0.416,-366.31
blend,1790452865.00,0.857,0.427,-366.25
blend,1790452865.51,0.760,0.437,-366.27
blend,1790452866.01,0.669,0.447,-366.30
blend,1790452866.52,0.569,0.458,-366.28
blend,1790452867.03,0.481,0.468,-366.31
blend,1790452867.53,0.397,0.477,-366.35
blend,1790452868.04,0.351,0.483,-366.33
blend,1790452868.54,0.354,0.482,-366.33
blend,1790452869.00,0.354,0.482,-366.34
blend,1790452869.50,0.357,0.482,-366.35
blend,1790452870.01,0.356,0.482,-366.36
blend,1790452870.51,0.355,0.482,-366.36
blend,1790452871.02,0.354,0.482,-366.37
blend,1790452871.54,0.353,0.482,-366.37
blend,1790452872.03,0.354,0.482,-366.36
blend,1790452872.54,0.356,0.482,-366.36
blend,1790452873.04,0.357,0.482,-366.36
blend,1790452873.52,0.358,0.482,-366.37
blend,1790452874.01,0.357,0.482,-366.38
blend,1790452874.50,0.356,0.482,-366.37
blend,1790452875.01,0.355,0.482,-366.38
blend,1790452875.51,0.355,0.482,-366.39
blend,1790452876.02,0.355,0.482,-366.39
blend,1790452876.52,0.354,0.482,-366.40
blend,1790452877.03,0.353,0.482,-366.40
blend,1790452877.53,0.353,0.482,-366.40
blend,1790452878.04,0.353,0.482,-366.41
blend,1790452878.51,0.353,0.482,-366.41
blend,1790452879.00,0.353,0.482,-366.42
blend,1790452879.50,0.358,0.482,-366.43
blend,1790452880.01,0.357,0.482,-366.43
blend,1790452880.51,0.358,0.482,-366.42
blend,1790452881.02,0.358,0.482,-366.42
blend,1790452881.52,0.356,0.482,-366.42
blend,1790452882.03,0.356,0.482,-366.42
blend,1790452882.53,0.355,0.482,-366.42
blend,1790452883.04,0.356,0.482,-366.42
blend,1790452883.54,0.356,0.482,-366.43
blend,1790452884.01,0.357,0.482,-366.43
blend,1790452884.50,0.358,0.482,-366.43
blend,1790452885.01,0.358,0.482,-366.43
blend,1790452885.51,0.357,0.482,-366.43
blend,1790452886.02,0.353,0.482,-366.43
blend,1790452886.52,0.351,0.483,-366.43
blend,1790452887.04,0.352,0.482,-366.43
blend,1790452887.53,0.352,0.482,-366.43
blend,1790452888.03,0.352,0.482,-366.44
blend,1790452888.54,0.352,0.482,-366.45
blend,1790452889.01,0.352,0.482,-366.46
blend,1790452889.51,0.353,0.482,-366.45
blend,1790452890.00,0.352,0.482,-366.45
blend,1790452890.51,0.352,0.482,-366.45
blend,1790452891.01,0.356,0.482,-366.46
blend,1790452891.52,0.355,0.482,-366.45
blend,1790452892.02,0.355,0.482,-366.45
blend,1790452892.54,0.355,0.482,-366.44
blend,1790452893.03,0.355,0.482,-366.44
blend,1790452893.54,0.355,0.482,-366.44
blend,1790452894.05,0.355,0.482,-366.45
blend,1790452894.51,0.354,0.482,-366.46
blend,1790452895.00,0.354,0.482,-366.46
blend,1790452895.51,0.354,0.482,-366.46
blend,1790452896.01,0.354,0.482,-366.45
blend,1790452896.52,0.358,0.482,-366.44
blend,1790452897.02,0.357,0.482,-366.44
blend,1790452897.53,0.358,0.482,-366.43
blend,1790452898.03,0.358,0.482,-366.43
blend,1790452898.53,0.358,0.482,-366.45
blend,1790452899.04,0.359,0.482,-366.45
blend,1790452899.51,0.358,0.482,-366.45
blend,1790452900.00,0.359,0.482,-366.46
blend,1790452900.50,0.359,0.482,-366.46
blend,1790452901.01,0.358,0.482,-366.46
blend,1790452901.52,0.358,0.482,-366.46
blend,1790452902.02,0.358,0.482,-366.45
blend,1790452902.53,0.358,0.482,-366.45
blend,1790452903.03,0.358,0.482,-366.45
blend,1790452903.53,0.358,0.482,-366.45
blend,1790452904.04,0.358,0.482,-366.45
blend,1790452904.51,0.358,0.482,-366.45
blend,1790452905.00,0.358,0.482,-366.44
blend,1790452905.51,0.358,0.482,-366.45
blend,1790452906.01,0.358,0.482,-366.46
blend,1790452906.52,0.359,0.482,-366.46
blend,1790452907.01,0.359,0.482,-366.46
blend,1790452907.53,0.361,0.481,-366.46
blend,1790452908.03,0.360,0.481,-366.45
blend,1790452908.53,0.360,0.482,-366.45
blend,1790452909.04,0.364,0.481,-366.45
blend,1790452909.54,0.363,0.481,-366.46
blend,1790452910.00,0.364,0.481,-366.46
blend,1790452910.55,0.364,0.481,-366.46
blend,1790452911.00,0.367,0.481,-366.46
blend,1790452911.50,0.366,0.481,-366.46
blend,1790452912.01,0.367,0.481,-366.45
blend,1790452912.51,0.368,0.481,-366.46
blend,1790452913.02,0.366,0.481,-366.46
blend,1790452913.52,0.366,0.481,-366.46
blend,1790452914.02,0.367,0.481,-366.45
blend,1790452914.54,0.366,0.481,-366.45
blend,1790452915.04,0.370,0.480,-366.46
blend,1790452915.54,0.369,0.480,-366.46
blend,1790452916.04,0.369,0.480,-366.46
blend,1790452916.55,0.368,0.481,-366.46
blend,1790452917.00,0.366,0.481,-366.46
blend,1790452917.50,0.366,0.481,-366.46
blend,1790452918.01,0.366,0.481,-366.46
blend,1790452918.51,0.366,0.481,-366.46
blend,1790452919.02,0.366,0.481,-366.45
blend,1790452919.52,0.366,0.481,-366.45
blend,1790452920.04,0.363,0.481,-366.46
blend,1790452920.53,0.364,0.481,-366.45
blend,1790452921.04,0.365,0.481,-366.45
blend,1790452921.54,0.366,0.481,-366.45
blend,1790452922.00,0.365,0.481,-366.45
blend,1790452922.55,0.367,0.481,-366.46
blend,1790452923.00,0.365,0.481,-366.46
blend,1790452923.51,0.365,0.481,-366.46
blend,1790452924.01,0.364,0.481,-366.46
blend,1790452924.51,0.365,0.481,-366.45
blend,1790452925.02,0.366,0.481,-366.46
blend,1790452925.54,0.367,0.481,-366.45
blend,1790452926.03,0.368,0.481,-366.46
blend,1790452926.53,0.368,0.481,-366.46
blend,1790452927.04,0.368,0.481,-366.47
blend,1790452927.50,0.367,0.481,-366.47
blend,1790452928.01,0.368,0.481,-366.46
blend,1790452928.50,0.367,0.481,-366.46
blend,1790452929.01,0.366,0.481,-366.46
blend,1790452929.51,0.365,0.481,-366.45
blend,1790452930.02,0.366,0.481,-366.46
blend,1790452930.52,0.365,0.481,-366.46
blend,1790452931.04,0.364,0.481,-366.47
blend,1790452931.54,0.366,0.481,-366.46
blend,1790452932.04,0.366,0.481,-366.47
blend,1790452932.51,0.365,0.481,-366.47
robot,1790452095.68,0.000,0.000,0.00
robot,1790452096.00,0.000,0.000,0.01
robot,1790452096.50,0.000,0.000,0.03
robot,1790452097.00,0.000,0.000,0.04
robot,1790452097.50,0.000,0.000,0.04
robot,1790452098.00,0.000,0.000,0.05
robot,1790452098.50,0.000,0.000,0.05
robot,1790452099.00,0.000,0.000,0.06
robot,1790452099.50,0.000,0.000,0.09
robot,1790452100.00,0.000,0.000,0.10
robot,1790452100.50,0.000,0.000,0.12
robot,1790452101.00,0.000,0.000,0.12
robot,1790452101.50,0.000,0.000,0.13
robot,1790452102.00,0.000,0.000,0.13
robot,1790452102.50,0.000,0.000,0.15
robot,1790452103.00,0.000,0.000,0.15
robot,1790452103.50,0.000,0.000,0.15
robot,1790452104.00,0.000,0.000,0.17
robot,1790452104.50,0.000,0.000,0.18
robot,1790452105.00,0.000,0.000,0.20
robot,1790452105.50,0.000,0.000,0.20
robot,1790452106.00,0.000,0.000,0.20
robot,1790452106.50,0.000,0.000,0.22
robot,1790452107.00,0.000,0.000,0.23
robot,1790452107.50,0.000,0.000,0.25
robot,1790452108.00,0.000,0.000,0.25
robot,1790452108.50,0.000,0.000,0.26
robot,1790452109.00,0.000,0.000,0.28
robot,1790452109.50,0.000,0.000,0.27
robot,1790452110.00,0.000,0.000,0.29
robot,1790452110.50,0.000,0.000,0.29
robot,1790452111.00,0.000,0.000,0.28
robot,1790452111.50,0.000,0.000,0.29
robot,1790452112.00,0.000,0.000,0.31
robot,1790452112.50,0.000,0.000,0.31
robot,1790452113.00,0.000,0.000,0.31
robot,1790452113.50,0.000,0.000,0.32
robot,1790452114.00,0.000,0.000,0.34
robot,1790452114.50,0.000,0.000,0.35
robot,1790452115.00,0.000,0.000,0.35
robot,1790452115.50,0.000,0.000,0.36
robot,1790452116.00,0.000,0.000,0.39
robot,1790452116.50,0.000,0.000,0.39
robot,1790452117.00,0.000,0.000,0.42
robot,1790452117.50,0.000,0.000,0.44
robot,1790452118.00,0.000,0.000,0.44
robot,1790452118.50,0.000,0.000,0.44
robot,1790452119.00,0.000,0.000,0.42
robot,1790452119.50,0.000,0.000,0.44
robot,1790452120.00,0.000,0.000,0.44
robot,1790452120.50,0.000,0.000,0.45
robot,1790452121.00,0.000,0.000,0.47
robot,1790452121.50,0.000,0.000,0.49
robot,1790452122.00,0.000,0.000,0.48
robot,1790452122.50,0.000,0.000,0.50
robot,1790452123.00,0.000,0.000,0.52
robot,1790452123.50,0.000,0.000,0.54
robot,1790452124.00,0.000,0.000,0.55
robot,1790452124.50,0.000,0.000,0.57
robot,1790452125.00,0.000,0.000,0.56
robot,1790452125.51,0.000,0.000,0.56
robot,1790452126.00,0.000,0.000,0.57
robot,1790452126.50,0.000,0.000,0.57
robot,1790452127.00,0.000,0.000,0.57
robot,1790452127.50,0.000,0.000,0.58
robot,1790452128.00,0.000,0.000,0.59
robot,1790452128.50,0.000,0.000,0.61
robot,1790452129.00,0.000,0.000,0.62
robot,1790452129.50,0.000,0.000,0.63
robot,1790452130.00,0.000,0.000,0.64
robot,1790452130.50,0.000,0.000,0.67
robot,1790452131.00,0.000,0.000,0.68
robot,1790452131.50,0.038,0.000,0.72
robot,1790452132.00,0.037,0.000,0.74
robot,1790452132.50,0.037,0.000,0.75
robot,1790452133.00,0.060,0.001,0.77
robot,1790452133.50,0.116,0.002,0.81
robot,1790452134.00,0.179,0.002,0.85
robot,1790452134.50,0.246,0.003,0.90
robot,1790452135.00,0.326,0.005,0.94
robot,1790452135.50,0.406,0.006,0.97
robot,1790452136.00,0.482,0.007,1.01
robot,1790452136.50,0.557,0.009,1.02
robot,1790452137.00,0.629,0.010,1.06
robot,1790452137.50,0.698,0.011,1.09
robot,1790452138.00,0.768,0.013,1.13
robot,1790452138.50,0.839,0.014,1.16
robot,1790452139.00,0.909,0.016,1.19
robot,1790452139.50,0.980,0.017,1.21
robot,1790452140.00,1.048,0.019,1.25
robot,1790452140.50,1.119,0.020,1.29
robot,1790452141.00,1.189,0.022,1.32
robot,1790452141.50,1.259,0.023,1.34
robot,1790452142.00,1.327,0.025,1.39
robot,1790452142.50,1.387,0.026,1.41
robot,1790452143.00,1.446,0.028,1.45
robot,1790452143.50,1.505,0.029,1.49
robot,1790452144.00,1.565,0.031,1.54
robot,1790452144.50,1.626,0.033,1.59
robot,1790452145.00,1.687,0.034,1.65
robot,1790452145.50,1.746,0.036,1.66
robot,1790452146.00,1.806,0.038,1.67
robot,1790452146.50,1.867,0.040,1.72
robot,1790452147.00,1.922,0.041,1.76
robot,1790452147.50,1.977,0.043,1.77
robot,1790452148.00,2.033,0.045,1.81
robot,1790452148.50,2.087,0.046,1.83
robot,1790452149.00,2.142,0.048,1.87
robot,1790452149.50,2.196,0.050,1.89
robot,1790452150.00,2.251,0.052,1.92
robot,1790452150.50,2.307,0.054,1.96
robot,1790452151.00,2.361,0.056,1.99
robot,1790452151.50,2.417,0.058,2.01
robot,1790452152.00,2.472,0.059,2.03
robot,1790452152.50,2.527,0.061,2.06
robot,1790452153.00,2.581,0.063,2.10
robot,1790452153.50,2.636,0.065,2.12
robot,1790452154.00,2.691,0.068,2.17
robot,1790452154.50,2.746,0.070,2.19
robot,1790452155.00,2.802,0.072,2.22
robot,1790452155.50,2.857,0.074,2.23
robot,1790452156.00,2.912,0.076,2.23
robot,1790452156.50,2.967,0.078,2.28
robot,1790452157.00,3.022,0.080,2.33
robot,1790452157.50,3.077,0.083,2.37
robot,1790452158.00,3.132,0.085,2.40
robot,1790452158.50,3.187,0.087,2.42
robot,1790452159.00,3.242,0.090,2.45
robot,1790452159.50,3.296,0.092,2.49
robot,1790452160.00,3.351,0.094,2.53
robot,1790452160.50,3.407,0.097,2.55
robot,1790452161.00,3.462,0.099,2.57
robot,1790452161.50,3.516,0.102,2.59
robot,1790452162.44,3.619,0.106,2.62
robot,1790452162.50,3.626,0.107,2.62
robot,1790452163.00,3.681,0.109,2.65
robot,1790452163.50,3.735,0.112,2.67
robot,1790452164.00,3.791,0.114,2.68
robot,1790452164.50,3.845,0.117,2.72
robot,1790452165.00,3.900,0.120,2.75
robot,1790452165.50,3.956,0.122,2.77
robot,1790452166.00,4.011,0.125,2.82
robot,1790452166.50,4.066,0.128,2.85
robot,1790452167.00,4.121,0.130,2.90
robot,1790452167.50,4.176,0.133,2.93
robot,1790452168.00,4.231,0.136,2.97
robot,1790452168.50,4.285,0.139,3.00
robot,1790452169.00,4.341,0.142,3.01
robot,1790452169.50,4.396,0.145,3.02
robot,1790452170.00,4.451,0.148,3.05
robot,1790452170.50,4.507,0.151,3.08
robot,1790452171.00,4.562,0.154,3.11
robot,1790452171.50,4.616,0.157,3.13
robot,1790452172.00,4.670,0.160,3.18
robot,1790452172.50,4.726,0.163,3.21
robot,1790452173.00,4.781,0.166,3.25
robot,1790452173.50,4.835,0.169,3.27
robot,1790452174.00,4.891,0.172,3.30
robot,1790452174.50,4.946,0.175,3.34
robot,1790452175.00,5.000,0.178,3.36
robot,1790452175.50,5.055,0.182,3.39
robot,1790452176.00,5.111,0.185,3.41
robot,1790452176.50,5.164,0.188,3.45
robot,1790452177.00,5.220,0.191,3.47
robot,1790452177.50,5.275,0.195,3.50
robot,1790452178.00,5.330,0.198,3.54
robot,1790452178.50,5.385,0.202,3.57
robot,1790452179.00,5.439,0.205,3.61
robot,1790452180.12,5.562,0.213,3.67
robot,1790452180.50,5.603,0.216,3.70
robot,1790452181.00,5.658,0.219,3.71
robot,1790452181.50,5.713,0.223,3.75
robot,1790452182.00,5.768,0.226,3.80
robot,1790452182.50,5.823,0.230,3.84
robot,1790452183.00,5.878,0.234,3.86
robot,1790452183.50,5.933,0.237,3.89
robot,1790452184.00,5.988,0.241,3.92
robot,1790452184.50,6.042,0.245,3.95
robot,1790452185.00,6.098,0.249,3.98
robot,1790452185.50,6.152,0.253,4.02
robot,1790452186.00,6.206,0.256,4.06
robot,1790452186.50,6.260,0.260,4.06
robot,1790452187.00,6.314,0.264,4.10
robot,1790452187.50,6.369,0.268,4.16
robot,1790452188.00,6.423,0.272,4.19
robot,1790452188.50,6.477,0.276,4.20
robot,1790452189.00,6.531,0.280,4.23
robot,1790452189.50,6.587,0.284,4.27
robot,1790452190.00,6.640,0.288,4.30
robot,1790452190.50,6.695,0.292,4.33
robot,1790452191.00,6.749,0.296,4.35
robot,1790452191.50,6.804,0.300,4.38
robot,1790452192.00,6.859,0.305,4.42
robot,1790452192.50,6.913,0.309,4.45
robot,1790452193.00,6.967,0.313,4.49
robot,1790452193.50,7.022,0.317,4.51
robot,1790452194.00,7.076,0.322,4.57
robot,1790452194.50,7.131,0.326,4.59
robot,1790452195.00,7.186,0.331,4.64
robot,1790452195.50,7.240,0.335,4.68
robot,1790452196.00,7.296,0.340,4.71
robot,1790452196.50,7.350,0.344,4.73
robot,1790452197.00,7.390,0.347,4.76
robot,1790452197.50,7.431,0.351,4.79
robot,1790452198.00,7.470,0.354,4.80
robot,1790452198.50,7.523,0.358,4.82
robot,1790452199.00,7.578,0.363,4.83
robot,1790452199.50,7.632,0.368,4.83
robot,1790452200.00,7.686,0.372,4.85
robot,1790452200.50,7.741,0.377,4.87
robot,1790452201.00,7.796,0.382,4.89
robot,1790452201.50,7.851,0.386,4.91
robot,1790452202.00,7.906,0.391,4.93
robot,1790452202.50,7.961,0.396,4.96
robot,1790452203.00,8.015,0.401,4.99
robot,1790452203.50,8.070,0.405,5.03
robot,1790452204.00,8.125,0.410,5.07
robot,1790452204.50,8.180,0.415,5.11
robot,1790452205.00,8.235,0.420,5.12
robot,1790452205.50,8.290,0.425,5.14
robot,1790452206.00,8.345,0.430,5.18
robot,1790452206.50,8.400,0.435,5.22
robot,1790452207.00,8.454,0.440,5.21
robot,1790452207.50,8.509,0.445,5.24
robot,1790452208.00,8.564,0.450,5.26
robot,1790452208.50,8.619,0.455,5.31
robot,1790452209.00,8.673,0.460,5.35
robot,1790452209.50,8.728,0.465,5.37
robot,1790452210.00,8.782,0.470,5.40
robot,1790452210.50,8.838,0.476,5.46
robot,1790452211.00,8.893,0.481,5.48
robot,1790452211.50,8.948,0.486,5.51
robot,1790452212.00,9.003,0.492,5.54
robot,1790452212.50,9.057,0.497,5.57
robot,1790452213.00,9.112,0.502,5.60
robot,1790452213.50,9.167,0.508,5.64
robot,1790452214.00,9.221,0.513,5.66
robot,1790452214.50,9.276,0.518,5.69
robot,1790452215.00,9.331,0.524,5.70
robot,1790452215.50,9.385,0.529,5.72
robot,1790452216.00,9.440,0.535,5.76
robot,1790452216.50,9.495,0.540,5.78
robot,1790452217.00,9.550,0.546,5.80
robot,1790452217.50,9.605,0.551,5.81
robot,1790452218.00,9.659,0.557,5.86
robot,1790452218.50,9.714,0.563,5.88
robot,1790452219.00,9.768,0.568,5.91
robot,1790452219.50,9.823,0.574,5.93
robot,1790452220.00,9.879,0.580,5.96
robot,1790452220.50,9.933,0.585,6.00
robot,1790452221.00,9.988,0.591,6.02
robot,1790452221.50,10.043,0.597,6.06
robot,1790452222.00,10.098,0.603,6.08
robot,1790452222.50,10.153,0.609,6.12
robot,1790452223.00,10.208,0.615,6.14
robot,1790452223.50,10.262,0.620,6.17
robot,1790452224.00,10.317,0.627,6.21
robot,1790452224.50,10.372,0.632,6.24
robot,1790452225.00,10.427,0.639,6.27
robot,1790452225.50,10.463,0.642,6.30
robot,1790452226.00,10.463,0.643,6.33
robot,1790452226.50,10.463,0.643,6.33
robot,1790452227.00,10.463,0.643,6.33
robot,1790452227.50,10.463,0.643,6.33
robot,1790452228.00,10.463,0.643,6.33
robot,1790452228.50,10.463,0.643,6.35
robot,1790452229.00,10.464,0.643,6.34
robot,1790452229.50,10.484,0.645,6.37
robot,1790452230.00,10.528,0.650,6.40
robot,1790452230.50,10.598,0.658,6.44
robot,1790452231.00,10.673,0.666,6.48
robot,1790452231.50,10.713,0.671,6.48
robot,1790452232.00,10.713,0.671,6.49
robot,1790452232.50,10.713,0.671,6.49
robot,1790452233.00,10.713,0.671,6.51
robot,1790452233.50,10.714,0.671,6.52
robot,1790452234.00,10.741,0.674,6.57
robot,1790452234.50,10.796,0.680,6.60
robot,1790452235.00,10.877,0.690,6.63
robot,1790452235.50,10.961,0.699,6.69
robot,1790452236.00,11.039,0.709,6.68
robot,1790452236.50,11.044,0.709,6.71
robot,1790452237.00,11.044,0.709,6.73
robot,1790452237.50,11.044,0.709,6.74
robot,1790452238.00,11.044,0.709,6.74
robot,1790452238.50,11.018,0.706,6.72
robot,1790452239.00,10.960,0.699,6.69
robot,1790452239.50,10.892,0.691,6.68
robot,1790452240.00,10.835,0.685,6.72
robot,1790452240.50,10.836,0.685,6.70
robot,1790452241.00,10.836,0.685,6.70
robot,1790452241.50,10.836,0.685,6.70
robot,1790452242.00,10.836,0.685,6.64
robot,1790452242.50,10.836,0.685,-2.51
robot,1790452243.00,10.835,0.685,-13.21
robot,1790452243.50,10.836,0.684,-23.87
robot,1790452244.00,10.836,0.684,-34.31
robot,1790452244.50,10.835,0.685,-36.59
robot,1790452245.00,10.835,0.685,-36.56
robot,1790452245.50,10.835,0.685,-36.54
robot,1790452246.00,10.836,0.685,-37.75
robot,1790452246.50,10.836,0.684,-46.48
robot,1790452247.00,10.836,0.684,-56.81
robot,1790452247.50,10.835,0.685,-67.17
robot,1790452248.00,10.835,0.685,-72.47
robot,1790452248.50,10.835,0.685,-72.47
robot,1790452249.00,10.835,0.685,-72.47
robot,1790452249.50,10.835,0.685,-72.46
robot,1790452250.00,10.835,0.684,-80.40
robot,1790452250.50,10.835,0.684,-90.96
robot,1790452251.00,10.835,0.686,-101.39
robot,1790452251.50,10.835,0.685,-111.83
robot,1790452252.00,10.836,0.685,-122.05
robot,1790452252.50,10.835,0.685,-122.24
robot,1790452253.00,10.835,0.685,-122.20
robot,1790452253.50,10.836,0.685,-122.16
robot,1790452254.00,10.835,0.685,-125.79
robot,1790452254.50,10.836,0.685,-134.79
robot,1790452255.00,10.836,0.685,-144.71
robot,1790452255.50,10.836,0.685,-154.90
robot,1790452256.00,10.837,0.685,-164.93
robot,1790452256.50,10.835,0.685,-168.67
robot,1790452257.00,10.835,0.685,-168.63
robot,1790452257.50,10.835,0.685,-168.63
robot,1790452258.00,10.836,0.685,-172.59
robot,1790452258.50,10.835,0.685,-177.46
robot,1790452259.00,10.835,0.685,-177.43
robot,1790452259.50,10.835,0.685,-177.43
robot,1790452260.00,10.834,0.685,-177.42
robot,1790452260.50,10.834,0.685,-177.39
robot,1790452261.00,10.834,0.685,-177.38
robot,1790452261.50,10.834,0.685,-177.36
robot,1790452262.00,10.763,0.682,-177.46
robot,1790452262.50,10.630,0.676,-177.51
robot,1790452263.00,10.494,0.670,-177.52
robot,1790452263.50,10.357,0.664,-177.47
robot,1790452264.00,10.224,0.658,-177.43
robot,1790452264.50,10.087,0.652,-177.38
robot,1790452265.00,9.952,0.646,-177.31
robot,1790452265.50,9.818,0.639,-177.25
robot,1790452266.00,9.683,0.633,-177.20
robot,1790452266.50,9.550,0.626,-177.20
robot,1790452267.00,9.434,0.620,-177.18
robot,1790452267.50,9.429,0.620,-177.16
robot,1790452268.00,9.429,0.620,-177.17
robot,1790452268.50,9.429,0.620,-177.17
robot,1790452269.00,9.429,0.620,-177.15
robot,1790452269.50,9.429,0.620,-177.14
robot,1790452270.00,9.426,0.620,-171.02
robot,1790452270.50,9.429,0.621,-166.45
robot,1790452271.00,9.429,0.621,-166.44
robot,1790452271.50,9.429,0.621,-166.44
robot,1790452272.00,9.429,0.621,-166.41
robot,1790452272.50,9.429,0.621,-166.42
robot,1790452273.00,9.429,0.621,-166.40
robot,1790452273.50,9.426,0.620,-166.28
robot,1790452274.00,9.349,0.601,-166.27
robot,1790452274.50,9.259,0.579,-166.17
robot,1790452275.00,9.164,0.556,-166.11
robot,1790452275.50,9.072,0.533,-165.99
robot,1790452276.00,8.980,0.510,-165.90
robot,1790452276.50,8.889,0.487,-165.84
robot,1790452277.00,8.797,0.464,-165.79
robot,1790452277.50,8.703,0.440,-165.74
robot,1790452278.00,8.611,0.416,-165.68
robot,1790452278.50,8.520,0.393,-165.64
robot,1790452279.00,8.428,0.369,-165.61
robot,1790452279.50,8.336,0.346,-165.52
robot,1790452280.00,8.245,0.322,-165.48
robot,1790452280.50,8.152,0.298,-165.43
robot,1790452281.00,8.059,0.274,-165.40
robot,1790452281.50,7.968,0.250,-165.33
robot,1790452282.00,7.876,0.226,-165.29
robot,1790452282.50,7.782,0.201,-165.24
robot,1790452283.00,7.692,0.178,-165.18
robot,1790452283.50,7.600,0.153,-165.13
robot,1790452284.00,7.507,0.129,-165.08
robot,1790452284.50,7.417,0.104,-165.04
robot,1790452285.00,7.391,0.098,-165.02
robot,1790452285.50,7.391,0.098,-165.00
robot,1790452286.00,7.391,0.098,-175.70
robot,1790452286.50,7.391,0.097,-177.12
robot,1790452287.00,7.391,0.097,-177.11
robot,1790452287.50,7.369,0.096,-177.12
robot,1790452288.00,7.304,0.093,-177.11
robot,1790452288.50,7.220,0.089,-177.16
robot,1790452289.00,7.124,0.084,-177.16
robot,1790452289.50,7.030,0.079,-177.16
robot,1790452290.00,6.935,0.075,-177.13
robot,1790452290.50,6.839,0.070,-177.13
robot,1790452291.00,6.743,0.065,-177.11
robot,1790452291.50,6.651,0.060,-177.04
robot,1790452292.00,6.555,0.055,-177.03
robot,1790452292.50,6.461,0.051,-177.02
robot,1790452293.00,6.365,0.046,-176.97
robot,1790452293.50,6.270,0.040,-176.92
robot,1790452294.00,6.175,0.035,-176.89
robot,1790452294.50,6.081,0.030,-176.88
robot,1790452295.00,5.986,0.025,-176.83
robot,1790452295.50,5.891,0.020,-176.78
robot,1790452296.00,5.795,0.014,-176.77
robot,1790452296.50,5.700,0.009,-176.72
robot,1790452297.00,5.606,0.003,-176.65
robot,1790452297.50,5.512,-0.002,-176.65
robot,1790452298.00,5.416,-0.008,-176.62
robot,1790452298.50,5.321,-0.013,-176.57
robot,1790452299.00,5.227,-0.019,-176.54
robot,1790452299.50,5.131,-0.025,-176.52
robot,1790452300.00,5.036,-0.031,-176.49
robot,1790452300.50,4.942,-0.036,-176.42
robot,1790452301.00,4.847,-0.042,-176.40
robot,1790452301.50,4.753,-0.048,-176.37
robot,1790452302.00,4.659,-0.054,-176.29
robot,1790452302.50,4.564,-0.061,-176.27
robot,1790452303.00,4.468,-0.067,-176.26
robot,1790452303.50,4.373,-0.073,-176.26
robot,1790452304.00,4.280,-0.079,-176.20
robot,1790452304.50,4.184,-0.086,-176.16
robot,1790452305.00,4.089,-0.092,-176.16
robot,1790452305.50,3.994,-0.098,-176.12
robot,1790452306.00,3.899,-0.105,-176.06
robot,1790452306.50,3.805,-0.111,-175.99
robot,1790452307.00,3.709,-0.118,-175.96
robot,1790452307.50,3.615,-0.125,-175.87
robot,1790452308.00,3.521,-0.132,-175.86
robot,1790452308.50,3.425,-0.139,-175.84
robot,1790452309.00,3.330,-0.146,-175.75
robot,1790452309.50,3.236,-0.153,-175.71
robot,1790452310.00,3.141,-0.160,-175.71
robot,1790452310.50,3.049,-0.167,-175.67
robot,1790452311.00,2.953,-0.174,-175.61
robot,1790452311.50,2.855,-0.182,-175.57
robot,1790452312.00,2.760,-0.189,-175.53
robot,1790452312.50,2.668,-0.196,-175.44
robot,1790452313.00,2.571,-0.204,-175.41
robot,1790452313.50,2.478,-0.211,-175.39
robot,1790452314.00,2.383,-0.219,-175.36
robot,1790452314.50,2.288,-0.227,-175.30
robot,1790452315.00,2.194,-0.235,-175.29
robot,1790452315.50,2.097,-0.243,-175.28
robot,1790452316.00,2.004,-0.250,-175.21
robot,1790452316.50,1.909,-0.258,-175.18
robot,1790452317.00,1.816,-0.266,-175.16
robot,1790452317.50,1.720,-0.274,-175.09
robot,1790452318.00,1.625,-0.283,-175.00
robot,1790452318.50,1.530,-0.291,-174.98
robot,1790452319.00,1.435,-0.299,-174.94
robot,1790452319.50,1.342,-0.308,-174.86
robot,1790452320.00,1.248,-0.316,-174.79
robot,1790452320.50,1.153,-0.325,-174.75
robot,1790452321.00,1.058,-0.334,-174.69
robot,1790452321.50,0.963,-0.343,-174.64
robot,1790452322.00,0.869,-0.351,-174.62
robot,1790452322.50,0.775,-0.360,-174.57
robot,1790452323.00,0.678,-0.370,-174.48
robot,1790452323.50,0.588,-0.378,-174.44
robot,1790452324.00,0.565,-0.380,-174.43
robot,1790452324.50,0.565,-0.380,-174.44
robot,1790452325.00,0.565,-0.380,-174.45
robot,1790452325.50,0.565,-0.380,-174.45
robot,1790452326.00,0.565,-0.380,-174.43
robot,1790452326.50,0.565,-0.380,-174.42
robot,1790452327.00,0.565,-0.380,-174.41
robot,1790452327.50,0.565,-0.380,-174.41
robot,1790452328.00,0.565,-0.380,-174.41
robot,1790452328.50,0.565,-0.380,-174.42
robot,1790452329.00,0.564,-0.380,-175.30
robot,1790452329.50,0.565,-0.380,-179.88
robot,1790452330.00,0.565,-0.380,-184.31
robot,1790452330.50,0.565,-0.381,-188.71
robot,1790452331.00,0.565,-0.380,-193.11
robot,1790452331.50,0.565,-0.380,-197.66
robot,1790452332.00,0.565,-0.381,-202.19
robot,1790452332.50,0.565,-0.380,-206.65
robot,1790452333.00,0.565,-0.380,-211.32
robot,1790452333.50,0.564,-0.380,-215.97
robot,1790452334.00,0.564,-0.380,-220.48
robot,1790452334.50,0.565,-0.380,-225.04
robot,1790452335.00,0.565,-0.380,-229.50
robot,1790452335.50,0.564,-0.380,-234.01
robot,1790452336.00,0.565,-0.381,-238.42
robot,1790452336.50,0.565,-0.380,-242.81
robot,1790452337.00,0.565,-0.380,-247.29
robot,1790452337.50,0.565,-0.380,-251.67
robot,1790452338.00,0.565,-0.380,-256.05
robot,1790452338.50,0.564,-0.380,-260.42
robot,1790452339.00,0.565,-0.381,-264.80
robot,1790452339.50,0.565,-0.381,-269.14
robot,1790452340.00,0.565,-0.381,-269.67
robot,1790452340.50,0.565,-0.381,-269.65
robot,1790452341.00,0.565,-0.381,-269.65
robot,1790452341.50,0.565,-0.381,-269.63
robot,1790452342.00,0.565,-0.381,-269.63
robot,1790452342.50,0.565,-0.381,-269.59
robot,1790452343.00,0.565,-0.381,-269.59
robot,1790452343.50,0.565,-0.381,-269.59
robot,1790452344.00,0.565,-0.381,-269.57
robot,1790452344.50,0.565,-0.382,-269.64
robot,1790452345.00,0.565,-0.394,-269.67
robot,1790452345.50,0.565,-0.438,-269.66
robot,1790452346.00,0.565,-0.483,-269.70
robot,1790452346.50,0.565,-0.529,-269.72
robot,1790452347.00,0.566,-0.580,-269.74
robot,1790452347.50,0.566,-0.631,-269.80
robot,1790452348.00,0.566,-0.685,-269.87
robot,1790452348.50,0.566,-0.742,-269.86
robot,1790452349.00,0.566,-0.803,-269.90
robot,1790452349.50,0.566,-0.865,-269.93
robot,1790452350.00,0.566,-0.931,-269.92
robot,1790452350.50,0.566,-1.000,-270.04
robot,1790452351.00,0.566,-1.077,-270.03
robot,1790452351.50,0.566,-1.161,-270.08
robot,1790452352.00,0.566,-1.245,-270.12
robot,1790452352.50,0.566,-1.331,-270.14
robot,1790452353.00,0.566,-1.416,-270.21
robot,1790452353.50,0.565,-1.501,-270.22
robot,1790452354.00,0.565,-1.586,-270.20
robot,1790452354.50,0.565,-1.670,-270.21
robot,1790452355.00,0.564,-1.756,-270.23
robot,1790452355.50,0.564,-1.844,-270.20
robot,1790452356.00,0.564,-1.929,-270.27
robot,1790452356.50,0.563,-2.012,-270.30
robot,1790452357.00,0.563,-2.096,-270.32
robot,1790452357.50,0.562,-2.182,-270.29
robot,1790452358.00,0.562,-2.268,-270.37
robot,1790452358.50,0.561,-2.359,-270.38
robot,1790452359.00,0.561,-2.454,-270.43
robot,1790452359.50,0.560,-2.549,-270.40
robot,1790452360.00,0.559,-2.648,-270.45
robot,1790452360.50,0.558,-2.744,-270.50
robot,1790452361.00,0.558,-2.838,-270.51
robot,1790452361.50,0.557,-2.932,-270.51
robot,1790452362.00,0.556,-3.025,-270.53
robot,1790452362.50,0.555,-3.124,-270.62
robot,1790452363.00,0.554,-3.217,-270.52
robot,1790452363.50,0.553,-3.307,-270.56
robot,1790452364.00,0.552,-3.396,-270.57
robot,1790452364.50,0.551,-3.487,-270.63
robot,1790452365.00,0.550,-3.577,-270.66
robot,1790452365.50,0.549,-3.667,-270.65
robot,1790452366.00,0.548,-3.757,-270.63
robot,1790452366.50,0.547,-3.846,-270.65
robot,1790452367.00,0.546,-3.937,-270.69
robot,1790452367.50,0.545,-4.027,-270.68
robot,1790452368.00,0.544,-4.117,-270.69
robot,1790452368.50,0.543,-4.205,-270.67
robot,1790452369.00,0.542,-4.281,-270.74
robot,1790452369.50,0.541,-4.356,-270.77
robot,1790452370.00,0.540,-4.430,-270.78
robot,1790452370.50,0.539,-4.505,-270.80
robot,1790452371.00,0.538,-4.581,-270.84
robot,1790452371.50,0.537,-4.655,-270.85
robot,1790452372.00,0.535,-4.731,-270.87
robot,1790452372.50,0.534,-4.806,-270.90
robot,1790452373.00,0.533,-4.880,-270.91
robot,1790452373.50,0.532,-4.954,-270.97
robot,1790452374.00,0.531,-5.028,-270.99
robot,1790452374.50,0.529,-5.105,-271.02
robot,1790452375.00,0.528,-5.180,-271.05
robot,1790452375.50,0.527,-5.255,-271.08
robot,1790452376.00,0.525,-5.330,-271.11
robot,1790452376.50,0.524,-5.406,-271.14
robot,1790452377.66,0.520,-5.579,-271.13
robot,1790452378.00,0.519,-5.631,-271.18
robot,1790452378.50,0.518,-5.705,-271.17
robot,1790452379.00,0.516,-5.780,-271.20
robot,1790452379.50,0.515,-5.855,-271.21
robot,1790452380.00,0.513,-5.930,-271.22
robot,1790452380.50,0.512,-6.005,-271.22
robot,1790452381.00,0.510,-6.080,-271.22
robot,1790452381.50,0.509,-6.156,-271.25
robot,1790452382.00,0.507,-6.230,-271.29
robot,1790452382.50,0.505,-6.305,-271.31
robot,1790452383.00,0.504,-6.380,-271.34
robot,1790452383.50,0.502,-6.455,-271.38
robot,1790452384.00,0.500,-6.531,-271.41
robot,1790452384.50,0.498,-6.605,-271.43
robot,1790452385.00,0.496,-6.681,-271.41
robot,1790452385.50,0.495,-6.755,-271.43
robot,1790452386.00,0.493,-6.830,-271.47
robot,1790452386.50,0.491,-6.905,-271.49
robot,1790452387.00,0.489,-6.980,-271.51
robot,1790452387.50,0.487,-7.055,-271.53
robot,1790452388.00,0.486,-7.092,-271.50
robot,1790452388.50,0.486,-7.092,-271.47
robot,1790452389.00,0.486,-7.092,-271.47
robot,1790452389.50,0.486,-7.092,-271.45
robot,1790452390.00,0.486,-7.092,-271.44
robot,1790452390.50,0.486,-7.092,-271.42
robot,1790452391.00,0.486,-7.092,-271.41
robot,1790452391.50,0.486,-7.092,-271.40
robot,1790452392.00,0.486,-7.092,-271.40
robot,1790452392.50,0.486,-7.092,-271.39
robot,1790452393.00,0.486,-7.092,-271.38
robot,1790452393.50,0.486,-7.092,-271.38
robot,1790452394.00,0.486,-7.092,-271.37
robot,1790452394.50,0.486,-7.092,-271.35
robot,1790452395.00,0.486,-7.092,-271.34
robot,1790452395.50,0.486,-7.092,-271.34
robot,1790452396.00,0.486,-7.092,-271.34
robot,1790452396.50,0.486,-7.092,-271.31
robot,1790452397.00,0.486,-7.092,-271.32
robot,1790452397.50,0.486,-7.092,-271.29
robot,1790452398.00,0.486,-7.092,-271.27
robot,1790452398.50,0.486,-7.092,-271.25
robot,1790452399.00,0.486,-7.092,-271.23
robot,1790452399.50,0.486,-7.092,-271.20
robot,1790452400.00,0.486,-7.092,-271.20
robot,1790452400.50,0.486,-7.092,-271.20
robot,1790452401.00,0.486,-7.092,-271.20
robot,1790452401.50,0.486,-7.092,-271.18
robot,1790452402.00,0.486,-7.092,-271.16
robot,1790452402.50,0.486,-7.092,-271.17
robot,1790452403.00,0.486,-7.092,-271.16
robot,1790452403.50,0.486,-7.092,-271.16
robot,1790452404.02,0.486,-7.092,-271.14
robot,1790452404.52,0.486,-7.092,-271.13
robot,1790452405.00,0.486,-7.092,-271.11
robot,1790452405.52,0.486,-7.092,-271.09
robot,1790452406.00,0.486,-7.092,-271.09
robot,1790452406.50,0.486,-7.092,-271.09
robot,1790452407.00,0.486,-7.092,-271.08
robot,1790452407.52,0.486,-7.092,-271.07
robot,1790452408.00,0.486,-7.092,-271.08
robot,1790452408.50,0.486,-7.092,-271.09
robot,1790452409.02,0.486,-7.092,-271.08
robot,1790452409.50,0.486,-7.092,-271.08
robot,1790452410.66,0.486,-7.092,-271.06
robot,1790452411.00,0.486,-7.092,-271.06
robot,1790452411.50,0.486,-7.092,-271.05
robot,1790452412.00,0.486,-7.092,-271.05
robot,1790452412.50,0.486,-7.092,-271.05
robot,1790452413.00,0.486,-7.092,-271.07
robot,1790452413.50,0.486,-7.092,-271.07
robot,1790452414.00,0.486,-7.092,-271.05
robot,1790452414.50,0.486,-7.092,-271.04
robot,1790452415.00,0.486,-7.092,-271.02
robot,1790452415.50,0.486,-7.092,-271.00
robot,1790452416.00,0.486,-7.092,-270.99
robot,1790452416.50,0.486,-7.092,-270.97
robot,1790452417.00,0.486,-7.092,-270.96
robot,1790452417.50,0.486,-7.092,-270.96
robot,1790452418.00,0.486,-7.092,-270.95
robot,1790452418.50,0.486,-7.092,-270.95
robot,1790452419.00,0.486,-7.092,-270.94
robot,1790452419.52,0.486,-7.092,-270.93
robot,1790452420.02,0.486,-7.092,-270.92
robot,1790452420.52,0.486,-7.092,-270.92
robot,1790452421.02,0.486,-7.092,-270.93
robot,1790452421.52,0.486,-7.092,-270.92
robot,1790452422.02,0.486,-7.092,-270.91
robot,1790452422.52,0.486,-7.092,-270.91
robot,1790452423.02,0.486,-7.092,-270.90
robot,1790452423.52,0.486,-7.092,-270.88
robot,1790452424.02,0.486,-7.092,-270.85
robot,1790452424.52,0.486,-7.092,-270.84
robot,1790452425.02,0.486,-7.092,-270.82
robot,1790452425.52,0.486,-7.092,-270.82
robot,1790452426.02,0.486,-7.092,-270.78
robot,1790452426.52,0.486,-7.092,-270.78
robot,1790452427.02,0.486,-7.092,-270.78
robot,1790452427.52,0.486,-7.092,-270.75
robot,1790452428.02,0.486,-7.092,-270.75
robot,1790452428.52,0.486,-7.092,-270.73
robot,1790452429.02,0.486,-7.092,-270.72
robot,1790452429.52,0.486,-7.092,-270.72
robot,1790452430.02,0.486,-7.092,-270.71
robot,1790452430.52,0.486,-7.092,-270.70
robot,1790452431.02,0.486,-7.092,-270.70
robot,1790452431.52,0.486,-7.092,-270.68
robot,1790452432.02,0.486,-7.102,-270.73
robot,1790452432.52,0.485,-7.178,-270.71
robot,1790452433.02,0.484,-7.257,-270.73
robot,1790452433.52,0.483,-7.337,-270.74
robot,1790452434.02,0.482,-7.418,-270.74
robot,1790452434.52,0.481,-7.497,-270.77
robot,1790452435.02,0.480,-7.577,-270.77
robot,1790452435.52,0.479,-7.658,-270.79
robot,1790452436.02,0.477,-7.738,-270.82
robot,1790452436.52,0.476,-7.817,-270.80
robot,1790452437.02,0.475,-7.896,-270.80
robot,1790452437.52,0.474,-7.977,-270.81
robot,1790452438.02,0.473,-8.058,-270.84
robot,1790452438.52,0.472,-8.137,-270.91
robot,1790452439.02,0.470,-8.218,-270.91
robot,1790452439.52,0.469,-8.297,-270.93
robot,1790452440.02,0.468,-8.376,-270.93
robot,1790452440.52,0.467,-8.457,-270.95
robot,1790452441.02,0.465,-8.537,-270.95
robot,1790452441.52,0.464,-8.617,-270.93
robot,1790452442.02,0.463,-8.697,-270.99
robot,1790452442.52,0.461,-8.778,-271.01
robot,1790452443.02,0.460,-8.858,-271.03
robot,1790452443.52,0.458,-8.936,-271.07
robot,1790452444.02,0.457,-9.017,-271.05
robot,1790452444.52,0.455,-9.099,-271.10
robot,1790452445.02,0.454,-9.177,-271.08
robot,1790452445.52,0.454,-9.192,-271.09
robot,1790452446.02,0.454,-9.192,-271.10
robot,1790452446.52,0.454,-9.192,-271.09
robot,1790452447.02,0.454,-9.192,-271.09
robot,1790452447.52,0.454,-9.193,-271.08
robot,1790452448.02,0.453,-9.234,-271.09
robot,1790452448.52,0.451,-9.315,-271.10
robot,1790452449.02,0.450,-9.410,-270.74
robot,1790452449.52,0.449,-9.490,-270.47
robot,1790452450.02,0.449,-9.493,-270.54
robot,1790452450.52,0.449,-9.494,-270.54
robot,1790452451.02,0.449,-9.494,-270.50
robot,1790452451.52,0.449,-9.494,-269.24
robot,1790452452.02,0.449,-9.495,-269.16
robot,1790452452.52,0.449,-9.495,-269.16
robot,1790452453.02,0.449,-9.495,-269.16
robot,1790452453.52,0.449,-9.495,-269.16
robot,1790452454.02,0.449,-9.495,-269.14
robot,1790452454.52,0.449,-9.495,-269.25
robot,1790452455.02,0.449,-9.494,-267.28
robot,1790452455.52,0.449,-9.494,-267.27
robot,1790452456.02,0.449,-9.494,-267.28
robot,1790452456.52,0.449,-9.494,-267.28
robot,1790452457.02,0.449,-9.494,-266.04
robot,1790452457.52,0.449,-9.494,-262.74
robot,1790452458.02,0.449,-9.494,-262.71
robot,1790452458.52,0.449,-9.494,-262.71
robot,1790452459.02,0.449,-9.494,-262.70
robot,1790452459.52,0.449,-9.494,-262.68
robot,1790452460.02,0.449,-9.494,-262.67
robot,1790452460.52,0.449,-9.494,-262.67
robot,1790452461.02,0.453,-9.530,-262.58
robot,1790452461.52,0.465,-9.619,-262.46
robot,1790452462.02,0.477,-9.709,-262.36
robot,1790452462.52,0.489,-9.796,-262.36
robot,1790452463.02,0.501,-9.885,-262.33
robot,1790452463.52,0.513,-9.976,-262.34
robot,1790452464.02,0.523,-10.051,-262.37
robot,1790452464.52,0.523,-10.053,-262.33
robot,1790452465.02,0.523,-10.053,-262.31
robot,1790452465.52,0.523,-10.053,-262.30
robot,1790452466.02,0.523,-10.053,-262.30
robot,1790452466.52,0.523,-10.053,-262.29
robot,1790452467.02,0.523,-10.053,-262.25
robot,1790452467.52,0.523,-10.053,-262.25
robot,1790452468.02,0.523,-10.053,-262.25
robot,1790452468.52,0.523,-10.053,-262.24
robot,1790452469.02,0.523,-10.053,-262.24
robot,1790452469.52,0.523,-10.053,-262.25
robot,1790452470.02,0.523,-10.053,-262.26
robot,1790452470.52,0.526,-10.074,-262.26
robot,1790452471.02,0.533,-10.123,-262.31
robot,1790452471.52,0.541,-10.182,-262.29
robot,1790452472.02,0.549,-10.241,-262.29
robot,1790452472.52,0.557,-10.300,-262.28
robot,1790452473.02,0.565,-10.360,-262.33
robot,1790452473.52,0.573,-10.420,-262.37
robot,1790452474.02,0.581,-10.480,-262.37
robot,1790452474.52,0.589,-10.541,-262.36
robot,1790452475.02,0.598,-10.606,-262.39
robot,1790452475.52,0.607,-10.671,-262.42
robot,1790452476.02,0.616,-10.741,-262.44
robot,1790452476.52,0.628,-10.833,-262.44
robot,1790452477.02,0.638,-10.908,-262.47
robot,1790452477.52,0.649,-10.989,-262.43
robot,1790452478.02,0.657,-11.052,-263.87
robot,1790452478.52,0.661,-11.102,-266.38
robot,1790452479.02,0.664,-11.162,-266.45
robot,1790452479.52,0.670,-11.250,-266.54
robot,1790452480.02,0.675,-11.338,-266.58
robot,1790452480.52,0.681,-11.431,-266.60
robot,1790452481.02,0.686,-11.524,-266.65
robot,1790452481.52,0.691,-11.619,-266.70
robot,1790452482.02,0.697,-11.716,-266.74
robot,1790452482.52,0.702,-11.809,-266.69
robot,1790452483.02,0.707,-11.900,-266.83
robot,1790452483.52,0.712,-11.992,-266.90
robot,1790452484.02,0.717,-12.082,-266.91
robot,1790452484.52,0.722,-12.173,-266.91
robot,1790452485.02,0.724,-12.198,-266.92
robot,1790452485.52,0.724,-12.197,-266.92
robot,1790452486.02,0.724,-12.197,-266.90
robot,1790452486.52,0.724,-12.197,-266.90
robot,1790452487.02,0.723,-12.196,-266.96
robot,1790452487.52,0.721,-12.156,-266.90
robot,1790452488.02,0.718,-12.089,-266.90
robot,1790452488.52,0.714,-12.015,-266.86
robot,1790452489.02,0.710,-11.941,-266.85
robot,1790452489.52,0.705,-11.860,-266.75
robot,1790452490.02,0.700,-11.775,-266.71
robot,1790452490.52,0.695,-11.687,-266.64
robot,1790452491.02,0.690,-11.598,-266.64
robot,1790452491.52,0.684,-11.508,-266.60
robot,1790452492.02,0.679,-11.417,-266.52
robot,1790452492.52,0.673,-11.326,-266.46
robot,1790452493.02,0.668,-11.236,-266.45
robot,1790452493.52,0.662,-11.149,-266.39
robot,1790452494.02,0.657,-11.057,-266.33
robot,1790452494.52,0.651,-10.966,-266.26
robot,1790452495.02,0.645,-10.877,-266.20
robot,1790452495.52,0.639,-10.789,-266.20
robot,1790452496.02,0.633,-10.697,-266.14
robot,1790452496.52,0.627,-10.608,-266.07
robot,1790452497.02,0.620,-10.515,-266.02
robot,1790452497.52,0.614,-10.419,-266.00
robot,1790452498.02,0.607,-10.325,-265.94
robot,1790452498.52,0.600,-10.228,-265.91
robot,1790452499.02,0.593,-10.135,-265.84
robot,1790452499.52,0.586,-10.037,-265.85
robot,1790452500.02,0.579,-9.939,-265.78
robot,1790452500.52,0.572,-9.839,-265.73
robot,1790452501.02,0.564,-9.738,-265.74
robot,1790452501.52,0.557,-9.640,-265.65
robot,1790452502.02,0.549,-9.537,-265.63
robot,1790452502.52,0.542,-9.441,-265.60
robot,1790452503.02,0.534,-9.339,-265.52
robot,1790452503.52,0.526,-9.239,-265.50
robot,1790452504.02,0.518,-9.138,-265.46
robot,1790452504.52,0.510,-9.039,-265.35
robot,1790452505.02,0.502,-8.939,-265.34
robot,1790452505.52,0.494,-8.841,-265.27
robot,1790452506.02,0.485,-8.741,-265.20
robot,1790452506.52,0.477,-8.640,-265.18
robot,1790452507.02,0.468,-8.541,-265.12
robot,1790452507.52,0.460,-8.441,-265.10
robot,1790452508.02,0.451,-8.343,-265.07
robot,1790452508.52,0.443,-8.240,-265.01
robot,1790452509.02,0.434,-8.143,-265.01
robot,1790452509.52,0.425,-8.043,-264.97
robot,1790452510.02,0.416,-7.943,-264.88
robot,1790452510.52,0.408,-7.844,-264.85
robot,1790452511.02,0.398,-7.743,-264.80
robot,1790452511.52,0.389,-7.644,-264.75
robot,1790452512.02,0.380,-7.544,-264.71
robot,1790452512.52,0.371,-7.446,-264.65
robot,1790452513.02,0.362,-7.346,-264.59
robot,1790452513.52,0.352,-7.246,-264.55
robot,1790452514.02,0.342,-7.145,-264.51
robot,1790452514.52,0.333,-7.046,-264.46
robot,1790452515.02,0.323,-6.947,-264.44
robot,1790452515.52,0.313,-6.842,-264.37
robot,1790452516.02,0.303,-6.738,-264.37
robot,1790452516.52,0.292,-6.633,-264.28
robot,1790452517.02,0.282,-6.528,-264.25
robot,1790452517.52,0.271,-6.424,-264.25
robot,1790452518.02,0.261,-6.320,-264.17
robot,1790452518.52,0.250,-6.212,-264.13
robot,1790452519.02,0.238,-6.102,-264.08
robot,1790452519.52,0.227,-5.994,-264.03
robot,1790452520.02,0.216,-5.887,-263.94
robot,1790452520.52,0.204,-5.774,-263.91
robot,1790452521.02,0.192,-5.661,-263.83
robot,1790452521.52,0.179,-5.544,-263.72
robot,1790452522.02,0.165,-5.414,-263.74
robot,1790452522.52,0.151,-5.293,-263.65
robot,1790452523.02,0.138,-5.171,-263.62
robot,1790452523.52,0.125,-5.057,-263.56
robot,1790452524.02,0.112,-4.942,-263.47
robot,1790452524.52,0.099,-4.829,-263.44
robot,1790452525.02,0.086,-4.715,-263.36
robot,1790452525.52,0.072,-4.600,-263.34
robot,1790452526.02,0.059,-4.487,-263.73
robot,1790452526.52,0.049,-4.372,-265.95
robot,1790452527.02,0.041,-4.257,-266.17
robot,1790452527.52,0.033,-4.141,-266.18
robot,1790452528.02,0.026,-4.027,-266.25
robot,1790452528.52,0.018,-3.913,-266.22
robot,1790452529.02,0.011,-3.799,-266.20
robot,1790452529.52,0.003,-3.685,-266.17
robot,1790452530.02,-0.005,-3.567,-266.11
robot,1790452530.52,-0.013,-3.454,-266.09
robot,1790452531.02,-0.021,-3.339,-266.03
robot,1790452531.52,-0.028,-3.225,-266.01
robot,1790452532.02,-0.037,-3.105,-265.96
robot,1790452532.52,-0.045,-2.985,-265.94
robot,1790452533.02,-0.054,-2.864,-265.92
robot,1790452533.52,-0.063,-2.744,-265.85
robot,1790452534.02,-0.071,-2.627,-265.80
robot,1790452534.52,-0.080,-2.506,-265.72
robot,1790452535.02,-0.089,-2.386,-265.66
robot,1790452535.52,-0.098,-2.268,-265.68
robot,1790452536.02,-0.107,-2.148,-265.56
robot,1790452536.52,-0.117,-2.028,-265.52
robot,1790452537.02,-0.126,-1.908,-265.49
robot,1790452537.52,-0.136,-1.790,-265.41
robot,1790452538.02,-0.145,-1.670,-265.37
robot,1790452538.52,-0.155,-1.552,-265.30
robot,1790452539.02,-0.164,-1.437,-265.25
robot,1790452539.52,-0.174,-1.322,-265.25
robot,1790452540.02,-0.181,-1.241,-265.20
robot,1790452540.52,-0.181,-1.241,-265.20
robot,1790452541.02,-0.181,-1.240,-265.20
robot,1790452541.52,-0.181,-1.240,-266.88
robot,1790452542.02,-0.181,-1.240,-273.05
robot,1790452542.52,-0.181,-1.240,-279.62
robot,1790452543.02,-0.181,-1.239,-286.34
robot,1790452543.52,-0.181,-1.239,-293.07
robot,1790452544.02,-0.181,-1.240,-299.63
robot,1790452544.52,-0.181,-1.240,-302.24
robot,1790452545.02,-0.178,-1.235,-302.22
robot,1790452545.52,-0.136,-1.169,-302.29
robot,1790452546.02,-0.084,-1.086,-302.32
robot,1790452546.52,-0.031,-1.002,-302.32
robot,1790452547.02,0.022,-0.918,-302.30
robot,1790452547.52,0.076,-0.834,-302.32
robot,1790452548.02,0.130,-0.748,-302.24
robot,1790452548.52,0.173,-0.679,-302.22
robot,1790452549.02,0.181,-0.667,-302.24
robot,1790452549.52,0.181,-0.667,-304.31
robot,1790452550.02,0.181,-0.667,-308.45
robot,1790452550.52,0.180,-0.668,-312.65
robot,1790452551.02,0.180,-0.668,-316.85
robot,1790452551.52,0.180,-0.668,-321.24
robot,1790452552.02,0.180,-0.668,-323.28
robot,1790452552.52,0.197,-0.655,-323.33
robot,1790452553.02,0.261,-0.608,-323.34
robot,1790452553.52,0.327,-0.559,-323.36
robot,1790452554.02,0.395,-0.508,-323.32
robot,1790452554.52,0.457,-0.462,-323.33
robot,1790452555.02,0.460,-0.459,-323.32
robot,1790452555.52,0.459,-0.460,-330.10
robot,1790452556.02,0.461,-0.459,-339.71
robot,1790452556.52,0.460,-0.459,-347.67
robot,1790452557.02,0.464,-0.458,-347.64
robot,1790452557.52,0.517,-0.447,-347.60
robot,1790452558.02,0.600,-0.429,-347.66
robot,1790452558.52,0.687,-0.410,-347.69
robot,1790452559.80,0.881,-0.367,-347.62
robot,1790452560.02,0.880,-0.367,-347.67
robot,1790452560.52,0.880,-0.367,-350.84
robot,1790452561.02,0.881,-0.367,-356.14
robot,1790452561.52,0.881,-0.367,-360.69
robot,1790452562.02,0.880,-0.367,-360.41
robot,1790452562.52,0.887,-0.367,-360.47
robot,1790452563.02,0.910,-0.367,-360.47
robot,1790452563.52,0.955,-0.368,-360.45
robot,1790452564.02,1.005,-0.368,-360.45
robot,1790452564.52,1.035,-0.368,-360.45
robot,1790452565.02,1.069,-0.369,-360.48
robot,1790452565.52,1.114,-0.369,-360.44
robot,1790452566.02,1.156,-0.369,-360.44
robot,1790452566.52,1.196,-0.370,-360.46
robot,1790452567.02,1.235,-0.370,-360.45
robot,1790452567.52,1.276,-0.370,-360.47
robot,1790452568.02,1.316,-0.371,-360.45
robot,1790452568.52,1.356,-0.371,-360.45
robot,1790452569.02,1.396,-0.371,-360.43
robot,1790452569.52,1.435,-0.372,-360.39
robot,1790452570.02,1.471,-0.372,-360.30
robot,1790452570.52,1.470,-0.372,-360.30
robot,1790452571.02,1.470,-0.372,-360.29
robot,1790452571.52,1.469,-0.372,-359.60
robot,1790452572.02,1.469,-0.372,-358.67
robot,1790452572.52,1.469,-0.372,-357.22
robot,1790452573.02,1.468,-0.372,-355.91
robot,1790452573.52,1.484,-0.371,-355.79
robot,1790452574.02,1.573,-0.364,-355.60
robot,1790452574.52,1.663,-0.357,-355.55
robot,1790452575.02,1.750,-0.350,-355.44
robot,1790452575.52,1.834,-0.343,-355.38
robot,1790452576.02,1.918,-0.337,-355.33
robot,1790452576.52,2.000,-0.330,-355.25
robot,1790452577.02,2.080,-0.323,-355.21
robot,1790452577.52,2.159,-0.317,-355.18
robot,1790452578.02,2.239,-0.310,-355.13
robot,1790452578.52,2.319,-0.303,-355.06
robot,1790452579.02,2.397,-0.296,-355.03
robot,1790452579.52,2.478,-0.289,-355.01
robot,1790452580.02,2.559,-0.282,-354.92
robot,1790452580.52,2.639,-0.275,-354.91
robot,1790452581.02,2.719,-0.268,-354.85
robot,1790452581.52,2.794,-0.261,-354.82
robot,1790452582.02,2.868,-0.254,-354.77
robot,1790452582.52,2.939,-0.248,-354.74
robot,1790452583.02,3.005,-0.242,-354.70
robot,1790452583.52,3.085,-0.234,-354.63
robot,1790452584.02,3.165,-0.227,-354.57
robot,1790452584.52,3.249,-0.219,-354.51
robot,1790452585.02,3.333,-0.210,-354.52
robot,1790452585.52,3.426,-0.202,-354.47
robot,1790452586.02,3.517,-0.193,-354.39
robot,1790452586.52,3.611,-0.183,-354.34
robot,1790452587.02,3.704,-0.174,-354.31
robot,1790452587.52,3.802,-0.164,-354.27
robot,1790452588.02,3.896,-0.155,-354.21
robot,1790452588.52,3.990,-0.145,-354.14
robot,1790452589.02,4.085,-0.135,-354.10
robot,1790452589.52,4.178,-0.126,-354.06
robot,1790452590.02,4.274,-0.116,-354.00
robot,1790452590.52,4.369,-0.106,-353.96
robot,1790452591.02,4.464,-0.096,-353.93
robot,1790452591.52,4.557,-0.086,-353.85
robot,1790452592.02,4.652,-0.075,-353.80
robot,1790452592.52,4.748,-0.065,-353.76
robot,1790452593.02,4.842,-0.055,-353.68
robot,1790452593.52,4.936,-0.044,-353.60
robot,1790452594.02,5.030,-0.034,-353.55
robot,1790452594.52,5.124,-0.023,-353.48
robot,1790452595.02,5.218,-0.012,-353.43
robot,1790452595.52,5.314,-0.001,-353.38
robot,1790452596.02,5.408,0.010,-353.35
robot,1790452596.52,5.504,0.021,-353.29
robot,1790452597.02,5.597,0.032,-353.19
robot,1790452597.52,5.693,0.044,-353.16
robot,1790452598.02,5.785,0.055,-353.11
robot,1790452598.52,5.879,0.066,-353.03
robot,1790452599.02,5.974,0.078,-352.99
robot,1790452599.52,6.070,0.090,-352.94
robot,1790452600.60,6.275,0.115,-352.80
robot,1790452601.02,6.351,0.125,-352.77
robot,1790452601.52,6.447,0.137,-352.73
robot,1790452602.02,6.543,0.149,-352.66
robot,1790452602.52,6.637,0.161,-352.60
robot,1790452603.02,6.731,0.174,-352.56
robot,1790452603.52,6.823,0.186,-352.50
robot,1790452604.02,6.918,0.198,-352.45
robot,1790452604.52,7.013,0.211,-352.43
robot,1790452605.02,7.107,0.223,-352.39
robot,1790452605.52,7.203,0.236,-352.31
robot,1790452606.02,7.296,0.249,-352.28
robot,1790452606.52,7.392,0.262,-352.24
robot,1790452607.02,7.486,0.275,-352.21
robot,1790452607.52,7.577,0.287,-352.15
robot,1790452608.02,7.675,0.301,-352.10
robot,1790452608.52,7.768,0.314,-352.06
robot,1790452609.02,7.862,0.327,-351.97
robot,1790452609.52,7.956,0.340,-351.91
robot,1790452610.02,8.050,0.354,-351.86
robot,1790452610.52,8.145,0.367,-351.79
robot,1790452611.02,8.238,0.381,-351.72
robot,1790452611.52,8.334,0.395,-351.64
robot,1790452612.02,8.424,0.408,-351.61
robot,1790452612.52,8.502,0.420,-351.57
robot,1790452613.02,8.583,0.432,-351.52
robot,1790452613.52,8.680,0.446,-351.43
robot,1790452614.02,8.779,0.461,-351.40
robot,1790452614.52,8.878,0.476,-351.32
robot,1790452615.02,8.977,0.491,-351.25
robot,1790452615.52,9.075,0.506,-351.22
robot,1790452616.02,9.174,0.522,-351.13
robot,1790452616.52,9.272,0.537,-351.07
robot,1790452617.02,9.370,0.553,-351.04
robot,1790452617.52,9.470,0.569,-351.00
robot,1790452618.02,9.569,0.584,-350.96
robot,1790452618.52,9.667,0.600,-350.88
robot,1790452619.02,9.756,0.614,-350.78
robot,1790452619.52,9.844,0.628,-350.71
robot,1790452620.02,9.932,0.643,-350.67
robot,1790452620.52,10.021,0.658,-350.63
robot,1790452621.02,10.111,0.673,-350.57
robot,1790452621.52,10.201,0.688,-350.50
robot,1790452622.02,10.289,0.702,-350.43
robot,1790452622.52,10.378,0.717,-350.38
robot,1790452623.02,10.466,0.732,-350.33
robot,1790452623.52,10.556,0.748,-350.27
robot,1790452624.02,10.644,0.763,-350.21
robot,1790452624.52,10.733,0.778,-350.15
robot,1790452625.02,10.781,0.786,-350.11
robot,1790452625.52,10.780,0.786,-350.08
robot,1790452626.02,10.780,0.786,-350.05
robot,1790452626.52,10.780,0.786,-350.02
robot,1790452627.02,10.780,0.786,-349.99
robot,1790452627.52,10.780,0.786,-349.97
robot,1790452628.02,10.784,0.787,-349.93
robot,1790452628.52,10.855,0.800,-349.88
robot,1790452629.02,10.947,0.816,-349.81
robot,1790452629.52,11.003,0.826,-349.76
robot,1790452630.02,11.002,0.826,-349.73
robot,1790452630.52,11.002,0.826,-349.71
robot,1790452631.02,11.002,0.826,-349.70
robot,1790452631.52,11.001,0.826,-349.68
robot,1790452632.02,10.981,0.822,-349.67
robot,1790452632.52,10.938,0.815,-349.69
robot,1790452633.02,10.875,0.803,-349.69
robot,1790452633.52,10.800,0.789,-349.66
robot,1790452634.02,10.748,0.780,-349.68
robot,1790452634.52,10.750,0.780,-349.60
robot,1790452635.02,10.750,0.780,-349.59
robot,1790452635.52,10.750,0.780,-349.57
robot,1790452636.02,10.750,0.780,-349.57
robot,1790452636.52,10.750,0.780,-349.53
robot,1790452637.02,10.750,0.780,-349.51
robot,1790452637.52,10.750,0.780,-349.50
robot,1790452638.02,10.750,0.780,-349.48
robot,1790452638.52,10.747,0.780,-349.45
robot,1790452639.02,10.691,0.769,-349.43
robot,1790452639.52,10.613,0.755,-349.44
robot,1790452640.02,10.562,0.745,-349.42
robot,1790452640.52,10.562,0.745,-349.37
robot,1790452641.02,10.562,0.745,-349.36
robot,1790452641.52,10.562,0.745,-349.33
robot,1790452642.02,10.562,0.745,-349.29
robot,1790452642.52,10.562,0.745,-349.27
robot,1790452643.02,10.562,0.745,-349.24
robot,1790452643.52,10.562,0.745,-349.20
robot,1790452644.02,10.559,0.745,-349.18
robot,1790452644.52,10.509,0.735,-349.16
robot,1790452645.02,10.413,0.717,-349.14
robot,1790452645.52,10.318,0.698,-349.11
robot,1790452646.02,10.298,0.695,-349.04
robot,1790452646.52,10.298,0.695,-349.03
robot,1790452647.02,10.298,0.695,-349.01
robot,1790452647.52,10.298,0.695,-348.98
robot,1790452648.02,10.298,0.695,-348.95
robot,1790452648.52,10.298,0.695,-348.93
robot,1790452649.02,10.298,0.695,-348.92
robot,1790452649.52,10.298,0.695,-348.88
robot,1790452650.02,10.298,0.695,-348.84
robot,1790452650.52,10.298,0.695,-348.78
robot,1790452651.02,10.298,0.694,-348.04
robot,1790452651.52,10.298,0.694,-341.00
robot,1790452652.02,10.298,0.695,-332.85
robot,1790452652.52,10.298,0.694,-324.45
robot,1790452653.02,10.299,0.695,-315.96
robot,1790452653.52,10.298,0.694,-307.43
robot,1790452654.02,10.298,0.694,-298.96
robot,1790452654.52,10.298,0.694,-290.49
robot,1790452655.02,10.298,0.694,-281.82
robot,1790452655.52,10.298,0.693,-273.27
robot,1790452656.02,10.298,0.694,-264.67
robot,1790452656.52,10.298,0.695,-255.81
robot,1790452657.02,10.298,0.695,-252.25
robot,1790452657.52,10.298,0.695,-252.28
robot,1790452658.02,10.298,0.695,-252.28
robot,1790452658.52,10.298,0.695,-252.29
robot,1790452659.02,10.298,0.695,-252.31
robot,1790452659.52,10.298,0.695,-252.31
robot,1790452660.02,10.298,0.694,-249.15
robot,1790452660.52,10.298,0.694,-236.65
robot,1790452661.02,10.297,0.695,-228.99
robot,1790452661.52,10.297,0.695,-229.00
robot,1790452662.02,10.298,0.694,-229.00
robot,1790452662.52,10.298,0.694,-229.00
robot,1790452663.02,10.298,0.694,-229.00
robot,1790452663.52,10.298,0.694,-229.01
robot,1790452664.02,10.297,0.695,-226.79
robot,1790452664.52,10.296,0.695,-214.04
robot,1790452665.02,10.297,0.694,-207.39
robot,1790452665.52,10.297,0.694,-207.41
robot,1790452666.02,10.297,0.694,-207.42
robot,1790452666.52,10.297,0.694,-207.44
robot,1790452667.02,10.297,0.694,-207.43
robot,1790452667.52,10.297,0.694,-207.42
robot,1790452668.02,10.297,0.694,-203.77
robot,1790452668.52,10.298,0.694,-194.24
robot,1790452669.02,10.298,0.694,-194.28
robot,1790452669.52,10.298,0.694,-194.28
robot,1790452670.02,10.298,0.694,-194.28
robot,1790452670.52,10.298,0.694,-194.28
robot,1790452671.02,10.298,0.694,-194.29
robot,1790452671.52,10.298,0.694,-194.28
robot,1790452672.02,10.297,0.694,-186.25
robot,1790452672.52,10.298,0.694,-186.88
robot,1790452673.02,10.298,0.694,-186.89
robot,1790452673.52,10.298,0.694,-186.90
robot,1790452674.02,10.298,0.694,-186.90
robot,1790452674.52,10.298,0.694,-184.84
robot,1790452675.02,10.298,0.694,-184.83
robot,1790452675.52,10.298,0.694,-184.81
robot,1790452676.02,10.298,0.694,-184.79
robot,1790452676.52,10.298,0.694,-184.80
robot,1790452677.02,10.298,0.694,-184.80
robot,1790452677.52,10.298,0.694,-184.80
robot,1790452678.02,10.298,0.694,-180.65
robot,1790452678.52,10.298,0.694,-181.07
robot,1790452679.02,10.298,0.694,-181.08
robot,1790452679.52,10.298,0.694,-181.08
robot,1790452680.02,10.298,0.694,-181.08
robot,1790452680.52,10.298,0.694,-181.08
robot,1790452681.02,10.298,0.694,-181.06
robot,1790452681.52,10.298,0.694,-181.06
robot,1790452682.02,10.298,0.694,-181.07
robot,1790452682.52,10.232,0.695,-180.90
robot,1790452683.02,10.129,0.697,-180.81
robot,1790452683.52,10.028,0.698,-180.66
robot,1790452684.02,9.922,0.699,-180.62
robot,1790452684.52,9.816,0.700,-180.53
robot,1790452685.02,9.715,0.701,-180.38
robot,1790452685.52,9.612,0.702,-180.46
robot,1790452686.02,9.509,0.702,-180.37
robot,1790452686.52,9.404,0.703,-180.29
robot,1790452687.02,9.301,0.704,-180.27
robot,1790452687.52,9.197,0.704,-180.21
robot,1790452688.02,9.096,0.704,-180.22
robot,1790452688.52,8.994,0.705,-180.14
robot,1790452689.02,8.889,0.705,-180.07
robot,1790452689.52,8.789,0.705,-180.03
robot,1790452690.02,8.686,0.705,-179.97
robot,1790452690.52,8.581,0.705,-179.94
robot,1790452691.02,8.478,0.705,-179.88
robot,1790452691.52,8.371,0.704,-179.81
robot,1790452692.02,8.269,0.704,-179.78
robot,1790452692.52,8.167,0.704,-179.73
robot,1790452693.02,8.063,0.703,-179.72
robot,1790452693.52,7.958,0.703,-179.66
robot,1790452694.02,7.854,0.702,-179.58
robot,1790452694.52,7.749,0.701,-179.55
robot,1790452695.02,7.646,0.700,-179.52
robot,1790452695.52,7.542,0.699,-179.52
robot,1790452696.02,7.437,0.698,-179.45
robot,1790452696.52,7.331,0.697,-179.43
robot,1790452697.02,7.228,0.696,-179.35
robot,1790452697.52,7.122,0.695,-179.31
robot,1790452698.02,7.018,0.694,-179.27
robot,1790452698.52,6.913,0.692,-179.21
robot,1790452699.02,6.810,0.691,-179.19
robot,1790452699.52,6.703,0.689,-179.09
robot,1790452700.02,6.597,0.688,-179.07
robot,1790452700.52,6.492,0.686,-179.04
robot,1790452701.02,6.387,0.684,-179.00
robot,1790452701.52,6.281,0.682,-178.99
robot,1790452702.02,6.176,0.680,-178.91
robot,1790452702.52,6.072,0.678,-178.89
robot,1790452703.02,5.967,0.676,-178.82
robot,1790452703.52,5.862,0.674,-178.80
robot,1790452704.02,5.756,0.672,-178.77
robot,1790452704.52,5.651,0.670,-178.73
robot,1790452705.02,5.546,0.667,-178.71
robot,1790452705.52,5.443,0.665,-178.64
robot,1790452706.02,5.334,0.662,-178.66
robot,1790452706.52,5.224,0.660,-178.57
robot,1790452707.02,5.114,0.657,-178.56
robot,1790452707.52,5.005,0.654,-178.50
robot,1790452708.02,4.896,0.651,-178.46
robot,1790452708.52,4.822,0.649,-178.42
robot,1790452709.02,4.823,0.649,-178.40
robot,1790452709.52,4.822,0.649,-176.75
robot,1790452710.02,4.823,0.649,-169.76
robot,1790452710.52,4.823,0.649,-169.76
robot,1790452711.02,4.763,0.639,-169.67
robot,1790452711.52,4.670,0.621,-169.56
robot,1790452712.02,4.576,0.604,-169.46
robot,1790452712.52,4.482,0.587,-169.34
robot,1790452713.02,4.390,0.569,-169.29
robot,1790452713.52,4.296,0.551,-169.20
robot,1790452714.02,4.204,0.534,-169.16
robot,1790452714.52,4.110,0.516,-169.10
robot,1790452715.02,4.015,0.497,-169.04
robot,1790452715.52,3.922,0.479,-169.00
robot,1790452716.02,3.827,0.461,-168.91
robot,1790452716.52,3.733,0.442,-168.90
robot,1790452717.02,3.642,0.424,-168.89
robot,1790452717.52,3.549,0.406,-168.85
robot,1790452718.02,3.456,0.388,-168.83
robot,1790452718.52,3.362,0.369,-168.79
robot,1790452719.02,3.268,0.351,-168.74
robot,1790452719.52,3.176,0.332,-168.69
robot,1790452720.02,3.083,0.314,-168.65
robot,1790452720.52,2.984,0.294,-168.59
robot,1790452721.02,2.886,0.274,-168.53
robot,1790452721.52,2.789,0.254,-168.49
robot,1790452722.02,2.689,0.234,-168.46
robot,1790452722.52,2.592,0.214,-168.42
robot,1790452723.02,2.494,0.194,-168.39
robot,1790452723.52,2.398,0.174,-168.34
robot,1790452724.02,2.378,0.170,-168.36
robot,1790452724.52,2.378,0.170,-168.34
robot,1790452725.02,2.379,0.170,-161.62
robot,1790452725.52,2.379,0.170,-161.44
robot,1790452726.02,2.343,0.158,-161.29
robot,1790452726.52,2.229,0.120,-161.06
robot,1790452727.02,2.121,0.084,-163.11
robot,1790452727.52,2.124,0.085,-162.92
robot,1790452728.02,2.124,0.085,-162.91
robot,1790452728.52,2.140,0.090,-162.69
robot,1790452729.02,2.183,0.104,-162.63
robot,1790452729.52,2.226,0.117,-162.60
robot,1790452730.02,2.269,0.130,-162.60
robot,1790452730.52,2.312,0.144,-162.62
robot,1790452731.02,2.330,0.150,-162.60
robot,1790452731.52,2.330,0.149,-162.61
robot,1790452732.02,2.330,0.150,-162.62
robot,1790452732.52,2.330,0.150,-162.61
robot,1790452733.02,2.330,0.150,-162.61
robot,1790452733.52,2.330,0.150,-162.60
robot,1790452734.02,2.330,0.150,-162.59
robot,1790452734.52,2.330,0.150,-162.58
robot,1790452735.02,2.330,0.150,-162.58
robot,1790452735.52,2.330,0.150,-162.58
robot,1790452736.02,2.330,0.150,-162.57
robot,1790452736.52,2.330,0.150,-162.57
robot,1790452737.02,2.330,0.150,-162.58
robot,1790452737.52,2.330,0.150,-162.59
robot,1790452738.02,2.330,0.150,-162.61
robot,1790452738.52,2.330,0.150,-162.61
robot,1790452739.02,2.330,0.150,-162.60
robot,1790452739.52,2.330,0.150,-162.62
robot,1790452740.02,2.330,0.150,-162.62
robot,1790452740.52,2.330,0.150,-162.62
robot,1790452741.02,2.330,0.150,-162.61
robot,1790452741.52,2.330,0.150,-162.60
robot,1790452742.02,2.335,0.151,-162.61
robot,1790452742.52,2.383,0.166,-162.62
robot,1790452743.02,2.421,0.178,-162.60
robot,1790452743.52,2.462,0.191,-162.62
robot,1790452744.02,2.506,0.205,-162.61
robot,1790452744.52,2.551,0.219,-162.64
robot,1790452745.02,2.600,0.234,-162.65
robot,1790452745.52,2.646,0.249,-162.65
robot,1790452746.02,2.668,0.255,-162.63
robot,1790452746.52,2.670,0.256,-161.72
robot,1790452747.02,2.684,0.261,-156.08
robot,1790452747.52,2.696,0.267,-150.64
robot,1790452748.02,2.709,0.275,-145.00
robot,1790452748.52,2.715,0.280,-144.23
robot,1790452749.02,2.664,0.243,-144.08
robot,1790452749.52,2.580,0.182,-143.95
robot,1790452750.02,2.496,0.121,-143.94
robot,1790452750.52,2.423,0.068,-143.88
robot,1790452751.02,2.343,0.009,-143.69
robot,1790452751.52,2.257,-0.055,-143.65
robot,1790452752.02,2.169,-0.119,-143.53
robot,1790452752.52,2.082,-0.184,-143.51
robot,1790452753.02,1.992,-0.250,-143.43
robot,1790452753.52,1.903,-0.317,-143.39
robot,1790452754.02,1.836,-0.366,-143.31
robot,1790452754.52,1.839,-0.364,-143.30
robot,1790452755.02,1.839,-0.364,-143.30
robot,1790452755.52,1.839,-0.364,-143.29
robot,1790452756.02,1.839,-0.364,-143.29
robot,1790452756.52,1.838,-0.364,-143.31
robot,1790452757.02,1.838,-0.364,-143.32
robot,1790452757.52,1.838,-0.364,-143.31
robot,1790452758.02,1.838,-0.364,-143.33
robot,1790452758.52,1.838,-0.364,-143.34
robot,1790452759.02,1.839,-0.364,-149.09
robot,1790452759.52,1.839,-0.364,-155.84
robot,1790452760.02,1.839,-0.364,-161.91
robot,1790452760.52,1.838,-0.364,-167.42
robot,1790452761.02,1.838,-0.364,-169.33
robot,1790452761.52,1.776,-0.376,-169.44
robot,1790452762.02,1.624,-0.405,-169.43
robot,1790452762.52,1.462,-0.435,-169.47
robot,1790452763.02,1.296,-0.465,-169.45
robot,1790452763.52,1.136,-0.495,-169.34
robot,1790452764.02,0.973,-0.526,-169.30
robot,1790452764.52,0.812,-0.557,-169.24
robot,1790452765.02,0.649,-0.588,-169.16
robot,1790452765.52,0.486,-0.619,-169.13
robot,1790452766.02,0.324,-0.650,-169.06
robot,1790452766.52,0.191,-0.676,-169.05
robot,1790452767.02,0.189,-0.676,-169.03
robot,1790452767.52,0.189,-0.676,-169.31
robot,1790452768.02,0.189,-0.676,-169.77
robot,1790452768.52,0.189,-0.676,-172.17
robot,1790452769.02,0.189,-0.676,-172.06
robot,1790452769.52,0.189,-0.676,-172.06
robot,1790452770.02,0.189,-0.676,-172.06
robot,1790452770.52,0.189,-0.676,-172.05
robot,1790452771.02,0.189,-0.676,-172.05
robot,1790452771.52,0.189,-0.676,-176.82
robot,1790452772.02,0.188,-0.676,-184.01
robot,1790452772.52,0.189,-0.676,-191.25
robot,1790452773.02,0.189,-0.676,-198.36
robot,1790452773.52,0.188,-0.676,-205.39
robot,1790452774.02,0.189,-0.677,-212.18
robot,1790452774.52,0.189,-0.677,-219.43
robot,1790452775.02,0.188,-0.676,-228.34
robot,1790452775.52,0.189,-0.677,-237.77
robot,1790452776.02,0.189,-0.676,-246.66
robot,1790452776.52,0.189,-0.676,-255.54
robot,1790452777.02,0.189,-0.676,-263.31
robot,1790452777.52,0.189,-0.677,-263.74
robot,1790452778.02,0.189,-0.681,-263.84
robot,1790452778.52,0.194,-0.728,-263.86
robot,1790452779.02,0.201,-0.786,-263.90
robot,1790452779.86,0.213,-0.898,-264.01
robot,1790452780.02,0.215,-0.926,-264.01
robot,1790452780.52,0.225,-1.021,-264.05
robot,1790452781.02,0.235,-1.115,-264.12
robot,1790452781.52,0.247,-1.229,-264.21
robot,1790452782.02,0.258,-1.341,-264.18
robot,1790452782.52,0.270,-1.457,-264.34
robot,1790452783.02,0.282,-1.579,-264.38
robot,1790452783.52,0.294,-1.703,-264.41
robot,1790452784.02,0.306,-1.827,-264.53
robot,1790452784.52,0.318,-1.951,-264.53
robot,1790452785.02,0.330,-2.078,-264.71
robot,1790452785.52,0.341,-2.201,-264.63
robot,1790452786.02,0.354,-2.326,-263.58
robot,1790452786.52,0.373,-2.453,-259.32
robot,1790452787.02,0.398,-2.577,-258.59
robot,1790452787.52,0.423,-2.703,-258.47
robot,1790452788.02,0.449,-2.832,-258.45
robot,1790452788.52,0.475,-2.960,-258.55
robot,1790452789.02,0.502,-3.089,-258.51
robot,1790452789.52,0.527,-3.215,-258.52
robot,1790452790.02,0.553,-3.342,-258.54
robot,1790452790.52,0.578,-3.469,-258.65
robot,1790452791.02,0.604,-3.596,-258.55
robot,1790452791.52,0.630,-3.725,-258.63
robot,1790452792.02,0.656,-3.852,-258.61
robot,1790452792.52,0.681,-3.979,-258.70
robot,1790452793.02,0.707,-4.108,-258.62
robot,1790452793.52,0.733,-4.236,-258.66
robot,1790452794.02,0.758,-4.362,-258.71
robot,1790452794.52,0.784,-4.491,-258.77
robot,1790452795.02,0.809,-4.618,-258.82
robot,1790452795.52,0.834,-4.746,-258.85
robot,1790452796.02,0.859,-4.874,-258.92
robot,1790452796.52,0.884,-5.002,-258.97
robot,1790452797.02,0.909,-5.129,-259.03
robot,1790452797.52,0.934,-5.256,-259.07
robot,1790452798.02,0.959,-5.386,-259.11
robot,1790452798.52,0.983,-5.514,-259.12
robot,1790452799.02,1.008,-5.642,-259.23
robot,1790452799.52,1.032,-5.767,-259.26
robot,1790452800.02,1.056,-5.895,-259.25
robot,1790452800.52,1.080,-6.025,-259.26
robot,1790452801.02,1.105,-6.153,-259.35
robot,1790452801.52,1.129,-6.280,-259.35
robot,1790452802.02,1.153,-6.408,-259.38
robot,1790452802.52,1.176,-6.535,-259.44
robot,1790452803.02,1.200,-6.663,-259.51
robot,1790452803.52,1.224,-6.791,-259.54
robot,1790452804.02,1.248,-6.919,-259.53
robot,1790452804.52,1.271,-7.048,-259.64
robot,1790452805.02,1.295,-7.176,-259.69
robot,1790452805.52,1.318,-7.306,-259.73
robot,1790452806.02,1.341,-7.434,-259.70
robot,1790452806.52,1.365,-7.561,-259.72
robot,1790452807.02,1.388,-7.693,-259.78
robot,1790452807.52,1.412,-7.825,-259.87
robot,1790452808.02,1.436,-7.960,-259.85
robot,1790452808.52,1.461,-8.098,-259.87
robot,1790452809.02,1.486,-8.236,-259.87
robot,1790452809.52,1.510,-8.373,-259.90
robot,1790452810.02,1.535,-8.511,-259.91
robot,1790452810.52,1.559,-8.646,-259.94
robot,1790452811.02,1.561,-8.662,-259.87
robot,1790452811.52,1.561,-8.662,-259.88
robot,1790452812.02,1.557,-8.635,-259.83
robot,1790452812.52,1.544,-8.563,-259.80
robot,1790452813.02,1.527,-8.467,-259.72
robot,1790452813.52,1.508,-8.364,-259.72
robot,1790452814.02,1.489,-8.261,-259.66
robot,1790452814.52,1.470,-8.157,-259.65
robot,1790452815.02,1.451,-8.054,-259.61
robot,1790452816.14,1.408,-7.819,-259.50
robot,1790452816.52,1.393,-7.741,-259.44
robot,1790452817.02,1.374,-7.635,-259.41
robot,1790452817.52,1.353,-7.527,-259.35
robot,1790452818.02,1.333,-7.417,-259.33
robot,1790452818.52,1.312,-7.309,-259.25
robot,1790452819.02,1.292,-7.202,-259.25
robot,1790452819.52,1.271,-7.093,-259.20
robot,1790452820.02,1.250,-6.984,-259.15
robot,1790452820.52,1.229,-6.875,-259.10
robot,1790452821.02,1.209,-6.767,-259.06
robot,1790452821.52,1.188,-6.661,-259.00
robot,1790452822.02,1.167,-6.551,-259.01
robot,1790452822.52,1.145,-6.441,-258.91
robot,1790452823.02,1.124,-6.334,-258.90
robot,1790452823.52,1.103,-6.227,-258.83
robot,1790452824.02,1.082,-6.119,-258.82
robot,1790452824.52,1.059,-6.001,-258.72
robot,1790452825.02,1.034,-5.877,-258.75
robot,1790452825.52,1.008,-5.747,-258.65
robot,1790452826.02,0.981,-5.613,-258.60
robot,1790452826.52,0.952,-5.470,-258.53
robot,1790452827.02,0.924,-5.333,-258.47
robot,1790452827.52,0.893,-5.182,-258.39
robot,1790452828.02,0.862,-5.034,-258.34
robot,1790452828.52,0.832,-4.889,-258.28
robot,1790452829.02,0.802,-4.742,-258.24
robot,1790452829.52,0.771,-4.593,-258.20
robot,1790452830.02,0.740,-4.446,-258.13
robot,1790452830.52,0.709,-4.301,-258.08
robot,1790452831.02,0.679,-4.157,-258.04
robot,1790452831.52,0.648,-4.011,-258.02
robot,1790452832.02,0.616,-3.861,-257.98
robot,1790452832.52,0.584,-3.712,-257.90
robot,1790452833.02,0.553,-3.566,-257.86
robot,1790452833.52,0.521,-3.421,-257.83
robot,1790452834.02,0.490,-3.275,-257.78
robot,1790452834.52,0.458,-3.126,-257.73
robot,1790452835.02,0.426,-2.980,-257.64
robot,1790452835.52,0.394,-2.835,-257.61
robot,1790452836.40,0.337,-2.576,-257.55
robot,1790452836.52,0.329,-2.541,-257.52
robot,1790452837.02,0.295,-2.390,-257.44
robot,1790452837.52,0.262,-2.240,-257.38
robot,1790452838.02,0.230,-2.096,-257.33
robot,1790452838.52,0.197,-1.949,-257.29
robot,1790452839.02,0.164,-1.803,-257.22
robot,1790452839.52,0.130,-1.656,-257.18
robot,1790452840.02,0.097,-1.508,-257.15
robot,1790452840.52,0.063,-1.362,-257.09
robot,1790452841.02,0.033,-1.229,-257.05
robot,1790452841.52,0.028,-1.208,-257.05
robot,1790452842.02,0.028,-1.208,-257.04
robot,1790452842.52,0.027,-1.206,-264.64
robot,1790452843.02,0.027,-1.206,-271.54
robot,1790452843.52,0.027,-1.207,-277.06
robot,1790452844.02,0.027,-1.207,-283.52
robot,1790452844.52,0.027,-1.207,-290.20
robot,1790452845.02,0.027,-1.207,-296.76
robot,1790452845.52,0.028,-1.206,-303.64
robot,1790452846.02,0.028,-1.206,-310.81
robot,1790452846.52,0.027,-1.206,-318.69
robot,1790452847.02,0.027,-1.207,-329.77
robot,1790452847.52,0.025,-1.207,-337.60
robot,1790452848.02,0.038,-1.202,-339.21
robot,1790452848.52,0.082,-1.186,-339.22
robot,1790452849.02,0.150,-1.160,-339.26
robot,1790452849.52,0.229,-1.130,-339.27
robot,1790452850.02,0.318,-1.096,-339.28
robot,1790452850.52,0.409,-1.062,-339.29
robot,1790452851.02,0.508,-1.024,-339.34
robot,1790452851.52,0.610,-0.986,-339.38
robot,1790452852.02,0.712,-0.947,-339.37
robot,1790452852.52,0.817,-0.908,-339.34
robot,1790452853.02,0.923,-0.868,-339.33
robot,1790452853.52,1.033,-0.826,-339.31
robot,1790452854.02,1.138,-0.787,-340.13
robot,1790452854.52,1.233,-0.757,-344.89
robot,1790452855.02,1.320,-0.737,-349.52
robot,1790452855.52,1.392,-0.726,-353.68
robot,1790452856.02,1.398,-0.725,-353.80
robot,1790452856.52,1.393,-0.726,-353.82
robot,1790452857.02,1.353,-0.730,-353.50
robot,1790452857.52,1.296,-0.737,-351.92
robot,1790452858.02,1.233,-0.749,-347.92
robot,1790452858.52,1.226,-0.751,-348.09
robot,1790452859.02,1.205,-0.755,-349.69
robot,1790452859.52,1.167,-0.761,-349.86
robot,1790452860.02,1.120,-0.769,-351.76
robot,1790452860.52,1.068,-0.776,-352.57
robot,1790452861.02,0.998,-0.785,-352.67
robot,1790452861.52,0.923,-0.795,-352.74
robot,1790452862.02,0.843,-0.805,-352.80
robot,1790452862.52,0.759,-0.816,-352.82
robot,1790452863.02,0.672,-0.827,-352.60
robot,1790452863.52,0.580,-0.839,-351.71
robot,1790452864.02,0.487,-0.853,-351.69
robot,1790452864.52,0.393,-0.867,-351.65
robot,1790452865.02,0.298,-0.881,-351.59
robot,1790452865.52,0.204,-0.894,-351.61
robot,1790452866.02,0.111,-0.908,-351.62
robot,1790452866.52,0.015,-0.922,-351.62
robot,1790452867.02,-0.076,-0.936,-351.62
robot,1790452867.52,-0.164,-0.949,-351.66
robot,1790452868.02,-0.214,-0.956,-351.63
robot,1790452868.52,-0.212,-0.956,-351.62
robot,1790452869.02,-0.212,-0.956,-351.63
robot,1790452869.52,-0.212,-0.956,-351.64
robot,1790452870.02,-0.212,-0.956,-351.64
robot,1790452870.52,-0.212,-0.956,-351.64
robot,1790452871.02,-0.212,-0.956,-351.64
robot,1790452871.52,-0.212,-0.956,-351.64
robot,1790452872.02,-0.212,-0.956,-351.63
robot,1790452872.52,-0.212,-0.956,-351.62
robot,1790452873.02,-0.212,-0.956,-351.64
robot,1790452873.52,-0.212,-0.956,-351.62
robot,1790452874.02,-0.212,-0.956,-351.63
robot,1790452874.52,-0.212,-0.956,-351.63
robot,1790452875.02,-0.212,-0.956,-351.64
robot,1790452875.52,-0.212,-0.956,-351.62
robot,1790452876.02,-0.212,-0.956,-351.61
robot,1790452876.52,-0.212,-0.956,-351.61
robot,1790452877.02,-0.212,-0.956,-351.62
robot,1790452877.52,-0.212,-0.956,-351.62
robot,1790452878.02,-0.212,-0.956,-351.62
robot,1790452878.52,-0.212,-0.956,-351.63
robot,1790452879.02,-0.212,-0.956,-351.64
robot,1790452879.52,-0.212,-0.956,-351.62
robot,1790452880.02,-0.212,-0.956,-351.63
robot,1790452880.52,-0.212,-0.956,-351.61
robot,1790452881.02,-0.212,-0.956,-351.61
robot,1790452881.52,-0.212,-0.956,-351.58
robot,1790452882.02,-0.212,-0.956,-351.56
robot,1790452882.52,-0.212,-0.956,-351.58
robot,1790452883.02,-0.212,-0.956,-351.57
robot,1790452883.52,-0.212,-0.956,-351.57
robot,1790452884.02,-0.212,-0.956,-351.56
robot,1790452884.52,-0.212,-0.956,-351.55
robot,1790452885.02,-0.212,-0.956,-351.54
robot,1790452885.52,-0.212,-0.956,-351.55
robot,1790452886.02,-0.212,-0.956,-351.55
robot,1790452886.52,-0.212,-0.956,-351.54
robot,1790452887.02,-0.212,-0.956,-351.54
robot,1790452887.52,-0.212,-0.956,-351.54
robot,1790452888.02,-0.212,-0.956,-351.53
robot,1790452888.52,-0.212,-0.956,-351.55
robot,1790452889.02,-0.212,-0.956,-351.55
robot,1790452889.52,-0.212,-0.956,-351.54
robot,1790452890.02,-0.212,-0.956,-351.51
robot,1790452890.52,-0.212,-0.956,-351.52
robot,1790452891.02,-0.212,-0.956,-351.52
robot,1790452891.52,-0.212,-0.956,-351.49
robot,1790452892.02,-0.212,-0.956,-351.51
robot,1790452892.52,-0.212,-0.956,-351.50
robot,1790452893.02,-0.212,-0.956,-351.50
robot,1790452893.52,-0.212,-0.956,-351.51
robot,1790452894.02,-0.212,-0.956,-351.49
robot,1790452894.52,-0.212,-0.956,-351.49
robot,1790452895.02,-0.212,-0.956,-351.48
robot,1790452895.52,-0.212,-0.956,-351.47
robot,1790452896.02,-0.212,-0.956,-351.47
robot,1790452896.52,-0.212,-0.956,-351.49
robot,1790452897.02,-0.212,-0.956,-351.50
robot,1790452897.52,-0.212,-0.956,-351.50
robot,1790452898.02,-0.212,-0.956,-351.49
robot,1790452898.52,-0.212,-0.956,-351.49
robot,1790452899.02,-0.212,-0.956,-351.49
robot,1790452899.52,-0.212,-0.956,-351.51
robot,1790452900.02,-0.212,-0.956,-351.51
robot,1790452900.52,-0.212,-0.956,-351.52
robot,1790452901.02,-0.212,-0.956,-351.51
robot,1790452901.52,-0.212,-0.956,-351.51
robot,1790452902.02,-0.212,-0.956,-351.51
robot,1790452902.52,-0.212,-0.956,-351.51
robot,1790452903.02,-0.212,-0.956,-351.51
robot,1790452903.52,-0.212,-0.956,-351.49
robot,1790452904.02,-0.212,-0.956,-351.50
robot,1790452904.52,-0.212,-0.956,-351.49
robot,1790452905.02,-0.212,-0.956,-351.48
robot,1790452905.52,-0.212,-0.956,-351.47
robot,1790452906.02,-0.212,-0.956,-351.47
robot,1790452906.52,-0.212,-0.956,-351.47
robot,1790452907.02,-0.212,-0.956,-351.47
robot,1790452907.52,-0.212,-0.956,-351.46
robot,1790452908.02,-0.212,-0.956,-351.43
robot,1790452908.52,-0.212,-0.956,-351.41
robot,1790452909.02,-0.212,-0.956,-351.42
robot,1790452909.52,-0.212,-0.956,-351.41
robot,1790452910.02,-0.212,-0.956,-351.41
robot,1790452910.52,-0.212,-0.956,-351.41
robot,1790452911.02,-0.212,-0.956,-351.42
robot,1790452911.52,-0.212,-0.956,-351.41
robot,1790452912.02,-0.212,-0.956,-351.42
robot,1790452912.52,-0.212,-0.956,-351.44
robot,1790452913.02,-0.212,-0.956,-351.46
robot,1790452913.52,-0.212,-0.956,-351.45
robot,1790452914.02,-0.212,-0.956,-351.43
robot,1790452914.52,-0.212,-0.956,-351.43
robot,1790452915.02,-0.212,-0.956,-351.44
robot,1790452915.52,-0.212,-0.956,-351.44
robot,1790452916.02,-0.212,-0.956,-351.44
robot,1790452916.52,-0.212,-0.956,-351.45
robot,1790452917.02,-0.212,-0.956,-351.46
robot,1790452917.52,-0.212,-0.956,-351.46
robot,1790452918.02,-0.212,-0.956,-351.46
robot,1790452918.52,-0.212,-0.956,-351.47
robot,1790452919.02,-0.212,-0.956,-351.48
robot,1790452919.52,-0.212,-0.956,-351.48
robot,1790452920.02,-0.212,-0.956,-351.48
robot,1790452920.52,-0.212,-0.956,-351.47
robot,1790452921.02,-0.212,-0.956,-351.47
robot,1790452921.52,-0.212,-0.956,-351.47
robot,1790452922.02,-0.212,-0.956,-351.47
robot,1790452922.52,-0.212,-0.956,-351.48
robot,1790452923.02,-0.212,-0.956,-351.48
robot,1790452923.52,-0.212,-0.956,-351.48
robot,1790452924.02,-0.212,-0.956,-351.47
robot,1790452924.52,-0.212,-0.956,-351.48
robot,1790452925.02,-0.212,-0.956,-351.49
robot,1790452925.52,-0.212,-0.956,-351.47
robot,1790452926.02,-0.212,-0.956,-351.47
robot,1790452926.52,-0.212,-0.956,-351.48
robot,1790452927.02,-0.212,-0.956,-351.50
robot,1790452927.52,-0.212,-0.956,-351.51
robot,1790452928.02,-0.212,-0.956,-351.51
robot,1790452928.52,-0.212,-0.956,-351.51
robot,1790452929.02,-0.212,-0.956,-351.52
robot,1790452929.52,-0.212,-0.956,-351.51
robot,1790452930.02,-0.212,-0.956,-351.51
robot,1790452930.52,-0.212,-0.956,-351.52
robot,1790452931.02,-0.212,-0.956,-351.52
robot,1790452931.52,-0.212,-0.956,-351.53
robot,1790452932.02,-0.212,-0.956,-351.54
robot,1790452932.52,-0.212,-0.956,-351.56
camera,1790452095.44,0.000,0.000,0.00
camera,1790452095.57,0.000,0.000,0.03
camera,1790452096.07,0.000,0.000,0.01
camera,1790452096.64,0.003,0.000,-0.04
camera,1790452097.00,0.001,-0.000,-0.04
camera,1790452097.50,-0.000,0.000,0.02
camera,1790452098.04,0.001,-0.000,-0.01
camera,1790452098.57,-0.002,-0.000,0.01
camera,1790452099.04,0.001,-0.000,0.01
camera,1790452099.64,-0.001,-0.000,-0.02
camera,1790452100.00,0.000,-0.000,0.01
camera,1790452100.54,0.002,-0.000,0.01
camera,1790452101.07,0.001,-0.000,0.04
camera,1790452101.60,0.002,-0.000,-0.02
camera,1790452102.00,-0.002,-0.000,0.00
camera,1790452102.57,-0.001,-0.000,0.03
camera,1790452103.04,0.001,-0.000,0.03
camera,1790452103.50,-0.000,-0.000,-0.00
camera,1790452104.10,-0.002,-0.000,0.03
camera,1790452104.54,-0.000,-0.000,0.00
camera,1790452105.07,0.001,-0.000,-0.00
camera,1790452105.60,0.002,-0.000,0.00
camera,1790452106.07,0.001,-0.000,0.02
camera,1790452106.60,0.002,-0.000,-0.03
camera,1790452107.07,0.002,-0.000,-0.02
camera,1790452107.64,0.001,-0.000,0.01
camera,1790452108.04,0.003,-0.000,0.01
camera,1790452108.57,-0.001,-0.000,0.02
camera,1790452109.00,0.000,-0.000,0.01
camera,1790452109.54,0.001,-0.000,-0.00
camera,1790452110.10,-0.002,-0.000,0.01
camera,1790452110.50,-0.003,-0.000,-0.02
camera,1790452111.04,0.000,-0.000,0.01
camera,1790452111.57,-0.001,-0.000,-0.02
camera,1790452112.17,-0.003,-0.000,0.02
camera,1790452112.57,0.000,-0.000,0.01
camera,1790452113.10,0.002,-0.000,0.03
camera,1790452113.50,0.000,-0.000,-0.00
camera,1790452114.04,-0.006,-0.000,-0.00
camera,1790452114.60,-0.000,-0.000,-0.00
camera,1790452115.00,0.000,-0.000,0.01
camera,1790452115.54,0.001,-0.000,0.01
camera,1790452116.07,-0.000,-0.000,0.02
camera,1790452116.50,0.002,-0.000,0.02
camera,1790452117.04,-0.000,-0.000,-0.01
camera,1790452117.57,0.000,-0.000,0.02
camera,1790452118.10,0.001,-0.000,-0.02
camera,1790452118.54,0.002,-0.000,-0.01
camera,1790452119.07,0.002,-0.000,0.01
camera,1790452119.60,0.002,-0.000,-0.00
camera,1790452120.04,0.002,-0.000,-0.02
camera,1790452120.57,0.002,-0.000,0.01
camera,1790452121.10,0.001,-0.000,-0.01
camera,1790452121.50,0.002,-0.000,-0.02
camera,1790452122.04,0.001,-0.000,0.01
camera,1790452122.60,-0.001,-0.000,0.03
camera,1790452123.00,0.004,-0.000,-0.01
camera,1790452123.57,-0.000,-0.000,0.01
camera,1790452124.10,-0.001,-0.000,0.02
camera,1790452124.50,0.000,-0.000,0.01
camera,1790452125.04,-0.000,-0.000,0.01
camera,1790452125.60,-0.000,-0.000,0.01
camera,1790452126.00,0.001,-0.000,0.03
camera,1790452126.54,0.001,-0.000,0.00
camera,1790452127.07,0.001,-0.000,0.01
camera,1790452127.60,0.003,-0.000,0.02
camera,1790452128.00,0.002,-0.000,0.01
camera,1790452128.54,-0.000,-0.000,0.02
camera,1790452129.07,0.004,-0.000,0.02
camera,1790452129.50,-0.000,-0.000,-0.02
camera,1790452130.04,0.000,-0.000,0.02
camera,1790452130.60,0.002,-0.000,0.03
camera,1790452131.00,0.013,-0.000,-0.02
camera,1790452131.54,0.036,-0.000,-0.00
camera,1790452132.07,0.041,-0.000,0.02
camera,1790452132.60,0.038,-0.000,-0.03
camera,1790452133.04,0.071,-0.000,0.01
camera,1790452133.57,0.132,-0.000,0.03
camera,1790452134.10,0.206,0.000,0.06
camera,1790452134.50,0.245,0.000,0.07
camera,1790452135.04,0.328,0.000,0.08
camera,1790452135.57,0.403,0.000,0.19
camera,1790452136.00,0.459,0.001,0.18
camera,1790452136.54,0.540,0.001,0.21
camera,1790452137.07,0.613,0.001,0.24
camera,1790452137.50,0.668,0.002,0.29
camera,1790452138.04,0.737,0.002,0.28
camera,1790452138.57,0.806,0.003,0.38
camera,1790452139.10,0.878,0.003,0.43
camera,1790452139.54,0.943,0.004,0.45
camera,1790452140.07,1.017,0.004,0.53
camera,1790452140.60,1.084,0.005,0.54
camera,1790452141.00,1.132,0.006,0.56
camera,1790452141.54,1.203,0.006,0.46
camera,1790452142.07,1.270,0.007,0.55
camera,1790452142.50,1.328,0.008,0.57
camera,1790452143.10,1.397,0.008,0.59
camera,1790452143.50,1.446,0.009,0.58
camera,1790452144.10,1.511,0.010,0.65
camera,1790452144.50,1.567,0.010,0.67
camera,1790452145.04,1.620,0.011,0.71
camera,1790452150.30,2.173,0.018,0.94
camera,1790452150.54,2.164,0.018,1.02
camera,1790452151.00,2.203,0.018,1.01
camera,1790452151.54,2.262,0.019,1.07
camera,1790452152.00,2.311,0.020,1.10
camera,1790452152.64,2.369,0.021,1.13
camera,1790452153.04,2.408,0.022,1.11
camera,1790452153.50,2.454,0.023,1.07
camera,1790452154.04,2.510,0.025,1.16
camera,1790452154.50,2.567,0.027,1.17
camera,1790452155.00,2.625,0.028,1.19
camera,1790452155.54,2.672,0.030,1.16
camera,1790452156.00,2.716,0.030,1.19
camera,1790452156.60,2.752,0.032,1.31
camera,1790452157.04,2.796,0.033,1.33
camera,1790452157.50,2.849,0.034,1.36
camera,1790452158.10,2.904,0.036,1.36
camera,1790452158.57,2.949,0.037,1.38
camera,1790452159.04,2.996,0.038,1.42
camera,1790452159.50,3.046,0.039,1.42
camera,1790452160.00,3.096,0.041,1.43
camera,1790452160.60,3.157,0.042,1.42
camera,1790452161.00,3.202,0.043,1.50
camera,1790452161.54,3.240,0.044,1.47
camera,1790452162.10,3.311,0.046,1.55
camera,1790452162.50,3.358,0.048,1.61
camera,1790452163.07,3.418,0.048,1.57
camera,1790452163.54,3.474,0.050,1.61
camera,1790452164.07,3.518,0.051,1.63
camera,1790452164.54,3.566,0.052,1.59
camera,1790452165.00,3.619,0.054,1.64
camera,1790452165.54,3.682,0.056,1.63
camera,1790452166.00,3.723,0.057,1.62
camera,1790452166.57,3.786,0.059,1.65
camera,1790452167.04,3.834,0.060,1.70
camera,1790452167.50,3.882,0.061,1.68
camera,1790452168.04,3.938,0.063,1.68
camera,1790452168.50,3.995,0.065,1.71
camera,1790452169.00,4.050,0.066,1.70
camera,1790452169.50,4.099,0.068,1.68
camera,1790452170.14,4.165,0.070,1.68
camera,1790452170.54,4.210,0.071,1.71
camera,1790452171.00,4.265,0.073,1.75
camera,1790452171.54,4.320,0.075,1.74
camera,1790452172.00,4.368,0.076,1.75
camera,1790452172.50,4.417,0.077,1.72
camera,1790452173.04,4.457,0.079,1.87
camera,1790452173.50,4.514,0.081,1.84
camera,1790452174.04,4.571,0.082,1.81
camera,1790452174.54,4.624,0.084,1.80
camera,1790452175.00,4.670,0.086,1.89
camera,1790452175.54,4.718,0.087,1.93
camera,1790452176.00,4.770,0.089,1.91
camera,1790452176.54,4.826,0.091,1.94
camera,1790452177.00,4.873,0.092,1.93
camera,1790452177.57,4.932,0.095,2.01
camera,1790452178.00,4.977,0.096,2.02
camera,1790452178.50,5.033,0.098,1.98
camera,1790452179.04,5.086,0.100,2.00
camera,1790452190.44,6.244,0.144,5.52
camera,1790452190.64,6.252,0.145,5.48
camera,1790452191.00,6.289,0.148,5.36
camera,1790452191.50,6.334,0.151,5.56
camera,1790452192.00,6.398,0.157,5.52
camera,1790452192.54,6.445,0.162,5.54
camera,1790452193.04,6.496,0.166,5.47
camera,1790452193.50,6.544,0.171,5.65
camera,1790452194.04,6.590,0.176,5.51
camera,1790452194.54,6.644,0.182,5.53
camera,1790452195.07,6.692,0.187,5.49
camera,1790452195.50,6.741,0.191,5.42
camera,1790452196.04,6.774,0.195,5.17
camera,1790452196.50,6.827,0.200,5.16
camera,1790452197.00,6.861,0.203,5.17
camera,1790452197.54,6.902,0.206,5.18
camera,1790452198.00,6.962,0.212,5.11
camera,1790452198.64,7.013,0.216,5.05
camera,1790452199.04,7.058,0.220,4.96
camera,1790452199.50,7.095,0.223,5.04
camera,1790452200.04,7.164,0.229,4.92
camera,1790452200.50,7.194,0.232,5.06
camera,1790452201.07,7.257,0.229,5.15
camera,1790452201.54,7.305,0.234,5.05
camera,1790452202.07,7.358,0.238,5.03
camera,1790452202.54,7.412,0.242,4.90
camera,1790452203.04,7.450,0.245,4.24
camera,1790452203.50,7.514,0.249,3.81
camera,1790452204.04,7.554,0.252,3.86
camera,1790452204.50,7.603,0.254,3.86
camera,1790452205.00,7.670,0.259,3.82
camera,1790452205.50,7.719,0.262,3.73
camera,1790452206.04,7.762,0.265,3.95
camera,1790452206.57,7.828,0.266,3.07
camera,1790452207.04,7.872,0.268,2.91
camera,1790452207.50,7.919,0.271,3.11
camera,1790452208.00,7.973,0.274,3.13
camera,1790452208.54,8.024,0.276,2.83
camera,1790452209.00,8.070,0.278,2.72
camera,1790452209.54,8.122,0.281,2.94
camera,1790452210.00,8.168,0.283,2.98
camera,1790452210.50,8.228,0.286,2.90
camera,1790452211.04,8.279,0.289,2.95
camera,1790452211.57,8.330,0.291,2.80
camera,1790452212.04,8.379,0.294,2.85
camera,1790452212.50,8.429,0.297,2.92
camera,1790452213.04,8.482,0.299,2.82
camera,1790452213.50,8.531,0.301,2.80
camera,1790452214.07,8.592,0.303,2.56
camera,1790452214.54,8.640,0.305,2.60
camera,1790452215.00,8.686,0.307,2.72
camera,1790452215.54,8.741,0.303,2.75
camera,1790452216.00,8.788,0.305,2.68
camera,1790452216.50,8.842,0.307,2.48
camera,1790452217.04,8.893,0.309,2.59
camera,1790452217.50,8.943,0.312,2.57
camera,1790452218.00,8.994,0.314,2.53
camera,1790452218.54,9.051,0.316,2.48
camera,1790452219.00,9.098,0.318,2.49
camera,1790452219.50,9.150,0.320,2.53
camera,1790452220.04,9.209,0.322,2.31
camera,1790452220.57,9.269,0.324,2.12
camera,1790452221.04,9.316,0.326,1.97
camera,1790452221.50,9.368,0.327,1.61
camera,1790452222.00,9.420,0.329,2.03
camera,1790452222.54,9.480,0.331,1.99
camera,1790452223.04,9.532,0.332,1.67
camera,1790452223.50,9.577,0.333,1.98
camera,1790452224.04,9.637,0.334,1.87
camera,1790452224.60,9.700,0.335,0.93
camera,1790452225.00,9.742,0.336,1.40
camera,1790452225.60,9.758,0.336,1.57
camera,1790452227.14,9.760,0.336,1.43
camera,1790452227.54,9.761,0.336,1.54
camera,1790452228.00,9.759,0.335,1.74
camera,1790452228.50,9.761,0.335,1.58
camera,1790452229.10,9.766,0.335,1.46
camera,1790452229.54,9.789,0.335,1.70
camera,1790452230.00,9.836,0.336,1.51
camera,1790452230.57,9.915,0.337,1.51
camera,1790452231.04,9.978,0.339,1.53
camera,1790452231.60,9.998,0.339,1.48
camera,1790452232.00,9.996,0.338,1.58
camera,1790452236.17,10.321,0.339,-1.43
camera,1790452236.50,10.326,0.342,2.07
camera,1790452237.04,10.313,0.337,3.95
camera,1790452237.54,10.348,0.355,7.62
camera,1790452238.00,10.349,0.354,7.19
camera,1790452238.50,10.314,0.347,7.31
camera,1790452239.04,10.245,0.337,8.09
camera,1790452239.54,10.166,0.327,8.15
camera,1790452240.04,10.125,0.319,8.80
camera,1790452240.50,10.137,0.320,8.48
camera,1790452241.00,10.139,0.320,8.39
camera,1790452241.54,10.140,0.319,8.18
camera,1790452242.04,10.144,0.320,7.26
camera,1790452242.50,10.157,0.318,-1.57
camera,1790452243.00,10.174,0.312,-12.73
camera,1790452243.54,10.190,0.304,-23.96
camera,1790452244.04,10.209,0.290,-33.87
camera,1790452244.54,10.212,0.289,-35.26
camera,1790452245.00,10.212,0.290,-35.14
camera,1790452245.50,10.210,0.293,-35.36
camera,1790452246.04,10.218,0.288,-37.13
camera,1790452246.54,10.238,0.281,-46.49
camera,1790452247.07,10.309,0.230,-55.33
camera,1790452248.94,10.744,0.353,-76.00
camera,1790452249.00,10.742,0.383,-77.31
camera,1790452249.54,10.769,0.302,-72.82
camera,1790452252.24,10.746,0.344,-125.54
camera,1790452252.50,10.763,0.391,-124.38
camera,1790452253.04,10.790,0.465,-123.00
camera,1790452253.50,10.763,0.475,-122.89
camera,1790452254.04,10.710,0.478,-130.74
camera,1790452255.20,10.740,0.339,-150.96
camera,1790452255.54,10.729,0.335,-157.73
camera,1790452256.04,10.719,0.334,-167.78
camera,1790452256.50,10.711,0.333,-170.30
camera,1790452257.04,10.710,0.333,-170.25
camera,1790452257.50,10.709,0.333,-170.25
camera,1790452258.00,10.703,0.334,-174.81
camera,1790452258.54,10.699,0.334,-179.06
camera,1790452259.04,10.693,0.334,-179.08
camera,1790452259.50,10.700,0.334,-179.03
camera,1790452260.04,10.699,0.334,-179.03
camera,1790452260.50,10.696,0.334,-179.04
camera,1790452261.07,10.697,0.334,-179.04
camera,1790452261.54,10.696,0.334,-179.13
camera,1790452262.00,10.600,0.333,-179.10
camera,1790452262.54,10.475,0.331,-179.18
camera,1790452263.00,10.356,0.330,-179.24
camera,1790452263.54,10.226,0.327,-179.17
camera,1790452264.04,10.104,0.326,-179.19
camera,1790452264.50,9.980,0.324,-179.06
camera,1790452265.04,9.842,0.321,-179.07
camera,1790452265.54,9.710,0.319,-178.96
camera,1790452266.00,9.590,0.317,-178.93
camera,1790452266.50,9.471,0.314,-178.96
camera,1790452267.04,9.383,0.313,-178.95
camera,1790452267.54,9.384,0.313,-178.94
camera,1790452268.00,9.394,0.313,-178.96
camera,1790452268.50,9.388,0.313,-178.93
camera,1790452269.04,9.386,0.313,-178.92
camera,1790452269.50,9.386,0.313,-178.90
camera,1790452270.00,9.385,0.312,-171.71
camera,1790452270.54,9.388,0.313,-168.29
camera,1790452271.04,9.387,0.313,-168.31
camera,1790452271.50,9.390,0.314,-168.28
camera,1790452272.04,9.392,0.314,-168.32
camera,1790452272.50,9.394,0.314,-168.27
camera,1790452273.00,9.394,0.314,-168.27
camera,1790452273.54,9.383,0.312,-168.22
camera,1790452274.00,9.303,0.295,-168.09
camera,1790452274.54,9.208,0.275,-168.02
camera,1790452275.04,9.121,0.257,-167.98
camera,1790452275.50,9.034,0.238,-167.92
camera,1790452276.04,8.939,0.217,-167.84
camera,1790452276.50,8.866,0.201,-167.72
camera,1790452277.00,8.778,0.182,-167.81
camera,1790452277.54,8.683,0.162,-167.63
camera,1790452278.00,8.615,0.147,-167.58
camera,1790452278.50,8.521,0.126,-167.54
camera,1790452279.04,8.438,0.108,-167.48
camera,1790452279.54,8.346,0.087,-167.47
camera,1790452280.00,8.259,0.068,-167.42
camera,1790452280.54,8.176,0.049,-167.42
camera,1790452281.04,8.077,0.027,-167.37
camera,1790452281.50,8.001,0.010,-167.32
camera,1790452282.04,7.904,-0.011,-167.33
camera,1790452282.54,7.818,-0.031,-167.25
camera,1790452283.00,7.741,-0.048,-167.16
camera,1790452283.54,7.639,-0.071,-167.23
camera,1790452284.00,7.576,-0.086,-167.16
camera,1790452284.50,7.485,-0.107,-167.13
camera,1790452285.04,7.481,-0.107,-167.15
camera,1790452285.50,7.484,-0.107,-167.11
camera,1790452286.00,7.446,-0.100,-178.82
camera,1790452286.50,7.457,-0.100,-179.22
camera,1790452287.04,7.454,-0.100,-179.20
camera,1790452287.54,7.417,-0.101,-179.17
camera,1790452288.00,7.347,-0.102,-179.21
camera,1790452288.54,7.265,-0.103,-179.23
camera,1790452289.04,7.173,-0.104,-179.25
camera,1790452289.54,7.094,-0.105,-179.23
camera,1790452290.00,7.007,-0.106,-179.25
camera,1790452290.57,6.904,-0.108,-179.21
camera,1790452291.04,6.819,-0.109,-179.14
camera,1790452291.54,6.730,-0.110,-179.13
camera,1790452292.00,6.642,-0.112,-179.08
camera,1790452292.54,6.558,-0.113,-179.11
camera,1790452293.04,6.459,-0.115,-178.92
camera,1790452293.50,6.363,-0.117,-178.87
camera,1790452294.00,6.276,-0.118,-178.88
camera,1790452294.54,6.182,-0.120,-178.92
camera,1790452295.10,6.067,-0.123,-178.82
camera,1790452295.50,6.009,-0.124,-178.83
camera,1790452296.04,5.915,-0.126,-178.70
camera,1790452296.54,5.820,-0.128,-178.68
camera,1790452297.57,5.636,-0.132,-178.66
camera,1790452298.00,5.569,-0.134,-178.64
camera,1790452298.54,5.472,-0.137,-178.58
camera,1790452299.00,5.390,-0.139,-178.54
camera,1790452299.50,5.298,-0.141,-178.54
camera,1790452300.00,5.203,-0.143,-178.51
camera,1790452300.50,5.114,-0.146,-178.45
camera,1790452301.07,5.013,-0.149,-178.39
camera,1790452301.54,4.930,-0.151,-178.37
camera,1790452302.04,4.843,-0.154,-178.29
camera,1790452302.50,4.754,-0.156,-178.29
camera,1790452303.00,4.661,-0.159,-178.27
camera,1790452303.50,4.568,-0.162,-178.25
camera,1790452304.04,4.470,-0.165,-178.24
camera,1790452304.54,4.376,-0.167,-178.26
camera,1790452305.04,4.280,-0.170,-178.24
camera,1790452305.54,4.191,-0.173,-178.16
camera,1790452306.00,4.094,-0.176,-178.17
camera,1790452306.50,4.016,-0.179,-178.11
camera,1790452307.00,3.921,-0.182,-177.98
camera,1790452307.57,3.819,-0.186,-177.91
camera,1790452308.07,3.727,-0.189,-177.94
camera,1790452308.57,3.632,-0.193,-177.93
camera,1790452309.00,3.553,-0.196,-177.88
camera,1790452309.50,3.461,-0.199,-177.93
camera,1790452310.04,3.358,-0.203,-177.90
camera,1790452310.50,3.275,-0.206,-177.75
camera,1790452311.07,3.165,-0.211,-177.74
camera,1790452311.50,3.088,-0.213,-177.75
camera,1790452312.00,2.997,-0.217,-177.72
camera,1790452312.50,2.906,-0.221,-177.77
camera,1790452313.00,2.819,-0.224,-177.64
camera,1790452313.54,2.719,-0.229,-177.60
camera,1790452314.04,2.628,-0.232,-177.68
camera,1790452314.54,2.538,-0.236,-177.64
camera,1790452315.00,2.448,-0.240,-177.63
camera,1790452315.50,2.361,-0.244,-177.61
camera,1790452316.04,2.262,-0.248,-177.64
camera,1790452316.54,2.172,-0.251,-177.53
camera,1790452317.00,2.086,-0.255,-177.64
camera,1790452317.50,1.997,-0.259,-177.63
camera,1790452318.07,1.897,-0.263,-177.44
camera,1790452318.50,1.818,-0.267,-177.40
camera,1790452319.04,1.723,-0.271,-177.27
camera,1790452319.57,1.626,-0.276,-177.16
camera,1790452320.00,1.553,-0.279,-177.31
camera,1790452320.50,1.464,-0.284,-177.29
camera,1790452321.00,1.375,-0.288,-177.11
camera,1790452321.50,1.283,-0.293,-177.06
camera,1790452322.07,1.183,-0.297,-177.18
camera,1790452322.50,1.109,-0.301,-176.97
camera,1790452323.00,1.017,-0.306,-177.04
camera,1790452323.50,0.931,-0.310,-177.04
camera,1790452324.04,0.927,-0.311,-177.02
camera,1790452324.54,0.929,-0.310,-177.07
camera,1790452325.00,0.928,-0.310,-177.18
camera,1790452325.50,0.928,-0.310,-177.04
camera,1790452326.00,0.928,-0.310,-177.06
camera,1790452326.54,0.928,-0.310,-177.05
camera,1790452327.04,0.928,-0.310,-177.08
camera,1790452327.54,0.928,-0.310,-177.11
camera,1790452328.07,0.927,-0.310,-177.13
camera,1790452328.50,0.929,-0.310,-177.10
camera,1790452329.00,0.925,-0.310,-178.33
camera,1790452329.50,0.926,-0.311,-182.80
camera,1790452330.00,0.927,-0.311,-187.29
camera,1790452330.54,0.928,-0.311,-191.98
camera,1790452331.04,0.927,-0.311,-196.41
camera,1790452331.50,0.920,-0.308,-200.57
camera,1790452332.04,0.918,-0.307,-205.47
camera,1790452332.50,0.911,-0.303,-209.58
camera,1790452339.30,0.624,-0.026,-271.13
camera,1790452339.50,0.624,-0.026,-272.86
camera,1790452340.00,0.624,-0.023,-273.10
camera,1790452340.54,0.624,-0.024,-273.11
camera,1790452341.00,0.623,-0.026,-273.11
camera,1790452341.54,0.623,-0.026,-273.09
camera,1790452342.04,0.623,-0.025,-273.11
camera,1790452342.50,0.623,-0.024,-273.07
camera,1790452343.04,0.623,-0.028,-273.08
camera,1790452343.57,0.623,-0.025,-273.08
camera,1790452344.00,0.623,-0.025,-273.07
camera,1790452344.54,0.623,-0.026,-273.13
camera,1790452345.00,0.622,-0.044,-273.16
camera,1790452345.50,0.620,-0.095,-273.18
camera,1790452346.04,0.617,-0.134,-273.20
camera,1790452346.50,0.615,-0.175,-273.27
camera,1790452347.04,0.611,-0.234,-273.30
camera,1790452347.57,0.608,-0.292,-273.38
camera,1790452348.04,0.605,-0.340,-273.46
camera,1790452348.54,0.601,-0.399,-273.52
camera,1790452349.00,0.599,-0.444,-273.46
camera,1790452349.54,0.595,-0.510,-273.54
camera,1790452350.04,0.590,-0.574,-273.57
camera,1790452350.57,0.586,-0.643,-273.58
camera,1790452351.00,0.582,-0.713,-273.62
camera,1790452351.54,0.576,-0.802,-273.66
camera,1790452352.04,0.571,-0.880,-273.72
camera,1790452352.50,0.565,-0.959,-273.76
camera,1790452353.00,0.560,-1.038,-273.84
camera,1790452353.57,0.554,-1.131,-273.83
camera,1790452354.00,0.549,-1.204,-273.79
camera,1790452354.54,0.543,-1.287,-273.85
camera,1790452355.00,0.538,-1.363,-273.85
camera,1790452355.54,0.533,-1.450,-273.89
camera,1790452356.00,0.527,-1.526,-273.94
camera,1790452356.54,0.522,-1.608,-273.90
camera,1790452357.00,0.516,-1.686,-273.93
camera,1790452357.54,0.511,-1.772,-273.92
camera,1790452358.00,0.505,-1.846,-273.95
camera,1790452358.54,0.499,-1.936,-274.02
camera,1790452359.00,0.493,-2.022,-274.04
camera,1790452359.54,0.486,-2.118,-274.02
camera,1790452360.04,0.480,-2.213,-274.02
camera,1790452360.54,0.473,-2.303,-274.11
camera,1790452361.04,0.467,-2.392,-274.08
camera,1790452361.54,0.460,-2.487,-274.10
camera,1790452362.04,0.453,-2.575,-274.15
camera,1790452362.54,0.447,-2.667,-274.11
camera,1790452363.04,0.440,-2.757,-274.07
camera,1790452363.50,0.435,-2.837,-274.17
camera,1790452364.00,0.429,-2.918,-274.14
camera,1790452364.50,0.422,-3.001,-274.18
camera,1790452365.00,0.416,-3.087,-274.16
camera,1790452365.50,0.410,-3.173,-274.14
camera,1790452366.00,0.404,-3.260,-274.14
camera,1790452366.50,0.397,-3.348,-274.12
camera,1790452367.00,0.391,-3.436,-274.20
camera,1790452367.54,0.384,-3.526,-274.20
camera,1790452368.04,0.378,-3.615,-274.18
camera,1790452368.54,0.372,-3.693,-274.25
camera,1790452369.04,0.366,-3.769,-274.25
camera,1790452369.54,0.361,-3.838,-274.30
camera,1790452370.04,0.355,-3.912,-274.28
camera,1790452370.54,0.350,-3.983,-274.27
camera,1790452371.04,0.345,-4.057,-274.34
camera,1790452371.54,0.339,-4.128,-274.29
camera,1790452372.00,0.334,-4.195,-274.34
camera,1790452372.50,0.329,-4.269,-274.37
camera,1790452373.00,0.323,-4.341,-274.41
camera,1790452373.50,0.318,-4.410,-274.41
camera,1790452374.04,0.312,-4.487,-274.42
camera,1790452374.54,0.306,-4.560,-274.53
camera,1790452375.00,0.301,-4.627,-274.54
camera,1790452375.54,0.295,-4.702,-274.54
camera,1790452376.04,0.289,-4.773,-274.54
camera,1790452390.42,0.022,-6.460,-276.56
camera,1790452390.52,0.022,-6.460,-276.58
camera,1790452391.02,0.021,-6.463,-276.61
camera,1790452391.55,0.021,-6.463,-276.62
camera,1790452392.05,0.021,-6.465,-276.60
camera,1790452392.52,0.021,-6.464,-276.60
camera,1790452393.05,0.021,-6.463,-276.62
camera,1790452393.52,0.021,-6.466,-276.60
camera,1790452394.05,0.022,-6.462,-276.59
camera,1790452394.55,0.021,-6.464,-276.61
camera,1790452395.05,0.021,-6.464,-276.58
camera,1790452395.55,0.021,-6.467,-276.60
camera,1790452396.02,0.021,-6.463,-276.58
camera,1790452396.55,0.021,-6.465,-276.61
camera,1790452397.02,0.021,-6.462,-276.61
camera,1790452397.55,0.021,-6.469,-276.61
camera,1790452398.02,0.021,-6.466,-276.61
camera,1790452398.55,0.021,-6.466,-276.61
camera,1790452399.02,0.021,-6.465,-276.60
camera,1790452399.55,0.020,-6.467,-276.59
camera,1790452400.02,0.021,-6.463,-276.57
camera,1790452400.52,0.021,-6.465,-276.60
camera,1790452401.05,0.021,-6.464,-276.61
camera,1790452401.52,0.021,-6.464,-276.61
camera,1790452402.05,0.021,-6.465,-276.59
camera,1790452402.52,0.020,-6.467,-276.62
camera,1790452403.05,0.021,-6.464,-276.61
camera,1790452403.55,0.020,-6.466,-276.60
camera,1790452404.02,0.020,-6.467,-276.60
camera,1790452404.55,0.020,-6.466,-276.60
camera,1790452405.05,0.021,-6.464,-276.62
camera,1790452405.52,0.021,-6.463,-276.60
camera,1790452406.02,0.020,-6.467,-276.62
camera,1790452406.55,0.020,-6.466,-276.62
camera,1790452407.05,0.020,-6.466,-276.55
camera,1790452407.52,0.020,-6.465,-276.60
camera,1790452408.05,0.020,-6.468,-276.63
camera,1790452408.55,0.020,-6.467,-276.63
camera,1790452409.02,0.020,-6.468,-276.61
camera,1790452409.55,0.020,-6.469,-276.60
camera,1790452410.05,0.020,-6.465,-276.60
camera,1790452416.19,0.020,-6.470,-276.61
camera,1790452416.55,0.021,-6.465,-276.62
camera,1790452417.02,0.021,-6.462,-276.62
camera,1790452417.52,0.021,-6.465,-276.61
camera,1790452418.05,0.021,-6.463,-276.57
camera,1790452418.52,0.021,-6.462,-276.61
camera,1790452419.05,0.021,-6.465,-276.61
camera,1790452419.52,0.021,-6.463,-276.60
camera,1790452420.02,0.021,-6.465,-276.61
camera,1790452420.55,0.021,-6.464,-276.61
camera,1790452421.05,0.022,-6.457,-276.63
camera,1790452421.52,0.021,-6.466,-276.60
camera,1790452422.02,0.021,-6.465,-276.59
camera,1790452422.55,0.021,-6.464,-276.60
camera,1790452423.05,0.021,-6.464,-276.60
camera,1790452423.52,0.021,-6.465,-276.62
camera,1790452424.02,0.021,-6.465,-276.59
camera,1790452424.55,0.020,-6.466,-276.61
camera,1790452425.05,0.020,-6.466,-276.62
camera,1790452425.52,0.020,-6.467,-276.60
camera,1790452426.09,0.020,-6.466,-276.63
camera,1790452426.59,0.020,-6.468,-276.61
camera,1790452427.05,0.021,-6.464,-276.59
camera,1790452427.62,0.020,-6.465,-276.58
camera,1790452428.02,0.021,-6.460,-276.59
camera,1790452428.52,0.021,-6.465,-276.62
camera,1790452429.05,0.021,-6.463,-276.61
camera,1790452429.55,0.021,-6.463,-276.62
camera,1790452430.05,0.020,-6.468,-276.61
camera,1790452430.55,0.020,-6.466,-276.60
camera,1790452431.09,0.020,-6.466,-276.61
camera,1790452431.59,0.020,-6.466,-276.60
camera,1790452432.15,0.016,-6.509,-276.56
camera,1790452432.55,0.009,-6.570,-276.62
camera,1790452433.05,0.000,-6.643,-276.66
camera,1790452433.52,-0.008,-6.708,-276.66
camera,1790452434.09,-0.017,-6.787,-276.69
camera,1790452434.55,-0.026,-6.863,-276.73
camera,1790452435.05,-0.035,-6.939,-276.70
camera,1790452435.55,-0.043,-7.014,-276.74
camera,1790452436.02,-0.055,-7.115,-276.73
camera,1790452436.52,-0.063,-7.178,-276.77
camera,1790452437.15,-0.077,-7.301,-276.73
camera,1790452437.55,-0.087,-7.374,-276.78
camera,1790452438.05,-0.094,-7.433,-276.89
camera,1790452438.55,-0.102,-7.506,-276.83
camera,1790452439.09,-0.112,-7.583,-276.77
camera,1790452439.59,-0.118,-7.635,-276.92
camera,1790452440.02,-0.130,-7.731,-276.87
camera,1790452440.52,-0.124,-7.704,-277.38
camera,1790452441.12,-0.139,-7.879,-276.91
camera,1790452441.62,-0.148,-7.949,-277.02
camera,1790452442.02,-0.155,-8.001,-277.00
camera,1790452442.52,-0.164,-8.080,-277.02
camera,1790452443.02,-0.173,-8.149,-277.10
camera,1790452443.62,-0.185,-8.242,-277.17
camera,1790452444.02,-0.193,-8.311,-277.07
camera,1790452444.52,-0.217,-8.411,-276.93
camera,1790452445.02,-0.223,-8.462,-277.21
camera,1790452445.59,-0.221,-8.451,-277.23
camera,1790452446.05,-0.220,-8.443,-277.18
camera,1790452446.52,-0.221,-8.453,-277.16
camera,1790452447.05,-0.220,-8.452,-277.20
camera,1790452447.62,-0.220,-8.452,-277.17
camera,1790452448.02,-0.229,-8.525,-277.12
camera,1790452448.59,-0.237,-8.594,-277.19
camera,1790452449.02,-0.246,-8.669,-276.82
camera,1790452449.52,-0.252,-8.726,-276.63
camera,1790452450.09,-0.252,-8.724,-276.61
camera,1790452450.52,-0.252,-8.726,-276.64
camera,1790452451.05,-0.252,-8.725,-276.45
camera,1790452452.29,-0.253,-8.731,-275.27
camera,1790452452.59,-0.253,-8.730,-275.29
camera,1790452453.12,-0.253,-8.727,-275.30
camera,1790452453.52,-0.253,-8.728,-275.33
camera,1790452454.02,-0.253,-8.729,-275.30
camera,1790452454.55,-0.253,-8.728,-275.05
camera,1790452455.12,-0.252,-8.726,-273.39
camera,1790452455.55,-0.252,-8.727,-273.43
camera,1790452456.12,-0.253,-8.728,-273.38
camera,1790452456.62,-0.253,-8.728,-273.42
camera,1790452457.05,-0.252,-8.727,-271.60
camera,1790452457.59,-0.252,-8.727,-268.87
camera,1790452458.02,-0.252,-8.723,-268.86
camera,1790452458.59,-0.252,-8.721,-268.87
camera,1790452459.02,-0.252,-8.727,-268.85
camera,1790452459.55,-0.252,-8.726,-268.85
camera,1790452460.15,-0.252,-8.725,-268.86
camera,1790452460.62,-0.252,-8.732,-268.80
camera,1790452461.05,-0.251,-8.789,-268.80
camera,1790452461.62,-0.249,-8.871,-268.65
camera,1790452462.05,-0.247,-8.950,-268.59
camera,1790452462.55,-0.245,-9.031,-268.59
camera,1790452463.29,-0.242,-9.136,-268.64
camera,1790452463.55,-0.241,-9.171,-268.65
camera,1790452464.09,-0.240,-9.233,-268.64
camera,1790452464.59,-0.240,-9.236,-268.64
camera,1790452465.15,-0.240,-9.233,-268.61
camera,1790452465.55,-0.240,-9.233,-268.62
camera,1790452466.09,-0.240,-9.231,-268.62
camera,1790452466.52,-0.240,-9.231,-268.61
camera,1790452467.05,-0.240,-9.234,-268.61
camera,1790452471.69,-0.236,-9.388,-268.72
camera,1790452472.05,-0.235,-9.432,-268.71
camera,1790452472.52,-0.234,-9.482,-268.68
camera,1790452473.09,-0.233,-9.544,-268.69
camera,1790452473.62,-0.231,-9.610,-268.72
camera,1790452474.05,-0.230,-9.653,-268.77
camera,1790452474.59,-0.229,-9.718,-268.76
camera,1790452475.12,-0.227,-9.787,-268.77
camera,1790452475.55,-0.226,-9.841,-268.86
camera,1790452476.09,-0.225,-9.918,-268.84
camera,1790452476.62,-0.223,-10.002,-268.96
camera,1790452477.12,-0.222,-10.075,-268.93
camera,1790452477.55,-0.221,-10.135,-268.97
camera,1790452478.09,-0.222,-10.198,-271.01
camera,1790452478.62,-0.225,-10.242,-272.88
camera,1790452479.05,-0.229,-10.307,-272.98
camera,1790452479.59,-0.233,-10.393,-273.10
camera,1790452480.02,-0.237,-10.465,-273.08
camera,1790452480.55,-0.242,-10.560,-273.14
camera,1790452481.09,-0.247,-10.649,-273.18
camera,1790452481.52,-0.252,-10.732,-273.23
camera,1790452482.05,-0.257,-10.820,-273.25
camera,1790452482.55,-0.262,-10.908,-273.27
camera,1790452483.02,-0.267,-10.985,-273.36
camera,1790452483.55,-0.272,-11.077,-273.36
camera,1790452484.02,-0.277,-11.156,-273.45
camera,1790452484.52,-0.282,-11.238,-273.41
camera,1790452485.05,-0.282,-11.242,-273.44
camera,1790452485.55,-0.282,-11.246,-273.40
camera,1790452486.02,-0.282,-11.240,-273.42
camera,1790452486.55,-0.282,-11.239,-273.41
camera,1790452487.09,-0.282,-11.234,-273.42
camera,1790452487.55,-0.279,-11.190,-273.45
camera,1790452488.05,-0.275,-11.122,-273.39
camera,1790452488.59,-0.270,-11.042,-273.41
camera,1790452489.02,-0.267,-10.990,-273.36
camera,1790452489.62,-0.261,-10.892,-273.28
camera,1790452490.02,-0.258,-10.832,-273.28
camera,1790452490.55,-0.252,-10.733,-273.21
camera,1790452491.05,-0.248,-10.651,-273.23
camera,1790452491.59,-0.243,-10.562,-273.17
camera,1790452492.02,-0.239,-10.490,-273.05
camera,1790452492.55,-0.234,-10.396,-273.09
camera,1790452493.02,-0.230,-10.327,-273.15
camera,1790452493.62,-0.225,-10.225,-273.09
camera,1790452494.05,-0.221,-10.157,-273.04
camera,1790452494.52,-0.217,-10.078,-273.01
camera,1790452495.12,-0.212,-9.969,-272.92
camera,1790452495.55,-0.208,-9.901,-272.98
camera,1790452496.02,-0.204,-9.819,-272.89
camera,1790452496.59,-0.199,-9.722,-272.82
camera,1790452497.05,-0.195,-9.639,-272.80
camera,1790452497.52,-0.192,-9.562,-272.79
camera,1790452498.02,-0.187,-9.469,-272.79
camera,1790452498.55,-0.183,-9.380,-272.76
camera,1790452499.02,-0.179,-9.299,-272.70
camera,1790452499.52,-0.175,-9.204,-272.70
camera,1790452500.02,-0.170,-9.111,-272.65
camera,1790452500.62,-0.165,-9.001,-272.60
camera,1790452501.05,-0.162,-8.921,-272.60
camera,1790452501.52,-0.158,-8.832,-272.56
camera,1790452502.05,-0.154,-8.731,-272.54
camera,1790452502.55,-0.150,-8.636,-272.49
camera,1790452503.02,-0.146,-8.545,-272.41
camera,1790452503.52,-0.142,-8.460,-272.41
camera,1790452504.12,-0.138,-8.350,-272.33
camera,1790452504.55,-0.135,-8.271,-272.34
camera,1790452505.02,-0.131,-8.183,-272.29
camera,1790452505.55,-0.127,-8.080,-272.23
camera,1790452506.05,-0.124,-7.995,-272.20
camera,1790452506.52,-0.121,-7.912,-272.19
camera,1790452507.05,-0.116,-7.793,-272.15
camera,1790452507.55,-0.113,-7.710,-272.12
camera,1790452508.02,-0.110,-7.627,-272.08
camera,1790452508.52,-0.106,-7.529,-272.03
camera,1790452509.05,-0.103,-7.430,-272.01
camera,1790452509.62,-0.099,-7.328,-271.91
camera,1790452510.05,-0.097,-7.244,-271.87
camera,1790452510.52,-0.093,-7.152,-271.85
camera,1790452511.02,-0.090,-7.068,-271.90
camera,1790452511.55,-0.087,-6.973,-271.79
camera,1790452512.05,-0.085,-6.886,-271.77
camera,1790452512.52,-0.081,-6.781,-271.69
camera,1790452513.02,-0.079,-6.693,-271.60
camera,1790452513.59,-0.076,-6.581,-271.59
camera,1790452514.02,-0.074,-6.502,-271.57
camera,1790452514.55,-0.071,-6.401,-271.56
camera,1790452515.05,-0.068,-6.297,-271.54
camera,1790452515.55,-0.066,-6.196,-271.46
camera,1790452516.05,-0.064,-6.099,-271.42
camera,1790452516.55,-0.061,-5.992,-271.37
camera,1790452517.02,-0.059,-5.901,-271.36
camera,1790452517.52,-0.057,-5.802,-271.30
camera,1790452518.02,-0.054,-5.699,-271.23
camera,1790452518.52,-0.052,-5.601,-271.18
camera,1790452519.02,-0.050,-5.492,-271.11
camera,1790452519.52,-0.048,-5.383,-271.10
camera,1790452520.02,-0.046,-5.281,-271.01
camera,1790452520.52,-0.045,-5.171,-270.95
camera,1790452521.05,-0.043,-5.059,-270.86
camera,1790452521.55,-0.041,-4.945,-270.84
camera,1790452525.32,-0.030,-4.084,-270.51
camera,1790452525.55,-0.030,-4.040,-270.45
camera,1790452526.05,-0.027,-3.927,-270.99
camera,1790452526.55,-0.020,-3.821,-273.28
camera,1790452527.02,-0.013,-3.716,-273.32
camera,1790452527.59,-0.006,-3.590,-273.39
camera,1790452528.09,0.000,-3.481,-273.36
camera,1790452528.62,0.008,-3.362,-273.41
camera,1790452529.02,0.013,-3.273,-273.38
camera,1790452529.52,0.020,-3.159,-273.41
camera,1790452530.09,0.027,-3.031,-273.34
camera,1790452530.55,0.033,-2.928,-273.32
camera,1790452531.02,0.039,-2.823,-273.25
camera,1790452531.59,0.046,-2.696,-273.20
camera,1790452532.19,0.054,-2.559,-273.19
camera,1790452532.59,0.059,-2.468,-273.20
camera,1790452533.02,0.064,-2.371,-273.18
camera,1790452533.55,0.071,-2.248,-273.14
camera,1790452534.09,0.077,-2.126,-273.06
camera,1790452534.52,0.082,-2.027,-273.05
camera,1790452535.05,0.088,-1.911,-272.97
camera,1790452535.59,0.095,-1.788,-272.92
camera,1790452536.02,0.099,-1.690,-272.87
camera,1790452536.52,0.105,-1.582,-272.82
camera,1790452537.05,0.110,-1.462,-272.75
camera,1790452537.52,0.116,-1.354,-272.78
camera,1790452538.05,0.121,-1.235,-272.66
camera,1790452538.59,0.127,-1.119,-272.69
camera,1790452539.05,0.131,-1.016,-272.63
camera,1790452539.59,0.136,-0.901,-272.55
camera,1790452540.02,0.138,-0.865,-272.56
camera,1790452540.55,0.138,-0.866,-272.60
camera,1790452541.05,0.138,-0.864,-272.57
camera,1790452541.55,0.138,-0.863,-275.03
camera,1790452542.02,0.137,-0.870,-280.89
camera,1790452542.52,0.136,-0.873,-287.50
camera,1790452543.02,0.135,-0.874,-294.27
camera,1790452543.52,0.139,-0.869,-300.89
camera,1790452544.02,0.143,-0.864,-307.48
camera,1790452544.52,0.146,-0.861,-309.62
camera,1790452545.09,0.165,-0.838,-309.71
camera,1790452545.55,0.213,-0.780,-309.76
camera,1790452546.05,0.270,-0.711,-309.75
camera,1790452546.52,0.327,-0.643,-309.75
camera,1790452547.05,0.394,-0.563,-309.75
camera,1790452547.55,0.450,-0.495,-309.73
camera,1790452548.02,0.507,-0.427,-309.70
camera,1790452548.52,0.550,-0.375,-309.77
camera,1790452549.05,0.548,-0.377,-309.69
camera,1790452549.55,0.550,-0.374,-312.33
camera,1790452550.02,0.554,-0.371,-316.14
camera,1790452550.55,0.558,-0.368,-320.63
camera,1790452551.02,0.565,-0.364,-324.55
camera,1790452551.55,0.567,-0.362,-329.23
camera,1790452552.02,0.572,-0.359,-330.91
camera,1790452552.52,0.601,-0.343,-330.90
camera,1790452553.02,0.666,-0.307,-330.99
camera,1790452553.52,0.739,-0.266,-331.01
camera,1790452554.05,0.820,-0.222,-331.07
camera,1790452554.52,0.846,-0.208,-331.01
camera,1790452555.02,0.860,-0.200,-331.07
camera,1790452555.55,0.877,-0.195,-339.07
camera,1790452556.02,0.900,-0.192,-347.96
camera,1790452556.55,0.923,-0.193,-355.37
camera,1790452557.05,0.934,-0.193,-355.38
camera,1790452557.52,0.991,-0.188,-355.43
camera,1790452558.05,1.080,-0.181,-355.41
camera,1790452558.55,1.163,-0.174,-355.45
camera,1790452559.02,1.254,-0.168,-355.51
camera,1790452559.55,1.330,-0.162,-355.49
camera,1790452560.05,1.318,-0.163,-355.57
camera,1790452560.52,1.335,-0.162,-358.93
camera,1790452561.05,1.336,-0.162,-364.66
camera,1790452561.52,1.341,-0.163,-368.30
camera,1790452562.02,1.341,-0.163,-368.22
camera,1790452562.55,1.351,-0.165,-368.29
camera,1790452563.02,1.369,-0.167,-368.31
camera,1790452563.55,1.425,-0.176,-368.34
camera,1790452564.05,1.458,-0.181,-368.34
camera,1790452564.52,1.489,-0.185,-368.30
camera,1790452565.09,1.544,-0.193,-368.40
camera,1790452565.55,1.580,-0.199,-368.42
camera,1790452566.02,1.608,-0.203,-368.37
camera,1790452566.55,1.657,-0.210,-368.42
camera,1790452567.05,1.689,-0.214,-368.38
camera,1790452567.52,1.743,-0.222,-368.46
camera,1790452568.02,1.764,-0.226,-368.43
camera,1790452568.52,1.802,-0.231,-368.42
camera,1790452569.05,1.852,-0.238,-368.41
camera,1790452569.55,1.903,-0.246,-368.41
camera,1790452570.05,1.914,-0.247,-368.36
camera,1790452570.52,1.911,-0.247,-368.34
camera,1790452571.05,1.905,-0.246,-368.33
camera,1790452571.52,1.915,-0.248,-367.58
camera,1790452572.09,1.902,-0.247,-366.80
camera,1790452572.55,1.912,-0.248,-364.80
camera,1790452573.02,1.902,-0.248,-363.88
camera,1790452573.55,1.939,-0.250,-363.82
camera,1790452574.02,2.022,-0.256,-363.66
camera,1790452574.55,2.134,-0.263,-363.63
camera,1790452575.02,2.188,-0.266,-363.55
camera,1790452575.55,2.272,-0.270,-363.52
camera,1790452576.05,2.310,-0.272,-363.52
camera,1790452576.52,2.430,-0.279,-363.41
camera,1790452577.05,2.506,-0.283,-363.31
camera,1790452577.52,2.577,-0.288,-363.38
camera,1790452578.05,2.657,-0.292,-363.38
camera,1790452578.52,2.722,-0.296,-363.31
camera,1790452579.05,2.822,-0.301,-363.27
camera,1790452579.52,2.887,-0.305,-363.25
camera,1790452580.02,2.951,-0.308,-363.21
camera,1790452580.55,3.053,-0.313,-363.07
camera,1790452581.02,3.109,-0.316,-363.11
camera,1790452581.55,3.190,-0.320,-363.05
camera,1790452582.05,3.259,-0.323,-362.99
camera,1790452582.52,3.329,-0.327,-362.98
camera,1790452583.05,3.398,-0.330,-362.94
camera,1790452583.52,3.468,-0.333,-362.86
camera,1790452584.05,3.545,-0.337,-362.82
camera,1790452584.52,3.631,-0.341,-362.76
camera,1790452585.05,3.722,-0.346,-362.74
camera,1790452585.52,3.800,-0.350,-362.79
camera,1790452586.05,3.898,-0.355,-362.70
camera,1790452586.55,3.984,-0.359,-362.64
camera,1790452587.02,4.069,-0.363,-362.66
camera,1790452587.55,4.162,-0.367,-362.65
camera,1790452588.02,4.251,-0.371,-362.57
camera,1790452588.62,4.354,-0.375,-362.46
camera,1790452589.09,4.435,-0.379,-362.48
camera,1790452589.52,4.517,-0.382,-362.45
camera,1790452590.05,4.612,-0.386,-362.40
camera,1790452590.52,4.692,-0.390,-362.39
camera,1790452591.05,4.790,-0.394,-362.38
camera,1790452591.52,4.875,-0.397,-362.25
camera,1790452592.05,4.971,-0.400,-362.20
camera,1790452592.52,5.055,-0.404,-362.18
camera,1790452593.02,5.151,-0.407,-362.08
camera,1790452593.55,5.241,-0.410,-362.15
camera,1790452594.09,5.338,-0.414,-362.06
camera,1790452594.55,5.432,-0.417,-362.03
camera,1790452595.02,5.516,-0.420,-361.97
camera,1790452595.59,5.619,-0.423,-361.90
camera,1790452596.09,5.709,-0.426,-361.87
camera,1790452596.52,5.788,-0.429,-361.84
camera,1790452597.05,5.887,-0.432,-361.75
camera,1790452597.52,5.974,-0.435,-361.70
camera,1790452598.05,6.074,-0.437,-361.62
camera,1790452598.52,6.162,-0.440,-361.61
camera,1790452599.05,6.260,-0.442,-361.50
camera,1790452599.52,6.346,-0.445,-361.50
camera,1790452600.02,6.432,-0.446,-361.47
camera,1790452600.62,6.539,-0.449,-361.44
camera,1790452601.02,6.615,-0.450,-361.31
camera,1790452601.55,6.716,-0.452,-361.32
camera,1790452602.02,6.801,-0.454,-361.31
camera,1790452602.62,6.908,-0.457,-361.30
camera,1790452606.75,7.610,-0.473,-361.86
camera,1790452607.02,7.648,-0.475,-361.82
camera,1790452607.62,7.763,-0.477,-361.52
camera,1790452608.09,7.851,-0.480,-361.45
camera,1790452608.55,7.924,-0.482,-361.65
camera,1790452609.02,8.008,-0.484,-361.45
camera,1790452609.62,8.111,-0.486,-361.56
camera,1790452610.05,8.189,-0.487,-361.19
camera,1790452610.52,8.264,-0.490,-361.49
camera,1790452611.05,8.366,-0.491,-361.49
camera,1790452611.52,8.445,-0.493,-361.56
camera,1790452612.05,8.531,-0.495,-361.45
camera,1790452612.52,8.604,-0.495,-361.32
camera,1790452613.02,8.689,-0.497,-361.35
camera,1790452613.55,8.788,-0.499,-361.32
camera,1790452614.02,8.872,-0.501,-361.34
camera,1790452614.62,8.985,-0.503,-361.28
camera,1790452615.09,9.065,-0.505,-361.32
camera,1790452615.62,9.170,-0.508,-361.40
camera,1790452616.02,9.249,-0.509,-361.17
camera,1790452616.55,9.346,-0.511,-361.22
camera,1790452617.05,9.440,-0.513,-361.27
camera,1790452617.52,9.529,-0.515,-361.22
camera,1790452625.65,11.178,-0.424,-361.00
camera,1790452626.05,11.178,-0.423,-361.37
camera,1790452626.55,11.178,-0.420,-361.68
camera,1790452627.02,11.179,-0.420,-361.12
camera,1790452627.55,11.179,-0.419,-361.07
camera,1790452628.05,11.201,-0.419,-360.71
camera,1790452628.52,11.274,-0.420,-360.72
camera,1790452629.05,11.372,-0.421,-360.84
camera,1790452629.52,11.394,-0.421,-360.84
camera,1790452630.02,11.392,-0.421,-361.11
camera,1790452630.55,11.393,-0.421,-360.84
camera,1790452631.02,11.394,-0.421,-360.76
camera,1790452631.55,11.394,-0.421,-360.79
camera,1790452632.02,11.365,-0.420,-360.94
camera,1790452632.52,11.320,-0.420,-360.84
camera,1790452633.05,11.247,-0.418,-361.03
camera,1790452633.52,11.181,-0.417,-361.01
camera,1790452634.05,11.152,-0.416,-361.11
camera,1790452634.55,11.153,-0.416,-360.85
camera,1790452635.02,11.152,-0.416,-360.90
camera,1790452635.52,11.152,-0.416,-360.98
camera,1790452636.05,11.152,-0.416,-360.91
camera,1790452636.52,11.152,-0.416,-360.92
camera,1790452637.05,11.152,-0.416,-360.99
camera,1790452637.52,11.151,-0.416,-360.98
camera,1790452638.09,11.152,-0.416,-360.92
camera,1790452638.55,11.135,-0.415,-360.95
camera,1790452639.02,11.078,-0.415,-360.92
camera,1790452639.55,10.998,-0.413,-360.99
camera,1790452640.02,10.969,-0.412,-360.86
camera,1790452640.55,10.970,-0.412,-360.93
camera,1790452641.05,10.969,-0.412,-361.01
camera,1790452641.52,10.969,-0.412,-360.95
camera,1790452642.05,10.967,-0.412,-360.97
camera,1790452642.55,10.970,-0.412,-361.00
camera,1790452643.02,10.970,-0.412,-360.94
camera,1790452643.55,10.968,-0.412,-361.09
camera,1790452644.05,10.957,-0.412,-361.00
camera,1790452644.52,10.898,-0.411,-361.03
camera,1790452645.05,10.797,-0.409,-360.84
camera,1790452645.55,10.713,-0.408,-360.99
camera,1790452646.02,10.711,-0.407,-361.01
camera,1790452646.55,10.714,-0.407,-361.13
camera,1790452647.02,10.715,-0.407,-361.05
camera,1790452647.59,10.714,-0.407,-361.06
camera,1790452648.05,10.712,-0.407,-360.91
camera,1790452648.52,10.714,-0.406,-360.94
camera,1790452649.05,10.713,-0.406,-361.64
camera,1790452649.52,10.714,-0.406,-361.02
camera,1790452650.02,10.714,-0.406,-360.73
camera,1790452650.55,10.714,-0.405,-361.02
camera,1790452651.02,10.711,-0.405,-360.35
camera,1790452651.55,10.712,-0.405,-352.06
camera,1790452652.02,10.713,-0.405,-344.85
camera,1790452652.55,10.715,-0.405,-336.19
camera,1790452653.02,10.734,-0.399,-329.16
camera,1790452653.55,10.735,-0.436,-317.13
camera,1790452654.02,10.808,-0.474,-310.53
camera,1790452660.79,10.659,-0.357,-242.69
camera,1790452661.05,10.626,-0.355,-242.27
camera,1790452661.52,10.628,-0.421,-244.07
camera,1790452662.05,10.586,-0.389,-242.50
camera,1790452662.55,10.604,-0.434,-243.81
camera,1790452663.09,10.542,-0.385,-241.28
camera,1790452663.55,10.517,-0.356,-241.73
camera,1790452664.02,10.571,-0.567,-244.38
camera,1790452664.55,10.551,-0.552,-231.10
camera,1790452665.02,10.547,-0.549,-226.44
camera,1790452665.52,10.549,-0.551,-226.45
camera,1790452666.05,10.548,-0.550,-226.51
camera,1790452666.52,10.542,-0.543,-226.44
camera,1790452667.05,10.546,-0.549,-226.48
camera,1790452667.52,10.544,-0.547,-226.48
camera,1790452668.05,10.548,-0.548,-220.44
camera,1790452668.52,10.534,-0.543,-213.48
camera,1790452669.02,10.536,-0.545,-213.49
camera,1790452669.55,10.530,-0.541,-213.46
camera,1790452670.05,10.538,-0.547,-213.52
camera,1790452670.52,10.541,-0.549,-213.56
camera,1790452671.02,10.532,-0.543,-213.50
camera,1790452671.55,10.540,-0.548,-213.49
camera,1790452672.02,10.521,-0.541,-206.17
camera,1790452672.55,10.522,-0.542,-206.15
camera,1790452673.02,10.523,-0.543,-206.19
camera,1790452673.55,10.523,-0.543,-206.21
camera,1790452674.02,10.520,-0.541,-206.15
camera,1790452674.55,10.518,-0.540,-204.15
camera,1790452675.05,10.519,-0.540,-204.13
camera,1790452675.52,10.521,-0.541,-204.11
camera,1790452676.02,10.523,-0.542,-204.15
camera,1790452676.55,10.515,-0.539,-204.13
camera,1790452677.05,10.516,-0.539,-204.13
camera,1790452677.52,10.519,-0.540,-204.18
camera,1790452678.02,10.510,-0.538,-199.95
camera,1790452678.52,10.509,-0.538,-200.31
camera,1790452679.05,10.513,-0.539,-200.33
camera,1790452679.55,10.508,-0.537,-200.31
camera,1790452680.02,10.512,-0.539,-200.29
camera,1790452680.55,10.514,-0.539,-200.30
camera,1790452681.05,10.513,-0.539,-200.31
camera,1790452681.52,10.508,-0.537,-200.28
camera,1790452682.02,10.512,-0.539,-200.27
camera,1790452682.59,10.418,-0.504,-200.14
camera,1790452683.05,10.335,-0.474,-200.01
camera,1790452683.55,10.248,-0.443,-199.87
camera,1790452684.05,10.154,-0.409,-199.89
camera,1790452684.52,10.060,-0.375,-199.76
camera,1790452685.02,9.972,-0.344,-199.69
camera,1790452685.52,9.868,-0.307,-199.65
camera,1790452686.05,9.767,-0.271,-199.45
camera,1790452686.55,9.670,-0.237,-199.43
camera,1790452687.05,9.576,-0.204,-199.33
camera,1790452687.52,9.489,-0.174,-199.34
camera,1790452688.02,9.403,-0.144,-199.31
camera,1790452688.55,9.302,-0.109,-199.23
camera,1790452689.05,9.210,-0.077,-199.17
camera,1790452689.52,9.113,-0.043,-199.12
camera,1790452690.05,9.022,-0.011,-199.09
camera,1790452690.52,8.926,0.022,-199.05
camera,1790452691.05,8.837,0.052,-198.96
camera,1790452691.62,8.733,0.088,-198.95
camera,1790452692.09,8.638,0.120,-198.82
camera,1790452692.55,8.555,0.148,-198.79
camera,1790452693.02,8.464,0.179,-198.76
camera,1790452693.55,8.363,0.213,-198.62
camera,1790452694.05,8.275,0.242,-198.61
camera,1790452694.52,8.179,0.274,-198.54
camera,1790452695.05,8.084,0.306,-198.47
camera,1790452695.52,7.991,0.337,-198.42
camera,1790452696.05,7.893,0.369,-198.39
camera,1790452696.52,7.796,0.401,-198.29
camera,1790452697.05,7.698,0.434,-198.27
camera,1790452697.52,7.627,0.457,-198.20
camera,1790452698.02,7.512,0.494,-198.19
camera,1790452698.55,7.417,0.525,-198.13
camera,1790452699.02,7.321,0.557,-198.09
camera,1790452699.55,7.226,0.587,-197.98
camera,1790452700.02,7.133,0.617,-197.91
camera,1790452700.55,7.034,0.649,-197.88
camera,1790452701.02,6.940,0.679,-197.89
camera,1790452701.59,6.828,0.715,-197.75
camera,1790452702.05,6.748,0.741,-197.74
camera,1790452702.52,6.654,0.771,-197.71
camera,1790452703.02,6.568,0.798,-197.64
camera,1790452703.52,6.467,0.830,-197.61
camera,1790452704.02,6.372,0.860,-197.52
camera,1790452704.55,6.272,0.892,-197.52
camera,1790452705.02,6.185,0.919,-197.49
camera,1790452705.52,6.090,0.949,-197.40
camera,1790452706.05,5.981,0.983,-197.45
camera,1790452706.52,5.896,1.009,-197.34
camera,1790452707.05,5.792,1.042,-197.34
camera,1790452707.52,5.696,1.072,-197.34
camera,1790452708.02,5.595,1.103,-197.32
camera,1790452708.55,5.558,1.115,-197.24
camera,1790452709.02,5.551,1.117,-197.20
camera,1790452709.52,5.552,1.117,-194.71
camera,1790452710.05,5.533,1.117,-188.56
camera,1790452710.52,5.538,1.117,-188.54
camera,1790452711.05,5.445,1.130,-188.49
camera,1790452711.55,5.358,1.143,-188.39
camera,1790452712.02,5.271,1.156,-188.27
camera,1790452712.59,5.165,1.171,-188.21
camera,1790452713.05,5.081,1.183,-188.11
camera,1790452713.52,4.997,1.195,-188.00
camera,1790452714.05,4.901,1.208,-187.97
camera,1790452714.55,4.809,1.221,-187.91
camera,1790452720.59,3.677,1.375,-186.08
camera,1790452721.02,3.601,1.383,-185.96
camera,1790452721.52,3.502,1.393,-185.95
camera,1790452722.02,3.403,1.403,-185.91
camera,1790452722.52,3.310,1.413,-185.88
camera,1790452723.05,3.208,1.423,-185.81
camera,1790452723.55,3.122,1.432,-185.87
camera,1790452724.02,3.125,1.432,-185.75
camera,1790452724.55,3.123,1.432,-185.55
camera,1790452725.12,3.121,1.432,-178.54
camera,1790452725.52,3.123,1.432,-178.94
camera,1790452726.02,3.058,1.430,-178.79
camera,1790452726.59,2.931,1.427,-178.65
camera,1790452727.05,2.908,1.427,-180.76
camera,1790452727.52,2.908,1.427,-180.78
camera,1790452728.02,2.908,1.427,-180.77
camera,1790452728.62,2.936,1.427,-180.38
camera,1790452729.05,2.976,1.427,-180.38
camera,1790452729.52,3.012,1.427,-180.45
camera,1790452730.09,3.061,1.426,-180.42
camera,1790452730.62,3.110,1.426,-180.39
camera,1790452731.05,3.107,1.426,-180.47
camera,1790452731.55,3.108,1.426,-180.42
camera,1790452732.02,3.106,1.426,-180.38
camera,1790452732.52,3.107,1.426,-180.40
camera,1790452733.05,3.107,1.426,-180.40
camera,1790452733.55,3.107,1.426,-180.37
camera,1790452734.02,3.109,1.426,-180.41
camera,1790452734.59,3.109,1.426,-180.36
camera,1790452735.12,3.107,1.426,-180.41
camera,1790452735.55,3.108,1.426,-180.42
camera,1790452736.09,3.105,1.426,-180.43
camera,1790452736.52,3.110,1.426,-180.49
camera,1790452737.15,3.108,1.426,-180.39
camera,1790452737.55,3.107,1.426,-180.37
camera,1790452738.02,3.110,1.426,-180.39
camera,1790452738.55,3.110,1.426,-180.38
camera,1790452739.12,3.107,1.426,-180.44
camera,1790452739.55,3.108,1.426,-180.32
camera,1790452740.02,3.106,1.423,-180.35
camera,1790452740.52,3.107,1.423,-180.36
camera,1790452741.82,3.107,1.423,-180.41
camera,1790452742.02,3.119,1.423,-180.36
camera,1790452742.52,3.169,1.422,-180.42
camera,1790452743.05,3.206,1.422,-180.49
camera,1790452743.55,3.250,1.422,-180.43
camera,1790452744.02,3.291,1.422,-180.44
camera,1790452744.52,3.339,1.421,-180.48
camera,1790452745.05,3.392,1.421,-180.54
camera,1790452745.55,3.440,1.420,-180.53
camera,1790452746.02,3.445,1.420,-180.51
camera,1790452746.52,3.452,1.420,-179.27
camera,1790452747.05,3.464,1.422,-173.28
camera,1790452747.55,3.468,1.423,-167.84
camera,1790452748.05,3.482,1.429,-162.16
camera,1790452748.52,3.476,1.427,-162.01
camera,1790452749.09,3.385,1.397,-161.97
camera,1790452749.55,3.294,1.367,-161.89
camera,1790452750.05,3.207,1.339,-161.84
camera,1790452750.52,3.134,1.315,-161.75
camera,1790452751.02,3.032,1.282,-161.74
camera,1790452751.55,2.915,1.243,-161.84
camera,1790452752.02,2.823,1.213,-161.79
camera,1790452752.52,2.719,1.179,-161.84
camera,1790452753.05,2.613,1.144,-161.81
camera,1790452753.52,2.516,1.113,-161.92
camera,1790452754.05,2.460,1.095,-161.84
camera,1790452754.55,2.459,1.094,-161.84
camera,1790452755.02,2.463,1.096,-161.93
camera,1790452755.55,2.457,1.094,-161.90
camera,1790452756.02,2.462,1.095,-161.91
camera,1790452756.52,2.464,1.096,-161.89
camera,1790452757.05,2.461,1.095,-161.83
camera,1790452757.52,2.459,1.095,-161.86
camera,1790452758.02,2.463,1.096,-161.86
camera,1790452758.55,2.461,1.096,-161.90
camera,1790452759.02,2.464,1.097,-168.33
camera,1790452759.52,2.477,1.097,-174.72
camera,1790452760.05,2.482,1.097,-181.07
camera,1790452760.55,2.480,1.098,-186.39
camera,1790452761.09,2.481,1.097,-187.73
camera,1790452761.55,2.376,1.112,-187.81
camera,1790452762.05,2.228,1.132,-187.90
camera,1790452762.55,2.070,1.154,-187.81
camera,1790452763.02,1.916,1.175,-187.82
camera,1790452763.52,1.759,1.196,-187.68
camera,1790452764.05,1.587,1.218,-187.46
camera,1790452764.55,1.436,1.237,-187.36
camera,1790452765.05,1.280,1.257,-187.22
camera,1790452765.52,1.133,1.275,-187.08
camera,1790452766.02,0.977,1.294,-186.91
camera,1790452766.52,0.879,1.305,-186.84
camera,1790452767.05,0.883,1.305,-186.84
camera,1790452767.55,0.882,1.305,-187.27
camera,1790452768.05,0.882,1.305,-187.87
camera,1790452768.52,0.882,1.305,-190.06
camera,1790452769.02,0.883,1.305,-189.96
camera,1790452769.55,0.883,1.305,-189.95
camera,1790452770.05,0.883,1.305,-189.94
camera,1790452770.55,0.883,1.305,-189.96
camera,1790452771.05,0.881,1.305,-189.96
camera,1790452771.52,0.886,1.303,-195.19
camera,1790452772.02,0.885,1.304,-202.34
camera,1790452772.52,0.883,1.305,-209.63
camera,1790452773.02,0.886,1.303,-216.87
camera,1790452773.59,0.883,1.306,-225.12
camera,1790452774.05,0.879,1.312,-231.35
camera,1790452774.55,0.877,1.314,-238.93
camera,1790452775.02,0.879,1.304,-247.30
camera,1790452775.55,0.869,1.367,-257.39
camera,1790452776.05,0.869,1.401,-266.25
camera,1790452776.55,0.872,1.419,-275.06
camera,1790452777.02,0.878,1.438,-282.05
camera,1790452777.52,0.879,1.442,-282.17
camera,1790452778.02,0.876,1.428,-282.22
camera,1790452778.52,0.866,1.383,-282.28
camera,1790452779.02,0.853,1.324,-282.36
camera,1790452779.55,0.839,1.262,-282.39
camera,1790452780.05,0.820,1.176,-282.45
camera,1790452780.52,0.799,1.082,-282.57
camera,1790452781.02,0.779,0.992,-282.65
camera,1790452781.55,0.753,0.877,-282.68
camera,1790452782.05,0.729,0.774,-282.80
camera,1790452782.52,0.707,0.673,-282.78
camera,1790452783.02,0.680,0.556,-282.88
camera,1790452783.52,0.653,0.441,-282.97
camera,1790452784.02,0.626,0.323,-282.97
camera,1790452784.52,0.599,0.206,-283.06
camera,1790452785.05,0.570,0.085,-283.12
camera,1790452785.55,0.543,-0.032,-283.22
camera,1790452786.02,0.520,-0.145,-281.82
camera,1790452786.52,0.507,-0.277,-277.56
camera,1790452787.05,0.493,-0.403,-276.91
camera,1790452787.55,0.479,-0.524,-276.80
camera,1790452790.05,0.399,-1.194,-276.57
camera,1790452790.55,0.385,-1.317,-276.53
camera,1790452791.09,0.370,-1.447,-276.63
camera,1790452791.55,0.357,-1.562,-276.56
camera,1790452792.02,0.343,-1.680,-276.56
camera,1790452792.52,0.329,-1.803,-276.61
camera,1790452793.02,0.315,-1.926,-276.58
camera,1790452793.52,0.301,-2.048,-276.53
camera,1790452794.05,0.285,-2.183,-276.57
camera,1790452794.55,0.270,-2.307,-276.63
camera,1790452795.05,0.256,-2.430,-276.65
camera,1790452795.55,0.241,-2.558,-276.66
camera,1790452796.05,0.227,-2.679,-276.70
camera,1790452796.55,0.211,-2.809,-276.72
camera,1790452797.05,0.197,-2.933,-276.81
camera,1790452797.52,0.183,-3.049,-276.78
camera,1790452798.02,0.167,-3.177,-276.87
camera,1790452798.55,0.151,-3.306,-276.91
camera,1790452799.05,0.136,-3.432,-276.88
camera,1790452799.52,0.122,-3.548,-276.99
camera,1790452800.02,0.107,-3.670,-277.00
camera,1790452800.52,0.091,-3.799,-276.93
camera,1790452801.02,0.076,-3.925,-277.03
camera,1790452801.52,0.061,-4.046,-277.05
camera,1790452802.05,0.044,-4.176,-277.09
camera,1790452802.55,0.030,-4.289,-277.10
camera,1790452803.02,0.014,-4.415,-277.17
camera,1790452803.55,-0.002,-4.543,-277.25
camera,1790452804.05,-0.018,-4.669,-277.26
camera,1790452804.52,-0.033,-4.781,-277.27
camera,1790452805.05,-0.051,-4.922,-277.31
camera,1790452805.55,-0.066,-5.043,-277.34
camera,1790452806.02,-0.080,-5.148,-277.35
camera,1790452806.55,-0.099,-5.288,-277.44
camera,1790452807.02,-0.114,-5.404,-277.37
camera,1790452807.52,-0.129,-5.521,-277.51
camera,1790452808.05,-0.149,-5.669,-277.59
camera,1790452808.52,-0.166,-5.795,-277.55
camera,1790452809.05,-0.183,-5.928,-277.64
camera,1790452809.59,-0.203,-6.078,-277.72
camera,1790452810.02,-0.219,-6.199,-277.56
camera,1790452810.55,-0.233,-6.303,-277.65
camera,1790452811.02,-0.233,-6.302,-277.64
camera,1790452811.55,-0.233,-6.305,-277.61
camera,1790452812.02,-0.228,-6.269,-277.66
camera,1790452812.55,-0.214,-6.166,-277.60
camera,1790452813.02,-0.205,-6.092,-277.54
camera,1790452813.55,-0.190,-5.983,-277.52
camera,1790452814.05,-0.178,-5.895,-277.45
camera,1790452814.52,-0.164,-5.784,-277.43
camera,1790452815.02,-0.151,-5.689,-277.41
camera,1790452815.55,-0.137,-5.583,-277.36
camera,1790452816.05,-0.124,-5.482,-277.35
camera,1790452816.52,-0.113,-5.395,-277.25
camera,1790452817.05,-0.100,-5.291,-277.25
camera,1790452817.52,-0.087,-5.189,-277.17
camera,1790452824.69,0.105,-3.657,-276.65
camera,1790452825.09,0.117,-3.553,-276.60
camera,1790452825.52,0.130,-3.441,-276.55
camera,1790452826.02,0.144,-3.315,-276.49
camera,1790452826.52,0.160,-3.176,-276.43
camera,1790452827.02,0.175,-3.035,-276.36
camera,1790452827.55,0.193,-2.880,-276.32
camera,1790452828.15,0.212,-2.707,-276.25
camera,1790452828.52,0.223,-2.599,-276.23
camera,1790452829.02,0.239,-2.453,-276.17
camera,1790452829.55,0.256,-2.298,-276.12
camera,1790452830.05,0.270,-2.158,-276.01
camera,1790452830.55,0.285,-2.013,-276.01
camera,1790452831.05,0.300,-1.869,-275.93
camera,1790452831.55,0.315,-1.728,-275.86
camera,1790452832.05,0.330,-1.582,-275.84
camera,1790452832.55,0.345,-1.435,-275.82
camera,1790452833.05,0.359,-1.297,-275.85
camera,1790452833.55,0.373,-1.157,-275.72
camera,1790452834.02,0.385,-1.032,-275.73
camera,1790452834.59,0.401,-0.873,-275.73
camera,1790452835.05,0.414,-0.743,-275.65
camera,1790452835.52,0.427,-0.607,-275.63
camera,1790452836.02,0.441,-0.461,-275.51
camera,1790452836.55,0.456,-0.306,-275.51
camera,1790452837.05,0.469,-0.172,-275.43
camera,1790452837.52,0.482,-0.033,-275.41
camera,1790452838.05,0.497,0.120,-275.44
camera,1790452838.55,0.510,0.263,-275.31
camera,1790452839.05,0.523,0.407,-275.32
camera,1790452839.59,0.537,0.562,-275.30
camera,1790452840.09,0.549,0.694,-275.23
camera,1790452840.55,0.561,0.819,-275.21
camera,1790452841.05,0.570,0.927,-275.14
camera,1790452841.59,0.570,0.927,-275.13
camera,1790452842.09,0.571,0.927,-276.06
camera,1790452842.55,0.579,0.953,-283.85
camera,1790452843.02,0.589,0.976,-290.15
camera,1790452843.52,0.599,0.995,-295.69
camera,1790452844.02,0.607,1.007,-302.22
camera,1790452844.52,0.632,1.035,-308.89
camera,1790452845.02,0.649,1.050,-315.46
camera,1790452845.55,0.672,1.065,-322.97
camera,1790452846.02,0.688,1.073,-329.58
camera,1790452846.59,0.664,1.069,-339.15
camera,1790452847.02,0.711,1.076,-348.77
camera,1790452847.52,0.751,1.078,-356.42
camera,1790452848.05,0.804,1.078,-357.54
camera,1790452848.52,0.830,1.079,-357.53
camera,1790452849.05,0.917,1.082,-357.56
camera,1790452849.52,0.988,1.085,-357.61
camera,1790452850.05,1.098,1.090,-357.64
camera,1790452850.52,1.188,1.093,-357.70
camera,1790452851.05,1.267,1.097,-357.84
camera,1790452851.55,1.397,1.103,-357.74
camera,1790452852.02,1.502,1.106,-357.86
camera,1790452852.55,1.599,1.111,-357.81
camera,1790452853.02,1.729,1.116,-357.85
camera,1790452853.55,1.839,1.122,-357.81
camera,1790452854.55,2.046,1.118,-364.09
camera,1790452855.02,2.199,1.090,-368.47
camera,1790452855.55,2.252,1.077,-372.49
camera,1790452856.02,2.256,1.076,-372.41
camera,1790452856.59,2.241,1.080,-372.42
camera,1790452857.05,2.213,1.087,-372.08
camera,1790452857.52,2.115,1.104,-370.31
camera,1790452858.05,2.067,1.109,-366.56
camera,1790452858.52,2.039,1.112,-366.85
camera,1790452859.05,2.030,1.113,-368.47
camera,1790452859.52,1.993,1.119,-368.59
camera,1790452860.05,1.945,1.129,-370.86
camera,1790452860.52,1.894,1.139,-371.30
camera,1790452861.09,1.805,1.157,-371.40
camera,1790452861.55,1.764,1.165,-371.50
camera,1790452862.02,1.674,1.185,-371.56
camera,1790452862.55,1.556,1.210,-371.62
camera,1790452863.02,1.470,1.227,-371.39
camera,1790452863.55,1.351,1.248,-370.62
camera,1790452864.02,1.287,1.260,-370.62
camera,1790452864.55,1.183,1.280,-370.49
camera,1790452865.02,1.109,1.294,-370.47
camera,1790452865.55,1.013,1.311,-370.47
camera,1790452866.02,0.923,1.328,-370.50
camera,1790452866.55,0.839,1.344,-370.49
camera,1790452867.05,0.748,1.361,-370.55
camera,1790452867.52,0.666,1.376,-370.58
camera,1790452868.05,0.647,1.380,-370.58
camera,1790452868.52,0.649,1.379,-370.59
camera,1790452869.02,0.661,1.377,-370.53
camera,1790452869.62,0.662,1.377,-370.56
camera,1790452870.02,0.657,1.378,-370.56
camera,1790452870.55,0.662,1.378,-370.56
camera,1790452871.02,0.653,1.379,-370.54
camera,1790452871.55,0.657,1.378,-370.56
camera,1790452872.02,0.657,1.378,-370.56
camera,1790452872.55,0.671,1.376,-370.59
camera,1790452873.05,0.658,1.378,-370.54
camera,1790452873.55,0.655,1.379,-370.58
camera,1790452874.12,0.660,1.378,-370.56
camera,1790452874.52,0.651,1.379,-370.55
camera,1790452875.05,0.653,1.379,-370.58
camera,1790452875.52,0.655,1.379,-370.56
camera,1790452876.09,0.664,1.377,-370.56
camera,1790452876.55,0.661,1.378,-370.59
camera,1790452877.02,0.657,1.378,-370.56
camera,1790452877.55,0.661,1.378,-370.56
camera,1790452878.02,0.657,1.378,-370.53
camera,1790452878.52,0.662,1.378,-370.57
camera,1790452879.05,0.666,1.377,-370.53
camera,1790452879.55,0.663,1.377,-370.56
camera,1790452880.02,0.657,1.378,-370.55
camera,1790452880.55,0.659,1.378,-370.54
camera,1790452881.02,0.660,1.378,-370.61
camera,1790452881.52,0.657,1.378,-370.59
camera,1790452882.02,0.661,1.378,-370.55
camera,1790452882.59,0.669,1.376,-370.58
camera,1790452883.05,0.660,1.378,-370.58
camera,1790452883.52,0.661,1.377,-370.58
camera,1790452884.12,0.662,1.377,-370.57
camera,1790452884.59,0.664,1.377,-370.57
camera,1790452885.02,0.663,1.377,-370.55
camera,1790452885.55,0.673,1.375,-370.59
camera,1790452886.02,0.664,1.377,-370.59
camera,1790452886.62,0.659,1.378,-370.55
camera,1790452887.02,0.669,1.376,-370.58
camera,1790452887.55,0.656,1.378,-370.54
camera,1790452888.02,0.660,1.378,-370.55
camera,1790452888.59,0.660,1.377,-370.55
camera,1790452889.02,0.655,1.378,-370.58
camera,1790452889.52,0.661,1.377,-370.54
camera,1790452890.12,0.657,1.378,-370.56
camera,1790452890.52,0.662,1.377,-370.55
camera,1790452891.05,0.655,1.378,-370.56
camera,1790452891.59,0.660,1.377,-370.58
camera,1790452892.15,0.657,1.378,-370.59
camera,1790452892.62,0.660,1.377,-370.56
camera,1790452893.09,0.659,1.378,-370.57
camera,1790452893.62,0.670,1.376,-370.53
camera,1790452894.09,0.656,1.378,-370.54
camera,1790452894.55,0.660,1.377,-370.55
camera,1790452895.09,0.664,1.377,-370.57
camera,1790452895.55,0.658,1.378,-370.55
camera,1790452896.05,0.657,1.378,-370.59
camera,1790452896.52,0.658,1.378,-370.57
camera,1790452897.09,0.661,1.377,-370.56
camera,1790452897.55,0.661,1.377,-370.57
camera,1790452898.02,0.647,1.380,-370.55
camera,1790452898.62,0.653,1.379,-370.59
camera,1790452899.09,0.657,1.378,-370.56
camera,1790452899.55,0.659,1.378,-370.57
camera,1790452900.12,0.659,1.378,-370.61
camera,1790452900.52,0.650,1.380,-370.58
camera,1790452901.12,0.659,1.378,-370.56
camera,1790452904.29,0.654,1.379,-370.60
camera,1790452904.59,0.663,1.377,-370.56
camera,1790452905.02,0.662,1.377,-370.54
camera,1790452905.59,0.661,1.378,-370.58
camera,1790452906.05,0.659,1.378,-370.58
camera,1790452906.59,0.659,1.378,-370.56
camera,1790452907.12,0.655,1.379,-370.58
camera,1790452907.59,0.655,1.379,-370.61
camera,1790452908.05,0.657,1.378,-370.54
camera,1790452908.55,0.658,1.378,-370.59
camera,1790452909.02,0.656,1.379,-370.55
camera,1790452909.55,0.660,1.378,-370.57
camera,1790452910.12,0.657,1.378,-370.57
camera,1790452910.52,0.658,1.378,-370.59
camera,1790452911.05,0.655,1.379,-370.57
camera,1790452911.52,0.660,1.378,-370.62
camera,1790452912.12,0.658,1.378,-370.56
camera,1790452912.59,0.646,1.380,-370.58
camera,1790452913.02,0.659,1.378,-370.57
camera,1790452913.62,0.662,1.377,-370.57
camera,1790452914.02,0.662,1.377,-370.58
camera,1790452914.62,0.658,1.378,-370.57
camera,1790452915.09,0.658,1.378,-370.60
camera,1790452915.55,0.662,1.377,-370.53
camera,1790452916.02,0.665,1.377,-370.58
camera,1790452916.59,0.674,1.375,-370.59
camera,1790452917.12,0.664,1.377,-370.59
camera,1790452917.52,0.668,1.376,-370.53
camera,1790452918.05,0.656,1.378,-370.54
camera,1790452918.52,0.667,1.376,-370.59
camera,1790452919.12,0.656,1.378,-370.56
camera,1790452919.59,0.663,1.377,-370.54
camera,1790452920.05,0.661,1.377,-370.54
camera,1790452920.59,0.676,1.375,-370.56
camera,1790452921.02,0.665,1.377,-370.57
camera,1790452921.55,0.660,1.378,-370.60
camera,1790452922.09,0.667,1.376,-370.56
camera,1790452922.59,0.663,1.377,-370.57
camera,1790452923.12,0.667,1.376,-370.55
camera,1790452923.52,0.659,1.378,-370.57
camera,1790452924.16,0.658,1.378,-370.59
camera,1790452924.55,0.659,1.378,-370.59
camera,1790452925.09,0.678,1.374,-370.59
camera,1790452925.55,0.663,1.377,-370.61
camera,1790452926.12,0.666,1.377,-370.55
camera,1790452926.59,0.670,1.376,-370.58
camera,1790452927.12,0.664,1.377,-370.59
camera,1790452927.62,0.661,1.378,-370.56
camera,1790452928.02,0.672,1.375,-370.56
camera,1790452928.59,0.659,1.378,-370.58
camera,1790452929.12,0.661,1.378,-370.62
camera,1790452929.52,0.660,1.378,-370.58
camera,1790452930.06,0.664,1.377,-370.56
camera,1790452930.59,0.667,1.376,-370.60
camera,1790452931.12,0.667,1.376,-370.56
camera,1790452931.52,0.659,1.378,-370.60
camera,1790452932.06,0.666,1.377,-370.57
