[1m[35m********************************************************[0m
[1m[35m**********                                    **********[0m
[1m[35m**********    RSLidar_SDK Version: v1.5.19     **********[0m
[1m[35m**********                                    **********[0m
[1m[35m********************************************************[0m
[1m[32m--------------------------------------------------------[0m
[1m[32mConfig loaded from PATH:[0m
[1m[32m/home/administrator/catkin_ws/src/rslidar_sdk/config/replay_config.yaml[0m
[1m[32m--------------------------------------------------------[0m
[1m[32m------------------------------------------------------[0m
[1m[32mReceive Packets From : ROS[0m
[1m[32mMsop Topic: /helios/packets[0m
[1m[32m------------------------------------------------------[0m
[1m[32m------------------------------------------------------[0m
[1m[32m             RoboSense Driver Parameters [0m
[32minput type: RAW_PACKET[0m
[32mlidar_type: RSHELIOS[0m
[32mframe_id: rslidar[0m
[32m------------------------------------------------------[0m
[1m[32m------------------------------------------------------[0m
[1m[32m             RoboSense Input Parameters [0m
[32mmsop_port: 6699[0m
[32mdifop_port: 7788[0m
[32mimu_port: 0[0m
[32muser_layer_bytes: 0[0m
[32mtail_layer_bytes: 0[0m
[32mhost_address: 0.0.0.0[0m
[32mgroup_address: 0.0.0.0[0m
[32msocket_recv_buf: 106496[0m
[32mpcap_path: /home/robosense/lidar.pcap[0m
[32mpcap_rate: 1[0m
[32mpcap_repeat: 1[0m
[32muse_vlan: 0[0m
[1m[32m------------------------------------------------------[0m
[1m[32m------------------------------------------------------[0m
[1m[32m             RoboSense Decoder Parameters [0m
[32mmin_distance: 0.2[0m
[32mmax_distance: 200[0m
[32muse_lidar_clock: 1[0m
[32mdense_points: 0[0m
[32mts_first_point: 1[0m
[32mwait_for_difop: 1[0m
[32mconfig_from_file: 0[0m
[32mangle_path: [0m
[32mstart_angle: 0[0m
[32mend_angle: 360[0m
[32msplit_frame_mode: 1[0m
[32msplit_angle: 180[0m
[32mnum_blks_split: 0[0m
[1m[32m------------------------------------------------------[0m
[1m[32m------------------------------------------------------[0m
[1m[32m             RoboSense Transform Parameters [0m
[32mx: 0[0m
[32my: 0[0m
[32mz: 0[0m
[32mroll: 0[0m
[32mpitch: 0[0m
[32myaw: 0[0m
[1m[32m------------------------------------------------------[0m
[1m[36m------------------------------------------------------[0m
[1m[36mSend PointCloud To : ROS[0m
[1m[36mPointCloud Topic: /helios/points[0m
[1m[36m------------------------------------------------------[0m
[1m[37mRoboSense-LiDAR-Driver is running.....[0m
[33m[ WARN] [1790452957.812992299]: RobotBodyFilter: No collision element found for link front_bumper_link of robot husky. This link will not be filtered out from laser scans.[0m
[33m[ WARN] [1790452957.813128685]: RobotBodyFilter: No collision element found for link rear_bumper_link of robot husky. This link will not be filtered out from laser scans.[0m
[33m[ WARN] [1790452958.374855996]: RobotBodyFilter: No collision element found for link top_chassis_link of robot husky. This link will not be filtered out from laser scans.[0m
[0m[ INFO] [1790452957.791951233]: RobotBodyFilter: Found parameter: sensor/point_by_point, value: False[0m
[0m[ INFO] [1790452957.794816073]: RobotBodyFilter: Found parameter: transforms/buffer_length, value: 60.000000 s[0m
[0m[ INFO] [1790452957.802484534]: RobotBodyFilter: Found parameter: frames/fixed, value: base_link[0m
[0m[ INFO] [1790452957.802560983]: RobotBodyFilter: Found parameter: frames/sensor, value: rslidar[0m
[0m[ INFO] [1790452957.802576471]: RobotBodyFilter: Found parameter: frames/filtering, value: base_link[0m
[0m[ INFO] [1790452957.802609304]: RobotBodyFilter: Found parameter: sensor/min_distance, value: 0.000000 m[0m
[0m[ INFO] [1790452957.802627512]: RobotBodyFilter: Found parameter: sensor/max_distance, value: 0.000000 m[0m
[0m[ INFO] [1790452957.802654168]: RobotBodyFilter: Found parameter: body_model/robot_description_param, value: robot_description[0m
[0m[ INFO] [1790452957.802674201]: RobotBodyFilter: Found parameter: filter/keep_clouds_organized, value: False[0m
[0m[ INFO] [1790452957.802697689]: RobotBodyFilter: Found parameter: filter/model_pose_update_interval, value: 0.000000 s[0m
[0m[ INFO] [1790452957.802715353]: RobotBodyFilter: Found parameter: filter/do_clipping, value: False[0m
[0m[ INFO] [1790452957.802730137]: RobotBodyFilter: Found parameter: filter/do_contains_test, value: True[0m
[0m[ INFO] [1790452957.802744922]: RobotBodyFilter: Found parameter: filter/do_shadow_test, value: False[0m
[0m[ INFO] [1790452957.802788378]: RobotBodyFilter: Parameter filter/max_shadow_distance not defined, assigning default: 0.000000 m[0m
[0m[ INFO] [1790452957.802814650]: RobotBodyFilter: Found parameter: transforms/timeout/reachable, value: 0.200000 s[0m
[0m[ INFO] [1790452957.802827771]: RobotBodyFilter: Found parameter: transforms/timeout/unreachable, value: 0.300000 s[0m
[0m[ INFO] [1790452957.802847163]: RobotBodyFilter: Parameter transforms/require_all_reachable not defined, assigning default: False[0m
[0m[ INFO] [1790452957.802862651]: RobotBodyFilter: Parameter bounding_sphere/publish_cut_out_pointcloud not defined, assigning default: False[0m
[0m[ INFO] [1790452957.802877627]: RobotBodyFilter: Parameter bounding_box/publish_cut_out_pointcloud not defined, assigning default: False[0m
[0m[ INFO] [1790452957.802892572]: RobotBodyFilter: Parameter oriented_bounding_box/publish_cut_out_pointcloud not defined, assigning default: False[0m
[0m[ INFO] [1790452957.802907516]: RobotBodyFilter: Parameter local_bounding_box/publish_cut_out_pointcloud not defined, assigning default: False[0m
[0m[ INFO] [1790452957.802921948]: RobotBodyFilter: Found parameter: bounding_sphere/compute, value: False[0m
[0m[ INFO] [1790452957.802936572]: RobotBodyFilter: Found parameter: bounding_box/compute, value: False[0m
[0m[ INFO] [1790452957.802951996]: RobotBodyFilter: Parameter oriented_bounding_box/compute not defined, assigning default: False[0m
[0m[ INFO] [1790452957.802966493]: RobotBodyFilter: Parameter local_bounding_box/compute not defined, assigning default: False[0m
[0m[ INFO] [1790452957.802981053]: RobotBodyFilter: Parameter bounding_sphere/debug not defined, assigning default: False[0m
[0m[ INFO] [1790452957.802992733]: RobotBodyFilter: Parameter bounding_box/debug not defined, assigning default: False[0m
[0m[ INFO] [1790452957.803008029]: RobotBodyFilter: Parameter oriented_bounding_box/debug not defined, assigning default: False[0m
[0m[ INFO] [1790452957.803022333]: RobotBodyFilter: Parameter local_bounding_box/debug not defined, assigning default: False[0m
[0m[ INFO] [1790452957.803036798]: RobotBodyFilter: Parameter bounding_sphere/marker not defined, assigning default: False[0m
[0m[ INFO] [1790452957.803051038]: RobotBodyFilter: Parameter bounding_box/marker not defined, assigning default: False[0m
[0m[ INFO] [1790452957.803066014]: RobotBodyFilter: Parameter oriented_bounding_box/marker not defined, assigning default: False[0m
[0m[ INFO] [1790452957.803079710]: RobotBodyFilter: Parameter local_bounding_box/marker not defined, assigning default: False[0m
[0m[ INFO] [1790452957.803097054]: RobotBodyFilter: Parameter local_bounding_box/frame_id not defined, assigning default: base_link[0m
[0m[ INFO] [1790452957.803111807]: RobotBodyFilter: Found parameter: debug/pcl/inside, value: False[0m
[0m[ INFO] [1790452957.803126367]: RobotBodyFilter: Parameter debug/pcl/clip not defined, assigning default: False[0m
[0m[ INFO] [1790452957.803141247]: RobotBodyFilter: Parameter debug/pcl/shadow not defined, assigning default: False[0m
[0m[ INFO] [1790452957.803152415]: RobotBodyFilter: Found parameter: debug/marker/contains, value: False[0m
[0m[ INFO] [1790452957.803166911]: RobotBodyFilter: Parameter debug/marker/shadow not defined, assigning default: False[0m
[0m[ INFO] [1790452957.803182400]: RobotBodyFilter: Parameter debug/marker/bounding_sphere not defined, assigning default: False[0m
[0m[ INFO] [1790452957.803197088]: RobotBodyFilter: Parameter debug/marker/bounding_box not defined, assigning default: False[0m
[0m[ INFO] [1790452957.803218016]: RobotBodyFilter: Found parameter: body_model/inflation/padding, value: 0.100000 m[0m
[0m[ INFO] [1790452957.803234688]: RobotBodyFilter: Found parameter: body_model/inflation/scale, value: 1.000000[0m
[0m[ INFO] [1790452957.803250273]: RobotBodyFilter: Parameter body_model/inflation/contains_test/padding not defined, assigning default: 0.100000 m[0m
[0m[ INFO] [1790452957.803266209]: RobotBodyFilter: Parameter body_model/inflation/contains_test/scale not defined, assigning default: 1.000000[0m
[0m[ INFO] [1790452957.803279201]: RobotBodyFilter: Parameter body_model/inflation/shadow_test/padding not defined, assigning default: 0.100000 m[0m
[0m[ INFO] [1790452957.803297857]: RobotBodyFilter: Parameter body_model/inflation/shadow_test/scale not defined, assigning default: 1.000000[0m
[0m[ INFO] [1790452957.803311234]: RobotBodyFilter: Parameter body_model/inflation/bounding_sphere/padding not defined, assigning default: 0.100000 m[0m
[0m[ INFO] [1790452957.803332290]: RobotBodyFilter: Parameter body_model/inflation/bounding_sphere/scale not defined, assigning default: 1.000000[0m
[0m[ INFO] [1790452957.803348898]: RobotBodyFilter: Parameter body_model/inflation/bounding_box/padding not defined, assigning default: 0.100000 m[0m
[0m[ INFO] [1790452957.803363650]: RobotBodyFilter: Parameter body_model/inflation/bounding_box/scale not defined, assigning default: 1.000000[0m
[0m[ INFO] [1790452957.803434083]: RobotBodyFilter: Parameter body_model/inflation/per_link/padding not defined, assigning default: {} m[0m
[0m[ INFO] [1790452957.803462628]: RobotBodyFilter: Parameter body_model/inflation/per_link/scale not defined, assigning default: {}[0m
[0m[ INFO] [1790452957.803509572]: RobotBodyFilter: Parameter ignored_links/bounding_sphere not defined, assigning default: [][0m
[0m[ INFO] [1790452957.803533957]: RobotBodyFilter: Parameter ignored_links/bounding_box not defined, assigning default: [][0m
[0m[ INFO] [1790452957.803550373]: RobotBodyFilter: Parameter ignored_links/contains_test not defined, assigning default: [][0m
[0m[ INFO] [1790452957.803606022]: RobotBodyFilter: Parameter ignored_links/shadow_test not defined, assigning default: ["laser"][0m
[0m[ INFO] [1790452957.803631718]: RobotBodyFilter: Parameter ignored_links/everywhere not defined, assigning default: [][0m
[0m[ INFO] [1790452957.803649766]: RobotBodyFilter: Parameter only_links not defined, assigning default: [][0m
[0m[ INFO] [1790452957.803665831]: RobotBodyFilter: Parameter body_model/dynamic_robot_description/field_name not defined, assigning default: robot_model[0m
[0m[ INFO] [1790452958.375270530]: RobotBodyFilter: Successfully configured.[0m
[0m[ INFO] [1790452958.375299362]: Filtering data in frame base_link[0m
[0m[ INFO] [1790452958.375312995]: RobotBodyFilter: Filtering into the following categories:[0m
[0m[ INFO] [1790452958.375328195]: RobotBodyFilter: 	OUTSIDE[0m
[0m[ INFO] [1790452958.375340483]: RobotBodyFilter: 	INSIDE[0m
[0m[ INFO] [1790452958.375353251]: RobotBodyFilter: [33m[ WARN] [1790452960.347909382]: Rtabmap: Parameter name changed: "Icp/PM" -> "Icp/Strategy". Please update your launch file accordingly. Value "true" is still set to the new parameter name.[0m
[33m[ WARN] [1790452960.351499513]: Rtabmap: Parameter name changed: "Icp/PMOutlierRatio" -> "Icp/OutlierRatio". Please update your launch file accordingly. Value "0.7" is still set to the new parameter name.[0m
[33m[ WARN] [1790452960.551148288]: Setting "Grid/Sensor" parameter to 0 (default 1) as "subscribe_scan", "subscribe_scan_cloud" or "gen_scan" is true. The occupancy grid map will be constructed from laser scans. To get occupancy grid map from camera's cloud projection, set "Grid/Sensor" to 1. To suppress this warning, add <param name="Grid/Sensor" type="string" value="0"/>[0m
[33m[ WARN] [1790452961.006158338]: There is no image subscription, bag-of-words loop closure detection will be disabled...[0m
[33m[ WARN] [1790452961.006398757]: Setting Kp/MaxFeatures=-1 (bag-of-words disabled)[0m
[33m[ WARN] [1790452973.785353271, 1790452014.196310156]: /rtabmap/rtabmap: Did not receive data since 5 seconds! Make sure the input topics are published ("$ rostopic hz my_topic") and the timestamps in their header are set. If topics are coming from different computers, make sure the clocks of the computers are synchronized ("ntpdate"). If topics are not published at the same rate, you could increase "sync_queue_size" and/or "topic_queue_size" parameters (current=10 and 10 respectively).
/rtabmap/rtabmap subscribed to (approx sync):
   /odometry/filtered \
   /helios/points_clean[0m
[31m[ERROR] [1790452974.577163180, 1790452014.880422040]: Filtering data from time 1790452014.880422040 failed.[0m
[0m[ INFO] [1790452959.145735578]: Starting node...[0m
[0m[ INFO] [1790452959.252666306]: Initializing nodelet with 12 worker threads.[0m
[0m[ INFO] [1790452959.688736411]: /rtabmap/rtabmap(maps): map_filter_radius          = 0.000000[0m
[0m[ INFO] [1790452959.688804476]: /rtabmap/rtabmap(maps): map_filter_angle           = 30.000000[0m
[0m[ INFO] [1790452959.688818269]: /rtabmap/rtabmap(maps): map_cleanup                = true[0m
[0m[ INFO] [1790452959.688838141]: /rtabmap/rtabmap(maps): map_always_update          = false[0m
[0m[ INFO] [1790452959.688848989]: /rtabmap/rtabmap(maps): map_empty_ray_tracing      = true[0m
[0m[ INFO] [1790452959.688858589]: /rtabmap/rtabmap(maps): cloud_output_voxelized     = true[0m
[0m[ INFO] [1790452959.688868701]: /rtabmap/rtabmap(maps): cloud_subtract_filtering   = false[0m
[0m[ INFO] [1790452959.688878941]: /rtabmap/rtabmap(maps): cloud_subtract_filtering_min_neighbors = 2[0m
[0m[ INFO] [1790452959.689354916]: /rtabmap/rtabmap(maps): octomap_tree_depth         = 16[0m
[0m[ INFO] [1790452959.715730649]: rtabmap: frame_id      = base_link[0m
[0m[ INFO] [1790452959.715793050]: rtabmap: map_frame_id  = map[0m
[0m[ INFO] [1790452959.715812186]: rtabmap: log_to_rosout_level = 4[0m
[0m[ INFO] [1790452959.715829755]: rtabmap: initial_pose  = [0m
[0m[ INFO] [1790452959.715848667]: rtabmap: use_action_for_goal  = false[0m
[0m[ INFO] [1790452959.715879675]: rtabmap: tf_delay      = 0.050000[0m
[0m[ INFO] [1790452959.715903708]: rtabmap: tf_tolerance  = 0.100000[0m
[0m[ INFO] [1790452959.715923196]: rtabmap: odom_sensor_sync   = false[0m
[0m[ INFO] [1790452959.715941372]: rtabmap: pub_loc_pose_only_when_localizing = false[0m
[0m[ INFO] [1790452959.716386499]: rtabmap: gen_scan  = false[0m
[0m[ INFO] [1790452959.716436099]: rtabmap: gen_depth  = false[0m
[0m[ INFO] [1790452959.717244367]: rtabmap: scan_cloud_max_points = 0[0m
[0m[ INFO] [1790452959.717275023]: rtabmap: scan_cloud_is_2d      = false[0m
[0m[ INFO] [1790452959.803058989]: Setting RTAB-Map parameter "Grid/CellSize"="0.02"[0m
[0m[ INFO] [1790452959.803678517]: Setting RTAB-Map parameter "Grid/ClusterRadius"="1"[0m
[0m[ INFO] [1790452959.813827845]: Setting RTAB-Map parameter "Grid/GroundIsObstacle"="true"[0m
[0m[ INFO] [1790452959.831764067]: Setting RTAB-Map parameter "Grid/RangeMax"="20"[0m
[0m[ INFO] [1790452959.866073768]: Setting RTAB-Map parameter "Icp/CorrespondenceRatio"="0.4"[0m
[0m[ INFO] [1790452959.869553625]: Setting RTAB-Map parameter "Icp/Epsilon"="0.001"[0m
[0m[ INFO] [1790452959.872838536]: Setting RTAB-Map parameter "Icp/Iterations"="10"[0m
[0m[ INFO] [1790452959.873262606]: Setting RTAB-Map parameter "Icp/MaxCorrespondenceDistance"="1"[0m
[0m[ INFO] [1790452959.875128552]: Setting RTAB-Map parameter "Icp/MaxTranslation"="3"[0m
[0m[ INFO] [1790452959.883919397]: Setting RTAB-Map parameter "Icp/PointToPlane"="false"[0m
[0m[ INFO] [1790452959.886047363]: Setting RTAB-Map parameter "Icp/PointToPlaneK"="20"[0m
[0m[ INFO] [1790452959.889902617]: Setting RTAB-Map parameter "Icp/PointToPlaneRadius"="0"[0m
[0m[ INFO] [1790452959.896208914]: Setting RTAB-Map parameter "Icp/VoxelSize"="0.3"[0m
[0m[ INFO] [1790452959.996036023]: Setting RTAB-Map parameter "Mem/NotLinkedNodesKept"="false"[0m
[0m[ INFO] [1790452960.006939505]: Setting RTAB-Map parameter "Mem/STMSize"="30"[0m
[0m[ INFO] [1790452960.028265470]: Setting RTAB-Map parameter "Optimizer/GravitySigma"="0.3"[0m
[0m[ INFO] [1790452960.054227310]: Setting RTAB-Map parameter "RGBD/AngularUpdate"="0.05"[0m
[0m[ INFO] [1790452960.065545198]: Setting RTAB-Map parameter "RGBD/LinearUpdate"="0.05"[0m
[0m[ INFO] [1790452960.084285719]: Setting RTAB-Map parameter "RGBD/NeighborLinkRefining"="false"[0m
[0m[ INFO] [1790452960.095364659]: Setting RTAB-Map parameter "RGBD/ProximityBySpace"="true"[0m
[0m[ INFO] [1790452960.099004679]: Setting RTAB-Map parameter "RGBD/ProximityMaxGraphDepth"="0"[0m
[0m[ INFO] [1790452960.105321504]: Setting RTAB-Map parameter "RGBD/ProximityPathMaxNeighbors"="1"[0m
[0m[ INFO] [1790452960.112979180]: Setting RTAB-Map parameter "Reg/Strategy"="1"[0m
[0m[ INFO] [1790452960.116175641]: Setting RTAB-Map parameter "Rtabmap/DetectionRate"="1"[0m
[0m[ INFO] [1790452960.552667285]: RTAB-Map detection rate = 1.000000 Hz[0m
[0m[ INFO] [1790452960.553320927]: rtabmap: Using database from "/media/administrator/USB Drive/slam_series2/s2_static_08/rtab_helios.db" (0 MB).[0m
[0m[ INFO] [1790452960.910654747]: rtabmap: Database version = "0.21.10".[0m
[0m[ INFO] [1790452960.910786781]: rtabmap: SLAM mode (Mem/IncrementalMemory=true)[0m
[0m[ INFO] [1790452960.968717456]: /rtabmap/rtabmap: subscribe_depth = false[0m
[0m[ INFO] [1790452960.968815698]: /rtabmap/rtabmap: subscribe_rgb = false[0m
[0m[ INFO] [1790452960.968836082]: /rtabmap/rtabmap: subscribe_stereo = false[0m
[0m[ INFO] [1790452960.968853138]: /rtabmap/rtabmap: subscribe_rgbd = false (rgbd_cameras=1)[0m
[0m[ INFO] [1790452960.968875507]: /rtabmap/rtabmap: subscribe_sensor_data = false[0m
[0m[ INFO] [1790452960.968893011]: /rtabmap/rtabmap: subscribe_odom_info = false[0m
[0m[ INFO] [1790452960.968908723]: /rtabmap/rtabmap: subscribe_user_data = false[0m
[0m[ INFO] [1790452960.968924947]: /rtabmap/rtabmap: subscribe_scan = false[0m
[0m[ INFO] [1790452960.968948692]: /rtabmap/rtabmap: subscribe_scan_cloud = true[0m
[0m[ INFO] [1790452960.968967924]: /rtabmap/rtabmap: subscribe_scan_descriptor = false[0m
[0m[ INFO] [1790452960.968983732]: /rtabmap/rtabmap: topic_queue_size = 10[0m
[0m[ INFO] [1790452960.968998772]: /rtabmap/rtabmap: sync_queue_size = 10[0m
[0m[ INFO] [1790452960.969013685]: /rtabmap/rtabmap: approx_sync = true[0m
[0m[ INFO] [1790452960.982342481]: Setup scan callback[0m
[0m[ INFO] [1790452961.001346014]: 
/rtabmap/rtabmap subscribed to (approx sync):
   /odometry/filtered \
   /helios/points_clean[0m
[0m[ INFO] [1790452961.259559167]: rtabmap 0.21.10 started...[0m
[0m[ INFO] [1790452975.482872989, 1790452015.788295496]: rtabmap (1): Rate=1.00s, Limit=0.000s, Conversion=0.0039s, RTAB-Map=0.1963s, Maps update=0.0004s pub=0.0005s (local map=1, WM=1)[0m
Warning: TF_REPEATED_DATA ignoring data with redundant timestamp for frame odom (parent map) at time 1790452016.045880 according to authority unknown_publisher
         at line 278 in /tmp/binarydeb/ros-noetic-tf2-0.7.7/src/buffer_core.cpp
[33m[ WARN] [1790452975.638119873, 1790452015.945880013]: TF_REPEATED_DATA ignoring data with redundant timestamp for frame odom (parent map) at time 1790452016.045880 according to authority unknown_publisher[0m
Warning: TF_REPEATED_DATA ignoring data with redundant timestamp for frame odom (parent map) at time 1790452016.045880 according to authority /rtabmap/rtabmap
         at line 278 in /tmp/binarydeb/ros-noetic-tf2-0.7.7/src/buffer_core.cpp
[0m[ INFO] [1790452976.472688838, 1790452016.783691134]: rtabmap (2): Rate=1.00s, Limit=0.000s, Conversion=0.0018s, RTAB-Map=0.1946s, Maps update=0.0001s pub=0.0001s (local map=1, WM=1)[0m
[0m[ INFO] [1790452977.545897594, 1790452017.852656535]: rtabmap (3): Rate=1.00s, Limit=0.000s, Conversion=0.0012s, RTAB-Map=0.1703s, Maps update=0.0001s pub=0.0001s (local map=1, WM=1)[0m
[0m[ INFO] [1790452978.649726517, 1790452018.957761508]: rtabmap (4): Rate=1.00s, Limit=0.000s, Conversion=0.0012s, RTAB-Map=0.1740s, Maps update=0.0001s pub=0.0001s (local map=1, WM=1)[0m
[0m[ INFO] [1790452979.644653969, 1790452019.956735769]: rtabmap (5): Rate=1.00s, Limit=0.000s, Conversion=0.0008s, RTAB-Map=0.1617s, Maps update=0.0001s pub=0.0001s (local map=1, WM=1)[0m
[0m[ INFO] [1790452980.755039769, 1790452021.066633082]: rtabmap (6): Rate=1.00s, Limit=0.000s, Conversion=0.0022s, RTAB-Map=0.1723s, Maps update=0.0001s pub=0.0001s (local map=1, WM=1)[0m
[0m[ INFO] [1790452981.761842511, 1790452022.072199583]: rtabmap (7): Rate=1.00s, Limit=0.000s, Conversion=0.0020s, RTAB-Map=0.1826s, Maps update=0.0001s pub=0.0001s (local map=1, WM=1)[0m
[0m[ INFO] [1790452982.721200071, 1790452023.031107216]: rtabmap (8): Rate=1.00s, Limit=0.000s, Conversion=0.0009s, RTAB-Map=0.1551s, Maps update=0.0001s pub=0.0001s (local map=1, WM=1)[0m
[0m[ INFO] [1790452983.834655429, 1790452024.145975842]: rtabmap (9): Rate=1.00s, Limit=0.000s, Conversion=0.0013s, RTAB-Map=0.1713s, Maps update=0.0001s pub=0.0001s (local map=1, WM=1)[0m
[0m[ INFO] [1790452984.841642730, 1790452025.146794033]: rtabmap (10): Rate=1.00s, Limit=0.000s, Conversion=0.0013s, RTAB-Map=0.1702s, Maps update=0.0001s pub=0.0001s (local map=1, WM=1)[0m
[0m[ INFO] [1790452985.825837195, 1790452026.129327226]: rtabmap (11): Rate=1.00s, Limit=0.000s, Conversion=0.0008s, RTAB-Map=0.1540s, Maps update=0.0001s pub=0.0002s (local map=1, WM=1)[0m
[0m[ INFO] [1790452986.942014362, 1790452027.245415112]: rtabmap (12): Rate=1.00s, Limit=0.000s, Conversion=0.0008s, RTAB-Map=0.1550s, Maps update=0.0001s pub=0.0001s (local map=1, WM=1)[0m
[0m[ INFO] [1790452988.016974978, 1790452028.326256546]: rtabmap (13): Rate=1.00s, Limit=0.000s, Conversion=0.0008s, RTAB-Map=0.1573s, Maps update=0.0001s pub=0.0001s (local map=1, WM=1)[0m
[0m[ INFO] [1790452989.066411806, 1790452029.376385096]: rtabmap (14): Rate=1.00s, Limit=0.000s, Conversion=0.0013s, RTAB-Map=0.1707s, Maps update=0.0002s pub=0.0001s (local map=1, WM=1)[0m
[0m[ INFO] [1790452990.134258517, 1790452030.437641507]: rtabmap (15): Rate=1.00s, Limit=0.000s, Conversion=0.0013s, RTAB-Map=0.1668s, Maps update=0.0001s pub=0.0001s (local map=1, WM=1)[0m
[0m[ INFO] [1790452991.144740933, 1790452031.447744846]: rtabmap (16): Rate=1.00s, Limit=0.000s, Conversion=0.0013s, RTAB-Map=0.1723s, Maps update=0.0001s pub=0.0001s (local map=1, WM=1)[0m
[0m[ INFO] [1790452992.236556156, 1790452032.548824231]: rtabmap (17): Rate=1.00s, Limit=0.000s, Conversion=0.0013s, RTAB-Map=0.1689s, Maps update=0.0001s pub=0.0001s (local map=1, WM=1)[0m
[0m[ INFO] [1790452993.351021576, 1790452033.660329577]: rtabmap (18): Rate=1.00s, Limit=0.000s, Conversion=0.0013s, RTAB-Map=0.1708s, Maps update=0.0001s pub=0.0001s (local map=1, WM=1)[0m
[0m[ INFO] [1790452994.360025360, 1790452034.671936182]: rtabmap (19): Rate=1.00s, Limit=0.000s, Conversion=0.0011s, RTAB-Map=0.1858s, Maps update=0.0001s pub=0.0001s (local map=1, WM=1)[0m
[0m[ INFO] [1790452995.457885671, 1790452035.765105164]: rtabmap (20): Rate=1.00s, Limit=0.000s, Conversion=0.0015s, RTAB-Map=0.1883s, Maps update=0.0001s pub=0.0001s (local map=1, WM=1)[0m
[0m[ INFO] [1790452996.557754484, 1790452036.863722886]: rtabmap (21): Rate=1.00s, Limit=0.000s, Conversion=0.0026s, RTAB-Map=0.1778s, Maps update=0.0001s pub=0.0003s (local map=1, WM=1)[0m
[0m[ INFO] [1790452997.627325523, 1790452037.938816499]: rtabmap (22): Rate=1.00s, Limit=0.000s, Conversion=0.0009s, RTAB-Map=0.1552s, Maps update=0.0001s pub=0.0001s (local map=1, WM=1)[0m
[0m[ INFO] [1790452998.628316883, 1790452038.938806757]: rtabmap (23): Rate=1.00s, Limit=0.000s, Conversion=0.0008s, RTAB-Map=0.1559s, Maps update=0.0001s pub=0.0001s (local map=1, WM=1)[0m
[0m[ INFO] [1790452999.735324206, 1790452040.041975083]: rtabmap (24): Rate=1.00s, Limit=0.000s, Conversion=0.0008s, RTAB-Map=0.1676s, Maps update=0.0001s pub=0.0001s (local map=1, WM=1)[0m
[0m[ INFO] [1790453000.744213551, 1790452041.050076609]: rtabmap (25): Rate=1.00s, Limit=0.000s, Conversion=0.0013s, RTAB-Map=0.1689s, Maps update=0.0001s pub=0.0001s (local map=1, WM=1)[0m
[0m[ INFO] [1790453001.732246985, 1790452042.043817098]: rtabmap (26): Rate=1.00s, Limit=0.000s, Conversion=0.0008s, RTAB-Map=0.1534s, Maps update=0.0001s pub=0.0001s (local map=1, WM=1)[0m
[0m[ INFO] [1790453002.737702831, 1790452043.045135703]: rtabmap (27): Rate=1.00s, Limit=0.000s, Conversion=0.0013s, RTAB-Map=0.1568s, Maps update=0.0001s pub=0.0001s (local map=1, WM=1)[0m
[0m[ INFO] [1790453003.844728945, 1790452044.155390533]: rtabmap (28): Rate=1.00s, Limit=0.000s, Conversion=0.0013s, RTAB-Map=0.1716s, Maps update=0.0001s pub=0.0001s (local map=1, WM=1)[0m
[0m[ INFO] [1790453004.854520167, 1790452045.166947732]: rtabmap (29): Rate=1.00s, Limit=0.000s, Conversion=0.0013s, RTAB-Map=0.1715s, Maps update=0.0001s pub=0.0001s (local map=1, WM=1)[0m
[0m[ INFO] [1790453005.824853556, 1790452046.137262977]: rtabmap (30): Rate=1.00s, Limit=0.000s, Conversion=0.0008s, RTAB-Map=0.1541s, Maps update=0.0001s pub=0.0001s (local map=1, WM=1)[0m
[0m[ INFO] [1790453006.928878041, 1790452047.237433328]: rtabmap (31): Rate=1.00s, Limit=0.000s, Conversion=0.0013s, RTAB-Map=0.1692s, Maps update=0.0001s pub=0.0001s (local map=1, WM=1)[0m
[0m[ INFO] [1790453007.938824320, 1790452048.249500181]: rtabmap (32): Rate=1.00s, Limit=0.000s, Conversion=0.0008s, RTAB-Map=0.1683s, Maps update=0.0001s pub=0.0001s (local map=1, WM=1)[0m
[0m[ INFO] [1790453008.950183477, 1790452049.259595832]: rtabmap (33): Rate=1.00s, Limit=0.000s, Conversion=0.0013s, RTAB-Map=0.1726s, Maps update=0.0002s pub=0.0001s (local map=1, WM=1)[0m
[0m[ INFO] [1790453010.027088367, 1790452050.329349807]: rtabmap (34): Rate=1.00s, Limit=0.000s, Conversion=0.0008s, RTAB-Map=0.1536s, Maps update=0.0001s pub=0.0001s (local map=1, WM=1)[0m
[0m[ INFO] [1790453011.148553899, 1790452051.460216205]: rtabmap (35): Rate=1.00s, Limit=0.000s, Conversion=0.0012s, RTAB-Map=0.1718s, Maps update=0.0001s pub=0.0001s (local map=1, WM=1)[0m
[0m[ INFO] [1790453012.155912183, 1790452052.459715052]: rtabmap (36): Rate=1.00s, Limit=0.000s, Conversion=0.0013s, RTAB-Map=0.1747s, Maps update=0.0001s pub=0.0001s (local map=1, WM=1)[0m
[0m[ INFO] [1790453013.240947278, 1790452053.552995510]: rtabmap (37): Rate=1.00s, Limit=0.000s, Conversion=0.0013s, RTAB-Map=0.1840s, Maps update=0.0001s pub=0.0001s (local map=1, WM=1)[0m
[0m[ INFO] [1790453014.240946440, 1790452054.550681296]: rtabmap (38): Rate=1.00s, Limit=0.000s, Conversion=0.0017s, RTAB-Map=0.1733s, Maps update=0.0001s pub=0.0001s (local map=1, WM=1)[0m
[0m[ INFO] [1790453015.322110334, 1790452055.628644153]: rtabmap (39): Rate=1.00s, Limit=0.000s, Conversion=0.0008s, RTAB-Map=0.1537s, Maps update=0.0001s pub=0.0001s (local map=1, WM=1)[0m
[0m[ INFO] [1790453016.349833324, 1790452056.653074394]: rtabmap (40): Rate=1.00s, Limit=0.000s, Conversion=0.0013s, RTAB-Map=0.1718s, Maps update=0.0001s pub=0.0001s (local map=1, WM=1)[0m
[0m[ INFO] [1790453017.430401933, 1790452057.733244374]: rtabmap (41): Rate=1.00s, Limit=0.000s, Conversion=0.0013s, RTAB-Map=0.1592s, Maps update=0.0001s pub=0.0001s (local map=1, WM=1)[0m
Warning: TF_REPEATED_DATA ignoring data with redundant timestamp for frame odom (parent map) at time 1790452058.756080 according to authority unknown_publisher
         at line 278 in /tmp/binarydeb/ros-noetic-tf2-0.7.7/src/buffer_core.cpp
Warning: TF_REPEATED_DATA ignoring data with redundant timestamp for frame odom (parent map) at time 1790452058.756080 according to authority /rtabmap/rtabmap
         at line 278 in /tmp/binarydeb/ros-noetic-tf2-0.7.7/src/buffer_core.cpp
[33m[ WARN] [1790453018.344435247, 1790452058.656080113]: TF_REPEATED_DATA ignoring data with redundant timestamp for frame odom (parent map) at time 1790452058.756080 according to authority unknown_publisher[0m
[0m[ INFO] [1790453018.434643499, 1790452058.746739252]: rtabmap (42): Rate=1.00s, Limit=0.000s, Conversion=0.0008s, RTAB-Map=0.1549s, Maps update=0.0001s pub=0.0001s (local map=1, WM=1)[0m
[0m[ INFO] [1790453019.525826035, 1790452059.836183939]: rtabmap (43): Rate=1.00s, Limit=0.000s, Conversion=0.0008s, RTAB-Map=0.1550s, Maps update=0.0001s pub=0.0002s (local map=1, WM=1)[0m
[0m[ INFO] [1790453020.544415244, 1790452060.847679546]: rtabmap (44): Rate=1.00s, Limit=0.000s, Conversion=0.0012s, RTAB-Map=0.1710s, Maps update=0.0001s pub=0.0001s (local map=1, WM=1)[0m
[0m[ INFO] [1790453021.640957521, 1790452061.945581811]: rtabmap (45): Rate=1.00s, Limit=0.000s, Conversion=0.0013s, RTAB-Map=0.1639s, Maps update=0.0001s pub=0.0001s (local map=1, WM=1)[0m
[0m[ INFO] [1790453022.749387348, 1790452063.056508696]: rtabmap (46): Rate=1.00s, Limit=0.000s, Conversion=0.0013s, RTAB-Map=0.1704s, Maps update=0.0001s pub=0.0001s (local map=1, WM=1)[0m
[0m[ INFO] [1790453023.853928251, 1790452064.158110006]: rtabmap (47): Rate=1.00s, Limit=0.000s, Conversion=0.0013s, RTAB-Map=0.1730s, Maps update=0.0002s pub=0.0001s (local map=1, WM=1)[0m
[0m[ INFO] [1790453024.839915164, 1790452065.151106616]: rtabmap (48): Rate=1.00s, Limit=0.000s, Conversion=0.0012s, RTAB-Map=0.1715s, Maps update=0.0001s pub=0.0001s (local map=1, WM=1)[0m
[0m[ INFO] [1790453025.929329031, 1790452066.232601173]: rtabmap (49): Rate=1.00s, Limit=0.000s, Conversion=0.0011s, RTAB-Map=0.1559s, Maps update=0.0001s pub=0.0001s (local map=1, WM=1)[0m
[0m[ INFO] [1790453026.951935541, 1790452067.256816698]: rtabmap (50): Rate=1.00s, Limit=0.000s, Conversion=0.0013s, RTAB-Map=0.1716s, Maps update=0.0001s pub=0.0001s (local map=1, WM=1)[0m
[0m[ INFO] [1790453027.944692195, 1790452068.255574778]: rtabmap (51): Rate=1.00s, Limit=0.000s, Conversion=0.0013s, RTAB-Map=0.1630s, Maps update=0.0001s pub=0.0001s (local map=1, WM=1)[0m
[0m[ INFO] [1790453029.031585881, 1790452069.336171003]: rtabmap (52): Rate=1.00s, Limit=0.000s, Conversion=0.0008s, RTAB-Map=0.1557s, Maps update=0.0001s pub=0.0001s (local map=1, WM=1)[0m
[0m[ INFO] [1790453030.046362763, 1790452070.351164272]: rtabmap (53): Rate=1.00s, Limit=0.000s, Conversion=0.0014s, RTAB-Map=0.1712s, Maps update=0.0001s pub=0.0001s (local map=1, WM=1)[0m
[0m[ INFO] [1790453031.126883359, 1790452071.434442825]: rtabmap (54): Rate=1.00s, Limit=0.000s, Conversion=0.0009s, RTAB-Map=0.1678s, Maps update=0.0001s pub=0.0001s (local map=1, WM=1)[0m
[0m[ INFO] [1790453032.234295581, 1790452072.545700028]: rtabmap (55): Rate=1.00s, Limit=0.000s, Conversion=0.0012s, RTAB-Map=0.1734s, Maps update=0.0001s pub=0.0001s (local map=1, WM=1)[0m
[0m[ INFO] [1790453033.236562643, 1790452073.546771713]: rtabmap (56): Rate=1.00s, Limit=0.000s, Conversion=0.0016s, RTAB-Map=0.1747s, Maps update=0.0002s pub=0.0001s (local map=1, WM=1)[0m
[0m[ INFO] [1790453034.234582186, 1790452074.537801816]: rtabmap (57): Rate=1.00s, Limit=0.000s, Conversion=0.0011s, RTAB-Map=0.1631s, Maps update=0.0001s pub=0.0001s (local map=1, WM=1)[0m
[0m[ INFO] [1790453035.341337486, 1790452075.649088570]: rtabmap (58): Rate=1.00s, Limit=0.000s, Conversion=0.0016s, RTAB-Map=0.1761s, Maps update=0.0001s pub=0.0001s (local map=1, WM=1)[0m
[0m[ INFO] [1790453036.444465786, 1790452076.749556610]: rtabmap (59): Rate=1.00s, Limit=0.000s, Conversion=0.0019s, RTAB-Map=0.1705s, Maps update=0.0001s pub=0.0001s (local map=1, WM=1)[0m
[0m[ INFO] [1790453037.445966128, 1790452077.753534811]: rtabmap (60): Rate=1.00s, Limit=0.000s, Conversion=0.0013s, RTAB-Map=0.1707s, Maps update=0.0001s pub=0.0001s (local map=1, WM=1)[0m
[0m[ INFO] [1790453038.553003911, 1790452078.862741487]: rtabmap (61): Rate=1.00s, Limit=0.000s, Conversion=0.0014s, RTAB-Map=0.1749s, Maps update=0.0001s pub=0.0001s (local map=1, WM=1)[0m
[0m[ INFO] [1790453039.527605762, 1790452079.833192434]: rtabmap (62): Rate=1.00s, Limit=0.000s, Conversion=0.0010s, RTAB-Map=0.1595s, Maps update=0.0001s pub=0.0001s (local map=1, WM=1)[0m
[0m[ INFO] [1790453040.618702067, 1790452080.927143690]: rtabmap (63): Rate=1.00s, Limit=0.000s, Conversion=0.0009s, RTAB-Map=0.1560s, Maps update=0.0001s pub=0.0001s (local map=1, WM=1)[0m
[0m[ INFO] [1790453041.728739746, 1790452082.039791356]: rtabmap (64): Rate=1.00s, Limit=0.000s, Conversion=0.0008s, RTAB-Map=0.1566s, Maps update=0.0001s pub=0.0001s (local map=1, WM=1)[0m
[0m[ INFO] [1790453042.827663250, 1790452083.132120786]: rtabmap (65): Rate=1.00s, Limit=0.000s, Conversion=0.0011s, RTAB-Map=0.1610s, Maps update=0.0001s pub=0.0001s (local map=1, WM=1)[0m
[0m[ INFO] [1790453043.942295315, 1790452084.253051273]: rtabmap (66): Rate=1.00s, Limit=0.000s, Conversion=0.0013s, RTAB-Map=0.1653s, Maps update=0.0001s pub=0.0001s (local map=1, WM=1)[0m
[0m[ INFO] [1790453044.934134465, 1790452085.244017803]: rtabmap (67): Rate=1.00s, Limit=0.000s, Conversion=0.0012s, RTAB-Map=0.1548s, Maps update=0.0001s pub=0.0001s (local map=1, WM=1)[0m
[0m[ INFO] [1790453046.025859678, 1790452086.333236326]: rtabmap (68): Rate=1.00s, Limit=0.000s, Conversion=0.0009s, RTAB-Map=0.1598s, Maps update=0.0001s pub=0.0001s (local map=1, WM=1)[0m
Warning: TF_REPEATED_DATA ignoring data with redundant timestamp for frame odom (parent map) at time 1790452086.769432 according to authority unknown_publisher
         at line 278 in /tmp/binarydeb/ros-noetic-tf2-0.7.7/src/buffer_core.cpp
[33m[ WARN] [1790453046.358816287, 1790452086.669432019]: TF_REPEATED_DATA ignoring data with redundant timestamp for frame odom (parent map) at time 1790452086.769432 according to authority unknown_publisher[0m
Warning: TF_REPEATED_DATA ignoring data with redundant timestamp for frame odom (parent map) at time 1790452086.769432 according to authority /rtabmap/rtabmap
         at line 278 in /tmp/binarydeb/ros-noetic-tf2-0.7.7/src/buffer_core.cpp
[0m[ INFO] [1790453047.040406999, 1790452087.344922904]: rtabmap (69): Rate=1.00s, Limit=0.000s, Conversion=0.0012s, RTAB-Map=0.1678s, Maps update=0.0001s pub=0.0001s (local map=1, WM=1)[0m
[0m[ INFO] [1790453048.047427494, 1790452088.355225043]: rtabmap (70): Rate=1.00s, Limit=0.000s, Conversion=0.0013s, RTAB-Map=0.1680s, Maps update=0.0001s pub=0.0001s (local map=1, WM=1)[0m
[0m[ INFO] [1790453049.145023810, 1790452089.449074781]: rtabmap (71): Rate=1.00s, Limit=0.000s, Conversion=0.0013s, RTAB-Map=0.1714s, Maps update=0.0001s pub=0.0001s (local map=1, WM=1)[0m
[0m[ INFO] [1790453050.130355679, 1790452090.442951982]: rtabmap (72): Rate=1.00s, Limit=0.000s, Conversion=0.0011s, RTAB-Map=0.1620s, Maps update=0.0002s pub=0.0001s (local map=1, WM=1)[0m
[0m[ INFO] [1790453051.234420552, 1790452091.542922752]: rtabmap (73): Rate=1.00s, Limit=0.000s, Conversion=0.0013s, RTAB-Map=0.1612s, Maps update=0.0001s pub=0.0001s (local map=1, WM=1)[0m
[0m[ INFO] [1790453052.345476812, 1790452092.654420458]: rtabmap (74): Rate=1.00s, Limit=0.000s, Conversion=0.0013s, RTAB-Map=0.1660s, Maps update=0.0001s pub=0.0001s (local map=1, WM=1)[0m
[0m[ INFO] [1790453053.347510269, 1790452093.657252005]: rtabmap (75): Rate=1.00s, Limit=0.000s, Conversion=0.0010s, RTAB-Map=0.1759s, Maps update=0.0001s pub=0.0001s (local map=1, WM=1)[0m
[0m[ INFO] [1790453054.338365841, 1790452094.648403774]: rtabmap (76): Rate=1.00s, Limit=0.000s, Conversion=0.0009s, RTAB-Map=0.1553s, Maps update=0.0001s pub=0.0001s (local map=1, WM=1)[0m
[0m[ INFO] [1790453055.435221700, 1790452095.743066130]: rtabmap (77): Rate=1.00s, Limit=0.000s, Conversion=0.0013s, RTAB-Map=0.1624s, Maps update=0.0001s pub=0.0001s (local map=1, WM=1)[0m
[0m[ INFO] [1790453056.425036544, 1790452096.734611430]: rtabmap (78): Rate=1.00s, Limit=0.000s, Conversion=0.0008s, RTAB-Map=0.1572s, Maps update=0.0001s pub=0.0001s (local map=1, WM=1)[0m
[0m[ INFO] [1790453057.436229019, 1790452097.744187275]: rtabmap (79): Rate=1.00s, Limit=0.000s, Conversion=0.0010s, RTAB-Map=0.1715s, Maps update=0.0001s pub=0.0001s (local map=1, WM=1)[0m
[0m[ INFO] [1790453058.536995091, 1790452098.843657265]: rtabmap (80): Rate=1.00s, Limit=0.000s, Conversion=0.0008s, RTAB-Map=0.1731s, Maps update=0.0001s pub=0.0001s (local map=1, WM=1)[0m
[0m[ INFO] [1790453059.519892323, 1790452099.832549363]: rtabmap (81): Rate=1.00s, Limit=0.000s, Conversion=0.0013s, RTAB-Map=0.1579s, Maps update=0.0001s pub=0.0001s (local map=1, WM=1)[0m
[0m[ INFO] [1790453060.547748562, 1790452100.851680236]: rtabmap (82): Rate=1.00s, Limit=0.000s, Conversion=0.0009s, RTAB-Map=0.1715s, Maps update=0.0001s pub=0.0001s (local map=1, WM=1)[0m
[0m[ INFO] [1790453061.660882754, 1790452101.963780238]: rtabmap (83): Rate=1.00s, Limit=0.000s, Conversion=0.0013s, RTAB-Map=0.1872s, Maps update=0.0001s pub=0.0001s (local map=1, WM=1)[0m
[0m[ INFO] [1790453062.642012077, 1790452102.944815127]: rtabmap (84): Rate=1.00s, Limit=0.000s, Conversion=0.0012s, RTAB-Map=0.1735s, Maps update=0.0001s pub=0.0001s (local map=1, WM=1)[0m
[0m[ INFO] [1790453063.744098845, 1790452104.048993764]: rtabmap (85): Rate=1.00s, Limit=0.000s, Conversion=0.0019s, RTAB-Map=0.1674s, Maps update=0.0001s pub=0.0001s (local map=1, WM=1)[0m
[0m[ INFO] [1790453064.739185468, 1790452105.049917170]: rtabmap (86): Rate=1.00s, Limit=0.000s, Conversion=0.0013s, RTAB-Map=0.1690s, Maps update=0.0001s pub=0.0001s (local map=1, WM=1)[0m
[0m[ INFO] [1790453065.748572312, 1790452106.052647316]: rtabmap (87): Rate=1.00s, Limit=0.000s, Conversion=0.0013s, RTAB-Map=0.1727s, Maps update=0.0001s pub=0.0001s (local map=1, WM=1)[0m
[0m[ INFO] [1790453066.841201368, 1790452107.152007663]: rtabmap (88): Rate=1.00s, Limit=0.000s, Conversion=0.0013s, RTAB-Map=0.1695s, Maps update=0.0001s pub=0.0001s (local map=1, WM=1)[0m
[0m[ INFO] [1790453067.849026262, 1790452108.161474275]: rtabmap (89): Rate=1.00s, Limit=0.000s, Conversion=0.0014s, RTAB-Map=0.1741s, Maps update=0.0001s pub=0.0001s (local map=1, WM=1)[0m
[0m[ INFO] [1790453068.934714574, 1790452109.242492445]: rtabmap (90): Rate=1.00s, Limit=0.000s, Conversion=0.0018s, RTAB-Map=0.1563s, Maps update=0.0001s pub=0.0001s (local map=1, WM=1)[0m
[0m[ INFO] [1790453069.947325732, 1790452110.254694828]: rtabmap (91): Rate=1.00s, Limit=0.000s, Conversion=0.0018s, RTAB-Map=0.1681s, Maps update=0.0001s pub=0.0001s (local map=1, WM=1)[0m
[0m[ INFO] [1790453070.933200267, 1790452111.242696656]: rtabmap (92): Rate=1.00s, Limit=0.000s, Conversion=0.0009s, RTAB-Map=0.1671s, Maps update=0.0001s pub=0.0001s (local map=1, WM=1)[0m
[0m[ INFO] [1790453072.032113799, 1790452112.343953261]: rtabmap (93): Rate=1.00s, Limit=0.000s, Conversion=0.0009s, RTAB-Map=0.1536s, Maps update=0.0001s pub=0.0001s (local map=1, WM=1)[0m
[0m[ INFO] [1790453073.147111800, 1790452113.453533332]: rtabmap (94): Rate=1.00s, Limit=0.000s, Conversion=0.0013s, RTAB-Map=0.1732s, Maps update=0.0001s pub=0.0001s (local map=1, WM=1)[0m
[0m[ INFO] [1790453074.261295321, 1790452114.573789927]: rtabmap (95): Rate=1.00s, Limit=0.000s, Conversion=0.0013s, RTAB-Map=0.1721s, Maps update=0.0001s pub=0.0001s (local map=1, WM=1)[0m
[0m[ INFO] [1790453075.251190852, 1790452115.556796917]: rtabmap (96): Rate=1.00s, Limit=0.000s, Conversion=0.0008s, RTAB-Map=0.1603s, Maps update=0.0001s pub=0.0001s (local map=1, WM=1)[0m
[0m[ INFO] [1790453076.352638766, 1790452116.657127344]: rtabmap (97): Rate=1.00s, Limit=0.000s, Conversion=0.0013s, RTAB-Map=0.1700s, Maps update=0.0001s pub=0.0001s (local map=1, WM=1)[0m
[0m[ INFO] [1790453077.435373431, 1790452117.741238539]: rtabmap (98): Rate=1.00s, Limit=0.000s, Conversion=0.0009s, RTAB-Map=0.1550s, Maps update=0.0001s pub=0.0001s (local map=1, WM=1)[0m
[0m[ INFO] [1790453078.439277585, 1790452118.752100548]: rtabmap (99): Rate=1.00s, Limit=0.000s, Conversion=0.0013s, RTAB-Map=0.1728s, Maps update=0.0001s pub=0.0001s (local map=1, WM=1)[0m
[0m[ INFO] [1790453079.445706058, 1790452119.751877699]: rtabmap (100): Rate=1.00s, Limit=0.000s, Conversion=0.0011s, RTAB-Map=0.1699s, Maps update=0.0001s pub=0.0001s (local map=1, WM=1)[0m
[0m[ INFO] [1790453080.539648155, 1790452120.843390131]: rtabmap (101): Rate=1.00s, Limit=0.000s, Conversion=0.0013s, RTAB-Map=0.1723s, Maps update=0.0001s pub=0.0001s (local map=1, WM=1)[0m
[0m[ INFO] [1790453081.562053475, 1790452121.873073981]: rtabmap (102): Rate=1.00s, Limit=0.000s, Conversion=0.0013s, RTAB-Map=0.1737s, Maps update=0.0001s pub=0.0001s (local map=1, WM=1)[0m
[0m[ INFO] [1790453082.623531925, 1790452122.931071488]: rtabmap (103): Rate=1.00s, Limit=0.000s, Conversion=0.0008s, RTAB-Map=0.1589s, Maps update=0.0001s pub=0.0001s (local map=1, WM=1)[0m
[0m[ INFO] [1790453083.638629457, 1790452123.942244711]: rtabmap (104): Rate=1.00s, Limit=0.000s, Conversion=0.0013s, RTAB-Map=0.1623s, Maps update=0.0001s pub=0.0001s (local map=1, WM=1)[0m
[0m[ INFO] [1790453084.643382525, 1790452124.950289984]: rtabmap (105): Rate=1.00s, Limit=0.000s, Conversion=0.0008s, RTAB-Map=0.1695s, Maps update=0.0001s pub=0.0001s (local map=1, WM=1)[0m
[0m[ INFO] [1790453085.747064410, 1790452126.057389291]: rtabmap (106): Rate=1.00s, Limit=0.000s, Conversion=0.0009s, RTAB-Map=0.1700s, Maps update=0.0001s pub=0.0001s (local map=1, WM=1)[0m
[0m[ INFO] [1790453086.834365046, 1790452127.137381925]: rtabmap (107): Rate=1.00s, Limit=0.000s, Conversion=0.0009s, RTAB-Map=0.1719s, Maps update=0.0001s pub=0.0001s (local map=1, WM=1)[0m
[0m[ INFO] [1790453087.839485818, 1790452128.151054780]: rtabmap (108): Rate=1.00s, Limit=0.000s, Conversion=0.0013s, RTAB-Map=0.1665s, Maps update=0.0001s pub=0.0001s (local map=1, WM=1)[0m
[0m[ INFO] [1790453088.860455535, 1790452129.165830494]: rtabmap (109): Rate=1.00s, Limit=0.000s, Conversion=0.0012s, RTAB-Map=0.1793s, Maps update=0.0003s pub=0.0001s (local map=1, WM=1)[0m
[0m[ INFO] [1790453089.828847933, 1790452130.133353311]: rtabmap (110): Rate=1.00s, Limit=0.000s, Conversion=0.0008s, RTAB-Map=0.1632s, Maps update=0.0001s pub=0.0001s (local map=1, WM=1)[0m
[0m[ INFO] [1790453090.857173805, 1790452131.165008220]: rtabmap (111): Rate=1.00s, Limit=0.000s, Conversion=0.0013s, RTAB-Map=0.1885s, Maps update=0.0001s pub=0.0001s (local map=1, WM=1)[0m
[0m[ INFO] [1790453091.940067959, 1790452132.242773153]: rtabmap (112): Rate=1.00s, Limit=0.000s, Conversion=0.0008s, RTAB-Map=0.1733s, Maps update=0.0001s pub=0.0001s (local map=1, WM=1)[0m
[0m[ INFO] [1790453093.043527633, 1790452133.355505880]: rtabmap (113): Rate=1.00s, Limit=0.000s, Conversion=0.0014s, RTAB-Map=0.1729s, Maps update=0.0001s pub=0.0001s (local map=2, WM=2)[0m
[0m[ INFO] [1790453094.038050669, 1790452134.347960056]: rtabmap (114): Rate=1.00s, Limit=0.000s, Conversion=0.0008s, RTAB-Map=0.1590s, Maps update=0.0001s pub=0.0001s (local map=3, WM=3)[0m
[0m[ INFO] [1790453095.028457134, 1790452135.335840503]: rtabmap (115): Rate=1.00s, Limit=0.000s, Conversion=0.0008s, RTAB-Map=0.1588s, Maps update=0.0001s pub=0.0001s (local map=4, WM=4)[0m
[0m[ INFO] [1790453096.145609362, 1790452136.448430174]: rtabmap (116): Rate=1.00s, Limit=0.000s, Conversion=0.0017s, RTAB-Map=0.1609s, Maps update=0.0001s pub=0.0001s (local map=5, WM=5)[0m
[0m[ INFO] [1790453097.242257822, 1790452137.544357952]: rtabmap (117): Rate=1.00s, Limit=0.000s, Conversion=0.0015s, RTAB-Map=0.1677s, Maps update=0.0001s pub=0.0001s (local map=6, WM=6)[0m
[0m[ INFO] [1790453098.341364390, 1790452138.652511490]: rtabmap (118): Rate=1.00s, Limit=0.000s, Conversion=0.0013s, RTAB-Map=0.1582s, Maps update=0.0001s pub=0.0001s (local map=7, WM=7)[0m
[0m[ INFO] [1790453099.337571236, 1790452139.649734798]: rtabmap (119): Rate=1.00s, Limit=0.000s, Conversion=0.0012s, RTAB-Map=0.1693s, Maps update=0.0001s pub=0.0001s (local map=8, WM=8)[0m
[0m[ INFO] [1790453100.427126819, 1790452140.731327298]: rtabmap (120): Rate=1.00s, Limit=0.000s, Conversion=0.0013s, RTAB-Map=0.1648s, Maps update=0.0001s pub=0.0001s (local map=9, WM=9)[0m
[0m[ INFO] [1790453101.437907005, 1790452141.742125660]: rtabmap (121): Rate=1.00s, Limit=0.000s, Conversion=0.0020s, RTAB-Map=0.1635s, Maps update=0.0001s pub=0.0001s (local map=10, WM=10)[0m
[0m[ INFO] [1790453102.508831129, 1790452142.812830741]: rtabmap (122): Rate=1.00s, Limit=0.000s, Conversion=0.0009s, RTAB-Map=0.1467s, Maps update=0.0001s pub=0.0001s (local map=11, WM=11)[0m
[0m[ INFO] [1790453103.626399362, 1790452143.933665675]: rtabmap (123): Rate=1.00s, Limit=0.000s, Conversion=0.0013s, RTAB-Map=0.1587s, Maps update=0.0001s pub=0.0001s (local map=12, WM=12)[0m
[0m[ INFO] [1790453104.731322558, 1790452145.035732543]: rtabmap (124): Rate=1.00s, Limit=0.000s, Conversion=0.0013s, RTAB-Map=0.1622s, Maps update=0.0001s pub=0.0001s (local map=13, WM=13)[0m
[0m[ INFO] [1790453105.830349509, 1790452146.136033624]: rtabmap (125): Rate=1.00s, Limit=0.000s, Conversion=0.0021s, RTAB-Map=0.1647s, Maps update=0.0001s pub=0.0001s (local map=14, WM=14)[0m
Warning: TF_REPEATED_DATA ignoring data with redundant timestamp for frame odom (parent map) at time 1790452146.393216 according to authority unknown_publisher
         at line 278 in /tmp/binarydeb/ros-noetic-tf2-0.7.7/src/buffer_core.cpp
Warning: TF_REPEATED_DATA ignoring data with redundant timestamp for frame odom (parent map) at time 1790452146.393216 according to authority /rtabmap/rtabmap
         at line 278 in /tmp/binarydeb/ros-noetic-tf2-0.7.7/src/buffer_core.cpp
[33m[ WARN] [1790453105.986040075, 1790452146.293216146]: TF_REPEATED_DATA ignoring data with redundant timestamp for frame odom (parent map) at time 1790452146.393216 according to authority unknown_publisher[0m
[0m[ INFO] [1790453106.817009863, 1790452147.121176229]: rtabmap (126): Rate=1.00s, Limit=0.000s, Conversion=0.0008s, RTAB-Map=0.1489s, Maps update=0.0001s pub=0.0001s (local map=15, WM=15)[0m
[0m[ INFO] [1790453107.938467218, 1790452148.243169816]: rtabmap (127): Rate=1.00s, Limit=0.000s, Conversion=0.0021s, RTAB-Map=0.1680s, Maps update=0.0001s pub=0.0001s (local map=16, WM=16)[0m
[0m[ INFO] [1790453108.936733479, 1790452149.246473969]: rtabmap (128): Rate=1.00s, Limit=0.000s, Conversion=0.0013s, RTAB-Map=0.1655s, Maps update=0.0001s pub=0.0001s (local map=17, WM=17)[0m
[0m[ INFO] [1790453110.033763715, 1790452150.341067435]: rtabmap (129): Rate=1.00s, Limit=0.000s, Conversion=0.0011s, RTAB-Map=0.1602s, Maps update=0.0001s pub=0.0001s (local map=18, WM=18)[0m
[0m[ INFO] [1790453111.030208184, 1790452151.339223223]: rtabmap (130): Rate=1.00s, Limit=0.000s, Conversion=0.0019s, RTAB-Map=0.1564s, Maps update=0.0001s pub=0.0001s (local map=19, WM=19)[0m
[0m[ INFO] [1790453112.020883836, 1790452152.327794688]: rtabmap (131): Rate=1.00s, Limit=0.000s, Conversion=0.0008s, RTAB-Map=0.1510s, Maps update=0.0001s pub=0.0001s (local map=20, WM=20)[0m
[0m[ INFO] [1790453113.155012859, 1790452153.460193351]: rtabmap (132): Rate=1.00s, Limit=0.000s, Conversion=0.0012s, RTAB-Map=0.1815s, Maps update=0.0001s pub=0.0001s (local map=21, WM=21)[0m
[0m[ INFO] [1790453114.223427750, 1790452154.531613371]: rtabmap (133): Rate=1.00s, Limit=0.000s, Conversion=0.0015s, RTAB-Map=0.1597s, Maps update=0.0003s pub=0.0001s (local map=22, WM=22)[0m
[0m[ INFO] [1790453115.244624375, 1790452155.552996334]: rtabmap (134): Rate=1.00s, Limit=0.000s, Conversion=0.0013s, RTAB-Map=0.1675s, Maps update=0.0001s pub=0.0001s (local map=23, WM=23)[0m
[0m[ INFO] [1790453116.324627317, 1790452156.635089672]: rtabmap (135): Rate=1.00s, Limit=0.000s, Conversion=0.0011s, RTAB-Map=0.1501s, Maps update=0.0001s pub=0.0001s (local map=24, WM=24)[0m
[0m[ INFO] [1790453117.425177089, 1790452157.736804996]: rtabmap (136): Rate=1.00s, Limit=0.000s, Conversion=0.0008s, RTAB-Map=0.1561s, Maps update=0.0001s pub=0.0001s (local map=25, WM=25)[0m
[0m[ INFO] [1790453118.446851276, 1790452158.756140015]: rtabmap (137): Rate=1.00s, Limit=0.000s, Conversion=0.0020s, RTAB-Map=0.1662s, Maps update=0.0001s pub=0.0001s (local map=26, WM=26)[0m
[0m[ INFO] [1790453119.443355811, 1790452159.746299314]: rtabmap (138): Rate=1.00s, Limit=0.000s, Conversion=0.0008s, RTAB-Map=0.1631s, Maps update=0.0001s pub=0.0001s (local map=27, WM=27)[0m
[0m[ INFO] [1790453120.539336710, 1790452160.850955721]: rtabmap (139): Rate=1.00s, Limit=0.000s, Conversion=0.0013s, RTAB-Map=0.1670s, Maps update=0.0003s pub=0.0001s (local map=28, WM=28)[0m
[0m[ INFO] [1790453121.635689066, 1790452161.943092948]: rtabmap (140): Rate=1.00s, Limit=0.000s, Conversion=0.0011s, RTAB-Map=0.1588s, Maps update=0.0002s pub=0.0001s (local map=29, WM=29)[0m
[0m[ INFO] [1790453122.747088178, 1790452163.054730944]: rtabmap (141): Rate=1.00s, Limit=0.000s, Conversion=0.0013s, RTAB-Map=0.1710s, Maps update=0.0001s pub=0.0001s (local map=30, WM=30)[0m
[0m[ INFO] [1790453123.895555812, 1790452164.206093497]: rtabmap (142): Rate=1.00s, Limit=0.000s, Conversion=0.0020s, RTAB-Map=0.2155s, Maps update=0.0001s pub=0.0001s (local map=31, WM=31)[0m
Warning: TF_REPEATED_DATA ignoring data with redundant timestamp for frame odom (parent map) at time 1790452164.458259 according to authority unknown_publisher
         at line 278 in /tmp/binarydeb/ros-noetic-tf2-0.7.7/src/buffer_core.cpp
[33m[ WARN] [1790453124.045912185, 1790452164.358258981]: TF_REPEATED_DATA ignoring data with redundant timestamp for frame odom (parent map) at time 1790452164.458259 according to authority unknown_publisher[0m
Warning: TF_REPEATED_DATA ignoring data with redundant timestamp for frame odom (parent map) at time 1790452164.458259 according to authority /rtabmap/rtabmap
         at line 278 in /tmp/binarydeb/ros-noetic-tf2-0.7.7/src/buffer_core.cpp
[0m[ INFO] [1790453124.989497243, 1790452165.294910091]: rtabmap (143): Rate=1.00s, Limit=0.000s, Conversion=0.0014s, RTAB-Map=0.2107s, Maps update=0.0001s pub=0.0001s (local map=32, WM=32)[0m
[0m[ INFO] [1790453126.064678900, 1790452166.373456368]: rtabmap (144): Rate=1.00s, Limit=0.000s, Conversion=0.0009s, RTAB-Map=0.1931s, Maps update=0.0001s pub=0.0001s (local map=33, WM=33)[0m
[0m[ INFO] [1790453127.076814464, 1790452167.388254208]: rtabmap (145): Rate=1.00s, Limit=0.000s, Conversion=0.0013s, RTAB-Map=0.1961s, Maps update=0.0001s pub=0.0001s (local map=34, WM=34)[0m
[0m[ INFO] [1790453128.095474496, 1790452168.399957027]: rtabmap (146): Rate=1.00s, Limit=0.000s, Conversion=0.0019s, RTAB-Map=0.2130s, Maps update=0.0001s pub=0.0001s (local map=35, WM=35)[0m
[0m[ INFO] [1790453129.178409556, 1790452169.481800489]: rtabmap (147): Rate=1.00s, Limit=0.000s, Conversion=0.0008s, RTAB-Map=0.2009s, Maps update=0.0001s pub=0.0001s (local map=36, WM=36)[0m
[0m[ INFO] [1790453130.177260644, 1790452170.489930037]: rtabmap (148): Rate=1.00s, Limit=0.000s, Conversion=0.0010s, RTAB-Map=0.2115s, Maps update=0.0001s pub=0.0001s (local map=37, WM=37)[0m
[0m[ INFO] [1790453131.294159476, 1790452171.600460208]: rtabmap (149): Rate=1.00s, Limit=0.000s, Conversion=0.0019s, RTAB-Map=0.2236s, Maps update=0.0001s pub=0.0001s (local map=38, WM=38)[0m
[0m[ INFO] [1790453132.355399740, 1790452172.665297832]: rtabmap (150): Rate=1.00s, Limit=0.000s, Conversion=0.0008s, RTAB-Map=0.1927s, Maps update=0.0001s pub=0.0001s (local map=39, WM=39)[0m
[0m[ INFO] [1790453133.377612088, 1790452173.684341210]: rtabmap (151): Rate=1.00s, Limit=0.000s, Conversion=0.0008s, RTAB-Map=0.2095s, Maps update=0.0001s pub=0.0001s (local map=40, WM=40)[0m
[0m[ INFO] [1790453134.456880552, 1790452174.763894477]: rtabmap (152): Rate=1.00s, Limit=0.000s, Conversion=0.0008s, RTAB-Map=0.1897s, Maps update=0.0001s pub=0.0001s (local map=41, WM=41)[0m
[0m[ INFO] [1790453135.583716556, 1790452175.895480785]: rtabmap (153): Rate=1.00s, Limit=0.000s, Conversion=0.0014s, RTAB-Map=0.2168s, Maps update=0.0001s pub=0.0001s (local map=42, WM=42)[0m
[0m[ INFO] [1790453136.581657979, 1790452176.893606978]: rtabmap (154): Rate=1.00s, Limit=0.000s, Conversion=0.0012s, RTAB-Map=0.2127s, Maps update=0.0001s pub=0.0001s (local map=43, WM=43)[0m
[0m[ INFO] [1790453137.662843000, 1790452177.973582767]: rtabmap (155): Rate=1.00s, Limit=0.000s, Conversion=0.0009s, RTAB-Map=0.1928s, Maps update=0.0001s pub=0.0001s (local map=44, WM=44)[0m
[0m[ INFO] [1790453138.791406599, 1790452179.102404097]: rtabmap (156): Rate=1.00s, Limit=0.000s, Conversion=0.0013s, RTAB-Map=0.2138s, Maps update=0.0001s pub=0.0001s (local map=45, WM=45)[0m
[0m[ INFO] [1790453139.777372332, 1790452180.084515379]: rtabmap (157): Rate=1.00s, Limit=0.000s, Conversion=0.0012s, RTAB-Map=0.2116s, Maps update=0.0001s pub=0.0001s (local map=46, WM=46)[0m
[0m[ INFO] [1790453140.885082142, 1790452181.196762754]: rtabmap (158): Rate=1.00s, Limit=0.000s, Conversion=0.0013s, RTAB-Map=0.2208s, Maps update=0.0002s pub=0.0001s (local map=47, WM=47)[0m
[0m[ INFO] [1790453141.852092257, 1790452182.155704281]: rtabmap (159): Rate=1.00s, Limit=0.000s, Conversion=0.0008s, RTAB-Map=0.1929s, Maps update=0.0001s pub=0.0001s (local map=48, WM=48)[0m
Warning: TF_REPEATED_DATA ignoring data with redundant timestamp for frame odom (parent map) at time 1790452182.420640 according to authority unknown_publisher
         at line 278 in /tmp/binarydeb/ros-noetic-tf2-0.7.7/src/buffer_core.cpp
Warning: TF_REPEATED_DATA ignoring data with redundant timestamp for frame odom (parent map) at time 1790452182.420640 according to authority /rtabmap/rtabmap
         at line 278 in /tmp/binarydeb/ros-noetic-tf2-0.7.7/src/buffer_core.cpp
[33m[ WARN] [1790453142.009901616, 1790452182.320640582]: TF_REPEATED_DATA ignoring data with redundant timestamp for frame odom (parent map) at time 1790452182.420640 according to authority unknown_publisher[0m
[0m[ INFO] [1790453142.892825203, 1790452183.200791269]: rtabmap (160): Rate=1.00s, Limit=0.000s, Conversion=0.0013s, RTAB-Map=0.2193s, Maps update=0.0001s pub=0.0001s (local map=49, WM=49)[0m
[0m[ INFO] [1790453143.892329118, 1790452184.203546140]: rtabmap (161): Rate=1.00s, Limit=0.000s, Conversion=0.0012s, RTAB-Map=0.2192s, Maps update=0.0001s pub=0.0001s (local map=50, WM=50)[0m
[0m[ INFO] [1790453144.866385173, 1790452185.175787898]: rtabmap (162): Rate=1.00s, Limit=0.000s, Conversion=0.0013s, RTAB-Map=0.1912s, Maps update=0.0001s pub=0.0001s (local map=51, WM=51)[0m
[0m[ INFO] [1790453145.994182687, 1790452186.305774113]: rtabmap (163): Rate=1.00s, Limit=0.000s, Conversion=0.0013s, RTAB-Map=0.2155s, Maps update=0.0001s pub=0.0001s (local map=52, WM=52)[0m
[0m[ INFO] [1790453147.087522204, 1790452187.395204810]: rtabmap (164): Rate=1.00s, Limit=0.000s, Conversion=0.0008s, RTAB-Map=0.2126s, Maps update=0.0001s pub=0.0001s (local map=53, WM=53)[0m
[0m[ INFO] [1790453148.195925436, 1790452188.502507100]: rtabmap (165): Rate=1.00s, Limit=0.000s, Conversion=0.0013s, RTAB-Map=0.2292s, Maps update=0.0001s pub=0.0001s (local map=54, WM=54)[0m
[0m[ INFO] [1790453149.202119247, 1790452189.513238475]: rtabmap (166): Rate=1.00s, Limit=0.000s, Conversion=0.0012s, RTAB-Map=0.2147s, Maps update=0.0001s pub=0.0001s (local map=55, WM=55)[0m
[0m[ INFO] [1790453150.283047837, 1790452190.593223820]: rtabmap (167): Rate=1.00s, Limit=0.000s, Conversion=0.0014s, RTAB-Map=0.2156s, Maps update=0.0001s pub=0.0001s (local map=56, WM=56)[0m
[0m[ INFO] [1790453151.370582430, 1790452191.682526021]: rtabmap (168): Rate=1.00s, Limit=0.000s, Conversion=0.0013s, RTAB-Map=0.1939s, Maps update=0.0001s pub=0.0001s (local map=57, WM=57)[0m
[0m[ INFO] [1790453152.494934338, 1790452192.803625118]: rtabmap (169): Rate=1.00s, Limit=0.000s, Conversion=0.0008s, RTAB-Map=0.2120s, Maps update=0.0001s pub=0.0001s (local map=58, WM=58)[0m
[0m[ INFO] [1790453153.565461307, 1790452193.873101801]: rtabmap (170): Rate=1.00s, Limit=0.000s, Conversion=0.0009s, RTAB-Map=0.1982s, Maps update=0.0001s pub=0.0001s (local map=59, WM=59)[0m
[0m[ INFO] [1790453154.698352681, 1790452195.006793281]: rtabmap (171): Rate=1.00s, Limit=0.000s, Conversion=0.0010s, RTAB-Map=0.2219s, Maps update=0.0001s pub=0.0001s (local map=60, WM=60)[0m
[0m[ INFO] [1790453155.695481487, 1790452196.006697868]: rtabmap (172): Rate=1.00s, Limit=0.000s, Conversion=0.0013s, RTAB-Map=0.2154s, Maps update=0.0001s pub=0.0001s (local map=61, WM=61)[0m
[0m[ INFO] [1790453156.796900469, 1790452197.100284651]: rtabmap (173): Rate=1.00s, Limit=0.000s, Conversion=0.0013s, RTAB-Map=0.2172s, Maps update=0.0001s pub=0.0001s (local map=62, WM=62)[0m
[0m[ INFO] [1790453157.759856241, 1790452198.065793577]: rtabmap (174): Rate=1.00s, Limit=0.000s, Conversion=0.0009s, RTAB-Map=0.1895s, Maps update=0.0002s pub=0.0001s (local map=63, WM=63)[0m
[0m[ INFO] [1790453158.779322069, 1790452199.083439925]: rtabmap (175): Rate=1.00s, Limit=0.000s, Conversion=0.0011s, RTAB-Map=0.2181s, Maps update=0.0001s pub=0.0001s (local map=64, WM=64)[0m
[0m[ INFO] [1790453159.754676303, 1790452200.065866348]: rtabmap (176): Rate=1.00s, Limit=0.000s, Conversion=0.0008s, RTAB-Map=0.1916s, Maps update=0.0001s pub=0.0001s (local map=65, WM=65)[0m
Warning: TF_REPEATED_DATA ignoring data with redundant timestamp for frame odom (parent map) at time 1790452200.317025 according to authority unknown_publisher
         at line 278 in /tmp/binarydeb/ros-noetic-tf2-0.7.7/src/buffer_core.cpp
[33m[ WARN] [1790453159.906474053, 1790452200.217024826]: TF_REPEATED_DATA ignoring data with redundant timestamp for frame odom (parent map) at time 1790452200.317025 according to authority unknown_publisher[0m
Warning: TF_REPEATED_DATA ignoring data with redundant timestamp for frame odom (parent map) at time 1790452200.317025 according to authority /rtabmap/rtabmap
         at line 278 in /tmp/binarydeb/ros-noetic-tf2-0.7.7/src/buffer_core.cpp
[0m[ INFO] [1790453160.867033784, 1790452201.176316092]: rtabmap (177): Rate=1.00s, Limit=0.000s, Conversion=0.0008s, RTAB-Map=0.2026s, Maps update=0.0002s pub=0.0001s (local map=66, WM=66)[0m
[0m[ INFO] [1790453161.971258738, 1790452202.274100257]: rtabmap (178): Rate=1.00s, Limit=0.000s, Conversion=0.0013s, RTAB-Map=0.2082s, Maps update=0.0001s pub=0.0001s (local map=67, WM=67)[0m
[0m[ INFO] [1790453162.979519573, 1790452203.286913344]: rtabmap (179): Rate=1.00s, Limit=0.000s, Conversion=0.0017s, RTAB-Map=0.2075s, Maps update=0.0001s pub=0.0001s (local map=68, WM=68)[0m
[0m[ INFO] [1790453164.087851198, 1790452204.396403640]: rtabmap (180): Rate=1.00s, Limit=0.000s, Conversion=0.0013s, RTAB-Map=0.2212s, Maps update=0.0001s pub=0.0001s (local map=69, WM=69)[0m
[0m[ INFO] [1790453165.073099051, 1790452205.383815265]: rtabmap (181): Rate=1.00s, Limit=0.000s, Conversion=0.0008s, RTAB-Map=0.2020s, Maps update=0.0001s pub=0.0001s (local map=70, WM=70)[0m
[0m[ INFO] [1790453166.080407607, 1790452206.384136498]: rtabmap (182): Rate=1.00s, Limit=0.000s, Conversion=0.0013s, RTAB-Map=0.2078s, Maps update=0.0001s pub=0.0001s (local map=71, WM=71)[0m
[0m[ INFO] [1790453167.188716662, 1790452207.497654677]: rtabmap (183): Rate=1.00s, Limit=0.000s, Conversion=0.0013s, RTAB-Map=0.2183s, Maps update=0.0001s pub=0.0001s (local map=72, WM=72)[0m
[0m[ INFO] [1790453168.184890953, 1790452208.488146014]: rtabmap (184): Rate=1.00s, Limit=0.000s, Conversion=0.0011s, RTAB-Map=0.2196s, Maps update=0.0002s pub=0.0001s (local map=73, WM=73)[0m
[0m[ INFO] [1790453169.292055377, 1790452209.595706379]: rtabmap (185): Rate=1.00s, Limit=0.000s, Conversion=0.0008s, RTAB-Map=0.2209s, Maps update=0.0001s pub=0.0001s (local map=74, WM=74)[0m
[0m[ INFO] [1790453170.280812317, 1790452210.591084078]: rtabmap (186): Rate=1.00s, Limit=0.000s, Conversion=0.0015s, RTAB-Map=0.2149s, Maps update=0.0001s pub=0.0001s (local map=75, WM=75)[0m
[0m[ INFO] [1790453171.306010886, 1790452211.611429751]: rtabmap (187): Rate=1.00s, Limit=0.000s, Conversion=0.0020s, RTAB-Map=0.2179s, Maps update=0.0001s pub=0.0001s (local map=76, WM=76)[0m
[0m[ INFO] [1790453172.369680263, 1790452212.680356414]: rtabmap (188): Rate=1.00s, Limit=0.000s, Conversion=0.0008s, RTAB-Map=0.2011s, Maps update=0.0001s pub=0.0001s (local map=77, WM=77)[0m
[0m[ INFO] [1790453173.474310272, 1790452213.783979914]: rtabmap (189): Rate=1.00s, Limit=0.000s, Conversion=0.0014s, RTAB-Map=0.2102s, Maps update=0.0001s pub=0.0001s (local map=78, WM=78)[0m
[0m[ INFO] [1790453174.608447195, 1790452214.916692913]: rtabmap (190): Rate=1.00s, Limit=0.000s, Conversion=0.0014s, RTAB-Map=0.2260s, Maps update=0.0001s pub=0.0001s (local map=79, WM=79)[0m
[0m[ INFO] [1790453175.593555879, 1790452215.896802108]: rtabmap (191): Rate=1.00s, Limit=0.000s, Conversion=0.0012s, RTAB-Map=0.2133s, Maps update=0.0001s pub=0.0001s (local map=80, WM=80)[0m
[0m[ INFO] [1790453176.584475805, 1790452216.895443991]: rtabmap (192): Rate=1.00s, Limit=0.000s, Conversion=0.0019s, RTAB-Map=0.1962s, Maps update=0.0002s pub=0.0001s (local map=81, WM=81)[0m
[0m[ INFO] [1790453177.686438854, 1790452217.996226640]: rtabmap (193): Rate=1.00s, Limit=0.000s, Conversion=0.0020s, RTAB-Map=0.2152s, Maps update=0.0004s pub=0.0001s (local map=82, WM=82)[0m
Warning: TF_REPEATED_DATA ignoring data with redundant timestamp for frame odom (parent map) at time 1790452218.249676 according to authority unknown_publisher
         at line 278 in /tmp/binarydeb/ros-noetic-tf2-0.7.7/src/buffer_core.cpp
[33m[ WARN] [1790453177.837559403, 1790452218.149676116]: TF_REPEATED_DATA ignoring data with redundant timestamp for frame odom (parent map) at time 1790452218.249676 according to authority unknown_publisher[0m
Warning: TF_REPEATED_DATA ignoring data with redundant timestamp for frame odom (parent map) at time 1790452218.249676 according to authority /rtabmap/rtabmap
         at line 278 in /tmp/binarydeb/ros-noetic-tf2-0.7.7/src/buffer_core.cpp
[0m[ INFO] [1790453178.789140693, 1790452219.092653133]: rtabmap (194): Rate=1.00s, Limit=0.000s, Conversion=0.0013s, RTAB-Map=0.2140s, Maps update=0.0001s pub=0.0001s (local map=83, WM=83)[0m
[0m[ INFO] [1790453179.885243977, 1790452220.195340088]: rtabmap (195): Rate=1.00s, Limit=0.000s, Conversion=0.0008s, RTAB-Map=0.2120s, Maps update=0.0001s pub=0.0001s (local map=84, WM=84)[0m
[0m[ INFO] [1790453180.999316487, 1790452221.307729248]: rtabmap (196): Rate=1.00s, Limit=0.000s, Conversion=0.0013s, RTAB-Map=0.2185s, Maps update=0.0001s pub=0.0001s (local map=85, WM=85)[0m
[0m[ INFO] [1790453182.113899944, 1790452222.416817496]: rtabmap (197): Rate=1.00s, Limit=0.000s, Conversion=0.0014s, RTAB-Map=0.2406s, Maps update=0.0001s pub=0.0001s (local map=86, WM=86)[0m
[0m[ INFO] [1790453183.077049726, 1790452223.387657364]: rtabmap (198): Rate=1.00s, Limit=0.000s, Conversion=0.0013s, RTAB-Map=0.1960s, Maps update=0.0001s pub=0.0001s (local map=87, WM=87)[0m
[0m[ INFO] [1790453184.203282162, 1790452224.510484155]: rtabmap (199): Rate=1.00s, Limit=0.000s, Conversion=0.0020s, RTAB-Map=0.2176s, Maps update=0.0001s pub=0.0001s (local map=88, WM=88)[0m
[0m[ INFO] [1790453185.192242902, 1790452225.499208892]: rtabmap (200): Rate=1.00s, Limit=0.000s, Conversion=0.0013s, RTAB-Map=0.2207s, Maps update=0.0001s pub=0.0001s (local map=89, WM=89)[0m
[0m[ INFO] [1790453186.187565707, 1790452226.498986859]: rtabmap (201): Rate=1.00s, Limit=0.000s, Conversion=0.0012s, RTAB-Map=0.2162s, Maps update=0.0002s pub=0.0001s (local map=89, WM=89)[0m
[0m[ INFO] [1790453187.164822160, 1790452227.471059788]: rtabmap (202): Rate=1.00s, Limit=0.000s, Conversion=0.0013s, RTAB-Map=0.1830s, Maps update=0.0002s pub=0.0001s (local map=89, WM=89)[0m
[0m[ INFO] [1790453188.278541586, 1790452228.590689308]: rtabmap (203): Rate=1.00s, Limit=0.000s, Conversion=0.0008s, RTAB-Map=0.2094s, Maps update=0.0002s pub=0.0001s (local map=89, WM=89)[0m
[0m[ INFO] [1790453189.256445434, 1790452229.561744586]: rtabmap (204): Rate=1.00s, Limit=0.000s, Conversion=0.0020s, RTAB-Map=0.1844s, Maps update=0.0003s pub=0.0001s (local map=89, WM=89)[0m
[0m[ INFO] [1790453190.375207640, 1790452230.684332378]: rtabmap (205): Rate=1.00s, Limit=0.000s, Conversion=0.0013s, RTAB-Map=0.2053s, Maps update=0.0001s pub=0.0001s (local map=90, WM=90)[0m
[0m[ INFO] [1790453191.484786170, 1790452231.793870108]: rtabmap (206): Rate=1.00s, Limit=0.000s, Conversion=0.0012s, RTAB-Map=0.2083s, Maps update=0.0003s pub=0.0001s (local map=91, WM=91)[0m
[0m[ INFO] [1790453192.489400888, 1790452232.800878073]: rtabmap (207): Rate=1.00s, Limit=0.000s, Conversion=0.0013s, RTAB-Map=0.2018s, Maps update=0.0002s pub=0.0001s (local map=91, WM=91)[0m
[0m[ INFO] [1790453193.591282063, 1790452233.898818396]: rtabmap (208): Rate=1.00s, Limit=0.000s, Conversion=0.0013s, RTAB-Map=0.2185s, Maps update=0.0002s pub=0.0002s (local map=91, WM=91)[0m
[0m[ INFO] [1790453194.592217623, 1790452234.897590952]: rtabmap (209): Rate=1.00s, Limit=0.000s, Conversion=0.0013s, RTAB-Map=0.2052s, Maps update=0.0001s pub=0.0001s (local map=92, WM=92)[0m
[0m[ INFO] [1790453195.568261493, 1790452235.877977215]: rtabmap (210): Rate=1.00s, Limit=0.000s, Conversion=0.0009s, RTAB-Map=0.1955s, Maps update=0.0002s pub=0.0001s (local map=93, WM=93)[0m
[0m[ INFO] [1790453196.675747949, 1790452236.986089439]: rtabmap (211): Rate=1.00s, Limit=0.000s, Conversion=0.0008s, RTAB-Map=0.1952s, Maps update=0.0002s pub=0.0001s (local map=94, WM=94)[0m
[0m[ INFO] [1790453197.797472700, 1790452238.107513418]: rtabmap (212): Rate=1.00s, Limit=0.000s, Conversion=0.0013s, RTAB-Map=0.2174s, Maps update=0.0001s pub=0.0001s (local map=94, WM=94)[0m
[0m[ INFO] [1790453198.889909447, 1790452239.197855162]: rtabmap (213): Rate=1.00s, Limit=0.000s, Conversion=0.0016s, RTAB-Map=0.2171s, Maps update=0.0001s pub=0.0001s (local map=95, WM=95)[0m
[0m[ INFO] [1790453199.886486152, 1790452240.194206680]: rtabmap (214): Rate=1.00s, Limit=0.000s, Conversion=0.0009s, RTAB-Map=0.2087s, Maps update=0.0002s pub=0.0001s (local map=96, WM=96)[0m
[0m[ INFO] [1790453200.968927435, 1790452241.275405258]: rtabmap (215): Rate=1.00s, Limit=0.000s, Conversion=0.0020s, RTAB-Map=0.1940s, Maps update=0.0002s pub=0.0001s (local map=96, WM=96)[0m
[0m[ INFO] [1790453202.005086444, 1790452242.308732999]: rtabmap (216): Rate=1.00s, Limit=0.000s, Conversion=0.0013s, RTAB-Map=0.2147s, Maps update=0.0002s pub=0.0001s (local map=96, WM=96)[0m
[0m[ INFO] [1790453202.982220230, 1790452243.291804302]: rtabmap (217): Rate=1.00s, Limit=0.000s, Conversion=0.0021s, RTAB-Map=0.2094s, Maps update=0.0001s pub=0.0001s (local map=97, WM=97)[0m
[0m[ INFO] [1790453203.985285265, 1790452244.291723312]: rtabmap (218): Rate=1.00s, Limit=0.000s, Conversion=0.0019s, RTAB-Map=0.2242s, Maps update=0.0001s pub=0.0001s (local map=98, WM=98)[0m
[0m[ INFO] [1790453205.095815960, 1790452245.402274039]: rtabmap (219): Rate=1.00s, Limit=0.000s, Conversion=0.0009s, RTAB-Map=0.2208s, Maps update=0.0002s pub=0.0001s (local map=98, WM=98)[0m
[0m[ INFO] [1790453206.184472925, 1790452246.491423427]: rtabmap (220): Rate=1.00s, Limit=0.000s, Conversion=0.0012s, RTAB-Map=0.1949s, Maps update=0.0002s pub=0.0001s (local map=99, WM=99)[0m
Warning: TF_REPEATED_DATA ignoring data with redundant timestamp for frame odom (parent map) at time 1790452246.745550 according to authority unknown_publisher
         at line 278 in /tmp/binarydeb/ros-noetic-tf2-0.7.7/src/buffer_core.cpp
[33m[ WARN] [1790453206.334410471, 1790452246.645550499]: TF_REPEATED_DATA ignoring data with redundant timestamp for frame odom (parent map) at time 1790452246.745550 according to authority unknown_publisher[0m
Warning: TF_REPEATED_DATA ignoring data with redundant timestamp for frame odom (parent map) at time 1790452246.745550 according to authority /rtabmap/rtabmap
         at line 278 in /tmp/binarydeb/ros-noetic-tf2-0.7.7/src/buffer_core.cpp
[0m[ INFO] [1790453207.298880784, 1790452247.601732480]: rtabmap (221): Rate=1.00s, Limit=0.000s, Conversion=0.0016s, RTAB-Map=0.2274s, Maps update=0.0001s pub=0.0001s (local map=100, WM=100)[0m
[0m[ INFO] [1790453208.404088360, 1790452248.714368441]: rtabmap (222): Rate=1.00s, Limit=0.000s, Conversion=0.0019s, RTAB-Map=0.2164s, Maps update=0.0001s pub=0.0001s (local map=101, WM=101)[0m
[0m[ INFO] [1790453209.387253408, 1790452249.692424271]: rtabmap (223): Rate=1.00s, Limit=0.000s, Conversion=0.0020s, RTAB-Map=0.2085s, Maps update=0.0002s pub=0.0001s (local map=101, WM=101)[0m
[0m[ INFO] [1790453210.457734092, 1790452250.761885134]: rtabmap (224): Rate=1.00s, Limit=0.000s, Conversion=0.0009s, RTAB-Map=0.1946s, Maps update=0.0002s pub=0.0001s (local map=102, WM=102)[0m
[0m[ INFO] [1790453211.504445087, 1790452251.814844210]: rtabmap (225): Rate=1.00s, Limit=0.000s, Conversion=0.0011s, RTAB-Map=0.2242s, Maps update=0.0001s pub=0.0001s (local map=103, WM=103)[0m
[0m[ INFO] [1790453212.484171075, 1790452252.794482453]: rtabmap (226): Rate=1.00s, Limit=0.000s, Conversion=0.0012s, RTAB-Map=0.2101s, Maps update=0.0002s pub=0.0001s (local map=104, WM=104)[0m
[0m[ INFO] [1790453213.588020698, 1790452253.893076392]: rtabmap (227): Rate=1.00s, Limit=0.000s, Conversion=0.0019s, RTAB-Map=0.2264s, Maps update=0.0002s pub=0.0001s (local map=104, WM=104)[0m
[0m[ INFO] [1790453214.587707358, 1790452254.894057692]: rtabmap (228): Rate=1.00s, Limit=0.000s, Conversion=0.0009s, RTAB-Map=0.2221s, Maps update=0.0001s pub=0.0001s (local map=105, WM=105)[0m
[0m[ INFO] [1790453215.591352499, 1790452255.903022103]: rtabmap (229): Rate=1.00s, Limit=0.000s, Conversion=0.0014s, RTAB-Map=0.2101s, Maps update=0.0002s pub=0.0001s (local map=106, WM=106)[0m
[0m[ INFO] [1790453216.704913921, 1790452257.014878703]: rtabmap (230): Rate=1.00s, Limit=0.000s, Conversion=0.0013s, RTAB-Map=0.2263s, Maps update=0.0001s pub=0.0001s (local map=107, WM=107)[0m
[0m[ INFO] [1790453217.686252238, 1790452257.996062297]: rtabmap (231): Rate=1.00s, Limit=0.000s, Conversion=0.0011s, RTAB-Map=0.2055s, Maps update=0.0002s pub=0.0001s (local map=107, WM=107)[0m
[0m[ INFO] [1790453218.786226533, 1790452259.096799098]: rtabmap (232): Rate=1.00s, Limit=0.000s, Conversion=0.0013s, RTAB-Map=0.2212s, Maps update=0.0002s pub=0.0001s (local map=108, WM=108)[0m
[0m[ INFO] [1790453219.806651594, 1790452260.114933922]: rtabmap (233): Rate=1.00s, Limit=0.000s, Conversion=0.0011s, RTAB-Map=0.2267s, Maps update=0.0002s pub=0.0001s (local map=108, WM=108)[0m
[0m[ INFO] [1790453220.786849665, 1790452261.093918824]: rtabmap (234): Rate=1.00s, Limit=0.000s, Conversion=0.0013s, RTAB-Map=0.2093s, Maps update=0.0002s pub=0.0001s (local map=108, WM=108)[0m
[0m[ INFO] [1790453221.895392607, 1790452262.207508009]: rtabmap (235): Rate=1.00s, Limit=0.000s, Conversion=0.0014s, RTAB-Map=0.2130s, Maps update=0.0002s pub=0.0001s (local map=108, WM=108)[0m
[0m[ INFO] [1790453223.002679914, 1790452263.309163498]: rtabmap (236): Rate=1.00s, Limit=0.000s, Conversion=0.0012s, RTAB-Map=0.2151s, Maps update=0.0001s pub=0.0001s (local map=109, WM=109)[0m
[0m[ INFO] [1790453224.108367101, 1790452264.413501836]: rtabmap (237): Rate=1.00s, Limit=0.000s, Conversion=0.0008s, RTAB-Map=0.2399s, Maps update=0.0001s pub=0.0001s (local map=110, WM=110)[0m
[0m[ INFO] [1790453225.200993347, 1790452265.505591595]: rtabmap (238): Rate=1.00s, Limit=0.000s, Conversion=0.0013s, RTAB-Map=0.2270s, Maps update=0.0001s pub=0.0001s (local map=111, WM=111)[0m
[0m[ INFO] [1790453226.301460108, 1790452266.606131669]: rtabmap (239): Rate=1.00s, Limit=0.000s, Conversion=0.0013s, RTAB-Map=0.2283s, Maps update=0.0001s pub=0.0001s (local map=112, WM=112)[0m
[0m[ INFO] [1790453227.282526335, 1790452267.593395864]: rtabmap (240): Rate=1.00s, Limit=0.000s, Conversion=0.0013s, RTAB-Map=0.2122s, Maps update=0.0001s pub=0.0001s (local map=113, WM=113)[0m
[0m[ INFO] [1790453228.385669126, 1790452268.696897028]: rtabmap (241): Rate=1.00s, Limit=0.000s, Conversion=0.0012s, RTAB-Map=0.2118s, Maps update=0.0002s pub=0.0001s (local map=113, WM=113)[0m
[0m[ INFO] [1790453229.473845447, 1790452269.785183590]: rtabmap (242): Rate=1.00s, Limit=0.000s, Conversion=0.0008s, RTAB-Map=0.1962s, Maps update=0.0002s pub=0.0001s (local map=113, WM=113)[0m
[0m[ INFO] [1790453230.499023408, 1790452270.806846946]: rtabmap (243): Rate=1.00s, Limit=0.000s, Conversion=0.0018s, RTAB-Map=0.2152s, Maps update=0.0001s pub=0.0001s (local map=114, WM=114)[0m
[0m[ INFO] [1790453231.599512396, 1790452271.906140526]: rtabmap (244): Rate=1.00s, Limit=0.000s, Conversion=0.0020s, RTAB-Map=0.2244s, Maps update=0.0003s pub=0.0001s (local map=114, WM=114)[0m
[0m[ INFO] [1790453232.583617754, 1790452272.895318942]: rtabmap (245): Rate=1.00s, Limit=0.000s, Conversion=0.0012s, RTAB-Map=0.2157s, Maps update=0.0002s pub=0.0001s (local map=114, WM=114)[0m
[0m[ INFO] [1790453233.581464825, 1790452273.891113922]: rtabmap (246): Rate=1.00s, Limit=0.000s, Conversion=0.0013s, RTAB-Map=0.2085s, Maps update=0.0002s pub=0.0001s (local map=114, WM=114)[0m
[0m[ INFO] [1790453234.578367401, 1790452274.889770281]: rtabmap (247): Rate=1.00s, Limit=0.000s, Conversion=0.0015s, RTAB-Map=0.2107s, Maps update=0.0001s pub=0.0001s (local map=115, WM=115)[0m
Warning: TF_REPEATED_DATA ignoring data with redundant timestamp for frame odom (parent map) at time 1790452275.141610 according to authority unknown_publisher
         at line 278 in /tmp/binarydeb/ros-noetic-tf2-0.7.7/src/buffer_core.cpp
Warning: TF_REPEATED_DATA ignoring data with redundant timestamp for frame odom (parent map) at time 1790452275.141610 according to authority /rtabmap/rtabmap[33m[ WARN] [1790453234.730390467, 1790452275.041609601]: TF_REPEATED_DATA ignoring data with redundant timestamp for frame odom (parent map) at time 1790452275.141610 according to authority unknown_publisher[0m

         at line 278 in /tmp/binarydeb/ros-noetic-tf2-0.7.7/src/buffer_core.cpp
[0m[ INFO] [1790453235.675428686, 1790452275.982010927]: rtabmap (248): Rate=1.00s, Limit=0.000s, Conversion=0.0009s, RTAB-Map=0.2101s, Maps update=0.0002s pub=0.0001s (local map=116, WM=116)[0m
[0m[ INFO] [1790453236.676513135, 1790452276.982629291]: rtabmap (249): Rate=1.00s, Limit=0.000s, Conversion=0.0015s, RTAB-Map=0.2021s, Maps update=0.0002s pub=0.0001s (local map=117, WM=117)[0m
[0m[ INFO] [1790453237.785567211, 1790452278.092787637]: rtabmap (250): Rate=1.00s, Limit=0.000s, Conversion=0.0019s, RTAB-Map=0.2088s, Maps update=0.0002s pub=0.0001s (local map=118, WM=118)[0m
[0m[ INFO] [1790453238.778761409, 1790452279.091103886]: rtabmap (251): Rate=1.00s, Limit=0.000s, Conversion=0.0014s, RTAB-Map=0.2117s, Maps update=0.0002s pub=0.0001s (local map=119, WM=119)[0m
[0m[ INFO] [1790453239.812717031, 1790452280.119415306]: rtabmap (252): Rate=1.00s, Limit=0.000s, Conversion=0.0019s, RTAB-Map=0.2337s, Maps update=0.0001s pub=0.0001s (local map=120, WM=120)[0m
[0m[ INFO] [1790453240.890471332, 1790452281.201367006]: rtabmap (253): Rate=1.00s, Limit=0.000s, Conversion=0.0019s, RTAB-Map=0.2259s, Maps update=0.0002s pub=0.0001s (local map=121, WM=121)[0m
[0m[ INFO] [1790453241.993708682, 1790452282.301305753]: rtabmap (254): Rate=1.00s, Limit=0.000s, Conversion=0.0013s, RTAB-Map=0.2186s, Maps update=0.0001s pub=0.0001s (local map=122, WM=122)[0m
[0m[ INFO] [1790453243.080098322, 1790452283.384599993]: rtabmap (255): Rate=1.00s, Limit=0.000s, Conversion=0.0019s, RTAB-Map=0.2172s, Maps update=0.0002s pub=0.0001s (local map=123, WM=123)[0m
[0m[ INFO] [1790453244.178216720, 1790452284.489344940]: rtabmap (256): Rate=1.00s, Limit=0.000s, Conversion=0.0020s, RTAB-Map=0.2113s, Maps update=0.0002s pub=0.0001s (local map=124, WM=124)[0m
[0m[ INFO] [1790453245.169434398, 1790452285.475490361]: rtabmap (257): Rate=1.00s, Limit=0.000s, Conversion=0.0009s, RTAB-Map=0.1986s, Maps update=0.0002s pub=0.0001s (local map=125, WM=125)[0m
[0m[ INFO] [1790453246.300000860, 1790452286.605519248]: rtabmap (258): Rate=1.00s, Limit=0.000s, Conversion=0.0020s, RTAB-Map=0.2207s, Maps update=0.0002s pub=0.0001s (local map=126, WM=126)[0m
[0m[ INFO] [1790453247.398818459, 1790452287.699905334]: rtabmap (259): Rate=1.00s, Limit=0.000s, Conversion=0.0019s, RTAB-Map=0.2292s, Maps update=0.0002s pub=0.0001s (local map=126, WM=126)[0m
[0m[ INFO] [1790453248.378209225, 1790452288.682003367]: rtabmap (260): Rate=1.00s, Limit=0.000s, Conversion=0.0008s, RTAB-Map=0.2129s, Maps update=0.0002s pub=0.0001s (local map=127, WM=127)[0m
[0m[ INFO] [1790453249.392577019, 1790452289.702043970]: rtabmap (261): Rate=1.00s, Limit=0.000s, Conversion=0.0012s, RTAB-Map=0.2239s, Maps update=0.0001s pub=0.0001s (local map=128, WM=128)[0m
[0m[ INFO] [1790453250.382801361, 1790452290.691181450]: rtabmap (262): Rate=1.00s, Limit=0.000s, Conversion=0.0014s, RTAB-Map=0.2096s, Maps update=0.0002s pub=0.0001s (local map=129, WM=129)[0m
[0m[ INFO] [1790453251.500874624, 1790452291.811483670]: rtabmap (263): Rate=1.00s, Limit=0.000s, Conversion=0.0011s, RTAB-Map=0.2283s, Maps update=0.0001s pub=0.0001s (local map=130, WM=130)[0m
[0m[ INFO] [1790453252.576035648, 1790452292.882307934]: rtabmap (264): Rate=1.00s, Limit=0.000s, Conversion=0.0012s, RTAB-Map=0.2073s, Maps update=0.0001s pub=0.0001s (local map=131, WM=131)[0m
[0m[ INFO] [1790453253.616395322, 1790452293.924066090]: rtabmap (265): Rate=1.00s, Limit=0.000s, Conversion=0.0016s, RTAB-Map=0.2479s, Maps update=0.0001s pub=0.0001s (local map=132, WM=132)[0m
Warning: TF_REPEATED_DATA ignoring data with redundant timestamp for frame odom (parent map) at time 1790452294.179528 according to authority unknown_publisher
         at line 278 in /tmp/binarydeb/ros-noetic-tf2-0.7.7/src/buffer_core.cpp
[33m[ WARN] [1790453253.767734149, 1790452294.079527915]: TF_REPEATED_DATA ignoring data with redundant timestamp for frame odom (parent map) at time 1790452294.179528 according to authority unknown_publisher[0m
Warning: TF_REPEATED_DATA ignoring data with redundant timestamp for frame odom (parent map) at time 1790452294.179528 according to authority /rtabmap/rtabmap
         at line 278 in /tmp/binarydeb/ros-noetic-tf2-0.7.7/src/buffer_core.cpp
[0m[ INFO] [1790453254.707473315, 1790452295.013458110]: rtabmap (266): Rate=1.00s, Limit=0.000s, Conversion=0.0013s, RTAB-Map=0.2254s, Maps update=0.0002s pub=0.0001s (local map=133, WM=133)[0m
[0m[ INFO] [1790453255.805984523, 1790452296.115970649]: rtabmap (267): Rate=1.00s, Limit=0.000s, Conversion=0.0019s, RTAB-Map=0.2252s, Maps update=0.0001s pub=0.0001s (local map=134, WM=134)[0m
[0m[ INFO] [1790453256.792376738, 1790452297.103693953]: rtabmap (268): Rate=1.00s, Limit=0.000s, Conversion=0.0013s, RTAB-Map=0.2260s, Maps update=0.0002s pub=0.0001s (local map=135, WM=135)[0m
[0m[ INFO] [1790453257.796891586, 1790452298.099936950]: rtabmap (269): Rate=1.00s, Limit=0.000s, Conversion=0.0020s, RTAB-Map=0.2221s, Maps update=0.0002s pub=0.0001s (local map=136, WM=136)[0m
[0m[ INFO] [1790453258.899098130, 1790452299.209993772]: rtabmap (270): Rate=1.00s, Limit=0.000s, Conversion=0.0013s, RTAB-Map=0.2316s, Maps update=0.0002s pub=0.0001s (local map=137, WM=137)[0m
[0m[ INFO] [1790453259.991457344, 1790452300.301564623]: rtabmap (271): Rate=1.00s, Limit=0.000s, Conversion=0.0013s, RTAB-Map=0.2318s, Maps update=0.0002s pub=0.0001s (local map=138, WM=138)[0m
[0m[ INFO] [1790453261.069979160, 1790452301.382336965]: rtabmap (272): Rate=1.00s, Limit=0.000s, Conversion=0.0013s, RTAB-Map=0.2099s, Maps update=0.0002s pub=0.0001s (local map=139, WM=139)[0m
[0m[ INFO] [1790453262.105602658, 1790452302.410982356]: rtabmap (273): Rate=1.00s, Limit=0.000s, Conversion=0.0017s, RTAB-Map=0.2292s, Maps update=0.0001s pub=0.0001s (local map=140, WM=140)[0m
[0m[ INFO] [1790453263.195410216, 1790452303.501292992]: rtabmap (274): Rate=1.00s, Limit=0.000s, Conversion=0.0013s, RTAB-Map=0.2237s, Maps update=0.0002s pub=0.0001s (local map=141, WM=141)[0m
[0m[ INFO] [1790453264.197673533, 1790452304.509500419]: rtabmap (275): Rate=1.00s, Limit=0.000s, Conversion=0.0020s, RTAB-Map=0.2245s, Maps update=0.0003s pub=0.0001s (local map=142, WM=142)[0m
[0m[ INFO] [1790453265.182292268, 1790452305.488741644]: rtabmap (276): Rate=1.00s, Limit=0.000s, Conversion=0.0008s, RTAB-Map=0.2151s, Maps update=0.0002s pub=0.0001s (local map=143, WM=143)[0m
[0m[ INFO] [1790453266.292350385, 1790452306.604542459]: rtabmap (277): Rate=1.00s, Limit=0.000s, Conversion=0.0014s, RTAB-Map=0.2217s, Maps update=0.0002s pub=0.0001s (local map=144, WM=144)[0m
[0m[ INFO] [1790453267.309423488, 1790452307.615108182]: rtabmap (278): Rate=1.00s, Limit=0.000s, Conversion=0.0014s, RTAB-Map=0.2344s, Maps update=0.0002s pub=0.0001s (local map=145, WM=145)[0m
[0m[ INFO] [1790453268.295427418, 1790452308.603555664]: rtabmap (279): Rate=1.00s, Limit=0.000s, Conversion=0.0019s, RTAB-Map=0.2264s, Maps update=0.0002s pub=0.0001s (local map=146, WM=146)[0m
[0m[ INFO] [1790453269.396249377, 1790452309.708492652]: rtabmap (280): Rate=1.00s, Limit=0.000s, Conversion=0.0008s, RTAB-Map=0.2148s, Maps update=0.0002s pub=0.0001s (local map=147, WM=147)[0m
[0m[ INFO] [1790453270.422013594, 1790452310.727784913]: rtabmap (281): Rate=1.00s, Limit=0.000s, Conversion=0.0013s, RTAB-Map=0.2287s, Maps update=0.0002s pub=0.0001s (local map=148, WM=148)[0m
[0m[ INFO] [1790453271.392261762, 1790452311.699827473]: rtabmap (282): Rate=1.00s, Limit=0.000s, Conversion=0.0013s, RTAB-Map=0.2172s, Maps update=0.0002s pub=0.0001s (local map=149, WM=149)[0m
Warning: TF_REPEATED_DATA ignoring data with redundant timestamp for frame odom (parent map) at time 1790452311.953173 according to authority unknown_publisher
         at line 278 in /tmp/binarydeb/ros-noetic-tf2-0.7.7/src/buffer_core.cpp
Warning: TF_REPEATED_DATA ignoring data with redundant timestamp for frame odom (parent map) at time 1790452311.953173 according to authority /rtabmap/rtabmap
         at line 278 in /tmp/binarydeb/ros-noetic-tf2-0.7.7/src/buffer_core.cpp
[33m[ WARN] [1790453271.544964698, 1790452311.853173105]: TF_REPEATED_DATA ignoring data with redundant timestamp for frame odom (parent map) at time 1790452311.953173 according to authority unknown_publisher[0m
[0m[ INFO] [1790453272.486764912, 1790452312.796103926]: rtabmap (283): Rate=1.00s, Limit=0.000s, Conversion=0.0019s, RTAB-Map=0.2060s, Maps update=0.0002s pub=0.0001s (local map=150, WM=150)[0m
[0m[ INFO] [1790453273.500470695, 1790452313.813068343]: rtabmap (284): Rate=1.00s, Limit=0.000s, Conversion=0.0020s, RTAB-Map=0.2287s, Maps update=0.0003s pub=0.0001s (local map=151, WM=151)[0m
[0m[ INFO] [1790453274.616765290, 1790452314.925587017]: rtabmap (285): Rate=1.00s, Limit=0.000s, Conversion=0.0013s, RTAB-Map=0.2378s, Maps update=0.0002s pub=0.0001s (local map=152, WM=152)[0m
[0m[ INFO] [1790453275.697008409, 1790452316.006416128]: rtabmap (286): Rate=1.00s, Limit=0.000s, Conversion=0.0014s, RTAB-Map=0.2209s, Maps update=0.0002s pub=0.0001s (local map=153, WM=153)[0m
[0m[ INFO] [1790453276.802166280, 1790452317.108993229]: rtabmap (287): Rate=1.00s, Limit=0.000s, Conversion=0.0019s, RTAB-Map=0.2210s, Maps update=0.0002s pub=0.0001s (local map=154, WM=154)[0m
[0m[ INFO] [1790453277.894996597, 1790452318.198281132]: rtabmap (288): Rate=1.00s, Limit=0.000s, Conversion=0.0013s, RTAB-Map=0.2143s, Maps update=0.0002s pub=0.0001s (local map=155, WM=155)[0m
[0m[ INFO] [1790453279.009668473, 1790452319.319339555]: rtabmap (289): Rate=1.00s, Limit=0.000s, Conversion=0.0020s, RTAB-Map=0.2269s, Maps update=0.0002s pub=0.0001s (local map=156, WM=156)[0m
[0m[ INFO] [1790453280.101004622, 1790452320.408472956]: rtabmap (290): Rate=1.00s, Limit=0.000s, Conversion=0.0014s, RTAB-Map=0.2182s, Maps update=0.0003s pub=0.0001s (local map=157, WM=157)[0m
[0m[ INFO] [1790453281.132801408, 1790452321.442848622]: rtabmap (291): Rate=1.00s, Limit=0.000s, Conversion=0.0013s, RTAB-Map=0.2608s, Maps update=0.0002s pub=0.0001s (local map=158, WM=158)[0m
[0m[ INFO] [1790453282.262327453, 1790452322.565314993]: rtabmap (292): Rate=1.00s, Limit=0.000s, Conversion=0.0014s, RTAB-Map=0.2835s, Maps update=0.0002s pub=0.0001s (local map=159, WM=159)[0m
[0m[ INFO] [1790453283.354912475, 1790452323.664148160]: rtabmap (293): Rate=1.00s, Limit=0.000s, Conversion=0.0013s, RTAB-Map=0.2815s, Maps update=0.0002s pub=0.0001s (local map=160, WM=160)[0m
[0m[ INFO] [1790453284.342608269, 1790452324.651122632]: rtabmap (294): Rate=1.00s, Limit=0.000s, Conversion=0.0008s, RTAB-Map=0.2884s, Maps update=0.0002s pub=0.0001s (local map=161, WM=161)[0m
[0m[ INFO] [1790453285.356577680, 1790452325.666237402]: rtabmap (295): Rate=1.00s, Limit=0.000s, Conversion=0.0013s, RTAB-Map=0.2888s, Maps update=0.0002s pub=0.0001s (local map=161, WM=161)[0m
[0m[ INFO] [1790453286.437753237, 1790452326.745045504]: rtabmap (296): Rate=1.00s, Limit=0.000s, Conversion=0.0013s, RTAB-Map=0.2701s, Maps update=0.0002s pub=0.0001s (local map=161, WM=161)[0m
[0m[ INFO] [1790453287.549578402, 1790452327.855217177]: rtabmap (297): Rate=1.00s, Limit=0.000s, Conversion=0.0013s, RTAB-Map=0.2823s, Maps update=0.0002s pub=0.0001s (local map=161, WM=161)[0m
[0m[ INFO] [1790453288.647559867, 1790452328.955730610]: rtabmap (298): Rate=1.00s, Limit=0.000s, Conversion=0.0013s, RTAB-Map=0.2843s, Maps update=0.0002s pub=0.0001s (local map=161, WM=161)[0m
[0m[ INFO] [1790453289.752788496, 1790452330.058071489]: rtabmap (299): Rate=1.00s, Limit=0.000s, Conversion=0.0012s, RTAB-Map=0.2811s, Maps update=0.0003s pub=0.0001s (local map=162, WM=162)[0m
[0m[ INFO] [1790453290.754630348, 1790452331.065253219]: rtabmap (300): Rate=1.00s, Limit=0.000s, Conversion=0.0019s, RTAB-Map=0.2856s, Maps update=0.0002s pub=0.0001s (local map=163, WM=163)[0m
[0m[ INFO] [1790453291.757793048, 1790452332.068109290]: rtabmap (301): Rate=1.00s, Limit=0.000s, Conversion=0.0009s, RTAB-Map=0.2892s, Maps update=0.0002s pub=0.0001s (local map=164, WM=164)[0m
[0m[ INFO] [1790453292.793293474, 1790452333.098641557]: rtabmap (302): Rate=1.00s, Limit=0.000s, Conversion=0.0016s, RTAB-Map=0.3209s, Maps update=0.0002s pub=0.0001s (local map=165, WM=165)[0m
Warning: TF_REPEATED_DATA ignoring data with redundant timestamp for frame odom (parent map) at time 1790452333.355901 according to authority unknown_publisher
         at line 278 in /tmp/binarydeb/ros-noetic-tf2-0.7.7/src/buffer_core.cpp
Warning: TF_REPEATED_DATA ignoring data with redundant timestamp for frame odom (parent map) at time 1790452333.355901 according to authority /rtabmap/rtabmap
         at line 278 in /tmp/binarydeb/ros-noetic-tf2-0.7.7/src/buffer_core.cpp
[33m[ WARN] [1790453292.945084456, 1790452333.255900481]: TF_REPEATED_DATA ignoring data with redundant timestamp for frame odom (parent map) at time 1790452333.355901 according to authority unknown_publisher[0m
[0m[ INFO] [1790453293.899389050, 1790452334.210019920]: rtabmap (303): Rate=1.00s, Limit=0.000s, Conversion=0.0013s, RTAB-Map=0.3190s, Maps update=0.0002s pub=0.0001s (local map=166, WM=166)[0m
[0m[ INFO] [1790453294.870349312, 1790452335.181031991]: rtabmap (304): Rate=1.00s, Limit=0.000s, Conversion=0.0009s, RTAB-Map=0.2925s, Maps update=0.0002s pub=0.0001s (local map=167, WM=167)[0m
[0m[ INFO] [1790453295.994125463, 1790452336.304730669]: rtabmap (305): Rate=1.00s, Limit=0.000s, Conversion=0.0014s, RTAB-Map=0.3156s, Maps update=0.0002s pub=0.0001s (local map=168, WM=168)[0m
[0m[ INFO] [1790453296.997329146, 1790452337.301573470]: rtabmap (306): Rate=1.00s, Limit=0.000s, Conversion=0.0014s, RTAB-Map=0.3282s, Maps update=0.0002s pub=0.0001s (local map=169, WM=169)[0m
[0m[ INFO] [1790453298.019875636, 1790452338.331791227]: rtabmap (307): Rate=1.00s, Limit=0.000s, Conversion=0.0016s, RTAB-Map=0.3466s, Maps update=0.0003s pub=0.0001s (local map=170, WM=170)[0m
[0m[ INFO] [1790453299.080564535, 1790452339.384397782]: rtabmap (308): Rate=1.00s, Limit=0.000s, Conversion=0.0016s, RTAB-Map=0.3077s, Maps update=0.0002s pub=0.0001s (local map=171, WM=171)[0m
[0m[ INFO] [1790453300.202050792, 1790452340.505989320]: rtabmap (309): Rate=1.00s, Limit=0.000s, Conversion=0.0013s, RTAB-Map=0.3191s, Maps update=0.0003s pub=0.0001s (local map=172, WM=172)[0m
[0m[ INFO] [1790453301.303127568, 1790452341.614954774]: rtabmap (310): Rate=1.00s, Limit=0.000s, Conversion=0.0013s, RTAB-Map=0.3254s, Maps update=0.0003s pub=0.0001s (local map=172, WM=172)[0m
[0m[ INFO] [1790453302.358230117, 1790452342.667617324]: rtabmap (311): Rate=1.00s, Limit=0.000s, Conversion=0.0013s, RTAB-Map=0.2800s, Maps update=0.0003s pub=0.0001s (local map=172, WM=172)[0m
[0m[ INFO] [1790453303.344380225, 1790452343.655104056]: rtabmap (312): Rate=1.00s, Limit=0.000s, Conversion=0.0021s, RTAB-Map=0.2656s, Maps update=0.0002s pub=0.0001s (local map=172, WM=172)[0m
[0m[ INFO] [1790453304.369707379, 1790452344.676002578]: rtabmap (313): Rate=1.00s, Limit=0.000s, Conversion=0.0008s, RTAB-Map=0.2996s, Maps update=0.0003s pub=0.0001s (local map=172, WM=172)[0m
[0m[ INFO] [1790453305.445806609, 1790452345.755707038]: rtabmap (314): Rate=1.00s, Limit=0.000s, Conversion=0.0022s, RTAB-Map=0.2749s, Maps update=0.0002s pub=0.0001s (local map=172, WM=172)[0m
[0m[ INFO] [1790453306.469161670, 1790452346.779592474]: rtabmap (315): Rate=1.00s, Limit=0.000s, Conversion=0.0013s, RTAB-Map=0.2881s, Maps update=0.0002s pub=0.0001s (local map=173, WM=173)[0m
[0m[ INFO] [1790453307.611105680, 1790452347.922844021]: rtabmap (316): Rate=1.00s, Limit=0.000s, Conversion=0.0015s, RTAB-Map=0.3297s, Maps update=0.0003s pub=0.0001s (local map=174, WM=174)[0m
[0m[ INFO] [1790453308.698962815, 1790452349.005496609]: rtabmap (317): Rate=1.00s, Limit=0.000s, Conversion=0.0008s, RTAB-Map=0.3258s, Maps update=0.0002s pub=0.0001s (local map=175, WM=175)[0m
[0m[ INFO] [1790453309.819582226, 1790452350.127805866]: rtabmap (318): Rate=1.00s, Limit=0.000s, Conversion=0.0016s, RTAB-Map=0.3285s, Maps update=0.0002s pub=0.0001s (local map=176, WM=176)[0m
[0m[ INFO] [1790453310.799394000, 1790452351.103489202]: rtabmap (319): Rate=1.00s, Limit=0.000s, Conversion=0.0014s, RTAB-Map=0.3327s, Maps update=0.0002s pub=0.0001s (local map=177, WM=177)[0m
[0m[ INFO] [1790453311.799915446, 1790452352.103473265]: rtabmap (320): Rate=1.00s, Limit=0.000s, Conversion=0.0013s, RTAB-Map=0.3358s, Maps update=0.0002s pub=0.0001s (local map=178, WM=178)[0m
[0m[ INFO] [1790453312.912167703, 1790452353.220407471]: rtabmap (321): Rate=1.00s, Limit=0.000s, Conversion=0.0013s, RTAB-Map=0.3408s, Maps update=0.0002s pub=0.0001s (local map=179, WM=179)[0m
[0m[ INFO] [1790453313.916185063, 1790452354.226560026]: rtabmap (322): Rate=1.00s, Limit=0.000s, Conversion=0.0012s, RTAB-Map=0.3527s, Maps update=0.0002s pub=0.0001s (local map=180, WM=180)[0m
Warning: TF_REPEATED_DATA ignoring data with redundant timestamp for frame odom (parent map) at time 1790452354.480955 according to authority unknown_publisher
         at line 278 in /tmp/binarydeb/ros-noetic-tf2-0.7.7/src/buffer_core.cpp
[33m[ WARN] [1790453314.068708784, 1790452354.380954843]: TF_REPEATED_DATA ignoring data with redundant timestamp for frame odom (parent map) at time 1790452354.480955 according to authority unknown_publisher[0m
Warning: TF_REPEATED_DATA ignoring data with redundant timestamp for frame odom (parent map) at time 1790452354.480955 according to authority /rtabmap/rtabmap
         at line 278 in /tmp/binarydeb/ros-noetic-tf2-0.7.7/src/buffer_core.cpp
[0m[ INFO] [1790453314.950717597, 1790452355.262367457]: rtabmap (323): Rate=1.00s, Limit=0.000s, Conversion=0.0009s, RTAB-Map=0.2824s, Maps update=0.0002s pub=0.0001s (local map=181, WM=181)[0m
[0m[ INFO] [1790453316.099552175, 1790452356.407803751]: rtabmap (324): Rate=1.00s, Limit=0.000s, Conversion=0.0013s, RTAB-Map=0.3309s, Maps update=0.0003s pub=0.0001s (local map=182, WM=182)[0m
[0m[ INFO] [1790453317.076369275, 1790452357.388176577]: rtabmap (325): Rate=1.00s, Limit=0.000s, Conversion=0.0013s, RTAB-Map=0.3040s, Maps update=0.0002s pub=0.0001s (local map=183, WM=183)[0m
[0m[ INFO] [1790453318.170264039, 1790452358.478583744]: rtabmap (326): Rate=1.00s, Limit=0.000s, Conversion=0.0013s, RTAB-Map=0.2877s, Maps update=0.0002s pub=0.0001s (local map=184, WM=184)[0m
[0m[ INFO] [1790453319.193323074, 1790452359.501908382]: rtabmap (327): Rate=1.00s, Limit=0.000s, Conversion=0.0016s, RTAB-Map=0.3267s, Maps update=0.0002s pub=0.0001s (local map=185, WM=185)[0m
[0m[ INFO] [1790453320.313635229, 1790452360.624911356]: rtabmap (328): Rate=1.00s, Limit=0.000s, Conversion=0.0008s, RTAB-Map=0.3344s, Maps update=0.0002s pub=0.0001s (local map=186, WM=186)[0m
[0m[ INFO] [1790453321.244193297, 1790452361.553768410]: rtabmap (329): Rate=1.00s, Limit=0.000s, Conversion=0.0008s, RTAB-Map=0.2785s, Maps update=0.0002s pub=0.0001s (local map=187, WM=187)[0m
[0m[ INFO] [1790453322.398018007, 1790452362.705619078]: rtabmap (330): Rate=1.00s, Limit=0.000s, Conversion=0.0017s, RTAB-Map=0.3182s, Maps update=0.0002s pub=0.0001s (local map=188, WM=188)[0m
[0m[ INFO] [1790453323.384339219, 1790452363.689357858]: rtabmap (331): Rate=1.00s, Limit=0.000s, Conversion=0.0013s, RTAB-Map=0.3117s, Maps update=0.0003s pub=0.0001s (local map=189, WM=189)[0m
[0m[ INFO] [1790453324.489345602, 1790452364.801047751]: rtabmap (332): Rate=1.00s, Limit=0.000s, Conversion=0.0013s, RTAB-Map=0.3184s, Maps update=0.0002s pub=0.0001s (local map=190, WM=190)[0m
[0m[ INFO] [1790453325.582376438, 1790452365.893331184]: rtabmap (333): Rate=1.00s, Limit=0.000s, Conversion=0.0008s, RTAB-Map=0.3177s, Maps update=0.0002s pub=0.0001s (local map=191, WM=191)[0m
[0m[ INFO] [1790453326.608590253, 1790452366.918309848]: rtabmap (334): Rate=1.00s, Limit=0.000s, Conversion=0.0013s, RTAB-Map=0.3281s, Maps update=0.0002s pub=0.0001s (local map=192, WM=192)[0m
[0m[ INFO] [1790453327.601272149, 1790452367.907000780]: rtabmap (335): Rate=1.00s, Limit=0.000s, Conversion=0.0015s, RTAB-Map=0.3239s, Maps update=0.0002s pub=0.0001s (local map=193, WM=193)[0m
[0m[ INFO] [1790453328.692385738, 1790452368.997022676]: rtabmap (336): Rate=1.00s, Limit=0.000s, Conversion=0.0008s, RTAB-Map=0.3212s, Maps update=0.0003s pub=0.0001s (local map=194, WM=194)[0m
[0m[ INFO] [1790453329.812233294, 1790452370.121291889]: rtabmap (337): Rate=1.00s, Limit=0.000s, Conversion=0.0010s, RTAB-Map=0.3170s, Maps update=0.0002s pub=0.0001s (local map=195, WM=195)[0m
[0m[ INFO] [1790453330.895772095, 1790452371.208055274]: rtabmap (338): Rate=1.00s, Limit=0.000s, Conversion=0.0017s, RTAB-Map=0.3151s, Maps update=0.0002s pub=0.0001s (local map=196, WM=196)[0m
[0m[ INFO] [1790453331.899904114, 1790452372.207396289]: rtabmap (339): Rate=1.00s, Limit=0.000s, Conversion=0.0015s, RTAB-Map=0.3082s, Maps update=0.0002s pub=0.0001s (local map=197, WM=197)[0m
[0m[ INFO] [1790453332.986894955, 1790452373.297577571]: rtabmap (340): Rate=1.00s, Limit=0.000s, Conversion=0.0010s, RTAB-Map=0.3170s, Maps update=0.0003s pub=0.0001s (local map=198, WM=198)[0m
Warning: TF_REPEATED_DATA ignoring data with redundant timestamp for frame odom (parent map) at time 1790452373.547598 according to authority unknown_publisher
         at line 278 in /tmp/binarydeb/ros-noetic-tf2-0.7.7/src/buffer_core.cpp
[33m[ WARN] [1790453333.136630188, 1790452373.447597735]: TF_REPEATED_DATA ignoring data with redundant timestamp for frame odom (parent map) at time 1790452373.547598 according to authority unknown_publisher[0m
Warning: TF_REPEATED_DATA ignoring data with redundant timestamp for frame odom (parent map) at time 1790452373.547598 according to authority /rtabmap/rtabmap
         at line 278 in /tmp/binarydeb/ros-noetic-tf2-0.7.7/src/buffer_core.cpp
Warning: TF_REPEATED_DATA ignoring data with redundant timestamp for frame odom (parent map) at time 1790452416.144762 according to authority /rtabmap/rtabmap
         at line 278 in /tmp/binarydeb/ros-noetic-tf2-0.7.7/src/buffer_core.cpp
[0m[ INFO] [1790453334.005947771, 1790452374.308579627]: rtabmap (341): Rate=1.00s, Limit=0.000s, Conversion=0.0021s, RTAB-Map=0.3251s, Maps update=0.0002s pub=0.0003s (local map=199, WM=199)[0m
[0m[ INFO] [1790453334.984777413, 1790452375.289100171]: rtabmap (342): Rate=1.00s, Limit=0.000s, Conversion=0.0017s, RTAB-Map=0.3139s, Maps update=0.0003s pub=0.0001s (local map=200, WM=200)[0m
[0m[ INFO] [1790453336.000155139, 1790452376.312687538]: rtabmap (343): Rate=1.00s, Limit=0.000s, Conversion=0.0015s, RTAB-Map=0.3224s, Maps update=0.0002s pub=0.0001s (local map=201, WM=201)[0m
[0m[ INFO] [1790453337.050904484, 1790452377.355321803]: rtabmap (344): Rate=1.00s, Limit=0.000s, Conversion=0.0010s, RTAB-Map=0.2944s, Maps update=0.0002s pub=0.0001s (local map=202, WM=202)[0m
[0m[ INFO] [1790453338.181453475, 1790452378.485109536]: rtabmap (345): Rate=1.00s, Limit=0.000s, Conversion=0.0015s, RTAB-Map=0.3116s, Maps update=0.0002s pub=0.0001s (local map=203, WM=203)[0m
[0m[ INFO] [1790453339.270003109, 1790452379.577176016]: rtabmap (346): Rate=1.00s, Limit=0.000s, Conversion=0.0018s, RTAB-Map=0.3015s, Maps update=0.0002s pub=0.0001s (local map=204, WM=204)[0m
[0m[ INFO] [1790453340.376594189, 1790452380.680545326]: rtabmap (347): Rate=1.00s, Limit=0.000s, Conversion=0.0011s, RTAB-Map=0.3141s, Maps update=0.0002s pub=0.0001s (local map=205, WM=205)[0m
[0m[ INFO] [1790453341.476838402, 1790452381.784075213]: rtabmap (348): Rate=1.00s, Limit=0.000s, Conversion=0.0013s, RTAB-Map=0.3093s, Maps update=0.0002s pub=0.0001s (local map=206, WM=206)[0m
[0m[ INFO] [1790453342.571662415, 1790452382.884600612]: rtabmap (349): Rate=1.00s, Limit=0.000s, Conversion=0.0015s, RTAB-Map=0.3049s, Maps update=0.0002s pub=0.0001s (local map=207, WM=207)[0m
[0m[ INFO] [1790453343.694245471, 1790452384.004419824]: rtabmap (350): Rate=1.00s, Limit=0.000s, Conversion=0.0013s, RTAB-Map=0.3366s, Maps update=0.0002s pub=0.0001s (local map=208, WM=208)[0m
[0m[ INFO] [1790453344.793910279, 1790452385.100202534]: rtabmap (351): Rate=1.00s, Limit=0.000s, Conversion=0.0016s, RTAB-Map=0.3149s, Maps update=0.0004s pub=0.0001s (local map=209, WM=209)[0m
[0m[ INFO] [1790453345.755734599, 1790452386.060791927]: rtabmap (352): Rate=1.00s, Limit=0.000s, Conversion=0.0012s, RTAB-Map=0.2895s, Maps update=0.0002s pub=0.0001s (local map=210, WM=210)[0m
[0m[ INFO] [1790453346.882562376, 1790452387.192834746]: rtabmap (353): Rate=1.00s, Limit=0.000s, Conversion=0.0016s, RTAB-Map=0.3065s, Maps update=0.0002s pub=0.0001s (local map=211, WM=211)[0m
[0m[ INFO] [1790453347.995796632, 1790452388.302089431]: rtabmap (354): Rate=1.00s, Limit=0.000s, Conversion=0.0008s, RTAB-Map=0.3125s, Maps update=0.0003s pub=0.0001s (local map=212, WM=212)[0m
[0m[ INFO] [1790453349.052861559, 1790452389.361382035]: rtabmap (355): Rate=1.00s, Limit=0.000s, Conversion=0.0010s, RTAB-Map=0.2886s, Maps update=0.0003s pub=0.0001s (local map=212, WM=212)[0m
[0m[ INFO] [1790453350.173345857, 1790452390.485009477]: rtabmap (356): Rate=1.00s, Limit=0.000s, Conversion=0.0016s, RTAB-Map=0.3081s, Maps update=0.0003s pub=0.0001s (local map=212, WM=212)[0m
[0m[ INFO] [1790453351.225857315, 1790452391.533356049]: rtabmap (357): Rate=1.00s, Limit=0.000s, Conversion=0.0010s, RTAB-Map=0.2599s, Maps update=0.0004s pub=0.0001s (local map=212, WM=212)[0m
[0m[ INFO] [1790453352.324918231, 1790452392.632395557]: rtabmap (358): Rate=1.00s, Limit=0.000s, Conversion=0.0018s, RTAB-Map=0.2599s, Maps update=0.0003s pub=0.0001s (local map=212, WM=212)[0m
[0m[ INFO] [1790453353.333234175, 1790452393.642686631]: rtabmap (359): Rate=1.00s, Limit=0.000s, Conversion=0.0015s, RTAB-Map=0.2576s, Maps update=0.0003s pub=0.0001s (local map=212, WM=212)[0m
[0m[ INFO] [1790453354.460787005, 1790452394.767310623]: rtabmap (360): Rate=1.00s, Limit=0.000s, Conversion=0.0021s, RTAB-Map=0.2816s, Maps update=0.0006s pub=0.0001s (local map=212, WM=212)[0m
[0m[ INFO] [1790453355.432151210, 1790452395.739093969]: rtabmap (361): Rate=1.00s, Limit=0.000s, Conversion=0.0025s, RTAB-Map=0.2668s, Maps update=0.0003s pub=0.0001s (local map=212, WM=212)[0m
[0m[ INFO] [1790453356.550316427, 1790452396.857963484]: rtabmap (362): Rate=1.00s, Limit=0.000s, Conversion=0.0019s, RTAB-Map=0.2730s, Maps update=0.0003s pub=0.0001s (local map=212, WM=212)[0m
[0m[ INFO] [1790453357.642142842, 1790452397.950623158]: rtabmap (363): Rate=1.00s, Limit=0.000s, Conversion=0.0014s, RTAB-Map=0.2752s, Maps update=0.0003s pub=0.0001s (local map=212, WM=212)[0m
[0m[ INFO] [1790453358.717195761, 1790452399.029624479]: rtabmap (364): Rate=1.00s, Limit=0.000s, Conversion=0.0015s, RTAB-Map=0.2504s, Maps update=0.0003s pub=0.0001s (local map=212, WM=212)[0m
[0m[ INFO] [1790453359.753678649, 1790452400.060872900]: rtabmap (365): Rate=1.00s, Limit=0.000s, Conversion=0.0016s, RTAB-Map=0.2793s, Maps update=0.0003s pub=0.0001s (local map=212, WM=212)[0m
[0m[ INFO] [1790453360.833773229, 1790452401.139572486]: rtabmap (366): Rate=1.00s, Limit=0.000s, Conversion=0.0016s, RTAB-Map=0.2608s, Maps update=0.0004s pub=0.0001s (local map=212, WM=212)[0m
[0m[ INFO] [1790453361.844794604, 1790452402.153531499]: rtabmap (367): Rate=1.00s, Limit=0.000s, Conversion=0.0017s, RTAB-Map=0.2705s, Maps update=0.0004s pub=0.0001s (local map=212, WM=212)[0m
[0m[ INFO] [1790453362.953259208, 1790452403.265697430]: rtabmap (368): Rate=1.00s, Limit=0.000s, Conversion=0.0028s, RTAB-Map=0.2635s, Maps update=0.0003s pub=0.0001s (local map=212, WM=212)[0m
[0m[ INFO] [1790453363.975349234, 1790452404.287805344]: rtabmap (369): Rate=1.00s, Limit=0.000s, Conversion=0.0014s, RTAB-Map=0.2961s, Maps update=0.0005s pub=0.0001s (local map=212, WM=212)[0m
[0m[ INFO] [1790453365.040415488, 1790452405.347121636]: rtabmap (370): Rate=1.00s, Limit=0.000s, Conversion=0.0020s, RTAB-Map=0.2706s, Maps update=0.0003s pub=0.0001s (local map=212, WM=212)[0m
[0m[ INFO] [1790453366.054375711, 1790452406.359565328]: rtabmap (371): Rate=1.00s, Limit=0.000s, Conversion=0.0015s, RTAB-Map=0.2753s, Maps update=0.0003s pub=0.0001s (local map=212, WM=212)[0m
[0m[ INFO] [1790453367.137278637, 1790452407.440425700]: rtabmap (372): Rate=1.00s, Limit=0.000s, Conversion=0.0015s, RTAB-Map=0.2647s, Maps update=0.0003s pub=0.0001s (local map=212, WM=212)[0m
[0m[ INFO] [1790453368.134482067, 1790452408.439064893]: rtabmap (373): Rate=1.00s, Limit=0.000s, Conversion=0.0010s, RTAB-Map=0.2612s, Maps update=0.0003s pub=0.0001s (local map=212, WM=212)[0m
[0m[ INFO] [1790453369.249928958, 1790452409.557803378]: rtabmap (374): Rate=1.00s, Limit=0.000s, Conversion=0.0027s, RTAB-Map=0.2723s, Maps update=0.0003s pub=0.0001s (local map=212, WM=212)[0m
[0m[ INFO] [1790453370.335050660, 1790452410.643564864]: rtabmap (375): Rate=1.00s, Limit=0.000s, Conversion=0.0018s, RTAB-Map=0.2567s, Maps update=0.0002s pub=0.0001s (local map=212, WM=212)[0m
[0m[ INFO] [1790453371.321624670, 1790452411.624702709]: rtabmap (376): Rate=1.00s, Limit=0.000s, Conversion=0.0016s, RTAB-Map=0.2589s, Maps update=0.0003s pub=0.0001s (local map=212, WM=212)[0m
[0m[ INFO] [1790453372.435128780, 1790452412.738310052]: rtabmap (377): Rate=1.00s, Limit=0.000s, Conversion=0.0014s, RTAB-Map=0.2667s, Maps update=0.0003s pub=0.0001s (local map=212, WM=212)[0m
[0m[ INFO] [1790453373.538846811, 1790452413.843444453]: rtabmap (378): Rate=1.00s, Limit=0.000s, Conversion=0.0021s, RTAB-Map=0.2715s, Maps update=0.0003s pub=0.0001s (local map=212, WM=212)[0m
[0m[ INFO] [1790453374.648564213, 1790452414.954659058]: rtabmap (379): Rate=1.00s, Limit=0.000s, Conversion=0.0015s, RTAB-Map=0.2790s, Maps update=0.0003s pub=0.0001s (local map=212, WM=212)[0m
[0m[ INFO] [1790453375.635542542, 1790452415.893075615]: rtabmap (380): Rate=1.00s, Limit=0.000s, Conversion=0.0022s, RTAB-Map=0.2679s, Maps update=0.0003s pub=0.0001s (local map=212, WM=212)[0m
[33m[ WARN] [1790453375.736064818, 1790452416.044761584]: TF_REPEATED_DATA ignoring data with redundant timestamp for frame odom (parent map) at time 1790452416.144762 according to authority unknown_publisher[0m
Warning: TF_REPEATED_DATA ignoring data with redundant timestamp for frame odom (parent map) at time 1790452416.144762 according to authority unknown_publisher
         at line 278 in /tmp/binarydeb/ros-noetic-tf2-0.7.7/src/buffer_core.cpp
[0m[ INFO] [1790453376.644011577, 1790452416.955745566]: rtabmap (381): Rate=1.00s, Limit=0.000s, Conversion=0.0015s, RTAB-Map=0.2768s, Maps update=0.0003s pub=0.0001s (local map=212, WM=212)[0m
[0m[ INFO] [1790453377.735865546, 1790452418.044980878]: rtabmap (382): Rate=1.00s, Limit=0.000s, Conversion=0.0023s, RTAB-Map=0.2666s, Maps update=0.0002s pub=0.0001s (local map=212, WM=212)[0m
[0m[ INFO] [1790453378.735710820, 1790452419.044089086]: rtabmap (383): Rate=1.00s, Limit=0.000s, Conversion=0.0015s, RTAB-Map=0.2740s, Maps update=0.0003s pub=0.0001s (local map=212, WM=212)[0m
[0m[ INFO] [1790453379.847810997, 1790452420.155962380]: rtabmap (384): Rate=1.00s, Limit=0.000s, Conversion=0.0022s, RTAB-Map=0.2781s, Maps update=0.0003s pub=0.0001s (local map=212, WM=212)[0m
[0m[ INFO] [1790453380.816904067, 1790452421.128554599]: rtabmap (385): Rate=1.00s, Limit=0.000s, Conversion=0.0008s, RTAB-Map=0.2525s, Maps update=0.0003s pub=0.0001s (local map=212, WM=212)[0m
[0m[ INFO] [1790453381.841359571, 1790452422.146116799]: rtabmap (386): Rate=1.00s, Limit=0.000s, Conversion=0.0013s, RTAB-Map=0.2719s, Maps update=0.0003s pub=0.0001s (local map=212, WM=212)[0m
[0m[ INFO] [1790453382.871135237, 1790452423.176257206]: rtabmap (387): Rate=1.00s, Limit=0.000s, Conversion=0.0012s, RTAB-Map=0.2756s, Maps update=0.0003s pub=0.0001s (local map=212, WM=212)[0m
[0m[ INFO] [1790453383.942268230, 1790452424.247194004]: rtabmap (388): Rate=1.00s, Limit=0.000s, Conversion=0.0019s, RTAB-Map=0.2719s, Maps update=0.0003s pub=0.0001s (local map=212, WM=212)[0m
[0m[ INFO] [1790453384.927660383, 1790452425.235521778]: rtabmap (389): Rate=1.00s, Limit=0.000s, Conversion=0.0017s, RTAB-Map=0.2570s, Maps update=0.0003s pub=0.0001s (local map=212, WM=212)[0m
[0m[ INFO] [1790453386.056599838, 1790452426.364608691]: rtabmap (390): Rate=1.00s, Limit=0.000s, Conversion=0.0013s, RTAB-Map=0.2786s, Maps update=0.0003s pub=0.0001s (local map=212, WM=212)[0m
[0m[ INFO] [1790453387.142361492, 1790452427.448510066]: rtabmap (391): Rate=1.00s, Limit=0.000s, Conversion=0.0011s, RTAB-Map=0.2500s, Maps update=0.0002s pub=0.0001s (local map=212, WM=212)[0m
[0m[ INFO] [1790453388.139418942, 1790452428.443830150]: rtabmap (392): Rate=1.00s, Limit=0.000s, Conversion=0.0022s, RTAB-Map=0.2660s, Maps update=0.0003s pub=0.0001s (local map=212, WM=212)[0m
[0m[ INFO] [1790453389.258865375, 1790452429.563952240]: rtabmap (393): Rate=1.00s, Limit=0.000s, Conversion=0.0016s, RTAB-Map=0.2841s, Maps update=0.0004s pub=0.0001s (local map=212, WM=212)[0m
[0m[ INFO] [1790453390.262121046, 1790452430.574928264]: rtabmap (394): Rate=1.00s, Limit=0.000s, Conversion=0.0026s, RTAB-Map=0.2683s, Maps update=0.0003s pub=0.0001s (local map=212, WM=212)[0m
[0m[ INFO] [1790453391.331351636, 1790452431.641145120]: rtabmap (395): Rate=1.00s, Limit=0.000s, Conversion=0.0011s, RTAB-Map=0.2531s, Maps update=0.0003s pub=0.0001s (local map=212, WM=212)[0m
[0m[ INFO] [1790453392.451270487, 1790452432.754745522]: rtabmap (396): Rate=1.00s, Limit=0.000s, Conversion=0.0021s, RTAB-Map=0.2782s, Maps update=0.0003s pub=0.0001s (local map=213, WM=213)[0m
[0m[ INFO] [1790453393.570983285, 1790452433.880449405]: rtabmap (397): Rate=1.00s, Limit=0.000s, Conversion=0.0023s, RTAB-Map=0.2902s, Maps update=0.0002s pub=0.0001s (local map=214, WM=214)[0m
[0m[ INFO] [1790453394.589110916, 1790452434.892149914]: rtabmap (398): Rate=1.00s, Limit=0.000s, Conversion=0.0015s, RTAB-Map=0.3076s, Maps update=0.0002s pub=0.0001s (local map=215, WM=215)[0m
[0m[ INFO] [1790453395.629178537, 1790452435.941927162]: rtabmap (399): Rate=1.00s, Limit=0.000s, Conversion=0.0010s, RTAB-Map=0.3557s, Maps update=0.0003s pub=0.0001s (local map=216, WM=216)[0m
[0m[ INFO] [1790453396.557150040, 1790452436.859955563]: rtabmap (400): Rate=1.00s, Limit=0.000s, Conversion=0.0010s, RTAB-Map=0.2946s, Maps update=0.0003s pub=0.0001s (local map=217, WM=217)[0m
[0m[ INFO] [1790453397.690030265, 1790452437.998750423]: rtabmap (401): Rate=1.00s, Limit=0.000s, Conversion=0.0020s, RTAB-Map=0.3186s, Maps update=0.0003s pub=0.0001s (local map=218, WM=218)[0m
[0m[ INFO] [1790453398.804198441, 1790452439.111684600]: rtabmap (402): Rate=1.00s, Limit=0.000s, Conversion=0.0015s, RTAB-Map=0.3407s, Maps update=0.0002s pub=0.0001s (local map=219, WM=219)[0m
[0m[ INFO] [1790453399.763176992, 1790452440.070957555]: rtabmap (403): Rate=1.00s, Limit=0.000s, Conversion=0.0008s, RTAB-Map=0.3013s, Maps update=0.0003s pub=0.0001s (local map=220, WM=220)[0m
[0m[ INFO] [1790453400.919676649, 1790452441.223688012]: rtabmap (404): Rate=1.00s, Limit=0.000s, Conversion=0.0015s, RTAB-Map=0.3477s, Maps update=0.0002s pub=0.0001s (local map=221, WM=221)[0m
[0m[ INFO] [1790453401.888665373, 1790452442.199612664]: rtabmap (405): Rate=1.00s, Limit=0.000s, Conversion=0.0010s, RTAB-Map=0.3190s, Maps update=0.0006s pub=0.0001s (local map=222, WM=222)[0m
[0m[ INFO] [1790453402.957286980, 1790452443.269596273]: rtabmap (406): Rate=1.00s, Limit=0.000s, Conversion=0.0009s, RTAB-Map=0.2858s, Maps update=0.0003s pub=0.0001s (local map=223, WM=223)[0m
[0m[ INFO] [1790453403.965276390, 1790452444.268674657]: rtabmap (407): Rate=1.00s, Limit=0.000s, Conversion=0.0010s, RTAB-Map=0.3004s, Maps update=0.0002s pub=0.0001s (local map=224, WM=224)[0m
[0m[ INFO] [1790453405.064264622, 1790452445.376115700]: rtabmap (408): Rate=1.00s, Limit=0.000s, Conversion=0.0013s, RTAB-Map=0.2927s, Maps update=0.0002s pub=0.0001s (local map=225, WM=225)[0m
[0m[ INFO] [1790453406.056897642, 1790452446.364872607]: rtabmap (409): Rate=1.00s, Limit=0.000s, Conversion=0.0016s, RTAB-Map=0.2784s, Maps update=0.0004s pub=0.0001s (local map=225, WM=225)[0m
[0m[ INFO] [1790453407.061012343, 1790452447.372562169]: rtabmap (410): Rate=1.00s, Limit=0.000s, Conversion=0.0016s, RTAB-Map=0.2833s, Maps update=0.0005s pub=0.0001s (local map=225, WM=225)[0m
[0m[ INFO] [1790453408.132201432, 1790452448.443970142]: rtabmap (411): Rate=1.00s, Limit=0.000s, Conversion=0.0010s, RTAB-Map=0.2663s, Maps update=0.0003s pub=0.0001s (local map=226, WM=226)[0m
[0m[ INFO] [1790453409.166582532, 1790452449.474055187]: rtabmap (412): Rate=1.00s, Limit=0.000s, Conversion=0.0016s, RTAB-Map=0.2868s, Maps update=0.0004s pub=0.0001s (local map=227, WM=227)[0m
[0m[ INFO] [1790453410.296058312, 1790452450.605440655]: rtabmap (413): Rate=1.00s, Limit=0.000s, Conversion=0.0020s, RTAB-Map=0.3162s, Maps update=0.0002s pub=0.0001s (local map=228, WM=228)[0m
Warning: TF_REPEATED_DATA ignoring data with redundant timestamp for frame odom (parent map) at time 1790452450.859188 according to authority unknown_publisher
         at line 278 in /tmp/binarydeb/ros-noetic-tf2-0.7.7/src/buffer_core.cpp
[33m[ WARN] [1790453410.447451919, 1790452450.759188276]: TF_REPEATED_DATA ignoring data with redundant timestamp for frame odom (parent map) at time 1790452450.859188 according to authority unknown_publisher[0m
Warning: TF_REPEATED_DATA ignoring data with redundant timestamp for frame odom (parent map) at time 1790452450.859188 according to authority /rtabmap/rtabmap
         at line 278 in /tmp/binarydeb/ros-noetic-tf2-0.7.7/src/buffer_core.cpp
[0m[ INFO] [1790453411.313684828, 1790452451.622311610]: rtabmap (414): Rate=1.00s, Limit=0.000s, Conversion=0.0016s, RTAB-Map=0.3286s, Maps update=0.0003s pub=0.0001s (local map=228, WM=228)[0m
[0m[ INFO] [1790453412.311833303, 1790452452.622350509]: rtabmap (415): Rate=1.00s, Limit=0.000s, Conversion=0.0015s, RTAB-Map=0.3383s, Maps update=0.0003s pub=0.0001s (local map=228, WM=228)[0m
[0m[ INFO] [1790453413.243904680, 1790452453.552811498]: rtabmap (416): Rate=1.00s, Limit=0.000s, Conversion=0.0016s, RTAB-Map=0.2648s, Maps update=0.0003s pub=0.0001s (local map=228, WM=228)[0m
[0m[ INFO] [1790453414.368547690, 1790452454.676797539]: rtabmap (417): Rate=1.00s, Limit=0.000s, Conversion=0.0031s, RTAB-Map=0.2927s, Maps update=0.0004s pub=0.0001s (local map=228, WM=228)[0m
[0m[ INFO] [1790453415.400831348, 1790452455.713450020]: rtabmap (418): Rate=1.00s, Limit=0.000s, Conversion=0.0011s, RTAB-Map=0.3431s, Maps update=0.0003s pub=0.0001s (local map=229, WM=229)[0m
[0m[ INFO] [1790453416.474297768, 1790452456.781275633]: rtabmap (419): Rate=1.00s, Limit=0.000s, Conversion=0.0022s, RTAB-Map=0.3982s, Maps update=0.0003s pub=0.0002s (local map=229, WM=229)[0m
[0m[ INFO] [1790453417.533968203, 1790452457.843970619]: rtabmap (420): Rate=1.00s, Limit=0.000s, Conversion=0.0015s, RTAB-Map=0.3526s, Maps update=0.0002s pub=0.0001s (local map=230, WM=230)[0m
[0m[ INFO] [1790453418.525839312, 1790452458.835981344]: rtabmap (421): Rate=1.00s, Limit=0.000s, Conversion=0.0011s, RTAB-Map=0.3549s, Maps update=0.0004s pub=0.0001s (local map=230, WM=230)[0m
[0m[ INFO] [1790453419.570274927, 1790452459.875277183]: rtabmap (422): Rate=1.00s, Limit=0.000s, Conversion=0.0022s, RTAB-Map=0.3037s, Maps update=0.0007s pub=0.0001s (local map=230, WM=230)[0m
[0m[ INFO] [1790453420.629498281, 1790452460.935383876]: rtabmap (423): Rate=1.00s, Limit=0.000s, Conversion=0.0012s, RTAB-Map=0.2656s, Maps update=0.0003s pub=0.0001s (local map=230, WM=230)[0m
[0m[ INFO] [1790453421.617679355, 1790452461.924751941]: rtabmap (424): Rate=1.00s, Limit=0.000s, Conversion=0.0022s, RTAB-Map=0.2547s, Maps update=0.0002s pub=0.0001s (local map=231, WM=231)[0m
[0m[ INFO] [1790453422.722660952, 1790452463.034836131]: rtabmap (425): Rate=1.00s, Limit=0.000s, Conversion=0.0011s, RTAB-Map=0.3548s, Maps update=0.0002s pub=0.0001s (local map=232, WM=232)[0m
[0m[ INFO] [1790453423.842893654, 1790452464.148460493]: rtabmap (426): Rate=1.00s, Limit=0.000s, Conversion=0.0016s, RTAB-Map=0.3759s, Maps update=0.0002s pub=0.0001s (local map=233, WM=233)[0m
[0m[ INFO] [1790453424.806769776, 1790452465.118879898]: rtabmap (427): Rate=1.00s, Limit=0.000s, Conversion=0.0016s, RTAB-Map=0.3227s, Maps update=0.0003s pub=0.0001s (local map=234, WM=234)[0m
[0m[ INFO] [1790453425.892570901, 1790452466.198311982]: rtabmap (428): Rate=1.00s, Limit=0.000s, Conversion=0.0013s, RTAB-Map=0.3225s, Maps update=0.0003s pub=0.0001s (local map=234, WM=234)[0m
[0m[ INFO] [1790453426.822115385, 1790452467.127590510]: rtabmap (429): Rate=1.00s, Limit=0.000s, Conversion=0.0016s, RTAB-Map=0.2479s, Maps update=0.0003s pub=0.0001s (local map=234, WM=234)[0m
[0m[ INFO] [1790453427.909370511, 1790452468.215109959]: rtabmap (430): Rate=1.00s, Limit=0.000s, Conversion=0.0008s, RTAB-Map=0.2403s, Maps update=0.0003s pub=0.0001s (local map=234, WM=234)[0m
[0m[ INFO] [1790453428.910078584, 1790452469.215677935]: rtabmap (431): Rate=1.00s, Limit=0.000s, Conversion=0.0022s, RTAB-Map=0.2270s, Maps update=0.0003s pub=0.0001s (local map=234, WM=234)[0m
[0m[ INFO] [1790453430.004154466, 1790452470.316117098]: rtabmap (432): Rate=1.00s, Limit=0.000s, Conversion=0.0009s, RTAB-Map=0.2351s, Maps update=0.0003s pub=0.0001s (local map=234, WM=234)[0m
[0m[ INFO] [1790453431.001055320, 1790452471.306157641]: rtabmap (433): Rate=1.00s, Limit=0.000s, Conversion=0.0021s, RTAB-Map=0.2184s, Maps update=0.0002s pub=0.0001s (local map=235, WM=235)[0m
[0m[ INFO] [1790453432.109018256, 1790452472.417084871]: rtabmap (434): Rate=1.00s, Limit=0.000s, Conversion=0.0010s, RTAB-Map=0.3377s, Maps update=0.0002s pub=0.0001s (local map=236, WM=236)[0m
[0m[ INFO] [1790453433.214875628, 1790452473.520483076]: rtabmap (435): Rate=1.00s, Limit=0.000s, Conversion=0.0013s, RTAB-Map=0.3307s, Maps update=0.0002s pub=0.0001s (local map=237, WM=237)[0m
[0m[ INFO] [1790453434.206593886, 1790452474.509714101]: rtabmap (436): Rate=1.00s, Limit=0.000s, Conversion=0.0015s, RTAB-Map=0.3185s, Maps update=0.0003s pub=0.0001s (local map=238, WM=238)[0m
[0m[ INFO] [1790453435.324086283, 1790452475.628308145]: rtabmap (437): Rate=1.00s, Limit=0.000s, Conversion=0.0010s, RTAB-Map=0.3492s, Maps update=0.0004s pub=0.0001s (local map=239, WM=239)[0m
[0m[ INFO] [1790453436.405021031, 1790452476.711091428]: rtabmap (438): Rate=1.00s, Limit=0.000s, Conversion=0.0010s, RTAB-Map=0.3332s, Maps update=0.0003s pub=0.0001s (local map=240, WM=240)[0m
[0m[ INFO] [1790453437.451855952, 1790452477.759561410]: rtabmap (439): Rate=1.00s, Limit=0.000s, Conversion=0.0016s, RTAB-Map=0.3784s, Maps update=0.0004s pub=0.0001s (local map=241, WM=241)[0m
[0m[ INFO] [1790453438.533820183, 1790452478.843099293]: rtabmap (440): Rate=1.00s, Limit=0.000s, Conversion=0.0023s, RTAB-Map=0.3565s, Maps update=0.0003s pub=0.0001s (local map=242, WM=242)[0m
[0m[ INFO] [1790453439.586632458, 1790452479.891901757]: rtabmap (441): Rate=1.00s, Limit=0.000s, Conversion=0.0010s, RTAB-Map=0.3311s, Maps update=0.0004s pub=0.0001s (local map=243, WM=243)[0m
[0m[ INFO] [1790453440.612966028, 1790452480.923632964]: rtabmap (442): Rate=1.00s, Limit=0.000s, Conversion=0.0015s, RTAB-Map=0.3432s, Maps update=0.0004s pub=0.0001s (local map=244, WM=244)[0m
Warning: TF_REPEATED_DATA ignoring data with redundant timestamp for frame odom (parent map) at time 1790452481.176218 according to authority unknown_publisher
         at line 278 in /tmp/binarydeb/ros-noetic-tf2-0.7.7/src/buffer_core.cpp
[33m[ WARN] [1790453440.764728339, 1790452481.076218261]: TF_REPEATED_DATA ignoring data with redundant timestamp for frame odom (parent map) at time 1790452481.176218 according to authority unknown_publisher[0m
Warning: TF_REPEATED_DATA ignoring data with redundant timestamp for frame odom (parent map) at time 1790452481.176218 according to authority /rtabmap/rtabmap
         at line 278 in /tmp/binarydeb/ros-noetic-tf2-0.7.7/src/buffer_core.cpp
[0m[ INFO] [1790453441.661635113, 1790452481.968471952]: rtabmap (443): Rate=1.00s, Limit=0.000s, Conversion=0.0015s, RTAB-Map=0.2896s, Maps update=0.0005s pub=0.0001s (local map=245, WM=245)[0m
[0m[ INFO] [1790453442.775777923, 1790452483.084186846]: rtabmap (444): Rate=1.00s, Limit=0.000s, Conversion=0.0011s, RTAB-Map=0.3033s, Maps update=0.0003s pub=0.0001s (local map=246, WM=246)[0m
[0m[ INFO] [1790453443.779981353, 1790452484.086193896]: rtabmap (445): Rate=1.00s, Limit=0.000s, Conversion=0.0010s, RTAB-Map=0.3104s, Maps update=0.0003s pub=0.0001s (local map=247, WM=247)[0m
[0m[ INFO] [1790453444.889115074, 1790452485.199283123]: rtabmap (446): Rate=1.00s, Limit=0.000s, Conversion=0.0011s, RTAB-Map=0.3309s, Maps update=0.0003s pub=0.0001s (local map=248, WM=248)[0m
[0m[ INFO] [1790453445.947578518, 1790452486.257597029]: rtabmap (447): Rate=1.00s, Limit=0.000s, Conversion=0.0015s, RTAB-Map=0.2747s, Maps update=0.0003s pub=0.0001s (local map=248, WM=248)[0m
[0m[ INFO] [1790453446.964081557, 1790452487.266927945]: rtabmap (448): Rate=1.00s, Limit=0.000s, Conversion=0.0011s, RTAB-Map=0.2935s, Maps update=0.0005s pub=0.0001s (local map=248, WM=248)[0m
[0m[ INFO] [1790453448.050510601, 1790452488.352934936]: rtabmap (449): Rate=1.00s, Limit=0.000s, Conversion=0.0016s, RTAB-Map=0.2759s, Maps update=0.0006s pub=0.0001s (local map=249, WM=249)[0m
[0m[ INFO] [1790453449.058309880, 1790452489.364486390]: rtabmap (450): Rate=1.00s, Limit=0.000s, Conversion=0.0016s, RTAB-Map=0.2841s, Maps update=0.0003s pub=0.0001s (local map=250, WM=250)[0m
[0m[ INFO] [1790453450.132422158, 1790452490.435995372]: rtabmap (451): Rate=1.00s, Limit=0.000s, Conversion=0.0011s, RTAB-Map=0.2622s, Maps update=0.0002s pub=0.0001s (local map=251, WM=251)[0m
[0m[ INFO] [1790453451.255732659, 1790452491.559642133]: rtabmap (452): Rate=1.00s, Limit=0.000s, Conversion=0.0009s, RTAB-Map=0.2838s, Maps update=0.0005s pub=0.0001s (local map=252, WM=252)[0m
[0m[ INFO] [1790453452.207757755, 1790452492.520146152]: rtabmap (453): Rate=1.00s, Limit=0.000s, Conversion=0.0010s, RTAB-Map=0.2404s, Maps update=0.0004s pub=0.0001s (local map=253, WM=253)[0m
[0m[ INFO] [1790453453.245513281, 1790452493.550438096]: rtabmap (454): Rate=1.00s, Limit=0.000s, Conversion=0.0018s, RTAB-Map=0.2712s, Maps update=0.0002s pub=0.0001s (local map=254, WM=254)[0m
[0m[ INFO] [1790453454.327345941, 1790452494.636721244]: rtabmap (455): Rate=1.00s, Limit=0.000s, Conversion=0.0016s, RTAB-Map=0.2533s, Maps update=0.0003s pub=0.0001s (local map=255, WM=255)[0m
[0m[ INFO] [1790453455.375658494, 1790452495.685250568]: rtabmap (456): Rate=1.00s, Limit=0.000s, Conversion=0.0013s, RTAB-Map=0.3001s, Maps update=0.0003s pub=0.0001s (local map=256, WM=256)[0m
[0m[ INFO] [1790453456.325788010, 1790452496.635096881]: rtabmap (457): Rate=1.00s, Limit=0.000s, Conversion=0.0010s, RTAB-Map=0.2552s, Maps update=0.0003s pub=0.0001s (local map=257, WM=257)[0m
[33m[ WARN] (2026-09-26 16:10:57.339) Memory.cpp:3200::computeTransform() Missing visual features or missing raw data to compute them. Transform cannot be estimated.[0m
[0m[ INFO] [1790453457.477191821, 1790452497.788482444]: rtabmap (458): Rate=1.00s, Limit=0.000s, Conversion=0.0010s, RTAB-Map=0.2967s, Maps update=0.0003s pub=0.0001s (local map=258, WM=258)[0m
[33m[ WARN] (2026-09-26 16:10:58.470) Memory.cpp:3200::computeTransform() Missing visual features or missing raw data to compute them. Transform cannot be estimated.[0m
[0m[ INFO] [1790453458.618419437, 1790452498.923874050]: rtabmap (459): Rate=1.00s, Limit=0.000s, Conversion=0.0016s, RTAB-Map=0.3426s, Maps update=0.0003s pub=0.0001s (local map=259, WM=259)[0m
[33m[ WARN] (2026-09-26 16:10:59.543) Memory.cpp:3200::computeTransform() Missing visual features or missing raw data to compute them. Transform cannot be estimated.[0m
[0m[ INFO] [1790453459.768822944, 1790452500.074039186]: rtabmap (460): Rate=1.00s, Limit=0.000s, Conversion=0.0015s, RTAB-Map=0.3931s, Maps update=0.0003s pub=0.0001s (local map=260, WM=260)[0m
[33m[ WARN] (2026-09-26 16:11:00.528) Memory.cpp:3200::computeTransform() Missing visual features or missing raw data to compute them. Transform cannot be estimated.[0m
[0m[ INFO] [1790453460.765886395, 1790452501.074924478]: rtabmap (461): Rate=1.00s, Limit=0.000s, Conversion=0.0010s, RTAB-Map=0.3985s, Maps update=0.0003s pub=0.0001s (local map=261, WM=261)[0m
Warning: TF_REPEATED_DATA ignoring data with redundant timestamp for frame odom (parent map) at time 1790452501.332751 according to authority unknown_publisher
         at line 278 in /tmp/binarydeb/ros-noetic-tf2-0.7.7/src/buffer_core.cpp
Warning: TF_REPEATED_DATA ignoring data with redundant timestamp for frame odom (parent map) at time 1790452501.332751 according to authority /rtabmap/rtabmap
         at line 278 in /tmp/binarydeb/ros-noetic-tf2-0.7.7/src/buffer_core.cpp[33m[ WARN] [1790453460.921003944, 1790452501.232750894]: TF_REPEATED_DATA ignoring data with redundant timestamp for frame odom (parent map) at time 1790452501.332751 according to authority unknown_publisher[0m

[33m[ WARN] (2026-09-26 16:11:01.637) Memory.cpp:3200::computeTransform() Missing visual features or missing raw data to compute them. Transform cannot be estimated.[0m
[0m[ INFO] [1790453461.871826552, 1790452502.184694284]: rtabmap (462): Rate=1.00s, Limit=0.000s, Conversion=0.0018s, RTAB-Map=0.4015s, Maps update=0.0003s pub=0.0001s (local map=262, WM=262)[0m
[33m[ WARN] (2026-09-26 16:11:02.738) Memory.cpp:3200::computeTransform() Missing visual features or missing raw data to compute them. Transform cannot be estimated.[0m
[0m[ INFO] [1790453462.928996427, 1790452503.235040456]: rtabmap (463): Rate=1.00s, Limit=0.000s, Conversion=0.0016s, RTAB-Map=0.3580s, Maps update=0.0002s pub=0.0001s (local map=263, WM=263)[0m
[33m[ WARN] (2026-09-26 16:11:03.730) Memory.cpp:3200::computeTransform() Missing visual features or missing raw data to compute them. Transform cannot be estimated.[0m
[0m[ INFO] [1790453464.001632288, 1790452504.308165251]: rtabmap (464): Rate=1.00s, Limit=0.000s, Conversion=0.0015s, RTAB-Map=0.4386s, Maps update=0.0003s pub=0.0001s (local map=264, WM=264)[0m
[33m[ WARN] (2026-09-26 16:11:04.747) Memory.cpp:3200::computeTransform() Missing visual features or missing raw data to compute them. Transform cannot be estimated.[0m
[0m[ INFO] [1790453465.019363837, 1790452505.329119401]: rtabmap (465): Rate=1.00s, Limit=0.000s, Conversion=0.0021s, RTAB-Map=0.4442s, Maps update=0.0003s pub=0.0001s (local map=265, WM=265)[0m
[33m[ WARN] (2026-09-26 16:11:05.735) Memory.cpp:3200::computeTransform() Missing visual features or missing raw data to compute them. Transform cannot be estimated.[0m
[0m[ INFO] [1790453466.007798693, 1790452506.317330351]: rtabmap (466): Rate=1.00s, Limit=0.000s, Conversion=0.0016s, RTAB-Map=0.4385s, Maps update=0.0003s pub=0.0001s (local map=266, WM=266)[0m
[33m[ WARN] (2026-09-26 16:11:06.832) Memory.cpp:3200::computeTransform() Missing visual features or missing raw data to compute them. Transform cannot be estimated.[0m
[0m[ INFO] [1790453467.080061075, 1790452507.390332389]: rtabmap (467): Rate=1.00s, Limit=0.000s, Conversion=0.0016s, RTAB-Map=0.4087s, Maps update=0.0004s pub=0.0001s (local map=267, WM=267)[0m
[33m[ WARN] (2026-09-26 16:11:07.924) Memory.cpp:3200::computeTransform() Missing visual features or missing raw data to compute them. Transform cannot be estimated.[0m
[0m[ INFO] [1790453468.084541893, 1790452508.392737373]: rtabmap (468): Rate=1.00s, Limit=0.000s, Conversion=0.0010s, RTAB-Map=0.3206s, Maps update=0.0003s pub=0.0001s (local map=268, WM=268)[0m
[33m[ WARN] (2026-09-26 16:11:09.045) Memory.cpp:3200::computeTransform() Missing visual features or missing raw data to compute them. Transform cannot be estimated.[0m
[0m[ INFO] [1790453469.199129704, 1790452509.503253645]: rtabmap (469): Rate=1.00s, Limit=0.000s, Conversion=0.0015s, RTAB-Map=0.3188s, Maps update=0.0003s pub=0.0001s (local map=269, WM=269)[0m
[33m[ WARN] (2026-09-26 16:11:10.049) Memory.cpp:3200::computeTransform() Missing visual features or missing raw data to compute them. Transform cannot be estimated.[0m
[0m[ INFO] [1790453470.260376391, 1790452510.563787875]: rtabmap (470): Rate=1.00s, Limit=0.000s, Conversion=0.0017s, RTAB-Map=0.3777s, Maps update=0.0004s pub=0.0001s (local map=270, WM=270)[0m
[33m[ WARN] (2026-09-26 16:11:11.125) Memory.cpp:3200::computeTransform() Missing visual features or missing raw data to compute them. Transform cannot be estimated.[0m
[0m[ INFO] [1790453471.337198218, 1790452511.645057022]: rtabmap (471): Rate=1.00s, Limit=0.000s, Conversion=0.0015s, RTAB-Map=0.3788s, Maps update=0.0003s pub=0.0001s (local map=271, WM=271)[0m
[33m[ WARN] (2026-09-26 16:11:12.144) Memory.cpp:3200::computeTransform() Missing visual features or missing raw data to compute them. Transform cannot be estimated.[0m
[0m[ INFO] [1790453472.355253284, 1790452512.666682629]: rtabmap (472): Rate=1.00s, Limit=0.000s, Conversion=0.0012s, RTAB-Map=0.3758s, Maps update=0.0005s pub=0.0001s (local map=272, WM=272)[0m
[33m[ WARN] (2026-09-26 16:11:13.226) Memory.cpp:3200::computeTransform() Missing visual features or missing raw data to compute them. Transform cannot be estimated.[0m
[0m[ INFO] [1790453473.500745194, 1790452513.806136767]: rtabmap (473): Rate=1.00s, Limit=0.000s, Conversion=0.0022s, RTAB-Map=0.4385s, Maps update=0.0003s pub=0.0001s (local map=273, WM=273)[0m
[33m[ WARN] (2026-09-26 16:11:14.230) Memory.cpp:3200::computeTransform() Missing visual features or missing raw data to compute them. Transform cannot be estimated.[0m
[0m[ INFO] [1790453474.498082972, 1790452514.807341186]: rtabmap (474): Rate=1.00s, Limit=0.000s, Conversion=0.0015s, RTAB-Map=0.4177s, Maps update=0.0003s pub=0.0001s (local map=274, WM=274)[0m
[33m[ WARN] (2026-09-26 16:11:15.327) Memory.cpp:3200::computeTransform() Missing visual features or missing raw data to compute them. Transform cannot be estimated.[0m
[0m[ INFO] [1790453475.607858396, 1790452515.911211255]: rtabmap (475): Rate=1.00s, Limit=0.000s, Conversion=0.0015s, RTAB-Map=0.4468s, Maps update=0.0003s pub=0.0001s (local map=275, WM=275)[0m
[33m[ WARN] (2026-09-26 16:11:16.432) Memory.cpp:3200::computeTransform() Missing visual features or missing raw data to compute them. Transform cannot be estimated.[0m
[0m[ INFO] [1790453476.697791136, 1790452517.010055340]: rtabmap (476): Rate=1.00s, Limit=0.000s, Conversion=0.0015s, RTAB-Map=0.4237s, Maps update=0.0003s pub=0.0001s (local map=276, WM=276)[0m
[33m[ WARN] (2026-09-26 16:11:17.439) Memory.cpp:3200::computeTransform() Missing visual features or missing raw data to compute them. Transform cannot be estimated.[0m
[0m[ INFO] [1790453477.638158942, 1790452517.948195949]: rtabmap (477): Rate=1.00s, Limit=0.000s, Conversion=0.0016s, RTAB-Map=0.3646s, Maps update=0.0003s pub=0.0001s (local map=277, WM=277)[0m
[33m[ WARN] (2026-09-26 16:11:18.530) Memory.cpp:3200::computeTransform() Missing visual features or missing raw data to compute them. Transform cannot be estimated.[0m
[0m[ INFO] [1790453478.749743153, 1790452519.058121132]: rtabmap (478): Rate=1.00s, Limit=0.000s, Conversion=0.0011s, RTAB-Map=0.3685s, Maps update=0.0003s pub=0.0001s (local map=278, WM=278)[0m
[33m[ WARN] (2026-09-26 16:11:19.623) Memory.cpp:3200::computeTransform() Missing visual features or missing raw data to compute them. Transform cannot be estimated.[0m
[0m[ INFO] [1790453479.908922878, 1790452520.217614685]: rtabmap (479): Rate=1.00s, Limit=0.000s, Conversion=0.0010s, RTAB-Map=0.4360s, Maps update=0.0004s pub=0.0001s (local map=279, WM=279)[0m
Warning: TF_REPEATED_DATA ignoring data with redundant timestamp for frame odom (parent map) at time 1790452520.472213 according to authority unknown_publisher
         at line 278 in /tmp/binarydeb/ros-noetic-tf2-0.7.7/src/buffer_core.cpp
[33m[ WARN] [1790453480.062023472, 1790452520.372212898]: TF_REPEATED_DATA ignoring data with redundant timestamp for frame odom (parent map) at time 1790452520.472213 according to authority unknown_publisher[0m
Warning: TF_REPEATED_DATA ignoring data with redundant timestamp for frame odom (parent map) at time 1790452520.472213 according to authority /rtabmap/rtabmap
         at line 278 in /tmp/binarydeb/ros-noetic-tf2-0.7.7/src/buffer_core.cpp
[33m[ WARN] (2026-09-26 16:11:20.734) Memory.cpp:3200::computeTransform() Missing visual features or missing raw data to compute them. Transform cannot be estimated.[0m
[0m[ INFO] [1790453481.035183114, 1790452521.346423785]: rtabmap (480): Rate=1.00s, Limit=0.000s, Conversion=0.0016s, RTAB-Map=0.4683s, Maps update=0.0003s pub=0.0001s (local map=280, WM=280)[0m
[33m[ WARN] (2026-09-26 16:11:21.719) Memory.cpp:3200::computeTransform() Missing visual features or missing raw data to compute them. Transform cannot be estimated.[0m
[0m[ INFO] [1790453482.002492889, 1790452522.308861882]: rtabmap (481): Rate=1.00s, Limit=0.000s, Conversion=0.0010s, RTAB-Map=0.4310s, Maps update=0.0007s pub=0.0001s (local map=281, WM=281)[0m
[33m[ WARN] (2026-09-26 16:11:22.739) Memory.cpp:3200::computeTransform() Missing visual features or missing raw data to compute them. Transform cannot be estimated.[0m
[0m[ INFO] [1790453482.888220319, 1790452523.191099444]: rtabmap (482): Rate=1.00s, Limit=0.000s, Conversion=0.0015s, RTAB-Map=0.3076s, Maps update=0.0004s pub=0.0001s (local map=282, WM=282)[0m
[33m[ WARN] (2026-09-26 16:11:23.820) Memory.cpp:3200::computeTransform() Missing visual features or missing raw data to compute them. Transform cannot be estimated.[0m
[0m[ INFO] [1790453484.098821490, 1790452524.403773538]: rtabmap (483): Rate=1.00s, Limit=0.000s, Conversion=0.0010s, RTAB-Map=0.4273s, Maps update=0.0005s pub=0.0001s (local map=283, WM=283)[0m
[33m[ WARN] (2026-09-26 16:11:24.925) Memory.cpp:3200::computeTransform() Missing visual features or missing raw data to compute them. Transform cannot be estimated.[0m
[0m[ INFO] [1790453485.206552047, 1790452525.515016683]: rtabmap (484): Rate=1.00s, Limit=0.000s, Conversion=0.0010s, RTAB-Map=0.4288s, Maps update=0.0003s pub=0.0001s (local map=284, WM=284)[0m
[33m[ WARN] (2026-09-26 16:11:25.947) Memory.cpp:3200::computeTransform() Missing visual features or missing raw data to compute them. Transform cannot be estimated.[0m
[0m[ INFO] [1790453486.229708701, 1790452526.532401232]: rtabmap (485): Rate=1.00s, Limit=0.000s, Conversion=0.0016s, RTAB-Map=0.4454s, Maps update=0.0003s pub=0.0001s (local map=285, WM=285)[0m
[33m[ WARN] (2026-09-26 16:11:27.021) Memory.cpp:3200::computeTransform() Missing visual features or missing raw data to compute them. Transform cannot be estimated.[0m
[0m[ INFO] [1790453487.245395884, 1790452527.553274976]: rtabmap (486): Rate=1.00s, Limit=0.000s, Conversion=0.0010s, RTAB-Map=0.3816s, Maps update=0.0003s pub=0.0001s (local map=286, WM=286)[0m
[33m[ WARN] (2026-09-26 16:11:28.147) Memory.cpp:3200::computeTransform() Missing visual features or missing raw data to compute them. Transform cannot be estimated.[0m
[0m[ INFO] [1790453488.372344249, 1790452528.683161810]: rtabmap (487): Rate=1.00s, Limit=0.000s, Conversion=0.0015s, RTAB-Map=0.3922s, Maps update=0.0004s pub=0.0001s (local map=287, WM=287)[0m
[33m[ WARN] (2026-09-26 16:11:29.250) Memory.cpp:3200::computeTransform() Missing visual features or missing raw data to compute them. Transform cannot be estimated.[0m
[0m[ INFO] [1790453489.487544112, 1790452529.796348464]: rtabmap (488): Rate=1.00s, Limit=0.000s, Conversion=0.0015s, RTAB-Map=0.3983s, Maps update=0.0003s pub=0.0001s (local map=288, WM=288)[0m
[33m[ WARN] (2026-09-26 16:11:30.225) Memory.cpp:3200::computeTransform() Missing visual features or missing raw data to compute them. Transform cannot be estimated.[0m
[0m[ INFO] [1790453490.454811672, 1790452530.760876149]: rtabmap (489): Rate=1.00s, Limit=0.000s, Conversion=0.0015s, RTAB-Map=0.3796s, Maps update=0.0004s pub=0.0001s (local map=289, WM=289)[0m
[33m[ WARN] (2026-09-26 16:11:31.338) Memory.cpp:3200::computeTransform() Missing visual features or missing raw data to compute them. Transform cannot be estimated.[0m
[0m[ INFO] [1790453491.576139579, 1790452531.878256934]: rtabmap (490): Rate=1.00s, Limit=0.000s, Conversion=0.0012s, RTAB-Map=0.4033s, Maps update=0.0004s pub=0.0001s (local map=290, WM=290)[0m
[33m[ WARN] (2026-09-26 16:11:32.438) Memory.cpp:3200::computeTransform() Missing visual features or missing raw data to compute them. Transform cannot be estimated.[0m
[0m[ INFO] [1790453492.676832055, 1790452532.987850740]: rtabmap (491): Rate=1.00s, Limit=0.000s, Conversion=0.0015s, RTAB-Map=0.4000s, Maps update=0.0003s pub=0.0001s (local map=291, WM=291)[0m
[33m[ WARN] (2026-09-26 16:11:33.457) Memory.cpp:3200::computeTransform() Missing visual features or missing raw data to compute them. Transform cannot be estimated.[0m
[0m[ INFO] [1790453493.673484432, 1790452533.980381016]: rtabmap (492): Rate=1.00s, Limit=0.000s, Conversion=0.0015s, RTAB-Map=0.3989s, Maps update=0.0003s pub=0.0001s (local map=292, WM=292)[0m
[33m[ WARN] (2026-09-26 16:11:34.523) Memory.cpp:3200::computeTransform() Missing visual features or missing raw data to compute them. Transform cannot be estimated.[0m
[0m[ INFO] [1790453494.734722552, 1790452535.043881629]: rtabmap (493): Rate=1.00s, Limit=0.000s, Conversion=0.0017s, RTAB-Map=0.3756s, Maps update=0.0003s pub=0.0001s (local map=293, WM=293)[0m
[33m[ WARN] (2026-09-26 16:11:35.635) Memory.cpp:3200::computeTransform() Missing visual features or missing raw data to compute them. Transform cannot be estimated.[0m
[0m[ INFO] [1790453495.906834329, 1790452536.214065189]: rtabmap (494): Rate=1.00s, Limit=0.000s, Conversion=0.0015s, RTAB-Map=0.4367s, Maps update=0.0003s pub=0.0001s (local map=294, WM=294)[0m
[33m[ WARN] (2026-09-26 16:11:36.727) Memory.cpp:3200::computeTransform() Missing visual features or missing raw data to compute them. Transform cannot be estimated.[0m
[0m[ INFO] [1790453496.908257771, 1790452537.211777224]: rtabmap (495): Rate=1.00s, Limit=0.000s, Conversion=0.0015s, RTAB-Map=0.3313s, Maps update=0.0004s pub=0.0001s (local map=295, WM=295)[0m
[33m[ WARN] (2026-09-26 16:11:37.831) Memory.cpp:3200::computeTransform() Missing visual features or missing raw data to compute them. Transform cannot be estimated.[0m
[0m[ INFO] [1790453498.062701866, 1790452538.370302779]: rtabmap (496): Rate=1.00s, Limit=0.000s, Conversion=0.0015s, RTAB-Map=0.3989s, Maps update=0.0003s pub=0.0001s (local map=296, WM=296)[0m
[33m[ WARN] [1790453498.215942267, 1790452538.526719188]: TF_REPEATED_DATA ignoring data with redundant timestamp for frame odom (parent map) at time 1790452538.626719 according to authority unknown_publisher[0m
Warning: TF_REPEATED_DATA ignoring data with redundant timestamp for frame odom (parent map) at time 1790452538.626719 according to authority unknown_publisher
         at line 278 in /tmp/binarydeb/ros-noetic-tf2-0.7.7/src/buffer_core.cpp
Warning: TF_REPEATED_DATA ignoring data with redundant timestamp for frame odom (parent map) at time 1790452538.626719 according to authority /rtabmap/rtabmap
         at line 278 in /tmp/binarydeb/ros-noetic-tf2-0.7.7/src/buffer_core.cpp
[33m[ WARN] (2026-09-26 16:11:38.838) Memory.cpp:3200::computeTransform() Missing visual features or missing raw data to compute them. Transform cannot be estimated.[0m
[0m[ INFO] [1790453499.040491344, 1790452539.343651657]: rtabmap (497): Rate=1.00s, Limit=0.000s, Conversion=0.0016s, RTAB-Map=0.3718s, Maps update=0.0003s pub=0.0001s (local map=297, WM=297)[0m
[33m[ WARN] (2026-09-26 16:11:39.813) Memory.cpp:3200::computeTransform() Missing visual features or missing raw data to compute them. Transform cannot be estimated.[0m
[0m[ INFO] [1790453500.012921361, 1790452540.316127467]: rtabmap (498): Rate=1.00s, Limit=0.000s, Conversion=0.0011s, RTAB-Map=0.3550s, Maps update=0.0003s pub=0.0001s (local map=298, WM=298)[0m
[33m[ WARN] (2026-09-26 16:11:40.851) Memory.cpp:3200::computeTransform() Missing visual features or missing raw data to compute them. Transform cannot be estimated.[0m
[0m[ INFO] [1790453501.050024579, 1790452541.356036096]: rtabmap (499): Rate=1.00s, Limit=0.000s, Conversion=0.0016s, RTAB-Map=0.3711s, Maps update=0.0004s pub=0.0001s (local map=298, WM=298)[0m
[33m[ WARN] (2026-09-26 16:11:41.817) Memory.cpp:3200::computeTransform() Missing visual features or missing raw data to compute them. Transform cannot be estimated.[0m
[0m[ INFO] [1790453502.171923427, 1790452542.474509333]: rtabmap (500): Rate=1.00s, Limit=0.000s, Conversion=0.0010s, RTAB-Map=0.5071s, Maps update=0.0005s pub=0.0001s (local map=299, WM=299)[0m
[33m[ WARN] (2026-09-26 16:11:42.937) Memory.cpp:3200::computeTransform() Missing visual features or missing raw data to compute them. Transform cannot be estimated.[0m
[0m[ INFO] [1790453503.287905655, 1790452543.597415969]: rtabmap (501): Rate=1.00s, Limit=0.000s, Conversion=0.0016s, RTAB-Map=0.4998s, Maps update=0.0004s pub=0.0001s (local map=300, WM=300)[0m
[33m[ WARN] (2026-09-26 16:11:44.036) Memory.cpp:3200::computeTransform() Missing visual features or missing raw data to compute them. Transform cannot be estimated.[0m
[0m[ INFO] [1790453504.370666183, 1790452544.681635235]: rtabmap (502): Rate=1.00s, Limit=0.000s, Conversion=0.0015s, RTAB-Map=0.5006s, Maps update=0.0003s pub=0.0001s (local map=301, WM=301)[0m
[33m[ WARN] (2026-09-26 16:11:45.020) Memory.cpp:3200::computeTransform() Missing visual features or missing raw data to compute them. Transform cannot be estimated.[0m
[0m[ INFO] [1790453505.363494406, 1790452545.674982088]: rtabmap (503): Rate=1.00s, Limit=0.000s, Conversion=0.0010s, RTAB-Map=0.4917s, Maps update=0.0005s pub=0.0001s (local map=301, WM=301)[0m
[33m[ WARN] (2026-09-26 16:11:46.150) Memory.cpp:3200::computeTransform() Missing visual features or missing raw data to compute them. Transform cannot be estimated.[0m
[0m[ INFO] [1790453506.474913214, 1790452546.780911643]: rtabmap (504): Rate=1.00s, Limit=0.000s, Conversion=0.0016s, RTAB-Map=0.4868s, Maps update=0.0003s pub=0.0001s (local map=302, WM=302)[0m
[33m[ WARN] (2026-09-26 16:11:47.236) Memory.cpp:3200::computeTransform() Missing visual features or missing raw data to compute them. Transform cannot be estimated.[0m
[0m[ INFO] [1790453507.583490961, 1790452547.892606133]: rtabmap (505): Rate=1.00s, Limit=0.000s, Conversion=0.0016s, RTAB-Map=0.5166s, Maps update=0.0005s pub=0.0001s (local map=303, WM=303)[0m
[33m[ WARN] (2026-09-26 16:11:48.333) Memory.cpp:3200::computeTransform() Missing visual features or missing raw data to compute them. Transform cannot be estimated.[0m
[0m[ INFO] [1790453508.679566341, 1790452548.987114134]: rtabmap (506): Rate=1.00s, Limit=0.000s, Conversion=0.0012s, RTAB-Map=0.5158s, Maps update=0.0003s pub=0.0001s (local map=304, WM=304)[0m
[33m[ WARN] (2026-09-26 16:11:49.363) Memory.cpp:3200::computeTransform() Missing visual features or missing raw data to compute them. Transform cannot be estimated.[0m
[0m[ INFO] [1790453509.702633695, 1790452550.007363403]: rtabmap (507): Rate=1.00s, Limit=0.000s, Conversion=0.0016s, RTAB-Map=0.5242s, Maps update=0.0004s pub=0.0001s (local map=304, WM=304)[0m
[33m[ WARN] (2026-09-26 16:11:50.459) Memory.cpp:3200::computeTransform() Missing visual features or missing raw data to compute them. Transform cannot be estimated.[0m
[0m[ INFO] [1790453510.786294644, 1790452551.097127502]: rtabmap (508): Rate=1.00s, Limit=0.000s, Conversion=0.0016s, RTAB-Map=0.5083s, Maps update=0.0003s pub=0.0001s (local map=305, WM=305)[0m
[0m[ INFO] [1790453511.811338021, 1790452552.118062251]: rtabmap (509): Rate=1.00s, Limit=0.000s, Conversion=0.0010s, RTAB-Map=0.5368s, Maps update=0.0003s pub=0.0001s (local map=306, WM=306)[0m
[0m[ INFO] [1790453512.903176896, 1790452553.207834348]: rtabmap (510): Rate=1.00s, Limit=0.000s, Conversion=0.0016s, RTAB-Map=0.5331s, Maps update=0.0004s pub=0.0001s (local map=306, WM=306)[0m
[0m[ INFO] [1790453513.883118869, 1790452554.192391835]: rtabmap (511): Rate=1.00s, Limit=0.000s, Conversion=0.0016s, RTAB-Map=0.5018s, Maps update=0.0004s pub=0.0001s (local map=307, WM=307)[0m
[0m[ INFO] [1790453515.018586678, 1790452555.326154118]: rtabmap (512): Rate=1.00s, Limit=0.000s, Conversion=0.0017s, RTAB-Map=0.5431s, Maps update=0.0004s pub=0.0001s (local map=308, WM=308)[0m
[0m[ INFO] [1790453515.999302771, 1790452556.305588308]: rtabmap (513): Rate=1.00s, Limit=0.000s, Conversion=0.0011s, RTAB-Map=0.5336s, Maps update=0.0004s pub=0.0001s (local map=309, WM=309)[0m
[0m[ INFO] [1790453517.158918722, 1790452557.465937068]: rtabmap (514): Rate=1.00s, Limit=0.000s, Conversion=0.0016s, RTAB-Map=0.5779s, Maps update=0.0006s pub=0.0001s (local map=310, WM=310)[0m
[0m[ INFO] [1790453518.133055787, 1790452558.438171741]: rtabmap (515): Rate=1.00s, Limit=0.000s, Conversion=0.0020s, RTAB-Map=0.5578s, Maps update=0.0003s pub=0.0001s (local map=311, WM=311)[0m
[0m[ INFO] [1790453519.222185023, 1790452559.535011026]: rtabmap (516): Rate=1.00s, Limit=0.000s, Conversion=0.0011s, RTAB-Map=0.5481s, Maps update=0.0004s pub=0.0001s (local map=312, WM=312)[0m
Warning: TF_REPEATED_DATA ignoring data with redundant timestamp for frame odom (parent map) at time 1790452559.785756 according to authority unknown_publisher
         at line 278 in /tmp/binarydeb/ros-noetic-tf2-0.7.7/src/buffer_core.cpp
[33m[ WARN] [1790453519.374197726, 1790452559.685755553]: TF_REPEATED_DATA ignoring data with redundant timestamp for frame odom (parent map) at time 1790452559.785756 according to authority unknown_publisher[0m
Warning: TF_REPEATED_DATA ignoring data with redundant timestamp for frame odom (parent map) at time 1790452559.785756 according to authority /rtabmap/rtabmap
         at line 278 in /tmp/binarydeb/ros-noetic-tf2-0.7.7/src/buffer_core.cpp
[0m[ INFO] [1790453520.279244445, 1790452560.584766196]: rtabmap (517): Rate=1.00s, Limit=0.000s, Conversion=0.0015s, RTAB-Map=0.4984s, Maps update=0.0003s pub=0.0001s (local map=313, WM=313)[0m
[0m[ INFO] [1790453521.298080504, 1790452561.610091361]: rtabmap (518): Rate=1.00s, Limit=0.000s, Conversion=0.0015s, RTAB-Map=0.5327s, Maps update=0.0005s pub=0.0001s (local map=314, WM=314)[0m
[0m[ INFO] [1790453522.331103365, 1790452562.641548314]: rtabmap (519): Rate=1.00s, Limit=0.000s, Conversion=0.0013s, RTAB-Map=0.5628s, Maps update=0.0005s pub=0.0001s (local map=315, WM=315)[0m
[0m[ INFO] [1790453523.374678038, 1790452563.683635800]: rtabmap (520): Rate=1.00s, Limit=0.000s, Conversion=0.0013s, RTAB-Map=0.5126s, Maps update=0.0006s pub=0.0001s (local map=315, WM=315)[0m
[0m[ INFO] [1790453524.341152634, 1790452564.650230686]: rtabmap (521): Rate=1.00s, Limit=0.000s, Conversion=0.0015s, RTAB-Map=0.4671s, Maps update=0.0003s pub=0.0001s (local map=316, WM=316)[0m
[0m[ INFO] [1790453525.479881850, 1790452565.782316298]: rtabmap (522): Rate=1.00s, Limit=0.000s, Conversion=0.0018s, RTAB-Map=0.5052s, Maps update=0.0004s pub=0.0001s (local map=317, WM=317)[0m
[0m[ INFO] [1790453526.454168319, 1790452566.759737303]: rtabmap (523): Rate=1.00s, Limit=0.000s, Conversion=0.0015s, RTAB-Map=0.4819s, Maps update=0.0003s pub=0.0001s (local map=318, WM=318)[0m
[0m[ INFO] [1790453527.541550198, 1790452567.844824625]: rtabmap (524): Rate=1.00s, Limit=0.000s, Conversion=0.0011s, RTAB-Map=0.4745s, Maps update=0.0004s pub=0.0001s (local map=319, WM=319)[0m
[0m[ INFO] [1790453528.677751092, 1790452568.987459040]: rtabmap (525): Rate=1.00s, Limit=0.000s, Conversion=0.0016s, RTAB-Map=0.5066s, Maps update=0.0004s pub=0.0001s (local map=320, WM=320)[0m
[0m[ INFO] [1790453529.760751218, 1790452570.067552473]: rtabmap (526): Rate=1.00s, Limit=0.000s, Conversion=0.0010s, RTAB-Map=0.4948s, Maps update=0.0005s pub=0.0001s (local map=321, WM=321)[0m
[0m[ INFO] [1790453530.794800134, 1790452571.101172199]: rtabmap (527): Rate=1.00s, Limit=0.000s, Conversion=0.0016s, RTAB-Map=0.5237s, Maps update=0.0006s pub=0.0001s (local map=321, WM=321)[0m
[0m[ INFO] [1790453531.741614892, 1790452572.050285515]: rtabmap (528): Rate=1.00s, Limit=0.000s, Conversion=0.0015s, RTAB-Map=0.4655s, Maps update=0.0004s pub=0.0001s (local map=321, WM=321)[0m
[0m[ INFO] [1790453532.856097813, 1790452573.158917450]: rtabmap (529): Rate=1.00s, Limit=0.000s, Conversion=0.0016s, RTAB-Map=0.4829s, Maps update=0.0003s pub=0.0001s (local map=322, WM=322)[0m
[0m[ INFO] [1790453533.837297900, 1790452574.142338524]: rtabmap (530): Rate=1.00s, Limit=0.000s, Conversion=0.0012s, RTAB-Map=0.4654s, Maps update=0.0004s pub=0.0001s (local map=322, WM=322)[0m
[0m[ INFO] [1790453534.950833415, 1790452575.254582471]: rtabmap (531): Rate=1.00s, Limit=0.000s, Conversion=0.0010s, RTAB-Map=0.4815s, Maps update=0.0005s pub=0.0001s (local map=323, WM=323)[0m
[0m[ INFO] [1790453535.967736414, 1790452576.279253857]: rtabmap (532): Rate=1.00s, Limit=0.000s, Conversion=0.0009s, RTAB-Map=0.4964s, Maps update=0.0004s pub=0.0001s (local map=324, WM=324)[0m
[0m[ INFO] [1790453536.975583715, 1790452577.278687899]: rtabmap (533): Rate=1.00s, Limit=0.000s, Conversion=0.0013s, RTAB-Map=0.4956s, Maps update=0.0004s pub=0.0001s (local map=325, WM=325)[0m
[0m[ INFO] [1790453538.109035222, 1790452578.420031570]: rtabmap (534): Rate=1.00s, Limit=0.000s, Conversion=0.0015s, RTAB-Map=0.5306s, Maps update=0.0003s pub=0.0001s (local map=326, WM=326)[0m
[0m[ INFO] [1790453539.080008297, 1790452579.390079545]: rtabmap (535): Rate=1.00s, Limit=0.000s, Conversion=0.0010s, RTAB-Map=0.5077s, Maps update=0.0005s pub=0.0001s (local map=327, WM=327)[0m
[0m[ INFO] [1790453540.166109094, 1790452580.470369357]: rtabmap (536): Rate=1.00s, Limit=0.000s, Conversion=0.0017s, RTAB-Map=0.4872s, Maps update=0.0006s pub=0.0001s (local map=328, WM=328)[0m
Warning: TF_REPEATED_DATA ignoring data with redundant timestamp for frame odom (parent map) at time 1790452580.727597 according to authority unknown_publisher
         at line 278 in /tmp/binarydeb/ros-noetic-tf2-0.7.7/src/buffer_core.cpp
Warning: TF_REPEATED_DATA ignoring data with redundant timestamp for frame odom (parent map) at time 1790452580.727597 according to authority /rtabmap/rtabmap
         at line 278 in /tmp/binarydeb/ros-noetic-tf2-0.7.7/src/buffer_core.cpp
[33m[ WARN] [1790453540.316830738, 1790452580.627597131]: TF_REPEATED_DATA ignoring data with redundant timestamp for frame odom (parent map) at time 1790452580.727597 according to authority unknown_publisher[0m
[0m[ INFO] [1790453541.156873616, 1790452581.468125647]: rtabmap (537): Rate=1.00s, Limit=0.000s, Conversion=0.0015s, RTAB-Map=0.4886s, Maps update=0.0005s pub=0.0001s (local map=329, WM=329)[0m
[0m[ INFO] [1790453542.256616151, 1790452582.561366693]: rtabmap (538): Rate=1.00s, Limit=0.000s, Conversion=0.0016s, RTAB-Map=0.4885s, Maps update=0.0005s pub=0.0001s (local map=330, WM=330)[0m
[0m[ INFO] [1790453543.368623192, 1790452583.675793156]: rtabmap (539): Rate=1.00s, Limit=0.000s, Conversion=0.0006s, RTAB-Map=0.4967s, Maps update=0.0003s pub=0.0001s (local map=331, WM=331)[0m
[0m[ INFO] [1790453544.469549709, 1790452584.776164530]: rtabmap (540): Rate=1.00s, Limit=0.000s, Conversion=0.0012s, RTAB-Map=0.5006s, Maps update=0.0004s pub=0.0001s (local map=332, WM=332)[0m
[0m[ INFO] [1790453545.466089149, 1790452585.778260456]: rtabmap (541): Rate=1.00s, Limit=0.000s, Conversion=0.0022s, RTAB-Map=0.4822s, Maps update=0.0007s pub=0.0002s (local map=333, WM=333)[0m
[0m[ INFO] [1790453546.450786424, 1790452586.762378331]: rtabmap (542): Rate=1.00s, Limit=0.000s, Conversion=0.0012s, RTAB-Map=0.4820s, Maps update=0.0004s pub=0.0001s (local map=334, WM=334)[0m
[0m[ INFO] [1790453547.550729630, 1790452587.860613004]: rtabmap (543): Rate=1.00s, Limit=0.000s, Conversion=0.0013s, RTAB-Map=0.4791s, Maps update=0.0003s pub=0.0001s (local map=335, WM=335)[0m
[0m[ INFO] [1790453548.534384905, 1790452588.838637520]: rtabmap (544): Rate=1.00s, Limit=0.000s, Conversion=0.0011s, RTAB-Map=0.4721s, Maps update=0.0004s pub=0.0001s (local map=336, WM=336)[0m
[0m[ INFO] [1790453549.643286559, 1790452589.953265134]: rtabmap (545): Rate=1.00s, Limit=0.000s, Conversion=0.0008s, RTAB-Map=0.4789s, Maps update=0.0004s pub=0.0001s (local map=337, WM=337)[0m
[0m[ INFO] [1790453550.647293866, 1790452590.955036189]: rtabmap (546): Rate=1.00s, Limit=0.000s, Conversion=0.0009s, RTAB-Map=0.4755s, Maps update=0.0004s pub=0.0001s (local map=338, WM=338)[0m
[0m[ INFO] [1790453551.786033013, 1790452592.097351157]: rtabmap (547): Rate=1.00s, Limit=0.000s, Conversion=0.0013s, RTAB-Map=0.5158s, Maps update=0.0007s pub=0.0001s (local map=339, WM=339)[0m
[0m[ INFO] [1790453552.750357515, 1790452593.058484483]: rtabmap (548): Rate=1.00s, Limit=0.000s, Conversion=0.0013s, RTAB-Map=0.4873s, Maps update=0.0005s pub=0.0001s (local map=340, WM=340)[0m
[0m[ INFO] [1790453553.877538147, 1790452594.187228911]: rtabmap (549): Rate=1.00s, Limit=0.000s, Conversion=0.0013s, RTAB-Map=0.5189s, Maps update=0.0004s pub=0.0001s (local map=341, WM=341)[0m
[0m[ INFO] [1790453554.967836394, 1790452595.278204190]: rtabmap (550): Rate=1.00s, Limit=0.000s, Conversion=0.0009s, RTAB-Map=0.4901s, Maps update=0.0005s pub=0.0001s (local map=342, WM=342)[0m
[0m[ INFO] [1790453555.960332449, 1790452596.267019654]: rtabmap (551): Rate=1.00s, Limit=0.000s, Conversion=0.0009s, RTAB-Map=0.4898s, Maps update=0.0004s pub=0.0001s (local map=343, WM=343)[0m
[0m[ INFO] [1790453557.103275133, 1790452597.412552964]: rtabmap (552): Rate=1.00s, Limit=0.000s, Conversion=0.0013s, RTAB-Map=0.5115s, Maps update=0.0003s pub=0.0001s (local map=344, WM=344)[0m
[0m[ INFO] [1790453558.160877702, 1790452598.463751548]: rtabmap (553): Rate=1.00s, Limit=0.000s, Conversion=0.0009s, RTAB-Map=0.4942s, Maps update=0.0005s pub=0.0001s (local map=345, WM=345)[0m
Warning: TF_REPEATED_DATA ignoring data with redundant timestamp for frame odom (parent map) at time 1790452598.722494 according to authority unknown_publisher
         at line 278 in /tmp/binarydeb/ros-noetic-tf2-0.7.7/src/buffer_core.cpp
[33m[ WARN] [1790453558.311198092, 1790452598.622494251]: TF_REPEATED_DATA ignoring data with redundant timestamp for frame odom (parent map) at time 1790452598.722494 according to authority unknown_publisher[0m
Warning: TF_REPEATED_DATA ignoring data with redundant timestamp for frame odom (parent map) at time 1790452598.722494 according to authority /rtabmap/rtabmap
         at line 278 in /tmp/binarydeb/ros-noetic-tf2-0.7.7/src/buffer_core.cpp
[0m[ INFO] [1790453559.177262951, 1790452599.489113006]: rtabmap (554): Rate=1.00s, Limit=0.000s, Conversion=0.0008s, RTAB-Map=0.4927s, Maps update=0.0004s pub=0.0001s (local map=346, WM=346)[0m
[0m[ INFO] [1790453560.304702814, 1790452600.608162300]: rtabmap (555): Rate=1.00s, Limit=0.000s, Conversion=0.0013s, RTAB-Map=0.5107s, Maps update=0.0003s pub=0.0001s (local map=347, WM=347)[0m
[0m[ INFO] [1790453561.302535541, 1790452601.612457251]: rtabmap (556): Rate=1.00s, Limit=0.000s, Conversion=0.0013s, RTAB-Map=0.5213s, Maps update=0.0005s pub=0.0001s (local map=348, WM=348)[0m
[0m[ INFO] [1790453562.390767996, 1790452602.696482838]: rtabmap (557): Rate=1.00s, Limit=0.000s, Conversion=0.0013s, RTAB-Map=0.5162s, Maps update=0.0006s pub=0.0001s (local map=349, WM=349)[0m
[0m[ INFO] [1790453563.379468318, 1790452603.691512967]: rtabmap (558): Rate=1.00s, Limit=0.000s, Conversion=0.0009s, RTAB-Map=0.5066s, Maps update=0.0006s pub=0.0001s (local map=350, WM=350)[0m
[0m[ INFO] [1790453564.368387586, 1790452604.673065070]: rtabmap (559): Rate=1.00s, Limit=0.000s, Conversion=0.0009s, RTAB-Map=0.4807s, Maps update=0.0004s pub=0.0001s (local map=351, WM=351)[0m
[0m[ INFO] [1790453565.486408831, 1790452605.793958671]: rtabmap (560): Rate=1.00s, Limit=0.000s, Conversion=0.0009s, RTAB-Map=0.5113s, Maps update=0.0004s pub=0.0001s (local map=352, WM=352)[0m
[0m[ INFO] [1790453566.610819947, 1790452606.916682823]: rtabmap (561): Rate=1.00s, Limit=0.000s, Conversion=0.0013s, RTAB-Map=0.5259s, Maps update=0.0004s pub=0.0001s (local map=353, WM=353)[0m
[0m[ INFO] [1790453567.800251945, 1790452608.103905865]: rtabmap (562): Rate=1.00s, Limit=0.000s, Conversion=0.0011s, RTAB-Map=0.6102s, Maps update=0.0005s pub=0.0001s (local map=354, WM=354)[0m
[0m[ INFO] [1790453568.776608365, 1790452609.082411783]: rtabmap (563): Rate=1.00s, Limit=0.000s, Conversion=0.0009s, RTAB-Map=0.4960s, Maps update=0.0004s pub=0.0001s (local map=355, WM=355)[0m
[0m[ INFO] [1790453569.876907527, 1790452610.186701652]: rtabmap (564): Rate=1.00s, Limit=0.000s, Conversion=0.0014s, RTAB-Map=0.4985s, Maps update=0.0005s pub=0.0001s (local map=356, WM=356)[0m
[0m[ INFO] [1790453570.985477225, 1790452611.296007103]: rtabmap (565): Rate=1.00s, Limit=0.000s, Conversion=0.0013s, RTAB-Map=0.5137s, Maps update=0.0004s pub=0.0001s (local map=357, WM=357)[0m
[0m[ INFO] [1790453571.915047773, 1790452612.223134069]: rtabmap (566): Rate=1.00s, Limit=0.000s, Conversion=0.0009s, RTAB-Map=0.4484s, Maps update=0.0004s pub=0.0001s (local map=358, WM=358)[0m
[0m[ INFO] [1790453573.039647446, 1790452613.343197685]: rtabmap (567): Rate=1.00s, Limit=0.000s, Conversion=0.0009s, RTAB-Map=0.4755s, Maps update=0.0004s pub=0.0001s (local map=359, WM=359)[0m
[0m[ INFO] [1790453574.178168408, 1790452614.487063031]: rtabmap (568): Rate=1.00s, Limit=0.000s, Conversion=0.0009s, RTAB-Map=0.5119s, Maps update=0.0006s pub=0.0001s (local map=360, WM=360)[0m
[0m[ INFO] [1790453575.172431817, 1790452615.481104167]: rtabmap (569): Rate=1.00s, Limit=0.000s, Conversion=0.0014s, RTAB-Map=0.5013s, Maps update=0.0006s pub=0.0001s (local map=361, WM=361)[0m
[0m[ INFO] [1790453576.161811529, 1790452616.473508921]: rtabmap (570): Rate=1.00s, Limit=0.000s, Conversion=0.0013s, RTAB-Map=0.4981s, Maps update=0.0006s pub=0.0001s (local map=362, WM=362)[0m
Warning: TF_REPEATED_DATA ignoring data with redundant timestamp for frame odom (parent map) at time 1790452616.726860 according to authority unknown_publisher
         at line 278 in /tmp/binarydeb/ros-noetic-tf2-0.7.7/src/buffer_core.cpp
[33m[ WARN] [1790453576.315671363, 1790452616.626859984]: TF_REPEATED_DATA ignoring data with redundant timestamp for frame odom (parent map) at time 1790452616.726860 according to authority unknown_publisher[0m
Warning: TF_REPEATED_DATA ignoring data with redundant timestamp for frame odom (parent map) at time 1790452616.726860 according to authority /rtabmap/rtabmap
         at line 278 in /tmp/binarydeb/ros-noetic-tf2-0.7.7/src/buffer_core.cpp
[0m[ INFO] [1790453577.252347380, 1790452617.556844824]: rtabmap (571): Rate=1.00s, Limit=0.000s, Conversion=0.0013s, RTAB-Map=0.4745s, Maps update=0.0004s pub=0.0001s (local map=363, WM=363)[0m
[0m[ INFO] [1790453578.243348405, 1790452618.555068293]: rtabmap (572): Rate=1.00s, Limit=0.000s, Conversion=0.0008s, RTAB-Map=0.4704s, Maps update=0.0005s pub=0.0001s (local map=364, WM=364)[0m
[0m[ INFO] [1790453579.220826160, 1790452619.529379533]: rtabmap (573): Rate=1.00s, Limit=0.000s, Conversion=0.0013s, RTAB-Map=0.4453s, Maps update=0.0004s pub=0.0001s (local map=365, WM=365)[0m
[0m[ INFO] [1790453580.330326835, 1790452620.642161348]: rtabmap (574): Rate=1.00s, Limit=0.000s, Conversion=0.0011s, RTAB-Map=0.4694s, Maps update=0.0004s pub=0.0001s (local map=366, WM=366)[0m
[0m[ INFO] [1790453581.454471805, 1790452621.763869919]: rtabmap (575): Rate=1.00s, Limit=0.000s, Conversion=0.0015s, RTAB-Map=0.4692s, Maps update=0.0004s pub=0.0001s (local map=367, WM=367)[0m
[0m[ INFO] [1790453582.592029062, 1790452622.895278659]: rtabmap (576): Rate=1.00s, Limit=0.000s, Conversion=0.0008s, RTAB-Map=0.4685s, Maps update=0.0006s pub=0.0001s (local map=368, WM=368)[0m
[0m[ INFO] [1790453583.703411871, 1790452624.012302173]: rtabmap (577): Rate=1.00s, Limit=0.000s, Conversion=0.0010s, RTAB-Map=0.5427s, Maps update=0.0007s pub=0.0001s (local map=369, WM=369)[0m
[0m[ INFO] [1790453584.764812181, 1790452625.074880859]: rtabmap (578): Rate=1.00s, Limit=0.000s, Conversion=0.0013s, RTAB-Map=0.4987s, Maps update=0.0005s pub=0.0001s (local map=370, WM=370)[0m
[0m[ INFO] [1790453585.906255552, 1790452626.215250847]: rtabmap (579): Rate=1.00s, Limit=0.000s, Conversion=0.0018s, RTAB-Map=0.4939s, Maps update=0.0004s pub=0.0001s (local map=371, WM=371)[0m
[0m[ INFO] [1790453586.978224337, 1790452627.286641965]: rtabmap (580): Rate=1.00s, Limit=0.000s, Conversion=0.0013s, RTAB-Map=0.5018s, Maps update=0.0008s pub=0.0001s (local map=371, WM=371)[0m
[0m[ INFO] [1790453587.962231893, 1790452628.270910674]: rtabmap (581): Rate=1.00s, Limit=0.000s, Conversion=0.0015s, RTAB-Map=0.4861s, Maps update=0.0007s pub=0.0001s (local map=371, WM=371)[0m
[0m[ INFO] [1790453588.940953956, 1790452629.251341419]: rtabmap (582): Rate=1.00s, Limit=0.000s, Conversion=0.0012s, RTAB-Map=0.4706s, Maps update=0.0005s pub=0.0001s (local map=372, WM=372)[0m
[0m[ INFO] [1790453590.124377127, 1790452630.435625940]: rtabmap (583): Rate=1.00s, Limit=0.000s, Conversion=0.0018s, RTAB-Map=0.5509s, Maps update=0.0006s pub=0.0001s (local map=373, WM=373)[0m
[0m[ INFO] [1790453591.072599633, 1790452631.377253269]: rtabmap (584): Rate=1.00s, Limit=0.000s, Conversion=0.0012s, RTAB-Map=0.5081s, Maps update=0.0005s pub=0.0001s (local map=373, WM=373)[0m
[0m[ INFO] [1790453592.163824664, 1790452632.470985291]: rtabmap (585): Rate=1.00s, Limit=0.000s, Conversion=0.0013s, RTAB-Map=0.4841s, Maps update=0.0005s pub=0.0001s (local map=373, WM=373)[0m
[0m[ INFO] [1790453593.165277537, 1790452633.468611900]: rtabmap (586): Rate=1.00s, Limit=0.000s, Conversion=0.0014s, RTAB-Map=0.4843s, Maps update=0.0005s pub=0.0001s (local map=374, WM=374)[0m
[0m[ INFO] [1790453594.172174486, 1790452634.479800109]: rtabmap (587): Rate=1.00s, Limit=0.000s, Conversion=0.0014s, RTAB-Map=0.4983s, Maps update=0.0005s pub=0.0001s (local map=375, WM=375)[0m
[0m[ INFO] [1790453595.259140456, 1790452635.569727793]: rtabmap (588): Rate=1.00s, Limit=0.000s, Conversion=0.0009s, RTAB-Map=0.4825s, Maps update=0.0007s pub=0.0001s (local map=375, WM=375)[0m
[0m[ INFO] [1790453596.250926103, 1790452636.557472231]: rtabmap (589): Rate=1.00s, Limit=0.000s, Conversion=0.0010s, RTAB-Map=0.4787s, Maps update=0.0008s pub=0.0001s (local map=375, WM=375)[0m
[0m[ INFO] [1790453597.405477127, 1790452637.711817653]: rtabmap (590): Rate=1.00s, Limit=0.000s, Conversion=0.0021s, RTAB-Map=0.5209s, Maps update=0.0004s pub=0.0001s (local map=375, WM=375)[0m
[0m[ INFO] [1790453598.332683994, 1790452638.643760166]: rtabmap (591): Rate=1.00s, Limit=0.000s, Conversion=0.0008s, RTAB-Map=0.4637s, Maps update=0.0005s pub=0.0001s (local map=375, WM=375)[0m
[0m[ INFO] [1790453599.320393074, 1790452639.624406833]: rtabmap (592): Rate=1.00s, Limit=0.000s, Conversion=0.0009s, RTAB-Map=0.4556s, Maps update=0.0004s pub=0.0001s (local map=376, WM=376)[0m
[0m[ INFO] [1790453600.442972128, 1790452640.755424052]: rtabmap (593): Rate=1.00s, Limit=0.000s, Conversion=0.0012s, RTAB-Map=0.4666s, Maps update=0.0005s pub=0.0001s (local map=377, WM=377)[0m
[0m[ INFO] [1790453601.541559046, 1790452641.846034792]: rtabmap (594): Rate=1.00s, Limit=0.000s, Conversion=0.0013s, RTAB-Map=0.4761s, Maps update=0.0004s pub=0.0001s (local map=377, WM=377)[0m
[0m[ INFO] [1790453602.537768405, 1790452642.845998575]: rtabmap (595): Rate=1.00s, Limit=0.000s, Conversion=0.0015s, RTAB-Map=0.4624s, Maps update=0.0005s pub=0.0001s (local map=377, WM=377)[0m
[0m[ INFO] [1790453603.647112311, 1790452643.955127600]: rtabmap (596): Rate=1.00s, Limit=0.000s, Conversion=0.0009s, RTAB-Map=0.5830s, Maps update=0.0008s pub=0.0004s (local map=377, WM=377)[0m
[0m[ INFO] [1790453604.597627710, 1790452644.906462235]: rtabmap (597): Rate=1.00s, Limit=0.000s, Conversion=0.0012s, RTAB-Map=0.5213s, Maps update=0.0005s pub=0.0001s (local map=377, WM=377)[0m
[0m[ INFO] [1790453605.721215763, 1790452646.028643495]: rtabmap (598): Rate=1.00s, Limit=0.000s, Conversion=0.0014s, RTAB-Map=0.5386s, Maps update=0.0005s pub=0.0001s (local map=378, WM=378)[0m
[0m[ INFO] [1790453606.657393491, 1790452646.960216043]: rtabmap (599): Rate=1.00s, Limit=0.000s, Conversion=0.0011s, RTAB-Map=0.4925s, Maps update=0.0007s pub=0.0001s (local map=378, WM=378)[0m
[0m[ INFO] [1790453607.759386521, 1790452648.070144226]: rtabmap (600): Rate=1.00s, Limit=0.000s, Conversion=0.0014s, RTAB-Map=0.4927s, Maps update=0.0007s pub=0.0001s (local map=378, WM=378)[0m
[0m[ INFO] [1790453608.854142877, 1790452649.162091733]: rtabmap (601): Rate=1.00s, Limit=0.000s, Conversion=0.0011s, RTAB-Map=0.4844s, Maps update=0.0007s pub=0.0001s (local map=378, WM=378)[0m
Warning: TF_REPEATED_DATA ignoring data with redundant timestamp for frame odom (parent map) at time 1790452650.065895 according to authority unknown_publisher
         at line 278 in /tmp/binarydeb/ros-noetic-tf2-0.7.7/src/buffer_core.cpp
[33m[ WARN] [1790453609.655408676, 1790452649.965894891]: TF_REPEATED_DATA ignoring data with redundant timestamp for frame odom (parent map) at time 1790452650.065895 according to authority unknown_publisher[0m
Warning: TF_REPEATED_DATA ignoring data with redundant timestamp for frame odom (parent map) at time 1790452650.065895 according to authority /rtabmap/rtabmap
         at line 278 in /tmp/binarydeb/ros-noetic-tf2-0.7.7/src/buffer_core.cpp
[33m[ WARN] [1790453644.902846934, 1790452685.213525245]: TF_REPEATED_DATA ignoring data with redundant timestamp for frame odom (parent map) at time 1790452685.313525 according to authority unknown_publisher[0m
Warning: TF_REPEATED_DATA ignoring data with redundant timestamp for frame odom (parent map) at time 1790452685.313525 according to authority /rtabmap/rtabmap
         at line 278 in /tmp/binarydeb/ros-noetic-tf2-0.7.7/src/buffer_core.cpp
[0m[ INFO] [1790453609.847176935, 1790452650.157229836]: rtabmap (602): Rate=1.00s, Limit=0.000s, Conversion=0.0014s, RTAB-Map=0.4698s, Maps update=0.0005s pub=0.0001s (local map=378, WM=378)[0m
[0m[ INFO] [1790453610.922037157, 1790452651.231122020]: rtabmap (603): Rate=1.00s, Limit=0.000s, Conversion=0.0009s, RTAB-Map=0.4470s, Maps update=0.0005s pub=0.0001s (local map=378, WM=378)[0m
[0m[ INFO] [1790453611.939118175, 1790452652.251214865]: rtabmap (604): Rate=1.00s, Limit=0.000s, Conversion=0.0016s, RTAB-Map=0.4561s, Maps update=0.0005s pub=0.0001s (local map=379, WM=379)[0m
[0m[ INFO] [1790453613.056556198, 1790452653.362389360]: rtabmap (605): Rate=1.00s, Limit=0.000s, Conversion=0.0014s, RTAB-Map=0.4881s, Maps update=0.0005s pub=0.0001s (local map=380, WM=380)[0m
[0m[ INFO] [1790453614.053397749, 1790452654.364504673]: rtabmap (606): Rate=1.00s, Limit=0.000s, Conversion=0.0015s, RTAB-Map=0.4859s, Maps update=0.0008s pub=0.0001s (local map=381, WM=381)[0m
[0m[ INFO] [1790453615.148577575, 1790452655.455551640]: rtabmap (607): Rate=1.00s, Limit=0.000s, Conversion=0.0014s, RTAB-Map=0.4727s, Maps update=0.0009s pub=0.0001s (local map=382, WM=382)[0m
[0m[ INFO] [1790453616.167742236, 1790452656.475419569]: rtabmap (608): Rate=1.00s, Limit=0.000s, Conversion=0.0014s, RTAB-Map=0.4867s, Maps update=0.0005s pub=0.0001s (local map=383, WM=383)[0m
[0m[ INFO] [1790453617.264496081, 1790452657.568221804]: rtabmap (609): Rate=1.00s, Limit=0.000s, Conversion=0.0013s, RTAB-Map=0.4848s, Maps update=0.0004s pub=0.0001s (local map=384, WM=384)[0m
[0m[ INFO] [1790453618.292423061, 1790452658.597686459]: rtabmap (610): Rate=1.00s, Limit=0.000s, Conversion=0.0015s, RTAB-Map=0.5089s, Maps update=0.0006s pub=0.0001s (local map=384, WM=384)[0m
[0m[ INFO] [1790453619.276197607, 1790452659.583856572]: rtabmap (611): Rate=1.00s, Limit=0.000s, Conversion=0.0015s, RTAB-Map=0.5060s, Maps update=0.0006s pub=0.0001s (local map=384, WM=384)[0m
[0m[ INFO] [1790453620.351585877, 1790452660.663379525]: rtabmap (612): Rate=1.00s, Limit=0.000s, Conversion=0.0013s, RTAB-Map=0.4809s, Maps update=0.0005s pub=0.0001s (local map=385, WM=385)[0m
[0m[ INFO] [1790453621.356139332, 1790452661.660810021]: rtabmap (613): Rate=1.00s, Limit=0.000s, Conversion=0.0013s, RTAB-Map=0.4858s, Maps update=0.0006s pub=0.0001s (local map=386, WM=386)[0m
[0m[ INFO] [1790453622.485774666, 1790452662.790878094]: rtabmap (614): Rate=1.00s, Limit=0.000s, Conversion=0.0014s, RTAB-Map=0.5195s, Maps update=0.0007s pub=0.0001s (local map=386, WM=386)[0m
[0m[ INFO] [1790453623.469261190, 1790452663.780786452]: rtabmap (615): Rate=1.00s, Limit=0.000s, Conversion=0.0009s, RTAB-Map=0.5055s, Maps update=0.0008s pub=0.0001s (local map=386, WM=386)[0m
[0m[ INFO] [1790453624.561809171, 1790452664.873458849]: rtabmap (616): Rate=1.00s, Limit=0.000s, Conversion=0.0015s, RTAB-Map=0.4736s, Maps update=0.0007s pub=0.0001s (local map=387, WM=387)[0m
[0m[ INFO] [1790453625.713207660, 1790452666.022813038]: rtabmap (617): Rate=1.00s, Limit=0.000s, Conversion=0.0017s, RTAB-Map=0.5443s, Maps update=0.0006s pub=0.0001s (local map=388, WM=388)[0m
[0m[ INFO] [1790453626.671600485, 1790452666.978313908]: rtabmap (618): Rate=1.00s, Limit=0.000s, Conversion=0.0010s, RTAB-Map=0.5048s, Maps update=0.0008s pub=0.0001s (local map=388, WM=388)[0m
[0m[ INFO] [1790453627.762673773, 1790452668.064549788]: rtabmap (619): Rate=1.00s, Limit=0.000s, Conversion=0.0015s, RTAB-Map=0.4906s, Maps update=0.0008s pub=0.0001s (local map=388, WM=388)[0m
[0m[ INFO] [1790453628.829805188, 1790452669.136248560]: rtabmap (620): Rate=1.00s, Limit=0.000s, Conversion=0.0009s, RTAB-Map=0.4523s, Maps update=0.0004s pub=0.0001s (local map=389, WM=389)[0m
[0m[ INFO] [1790453629.960305703, 1790452670.265800397]: rtabmap (621): Rate=1.00s, Limit=0.000s, Conversion=0.0015s, RTAB-Map=0.4841s, Maps update=0.0006s pub=0.0001s (local map=389, WM=389)[0m
[0m[ INFO] [1790453631.096497886, 1790452671.407595241]: rtabmap (622): Rate=1.00s, Limit=0.000s, Conversion=0.0014s, RTAB-Map=0.5231s, Maps update=0.0007s pub=0.0001s (local map=389, WM=389)[0m
[0m[ INFO] [1790453631.964862170, 1790452672.274672412]: rtabmap (623): Rate=1.00s, Limit=0.000s, Conversion=0.0014s, RTAB-Map=0.3930s, Maps update=0.0003s pub=0.0000s (local map=389, WM=389)[0m
[0m[ INFO] [1790453633.150059404, 1790452673.454620908]: rtabmap (624): Rate=1.00s, Limit=0.000s, Conversion=0.0015s, RTAB-Map=0.4741s, Maps update=0.0006s pub=0.0001s (local map=390, WM=390)[0m
[0m[ INFO] [1790453634.305741033, 1790452674.609405027]: rtabmap (625): Rate=1.00s, Limit=0.000s, Conversion=0.0014s, RTAB-Map=0.5310s, Maps update=0.0005s pub=0.0001s (local map=390, WM=390)[0m
[0m[ INFO] [1790453635.299578050, 1790452675.606799475]: rtabmap (626): Rate=1.00s, Limit=0.000s, Conversion=0.0009s, RTAB-Map=0.5270s, Maps update=0.0007s pub=0.0001s (local map=390, WM=390)[0m
[0m[ INFO] [1790453636.225842628, 1790452676.533109302]: rtabmap (627): Rate=1.00s, Limit=0.000s, Conversion=0.0009s, RTAB-Map=0.4596s, Maps update=0.0006s pub=0.0001s (local map=390, WM=390)[0m
[0m[ INFO] [1790453637.350594392, 1790452677.659533716]: rtabmap (628): Rate=1.00s, Limit=0.000s, Conversion=0.0014s, RTAB-Map=0.4739s, Maps update=0.0005s pub=0.0001s (local map=390, WM=390)[0m
[0m[ INFO] [1790453638.473889102, 1790452678.786061888]: rtabmap (629): Rate=1.00s, Limit=0.000s, Conversion=0.0010s, RTAB-Map=0.4893s, Maps update=0.0005s pub=0.0001s (local map=391, WM=391)[0m
[0m[ INFO] [1790453639.582334607, 1790452679.888162710]: rtabmap (630): Rate=1.00s, Limit=0.000s, Conversion=0.0015s, RTAB-Map=0.5036s, Maps update=0.0005s pub=0.0001s (local map=391, WM=391)[0m
[0m[ INFO] [1790453640.561424027, 1790452680.871418078]: rtabmap (631): Rate=1.00s, Limit=0.000s, Conversion=0.0016s, RTAB-Map=0.4772s, Maps update=0.0009s pub=0.0001s (local map=391, WM=391)[0m
[0m[ INFO] [1790453641.640237804, 1790452681.943774372]: rtabmap (632): Rate=1.00s, Limit=0.000s, Conversion=0.0014s, RTAB-Map=0.4633s, Maps update=0.0005s pub=0.0001s (local map=391, WM=391)[0m
[0m[ INFO] [1790453642.755013210, 1790452683.065416192]: rtabmap (633): Rate=1.00s, Limit=0.000s, Conversion=0.0010s, RTAB-Map=0.4766s, Maps update=0.0005s pub=0.0001s (local map=392, WM=392)[0m
[0m[ INFO] [1790453643.798682103, 1790452684.107166448]: rtabmap (634): Rate=1.00s, Limit=0.000s, Conversion=0.0015s, RTAB-Map=0.5186s, Maps update=0.0004s pub=0.0001s (local map=393, WM=393)[0m
[0m[ INFO] [1790453644.749917681, 1790452685.058117736]: rtabmap (635): Rate=1.00s, Limit=0.000s, Conversion=0.0017s, RTAB-Map=0.4697s, Maps update=0.0004s pub=0.0001s (local map=394, WM=394)[0m
Warning: TF_REPEATED_DATA ignoring data with redundant timestamp for frame odom (parent map) at time 1790452685.313525 according to authority unknown_publisher
         at line 278 in /tmp/binarydeb/ros-noetic-tf2-0.7.7/src/buffer_core.cpp
[0m[ INFO] [1790453645.843436819, 1790452686.150915685]: rtabmap (636): Rate=1.00s, Limit=0.000s, Conversion=0.0014s, RTAB-Map=0.4603s, Maps update=0.0004s pub=0.0001s (local map=395, WM=395)[0m
[0m[ INFO] [1790453646.866399461, 1790452687.171158724]: rtabmap (637): Rate=1.00s, Limit=0.000s, Conversion=0.0014s, RTAB-Map=0.5012s, Maps update=0.0006s pub=0.0001s (local map=396, WM=396)[0m
[0m[ INFO] [1790453647.974134557, 1790452688.278775132]: rtabmap (638): Rate=1.00s, Limit=0.000s, Conversion=0.0012s, RTAB-Map=0.5130s, Maps update=0.0006s pub=0.0001s (local map=397, WM=397)[0m
[0m[ INFO] [1790453649.078502732, 1790452689.383233804]: rtabmap (639): Rate=1.00s, Limit=0.000s, Conversion=0.0015s, RTAB-Map=0.4939s, Maps update=0.0007s pub=0.0001s (local map=398, WM=398)[0m
[0m[ INFO] [1790453650.033659411, 1790452690.343638358]: rtabmap (640): Rate=1.00s, Limit=0.000s, Conversion=0.0009s, RTAB-Map=0.4493s, Maps update=0.0004s pub=0.0001s (local map=399, WM=399)[0m
[0m[ INFO] [1790453651.177883784, 1790452691.482593511]: rtabmap (641): Rate=1.00s, Limit=0.000s, Conversion=0.0016s, RTAB-Map=0.5098s, Maps update=0.0006s pub=0.0001s (local map=400, WM=400)[0m
[0m[ INFO] [1790453652.285161806, 1790452692.594384139]: rtabmap (642): Rate=1.00s, Limit=0.000s, Conversion=0.0010s, RTAB-Map=0.5158s, Maps update=0.0006s pub=0.0001s (local map=401, WM=401)[0m
[0m[ INFO] [1790453653.356744780, 1790452693.664535776]: rtabmap (643): Rate=1.00s, Limit=0.000s, Conversion=0.0015s, RTAB-Map=0.4809s, Maps update=0.0005s pub=0.0001s (local map=402, WM=402)[0m
[0m[ INFO] [1790453654.453250944, 1790452694.756210483]: rtabmap (644): Rate=1.00s, Limit=0.000s, Conversion=0.0015s, RTAB-Map=0.4893s, Maps update=0.0005s pub=0.0001s (local map=403, WM=403)[0m
[0m[ INFO] [1790453655.589563120, 1790452695.898526092]: rtabmap (645): Rate=1.00s, Limit=0.000s, Conversion=0.0010s, RTAB-Map=0.5293s, Maps update=0.0005s pub=0.0001s (local map=404, WM=404)[0m
[0m[ INFO] [1790453656.580593899, 1790452696.885211433]: rtabmap (646): Rate=1.00s, Limit=0.000s, Conversion=0.0014s, RTAB-Map=0.5184s, Maps update=0.0006s pub=0.0001s (local map=405, WM=405)[0m
[0m[ INFO] [1790453657.657769021, 1790452697.967260092]: rtabmap (647): Rate=1.00s, Limit=0.000s, Conversion=0.0018s, RTAB-Map=0.5930s, Maps update=0.0008s pub=0.0001s (local map=406, WM=406)[0m
[0m[ INFO] [1790453658.705189262, 1790452699.011113877]: rtabmap (648): Rate=1.00s, Limit=0.000s, Conversion=0.0011s, RTAB-Map=0.5368s, Maps update=0.0005s pub=0.0001s (local map=407, WM=407)[0m
[0m[ INFO] [1790453659.721683029, 1790452700.024805385]: rtabmap (649): Rate=1.00s, Limit=0.000s, Conversion=0.0011s, RTAB-Map=0.5419s, Maps update=0.0006s pub=0.0001s (local map=408, WM=408)[0m
[0m[ INFO] [1790453660.775980747, 1790452701.084569796]: rtabmap (650): Rate=1.00s, Limit=0.000s, Conversion=0.0011s, RTAB-Map=0.5030s, Maps update=0.0005s pub=0.0001s (local map=409, WM=409)[0m
[0m[ INFO] [1790453661.791537825, 1790452702.094428466]: rtabmap (651): Rate=1.00s, Limit=0.000s, Conversion=0.0021s, RTAB-Map=0.5108s, Maps update=0.0006s pub=0.0001s (local map=410, WM=410)[0m
[0m[ INFO] [1790453662.813153002, 1790452703.123037772]: rtabmap (652): Rate=1.00s, Limit=0.000s, Conversion=0.0014s, RTAB-Map=0.5388s, Maps update=0.0005s pub=0.0001s (local map=411, WM=411)[0m
Warning: TF_REPEATED_DATA ignoring data with redundant timestamp for frame odom (parent map) at time 1790452703.374985 according to authority unknown_publisher
         at line 278 in /tmp/binarydeb/ros-noetic-tf2-0.7.7/src/buffer_core.cpp
Warning: TF_REPEATED_DATA ignoring data with redundant timestamp for frame odom (parent map) at time 1790452703.374985 according to authority /rtabmap/rtabmap
         at line 278 in /tmp/binarydeb/ros-noetic-tf2-0.7.7/src/buffer_core.cpp
[33m[ WARN] [1790453662.966591053, 1790452703.274984709]: TF_REPEATED_DATA ignoring data with redundant timestamp for frame odom (parent map) at time 1790452703.374985 according to authority unknown_publisher[0m
[0m[ INFO] [1790453663.906590222, 1790452704.210753576]: rtabmap (653): Rate=1.00s, Limit=0.000s, Conversion=0.0010s, RTAB-Map=0.5362s, Maps update=0.0006s pub=0.0001s (local map=412, WM=412)[0m
[0m[ INFO] [1790453664.944878432, 1790452705.249626654]: rtabmap (654): Rate=1.00s, Limit=0.000s, Conversion=0.0010s, RTAB-Map=0.5718s, Maps update=0.0008s pub=0.0001s (local map=413, WM=413)[0m
[0m[ INFO] [1790453665.894430293, 1790452706.199575190]: rtabmap (655): Rate=1.00s, Limit=0.000s, Conversion=0.0016s, RTAB-Map=0.5096s, Maps update=0.0006s pub=0.0001s (local map=414, WM=414)[0m
[0m[ INFO] [1790453667.018551534, 1790452707.323568782]: rtabmap (656): Rate=1.00s, Limit=0.000s, Conversion=0.0010s, RTAB-Map=0.5377s, Maps update=0.0007s pub=0.0001s (local map=415, WM=415)[0m
[0m[ INFO] [1790453668.090495498, 1790452708.394218144]: rtabmap (657): Rate=1.00s, Limit=0.000s, Conversion=0.0015s, RTAB-Map=0.5239s, Maps update=0.0006s pub=0.0001s (local map=416, WM=416)[0m
[0m[ INFO] [1790453669.094777592, 1790452709.403175824]: rtabmap (658): Rate=1.00s, Limit=0.000s, Conversion=0.0016s, RTAB-Map=0.5076s, Maps update=0.0005s pub=0.0001s (local map=417, WM=417)[0m
[0m[ INFO] [1790453670.184050402, 1790452710.495257741]: rtabmap (659): Rate=1.00s, Limit=0.000s, Conversion=0.0014s, RTAB-Map=0.5132s, Maps update=0.0008s pub=0.0001s (local map=418, WM=418)[0m
[0m[ INFO] [1790453671.209903804, 1790452711.516184996]: rtabmap (660): Rate=1.00s, Limit=0.000s, Conversion=0.0015s, RTAB-Map=0.5293s, Maps update=0.0006s pub=0.0001s (local map=418, WM=418)[0m
[0m[ INFO] [1790453672.266257717, 1790452712.575678771]: rtabmap (661): Rate=1.00s, Limit=0.000s, Conversion=0.0010s, RTAB-Map=0.4953s, Maps update=0.0006s pub=0.0001s (local map=419, WM=419)[0m
[0m[ INFO] [1790453673.370373031, 1790452713.676640335]: rtabmap (662): Rate=1.00s, Limit=0.000s, Conversion=0.0014s, RTAB-Map=0.4923s, Maps update=0.0005s pub=0.0001s (local map=420, WM=420)[0m
[0m[ INFO] [1790453674.405293856, 1790452714.715505379]: rtabmap (663): Rate=1.00s, Limit=0.000s, Conversion=0.0010s, RTAB-Map=0.5258s, Maps update=0.0005s pub=0.0001s (local map=421, WM=421)[0m
[0m[ INFO] [1790453675.521838048, 1790452715.826535229]: rtabmap (664): Rate=1.00s, Limit=0.000s, Conversion=0.0009s, RTAB-Map=0.5303s, Maps update=0.0005s pub=0.0001s (local map=422, WM=422)[0m
[0m[ INFO] [1790453676.567480345, 1790452716.876515252]: rtabmap (665): Rate=1.00s, Limit=0.000s, Conversion=0.0014s, RTAB-Map=0.5002s, Maps update=0.0005s pub=0.0001s (local map=423, WM=423)[0m
[0m[ INFO] [1790453677.744574138, 1790452718.056464905]: rtabmap (666): Rate=1.00s, Limit=0.000s, Conversion=0.0014s, RTAB-Map=0.5668s, Maps update=0.0006s pub=0.0001s (local map=424, WM=424)[0m
[0m[ INFO] [1790453678.696583284, 1790452719.006755575]: rtabmap (667): Rate=1.00s, Limit=0.000s, Conversion=0.0014s, RTAB-Map=0.5231s, Maps update=0.0005s pub=0.0001s (local map=425, WM=425)[0m
[0m[ INFO] [1790453679.771932606, 1790452720.084014863]: rtabmap (668): Rate=1.00s, Limit=0.000s, Conversion=0.0014s, RTAB-Map=0.5091s, Maps update=0.0006s pub=0.0001s (local map=426, WM=426)[0m
[0m[ INFO] [1790453680.765262191, 1790452721.075981110]: rtabmap (669): Rate=1.00s, Limit=0.000s, Conversion=0.0013s, RTAB-Map=0.4921s, Maps update=0.0006s pub=0.0001s (local map=427, WM=427)[0m
[0m[ INFO] [1790453681.882053491, 1790452722.188176665]: rtabmap (670): Rate=1.00s, Limit=0.000s, Conversion=0.0016s, RTAB-Map=0.4986s, Maps update=0.0010s pub=0.0001s (local map=428, WM=428)[0m
Warning: TF_REPEATED_DATA ignoring data with redundant timestamp for frame odom (parent map) at time 1790452722.445541 according to authority unknown_publisher
         at line 278 in /tmp/binarydeb/ros-noetic-tf2-0.7.7/src/buffer_core.cpp
[33m[ WARN] [1790453682.034723501, 1790452722.345540884]: TF_REPEATED_DATA ignoring data with redundant timestamp for frame odom (parent map) at time 1790452722.445541 according to authority unknown_publisher[0m
Warning: TF_REPEATED_DATA ignoring data with redundant timestamp for frame odom (parent map) at time 1790452722.445541 according to authority /rtabmap/rtabmap
         at line 278 in /tmp/binarydeb/ros-noetic-tf2-0.7.7/src/buffer_core.cpp
[0m[ INFO] [1790453682.912867233, 1790452723.223937675]: rtabmap (671): Rate=1.00s, Limit=0.000s, Conversion=0.0014s, RTAB-Map=0.5364s, Maps update=0.0008s pub=0.0001s (local map=429, WM=429)[0m
[0m[ INFO] [1790453684.021107839, 1790452724.328322061]: rtabmap (672): Rate=1.00s, Limit=0.000s, Conversion=0.0015s, RTAB-Map=0.5459s, Maps update=0.0005s pub=0.0001s (local map=430, WM=430)[0m
[0m[ INFO] [1790453685.063467284, 1790452725.368057711]: rtabmap (673): Rate=1.00s, Limit=0.000s, Conversion=0.0015s, RTAB-Map=0.5824s, Maps update=0.0010s pub=0.0001s (local map=430, WM=430)[0m
[0m[ INFO] [1790453686.148391203, 1790452726.459912623]: rtabmap (674): Rate=1.00s, Limit=0.000s, Conversion=0.0010s, RTAB-Map=0.5756s, Maps update=0.0006s pub=0.0001s (local map=431, WM=431)[0m
[0m[ INFO] [1790453687.181976077, 1790452727.492817237]: rtabmap (675): Rate=1.00s, Limit=0.000s, Conversion=0.0015s, RTAB-Map=0.5133s, Maps update=0.0008s pub=0.0001s (local map=432, WM=432)[0m
[0m[ INFO] [1790453688.170080701, 1790452728.481254887]: rtabmap (676): Rate=1.00s, Limit=0.000s, Conversion=0.0014s, RTAB-Map=0.4933s, Maps update=0.0007s pub=0.0001s (local map=432, WM=432)[0m
[0m[ INFO] [1790453689.297039800, 1790452729.604764937]: rtabmap (677): Rate=1.00s, Limit=0.000s, Conversion=0.0015s, RTAB-Map=0.5170s, Maps update=0.0006s pub=0.0001s (local map=432, WM=432)[0m
[0m[ INFO] [1790453690.397590465, 1790452730.700710993]: rtabmap (678): Rate=1.00s, Limit=0.000s, Conversion=0.0015s, RTAB-Map=0.5166s, Maps update=0.0005s pub=0.0001s (local map=433, WM=433)[0m
[0m[ INFO] [1790453691.407111495, 1790452731.710708795]: rtabmap (679): Rate=1.00s, Limit=0.000s, Conversion=0.0015s, RTAB-Map=0.5308s, Maps update=0.0008s pub=0.0001s (local map=434, WM=434)[0m
[0m[ INFO] [1790453692.388184395, 1790452732.699229108]: rtabmap (680): Rate=1.00s, Limit=0.000s, Conversion=0.0011s, RTAB-Map=0.5145s, Maps update=0.0007s pub=0.0001s (local map=434, WM=434)[0m
[0m[ INFO] [1790453693.468533345, 1790452733.773348414]: rtabmap (681): Rate=1.00s, Limit=0.000s, Conversion=0.0009s, RTAB-Map=0.4902s, Maps update=0.0007s pub=0.0001s (local map=434, WM=434)[0m
[0m[ INFO] [1790453694.601850944, 1790452734.905427028]: rtabmap (682): Rate=1.00s, Limit=0.000s, Conversion=0.0016s, RTAB-Map=0.5301s, Maps update=0.0009s pub=0.0001s (local map=434, WM=434)[0m
[0m[ INFO] [1790453695.678340817, 1790452735.981520161]: rtabmap (683): Rate=1.00s, Limit=0.000s, Conversion=0.0010s, RTAB-Map=0.5057s, Maps update=0.0006s pub=0.0001s (local map=434, WM=434)[0m
[0m[ INFO] [1790453696.699179738, 1790452737.003131760]: rtabmap (684): Rate=1.00s, Limit=0.000s, Conversion=0.0015s, RTAB-Map=0.5166s, Maps update=0.0005s pub=0.0001s (local map=434, WM=434)[0m
[0m[ INFO] [1790453697.802701314, 1790452738.114804147]: rtabmap (685): Rate=1.00s, Limit=0.000s, Conversion=0.0014s, RTAB-Map=0.5048s, Maps update=0.0005s pub=0.0001s (local map=434, WM=434)[0m
[0m[ INFO] [1790453698.775301025, 1790452739.085033505]: rtabmap (686): Rate=1.00s, Limit=0.000s, Conversion=0.0009s, RTAB-Map=0.5037s, Maps update=0.0006s pub=0.0001s (local map=434, WM=434)[0m
[0m[ INFO] [1790453699.772378043, 1790452740.075978638]: rtabmap (687): Rate=1.00s, Limit=0.000s, Conversion=0.0010s, RTAB-Map=0.5040s, Maps update=0.0005s pub=0.0001s (local map=434, WM=434)[0m
[0m[ INFO] [1790453700.893159199, 1790452741.198361726]: rtabmap (688): Rate=1.00s, Limit=0.000s, Conversion=0.0015s, RTAB-Map=0.5121s, Maps update=0.0006s pub=0.0001s (local map=434, WM=434)[0m
[0m[ INFO] [1790453701.880756775, 1790452742.186308264]: rtabmap (689): Rate=1.00s, Limit=0.000s, Conversion=0.0015s, RTAB-Map=0.5137s, Maps update=0.0008s pub=0.0001s (local map=434, WM=434)[0m
[0m[ INFO] [1790453702.984508100, 1790452743.287919766]: rtabmap (690): Rate=1.00s, Limit=0.000s, Conversion=0.0010s, RTAB-Map=0.5149s, Maps update=0.0006s pub=0.0001s (local map=435, WM=435)[0m
[0m[ INFO] [1790453703.975083668, 1790452744.280488148]: rtabmap (691): Rate=1.00s, Limit=0.000s, Conversion=0.0009s, RTAB-Map=0.5096s, Maps update=0.0006s pub=0.0001s (local map=436, WM=436)[0m
[0m[ INFO] [1790453705.077664158, 1790452745.384471816]: rtabmap (692): Rate=1.00s, Limit=0.000s, Conversion=0.0010s, RTAB-Map=0.5115s, Maps update=0.0004s pub=0.0001s (local map=437, WM=437)[0m
[0m[ INFO] [1790453706.076551997, 1790452746.385113044]: rtabmap (693): Rate=1.00s, Limit=0.000s, Conversion=0.0015s, RTAB-Map=0.4986s, Maps update=0.0005s pub=0.0001s (local map=438, WM=438)[0m
[0m[ INFO] [1790453707.178358391, 1790452747.483083921]: rtabmap (694): Rate=1.00s, Limit=0.000s, Conversion=0.0013s, RTAB-Map=0.5126s, Maps update=0.0005s pub=0.0001s (local map=439, WM=439)[0m
[0m[ INFO] [1790453708.175772445, 1790452748.478678987]: rtabmap (695): Rate=1.00s, Limit=0.000s, Conversion=0.0010s, RTAB-Map=0.5127s, Maps update=0.0006s pub=0.0001s (local map=440, WM=440)[0m
[0m[ INFO] [1790453709.278708500, 1790452749.589603931]: rtabmap (696): Rate=1.00s, Limit=0.000s, Conversion=0.0015s, RTAB-Map=0.5118s, Maps update=0.0006s pub=0.0001s (local map=440, WM=440)[0m
[0m[ INFO] [1790453710.284390954, 1790452750.595772469]: rtabmap (697): Rate=1.00s, Limit=0.000s, Conversion=0.0014s, RTAB-Map=0.5121s, Maps update=0.0008s pub=0.0001s (local map=441, WM=441)[0m
[0m[ INFO] [1790453711.307530665, 1790452751.617742892]: rtabmap (698): Rate=1.00s, Limit=0.000s, Conversion=0.0010s, RTAB-Map=0.5370s, Maps update=0.0006s pub=0.0001s (local map=442, WM=442)[0m
[0m[ INFO] [1790453712.395831218, 1790452752.701627188]: rtabmap (699): Rate=1.00s, Limit=0.000s, Conversion=0.0010s, RTAB-Map=0.5332s, Maps update=0.0005s pub=0.0001s (local map=443, WM=443)[0m
[0m[ INFO] [1790453713.443650011, 1790452753.753320058]: rtabmap (700): Rate=1.00s, Limit=0.000s, Conversion=0.0016s, RTAB-Map=0.5560s, Maps update=0.0005s pub=0.0001s (local map=444, WM=444)[0m
Warning: TF_REPEATED_DATA ignoring data with redundant timestamp for frame odom (parent map) at time 1790452754.010448 according to authority unknown_publisher
         at line 278 in /tmp/binarydeb/ros-noetic-tf2-0.7.7/src/buffer_core.cpp
[33m[ WARN] [1790453713.599100661, 1790452753.910448480]: TF_REPEATED_DATA ignoring data with redundant timestamp for frame odom (parent map) at time 1790452754.010448 according to authority unknown_publisher[0m
Warning: TF_REPEATED_DATA ignoring data with redundant timestamp for frame odom (parent map) at time 1790452754.010448 according to authority /rtabmap/rtabmap
         at line 278 in /tmp/binarydeb/ros-noetic-tf2-0.7.7/src/buffer_core.cpp
[33m[ WARN] [1790453726.463045235, 1790452766.771685258]: We are receiving imu data (buffer=1000), but cannot interpolate imu transform at time 1790452766.730723. IMU won't be added to graph.[0m
[33m[ WARN] [1790453737.904944595, 1790452778.216514880]: TF_REPEATED_DATA ignoring data with redundant timestamp for frame odom (parent map) at time 1790452778.316515 according to authority unknown_publisher[0m
Warning: TF_REPEATED_DATA ignoring data with redundant timestamp for frame odom (parent map) at time 1790452778.316515 according to authority /rtabmap/rtabmap
         at line 278 in /tmp/binarydeb/ros-noetic-tf2-0.7.7/src/buffer_core.cpp
[0m[ INFO] [1790453714.395636266, 1790452754.699929409]: rtabmap (701): Rate=1.00s, Limit=0.000s, Conversion=0.0010s, RTAB-Map=0.5111s, Maps update=0.0005s pub=0.0001s (local map=445, WM=445)[0m
[0m[ INFO] [1790453715.474329705, 1790452755.782627613]: rtabmap (702): Rate=1.00s, Limit=0.000s, Conversion=0.0010s, RTAB-Map=0.4989s, Maps update=0.0005s pub=0.0001s (local map=445, WM=445)[0m
[0m[ INFO] [1790453716.484088788, 1790452756.795874594]: rtabmap (703): Rate=1.00s, Limit=0.000s, Conversion=0.0016s, RTAB-Map=0.5004s, Maps update=0.0009s pub=0.0001s (local map=445, WM=445)[0m
[0m[ INFO] [1790453717.570498464, 1790452757.875466012]: rtabmap (704): Rate=1.00s, Limit=0.000s, Conversion=0.0015s, RTAB-Map=0.5004s, Maps update=0.0007s pub=0.0001s (local map=445, WM=445)[0m
[0m[ INFO] [1790453718.583373461, 1790452758.886697156]: rtabmap (705): Rate=1.00s, Limit=0.000s, Conversion=0.0009s, RTAB-Map=0.5071s, Maps update=0.0007s pub=0.0001s (local map=445, WM=445)[0m
[0m[ INFO] [1790453719.686883508, 1790452759.997040630]: rtabmap (706): Rate=1.00s, Limit=0.000s, Conversion=0.0009s, RTAB-Map=0.5145s, Maps update=0.0008s pub=0.0001s (local map=446, WM=446)[0m
[0m[ INFO] [1790453720.694867127, 1790452760.999591728]: rtabmap (707): Rate=1.00s, Limit=0.000s, Conversion=0.0014s, RTAB-Map=0.5085s, Maps update=0.0007s pub=0.0001s (local map=447, WM=447)[0m
[0m[ INFO] [1790453721.793027586, 1790452762.097248728]: rtabmap (708): Rate=1.00s, Limit=0.000s, Conversion=0.0014s, RTAB-Map=0.4959s, Maps update=0.0007s pub=0.0001s (local map=448, WM=448)[0m
[0m[ INFO] [1790453722.800625140, 1790452763.104784330]: rtabmap (709): Rate=1.00s, Limit=0.000s, Conversion=0.0010s, RTAB-Map=0.5229s, Maps update=0.0006s pub=0.0001s (local map=449, WM=449)[0m
[0m[ INFO] [1790453723.830879417, 1790452764.137150078]: rtabmap (710): Rate=1.00s, Limit=0.000s, Conversion=0.0012s, RTAB-Map=0.5610s, Maps update=0.0005s pub=0.0001s (local map=450, WM=450)[0m
[0m[ INFO] [1790453724.911811937, 1790452765.222006563]: rtabmap (711): Rate=1.00s, Limit=0.000s, Conversion=0.0012s, RTAB-Map=0.5487s, Maps update=0.0005s pub=0.0001s (local map=451, WM=451)[0m
[0m[ INFO] [1790453725.898930613, 1790452766.204410132]: rtabmap (712): Rate=1.00s, Limit=0.000s, Conversion=0.0009s, RTAB-Map=0.5341s, Maps update=0.0006s pub=0.0001s (local map=452, WM=452)[0m
[33m[ WARN] (2026-09-26 16:15:26.462) Transform.cpp:557::getTransform() No transform found for stamp 1790452766.730723! Latest is 1790452766.728280[0m
[0m[ INFO] [1790453726.735463371, 1790452767.043636158]: rtabmap (713): Rate=1.00s, Limit=0.000s, Conversion=0.0019s, RTAB-Map=0.2713s, Maps update=0.0007s pub=0.0001s (local map=453, WM=453)[0m
[0m[ INFO] [1790453728.150884314, 1790452768.457235711]: rtabmap (714): Rate=1.00s, Limit=0.000s, Conversion=0.0015s, RTAB-Map=0.5835s, Maps update=0.0007s pub=0.0001s (local map=453, WM=453)[0m
[0m[ INFO] [1790453729.133051141, 1790452769.436230962]: rtabmap (715): Rate=1.00s, Limit=0.000s, Conversion=0.0013s, RTAB-Map=0.5713s, Maps update=0.0006s pub=0.0001s (local map=454, WM=454)[0m
[0m[ INFO] [1790453730.217293047, 1790452770.530083693]: rtabmap (716): Rate=1.00s, Limit=0.000s, Conversion=0.0009s, RTAB-Map=0.5431s, Maps update=0.0005s pub=0.0001s (local map=454, WM=454)[0m
[0m[ INFO] [1790453731.309661008, 1790452771.617625954]: rtabmap (717): Rate=1.00s, Limit=0.000s, Conversion=0.0012s, RTAB-Map=0.6351s, Maps update=0.0007s pub=0.0001s (local map=454, WM=454)[0m
[0m[ INFO] [1790453732.325934391, 1790452772.636112248]: rtabmap (718): Rate=1.00s, Limit=0.000s, Conversion=0.0015s, RTAB-Map=0.5442s, Maps update=0.0006s pub=0.0001s (local map=455, WM=455)[0m
[0m[ INFO] [1790453733.411032493, 1790452773.716223689]: rtabmap (719): Rate=1.00s, Limit=0.000s, Conversion=0.0015s, RTAB-Map=0.5315s, Maps update=0.0005s pub=0.0001s (local map=456, WM=456)[0m
[0m[ INFO] [1790453734.413983072, 1790452774.718663896]: rtabmap (720): Rate=1.00s, Limit=0.000s, Conversion=0.0016s, RTAB-Map=0.5407s, Maps update=0.0005s pub=0.0001s (local map=457, WM=457)[0m
[0m[ INFO] [1790453735.519787078, 1790452775.826664463]: rtabmap (721): Rate=1.00s, Limit=0.000s, Conversion=0.0014s, RTAB-Map=0.5480s, Maps update=0.0006s pub=0.0001s (local map=458, WM=458)[0m
[0m[ INFO] [1790453736.618136029, 1790452776.930425551]: rtabmap (722): Rate=1.00s, Limit=0.000s, Conversion=0.0011s, RTAB-Map=0.5481s, Maps update=0.0005s pub=0.0001s (local map=459, WM=459)[0m
[0m[ INFO] [1790453737.753296790, 1790452778.059717595]: rtabmap (723): Rate=1.00s, Limit=0.000s, Conversion=0.0015s, RTAB-Map=0.5696s, Maps update=0.0007s pub=0.0001s (local map=460, WM=460)[0m
Warning: TF_REPEATED_DATA ignoring data with redundant timestamp for frame odom (parent map) at time 1790452778.316515 according to authority unknown_publisher
         at line 278 in /tmp/binarydeb/ros-noetic-tf2-0.7.7/src/buffer_core.cpp
[0m[ INFO] [1790453738.722908305, 1790452779.033430101]: rtabmap (724): Rate=1.00s, Limit=0.000s, Conversion=0.0016s, RTAB-Map=0.5485s, Maps update=0.0006s pub=0.0001s (local map=460, WM=460)[0m
[0m[ INFO] [1790453739.792778638, 1790452780.104592540]: rtabmap (725): Rate=1.00s, Limit=0.000s, Conversion=0.0010s, RTAB-Map=0.5292s, Maps update=0.0007s pub=0.0001s (local map=461, WM=461)[0m
[0m[ INFO] [1790453740.919840231, 1790452781.228518781]: rtabmap (726): Rate=1.00s, Limit=0.000s, Conversion=0.0015s, RTAB-Map=0.5471s, Maps update=0.0006s pub=0.0001s (local map=462, WM=462)[0m
[0m[ INFO] [1790453741.931478459, 1790452782.238611462]: rtabmap (727): Rate=1.00s, Limit=0.000s, Conversion=0.0015s, RTAB-Map=0.5512s, Maps update=0.0005s pub=0.0001s (local map=463, WM=463)[0m
[0m[ INFO] [1790453742.926683835, 1790452783.232137785]: rtabmap (728): Rate=1.00s, Limit=0.000s, Conversion=0.0009s, RTAB-Map=0.5503s, Maps update=0.0006s pub=0.0001s (local map=464, WM=464)[0m
[0m[ INFO] [1790453744.016372020, 1790452784.321951283]: rtabmap (729): Rate=1.00s, Limit=0.000s, Conversion=0.0010s, RTAB-Map=0.5375s, Maps update=0.0007s pub=0.0001s (local map=465, WM=465)[0m
[0m[ INFO] [1790453744.971525267, 1790452785.275237988]: rtabmap (730): Rate=1.00s, Limit=0.000s, Conversion=0.0010s, RTAB-Map=0.4978s, Maps update=0.0004s pub=0.0001s (local map=466, WM=466)[0m
[0m[ INFO] [1790453746.000052171, 1790452786.304075358]: rtabmap (731): Rate=1.00s, Limit=0.000s, Conversion=0.0010s, RTAB-Map=0.5164s, Maps update=0.0005s pub=0.0001s (local map=467, WM=467)[0m
[0m[ INFO] [1790453747.097954848, 1790452787.403376317]: rtabmap (732): Rate=1.00s, Limit=0.000s, Conversion=0.0016s, RTAB-Map=0.6095s, Maps update=0.0007s pub=0.0001s (local map=468, WM=468)[0m
[0m[ INFO] [1790453748.123593299, 1790452788.435874533]: rtabmap (733): Rate=1.00s, Limit=0.000s, Conversion=0.0014s, RTAB-Map=0.5529s, Maps update=0.0006s pub=0.0001s (local map=469, WM=469)[0m
[0m[ INFO] [1790453749.208050900, 1790452789.518041684]: rtabmap (734): Rate=1.00s, Limit=0.000s, Conversion=0.0011s, RTAB-Map=0.5422s, Maps update=0.0007s pub=0.0001s (local map=470, WM=470)[0m
[0m[ INFO] [1790453750.254865852, 1790452790.557627140]: rtabmap (735): Rate=1.00s, Limit=0.000s, Conversion=0.0019s, RTAB-Map=0.5910s, Maps update=0.0010s pub=0.0001s (local map=471, WM=471)[0m
[0m[ INFO] [1790453751.250025312, 1790452791.558028208]: rtabmap (736): Rate=1.00s, Limit=0.000s, Conversion=0.0018s, RTAB-Map=0.5723s, Maps update=0.0008s pub=0.0001s (local map=472, WM=472)[0m
[0m[ INFO] [1790453752.280591740, 1790452792.591624868]: rtabmap (737): Rate=1.00s, Limit=0.000s, Conversion=0.0010s, RTAB-Map=0.5114s, Maps update=0.0006s pub=0.0001s (local map=473, WM=473)[0m
[0m[ INFO] [1790453753.427263809, 1790452793.735776629]: rtabmap (738): Rate=1.00s, Limit=0.000s, Conversion=0.0014s, RTAB-Map=0.5494s, Maps update=0.0006s pub=0.0001s (local map=474, WM=474)[0m
[0m[ INFO] [1790453754.417590745, 1790452794.720552323]: rtabmap (739): Rate=1.00s, Limit=0.000s, Conversion=0.0014s, RTAB-Map=0.5418s, Maps update=0.0005s pub=0.0001s (local map=475, WM=475)[0m
[0m[ INFO] [1790453755.439817584, 1790452795.749750255]: rtabmap (740): Rate=1.00s, Limit=0.000s, Conversion=0.0014s, RTAB-Map=0.5698s, Maps update=0.0007s pub=0.0001s (local map=476, WM=476)[0m
[0m[ INFO] [1790453756.537033523, 1790452796.841087557]: rtabmap (741): Rate=1.00s, Limit=0.000s, Conversion=0.0010s, RTAB-Map=0.5701s, Maps update=0.0006s pub=0.0001s (local map=477, WM=477)[0m
Warning: TF_REPEATED_DATA ignoring data with redundant timestamp for frame odom (parent map) at time 1790452797.098157 according to authority unknown_publisher
         at line 278 in /tmp/binarydeb/ros-noetic-tf2-0.7.7/src/buffer_core.cpp
[33m[ WARN] [1790453756.686441623, 1790452796.998157220]: TF_REPEATED_DATA ignoring data with redundant timestamp for frame odom (parent map) at time 1790452797.098157 according to authority unknown_publisher[0m
Warning: TF_REPEATED_DATA ignoring data with redundant timestamp for frame odom (parent map) at time 1790452797.098157 according to authority /rtabmap/rtabmap
         at line 278 in /tmp/binarydeb/ros-noetic-tf2-0.7.7/src/buffer_core.cpp
[0m[ INFO] [1790453757.515635401, 1790452797.824478816]: rtabmap (742): Rate=1.00s, Limit=0.000s, Conversion=0.0015s, RTAB-Map=0.5344s, Maps update=0.0005s pub=0.0001s (local map=478, WM=478)[0m
[0m[ INFO] [1790453758.532970196, 1790452798.842364271]: rtabmap (743): Rate=1.00s, Limit=0.000s, Conversion=0.0016s, RTAB-Map=0.5580s, Maps update=0.0005s pub=0.0001s (local map=479, WM=479)[0m
[0m[ INFO] [1790453759.631342043, 1790452799.944000592]: rtabmap (744): Rate=1.00s, Limit=0.000s, Conversion=0.0015s, RTAB-Map=0.5483s, Maps update=0.0005s pub=0.0001s (local map=480, WM=480)[0m
[0m[ INFO] [1790453760.703247231, 1790452801.011176718]: rtabmap (745): Rate=1.00s, Limit=0.000s, Conversion=0.0009s, RTAB-Map=0.5402s, Maps update=0.0006s pub=0.0001s (local map=481, WM=481)[0m
[0m[ INFO] [1790453761.828003558, 1790452802.134382090]: rtabmap (746): Rate=1.00s, Limit=0.000s, Conversion=0.0015s, RTAB-Map=0.5528s, Maps update=0.0007s pub=0.0001s (local map=482, WM=482)[0m
[0m[ INFO] [1790453762.826539682, 1790452803.133080902]: rtabmap (747): Rate=1.00s, Limit=0.000s, Conversion=0.0013s, RTAB-Map=0.5539s, Maps update=0.0006s pub=0.0001s (local map=483, WM=483)[0m
[0m[ INFO] [1790453763.935010205, 1790452804.238685356]: rtabmap (748): Rate=1.00s, Limit=0.000s, Conversion=0.0011s, RTAB-Map=0.5636s, Maps update=0.0006s pub=0.0001s (local map=484, WM=484)[0m
[0m[ INFO] [1790453764.997911519, 1790452805.308522564]: rtabmap (749): Rate=1.00s, Limit=0.000s, Conversion=0.0010s, RTAB-Map=0.5211s, Maps update=0.0006s pub=0.0001s (local map=485, WM=485)[0m
[0m[ INFO] [1790453766.161606910, 1790452806.470735319]: rtabmap (750): Rate=1.00s, Limit=0.000s, Conversion=0.0010s, RTAB-Map=0.5819s, Maps update=0.0006s pub=0.0001s (local map=486, WM=486)[0m
[0m[ INFO] [1790453767.247189637, 1790452807.560025115]: rtabmap (751): Rate=1.00s, Limit=0.000s, Conversion=0.0015s, RTAB-Map=0.5692s, Maps update=0.0006s pub=0.0001s (local map=487, WM=487)[0m
[0m[ INFO] [1790453768.231854270, 1790452808.529359292]: rtabmap (752): Rate=1.00s, Limit=0.000s, Conversion=0.0010s, RTAB-Map=0.5528s, Maps update=0.0007s pub=0.0001s (local map=488, WM=488)[0m
[0m[ INFO] [1790453769.220385662, 1790452809.530197596]: rtabmap (753): Rate=1.00s, Limit=0.000s, Conversion=0.0015s, RTAB-Map=0.5420s, Maps update=0.0006s pub=0.0001s (local map=489, WM=489)[0m
[0m[ INFO] [1790453770.306975303, 1790452810.609941839]: rtabmap (754): Rate=1.00s, Limit=0.000s, Conversion=0.0016s, RTAB-Map=0.5237s, Maps update=0.0006s pub=0.0001s (local map=490, WM=490)[0m
[0m[ INFO] [1790453771.452502055, 1790452811.765380861]: rtabmap (755): Rate=1.00s, Limit=0.000s, Conversion=0.0014s, RTAB-Map=0.5680s, Maps update=0.0010s pub=0.0001s (local map=491, WM=491)[0m
[0m[ INFO] [1790453772.428176731, 1790452812.733029650]: rtabmap (756): Rate=1.00s, Limit=0.000s, Conversion=0.0015s, RTAB-Map=0.5597s, Maps update=0.0007s pub=0.0001s (local map=491, WM=491)[0m
[0m[ INFO] [1790453773.556718761, 1790452813.864357654]: rtabmap (757): Rate=1.00s, Limit=0.000s, Conversion=0.0015s, RTAB-Map=0.5799s, Maps update=0.0007s pub=0.0001s (local map=492, WM=492)[0m
[0m[ INFO] [1790453774.643361815, 1790452814.955121700]: rtabmap (758): Rate=1.00s, Limit=0.000s, Conversion=0.0014s, RTAB-Map=0.5785s, Maps update=0.0007s pub=0.0001s (local map=493, WM=493)[0m
[0m[ INFO] [1790453775.650791677, 1790452815.956358201]: rtabmap (759): Rate=1.00s, Limit=0.000s, Conversion=0.0015s, RTAB-Map=0.5775s, Maps update=0.0008s pub=0.0001s (local map=494, WM=494)[0m
Warning: TF_REPEATED_DATA ignoring data with redundant timestamp for frame odom (parent map) at time 1790452816.214000 according to authority unknown_publisher
         at line 278 in /tmp/binarydeb/ros-noetic-tf2-0.7.7/src/buffer_core.cpp
[33m[ WARN] [1790453775.801968645, 1790452816.114000148]: TF_REPEATED_DATA ignoring data with redundant timestamp for frame odom (parent map) at time 1790452816.214000 according to authority unknown_publisher[0m
Warning: TF_REPEATED_DATA ignoring data with redundant timestamp for frame odom (parent map) at time 1790452816.214000 according to authority /rtabmap/rtabmap
         at line 278 in /tmp/binarydeb/ros-noetic-tf2-0.7.7/src/buffer_core.cpp
[33m[ WARN] [1790453793.871305340, 1790452834.182626438]: TF_REPEATED_DATA ignoring data with redundant timestamp for frame odom (parent map) at time 1790452834.282626 according to authority unknown_publisher[0m
Warning: TF_REPEATED_DATA ignoring data with redundant timestamp for frame odom (parent map) at time 1790452834.282626 according to authority /rtabmap/rtabmap
         at line 278 in /tmp/binarydeb/ros-noetic-tf2-0.7.7/src/buffer_core.cpp
[0m[ INFO] [1790453776.748377587, 1790452817.056271073]: rtabmap (760): Rate=1.00s, Limit=0.000s, Conversion=0.0010s, RTAB-Map=0.5734s, Maps update=0.0007s pub=0.0001s (local map=495, WM=495)[0m
[0m[ INFO] [1790453777.864227682, 1790452818.167525772]: rtabmap (761): Rate=1.00s, Limit=0.000s, Conversion=0.0014s, RTAB-Map=0.5942s, Maps update=0.0008s pub=0.0001s (local map=496, WM=496)[0m
[0m[ INFO] [1790453778.814178395, 1790452819.117653798]: rtabmap (762): Rate=1.00s, Limit=0.000s, Conversion=0.0014s, RTAB-Map=0.5449s, Maps update=0.0007s pub=0.0001s (local map=497, WM=497)[0m
[0m[ INFO] [1790453779.840048724, 1790452820.145746289]: rtabmap (763): Rate=1.00s, Limit=0.000s, Conversion=0.0015s, RTAB-Map=0.5614s, Maps update=0.0008s pub=0.0001s (local map=498, WM=498)[0m
[0m[ INFO] [1790453780.901811601, 1790452821.208613591]: rtabmap (764): Rate=1.00s, Limit=0.000s, Conversion=0.0011s, RTAB-Map=0.5351s, Maps update=0.0007s pub=0.0001s (local map=499, WM=499)[0m
[0m[ INFO] [1790453781.942656401, 1790452822.255387910]: rtabmap (765): Rate=1.00s, Limit=0.000s, Conversion=0.0014s, RTAB-Map=0.5659s, Maps update=0.0005s pub=0.0001s (local map=500, WM=500)[0m
[0m[ INFO] [1790453783.037446886, 1790452823.344907569]: rtabmap (766): Rate=1.00s, Limit=0.000s, Conversion=0.0016s, RTAB-Map=0.5621s, Maps update=0.0006s pub=0.0001s (local map=501, WM=501)[0m
[0m[ INFO] [1790453784.023891847, 1790452824.336378522]: rtabmap (767): Rate=1.00s, Limit=0.000s, Conversion=0.0010s, RTAB-Map=0.5535s, Maps update=0.0006s pub=0.0001s (local map=502, WM=502)[0m
[0m[ INFO] [1790453785.112491228, 1790452825.421276914]: rtabmap (768): Rate=1.00s, Limit=0.000s, Conversion=0.0015s, RTAB-Map=0.5286s, Maps update=0.0011s pub=0.0001s (local map=503, WM=503)[0m
[0m[ INFO] [1790453786.194877961, 1790452826.501881072]: rtabmap (769): Rate=1.00s, Limit=0.000s, Conversion=0.0010s, RTAB-Map=0.5992s, Maps update=0.0006s pub=0.0001s (local map=504, WM=504)[0m
[33m[ WARN] (2026-09-26 16:16:26.888) Memory.cpp:3200::computeTransform() Missing visual features or missing raw data to compute them. Transform cannot be estimated.[0m
[0m[ INFO] [1790453787.278542761, 1790452827.586078773]: rtabmap (770): Rate=1.00s, Limit=0.000s, Conversion=0.0014s, RTAB-Map=0.5664s, Maps update=0.0007s pub=0.0001s (local map=505, WM=505)[0m
[33m[ WARN] (2026-09-26 16:16:27.949) Memory.cpp:3200::computeTransform() Missing visual features or missing raw data to compute them. Transform cannot be estimated.[0m
[0m[ INFO] [1790453788.473405674, 1790452828.781873725]: rtabmap (771): Rate=1.00s, Limit=0.000s, Conversion=0.0015s, RTAB-Map=0.6983s, Maps update=0.0008s pub=0.0001s (local map=506, WM=506)[0m
[33m[ WARN] (2026-09-26 16:16:29.025) Memory.cpp:3200::computeTransform() Missing visual features or missing raw data to compute them. Transform cannot be estimated.[0m
[0m[ INFO] [1790453789.555525809, 1790452829.861525616]: rtabmap (772): Rate=1.00s, Limit=0.000s, Conversion=0.0010s, RTAB-Map=0.6918s, Maps update=0.0008s pub=0.0001s (local map=507, WM=507)[0m
[33m[ WARN] (2026-09-26 16:16:30.042) Memory.cpp:3200::computeTransform() Missing visual features or missing raw data to compute them. Transform cannot be estimated.[0m
[0m[ INFO] [1790453790.608174932, 1790452830.911891873]: rtabmap (773): Rate=1.00s, Limit=0.000s, Conversion=0.0012s, RTAB-Map=0.7307s, Maps update=0.0009s pub=0.0001s (local map=508, WM=508)[0m
[33m[ WARN] (2026-09-26 16:16:31.039) Memory.cpp:3200::computeTransform() Missing visual features or missing raw data to compute them. Transform cannot be estimated.[0m
[0m[ INFO] [1790453791.629084642, 1790452831.941811830]: rtabmap (774): Rate=1.00s, Limit=0.000s, Conversion=0.0014s, RTAB-Map=0.7536s, Maps update=0.0007s pub=0.0001s (local map=509, WM=509)[0m
[33m[ WARN] (2026-09-26 16:16:32.040) Memory.cpp:3200::computeTransform() Missing visual features or missing raw data to compute them. Transform cannot be estimated.[0m
[0m[ INFO] [1790453792.608955950, 1790452832.912865276]: rtabmap (775): Rate=1.00s, Limit=0.000s, Conversion=0.0015s, RTAB-Map=0.7306s, Maps update=0.0007s pub=0.0001s (local map=510, WM=510)[0m
[33m[ WARN] (2026-09-26 16:16:33.142) Memory.cpp:3200::computeTransform() Missing visual features or missing raw data to compute them. Transform cannot be estimated.[0m
[0m[ INFO] [1790453793.720592803, 1790452834.025767483]: rtabmap (776): Rate=1.00s, Limit=0.000s, Conversion=0.0014s, RTAB-Map=0.7359s, Maps update=0.0007s pub=0.0001s (local map=511, WM=511)[0m
Warning: TF_REPEATED_DATA ignoring data with redundant timestamp for frame odom (parent map) at time 1790452834.282626 according to authority unknown_publisher
         at line 278 in /tmp/binarydeb/ros-noetic-tf2-0.7.7/src/buffer_core.cpp
[33m[ WARN] (2026-09-26 16:16:34.219) Memory.cpp:3200::computeTransform() Missing visual features or missing raw data to compute them. Transform cannot be estimated.[0m
[0m[ INFO] [1790453794.759003317, 1790452835.062427295]: rtabmap (777): Rate=1.00s, Limit=0.000s, Conversion=0.0007s, RTAB-Map=0.6830s, Maps update=0.0009s pub=0.0001s (local map=512, WM=512)[0m
[33m[ WARN] (2026-09-26 16:16:35.242) Memory.cpp:3200::computeTransform() Missing visual features or missing raw data to compute them. Transform cannot be estimated.[0m
[0m[ INFO] [1790453795.809035788, 1790452836.111833841]: rtabmap (778): Rate=1.00s, Limit=0.000s, Conversion=0.0014s, RTAB-Map=0.7266s, Maps update=0.0007s pub=0.0001s (local map=513, WM=513)[0m
[33m[ WARN] (2026-09-26 16:16:36.237) Memory.cpp:3200::computeTransform() Missing visual features or missing raw data to compute them. Transform cannot be estimated.[0m
[0m[ INFO] [1790453796.831181004, 1790452837.143373916]: rtabmap (779): Rate=1.00s, Limit=0.000s, Conversion=0.0015s, RTAB-Map=0.7593s, Maps update=0.0008s pub=0.0001s (local map=514, WM=514)[0m
[33m[ WARN] (2026-09-26 16:16:37.322) Memory.cpp:3200::computeTransform() Missing visual features or missing raw data to compute them. Transform cannot be estimated.[0m
[0m[ INFO] [1790453797.884936913, 1790452838.194354028]: rtabmap (780): Rate=1.00s, Limit=0.000s, Conversion=0.0009s, RTAB-Map=0.7243s, Maps update=0.0008s pub=0.0001s (local map=515, WM=515)[0m
[33m[ WARN] (2026-09-26 16:16:38.440) Memory.cpp:3200::computeTransform() Missing visual features or missing raw data to compute them. Transform cannot be estimated.[0m
[0m[ INFO] [1790453799.062619559, 1790452839.372873256]: rtabmap (781): Rate=1.00s, Limit=0.000s, Conversion=0.0014s, RTAB-Map=0.7902s, Maps update=0.0009s pub=0.0001s (local map=516, WM=516)[0m
[33m[ WARN] (2026-09-26 16:16:39.464) Memory.cpp:3200::computeTransform() Missing visual features or missing raw data to compute them. Transform cannot be estimated.[0m
[0m[ INFO] [1790453800.016896091, 1790452840.319668767]: rtabmap (782): Rate=1.00s, Limit=0.000s, Conversion=0.0010s, RTAB-Map=0.7052s, Maps update=0.0006s pub=0.0001s (local map=517, WM=517)[0m
[33m[ WARN] (2026-09-26 16:16:40.526) Memory.cpp:3200::computeTransform() Missing visual features or missing raw data to compute them. Transform cannot be estimated.[0m
[0m[ INFO] [1790453801.225793536, 1790452841.538534613]: rtabmap (783): Rate=1.00s, Limit=0.000s, Conversion=0.0015s, RTAB-Map=0.8578s, Maps update=0.0008s pub=0.0001s (local map=518, WM=518)[0m
[33m[ WARN] (2026-09-26 16:16:41.647) Memory.cpp:3200::computeTransform() Missing visual features or missing raw data to compute them. Transform cannot be estimated.[0m
[0m[ INFO] [1790453802.243276963, 1790452842.554498443]: rtabmap (784): Rate=1.00s, Limit=0.000s, Conversion=0.0016s, RTAB-Map=0.7716s, Maps update=0.0007s pub=0.0001s (local map=519, WM=519)[0m
[33m[ WARN] (2026-09-26 16:16:42.724) Memory.cpp:3200::computeTransform() Missing visual features or missing raw data to compute them. Transform cannot be estimated.[0m
[0m[ INFO] [1790453803.324134575, 1790452843.634975028]: rtabmap (785): Rate=1.00s, Limit=0.000s, Conversion=0.0015s, RTAB-Map=0.7614s, Maps update=0.0008s pub=0.0001s (local map=520, WM=520)[0m
[33m[ WARN] (2026-09-26 16:16:43.833) Memory.cpp:3200::computeTransform() Missing visual features or missing raw data to compute them. Transform cannot be estimated.[0m
[0m[ INFO] [1790453804.431145623, 1790452844.737524728]: rtabmap (786): Rate=1.00s, Limit=0.000s, Conversion=0.0014s, RTAB-Map=0.7575s, Maps update=0.0007s pub=0.0001s (local map=521, WM=521)[0m
[33m[ WARN] (2026-09-26 16:16:44.825) Memory.cpp:3200::computeTransform() Missing visual features or missing raw data to compute them. Transform cannot be estimated.[0m
[0m[ INFO] [1790453805.436010059, 1790452845.748318269]: rtabmap (787): Rate=1.00s, Limit=0.000s, Conversion=0.0010s, RTAB-Map=0.7687s, Maps update=0.0007s pub=0.0001s (local map=522, WM=522)[0m
[0m[ INFO] [1790453806.517859608, 1790452846.824499132]: rtabmap (788): Rate=1.00s, Limit=0.000s, Conversion=0.0014s, RTAB-Map=0.7478s, Maps update=0.0008s pub=0.0001s (local map=523, WM=523)[0m
[0m[ INFO] [1790453807.561014163, 1790452847.864812128]: rtabmap (789): Rate=1.00s, Limit=0.000s, Conversion=0.0015s, RTAB-Map=0.7896s, Maps update=0.0009s pub=0.0001s (local map=524, WM=524)[0m
[0m[ INFO] [1790453808.539609289, 1790452848.847527223]: rtabmap (790): Rate=1.00s, Limit=0.000s, Conversion=0.0013s, RTAB-Map=0.7766s, Maps update=0.0008s pub=0.0001s (local map=525, WM=525)[0m
[0m[ INFO] [1790453809.659114017, 1790452849.971422131]: rtabmap (791): Rate=1.00s, Limit=0.000s, Conversion=0.0014s, RTAB-Map=0.7857s, Maps update=0.0009s pub=0.0001s (local map=526, WM=526)[0m
[0m[ INFO] [1790453810.697890705, 1790452851.004271762]: rtabmap (792): Rate=1.00s, Limit=0.000s, Conversion=0.0015s, RTAB-Map=0.7321s, Maps update=0.0010s pub=0.0001s (local map=527, WM=527)[0m
Warning: TF_REPEATED_DATA ignoring data with redundant timestamp for frame odom (parent map) at time 1790452852.171099 according to authority unknown_publisher
         at line 278 in /tmp/binarydeb/ros-noetic-tf2-0.7.7/src/buffer_core.cpp
Warning: TF_REPEATED_DATA ignoring data with redundant timestamp for frame odom (parent map) at time 1790452852.171099 according to authority /rtabmap/rtabmap
         at line 278 in /tmp/binarydeb/ros-noetic-tf2-0.7.7/src/buffer_core.cpp
[33m[ WARN] [1790453811.760125895, 1790452852.071099341]: TF_REPEATED_DATA ignoring data with redundant timestamp for frame odom (parent map) at time 1790452852.171099 according to authority unknown_publisher[0m
[0m[ INFO] [1790453811.851504976, 1790452852.162249909]: rtabmap (793): Rate=1.00s, Limit=0.000s, Conversion=0.0010s, RTAB-Map=0.7748s, Maps update=0.0007s pub=0.0001s (local map=528, WM=528)[0m
[0m[ INFO] [1790453813.001726206, 1790452853.307356505]: rtabmap (794): Rate=1.00s, Limit=0.000s, Conversion=0.0012s, RTAB-Map=0.8362s, Maps update=0.0007s pub=0.0001s (local map=529, WM=529)[0m
[0m[ INFO] [1790453813.895989577, 1790452854.201266817]: rtabmap (795): Rate=1.00s, Limit=0.000s, Conversion=0.0014s, RTAB-Map=0.7265s, Maps update=0.0007s pub=0.0001s (local map=530, WM=530)[0m
[0m[ INFO] [1790453815.119769698, 1790452855.423987857]: rtabmap (796): Rate=1.00s, Limit=0.000s, Conversion=0.0013s, RTAB-Map=0.8524s, Maps update=0.0010s pub=0.0001s (local map=531, WM=531)[0m
[0m[ INFO] [1790453816.129450188, 1790452856.433069110]: rtabmap (797): Rate=1.00s, Limit=0.000s, Conversion=0.0011s, RTAB-Map=0.7651s, Maps update=0.0007s pub=0.0001s (local map=532, WM=532)[0m
[0m[ INFO] [1790453817.188967318, 1790452857.498313071]: rtabmap (798): Rate=1.00s, Limit=0.000s, Conversion=0.0010s, RTAB-Map=0.8208s, Maps update=0.0013s pub=0.0001s (local map=532, WM=532)[0m
[0m[ INFO] [1790453818.222742581, 1790452858.531683659]: rtabmap (799): Rate=1.00s, Limit=0.000s, Conversion=0.0010s, RTAB-Map=0.7448s, Maps update=0.0008s pub=0.0001s (local map=533, WM=533)[0m
[0m[ INFO] [1790453819.352700050, 1790452859.656698495]: rtabmap (800): Rate=1.00s, Limit=0.000s, Conversion=0.0014s, RTAB-Map=0.7789s, Maps update=0.0008s pub=0.0001s (local map=534, WM=534)[0m
[0m[ INFO] [1790453820.384111853, 1790452860.690848593]: rtabmap (801): Rate=1.00s, Limit=0.000s, Conversion=0.0010s, RTAB-Map=0.8092s, Maps update=0.0008s pub=0.0001s (local map=535, WM=535)[0m
[0m[ INFO] [1790453821.483888579, 1790452861.793040154]: rtabmap (802): Rate=1.00s, Limit=0.000s, Conversion=0.0016s, RTAB-Map=0.8117s, Maps update=0.0009s pub=0.0001s (local map=536, WM=536)[0m
[0m[ INFO] [1790453822.448320070, 1790452862.752474100]: rtabmap (803): Rate=1.00s, Limit=0.000s, Conversion=0.0010s, RTAB-Map=0.7699s, Maps update=0.0011s pub=0.0001s (local map=537, WM=537)[0m
[0m[ INFO] [1790453823.568657781, 1790452863.873700042]: rtabmap (804): Rate=1.00s, Limit=0.000s, Conversion=0.0015s, RTAB-Map=0.7860s, Maps update=0.0008s pub=0.0001s (local map=538, WM=538)[0m
[0m[ INFO] [1790453824.634906543, 1790452864.940638377]: rtabmap (805): Rate=1.00s, Limit=0.000s, Conversion=0.0015s, RTAB-Map=0.7574s, Maps update=0.0008s pub=0.0001s (local map=539, WM=539)[0m
[0m[ INFO] [1790453825.761563651, 1790452866.071572545]: rtabmap (806): Rate=1.00s, Limit=0.000s, Conversion=0.0016s, RTAB-Map=0.7787s, Maps update=0.0009s pub=0.0001s (local map=540, WM=540)[0m
[0m[ INFO] [1790453826.874417070, 1790452867.182765887]: rtabmap (807): Rate=1.00s, Limit=0.000s, Conversion=0.0015s, RTAB-Map=0.7905s, Maps update=0.0007s pub=0.0001s (local map=541, WM=541)[0m
[0m[ INFO] [1790453827.883468071, 1790452868.194695792]: rtabmap (808): Rate=1.00s, Limit=0.000s, Conversion=0.0010s, RTAB-Map=0.8034s, Maps update=0.0010s pub=0.0001s (local map=542, WM=542)[0m
[0m[ INFO] [1790453828.934038783, 1790452869.238569840]: rtabmap (809): Rate=1.00s, Limit=0.000s, Conversion=0.0014s, RTAB-Map=0.7485s, Maps update=0.0008s pub=0.0001s (local map=543, WM=543)[0m
[0m[ INFO] [1790453830.014632792, 1790452870.318071264]: rtabmap (810): Rate=1.00s, Limit=0.000s, Conversion=0.0010s, RTAB-Map=0.7429s, Maps update=0.0008s pub=0.0001s (local map=543, WM=543)[0m
[0m[ INFO] [1790453831.030107389, 1790452871.338708079]: rtabmap (811): Rate=1.00s, Limit=0.000s, Conversion=0.0015s, RTAB-Map=0.7582s, Maps update=0.0008s pub=0.0001s (local map=543, WM=543)[0m
[0m[ INFO] [1790453832.030447051, 1790452872.336512840]: rtabmap (812): Rate=1.00s, Limit=0.000s, Conversion=0.0012s, RTAB-Map=0.7655s, Maps update=0.0009s pub=0.0001s (local map=543, WM=543)[0m
[0m[ INFO] [1790453833.139416327, 1790452873.445275235]: rtabmap (813): Rate=1.00s, Limit=0.000s, Conversion=0.0015s, RTAB-Map=0.7748s, Maps update=0.0009s pub=0.0001s (local map=543, WM=543)[0m
[0m[ INFO] [1790453834.238516538, 1790452874.550160646]: rtabmap (814): Rate=1.00s, Limit=0.000s, Conversion=0.0009s, RTAB-Map=0.7734s, Maps update=0.0008s pub=0.0001s (local map=543, WM=543)[0m
Warning: TF_REPEATED_DATA ignoring data with redundant timestamp for frame odom (parent map) at time 1790452874.848882 according to authority unknown_publisher
         at line 278 in /tmp/binarydeb/ros-noetic-tf2-0.7.7/src/buffer_core.cpp
[33m[ WARN] [1790453834.437839477, 1790452874.748882363]: TF_REPEATED_DATA ignoring data with redundant timestamp for frame odom (parent map) at time 1790452874.848882 according to authority unknown_publisher[0m
Warning: TF_REPEATED_DATA ignoring data with redundant timestamp for frame odom (parent map) at time 1790452874.848882 according to authority /rtabmap/rtabmap
         at line 278 in /tmp/binarydeb/ros-noetic-tf2-0.7.7/src/buffer_core.cpp
[0m[ INFO] [1790453835.348956212, 1790452875.659941690]: rtabmap (815): Rate=1.00s, Limit=0.000s, Conversion=0.0012s, RTAB-Map=0.7824s, Maps update=0.0009s pub=0.0001s (local map=543, WM=543)[0m
[0m[ INFO] [1790453836.343847442, 1790452876.652394852]: rtabmap (816): Rate=1.00s, Limit=0.000s, Conversion=0.0010s, RTAB-Map=0.7771s, Maps update=0.0008s pub=0.0001s (local map=543, WM=543)[0m
[0m[ INFO] [1790453837.484067220, 1790452877.786842038]: rtabmap (817): Rate=1.00s, Limit=0.000s, Conversion=0.0010s, RTAB-Map=0.8130s, Maps update=0.0011s pub=0.0001s (local map=543, WM=543)[0m
[0m[ INFO] [1790453838.460892363, 1790452878.767417132]: rtabmap (818): Rate=1.00s, Limit=0.000s, Conversion=0.0010s, RTAB-Map=0.7927s, Maps update=0.0010s pub=0.0001s (local map=543, WM=543)[0m
[0m[ INFO] [1790453839.583758381, 1790452879.888634559]: rtabmap (819): Rate=1.00s, Limit=0.000s, Conversion=0.0015s, RTAB-Map=0.7956s, Maps update=0.0010s pub=0.0001s (local map=543, WM=543)[0m
[0m[ INFO] [1790453840.611641116, 1790452880.921040181]: rtabmap (820): Rate=1.00s, Limit=0.000s, Conversion=0.0013s, RTAB-Map=0.8313s, Maps update=0.0009s pub=0.0001s (local map=543, WM=543)[0m
[0m[ INFO] [1790453841.674672537, 1790452881.985258748]: rtabmap (821): Rate=1.00s, Limit=0.000s, Conversion=0.0016s, RTAB-Map=0.7955s, Maps update=0.0010s pub=0.0001s (local map=543, WM=543)[0m
[0m[ INFO] [1790453842.632845104, 1790452882.936660154]: rtabmap (822): Rate=1.00s, Limit=0.000s, Conversion=0.0013s, RTAB-Map=0.7585s, Maps update=0.0010s pub=0.0001s (local map=543, WM=543)[0m
[0m[ INFO] [1790453843.609710442, 1790452883.914169113]: rtabmap (823): Rate=1.00s, Limit=0.000s, Conversion=0.0018s, RTAB-Map=0.7346s, Maps update=0.0009s pub=0.0001s (local map=543, WM=543)[0m
[0m[ INFO] [1790453844.763969338, 1790452885.068849869]: rtabmap (824): Rate=1.00s, Limit=0.000s, Conversion=0.0016s, RTAB-Map=0.7875s, Maps update=0.0013s pub=0.0001s (local map=543, WM=543)[0m
[0m[ INFO] [1790453845.900658911, 1790452886.210912575]: rtabmap (825): Rate=1.00s, Limit=0.000s, Conversion=0.0010s, RTAB-Map=0.8193s, Maps update=0.0010s pub=0.0001s (local map=543, WM=543)[0m
[0m[ INFO] [1790453846.814945665, 1790452887.121024798]: rtabmap (826): Rate=1.00s, Limit=0.000s, Conversion=0.0015s, RTAB-Map=0.7241s, Maps update=0.0010s pub=0.0001s (local map=543, WM=543)[0m
[0m[ INFO] [1790453847.927112424, 1790452888.237123334]: rtabmap (827): Rate=1.00s, Limit=0.000s, Conversion=0.0012s, RTAB-Map=0.7608s, Maps update=0.0009s pub=0.0001s (local map=543, WM=543)[0m
[0m[ INFO] [1790453848.956914242, 1790452889.262404378]: rtabmap (828): Rate=1.00s, Limit=0.000s, Conversion=0.0014s, RTAB-Map=0.7878s, Maps update=0.0010s pub=0.0001s (local map=543, WM=543)[0m
[0m[ INFO] [1790453850.012167642, 1790452890.323956615]: rtabmap (829): Rate=1.00s, Limit=0.000s, Conversion=0.0010s, RTAB-Map=0.8432s, Maps update=0.0009s pub=0.0001s (local map=543, WM=543)[0m
[0m[ INFO] [1790453851.057448902, 1790452891.364582379]: rtabmap (830): Rate=1.00s, Limit=0.000s, Conversion=0.0009s, RTAB-Map=0.7841s, Maps update=0.0011s pub=0.0001s (local map=543, WM=543)[0m
[0m[ INFO] [1790453852.050210109, 1790452892.354293480]: rtabmap (831): Rate=1.00s, Limit=0.000s, Conversion=0.0013s, RTAB-Map=0.7631s, Maps update=0.0011s pub=0.0001s (local map=543, WM=543)[0m
[0m[ INFO] [1790453853.062671073, 1790452893.367248913]: rtabmap (832): Rate=1.00s, Limit=0.000s, Conversion=0.0010s, RTAB-Map=0.7881s, Maps update=0.0010s pub=0.0001s (local map=543, WM=543)[0m
[0m[ INFO] [1790453854.180615433, 1790452894.491616878]: rtabmap (833): Rate=1.00s, Limit=0.000s, Conversion=0.0016s, RTAB-Map=0.8109s, Maps update=0.0013s pub=0.0001s (local map=543, WM=543)[0m
[0m[ INFO] [1790453855.145995245, 1790452895.454727488]: rtabmap (834): Rate=1.00s, Limit=0.000s, Conversion=0.0012s, RTAB-Map=0.7779s, Maps update=0.0009s pub=0.0001s (local map=543, WM=543)[0m
[0m[ INFO] [1790453856.208616015, 1790452896.512110997]: rtabmap (835): Rate=1.00s, Limit=0.000s, Conversion=0.0011s, RTAB-Map=0.8348s, Maps update=0.0013s pub=0.0001s (local map=543, WM=543)[0m
[0m[ INFO] [1790453857.286560955, 1790452897.596754362]: rtabmap (836): Rate=1.00s, Limit=0.000s, Conversion=0.0009s, RTAB-Map=0.8164s, Maps update=0.0010s pub=0.0001s (local map=543, WM=543)[0m
[0m[ INFO] [1790453858.273756844, 1790452898.585905692]: rtabmap (837): Rate=1.00s, Limit=0.000s, Conversion=0.0012s, RTAB-Map=0.7694s, Maps update=0.0009s pub=0.0001s (local map=543, WM=543)[0m
[0m[ INFO] [1790453859.356906130, 1790452899.666486380]: rtabmap (838): Rate=1.00s, Limit=0.000s, Conversion=0.0012s, RTAB-Map=0.7897s, Maps update=0.0009s pub=0.0001s (local map=543, WM=543)[0m
[0m[ INFO] [1790453860.369707979, 1790452900.676710927]: rtabmap (839): Rate=1.00s, Limit=0.000s, Conversion=0.0011s, RTAB-Map=0.7964s, Maps update=0.0009s pub=0.0001s (local map=543, WM=543)[0m
[0m[ INFO] [1790453861.471076219, 1790452901.777901853]: rtabmap (840): Rate=1.00s, Limit=0.000s, Conversion=0.0013s, RTAB-Map=0.7948s, Maps update=0.0009s pub=0.0001s (local map=543, WM=543)[0m
[0m[ INFO] [1790453862.517415103, 1790452902.826497141]: rtabmap (841): Rate=1.00s, Limit=0.000s, Conversion=0.0010s, RTAB-Map=0.7508s, Maps update=0.0008s pub=0.0001s (local map=543, WM=543)[0m
[0m[ INFO] [1790453863.572225330, 1790452903.875530007]: rtabmap (842): Rate=1.00s, Limit=0.000s, Conversion=0.0015s, RTAB-Map=0.7955s, Maps update=0.0010s pub=0.0001s (local map=543, WM=543)[0m
[0m[ INFO] [1790453864.534881115, 1790452904.846530823]: rtabmap (843): Rate=1.00s, Limit=0.000s, Conversion=0.0012s, RTAB-Map=0.7626s, Maps update=0.0008s pub=0.0001s (local map=543, WM=543)[0m
[0m[ INFO] [1790453865.683785503, 1790452905.988257005]: rtabmap (844): Rate=1.00s, Limit=0.000s, Conversion=0.0014s, RTAB-Map=0.8071s, Maps update=0.0011s pub=0.0001s (local map=543, WM=543)[0m
[0m[ INFO] [1790453866.793489277, 1790452907.099803802]: rtabmap (845): Rate=1.00s, Limit=0.000s, Conversion=0.0015s, RTAB-Map=0.8148s, Maps update=0.0009s pub=0.0001s (local map=543, WM=543)[0m
[0m[ INFO] [1790453867.904474861, 1790452908.211756659]: rtabmap (846): Rate=1.00s, Limit=0.000s, Conversion=0.0012s, RTAB-Map=0.8187s, Maps update=0.0008s pub=0.0001s (local map=543, WM=543)[0m
[0m[ INFO] [1790453869.003898595, 1790452909.314232835]: rtabmap (847): Rate=1.00s, Limit=0.000s, Conversion=0.0015s, RTAB-Map=0.8296s, Maps update=0.0009s pub=0.0001s (local map=543, WM=543)[0m
[0m[ INFO] [1790453870.061166392, 1790452910.363041519]: rtabmap (848): Rate=1.00s, Limit=0.000s, Conversion=0.0010s, RTAB-Map=0.7862s, Maps update=0.0012s pub=0.0001s (local map=543, WM=543)[0m
[0m[ INFO] [1790453871.067836195, 1790452911.374704837]: rtabmap (849): Rate=1.00s, Limit=0.000s, Conversion=0.0014s, RTAB-Map=0.7998s, Maps update=0.0014s pub=0.0001s (local map=543, WM=543)[0m
[0m[ INFO] [1790453872.037404310, 1790452912.346466091]: rtabmap (850): Rate=1.00s, Limit=0.000s, Conversion=0.0010s, RTAB-Map=0.7626s, Maps update=0.0008s pub=0.0001s (local map=543, WM=543)[0m
[0m[ INFO] [1790453873.126028045, 1790452913.436521678]: rtabmap (851): Rate=1.00s, Limit=0.000s, Conversion=0.0014s, RTAB-Map=0.8286s, Maps update=0.0009s pub=0.0001s (local map=543, WM=543)[0m
[0m[ INFO] [1790453874.116760162, 1790452914.426668927]: rtabmap (852): Rate=1.00s, Limit=0.000s, Conversion=0.0009s, RTAB-Map=0.7518s, Maps update=0.0008s pub=0.0001s (local map=543, WM=543)[0m
[0m[ INFO] [1790453875.365082372, 1790452915.669141678]: rtabmap (853): Rate=1.00s, Limit=0.000s, Conversion=0.0014s, RTAB-Map=0.8917s, Maps update=0.0012s pub=0.0001s (local map=543, WM=543)[0m
[0m[ INFO] [1790453876.263139787, 1790452916.566113355]: rtabmap (854): Rate=1.00s, Limit=0.000s, Conversion=0.0010s, RTAB-Map=0.7868s, Maps update=0.0010s pub=0.0001s (local map=543, WM=543)[0m
[0m[ INFO] [1790453877.472617135, 1790452917.777307326]: rtabmap (855): Rate=1.00s, Limit=0.000s, Conversion=0.0010s, RTAB-Map=0.8975s, Maps update=0.0013s pub=0.0001s (local map=543, WM=543)[0m
[0m[ INFO] [1790453878.325139546, 1790452918.631936476]: rtabmap (856): Rate=1.00s, Limit=0.000s, Conversion=0.0010s, RTAB-Map=0.7682s, Maps update=0.0008s pub=0.0001s (local map=543, WM=543)[0m
[0m[ INFO] [1790453879.438196815, 1790452919.744888592]: rtabmap (857): Rate=1.00s, Limit=0.000s, Conversion=0.0009s, RTAB-Map=0.7661s, Maps update=0.0010s pub=0.0001s (local map=543, WM=543)[0m
[0m[ INFO] [1790453880.442416865, 1790452920.752367518]: rtabmap (858): Rate=1.00s, Limit=0.000s, Conversion=0.0009s, RTAB-Map=0.7687s, Maps update=0.0010s pub=0.0001s (local map=543, WM=543)[0m
[0m[ INFO] [1790453881.548594986, 1790452921.854292930]: rtabmap (859): Rate=1.00s, Limit=0.000s, Conversion=0.0009s, RTAB-Map=0.7791s, Maps update=0.0012s pub=0.0001s (local map=543, WM=543)[0m
[0m[ INFO] [1790453882.594093422, 1790452922.905161300]: rtabmap (860): Rate=1.00s, Limit=0.000s, Conversion=0.0014s, RTAB-Map=0.8171s, Maps update=0.0011s pub=0.0001s (local map=543, WM=543)[0m
[0m[ INFO] [1790453883.616788820, 1790452923.925653255]: rtabmap (861): Rate=1.00s, Limit=0.000s, Conversion=0.0010s, RTAB-Map=0.7530s, Maps update=0.0007s pub=0.0001s (local map=543, WM=543)[0m
[0m[ INFO] [1790453884.696993426, 1790452925.002484679]: rtabmap (862): Rate=1.00s, Limit=0.000s, Conversion=0.0016s, RTAB-Map=0.8194s, Maps update=0.0008s pub=0.0001s (local map=543, WM=543)[0m
[0m[ INFO] [1790453885.747944602, 1790452926.057543539]: rtabmap (863): Rate=1.00s, Limit=0.000s, Conversion=0.0013s, RTAB-Map=0.7758s, Maps update=0.0008s pub=0.0001s (local map=543, WM=543)[0m
[0m[ INFO] [1790453886.759772917, 1790452927.064709542]: rtabmap (864): Rate=1.00s, Limit=0.000s, Conversion=0.0014s, RTAB-Map=0.7861s, Maps update=0.0010s pub=0.0001s (local map=543, WM=543)[0m
[0m[ INFO] [1790453887.869078885, 1790452928.174310168]: rtabmap (865): Rate=1.00s, Limit=0.000s, Conversion=0.0013s, RTAB-Map=0.8059s, Maps update=0.0010s pub=0.0001s (local map=543, WM=543)[0m
[0m[ INFO] [1790453888.825007977, 1790452929.132092781]: rtabmap (866): Rate=1.00s, Limit=0.000s, Conversion=0.0010s, RTAB-Map=0.7552s, Maps update=0.0009s pub=0.0001s (local map=543, WM=543)[0m
[0m[ INFO] [1790453890.095832738, 1790452930.406151713]: rtabmap (867): Rate=1.00s, Limit=0.000s, Conversion=0.0014s, RTAB-Map=0.9228s, Maps update=0.0011s pub=0.0001s (local map=543, WM=543)[0m
[0m[ INFO] [1790453891.057499717, 1790452931.366550137]: rtabmap (868): Rate=1.00s, Limit=0.000s, Conversion=0.0016s, RTAB-Map=0.7607s, Maps update=0.0008s pub=0.0001s (local map=543, WM=543)[0m
[0m[ INFO] [1790453892.236540977, 1790452932.539848020]: rtabmap (869): Rate=1.00s, Limit=0.000s, Conversion=0.0021s, RTAB-Map=0.8586s, Maps update=0.0011s pub=0.0001s (local map=543, WM=543)[0m
[0m[ INFO] [1790453893.177713199, 1790452933.487294216]: rtabmap (870): Rate=1.00s, Limit=0.000s, Conversion=0.0011s, RTAB-Map=0.8014s, Maps update=0.0010s pub=0.0001s (local map=543, WM=543)[0m
[0m[ INFO] [1790453894.355623073, 1790452934.668038387]: rtabmap (871): Rate=1.00s, Limit=0.000s, Conversion=0.0014s, RTAB-Map=0.8781s, Maps update=0.0012s pub=0.0001s (local map=543, WM=543)[0m
[0m[ INFO] [1790453895.268493012, 1790452935.575937050]: rtabmap (872): Rate=1.00s, Limit=0.000s, Conversion=0.0010s, RTAB-Map=0.8019s, Maps update=0.0011s pub=0.0001s (local map=543, WM=543)[0m
[0m[ INFO] [1790453896.371016611, 1790452936.677406784]: rtabmap (873): Rate=1.00s, Limit=0.000s, Conversion=0.0011s, RTAB-Map=0.8863s, Maps update=0.0011s pub=0.0001s (local map=543, WM=543)[0m
[0m[ INFO] [1790453897.368644582, 1790452937.674522494]: rtabmap (874): Rate=1.00s, Limit=0.000s, Conversion=0.0010s, RTAB-Map=0.7946s, Maps update=0.0010s pub=0.0001s (local map=543, WM=543)[0m
[0m[ INFO] [1790453898.361699783, 1790452938.665472973]: rtabmap (875): Rate=1.00s, Limit=0.000s, Conversion=0.0010s, RTAB-Map=0.7841s, Maps update=0.0012s pub=0.0001s (local map=543, WM=543)[0m
[0m[ INFO] [1790453899.451501596, 1790452939.760700113]: rtabmap (876): Rate=1.00s, Limit=0.000s, Conversion=0.0011s, RTAB-Map=0.7776s, Maps update=0.0010s pub=0.0001s (local map=543, WM=543)[0m
[0m[ INFO] [1790453900.557652711, 1790452940.863857570]: rtabmap (877): Rate=1.00s, Limit=0.000s, Conversion=0.0015s, RTAB-Map=0.7809s, Maps update=0.0011s pub=0.0001s (local map=543, WM=543)[0m
[0m[ INFO] [1790453901.665313894, 1790452941.970832379]: rtabmap (878): Rate=1.00s, Limit=0.000s, Conversion=0.0011s, RTAB-Map=0.7859s, Maps update=0.0011s pub=0.0001s (local map=543, WM=543)[0m
[0m[ INFO] [1790453902.652274892, 1790452942.205152159]: rtabmap (879): Rate=1.00s, Limit=0.000s, Conversion=0.0011s, RTAB-Map=0.7710s, Maps update=0.0011s pub=0.0001s (local map=543, WM=543)[0m
rtabmap: Saving database/long-term memory... (located at /media/administrator/USB Drive/slam_series2/s2_static_08/rtab_helios.db)
rtabmap: Saving database/long-term memory...done! (located at /media/administrator/USB Drive/slam_series2/s2_static_08/rtab_helios.db, 469 MB)
[33m[ WARN] [1790453915.268210336, 1790452942.205152159]: Shutdown request received.[0m
[33m[ WARN] [1790453915.268347713, 1790452942.205152159]: Reason given for shutdown: [user request][0m
[33m[ WARN] [1790453915.386204179, 1790452942.205152159]: Shutdown request received.[0m
[33m[ WARN] [1790453915.388716553, 1790452942.205152159]: Reason given for shutdown: [user request][0m
Filtering applied to all links.[0m
[0m[ INFO] [1790452958.375488613]: RobotBodyFilter: Found parameter: frames/output, value: rslidar[0m
[0m[ INFO] [1790452958.375520358]: RobotBodyFilter: Parameter cloud/point_channels not defined, assigning default: ["vp_"][0m
[0m[ INFO] [1790452958.375539078]: RobotBodyFilter: Parameter cloud/direction_channels not defined, assigning default: ["normal_"][0m
[0m[ INFO] [1790452958.375672808]: Configured filter chain of type sensor_msgs/PointCloud2 from namespace /helios_body_filter/cloud_filter_chain[0m
[0m[ INFO] [1790452975.180633225, 1790452015.486012307]: RobotBodyFilter: Transforming cloud from frame rslidar to base_link[0m
[0m[ INFO] [1790452975.249031786, 1790452015.556609362]: RobotBodyFilter: Transforming cloud from frame base_link to rslidar[0m
[INFO] [1790452958.021820, 0.000000]: box_crop: cutting base_link box min=[-0.2  -0.35  0.41] max=[ 0.14 -0.13  0.7 ]
[INFO] [1790452975.260214, 1790452015.566791]: box_crop: box in cloud frame rslidar: min=[-0.208 -0.35  -0.434] max=[ 0.132 -0.13  -0.144]
shutdown request: user request
shutdown request: user request
[1m[37mRoboSense-LiDAR-Driver is stopping.....[0m
terminate called after throwing an instance of 'std::system_error'
  what():  Invalid argument
... logging to /home/administrator/.ros/log/340717b6-b9e5-11f1-892a-48b02de646a8/roslaunch-cpr-a200-0985-19320.log
Checking log directory for disk usage. This may take a while.
Press Ctrl-C to interrupt
Done checking log file disk usage. Usage is <1GB.
]2;/home/administrator/catkin_ws/src/matt_self_navigation/launch/3dreplay_pipeline.launch
[1mstarted roslaunch server http://cpr-a200-0985:46437/[0m

SUMMARY
========

PARAMETERS
 * /helios_body_filter/cloud_filter_chain: [{'name': 'RobotB...
 * /helios_box_crop/box_frame: base_link
 * /helios_box_crop/max_x: 0.14
 * /helios_box_crop/max_y: -0.13
 * /helios_box_crop/max_z: 0.7
 * /helios_box_crop/min_x: -0.2
 * /helios_box_crop/min_y: -0.35
 * /helios_box_crop/min_z: 0.41
 * /helios_driver/config_path: /home/administrat...
 * /robot_description: <?xml version="1....
 * /rosdistro: noetic
 * /rosversion: 1.17.0
 * /rtabmap/rtabmap/Grid/CellSize: 0.02
 * /rtabmap/rtabmap/Grid/ClusterRadius: 1
 * /rtabmap/rtabmap/Grid/GroundIsObstacle: true
 * /rtabmap/rtabmap/Grid/RangeMax: 20
 * /rtabmap/rtabmap/Icp/CorrespondenceRatio: 0.4
 * /rtabmap/rtabmap/Icp/Epsilon: 0.001
 * /rtabmap/rtabmap/Icp/Iterations: 10
 * /rtabmap/rtabmap/Icp/MaxCorrespondenceDistance: 1
 * /rtabmap/rtabmap/Icp/MaxTranslation: 3
 * /rtabmap/rtabmap/Icp/PM: true
 * /rtabmap/rtabmap/Icp/PMOutlierRatio: 0.7
 * /rtabmap/rtabmap/Icp/PointToPlane: false
 * /rtabmap/rtabmap/Icp/PointToPlaneK: 20
 * /rtabmap/rtabmap/Icp/PointToPlaneRadius: 0
 * /rtabmap/rtabmap/Icp/VoxelSize: 0.3
 * /rtabmap/rtabmap/Mem/NotLinkedNodesKept: false
 * /rtabmap/rtabmap/Mem/STMSize: 30
 * /rtabmap/rtabmap/Optimizer/GravitySigma: 0.3
 * /rtabmap/rtabmap/RGBD/AngularUpdate: 0.05
 * /rtabmap/rtabmap/RGBD/LinearUpdate: 0.05
 * /rtabmap/rtabmap/RGBD/NeighborLinkRefining: false
 * /rtabmap/rtabmap/RGBD/ProximityBySpace: true
 * /rtabmap/rtabmap/RGBD/ProximityMaxGraphDepth: 0
 * /rtabmap/rtabmap/RGBD/ProximityPathMaxNeighbors: 1
 * /rtabmap/rtabmap/Reg/Strategy: 1
 * /rtabmap/rtabmap/Rtabmap/DetectionRate: 1
 * /rtabmap/rtabmap/approx_sync: True
 * /rtabmap/rtabmap/database_path: /media/administra...
 * /rtabmap/rtabmap/frame_id: base_link
 * /rtabmap/rtabmap/subscribe_depth: False
 * /rtabmap/rtabmap/subscribe_rgb: False
 * /rtabmap/rtabmap/subscribe_scan_cloud: True

NODES
  /
    helios_body_filter (sensor_filters/pointcloud2_filter_chain)
    helios_box_crop (self_navigation/box_crop.py)
    helios_driver (rslidar_sdk/rslidar_sdk_node)
    helios_restamp (self_navigation/helios_restamp.py)
  /rtabmap/
    rtabmap (rtabmap_slam/rtabmap)

[1mROS_MASTER_URI=http://localhost:11312[0m
]2;/home/administrator/catkin_ws/src/matt_self_navigation/launch/3dreplay_pipeline.launch http://localhost:11312
[1mprocess[helios_driver-1]: started with pid [19376][0m
[1mprocess[helios_restamp-2]: started with pid [19377][0m
[1mprocess[helios_body_filter-3]: started with pid [19378][0m
[1mprocess[helios_box_crop-4]: started with pid [19385][0m
[1mprocess[rtabmap/rtabmap-5]: started with pid [19389][0m
[1m[rtabmap/rtabmap-5] process has finished cleanly
log file: /home/administrator/.ros/log/340717b6-b9e5-11f1-892a-48b02de646a8/rtabmap-rtabmap-5*.log[0m
[1m[helios_body_filter-3] process has finished cleanly
log file: /home/administrator/.ros/log/340717b6-b9e5-11f1-892a-48b02de646a8/helios_body_filter-3*.log[0m
[helios_box_crop-4] killing on exit
[helios_restamp-2] killing on exit
[helios_driver-1] killing on exit
shutting down processing monitor...
... shutting down processing monitor complete
[1mdone[0m
