t,vx,wz,state,goal
0.044,0.000,0.000,stop,-1
0.094,0.000,0.000,stop,-1
0.144,0.000,0.000,stop,-1
0.194,0.000,0.000,stop,-1
0.244,0.000,0.000,stop,-1
0.294,0.000,0.000,stop,-1
0.348,0.000,0.000,base_link,0
0.394,0.000,0.000,base_link,0
0.444,0.100,0.001,base_link,0
0.495,0.100,0.001,base_link,0
0.551,0.100,0.013,base_link,0
0.595,0.100,0.013,base_link,0
0.645,0.100,0.015,base_link,0
0.695,0.100,0.015,base_link,0
0.745,0.097,0.012,base_link,0
0.794,0.097,0.012,base_link,0
0.844,0.148,0.000,base_link,0
0.894,0.148,0.000,base_link,0
0.945,0.187,-0.000,base_link,0
0.994,0.187,-0.000,base_link,0
1.045,0.191,-0.003,base_link,0
1.094,0.191,-0.003,base_link,0
1.144,0.204,0.000,base_link,0
1.194,0.204,0.000,base_link,0
1.245,0.222,0.000,base_link,0
1.294,0.222,0.000,base_link,0
1.345,0.269,0.000,base_link,0
1.394,0.269,0.000,base_link,0
1.445,0.300,0.000,base_link,0
1.494,0.300,0.000,base_link,0
1.545,0.300,-0.002,base_link,0
1.594,0.300,-0.002,base_link,0
1.644,0.300,0.000,base_link,0
1.694,0.300,0.000,base_link,0
1.745,0.300,0.000,base_link,0
1.795,0.300,0.000,base_link,0
1.844,0.300,0.000,base_link,0
1.894,0.300,0.000,base_link,0
1.944,0.300,0.000,base_link,0
1.998,0.300,0.000,base_link,0
2.045,0.289,-0.005,base_link,0
2.094,0.289,-0.005,base_link,0
2.144,0.300,-0.042,base_link,0
2.194,0.300,-0.042,base_link,0
2.244,0.300,-0.040,base_link,0
2.294,0.300,-0.040,base_link,0
2.344,0.300,-0.033,base_link,0
2.394,0.300,-0.033,base_link,0
2.445,0.300,-0.034,base_link,0
2.494,0.300,-0.034,base_link,0
2.545,0.300,-0.032,base_link,0
2.594,0.300,-0.032,base_link,0
2.644,0.300,-0.029,base_link,0
2.695,0.300,-0.029,base_link,0
2.745,0.300,-0.029,base_link,0
2.794,0.300,-0.029,base_link,0
2.844,0.300,-0.035,base_link,0
2.894,0.300,-0.035,base_link,0
2.945,0.300,-0.035,base_link,0
2.995,0.300,-0.035,base_link,0
3.044,0.300,-0.024,base_link,0
3.094,0.300,-0.024,base_link,0
3.144,0.300,-0.032,base_link,0
3.194,0.300,-0.032,base_link,0
3.244,0.300,-0.024,base_link,0
3.294,0.300,-0.024,base_link,0
3.345,0.300,-0.019,base_link,0
3.395,0.300,-0.019,base_link,0
3.444,0.300,-0.012,base_link,0
3.494,0.300,-0.012,base_link,0
3.545,0.300,-0.019,base_link,0
3.594,0.300,-0.019,base_link,0
3.644,0.300,-0.017,base_link,0
3.698,0.300,-0.017,base_link,0
3.745,0.300,-0.007,base_link,0
3.794,0.300,-0.007,base_link,0
3.845,0.289,-0.011,base_link,0
3.894,0.289,-0.011,base_link,0
3.945,0.300,0.034,base_link,0
3.995,0.300,0.034,base_link,0
4.044,0.300,0.034,base_link,0
4.095,0.300,0.034,base_link,0
4.145,0.300,0.031,base_link,0
4.194,0.300,0.031,base_link,0
4.245,0.300,0.039,base_link,0
4.294,0.300,0.039,base_link,0
4.344,0.289,0.036,base_link,0
4.395,0.289,0.036,base_link,0
4.444,0.300,0.056,base_link,0
4.495,0.300,0.056,base_link,0
4.545,0.300,0.052,base_link,0
4.594,0.300,0.052,base_link,0
4.645,0.300,0.046,base_link,0
4.694,0.290,0.046,base_link,0
4.745,0.290,0.047,base_link,0
4.794,0.290,0.047,base_link,0
4.845,0.281,0.050,base_link,0
4.895,0.281,0.050,base_link,0
4.944,0.281,0.040,base_link,0
4.994,0.276,0.040,base_link,0
5.048,0.276,0.028,base_link,0
5.095,0.300,0.028,base_link,0
5.145,0.300,0.037,base_link,0
5.195,0.300,0.037,base_link,0
5.244,0.300,0.037,base_link,0
5.294,0.300,0.037,base_link,0
5.349,0.300,0.032,base_link,0
5.395,0.300,0.032,base_link,0
5.444,0.300,0.019,base_link,0
5.494,0.300,0.019,base_link,0
5.544,0.300,0.022,base_link,0
5.594,0.300,0.022,base_link,0
5.644,0.300,0.020,base_link,0
5.695,0.300,0.020,base_link,0
5.745,0.300,0.005,base_link,0
5.794,0.300,0.005,base_link,0
5.846,0.300,0.013,base_link,0
5.894,0.300,0.013,base_link,0
5.945,0.300,0.000,base_link,0
5.994,0.300,0.000,base_link,0
6.045,0.300,-0.004,base_link,0
6.094,0.300,-0.004,base_link,0
6.147,0.300,0.000,base_link,0
6.195,0.300,0.000,base_link,0
6.245,0.300,-0.012,base_link,0
6.294,0.300,-0.012,base_link,0
6.344,0.300,-0.006,base_link,0
6.394,0.300,-0.006,base_link,0
6.445,0.300,-0.007,base_link,0
6.494,0.300,-0.007,base_link,0
6.545,0.300,-0.004,base_link,0
6.594,0.300,-0.004,base_link,0
6.644,0.300,-0.013,base_link,0
6.695,0.300,-0.013,base_link,0
6.744,0.300,-0.002,base_link,0
6.794,0.300,-0.002,base_link,0
6.844,0.300,-0.004,base_link,0
6.894,0.300,-0.004,base_link,0
6.945,0.300,-0.012,base_link,0
6.995,0.300,-0.012,base_link,0
7.044,0.300,-0.017,base_link,0
7.094,0.300,-0.017,base_link,0
7.144,0.300,-0.009,base_link,0
7.194,0.300,-0.009,base_link,0
7.245,0.300,-0.003,base_link,0
7.294,0.300,-0.003,base_link,0
7.345,0.300,-0.005,base_link,0
7.395,0.300,-0.005,base_link,0
7.444,0.300,-0.018,base_link,0
7.494,0.300,-0.018,base_link,0
7.544,0.300,-0.010,base_link,0
7.594,0.300,-0.010,base_link,0
7.644,0.300,-0.009,base_link,0
7.694,0.300,-0.009,base_link,0
7.744,0.300,-0.013,base_link,0
7.794,0.300,-0.013,base_link,0
7.844,0.300,-0.017,base_link,0
7.894,0.300,-0.017,base_link,0
7.944,0.300,-0.006,base_link,0
7.994,0.300,-0.006,base_link,0
8.044,0.300,-0.006,base_link,0
8.094,0.300,-0.006,base_link,0
8.144,0.300,-0.010,base_link,0
8.194,0.300,-0.010,base_link,0
8.245,0.300,-0.004,base_link,0
8.294,0.300,-0.004,base_link,0
8.344,0.300,-0.004,base_link,0
8.395,0.300,-0.004,base_link,0
8.445,0.300,-0.006,base_link,0
8.494,0.300,-0.006,base_link,0
8.544,0.300,-0.012,base_link,0
8.594,0.300,-0.012,base_link,0
8.644,0.300,-0.007,base_link,0
8.694,0.300,-0.007,base_link,0
8.744,0.300,-0.014,base_link,0
8.795,0.300,-0.014,base_link,0
8.844,0.300,-0.015,base_link,0
8.894,0.300,-0.015,base_link,0
8.945,0.300,-0.011,base_link,0
8.994,0.300,-0.011,base_link,0
9.044,0.300,-0.003,base_link,0
9.097,0.300,-0.003,base_link,0
9.145,0.300,-0.009,base_link,0
9.194,0.300,-0.009,base_link,0
9.245,0.300,-0.006,base_link,0
9.294,0.300,-0.006,base_link,0
9.344,0.300,-0.014,base_link,0
9.394,0.300,-0.014,base_link,0
9.444,0.300,-0.011,base_link,0
9.494,0.300,-0.011,base_link,0
9.544,0.300,-0.007,base_link,0
9.594,0.300,-0.007,base_link,0
9.645,0.300,-0.002,base_link,0
9.695,0.300,-0.002,base_link,0
9.744,0.300,-0.012,base_link,0
9.794,0.300,-0.012,base_link,0
9.845,0.300,0.040,base_link,0
9.895,0.300,0.040,base_link,0
9.945,0.185,-0.012,base_link,0
9.994,0.185,-0.012,base_link,0
10.044,0.116,-0.010,base_link,0
10.094,0.116,-0.010,base_link,0
10.144,0.094,-0.018,base_link,0
10.194,0.094,-0.018,base_link,0
10.248,0.100,-0.012,base_link,0
10.294,0.100,-0.012,base_link,0
10.344,0.099,-0.012,base_link,0
10.394,0.099,-0.012,base_link,0
10.445,0.099,-0.013,base_link,0
10.494,0.099,-0.013,base_link,0
10.545,0.098,-0.015,base_link,0
10.595,0.098,-0.015,base_link,0
10.645,0.098,-0.016,base_link,0
10.694,0.098,-0.016,base_link,0
10.744,0.096,-0.013,base_link,0
10.794,0.096,-0.013,base_link,0
10.845,0.098,-0.017,base_link,0
10.894,0.098,-0.017,base_link,0
10.944,0.098,-0.014,base_link,0
10.995,0.098,-0.014,base_link,0
11.045,0.097,-0.016,base_link,0
11.095,0.097,-0.016,base_link,0
11.144,0.098,-0.014,base_link,0
11.194,0.098,-0.014,base_link,0
11.244,0.100,-0.015,base_link,0
11.295,0.100,-0.015,base_link,0
11.345,0.098,-0.016,base_link,0
11.395,0.098,-0.016,base_link,0
11.444,0.100,-0.015,base_link,0
11.494,0.100,-0.015,base_link,0
11.545,0.098,-0.014,base_link,0
11.594,0.098,-0.014,base_link,0
11.645,0.098,-0.015,base_link,0
11.694,0.098,-0.015,base_link,0
11.745,0.098,-0.013,base_link,0
11.794,0.098,-0.013,base_link,0
11.844,0.098,-0.012,base_link,0
11.894,0.098,-0.012,base_link,0
11.944,0.100,-0.016,base_link,0
11.994,0.100,-0.016,base_link,0
12.044,0.099,-0.014,base_link,0
12.095,0.099,-0.014,base_link,0
12.145,0.100,-0.015,base_link,0
12.194,0.100,-0.015,base_link,0
12.244,0.098,-0.014,base_link,0
12.295,0.098,-0.014,base_link,0
12.345,0.100,-0.014,base_link,0
12.394,0.100,-0.014,base_link,0
12.445,0.100,-0.014,base_link,0
12.494,0.100,-0.014,base_link,0
12.546,0.100,-0.016,base_link,0
12.594,0.100,-0.016,base_link,0
12.644,0.100,-0.015,base_link,0
12.694,0.100,-0.015,base_link,0
12.744,0.099,-0.014,base_link,0
12.794,0.099,-0.014,base_link,0
12.844,0.099,-0.014,base_link,0
12.894,0.099,-0.014,base_link,0
12.944,0.099,-0.015,base_link,0
12.994,0.099,-0.015,base_link,0
13.045,0.099,-0.015,base_link,0
13.094,0.099,-0.015,base_link,0
13.145,0.099,-0.015,base_link,0
13.194,0.099,-0.015,base_link,0
13.244,0.099,-0.018,base_link,0
13.294,0.099,-0.018,base_link,0
13.345,0.099,-0.015,base_link,0
13.394,0.099,-0.015,base_link,0
13.445,0.099,-0.017,base_link,0
13.494,0.099,-0.017,base_link,0
13.545,0.100,-0.015,base_link,0
13.594,0.100,-0.015,base_link,0
13.644,0.099,-0.015,base_link,0
13.694,0.099,-0.015,base_link,0
13.745,0.099,-0.016,base_link,0
13.795,0.099,-0.016,base_link,0
13.845,0.099,-0.015,base_link,0
13.894,0.099,-0.015,base_link,0
13.944,0.099,-0.015,base_link,0
13.994,0.099,-0.015,base_link,0
14.044,0.099,-0.015,base_link,0
14.094,0.099,-0.015,base_link,0
14.145,0.100,-0.015,base_link,0
14.195,0.100,-0.015,base_link,0
14.244,0.100,-0.016,base_link,0
14.294,0.100,-0.016,base_link,0
14.344,0.099,-0.016,base_link,0
14.395,0.099,-0.016,base_link,0
14.445,0.100,-0.015,base_link,0
14.495,0.100,-0.015,base_link,0
14.545,0.100,-0.015,base_link,0
14.595,0.100,-0.015,base_link,0
14.644,0.100,-0.015,base_link,0
14.694,0.100,-0.015,base_link,0
14.744,0.100,-0.015,base_link,0
14.794,0.100,-0.015,base_link,0
14.844,0.100,-0.014,base_link,0
14.894,0.100,-0.014,base_link,0
14.944,0.100,-0.015,base_link,0
14.996,0.100,-0.015,base_link,0
15.045,0.100,-0.017,base_link,0
15.094,0.100,-0.017,base_link,0
15.146,0.100,-0.016,base_link,0
15.194,0.100,-0.016,base_link,0
15.245,0.100,-0.016,base_link,0
15.294,0.100,-0.016,base_link,0
15.345,0.100,-0.017,base_link,0
15.394,0.100,-0.017,base_link,0
15.445,0.100,-0.015,base_link,0
15.494,0.100,-0.015,base_link,0
15.544,0.100,-0.015,base_link,0
15.595,0.100,-0.015,base_link,0
15.644,0.100,-0.019,base_link,0
15.694,0.100,-0.019,base_link,0
15.745,0.100,-0.015,base_link,0
15.795,0.100,-0.015,base_link,0
15.845,0.100,-0.015,base_link,0
15.895,0.100,-0.015,base_link,0
15.945,0.100,-0.015,base_link,0
15.995,0.100,-0.015,base_link,0
16.045,0.100,-0.015,base_link,0
16.095,0.100,-0.015,base_link,0
16.145,0.100,-0.015,base_link,0
16.194,0.100,-0.015,base_link,0
16.245,0.100,-0.014,base_link,0
16.294,0.100,-0.014,base_link,0
16.346,0.100,-0.016,base_link,0
16.395,0.100,-0.016,base_link,0
16.444,0.100,-0.015,base_link,0
16.494,0.100,-0.015,base_link,0
16.545,0.100,-0.014,base_link,0
16.594,0.100,-0.014,base_link,0
16.644,0.100,-0.014,base_link,0
16.694,0.100,-0.014,base_link,0
16.744,0.100,-0.015,base_link,0
16.795,0.100,-0.015,base_link,0
16.845,0.100,-0.016,base_link,0
16.894,0.100,-0.016,base_link,0
16.944,0.100,-0.016,base_link,0
16.994,0.100,-0.016,base_link,0
17.044,0.100,-0.014,base_link,0
17.094,0.100,-0.014,base_link,0
17.144,0.100,-0.014,base_link,0
17.194,0.100,-0.014,base_link,0
17.245,0.100,-0.014,base_link,0
17.294,0.100,-0.014,base_link,0
17.344,0.100,-0.015,base_link,0
17.395,0.100,-0.015,base_link,0
17.444,0.100,-0.016,base_link,0
17.494,0.100,-0.016,base_link,0
17.544,0.100,-0.015,base_link,0
17.594,0.100,-0.015,base_link,0
17.644,0.100,-0.015,base_link,0
17.694,0.100,-0.015,base_link,0
17.744,0.100,-0.014,base_link,0
17.794,0.100,-0.014,base_link,0
17.845,0.100,-0.015,base_link,0
17.895,0.100,-0.015,base_link,0
17.944,0.100,-0.014,base_link,0
17.995,0.100,-0.014,base_link,0
18.045,0.100,-0.015,base_link,0
18.094,0.100,-0.015,base_link,0
18.145,0.100,-0.015,base_link,0
18.194,0.100,-0.015,base_link,0
18.245,0.100,-0.015,base_link,0
18.294,0.100,-0.015,base_link,0
18.345,0.100,-0.015,base_link,0
18.394,0.100,-0.015,base_link,0
18.444,0.100,-0.014,base_link,0
18.494,0.100,-0.014,base_link,0
18.545,0.100,-0.014,base_link,0
18.594,0.100,-0.014,base_link,0
18.644,0.100,-0.014,base_link,0
18.694,0.100,-0.014,base_link,0
18.745,0.100,-0.016,base_link,0
18.794,0.100,-0.016,base_link,0
18.845,0.100,-0.015,base_link,0
18.894,0.100,-0.015,base_link,0
18.945,0.100,-0.016,base_link,0
18.994,0.100,-0.016,base_link,0
19.044,0.100,-0.014,base_link,0
19.094,0.100,-0.014,base_link,0
19.144,0.100,-0.015,base_link,0
19.194,0.100,-0.015,base_link,0
19.244,0.100,-0.018,base_link,0
19.294,0.100,-0.018,base_link,0
19.344,0.100,-0.016,base_link,0
19.394,0.100,-0.016,base_link,0
19.445,0.100,-0.015,base_link,0
19.494,0.100,-0.015,base_link,0
19.544,0.100,-0.016,base_link,0
19.594,0.100,-0.016,base_link,0
19.645,0.100,-0.014,base_link,0
19.694,0.100,-0.014,base_link,0
19.745,0.100,-0.016,base_link,0
19.794,0.100,-0.016,base_link,0
19.845,0.100,-0.015,base_link,0
19.894,0.100,-0.015,base_link,0
19.944,0.100,-0.015,base_link,0
19.994,0.100,-0.015,base_link,0
20.044,0.100,-0.015,base_link,0
20.094,0.100,-0.015,base_link,0
20.144,0.100,-0.015,base_link,0
20.194,0.100,-0.015,base_link,0
20.244,0.100,-0.015,base_link,0
20.294,0.100,-0.015,base_link,0
20.345,0.100,-0.015,base_link,0
20.394,0.100,-0.015,base_link,0
20.444,0.100,-0.015,base_link,0
20.494,0.100,-0.015,base_link,0
20.544,0.100,-0.015,base_link,0
20.595,0.100,-0.015,base_link,0
20.644,0.100,-0.016,base_link,0
20.694,0.100,-0.016,base_link,0
20.744,0.100,-0.013,base_link,0
20.794,0.100,-0.013,base_link,0
20.844,0.100,-0.014,base_link,0
20.895,0.100,-0.014,base_link,0
20.944,0.100,-0.016,base_link,0
20.994,0.100,-0.016,base_link,0
21.045,0.100,-0.016,base_link,0
21.095,0.100,-0.016,base_link,0
21.144,0.100,-0.015,base_link,0
21.194,0.100,-0.015,base_link,0
21.245,0.100,-0.015,base_link,0
21.294,0.100,-0.015,base_link,0
21.344,0.100,-0.015,base_link,0
21.394,0.100,-0.015,base_link,0
21.446,0.100,-0.014,base_link,0
21.494,0.100,-0.014,base_link,0
21.545,0.100,-0.017,base_link,0
21.595,0.100,-0.017,base_link,0
21.645,0.100,-0.015,base_link,0
21.694,0.100,-0.015,base_link,0
21.745,0.100,-0.015,base_link,0
21.794,0.100,-0.015,base_link,0
21.845,0.100,-0.014,base_link,0
21.894,0.100,-0.014,base_link,0
21.944,0.100,-0.015,base_link,0
21.995,0.100,-0.015,base_link,0
22.045,0.100,-0.015,base_link,0
22.094,0.100,-0.015,base_link,0
22.144,0.100,-0.016,base_link,0
22.194,0.100,-0.016,base_link,0
22.244,0.100,-0.015,base_link,0
22.294,0.100,-0.015,base_link,0
22.344,0.100,-0.014,base_link,0
22.395,0.100,-0.014,base_link,0
22.444,0.100,-0.015,base_link,0
22.494,0.100,-0.015,base_link,0
22.545,0.100,-0.015,base_link,0
22.594,0.100,-0.015,base_link,0
22.644,0.100,-0.015,base_link,0
22.694,0.100,-0.015,base_link,0
22.745,0.100,-0.016,base_link,0
22.794,0.100,-0.016,base_link,0
22.845,0.100,-0.017,base_link,0
22.894,0.100,-0.017,base_link,0
22.944,0.100,-0.016,base_link,0
22.995,0.100,-0.016,base_link,0
23.045,0.100,-0.016,base_link,0
23.095,0.100,-0.016,base_link,0
23.145,0.100,-0.016,base_link,0
23.194,0.100,-0.016,base_link,0
23.244,0.100,-0.014,base_link,0
23.295,0.100,-0.014,base_link,0
23.344,0.100,-0.014,base_link,0
23.394,0.100,-0.014,base_link,0
23.445,0.100,-0.016,base_link,0
23.494,0.100,-0.016,base_link,0
23.546,0.100,-0.016,base_link,0
23.594,0.100,-0.016,base_link,0
23.644,0.100,-0.016,base_link,0
23.694,0.100,-0.016,base_link,0
23.744,0.100,-0.014,base_link,0
23.794,0.100,-0.014,base_link,0
23.844,0.100,-0.015,base_link,0
23.894,0.100,-0.015,base_link,0
23.947,0.100,-0.016,base_link,0
23.994,0.100,-0.016,base_link,0
24.044,0.100,-0.015,base_link,0
24.094,0.100,-0.015,base_link,0
24.145,0.100,-0.015,base_link,0
24.194,0.100,-0.015,base_link,0
24.244,0.100,-0.015,base_link,0
24.295,0.100,-0.015,base_link,0
24.345,0.100,-0.015,base_link,0
24.394,0.100,-0.015,base_link,0
24.444,0.100,-0.013,base_link,0
24.494,0.100,-0.013,base_link,0
24.545,0.100,-0.014,base_link,0
24.594,0.100,-0.014,base_link,0
24.645,0.100,-0.015,base_link,0
24.694,0.100,-0.015,base_link,0
24.744,0.100,-0.016,base_link,0
24.794,0.100,-0.016,base_link,0
24.845,0.100,-0.015,base_link,0
24.894,0.100,-0.015,base_link,0
24.944,0.100,-0.015,base_link,0
24.994,0.100,-0.015,base_link,0
25.044,0.100,-0.014,base_link,0
25.094,0.100,-0.014,base_link,0
25.144,0.100,-0.015,base_link,0
25.194,0.100,-0.015,base_link,0
25.245,0.100,-0.015,base_link,0
25.297,0.100,-0.015,base_link,0
25.344,0.100,-0.013,base_link,0
25.394,0.100,-0.013,base_link,0
25.444,0.100,-0.014,base_link,0
25.494,0.100,-0.014,base_link,0
25.544,0.100,-0.015,base_link,0
25.594,0.100,-0.015,base_link,0
25.644,0.100,-0.016,base_link,0
25.694,0.100,-0.016,base_link,0
25.744,0.100,-0.015,base_link,0
25.794,0.100,-0.015,base_link,0
25.845,0.100,-0.016,base_link,0
25.894,0.100,-0.016,base_link,0
25.944,0.100,-0.015,base_link,0
25.994,0.100,-0.015,base_link,0
26.045,0.100,-0.014,base_link,0
26.094,0.100,-0.014,base_link,0
26.145,0.100,-0.015,base_link,0
26.194,0.100,-0.015,base_link,0
26.244,0.100,-0.015,base_link,0
26.295,0.100,-0.015,base_link,0
26.345,0.100,-0.015,base_link,0
26.394,0.100,-0.015,base_link,0
26.444,0.100,-0.015,base_link,0
26.494,0.100,-0.015,base_link,0
26.545,0.100,-0.015,base_link,0
26.594,0.100,-0.015,base_link,0
26.645,0.100,-0.014,base_link,0
26.695,0.100,-0.014,base_link,0
26.744,0.100,-0.017,base_link,0
26.794,0.100,-0.017,base_link,0
26.845,0.100,-0.015,base_link,0
26.894,0.100,-0.015,base_link,0
26.944,0.100,-0.015,base_link,0
26.994,0.100,-0.015,base_link,0
27.045,0.100,-0.015,base_link,0
27.094,0.100,-0.015,base_link,0
27.145,0.100,-0.015,base_link,0
27.194,0.100,-0.015,base_link,0
27.244,0.100,-0.015,base_link,0
27.296,0.100,-0.015,base_link,0
27.345,0.100,-0.014,base_link,0
27.394,0.100,-0.014,base_link,0
27.444,0.100,-0.017,base_link,0
27.494,0.100,-0.017,base_link,0
27.544,0.100,-0.016,base_link,0
27.594,0.100,-0.016,base_link,0
27.644,0.100,-0.014,base_link,0
27.694,0.100,-0.014,base_link,0
27.745,0.100,-0.016,base_link,0
27.794,0.100,-0.016,base_link,0
27.845,0.100,-0.014,base_link,0
27.895,0.100,-0.014,base_link,0
27.944,0.100,-0.014,base_link,0
27.995,0.100,-0.014,base_link,0
28.044,0.100,-0.016,base_link,0
28.095,0.100,-0.016,base_link,0
28.144,0.100,-0.016,base_link,0
28.194,0.100,-0.016,base_link,0
28.244,0.100,-0.015,base_link,0
28.296,0.100,-0.015,base_link,0
28.344,0.100,-0.014,base_link,0
28.394,0.100,-0.014,base_link,0
28.445,0.100,-0.015,base_link,0
28.495,0.100,-0.015,base_link,0
28.545,0.100,-0.015,base_link,0
28.594,0.100,-0.015,base_link,0
28.644,0.100,-0.014,base_link,0
28.694,0.100,-0.014,base_link,0
28.745,0.100,-0.015,base_link,0
28.795,0.100,-0.015,base_link,0
28.845,0.100,-0.015,base_link,0
28.894,0.100,-0.015,base_link,0
28.944,0.100,-0.015,base_link,0
28.994,0.100,-0.015,base_link,0
29.045,0.100,-0.015,base_link,0
29.094,0.100,-0.015,base_link,0
29.145,0.100,-0.016,base_link,0
29.194,0.100,-0.016,base_link,0
29.244,0.100,-0.016,base_link,0
29.294,0.100,-0.016,base_link,0
29.344,0.100,-0.015,base_link,0
29.394,0.100,-0.015,base_link,0
29.445,0.100,-0.015,base_link,0
29.495,0.100,-0.015,base_link,0
29.544,0.100,-0.015,base_link,0
29.594,0.100,-0.015,base_link,0
29.644,0.100,-0.014,base_link,0
29.694,0.100,-0.014,base_link,0
29.744,0.100,-0.014,base_link,0
29.795,0.100,-0.014,base_link,0
29.844,0.100,-0.015,base_link,0
29.894,0.100,-0.015,base_link,0
29.944,0.100,-0.015,base_link,0
29.994,0.100,-0.015,base_link,0
30.045,0.100,-0.016,base_link,0
30.094,0.100,-0.016,base_link,0
30.144,0.100,-0.016,base_link,0
30.194,0.100,-0.016,base_link,0
30.245,0.100,-0.014,base_link,0
30.294,0.100,-0.014,base_link,0
30.344,0.100,-0.015,base_link,0
30.394,0.100,-0.015,base_link,0
30.444,0.100,-0.016,base_link,0
30.494,0.100,-0.016,base_link,0
30.544,0.100,-0.016,base_link,0
30.595,0.100,-0.016,base_link,0
30.645,0.100,-0.015,base_link,0
30.694,0.100,-0.015,base_link,0
30.744,0.100,-0.014,base_link,0
30.794,0.100,-0.014,base_link,0
30.844,0.100,-0.015,base_link,0
30.894,0.100,-0.015,base_link,0
30.945,0.100,-0.015,base_link,0
30.994,0.100,-0.015,base_link,0
31.044,0.100,-0.015,base_link,0
31.094,0.100,-0.015,base_link,0
31.144,0.100,-0.014,base_link,0
31.195,0.100,-0.014,base_link,0
31.245,0.100,-0.016,base_link,0
31.294,0.100,-0.016,base_link,0
31.345,0.100,-0.014,base_link,0
31.394,0.100,-0.014,base_link,0
31.444,0.100,-0.015,base_link,0
31.495,0.100,-0.015,base_link,0
31.544,0.100,-0.015,base_link,0
31.594,0.100,-0.015,base_link,0
31.644,0.100,-0.016,base_link,0
31.695,0.100,-0.016,base_link,0
31.745,0.100,-0.014,base_link,0
31.795,0.100,-0.014,base_link,0
31.845,0.100,-0.015,base_link,0
31.894,0.100,-0.015,base_link,0
31.944,0.100,-0.015,base_link,0
31.994,0.100,-0.015,base_link,0
32.044,0.100,-0.016,base_link,0
32.095,0.100,-0.016,base_link,0
32.144,0.100,-0.015,base_link,0
32.194,0.100,-0.015,base_link,0
32.244,0.100,-0.016,base_link,0
32.294,0.100,-0.016,base_link,0
32.344,0.100,-0.015,base_link,0
32.394,0.100,-0.015,base_link,0
32.444,0.100,-0.015,base_link,0
32.494,0.100,-0.015,base_link,0
32.545,0.100,-0.015,base_link,0
32.594,0.100,-0.015,base_link,0
32.644,0.100,-0.014,base_link,0
32.694,0.100,-0.014,base_link,0
32.744,0.100,-0.015,base_link,0
32.794,0.100,-0.015,base_link,0
32.844,0.100,-0.015,base_link,0
32.894,0.100,-0.015,base_link,0
32.944,0.100,-0.015,base_link,0
32.994,0.100,-0.015,base_link,0
33.045,0.100,-0.013,base_link,0
33.094,0.100,-0.013,base_link,0
33.145,0.100,-0.016,base_link,0
33.195,0.100,-0.016,base_link,0
33.244,0.100,-0.015,base_link,0
33.294,0.100,-0.015,base_link,0
33.344,0.100,-0.016,base_link,0
33.394,0.100,-0.016,base_link,0
33.444,0.100,-0.017,base_link,0
33.494,0.100,-0.017,base_link,0
33.544,0.100,-0.014,base_link,0
33.594,0.100,-0.014,base_link,0
33.648,0.100,-0.015,base_link,0
33.695,0.100,-0.015,base_link,0
33.744,0.100,-0.015,base_link,0
33.794,0.100,-0.015,base_link,0
33.845,0.100,-0.015,base_link,0
33.894,0.100,-0.015,base_link,0
33.945,0.100,-0.015,base_link,0
33.994,0.100,-0.015,base_link,0
34.045,0.100,-0.014,base_link,0
34.094,0.100,-0.014,base_link,0
34.144,0.100,-0.016,base_link,0
34.194,0.100,-0.016,base_link,0
34.245,0.100,-0.014,base_link,0
34.294,0.100,-0.014,base_link,0
34.344,0.100,-0.014,base_link,0
34.394,0.100,-0.014,base_link,0
34.447,0.100,-0.015,base_link,0
34.498,0.100,-0.015,base_link,0
34.545,0.100,-0.015,base_link,0
34.595,0.100,-0.015,base_link,0
34.644,0.100,-0.014,base_link,0
34.694,0.100,-0.014,base_link,0
34.745,0.100,-0.014,base_link,0
34.794,0.100,-0.014,base_link,0
34.844,0.100,-0.015,base_link,0
34.894,0.100,-0.015,base_link,0
34.945,0.100,-0.014,base_link,0
34.994,0.100,-0.014,base_link,0
35.045,0.100,-0.015,base_link,0
35.094,0.100,-0.015,base_link,0
35.145,0.100,-0.016,base_link,0
35.194,0.100,-0.016,base_link,0
35.244,0.100,-0.013,base_link,0
35.294,0.100,-0.013,base_link,0
35.344,0.100,-0.015,base_link,0
35.394,0.100,-0.015,base_link,0
35.444,0.100,-0.014,base_link,0
35.494,0.100,-0.014,base_link,0
35.544,0.100,-0.015,base_link,0
35.595,0.100,-0.015,base_link,0
35.644,0.100,-0.016,base_link,0
35.694,0.100,-0.016,base_link,0
35.745,0.100,-0.014,base_link,0
35.794,0.100,-0.014,base_link,0
35.845,0.100,-0.017,base_link,0
35.895,0.100,-0.017,base_link,0
35.945,0.100,-0.015,base_link,0
35.994,0.100,-0.015,base_link,0
36.045,0.100,-0.015,base_link,0
36.095,0.100,-0.015,base_link,0
36.144,0.100,-0.016,base_link,0
36.195,0.100,-0.016,base_link,0
36.245,0.100,-0.015,base_link,0
36.294,0.100,-0.015,base_link,0
36.345,0.100,-0.015,base_link,0
36.394,0.100,-0.015,base_link,0
36.444,0.100,-0.015,base_link,0
36.495,0.100,-0.015,base_link,0
36.544,0.100,-0.014,base_link,0
36.595,0.100,-0.014,base_link,0
36.644,0.100,-0.016,base_link,0
36.694,0.100,-0.016,base_link,0
36.745,0.100,-0.015,base_link,0
36.795,0.100,-0.015,base_link,0
36.844,0.100,-0.015,base_link,0
36.894,0.100,-0.015,base_link,0
36.945,0.100,-0.015,base_link,0
36.994,0.100,-0.015,base_link,0
37.045,0.100,-0.015,base_link,0
37.095,0.100,-0.015,base_link,0
37.144,0.100,-0.016,base_link,0
37.194,0.100,-0.016,base_link,0
37.245,0.100,-0.014,base_link,0
37.295,0.100,-0.014,base_link,0
37.345,0.100,-0.015,base_link,0
37.395,0.100,-0.015,base_link,0
37.444,0.100,-0.014,base_link,0
37.496,0.100,-0.014,base_link,0
37.545,0.100,-0.016,base_link,0
37.594,0.100,-0.016,base_link,0
37.645,0.100,-0.015,base_link,0
37.694,0.100,-0.015,base_link,0
37.744,0.100,-0.015,base_link,0
37.794,0.100,-0.015,base_link,0
37.845,0.100,-0.014,base_link,0
37.894,0.100,-0.014,base_link,0
37.945,0.100,-0.016,base_link,0
37.994,0.100,-0.016,base_link,0
38.045,0.100,-0.015,base_link,0
38.094,0.100,-0.015,base_link,0
38.145,0.100,-0.017,base_link,0
38.195,0.100,-0.017,base_link,0
38.244,0.100,-0.015,base_link,0
38.294,0.100,-0.015,base_link,0
38.359,0.100,-0.016,base_link,0
38.394,0.100,-0.016,base_link,0
38.444,0.100,-0.016,base_link,0
38.494,0.100,-0.016,base_link,0
38.544,0.100,-0.015,base_link,0
38.594,0.100,-0.015,base_link,0
38.644,0.100,-0.015,base_link,0
38.695,0.100,-0.015,base_link,0
38.744,0.100,-0.015,base_link,0
38.794,0.100,-0.015,base_link,0
38.844,0.100,-0.015,base_link,0
38.894,0.100,-0.015,base_link,0
38.944,0.100,-0.015,base_link,0
38.994,0.100,-0.015,base_link,0
39.044,0.100,-0.016,base_link,0
39.094,0.100,-0.016,base_link,0
39.144,0.100,-0.015,base_link,0
39.194,0.100,-0.015,base_link,0
39.244,0.100,-0.015,base_link,0
39.294,0.100,-0.015,base_link,0
39.345,0.100,-0.015,base_link,0
39.394,0.100,-0.015,base_link,0
39.446,0.100,-0.015,base_link,0
39.494,0.100,-0.015,base_link,0
39.544,0.100,-0.014,base_link,0
39.594,0.100,-0.014,base_link,0
39.645,0.100,-0.015,base_link,0
39.695,0.100,-0.015,base_link,0
39.744,0.100,-0.013,base_link,0
39.794,0.100,-0.013,base_link,0
39.844,0.100,-0.016,base_link,0
39.894,0.100,-0.016,base_link,0
39.945,0.100,-0.015,base_link,0
39.994,0.100,-0.015,base_link,0
40.045,0.100,-0.013,base_link,0
40.094,0.100,-0.013,base_link,0
40.145,0.100,-0.016,base_link,0
40.194,0.100,-0.016,base_link,0
40.245,0.100,-0.015,base_link,0
40.294,0.100,-0.015,base_link,0
40.345,0.100,-0.016,base_link,0
40.395,0.100,-0.016,base_link,0
40.444,0.100,-0.016,base_link,0
40.495,0.100,-0.016,base_link,0
40.544,0.100,-0.015,base_link,0
40.595,0.100,-0.015,base_link,0
40.644,0.100,-0.016,base_link,0
40.694,0.100,-0.016,base_link,0
40.753,0.100,-0.015,base_link,0
40.794,0.100,-0.015,base_link,0
40.844,0.100,-0.017,base_link,0
40.894,0.100,-0.017,base_link,0
40.944,0.100,-0.015,base_link,0
40.994,0.100,-0.015,base_link,0
41.044,0.100,-0.015,base_link,0
41.094,0.100,-0.015,base_link,0
41.144,0.100,-0.015,base_link,0
41.194,0.100,-0.015,base_link,0
41.244,0.100,-0.015,base_link,0
41.295,0.100,-0.015,base_link,0
41.345,0.100,-0.015,base_link,0
41.394,0.100,-0.015,base_link,0
41.445,0.100,-0.015,base_link,0
41.494,0.100,-0.015,base_link,0
41.544,0.100,-0.016,base_link,0
41.594,0.100,-0.016,base_link,0
41.645,0.100,-0.014,base_link,0
41.695,0.100,-0.014,base_link,0
41.744,0.100,-0.014,base_link,0
41.794,0.100,-0.014,base_link,0
41.845,0.100,-0.017,base_link,0
41.894,0.100,-0.017,base_link,0
41.944,0.100,-0.015,base_link,0
41.994,0.100,-0.015,base_link,0
42.044,0.100,-0.014,base_link,0
42.094,0.100,-0.014,base_link,0
42.144,0.100,-0.017,base_link,0
42.194,0.100,-0.017,base_link,0
42.244,0.100,-0.015,base_link,0
42.294,0.100,-0.015,base_link,0
42.345,0.100,-0.016,base_link,0
42.394,0.100,-0.016,base_link,0
42.444,0.100,-0.014,base_link,0
42.494,0.100,-0.014,base_link,0
42.544,0.100,-0.015,base_link,0
42.594,0.100,-0.015,base_link,0
42.644,0.100,-0.015,base_link,0
42.694,0.100,-0.015,base_link,0
42.744,0.100,-0.013,base_link,0
42.794,0.100,-0.013,base_link,0
42.845,0.100,-0.014,base_link,0
42.894,0.100,-0.014,base_link,0
42.945,0.100,-0.015,base_link,0
42.995,0.100,-0.015,base_link,0
43.045,0.100,-0.015,base_link,0
43.094,0.100,-0.015,base_link,0
43.144,0.100,-0.015,base_link,0
43.194,0.100,-0.015,base_link,0
43.245,0.100,-0.015,base_link,0
43.295,0.100,-0.015,base_link,0
43.344,0.100,-0.015,base_link,0
43.394,0.100,-0.015,base_link,0
43.445,0.100,-0.015,base_link,0
43.494,0.100,-0.015,base_link,0
43.545,0.100,-0.015,base_link,0
43.594,0.100,-0.015,base_link,0
43.644,0.100,-0.017,base_link,0
43.694,0.100,-0.017,base_link,0
43.744,0.100,-0.015,base_link,0
43.795,0.100,-0.015,base_link,0
43.844,0.100,-0.015,base_link,0
43.894,0.100,-0.015,base_link,0
43.944,0.100,-0.016,base_link,0
43.995,0.100,-0.016,base_link,0
44.044,0.100,-0.014,base_link,0
44.094,0.100,-0.014,base_link,0
44.145,0.100,-0.015,base_link,0
44.195,0.100,-0.015,base_link,0
44.245,0.100,-0.015,base_link,0
44.295,0.100,-0.015,base_link,0
44.345,0.100,-0.013,base_link,0
44.394,0.100,-0.013,base_link,0
44.445,0.100,-0.016,base_link,0
44.494,0.100,-0.016,base_link,0
44.544,0.100,-0.014,base_link,0
44.595,0.100,-0.014,base_link,0
44.644,0.100,-0.016,base_link,0
44.694,0.100,-0.016,base_link,0
44.745,0.100,-0.014,base_link,0
44.794,0.100,-0.014,base_link,0
44.845,0.100,-0.016,base_link,0
44.895,0.100,-0.016,base_link,0
44.945,0.100,-0.013,base_link,0
44.994,0.100,-0.013,base_link,0
45.044,0.100,-0.015,base_link,0
45.095,0.100,-0.015,base_link,0
45.144,0.100,-0.015,base_link,0
45.194,0.100,-0.015,base_link,0
45.244,0.100,-0.015,base_link,0
45.295,0.100,-0.015,base_link,0
45.345,0.100,-0.014,base_link,0
45.394,0.100,-0.014,base_link,0
45.445,0.100,-0.015,base_link,0
45.494,0.100,-0.015,base_link,0
45.545,0.100,-0.015,base_link,0
45.594,0.100,-0.015,base_link,0
45.644,0.100,-0.015,base_link,0
45.694,0.100,-0.015,base_link,0
45.744,0.100,-0.014,base_link,0
45.794,0.100,-0.014,base_link,0
45.844,0.100,-0.016,base_link,0
45.895,0.100,-0.016,base_link,0
45.945,0.100,-0.014,base_link,0
45.994,0.100,-0.014,base_link,0
46.044,0.100,-0.015,base_link,0
46.094,0.100,-0.015,base_link,0
46.144,0.100,-0.015,base_link,0
46.194,0.100,-0.015,base_link,0
46.244,0.100,-0.015,base_link,0
46.295,0.100,-0.015,base_link,0
46.345,0.100,-0.014,base_link,0
46.395,0.100,-0.014,base_link,0
46.445,0.100,-0.014,base_link,0
46.494,0.100,-0.014,base_link,0
46.544,0.100,-0.015,base_link,0
46.595,0.100,-0.015,base_link,0
46.645,0.100,-0.016,base_link,0
46.694,0.100,-0.016,base_link,0
46.744,0.100,-0.015,base_link,0
46.794,0.100,-0.015,base_link,0
46.845,0.100,-0.014,base_link,0
46.897,0.100,-0.014,base_link,0
46.945,0.100,-0.015,base_link,0
46.994,0.100,-0.015,base_link,0
47.044,0.100,-0.014,base_link,0
47.095,0.100,-0.014,base_link,0
47.144,0.100,-0.016,base_link,0
47.194,0.100,-0.016,base_link,0
47.244,0.100,-0.014,base_link,0
47.294,0.100,-0.014,base_link,0
47.344,0.100,-0.015,base_link,0
47.394,0.100,-0.015,base_link,0
47.444,0.100,-0.016,base_link,0
47.494,0.100,-0.016,base_link,0
47.545,0.100,-0.015,base_link,0
47.594,0.100,-0.015,base_link,0
47.645,0.100,-0.014,base_link,0
47.694,0.100,-0.014,base_link,0
47.744,0.100,-0.015,base_link,0
47.794,0.100,-0.015,base_link,0
47.845,0.100,-0.016,base_link,0
47.894,0.100,-0.016,base_link,0
47.944,0.100,-0.016,base_link,0
47.994,0.100,-0.016,base_link,0
48.045,0.100,-0.015,base_link,0
48.094,0.100,-0.015,base_link,0
48.145,0.100,-0.015,base_link,0
48.195,0.100,-0.015,base_link,0
48.244,0.100,-0.014,base_link,0
48.294,0.100,-0.014,base_link,0
48.344,0.100,-0.015,base_link,0
48.394,0.100,-0.015,base_link,0
48.444,0.100,-0.017,base_link,0
48.494,0.100,-0.017,base_link,0
48.544,0.100,-0.015,base_link,0
48.594,0.100,-0.015,base_link,0
48.645,0.100,-0.014,base_link,0
48.694,0.100,-0.014,base_link,0
48.744,0.100,-0.016,base_link,0
48.800,0.100,-0.016,base_link,0
48.845,0.100,-0.015,base_link,0
48.894,0.100,-0.015,base_link,0
48.945,0.100,-0.015,base_link,0
48.994,0.100,-0.015,base_link,0
49.045,0.100,-0.015,base_link,0
49.094,0.100,-0.015,base_link,0
49.144,0.100,-0.017,base_link,0
49.194,0.100,-0.017,base_link,0
49.245,0.100,-0.014,base_link,0
49.295,0.100,-0.014,base_link,0
49.344,0.100,-0.017,base_link,0
49.394,0.100,-0.017,base_link,0
49.445,0.100,-0.015,base_link,0
49.494,0.100,-0.015,base_link,0
49.544,0.100,-0.014,base_link,0
49.595,0.100,-0.014,base_link,0
49.644,0.100,-0.014,base_link,0
49.695,0.100,-0.014,base_link,0
49.744,0.100,-0.015,base_link,0
49.794,0.100,-0.015,base_link,0
49.845,0.100,-0.015,base_link,0
49.894,0.100,-0.015,base_link,0
49.944,0.100,-0.015,base_link,0
49.994,0.100,-0.015,base_link,0
50.044,0.100,-0.014,base_link,0
50.094,0.100,-0.014,base_link,0
50.145,0.100,-0.015,base_link,0
50.194,0.100,-0.015,base_link,0
50.245,0.100,-0.015,base_link,0
50.294,0.100,-0.015,base_link,0
50.345,0.100,-0.016,base_link,0
50.394,0.100,-0.016,base_link,0
50.444,0.100,-0.014,base_link,0
50.494,0.100,-0.014,base_link,0
50.544,0.100,-0.018,base_link,0
50.594,0.100,-0.018,base_link,0
50.644,0.100,-0.016,base_link,0
50.694,0.100,-0.016,base_link,0
50.745,0.100,-0.015,base_link,0
50.794,0.100,-0.015,base_link,0
50.844,0.100,-0.015,base_link,0
50.894,0.100,-0.015,base_link,0
50.947,0.100,-0.016,base_link,0
50.995,0.100,-0.016,base_link,0
51.044,0.100,-0.015,base_link,0
51.094,0.100,-0.015,base_link,0
51.145,0.100,-0.015,base_link,0
51.194,0.100,-0.015,base_link,0
51.244,0.100,-0.013,base_link,0
51.294,0.100,-0.013,base_link,0
51.344,0.100,-0.015,base_link,0
51.394,0.100,-0.015,base_link,0
51.445,0.100,-0.015,base_link,0
51.494,0.100,-0.015,base_link,0
51.544,0.100,-0.015,base_link,0
51.595,0.100,-0.015,base_link,0
51.645,0.100,-0.016,base_link,0
51.694,0.100,-0.016,base_link,0
51.745,0.100,-0.016,base_link,0
51.794,0.100,-0.016,base_link,0
51.844,0.100,-0.017,base_link,0
51.894,0.100,-0.017,base_link,0
51.944,0.100,-0.017,base_link,0
51.994,0.100,-0.017,base_link,0
52.044,0.100,-0.015,base_link,0
52.094,0.100,-0.015,base_link,0
52.144,0.100,-0.015,base_link,0
52.194,0.100,-0.015,base_link,0
52.244,0.100,-0.014,base_link,0
52.294,0.100,-0.014,base_link,0
52.345,0.100,-0.016,base_link,0
52.395,0.100,-0.016,base_link,0
52.444,0.100,-0.015,base_link,0
52.494,0.100,-0.015,base_link,0
52.544,0.100,-0.015,base_link,0
52.595,0.100,-0.015,base_link,0
52.648,0.100,-0.017,base_link,0
52.694,0.100,-0.017,base_link,0
52.745,0.100,-0.016,base_link,0
52.794,0.100,-0.016,base_link,0
52.845,0.100,-0.015,base_link,0
52.894,0.100,-0.015,base_link,0
52.944,0.100,-0.016,base_link,0
52.994,0.100,-0.016,base_link,0
53.044,0.100,-0.015,base_link,0
53.094,0.100,-0.015,base_link,0
53.146,0.100,-0.014,base_link,0
53.194,0.100,-0.014,base_link,0
53.244,0.100,-0.014,base_link,0
53.294,0.100,-0.014,base_link,0
53.344,0.100,-0.015,base_link,0
53.394,0.100,-0.015,base_link,0
53.444,0.100,-0.014,base_link,0
53.495,0.100,-0.014,base_link,0
53.544,0.100,-0.015,base_link,0
53.594,0.100,-0.015,base_link,0
53.644,0.100,-0.015,base_link,0
53.694,0.100,-0.015,base_link,0
53.744,0.100,-0.015,base_link,0
53.794,0.100,-0.015,base_link,0
53.844,0.100,-0.015,base_link,0
53.894,0.100,-0.015,base_link,0
53.945,0.100,-0.017,base_link,0
54.004,0.100,-0.017,base_link,0
54.044,0.100,-0.015,base_link,0
54.094,0.100,-0.015,base_link,0
54.144,0.100,-0.016,base_link,0
54.194,0.100,-0.016,base_link,0
54.244,0.100,-0.013,base_link,0
54.294,0.100,-0.013,base_link,0
54.344,0.100,-0.015,base_link,0
54.394,0.100,-0.015,base_link,0
54.445,0.100,-0.017,base_link,0
54.494,0.100,-0.017,base_link,0
54.544,0.100,-0.015,base_link,0
54.594,0.100,-0.015,base_link,0
54.645,0.100,-0.016,base_link,0
54.694,0.100,-0.016,base_link,0
54.745,0.100,-0.016,base_link,0
54.794,0.100,-0.016,base_link,0
54.844,0.100,-0.015,base_link,0
54.894,0.100,-0.015,base_link,0
54.945,0.100,-0.015,base_link,0
54.994,0.100,-0.015,base_link,0
55.045,0.100,-0.015,base_link,0
55.096,0.100,-0.015,base_link,0
55.144,0.100,-0.014,base_link,0
55.195,0.100,-0.014,base_link,0
55.244,0.100,-0.016,base_link,0
55.294,0.100,-0.016,base_link,0
55.349,0.100,-0.014,base_link,0
55.394,0.100,-0.014,base_link,0
55.445,0.100,-0.013,base_link,0
55.495,0.100,-0.013,base_link,0
55.544,0.100,-0.014,base_link,0
55.594,0.100,-0.014,base_link,0
55.644,0.100,-0.016,base_link,0
55.694,0.100,-0.016,base_link,0
55.745,0.100,-0.015,base_link,0
55.795,0.100,-0.015,base_link,0
55.845,0.100,-0.015,base_link,0
55.894,0.100,-0.015,base_link,0
55.944,0.100,-0.015,base_link,0
55.994,0.100,-0.015,base_link,0
56.044,0.100,-0.013,base_link,0
56.094,0.100,-0.013,base_link,0
56.145,0.100,-0.013,base_link,0
56.194,0.100,-0.013,base_link,0
56.244,0.100,-0.016,base_link,0
56.295,0.100,-0.016,base_link,0
56.345,0.111,-0.011,base_link,0
56.394,0.111,-0.011,base_link,0
56.445,0.157,-0.004,base_link,0
56.494,0.157,-0.004,base_link,0
56.545,0.192,-0.005,base_link,0
56.595,0.192,-0.005,base_link,0
56.645,0.194,-0.003,base_link,0
56.694,0.194,-0.003,base_link,0
56.745,0.205,-0.005,base_link,0
56.795,0.205,-0.005,base_link,0
56.844,0.245,-0.008,base_link,0
56.894,0.245,-0.008,base_link,0
56.944,0.274,-0.012,base_link,0
56.994,0.274,-0.012,base_link,0
57.047,0.280,0.000,base_link,0
57.094,0.280,0.000,base_link,0
57.144,0.295,-0.005,base_link,0
57.194,0.295,-0.005,base_link,0
57.245,0.300,-0.012,base_link,0
57.295,0.300,-0.012,base_link,0
57.345,0.300,0.036,base_link,0
57.394,0.300,0.036,base_link,0
57.444,0.300,-0.003,base_link,0
57.494,0.300,-0.003,base_link,0
57.545,0.300,-0.007,base_link,0
57.595,0.300,-0.007,base_link,0
57.645,0.290,-0.002,base_link,0
57.694,0.290,-0.002,base_link,0
57.745,0.300,-0.006,base_link,0
57.794,0.300,-0.006,base_link,0
57.845,0.300,-0.007,base_link,0
57.894,0.300,-0.007,base_link,0
57.945,0.300,-0.010,base_link,0
57.994,0.300,-0.010,base_link,0
58.045,0.300,-0.002,base_link,0
58.094,0.300,-0.002,base_link,0
58.145,0.300,-0.011,base_link,0
58.194,0.300,-0.011,base_link,0
58.245,0.300,-0.003,base_link,0
58.294,0.300,-0.003,base_link,0
58.345,0.300,-0.000,base_link,0
58.395,0.300,-0.000,base_link,0
58.445,0.300,-0.010,base_link,0
58.494,0.300,-0.010,base_link,0
58.545,0.300,0.033,base_link,0
58.594,0.300,0.033,base_link,0
58.644,0.300,0.044,base_link,0
58.694,0.300,0.044,base_link,0
58.744,0.289,0.038,base_link,0
58.795,0.289,0.038,base_link,0
58.844,0.300,0.039,base_link,0
58.894,0.300,0.039,base_link,0
58.945,0.300,0.042,base_link,0
58.994,0.300,0.042,base_link,0
59.045,0.300,0.041,base_link,0
59.094,0.300,0.041,base_link,0
59.144,0.300,0.025,base_link,0
59.194,0.300,0.025,base_link,0
59.244,0.300,0.028,base_link,0
59.294,0.300,0.028,base_link,0
59.345,0.300,0.024,base_link,0
59.394,0.300,0.024,base_link,0
59.445,0.300,-0.019,base_link,0
59.494,0.300,-0.019,base_link,0
59.545,0.300,-0.023,base_link,0
59.594,0.300,-0.023,base_link,0
59.644,0.300,-0.030,base_link,0
59.694,0.300,-0.030,base_link,0
59.745,0.300,-0.031,base_link,0
59.794,0.300,-0.031,base_link,0
59.845,0.300,-0.034,base_link,0
59.894,0.300,-0.034,base_link,0
59.944,0.300,-0.033,base_link,0
59.994,0.300,-0.033,base_link,0
60.044,0.300,-0.025,base_link,0
60.094,0.300,-0.025,base_link,0
60.144,0.300,-0.030,base_link,0
60.195,0.300,-0.030,base_link,0
60.244,0.300,-0.026,base_link,0
60.294,0.300,-0.026,base_link,0
60.346,0.300,-0.028,base_link,0
60.395,0.300,-0.028,base_link,0
60.444,0.300,-0.023,base_link,0
60.495,0.300,-0.023,base_link,0
60.545,0.300,-0.023,base_link,0
60.594,0.300,-0.023,base_link,0
60.645,0.300,-0.016,base_link,0
60.694,0.300,-0.016,base_link,0
60.744,0.300,-0.020,base_link,0
60.794,0.300,-0.020,base_link,0
60.844,0.300,-0.016,base_link,0
60.895,0.300,-0.016,base_link,0
60.945,0.300,-0.013,base_link,0
60.994,0.300,-0.013,base_link,0
61.044,0.300,-0.011,base_link,0
61.094,0.300,-0.011,base_link,0
61.144,0.289,-0.010,base_link,0
61.194,0.289,-0.010,base_link,0
61.245,0.300,-0.014,base_link,0
61.294,0.300,-0.014,base_link,0
61.345,0.300,-0.017,base_link,0
61.395,0.300,-0.017,base_link,0
61.444,0.300,-0.008,base_link,0
61.494,0.300,-0.008,base_link,0
61.545,0.300,-0.017,base_link,0
61.594,0.300,-0.017,base_link,0
61.645,0.300,-0.009,base_link,0
61.694,0.300,-0.009,base_link,0
61.744,0.300,-0.004,base_link,0
61.794,0.300,-0.004,base_link,0
61.845,0.300,-0.010,base_link,0
61.894,0.300,-0.010,base_link,0
61.945,0.300,-0.005,base_link,0
61.994,0.300,-0.005,base_link,0
62.045,0.300,-0.006,base_link,0
62.094,0.300,-0.006,base_link,0
62.144,0.300,-0.011,base_link,0
62.194,0.300,-0.011,base_link,0
62.244,0.300,-0.004,base_link,0
62.294,0.300,-0.004,base_link,0
62.345,0.300,-0.005,base_link,0
62.395,0.300,-0.005,base_link,0
62.444,0.300,-0.005,base_link,0
62.495,0.300,-0.005,base_link,0
62.544,0.300,-0.006,base_link,0
62.595,0.300,-0.006,base_link,0
62.645,0.300,-0.004,base_link,0
62.694,0.300,-0.004,base_link,0
62.744,0.300,-0.000,base_link,0
62.794,0.300,-0.000,base_link,0
62.844,0.300,-0.017,base_link,0
62.895,0.300,-0.017,base_link,0
62.944,0.300,-0.008,base_link,0
62.994,0.300,-0.008,base_link,0
63.045,0.290,-0.024,base_link,0
63.095,0.290,-0.024,base_link,0
63.144,0.289,-0.009,base_link,0
63.195,0.289,-0.009,base_link,0
63.244,0.279,-0.011,base_link,0
63.294,0.279,-0.011,base_link,0
63.345,0.300,-0.009,base_link,0
63.394,0.300,-0.009,base_link,0
63.447,0.287,-0.042,base_link,0
63.495,0.287,-0.042,base_link,0
63.544,0.300,-0.018,base_link,0
63.594,0.300,-0.018,base_link,0
63.644,0.300,-0.085,base_link,0
63.694,0.300,-0.085,base_link,0
63.745,0.300,-0.038,base_link,0
63.794,0.300,-0.038,base_link,0
63.845,0.300,-0.075,base_link,0
63.895,0.300,-0.075,base_link,0
63.944,0.300,-0.076,base_link,0
63.995,0.300,-0.076,base_link,0
64.044,0.300,-0.061,base_link,0
64.095,0.300,-0.061,base_link,0
64.144,0.279,-0.063,base_link,0
64.194,0.279,-0.063,base_link,0
64.244,0.264,-0.060,base_link,0
64.294,0.264,-0.060,base_link,0
64.344,0.300,-0.049,base_link,0
64.395,0.300,-0.049,base_link,0
64.445,0.300,-0.036,base_link,0
64.494,0.300,-0.036,base_link,0
64.544,0.300,-0.017,base_link,0
64.594,0.300,-0.017,base_link,0
64.645,0.300,-0.014,base_link,0
64.695,0.300,-0.014,base_link,0
64.745,0.300,-0.061,base_link,0
64.794,0.300,-0.061,base_link,0
64.844,0.300,-0.060,base_link,0
64.894,0.300,-0.060,base_link,0
64.945,0.300,-0.008,base_link,0
64.994,0.300,-0.008,base_link,0
65.044,0.300,-0.057,base_link,0
65.094,0.300,-0.057,base_link,0
65.145,0.300,-0.048,base_link,0
65.194,0.300,-0.048,base_link,0
65.246,0.289,-0.051,base_link,0
65.294,0.289,-0.051,base_link,0
65.345,0.300,-0.032,base_link,0
65.394,0.300,-0.032,base_link,0
65.444,0.274,0.050,base_link,0
65.495,0.274,0.050,base_link,0
65.544,0.274,0.063,base_link,0
65.595,0.274,0.063,base_link,0
65.644,0.274,0.065,base_link,0
65.694,0.274,0.065,base_link,0
65.744,0.274,0.069,base_link,0
65.794,0.274,0.069,base_link,0
65.845,0.274,0.086,base_link,0
65.894,0.274,0.086,base_link,0
65.945,0.274,0.079,base_link,0
65.994,0.274,0.079,base_link,0
66.044,0.274,0.018,base_link,0
66.094,0.274,0.018,base_link,0
66.144,0.274,0.070,base_link,0
66.194,0.274,0.070,base_link,0
66.244,0.274,0.074,base_link,0
66.294,0.274,0.074,base_link,0
66.344,0.274,0.024,base_link,0
66.394,0.274,0.024,base_link,0
66.444,0.274,0.010,base_link,0
66.494,0.274,0.010,base_link,0
66.545,0.274,0.015,base_link,0
66.595,0.274,0.015,base_link,0
66.644,0.274,0.012,base_link,0
66.694,0.274,0.012,base_link,0
66.744,0.274,0.008,base_link,0
66.794,0.274,0.008,base_link,0
66.844,0.274,0.006,base_link,0
66.894,0.274,0.006,base_link,0
66.944,0.274,0.004,base_link,0
66.994,0.274,0.004,base_link,0
67.045,0.274,0.004,base_link,0
67.095,0.274,0.004,base_link,0
67.145,0.274,0.007,base_link,0
67.195,0.274,0.007,base_link,0
67.245,0.274,0.053,base_link,0
67.294,0.274,0.053,base_link,0
67.344,0.274,0.056,base_link,0
67.394,0.274,0.056,base_link,0
67.446,0.274,0.012,base_link,0
67.495,0.274,0.012,base_link,0
67.544,0.274,0.011,base_link,0
67.594,0.274,0.011,base_link,0
67.645,0.274,0.012,base_link,0
67.694,0.274,0.012,base_link,0
67.745,0.274,0.000,base_link,0
67.794,0.274,0.000,base_link,0
67.845,0.274,0.000,base_link,0
67.894,0.274,0.000,base_link,0
67.944,0.274,0.000,base_link,0
67.995,0.274,0.000,base_link,0
68.044,0.274,-0.002,base_link,0
68.094,0.274,-0.002,base_link,0
68.145,0.274,-0.000,base_link,0
68.195,0.274,-0.000,base_link,0
68.245,0.274,0.000,base_link,0
68.294,0.274,0.000,base_link,0
68.344,0.274,0.000,base_link,0
68.394,0.274,0.000,base_link,0
68.444,0.274,0.137,base_link,0
68.495,0.274,0.137,base_link,0
68.544,0.274,0.145,base_link,0
68.594,0.274,0.145,base_link,0
68.645,0.274,0.130,base_link,0
68.695,0.274,0.130,base_link,0
68.745,0.274,0.131,base_link,0
68.794,0.274,0.131,base_link,0
68.844,0.274,0.124,base_link,0
68.894,0.274,0.124,base_link,0
68.945,0.274,0.115,base_link,0
68.994,0.274,0.115,base_link,0
69.045,0.274,0.121,base_link,0
69.094,0.274,0.121,base_link,0
69.144,0.274,0.098,base_link,0
69.194,0.274,0.098,base_link,0
69.244,0.274,0.087,base_link,0
69.294,0.274,0.087,base_link,0
69.344,0.274,0.072,base_link,0
69.394,0.274,0.072,base_link,0
69.445,0.274,-0.034,base_link,0
69.494,0.274,-0.034,base_link,0
69.545,0.274,-0.038,base_link,0
69.595,0.274,-0.038,base_link,0
69.645,0.274,-0.054,base_link,0
69.694,0.274,-0.054,base_link,0
69.745,0.274,-0.047,base_link,0
69.794,0.274,-0.047,base_link,0
69.844,0.274,-0.047,base_link,0
69.894,0.274,-0.047,base_link,0
69.944,0.274,-0.057,base_link,0
69.994,0.274,-0.057,base_link,0
70.051,0.274,-0.055,base_link,0
70.095,0.274,-0.055,base_link,0
70.144,0.274,-0.056,base_link,0
70.194,0.274,-0.056,base_link,0
70.245,0.274,-0.045,base_link,0
70.294,0.274,-0.045,base_link,0
70.344,0.274,-0.048,base_link,0
70.395,0.274,-0.048,base_link,0
70.445,0.274,-0.051,base_link,0
70.494,0.274,-0.051,base_link,0
70.544,0.274,-0.050,base_link,0
70.594,0.300,-0.050,base_link,0
70.645,0.300,-0.042,base_link,0
70.694,0.300,-0.042,base_link,0
70.745,0.300,-0.043,base_link,0
70.794,0.300,-0.043,base_link,0
70.844,0.300,-0.042,base_link,0
70.895,0.300,-0.042,base_link,0
70.944,0.300,-0.030,base_link,0
70.995,0.300,-0.030,base_link,0
71.045,0.300,-0.024,base_link,0
71.094,0.300,-0.024,base_link,0
71.145,0.300,0.009,base_link,0
71.194,0.300,0.009,base_link,0
71.244,0.300,0.011,base_link,0
71.294,0.300,0.011,base_link,0
71.345,0.300,0.014,base_link,0
71.394,0.300,0.014,base_link,0
71.445,0.300,-0.024,base_link,0
71.494,0.300,-0.024,base_link,0
71.545,0.300,-0.029,base_link,0
71.594,0.300,-0.029,base_link,0
71.644,0.300,-0.032,base_link,0
71.694,0.300,-0.032,base_link,0
71.744,0.300,-0.029,base_link,0
71.794,0.300,-0.029,base_link,0
71.845,0.300,0.024,base_link,0
71.894,0.300,0.024,base_link,0
71.944,0.300,0.023,base_link,0
71.995,0.300,0.023,base_link,0
72.044,0.300,0.028,base_link,0
72.094,0.300,0.028,base_link,0
72.148,0.300,0.017,base_link,0
72.194,0.300,0.017,base_link,0
72.244,0.300,0.023,base_link,0
72.294,0.300,0.023,base_link,0
72.345,0.300,0.018,base_link,0
72.394,0.300,0.018,base_link,0
72.447,0.300,-0.019,base_link,0
72.494,0.300,-0.019,base_link,0
72.545,0.300,0.020,base_link,0
72.594,0.300,0.020,base_link,0
72.645,0.300,0.022,base_link,0
72.694,0.300,0.022,base_link,0
72.744,0.300,0.021,base_link,0
72.794,0.300,0.021,base_link,0
72.845,0.300,0.021,base_link,0
72.894,0.300,0.021,base_link,0
72.945,0.300,0.013,base_link,0
72.994,0.300,0.013,base_link,0
73.044,0.291,0.008,base_link,0
73.094,0.291,0.008,base_link,0
73.144,0.300,0.020,base_link,0
73.194,0.300,0.020,base_link,0
73.244,0.300,0.024,base_link,0
73.294,0.300,0.024,base_link,0
73.344,0.300,-0.044,base_link,0
73.394,0.300,-0.044,base_link,0
73.444,0.300,-0.043,base_link,0
73.495,0.300,-0.043,base_link,0
73.544,0.300,-0.052,base_link,0
73.594,0.300,-0.052,base_link,0
73.645,0.300,-0.039,base_link,0
73.694,0.300,-0.039,base_link,0
73.744,0.300,-0.044,base_link,0
73.794,0.300,-0.044,base_link,0
73.844,0.300,-0.036,base_link,0
73.894,0.300,-0.036,base_link,0
73.944,0.289,-0.047,base_link,0
73.994,0.289,-0.047,base_link,0
74.045,0.300,-0.042,base_link,0
74.094,0.300,-0.042,base_link,0
74.145,0.300,-0.033,base_link,0
74.194,0.300,-0.033,base_link,0
74.245,0.300,-0.035,base_link,0
74.294,0.300,-0.035,base_link,0
74.345,0.300,-0.004,base_link,0
74.394,0.300,-0.004,base_link,0
74.445,0.300,0.011,base_link,0
74.494,0.300,0.011,base_link,0
74.545,0.300,0.011,base_link,0
74.594,0.300,0.011,base_link,0
74.645,0.300,0.018,base_link,0
74.694,0.300,0.018,base_link,0
74.744,0.300,0.024,base_link,0
74.794,0.300,0.024,base_link,0
74.845,0.300,0.017,base_link,0
74.894,0.300,0.017,base_link,0
74.945,0.300,0.023,base_link,0
74.995,0.300,0.023,base_link,0
75.044,0.300,0.014,base_link,0
75.094,0.300,0.014,base_link,0
75.145,0.300,0.022,base_link,0
75.194,0.300,0.022,base_link,0
75.244,0.300,0.016,base_link,0
75.294,0.300,0.016,base_link,0
75.345,0.300,0.028,base_link,0
75.394,0.300,0.028,base_link,0
75.444,0.300,0.016,base_link,0
75.494,0.300,0.016,base_link,0
75.545,0.300,0.021,base_link,0
75.594,0.300,0.021,base_link,0
75.645,0.300,0.017,base_link,0
75.694,0.300,0.017,base_link,0
75.744,0.300,0.023,base_link,0
75.794,0.300,0.023,base_link,0
75.844,0.300,0.011,base_link,0
75.895,0.300,0.011,base_link,0
75.944,0.300,0.008,base_link,0
75.995,0.300,0.008,base_link,0
76.044,0.291,0.000,base_link,0
76.095,0.291,0.000,base_link,0
76.146,0.300,0.000,base_link,0
76.194,0.300,0.000,base_link,0
76.245,0.300,0.000,base_link,0
76.295,0.300,0.000,base_link,0
76.344,0.300,-0.000,base_link,0
76.394,0.300,-0.000,base_link,0
76.444,0.300,-0.003,base_link,0
76.494,0.300,-0.003,base_link,0
76.545,0.290,-0.013,base_link,0
76.595,0.290,-0.013,base_link,0
76.645,0.290,0.000,base_link,0
76.694,0.290,0.000,base_link,0
76.745,0.300,-0.003,base_link,0
76.794,0.300,-0.003,base_link,0
76.845,0.300,-0.011,base_link,0
76.894,0.300,-0.011,base_link,0
76.944,0.300,-0.004,base_link,0
76.995,0.300,-0.004,base_link,0
77.044,0.300,-0.007,base_link,0
77.094,0.300,-0.007,base_link,0
77.145,0.300,-0.012,base_link,0
77.194,0.300,-0.012,base_link,0
77.244,0.300,-0.012,base_link,0
77.294,0.300,-0.012,base_link,0
77.373,0.289,-0.013,base_link,0
77.394,0.289,-0.013,base_link,0
77.444,0.300,-0.017,base_link,0
77.494,0.300,-0.017,base_link,0
77.545,0.300,0.012,base_link,0
77.594,0.300,0.012,base_link,0
77.645,0.300,0.020,base_link,0
77.695,0.300,0.020,base_link,0
77.744,0.300,-0.016,base_link,0
77.794,0.300,-0.016,base_link,0
77.845,0.300,-0.017,base_link,0
77.894,0.300,-0.017,base_link,0
77.945,0.300,-0.013,base_link,0
77.995,0.300,-0.013,base_link,0
78.045,0.300,-0.019,base_link,0
78.094,0.300,-0.019,base_link,0
78.144,0.300,-0.008,base_link,0
78.195,0.300,-0.008,base_link,0
78.244,0.288,-0.021,base_link,0
78.294,0.288,-0.021,base_link,0
78.344,0.300,-0.018,base_link,0
78.394,0.300,-0.018,base_link,0
78.445,0.300,0.016,base_link,0
78.495,0.300,0.016,base_link,0
78.544,0.300,-0.018,base_link,0
78.594,0.300,-0.018,base_link,0
78.644,0.300,-0.013,base_link,0
78.695,0.300,-0.013,base_link,0
78.746,0.300,-0.006,base_link,0
78.795,0.300,-0.006,base_link,0
78.844,0.300,-0.005,base_link,0
78.895,0.300,-0.005,base_link,0
78.944,0.300,0.021,base_link,0
78.994,0.300,0.021,base_link,0
79.044,0.300,0.014,base_link,0
79.094,0.300,0.014,base_link,0
79.144,0.300,0.020,base_link,0
79.194,0.300,0.020,base_link,0
79.244,0.300,0.022,base_link,0
79.294,0.300,0.022,base_link,0
79.347,0.300,-0.009,base_link,0
79.394,0.300,-0.009,base_link,0
79.444,0.300,0.026,base_link,0
79.494,0.300,0.026,base_link,0
79.545,0.290,0.026,base_link,0
79.594,0.290,0.026,base_link,0
79.645,0.300,0.032,base_link,0
79.695,0.300,0.032,base_link,0
79.745,0.300,0.027,base_link,0
79.794,0.300,0.027,base_link,0
79.845,0.300,0.025,base_link,0
79.894,0.300,0.025,base_link,0
79.945,0.300,0.049,base_link,0
79.995,0.300,0.049,base_link,0
80.044,0.300,0.038,base_link,0
80.094,0.300,0.038,base_link,0
80.144,0.300,0.033,base_link,0
80.195,0.300,0.033,base_link,0
80.244,0.300,0.025,base_link,0
80.294,0.300,0.025,base_link,0
80.345,0.300,0.031,base_link,0
80.394,0.300,0.031,base_link,0
80.445,0.289,-0.009,base_link,0
80.495,0.289,-0.009,base_link,0
80.544,0.300,-0.016,base_link,0
80.594,0.300,-0.016,base_link,0
80.645,0.300,-0.020,base_link,0
80.695,0.300,-0.020,base_link,0
80.744,0.300,-0.020,base_link,0
80.795,0.300,-0.020,base_link,0
80.845,0.300,-0.024,base_link,0
80.894,0.300,-0.024,base_link,0
80.944,0.300,-0.023,base_link,0
80.994,0.300,-0.023,base_link,0
81.044,0.300,-0.015,base_link,0
81.094,0.300,-0.015,base_link,0
81.145,0.288,-0.007,base_link,0
81.194,0.288,-0.007,base_link,0
81.245,0.300,-0.007,base_link,0
81.295,0.300,-0.007,base_link,0
81.344,0.300,-0.012,base_link,0
81.394,0.300,-0.012,base_link,0
81.444,0.300,0.028,base_link,0
81.494,0.300,0.028,base_link,0
81.548,0.300,0.024,base_link,0
81.595,0.300,0.024,base_link,0
81.645,0.300,0.082,base_link,0
81.694,0.300,0.082,base_link,0
81.744,0.300,0.080,base_link,0
81.795,0.300,0.080,base_link,0
81.844,0.300,0.080,base_link,0
81.895,0.300,0.080,base_link,0
81.944,0.300,0.065,base_link,0
81.994,0.300,0.065,base_link,0
82.045,0.290,0.065,base_link,0
82.094,0.290,0.065,base_link,0
82.144,0.300,0.055,base_link,0
82.194,0.300,0.055,base_link,0
82.244,0.300,0.044,base_link,0
82.294,0.300,0.044,base_link,0
82.345,0.300,0.027,base_link,0
82.394,0.300,0.027,base_link,0
82.446,0.300,-0.057,base_link,0
82.494,0.300,-0.057,base_link,0
82.544,0.289,-0.060,base_link,0
82.595,0.289,-0.060,base_link,0
82.645,0.300,-0.065,base_link,0
82.694,0.300,-0.065,base_link,0
82.745,0.300,-0.071,base_link,0
82.794,0.300,-0.071,base_link,0
82.845,0.300,-0.064,base_link,0
82.894,0.300,-0.064,base_link,0
82.945,0.300,-0.070,base_link,0
82.994,0.300,-0.070,base_link,0
83.044,0.300,-0.064,base_link,0
83.095,0.300,-0.064,base_link,0
83.144,0.300,-0.068,base_link,0
83.194,0.300,-0.068,base_link,0
83.245,0.300,-0.058,base_link,0
83.294,0.300,-0.058,base_link,0
83.345,0.300,-0.060,base_link,0
83.394,0.300,-0.060,base_link,0
83.445,0.300,-0.013,base_link,0
83.494,0.300,-0.013,base_link,0
83.544,0.300,-0.016,base_link,0
83.594,0.300,-0.016,base_link,0
83.645,0.289,-0.002,base_link,0
83.695,0.289,-0.002,base_link,0
83.745,0.300,-0.015,base_link,0
83.794,0.300,-0.015,base_link,0
83.845,0.300,-0.015,base_link,0
83.895,0.300,-0.015,base_link,0
83.944,0.287,-0.009,base_link,0
83.994,0.287,-0.009,base_link,0
84.045,0.300,0.000,base_link,0
84.098,0.300,0.000,base_link,0
84.144,0.300,-0.012,base_link,0
84.195,0.300,-0.012,base_link,0
84.244,0.300,-0.008,base_link,0
84.294,0.300,-0.008,base_link,0
84.349,0.300,0.000,base_link,0
84.394,0.300,0.000,base_link,0
84.445,0.300,-0.050,base_link,0
84.494,0.300,-0.050,base_link,0
84.545,0.300,-0.007,base_link,0
84.594,0.300,-0.007,base_link,0
84.645,0.300,-0.003,base_link,0
84.694,0.300,-0.003,base_link,0
84.744,0.300,-0.013,base_link,0
84.794,0.300,-0.013,base_link,0
84.844,0.300,-0.008,base_link,0
84.894,0.300,-0.008,base_link,0
84.944,0.300,-0.005,base_link,0
84.994,0.300,-0.005,base_link,0
85.044,0.300,-0.010,base_link,0
85.095,0.300,-0.010,base_link,0
85.145,0.300,-0.015,base_link,0
85.195,0.300,-0.015,base_link,0
85.244,0.290,-0.002,base_link,0
85.294,0.290,-0.002,base_link,0
85.346,0.300,-0.007,base_link,0
85.394,0.300,-0.007,base_link,0
85.449,0.300,-0.013,base_link,0
85.494,0.300,-0.013,base_link,0
85.544,0.300,-0.005,base_link,0
85.594,0.300,-0.005,base_link,0
85.644,0.300,-0.007,base_link,0
85.694,0.300,-0.007,base_link,0
85.745,0.300,-0.015,base_link,0
85.794,0.300,-0.015,base_link,0
85.844,0.300,-0.016,base_link,0
85.894,0.300,-0.016,base_link,0
85.944,0.300,-0.011,base_link,0
85.994,0.300,-0.011,base_link,0
86.044,0.300,-0.004,base_link,0
86.094,0.300,-0.004,base_link,0
86.144,0.300,-0.015,base_link,0
86.194,0.300,-0.015,base_link,0
86.245,0.300,0.015,base_link,0
86.295,0.300,0.015,base_link,0
86.346,0.300,0.017,base_link,0
86.394,0.300,0.017,base_link,0
86.445,0.300,0.016,base_link,0
86.494,0.300,0.016,base_link,0
86.544,0.300,0.013,base_link,0
86.594,0.300,0.013,base_link,0
86.644,0.300,0.015,base_link,0
86.694,0.300,0.015,base_link,0
86.745,0.300,0.020,base_link,0
86.794,0.300,0.020,base_link,0
86.845,0.290,0.017,base_link,0
86.894,0.290,0.017,base_link,0
86.944,0.300,-0.009,base_link,0
86.994,0.300,-0.009,base_link,0
87.044,0.300,0.011,base_link,0
87.094,0.300,0.011,base_link,0
87.144,0.300,0.004,base_link,0
87.194,0.300,0.004,base_link,0
87.246,0.300,0.013,base_link,0
87.294,0.300,0.013,base_link,0
87.346,0.300,0.000,base_link,0
87.394,0.300,0.000,base_link,0
87.444,0.300,0.000,base_link,0
87.494,0.300,0.000,base_link,0
87.545,0.300,0.000,base_link,0
87.594,0.300,0.000,base_link,0
87.644,0.300,-0.061,base_link,0
87.694,0.300,-0.061,base_link,0
87.744,0.300,-0.001,base_link,0
87.795,0.300,-0.001,base_link,0
87.845,0.300,-0.004,base_link,0
87.894,0.300,-0.004,base_link,0
87.944,0.300,-0.006,base_link,0
87.995,0.300,-0.006,base_link,0
88.044,0.300,-0.006,base_link,0
88.096,0.300,-0.006,base_link,0
88.144,0.300,-0.004,base_link,0
88.195,0.300,-0.004,base_link,0
88.244,0.291,-0.006,base_link,0
88.294,0.291,-0.006,base_link,0
88.344,0.300,-0.001,base_link,0
88.394,0.300,-0.001,base_link,0
88.444,0.300,-0.002,base_link,0
88.494,0.300,-0.002,base_link,0
88.545,0.289,-0.000,base_link,0
88.594,0.289,-0.000,base_link,0
88.646,0.300,0.015,base_link,0
88.694,0.300,0.015,base_link,0
88.744,0.300,0.013,base_link,0
88.795,0.300,0.013,base_link,0
88.845,0.300,0.009,base_link,0
88.896,0.300,0.009,base_link,0
88.944,0.300,0.020,base_link,0
88.994,0.300,0.020,base_link,0
89.044,0.300,0.020,base_link,0
89.095,0.300,0.020,base_link,0
89.145,0.300,0.007,base_link,0
89.194,0.300,0.007,base_link,0
89.245,0.300,0.014,base_link,0
89.294,0.300,0.014,base_link,0
89.344,0.300,0.009,base_link,0
89.394,0.300,0.009,base_link,0
89.445,0.300,0.029,base_link,0
89.494,0.300,0.029,base_link,0
89.545,0.300,0.024,base_link,0
89.595,0.300,0.024,base_link,0
89.644,0.300,-0.045,base_link,0
89.694,0.300,-0.045,base_link,0
89.744,0.288,-0.041,base_link,0
89.794,0.288,-0.041,base_link,0
89.845,0.290,-0.047,base_link,0
89.894,0.290,-0.047,base_link,0
89.945,0.278,-0.047,base_link,0
89.994,0.278,-0.047,base_link,0
90.044,0.300,-0.044,base_link,0
90.094,0.300,-0.044,base_link,0
90.144,0.300,-0.051,base_link,0
90.194,0.300,-0.051,base_link,0
90.245,0.300,-0.040,base_link,0
90.295,0.300,-0.040,base_link,0
90.345,0.300,-0.043,base_link,0
90.395,0.300,-0.043,base_link,0
90.445,0.300,-0.041,base_link,0
90.494,0.300,-0.041,base_link,0
90.544,0.300,-0.035,base_link,0
90.595,0.300,-0.035,base_link,0
90.645,0.300,-0.033,base_link,0
90.694,0.300,-0.033,base_link,0
90.744,0.300,-0.021,base_link,0
90.794,0.295,-0.021,base_link,0
90.844,0.295,-0.027,base_link,0
90.894,0.295,-0.027,base_link,0
90.945,0.295,-0.023,base_link,0
90.995,0.279,-0.023,base_link,0
91.046,0.279,-0.016,base_link,0
91.094,0.266,-0.016,base_link,0
91.144,0.256,-0.021,base_link,0
91.196,0.256,-0.021,base_link,0
91.245,0.256,-0.011,base_link,0
91.294,0.256,-0.011,base_link,0
91.345,0.250,-0.006,base_link,0
91.395,0.250,-0.006,base_link,0
91.445,0.250,-0.010,base_link,0
91.495,0.250,-0.010,base_link,0
91.545,0.238,-0.035,base_link,0
91.595,0.238,-0.035,base_link,0
91.645,0.238,-0.029,base_link,0
91.695,0.238,-0.029,base_link,0
91.744,0.221,-0.026,base_link,0
91.794,0.221,-0.026,base_link,0
91.845,0.221,-0.020,base_link,0
91.894,0.221,-0.020,base_link,0
91.944,0.207,-0.015,base_link,0
91.995,0.207,-0.015,base_link,0
92.045,0.224,-0.011,base_link,0
92.094,0.224,-0.011,base_link,0
92.144,0.224,-0.019,base_link,0
92.195,0.224,-0.019,base_link,0
92.244,0.221,-0.012,base_link,0
92.295,0.221,-0.012,base_link,0
92.345,0.221,-0.013,base_link,0
92.394,0.221,-0.013,base_link,0
92.444,0.221,-0.000,base_link,0
92.494,0.221,-0.000,base_link,0
92.544,0.221,0.000,base_link,0
92.594,0.207,0.000,base_link,0
92.645,0.207,0.000,base_link,0
92.694,0.207,0.000,base_link,0
92.745,0.207,-0.078,base_link,0
92.795,0.207,-0.078,base_link,0
92.845,0.198,0.000,base_link,0
92.894,0.195,0.000,base_link,0
92.944,0.195,0.000,base_link,0
92.995,0.195,0.000,base_link,0
93.045,0.195,0.006,base_link,0
93.094,0.195,0.006,base_link,0
93.144,0.195,0.012,base_link,0
93.195,0.195,0.012,base_link,0
93.244,0.195,-0.026,base_link,0
93.294,0.195,-0.026,base_link,0
93.345,0.195,-0.075,base_link,0
93.394,0.195,-0.075,base_link,0
93.445,0.195,-0.063,base_link,0
93.494,0.195,-0.063,base_link,0
93.544,0.195,-0.060,base_link,0
93.594,0.195,-0.060,base_link,0
93.645,0.195,-0.061,base_link,0
93.694,0.195,-0.061,base_link,0
93.745,0.195,-0.048,base_link,0
93.795,0.195,-0.048,base_link,0
93.845,0.195,-0.031,base_link,0
93.894,0.195,-0.031,base_link,0
93.945,0.195,-0.042,base_link,0
93.994,0.195,-0.042,base_link,0
94.044,0.195,-0.008,base_link,0
94.096,0.195,-0.008,base_link,0
94.144,0.195,-0.045,base_link,0
94.194,0.195,-0.045,base_link,0
94.245,0.195,-0.009,base_link,0
94.295,0.195,-0.009,base_link,0
94.345,0.195,-0.016,base_link,0
94.394,0.195,-0.016,base_link,0
94.444,0.195,-0.015,base_link,0
94.494,0.195,-0.015,base_link,0
94.545,0.195,-0.014,base_link,0
94.595,0.195,-0.014,base_link,0
94.644,0.195,-0.016,base_link,0
94.695,0.195,-0.016,base_link,0
94.744,0.195,-0.003,base_link,0
94.794,0.195,-0.003,base_link,0
94.844,0.195,0.000,base_link,0
94.894,0.195,0.000,base_link,0
94.945,0.000,0.000,base_link,0
94.994,0.000,0.000,base_link,0
95.044,0.000,0.000,base_link,0
95.094,0.000,0.000,base_link,0
95.145,0.000,0.000,base_link,0
95.194,0.000,0.000,base_link,0
95.245,0.000,0.000,stop,0
95.294,0.000,0.000,stop,0
95.344,0.000,0.000,stop,0
95.394,0.000,0.000,stop,0
95.444,0.124,0.007,base_link,0
95.495,0.124,0.007,base_link,0
95.545,0.088,0.000,base_link,0
95.595,0.088,0.000,base_link,0
95.645,0.088,-0.001,base_link,0
95.694,0.088,-0.001,base_link,0
95.744,0.107,0.003,base_link,0
95.794,0.107,0.003,base_link,0
95.844,0.148,-0.040,base_link,0
95.894,0.148,-0.040,base_link,0
95.945,0.184,-0.036,base_link,0
95.999,0.184,-0.036,base_link,0
96.044,0.185,-0.022,base_link,0
96.094,0.185,-0.022,base_link,0
96.145,0.187,-0.022,base_link,0
96.196,0.187,-0.022,base_link,0
96.244,0.195,-0.004,base_link,0
96.294,0.195,-0.004,base_link,0
96.345,0.195,0.024,base_link,0
96.394,0.195,0.024,base_link,0
96.444,0.195,0.024,base_link,0
96.495,0.173,0.024,base_link,0
96.544,0.173,0.030,base_link,0
96.594,0.173,0.030,base_link,0
96.645,0.173,0.000,base_link,0
96.694,0.173,0.000,base_link,0
96.745,0.168,0.000,base_link,0
96.794,0.173,0.000,base_link,0
96.845,0.173,0.000,base_link,0
96.895,0.173,0.000,base_link,0
96.944,0.173,0.000,base_link,0
96.994,0.173,0.000,base_link,0
97.046,0.168,0.000,base_link,0
97.095,0.173,0.000,base_link,0
97.144,0.173,-0.001,base_link,0
97.194,0.173,-0.001,base_link,0
97.245,0.173,0.000,base_link,0
97.294,0.173,0.000,base_link,0
97.345,0.173,0.011,base_link,0
97.396,0.173,0.011,base_link,0
97.445,0.173,0.016,base_link,0
97.494,0.173,0.016,base_link,0
97.544,0.173,0.004,base_link,0
97.595,0.173,0.004,base_link,0
97.645,0.168,0.007,base_link,0
97.694,0.173,0.007,base_link,0
97.744,0.173,0.003,base_link,0
97.794,0.173,0.003,base_link,0
97.844,0.173,0.016,base_link,0
97.894,0.173,0.016,base_link,0
97.944,0.173,0.018,base_link,0
97.994,0.173,0.018,base_link,0
98.045,0.173,0.016,base_link,0
98.094,0.173,0.016,base_link,0
98.144,0.173,0.017,base_link,0
98.194,0.168,0.017,base_link,0
98.244,0.168,0.011,base_link,0
98.294,0.168,0.011,base_link,0
98.345,0.173,0.043,base_link,0
98.394,0.173,0.043,base_link,0
98.444,0.168,0.019,base_link,0
98.494,0.168,0.019,base_link,0
98.546,0.168,0.022,base_link,0
98.594,0.168,0.022,base_link,0
98.645,0.168,0.020,base_link,0
98.694,0.168,0.020,base_link,0
98.745,0.168,0.006,base_link,0
98.794,0.168,0.006,base_link,0
98.844,0.168,0.010,base_link,0
98.895,0.168,0.010,base_link,0
98.944,0.168,0.016,base_link,0
98.994,0.168,0.016,base_link,0
99.044,0.168,0.009,base_link,0
99.094,0.168,0.009,base_link,0
99.145,0.168,0.008,base_link,0
99.194,0.168,0.008,base_link,0
99.244,0.168,0.014,base_link,0
99.294,0.168,0.014,base_link,0
99.344,0.168,0.008,base_link,0
99.395,0.168,0.008,base_link,0
99.444,0.168,0.010,base_link,0
99.494,0.168,0.010,base_link,0
99.546,0.168,0.011,base_link,0
99.594,0.173,0.011,base_link,0
99.644,0.173,0.007,base_link,0
99.694,0.173,0.007,base_link,0
99.744,0.173,0.055,base_link,0
99.794,0.173,0.055,base_link,0
99.844,0.184,0.053,base_link,0
99.894,0.184,0.053,base_link,0
99.945,0.184,0.056,base_link,0
99.994,0.184,0.056,base_link,0
100.045,0.184,0.046,base_link,0
100.094,0.184,0.046,base_link,0
100.144,0.201,0.051,base_link,0
100.194,0.201,0.051,base_link,0
100.245,0.201,0.043,base_link,0
100.295,0.201,0.043,base_link,0
100.345,0.201,0.048,base_link,0
100.394,0.201,0.048,base_link,0
100.445,0.221,0.046,base_link,0
100.494,0.221,0.046,base_link,0
100.544,0.221,0.042,base_link,0
100.594,0.221,0.042,base_link,0
100.645,0.221,0.033,base_link,0
100.695,0.243,0.033,base_link,0
100.744,0.243,0.031,base_link,0
100.794,0.243,0.031,base_link,0
100.845,0.243,0.026,base_link,0
100.894,0.243,0.026,base_link,0
100.944,0.247,0.063,base_link,0
100.994,0.247,0.063,base_link,0
101.044,0.247,0.072,base_link,0
101.094,0.247,0.072,base_link,0
101.144,0.247,0.058,base_link,0
101.194,0.247,0.058,base_link,0
101.244,0.247,0.054,base_link,0
101.294,0.247,0.054,base_link,0
101.344,0.243,0.048,base_link,0
101.394,0.243,0.048,base_link,0
101.445,0.243,0.055,base_link,0
101.495,0.243,0.055,base_link,0
101.544,0.247,0.045,base_link,0
101.594,0.247,0.045,base_link,0
101.644,0.247,0.039,base_link,0
101.694,0.247,0.039,base_link,0
101.744,0.247,0.036,base_link,0
101.794,0.247,0.036,base_link,0
101.844,0.247,0.063,base_link,0
101.894,0.250,0.063,base_link,0
101.944,0.250,0.030,base_link,0
101.994,0.250,0.030,base_link,0
102.045,0.256,0.042,base_link,0
102.095,0.256,0.042,base_link,0
102.145,0.256,0.007,base_link,0
102.194,0.256,0.007,base_link,0
102.244,0.256,0.046,base_link,0
102.295,0.266,0.046,base_link,0
102.345,0.266,0.046,base_link,0
102.395,0.266,0.046,base_link,0
102.445,0.266,0.041,base_link,0
102.494,0.279,0.041,base_link,0
102.545,0.266,0.039,base_link,0
102.595,0.266,0.039,base_link,0
102.645,0.254,0.035,base_link,0
102.694,0.254,0.035,base_link,0
102.744,0.253,0.026,base_link,0
102.794,0.253,0.026,base_link,0
102.844,0.231,0.031,base_link,0
102.894,0.231,0.031,base_link,0
102.945,0.207,0.026,base_link,0
102.994,0.207,0.026,base_link,0
103.045,0.198,0.026,base_link,0
103.094,0.198,0.026,base_link,0
103.144,0.185,0.019,base_link,0
103.194,0.185,0.019,base_link,0
103.245,0.181,0.017,base_link,0
103.294,0.181,0.017,base_link,0
103.345,0.154,0.020,base_link,0
103.394,0.154,0.020,base_link,0
103.444,0.161,0.011,base_link,0
103.494,0.161,0.011,base_link,0
103.545,0.153,0.000,base_link,0
103.594,0.153,0.000,base_link,0
103.644,0.148,-0.007,base_link,0
103.694,0.148,-0.007,base_link,0
103.744,0.125,0.011,base_link,0
103.794,0.125,0.011,base_link,0
103.844,0.043,0.000,base_link,0
103.894,0.043,0.000,base_link,0
103.945,0.056,-0.000,base_link,0
103.994,0.056,-0.000,base_link,0
104.044,0.052,0.000,base_link,0
104.094,0.052,0.000,base_link,0
104.145,0.017,-0.000,base_link,0
104.194,0.017,-0.000,base_link,0
104.245,0.000,-0.300,base_link,0
104.294,0.000,-0.300,base_link,0
104.344,0.000,-0.300,base_link,0
104.395,0.000,-0.300,base_link,0
104.444,0.000,-0.300,base_link,0
104.494,0.000,-0.300,base_link,0
104.544,0.000,-0.330,base_link,0
104.594,0.000,-0.330,base_link,0
104.644,0.000,-0.400,base_link,0
104.694,0.000,-0.400,base_link,0
104.744,0.000,-0.400,base_link,0
104.795,0.000,-0.400,base_link,0
104.844,0.000,-0.400,base_link,0
104.894,0.000,-0.400,base_link,0
104.945,0.000,-0.400,base_link,0
104.994,0.000,-0.400,base_link,0
105.044,0.000,-0.400,base_link,0
105.094,0.000,-0.400,base_link,0
105.144,0.000,-0.400,base_link,0
105.194,0.000,-0.400,base_link,0
105.244,0.000,-0.400,base_link,0
105.294,0.000,-0.400,base_link,0
105.344,0.000,-0.400,base_link,0
105.394,0.000,-0.400,base_link,0
105.444,0.000,-0.400,base_link,0
105.494,0.000,-0.400,base_link,0
105.544,0.000,-0.400,base_link,0
105.594,0.000,-0.400,base_link,0
105.644,0.000,-0.400,base_link,0
105.695,0.000,-0.400,base_link,0
105.744,0.000,-0.400,base_link,0
105.794,0.000,-0.400,base_link,0
105.844,0.000,-0.400,base_link,0
105.894,0.000,-0.400,base_link,0
105.944,0.000,-0.400,base_link,0
105.994,0.000,-0.400,base_link,0
106.044,0.000,-0.400,base_link,0
106.094,0.000,-0.400,base_link,0
106.144,0.000,-0.400,base_link,0
106.194,0.000,-0.400,base_link,0
106.244,0.000,-0.400,base_link,0
106.294,0.000,-0.400,base_link,0
106.344,0.000,-0.400,base_link,0
106.394,0.000,-0.400,base_link,0
106.444,0.000,-0.400,base_link,0
106.494,0.000,-0.400,base_link,0
106.545,0.000,-0.400,base_link,0
106.594,0.000,-0.400,base_link,0
106.645,0.000,-0.400,base_link,0
106.694,0.000,-0.400,base_link,0
106.744,0.000,-0.400,base_link,0
106.794,0.000,-0.400,base_link,0
106.844,0.000,-0.400,base_link,0
106.894,0.000,-0.400,base_link,0
106.944,0.000,-0.400,base_link,0
106.994,0.000,-0.400,base_link,0
107.045,0.000,-0.400,base_link,0
107.094,0.000,-0.400,base_link,0
107.144,0.000,-0.400,base_link,0
107.194,0.000,-0.400,base_link,0
107.244,0.000,-0.400,base_link,0
107.295,0.000,-0.400,base_link,0
107.344,0.000,-0.400,base_link,0
107.394,0.000,-0.400,base_link,0
107.445,0.000,-0.400,base_link,0
107.495,0.000,-0.400,base_link,0
107.545,0.000,-0.400,base_link,0
107.595,0.000,-0.400,base_link,0
107.647,0.000,-0.384,base_link,0
107.695,0.000,-0.384,base_link,0
107.745,0.000,-0.350,base_link,0
107.795,0.000,-0.350,base_link,0
107.844,0.000,-0.308,base_link,0
107.894,0.000,-0.308,base_link,0
107.945,0.000,0.000,base_link,0
107.994,0.000,0.000,base_link,0
108.045,0.000,0.000,base_link,0
108.094,0.000,0.000,base_link,0
108.144,0.000,0.000,base_link,0
108.195,0.000,0.000,base_link,0
108.244,0.000,0.000,base_link,0
108.294,0.000,0.000,base_link,0
108.344,0.000,0.000,base_link,0
108.394,0.000,0.000,base_link,0
108.444,0.000,0.000,base_link,0
108.494,0.000,0.000,base_link,0
108.544,0.000,0.000,base_link,0
108.595,0.000,0.000,base_link,0
108.644,0.000,0.000,stop,0
108.694,0.000,0.000,stop,0
108.744,0.000,0.000,stop,0
108.794,0.000,0.000,stop,0
108.844,0.000,0.000,stop,0
108.894,0.000,0.000,stop,0
108.944,0.000,0.000,stop,0
108.994,0.000,0.000,stop,0
109.044,0.000,0.000,stop,0
109.094,0.000,0.000,stop,0
109.144,0.000,0.000,stop,0
109.194,0.000,0.000,stop,0
109.244,0.000,0.000,stop,0
109.294,0.000,0.000,stop,0
109.345,0.000,0.000,stop,0
109.394,0.000,0.000,stop,0
109.444,0.000,0.000,stop,0
109.494,0.000,0.000,stop,0
109.544,0.000,0.000,stop,0
109.594,0.000,0.000,stop,0
109.644,0.000,0.000,stop,0
109.694,0.000,0.000,stop,0
109.744,0.000,0.000,stop,0
109.794,0.000,0.000,stop,0
109.844,0.000,0.000,stop,0
109.894,0.000,0.000,stop,0
109.944,0.000,0.000,stop,0
109.994,0.000,0.000,stop,0
110.044,0.000,0.000,stop,0
110.094,0.000,0.000,stop,0
110.144,0.000,0.000,stop,0
110.194,0.000,0.000,stop,0
110.245,0.000,0.000,stop,0
110.294,0.000,0.000,stop,0
110.344,0.000,0.000,stop,0
110.394,0.000,0.000,stop,0
110.444,0.000,0.000,stop,0
110.494,0.000,0.000,stop,0
110.544,0.000,0.000,stop,0
110.594,0.000,0.000,stop,0
110.644,0.000,0.000,stop,0
110.694,0.000,0.000,stop,0
110.744,0.000,0.000,stop,0
110.794,0.000,0.000,stop,0
110.844,0.000,0.000,stop,0
110.894,0.000,0.000,stop,0
110.944,0.000,0.000,stop,0
110.994,0.000,0.000,stop,0
111.044,0.000,0.000,stop,0
111.094,0.000,0.000,stop,0
111.144,0.000,0.000,stop,0
111.194,0.000,0.000,stop,0
111.244,0.000,0.000,stop,0
111.294,0.000,0.000,stop,0
111.344,0.000,0.000,stop,0
111.394,0.000,0.000,stop,0
111.444,0.000,0.000,stop,0
111.494,0.000,0.000,stop,0
111.544,0.000,0.000,stop,0
111.596,0.000,0.000,stop,0
111.644,0.000,0.000,stop,0
111.694,0.000,0.000,stop,0
111.744,0.000,0.000,stop,0
111.794,0.000,0.000,stop,0
111.844,0.000,0.000,stop,0
111.894,0.000,0.000,stop,0
111.944,0.000,0.000,stop,0
111.994,0.000,0.000,stop,0
112.044,0.000,0.000,stop,0
112.094,0.000,0.000,stop,0
112.145,0.000,0.000,stop,0
112.194,0.000,0.000,stop,0
112.244,0.000,0.000,stop,0
112.294,0.000,0.000,stop,0
112.344,0.000,0.000,stop,0
112.394,0.000,0.000,stop,0
112.444,0.000,0.000,stop,0
112.494,0.000,0.000,stop,0
112.544,0.000,0.000,stop,0
112.594,0.000,0.000,stop,0
112.644,0.000,0.000,stop,0
112.694,0.000,0.000,stop,0
112.744,0.000,0.000,stop,0
112.794,0.000,0.000,stop,0
112.844,0.000,0.000,stop,0
112.894,0.000,0.000,stop,0
112.944,0.000,0.000,stop,0
112.994,0.000,0.000,stop,0
113.044,0.000,0.000,stop,0
113.094,0.000,0.000,stop,0
113.144,0.000,0.000,stop,0
113.194,0.000,0.000,stop,0
113.244,0.000,0.000,stop,0
113.294,0.000,0.000,stop,0
113.344,0.000,0.000,stop,0
113.394,0.000,0.000,stop,0
113.444,0.000,0.000,stop,0
113.494,0.000,0.000,stop,0
113.544,0.000,0.000,stop,0
113.594,0.000,0.000,stop,0
113.644,0.000,0.000,stop,0
113.694,0.000,0.000,stop,0
113.744,0.000,0.000,stop,0
113.794,0.000,0.000,stop,0
113.844,0.000,0.000,stop,0
113.894,0.000,0.000,stop,0
113.944,0.000,0.000,stop,0
113.994,0.000,0.000,stop,0
114.044,0.000,0.000,stop,0
114.094,0.000,0.000,stop,0
114.144,0.000,0.000,stop,0
114.194,0.000,0.000,stop,0
114.244,0.000,0.000,stop,0
114.294,0.000,0.000,stop,0
114.344,0.000,0.000,stop,0
114.394,0.000,0.000,stop,0
114.444,0.000,0.000,stop,0
114.494,0.000,0.000,stop,0
114.544,0.000,0.000,stop,0
114.594,0.000,0.000,stop,0
114.644,0.000,0.000,stop,0
114.694,0.000,0.000,stop,0
114.744,0.000,0.000,stop,0
114.794,0.000,0.000,stop,0
114.844,0.000,0.000,stop,0
114.894,0.000,0.000,stop,0
114.945,0.000,0.000,stop,0
114.994,0.000,0.000,stop,0
115.044,0.000,0.000,stop,0
115.094,0.000,0.000,stop,0
115.144,0.000,0.000,stop,0
115.194,0.000,0.000,stop,0
115.244,0.000,0.000,stop,0
115.294,0.000,0.000,stop,0
115.344,0.000,0.000,stop,0
115.394,0.000,0.000,stop,0
115.444,0.000,0.000,stop,0
115.494,0.000,0.000,stop,0
115.544,0.000,0.000,stop,0
115.594,0.000,0.000,stop,0
115.644,0.000,0.000,stop,0
115.694,0.000,0.000,stop,0
115.744,0.000,0.000,stop,0
115.794,0.000,0.000,stop,0
115.844,0.000,0.000,stop,0
115.894,0.000,0.000,stop,0
115.944,0.000,0.000,stop,0
115.994,0.000,0.000,stop,0
116.044,0.000,0.000,stop,0
116.094,0.000,0.000,stop,0
116.144,0.000,0.000,stop,0
116.194,0.000,0.000,stop,0
116.244,0.000,0.000,stop,0
116.294,0.000,0.000,stop,0
116.344,0.000,0.000,stop,0
116.394,0.000,0.000,stop,0
116.444,0.000,0.000,stop,0
116.494,0.000,0.000,stop,0
116.544,0.000,0.000,stop,0
116.594,0.000,0.000,stop,0
116.644,0.000,0.000,stop,0
116.694,0.000,0.000,stop,0
116.744,0.000,0.000,stop,0
116.794,0.000,0.000,stop,0
116.844,0.000,0.000,stop,0
116.894,0.000,0.000,stop,0
116.944,0.000,0.000,stop,0
116.994,0.000,0.000,stop,0
117.044,0.000,0.000,stop,0
117.094,0.000,0.000,stop,0
117.144,0.000,0.000,stop,0
117.194,0.000,0.000,stop,0
117.244,0.000,0.000,stop,0
117.294,0.000,0.000,stop,0
117.344,0.000,0.000,stop,0
117.394,0.000,0.000,stop,0
117.444,0.000,0.000,stop,0
117.494,0.000,0.000,stop,0
117.544,0.000,0.000,stop,0
117.594,0.000,0.000,stop,0
117.644,0.000,0.000,stop,0
117.694,0.000,0.000,stop,0
117.744,0.000,0.000,stop,0
117.794,0.000,0.000,stop,0
117.844,0.000,0.000,stop,0
117.894,0.000,0.000,stop,0
117.944,0.000,0.000,stop,0
117.994,0.000,0.000,stop,0
118.044,0.000,0.000,stop,0
118.094,0.000,0.000,stop,0
118.144,0.000,0.000,stop,0
118.194,0.000,0.000,stop,0
118.244,0.000,0.000,stop,0
118.300,0.000,0.000,stop,0
118.344,0.000,0.000,stop,0
118.394,0.000,0.000,base_link,1
118.445,0.000,0.000,base_link,1
118.494,0.078,0.135,base_link,1
118.544,0.078,0.135,base_link,1
118.594,0.078,0.147,base_link,1
118.645,0.078,0.147,base_link,1
118.694,0.079,0.141,base_link,1
118.744,0.079,0.141,base_link,1
118.794,0.091,0.200,base_link,1
118.845,0.091,0.200,base_link,1
118.894,0.179,0.202,base_link,1
118.944,0.179,0.202,base_link,1
118.994,0.186,0.213,base_link,1
119.045,0.186,0.213,base_link,1
119.095,0.219,0.219,base_link,1
119.145,0.219,0.219,base_link,1
119.194,0.219,0.193,base_link,1
119.244,0.219,0.193,base_link,1
119.295,0.248,0.202,base_link,1
119.344,0.248,0.202,base_link,1
119.394,0.258,0.223,base_link,1
119.444,0.258,0.223,base_link,1
119.494,0.258,0.129,base_link,1
119.544,0.258,0.129,base_link,1
119.594,0.258,0.091,base_link,1
119.645,0.258,0.091,base_link,1
119.694,0.243,0.164,base_link,1
119.745,0.243,0.164,base_link,1
119.795,0.243,0.058,base_link,1
119.844,0.243,0.058,base_link,1
119.894,0.243,0.119,base_link,1
119.944,0.243,0.119,base_link,1
119.994,0.118,0.131,base_link,1
120.044,0.118,0.131,base_link,1
120.096,0.114,0.140,base_link,1
120.144,0.114,0.140,base_link,1
120.195,0.096,0.154,base_link,1
120.244,0.096,0.154,base_link,1
120.294,0.097,0.134,base_link,1
120.344,0.097,0.134,base_link,1
120.394,0.141,0.167,base_link,1
120.444,0.141,0.167,base_link,1
120.494,0.178,0.190,base_link,1
120.545,0.178,0.190,base_link,1
120.594,0.180,0.163,base_link,1
120.644,0.180,0.163,base_link,1
120.694,0.218,0.147,base_link,1
120.744,0.218,0.147,base_link,1
120.795,0.217,0.107,base_link,1
120.844,0.217,0.107,base_link,1
120.895,0.258,0.094,base_link,1
120.945,0.258,0.094,base_link,1
120.994,0.258,0.000,base_link,1
121.044,0.243,0.000,base_link,1
121.094,0.258,-0.040,base_link,1
121.146,0.258,-0.040,base_link,1
121.194,0.258,-0.053,base_link,1
121.244,0.256,-0.053,base_link,1
121.295,0.256,-0.019,base_link,1
121.344,0.256,-0.019,base_link,1
121.394,0.256,-0.047,base_link,1
121.445,0.256,-0.047,base_link,1
121.495,0.256,-0.058,base_link,1
121.544,0.256,-0.058,base_link,1
121.595,0.256,-0.096,base_link,1
121.645,0.256,-0.096,base_link,1
121.694,0.256,-0.009,base_link,1
121.744,0.256,-0.009,base_link,1
121.794,0.256,-0.118,base_link,1
121.845,0.243,-0.118,base_link,1
121.894,0.243,-0.036,base_link,1
121.945,0.256,-0.036,base_link,1
121.994,0.256,-0.160,base_link,1
122.044,0.243,-0.160,base_link,1
122.094,0.243,-0.072,base_link,1
122.145,0.250,-0.072,base_link,1
122.194,0.250,-0.095,base_link,1
122.245,0.250,-0.095,base_link,1
122.294,0.250,-0.088,base_link,1
122.345,0.243,-0.088,base_link,1
122.394,0.243,-0.113,base_link,1
122.445,0.250,-0.113,base_link,1
122.494,0.243,-0.114,base_link,1
122.544,0.243,-0.114,base_link,1
122.595,0.243,-0.135,base_link,1
122.645,0.243,-0.135,base_link,1
122.695,0.243,-0.133,base_link,1
122.745,0.243,-0.133,base_link,1
122.794,0.243,-0.137,base_link,1
122.844,0.243,-0.137,base_link,1
122.894,0.243,-0.149,base_link,1
122.945,0.231,-0.149,base_link,1
122.994,0.231,-0.154,base_link,1
123.045,0.231,-0.154,base_link,1
123.095,0.231,-0.154,base_link,1
123.148,0.231,-0.139,base_link,1
123.195,0.243,-0.143,base_link,1
123.244,0.243,-0.143,base_link,1
123.295,0.231,-0.142,base_link,1
123.345,0.231,-0.142,base_link,1
123.395,0.231,-0.135,base_link,1
123.444,0.231,-0.135,base_link,1
123.494,0.231,-0.027,base_link,1
123.545,0.231,-0.027,base_link,1
123.594,0.231,-0.028,base_link,1
123.644,0.231,-0.028,base_link,1
123.695,0.231,-0.027,base_link,1
123.745,0.231,-0.027,base_link,1
123.794,0.224,-0.038,base_link,1
123.844,0.231,-0.038,base_link,1
123.894,0.231,-0.044,base_link,1
123.945,0.231,-0.044,base_link,1
123.994,0.231,-0.053,base_link,1
124.044,0.231,-0.053,base_link,1
124.096,0.231,-0.050,base_link,1
124.144,0.231,-0.050,base_link,1
124.194,0.231,0.028,base_link,1
124.245,0.224,0.028,base_link,1
124.295,0.224,0.024,base_link,1
124.344,0.231,0.024,base_link,1
124.394,0.231,0.015,base_link,1
124.445,0.224,0.015,base_link,1
124.494,0.224,0.003,base_link,1
124.544,0.231,0.003,base_link,1
124.594,0.231,-0.006,base_link,1
124.644,0.231,-0.006,base_link,1
124.694,0.224,-0.016,base_link,1
124.744,0.231,-0.016,base_link,1
124.794,0.231,-0.028,base_link,1
124.845,0.231,-0.028,base_link,1
124.894,0.231,-0.032,base_link,1
124.946,0.224,-0.032,base_link,1
124.994,0.224,-0.045,base_link,1
125.045,0.231,-0.045,base_link,1
125.094,0.231,-0.052,base_link,1
125.145,0.224,-0.052,base_link,1
125.196,0.224,-0.059,base_link,1
125.245,0.231,-0.059,base_link,1
125.294,0.231,-0.059,base_link,1
125.345,0.231,-0.059,base_link,1
125.395,0.231,-0.067,base_link,1
125.445,0.231,-0.067,base_link,1
125.494,0.231,-0.070,base_link,1
125.545,0.243,-0.070,base_link,1
125.594,0.243,-0.063,base_link,1
125.645,0.231,-0.063,base_link,1
125.695,0.231,-0.078,base_link,1
125.745,0.243,-0.078,base_link,1
125.794,0.243,-0.065,base_link,1
125.844,0.247,-0.065,base_link,1
125.895,0.247,-0.069,base_link,1
125.945,0.247,-0.069,base_link,1
125.995,0.247,-0.071,base_link,1
126.044,0.247,-0.071,base_link,1
126.094,0.247,-0.068,base_link,1
126.145,0.247,-0.068,base_link,1
126.195,0.247,-0.071,base_link,1
126.244,0.247,-0.071,base_link,1
126.294,0.247,-0.076,base_link,1
126.344,0.247,-0.076,base_link,1
126.394,0.247,-0.072,base_link,1
126.444,0.247,-0.072,base_link,1
126.494,0.247,-0.068,base_link,1
126.546,0.247,-0.068,base_link,1
126.594,0.247,-0.069,base_link,1
126.645,0.276,-0.069,base_link,1
126.694,0.276,-0.071,base_link,1
126.756,0.276,-0.071,base_link,1
126.794,0.276,-0.062,base_link,1
126.844,0.281,-0.062,base_link,1
126.894,0.281,-0.054,base_link,1
126.945,0.281,-0.054,base_link,1
126.994,0.281,-0.059,base_link,1
127.044,0.281,-0.059,base_link,1
127.094,0.290,-0.041,base_link,1
127.145,0.290,-0.041,base_link,1
127.194,0.290,-0.008,base_link,1
127.247,0.300,-0.008,base_link,1
127.294,0.300,-0.010,base_link,1
127.345,0.300,-0.010,base_link,1
127.394,0.300,-0.004,base_link,1
127.444,0.300,-0.004,base_link,1
127.495,0.300,-0.007,base_link,1
127.545,0.300,-0.007,base_link,1
127.594,0.300,-0.011,base_link,1
127.645,0.300,-0.011,base_link,1
127.694,0.300,-0.010,base_link,1
127.744,0.300,-0.010,base_link,1
127.794,0.290,-0.005,base_link,1
127.845,0.290,-0.005,base_link,1
127.894,0.300,-0.022,base_link,1
127.945,0.300,-0.022,base_link,1
127.994,0.300,-0.023,base_link,1
128.044,0.300,-0.023,base_link,1
128.095,0.300,-0.021,base_link,1
128.144,0.300,-0.021,base_link,1
128.194,0.300,-0.024,base_link,1
128.244,0.300,-0.024,base_link,1
128.294,0.300,0.000,base_link,1
128.344,0.300,0.000,base_link,1
128.395,0.300,-0.002,base_link,1
128.444,0.300,-0.002,base_link,1
128.495,0.300,0.000,base_link,1
128.544,0.300,0.000,base_link,1
128.594,0.290,0.000,base_link,1
128.644,0.290,0.000,base_link,1
128.694,0.300,-0.012,base_link,1
128.744,0.290,-0.012,base_link,1
128.794,0.290,-0.014,base_link,1
128.845,0.290,-0.014,base_link,1
128.894,0.290,-0.013,base_link,1
128.945,0.281,-0.013,base_link,1
128.994,0.281,-0.016,base_link,1
129.046,0.281,-0.016,base_link,1
129.094,0.281,-0.021,base_link,1
129.147,0.276,-0.021,base_link,1
129.196,0.276,-0.021,base_link,1
129.245,0.276,-0.021,base_link,1
129.294,0.276,-0.018,base_link,1
129.345,0.274,-0.018,base_link,1
129.394,0.274,-0.027,base_link,1
129.445,0.274,-0.027,base_link,1
129.494,0.274,-0.029,base_link,1
129.544,0.274,-0.029,base_link,1
129.594,0.274,-0.022,base_link,1
129.644,0.274,-0.022,base_link,1
129.694,0.274,-0.035,base_link,1
129.744,0.274,-0.035,base_link,1
129.794,0.274,-0.033,base_link,1
129.844,0.274,-0.033,base_link,1
129.894,0.274,-0.033,base_link,1
129.946,0.274,-0.033,base_link,1
129.995,0.274,-0.027,base_link,1
130.044,0.274,-0.027,base_link,1
130.095,0.274,-0.022,base_link,1
130.144,0.274,-0.022,base_link,1
130.194,0.274,-0.024,base_link,1
130.244,0.274,-0.024,base_link,1
130.294,0.274,0.016,base_link,1
130.345,0.274,0.016,base_link,1
130.395,0.274,-0.017,base_link,1
130.444,0.274,-0.017,base_link,1
130.494,0.274,-0.016,base_link,1
130.545,0.274,-0.016,base_link,1
130.594,0.274,-0.023,base_link,1
130.644,0.274,-0.023,base_link,1
130.698,0.274,-0.016,base_link,1
130.744,0.274,-0.016,base_link,1
130.794,0.274,-0.022,base_link,1
130.844,0.274,-0.022,base_link,1
130.895,0.274,-0.025,base_link,1
130.945,0.274,-0.025,base_link,1
130.994,0.274,0.030,base_link,1
131.044,0.274,0.030,base_link,1
131.094,0.274,0.027,base_link,1
131.146,0.274,0.027,base_link,1
131.194,0.274,0.017,base_link,1
131.245,0.274,0.017,base_link,1
131.295,0.274,0.021,base_link,1
131.344,0.274,0.021,base_link,1
131.394,0.274,0.016,base_link,1
131.445,0.274,0.016,base_link,1
131.494,0.274,-0.024,base_link,1
131.545,0.274,-0.024,base_link,1
131.595,0.274,-0.029,base_link,1
131.644,0.274,-0.029,base_link,1
131.694,0.274,0.020,base_link,1
131.745,0.274,0.020,base_link,1
131.794,0.274,-0.029,base_link,1
131.844,0.274,-0.029,base_link,1
131.894,0.274,-0.033,base_link,1
131.945,0.274,-0.033,base_link,1
131.994,0.274,-0.028,base_link,1
132.045,0.274,-0.028,base_link,1
132.094,0.274,0.019,base_link,1
132.144,0.274,0.019,base_link,1
132.194,0.274,-0.030,base_link,1
132.244,0.274,-0.030,base_link,1
132.298,0.274,-0.035,base_link,1
132.344,0.274,-0.035,base_link,1
132.394,0.274,-0.026,base_link,1
132.444,0.274,-0.026,base_link,1
132.495,0.274,0.012,base_link,1
132.544,0.274,0.012,base_link,1
132.594,0.274,-0.037,base_link,1
132.645,0.274,-0.037,base_link,1
132.694,0.274,0.009,base_link,1
132.744,0.274,0.009,base_link,1
132.794,0.274,0.016,base_link,1
132.844,0.274,0.016,base_link,1
132.894,0.274,0.036,base_link,1
132.944,0.274,0.036,base_link,1
132.994,0.274,0.035,base_link,1
133.045,0.274,0.035,base_link,1
133.094,0.274,0.044,base_link,1
133.145,0.274,0.044,base_link,1
133.194,0.274,0.007,base_link,1
133.244,0.274,0.007,base_link,1
133.294,0.274,0.000,base_link,1
133.346,0.274,0.000,base_link,1
133.394,0.274,0.000,base_link,1
133.444,0.274,0.000,base_link,1
133.494,0.274,-0.006,base_link,1
133.544,0.274,-0.006,base_link,1
133.594,0.274,0.017,base_link,1
133.644,0.274,0.017,base_link,1
133.694,0.274,0.007,base_link,1
133.745,0.274,0.007,base_link,1
133.794,0.274,0.011,base_link,1
133.844,0.274,0.011,base_link,1
133.894,0.274,0.000,base_link,1
133.945,0.274,0.000,base_link,1
133.994,0.274,-0.005,base_link,1
134.045,0.274,-0.005,base_link,1
134.094,0.274,0.000,base_link,1
134.144,0.274,0.000,base_link,1
134.194,0.274,-0.003,base_link,1
134.245,0.274,-0.003,base_link,1
134.294,0.274,-0.013,base_link,1
134.345,0.274,-0.013,base_link,1
134.394,0.274,-0.013,base_link,1
134.445,0.274,-0.013,base_link,1
134.494,0.274,-0.010,base_link,1
134.545,0.274,-0.010,base_link,1
134.594,0.274,-0.010,base_link,1
134.645,0.274,-0.010,base_link,1
134.694,0.274,-0.015,base_link,1
134.745,0.274,-0.015,base_link,1
134.794,0.274,-0.023,base_link,1
134.845,0.274,-0.023,base_link,1
134.894,0.274,-0.021,base_link,1
134.944,0.274,-0.021,base_link,1
134.994,0.274,-0.017,base_link,1
135.045,0.274,-0.017,base_link,1
135.094,0.274,-0.014,base_link,1
135.145,0.274,-0.014,base_link,1
135.194,0.274,-0.017,base_link,1
135.245,0.274,-0.017,base_link,1
135.294,0.274,0.032,base_link,1
135.344,0.274,0.032,base_link,1
135.394,0.274,0.025,base_link,1
135.444,0.274,0.025,base_link,1
135.494,0.274,-0.026,base_link,1
135.544,0.274,-0.026,base_link,1
135.594,0.274,-0.015,base_link,1
135.645,0.274,-0.015,base_link,1
135.695,0.274,-0.028,base_link,1
135.745,0.274,-0.028,base_link,1
135.795,0.274,-0.020,base_link,1
135.845,0.274,-0.020,base_link,1
135.895,0.274,-0.026,base_link,1
135.945,0.274,-0.026,base_link,1
135.994,0.274,-0.025,base_link,1
136.045,0.274,-0.025,base_link,1
136.094,0.274,-0.013,base_link,1
136.145,0.274,-0.013,base_link,1
136.194,0.274,-0.011,base_link,1
136.244,0.274,-0.011,base_link,1
136.294,0.274,-0.011,base_link,1
136.345,0.274,-0.011,base_link,1
136.394,0.274,-0.016,base_link,1
136.444,0.274,-0.016,base_link,1
136.494,0.274,-0.012,base_link,1
136.544,0.274,-0.012,base_link,1
136.594,0.274,-0.012,base_link,1
136.644,0.274,-0.012,base_link,1
136.694,0.274,-0.010,base_link,1
136.744,0.274,-0.010,base_link,1
136.795,0.274,-0.015,base_link,1
136.845,0.274,-0.015,base_link,1
136.895,0.274,-0.016,base_link,1
136.945,0.274,-0.016,base_link,1
136.994,0.274,-0.010,base_link,1
137.045,0.274,-0.010,base_link,1
137.095,0.274,-0.009,base_link,1
137.145,0.274,-0.009,base_link,1
137.194,0.274,-0.017,base_link,1
137.244,0.274,-0.017,base_link,1
137.295,0.274,-0.018,base_link,1
137.344,0.274,-0.018,base_link,1
137.394,0.274,-0.005,base_link,1
137.444,0.274,-0.005,base_link,1
137.494,0.274,-0.009,base_link,1
137.544,0.274,-0.009,base_link,1
137.594,0.274,-0.006,base_link,1
137.644,0.274,-0.006,base_link,1
137.695,0.274,-0.009,base_link,1
137.745,0.274,-0.009,base_link,1
137.794,0.274,-0.008,base_link,1
137.845,0.274,-0.008,base_link,1
137.894,0.274,-0.016,base_link,1
137.944,0.274,-0.016,base_link,1
137.994,0.274,-0.009,base_link,1
138.048,0.274,-0.009,base_link,1
138.094,0.274,-0.003,base_link,1
138.144,0.274,-0.003,base_link,1
138.194,0.274,-0.015,base_link,1
138.244,0.274,-0.015,base_link,1
138.295,0.274,-0.012,base_link,1
138.344,0.274,-0.012,base_link,1
138.395,0.274,-0.009,base_link,1
138.445,0.274,-0.009,base_link,1
138.494,0.274,0.073,base_link,1
138.544,0.274,0.073,base_link,1
138.594,0.274,-0.005,base_link,1
138.645,0.274,-0.005,base_link,1
138.694,0.274,-0.010,base_link,1
138.749,0.274,-0.010,base_link,1
138.794,0.274,-0.006,base_link,1
138.844,0.274,-0.006,base_link,1
138.895,0.274,-0.005,base_link,1
138.944,0.274,-0.005,base_link,1
138.994,0.274,-0.006,base_link,1
139.045,0.274,-0.006,base_link,1
139.094,0.274,-0.009,base_link,1
139.145,0.274,-0.009,base_link,1
139.194,0.274,-0.003,base_link,1
139.244,0.274,-0.003,base_link,1
139.294,0.274,-0.009,base_link,1
139.344,0.274,-0.009,base_link,1
139.394,0.274,-0.005,base_link,1
139.444,0.274,-0.005,base_link,1
139.494,0.274,-0.001,base_link,1
139.545,0.274,-0.001,base_link,1
139.594,0.274,-0.009,base_link,1
139.645,0.274,-0.009,base_link,1
139.694,0.274,-0.006,base_link,1
139.745,0.274,-0.006,base_link,1
139.794,0.274,-0.012,base_link,1
139.845,0.274,-0.012,base_link,1
139.895,0.274,-0.002,base_link,1
139.945,0.274,-0.002,base_link,1
139.995,0.274,-0.004,base_link,1
140.044,0.274,-0.004,base_link,1
140.094,0.274,-0.009,base_link,1
140.145,0.274,-0.009,base_link,1
140.194,0.274,0.000,base_link,1
140.244,0.274,0.000,base_link,1
140.294,0.274,-0.006,base_link,1
140.345,0.274,-0.006,base_link,1
140.394,0.274,-0.006,base_link,1
140.444,0.274,-0.006,base_link,1
140.494,0.274,-0.004,base_link,1
140.545,0.274,-0.004,base_link,1
140.595,0.274,-0.010,base_link,1
140.645,0.274,-0.010,base_link,1
140.694,0.274,0.040,base_link,1
140.744,0.274,0.040,base_link,1
140.794,0.274,0.039,base_link,1
140.845,0.274,0.039,base_link,1
140.894,0.274,0.040,base_link,1
140.945,0.274,0.040,base_link,1
140.994,0.274,0.030,base_link,1
141.044,0.274,0.030,base_link,1
141.095,0.274,0.026,base_link,1
141.144,0.274,0.026,base_link,1
141.194,0.274,0.030,base_link,1
141.245,0.274,0.030,base_link,1
141.294,0.274,0.022,base_link,1
141.344,0.274,0.022,base_link,1
141.394,0.274,0.021,base_link,1
141.444,0.274,0.021,base_link,1
141.494,0.274,0.025,base_link,1
141.544,0.274,0.025,base_link,1
141.595,0.274,0.022,base_link,1
141.645,0.274,0.022,base_link,1
141.694,0.274,0.019,base_link,1
141.744,0.274,0.019,base_link,1
141.794,0.274,0.022,base_link,1
141.845,0.274,0.022,base_link,1
141.895,0.274,0.024,base_link,1
141.945,0.274,0.024,base_link,1
141.994,0.274,0.047,base_link,1
142.053,0.274,0.047,base_link,1
142.095,0.274,0.029,base_link,1
142.144,0.274,0.029,base_link,1
142.194,0.274,0.031,base_link,1
142.244,0.274,0.031,base_link,1
142.294,0.274,0.022,base_link,1
142.344,0.274,0.022,base_link,1
142.394,0.274,0.017,base_link,1
142.445,0.274,0.017,base_link,1
142.494,0.274,0.018,base_link,1
142.544,0.274,0.018,base_link,1
142.595,0.274,0.012,base_link,1
142.645,0.274,0.012,base_link,1
142.694,0.274,0.002,base_link,1
142.745,0.274,0.002,base_link,1
142.794,0.274,0.000,base_link,1
142.844,0.274,0.000,base_link,1
142.894,0.274,-0.003,base_link,1
142.945,0.274,-0.003,base_link,1
142.994,0.274,-0.006,base_link,1
143.044,0.274,-0.006,base_link,1
143.094,0.274,-0.005,base_link,1
143.145,0.274,-0.005,base_link,1
143.195,0.274,-0.009,base_link,1
143.245,0.274,-0.009,base_link,1
143.294,0.274,-0.016,base_link,1
143.344,0.274,-0.016,base_link,1
143.394,0.274,-0.022,base_link,1
143.444,0.274,-0.022,base_link,1
143.494,0.274,0.027,base_link,1
143.545,0.274,0.027,base_link,1
143.594,0.274,0.018,base_link,1
143.644,0.274,0.018,base_link,1
143.695,0.274,0.019,base_link,1
143.745,0.274,0.019,base_link,1
143.794,0.274,0.029,base_link,1
143.845,0.274,0.029,base_link,1
143.894,0.274,0.014,base_link,1
143.945,0.274,0.014,base_link,1
143.994,0.274,0.017,base_link,1
144.045,0.274,0.017,base_link,1
144.095,0.274,0.019,base_link,1
144.145,0.274,0.019,base_link,1
144.194,0.274,0.003,base_link,1
144.245,0.274,0.003,base_link,1
144.294,0.274,0.000,base_link,1
144.344,0.274,0.000,base_link,1
144.394,0.274,0.036,base_link,1
144.445,0.274,0.036,base_link,1
144.494,0.274,0.034,base_link,1
144.545,0.274,0.034,base_link,1
144.594,0.274,0.035,base_link,1
144.644,0.274,0.035,base_link,1
144.695,0.274,0.029,base_link,1
144.745,0.274,0.029,base_link,1
144.794,0.274,0.015,base_link,1
144.844,0.274,0.015,base_link,1
144.894,0.274,0.006,base_link,1
144.944,0.274,0.006,base_link,1
144.995,0.274,0.000,base_link,1
145.044,0.274,0.000,base_link,1
145.094,0.274,0.000,base_link,1
145.144,0.274,0.000,base_link,1
145.195,0.274,-0.012,base_link,1
145.244,0.274,-0.012,base_link,1
145.295,0.274,-0.006,base_link,1
145.344,0.274,-0.006,base_link,1
145.395,0.274,-0.017,base_link,1
145.444,0.274,-0.017,base_link,1
145.495,0.274,-0.025,base_link,1
145.544,0.274,-0.025,base_link,1
145.594,0.274,-0.018,base_link,1
145.645,0.300,-0.018,base_link,1
145.694,0.300,-0.032,base_link,1
145.745,0.300,-0.032,base_link,1
145.795,0.300,-0.023,base_link,1
145.844,0.300,-0.023,base_link,1
145.895,0.300,-0.030,base_link,1
145.944,0.300,-0.030,base_link,1
145.994,0.300,-0.032,base_link,1
146.045,0.300,-0.032,base_link,1
146.095,0.300,-0.028,base_link,1
146.144,0.300,-0.028,base_link,1
146.194,0.300,-0.027,base_link,1
146.248,0.300,-0.027,base_link,1
146.295,0.300,-0.035,base_link,1
146.344,0.300,-0.035,base_link,1
146.394,0.300,-0.036,base_link,1
146.445,0.300,-0.036,base_link,1
146.494,0.300,-0.041,base_link,1
146.545,0.300,-0.041,base_link,1
146.594,0.300,-0.037,base_link,1
146.645,0.300,-0.037,base_link,1
146.694,0.300,-0.031,base_link,1
146.744,0.300,-0.031,base_link,1
146.795,0.300,-0.034,base_link,1
146.845,0.300,-0.034,base_link,1
146.894,0.300,-0.027,base_link,1
146.945,0.300,-0.027,base_link,1
146.995,0.300,-0.025,base_link,1
147.045,0.300,-0.025,base_link,1
147.095,0.300,-0.022,base_link,1
147.144,0.300,-0.022,base_link,1
147.194,0.300,-0.034,base_link,1
147.245,0.300,-0.034,base_link,1
147.294,0.300,-0.026,base_link,1
147.345,0.300,-0.026,base_link,1
147.394,0.300,-0.025,base_link,1
147.445,0.300,-0.025,base_link,1
147.495,0.300,-0.029,base_link,1
147.545,0.300,-0.029,base_link,1
147.594,0.300,-0.023,base_link,1
147.644,0.300,-0.023,base_link,1
147.695,0.300,-0.028,base_link,1
147.745,0.300,-0.028,base_link,1
147.794,0.300,-0.027,base_link,1
147.845,0.300,-0.027,base_link,1
147.894,0.300,-0.027,base_link,1
147.945,0.300,-0.027,base_link,1
147.994,0.300,-0.013,base_link,1
148.045,0.300,-0.013,base_link,1
148.094,0.289,-0.018,base_link,1
148.145,0.289,-0.018,base_link,1
148.194,0.300,-0.017,base_link,1
148.245,0.300,-0.017,base_link,1
148.294,0.300,-0.021,base_link,1
148.344,0.300,-0.021,base_link,1
148.395,0.300,-0.010,base_link,1
148.445,0.300,-0.010,base_link,1
148.495,0.300,-0.018,base_link,1
148.544,0.300,-0.018,base_link,1
148.594,0.300,-0.017,base_link,1
148.645,0.300,-0.017,base_link,1
148.694,0.288,-0.017,base_link,1
148.744,0.288,-0.017,base_link,1
148.794,0.300,0.036,base_link,1
148.845,0.300,0.036,base_link,1
148.894,0.300,0.027,base_link,1
148.946,0.300,0.027,base_link,1
148.995,0.300,0.029,base_link,1
149.045,0.300,0.029,base_link,1
149.094,0.300,0.028,base_link,1
149.145,0.300,0.028,base_link,1
149.195,0.300,0.033,base_link,1
149.244,0.300,0.033,base_link,1
149.295,0.300,0.025,base_link,1
149.345,0.300,0.025,base_link,1
149.394,0.300,0.022,base_link,1
149.445,0.300,0.022,base_link,1
149.494,0.300,-0.011,base_link,1
149.545,0.300,-0.011,base_link,1
149.594,0.300,-0.025,base_link,1
149.644,0.300,-0.025,base_link,1
149.695,0.300,-0.025,base_link,1
149.745,0.300,-0.025,base_link,1
149.794,0.289,-0.029,base_link,1
149.844,0.289,-0.029,base_link,1
149.894,0.300,-0.008,base_link,1
149.945,0.300,-0.008,base_link,1
149.994,0.300,-0.023,base_link,1
150.045,0.300,-0.023,base_link,1
150.094,0.300,-0.028,base_link,1
150.144,0.300,-0.028,base_link,1
150.194,0.300,-0.015,base_link,1
150.244,0.300,-0.015,base_link,1
150.294,0.300,-0.014,base_link,1
150.345,0.300,-0.014,base_link,1
150.394,0.300,-0.013,base_link,1
150.444,0.300,-0.013,base_link,1
150.494,0.300,-0.026,base_link,1
150.544,0.300,-0.026,base_link,1
150.594,0.300,-0.021,base_link,1
150.644,0.300,-0.021,base_link,1
150.694,0.300,-0.016,base_link,1
150.745,0.300,-0.016,base_link,1
150.794,0.300,-0.023,base_link,1
150.845,0.300,-0.023,base_link,1
150.895,0.300,-0.010,base_link,1
150.945,0.300,-0.010,base_link,1
150.994,0.288,-0.009,base_link,1
151.045,0.288,-0.009,base_link,1
151.095,0.300,-0.017,base_link,1
151.145,0.300,-0.017,base_link,1
151.194,0.300,-0.018,base_link,1
151.245,0.300,-0.018,base_link,1
151.296,0.300,-0.012,base_link,1
151.344,0.300,-0.012,base_link,1
151.394,0.300,-0.011,base_link,1
151.445,0.300,-0.011,base_link,1
151.494,0.300,0.040,base_link,1
151.544,0.300,0.040,base_link,1
151.594,0.300,0.028,base_link,1
151.644,0.300,0.028,base_link,1
151.694,0.288,0.035,base_link,1
151.744,0.288,0.035,base_link,1
151.794,0.300,0.034,base_link,1
151.844,0.300,0.034,base_link,1
151.894,0.300,0.035,base_link,1
151.944,0.300,0.035,base_link,1
151.994,0.300,0.030,base_link,1
152.045,0.300,0.030,base_link,1
152.094,0.300,0.025,base_link,1
152.145,0.300,0.025,base_link,1
152.194,0.300,0.022,base_link,1
152.245,0.300,0.022,base_link,1
152.294,0.300,0.046,base_link,1
152.344,0.300,0.046,base_link,1
152.395,0.300,0.038,base_link,1
152.444,0.300,0.038,base_link,1
152.494,0.288,0.046,base_link,1
152.545,0.288,0.046,base_link,1
152.595,0.300,0.033,base_link,1
152.644,0.300,0.033,base_link,1
152.696,0.300,0.029,base_link,1
152.744,0.300,0.029,base_link,1
152.794,0.300,0.024,base_link,1
152.845,0.300,0.024,base_link,1
152.894,0.300,0.022,base_link,1
152.945,0.300,0.022,base_link,1
152.995,0.289,0.017,base_link,1
153.044,0.289,0.017,base_link,1
153.095,0.289,0.004,base_link,1
153.144,0.289,0.004,base_link,1
153.194,0.300,0.000,base_link,1
153.244,0.300,0.000,base_link,1
153.295,0.300,0.000,base_link,1
153.344,0.300,0.000,base_link,1
153.398,0.300,0.000,base_link,1
153.445,0.300,-0.007,base_link,1
153.494,0.300,-0.051,base_link,1
153.544,0.300,-0.051,base_link,1
153.594,0.300,-0.060,base_link,1
153.645,0.300,-0.060,base_link,1
153.695,0.290,-0.059,base_link,1
153.744,0.290,-0.059,base_link,1
153.795,0.300,-0.061,base_link,1
153.844,0.300,-0.061,base_link,1
153.895,0.300,-0.056,base_link,1
153.944,0.300,-0.056,base_link,1
153.995,0.289,-0.049,base_link,1
154.044,0.289,-0.049,base_link,1
154.095,0.300,-0.049,base_link,1
154.144,0.300,-0.049,base_link,1
154.194,0.300,-0.045,base_link,1
154.245,0.300,-0.045,base_link,1
154.714,0.300,0.010,base_link,1
154.715,0.300,0.010,base_link,1
154.716,0.300,0.010,base_link,1
154.718,0.300,0.010,base_link,1
154.720,0.300,0.010,base_link,1
154.720,0.300,0.010,base_link,1
154.721,0.300,0.010,base_link,1
154.722,0.300,0.010,base_link,1
154.722,0.300,0.010,base_link,1
154.745,0.300,0.010,base_link,1
154.794,0.300,0.016,base_link,1
154.844,0.300,0.016,base_link,1
154.895,0.300,0.024,base_link,1
154.944,0.300,0.024,base_link,1
154.994,0.300,0.030,base_link,1
155.045,0.300,0.030,base_link,1
155.094,0.300,0.024,base_link,1
155.144,0.300,0.024,base_link,1
155.194,0.300,0.028,base_link,1
155.245,0.300,0.028,base_link,1
155.295,0.300,0.026,base_link,1
155.345,0.300,0.026,base_link,1
155.395,0.300,0.028,base_link,1
155.444,0.300,0.028,base_link,1
155.494,0.300,0.018,base_link,1
155.544,0.300,0.018,base_link,1
155.595,0.300,0.015,base_link,1
155.644,0.300,0.015,base_link,1
155.694,0.290,0.020,base_link,1
155.745,0.290,0.020,base_link,1
155.794,0.300,0.007,base_link,1
155.844,0.300,0.007,base_link,1
155.894,0.300,0.019,base_link,1
155.945,0.300,0.019,base_link,1
155.994,0.300,0.015,base_link,1
156.045,0.300,0.015,base_link,1
156.095,0.300,0.000,base_link,1
156.144,0.300,0.000,base_link,1
156.194,0.300,-0.004,base_link,1
156.245,0.300,-0.004,base_link,1
156.294,0.300,-0.000,base_link,1
156.344,0.300,-0.000,base_link,1
156.394,0.300,0.000,base_link,1
156.445,0.300,0.000,base_link,1
156.494,0.300,0.000,base_link,1
156.544,0.300,0.000,base_link,1
156.594,0.300,-0.005,base_link,1
156.645,0.300,-0.005,base_link,1
156.694,0.300,-0.010,base_link,1
156.745,0.300,-0.010,base_link,1
156.796,0.300,-0.004,base_link,1
156.844,0.300,-0.004,base_link,1
156.894,0.300,0.000,base_link,1
156.945,0.300,0.000,base_link,1
156.994,0.300,0.000,base_link,1
157.045,0.300,0.000,base_link,1
157.094,0.300,-0.003,base_link,1
157.144,0.300,-0.003,base_link,1
157.194,0.300,0.000,base_link,1
157.245,0.300,0.000,base_link,1
157.295,0.290,-0.004,base_link,1
157.344,0.290,-0.004,base_link,1
157.395,0.300,-0.009,base_link,1
157.444,0.300,-0.009,base_link,1
157.494,0.300,-0.012,base_link,1
157.544,0.300,-0.012,base_link,1
157.594,0.300,-0.001,base_link,1
157.645,0.300,-0.001,base_link,1
157.696,0.300,-0.004,base_link,1
157.745,0.300,-0.004,base_link,1
157.795,0.290,-0.007,base_link,1
157.845,0.290,-0.007,base_link,1
157.894,0.288,0.000,base_link,1
157.944,0.288,0.000,base_link,1
157.994,0.288,-0.015,base_link,1
158.045,0.288,-0.015,base_link,1
158.095,0.300,-0.013,base_link,1
158.144,0.300,-0.013,base_link,1
158.194,0.260,-0.133,base_link,1
158.245,0.260,-0.133,base_link,1
158.294,0.264,-0.131,base_link,1
158.345,0.264,-0.131,base_link,1
158.394,0.234,0.138,base_link,1
158.444,0.234,0.138,base_link,1
158.494,0.246,0.060,base_link,1
158.545,0.246,0.060,base_link,1
158.594,0.000,0.000,base_link,1
158.644,0.000,0.000,base_link,1
158.694,0.000,0.000,base_link,1
158.745,0.000,0.000,base_link,1
158.794,0.000,0.000,base_link,1
158.845,0.000,0.000,base_link,1
158.894,0.080,0.070,base_link,1
158.945,0.080,0.070,base_link,1
158.994,0.077,0.149,base_link,1
159.045,0.077,0.149,base_link,1
159.094,0.057,0.156,base_link,1
159.144,0.057,0.156,base_link,1
159.194,0.054,0.157,base_link,1
159.244,0.054,0.157,base_link,1
159.296,0.057,0.164,base_link,1
159.345,0.057,0.164,base_link,1
159.394,0.059,0.157,base_link,1
159.445,0.059,0.157,base_link,1
159.494,0.057,0.056,base_link,1
159.545,0.057,0.056,base_link,1
159.594,0.050,0.127,base_link,1
159.645,0.050,0.127,base_link,1
159.694,0.064,0.114,base_link,1
159.745,0.064,0.114,base_link,1
159.816,0.051,0.100,base_link,1
159.845,0.051,0.100,base_link,1
159.894,0.066,0.122,base_link,1
159.945,0.066,0.122,base_link,1
159.995,0.064,0.105,base_link,1
160.045,0.064,0.105,base_link,1
160.094,0.057,0.104,base_link,1
160.144,0.057,0.104,base_link,1
160.194,0.066,0.100,base_link,1
160.244,0.066,0.100,base_link,1
160.294,0.057,0.106,base_link,1
160.345,0.057,0.106,base_link,1
160.394,0.050,0.091,base_link,1
160.444,0.050,0.091,base_link,1
160.495,0.059,0.082,base_link,1
160.545,0.059,0.082,base_link,1
160.594,0.057,0.081,base_link,1
160.645,0.057,0.081,base_link,1
160.694,0.060,0.078,base_link,1
160.744,0.060,0.078,base_link,1
160.795,0.063,0.155,base_link,1
160.844,0.063,0.155,base_link,1
160.894,0.136,0.151,base_link,1
160.945,0.136,0.151,base_link,1
160.995,0.151,0.079,base_link,1
161.045,0.151,0.079,base_link,1
161.094,0.161,0.183,base_link,1
161.145,0.161,0.183,base_link,1
161.194,0.158,0.154,base_link,1
161.244,0.158,0.154,base_link,1
161.294,0.168,0.225,base_link,1
161.345,0.168,0.225,base_link,1
161.395,0.168,0.236,base_link,1
161.444,0.142,0.236,base_link,1
161.494,0.142,0.178,base_link,1
161.545,0.142,0.178,base_link,1
161.595,0.148,0.138,base_link,1
161.644,0.148,0.138,base_link,1
161.694,0.148,0.202,base_link,1
161.744,0.148,0.202,base_link,1
161.794,0.000,0.000,base_link,1
161.844,0.000,0.000,base_link,1
161.894,0.065,0.064,base_link,1
161.944,0.065,0.064,base_link,1
161.995,0.056,0.053,base_link,1
162.045,0.056,0.053,base_link,1
162.094,0.057,0.060,base_link,1
162.144,0.057,0.060,base_link,1
162.194,0.064,0.092,base_link,1
162.245,0.064,0.092,base_link,1
162.295,0.051,0.054,base_link,1
162.345,0.051,0.054,base_link,1
162.395,0.063,0.089,base_link,1
162.444,0.063,0.089,base_link,1
162.494,0.050,0.046,base_link,1
162.545,0.050,0.046,base_link,1
162.594,0.051,0.039,base_link,1
162.645,0.051,0.039,base_link,1
162.695,0.050,0.068,base_link,1
162.745,0.050,0.068,base_link,1
162.794,0.051,0.084,base_link,1
162.844,0.051,0.084,base_link,1
162.894,0.067,0.077,base_link,1
162.944,0.067,0.077,base_link,1
162.995,0.052,0.088,base_link,1
163.044,0.052,0.088,base_link,1
163.094,0.050,0.081,base_link,1
163.145,0.050,0.081,base_link,1
163.195,0.056,0.073,base_link,1
163.244,0.056,0.073,base_link,1
163.294,0.056,0.072,base_link,1
163.345,0.056,0.072,base_link,1
163.394,0.058,0.086,base_link,1
163.444,0.058,0.086,base_link,1
163.494,0.062,0.152,base_link,1
163.545,0.062,0.152,base_link,1
163.595,0.058,0.138,base_link,1
163.644,0.058,0.138,base_link,1
163.694,0.052,0.019,base_link,1
163.744,0.052,0.019,base_link,1
163.794,0.055,0.079,base_link,1
163.845,0.055,0.079,base_link,1
163.894,0.142,-0.004,base_link,1
163.944,0.142,-0.004,base_link,1
163.994,0.142,-0.084,base_link,1
164.045,0.142,-0.084,base_link,1
164.094,0.142,-0.068,base_link,1
164.144,0.142,-0.068,base_link,1
164.194,0.149,-0.070,base_link,1
164.244,0.149,-0.070,base_link,1
164.294,0.168,-0.145,base_link,1
164.345,0.168,-0.145,base_link,1
164.394,0.168,-0.186,base_link,1
164.444,0.168,-0.186,base_link,1
164.494,0.168,-0.207,base_link,1
164.545,0.168,-0.207,base_link,1
164.594,0.168,-0.253,base_link,1
164.647,0.168,-0.253,base_link,1
164.695,0.168,-0.274,base_link,1
164.744,0.195,-0.274,base_link,1
164.794,0.195,-0.261,base_link,1
164.844,0.195,-0.261,base_link,1
164.895,0.195,-0.201,base_link,1
164.944,0.195,-0.201,base_link,1
164.994,0.195,-0.190,base_link,1
165.045,0.195,-0.190,base_link,1
165.095,0.195,-0.167,base_link,1
165.144,0.221,-0.167,base_link,1
165.194,0.221,-0.154,base_link,1
165.245,0.221,-0.154,base_link,1
165.294,0.221,-0.151,base_link,1
165.344,0.221,-0.151,base_link,1
165.394,0.221,-0.143,base_link,1
165.444,0.207,-0.143,base_link,1
165.494,0.207,-0.130,base_link,1
165.545,0.201,-0.130,base_link,1
165.594,0.201,-0.126,base_link,1
165.645,0.201,-0.126,base_link,1
165.694,0.201,-0.118,base_link,1
165.745,0.201,-0.118,base_link,1
165.794,0.184,-0.116,base_link,1
165.844,0.184,-0.116,base_link,1
165.895,0.184,-0.105,base_link,1
165.944,0.184,-0.105,base_link,1
165.994,0.173,-0.105,base_link,1
166.045,0.173,-0.105,base_link,1
166.094,0.173,-0.088,base_link,1
166.145,0.173,-0.088,base_link,1
166.194,0.168,-0.090,base_link,1
166.246,0.168,-0.090,base_link,1
166.294,0.168,-0.072,base_link,1
166.344,0.168,-0.072,base_link,1
166.394,0.168,-0.070,base_link,1
166.446,0.168,-0.070,base_link,1
166.494,0.168,-0.023,base_link,1
166.544,0.168,-0.023,base_link,1
166.594,0.168,-0.012,base_link,1
166.645,0.168,-0.012,base_link,1
166.694,0.168,-0.054,base_link,1
166.745,0.168,-0.054,base_link,1
166.796,0.168,-0.008,base_link,1
166.845,0.168,-0.008,base_link,1
166.894,0.168,-0.012,base_link,1
166.948,0.168,-0.012,base_link,1
166.995,0.168,-0.007,base_link,1
167.044,0.168,-0.007,base_link,1
167.095,0.168,-0.015,base_link,1
167.145,0.168,-0.015,base_link,1
167.194,0.168,-0.015,base_link,1
167.245,0.168,-0.015,base_link,1
167.294,0.168,-0.013,base_link,1
167.345,0.168,-0.013,base_link,1
167.394,0.168,-0.006,base_link,1
167.444,0.168,-0.006,base_link,1
167.494,0.168,-0.010,base_link,1
167.544,0.168,-0.010,base_link,1
167.594,0.168,-0.014,base_link,1
167.644,0.168,-0.014,base_link,1
167.694,0.168,-0.013,base_link,1
167.744,0.168,-0.013,base_link,1
167.795,0.168,-0.007,base_link,1
167.845,0.168,-0.007,base_link,1
167.894,0.168,-0.009,base_link,1
167.944,0.168,-0.009,base_link,1
167.994,0.168,-0.008,base_link,1
168.045,0.168,-0.008,base_link,1
168.094,0.168,-0.008,base_link,1
168.144,0.168,-0.008,base_link,1
168.195,0.168,-0.013,base_link,1
168.245,0.168,-0.013,base_link,1
168.294,0.168,-0.008,base_link,1
168.345,0.168,-0.008,base_link,1
168.394,0.168,-0.007,base_link,1
168.444,0.168,-0.007,base_link,1
168.495,0.168,-0.009,base_link,1
168.545,0.168,-0.009,base_link,1
168.594,0.168,-0.008,base_link,1
168.645,0.168,-0.008,base_link,1
168.694,0.168,-0.013,base_link,1
168.745,0.168,-0.013,base_link,1
168.795,0.168,-0.010,base_link,1
168.845,0.168,-0.010,base_link,1
168.895,0.168,-0.012,base_link,1
168.945,0.168,-0.012,base_link,1
168.995,0.168,-0.012,base_link,1
169.044,0.168,-0.012,base_link,1
169.095,0.168,0.000,base_link,1
169.145,0.168,0.000,base_link,1
169.194,0.168,-0.005,base_link,1
169.244,0.168,-0.005,base_link,1
169.294,0.168,-0.005,base_link,1
169.344,0.168,-0.005,base_link,1
169.394,0.168,-0.016,base_link,1
169.445,0.168,-0.016,base_link,1
169.494,0.168,-0.014,base_link,1
169.545,0.168,-0.014,base_link,1
169.594,0.168,-0.115,base_link,1
169.644,0.168,-0.115,base_link,1
169.694,0.168,-0.112,base_link,1
169.745,0.168,-0.112,base_link,1
169.794,0.168,-0.060,base_link,1
169.844,0.168,-0.060,base_link,1
169.894,0.168,-0.135,base_link,1
169.945,0.168,-0.135,base_link,1
169.994,0.155,0.012,base_link,1
170.044,0.155,0.012,base_link,1
170.094,0.157,0.017,base_link,1
170.145,0.157,0.017,base_link,1
170.194,0.000,0.000,base_link,1
170.245,0.000,0.000,base_link,1
170.295,0.000,0.000,base_link,1
170.344,0.000,0.000,base_link,1
170.397,0.000,0.000,base_link,1
170.444,0.000,0.000,base_link,1
170.494,0.000,0.000,base_link,1
170.544,0.000,0.000,base_link,1
170.595,0.063,0.140,base_link,1
170.644,0.063,0.140,base_link,1
170.694,0.056,-0.055,base_link,1
170.745,0.056,-0.055,base_link,1
170.794,0.052,-0.132,base_link,1
170.845,0.052,-0.132,base_link,1
170.894,0.057,-0.141,base_link,1
170.944,0.057,-0.141,base_link,1
170.995,0.055,-0.122,base_link,1
171.045,0.055,-0.122,base_link,1
171.095,0.066,-0.130,base_link,1
171.145,0.066,-0.130,base_link,1
171.195,0.052,-0.120,base_link,1
171.245,0.052,-0.120,base_link,1
171.295,0.051,-0.115,base_link,1
171.344,0.051,-0.115,base_link,1
171.394,0.053,-0.111,base_link,1
171.445,0.053,-0.111,base_link,1
171.494,0.054,-0.102,base_link,1
171.544,0.054,-0.102,base_link,1
171.595,0.164,0.009,base_link,1
171.644,0.164,0.009,base_link,1
171.694,0.160,0.071,base_link,1
171.745,0.160,0.071,base_link,1
171.794,0.168,0.074,base_link,1
171.844,0.168,0.074,base_link,1
171.895,0.168,0.132,base_link,1
171.944,0.168,0.132,base_link,1
171.994,0.168,0.135,base_link,1
172.045,0.168,0.135,base_link,1
172.094,0.168,0.174,base_link,1
172.145,0.168,0.174,base_link,1
172.195,0.168,0.212,base_link,1
172.244,0.168,0.212,base_link,1
172.294,0.168,0.224,base_link,1
172.348,0.168,0.224,base_link,1
172.395,0.168,0.246,base_link,1
172.444,0.168,0.246,base_link,1
172.494,0.168,0.228,base_link,1
172.544,0.168,0.228,base_link,1
172.594,0.173,0.104,base_link,1
172.645,0.195,0.104,base_link,1
172.694,0.195,0.100,base_link,1
172.745,0.195,0.100,base_link,1
172.794,0.195,0.021,base_link,1
172.845,0.195,0.021,base_link,1
172.894,0.195,0.010,base_link,1
172.945,0.195,0.010,base_link,1
172.994,0.195,0.000,base_link,1
173.048,0.195,0.000,base_link,1
173.094,0.195,-0.003,base_link,1
173.144,0.195,-0.003,base_link,1
173.194,0.195,0.041,base_link,1
173.245,0.195,0.041,base_link,1
173.294,0.195,0.030,base_link,1
173.344,0.195,0.030,base_link,1
173.394,0.195,0.038,base_link,1
173.444,0.195,0.038,base_link,1
173.494,0.195,0.027,base_link,1
173.544,0.195,0.027,base_link,1
173.595,0.198,-0.064,base_link,1
173.644,0.198,-0.064,base_link,1
173.694,0.198,-0.070,base_link,1
173.745,0.198,-0.070,base_link,1
173.794,0.198,-0.071,base_link,1
173.844,0.207,-0.071,base_link,1
173.894,0.207,-0.074,base_link,1
173.945,0.207,-0.074,base_link,1
173.994,0.207,-0.071,base_link,1
174.044,0.207,-0.071,base_link,1
174.095,0.221,-0.068,base_link,1
174.144,0.221,-0.068,base_link,1
174.194,0.221,-0.062,base_link,1
174.244,0.221,-0.062,base_link,1
174.294,0.221,-0.067,base_link,1
174.345,0.221,-0.067,base_link,1
174.395,0.221,-0.065,base_link,1
174.444,0.221,-0.065,base_link,1
174.494,0.221,-0.055,base_link,1
174.546,0.238,-0.055,base_link,1
174.595,0.238,-0.055,base_link,1
174.645,0.238,-0.055,base_link,1
174.694,0.238,-0.057,base_link,1
174.745,0.258,-0.057,base_link,1
174.794,0.258,-0.049,base_link,1
174.844,0.258,-0.049,base_link,1
174.894,0.258,-0.038,base_link,1
174.944,0.258,-0.038,base_link,1
174.994,0.276,-0.047,base_link,1
175.046,0.276,-0.047,base_link,1
175.094,0.276,-0.043,base_link,1
175.144,0.276,-0.043,base_link,1
175.195,0.295,-0.035,base_link,1
175.244,0.295,-0.035,base_link,1
175.294,0.295,-0.033,base_link,1
175.345,0.300,-0.033,base_link,1
175.394,0.300,0.013,base_link,1
175.444,0.300,0.013,base_link,1
175.494,0.300,0.015,base_link,1
175.544,0.300,0.015,base_link,1
175.595,0.300,0.010,base_link,1
175.645,0.300,0.010,base_link,1
175.694,0.288,0.014,base_link,1
175.744,0.288,0.014,base_link,1
175.794,0.300,0.019,base_link,1
175.845,0.300,0.019,base_link,1
175.894,0.300,0.019,base_link,1
175.945,0.300,0.019,base_link,1
175.994,0.300,0.018,base_link,1
176.045,0.300,0.018,base_link,1
176.094,0.300,0.011,base_link,1
176.144,0.300,0.011,base_link,1
176.195,0.300,0.015,base_link,1
176.245,0.300,0.015,base_link,1
176.294,0.300,0.033,base_link,1
176.345,0.300,0.033,base_link,1
176.394,0.300,0.028,base_link,1
176.444,0.300,0.028,base_link,1
176.494,0.300,0.029,base_link,1
176.545,0.300,0.029,base_link,1
176.594,0.300,0.000,base_link,1
176.645,0.300,0.000,base_link,1
176.695,0.300,-0.006,base_link,1
176.744,0.300,-0.006,base_link,1
176.794,0.300,0.000,base_link,1
176.844,0.300,0.000,base_link,1
176.894,0.289,0.009,base_link,1
176.945,0.289,0.009,base_link,1
176.994,0.288,0.000,base_link,1
177.045,0.288,0.000,base_link,1
177.094,0.300,-0.006,base_link,1
177.145,0.300,-0.006,base_link,1
177.194,0.300,-0.000,base_link,1
177.244,0.300,-0.000,base_link,1
177.294,0.300,-0.000,base_link,1
177.345,0.300,-0.000,base_link,1
177.394,0.300,-0.015,base_link,1
177.449,0.300,-0.015,base_link,1
177.494,0.300,-0.012,base_link,1
177.545,0.300,-0.012,base_link,1
177.594,0.300,-0.005,base_link,1
177.645,0.300,-0.005,base_link,1
177.694,0.300,-0.008,base_link,1
177.745,0.300,-0.008,base_link,1
177.795,0.300,-0.016,base_link,1
177.845,0.300,-0.016,base_link,1
177.894,0.300,-0.012,base_link,1
177.944,0.300,-0.012,base_link,1
177.994,0.300,-0.014,base_link,1
178.044,0.300,-0.014,base_link,1
178.095,0.300,-0.010,base_link,1
178.144,0.300,-0.010,base_link,1
178.195,0.300,-0.008,base_link,1
178.244,0.300,-0.008,base_link,1
178.295,0.300,-0.013,base_link,1
178.344,0.300,-0.013,base_link,1
178.394,0.300,-0.016,base_link,1
178.444,0.300,-0.016,base_link,1
178.494,0.300,-0.013,base_link,1
178.544,0.300,-0.013,base_link,1
178.594,0.300,-0.020,base_link,1
178.644,0.300,-0.020,base_link,1
178.694,0.300,-0.021,base_link,1
178.745,0.300,-0.021,base_link,1
178.794,0.300,-0.015,base_link,1
178.844,0.300,-0.015,base_link,1
178.894,0.300,-0.009,base_link,1
178.944,0.300,-0.009,base_link,1
178.994,0.300,-0.011,base_link,1
179.044,0.300,-0.011,base_link,1
179.095,0.300,-0.022,base_link,1
179.145,0.300,-0.022,base_link,1
179.195,0.300,-0.011,base_link,1
179.244,0.300,-0.011,base_link,1
179.295,0.300,-0.013,base_link,1
179.345,0.300,-0.013,base_link,1
179.394,0.300,-0.017,base_link,1
179.445,0.300,-0.017,base_link,1
179.495,0.288,-0.018,base_link,1
179.544,0.288,-0.018,base_link,1
179.594,0.290,0.031,base_link,1
179.645,0.290,0.031,base_link,1
179.694,0.300,0.077,base_link,1
179.745,0.300,0.077,base_link,1
179.794,0.300,0.080,base_link,1
179.845,0.300,0.080,base_link,1
179.894,0.300,0.068,base_link,1
179.944,0.300,0.068,base_link,1
179.995,0.300,0.064,base_link,1
180.045,0.300,0.064,base_link,1
180.094,0.300,0.049,base_link,1
180.144,0.300,0.049,base_link,1
180.194,0.300,0.053,base_link,1
180.244,0.300,0.053,base_link,1
180.294,0.300,0.035,base_link,1
180.346,0.300,0.035,base_link,1
180.394,0.300,0.031,base_link,1
180.445,0.300,0.031,base_link,1
180.494,0.300,0.016,base_link,1
180.544,0.300,0.016,base_link,1
180.594,0.288,0.000,base_link,1
180.644,0.288,0.000,base_link,1
180.694,0.300,-0.008,base_link,1
180.745,0.300,-0.008,base_link,1
180.795,0.287,-0.001,base_link,1
180.845,0.287,-0.001,base_link,1
180.895,0.290,-0.010,base_link,1
180.945,0.290,-0.010,base_link,1
180.994,0.279,-0.007,base_link,1
181.044,0.279,-0.007,base_link,1
181.094,0.287,-0.017,base_link,1
181.145,0.287,-0.017,base_link,1
181.194,0.300,-0.010,base_link,1
181.244,0.300,-0.010,base_link,1
181.294,0.287,-0.022,base_link,1
181.345,0.287,-0.022,base_link,1
181.394,0.300,-0.017,base_link,1
181.444,0.300,-0.017,base_link,1
181.494,0.287,-0.018,base_link,1
181.545,0.287,-0.018,base_link,1
181.597,0.300,-0.022,base_link,1
181.645,0.300,-0.022,base_link,1
181.694,0.287,-0.021,base_link,1
181.744,0.287,-0.021,base_link,1
181.794,0.262,-0.025,base_link,1
181.845,0.262,-0.025,base_link,1
181.894,0.245,-0.022,base_link,1
181.944,0.245,-0.022,base_link,1
181.994,0.232,-0.017,base_link,1
182.045,0.232,-0.017,base_link,1
182.094,0.221,-0.025,base_link,1
182.145,0.221,-0.025,base_link,1
182.195,0.220,0.022,base_link,1
182.244,0.220,0.022,base_link,1
182.294,0.203,-0.025,base_link,1
182.344,0.203,-0.025,base_link,1
182.394,0.186,-0.023,base_link,1
182.444,0.186,-0.023,base_link,1
182.494,0.184,-0.022,base_link,1
182.545,0.184,-0.022,base_link,1
182.594,0.175,-0.017,base_link,1
182.644,0.175,-0.017,base_link,1
182.694,0.132,-0.012,base_link,1
182.745,0.132,-0.012,base_link,1
182.794,0.152,0.040,base_link,1
182.844,0.152,0.040,base_link,1
182.894,0.162,0.041,base_link,1
182.945,0.162,0.041,base_link,1
182.994,0.152,0.034,base_link,1
183.045,0.152,0.034,base_link,1
183.094,0.148,0.043,base_link,1
183.144,0.148,0.043,base_link,1
183.194,0.141,0.036,base_link,1
183.245,0.141,0.036,base_link,1
183.294,0.039,0.000,base_link,1
183.344,0.039,0.000,base_link,1
183.394,0.063,0.000,base_link,1
183.448,0.063,0.000,base_link,1
183.494,0.050,0.000,base_link,1
183.545,0.050,0.000,base_link,1
183.594,0.000,-0.300,base_link,1
183.645,0.000,-0.300,base_link,1
183.694,0.000,-0.300,base_link,1
183.745,0.000,-0.300,base_link,1
183.795,0.000,-0.300,base_link,1
183.844,0.000,-0.300,base_link,1
183.895,0.000,-0.400,base_link,1
183.945,0.000,-0.400,base_link,1
183.995,0.000,-0.400,base_link,1
184.045,0.000,-0.400,base_link,1
184.094,0.000,-0.400,base_link,1
184.145,0.000,-0.400,base_link,1
184.194,0.000,-0.400,base_link,1
184.244,0.000,-0.400,base_link,1
184.294,0.000,-0.400,base_link,1
184.345,0.000,-0.400,base_link,1
184.395,0.000,-0.400,base_link,1
184.445,0.000,-0.400,base_link,1
184.494,0.000,-0.400,base_link,1
184.547,0.000,-0.400,base_link,1
184.594,0.000,-0.400,base_link,1
184.644,0.000,-0.400,base_link,1
184.695,0.000,-0.400,base_link,1
184.744,0.000,-0.400,base_link,1
184.795,0.000,-0.400,base_link,1
184.844,0.000,-0.400,base_link,1
184.894,0.000,-0.400,base_link,1
184.945,0.000,-0.400,base_link,1
184.994,0.000,-0.400,base_link,1
185.044,0.000,-0.400,base_link,1
185.095,0.000,-0.400,base_link,1
185.144,0.000,-0.400,base_link,1
185.194,0.000,-0.400,base_link,1
185.244,0.000,-0.400,base_link,1
185.295,0.000,-0.400,base_link,1
185.345,0.000,-0.400,base_link,1
185.394,0.000,-0.400,base_link,1
185.444,0.000,-0.400,base_link,1
185.495,0.000,-0.400,base_link,1
185.545,0.000,-0.400,base_link,1
185.594,0.000,-0.400,base_link,1
185.645,0.000,-0.400,base_link,1
185.695,0.000,-0.400,base_link,1
185.745,0.000,-0.400,base_link,1
185.795,0.000,-0.400,base_link,1
185.844,0.000,-0.400,base_link,1
185.894,0.000,-0.400,base_link,1
185.944,0.000,-0.400,base_link,1
185.995,0.000,-0.400,base_link,1
186.044,0.000,-0.400,base_link,1
186.094,0.000,-0.400,base_link,1
186.145,0.000,-0.400,base_link,1
186.194,0.000,-0.400,base_link,1
186.244,0.000,-0.400,base_link,1
186.294,0.000,-0.400,base_link,1
186.345,0.000,-0.400,base_link,1
186.395,0.000,-0.400,base_link,1
186.444,0.000,-0.400,base_link,1
186.494,0.000,-0.400,base_link,1
186.545,0.000,-0.400,base_link,1
186.594,0.000,-0.400,base_link,1
186.645,0.000,-0.400,base_link,1
186.695,0.000,-0.400,base_link,1
186.744,0.000,-0.400,base_link,1
186.794,0.000,-0.398,base_link,1
186.845,0.000,-0.398,base_link,1
186.895,0.000,-0.363,base_link,1
186.944,0.000,-0.363,base_link,1
186.995,0.000,-0.329,base_link,1
187.044,0.000,-0.329,base_link,1
187.094,0.000,0.000,base_link,1
187.144,0.000,0.000,base_link,1
187.194,0.000,0.000,base_link,1
187.244,0.000,0.000,base_link,1
187.295,0.000,0.000,base_link,1
187.344,0.000,0.000,base_link,1
187.395,0.000,0.000,base_link,1
187.444,0.000,0.000,base_link,1
187.494,0.000,0.000,base_link,1
187.545,0.000,0.000,base_link,1
187.595,0.000,0.000,base_link,1
187.644,0.000,0.000,base_link,1
187.694,0.000,0.000,stop,1
187.744,0.000,0.000,stop,1
187.794,0.000,0.000,stop,1
187.844,0.000,0.000,stop,1
187.894,0.000,0.000,stop,1
187.945,0.000,0.000,stop,1
187.994,0.000,0.000,stop,1
188.044,0.000,0.000,stop,1
188.094,0.000,0.000,stop,1
188.144,0.000,0.000,stop,1
188.194,0.000,0.000,stop,1
188.244,0.000,0.000,stop,1
188.294,0.000,0.000,stop,1
188.344,0.000,0.000,stop,1
188.394,0.000,0.000,stop,1
188.444,0.000,0.000,stop,1
188.494,0.000,0.000,stop,1
188.544,0.000,0.000,stop,1
188.594,0.000,0.000,stop,1
188.645,0.000,0.000,stop,1
188.694,0.000,0.000,stop,1
188.744,0.000,0.000,stop,1
188.794,0.000,0.000,stop,1
188.844,0.000,0.000,stop,1
188.894,0.000,0.000,stop,1
188.944,0.000,0.000,stop,1
188.994,0.000,0.000,stop,1
189.044,0.000,0.000,stop,1
189.094,0.000,0.000,stop,1
189.144,0.000,0.000,stop,1
189.194,0.000,0.000,stop,1
189.246,0.000,0.000,stop,1
189.294,0.000,0.000,stop,1
189.344,0.000,0.000,stop,1
189.394,0.000,0.000,stop,1
189.444,0.000,0.000,stop,1
189.494,0.000,0.000,stop,1
189.544,0.000,0.000,stop,1
189.594,0.000,0.000,stop,1
189.644,0.000,0.000,stop,1
189.694,0.000,0.000,stop,1
189.744,0.000,0.000,stop,1
189.794,0.000,0.000,stop,1
189.844,0.000,0.000,stop,1
189.894,0.000,0.000,stop,1
189.945,0.000,0.000,stop,1
189.994,0.000,0.000,stop,1
190.044,0.000,0.000,stop,1
190.094,0.000,0.000,stop,1
190.144,0.000,0.000,stop,1
190.194,0.000,0.000,stop,1
190.244,0.000,0.000,stop,1
190.294,0.000,0.000,stop,1
190.344,0.000,0.000,stop,1
190.394,0.000,0.000,stop,1
190.444,0.000,0.000,stop,1
190.494,0.000,0.000,stop,1
190.544,0.000,0.000,stop,1
190.594,0.000,0.000,stop,1
190.644,0.000,0.000,stop,1
190.694,0.000,0.000,stop,1
190.744,0.000,0.000,stop,1
190.794,0.000,0.000,stop,1
190.844,0.000,0.000,stop,1
190.894,0.000,0.000,stop,1
190.944,0.000,0.000,stop,1
190.994,0.000,0.000,stop,1
191.044,0.000,0.000,stop,1
191.094,0.000,0.000,stop,1
191.144,0.000,0.000,stop,1
191.194,0.000,0.000,stop,1
191.245,0.000,0.000,stop,1
191.294,0.000,0.000,stop,1
191.344,0.000,0.000,stop,1
191.394,0.000,0.000,stop,1
191.445,0.000,0.000,stop,1
191.494,0.000,0.000,stop,1
191.544,0.000,0.000,stop,1
191.594,0.000,0.000,stop,1
191.645,0.000,0.000,stop,1
191.694,0.000,0.000,stop,1
191.744,0.000,0.000,stop,1
191.794,0.000,0.000,stop,1
191.844,0.000,0.000,stop,1
191.894,0.000,0.000,stop,1
191.944,0.000,0.000,stop,1
191.994,0.000,0.000,stop,1
192.044,0.000,0.000,stop,1
192.094,0.000,0.000,stop,1
192.144,0.000,0.000,stop,1
192.194,0.000,0.000,stop,1
192.244,0.000,0.000,stop,1
192.294,0.000,0.000,stop,1
192.344,0.000,0.000,stop,1
192.394,0.000,0.000,stop,1
192.444,0.000,0.000,stop,1
192.494,0.000,0.000,stop,1
192.544,0.000,0.000,stop,1
192.594,0.000,0.000,stop,1
192.644,0.000,0.000,stop,1
192.694,0.000,0.000,stop,1
192.744,0.000,0.000,stop,1
192.794,0.000,0.000,stop,1
192.844,0.000,0.000,stop,1
192.894,0.000,0.000,stop,1
192.945,0.000,0.000,stop,1
192.994,0.000,0.000,stop,1
193.044,0.000,0.000,stop,1
193.094,0.000,0.000,stop,1
193.144,0.000,0.000,stop,1
193.194,0.000,0.000,stop,1
193.244,0.000,0.000,stop,1
193.294,0.000,0.000,stop,1
193.344,0.000,0.000,stop,1
193.394,0.000,0.000,stop,1
193.444,0.000,0.000,stop,1
193.494,0.000,0.000,stop,1
193.544,0.000,0.000,stop,1
193.594,0.000,0.000,stop,1
193.644,0.000,0.000,stop,1
193.694,0.000,0.000,stop,1
193.744,0.000,0.000,stop,1
193.794,0.000,0.000,stop,1
193.844,0.000,0.000,stop,1
193.894,0.000,0.000,stop,1
193.944,0.000,0.000,stop,1
193.994,0.000,0.000,stop,1
194.044,0.000,0.000,stop,1
194.094,0.000,0.000,stop,1
194.144,0.000,0.000,stop,1
194.194,0.000,0.000,stop,1
194.244,0.000,0.000,stop,1
194.294,0.000,0.000,stop,1
194.344,0.000,0.000,stop,1
194.394,0.000,0.000,stop,1
194.444,0.000,0.000,stop,1
194.494,0.000,0.000,stop,1
194.544,0.000,0.000,stop,1
194.594,0.000,0.000,stop,1
194.644,0.000,0.000,stop,1
194.694,0.000,0.000,stop,1
194.744,0.000,0.000,stop,1
194.794,0.000,0.000,stop,1
194.847,0.000,0.000,stop,1
194.894,0.000,0.000,stop,1
194.944,0.000,0.000,stop,1
194.994,0.000,0.000,stop,1
195.044,0.000,0.000,stop,1
195.094,0.000,0.000,stop,1
195.144,0.000,0.000,stop,1
195.194,0.000,0.000,stop,1
195.244,0.000,0.000,stop,1
195.294,0.000,0.000,stop,1
195.344,0.000,0.000,stop,1
195.394,0.000,0.000,stop,1
195.444,0.000,0.000,stop,1
195.494,0.000,0.000,stop,1
195.544,0.000,0.000,stop,1
195.594,0.000,0.000,stop,1
195.644,0.000,0.000,stop,1
195.694,0.000,0.000,stop,1
195.744,0.000,0.000,stop,1
195.794,0.000,0.000,stop,1
195.844,0.000,0.000,stop,1
195.894,0.000,0.000,stop,1
195.944,0.000,0.000,stop,1
195.994,0.000,0.000,stop,1
196.044,0.000,0.000,stop,1
196.094,0.000,0.000,stop,1
196.144,0.000,0.000,stop,1
196.194,0.000,0.000,stop,1
196.244,0.000,0.000,stop,1
196.294,0.000,0.000,stop,1
196.344,0.000,0.000,stop,1
196.394,0.000,0.000,stop,1
196.444,0.000,0.000,stop,1
196.494,0.000,0.000,stop,1
196.544,0.000,0.000,stop,1
196.594,0.000,0.000,stop,1
196.644,0.000,0.000,stop,1
196.694,0.000,0.000,stop,1
196.744,0.000,0.000,stop,1
196.794,0.000,0.000,stop,1
196.844,0.000,0.000,stop,1
196.894,0.000,0.000,stop,1
196.944,0.000,0.000,stop,1
196.994,0.000,0.000,stop,1
197.044,0.000,0.000,stop,1
197.094,0.000,0.000,stop,1
197.144,0.000,0.000,stop,1
197.194,0.000,0.000,stop,1
197.244,0.000,0.000,stop,1
197.294,0.000,0.000,stop,1
197.344,0.000,0.000,stop,1
197.394,0.000,0.000,stop,1
197.444,0.000,0.000,stop,2
197.495,0.000,0.000,base_link,2
197.545,0.000,0.000,base_link,2
197.594,0.100,0.150,base_link,2
197.644,0.100,0.150,base_link,2
197.694,0.100,0.152,base_link,2
197.745,0.100,0.152,base_link,2
197.794,0.000,0.000,base_link,2
197.844,0.000,0.000,base_link,2
197.894,0.000,0.000,base_link,2
197.944,0.000,0.000,base_link,2
197.994,0.000,0.000,base_link,2
198.045,0.000,0.000,base_link,2
198.094,0.000,0.000,base_link,2
198.144,0.000,0.000,base_link,2
198.194,0.164,0.126,base_link,2
198.248,0.164,0.126,base_link,2
198.294,0.089,0.152,base_link,2
198.344,0.089,0.152,base_link,2
198.394,0.086,0.156,base_link,2
198.444,0.086,0.156,base_link,2
198.494,0.165,0.190,base_link,2
198.544,0.165,0.190,base_link,2
198.594,0.170,0.171,base_link,2
198.645,0.170,0.171,base_link,2
198.694,0.218,0.168,base_link,2
198.744,0.218,0.168,base_link,2
198.794,0.238,0.202,base_link,2
198.845,0.238,0.202,base_link,2
198.894,0.259,0.142,base_link,2
198.945,0.259,0.142,base_link,2
198.995,0.000,0.000,base_link,2
199.044,0.000,0.000,base_link,2
199.095,0.000,0.000,base_link,2
199.145,0.000,0.000,base_link,2
199.194,0.000,0.000,base_link,2
199.244,0.000,0.000,base_link,2
199.294,0.000,0.000,base_link,2
199.345,0.000,0.000,base_link,2
199.394,0.265,0.117,base_link,2
199.444,0.265,0.117,base_link,2
199.494,0.158,0.145,base_link,2
199.544,0.158,0.145,base_link,2
199.595,0.108,0.128,base_link,2
199.644,0.108,0.128,base_link,2
199.695,0.112,0.154,base_link,2
199.744,0.112,0.154,base_link,2
199.794,0.000,0.000,base_link,2
199.845,0.000,0.000,base_link,2
199.894,0.000,0.000,base_link,2
199.944,0.000,0.000,base_link,2
199.994,0.000,0.000,base_link,2
200.044,0.000,0.000,base_link,2
200.094,0.000,0.000,base_link,2
200.144,0.000,0.000,base_link,2
200.195,0.000,0.000,base_link,2
200.244,0.000,0.000,base_link,2
200.294,0.000,0.000,base_link,2
200.345,0.000,0.000,base_link,2
200.395,0.000,0.000,base_link,2
200.444,0.000,0.000,base_link,2
200.494,0.056,-0.150,base_link,2
200.544,0.056,-0.150,base_link,2
200.594,0.055,-0.152,base_link,2
200.644,0.055,-0.152,base_link,2
200.696,0.055,-0.150,base_link,2
200.744,0.055,-0.150,base_link,2
200.794,0.055,-0.244,base_link,2
200.844,0.055,-0.244,base_link,2
200.895,0.055,-0.253,base_link,2
200.944,0.055,-0.253,base_link,2
200.994,0.052,-0.256,base_link,2
201.044,0.052,-0.256,base_link,2
201.094,0.000,-0.385,base_link,2
201.144,0.000,-0.385,base_link,2
201.194,0.000,-0.399,base_link,2
201.245,0.000,-0.399,base_link,2
201.294,0.000,-0.400,base_link,2
201.344,0.000,-0.400,base_link,2
201.406,0.000,-0.400,base_link,2
201.444,0.000,-0.400,base_link,2
201.494,0.000,-0.400,base_link,2
201.544,0.000,-0.400,base_link,2
201.594,0.000,-0.400,base_link,2
201.644,0.000,-0.400,base_link,2
201.694,0.000,-0.400,base_link,2
201.745,0.000,-0.400,base_link,2
201.795,0.000,-0.400,base_link,2
201.844,0.000,-0.400,base_link,2
201.895,0.000,-0.400,base_link,2
201.945,0.000,-0.400,base_link,2
201.994,0.000,-0.400,base_link,2
202.044,0.000,-0.400,base_link,2
202.094,0.000,-0.400,base_link,2
202.145,0.000,-0.400,base_link,2
202.194,0.000,-0.400,base_link,2
202.245,0.000,-0.400,base_link,2
202.295,0.000,-0.400,base_link,2
202.345,0.000,-0.400,base_link,2
202.394,0.000,-0.400,base_link,2
202.444,0.000,-0.400,base_link,2
202.494,0.022,-0.400,base_link,2
202.544,0.022,-0.400,base_link,2
202.594,0.011,-0.360,base_link,2
202.644,0.011,-0.360,base_link,2
202.694,0.000,-0.400,base_link,2
202.744,0.000,-0.400,base_link,2
202.794,0.000,-0.400,base_link,2
202.844,0.000,-0.400,base_link,2
202.894,0.000,-0.400,base_link,2
202.945,0.000,-0.400,base_link,2
202.994,0.013,-0.400,base_link,2
203.044,0.013,-0.400,base_link,2
203.094,0.010,-0.385,base_link,2
203.145,0.010,-0.385,base_link,2
203.194,0.010,-0.355,base_link,2
203.244,0.010,-0.355,base_link,2
203.294,0.000,-0.400,base_link,2
203.345,0.000,-0.400,base_link,2
203.394,0.000,-0.400,base_link,2
203.444,0.000,-0.400,base_link,2
203.495,0.012,-0.400,base_link,2
203.545,0.012,-0.400,base_link,2
203.594,0.000,-0.400,base_link,2
203.644,0.000,-0.400,base_link,2
203.694,0.000,-0.400,base_link,2
203.745,0.000,-0.400,base_link,2
203.794,0.000,-0.400,base_link,2
203.845,0.000,-0.400,base_link,2
203.894,0.000,-0.400,base_link,2
203.945,0.000,-0.400,base_link,2
203.994,0.000,-0.400,base_link,2
204.044,0.000,-0.400,base_link,2
204.094,0.046,-0.400,base_link,2
204.145,0.046,-0.400,base_link,2
204.194,0.000,-0.400,base_link,2
204.245,0.000,-0.400,base_link,2
204.294,0.088,-0.400,base_link,2
204.344,0.088,-0.400,base_link,2
204.394,0.064,-0.400,base_link,2
204.444,0.064,-0.400,base_link,2
204.494,0.101,-0.400,base_link,2
204.545,0.101,-0.400,base_link,2
204.594,0.119,-0.400,base_link,2
204.645,0.119,-0.400,base_link,2
204.694,0.107,-0.400,base_link,2
204.744,0.107,-0.400,base_link,2
204.794,0.100,-0.400,base_link,2
204.844,0.100,-0.400,base_link,2
204.894,0.166,-0.400,base_link,2
204.944,0.166,-0.400,base_link,2
204.994,0.207,-0.400,base_link,2
205.045,0.184,-0.400,base_link,2
205.094,0.184,-0.400,base_link,2
205.144,0.186,-0.400,base_link,2
205.194,0.201,-0.400,base_link,2
205.245,0.184,-0.400,base_link,2
205.294,0.184,-0.400,base_link,2
205.344,0.164,-0.400,base_link,2
205.395,0.164,-0.400,base_link,2
205.444,0.148,-0.400,base_link,2
205.494,0.148,-0.400,base_link,2
205.545,0.173,-0.400,base_link,2
205.594,0.168,-0.351,base_link,2
205.645,0.168,-0.351,base_link,2
205.694,0.168,-0.323,base_link,2
205.745,0.168,-0.323,base_link,2
205.794,0.168,-0.313,base_link,2
205.844,0.195,-0.313,base_link,2
205.894,0.195,-0.292,base_link,2
205.944,0.195,-0.292,base_link,2
205.994,0.195,-0.274,base_link,2
206.045,0.195,-0.274,base_link,2
206.095,0.195,-0.231,base_link,2
206.145,0.195,-0.231,base_link,2
206.195,0.207,-0.213,base_link,2
206.244,0.221,-0.213,base_link,2
206.294,0.221,-0.186,base_link,2
206.345,0.221,-0.186,base_link,2
206.395,0.221,-0.206,base_link,2
206.444,0.221,-0.206,base_link,2
206.495,0.221,-0.143,base_link,2
206.544,0.221,-0.143,base_link,2
206.594,0.221,-0.146,base_link,2
206.645,0.221,-0.146,base_link,2
206.694,0.221,-0.145,base_link,2
206.744,0.221,-0.145,base_link,2
206.794,0.221,-0.123,base_link,2
206.845,0.221,-0.123,base_link,2
206.894,0.221,-0.109,base_link,2
206.945,0.221,-0.109,base_link,2
206.994,0.221,-0.106,base_link,2
207.044,0.221,-0.106,base_link,2
207.094,0.224,-0.084,base_link,2
207.145,0.224,-0.084,base_link,2
207.194,0.221,-0.036,base_link,2
207.244,0.224,-0.036,base_link,2
207.294,0.224,-0.053,base_link,2
207.344,0.224,-0.053,base_link,2
207.394,0.224,-0.088,base_link,2
207.444,0.224,-0.088,base_link,2
207.494,0.224,-0.011,base_link,2
207.545,0.224,-0.011,base_link,2
207.594,0.224,-0.075,base_link,2
207.644,0.224,-0.075,base_link,2
207.694,0.224,-0.029,base_link,2
207.744,0.224,-0.029,base_link,2
207.794,0.224,-0.050,base_link,2
207.844,0.224,-0.050,base_link,2
207.894,0.224,-0.001,base_link,2
207.944,0.224,-0.001,base_link,2
207.994,0.224,0.000,base_link,2
208.044,0.224,0.000,base_link,2
208.095,0.224,0.019,base_link,2
208.145,0.224,0.019,base_link,2
208.194,0.224,0.024,base_link,2
208.245,0.224,0.024,base_link,2
208.295,0.224,0.030,base_link,2
208.345,0.224,0.030,base_link,2
208.409,0.224,0.027,base_link,2
208.445,0.224,0.027,base_link,2
208.494,0.224,0.033,base_link,2
208.544,0.224,0.033,base_link,2
208.594,0.224,0.054,base_link,2
208.644,0.224,0.054,base_link,2
208.694,0.224,0.041,base_link,2
208.744,0.224,0.041,base_link,2
208.794,0.224,0.000,base_link,2
208.844,0.224,0.000,base_link,2
208.895,0.224,0.055,base_link,2
208.945,0.224,0.055,base_link,2
208.994,0.224,0.005,base_link,2
209.045,0.224,0.005,base_link,2
209.094,0.231,0.006,base_link,2
209.144,0.224,0.006,base_link,2
209.194,0.224,0.016,base_link,2
209.244,0.224,0.016,base_link,2
209.294,0.224,0.050,base_link,2
209.344,0.231,0.050,base_link,2
209.394,0.231,0.065,base_link,2
209.445,0.224,0.065,base_link,2
209.494,0.224,0.116,base_link,2
209.544,0.247,0.116,base_link,2
209.594,0.247,0.078,base_link,2
209.644,0.247,0.078,base_link,2
209.694,0.247,0.070,base_link,2
209.744,0.247,0.070,base_link,2
209.794,0.247,0.076,base_link,2
209.848,0.247,0.076,base_link,2
209.894,0.300,0.198,base_link,2
209.944,0.000,0.000,stop,2
209.994,0.000,0.000,stop,2
210.044,0.000,0.000,stop,2
210.094,0.000,0.000,stop,2
210.144,0.000,0.000,stop,2
210.194,0.000,0.000,stop,2
210.244,0.000,0.000,stop,2
210.294,0.000,0.000,stop,2
210.344,0.000,0.000,stop,2
210.394,0.000,0.000,stop,2
210.444,0.000,0.000,stop,2
210.494,0.000,0.000,stop,2
210.545,0.000,0.000,stop,2
210.594,0.000,0.000,stop,2
210.644,0.000,0.000,stop,2
210.694,0.000,0.000,stop,2
210.744,0.000,0.000,stop,2
210.794,0.000,0.000,stop,2
210.844,0.000,0.000,stop,2
210.894,0.000,0.000,stop,2
210.944,0.000,0.000,stop,2
210.994,0.000,0.000,stop,2
211.044,0.000,0.000,stop,2
211.094,0.000,0.000,stop,2
211.144,0.000,0.000,stop,2
211.194,0.000,0.000,stop,2
211.244,0.000,0.000,stop,2
211.294,0.000,0.000,stop,2
211.344,0.000,0.000,stop,2
211.394,0.000,0.000,stop,2
211.444,0.000,0.000,stop,2
211.494,0.000,0.000,stop,2
211.544,0.000,0.000,stop,2
211.594,0.000,0.000,stop,2
211.644,0.000,0.000,stop,2
211.694,0.000,0.000,stop,2
211.744,0.000,0.000,stop,2
211.794,0.000,0.000,stop,2
211.844,0.000,0.000,stop,2
211.894,0.000,0.000,stop,2
211.944,0.000,0.000,stop,2
211.994,0.000,0.000,stop,2
212.044,0.000,0.000,stop,2
212.094,0.000,0.000,stop,2
212.144,0.000,0.000,stop,2
212.194,0.000,0.000,stop,2
212.244,0.000,0.000,stop,2
212.294,0.000,0.000,stop,2
212.344,0.000,0.000,stop,2
212.394,0.000,0.000,stop,2
212.444,0.000,0.000,stop,2
212.494,0.000,0.000,stop,2
212.544,0.000,0.000,stop,2
212.594,0.000,0.000,stop,2
212.644,0.000,0.000,stop,2
212.694,0.000,0.000,stop,2
212.744,0.000,0.000,stop,2
212.794,0.000,0.000,stop,2
212.844,0.000,0.000,stop,2
212.894,0.000,0.000,stop,2
212.944,0.000,0.000,stop,2
212.994,0.000,0.000,stop,2
213.044,0.000,0.000,stop,2
213.094,0.000,0.000,stop,2
213.144,0.000,0.000,stop,2
213.194,0.000,0.000,stop,2
213.244,0.000,0.000,stop,2
213.294,0.000,0.000,stop,2
213.344,0.000,0.000,stop,2
213.394,0.000,0.000,stop,2
213.444,0.000,0.000,stop,2
213.494,0.000,0.000,stop,2
213.544,0.000,0.000,stop,2
213.594,0.000,0.000,stop,2
213.644,0.000,0.000,stop,2
213.694,0.000,0.000,stop,2
213.744,0.000,0.000,stop,2
213.794,0.000,0.000,stop,2
213.844,0.000,0.000,stop,2
213.894,0.000,0.000,stop,2
213.944,0.000,0.000,stop,2
213.994,0.000,0.000,stop,2
214.044,0.000,0.000,stop,2
214.094,0.000,0.000,stop,2
214.144,0.000,0.000,stop,2
214.194,0.000,0.000,stop,2
214.244,0.000,0.000,stop,2
214.294,0.000,0.000,stop,2
214.344,0.000,0.000,stop,2
214.394,0.000,0.000,stop,2
214.444,0.000,0.000,stop,2
214.494,0.000,0.000,stop,2
214.544,0.000,0.000,stop,2
214.594,0.000,0.000,stop,2
214.644,0.000,0.000,stop,2
214.694,0.000,0.000,stop,2
214.744,0.000,0.000,stop,2
214.794,0.000,0.000,stop,2
214.844,0.000,0.000,stop,2
214.894,0.000,0.000,stop,2
214.944,0.000,0.000,stop,2
214.994,0.000,0.000,stop,2
215.044,0.000,0.000,stop,2
215.094,0.000,0.000,stop,2
215.144,0.000,0.000,stop,2
215.194,0.000,0.000,stop,2
215.244,0.000,0.000,stop,2
215.294,0.000,0.000,stop,2
215.344,0.000,0.000,stop,2
215.407,0.000,0.000,stop,2
215.444,0.000,0.000,stop,2
215.494,0.000,0.000,stop,2
215.544,0.000,0.000,stop,2
215.594,0.000,0.000,stop,2
215.644,0.000,0.000,stop,2
215.694,0.000,0.000,stop,2
215.744,0.000,0.000,stop,2
215.794,0.000,0.000,stop,2
215.846,0.000,0.000,stop,2
215.894,0.000,0.000,stop,2
215.944,0.000,0.000,stop,2
215.994,0.000,0.000,stop,2
216.044,0.000,0.000,stop,2
216.094,0.000,0.000,stop,2
216.144,0.000,0.000,stop,2
216.194,0.000,0.000,stop,2
216.244,0.000,0.000,stop,2
216.294,0.000,0.000,stop,2
216.344,0.000,0.000,stop,2
216.394,0.000,0.000,stop,2
216.445,0.000,0.000,stop,2
216.494,0.000,0.000,stop,2
216.544,0.000,0.000,stop,2
216.594,0.000,0.000,stop,2
216.644,0.000,0.000,stop,2
216.694,0.000,0.000,stop,2
216.744,0.000,0.000,stop,2
216.794,0.000,0.000,stop,2
216.844,0.000,0.000,stop,2
216.894,0.000,0.000,stop,2
216.944,0.000,0.000,stop,2
216.997,0.000,0.000,stop,2
217.044,0.000,0.000,stop,2
217.094,0.000,0.000,stop,2
217.144,0.000,0.000,stop,2
217.194,0.000,0.000,stop,2
217.244,0.000,0.000,stop,2
217.294,0.000,0.000,stop,2
217.344,0.000,0.000,stop,2
217.394,0.000,0.000,stop,2
217.444,0.000,0.000,stop,2
217.494,0.000,0.000,stop,2
217.544,0.000,0.000,stop,2
217.594,0.000,0.000,stop,2
217.644,0.000,0.000,stop,2
217.694,0.000,0.000,stop,2
217.744,0.000,0.000,stop,2
217.794,0.000,0.000,stop,2
217.844,0.000,0.000,stop,2
217.894,0.000,0.000,stop,2
217.944,0.000,0.000,stop,2
217.994,0.000,0.000,stop,2
218.044,0.000,0.000,stop,2
218.094,0.000,0.000,stop,2
218.144,0.000,0.000,stop,2
218.194,0.000,0.000,stop,2
218.244,0.000,0.000,stop,2
218.294,0.000,0.000,stop,2
218.344,0.000,0.000,stop,2
218.394,0.000,0.000,stop,2
218.444,0.000,0.000,stop,2
218.495,0.000,0.000,stop,2
218.544,0.000,0.000,stop,2
218.594,0.000,0.000,stop,2
218.644,0.000,0.000,stop,2
218.694,0.000,0.000,stop,2
218.744,0.000,0.000,stop,2
218.794,0.000,0.000,stop,2
218.844,0.000,0.000,stop,2
218.894,0.000,0.000,stop,2
218.944,0.000,0.000,stop,2
218.994,0.000,0.000,stop,2
219.044,0.000,0.000,stop,2
219.094,0.000,0.000,stop,2
219.144,0.000,0.000,stop,2
219.194,0.000,0.000,stop,2
219.245,0.000,0.000,stop,2
219.294,0.000,0.000,stop,2
219.344,0.000,0.000,stop,2
219.394,0.000,0.000,stop,2
219.444,0.000,0.000,stop,2
219.498,0.000,0.000,stop,2
219.544,0.000,0.000,stop,2
219.594,0.000,0.000,stop,2
219.644,0.000,0.000,stop,2
219.694,0.000,0.000,stop,2
219.744,0.000,0.000,stop,2
219.794,0.000,0.000,stop,2
219.844,0.000,0.000,stop,2
219.894,0.000,0.000,stop,2
219.944,0.000,0.000,stop,2
219.994,0.000,0.000,stop,2
220.044,0.000,0.000,stop,2
220.094,0.000,0.000,stop,2
220.144,0.000,0.000,stop,2
220.194,0.000,0.000,stop,2
220.244,0.000,0.000,stop,2
220.294,0.000,0.000,stop,2
220.344,0.000,0.000,stop,2
220.394,0.000,0.000,stop,2
220.444,0.000,0.000,stop,2
220.494,0.000,0.000,stop,2
220.544,0.000,0.000,stop,2
220.594,0.000,0.000,stop,2
220.644,0.000,0.000,stop,2
220.694,0.000,0.000,stop,2
220.744,0.000,0.000,stop,2
220.794,0.000,0.000,stop,2
220.844,0.000,0.000,stop,2
220.894,0.000,0.000,stop,2
220.944,0.000,0.000,stop,2
220.994,0.000,0.000,stop,2
221.044,0.000,0.000,stop,2
221.094,0.000,0.000,stop,2
221.144,0.000,0.000,stop,2
221.194,0.000,0.000,stop,2
221.244,0.000,0.000,stop,2
221.294,0.000,0.000,stop,2
221.344,0.000,0.000,stop,2
221.394,0.000,0.000,stop,2
221.444,0.000,0.000,stop,2
221.494,0.000,0.000,stop,2
221.544,0.000,0.000,stop,2
221.594,0.000,0.000,stop,2
221.645,0.000,0.000,stop,2
221.694,0.000,0.000,stop,2
221.744,0.000,0.000,stop,2
221.794,0.000,0.000,stop,2
221.844,0.000,0.000,stop,2
221.894,0.000,0.000,stop,2
221.944,0.000,0.000,stop,2
221.994,0.000,0.000,stop,2
222.044,0.000,0.000,stop,2
222.094,0.000,0.000,stop,2
222.144,0.000,0.000,stop,2
222.194,0.000,0.000,stop,2
222.244,0.000,0.000,stop,2
222.294,0.000,0.000,stop,2
222.344,0.000,0.000,stop,2
222.394,0.000,0.000,stop,2
222.444,0.000,0.000,stop,2
222.494,0.000,0.000,stop,2
222.544,0.000,0.000,stop,2
222.594,0.000,0.000,stop,2
222.644,0.000,0.000,stop,2
222.694,0.000,0.000,stop,2
222.744,0.000,0.000,stop,2
222.794,0.000,0.000,stop,2
222.844,0.000,0.000,stop,2
222.894,0.000,0.000,stop,2
222.944,0.000,0.000,stop,2
222.994,0.000,0.000,stop,2
223.048,0.000,0.000,stop,2
223.094,0.000,0.000,stop,2
223.144,0.000,0.000,stop,2
223.194,0.000,0.000,stop,2
223.244,0.000,0.000,stop,2
223.294,0.000,0.000,stop,2
223.346,0.000,0.000,stop,2
223.399,0.000,0.000,stop,2
223.444,0.000,0.000,stop,2
223.494,0.000,0.000,stop,2
223.544,0.000,0.000,stop,2
223.594,0.000,0.000,stop,2
223.644,0.000,0.000,stop,2
223.694,0.000,0.000,stop,2
223.744,0.000,0.000,stop,2
223.794,0.000,0.000,stop,2
223.844,0.000,0.000,stop,2
223.894,0.000,0.000,stop,2
223.944,0.000,0.000,stop,2
223.994,0.000,0.000,stop,2
224.044,0.000,0.000,stop,2
224.094,0.000,0.000,stop,2
224.144,0.000,0.000,stop,2
224.194,0.000,0.000,stop,2
224.244,0.000,0.000,stop,2
224.294,0.000,0.000,stop,2
224.344,0.000,0.000,stop,2
224.394,0.000,0.000,stop,2
224.444,0.000,0.000,stop,2
224.494,0.000,0.000,stop,2
224.544,0.000,0.000,stop,2
224.594,0.000,0.000,stop,2
224.644,0.000,0.000,stop,2
224.694,0.000,0.000,stop,2
224.744,0.000,0.000,stop,2
224.794,0.000,0.000,stop,2
224.844,0.000,0.000,stop,2
224.894,0.000,0.000,stop,2
224.944,0.000,0.000,stop,2
224.994,0.000,0.000,stop,2
225.050,0.000,0.000,stop,2
225.094,0.000,0.000,stop,2
225.144,0.000,0.000,stop,2
225.194,0.000,0.000,stop,2
225.244,0.000,0.000,stop,2
225.294,0.000,0.000,stop,2
225.344,0.000,0.000,stop,2
225.394,0.000,0.000,stop,2
225.444,0.000,0.000,stop,2
225.494,0.000,0.000,stop,2
225.544,0.000,0.000,stop,2
225.594,0.000,0.000,stop,2
225.644,0.000,0.000,stop,2
225.694,0.000,0.000,stop,2
225.744,0.000,0.000,stop,2
225.794,0.000,0.000,stop,2
225.844,0.000,0.000,stop,2
225.894,0.000,0.000,stop,2
225.944,0.000,0.000,stop,2
225.994,0.000,0.000,stop,2
226.044,0.000,0.000,stop,2
226.094,0.000,0.000,stop,2
226.144,0.000,0.000,stop,2
226.194,0.000,0.000,stop,2
226.244,0.000,0.000,stop,2
226.294,0.000,0.000,stop,2
226.344,0.000,0.000,stop,2
226.394,0.000,0.000,stop,2
226.444,0.000,0.000,stop,2
226.494,0.000,0.000,stop,2
226.544,0.000,0.000,stop,2
226.594,0.000,0.000,stop,2
226.644,0.000,0.000,stop,2
226.694,0.000,0.000,stop,2
226.744,0.000,0.000,stop,2
226.794,0.000,0.000,stop,2
226.844,0.000,0.000,stop,2
226.894,0.000,0.000,stop,2
226.944,0.000,0.000,stop,2
226.994,0.000,0.000,stop,2
227.044,0.000,0.000,stop,2
227.094,0.000,0.000,stop,2
227.144,0.000,0.000,stop,2
227.194,0.000,0.000,stop,2
227.244,0.000,0.000,stop,2
227.294,0.000,0.000,stop,2
227.344,0.000,0.000,stop,2
227.394,0.000,0.000,stop,2
227.444,0.000,0.000,stop,2
227.494,0.000,0.000,stop,2
227.544,0.000,0.000,stop,2
227.594,0.000,0.000,stop,2
227.644,0.000,0.000,stop,2
227.694,0.000,0.000,stop,2
227.744,0.000,0.000,stop,2
227.794,0.000,0.000,stop,2
227.844,0.000,0.000,stop,2
227.894,0.000,0.000,stop,2
227.944,0.000,0.000,stop,2
227.994,0.000,0.000,stop,2
228.044,0.000,0.000,stop,2
228.094,0.000,0.000,stop,2
228.144,0.000,0.000,stop,2
228.194,0.000,0.000,stop,2
228.244,0.000,0.000,stop,2
228.294,0.000,0.000,stop,2
228.344,0.000,0.000,stop,2
228.394,0.000,0.000,stop,2
228.444,0.000,0.000,stop,2
228.494,0.000,0.000,stop,2
228.545,0.000,0.000,stop,2
228.594,0.000,0.000,stop,2
228.644,0.000,0.000,stop,2
228.694,0.000,0.000,stop,2
228.744,0.000,0.000,stop,2
228.794,0.000,0.000,stop,2
228.844,0.000,0.000,stop,2
228.894,0.000,0.000,stop,2
228.944,0.000,0.000,stop,2
228.994,0.000,0.000,stop,2
229.044,0.000,0.000,stop,2
229.094,0.000,0.000,stop,2
229.144,0.000,0.000,stop,2
229.194,0.000,0.000,stop,2
229.244,0.000,0.000,stop,2
229.294,0.000,0.000,stop,2
229.344,0.000,0.000,stop,2
229.394,0.000,0.000,stop,2
229.444,0.000,0.000,stop,2
229.494,0.000,0.000,stop,2
229.544,0.000,0.000,stop,2
229.594,0.000,0.000,stop,2
229.644,0.000,0.000,stop,2
229.694,0.000,0.000,stop,2
229.744,0.000,0.000,stop,2
229.794,0.000,0.000,stop,2
229.844,0.000,0.000,stop,2
229.894,0.000,0.000,stop,2
229.944,0.000,0.000,stop,2
229.994,0.000,0.000,stop,2
230.044,0.000,0.000,stop,2
230.094,0.000,0.000,stop,2
230.144,0.000,0.000,stop,2
230.194,0.000,0.000,stop,2
230.244,0.000,0.000,stop,2
230.294,0.000,0.000,stop,2
230.344,0.000,0.000,stop,2
230.416,0.000,0.000,stop,2
230.444,0.000,0.000,stop,2
230.494,0.000,0.000,stop,2
230.544,0.000,0.000,stop,2
230.594,0.000,0.000,stop,2
230.644,0.000,0.000,stop,2
230.694,0.000,0.000,stop,2
230.745,0.000,0.000,stop,2
230.794,0.000,0.000,stop,2
230.844,0.000,0.000,stop,2
230.894,0.000,0.000,stop,2
230.944,0.000,0.000,stop,2
230.994,0.000,0.000,stop,2
231.044,0.000,0.000,stop,2
231.094,0.000,0.000,stop,2
231.146,0.000,0.000,stop,2
231.194,0.000,0.000,stop,2
231.244,0.000,0.000,stop,2
231.294,0.000,0.000,stop,2
231.344,0.000,0.000,stop,2
231.394,0.000,0.000,stop,2
231.444,0.000,0.000,stop,2
231.494,0.000,0.000,stop,2
231.544,0.000,0.000,stop,2
231.594,0.000,0.000,stop,2
231.644,0.000,0.000,stop,2
231.694,0.000,0.000,stop,2
231.744,0.000,0.000,stop,2
231.794,0.000,0.000,stop,2
231.844,0.000,0.000,stop,2
231.894,0.000,0.000,stop,2
231.944,0.000,0.000,stop,2
231.994,0.000,0.000,stop,2
232.045,0.000,0.000,stop,2
232.094,0.000,0.000,stop,2
232.144,0.000,0.000,stop,2
232.194,0.000,0.000,stop,2
232.244,0.000,0.000,stop,2
232.294,0.000,0.000,stop,2
232.344,0.000,0.000,stop,2
232.394,0.000,0.000,stop,2
232.446,0.000,0.000,stop,2
232.494,0.000,0.000,stop,2
232.544,0.000,0.000,stop,2
232.594,0.000,0.000,stop,2
232.644,0.000,0.000,stop,2
232.694,0.000,0.000,stop,2
232.744,0.000,0.000,stop,2
232.794,0.000,0.000,stop,2
232.844,0.000,0.000,stop,2
232.894,0.000,0.000,stop,2
232.944,0.000,0.000,stop,2
232.994,0.000,0.000,stop,2
233.044,0.000,0.000,stop,2
233.094,0.000,0.000,stop,2
233.144,0.000,0.000,stop,2
233.194,0.000,0.000,stop,2
233.244,0.000,0.000,stop,2
233.294,0.000,0.000,stop,2
233.344,0.000,0.000,stop,2
233.394,0.000,0.000,stop,2
233.444,0.000,0.000,stop,2
233.494,0.000,0.000,stop,2
233.544,0.000,0.000,stop,2
233.594,0.000,0.000,stop,2
233.644,0.000,0.000,stop,2
233.694,0.000,0.000,stop,2
233.744,0.000,0.000,stop,2
233.794,0.000,0.000,stop,2
233.845,0.000,0.000,stop,2
233.894,0.000,0.000,stop,2
233.944,0.000,0.000,stop,2
233.994,0.000,0.000,stop,2
234.044,0.000,0.000,stop,2
234.094,0.000,0.000,stop,2
234.144,0.000,0.000,stop,2
234.194,0.000,0.000,stop,2
234.244,0.000,0.000,stop,2
234.294,0.000,0.000,stop,2
234.344,0.000,0.000,stop,2
234.394,0.000,0.000,stop,2
234.444,0.000,0.000,stop,2
234.494,0.000,0.000,stop,2
234.544,0.000,0.000,stop,2
234.594,0.000,0.000,stop,2
234.644,0.000,0.000,stop,2
234.694,0.000,0.000,stop,2
234.744,0.000,0.000,stop,2
234.794,0.000,0.000,stop,2
234.844,0.000,0.000,stop,2
234.894,0.000,0.000,stop,2
234.944,0.000,0.000,stop,2
234.994,0.000,0.000,stop,2
235.044,0.000,0.000,stop,2
235.094,0.000,0.000,stop,2
235.144,0.000,0.000,stop,2
235.194,0.000,0.000,stop,2
235.244,0.000,0.000,stop,2
235.294,0.000,0.000,stop,2
235.344,0.000,0.000,stop,2
235.400,0.000,0.000,stop,2
235.444,0.000,0.000,stop,2
235.494,0.000,0.000,stop,2
235.544,0.000,0.000,stop,2
235.594,0.000,0.000,stop,2
235.644,0.000,0.000,stop,2
235.694,0.000,0.000,stop,2
235.744,0.000,0.000,stop,2
235.794,0.000,0.000,stop,2
235.844,0.000,0.000,stop,2
235.894,0.000,0.000,stop,2
235.944,0.000,0.000,stop,2
235.994,0.000,0.000,stop,2
236.044,0.000,0.000,stop,2
236.095,0.000,0.000,stop,2
236.144,0.000,0.000,stop,2
236.194,0.000,0.000,stop,2
236.244,0.000,0.000,stop,2
236.294,0.000,0.000,stop,2
236.344,0.000,0.000,stop,2
236.394,0.000,0.000,stop,2
236.444,0.000,0.000,stop,2
236.494,0.000,0.000,stop,2
236.544,0.000,0.000,stop,2
236.594,0.000,0.000,stop,2
236.644,0.000,0.000,stop,2
236.694,0.000,0.000,stop,2
236.744,0.000,0.000,stop,2
236.794,0.000,0.000,stop,2
236.844,0.000,0.000,stop,2
236.894,0.000,0.000,stop,2
236.944,0.000,0.000,stop,2
236.994,0.000,0.000,stop,2
237.044,0.000,0.000,stop,2
237.094,0.000,0.000,stop,2
237.144,0.000,0.000,stop,2
237.194,0.000,0.000,stop,2
237.244,0.000,0.000,stop,2
237.294,0.000,0.000,stop,2
237.344,0.000,0.000,stop,2
237.416,0.000,0.000,stop,2
237.444,0.000,0.000,stop,2
237.494,0.000,0.000,stop,2
237.544,0.000,0.000,stop,2
237.594,0.000,0.000,stop,2
237.644,0.000,0.000,stop,2
237.694,0.000,0.000,stop,2
237.744,0.000,0.000,stop,2
237.794,0.000,0.000,stop,2
237.844,0.000,0.000,stop,2
237.894,0.000,0.000,stop,2
237.944,0.000,0.000,stop,2
237.994,0.000,0.000,stop,2
238.044,0.000,0.000,stop,2
238.094,0.000,0.000,stop,2
238.144,0.000,0.000,stop,2
238.194,0.000,0.000,stop,2
238.244,0.000,0.000,stop,2
238.294,0.000,0.000,stop,2
238.345,0.000,0.000,stop,2
238.394,0.000,0.000,stop,2
238.444,0.000,0.000,stop,2
238.494,0.000,0.000,stop,2
238.544,0.000,0.000,stop,2
238.594,0.000,0.000,stop,2
238.644,0.000,0.000,stop,2
238.694,0.000,0.000,stop,2
238.744,0.000,0.000,stop,2
238.794,0.000,0.000,stop,2
238.844,0.000,0.000,stop,2
238.894,0.000,0.000,stop,2
238.944,0.000,0.000,stop,2
238.994,0.000,0.000,stop,2
239.044,0.000,0.000,stop,2
239.094,0.000,0.000,stop,2
239.144,0.000,0.000,stop,2
239.194,0.000,0.000,stop,2
239.244,0.000,0.000,stop,2
239.294,0.000,0.000,stop,2
239.344,0.000,0.000,stop,2
239.394,0.000,0.000,stop,2
239.444,0.000,0.000,stop,2
239.494,0.000,0.000,stop,2
239.544,0.000,0.000,stop,2
239.594,0.000,0.000,stop,2
239.644,0.000,0.000,stop,2
239.694,0.000,0.000,stop,2
239.744,0.000,0.000,stop,2
239.794,0.000,0.000,stop,2
239.844,0.000,0.000,stop,2
239.894,0.000,0.000,stop,2
239.944,0.000,0.000,stop,2
239.994,0.000,0.000,stop,2
240.044,0.000,0.000,stop,2
240.094,0.000,0.000,stop,2
240.144,0.000,0.000,stop,2
240.194,0.000,0.000,stop,2
240.244,0.000,0.000,stop,2
240.294,0.000,0.000,stop,2
240.344,0.000,0.000,stop,2
240.394,0.000,0.000,stop,2
240.444,0.000,0.000,stop,2
240.494,0.000,0.000,stop,2
240.544,0.000,0.000,stop,2
240.594,0.000,0.000,stop,2
240.644,0.000,0.000,stop,2
240.694,0.000,0.000,stop,2
240.746,0.000,0.000,stop,2
240.794,0.000,0.000,stop,2
240.844,0.000,0.000,stop,2
240.894,0.000,0.000,stop,2
240.944,0.000,0.000,stop,2
240.994,0.000,0.000,stop,2
241.044,0.000,0.000,stop,2
241.094,0.000,0.000,stop,2
241.144,0.000,0.000,stop,2
241.194,0.000,0.000,stop,2
241.244,0.000,0.000,stop,2
241.294,0.000,0.000,stop,2
241.344,0.000,0.000,stop,2
241.394,0.000,0.000,stop,2
241.444,0.000,0.000,stop,2
241.494,0.000,0.000,stop,2
241.544,0.000,0.000,stop,2
241.594,0.000,0.000,stop,2
241.644,0.000,0.000,stop,2
241.694,0.000,0.000,stop,2
241.744,0.000,0.000,stop,2
241.794,0.000,0.000,stop,2
241.844,0.000,0.000,stop,2
241.894,0.000,0.000,stop,2
241.944,0.000,0.000,stop,2
241.994,0.000,0.000,stop,2
242.044,0.000,0.000,stop,2
242.094,0.000,0.000,stop,2
242.144,0.000,0.000,stop,2
242.194,0.000,0.000,stop,2
242.244,0.000,0.000,stop,2
242.294,0.000,0.000,stop,2
242.344,0.000,0.000,stop,2
242.394,0.000,0.000,stop,2
242.444,0.000,0.000,stop,2
242.494,0.000,0.000,stop,2
242.544,0.000,0.000,stop,2
242.594,0.000,0.000,stop,2
242.644,0.000,0.000,stop,2
242.694,0.000,0.000,stop,2
242.744,0.000,0.000,stop,2
242.794,0.000,0.000,stop,2
242.844,0.000,0.000,stop,2
242.894,0.000,0.000,stop,2
242.944,0.000,0.000,stop,2
242.994,0.000,0.000,stop,2
243.044,0.000,0.000,stop,2
243.094,0.000,0.000,stop,2
243.144,0.000,0.000,stop,2
243.194,0.000,0.000,stop,2
243.244,0.000,0.000,stop,2
243.294,0.000,0.000,stop,2
243.344,0.000,0.000,stop,2
243.394,0.000,0.000,stop,2
243.444,0.000,0.000,stop,2
243.494,0.000,0.000,stop,2
243.544,0.000,0.000,stop,2
243.594,0.000,0.000,stop,2
243.644,0.000,0.000,stop,2
243.694,0.000,0.000,stop,2
243.744,0.000,0.000,stop,2
243.794,0.000,0.000,stop,2
243.844,0.000,0.000,stop,2
243.894,0.000,0.000,stop,2
243.944,0.000,0.000,stop,2
243.994,0.000,0.000,stop,2
244.044,0.000,0.000,stop,2
244.094,0.000,0.000,stop,2
244.144,0.000,0.000,stop,2
244.194,0.000,0.000,stop,2
244.244,0.000,0.000,stop,2
244.294,0.000,0.000,stop,2
244.344,0.000,0.000,stop,2
244.394,0.000,0.000,stop,2
244.444,0.000,0.000,stop,2
244.494,0.000,0.000,stop,2
244.544,0.000,0.000,stop,2
244.594,0.000,0.000,stop,2
244.644,0.000,0.000,stop,2
244.694,0.000,0.000,stop,2
244.744,0.000,0.000,stop,2
244.794,0.000,0.000,stop,2
244.847,0.000,0.000,stop,2
244.894,0.000,0.000,stop,2
244.944,0.000,0.000,stop,2
244.994,0.000,0.000,stop,2
245.044,0.000,0.000,stop,2
245.094,0.000,0.000,stop,2
245.144,0.000,0.000,stop,2
245.194,0.000,0.000,stop,2
245.246,0.000,0.000,stop,2
245.294,0.000,0.000,stop,2
245.344,0.000,0.000,stop,2
245.394,0.000,0.000,stop,2
245.444,0.000,0.000,stop,2
245.494,0.000,0.000,stop,2
245.544,0.000,0.000,stop,2
245.594,0.000,0.000,stop,2
245.644,0.000,0.000,stop,2
245.694,0.000,0.000,stop,2
245.744,0.000,0.000,stop,2
245.794,0.000,0.000,stop,2
245.844,0.000,0.000,stop,2
245.894,0.000,0.000,stop,2
245.944,0.000,0.000,stop,2
245.994,0.000,0.000,stop,2
246.044,0.000,0.000,stop,2
246.094,0.000,0.000,stop,2
246.144,0.000,0.000,stop,2
246.194,0.000,0.000,stop,2
246.244,0.000,0.000,stop,2
246.294,0.000,0.000,stop,2
246.344,0.000,0.000,stop,2
246.394,0.000,0.000,stop,2
246.444,0.000,0.000,stop,2
246.494,0.000,0.000,stop,2
246.544,0.000,0.000,stop,2
246.594,0.000,0.000,stop,2
246.644,0.000,0.000,stop,2
246.694,0.000,0.000,stop,2
246.744,0.000,0.000,stop,2
246.794,0.000,0.000,stop,2
246.844,0.000,0.000,stop,2
246.895,0.000,0.000,stop,2
246.944,0.000,0.000,stop,2
246.994,0.000,0.000,stop,2
247.044,0.000,0.000,stop,2
247.094,0.000,0.000,stop,2
247.144,0.000,0.000,stop,2
247.194,0.000,0.000,stop,2
247.244,0.000,0.000,stop,2
247.294,0.000,0.000,stop,2
247.344,0.000,0.000,stop,2
247.394,0.000,0.000,stop,2
247.444,0.000,0.000,stop,2
247.494,0.000,0.000,stop,2
247.544,0.000,0.000,stop,2
247.594,0.000,0.000,stop,2
247.644,0.000,0.000,stop,2
247.694,0.000,0.000,stop,2
247.744,0.000,0.000,stop,2
247.794,0.000,0.000,stop,2
247.844,0.000,0.000,stop,2
247.894,0.000,0.000,stop,2
247.944,0.000,0.000,stop,2
247.994,0.000,0.000,stop,2
248.044,0.000,0.000,stop,2
248.094,0.000,0.000,stop,2
248.144,0.000,0.000,stop,2
248.194,0.000,0.000,stop,2
248.244,0.000,0.000,stop,2
248.294,0.000,0.000,stop,2
248.344,0.000,0.000,stop,2
248.394,0.000,0.000,stop,2
248.444,0.000,0.000,stop,2
248.494,0.000,0.000,stop,2
248.544,0.000,0.000,stop,2
248.594,0.000,0.000,stop,2
248.644,0.000,0.000,stop,2
248.694,0.000,0.000,stop,2
248.744,0.000,0.000,stop,2
248.794,0.000,0.000,stop,2
248.844,0.000,0.000,stop,2
248.894,0.000,0.000,stop,2
248.944,0.000,0.000,stop,2
248.994,0.000,0.000,stop,2
249.044,0.000,0.000,stop,2
249.094,0.000,0.000,stop,2
249.144,0.000,0.000,stop,2
249.194,0.000,0.000,stop,2
249.244,0.000,0.000,stop,2
249.294,0.000,0.000,stop,2
249.344,0.000,0.000,stop,2
249.394,0.000,0.000,stop,2
249.444,0.000,0.000,stop,2
249.494,0.000,0.000,stop,2
249.544,0.000,0.000,stop,2
249.594,0.000,0.000,stop,2
249.644,0.000,0.000,stop,2
249.694,0.000,0.000,stop,2
249.744,0.000,0.000,stop,2
249.794,0.000,0.000,stop,2
249.844,0.000,0.000,stop,2
249.894,0.000,0.000,stop,2
249.945,0.000,0.000,stop,2
249.994,0.000,0.000,stop,2
250.044,0.000,0.000,stop,2
250.094,0.000,0.000,stop,2
250.144,0.000,0.000,stop,2
250.194,0.000,0.000,stop,2
250.244,0.000,0.000,stop,2
250.294,0.000,0.000,stop,2
250.347,0.000,0.000,stop,2
250.395,0.000,0.000,stop,2
250.444,0.000,0.000,stop,2
250.494,0.000,0.000,stop,2
250.544,0.000,0.000,stop,2
250.594,0.000,0.000,stop,2
250.644,0.000,0.000,stop,2
250.694,0.000,0.000,stop,2
250.744,0.000,0.000,stop,2
250.794,0.000,0.000,stop,2
250.844,0.000,0.000,stop,2
250.894,0.000,0.000,stop,2
250.944,0.000,0.000,stop,2
250.994,0.000,0.000,stop,2
251.044,0.000,0.000,stop,2
251.094,0.000,0.000,stop,2
251.144,0.000,0.000,stop,2
251.194,0.000,0.000,stop,2
251.244,0.000,0.000,stop,2
251.294,0.000,0.000,stop,2
251.344,0.000,0.000,stop,2
251.394,0.000,0.000,stop,2
251.444,0.000,0.000,stop,2
251.494,0.000,0.000,stop,2
251.544,0.000,0.000,stop,2
251.594,0.000,0.000,stop,2
251.644,0.000,0.000,stop,2
251.694,0.000,0.000,stop,2
251.744,0.000,0.000,stop,2
251.794,0.000,0.000,stop,2
251.845,0.000,0.000,stop,2
251.894,0.000,0.000,stop,2
251.944,0.000,0.000,stop,2
251.994,0.000,0.000,stop,2
252.044,0.000,0.000,stop,2
252.094,0.000,0.000,stop,2
252.144,0.000,0.000,stop,2
252.194,0.000,0.000,stop,2
252.244,0.000,0.000,stop,2
252.294,0.000,0.000,stop,2
252.344,0.000,0.000,stop,2
252.394,0.000,0.000,stop,2
252.444,0.000,0.000,stop,2
252.494,0.000,0.000,stop,2
252.544,0.000,0.000,stop,2
252.594,0.000,0.000,stop,2
252.644,0.000,0.000,stop,2
252.694,0.000,0.000,stop,2
252.744,0.000,0.000,stop,2
252.794,0.000,0.000,stop,2
252.844,0.000,0.000,stop,2
252.894,0.000,0.000,stop,2
252.944,0.000,0.000,stop,2
252.994,0.000,0.000,stop,2
253.044,0.000,0.000,stop,2
253.094,0.000,0.000,stop,2
253.144,0.000,0.000,stop,2
253.195,0.000,0.000,stop,2
253.244,0.000,0.000,stop,2
253.294,0.000,0.000,stop,2
253.344,0.000,0.000,stop,2
253.394,0.000,0.000,stop,2
253.444,0.000,0.000,stop,2
253.494,0.000,0.000,stop,2
253.544,0.000,0.000,stop,2
253.594,0.000,0.000,stop,2
253.644,0.000,0.000,stop,2
253.694,0.000,0.000,stop,2
253.744,0.000,0.000,stop,2
253.794,0.000,0.000,stop,2
253.844,0.000,0.000,stop,2
253.894,0.000,0.000,stop,2
253.944,0.000,0.000,stop,2
253.994,0.000,0.000,stop,2
254.044,0.000,0.000,stop,2
254.094,0.000,0.000,stop,2
254.144,0.000,0.000,stop,2
254.194,0.000,0.000,stop,2
254.244,0.000,0.000,stop,2
254.294,0.000,0.000,stop,2
254.344,0.000,0.000,stop,2
254.394,0.000,0.000,stop,2
254.444,0.000,0.000,stop,2
254.494,0.000,0.000,stop,2
254.544,0.000,0.000,stop,2
254.594,0.000,0.000,stop,2
254.644,0.000,0.000,stop,2
254.694,0.000,0.000,stop,2
254.744,0.000,0.000,stop,2
254.794,0.000,0.000,stop,2
254.844,0.000,0.000,stop,2
254.894,0.000,0.000,stop,2
254.944,0.000,0.000,stop,2
254.994,0.000,0.000,stop,2
255.044,0.000,0.000,stop,2
255.094,0.000,0.000,stop,2
255.144,0.000,0.000,stop,2
255.194,0.000,0.000,stop,2
255.244,0.000,0.000,stop,2
255.294,0.000,0.000,stop,2
255.344,0.000,0.000,stop,2
255.394,0.000,0.000,stop,2
255.444,0.000,0.000,stop,2
255.494,0.000,0.000,stop,2
255.544,0.000,0.000,stop,2
255.594,0.000,0.000,stop,2
255.644,0.000,0.000,stop,2
255.694,0.000,0.000,stop,2
255.744,0.000,0.000,stop,2
255.794,0.000,0.000,stop,2
255.844,0.000,0.000,stop,2
255.894,0.000,0.000,stop,2
255.944,0.000,0.000,stop,2
255.994,0.000,0.000,stop,2
256.044,0.000,0.000,stop,2
256.094,0.000,0.000,stop,2
256.144,0.000,0.000,stop,2
256.194,0.000,0.000,stop,2
256.244,0.000,0.000,stop,2
256.294,0.000,0.000,stop,2
256.344,0.000,0.000,stop,2
256.394,0.000,0.000,stop,2
256.444,0.000,0.000,stop,2
256.494,0.000,0.000,stop,2
256.544,0.000,0.000,stop,2
256.594,0.000,0.000,stop,2
256.644,0.000,0.000,stop,2
256.694,0.000,0.000,stop,2
256.744,0.000,0.000,stop,2
256.794,0.000,0.000,stop,2
256.844,0.000,0.000,stop,2
256.894,0.000,0.000,stop,2
256.944,0.000,0.000,stop,2
256.994,0.000,0.000,stop,2
257.044,0.000,0.000,stop,2
257.094,0.000,0.000,stop,2
257.144,0.000,0.000,stop,2
257.194,0.000,0.000,stop,2
257.244,0.000,0.000,stop,2
257.294,0.000,0.000,stop,2
257.344,0.000,0.000,stop,2
257.395,0.000,0.000,stop,2
257.445,0.000,0.000,stop,2
257.494,0.000,0.000,stop,2
257.544,0.000,0.000,stop,2
257.594,0.000,0.000,stop,2
257.648,0.000,0.000,stop,2
257.694,0.000,0.000,stop,2
257.744,0.000,0.000,stop,2
257.794,0.000,0.000,stop,2
257.844,0.000,0.000,stop,2
257.894,0.000,0.000,stop,2
257.944,0.000,0.000,stop,2
257.994,0.000,0.000,stop,2
258.044,0.000,0.000,stop,2
258.094,0.000,0.000,stop,2
258.145,0.000,0.000,stop,2
258.194,0.000,0.000,stop,2
258.244,0.000,0.000,stop,2
258.294,0.000,0.000,stop,2
258.344,0.000,0.000,stop,2
258.394,0.000,0.000,stop,2
258.444,0.000,0.000,stop,2
258.494,0.000,0.000,stop,2
258.544,0.000,0.000,stop,2
258.594,0.000,0.000,stop,2
258.644,0.000,0.000,stop,2
258.694,0.000,0.000,stop,2
258.744,0.000,0.000,stop,2
258.794,0.000,0.000,stop,2
258.844,0.000,0.000,stop,2
258.894,0.000,0.000,stop,2
258.944,0.000,0.000,stop,2
258.994,0.000,0.000,stop,2
259.044,0.000,0.000,stop,2
259.094,0.000,0.000,stop,2
259.144,0.000,0.000,stop,2
259.194,0.000,0.000,stop,2
259.244,0.000,0.000,stop,2
259.294,0.000,0.000,stop,2
259.344,0.000,0.000,stop,2
259.394,0.000,0.000,stop,2
259.444,0.000,0.000,stop,2
259.494,0.000,0.000,stop,2
259.544,0.000,0.000,stop,2
259.594,0.000,0.000,stop,2
259.644,0.000,0.000,stop,2
259.694,0.000,0.000,stop,2
259.744,0.000,0.000,stop,2
259.794,0.000,0.000,stop,2
259.844,0.000,0.000,stop,2
259.894,0.000,0.000,stop,2
259.944,0.000,0.000,stop,2
259.994,0.000,0.000,stop,2
260.044,0.000,0.000,stop,2
260.094,0.000,0.000,stop,2
260.144,0.000,0.000,stop,2
260.194,0.000,0.000,stop,2
260.244,0.000,0.000,stop,2
260.294,0.000,0.000,stop,2
260.344,0.000,0.000,stop,2
260.394,0.000,0.000,stop,2
260.444,0.000,0.000,stop,2
260.494,0.000,0.000,stop,2
260.544,0.000,0.000,stop,2
260.594,0.000,0.000,stop,2
260.644,0.000,0.000,stop,2
260.694,0.000,0.000,stop,2
260.744,0.000,0.000,stop,2
260.794,0.000,0.000,stop,2
260.844,0.000,0.000,stop,2
260.894,0.000,0.000,stop,2
260.944,0.000,0.000,stop,2
260.994,0.000,0.000,stop,2
261.044,0.000,0.000,stop,2
261.094,0.000,0.000,stop,2
261.144,0.000,0.000,stop,2
261.194,0.000,0.000,stop,2
261.244,0.000,0.000,stop,2
261.294,0.000,0.000,stop,2
261.344,0.000,0.000,stop,2
261.394,0.000,0.000,stop,2
261.444,0.000,0.000,stop,2
261.494,0.000,0.000,stop,2
261.545,0.000,0.000,stop,2
261.594,0.000,0.000,stop,2
261.644,0.000,0.000,stop,2
261.694,0.000,0.000,stop,2
261.744,0.000,0.000,stop,2
261.794,0.000,0.000,stop,2
261.844,0.000,0.000,stop,2
261.894,0.000,0.000,stop,2
261.944,0.000,0.000,stop,2
261.994,0.000,0.000,stop,2
262.044,0.000,0.000,stop,2
262.094,0.000,0.000,stop,2
262.144,0.000,0.000,stop,2
262.194,0.000,0.000,stop,2
262.244,0.000,0.000,stop,2
262.294,0.000,0.000,stop,2
262.345,0.000,0.000,stop,2
262.394,0.000,0.000,stop,2
262.444,0.000,0.000,stop,2
262.494,0.000,0.000,stop,2
262.545,0.000,0.000,stop,2
262.594,0.000,0.000,stop,2
262.645,0.000,0.000,stop,2
262.694,0.000,0.000,stop,2
262.744,0.000,0.000,stop,2
262.794,0.000,0.000,stop,2
262.844,0.000,0.000,stop,2
262.894,0.000,0.000,stop,2
262.944,0.000,0.000,stop,2
262.994,0.000,0.000,stop,2
263.044,0.000,0.000,stop,2
263.094,0.000,0.000,stop,2
263.144,0.000,0.000,stop,2
263.194,0.000,0.000,stop,2
263.244,0.000,0.000,stop,2
263.294,0.000,0.000,stop,2
263.344,0.000,0.000,stop,2
263.394,0.000,0.000,stop,2
263.444,0.000,0.000,stop,2
263.494,0.000,0.000,stop,2
263.544,0.000,0.000,stop,2
263.594,0.000,0.000,stop,2
263.645,0.000,0.000,stop,2
263.694,0.000,0.000,stop,2
263.744,0.000,0.000,stop,2
263.794,0.000,0.000,stop,2
263.844,0.000,0.000,stop,2
263.894,0.000,0.000,stop,2
263.944,0.000,0.000,stop,2
263.994,0.000,0.000,stop,2
264.044,0.000,0.000,stop,2
264.094,0.000,0.000,stop,2
264.144,0.000,0.000,stop,2
264.194,0.000,0.000,stop,2
264.244,0.000,0.000,stop,2
264.294,0.000,0.000,stop,2
264.344,0.000,0.000,stop,2
264.394,0.000,0.000,stop,2
264.444,0.000,0.000,stop,2
264.494,0.000,0.000,stop,2
264.544,0.000,0.000,stop,2
264.594,0.000,0.000,stop,2
264.644,0.000,0.000,stop,2
264.694,0.000,0.000,stop,2
264.744,0.000,0.000,stop,2
264.794,0.000,0.000,stop,2
264.844,0.000,0.000,stop,2
264.894,0.000,0.000,stop,2
264.944,0.000,0.000,stop,2
264.994,0.000,0.000,stop,2
265.044,0.000,0.000,stop,2
265.094,0.000,0.000,stop,2
265.145,0.000,0.000,stop,2
265.194,0.000,0.000,stop,2
265.244,0.000,0.000,stop,2
265.294,0.000,0.000,stop,2
265.344,0.000,0.000,stop,2
265.394,0.000,0.000,stop,2
265.444,0.000,0.000,stop,2
265.494,0.000,0.000,stop,2
265.546,0.000,0.000,stop,2
265.594,0.000,0.000,stop,2
265.644,0.000,0.000,stop,2
265.694,0.000,0.000,stop,2
265.744,0.000,0.000,stop,2
265.794,0.000,0.000,stop,2
265.844,0.000,0.000,stop,2
265.894,0.000,0.000,stop,2
265.944,0.000,0.000,stop,2
265.994,0.000,0.000,stop,2
266.044,0.000,0.000,stop,2
266.094,0.000,0.000,stop,2
266.144,0.000,0.000,stop,2
266.194,0.000,0.000,stop,2
266.244,0.000,0.000,stop,2
266.294,0.000,0.000,stop,2
266.344,0.000,0.000,stop,2
266.394,0.000,0.000,stop,2
266.444,0.000,0.000,stop,2
266.494,0.000,0.000,stop,2
266.544,0.000,0.000,stop,2
266.594,0.000,0.000,stop,2
266.644,0.000,0.000,stop,2
266.694,0.000,0.000,stop,2
266.744,0.000,0.000,stop,2
266.794,0.000,0.000,stop,2
266.844,0.000,0.000,stop,2
266.894,0.000,0.000,stop,2
266.944,0.000,0.000,stop,2
266.994,0.000,0.000,stop,2
267.044,0.000,0.000,stop,2
267.094,0.000,0.000,stop,2
267.144,0.000,0.000,stop,2
267.194,0.000,0.000,stop,2
267.244,0.000,0.000,stop,2
267.294,0.000,0.000,stop,2
267.344,0.000,0.000,stop,2
267.394,0.000,0.000,stop,2
267.444,0.000,0.000,stop,2
267.494,0.000,0.000,stop,2
267.544,0.000,0.000,stop,2
267.594,0.000,0.000,stop,2
267.644,0.000,0.000,stop,2
267.694,0.000,0.000,stop,2
267.744,0.000,0.000,stop,2
267.794,0.000,0.000,stop,2
267.844,0.000,0.000,stop,2
267.894,0.000,0.000,stop,2
267.944,0.000,0.000,stop,2
267.995,0.000,0.000,stop,2
268.044,0.000,0.000,stop,2
268.094,0.000,0.000,stop,2
268.146,0.000,0.000,stop,2
268.194,0.000,0.000,stop,2
268.244,0.000,0.000,stop,2
268.294,0.000,0.000,stop,2
268.344,0.000,0.000,stop,2
268.394,0.000,0.000,stop,2
268.444,0.000,0.000,stop,2
268.494,0.000,0.000,stop,2
268.546,0.000,0.000,stop,2
268.594,0.000,0.000,stop,2
268.644,0.000,0.000,stop,2
268.694,0.000,0.000,stop,2
268.744,0.000,0.000,stop,2
268.794,0.000,0.000,stop,2
268.844,0.000,0.000,stop,2
268.894,0.000,0.000,stop,2
268.944,0.000,0.000,stop,2
268.994,0.000,0.000,stop,2
269.044,0.000,0.000,stop,2
269.094,0.000,0.000,stop,2
269.144,0.000,0.000,stop,2
269.194,0.000,0.000,stop,2
269.244,0.000,0.000,stop,2
269.294,0.000,0.000,stop,2
269.344,0.000,0.000,stop,2
269.394,0.000,0.000,stop,2
269.444,0.000,0.000,stop,2
269.494,0.000,0.000,stop,2
269.544,0.000,0.000,stop,2
269.594,0.000,0.000,stop,2
269.644,0.000,0.000,stop,2
269.694,0.000,0.000,stop,2
269.744,0.000,0.000,stop,2
269.794,0.000,0.000,stop,2
269.844,0.000,0.000,stop,2
269.894,0.000,0.000,stop,2
269.944,0.000,0.000,stop,2
269.994,0.000,0.000,stop,2
270.044,0.000,0.000,stop,2
270.094,0.000,0.000,stop,2
270.144,0.000,0.000,stop,2
270.194,0.000,0.000,stop,2
270.244,0.000,0.000,stop,2
270.294,0.000,0.000,stop,2
270.344,0.000,0.000,stop,2
270.394,0.000,0.000,stop,2
270.444,0.000,0.000,stop,2
270.494,0.000,0.000,stop,2
270.544,0.000,0.000,stop,2
270.594,0.000,0.000,stop,2
270.644,0.000,0.000,stop,2
270.694,0.000,0.000,stop,2
270.744,0.000,0.000,stop,2
270.794,0.000,0.000,stop,2
270.844,0.000,0.000,stop,2
270.894,0.000,0.000,stop,2
270.944,0.000,0.000,stop,2
270.994,0.000,0.000,stop,2
271.044,0.000,0.000,stop,2
271.094,0.000,0.000,stop,2
271.144,0.000,0.000,stop,2
271.194,0.000,0.000,stop,2
271.244,0.000,0.000,stop,2
271.294,0.000,0.000,stop,2
271.344,0.000,0.000,stop,2
271.394,0.000,0.000,stop,2
271.444,0.000,0.000,stop,2
271.494,0.000,0.000,stop,2
271.544,0.000,0.000,stop,2
271.594,0.000,0.000,stop,2
271.644,0.000,0.000,stop,2
271.694,0.000,0.000,stop,2
271.744,0.000,0.000,stop,2
271.794,0.000,0.000,stop,2
271.844,0.000,0.000,stop,2
271.894,0.000,0.000,stop,2
271.946,0.000,0.000,stop,2
271.994,0.000,0.000,stop,2
272.044,0.000,0.000,stop,2
272.094,0.000,0.000,stop,2
272.144,0.000,0.000,stop,2
272.194,0.000,0.000,stop,2
272.244,0.000,0.000,stop,2
272.294,0.000,0.000,stop,2
272.344,0.000,0.000,stop,2
272.394,0.000,0.000,stop,2
272.444,0.000,0.000,stop,2
272.494,0.000,0.000,stop,2
272.544,0.000,0.000,stop,2
272.594,0.000,0.000,stop,2
272.644,0.000,0.000,stop,2
272.694,0.000,0.000,stop,2
272.744,0.000,0.000,stop,2
272.794,0.000,0.000,stop,2
272.844,0.000,0.000,stop,2
272.894,0.000,0.000,stop,2
272.944,0.000,0.000,stop,2
272.994,0.000,0.000,stop,2
273.044,0.000,0.000,stop,2
273.094,0.000,0.000,stop,2
273.144,0.000,0.000,stop,2
273.194,0.000,0.000,stop,2
273.244,0.000,0.000,stop,2
273.294,0.000,0.000,stop,2
273.344,0.000,0.000,stop,2
273.394,0.000,0.000,stop,2
273.444,0.000,0.000,stop,2
273.495,0.000,0.000,stop,2
273.544,0.000,0.000,stop,2
273.595,0.000,0.000,stop,2
273.644,0.000,0.000,stop,2
273.694,0.000,0.000,stop,2
273.744,0.000,0.000,stop,2
273.794,0.000,0.000,stop,2
273.844,0.000,0.000,stop,2
273.894,0.000,0.000,stop,2
273.944,0.000,0.000,stop,2
273.994,0.000,0.000,stop,2
274.044,0.000,0.000,stop,2
274.094,0.000,0.000,stop,2
274.144,0.000,0.000,stop,2
274.194,0.000,0.000,stop,2
274.244,0.000,0.000,stop,2
274.294,0.000,0.000,stop,2
274.344,0.000,0.000,stop,2
274.394,0.000,0.000,stop,2
274.444,0.000,0.000,stop,2
274.494,0.000,0.000,stop,2
274.544,0.000,0.000,stop,2
274.594,0.000,0.000,stop,2
274.644,0.000,0.000,stop,2
274.694,0.000,0.000,stop,2
274.744,0.000,0.000,stop,2
274.794,0.000,0.000,stop,2
274.844,0.000,0.000,stop,2
274.894,0.000,0.000,stop,2
274.944,0.000,0.000,stop,2
274.994,0.000,0.000,stop,2
275.044,0.000,0.000,stop,2
275.094,0.000,0.000,stop,2
275.144,0.000,0.000,stop,2
275.194,0.000,0.000,stop,2
275.244,0.000,0.000,stop,2
275.294,0.000,0.000,stop,2
275.344,0.000,0.000,stop,2
275.394,0.000,0.000,stop,2
275.444,0.000,0.000,stop,2
275.494,0.000,0.000,stop,2
275.544,0.000,0.000,stop,2
275.594,0.000,0.000,stop,2
275.644,0.000,0.000,stop,2
275.694,0.000,0.000,stop,2
275.744,0.000,0.000,stop,2
275.794,0.000,0.000,stop,2
275.844,0.000,0.000,stop,2
275.894,0.000,0.000,stop,2
275.944,0.000,0.000,stop,2
275.994,0.000,0.000,stop,2
276.044,0.000,0.000,stop,2
276.094,0.000,0.000,stop,2
276.144,0.000,0.000,stop,2
276.194,0.000,0.000,stop,2
276.244,0.000,0.000,stop,2
276.294,0.000,0.000,stop,2
276.344,0.000,0.000,stop,2
276.394,0.000,0.000,stop,2
276.444,0.000,0.000,stop,2
276.494,0.000,0.000,stop,2
276.544,0.000,0.000,stop,2
276.594,0.000,0.000,stop,2
276.644,0.000,0.000,stop,2
276.694,0.000,0.000,stop,2
276.744,0.000,0.000,stop,2
276.794,0.000,0.000,stop,2
276.844,0.000,0.000,stop,2
276.894,0.000,0.000,stop,2
276.944,0.000,0.000,stop,2
276.994,0.000,0.000,stop,2
277.044,0.000,0.000,stop,2
277.094,0.000,0.000,stop,2
277.144,0.000,0.000,stop,2
277.194,0.000,0.000,stop,2
277.244,0.000,0.000,stop,2
277.294,0.000,0.000,stop,2
277.344,0.000,0.000,stop,2
277.394,0.000,0.000,stop,2
277.444,0.000,0.000,stop,2
277.494,0.000,0.000,stop,2
277.544,0.000,0.000,stop,2
277.594,0.000,0.000,stop,2
277.644,0.000,0.000,stop,2
277.694,0.000,0.000,stop,2
277.745,0.000,0.000,stop,2
277.794,0.000,0.000,stop,2
277.844,0.000,0.000,stop,2
277.894,0.000,0.000,stop,2
277.944,0.000,0.000,stop,2
277.994,0.000,0.000,stop,2
278.044,0.000,0.000,stop,2
278.094,0.000,0.000,stop,2
278.144,0.000,0.000,stop,2
278.194,0.000,0.000,stop,2
278.244,0.000,0.000,stop,2
278.294,0.000,0.000,stop,2
278.344,0.000,0.000,stop,2
278.394,0.000,0.000,stop,2
278.444,0.000,0.000,stop,2
278.494,0.000,0.000,stop,2
278.544,0.000,0.000,stop,2
278.594,0.000,0.000,stop,2
278.644,0.000,0.000,stop,2
278.694,0.000,0.000,stop,2
278.744,0.000,0.000,stop,2
278.794,0.000,0.000,stop,2
278.844,0.000,0.000,stop,2
278.894,0.000,0.000,stop,2
278.944,0.000,0.000,stop,2
278.994,0.000,0.000,stop,2
279.044,0.000,0.000,stop,2
279.094,0.000,0.000,stop,2
279.144,0.000,0.000,stop,2
279.194,0.000,0.000,stop,2
279.244,0.000,0.000,stop,2
279.294,0.000,0.000,stop,2
279.344,0.000,0.000,stop,2
279.394,0.000,0.000,stop,2
279.444,0.000,0.000,stop,2
279.494,0.000,0.000,stop,2
279.544,0.000,0.000,stop,2
279.594,0.000,0.000,stop,2
279.644,0.000,0.000,stop,2
279.694,0.000,0.000,stop,2
279.745,0.000,0.000,stop,2
279.794,0.000,0.000,stop,2
279.844,0.000,0.000,stop,2
279.894,0.000,0.000,stop,2
279.944,0.000,0.000,stop,2
279.994,0.000,0.000,stop,2
280.044,0.000,0.000,stop,2
280.094,0.000,0.000,stop,2
280.144,0.000,0.000,stop,2
280.194,0.000,0.000,stop,2
280.244,0.000,0.000,stop,2
280.294,0.000,0.000,stop,2
280.344,0.000,0.000,stop,2
280.394,0.000,0.000,stop,2
280.444,0.000,0.000,stop,2
280.494,0.000,0.000,stop,2
280.544,0.000,0.000,stop,2
280.594,0.000,0.000,stop,2
280.644,0.000,0.000,stop,2
280.694,0.000,0.000,stop,2
280.744,0.000,0.000,stop,2
280.794,0.000,0.000,stop,2
280.844,0.000,0.000,stop,2
280.894,0.000,0.000,stop,2
280.944,0.000,0.000,stop,2
280.994,0.000,0.000,stop,2
281.044,0.000,0.000,stop,2
281.094,0.000,0.000,stop,2
281.144,0.000,0.000,stop,2
281.194,0.000,0.000,stop,2
281.244,0.000,0.000,stop,2
281.294,0.000,0.000,stop,2
281.344,0.000,0.000,stop,2
281.394,0.000,0.000,stop,2
281.444,0.000,0.000,stop,2
281.494,0.000,0.000,stop,2
281.544,0.000,0.000,stop,2
281.594,0.000,0.000,stop,2
281.644,0.000,0.000,stop,2
281.694,0.000,0.000,stop,2
281.745,0.000,0.000,stop,2
281.794,0.000,0.000,stop,2
281.844,0.000,0.000,stop,2
281.894,0.000,0.000,stop,2
281.944,0.000,0.000,stop,2
281.994,0.000,0.000,stop,2
282.044,0.000,0.000,stop,2
282.094,0.000,0.000,stop,2
282.144,0.000,0.000,stop,2
282.194,0.000,0.000,stop,2
282.244,0.000,0.000,stop,2
282.294,0.000,0.000,stop,2
282.344,0.000,0.000,stop,2
282.394,0.000,0.000,stop,2
282.444,0.000,0.000,stop,2
282.494,0.000,0.000,stop,2
282.544,0.000,0.000,stop,2
282.594,0.000,0.000,stop,2
282.644,0.000,0.000,stop,2
282.694,0.000,0.000,stop,2
282.744,0.000,0.000,stop,2
282.794,0.000,0.000,stop,2
282.844,0.000,0.000,stop,2
282.894,0.000,0.000,stop,2
282.944,0.000,0.000,stop,2
282.994,0.000,0.000,stop,2
283.044,0.000,0.000,stop,2
283.094,0.000,0.000,stop,2
283.144,0.000,0.000,stop,2
283.194,0.000,0.000,stop,2
283.244,0.000,0.000,stop,2
283.294,0.000,0.000,stop,2
283.344,0.000,0.000,stop,2
283.394,0.000,0.000,stop,2
283.444,0.000,0.000,stop,2
283.494,0.000,0.000,stop,2
283.544,0.000,0.000,stop,2
283.594,0.000,0.000,stop,2
283.644,0.000,0.000,stop,2
283.694,0.000,0.000,stop,2
283.744,0.000,0.000,stop,2
283.794,0.000,0.000,stop,2
283.844,0.000,0.000,stop,2
283.894,0.000,0.000,stop,2
283.944,0.000,0.000,stop,2
283.994,0.000,0.000,stop,2
284.044,0.000,0.000,stop,2
284.094,0.000,0.000,stop,2
284.144,0.000,0.000,stop,2
284.194,0.000,0.000,stop,2
284.244,0.000,0.000,stop,2
284.294,0.000,0.000,stop,2
284.344,0.000,0.000,stop,2
284.394,0.000,0.000,stop,2
284.444,0.000,0.000,stop,2
284.494,0.000,0.000,stop,2
284.544,0.000,0.000,stop,2
284.594,0.000,0.000,stop,2
284.644,0.000,0.000,stop,2
284.694,0.000,0.000,stop,2
284.744,0.000,0.000,stop,2
284.794,0.000,0.000,stop,2
284.844,0.000,0.000,stop,2
284.894,0.000,0.000,stop,2
284.944,0.000,0.000,stop,2
284.994,0.000,0.000,stop,2
285.044,0.000,0.000,stop,2
285.094,0.000,0.000,stop,2
285.144,0.000,0.000,stop,2
285.194,0.000,0.000,stop,2
285.244,0.000,0.000,stop,2
285.294,0.000,0.000,stop,2
285.344,0.000,0.000,stop,2
285.394,0.000,0.000,stop,2
285.444,0.000,0.000,stop,2
285.494,0.000,0.000,stop,2
285.544,0.000,0.000,stop,2
285.594,0.000,0.000,stop,2
285.644,0.000,0.000,stop,2
285.694,0.000,0.000,stop,2
285.744,0.000,0.000,stop,2
285.794,0.000,0.000,stop,2
285.844,0.000,0.000,stop,2
285.894,0.000,0.000,stop,2
285.945,0.000,0.000,stop,2
285.994,0.000,0.000,stop,2
286.045,0.000,0.000,stop,2
286.094,0.000,0.000,stop,2
286.144,0.000,0.000,stop,2
286.194,0.000,0.000,stop,2
286.244,0.000,0.000,stop,2
286.294,0.000,0.000,stop,2
286.344,0.000,0.000,stop,2
286.394,0.000,0.000,stop,2
286.444,0.000,0.000,stop,2
286.494,0.000,0.000,stop,2
286.544,0.000,0.000,stop,2
286.594,0.000,0.000,stop,2
286.644,0.000,0.000,stop,2
286.694,0.000,0.000,stop,2
286.744,0.000,0.000,stop,2
286.794,0.000,0.000,stop,2
286.844,0.000,0.000,stop,2
286.894,0.000,0.000,stop,2
286.944,0.000,0.000,stop,2
286.994,0.000,0.000,stop,2
287.044,0.000,0.000,stop,2
287.094,0.000,0.000,stop,2
287.144,0.000,0.000,stop,2
287.194,0.000,0.000,stop,2
287.244,0.000,0.000,stop,2
287.294,0.000,0.000,stop,2
287.344,0.000,0.000,stop,2
287.394,0.000,0.000,stop,2
287.444,0.000,0.000,stop,2
287.494,0.000,0.000,stop,2
287.544,0.000,0.000,stop,2
287.594,0.000,0.000,stop,2
287.644,0.000,0.000,stop,2
287.694,0.000,0.000,stop,2
287.744,0.000,0.000,stop,2
287.794,0.000,0.000,stop,2
287.844,0.000,0.000,stop,2
287.894,0.000,0.000,stop,2
287.944,0.000,0.000,stop,2
287.994,0.000,0.000,stop,2
288.044,0.000,0.000,stop,2
288.094,0.000,0.000,stop,2
288.144,0.000,0.000,stop,2
288.194,0.000,0.000,stop,2
288.244,0.000,0.000,stop,2
288.294,0.000,0.000,stop,2
288.344,0.000,0.000,stop,2
288.394,0.000,0.000,stop,2
288.444,0.000,0.000,stop,2
288.494,0.000,0.000,stop,2
288.544,0.000,0.000,stop,2
288.594,0.000,0.000,stop,2
288.644,0.000,0.000,stop,2
288.694,0.000,0.000,stop,2
288.745,0.000,0.000,stop,2
288.794,0.000,0.000,stop,2
288.844,0.000,0.000,stop,2
288.894,0.000,0.000,stop,2
288.944,0.000,0.000,stop,2
288.994,0.000,0.000,stop,2
289.044,0.000,0.000,stop,2
289.094,0.000,0.000,stop,2
289.144,0.000,0.000,stop,2
289.194,0.000,0.000,stop,2
289.244,0.000,0.000,stop,2
289.294,0.000,0.000,stop,2
289.344,0.000,0.000,stop,2
289.394,0.000,0.000,stop,2
289.444,0.000,0.000,stop,2
289.494,0.000,0.000,stop,2
289.544,0.000,0.000,stop,2
289.594,0.000,0.000,stop,2
289.645,0.000,0.000,stop,2
289.694,0.000,0.000,stop,2
289.744,0.000,0.000,stop,2
289.794,0.000,0.000,stop,2
289.844,0.000,0.000,stop,2
289.894,0.000,0.000,stop,2
289.944,0.000,0.000,stop,2
289.994,0.000,0.000,stop,2
290.044,0.000,0.000,stop,2
290.094,0.000,0.000,stop,2
290.144,0.000,0.000,stop,2
290.194,0.000,0.000,stop,2
290.244,0.000,0.000,stop,2
290.294,0.000,0.000,stop,2
290.344,0.000,0.000,stop,2
290.394,0.000,0.000,stop,2
290.444,0.000,0.000,stop,2
290.494,0.000,0.000,stop,2
290.544,0.000,0.000,stop,2
290.594,0.000,0.000,stop,2
290.644,0.000,0.000,stop,2
290.694,0.000,0.000,stop,2
290.744,0.000,0.000,stop,2
290.794,0.000,0.000,stop,2
290.844,0.000,0.000,stop,2
290.894,0.000,0.000,stop,2
290.944,0.000,0.000,stop,2
290.994,0.000,0.000,stop,2
291.044,0.000,0.000,stop,2
291.094,0.000,0.000,stop,2
291.144,0.000,0.000,stop,2
291.194,0.000,0.000,stop,2
291.244,0.000,0.000,stop,2
291.294,0.000,0.000,stop,2
291.344,0.000,0.000,stop,2
