t_depth_stamp,instance_id,confidence,x0,y0,x1,y1,pct_pixels
1790533414.589,0,64,1775,197,1920,971,4.87
1790533414.682,0,88,1621,0,1920,1003,13.02
1790533414.775,0,91,1609,0,1920,1007,13.59
1790533414.868,0,93,1599,0,1920,1012,14.10
1790533414.957,0,92,1554,0,1920,1019,16.19
1790533415.049,0,89,1491,0,1901,1028,18.29
1790533415.146,0,90,1463,0,1874,1026,18.30
1790533415.236,0,94,1307,0,1895,1029,26.26
1790533415.325,0,94,1289,0,1895,1024,26.93
1790533415.419,0,93,1288,0,1849,1019,24.81
1790533415.511,0,92,1286,0,1768,982,20.54
1790533415.597,0,89,1260,0,1624,983,15.53
1790533415.708,0,91,1237,0,1551,983,13.40
1790533415.800,0,92,1183,0,1536,982,15.05
1790533415.882,0,94,1114,0,1536,981,17.97
1790533415.968,0,94,1099,0,1543,977,18.83
1790533416.054,0,93,1095,0,1529,976,18.38
1790533416.142,0,93,1090,0,1498,973,17.23
1790533416.227,0,89,1077,0,1400,941,13.19
1790533416.315,0,88,1062,0,1344,939,11.49
1790533416.399,0,92,990,9,1309,932,12.78
1790533416.484,0,94,917,14,1301,929,15.25
1790533416.573,0,93,872,25,1301,920,16.66
1790533416.657,0,93,872,25,1301,920,16.66
1790533416.744,0,92,881,30,1244,918,13.99
1790533416.833,0,92,864,34,1188,914,12.38
1790533416.920,0,91,809,47,1094,906,10.63
1790533417.006,0,91,809,47,1094,906,10.63
1790533417.093,0,89,788,81,1073,902,10.16
1790533417.179,0,91,778,84,1069,901,10.32
1790533417.269,0,90,764,89,1056,898,10.25
1790533417.363,0,90,757,92,1042,895,9.93
1790533417.449,0,90,743,99,1019,866,9.19
1790533417.541,0,89,735,104,1003,864,8.84
1790533417.629,0,89,693,113,974,860,9.11
1790533417.714,0,89,693,113,974,860,9.11
1790533417.801,0,91,682,143,958,855,8.53
1790533417.888,0,90,681,143,947,853,8.20
1790533417.976,0,90,673,145,931,848,7.87
1790533418.064,0,90,665,146,920,844,7.73
1790533418.155,0,91,660,148,913,841,7.61
1790533418.243,0,91,658,151,904,838,7.34
1790533418.327,0,91,658,156,902,835,7.19
1790533418.412,0,91,659,158,901,834,7.10
1790533418.498,0,91,662,161,902,832,6.99
1790533418.581,0,91,663,165,905,829,6.97
1790533418.669,0,92,663,170,909,824,6.98
1790533418.751,0,91,662,170,911,823,7.06
1790533418.834,0,91,662,170,911,823,7.06
1790533418.916,0,91,659,171,911,821,7.11
1790533419.001,0,91,658,172,911,820,7.12
1790533419.088,0,91,657,174,911,817,7.09
1790533419.176,0,91,657,174,911,817,7.09
1790533419.265,0,90,656,175,908,816,7.01
1790533419.349,0,89,654,175,898,815,6.78
1790533419.432,0,90,650,176,890,814,6.65
1790533419.517,0,88,621,177,885,813,7.29
1790533419.606,0,89,591,178,883,813,8.05
1790533419.692,0,88,567,180,880,811,8.57
1790533419.779,0,89,568,181,870,811,8.26
1790533419.863,0,90,569,181,860,811,7.96
1790533419.948,0,89,569,182,844,810,7.50
1790533420.039,0,88,568,181,834,810,7.26
1790533420.127,0,89,566,181,827,810,7.13
1790533420.216,0,89,562,180,821,810,7.08
1790533420.310,0,88,508,179,808,809,8.20
1790533420.395,0,87,507,179,770,808,7.18
1790533420.482,0,91,506,178,738,808,6.34
1790533420.572,0,89,502,178,722,808,6.02
1790533420.657,0,88,487,177,719,808,6.35
1790533420.743,0,86,472,176,729,809,7.06
1790533420.830,0,87,465,176,726,809,7.17
1790533420.919,0,88,457,174,723,809,7.33
1790533421.008,0,90,445,173,714,809,7.43
1790533421.097,0,90,432,172,687,810,7.06
1790533421.183,0,90,432,172,687,810,7.06
1790533421.272,0,89,426,171,655,811,6.36
1790533421.364,0,90,423,170,639,813,6.03
1790533421.451,0,90,420,168,628,815,5.84
1790533421.541,0,90,418,167,627,816,5.89
1790533421.633,0,90,413,166,629,818,6.11
1790533421.720,0,90,409,165,630,819,6.27
1790533421.813,0,89,403,164,630,821,6.47
1790533421.901,0,90,399,162,628,823,6.57
1790533421.986,0,90,397,161,626,823,6.58
1790533422.071,0,90,396,160,625,823,6.59
1790533422.166,0,90,396,160,625,823,6.59
1790533422.251,0,89,409,158,641,820,6.67
1790533422.337,0,89,409,158,641,820,6.67
1790533422.430,0,90,511,171,736,819,6.33
1790533422.523,0,90,621,177,841,813,6.07
1790533422.605,0,91,812,186,1027,809,5.81
1790533422.693,0,90,939,189,1156,810,5.85
1790533422.780,0,91,1066,192,1286,815,5.95
1790533422.864,0,91,1257,187,1490,825,6.45
1790533422.945,0,90,1598,158,1871,848,8.18
1790533423.025,0,90,1598,158,1871,848,8.18
1790533423.104,0,88,1760,145,1920,838,4.81
1790533540.933,1,83,1814,236,1920,864,2.89
1790533541.027,1,83,1814,236,1920,864,2.89
1790533541.119,1,91,1744,151,1920,864,5.45
1790533541.210,1,90,1702,157,1920,862,6.67
1790533541.304,1,91,1637,166,1920,857,8.49
1790533541.399,1,91,1577,171,1920,854,10.17
1790533541.497,1,92,1540,177,1880,852,9.96
1790533541.595,1,91,1487,179,1822,844,9.67
1790533541.696,1,91,1454,182,1779,842,9.31
1790533541.792,1,91,1402,188,1716,838,8.86
1790533541.895,1,91,1352,192,1659,833,8.54
1790533541.998,1,91,1316,196,1622,832,8.45
1790533542.092,1,91,1283,196,1585,827,8.27
1790533542.186,1,91,1236,199,1533,824,8.06
1790533542.277,1,90,1151,203,1441,820,7.77
1790533542.375,1,90,1151,203,1441,820,7.77
1790533542.475,1,90,1103,205,1388,818,7.58
1790533542.573,1,91,1072,204,1354,815,7.48
1790533542.670,1,91,1025,206,1307,815,7.45
1790533542.768,1,90,979,206,1260,812,7.39
1790533542.863,1,90,949,207,1230,812,7.38
1790533542.959,1,90,916,207,1198,813,7.42
1790533543.057,1,90,870,204,1150,809,7.35
1790533543.157,1,90,871,205,1151,810,7.35
1790533543.256,1,90,873,205,1152,811,7.34
1790533543.349,1,90,874,205,1152,811,7.31
1790533543.439,1,90,874,205,1152,811,7.31
1790533543.531,1,90,874,205,1152,811,7.31
1790533543.623,1,90,874,206,1152,812,7.31
1790533543.714,1,90,874,206,1153,812,7.34
1790533543.807,1,90,874,206,1153,812,7.34
1790533543.898,1,91,874,206,1153,812,7.34
1790533543.989,1,91,874,206,1153,812,7.34
1790533544.080,1,90,874,206,1153,812,7.34
1790533544.171,1,91,874,207,1153,813,7.34
1790533544.261,1,91,874,207,1153,813,7.34
1790533544.351,1,90,874,207,1153,813,7.34
1790533544.442,1,90,874,207,1153,813,7.34
1790533544.543,1,91,874,207,1153,813,7.34
1790533544.642,1,90,874,207,1153,813,7.34
1790533544.739,1,90,874,207,1153,813,7.34
1790533544.834,1,90,874,207,1153,813,7.34
1790533544.931,1,90,874,208,1152,813,7.30
1790533545.027,1,90,874,208,1152,813,7.30
1790533545.124,1,90,874,208,1153,813,7.33
1790533545.220,1,91,874,208,1153,814,7.34
1790533545.309,1,91,874,208,1153,814,7.34
1790533545.397,1,91,874,208,1153,814,7.34
1790533545.487,1,91,874,208,1153,814,7.34
1790533545.576,1,90,874,208,1153,814,7.34
1790533545.664,1,90,874,208,1153,814,7.34
1790533545.757,1,91,874,208,1153,814,7.34
1790533545.846,1,91,874,208,1153,814,7.34
1790533545.942,1,90,874,208,1153,814,7.34
1790533546.033,1,90,874,209,1153,814,7.33
1790533546.122,1,90,874,209,1153,814,7.33
1790533546.212,1,90,874,209,1153,814,7.33
1790533546.310,1,91,874,209,1153,814,7.33
1790533546.404,1,90,874,209,1153,814,7.33
1790533546.497,1,90,873,209,1153,814,7.35
1790533546.591,1,90,873,209,1153,814,7.35
1790533546.682,1,90,873,209,1153,814,7.35
1790533546.772,1,91,873,209,1153,814,7.35
1790533546.863,1,91,874,209,1154,814,7.35
1790533546.953,1,90,874,209,1153,814,7.33
1790533547.041,1,90,873,209,1154,814,7.38
1790533547.132,1,90,874,209,1154,814,7.35
1790533547.220,1,91,874,209,1154,814,7.35
1790533547.310,1,90,874,209,1154,814,7.35
1790533547.425,1,90,874,209,1154,814,7.35
1790533547.519,1,91,874,209,1154,814,7.35
1790533547.612,1,91,874,209,1154,814,7.35
1790533547.704,1,90,874,209,1154,814,7.35
1790533547.797,1,91,874,209,1154,814,7.35
1790533547.894,1,91,874,209,1154,814,7.35
1790533547.989,1,91,874,209,1154,814,7.35
1790533548.081,1,90,874,209,1154,814,7.35
1790533548.176,1,90,874,209,1154,814,7.35
1790533548.283,1,90,874,209,1154,814,7.35
1790533548.377,1,90,874,209,1154,814,7.35
1790533548.472,1,91,874,209,1154,814,7.35
1790533548.568,1,91,873,209,1154,814,7.38
1790533548.667,1,90,873,209,1154,814,7.38
1790533548.769,1,90,873,209,1154,814,7.38
1790533548.871,1,90,871,210,1151,815,7.35
1790533548.970,1,90,868,211,1148,817,7.36
1790533549.065,1,90,872,210,1152,817,7.38
1790533549.165,1,90,871,206,1151,817,7.43
1790533549.260,1,90,868,207,1150,818,7.48
1790533549.359,1,90,869,206,1151,819,7.50
1790533549.463,1,90,869,205,1152,819,7.54
1790533549.558,1,90,867,205,1152,820,7.61
1790533549.649,1,90,868,206,1153,822,7.62
1790533549.743,1,90,869,202,1154,823,7.68
1790533549.834,1,90,865,200,1153,823,7.79
1790533549.926,1,90,865,198,1153,824,7.83
1790533550.020,1,90,864,198,1155,826,7.93
1790533550.114,1,91,864,196,1155,826,7.96
1790533550.203,1,91,862,196,1156,827,8.05
1790533550.294,1,91,862,195,1156,831,8.12
1790533550.384,1,91,862,193,1157,831,8.17
1790533550.475,1,91,860,192,1157,832,8.25
1790533550.575,1,91,860,191,1159,833,8.33
1790533550.672,1,91,860,189,1161,836,8.45
1790533550.770,1,91,860,188,1161,837,8.48
1790533550.862,1,91,858,188,1161,839,8.56
1790533550.954,1,90,858,186,1162,839,8.62
1790533551.045,1,91,858,185,1163,842,8.70
1790533551.138,1,91,857,184,1163,844,8.77
1790533551.229,1,91,857,184,1164,846,8.82
1790533551.322,1,91,857,183,1166,848,8.92
1790533551.412,1,91,857,183,1166,850,8.95
1790533551.502,1,90,855,180,1166,852,9.07
1790533551.592,1,90,854,178,1167,853,9.17
1790533551.689,1,91,853,175,1169,859,9.38
1790533551.781,1,91,853,174,1169,860,9.41
1790533551.879,1,91,853,171,1170,861,9.49
1790533551.978,1,91,853,169,1171,864,9.59
1790533552.067,1,91,852,167,1171,866,9.68
1790533552.156,1,91,852,165,1173,867,9.78
1790533552.247,1,91,853,164,1174,871,9.85
1790533552.346,1,91,850,162,1176,872,10.05
1790533552.444,1,91,849,162,1177,875,10.15
1790533552.536,1,91,849,160,1179,877,10.27
1790533552.627,1,91,848,158,1179,879,10.36
1790533552.721,1,91,847,156,1180,880,10.46
1790533552.812,1,91,846,154,1181,881,10.57
1790533552.904,1,91,846,151,1182,884,10.69
1790533552.996,1,91,844,145,1183,886,10.90
1790533553.094,1,91,844,145,1183,886,10.90
1790533553.188,1,92,843,139,1186,888,11.15
1790533553.278,1,93,843,134,1188,889,11.31
1790533553.367,1,93,843,132,1188,890,11.35
1790533553.460,1,93,842,128,1191,893,11.59
1790533553.548,1,93,842,126,1193,895,11.72
1790533553.644,1,93,842,126,1193,895,11.72
1790533553.738,1,92,841,123,1193,895,11.79
1790533553.835,1,93,841,119,1195,898,11.97
1790533553.939,1,93,841,118,1198,900,12.12
1790533554.037,1,93,839,116,1198,901,12.23
1790533554.134,1,93,839,114,1200,905,12.39
1790533554.229,1,92,839,112,1201,906,12.48
1790533554.324,1,92,838,110,1202,908,12.61
1790533554.419,1,92,836,105,1203,910,12.82
1790533554.511,1,92,835,104,1206,911,12.99
1790533554.609,1,92,834,101,1208,914,13.20
1790533554.707,1,92,833,97,1208,915,13.31
1790533554.804,1,92,832,95,1209,918,13.47
1790533554.898,1,92,833,93,1210,920,13.53
1790533554.997,1,92,831,84,1210,923,13.80
1790533555.091,1,92,831,84,1210,923,13.80
1790533555.180,1,92,830,80,1211,923,13.94
1790533555.270,1,92,830,75,1214,924,14.15
1790533555.372,1,92,829,74,1214,927,14.25
1790533555.464,1,92,827,69,1215,928,14.47
1790533555.560,1,92,827,67,1216,931,14.59
1790533555.653,1,91,827,62,1218,931,14.75
1790533555.747,1,92,825,57,1220,932,15.00
1790533555.842,1,92,824,56,1221,934,15.13
1790533555.953,1,92,824,55,1221,935,15.16
1790533556.054,1,92,823,56,1221,936,15.20
1790533556.148,1,92,824,56,1221,936,15.16
1790533556.243,1,92,824,56,1221,936,15.16
1790533556.336,1,92,825,55,1220,935,15.09
1790533556.430,1,92,825,56,1221,936,15.12
1790533556.525,1,92,825,56,1221,936,15.12
1790533556.631,1,92,825,56,1221,936,15.12
1790533556.725,1,92,824,56,1220,936,15.12
1790533556.823,1,92,824,56,1220,936,15.12
1790533556.913,1,92,824,56,1221,936,15.16
1790533557.006,1,92,823,56,1221,936,15.20
1790533557.098,1,92,822,56,1221,936,15.24
1790533557.189,1,92,822,57,1221,936,15.22
1790533557.279,1,92,822,57,1221,936,15.22
1790533557.377,1,92,822,57,1221,936,15.22
1790533557.472,1,92,822,57,1221,936,15.22
1790533557.569,1,92,822,57,1221,936,15.22
1790533557.659,1,92,822,57,1221,936,15.22
1790533557.752,1,92,822,57,1220,936,15.18
1790533557.843,1,92,822,57,1221,936,15.22
1790533557.934,1,92,823,56,1220,936,15.16
1790533558.026,1,92,824,57,1220,936,15.11
1790533558.116,1,92,824,56,1220,936,15.12
1790533558.208,1,92,824,56,1220,936,15.12
1790533558.299,1,92,824,57,1220,936,15.11
1790533558.391,1,92,824,56,1221,936,15.16
1790533558.485,1,92,824,56,1221,936,15.16
1790533558.576,1,92,824,56,1221,936,15.16
1790533558.667,1,92,824,56,1221,936,15.16
1790533558.757,1,92,824,57,1221,936,15.15
1790533558.848,1,92,824,56,1221,936,15.16
1790533558.945,1,92,823,56,1220,935,15.15
1790533559.039,1,92,823,56,1221,937,15.22
1790533559.131,1,92,823,55,1221,938,15.25
1790533559.223,1,92,823,53,1222,941,15.38
1790533559.313,1,92,823,49,1225,942,15.58
1790533559.403,1,92,820,44,1228,945,15.96
1790533559.491,1,92,820,44,1228,945,15.96
1790533559.580,1,92,820,41,1229,946,16.07
1790533559.672,1,93,820,40,1230,949,16.18
1790533559.763,1,93,820,34,1232,950,16.38
1790533559.867,1,92,818,31,1233,952,16.59
1790533559.964,1,92,816,27,1235,955,16.88
1790533560.069,1,93,816,22,1236,955,17.01
1790533560.187,1,93,816,17,1238,957,17.22
1790533560.284,1,93,813,13,1240,961,17.57
1790533560.376,1,93,812,8,1241,960,17.73
1790533560.476,1,93,810,2,1242,961,17.98
1790533560.569,1,93,810,0,1243,965,18.14
1790533560.676,1,93,807,0,1245,968,18.40
1790533560.773,1,93,807,0,1246,970,18.48
1790533560.860,1,93,807,0,1248,973,18.62
1790533560.948,1,93,806,0,1250,977,18.83
1790533561.045,1,93,804,0,1250,979,18.95
1790533561.134,1,94,802,0,1253,977,19.12
1790533561.225,1,94,802,0,1253,977,19.12
1790533561.316,1,94,801,0,1256,984,19.43
1790533561.406,1,93,803,0,1256,984,19.35
1790533561.496,1,94,803,0,1256,985,19.37
1790533561.589,1,93,803,0,1256,984,19.35
1790533561.686,1,94,803,0,1256,984,19.35
1790533561.777,1,94,803,0,1256,984,19.35
1790533561.868,1,94,801,0,1256,984,19.43
1790533561.960,1,93,801,0,1256,984,19.43
1790533562.051,1,93,801,0,1256,985,19.45
1790533562.141,1,94,801,0,1256,985,19.45
1790533562.228,1,94,801,0,1256,985,19.45
1790533562.314,1,94,801,0,1256,985,19.45
1790533562.405,1,93,801,0,1256,985,19.45
1790533562.494,1,94,801,0,1256,985,19.45
1790533562.580,1,94,801,0,1256,984,19.43
1790533562.667,1,94,800,0,1256,985,19.49
1790533562.753,1,94,801,0,1256,985,19.45
1790533562.838,1,94,801,0,1256,984,19.43
1790533562.926,1,94,804,0,1255,984,19.26
1790533563.016,1,94,806,0,1255,984,19.18
1790533563.104,1,94,807,0,1255,985,19.15
1790533563.191,1,93,809,0,1255,984,19.05
1790533563.280,1,93,812,0,1253,985,18.85
1790533563.369,1,93,819,0,1244,985,18.17
1790533563.458,1,93,826,0,1239,985,17.66
1790533563.542,1,93,837,0,1235,985,17.02
1790533563.630,1,93,846,0,1236,985,16.67
1790533563.721,1,92,857,0,1241,986,16.43
1790533563.809,1,93,876,0,1253,986,16.13
1790533563.905,1,92,886,0,1269,986,16.39
1790533563.994,1,92,892,0,1289,986,16.99
1790533564.080,1,92,893,0,1303,986,17.55
1790533564.171,1,91,902,0,1313,986,17.59
1790533564.266,1,92,939,0,1318,986,16.22
1790533564.357,1,92,943,0,1321,987,16.19
1790533564.447,1,92,945,0,1324,990,16.29
1790533564.540,1,92,937,0,1333,997,17.14
1790533564.628,1,92,897,0,1336,997,19.00
1790533564.719,1,92,897,0,1336,997,19.00
1790533564.812,1,92,877,0,1336,997,19.86
1790533564.901,1,93,857,0,1325,1000,20.31
1790533564.988,1,93,848,0,1291,1003,19.29
1790533565.077,1,93,839,0,1259,1006,18.34
1790533565.163,1,93,827,0,1241,1007,18.09
1790533565.250,1,93,810,0,1234,1008,18.55
1790533565.342,1,92,790,0,1216,1008,18.64
1790533565.435,1,92,790,0,1216,1008,18.64
1790533565.528,1,92,782,0,1192,1010,17.97
1790533565.612,1,92,771,0,1160,1013,17.10
1790533565.699,1,92,767,0,1148,1051,17.38
1790533565.781,1,92,759,0,1133,1051,17.06
1790533565.875,1,93,741,0,1127,1049,17.57
1790533565.965,1,92,696,0,1119,1047,19.22
1790533566.058,1,92,669,0,1105,1048,19.83
1790533566.150,1,93,663,0,1088,1048,19.33
1790533566.240,1,93,654,0,1062,1049,18.58
1790533566.327,1,93,645,0,1053,1049,18.58
1790533566.421,1,93,615,0,1047,1049,19.67
1790533566.507,1,93,594,0,1043,1051,20.48
1790533566.593,1,91,577,0,1020,1050,20.19
1790533566.688,1,91,570,0,992,1050,19.23
1790533566.775,1,91,562,0,971,1050,18.64
1790533566.860,1,91,558,0,963,1051,18.47
1790533566.953,1,91,559,0,961,1051,18.34
1790533567.042,1,91,562,0,959,1053,18.14
1790533567.127,1,92,545,0,954,1054,18.71
1790533567.212,1,93,522,0,943,1054,19.26
1790533567.298,1,93,522,0,943,1054,19.26
1790533567.388,1,93,504,0,937,1054,19.81
1790533567.478,1,93,497,0,934,1055,20.01
1790533567.565,1,93,494,0,933,1055,20.10
1790533567.658,1,94,495,0,934,1053,20.06
1790533567.750,1,93,501,0,958,1050,20.83
1790533567.844,1,93,510,0,983,1048,21.51
1790533567.937,1,93,523,0,1016,1046,22.38
1790533568.033,1,93,542,0,1019,1044,21.61
1790533568.123,1,92,574,0,1015,1043,19.96
1790533568.213,1,93,597,0,1011,1041,18.71
1790533568.302,1,93,601,0,1013,1041,18.62
1790533568.388,1,93,618,0,1027,1037,18.41
1790533568.474,1,92,659,0,1033,1037,16.83
1790533568.560,1,91,707,0,1042,1038,15.09
1790533568.647,1,91,707,0,1042,1038,15.09
1790533568.734,1,91,729,0,1069,1043,15.39
1790533568.826,1,93,734,0,1127,1043,17.79
1790533568.917,1,93,734,0,1127,1043,17.79
1790533569.008,1,93,743,0,1158,1041,18.75
1790533569.101,1,92,761,0,1176,1041,18.75
1790533569.191,1,92,769,0,1182,1042,18.68
1790533569.278,1,91,773,0,1196,1043,19.15
1790533569.368,1,91,776,0,1208,1045,19.59
1790533569.457,1,90,810,0,1229,1045,19.00
1790533569.550,1,90,851,0,1250,1044,18.08
1790533569.647,1,91,866,0,1262,1045,17.96
1790533569.733,1,92,880,0,1277,1046,18.02
1790533569.817,1,92,895,0,1307,1047,18.72
1790533569.914,1,93,905,0,1338,1047,19.68
1790533570.008,1,93,923,0,1371,1048,20.38
1790533570.098,1,93,929,0,1379,1048,20.47
1790533570.182,1,93,929,0,1389,1048,20.92
1790533570.273,1,93,929,0,1392,1048,21.06
1790533570.371,1,93,928,0,1415,1049,22.17
1790533570.464,1,92,934,0,1432,1050,22.70
1790533570.559,1,93,970,0,1451,1050,21.92
1790533570.656,1,91,1013,0,1463,1048,20.47
1790533570.748,1,89,1096,0,1480,1047,17.45
1790533570.840,1,90,1108,0,1492,1047,17.45
1790533570.927,1,92,1117,0,1513,1046,17.98
1790533571.019,1,91,1121,0,1532,1047,18.68
1790533571.107,1,90,1121,0,1542,1048,19.15
1790533571.191,1,90,1120,0,1569,1049,20.44
1790533571.279,1,92,1123,0,1590,1050,21.28
1790533571.367,1,90,1167,0,1610,1050,20.19
1790533571.453,1,91,1204,0,1616,1050,18.78
1790533571.540,1,91,1212,0,1611,1050,18.18
1790533571.633,1,91,1217,0,1615,1052,18.17
1790533571.726,1,91,1226,0,1633,1052,18.58
1790533571.814,1,91,1238,0,1634,1052,18.08
1790533571.900,1,92,1250,0,1648,1052,18.17
1790533571.997,1,92,1258,0,1689,1052,19.68
1790533572.093,1,92,1264,0,1708,1052,20.27
1790533572.189,1,92,1275,0,1723,1052,20.46
1790533572.283,1,92,1280,0,1728,1048,20.38
1790533572.376,1,93,1251,0,1730,1045,21.73
1790533572.468,1,93,1239,0,1724,1043,21.96
1790533572.559,1,94,1202,0,1705,1039,22.68
1790533572.649,1,94,1202,0,1705,1039,22.68
1790533572.739,1,93,1200,0,1677,1037,21.47
1790533572.829,1,93,1200,0,1650,1036,20.23
1790533572.919,1,93,1195,0,1629,1034,19.48
1790533573.005,1,92,1181,0,1625,1034,19.93
1790533573.092,1,91,1154,0,1599,1030,19.89
1790533573.179,1,91,1142,0,1547,1027,18.05
1790533573.265,1,89,1134,0,1506,1025,16.55
1790533573.351,1,90,1122,0,1488,1020,16.20
1790533573.440,1,92,1090,0,1454,990,15.64
1790533573.525,1,94,1036,0,1441,988,17.37
1790533573.607,1,94,1023,0,1437,986,17.72
1790533573.695,1,94,1017,0,1438,984,17.98
1790533573.785,1,94,1017,0,1438,984,17.98
1790533573.881,1,94,1013,0,1436,984,18.07
1790533573.969,1,92,1000,0,1423,983,18.05
1790533574.056,1,93,986,0,1385,983,17.02
1790533574.143,1,91,957,0,1286,982,14.02
1790533574.229,1,91,936,0,1273,982,14.36
1790533574.320,1,91,936,0,1273,982,14.36
1790533574.404,1,94,839,0,1247,982,17.39
1790533574.496,1,93,823,0,1238,982,17.69
1790533574.583,1,93,816,0,1237,983,17.96
1790533574.668,1,93,810,0,1237,983,18.22
1790533574.756,1,92,794,0,1237,984,18.92
1790533574.846,1,92,794,0,1237,984,18.92
1790533574.932,1,92,743,0,1158,984,17.72
1790533575.018,1,92,743,0,1158,984,17.72
1790533575.101,1,92,736,0,1127,987,16.75
1790533575.183,1,92,720,0,1122,1017,17.74
1790533575.276,1,92,720,0,1122,1017,17.74
1790533575.368,1,92,720,0,1119,1020,17.66
1790533575.458,1,91,722,0,1119,1023,17.63
1790533575.543,1,91,726,0,1119,1025,17.48
1790533575.629,1,92,730,0,1118,1027,17.29
1790533575.716,1,92,732,0,1120,1029,17.33
1790533575.805,1,92,732,0,1123,1031,17.50
1790533575.894,1,92,729,0,1128,1031,17.85
1790533575.982,1,93,726,0,1136,1034,18.40
1790533576.069,1,93,719,0,1142,1034,18.98
1790533576.153,1,92,713,0,1145,1065,19.97
1790533576.240,1,93,712,0,1143,1067,19.96
1790533576.332,1,93,712,0,1138,1097,20.28
1790533576.417,1,93,712,0,1134,1097,20.09
1790533576.502,1,92,712,0,1127,1099,19.80
1790533576.590,1,92,713,0,1120,1099,19.41
1790533576.679,1,92,717,0,1114,1099,18.94
1790533576.761,1,93,721,0,1107,1099,18.41
1790533576.848,1,93,725,0,1103,1099,18.03
1790533576.937,1,92,727,0,1113,1099,18.41
1790533577.022,1,93,727,0,1188,1100,22.01
1790533577.109,1,94,730,0,1247,1100,24.68
1790533577.201,1,93,762,0,1307,1101,26.04
1790533577.297,1,93,788,0,1311,1102,25.02
1790533577.395,1,94,794,0,1315,1103,24.94
1790533577.484,1,93,798,0,1320,1103,24.99
1790533577.574,1,93,798,0,1332,1104,25.59
1790533577.666,1,93,802,0,1375,1103,27.43
1790533577.755,1,93,821,0,1406,1103,28.01
1790533577.842,1,93,867,0,1422,1103,26.57
1790533577.937,1,91,926,0,1432,1104,24.25
1790533578.031,1,92,1021,0,1446,1107,20.42
1790533578.126,1,91,1041,0,1485,1110,21.39
1790533578.212,1,92,1047,0,1515,1113,22.61
1790533578.302,1,92,1047,0,1515,1113,22.61
1790533578.393,1,92,1047,0,1527,1115,23.23
1790533578.485,1,92,1042,0,1557,1117,24.97
1790533578.577,1,92,1056,0,1591,1119,25.98
1790533578.668,1,91,1119,0,1623,1120,24.50
1790533578.760,1,92,1163,0,1642,1121,23.31
1790533578.842,1,92,1189,0,1662,1122,23.03
1790533578.929,1,92,1200,0,1674,1123,23.10
1790533579.013,1,92,1214,0,1695,1123,23.44
1790533579.100,1,91,1226,0,1709,1124,23.56
1790533579.182,1,90,1232,0,1718,1125,23.73
1790533579.270,1,91,1234,0,1725,1126,24.00
1790533579.358,1,92,1237,0,1718,1126,23.51
1790533579.444,1,92,1245,0,1715,1127,22.99
1790533579.530,1,92,1251,0,1723,1127,23.09
1790533579.616,1,92,1251,0,1732,1126,23.51
1790533579.705,1,93,1243,0,1744,1125,24.46
1790533579.801,1,93,1238,0,1746,1125,24.80
1790533579.889,1,93,1235,0,1742,1124,24.73
1790533579.974,1,92,1236,0,1733,1124,24.25
1790533580.060,1,92,1237,0,1724,1124,23.76
1790533580.146,1,92,1239,0,1713,1123,23.10
1790533580.234,1,92,1239,0,1713,1123,23.10
1790533580.321,1,92,1239,0,1710,1123,22.96
1790533580.406,1,92,1240,0,1710,1123,22.91
1790533580.491,1,92,1239,0,1710,1123,22.96
1790533580.575,1,92,1239,0,1709,1123,22.91
1790533580.660,1,92,1239,0,1709,1123,22.91
1790533580.743,1,92,1239,0,1710,1122,22.94
1790533580.830,1,92,1239,0,1710,1122,22.94
1790533580.917,1,92,1239,0,1712,1122,23.03
1790533581.003,1,92,1239,0,1712,1122,23.03
1790533581.094,1,92,1239,0,1712,1122,23.03
1790533581.185,1,92,1239,0,1712,1122,23.03
1790533581.267,1,92,1239,0,1710,1122,22.94
1790533581.351,1,92,1239,0,1709,1122,22.89
1790533581.437,1,92,1239,0,1708,1122,22.84
1790533581.524,1,92,1239,0,1708,1122,22.84
1790533581.614,1,92,1239,0,1707,1122,22.79
1790533581.703,1,92,1240,0,1705,1122,22.64
1790533581.786,1,92,1240,0,1705,1122,22.64
1790533581.870,1,92,1240,0,1705,1122,22.64
1790533581.955,1,92,1240,0,1705,1122,22.64
1790533582.041,1,92,1240,0,1705,1122,22.64
1790533582.137,1,92,1239,0,1706,1122,22.74
1790533582.234,1,92,1239,0,1706,1122,22.74
1790533582.323,1,92,1239,0,1706,1122,22.74
1790533582.410,1,92,1239,0,1707,1122,22.79
1790533582.495,1,92,1239,0,1707,1123,22.81
1790533582.584,1,92,1239,0,1707,1122,22.79
1790533582.674,1,92,1239,0,1708,1122,22.84
1790533582.761,1,92,1239,0,1708,1122,22.84
1790533582.849,1,92,1239,0,1709,1122,22.89
1790533582.940,1,92,1239,0,1709,1122,22.89
1790533583.035,1,92,1239,0,1711,1122,22.99
1790533583.129,1,92,1239,0,1712,1122,23.03
1790533583.220,1,92,1239,0,1713,1122,23.08
1790533583.324,1,92,1239,0,1712,1122,23.03
1790533583.415,1,92,1239,0,1713,1122,23.08
1790533583.505,1,92,1238,0,1713,1122,23.13
1790533583.595,1,92,1239,0,1713,1122,23.08
1790533583.690,1,92,1239,0,1712,1122,23.03
1790533583.784,1,92,1239,0,1712,1122,23.03
1790533583.876,1,92,1238,0,1712,1122,23.08
1790533583.967,1,92,1238,0,1713,1122,23.13
1790533584.058,1,92,1238,0,1712,1122,23.08
1790533584.150,1,92,1238,0,1712,1122,23.08
1790533584.243,1,92,1238,0,1711,1122,23.03
1790533584.336,1,92,1239,0,1710,1121,22.92
1790533584.426,1,92,1239,0,1709,1122,22.89
1790533584.520,1,92,1239,0,1709,1122,22.89
1790533584.615,1,92,1239,0,1709,1121,22.87
1790533584.708,1,92,1239,0,1708,1121,22.82
1790533584.797,1,92,1239,0,1706,1121,22.72
1790533584.886,1,92,1239,0,1707,1121,22.77
1790533584.974,1,92,1239,0,1707,1121,22.77
1790533585.063,1,92,1239,0,1706,1121,22.72
1790533585.154,1,92,1240,0,1705,1121,22.62
1790533585.245,1,92,1241,0,1704,1121,22.53
1790533585.335,1,92,1241,0,1703,1122,22.50
1790533585.426,1,92,1240,0,1703,1122,22.55
1790533585.519,1,92,1240,0,1703,1122,22.55
1790533585.611,1,92,1240,0,1703,1122,22.55
1790533585.705,1,92,1240,0,1703,1122,22.55
1790533585.798,1,92,1240,0,1703,1122,22.55
1790533585.888,1,92,1240,0,1705,1122,22.64
1790533585.979,1,92,1239,0,1706,1122,22.74
1790533586.072,1,92,1239,0,1708,1122,22.84
1790533586.167,1,92,1239,0,1709,1122,22.89
1790533586.272,1,92,1239,0,1709,1122,22.89
1790533586.372,1,92,1239,0,1710,1122,22.94
1790533586.468,1,92,1239,0,1711,1122,22.99
1790533586.568,1,92,1239,0,1712,1123,23.05
1790533586.665,1,92,1239,0,1713,1122,23.08
1790533586.758,1,92,1239,0,1713,1122,23.08
1790533586.855,1,92,1239,0,1713,1122,23.08
1790533586.949,1,92,1239,0,1713,1122,23.08
1790533587.047,1,92,1239,0,1713,1122,23.08
1790533587.145,1,92,1239,0,1713,1122,23.08
1790533587.244,1,92,1238,0,1713,1122,23.13
1790533587.341,1,92,1239,0,1712,1122,23.03
1790533587.438,1,92,1239,0,1712,1122,23.03
1790533587.535,1,92,1238,0,1711,1121,23.01
1790533587.627,1,92,1239,0,1710,1122,22.94
1790533587.727,1,92,1239,0,1709,1122,22.89
1790533587.822,1,92,1239,0,1706,1122,22.74
1790533587.911,1,92,1241,0,1706,1122,22.64
1790533588.009,1,92,1241,0,1706,1122,22.64
1790533588.103,1,92,1240,0,1705,1122,22.64
1790533588.197,1,92,1241,0,1704,1122,22.55
1790533588.290,1,92,1240,0,1705,1122,22.64
1790533588.382,1,92,1240,0,1705,1122,22.64
1790533588.473,1,92,1239,0,1706,1122,22.74
1790533588.563,1,92,1239,0,1706,1122,22.74
1790533588.654,1,92,1239,0,1706,1122,22.74
1790533588.747,1,92,1239,0,1706,1122,22.74
1790533588.839,1,92,1238,0,1705,1122,22.74
1790533588.931,1,92,1240,0,1705,1122,22.64
1790533589.022,1,92,1239,0,1706,1122,22.74
1790533589.114,1,92,1239,0,1706,1122,22.74
1790533589.203,1,92,1239,0,1706,1122,22.74
1790533589.295,1,92,1239,0,1706,1122,22.74
1790533589.394,1,92,1239,0,1706,1122,22.74
1790533589.493,1,92,1239,0,1706,1122,22.74
1790533589.592,1,92,1239,0,1707,1122,22.79
1790533589.686,1,92,1239,0,1708,1122,22.84
1790533589.779,1,92,1239,0,1708,1122,22.84
1790533589.879,1,92,1239,0,1708,1122,22.84
1790533589.972,1,92,1239,0,1708,1122,22.84
1790533590.063,1,92,1239,0,1708,1122,22.84
1790533590.155,1,92,1239,0,1708,1122,22.84
1790533590.248,1,92,1239,0,1708,1122,22.84
1790533590.343,1,92,1239,0,1709,1122,22.89
1790533590.440,1,92,1239,0,1709,1122,22.89
1790533590.536,1,92,1239,0,1709,1122,22.89
1790533590.630,1,92,1239,0,1709,1122,22.89
1790533590.723,1,92,1239,0,1709,1122,22.89
1790533590.819,1,92,1239,0,1709,1122,22.89
1790533590.914,1,92,1239,0,1709,1122,22.89
1790533591.012,1,92,1239,0,1709,1122,22.89
1790533591.105,1,92,1239,0,1709,1122,22.89
1790533591.197,1,92,1239,0,1709,1122,22.89
1790533591.290,1,92,1239,0,1709,1122,22.89
1790533591.389,1,92,1239,0,1708,1122,22.84
1790533591.483,1,92,1239,0,1707,1122,22.79
1790533591.600,1,92,1239,0,1707,1122,22.79
1790533591.694,1,92,1239,0,1708,1122,22.84
1790533591.792,1,92,1239,0,1707,1122,22.79
1790533591.889,1,92,1239,0,1707,1122,22.79
1790533591.985,1,92,1239,0,1707,1122,22.79
1790533592.077,1,92,1239,0,1707,1122,22.79
1790533592.167,1,92,1239,0,1707,1122,22.79
1790533592.258,1,92,1239,0,1706,1122,22.74
1790533592.352,1,92,1240,0,1705,1122,22.64
1790533592.446,1,92,1239,0,1706,1122,22.74
1790533592.542,1,92,1240,0,1705,1122,22.64
1790533592.639,1,92,1239,0,1706,1122,22.74
1790533592.736,1,92,1239,0,1706,1122,22.74
1790533592.831,1,92,1239,0,1707,1122,22.79
1790533592.930,1,92,1239,0,1707,1122,22.79
1790533593.024,1,92,1239,0,1708,1122,22.84
1790533593.122,1,92,1239,0,1708,1122,22.84
1790533593.216,1,92,1240,0,1709,1122,22.84
1790533593.312,1,92,1239,0,1708,1122,22.84
1790533593.406,1,92,1239,0,1706,1122,22.74
1790533593.498,1,92,1241,0,1704,1122,22.55
1790533593.590,1,92,1240,0,1703,1122,22.55
1790533593.688,1,92,1240,0,1702,1121,22.48
1790533593.780,1,92,1241,0,1701,1121,22.38
1790533593.874,1,92,1241,0,1701,1122,22.40
1790533593.968,1,92,1240,0,1701,1121,22.43
1790533594.061,1,92,1240,0,1701,1122,22.45
1790533594.153,1,92,1241,0,1701,1122,22.40
1790533594.244,1,92,1241,0,1701,1122,22.40
1790533594.336,1,92,1240,0,1701,1122,22.45
1790533594.427,1,92,1240,0,1700,1122,22.40
1790533597.758,1,92,1240,0,1701,1122,22.45
1790533597.885,1,92,1240,0,1701,1121,22.43
1790533598.008,1,92,1240,0,1702,1122,22.50
1790533598.122,1,92,1240,0,1702,1122,22.50
1790533598.232,1,92,1240,0,1702,1122,22.50
1790533598.335,1,92,1241,0,1702,1122,22.45
1790533598.442,1,92,1241,0,1702,1122,22.45
1790533598.542,1,92,1240,0,1702,1122,22.50
1790533598.641,1,92,1238,0,1701,1121,22.53
1790533598.739,1,92,1231,0,1702,1119,22.88
1790533598.837,1,93,1210,0,1705,1090,23.42
1790533598.942,1,93,1187,0,1710,1089,24.72
1790533599.048,1,93,1172,0,1712,1088,25.50
1790533599.145,1,93,1156,0,1714,1086,26.30
1790533599.241,1,94,1150,0,1714,1086,26.58
1790533599.342,1,94,1149,0,1704,1085,26.14
1790533599.439,1,92,1151,0,1684,1086,25.12
1790533599.534,1,92,1150,0,1665,1085,24.25
1790533599.632,1,93,1140,0,1645,1085,23.78
1790533599.727,1,92,1125,0,1644,1085,24.44
1790533599.822,1,92,1106,0,1595,1087,23.07
1790533599.916,1,92,1088,0,1529,1120,21.44
1790533600.010,1,91,1054,0,1502,1121,21.80
1790533600.101,1,92,1025,0,1484,1122,22.35
1790533600.197,1,91,986,0,1437,1121,21.94
1790533600.292,1,94,868,0,1441,1115,27.73
1790533600.387,1,94,822,0,1440,1111,29.80
1790533600.477,1,94,805,0,1441,1108,30.59
1790533600.565,1,93,806,0,1419,1106,29.43
1790533600.654,1,93,783,0,1342,1104,26.79
1790533600.739,1,92,748,0,1234,1102,23.25
1790533600.829,1,91,720,0,1137,1102,19.95
1790533600.926,1,91,702,0,1114,1103,19.72
1790533601.022,1,93,553,0,1108,1102,26.55
1790533601.109,1,93,553,0,1108,1102,26.55
1790533601.201,1,93,531,0,1108,1103,27.62
1790533601.292,1,94,523,0,1101,1102,27.65
1790533601.383,1,92,500,0,1006,1100,24.16
1790533601.481,1,91,455,0,894,1096,20.88
1790533601.572,1,91,433,0,833,1093,18.98
1790533601.664,1,92,330,0,813,1090,22.85
1790533601.749,1,94,175,0,822,1086,30.50
1790533601.836,1,93,150,0,825,1083,31.73
1790533601.927,1,93,132,0,816,1083,32.15
1790533602.022,1,93,134,0,772,1083,29.99
1790533602.113,1,93,119,0,652,1085,25.10
1790533602.204,1,90,92,0,525,1083,20.35
1790533602.292,1,92,68,0,491,1085,19.92
1790533602.381,1,93,20,0,468,1086,21.12
1790533602.469,1,93,0,0,469,1086,22.11
1790533602.561,1,94,0,0,459,1086,21.64
1790533602.654,1,95,0,0,398,1086,18.76
1790533602.742,1,93,0,0,238,1078,11.14
1790533602.829,1,93,0,0,238,1078,11.14
1790533602.917,1,90,0,0,204,1046,9.26
1790533603.002,1,89,0,19,191,1033,8.41
1790533603.096,1,89,0,19,191,1033,8.41
1790533603.192,1,86,0,22,193,1033,8.47
1790533603.289,1,86,0,22,188,1033,8.25
1790533603.388,1,86,0,22,188,1033,8.25
1790533605.144,2,86,0,0,210,1104,10.06
1790533605.237,2,90,0,0,239,1107,11.48
1790533605.331,2,92,0,0,287,1110,13.83
1790533605.423,2,93,0,0,338,1112,16.31
1790533605.516,2,93,0,0,392,1114,18.95
1790533605.611,2,93,0,0,470,1114,22.72
1790533605.700,2,95,0,0,609,1114,29.45
1790533605.789,2,94,0,0,633,1114,30.61
1790533605.876,2,94,0,0,655,1114,31.67
1790533605.964,2,93,39,0,680,1112,30.94
1790533606.052,2,93,130,0,701,1110,27.51
1790533606.144,2,94,269,0,741,1110,22.74
1790533606.234,2,93,304,0,774,1110,22.64
1790533606.321,2,92,319,0,846,1108,25.34
1790533606.407,2,94,312,0,931,1106,29.71
1790533606.493,2,94,336,0,938,1105,28.87
1790533606.581,2,92,395,0,951,1104,26.64
1790533606.679,2,91,508,0,1003,1104,23.72
1790533606.770,2,92,591,0,1046,1104,21.80
1790533606.857,2,92,625,0,1064,1103,21.02
1790533606.946,2,94,639,0,1193,1103,26.52
1790533607.034,2,93,626,0,1238,1104,29.32
1790533607.125,2,93,637,0,1252,1103,29.44
1790533607.214,2,93,691,0,1272,1102,27.79
1790533607.313,2,92,822,0,1299,1100,22.77
1790533607.407,2,91,886,0,1323,1101,20.88
1790533607.507,2,92,935,0,1370,1102,20.81
1790533607.601,2,93,957,0,1489,1102,25.45
1790533607.697,2,94,949,0,1540,1101,28.24
1790533607.786,2,93,954,0,1546,1100,28.26
1790533607.876,2,93,1054,0,1617,1101,26.90
1790533607.965,2,92,1121,0,1640,1102,24.82
1790533608.060,2,92,1121,0,1640,1102,24.82
1790533608.158,2,93,1231,0,1800,1101,27.19
1790533608.249,2,93,1233,0,1854,1101,29.68
1790533608.336,2,93,1233,0,1854,1101,29.68
1790533608.431,2,93,1261,0,1920,1100,31.46
1790533608.524,2,94,1323,0,1920,1099,28.48
1790533608.613,2,93,1428,0,1920,1095,23.38
1790533608.702,2,93,1491,0,1920,1099,20.46
1790533608.793,2,93,1494,0,1920,1134,20.97
1790533608.887,2,94,1494,0,1920,1132,20.93
1790533608.977,2,94,1494,0,1920,1131,20.91
1790533609.066,2,92,1535,0,1920,1129,18.87
1790533609.159,2,87,1662,0,1920,1125,12.60
1790533609.252,2,83,1766,0,1920,1124,7.51
1790533609.343,2,78,1796,0,1920,1124,6.05
1790533609.432,2,57,1840,0,1920,1119,3.89
1790533609.525,2,57,1879,0,1920,1119,1.99
1790533609.615,2,57,1879,0,1920,1119,1.99
1790533610.567,3,85,1694,0,1920,817,8.01
1790533610.656,3,85,1694,0,1920,817,8.01
1790533610.747,3,71,1659,0,1920,1200,13.59
1790533610.836,3,88,1590,0,1920,1200,17.19
1790533610.925,3,88,1521,0,1920,1200,20.78
1790533611.012,3,91,1467,0,1920,1200,23.59
1790533611.105,3,90,1387,0,1920,1200,27.76
1790533611.195,3,93,1327,0,1920,1200,30.89
1790533611.285,4,91,1254,0,1920,1200,34.69
1790533611.285,3,93,1296,0,1920,1200,32.50
1790533611.377,4,93,1065,0,1920,1200,44.53
1790533611.377,3,93,1296,0,1920,1200,32.50
1790533611.471,4,94,987,0,1920,1200,48.59
1790533611.471,3,93,1296,0,1920,1200,32.50
1790533611.563,4,93,969,0,1919,1200,49.48
1790533611.563,3,93,1296,0,1920,1200,32.50
1790533611.654,4,91,978,0,1793,1200,42.45
1790533611.654,3,93,1296,0,1920,1200,32.50
1790533611.754,4,91,915,0,1545,1200,32.81
1790533611.754,3,93,1296,0,1920,1200,32.50
1790533611.842,4,90,861,0,1392,1200,27.66
1790533611.842,3,93,1296,0,1920,1200,32.50
1790533611.931,4,94,645,0,1402,1200,39.43
1790533611.931,3,93,1296,0,1920,1200,32.50
1790533612.015,4,94,603,0,1407,1200,41.88
1790533612.015,3,93,1296,0,1920,1200,32.50
1790533612.101,4,94,597,0,1403,1200,41.98
1790533612.101,3,93,1296,0,1920,1200,32.50
1790533612.193,4,92,603,0,1316,1200,37.14
1790533612.193,3,93,1296,0,1920,1200,32.50
1790533612.281,4,93,543,0,1152,1200,31.72
1790533612.281,3,93,1296,0,1920,1200,32.50
1790533612.367,4,93,490,0,1075,1200,30.47
1790533612.367,3,93,1296,0,1920,1200,32.50
1790533612.455,4,92,461,0,1060,1200,31.20
1790533612.455,3,93,1296,0,1920,1200,32.50
1790533612.541,4,93,453,0,1047,1200,30.94
1790533612.541,3,93,1296,0,1920,1200,32.50
1790533612.634,4,93,447,0,1027,1200,30.21
1790533612.634,3,93,1296,0,1920,1200,32.50
1790533612.730,4,92,456,0,1008,1200,28.75
1790533612.730,3,93,1296,0,1920,1200,32.50
1790533612.822,4,92,465,0,992,1177,26.92
1790533612.912,4,93,472,0,977,1104,24.20
1790533613.004,4,93,476,0,969,1103,23.60
1790533613.103,4,94,477,0,959,1103,23.07
1790533613.198,4,93,468,0,930,1102,22.10
1790533613.294,4,93,460,0,911,1062,20.79
1790533613.389,4,93,454,0,893,1059,20.18
1790533613.490,4,92,450,0,881,1006,18.82
1790533613.587,4,91,451,0,871,1005,18.32
1790533613.681,4,91,460,0,858,1006,17.38
1790533613.769,4,92,478,0,852,1005,16.31
1790533613.858,4,92,502,0,853,1001,15.25
1790533613.945,4,92,520,0,860,999,14.74
1790533614.030,4,92,542,0,877,949,13.80
1790533614.130,4,91,560,0,895,949,13.80
1790533614.225,4,92,573,2,914,949,14.02
1790533614.321,4,91,592,6,923,948,13.53
1790533614.412,4,91,612,10,948,948,13.68
1790533614.501,4,91,626,13,965,948,13.76
1790533614.591,4,91,638,17,1004,947,14.77
1790533614.685,4,92,651,20,1010,945,14.41
1790533614.776,4,92,682,25,1009,942,13.01
1790533614.867,4,91,703,27,1017,941,12.46
1790533614.962,4,90,720,30,1037,939,12.51
1790533615.049,4,92,712,32,1072,938,14.16
1790533615.136,4,92,712,33,1089,938,14.81
1790533615.239,4,93,714,33,1102,939,15.26
1790533615.329,4,92,723,32,1118,939,15.55
1790533615.422,4,91,774,29,1137,941,14.37
1790533615.517,4,90,817,27,1147,941,13.09
1790533615.609,4,91,851,25,1163,942,12.42
1790533615.700,4,93,861,22,1194,943,13.31
1790533615.791,4,94,864,19,1252,944,15.58
1790533615.883,4,93,877,17,1274,944,15.97
1790533615.976,4,93,884,15,1271,945,15.62
1790533616.071,4,93,888,12,1269,947,15.46
1790533616.164,4,92,893,10,1276,948,15.59
1790533616.258,4,92,929,8,1295,948,14.93
1790533616.358,4,91,939,7,1305,948,14.95
1790533616.459,4,91,942,5,1314,950,15.26
1790533616.557,4,90,943,3,1312,950,15.17
1790533616.648,4,91,941,2,1310,950,15.18
1790533616.735,4,91,940,0,1305,950,15.05
1790533616.823,4,91,938,0,1300,950,14.93
1790533616.914,4,91,934,0,1286,951,14.53
1790533617.002,4,91,934,0,1286,951,14.53
1790533617.094,4,91,932,0,1282,951,14.45
1790533617.188,4,91,928,0,1278,951,14.45
1790533617.278,4,91,926,0,1277,951,14.49
1790533617.371,4,91,923,0,1275,952,14.54
1790533617.464,4,91,921,0,1274,952,14.59
1790533617.560,4,91,919,0,1274,952,14.67
1790533617.654,4,91,918,0,1275,952,14.75
1790533617.753,4,91,919,0,1274,952,14.67
1790533617.848,4,91,919,0,1274,951,14.65
1790533617.941,4,91,919,0,1274,951,14.65
1790533618.039,4,91,918,0,1273,951,14.65
1790533618.139,4,92,917,0,1272,951,14.65
1790533618.237,4,91,916,0,1273,951,14.74
1790533618.331,4,92,914,0,1273,951,14.82
1790533618.428,4,91,914,0,1273,951,14.82
1790533618.530,4,91,913,0,1272,952,14.83
1790533618.628,4,91,913,0,1272,952,14.83
1790533618.723,4,91,913,0,1272,952,14.83
1790533618.818,4,91,914,1,1271,952,14.74
1790533618.910,4,92,912,1,1271,952,14.82
1790533619.004,4,92,912,1,1271,952,14.82
1790533619.099,4,92,912,2,1271,952,14.80
1790533619.194,4,92,912,3,1271,951,14.77
1790533619.288,4,92,912,3,1271,951,14.77
1790533619.383,4,92,911,3,1271,951,14.81
1790533619.490,4,92,911,4,1270,952,14.77
1790533619.596,4,92,911,4,1270,952,14.77
1790533619.698,4,92,911,5,1270,952,14.76
1790533619.791,4,92,911,5,1270,952,14.76
1790533619.888,4,92,911,5,1270,952,14.76
1790533619.987,4,92,911,6,1270,951,14.72
1790533620.089,4,92,911,6,1271,951,14.77
1790533620.187,4,92,911,6,1271,951,14.77
1790533620.282,4,92,911,7,1271,950,14.73
1790533620.377,4,92,913,6,1270,951,14.64
1790533620.472,4,92,911,6,1270,951,14.72
1790533620.567,4,92,912,7,1269,950,14.61
1790533620.664,4,92,910,6,1269,951,14.72
1790533620.760,4,92,909,6,1268,951,14.72
1790533620.855,4,92,909,6,1268,951,14.72
1790533620.956,4,92,909,6,1268,951,14.72
1790533621.053,4,92,910,6,1269,951,14.72
1790533621.156,4,92,912,6,1269,951,14.64
1790533621.251,4,92,913,6,1270,951,14.64
1790533621.346,4,92,913,6,1270,951,14.64
1790533621.438,4,91,911,6,1270,951,14.72
1790533621.537,4,92,913,6,1270,951,14.64
1790533621.633,4,92,911,6,1270,951,14.72
1790533621.735,4,92,911,6,1270,951,14.72
1790533621.835,4,92,913,6,1270,951,14.64
1790533621.937,4,92,913,7,1270,950,14.61
1790533622.034,4,92,911,6,1270,951,14.72
1790533622.135,4,92,911,7,1270,950,14.69
1790533622.232,4,92,911,7,1270,950,14.69
1790533622.327,4,92,911,7,1270,950,14.69
1790533622.422,4,92,912,7,1271,950,14.69
1790533622.518,4,92,912,7,1271,950,14.69
1790533622.611,4,92,912,7,1271,950,14.69
1790533622.714,4,92,914,6,1271,951,14.64
1790533622.811,4,92,915,6,1270,951,14.56
1790533622.907,4,92,916,6,1270,951,14.52
1790533623.004,4,92,915,6,1270,951,14.56
1790533623.100,4,91,914,6,1271,951,14.64
1790533623.200,4,92,912,6,1271,951,14.72
1790533623.301,4,92,912,6,1271,951,14.72
1790533623.398,4,92,911,7,1270,950,14.69
1790533623.496,4,92,911,7,1270,950,14.69
1790533623.589,4,92,912,7,1269,950,14.61
1790533623.684,4,92,909,8,1268,950,14.68
1790533623.779,4,92,906,8,1268,950,14.80
1790533623.879,4,92,902,8,1267,950,14.92
1790533623.976,4,92,894,8,1267,950,15.25
1790533624.074,4,92,888,9,1267,950,15.48
1790533624.170,4,93,878,9,1268,950,15.93
1790533624.270,4,93,866,9,1269,950,16.46
1790533624.368,4,93,859,9,1270,950,16.79
1790533624.463,4,93,850,9,1271,950,17.19
1790533624.559,4,93,846,8,1265,950,17.13
1790533624.653,4,93,847,8,1268,950,17.21
1790533624.752,4,93,847,8,1268,950,17.21
1790533624.854,4,93,850,8,1267,951,17.07
1790533624.954,4,93,853,8,1264,951,16.82
1790533625.054,4,93,860,7,1263,952,16.53
1790533625.153,4,93,865,7,1263,952,16.32
1790533625.259,4,93,868,5,1263,952,16.24
1790533625.359,4,93,873,7,1262,952,15.96
1790533625.456,4,93,875,5,1262,952,15.91
1790533625.550,4,92,878,5,1262,952,15.78
1790533625.645,4,92,883,4,1261,952,15.55
1790533625.740,4,92,883,4,1261,952,15.55
1790533625.836,4,92,887,4,1261,952,15.39
1790533625.935,4,92,887,4,1261,952,15.39
1790533626.032,4,92,889,3,1261,952,15.32
1790533626.130,4,92,890,3,1261,952,15.28
1790533626.224,4,92,892,3,1261,953,15.21
1790533626.320,4,92,892,3,1261,953,15.21
1790533626.417,4,92,894,2,1260,953,15.11
1790533626.522,4,92,894,2,1260,953,15.11
1790533626.617,4,92,895,2,1260,953,15.07
1790533626.710,4,92,896,2,1260,953,15.02
1790533626.805,4,92,897,1,1260,953,15.00
1790533626.898,4,92,898,1,1260,953,14.96
1790533626.992,4,92,899,1,1261,953,14.96
1790533627.089,4,92,899,1,1261,953,14.96
1790533627.184,4,92,900,1,1260,953,14.88
1790533627.275,4,92,901,1,1261,953,14.88
1790533627.368,4,92,902,1,1261,953,14.83
1790533627.474,4,92,902,1,1261,953,14.83
1790533627.579,4,92,902,1,1261,953,14.83
1790533627.683,4,92,902,1,1261,953,14.83
1790533627.779,4,92,902,1,1261,953,14.83
1790533627.879,4,92,904,1,1261,953,14.75
1790533627.977,4,92,905,1,1260,953,14.67
1790533628.076,4,92,905,1,1260,953,14.67
1790533628.172,4,92,905,1,1260,953,14.67
1790533628.270,4,92,905,1,1260,953,14.67
1790533628.365,4,92,905,1,1260,953,14.67
1790533628.464,4,92,905,1,1260,953,14.67
1790533628.565,4,92,905,1,1260,953,14.67
1790533628.664,4,92,905,2,1260,953,14.65
1790533628.761,4,92,906,2,1260,953,14.61
1790533628.856,4,92,905,1,1260,953,14.67
1790533628.951,4,92,906,1,1260,953,14.63
1790533629.047,4,92,906,1,1260,953,14.63
1790533629.148,4,92,905,1,1260,953,14.67
1790533629.243,4,92,905,1,1260,953,14.67
1790533629.339,4,92,906,1,1260,952,14.61
1790533629.434,4,92,906,1,1260,952,14.61
1790533629.530,4,92,906,1,1260,953,14.63
1790533629.623,4,92,906,1,1261,952,14.65
1790533629.726,4,92,906,1,1260,953,14.63
1790533629.827,4,92,905,1,1262,953,14.75
1790533629.922,4,92,906,1,1261,953,14.67
1790533630.020,4,92,906,1,1261,952,14.65
1790533630.120,4,92,906,1,1261,952,14.65
1790533630.217,4,92,906,1,1261,952,14.65
1790533630.324,4,92,906,1,1261,953,14.67
1790533630.423,4,92,906,1,1260,953,14.63
1790533630.515,4,92,906,1,1260,953,14.63
1790533630.609,4,92,906,1,1260,953,14.63
1790533630.704,4,92,906,1,1260,952,14.61
1790533630.800,4,92,905,2,1260,953,14.65
1790533630.898,4,92,906,2,1260,953,14.61
1790533630.997,4,92,906,2,1260,953,14.61
1790533631.098,4,92,905,2,1260,953,14.65
1790533631.199,4,92,905,2,1260,953,14.65
1790533631.294,4,92,905,2,1262,953,14.74
1790533631.396,4,92,905,2,1260,953,14.65
1790533631.491,4,92,905,2,1260,953,14.65
1790533631.584,4,92,905,2,1260,953,14.65
1790533631.677,4,92,905,2,1260,953,14.65
1790533631.774,4,92,905,1,1260,953,14.67
1790533631.878,4,92,905,2,1260,953,14.65
1790533631.972,4,92,905,2,1260,953,14.65
1790533632.066,4,92,904,1,1261,952,14.74
1790533632.159,4,92,905,2,1260,953,14.65
1790533632.251,4,92,905,2,1260,953,14.65
1790533632.354,4,92,905,2,1260,953,14.65
1790533632.455,4,92,904,1,1261,953,14.75
1790533632.552,4,92,904,1,1261,952,14.74
1790533632.656,4,92,904,1,1261,953,14.75
1790533632.756,4,92,903,1,1262,952,14.82
1790533632.855,4,92,903,1,1262,953,14.83
1790533632.952,4,92,904,1,1261,952,14.74
1790533633.043,4,92,905,1,1260,953,14.67
1790533633.133,4,92,905,1,1260,952,14.65
1790533633.225,4,92,906,1,1260,952,14.61
1790533633.315,4,92,906,1,1260,953,14.63
1790533633.405,4,92,906,1,1261,952,14.65
1790533633.505,4,92,906,1,1261,952,14.65
1790533633.605,4,92,906,2,1261,952,14.64
1790533633.700,4,92,906,1,1260,952,14.61
1790533633.796,4,92,906,2,1260,952,14.60
1790533633.896,4,92,907,2,1261,953,14.61
1790533633.993,4,92,907,2,1261,953,14.61
1790533634.088,4,92,907,2,1261,953,14.61
1790533634.182,4,92,907,2,1261,953,14.61
1790533634.275,4,92,907,2,1261,953,14.61
1790533634.370,4,92,907,2,1261,953,14.61
1790533634.469,4,92,907,3,1261,953,14.60
1790533634.564,4,92,907,3,1260,953,14.56
1790533634.667,4,92,907,3,1260,953,14.56
1790533634.766,4,92,907,3,1260,953,14.56
1790533634.866,4,92,906,4,1260,952,14.57
1790533634.970,4,92,907,4,1260,953,14.54
1790533635.074,4,92,907,4,1260,953,14.54
1790533635.172,4,92,907,4,1260,953,14.54
1790533635.270,4,92,907,4,1260,953,14.54
1790533635.373,4,92,907,4,1260,953,14.54
1790533635.476,4,92,908,4,1260,953,14.50
1790533635.579,4,92,907,4,1260,953,14.54
1790533635.675,4,92,907,4,1260,952,14.52
1790533635.773,4,92,907,4,1260,952,14.52
1790533635.869,4,92,907,4,1260,953,14.54
1790533635.966,4,92,908,4,1260,953,14.50
1790533636.058,4,92,908,4,1261,953,14.54
1790533636.159,4,92,909,4,1261,953,14.50
1790533636.254,4,92,908,4,1261,953,14.54
1790533636.353,4,92,908,4,1261,953,14.54
1790533636.450,4,92,908,3,1261,953,14.56
1790533636.546,4,92,908,3,1261,953,14.56
1790533636.641,4,92,908,3,1261,953,14.56
1790533636.741,4,92,908,3,1261,953,14.56
1790533636.847,4,92,907,3,1261,953,14.60
1790533636.947,4,92,908,3,1261,953,14.56
1790533637.048,4,92,908,3,1261,953,14.56
1790533637.149,4,92,908,3,1262,953,14.60
1790533637.249,4,92,908,3,1261,953,14.56
1790533637.347,4,92,909,3,1261,953,14.51
1790533637.443,4,92,909,2,1261,953,14.53
1790533637.537,4,92,909,3,1261,953,14.51
1790533637.633,4,92,909,3,1261,953,14.51
1790533637.728,4,92,909,3,1261,953,14.51
1790533637.824,4,92,909,3,1261,953,14.51
1790533637.922,4,92,909,3,1261,953,14.51
1790533638.018,4,92,909,3,1261,953,14.51
1790533638.112,4,92,909,4,1260,953,14.46
1790533638.205,4,92,909,4,1260,953,14.46
1790533638.300,4,92,909,4,1260,953,14.46
1790533638.391,4,92,909,5,1260,953,14.44
1790533638.485,4,92,909,5,1260,953,14.44
1790533638.577,4,92,908,5,1260,953,14.48
1790533638.668,4,92,908,5,1260,953,14.48
1790533638.763,4,92,908,5,1260,953,14.48
1790533638.876,4,92,907,5,1260,953,14.52
1790533638.971,4,92,906,5,1260,953,14.57
1790533639.072,4,92,906,5,1260,953,14.57
1790533639.171,4,92,907,5,1260,953,14.52
1790533639.262,4,92,907,5,1260,953,14.52
1790533639.357,4,92,908,4,1260,953,14.50
1790533639.456,4,92,909,4,1260,953,14.46
1790533639.548,4,92,909,4,1260,953,14.46
1790533639.649,4,92,910,4,1261,953,14.46
1790533639.747,4,92,910,3,1261,953,14.47
1790533639.843,4,92,912,3,1261,953,14.39
1790533639.940,4,92,912,3,1261,953,14.39
1790533640.042,4,92,915,2,1262,953,14.32
1790533640.139,4,91,921,2,1263,953,14.12
1790533640.237,4,91,929,2,1268,953,13.99
1790533640.336,4,91,937,1,1275,952,13.95
1790533640.438,4,91,941,1,1283,952,14.12
1790533640.534,4,90,943,0,1298,952,14.67
1790533640.632,4,92,943,1,1312,952,15.23
1790533640.728,4,91,940,0,1329,953,16.09
1790533640.821,4,92,953,0,1341,953,16.05
1790533640.924,4,92,1003,0,1343,954,14.08
1790533641.022,4,93,1042,0,1343,958,12.52
1790533641.119,4,91,1055,0,1359,962,12.69
1790533641.209,4,92,1058,0,1433,966,15.72
1790533641.297,4,93,1054,0,1498,967,18.63
1790533641.387,4,93,1054,0,1513,971,19.34
1790533641.478,4,93,1056,0,1519,973,19.55
1790533641.568,4,92,1071,0,1544,976,20.04
1790533641.661,4,91,1133,0,1588,979,19.33
1790533641.752,4,91,1224,0,1614,980,16.59
1790533641.842,4,91,1249,0,1634,983,16.43
1790533641.933,4,92,1265,0,1666,984,17.13
1790533642.025,4,93,1264,0,1727,985,19.79
1790533642.114,4,93,1260,0,1773,987,21.98
1790533642.203,4,94,1260,0,1782,988,22.38
1790533642.292,4,92,1270,0,1801,989,22.79
1790533642.381,4,92,1319,0,1830,991,21.98
1790533642.471,4,92,1361,0,1847,991,20.90
1790533642.557,4,90,1448,0,1874,993,18.36
1790533642.643,4,91,1488,0,1903,1023,18.43
1790533642.731,4,92,1502,0,1916,1025,18.42
1790533642.821,4,94,1511,0,1920,1029,18.27
1790533642.909,4,93,1510,0,1920,1034,18.40
1790533643.001,4,93,1512,0,1920,1041,18.43
1790533643.091,4,93,1550,0,1920,1044,16.77
1790533643.182,4,93,1606,0,1920,1046,14.26
1790533643.276,4,93,1622,0,1920,1047,13.54
1790533643.368,4,93,1633,0,1920,1048,13.05
1790533643.461,4,91,1663,0,1920,1049,11.70
1790533643.560,4,91,1678,0,1920,1050,11.03
1790533643.649,4,90,1695,0,1920,1052,10.27
1790533643.739,4,89,1701,0,1920,1052,10.00
1790533643.828,4,89,1706,0,1920,1050,9.75
1790533643.917,4,91,1653,0,1920,1047,12.13
1790533644.002,4,91,1616,0,1920,1043,13.76
1790533644.099,4,93,1578,0,1920,1039,15.42
1790533644.192,4,93,1568,0,1920,1036,15.83
1790533644.286,4,93,1567,0,1920,1034,15.84
1790533644.381,4,93,1565,0,1920,1032,15.90
1790533644.473,4,93,1563,0,1920,1031,15.98
1790533644.571,4,93,1520,0,1920,1061,18.42
1790533644.662,4,93,1492,0,1920,1065,19.78
1790533644.754,4,92,1478,0,1920,1064,20.41
1790533644.840,4,93,1442,0,1912,1061,21.64
1790533644.927,4,93,1366,0,1875,1058,23.37
1790533645.013,4,94,1343,0,1850,1056,23.24
1790533645.101,4,93,1323,0,1832,1056,23.33
1790533645.199,4,93,1323,0,1832,1056,23.33
1790533645.290,4,93,1296,0,1804,1057,23.31
1790533645.388,4,91,1271,0,1722,1057,20.69
1790533645.482,4,91,1234,0,1684,1057,20.64
1790533645.574,4,90,1225,0,1666,1058,20.25
1790533645.667,4,93,1165,0,1642,1058,21.90
1790533645.758,4,94,1057,0,1609,1058,25.35
1790533645.850,4,94,1035,0,1586,1058,25.30
1790533645.947,4,94,1024,0,1589,1059,25.97
1790533646.036,4,93,1019,0,1561,1060,24.94
1790533646.134,4,92,1013,0,1496,1060,22.22
1790533646.225,4,92,975,0,1414,1066,20.31
1790533646.323,4,92,948,0,1386,1071,20.36
1790533646.414,4,92,935,0,1371,1077,20.38
1790533646.506,4,91,907,0,1353,1084,20.98
1790533646.596,4,91,887,0,1336,1088,21.20
1790533646.694,4,92,867,0,1318,1093,21.40
1790533646.783,4,92,847,0,1312,1100,22.20
1790533646.888,4,92,820,0,1306,1106,23.33
1790533646.977,4,92,796,0,1282,1112,23.46
1790533647.065,4,92,776,0,1265,1118,23.73
1790533647.166,4,93,764,0,1253,1124,23.86
1790533647.264,4,93,752,0,1248,1132,24.37
1790533647.365,4,93,747,0,1242,1136,24.41
1790533647.454,4,92,746,0,1230,1145,24.05
1790533647.545,4,91,748,0,1220,1148,23.52
1790533647.635,4,93,745,0,1205,1158,23.12
1790533647.730,4,93,727,0,1196,1163,23.67
1790533647.821,4,92,716,0,1191,1165,24.02
1790533647.911,4,91,704,0,1190,1118,23.58
1790533648.003,4,91,698,0,1201,1114,24.32
1790533648.098,4,92,700,0,1205,1084,23.76
1790533648.199,4,92,708,0,1201,1084,23.19
1790533648.300,4,93,718,0,1199,1084,22.63
1790533648.397,4,93,726,0,1198,1084,22.21
1790533648.493,4,94,738,0,1200,1082,21.70
1790533648.592,4,94,749,0,1205,1082,21.41
1790533648.685,4,93,760,0,1217,1082,21.46
1790533648.779,4,93,766,0,1223,1081,21.44
1790533648.873,4,93,773,0,1232,1081,21.54
1790533648.965,4,93,780,0,1239,1081,21.54
1790533649.056,4,94,786,0,1246,1080,21.56
1790533649.150,4,94,790,0,1250,1080,21.56
1790533649.246,4,94,794,0,1254,1081,21.58
1790533649.346,4,94,795,0,1255,1081,21.58
1790533649.439,4,94,799,0,1259,1081,21.58
1790533649.531,4,94,802,0,1264,1081,21.68
1790533649.618,4,94,802,0,1264,1081,21.68
1790533649.719,4,94,803,0,1265,1080,21.66
1790533649.808,4,94,804,0,1266,1081,21.68
1790533649.899,4,94,804,0,1266,1081,21.68
1790533649.991,4,94,803,0,1265,1081,21.68
1790533650.086,4,94,802,0,1265,1081,21.72
1790533650.183,4,94,801,0,1264,1080,21.70
1790533650.281,4,94,799,0,1264,1080,21.80
1790533650.390,4,94,798,0,1263,1080,21.80
1790533650.482,4,94,797,0,1262,1080,21.80
1790533650.579,4,93,788,0,1253,1079,21.78
1790533650.680,4,92,775,0,1240,1080,21.80
1790533650.773,4,93,752,0,1215,1081,21.72
1790533650.872,4,94,729,0,1192,1081,21.72
1790533650.977,4,93,706,0,1173,1081,21.91
1790533651.073,4,94,687,0,1152,1084,21.88
1790533651.166,4,94,673,0,1140,1085,21.99
1790533651.259,4,92,650,0,1117,1087,22.03
1790533651.350,4,92,626,0,1097,1088,22.24
1790533651.443,4,93,597,0,1069,1088,22.29
1790533651.540,4,94,560,0,1033,1090,22.38
1790533651.640,4,93,530,0,1005,1092,22.51
1790533651.741,4,93,476,0,959,1096,22.98
1790533651.841,4,94,419,0,911,1102,23.53
1790533651.935,4,93,380,0,879,1107,23.98
1790533652.041,4,93,321,0,830,1114,24.61
1790533652.134,4,93,258,0,783,1121,25.54
1790533652.228,4,93,196,0,733,1133,26.41
1790533652.327,4,93,152,0,699,1141,27.09
1790533652.414,4,93,80,0,648,1151,28.38
1790533652.502,4,92,7,0,595,1163,29.68
1790533652.595,4,93,0,0,540,1177,27.59
1790533652.686,4,92,0,0,496,1190,25.62
1790533652.774,4,92,0,0,430,1198,22.36
1790533652.868,4,92,0,0,361,1164,18.24
1790533652.960,4,91,0,0,315,1168,15.97
1790533653.048,4,85,0,0,238,1180,12.19
1790533653.133,4,82,0,0,182,1184,9.35
1790533653.219,4,53,0,5,131,635,3.58
1790533653.307,4,53,0,0,45,643,1.26
1790533653.405,4,53,0,0,45,643,1.26
1790533681.653,5,78,0,0,224,1200,11.67
1790533681.736,5,82,0,0,276,1200,14.38
1790533681.819,5,81,0,0,316,1200,16.46
1790533681.901,5,93,0,0,504,1200,26.25
1790533681.982,5,94,0,0,510,1200,26.56
1790533682.067,5,94,0,0,509,1200,26.51
1790533682.148,6,93,0,0,548,1200,28.54
1790533682.148,5,94,0,0,488,1200,25.42
1790533682.235,6,95,0,0,594,1200,30.94
1790533682.235,5,94,0,0,488,1200,25.42
1790533682.316,6,95,0,0,644,1200,33.54
1790533682.316,5,94,0,0,488,1200,25.42
1790533682.400,6,94,0,0,669,1200,34.84
1790533682.400,5,94,0,0,488,1200,25.42
1790533682.481,6,95,0,0,695,1200,36.20
1790533682.481,5,94,0,0,488,1200,25.42
1790533682.585,6,94,0,0,695,1200,36.20
1790533682.585,5,94,0,0,488,1200,25.42
1790533682.670,5,94,21,0,731,1200,36.98
1790533682.755,5,94,65,0,742,1200,35.26
1790533682.846,5,92,123,0,752,1200,32.76
1790533682.927,5,93,164,0,770,1200,31.56
1790533683.007,5,93,189,0,777,1200,30.62
1790533683.090,5,93,231,0,794,1200,29.32
1790533683.169,5,94,265,0,807,1200,28.23
1790533683.251,5,89,306,0,827,1200,27.14
1790533683.335,5,90,334,0,844,1200,26.56
1790533683.416,5,89,363,0,864,1155,25.12
1790533683.495,5,93,409,0,893,1103,23.17
1790533683.574,5,93,409,0,893,1103,23.17
1790533683.655,5,94,427,0,901,1106,22.75
1790533683.740,5,93,451,0,914,1110,22.31
1790533683.819,5,93,471,0,919,1114,21.66
1790533683.904,5,93,486,0,921,1080,20.39
1790533683.983,5,93,501,0,924,1082,19.86
1790533684.064,5,92,513,0,926,1029,18.45
1790533684.142,5,90,528,0,926,1028,17.76
1790533684.222,5,90,542,0,927,1027,17.16
1790533684.305,5,91,555,0,927,1027,16.58
1790533684.382,5,90,580,0,932,1025,15.66
1790533684.467,5,89,595,0,961,998,15.85
1790533684.546,5,91,626,0,981,997,15.36
1790533684.630,5,91,643,6,993,946,14.28
1790533684.713,5,91,662,6,1000,945,13.78
1790533684.796,5,91,693,35,1019,946,12.89
1790533684.877,5,90,709,35,1025,946,12.49
1790533684.959,5,91,735,36,1034,947,11.82
1790533685.045,5,91,726,38,1017,945,11.46
1790533685.126,5,92,709,68,1013,903,11.02
1790533685.208,5,92,709,68,1013,903,11.02
1790533685.296,5,93,725,69,1014,904,10.47
1790533685.380,5,91,746,69,1019,902,9.87
1790533685.464,5,93,759,100,1030,901,9.42
1790533685.544,5,93,761,98,1038,901,9.65
1790533685.627,5,93,760,101,1040,900,9.71
1790533685.710,5,92,760,101,1042,899,9.77
1790533685.791,5,92,758,104,1041,865,9.35
1790533685.878,5,92,759,105,1039,865,9.24
1790533685.969,5,92,759,134,1039,863,8.86
1790533686.055,5,92,761,132,1040,861,8.83
1790533686.134,5,92,769,134,1042,834,8.29
1790533686.218,5,91,775,135,1043,834,8.13
1790533686.300,5,91,780,137,1044,836,8.01
1790533686.385,5,91,788,163,1049,834,7.60
1790533686.470,5,91,791,162,1050,834,7.55
1790533686.549,5,92,792,163,1053,836,7.62
1790533686.630,5,92,795,165,1051,838,7.48
1790533686.711,5,91,795,164,1050,836,7.44
1790533686.793,5,91,796,166,1050,808,7.08
1790533686.874,5,92,795,167,1048,809,7.05
1790533686.957,5,92,796,169,1043,814,6.91
1790533687.038,5,92,793,170,1036,813,6.78
1790533687.118,5,92,793,170,1036,813,6.78
1790533687.199,5,93,792,172,1032,815,6.70
1790533687.283,5,92,793,173,1032,815,6.66
1790533687.370,5,92,794,177,1031,818,6.59
1790533687.458,5,92,795,176,1032,817,6.59
1790533687.542,5,91,797,177,1031,817,6.50
1790533687.626,5,91,806,204,1037,813,6.11
1790533687.710,5,91,806,204,1037,813,6.11
1790533687.794,5,90,819,198,1050,810,6.14
1790533687.875,5,90,829,197,1059,809,6.11
1790533687.958,5,90,829,197,1059,809,6.11
1790533688.044,5,90,834,198,1063,810,6.08
1790533688.125,5,90,837,198,1066,780,5.78
1790533688.209,5,90,840,195,1068,780,5.79
1790533688.293,5,90,842,194,1069,779,5.76
1790533688.375,5,91,844,193,1067,780,5.68
1790533688.460,5,90,845,194,1067,779,5.64
1790533688.542,5,91,845,191,1065,778,5.61
1790533688.627,5,91,845,190,1065,777,5.61
1790533688.708,5,91,846,193,1065,778,5.56
1790533688.791,5,91,847,190,1064,777,5.53
1790533688.875,5,91,847,190,1064,777,5.53
1790533688.956,5,91,848,191,1065,776,5.51
1790533689.038,5,91,849,194,1065,779,5.48
1790533689.121,5,91,848,192,1065,774,5.48
1790533689.199,5,91,849,190,1068,773,5.54
1790533689.281,5,91,849,191,1068,773,5.53
1790533689.370,5,91,849,191,1068,773,5.53
1790533689.454,5,90,853,189,1073,772,5.57
1790533689.540,5,91,856,188,1078,771,5.62
1790533689.626,5,91,857,188,1082,771,5.69
1790533689.711,5,91,859,186,1084,771,5.71
1790533689.796,5,91,862,184,1087,769,5.71
1790533689.880,5,91,865,182,1090,769,5.73
1790533689.973,5,92,865,183,1088,770,5.68
1790533690.058,5,92,868,183,1090,771,5.67
1790533690.179,5,91,869,183,1092,773,5.71
1790533690.265,5,91,870,186,1095,776,5.76
1790533690.350,5,91,870,185,1095,776,5.77
1790533690.435,5,91,870,186,1097,777,5.82
1790533690.523,5,91,872,187,1097,779,5.78
1790533690.613,5,92,871,186,1096,779,5.79
1790533690.697,5,91,871,184,1098,778,5.85
1790533690.786,5,90,872,186,1097,781,5.81
1790533690.875,5,92,869,183,1097,783,5.94
1790533690.962,5,91,869,183,1099,783,5.99
1790533691.052,5,91,868,183,1099,785,6.04
1790533691.136,5,91,868,182,1101,788,6.13
1790533691.223,5,91,868,182,1101,788,6.13
1790533691.307,5,91,868,184,1102,793,6.19
1790533691.396,5,91,867,180,1104,792,6.30
1790533691.480,5,90,868,183,1103,796,6.25
1790533691.565,5,90,868,184,1103,800,6.28
1790533691.653,5,90,868,183,1103,801,6.30
1790533691.738,5,90,868,183,1105,802,6.37
1790533691.818,5,91,867,184,1107,808,6.50
1790533691.903,5,90,867,184,1108,809,6.54
1790533691.986,5,90,867,185,1109,813,6.60
1790533692.067,5,90,868,185,1110,815,6.62
1790533692.145,5,91,867,181,1112,816,6.75
1790533692.232,5,90,866,181,1112,819,6.81
1790533692.315,5,90,867,182,1111,822,6.78
1790533692.400,7,66,119,192,244,807,3.34
1790533692.400,5,91,867,179,1112,822,6.84
1790533692.488,7,73,104,187,237,812,3.61
1790533692.488,5,91,867,178,1113,825,6.91
1790533692.577,7,67,93,185,224,816,3.59
1790533692.577,5,91,866,176,1115,827,7.04
1790533692.659,7,67,86,181,215,819,3.57
1790533692.659,5,91,865,174,1116,828,7.12
1790533692.746,7,67,82,180,209,821,3.53
1790533692.746,5,91,866,175,1118,832,7.19
1790533692.833,7,67,82,180,209,821,3.53
1790533692.833,5,91,865,171,1119,832,7.29
1790533692.916,7,67,82,180,209,821,3.53
1790533692.916,5,91,862,169,1119,833,7.41
1790533693.000,7,67,82,180,209,821,3.53
1790533693.000,5,91,860,168,1119,837,7.52
1790533693.083,7,67,82,180,209,821,3.53
1790533693.083,5,91,860,164,1123,838,7.69
1790533693.166,7,67,82,180,209,821,3.53
1790533693.166,5,91,860,163,1124,839,7.75
1790533693.249,7,67,82,180,209,821,3.53
1790533693.249,5,91,858,161,1124,839,7.83
1790533693.335,7,67,82,180,209,821,3.53
1790533693.335,5,92,859,156,1125,841,7.91
1790533693.416,7,67,82,180,209,821,3.53
1790533693.416,5,91,858,155,1125,842,7.96
1790533693.504,7,67,82,180,209,821,3.53
1790533693.504,5,91,858,153,1125,844,8.01
1790533693.587,7,67,82,180,209,821,3.53
1790533693.587,5,91,858,150,1126,846,8.10
1790533693.670,7,67,82,180,209,821,3.53
1790533693.670,5,91,857,149,1127,848,8.19
1790533693.757,7,67,82,180,209,821,3.53
1790533693.757,5,91,857,146,1128,849,8.27
1790533693.844,7,67,82,180,209,821,3.53
1790533693.844,5,91,856,143,1129,851,8.39
1790533693.928,7,67,82,180,209,821,3.53
1790533693.928,5,91,854,142,1129,854,8.50
1790533694.017,7,67,82,180,209,821,3.53
1790533694.017,5,91,853,137,1131,857,8.69
1790533694.101,7,67,82,180,209,821,3.53
1790533694.101,5,91,853,137,1131,857,8.69
1790533694.184,7,67,82,180,209,821,3.53
1790533694.184,5,91,853,136,1132,859,8.76
1790533694.273,7,67,82,180,209,821,3.53
1790533694.273,5,91,852,134,1132,863,8.86
1790533694.357,7,67,82,180,209,821,3.53
1790533694.357,5,91,852,133,1133,865,8.93
1790533694.438,7,67,82,180,209,821,3.53
1790533694.438,5,92,853,129,1136,867,9.06
1790533694.524,7,67,82,180,209,821,3.53
1790533694.524,5,92,850,128,1138,869,9.26
1790533694.609,7,67,82,180,209,821,3.53
1790533694.609,5,92,851,125,1141,872,9.40
1790533694.694,7,67,82,180,209,821,3.53
1790533694.694,5,92,852,123,1142,873,9.44
1790533694.782,7,67,82,180,209,821,3.53
1790533694.782,5,92,850,123,1142,879,9.58
1790533694.865,5,92,849,122,1143,881,9.69
1790533694.950,5,92,850,121,1147,886,9.86
1790533695.036,5,92,847,118,1146,888,9.99
1790533695.121,5,91,847,117,1147,891,10.08
1790533695.202,5,92,848,114,1148,894,10.16
1790533695.287,5,92,846,113,1147,897,10.24
1790533695.373,5,92,846,109,1147,900,10.33
1790533695.456,5,92,845,107,1148,902,10.46
1790533695.541,5,92,843,103,1148,906,10.63
1790533695.626,5,92,844,98,1150,906,10.73
1790533695.714,5,92,843,92,1154,909,11.03
1790533695.801,5,92,841,92,1154,912,11.14
1790533695.885,5,92,842,84,1156,913,11.30
1790533695.971,5,92,843,80,1159,915,11.45
1790533696.057,5,92,841,78,1159,919,11.61
1790533696.145,5,93,842,74,1161,919,11.70
1790533696.247,5,92,841,69,1164,922,11.96
1790533696.332,5,92,840,69,1165,925,12.07
1790533696.417,5,93,841,63,1167,928,12.24
1790533696.500,5,92,841,61,1169,930,12.37
1790533696.585,5,92,841,60,1171,933,12.50
1790533696.678,5,92,842,53,1173,934,12.66
1790533696.765,5,92,841,47,1177,936,12.96
1790533696.857,5,92,841,44,1179,941,13.16
1790533696.940,5,91,842,39,1182,941,13.31
1790533697.029,5,92,843,32,1185,947,13.58
1790533697.112,5,93,844,30,1187,949,13.68
1790533697.202,5,92,843,25,1190,951,13.95
1790533697.284,5,92,843,25,1190,951,13.95
1790533697.374,5,92,840,21,1191,957,14.26
1790533697.458,5,91,840,19,1192,959,14.36
1790533697.542,5,91,837,10,1194,967,14.83
1790533697.624,5,91,837,10,1194,967,14.83
1790533697.707,5,92,836,4,1196,968,15.06
1790533697.793,5,92,834,0,1197,972,15.31
1790533697.878,5,91,834,0,1197,977,15.39
1790533697.960,5,92,834,0,1199,978,15.49
1790533698.041,5,92,832,0,1205,983,15.91
1790533698.124,5,92,832,0,1207,986,16.05
1790533698.204,5,92,830,0,1211,990,16.37
1790533698.285,5,91,828,0,1212,991,16.52
1790533698.374,5,92,826,0,1215,999,16.87
1790533698.462,5,92,824,0,1217,1001,17.07
1790533698.544,5,92,822,0,1219,1007,17.35
1790533698.629,5,92,822,0,1219,1007,17.35
1790533698.714,5,92,819,0,1219,1010,17.53
1790533698.798,5,91,816,0,1223,1015,17.93
1790533698.886,5,92,816,0,1224,1017,18.01
1790533698.972,5,92,814,0,1228,1026,18.44
1790533699.058,5,91,811,0,1230,1030,18.73
1790533699.143,5,91,811,0,1231,1035,18.87
1790533699.223,5,92,810,0,1235,1037,19.13
1790533699.305,5,92,810,0,1235,1037,19.13
1790533699.388,5,92,807,0,1239,1047,19.63
1790533699.469,5,93,807,0,1241,1049,19.76
1790533699.549,5,93,807,0,1241,1049,19.76
1790533699.640,5,93,806,0,1243,1054,19.99
1790533699.732,5,93,805,0,1248,1059,20.36
1790533699.815,5,92,806,0,1253,1065,20.66
1790533699.899,5,92,806,0,1256,1070,20.90
1790533699.982,5,92,806,0,1261,1078,21.29
1790533700.063,5,90,808,0,1265,1082,21.46
1790533700.153,5,92,810,0,1269,1089,21.69
1790533700.250,5,93,816,0,1279,1097,22.04
1790533700.338,5,92,817,0,1285,1101,22.36
1790533700.425,5,92,820,0,1294,1108,22.79
1790533700.517,5,92,818,0,1299,1111,23.19
1790533700.603,5,93,820,0,1300,1115,23.23
1790533700.694,5,91,824,0,1303,1123,23.35
1790533700.778,5,91,825,0,1300,1129,23.28
1790533700.870,5,90,824,0,1297,1134,23.28
1790533700.960,5,92,821,0,1291,1142,23.30
1790533701.058,5,92,818,0,1285,1148,23.27
1790533701.145,5,93,816,0,1276,1153,23.02
1790533701.235,5,92,814,0,1270,1117,22.11
1790533701.326,5,91,816,0,1265,1120,21.83
1790533701.416,5,92,817,0,1263,1098,21.25
1790533701.505,5,91,818,0,1263,1100,21.25
1790533701.591,5,92,818,0,1263,1106,21.36
1790533701.676,5,91,821,0,1264,1080,20.77
1790533701.767,5,92,822,0,1263,1080,20.67
1790533701.861,5,92,826,0,1267,1085,20.77
1790533701.950,5,92,830,0,1271,1085,20.77
1790533702.042,5,92,832,0,1276,1090,21.01
1790533702.136,5,92,837,0,1280,1091,20.98
1790533702.222,5,92,845,0,1282,1097,20.81
1790533702.319,5,92,848,0,1282,1097,20.66
1790533702.403,5,92,857,0,1282,1068,19.70
1790533702.485,5,92,857,0,1282,1068,19.70
1790533702.570,5,93,860,0,1280,1071,19.52
1790533702.660,5,92,864,0,1281,1066,19.29
1790533702.745,5,93,863,0,1280,1067,19.31
1790533702.846,5,92,863,0,1277,1070,19.23
1790533702.940,5,92,863,0,1276,1037,18.59
1790533703.023,5,92,860,0,1273,1040,18.64
1790533703.106,5,92,858,0,1269,1047,18.68
1790533703.190,5,92,855,0,1266,1048,18.69
1790533703.272,5,92,852,0,1259,1049,18.53
1790533703.355,5,93,852,0,1254,1050,18.32
1790533703.443,5,93,848,0,1249,1050,18.27
1790533703.537,5,93,848,0,1246,1025,17.71
1790533703.633,5,92,849,0,1244,1025,17.57
1790533703.719,5,92,849,0,1242,1027,17.52
1790533703.805,5,92,850,0,1241,1024,17.38
1790533703.901,5,93,853,0,1242,1024,17.29
1790533703.986,5,93,855,0,1242,1025,17.22
1790533704.077,5,92,857,0,1242,1023,17.09
1790533704.166,5,92,859,0,1242,1022,16.99
1790533704.249,5,92,865,0,1244,1022,16.81
1790533704.327,5,92,872,0,1246,1023,16.61
1790533704.411,5,92,876,0,1249,1023,16.56
1790533704.497,5,92,882,0,1251,999,16.00
1790533704.581,5,93,881,0,1248,1001,15.94
1790533704.663,5,92,881,0,1247,1001,15.90
1790533704.743,5,92,879,0,1245,1000,15.89
1790533704.823,5,93,870,0,1241,975,15.70
1790533704.910,5,93,870,0,1241,975,15.70
1790533705.001,5,92,864,0,1235,978,15.75
1790533705.084,5,92,860,0,1229,982,15.73
1790533705.173,5,91,845,0,1218,983,15.91
1790533705.256,5,92,834,0,1206,987,15.94
1790533705.342,5,92,819,0,1191,991,16.00
1790533705.423,5,92,808,0,1187,992,16.32
1790533705.509,5,92,792,0,1190,993,17.15
1790533705.593,5,93,783,0,1195,992,17.74
1790533705.677,5,93,776,0,1198,992,18.17
1790533705.764,5,93,769,0,1190,994,18.16
1790533705.849,5,92,769,0,1174,993,17.46
1790533705.930,5,92,768,0,1146,997,16.36
1790533706.012,5,92,769,0,1134,998,15.81
1790533706.094,5,92,768,0,1130,1000,15.71
1790533706.176,5,92,769,0,1143,1004,16.30
1790533706.256,5,91,770,0,1142,1007,16.26
1790533706.341,5,92,773,0,1144,1010,16.26
1790533706.420,5,91,778,0,1149,1012,16.30
1790533706.501,5,91,782,0,1155,1016,16.45
1790533706.586,5,91,787,0,1161,1019,16.54
1790533706.671,5,91,789,0,1164,1021,16.62
1790533706.750,5,92,793,0,1168,1024,16.67
1790533706.830,5,91,796,0,1171,1026,16.70
1790533706.919,5,91,796,0,1171,1027,16.72
1790533706.995,5,91,799,0,1174,998,16.24
1790533707.077,5,91,799,0,1174,1000,16.28
1790533707.163,5,91,797,0,1172,1002,16.31
1790533707.247,5,92,795,0,1169,1005,16.31
1790533707.332,5,92,793,0,1168,1005,16.36
1790533707.418,5,92,790,0,1165,1008,16.41
1790533707.506,5,92,787,0,1159,1009,16.29
1790533707.590,5,92,783,1,1154,1010,16.25
1790533707.681,5,91,783,2,1149,1011,16.03
1790533707.785,5,91,784,5,1145,978,15.25
1790533707.875,5,91,785,5,1144,980,15.19
1790533707.966,5,91,785,5,1140,982,15.05
1790533708.064,5,92,787,4,1140,985,15.03
1790533708.151,5,92,789,4,1141,983,14.96
1790533708.245,5,92,793,6,1145,985,14.96
1790533708.327,5,92,797,5,1150,983,14.98
1790533708.412,5,92,801,5,1154,983,14.98
1790533708.496,5,91,810,2,1164,986,15.12
1790533708.581,5,91,816,1,1171,986,15.18
1790533708.665,5,90,826,0,1181,987,15.21
1790533708.752,5,91,830,0,1190,987,15.42
1790533708.837,5,91,838,0,1195,987,15.29
1790533708.926,5,91,840,0,1199,987,15.38
1790533709.009,5,91,842,1,1201,962,14.97
1790533709.109,5,91,840,3,1200,965,15.03
1790533709.202,5,91,839,0,1200,964,15.10
1790533709.290,5,91,839,1,1199,964,15.05
1790533709.376,5,91,839,1,1198,964,15.01
1790533709.464,5,92,837,0,1191,964,14.81
1790533709.551,5,92,833,0,1185,963,14.71
1790533709.638,5,92,825,2,1176,967,14.70
1790533709.726,5,93,820,0,1170,966,14.67
1790533709.821,5,92,815,0,1164,969,14.68
1790533709.905,5,92,813,0,1163,970,14.74
1790533709.994,5,92,812,0,1161,971,14.71
1790533710.087,5,92,813,0,1163,970,14.74
1790533710.179,5,92,814,0,1164,970,14.74
1790533710.268,5,92,817,0,1168,947,14.43
1790533710.361,5,92,822,0,1176,951,14.61
1790533710.447,5,91,828,0,1182,953,14.64
1790533710.536,5,92,833,0,1194,957,14.99
1790533710.620,5,91,835,0,1200,961,15.22
1790533710.711,5,91,840,0,1206,965,15.33
1790533710.795,5,91,843,0,1212,970,15.54
1790533710.882,5,91,846,0,1215,975,15.62
1790533710.969,5,91,848,0,1219,979,15.76
1790533711.052,5,91,849,0,1222,980,15.87
1790533711.133,5,92,855,0,1229,985,15.99
1790533711.229,5,92,858,0,1231,989,16.01
1790533711.320,5,92,861,0,1235,988,16.04
1790533711.406,5,91,862,0,1237,990,16.11
1790533711.491,5,91,857,0,1233,990,16.16
1790533711.577,5,92,850,0,1228,992,16.27
1790533711.670,5,92,846,0,1220,992,16.10
1790533711.760,5,91,839,0,1211,994,16.05
1790533711.845,5,91,835,0,1201,995,15.81
1790533711.930,5,92,828,0,1190,993,15.60
1790533712.011,5,92,822,0,1175,955,14.63
1790533712.093,5,92,820,0,1175,953,14.68
1790533712.173,5,93,819,0,1173,952,14.63
1790533712.268,5,93,821,4,1174,952,14.52
1790533712.354,5,93,826,6,1177,951,14.40
1790533712.444,5,92,831,6,1181,949,14.33
1790533712.529,5,92,838,7,1185,949,14.19
1790533712.619,5,93,845,11,1187,950,13.94
1790533712.704,5,92,852,10,1193,950,13.91
1790533712.794,5,92,857,15,1196,953,13.80
1790533712.875,5,91,864,17,1197,953,13.53
1790533712.960,5,91,868,21,1195,926,12.84
1790533713.052,5,91,871,22,1195,929,12.75
1790533713.139,5,91,870,24,1193,930,12.70
1790533713.223,5,91,867,27,1190,931,12.67
1790533713.312,5,91,863,26,1184,930,12.59
1790533713.402,5,91,856,29,1180,931,12.68
1790533713.486,5,91,850,65,1169,929,11.96
1790533713.572,5,92,844,63,1162,927,11.93
1790533713.653,5,92,837,68,1150,902,11.33
1790533713.736,5,91,831,69,1142,904,11.27
1790533713.820,5,91,824,67,1133,904,11.23
1790533713.907,5,91,820,67,1127,904,11.15
1790533713.994,5,91,816,70,1122,904,11.08
1790533714.079,5,89,814,68,1117,905,11.01
1790533714.166,5,90,813,67,1114,902,10.91
1790533714.252,5,90,812,70,1112,907,10.90
1790533714.336,5,90,814,70,1114,907,10.90
1790533714.421,5,90,815,71,1115,905,10.86
1790533714.504,5,90,815,72,1115,906,10.86
1790533714.586,5,90,815,98,1117,905,10.58
1790533714.665,5,91,812,96,1115,904,10.63
1790533714.749,5,90,810,97,1111,878,10.20
1790533714.839,5,91,808,96,1105,880,10.11
1790533714.923,5,92,804,95,1101,880,10.12
1790533715.009,5,91,798,96,1092,882,10.03
1790533715.097,5,91,794,95,1085,881,9.93
1790533715.182,5,91,789,96,1078,882,9.86
1790533715.265,5,91,782,98,1069,884,9.79
1790533715.349,5,91,776,98,1063,883,9.78
1790533715.436,5,90,768,99,1055,882,9.75
1790533715.523,5,90,766,104,1049,857,9.25
1790533715.610,5,90,766,106,1046,857,9.13
1790533715.699,5,91,765,106,1045,857,9.13
1790533715.783,5,91,767,109,1046,859,9.08
1790533715.870,5,90,769,112,1052,860,9.19
1790533715.952,5,90,776,111,1065,860,9.40
1790533716.036,5,90,781,112,1072,859,9.43
1790533716.119,5,90,795,113,1080,861,9.25
1790533716.210,5,91,806,115,1085,862,9.05
1790533716.292,5,92,819,115,1095,864,8.97
1790533716.385,5,90,824,116,1101,863,8.98
1790533716.476,5,90,827,117,1112,865,9.25
1790533716.565,5,92,825,119,1118,866,9.50
1790533716.646,5,92,821,119,1126,867,9.90
1790533716.729,5,91,826,122,1127,868,9.75
1790533716.815,5,91,843,123,1124,869,9.10
1790533716.904,5,91,850,124,1121,869,8.76
1790533716.989,5,91,852,126,1118,870,8.59
1790533717.076,5,90,850,129,1115,872,8.55
1790533717.157,5,91,845,156,1109,869,8.17
1790533717.245,5,90,842,157,1107,870,8.20
1790533717.328,5,90,839,157,1105,871,8.24
1790533717.420,5,90,839,156,1105,871,8.25
1790533717.509,5,91,839,156,1105,871,8.25
1790533717.593,5,91,839,159,1105,847,7.94
1790533717.681,5,91,844,159,1105,849,7.82
1790533717.763,5,92,848,156,1106,851,7.78
1790533717.847,5,92,851,156,1109,852,7.79
1790533717.929,5,92,859,155,1117,853,7.82
1790533718.012,5,92,868,155,1127,854,7.86
1790533718.098,5,92,874,156,1133,856,7.87
1790533718.189,5,91,879,157,1138,857,7.87
1790533718.284,5,92,884,156,1143,857,7.88
1790533718.366,5,92,886,156,1144,857,7.85
1790533718.455,5,92,888,157,1146,859,7.86
1790533718.547,5,92,889,154,1147,859,7.89
1790533718.634,5,92,888,152,1149,859,8.01
1790533718.720,5,92,886,150,1150,859,8.12
1790533718.807,5,92,885,148,1150,858,8.17
1790533718.889,5,92,883,148,1149,860,8.22
1790533718.973,5,92,882,147,1147,860,8.20
1790533719.058,5,92,879,144,1146,861,8.31
1790533719.147,5,92,878,146,1146,863,8.34
1790533719.246,5,92,876,144,1145,866,8.43
1790533719.332,5,91,873,140,1144,865,8.53
1790533719.425,5,92,870,141,1145,868,8.68
1790533719.521,5,91,868,139,1145,871,8.80
1790533719.617,5,91,866,134,1144,870,8.88
1790533719.712,5,92,865,133,1144,874,8.97
1790533719.798,5,92,864,130,1144,875,9.05
1790533719.889,5,92,861,123,1144,872,9.20
1790533719.982,5,92,860,122,1145,873,9.29
1790533720.070,5,92,859,117,1146,875,9.44
1790533720.162,5,92,857,114,1146,876,9.56
1790533720.250,5,92,856,110,1146,878,9.67
1790533720.353,5,92,856,109,1146,880,9.70
1790533720.439,5,92,851,104,1145,884,9.95
1790533720.522,5,92,851,104,1145,884,9.95
1790533720.608,5,92,851,103,1146,888,10.05
1790533720.694,5,92,850,100,1147,891,10.20
1790533720.780,5,92,847,99,1146,894,10.32
1790533720.866,5,93,848,99,1149,897,10.43
1790533720.958,5,93,846,94,1149,900,10.60
1790533721.046,5,93,844,92,1148,901,10.67
1790533721.135,5,93,845,84,1150,903,10.84
1790533721.221,5,93,845,84,1150,903,10.84
1790533721.314,8,92,844,87,1149,902,10.79
1790533721.314,5,93,844,79,1151,906,11.02
1790533721.403,5,93,844,78,1155,909,11.22
1790533721.488,5,93,845,74,1157,911,11.33
1790533721.575,5,93,846,70,1161,914,11.54
1790533721.662,5,92,849,71,1164,920,11.61
1790533721.746,5,92,850,68,1167,922,11.75
1790533721.835,5,92,851,67,1170,926,11.89
1790533721.921,5,92,852,69,1171,933,11.96
1790533722.009,5,92,851,64,1175,934,12.23
1790533722.093,5,92,850,63,1175,938,12.34
1790533722.178,5,94,851,61,1179,940,12.51
1790533722.258,5,93,850,60,1180,945,12.68
1790533722.343,5,93,849,53,1180,944,12.80
1790533722.428,5,93,847,49,1183,950,13.14
1790533722.511,5,93,845,45,1183,951,13.29
1790533722.597,5,93,842,38,1184,953,13.58
1790533722.682,5,92,843,36,1186,955,13.68
1790533722.768,5,92,841,30,1188,959,13.99
1790533722.853,5,92,838,22,1189,962,14.32
1790533722.942,5,92,838,19,1190,966,14.47
1790533723.031,5,93,836,12,1191,969,14.75
1790533723.116,5,93,835,7,1192,971,14.94
1790533723.199,5,92,833,2,1193,974,15.19
1790533723.281,5,92,831,0,1194,979,15.42
1790533723.361,5,92,830,0,1196,979,15.55
1790533723.448,5,92,831,0,1197,978,15.54
1790533723.532,5,92,832,0,1199,982,15.64
1790533723.616,5,92,834,0,1200,981,15.58
1790533723.702,5,91,843,0,1205,981,15.41
1790533723.788,5,91,843,0,1205,981,15.41
1790533723.870,5,91,846,0,1206,982,15.34
1790533723.953,5,91,841,0,1206,982,15.56
1790533724.039,5,91,827,0,1206,981,16.14
1790533724.133,5,92,807,0,1205,980,16.93
1790533724.223,5,92,792,0,1202,980,17.44
1790533724.310,5,93,785,0,1196,979,17.46
1790533724.398,5,93,786,2,1191,979,17.17
1790533724.483,5,92,790,34,1179,976,15.90
1790533724.567,5,92,802,39,1156,975,14.38
1790533724.652,5,92,802,39,1156,975,14.38
1790533724.742,5,93,809,44,1146,971,13.56
1790533724.830,5,90,814,49,1140,940,12.61
1790533724.918,5,90,814,52,1139,940,12.53
1790533725.001,5,90,819,57,1135,938,12.08
1790533725.087,5,91,828,87,1132,932,11.15
1790533725.173,5,90,831,88,1132,930,11.00
1790533725.262,5,90,834,91,1134,928,10.90
1790533725.344,5,91,842,124,1132,922,10.04
1790533725.423,5,91,848,125,1129,920,9.70
1790533725.506,5,90,850,126,1127,917,9.51
1790533725.590,5,91,852,130,1125,889,8.99
1790533725.675,5,91,852,130,1125,889,8.99
1790533725.766,5,90,848,134,1118,887,8.82
1790533725.852,5,90,848,134,1118,887,8.82
1790533725.940,5,91,844,135,1114,885,8.79
1790533726.024,5,91,836,139,1104,851,8.28
1790533726.108,5,92,830,140,1096,851,8.21
1790533726.190,5,91,817,142,1085,852,8.26
1790533726.272,5,90,803,144,1070,852,8.20
1790533726.359,5,90,786,148,1059,851,8.33
1790533726.440,5,90,786,148,1059,851,8.33
1790533726.526,5,90,782,149,1063,851,8.56
1790533726.609,5,90,781,150,1059,850,8.45
1790533726.698,5,91,783,151,1054,849,8.21
1790533726.787,5,92,789,153,1052,849,7.94
1790533726.872,5,92,798,156,1057,846,7.76
1790533726.958,5,92,798,156,1057,846,7.76
1790533727.041,5,92,804,157,1065,845,7.79
1790533727.125,5,92,804,157,1065,845,7.79
1790533727.207,5,91,812,158,1087,844,8.19
1790533727.289,5,92,801,159,1149,844,10.35
1790533727.369,5,93,769,160,1218,843,13.31
1790533727.449,5,95,774,162,1253,843,14.16
1790533727.532,5,93,823,164,1261,842,12.89
1790533727.613,5,93,823,164,1261,842,12.89
1790533727.695,5,92,843,165,1255,841,12.09
1790533727.776,5,90,907,166,1200,841,8.58
1790533727.860,5,92,937,167,1252,840,9.20
1790533727.945,5,91,923,167,1296,839,10.88
1790533728.032,5,91,890,167,1276,839,11.26
1790533728.113,5,90,867,168,1197,839,9.61
1790533728.195,5,90,855,169,1188,838,9.67
1790533728.282,5,90,855,169,1188,838,9.67
1790533728.363,5,91,857,170,1186,837,9.52
1790533728.443,5,93,817,172,1176,837,10.36
1790533728.524,5,93,809,171,1138,837,9.51
1790533728.607,5,92,803,171,1100,838,8.60
1790533728.692,5,92,803,171,1100,838,8.60
1790533728.782,5,90,797,170,1070,839,7.93
1790533728.871,5,90,795,170,1060,839,7.69
1790533728.964,5,89,803,170,1050,839,7.17
1790533729.051,5,90,805,168,1044,839,6.96
1790533729.132,5,90,808,168,1043,839,6.84
1790533729.212,5,90,810,168,1044,839,6.81
1790533729.301,5,90,810,168,1044,839,6.81
1790533729.383,5,90,801,167,1048,840,7.21
1790533729.472,5,89,804,167,1051,839,7.20
1790533729.551,5,89,811,167,1053,839,7.06
1790533729.632,5,88,817,166,1054,839,6.92
1790533729.711,5,88,817,166,1054,839,6.92
1790533729.799,5,89,816,166,1056,840,7.02
1790533729.885,5,88,823,166,1056,840,6.82
1790533729.971,5,87,825,165,1056,840,6.77
1790533730.065,5,88,824,165,1057,840,6.83
1790533730.148,5,89,823,165,1057,840,6.86
1790533730.229,5,89,824,165,1057,840,6.83
1790533730.312,5,89,826,165,1058,840,6.80
1790533730.393,5,89,826,165,1058,840,6.80
1790533730.477,5,89,826,165,1058,840,6.80
1790533730.558,5,89,826,165,1059,840,6.83
1790533730.653,5,89,826,165,1059,840,6.83
1790533730.735,5,89,826,165,1059,840,6.83
1790533730.826,5,89,825,165,1060,840,6.88
1790533730.917,5,89,826,165,1059,840,6.83
1790533731.005,5,89,825,165,1059,840,6.86
1790533731.096,5,89,826,165,1060,840,6.86
1790533731.181,5,88,827,165,1060,840,6.83
1790533731.269,5,89,828,165,1061,840,6.83
1790533731.355,5,89,830,165,1062,840,6.80
1790533731.439,5,89,829,165,1062,840,6.83
1790533731.520,5,89,828,165,1061,840,6.83
1790533731.602,5,89,828,165,1061,840,6.83
1790533731.684,5,88,828,165,1060,840,6.80
1790533731.767,5,89,828,165,1061,841,6.84
1790533731.856,5,89,829,165,1061,841,6.81
1790533731.940,5,88,829,165,1060,840,6.77
1790533732.028,5,88,829,165,1060,840,6.77
1790533732.116,5,88,828,166,1060,841,6.80
1790533732.200,5,89,828,166,1060,840,6.79
1790533732.281,5,88,828,166,1060,840,6.79
1790533732.364,5,89,830,166,1060,840,6.73
1790533732.448,5,89,831,166,1060,840,6.70
1790533732.536,5,89,831,166,1061,840,6.73
1790533732.631,5,89,831,166,1062,841,6.77
1790533732.718,5,89,830,166,1063,840,6.82
1790533732.808,5,89,831,166,1062,841,6.77
1790533732.895,5,90,831,166,1062,841,6.77
1790533732.991,5,90,832,167,1062,841,6.73
1790533733.081,5,90,833,167,1062,841,6.70
1790533733.170,5,90,834,167,1062,840,6.66
1790533733.257,5,90,833,167,1062,841,6.70
1790533733.343,5,90,834,167,1063,841,6.70
1790533733.434,5,90,834,168,1063,841,6.69
1790533733.522,5,90,833,168,1063,841,6.72
1790533733.607,5,90,833,168,1062,841,6.69
1790533733.695,5,90,834,168,1063,841,6.69
1790533733.778,5,89,833,168,1062,841,6.69
1790533733.859,5,90,835,168,1062,841,6.63
1790533733.950,5,90,834,168,1062,840,6.65
1790533734.042,5,89,835,168,1062,840,6.62
1790533734.130,5,90,833,168,1062,840,6.68
1790533734.227,5,89,833,168,1062,840,6.68
1790533734.315,5,90,833,168,1062,840,6.68
1790533734.398,5,89,833,168,1062,840,6.68
1790533734.486,5,89,833,168,1062,840,6.68
1790533734.574,5,90,834,168,1064,840,6.71
1790533734.668,5,90,834,168,1064,840,6.71
1790533734.752,5,89,833,168,1064,840,6.74
1790533734.839,5,89,833,168,1064,840,6.74
1790533734.927,5,90,835,168,1064,840,6.68
1790533735.013,5,90,835,168,1065,840,6.71
1790533735.100,5,90,834,168,1064,840,6.71
1790533735.186,5,90,832,168,1063,840,6.74
1790533735.272,5,89,832,168,1063,840,6.74
1790533735.356,5,90,835,169,1063,840,6.64
1790533735.438,5,90,835,169,1063,840,6.64
1790533735.526,5,90,835,169,1063,840,6.64
1790533735.611,5,90,834,169,1063,841,6.68
1790533735.697,5,90,834,169,1064,840,6.70
1790533735.783,5,90,834,169,1063,840,6.67
1790533735.870,5,90,834,169,1062,840,6.64
1790533735.955,5,90,833,169,1062,841,6.68
1790533736.041,5,90,831,169,1063,841,6.77
1790533736.125,5,90,831,169,1063,840,6.76
1790533736.208,5,90,831,169,1063,841,6.77
1790533736.294,5,89,830,169,1062,840,6.76
1790533736.376,5,89,830,169,1063,840,6.79
1790533736.459,5,89,830,169,1062,840,6.76
1790533736.545,5,89,829,169,1062,840,6.79
1790533736.627,5,88,830,169,1061,841,6.74
1790533736.710,5,89,829,169,1062,841,6.80
1790533736.800,5,89,828,169,1061,841,6.80
1790533736.889,5,89,829,169,1061,841,6.77
1790533736.976,5,89,829,169,1061,841,6.77
1790533737.062,5,89,828,169,1061,841,6.80
1790533737.147,5,89,829,169,1061,840,6.76
1790533737.234,5,89,829,169,1061,840,6.76
1790533737.323,5,89,829,168,1062,841,6.81
1790533737.412,5,89,830,168,1062,840,6.77
1790533737.499,5,89,829,168,1062,841,6.81
1790533737.588,5,89,829,168,1062,840,6.80
1790533737.675,5,89,829,168,1061,840,6.77
1790533737.766,5,90,828,168,1062,840,6.83
1790533737.851,5,89,829,168,1062,840,6.80
1790533737.936,5,90,829,167,1063,840,6.84
1790533738.025,5,90,829,167,1062,840,6.81
1790533738.112,5,90,828,167,1063,840,6.86
1790533738.196,5,90,829,167,1063,840,6.84
1790533738.281,5,90,830,167,1063,840,6.81
1790533738.372,5,89,830,167,1064,840,6.84
1790533738.460,5,89,830,167,1063,840,6.81
1790533738.547,5,90,831,166,1063,840,6.79
1790533738.638,5,89,831,166,1063,840,6.79
1790533738.724,5,90,830,166,1062,840,6.79
1790533738.809,5,90,830,166,1062,840,6.79
1790533738.899,5,90,830,166,1062,840,6.79
1790533738.991,5,89,829,166,1062,841,6.83
1790533739.079,5,90,828,166,1062,840,6.85
1790533739.175,5,89,827,166,1062,840,6.87
1790533739.272,5,90,827,166,1062,840,6.87
1790533739.361,5,89,827,166,1062,840,6.87
1790533739.452,5,90,827,166,1062,841,6.88
1790533739.538,5,90,828,166,1062,841,6.86
1790533739.622,5,89,829,166,1062,841,6.83
1790533739.707,5,89,828,166,1062,840,6.85
1790533739.794,5,88,829,166,1061,841,6.80
1790533739.879,5,88,829,166,1061,840,6.79
1790533739.971,5,89,830,165,1061,841,6.78
1790533740.065,5,90,831,165,1060,841,6.72
1790533740.159,5,90,831,165,1060,841,6.72
1790533740.249,5,90,830,165,1059,841,6.72
1790533740.340,5,90,827,165,1058,841,6.78
1790533740.428,5,90,824,165,1059,841,6.89
1790533740.517,5,91,817,165,1060,840,7.12
1790533740.606,5,91,813,166,1058,841,7.18
1790533740.698,5,92,810,166,1059,841,7.29
1790533740.786,5,91,808,166,1059,841,7.35
1790533740.873,5,91,810,167,1077,841,7.81
1790533740.955,5,91,812,167,1100,841,8.43
1790533741.037,5,90,815,167,1115,841,8.78
1790533741.120,5,90,827,167,1124,841,8.69
1790533741.203,5,91,839,167,1124,841,8.34
1790533741.290,5,91,839,167,1124,841,8.34
1790533741.374,5,90,854,167,1122,841,7.84
1790533741.455,5,89,861,167,1122,841,7.64
1790533741.542,5,89,864,167,1123,840,7.57
1790533741.624,5,89,873,167,1130,840,7.51
1790533741.707,5,89,884,167,1141,840,7.51
1790533741.791,5,88,906,167,1158,840,7.36
1790533741.875,5,87,927,166,1166,841,7.00
1790533741.961,5,88,943,166,1180,841,6.94
1790533742.048,5,88,949,166,1189,841,7.03
1790533742.133,5,90,953,166,1206,842,7.42
1790533742.215,5,89,955,165,1228,842,8.02
1790533742.306,5,90,953,164,1242,843,8.52
1790533742.396,5,91,953,163,1250,844,8.78
1790533742.478,5,91,958,160,1257,845,8.89
1790533742.563,5,90,974,159,1266,846,8.71
1790533742.648,5,88,1015,157,1276,846,7.81
1790533742.731,5,89,1030,156,1279,847,7.47
1790533742.820,5,88,1050,151,1328,849,8.42
1790533742.904,5,88,1050,151,1328,849,8.42
1790533742.986,5,90,1054,149,1381,850,9.95
1790533743.070,5,91,1058,147,1398,852,10.40
1790533743.153,5,92,1065,144,1405,853,10.46
1790533743.236,5,92,1066,143,1404,855,10.45
1790533743.325,5,91,1066,141,1403,856,10.46
1790533743.411,5,90,1071,107,1400,862,10.78
1790533743.497,5,93,1086,107,1401,863,10.34
1790533743.585,5,90,1121,106,1408,864,9.44
1790533743.675,5,92,1137,105,1424,866,9.48
1790533743.757,5,92,1143,104,1436,869,9.73
1790533743.839,5,93,1146,98,1447,901,10.49
1790533743.923,5,92,1146,96,1455,901,10.80
1790533744.004,5,91,1138,94,1454,901,11.07
1790533744.090,5,91,1131,92,1448,902,11.14
1790533744.171,5,91,1123,89,1440,904,11.21
1790533744.252,5,91,1110,86,1425,905,11.20
1790533744.339,5,92,1095,83,1414,906,11.39
1790533744.425,5,92,1084,79,1407,908,11.62
1790533744.509,5,92,1073,43,1397,911,12.21
1790533744.593,5,93,1067,43,1391,913,12.23
1790533744.674,5,92,1061,37,1382,961,12.87
1790533744.757,5,92,1054,36,1378,960,12.99
1790533744.842,5,92,1043,35,1374,962,13.32
1790533744.927,5,92,1032,30,1371,993,14.17
1790533745.013,5,91,1023,0,1364,995,14.73
1790533745.102,5,92,1017,0,1362,994,14.88
1790533745.187,5,92,1014,0,1354,993,14.65
1790533745.272,5,92,1002,0,1347,993,14.87
1790533745.357,5,93,981,0,1341,993,15.52
1790533745.441,5,93,917,0,1337,993,18.10
1790533745.524,5,94,897,0,1332,994,18.77
1790533745.616,5,94,871,0,1324,995,19.56
1790533745.703,5,94,861,0,1312,998,19.54
1790533745.785,5,95,859,0,1307,1001,19.46
1790533745.870,5,94,844,0,1303,1006,20.04
1790533745.956,5,93,829,0,1299,1011,20.62
1790533746.041,5,94,778,0,1257,1017,21.14
1790533746.125,5,94,778,0,1257,1017,21.14
1790533746.209,5,93,777,0,1238,1061,21.23
1790533746.292,5,93,764,0,1217,1097,21.57
1790533746.377,5,93,753,0,1204,1097,21.47
1790533746.462,5,93,737,0,1195,1099,21.85
1790533746.545,5,93,718,0,1192,1127,23.19
1790533746.629,5,93,686,0,1182,1128,24.28
1790533746.708,5,93,663,0,1171,1129,24.89
1790533746.790,5,94,644,0,1157,1131,25.18
1790533746.898,5,93,628,0,1132,1131,24.74
1790533746.980,5,93,634,0,1103,1132,23.04
1790533747.063,5,93,628,0,1091,1134,22.79
1790533747.149,5,94,606,0,1089,1134,23.77
1790533747.235,5,94,531,0,1095,1136,27.81
1790533747.320,5,94,493,0,1108,1140,30.43
1790533747.412,5,93,531,0,1119,1187,30.29
1790533747.500,5,94,569,0,1128,1200,29.11
1790533747.596,5,94,533,0,1142,1200,31.72
1790533747.688,5,94,504,0,1145,1200,33.39
1790533747.775,5,94,461,0,1130,1200,34.84
1790533747.862,5,94,434,0,1124,1200,35.94
1790533747.952,5,94,433,0,1081,1200,33.75
1790533748.039,5,94,455,0,1045,1200,30.73
1790533748.127,5,93,513,0,1040,1200,27.45
1790533748.212,5,93,528,0,1049,1200,27.14
1790533748.299,5,92,545,0,1088,1200,28.28
1790533748.383,5,92,564,0,1099,1200,27.86
1790533748.475,5,91,591,0,1094,1200,26.20
1790533748.564,5,92,593,0,1101,1200,26.46
1790533748.652,5,93,592,0,1157,1200,29.43
1790533748.739,5,92,610,0,1195,1200,30.47
1790533748.823,5,92,610,0,1195,1200,30.47
1790533748.907,5,92,663,0,1204,1200,28.18
1790533748.992,5,92,755,0,1208,1200,23.59
1790533749.076,5,92,750,0,1263,1200,26.72
1790533749.160,5,93,739,0,1346,1172,30.88
1790533749.242,5,94,739,0,1379,1172,32.56
1790533749.324,5,94,739,0,1379,1172,32.56
1790533749.404,5,93,748,0,1395,1173,32.94
1790533749.487,5,93,799,0,1447,1173,32.99
1790533749.568,5,94,849,0,1470,1173,31.62
1790533749.651,5,93,957,0,1498,1175,27.59
1790533749.736,5,93,964,0,1509,1175,27.79
1790533749.822,5,92,973,0,1502,1176,27.00
1790533749.906,5,92,981,0,1521,1176,27.56
1790533749.993,5,92,1026,0,1558,1177,27.18
1790533750.076,5,92,1047,0,1589,1174,27.62
1790533750.157,5,93,1057,0,1613,1174,28.33
1790533750.249,5,93,1057,0,1613,1174,28.33
1790533750.338,5,93,1067,0,1633,1174,28.84
1790533750.423,5,93,1064,0,1653,1167,29.83
1790533750.507,5,93,1064,0,1653,1167,29.83
1790533750.591,5,93,1094,0,1653,1124,27.27
1790533750.675,5,93,1144,0,1631,1121,23.69
1790533750.766,5,93,1143,0,1615,1119,22.92
1790533750.854,5,93,1139,0,1612,1118,22.95
1790533750.942,5,94,1111,0,1605,1116,23.93
1790533751.029,5,94,1084,0,1569,1115,23.47
1790533751.118,5,93,1061,0,1577,1114,24.95
1790533751.207,5,93,1056,0,1575,1113,25.07
1790533751.294,5,93,1053,0,1574,1110,25.10
1790533751.379,5,94,1043,0,1575,1109,25.61
1790533751.463,5,94,1033,0,1577,1108,26.16
1790533751.554,5,94,1028,0,1579,1108,26.50
1790533751.649,5,94,1021,0,1578,1108,26.79
1790533751.737,5,94,1018,0,1579,1109,27.00
1790533751.832,5,94,1014,0,1579,1109,27.20
1790533751.917,5,94,1012,0,1579,1107,27.24
1790533752.001,5,94,1010,0,1579,1107,27.34
1790533752.085,5,94,1009,0,1579,1107,27.39
1790533752.170,5,94,1009,0,1579,1107,27.39
1790533752.254,5,94,1008,0,1579,1108,27.46
1790533752.340,5,94,1007,0,1580,1106,27.51
1790533752.421,5,94,1007,0,1580,1107,27.53
1790533752.505,5,94,1008,0,1579,1107,27.43
1790533753.064,5,94,1008,0,1579,1107,27.43
1790533753.146,5,94,1009,0,1580,1107,27.43
1790533753.234,5,94,1010,0,1580,1106,27.36
1790533753.318,5,94,1010,0,1580,1107,27.39
1790533753.410,5,94,1011,0,1580,1107,27.34
1790533753.503,5,94,1010,0,1579,1106,27.31
1790533753.596,5,94,1010,0,1579,1106,27.31
1790533753.689,5,94,1009,0,1580,1106,27.41
1790533753.784,5,94,1009,0,1580,1106,27.41
1790533753.877,5,94,1009,0,1580,1107,27.43
1790533753.975,5,94,1008,0,1581,1107,27.53
1790533754.073,5,94,1009,0,1580,1106,27.41
1790533754.165,5,94,1006,0,1581,1106,27.60
1790533754.261,5,94,1005,0,1581,1106,27.65
1790533754.351,5,94,1004,0,1581,1106,27.70
1790533754.442,5,94,1003,0,1580,1106,27.70
1790533754.532,5,94,1003,0,1580,1106,27.70
1790533754.630,5,94,1003,0,1580,1106,27.70
1790533754.725,5,94,1002,0,1580,1106,27.75
1790533754.818,5,94,1001,0,1580,1106,27.79
1790533754.912,5,94,1000,0,1580,1106,27.84
1790533755.008,5,94,999,0,1580,1106,27.89
1790533755.102,5,94,999,0,1580,1106,27.89
1790533755.196,5,94,999,0,1580,1106,27.89
1790533755.293,5,94,1000,0,1580,1106,27.84
1790533755.382,5,94,1003,0,1579,1107,27.68
1790533755.471,5,94,1004,0,1579,1107,27.63
1790533755.561,5,94,1007,0,1578,1106,27.41
1790533755.651,5,94,1007,0,1578,1106,27.41
1790533755.750,5,94,1008,0,1579,1108,27.46
1790533755.853,5,94,1011,0,1578,1106,27.22
1790533755.947,5,94,1011,0,1578,1106,27.22
1790533756.045,5,94,1012,0,1579,1106,27.22
1790533756.134,5,94,1012,0,1579,1108,27.27
1790533756.228,5,94,1013,0,1579,1108,27.22
1790533756.323,5,94,1013,0,1579,1106,27.17
1790533756.421,5,94,1013,0,1579,1106,27.17
1790533756.512,5,94,1013,0,1579,1106,27.17
1790533756.607,5,94,1013,0,1580,1106,27.22
1790533756.696,5,94,1012,0,1579,1106,27.22
1790533756.787,5,94,1012,0,1579,1106,27.22
1790533756.876,5,94,1010,0,1578,1108,27.32
1790533756.966,5,94,1010,0,1578,1108,27.32
1790533757.061,5,94,1009,0,1566,1108,26.79
1790533757.157,5,94,1009,0,1566,1108,26.79
1790533757.253,5,94,1011,0,1555,1110,26.21
1790533757.347,5,94,1014,0,1545,1150,26.50
1790533757.435,5,94,1015,0,1535,1154,26.05
1790533757.533,5,94,1016,0,1524,1189,26.22
1790533757.629,5,94,1012,0,1551,1196,27.98
1790533757.724,5,94,1013,0,1560,1200,28.49
1790533757.828,5,95,1009,0,1594,1200,30.47
1790533757.939,5,95,1007,0,1614,1200,31.61
1790533758.037,5,95,1006,0,1634,1200,32.71
1790533758.132,5,94,1008,0,1647,1200,33.28
1790533758.226,5,94,1011,0,1650,1200,33.28
1790533758.324,5,94,1016,0,1632,1200,32.08
1790533758.424,5,95,1017,0,1624,1200,31.61
1790533758.515,5,94,1017,0,1619,1200,31.35
1790533758.607,5,94,972,0,1610,1200,33.23
1790533758.702,5,94,922,0,1597,1200,35.16
1790533758.797,5,93,895,0,1588,1200,36.09
1790533758.890,5,93,872,0,1568,1200,36.25
1790533758.986,5,92,868,0,1540,1200,35.00
1790533759.075,5,92,868,0,1516,1200,33.75
1790533759.165,5,91,862,0,1481,1200,32.24
1790533759.249,5,92,809,0,1469,1200,34.38
1790533759.334,5,92,759,0,1437,1200,35.31
1790533759.423,5,94,722,0,1420,1200,36.35
1790533759.503,5,94,690,0,1413,1200,37.66
1790533759.592,5,94,641,0,1400,1200,39.53
1790533759.683,5,95,609,0,1392,1200,40.78
1790533759.768,5,94,598,0,1387,1200,41.09
1790533759.852,5,95,416,0,1330,1200,47.60
1790533759.933,5,96,356,0,1233,1200,45.68
1790533760.015,5,94,308,0,1172,1200,45.00
1790533760.105,5,94,255,0,1087,1200,43.33
1790533760.199,5,94,155,0,975,1200,42.71
1790533760.287,5,93,0,0,903,1200,47.03
1790533760.375,5,95,0,0,882,1200,45.94
1790533760.460,5,77,0,0,900,1200,46.88
1790533760.546,5,87,0,0,535,861,19.99
1790533760.633,5,73,0,0,666,1200,34.69
1790533760.721,5,91,0,0,498,1200,25.94
1790533760.808,5,93,0,0,486,985,20.78
1790533760.898,5,88,0,0,424,1021,18.79
1790533760.988,5,82,0,0,292,1061,13.45
1790533761.086,5,82,0,0,274,1062,12.63
1790533761.179,5,82,0,0,248,1064,11.45
1790533761.269,5,82,0,0,221,1066,10.23
1790533761.357,5,82,0,0,221,1066,10.23
1790533761.447,5,82,0,0,221,1066,10.23
1790533761.534,5,82,0,0,221,1066,10.23
1790533761.624,5,82,0,0,221,1066,10.23
1790533761.718,5,82,0,0,221,1066,10.23
1790533788.132,9,73,0,0,221,1200,11.51
1790533788.222,9,62,0,0,346,1200,18.02
1790533788.311,9,73,0,0,457,1200,23.80
1790533788.400,9,69,0,0,597,1200,31.09
1790533788.494,9,94,0,0,686,1200,35.73
1790533788.583,9,65,0,0,769,1200,40.05
1790533788.674,9,93,0,0,847,1200,44.11
1790533788.761,10,95,0,0,888,1200,46.25
1790533788.761,9,93,0,0,863,1200,44.95
1790533788.849,10,95,119,0,954,1200,43.49
1790533788.849,9,93,0,0,886,1200,46.15
1790533788.940,10,92,235,0,998,1200,39.74
1790533788.940,9,93,0,0,886,1200,46.15
1790533789.033,10,89,270,0,1021,1200,39.11
1790533789.033,9,93,0,0,886,1200,46.15
1790533789.122,11,90,390,0,1091,1200,36.51
1790533789.122,10,89,272,0,1033,1200,39.64
1790533789.122,9,93,0,0,886,1200,46.15
1790533789.205,11,93,471,0,1161,1200,35.94
1790533789.205,10,89,272,0,1043,1200,40.16
1790533789.205,9,93,0,0,886,1200,46.15
1790533789.288,11,91,541,0,1207,1200,34.69
1790533789.288,10,89,272,0,1043,1200,40.16
1790533789.288,9,93,0,0,886,1200,46.15
1790533789.369,11,92,584,0,1304,1200,37.50
1790533789.369,10,89,272,0,1043,1200,40.16
1790533789.369,9,93,0,0,886,1200,46.15
1790533789.454,11,91,596,0,1337,1200,38.59
1790533789.454,10,89,272,0,1043,1200,40.16
1790533789.454,9,93,0,0,886,1200,46.15
1790533789.537,11,91,595,0,1351,1200,39.38
1790533789.537,10,89,272,0,1043,1200,40.16
1790533789.537,9,93,0,0,886,1200,46.15
1790533789.621,11,91,631,0,1389,1200,39.48
1790533789.621,10,89,272,0,1043,1200,40.16
1790533789.621,9,93,0,0,886,1200,46.15
1790533789.704,11,91,701,0,1415,1200,37.19
1790533789.704,10,89,272,0,1043,1200,40.16
1790533789.704,9,93,0,0,886,1200,46.15
1790533789.791,11,90,826,0,1420,1200,30.94
1790533789.791,10,89,272,0,1043,1200,40.16
1790533789.791,9,93,0,0,886,1200,46.15
1790533789.885,11,92,873,0,1437,1200,29.38
1790533789.885,10,89,272,0,1043,1200,40.16
1790533789.885,9,93,0,0,886,1200,46.15
1790533789.983,11,92,886,0,1455,1200,29.64
1790533789.983,10,89,272,0,1043,1200,40.16
1790533789.983,9,93,0,0,886,1200,46.15
1790533790.073,11,92,894,0,1477,1200,30.36
1790533790.073,10,89,272,0,1043,1200,40.16
1790533790.073,9,93,0,0,886,1200,46.15
1790533790.167,11,92,916,0,1505,1200,30.68
1790533790.167,10,89,272,0,1043,1200,40.16
1790533790.167,9,93,0,0,886,1200,46.15
1790533790.267,11,92,930,0,1512,1200,30.31
1790533790.267,10,89,272,0,1043,1200,40.16
1790533790.267,9,93,0,0,886,1200,46.15
1790533790.365,11,92,946,0,1522,1200,30.00
1790533790.365,10,89,272,0,1043,1200,40.16
1790533790.365,9,93,0,0,886,1200,46.15
1790533790.460,11,92,955,0,1534,1200,30.16
1790533790.460,10,89,272,0,1043,1200,40.16
1790533790.460,9,93,0,0,886,1200,46.15
1790533790.558,11,93,966,0,1556,1200,30.73
1790533790.558,10,89,272,0,1043,1200,40.16
1790533790.558,9,93,0,0,886,1200,46.15
1790533790.655,11,92,928,0,1578,1200,33.85
1790533790.655,10,89,272,0,1043,1200,40.16
1790533790.753,11,93,912,0,1587,1200,35.16
1790533790.753,10,89,272,0,1043,1200,40.16
1790533790.845,11,93,901,0,1587,1200,35.73
1790533790.845,10,89,272,0,1043,1200,40.16
1790533790.940,11,92,878,0,1567,1200,35.89
1790533790.940,10,89,272,0,1043,1200,40.16
1790533791.027,11,91,848,0,1543,1200,36.20
1790533791.027,10,89,272,0,1043,1200,40.16
1790533791.116,11,92,848,0,1529,1200,35.47
1790533791.116,10,89,272,0,1043,1200,40.16
1790533791.202,11,92,866,0,1490,1200,32.50
1790533791.202,10,89,272,0,1043,1200,40.16
1790533791.285,11,92,861,0,1473,1200,31.88
1790533791.285,10,89,272,0,1043,1200,40.16
1790533791.370,11,92,827,0,1475,1200,33.75
1790533791.370,10,89,272,0,1043,1200,40.16
1790533791.458,11,93,790,0,1478,1200,35.83
1790533791.544,11,94,776,0,1448,1200,35.00
1790533791.629,11,94,761,0,1350,1200,30.68
1790533791.720,11,94,752,0,1287,1200,27.86
1790533791.812,11,94,749,0,1255,1199,26.33
1790533791.903,11,94,751,0,1250,1198,25.95
1790533791.986,11,94,752,0,1247,1195,25.67
1790533792.069,11,94,758,0,1238,1194,24.88
1790533792.152,11,94,764,0,1232,1193,24.23
1790533792.242,11,93,772,0,1216,1193,22.99
1790533792.331,11,93,781,0,1201,1192,21.73
1790533792.417,11,91,797,0,1186,1189,20.07
1790533792.503,11,91,808,0,1182,1133,18.39
1790533792.591,11,92,816,0,1185,1055,16.90
1790533792.681,11,92,816,0,1231,1053,18.97
1790533792.768,11,93,820,0,1273,1053,20.70
1790533792.850,11,93,819,0,1286,1053,21.34
1790533792.933,11,92,819,0,1288,1052,21.41
1790533793.016,11,92,820,0,1282,1052,21.09
1790533793.106,11,93,820,0,1269,1051,20.48
1790533793.192,11,92,824,0,1247,1052,19.31
1790533793.286,11,92,833,0,1254,1051,19.20
1790533793.374,11,91,838,0,1281,1054,20.27
1790533793.462,11,91,850,0,1289,1054,20.08
1790533793.549,11,91,901,0,1311,1056,18.79
1790533793.636,11,91,901,0,1311,1056,18.79
1790533793.725,11,92,928,0,1317,1057,17.85
1790533793.822,11,92,938,0,1324,1057,17.71
1790533793.913,11,92,954,0,1332,1060,17.39
1790533794.014,11,92,961,0,1334,1061,17.18
1790533794.112,11,92,970,0,1331,1062,16.64
1790533794.207,11,92,974,0,1325,1063,16.19
1790533794.296,11,92,971,0,1321,1062,16.13
1790533794.393,11,92,941,0,1328,1033,17.35
1790533794.488,11,93,914,0,1338,1034,19.03
1790533794.581,11,93,884,0,1346,1033,20.71
1790533794.674,11,94,873,0,1345,1032,21.14
1790533794.762,11,93,875,0,1331,1030,20.39
1790533794.859,11,93,876,0,1319,1029,19.79
1790533794.955,11,93,876,0,1312,1027,19.43
1790533795.051,11,94,874,0,1312,1023,19.45
1790533795.139,11,93,868,0,1314,1022,19.78
1790533795.233,11,93,860,0,1313,1020,20.05
1790533795.326,11,92,846,0,1304,1018,20.24
1790533795.415,11,92,839,0,1295,1018,20.15
1790533795.506,11,92,834,0,1280,1018,19.71
1790533795.597,11,93,831,0,1274,1018,19.57
1790533795.690,11,92,831,0,1274,1018,19.57
1790533795.781,11,93,831,0,1274,1018,19.57
1790533795.869,11,92,831,0,1275,1018,19.62
1790533795.958,11,92,832,0,1276,1018,19.62
1790533796.047,11,92,833,0,1277,1018,19.62
1790533796.137,11,92,833,0,1278,1018,19.66
1790533796.226,11,92,833,0,1278,1018,19.66
1790533796.321,11,93,830,0,1277,1019,19.77
1790533796.412,11,93,829,0,1277,1019,19.81
1790533796.501,11,93,829,0,1277,1019,19.81
1790533796.592,11,93,829,0,1276,1018,19.75
1790533796.682,11,93,829,0,1276,1018,19.75
1790533796.771,11,93,829,0,1276,1018,19.75
1790533796.861,11,93,830,0,1276,1018,19.71
1790533796.948,11,93,830,0,1276,1018,19.71
1790533797.036,11,93,830,0,1277,1018,19.75
1790533797.126,11,93,830,0,1277,1018,19.75
1790533797.213,11,93,829,0,1276,1018,19.75
1790533797.301,11,93,829,0,1276,1017,19.73
1790533797.404,11,93,830,0,1277,1017,19.73
1790533797.501,11,93,830,0,1277,1018,19.75
1790533797.595,11,93,830,0,1277,1017,19.73
1790533797.688,11,93,830,0,1276,1017,19.69
1790533797.779,11,93,829,0,1277,1017,19.77
1790533797.873,11,93,822,0,1277,1018,20.10
1790533797.972,11,93,808,0,1279,1018,20.81
1790533798.070,11,93,794,0,1279,1017,21.41
1790533798.159,11,93,817,0,1275,1017,20.22
1790533798.250,11,92,808,0,1246,1017,19.33
1790533798.334,11,93,746,0,1329,1025,25.94
1790533798.421,11,93,746,0,1329,1025,25.94
1790533798.510,11,95,650,0,1391,1028,33.06
1790533798.594,11,96,636,0,1419,1076,36.57
1790533798.680,11,95,665,0,1424,1075,35.41
1790533798.765,11,95,766,0,1382,1078,28.82
1790533798.848,11,94,839,0,1322,1078,22.60
1790533798.934,11,93,863,0,1268,1078,18.95
1790533799.017,11,93,847,0,1318,1078,22.04
1790533799.106,11,92,849,0,1308,1080,21.52
1790533799.203,11,92,857,0,1260,1113,19.47
1790533799.295,11,94,798,0,1332,1114,25.82
1790533799.380,11,94,750,0,1380,1114,30.46
1790533799.466,11,95,735,0,1395,1114,31.91
1790533799.551,11,95,745,0,1393,1115,31.36
1790533799.646,11,95,757,0,1380,1117,30.20
1790533799.736,11,94,769,0,1357,1118,28.53
1790533799.827,11,94,775,0,1329,1119,26.91
1790533799.918,11,93,779,0,1304,1119,25.50
1790533800.003,11,93,781,0,1278,1120,24.16
1790533800.091,11,93,778,0,1283,1120,24.55
1790533800.177,11,93,773,0,1301,1121,25.69
1790533800.264,11,93,770,0,1319,1121,26.71
1790533800.358,11,93,769,0,1327,1121,27.15
1790533800.452,11,94,769,0,1324,1121,27.00
1790533800.540,11,94,770,0,1309,1122,26.25
1790533800.630,11,94,772,0,1303,1122,25.86
1790533800.718,11,94,774,0,1297,1122,25.47
1790533800.803,11,94,774,0,1297,1122,25.47
1790533800.889,11,94,775,0,1298,1122,25.47
1790533800.978,11,94,774,0,1301,1122,25.66
1790533801.063,11,94,774,0,1301,1122,25.66
1790533801.160,11,94,774,0,1303,1122,25.76
1790533801.255,11,94,773,0,1303,1122,25.81
1790533801.349,11,94,773,0,1302,1122,25.76
1790533801.444,11,93,774,0,1301,1122,25.66
1790533801.532,11,94,774,0,1301,1122,25.66
1790533801.626,11,94,775,0,1302,1122,25.66
1790533801.725,11,94,776,0,1306,1122,25.81
1790533801.818,11,94,777,0,1308,1122,25.86
1790533801.915,11,94,778,0,1310,1122,25.91
1790533802.004,11,94,779,0,1310,1122,25.86
1790533802.093,11,94,781,0,1310,1122,25.76
1790533802.179,11,94,783,0,1311,1122,25.71
1790533802.267,11,93,787,0,1309,1123,25.44
1790533802.354,11,95,790,0,1332,1123,26.42
1790533802.440,11,95,790,0,1332,1123,26.42
1790533802.534,11,95,762,0,1385,1124,30.39
1790533802.622,11,95,668,0,1424,1123,36.85
1790533802.709,11,95,623,0,1442,1122,39.88
1790533802.797,11,95,620,0,1449,1079,38.82
1790533802.882,11,95,625,0,1444,1081,38.43
1790533802.966,11,95,625,0,1434,1081,37.96
1790533803.051,11,95,709,0,1383,1077,31.51
1790533803.138,11,93,835,0,1303,1076,21.86
1790533803.224,11,91,885,0,1216,1009,14.50
1790533803.308,11,92,889,0,1198,981,13.16
1790533803.392,11,92,889,0,1198,981,13.16
1790533803.477,11,93,885,0,1188,980,12.89
1790533803.563,11,92,871,6,1243,980,15.73
1790533803.647,11,92,871,6,1243,980,15.73
1790533803.736,11,92,872,38,1296,976,17.26
1790533803.824,11,92,875,39,1310,974,17.65
1790533803.919,11,93,878,43,1317,942,17.13
1790533804.004,11,93,878,46,1321,940,17.19
1790533804.095,11,92,879,49,1315,938,16.82
1790533804.183,11,93,876,53,1308,935,16.54
1790533804.277,11,94,875,56,1276,934,15.28
1790533804.365,11,93,872,89,1246,929,13.64
1790533804.455,11,90,868,94,1148,924,10.09
1790533804.539,11,90,866,98,1147,893,9.70
1790533804.633,11,90,866,98,1147,893,9.70
1790533804.730,11,89,860,100,1145,893,9.81
1790533804.825,11,88,859,101,1142,892,9.72
1790533804.915,11,89,860,104,1140,890,9.55
1790533805.005,11,89,863,106,1143,889,9.52
1790533805.092,11,90,870,110,1147,887,9.34
1790533805.187,11,90,870,110,1147,887,9.34
1790533805.279,11,93,873,112,1191,885,10.67
1790533805.368,11,91,881,113,1235,884,11.85
1790533805.454,11,90,902,114,1229,883,10.91
1790533805.540,11,89,914,117,1214,882,9.96
1790533805.630,11,88,927,118,1180,881,8.38
1790533805.720,11,88,932,120,1184,880,8.31
1790533805.809,11,88,935,122,1189,879,8.35
1790533805.900,11,91,887,127,1201,875,10.19
1790533805.991,11,92,867,129,1207,873,10.98
1790533806.083,11,92,867,129,1207,873,10.98
1790533806.168,11,92,852,132,1225,871,11.96
1790533806.258,11,92,852,133,1243,869,12.49
1790533806.350,11,90,870,134,1255,868,12.27
1790533806.441,11,92,895,136,1258,867,11.52
1790533806.530,11,92,913,138,1258,865,10.89
1790533806.614,11,91,953,141,1270,863,9.93
1790533806.698,11,91,953,141,1270,863,9.93
1790533806.783,11,91,968,171,1280,859,9.32
1790533806.868,11,92,977,171,1286,858,9.21
1790533806.952,11,92,981,171,1288,857,9.14
1790533807.040,11,92,986,171,1289,857,9.02
1790533807.128,11,92,990,171,1287,856,8.83
1790533807.221,11,92,995,170,1284,855,8.59
1790533807.306,11,91,998,169,1278,854,8.32
1790533807.392,11,91,996,169,1272,853,8.19
1790533807.478,11,88,994,169,1253,852,7.68
1790533807.572,11,89,993,171,1247,850,7.49
1790533807.663,11,88,993,171,1245,849,7.42
1790533807.754,11,88,966,171,1237,849,7.97
1790533807.846,11,90,950,171,1228,848,8.17
1790533807.934,11,91,940,171,1218,848,8.17
1790533808.028,11,88,924,170,1201,848,8.15
1790533808.119,11,87,917,170,1211,847,8.64
1790533808.206,11,90,912,169,1212,847,8.83
1790533808.292,11,90,897,169,1206,847,9.09
1790533808.380,11,90,897,169,1206,847,9.09
1790533808.468,11,90,869,166,1173,847,8.99
1790533808.554,11,90,869,166,1173,847,8.99
1790533808.644,11,89,863,164,1158,847,8.75
1790533808.735,11,88,857,162,1147,848,8.63
1790533808.825,11,90,852,160,1165,849,9.36
1790533808.914,11,92,847,124,1195,886,11.51
1790533809.002,11,92,847,124,1195,886,11.51
1790533809.095,11,93,848,123,1200,888,11.69
1790533809.191,11,92,846,120,1207,888,12.03
1790533809.279,11,91,843,118,1215,888,12.43
1790533809.366,11,92,842,116,1223,889,12.78
1790533809.457,11,91,836,114,1223,889,13.02
1790533809.545,11,91,828,110,1215,891,13.12
1790533809.641,11,92,818,108,1259,892,15.01
1790533809.732,11,92,798,106,1342,892,18.56
1790533809.824,11,90,791,103,1349,894,19.16
1790533809.917,11,89,784,102,1343,895,19.24
1790533810.010,11,90,780,100,1287,895,17.49
1790533810.098,11,93,782,98,1180,896,13.78
1790533810.185,11,93,777,97,1173,896,13.73
1790533810.274,11,91,772,95,1158,899,13.47
1790533810.359,11,91,761,93,1121,901,12.62
1790533810.447,11,92,751,91,1108,902,12.57
1790533810.548,11,92,729,88,1094,904,12.93
1790533810.653,11,93,717,86,1088,905,13.19
1790533810.747,11,93,707,84,1085,906,13.49
1790533810.845,11,93,700,83,1087,908,13.86
1790533810.940,11,92,698,81,1088,909,14.02
1790533811.038,11,92,698,80,1089,909,14.07
1790533811.136,11,92,698,79,1089,910,14.10
1790533811.228,11,92,700,78,1090,910,14.08
1790533811.322,11,92,702,78,1090,911,14.03
1790533811.416,11,92,703,77,1090,911,14.01
1790533811.509,11,92,702,77,1090,911,14.04
1790533811.604,11,92,702,76,1090,913,14.10
1790533811.704,11,92,699,77,1090,912,14.17
1790533811.799,11,92,698,77,1091,914,14.28
1790533811.896,11,92,696,77,1091,914,14.35
1790533811.990,11,92,694,77,1091,914,14.42
1790533812.079,11,93,692,78,1091,913,14.46
1790533812.172,11,92,692,78,1091,913,14.46
1790533812.264,11,92,692,78,1091,913,14.46
1790533812.353,11,92,692,78,1091,913,14.46
1790533812.446,11,92,693,79,1091,913,14.41
1790533812.539,11,92,693,79,1091,913,14.41
1790533812.632,11,92,693,79,1091,914,14.42
1790533812.725,11,92,694,79,1091,914,14.39
1790533812.814,11,92,694,79,1090,914,14.35
1790533812.902,11,92,693,79,1091,914,14.42
1790533812.990,11,92,693,79,1091,914,14.42
1790533813.082,11,92,692,79,1091,914,14.46
1790533813.176,11,93,693,79,1095,914,14.57
1790533813.271,11,94,686,79,1168,914,17.47
1790533813.360,11,93,684,79,1206,914,18.92
1790533813.451,11,93,685,78,1214,915,19.22
1790533813.542,11,93,689,78,1214,915,19.07
1790533813.635,11,94,695,77,1181,916,17.70
1790533813.728,11,93,706,76,1092,916,14.07
1790533813.822,11,93,706,76,1092,916,14.07
1790533813.911,11,92,701,75,1089,916,14.16
1790533814.000,11,92,698,75,1089,916,14.27
1790533814.089,11,92,695,75,1091,916,14.45
1790533814.182,11,92,695,75,1091,916,14.45
1790533814.273,11,92,695,75,1091,916,14.45
1790533814.364,11,92,695,75,1091,916,14.45
1790533814.456,11,92,696,74,1091,916,14.44
1790533814.546,11,92,699,74,1090,916,14.29
1790533814.634,11,92,699,74,1090,916,14.29
1790533814.725,11,92,699,74,1090,916,14.29
1790533814.818,11,92,698,74,1091,916,14.36
1790533814.907,11,92,698,74,1091,916,14.36
1790533814.997,11,92,695,74,1091,916,14.47
1790533815.090,11,92,695,74,1091,916,14.47
1790533815.183,11,92,694,75,1091,916,14.49
1790533815.278,11,92,694,75,1091,916,14.49
1790533815.376,11,92,694,75,1091,916,14.49
1790533815.468,11,92,694,75,1091,917,14.51
1790533815.562,11,92,693,77,1091,921,14.58
1790533815.665,11,93,693,70,1092,919,14.70
1790533815.758,11,93,692,67,1091,921,14.79
1790533815.858,11,93,690,63,1091,924,14.99
1790533815.954,11,93,688,59,1091,924,15.13
1790533816.048,11,93,689,59,1094,925,15.22
1790533816.147,11,93,688,56,1095,926,15.37
1790533816.239,11,93,685,49,1095,928,15.64
1790533816.333,11,93,685,49,1095,928,15.64
1790533816.429,11,93,686,44,1095,931,15.75
1790533816.532,11,93,694,42,1091,933,15.35
1790533816.624,11,92,700,41,1090,935,15.13
1790533816.723,11,92,714,38,1089,937,14.63
1790533816.815,11,93,748,34,1087,943,13.37
1790533816.903,11,93,748,34,1087,943,13.37
1790533816.991,11,92,755,32,1093,944,13.38
1790533817.079,11,92,762,31,1103,947,13.56
1790533817.169,11,93,759,27,1126,952,14.73
1790533817.271,11,93,759,27,1126,952,14.73
1790533817.368,11,93,753,22,1137,958,15.60
1790533817.457,11,93,753,22,1137,958,15.60
1790533817.549,11,93,752,20,1138,959,15.73
1790533817.636,11,93,750,17,1138,960,15.88
1790533817.725,11,93,751,14,1139,961,15.95
1790533817.824,11,92,767,12,1142,962,15.46
1790533817.909,11,92,806,9,1136,961,13.64
1790533817.996,11,92,806,9,1136,961,13.64
1790533818.082,11,93,809,6,1132,961,13.39
1790533818.166,11,93,805,6,1128,961,13.39
1790533818.256,11,92,798,4,1121,963,13.44
1790533818.347,11,93,788,4,1113,965,13.56
1790533818.439,11,93,782,3,1109,964,13.64
1790533818.531,11,93,777,2,1107,965,13.79
1790533818.622,11,93,777,4,1107,967,13.79
1790533818.712,11,93,776,5,1106,967,13.78
1790533818.801,11,94,776,6,1106,967,13.76
1790533818.891,11,93,777,6,1107,965,13.74
1790533818.984,11,93,778,8,1108,962,13.66
1790533819.074,11,93,783,10,1111,962,13.55
1790533819.165,11,94,789,11,1112,962,13.33
1790533819.252,11,94,797,11,1114,960,13.06
1790533819.337,11,90,813,12,1128,959,12.95
1790533819.425,11,90,813,12,1128,959,12.95
1790533819.528,11,92,819,13,1135,960,12.99
1790533819.612,11,91,827,13,1142,960,12.95
1790533819.708,11,91,833,11,1148,959,12.96
1790533819.803,11,91,838,10,1153,959,12.97
1790533819.894,11,90,841,11,1156,958,12.95
1790533819.986,11,91,843,11,1160,959,13.04
1790533820.077,11,91,843,13,1160,958,13.00
1790533820.174,11,91,842,10,1160,957,13.07
1790533820.262,11,90,842,10,1160,958,13.08
1790533820.349,11,93,842,11,1160,958,13.07
1790533820.433,11,93,840,11,1159,958,13.11
1790533820.547,11,93,839,7,1160,955,13.21
1790533820.638,11,92,838,8,1161,956,13.29
1790533820.731,11,92,840,5,1164,956,13.37
1790533820.827,11,92,840,6,1164,957,13.37
1790533820.916,11,92,840,3,1166,957,13.50
1790533821.013,11,91,839,1,1167,958,13.62
1790533821.108,11,92,838,0,1168,958,13.72
1790533821.204,11,91,837,0,1168,959,13.78
1790533821.295,11,91,833,0,1168,960,13.96
1790533821.388,11,91,831,0,1167,959,13.99
1790533821.476,11,91,830,0,1165,961,13.97
1790533821.562,11,92,827,0,1165,961,14.10
1790533821.656,11,91,825,0,1162,962,14.07
1790533821.742,11,91,824,0,1157,961,13.89
1790533821.831,11,92,819,0,1149,961,13.76
1790533821.925,11,92,814,0,1147,961,13.89
1790533822.025,11,92,806,0,1143,964,14.10
1790533822.113,11,92,797,0,1138,966,14.30
1790533822.208,11,92,789,0,1136,967,14.56
1790533822.302,11,93,781,0,1132,970,14.78
1790533822.389,11,92,774,0,1124,975,14.81
1790533822.475,11,92,774,0,1124,975,14.81
1790533822.565,11,91,772,0,1121,978,14.81
1790533822.646,11,91,772,0,1121,978,14.81
1790533822.737,11,92,774,0,1122,978,14.77
1790533822.832,11,92,777,0,1129,978,14.94
1790533822.924,11,92,775,0,1140,978,15.49
1790533823.013,11,91,783,0,1146,977,15.39
1790533823.103,11,92,799,0,1153,978,15.03
1790533823.191,11,92,808,0,1157,980,14.84
1790533823.290,11,91,814,0,1161,981,14.77
1790533823.395,11,92,816,0,1164,982,14.83
1790533823.485,11,92,815,0,1166,985,15.01
1790533823.583,11,91,816,0,1168,986,15.06
1790533823.678,11,92,814,0,1169,989,15.24
1790533823.778,11,92,813,0,1172,990,15.43
1790533823.873,11,92,812,0,1174,993,15.60
1790533823.958,11,92,813,0,1175,996,15.65
1790533824.047,11,92,812,0,1176,998,15.77
1790533824.135,11,92,812,0,1177,1000,15.84
1790533824.225,11,92,810,0,1177,1003,15.98
1790533824.311,11,92,811,0,1180,1006,16.11
1790533824.400,11,92,809,0,1182,1009,16.33
1790533824.484,11,92,808,0,1183,1013,16.49
1790533824.584,11,93,806,0,1184,1017,16.69
1790533824.679,11,93,806,0,1184,1017,16.69
1790533824.767,11,93,804,0,1188,1026,17.10
1790533824.852,11,93,804,0,1190,1029,17.24
1790533824.948,11,93,804,0,1190,1029,17.24
1790533825.045,11,93,803,0,1191,1031,17.36
1790533825.136,11,93,804,0,1195,1036,17.58
1790533825.225,11,93,801,0,1197,1040,17.88
1790533825.325,11,93,801,0,1197,1040,17.88
1790533825.412,11,94,799,0,1197,1041,17.98
1790533825.499,11,94,799,0,1199,1045,18.14
1790533825.588,11,94,799,0,1202,1047,18.31
1790533825.682,11,93,798,0,1203,1049,18.44
1790533825.779,11,93,795,0,1204,1053,18.69
1790533825.864,11,93,794,0,1205,1057,18.86
1790533825.951,11,93,794,0,1208,1063,19.10
1790533826.056,11,93,791,0,1210,1066,19.39
1790533826.145,11,93,789,0,1213,1068,19.65
1790533826.235,11,93,786,0,1213,1074,19.90
1790533826.331,11,93,786,0,1215,1077,20.05
1790533826.420,11,93,785,0,1218,1081,20.32
1790533826.509,11,93,783,0,1219,1084,20.51
1790533826.601,11,92,782,0,1221,1088,20.73
1790533826.692,11,92,779,0,1223,1092,21.04
1790533826.795,11,92,779,0,1225,1098,21.25
1790533826.887,11,92,779,0,1227,1101,21.41
1790533826.975,11,92,778,0,1228,1106,21.60
1790533827.064,11,92,772,0,1229,1112,22.06
1790533827.153,11,92,771,0,1231,1115,22.26
1790533827.248,11,92,772,0,1234,1122,22.50
1790533827.341,11,92,768,0,1236,1125,22.85
1790533827.438,11,92,767,0,1237,1130,23.05
1790533827.533,11,92,765,0,1237,1134,23.23
1790533827.630,11,92,765,0,1239,1139,23.43
1790533827.726,11,92,764,0,1243,1144,23.78
1790533827.819,11,92,762,0,1244,1148,24.02
1790533827.910,11,92,760,0,1246,1156,24.38
1790533828.004,11,91,759,0,1248,1161,24.64
1790533828.088,11,92,759,0,1252,1166,24.95
1790533828.181,11,91,757,0,1253,1170,25.19
1790533828.271,11,91,753,0,1258,1176,25.78
1790533828.367,11,91,751,0,1260,1181,26.09
1790533828.466,11,91,750,0,1261,1186,26.30
1790533828.557,11,92,746,0,1265,1197,26.96
1790533828.648,11,92,744,0,1269,1200,27.34
1790533828.736,11,92,744,0,1269,1200,27.34
1790533828.831,11,93,740,0,1270,1200,27.60
1790533828.921,11,92,740,0,1272,1200,27.71
1790533829.014,11,93,737,0,1274,1200,27.97
1790533829.105,11,93,735,0,1277,1200,28.23
1790533829.209,11,93,734,0,1278,1200,28.33
1790533829.297,11,93,731,0,1285,1200,28.85
1790533829.383,11,94,728,0,1285,1200,29.01
1790533829.467,11,93,726,0,1289,1200,29.32
1790533829.554,11,94,724,0,1292,1200,29.58
1790533829.642,11,93,720,0,1297,1200,30.05
1790533829.726,11,93,720,0,1297,1200,30.05
1790533829.814,11,93,718,0,1300,1200,30.31
1790533829.905,11,93,716,0,1304,1200,30.62
1790533829.990,11,93,715,0,1307,1200,30.83
1790533830.078,11,93,712,0,1311,1200,31.20
1790533830.173,11,93,713,0,1314,1200,31.30
1790533830.254,11,93,710,0,1317,1200,31.61
1790533830.338,11,93,709,0,1321,1200,31.88
1790533830.425,11,93,706,0,1325,1200,32.24
1790533830.509,11,93,704,0,1329,1200,32.55
1790533830.591,11,93,704,0,1335,1200,32.86
1790533830.687,11,93,701,0,1338,1200,33.18
1790533830.784,11,93,699,0,1341,1200,33.44
1790533830.870,11,94,696,0,1345,1200,33.80
1790533830.962,11,94,694,0,1348,1200,34.06
1790533831.055,11,94,691,0,1354,1200,34.53
1790533831.142,11,94,686,0,1359,1200,35.05
1790533831.229,11,94,683,0,1362,1200,35.36
1790533831.313,11,94,676,0,1367,1200,35.99
1790533831.400,11,94,673,0,1369,1200,36.25
1790533831.497,11,93,677,0,1368,1200,35.99
1790533831.591,11,94,678,0,1366,1200,35.83
1790533831.683,11,94,680,0,1366,1200,35.73
1790533831.777,11,94,680,0,1367,1200,35.78
1790533831.866,11,94,680,0,1366,1200,35.73
1790533831.953,11,94,680,0,1366,1200,35.73
1790533832.043,11,94,681,0,1366,1200,35.68
1790533832.134,11,94,681,0,1366,1200,35.68
1790533832.227,11,94,680,0,1366,1200,35.73
1790533832.318,11,94,679,0,1365,1200,35.73
1790533832.406,11,94,679,0,1364,1200,35.68
1790533832.494,11,94,677,0,1364,1200,35.78
1790533832.580,11,94,676,0,1364,1200,35.83
1790533832.668,11,94,675,0,1363,1200,35.83
1790533832.755,11,94,673,0,1362,1200,35.89
1790533832.842,11,94,671,0,1361,1200,35.94
1790533832.932,11,94,670,0,1361,1200,35.99
1790533833.016,11,94,668,0,1361,1200,36.09
1790533833.108,11,94,665,0,1361,1200,36.25
1790533833.200,11,94,664,0,1360,1200,36.25
1790533833.283,11,94,663,0,1359,1200,36.25
1790533833.375,11,94,661,0,1358,1200,36.30
1790533833.495,11,94,661,0,1358,1200,36.30
1790533833.581,11,94,660,0,1357,1200,36.30
1790533833.672,11,94,659,0,1357,1200,36.35
1790533833.758,11,94,657,0,1357,1200,36.46
1790533833.843,11,94,656,0,1357,1200,36.51
1790533833.932,11,94,657,0,1356,1200,36.41
1790533834.021,11,94,656,0,1356,1200,36.46
1790533834.119,11,94,656,0,1356,1200,36.46
1790533834.205,11,94,656,0,1357,1200,36.51
1790533834.292,11,94,654,0,1364,1200,36.98
1790533834.381,11,94,651,0,1372,1200,37.55
1790533834.468,11,94,648,0,1375,1200,37.86
1790533834.553,11,94,644,0,1377,1200,38.18
1790533834.637,11,94,642,0,1376,1200,38.23
1790533834.726,11,94,642,0,1373,1200,38.07
1790533834.815,11,94,643,0,1370,1200,37.86
1790533834.911,11,94,642,0,1369,1200,37.86
1790533835.004,11,94,644,0,1368,1200,37.71
1790533835.095,11,94,646,0,1367,1200,37.55
1790533835.184,11,94,647,0,1367,1200,37.50
1790533835.272,11,94,646,0,1367,1200,37.55
1790533835.359,11,94,645,0,1367,1200,37.60
1790533835.447,11,94,644,0,1367,1200,37.66
1790533835.539,11,94,644,0,1366,1200,37.60
1790533835.629,11,94,647,0,1364,1200,37.34
1790533835.720,11,94,651,0,1363,1200,37.08
1790533835.811,11,94,659,0,1359,1200,36.46
1790533835.900,11,94,665,0,1356,1200,35.99
1790533835.994,11,94,668,0,1356,1200,35.83
1790533836.086,11,94,669,0,1358,1200,35.89
1790533836.176,11,94,668,0,1359,1200,35.99
1790533836.265,11,94,668,0,1361,1200,36.09
1790533836.357,11,94,666,0,1362,1200,36.25
1790533836.450,11,94,664,0,1361,1200,36.30
1790533836.538,11,94,664,0,1361,1200,36.30
1790533836.629,11,94,665,0,1361,1200,36.25
1790533836.717,11,94,665,0,1361,1200,36.25
1790533836.802,11,94,666,0,1362,1200,36.25
1790533836.895,11,94,666,0,1361,1200,36.20
1790533836.990,11,94,665,0,1362,1200,36.30
1790533837.085,11,94,665,0,1365,1200,36.46
1790533837.183,11,94,665,0,1366,1200,36.51
1790533837.278,11,94,663,0,1368,1200,36.72
1790533837.365,11,94,662,0,1369,1200,36.82
1790533837.457,11,94,660,0,1371,1200,37.03
1790533837.546,11,94,657,0,1374,1200,37.34
1790533837.635,11,94,656,0,1376,1200,37.50
1790533837.726,11,94,654,0,1378,1200,37.71
1790533837.816,11,94,650,0,1383,1200,38.18
1790533837.903,11,94,648,0,1386,1200,38.44
1790533837.990,11,94,645,0,1388,1200,38.70
1790533838.076,11,94,641,0,1391,1200,39.06
1790533838.161,11,94,639,0,1396,1200,39.43
1790533838.250,11,94,634,0,1401,1200,39.95
1790533838.336,11,94,633,0,1403,1200,40.10
1790533838.425,11,94,631,0,1404,1200,40.26
1790533838.517,11,94,632,0,1403,1200,40.16
1790533838.604,11,94,631,0,1402,1200,40.16
1790533838.692,11,94,630,0,1401,1200,40.16
1790533838.779,11,94,629,0,1401,1200,40.21
1790533838.864,11,94,630,0,1401,1200,40.16
1790533838.952,11,94,632,0,1402,1200,40.10
1790533839.040,11,94,632,0,1402,1200,40.10
1790533839.128,11,94,632,0,1402,1200,40.10
1790533839.215,11,94,632,0,1403,1200,40.16
1790533839.306,11,94,631,0,1403,1200,40.21
1790533839.401,11,94,631,0,1404,1200,40.26
1790533839.496,11,94,631,0,1405,1200,40.31
1790533839.588,11,94,631,0,1404,1200,40.26
1790533839.679,11,94,631,0,1404,1200,40.26
1790533839.772,11,94,630,0,1403,1200,40.26
1790533839.864,11,94,631,0,1403,1200,40.21
1790533839.956,11,94,631,0,1402,1200,40.16
1790533840.047,11,94,630,0,1402,1200,40.21
1790533840.145,11,94,630,0,1402,1200,40.21
1790533840.244,11,94,629,0,1402,1200,40.26
1790533840.332,11,94,629,0,1401,1200,40.21
1790533840.426,11,94,628,0,1400,1200,40.21
1790533840.517,11,94,627,0,1399,1200,40.21
1790533840.606,11,94,627,0,1398,1200,40.16
1790533840.700,11,94,627,0,1398,1200,40.16
1790533840.789,11,94,627,0,1397,1200,40.10
1790533840.873,11,94,627,0,1396,1200,40.05
1790533840.958,11,94,628,0,1396,1200,40.00
1790533841.043,11,94,627,0,1397,1200,40.10
1790533841.128,11,94,627,0,1397,1200,40.10
1790533841.213,11,94,627,0,1398,1200,40.16
1790533841.299,11,94,627,0,1398,1200,40.16
1790533841.387,11,94,627,0,1398,1200,40.16
1790533841.476,11,94,626,0,1398,1200,40.21
1790533841.567,11,94,626,0,1398,1200,40.21
1790533841.655,11,94,625,0,1398,1200,40.26
1790533841.744,11,94,625,0,1399,1200,40.31
1790533841.833,11,94,624,0,1401,1200,40.47
1790533841.922,11,94,624,0,1401,1200,40.47
1790533842.011,11,94,620,0,1406,1200,40.94
1790533842.095,11,94,620,0,1406,1200,40.94
1790533842.185,11,94,621,0,1408,1200,40.99
1790533842.277,11,94,612,0,1416,1200,41.88
1790533842.361,11,94,610,0,1417,1200,42.03
1790533842.446,11,94,607,0,1422,1200,42.45
1790533842.532,11,94,607,0,1422,1200,42.45
1790533842.623,11,94,603,0,1423,1200,42.71
1790533842.711,11,94,602,0,1425,1200,42.86
1790533842.801,11,94,598,0,1428,1200,43.23
1790533842.888,11,94,597,0,1431,1200,43.44
1790533842.973,11,94,596,0,1433,1200,43.59
1790533843.060,11,95,594,0,1433,1200,43.70
1790533843.148,11,94,595,0,1432,1200,43.59
1790533843.236,11,94,594,0,1431,1200,43.59
1790533843.327,11,94,594,0,1431,1200,43.59
1790533843.419,11,94,594,0,1433,1200,43.70
1790533843.509,11,94,593,0,1433,1200,43.75
1790533843.593,11,94,593,0,1433,1200,43.75
1790533843.684,11,94,593,0,1432,1200,43.70
1790533843.770,11,94,593,0,1432,1200,43.70
1790533843.869,11,94,593,0,1433,1200,43.75
1790533843.961,11,94,593,0,1433,1200,43.75
1790533844.053,11,94,593,0,1432,1200,43.70
1790533844.141,11,94,593,0,1433,1200,43.75
1790533844.236,11,94,593,0,1432,1200,43.70
1790533844.334,11,94,594,0,1433,1200,43.70
1790533844.420,11,94,594,0,1433,1200,43.70
1790533844.511,11,94,594,0,1433,1200,43.70
1790533844.593,11,94,595,0,1432,1200,43.59
1790533844.686,11,94,594,0,1433,1200,43.70
1790533844.776,11,94,596,0,1433,1200,43.59
1790533844.869,11,94,598,0,1432,1200,43.44
1790533844.966,11,94,598,0,1432,1200,43.44
1790533845.054,11,94,597,0,1434,1200,43.59
1790533845.144,11,94,597,0,1434,1200,43.59
1790533845.232,11,95,594,0,1438,1200,43.96
1790533845.320,11,95,589,0,1443,1200,44.48
1790533845.410,11,95,584,0,1452,1200,45.21
1790533845.501,11,95,580,0,1459,1200,45.78
1790533845.585,11,95,577,0,1464,1200,46.20
1790533845.670,11,95,575,0,1470,1200,46.61
1790533845.760,11,95,574,0,1473,1200,46.82
1790533845.845,11,95,575,0,1472,1200,46.72
1790533845.931,11,95,576,0,1469,1200,46.51
1790533846.016,11,95,576,0,1469,1200,46.51
1790533846.100,11,95,576,0,1469,1200,46.51
1790533846.186,11,95,576,0,1468,1200,46.46
1790533846.276,11,95,575,0,1468,1200,46.51
1790533846.367,11,95,575,0,1468,1200,46.51
1790533846.457,11,95,575,0,1468,1200,46.51
1790533846.547,11,95,575,0,1467,1200,46.46
1790533846.636,11,95,575,0,1468,1200,46.51
1790533846.725,11,95,576,0,1467,1200,46.41
1790533846.818,11,95,577,0,1467,1200,46.35
1790533846.905,11,95,573,0,1465,1200,46.46
1790533846.992,11,95,546,0,1439,1200,46.51
1790533847.081,11,95,516,0,1411,1200,46.61
1790533847.167,11,95,464,0,1358,1200,46.56
1790533847.253,11,95,425,0,1325,1200,46.88
1790533847.337,11,95,369,0,1278,1200,47.34
1790533847.418,11,95,330,0,1249,1200,47.86
1790533847.500,11,95,269,0,1200,1200,48.49
1790533847.582,11,96,226,0,1168,1200,49.06
1790533847.663,11,95,180,0,1137,1200,49.84
1790533847.743,11,96,112,0,1088,1200,50.83
1790533847.826,11,96,65,0,1055,1200,51.56
1790533847.912,11,96,0,0,1009,1200,52.55
1790533847.992,11,96,0,0,976,1200,50.83
1790533848.073,11,96,0,0,891,1200,46.41
1790533848.153,11,96,0,0,891,1200,46.41
1790533848.234,11,96,0,0,854,1200,44.48
1790533848.310,11,96,0,0,798,1200,41.56
1790533848.387,11,96,0,0,758,1200,39.48
1790533848.468,11,96,0,0,716,1200,37.29
1790533848.542,11,96,0,0,605,1200,31.51
1790533848.622,11,96,0,0,605,1200,31.51
1790533848.695,11,96,0,0,605,1200,31.51
1790533848.773,11,96,0,0,605,1200,31.51
1790533848.855,11,96,0,0,605,1200,31.51
1790533848.933,11,96,0,0,605,1200,31.51
1790533849.007,11,96,0,0,605,1200,31.51
1790533849.080,11,96,0,0,605,1200,31.51
1790533849.151,11,96,0,0,605,1200,31.51
1790534057.196,12,60,82,340,190,501,0.75
1790534057.376,12,51,44,334,163,495,0.83
1790534057.980,12,51,44,334,163,495,0.83
