# each path moved to start at (0,0) facing +x; tracking alone (odometry); time = epoch s; source ~/.run_records/s2_static_06/fusion.bag (/fused/odometry, /robot/ekf_odom, /rtabmap/odom, /robot/wheel_odom)
source,t,x,y,heading_deg
blend,1790410828.97,0.000,0.000,0.00
blend,1790410829.02,0.000,-0.000,0.00
blend,1790410829.53,-0.000,0.000,0.01
blend,1790410830.05,-0.000,0.000,-0.00
blend,1790410830.51,-0.000,0.000,-0.01
blend,1790410831.02,0.000,0.000,-0.00
blend,1790410831.53,-0.000,0.000,-0.00
blend,1790410832.05,-0.000,0.000,-0.01
blend,1790410832.50,-0.000,0.000,-0.01
blend,1790410833.01,-0.000,0.000,-0.00
blend,1790410833.52,-0.000,0.000,-0.00
blend,1790410834.01,-0.002,0.000,0.00
blend,1790410834.55,-0.000,0.000,-0.01
blend,1790410835.01,-0.001,0.000,-0.01
blend,1790410835.52,-0.000,0.000,-0.02
blend,1790410836.03,-0.001,0.000,-0.01
blend,1790410836.50,-0.001,0.000,-0.01
blend,1790410837.00,0.000,0.000,-0.01
blend,1790410837.52,-0.001,0.000,0.00
blend,1790410838.03,-0.000,0.000,-0.00
blend,1790410838.54,-0.001,0.000,-0.01
blend,1790410839.05,0.000,0.000,-0.01
blend,1790410839.51,-0.000,0.000,-0.01
blend,1790410840.02,-0.000,0.000,-0.02
blend,1790410840.53,-0.000,0.000,-0.01
blend,1790410841.05,-0.001,0.000,-0.02
blend,1790410841.50,-0.001,0.000,-0.02
blend,1790410842.02,-0.002,0.000,-0.00
blend,1790410842.53,-0.002,0.000,-0.00
blend,1790410843.05,-0.002,0.000,-0.01
blend,1790410843.50,-0.003,0.000,-0.00
blend,1790410844.01,-0.002,0.000,-0.01
blend,1790410844.52,-0.002,0.000,-0.01
blend,1790410845.04,-0.002,0.000,-0.00
blend,1790410845.50,-0.002,0.000,-0.01
blend,1790410846.01,-0.002,0.000,-0.01
blend,1790410846.52,-0.003,0.000,-0.01
blend,1790410847.03,-0.002,0.000,0.00
blend,1790410847.50,-0.002,0.000,-0.01
blend,1790410848.00,-0.004,0.000,-0.01
blend,1790410848.51,-0.002,0.000,0.01
blend,1790410849.03,-0.002,0.000,0.01
blend,1790410849.55,-0.004,0.000,0.01
blend,1790410850.05,-0.004,0.000,0.01
blend,1790410850.51,-0.004,0.000,0.01
blend,1790410851.02,-0.004,0.000,0.01
blend,1790410851.53,-0.004,0.000,0.01
blend,1790410852.05,-0.004,0.000,0.01
blend,1790410852.50,-0.004,0.000,0.01
blend,1790410853.02,-0.004,0.000,0.01
blend,1790410853.53,-0.004,0.000,0.01
blend,1790410854.05,-0.003,0.000,0.01
blend,1790410854.50,-0.003,0.000,0.01
blend,1790410855.01,-0.003,0.000,0.01
blend,1790410855.52,-0.003,0.000,-0.00
blend,1790410856.03,-0.003,0.000,-0.02
blend,1790410856.52,-0.003,0.000,-0.01
blend,1790410857.01,-0.003,0.000,-0.01
blend,1790410857.52,-0.003,0.000,-0.01
blend,1790410858.03,-0.003,0.000,-0.01
blend,1790410858.51,-0.003,0.000,-0.01
blend,1790410859.00,-0.002,0.000,-0.01
blend,1790410859.51,-0.001,0.000,-0.01
blend,1790410860.02,-0.001,0.000,-0.01
blend,1790410860.51,-0.003,0.000,-0.01
blend,1790410861.05,-0.002,0.000,-0.01
blend,1790410861.51,-0.003,0.000,-0.02
blend,1790410862.02,-0.002,0.000,-0.01
blend,1790410862.53,-0.003,0.000,-0.01
blend,1790410863.05,-0.003,0.000,-0.01
blend,1790410863.50,-0.003,0.000,-0.01
blend,1790410864.01,-0.003,0.000,-0.00
blend,1790410864.53,-0.003,0.000,-0.00
blend,1790410865.05,-0.003,0.000,-0.00
blend,1790410865.55,-0.003,0.000,-0.01
blend,1790410866.01,-0.003,0.000,-0.02
blend,1790410866.52,-0.003,0.000,-0.01
blend,1790410867.03,-0.003,0.000,-0.02
blend,1790410867.55,-0.004,0.000,-0.03
blend,1790410868.01,-0.004,0.000,-0.03
blend,1790410868.52,-0.004,0.000,-0.03
blend,1790410869.03,-0.004,0.000,-0.01
blend,1790410869.50,-0.004,0.000,-0.01
blend,1790410870.05,-0.004,0.000,-0.00
blend,1790410870.51,-0.003,0.000,-0.00
blend,1790410871.02,-0.003,0.000,-0.01
blend,1790410871.56,-0.003,0.000,-0.01
blend,1790410872.05,-0.003,0.000,-0.02
blend,1790410872.51,-0.004,0.000,-0.02
blend,1790410873.02,-0.004,0.000,-0.02
blend,1790410873.53,-0.004,0.000,-0.01
blend,1790410874.05,-0.004,0.000,-0.02
blend,1790410874.50,-0.004,0.000,-0.01
blend,1790410875.01,-0.004,0.000,-0.01
blend,1790410875.52,-0.004,0.000,-0.01
blend,1790410876.00,-0.005,0.000,-0.01
blend,1790410876.55,-0.004,0.000,-0.01
blend,1790410877.01,-0.005,0.000,-0.01
blend,1790410877.52,-0.005,0.000,-0.01
blend,1790410878.03,-0.005,0.000,-0.01
blend,1790410878.55,-0.005,0.000,-0.02
blend,1790410879.00,-0.005,0.000,-0.02
blend,1790410879.51,-0.005,0.000,-0.01
blend,1790410880.03,-0.005,0.000,-0.01
blend,1790410880.55,-0.005,0.000,-0.00
blend,1790410881.05,-0.005,0.000,-0.01
blend,1790410881.51,-0.005,0.000,-0.01
blend,1790410882.02,-0.005,0.000,-0.01
blend,1790410882.53,-0.005,0.000,-0.00
blend,1790410883.05,-0.005,0.000,-0.01
blend,1790410883.50,-0.004,0.000,-0.01
blend,1790410884.01,-0.004,0.000,-0.01
blend,1790410884.53,-0.005,0.000,-0.01
blend,1790410885.00,0.056,0.000,-0.05
blend,1790410885.55,0.228,-0.000,-0.02
blend,1790410886.01,0.361,0.000,0.07
blend,1790410886.52,0.510,0.000,0.13
blend,1790410887.05,0.657,0.001,0.20
blend,1790410887.55,0.793,0.001,0.27
blend,1790410888.01,0.920,0.002,0.28
blend,1790410888.52,1.054,0.003,0.32
blend,1790410889.03,1.184,0.004,0.37
blend,1790410889.52,1.312,0.005,0.43
blend,1790410890.00,1.437,0.006,0.47
blend,1790410890.55,1.581,0.007,0.53
blend,1790410891.03,1.707,0.008,0.60
blend,1790410891.55,1.838,0.010,0.62
blend,1790410892.00,1.958,0.011,0.67
blend,1790410892.51,2.094,0.013,0.73
blend,1790410893.03,2.223,0.014,0.79
blend,1790410893.54,2.352,0.016,0.83
blend,1790410894.05,2.481,0.018,0.92
blend,1790410894.51,2.604,0.020,0.94
blend,1790410895.02,2.731,0.022,1.00
blend,1790410895.53,2.859,0.025,1.05
blend,1790410896.01,2.972,0.027,1.06
blend,1790410896.51,3.095,0.029,1.13
blend,1790410897.02,3.223,0.032,1.17
blend,1790410897.53,3.348,0.034,1.21
blend,1790410898.05,3.457,0.037,1.22
blend,1790410898.50,3.524,0.038,1.25
blend,1790410899.02,3.625,0.040,1.30
blend,1790410899.53,3.736,0.043,1.30
blend,1790410900.04,3.850,0.046,1.33
blend,1790410900.50,3.953,0.048,1.35
blend,1790410901.01,4.062,0.051,1.41
blend,1790410901.53,4.169,0.053,1.42
blend,1790410902.00,4.275,0.056,1.47
blend,1790410902.55,4.394,0.059,1.49
blend,1790410903.01,4.492,0.061,1.55
blend,1790410903.52,4.606,0.065,1.58
blend,1790410904.01,4.717,0.068,1.61
blend,1790410904.55,4.838,0.071,1.68
blend,1790410905.01,4.939,0.074,1.68
blend,1790410905.52,5.052,0.078,1.73
blend,1790410906.03,5.167,0.081,1.74
blend,1790410906.51,5.278,0.084,1.78
blend,1790410907.00,5.390,0.088,1.81
blend,1790410907.52,5.506,0.092,1.90
blend,1790410908.03,5.614,0.096,1.91
blend,1790410908.54,5.731,0.100,1.93
blend,1790410909.00,5.838,0.103,1.97
blend,1790410909.51,5.952,0.107,1.99
blend,1790410910.03,6.072,0.111,2.04
blend,1790410910.55,6.188,0.116,2.09
blend,1790410911.05,6.305,0.120,2.12
blend,1790410911.51,6.417,0.124,2.13
blend,1790410912.02,6.528,0.128,2.17
blend,1790410912.55,6.652,0.133,2.22
blend,1790410913.05,6.768,0.138,2.24
blend,1790410913.50,6.872,0.142,2.27
blend,1790410914.01,6.988,0.147,2.33
blend,1790410914.52,7.095,0.152,2.38
blend,1790410915.02,7.207,0.156,2.38
blend,1790410915.53,7.323,0.161,2.45
blend,1790410916.03,7.431,0.166,2.45
blend,1790410916.54,7.545,0.171,2.55
blend,1790410917.05,7.660,0.176,2.56
blend,1790410917.50,7.750,0.180,2.60
blend,1790410918.01,7.870,0.186,2.64
blend,1790410918.51,7.987,0.191,2.68
blend,1790410919.02,8.092,0.196,2.71
blend,1790410919.53,8.200,0.201,2.76
blend,1790410920.03,8.320,0.207,2.75
blend,1790410920.50,8.428,0.213,2.83
blend,1790410921.05,8.554,0.219,2.82
blend,1790410921.51,8.661,0.225,2.88
blend,1790410922.01,8.772,0.230,2.88
blend,1790410922.51,8.891,0.236,2.93
blend,1790410923.00,9.007,0.242,2.98
blend,1790410923.53,9.125,0.248,2.96
blend,1790410924.02,9.245,0.255,3.10
blend,1790410924.51,9.363,0.261,3.12
blend,1790410925.01,9.466,0.266,3.15
blend,1790410925.53,9.593,0.274,3.19
blend,1790410926.00,9.708,0.281,3.23
blend,1790410926.51,9.828,0.287,3.26
blend,1790410927.02,9.943,0.294,3.30
blend,1790410927.52,10.059,0.301,3.35
blend,1790410928.03,10.175,0.307,3.36
blend,1790410928.54,10.296,0.314,3.38
blend,1790410929.05,10.416,0.321,3.41
blend,1790410929.50,10.520,0.327,3.39
blend,1790410930.00,10.641,0.335,3.50
blend,1790410930.51,10.763,0.342,3.50
blend,1790410931.02,10.872,0.350,3.63
blend,1790410931.52,10.979,0.356,3.62
blend,1790410932.03,10.973,0.356,3.58
blend,1790410932.53,10.973,0.356,3.58
blend,1790410933.04,10.973,0.356,3.57
blend,1790410933.51,10.973,0.356,3.57
blend,1790410934.00,10.972,0.356,3.56
blend,1790410934.51,10.972,0.356,3.53
blend,1790410935.01,10.973,0.356,3.41
blend,1790410935.52,10.973,0.356,3.37
blend,1790410936.02,10.973,0.356,3.35
blend,1790410936.53,10.973,0.356,3.30
blend,1790410937.03,10.974,0.356,3.31
blend,1790410937.54,11.021,0.359,3.41
blend,1790410938.00,11.092,0.363,3.39
blend,1790410938.50,11.179,0.368,3.43
blend,1790410939.01,11.263,0.373,3.43
blend,1790410939.51,11.301,0.375,3.44
blend,1790410940.02,11.297,0.375,3.50
blend,1790410940.53,11.297,0.375,3.50
blend,1790410941.03,11.297,0.375,3.47
blend,1790410941.54,11.298,0.375,4.35
blend,1790410942.05,11.306,0.378,15.13
blend,1790410942.50,11.315,0.383,25.21
blend,1790410943.01,11.335,0.398,36.84
blend,1790410943.52,11.338,0.402,48.50
blend,1790410944.04,11.336,0.400,60.31
blend,1790410944.50,11.336,0.400,71.19
blend,1790410945.02,11.336,0.400,83.59
blend,1790410945.55,11.336,0.400,96.39
blend,1790410946.05,11.336,0.400,98.30
blend,1790410946.51,11.336,0.400,98.29
blend,1790410947.02,11.336,0.400,98.28
blend,1790410947.53,11.336,0.400,98.28
blend,1790410948.00,11.336,0.400,98.27
blend,1790410948.50,11.336,0.399,102.55
blend,1790410949.01,11.337,0.399,117.79
blend,1790410949.53,11.335,0.401,133.28
blend,1790410950.05,11.328,0.405,148.71
blend,1790410950.52,11.327,0.405,150.34
blend,1790410951.03,11.327,0.405,150.34
blend,1790410951.50,11.327,0.405,150.33
blend,1790410952.02,11.325,0.406,150.33
blend,1790410952.51,11.325,0.406,151.03
blend,1790410953.05,11.328,0.405,162.21
blend,1790410953.51,11.330,0.405,174.16
blend,1790410954.03,11.322,0.404,177.47
blend,1790410954.50,11.322,0.404,177.46
blend,1790410955.05,11.322,0.404,177.45
blend,1790410955.51,11.325,0.404,177.45
blend,1790410956.02,11.326,0.404,177.42
blend,1790410956.50,11.327,0.404,177.43
blend,1790410957.04,11.325,0.404,177.42
blend,1790410957.50,11.324,0.404,177.41
blend,1790410958.02,11.324,0.404,177.41
blend,1790410958.53,11.324,0.404,177.41
blend,1790410959.05,11.294,0.406,177.54
blend,1790410959.50,11.198,0.410,177.71
blend,1790410960.01,11.076,0.414,177.79
blend,1790410960.53,10.949,0.419,177.85
blend,1790410961.05,10.817,0.424,177.99
blend,1790410961.55,10.692,0.428,178.08
blend,1790410962.01,10.576,0.432,178.12
blend,1790410962.52,10.450,0.436,178.19
blend,1790410963.05,10.318,0.440,178.24
blend,1790410963.55,10.196,0.444,178.30
blend,1790410964.01,10.080,0.447,178.35
blend,1790410964.52,9.951,0.451,178.39
blend,1790410965.00,9.834,0.454,178.48
blend,1790410965.55,9.695,0.458,178.53
blend,1790410966.01,9.578,0.460,178.58
blend,1790410966.52,9.451,0.464,178.64
blend,1790410967.00,9.331,0.466,178.67
blend,1790410967.55,9.194,0.469,178.70
blend,1790410968.01,9.084,0.472,178.79
blend,1790410968.52,8.954,0.474,178.79
blend,1790410969.03,8.824,0.477,178.86
blend,1790410969.56,8.696,0.480,178.93
blend,1790410970.00,8.584,0.482,178.97
blend,1790410970.51,8.458,0.484,179.01
blend,1790410971.03,8.331,0.486,179.07
blend,1790410971.50,8.216,0.488,179.12
blend,1790410972.00,8.093,0.489,179.15
blend,1790410972.51,7.966,0.491,179.23
blend,1790410973.03,7.840,0.493,179.27
blend,1790410973.50,7.724,0.494,179.29
blend,1790410974.05,7.584,0.496,179.35
blend,1790410974.51,7.474,0.497,179.44
blend,1790410975.02,7.345,0.498,179.49
blend,1790410975.53,7.218,0.499,179.52
blend,1790410976.04,7.091,0.500,179.59
blend,1790410976.50,6.976,0.501,179.66
blend,1790410977.02,6.849,0.502,179.66
blend,1790410977.53,6.723,0.502,179.73
blend,1790410978.04,6.594,0.503,179.80
blend,1790410978.50,6.479,0.503,179.81
blend,1790410979.01,6.350,0.504,179.86
blend,1790410979.53,6.224,0.504,179.93
blend,1790410980.04,6.101,0.504,179.97
blend,1790410980.50,5.986,0.504,180.00
blend,1790410981.01,5.860,0.504,180.04
blend,1790410981.52,5.731,0.504,180.11
blend,1790410982.03,5.607,0.503,180.15
blend,1790410982.50,5.487,0.503,180.21
blend,1790410983.01,5.366,0.502,180.25
blend,1790410983.52,5.237,0.502,180.25
blend,1790410984.03,5.110,0.501,180.29
blend,1790410984.50,4.992,0.500,180.36
blend,1790410985.00,4.864,0.499,180.38
blend,1790410985.52,4.734,0.498,180.42
blend,1790410986.03,4.601,0.497,180.48
blend,1790410986.51,4.476,0.496,180.54
blend,1790410987.00,4.353,0.495,180.54
blend,1790410987.51,4.226,0.493,180.60
blend,1790410988.02,4.096,0.492,180.65
blend,1790410988.55,3.964,0.490,180.73
blend,1790410989.00,3.848,0.489,180.71
blend,1790410989.51,3.720,0.487,180.78
blend,1790410990.02,3.587,0.485,180.85
blend,1790410990.53,3.458,0.483,180.92
blend,1790410991.04,3.332,0.481,180.93
blend,1790410991.50,3.208,0.479,180.94
blend,1790410992.01,3.081,0.477,180.98
blend,1790410992.53,2.948,0.474,181.05
blend,1790410993.00,2.830,0.472,181.05
blend,1790410993.55,2.688,0.469,181.14
blend,1790410994.01,2.575,0.467,181.16
blend,1790410994.52,2.442,0.464,181.24
blend,1790410995.03,2.315,0.461,181.30
blend,1790410995.55,2.177,0.458,181.34
blend,1790410996.01,2.064,0.455,181.37
blend,1790410996.52,1.935,0.452,181.47
blend,1790410997.03,1.804,0.448,181.49
blend,1790410997.55,1.676,0.445,181.59
blend,1790410998.00,1.582,0.442,181.57
blend,1790410998.52,1.601,0.443,181.56
blend,1790410999.01,1.583,0.442,181.56
blend,1790410999.50,1.515,0.440,181.59
blend,1790411000.00,1.415,0.437,181.57
blend,1790411000.51,1.308,0.434,181.68
blend,1790411001.01,1.217,0.432,181.70
blend,1790411001.55,1.092,0.428,181.80
blend,1790411002.01,1.000,0.425,181.79
blend,1790411002.51,0.896,0.422,181.85
blend,1790411003.02,0.784,0.418,181.86
blend,1790411003.53,0.680,0.414,181.92
blend,1790411004.05,0.569,0.411,181.95
blend,1790411004.50,0.479,0.407,181.97
blend,1790411005.01,0.473,0.407,181.96
blend,1790411005.53,0.471,0.407,181.95
blend,1790411006.01,0.470,0.407,181.94
blend,1790411006.55,0.470,0.407,181.94
blend,1790411007.01,0.471,0.407,184.41
blend,1790411007.51,0.460,0.405,191.53
blend,1790411008.02,0.450,0.401,198.76
blend,1790411008.53,0.442,0.397,206.03
blend,1790411009.00,0.431,0.390,212.78
blend,1790411009.55,0.417,0.377,220.53
blend,1790411010.01,0.407,0.366,227.02
blend,1790411010.52,0.397,0.350,234.22
blend,1790411011.00,0.390,0.339,240.88
blend,1790411011.50,0.388,0.331,247.85
blend,1790411012.02,0.388,0.332,255.04
blend,1790411012.55,0.387,0.322,256.59
blend,1790411013.00,0.386,0.321,261.02
blend,1790411013.52,0.386,0.322,260.75
blend,1790411014.05,0.386,0.322,260.74
blend,1790411014.51,0.386,0.322,260.73
blend,1790411015.03,0.386,0.322,260.72
blend,1790411015.54,0.386,0.322,260.72
blend,1790411016.01,0.386,0.322,260.73
blend,1790411016.53,0.387,0.323,260.70
blend,1790411017.05,0.387,0.326,260.71
blend,1790411017.51,0.387,0.325,260.69
blend,1790411018.03,0.387,0.323,260.68
blend,1790411018.55,0.387,0.324,260.67
blend,1790411019.02,0.387,0.324,260.68
blend,1790411019.50,0.387,0.325,260.66
blend,1790411020.05,0.387,0.322,260.67
blend,1790411020.52,0.387,0.322,260.67
blend,1790411021.04,0.386,0.319,260.66
blend,1790411021.50,0.386,0.320,260.65
blend,1790411022.02,0.386,0.318,260.65
blend,1790411022.50,0.386,0.318,260.64
blend,1790411023.01,0.383,0.298,260.83
blend,1790411023.53,0.363,0.179,260.80
blend,1790411024.05,0.343,0.050,260.92
blend,1790411024.51,0.324,-0.071,261.03
blend,1790411025.05,0.302,-0.211,261.20
blend,1790411025.50,0.284,-0.328,261.24
blend,1790411026.01,0.264,-0.459,261.36
blend,1790411026.53,0.243,-0.593,261.36
blend,1790411027.05,0.223,-0.728,261.38
blend,1790411027.51,0.205,-0.849,261.50
blend,1790411028.05,0.183,-0.991,261.58
blend,1790411028.50,0.166,-1.110,261.60
blend,1790411029.02,0.146,-1.246,261.69
blend,1790411029.51,0.128,-1.366,261.70
blend,1790411030.00,0.123,-1.403,261.72
blend,1790411030.52,0.123,-1.403,261.71
blend,1790411031.05,0.123,-1.401,262.22
blend,1790411031.51,0.123,-1.409,265.95
blend,1790411032.03,0.123,-1.409,265.74
blend,1790411032.51,0.118,-1.480,265.97
blend,1790411033.01,0.108,-1.634,266.06
blend,1790411033.52,0.096,-1.802,266.18
blend,1790411034.00,0.086,-1.957,266.27
blend,1790411034.51,0.076,-2.100,266.31
blend,1790411035.03,0.065,-2.288,266.42
blend,1790411035.50,0.055,-2.442,266.48
blend,1790411036.02,0.045,-2.611,266.52
blend,1790411036.56,0.035,-2.779,266.58
blend,1790411037.01,0.027,-2.919,266.63
blend,1790411037.53,0.017,-3.078,266.74
blend,1790411038.00,0.009,-3.227,266.83
blend,1790411038.51,0.001,-3.384,266.92
blend,1790411039.03,-0.008,-3.539,267.00
blend,1790411039.51,-0.015,-3.679,267.03
blend,1790411040.02,-0.023,-3.842,267.09
blend,1790411040.54,-0.031,-3.998,267.16
blend,1790411041.00,-0.038,-4.139,267.21
blend,1790411041.52,-0.045,-4.296,267.30
blend,1790411042.04,-0.052,-4.451,267.36
blend,1790411042.51,-0.059,-4.593,267.37
blend,1790411043.03,-0.065,-4.745,267.48
blend,1790411043.50,-0.072,-4.891,267.56
blend,1790411044.01,-0.078,-5.046,267.61
blend,1790411044.53,-0.085,-5.198,267.68
blend,1790411045.00,-0.090,-5.345,267.76
blend,1790411045.52,-0.096,-5.508,267.88
blend,1790411046.00,-0.101,-5.649,267.91
blend,1790411046.51,-0.106,-5.803,267.97
blend,1790411047.03,-0.112,-5.954,268.05
blend,1790411047.54,-0.117,-6.107,268.08
blend,1790411048.01,-0.122,-6.253,268.16
blend,1790411048.53,-0.126,-6.412,268.20
blend,1790411049.00,-0.130,-6.550,268.26
blend,1790411049.52,-0.135,-6.697,268.26
blend,1790411050.05,-0.140,-6.853,268.32
blend,1790411050.50,-0.143,-6.985,268.39
blend,1790411051.02,-0.147,-7.143,268.46
blend,1790411051.51,-0.151,-7.293,268.53
blend,1790411052.01,-0.155,-7.447,268.63
blend,1790411052.51,-0.157,-7.594,268.69
blend,1790411053.01,-0.163,-7.757,268.72
blend,1790411053.51,-0.165,-7.899,268.78
blend,1790411054.03,-0.169,-8.064,268.83
blend,1790411054.50,-0.171,-8.197,268.89
blend,1790411055.02,-0.174,-8.348,268.91
blend,1790411055.55,-0.177,-8.517,268.96
blend,1790411056.00,-0.179,-8.655,268.99
blend,1790411056.52,-0.182,-8.816,269.03
blend,1790411057.01,-0.184,-8.969,269.11
blend,1790411057.51,-0.186,-9.113,269.15
blend,1790411058.03,-0.188,-9.271,269.25
blend,1790411058.56,-0.190,-9.428,269.26
blend,1790411059.02,-0.191,-9.571,269.32
blend,1790411059.53,-0.193,-9.733,269.39
blend,1790411060.00,-0.194,-9.871,269.43
blend,1790411060.52,-0.196,-10.032,269.48
blend,1790411061.05,-0.197,-10.186,269.57
blend,1790411061.51,-0.197,-10.321,269.61
blend,1790411062.03,-0.199,-10.477,269.65
blend,1790411062.55,-0.199,-10.638,269.76
blend,1790411063.01,-0.199,-10.777,269.80
blend,1790411063.53,-0.200,-10.934,269.88
blend,1790411064.05,-0.200,-11.095,269.91
blend,1790411064.52,-0.200,-11.230,269.98
blend,1790411065.04,-0.200,-11.380,270.01
blend,1790411065.50,-0.199,-11.526,270.05
blend,1790411066.02,-0.199,-11.684,270.11
blend,1790411066.55,-0.198,-11.841,270.15
blend,1790411067.01,-0.198,-11.986,270.22
blend,1790411067.53,-0.197,-12.138,270.30
blend,1790411068.00,-0.196,-12.284,270.37
blend,1790411068.51,-0.194,-12.432,270.45
blend,1790411069.03,-0.193,-12.587,270.49
blend,1790411069.51,-0.192,-12.727,270.53
blend,1790411070.02,-0.190,-12.881,270.56
blend,1790411070.51,-0.188,-13.028,270.64
blend,1790411071.00,-0.186,-13.176,270.68
blend,1790411071.52,-0.184,-13.338,270.75
blend,1790411072.00,-0.181,-13.488,270.83
blend,1790411072.51,-0.179,-13.628,270.89
blend,1790411073.03,-0.177,-13.775,270.92
blend,1790411073.55,-0.176,-13.931,270.91
blend,1790411074.01,-0.174,-14.074,270.94
blend,1790411074.53,-0.171,-14.236,270.96
blend,1790411075.00,-0.168,-14.359,271.04
blend,1790411075.52,-0.165,-14.513,271.12
blend,1790411076.04,-0.163,-14.640,271.11
blend,1790411076.50,-0.162,-14.743,271.08
blend,1790411077.02,-0.162,-14.745,271.06
blend,1790411077.54,-0.162,-14.745,271.06
blend,1790411078.01,-0.162,-14.745,271.07
blend,1790411078.52,-0.162,-14.744,271.06
blend,1790411079.05,-0.162,-14.745,271.06
blend,1790411079.51,-0.162,-14.744,271.07
blend,1790411080.03,-0.162,-14.745,271.07
blend,1790411080.55,-0.162,-14.742,271.03
blend,1790411081.01,-0.162,-14.738,270.99
blend,1790411081.53,-0.162,-14.737,271.01
blend,1790411082.05,-0.162,-14.733,278.81
blend,1790411082.51,-0.167,-14.724,294.24
blend,1790411083.02,-0.173,-14.714,311.23
blend,1790411083.50,-0.163,-14.721,327.99
blend,1790411084.01,-0.157,-14.722,344.69
blend,1790411084.52,-0.146,-14.724,344.80
blend,1790411085.00,-0.148,-14.724,344.80
blend,1790411085.52,-0.150,-14.723,344.79
blend,1790411086.02,-0.150,-14.723,344.79
blend,1790411086.51,-0.151,-14.723,350.26
blend,1790411087.03,-0.146,-14.722,370.32
blend,1790411087.53,-0.138,-14.718,390.98
blend,1790411088.04,-0.126,-14.706,403.37
blend,1790411088.50,-0.122,-14.702,403.37
blend,1790411089.07,-0.123,-14.703,403.36
blend,1790411089.65,-0.123,-14.703,403.34
blend,1790411090.03,-0.123,-14.703,403.35
blend,1790411090.55,-0.123,-14.703,403.34
blend,1790411091.05,-0.123,-14.703,403.34
blend,1790411091.51,-0.123,-14.703,403.34
blend,1790411092.02,-0.123,-14.703,403.34
blend,1790411092.53,-0.123,-14.703,403.34
blend,1790411093.05,-0.123,-14.703,406.55
blend,1790411093.55,-0.124,-14.704,419.08
blend,1790411094.01,-0.123,-14.703,423.36
blend,1790411094.52,-0.123,-14.703,423.33
blend,1790411095.03,-0.123,-14.703,423.33
blend,1790411095.55,-0.123,-14.703,423.33
blend,1790411096.05,-0.123,-14.703,423.32
blend,1790411096.50,-0.123,-14.703,423.31
blend,1790411097.01,-0.123,-14.703,423.30
blend,1790411097.52,-0.123,-14.703,423.31
blend,1790411098.03,-0.123,-14.703,423.31
blend,1790411098.55,-0.123,-14.703,423.30
blend,1790411099.05,-0.123,-14.703,423.31
blend,1790411099.50,-0.123,-14.703,423.30
blend,1790411100.01,-0.123,-14.703,423.30
blend,1790411100.52,-0.123,-14.703,423.28
blend,1790411101.03,-0.123,-14.703,423.28
blend,1790411101.54,-0.123,-14.703,423.29
blend,1790411102.05,-0.123,-14.702,423.28
blend,1790411102.51,-0.123,-14.702,423.27
blend,1790411103.01,-0.123,-14.702,423.28
blend,1790411103.52,-0.123,-14.702,423.28
blend,1790411104.03,-0.123,-14.702,423.28
blend,1790411104.54,-0.123,-14.702,423.28
blend,1790411105.05,-0.123,-14.702,423.27
blend,1790411105.51,-0.123,-14.702,423.27
blend,1790411106.01,-0.123,-14.702,423.27
blend,1790411106.52,-0.123,-14.702,423.26
blend,1790411107.03,-0.123,-14.702,423.26
blend,1790411107.55,-0.123,-14.702,423.27
blend,1790411108.00,-0.122,-14.701,423.27
blend,1790411108.51,-0.122,-14.701,423.28
blend,1790411109.02,-0.122,-14.700,423.28
blend,1790411109.52,-0.122,-14.700,423.28
blend,1790411110.03,-0.122,-14.700,423.29
blend,1790411110.55,-0.122,-14.700,423.28
blend,1790411111.00,-0.121,-14.699,423.27
blend,1790411111.51,-0.121,-14.699,423.27
blend,1790411112.02,-0.121,-14.699,423.25
blend,1790411112.53,-0.121,-14.698,423.24
blend,1790411113.03,-0.121,-14.699,423.24
blend,1790411113.54,-0.121,-14.699,423.24
blend,1790411114.00,-0.121,-14.699,423.24
blend,1790411114.51,-0.121,-14.699,423.24
blend,1790411115.02,-0.121,-14.698,423.24
blend,1790411115.53,-0.122,-14.700,423.22
blend,1790411116.03,-0.121,-14.699,423.22
blend,1790411116.54,-0.121,-14.698,423.22
blend,1790411117.00,-0.122,-14.700,419.00
blend,1790411117.51,-0.116,-14.695,407.61
blend,1790411118.02,-0.121,-14.699,407.48
blend,1790411118.53,-0.121,-14.698,407.49
blend,1790411119.04,-0.120,-14.698,407.49
blend,1790411119.55,-0.120,-14.698,407.49
blend,1790411120.01,-0.119,-14.696,407.48
blend,1790411120.52,-0.119,-14.697,403.97
blend,1790411121.02,-0.113,-14.695,393.33
blend,1790411121.53,-0.119,-14.699,393.21
blend,1790411122.03,-0.118,-14.698,393.21
blend,1790411122.54,-0.119,-14.699,393.21
blend,1790411123.05,-0.117,-14.698,393.03
blend,1790411123.54,-0.111,-14.697,381.08
blend,1790411124.00,-0.104,-14.697,370.92
blend,1790411124.51,-0.102,-14.697,371.26
blend,1790411125.01,-0.103,-14.697,371.28
blend,1790411125.52,-0.103,-14.697,371.28
blend,1790411126.03,-0.104,-14.697,371.28
blend,1790411126.53,-0.104,-14.697,371.28
blend,1790411127.05,-0.103,-14.697,371.28
blend,1790411127.54,-0.104,-14.697,370.45
blend,1790411128.00,-0.096,-14.697,364.12
blend,1790411128.51,-0.094,-14.698,364.17
blend,1790411129.02,-0.094,-14.698,364.17
blend,1790411129.55,-0.094,-14.698,364.18
blend,1790411130.05,-0.097,-14.698,364.19
blend,1790411130.51,-0.096,-14.698,364.19
blend,1790411131.02,-0.095,-14.698,363.70
blend,1790411131.53,-0.089,-14.699,354.23
blend,1790411132.04,-0.080,-14.702,350.26
blend,1790411132.50,-0.080,-14.702,350.26
blend,1790411133.02,-0.080,-14.702,350.26
blend,1790411133.53,-0.079,-14.702,350.27
blend,1790411134.05,-0.079,-14.702,350.27
blend,1790411134.50,-0.080,-14.702,350.27
blend,1790411135.01,-0.080,-14.702,344.11
blend,1790411135.53,-0.073,-14.705,342.06
blend,1790411136.00,-0.073,-14.705,342.05
blend,1790411136.55,-0.073,-14.705,342.05
blend,1790411137.01,-0.072,-14.705,342.05
blend,1790411137.52,-0.072,-14.705,342.05
blend,1790411138.04,-0.072,-14.705,342.05
blend,1790411138.55,-0.072,-14.705,342.05
blend,1790411139.01,-0.072,-14.705,342.05
blend,1790411139.52,-0.071,-14.705,342.05
blend,1790411140.03,-0.038,-14.716,341.97
blend,1790411140.55,0.051,-14.745,341.91
blend,1790411141.01,0.146,-14.776,341.86
blend,1790411141.52,0.254,-14.812,341.82
blend,1790411142.03,0.375,-14.852,341.85
blend,1790411142.50,0.491,-14.890,341.86
blend,1790411143.00,0.617,-14.931,341.92
blend,1790411143.52,0.646,-14.940,341.82
blend,1790411144.03,0.647,-14.941,341.83
blend,1790411144.55,0.647,-14.941,341.83
blend,1790411145.00,0.646,-14.940,341.83
blend,1790411145.51,0.647,-14.941,341.83
blend,1790411146.02,0.647,-14.940,341.83
blend,1790411146.54,0.647,-14.941,341.83
blend,1790411147.05,0.646,-14.940,341.83
blend,1790411147.51,0.647,-14.941,341.83
blend,1790411148.02,0.647,-14.941,341.81
blend,1790411148.53,0.739,-14.971,341.87
blend,1790411149.05,0.890,-15.020,341.91
blend,1790411149.51,1.022,-15.063,341.97
blend,1790411150.02,1.170,-15.111,342.01
blend,1790411150.53,1.245,-15.135,342.02
blend,1790411151.04,1.241,-15.134,342.02
blend,1790411151.50,1.242,-15.134,342.02
blend,1790411152.02,1.242,-15.134,342.00
blend,1790411152.53,1.242,-15.134,342.00
blend,1790411153.04,1.242,-15.134,341.99
blend,1790411153.50,1.243,-15.134,341.99
blend,1790411154.01,1.243,-15.134,341.98
blend,1790411154.52,1.243,-15.134,341.98
blend,1790411155.00,1.243,-15.134,341.98
blend,1790411155.55,1.243,-15.134,341.98
blend,1790411156.01,1.243,-15.134,341.98
blend,1790411156.52,1.240,-15.134,344.08
blend,1790411157.03,1.232,-15.133,356.56
blend,1790411157.55,1.228,-15.134,356.10
blend,1790411158.01,1.228,-15.134,356.08
blend,1790411158.52,1.228,-15.134,356.05
blend,1790411159.03,1.228,-15.134,356.06
blend,1790411159.50,1.228,-15.134,356.06
blend,1790411160.00,1.228,-15.134,356.05
blend,1790411160.52,1.234,-15.134,356.23
blend,1790411161.03,1.410,-15.146,356.29
blend,1790411161.55,1.614,-15.158,356.54
blend,1790411162.00,1.790,-15.168,356.63
blend,1790411162.52,1.989,-15.180,356.71
blend,1790411163.03,2.186,-15.191,356.82
blend,1790411163.55,2.386,-15.202,356.91
blend,1790411164.00,2.561,-15.211,356.97
blend,1790411164.52,2.761,-15.221,357.04
blend,1790411165.03,2.964,-15.231,357.15
blend,1790411165.50,3.142,-15.239,357.24
blend,1790411166.00,3.336,-15.249,357.32
blend,1790411166.52,3.533,-15.257,357.43
blend,1790411167.03,3.711,-15.265,357.43
blend,1790411167.51,3.690,-15.264,357.42
blend,1790411168.00,3.691,-15.264,357.41
blend,1790411168.52,3.689,-15.264,357.41
blend,1790411169.03,3.689,-15.264,357.40
blend,1790411169.50,3.689,-15.264,357.42
blend,1790411170.00,3.689,-15.264,357.40
blend,1790411170.52,3.690,-15.264,357.41
blend,1790411171.02,3.688,-15.264,357.42
blend,1790411171.51,3.688,-15.264,357.41
blend,1790411172.05,3.694,-15.264,357.31
blend,1790411172.51,3.800,-15.269,357.39
blend,1790411173.02,3.979,-15.277,357.47
blend,1790411173.55,4.180,-15.286,357.57
blend,1790411174.00,4.354,-15.293,357.70
blend,1790411174.51,4.540,-15.301,357.76
blend,1790411175.02,4.738,-15.308,357.81
blend,1790411175.53,4.925,-15.315,357.91
blend,1790411176.05,5.121,-15.321,357.99
blend,1790411176.51,5.297,-15.327,358.06
blend,1790411177.02,5.437,-15.332,358.08
blend,1790411177.55,5.422,-15.331,358.10
blend,1790411178.05,5.422,-15.331,358.09
blend,1790411178.51,5.420,-15.331,358.10
blend,1790411179.02,5.421,-15.331,358.10
blend,1790411179.53,5.420,-15.331,358.09
blend,1790411180.05,5.422,-15.331,358.07
blend,1790411180.50,5.422,-15.331,358.07
blend,1790411181.02,5.422,-15.331,358.06
blend,1790411181.53,5.421,-15.331,358.05
blend,1790411182.05,5.421,-15.331,358.04
blend,1790411182.50,5.420,-15.331,358.05
blend,1790411183.01,5.422,-15.331,358.04
blend,1790411183.53,5.421,-15.331,358.05
blend,1790411184.04,5.421,-15.331,358.05
blend,1790411184.55,5.420,-15.331,358.04
blend,1790411185.01,5.420,-15.331,358.04
blend,1790411185.52,5.418,-15.331,358.04
blend,1790411186.03,5.418,-15.331,358.03
blend,1790411186.51,5.417,-15.331,358.03
blend,1790411187.01,5.417,-15.331,358.02
blend,1790411187.52,5.418,-15.331,358.03
blend,1790411188.03,5.419,-15.331,358.02
blend,1790411188.55,5.420,-15.331,358.01
blend,1790411189.00,5.421,-15.331,358.01
blend,1790411189.52,5.420,-15.331,358.01
blend,1790411190.03,5.420,-15.331,358.01
blend,1790411190.50,5.421,-15.331,357.99
blend,1790411191.05,5.422,-15.331,357.99
blend,1790411191.51,5.423,-15.331,357.99
blend,1790411192.02,5.422,-15.331,357.99
blend,1790411192.50,5.421,-15.331,357.99
blend,1790411193.05,5.421,-15.331,358.01
blend,1790411193.51,5.296,-15.327,358.34
blend,1790411194.02,5.094,-15.324,359.27
blend,1790411194.55,4.892,-15.325,360.54
blend,1790411195.05,4.698,-15.331,361.64
blend,1790411195.51,4.522,-15.341,362.61
blend,1790411196.02,4.324,-15.352,363.42
blend,1790411196.50,4.144,-15.365,364.05
blend,1790411197.05,4.145,-15.366,364.00
blend,1790411197.51,4.144,-15.366,364.01
blend,1790411198.02,4.144,-15.366,364.00
blend,1790411198.53,4.144,-15.366,364.02
blend,1790411199.04,4.145,-15.366,364.01
blend,1790411199.50,4.146,-15.366,364.01
blend,1790411200.02,4.145,-15.366,364.01
blend,1790411200.53,4.147,-15.366,364.01
blend,1790411201.05,4.149,-15.366,364.00
blend,1790411201.51,4.148,-15.366,364.00
blend,1790411202.00,4.150,-15.366,364.01
blend,1790411202.52,4.150,-15.366,364.01
blend,1790411203.04,4.150,-15.365,364.01
blend,1790411203.51,4.151,-15.365,364.01
blend,1790411204.01,4.151,-15.365,364.01
blend,1790411204.52,4.150,-15.365,364.02
blend,1790411205.03,4.152,-15.365,364.01
blend,1790411205.55,4.151,-15.365,364.00
blend,1790411206.00,4.152,-15.365,364.00
blend,1790411206.51,4.152,-15.365,364.00
blend,1790411207.03,4.152,-15.365,364.00
blend,1790411207.51,4.151,-15.365,364.00
blend,1790411208.05,4.151,-15.365,364.01
blend,1790411208.51,4.152,-15.365,364.00
blend,1790411209.02,4.151,-15.365,363.99
blend,1790411209.50,4.151,-15.365,363.99
blend,1790411210.04,4.151,-15.365,363.99
blend,1790411210.51,4.050,-15.375,365.59
blend,1790411211.01,3.846,-15.406,368.52
blend,1790411211.52,3.655,-15.446,371.60
blend,1790411212.03,3.467,-15.497,374.66
blend,1790411212.54,3.283,-15.557,377.63
blend,1790411213.05,3.097,-15.629,380.70
blend,1790411213.55,2.926,-15.706,383.13
blend,1790411214.00,2.934,-15.704,383.03
blend,1790411214.51,2.934,-15.703,383.01
blend,1790411215.02,2.934,-15.703,383.00
blend,1790411215.52,2.932,-15.704,382.98
blend,1790411216.03,2.937,-15.703,375.77
blend,1790411216.55,2.935,-15.704,369.64
blend,1790411217.00,2.935,-15.703,369.66
blend,1790411217.55,2.935,-15.704,369.66
blend,1790411218.00,2.936,-15.703,369.66
blend,1790411218.51,2.936,-15.703,369.66
blend,1790411219.01,2.936,-15.703,369.66
blend,1790411219.52,2.936,-15.703,369.67
blend,1790411220.02,2.937,-15.703,367.41
blend,1790411220.55,2.941,-15.704,357.94
blend,1790411221.05,2.943,-15.704,357.99
blend,1790411221.51,2.944,-15.704,357.99
blend,1790411222.02,2.944,-15.704,357.99
blend,1790411222.53,2.945,-15.705,357.99
blend,1790411223.05,2.945,-15.705,357.99
blend,1790411223.51,2.946,-15.705,360.48
blend,1790411224.02,2.954,-15.705,364.07
blend,1790411224.53,2.994,-15.701,366.15
blend,1790411225.05,3.130,-15.683,367.47
blend,1790411225.50,3.256,-15.666,367.61
blend,1790411226.01,3.350,-15.653,367.64
blend,1790411226.51,3.339,-15.654,367.63
blend,1790411227.02,3.338,-15.654,367.63
blend,1790411227.52,3.338,-15.654,369.83
blend,1790411228.03,3.337,-15.654,383.95
blend,1790411228.55,3.338,-15.654,383.90
blend,1790411229.01,3.337,-15.654,383.89
blend,1790411229.55,3.338,-15.654,383.89
blend,1790411230.05,3.337,-15.654,383.88
blend,1790411230.51,3.338,-15.654,383.87
blend,1790411231.01,3.338,-15.654,383.87
blend,1790411231.51,3.337,-15.654,383.86
blend,1790411232.02,3.337,-15.654,383.85
blend,1790411232.52,3.336,-15.655,383.86
blend,1790411233.03,3.337,-15.654,389.76
blend,1790411233.54,3.336,-15.653,407.50
blend,1790411234.00,3.338,-15.651,407.46
blend,1790411234.51,3.338,-15.650,407.43
blend,1790411235.02,3.338,-15.651,407.42
blend,1790411235.54,3.337,-15.652,407.44
blend,1790411236.05,3.338,-15.651,407.45
blend,1790411236.51,3.337,-15.651,407.42
blend,1790411237.02,3.338,-15.651,407.66
blend,1790411237.52,3.339,-15.648,430.21
blend,1790411238.01,3.331,-15.597,434.64
blend,1790411238.52,3.332,-15.642,434.63
blend,1790411239.03,3.332,-15.641,434.65
blend,1790411239.55,3.332,-15.641,434.66
blend,1790411240.01,3.332,-15.641,434.66
blend,1790411240.52,3.332,-15.641,434.70
blend,1790411241.00,3.333,-15.639,435.83
blend,1790411241.50,3.333,-15.637,457.29
blend,1790411242.02,3.333,-15.636,469.87
blend,1790411242.53,3.333,-15.635,469.85
blend,1790411243.04,3.333,-15.636,469.78
blend,1790411243.50,3.333,-15.636,469.75
blend,1790411244.00,3.332,-15.634,484.06
blend,1790411244.51,3.355,-15.653,490.28
blend,1790411245.02,3.350,-15.647,490.32
blend,1790411245.53,3.351,-15.648,490.29
blend,1790411246.00,3.348,-15.645,490.31
blend,1790411246.50,3.349,-15.647,490.33
blend,1790411247.01,3.353,-15.651,490.29
blend,1790411247.52,3.354,-15.653,490.28
blend,1790411248.03,3.352,-15.650,490.31
blend,1790411248.54,3.352,-15.650,490.33
blend,1790411249.00,3.360,-15.654,497.80
blend,1790411249.52,3.357,-15.651,497.68
blend,1790411250.04,3.358,-15.652,497.67
blend,1790411250.50,3.359,-15.653,497.67
blend,1790411251.02,3.364,-15.656,505.00
blend,1790411251.53,3.365,-15.655,506.79
blend,1790411252.05,3.362,-15.654,506.76
blend,1790411252.51,3.360,-15.652,506.77
blend,1790411253.03,3.362,-15.654,506.74
blend,1790411253.50,3.360,-15.652,506.75
blend,1790411254.01,3.356,-15.650,506.74
blend,1790411254.53,3.356,-15.650,506.73
blend,1790411255.00,3.356,-15.650,506.73
blend,1790411255.50,3.357,-15.650,506.71
blend,1790411256.02,3.356,-15.650,506.79
blend,1790411256.54,3.358,-15.651,514.89
blend,1790411257.00,3.363,-15.653,514.88
blend,1790411257.52,3.363,-15.654,514.90
blend,1790411258.03,3.365,-15.654,514.90
blend,1790411258.50,3.364,-15.654,514.88
blend,1790411259.01,3.365,-15.655,514.89
blend,1790411259.53,3.366,-15.655,514.89
blend,1790411260.00,3.364,-15.654,514.89
blend,1790411260.51,3.363,-15.654,514.89
blend,1790411261.02,3.365,-15.654,514.89
blend,1790411261.55,3.364,-15.654,514.88
blend,1790411262.00,3.367,-15.656,514.89
blend,1790411262.52,3.328,-15.638,515.08
blend,1790411263.04,3.126,-15.545,515.28
blend,1790411263.50,2.964,-15.471,515.46
blend,1790411264.02,2.775,-15.386,515.52
blend,1790411264.55,2.587,-15.300,515.60
blend,1790411265.02,2.418,-15.225,515.72
blend,1790411265.52,2.240,-15.145,515.86
blend,1790411266.03,2.062,-15.065,515.88
blend,1790411266.50,1.965,-15.022,515.88
blend,1790411267.01,1.969,-15.024,515.88
blend,1790411267.51,1.966,-15.023,519.37
blend,1790411268.05,1.967,-15.023,519.02
blend,1790411268.51,1.967,-15.023,519.02
blend,1790411269.01,1.970,-15.024,519.01
blend,1790411269.50,1.968,-15.024,519.00
blend,1790411270.01,2.006,-15.038,519.08
blend,1790411270.52,2.179,-15.104,519.01
blend,1790411271.00,2.113,-15.079,519.01
blend,1790411271.50,2.133,-15.087,519.00
blend,1790411272.02,2.134,-15.087,519.00
blend,1790411272.50,2.223,-15.121,519.03
blend,1790411273.00,2.219,-15.120,519.05
blend,1790411273.52,2.222,-15.121,519.06
blend,1790411274.03,2.222,-15.121,519.06
blend,1790411274.55,2.223,-15.121,519.05
blend,1790411275.01,2.222,-15.121,519.07
blend,1790411275.53,2.223,-15.121,519.07
blend,1790411276.05,2.224,-15.122,519.07
blend,1790411276.51,2.231,-15.124,519.08
blend,1790411277.03,2.362,-15.175,519.10
blend,1790411277.54,2.355,-15.172,519.08
blend,1790411278.01,2.355,-15.172,519.08
blend,1790411278.52,2.355,-15.172,519.07
blend,1790411279.05,2.357,-15.173,519.06
blend,1790411279.50,2.358,-15.173,519.06
blend,1790411280.02,2.360,-15.174,519.06
blend,1790411280.53,2.374,-15.180,518.97
blend,1790411281.05,2.534,-15.241,518.78
blend,1790411281.52,2.538,-15.243,518.89
blend,1790411282.03,2.537,-15.242,518.89
blend,1790411282.55,2.538,-15.243,518.89
blend,1790411283.01,2.539,-15.243,518.88
blend,1790411283.53,2.542,-15.244,518.88
blend,1790411284.04,2.543,-15.245,518.88
blend,1790411284.51,2.543,-15.245,518.88
blend,1790411285.03,2.544,-15.245,521.32
blend,1790411285.55,2.548,-15.246,536.54
blend,1790411286.05,2.545,-15.247,536.28
blend,1790411286.51,2.549,-15.247,536.28
blend,1790411287.01,2.548,-15.247,536.27
blend,1790411287.52,2.548,-15.247,536.27
blend,1790411288.03,2.544,-15.247,536.27
blend,1790411288.51,2.544,-15.247,536.27
blend,1790411289.00,2.544,-15.247,536.26
blend,1790411289.51,2.437,-15.240,536.50
blend,1790411290.02,2.232,-15.228,536.65
blend,1790411290.54,2.035,-15.217,536.84
blend,1790411291.05,1.836,-15.206,536.89
blend,1790411291.50,1.677,-15.198,536.90
blend,1790411292.02,1.676,-15.198,536.92
blend,1790411292.53,1.616,-15.194,536.89
blend,1790411293.05,1.618,-15.195,536.86
blend,1790411293.55,1.507,-15.189,536.91
blend,1790411294.01,1.401,-15.183,536.97
blend,1790411294.52,1.333,-15.180,536.99
blend,1790411295.03,1.337,-15.180,536.99
blend,1790411295.54,1.338,-15.180,536.99
blend,1790411296.05,1.264,-15.176,536.97
blend,1790411296.51,1.135,-15.169,537.04
blend,1790411297.02,0.994,-15.162,537.12
blend,1790411297.53,0.859,-15.155,537.14
blend,1790411298.04,0.794,-15.152,537.13
blend,1790411298.55,0.797,-15.152,537.13
blend,1790411299.01,0.798,-15.152,537.13
blend,1790411299.52,0.798,-15.152,544.31
blend,1790411300.03,0.793,-15.153,544.47
blend,1790411300.50,0.791,-15.153,544.60
blend,1790411301.05,0.651,-15.165,544.75
blend,1790411301.51,0.551,-15.173,544.80
blend,1790411302.01,0.559,-15.173,542.64
blend,1790411302.53,0.562,-15.173,542.86
blend,1790411303.02,0.451,-15.177,542.56
blend,1790411303.50,0.321,-15.183,542.54
blend,1790411304.01,0.179,-15.190,542.59
blend,1790411304.52,0.112,-15.193,542.56
blend,1790411305.03,0.118,-15.192,542.57
blend,1790411305.55,0.099,-15.193,542.51
blend,1790411306.01,-0.020,-15.199,542.54
blend,1790411306.51,-0.153,-15.204,542.59
blend,1790411307.02,-0.285,-15.211,542.68
blend,1790411307.53,-0.419,-15.217,542.73
blend,1790411308.04,-0.552,-15.223,542.77
blend,1790411308.50,-0.676,-15.229,542.78
blend,1790411309.01,-0.810,-15.236,542.82
blend,1790411309.52,-0.951,-15.243,542.87
blend,1790411310.03,-1.081,-15.249,542.97
blend,1790411310.56,-1.113,-15.251,542.91
blend,1790411311.00,-1.114,-15.251,542.91
blend,1790411311.51,-1.115,-15.251,542.92
blend,1790411312.02,-1.115,-15.251,542.93
blend,1790411312.53,-1.116,-15.251,542.93
blend,1790411313.05,-1.116,-15.251,542.93
blend,1790411313.50,-1.117,-15.251,542.92
blend,1790411314.01,-1.116,-15.251,542.91
blend,1790411314.52,-1.115,-15.251,542.93
blend,1790411315.03,-1.115,-15.251,542.93
blend,1790411315.50,-1.117,-15.251,542.92
blend,1790411316.01,-1.145,-15.253,542.92
blend,1790411316.51,-1.280,-15.260,542.97
blend,1790411317.02,-1.412,-15.267,543.03
blend,1790411317.53,-1.544,-15.274,543.04
blend,1790411318.04,-1.672,-15.281,543.13
blend,1790411318.55,-1.806,-15.288,543.20
blend,1790411319.01,-1.926,-15.295,543.24
blend,1790411319.52,-2.054,-15.302,543.31
blend,1790411320.03,-2.189,-15.310,543.33
blend,1790411320.51,-2.307,-15.317,543.38
blend,1790411321.00,-2.432,-15.324,543.41
blend,1790411321.51,-2.565,-15.332,543.45
blend,1790411322.02,-2.695,-15.340,543.31
blend,1790411322.53,-2.694,-15.340,543.42
blend,1790411323.05,-2.695,-15.340,543.41
blend,1790411323.55,-2.695,-15.340,543.42
blend,1790411324.01,-2.695,-15.340,543.42
blend,1790411324.52,-2.695,-15.340,543.42
blend,1790411325.03,-2.695,-15.340,543.42
blend,1790411325.55,-2.697,-15.340,543.41
blend,1790411326.05,-2.697,-15.340,543.41
blend,1790411326.51,-2.720,-15.341,543.41
blend,1790411327.02,-2.849,-15.349,543.37
blend,1790411327.53,-2.852,-15.349,543.46
blend,1790411328.04,-2.851,-15.349,543.46
blend,1790411328.55,-2.852,-15.349,543.47
blend,1790411329.01,-2.851,-15.349,543.48
blend,1790411329.52,-2.912,-15.353,543.43
blend,1790411330.03,-3.051,-15.361,543.53
blend,1790411330.55,-3.191,-15.370,543.57
blend,1790411331.00,-3.311,-15.377,543.61
blend,1790411331.51,-3.449,-15.386,543.64
blend,1790411332.02,-3.583,-15.394,543.72
blend,1790411332.53,-3.708,-15.403,543.76
blend,1790411333.05,-3.700,-15.402,543.76
blend,1790411333.51,-3.697,-15.402,543.76
blend,1790411334.01,-3.696,-15.402,543.76
blend,1790411334.52,-3.697,-15.402,543.76
blend,1790411335.03,-3.696,-15.402,543.74
blend,1790411335.54,-3.696,-15.402,543.73
blend,1790411336.01,-3.695,-15.402,543.72
blend,1790411336.52,-3.693,-15.402,543.73
blend,1790411337.01,-3.694,-15.402,543.73
blend,1790411337.51,-3.694,-15.402,543.73
blend,1790411338.01,-3.694,-15.402,543.73
blend,1790411338.52,-3.783,-15.407,543.79
blend,1790411339.01,-3.823,-15.410,543.80
blend,1790411339.52,-3.819,-15.410,543.79
blend,1790411340.03,-3.820,-15.410,543.77
blend,1790411340.55,-3.821,-15.410,543.78
blend,1790411341.05,-3.822,-15.410,543.78
blend,1790411341.51,-3.821,-15.410,543.79
blend,1790411342.02,-3.876,-15.414,543.75
blend,1790411342.53,-3.877,-15.414,543.78
blend,1790411343.05,-3.877,-15.414,543.78
blend,1790411343.50,-3.877,-15.414,543.80
blend,1790411344.01,-3.877,-15.414,543.78
blend,1790411344.52,-3.876,-15.413,543.78
blend,1790411345.02,-3.876,-15.413,543.77
blend,1790411345.53,-3.876,-15.413,543.76
blend,1790411346.05,-3.876,-15.413,543.78
blend,1790411346.50,-3.875,-15.413,543.79
blend,1790411347.01,-3.877,-15.413,543.79
blend,1790411347.52,-3.877,-15.413,543.79
blend,1790411348.03,-3.877,-15.413,543.79
blend,1790411348.55,-3.877,-15.413,543.79
blend,1790411349.01,-3.876,-15.413,543.78
blend,1790411349.51,-3.877,-15.413,543.78
blend,1790411350.02,-3.878,-15.413,543.77
blend,1790411350.53,-4.001,-15.421,543.69
blend,1790411351.01,-4.157,-15.432,543.84
blend,1790411351.55,-4.338,-15.444,543.92
blend,1790411352.01,-4.488,-15.455,544.01
blend,1790411352.52,-4.659,-15.467,544.06
blend,1790411353.03,-4.831,-15.479,544.12
blend,1790411353.51,-4.998,-15.492,544.19
blend,1790411354.05,-5.179,-15.505,544.28
blend,1790411354.51,-5.338,-15.517,544.35
blend,1790411355.02,-5.508,-15.530,544.39
blend,1790411355.53,-5.683,-15.544,544.51
blend,1790411356.01,-5.847,-15.557,544.62
blend,1790411356.55,-6.035,-15.572,544.75
blend,1790411357.01,-6.188,-15.585,544.79
blend,1790411357.52,-6.363,-15.600,544.83
blend,1790411358.03,-6.536,-15.615,544.98
blend,1790411358.54,-6.704,-15.629,544.98
blend,1790411359.05,-6.876,-15.644,545.09
blend,1790411359.51,-6.988,-15.654,545.11
blend,1790411360.02,-6.969,-15.652,545.09
blend,1790411360.53,-6.996,-15.655,545.12
blend,1790411361.04,-7.059,-15.660,545.11
blend,1790411361.55,-7.051,-15.659,545.08
blend,1790411362.01,-7.050,-15.659,545.14
blend,1790411362.52,-7.050,-15.659,545.11
blend,1790411363.03,-7.050,-15.659,545.10
blend,1790411363.50,-7.050,-15.659,545.11
blend,1790411364.01,-7.049,-15.659,545.13
blend,1790411364.51,-7.049,-15.659,545.12
blend,1790411365.01,-7.048,-15.659,541.57
blend,1790411365.53,-7.034,-15.661,535.43
blend,1790411366.05,-7.031,-15.661,534.22
blend,1790411366.55,-7.026,-15.663,523.46
blend,1790411367.01,-7.022,-15.665,514.79
blend,1790411367.53,-7.015,-15.670,508.23
blend,1790411368.01,-7.014,-15.670,502.50
blend,1790411368.52,-7.015,-15.669,496.87
blend,1790411369.02,-7.012,-15.673,491.85
blend,1790411369.53,-7.008,-15.679,486.41
blend,1790411370.00,-7.011,-15.674,481.79
blend,1790411370.50,-7.012,-15.672,476.60
blend,1790411371.01,-7.016,-15.663,471.48
blend,1790411371.51,-7.017,-15.657,466.52
blend,1790411372.00,-7.016,-15.669,461.41
blend,1790411372.50,-7.022,-15.659,461.66
blend,1790411373.01,-7.017,-15.683,461.67
blend,1790411373.50,-7.017,-15.682,461.69
blend,1790411374.00,-7.009,-15.724,461.64
blend,1790411374.51,-7.012,-15.707,457.11
blend,1790411375.02,-7.002,-15.640,446.24
blend,1790411375.51,-6.904,-15.331,442.14
blend,1790411376.05,-6.954,-15.485,442.14
blend,1790411376.51,-6.954,-15.485,442.14
blend,1790411377.03,-6.954,-15.484,437.20
blend,1790411377.54,-6.954,-15.485,430.76
blend,1790411378.01,-6.954,-15.484,430.86
blend,1790411378.51,-6.954,-15.484,430.86
blend,1790411379.02,-6.954,-15.484,430.86
blend,1790411379.53,-6.954,-15.484,429.04
blend,1790411380.03,-6.961,-15.498,417.87
blend,1790411380.55,-6.969,-15.510,411.93
blend,1790411381.00,-6.971,-15.512,411.97
blend,1790411381.51,-6.965,-15.504,412.03
blend,1790411382.02,-6.956,-15.502,398.82
blend,1790411382.52,-6.949,-15.494,398.83
blend,1790411383.03,-6.951,-15.496,398.83
blend,1790411383.51,-6.946,-15.492,398.83
blend,1790411384.00,-6.964,-15.504,390.62
blend,1790411384.50,-6.962,-15.503,380.80
blend,1790411385.00,-6.949,-15.502,370.75
blend,1790411385.52,-6.947,-15.502,368.33
blend,1790411386.03,-6.949,-15.502,368.37
blend,1790411386.55,-6.948,-15.502,368.38
blend,1790411387.01,-6.947,-15.502,368.37
blend,1790411387.51,-6.931,-15.500,368.27
blend,1790411388.02,-6.786,-15.479,368.19
blend,1790411388.54,-6.657,-15.460,368.14
blend,1790411389.00,-6.543,-15.444,368.21
blend,1790411389.51,-6.408,-15.424,368.26
blend,1790411390.02,-6.281,-15.406,368.30
blend,1790411390.53,-6.150,-15.387,368.35
blend,1790411391.01,-6.028,-15.368,368.42
blend,1790411391.51,-5.901,-15.350,368.44
blend,1790411392.02,-5.771,-15.330,368.46
blend,1790411392.53,-5.639,-15.311,368.48
blend,1790411393.05,-5.506,-15.291,368.54
blend,1790411393.51,-5.393,-15.274,368.56
blend,1790411394.02,-5.264,-15.254,368.61
blend,1790411394.53,-5.132,-15.234,368.68
blend,1790411395.04,-5.001,-15.214,368.70
blend,1790411395.50,-4.885,-15.196,368.79
blend,1790411396.01,-4.754,-15.176,368.80
blend,1790411396.53,-4.629,-15.157,368.86
blend,1790411397.05,-4.490,-15.135,368.89
blend,1790411397.56,-4.365,-15.115,368.96
blend,1790411398.01,-4.251,-15.097,368.97
blend,1790411398.52,-4.125,-15.077,369.04
blend,1790411399.05,-3.992,-15.056,369.05
blend,1790411399.55,-3.864,-15.036,369.11
blend,1790411400.01,-3.747,-15.017,369.12
blend,1790411400.52,-3.617,-14.996,369.15
blend,1790411401.03,-3.484,-14.975,369.20
blend,1790411401.50,-3.365,-14.955,369.28
blend,1790411402.01,-3.240,-14.935,369.30
blend,1790411402.52,-3.111,-14.914,369.34
blend,1790411403.03,-2.982,-14.892,369.37
blend,1790411403.50,-2.869,-14.874,369.41
blend,1790411404.02,-2.747,-14.854,369.43
blend,1790411404.51,-2.633,-14.835,369.45
blend,1790411405.00,-2.520,-14.816,369.54
blend,1790411405.55,-2.392,-14.794,369.59
blend,1790411406.00,-2.286,-14.776,369.64
blend,1790411406.51,-2.167,-14.756,369.67
blend,1790411407.01,-2.050,-14.736,369.72
blend,1790411407.50,-1.942,-14.717,369.78
blend,1790411408.05,-1.826,-14.697,369.78
blend,1790411408.51,-1.780,-14.689,369.81
blend,1790411409.02,-1.788,-14.691,369.83
blend,1790411409.53,-1.788,-14.691,369.81
blend,1790411410.05,-1.786,-14.691,367.56
blend,1790411410.51,-1.781,-14.690,366.33
blend,1790411411.02,-1.745,-14.687,365.92
blend,1790411411.53,-1.601,-14.671,365.91
blend,1790411412.00,-1.482,-14.659,365.96
blend,1790411412.51,-1.348,-14.645,366.01
blend,1790411413.02,-1.213,-14.631,366.05
blend,1790411413.53,-1.077,-14.616,366.11
blend,1790411414.01,-0.956,-14.603,366.11
blend,1790411414.50,-0.826,-14.589,366.20
blend,1790411415.02,-0.776,-14.584,366.22
blend,1790411415.53,-0.780,-14.584,366.62
blend,1790411416.00,-0.779,-14.585,369.92
blend,1790411416.50,-0.771,-14.583,370.05
blend,1790411417.01,-0.664,-14.564,370.14
blend,1790411417.53,-0.566,-14.547,370.13
blend,1790411418.04,-0.462,-14.528,370.27
blend,1790411418.50,-0.372,-14.512,370.36
blend,1790411419.01,-0.285,-14.496,370.33
blend,1790411419.52,-0.272,-14.493,370.30
blend,1790411420.05,-0.277,-14.496,377.59
blend,1790411420.51,-0.289,-14.502,385.40
blend,1790411421.05,-0.289,-14.502,387.27
blend,1790411421.50,-0.205,-14.459,387.32
blend,1790411422.01,-0.090,-14.399,387.55
blend,1790411422.50,-0.081,-14.394,387.45
blend,1790411423.02,-0.082,-14.394,393.29
blend,1790411423.53,-0.086,-14.398,401.62
blend,1790411424.05,-0.085,-14.397,406.64
blend,1790411424.55,-0.086,-14.398,406.62
blend,1790411425.01,-0.086,-14.398,406.60
blend,1790411425.52,-0.085,-14.397,406.58
blend,1790411426.03,-0.085,-14.397,406.57
blend,1790411426.55,-0.085,-14.397,406.56
blend,1790411427.00,-0.085,-14.397,413.60
blend,1790411427.51,-0.081,-14.389,415.12
blend,1790411428.03,-0.021,-14.304,415.17
blend,1790411428.50,0.049,-14.203,415.31
blend,1790411429.05,0.138,-14.072,415.50
blend,1790411429.51,0.213,-13.964,415.57
blend,1790411430.02,0.303,-13.832,415.64
blend,1790411430.54,0.383,-13.688,424.30
blend,1790411431.00,0.412,-13.528,437.37
blend,1790411431.52,0.408,-13.343,450.27
blend,1790411432.03,0.398,-13.180,451.46
blend,1790411432.50,0.394,-13.036,451.63
blend,1790411433.01,0.389,-12.872,451.77
blend,1790411433.53,0.384,-12.712,451.85
blend,1790411434.05,0.388,-12.570,446.22
blend,1790411434.51,0.404,-12.398,445.92
blend,1790411435.03,0.418,-12.201,445.93
blend,1790411435.51,0.431,-12.016,445.94
blend,1790411436.01,0.444,-11.818,446.01
blend,1790411436.51,0.458,-11.619,446.09
blend,1790411437.04,0.472,-11.417,446.15
blend,1790411437.52,0.484,-11.232,446.23
blend,1790411438.03,0.497,-11.039,446.32
blend,1790411438.51,0.509,-10.851,446.40
blend,1790411439.01,0.520,-10.664,446.42
blend,1790411439.51,0.533,-10.456,446.53
blend,1790411440.04,0.545,-10.252,446.65
blend,1790411440.50,0.555,-10.078,446.66
blend,1790411441.02,0.566,-9.879,446.75
blend,1790411441.53,0.572,-9.772,446.76
blend,1790411442.05,0.572,-9.778,446.75
blend,1790411442.51,0.572,-9.776,446.75
blend,1790411443.03,0.572,-9.778,446.74
blend,1790411443.54,0.572,-9.778,446.71
blend,1790411444.01,0.572,-9.780,446.74
blend,1790411444.52,0.572,-9.781,446.73
blend,1790411445.05,0.579,-9.653,446.52
blend,1790411445.51,0.590,-9.468,446.67
blend,1790411446.03,0.601,-9.267,446.71
blend,1790411446.55,0.613,-9.065,446.76
blend,1790411447.01,0.623,-8.884,446.89
blend,1790411447.53,0.634,-8.672,446.97
blend,1790411448.00,0.644,-8.487,447.05
blend,1790411448.51,0.653,-8.294,447.17
blend,1790411449.03,0.663,-8.085,447.26
blend,1790411449.55,0.673,-7.882,447.35
blend,1790411450.01,0.681,-7.703,447.37
blend,1790411450.52,0.690,-7.498,447.49
blend,1790411451.04,0.699,-7.292,447.57
blend,1790411451.50,0.707,-7.111,447.61
blend,1790411452.02,0.715,-6.902,447.74
blend,1790411452.55,0.723,-6.693,447.87
blend,1790411453.05,0.730,-6.497,447.91
blend,1790411453.52,0.737,-6.312,447.99
blend,1790411454.03,0.744,-6.104,448.12
blend,1790411454.50,0.750,-5.918,448.17
blend,1790411455.01,0.756,-5.715,448.22
blend,1790411455.53,0.762,-5.511,448.32
blend,1790411456.05,0.768,-5.302,448.43
blend,1790411456.51,0.773,-5.119,448.48
blend,1790411457.03,0.778,-4.915,448.55
blend,1790411457.55,0.783,-4.710,448.65
blend,1790411458.01,0.787,-4.530,448.71
blend,1790411458.52,0.791,-4.323,448.81
blend,1790411459.04,0.795,-4.124,448.93
blend,1790411459.50,0.799,-3.940,448.98
blend,1790411460.02,0.802,-3.731,449.02
blend,1790411460.55,0.806,-3.524,449.07
blend,1790411461.01,0.808,-3.341,449.20
blend,1790411461.50,0.811,-3.148,449.25
blend,1790411462.04,0.814,-2.929,449.29
blend,1790411462.52,0.815,-2.739,449.43
blend,1790411463.00,0.817,-2.554,449.47
blend,1790411463.52,0.819,-2.370,449.56
blend,1790411464.00,0.820,-2.171,449.66
blend,1790411464.52,0.821,-1.985,449.74
blend,1790411465.01,0.822,-1.795,449.79
blend,1790411465.51,0.823,-1.605,449.81
blend,1790411466.01,0.823,-1.416,449.97
blend,1790411466.52,0.823,-1.225,450.01
blend,1790411467.02,0.823,-1.037,450.08
blend,1790411467.50,0.822,-0.856,450.19
blend,1790411468.01,0.821,-0.655,450.29
blend,1790411468.55,0.820,-0.441,450.40
blend,1790411469.00,0.818,-0.267,450.24
blend,1790411469.52,0.818,-0.252,450.31
blend,1790411470.03,0.819,-0.185,449.95
blend,1790411470.50,0.818,0.001,450.09
blend,1790411471.02,0.818,0.023,450.05
blend,1790411471.53,0.818,0.024,448.12
blend,1790411472.04,0.815,0.020,432.87
blend,1790411472.50,0.806,0.007,418.51
blend,1790411473.01,0.791,-0.006,402.64
blend,1790411473.52,0.781,-0.010,386.46
blend,1790411474.03,0.782,-0.010,370.25
blend,1790411474.54,0.787,-0.011,355.38
blend,1790411475.00,0.789,-0.011,355.60
blend,1790411475.51,0.789,-0.011,355.61
blend,1790411476.02,0.789,-0.011,355.61
blend,1790411476.54,0.789,-0.011,355.61
blend,1790411477.00,0.789,-0.011,355.61
blend,1790411477.51,0.790,-0.012,355.62
blend,1790411478.02,0.791,-0.012,355.62
blend,1790411478.53,0.792,-0.012,355.62
blend,1790411479.05,0.854,-0.017,355.33
blend,1790411479.51,1.046,-0.033,355.26
blend,1790411480.02,1.246,-0.049,355.35
blend,1790411480.53,1.454,-0.066,355.42
blend,1790411481.04,1.658,-0.082,355.44
blend,1790411481.50,1.839,-0.096,355.53
blend,1790411482.02,2.042,-0.112,355.56
blend,1790411482.53,2.250,-0.128,355.67
blend,1790411483.00,2.410,-0.140,355.56
blend,1790411483.50,2.408,-0.140,355.51
blend,1790411484.01,2.408,-0.140,355.51
blend,1790411484.53,2.411,-0.140,355.52
blend,1790411485.05,2.413,-0.140,355.52
blend,1790411485.55,2.415,-0.140,355.51
blend,1790411486.01,2.419,-0.141,355.51
blend,1790411486.52,2.417,-0.141,355.51
blend,1790411487.05,2.416,-0.141,355.50
blend,1790411487.55,2.415,-0.140,355.50
blend,1790411488.01,2.420,-0.141,355.51
blend,1790411488.52,2.420,-0.141,355.50
blend,1790411489.03,2.420,-0.141,355.52
blend,1790411489.54,2.421,-0.141,355.52
blend,1790411490.00,2.427,-0.141,355.51
blend,1790411490.51,2.427,-0.141,355.50
blend,1790411491.03,2.428,-0.141,355.49
blend,1790411491.55,2.429,-0.142,355.49
blend,1790411492.00,2.428,-0.141,355.48
blend,1790411492.51,2.433,-0.142,355.48
blend,1790411493.02,2.430,-0.142,355.48
blend,1790411493.55,2.468,-0.145,355.54
blend,1790411494.00,2.586,-0.154,355.58
blend,1790411494.51,2.765,-0.167,355.63
blend,1790411495.02,2.942,-0.181,355.72
blend,1790411495.53,3.108,-0.193,355.76
blend,1790411496.02,3.258,-0.204,355.87
blend,1790411496.50,3.409,-0.215,355.88
blend,1790411497.00,3.559,-0.225,355.95
blend,1790411497.52,3.689,-0.234,355.96
blend,1790411498.00,3.668,-0.233,355.93
blend,1790411498.50,3.670,-0.233,356.08
blend,1790411499.02,3.667,-0.233,360.31
blend,1790411499.53,3.666,-0.233,361.84
blend,1790411500.05,3.775,-0.230,362.08
blend,1790411500.50,3.948,-0.223,362.24
blend,1790411501.02,4.153,-0.214,362.40
blend,1790411501.53,4.353,-0.206,362.50
blend,1790411502.04,4.548,-0.197,362.58
blend,1790411502.50,4.729,-0.189,362.65
blend,1790411503.01,4.934,-0.179,362.76
blend,1790411503.53,5.127,-0.170,362.78
blend,1790411504.04,5.158,-0.168,362.78
blend,1790411504.50,5.158,-0.168,362.79
blend,1790411505.01,5.158,-0.168,362.78
blend,1790411505.52,5.158,-0.168,362.77
blend,1790411506.04,5.155,-0.168,362.75
blend,1790411506.50,5.159,-0.168,362.76
blend,1790411507.01,5.159,-0.168,362.76
blend,1790411507.52,5.158,-0.168,362.75
blend,1790411508.03,5.159,-0.168,362.77
blend,1790411508.50,5.158,-0.168,362.73
blend,1790411509.00,5.157,-0.168,362.73
blend,1790411509.52,5.156,-0.168,362.73
blend,1790411510.03,5.157,-0.168,362.74
blend,1790411510.54,5.157,-0.168,362.73
blend,1790411511.00,5.156,-0.168,362.72
blend,1790411511.51,5.157,-0.168,362.72
blend,1790411512.02,5.155,-0.168,362.72
blend,1790411512.55,5.153,-0.168,362.70
blend,1790411513.05,5.153,-0.168,362.71
blend,1790411513.51,5.153,-0.168,362.70
blend,1790411514.02,5.153,-0.168,362.70
blend,1790411514.53,5.153,-0.168,362.72
blend,1790411515.04,5.157,-0.168,362.72
blend,1790411515.50,5.157,-0.168,362.72
blend,1790411516.02,5.157,-0.167,362.72
blend,1790411516.53,5.157,-0.167,362.71
blend,1790411517.00,5.158,-0.167,362.71
blend,1790411517.50,5.156,-0.168,362.69
blend,1790411518.01,5.157,-0.167,362.68
blend,1790411518.52,5.158,-0.167,362.71
blend,1790411519.01,5.159,-0.167,362.70
blend,1790411519.55,5.161,-0.167,362.70
blend,1790411520.01,5.161,-0.167,362.69
blend,1790411520.52,5.162,-0.167,362.69
blend,1790411521.03,5.161,-0.167,362.69
blend,1790411521.50,5.163,-0.167,362.69
blend,1790411522.02,5.294,-0.161,362.80
blend,1790411522.51,5.485,-0.151,362.85
blend,1790411523.01,5.687,-0.141,363.00
blend,1790411523.55,5.899,-0.129,363.15
blend,1790411524.01,6.082,-0.119,363.18
blend,1790411524.51,6.282,-0.108,363.27
blend,1790411525.02,6.464,-0.097,363.38
blend,1790411525.55,6.677,-0.084,363.47
blend,1790411526.00,6.856,-0.073,363.52
blend,1790411526.52,7.056,-0.061,363.60
blend,1790411527.03,7.259,-0.047,363.74
blend,1790411527.55,7.463,-0.034,363.76
blend,1790411528.00,7.630,-0.023,363.83
blend,1790411528.51,7.830,-0.009,363.93
blend,1790411529.03,8.032,0.005,364.00
blend,1790411529.55,8.232,0.019,364.01
blend,1790411530.00,8.255,0.021,363.92
blend,1790411530.51,8.259,0.021,363.92
blend,1790411531.03,8.369,0.029,363.90
blend,1790411531.50,8.532,0.039,363.90
blend,1790411532.05,8.725,0.053,363.96
blend,1790411532.51,8.880,0.064,364.03
blend,1790411533.02,9.060,0.076,364.09
blend,1790411533.50,9.214,0.088,364.08
blend,1790411534.05,9.216,0.088,364.10
blend,1790411534.51,9.214,0.088,364.08
blend,1790411535.02,9.214,0.088,364.10
blend,1790411535.55,9.212,0.088,368.31
blend,1790411536.04,9.213,0.087,389.40
blend,1790411536.50,9.219,0.095,408.90
blend,1790411537.01,9.224,0.102,430.90
blend,1790411537.53,9.224,0.103,440.98
blend,1790411538.01,9.224,0.103,440.97
blend,1790411538.51,9.224,0.104,440.96
blend,1790411539.03,9.224,0.104,454.00
blend,1790411539.55,9.225,0.103,467.95
blend,1790411540.01,9.225,0.103,467.56
blend,1790411540.53,9.225,0.103,467.56
blend,1790411541.05,9.231,0.093,478.32
blend,1790411541.50,9.218,0.106,493.98
blend,1790411542.01,9.243,0.092,499.26
blend,1790411542.53,9.237,0.097,499.22
blend,1790411543.00,9.237,0.096,507.78
blend,1790411543.51,9.240,0.095,523.89
blend,1790411544.03,9.236,0.094,527.08
blend,1790411544.54,9.234,0.095,527.43
blend,1790411545.01,9.232,0.095,540.66
blend,1790411545.52,9.239,0.096,541.76
blend,1790411546.03,9.238,0.096,541.75
blend,1790411546.53,9.238,0.096,541.74
blend,1790411547.04,9.237,0.096,541.73
blend,1790411547.50,9.239,0.096,541.73
blend,1790411548.01,9.126,0.092,541.96
blend,1790411548.52,8.936,0.085,542.01
blend,1790411549.03,8.901,0.084,541.98
blend,1790411549.55,8.898,0.084,541.97
blend,1790411550.00,8.899,0.084,541.97
blend,1790411550.51,8.899,0.084,541.96
blend,1790411551.02,8.845,0.082,541.97
blend,1790411551.50,8.695,0.076,542.10
blend,1790411552.00,8.548,0.071,542.12
blend,1790411552.50,8.403,0.065,542.18
blend,1790411553.01,8.247,0.059,542.23
blend,1790411553.53,8.134,0.055,542.28
blend,1790411554.05,8.143,0.055,542.27
blend,1790411554.51,8.143,0.055,542.26
blend,1790411555.00,8.141,0.055,542.26
blend,1790411555.51,8.146,0.054,533.41
blend,1790411556.02,8.151,0.054,533.85
blend,1790411556.55,8.151,0.054,533.85
blend,1790411557.04,8.152,0.054,533.85
blend,1790411557.50,8.151,0.054,533.86
blend,1790411558.01,8.150,0.054,533.85
blend,1790411558.52,8.151,0.054,533.85
blend,1790411559.03,8.151,0.054,533.85
blend,1790411559.55,8.152,0.054,533.85
blend,1790411560.05,8.153,0.053,533.85
blend,1790411560.51,8.152,0.054,533.85
blend,1790411561.02,8.151,0.054,533.85
blend,1790411561.53,8.149,0.054,533.85
blend,1790411562.05,8.147,0.054,533.84
blend,1790411562.56,8.144,0.054,533.84
blend,1790411563.00,8.144,0.054,533.84
blend,1790411563.52,8.144,0.054,533.84
blend,1790411564.02,8.143,0.054,533.83
blend,1790411564.53,8.143,0.055,533.83
blend,1790411565.00,8.143,0.055,533.83
blend,1790411565.50,8.139,0.055,533.83
blend,1790411566.01,8.139,0.055,533.83
blend,1790411566.52,8.134,0.055,533.82
blend,1790411567.03,8.132,0.056,533.83
blend,1790411567.55,8.130,0.056,533.82
blend,1790411568.05,8.127,0.056,533.82
blend,1790411568.51,8.129,0.056,533.83
blend,1790411569.02,8.128,0.056,533.84
blend,1790411569.53,8.047,0.065,533.58
blend,1790411570.04,7.883,0.084,533.57
blend,1790411570.55,7.766,0.097,533.55
blend,1790411571.01,7.648,0.111,533.52
blend,1790411571.52,7.504,0.127,533.54
blend,1790411572.03,7.363,0.143,533.57
blend,1790411572.55,7.208,0.160,533.59
blend,1790411573.00,7.074,0.175,533.65
blend,1790411573.51,6.912,0.193,533.73
blend,1790411574.02,6.741,0.212,533.77
blend,1790411574.53,6.574,0.230,533.80
blend,1790411575.00,6.420,0.246,533.86
blend,1790411575.55,6.243,0.265,533.96
blend,1790411576.01,6.086,0.282,533.99
blend,1790411576.52,5.918,0.299,534.04
blend,1790411577.03,5.745,0.317,534.14
blend,1790411577.54,5.575,0.334,534.20
blend,1790411578.05,5.403,0.351,534.24
blend,1790411578.51,5.252,0.366,534.30
blend,1790411579.02,5.088,0.382,534.41
blend,1790411579.53,4.923,0.398,534.40
blend,1790411580.04,4.745,0.415,534.54
blend,1790411580.50,4.589,0.430,534.60
blend,1790411581.01,4.419,0.446,534.68
blend,1790411581.52,4.245,0.462,534.73
blend,1790411582.03,4.087,0.476,534.83
blend,1790411582.55,3.910,0.492,534.87
blend,1790411583.01,3.760,0.505,534.94
blend,1790411583.51,3.594,0.520,535.00
blend,1790411584.02,3.426,0.534,535.07
blend,1790411584.53,3.257,0.549,535.09
blend,1790411585.05,3.081,0.563,535.19
blend,1790411585.51,2.934,0.575,535.24
blend,1790411586.01,2.760,0.589,535.26
blend,1790411586.52,2.605,0.602,535.29
blend,1790411587.03,2.573,0.605,535.32
blend,1790411587.54,2.577,0.604,535.32
blend,1790411588.00,2.576,0.604,537.45
blend,1790411588.51,2.574,0.604,543.59
blend,1790411589.02,2.568,0.603,549.75
blend,1790411589.50,2.559,0.601,555.50
blend,1790411590.06,2.554,0.599,561.62
blend,1790411590.55,2.544,0.594,561.33
blend,1790411591.00,2.465,0.563,561.44
blend,1790411591.51,2.374,0.527,561.55
blend,1790411592.01,2.276,0.489,561.68
blend,1790411592.51,2.170,0.447,561.69
blend,1790411593.02,2.059,0.402,561.77
blend,1790411593.50,1.953,0.360,561.85
blend,1790411594.03,1.846,0.317,561.87
blend,1790411594.53,1.744,0.276,561.96
blend,1790411595.00,1.640,0.234,562.01
blend,1790411595.54,1.527,0.188,562.08
blend,1790411596.01,1.426,0.147,562.11
blend,1790411596.55,1.310,0.100,562.18
blend,1790411597.00,1.220,0.062,562.22
blend,1790411597.50,1.114,0.019,562.24
blend,1790411598.01,1.004,-0.026,562.26
blend,1790411598.51,0.950,-0.048,562.29
blend,1790411599.02,0.955,-0.046,562.47
blend,1790411599.52,0.956,-0.045,568.69
blend,1790411600.03,0.940,-0.057,576.60
blend,1790411600.53,0.929,-0.070,586.79
blend,1790411601.00,0.920,-0.087,596.36
blend,1790411601.51,0.915,-0.101,606.61
blend,1790411602.02,0.913,-0.112,617.02
blend,1790411602.55,0.913,-0.122,627.50
blend,1790411603.00,0.913,-0.129,626.98
blend,1790411603.52,0.913,-0.132,626.97
blend,1790411604.00,0.913,-0.133,626.96
blend,1790411604.50,0.912,-0.136,626.96
blend,1790411605.02,0.912,-0.137,626.95
blend,1790411605.54,0.912,-0.136,626.95
blend,1790411606.00,0.912,-0.136,626.95
blend,1790411606.52,0.912,-0.139,626.94
blend,1790411607.05,0.908,-0.230,627.10
blend,1790411607.51,0.901,-0.371,627.27
blend,1790411608.02,0.892,-0.555,627.35
blend,1790411608.54,0.884,-0.743,627.51
blend,1790411609.01,0.876,-0.913,627.57
blend,1790411609.53,0.868,-1.109,627.69
blend,1790411610.05,0.861,-1.303,627.72
blend,1790411610.52,0.854,-1.478,627.82
blend,1790411611.03,0.847,-1.668,627.90
blend,1790411611.50,0.840,-1.842,627.97
blend,1790411612.02,0.834,-2.037,628.04
blend,1790411612.55,0.827,-2.237,628.17
blend,1790411613.01,0.822,-2.402,628.17
blend,1790411613.52,0.816,-2.595,628.30
blend,1790411614.04,0.810,-2.790,628.34
blend,1790411614.51,0.805,-2.970,628.47
blend,1790411615.03,0.800,-3.173,628.55
blend,1790411615.55,0.795,-3.379,628.57
blend,1790411616.02,0.790,-3.569,628.70
blend,1790411616.52,0.786,-3.760,628.79
blend,1790411617.00,0.782,-3.955,628.80
blend,1790411617.51,0.778,-4.160,628.89
blend,1790411618.01,0.773,-4.372,629.00
blend,1790411618.51,0.771,-4.561,629.05
blend,1790411619.00,0.767,-4.744,629.16
blend,1790411619.51,0.765,-4.911,629.26
blend,1790411620.02,0.763,-5.106,629.36
blend,1790411620.53,0.761,-5.313,629.42
blend,1790411621.00,0.760,-5.502,629.50
blend,1790411621.52,0.757,-5.728,629.54
blend,1790411622.01,0.755,-5.924,629.54
blend,1790411622.51,0.754,-6.118,629.63
blend,1790411623.03,0.753,-6.320,629.74
blend,1790411623.55,0.753,-6.525,629.85
blend,1790411624.01,0.752,-6.702,629.84
blend,1790411624.53,0.752,-6.907,629.94
blend,1790411625.05,0.753,-7.118,630.09
blend,1790411625.52,0.753,-7.299,630.12
blend,1790411626.00,0.754,-7.489,630.15
blend,1790411626.50,0.755,-7.689,630.27
blend,1790411627.02,0.756,-7.893,630.34
blend,1790411627.50,0.757,-8.080,630.38
blend,1790411628.01,0.759,-8.276,630.50
blend,1790411628.53,0.761,-8.487,630.57
blend,1790411629.05,0.763,-8.694,630.64
blend,1790411629.52,0.765,-8.875,630.71
blend,1790411630.05,0.768,-9.090,630.79
blend,1790411630.50,0.771,-9.262,630.88
blend,1790411631.02,0.774,-9.468,630.90
blend,1790411631.54,0.777,-9.669,630.98
blend,1790411632.01,0.780,-9.861,631.08
blend,1790411632.53,0.785,-10.070,631.16
blend,1790411633.05,0.789,-10.277,631.26
blend,1790411633.51,0.793,-10.453,631.40
blend,1790411634.00,0.799,-10.645,631.47
blend,1790411634.50,0.804,-10.841,631.62
blend,1790411635.02,0.810,-11.034,631.74
blend,1790411635.55,0.816,-11.219,631.76
blend,1790411636.01,0.817,-11.379,629.66
blend,1790411636.53,0.808,-11.571,628.33
blend,1790411637.00,0.802,-11.748,628.26
blend,1790411637.51,0.796,-11.950,628.30
blend,1790411638.03,0.790,-12.149,628.34
blend,1790411638.50,0.785,-12.327,628.33
blend,1790411639.02,0.779,-12.524,628.38
blend,1790411639.54,0.775,-12.722,628.46
blend,1790411640.01,0.769,-12.906,628.52
blend,1790411640.52,0.764,-13.117,628.58
blend,1790411641.01,0.760,-13.306,628.69
blend,1790411641.51,0.755,-13.501,628.74
blend,1790411642.03,0.751,-13.700,628.78
blend,1790411642.55,0.747,-13.895,628.87
blend,1790411643.01,0.744,-14.070,628.94
blend,1790411643.53,0.740,-14.274,629.00
blend,1790411644.00,0.737,-14.452,629.07
blend,1790411644.52,0.734,-14.652,629.13
blend,1790411645.04,0.731,-14.852,629.24
blend,1790411645.51,0.728,-15.060,629.08
blend,1790411646.02,0.728,-15.095,629.21
blend,1790411646.51,0.727,-15.101,634.98
blend,1790411647.01,0.734,-15.112,654.36
blend,1790411647.52,0.749,-15.126,673.86
blend,1790411648.04,0.753,-15.130,692.19
blend,1790411648.51,0.767,-15.133,708.24
blend,1790411649.02,0.790,-15.130,719.43
blend,1790411649.53,0.791,-15.130,719.39
blend,1790411650.05,0.828,-15.131,719.45
blend,1790411650.51,0.910,-15.132,719.47
blend,1790411651.02,0.989,-15.132,719.60
blend,1790411651.53,1.077,-15.133,719.62
blend,1790411652.05,1.185,-15.133,719.74
blend,1790411652.50,1.299,-15.134,719.78
blend,1790411653.02,1.444,-15.134,719.89
blend,1790411653.53,1.608,-15.134,720.01
blend,1790411654.05,1.789,-15.134,720.10
blend,1790411654.50,1.940,-15.134,720.15
blend,1790411655.01,2.115,-15.133,720.29
blend,1790411655.53,2.292,-15.132,720.35
blend,1790411656.04,2.491,-15.130,720.48
blend,1790411656.50,2.668,-15.128,720.54
blend,1790411657.01,2.865,-15.126,720.64
blend,1790411657.52,3.074,-15.123,720.73
blend,1790411658.04,3.267,-15.120,720.84
blend,1790411658.50,3.454,-15.118,720.92
blend,1790411659.01,3.654,-15.114,720.97
blend,1790411659.52,3.857,-15.110,721.12
blend,1790411660.05,4.063,-15.106,721.22
blend,1790411660.55,4.262,-15.102,721.25
blend,1790411661.02,4.449,-15.098,721.35
blend,1790411661.52,4.641,-15.093,721.42
blend,1790411662.03,4.840,-15.088,721.51
blend,1790411662.51,5.027,-15.082,721.57
blend,1790411663.01,5.217,-15.077,721.72
blend,1790411663.52,5.416,-15.071,721.78
blend,1790411664.03,5.616,-15.064,721.81
blend,1790411664.50,5.795,-15.058,721.95
blend,1790411665.01,5.994,-15.051,722.02
blend,1790411665.52,6.196,-15.044,722.10
blend,1790411666.03,6.401,-15.037,722.16
blend,1790411666.51,6.592,-15.029,722.32
blend,1790411667.01,6.787,-15.022,722.37
blend,1790411667.52,6.984,-15.013,722.45
blend,1790411668.03,7.194,-15.004,722.60
blend,1790411668.50,7.377,-14.995,722.65
blend,1790411669.01,7.577,-14.986,722.71
blend,1790411669.52,7.765,-14.977,722.76
blend,1790411670.03,7.976,-14.967,722.86
blend,1790411670.52,8.159,-14.958,722.89
blend,1790411671.00,8.356,-14.952,721.15
blend,1790411671.52,8.562,-14.952,720.39
blend,1790411672.03,8.761,-14.951,719.78
blend,1790411672.51,8.945,-14.960,716.81
blend,1790411673.00,9.138,-14.972,716.72
blend,1790411673.52,9.332,-14.983,716.71
blend,1790411674.03,9.531,-14.995,716.75
blend,1790411674.50,9.714,-15.005,716.79
blend,1790411675.00,9.915,-15.016,716.84
blend,1790411675.51,10.011,-15.022,716.84
blend,1790411676.03,10.005,-15.022,716.83
blend,1790411676.55,10.008,-15.022,716.81
blend,1790411677.00,10.009,-15.022,716.82
blend,1790411677.51,10.009,-15.022,716.79
blend,1790411678.02,10.007,-15.022,716.61
blend,1790411678.51,10.004,-15.021,710.64
blend,1790411679.00,9.965,-15.010,706.03
blend,1790411679.52,9.970,-15.011,703.62
blend,1790411680.04,10.006,-15.024,699.40
blend,1790411680.51,9.993,-15.018,691.42
blend,1790411681.03,10.023,-15.034,691.31
blend,1790411681.55,10.110,-15.081,690.58
blend,1790411682.01,10.111,-15.083,681.86
blend,1790411682.53,10.107,-15.076,671.24
blend,1790411683.02,10.097,-15.058,661.04
blend,1790411683.51,10.076,-14.989,650.94
blend,1790411684.02,10.072,-14.945,640.08
blend,1790411684.50,10.072,-14.917,630.52
blend,1790411685.01,10.073,-14.914,625.53
blend,1790411685.53,10.071,-14.946,625.33
blend,1790411686.00,10.062,-15.058,625.41
blend,1790411686.52,10.055,-15.144,625.40
blend,1790411687.03,10.053,-15.175,625.28
blend,1790411687.55,10.053,-15.171,625.29
blend,1790411688.02,10.052,-15.176,625.36
blend,1790411688.55,10.046,-15.255,625.30
blend,1790411689.00,10.039,-15.359,625.36
blend,1790411689.51,10.029,-15.458,625.40
blend,1790411690.00,10.037,-15.389,625.33
blend,1790411690.50,10.037,-15.391,625.35
blend,1790411691.02,10.037,-15.391,622.39
blend,1790411691.50,10.044,-15.368,611.78
blend,1790411692.00,10.175,-15.172,601.25
blend,1790411692.52,10.353,-14.978,590.86
blend,1790411693.02,10.278,-15.050,582.69
blend,1790411693.52,10.277,-15.050,578.75
blend,1790411694.02,10.286,-15.043,578.89
blend,1790411694.50,10.285,-15.044,578.92
blend,1790411695.02,10.285,-15.043,578.63
blend,1790411695.55,10.282,-15.046,578.31
blend,1790411696.00,10.216,-15.097,578.24
blend,1790411696.51,10.129,-15.166,578.21
blend,1790411697.01,10.039,-15.237,578.23
blend,1790411697.52,9.995,-15.269,572.87
blend,1790411698.03,10.023,-15.257,565.60
blend,1790411698.53,9.901,-15.316,565.34
blend,1790411699.02,9.796,-15.365,562.51
blend,1790411699.55,9.745,-15.381,552.49
blend,1790411700.01,9.690,-15.393,552.02
blend,1790411700.52,9.536,-15.425,551.87
blend,1790411701.03,9.380,-15.458,551.88
blend,1790411701.55,9.219,-15.492,551.93
blend,1790411702.05,9.066,-15.524,551.89
blend,1790411702.51,8.920,-15.554,551.92
blend,1790411703.02,8.761,-15.588,551.95
blend,1790411703.53,8.601,-15.622,552.01
blend,1790411704.05,8.438,-15.657,552.11
blend,1790411704.50,8.297,-15.687,552.14
blend,1790411705.01,8.140,-15.721,551.97
blend,1790411705.52,8.098,-15.728,542.56
blend,1790411706.03,8.014,-15.731,541.16
blend,1790411706.51,7.877,-15.733,541.10
blend,1790411707.01,7.730,-15.736,541.05
blend,1790411707.51,7.582,-15.739,541.07
blend,1790411708.02,7.434,-15.741,541.12
blend,1790411708.53,7.284,-15.745,541.21
blend,1790411709.01,7.139,-15.748,541.24
blend,1790411709.50,6.990,-15.751,541.32
blend,1790411710.01,6.835,-15.755,541.36
blend,1790411710.52,6.678,-15.758,541.40
blend,1790411711.02,6.523,-15.762,541.42
blend,1790411711.51,6.367,-15.766,541.47
blend,1790411712.02,6.203,-15.771,541.53
blend,1790411712.51,6.048,-15.775,541.62
blend,1790411713.02,5.884,-15.780,541.68
blend,1790411713.53,5.723,-15.784,541.73
blend,1790411714.00,5.571,-15.789,541.80
blend,1790411714.50,5.409,-15.794,541.82
blend,1790411715.01,5.237,-15.800,541.92
blend,1790411715.52,5.077,-15.805,541.96
blend,1790411716.00,4.918,-15.811,542.02
blend,1790411716.50,4.750,-15.817,542.05
blend,1790411717.01,4.585,-15.823,542.15
blend,1790411717.51,4.425,-15.829,542.23
blend,1790411718.02,4.235,-15.836,542.29
blend,1790411718.53,4.072,-15.843,542.38
blend,1790411719.04,3.901,-15.850,542.46
blend,1790411719.50,3.744,-15.857,542.50
blend,1790411720.01,3.573,-15.864,542.56
blend,1790411720.53,3.401,-15.872,542.64
blend,1790411721.06,3.221,-15.880,542.64
blend,1790411721.55,3.058,-15.888,542.73
blend,1790411722.01,2.896,-15.896,542.82
blend,1790411722.52,2.729,-15.904,542.84
blend,1790411723.03,2.567,-15.912,542.87
blend,1790411723.55,2.397,-15.921,543.00
blend,1790411724.00,2.251,-15.928,543.01
blend,1790411724.51,2.156,-15.933,542.98
blend,1790411725.02,2.157,-15.933,542.98
blend,1790411725.53,2.156,-15.933,548.71
blend,1790411726.04,2.157,-15.933,556.93
blend,1790411726.50,2.150,-15.936,564.47
blend,1790411727.00,2.148,-15.937,572.85
blend,1790411727.51,2.146,-15.938,581.31
blend,1790411728.02,2.145,-15.940,590.08
blend,1790411728.53,2.148,-15.936,599.16
blend,1790411729.01,2.147,-15.938,605.81
blend,1790411729.53,2.138,-15.957,605.79
blend,1790411730.01,2.143,-15.947,608.90
blend,1790411730.50,2.143,-15.946,617.23
blend,1790411731.02,2.143,-15.953,626.32
blend,1790411731.51,2.142,-15.951,626.71
blend,1790411732.02,2.142,-15.957,626.70
blend,1790411732.52,2.143,-15.949,626.69
blend,1790411733.00,2.143,-15.949,626.68
blend,1790411733.52,2.143,-15.949,626.68
blend,1790411734.01,2.143,-15.949,626.69
blend,1790411734.51,2.143,-15.949,626.69
blend,1790411735.01,2.143,-15.942,626.69
blend,1790411735.52,2.143,-15.947,626.70
blend,1790411736.00,2.139,-16.016,626.92
blend,1790411736.53,2.130,-16.181,626.96
blend,1790411737.01,2.122,-16.333,627.07
blend,1790411737.52,2.113,-16.508,627.22
blend,1790411738.00,2.106,-16.668,627.35
blend,1790411738.50,2.098,-16.846,627.42
blend,1790411739.01,2.089,-17.038,627.52
blend,1790411739.54,2.081,-17.239,627.61
blend,1790411740.02,2.073,-17.429,627.70
blend,1790411740.53,2.065,-17.626,627.75
blend,1790411741.03,2.058,-17.825,627.85
blend,1790411741.51,2.051,-18.019,627.95
blend,1790411742.00,2.044,-18.214,628.01
blend,1790411742.53,2.037,-18.425,628.13
blend,1790411743.02,2.031,-18.609,628.17
blend,1790411743.55,2.024,-18.827,628.24
blend,1790411744.00,2.019,-19.007,628.34
blend,1790411744.52,2.014,-19.211,628.44
blend,1790411745.02,2.008,-19.410,628.52
blend,1790411745.51,2.004,-19.588,628.57
blend,1790411746.02,2.000,-19.777,628.65
blend,1790411746.50,1.995,-19.970,628.71
blend,1790411747.02,1.991,-20.179,628.79
blend,1790411747.52,1.988,-20.373,628.94
blend,1790411748.01,1.984,-20.585,629.00
blend,1790411748.50,1.981,-20.754,629.08
blend,1790411749.01,1.979,-20.963,629.18
blend,1790411749.51,1.976,-21.153,629.27
blend,1790411750.01,1.975,-21.361,629.30
blend,1790411750.51,1.973,-21.537,629.41
blend,1790411751.01,1.972,-21.691,629.45
blend,1790411751.52,1.971,-21.899,629.56
blend,1790411752.02,1.970,-22.099,629.65
blend,1790411752.51,1.969,-22.262,629.56
blend,1790411753.01,1.969,-22.199,629.58
blend,1790411753.50,1.970,-22.194,629.56
blend,1790411754.01,1.970,-22.192,629.57
blend,1790411754.51,1.970,-22.179,629.57
blend,1790411755.01,1.970,-22.194,629.57
blend,1790411755.52,1.970,-22.194,629.58
blend,1790411756.00,1.970,-22.191,629.59
blend,1790411756.51,1.970,-22.180,629.57
blend,1790411757.02,1.970,-22.175,629.58
blend,1790411757.50,1.971,-22.181,629.57
blend,1790411758.01,1.971,-22.162,629.56
blend,1790411758.51,1.971,-22.189,629.58
blend,1790411759.02,1.972,-22.160,629.56
blend,1790411759.50,1.972,-22.162,629.56
blend,1790411760.01,1.972,-22.157,629.57
blend,1790411760.51,1.972,-22.154,629.55
blend,1790411761.02,1.972,-22.154,629.55
blend,1790411761.52,1.972,-22.138,629.56
blend,1790411762.01,1.972,-22.153,629.57
blend,1790411762.51,1.973,-22.153,629.58
blend,1790411763.00,1.973,-22.154,629.59
blend,1790411763.52,1.973,-22.149,629.57
blend,1790411764.00,1.973,-22.135,629.57
blend,1790411764.52,1.973,-22.142,629.56
blend,1790411765.00,1.973,-22.154,629.56
blend,1790411765.53,1.974,-22.129,629.57
blend,1790411766.02,1.974,-22.122,629.58
blend,1790411766.51,1.974,-22.131,629.59
blend,1790411767.02,1.974,-22.134,629.59
blend,1790411767.51,1.974,-22.150,629.59
blend,1790411768.00,1.974,-22.125,629.59
blend,1790411768.50,1.974,-22.114,629.59
blend,1790411769.02,1.974,-22.137,629.60
blend,1790411769.52,1.974,-22.136,629.59
blend,1790411770.00,1.975,-22.122,629.60
blend,1790411770.50,1.975,-22.112,629.60
blend,1790411771.01,1.975,-22.118,629.59
blend,1790411771.51,1.975,-22.117,629.59
blend,1790411772.03,1.975,-22.134,629.58
blend,1790411772.52,1.975,-22.103,629.57
blend,1790411773.02,1.975,-22.115,629.58
blend,1790411773.52,1.975,-22.092,629.57
blend,1790411774.01,1.975,-22.115,629.56
blend,1790411774.50,1.975,-22.102,629.57
blend,1790411775.00,1.975,-22.111,629.57
blend,1790411775.52,1.976,-22.116,629.57
blend,1790411776.01,1.976,-22.129,629.56
blend,1790411776.50,1.976,-22.095,629.53
blend,1790411777.01,1.976,-22.100,629.53
blend,1790411777.52,1.976,-22.092,629.54
blend,1790411778.00,1.977,-22.114,629.53
blend,1790411778.51,1.977,-22.102,629.53
blend,1790411779.02,1.977,-22.088,629.52
blend,1790411779.51,1.977,-22.090,629.52
blend,1790411780.03,1.977,-22.098,629.53
blend,1790411780.52,1.977,-22.099,629.53
blend,1790411781.01,1.978,-22.070,629.52
blend,1790411781.50,1.978,-22.078,629.51
blend,1790411782.00,1.978,-22.073,629.52
blend,1790411782.52,1.978,-22.073,629.51
blend,1790411783.02,1.978,-22.068,629.51
blend,1790411783.51,1.978,-22.082,629.52
blend,1790411784.00,1.978,-22.065,629.48
blend,1790411784.51,1.979,-22.064,629.49
blend,1790411785.02,1.979,-22.069,629.49
blend,1790411785.52,1.980,-22.061,629.49
blend,1790411786.01,1.979,-22.071,629.49
blend,1790411786.50,1.980,-22.058,629.48
blend,1790411787.01,1.980,-22.065,629.51
blend,1790411787.52,1.980,-22.059,629.49
blend,1790411788.00,1.980,-22.065,629.50
blend,1790411788.51,1.980,-22.058,629.50
blend,1790411789.02,1.980,-22.063,629.49
blend,1790411789.51,1.980,-22.052,629.49
blend,1790411790.01,1.980,-22.065,629.50
blend,1790411790.52,1.980,-22.066,629.50
blend,1790411791.01,1.980,-22.054,629.49
blend,1790411791.52,1.981,-22.062,629.49
blend,1790411792.01,1.981,-22.037,629.49
blend,1790411792.50,1.981,-22.054,629.49
blend,1790411793.01,1.981,-22.050,629.51
blend,1790411793.51,1.981,-22.049,629.48
blend,1790411794.02,1.981,-22.055,629.50
blend,1790411794.51,1.982,-22.048,629.51
blend,1790411795.02,1.982,-22.042,629.51
blend,1790411795.53,1.982,-22.053,629.51
blend,1790411796.01,1.982,-22.028,629.51
blend,1790411796.51,1.983,-22.018,629.51
blend,1790411797.00,1.982,-22.065,629.53
blend,1790411797.50,1.982,-22.045,629.53
blend,1790411798.02,1.983,-22.043,629.51
blend,1790411798.51,1.983,-22.039,629.51
blend,1790411799.02,1.983,-22.056,629.51
blend,1790411799.52,1.983,-22.056,629.52
blend,1790411800.01,1.984,-22.047,629.50
blend,1790411800.51,1.983,-22.054,629.49
blend,1790411801.02,1.984,-22.027,629.51
blend,1790411801.51,1.984,-22.040,629.49
blend,1790411802.01,1.984,-22.029,629.49
blend,1790411802.52,1.985,-22.026,629.50
blend,1790411803.02,1.985,-22.015,629.49
blend,1790411803.51,1.985,-22.040,629.48
blend,1790411804.00,1.985,-22.027,629.49
blend,1790411804.50,1.986,-22.015,629.48
blend,1790411805.00,1.986,-22.025,629.48
blend,1790411805.52,1.986,-22.035,629.48
blend,1790411806.01,1.986,-22.038,629.49
blend,1790411806.51,1.986,-22.022,629.48
blend,1790411807.02,1.986,-22.017,629.49
blend,1790411807.51,1.986,-22.029,629.50
blend,1790411808.00,1.987,-22.022,629.50
blend,1790411808.51,1.987,-22.017,629.49
blend,1790411809.01,1.987,-22.012,629.47
blend,1790411809.55,1.987,-21.999,629.46
blend,1790411810.02,1.987,-22.014,629.48
blend,1790411810.52,1.988,-22.007,629.48
blend,1790411811.01,1.989,-21.987,629.47
blend,1790411811.51,1.988,-21.995,629.48
blend,1790411812.01,1.988,-22.004,629.47
blend,1790411812.52,1.988,-22.000,629.45
blend,1790411813.02,1.988,-22.000,629.45
blend,1790411813.50,1.988,-22.000,629.45
blend,1790411814.00,1.988,-22.000,629.45
blend,1790411814.50,1.988,-21.999,629.46
blend,1790411815.02,1.988,-22.002,629.44
blend,1790411815.51,1.988,-22.017,629.49
blend,1790411816.00,1.988,-22.116,629.56
blend,1790411816.50,1.987,-22.226,629.61
blend,1790411817.01,1.987,-22.351,629.61
blend,1790411817.51,1.986,-22.463,629.67
blend,1790411818.01,1.985,-22.576,629.65
blend,1790411818.50,1.986,-22.742,629.77
blend,1790411819.02,1.985,-22.872,629.79
blend,1790411819.52,1.985,-23.042,629.89
blend,1790411820.00,1.984,-23.179,629.91
blend,1790411820.52,1.985,-23.311,629.99
blend,1790411821.00,1.985,-23.446,630.05
blend,1790411821.53,1.986,-23.603,630.08
blend,1790411822.00,1.986,-23.733,630.16
blend,1790411822.52,1.987,-23.888,630.19
blend,1790411823.01,1.987,-24.030,630.27
blend,1790411823.51,1.988,-24.193,630.37
blend,1790411824.03,1.989,-24.347,630.37
blend,1790411824.51,1.991,-24.476,630.44
blend,1790411825.01,1.992,-24.633,630.48
blend,1790411825.51,1.994,-24.788,630.61
blend,1790411826.02,1.996,-24.942,630.68
blend,1790411826.50,1.995,-24.949,630.73
blend,1790411827.01,1.996,-24.973,631.95
blend,1790411827.51,2.001,-24.986,641.78
blend,1790411828.03,2.010,-25.003,652.43
blend,1790411828.51,2.023,-25.022,662.30
blend,1790411829.00,2.049,-25.048,672.33
blend,1790411829.50,2.080,-25.069,682.73
blend,1790411830.00,2.108,-25.080,693.31
blend,1790411830.51,2.167,-25.091,704.16
blend,1790411831.01,2.199,-25.089,714.72
blend,1790411831.52,2.255,-25.079,724.01
blend,1790411832.03,2.246,-25.080,723.68
blend,1790411832.50,2.243,-25.080,723.68
blend,1790411833.01,2.241,-25.080,723.67
blend,1790411833.51,2.249,-25.080,723.68
blend,1790411834.00,2.245,-25.080,723.69
blend,1790411834.51,2.243,-25.080,723.70
blend,1790411835.01,2.249,-25.080,723.70
blend,1790411835.50,2.247,-25.080,723.69
blend,1790411836.02,2.235,-25.081,723.69
blend,1790411836.50,2.246,-25.080,723.70
blend,1790411837.02,2.243,-25.080,723.70
blend,1790411837.51,2.243,-25.080,723.69
blend,1790411838.00,2.243,-25.080,723.69
blend,1790411838.52,2.240,-25.080,723.69
blend,1790411839.00,2.242,-25.080,723.68
blend,1790411839.51,2.242,-25.080,723.68
blend,1790411840.00,2.241,-25.080,723.69
blend,1790411840.52,2.243,-25.080,723.69
blend,1790411841.02,2.245,-25.080,723.68
blend,1790411841.51,2.240,-25.080,723.68
blend,1790411842.00,2.246,-25.080,723.68
blend,1790411842.51,2.247,-25.080,723.68
blend,1790411843.01,2.242,-25.080,723.68
blend,1790411843.51,2.237,-25.081,723.69
blend,1790411844.02,2.245,-25.080,723.68
blend,1790411844.51,2.239,-25.080,723.68
blend,1790411845.01,2.248,-25.080,723.68
blend,1790411845.51,2.244,-25.080,723.67
blend,1790411846.02,2.246,-25.080,723.69
blend,1790411846.52,2.240,-25.080,723.69
blend,1790411847.01,2.244,-25.080,723.68
blend,1790411847.51,2.247,-25.080,723.67
blend,1790411848.05,2.251,-25.080,723.68
blend,1790411848.51,2.250,-25.080,723.69
blend,1790411849.02,2.251,-25.080,723.69
blend,1790411849.53,2.251,-25.080,723.68
blend,1790411850.04,2.251,-25.080,731.11
blend,1790411850.50,2.272,-25.069,742.82
blend,1790411851.02,2.277,-25.066,742.55
blend,1790411851.53,2.276,-25.067,742.55
blend,1790411852.00,2.278,-25.066,742.55
blend,1790411852.50,2.277,-25.066,742.56
blend,1790411853.01,2.279,-25.065,747.04
blend,1790411853.52,2.295,-25.051,757.00
blend,1790411854.02,2.298,-25.048,756.98
blend,1790411854.53,2.298,-25.048,756.97
blend,1790411855.00,2.298,-25.048,756.97
blend,1790411855.55,2.297,-25.049,760.08
blend,1790411856.00,2.308,-25.036,766.44
blend,1790411856.50,2.314,-25.030,766.32
blend,1790411857.01,2.314,-25.030,766.31
blend,1790411857.52,2.311,-25.033,769.76
blend,1790411858.02,2.317,-25.024,779.12
blend,1790411858.54,2.324,-25.007,785.15
blend,1790411859.00,2.325,-25.003,785.13
blend,1790411859.51,2.324,-25.005,787.59
blend,1790411860.02,2.326,-24.998,794.10
blend,1790411860.53,2.327,-24.993,794.11
blend,1790411861.05,2.328,-24.992,799.03
blend,1790411861.51,2.328,-24.976,805.91
blend,1790411862.02,2.328,-24.977,805.79
blend,1790411862.53,2.328,-24.977,805.80
blend,1790411863.04,2.328,-24.976,805.78
blend,1790411863.50,2.328,-24.977,805.77
blend,1790411864.02,2.328,-24.977,805.79
blend,1790411864.53,2.328,-24.978,805.76
blend,1790411865.04,2.328,-24.978,805.75
blend,1790411865.50,2.328,-24.978,805.75
blend,1790411866.01,2.328,-24.977,805.75
blend,1790411866.52,2.328,-24.978,805.74
blend,1790411867.04,2.332,-24.915,805.95
blend,1790411867.55,2.344,-24.740,806.15
blend,1790411868.01,2.356,-24.558,806.22
blend,1790411868.52,2.370,-24.354,806.31
blend,1790411869.00,2.382,-24.164,806.36
blend,1790411869.55,2.395,-23.949,806.44
blend,1790411870.01,2.406,-23.769,806.40
blend,1790411870.52,2.422,-23.571,805.52
blend,1790411871.05,2.439,-23.354,805.49
blend,1790411871.54,2.455,-23.152,805.48
blend,1790411872.00,2.470,-22.948,805.51
blend,1790411872.51,2.486,-22.739,805.56
blend,1790411873.03,2.502,-22.532,805.67
blend,1790411873.54,2.516,-22.341,805.74
blend,1790411874.06,2.530,-22.139,805.80
blend,1790411874.51,2.542,-21.975,805.88
blend,1790411875.02,2.554,-21.797,806.02
blend,1790411875.55,2.568,-21.590,806.11
blend,1790411876.00,2.580,-21.409,806.23
blend,1790411876.50,2.593,-21.214,806.26
blend,1790411877.02,2.605,-21.025,806.29
blend,1790411877.53,2.618,-20.825,806.37
blend,1790411878.04,2.630,-20.634,806.52
blend,1790411878.50,2.640,-20.469,806.54
blend,1790411879.01,2.651,-20.270,806.64
blend,1790411879.52,2.664,-20.064,806.71
blend,1790411880.05,2.675,-19.863,806.76
blend,1790411880.55,2.676,-19.841,806.76
blend,1790411881.01,2.676,-19.841,806.77
blend,1790411881.52,2.676,-19.841,806.76
blend,1790411882.03,2.676,-19.842,806.77
blend,1790411882.54,2.676,-19.841,806.77
blend,1790411883.00,2.682,-19.728,806.85
blend,1790411883.51,2.690,-19.578,806.94
blend,1790411884.02,2.699,-19.425,806.98
blend,1790411884.54,2.707,-19.267,806.98
blend,1790411885.00,2.714,-19.124,807.03
blend,1790411885.51,2.723,-18.952,807.16
blend,1790411886.02,2.731,-18.785,807.28
blend,1790411886.55,2.738,-18.613,807.33
blend,1790411887.00,2.745,-18.462,807.33
blend,1790411887.52,2.753,-18.290,807.46
blend,1790411888.00,2.760,-18.129,807.49
blend,1790411888.50,2.767,-17.959,807.58
blend,1790411889.02,2.774,-17.778,807.64
blend,1790411889.51,2.780,-17.622,807.75
blend,1790411890.01,2.784,-17.535,807.67
blend,1790411890.52,2.790,-17.362,807.74
blend,1790411891.00,2.797,-17.169,807.89
blend,1790411891.51,2.805,-16.968,807.93
blend,1790411892.03,2.811,-16.770,808.08
blend,1790411892.51,2.817,-16.573,808.17
blend,1790411893.01,2.823,-16.386,808.22
blend,1790411893.53,2.829,-16.188,808.29
blend,1790411894.05,2.835,-15.986,808.31
blend,1790411894.51,2.839,-15.834,808.42
blend,1790411895.03,2.844,-15.662,808.48
blend,1790411895.55,2.849,-15.476,808.52
blend,1790411896.01,2.854,-15.323,808.57
blend,1790411896.53,2.859,-15.161,808.54
blend,1790411897.05,2.859,-15.161,808.54
blend,1790411897.52,2.859,-15.162,813.55
blend,1790411898.00,2.857,-15.155,821.80
blend,1790411898.50,2.852,-15.148,830.56
blend,1790411899.02,2.857,-15.157,839.42
blend,1790411899.53,2.856,-15.155,848.29
blend,1790411900.02,2.851,-15.151,856.68
blend,1790411900.50,2.852,-15.152,864.97
blend,1790411901.02,2.847,-15.149,873.43
blend,1790411901.51,2.837,-15.146,881.25
blend,1790411902.01,2.829,-15.145,889.30
blend,1790411902.52,2.816,-15.144,897.52
blend,1790411903.05,2.809,-15.145,897.11
blend,1790411903.51,2.812,-15.145,897.10
blend,1790411904.03,2.811,-15.145,897.09
blend,1790411904.54,2.813,-15.145,897.09
blend,1790411905.01,2.769,-15.143,897.24
blend,1790411905.53,2.618,-15.136,897.48
blend,1790411906.05,2.443,-15.129,897.61
blend,1790411906.50,2.274,-15.122,897.66
blend,1790411907.01,2.079,-15.114,897.79
blend,1790411907.52,1.875,-15.106,897.88
blend,1790411908.04,1.682,-15.099,897.92
blend,1790411908.50,1.501,-15.093,898.00
blend,1790411909.01,1.287,-15.086,898.15
blend,1790411909.52,1.086,-15.079,898.23
blend,1790411910.03,0.889,-15.074,898.29
blend,1790411910.51,0.705,-15.068,898.39
blend,1790411911.01,0.508,-15.063,898.48
blend,1790411911.52,0.306,-15.058,898.54
blend,1790411912.03,0.106,-15.053,898.66
blend,1790411912.55,-0.097,-15.049,898.79
blend,1790411913.01,-0.272,-15.045,898.82
blend,1790411913.52,-0.471,-15.042,898.92
blend,1790411914.03,-0.668,-15.038,899.03
blend,1790411914.51,-0.845,-15.035,899.11
blend,1790411915.00,-1.050,-15.032,899.19
blend,1790411915.52,-1.258,-15.029,899.22
blend,1790411916.03,-1.455,-15.027,899.31
blend,1790411916.54,-1.651,-15.025,899.37
blend,1790411917.00,-1.842,-15.023,899.44
blend,1790411917.51,-2.042,-15.020,898.46
blend,1790411918.03,-2.235,-15.004,895.47
blend,1790411918.55,-2.438,-14.987,895.44
blend,1790411919.02,-2.621,-14.972,895.35
blend,1790411919.55,-2.830,-14.956,895.39
blend,1790411920.00,-3.005,-14.942,895.50
blend,1790411920.52,-3.215,-14.925,895.54
blend,1790411921.04,-3.420,-14.909,895.60
blend,1790411921.51,-3.601,-14.896,895.69
blend,1790411922.02,-3.808,-14.880,895.77
blend,1790411922.50,-3.988,-14.867,895.85
blend,1790411923.01,-4.184,-14.853,895.96
blend,1790411923.56,-4.400,-14.839,896.04
blend,1790411924.05,-4.594,-14.825,896.12
blend,1790411924.51,-4.774,-14.814,896.20
blend,1790411925.03,-4.979,-14.800,896.28
blend,1790411925.50,-5.158,-14.788,896.28
blend,1790411926.01,-5.349,-14.776,896.38
blend,1790411926.53,-5.555,-14.764,896.49
blend,1790411927.05,-5.754,-14.752,896.55
blend,1790411927.52,-5.943,-14.741,896.63
blend,1790411928.05,-6.146,-14.729,896.67
blend,1790411928.50,-6.323,-14.719,896.73
blend,1790411929.02,-6.516,-14.708,896.84
blend,1790411929.55,-6.725,-14.697,896.89
blend,1790411930.01,-6.903,-14.687,896.95
blend,1790411930.52,-7.106,-14.677,897.09
blend,1790411931.04,-7.313,-14.666,897.19
blend,1790411931.51,-7.486,-14.658,897.25
blend,1790411932.03,-7.627,-14.652,897.28
blend,1790411932.50,-7.603,-14.653,897.24
blend,1790411933.01,-7.597,-14.655,883.70
blend,1790411933.53,-7.583,-14.665,867.86
blend,1790411934.05,-7.579,-14.671,852.06
blend,1790411934.50,-7.581,-14.666,837.91
blend,1790411935.02,-7.582,-14.660,821.21
blend,1790411935.51,-7.581,-14.658,806.89
blend,1790411936.05,-7.578,-14.647,807.05
blend,1790411936.51,-7.578,-14.645,807.07
blend,1790411937.02,-7.578,-14.646,807.08
blend,1790411937.53,-7.578,-14.643,807.10
blend,1790411938.05,-7.578,-14.643,807.13
blend,1790411938.50,-7.578,-14.643,807.11
blend,1790411939.01,-7.578,-14.643,807.10
blend,1790411939.52,-7.578,-14.643,807.09
blend,1790411940.03,-7.578,-14.643,807.09
blend,1790411940.50,-7.578,-14.642,807.11
blend,1790411941.00,-7.578,-14.643,807.06
blend,1790411941.51,-7.578,-14.643,807.06
blend,1790411942.02,-7.578,-14.642,807.07
blend,1790411942.53,-7.579,-14.642,807.08
blend,1790411943.01,-7.579,-14.643,804.64
blend,1790411943.50,-7.574,-14.631,791.67
blend,1790411944.01,-7.560,-14.609,777.60
blend,1790411944.52,-7.543,-14.591,772.92
blend,1790411945.02,-7.540,-14.587,769.24
blend,1790411945.51,-7.545,-14.591,759.34
blend,1790411946.05,-7.532,-14.585,747.98
blend,1790411946.56,-7.533,-14.587,737.45
blend,1790411947.01,-7.514,-14.584,727.88
blend,1790411947.52,-7.495,-14.584,725.13
blend,1790411948.01,-7.411,-14.578,724.47
blend,1790411948.55,-7.242,-14.565,724.53
blend,1790411949.01,-7.071,-14.551,724.56
blend,1790411949.52,-6.881,-14.535,724.66
blend,1790411950.03,-6.693,-14.520,724.72
blend,1790411950.50,-6.517,-14.505,724.80
blend,1790411951.01,-6.336,-14.490,724.84
blend,1790411951.52,-6.147,-14.474,724.90
blend,1790411952.03,-5.952,-14.457,725.01
blend,1790411952.55,-5.763,-14.441,725.03
blend,1790411953.01,-5.593,-14.425,725.15
blend,1790411953.52,-5.400,-14.408,725.21
blend,1790411954.03,-5.208,-14.390,725.28
blend,1790411954.51,-5.027,-14.373,725.35
blend,1790411955.00,-4.836,-14.355,725.37
blend,1790411955.52,-4.638,-14.336,725.51
blend,1790411956.03,-4.430,-14.316,725.60
blend,1790411956.55,-4.222,-14.296,725.63
blend,1790411957.00,-4.044,-14.278,725.72
blend,1790411957.52,-3.843,-14.258,725.78
blend,1790411958.03,-3.638,-14.237,725.86
blend,1790411958.54,-3.424,-14.215,725.88
blend,1790411959.00,-3.245,-14.197,725.99
blend,1790411959.51,-3.045,-14.176,726.07
blend,1790411960.03,-2.840,-14.154,726.09
blend,1790411960.54,-2.645,-14.133,726.15
blend,1790411961.00,-2.455,-14.112,726.24
blend,1790411961.51,-2.255,-14.090,726.26
blend,1790411962.03,-2.052,-14.068,726.31
blend,1790411962.50,-1.858,-14.046,726.42
blend,1790411963.05,-1.636,-14.021,726.51
blend,1790411963.51,-1.458,-14.001,726.56
blend,1790411964.02,-1.253,-13.977,726.64
blend,1790411964.54,-1.054,-13.954,726.73
blend,1790411965.01,-0.875,-13.932,726.76
blend,1790411965.51,-0.681,-13.909,726.81
blend,1790411966.02,-0.488,-13.885,726.94
blend,1790411966.55,-0.280,-13.861,726.99
blend,1790411967.05,-0.086,-13.837,727.03
blend,1790411967.51,0.092,-13.814,727.14
blend,1790411968.02,0.286,-13.790,727.23
blend,1790411968.53,0.487,-13.764,727.30
blend,1790411969.05,0.684,-13.739,727.26
blend,1790411969.51,0.795,-13.725,727.31
blend,1790411970.02,0.787,-13.726,727.30
blend,1790411970.50,0.788,-13.725,727.29
blend,1790411971.05,0.788,-13.726,727.31
blend,1790411971.51,0.789,-13.725,727.30
blend,1790411972.02,0.786,-13.727,735.79
blend,1790411972.53,0.775,-13.735,751.27
blend,1790411973.04,0.765,-13.746,766.87
blend,1790411973.55,0.764,-13.749,782.17
blend,1790411974.01,0.766,-13.736,795.78
blend,1790411974.52,0.765,-13.724,810.95
blend,1790411975.00,0.764,-13.721,811.27
blend,1790411975.50,0.764,-13.722,811.23
blend,1790411976.02,0.764,-13.721,811.23
blend,1790411976.55,0.764,-13.718,811.22
blend,1790411977.00,0.764,-13.721,811.22
blend,1790411977.52,0.764,-13.719,811.22
blend,1790411978.00,0.764,-13.697,811.26
blend,1790411978.50,0.764,-13.595,809.15
blend,1790411979.02,0.776,-13.450,804.51
blend,1790411979.53,0.802,-13.302,800.01
blend,1790411980.05,0.842,-13.144,797.05
blend,1790411980.51,0.870,-13.003,801.38
blend,1790411981.02,0.862,-12.827,810.34
blend,1790411981.53,0.860,-12.657,810.62
blend,1790411982.00,0.858,-12.497,810.73
blend,1790411982.52,0.855,-12.298,810.89
blend,1790411983.00,0.852,-12.109,811.01
blend,1790411983.50,0.848,-11.910,811.10
blend,1790411984.02,0.844,-11.708,811.21
blend,1790411984.55,0.839,-11.505,811.28
blend,1790411985.00,0.835,-11.325,811.38
blend,1790411985.52,0.830,-11.126,811.45
blend,1790411986.04,0.825,-10.924,811.54
blend,1790411986.51,0.819,-10.740,811.64
blend,1790411987.02,0.814,-10.542,811.72
blend,1790411987.55,0.807,-10.336,811.64
blend,1790411988.01,0.804,-10.162,810.28
blend,1790411988.52,0.820,-9.969,803.59
blend,1790411989.03,0.846,-9.776,803.43
blend,1790411989.54,0.869,-9.572,803.42
blend,1790411990.01,0.890,-9.397,803.41
blend,1790411990.52,0.912,-9.198,803.46
blend,1790411991.03,0.935,-8.998,803.52
blend,1790411991.54,0.959,-8.790,803.62
blend,1790411992.00,0.978,-8.611,803.67
blend,1790411992.51,1.000,-8.415,803.69
blend,1790411993.02,1.022,-8.211,803.80
blend,1790411993.53,1.043,-8.013,803.90
blend,1790411994.05,1.065,-7.815,803.97
blend,1790411994.51,1.083,-7.640,804.08
blend,1790411995.02,1.104,-7.437,804.15
blend,1790411995.53,1.125,-7.233,804.17
blend,1790411996.00,1.143,-7.049,804.27
blend,1790411996.50,1.162,-6.855,804.37
blend,1790411997.01,1.182,-6.648,804.48
blend,1790411997.53,1.201,-6.453,804.50
blend,1790411998.00,1.219,-6.264,804.61
blend,1790411998.55,1.240,-6.046,804.72
blend,1790411999.01,1.256,-5.868,804.76
blend,1790411999.52,1.274,-5.665,804.86
blend,1790412000.03,1.291,-5.472,804.94
blend,1790412000.54,1.310,-5.265,805.02
blend,1790412001.00,1.325,-5.086,805.05
blend,1790412001.52,1.342,-4.884,805.11
blend,1790412002.03,1.359,-4.684,805.22
blend,1790412002.51,1.376,-4.489,805.25
blend,1790412003.00,1.384,-4.390,805.17
blend,1790412003.51,1.393,-4.287,804.89
blend,1790412004.03,1.411,-4.081,805.06
blend,1790412004.54,1.426,-3.911,805.03
blend,1790412005.01,1.442,-3.726,805.13
blend,1790412005.51,1.458,-3.533,805.24
blend,1790412006.02,1.476,-3.324,805.29
blend,1790412006.55,1.492,-3.122,805.35
blend,1790412007.05,1.508,-2.927,805.45
blend,1790412007.51,1.522,-2.749,805.51
blend,1790412008.02,1.537,-2.546,805.60
blend,1790412008.55,1.553,-2.336,805.68
blend,1790412009.01,1.567,-2.155,805.75
blend,1790412009.51,1.581,-1.957,805.80
blend,1790412010.02,1.595,-1.759,805.88
blend,1790412010.51,1.609,-1.569,806.00
blend,1790412011.01,1.622,-1.377,806.06
blend,1790412011.50,1.635,-1.186,806.11
blend,1790412012.01,1.648,-0.990,806.22
blend,1790412012.52,1.661,-0.796,806.26
blend,1790412013.05,1.673,-0.600,806.38
blend,1790412013.55,1.686,-0.403,806.42
blend,1790412014.01,1.696,-0.230,806.53
blend,1790412014.52,1.708,-0.036,806.61
blend,1790412015.03,1.720,0.173,806.65
blend,1790412015.50,1.730,0.361,806.80
blend,1790412016.00,1.739,0.523,806.80
blend,1790412016.51,1.739,0.516,806.79
blend,1790412017.02,1.739,0.525,806.80
blend,1790412017.54,1.745,0.621,806.79
blend,1790412018.05,1.745,0.620,806.81
blend,1790412018.51,1.745,0.620,807.65
blend,1790412019.02,1.744,0.623,818.85
blend,1790412019.51,1.741,0.631,830.95
blend,1790412020.01,1.739,0.635,844.18
blend,1790412020.52,1.718,0.652,858.04
blend,1790412021.01,1.701,0.661,871.86
blend,1790412021.52,1.667,0.668,886.33
blend,1790412022.01,1.640,0.669,889.78
blend,1790412022.54,1.640,0.669,893.74
blend,1790412023.00,1.627,0.668,893.73
blend,1790412023.51,1.625,0.669,893.71
blend,1790412024.04,1.622,0.669,893.70
blend,1790412024.50,1.624,0.669,893.70
blend,1790412025.02,1.622,0.669,893.70
blend,1790412025.50,1.622,0.669,896.88
blend,1790412026.00,1.614,0.669,907.78
blend,1790412026.52,1.604,0.664,920.00
blend,1790412027.03,1.575,0.645,932.08
blend,1790412027.50,1.557,0.627,943.51
blend,1790412028.00,1.560,0.632,955.76
blend,1790412028.50,1.563,0.639,967.67
blend,1790412029.02,1.561,0.625,979.14
blend,1790412029.53,1.561,0.629,980.35
blend,1790412030.01,1.560,0.621,984.67
blend,1790412030.50,1.560,0.614,986.09
blend,1790412031.02,1.560,0.617,986.07
blend,1790412031.53,1.560,0.615,987.65
blend,1790412032.04,1.560,0.617,987.78
blend,1790412032.50,1.560,0.611,987.77
blend,1790412033.01,1.560,0.612,987.76
blend,1790412033.52,1.560,0.613,987.75
blend,1790412034.05,1.560,0.619,987.74
blend,1790412034.55,1.560,0.611,987.72
blend,1790412035.01,1.560,0.615,987.72
blend,1790412035.52,1.559,0.624,992.96
blend,1790412036.04,1.560,0.618,1003.05
blend,1790412036.50,1.561,0.614,1003.22
blend,1790412037.02,1.563,0.608,1006.41
blend,1790412037.54,1.561,0.611,1021.71
blend,1790412038.00,1.565,0.607,1036.77
blend,1790412038.51,1.569,0.606,1053.87
blend,1790412039.01,1.570,0.608,1071.14
blend,1790412039.50,1.577,0.609,1078.98
blend,1790412040.02,1.579,0.608,1078.97
blend,1790412040.55,1.579,0.608,1078.96
blend,1790412041.00,1.577,0.608,1078.96
blend,1790412041.52,1.578,0.608,1078.97
blend,1790412042.04,1.577,0.608,1078.96
blend,1790412042.50,1.577,0.608,1078.95
blend,1790412043.02,1.578,0.608,1078.94
blend,1790412043.54,1.578,0.608,1078.93
blend,1790412044.05,1.578,0.608,1078.93
blend,1790412044.52,1.579,0.608,1078.92
blend,1790412045.05,1.578,0.608,1082.18
blend,1790412045.52,1.582,0.609,1093.22
blend,1790412046.01,1.583,0.610,1093.49
blend,1790412046.53,1.582,0.610,1098.87
blend,1790412047.02,1.589,0.614,1109.50
blend,1790412047.55,1.600,0.624,1121.05
blend,1790412048.00,1.617,0.646,1132.24
blend,1790412048.51,1.626,0.668,1145.21
blend,1790412049.02,1.631,0.696,1158.37
blend,1790412049.51,1.630,0.704,1170.84
blend,1790412050.00,1.629,0.710,1183.98
blend,1790412050.52,1.628,0.711,1197.92
blend,1790412051.03,1.614,0.723,1211.79
blend,1790412051.55,1.609,0.727,1225.44
blend,1790412052.01,1.588,0.735,1237.42
blend,1790412052.52,1.553,0.740,1251.03
blend,1790412053.01,1.525,0.738,1263.51
blend,1790412053.55,1.510,0.733,1277.72
blend,1790412054.01,1.502,0.727,1289.79
blend,1790412054.52,1.480,0.704,1303.33
blend,1790412055.02,1.480,0.702,1317.47
blend,1790412055.53,1.478,0.695,1331.26
blend,1790412056.00,1.479,0.699,1343.64
blend,1790412056.51,1.480,0.692,1357.17
blend,1790412057.03,1.480,0.693,1371.20
blend,1790412057.50,1.481,0.692,1384.17
blend,1790412058.01,1.480,0.692,1397.94
blend,1790412058.52,1.496,0.685,1412.30
blend,1790412059.00,1.503,0.683,1426.03
blend,1790412059.51,1.515,0.684,1436.83
blend,1790412060.02,1.516,0.684,1436.72
blend,1790412060.55,1.518,0.684,1436.71
blend,1790412061.01,1.517,0.684,1436.71
blend,1790412061.53,1.516,0.684,1436.70
blend,1790412062.02,1.517,0.684,1436.71
blend,1790412062.51,1.517,0.684,1436.71
blend,1790412063.03,1.518,0.684,1436.70
blend,1790412063.50,1.518,0.684,1436.70
blend,1790412064.01,1.518,0.684,1436.70
blend,1790412064.53,1.518,0.684,1436.70
blend,1790412065.00,1.529,0.683,1436.90
blend,1790412065.51,1.736,0.672,1437.10
blend,1790412066.03,1.942,0.663,1437.33
blend,1790412066.55,2.153,0.653,1437.46
blend,1790412067.02,2.338,0.645,1437.56
blend,1790412067.50,2.530,0.637,1437.62
blend,1790412068.00,2.731,0.629,1437.78
blend,1790412068.52,2.939,0.621,1437.85
blend,1790412069.04,3.141,0.614,1437.92
blend,1790412069.50,3.324,0.608,1438.05
blend,1790412070.00,3.525,0.601,1438.13
blend,1790412070.50,3.728,0.594,1438.20
blend,1790412071.01,3.926,0.589,1438.31
blend,1790412071.51,4.122,0.583,1438.43
blend,1790412072.01,4.317,0.578,1438.50
blend,1790412072.52,4.524,0.573,1438.57
blend,1790412073.01,4.712,0.568,1438.68
blend,1790412073.50,4.904,0.564,1438.76
blend,1790412074.00,5.096,0.560,1438.82
blend,1790412074.54,5.310,0.556,1438.89
blend,1790412075.02,5.501,0.553,1439.01
blend,1790412075.51,5.672,0.549,1439.05
blend,1790412076.01,5.871,0.547,1439.15
blend,1790412076.53,6.069,0.546,1439.26
blend,1790412077.02,6.268,0.542,1439.37
blend,1790412077.51,6.464,0.540,1439.43
blend,1790412078.00,6.653,0.539,1439.54
blend,1790412078.50,6.812,0.540,1439.73
blend,1790412079.02,7.038,0.538,1439.80
blend,1790412079.52,7.224,0.538,1439.87
blend,1790412080.02,7.441,0.539,1440.01
blend,1790412080.50,7.557,0.538,1440.02
blend,1790412081.00,7.806,0.538,1440.08
blend,1790412081.52,8.023,0.539,1440.18
blend,1790412082.00,8.210,0.540,1440.29
blend,1790412082.50,8.402,0.542,1440.35
blend,1790412083.02,8.613,0.544,1440.39
blend,1790412083.50,8.789,0.545,1440.50
blend,1790412084.02,8.973,0.546,1440.58
blend,1790412084.51,9.159,0.549,1440.64
blend,1790412085.01,9.362,0.550,1440.69
blend,1790412085.52,9.545,0.553,1440.74
blend,1790412086.01,9.702,0.549,1440.71
blend,1790412086.52,9.857,0.550,1440.78
blend,1790412087.01,10.047,0.546,1437.23
blend,1790412087.52,10.237,0.520,1435.44
blend,1790412088.02,10.430,0.504,1435.43
blend,1790412088.51,10.646,0.490,1435.37
blend,1790412089.01,10.802,0.474,1435.47
blend,1790412089.51,10.993,0.459,1435.54
blend,1790412090.02,11.189,0.446,1435.69
blend,1790412090.50,11.374,0.443,1437.91
blend,1790412091.01,11.562,0.438,1438.22
blend,1790412091.52,11.762,0.432,1438.42
blend,1790412092.01,11.780,0.432,1438.42
blend,1790412092.52,11.782,0.432,1438.39
blend,1790412093.01,11.789,0.433,1446.64
blend,1790412093.51,11.781,0.431,1458.88
blend,1790412094.02,11.768,0.421,1471.46
blend,1790412094.51,11.763,0.414,1483.45
blend,1790412095.02,11.750,0.396,1496.11
blend,1790412095.51,11.855,0.647,1508.45
blend,1790412096.02,11.847,0.632,1518.24
blend,1790412096.51,11.847,0.631,1518.24
blend,1790412097.02,11.847,0.630,1518.23
blend,1790412097.52,11.847,0.630,1518.23
blend,1790412098.00,11.847,0.630,1518.24
blend,1790412098.51,11.847,0.630,1518.24
blend,1790412099.01,11.847,0.630,1520.97
blend,1790412099.52,11.847,0.630,1528.66
blend,1790412100.01,11.847,0.630,1539.85
blend,1790412100.51,11.847,0.630,1554.15
blend,1790412101.01,11.847,0.630,1567.83
blend,1790412101.51,11.847,0.630,1573.28
blend,1790412102.02,11.828,0.639,1590.20
blend,1790412102.52,11.852,0.634,1606.61
blend,1790412103.01,11.844,0.634,1607.19
blend,1790412103.52,11.741,0.657,1607.42
blend,1790412104.00,11.587,0.691,1607.55
blend,1790412104.50,11.399,0.732,1607.71
blend,1790412105.03,11.195,0.777,1607.78
blend,1790412105.52,11.017,0.815,1607.86
blend,1790412106.01,10.823,0.856,1607.98
blend,1790412106.53,10.628,0.898,1608.04
blend,1790412107.02,10.435,0.938,1608.15
blend,1790412107.52,10.235,0.980,1608.24
blend,1790412108.01,10.043,1.020,1608.31
blend,1790412108.52,9.853,1.059,1608.41
blend,1790412109.02,9.771,1.076,1608.38
blend,1790412109.51,9.780,1.074,1608.38
blend,1790412110.02,9.780,1.074,1608.37
blend,1790412110.51,9.780,1.074,1608.37
blend,1790412111.04,9.780,1.074,1608.37
blend,1790412111.50,9.686,1.093,1608.37
blend,1790412112.00,9.525,1.126,1608.43
blend,1790412112.51,9.344,1.163,1608.52
blend,1790412113.01,9.159,1.201,1608.60
blend,1790412113.50,8.958,1.241,1608.70
blend,1790412114.01,8.762,1.279,1608.75
blend,1790412114.51,8.587,1.314,1608.83
blend,1790412115.02,8.378,1.353,1608.94
blend,1790412115.51,8.246,1.379,1608.99
blend,1790412116.00,8.278,1.373,1608.99
blend,1790412116.51,8.274,1.374,1609.22
blend,1790412117.02,8.274,1.374,1612.86
blend,1790412117.52,8.274,1.374,1614.74
blend,1790412118.02,8.273,1.374,1620.79
blend,1790412118.51,8.275,1.374,1625.79
blend,1790412119.02,8.262,1.373,1625.73
blend,1790412119.51,8.126,1.359,1625.89
blend,1790412120.00,7.961,1.341,1626.03
blend,1790412120.52,7.774,1.321,1626.25
blend,1790412121.01,7.591,1.301,1626.39
blend,1790412121.53,7.385,1.277,1626.45
blend,1790412122.01,7.190,1.255,1626.54
blend,1790412122.50,6.998,1.233,1626.68
blend,1790412123.02,6.791,1.208,1626.74
blend,1790412123.53,6.591,1.184,1626.79
blend,1790412124.01,6.402,1.161,1626.93
blend,1790412124.52,6.206,1.137,1627.01
blend,1790412125.02,6.003,1.112,1627.06
blend,1790412125.54,5.800,1.087,1627.15
blend,1790412126.02,5.626,1.064,1627.28
blend,1790412126.51,5.433,1.040,1627.33
blend,1790412127.01,5.229,1.013,1627.41
blend,1790412127.53,5.030,0.987,1627.54
blend,1790412128.02,4.845,0.962,1627.45
blend,1790412128.50,4.832,0.961,1627.53
blend,1790412129.01,4.837,0.960,1617.67
blend,1790412129.52,4.835,0.960,1616.89
blend,1790412130.01,4.726,0.967,1616.58
blend,1790412130.52,4.543,0.978,1616.56
blend,1790412131.03,4.347,0.989,1616.63
blend,1790412131.51,4.155,1.000,1616.71
blend,1790412132.02,3.964,1.011,1616.76
blend,1790412132.50,3.776,1.022,1616.82
blend,1790412133.01,3.571,1.033,1616.93
blend,1790412133.52,3.377,1.043,1616.99
blend,1790412134.02,3.181,1.053,1617.03
blend,1790412134.51,2.983,1.063,1617.13
blend,1790412135.03,2.777,1.072,1617.23
blend,1790412135.50,2.595,1.081,1617.23
blend,1790412136.02,2.395,1.091,1617.34
blend,1790412136.50,2.204,1.099,1617.50
blend,1790412137.00,2.016,1.107,1617.51
blend,1790412137.52,1.820,1.115,1617.59
blend,1790412138.00,1.628,1.123,1617.70
blend,1790412138.51,1.429,1.131,1617.75
blend,1790412139.03,1.224,1.139,1617.83
blend,1790412139.55,1.102,1.144,1617.84
blend,1790412140.01,1.114,1.143,1617.86
blend,1790412140.50,1.113,1.144,1621.70
blend,1790412141.00,1.107,1.143,1625.88
blend,1790412141.51,1.115,1.144,1627.11
blend,1790412142.03,1.108,1.142,1638.78
blend,1790412142.54,1.109,1.142,1651.12
blend,1790412143.01,1.109,1.142,1663.80
blend,1790412143.51,1.107,1.140,1678.89
blend,1790412144.02,1.108,1.142,1694.31
blend,1790412144.53,1.108,1.141,1706.75
blend,1790412145.04,1.108,1.136,1706.78
blend,1790412145.50,1.108,1.136,1706.77
blend,1790412146.01,1.108,1.135,1706.77
blend,1790412146.53,1.108,1.137,1706.77
blend,1790412147.02,1.108,1.138,1706.76
blend,1790412147.51,1.109,1.144,1706.76
blend,1790412148.01,1.109,1.144,1706.76
blend,1790412148.50,1.109,1.144,1706.75
blend,1790412149.02,1.109,1.144,1706.92
blend,1790412149.51,1.105,1.070,1707.03
blend,1790412150.02,1.095,0.874,1707.20
blend,1790412150.52,1.084,0.675,1706.39
blend,1790412151.01,1.065,0.518,1704.48
blend,1790412151.52,1.034,0.320,1702.28
blend,1790412152.01,1.005,0.132,1701.68
blend,1790412152.51,0.978,-0.057,1701.62
blend,1790412153.01,0.954,-0.253,1704.12
blend,1790412153.50,0.985,-0.489,1708.83
blend,1790412154.01,0.970,-0.691,1709.03
blend,1790412154.51,0.968,-0.867,1709.26
blend,1790412155.00,0.966,-1.046,1709.36
blend,1790412155.54,0.964,-1.263,1709.44
blend,1790412156.00,0.963,-1.439,1709.58
blend,1790412156.52,0.962,-1.644,1709.68
blend,1790412157.03,0.961,-1.841,1709.78
blend,1790412157.50,0.960,-2.043,1709.85
blend,1790412158.01,0.959,-2.247,1709.95
blend,1790412158.52,0.959,-2.454,1710.05
blend,1790412159.03,0.960,-2.650,1710.10
blend,1790412159.55,0.960,-2.856,1710.18
blend,1790412160.01,0.961,-3.037,1710.27
blend,1790412160.52,0.962,-3.242,1710.35
blend,1790412161.03,0.963,-3.437,1709.07
blend,1790412161.54,0.945,-3.636,1706.74
blend,1790412162.00,0.935,-3.815,1706.75
blend,1790412162.52,0.923,-4.014,1706.78
blend,1790412163.03,0.912,-4.210,1706.74
blend,1790412163.54,0.900,-4.419,1706.75
blend,1790412164.00,0.891,-4.596,1706.85
blend,1790412164.51,0.881,-4.789,1706.89
blend,1790412165.03,0.871,-4.983,1706.95
blend,1790412165.51,0.861,-5.160,1707.06
blend,1790412166.02,0.851,-5.362,1707.09
blend,1790412166.51,0.841,-5.553,1707.15
blend,1790412167.02,0.832,-5.747,1707.25
blend,1790412167.54,0.823,-5.936,1707.34
blend,1790412168.01,0.815,-6.121,1707.39
blend,1790412168.51,0.806,-6.313,1707.46
blend,1790412169.00,0.798,-6.508,1707.56
blend,1790412169.54,0.790,-6.709,1707.62
blend,1790412170.00,0.782,-6.891,1707.64
blend,1790412170.51,0.774,-7.086,1707.72
blend,1790412171.02,0.766,-7.289,1707.83
blend,1790412171.53,0.759,-7.484,1707.89
blend,1790412172.05,0.752,-7.688,1707.98
blend,1790412172.51,0.747,-7.862,1708.11
blend,1790412173.02,0.740,-8.050,1708.16
blend,1790412173.55,0.734,-8.258,1708.24
blend,1790412174.01,0.728,-8.444,1708.30
blend,1790412174.50,0.723,-8.630,1708.38
blend,1790412175.02,0.717,-8.829,1708.40
blend,1790412175.53,0.711,-9.030,1708.39
blend,1790412176.05,0.706,-9.229,1708.46
blend,1790412176.50,0.701,-9.411,1708.53
blend,1790412177.02,0.696,-9.599,1708.57
blend,1790412177.53,0.692,-9.798,1708.68
blend,1790412178.05,0.687,-10.004,1708.73
blend,1790412178.51,0.682,-10.182,1708.73
blend,1790412179.01,0.679,-10.379,1708.82
blend,1790412179.53,0.675,-10.584,1708.92
blend,1790412180.00,0.671,-10.770,1708.99
blend,1790412180.50,0.668,-10.960,1709.02
blend,1790412181.01,0.665,-11.166,1709.12
blend,1790412181.52,0.662,-11.368,1709.19
blend,1790412182.04,0.660,-11.563,1709.23
blend,1790412182.50,0.658,-11.709,1709.25
blend,1790412183.01,0.658,-11.687,1709.27
blend,1790412183.52,0.658,-11.691,1709.27
blend,1790412184.03,0.658,-11.690,1709.26
blend,1790412184.55,0.658,-11.691,1710.60
blend,1790412185.01,0.661,-11.698,1722.91
blend,1790412185.53,0.659,-11.690,1723.92
blend,1790412186.05,0.658,-11.691,1735.11
blend,1790412186.51,0.669,-11.708,1746.98
blend,1790412187.03,0.695,-11.730,1760.34
blend,1790412187.54,0.729,-11.746,1773.82
blend,1790412188.00,0.747,-11.749,1785.72
blend,1790412188.52,0.767,-11.749,1799.32
blend,1790412189.00,0.781,-11.746,1801.90
blend,1790412189.51,0.781,-11.746,1801.88
blend,1790412190.02,0.779,-11.746,1801.87
blend,1790412190.54,0.778,-11.746,1801.87
blend,1790412191.01,0.779,-11.746,1801.88
blend,1790412191.53,0.778,-11.746,1801.86
blend,1790412192.06,0.777,-11.746,1801.85
blend,1790412192.51,0.778,-11.746,1801.84
blend,1790412193.03,0.778,-11.746,1801.84
blend,1790412193.55,0.779,-11.746,1801.85
blend,1790412194.01,0.780,-11.746,1801.84
blend,1790412194.53,0.780,-11.746,1801.82
blend,1790412195.05,0.780,-11.746,1801.83
blend,1790412195.51,0.781,-11.746,1801.79
blend,1790412196.00,0.779,-11.746,1803.37
blend,1790412196.51,0.790,-11.744,1815.61
blend,1790412197.01,0.802,-11.738,1818.65
blend,1790412197.52,0.803,-11.739,1826.24
blend,1790412198.03,0.811,-11.730,1840.69
blend,1790412198.54,0.821,-11.716,1854.84
blend,1790412199.01,0.823,-11.708,1867.72
blend,1790412199.50,0.825,-11.695,1879.54
blend,1790412200.02,0.825,-11.692,1879.27
blend,1790412200.53,0.825,-11.692,1879.26
blend,1790412201.04,0.825,-11.693,1879.24
blend,1790412201.55,0.825,-11.694,1879.24
blend,1790412202.01,0.824,-11.695,1879.25
blend,1790412202.52,0.825,-11.694,1879.31
blend,1790412203.01,0.851,-11.550,1879.54
blend,1790412203.55,0.889,-11.342,1879.70
blend,1790412204.01,0.922,-11.161,1879.88
blend,1790412204.52,0.957,-10.963,1879.95
blend,1790412205.03,0.992,-10.763,1879.98
blend,1790412205.51,1.025,-10.575,1880.13
blend,1790412206.00,1.057,-10.387,1880.22
blend,1790412206.52,1.091,-10.188,1880.28
blend,1790412207.03,1.125,-9.986,1880.39
blend,1790412207.54,1.159,-9.785,1880.49
blend,1790412208.00,1.188,-9.609,1880.56
blend,1790412208.51,1.221,-9.411,1880.64
blend,1790412209.02,1.254,-9.210,1880.78
blend,1790412209.54,1.286,-9.008,1880.90
blend,1790412210.05,1.319,-8.805,1880.96
blend,1790412210.51,1.348,-8.619,1881.02
blend,1790412211.02,1.379,-8.421,1881.13
blend,1790412211.53,1.410,-8.225,1881.17
blend,1790412212.05,1.439,-8.034,1881.20
blend,1790412212.50,1.441,-8.020,1881.21
blend,1790412213.01,1.441,-8.021,1881.24
blend,1790412213.52,1.442,-8.019,1884.69
blend,1790412214.03,1.442,-8.006,1889.48
blend,1790412214.51,1.441,-7.992,1889.19
blend,1790412215.00,1.443,-7.880,1889.43
blend,1790412215.52,1.445,-7.687,1889.46
blend,1790412216.03,1.446,-7.476,1889.60
blend,1790412216.51,1.447,-7.290,1889.72
blend,1790412217.00,1.448,-7.092,1889.86
blend,1790412217.51,1.448,-6.886,1889.94
blend,1790412218.02,1.448,-6.684,1890.00
blend,1790412218.50,1.448,-6.495,1890.13
blend,1790412219.05,1.447,-6.282,1890.24
blend,1790412219.51,1.446,-6.097,1890.31
blend,1790412220.02,1.445,-5.896,1890.42
blend,1790412220.53,1.443,-5.698,1890.52
blend,1790412221.05,1.441,-5.489,1890.60
blend,1790412221.55,1.439,-5.295,1890.64
blend,1790412222.01,1.437,-5.109,1890.76
blend,1790412222.52,1.434,-4.916,1890.83
blend,1790412223.03,1.431,-4.709,1890.89
blend,1790412223.54,1.427,-4.507,1890.97
blend,1790412224.01,1.424,-4.327,1891.04
blend,1790412224.51,1.420,-4.120,1891.13
blend,1790412225.02,1.416,-3.922,1891.20
blend,1790412225.53,1.412,-3.721,1891.29
blend,1790412226.05,1.407,-3.513,1891.37
blend,1790412226.51,1.402,-3.333,1891.37
blend,1790412227.02,1.397,-3.126,1891.48
blend,1790412227.53,1.392,-2.924,1891.59
blend,1790412228.04,1.386,-2.722,1891.64
blend,1790412228.50,1.380,-2.539,1891.73
blend,1790412229.01,1.374,-2.340,1891.80
blend,1790412229.53,1.368,-2.131,1891.90
blend,1790412230.04,1.361,-1.931,1891.94
blend,1790412230.56,1.353,-1.726,1891.99
blend,1790412231.01,1.347,-1.544,1892.09
blend,1790412231.52,1.339,-1.340,1892.15
blend,1790412232.03,1.331,-1.147,1892.05
blend,1790412232.54,1.331,-1.136,1891.18
blend,1790412233.00,1.327,-1.152,1884.40
blend,1790412233.51,1.332,-1.103,1883.95
blend,1790412234.02,1.354,-0.898,1883.99
blend,1790412234.53,1.374,-0.708,1884.05
blend,1790412235.05,1.395,-0.504,1884.10
blend,1790412235.51,1.413,-0.331,1884.19
blend,1790412236.02,1.433,-0.131,1884.25
blend,1790412236.53,1.452,0.062,1884.32
blend,1790412237.04,1.471,0.255,1884.37
blend,1790412237.50,1.489,0.436,1884.48
blend,1790412238.01,1.508,0.636,1884.47
blend,1790412238.52,1.526,0.832,1884.59
blend,1790412239.03,1.544,1.027,1884.73
blend,1790412239.55,1.564,1.243,1884.80
blend,1790412240.00,1.580,1.419,1884.81
blend,1790412240.51,1.597,1.608,1884.72
blend,1790412241.02,1.598,1.621,1884.77
blend,1790412241.53,1.597,1.614,1874.34
blend,1790412242.00,1.589,1.602,1859.13
blend,1790412242.55,1.571,1.590,1841.91
blend,1790412243.01,1.562,1.588,1827.13
blend,1790412243.52,1.569,1.589,1810.92
blend,1790412244.05,1.567,1.588,1794.34
blend,1790412244.50,1.571,1.587,1791.97
blend,1790412245.02,1.598,1.583,1791.88
blend,1790412245.51,1.761,1.560,1791.81
blend,1790412246.01,1.959,1.532,1791.80
blend,1790412246.53,2.158,1.502,1791.55
blend,1790412247.04,2.361,1.472,1791.33
blend,1790412247.51,2.542,1.443,1791.13
blend,1790412248.01,2.734,1.413,1790.91
blend,1790412248.55,2.943,1.379,1790.68
blend,1790412249.02,3.125,1.348,1790.52
blend,1790412249.50,3.293,1.320,1790.21
blend,1790412250.00,3.285,1.321,1790.39
blend,1790412250.52,3.294,1.321,1799.45
blend,1790412251.00,3.300,1.321,1799.00
blend,1790412251.51,3.294,1.321,1789.66
blend,1790412252.02,3.291,1.322,1790.88
blend,1790412252.51,3.294,1.321,1791.75
blend,1790412253.01,3.289,1.321,1791.99
blend,1790412253.53,3.287,1.322,1792.31
blend,1790412254.05,3.287,1.321,1795.29
blend,1790412254.51,3.280,1.322,1795.27
blend,1790412255.03,3.143,1.333,1795.30
blend,1790412255.55,3.008,1.345,1795.24
blend,1790412256.01,2.880,1.355,1795.21
blend,1790412256.53,2.736,1.367,1795.20
blend,1790412257.00,2.606,1.378,1795.34
blend,1790412257.52,2.456,1.389,1796.30
blend,1790412258.04,2.304,1.394,1798.77
blend,1790412258.50,2.155,1.395,1799.02
blend,1790412259.02,1.955,1.399,1799.13
blend,1790412259.50,1.784,1.401,1799.22
blend,1790412260.02,1.606,1.404,1799.12
blend,1790412260.52,1.490,1.408,1796.89
blend,1790412261.01,1.427,1.423,1794.03
blend,1790412261.51,1.436,1.418,1797.15
blend,1790412262.01,1.430,1.418,1796.97
blend,1790412262.50,1.350,1.422,1797.09
blend,1790412263.02,1.251,1.427,1797.09
blend,1790412263.51,1.147,1.433,1797.13
blend,1790412264.01,1.156,1.432,1797.17
blend,1790412264.51,1.162,1.432,1797.17
blend,1790412265.00,1.168,1.432,1797.17
blend,1790412265.51,1.163,1.432,1797.17
blend,1790412266.02,1.164,1.432,1797.18
blend,1790412266.52,1.170,1.432,1797.18
blend,1790412267.01,1.161,1.432,1797.20
blend,1790412267.52,1.160,1.432,1797.20
blend,1790412268.05,1.161,1.432,1797.20
blend,1790412268.51,1.160,1.432,1797.19
blend,1790412269.02,1.161,1.432,1797.19
blend,1790412269.51,1.162,1.432,1797.20
blend,1790412270.01,1.162,1.432,1797.20
blend,1790412270.52,1.162,1.432,1797.20
blend,1790412271.04,1.162,1.432,1797.20
blend,1790412271.51,1.161,1.432,1797.20
blend,1790412272.03,1.161,1.432,1797.21
blend,1790412272.54,1.162,1.432,1797.21
blend,1790412273.01,1.162,1.432,1797.21
blend,1790412273.53,1.161,1.432,1797.20
blend,1790412274.05,1.162,1.432,1797.19
blend,1790412274.51,1.162,1.432,1797.19
blend,1790412275.03,1.162,1.432,1797.19
blend,1790412275.50,1.162,1.432,1797.19
blend,1790412276.01,1.162,1.432,1797.18
blend,1790412276.53,1.161,1.432,1797.18
blend,1790412277.05,1.162,1.432,1797.17
blend,1790412277.51,1.162,1.432,1797.17
blend,1790412278.03,1.162,1.432,1797.16
blend,1790412278.50,1.160,1.432,1797.16
blend,1790412279.02,1.159,1.432,1797.15
blend,1790412279.53,1.159,1.432,1797.14
blend,1790412280.01,1.159,1.432,1797.13
blend,1790412280.52,1.159,1.432,1797.13
blend,1790412281.03,1.159,1.432,1797.13
blend,1790412281.50,1.160,1.432,1797.14
blend,1790412282.02,1.159,1.432,1797.14
blend,1790412282.55,1.159,1.432,1797.14
blend,1790412283.00,1.160,1.432,1797.14
blend,1790412283.52,1.160,1.432,1797.14
blend,1790412284.04,1.160,1.432,1797.13
blend,1790412284.50,1.160,1.432,1797.13
blend,1790412285.02,1.160,1.432,1797.13
blend,1790412285.56,1.161,1.432,1797.13
blend,1790412286.00,1.161,1.432,1797.13
blend,1790412286.52,1.161,1.432,1797.13
blend,1790412287.05,1.161,1.432,1797.13
blend,1790412287.51,1.161,1.432,1797.13
blend,1790412288.02,1.161,1.432,1797.13
blend,1790412288.54,1.161,1.432,1797.13
blend,1790412289.01,1.161,1.432,1797.12
blend,1790412289.52,1.161,1.432,1797.12
blend,1790412290.05,1.161,1.432,1797.13
blend,1790412290.51,1.161,1.432,1797.13
blend,1790412291.03,1.161,1.432,1797.13
blend,1790412291.50,1.161,1.432,1797.13
blend,1790412292.01,1.161,1.432,1797.13
blend,1790412292.53,1.161,1.432,1797.12
blend,1790412293.05,1.161,1.432,1797.13
blend,1790412293.51,1.161,1.432,1797.12
blend,1790412294.03,1.160,1.432,1797.12
blend,1790412294.50,1.160,1.432,1797.13
blend,1790412295.01,1.161,1.432,1797.13
blend,1790412295.50,1.160,1.432,1797.13
blend,1790412296.01,1.162,1.432,1797.13
blend,1790412296.51,1.162,1.432,1797.13
blend,1790412297.01,1.162,1.432,1797.13
blend,1790412297.50,1.162,1.432,1797.12
blend,1790412298.02,1.163,1.432,1797.12
blend,1790412298.53,1.162,1.432,1797.11
blend,1790412299.00,1.169,1.432,1797.11
blend,1790412299.51,1.165,1.432,1797.11
blend,1790412300.05,1.165,1.432,1797.10
blend,1790412300.50,1.164,1.432,1797.11
blend,1790412301.02,1.165,1.432,1797.11
blend,1790412301.55,1.165,1.432,1797.12
blend,1790412302.00,1.164,1.432,1797.12
blend,1790412302.52,1.165,1.432,1797.13
blend,1790412303.04,1.164,1.432,1797.12
blend,1790412303.50,1.163,1.432,1797.12
blend,1790412304.02,1.163,1.432,1797.11
blend,1790412304.55,1.164,1.432,1797.11
blend,1790412305.00,1.164,1.432,1797.12
blend,1790412305.52,1.164,1.432,1797.12
blend,1790412306.04,1.164,1.432,1797.14
blend,1790412306.51,1.163,1.432,1797.13
blend,1790412307.02,1.162,1.432,1797.14
blend,1790412307.54,1.162,1.432,1797.14
blend,1790412308.01,1.163,1.432,1797.13
blend,1790412308.52,1.163,1.432,1797.13
blend,1790412309.05,1.162,1.432,1797.12
blend,1790412309.51,1.163,1.432,1797.11
blend,1790412310.03,1.162,1.432,1797.11
blend,1790412310.54,1.162,1.432,1797.11
blend,1790412311.01,1.163,1.432,1797.12
blend,1790412311.53,1.163,1.432,1797.12
blend,1790412312.05,1.163,1.432,1797.12
blend,1790412312.51,1.163,1.432,1797.11
blend,1790412313.03,1.163,1.432,1797.11
blend,1790412313.55,1.162,1.432,1797.10
blend,1790412314.01,1.162,1.432,1797.09
blend,1790412314.53,1.162,1.432,1797.09
blend,1790412315.05,1.162,1.432,1797.09
blend,1790412315.52,1.163,1.432,1797.08
blend,1790412316.03,1.162,1.432,1797.07
blend,1790412316.55,1.162,1.432,1797.06
blend,1790412317.02,1.162,1.432,1797.07
blend,1790412317.53,1.163,1.432,1797.07
blend,1790412318.00,1.162,1.432,1797.07
blend,1790412318.52,1.162,1.432,1797.07
blend,1790412319.05,1.162,1.432,1797.06
blend,1790412319.50,1.162,1.432,1797.07
blend,1790412320.02,1.162,1.432,1797.06
blend,1790412320.54,1.163,1.432,1797.07
blend,1790412321.00,1.162,1.432,1797.07
blend,1790412321.52,1.164,1.432,1797.07
blend,1790412322.05,1.164,1.432,1797.07
blend,1790412322.50,1.164,1.432,1797.07
blend,1790412323.02,1.164,1.432,1797.08
blend,1790412323.55,1.164,1.432,1797.07
blend,1790412324.01,1.163,1.432,1797.07
blend,1790412324.52,1.163,1.432,1797.07
blend,1790412325.04,1.164,1.432,1797.07
blend,1790412325.51,1.163,1.432,1797.07
blend,1790412326.03,1.163,1.432,1797.07
blend,1790412326.55,1.163,1.432,1797.07
blend,1790412327.01,1.162,1.432,1797.08
blend,1790412327.53,1.163,1.432,1797.08
blend,1790412328.05,1.163,1.432,1797.08
blend,1790412328.51,1.163,1.432,1797.08
blend,1790412329.03,1.163,1.432,1797.08
robot,1790410828.97,0.000,0.000,0.00
robot,1790410829.01,0.000,0.000,0.01
robot,1790410829.51,0.000,0.000,0.02
robot,1790410830.01,0.000,0.000,0.02
robot,1790410830.51,0.000,0.000,0.02
robot,1790410831.01,0.000,0.000,0.00
robot,1790410831.51,0.000,0.000,0.01
robot,1790410832.01,0.000,0.000,-0.00
robot,1790410832.51,0.000,0.000,0.01
robot,1790410833.01,0.000,0.000,0.01
robot,1790410833.51,0.000,0.000,0.02
robot,1790410834.01,0.000,0.000,0.02
robot,1790410834.51,0.000,0.000,0.02
robot,1790410835.01,0.000,0.000,0.02
robot,1790410835.51,0.000,0.000,0.01
robot,1790410836.01,0.000,0.000,0.02
robot,1790410836.51,0.000,0.000,0.03
robot,1790410837.01,0.000,0.000,0.03
robot,1790410837.51,0.000,0.000,0.05
robot,1790410838.01,0.000,0.000,0.04
robot,1790410838.51,0.000,0.000,0.05
robot,1790410839.01,0.000,0.000,0.05
robot,1790410839.51,0.000,0.000,0.05
robot,1790410840.01,0.000,0.000,0.08
robot,1790410840.51,0.000,0.000,0.07
robot,1790410841.01,0.000,0.000,0.06
robot,1790410841.51,0.000,0.000,0.08
robot,1790410842.01,0.000,0.000,0.09
robot,1790410842.51,0.000,0.000,0.09
robot,1790410843.01,0.000,0.000,0.09
robot,1790410843.51,0.000,0.000,0.10
robot,1790410844.01,0.000,0.000,0.09
robot,1790410844.51,0.000,0.000,0.11
robot,1790410845.01,0.000,0.000,0.12
robot,1790410845.51,0.000,0.000,0.12
robot,1790410846.01,0.000,0.000,0.12
robot,1790410846.51,0.000,0.000,0.13
robot,1790410847.01,0.000,0.000,0.14
robot,1790410847.51,0.000,0.000,0.14
robot,1790410848.01,0.000,0.000,0.14
robot,1790410848.51,0.000,0.000,0.16
robot,1790410849.01,0.000,0.000,0.16
robot,1790410849.51,0.000,0.000,0.16
robot,1790410850.01,0.000,0.000,0.18
robot,1790410850.51,0.000,0.000,0.20
robot,1790410851.01,0.000,0.000,0.20
robot,1790410851.51,0.000,0.000,0.22
robot,1790410852.01,0.000,0.000,0.23
robot,1790410852.51,0.000,0.000,0.24
robot,1790410853.01,0.000,0.000,0.23
robot,1790410853.51,0.000,0.000,0.24
robot,1790410854.01,0.000,0.000,0.25
robot,1790410854.51,0.000,0.000,0.26
robot,1790410855.01,0.000,0.000,0.27
robot,1790410855.51,0.000,0.000,0.27
robot,1790410856.01,0.000,0.000,0.28
robot,1790410856.51,0.000,0.000,0.31
robot,1790410857.01,0.000,0.000,0.31
robot,1790410857.51,0.000,0.000,0.33
robot,1790410858.01,0.000,0.000,0.34
robot,1790410858.51,0.000,0.000,0.34
robot,1790410859.01,0.000,0.000,0.36
robot,1790410859.51,0.000,0.000,0.36
robot,1790410860.01,0.000,0.000,0.37
robot,1790410860.51,0.000,0.000,0.38
robot,1790410861.01,0.000,0.000,0.38
robot,1790410861.51,0.000,0.000,0.37
robot,1790410862.01,0.000,0.000,0.40
robot,1790410862.51,0.000,0.000,0.42
robot,1790410863.01,0.000,0.000,0.42
robot,1790410863.51,0.000,0.000,0.44
robot,1790410864.01,0.000,0.000,0.44
robot,1790410864.51,0.000,0.000,0.45
robot,1790410865.01,0.000,0.000,0.44
robot,1790410865.51,0.000,0.000,0.45
robot,1790410866.01,0.000,0.000,0.45
robot,1790410866.51,0.000,0.000,0.46
robot,1790410867.01,0.000,0.000,0.47
robot,1790410867.51,0.000,0.000,0.47
robot,1790410868.01,0.000,0.000,0.49
robot,1790410868.51,0.000,0.000,0.49
robot,1790410869.01,0.000,0.000,0.51
robot,1790410869.51,0.000,0.000,0.51
robot,1790410870.01,0.000,0.000,0.53
robot,1790410870.51,0.000,0.000,0.54
robot,1790410871.01,0.000,0.000,0.55
robot,1790410871.51,0.000,0.000,0.55
robot,1790410872.01,0.000,0.000,0.56
robot,1790410872.51,0.000,0.000,0.55
robot,1790410873.01,0.000,0.000,0.57
robot,1790410873.51,0.000,0.000,0.59
robot,1790410874.01,0.000,0.000,0.58
robot,1790410874.51,0.000,0.000,0.59
robot,1790410875.01,0.000,0.000,0.60
robot,1790410875.51,0.000,0.000,0.62
robot,1790410876.01,0.000,0.000,0.63
robot,1790410876.51,0.000,0.000,0.66
robot,1790410877.01,0.000,0.000,0.65
robot,1790410877.51,0.000,0.000,0.65
robot,1790410878.01,0.000,0.000,0.67
robot,1790410878.51,0.000,0.000,0.68
robot,1790410879.01,0.000,0.000,0.69
robot,1790410879.51,0.000,0.000,0.71
robot,1790410880.01,0.000,0.000,0.71
robot,1790410880.51,0.000,0.000,0.72
robot,1790410881.01,0.000,0.000,0.73
robot,1790410881.51,0.000,0.000,0.74
robot,1790410882.01,0.000,0.000,0.76
robot,1790410882.51,0.000,0.000,0.77
robot,1790410883.01,0.000,0.000,0.78
robot,1790410883.51,0.000,0.000,0.79
robot,1790410884.01,0.000,0.000,0.79
robot,1790410884.51,0.000,0.000,0.78
robot,1790410885.01,0.064,0.001,0.78
robot,1790410885.51,0.216,0.003,0.86
robot,1790410886.01,0.361,0.005,0.98
robot,1790410886.51,0.509,0.008,1.04
robot,1790410887.01,0.647,0.010,1.09
robot,1790410887.51,0.786,0.013,1.11
robot,1790410888.01,0.924,0.016,1.21
robot,1790410888.51,1.055,0.019,1.20
robot,1790410889.01,1.185,0.021,1.25
robot,1790410889.51,1.314,0.024,1.33
robot,1790410890.01,1.444,0.027,1.42
robot,1790410890.51,1.573,0.031,1.53
robot,1790410891.01,1.706,0.034,1.54
robot,1790410891.51,1.834,0.038,1.59
robot,1790410892.01,1.965,0.041,1.65
robot,1790410892.51,2.096,0.045,1.73
robot,1790410893.01,2.226,0.049,1.82
robot,1790410893.51,2.357,0.054,1.87
robot,1790410894.01,2.486,0.058,1.91
robot,1790410894.51,2.617,0.062,1.99
robot,1790410895.01,2.742,0.067,2.03
robot,1790410895.51,2.868,0.071,2.08
robot,1790410896.01,2.991,0.076,2.12
robot,1790410896.51,3.118,0.081,2.17
robot,1790410897.01,3.242,0.085,2.27
robot,1790410897.51,3.366,0.090,2.28
robot,1790410898.01,3.473,0.095,2.32
robot,1790410898.51,3.548,0.098,2.38
robot,1790410899.01,3.646,0.102,2.43
robot,1790410899.51,3.754,0.106,2.45
robot,1790410900.01,3.867,0.111,2.48
robot,1790410900.51,3.976,0.116,2.49
robot,1790410901.01,4.085,0.121,2.55
robot,1790410901.51,4.195,0.126,2.57
robot,1790410902.01,4.304,0.131,2.61
robot,1790410902.51,4.414,0.136,2.64
robot,1790410903.01,4.525,0.141,2.72
robot,1790410903.51,4.637,0.146,2.77
robot,1790410904.01,4.752,0.152,2.82
robot,1790410904.51,4.868,0.157,2.87
robot,1790410905.01,4.981,0.163,2.93
robot,1790410905.51,5.096,0.169,3.00
robot,1790410906.01,5.210,0.175,3.02
robot,1790410906.51,5.326,0.181,3.08
robot,1790410907.01,5.441,0.188,3.14
robot,1790410907.51,5.556,0.194,3.25
robot,1790410908.01,5.668,0.200,3.31
robot,1790410908.51,5.785,0.207,3.34
robot,1790410909.01,5.902,0.214,3.39
robot,1790410909.51,6.016,0.221,3.44
robot,1790410910.01,6.130,0.228,3.49
robot,1790410910.51,6.245,0.235,3.53
robot,1790410911.01,6.360,0.242,3.59
robot,1790410911.51,6.475,0.249,3.62
robot,1790410912.01,6.589,0.256,3.66
robot,1790410912.51,6.703,0.264,3.71
robot,1790410913.01,6.820,0.271,3.75
robot,1790410913.51,6.934,0.279,3.79
robot,1790410914.01,7.048,0.287,3.82
robot,1790410914.51,7.163,0.294,3.86
robot,1790410915.01,7.278,0.302,3.87
robot,1790410915.51,7.396,0.310,3.98
robot,1790410916.01,7.511,0.318,4.02
robot,1790410916.51,7.626,0.326,4.09
robot,1790410917.01,7.742,0.335,4.11
robot,1790410917.51,7.861,0.343,4.16
robot,1790410918.01,7.980,0.352,4.21
robot,1790410918.51,8.100,0.361,4.26
robot,1790410919.01,8.218,0.370,4.31
robot,1790410919.51,8.337,0.379,4.32
robot,1790410920.01,8.458,0.388,4.37
robot,1790410920.51,8.577,0.397,4.46
robot,1790410921.01,8.696,0.406,4.50
robot,1790410921.51,8.815,0.416,4.53
robot,1790410922.01,8.935,0.425,4.56
robot,1790410922.51,9.056,0.435,4.63
robot,1790410923.01,9.175,0.445,4.70
robot,1790410923.51,9.294,0.454,4.70
robot,1790410924.01,9.413,0.464,4.77
robot,1790410925.31,9.724,0.491,4.94
robot,1790410925.51,9.772,0.495,4.95
robot,1790410926.01,9.893,0.505,5.01
robot,1790410926.51,10.013,0.516,5.06
robot,1790410927.01,10.131,0.526,5.09
robot,1790410927.51,10.250,0.537,5.15
robot,1790410928.01,10.370,0.548,5.20
robot,1790410928.51,10.489,0.559,5.28
robot,1790410929.01,10.609,0.570,5.32
robot,1790410929.51,10.729,0.581,5.36
robot,1790410930.01,10.846,0.592,5.42
robot,1790410930.51,10.966,0.604,5.45
robot,1790410931.01,11.088,0.615,5.47
robot,1790410931.51,11.193,0.625,5.52
robot,1790410932.01,11.195,0.626,5.44
robot,1790410932.51,11.195,0.626,5.46
robot,1790410933.01,11.195,0.626,5.46
robot,1790410933.51,11.195,0.626,5.47
robot,1790410934.01,11.195,0.626,5.47
robot,1790410934.51,11.195,0.626,5.48
robot,1790410935.01,11.195,0.626,5.49
robot,1790410935.51,11.195,0.626,5.50
robot,1790410936.01,11.195,0.626,5.52
robot,1790410936.51,11.195,0.626,5.53
robot,1790410937.01,11.195,0.626,5.52
robot,1790410937.51,11.230,0.629,5.56
robot,1790410938.01,11.307,0.637,5.61
robot,1790410938.51,11.391,0.645,5.61
robot,1790410939.01,11.474,0.653,5.63
robot,1790410939.51,11.518,0.657,5.63
robot,1790410940.01,11.518,0.657,5.65
robot,1790410940.51,11.518,0.657,5.66
robot,1790410941.01,11.518,0.657,5.67
robot,1790410941.51,11.519,0.657,6.23
robot,1790410942.01,11.517,0.657,15.96
robot,1790410942.51,11.517,0.657,27.34
robot,1790410943.01,11.519,0.658,38.72
robot,1790410943.51,11.519,0.658,50.11
robot,1790410944.01,11.518,0.657,61.64
robot,1790410944.51,11.518,0.657,73.34
robot,1790410945.01,11.518,0.657,85.33
robot,1790410945.51,11.518,0.656,97.33
robot,1790410946.01,11.518,0.657,100.72
robot,1790410946.51,11.518,0.657,100.69
robot,1790410947.01,11.518,0.657,100.68
robot,1790410947.51,11.518,0.657,100.67
robot,1790410948.01,11.518,0.657,100.64
robot,1790410948.51,11.518,0.656,104.84
robot,1790410949.01,11.518,0.656,119.67
robot,1790410949.51,11.517,0.658,134.64
robot,1790410950.01,11.519,0.656,149.59
robot,1790410950.51,11.518,0.657,152.85
robot,1790410951.01,11.518,0.657,152.83
robot,1790410951.51,11.518,0.657,152.80
robot,1790410952.01,11.518,0.657,152.78
robot,1790410952.51,11.519,0.657,153.39
robot,1790410953.01,11.519,0.657,163.01
robot,1790410953.51,11.519,0.657,176.16
robot,1790410954.01,11.519,0.657,179.84
robot,1790410954.51,11.519,0.657,179.82
robot,1790410955.01,11.519,0.657,179.80
robot,1790410955.51,11.519,0.657,179.76
robot,1790410956.01,11.519,0.657,179.73
robot,1790410956.51,11.519,0.657,179.71
robot,1790410957.01,11.519,0.657,179.68
robot,1790410957.51,11.519,0.657,179.68
robot,1790410958.01,11.519,0.657,179.66
robot,1790410958.51,11.519,0.657,179.63
robot,1790410959.01,11.498,0.657,179.70
robot,1790410959.51,11.396,0.657,179.87
robot,1790410960.01,11.273,0.658,179.94
robot,1790410960.51,11.146,0.658,180.01
robot,1790410961.01,11.022,0.657,180.10
robot,1790410961.51,10.897,0.657,180.17
robot,1790410962.01,10.771,0.657,180.18
robot,1790410962.51,10.648,0.656,180.24
robot,1790410963.01,10.521,0.656,180.31
robot,1790410963.51,10.396,0.655,180.31
robot,1790410964.01,10.270,0.654,180.36
robot,1790410964.51,10.146,0.653,180.40
robot,1790410965.01,10.022,0.653,180.48
robot,1790410965.51,9.897,0.651,180.48
robot,1790410966.01,9.769,0.650,180.54
robot,1790410966.51,9.645,0.649,180.58
robot,1790410967.01,9.521,0.648,180.60
robot,1790410967.51,9.397,0.647,180.61
robot,1790410968.01,9.272,0.645,180.66
robot,1790410968.51,9.146,0.644,180.66
robot,1790410969.01,9.022,0.642,180.71
robot,1790410969.51,8.896,0.641,180.79
robot,1790410970.01,8.770,0.639,180.81
robot,1790410970.51,8.644,0.637,180.83
robot,1790410971.01,8.521,0.635,180.90
robot,1790410971.51,8.397,0.633,180.92
robot,1790410972.01,8.272,0.631,180.92
robot,1790410972.51,8.145,0.629,181.01
robot,1790410973.01,8.020,0.627,180.98
robot,1790410973.51,7.896,0.625,180.97
robot,1790410974.01,7.773,0.623,181.01
robot,1790410974.51,7.648,0.621,181.13
robot,1790410975.01,7.520,0.618,181.13
robot,1790410975.51,7.396,0.616,181.16
robot,1790410976.01,7.272,0.613,181.23
robot,1790410976.51,7.146,0.610,181.28
robot,1790410977.01,7.020,0.607,181.27
robot,1790410977.51,6.896,0.605,181.34
robot,1790410978.01,6.771,0.602,181.38
robot,1790410978.51,6.646,0.599,181.40
robot,1790410979.01,6.519,0.595,181.43
robot,1790410979.51,6.395,0.592,181.49
robot,1790410980.01,6.270,0.589,181.49
robot,1790410980.51,6.148,0.586,181.53
robot,1790410981.01,6.020,0.582,181.56
robot,1790410981.51,5.894,0.579,181.59
robot,1790410982.01,5.770,0.575,181.64
robot,1790410982.51,5.642,0.572,181.67
robot,1790410983.01,5.520,0.568,181.70
robot,1790410983.51,5.393,0.564,181.73
robot,1790410984.01,5.268,0.560,181.79
robot,1790410984.51,5.144,0.557,181.86
robot,1790410985.01,5.019,0.552,181.86
robot,1790410985.51,4.891,0.548,181.92
robot,1790410986.01,4.761,0.544,182.00
robot,1790410986.51,4.631,0.539,182.03
robot,1790410987.01,4.503,0.535,182.05
robot,1790410987.51,4.372,0.530,182.08
robot,1790410988.01,4.241,0.525,182.13
robot,1790410988.51,4.112,0.520,182.19
robot,1790410989.01,3.983,0.515,182.18
robot,1790410989.51,3.854,0.510,182.24
robot,1790410990.01,3.722,0.505,182.33
robot,1790410990.51,3.593,0.500,182.39
robot,1790410991.01,3.464,0.494,182.41
robot,1790410991.51,3.333,0.489,182.43
robot,1790410992.01,3.204,0.483,182.47
robot,1790410992.51,3.073,0.478,182.50
robot,1790410993.01,2.945,0.472,182.50
robot,1790410993.51,2.816,0.466,182.56
robot,1790410994.01,2.686,0.460,182.61
robot,1790410994.51,2.553,0.454,182.67
robot,1790410995.01,2.426,0.448,182.72
robot,1790410995.51,2.294,0.442,182.74
robot,1790410996.01,2.164,0.436,182.76
robot,1790410996.51,2.034,0.429,182.90
robot,1790410997.01,1.904,0.423,182.89
robot,1790410997.51,1.775,0.416,182.94
robot,1790410998.01,1.670,0.411,182.96
robot,1790410998.51,1.670,0.411,182.94
robot,1790410999.01,1.655,0.410,182.95
robot,1790410999.51,1.591,0.407,182.98
robot,1790411000.01,1.486,0.401,182.96
robot,1790411000.51,1.381,0.396,183.05
robot,1790411001.01,1.276,0.390,183.09
robot,1790411001.51,1.166,0.384,183.10
robot,1790411002.01,1.058,0.378,183.16
robot,1790411002.51,0.949,0.372,183.21
robot,1790411003.01,0.843,0.366,183.25
robot,1790411003.51,0.733,0.360,183.30
robot,1790411004.01,0.625,0.354,183.36
robot,1790411004.51,0.524,0.348,183.37
robot,1790411005.01,0.506,0.347,183.35
robot,1790411005.51,0.506,0.347,183.36
robot,1790411006.01,0.506,0.347,183.34
robot,1790411006.51,0.506,0.347,183.35
robot,1790411007.01,0.507,0.347,185.63
robot,1790411007.51,0.506,0.347,192.65
robot,1790411008.01,0.507,0.347,199.79
robot,1790411008.51,0.506,0.347,206.93
robot,1790411009.01,0.506,0.347,214.10
robot,1790411009.51,0.506,0.347,221.17
robot,1790411010.01,0.506,0.346,228.22
robot,1790411010.51,0.506,0.346,235.22
robot,1790411011.01,0.506,0.347,242.20
robot,1790411011.51,0.506,0.347,249.18
robot,1790411012.01,0.506,0.347,256.14
robot,1790411012.51,0.506,0.347,258.04
robot,1790411013.01,0.506,0.345,262.41
robot,1790411013.51,0.506,0.347,262.08
robot,1790411014.01,0.506,0.347,262.07
robot,1790411014.51,0.506,0.347,262.06
robot,1790411015.01,0.506,0.347,262.06
robot,1790411015.51,0.506,0.347,262.05
robot,1790411016.01,0.506,0.347,262.07
robot,1790411016.51,0.506,0.347,262.08
robot,1790411017.01,0.506,0.347,262.09
robot,1790411017.51,0.506,0.347,262.09
robot,1790411018.01,0.506,0.347,262.09
robot,1790411018.51,0.506,0.347,262.09
robot,1790411019.01,0.506,0.347,262.08
robot,1790411019.51,0.506,0.347,262.08
robot,1790411020.01,0.506,0.347,262.08
robot,1790411020.51,0.506,0.347,262.08
robot,1790411021.01,0.506,0.347,262.07
robot,1790411021.51,0.506,0.347,262.06
robot,1790411022.01,0.506,0.347,262.06
robot,1790411022.51,0.506,0.347,262.06
robot,1790411023.01,0.503,0.328,262.21
robot,1790411023.51,0.489,0.223,262.21
robot,1790411024.01,0.471,0.093,262.34
robot,1790411024.51,0.454,-0.037,262.43
robot,1790411025.01,0.436,-0.169,262.52
robot,1790411025.51,0.419,-0.305,262.64
robot,1790411026.01,0.401,-0.441,262.72
robot,1790411026.51,0.384,-0.574,262.74
robot,1790411027.01,0.367,-0.708,262.80
robot,1790411027.51,0.351,-0.842,262.89
robot,1790411028.01,0.334,-0.976,262.91
robot,1790411028.51,0.317,-1.110,262.98
robot,1790411029.01,0.301,-1.243,263.05
robot,1790411029.51,0.285,-1.377,263.08
robot,1790411030.01,0.279,-1.426,263.08
robot,1790411030.51,0.279,-1.426,263.04
robot,1790411031.01,0.279,-1.426,263.45
robot,1790411031.51,0.279,-1.427,267.19
robot,1790411032.01,0.279,-1.426,267.06
robot,1790411032.51,0.275,-1.497,267.31
robot,1790411033.01,0.268,-1.648,267.44
robot,1790411033.51,0.261,-1.816,267.54
robot,1790411034.65,0.245,-2.203,267.75
robot,1790411035.01,0.240,-2.326,267.77
robot,1790411035.51,0.234,-2.496,267.87
robot,1790411036.01,0.228,-2.662,267.89
robot,1790411036.51,0.222,-2.824,267.89
robot,1790411037.01,0.216,-2.980,267.99
robot,1790411037.51,0.211,-3.133,268.02
robot,1790411038.01,0.206,-3.288,268.13
robot,1790411038.51,0.201,-3.443,268.17
robot,1790411039.01,0.196,-3.600,268.24
robot,1790411039.51,0.191,-3.756,268.29
robot,1790411040.01,0.186,-3.910,268.33
robot,1790411040.51,0.182,-4.065,268.38
robot,1790411041.01,0.178,-4.220,268.42
robot,1790411041.51,0.174,-4.375,268.49
robot,1790411042.01,0.170,-4.530,268.54
robot,1790411042.51,0.166,-4.685,268.57
robot,1790411043.01,0.162,-4.840,268.63
robot,1790411043.51,0.158,-4.995,268.71
robot,1790411044.01,0.155,-5.152,268.82
robot,1790411044.51,0.152,-5.309,268.86
robot,1790411045.01,0.149,-5.461,268.92
robot,1790411045.51,0.146,-5.615,268.95
robot,1790411046.01,0.143,-5.772,269.02
robot,1790411046.51,0.141,-5.926,269.05
robot,1790411047.01,0.138,-6.078,269.12
robot,1790411047.51,0.136,-6.236,269.20
robot,1790411048.01,0.134,-6.389,269.28
robot,1790411048.51,0.132,-6.546,269.27
robot,1790411049.01,0.130,-6.702,269.31
robot,1790411049.51,0.128,-6.857,269.34
robot,1790411050.01,0.126,-7.007,269.37
robot,1790411050.51,0.124,-7.167,269.44
robot,1790411051.01,0.123,-7.323,269.49
robot,1790411051.51,0.122,-7.478,269.58
robot,1790411052.01,0.121,-7.632,269.64
robot,1790411052.87,0.119,-7.898,269.72
robot,1790411053.01,0.119,-7.943,269.74
robot,1790411053.51,0.118,-8.097,269.84
robot,1790411054.01,0.118,-8.252,269.87
robot,1790411054.51,0.118,-8.409,269.95
robot,1790411055.01,0.117,-8.565,269.99
robot,1790411055.51,0.118,-8.719,270.03
robot,1790411056.01,0.118,-8.872,270.04
robot,1790411056.51,0.118,-9.027,270.10
robot,1790411057.01,0.118,-9.184,270.17
robot,1790411057.51,0.119,-9.338,270.20
robot,1790411058.01,0.120,-9.492,270.31
robot,1790411058.51,0.120,-9.647,270.37
robot,1790411059.01,0.122,-9.804,270.46
robot,1790411059.51,0.123,-9.957,270.46
robot,1790411060.01,0.124,-10.111,270.51
robot,1790411060.51,0.125,-10.268,270.56
robot,1790411061.01,0.127,-10.426,270.60
robot,1790411061.51,0.129,-10.580,270.64
robot,1790411062.01,0.131,-10.734,270.67
robot,1790411062.51,0.133,-10.888,270.76
robot,1790411063.01,0.135,-11.043,270.83
robot,1790411063.51,0.137,-11.198,270.91
robot,1790411064.01,0.140,-11.355,270.95
robot,1790411064.51,0.142,-11.510,271.02
robot,1790411065.01,0.145,-11.663,271.05
robot,1790411065.51,0.148,-11.820,271.09
robot,1790411066.01,0.151,-11.977,271.15
robot,1790411066.51,0.154,-12.133,271.17
robot,1790411067.01,0.158,-12.287,271.28
robot,1790411067.51,0.161,-12.442,271.31
robot,1790411068.01,0.165,-12.596,271.42
robot,1790411068.51,0.169,-12.751,271.51
robot,1790411069.01,0.173,-12.907,271.58
robot,1790411069.51,0.177,-13.061,271.62
robot,1790411070.01,0.182,-13.217,271.66
robot,1790411070.51,0.186,-13.370,271.73
robot,1790411071.01,0.191,-13.528,271.75
robot,1790411071.51,0.196,-13.680,271.82
robot,1790411072.01,0.201,-13.835,271.86
robot,1790411072.51,0.206,-13.992,271.91
robot,1790411073.01,0.211,-14.145,272.00
robot,1790411073.51,0.217,-14.300,272.07
robot,1790411074.01,0.222,-14.456,272.14
robot,1790411074.51,0.228,-14.613,272.17
robot,1790411075.01,0.234,-14.765,272.24
robot,1790411075.51,0.240,-14.921,272.30
robot,1790411076.01,0.247,-15.079,272.29
robot,1790411076.51,0.252,-15.211,272.32
robot,1790411077.01,0.252,-15.212,272.30
robot,1790411077.51,0.252,-15.212,272.31
robot,1790411078.01,0.252,-15.212,272.29
robot,1790411078.51,0.252,-15.212,272.27
robot,1790411079.01,0.252,-15.212,272.27
robot,1790411079.51,0.252,-15.212,272.25
robot,1790411080.01,0.252,-15.212,272.25
robot,1790411080.51,0.252,-15.212,272.25
robot,1790411081.01,0.252,-15.212,272.25
robot,1790411081.51,0.252,-15.212,272.24
robot,1790411082.01,0.252,-15.212,278.11
robot,1790411082.51,0.253,-15.214,295.00
robot,1790411083.01,0.252,-15.211,311.54
robot,1790411083.51,0.252,-15.211,328.94
robot,1790411084.01,0.250,-15.211,345.90
robot,1790411084.51,0.252,-15.211,346.05
robot,1790411085.01,0.252,-15.211,346.03
robot,1790411085.97,0.252,-15.211,346.01
robot,1790411086.01,0.252,-15.211,346.01
robot,1790411086.51,0.254,-15.211,350.83
robot,1790411087.01,0.251,-15.211,370.27
robot,1790411087.51,0.252,-15.212,390.61
robot,1790411088.01,0.252,-15.212,404.66
robot,1790411088.51,0.252,-15.211,404.49
robot,1790411089.35,0.252,-15.211,404.46
robot,1790411089.51,0.252,-15.211,404.44
robot,1790411090.01,0.252,-15.211,404.45
robot,1790411090.51,0.252,-15.211,404.44
robot,1790411091.01,0.252,-15.211,404.43
robot,1790411091.51,0.252,-15.211,404.44
robot,1790411092.01,0.252,-15.211,404.45
robot,1790411092.51,0.252,-15.211,404.45
robot,1790411093.01,0.251,-15.212,406.72
robot,1790411093.51,0.251,-15.213,419.35
robot,1790411094.01,0.252,-15.211,424.26
robot,1790411094.51,0.252,-15.212,424.21
robot,1790411095.01,0.252,-15.212,424.22
robot,1790411095.51,0.252,-15.212,424.21
robot,1790411096.01,0.252,-15.212,424.19
robot,1790411096.51,0.252,-15.211,424.19
robot,1790411097.01,0.252,-15.211,424.18
robot,1790411097.51,0.252,-15.211,424.20
robot,1790411098.01,0.252,-15.211,424.19
robot,1790411098.51,0.252,-15.211,424.19
robot,1790411099.01,0.252,-15.211,424.18
robot,1790411099.51,0.252,-15.211,424.14
robot,1790411100.01,0.252,-15.211,424.14
robot,1790411100.51,0.252,-15.211,424.13
robot,1790411101.01,0.252,-15.211,424.12
robot,1790411101.51,0.252,-15.211,424.13
robot,1790411102.01,0.252,-15.211,424.12
robot,1790411102.51,0.252,-15.211,424.12
robot,1790411103.01,0.252,-15.211,424.13
robot,1790411103.51,0.252,-15.211,424.12
robot,1790411104.01,0.252,-15.211,424.11
robot,1790411104.51,0.252,-15.211,424.11
robot,1790411105.01,0.252,-15.211,424.09
robot,1790411105.51,0.252,-15.211,424.08
robot,1790411106.01,0.252,-15.211,424.08
robot,1790411106.51,0.252,-15.211,424.07
robot,1790411107.01,0.252,-15.211,424.06
robot,1790411107.51,0.252,-15.211,424.04
robot,1790411108.01,0.252,-15.211,424.05
robot,1790411108.51,0.252,-15.211,424.05
robot,1790411109.01,0.252,-15.211,424.04
robot,1790411109.51,0.252,-15.211,424.04
robot,1790411110.01,0.252,-15.211,424.05
robot,1790411110.51,0.252,-15.211,424.02
robot,1790411111.01,0.252,-15.211,424.00
robot,1790411111.51,0.252,-15.211,424.00
robot,1790411112.01,0.252,-15.211,423.99
robot,1790411112.51,0.252,-15.211,423.96
robot,1790411113.01,0.252,-15.211,423.96
robot,1790411113.51,0.252,-15.211,423.95
robot,1790411114.01,0.252,-15.211,423.93
robot,1790411114.51,0.252,-15.211,423.92
robot,1790411115.01,0.252,-15.211,423.90
robot,1790411115.51,0.252,-15.211,423.89
robot,1790411116.01,0.252,-15.211,423.89
robot,1790411116.51,0.252,-15.211,423.88
robot,1790411117.01,0.252,-15.211,419.79
robot,1790411117.51,0.252,-15.211,408.57
robot,1790411118.01,0.252,-15.212,408.00
robot,1790411118.51,0.252,-15.212,408.00
robot,1790411119.01,0.252,-15.212,407.99
robot,1790411119.51,0.252,-15.212,408.00
robot,1790411120.01,0.252,-15.212,408.01
robot,1790411120.51,0.252,-15.211,405.00
robot,1790411121.01,0.252,-15.211,393.60
robot,1790411121.51,0.252,-15.211,393.82
robot,1790411122.01,0.252,-15.211,393.82
robot,1790411122.51,0.252,-15.211,393.82
robot,1790411123.01,0.252,-15.211,393.81
robot,1790411123.51,0.253,-15.211,383.12
robot,1790411124.01,0.252,-15.211,371.33
robot,1790411124.51,0.252,-15.211,371.63
robot,1790411125.01,0.251,-15.211,371.64
robot,1790411125.51,0.251,-15.211,371.65
robot,1790411126.01,0.251,-15.211,371.65
robot,1790411126.51,0.251,-15.211,371.65
robot,1790411127.01,0.251,-15.211,371.65
robot,1790411127.51,0.251,-15.211,371.10
robot,1790411128.01,0.252,-15.211,364.28
robot,1790411128.51,0.251,-15.211,364.52
robot,1790411129.01,0.251,-15.211,364.54
robot,1790411129.51,0.251,-15.211,364.54
robot,1790411130.01,0.251,-15.211,364.53
robot,1790411130.51,0.251,-15.211,364.55
robot,1790411131.01,0.251,-15.211,364.16
robot,1790411131.51,0.251,-15.211,355.37
robot,1790411132.01,0.251,-15.211,350.68
robot,1790411132.51,0.252,-15.212,350.71
robot,1790411133.01,0.252,-15.212,350.72
robot,1790411133.51,0.252,-15.212,350.71
robot,1790411134.01,0.252,-15.212,350.72
robot,1790411134.51,0.252,-15.212,350.73
robot,1790411135.01,0.253,-15.212,344.91
robot,1790411135.51,0.253,-15.212,342.37
robot,1790411136.01,0.253,-15.212,342.39
robot,1790411136.51,0.253,-15.212,342.39
robot,1790411137.01,0.253,-15.212,342.37
robot,1790411137.51,0.253,-15.212,342.36
robot,1790411138.01,0.253,-15.212,342.36
robot,1790411138.51,0.253,-15.212,342.36
robot,1790411139.01,0.253,-15.212,342.37
robot,1790411139.51,0.253,-15.212,342.37
robot,1790411140.01,0.282,-15.221,342.27
robot,1790411140.51,0.364,-15.247,342.21
robot,1790411141.01,0.468,-15.281,342.14
robot,1790411141.51,0.575,-15.315,342.08
robot,1790411142.01,0.694,-15.354,342.11
robot,1790411142.51,0.817,-15.393,342.12
robot,1790411143.01,0.943,-15.434,342.17
robot,1790411143.51,0.978,-15.445,342.03
robot,1790411144.01,0.978,-15.445,342.06
robot,1790411144.51,0.978,-15.445,342.05
robot,1790411145.01,0.978,-15.445,342.05
robot,1790411145.51,0.978,-15.445,342.06
robot,1790411146.01,0.978,-15.445,342.05
robot,1790411146.51,0.978,-15.445,342.05
robot,1790411147.01,0.978,-15.445,342.04
robot,1790411147.51,0.978,-15.445,342.04
robot,1790411148.01,0.979,-15.445,342.04
robot,1790411148.51,1.057,-15.471,342.14
robot,1790411149.01,1.202,-15.517,342.12
robot,1790411149.51,1.349,-15.565,342.19
robot,1790411150.01,1.498,-15.613,342.19
robot,1790411150.51,1.580,-15.639,342.27
robot,1790411151.01,1.580,-15.639,342.28
robot,1790411151.51,1.580,-15.639,342.26
robot,1790411152.01,1.580,-15.639,342.25
robot,1790411152.51,1.580,-15.639,342.23
robot,1790411153.01,1.580,-15.639,342.24
robot,1790411153.51,1.580,-15.639,342.22
robot,1790411154.01,1.580,-15.639,342.21
robot,1790411154.51,1.580,-15.639,342.21
robot,1790411155.01,1.580,-15.639,342.20
robot,1790411155.51,1.580,-15.639,342.21
robot,1790411156.01,1.580,-15.639,342.20
robot,1790411156.51,1.580,-15.639,343.82
robot,1790411157.01,1.579,-15.639,355.96
robot,1790411157.51,1.581,-15.639,356.53
robot,1790411158.01,1.581,-15.639,356.49
robot,1790411158.51,1.581,-15.639,356.49
robot,1790411159.01,1.581,-15.639,356.48
robot,1790411159.51,1.581,-15.639,356.47
robot,1790411160.01,1.581,-15.639,356.46
robot,1790411160.51,1.589,-15.639,356.71
robot,1790411161.01,1.742,-15.648,356.70
robot,1790411161.51,1.939,-15.659,356.94
robot,1790411162.01,2.140,-15.670,357.06
robot,1790411162.51,2.340,-15.680,357.13
robot,1790411163.01,2.537,-15.690,357.22
robot,1790411163.51,2.737,-15.699,357.31
robot,1790411164.01,2.937,-15.708,357.40
robot,1790411164.51,3.137,-15.717,357.48
robot,1790411165.01,3.341,-15.726,357.55
robot,1790411165.51,3.540,-15.734,357.66
robot,1790411166.01,3.738,-15.742,357.74
robot,1790411166.51,3.937,-15.750,357.82
robot,1790411167.01,4.117,-15.757,357.80
robot,1790411167.51,4.123,-15.757,357.81
robot,1790411168.01,4.123,-15.757,357.83
robot,1790411168.51,4.123,-15.757,357.84
robot,1790411169.01,4.123,-15.757,357.82
robot,1790411169.51,4.123,-15.757,357.81
robot,1790411170.01,4.123,-15.757,357.80
robot,1790411170.51,4.123,-15.757,357.78
robot,1790411171.01,4.123,-15.757,357.76
robot,1790411171.51,4.123,-15.757,357.75
robot,1790411172.01,4.125,-15.757,357.68
robot,1790411172.51,4.234,-15.762,357.73
robot,1790411173.01,4.408,-15.769,357.78
robot,1790411173.51,4.599,-15.776,357.88
robot,1790411174.01,4.790,-15.783,357.98
robot,1790411174.51,4.979,-15.789,358.10
robot,1790411175.01,5.169,-15.796,358.12
robot,1790411175.51,5.364,-15.802,358.24
robot,1790411176.01,5.562,-15.808,358.31
robot,1790411176.51,5.757,-15.813,358.39
robot,1790411177.01,5.903,-15.817,358.37
robot,1790411177.51,5.901,-15.817,358.40
robot,1790411178.01,5.901,-15.817,358.42
robot,1790411178.51,5.901,-15.817,358.43
robot,1790411179.01,5.901,-15.817,358.42
robot,1790411179.51,5.901,-15.817,358.42
robot,1790411180.01,5.901,-15.817,358.41
robot,1790411180.51,5.901,-15.817,358.42
robot,1790411181.01,5.901,-15.817,358.40
robot,1790411181.51,5.901,-15.817,358.42
robot,1790411182.01,5.901,-15.817,358.42
robot,1790411182.51,5.901,-15.817,358.42
robot,1790411183.01,5.901,-15.817,358.42
robot,1790411183.51,5.901,-15.817,358.43
robot,1790411184.01,5.901,-15.817,358.41
robot,1790411184.51,5.901,-15.817,358.39
robot,1790411185.01,5.901,-15.817,358.40
robot,1790411185.51,5.901,-15.817,358.39
robot,1790411186.01,5.901,-15.817,358.37
robot,1790411186.51,5.901,-15.817,358.35
robot,1790411187.01,5.901,-15.817,358.36
robot,1790411187.51,5.901,-15.817,358.36
robot,1790411188.01,5.901,-15.817,358.35
robot,1790411188.51,5.901,-15.817,358.34
robot,1790411189.01,5.901,-15.817,358.34
robot,1790411189.51,5.901,-15.817,358.33
robot,1790411190.01,5.901,-15.817,358.35
robot,1790411190.51,5.901,-15.817,358.34
robot,1790411191.01,5.901,-15.817,358.34
robot,1790411191.51,5.901,-15.817,358.33
robot,1790411192.01,5.901,-15.817,358.31
robot,1790411192.51,5.901,-15.817,358.31
robot,1790411193.01,5.901,-15.817,358.31
robot,1790411193.51,5.790,-15.814,358.44
robot,1790411194.01,5.595,-15.810,359.46
robot,1790411194.51,5.394,-15.811,360.75
robot,1790411195.01,5.197,-15.815,361.80
robot,1790411195.51,5.001,-15.823,362.92
robot,1790411196.01,4.802,-15.835,363.67
robot,1790411196.51,4.608,-15.848,364.30
robot,1790411197.01,4.585,-15.850,364.20
robot,1790411197.51,4.585,-15.850,364.18
robot,1790411198.01,4.585,-15.850,364.16
robot,1790411198.51,4.585,-15.850,364.15
robot,1790411199.01,4.585,-15.850,364.14
robot,1790411199.51,4.585,-15.850,364.14
robot,1790411200.01,4.585,-15.850,364.14
robot,1790411200.51,4.585,-15.850,364.13
robot,1790411201.01,4.585,-15.850,364.12
robot,1790411201.51,4.585,-15.850,364.12
robot,1790411202.01,4.585,-15.850,364.13
robot,1790411202.51,4.585,-15.850,364.13
robot,1790411203.01,4.585,-15.850,364.14
robot,1790411203.51,4.585,-15.850,364.13
robot,1790411204.01,4.585,-15.850,364.15
robot,1790411204.51,4.585,-15.850,364.16
robot,1790411205.01,4.585,-15.850,364.17
robot,1790411205.51,4.585,-15.850,364.17
robot,1790411206.01,4.585,-15.850,364.16
robot,1790411206.51,4.585,-15.850,364.16
robot,1790411207.01,4.585,-15.850,364.14
robot,1790411207.51,4.585,-15.850,364.14
robot,1790411208.01,4.585,-15.850,364.12
robot,1790411208.51,4.585,-15.850,364.10
robot,1790411209.01,4.585,-15.850,364.11
robot,1790411209.51,4.585,-15.850,364.10
robot,1790411210.01,4.585,-15.850,364.09
robot,1790411210.51,4.487,-15.858,365.60
robot,1790411211.01,4.291,-15.882,368.56
robot,1790411211.51,4.096,-15.917,371.51
robot,1790411212.01,3.906,-15.961,374.55
robot,1790411212.51,3.714,-16.016,377.52
robot,1790411213.01,3.523,-16.082,380.45
robot,1790411213.51,3.344,-16.154,383.30
robot,1790411214.01,3.315,-16.167,383.16
robot,1790411214.51,3.314,-16.167,383.13
robot,1790411215.01,3.314,-16.167,383.13
robot,1790411215.51,3.314,-16.167,383.11
robot,1790411216.01,3.316,-16.166,377.16
robot,1790411216.51,3.315,-16.167,369.63
robot,1790411217.01,3.315,-16.167,369.65
robot,1790411217.51,3.315,-16.167,369.65
robot,1790411218.01,3.315,-16.167,369.65
robot,1790411218.51,3.315,-16.167,369.66
robot,1790411219.01,3.315,-16.167,369.65
robot,1790411219.51,3.315,-16.167,369.63
robot,1790411220.01,3.315,-16.167,368.04
robot,1790411220.51,3.314,-16.166,357.47
robot,1790411221.01,3.315,-16.166,357.54
robot,1790411221.51,3.315,-16.166,357.55
robot,1790411222.01,3.315,-16.166,357.56
robot,1790411222.51,3.315,-16.166,357.57
robot,1790411223.01,3.315,-16.166,357.56
robot,1790411223.51,3.314,-16.166,359.76
robot,1790411224.01,3.322,-16.166,363.60
robot,1790411224.51,3.361,-16.163,365.52
robot,1790411225.01,3.480,-16.150,366.92
robot,1790411225.51,3.624,-16.132,367.16
robot,1790411226.01,3.722,-16.119,367.18
robot,1790411226.51,3.721,-16.119,367.20
robot,1790411227.01,3.721,-16.119,367.18
robot,1790411227.51,3.721,-16.119,368.24
robot,1790411228.01,3.721,-16.119,383.58
robot,1790411228.51,3.721,-16.119,383.51
robot,1790411229.01,3.721,-16.119,383.48
robot,1790411229.51,3.721,-16.119,383.47
robot,1790411230.01,3.721,-16.119,383.46
robot,1790411230.51,3.721,-16.119,383.45
robot,1790411231.01,3.721,-16.119,383.45
robot,1790411231.51,3.721,-16.119,383.45
robot,1790411232.01,3.721,-16.119,383.45
robot,1790411232.51,3.721,-16.119,383.46
robot,1790411233.01,3.721,-16.119,387.78
robot,1790411233.51,3.721,-16.120,407.26
robot,1790411234.01,3.720,-16.120,407.06
robot,1790411234.51,3.720,-16.120,407.03
robot,1790411235.01,3.720,-16.120,407.03
robot,1790411235.51,3.720,-16.120,407.04
robot,1790411236.01,3.720,-16.120,407.04
robot,1790411236.51,3.720,-16.120,407.02
robot,1790411237.01,3.720,-16.120,407.24
robot,1790411237.89,3.721,-16.119,434.57
robot,1790411238.01,3.721,-16.119,434.58
robot,1790411238.51,3.721,-16.119,434.56
robot,1790411239.01,3.721,-16.119,434.55
robot,1790411239.51,3.721,-16.119,434.54
robot,1790411240.01,3.721,-16.119,434.54
robot,1790411240.51,3.721,-16.119,434.55
robot,1790411241.01,3.721,-16.120,435.62
robot,1790411241.51,3.721,-16.120,456.78
robot,1790411242.01,3.721,-16.118,469.70
robot,1790411242.51,3.721,-16.118,469.69
robot,1790411243.01,3.721,-16.118,469.67
robot,1790411243.51,3.721,-16.118,469.64
robot,1790411244.01,3.720,-16.116,483.46
robot,1790411244.51,3.721,-16.117,490.08
robot,1790411245.01,3.721,-16.117,490.05
robot,1790411245.51,3.721,-16.117,490.04
robot,1790411246.01,3.721,-16.117,490.04
robot,1790411246.51,3.721,-16.117,490.04
robot,1790411247.01,3.721,-16.117,490.03
robot,1790411247.51,3.721,-16.117,490.02
robot,1790411248.01,3.721,-16.117,490.01
robot,1790411248.51,3.721,-16.118,489.98
robot,1790411249.01,3.721,-16.118,497.71
robot,1790411249.51,3.721,-16.118,497.57
robot,1790411250.01,3.721,-16.117,497.55
robot,1790411250.51,3.721,-16.117,497.53
robot,1790411251.01,3.722,-16.118,504.06
robot,1790411251.51,3.720,-16.117,506.59
robot,1790411252.01,3.720,-16.117,506.57
robot,1790411252.51,3.720,-16.117,506.57
robot,1790411253.01,3.720,-16.117,506.54
robot,1790411253.51,3.720,-16.117,506.52
robot,1790411254.01,3.720,-16.117,506.53
robot,1790411254.51,3.720,-16.117,506.52
robot,1790411255.01,3.720,-16.117,506.50
robot,1790411255.51,3.720,-16.117,506.49
robot,1790411256.01,3.720,-16.117,506.53
robot,1790411256.51,3.720,-16.117,514.61
robot,1790411257.01,3.720,-16.117,514.55
robot,1790411257.51,3.720,-16.117,514.54
robot,1790411258.01,3.720,-16.117,514.54
robot,1790411258.51,3.720,-16.117,514.52
robot,1790411259.01,3.720,-16.117,514.52
robot,1790411259.51,3.720,-16.117,514.51
robot,1790411260.01,3.720,-16.117,514.49
robot,1790411260.51,3.720,-16.117,514.47
robot,1790411261.01,3.720,-16.117,514.46
robot,1790411261.51,3.720,-16.117,514.44
robot,1790411262.01,3.720,-16.117,514.45
robot,1790411262.51,3.682,-16.099,514.80
robot,1790411263.01,3.501,-16.014,514.87
robot,1790411263.51,3.320,-15.929,515.01
robot,1790411264.01,3.144,-15.847,515.08
robot,1790411264.51,2.961,-15.763,515.20
robot,1790411265.01,2.779,-15.679,515.26
robot,1790411265.51,2.595,-15.594,515.34
robot,1790411266.01,2.417,-15.512,515.40
robot,1790411266.51,2.307,-15.462,515.36
robot,1790411267.01,2.308,-15.463,515.35
robot,1790411267.51,2.307,-15.462,519.03
robot,1790411268.01,2.307,-15.462,518.73
robot,1790411268.51,2.307,-15.462,518.72
robot,1790411269.01,2.307,-15.462,518.71
robot,1790411269.51,2.307,-15.462,518.69
robot,1790411270.01,2.346,-15.477,518.72
robot,1790411271.09,2.483,-15.530,518.76
robot,1790411271.51,2.483,-15.530,518.77
robot,1790411272.01,2.484,-15.531,518.76
robot,1790411272.51,2.571,-15.564,518.82
robot,1790411273.01,2.575,-15.566,518.84
robot,1790411273.51,2.575,-15.566,518.86
robot,1790411274.01,2.575,-15.566,518.85
robot,1790411274.51,2.575,-15.566,518.85
robot,1790411275.01,2.575,-15.566,518.84
robot,1790411275.51,2.575,-15.566,518.82
robot,1790411276.01,2.575,-15.566,518.81
robot,1790411276.51,2.583,-15.569,518.83
robot,1790411277.01,2.704,-15.616,518.84
robot,1790411277.51,2.710,-15.618,518.83
robot,1790411278.01,2.710,-15.618,518.82
robot,1790411278.51,2.710,-15.618,518.80
robot,1790411279.01,2.710,-15.618,518.81
robot,1790411279.51,2.710,-15.618,518.81
robot,1790411280.01,2.710,-15.618,518.82
robot,1790411280.51,2.723,-15.624,518.78
robot,1790411281.01,2.871,-15.681,518.66
robot,1790411281.51,2.891,-15.689,518.67
robot,1790411282.01,2.891,-15.689,518.67
robot,1790411282.51,2.891,-15.689,518.67
robot,1790411283.01,2.891,-15.689,518.69
robot,1790411283.51,2.891,-15.689,518.68
robot,1790411284.01,2.892,-15.689,518.67
robot,1790411284.51,2.892,-15.689,518.66
robot,1790411285.01,2.892,-15.689,520.52
robot,1790411285.51,2.892,-15.689,536.22
robot,1790411286.01,2.892,-15.689,536.01
robot,1790411286.51,2.893,-15.689,536.01
robot,1790411287.01,2.893,-15.689,536.01
robot,1790411287.51,2.893,-15.689,536.00
robot,1790411288.01,2.893,-15.689,535.99
robot,1790411288.51,2.893,-15.689,535.98
robot,1790411289.01,2.893,-15.689,535.97
robot,1790411289.51,2.791,-15.682,536.15
robot,1790411290.01,2.593,-15.670,536.41
robot,1790411290.51,2.394,-15.657,536.50
robot,1790411291.01,2.193,-15.645,536.62
robot,1790411291.51,2.014,-15.635,536.61
robot,1790411292.01,2.003,-15.634,536.61
robot,1790411292.51,1.951,-15.631,536.58
robot,1790411293.01,1.940,-15.630,536.50
robot,1790411293.51,1.845,-15.624,536.52
robot,1790411294.01,1.727,-15.617,536.62
robot,1790411294.51,1.652,-15.613,536.61
robot,1790411295.01,1.653,-15.613,536.58
robot,1790411295.51,1.653,-15.613,536.58
robot,1790411296.01,1.589,-15.609,536.54
robot,1790411296.51,1.452,-15.601,536.62
robot,1790411297.01,1.308,-15.593,536.67
robot,1790411297.51,1.171,-15.585,536.66
robot,1790411298.01,1.096,-15.580,536.64
robot,1790411298.51,1.096,-15.580,536.65
robot,1790411299.01,1.096,-15.580,536.62
robot,1790411299.51,1.098,-15.580,543.52
robot,1790411300.01,1.095,-15.580,543.95
robot,1790411300.51,1.091,-15.581,544.09
robot,1790411301.01,0.973,-15.589,544.21
robot,1790411301.51,0.854,-15.598,544.33
robot,1790411302.01,0.853,-15.598,542.00
robot,1790411302.51,0.854,-15.598,542.30
robot,1790411303.01,0.757,-15.602,542.03
robot,1790411303.51,0.618,-15.606,542.02
robot,1790411304.01,0.474,-15.612,542.01
robot,1790411304.51,0.402,-15.614,542.01
robot,1790411305.01,0.403,-15.614,542.02
robot,1790411305.51,0.393,-15.614,541.92
robot,1790411306.01,0.266,-15.619,541.99
robot,1790411306.51,0.132,-15.623,542.05
robot,1790411307.01,-0.004,-15.628,542.07
robot,1790411307.51,-0.137,-15.633,542.09
robot,1790411308.01,-0.272,-15.638,542.17
robot,1790411308.51,-0.407,-15.643,542.17
robot,1790411309.01,-0.541,-15.648,542.20
robot,1790411309.51,-0.678,-15.654,542.27
robot,1790411310.01,-0.814,-15.659,542.36
robot,1790411310.51,-0.868,-15.661,542.32
robot,1790411311.01,-0.868,-15.661,542.32
robot,1790411311.51,-0.868,-15.661,542.32
robot,1790411312.01,-0.868,-15.661,542.32
robot,1790411312.51,-0.868,-15.661,542.30
robot,1790411313.01,-0.868,-15.661,542.30
robot,1790411313.51,-0.868,-15.661,542.30
robot,1790411314.01,-0.868,-15.661,542.30
robot,1790411314.51,-0.868,-15.661,542.29
robot,1790411315.01,-0.868,-15.661,542.26
robot,1790411315.51,-0.868,-15.661,542.25
robot,1790411316.01,-0.897,-15.663,542.29
robot,1790411316.51,-1.024,-15.668,542.32
robot,1790411317.01,-1.153,-15.673,542.34
robot,1790411317.51,-1.281,-15.678,542.36
robot,1790411318.01,-1.413,-15.684,542.43
robot,1790411318.51,-1.543,-15.689,542.48
robot,1790411319.01,-1.675,-15.695,542.53
robot,1790411319.51,-1.805,-15.701,542.55
robot,1790411320.01,-1.934,-15.707,542.60
robot,1790411320.51,-2.062,-15.712,542.63
robot,1790411321.01,-2.193,-15.718,542.66
robot,1790411321.51,-2.326,-15.725,542.70
robot,1790411322.01,-2.453,-15.731,542.68
robot,1790411322.51,-2.468,-15.731,542.65
robot,1790411323.01,-2.468,-15.731,542.65
robot,1790411323.51,-2.468,-15.731,542.67
robot,1790411324.01,-2.468,-15.731,542.67
robot,1790411324.51,-2.468,-15.731,542.66
robot,1790411325.01,-2.468,-15.731,542.65
robot,1790411325.51,-2.468,-15.731,542.64
robot,1790411326.01,-2.469,-15.731,542.64
robot,1790411326.51,-2.494,-15.733,542.65
robot,1790411327.01,-2.611,-15.738,542.56
robot,1790411327.51,-2.621,-15.738,542.63
robot,1790411328.01,-2.621,-15.738,542.61
robot,1790411328.51,-2.621,-15.738,542.61
robot,1790411329.01,-2.621,-15.738,542.60
robot,1790411329.51,-2.671,-15.741,542.60
robot,1790411330.01,-2.805,-15.747,542.68
robot,1790411330.51,-2.939,-15.753,542.71
robot,1790411331.01,-3.074,-15.760,542.75
robot,1790411331.51,-3.213,-15.766,542.76
robot,1790411332.01,-3.346,-15.773,542.84
robot,1790411332.51,-3.472,-15.779,542.86
robot,1790411333.01,-3.481,-15.780,542.85
robot,1790411333.51,-3.481,-15.780,542.84
robot,1790411334.01,-3.481,-15.780,542.83
robot,1790411334.51,-3.481,-15.780,542.83
robot,1790411335.01,-3.481,-15.780,542.82
robot,1790411335.51,-3.481,-15.780,542.80
robot,1790411336.01,-3.481,-15.780,542.78
robot,1790411336.51,-3.481,-15.780,542.77
robot,1790411338.89,-3.697,-15.790,542.75
robot,1790411339.01,-3.699,-15.790,542.75
robot,1790411339.51,-3.698,-15.790,542.74
robot,1790411340.01,-3.698,-15.790,542.75
robot,1790411340.51,-3.698,-15.790,542.74
robot,1790411341.01,-3.698,-15.790,542.74
robot,1790411341.51,-3.699,-15.790,542.73
robot,1790411342.01,-3.748,-15.792,542.71
robot,1790411342.51,-3.758,-15.793,542.71
robot,1790411343.01,-3.758,-15.793,542.70
robot,1790411343.51,-3.758,-15.793,542.71
robot,1790411344.01,-3.758,-15.793,542.70
robot,1790411344.51,-3.758,-15.793,542.70
robot,1790411345.01,-3.758,-15.793,542.70
robot,1790411345.51,-3.758,-15.793,542.70
robot,1790411346.01,-3.758,-15.793,542.69
robot,1790411346.51,-3.758,-15.793,542.68
robot,1790411347.01,-3.758,-15.793,542.68
robot,1790411347.51,-3.758,-15.793,542.67
robot,1790411348.01,-3.758,-15.793,542.68
robot,1790411348.51,-3.758,-15.793,542.68
robot,1790411349.01,-3.758,-15.793,542.67
robot,1790411349.51,-3.758,-15.793,542.66
robot,1790411350.01,-3.758,-15.793,542.65
robot,1790411350.51,-3.866,-15.798,542.65
robot,1790411351.01,-4.038,-15.806,542.72
robot,1790411351.51,-4.209,-15.814,542.80
robot,1790411352.01,-4.376,-15.822,542.93
robot,1790411352.51,-4.546,-15.831,542.92
robot,1790411353.01,-4.721,-15.840,543.02
robot,1790411353.51,-4.900,-15.850,543.10
robot,1790411354.01,-5.071,-15.859,543.17
robot,1790411354.51,-5.248,-15.869,543.19
robot,1790411355.01,-5.422,-15.879,543.25
robot,1790411355.51,-5.596,-15.889,543.34
robot,1790411356.01,-5.770,-15.899,543.43
robot,1790411356.51,-5.947,-15.910,543.50
robot,1790411357.01,-6.122,-15.921,543.59
robot,1790411357.51,-6.296,-15.932,543.63
robot,1790411358.01,-6.472,-15.943,543.75
robot,1790411358.51,-6.647,-15.954,543.74
robot,1790411359.01,-6.822,-15.966,543.79
robot,1790411359.51,-6.953,-15.974,543.78
robot,1790411360.01,-6.954,-15.974,543.81
robot,1790411360.51,-6.979,-15.976,543.82
robot,1790411361.01,-7.040,-15.980,543.82
robot,1790411361.51,-7.040,-15.980,543.81
robot,1790411362.01,-7.040,-15.980,543.81
robot,1790411362.51,-7.040,-15.980,543.79
robot,1790411363.01,-7.040,-15.980,543.77
robot,1790411363.51,-7.040,-15.980,543.75
robot,1790411364.01,-7.040,-15.980,543.76
robot,1790411364.51,-7.040,-15.980,543.77
robot,1790411365.01,-7.040,-15.980,540.60
robot,1790411365.51,-7.040,-15.980,534.22
robot,1790411366.01,-7.040,-15.980,533.64
robot,1790411366.51,-7.040,-15.980,522.96
robot,1790411367.01,-7.039,-15.981,513.39
robot,1790411367.51,-7.040,-15.980,507.11
robot,1790411368.01,-7.040,-15.980,501.15
robot,1790411368.51,-7.040,-15.980,495.63
robot,1790411369.01,-7.040,-15.980,490.62
robot,1790411369.51,-7.040,-15.980,485.30
robot,1790411370.01,-7.040,-15.980,480.32
robot,1790411370.51,-7.040,-15.980,475.13
robot,1790411375.95,-7.040,-15.979,440.62
robot,1790411376.01,-7.040,-15.979,440.62
robot,1790411376.51,-7.040,-15.979,440.61
robot,1790411377.01,-7.040,-15.978,436.35
robot,1790411377.51,-7.040,-15.979,429.16
robot,1790411378.01,-7.039,-15.978,429.31
robot,1790411378.51,-7.039,-15.978,429.33
robot,1790411379.01,-7.039,-15.978,429.31
robot,1790411379.51,-7.039,-15.978,428.05
robot,1790411380.01,-7.047,-15.991,417.18
robot,1790411380.51,-7.055,-16.003,410.24
robot,1790411381.01,-7.055,-16.003,410.28
robot,1790411381.51,-7.055,-16.003,410.28
robot,1790411382.01,-7.070,-16.016,397.55
robot,1790411382.51,-7.075,-16.020,397.21
robot,1790411383.01,-7.075,-16.020,397.22
robot,1790411383.51,-7.075,-16.020,397.23
robot,1790411384.01,-7.074,-16.019,389.16
robot,1790411384.51,-7.075,-16.020,379.30
robot,1790411385.01,-7.074,-16.019,369.27
robot,1790411385.51,-7.074,-16.019,366.63
robot,1790411386.01,-7.074,-16.019,366.67
robot,1790411386.51,-7.074,-16.019,366.69
robot,1790411387.01,-7.074,-16.019,366.69
robot,1790411387.51,-7.056,-16.017,366.55
robot,1790411388.01,-6.926,-16.002,366.46
robot,1790411388.51,-6.797,-15.988,366.44
robot,1790411389.01,-6.669,-15.973,366.47
robot,1790411389.51,-6.538,-15.959,366.50
robot,1790411390.01,-6.409,-15.944,366.53
robot,1790411390.51,-6.279,-15.929,366.54
robot,1790411391.01,-6.151,-15.914,366.60
robot,1790411391.51,-6.021,-15.899,366.60
robot,1790411392.01,-5.893,-15.884,366.65
robot,1790411392.51,-5.762,-15.869,366.65
robot,1790411393.01,-5.634,-15.854,366.74
robot,1790411393.51,-5.505,-15.839,366.75
robot,1790411394.01,-5.375,-15.823,366.81
robot,1790411394.51,-5.247,-15.808,366.84
robot,1790411395.01,-5.114,-15.792,366.88
robot,1790411395.51,-4.986,-15.776,366.95
robot,1790411396.01,-4.858,-15.761,366.97
robot,1790411396.51,-4.729,-15.745,366.98
robot,1790411397.01,-4.598,-15.729,367.04
robot,1790411397.51,-4.469,-15.713,367.09
robot,1790411398.01,-4.340,-15.697,367.11
robot,1790411398.51,-4.211,-15.681,367.18
robot,1790411399.01,-4.081,-15.664,367.20
robot,1790411399.51,-3.954,-15.648,367.26
robot,1790411400.01,-3.826,-15.632,367.24
robot,1790411400.51,-3.694,-15.615,367.26
robot,1790411401.01,-3.563,-15.598,367.32
robot,1790411401.51,-3.435,-15.582,367.41
robot,1790411402.01,-3.307,-15.565,367.41
robot,1790411402.51,-3.178,-15.548,367.49
robot,1790411403.01,-3.049,-15.531,367.50
robot,1790411403.51,-2.923,-15.515,367.54
robot,1790411404.01,-2.803,-15.499,367.55
robot,1790411404.51,-2.685,-15.483,367.57
robot,1790411405.01,-2.567,-15.467,367.65
robot,1790411405.51,-2.448,-15.451,367.72
robot,1790411406.01,-2.328,-15.435,367.74
robot,1790411407.21,-2.041,-15.396,367.85
robot,1790411407.51,-1.971,-15.386,367.87
robot,1790411408.01,-1.858,-15.370,367.89
robot,1790411408.51,-1.804,-15.363,367.98
robot,1790411409.01,-1.805,-15.363,367.96
robot,1790411409.51,-1.805,-15.363,367.93
robot,1790411410.01,-1.806,-15.363,365.98
robot,1790411410.51,-1.805,-15.363,364.53
robot,1790411411.01,-1.768,-15.360,364.08
robot,1790411411.51,-1.634,-15.351,364.12
robot,1790411412.01,-1.500,-15.341,364.13
robot,1790411412.51,-1.364,-15.331,364.18
robot,1790411413.01,-1.230,-15.321,364.21
robot,1790411413.51,-1.095,-15.311,364.25
robot,1790411414.01,-0.961,-15.301,364.27
robot,1790411414.51,-0.827,-15.291,364.34
robot,1790411415.01,-0.765,-15.287,364.35
robot,1790411415.51,-0.765,-15.287,364.53
robot,1790411416.01,-0.765,-15.287,368.02
robot,1790411416.51,-0.752,-15.285,368.08
robot,1790411417.01,-0.659,-15.272,368.15
robot,1790411417.51,-0.559,-15.257,368.19
robot,1790411418.01,-0.456,-15.242,368.32
robot,1790411418.51,-0.353,-15.227,368.42
robot,1790411419.01,-0.265,-15.214,368.38
robot,1790411419.51,-0.239,-15.210,368.37
robot,1790411420.01,-0.238,-15.210,374.76
robot,1790411420.51,-0.238,-15.210,383.33
robot,1790411421.01,-0.238,-15.210,385.12
robot,1790411421.51,-0.158,-15.172,385.31
robot,1790411422.01,-0.040,-15.117,385.43
robot,1790411422.51,-0.015,-15.105,385.36
robot,1790411423.01,-0.016,-15.105,390.77
robot,1790411423.51,-0.016,-15.105,399.01
robot,1790411424.01,-0.016,-15.105,404.75
robot,1790411424.51,-0.016,-15.106,404.69
robot,1790411425.01,-0.016,-15.106,404.66
robot,1790411425.51,-0.016,-15.106,404.65
robot,1790411426.01,-0.016,-15.106,404.63
robot,1790411426.51,-0.016,-15.106,404.61
robot,1790411427.01,-0.016,-15.106,411.47
robot,1790411427.51,-0.015,-15.104,413.22
robot,1790411428.01,0.041,-15.030,413.11
robot,1790411428.51,0.119,-14.926,413.22
robot,1790411429.01,0.205,-14.810,413.32
robot,1790411429.51,0.296,-14.688,413.39
robot,1790411430.01,0.391,-14.560,413.56
robot,1790411430.51,0.484,-14.424,421.05
robot,1790411431.01,0.545,-14.274,435.20
robot,1790411431.51,0.568,-14.114,447.99
robot,1790411432.01,0.570,-13.962,449.34
robot,1790411432.51,0.572,-13.800,449.51
robot,1790411433.01,0.573,-13.638,449.68
robot,1790411433.51,0.574,-13.478,449.67
robot,1790411434.01,0.579,-13.334,444.74
robot,1790411434.51,0.599,-13.153,443.81
robot,1790411435.01,0.620,-12.957,443.80
robot,1790411435.51,0.642,-12.755,443.83
robot,1790411436.01,0.663,-12.557,443.94
robot,1790411436.51,0.685,-12.357,443.96
robot,1790411437.01,0.705,-12.161,444.04
robot,1790411437.51,0.726,-11.960,444.14
robot,1790411438.01,0.747,-11.759,444.22
robot,1790411438.51,0.767,-11.556,444.25
robot,1790411439.01,0.786,-11.361,444.30
robot,1790411439.51,0.807,-11.157,444.42
robot,1790411440.01,0.826,-10.957,444.53
robot,1790411440.51,0.845,-10.759,444.54
robot,1790411441.01,0.864,-10.563,444.69
robot,1790411441.51,0.875,-10.437,444.61
robot,1790411442.01,0.875,-10.437,444.60
robot,1790411442.51,0.875,-10.437,444.60
robot,1790411443.01,0.875,-10.437,444.59
robot,1790411443.51,0.875,-10.437,444.58
robot,1790411444.01,0.875,-10.437,444.59
robot,1790411444.51,0.875,-10.437,444.57
robot,1790411445.01,0.884,-10.346,444.38
robot,1790411445.51,0.904,-10.145,444.47
robot,1790411446.01,0.923,-9.947,444.55
robot,1790411446.51,0.942,-9.749,444.59
robot,1790411447.01,0.960,-9.552,444.71
robot,1790411447.51,0.979,-9.351,444.76
robot,1790411448.01,0.997,-9.154,444.85
robot,1790411448.51,1.014,-8.955,444.97
robot,1790411449.01,1.032,-8.751,445.03
robot,1790411449.51,1.050,-8.553,445.08
robot,1790411450.01,1.066,-8.359,445.14
robot,1790411450.51,1.083,-8.158,445.21
robot,1790411451.01,1.100,-7.958,445.26
robot,1790411451.51,1.116,-7.758,445.34
robot,1790411452.01,1.132,-7.559,445.46
robot,1790411452.51,1.148,-7.360,445.49
robot,1790411453.01,1.164,-7.158,445.57
robot,1790411453.51,1.179,-6.961,445.70
robot,1790411454.01,1.194,-6.759,445.80
robot,1790411454.51,1.209,-6.559,445.83
robot,1790411455.01,1.223,-6.356,445.85
robot,1790411455.51,1.238,-6.158,445.94
robot,1790411456.01,1.252,-5.960,445.98
robot,1790411456.51,1.265,-5.761,446.04
robot,1790411457.01,1.279,-5.561,446.16
robot,1790411457.51,1.292,-5.361,446.21
robot,1790411458.01,1.306,-5.162,446.24
robot,1790411458.51,1.318,-4.960,446.38
robot,1790411459.01,1.331,-4.765,446.48
robot,1790411459.51,1.343,-4.567,446.50
robot,1790411460.01,1.356,-4.358,446.51
robot,1790411460.51,1.368,-4.159,446.59
robot,1790411461.01,1.379,-3.958,446.66
robot,1790411461.51,1.391,-3.762,446.73
robot,1790411462.01,1.402,-3.558,446.75
robot,1790411462.51,1.413,-3.364,446.84
robot,1790411468.11,1.525,-1.119,447.45
robot,1790411468.51,1.532,-0.960,447.56
robot,1790411469.01,1.540,-0.768,447.50
robot,1790411469.51,1.542,-0.739,447.55
robot,1790411470.01,1.544,-0.679,447.17
robot,1790411470.51,1.554,-0.483,447.29
robot,1790411471.01,1.556,-0.439,447.26
robot,1790411471.51,1.556,-0.439,445.86
robot,1790411472.01,1.556,-0.438,431.64
robot,1790411472.51,1.555,-0.439,415.87
robot,1790411473.01,1.554,-0.440,400.22
robot,1790411473.51,1.556,-0.438,384.17
robot,1790411474.01,1.555,-0.438,368.27
robot,1790411474.51,1.556,-0.438,353.03
robot,1790411475.01,1.555,-0.438,352.73
robot,1790411475.51,1.556,-0.438,352.75
robot,1790411476.01,1.556,-0.438,352.74
robot,1790411476.51,1.556,-0.438,352.71
robot,1790411477.01,1.556,-0.438,352.70
robot,1790411477.51,1.556,-0.438,352.71
robot,1790411478.01,1.556,-0.438,352.69
robot,1790411478.51,1.556,-0.438,352.68
robot,1790411479.01,1.598,-0.444,352.34
robot,1790411479.51,1.796,-0.470,352.32
robot,1790411480.01,1.992,-0.497,352.37
robot,1790411480.51,2.192,-0.523,352.48
robot,1790411481.01,2.392,-0.550,352.47
robot,1790411481.51,2.589,-0.576,352.60
robot,1790411482.01,2.784,-0.601,352.61
robot,1790411482.51,2.988,-0.627,352.69
robot,1790411483.01,3.157,-0.649,352.56
robot,1790411483.51,3.160,-0.649,352.54
robot,1790411484.01,3.160,-0.649,352.53
robot,1790411484.51,3.160,-0.649,352.53
robot,1790411485.01,3.160,-0.649,352.55
robot,1790411485.51,3.160,-0.649,352.54
robot,1790411486.01,3.160,-0.649,352.55
robot,1790411486.51,3.160,-0.649,352.54
robot,1790411487.01,3.160,-0.649,352.54
robot,1790411487.51,3.160,-0.649,352.53
robot,1790411488.01,3.160,-0.649,352.53
robot,1790411488.51,3.160,-0.649,352.54
robot,1790411489.01,3.160,-0.649,352.55
robot,1790411489.51,3.160,-0.649,352.54
robot,1790411490.01,3.160,-0.649,352.53
robot,1790411490.51,3.160,-0.649,352.53
robot,1790411491.01,3.160,-0.649,352.52
robot,1790411491.51,3.160,-0.649,352.52
robot,1790411492.01,3.160,-0.649,352.50
robot,1790411492.51,3.160,-0.649,352.49
robot,1790411493.01,3.160,-0.649,352.49
robot,1790411493.51,3.181,-0.652,352.49
robot,1790411494.01,3.309,-0.669,352.58
robot,1790411494.51,3.488,-0.692,352.58
robot,1790411495.01,3.659,-0.714,352.69
robot,1790411495.51,3.819,-0.735,352.71
robot,1790411496.01,3.982,-0.756,352.81
robot,1790411497.31,4.378,-0.805,352.86
robot,1790411497.51,4.411,-0.809,352.90
robot,1790411498.01,4.413,-0.810,352.89
robot,1790411498.51,4.414,-0.810,353.06
robot,1790411499.01,4.415,-0.810,357.01
robot,1790411499.51,4.414,-0.810,358.73
robot,1790411500.01,4.501,-0.811,359.09
robot,1790411500.51,4.689,-0.814,359.26
robot,1790411501.01,4.893,-0.817,359.38
robot,1790411501.51,5.090,-0.819,359.49
robot,1790411502.01,5.293,-0.820,359.56
robot,1790411502.51,5.496,-0.822,359.63
robot,1790411503.01,5.694,-0.823,359.75
robot,1790411503.51,5.891,-0.823,359.79
robot,1790411504.01,5.945,-0.824,359.77
robot,1790411504.51,5.945,-0.824,359.78
robot,1790411505.01,5.945,-0.824,359.77
robot,1790411505.51,5.945,-0.824,359.78
robot,1790411506.01,5.945,-0.824,359.77
robot,1790411506.51,5.945,-0.824,359.76
robot,1790411507.01,5.945,-0.824,359.75
robot,1790411507.51,5.945,-0.824,359.72
robot,1790411508.01,5.945,-0.824,359.72
robot,1790411508.51,5.945,-0.824,359.69
robot,1790411509.01,5.945,-0.824,359.67
robot,1790411509.51,5.945,-0.824,359.67
robot,1790411510.01,5.945,-0.824,359.67
robot,1790411510.51,5.945,-0.824,359.67
robot,1790411511.01,5.945,-0.824,359.66
robot,1790411511.51,5.945,-0.824,359.66
robot,1790411512.01,5.945,-0.824,359.67
robot,1790411512.51,5.945,-0.824,359.66
robot,1790411513.01,5.945,-0.824,359.64
robot,1790411513.51,5.945,-0.824,359.65
robot,1790411514.01,5.945,-0.824,359.65
robot,1790411514.51,5.945,-0.824,359.65
robot,1790411515.01,5.945,-0.824,359.63
robot,1790411515.51,5.945,-0.824,359.63
robot,1790411516.01,5.945,-0.824,359.62
robot,1790411516.51,5.945,-0.824,359.61
robot,1790411517.01,5.945,-0.824,359.61
robot,1790411517.51,5.945,-0.824,359.60
robot,1790411518.01,5.945,-0.824,359.59
robot,1790411518.51,5.945,-0.824,359.56
robot,1790411519.01,5.945,-0.824,359.55
robot,1790411519.51,5.945,-0.824,359.53
robot,1790411520.01,5.945,-0.824,359.51
robot,1790411520.51,5.945,-0.824,359.48
robot,1790411521.01,5.945,-0.824,359.48
robot,1790411521.51,5.946,-0.824,359.47
robot,1790411522.01,6.062,-0.825,359.54
robot,1790411522.51,6.257,-0.826,359.57
robot,1790411523.01,6.458,-0.827,359.71
robot,1790411523.51,6.657,-0.828,359.84
robot,1790411524.01,6.861,-0.829,359.90
robot,1790411524.95,7.232,-0.828,360.08
robot,1790411525.01,7.256,-0.828,360.15
robot,1790411525.51,7.456,-0.828,360.17
robot,1790411526.01,7.659,-0.827,360.25
robot,1790411526.51,7.859,-0.826,360.37
robot,1790411527.01,8.063,-0.825,360.38
robot,1790411527.51,8.262,-0.823,360.44
robot,1790411528.01,8.462,-0.822,360.50
robot,1790411528.51,8.657,-0.820,360.58
robot,1790411529.01,8.861,-0.818,360.60
robot,1790411529.51,9.061,-0.816,360.61
robot,1790411530.01,9.111,-0.815,360.55
robot,1790411530.51,9.111,-0.815,360.55
robot,1790411531.01,9.210,-0.814,360.51
robot,1790411531.51,9.380,-0.813,360.54
robot,1790411532.01,9.551,-0.811,360.63
robot,1790411532.51,9.724,-0.809,360.65
robot,1790411533.01,9.902,-0.807,360.69
robot,1790411533.51,10.058,-0.805,360.66
robot,1790411534.01,10.063,-0.805,360.66
robot,1790411534.51,10.063,-0.805,360.65
robot,1790411535.01,10.063,-0.805,360.65
robot,1790411535.51,10.062,-0.805,362.74
robot,1790411536.01,10.062,-0.805,383.73
robot,1790411536.51,10.062,-0.805,405.11
robot,1790411537.01,10.062,-0.806,426.56
robot,1790411537.51,10.063,-0.805,437.51
robot,1790411538.01,10.063,-0.805,437.43
robot,1790411538.51,10.063,-0.804,437.41
robot,1790411539.01,10.063,-0.804,449.26
robot,1790411539.51,10.063,-0.805,463.94
robot,1790411540.01,10.063,-0.805,463.95
robot,1790411540.51,10.063,-0.805,463.92
robot,1790411541.01,10.063,-0.806,472.59
robot,1790411541.51,10.063,-0.806,490.02
robot,1790411542.01,10.063,-0.806,495.63
robot,1790411542.51,10.064,-0.806,495.57
robot,1790411543.01,10.064,-0.807,503.80
robot,1790411543.51,10.064,-0.807,519.65
robot,1790411544.01,10.064,-0.807,523.44
robot,1790411544.51,10.064,-0.807,523.40
robot,1790411545.01,10.061,-0.806,536.67
robot,1790411545.51,10.064,-0.807,538.18
robot,1790411546.01,10.063,-0.807,538.14
robot,1790411546.51,10.063,-0.807,538.11
robot,1790411547.01,10.063,-0.807,538.10
robot,1790411547.51,10.063,-0.807,538.11
robot,1790411548.01,9.962,-0.803,538.36
robot,1790411548.51,9.776,-0.798,538.40
robot,1790411549.01,9.726,-0.797,538.39
robot,1790411549.51,9.726,-0.797,538.38
robot,1790411550.01,9.726,-0.797,538.37
robot,1790411550.51,9.726,-0.797,538.36
robot,1790411551.01,9.679,-0.796,538.38
robot,1790411551.51,9.528,-0.791,538.49
robot,1790411552.01,9.379,-0.788,538.54
robot,1790411552.51,9.230,-0.784,538.60
robot,1790411553.01,9.078,-0.780,538.60
robot,1790411553.51,8.958,-0.777,538.68
robot,1790411554.01,8.957,-0.777,538.65
robot,1790411554.51,8.957,-0.777,538.63
robot,1790411555.01,8.957,-0.777,538.65
robot,1790411555.51,8.957,-0.777,529.75
robot,1790411556.01,8.957,-0.777,530.20
robot,1790411556.51,8.957,-0.777,530.20
robot,1790411557.01,8.957,-0.777,530.21
robot,1790411557.51,8.957,-0.777,530.21
robot,1790411558.01,8.956,-0.777,530.20
robot,1790411558.51,8.957,-0.777,530.19
robot,1790411559.01,8.956,-0.777,530.19
robot,1790411559.51,8.956,-0.777,530.19
robot,1790411560.01,8.956,-0.777,530.19
robot,1790411560.51,8.956,-0.777,530.19
robot,1790411561.01,8.956,-0.777,530.20
robot,1790411561.51,8.956,-0.777,530.21
robot,1790411562.01,8.956,-0.777,530.19
robot,1790411562.51,8.956,-0.777,530.19
robot,1790411563.01,8.956,-0.777,530.18
robot,1790411563.51,8.956,-0.777,530.17
robot,1790411564.01,8.956,-0.777,530.17
robot,1790411564.51,8.956,-0.777,530.16
robot,1790411565.01,8.956,-0.777,530.14
robot,1790411565.51,8.956,-0.777,530.13
robot,1790411566.01,8.956,-0.777,530.13
robot,1790411566.51,8.956,-0.777,530.12
robot,1790411567.01,8.956,-0.777,530.12
robot,1790411567.51,8.956,-0.777,530.12
robot,1790411568.01,8.956,-0.777,530.11
robot,1790411568.51,8.956,-0.777,530.12
robot,1790411569.01,8.956,-0.777,530.10
robot,1790411569.51,8.885,-0.764,529.80
robot,1790411570.01,8.730,-0.737,529.86
robot,1790411570.51,8.615,-0.716,529.83
robot,1790411571.01,8.490,-0.694,529.79
robot,1790411571.51,8.349,-0.668,529.79
robot,1790411572.01,8.214,-0.644,529.82
robot,1790411572.51,8.072,-0.618,529.84
robot,1790411573.01,7.923,-0.592,529.89
robot,1790411573.51,7.760,-0.563,529.93
robot,1790411574.01,7.594,-0.533,529.99
robot,1790411574.51,7.433,-0.505,530.01
robot,1790411575.01,7.269,-0.476,530.05
robot,1790411575.51,7.105,-0.447,530.11
robot,1790411576.01,6.937,-0.418,530.18
robot,1790411576.51,6.770,-0.389,530.20
robot,1790411577.01,6.599,-0.360,530.32
robot,1790411577.51,6.431,-0.332,530.40
robot,1790411578.01,6.264,-0.303,530.42
robot,1790411578.51,6.093,-0.275,530.49
robot,1790411579.01,5.930,-0.248,530.57
robot,1790411579.51,5.764,-0.220,530.60
robot,1790411580.01,5.591,-0.191,530.65
robot,1790411580.51,5.422,-0.164,530.72
robot,1790411581.01,5.258,-0.137,530.81
robot,1790411581.51,5.087,-0.109,530.81
robot,1790411582.01,4.923,-0.083,530.88
robot,1790411582.51,4.754,-0.056,530.98
robot,1790411583.01,4.585,-0.029,531.01
robot,1790411583.51,4.413,-0.002,531.05
robot,1790411584.01,4.242,0.025,531.16
robot,1790411584.51,4.072,0.052,531.17
robot,1790411585.01,3.906,0.077,531.19
robot,1790411585.51,3.742,0.102,531.27
robot,1790411586.01,3.572,0.129,531.31
robot,1790411586.51,3.413,0.153,531.30
robot,1790411587.01,3.359,0.161,531.34
robot,1790411587.51,3.359,0.161,531.33
robot,1790411588.01,3.359,0.161,533.38
robot,1790411588.51,3.359,0.161,539.41
robot,1790411589.01,3.358,0.161,545.41
robot,1790411589.51,3.358,0.161,551.39
robot,1790411590.01,3.359,0.161,557.44
robot,1790411590.51,3.357,0.161,557.35
robot,1790411591.01,3.283,0.138,557.45
robot,1790411591.51,3.188,0.108,557.52
robot,1790411592.01,3.089,0.076,557.62
robot,1790411592.51,2.982,0.042,557.65
robot,1790411593.01,2.870,0.007,557.73
robot,1790411593.51,2.753,-0.031,557.83
robot,1790411594.01,2.638,-0.068,557.83
robot,1790411594.51,2.526,-0.104,557.89
robot,1790411595.01,2.411,-0.141,557.97
robot,1790411595.51,2.296,-0.178,558.03
robot,1790411596.01,2.182,-0.216,558.04
robot,1790411596.51,2.068,-0.253,558.09
robot,1790411597.01,1.953,-0.290,558.13
robot,1790411597.51,1.840,-0.328,558.17
robot,1790411598.01,1.726,-0.365,558.21
robot,1790411598.51,1.656,-0.388,558.17
robot,1790411599.01,1.656,-0.388,558.28
robot,1790411599.51,1.657,-0.388,564.23
robot,1790411600.01,1.655,-0.388,571.95
robot,1790411600.51,1.657,-0.387,581.92
robot,1790411601.01,1.657,-0.387,592.07
robot,1790411601.51,1.656,-0.388,602.23
robot,1790411602.01,1.656,-0.387,612.36
robot,1790411602.51,1.656,-0.387,622.40
robot,1790411603.01,1.656,-0.388,622.80
robot,1790411603.51,1.656,-0.388,622.78
robot,1790411604.01,1.656,-0.388,622.75
robot,1790411604.51,1.656,-0.388,622.77
robot,1790411605.01,1.656,-0.388,622.75
robot,1790411605.51,1.656,-0.388,622.75
robot,1790411606.01,1.656,-0.388,622.75
robot,1790411606.51,1.656,-0.388,622.76
robot,1790411607.01,1.647,-0.459,623.02
robot,1790411607.51,1.629,-0.611,623.07
robot,1790411608.01,1.607,-0.789,623.18
robot,1790411608.51,1.586,-0.966,623.30
robot,1790411609.01,1.565,-1.147,623.41
robot,1790411609.51,1.544,-1.335,623.51
robot,1790411610.01,1.523,-1.518,623.57
robot,1790411610.51,1.502,-1.703,623.64
robot,1790411611.01,1.482,-1.886,623.74
robot,1790411611.51,1.462,-2.068,623.80
robot,1790411612.01,1.442,-2.257,623.86
robot,1790411612.51,1.422,-2.441,623.94
robot,1790411613.01,1.403,-2.622,623.97
robot,1790411613.51,1.384,-2.806,624.02
robot,1790411614.01,1.364,-2.994,624.07
robot,1790411614.51,1.344,-3.185,624.16
robot,1790411615.01,1.324,-3.379,624.22
robot,1790411615.51,1.305,-3.577,624.30
robot,1790411616.01,1.284,-3.780,624.40
robot,1790411616.51,1.265,-3.975,624.46
robot,1790411617.01,1.246,-4.174,624.51
robot,1790411617.51,1.227,-4.375,624.62
robot,1790411619.79,1.144,-5.286,624.94
robot,1790411620.01,1.136,-5.370,624.99
robot,1790411620.51,1.119,-5.567,625.05
robot,1790411621.01,1.101,-5.775,625.13
robot,1790411621.51,1.084,-5.974,625.22
robot,1790411622.01,1.068,-6.169,625.25
robot,1790411622.51,1.052,-6.368,625.32
robot,1790411623.01,1.035,-6.569,625.40
robot,1790411623.51,1.019,-6.767,625.44
robot,1790411624.01,1.004,-6.967,625.46
robot,1790411624.51,0.988,-7.165,625.61
robot,1790411625.01,0.973,-7.368,625.67
robot,1790411625.51,0.958,-7.567,625.70
robot,1790411626.01,0.943,-7.766,625.72
robot,1790411626.51,0.928,-7.961,625.84
robot,1790411627.01,0.914,-8.164,625.91
robot,1790411627.51,0.899,-8.368,625.97
robot,1790411628.01,0.886,-8.563,626.12
robot,1790411628.51,0.872,-8.766,626.13
robot,1790411629.01,0.859,-8.964,626.19
robot,1790411629.51,0.846,-9.164,626.30
robot,1790411630.01,0.833,-9.360,626.38
robot,1790411630.51,0.820,-9.561,626.42
robot,1790411631.01,0.808,-9.761,626.44
robot,1790411631.51,0.796,-9.962,626.55
robot,1790411632.01,0.783,-10.166,626.59
robot,1790411632.51,0.772,-10.367,626.65
robot,1790411633.01,0.760,-10.567,626.76
robot,1790411633.51,0.749,-10.765,626.88
robot,1790411634.01,0.738,-10.961,626.94
robot,1790411634.51,0.728,-11.159,627.08
robot,1790411635.01,0.718,-11.350,627.12
robot,1790411635.51,0.709,-11.534,627.19
robot,1790411636.01,0.699,-11.708,625.11
robot,1790411636.51,0.680,-11.889,623.69
robot,1790411637.01,0.658,-12.087,623.67
robot,1790411637.51,0.636,-12.286,623.71
robot,1790411638.01,0.614,-12.486,623.74
robot,1790411638.51,0.593,-12.684,623.82
robot,1790411639.01,0.572,-12.880,623.89
robot,1790411639.51,0.550,-13.079,623.96
robot,1790411640.01,0.529,-13.277,624.00
robot,1790411640.51,0.508,-13.480,624.03
robot,1790411641.01,0.488,-13.677,624.14
robot,1790411641.51,0.467,-13.877,624.20
robot,1790411642.01,0.447,-14.076,624.22
robot,1790411642.51,0.427,-14.275,624.32
robot,1790411643.01,0.408,-14.473,624.36
robot,1790411643.51,0.388,-14.674,624.43
robot,1790411644.01,0.369,-14.874,624.51
robot,1790411644.51,0.350,-15.072,624.63
robot,1790411645.01,0.331,-15.269,624.66
robot,1790411645.51,0.313,-15.463,624.60
robot,1790411646.01,0.310,-15.497,624.62
robot,1790411646.51,0.310,-15.496,629.66
robot,1790411647.01,0.310,-15.498,649.07
robot,1790411647.51,0.309,-15.496,668.12
robot,1790411648.01,0.308,-15.495,685.92
robot,1790411648.51,0.308,-15.496,703.22
robot,1790411649.01,0.309,-15.496,714.87
robot,1790411649.51,0.308,-15.496,714.79
robot,1790411650.01,0.339,-15.499,714.81
robot,1790411650.51,0.423,-15.507,714.83
robot,1790411651.01,0.509,-15.514,714.92
robot,1790411651.51,0.597,-15.522,714.97
robot,1790411652.01,0.696,-15.531,715.07
robot,1790411652.51,0.825,-15.542,715.11
robot,1790411653.01,0.968,-15.554,715.15
robot,1790411653.51,1.129,-15.567,715.31
robot,1790411654.01,1.303,-15.582,715.38
robot,1790411654.51,1.477,-15.596,715.43
robot,1790411655.01,1.650,-15.609,715.54
robot,1790411655.51,1.826,-15.623,715.59
robot,1790411656.01,2.012,-15.637,715.73
robot,1790411656.51,2.210,-15.652,715.77
robot,1790411657.01,2.413,-15.667,715.85
robot,1790411657.51,2.615,-15.681,715.98
robot,1790411658.01,2.809,-15.695,716.04
robot,1790411658.51,3.009,-15.708,716.09
robot,1790411659.01,3.209,-15.722,716.16
robot,1790411659.51,3.410,-15.735,716.27
robot,1790411660.01,3.611,-15.748,716.32
robot,1790411660.51,3.810,-15.761,716.40
robot,1790411661.01,4.012,-15.773,716.53
robot,1790411661.51,4.211,-15.786,716.47
robot,1790411662.01,4.410,-15.798,716.56
robot,1790411662.51,4.612,-15.810,716.65
robot,1790411663.01,4.810,-15.821,716.75
robot,1790411663.51,5.011,-15.833,716.82
robot,1790411664.01,5.209,-15.843,716.84
robot,1790411664.51,5.408,-15.854,716.99
robot,1790411665.01,5.608,-15.865,717.06
robot,1790411665.51,5.808,-15.875,717.14
robot,1790411666.01,6.009,-15.885,717.21
robot,1790411666.51,6.209,-15.894,717.27
robot,1790411667.01,6.405,-15.904,717.34
robot,1790411667.51,6.604,-15.913,717.41
robot,1790411668.01,6.812,-15.922,717.54
robot,1790411668.51,7.011,-15.930,717.57
robot,1790411669.01,7.212,-15.939,717.63
robot,1790411669.51,7.407,-15.947,717.73
robot,1790411670.01,7.613,-15.955,717.82
robot,1790411670.51,7.809,-15.962,717.85
robot,1790411671.01,8.004,-15.971,716.23
robot,1790411671.51,8.205,-15.987,715.39
robot,1790411672.01,8.408,-16.003,715.01
robot,1790411672.51,8.603,-16.027,711.87
robot,1790411673.01,8.801,-16.055,711.82
robot,1790411673.51,8.998,-16.084,711.78
robot,1790411674.01,9.198,-16.113,711.82
robot,1790411674.51,9.393,-16.141,711.85
robot,1790411675.01,9.595,-16.169,711.92
robot,1790411675.51,9.693,-16.183,711.91
robot,1790411676.01,9.692,-16.183,711.92
robot,1790411676.51,9.692,-16.183,711.90
robot,1790411677.01,9.692,-16.183,711.90
robot,1790411677.51,9.692,-16.183,711.89
robot,1790411678.01,9.692,-16.183,711.77
robot,1790411678.51,9.693,-16.183,705.93
robot,1790411679.01,9.692,-16.183,700.96
robot,1790411679.51,9.714,-16.191,698.97
robot,1790411680.01,9.757,-16.209,695.45
robot,1790411680.51,9.756,-16.208,686.60
robot,1790411681.01,9.790,-16.231,686.37
robot,1790411681.51,9.876,-16.288,686.17
robot,1790411682.01,9.891,-16.299,677.36
robot,1790411682.51,9.901,-16.310,666.91
robot,1790411683.01,9.907,-16.320,656.53
robot,1790411684.09,9.910,-16.328,634.06
robot,1790411684.51,9.910,-16.328,625.54
robot,1790411685.01,9.910,-16.329,620.39
robot,1790411685.51,9.905,-16.358,620.39
robot,1790411686.01,9.886,-16.471,620.38
robot,1790411686.51,9.871,-16.555,620.30
robot,1790411687.01,9.864,-16.595,620.27
robot,1790411687.51,9.865,-16.595,620.26
robot,1790411688.01,9.863,-16.605,620.32
robot,1790411688.51,9.849,-16.683,620.26
robot,1790411689.77,9.820,-16.854,620.26
robot,1790411690.01,9.820,-16.854,620.27
robot,1790411690.51,9.820,-16.854,620.27
robot,1790411691.01,9.820,-16.854,617.75
robot,1790411692.31,9.820,-16.855,590.01
robot,1790411692.51,9.820,-16.854,586.01
robot,1790411693.01,9.820,-16.855,577.84
robot,1790411693.51,9.820,-16.855,573.56
robot,1790411694.01,9.818,-16.856,573.68
robot,1790411694.51,9.817,-16.856,573.69
robot,1790411695.01,9.817,-16.856,573.48
robot,1790411695.51,9.815,-16.858,572.96
robot,1790411696.01,9.740,-16.906,572.95
robot,1790411696.51,9.646,-16.967,572.92
robot,1790411697.01,9.548,-17.030,572.90
robot,1790411697.51,9.493,-17.064,567.88
robot,1790411698.01,9.463,-17.077,560.08
robot,1790411698.51,9.342,-17.121,559.91
robot,1790411699.01,9.225,-17.163,557.42
robot,1790411699.51,9.173,-17.174,547.27
robot,1790411700.01,9.112,-17.182,546.50
robot,1790411700.51,8.958,-17.199,546.37
robot,1790411701.01,8.795,-17.217,546.33
robot,1790411701.51,8.637,-17.235,546.35
robot,1790411702.01,8.481,-17.252,546.39
robot,1790411702.51,8.320,-17.270,546.37
robot,1790411703.01,8.161,-17.288,546.39
robot,1790411703.51,8.003,-17.306,546.45
robot,1790411704.01,7.844,-17.324,546.52
robot,1790411704.51,7.685,-17.342,546.56
robot,1790411705.01,7.528,-17.360,546.50
robot,1790411705.51,7.483,-17.363,537.49
robot,1790411706.01,7.400,-17.357,535.63
robot,1790411706.51,7.259,-17.347,535.54
robot,1790411707.01,7.113,-17.335,535.48
robot,1790411707.51,6.966,-17.323,535.51
robot,1790411708.01,6.818,-17.312,535.52
robot,1790411708.51,6.668,-17.300,535.57
robot,1790411709.01,6.519,-17.288,535.58
robot,1790411709.51,6.371,-17.277,535.67
robot,1790411710.01,6.216,-17.265,535.68
robot,1790411710.51,6.063,-17.254,535.71
robot,1790411711.01,5.903,-17.242,535.73
robot,1790411711.51,5.741,-17.230,535.77
robot,1790411712.01,5.584,-17.218,535.81
robot,1790411712.51,5.424,-17.207,535.92
robot,1790411713.01,5.262,-17.195,535.93
robot,1790411713.51,5.105,-17.184,536.01
robot,1790411714.01,4.943,-17.173,536.06
robot,1790411714.51,4.778,-17.161,536.06
robot,1790411715.01,4.611,-17.150,536.18
robot,1790411715.51,4.447,-17.139,536.20
robot,1790411716.01,4.280,-17.128,536.28
robot,1790411716.51,4.115,-17.117,536.31
robot,1790411717.85,3.666,-17.089,536.44
robot,1790411718.01,3.615,-17.086,536.44
robot,1790411718.51,3.442,-17.075,536.52
robot,1790411719.01,3.275,-17.065,536.60
robot,1790411719.51,3.106,-17.055,536.62
robot,1790411720.01,2.936,-17.045,536.62
robot,1790411720.51,2.766,-17.036,536.72
robot,1790411721.01,2.600,-17.026,536.79
robot,1790411721.51,2.431,-17.017,536.81
robot,1790411722.01,2.256,-17.007,536.90
robot,1790411722.51,2.092,-16.998,536.94
robot,1790411723.01,1.927,-16.989,537.00
robot,1790411723.51,1.762,-16.981,537.05
robot,1790411724.01,1.602,-16.973,537.11
robot,1790411724.51,1.507,-16.968,537.09
robot,1790411725.01,1.508,-16.968,537.08
robot,1790411725.51,1.508,-16.968,542.19
robot,1790411726.01,1.507,-16.968,550.23
robot,1790411726.51,1.508,-16.967,558.40
robot,1790411727.01,1.507,-16.968,566.73
robot,1790411727.51,1.506,-16.968,575.04
robot,1790411728.01,1.507,-16.968,583.69
robot,1790411728.51,1.507,-16.968,592.53
robot,1790411729.01,1.507,-16.967,599.90
robot,1790411729.79,1.507,-16.967,599.89
robot,1790411730.01,1.507,-16.967,602.47
robot,1790411730.51,1.507,-16.967,611.12
robot,1790411731.01,1.507,-16.968,619.88
robot,1790411731.51,1.507,-16.967,620.79
robot,1790411734.57,1.507,-16.967,620.71
robot,1790411735.51,1.507,-16.967,620.67
robot,1790411736.01,1.494,-17.051,620.90
robot,1790411736.51,1.469,-17.205,621.00
robot,1790411737.01,1.444,-17.366,621.12
robot,1790411737.51,1.417,-17.536,621.23
robot,1790411738.01,1.391,-17.706,621.32
robot,1790411738.51,1.363,-17.892,621.36
robot,1790411739.01,1.333,-18.087,621.51
robot,1790411739.51,1.305,-18.280,621.56
robot,1790411740.01,1.276,-18.476,621.69
robot,1790411740.51,1.247,-18.672,621.72
robot,1790411741.01,1.219,-18.871,621.80
robot,1790411741.51,1.190,-19.068,621.91
robot,1790411742.01,1.161,-19.271,621.97
robot,1790411742.51,1.133,-19.471,622.07
robot,1790411743.01,1.107,-19.663,622.10
robot,1790411743.51,1.079,-19.864,622.22
robot,1790411744.01,1.051,-20.068,622.32
robot,1790411744.51,1.025,-20.266,622.38
robot,1790411745.01,0.999,-20.464,622.47
robot,1790411745.75,0.960,-20.754,622.58
robot,1790411746.01,0.947,-20.860,622.63
robot,1790411746.51,0.921,-21.058,622.70
robot,1790411747.01,0.896,-21.255,622.77
robot,1790411747.51,0.871,-21.452,622.86
robot,1790411812.23,0.640,-23.393,622.24
robot,1790411812.51,0.640,-23.393,622.23
robot,1790411813.01,0.640,-23.393,622.22
robot,1790411813.51,0.640,-23.393,622.22
robot,1790411814.01,0.640,-23.393,622.21
robot,1790411814.51,0.640,-23.393,622.20
robot,1790411820.75,0.449,-24.832,622.70
robot,1790411821.01,0.439,-24.909,622.72
robot,1790411821.51,0.420,-25.057,622.78
robot,1790411847.83,0.242,-26.493,716.05
robot,1790411848.01,0.242,-26.493,716.04
robot,1790411848.51,0.242,-26.493,716.04
robot,1790411849.01,0.242,-26.493,716.05
robot,1790411849.51,0.242,-26.493,716.03
robot,1790411850.01,0.242,-26.493,722.13
robot,1790411850.51,0.242,-26.493,735.10
robot,1790411851.01,0.243,-26.493,734.81
robot,1790411851.51,0.243,-26.493,734.81
robot,1790411852.01,0.243,-26.493,734.80
robot,1790411852.51,0.243,-26.493,734.79
robot,1790411853.01,0.242,-26.493,738.91
robot,1790411853.51,0.243,-26.493,749.62
robot,1790411854.01,0.244,-26.492,749.26
robot,1790411854.51,0.244,-26.492,749.25
robot,1790411855.01,0.244,-26.492,749.25
robot,1790411855.51,0.243,-26.492,751.49
robot,1790411856.01,0.243,-26.492,758.92
robot,1790411856.51,0.244,-26.492,758.72
robot,1790411857.01,0.244,-26.492,758.71
robot,1790411857.51,0.244,-26.492,761.77
robot,1790411858.01,0.244,-26.492,770.91
robot,1790411858.51,0.244,-26.492,777.50
robot,1790411859.01,0.244,-26.491,777.44
robot,1790411859.51,0.244,-26.492,779.64
robot,1790411860.01,0.244,-26.491,786.47
robot,1790411860.51,0.244,-26.491,786.28
robot,1790411861.01,0.244,-26.492,790.22
robot,1790411861.51,0.244,-26.492,797.98
robot,1790411862.01,0.244,-26.492,797.96
robot,1790411862.51,0.244,-26.492,797.93
robot,1790411863.01,0.244,-26.492,797.92
robot,1790411863.51,0.244,-26.492,797.91
robot,1790411864.01,0.244,-26.492,797.90
robot,1790411864.51,0.244,-26.492,797.87
robot,1790411865.01,0.244,-26.492,797.84
robot,1790411865.51,0.244,-26.492,797.84
robot,1790411866.01,0.244,-26.492,797.81
robot,1790411866.51,0.244,-26.492,797.80
robot,1790411867.01,0.255,-26.440,797.95
robot,1790411867.51,0.289,-26.280,798.21
robot,1790411868.01,0.329,-26.086,798.31
robot,1790411868.51,0.370,-25.890,798.36
robot,1790411869.01,0.410,-25.695,798.41
robot,1790411869.51,0.450,-25.497,798.47
robot,1790411870.01,0.490,-25.301,798.44
robot,1790411870.51,0.531,-25.110,797.60
robot,1790411871.01,0.574,-24.914,797.54
robot,1790411871.51,0.617,-24.719,797.53
robot,1790411872.01,0.661,-24.521,797.58
robot,1790411872.51,0.704,-24.328,797.54
robot,1790411873.01,0.747,-24.133,797.63
robot,1790411873.51,0.790,-23.935,797.68
robot,1790411874.01,0.832,-23.740,797.78
robot,1790411874.51,0.874,-23.545,797.77
robot,1790411875.01,0.916,-23.352,797.89
robot,1790411875.51,0.958,-23.156,797.99
robot,1790411876.01,1.000,-22.960,798.10
robot,1790411876.51,1.041,-22.765,798.17
robot,1790411877.01,1.082,-22.568,798.19
robot,1790411877.51,1.122,-22.373,798.32
robot,1790411878.01,1.162,-22.180,798.40
robot,1790411878.51,1.203,-21.979,798.41
robot,1790411879.01,1.243,-21.785,798.55
robot,1790411879.51,1.283,-21.586,798.61
robot,1790411880.01,1.322,-21.393,798.63
robot,1790411880.51,1.334,-21.334,798.64
robot,1790411881.01,1.334,-21.334,798.65
robot,1790411881.51,1.334,-21.334,798.63
robot,1790411882.01,1.334,-21.334,798.62
robot,1790411882.51,1.334,-21.333,798.62
robot,1790411883.01,1.355,-21.230,798.71
robot,1790411883.51,1.385,-21.080,798.76
robot,1790411884.01,1.415,-20.927,798.80
robot,1790411884.51,1.446,-20.771,798.84
robot,1790411885.01,1.477,-20.613,798.85
robot,1790411885.51,1.509,-20.449,798.95
robot,1790411886.01,1.541,-20.284,799.00
robot,1790411886.51,1.574,-20.118,799.09
robot,1790411887.01,1.606,-19.949,799.09
robot,1790411887.51,1.638,-19.782,799.14
robot,1790411888.01,1.670,-19.615,799.23
robot,1790411888.51,1.702,-19.448,799.28
robot,1790411889.01,1.734,-19.279,799.36
robot,1790411889.51,1.765,-19.111,799.47
robot,1790411890.01,1.782,-19.019,799.40
robot,1790411890.51,1.810,-18.868,799.37
robot,1790411891.01,1.846,-18.676,799.54
robot,1790411891.51,1.883,-18.477,799.55
robot,1790411892.01,1.919,-18.280,799.67
robot,1790411892.51,1.955,-18.083,799.78
robot,1790411893.01,1.990,-17.887,799.82
robot,1790411893.51,2.025,-17.692,799.91
robot,1790411894.01,2.060,-17.493,799.93
robot,1790411894.51,2.091,-17.318,799.97
robot,1790411895.01,2.121,-17.146,800.08
robot,1790411895.51,2.153,-16.967,800.12
robot,1790411896.01,2.184,-16.788,800.22
robot,1790411896.51,2.209,-16.640,800.15
robot,1790411897.01,2.210,-16.634,800.20
robot,1790411897.51,2.210,-16.635,804.89
robot,1790411898.01,2.210,-16.635,813.34
robot,1790411898.51,2.211,-16.635,822.05
robot,1790411899.01,2.210,-16.633,830.62
robot,1790411899.51,2.210,-16.633,839.29
robot,1790411900.01,2.211,-16.634,847.86
robot,1790411900.51,2.211,-16.634,856.43
robot,1790411901.01,2.211,-16.634,864.60
robot,1790411901.51,2.211,-16.634,872.65
robot,1790411902.01,2.211,-16.634,880.69
robot,1790411902.51,2.211,-16.634,888.63
robot,1790411903.01,2.210,-16.634,888.74
robot,1790411903.51,2.210,-16.634,888.74
robot,1790411904.01,2.210,-16.634,888.73
robot,1790411904.51,2.210,-16.634,888.73
robot,1790411905.01,2.168,-16.625,888.85
robot,1790411905.51,2.024,-16.597,889.08
robot,1790411906.01,1.867,-16.567,889.21
robot,1790411906.51,1.683,-16.532,889.29
robot,1790411907.01,1.494,-16.496,889.38
robot,1790411907.51,1.298,-16.460,889.45
robot,1790411908.01,1.105,-16.424,889.50
robot,1790411908.51,0.908,-16.388,889.58
robot,1790411909.01,0.707,-16.351,889.70
robot,1790411909.51,0.511,-16.315,889.69
robot,1790411910.01,0.314,-16.280,889.85
robot,1790411910.51,0.119,-16.245,889.93
robot,1790411911.01,-0.077,-16.210,889.95
robot,1790411911.51,-0.278,-16.175,890.08
robot,1790411912.01,-0.473,-16.141,890.19
robot,1790411912.51,-0.669,-16.107,890.30
robot,1790411913.01,-0.867,-16.074,890.30
robot,1790411913.51,-1.065,-16.040,890.44
robot,1790411914.01,-1.261,-16.007,890.50
robot,1790411914.51,-1.459,-15.974,890.61
robot,1790411915.01,-1.657,-15.942,890.72
robot,1790411915.51,-1.855,-15.909,890.74
robot,1790411916.01,-2.050,-15.877,890.76
robot,1790411916.51,-2.245,-15.846,890.85
robot,1790411917.01,-2.443,-15.814,890.94
robot,1790411917.51,-2.637,-15.783,890.17
robot,1790411918.01,-2.835,-15.742,886.98
robot,1790411918.51,-3.028,-15.697,886.91
robot,1790411919.01,-3.226,-15.651,886.87
robot,1790411919.51,-3.420,-15.606,886.93
robot,1790411920.01,-3.611,-15.561,887.01
robot,1790411920.51,-3.810,-15.515,887.04
robot,1790411921.01,-4.004,-15.471,887.11
robot,1790411921.51,-4.198,-15.427,887.21
robot,1790411922.01,-4.394,-15.382,887.22
robot,1790411922.51,-4.587,-15.339,887.30
robot,1790411923.01,-4.784,-15.294,887.36
robot,1790411923.51,-4.977,-15.251,887.44
robot,1790411924.01,-5.172,-15.208,887.48
robot,1790411924.51,-5.369,-15.164,887.55
robot,1790411925.01,-5.567,-15.120,887.62
robot,1790411925.51,-5.762,-15.078,887.67
robot,1790411926.01,-5.956,-15.035,887.76
robot,1790411926.51,-6.154,-14.993,887.86
robot,1790411927.01,-6.346,-14.951,887.89
robot,1790411927.51,-6.547,-14.908,887.94
robot,1790411928.01,-6.742,-14.867,888.02
robot,1790411928.51,-6.937,-14.826,888.10
robot,1790411929.01,-7.127,-14.786,888.22
robot,1790411929.51,-7.327,-14.744,888.23
robot,1790411930.01,-7.526,-14.703,888.32
robot,1790411930.51,-7.721,-14.663,888.42
robot,1790411931.01,-7.916,-14.623,888.47
robot,1790411931.51,-8.111,-14.583,888.57
robot,1790411932.01,-8.247,-14.556,888.58
robot,1790411932.51,-8.246,-14.556,888.59
robot,1790411933.01,-8.245,-14.557,875.39
robot,1790411933.51,-8.247,-14.556,860.16
robot,1790411934.01,-8.246,-14.557,844.90
robot,1790411934.51,-8.247,-14.556,829.38
robot,1790411935.01,-8.247,-14.556,813.17
robot,1790411935.51,-8.247,-14.559,798.22
robot,1790411936.01,-8.246,-14.557,798.33
robot,1790411936.51,-8.246,-14.557,798.35
robot,1790411937.01,-8.247,-14.557,798.35
robot,1790411937.51,-8.247,-14.557,798.34
robot,1790411938.01,-8.247,-14.557,798.33
robot,1790411938.51,-8.247,-14.557,798.35
robot,1790411939.01,-8.247,-14.557,798.36
robot,1790411939.51,-8.247,-14.557,798.34
robot,1790411940.01,-8.247,-14.557,798.34
robot,1790411940.51,-8.247,-14.557,798.33
robot,1790411941.01,-8.247,-14.557,798.33
robot,1790411941.51,-8.247,-14.557,798.31
robot,1790411942.01,-8.247,-14.557,798.32
robot,1790411942.51,-8.247,-14.557,798.31
robot,1790411943.01,-8.247,-14.558,796.13
robot,1790411943.51,-8.247,-14.558,783.05
robot,1790411944.01,-8.246,-14.556,769.39
robot,1790411944.51,-8.246,-14.557,764.16
robot,1790411945.01,-8.246,-14.556,761.09
robot,1790411945.51,-8.246,-14.557,750.74
robot,1790411946.01,-8.246,-14.557,740.27
robot,1790411946.51,-8.248,-14.557,729.87
robot,1790411947.01,-8.246,-14.557,719.29
robot,1790411947.51,-8.246,-14.557,716.19
robot,1790411948.01,-8.167,-14.562,715.61
robot,1790411948.51,-8.004,-14.575,715.61
robot,1790411949.01,-7.825,-14.589,715.67
robot,1790411949.51,-7.631,-14.603,715.72
robot,1790411950.01,-7.441,-14.617,715.77
robot,1790411950.51,-7.249,-14.631,715.88
robot,1790411951.01,-7.066,-14.645,715.86
robot,1790411951.51,-6.873,-14.658,715.98
robot,1790411952.01,-6.680,-14.672,716.04
robot,1790411952.51,-6.491,-14.685,716.09
robot,1790411953.01,-6.302,-14.698,716.20
robot,1790411953.51,-6.109,-14.710,716.20
robot,1790411954.01,-5.916,-14.723,716.34
robot,1790411954.51,-5.722,-14.735,716.41
robot,1790411955.01,-5.530,-14.747,716.46
robot,1790411955.51,-5.333,-14.759,716.58
robot,1790411956.01,-5.129,-14.771,716.65
robot,1790411956.51,-4.928,-14.783,716.68
robot,1790411957.01,-4.732,-14.794,716.78
robot,1790411957.51,-4.532,-14.805,716.84
robot,1790411958.01,-4.332,-14.816,716.87
robot,1790411958.51,-4.128,-14.827,716.93
robot,1790411959.01,-3.929,-14.838,717.02
robot,1790411959.51,-3.733,-14.848,717.08
robot,1790411960.01,-3.532,-14.858,717.11
robot,1790411960.51,-3.335,-14.868,717.18
robot,1790411961.01,-3.130,-14.878,717.27
robot,1790411961.51,-2.934,-14.887,717.30
robot,1790411962.01,-2.732,-14.897,717.38
robot,1790411962.51,-2.533,-14.906,717.45
robot,1790411963.01,-2.331,-14.914,717.52
robot,1790411963.51,-2.133,-14.923,717.62
robot,1790411964.01,-1.932,-14.931,717.71
robot,1790411964.51,-1.734,-14.939,717.76
robot,1790411965.01,-1.532,-14.947,717.81
robot,1790411965.51,-1.332,-14.954,717.87
robot,1790411966.01,-1.133,-14.962,717.99
robot,1790411966.51,-0.935,-14.969,718.02
robot,1790411967.01,-0.733,-14.975,718.09
robot,1790411967.51,-0.529,-14.982,718.20
robot,1790411968.01,-0.333,-14.988,718.25
robot,1790411968.51,-0.133,-14.994,718.30
robot,1790411969.01,0.066,-15.000,718.36
robot,1790411969.51,0.196,-15.004,718.31
robot,1790411970.01,0.197,-15.004,718.32
robot,1790411970.51,0.197,-15.004,718.32
robot,1790411971.01,0.197,-15.004,718.32
robot,1790411971.51,0.197,-15.004,718.31
robot,1790411972.01,0.197,-15.004,726.04
robot,1790411972.51,0.197,-15.004,741.19
robot,1790411973.01,0.198,-15.004,756.63
robot,1790411973.51,0.198,-15.005,771.62
robot,1790411974.01,0.198,-15.004,786.44
robot,1790411974.51,0.198,-15.005,801.17
robot,1790411975.01,0.198,-15.003,802.44
robot,1790411975.51,0.198,-15.003,802.41
robot,1790411976.01,0.198,-15.003,802.39
robot,1790411976.51,0.198,-15.003,802.39
robot,1790411977.01,0.198,-15.003,802.38
robot,1790411977.51,0.198,-15.003,802.38
robot,1790411978.01,0.201,-14.984,802.42
robot,1790411978.51,0.215,-14.891,800.34
robot,1790411979.01,0.244,-14.751,795.84
robot,1790411979.51,0.287,-14.605,791.38
robot,1790411980.01,0.343,-14.457,788.05
robot,1790411980.51,0.403,-14.301,792.10
robot,1790411981.01,0.436,-14.136,801.61
robot,1790411981.51,0.460,-13.971,801.84
robot,1790411982.01,0.486,-13.789,801.97
robot,1790411982.51,0.513,-13.593,802.13
robot,1790411983.01,0.541,-13.394,802.22
robot,1790411983.51,0.568,-13.195,802.29
robot,1790411984.01,0.594,-12.997,802.37
robot,1790411984.51,0.621,-12.797,802.48
robot,1790411985.01,0.647,-12.599,802.55
robot,1790411985.51,0.672,-12.403,802.58
robot,1790411986.01,0.699,-12.202,802.65
robot,1790411986.51,0.724,-12.004,802.77
robot,1790411987.01,0.749,-11.805,802.84
robot,1790411987.51,0.774,-11.606,802.80
robot,1790411988.01,0.800,-11.410,801.51
robot,1790411988.51,0.840,-11.220,794.90
robot,1790411989.01,0.893,-11.026,794.58
robot,1790411989.51,0.946,-10.833,794.58
robot,1790411990.01,0.999,-10.640,794.55
robot,1790411990.51,1.053,-10.448,794.60
robot,1790411991.01,1.105,-10.256,794.68
robot,1790411991.51,1.159,-10.060,794.75
robot,1790411992.01,1.211,-9.869,794.81
robot,1790411992.51,1.262,-9.679,794.84
robot,1790411993.01,1.317,-9.477,794.92
robot,1790411993.51,1.369,-9.284,794.96
robot,1790411994.01,1.420,-9.091,795.02
robot,1790411994.51,1.471,-8.899,795.20
robot,1790411995.01,1.523,-8.706,795.16
robot,1790411995.51,1.573,-8.514,795.21
robot,1790411996.01,1.625,-8.320,795.28
robot,1790411996.51,1.675,-8.127,795.35
robot,1790411997.01,1.726,-7.931,795.43
robot,1790411997.51,1.775,-7.741,795.45
robot,1790411998.01,1.826,-7.545,795.56
robot,1790411998.51,1.876,-7.351,795.65
robot,1790411999.01,1.925,-7.157,795.67
robot,1790411999.51,1.975,-6.962,795.83
robot,1790412000.01,2.023,-6.771,795.89
robot,1790412000.51,2.072,-6.575,795.93
robot,1790412001.01,2.120,-6.383,795.98
robot,1790412001.51,2.169,-6.188,796.05
robot,1790412002.01,2.217,-5.997,796.08
robot,1790412002.51,2.266,-5.797,796.15
robot,1790412003.01,2.291,-5.695,796.05
robot,1790412003.51,2.318,-5.591,795.68
robot,1790412004.01,2.367,-5.395,795.93
robot,1790412004.51,2.408,-5.230,795.82
robot,1790412005.01,2.456,-5.043,795.91
robot,1790412005.51,2.504,-4.850,796.03
robot,1790412006.01,2.553,-4.651,796.06
robot,1790412006.51,2.601,-4.458,796.14
robot,1790412007.01,2.648,-4.266,796.21
robot,1790412007.51,2.695,-4.074,796.27
robot,1790412008.01,2.743,-3.878,796.36
robot,1790412008.51,2.790,-3.684,796.49
robot,1790412009.01,2.837,-3.489,796.51
robot,1790412009.51,2.884,-3.293,796.53
robot,1790412010.01,2.930,-3.098,796.65
robot,1790412010.51,2.977,-2.902,796.72
robot,1790412011.01,3.022,-2.710,796.76
robot,1790412011.51,3.068,-2.515,796.81
robot,1790412012.01,3.113,-2.320,796.89
robot,1790412012.51,3.159,-2.123,796.95
robot,1790412013.01,3.204,-1.930,797.02
robot,1790412013.51,3.248,-1.735,797.10
robot,1790412014.01,3.292,-1.542,797.19
robot,1790412014.51,3.336,-1.350,797.24
robot,1790412015.01,3.382,-1.147,797.31
robot,1790412015.51,3.426,-0.952,797.43
robot,1790412016.01,3.461,-0.792,797.41
robot,1790412016.51,3.462,-0.789,797.39
robot,1790412017.01,3.464,-0.780,797.39
robot,1790412017.51,3.484,-0.692,797.41
robot,1790412018.01,3.486,-0.681,797.41
robot,1790412018.51,3.486,-0.681,798.05
robot,1790412019.01,3.486,-0.681,808.76
robot,1790412019.51,3.487,-0.681,821.00
robot,1790412020.01,3.487,-0.681,834.42
robot,1790412020.51,3.487,-0.680,847.94
robot,1790412021.01,3.487,-0.680,862.03
robot,1790412021.51,3.487,-0.680,876.19
robot,1790412022.01,3.486,-0.680,880.28
robot,1790412022.51,3.487,-0.680,883.11
robot,1790412023.01,3.485,-0.680,884.26
robot,1790412023.51,3.485,-0.680,884.22
robot,1790412024.01,3.485,-0.680,884.20
robot,1790412024.51,3.485,-0.680,884.18
robot,1790412025.01,3.485,-0.680,884.18
robot,1790412025.51,3.486,-0.680,887.35
robot,1790412026.01,3.486,-0.680,898.07
robot,1790412026.51,3.486,-0.679,909.96
robot,1790412027.01,3.484,-0.680,921.73
robot,1790412027.51,3.484,-0.680,933.78
robot,1790412028.01,3.485,-0.679,946.02
robot,1790412028.51,3.485,-0.680,957.92
robot,1790412029.01,3.486,-0.679,969.39
robot,1790412029.51,3.485,-0.680,970.83
robot,1790412030.01,3.485,-0.680,974.98
robot,1790412030.51,3.485,-0.680,976.55
robot,1790412031.01,3.485,-0.680,976.54
robot,1790412031.51,3.485,-0.680,978.03
robot,1790412032.01,3.486,-0.679,978.29
robot,1790412032.51,3.486,-0.679,978.27
robot,1790412033.01,3.486,-0.679,978.26
robot,1790412033.51,3.486,-0.679,978.25
robot,1790412034.01,3.486,-0.679,978.25
robot,1790412034.51,3.486,-0.679,978.23
robot,1790412035.01,3.486,-0.679,978.22
robot,1790412035.51,3.486,-0.678,982.90
robot,1790412036.01,3.486,-0.678,992.80
robot,1790412036.51,3.486,-0.679,993.60
robot,1790412037.01,3.486,-0.679,996.24
robot,1790412037.51,3.485,-0.678,1010.56
robot,1790412038.01,3.487,-0.681,1026.90
robot,1790412038.51,3.487,-0.680,1043.51
robot,1790412039.01,3.485,-0.679,1061.04
robot,1790412039.51,3.487,-0.680,1069.38
robot,1790412040.01,3.487,-0.680,1069.35
robot,1790412040.51,3.487,-0.680,1069.32
robot,1790412041.01,3.487,-0.680,1069.31
robot,1790412041.51,3.487,-0.680,1069.33
robot,1790412042.01,3.488,-0.680,1069.32
robot,1790412042.51,3.488,-0.680,1069.29
robot,1790412043.01,3.488,-0.680,1069.27
robot,1790412043.51,3.488,-0.680,1069.26
robot,1790412044.01,3.488,-0.680,1069.24
robot,1790412044.51,3.488,-0.680,1069.22
robot,1790412045.01,3.487,-0.680,1071.47
robot,1790412045.51,3.488,-0.680,1082.79
robot,1790412046.01,3.488,-0.680,1083.68
robot,1790412046.51,3.487,-0.680,1088.46
robot,1790412047.01,3.486,-0.680,1099.20
robot,1790412047.51,3.487,-0.680,1110.15
robot,1790412048.01,3.487,-0.680,1122.28
robot,1790412048.51,3.487,-0.680,1135.00
robot,1790412049.01,3.488,-0.678,1147.82
robot,1790412049.51,3.488,-0.677,1160.70
robot,1790412050.01,3.488,-0.679,1173.95
robot,1790412050.51,3.488,-0.679,1187.37
robot,1790412051.01,3.488,-0.680,1200.85
robot,1790412051.51,3.488,-0.680,1214.00
robot,1790412052.01,3.487,-0.679,1227.17
robot,1790412052.51,3.487,-0.679,1240.29
robot,1790412053.01,3.484,-0.679,1253.19
robot,1790412053.51,3.486,-0.680,1266.17
robot,1790412054.01,3.487,-0.679,1279.28
robot,1790412054.51,3.488,-0.679,1292.60
robot,1790412055.01,3.488,-0.679,1306.61
robot,1790412055.51,3.487,-0.681,1320.09
robot,1790412056.01,3.488,-0.679,1333.39
robot,1790412056.51,3.488,-0.679,1346.64
robot,1790412057.01,3.488,-0.681,1360.11
robot,1790412057.51,3.487,-0.679,1373.74
robot,1790412058.01,3.487,-0.678,1387.41
robot,1790412058.51,3.487,-0.679,1401.34
robot,1790412059.01,3.487,-0.679,1415.53
robot,1790412059.51,3.488,-0.679,1426.71
robot,1790412060.01,3.488,-0.679,1426.48
robot,1790412060.51,3.488,-0.679,1426.45
robot,1790412061.01,3.487,-0.679,1426.42
robot,1790412061.51,3.487,-0.679,1426.41
robot,1790412062.01,3.487,-0.679,1426.41
robot,1790412062.51,3.487,-0.679,1426.39
robot,1790412063.01,3.487,-0.679,1426.39
robot,1790412063.51,3.487,-0.679,1426.38
robot,1790412064.01,3.487,-0.679,1426.38
robot,1790412064.51,3.487,-0.679,1426.37
robot,1790412065.01,3.502,-0.683,1426.44
robot,1790412065.51,3.681,-0.725,1426.61
robot,1790412066.01,3.874,-0.771,1426.89
robot,1790412066.51,4.072,-0.817,1426.98
robot,1790412067.01,4.265,-0.861,1427.09
robot,1790412067.51,4.460,-0.906,1427.16
robot,1790412068.01,4.656,-0.950,1427.29
robot,1790412068.51,4.850,-0.994,1427.35
robot,1790412069.01,5.042,-1.037,1427.42
robot,1790412069.51,5.242,-1.081,1427.55
robot,1790412070.01,5.438,-1.124,1427.58
robot,1790412070.51,5.635,-1.167,1427.64
robot,1790412071.01,5.826,-1.209,1427.77
robot,1790412071.51,6.021,-1.251,1427.86
robot,1790412072.01,6.221,-1.294,1427.90
robot,1790412072.51,6.416,-1.336,1427.92
robot,1790412073.01,6.610,-1.377,1428.05
robot,1790412073.51,6.805,-1.419,1428.14
robot,1790412074.01,7.000,-1.460,1428.15
robot,1790412074.51,7.195,-1.500,1428.25
robot,1790412075.31,7.509,-1.565,1428.36
robot,1790412076.51,7.981,-1.661,1428.64
robot,1790412077.01,8.177,-1.701,1428.61
robot,1790412080.49,9.541,-1.968,1429.19
robot,1790412080.51,9.548,-1.969,1429.21
robot,1790412081.03,9.756,-2.009,1429.25
robot,1790412081.51,9.949,-2.045,1429.37
robot,1790412082.01,10.142,-2.081,1429.44
robot,1790412082.73,10.425,-2.134,1429.52
robot,1790412083.01,10.536,-2.154,1429.53
robot,1790412091.83,13.917,-2.912,1427.36
robot,1790412103.63,13.801,-2.860,1595.97
robot,1790412104.01,13.684,-2.808,1596.09
robot,1790412104.51,13.509,-2.731,1596.22
robot,1790412105.01,13.325,-2.650,1596.28
robot,1790412105.67,13.085,-2.545,1596.40
robot,1790412106.01,12.959,-2.490,1596.46
robot,1790412106.51,12.777,-2.411,1596.52
robot,1790412107.01,12.595,-2.332,1596.63
robot,1790412107.53,12.401,-2.248,1596.71
robot,1790412108.01,12.225,-2.172,1596.75
robot,1790412108.51,12.044,-2.095,1596.84
robot,1790412109.01,11.966,-2.061,1596.76
robot,1790412109.51,11.966,-2.062,1596.77
robot,1790412110.01,11.966,-2.062,1596.75
robot,1790412110.51,11.966,-2.062,1596.73
robot,1790412111.01,11.965,-2.061,1596.74
robot,1790412111.51,11.883,-2.026,1596.72
robot,1790412112.01,11.730,-1.960,1596.76
robot,1790412112.51,11.561,-1.887,1596.84
robot,1790412113.01,11.386,-1.813,1596.92
robot,1790412115.37,10.522,-1.447,1597.17
robot,1790412115.63,10.494,-1.435,1597.22
robot,1790412117.75,10.495,-1.435,1605.50
robot,1790412118.01,10.494,-1.435,1608.72
robot,1790412118.51,10.494,-1.435,1614.09
robot,1790412119.01,10.485,-1.434,1613.99
robot,1790412119.51,10.355,-1.421,1614.12
robot,1790412120.01,10.194,-1.404,1614.24
robot,1790412120.51,10.018,-1.387,1614.48
robot,1790412121.01,9.828,-1.369,1614.60
robot,1790412121.51,9.628,-1.350,1614.66
robot,1790412122.01,9.428,-1.331,1614.75
robot,1790412122.51,9.225,-1.313,1614.85
robot,1790412123.01,9.027,-1.295,1614.87
robot,1790412123.51,8.830,-1.278,1614.97
robot,1790412124.01,8.632,-1.260,1615.07
robot,1790412124.51,8.435,-1.244,1615.13
robot,1790412125.01,8.231,-1.226,1615.19
robot,1790412125.51,8.032,-1.210,1615.28
robot,1790412126.01,7.834,-1.193,1615.37
robot,1790412126.51,7.635,-1.178,1615.43
robot,1790412127.01,7.433,-1.162,1615.53
robot,1790412127.51,7.235,-1.146,1615.62
robot,1790412128.01,7.042,-1.131,1615.54
robot,1790412128.51,7.015,-1.129,1615.57
robot,1790412129.01,7.015,-1.129,1606.37
robot,1790412129.51,7.015,-1.129,1605.00
robot,1790412130.01,6.917,-1.103,1604.67
robot,1790412130.51,6.740,-1.054,1604.61
robot,1790412131.01,6.545,-1.001,1604.72
robot,1790412131.51,6.349,-0.947,1604.77
robot,1790412132.01,6.160,-0.896,1604.79
robot,1790412132.51,5.968,-0.844,1604.85
robot,1790412133.01,5.772,-0.791,1604.95
robot,1790412133.51,5.580,-0.739,1604.96
robot,1790412134.01,5.391,-0.688,1605.04
robot,1790412134.51,5.192,-0.635,1605.15
robot,1790412135.01,5.001,-0.585,1605.16
robot,1790412135.51,4.803,-0.532,1605.18
robot,1790412136.01,4.611,-0.482,1605.31
robot,1790412136.51,4.417,-0.431,1605.42
robot,1790412137.01,4.226,-0.382,1605.47
robot,1790412137.51,4.033,-0.332,1605.54
robot,1790412138.01,3.836,-0.281,1605.63
robot,1790412138.51,3.643,-0.232,1605.70
robot,1790412139.01,3.450,-0.183,1605.75
robot,1790412139.51,3.311,-0.147,1605.74
robot,1790412140.01,3.310,-0.147,1605.75
robot,1790412140.51,3.309,-0.147,1609.40
robot,1790412141.01,3.309,-0.147,1613.63
robot,1790412141.51,3.308,-0.147,1614.44
robot,1790412142.01,3.308,-0.147,1625.67
robot,1790412142.51,3.309,-0.146,1637.71
robot,1790412143.01,3.308,-0.146,1651.08
robot,1790412143.51,3.306,-0.148,1666.16
robot,1790412144.01,3.308,-0.147,1681.28
robot,1790412144.51,3.308,-0.146,1694.70
robot,1790412145.01,3.308,-0.147,1694.44
robot,1790412145.51,3.308,-0.147,1694.42
robot,1790412146.01,3.308,-0.147,1694.41
robot,1790412146.51,3.308,-0.147,1694.40
robot,1790412155.35,2.613,-2.523,1697.01
robot,1790412155.51,2.599,-2.584,1697.02
robot,1790412156.01,2.554,-2.777,1697.14
robot,1790412156.51,2.509,-2.973,1697.19
robot,1790412157.01,2.466,-3.166,1697.29
robot,1790412157.51,2.421,-3.366,1697.36
robot,1790412158.01,2.378,-3.560,1697.47
robot,1790412158.51,2.333,-3.760,1697.49
robot,1790412159.01,2.292,-3.949,1697.56
robot,1790412159.51,2.248,-4.147,1697.67
robot,1790412160.01,2.205,-4.345,1697.72
robot,1790412160.51,2.162,-4.540,1697.78
robot,1790412161.01,2.120,-4.734,1696.80
robot,1790412161.51,2.068,-4.924,1694.13
robot,1790412162.01,2.013,-5.119,1694.16
robot,1790412162.51,1.959,-5.311,1694.19
robot,1790412163.01,1.904,-5.503,1694.11
robot,1790412163.51,1.848,-5.700,1694.12
robot,1790412164.01,1.793,-5.893,1694.19
robot,1790412164.51,1.738,-6.088,1694.21
robot,1790412165.01,1.684,-6.278,1694.25
robot,1790412165.51,1.630,-6.471,1694.34
robot,1790412166.01,1.576,-6.664,1694.36
robot,1790412166.51,1.522,-6.859,1694.40
robot,1790412167.01,1.468,-7.051,1694.53
robot,1790412167.51,1.416,-7.242,1694.60
robot,1790412168.01,1.363,-7.433,1694.61
robot,1790412168.51,1.311,-7.623,1694.65
robot,1790412169.01,1.257,-7.821,1694.80
robot,1790412169.51,1.205,-8.013,1694.83
robot,1790412170.01,1.152,-8.206,1694.87
robot,1790412170.51,1.101,-8.398,1694.98
robot,1790412171.01,1.048,-8.595,1695.02
robot,1790412171.51,0.997,-8.787,1695.06
robot,1790412172.01,0.945,-8.980,1695.15
robot,1790412172.51,0.894,-9.172,1695.23
robot,1790412173.01,0.843,-9.367,1695.27
robot,1790412173.51,0.792,-9.560,1695.33
robot,1790412174.01,0.742,-9.754,1695.42
robot,1790412174.51,0.692,-9.945,1695.48
robot,1790412175.01,0.642,-10.140,1695.50
robot,1790412175.51,0.591,-10.339,1695.56
robot,1790412176.01,0.542,-10.529,1695.61
robot,1790412176.51,0.492,-10.724,1695.65
robot,1790412177.01,0.442,-10.919,1695.68
robot,1790412177.51,0.392,-11.114,1695.79
robot,1790412178.01,0.344,-11.305,1695.82
robot,1790412178.51,0.294,-11.502,1695.88
robot,1790412179.01,0.246,-11.694,1696.00
robot,1790412179.51,0.197,-11.891,1696.06
robot,1790412180.01,0.149,-12.086,1696.12
robot,1790412180.51,0.101,-12.280,1696.20
robot,1790412181.01,0.055,-12.468,1696.32
robot,1790412181.51,0.006,-12.667,1696.32
robot,1790412182.01,-0.041,-12.862,1696.37
robot,1790412182.51,-0.078,-13.016,1696.37
robot,1790412183.01,-0.079,-13.018,1696.39
robot,1790412183.51,-0.079,-13.018,1696.40
robot,1790412184.01,-0.079,-13.018,1696.40
robot,1790412184.51,-0.079,-13.018,1696.82
robot,1790412185.01,-0.079,-13.021,1710.35
robot,1790412185.51,-0.079,-13.019,1710.46
robot,1790412186.01,-0.079,-13.020,1720.77
robot,1790412186.51,-0.079,-13.019,1733.35
robot,1790412187.01,-0.079,-13.019,1746.39
robot,1790412187.51,-0.077,-13.021,1759.50
robot,1790412188.01,-0.078,-13.020,1772.37
robot,1790412188.51,-0.078,-13.020,1785.43
robot,1790412189.01,-0.078,-13.020,1788.64
robot,1790412189.51,-0.079,-13.020,1788.61
robot,1790412190.01,-0.079,-13.020,1788.62
robot,1790412190.51,-0.079,-13.020,1788.61
robot,1790412191.01,-0.079,-13.020,1788.60
robot,1790412191.51,-0.079,-13.020,1788.58
robot,1790412192.01,-0.079,-13.020,1788.57
robot,1790412192.51,-0.079,-13.020,1788.55
robot,1790412193.01,-0.079,-13.020,1788.53
robot,1790412193.51,-0.079,-13.020,1788.53
robot,1790412194.01,-0.079,-13.020,1788.51
robot,1790412194.51,-0.079,-13.020,1788.49
robot,1790412195.01,-0.079,-13.020,1788.47
robot,1790412195.51,-0.079,-13.020,1788.47
robot,1790412196.01,-0.079,-13.020,1789.92
robot,1790412196.51,-0.080,-13.020,1802.01
robot,1790412197.01,-0.079,-13.020,1805.47
robot,1790412197.51,-0.077,-13.020,1812.40
robot,1790412198.01,-0.079,-13.020,1826.56
robot,1790412198.51,-0.077,-13.019,1840.45
robot,1790412199.01,-0.078,-13.020,1854.17
robot,1790412199.51,-0.079,-13.020,1866.26
robot,1790412200.01,-0.079,-13.020,1865.96
robot,1790412200.51,-0.079,-13.020,1865.94
robot,1790412201.01,-0.079,-13.020,1865.91
robot,1790412201.51,-0.079,-13.020,1865.90
robot,1790412202.01,-0.079,-13.020,1865.88
robot,1790412202.51,-0.079,-13.020,1865.88
robot,1790412203.01,-0.023,-12.896,1866.20
robot,1790412203.51,0.057,-12.713,1866.35
robot,1790412204.01,0.137,-12.530,1866.47
robot,1790412204.51,0.217,-12.346,1866.55
robot,1790412205.01,0.296,-12.162,1866.58
robot,1790412205.51,0.375,-11.979,1866.71
robot,1790412206.01,0.454,-11.797,1866.78
robot,1790412206.51,0.532,-11.613,1866.83
robot,1790412207.01,0.613,-11.424,1866.93
robot,1790412207.51,0.692,-11.240,1867.03
robot,1790412208.01,0.769,-11.056,1867.08
robot,1790412208.51,0.847,-10.873,1867.13
robot,1790412209.01,0.924,-10.690,1867.30
robot,1790412209.51,1.001,-10.504,1867.35
robot,1790412210.01,1.077,-10.321,1867.40
robot,1790412210.51,1.156,-10.132,1867.51
robot,1790412211.01,1.233,-9.946,1867.56
robot,1790412211.51,1.308,-9.765,1867.59
robot,1790412212.01,1.383,-9.583,1867.63
robot,1790412212.51,1.397,-9.547,1867.61
robot,1790412213.01,1.397,-9.547,1867.65
robot,1790412213.51,1.397,-9.547,1870.81
robot,1790412214.01,1.397,-9.547,1875.75
robot,1790412214.51,1.399,-9.540,1875.59
robot,1790412215.01,1.426,-9.434,1875.84
robot,1790412215.51,1.470,-9.262,1875.84
robot,1790412216.01,1.519,-9.066,1876.03
robot,1790412216.51,1.567,-8.873,1876.14
robot,1790412217.01,1.614,-8.680,1876.24
robot,1790412217.51,1.662,-8.483,1876.34
robot,1790412218.01,1.709,-8.288,1876.35
robot,1790412218.51,1.756,-8.096,1876.47
robot,1790412219.01,1.802,-7.904,1876.54
robot,1790412219.51,1.849,-7.708,1876.59
robot,1790412220.01,1.896,-7.510,1876.75
robot,1790412220.51,1.941,-7.318,1876.80
robot,1790412221.01,1.986,-7.125,1876.87
robot,1790412221.51,2.031,-6.931,1876.94
robot,1790412222.01,2.077,-6.733,1877.08
robot,1790412222.51,2.121,-6.539,1877.10
robot,1790412223.01,2.166,-6.343,1877.17
robot,1790412223.51,2.210,-6.148,1877.25
robot,1790412224.01,2.254,-5.953,1877.31
robot,1790412224.51,2.298,-5.757,1877.39
robot,1790412225.01,2.342,-5.563,1877.45
robot,1790412225.51,2.385,-5.369,1877.55
robot,1790412226.01,2.428,-5.174,1877.56
robot,1790412226.51,2.471,-4.978,1877.57
robot,1790412227.01,2.514,-4.779,1877.70
robot,1790412227.51,2.557,-4.583,1877.74
robot,1790412228.01,2.599,-4.388,1877.82
robot,1790412228.51,2.641,-4.192,1877.92
robot,1790412229.01,2.683,-3.999,1877.97
robot,1790412229.51,2.725,-3.802,1878.06
robot,1790412230.01,2.765,-3.610,1878.12
robot,1790412230.51,2.806,-3.412,1878.22
robot,1790412231.01,2.848,-3.215,1878.28
robot,1790412231.51,2.888,-3.018,1878.32
robot,1790412232.01,2.927,-2.827,1878.32
robot,1790412232.51,2.934,-2.797,1877.82
robot,1790412233.01,2.934,-2.797,1870.60
robot,1790412233.51,2.951,-2.748,1870.16
robot,1790412234.01,3.015,-2.570,1870.12
robot,1790412234.51,3.082,-2.385,1870.14
robot,1790412235.01,3.151,-2.195,1870.22
robot,1790412235.51,3.218,-2.008,1870.29
robot,1790412236.01,3.286,-1.818,1870.35
robot,1790412236.51,3.353,-1.630,1870.40
robot,1790412237.01,3.419,-1.444,1870.48
robot,1790412237.51,3.486,-1.255,1870.55
robot,1790412238.01,3.552,-1.066,1870.54
robot,1790412238.51,3.619,-0.878,1870.66
robot,1790412239.01,3.685,-0.689,1870.77
robot,1790412239.51,3.751,-0.499,1870.81
robot,1790412240.01,3.818,-0.307,1870.87
robot,1790412240.51,3.881,-0.124,1870.95
robot,1790412241.01,3.890,-0.099,1870.84
robot,1790412241.51,3.890,-0.098,1861.49
robot,1790412242.01,3.888,-0.100,1845.32
robot,1790412242.51,3.889,-0.099,1829.45
robot,1790412243.01,3.888,-0.099,1813.47
robot,1790412243.51,3.890,-0.098,1797.72
robot,1790412244.01,3.890,-0.098,1781.99
robot,1790412244.51,3.889,-0.098,1777.80
robot,1790412245.01,3.910,-0.106,1777.82
robot,1790412245.51,4.050,-0.164,1777.67
robot,1790412246.01,4.232,-0.238,1777.60
robot,1790412246.51,4.416,-0.315,1777.40
robot,1790412247.01,4.597,-0.390,1777.21
robot,1790412247.51,4.778,-0.467,1776.94
robot,1790412248.01,4.960,-0.545,1776.73
robot,1790412248.51,5.141,-0.623,1776.53
robot,1790412249.01,5.326,-0.703,1776.36
robot,1790412249.51,5.489,-0.776,1776.03
robot,1790412250.01,5.495,-0.778,1776.17
robot,1790412250.51,5.494,-0.778,1785.68
robot,1790412251.01,5.494,-0.778,1784.91
robot,1790412251.51,5.490,-0.777,1775.51
robot,1790412252.01,5.490,-0.777,1776.54
robot,1790412252.51,5.490,-0.777,1777.60
robot,1790412253.01,5.489,-0.776,1777.82
robot,1790412253.51,5.489,-0.776,1777.98
robot,1790412254.01,5.489,-0.776,1780.90
robot,1790412254.51,5.477,-0.772,1780.96
robot,1790412255.01,5.362,-0.732,1780.90
robot,1790412255.51,5.236,-0.689,1780.92
robot,1790412256.01,5.105,-0.643,1780.95
robot,1790412256.51,4.971,-0.597,1780.86
robot,1790412257.01,4.836,-0.550,1780.97
robot,1790412257.51,4.702,-0.505,1781.86
robot,1790412258.01,4.563,-0.462,1784.17
robot,1790412258.51,4.409,-0.419,1784.59
robot,1790412259.01,4.223,-0.368,1784.62
robot,1790412267.19,3.378,-0.118,1782.51
robot,1790412267.51,3.378,-0.118,1782.51
robot,1790412268.01,3.378,-0.118,1782.49
robot,1790412268.51,3.378,-0.118,1782.47
robot,1790412269.01,3.378,-0.118,1782.46
robot,1790412269.51,3.378,-0.118,1782.46
robot,1790412270.01,3.378,-0.118,1782.46
robot,1790412270.51,3.378,-0.118,1782.46
robot,1790412271.01,3.378,-0.118,1782.47
robot,1790412271.51,3.378,-0.118,1782.45
robot,1790412272.01,3.378,-0.118,1782.46
robot,1790412272.51,3.378,-0.118,1782.45
robot,1790412273.01,3.378,-0.118,1782.45
robot,1790412273.51,3.378,-0.118,1782.42
robot,1790412274.01,3.378,-0.118,1782.41
robot,1790412274.51,3.378,-0.118,1782.39
robot,1790412275.01,3.378,-0.118,1782.39
robot,1790412275.51,3.378,-0.118,1782.38
robot,1790412276.01,3.378,-0.118,1782.37
robot,1790412276.51,3.378,-0.118,1782.35
robot,1790412277.01,3.378,-0.118,1782.34
robot,1790412277.51,3.378,-0.118,1782.34
robot,1790412278.01,3.378,-0.118,1782.34
robot,1790412278.51,3.378,-0.118,1782.32
robot,1790412279.01,3.378,-0.118,1782.31
robot,1790412279.51,3.378,-0.118,1782.30
robot,1790412280.01,3.378,-0.118,1782.29
robot,1790412280.51,3.378,-0.118,1782.27
robot,1790412281.01,3.378,-0.118,1782.26
robot,1790412281.51,3.378,-0.118,1782.25
robot,1790412282.01,3.378,-0.118,1782.25
robot,1790412282.51,3.378,-0.118,1782.25
robot,1790412283.01,3.378,-0.118,1782.23
robot,1790412283.51,3.378,-0.118,1782.23
robot,1790412284.01,3.378,-0.118,1782.21
robot,1790412284.51,3.378,-0.118,1782.21
robot,1790412285.01,3.378,-0.118,1782.19
robot,1790412285.51,3.378,-0.118,1782.18
robot,1790412286.01,3.378,-0.118,1782.16
robot,1790412286.51,3.378,-0.118,1782.15
robot,1790412287.01,3.378,-0.118,1782.16
robot,1790412287.51,3.378,-0.118,1782.16
robot,1790412288.01,3.378,-0.118,1782.15
robot,1790412288.51,3.378,-0.118,1782.16
robot,1790412289.01,3.378,-0.118,1782.15
robot,1790412289.51,3.378,-0.118,1782.13
robot,1790412290.01,3.378,-0.118,1782.12
robot,1790412290.51,3.378,-0.118,1782.13
robot,1790412291.01,3.378,-0.118,1782.12
robot,1790412291.51,3.378,-0.118,1782.11
robot,1790412292.01,3.378,-0.118,1782.12
robot,1790412292.51,3.378,-0.118,1782.10
robot,1790412293.01,3.378,-0.118,1782.10
robot,1790412293.51,3.378,-0.118,1782.09
robot,1790412294.01,3.378,-0.118,1782.09
robot,1790412294.51,3.378,-0.118,1782.07
robot,1790412295.01,3.378,-0.118,1782.05
robot,1790412295.51,3.378,-0.118,1782.04
robot,1790412296.01,3.378,-0.118,1782.04
robot,1790412296.51,3.378,-0.118,1782.05
robot,1790412297.01,3.378,-0.118,1782.05
robot,1790412297.51,3.378,-0.118,1782.03
robot,1790412298.01,3.378,-0.118,1782.01
robot,1790412298.51,3.378,-0.118,1782.02
robot,1790412299.51,3.378,-0.118,1782.00
robot,1790412300.01,3.378,-0.118,1781.98
robot,1790412300.51,3.378,-0.118,1781.97
robot,1790412301.01,3.378,-0.118,1781.96
robot,1790412301.51,3.378,-0.118,1781.97
robot,1790412302.01,3.378,-0.118,1781.97
robot,1790412302.51,3.378,-0.118,1781.97
robot,1790412303.01,3.378,-0.118,1781.96
robot,1790412303.51,3.378,-0.118,1781.95
robot,1790412304.01,3.378,-0.118,1781.94
robot,1790412304.51,3.378,-0.118,1781.95
robot,1790412305.01,3.378,-0.118,1781.95
robot,1790412305.51,3.378,-0.118,1781.94
robot,1790412306.01,3.378,-0.118,1781.97
robot,1790412306.51,3.378,-0.118,1781.94
robot,1790412307.01,3.378,-0.118,1781.93
robot,1790412307.51,3.378,-0.118,1781.91
robot,1790412308.01,3.378,-0.118,1781.92
robot,1790412308.51,3.378,-0.118,1781.91
robot,1790412309.01,3.378,-0.118,1781.89
robot,1790412309.51,3.378,-0.118,1781.86
robot,1790412310.01,3.378,-0.118,1781.85
robot,1790412310.51,3.378,-0.118,1781.85
robot,1790412311.01,3.378,-0.118,1781.82
robot,1790412311.51,3.378,-0.118,1781.83
robot,1790412312.01,3.378,-0.118,1781.83
robot,1790412312.51,3.378,-0.118,1781.81
robot,1790412313.01,3.378,-0.118,1781.80
robot,1790412313.51,3.378,-0.118,1781.78
robot,1790412314.01,3.378,-0.118,1781.78
robot,1790412314.51,3.378,-0.118,1781.76
robot,1790412315.01,3.378,-0.118,1781.75
robot,1790412315.51,3.378,-0.118,1781.75
robot,1790412316.01,3.378,-0.118,1781.71
robot,1790412316.51,3.378,-0.118,1781.70
robot,1790412317.01,3.378,-0.118,1781.69
robot,1790412317.51,3.378,-0.118,1781.68
robot,1790412318.01,3.378,-0.118,1781.67
robot,1790412318.51,3.378,-0.118,1781.66
robot,1790412319.01,3.378,-0.118,1781.65
robot,1790412319.51,3.378,-0.118,1781.64
robot,1790412320.01,3.378,-0.118,1781.63
robot,1790412320.51,3.378,-0.118,1781.65
robot,1790412321.01,3.378,-0.118,1781.65
robot,1790412321.51,3.378,-0.118,1781.64
robot,1790412322.01,3.378,-0.118,1781.63
robot,1790412322.51,3.378,-0.118,1781.61
robot,1790412323.01,3.378,-0.118,1781.59
robot,1790412323.51,3.378,-0.118,1781.59
robot,1790412324.01,3.378,-0.118,1781.58
robot,1790412324.51,3.378,-0.118,1781.57
robot,1790412325.01,3.378,-0.118,1781.58
robot,1790412325.51,3.378,-0.118,1781.56
robot,1790412326.01,3.378,-0.118,1781.56
robot,1790412326.51,3.378,-0.118,1781.55
robot,1790412327.01,3.378,-0.118,1781.54
robot,1790412327.51,3.378,-0.118,1781.53
robot,1790412328.01,3.378,-0.118,1781.50
robot,1790412328.51,3.378,-0.118,1781.50
robot,1790412329.01,3.378,-0.118,1781.50
camera,1790410828.65,0.000,0.000,0.00
camera,1790410829.05,0.001,-0.000,0.00
camera,1790410829.55,-0.000,0.000,0.01
camera,1790410830.08,0.001,0.000,0.02
camera,1790410830.61,0.002,0.000,0.03
camera,1790410831.11,0.001,0.000,0.01
camera,1790410831.61,0.000,0.000,-0.00
camera,1790410832.11,0.001,0.000,0.03
camera,1790410832.51,0.001,0.000,0.01
camera,1790410833.05,0.001,0.000,0.03
camera,1790410833.51,-0.000,0.000,0.03
camera,1790410834.05,-0.002,0.000,0.04
camera,1790410834.55,0.002,0.000,0.02
camera,1790410835.01,-0.000,0.000,0.03
camera,1790410835.55,0.001,0.000,0.02
camera,1790410836.01,0.002,0.000,0.02
camera,1790410836.55,-0.002,0.000,0.01
camera,1790410837.01,-0.000,0.000,0.01
camera,1790410837.55,0.001,0.000,0.01
camera,1790410838.01,0.002,0.000,-0.00
camera,1790410838.55,-0.001,0.000,0.03
camera,1790410839.11,0.000,0.000,0.02
camera,1790410839.51,0.001,0.000,-0.01
camera,1790410840.05,0.001,0.000,0.01
camera,1790410840.58,0.002,0.000,0.04
camera,1790410841.05,0.001,0.000,0.03
camera,1790410841.51,-0.000,0.000,0.04
camera,1790410842.08,0.001,0.000,-0.01
camera,1790410842.58,0.001,0.000,0.01
camera,1790410843.05,0.001,0.000,0.02
camera,1790410843.58,-0.001,0.000,-0.00
camera,1790410844.11,0.003,0.000,0.03
camera,1790410844.61,0.002,0.000,0.03
camera,1790410845.08,0.003,0.000,0.01
camera,1790410845.61,0.000,0.000,0.01
camera,1790410846.05,-0.002,0.000,-0.00
camera,1790410846.58,0.001,0.000,0.02
camera,1790410847.01,0.001,0.000,0.01
camera,1790410847.58,0.002,0.000,0.04
camera,1790410848.05,0.001,0.000,0.06
camera,1790410848.61,0.002,0.000,0.02
camera,1790410849.01,-0.001,0.000,0.02
camera,1790410849.58,0.000,0.000,0.03
camera,1790410850.11,-0.001,0.000,0.02
camera,1790410850.55,0.001,0.000,0.04
camera,1790410851.08,0.003,0.000,0.03
camera,1790410851.65,0.001,0.000,0.00
camera,1790410852.05,0.000,0.000,0.02
camera,1790410852.61,-0.001,0.000,0.01
camera,1790410853.01,0.002,0.000,0.00
camera,1790410853.55,0.002,0.000,0.01
camera,1790410854.11,0.003,0.000,0.02
camera,1790410854.51,0.001,0.000,0.03
camera,1790410855.08,0.002,0.000,-0.00
camera,1790410855.51,0.001,0.000,0.02
camera,1790410856.11,0.001,0.000,0.02
camera,1790410856.55,0.002,0.000,0.04
camera,1790410857.08,-0.004,0.000,0.03
camera,1790410857.51,0.000,0.000,-0.00
camera,1790410858.05,-0.000,0.000,-0.01
camera,1790410858.55,-0.001,0.000,0.03
camera,1790410859.08,0.000,0.000,0.00
camera,1790410859.51,-0.001,0.000,0.02
camera,1790410860.11,-0.005,0.000,0.04
camera,1790410860.55,0.002,0.000,0.02
camera,1790410861.11,-0.000,0.000,0.03
camera,1790410861.51,0.002,0.000,0.02
camera,1790410862.08,0.002,0.000,0.02
camera,1790410862.61,-0.001,0.000,0.01
camera,1790410863.11,0.001,0.000,-0.00
camera,1790410863.51,-0.000,0.000,0.05
camera,1790410864.05,-0.001,0.000,-0.00
camera,1790410864.58,-0.000,0.000,0.03
camera,1790410865.15,0.000,0.000,0.02
camera,1790410865.55,0.000,0.000,0.00
camera,1790410866.11,0.001,0.000,0.01
camera,1790410866.55,0.000,0.000,0.03
camera,1790410867.08,0.002,0.000,-0.01
camera,1790410867.51,-0.001,0.000,0.02
camera,1790410868.05,0.001,0.000,0.05
camera,1790410868.61,-0.002,0.000,-0.00
camera,1790410869.05,-0.000,0.000,0.00
camera,1790410869.58,0.000,0.000,0.01
camera,1790410870.01,0.002,0.000,0.02
camera,1790410870.55,0.001,0.000,0.02
camera,1790410871.11,-0.002,0.000,0.00
camera,1790410871.51,0.002,0.000,0.04
camera,1790410872.08,0.002,0.000,0.01
camera,1790410872.61,0.001,0.000,0.00
camera,1790410873.05,0.002,0.000,0.03
camera,1790410873.61,0.001,0.000,0.00
camera,1790410874.01,0.000,0.000,0.00
camera,1790410874.58,0.003,0.000,0.05
camera,1790410875.01,-0.000,0.000,0.00
camera,1790410875.58,-0.001,0.000,0.03
camera,1790410876.11,0.002,0.000,0.03
camera,1790410876.55,0.000,0.000,0.04
camera,1790410877.08,-0.000,0.000,0.02
camera,1790410877.65,0.001,0.000,0.02
camera,1790410878.05,-0.000,0.000,-0.01
camera,1790410878.61,-0.001,0.000,0.02
camera,1790410879.01,0.000,0.000,0.04
camera,1790410879.55,0.002,0.000,0.03
camera,1790410880.11,0.000,0.000,0.02
camera,1790410880.55,0.000,0.000,0.02
camera,1790410881.08,0.002,0.000,0.03
camera,1790410881.51,0.002,0.000,0.00
camera,1790410882.08,0.001,0.000,0.00
camera,1790410882.51,0.000,0.000,0.01
camera,1790410883.05,-0.001,0.000,0.02
camera,1790410883.61,-0.001,0.000,0.02
camera,1790410884.01,0.000,0.000,0.01
camera,1790410884.58,-0.001,0.000,0.01
camera,1790410885.11,0.134,0.000,0.01
camera,1790410885.55,0.246,0.000,0.03
camera,1790410886.08,0.397,0.001,0.15
camera,1790410886.51,0.527,0.001,0.14
camera,1790410887.05,0.671,0.002,0.23
camera,1790410887.61,0.819,0.003,0.33
camera,1790410888.01,0.920,0.003,0.34
camera,1790410888.58,1.067,0.004,0.38
camera,1790410889.11,1.203,0.005,0.41
camera,1790410889.58,1.322,0.006,0.43
camera,1790410890.08,1.460,0.007,0.47
camera,1790410890.61,1.596,0.008,0.55
camera,1790410891.01,1.700,0.009,0.59
camera,1790410891.65,1.861,0.011,0.61
camera,1790410892.05,1.963,0.012,0.64
camera,1790410892.58,2.101,0.014,0.72
camera,1790410893.05,2.198,0.013,0.76
camera,1790410893.51,2.291,0.015,0.86
camera,1790410894.05,2.439,0.017,0.87
camera,1790410894.51,2.521,0.018,0.84
camera,1790410895.11,2.664,0.021,0.87
camera,1790410895.51,2.751,0.022,0.92
camera,1790410896.08,2.887,0.024,1.02
camera,1790410896.55,2.989,0.026,1.01
camera,1790410897.01,3.093,0.028,1.01
camera,1790410897.55,3.219,0.030,1.10
camera,1790410898.08,3.294,0.032,1.18
camera,1790410898.51,3.384,0.034,1.16
camera,1790410899.05,3.482,0.036,1.19
camera,1790410899.58,3.598,0.038,1.25
camera,1790410900.05,3.693,0.040,1.29
camera,1790410900.51,3.786,0.042,1.28
camera,1790410901.05,3.906,0.045,1.30
camera,1790410901.55,4.008,0.048,1.34
camera,1790410902.01,4.107,0.050,1.42
camera,1790410902.55,4.223,0.053,1.40
camera,1790410903.01,4.316,0.055,1.48
camera,1790410903.51,4.425,0.058,1.50
camera,1790410904.05,4.536,0.061,1.57
camera,1790410904.51,4.638,0.064,1.64
camera,1790410905.05,4.758,0.068,1.61
camera,1790410905.51,4.861,0.071,1.65
camera,1790410906.05,4.976,0.074,1.66
camera,1790410906.55,5.085,0.077,1.64
camera,1790410907.01,5.189,0.080,1.71
camera,1790410907.51,5.296,0.084,1.82
camera,1790410908.05,5.411,0.088,1.88
camera,1790410908.51,5.516,0.091,1.91
camera,1790410909.05,5.631,0.095,2.02
camera,1790410909.51,5.739,0.099,2.01
camera,1790410910.05,5.857,0.103,2.05
camera,1790410910.55,5.969,0.107,2.11
camera,1790410911.01,6.074,0.111,2.18
camera,1790410911.55,6.196,0.116,2.14
camera,1790410912.01,6.290,0.119,2.12
camera,1790410912.51,6.400,0.124,2.25
camera,1790410913.05,6.515,0.129,2.24
camera,1790410913.51,6.607,0.130,2.14
camera,1790410914.05,6.731,0.135,2.29
camera,1790410914.51,6.829,0.139,2.32
camera,1790410915.05,6.943,0.144,2.34
camera,1790410915.51,7.047,0.148,2.38
camera,1790410916.01,7.152,0.153,2.40
camera,1790410916.55,7.264,0.157,2.43
camera,1790410917.01,7.363,0.162,2.45
camera,1790410917.51,7.483,0.166,2.45
camera,1790410918.11,7.617,0.172,2.40
camera,1790410918.58,7.722,0.177,2.41
camera,1790410919.05,7.813,0.180,2.42
camera,1790410919.55,7.927,0.185,2.53
camera,1790410920.01,8.023,0.190,2.39
camera,1790410920.61,8.160,0.196,2.59
camera,1790410921.01,8.251,0.200,2.53
camera,1790410921.51,8.362,0.205,2.47
camera,1790410922.05,8.474,0.209,2.02
camera,1790410922.51,8.579,0.213,2.04
camera,1790410923.05,8.702,0.218,1.92
camera,1790410923.55,8.814,0.222,2.27
camera,1790410924.01,8.919,0.229,2.31
camera,1790410924.55,9.047,0.234,2.35
camera,1790410925.01,9.148,0.238,2.34
camera,1790410925.51,9.261,0.243,2.36
camera,1790410926.05,9.386,0.248,2.25
camera,1790410926.55,9.503,0.253,2.57
camera,1790410927.01,9.606,0.258,2.91
camera,1790410927.55,9.732,0.263,2.73
camera,1790410928.05,9.845,0.268,2.65
camera,1790410928.51,9.944,0.273,3.18
camera,1790410929.01,10.060,0.278,2.55
camera,1790410929.55,10.184,0.284,2.50
camera,1790410930.01,10.286,0.288,2.99
camera,1790410930.55,10.407,0.295,3.01
camera,1790410931.05,10.521,0.300,2.84
camera,1790410931.51,10.594,0.303,2.90
camera,1790410932.05,10.593,0.303,2.82
camera,1790410932.51,10.595,0.303,2.74
camera,1790410933.01,10.594,0.302,2.87
camera,1790410933.55,10.595,0.303,2.87
camera,1790410934.01,10.595,0.302,2.79
camera,1790410934.51,10.593,0.302,2.76
camera,1790410935.05,10.593,0.302,2.66
camera,1790410935.51,10.593,0.302,2.36
camera,1790410936.05,10.593,0.302,3.19
camera,1790410936.55,10.594,0.302,2.85
camera,1790410937.01,10.593,0.301,2.84
camera,1790410937.58,10.654,0.304,2.81
camera,1790410938.01,10.718,0.308,3.22
camera,1790410938.51,10.798,0.310,2.68
camera,1790410939.05,10.886,0.316,3.42
camera,1790410939.51,10.906,0.317,3.13
camera,1790410940.05,10.904,0.316,3.26
camera,1790410940.55,10.904,0.317,3.20
camera,1790410941.01,10.906,0.317,2.97
camera,1790410941.55,10.906,0.317,4.58
camera,1790410942.01,10.933,0.328,14.27
camera,1790410942.55,10.957,0.342,25.44
camera,1790410943.01,10.994,0.372,34.98
camera,1790410943.55,11.010,0.376,51.43
camera,1790410949.45,11.435,0.314,128.13
camera,1790410949.51,11.455,0.301,130.66
camera,1790410950.65,11.330,0.409,150.35
camera,1790410951.08,11.329,0.410,150.35
camera,1790410951.55,11.335,0.407,150.33
camera,1790410952.01,11.322,0.414,150.37
camera,1790410952.55,11.329,0.410,151.52
camera,1790410953.01,11.334,0.408,161.49
camera,1790410953.55,11.340,0.407,175.48
camera,1790410954.01,11.339,0.407,177.46
camera,1790410954.55,11.338,0.407,177.45
camera,1790410955.01,11.340,0.407,177.45
camera,1790410955.55,11.338,0.407,177.42
camera,1790410956.05,11.341,0.407,177.43
camera,1790410956.51,11.340,0.407,177.43
camera,1790410957.05,11.339,0.407,177.43
camera,1790410957.51,11.337,0.407,177.45
camera,1790410958.05,11.340,0.407,177.45
camera,1790410958.55,11.342,0.407,177.45
camera,1790410959.01,11.299,0.409,177.58
camera,1790410959.55,11.187,0.413,177.68
camera,1790410960.01,11.073,0.418,177.80
camera,1790410960.51,10.963,0.422,177.89
camera,1790410961.11,10.822,0.426,178.01
camera,1790410961.51,10.721,0.429,178.14
camera,1790410962.05,10.608,0.432,178.17
camera,1790410962.55,10.467,0.436,178.28
camera,1790410963.01,10.363,0.439,178.30
camera,1790410963.55,10.236,0.442,178.32
camera,1790410964.01,10.121,0.445,178.42
camera,1790410964.58,9.991,0.449,178.45
camera,1790410965.05,9.879,0.451,178.60
camera,1790410965.51,9.761,0.454,178.64
camera,1790410966.01,9.631,0.457,178.69
camera,1790410966.55,9.503,0.460,178.79
camera,1790410967.01,9.387,0.462,178.78
camera,1790410967.51,9.268,0.465,178.78
camera,1790410968.05,9.133,0.467,178.88
camera,1790410968.51,9.034,0.469,178.93
camera,1790410969.01,8.897,0.472,179.00
camera,1790410969.55,8.771,0.474,179.09
camera,1790410970.05,8.657,0.475,179.18
camera,1790410970.55,8.538,0.477,179.21
camera,1790410971.01,8.437,0.478,179.29
camera,1790410971.58,8.296,0.480,179.32
camera,1790410972.05,8.191,0.481,179.42
camera,1790410972.51,8.070,0.482,179.41
camera,1790410973.05,7.956,0.482,179.42
camera,1790410973.51,7.840,0.483,179.51
camera,1790410974.05,7.718,0.484,179.60
camera,1790410974.51,7.612,0.485,179.73
camera,1790410975.01,7.480,0.485,179.73
camera,1790410975.55,7.357,0.486,179.73
camera,1790410976.01,7.243,0.486,179.86
camera,1790410976.51,7.122,0.486,179.89
camera,1790410977.11,6.981,0.486,179.95
camera,1790410977.55,6.881,0.486,179.99
camera,1790410978.01,6.764,0.486,180.05
camera,1790410978.55,6.638,0.486,180.10
camera,1790410979.05,6.514,0.485,180.14
camera,1790410979.58,6.381,0.485,180.17
camera,1790410980.05,6.266,0.484,180.28
camera,1790410980.51,6.153,0.483,180.29
camera,1790410981.01,6.029,0.483,180.34
camera,1790410981.55,5.900,0.482,180.42
camera,1790410982.01,5.789,0.481,180.49
camera,1790410982.55,5.658,0.479,180.48
camera,1790410983.05,5.541,0.478,180.59
camera,1790410983.51,5.424,0.477,180.59
camera,1790410984.01,5.305,0.476,180.62
camera,1790410984.55,5.167,0.474,180.75
camera,1790410985.01,5.056,0.472,180.71
camera,1790410985.55,4.934,0.471,180.71
camera,1790410986.05,4.802,0.469,180.80
camera,1790410986.55,4.679,0.467,180.83
camera,1790410987.01,4.566,0.465,180.93
camera,1790410987.55,4.431,0.463,180.92
camera,1790410988.01,4.300,0.460,181.00
camera,1790410988.51,4.174,0.458,181.09
camera,1790410989.05,4.033,0.455,181.09
camera,1790410989.51,3.919,0.453,181.07
camera,1790410990.05,3.783,0.450,181.20
camera,1790410990.55,3.660,0.448,181.23
camera,1790410991.05,3.541,0.445,181.25
camera,1790410991.51,3.423,0.442,181.39
camera,1790410992.01,3.299,0.439,181.39
camera,1790410992.55,3.165,0.436,181.38
camera,1790410993.05,3.049,0.433,181.46
camera,1790410993.51,2.927,0.429,181.52
camera,1790410994.01,2.803,0.426,181.52
camera,1790410994.55,2.674,0.423,181.58
camera,1790410995.05,2.542,0.419,181.67
camera,1790410995.51,2.437,0.415,181.70
camera,1790410996.08,2.292,0.411,181.77
camera,1790410996.51,2.185,0.407,181.83
camera,1790410997.01,2.060,0.403,181.86
camera,1790410997.55,1.926,0.398,182.00
camera,1790410998.05,1.865,0.396,181.98
camera,1790410998.51,1.867,0.396,181.99
camera,1790410999.01,1.835,0.395,182.02
camera,1790410999.51,1.765,0.393,182.01
camera,1790411000.05,1.660,0.389,182.05
camera,1790411000.55,1.556,0.385,182.11
camera,1790411001.01,1.462,0.381,182.16
camera,1790411001.55,1.351,0.377,182.25
camera,1790411002.01,1.258,0.373,182.25
camera,1790411002.51,1.156,0.369,182.28
camera,1790411003.08,1.034,0.364,182.27
camera,1790411003.55,0.938,0.360,182.42
camera,1790411004.01,0.837,0.356,182.41
camera,1790411004.55,0.746,0.352,182.33
camera,1790411005.05,0.740,0.352,182.39
camera,1790411005.51,0.744,0.352,182.37
camera,1790411006.05,0.741,0.352,182.37
camera,1790411006.51,0.743,0.352,182.37
camera,1790411007.01,0.747,0.352,185.20
camera,1790411007.51,0.731,0.348,192.32
camera,1790411008.01,0.716,0.342,199.41
camera,1790411008.55,0.708,0.337,207.08
camera,1790411009.05,0.691,0.324,214.22
camera,1790411009.51,0.672,0.307,220.89
camera,1790411010.05,0.659,0.290,228.46
camera,1790411010.51,0.648,0.273,234.92
camera,1790411011.05,0.637,0.251,242.37
camera,1790411011.51,0.632,0.230,248.89
camera,1790411012.01,0.628,0.211,255.78
camera,1790411015.35,0.625,0.188,261.08
camera,1790411015.61,0.620,0.154,261.37
camera,1790411016.05,0.623,0.174,261.22
camera,1790411016.51,0.623,0.168,261.23
camera,1790411017.01,0.623,0.169,261.24
camera,1790411017.51,0.624,0.176,261.20
camera,1790411018.01,0.625,0.180,261.20
camera,1790411018.55,0.624,0.175,261.21
camera,1790411019.01,0.625,0.182,261.19
camera,1790411019.55,0.625,0.183,261.23
camera,1790411020.01,0.624,0.177,261.21
camera,1790411020.55,0.626,0.186,261.14
camera,1790411021.01,0.625,0.179,261.17
camera,1790411021.55,0.625,0.181,261.23
camera,1790411022.01,0.624,0.177,261.22
camera,1790411022.55,0.625,0.179,261.22
camera,1790411023.05,0.617,0.130,261.37
camera,1790411023.51,0.601,0.024,261.41
camera,1790411024.05,0.584,-0.097,261.58
camera,1790411024.51,0.567,-0.208,261.68
camera,1790411025.05,0.551,-0.321,261.91
camera,1790411025.55,0.532,-0.455,261.97
camera,1790411026.08,0.511,-0.601,262.04
camera,1790411026.51,0.496,-0.714,262.04
camera,1790411027.01,0.478,-0.842,262.06
camera,1790411027.55,0.460,-0.974,262.22
camera,1790411028.01,0.445,-1.091,262.32
camera,1790411028.55,0.427,-1.223,262.35
camera,1790411029.01,0.419,-1.297,262.66
camera,1790411029.55,0.402,-1.427,262.63
camera,1790411030.01,0.401,-1.438,262.63
camera,1790411030.58,0.401,-1.438,262.65
camera,1790411031.05,0.401,-1.439,263.16
camera,1790411031.51,0.401,-1.452,267.05
camera,1790411032.05,0.400,-1.462,266.68
camera,1790411032.51,0.397,-1.552,266.99
camera,1790411033.08,0.389,-1.712,267.14
camera,1790411033.51,0.381,-1.861,267.15
camera,1790411034.08,0.373,-2.024,267.24
camera,1790411034.51,0.366,-2.182,267.31
camera,1790411035.05,0.358,-2.348,267.45
camera,1790411035.55,0.351,-2.512,267.52
camera,1790411036.01,0.346,-2.654,267.65
camera,1790411036.55,0.339,-2.816,267.73
camera,1790411037.01,0.334,-2.953,267.74
camera,1790411037.55,0.328,-3.113,267.86
camera,1790411038.01,0.323,-3.246,268.00
camera,1790411038.55,0.318,-3.383,268.05
camera,1790411039.01,0.313,-3.522,268.14
camera,1790411039.51,0.309,-3.653,268.14
camera,1790411040.01,0.305,-3.799,268.26
camera,1790411040.51,0.300,-3.955,268.33
camera,1790411041.05,0.296,-4.109,268.33
camera,1790411041.51,0.293,-4.238,268.47
camera,1790411042.05,0.289,-4.398,268.63
camera,1790411042.51,0.286,-4.541,268.69
camera,1790411043.05,0.282,-4.696,268.69
camera,1790411043.55,0.279,-4.838,268.85
camera,1790411044.05,0.277,-4.984,268.95
camera,1790411044.55,0.275,-5.126,269.16
camera,1790411045.08,0.273,-5.287,269.24
camera,1790411045.55,0.271,-5.424,269.39
camera,1790411046.01,0.270,-5.558,269.40
camera,1790411046.55,0.269,-5.705,269.51
camera,1790411047.01,0.268,-5.852,269.54
camera,1790411047.51,0.267,-5.987,269.59
camera,1790411048.01,0.266,-6.136,269.64
camera,1790411048.51,0.265,-6.281,269.76
camera,1790411049.01,0.265,-6.429,269.94
camera,1790411049.51,0.264,-6.578,269.79
camera,1790411050.05,0.264,-6.735,269.89
camera,1790411050.51,0.265,-6.866,270.01
camera,1790411051.05,0.265,-7.029,270.12
camera,1790411051.51,0.265,-7.162,270.10
camera,1790411052.05,0.266,-7.319,270.27
camera,1790411052.55,0.266,-7.474,270.30
camera,1790411053.05,0.267,-7.623,270.23
camera,1790411053.55,0.268,-7.775,270.31
camera,1790411054.08,0.269,-7.931,270.37
camera,1790411054.55,0.270,-8.063,270.43
camera,1790411055.01,0.271,-8.202,270.43
camera,1790411055.58,0.273,-8.377,270.60
camera,1790411056.01,0.274,-8.509,270.53
camera,1790411056.58,0.277,-8.682,270.73
camera,1790411057.01,0.279,-8.819,270.79
camera,1790411057.51,0.281,-8.964,270.86
camera,1790411058.05,0.284,-9.119,270.94
camera,1790411058.51,0.286,-9.258,270.92
camera,1790411059.05,0.289,-9.417,271.07
camera,1790411059.51,0.292,-9.558,271.08
camera,1790411060.05,0.295,-9.715,271.07
camera,1790411060.51,0.298,-9.848,271.10
camera,1790411061.05,0.301,-10.012,271.22
camera,1790411061.51,0.305,-10.150,271.27
camera,1790411062.08,0.309,-10.317,271.39
camera,1790411062.55,0.312,-10.455,271.39
camera,1790411063.01,0.315,-10.595,271.43
camera,1790411063.55,0.319,-10.749,271.43
camera,1790411064.01,0.323,-10.891,271.50
camera,1790411064.55,0.328,-11.048,271.59
camera,1790411065.05,0.332,-11.193,271.50
camera,1790411065.51,0.336,-11.336,271.66
camera,1790411066.05,0.341,-11.494,271.68
camera,1790411066.51,0.345,-11.624,271.74
camera,1790411067.05,0.350,-11.792,271.83
camera,1790411067.51,0.355,-11.930,271.95
camera,1790411068.01,0.361,-12.078,271.99
camera,1790411068.55,0.366,-12.234,271.97
camera,1790411069.01,0.372,-12.369,272.16
camera,1790411069.55,0.377,-12.522,272.11
camera,1790411070.01,0.382,-12.657,272.08
camera,1790411070.55,0.389,-12.815,272.19
camera,1790411071.01,0.395,-12.960,272.26
camera,1790411071.55,0.402,-13.121,272.39
camera,1790411072.01,0.408,-13.250,272.50
camera,1790411072.55,0.413,-13.397,272.15
camera,1790411073.05,0.417,-13.525,271.81
camera,1790411073.51,0.421,-13.668,271.77
camera,1790411074.05,0.423,-13.800,270.88
camera,1790411074.51,0.428,-13.908,271.30
camera,1790411075.05,0.426,-14.047,270.07
camera,1790411075.51,0.424,-14.102,269.49
camera,1790411077.38,0.421,-14.198,266.17
camera,1790411077.58,0.421,-14.193,266.42
camera,1790411078.05,0.421,-14.191,266.45
camera,1790411078.51,0.430,-14.270,269.03
camera,1790411079.08,0.437,-14.247,268.07
camera,1790411079.51,0.440,-14.235,267.80
camera,1790411080.01,0.440,-14.237,267.59
camera,1790411080.55,0.446,-14.227,267.56
camera,1790411081.01,0.447,-14.221,267.21
camera,1790411081.55,0.450,-14.213,266.55
camera,1790411082.01,0.441,-14.184,273.77
camera,1790411082.55,0.462,-14.206,293.12
camera,1790411083.01,0.455,-14.194,307.65
camera,1790411083.51,0.468,-14.201,324.96
camera,1790411084.05,0.521,-14.212,341.10
camera,1790411084.51,0.524,-14.214,340.79
camera,1790411085.05,0.528,-14.215,340.75
camera,1790411085.55,0.524,-14.214,340.75
camera,1790411086.05,0.525,-14.214,340.75
camera,1790411086.55,0.534,-14.214,347.61
camera,1790411087.05,0.603,-14.196,367.74
camera,1790411087.55,0.667,-14.155,387.99
camera,1790411088.01,0.723,-14.016,404.20
camera,1790411101.10,0.724,-14.015,424.08
camera,1790411101.53,0.727,-14.009,424.04
camera,1790411102.06,0.726,-14.011,424.04
camera,1790411102.66,0.725,-14.012,424.03
camera,1790411103.26,0.725,-14.012,424.01
camera,1790411103.60,0.726,-14.010,424.05
camera,1790411104.13,0.725,-14.012,423.99
camera,1790411104.70,0.725,-14.012,424.02
camera,1790411105.06,0.726,-14.010,424.03
camera,1790411105.63,0.725,-14.012,424.00
camera,1790411106.06,0.726,-14.011,424.04
camera,1790411106.63,0.725,-14.012,424.04
camera,1790411107.06,0.725,-14.013,424.02
camera,1790411107.53,0.726,-14.010,424.02
camera,1790411108.06,0.725,-14.013,424.02
camera,1790411108.56,0.725,-14.012,424.02
camera,1790411109.03,0.726,-14.010,424.04
camera,1790411109.56,0.726,-14.011,424.03
camera,1790411110.03,0.724,-14.014,424.02
camera,1790411110.56,0.726,-14.010,424.04
camera,1790411111.06,0.725,-14.012,424.02
camera,1790411111.53,0.726,-14.011,424.02
camera,1790411112.06,0.725,-14.012,424.02
camera,1790411112.53,0.725,-14.012,424.02
camera,1790411113.06,0.725,-14.012,424.00
camera,1790411113.56,0.725,-14.011,424.06
camera,1790411114.03,0.725,-14.011,424.01
camera,1790411114.60,0.726,-14.010,424.02
camera,1790411115.06,0.727,-14.009,424.01
camera,1790411115.53,0.726,-14.010,424.03
camera,1790411116.03,0.726,-14.010,424.04
camera,1790411116.56,0.726,-14.010,424.03
camera,1790411117.03,0.726,-14.011,418.78
camera,1790411117.56,0.730,-14.007,407.71
camera,1790411118.03,0.728,-14.009,408.13
camera,1790411118.56,0.727,-14.010,408.05
camera,1790411119.06,0.728,-14.009,408.09
camera,1790411119.53,0.725,-14.012,408.01
camera,1790411120.06,0.725,-14.012,408.00
camera,1790411120.53,0.725,-14.011,403.78
camera,1790411121.10,0.739,-14.004,394.03
camera,1790411121.56,0.737,-14.005,394.05
camera,1790411122.03,0.738,-14.004,394.04
camera,1790411122.53,0.737,-14.005,394.05
camera,1790411123.06,0.738,-14.004,393.84
camera,1790411123.56,0.749,-14.001,380.89
camera,1790411124.03,0.764,-14.000,371.89
camera,1790411124.53,0.762,-14.001,371.95
camera,1790411125.10,0.760,-14.001,371.96
camera,1790411125.56,0.765,-14.000,371.94
camera,1790411126.06,0.761,-14.001,371.97
camera,1790411126.56,0.761,-14.001,371.97
camera,1790411127.03,0.762,-14.001,371.96
camera,1790411127.53,0.762,-14.001,371.14
camera,1790411128.06,0.778,-14.002,364.78
camera,1790411128.56,0.778,-14.002,364.85
camera,1790411129.06,0.781,-14.001,364.86
camera,1790411129.56,0.778,-14.002,364.87
camera,1790411130.03,0.778,-14.002,364.88
camera,1790411130.53,0.777,-14.002,364.89
camera,1790411131.06,0.775,-14.002,363.97
camera,1790411131.56,0.799,-14.007,353.94
camera,1790411132.03,0.803,-14.008,350.97
camera,1790411132.53,0.804,-14.008,350.96
camera,1790411133.06,0.806,-14.008,350.97
camera,1790411133.56,0.805,-14.008,350.99
camera,1790411134.03,0.809,-14.009,350.97
camera,1790411134.53,0.808,-14.009,350.98
camera,1790411135.06,0.815,-14.011,343.51
camera,1790411135.56,0.822,-14.015,342.66
camera,1790411136.06,0.822,-14.015,342.70
camera,1790411136.53,0.830,-14.017,342.65
camera,1790411137.03,0.826,-14.016,342.70
camera,1790411137.53,0.824,-14.015,342.68
camera,1790411138.03,0.824,-14.015,342.69
camera,1790411138.56,0.824,-14.015,342.68
camera,1790411139.06,0.822,-14.015,342.68
camera,1790411139.53,0.824,-14.015,342.70
camera,1790411140.03,0.866,-14.028,342.61
camera,1790411140.56,0.966,-14.060,342.60
camera,1790411141.06,1.068,-14.092,342.58
camera,1790411143.03,1.515,-14.232,342.64
camera,1790411143.53,1.523,-14.235,342.53
camera,1790411144.10,1.522,-14.234,342.49
camera,1790411144.60,1.522,-14.234,342.52
camera,1790411145.06,1.523,-14.235,342.54
camera,1790411145.56,1.523,-14.235,342.52
camera,1790411146.06,1.524,-14.235,342.53
camera,1790411146.56,1.522,-14.234,342.55
camera,1790411147.03,1.525,-14.235,342.55
camera,1790411147.53,1.522,-14.234,342.55
camera,1790411148.03,1.524,-14.235,342.52
camera,1790411148.53,1.629,-14.268,342.60
camera,1790411149.03,1.770,-14.311,342.72
camera,1790411149.56,1.914,-14.355,342.85
camera,1790411150.06,2.048,-14.397,342.90
camera,1790411150.53,2.081,-14.407,342.87
camera,1790411151.03,2.082,-14.407,342.90
camera,1790411151.53,2.082,-14.407,342.87
camera,1790411152.03,2.086,-14.409,342.92
camera,1790411152.53,2.083,-14.408,342.91
camera,1790411153.03,2.083,-14.407,342.90
camera,1790411153.53,2.083,-14.407,342.89
camera,1790411154.03,2.084,-14.408,342.92
camera,1790411154.56,2.083,-14.407,342.89
camera,1790411155.06,2.082,-14.407,342.89
camera,1790411155.56,2.083,-14.407,342.89
camera,1790411156.03,2.084,-14.408,342.92
camera,1790411156.53,2.071,-14.405,345.36
camera,1790411157.10,2.048,-14.406,357.22
camera,1790411157.56,2.049,-14.406,357.10
camera,1790411158.03,2.049,-14.406,357.09
camera,1790411158.53,2.050,-14.406,357.09
camera,1790411159.03,2.048,-14.406,357.10
camera,1790411159.53,2.047,-14.406,357.08
camera,1790411160.06,2.047,-14.406,357.06
camera,1790411160.56,2.088,-14.408,357.20
camera,1790411161.06,2.265,-14.416,357.38
camera,1790411161.53,2.440,-14.423,357.52
camera,1790411162.03,2.624,-14.431,357.68
camera,1790411162.53,2.818,-14.438,357.72
camera,1790411163.03,3.010,-14.445,357.87
camera,1790411163.56,3.214,-14.452,357.94
camera,1790411164.06,3.400,-14.458,358.05
camera,1790411164.56,3.587,-14.464,358.08
camera,1790411165.03,3.768,-14.470,358.19
camera,1790411165.53,3.955,-14.475,358.27
camera,1790411166.06,4.159,-14.481,358.40
camera,1790411166.53,4.340,-14.485,358.46
camera,1790411167.06,4.469,-14.489,358.46
camera,1790411167.56,4.468,-14.489,358.55
camera,1790411168.03,4.468,-14.489,358.54
camera,1790411168.60,4.469,-14.489,358.49
camera,1790411169.06,4.465,-14.489,358.48
camera,1790411169.53,4.467,-14.489,358.48
camera,1790411170.03,4.465,-14.489,358.46
camera,1790411170.56,4.466,-14.489,358.50
camera,1790411171.06,4.466,-14.489,358.50
camera,1790411173.93,5.108,-14.505,359.03
camera,1790411174.16,5.192,-14.506,359.13
camera,1790411174.53,5.322,-14.508,359.16
camera,1790411175.03,5.509,-14.510,359.26
camera,1790411175.53,5.694,-14.512,359.33
camera,1790411176.06,5.892,-14.514,359.50
camera,1790411176.53,6.066,-14.515,359.62
camera,1790411177.03,6.153,-14.515,359.62
camera,1790411177.56,6.154,-14.515,359.68
camera,1790411178.03,6.156,-14.515,359.66
camera,1790411178.53,6.155,-14.515,359.65
camera,1790411179.03,6.156,-14.515,359.67
camera,1790411179.56,6.154,-14.515,359.65
camera,1790411180.03,6.157,-14.515,359.64
camera,1790411180.56,6.155,-14.515,359.63
camera,1790411181.06,6.157,-14.515,359.69
camera,1790411181.53,6.155,-14.515,359.65
camera,1790411182.06,6.156,-14.515,359.65
camera,1790411182.56,6.156,-14.515,359.64
camera,1790411183.03,6.157,-14.515,359.65
camera,1790411183.56,6.154,-14.515,359.64
camera,1790411184.06,6.157,-14.515,359.64
camera,1790411184.53,6.156,-14.515,359.66
camera,1790411185.10,6.154,-14.515,359.64
camera,1790411185.56,6.158,-14.515,359.63
camera,1790411186.03,6.156,-14.515,359.66
camera,1790411186.56,6.156,-14.515,359.64
camera,1790411187.03,6.154,-14.515,359.68
camera,1790411187.53,6.155,-14.515,359.62
camera,1790411188.06,6.154,-14.515,359.62
camera,1790411188.53,6.155,-14.515,359.62
camera,1790411189.03,6.157,-14.515,359.65
camera,1790411189.56,6.155,-14.515,359.68
camera,1790411190.03,6.153,-14.515,359.60
camera,1790411190.53,6.156,-14.515,359.69
camera,1790411191.06,6.157,-14.515,359.66
camera,1790411191.53,6.156,-14.515,359.65
camera,1790411192.03,6.154,-14.515,359.61
camera,1790411192.56,6.156,-14.515,359.64
camera,1790411193.06,6.157,-14.515,359.59
camera,1790411193.53,6.001,-14.516,359.97
camera,1790411194.03,5.811,-14.520,360.93
camera,1790411194.56,5.608,-14.529,362.21
camera,1790411195.06,5.419,-14.542,363.33
camera,1790411195.53,5.244,-14.556,364.17
camera,1790411196.03,5.051,-14.574,365.04
camera,1790411196.53,4.889,-14.591,365.53
camera,1790411197.10,4.894,-14.591,365.51
camera,1790411197.56,4.893,-14.591,365.56
camera,1790411198.03,4.895,-14.591,365.51
camera,1790411198.53,4.892,-14.591,365.52
camera,1790411199.06,4.894,-14.591,365.49
camera,1790411199.56,4.893,-14.591,365.51
camera,1790411200.06,4.892,-14.591,365.50
camera,1790411200.53,4.894,-14.591,365.52
camera,1790411201.03,4.893,-14.591,365.50
camera,1790411201.56,4.891,-14.591,365.51
camera,1790411202.06,4.891,-14.591,365.45
camera,1790411202.53,4.891,-14.591,365.52
camera,1790411203.03,4.889,-14.591,365.51
camera,1790411203.56,4.892,-14.591,365.49
camera,1790411204.10,4.893,-14.591,365.51
camera,1790411204.56,4.894,-14.591,365.52
camera,1790411205.06,4.892,-14.591,365.50
camera,1790411205.56,4.891,-14.591,365.55
camera,1790411206.03,4.890,-14.591,365.53
camera,1790411206.53,4.888,-14.592,365.51
camera,1790411207.06,4.893,-14.591,365.50
camera,1790411207.56,4.890,-14.591,365.48
camera,1790411208.06,4.892,-14.591,365.48
camera,1790411208.53,4.894,-14.591,365.49
camera,1790411209.03,4.891,-14.591,365.52
camera,1790411209.56,4.890,-14.591,365.49
camera,1790411210.06,4.889,-14.592,365.57
camera,1790411210.56,4.735,-14.615,367.49
camera,1790411211.03,4.558,-14.652,370.34
camera,1790411211.53,4.371,-14.700,373.30
camera,1790411212.10,4.169,-14.765,376.69
camera,1790411212.56,4.009,-14.826,379.48
camera,1790411213.06,3.837,-14.902,382.43
camera,1790411213.56,3.693,-14.973,384.70
camera,1790411214.03,3.694,-14.972,384.62
camera,1790411214.56,3.696,-14.971,384.61
camera,1790411215.03,3.698,-14.970,384.59
camera,1790411215.53,3.696,-14.971,384.59
camera,1790411216.03,3.704,-14.969,376.73
camera,1790411216.56,3.707,-14.969,371.21
camera,1790411217.06,3.704,-14.970,371.20
camera,1790411217.53,3.710,-14.968,371.19
camera,1790411218.06,3.708,-14.969,371.22
camera,1790411218.53,3.706,-14.969,371.20
camera,1790411219.03,3.706,-14.969,371.24
camera,1790411219.53,3.706,-14.969,371.21
camera,1790411220.06,3.710,-14.969,367.54
camera,1790411220.56,3.709,-14.970,359.21
camera,1790411221.03,3.710,-14.970,359.23
camera,1790411221.53,3.709,-14.970,359.22
camera,1790411222.03,3.711,-14.970,359.27
camera,1790411222.60,3.713,-14.970,359.23
camera,1790411223.06,3.713,-14.970,359.27
camera,1790411223.53,3.704,-14.972,362.82
camera,1790411224.03,3.720,-14.970,365.39
camera,1790411224.53,3.769,-14.963,367.44
camera,1790411225.06,3.909,-14.940,368.65
camera,1790411225.56,4.039,-14.920,368.82
camera,1790411226.06,4.082,-14.913,368.80
camera,1790411226.53,4.083,-14.913,368.83
camera,1790411227.03,4.080,-14.913,368.81
camera,1790411227.53,4.081,-14.914,371.81
camera,1790411228.10,4.086,-14.909,385.20
camera,1790411228.56,4.086,-14.909,385.21
camera,1790411229.06,4.086,-14.909,385.17
camera,1790411229.56,4.086,-14.909,385.21
camera,1790411230.03,4.087,-14.909,385.18
camera,1790411230.53,4.086,-14.909,385.17
camera,1790411231.03,4.086,-14.909,385.16
camera,1790411231.56,4.087,-14.909,385.17
camera,1790411232.06,4.087,-14.909,385.14
camera,1790411232.56,4.085,-14.909,385.16
camera,1790411233.03,4.085,-14.910,391.66
camera,1790411233.56,4.088,-14.903,408.83
camera,1790411234.06,4.088,-14.904,408.56
camera,1790411234.56,4.086,-14.906,408.69
camera,1790411235.03,4.088,-14.904,408.66
camera,1790411235.53,4.086,-14.906,408.58
camera,1790411236.03,4.089,-14.903,408.61
camera,1790411236.56,4.088,-14.904,408.68
camera,1790411237.03,4.089,-14.904,408.99
camera,1790411237.60,4.088,-14.875,436.01
camera,1790411238.06,4.099,-14.849,434.90
camera,1790411238.53,4.099,-14.859,436.34
camera,1790411239.60,4.100,-14.860,436.58
camera,1790411240.03,4.099,-14.863,436.70
camera,1790411240.56,4.100,-14.861,436.78
camera,1790411241.06,4.107,-14.856,440.04
camera,1790411242.80,3.342,-15.634,469.62
camera,1790411243.06,3.340,-15.634,469.50
camera,1790411243.53,3.333,-15.629,469.75
camera,1790411244.03,3.324,-15.657,485.86
camera,1790411244.53,3.313,-15.649,490.70
camera,1790411245.03,3.321,-15.659,490.53
camera,1790411245.56,3.321,-15.661,490.54
camera,1790411246.03,3.315,-15.654,490.52
camera,1790411246.56,3.316,-15.656,490.63
camera,1790411247.06,3.320,-15.661,490.54
camera,1790411247.56,3.321,-15.663,490.53
camera,1790411248.06,3.318,-15.661,490.59
camera,1790411248.53,3.320,-15.663,490.59
camera,1790411249.06,3.336,-15.675,498.05
camera,1790411249.53,3.327,-15.666,498.06
camera,1790411250.03,3.329,-15.668,498.02
camera,1790411250.53,3.326,-15.665,498.01
camera,1790411251.03,3.334,-15.671,506.41
camera,1790411251.56,3.328,-15.668,507.18
camera,1790411252.03,3.327,-15.667,507.19
camera,1790411252.53,3.331,-15.670,507.17
camera,1790411253.06,3.332,-15.671,507.13
camera,1790411253.53,3.326,-15.667,507.17
camera,1790411254.03,3.328,-15.669,507.14
camera,1790411254.56,3.333,-15.672,507.16
camera,1790411255.03,3.329,-15.669,507.17
camera,1790411255.53,3.327,-15.668,507.14
camera,1790411256.06,3.327,-15.668,508.04
camera,1790411256.53,3.316,-15.665,515.28
camera,1790411257.06,3.316,-15.665,515.25
camera,1790411257.56,3.322,-15.668,515.25
camera,1790411258.03,3.323,-15.668,515.24
camera,1790411258.53,3.317,-15.666,515.28
camera,1790411259.03,3.317,-15.666,515.26
camera,1790411259.56,3.319,-15.667,515.25
camera,1790411260.03,3.315,-15.665,515.27
camera,1790411260.53,3.319,-15.667,515.24
camera,1790411261.06,3.325,-15.670,515.21
camera,1790411261.53,3.320,-15.668,515.24
camera,1790411262.03,3.316,-15.666,515.25
camera,1790411262.56,3.217,-15.622,515.59
camera,1790411263.06,3.044,-15.544,515.72
camera,1790411263.56,2.878,-15.471,515.94
camera,1790411264.03,2.716,-15.400,516.14
camera,1790411264.56,2.541,-15.323,516.22
camera,1790411265.06,2.378,-15.252,516.33
camera,1790411265.53,2.222,-15.185,516.52
camera,1790411266.06,2.038,-15.105,516.67
camera,1790411266.53,2.013,-15.094,516.59
camera,1790411267.03,2.013,-15.094,516.56
camera,1790411267.56,1.999,-15.089,519.93
camera,1790411268.03,1.995,-15.087,519.82
camera,1790411268.53,2.003,-15.090,519.86
camera,1790411269.06,2.003,-15.090,519.83
camera,1790411270.63,2.163,-15.149,519.82
camera,1790411271.03,2.164,-15.150,519.82
camera,1790411271.56,2.161,-15.149,519.85
camera,1790411272.06,2.179,-15.155,519.82
camera,1790411272.53,2.246,-15.180,519.92
camera,1790411273.03,2.248,-15.181,519.93
camera,1790411273.56,2.245,-15.180,519.90
camera,1790411274.03,2.248,-15.181,519.89
camera,1790411274.56,2.239,-15.178,519.92
camera,1790411275.06,2.244,-15.179,519.91
camera,1790411275.53,2.245,-15.180,519.87
camera,1790411276.10,2.247,-15.181,519.89
camera,1790411276.56,2.291,-15.197,519.79
camera,1790411277.03,2.365,-15.224,519.89
camera,1790411277.56,2.356,-15.221,519.92
camera,1790411278.06,2.356,-15.221,519.91
camera,1790411278.53,2.370,-15.227,519.92
camera,1790411279.03,2.376,-15.229,519.84
camera,1790411279.56,2.375,-15.229,519.82
camera,1790411280.03,2.373,-15.228,519.87
camera,1790411280.53,2.427,-15.248,519.73
camera,1790411281.06,2.533,-15.288,519.81
camera,1790411281.53,2.540,-15.290,519.75
camera,1790411282.03,2.536,-15.289,519.71
camera,1790411282.56,2.542,-15.291,519.74
camera,1790411283.03,2.547,-15.293,519.75
camera,1790411283.53,2.544,-15.292,519.73
camera,1790411284.10,2.541,-15.291,519.72
camera,1790411284.56,2.544,-15.292,519.74
camera,1790411285.06,2.541,-15.291,523.15
camera,1790411285.53,2.515,-15.293,537.46
camera,1790411286.06,2.514,-15.293,537.06
camera,1790411286.56,2.518,-15.293,537.07
camera,1790411287.03,2.511,-15.293,537.12
camera,1790411287.53,2.518,-15.294,537.05
camera,1790411288.06,2.519,-15.294,537.13
camera,1790411288.56,2.508,-15.293,537.08
camera,1790411289.06,2.511,-15.293,537.17
camera,1790411289.53,2.372,-15.287,537.43
camera,1790411290.03,2.194,-15.279,537.40
camera,1790411290.53,2.009,-15.272,537.61
camera,1790411291.06,1.807,-15.264,537.68
camera,1790411291.56,1.694,-15.259,537.65
camera,1790411292.03,1.695,-15.259,537.65
camera,1790411292.56,1.635,-15.257,537.70
camera,1790411293.06,1.615,-15.256,537.68
camera,1790411293.53,1.504,-15.252,537.70
camera,1790411294.03,1.377,-15.248,537.77
camera,1790411294.53,1.356,-15.247,537.78
camera,1790411295.06,1.357,-15.247,537.72
camera,1790411295.56,1.352,-15.247,537.73
camera,1790411296.06,1.255,-15.243,537.84
camera,1790411296.53,1.131,-15.238,537.79
camera,1790411297.10,0.980,-15.233,537.99
camera,1790411297.63,0.839,-15.228,537.99
camera,1790411298.03,0.832,-15.228,537.98
camera,1790411298.53,0.833,-15.228,537.94
camera,1790411299.03,0.831,-15.228,537.95
camera,1790411299.56,0.818,-15.232,545.53
camera,1790411300.03,0.816,-15.232,545.30
camera,1790411300.53,0.803,-15.233,545.38
camera,1790411301.06,0.658,-15.247,545.61
camera,1790411301.56,0.591,-15.254,545.64
camera,1790411302.03,0.590,-15.254,543.37
camera,1790411302.53,0.592,-15.254,543.58
camera,1790411303.03,0.466,-15.261,543.40
camera,1790411303.56,0.330,-15.269,543.35
camera,1790411304.06,0.205,-15.277,543.49
camera,1790411304.56,0.171,-15.279,543.42
camera,1790411305.03,0.180,-15.278,543.49
camera,1790411305.53,0.147,-15.280,543.42
camera,1790411306.10,-0.007,-15.290,543.49
camera,1790411306.53,-0.110,-15.296,543.44
camera,1790411307.06,-0.247,-15.304,543.47
camera,1790411307.56,-0.372,-15.312,543.53
camera,1790411308.03,-0.483,-15.319,543.56
camera,1790411308.53,-0.608,-15.327,543.62
camera,1790411309.03,-0.733,-15.335,543.67
camera,1790411309.56,-0.868,-15.343,543.68
camera,1790411310.06,-0.993,-15.352,543.75
camera,1790411310.53,-1.002,-15.352,543.71
camera,1790411311.03,-1.002,-15.352,543.77
camera,1790411311.56,-1.002,-15.352,543.74
camera,1790411312.06,-1.000,-15.352,543.79
camera,1790411312.53,-1.007,-15.353,543.73
camera,1790411313.03,-1.004,-15.352,543.74
camera,1790411313.53,-1.004,-15.352,543.78
camera,1790411314.06,-1.002,-15.352,543.71
camera,1790411314.56,-1.001,-15.352,543.76
camera,1790411315.03,-1.003,-15.352,543.71
camera,1790411315.53,-1.000,-15.352,543.76
camera,1790411316.06,-1.074,-15.357,543.72
camera,1790411316.56,-1.195,-15.365,543.80
camera,1790411317.03,-1.316,-15.373,543.80
camera,1790411317.53,-1.445,-15.381,543.85
camera,1790411318.06,-1.572,-15.390,543.92
camera,1790411318.56,-1.696,-15.398,543.95
camera,1790411319.06,-1.820,-15.407,544.02
camera,1790411319.56,-1.947,-15.416,544.16
camera,1790411320.03,-2.070,-15.425,544.13
camera,1790411320.53,-2.192,-15.433,544.20
camera,1790411321.03,-2.309,-15.442,544.14
camera,1790411321.56,-2.443,-15.452,544.22
camera,1790411322.06,-2.544,-15.459,544.08
camera,1790411322.56,-2.538,-15.459,544.18
camera,1790411323.03,-2.539,-15.459,544.15
camera,1790411323.53,-2.541,-15.459,544.17
camera,1790411324.06,-2.541,-15.459,544.14
camera,1790411324.56,-2.541,-15.459,544.14
camera,1790411325.06,-2.542,-15.459,544.13
camera,1790411325.56,-2.540,-15.459,544.15
camera,1790411326.03,-2.540,-15.459,544.15
camera,1790411326.53,-2.600,-15.463,544.09
camera,1790411327.10,-2.686,-15.469,544.17
camera,1790411327.56,-2.689,-15.469,544.14
camera,1790411328.06,-2.689,-15.469,544.16
camera,1790411328.53,-2.690,-15.469,544.16
camera,1790411329.03,-2.689,-15.469,544.15
camera,1790411329.53,-2.769,-15.475,544.15
camera,1790411330.03,-2.899,-15.484,544.20
camera,1790411330.56,-3.032,-15.494,544.28
camera,1790411331.06,-3.165,-15.504,544.28
camera,1790411331.56,-3.301,-15.514,544.31
camera,1790411332.06,-3.428,-15.524,544.45
camera,1790411332.56,-3.516,-15.530,544.37
camera,1790411333.06,-3.509,-15.530,544.38
camera,1790411333.53,-3.515,-15.530,544.36
camera,1790411334.03,-3.508,-15.530,544.42
camera,1790411334.53,-3.513,-15.530,544.36
camera,1790411335.03,-3.511,-15.530,544.40
camera,1790411335.53,-3.514,-15.530,544.37
camera,1790411336.03,-3.512,-15.530,544.38
camera,1790411336.53,-3.513,-15.530,544.37
camera,1790411337.03,-3.513,-15.530,544.38
camera,1790411337.60,-3.512,-15.530,544.35
camera,1790411338.06,-3.595,-15.536,544.41
camera,1790411338.56,-3.703,-15.544,544.38
camera,1790411339.06,-3.721,-15.546,544.36
camera,1790411339.56,-3.720,-15.546,544.42
camera,1790411340.06,-3.721,-15.546,544.36
camera,1790411340.56,-3.722,-15.546,544.39
camera,1790411341.06,-3.723,-15.546,544.35
camera,1790411341.60,-3.730,-15.546,544.40
camera,1790411342.03,-3.774,-15.550,544.47
camera,1790411342.53,-3.776,-15.550,544.42
camera,1790411343.03,-3.777,-15.550,544.39
camera,1790411343.53,-3.778,-15.550,544.43
camera,1790411344.10,-3.777,-15.550,544.42
camera,1790411344.53,-3.775,-15.549,544.34
camera,1790411345.06,-3.777,-15.550,544.45
camera,1790411345.53,-3.776,-15.549,544.44
camera,1790411346.03,-3.779,-15.550,544.37
camera,1790411346.53,-3.777,-15.549,544.44
camera,1790411347.06,-3.774,-15.549,544.44
camera,1790411347.56,-3.775,-15.549,544.42
camera,1790411348.06,-3.774,-15.549,544.45
camera,1790411348.56,-3.772,-15.549,544.39
camera,1790411349.06,-3.774,-15.549,544.45
camera,1790411349.56,-3.775,-15.549,544.37
camera,1790411350.06,-3.778,-15.549,544.36
camera,1790411350.60,-3.938,-15.562,544.46
camera,1790411351.06,-4.082,-15.573,544.53
camera,1790411351.56,-4.242,-15.587,544.73
camera,1790411352.06,-4.409,-15.601,544.81
camera,1790411352.56,-4.570,-15.615,544.94
camera,1790411353.06,-4.739,-15.629,544.94
camera,1790411353.53,-4.889,-15.643,545.08
camera,1790411354.03,-5.061,-15.659,545.20
camera,1790411354.53,-5.223,-15.673,545.17
camera,1790411355.06,-5.399,-15.690,545.38
camera,1790411355.56,-5.564,-15.706,545.46
camera,1790411356.03,-5.714,-15.721,545.59
camera,1790411356.53,-5.888,-15.738,545.68
camera,1790411357.03,-6.043,-15.754,545.86
camera,1790411357.56,-6.229,-15.772,545.72
camera,1790411358.03,-6.377,-15.787,545.82
camera,1790411358.53,-6.544,-15.804,545.77
camera,1790411359.06,-6.716,-15.822,545.88
camera,1790411359.53,-6.783,-15.829,545.78
camera,1790411360.03,-6.787,-15.829,545.59
camera,1790411360.53,-6.836,-15.833,545.69
camera,1790411361.06,-6.861,-15.835,545.79
camera,1790411361.56,-6.865,-15.836,545.77
camera,1790411362.03,-6.861,-15.835,545.77
camera,1790411362.53,-6.865,-15.835,545.68
camera,1790411363.06,-6.868,-15.835,545.50
camera,1790411363.56,-6.865,-15.835,545.75
camera,1790411364.06,-6.867,-15.835,545.89
camera,1790411364.53,-6.863,-15.834,545.76
camera,1790411365.06,-6.855,-15.835,540.90
camera,1790411365.56,-6.840,-15.837,536.41
camera,1790411366.06,-6.841,-15.837,534.34
camera,1790411366.53,-6.828,-15.842,524.10
camera,1790411367.03,-6.818,-15.848,514.73
camera,1790411367.56,-6.818,-15.848,508.19
camera,1790411368.06,-6.815,-15.851,502.19
camera,1790411368.53,-6.816,-15.850,497.33
camera,1790411369.06,-6.813,-15.854,492.03
camera,1790411369.53,-6.813,-15.855,486.88
camera,1790411370.03,-6.816,-15.849,482.10
camera,1790411370.56,-6.817,-15.849,476.34
camera,1790411371.03,-6.819,-15.844,471.82
camera,1790411371.56,-6.821,-15.834,466.67
camera,1790411372.03,-6.820,-15.857,461.82
camera,1790411372.56,-6.825,-15.840,462.38
camera,1790411373.06,-6.825,-15.840,462.38
camera,1790411373.53,-6.828,-15.830,462.59
camera,1790411374.06,-6.826,-15.844,462.29
camera,1790411374.53,-6.829,-15.831,457.05
camera,1790411375.06,-6.825,-15.819,445.94
camera,1790411376.60,-6.945,-15.488,442.49
camera,1790411378.10,-6.920,-15.442,429.04
camera,1790411378.90,-6.816,-15.328,422.23
camera,1790411380.50,-6.961,-15.514,412.61
camera,1790411380.56,-6.958,-15.510,412.40
camera,1790411381.03,-6.952,-15.506,412.27
camera,1790411381.60,-6.961,-15.525,411.08
camera,1790411382.03,-6.978,-15.539,400.04
camera,1790411382.60,-6.993,-15.553,400.51
camera,1790411383.06,-7.000,-15.560,400.60
camera,1790411383.53,-6.984,-15.546,400.28
camera,1790411384.03,-6.969,-15.544,391.40
camera,1790411384.53,-6.957,-15.541,381.59
camera,1790411385.06,-6.927,-15.537,370.93
camera,1790411385.56,-6.916,-15.534,370.02
camera,1790411386.03,-6.916,-15.534,370.02
camera,1790411386.56,-6.910,-15.533,370.06
camera,1790411387.03,-6.909,-15.533,370.02
camera,1790411387.56,-6.856,-15.524,369.91
camera,1790411388.03,-6.744,-15.505,369.88
camera,1790411388.53,-6.619,-15.483,369.80
camera,1790411389.06,-6.491,-15.461,369.89
camera,1790411389.53,-6.377,-15.441,369.94
camera,1790411390.06,-6.242,-15.417,369.97
camera,1790411390.56,-6.119,-15.395,369.98
camera,1790411391.03,-6.005,-15.375,370.08
camera,1790411391.56,-5.873,-15.351,370.10
camera,1790411392.03,-5.760,-15.331,370.10
camera,1790411392.53,-5.630,-15.308,370.10
camera,1790411393.06,-5.495,-15.284,370.21
camera,1790411393.53,-5.389,-15.264,370.19
camera,1790411394.03,-5.259,-15.241,370.22
camera,1790411394.56,-5.135,-15.218,370.29
camera,1790411395.03,-5.017,-15.197,370.27
camera,1790411395.56,-4.902,-15.176,370.40
camera,1790411396.03,-4.789,-15.155,370.44
camera,1790411396.56,-4.663,-15.135,370.46
camera,1790411397.03,-4.539,-15.112,370.50
camera,1790411397.56,-4.413,-15.089,370.57
camera,1790411398.06,-4.293,-15.066,370.66
camera,1790411398.53,-4.172,-15.044,370.65
camera,1790411399.06,-4.054,-15.021,370.71
camera,1790411399.56,-3.924,-14.997,370.71
camera,1790411400.03,-3.822,-14.977,370.78
camera,1790411400.56,-3.688,-14.952,370.77
camera,1790411401.03,-3.573,-14.930,370.80
camera,1790411401.60,-3.433,-14.903,370.83
camera,1790411402.06,-3.327,-14.883,370.90
camera,1790411402.53,-3.219,-14.862,370.90
camera,1790411403.06,-3.090,-14.837,370.93
camera,1790411403.53,-2.979,-14.816,370.93
camera,1790411404.10,-2.854,-14.792,370.97
camera,1790411404.56,-2.750,-14.772,371.00
camera,1790411405.03,-2.644,-14.751,371.07
camera,1790411405.53,-2.540,-14.730,371.13
camera,1790411406.06,-2.425,-14.708,371.17
camera,1790411406.53,-2.316,-14.686,371.24
camera,1790411407.03,-2.198,-14.663,371.21
camera,1790411407.56,-2.080,-14.640,371.19
camera,1790411408.10,-1.988,-14.621,371.31
camera,1790411408.53,-1.972,-14.618,371.33
camera,1790411409.06,-1.972,-14.618,371.34
camera,1790411409.56,-1.970,-14.617,371.30
camera,1790411410.03,-1.964,-14.617,369.11
camera,1790411410.53,-1.962,-14.617,367.87
camera,1790411411.06,-1.889,-14.607,367.48
camera,1790411411.56,-1.754,-14.590,367.47
camera,1790411412.03,-1.637,-14.574,367.51
camera,1790411412.56,-1.497,-14.556,367.54
camera,1790411413.06,-1.376,-14.539,367.59
camera,1790411413.56,-1.247,-14.522,367.63
camera,1790411414.06,-1.117,-14.505,367.67
camera,1790411414.53,-0.998,-14.488,367.73
camera,1790411415.06,-0.977,-14.486,367.75
camera,1790411415.53,-0.974,-14.485,368.24
camera,1790411416.03,-0.981,-14.487,371.44
camera,1790411416.56,-0.942,-14.479,371.59
camera,1790411417.06,-0.856,-14.462,371.61
camera,1790411417.53,-0.761,-14.442,371.56
camera,1790411418.06,-0.653,-14.420,371.69
camera,1790411418.56,-0.558,-14.400,371.68
camera,1790411419.03,-0.481,-14.384,371.78
camera,1790411419.53,-0.481,-14.384,371.74
camera,1790411420.06,-0.502,-14.393,379.51
camera,1790411420.53,-0.518,-14.403,387.53
camera,1790411421.06,-0.512,-14.400,388.73
camera,1790411421.56,-0.405,-14.341,388.72
camera,1790411422.03,-0.310,-14.289,388.88
camera,1790411422.56,-0.311,-14.289,388.86
camera,1790411423.06,-0.311,-14.290,395.77
camera,1790411423.53,-0.319,-14.298,403.53
camera,1790411424.06,-0.320,-14.298,408.40
camera,1790411424.53,-0.319,-14.297,408.38
camera,1790411425.03,-0.320,-14.298,408.36
camera,1790411425.63,-0.319,-14.296,408.37
camera,1790411426.10,-0.322,-14.300,408.37
camera,1790411426.56,-0.320,-14.298,408.37
camera,1790411427.03,-0.319,-14.296,416.37
camera,1790411427.56,-0.305,-14.273,416.83
camera,1790411428.06,-0.242,-14.177,416.97
camera,1790411428.53,-0.181,-14.081,417.10
camera,1790411429.06,-0.101,-13.956,417.35
camera,1790411429.53,-0.027,-13.839,417.55
camera,1790411430.03,0.054,-13.711,417.61
camera,1790411430.56,0.116,-13.542,427.60
camera,1790411431.06,0.123,-13.358,441.76
camera,1790411431.56,0.098,-13.195,453.02
camera,1790411432.03,0.088,-13.049,453.44
camera,1790411432.56,0.078,-12.890,453.63
camera,1790411433.03,0.069,-12.747,453.76
camera,1790411433.56,0.059,-12.594,453.46
camera,1790411434.06,0.069,-12.459,447.95
camera,1790411434.53,0.075,-12.287,447.90
camera,1790411435.06,0.082,-12.086,447.99
camera,1790411435.53,0.088,-11.915,448.00
camera,1790411436.06,0.095,-11.713,448.06
camera,1790411436.53,0.100,-11.535,448.16
camera,1790411437.06,0.106,-11.348,448.26
camera,1790411437.53,0.111,-11.180,448.26
camera,1790411438.10,0.117,-10.977,448.35
camera,1790411438.56,0.121,-10.814,448.47
camera,1790411439.03,0.126,-10.639,448.48
camera,1790411439.56,0.131,-10.434,448.61
camera,1790411440.03,0.135,-10.260,448.67
camera,1790411440.56,0.138,-10.054,448.74
camera,1790411441.03,0.142,-9.881,448.77
camera,1790411441.56,0.143,-9.823,448.82
camera,1790411442.03,0.143,-9.823,448.81
camera,1790411442.56,0.143,-9.821,448.81
camera,1790411443.03,0.143,-9.821,448.81
camera,1790411443.60,0.143,-9.820,448.79
camera,1790411444.06,0.143,-9.821,448.83
camera,1790411444.53,0.143,-9.821,448.83
camera,1790411445.06,0.146,-9.662,448.66
camera,1790411445.53,0.150,-9.494,448.71
camera,1790411446.03,0.153,-9.305,448.89
camera,1790411446.56,0.157,-9.121,448.91
camera,1790411447.03,0.159,-8.945,449.03
camera,1790411447.56,0.162,-8.745,449.11
camera,1790411448.03,0.165,-8.567,449.18
camera,1790411448.53,0.167,-8.381,449.32
camera,1790411449.06,0.169,-8.184,449.32
camera,1790411449.53,0.171,-8.002,449.45
camera,1790411450.06,0.173,-7.812,449.46
camera,1790411450.53,0.174,-7.627,449.56
camera,1790411451.06,0.175,-7.424,449.63
camera,1790411451.56,0.176,-7.257,449.66
camera,1790411452.03,0.177,-7.093,449.70
camera,1790411452.56,0.177,-6.889,449.83
camera,1790411453.03,0.177,-6.716,449.90
camera,1790411453.60,0.177,-6.498,450.02
camera,1790411454.06,0.177,-6.317,450.03
camera,1790411454.53,0.176,-6.146,450.12
camera,1790411455.06,0.176,-5.944,450.16
camera,1790411455.53,0.175,-5.765,450.17
camera,1790411456.03,0.174,-5.569,450.29
camera,1790411456.56,0.172,-5.365,450.38
camera,1790411457.06,0.171,-5.185,450.45
camera,1790411457.53,0.169,-4.995,450.50
camera,1790411458.03,0.167,-4.805,450.59
camera,1790411458.56,0.165,-4.600,450.64
camera,1790411459.03,0.162,-4.419,450.71
camera,1790411459.53,0.160,-4.227,450.73
camera,1790411460.10,0.156,-4.013,450.83
camera,1790411460.56,0.154,-3.833,450.83
camera,1790411461.03,0.151,-3.654,450.88
camera,1790411461.53,0.147,-3.450,450.96
camera,1790411462.03,0.144,-3.254,451.03
camera,1790411462.53,0.140,-3.061,451.10
camera,1790411463.03,0.136,-2.871,451.13
camera,1790411463.53,0.132,-2.680,451.13
camera,1790411464.03,0.129,-2.488,451.11
camera,1790411464.56,0.125,-2.287,451.12
camera,1790411465.06,0.121,-2.097,451.17
camera,1790411465.56,0.117,-1.910,451.22
camera,1790411466.03,0.113,-1.738,451.23
camera,1790411466.53,0.108,-1.547,451.35
camera,1790411467.06,0.104,-1.346,451.32
camera,1790411467.56,0.099,-1.150,451.35
camera,1790411468.03,0.094,-0.966,451.49
camera,1790411468.53,0.089,-0.778,451.59
camera,1790411469.06,0.084,-0.612,451.56
camera,1790411469.56,0.084,-0.616,451.58
camera,1790411470.03,0.082,-0.511,451.22
camera,1790411470.60,0.078,-0.337,451.25
camera,1790411471.06,0.078,-0.339,451.30
camera,1790411471.56,0.078,-0.333,448.45
camera,1790411472.03,0.067,-0.359,434.02
camera,1790411472.60,0.050,-0.380,416.30
camera,1790411473.06,0.035,-0.390,401.61
camera,1790411473.53,0.030,-0.393,386.63
camera,1790411474.06,0.033,-0.392,369.65
camera,1790411474.53,0.046,-0.394,356.52
camera,1790411475.03,0.051,-0.394,356.87
camera,1790411475.60,0.049,-0.394,356.87
camera,1790411476.06,0.048,-0.394,356.88
camera,1790411476.56,0.050,-0.394,356.86
camera,1790411477.03,0.050,-0.394,356.88
camera,1790411477.53,0.049,-0.394,356.85
camera,1790411478.10,0.050,-0.394,356.86
camera,1790411478.56,0.050,-0.394,356.89
camera,1790411479.03,0.148,-0.400,356.61
camera,1790411479.53,0.340,-0.411,356.60
camera,1790411480.06,0.547,-0.423,356.62
camera,1790411480.53,0.744,-0.434,356.74
camera,1790411481.06,0.945,-0.446,356.79
camera,1790411481.56,1.148,-0.457,356.85
camera,1790411482.03,1.326,-0.467,356.87
camera,1790411482.56,1.539,-0.477,357.12
camera,1790411483.03,1.624,-0.481,356.82
camera,1790411483.56,1.606,-0.480,356.87
camera,1790411484.03,1.598,-0.479,356.84
camera,1790411484.53,1.605,-0.479,356.93
camera,1790411485.03,1.602,-0.479,356.87
camera,1790411485.53,1.618,-0.479,356.89
camera,1790411486.06,1.618,-0.479,356.92
camera,1790411486.53,1.615,-0.479,356.88
camera,1790411487.06,1.607,-0.479,356.89
camera,1790411487.53,1.620,-0.479,356.91
camera,1790411488.07,1.620,-0.479,356.89
camera,1790411488.53,1.614,-0.479,356.88
camera,1790411489.06,1.614,-0.479,356.94
camera,1790411489.56,1.601,-0.478,356.89
camera,1790411490.10,1.609,-0.478,356.94
camera,1790411490.56,1.610,-0.478,356.93
camera,1790411491.03,1.611,-0.478,356.90
camera,1790411491.56,1.612,-0.478,356.88
camera,1790411492.03,1.621,-0.479,356.90
camera,1790411492.56,1.626,-0.479,356.92
camera,1790411493.03,1.612,-0.478,356.88
camera,1790411493.60,1.668,-0.481,356.84
camera,1790411494.07,1.817,-0.488,357.04
camera,1790411494.53,1.949,-0.497,357.15
camera,1790411495.06,2.090,-0.503,357.22
camera,1790411495.53,2.272,-0.511,357.31
camera,1790411496.06,2.419,-0.518,357.38
camera,1790411496.53,2.562,-0.524,357.45
camera,1790411497.07,2.719,-0.530,357.63
camera,1790411497.53,2.780,-0.533,357.53
camera,1790411498.10,2.785,-0.533,357.55
camera,1790411498.57,2.779,-0.533,357.96
camera,1790411499.03,2.776,-0.534,362.39
camera,1790411499.57,2.778,-0.535,363.49
camera,1790411500.03,2.893,-0.527,363.66
camera,1790411500.57,3.092,-0.514,363.83
camera,1790411501.03,3.268,-0.501,363.96
camera,1790411501.57,3.469,-0.486,364.22
camera,1790411502.07,3.656,-0.472,364.22
camera,1790411502.53,3.832,-0.459,364.25
camera,1790411503.07,4.038,-0.443,364.31
camera,1790411503.53,4.199,-0.430,364.40
camera,1790411504.07,4.204,-0.430,364.37
camera,1790411504.53,4.201,-0.430,364.33
camera,1790411505.03,4.202,-0.430,364.32
camera,1790411505.57,4.203,-0.430,364.33
camera,1790411506.03,4.200,-0.430,364.29
camera,1790411506.57,4.197,-0.430,364.28
camera,1790411507.03,4.198,-0.430,364.30
camera,1790411507.57,4.201,-0.430,364.34
camera,1790411508.07,4.200,-0.430,364.33
camera,1790411508.57,4.200,-0.429,364.34
camera,1790411509.07,4.201,-0.429,364.34
camera,1790411509.53,4.201,-0.429,364.35
camera,1790411510.07,4.201,-0.429,364.33
camera,1790411510.53,4.202,-0.429,364.32
camera,1790411511.07,4.201,-0.429,364.37
camera,1790411511.53,4.199,-0.429,364.33
camera,1790411512.03,4.200,-0.429,364.33
camera,1790411512.57,4.201,-0.429,364.35
camera,1790411513.03,4.199,-0.429,364.34
camera,1790411513.57,4.200,-0.429,364.32
camera,1790411514.03,4.199,-0.429,364.32
camera,1790411514.57,4.198,-0.429,364.32
camera,1790411515.13,4.200,-0.429,364.35
camera,1790411515.53,4.196,-0.429,364.32
camera,1790411516.13,4.198,-0.429,364.33
camera,1790411516.53,4.199,-0.429,364.32
camera,1790411517.13,4.200,-0.429,364.34
camera,1790411517.53,4.199,-0.429,364.35
camera,1790411518.17,4.200,-0.429,364.33
camera,1790411518.57,4.201,-0.429,364.39
camera,1790411519.10,4.196,-0.429,364.33
camera,1790411519.57,4.199,-0.429,364.33
camera,1790411520.10,4.200,-0.429,364.34
camera,1790411520.53,4.200,-0.429,364.34
camera,1790411521.10,4.199,-0.429,364.32
camera,1790411521.53,4.201,-0.429,364.32
camera,1790411522.07,4.369,-0.416,364.38
camera,1790411522.53,4.553,-0.401,364.53
camera,1790411523.07,4.760,-0.384,364.60
camera,1790411523.53,4.939,-0.369,364.73
camera,1790411524.07,5.146,-0.351,364.83
camera,1790411524.60,5.341,-0.334,365.03
camera,1790411525.03,5.514,-0.319,365.04
camera,1790411525.57,5.725,-0.300,365.14
camera,1790411526.03,5.893,-0.285,365.13
camera,1790411526.57,6.083,-0.267,365.40
camera,1790411527.03,6.252,-0.251,365.42
camera,1790411527.60,6.467,-0.230,365.47
camera,1790411528.07,6.634,-0.214,365.48
camera,1790411528.53,6.819,-0.196,365.42
camera,1790411529.07,7.025,-0.176,365.60
camera,1790411529.53,7.211,-0.157,365.61
camera,1790411530.07,7.197,-0.158,365.55
camera,1790411530.53,7.190,-0.159,365.51
camera,1790411531.07,7.331,-0.145,365.49
camera,1790411531.57,7.501,-0.129,365.46
camera,1790411532.10,7.681,-0.109,366.25
camera,1790411532.57,7.828,-0.093,366.17
camera,1790411533.03,7.971,-0.078,365.62
camera,1790411533.57,8.086,-0.066,365.73
camera,1790411534.10,8.083,-0.066,365.52
camera,1790411534.67,8.079,-0.066,365.55
camera,1790411535.07,8.083,-0.066,365.62
camera,1790411535.53,8.070,-0.070,369.75
camera,1790411536.07,8.043,-0.129,393.79
camera,1790411536.53,8.048,-0.145,413.80
camera,1790411539.97,9.231,0.202,469.69
camera,1790411540.03,9.248,0.156,469.64
camera,1790411540.57,9.240,0.137,467.95
camera,1790411541.03,9.257,0.111,479.36
camera,1790411541.57,9.281,0.095,498.09
camera,1790411542.07,9.288,0.092,500.61
camera,1790411542.57,9.287,0.093,500.66
camera,1790411543.07,9.293,0.090,511.64
camera,1790411543.53,9.299,0.088,526.37
camera,1790411544.07,9.290,0.088,528.43
camera,1790411544.57,9.294,0.087,529.49
camera,1790411545.10,9.277,0.082,543.37
camera,1790411545.57,9.279,0.082,543.20
camera,1790411546.03,9.286,0.082,543.21
camera,1790411546.53,9.281,0.082,543.21
camera,1790411547.07,9.281,0.082,543.21
camera,1790411547.57,9.278,0.082,543.39
camera,1790411548.03,9.131,0.073,543.44
camera,1790411548.53,8.961,0.062,543.56
camera,1790411549.07,8.961,0.062,543.46
camera,1790411549.57,8.958,0.062,543.44
camera,1790411550.07,8.957,0.062,543.44
camera,1790411550.53,8.962,0.063,543.44
camera,1790411551.03,8.879,0.057,543.48
camera,1790411551.57,8.735,0.048,543.65
camera,1790411552.07,8.586,0.038,543.71
camera,1790411552.53,8.464,0.030,543.77
camera,1790411553.03,8.317,0.020,543.74
camera,1790411553.57,8.254,0.016,543.71
camera,1790411554.07,8.254,0.016,543.75
camera,1790411554.53,8.252,0.016,543.70
camera,1790411555.10,8.251,0.016,542.97
camera,1790411555.57,8.254,0.016,535.09
camera,1790411556.03,8.274,0.014,535.28
camera,1790411556.57,8.263,0.015,535.26
camera,1790411557.07,8.267,0.015,535.29
camera,1790411557.53,8.273,0.014,535.30
camera,1790411558.07,8.268,0.015,535.32
camera,1790411558.57,8.262,0.015,535.25
camera,1790411559.03,8.263,0.015,535.27
camera,1790411559.53,8.267,0.015,535.28
camera,1790411560.07,8.262,0.015,535.27
camera,1790411560.57,8.272,0.015,535.30
camera,1790411561.03,8.267,0.015,535.24
camera,1790411561.53,8.275,0.015,535.25
camera,1790411562.07,8.285,0.014,535.20
camera,1790411562.57,8.274,0.014,535.30
camera,1790411563.03,8.259,0.016,535.27
camera,1790411563.57,8.280,0.014,535.27
camera,1790411564.03,8.269,0.015,535.29
camera,1790411564.53,8.277,0.014,535.26
camera,1790411565.03,8.278,0.014,535.24
camera,1790411565.57,8.273,0.014,535.32
camera,1790411566.03,8.277,0.014,535.29
camera,1790411566.57,8.278,0.014,535.30
camera,1790411567.07,8.280,0.013,535.26
camera,1790411567.53,8.274,0.014,535.28
camera,1790411568.03,8.274,0.014,535.33
camera,1790411568.57,8.273,0.014,535.30
camera,1790411569.07,8.272,0.014,535.29
camera,1790411569.53,8.153,0.025,535.00
camera,1790411570.03,8.018,0.036,535.02
camera,1790411570.57,7.916,0.045,535.07
camera,1790411571.07,7.765,0.058,535.08
camera,1790411571.57,7.655,0.068,535.08
camera,1790411572.03,7.520,0.080,535.07
camera,1790411572.60,7.363,0.093,535.16
camera,1790411573.07,7.227,0.105,535.20
camera,1790411573.53,7.072,0.117,535.25
camera,1790411574.03,6.919,0.130,535.28
camera,1790411574.53,6.758,0.143,535.44
camera,1790411575.07,6.586,0.156,535.46
camera,1790411575.57,6.419,0.169,535.52
camera,1790411576.07,6.259,0.181,535.63
camera,1790411576.57,6.095,0.194,535.66
camera,1790411577.10,5.919,0.207,535.76
camera,1790411577.53,5.771,0.217,535.82
camera,1790411578.03,5.606,0.229,535.90
camera,1790411578.53,5.437,0.241,535.98
camera,1790411579.07,5.267,0.252,536.00
camera,1790411579.57,5.100,0.263,536.19
camera,1790411580.03,4.945,0.273,536.25
camera,1790411580.60,4.746,0.286,536.30
camera,1790411581.07,4.589,0.296,536.45
camera,1790411581.53,4.437,0.305,536.49
camera,1790411582.03,4.276,0.314,536.56
camera,1790411582.53,4.115,0.323,536.72
camera,1790411583.07,3.944,0.333,536.78
camera,1790411583.53,3.798,0.341,536.85
camera,1790411584.03,3.637,0.349,536.97
camera,1790411584.53,3.475,0.358,536.89
camera,1790411585.07,3.300,0.367,537.10
camera,1790411585.57,3.136,0.375,537.09
camera,1790411586.03,2.980,0.382,537.25
camera,1790411586.57,2.843,0.389,537.23
camera,1790411587.07,2.821,0.390,537.34
camera,1790411587.57,2.820,0.390,537.32
camera,1790411588.03,2.819,0.390,539.98
camera,1790411588.53,2.814,0.389,545.99
camera,1790411589.03,2.805,0.386,552.00
camera,1790411589.53,2.796,0.383,557.99
camera,1790411590.07,2.783,0.377,563.36
camera,1790411590.57,2.771,0.372,563.40
camera,1790411591.03,2.685,0.334,563.40
camera,1790411591.53,2.593,0.295,563.42
camera,1790411592.07,2.489,0.250,563.40
camera,1790411592.53,2.393,0.208,563.43
camera,1790411593.03,2.285,0.161,563.61
camera,1790411593.60,2.167,0.110,563.61
camera,1790411594.07,2.074,0.069,563.73
camera,1790411594.53,1.978,0.026,563.89
camera,1790411595.03,1.878,-0.018,563.84
camera,1790411595.53,1.780,-0.062,564.12
camera,1790411596.07,1.670,-0.111,564.35
camera,1790411596.53,1.572,-0.156,564.28
camera,1790411597.07,1.464,-0.205,564.43
camera,1790411597.57,1.363,-0.250,564.27
camera,1790411598.07,1.258,-0.298,564.69
camera,1790411598.53,1.230,-0.311,564.47
camera,1790411599.03,1.229,-0.311,564.82
camera,1790411599.57,1.226,-0.314,571.64
camera,1790411600.03,1.210,-0.328,579.07
camera,1790411600.57,1.181,-0.371,590.67
camera,1790411601.03,1.172,-0.391,600.03
camera,1790411601.60,1.166,-0.412,611.50
camera,1790411602.03,1.163,-0.444,620.22
camera,1790411602.53,1.166,-0.478,630.04
camera,1790411603.07,1.166,-0.476,629.57
camera,1790411603.53,1.166,-0.481,629.59
camera,1790411604.07,1.166,-0.482,629.61
camera,1790411604.53,1.166,-0.477,629.57
camera,1790411605.07,1.166,-0.485,629.60
camera,1790411605.53,1.166,-0.483,629.61
camera,1790411606.07,1.166,-0.487,629.56
camera,1790411606.53,1.166,-0.487,629.58
camera,1790411607.03,1.165,-0.591,629.81
camera,1790411607.57,1.165,-0.764,629.92
camera,1790411608.03,1.165,-0.912,629.97
camera,1790411608.57,1.166,-1.106,630.11
camera,1790411609.03,1.167,-1.273,630.23
camera,1790411609.57,1.168,-1.469,630.38
camera,1790411610.03,1.170,-1.635,630.45
camera,1790411610.57,1.172,-1.809,630.55
camera,1790411611.07,1.174,-1.992,630.62
camera,1790411611.53,1.176,-2.142,630.76
camera,1790411612.07,1.179,-2.349,630.82
camera,1790411612.53,1.182,-2.524,630.95
camera,1790411613.07,1.185,-2.709,630.99
camera,1790411613.53,1.186,-2.853,631.03
camera,1790411614.07,1.190,-3.045,631.10
camera,1790411614.53,1.194,-3.214,631.24
camera,1790411615.07,1.191,-3.397,631.31
camera,1790411615.53,1.196,-3.583,631.43
camera,1790411616.07,1.196,-3.711,631.76
camera,1790411616.57,1.202,-3.918,631.79
camera,1790411617.03,1.208,-4.096,631.89
camera,1790411617.57,1.215,-4.296,631.99
camera,1790411618.07,1.221,-4.488,632.03
camera,1790411618.53,1.228,-4.661,632.13
camera,1790411619.07,1.236,-4.862,632.17
camera,1790411619.53,1.242,-5.038,632.21
camera,1790411620.07,1.251,-5.236,632.38
camera,1790411620.53,1.259,-5.418,632.47
camera,1790411621.10,1.268,-5.630,632.57
camera,1790411621.53,1.276,-5.798,632.69
camera,1790411622.03,1.285,-5.992,632.75
camera,1790411622.53,1.294,-6.175,632.84
camera,1790411623.03,1.304,-6.372,632.96
camera,1790411623.57,1.315,-6.577,633.01
camera,1790411624.03,1.324,-6.752,632.93
camera,1790411624.53,1.335,-6.942,633.12
camera,1790411625.03,1.345,-7.127,633.17
camera,1790411625.53,1.357,-7.327,633.31
camera,1790411626.07,1.370,-7.537,633.38
camera,1790411626.53,1.380,-7.713,633.42
camera,1790411627.07,1.393,-7.913,633.48
camera,1790411627.53,1.404,-8.091,633.58
camera,1790411628.07,1.417,-8.294,633.61
camera,1790411628.57,1.430,-8.484,633.77
camera,1790411629.80,0.772,-8.958,630.80
camera,1790411630.03,0.773,-9.046,630.83
camera,1790411630.53,0.777,-9.249,631.04
camera,1790411631.03,0.779,-9.442,630.93
camera,1790411631.63,0.784,-9.693,631.15
camera,1790411632.10,0.787,-9.861,631.10
camera,1790411632.57,0.792,-10.042,631.30
camera,1790411633.03,0.796,-10.229,631.28
camera,1790411633.60,0.802,-10.444,631.47
camera,1790411634.03,0.806,-10.604,631.60
camera,1790411634.53,0.812,-10.790,631.69
camera,1790411635.03,0.817,-10.979,631.73
camera,1790411635.53,0.822,-11.158,631.60
camera,1790411636.07,0.817,-11.331,628.83
camera,1790411636.53,0.811,-11.506,628.21
camera,1790411637.07,0.804,-11.705,628.08
camera,1790411637.53,0.798,-11.883,628.03
camera,1790411638.03,0.792,-12.078,628.19
camera,1790411638.57,0.785,-12.279,628.14
camera,1790411639.03,0.779,-12.457,628.15
camera,1790411639.57,0.773,-12.659,628.19
camera,1790411640.03,0.768,-12.838,628.34
camera,1790411640.57,0.762,-13.042,628.39
camera,1790411641.07,0.756,-13.241,628.38
camera,1790411641.53,0.752,-13.410,628.49
camera,1790411642.07,0.747,-13.612,628.51
camera,1790411642.53,0.743,-13.792,628.52
camera,1790411643.07,0.738,-13.974,628.39
camera,1790411643.53,0.733,-14.166,628.50
camera,1790411644.07,0.727,-14.369,628.43
camera,1790411644.53,0.722,-14.545,628.33
camera,1790411645.03,0.716,-14.728,628.22
camera,1790411645.53,0.711,-14.871,627.79
camera,1790411646.03,0.710,-14.910,627.97
camera,1790411646.57,0.735,-15.021,636.39
camera,1790411647.03,0.800,-15.131,654.79
camera,1790411647.57,0.844,-15.167,675.14
camera,1790411648.03,0.872,-15.174,691.57
camera,1790411648.57,0.946,-15.178,709.96
camera,1790411649.07,1.001,-15.170,718.46
camera,1790411649.53,1.002,-15.170,718.45
camera,1790411650.07,1.060,-15.172,718.48
camera,1790411650.53,1.130,-15.174,718.55
camera,1790411651.03,1.206,-15.175,718.62
camera,1790411651.53,1.289,-15.178,718.62
camera,1790411652.03,1.389,-15.180,718.75
camera,1790411652.57,1.521,-15.182,718.92
camera,1790411653.03,1.647,-15.184,718.93
camera,1790411653.53,1.807,-15.187,718.95
camera,1790411654.07,1.982,-15.190,719.03
camera,1790411654.53,2.135,-15.192,719.16
camera,1790411655.07,2.311,-15.194,719.25
camera,1790411655.57,2.483,-15.196,719.36
camera,1790411656.07,2.673,-15.197,719.45
camera,1790411656.53,2.858,-15.199,719.59
camera,1790411657.03,3.043,-15.199,719.69
camera,1790411657.53,3.242,-15.200,719.79
camera,1790411658.03,3.431,-15.200,719.92
camera,1790411658.57,3.639,-15.200,720.03
camera,1790411659.07,3.828,-15.200,720.06
camera,1790411659.57,4.018,-15.199,720.12
camera,1790411660.03,4.210,-15.199,720.19
camera,1790411660.53,4.400,-15.198,720.24
camera,1790411661.07,4.605,-15.197,720.29
camera,1790411661.57,4.790,-15.196,720.39
camera,1790411662.07,4.969,-15.194,720.56
camera,1790411662.53,5.147,-15.192,720.62
camera,1790411663.03,5.343,-15.189,720.73
camera,1790411663.53,5.531,-15.186,720.86
camera,1790411664.07,5.731,-15.183,720.91
camera,1790411664.57,5.922,-15.179,720.98
camera,1790411665.03,6.098,-15.176,721.12
camera,1790411665.57,6.303,-15.172,721.22
camera,1790411666.03,6.489,-15.169,721.11
camera,1790411666.53,6.685,-15.166,721.16
camera,1790411667.07,6.882,-15.162,721.32
camera,1790411667.53,7.061,-15.158,721.25
camera,1790411668.07,7.258,-15.153,721.40
camera,1790411668.57,7.450,-15.148,721.56
camera,1790411669.03,7.633,-15.143,721.56
camera,1790411669.57,7.832,-15.138,721.51
camera,1790411670.07,8.029,-15.134,721.38
camera,1790411670.53,8.209,-15.131,721.17
camera,1790411671.07,8.415,-15.145,718.40
camera,1790411671.53,8.577,-15.170,716.94
camera,1790411672.13,8.840,-15.205,713.71
camera,1790411672.57,8.975,-15.227,711.81
camera,1790411673.10,9.161,-15.254,711.73
camera,1790411673.63,9.356,-15.283,711.53
camera,1790411674.03,9.513,-15.308,711.18
camera,1790411674.57,9.711,-15.339,711.18
camera,1790411675.13,9.909,-15.371,710.74
camera,1790411675.53,9.925,-15.373,710.89
camera,1790411676.07,9.926,-15.374,710.93
camera,1790411676.60,9.928,-15.374,710.71
camera,1790411677.17,9.932,-15.375,710.59
camera,1790411677.57,9.925,-15.374,710.66
camera,1790411678.10,9.916,-15.372,709.96
camera,1790411678.63,9.866,-15.354,702.98
camera,1790411679.03,9.819,-15.335,700.25
camera,1790411679.57,9.852,-15.351,697.45
camera,1790411680.13,9.832,-15.339,691.11
camera,1790411680.53,9.769,-15.293,686.56
camera,1790411681.07,9.834,-15.333,687.78
camera,1790411681.60,9.883,-15.368,685.93
camera,1790411682.07,9.849,-15.327,675.99
camera,1790411682.60,9.807,-15.258,665.03
camera,1790411683.13,9.784,-15.199,654.28
camera,1790411683.57,9.772,-15.138,645.48
camera,1790411684.10,9.771,-15.077,634.37
camera,1790411684.57,9.777,-15.030,625.88
camera,1790411685.03,9.822,-15.090,626.94
camera,1790411685.60,9.856,-15.095,621.85
camera,1790411686.03,9.843,-15.195,622.24
camera,1790411686.60,9.833,-15.268,621.89
camera,1790411687.07,9.832,-15.275,621.71
camera,1790411687.53,9.832,-15.273,621.84
camera,1790411688.07,9.828,-15.310,622.15
camera,1790411688.53,9.818,-15.385,622.15
camera,1790411689.07,9.803,-15.489,621.95
camera,1790411689.53,9.802,-15.503,621.16
camera,1790411690.07,9.803,-15.501,621.09
camera,1790411690.63,7.741,-15.756,638.74
camera,1790411691.03,7.744,-15.742,635.35
camera,1790411691.53,7.770,-15.515,626.12
camera,1790411692.10,7.858,-15.230,615.38
camera,1790411692.63,7.982,-15.000,605.02
camera,1790411693.03,8.067,-14.878,598.65
camera,1790411693.57,8.148,-14.777,595.27
camera,1790411694.13,8.142,-14.785,595.37
camera,1790411694.53,8.145,-14.782,595.37
camera,1790411695.07,8.148,-14.777,595.00
camera,1790411695.60,8.136,-14.794,594.71
camera,1790411696.03,8.082,-14.869,594.60
camera,1790411696.53,8.020,-14.956,594.63
camera,1790411697.10,7.956,-15.047,594.49
camera,1790411697.63,8.012,-14.997,586.98
camera,1790411698.07,8.219,-14.790,584.10
camera,1790411698.53,8.134,-14.823,584.10
camera,1790411699.07,8.059,-14.834,579.94
camera,1790411699.53,8.221,-14.747,571.71
camera,1790411700.10,8.104,-14.813,571.14
camera,1790411700.57,8.027,-14.860,571.25
camera,1790411701.03,7.946,-14.909,571.21
camera,1790411701.53,7.810,-14.992,571.27
camera,1790411702.07,7.647,-15.090,571.14
camera,1790411702.53,7.621,-15.102,571.59
camera,1790411703.03,7.491,-15.181,571.65
camera,1790411703.57,7.381,-15.249,571.64
camera,1790411704.07,7.294,-15.302,571.74
camera,1790411704.53,7.174,-15.375,571.81
camera,1790411705.03,7.032,-15.463,571.58
camera,1790411705.57,7.101,-15.445,561.46
camera,1790411706.07,7.017,-15.477,561.04
camera,1790411706.53,6.887,-15.527,561.01
camera,1790411707.03,6.754,-15.578,560.97
camera,1790411707.60,6.634,-15.623,561.12
camera,1790411708.10,6.525,-15.665,561.21
camera,1790411708.57,6.426,-15.704,561.41
camera,1790411709.07,6.349,-15.735,561.60
camera,1790411709.53,6.204,-15.792,561.55
camera,1790411710.10,6.083,-15.839,561.66
camera,1790411710.57,5.957,-15.889,561.66
camera,1790411711.03,5.842,-15.935,561.71
camera,1790411711.53,5.720,-15.985,561.86
camera,1790411712.07,5.562,-16.049,561.90
camera,1790411712.60,5.415,-16.107,561.93
camera,1790411713.07,5.280,-16.162,561.99
camera,1790411713.57,5.128,-16.224,562.04
camera,1790411714.03,5.001,-16.276,562.16
camera,1790411714.53,4.851,-16.338,562.21
camera,1790411715.07,4.737,-16.384,562.26
camera,1790411715.57,4.598,-16.441,562.30
camera,1790411716.03,4.458,-16.498,562.31
camera,1790411716.57,4.309,-16.560,562.47
camera,1790411717.03,4.172,-16.617,562.60
camera,1790411717.57,4.021,-16.680,562.61
camera,1790411718.03,3.908,-16.727,562.76
camera,1790411718.60,3.760,-16.790,562.94
camera,1790411719.07,3.622,-16.849,562.84
camera,1790411719.53,3.463,-16.913,562.84
camera,1790411720.07,3.305,-16.981,563.13
camera,1790411720.53,3.180,-17.034,563.12
camera,1790411721.07,2.999,-17.111,562.99
camera,1790411721.57,2.825,-17.185,563.09
camera,1790411722.03,2.723,-17.227,563.09
camera,1790411722.57,2.606,-17.276,563.18
camera,1790411723.03,2.477,-17.329,563.22
camera,1790411723.60,2.280,-17.413,563.22
camera,1790411724.07,2.131,-17.475,563.26
camera,1790411724.53,2.150,-17.466,563.30
camera,1790411725.03,2.137,-17.472,563.32
camera,1790411725.57,2.102,-17.496,569.79
camera,1790411726.03,2.072,-17.523,577.30
camera,1790411726.53,2.043,-17.555,585.65
camera,1790411727.83,2.155,-15.939,585.89
camera,1790411728.03,2.156,-15.937,589.17
camera,1790411728.57,2.160,-15.930,598.64
camera,1790411729.03,2.159,-15.931,604.34
camera,1790411729.53,2.159,-15.931,604.35
camera,1790411730.03,2.155,-15.944,608.00
camera,1790411730.53,2.155,-15.943,616.64
camera,1790411731.07,2.154,-15.968,625.72
camera,1790411731.57,2.154,-15.969,625.42
camera,1790411732.07,2.154,-15.974,625.32
camera,1790411732.53,2.154,-15.967,625.35
camera,1790411733.03,2.154,-15.972,625.34
camera,1790411733.57,2.154,-15.965,625.29
camera,1790411734.07,2.154,-15.971,625.33
camera,1790411734.53,2.154,-15.967,625.34
camera,1790411735.03,2.154,-15.966,625.37
camera,1790411735.53,2.154,-15.967,625.41
camera,1790411736.10,2.145,-16.091,625.46
camera,1790411736.57,2.134,-16.230,625.57
camera,1790411737.03,2.125,-16.361,625.76
camera,1790411737.53,2.114,-16.509,625.84
camera,1790411738.07,2.103,-16.670,625.96
camera,1790411738.57,2.091,-16.838,626.03
camera,1790411739.03,2.079,-17.018,626.19
camera,1790411739.53,2.068,-17.190,626.23
camera,1790411740.07,2.055,-17.385,626.29
camera,1790411740.57,2.044,-17.570,626.34
camera,1790411741.03,2.034,-17.728,626.42
camera,1790411741.53,2.022,-17.927,626.52
camera,1790411742.10,2.010,-18.139,626.63
camera,1790411742.57,2.000,-18.317,626.69
camera,1790411743.07,1.990,-18.497,626.81
camera,1790411743.57,1.980,-18.677,626.80
camera,1790411744.07,1.970,-18.870,626.96
camera,1790411744.53,1.960,-19.068,627.03
camera,1790411745.03,1.951,-19.248,627.11
camera,1790411745.53,1.941,-19.435,627.13
camera,1790411746.03,1.933,-19.614,627.17
camera,1790411746.53,1.924,-19.800,627.24
camera,1790411747.07,1.914,-20.024,627.40
camera,1790411747.57,1.906,-20.210,627.51
camera,1790411748.07,1.899,-20.409,627.68
camera,1790411748.57,1.890,-20.615,627.71
camera,1790411749.07,1.884,-20.797,627.85
camera,1790411749.57,1.877,-20.997,627.96
camera,1790411750.03,1.872,-21.168,628.07
camera,1790411750.53,1.867,-21.337,628.04
camera,1790411751.03,1.862,-21.525,628.12
camera,1790411751.57,1.856,-21.736,628.27
camera,1790411752.07,1.850,-21.937,628.39
camera,1790411752.53,1.848,-22.016,628.30
camera,1790411753.03,1.849,-22.016,628.32
camera,1790411753.53,1.849,-22.015,628.32
camera,1790411754.07,1.849,-22.018,628.25
camera,1790411754.57,1.849,-22.018,628.28
camera,1790411755.03,1.849,-22.016,628.28
camera,1790411755.53,1.849,-22.016,628.26
camera,1790411756.03,1.849,-22.018,628.30
camera,1790411756.57,1.849,-22.014,628.32
camera,1790411757.07,1.849,-22.025,628.38
camera,1790411757.53,1.850,-22.011,628.28
camera,1790411758.03,1.850,-22.018,628.31
camera,1790411758.57,1.850,-22.019,628.32
camera,1790411759.07,1.850,-22.015,628.30
camera,1790411759.53,1.850,-22.018,628.29
camera,1790411760.03,1.850,-22.018,628.31
camera,1790411760.57,1.851,-22.013,628.29
camera,1790411761.07,1.850,-22.018,628.28
camera,1790411761.53,1.851,-22.014,628.26
camera,1790411762.03,1.851,-22.011,628.24
camera,1790411762.53,1.851,-22.017,628.31
camera,1790411763.07,1.852,-22.016,628.33
camera,1790411763.57,1.852,-22.014,628.27
camera,1790411764.03,1.852,-22.018,628.32
camera,1790411764.53,1.852,-22.024,628.35
camera,1790411765.07,1.852,-22.014,628.27
camera,1790411765.57,1.852,-22.012,628.25
camera,1790411766.07,1.852,-22.018,628.34
camera,1790411766.57,1.852,-22.020,628.36
camera,1790411767.07,1.852,-22.018,628.33
camera,1790411767.57,1.852,-22.017,628.31
camera,1790411768.07,1.852,-22.016,628.31
camera,1790411768.57,1.853,-22.014,628.28
camera,1790411769.07,1.853,-22.015,628.31
camera,1790411769.57,1.853,-22.009,628.25
camera,1790411770.07,1.853,-22.019,628.30
camera,1790411770.57,1.853,-22.015,628.32
camera,1790411771.07,1.853,-22.013,628.28
camera,1790411771.57,1.853,-22.016,628.31
camera,1790411772.07,1.853,-22.016,628.29
camera,1790411772.60,1.853,-22.013,628.31
camera,1790411773.07,1.853,-22.015,628.33
camera,1790411773.57,1.854,-22.012,628.27
camera,1790411774.07,1.854,-22.019,628.32
camera,1790411774.57,1.854,-22.015,628.29
camera,1790411775.03,1.854,-22.020,628.31
camera,1790411775.53,1.854,-22.017,628.31
camera,1790411776.03,1.854,-22.015,628.33
camera,1790411776.53,1.854,-22.021,628.33
camera,1790411777.07,1.854,-22.021,628.36
camera,1790411777.60,1.855,-22.014,628.29
camera,1790411778.07,1.855,-22.015,628.28
camera,1790411778.57,1.855,-22.015,628.33
camera,1790411779.07,1.855,-22.018,628.30
camera,1790411779.57,1.855,-22.018,628.31
camera,1790411780.03,1.856,-22.008,628.23
camera,1790411780.53,1.856,-22.013,628.24
camera,1790411781.03,1.856,-22.014,628.27
camera,1790411781.57,1.856,-22.015,628.26
camera,1790411782.07,1.856,-22.009,628.29
camera,1790411782.57,1.856,-22.017,628.32
camera,1790411783.03,1.856,-22.019,628.29
camera,1790411783.53,1.856,-22.018,628.33
camera,1790411784.03,1.856,-22.018,628.30
camera,1790411784.53,1.856,-22.018,628.37
camera,1790411785.07,1.857,-22.024,628.41
camera,1790411785.57,1.857,-22.013,628.27
camera,1790411786.07,1.857,-22.014,628.32
camera,1790411786.53,1.857,-22.020,628.33
camera,1790411787.03,1.858,-22.014,628.27
camera,1790411787.53,1.858,-22.010,628.23
camera,1790411788.03,1.858,-22.015,628.35
camera,1790411788.57,1.858,-22.013,628.31
camera,1790411789.07,1.858,-22.020,628.33
camera,1790411789.57,1.858,-22.017,628.31
camera,1790411790.07,1.858,-22.013,628.23
camera,1790411790.57,1.858,-22.021,628.37
camera,1790411791.07,1.858,-22.012,628.26
camera,1790411791.57,1.858,-22.015,628.33
camera,1790411792.07,1.859,-22.014,628.27
camera,1790411792.53,1.859,-22.011,628.32
camera,1790411793.03,1.859,-22.014,628.27
camera,1790411793.57,1.859,-22.015,628.31
camera,1790411794.00,1.859,-22.018,628.35
camera,1790411794.50,1.859,-22.013,628.31
camera,1790411795.03,1.859,-22.012,628.28
camera,1790411795.53,1.859,-22.018,628.32
camera,1790411796.03,1.860,-22.015,628.29
camera,1790411796.50,1.860,-22.011,628.27
camera,1790411797.00,1.860,-22.012,628.25
camera,1790411797.57,1.860,-22.020,628.35
camera,1790411798.00,1.861,-22.012,628.27
camera,1790411798.53,1.861,-22.018,628.33
camera,1790411799.00,1.861,-22.013,628.30
camera,1790411799.50,1.861,-22.013,628.30
camera,1790411800.03,1.861,-22.009,628.28
camera,1790411800.53,1.861,-22.012,628.27
camera,1790411801.00,1.862,-22.009,628.25
camera,1790411801.50,1.862,-22.013,628.30
camera,1790411802.00,1.862,-22.015,628.30
camera,1790411802.57,1.862,-22.015,628.34
camera,1790411803.03,1.863,-21.997,628.13
camera,1790411803.53,1.863,-22.014,628.27
camera,1790411804.03,1.863,-22.009,628.26
camera,1790411804.50,1.863,-22.015,628.33
camera,1790411805.00,1.863,-22.013,628.33
camera,1790411805.53,1.863,-22.012,628.26
camera,1790411806.03,1.863,-22.015,628.29
camera,1790411806.53,1.863,-22.020,628.34
camera,1790411807.03,1.864,-22.013,628.24
camera,1790411807.53,1.864,-22.011,628.31
camera,1790411808.03,1.864,-22.014,628.32
camera,1790411808.53,1.864,-22.016,628.31
camera,1790411809.00,1.864,-22.014,628.27
camera,1790411809.50,1.865,-22.013,628.33
camera,1790411810.00,1.865,-22.012,628.29
camera,1790411810.57,1.865,-22.013,628.29
camera,1790411811.03,1.865,-22.010,628.24
camera,1790411811.53,1.866,-22.011,628.31
camera,1790411812.03,1.865,-22.015,628.28
camera,1790411812.53,1.866,-22.010,628.23
camera,1790411813.03,1.866,-22.017,628.30
camera,1790411813.53,1.866,-22.010,628.28
camera,1790411814.03,1.866,-22.016,628.33
camera,1790411814.53,1.866,-22.014,628.34
camera,1790411815.03,1.866,-22.032,628.33
camera,1790411815.53,1.863,-22.124,628.39
camera,1790411816.03,1.861,-22.222,628.41
camera,1790411816.50,1.859,-22.303,628.36
camera,1790411817.03,1.856,-22.433,628.50
camera,1790411817.50,1.853,-22.543,628.62
camera,1790411818.00,1.850,-22.672,628.56
camera,1790411818.50,1.847,-22.819,628.84
camera,1790411819.00,1.844,-22.957,628.79
camera,1790411819.53,1.842,-23.123,628.96
camera,1790411820.03,1.840,-23.258,629.03
camera,1790411820.53,1.837,-23.403,628.99
camera,1790411821.03,1.835,-23.536,629.06
camera,1790411821.50,1.833,-23.680,629.14
camera,1790411822.00,1.831,-23.829,629.28
camera,1790411822.50,1.829,-23.969,629.17
camera,1790411823.00,1.827,-24.123,629.23
camera,1790411823.50,1.825,-24.271,629.25
camera,1790411824.07,1.823,-24.443,629.21
camera,1790411824.53,1.822,-24.591,629.46
camera,1790411825.03,1.821,-24.740,629.45
camera,1790411825.53,1.820,-24.894,629.65
camera,1790411826.03,1.819,-25.043,629.61
camera,1790411826.53,1.818,-25.054,629.68
camera,1790411827.00,1.819,-25.058,630.80
camera,1790411827.50,1.822,-25.070,640.89
camera,1790411828.03,1.835,-25.096,651.98
camera,1790411828.53,1.850,-25.116,662.17
camera,1790411829.03,1.864,-25.129,672.48
camera,1790411829.53,1.891,-25.148,682.91
camera,1790411830.00,1.920,-25.160,692.87
camera,1790411830.50,1.963,-25.169,703.57
camera,1790411831.00,2.014,-25.171,714.22
camera,1790411831.53,2.070,-25.164,723.63
camera,1790411832.00,2.065,-25.164,723.43
camera,1790411832.50,2.065,-25.164,723.47
camera,1790411833.07,2.067,-25.164,723.41
camera,1790411833.57,2.065,-25.164,723.40
camera,1790411834.03,2.067,-25.164,723.46
camera,1790411834.53,2.066,-25.164,723.43
camera,1790411835.10,2.067,-25.164,723.43
camera,1790411835.57,2.067,-25.164,723.45
camera,1790411836.00,2.065,-25.164,723.46
camera,1790411836.50,2.067,-25.164,723.45
camera,1790411837.03,2.066,-25.164,723.44
camera,1790411837.53,2.065,-25.164,723.44
camera,1790411838.00,2.064,-25.164,723.47
camera,1790411838.50,2.066,-25.164,723.46
camera,1790411839.00,2.065,-25.164,723.53
camera,1790411839.50,2.067,-25.164,723.46
camera,1790411840.03,2.064,-25.164,723.49
camera,1790411840.50,2.066,-25.164,723.48
camera,1790411841.00,2.065,-25.164,723.49
camera,1790411841.57,2.064,-25.164,723.48
camera,1790411842.03,2.064,-25.164,723.49
camera,1790411842.53,2.065,-25.164,723.52
camera,1790411843.03,2.066,-25.164,723.52
camera,1790411843.50,2.065,-25.164,723.50
camera,1790411844.00,2.066,-25.164,723.50
camera,1790411844.53,2.067,-25.164,723.49
camera,1790411845.03,2.065,-25.164,723.52
camera,1790411845.53,2.065,-25.164,723.50
camera,1790411846.03,2.064,-25.164,723.50
camera,1790411846.50,2.066,-25.164,723.51
camera,1790411847.00,2.064,-25.164,723.52
camera,1790411847.50,2.063,-25.164,723.51
camera,1790411848.10,2.067,-25.164,723.50
camera,1790411848.53,2.064,-25.164,723.52
camera,1790411849.03,2.066,-25.164,723.53
camera,1790411849.50,2.066,-25.164,723.50
camera,1790411850.03,2.084,-25.155,731.03
camera,1790411850.50,2.129,-25.129,742.91
camera,1790411851.00,2.124,-25.131,742.72
camera,1790411851.50,2.124,-25.131,742.76
camera,1790411852.07,2.124,-25.131,742.78
camera,1790411852.53,2.122,-25.132,742.77
camera,1790411853.03,2.131,-25.126,747.89
camera,1790411853.53,2.164,-25.095,757.23
camera,1790411854.00,2.164,-25.095,757.23
camera,1790411854.50,2.163,-25.096,757.24
camera,1790411855.03,2.165,-25.095,757.19
camera,1790411855.53,2.169,-25.090,760.04
camera,1790411856.03,2.207,-25.047,766.85
camera,1790411856.50,2.205,-25.048,766.81
camera,1790411857.00,2.205,-25.048,766.79
camera,1790411857.50,2.210,-25.040,769.93
camera,1790411858.00,2.229,-25.001,779.31
camera,1790411858.53,2.245,-24.960,785.57
camera,1790411859.03,2.244,-24.961,785.49
camera,1790411859.53,2.247,-24.952,788.56
camera,1790411860.00,2.256,-24.911,794.39
camera,1790411860.50,2.257,-24.906,794.48
camera,1790411861.03,2.258,-24.886,799.25
camera,1790411861.53,2.257,-24.817,806.61
camera,1790411862.00,2.256,-24.822,806.24
camera,1790411862.50,2.256,-24.827,806.24
camera,1790411863.03,2.255,-24.832,806.21
camera,1790411863.50,2.256,-24.827,806.21
camera,1790411864.07,2.256,-24.821,806.24
camera,1790411864.53,2.256,-24.825,806.25
camera,1790411865.00,2.256,-24.825,806.23
camera,1790411865.50,2.256,-24.826,806.15
camera,1790411866.03,2.255,-24.828,806.17
camera,1790411866.50,2.256,-24.828,806.17
camera,1790411867.03,2.261,-24.732,806.42
camera,1790411867.53,2.271,-24.564,806.60
camera,1790411868.00,2.281,-24.388,806.71
camera,1790411868.53,2.294,-24.169,806.79
camera,1790411869.00,2.303,-23.995,806.83
camera,1790411869.50,2.313,-23.812,806.88
camera,1790411870.03,2.324,-23.613,806.63
camera,1790411870.50,2.339,-23.432,805.91
camera,1790411871.00,2.353,-23.227,806.02
camera,1790411871.53,2.368,-22.980,806.32
camera,1790411872.00,2.381,-22.764,806.50
camera,1790411872.53,2.394,-22.538,806.82
camera,1790411873.03,2.403,-22.353,807.09
camera,1790411873.50,2.411,-22.181,807.17
camera,1790411874.03,2.420,-21.983,807.29
camera,1790411874.50,2.427,-21.817,807.45
camera,1790411875.03,2.434,-21.636,807.75
camera,1790411875.50,2.440,-21.464,807.82
camera,1790411876.03,2.447,-21.281,807.96
camera,1790411876.53,2.452,-21.115,808.19
camera,1790411877.00,2.458,-20.954,808.13
camera,1790411877.53,2.465,-20.749,808.26
camera,1790411878.00,2.468,-20.577,808.52
camera,1790411878.53,2.473,-20.385,808.60
camera,1790411879.00,2.476,-20.234,808.66
camera,1790411879.53,2.481,-20.033,808.60
camera,1790411880.00,2.484,-19.858,808.74
camera,1790411880.53,2.485,-19.835,808.70
camera,1790411881.03,2.485,-19.835,808.72
camera,1790411881.50,2.485,-19.827,808.78
camera,1790411882.03,2.485,-19.826,808.77
camera,1790411882.50,2.485,-19.824,808.79
camera,1790411883.03,2.487,-19.689,808.92
camera,1790411883.50,2.490,-19.551,808.89
camera,1790411884.03,2.493,-19.397,808.95
camera,1790411884.53,2.496,-19.247,808.99
camera,1790411885.07,2.498,-19.076,809.22
camera,1790411885.53,2.500,-18.932,809.31
camera,1790411886.00,2.501,-18.781,809.33
camera,1790411886.53,2.502,-18.609,809.51
camera,1790411887.00,2.504,-18.460,809.52
camera,1790411887.53,2.505,-18.289,809.62
camera,1790411888.00,2.505,-18.129,809.70
camera,1790411888.53,2.505,-17.943,809.85
camera,1790411889.00,2.505,-17.792,809.98
camera,1790411889.50,2.505,-17.629,810.04
camera,1790411890.03,2.505,-17.532,810.04
camera,1790411890.50,2.505,-17.360,809.99
camera,1790411891.03,2.505,-17.155,810.00
camera,1790411891.50,2.504,-16.977,810.19
camera,1790411892.00,2.503,-16.788,810.31
camera,1790411892.53,2.502,-16.578,810.34
camera,1790411893.00,2.501,-16.404,810.29
camera,1790411893.57,2.499,-16.185,810.53
camera,1790411894.03,2.498,-16.015,810.48
camera,1790411894.50,2.497,-15.859,810.37
camera,1790411895.03,2.496,-15.681,810.20
camera,1790411895.50,2.497,-15.584,809.65
camera,1790411897.67,2.867,-15.159,812.96
camera,1790411898.00,2.866,-15.177,818.63
camera,1790411898.53,2.868,-15.187,828.04
camera,1790411899.00,2.869,-15.190,836.09
camera,1790411899.53,2.870,-15.192,845.39
camera,1790411900.00,2.868,-15.189,853.41
camera,1790411900.53,2.858,-15.183,862.52
camera,1790411901.03,2.848,-15.178,870.64
camera,1790411901.50,2.832,-15.172,878.15
camera,1790411902.03,2.806,-15.168,886.73
camera,1790411902.50,2.779,-15.167,894.12
camera,1790411903.00,2.784,-15.168,894.01
camera,1790411903.53,2.786,-15.168,894.00
camera,1790411904.00,2.781,-15.167,894.00
camera,1790411904.53,2.784,-15.168,893.93
camera,1790411905.00,2.712,-15.160,894.16
camera,1790411905.50,2.565,-15.145,894.35
camera,1790411906.03,2.411,-15.130,894.45
camera,1790411906.50,2.223,-15.113,894.53
camera,1790411907.03,2.040,-15.096,894.70
camera,1790411907.53,1.853,-15.079,894.87
camera,1790411908.00,1.694,-15.065,894.90
camera,1790411908.53,1.490,-15.047,894.99
camera,1790411909.00,1.315,-15.033,895.15
camera,1790411909.53,1.121,-15.016,895.22
camera,1790411910.00,0.957,-15.003,895.32
camera,1790411910.50,0.771,-14.988,895.37
camera,1790411911.03,0.575,-14.973,895.49
camera,1790411911.50,0.404,-14.959,895.54
camera,1790411912.03,0.206,-14.944,895.64
camera,1790411912.53,0.018,-14.931,895.78
camera,1790411913.00,-0.138,-14.919,895.85
camera,1790411913.53,-0.345,-14.904,895.89
camera,1790411914.00,-0.529,-14.891,896.03
camera,1790411914.50,-0.713,-14.879,896.17
camera,1790411915.03,-0.940,-14.863,896.15
camera,1790411915.50,-1.128,-14.851,896.20
camera,1790411916.03,-1.333,-14.837,896.31
camera,1790411916.53,-1.531,-14.824,896.31
camera,1790411917.00,-1.722,-14.812,896.29
camera,1790411917.53,-1.904,-14.796,895.17
camera,1790411918.03,-2.087,-14.767,892.37
camera,1790411918.50,-2.256,-14.745,892.49
camera,1790411919.03,-2.457,-14.718,892.41
camera,1790411919.50,-2.627,-14.696,892.55
camera,1790411920.00,-2.814,-14.671,892.64
camera,1790411920.53,-3.017,-14.645,892.70
camera,1790411921.03,-3.210,-14.621,892.76
camera,1790411921.50,-3.394,-14.598,892.81
camera,1790411922.00,-3.581,-14.574,892.88
camera,1790411922.53,-3.783,-14.550,893.00
camera,1790411923.03,-3.975,-14.527,893.16
camera,1790411923.50,-4.149,-14.506,893.23
camera,1790411924.00,-4.335,-14.485,893.23
camera,1790411924.50,-4.522,-14.463,893.41
camera,1790411925.03,-4.730,-14.440,893.47
camera,1790411925.50,-4.902,-14.420,893.35
camera,1790411926.07,-5.115,-14.395,893.48
camera,1790411926.53,-5.286,-14.376,893.58
camera,1790411927.03,-5.477,-14.356,893.83
camera,1790411927.50,-5.656,-14.336,893.71
camera,1790411928.00,-5.846,-14.316,893.90
camera,1790411928.50,-6.029,-14.297,893.93
camera,1790411929.04,-6.233,-14.277,894.26
camera,1790411929.50,-6.409,-14.259,894.17
camera,1790411930.00,-6.593,-14.241,894.34
camera,1790411930.53,-6.798,-14.222,894.49
camera,1790411931.00,-6.967,-14.210,895.68
camera,1790411931.50,-7.156,-14.196,895.58
camera,1790411932.00,-7.236,-14.187,894.70
camera,1790411932.50,-7.237,-14.187,894.64
camera,1790411933.03,-7.210,-14.200,880.39
camera,1790411933.53,-7.193,-14.215,865.98
camera,1790411934.00,-7.187,-14.225,851.60
camera,1790411934.50,-7.188,-14.222,836.53
camera,1790411935.03,-7.188,-14.216,819.15
camera,1790411935.57,-7.185,-14.202,805.89
camera,1790411936.03,-7.185,-14.200,806.00
camera,1790411936.50,-7.185,-14.201,805.97
camera,1790411937.03,-7.185,-14.197,806.12
camera,1790411937.50,-7.185,-14.199,806.13
camera,1790411938.00,-7.185,-14.198,806.09
camera,1790411938.53,-7.185,-14.198,806.10
camera,1790411939.00,-7.185,-14.197,806.15
camera,1790411939.53,-7.185,-14.196,806.17
camera,1790411940.03,-7.185,-14.196,806.12
camera,1790411940.50,-7.185,-14.203,806.06
camera,1790411941.03,-7.185,-14.198,806.07
camera,1790411941.50,-7.185,-14.199,806.14
camera,1790411942.00,-7.185,-14.195,806.14
camera,1790411942.53,-7.185,-14.198,805.98
camera,1790411943.00,-7.184,-14.194,803.46
camera,1790411943.53,-7.164,-14.157,789.15
camera,1790411944.00,-7.130,-14.112,777.13
camera,1790411944.53,-7.108,-14.089,772.34
camera,1790411945.00,-7.113,-14.110,770.07
camera,1790411945.53,-7.027,-14.091,756.80
camera,1790411946.00,-7.016,-14.089,747.09
camera,1790411946.57,-6.989,-14.084,735.39
camera,1790411947.03,-6.956,-14.083,725.60
camera,1790411947.50,-6.938,-14.083,723.62
camera,1790411948.03,-6.823,-14.078,722.88
camera,1790411948.50,-6.671,-14.070,722.93
camera,1790411949.07,-6.484,-14.060,723.05
camera,1790411949.53,-6.314,-14.051,723.12
camera,1790411950.00,-6.139,-14.041,723.19
camera,1790411950.53,-5.951,-14.030,723.26
camera,1790411951.00,-5.786,-14.020,723.36
camera,1790411951.50,-5.619,-14.010,723.37
camera,1790411952.03,-5.426,-13.999,723.43
camera,1790411952.50,-5.255,-13.988,723.48
camera,1790411953.03,-5.070,-13.977,723.59
camera,1790411953.53,-4.882,-13.964,723.66
camera,1790411954.00,-4.711,-13.953,723.70
camera,1790411954.53,-4.512,-13.940,723.73
camera,1790411955.00,-4.331,-13.928,723.74
camera,1790411955.50,-4.129,-13.914,723.86
camera,1790411956.03,-3.933,-13.900,723.95
camera,1790411956.50,-3.751,-13.889,723.90
camera,1790411957.03,-3.556,-13.875,724.03
camera,1790411957.50,-3.374,-13.862,724.09
camera,1790411958.07,-3.161,-13.846,724.19
camera,1790411958.53,-2.974,-13.833,724.18
camera,1790411959.00,-2.792,-13.819,724.27
camera,1790411959.57,-2.583,-13.804,724.27
camera,1790411960.03,-2.401,-13.790,724.33
camera,1790411960.50,-2.225,-13.776,724.36
camera,1790411961.03,-2.021,-13.761,724.42
camera,1790411961.53,-1.823,-13.745,724.45
camera,1790411962.03,-1.619,-13.729,724.46
camera,1790411962.53,-1.420,-13.713,724.51
camera,1790411963.03,-1.239,-13.699,724.66
camera,1790411963.50,-1.059,-13.684,724.69
camera,1790411964.07,-0.851,-13.666,724.77
camera,1790411964.53,-0.674,-13.651,724.84
camera,1790411965.00,-0.496,-13.636,724.89
camera,1790411965.50,-0.307,-13.619,724.93
camera,1790411966.00,-0.118,-13.603,725.00
camera,1790411966.53,0.083,-13.585,725.12
camera,1790411967.00,0.267,-13.568,725.11
camera,1790411967.53,0.469,-13.549,725.21
camera,1790411968.03,0.664,-13.531,725.28
camera,1790411968.50,0.839,-13.515,725.31
camera,1790411969.03,1.047,-13.496,725.21
camera,1790411969.53,1.113,-13.490,725.30
camera,1790411970.00,1.112,-13.490,725.27
camera,1790411970.53,1.111,-13.490,725.28
camera,1790411971.00,1.113,-13.490,725.28
camera,1790411971.57,1.110,-13.490,725.43
camera,1790411972.03,1.108,-13.492,734.70
camera,1790411972.50,1.088,-13.505,748.82
camera,1790411973.00,1.077,-13.517,764.24
camera,1790411973.50,1.077,-13.518,779.20
camera,1790411974.00,1.081,-13.485,794.01
camera,1790411974.50,1.080,-13.476,808.78
camera,1790411975.00,1.080,-13.472,809.25
camera,1790411975.53,1.080,-13.468,809.27
camera,1790411976.00,1.080,-13.460,809.26
camera,1790411976.50,1.080,-13.468,809.25
camera,1790411977.03,1.080,-13.468,809.24
camera,1790411977.50,1.080,-13.465,809.24
camera,1790411978.03,1.080,-13.430,809.29
camera,1790411978.50,1.087,-13.334,807.03
camera,1790411979.03,1.112,-13.189,802.15
camera,1790411979.50,1.144,-13.061,798.12
camera,1790411980.00,1.185,-12.923,795.08
camera,1790411980.53,1.210,-12.756,800.68
camera,1790411981.00,1.196,-12.591,808.50
camera,1790411981.53,1.199,-12.437,808.82
camera,1790411982.03,1.202,-12.263,808.96
camera,1790411982.53,1.205,-12.075,809.11
camera,1790411983.03,1.207,-11.895,809.21
camera,1790411983.50,1.210,-11.722,809.25
camera,1790411984.03,1.211,-11.518,809.42
camera,1790411984.50,1.213,-11.344,809.51
camera,1790411985.03,1.215,-11.143,809.56
camera,1790411985.50,1.216,-10.967,809.63
camera,1790411986.07,1.217,-10.750,809.72
camera,1790411986.53,1.217,-10.584,809.81
camera,1790411987.00,1.217,-10.422,809.92
camera,1790411987.53,1.218,-10.227,809.82
camera,1790411988.00,1.224,-10.067,808.31
camera,1790411988.53,1.259,-9.890,801.63
camera,1790411989.03,1.285,-9.715,801.62
camera,1790411989.50,1.312,-9.536,801.60
camera,1790411990.00,1.339,-9.351,801.60
camera,1790411990.53,1.368,-9.154,801.61
camera,1790411991.00,1.391,-9.000,801.69
camera,1790411991.53,1.421,-8.791,801.81
camera,1790411992.00,1.445,-8.620,801.86
camera,1790411992.53,1.472,-8.432,801.92
camera,1790411993.03,1.499,-8.240,801.95
camera,1790411993.50,1.522,-8.071,802.02
camera,1790411994.03,1.549,-7.879,802.12
camera,1790411994.50,1.574,-7.692,802.23
camera,1790411995.03,1.600,-7.498,802.32
camera,1790411995.50,1.624,-7.324,802.41
camera,1790411996.03,1.648,-7.139,802.51
camera,1790411996.50,1.671,-6.960,802.53
camera,1790411997.00,1.694,-6.775,802.68
camera,1790411997.53,1.718,-6.587,802.75
camera,1790411998.00,1.741,-6.413,802.77
camera,1790411998.50,1.764,-6.225,802.87
camera,1790411999.03,1.788,-6.030,802.89
camera,1790411999.50,1.810,-5.846,803.03
camera,1790412000.03,1.834,-5.651,803.11
camera,1790412000.54,1.857,-5.456,803.17
camera,1790412001.00,1.878,-5.279,803.19
camera,1790412001.53,1.902,-5.081,803.23
camera,1790412002.03,1.925,-4.883,803.34
camera,1790412002.50,1.945,-4.709,803.34
camera,1790412003.00,1.953,-4.644,803.27
camera,1790412003.53,1.972,-4.492,803.08
camera,1790412004.00,1.993,-4.315,803.18
camera,1790412004.53,2.014,-4.141,803.10
camera,1790412005.07,2.038,-3.941,803.17
camera,1790412005.53,2.059,-3.765,803.25
camera,1790412006.00,2.080,-3.589,803.33
camera,1790412006.53,2.104,-3.379,803.38
camera,1790412007.00,2.124,-3.208,803.43
camera,1790412007.50,2.146,-3.015,803.48
camera,1790412008.00,2.167,-2.819,803.61
camera,1790412008.57,2.191,-2.604,803.63
camera,1790412009.00,2.210,-2.439,803.67
camera,1790412009.50,2.231,-2.246,803.70
camera,1790412010.03,2.252,-2.049,803.75
camera,1790412010.57,2.274,-1.850,803.73
camera,1790412011.03,2.292,-1.679,803.81
camera,1790412011.53,2.313,-1.490,803.84
camera,1790412012.00,2.331,-1.315,803.89
camera,1790412012.50,2.351,-1.134,803.89
camera,1790412013.00,2.370,-0.947,804.06
camera,1790412013.50,2.389,-0.757,804.13
camera,1790412014.03,2.410,-0.555,804.14
camera,1790412014.57,2.430,-0.350,804.41
camera,1790412015.03,2.449,-0.161,804.41
camera,1790412015.57,2.468,0.044,804.52
camera,1790412016.03,2.477,0.134,804.55
camera,1790412016.53,2.477,0.140,804.51
camera,1790412017.03,2.480,0.170,804.53
camera,1790412017.50,2.488,0.244,804.54
camera,1790412018.00,2.487,0.238,804.56
camera,1790412018.50,2.488,0.243,805.46
camera,1790412019.03,2.484,0.263,817.24
camera,1790412019.53,2.470,0.289,829.73
camera,1790412020.03,2.404,0.369,843.59
camera,1790412020.53,2.368,0.396,857.08
camera,1790412021.00,2.308,0.421,870.63
camera,1790412021.53,2.247,0.428,885.87
camera,1790412022.03,2.230,0.430,888.32
camera,1790412022.50,2.220,0.429,891.78
camera,1790412023.00,2.210,0.431,892.38
camera,1790412023.50,2.215,0.430,892.45
camera,1790412024.00,2.224,0.429,892.42
camera,1790412024.53,2.218,0.430,892.31
camera,1790412025.00,2.225,0.429,892.38
camera,1790412025.50,2.210,0.430,895.75
camera,1790412026.03,2.169,0.421,907.68
camera,1790412026.50,2.129,0.402,918.85
camera,1790412027.03,2.055,0.341,932.61
camera,1790412027.50,2.070,0.362,943.78
camera,1790412028.03,2.070,0.367,956.77
camera,1790412028.50,2.065,0.347,967.73
camera,1790412029.07,2.059,0.300,979.56
camera,1790412029.50,2.054,0.278,980.03
camera,1790412030.07,2.053,0.275,985.53
camera,1790412030.53,2.053,0.275,985.69
camera,1790412031.00,2.053,0.261,985.73
camera,1790412031.53,2.053,0.268,987.46
camera,1790412032.00,2.053,0.254,987.37
camera,1790412032.53,2.053,0.246,987.36
camera,1790412033.00,2.053,0.259,987.36
camera,1790412033.53,2.053,0.262,987.31
camera,1790412034.00,2.053,0.260,987.33
camera,1790412034.50,2.053,0.263,987.31
camera,1790412035.03,2.054,0.265,987.35
camera,1790412035.50,2.055,0.249,992.56
camera,1790412036.03,2.066,0.210,1002.79
camera,1790412036.50,2.069,0.186,1002.74
camera,1790412037.03,2.074,0.186,1006.54
camera,1790412038.23,1.540,0.619,1042.32
camera,1790412038.50,1.567,0.608,1051.21
camera,1790412039.03,1.583,0.607,1069.85
camera,1790412039.53,1.606,0.609,1076.25
camera,1790412040.00,1.606,0.609,1076.21
camera,1790412040.50,1.605,0.609,1076.22
camera,1790412041.03,1.608,0.609,1076.24
camera,1790412041.54,1.609,0.609,1076.22
camera,1790412042.00,1.608,0.609,1076.24
camera,1790412042.50,1.607,0.609,1076.22
camera,1790412043.04,1.607,0.609,1076.20
camera,1790412043.50,1.607,0.609,1076.22
camera,1790412044.07,1.605,0.609,1076.23
camera,1790412044.54,1.608,0.609,1076.24
camera,1790412045.04,1.611,0.609,1079.46
camera,1790412045.50,1.624,0.613,1090.43
camera,1790412046.10,1.636,0.617,1090.93
camera,1790412046.54,1.644,0.620,1096.75
camera,1790412047.00,1.686,0.647,1106.83
camera,1790412047.54,1.703,0.664,1118.67
camera,1790412048.04,1.723,0.693,1131.16
camera,1790412048.50,1.736,0.728,1143.07
camera,1790412049.04,1.741,0.757,1156.72
camera,1790412049.50,1.740,0.785,1168.78
camera,1790412050.00,1.733,0.812,1182.07
camera,1790412050.54,1.665,0.900,1196.44
camera,1790412051.04,1.619,0.943,1210.29
camera,1790412051.54,1.574,0.969,1223.44
camera,1790412052.04,1.512,0.989,1236.80
camera,1790412052.54,1.454,0.994,1250.06
camera,1790412053.00,1.395,0.986,1262.12
camera,1790412053.50,1.347,0.966,1275.24
camera,1790412054.04,1.173,0.840,1289.31
camera,1790412054.50,1.174,0.852,1301.83
camera,1790412055.04,1.163,0.798,1316.38
camera,1790412055.50,1.155,0.760,1328.93
camera,1790412056.04,1.156,0.716,1343.10
camera,1790412056.54,1.170,0.650,1356.39
camera,1790412057.00,1.181,0.624,1368.89
camera,1790412058.07,1.490,0.688,1397.86
camera,1790412058.54,1.487,0.693,1410.69
camera,1790412059.00,1.505,0.691,1424.04
camera,1790412059.54,1.524,0.692,1434.33
camera,1790412060.04,1.520,0.692,1434.25
camera,1790412060.50,1.520,0.692,1434.26
camera,1790412061.04,1.521,0.692,1434.25
camera,1790412061.54,1.523,0.692,1434.23
camera,1790412062.00,1.523,0.692,1434.26
camera,1790412062.54,1.522,0.692,1434.23
camera,1790412063.00,1.521,0.692,1434.24
camera,1790412063.50,1.521,0.692,1434.22
camera,1790412064.04,1.521,0.692,1434.21
camera,1790412064.50,1.521,0.692,1434.23
camera,1790412065.00,1.568,0.688,1434.43
camera,1790412065.54,1.775,0.669,1434.71
camera,1790412066.00,1.956,0.652,1434.80
camera,1790412066.50,2.160,0.635,1434.94
camera,1790412067.04,2.378,0.615,1434.99
camera,1790412067.50,2.562,0.599,1435.02
camera,1790412068.04,2.763,0.581,1435.20
camera,1790412068.50,2.942,0.567,1435.29
camera,1790412069.04,3.156,0.550,1435.44
camera,1790412069.50,3.315,0.536,1435.48
camera,1790412070.04,3.504,0.521,1435.55
camera,1790412070.50,3.673,0.508,1435.65
camera,1790412071.04,3.850,0.496,1435.71
camera,1790412071.54,4.045,0.482,1435.95
camera,1790412072.00,4.237,0.469,1436.00
camera,1790412072.54,4.437,0.456,1436.07
camera,1790412073.00,4.601,0.445,1436.06
camera,1790412073.54,4.805,0.432,1436.22
camera,1790412074.00,4.982,0.420,1436.19
camera,1790412074.54,5.190,0.407,1436.36
camera,1790412075.00,5.369,0.396,1436.43
camera,1790412075.50,5.556,0.385,1436.47
camera,1790412076.04,5.761,0.373,1436.53
camera,1790412076.50,5.941,0.362,1436.62
camera,1790412077.04,6.145,0.351,1436.67
camera,1790412077.54,6.336,0.340,1436.78
camera,1790412078.00,6.513,0.331,1436.90
camera,1790412078.54,6.721,0.319,1437.06
camera,1790412079.00,6.898,0.310,1437.15
camera,1790412079.54,7.111,0.300,1437.16
camera,1790412080.00,7.290,0.292,1437.41
camera,1790412080.54,7.492,0.284,1437.45
camera,1790412081.00,7.660,0.276,1437.42
camera,1790412081.57,7.880,0.267,1437.57
camera,1790412082.00,8.051,0.260,1437.69
camera,1790412082.57,8.251,0.253,1437.80
camera,1790412083.04,8.430,0.246,1437.85
camera,1790412083.50,8.607,0.240,1438.00
camera,1790412084.04,8.793,0.236,1438.31
camera,1790412084.50,8.963,0.231,1438.19
camera,1790412085.04,9.136,0.224,1437.63
camera,1790412085.50,9.336,0.224,1438.62
camera,1790412086.00,9.514,0.218,1438.28
camera,1790412086.54,9.706,0.209,1437.44
camera,1790412087.04,9.879,0.186,1433.20
camera,1790412087.50,10.053,0.159,1432.07
camera,1790412088.04,10.252,0.131,1432.10
camera,1790412088.54,10.434,0.109,1432.07
camera,1790412089.04,10.621,0.084,1432.18
camera,1790412089.50,10.805,0.059,1432.24
camera,1790412090.04,11.001,0.032,1432.35
camera,1790412090.50,11.177,0.019,1434.49
camera,1790412091.00,11.364,0.003,1434.97
camera,1790412091.50,11.550,-0.013,1435.17
camera,1790412092.00,11.580,-0.015,1435.21
camera,1790412092.54,11.579,-0.015,1435.11
camera,1790412093.00,11.583,-0.014,1443.24
camera,1790412093.54,11.555,0.286,1456.15
camera,1790412094.00,11.538,0.274,1468.01
camera,1790412094.57,11.544,0.276,1479.64
camera,1790412095.04,11.568,0.249,1492.20
camera,1790412101.40,11.836,0.644,1570.21
camera,1790412101.54,11.847,0.636,1574.61
camera,1790412102.00,11.842,0.614,1589.88
camera,1790412102.54,11.824,0.618,1607.13
camera,1790412103.00,11.818,0.619,1606.93
camera,1790412103.54,11.701,0.646,1607.17
camera,1790412104.04,11.550,0.680,1607.31
camera,1790412104.50,11.377,0.717,1607.54
camera,1790412105.04,11.183,0.760,1607.55
camera,1790412105.50,11.016,0.797,1607.58
camera,1790412106.04,10.808,0.842,1607.73
camera,1790412106.54,10.624,0.882,1607.77
camera,1790412107.00,10.445,0.920,1607.94
camera,1790412107.50,10.261,0.959,1607.96
camera,1790412108.04,10.058,1.002,1608.03
camera,1790412108.54,9.887,1.037,1608.16
camera,1790412109.00,9.852,1.045,1608.15
camera,1790412109.54,9.861,1.043,1608.15
camera,1790412110.00,9.861,1.043,1608.15
camera,1790412110.57,9.862,1.043,1608.13
camera,1790412111.04,9.853,1.045,1608.16
camera,1790412111.54,9.738,1.070,1608.19
camera,1790412112.04,9.569,1.105,1608.25
camera,1790412112.54,9.404,1.139,1608.38
camera,1790412113.04,9.227,1.175,1608.42
camera,1790412113.50,9.043,1.211,1608.63
camera,1790412114.04,8.868,1.246,1608.65
camera,1790412114.50,8.695,1.280,1608.76
camera,1790412115.00,8.511,1.316,1608.79
camera,1790412115.54,8.419,1.334,1608.87
camera,1790412116.04,8.419,1.334,1608.89
camera,1790412116.50,8.419,1.334,1609.19
camera,1790412117.00,8.408,1.334,1612.75
camera,1790412117.54,8.394,1.333,1615.05
camera,1790412118.04,8.378,1.332,1621.19
camera,1790412118.54,8.366,1.330,1625.70
camera,1790412119.00,8.337,1.327,1625.69
camera,1790412119.50,8.196,1.312,1625.89
camera,1790412120.04,8.030,1.294,1626.02
camera,1790412120.54,7.851,1.273,1626.11
camera,1790412121.00,7.684,1.255,1626.28
camera,1790412121.50,7.484,1.232,1626.32
camera,1790412122.00,7.290,1.210,1626.41
camera,1790412122.50,7.100,1.188,1626.58
camera,1790412123.04,6.896,1.165,1626.53
camera,1790412123.54,6.700,1.142,1626.70
camera,1790412124.04,6.506,1.119,1626.78
camera,1790412124.50,6.330,1.097,1626.87
camera,1790412125.04,6.129,1.073,1626.94
camera,1790412125.54,5.947,1.050,1627.01
camera,1790412126.00,5.771,1.028,1627.16
camera,1790412126.54,5.565,1.002,1627.27
camera,1790412127.04,5.370,0.976,1627.30
camera,1790412127.54,5.179,0.952,1627.42
camera,1790412128.04,5.018,0.930,1627.50
camera,1790412128.54,5.016,0.930,1627.48
camera,1790412129.00,5.028,0.929,1617.43
camera,1790412129.50,5.038,0.928,1616.79
camera,1790412130.07,4.881,0.938,1616.44
camera,1790412130.54,4.714,0.948,1616.50
camera,1790412131.04,4.534,0.959,1616.52
camera,1790412131.54,4.348,0.970,1616.59
camera,1790412132.04,4.159,0.982,1616.62
camera,1790412132.54,3.963,0.993,1616.66
camera,1790412133.04,3.772,1.004,1616.74
camera,1790412133.50,3.596,1.014,1616.79
camera,1790412134.04,3.393,1.025,1616.90
camera,1790412134.50,3.210,1.034,1616.95
camera,1790412135.00,3.020,1.044,1617.02
camera,1790412135.50,2.828,1.054,1617.00
camera,1790412136.04,2.626,1.064,1617.10
camera,1790412136.50,2.450,1.072,1617.24
camera,1790412137.00,2.259,1.082,1617.24
camera,1790412137.50,2.074,1.090,1617.33
camera,1790412138.00,1.880,1.099,1617.32
camera,1790412138.54,1.677,1.108,1617.38
camera,1790412139.04,1.475,1.117,1617.45
camera,1790412139.54,1.393,1.121,1617.38
camera,1790412140.00,1.392,1.121,1617.43
camera,1790412140.50,1.395,1.122,1621.69
camera,1790412141.04,1.380,1.119,1625.47
camera,1790412141.54,1.381,1.119,1627.48
camera,1790412143.87,1.109,1.140,1687.96
camera,1790412144.00,1.109,1.141,1691.83
camera,1790412144.54,1.109,1.140,1704.15
camera,1790412145.00,1.109,1.139,1704.14
camera,1790412145.50,1.109,1.139,1704.18
camera,1790412146.04,1.109,1.140,1704.17
camera,1790412146.50,1.109,1.138,1704.17
camera,1790412147.04,1.109,1.136,1704.18
camera,1790412147.50,1.110,1.141,1704.18
camera,1790412148.04,1.109,1.137,1704.14
camera,1790412148.50,1.109,1.138,1704.18
camera,1790412149.04,1.104,1.083,1704.40
camera,1790412149.50,1.091,0.940,1704.49
camera,1790412150.00,1.074,0.760,1704.65
camera,1790412150.54,1.052,0.562,1703.72
camera,1790412151.00,1.025,0.392,1701.87
camera,1790412151.54,0.986,0.200,1699.66
camera,1790412152.00,0.952,0.024,1699.15
camera,1790412152.54,0.911,-0.186,1699.08
camera,1790412153.00,0.890,-0.341,1701.76
camera,1790412153.50,0.890,-0.549,1706.41
camera,1790412154.00,0.878,-0.752,1706.51
camera,1790412154.50,0.867,-0.947,1706.73
camera,1790412155.04,0.857,-1.144,1706.98
camera,1790412155.50,0.847,-1.325,1706.96
camera,1790412156.04,0.838,-1.515,1707.12
camera,1790412156.50,0.828,-1.705,1707.12
camera,1790412157.04,0.820,-1.884,1707.29
camera,1790412157.50,0.811,-2.071,1707.27
camera,1790412158.07,0.801,-2.287,1707.48
camera,1790412158.54,0.793,-2.479,1707.51
camera,1790412159.00,0.785,-2.655,1707.56
camera,1790412159.54,0.777,-2.858,1707.70
camera,1790412160.00,0.771,-3.034,1707.81
camera,1790412160.54,0.763,-3.233,1707.89
camera,1790412161.00,0.752,-3.420,1706.69
camera,1790412161.54,0.726,-3.616,1704.20
camera,1790412162.04,0.707,-3.802,1704.21
camera,1790412162.50,0.688,-3.988,1704.20
camera,1790412163.04,0.669,-4.184,1704.23
camera,1790412163.50,0.651,-4.358,1704.28
camera,1790412164.04,0.632,-4.562,1704.43
camera,1790412164.50,0.615,-4.737,1704.48
camera,1790412165.04,0.597,-4.937,1704.62
camera,1790412165.50,0.581,-5.114,1704.75
camera,1790412166.04,0.562,-5.319,1704.77
camera,1790412166.54,0.546,-5.501,1704.88
camera,1790412167.00,0.532,-5.663,1705.03
camera,1790412167.54,0.515,-5.868,1705.04
camera,1790412168.00,0.499,-6.052,1705.16
camera,1790412168.54,0.482,-6.255,1705.11
camera,1790412169.00,0.469,-6.417,1705.21
camera,1790412169.54,0.452,-6.618,1705.25
camera,1790412170.00,0.437,-6.799,1705.20
camera,1790412170.54,0.419,-7.010,1705.19
camera,1790412171.04,0.404,-7.197,1705.36
camera,1790412171.54,0.389,-7.389,1705.49
camera,1790412172.04,0.374,-7.579,1705.49
camera,1790412172.50,0.361,-7.751,1705.55
camera,1790412173.04,0.346,-7.953,1705.68
camera,1790412173.50,0.332,-8.135,1705.61
camera,1790412174.04,0.316,-8.346,1705.70
camera,1790412174.50,0.302,-8.528,1705.66
camera,1790412175.04,0.287,-8.732,1705.75
camera,1790412175.50,0.273,-8.920,1705.68
camera,1790412176.00,0.259,-9.110,1705.74
camera,1790412176.54,0.245,-9.308,1705.85
camera,1790412177.00,0.231,-9.485,1705.75
camera,1790412177.54,0.217,-9.690,1705.83
camera,1790412178.04,0.203,-9.882,1705.92
camera,1790412178.54,0.190,-10.069,1705.97
camera,1790412179.04,0.176,-10.263,1705.97
camera,1790412179.50,0.164,-10.444,1706.06
camera,1790412180.04,0.151,-10.649,1706.20
camera,1790412180.54,0.138,-10.841,1706.17
camera,1790412181.00,0.126,-11.022,1706.22
camera,1790412181.54,0.113,-11.229,1706.32
camera,1790412182.00,0.102,-11.403,1706.30
camera,1790412182.54,0.094,-11.523,1706.30
camera,1790412183.00,0.094,-11.520,1706.29
camera,1790412183.50,0.094,-11.523,1706.27
camera,1790412184.04,0.094,-11.519,1706.24
camera,1790412184.50,0.094,-11.518,1706.95
camera,1790412185.04,0.107,-11.556,1719.92
camera,1790412185.50,0.105,-11.547,1720.89
camera,1790412186.04,0.117,-11.572,1732.49
camera,1790412186.50,0.143,-11.604,1744.34
camera,1790412187.04,0.181,-11.632,1758.22
camera,1790412187.54,0.221,-11.648,1771.42
camera,1790412188.04,0.277,-11.657,1784.44
camera,1790412188.54,0.310,-11.654,1797.77
camera,1790412189.00,0.319,-11.652,1800.23
camera,1790412189.54,0.325,-11.652,1800.21
camera,1790412190.00,0.322,-11.652,1800.26
camera,1790412190.50,0.323,-11.652,1800.25
camera,1790412191.00,0.322,-11.652,1800.30
camera,1790412191.50,0.323,-11.652,1800.28
camera,1790412192.00,0.324,-11.652,1800.27
camera,1790412192.50,0.324,-11.652,1800.33
camera,1790412193.04,0.322,-11.652,1800.34
camera,1790412193.50,0.324,-11.652,1800.28
camera,1790412194.04,0.323,-11.652,1800.38
camera,1790412194.54,0.325,-11.652,1800.35
camera,1790412195.04,0.323,-11.652,1800.40
camera,1790412195.54,0.320,-11.652,1800.44
camera,1790412196.04,0.332,-11.651,1802.58
camera,1790412196.60,0.374,-11.635,1817.27
camera,1790412197.00,0.390,-11.629,1817.88
camera,1790412197.57,0.435,-11.591,1828.03
camera,1790412198.00,0.460,-11.563,1840.92
camera,1790412198.54,0.463,-11.557,1855.86
camera,1790412199.00,0.473,-11.521,1868.39
camera,1790412199.54,0.474,-11.486,1879.50
camera,1790412200.00,0.475,-11.483,1879.52
camera,1790412200.57,0.475,-11.483,1879.52
camera,1790412201.04,0.474,-11.486,1879.54
camera,1790412201.50,0.474,-11.488,1879.50
camera,1790412202.04,0.474,-11.484,1879.54
camera,1790412202.50,0.476,-11.475,1879.57
camera,1790412203.04,0.505,-11.314,1879.83
camera,1790412203.50,0.535,-11.141,1880.02
camera,1790412204.00,0.567,-10.955,1880.22
camera,1790412204.54,0.601,-10.753,1880.36
camera,1790412205.00,0.629,-10.585,1880.46
camera,1790412205.54,0.661,-10.389,1880.47
camera,1790412206.00,0.687,-10.229,1880.69
camera,1790412206.54,0.717,-10.045,1880.78
camera,1790412207.00,0.744,-9.878,1880.87
camera,1790412207.54,0.775,-9.682,1880.99
camera,1790412208.00,0.802,-9.510,1881.03
camera,1790412208.54,0.828,-9.340,1881.15
camera,1790412209.04,0.857,-9.150,1881.23
camera,1790412209.50,0.884,-8.971,1881.34
camera,1790412210.04,0.915,-8.766,1881.37
camera,1790412210.50,0.941,-8.591,1881.44
camera,1790412211.04,0.970,-8.393,1881.60
camera,1790412211.50,0.992,-8.244,1881.61
camera,1790412212.04,1.015,-8.083,1881.72
camera,1790412212.50,1.016,-8.077,1881.73
camera,1790412213.07,1.015,-8.084,1881.75
camera,1790412213.54,1.016,-8.070,1885.54
camera,1790412214.00,1.015,-8.054,1889.98
camera,1790412214.54,1.015,-8.039,1889.76
camera,1790412215.00,1.015,-7.917,1889.94
camera,1790412215.54,1.014,-7.725,1890.11
camera,1790412216.00,1.014,-7.553,1890.19
camera,1790412216.57,1.012,-7.325,1890.30
camera,1790412217.04,1.010,-7.146,1890.51
camera,1790412217.50,1.008,-6.977,1890.57
camera,1790412218.04,1.006,-6.768,1890.60
camera,1790412218.50,1.003,-6.598,1890.72
camera,1790412219.04,1.000,-6.391,1890.85
camera,1790412219.54,0.998,-6.210,1890.93
camera,1790412220.00,0.995,-6.033,1891.00
camera,1790412220.54,0.991,-5.841,1891.14
camera,1790412221.00,0.987,-5.680,1891.19
camera,1790412221.54,0.982,-5.463,1891.31
camera,1790412222.00,0.977,-5.292,1891.41
camera,1790412222.50,0.972,-5.078,1891.51
camera,1790412223.04,0.967,-4.885,1891.58
camera,1790412223.50,0.962,-4.715,1891.64
camera,1790412224.04,0.955,-4.509,1891.77
camera,1790412224.54,0.949,-4.321,1891.85
camera,1790412225.00,0.943,-4.141,1891.98
camera,1790412225.54,0.936,-3.941,1892.02
camera,1790412226.04,0.928,-3.748,1892.15
camera,1790412226.50,0.922,-3.563,1892.16
camera,1790412227.04,0.913,-3.353,1892.29
camera,1790412227.54,0.905,-3.158,1892.39
camera,1790412228.00,0.897,-2.985,1892.47
camera,1790412228.50,0.888,-2.786,1892.59
camera,1790412229.00,0.879,-2.602,1892.72
camera,1790412229.54,0.869,-2.390,1892.85
camera,1790412230.04,0.859,-2.194,1892.91
camera,1790412230.50,0.849,-2.016,1893.02
camera,1790412231.00,0.839,-1.820,1893.13
camera,1790412231.50,0.827,-1.627,1893.24
camera,1790412232.00,0.817,-1.447,1893.12
camera,1790412232.50,0.816,-1.448,1892.46
camera,1790412233.07,0.808,-1.487,1885.43
camera,1790412233.54,0.817,-1.394,1884.91
camera,1790412234.00,0.832,-1.218,1884.97
camera,1790412234.57,0.851,-1.007,1884.87
camera,1790412235.04,0.867,-0.831,1884.89
camera,1790412235.54,0.884,-0.641,1884.87
camera,1790412236.04,0.900,-0.451,1885.08
camera,1790412236.50,0.915,-0.279,1885.02
camera,1790412237.00,0.931,-0.088,1885.12
camera,1790412237.50,0.947,0.102,1885.28
camera,1790412238.04,0.964,0.305,1885.31
camera,1790412238.54,0.979,0.498,1885.36
camera,1790412239.07,0.996,0.714,1885.49
camera,1790412239.54,1.010,0.895,1885.62
camera,1790412240.04,1.025,1.089,1885.62
camera,1790412240.50,1.036,1.234,1885.39
camera,1790412241.00,1.036,1.240,1885.55
camera,1790412241.57,1.029,1.220,1873.27
camera,1790412242.04,1.006,1.189,1858.18
camera,1790412242.50,0.984,1.174,1843.44
camera,1790412243.00,0.963,1.168,1827.31
camera,1790412243.50,0.981,1.170,1811.51
camera,1790412244.04,1.003,1.165,1794.92
camera,1790412244.50,1.000,1.165,1792.47
camera,1790412245.00,1.053,1.158,1792.41
camera,1790412245.54,1.228,1.135,1792.41
camera,1790412246.04,1.427,1.108,1792.30
camera,1790412246.50,1.601,1.083,1792.08
camera,1790412247.00,1.800,1.055,1791.87
camera,1790412247.54,2.009,1.024,1791.63
camera,1790412248.00,2.187,0.997,1791.47
camera,1790412248.50,2.375,0.968,1791.29
camera,1790412249.00,2.550,0.940,1791.05
camera,1790412249.50,2.700,0.916,1790.78
camera,1790412250.04,2.692,0.919,1791.38
camera,1790412250.50,2.673,0.919,1800.09
camera,1790412251.04,2.675,0.919,1799.09
camera,1790412251.50,2.689,0.913,1790.19
camera,1790412252.04,2.688,0.913,1791.59
camera,1790412252.50,2.689,0.912,1792.26
camera,1790412253.07,2.672,0.914,1792.85
camera,1790412253.50,2.677,0.913,1792.79
camera,1790412254.00,2.676,0.912,1795.77
camera,1790412254.54,2.632,0.916,1795.79
camera,1790412255.00,2.526,0.924,1795.78
camera,1790412255.54,2.379,0.935,1795.70
camera,1790412256.00,2.260,0.944,1795.71
camera,1790412256.54,2.119,0.955,1795.70
camera,1790412257.00,1.997,0.963,1795.88
camera,1790412257.50,1.854,0.970,1796.81
camera,1790412258.04,1.700,0.970,1799.29
camera,1790412258.54,1.525,0.971,1799.54
camera,1790412259.00,1.344,0.972,1799.63
camera,1790412259.57,1.148,0.973,1799.60
camera,1790412260.04,0.988,0.974,1799.57
camera,1790412260.50,0.883,0.980,1797.28
camera,1790412261.04,0.845,0.986,1794.39
camera,1790412261.54,0.827,0.986,1797.55
camera,1790412262.00,0.804,0.988,1797.39
camera,1790412262.54,0.716,0.991,1797.52
camera,1790412263.10,0.614,0.996,1797.53
camera,1790412263.50,0.536,0.999,1797.56
camera,1790412264.04,0.533,0.999,1797.61
camera,1790412264.50,0.533,0.999,1797.57
camera,1790412265.00,0.535,0.999,1797.60
camera,1790412265.54,0.536,0.999,1797.62
camera,1790412266.00,0.535,0.999,1797.61
camera,1790412266.50,0.537,0.999,1797.58
camera,1790412267.04,0.534,0.999,1797.59
camera,1790412267.57,0.535,0.999,1797.58
camera,1790412268.04,0.534,0.999,1797.60
camera,1790412268.50,0.535,0.999,1797.60
camera,1790412269.04,0.535,0.999,1797.58
camera,1790412269.54,0.536,0.999,1797.58
camera,1790412270.00,0.537,0.999,1797.62
camera,1790412270.54,0.532,1.000,1797.58
camera,1790412271.10,0.533,1.000,1797.58
camera,1790412271.57,0.534,0.999,1797.61
camera,1790412272.10,0.534,0.999,1797.60
camera,1790412272.57,0.537,0.999,1797.61
camera,1790412273.00,0.532,1.000,1797.57
camera,1790412273.54,0.535,0.999,1797.59
camera,1790412274.07,0.537,0.999,1797.60
camera,1790412274.50,0.533,1.000,1797.59
camera,1790412275.10,0.534,0.999,1797.60
camera,1790412275.54,0.539,0.999,1797.60
camera,1790412276.00,0.533,1.000,1797.59
camera,1790412276.54,0.535,0.999,1797.61
camera,1790412277.00,0.539,0.999,1797.60
camera,1790412277.64,0.536,0.999,1797.57
camera,1790412278.04,0.533,1.000,1797.61
camera,1790412278.50,0.535,0.999,1797.61
camera,1790412279.04,0.535,0.999,1797.60
camera,1790412279.54,0.536,0.999,1797.59
camera,1790412280.07,0.535,0.999,1797.63
camera,1790412280.60,0.534,1.000,1797.59
camera,1790412281.00,0.541,0.999,1797.62
camera,1790412281.57,0.535,0.999,1797.60
camera,1790412282.10,0.541,0.999,1797.60
camera,1790412282.57,0.537,0.999,1797.57
camera,1790412283.00,0.535,0.999,1797.60
camera,1790412283.60,0.535,0.999,1797.63
camera,1790412284.10,0.539,0.999,1797.60
camera,1790412284.50,0.538,0.999,1797.61
camera,1790412285.07,0.536,0.999,1797.62
camera,1790412285.60,0.536,0.999,1797.61
camera,1790412286.00,0.535,0.999,1797.60
camera,1790412286.57,0.538,0.999,1797.60
camera,1790412287.10,0.538,0.999,1797.61
camera,1790412287.50,0.537,0.999,1797.63
camera,1790412288.04,0.536,0.999,1797.61
camera,1790412288.57,0.540,0.999,1797.61
camera,1790412289.07,0.534,1.000,1797.58
camera,1790412289.60,0.537,0.999,1797.59
camera,1790412290.00,0.530,1.000,1797.58
camera,1790412290.57,0.535,1.000,1797.58
camera,1790412291.10,0.536,0.999,1797.61
camera,1790412291.50,0.536,0.999,1797.57
camera,1790412292.07,0.535,0.999,1797.60
camera,1790412292.60,0.535,0.999,1797.59
camera,1790412293.00,0.536,0.999,1797.60
camera,1790412293.54,0.535,1.000,1797.63
camera,1790412294.07,0.537,0.999,1797.59
camera,1790412294.50,0.537,0.999,1797.61
camera,1790412295.04,0.538,0.999,1797.61
camera,1790412295.60,0.538,0.999,1797.59
camera,1790412296.00,0.539,0.999,1797.62
camera,1790412296.54,0.535,1.000,1797.59
camera,1790412297.10,0.536,0.999,1797.59
camera,1790412297.50,0.534,1.000,1797.60
camera,1790412298.04,0.536,0.999,1797.61
camera,1790412298.57,0.532,1.000,1797.60
camera,1790412299.10,0.535,1.000,1797.59
camera,1790412299.54,0.534,1.000,1797.62
camera,1790412300.07,0.536,0.999,1797.61
camera,1790412300.60,0.537,0.999,1797.61
camera,1790412301.00,0.537,0.999,1797.61
camera,1790412301.54,0.534,1.000,1797.60
camera,1790412302.10,0.538,0.999,1797.61
camera,1790412302.50,0.533,1.000,1797.59
camera,1790412303.04,0.537,0.999,1797.62
camera,1790412303.57,0.538,0.999,1797.61
camera,1790412304.10,0.536,1.000,1797.62
camera,1790412304.54,0.537,0.999,1797.61
camera,1790412305.07,0.535,1.000,1797.59
camera,1790412305.60,0.532,1.000,1797.61
camera,1790412306.00,0.533,1.000,1797.61
camera,1790412306.57,0.538,0.999,1797.60
camera,1790412307.14,0.537,0.999,1797.58
camera,1790412307.54,0.536,1.000,1797.60
camera,1790412308.07,0.537,1.000,1797.61
camera,1790412308.50,0.537,1.000,1797.62
camera,1790412309.04,0.536,1.000,1797.62
camera,1790412309.57,0.535,1.000,1797.59
camera,1790412310.00,0.536,1.000,1797.59
camera,1790412310.54,0.537,1.000,1797.60
camera,1790412311.07,0.538,0.999,1797.61
camera,1790412311.64,0.535,1.000,1797.59
camera,1790412312.04,0.537,1.000,1797.58
camera,1790412312.57,0.537,1.000,1797.64
camera,1790412313.00,0.536,1.000,1797.61
camera,1790412313.50,0.535,1.000,1797.57
camera,1790412314.07,0.537,1.000,1797.59
camera,1790412314.50,0.537,1.000,1797.58
camera,1790412315.04,0.536,1.000,1797.57
camera,1790412315.60,0.534,1.000,1797.59
camera,1790412316.00,0.536,1.000,1797.59
camera,1790412316.54,0.536,1.000,1797.60
camera,1790412317.10,0.535,1.000,1797.62
camera,1790412317.50,0.536,1.000,1797.61
camera,1790412318.07,0.539,1.000,1797.61
camera,1790412318.60,0.539,1.000,1797.59
camera,1790412319.00,0.535,1.000,1797.59
camera,1790412319.57,0.536,1.000,1797.59
camera,1790412320.10,0.540,0.999,1797.60
camera,1790412320.50,0.536,1.000,1797.60
camera,1790412321.07,0.536,1.000,1797.61
camera,1790412321.60,0.534,1.000,1797.60
camera,1790412322.04,0.539,1.000,1797.60
camera,1790412322.57,0.539,1.000,1797.63
camera,1790412323.10,0.536,1.000,1797.58
camera,1790412323.54,0.537,1.000,1797.60
camera,1790412324.07,0.535,1.000,1797.58
camera,1790412324.50,0.536,1.000,1797.61
camera,1790412325.04,0.534,1.000,1797.60
camera,1790412325.60,0.535,1.000,1797.59
camera,1790412326.00,0.537,1.000,1797.62
camera,1790412326.54,0.538,1.000,1797.61
camera,1790412327.10,0.538,1.000,1797.62
camera,1790412327.50,0.537,1.000,1797.61
camera,1790412328.04,0.538,1.000,1797.59
camera,1790412328.60,0.535,1.000,1797.60
camera,1790412329.00,0.537,1.000,1797.62
