# each path moved to start at (0,0) facing +x; tracking alone (odometry); time = epoch s; source ~/.run_records/s2_static_09/fusion.bag (/fused/odometry, /robot/ekf_odom, /rtabmap/odom, /robot/wheel_odom)
source,t,x,y,heading_deg
blend,1790470345.00,0.000,0.000,0.00
blend,1790470345.05,-0.000,-0.000,-0.00
blend,1790470345.51,0.002,0.000,0.00
blend,1790470346.02,0.001,0.000,0.01
blend,1790470346.53,-0.000,0.000,0.02
blend,1790470347.01,-0.000,0.000,0.02
blend,1790470347.50,-0.000,0.000,0.01
blend,1790470348.01,0.001,-0.000,0.01
blend,1790470348.52,0.001,-0.000,0.00
blend,1790470349.03,0.001,-0.000,0.00
blend,1790470349.51,0.001,-0.000,-0.00
blend,1790470350.05,-0.002,-0.000,-0.00
blend,1790470350.51,-0.007,-0.000,-0.00
blend,1790470351.02,-0.007,-0.000,0.00
blend,1790470351.53,-0.012,-0.000,0.01
blend,1790470352.04,-0.013,0.000,0.01
blend,1790470352.50,-0.013,0.000,0.01
blend,1790470353.01,-0.009,0.000,0.01
blend,1790470353.52,-0.009,0.000,0.01
blend,1790470354.03,-0.008,0.000,0.01
blend,1790470354.54,-0.009,0.000,0.00
blend,1790470355.05,-0.009,0.000,0.02
blend,1790470355.50,-0.008,0.000,0.01
blend,1790470356.01,-0.011,0.000,0.02
blend,1790470356.52,-0.010,0.000,0.02
blend,1790470357.03,-0.008,0.000,0.01
blend,1790470357.54,-0.011,0.000,0.02
blend,1790470358.00,-0.008,0.000,0.02
blend,1790470358.51,-0.008,0.000,0.02
blend,1790470359.02,-0.008,0.000,0.02
blend,1790470359.53,-0.007,0.000,0.01
blend,1790470360.04,-0.009,0.000,0.01
blend,1790470360.50,-0.009,0.000,-0.00
blend,1790470361.01,-0.010,0.000,-0.01
blend,1790470361.52,-0.010,0.000,0.01
blend,1790470362.03,-0.011,0.000,-0.00
blend,1790470362.51,-0.009,0.000,-0.01
blend,1790470363.01,-0.013,0.000,-0.00
blend,1790470363.51,-0.012,0.000,-0.01
blend,1790470364.02,-0.012,0.000,-0.00
blend,1790470364.53,-0.012,0.000,-0.02
blend,1790470365.04,-0.011,0.000,-0.02
blend,1790470365.50,-0.010,0.000,-0.02
blend,1790470366.01,-0.011,0.000,-0.03
blend,1790470366.52,-0.009,0.000,-0.04
blend,1790470367.03,-0.008,0.000,-0.05
blend,1790470367.54,-0.008,-0.000,-0.05
blend,1790470368.04,-0.006,-0.000,-0.06
blend,1790470368.50,-0.007,-0.000,-0.06
blend,1790470369.01,-0.005,-0.000,-0.06
blend,1790470369.52,-0.006,-0.000,-0.06
blend,1790470370.03,-0.006,-0.000,-0.06
blend,1790470370.54,-0.006,-0.000,-0.06
blend,1790470371.00,-0.003,-0.000,-0.06
blend,1790470371.51,-0.001,-0.000,-0.07
blend,1790470372.02,-0.003,-0.000,-0.07
blend,1790470372.53,-0.002,-0.000,-0.06
blend,1790470373.04,-0.003,-0.000,-0.05
blend,1790470373.50,-0.002,-0.000,-0.05
blend,1790470374.01,-0.003,-0.000,-0.06
blend,1790470374.52,-0.003,-0.000,-0.06
blend,1790470375.03,-0.002,-0.000,-0.07
blend,1790470375.54,-0.002,-0.000,-0.08
blend,1790470376.01,-0.002,-0.000,-0.08
blend,1790470376.51,-0.002,-0.000,-0.08
blend,1790470377.02,-0.003,-0.000,-0.10
blend,1790470377.53,-0.002,-0.000,-0.10
blend,1790470378.04,-0.001,-0.000,-0.10
blend,1790470378.55,-0.001,-0.000,-0.11
blend,1790470379.00,-0.000,-0.000,-0.11
blend,1790470379.51,-0.001,-0.000,-0.11
blend,1790470380.02,0.000,-0.000,-0.12
blend,1790470380.53,0.000,-0.000,-0.11
blend,1790470381.00,0.001,-0.000,-0.11
blend,1790470381.50,0.001,-0.000,-0.11
blend,1790470382.01,-0.000,-0.000,-0.11
blend,1790470382.52,-0.000,-0.000,-0.11
blend,1790470383.03,-0.000,-0.000,-0.11
blend,1790470383.50,-0.000,-0.000,-0.11
blend,1790470384.00,-0.001,-0.000,-0.11
blend,1790470384.51,0.001,-0.000,-0.11
blend,1790470385.02,0.000,-0.000,-0.10
blend,1790470385.53,0.000,-0.000,-0.10
blend,1790470386.01,0.001,-0.000,-0.11
blend,1790470386.50,0.001,-0.000,-0.12
blend,1790470387.01,0.001,-0.000,-0.12
blend,1790470387.52,0.001,-0.000,-0.12
blend,1790470388.03,0.001,-0.000,-0.12
blend,1790470388.54,0.001,-0.000,-0.11
blend,1790470389.05,0.001,-0.000,-0.11
blend,1790470389.51,0.001,-0.000,-0.10
blend,1790470390.02,0.000,-0.000,-0.10
blend,1790470390.53,0.001,-0.000,-0.11
blend,1790470391.04,0.001,-0.000,-0.11
blend,1790470391.55,0.001,-0.000,-0.11
blend,1790470392.01,0.001,-0.000,-0.11
blend,1790470392.52,-0.000,-0.000,-0.11
blend,1790470393.03,-0.001,-0.000,-0.12
blend,1790470393.54,-0.001,-0.000,-0.11
blend,1790470394.04,-0.001,-0.000,-0.11
blend,1790470394.50,-0.001,-0.000,-0.10
blend,1790470395.01,-0.002,-0.000,-0.10
blend,1790470395.52,-0.002,-0.000,-0.10
blend,1790470396.03,-0.002,-0.000,-0.10
blend,1790470396.54,-0.002,-0.000,-0.10
blend,1790470397.00,-0.003,-0.000,-0.11
blend,1790470397.51,-0.002,-0.000,-0.11
blend,1790470398.02,-0.002,-0.000,-0.11
blend,1790470398.53,-0.002,-0.000,-0.12
blend,1790470399.04,-0.002,-0.000,-0.11
blend,1790470399.50,-0.003,-0.000,-0.11
blend,1790470400.01,-0.002,0.000,-0.11
blend,1790470400.52,-0.002,-0.000,-0.11
blend,1790470401.03,-0.002,0.000,-0.11
blend,1790470401.54,-0.002,0.000,-0.12
blend,1790470402.00,-0.001,0.000,-0.12
blend,1790470402.51,-0.001,0.000,-0.12
blend,1790470403.02,-0.001,0.000,-0.12
blend,1790470403.53,-0.000,-0.000,-0.11
blend,1790470404.04,-0.000,-0.000,-0.11
blend,1790470404.55,-0.000,-0.000,-0.11
blend,1790470405.01,-0.001,-0.000,-0.11
blend,1790470405.52,0.000,-0.000,-0.11
blend,1790470406.03,0.000,-0.000,-0.12
blend,1790470406.54,-0.000,-0.000,-0.13
blend,1790470407.01,-0.000,-0.000,-0.13
blend,1790470407.51,-0.001,-0.000,-0.13
blend,1790470408.02,-0.001,-0.000,-0.13
blend,1790470408.53,-0.001,-0.000,-0.13
blend,1790470409.04,-0.000,-0.000,-0.14
blend,1790470409.55,0.000,-0.000,-0.13
blend,1790470410.01,0.000,-0.000,-0.13
blend,1790470410.51,0.000,-0.000,-0.12
blend,1790470411.02,-0.001,-0.000,-0.11
blend,1790470411.53,-0.001,-0.000,-0.12
blend,1790470412.04,-0.001,-0.000,-0.13
blend,1790470412.50,-0.001,-0.000,-0.12
blend,1790470413.01,-0.002,0.000,-0.13
blend,1790470413.52,-0.002,0.000,-0.13
blend,1790470414.03,-0.002,0.000,-0.13
blend,1790470414.51,-0.003,0.000,-0.12
blend,1790470415.00,-0.003,0.000,-0.11
blend,1790470415.51,-0.003,0.000,-0.11
blend,1790470416.02,-0.002,0.000,-0.11
blend,1790470416.53,-0.003,0.000,-0.11
blend,1790470417.04,-0.003,0.000,-0.11
blend,1790470417.50,-0.003,0.000,-0.12
blend,1790470418.01,-0.003,0.000,-0.11
blend,1790470418.52,-0.003,0.000,-0.12
blend,1790470419.03,-0.004,0.000,-0.12
blend,1790470419.51,-0.003,0.000,-0.12
blend,1790470420.05,-0.004,0.000,-0.11
blend,1790470420.51,-0.004,0.000,-0.11
blend,1790470421.02,-0.004,0.000,-0.11
blend,1790470421.53,-0.004,0.000,-0.10
blend,1790470422.04,-0.003,0.000,-0.11
blend,1790470422.55,-0.003,0.000,-0.11
blend,1790470423.01,-0.003,0.000,-0.11
blend,1790470423.52,-0.003,0.000,-0.11
blend,1790470424.03,-0.003,0.000,-0.12
blend,1790470424.54,-0.003,0.000,-0.12
blend,1790470425.00,-0.003,0.000,-0.11
blend,1790470425.51,-0.003,0.000,-0.11
blend,1790470426.02,-0.004,0.000,-0.11
blend,1790470426.52,-0.004,0.000,-0.10
blend,1790470427.03,-0.005,0.000,-0.10
blend,1790470427.51,-0.005,0.000,-0.10
blend,1790470428.00,-0.007,0.000,-0.11
blend,1790470428.51,-0.006,0.000,-0.11
blend,1790470429.02,-0.007,0.000,-0.11
blend,1790470429.53,-0.007,0.000,-0.11
blend,1790470430.01,-0.007,0.000,-0.12
blend,1790470430.50,-0.007,0.000,-0.11
blend,1790470431.01,-0.008,0.000,-0.12
blend,1790470431.52,-0.008,0.000,-0.11
blend,1790470432.03,-0.007,0.000,-0.11
blend,1790470432.51,-0.007,0.000,-0.12
blend,1790470433.00,-0.008,0.000,-0.13
blend,1790470433.51,-0.007,0.000,-0.13
blend,1790470434.02,-0.007,0.000,-0.13
blend,1790470434.53,-0.008,0.000,-0.13
blend,1790470435.00,-0.008,0.000,-0.14
blend,1790470435.50,-0.008,0.000,-0.14
blend,1790470436.01,-0.008,0.000,-0.15
blend,1790470436.52,-0.008,0.000,-0.15
blend,1790470437.03,-0.007,0.000,-0.15
blend,1790470437.51,-0.007,0.000,-0.16
blend,1790470438.00,-0.007,0.000,-0.16
blend,1790470438.51,-0.007,0.000,-0.16
blend,1790470439.02,-0.007,0.000,-0.17
blend,1790470439.53,-0.007,0.000,-0.17
blend,1790470440.04,-0.007,0.000,-0.16
blend,1790470440.55,-0.006,0.000,-0.16
blend,1790470441.01,-0.007,0.000,-0.16
blend,1790470441.52,-0.008,0.000,-0.16
blend,1790470442.02,-0.007,0.000,-0.16
blend,1790470442.53,-0.008,0.000,-0.16
blend,1790470443.05,-0.008,0.000,-0.17
blend,1790470443.50,-0.007,0.000,-0.17
blend,1790470444.01,-0.008,0.000,-0.16
blend,1790470444.52,-0.008,0.000,-0.16
blend,1790470445.03,-0.008,0.000,-0.16
blend,1790470445.54,-0.008,0.000,-0.16
blend,1790470446.00,-0.007,0.000,-0.16
blend,1790470446.51,-0.006,0.000,-0.16
blend,1790470447.02,-0.007,0.000,-0.16
blend,1790470447.53,-0.007,0.000,-0.16
blend,1790470448.01,-0.007,0.000,-0.16
blend,1790470448.50,-0.007,0.000,-0.15
blend,1790470449.01,-0.006,0.000,-0.16
blend,1790470449.52,-0.006,0.000,-0.15
blend,1790470450.03,-0.007,0.000,-0.15
blend,1790470450.54,-0.006,0.000,-0.15
blend,1790470451.05,-0.006,0.000,-0.15
blend,1790470451.51,-0.007,0.000,-0.16
blend,1790470452.02,-0.007,0.000,-0.16
blend,1790470452.53,-0.007,0.000,-0.15
blend,1790470453.01,-0.006,0.000,-0.15
blend,1790470453.50,-0.006,0.000,-0.15
blend,1790470454.01,-0.007,0.000,-0.15
blend,1790470454.52,-0.006,0.000,-0.16
blend,1790470455.03,-0.007,0.000,-0.16
blend,1790470455.51,-0.007,0.000,-0.16
blend,1790470456.05,-0.007,0.000,-0.16
blend,1790470456.51,-0.007,0.000,-0.16
blend,1790470457.02,-0.007,0.000,-0.16
blend,1790470457.53,-0.007,0.000,-0.17
blend,1790470458.03,-0.006,0.000,-0.17
blend,1790470458.50,-0.006,0.000,-0.17
blend,1790470459.00,-0.007,0.000,-0.16
blend,1790470459.51,-0.007,0.000,-0.16
blend,1790470460.02,-0.007,0.000,-0.16
blend,1790470460.53,-0.007,0.000,-0.16
blend,1790470461.01,-0.008,0.000,-0.17
blend,1790470461.50,-0.008,0.000,-0.16
blend,1790470462.01,-0.007,0.000,-0.16
blend,1790470462.52,-0.008,0.000,-0.16
blend,1790470463.03,-0.008,0.000,-0.16
blend,1790470463.50,-0.008,0.000,-0.16
blend,1790470464.00,-0.008,0.000,-0.16
blend,1790470464.51,-0.007,0.000,-0.17
blend,1790470465.02,-0.007,0.000,-0.17
blend,1790470465.53,-0.008,0.000,-0.17
blend,1790470466.00,-0.008,0.000,-0.18
blend,1790470466.55,-0.007,0.000,-0.18
blend,1790470467.02,-0.008,0.000,-0.17
blend,1790470467.52,-0.009,0.000,-0.17
blend,1790470468.02,-0.009,0.000,-0.17
blend,1790470468.54,-0.009,0.000,-0.17
blend,1790470469.05,-0.009,0.000,-0.18
blend,1790470469.51,-0.009,0.000,-0.18
blend,1790470470.02,-0.009,0.000,-0.18
blend,1790470470.53,-0.009,0.000,-0.18
blend,1790470471.04,-0.009,0.000,-0.18
blend,1790470471.55,0.007,-0.000,-0.15
blend,1790470472.01,0.051,-0.000,-0.13
blend,1790470472.52,0.089,-0.000,-0.12
blend,1790470473.03,0.145,-0.000,-0.09
blend,1790470473.54,0.197,-0.000,-0.08
blend,1790470474.05,0.234,-0.000,-0.08
blend,1790470474.50,0.234,-0.000,-0.08
blend,1790470475.01,0.233,-0.000,-0.07
blend,1790470475.53,0.234,-0.000,-3.17
blend,1790470476.04,0.234,-0.000,-10.60
blend,1790470476.54,0.235,-0.001,-17.95
blend,1790470477.00,0.237,-0.001,-24.56
blend,1790470477.52,0.241,-0.004,-31.86
blend,1790470478.03,0.246,-0.008,-39.21
blend,1790470478.55,0.251,-0.013,-46.62
blend,1790470479.01,0.257,-0.022,-53.28
blend,1790470479.52,0.257,-0.022,-60.67
blend,1790470480.03,0.254,-0.015,-67.99
blend,1790470480.54,0.255,-0.018,-75.12
blend,1790470481.05,0.255,-0.018,-82.04
blend,1790470481.51,0.255,-0.017,-88.21
blend,1790470482.01,0.255,-0.017,-93.74
blend,1790470482.52,0.254,-0.017,-95.91
blend,1790470483.02,0.255,-0.016,-95.88
blend,1790470483.53,0.255,-0.015,-95.88
blend,1790470484.03,0.255,-0.015,-95.88
blend,1790470484.54,0.255,-0.014,-95.86
blend,1790470485.00,0.255,-0.014,-95.85
blend,1790470485.55,0.255,-0.013,-95.85
blend,1790470486.00,0.255,-0.012,-95.86
blend,1790470486.51,0.255,-0.012,-95.84
blend,1790470487.02,0.255,-0.013,-95.84
blend,1790470487.52,0.255,-0.013,-95.83
blend,1790470488.03,0.255,-0.013,-95.82
blend,1790470488.53,0.255,-0.012,-95.83
blend,1790470489.04,0.255,-0.012,-95.82
blend,1790470489.51,0.254,-0.025,-95.90
blend,1790470490.05,0.246,-0.102,-95.90
blend,1790470490.50,0.238,-0.174,-95.90
blend,1790470491.01,0.230,-0.255,-95.96
blend,1790470491.52,0.222,-0.334,-96.00
blend,1790470492.02,0.213,-0.415,-96.00
blend,1790470492.53,0.204,-0.499,-95.96
blend,1790470493.03,0.196,-0.582,-95.96
blend,1790470493.54,0.187,-0.663,-95.96
blend,1790470494.00,0.179,-0.743,-95.95
blend,1790470494.50,0.170,-0.827,-95.93
blend,1790470495.01,0.162,-0.912,-95.88
blend,1790470495.51,0.153,-0.996,-95.84
blend,1790470496.02,0.144,-1.080,-95.82
blend,1790470496.52,0.136,-1.162,-95.78
blend,1790470497.03,0.128,-1.247,-95.72
blend,1790470497.53,0.119,-1.332,-95.72
blend,1790470498.04,0.111,-1.412,-95.70
blend,1790470498.51,0.103,-1.490,-95.68
blend,1790470499.01,0.095,-1.575,-95.65
blend,1790470499.51,0.087,-1.659,-95.65
blend,1790470500.01,0.079,-1.735,-95.61
blend,1790470500.52,0.071,-1.820,-95.61
blend,1790470501.02,0.062,-1.912,-95.56
blend,1790470501.53,0.053,-1.999,-95.55
blend,1790470502.03,0.045,-2.085,-95.54
blend,1790470502.54,0.037,-2.168,-95.51
blend,1790470503.04,0.029,-2.251,-95.46
blend,1790470503.55,0.021,-2.338,-95.44
blend,1790470504.00,0.013,-2.414,-95.41
blend,1790470504.51,0.006,-2.497,-95.38
blend,1790470505.02,-0.002,-2.576,-95.37
blend,1790470505.52,-0.010,-2.662,-95.36
blend,1790470506.03,-0.018,-2.747,-95.31
blend,1790470506.53,-0.026,-2.833,-95.31
blend,1790470507.04,-0.034,-2.922,-95.27
blend,1790470507.51,-0.041,-2.998,-95.22
blend,1790470508.00,-0.049,-3.083,-95.20
blend,1790470508.51,-0.056,-3.165,-95.16
blend,1790470509.01,-0.064,-3.250,-95.12
blend,1790470509.52,-0.066,-3.280,-95.10
blend,1790470510.04,-0.066,-3.278,-94.34
blend,1790470510.54,-0.066,-3.279,-91.89
blend,1790470511.05,-0.066,-3.276,-90.18
blend,1790470511.51,-0.067,-3.279,-90.11
blend,1790470512.02,-0.067,-3.365,-89.99
blend,1790470512.52,-0.067,-3.459,-89.93
blend,1790470513.03,-0.067,-3.560,-89.89
blend,1790470513.53,-0.066,-3.624,-89.80
blend,1790470514.01,-0.066,-3.656,-89.81
blend,1790470514.50,-0.066,-3.685,-89.72
blend,1790470515.05,-0.066,-3.718,-89.71
blend,1790470515.51,-0.066,-3.739,-89.67
blend,1790470516.01,-0.066,-3.788,-89.64
blend,1790470516.52,-0.065,-3.856,-89.67
blend,1790470517.02,-0.065,-3.939,-89.58
blend,1790470517.53,-0.064,-4.052,-89.49
blend,1790470518.04,-0.063,-4.169,-89.45
blend,1790470518.51,-0.062,-4.273,-89.40
blend,1790470519.05,-0.061,-4.386,-89.34
blend,1790470519.50,-0.059,-4.486,-89.30
blend,1790470520.01,-0.058,-4.591,-89.27
blend,1790470520.51,-0.057,-4.701,-89.25
blend,1790470521.02,-0.055,-4.816,-89.22
blend,1790470521.53,-0.053,-4.932,-89.22
blend,1790470522.03,-0.051,-5.058,-89.11
blend,1790470522.54,-0.049,-5.181,-89.00
blend,1790470523.00,-0.047,-5.303,-89.03
blend,1790470523.51,-0.045,-5.432,-88.92
blend,1790470524.00,-0.043,-5.567,-88.88
blend,1790470524.51,-0.040,-5.698,-88.81
blend,1790470525.02,-0.037,-5.833,-88.79
blend,1790470525.52,-0.034,-5.967,-88.77
blend,1790470526.03,-0.031,-6.100,-88.73
blend,1790470526.53,-0.027,-6.238,-88.64
blend,1790470527.01,-0.024,-6.368,-88.58
blend,1790470527.52,-0.021,-6.505,-88.57
blend,1790470528.00,-0.017,-6.641,-88.50
blend,1790470528.51,-0.014,-6.767,-88.52
blend,1790470529.01,-0.011,-6.896,-88.50
blend,1790470529.52,-0.007,-7.029,-88.42
blend,1790470530.02,-0.003,-7.168,-88.33
blend,1790470530.53,0.001,-7.294,-88.30
blend,1790470531.04,0.005,-7.425,-88.23
blend,1790470531.50,0.009,-7.557,-88.20
blend,1790470532.01,0.014,-7.680,-88.12
blend,1790470532.50,0.018,-7.818,-88.11
blend,1790470533.01,0.022,-7.949,-88.12
blend,1790470533.51,0.026,-8.072,-88.06
blend,1790470534.02,0.031,-8.200,-88.00
blend,1790470534.53,0.036,-8.330,-87.93
blend,1790470535.03,0.040,-8.458,-87.92
blend,1790470535.54,0.045,-8.591,-87.88
blend,1790470536.04,0.050,-8.723,-87.82
blend,1790470536.55,0.055,-8.851,-87.79
blend,1790470537.00,0.060,-8.965,-87.81
blend,1790470537.51,0.065,-9.093,-87.74
blend,1790470538.02,0.070,-9.219,-87.67
blend,1790470538.52,0.075,-9.343,-87.60
blend,1790470539.03,0.080,-9.465,-87.59
blend,1790470539.53,0.085,-9.595,-87.55
blend,1790470540.04,0.091,-9.719,-87.51
blend,1790470540.51,0.096,-9.840,-87.44
blend,1790470541.05,0.102,-9.975,-87.40
blend,1790470541.52,0.108,-10.098,-87.39
blend,1790470542.02,0.115,-10.263,-87.30
blend,1790470542.52,0.121,-10.385,-87.23
blend,1790470543.02,0.128,-10.515,-87.19
blend,1790470543.53,0.135,-10.649,-87.11
blend,1790470544.04,0.141,-10.776,-87.02
blend,1790470544.51,0.148,-10.890,-86.51
blend,1790470545.00,0.157,-11.013,-85.99
blend,1790470545.50,0.167,-11.141,-85.40
blend,1790470546.01,0.179,-11.271,-85.02
blend,1790470546.52,0.191,-11.398,-84.91
blend,1790470547.02,0.202,-11.525,-84.84
blend,1790470547.53,0.214,-11.655,-84.80
blend,1790470548.03,0.225,-11.779,-84.68
blend,1790470548.54,0.237,-11.907,-84.64
blend,1790470549.01,0.249,-12.029,-84.59
blend,1790470549.51,0.262,-12.159,-84.57
blend,1790470550.01,0.274,-12.286,-84.44
blend,1790470550.53,0.286,-12.414,-84.49
blend,1790470551.03,0.299,-12.540,-84.43
blend,1790470551.54,0.311,-12.666,-84.37
blend,1790470552.05,0.323,-12.786,-84.36
blend,1790470552.50,0.335,-12.900,-84.33
blend,1790470553.01,0.347,-13.027,-84.28
blend,1790470553.51,0.361,-13.165,-84.19
blend,1790470554.02,0.377,-13.311,-84.16
blend,1790470554.52,0.390,-13.446,-84.09
blend,1790470555.03,0.403,-13.568,-84.04
blend,1790470555.54,0.416,-13.693,-83.99
blend,1790470556.04,0.428,-13.815,-83.99
blend,1790470556.51,0.442,-13.939,-84.21
blend,1790470557.00,0.442,-14.041,-90.02
blend,1790470557.51,0.438,-14.149,-90.31
blend,1790470558.01,0.438,-14.252,-90.30
blend,1790470558.52,0.438,-14.356,-90.32
blend,1790470559.02,0.437,-14.457,-90.35
blend,1790470559.51,0.435,-14.548,-90.33
blend,1790470560.00,0.434,-14.614,-90.48
blend,1790470560.54,0.433,-14.746,-90.43
blend,1790470561.05,0.432,-14.842,-90.42
blend,1790470561.51,0.432,-14.943,-90.39
blend,1790470562.01,0.431,-15.045,-90.31
blend,1790470562.52,0.431,-15.145,-90.27
blend,1790470563.02,0.431,-15.243,-90.23
blend,1790470563.53,0.430,-15.344,-90.17
blend,1790470564.03,0.430,-15.444,-90.17
blend,1790470564.54,0.430,-15.468,-90.20
blend,1790470565.00,0.430,-15.468,-90.19
blend,1790470565.51,0.430,-15.468,-90.18
blend,1790470566.02,0.430,-15.468,-90.18
blend,1790470566.52,0.430,-15.468,-90.18
blend,1790470567.03,0.430,-15.467,-87.61
blend,1790470567.54,0.430,-15.467,-79.04
blend,1790470568.00,0.429,-15.466,-70.80
blend,1790470568.51,0.431,-15.469,-61.65
blend,1790470569.03,0.431,-15.469,-52.82
blend,1790470569.51,0.433,-15.469,-44.56
blend,1790470570.01,0.440,-15.474,-35.95
blend,1790470570.53,0.435,-15.471,-27.10
blend,1790470571.04,0.436,-15.471,-18.37
blend,1790470571.55,0.440,-15.472,-9.76
blend,1790470572.01,0.443,-15.472,-2.68
blend,1790470572.52,0.448,-15.472,-2.38
blend,1790470573.03,0.448,-15.472,-2.39
blend,1790470573.54,0.448,-15.472,-2.41
blend,1790470574.05,0.448,-15.472,-2.41
blend,1790470574.51,0.447,-15.472,-2.42
blend,1790470575.02,0.447,-15.472,-2.41
blend,1790470575.53,0.447,-15.472,-2.42
blend,1790470576.04,0.446,-15.472,-2.42
blend,1790470576.55,0.446,-15.472,-2.43
blend,1790470577.01,0.447,-15.472,-2.43
blend,1790470577.51,0.447,-15.472,-2.43
blend,1790470578.03,0.446,-15.472,-1.75
blend,1790470578.54,0.448,-15.471,8.61
blend,1790470579.00,0.457,-15.469,18.13
blend,1790470579.52,0.465,-15.463,28.66
blend,1790470580.04,0.475,-15.454,39.35
blend,1790470580.55,0.489,-15.437,50.03
blend,1790470581.01,0.499,-15.419,59.71
blend,1790470581.52,0.508,-15.392,70.66
blend,1790470582.02,0.510,-15.376,81.44
blend,1790470582.53,0.508,-15.352,90.24
blend,1790470583.03,0.508,-15.348,93.63
blend,1790470583.51,0.508,-15.353,93.63
blend,1790470584.05,0.508,-15.352,93.61
blend,1790470584.50,0.508,-15.349,93.60
blend,1790470585.01,0.508,-15.346,93.59
blend,1790470585.51,0.508,-15.344,93.59
blend,1790470586.02,0.508,-15.344,93.58
blend,1790470586.52,0.508,-15.344,93.58
blend,1790470587.03,0.508,-15.344,93.58
blend,1790470587.51,0.508,-15.350,94.95
blend,1790470588.05,0.502,-15.333,105.15
blend,1790470588.51,0.500,-15.330,114.18
blend,1790470589.03,0.499,-15.327,123.95
blend,1790470589.50,0.490,-15.318,133.18
blend,1790470590.01,0.483,-15.313,142.72
blend,1790470590.53,0.471,-15.307,152.44
blend,1790470591.01,0.464,-15.305,161.71
blend,1790470591.51,0.459,-15.305,171.50
blend,1790470592.02,0.450,-15.305,181.62
blend,1790470592.53,0.442,-15.307,187.27
blend,1790470593.01,0.440,-15.307,187.26
blend,1790470593.51,0.440,-15.307,187.25
blend,1790470594.03,0.442,-15.307,187.25
blend,1790470594.50,0.442,-15.307,187.25
blend,1790470595.05,0.439,-15.307,187.25
blend,1790470595.51,0.439,-15.307,187.24
blend,1790470596.02,0.438,-15.307,187.23
blend,1790470596.54,0.438,-15.307,187.24
blend,1790470597.00,0.438,-15.307,187.24
blend,1790470597.52,0.438,-15.307,187.38
blend,1790470598.00,0.436,-15.307,189.51
blend,1790470598.50,0.427,-15.310,196.16
blend,1790470599.02,0.425,-15.311,204.12
blend,1790470599.54,0.417,-15.316,212.00
blend,1790470600.01,0.405,-15.327,219.09
blend,1790470600.52,0.404,-15.329,226.98
blend,1790470601.03,0.406,-15.326,234.91
blend,1790470601.54,0.402,-15.332,243.07
blend,1790470602.00,0.402,-15.332,250.32
blend,1790470602.51,0.402,-15.333,258.35
blend,1790470603.02,0.402,-15.333,266.29
blend,1790470603.52,0.402,-15.333,269.61
blend,1790470604.03,0.402,-15.332,269.58
blend,1790470604.53,0.402,-15.332,269.59
blend,1790470605.04,0.402,-15.332,269.58
blend,1790470605.55,0.402,-15.332,269.58
blend,1790470606.00,0.402,-15.332,269.58
blend,1790470606.51,0.402,-15.332,269.58
blend,1790470607.01,0.402,-15.321,269.63
blend,1790470607.52,0.402,-15.258,269.74
blend,1790470608.03,0.403,-15.162,269.81
blend,1790470608.53,0.403,-15.067,269.80
blend,1790470609.04,0.403,-14.972,269.77
blend,1790470609.54,0.404,-14.876,269.74
blend,1790470610.00,0.404,-14.789,269.71
blend,1790470610.51,0.406,-14.700,269.64
blend,1790470611.01,0.406,-14.613,269.68
blend,1790470611.52,0.408,-14.516,269.56
blend,1790470612.02,0.409,-14.413,269.54
blend,1790470612.53,0.409,-14.319,269.55
blend,1790470613.04,0.409,-14.221,269.62
blend,1790470613.51,0.409,-14.141,269.66
blend,1790470614.01,0.410,-14.052,269.67
blend,1790470614.50,0.410,-13.963,269.74
blend,1790470615.01,0.410,-13.870,269.72
blend,1790470615.52,0.410,-13.777,269.74
blend,1790470616.02,0.410,-13.688,269.76
blend,1790470616.53,0.411,-13.598,269.78
blend,1790470617.04,0.412,-13.497,269.74
blend,1790470617.51,0.412,-13.413,269.76
blend,1790470618.05,0.412,-13.313,269.74
blend,1790470618.50,0.413,-13.228,269.74
blend,1790470619.01,0.413,-13.118,269.65
blend,1790470619.52,0.414,-13.007,269.64
blend,1790470620.02,0.415,-12.893,269.64
blend,1790470620.53,0.415,-12.779,269.58
blend,1790470621.04,0.416,-12.667,269.53
blend,1790470621.51,0.417,-12.559,269.50
blend,1790470622.05,0.418,-12.432,269.47
blend,1790470622.50,0.420,-12.331,269.44
blend,1790470623.01,0.421,-12.213,269.48
blend,1790470623.51,0.422,-12.093,269.40
blend,1790470624.02,0.423,-11.979,269.41
blend,1790470624.52,0.424,-11.863,269.35
blend,1790470625.03,0.426,-11.747,269.33
blend,1790470625.51,0.427,-11.635,269.32
blend,1790470626.04,0.429,-11.506,269.26
blend,1790470626.51,0.430,-11.399,269.27
blend,1790470627.01,0.432,-11.282,269.21
blend,1790470627.51,0.434,-11.159,269.21
blend,1790470628.02,0.436,-11.046,269.15
blend,1790470628.52,0.437,-10.924,269.11
blend,1790470629.03,0.439,-10.810,269.10
blend,1790470629.54,0.442,-10.687,269.07
blend,1790470630.04,0.444,-10.573,269.04
blend,1790470630.55,0.446,-10.456,269.02
blend,1790470631.00,0.447,-10.351,269.00
blend,1790470631.51,0.449,-10.230,268.92
blend,1790470632.01,0.452,-10.110,268.92
blend,1790470632.52,0.454,-9.987,268.85
blend,1790470633.03,0.457,-9.868,268.78
blend,1790470633.53,0.459,-9.744,268.75
blend,1790470634.00,0.462,-9.632,268.72
blend,1790470634.55,0.465,-9.501,268.68
blend,1790470635.00,0.467,-9.390,268.68
blend,1790470635.51,0.470,-9.269,268.66
blend,1790470636.01,0.473,-9.145,268.66
blend,1790470636.52,0.476,-9.018,268.67
blend,1790470637.03,0.479,-8.890,268.64
blend,1790470637.53,0.482,-8.763,268.69
blend,1790470638.04,0.485,-8.641,268.67
blend,1790470638.54,0.487,-8.523,268.66
blend,1790470639.00,0.490,-8.409,268.62
blend,1790470639.51,0.493,-8.281,268.62
blend,1790470640.01,0.496,-8.157,268.53
blend,1790470640.52,0.500,-8.027,268.50
blend,1790470641.02,0.503,-7.894,268.42
blend,1790470641.53,0.507,-7.760,268.44
blend,1790470642.04,0.511,-7.628,268.41
blend,1790470642.51,0.514,-7.511,268.32
blend,1790470643.05,0.518,-7.356,268.36
blend,1790470643.51,0.522,-7.235,268.35
blend,1790470644.01,0.527,-7.051,268.24
blend,1790470644.52,0.533,-6.864,268.23
blend,1790470645.03,0.539,-6.669,268.10
blend,1790470645.53,0.544,-6.511,268.11
blend,1790470646.04,0.549,-6.367,268.09
blend,1790470646.55,0.554,-6.221,267.97
blend,1790470647.00,0.559,-6.090,267.94
blend,1790470647.50,0.564,-5.947,267.85
blend,1790470648.01,0.570,-5.795,267.84
blend,1790470648.52,0.576,-5.648,267.79
blend,1790470649.01,0.582,-5.497,267.75
blend,1790470649.53,0.587,-5.353,267.72
blend,1790470650.04,0.593,-5.207,267.83
blend,1790470650.51,0.595,-5.074,269.68
blend,1790470651.00,0.591,-4.926,271.78
blend,1790470651.51,0.585,-4.795,272.32
blend,1790470652.01,0.579,-4.638,272.39
blend,1790470652.52,0.573,-4.495,272.50
blend,1790470653.03,0.566,-4.347,272.52
blend,1790470653.53,0.559,-4.204,272.55
blend,1790470654.04,0.553,-4.061,272.54
blend,1790470654.55,0.547,-3.921,272.50
blend,1790470655.00,0.542,-3.798,272.51
blend,1790470655.51,0.535,-3.653,272.47
blend,1790470656.01,0.530,-3.520,272.43
blend,1790470656.52,0.524,-3.388,272.34
blend,1790470657.03,0.519,-3.254,272.32
blend,1790470657.53,0.513,-3.124,272.32
blend,1790470658.01,0.509,-3.002,272.33
blend,1790470658.55,0.503,-2.867,272.26
blend,1790470659.00,0.498,-2.750,272.28
blend,1790470659.51,0.493,-2.625,272.29
blend,1790470660.02,0.489,-2.500,272.19
blend,1790470660.52,0.483,-2.362,272.19
blend,1790470661.00,0.478,-2.229,272.24
blend,1790470661.53,0.473,-2.090,272.23
blend,1790470662.02,0.468,-1.955,272.16
blend,1790470662.51,0.463,-1.831,272.15
blend,1790470663.00,0.458,-1.695,272.03
blend,1790470663.51,0.453,-1.561,271.99
blend,1790470664.00,0.450,-1.433,272.04
blend,1790470664.52,0.445,-1.300,271.96
blend,1790470665.03,0.440,-1.161,271.93
blend,1790470665.54,0.435,-1.027,271.95
blend,1790470666.04,0.431,-0.891,271.93
blend,1790470666.51,0.423,-0.768,274.66
blend,1790470667.00,0.407,-0.648,278.40
blend,1790470667.52,0.383,-0.522,282.30
blend,1790470668.03,0.351,-0.403,286.09
blend,1790470668.54,0.310,-0.284,289.91
blend,1790470669.00,0.266,-0.181,295.52
blend,1790470669.52,0.206,-0.078,303.35
blend,1790470670.03,0.135,0.016,310.99
blend,1790470670.55,0.125,0.027,311.05
blend,1790470671.02,0.124,0.027,315.31
blend,1790470671.54,0.125,0.026,324.06
blend,1790470672.01,0.129,0.025,332.15
blend,1790470672.52,0.129,0.026,340.89
blend,1790470673.03,0.133,0.026,349.81
blend,1790470673.54,0.137,0.026,359.30
blend,1790470674.01,0.148,0.028,362.17
blend,1790470674.52,0.146,0.028,362.16
blend,1790470675.03,0.148,0.028,362.16
blend,1790470675.51,0.147,0.028,362.15
blend,1790470676.00,0.147,0.028,362.16
blend,1790470676.51,0.147,0.028,362.15
blend,1790470677.03,0.147,0.028,362.15
blend,1790470677.51,0.146,0.028,362.15
blend,1790470678.01,0.151,0.028,362.15
blend,1790470678.51,0.160,0.028,362.29
blend,1790470679.02,0.255,0.032,362.34
blend,1790470679.53,0.342,0.036,362.42
blend,1790470680.05,0.425,0.040,362.52
blend,1790470680.51,0.506,0.043,362.58
blend,1790470681.02,0.589,0.047,362.68
blend,1790470681.53,0.661,0.050,362.76
blend,1790470682.04,0.744,0.054,362.81
blend,1790470682.51,0.818,0.058,362.86
blend,1790470683.02,0.898,0.062,362.89
blend,1790470683.53,0.977,0.066,362.94
blend,1790470684.00,1.052,0.070,362.99
blend,1790470684.50,1.132,0.074,363.02
blend,1790470685.02,1.213,0.079,363.07
blend,1790470685.53,1.287,0.083,363.15
blend,1790470686.04,1.370,0.087,363.20
blend,1790470686.50,1.449,0.092,363.25
blend,1790470687.01,1.533,0.097,363.30
blend,1790470687.53,1.633,0.102,363.34
blend,1790470688.04,1.732,0.108,363.42
blend,1790470688.50,1.818,0.113,363.46
blend,1790470689.01,1.897,0.118,363.46
blend,1790470689.53,1.979,0.123,363.50
blend,1790470690.04,2.059,0.128,363.55
blend,1790470690.50,2.132,0.133,363.60
blend,1790470691.01,2.203,0.138,363.63
blend,1790470691.53,2.284,0.143,363.64
blend,1790470692.04,2.367,0.148,363.74
blend,1790470692.50,2.451,0.154,363.76
blend,1790470693.01,2.517,0.158,363.78
blend,1790470693.53,2.601,0.164,363.82
blend,1790470694.04,2.684,0.169,363.88
blend,1790470694.51,2.748,0.174,363.92
blend,1790470695.01,2.808,0.178,363.93
blend,1790470695.52,2.874,0.182,363.94
blend,1790470696.04,2.942,0.187,363.96
blend,1790470696.50,2.999,0.191,363.97
blend,1790470697.01,3.066,0.196,364.02
blend,1790470697.52,3.132,0.200,364.08
blend,1790470698.04,3.198,0.205,364.12
blend,1790470698.51,3.259,0.209,364.15
blend,1790470699.01,3.319,0.214,364.17
blend,1790470699.52,3.378,0.218,364.18
blend,1790470700.03,3.441,0.223,364.21
blend,1790470700.54,3.525,0.229,364.24
blend,1790470701.01,3.601,0.235,364.12
blend,1790470701.52,3.689,0.238,360.96
blend,1790470702.03,3.770,0.239,360.63
blend,1790470702.51,3.849,0.239,360.57
blend,1790470703.00,3.927,0.240,360.55
blend,1790470703.51,4.017,0.241,360.53
blend,1790470704.03,4.101,0.242,360.54
blend,1790470704.50,4.187,0.243,360.49
blend,1790470705.02,4.284,0.243,360.55
blend,1790470705.52,4.380,0.245,360.60
blend,1790470706.00,4.471,0.245,360.64
blend,1790470706.54,4.574,0.247,360.68
blend,1790470707.05,4.671,0.248,360.74
blend,1790470707.51,4.760,0.249,360.73
blend,1790470708.02,4.862,0.251,360.76
blend,1790470708.54,4.966,0.252,360.82
blend,1790470709.00,5.061,0.253,360.84
blend,1790470709.51,5.170,0.255,360.92
blend,1790470710.02,5.280,0.257,360.96
blend,1790470710.53,5.391,0.259,361.05
blend,1790470711.01,5.490,0.261,361.07
blend,1790470711.51,5.601,0.263,361.17
blend,1790470712.02,5.711,0.265,361.19
blend,1790470712.53,5.824,0.268,361.25
blend,1790470713.04,5.935,0.270,361.26
blend,1790470713.51,6.035,0.273,361.32
blend,1790470714.02,6.143,0.275,361.37
blend,1790470714.53,6.249,0.278,361.46
blend,1790470715.01,6.360,0.282,361.52
blend,1790470715.50,6.468,0.284,361.60
blend,1790470716.02,6.579,0.288,361.60
blend,1790470716.53,6.690,0.291,361.69
blend,1790470717.00,6.786,0.294,361.73
blend,1790470717.50,6.886,0.297,361.79
blend,1790470718.02,7.002,0.301,361.86
blend,1790470718.53,7.117,0.305,361.94
blend,1790470719.04,7.226,0.308,362.00
blend,1790470719.50,7.318,0.312,362.02
blend,1790470720.01,7.437,0.317,362.10
blend,1790470720.53,7.540,0.320,362.09
blend,1790470721.04,7.653,0.325,362.18
blend,1790470721.50,7.752,0.329,362.20
blend,1790470722.01,7.862,0.333,362.26
blend,1790470722.53,7.965,0.337,362.26
blend,1790470723.04,8.077,0.342,362.31
blend,1790470723.50,8.179,0.346,362.42
blend,1790470724.01,8.290,0.351,362.48
blend,1790470724.52,8.396,0.356,362.50
blend,1790470725.04,8.506,0.361,362.55
blend,1790470725.51,8.609,0.366,362.63
blend,1790470726.01,8.713,0.371,362.70
blend,1790470726.52,8.814,0.375,362.66
blend,1790470727.04,8.918,0.380,362.71
blend,1790470727.51,9.016,0.385,362.68
blend,1790470728.01,9.121,0.390,362.79
blend,1790470728.52,9.231,0.396,362.79
blend,1790470729.03,9.338,0.401,362.88
blend,1790470729.55,9.419,0.405,362.86
blend,1790470730.01,9.437,0.406,362.85
blend,1790470730.52,9.437,0.406,362.86
blend,1790470731.03,9.440,0.407,368.23
blend,1790470731.55,9.458,0.413,376.19
blend,1790470732.02,9.470,0.417,383.29
blend,1790470732.54,9.462,0.413,391.42
blend,1790470733.00,9.463,0.414,399.02
blend,1790470733.52,9.464,0.414,407.39
blend,1790470734.03,9.481,0.438,415.92
blend,1790470734.54,9.487,0.449,424.54
blend,1790470735.00,9.488,0.450,432.31
blend,1790470735.51,9.488,0.449,440.97
blend,1790470736.02,9.487,0.449,449.69
blend,1790470736.51,9.487,0.450,458.18
blend,1790470737.04,9.487,0.449,460.16
blend,1790470737.55,9.487,0.449,460.17
blend,1790470738.01,9.487,0.449,460.18
blend,1790470738.52,9.493,0.419,460.25
blend,1790470739.02,9.504,0.356,460.32
blend,1790470739.52,9.507,0.344,460.35
blend,1790470740.01,9.507,0.344,460.37
blend,1790470740.51,9.507,0.344,460.37
blend,1790470741.03,9.507,0.344,460.38
blend,1790470741.54,9.507,0.344,460.39
blend,1790470742.05,9.507,0.344,460.40
blend,1790470742.51,9.507,0.344,460.40
blend,1790470743.02,9.513,0.311,460.36
blend,1790470743.53,9.519,0.274,460.39
blend,1790470744.05,9.519,0.274,460.41
blend,1790470744.51,9.519,0.274,460.41
blend,1790470745.02,9.519,0.274,460.41
blend,1790470745.53,9.519,0.274,460.41
blend,1790470746.00,9.519,0.274,460.42
blend,1790470746.50,9.519,0.274,460.42
blend,1790470747.01,9.519,0.274,461.62
blend,1790470747.53,9.520,0.273,468.87
blend,1790470748.04,9.519,0.274,476.37
blend,1790470748.55,9.519,0.274,483.75
blend,1790470749.01,9.520,0.274,489.92
blend,1790470749.53,9.530,0.265,497.05
blend,1790470750.01,9.551,0.251,504.23
blend,1790470750.52,9.570,0.240,511.13
blend,1790470751.04,9.572,0.239,514.78
blend,1790470751.50,9.572,0.239,514.86
blend,1790470752.02,9.572,0.239,514.86
blend,1790470752.54,9.573,0.238,514.86
blend,1790470753.01,9.573,0.238,515.18
blend,1790470753.53,9.573,0.238,519.27
blend,1790470754.04,9.575,0.237,523.38
blend,1790470754.50,9.577,0.237,527.10
blend,1790470755.01,9.578,0.237,531.23
blend,1790470755.53,9.578,0.237,535.43
blend,1790470756.04,9.579,0.237,539.57
blend,1790470756.51,9.582,0.237,543.27
blend,1790470757.01,9.583,0.237,544.75
blend,1790470757.52,9.582,0.237,544.76
blend,1790470758.04,9.582,0.237,544.76
blend,1790470758.51,9.582,0.237,544.75
blend,1790470759.01,9.582,0.237,544.75
blend,1790470759.52,9.582,0.237,544.75
blend,1790470760.03,9.582,0.237,544.76
blend,1790470760.54,9.578,0.237,544.90
blend,1790470761.00,9.505,0.230,544.89
blend,1790470761.52,9.420,0.223,544.95
blend,1790470762.03,9.349,0.217,545.07
blend,1790470762.51,9.309,0.213,545.07
blend,1790470763.00,9.253,0.208,545.22
blend,1790470763.52,9.163,0.200,545.24
blend,1790470764.03,9.082,0.193,545.33
blend,1790470764.54,9.017,0.187,545.37
blend,1790470765.00,8.950,0.181,545.44
blend,1790470765.51,8.876,0.174,545.50
blend,1790470766.03,8.812,0.167,545.52
blend,1790470766.54,8.738,0.160,545.57
blend,1790470767.00,8.675,0.154,545.59
blend,1790470767.51,8.606,0.147,545.61
blend,1790470768.03,8.547,0.142,545.65
blend,1790470768.54,8.486,0.135,545.66
blend,1790470769.05,8.415,0.129,545.71
blend,1790470769.51,8.346,0.122,545.73
blend,1790470770.02,8.259,0.113,545.74
blend,1790470770.54,8.174,0.104,545.76
blend,1790470771.00,8.107,0.098,545.81
blend,1790470771.51,8.027,0.089,545.85
blend,1790470772.02,7.938,0.080,545.91
blend,1790470772.53,7.849,0.071,545.94
blend,1790470773.04,7.765,0.062,545.96
blend,1790470773.51,7.690,0.054,545.99
blend,1790470774.02,7.584,0.043,546.01
blend,1790470774.53,7.501,0.034,546.09
blend,1790470775.04,7.410,0.025,546.09
blend,1790470775.50,7.329,0.016,546.11
blend,1790470776.02,7.241,0.006,546.13
blend,1790470776.53,7.151,-0.003,546.20
blend,1790470777.04,7.065,-0.013,546.27
blend,1790470777.50,6.977,-0.022,546.28
blend,1790470778.01,6.891,-0.032,546.29
blend,1790470778.53,6.793,-0.043,546.37
blend,1790470779.04,6.699,-0.053,546.40
blend,1790470779.50,6.624,-0.062,546.42
blend,1790470780.01,6.534,-0.072,546.48
blend,1790470780.53,6.436,-0.083,546.54
blend,1790470781.04,6.345,-0.094,546.55
blend,1790470781.55,6.245,-0.105,546.55
blend,1790470782.01,6.163,-0.115,546.59
blend,1790470782.52,6.068,-0.126,546.67
blend,1790470783.04,5.974,-0.137,546.70
blend,1790470783.55,5.891,-0.146,546.73
blend,1790470784.01,5.822,-0.155,546.77
blend,1790470784.52,5.746,-0.164,546.79
blend,1790470785.04,5.655,-0.175,546.78
blend,1790470785.51,5.582,-0.183,545.89
blend,1790470786.01,5.495,-0.189,543.35
blend,1790470786.52,5.407,-0.194,543.27
blend,1790470787.03,5.323,-0.198,543.27
blend,1790470787.55,5.232,-0.203,543.26
blend,1790470788.01,5.147,-0.208,543.20
blend,1790470788.52,5.058,-0.213,543.22
blend,1790470789.03,4.969,-0.218,543.22
blend,1790470789.54,4.880,-0.223,543.25
blend,1790470790.01,4.800,-0.228,543.29
blend,1790470790.52,4.714,-0.233,543.33
blend,1790470791.03,4.621,-0.238,543.35
blend,1790470791.54,4.532,-0.243,543.21
blend,1790470792.00,4.460,-0.247,542.34
blend,1790470792.52,4.369,-0.250,541.91
blend,1790470793.03,4.279,-0.253,541.87
blend,1790470793.54,4.185,-0.256,541.86
blend,1790470794.00,4.102,-0.258,541.84
blend,1790470794.52,4.010,-0.261,541.83
blend,1790470795.03,3.915,-0.264,541.87
blend,1790470795.54,3.830,-0.267,541.94
blend,1790470796.00,3.746,-0.270,541.92
blend,1790470796.51,3.656,-0.273,541.92
blend,1790470797.03,3.564,-0.276,541.97
blend,1790470797.54,3.473,-0.279,542.01
blend,1790470798.00,3.388,-0.283,542.02
blend,1790470798.51,3.294,-0.286,542.03
blend,1790470799.03,3.202,-0.289,542.04
blend,1790470799.54,3.106,-0.293,542.08
blend,1790470800.01,3.022,-0.296,542.13
blend,1790470800.51,2.931,-0.299,542.11
blend,1790470801.02,2.841,-0.302,542.16
blend,1790470801.54,2.749,-0.306,542.24
blend,1790470802.01,2.665,-0.309,542.25
blend,1790470802.51,2.575,-0.313,542.27
blend,1790470803.02,2.483,-0.317,542.30
blend,1790470803.50,2.399,-0.320,542.33
blend,1790470804.00,2.313,-0.324,542.37
blend,1790470804.51,2.226,-0.327,542.42
blend,1790470805.02,2.135,-0.331,542.42
blend,1790470805.50,2.053,-0.335,542.47
blend,1790470806.02,1.966,-0.338,542.51
blend,1790470806.52,1.883,-0.342,542.55
blend,1790470807.01,1.792,-0.346,542.59
blend,1790470807.53,1.702,-0.350,542.61
blend,1790470808.05,1.603,-0.355,542.63
blend,1790470808.51,1.504,-0.359,542.71
blend,1790470809.02,1.409,-0.364,542.73
blend,1790470809.53,1.313,-0.369,542.76
blend,1790470810.05,1.217,-0.373,542.80
blend,1790470810.51,1.138,-0.377,542.82
blend,1790470811.02,1.053,-0.381,542.86
blend,1790470811.53,0.979,-0.385,542.90
blend,1790470812.02,0.906,-0.389,542.93
blend,1790470812.51,0.832,-0.393,542.97
blend,1790470813.02,0.757,-0.397,542.99
blend,1790470813.53,0.683,-0.401,543.02
blend,1790470814.04,0.605,-0.405,543.04
blend,1790470814.50,0.539,-0.409,543.07
blend,1790470815.02,0.464,-0.413,543.09
blend,1790470815.53,0.388,-0.417,543.10
blend,1790470816.04,0.317,-0.421,543.11
blend,1790470816.50,0.280,-0.423,543.15
blend,1790470817.01,0.284,-0.422,543.15
blend,1790470817.53,0.285,-0.422,543.23
blend,1790470818.04,0.294,-0.422,544.39
blend,1790470818.55,0.291,-0.422,547.85
blend,1790470819.02,0.296,-0.421,553.51
blend,1790470819.53,0.307,-0.416,560.63
blend,1790470820.00,0.321,-0.408,567.25
blend,1790470820.52,0.334,-0.399,574.55
blend,1790470821.04,0.345,-0.388,581.81
blend,1790470821.51,0.345,-0.389,588.43
blend,1790470822.01,0.356,-0.373,595.44
blend,1790470822.52,0.361,-0.362,602.52
blend,1790470823.04,0.362,-0.358,609.64
blend,1790470823.54,0.363,-0.357,616.65
blend,1790470824.05,0.363,-0.354,623.71
blend,1790470824.51,0.363,-0.353,630.11
blend,1790470825.01,0.362,-0.352,631.45
blend,1790470825.52,0.362,-0.351,631.42
blend,1790470826.02,0.362,-0.352,631.42
blend,1790470826.53,0.362,-0.346,631.42
blend,1790470827.03,0.362,-0.347,631.41
blend,1790470827.54,0.362,-0.345,631.42
blend,1790470828.04,0.362,-0.365,631.43
blend,1790470828.50,0.365,-0.474,631.60
blend,1790470829.00,0.369,-0.598,631.62
blend,1790470829.51,0.372,-0.715,631.78
blend,1790470830.02,0.376,-0.835,631.84
blend,1790470830.52,0.380,-0.955,631.88
blend,1790470831.03,0.384,-1.072,631.97
blend,1790470831.53,0.388,-1.183,631.98
blend,1790470832.04,0.392,-1.294,632.08
blend,1790470832.50,0.396,-1.394,632.10
blend,1790470833.00,0.400,-1.504,632.18
blend,1790470833.51,0.404,-1.617,632.17
blend,1790470834.01,0.409,-1.732,632.25
blend,1790470834.52,0.413,-1.838,632.26
blend,1790470835.02,0.417,-1.935,632.32
blend,1790470835.53,0.421,-2.037,632.36
blend,1790470836.03,0.425,-2.138,632.37
blend,1790470836.54,0.429,-2.235,632.43
blend,1790470837.00,0.433,-2.324,632.46
blend,1790470837.50,0.437,-2.422,632.51
blend,1790470838.01,0.442,-2.520,632.56
blend,1790470838.52,0.446,-2.621,632.57
blend,1790470839.02,0.451,-2.721,632.61
blend,1790470839.53,0.455,-2.822,632.60
blend,1790470840.04,0.460,-2.925,632.61
blend,1790470840.55,0.465,-3.024,632.71
blend,1790470841.01,0.469,-3.113,632.73
blend,1790470841.52,0.474,-3.213,632.76
blend,1790470842.03,0.478,-3.309,632.81
blend,1790470842.51,0.483,-3.402,632.85
blend,1790470843.04,0.488,-3.509,632.89
blend,1790470843.52,0.493,-3.609,632.92
blend,1790470844.05,0.499,-3.720,632.96
blend,1790470844.50,0.504,-3.820,632.98
blend,1790470845.02,0.511,-3.958,632.94
blend,1790470845.52,0.515,-4.037,633.03
blend,1790470846.02,0.521,-4.152,633.03
blend,1790470846.53,0.527,-4.260,633.11
blend,1790470847.03,0.533,-4.373,633.12
blend,1790470847.54,0.539,-4.475,633.21
blend,1790470848.04,0.545,-4.588,633.20
blend,1790470848.51,0.551,-4.685,633.26
blend,1790470849.00,0.557,-4.786,633.30
blend,1790470849.51,0.564,-4.906,633.38
blend,1790470850.02,0.570,-5.014,633.42
blend,1790470850.52,0.577,-5.137,633.50
blend,1790470851.03,0.585,-5.257,633.57
blend,1790470851.53,0.593,-5.385,633.58
blend,1790470852.00,0.600,-5.502,633.64
blend,1790470852.55,0.609,-5.642,633.69
blend,1790470853.00,0.616,-5.750,633.74
blend,1790470853.51,0.625,-5.888,633.80
blend,1790470854.01,0.634,-6.014,633.88
blend,1790470854.52,0.643,-6.143,633.96
blend,1790470855.02,0.652,-6.271,634.01
blend,1790470855.53,0.661,-6.402,634.06
blend,1790470856.04,0.670,-6.531,634.07
blend,1790470856.50,0.679,-6.660,634.12
blend,1790470857.05,0.689,-6.800,634.18
blend,1790470857.50,0.698,-6.913,634.23
blend,1790470858.01,0.707,-7.038,634.25
blend,1790470858.51,0.717,-7.165,634.33
blend,1790470859.02,0.727,-7.296,634.29
blend,1790470859.51,0.734,-7.419,633.35
blend,1790470860.02,0.734,-7.539,631.56
blend,1790470860.54,0.738,-7.675,631.43
blend,1790470861.01,0.741,-7.795,631.40
blend,1790470861.51,0.744,-7.915,631.40
blend,1790470862.01,0.747,-8.040,631.41
blend,1790470862.51,0.750,-8.162,631.44
blend,1790470863.00,0.753,-8.288,631.45
blend,1790470863.52,0.757,-8.423,631.51
blend,1790470864.02,0.760,-8.540,631.54
blend,1790470864.52,0.764,-8.680,631.58
blend,1790470865.04,0.768,-8.819,631.63
blend,1790470865.55,0.772,-8.949,631.63
blend,1790470866.00,0.775,-9.060,631.70
blend,1790470866.51,0.779,-9.197,631.76
blend,1790470867.01,0.783,-9.313,631.76
blend,1790470867.52,0.786,-9.421,631.82
blend,1790470868.02,0.790,-9.535,631.84
blend,1790470868.53,0.793,-9.635,631.89
blend,1790470869.04,0.797,-9.751,631.93
blend,1790470869.54,0.801,-9.872,631.97
blend,1790470870.00,0.805,-9.969,631.98
blend,1790470870.50,0.808,-10.074,632.05
blend,1790470871.01,0.812,-10.182,632.07
blend,1790470871.52,0.816,-10.279,632.12
blend,1790470872.03,0.819,-10.369,632.17
blend,1790470872.54,0.823,-10.463,632.23
blend,1790470873.04,0.827,-10.557,632.23
blend,1790470873.50,0.830,-10.640,632.24
blend,1790470874.00,0.833,-10.729,632.29
blend,1790470874.51,0.837,-10.821,632.27
blend,1790470875.01,0.841,-10.914,632.30
blend,1790470875.52,0.844,-11.005,632.35
blend,1790470876.02,0.848,-11.101,632.40
blend,1790470876.53,0.853,-11.195,632.43
blend,1790470877.04,0.857,-11.290,632.46
blend,1790470877.55,0.861,-11.381,632.48
blend,1790470878.05,0.865,-11.477,632.51
blend,1790470878.51,0.869,-11.556,632.59
blend,1790470879.01,0.873,-11.652,632.63
blend,1790470879.52,0.877,-11.731,632.65
blend,1790470880.03,0.880,-11.804,632.69
blend,1790470880.51,0.883,-11.871,632.69
blend,1790470881.01,0.887,-11.946,632.72
blend,1790470881.51,0.891,-12.023,632.75
blend,1790470882.02,0.895,-12.098,632.80
blend,1790470882.53,0.898,-12.168,632.84
blend,1790470883.04,0.902,-12.243,632.87
blend,1790470883.55,0.905,-12.318,632.88
blend,1790470884.00,0.908,-12.380,632.90
blend,1790470884.51,0.912,-12.453,632.95
blend,1790470885.02,0.916,-12.522,632.98
blend,1790470885.52,0.920,-12.599,632.99
blend,1790470886.03,0.924,-12.681,633.01
blend,1790470886.53,0.928,-12.748,633.06
blend,1790470887.04,0.932,-12.820,633.09
blend,1790470887.54,0.935,-12.889,633.10
blend,1790470888.05,0.940,-12.967,633.13
blend,1790470888.50,0.943,-13.027,633.16
blend,1790470889.01,0.947,-13.103,633.19
blend,1790470889.51,0.951,-13.172,633.22
blend,1790470890.02,0.955,-13.242,633.23
blend,1790470890.53,0.959,-13.311,633.24
blend,1790470891.03,0.963,-13.391,633.25
blend,1790470891.54,0.967,-13.461,633.29
blend,1790470892.01,0.971,-13.523,633.34
blend,1790470892.50,0.975,-13.588,633.36
blend,1790470893.01,0.978,-13.652,633.34
blend,1790470893.51,0.983,-13.716,633.39
blend,1790470894.02,0.987,-13.779,633.44
blend,1790470894.52,0.990,-13.839,633.46
blend,1790470895.03,0.994,-13.898,633.47
blend,1790470895.53,0.999,-13.982,633.52
blend,1790470896.00,1.002,-14.027,633.54
blend,1790470896.54,1.007,-14.106,633.59
blend,1790470897.01,1.011,-14.163,633.62
blend,1790470897.51,1.015,-14.226,633.64
blend,1790470898.01,1.018,-14.281,633.64
blend,1790470898.52,1.022,-14.338,633.63
blend,1790470899.02,1.027,-14.414,633.68
blend,1790470899.53,1.030,-14.472,633.64
blend,1790470900.04,1.035,-14.539,633.62
blend,1790470900.54,1.037,-14.564,633.66
blend,1790470901.01,1.037,-14.573,633.65
blend,1790470901.50,1.041,-14.627,633.64
blend,1790470902.01,1.044,-14.674,633.64
blend,1790470902.52,1.046,-14.711,633.63
blend,1790470903.02,1.049,-14.756,633.57
blend,1790470903.53,1.052,-14.803,633.58
blend,1790470904.03,1.055,-14.846,633.67
blend,1790470904.54,1.058,-14.902,633.65
blend,1790470905.01,1.061,-14.944,633.66
blend,1790470905.55,1.063,-14.977,633.66
blend,1790470906.00,1.065,-15.014,633.59
blend,1790470906.51,1.066,-15.024,633.63
blend,1790470907.02,1.066,-15.023,636.10
blend,1790470907.53,1.066,-15.023,644.37
blend,1790470908.04,1.066,-15.023,652.58
blend,1790470908.51,1.066,-15.024,659.84
blend,1790470909.01,1.071,-15.030,667.66
blend,1790470909.53,1.076,-15.034,675.46
blend,1790470910.05,1.071,-15.029,683.31
blend,1790470910.51,1.066,-15.026,690.23
blend,1790470911.03,1.067,-15.026,697.96
blend,1790470911.51,1.068,-15.027,705.08
blend,1790470912.05,1.071,-15.027,713.14
blend,1790470912.51,1.072,-15.027,716.01
blend,1790470913.02,1.073,-15.027,715.96
blend,1790470913.53,1.072,-15.027,715.95
blend,1790470914.04,1.072,-15.027,715.95
blend,1790470914.51,1.073,-15.027,715.95
blend,1790470915.01,1.076,-15.027,716.02
blend,1790470915.52,1.126,-15.031,716.09
blend,1790470916.03,1.194,-15.035,716.24
blend,1790470916.54,1.244,-15.039,716.22
blend,1790470917.05,1.267,-15.040,716.24
blend,1790470917.51,1.285,-15.041,716.26
blend,1790470918.02,1.307,-15.043,716.33
blend,1790470918.53,1.339,-15.045,716.32
blend,1790470919.04,1.401,-15.049,716.35
blend,1790470919.50,1.455,-15.052,716.38
blend,1790470920.01,1.510,-15.056,716.46
blend,1790470920.52,1.568,-15.059,716.48
blend,1790470921.01,1.628,-15.063,716.52
blend,1790470921.51,1.690,-15.067,716.57
blend,1790470922.00,1.755,-15.070,716.62
blend,1790470922.50,1.818,-15.074,716.68
blend,1790470923.02,1.885,-15.078,716.72
blend,1790470923.53,1.950,-15.082,716.76
blend,1790470924.00,2.009,-15.085,716.78
blend,1790470924.51,2.091,-15.090,716.81
blend,1790470925.01,2.169,-15.094,716.82
blend,1790470925.52,2.242,-15.098,716.83
blend,1790470926.03,2.317,-15.102,716.88
blend,1790470926.54,2.392,-15.106,716.93
blend,1790470927.00,2.458,-15.110,716.96
blend,1790470927.51,2.529,-15.113,717.02
blend,1790470928.02,2.597,-15.117,717.07
blend,1790470928.53,2.667,-15.120,717.11
blend,1790470929.00,2.730,-15.124,717.10
blend,1790470929.50,2.797,-15.127,717.16
blend,1790470930.01,2.868,-15.130,717.19
blend,1790470930.52,2.938,-15.134,717.22
blend,1790470931.04,3.007,-15.137,717.25
blend,1790470931.51,3.075,-15.140,717.26
blend,1790470932.01,3.140,-15.144,717.29
blend,1790470932.52,3.213,-15.147,717.32
blend,1790470933.03,3.275,-15.150,717.33
blend,1790470933.54,3.348,-15.153,717.36
blend,1790470934.01,3.411,-15.156,717.39
blend,1790470934.51,3.481,-15.159,717.43
blend,1790470935.02,3.555,-15.162,717.47
blend,1790470935.53,3.642,-15.166,717.53
blend,1790470936.00,3.722,-15.169,717.57
blend,1790470936.55,3.817,-15.173,717.63
blend,1790470937.01,3.901,-15.177,717.65
blend,1790470937.52,3.987,-15.180,717.68
blend,1790470938.03,4.077,-15.184,717.72
blend,1790470938.51,4.147,-15.186,717.74
blend,1790470939.00,4.219,-15.189,717.76
blend,1790470939.51,4.319,-15.193,717.78
blend,1790470940.02,4.421,-15.197,717.83
blend,1790470940.53,4.531,-15.201,717.92
blend,1790470941.04,4.649,-15.205,717.97
blend,1790470941.50,4.750,-15.209,718.02
blend,1790470942.01,4.869,-15.213,718.07
blend,1790470942.52,5.000,-15.217,718.13
blend,1790470943.03,5.120,-15.220,718.11
blend,1790470943.50,5.224,-15.224,718.17
blend,1790470944.00,5.346,-15.227,718.22
blend,1790470944.51,5.465,-15.231,718.26
blend,1790470945.02,5.589,-15.234,718.34
blend,1790470945.53,5.711,-15.238,718.38
blend,1790470946.00,5.822,-15.241,718.45
blend,1790470946.50,5.936,-15.244,718.49
blend,1790470947.01,6.058,-15.247,718.50
blend,1790470947.53,6.176,-15.250,718.57
blend,1790470948.01,6.292,-15.253,718.58
blend,1790470948.55,6.416,-15.256,718.65
blend,1790470949.01,6.526,-15.258,718.73
blend,1790470949.52,6.643,-15.260,718.79
blend,1790470950.03,6.757,-15.263,718.80
blend,1790470950.51,6.862,-15.265,718.84
blend,1790470951.00,6.987,-15.267,718.89
blend,1790470951.52,7.100,-15.269,718.95
blend,1790470952.01,7.212,-15.271,719.00
blend,1790470952.52,7.332,-15.273,719.03
blend,1790470953.01,7.426,-15.274,719.12
blend,1790470953.51,7.542,-15.276,719.12
blend,1790470954.02,7.654,-15.278,719.26
blend,1790470954.50,7.749,-15.279,719.26
blend,1790470955.01,7.857,-15.280,719.33
blend,1790470955.54,7.968,-15.281,719.37
blend,1790470956.05,8.092,-15.282,719.39
blend,1790470956.51,8.196,-15.283,719.42
blend,1790470957.02,8.313,-15.284,719.49
blend,1790470957.53,8.435,-15.285,719.56
blend,1790470958.01,8.545,-15.286,719.57
blend,1790470958.50,8.663,-15.287,719.65
blend,1790470959.01,8.777,-15.287,719.69
blend,1790470959.52,8.898,-15.288,719.75
blend,1790470960.03,9.017,-15.288,719.76
blend,1790470960.54,9.139,-15.288,719.81
blend,1790470961.00,9.245,-15.289,719.83
blend,1790470961.51,9.363,-15.289,719.93
blend,1790470962.02,9.483,-15.289,719.93
blend,1790470962.54,9.605,-15.289,719.96
blend,1790470963.01,9.693,-15.289,719.99
blend,1790470963.51,9.681,-15.289,719.99
blend,1790470964.02,9.681,-15.289,722.21
blend,1790470964.53,9.683,-15.287,735.24
blend,1790470965.00,9.676,-15.291,747.40
blend,1790470965.52,9.690,-15.277,760.77
blend,1790470966.03,9.699,-15.262,774.51
blend,1790470966.54,9.695,-15.271,788.85
blend,1790470967.05,9.696,-15.269,803.76
blend,1790470967.50,9.695,-15.270,812.37
blend,1790470968.01,9.695,-15.269,812.30
blend,1790470968.52,9.695,-15.269,812.29
blend,1790470969.02,9.695,-15.269,812.29
blend,1790470969.53,9.695,-15.269,812.28
blend,1790470970.03,9.695,-15.269,812.29
blend,1790470970.54,9.695,-15.269,812.42
blend,1790470971.04,9.695,-15.270,815.55
blend,1790470971.51,9.695,-15.269,822.30
blend,1790470972.01,9.695,-15.269,829.50
blend,1790470972.52,9.696,-15.270,836.79
blend,1790470973.04,9.695,-15.269,844.00
blend,1790470973.50,9.686,-15.260,850.66
blend,1790470974.02,9.686,-15.262,857.96
blend,1790470974.54,9.693,-15.267,865.22
blend,1790470975.00,9.688,-15.265,871.81
blend,1790470975.52,9.684,-15.263,878.96
blend,1790470976.00,9.678,-15.262,885.56
blend,1790470976.50,9.669,-15.261,892.71
blend,1790470977.01,9.658,-15.261,899.99
blend,1790470977.53,9.655,-15.262,901.33
blend,1790470978.01,9.654,-15.262,901.32
blend,1790470978.50,9.654,-15.262,901.32
blend,1790470979.01,9.654,-15.262,901.31
blend,1790470979.52,9.653,-15.262,901.32
blend,1790470980.04,9.654,-15.262,901.32
blend,1790470980.51,9.653,-15.262,901.31
blend,1790470981.01,9.653,-15.262,901.30
blend,1790470981.52,9.653,-15.262,901.30
blend,1790470982.03,9.653,-15.262,901.31
blend,1790470982.55,9.653,-15.262,901.31
blend,1790470983.01,9.653,-15.262,901.32
blend,1790470983.52,9.622,-15.262,901.43
blend,1790470984.03,9.557,-15.264,901.53
blend,1790470984.50,9.498,-15.266,901.58
blend,1790470985.01,9.430,-15.268,901.65
blend,1790470985.52,9.361,-15.270,901.72
blend,1790470986.03,9.285,-15.272,901.77
blend,1790470986.51,9.207,-15.275,901.81
blend,1790470987.01,9.117,-15.277,901.93
blend,1790470987.52,9.026,-15.281,902.00
blend,1790470988.03,8.938,-15.284,902.02
blend,1790470988.54,8.849,-15.287,902.11
blend,1790470989.00,8.768,-15.290,902.18
blend,1790470989.52,8.679,-15.294,902.21
blend,1790470990.03,8.584,-15.297,902.24
blend,1790470990.54,8.482,-15.301,902.30
blend,1790470991.00,8.383,-15.306,902.40
blend,1790470991.51,8.269,-15.311,902.42
blend,1790470992.03,8.160,-15.315,902.50
blend,1790470992.54,8.048,-15.320,902.56
blend,1790470993.00,7.952,-15.324,902.59
blend,1790470993.51,7.843,-15.330,902.66
blend,1790470994.03,7.733,-15.335,902.72
blend,1790470994.51,7.634,-15.340,902.76
blend,1790470995.05,7.518,-15.346,902.81
blend,1790470995.51,7.420,-15.350,902.83
blend,1790470996.02,7.309,-15.356,902.93
blend,1790470996.54,7.200,-15.362,902.89
blend,1790470997.01,7.099,-15.367,903.01
blend,1790470997.51,6.996,-15.372,903.01
blend,1790470998.02,6.884,-15.378,903.09
blend,1790470998.54,6.777,-15.384,903.12
blend,1790470999.05,6.672,-15.390,903.21
blend,1790470999.51,6.571,-15.396,903.23
blend,1790471000.02,6.459,-15.402,903.29
blend,1790471000.53,6.349,-15.409,903.34
blend,1790471001.00,6.250,-15.414,903.41
blend,1790471001.51,6.144,-15.421,903.42
blend,1790471002.02,6.033,-15.427,903.49
blend,1790471002.53,5.921,-15.434,903.51
blend,1790471003.04,5.812,-15.441,903.58
blend,1790471003.51,5.714,-15.447,903.58
blend,1790471004.02,5.601,-15.454,903.63
blend,1790471004.53,5.492,-15.461,903.66
blend,1790471005.01,5.389,-15.468,903.77
blend,1790471005.50,5.291,-15.475,903.80
blend,1790471006.02,5.174,-15.482,903.85
blend,1790471006.53,5.060,-15.490,903.86
blend,1790471007.04,4.949,-15.497,903.91
blend,1790471007.50,4.843,-15.505,903.94
blend,1790471008.02,4.729,-15.513,904.01
blend,1790471008.53,4.621,-15.520,904.01
blend,1790471009.01,4.516,-15.528,904.07
blend,1790471009.50,4.405,-15.536,904.11
blend,1790471010.02,4.292,-15.544,904.17
blend,1790471010.53,4.176,-15.552,904.21
blend,1790471011.00,4.077,-15.560,904.25
blend,1790471011.50,3.968,-15.568,904.28
blend,1790471012.01,3.855,-15.576,904.34
blend,1790471012.53,3.736,-15.586,904.35
blend,1790471013.00,3.634,-15.593,904.41
blend,1790471013.50,3.522,-15.602,904.43
blend,1790471014.01,3.403,-15.611,904.50
blend,1790471014.53,3.289,-15.620,904.57
blend,1790471015.04,3.172,-15.630,904.60
blend,1790471015.50,3.069,-15.638,904.65
blend,1790471016.01,2.957,-15.647,904.65
blend,1790471016.52,2.842,-15.657,904.70
blend,1790471017.01,2.736,-15.666,904.72
blend,1790471017.55,2.608,-15.676,904.76
blend,1790471018.01,2.509,-15.684,904.77
blend,1790471018.52,2.393,-15.694,904.85
blend,1790471019.03,2.274,-15.705,904.92
blend,1790471019.51,2.167,-15.714,904.96
blend,1790471020.01,2.056,-15.723,905.03
blend,1790471020.52,1.939,-15.734,905.04
blend,1790471021.03,1.826,-15.744,905.09
blend,1790471021.55,1.708,-15.754,905.13
blend,1790471022.01,1.603,-15.764,905.13
blend,1790471022.52,1.489,-15.774,905.16
blend,1790471023.03,1.373,-15.785,905.23
blend,1790471023.51,1.269,-15.794,905.29
blend,1790471024.01,1.163,-15.804,905.34
blend,1790471024.52,1.046,-15.815,905.41
blend,1790471025.03,0.927,-15.827,905.41
blend,1790471025.54,0.810,-15.838,905.48
blend,1790471026.00,0.705,-15.848,905.49
blend,1790471026.52,0.591,-15.859,905.53
blend,1790471027.03,0.473,-15.870,905.58
blend,1790471027.50,0.368,-15.881,905.62
blend,1790471028.00,0.253,-15.892,905.68
blend,1790471028.52,0.140,-15.904,905.70
blend,1790471029.03,0.030,-15.915,905.76
blend,1790471029.54,-0.085,-15.926,905.74
blend,1790471030.00,-0.192,-15.937,905.81
blend,1790471030.52,-0.311,-15.949,905.84
blend,1790471031.03,-0.419,-15.960,905.92
blend,1790471031.54,-0.514,-15.970,905.93
blend,1790471032.00,-0.590,-15.978,905.93
blend,1790471032.52,-0.687,-15.987,904.61
blend,1790471033.01,-0.768,-15.989,901.18
blend,1790471033.51,-0.864,-15.990,900.83
blend,1790471034.00,-0.969,-15.991,900.74
blend,1790471034.52,-1.073,-15.992,900.67
blend,1790471035.03,-1.177,-15.993,900.74
blend,1790471035.54,-1.280,-15.995,900.71
blend,1790471036.00,-1.362,-15.996,900.76
blend,1790471036.51,-1.460,-15.997,900.74
blend,1790471037.03,-1.555,-15.998,900.75
blend,1790471037.54,-1.632,-15.999,900.73
blend,1790471038.05,-1.726,-16.000,900.79
blend,1790471038.51,-1.808,-16.001,900.84
blend,1790471039.02,-1.901,-16.002,900.85
blend,1790471039.54,-1.988,-16.004,900.86
blend,1790471040.01,-2.062,-16.005,900.89
blend,1790471040.51,-2.155,-16.006,900.89
blend,1790471041.02,-2.235,-16.008,900.94
blend,1790471041.54,-2.320,-16.009,900.96
blend,1790471042.05,-2.403,-16.010,900.96
blend,1790471042.51,-2.475,-16.012,900.98
blend,1790471043.02,-2.569,-16.013,900.98
blend,1790471043.54,-2.668,-16.015,901.03
blend,1790471044.05,-2.760,-16.017,901.09
blend,1790471044.51,-2.853,-16.018,901.13
blend,1790471045.02,-2.946,-16.020,901.16
blend,1790471045.53,-3.042,-16.022,901.20
blend,1790471046.01,-3.127,-16.024,901.23
blend,1790471046.51,-3.228,-16.026,901.24
blend,1790471047.02,-3.333,-16.029,901.31
blend,1790471047.53,-3.439,-16.031,901.30
blend,1790471048.05,-3.545,-16.034,901.35
blend,1790471048.51,-3.641,-16.036,901.41
blend,1790471049.02,-3.750,-16.039,901.44
blend,1790471049.53,-3.858,-16.041,901.51
blend,1790471050.05,-3.979,-16.045,901.54
blend,1790471050.51,-4.082,-16.048,901.61
blend,1790471051.02,-4.192,-16.051,901.62
blend,1790471051.53,-4.307,-16.054,901.70
blend,1790471052.00,-4.405,-16.057,901.72
blend,1790471052.50,-4.516,-16.061,901.75
blend,1790471053.02,-4.622,-16.064,901.79
blend,1790471053.50,-4.726,-16.067,901.84
blend,1790471054.00,-4.834,-16.071,901.89
blend,1790471054.50,-4.942,-16.074,901.95
blend,1790471055.02,-5.051,-16.078,901.97
blend,1790471055.51,-5.158,-16.082,902.03
blend,1790471056.04,-5.271,-16.086,902.09
blend,1790471056.51,-5.379,-16.091,902.16
blend,1790471057.01,-5.468,-16.093,902.16
blend,1790471057.53,-5.585,-16.098,902.22
blend,1790471058.01,-5.689,-16.102,902.25
blend,1790471058.50,-5.783,-16.106,902.33
blend,1790471059.01,-5.870,-16.110,902.40
blend,1790471059.53,-5.944,-16.113,902.44
blend,1790471060.04,-6.023,-16.116,902.48
blend,1790471060.55,-6.094,-16.119,902.50
blend,1790471061.01,-6.160,-16.122,902.50
blend,1790471061.52,-6.238,-16.125,902.55
blend,1790471062.04,-6.315,-16.129,902.58
blend,1790471062.51,-6.386,-16.132,902.60
blend,1790471063.01,-6.457,-16.135,902.64
blend,1790471063.52,-6.529,-16.139,902.63
blend,1790471064.04,-6.531,-16.139,902.65
blend,1790471064.50,-6.534,-16.139,902.65
blend,1790471065.01,-6.532,-16.139,902.40
blend,1790471065.52,-6.530,-16.140,893.43
blend,1790471066.03,-6.520,-16.143,893.59
blend,1790471066.50,-6.516,-16.143,892.19
blend,1790471067.01,-6.514,-16.143,889.16
blend,1790471067.52,-6.501,-16.148,882.90
blend,1790471068.01,-6.493,-16.152,875.73
blend,1790471068.51,-6.484,-16.157,873.94
blend,1790471069.03,-6.483,-16.158,873.93
blend,1790471069.50,-6.483,-16.158,873.92
blend,1790471070.01,-6.481,-16.159,872.85
blend,1790471070.53,-6.479,-16.161,867.71
blend,1790471071.00,-6.476,-16.163,864.12
blend,1790471071.52,-6.473,-16.165,860.03
blend,1790471072.04,-6.469,-16.169,856.07
blend,1790471072.50,-6.469,-16.170,852.53
blend,1790471073.02,-6.466,-16.173,848.56
blend,1790471073.53,-6.461,-16.180,844.62
blend,1790471074.00,-6.460,-16.182,840.98
blend,1790471074.50,-6.461,-16.180,837.12
blend,1790471075.02,-6.461,-16.180,833.13
blend,1790471075.53,-6.459,-16.186,829.13
blend,1790471076.04,-6.459,-16.186,827.40
blend,1790471076.50,-6.458,-16.190,826.85
blend,1790471077.01,-6.459,-16.186,822.87
blend,1790471077.52,-6.463,-16.168,818.56
blend,1790471078.03,-6.464,-16.168,814.01
blend,1790471078.53,-6.463,-16.167,809.44
blend,1790471079.04,-6.461,-16.157,805.02
blend,1790471079.55,-6.461,-16.152,800.48
blend,1790471080.01,-6.461,-16.152,794.53
blend,1790471080.52,-6.461,-16.153,788.27
blend,1790471081.03,-6.461,-16.153,782.04
blend,1790471081.54,-6.461,-16.152,777.57
blend,1790471082.05,-6.463,-16.156,773.27
blend,1790471082.51,-6.462,-16.155,769.24
blend,1790471083.02,-6.444,-16.138,764.31
blend,1790471083.53,-6.445,-16.139,759.41
blend,1790471084.01,-6.432,-16.131,754.67
blend,1790471084.51,-6.426,-16.127,749.82
blend,1790471085.02,-6.425,-16.127,744.70
blend,1790471085.50,-6.417,-16.124,740.03
blend,1790471086.00,-6.411,-16.123,735.08
blend,1790471086.52,-6.403,-16.122,729.99
blend,1790471087.03,-6.395,-16.121,725.06
blend,1790471087.54,-6.391,-16.121,722.69
blend,1790471088.00,-6.389,-16.121,722.63
blend,1790471088.51,-6.299,-16.117,722.56
blend,1790471089.02,-6.212,-16.113,722.60
blend,1790471089.53,-6.111,-16.109,722.54
blend,1790471090.01,-6.017,-16.104,722.57
blend,1790471090.50,-5.926,-16.100,722.56
blend,1790471091.01,-5.815,-16.095,722.61
blend,1790471091.52,-5.713,-16.091,722.65
blend,1790471092.03,-5.609,-16.086,722.71
blend,1790471092.54,-5.500,-16.080,722.77
blend,1790471093.00,-5.403,-16.076,722.78
blend,1790471093.51,-5.292,-16.070,722.83
blend,1790471094.02,-5.175,-16.064,722.88
blend,1790471094.53,-5.060,-16.059,722.90
blend,1790471095.04,-4.944,-16.053,722.94
blend,1790471095.50,-4.837,-16.047,722.96
blend,1790471096.01,-4.723,-16.041,723.03
blend,1790471096.52,-4.604,-16.035,723.08
blend,1790471097.03,-4.490,-16.028,723.16
blend,1790471097.50,-4.381,-16.022,723.18
blend,1790471098.00,-4.268,-16.016,723.25
blend,1790471098.51,-4.153,-16.009,723.30
blend,1790471099.02,-4.036,-16.002,723.30
blend,1790471099.53,-3.927,-15.996,723.34
blend,1790471100.04,-3.808,-15.989,723.35
blend,1790471100.50,-3.707,-15.983,723.44
blend,1790471101.01,-3.592,-15.976,723.45
blend,1790471101.52,-3.476,-15.969,723.54
blend,1790471102.03,-3.361,-15.962,723.57
blend,1790471102.51,-3.250,-15.955,723.64
blend,1790471103.00,-3.137,-15.947,723.70
blend,1790471103.51,-3.019,-15.940,723.73
blend,1790471104.02,-2.902,-15.932,723.79
blend,1790471104.53,-2.778,-15.924,723.80
blend,1790471105.01,-2.661,-15.916,723.87
blend,1790471105.50,-2.538,-15.908,723.94
blend,1790471106.01,-2.418,-15.899,723.96
blend,1790471106.52,-2.300,-15.891,724.02
blend,1790471107.03,-2.182,-15.883,724.06
blend,1790471107.50,-2.075,-15.875,724.12
blend,1790471108.00,-1.964,-15.867,724.16
blend,1790471108.52,-1.844,-15.858,724.22
blend,1790471109.03,-1.726,-15.849,724.28
blend,1790471109.51,-1.616,-15.841,724.31
blend,1790471110.05,-1.489,-15.831,724.36
blend,1790471110.51,-1.381,-15.823,724.43
blend,1790471111.02,-1.261,-15.814,724.50
blend,1790471111.53,-1.142,-15.804,724.58
blend,1790471112.04,-1.021,-15.794,724.56
blend,1790471112.50,-0.910,-15.785,724.60
blend,1790471113.01,-0.786,-15.775,724.64
blend,1790471113.52,-0.660,-15.765,724.67
blend,1790471114.03,-0.532,-15.754,724.75
blend,1790471114.54,-0.398,-15.743,724.81
blend,1790471115.05,-0.262,-15.732,724.88
blend,1790471115.51,-0.138,-15.721,724.94
blend,1790471116.02,-0.001,-15.709,724.95
blend,1790471116.53,0.139,-15.697,725.01
blend,1790471117.00,0.268,-15.685,725.06
blend,1790471117.55,0.406,-15.673,725.11
blend,1790471118.01,0.520,-15.663,725.15
blend,1790471118.52,0.653,-15.651,725.23
blend,1790471119.03,0.778,-15.639,725.25
blend,1790471119.54,0.899,-15.628,725.37
blend,1790471120.00,0.949,-15.623,725.35
blend,1790471120.51,0.950,-15.623,725.36
blend,1790471121.02,0.949,-15.623,725.52
blend,1790471121.53,0.949,-15.623,730.12
blend,1790471122.00,0.946,-15.625,736.29
blend,1790471122.51,0.943,-15.626,743.11
blend,1790471123.03,0.942,-15.627,749.89
blend,1790471123.55,0.942,-15.627,756.74
blend,1790471124.01,0.942,-15.627,762.98
blend,1790471124.52,0.942,-15.626,769.87
blend,1790471125.03,0.942,-15.627,776.90
blend,1790471125.52,0.946,-15.617,783.51
blend,1790471126.00,0.946,-15.618,790.01
blend,1790471126.51,0.946,-15.615,796.76
blend,1790471127.02,0.946,-15.614,803.32
blend,1790471127.52,0.947,-15.604,804.58
blend,1790471128.03,0.947,-15.604,804.59
blend,1790471128.51,0.947,-15.601,807.63
blend,1790471129.01,0.947,-15.599,807.51
blend,1790471129.50,0.947,-15.599,807.50
blend,1790471130.01,0.947,-15.601,807.50
blend,1790471130.52,0.947,-15.601,807.49
blend,1790471131.02,0.947,-15.600,807.50
blend,1790471131.53,0.948,-15.593,807.61
blend,1790471132.03,0.951,-15.501,807.71
blend,1790471132.51,0.955,-15.406,807.79
blend,1790471133.05,0.959,-15.289,807.88
blend,1790471133.50,0.963,-15.198,807.99
blend,1790471134.01,0.967,-15.085,808.04
blend,1790471134.51,0.970,-14.978,808.10
blend,1790471135.02,0.974,-14.867,808.17
blend,1790471135.53,0.978,-14.747,808.21
blend,1790471136.03,0.982,-14.620,808.29
blend,1790471136.50,0.985,-14.493,808.39
blend,1790471137.00,0.989,-14.358,808.43
blend,1790471137.51,0.993,-14.220,808.50
blend,1790471138.00,0.996,-14.085,808.53
blend,1790471138.51,0.999,-13.950,808.61
blend,1790471139.02,1.002,-13.819,808.65
blend,1790471139.52,1.005,-13.683,808.73
blend,1790471140.03,1.008,-13.551,808.83
blend,1790471140.53,1.011,-13.419,809.62
blend,1790471141.04,0.999,-13.281,814.70
blend,1790471141.51,0.986,-13.149,814.94
blend,1790471142.01,0.973,-13.003,815.04
blend,1790471142.51,0.960,-12.860,815.19
blend,1790471143.01,0.946,-12.707,815.34
blend,1790471143.52,0.931,-12.545,815.43
blend,1790471144.03,0.915,-12.386,815.56
blend,1790471144.53,0.899,-12.220,815.56
blend,1790471145.00,0.885,-12.072,815.64
blend,1790471145.55,0.868,-11.901,815.06
blend,1790471146.00,0.859,-11.762,813.66
blend,1790471146.51,0.850,-11.619,813.59
blend,1790471147.01,0.840,-11.462,813.57
blend,1790471147.52,0.830,-11.300,813.62
blend,1790471148.03,0.820,-11.131,813.59
blend,1790471148.53,0.809,-10.972,813.64
blend,1790471149.04,0.798,-10.806,813.68
blend,1790471149.50,0.789,-10.664,813.74
blend,1790471150.00,0.779,-10.512,813.83
blend,1790471150.51,0.770,-10.359,811.93
blend,1790471151.01,0.775,-10.207,809.18
blend,1790471151.52,0.777,-10.044,809.19
blend,1790471152.03,0.779,-9.877,810.04
blend,1790471152.53,0.775,-9.713,811.32
blend,1790471153.01,0.771,-9.566,811.47
blend,1790471153.51,0.766,-9.415,812.15
blend,1790471154.00,0.759,-9.267,812.53
blend,1790471154.51,0.752,-9.113,812.71
blend,1790471155.01,0.745,-8.957,812.79
blend,1790471155.52,0.737,-8.802,812.95
blend,1790471156.03,0.728,-8.645,813.04
blend,1790471156.53,0.720,-8.482,813.14
blend,1790471157.04,0.711,-8.322,813.22
blend,1790471157.54,0.702,-8.167,813.24
blend,1790471158.05,0.693,-8.007,813.32
blend,1790471158.51,0.684,-7.856,813.36
blend,1790471159.02,0.674,-7.691,813.46
blend,1790471159.51,0.665,-7.540,813.52
blend,1790471160.02,0.655,-7.383,813.58
blend,1790471160.52,0.645,-7.230,813.66
blend,1790471161.03,0.634,-7.063,813.77
blend,1790471161.54,0.624,-6.906,813.77
blend,1790471162.04,0.613,-6.745,813.88
blend,1790471162.50,0.603,-6.602,813.92
blend,1790471163.01,0.593,-6.447,813.99
blend,1790471163.51,0.582,-6.295,814.12
blend,1790471164.02,0.571,-6.141,814.15
blend,1790471164.52,0.559,-5.987,814.21
blend,1790471165.03,0.548,-5.829,814.26
blend,1790471165.54,0.536,-5.675,814.30
blend,1790471166.00,0.525,-5.533,814.39
blend,1790471166.55,0.512,-5.364,814.47
blend,1790471167.00,0.502,-5.228,814.51
blend,1790471167.51,0.489,-5.074,814.59
blend,1790471168.02,0.477,-4.919,814.64
blend,1790471168.52,0.463,-4.755,814.69
blend,1790471169.03,0.450,-4.600,814.74
blend,1790471169.53,0.437,-4.447,814.82
blend,1790471170.04,0.424,-4.290,814.88
blend,1790471170.51,0.412,-4.146,814.91
blend,1790471171.00,0.399,-4.001,814.96
blend,1790471171.51,0.387,-3.855,815.02
blend,1790471172.01,0.374,-3.714,815.05
blend,1790471172.52,0.361,-3.569,815.09
blend,1790471173.03,0.348,-3.422,815.15
blend,1790471173.53,0.335,-3.278,815.22
blend,1790471174.04,0.322,-3.136,815.25
blend,1790471174.55,0.310,-3.001,815.28
blend,1790471175.00,0.298,-2.878,815.35
blend,1790471175.51,0.285,-2.738,815.39
blend,1790471176.01,0.272,-2.610,815.43
blend,1790471176.51,0.259,-2.474,815.53
blend,1790471177.01,0.246,-2.337,815.59
blend,1790471177.50,0.234,-2.217,815.62
blend,1790471178.02,0.221,-2.083,815.66
blend,1790471178.51,0.209,-1.967,815.71
blend,1790471179.02,0.194,-1.825,815.76
blend,1790471179.50,0.182,-1.698,815.85
blend,1790471180.02,0.169,-1.569,815.92
blend,1790471180.52,0.155,-1.443,815.96
blend,1790471181.02,0.142,-1.313,816.04
blend,1790471181.52,0.127,-1.182,816.05
blend,1790471182.02,0.114,-1.056,816.11
blend,1790471182.51,0.101,-0.930,816.18
blend,1790471183.05,0.085,-0.790,816.23
blend,1790471183.50,0.072,-0.672,816.26
blend,1790471184.01,0.057,-0.536,816.33
blend,1790471184.51,0.043,-0.414,816.33
blend,1790471185.02,0.033,-0.321,816.35
blend,1790471185.53,0.033,-0.325,816.37
blend,1790471186.03,0.033,-0.323,814.31
blend,1790471186.54,0.033,-0.326,806.71
blend,1790471187.04,0.031,-0.332,798.76
blend,1790471187.50,0.028,-0.341,790.05
blend,1790471188.01,0.022,-0.351,779.86
blend,1790471188.52,0.016,-0.357,769.81
blend,1790471189.04,0.011,-0.362,759.77
blend,1790471189.50,0.010,-0.362,756.21
blend,1790471190.02,0.059,-0.326,756.19
blend,1790471190.53,0.113,-0.287,756.15
blend,1790471191.00,0.180,-0.238,756.05
blend,1790471191.51,0.258,-0.181,756.09
blend,1790471192.03,0.340,-0.125,752.67
blend,1790471192.50,0.406,-0.099,743.11
blend,1790471193.01,0.462,-0.083,734.86
blend,1790471193.52,0.525,-0.074,727.47
blend,1790471194.00,0.554,-0.073,723.28
blend,1790471194.52,0.546,-0.074,723.09
blend,1790471195.01,0.534,-0.075,723.12
blend,1790471195.51,0.549,-0.074,723.13
blend,1790471196.02,0.549,-0.074,723.14
blend,1790471196.53,0.548,-0.074,723.15
blend,1790471197.04,0.550,-0.074,723.15
blend,1790471197.50,0.560,-0.073,723.10
blend,1790471198.01,0.578,-0.072,723.15
blend,1790471198.52,0.577,-0.072,723.15
blend,1790471199.03,0.580,-0.072,723.14
blend,1790471199.54,0.580,-0.072,723.14
blend,1790471200.00,0.579,-0.072,723.14
blend,1790471200.51,0.580,-0.072,723.13
blend,1790471201.02,0.578,-0.072,723.14
blend,1790471201.53,0.580,-0.072,723.14
blend,1790471202.04,0.581,-0.072,723.12
blend,1790471202.50,0.596,-0.071,723.17
blend,1790471203.01,0.601,-0.071,723.20
blend,1790471203.52,0.605,-0.071,723.22
blend,1790471204.03,0.610,-0.071,723.22
blend,1790471204.50,0.607,-0.071,723.16
blend,1790471205.00,0.643,-0.069,723.19
blend,1790471205.51,0.707,-0.065,723.15
blend,1790471206.02,0.764,-0.062,723.15
blend,1790471206.53,0.823,-0.059,723.18
blend,1790471207.04,0.883,-0.056,723.17
blend,1790471207.55,0.941,-0.052,723.16
blend,1790471208.01,0.995,-0.050,723.14
blend,1790471208.52,1.056,-0.046,723.14
blend,1790471209.03,1.115,-0.043,723.18
blend,1790471209.51,1.167,-0.040,723.20
blend,1790471210.05,1.226,-0.037,723.20
blend,1790471210.51,1.276,-0.034,723.18
blend,1790471211.02,1.329,-0.031,723.21
blend,1790471211.53,1.384,-0.028,723.22
blend,1790471212.00,1.436,-0.025,723.23
blend,1790471212.55,1.492,-0.022,723.25
blend,1790471213.01,1.543,-0.019,723.28
blend,1790471213.52,1.597,-0.016,723.29
blend,1790471214.03,1.656,-0.012,723.29
blend,1790471214.54,1.711,-0.009,723.32
blend,1790471215.00,1.764,-0.006,723.35
blend,1790471215.51,1.812,-0.003,723.37
blend,1790471216.02,1.870,0.000,723.37
blend,1790471216.53,1.927,0.004,723.38
blend,1790471217.04,1.977,0.007,723.42
blend,1790471217.50,2.028,0.010,723.46
blend,1790471218.01,2.086,0.013,723.46
blend,1790471218.52,2.139,0.017,723.48
blend,1790471219.03,2.198,0.020,723.55
blend,1790471219.54,2.250,0.023,723.57
blend,1790471220.00,2.304,0.027,723.56
blend,1790471220.51,2.355,0.030,723.57
blend,1790471221.02,2.410,0.033,723.60
blend,1790471221.53,2.470,0.037,723.62
blend,1790471222.04,2.508,0.040,723.62
blend,1790471222.50,2.554,0.043,723.67
blend,1790471223.01,2.604,0.046,723.69
blend,1790471223.52,2.655,0.049,723.72
blend,1790471224.03,2.712,0.053,723.73
blend,1790471224.53,2.771,0.057,723.76
blend,1790471225.00,2.821,0.060,723.75
blend,1790471225.51,2.876,0.064,723.76
blend,1790471226.02,2.934,0.068,723.76
blend,1790471226.53,2.999,0.072,723.79
blend,1790471227.00,3.062,0.076,723.81
blend,1790471227.52,3.141,0.081,723.85
blend,1790471228.01,3.145,0.082,723.91
blend,1790471228.52,3.243,0.089,723.93
blend,1790471229.03,3.312,0.094,723.95
blend,1790471229.54,3.382,0.098,723.99
blend,1790471230.00,3.456,0.104,724.01
blend,1790471230.51,3.540,0.109,724.03
blend,1790471231.02,3.622,0.115,724.04
blend,1790471231.53,3.704,0.121,724.06
blend,1790471232.04,3.790,0.127,724.08
blend,1790471232.50,3.870,0.133,724.11
blend,1790471233.01,3.953,0.139,724.15
blend,1790471233.52,4.039,0.145,724.18
blend,1790471234.03,4.124,0.151,724.19
blend,1790471234.54,4.208,0.158,724.21
blend,1790471235.00,4.287,0.163,724.23
blend,1790471235.51,4.370,0.170,724.27
blend,1790471236.03,4.454,0.176,724.31
blend,1790471236.54,4.537,0.182,724.34
blend,1790471237.00,4.621,0.189,724.35
blend,1790471237.51,4.715,0.196,724.41
blend,1790471238.02,4.803,0.203,724.46
blend,1790471238.51,4.893,0.210,724.50
blend,1790471239.04,4.989,0.217,724.51
blend,1790471239.52,5.080,0.224,724.53
blend,1790471240.01,5.170,0.232,724.62
blend,1790471240.52,5.283,0.241,724.62
blend,1790471241.03,5.390,0.250,724.65
blend,1790471241.51,5.483,0.257,724.70
blend,1790471242.00,5.585,0.266,724.72
blend,1790471242.51,5.683,0.274,724.81
blend,1790471243.02,5.785,0.282,724.81
blend,1790471243.53,5.885,0.291,724.88
blend,1790471244.04,5.989,0.300,724.91
blend,1790471244.51,6.087,0.308,724.93
blend,1790471245.01,6.195,0.318,725.01
blend,1790471245.52,6.301,0.327,724.98
blend,1790471246.03,6.410,0.336,725.06
blend,1790471246.50,6.504,0.345,725.10
blend,1790471247.00,6.599,0.353,725.11
blend,1790471247.51,6.703,0.363,725.14
blend,1790471248.02,6.812,0.373,725.19
blend,1790471248.53,6.910,0.381,725.23
blend,1790471249.04,7.023,0.392,725.25
blend,1790471249.55,7.133,0.402,725.31
blend,1790471250.01,7.230,0.411,725.32
blend,1790471250.52,7.343,0.422,725.37
blend,1790471251.03,7.463,0.433,725.37
blend,1790471251.50,7.568,0.443,725.42
blend,1790471252.00,7.680,0.454,725.41
blend,1790471252.51,7.793,0.464,725.49
blend,1790471253.02,7.908,0.476,725.51
blend,1790471253.53,8.016,0.485,724.42
blend,1790471254.01,8.128,0.492,723.95
blend,1790471254.50,8.254,0.501,723.93
blend,1790471255.01,8.395,0.510,723.95
blend,1790471255.52,8.531,0.519,723.98
blend,1790471256.03,8.665,0.529,723.92
blend,1790471256.51,8.780,0.537,723.97
blend,1790471257.00,8.903,0.546,724.04
blend,1790471257.51,9.014,0.553,724.05
blend,1790471258.02,9.132,0.562,724.10
blend,1790471258.53,9.233,0.569,724.17
blend,1790471259.01,9.326,0.576,724.20
blend,1790471259.50,9.430,0.583,724.22
blend,1790471260.01,9.526,0.590,724.29
blend,1790471260.53,9.622,0.598,724.35
blend,1790471261.04,9.728,0.605,724.39
blend,1790471261.55,9.821,0.613,724.51
blend,1790471262.01,9.910,0.620,724.49
blend,1790471262.52,10.010,0.627,724.49
blend,1790471263.03,10.106,0.634,724.52
blend,1790471263.54,10.202,0.641,724.50
blend,1790471264.01,10.288,0.648,724.55
blend,1790471264.51,10.386,0.656,724.33
blend,1790471265.02,10.432,0.658,724.24
blend,1790471265.53,10.440,0.658,724.29
blend,1790471266.04,10.444,0.659,724.28
blend,1790471266.50,10.434,0.658,723.49
blend,1790471267.01,10.432,0.658,723.54
blend,1790471267.52,10.427,0.657,723.33
blend,1790471268.03,10.434,0.658,722.97
blend,1790471268.54,10.424,0.657,722.47
blend,1790471269.05,10.431,0.657,722.80
blend,1790471269.51,10.428,0.657,722.74
blend,1790471270.02,10.430,0.657,722.74
blend,1790471270.53,10.393,0.656,722.68
blend,1790471271.04,10.360,0.654,722.61
blend,1790471271.50,10.304,0.651,722.61
blend,1790471272.01,10.246,0.650,722.46
blend,1790471272.52,10.189,0.647,722.49
blend,1790471273.03,10.123,0.645,722.36
blend,1790471273.54,10.049,0.641,722.35
blend,1790471274.00,9.983,0.638,722.26
blend,1790471274.51,9.906,0.636,722.17
blend,1790471275.02,9.824,0.633,722.15
blend,1790471275.53,9.744,0.629,722.18
blend,1790471276.04,9.662,0.626,722.18
blend,1790471276.50,9.575,0.624,722.05
blend,1790471277.01,9.499,0.621,721.99
blend,1790471277.52,9.417,0.619,721.93
blend,1790471278.03,9.333,0.616,721.89
blend,1790471278.51,9.248,0.613,721.93
blend,1790471279.00,9.165,0.610,721.93
blend,1790471279.51,9.070,0.607,721.81
blend,1790471280.03,8.984,0.605,721.80
blend,1790471280.53,8.895,0.602,721.83
blend,1790471281.04,8.805,0.599,721.79
blend,1790471281.50,8.737,0.597,721.77
blend,1790471282.01,8.644,0.594,721.67
blend,1790471282.52,8.551,0.592,721.64
blend,1790471283.03,8.464,0.590,721.65
blend,1790471283.51,8.372,0.587,721.57
blend,1790471284.00,8.291,0.585,721.57
blend,1790471284.51,8.209,0.582,721.59
blend,1790471285.03,8.124,0.580,721.62
blend,1790471285.54,8.039,0.578,721.63
blend,1790471286.05,7.948,0.575,721.59
blend,1790471286.51,7.863,0.573,721.53
blend,1790471287.02,7.774,0.570,721.66
blend,1790471287.53,7.677,0.568,721.56
blend,1790471288.04,7.590,0.565,721.51
blend,1790471288.55,7.486,0.563,721.56
blend,1790471289.01,7.403,0.560,721.57
blend,1790471289.52,7.308,0.558,721.56
blend,1790471290.03,7.208,0.555,721.55
blend,1790471290.54,7.106,0.552,721.59
blend,1790471291.05,7.008,0.550,721.47
blend,1790471291.51,6.907,0.547,721.51
blend,1790471292.02,6.802,0.545,721.48
blend,1790471292.53,6.698,0.542,721.42
blend,1790471293.04,6.593,0.540,721.39
blend,1790471293.50,6.502,0.538,721.29
blend,1790471294.01,6.403,0.535,721.30
blend,1790471294.52,6.299,0.533,721.19
blend,1790471295.03,6.188,0.531,721.21
blend,1790471295.54,6.084,0.529,721.17
blend,1790471296.00,5.982,0.527,721.08
blend,1790471296.51,5.880,0.525,721.09
blend,1790471297.02,5.775,0.523,720.99
blend,1790471297.53,5.672,0.521,721.04
blend,1790471298.04,5.566,0.519,720.92
blend,1790471298.55,5.467,0.518,720.97
blend,1790471299.01,5.366,0.516,720.97
blend,1790471299.52,5.263,0.514,720.90
blend,1790471300.03,5.158,0.513,720.96
blend,1790471300.51,5.061,0.511,720.85
blend,1790471301.01,4.958,0.510,720.86
blend,1790471301.51,4.855,0.508,720.82
blend,1790471302.02,4.757,0.507,720.80
blend,1790471302.53,4.652,0.505,720.78
blend,1790471303.00,4.560,0.504,720.70
blend,1790471303.50,4.453,0.503,720.69
blend,1790471304.01,4.338,0.502,720.62
blend,1790471304.52,4.229,0.501,720.68
blend,1790471305.03,4.116,0.499,720.63
blend,1790471305.54,3.995,0.498,720.63
blend,1790471306.00,3.892,0.497,720.55
blend,1790471306.51,3.774,0.496,720.58
blend,1790471307.02,3.661,0.495,720.54
blend,1790471307.53,3.537,0.494,720.45
blend,1790471308.04,3.416,0.493,720.51
blend,1790471308.50,3.304,0.492,720.44
blend,1790471309.01,3.169,0.491,720.36
blend,1790471309.52,3.037,0.490,720.35
blend,1790471310.03,2.919,0.489,720.28
blend,1790471310.54,2.861,0.489,720.25
blend,1790471311.00,2.800,0.488,722.42
blend,1790471311.52,2.712,0.479,726.60
blend,1790471312.03,2.626,0.468,726.77
blend,1790471312.51,2.545,0.458,726.81
blend,1790471313.01,2.466,0.449,726.87
blend,1790471313.51,2.385,0.439,726.90
blend,1790471314.02,2.290,0.427,726.88
blend,1790471314.53,2.201,0.417,726.88
blend,1790471315.04,2.112,0.406,726.85
blend,1790471315.51,2.037,0.397,726.83
blend,1790471316.01,1.948,0.386,726.77
blend,1790471316.52,1.857,0.376,726.77
blend,1790471317.03,1.762,0.364,726.75
blend,1790471317.54,1.668,0.353,726.70
blend,1790471318.05,1.583,0.343,726.67
blend,1790471318.51,1.501,0.333,726.66
blend,1790471319.02,1.407,0.323,726.62
blend,1790471319.53,1.310,0.311,726.65
blend,1790471320.01,1.219,0.301,726.67
blend,1790471320.50,1.124,0.289,726.69
blend,1790471321.01,1.025,0.278,726.68
blend,1790471321.52,0.921,0.266,726.65
blend,1790471322.03,0.813,0.253,726.65
blend,1790471322.50,0.712,0.241,726.65
blend,1790471323.05,0.594,0.228,726.63
blend,1790471323.51,0.492,0.216,726.58
blend,1790471324.02,0.382,0.203,726.55
blend,1790471324.53,0.275,0.191,726.48
blend,1790471325.01,0.174,0.180,726.45
blend,1790471325.50,0.078,0.169,726.39
blend,1790471326.01,0.057,0.167,726.40
blend,1790471326.52,0.056,0.166,726.40
blend,1790471327.03,0.056,0.166,723.89
blend,1790471327.54,0.054,0.166,719.83
blend,1790471328.05,0.051,0.167,715.40
blend,1790471328.51,0.049,0.167,707.58
blend,1790471329.02,0.048,0.167,697.17
blend,1790471329.54,0.050,0.166,687.24
blend,1790471330.05,0.053,0.164,683.03
blend,1790471330.51,0.060,0.158,678.73
blend,1790471331.03,0.060,0.158,672.79
blend,1790471331.54,0.057,0.161,666.12
blend,1790471332.01,0.063,0.149,659.66
blend,1790471332.51,0.063,0.149,652.78
blend,1790471333.02,0.063,0.148,646.47
blend,1790471333.52,0.064,0.139,640.37
blend,1790471334.03,0.064,0.136,634.20
blend,1790471334.54,0.064,0.122,631.76
blend,1790471335.04,0.064,0.121,631.74
blend,1790471335.55,0.064,0.119,631.74
blend,1790471336.00,0.064,0.119,631.75
blend,1790471336.51,0.064,0.117,631.73
blend,1790471337.02,0.064,0.115,631.74
blend,1790471337.52,0.064,0.114,631.74
blend,1790471338.03,0.064,0.111,631.74
blend,1790471338.53,0.064,0.111,631.74
blend,1790471339.04,0.066,0.056,631.51
blend,1790471339.51,0.068,-0.041,631.62
blend,1790471340.00,0.072,-0.169,631.60
blend,1790471340.50,0.076,-0.320,631.65
blend,1790471341.01,0.081,-0.478,631.70
blend,1790471341.51,0.086,-0.646,631.73
blend,1790471342.02,0.091,-0.805,631.79
blend,1790471342.53,0.096,-0.975,631.84
blend,1790471343.03,0.102,-1.150,631.89
blend,1790471343.54,0.108,-1.314,631.96
blend,1790471344.01,0.113,-1.478,631.99
blend,1790471344.52,0.119,-1.641,632.05
blend,1790471345.00,0.125,-1.797,632.07
blend,1790471345.51,0.132,-1.984,632.14
blend,1790471346.02,0.139,-2.176,632.21
blend,1790471346.51,0.147,-2.377,632.28
blend,1790471347.03,0.155,-2.584,632.36
blend,1790471347.50,0.163,-2.755,632.42
blend,1790471348.02,0.171,-2.948,632.44
blend,1790471348.51,0.180,-3.151,632.59
blend,1790471349.00,0.189,-3.343,632.65
blend,1790471349.51,0.198,-3.543,632.74
blend,1790471350.01,0.208,-3.738,632.80
blend,1790471350.52,0.218,-3.944,632.87
blend,1790471351.03,0.228,-4.148,632.93
blend,1790471351.53,0.238,-4.340,633.02
blend,1790471352.04,0.249,-4.533,633.14
blend,1790471352.51,0.258,-4.709,633.16
blend,1790471353.00,0.269,-4.898,633.23
blend,1790471353.51,0.281,-5.094,633.34
blend,1790471354.01,0.293,-5.291,633.45
blend,1790471354.52,0.304,-5.488,633.52
blend,1790471355.02,0.316,-5.681,633.56
blend,1790471355.53,0.329,-5.875,633.70
blend,1790471356.03,0.342,-6.073,633.75
blend,1790471356.51,0.355,-6.257,633.83
blend,1790471357.01,0.368,-6.448,633.94
blend,1790471357.50,0.381,-6.632,633.99
blend,1790471358.01,0.395,-6.825,634.06
blend,1790471358.51,0.409,-7.020,634.13
blend,1790471359.01,0.422,-7.200,634.26
blend,1790471359.52,0.437,-7.395,634.33
blend,1790471360.03,0.452,-7.589,634.40
blend,1790471360.52,0.465,-7.761,634.48
blend,1790471361.02,0.482,-7.962,634.54
blend,1790471361.51,0.497,-8.157,634.62
blend,1790471362.00,0.512,-8.344,634.70
blend,1790471362.51,0.528,-8.540,634.76
blend,1790471363.01,0.544,-8.728,634.81
blend,1790471363.52,0.560,-8.925,634.84
blend,1790471364.03,0.577,-9.125,634.93
blend,1790471364.53,0.594,-9.316,635.02
blend,1790471365.04,0.612,-9.518,635.09
blend,1790471365.54,0.631,-9.716,635.15
blend,1790471366.00,0.648,-9.895,635.18
blend,1790471366.51,0.666,-10.106,635.20
blend,1790471367.01,0.683,-10.296,635.32
blend,1790471367.52,0.702,-10.492,635.45
blend,1790471368.02,0.721,-10.692,635.44
blend,1790471368.53,0.739,-10.884,635.46
blend,1790471369.04,0.759,-11.081,635.55
blend,1790471369.51,0.777,-11.266,635.63
blend,1790471370.05,0.798,-11.474,635.71
blend,1790471370.50,0.816,-11.654,635.74
blend,1790471371.01,0.836,-11.857,635.85
blend,1790471371.51,0.857,-12.055,635.88
blend,1790471372.02,0.877,-12.253,635.97
blend,1790471372.53,0.898,-12.450,636.04
blend,1790471373.03,0.918,-12.639,636.13
blend,1790471373.51,0.939,-12.829,636.16
blend,1790471374.00,0.959,-13.011,636.21
blend,1790471374.50,0.979,-13.200,636.33
blend,1790471375.01,1.001,-13.393,636.38
blend,1790471375.51,1.022,-13.584,636.42
blend,1790471376.02,1.042,-13.768,636.46
blend,1790471376.52,1.062,-13.948,636.48
blend,1790471377.03,1.084,-14.140,636.55
blend,1790471377.51,1.105,-14.320,636.64
blend,1790471378.02,1.125,-14.490,636.66
blend,1790471378.51,1.145,-14.664,636.71
blend,1790471379.00,1.162,-14.838,636.62
blend,1790471379.51,1.175,-14.961,636.62
blend,1790471380.01,1.190,-15.088,636.68
blend,1790471380.51,1.204,-15.208,636.68
blend,1790471381.01,1.200,-15.173,636.69
blend,1790471381.55,1.200,-15.172,636.71
blend,1790471382.00,1.200,-15.172,636.73
blend,1790471382.51,1.200,-15.171,642.53
blend,1790471383.02,1.200,-15.172,650.30
blend,1790471383.54,1.199,-15.171,658.42
blend,1790471384.00,1.206,-15.178,665.87
blend,1790471384.51,1.198,-15.170,673.94
blend,1790471385.03,1.223,-15.189,682.22
blend,1790471385.51,1.229,-15.192,689.74
blend,1790471386.01,1.232,-15.194,697.51
blend,1790471386.52,1.239,-15.195,705.51
blend,1790471387.03,1.242,-15.196,713.27
blend,1790471387.54,1.246,-15.196,715.34
blend,1790471388.00,1.246,-15.196,715.33
blend,1790471388.51,1.247,-15.196,715.32
blend,1790471389.02,1.247,-15.196,715.30
blend,1790471389.53,1.247,-15.196,715.31
blend,1790471390.04,1.247,-15.196,715.30
blend,1790471390.55,1.248,-15.196,715.29
blend,1790471391.00,1.248,-15.196,715.28
blend,1790471391.51,1.249,-15.196,715.28
blend,1790471392.02,1.250,-15.196,716.37
blend,1790471392.53,1.255,-15.196,719.23
blend,1790471393.04,1.256,-15.196,719.21
blend,1790471393.50,1.279,-15.196,719.33
blend,1790471394.02,1.416,-15.197,719.46
blend,1790471394.52,1.553,-15.198,719.58
blend,1790471395.03,1.687,-15.199,719.67
blend,1790471395.51,1.817,-15.200,719.81
blend,1790471396.00,1.958,-15.200,719.85
blend,1790471396.51,2.094,-15.200,719.91
blend,1790471397.03,2.225,-15.200,719.99
blend,1790471397.54,2.362,-15.200,720.06
blend,1790471398.05,2.494,-15.200,720.15
blend,1790471398.50,2.620,-15.199,720.18
blend,1790471399.02,2.755,-15.199,720.26
blend,1790471399.53,2.891,-15.198,720.32
blend,1790471400.04,3.033,-15.198,720.36
blend,1790471400.50,3.157,-15.197,720.40
blend,1790471401.01,3.295,-15.196,720.46
blend,1790471401.52,3.436,-15.194,720.56
blend,1790471402.03,3.571,-15.193,720.63
blend,1790471402.50,3.700,-15.191,720.66
blend,1790471403.01,3.840,-15.190,720.73
blend,1790471403.51,3.974,-15.188,720.79
blend,1790471404.02,4.113,-15.186,720.85
blend,1790471404.53,4.252,-15.184,720.88
blend,1790471405.04,4.391,-15.181,720.98
blend,1790471405.55,4.525,-15.179,721.03
blend,1790471406.01,4.654,-15.176,721.10
blend,1790471406.52,4.792,-15.173,721.18
blend,1790471407.03,4.930,-15.170,721.23
blend,1790471407.54,5.067,-15.167,721.27
blend,1790471408.00,5.191,-15.164,721.35
blend,1790471408.51,5.324,-15.161,721.37
blend,1790471409.02,5.459,-15.158,721.43
blend,1790471409.53,5.595,-15.154,721.48
blend,1790471410.01,5.715,-15.151,721.54
blend,1790471410.51,5.845,-15.147,721.58
blend,1790471411.01,5.980,-15.144,721.63
blend,1790471411.51,6.120,-15.140,721.66
blend,1790471412.01,6.255,-15.136,721.70
blend,1790471412.52,6.392,-15.131,721.74
blend,1790471413.00,6.525,-15.127,721.83
blend,1790471413.52,6.656,-15.123,721.90
blend,1790471414.00,6.792,-15.118,721.94
blend,1790471414.53,6.921,-15.114,721.96
blend,1790471415.04,7.027,-15.110,722.02
blend,1790471415.50,7.124,-15.107,722.06
blend,1790471416.01,7.230,-15.103,722.07
blend,1790471416.52,7.343,-15.099,722.11
blend,1790471417.04,7.453,-15.094,722.16
blend,1790471417.51,7.556,-15.090,722.20
blend,1790471418.01,7.669,-15.086,722.22
blend,1790471418.52,7.780,-15.082,722.26
blend,1790471419.03,7.903,-15.077,722.33
blend,1790471419.54,8.022,-15.072,722.42
blend,1790471420.01,8.133,-15.067,722.47
blend,1790471420.51,8.264,-15.061,722.46
blend,1790471421.02,8.390,-15.056,722.52
blend,1790471421.53,8.519,-15.050,722.54
blend,1790471422.00,8.638,-15.044,722.67
blend,1790471422.50,8.766,-15.038,722.71
blend,1790471423.01,8.896,-15.032,722.76
blend,1790471423.52,9.033,-15.025,722.82
blend,1790471424.03,9.168,-15.018,722.87
blend,1790471424.50,9.297,-15.012,722.87
blend,1790471425.00,9.436,-15.005,722.95
blend,1790471425.51,9.569,-14.998,723.03
blend,1790471426.02,9.706,-14.991,723.07
blend,1790471426.54,9.847,-14.983,723.14
blend,1790471427.05,9.987,-14.976,723.17
blend,1790471427.51,10.109,-14.969,723.20
blend,1790471428.02,10.247,-14.961,723.31
blend,1790471428.53,10.377,-14.954,723.36
blend,1790471429.04,10.495,-14.947,723.38
blend,1790471429.51,10.609,-14.941,723.36
blend,1790471430.01,10.722,-14.935,723.31
blend,1790471430.52,10.796,-14.930,723.33
blend,1790471431.03,10.791,-14.931,723.25
blend,1790471431.54,10.790,-14.931,723.28
blend,1790471432.01,10.791,-14.931,723.27
blend,1790471432.51,10.792,-14.931,723.25
blend,1790471433.02,10.792,-14.931,723.25
blend,1790471433.53,10.792,-14.931,723.27
blend,1790471434.04,10.791,-14.931,724.22
blend,1790471434.55,10.795,-14.930,732.80
blend,1790471435.01,10.804,-14.926,741.06
blend,1790471435.53,10.807,-14.923,750.71
blend,1790471436.01,10.797,-14.930,760.72
blend,1790471436.51,10.771,-14.961,770.83
blend,1790471437.02,10.746,-14.997,779.16
blend,1790471437.53,10.728,-15.038,787.64
blend,1790471438.04,10.716,-15.072,796.33
blend,1790471438.54,10.712,-15.097,804.85
blend,1790471439.00,10.711,-15.120,812.64
blend,1790471439.51,10.714,-15.139,821.16
blend,1790471440.02,10.718,-15.156,829.59
blend,1790471440.53,10.726,-15.173,837.70
blend,1790471441.00,10.738,-15.193,845.50
blend,1790471441.50,10.759,-15.217,853.30
blend,1790471442.02,10.778,-15.234,861.64
blend,1790471442.51,10.793,-15.244,869.40
blend,1790471443.01,10.810,-15.252,877.33
blend,1790471443.53,10.832,-15.259,885.45
blend,1790471444.04,10.857,-15.262,893.49
blend,1790471444.50,10.872,-15.263,900.66
blend,1790471445.02,10.883,-15.261,902.29
blend,1790471445.53,10.883,-15.261,902.28
blend,1790471446.02,10.883,-15.261,902.28
blend,1790471446.51,10.883,-15.261,902.27
blend,1790471447.02,10.883,-15.261,902.27
blend,1790471447.52,10.883,-15.261,902.27
blend,1790471448.03,10.884,-15.261,902.27
blend,1790471448.55,10.883,-15.261,899.02
blend,1790471449.01,10.883,-15.261,899.01
blend,1790471449.52,10.884,-15.261,899.29
blend,1790471450.03,10.883,-15.261,900.34
blend,1790471450.50,10.882,-15.261,900.04
blend,1790471451.01,10.882,-15.261,900.16
blend,1790471451.52,10.883,-15.261,900.45
blend,1790471452.03,10.881,-15.261,900.59
blend,1790471452.54,10.805,-15.262,900.62
blend,1790471453.00,10.695,-15.263,900.71
blend,1790471453.52,10.574,-15.265,900.79
blend,1790471454.03,10.455,-15.267,900.79
blend,1790471454.54,10.337,-15.268,900.85
blend,1790471455.00,10.229,-15.270,900.82
blend,1790471455.52,10.114,-15.272,900.96
blend,1790471456.03,9.998,-15.274,901.02
blend,1790471456.54,9.854,-15.276,901.07
blend,1790471457.00,9.714,-15.279,901.13
blend,1790471457.52,9.551,-15.282,901.18
blend,1790471458.03,9.388,-15.286,901.24
blend,1790471458.50,9.239,-15.289,901.29
blend,1790471459.00,9.090,-15.293,901.35
blend,1790471459.51,8.929,-15.297,901.41
blend,1790471460.02,8.792,-15.300,901.44
blend,1790471460.51,8.656,-15.304,901.50
blend,1790471461.00,8.508,-15.308,901.59
blend,1790471461.51,8.365,-15.313,901.70
blend,1790471462.03,8.219,-15.317,901.78
blend,1790471462.54,8.082,-15.321,901.84
blend,1790471463.00,7.961,-15.326,901.93
blend,1790471463.51,7.825,-15.330,901.95
blend,1790471464.03,7.694,-15.335,902.03
blend,1790471464.54,7.564,-15.340,902.03
blend,1790471465.05,7.434,-15.344,902.17
blend,1790471465.51,7.317,-15.349,902.20
blend,1790471466.02,7.182,-15.354,902.32
blend,1790471466.54,7.047,-15.360,902.36
blend,1790471467.00,6.927,-15.365,902.37
blend,1790471467.51,6.795,-15.370,902.46
blend,1790471468.02,6.653,-15.376,902.52
blend,1790471468.54,6.516,-15.382,902.54
blend,1790471469.01,6.386,-15.388,902.64
blend,1790471469.51,6.251,-15.394,902.66
blend,1790471470.02,6.105,-15.401,902.73
blend,1790471470.54,5.961,-15.408,902.73
blend,1790471471.00,5.836,-15.414,902.79
blend,1790471471.51,5.692,-15.421,902.87
blend,1790471472.02,5.554,-15.428,902.95
blend,1790471472.53,5.416,-15.436,903.01
blend,1790471473.05,5.285,-15.443,903.05
blend,1790471473.51,5.160,-15.449,903.10
blend,1790471474.02,5.024,-15.457,903.11
blend,1790471474.53,4.885,-15.465,903.17
blend,1790471475.05,4.744,-15.472,903.23
blend,1790471475.51,4.618,-15.480,903.31
blend,1790471476.02,4.477,-15.488,903.34
blend,1790471476.53,4.334,-15.496,903.39
blend,1790471477.04,4.187,-15.505,903.44
blend,1790471477.51,4.051,-15.513,903.51
blend,1790471478.02,3.902,-15.523,903.57
blend,1790471478.53,3.747,-15.533,903.62
blend,1790471479.01,3.613,-15.541,903.68
blend,1790471479.56,3.457,-15.551,903.76
blend,1790471480.00,3.327,-15.560,903.80
blend,1790471480.51,3.190,-15.569,903.88
blend,1790471481.01,3.030,-15.581,903.96
blend,1790471481.50,2.888,-15.591,904.02
blend,1790471482.02,2.735,-15.601,904.04
blend,1790471482.53,2.590,-15.612,904.13
blend,1790471483.04,2.441,-15.622,904.15
blend,1790471483.50,2.312,-15.632,904.22
blend,1790471484.02,2.167,-15.643,904.29
blend,1790471484.53,2.023,-15.653,904.32
blend,1790471485.01,1.876,-15.665,904.37
blend,1790471485.50,1.733,-15.676,904.36
blend,1790471486.02,1.588,-15.687,904.29
blend,1790471486.53,1.441,-15.697,904.14
blend,1790471487.04,1.294,-15.707,903.73
blend,1790471487.50,1.149,-15.716,903.29
blend,1790471488.02,1.000,-15.723,902.61
blend,1790471488.53,0.850,-15.728,901.75
blend,1790471489.04,0.700,-15.731,901.20
blend,1790471489.50,0.552,-15.733,900.71
blend,1790471490.01,0.370,-15.734,900.15
blend,1790471490.53,0.198,-15.733,899.64
blend,1790471491.04,0.047,-15.731,899.15
blend,1790471491.50,-0.097,-15.728,898.67
blend,1790471492.02,-0.253,-15.723,898.50
blend,1790471492.53,-0.402,-15.720,898.54
blend,1790471493.01,-0.545,-15.716,898.48
blend,1790471493.50,-0.689,-15.712,898.57
blend,1790471494.01,-0.844,-15.708,898.50
blend,1790471494.53,-1.007,-15.704,898.50
blend,1790471495.01,-1.153,-15.700,898.52
blend,1790471495.50,-1.306,-15.697,898.58
blend,1790471496.01,-1.457,-15.693,898.67
blend,1790471496.52,-1.613,-15.689,898.68
blend,1790471497.04,-1.774,-15.686,898.70
blend,1790471497.55,-1.927,-15.682,898.76
blend,1790471498.01,-2.055,-15.680,898.84
blend,1790471498.52,-2.190,-15.677,898.87
blend,1790471499.04,-2.327,-15.674,898.90
blend,1790471499.52,-2.460,-15.672,898.96
blend,1790471500.02,-2.604,-15.670,899.02
blend,1790471500.52,-2.745,-15.667,899.08
blend,1790471501.00,-2.883,-15.665,899.09
blend,1790471501.52,-3.023,-15.663,899.17
blend,1790471502.01,-3.145,-15.661,899.19
blend,1790471502.50,-3.279,-15.659,899.25
blend,1790471503.03,-3.430,-15.658,899.29
blend,1790471503.50,-3.564,-15.656,899.32
blend,1790471504.01,-3.709,-15.654,899.38
blend,1790471504.52,-3.855,-15.653,899.44
blend,1790471505.03,-4.000,-15.652,899.53
blend,1790471505.50,-4.138,-15.651,899.58
blend,1790471506.01,-4.295,-15.650,899.64
blend,1790471506.52,-4.439,-15.649,899.70
blend,1790471507.03,-4.587,-15.648,899.77
blend,1790471507.51,-4.722,-15.648,899.78
blend,1790471508.00,-4.865,-15.647,899.82
blend,1790471508.52,-5.008,-15.647,900.01
blend,1790471509.03,-5.147,-15.648,900.77
blend,1790471509.54,-5.281,-15.652,901.56
blend,1790471510.00,-5.407,-15.656,901.84
blend,1790471510.52,-5.554,-15.661,901.99
blend,1790471511.03,-5.698,-15.666,902.13
blend,1790471511.54,-5.857,-15.673,902.21
blend,1790471512.00,-5.989,-15.678,902.27
blend,1790471512.51,-6.112,-15.683,902.33
blend,1790471513.03,-6.243,-15.688,902.36
blend,1790471513.54,-6.372,-15.694,902.47
blend,1790471514.00,-6.486,-15.699,902.55
blend,1790471514.51,-6.618,-15.705,902.56
blend,1790471515.03,-6.745,-15.711,902.62
blend,1790471515.54,-6.875,-15.717,902.76
blend,1790471516.05,-6.994,-15.723,902.85
blend,1790471516.51,-7.105,-15.729,902.87
blend,1790471517.02,-7.222,-15.735,902.92
blend,1790471517.54,-7.309,-15.739,902.91
blend,1790471518.05,-7.295,-15.739,902.90
blend,1790471518.51,-7.296,-15.739,902.89
blend,1790471519.02,-7.296,-15.739,902.90
blend,1790471519.53,-7.295,-15.739,902.92
blend,1790471520.01,-7.295,-15.739,902.92
blend,1790471520.51,-7.295,-15.739,902.95
blend,1790471521.02,-7.295,-15.739,903.00
blend,1790471521.53,-7.295,-15.739,903.02
blend,1790471522.04,-7.295,-15.739,902.99
blend,1790471522.50,-7.295,-15.739,903.00
blend,1790471523.01,-7.295,-15.739,903.03
blend,1790471523.53,-7.296,-15.739,903.01
blend,1790471524.04,-7.295,-15.739,902.74
blend,1790471524.50,-7.295,-15.739,900.04
blend,1790471525.01,-7.287,-15.739,896.37
blend,1790471525.53,-7.282,-15.740,892.45
blend,1790471526.01,-7.275,-15.741,888.57
blend,1790471526.50,-7.269,-15.743,884.76
blend,1790471527.02,-7.267,-15.744,880.74
blend,1790471527.54,-7.260,-15.747,876.26
blend,1790471528.00,-7.256,-15.749,871.58
blend,1790471528.52,-7.254,-15.751,866.24
blend,1790471529.04,-7.250,-15.753,860.83
blend,1790471529.51,-7.246,-15.757,855.95
blend,1790471530.03,-7.247,-15.756,850.41
blend,1790471530.54,-7.246,-15.758,846.47
blend,1790471531.00,-7.247,-15.757,843.40
blend,1790471531.51,-7.245,-15.760,840.07
blend,1790471532.03,-7.246,-15.759,836.74
blend,1790471532.54,-7.247,-15.756,829.90
blend,1790471533.00,-7.246,-15.757,824.00
blend,1790471533.51,-7.246,-15.756,823.58
blend,1790471534.02,-7.247,-15.754,823.61
blend,1790471534.53,-7.247,-15.754,823.62
blend,1790471535.04,-7.247,-15.754,823.62
blend,1790471535.50,-7.247,-15.754,822.65
blend,1790471536.01,-7.247,-15.754,819.78
blend,1790471536.51,-7.247,-15.754,816.73
blend,1790471537.02,-7.247,-15.754,813.75
blend,1790471537.52,-7.247,-15.754,810.96
blend,1790471538.03,-7.247,-15.754,808.06
blend,1790471538.54,-7.247,-15.754,804.52
blend,1790471539.00,-7.247,-15.754,797.17
blend,1790471539.51,-7.247,-15.754,791.51
blend,1790471540.02,-7.247,-15.754,788.87
blend,1790471540.53,-7.247,-15.754,784.41
blend,1790471541.04,-7.247,-15.754,779.14
blend,1790471541.51,-7.247,-15.754,774.26
blend,1790471542.01,-7.247,-15.754,769.34
blend,1790471542.52,-7.247,-15.754,764.71
blend,1790471543.03,-7.247,-15.754,760.75
blend,1790471543.50,-7.247,-15.754,757.11
blend,1790471544.01,-7.247,-15.754,752.68
blend,1790471544.53,-7.248,-15.754,748.13
blend,1790471545.01,-7.247,-15.754,743.88
blend,1790471545.51,-7.247,-15.754,738.77
blend,1790471546.02,-7.247,-15.754,732.62
blend,1790471546.53,-7.246,-15.754,726.69
blend,1790471547.04,-7.247,-15.754,721.52
blend,1790471547.50,-7.246,-15.754,721.90
blend,1790471548.01,-7.246,-15.754,721.81
blend,1790471548.52,-7.207,-15.753,721.86
blend,1790471549.03,-7.148,-15.751,721.81
blend,1790471549.54,-7.077,-15.749,721.77
blend,1790471550.00,-6.994,-15.746,721.79
blend,1790471550.51,-6.920,-15.744,721.78
blend,1790471551.02,-6.853,-15.742,721.77
blend,1790471551.53,-6.775,-15.739,721.75
blend,1790471552.04,-6.696,-15.737,721.75
blend,1790471552.50,-6.619,-15.734,721.79
blend,1790471553.01,-6.528,-15.732,721.77
blend,1790471553.52,-6.434,-15.729,721.77
blend,1790471554.03,-6.340,-15.726,721.81
blend,1790471554.55,-6.239,-15.723,721.84
blend,1790471555.00,-6.148,-15.720,721.85
blend,1790471555.51,-6.051,-15.716,721.86
blend,1790471556.02,-5.953,-15.713,721.95
blend,1790471556.54,-5.856,-15.710,721.98
blend,1790471557.05,-5.754,-15.706,721.99
blend,1790471557.50,-5.661,-15.703,722.07
blend,1790471558.01,-5.561,-15.699,722.09
blend,1790471558.52,-5.458,-15.696,722.11
blend,1790471559.03,-5.355,-15.692,722.19
blend,1790471559.55,-5.254,-15.688,722.21
blend,1790471560.00,-5.162,-15.684,722.25
blend,1790471560.51,-5.058,-15.680,722.29
blend,1790471561.02,-4.957,-15.676,722.33
blend,1790471561.54,-4.841,-15.671,722.38
blend,1790471562.05,-4.722,-15.666,722.40
blend,1790471562.50,-4.616,-15.662,722.47
blend,1790471563.01,-4.498,-15.657,722.46
blend,1790471563.52,-4.381,-15.652,722.50
blend,1790471564.04,-4.264,-15.647,722.55
blend,1790471564.55,-4.149,-15.641,722.57
blend,1790471565.01,-4.046,-15.637,722.61
blend,1790471565.52,-3.928,-15.631,722.65
blend,1790471566.03,-3.813,-15.626,722.70
blend,1790471566.54,-3.694,-15.620,722.69
blend,1790471567.05,-3.575,-15.615,722.79
blend,1790471567.51,-3.470,-15.610,722.84
blend,1790471568.02,-3.352,-15.604,722.94
blend,1790471568.53,-3.236,-15.598,723.00
blend,1790471569.04,-3.121,-15.592,723.02
blend,1790471569.55,-3.000,-15.585,723.09
blend,1790471570.01,-2.896,-15.579,723.10
blend,1790471570.52,-2.781,-15.573,723.14
blend,1790471571.03,-2.665,-15.567,723.16
blend,1790471571.54,-2.544,-15.560,723.27
blend,1790471572.05,-2.419,-15.553,723.33
blend,1790471572.51,-2.300,-15.546,723.30
blend,1790471573.02,-2.161,-15.538,723.36
blend,1790471573.53,-2.026,-15.530,723.41
blend,1790471574.04,-1.888,-15.522,723.45
blend,1790471574.50,-1.770,-15.515,723.49
blend,1790471575.01,-1.655,-15.508,723.51
blend,1790471575.52,-1.510,-15.499,723.53
blend,1790471576.03,-1.359,-15.489,723.60
blend,1790471576.51,-1.223,-15.481,723.68
blend,1790471577.00,-1.082,-15.471,723.75
blend,1790471577.51,-0.933,-15.462,723.82
blend,1790471578.02,-0.787,-15.452,723.89
blend,1790471578.53,-0.642,-15.442,723.96
blend,1790471579.01,-0.511,-15.433,724.02
blend,1790471579.50,-0.374,-15.423,724.08
blend,1790471580.01,-0.232,-15.413,724.13
blend,1790471580.52,-0.091,-15.402,724.15
blend,1790471581.04,0.047,-15.392,724.18
blend,1790471581.55,0.191,-15.382,724.24
blend,1790471582.01,0.312,-15.373,724.29
blend,1790471582.52,0.450,-15.362,724.35
blend,1790471583.03,0.585,-15.352,724.44
blend,1790471583.54,0.721,-15.341,724.50
blend,1790471584.00,0.844,-15.332,724.47
blend,1790471584.51,0.966,-15.322,724.53
blend,1790471585.02,1.050,-15.315,724.55
blend,1790471585.53,1.046,-15.316,724.56
blend,1790471586.04,1.045,-15.316,724.57
blend,1790471586.55,1.046,-15.316,724.56
blend,1790471587.01,1.046,-15.316,727.08
blend,1790471587.52,1.047,-15.315,741.55
blend,1790471588.04,1.048,-15.315,755.85
blend,1790471588.50,1.054,-15.307,768.63
blend,1790471589.01,1.057,-15.298,783.00
blend,1790471589.52,1.061,-15.278,797.29
blend,1790471590.03,1.060,-15.265,806.83
blend,1790471590.54,1.059,-15.262,806.80
blend,1790471591.00,1.059,-15.264,806.79
blend,1790471591.51,1.059,-15.265,806.78
blend,1790471592.01,1.059,-15.266,806.78
blend,1790471592.52,1.059,-15.265,806.77
blend,1790471593.03,1.059,-15.268,806.77
blend,1790471593.55,1.059,-15.266,806.76
blend,1790471594.01,1.059,-15.267,806.76
blend,1790471594.53,1.059,-15.267,806.78
blend,1790471595.03,1.059,-15.266,806.76
blend,1790471595.51,1.059,-15.258,806.84
blend,1790471596.01,1.064,-15.172,806.92
blend,1790471596.55,1.070,-15.048,807.06
blend,1790471597.01,1.076,-14.942,807.18
blend,1790471597.52,1.081,-14.823,807.28
blend,1790471598.03,1.088,-14.686,807.36
blend,1790471598.53,1.094,-14.545,807.43
blend,1790471599.01,1.100,-14.403,807.49
blend,1790471599.55,1.107,-14.243,807.60
blend,1790471600.00,1.112,-14.105,808.05
blend,1790471600.51,1.109,-13.948,811.72
blend,1790471601.01,1.101,-13.790,812.06
blend,1790471601.52,1.094,-13.618,812.23
blend,1790471602.03,1.087,-13.446,812.42
blend,1790471602.53,1.079,-13.261,812.58
blend,1790471603.00,1.070,-13.082,812.65
blend,1790471603.51,1.061,-12.881,812.75
blend,1790471604.00,1.051,-12.689,812.90
blend,1790471604.51,1.041,-12.495,812.96
blend,1790471605.01,1.031,-12.297,813.07
blend,1790471605.52,1.020,-12.101,813.22
blend,1790471606.03,1.008,-11.898,813.32
blend,1790471606.53,0.996,-11.700,813.40
blend,1790471607.04,0.984,-11.502,813.51
blend,1790471607.50,0.973,-11.320,813.63
blend,1790471608.00,0.961,-11.132,813.65
blend,1790471608.51,0.948,-10.927,813.78
blend,1790471609.01,0.934,-10.722,813.92
blend,1790471609.52,0.920,-10.526,813.99
blend,1790471610.03,0.906,-10.323,814.06
blend,1790471610.53,0.892,-10.129,814.15
blend,1790471611.01,0.878,-9.945,814.26
blend,1790471611.55,0.862,-9.732,814.34
blend,1790471612.00,0.848,-9.551,814.41
blend,1790471612.51,0.833,-9.350,814.52
blend,1790471613.01,0.816,-9.148,814.55
blend,1790471613.52,0.801,-8.954,814.63
blend,1790471614.03,0.783,-8.749,814.76
blend,1790471614.54,0.767,-8.554,814.88
blend,1790471615.04,0.750,-8.356,814.95
blend,1790471615.55,0.732,-8.149,815.00
blend,1790471616.01,0.717,-7.972,814.94
blend,1790471616.51,0.702,-7.774,813.44
blend,1790471617.02,0.695,-7.577,812.04
blend,1790471617.52,0.688,-7.380,812.07
blend,1790471618.03,0.681,-7.180,812.03
blend,1790471618.53,0.674,-6.981,812.10
blend,1790471619.04,0.666,-6.781,812.22
blend,1790471619.51,0.659,-6.598,812.28
blend,1790471620.00,0.651,-6.400,812.38
blend,1790471620.51,0.643,-6.200,812.41
blend,1790471621.01,0.634,-5.998,812.47
blend,1790471621.52,0.625,-5.796,812.58
blend,1790471622.03,0.616,-5.595,812.69
blend,1790471622.53,0.606,-5.395,812.75
blend,1790471623.04,0.596,-5.196,812.81
blend,1790471623.54,0.586,-4.994,812.90
blend,1790471624.00,0.577,-4.813,813.01
blend,1790471624.51,0.566,-4.611,813.08
blend,1790471625.01,0.555,-4.411,813.14
blend,1790471625.52,0.544,-4.210,813.24
blend,1790471626.00,0.533,-4.017,813.25
blend,1790471626.53,0.521,-3.806,813.32
blend,1790471627.00,0.510,-3.630,813.41
blend,1790471627.50,0.498,-3.429,813.43
blend,1790471628.01,0.486,-3.229,813.50
blend,1790471628.51,0.473,-3.026,813.56
blend,1790471629.00,0.462,-2.847,813.65
blend,1790471629.50,0.448,-2.646,813.72
blend,1790471630.03,0.435,-2.429,813.22
blend,1790471630.53,0.427,-2.234,812.54
blend,1790471631.04,0.419,-2.034,811.38
blend,1790471631.54,0.425,-1.844,809.14
blend,1790471632.01,0.429,-1.669,808.99
blend,1790471632.52,0.432,-1.471,808.99
blend,1790471633.03,0.436,-1.267,809.00
blend,1790471633.54,0.439,-1.073,809.02
blend,1790471634.05,0.442,-0.876,809.04
blend,1790471634.51,0.445,-0.692,809.14
blend,1790471635.03,0.448,-0.484,809.24
blend,1790471635.50,0.450,-0.296,809.29
blend,1790471636.04,0.452,-0.091,809.35
blend,1790471636.55,0.453,0.023,809.42
blend,1790471637.00,0.454,0.121,809.43
blend,1790471637.51,0.455,0.197,809.46
blend,1790471638.01,0.455,0.189,809.46
blend,1790471638.52,0.455,0.190,809.15
blend,1790471639.01,0.454,0.186,802.50
blend,1790471639.51,0.450,0.173,791.74
blend,1790471640.00,0.446,0.166,780.17
blend,1790471640.50,0.444,0.165,768.29
blend,1790471641.02,0.442,0.163,755.74
blend,1790471641.53,0.446,0.164,743.13
blend,1790471642.00,0.434,0.162,732.38
blend,1790471642.52,0.458,0.166,731.58
blend,1790471643.02,0.458,0.166,731.59
blend,1790471643.53,0.459,0.166,731.60
blend,1790471644.04,0.460,0.166,731.61
blend,1790471644.55,0.458,0.166,731.61
blend,1790471645.01,0.458,0.166,731.23
blend,1790471645.52,0.463,0.167,726.51
blend,1790471646.03,0.464,0.167,726.12
blend,1790471646.54,0.463,0.167,726.12
blend,1790471647.05,0.463,0.167,726.12
blend,1790471647.51,0.463,0.167,726.12
blend,1790471648.02,0.466,0.167,718.44
blend,1790471648.53,0.471,0.166,707.63
blend,1790471649.04,0.474,0.164,697.78
blend,1790471649.50,0.478,0.162,688.78
blend,1790471650.02,0.493,0.149,678.96
blend,1790471650.53,0.499,0.141,669.89
blend,1790471651.04,0.503,0.135,660.40
blend,1790471651.55,0.508,0.123,650.80
blend,1790471652.01,0.510,0.112,642.21
blend,1790471652.51,0.511,0.104,637.84
blend,1790471653.02,0.510,0.105,631.60
blend,1790471653.52,0.510,0.101,631.80
blend,1790471654.03,0.510,0.101,631.82
blend,1790471654.53,0.510,0.101,631.82
blend,1790471655.04,0.510,0.103,631.83
blend,1790471655.51,0.511,0.088,631.34
blend,1790471656.00,0.515,-0.113,631.42
blend,1790471656.51,0.520,-0.313,631.54
blend,1790471657.01,0.526,-0.514,631.52
blend,1790471657.52,0.531,-0.717,631.58
blend,1790471658.02,0.537,-0.907,631.68
blend,1790471658.53,0.543,-1.104,631.75
blend,1790471659.04,0.549,-1.301,631.81
blend,1790471659.54,0.556,-1.498,631.86
blend,1790471660.05,0.562,-1.697,631.96
blend,1790471660.50,0.568,-1.877,631.98
blend,1790471661.01,0.575,-2.081,632.00
blend,1790471661.51,0.583,-2.282,632.12
blend,1790471662.02,0.590,-2.485,632.13
blend,1790471662.53,0.598,-2.682,632.19
blend,1790471663.03,0.605,-2.884,632.24
blend,1790471663.54,0.614,-3.085,632.34
blend,1790471664.01,0.621,-3.266,632.36
blend,1790471664.52,0.629,-3.467,632.43
blend,1790471665.01,0.638,-3.663,632.53
blend,1790471665.51,0.647,-3.864,632.57
blend,1790471666.02,0.656,-4.066,632.61
blend,1790471666.51,0.665,-4.264,632.70
blend,1790471667.01,0.674,-4.468,632.74
blend,1790471667.51,0.683,-4.651,632.81
blend,1790471668.04,0.695,-4.863,632.94
blend,1790471668.55,0.705,-5.051,633.06
blend,1790471669.00,0.715,-5.234,633.09
blend,1790471669.51,0.725,-5.422,633.14
blend,1790471670.01,0.737,-5.624,633.29
blend,1790471670.52,0.748,-5.818,633.34
blend,1790471671.02,0.760,-6.016,633.42
blend,1790471671.53,0.772,-6.208,633.49
blend,1790471672.04,0.783,-6.392,633.64
blend,1790471672.54,0.795,-6.581,633.67
blend,1790471673.05,0.808,-6.786,633.73
blend,1790471673.50,0.819,-6.948,633.81
blend,1790471674.01,0.832,-7.136,633.86
blend,1790471674.51,0.846,-7.348,633.93
blend,1790471675.02,0.860,-7.546,634.00
blend,1790471675.52,0.874,-7.743,634.11
blend,1790471676.03,0.888,-7.940,634.12
blend,1790471676.54,0.903,-8.134,634.19
blend,1790471677.04,0.918,-8.337,634.30
blend,1790471677.51,0.930,-8.500,634.33
blend,1790471678.00,0.945,-8.688,634.40
blend,1790471678.51,0.959,-8.870,634.48
blend,1790471679.02,0.975,-9.070,634.55
blend,1790471679.52,0.990,-9.262,634.58
blend,1790471680.03,1.006,-9.456,634.65
blend,1790471680.54,1.022,-9.651,634.75
blend,1790471681.04,1.038,-9.848,634.83
blend,1790471681.55,1.055,-10.049,634.85
blend,1790471682.00,1.070,-10.222,634.96
blend,1790471682.51,1.086,-10.414,635.02
blend,1790471683.02,1.104,-10.612,635.09
blend,1790471683.52,1.122,-10.809,635.21
blend,1790471684.03,1.139,-11.004,635.13
blend,1790471684.54,1.152,-11.201,632.21
blend,1790471685.04,1.156,-11.404,631.36
blend,1790471685.55,1.160,-11.601,631.27
blend,1790471686.00,1.164,-11.773,631.31
blend,1790471686.51,1.169,-11.966,631.42
blend,1790471687.01,1.173,-12.162,631.35
blend,1790471687.52,1.178,-12.353,631.40
blend,1790471688.03,1.183,-12.544,631.53
blend,1790471688.53,1.188,-12.744,631.61
blend,1790471689.04,1.194,-12.940,631.61
blend,1790471689.50,1.198,-13.117,631.60
blend,1790471690.05,1.205,-13.334,631.76
blend,1790471690.50,1.211,-13.503,631.80
blend,1790471691.01,1.217,-13.701,631.84
blend,1790471691.52,1.223,-13.897,631.97
blend,1790471692.02,1.230,-14.094,632.02
blend,1790471692.53,1.236,-14.292,632.03
blend,1790471693.03,1.242,-14.499,632.04
blend,1790471693.54,1.248,-14.690,631.94
blend,1790471694.05,1.249,-14.710,631.99
blend,1790471694.51,1.249,-14.710,631.99
blend,1790471695.02,1.249,-14.711,631.97
blend,1790471695.52,1.249,-14.711,631.97
blend,1790471696.03,1.249,-14.711,631.97
blend,1790471696.52,1.249,-14.711,631.96
blend,1790471697.04,1.249,-14.715,631.99
blend,1790471697.52,1.249,-14.718,631.97
blend,1790471698.01,1.249,-14.716,631.93
blend,1790471698.51,1.249,-14.716,631.93
blend,1790471699.02,1.249,-14.716,631.93
blend,1790471699.52,1.249,-14.715,631.90
blend,1790471700.02,1.249,-14.708,631.91
blend,1790471700.53,1.249,-14.703,631.97
blend,1790471701.04,1.249,-14.703,631.97
blend,1790471701.51,1.249,-14.701,632.02
blend,1790471702.00,1.249,-14.703,630.56
blend,1790471702.50,1.249,-14.703,623.26
blend,1790471703.01,1.249,-14.704,614.63
blend,1790471703.52,1.248,-14.704,605.99
blend,1790471704.03,1.249,-14.704,597.40
blend,1790471704.55,1.248,-14.705,588.35
blend,1790471705.01,1.252,-14.703,580.02
blend,1790471705.53,1.239,-14.710,570.97
blend,1790471706.05,1.236,-14.712,561.88
blend,1790471706.51,1.220,-14.716,553.74
blend,1790471707.03,1.214,-14.716,544.83
blend,1790471707.54,1.219,-14.716,544.67
blend,1790471708.01,1.219,-14.716,544.67
blend,1790471708.51,1.219,-14.716,544.68
blend,1790471709.02,1.218,-14.716,544.69
blend,1790471709.54,1.218,-14.716,544.68
blend,1790471710.05,1.218,-14.716,544.67
blend,1790471710.51,1.218,-14.716,544.67
blend,1790471711.02,1.218,-14.716,544.68
blend,1790471711.53,1.218,-14.716,544.68
blend,1790471712.04,1.154,-14.721,544.44
blend,1790471712.51,1.002,-14.732,544.45
blend,1790471713.02,0.857,-14.744,544.35
blend,1790471713.53,0.691,-14.751,540.78
blend,1790471714.04,0.541,-14.751,540.62
blend,1790471714.50,0.396,-14.752,540.64
blend,1790471715.02,0.247,-14.754,540.61
blend,1790471715.53,0.099,-14.756,540.66
blend,1790471716.04,-0.052,-14.757,540.65
blend,1790471716.50,-0.192,-14.759,540.70
blend,1790471717.02,-0.351,-14.761,540.69
blend,1790471717.53,-0.500,-14.763,540.77
blend,1790471718.04,-0.649,-14.765,540.83
blend,1790471718.50,-0.780,-14.768,540.88
blend,1790471719.01,-0.932,-14.770,540.95
blend,1790471719.53,-1.081,-14.773,540.99
blend,1790471720.04,-1.232,-14.775,541.04
blend,1790471720.50,-1.375,-14.778,541.09
blend,1790471721.01,-1.533,-14.781,541.16
blend,1790471721.53,-1.698,-14.785,541.25
blend,1790471722.04,-1.865,-14.789,541.33
blend,1790471722.51,-2.016,-14.792,541.38
blend,1790471723.01,-2.183,-14.796,541.46
blend,1790471723.52,-2.349,-14.801,541.51
blend,1790471724.04,-2.518,-14.805,541.56
blend,1790471724.55,-2.694,-14.810,541.67
blend,1790471725.01,-2.852,-14.815,541.72
blend,1790471725.52,-3.045,-14.821,541.80
blend,1790471726.02,-3.230,-14.827,541.88
blend,1790471726.50,-3.408,-14.833,541.92
blend,1790471727.01,-3.600,-14.840,542.00
blend,1790471727.52,-3.784,-14.847,542.13
blend,1790471728.03,-3.973,-14.854,542.19
blend,1790471728.51,-4.149,-14.861,542.25
blend,1790471729.01,-4.337,-14.868,542.30
blend,1790471729.50,-4.529,-14.876,542.35
blend,1790471730.01,-4.720,-14.885,542.46
blend,1790471730.51,-4.904,-14.893,542.52
blend,1790471731.01,-5.089,-14.900,541.46
blend,1790471731.51,-5.273,-14.903,541.02
blend,1790471732.03,-5.455,-14.898,538.27
blend,1790471732.51,-5.604,-14.893,538.21
blend,1790471733.01,-5.765,-14.883,536.61
blend,1790471733.52,-5.911,-14.872,536.04
blend,1790471734.00,-6.042,-14.863,535.97
blend,1790471734.51,-6.187,-14.853,535.95
blend,1790471735.01,-6.322,-14.844,535.91
blend,1790471735.52,-6.470,-14.834,535.92
blend,1790471736.03,-6.617,-14.824,536.00
blend,1790471736.55,-6.761,-14.814,536.04
blend,1790471737.01,-6.887,-14.805,536.11
blend,1790471737.52,-7.030,-14.796,536.17
blend,1790471738.03,-7.170,-14.788,536.26
blend,1790471738.55,-7.310,-14.779,536.34
blend,1790471739.01,-7.428,-14.771,536.30
blend,1790471739.52,-7.570,-14.763,536.43
blend,1790471740.04,-7.649,-14.758,536.47
blend,1790471740.51,-7.637,-14.759,536.46
blend,1790471741.01,-7.636,-14.759,536.45
blend,1790471741.52,-7.636,-14.759,536.45
blend,1790471742.04,-7.638,-14.759,536.50
blend,1790471742.55,-7.635,-14.759,540.23
blend,1790471743.01,-7.625,-14.757,548.52
blend,1790471743.53,-7.596,-14.748,558.12
blend,1790471744.00,-7.583,-14.742,566.85
blend,1790471744.51,-7.573,-14.734,576.23
blend,1790471745.03,-7.570,-14.731,585.95
blend,1790471745.50,-7.569,-14.729,594.64
blend,1790471746.00,-7.571,-14.734,603.22
blend,1790471746.52,-7.570,-14.730,611.23
blend,1790471747.02,-7.570,-14.731,619.09
blend,1790471747.53,-7.569,-14.724,627.16
blend,1790471748.04,-7.569,-14.717,635.13
blend,1790471748.51,-7.567,-14.722,642.63
blend,1790471749.00,-7.566,-14.725,650.48
blend,1790471749.52,-7.566,-14.725,658.47
blend,1790471750.03,-7.566,-14.726,666.21
blend,1790471750.54,-7.555,-14.736,674.38
blend,1790471751.01,-7.550,-14.739,681.76
blend,1790471751.53,-7.551,-14.738,690.44
blend,1790471752.00,-7.541,-14.742,698.50
blend,1790471752.50,-7.532,-14.744,706.77
blend,1790471753.01,-7.524,-14.745,715.32
blend,1790471753.52,-7.517,-14.744,717.35
blend,1790471754.01,-7.518,-14.744,717.33
blend,1790471754.50,-7.519,-14.744,717.34
blend,1790471755.00,-7.520,-14.744,717.34
blend,1790471755.51,-7.519,-14.744,717.34
blend,1790471756.02,-7.518,-14.744,717.34
blend,1790471756.53,-7.519,-14.744,717.34
blend,1790471757.04,-7.521,-14.744,719.55
blend,1790471757.51,-7.514,-14.743,720.35
blend,1790471758.01,-7.519,-14.743,720.36
blend,1790471758.52,-7.514,-14.743,720.34
blend,1790471759.03,-7.514,-14.743,720.35
blend,1790471759.51,-7.507,-14.743,720.50
blend,1790471760.00,-7.415,-14.742,720.60
blend,1790471760.52,-7.306,-14.741,720.74
blend,1790471761.01,-7.182,-14.739,720.78
blend,1790471761.52,-7.070,-14.738,720.90
blend,1790471762.01,-6.983,-14.735,720.92
blend,1790471762.52,-6.847,-14.733,721.02
blend,1790471763.01,-6.734,-14.731,721.15
blend,1790471763.51,-6.602,-14.728,721.20
blend,1790471764.01,-6.462,-14.725,721.22
blend,1790471764.52,-6.324,-14.721,721.28
blend,1790471765.02,-6.208,-14.719,721.32
blend,1790471765.51,-6.069,-14.715,721.43
blend,1790471766.00,-5.928,-14.712,721.49
blend,1790471766.50,-5.778,-14.708,721.57
blend,1790471767.01,-5.635,-14.703,721.65
blend,1790471767.52,-5.491,-14.699,721.70
blend,1790471768.02,-5.343,-14.694,721.77
blend,1790471768.52,-5.184,-14.689,721.83
blend,1790471769.02,-5.048,-14.685,721.90
blend,1790471769.50,-4.899,-14.680,721.96
blend,1790471770.00,-4.749,-14.674,722.04
blend,1790471770.52,-4.615,-14.669,722.06
blend,1790471771.00,-4.459,-14.664,722.14
blend,1790471771.52,-4.307,-14.658,722.19
blend,1790471772.02,-4.200,-14.654,722.25
blend,1790471772.52,-4.073,-14.649,722.27
blend,1790471773.00,-3.960,-14.644,722.34
blend,1790471773.51,-3.793,-14.638,722.40
blend,1790471774.02,-3.669,-14.633,722.47
blend,1790471774.51,-3.573,-14.629,722.48
blend,1790471775.02,-3.422,-14.622,722.56
blend,1790471775.51,-3.297,-14.617,722.62
blend,1790471776.02,-3.128,-14.610,722.69
blend,1790471776.51,-3.010,-14.604,722.69
blend,1790471777.01,-2.895,-14.598,722.76
blend,1790471777.50,-2.777,-14.593,722.81
blend,1790471778.02,-2.641,-14.586,722.84
blend,1790471778.50,-2.516,-14.580,722.87
blend,1790471779.00,-2.419,-14.575,722.93
blend,1790471779.52,-2.297,-14.568,722.96
blend,1790471780.01,-2.194,-14.563,723.01
blend,1790471780.50,-2.072,-14.556,723.03
blend,1790471781.01,-1.974,-14.551,723.10
blend,1790471781.50,-1.883,-14.546,723.15
blend,1790471782.01,-1.779,-14.540,723.16
blend,1790471782.50,-1.675,-14.535,723.22
blend,1790471783.02,-1.573,-14.529,723.24
blend,1790471783.52,-1.537,-14.527,723.25
blend,1790471784.00,-1.557,-14.528,723.22
blend,1790471784.52,-1.564,-14.528,723.24
blend,1790471785.00,-1.551,-14.528,723.25
blend,1790471785.51,-1.546,-14.527,723.26
blend,1790471786.00,-1.551,-14.528,723.25
blend,1790471786.51,-1.555,-14.528,723.25
blend,1790471787.00,-1.538,-14.527,723.25
blend,1790471787.50,-1.548,-14.528,723.25
blend,1790471788.00,-1.558,-14.528,723.26
blend,1790471788.50,-1.563,-14.529,723.25
blend,1790471789.02,-1.541,-14.527,723.26
blend,1790471789.50,-1.564,-14.529,723.27
blend,1790471790.00,-1.568,-14.529,723.27
blend,1790471790.51,-1.551,-14.528,723.28
blend,1790471791.01,-1.555,-14.528,723.28
blend,1790471791.50,-1.556,-14.528,723.28
blend,1790471792.01,-1.544,-14.528,723.29
blend,1790471792.52,-1.546,-14.528,723.30
blend,1790471793.01,-1.558,-14.529,723.31
blend,1790471793.51,-1.564,-14.529,723.30
blend,1790471794.02,-1.537,-14.527,723.29
blend,1790471794.52,-1.564,-14.529,723.29
blend,1790471795.02,-1.570,-14.529,723.30
blend,1790471795.51,-1.576,-14.530,723.30
blend,1790471796.02,-1.573,-14.530,723.31
blend,1790471796.51,-1.566,-14.529,723.32
blend,1790471797.01,-1.580,-14.530,723.31
blend,1790471797.50,-1.572,-14.529,723.30
blend,1790471798.00,-1.575,-14.530,723.30
blend,1790471798.52,-1.578,-14.530,723.29
blend,1790471799.02,-1.578,-14.530,723.29
blend,1790471799.52,-1.569,-14.529,723.29
blend,1790471800.00,-1.576,-14.530,723.29
blend,1790471800.51,-1.576,-14.530,723.28
blend,1790471801.00,-1.583,-14.530,723.29
blend,1790471801.52,-1.579,-14.530,723.29
blend,1790471802.02,-1.563,-14.529,723.30
blend,1790471802.51,-1.505,-14.526,723.32
blend,1790471803.00,-1.511,-14.526,723.31
blend,1790471803.52,-1.525,-14.527,723.31
blend,1790471804.03,-1.523,-14.527,723.31
blend,1790471804.51,-1.513,-14.526,723.30
blend,1790471805.00,-1.519,-14.527,723.29
blend,1790471805.51,-1.523,-14.527,723.30
blend,1790471806.02,-1.522,-14.527,723.29
blend,1790471806.52,-1.516,-14.526,723.29
blend,1790471807.02,-1.526,-14.527,723.31
blend,1790471807.50,-1.515,-14.526,723.30
blend,1790471808.01,-1.512,-14.526,723.29
blend,1790471808.52,-1.514,-14.526,723.30
blend,1790471809.01,-1.519,-14.526,723.30
blend,1790471809.52,-1.522,-14.527,723.30
blend,1790471810.02,-1.522,-14.527,723.30
blend,1790471810.52,-1.536,-14.528,723.30
blend,1790471811.01,-1.537,-14.528,723.30
blend,1790471811.50,-1.542,-14.528,723.31
blend,1790471812.02,-1.540,-14.528,723.31
blend,1790471812.52,-1.536,-14.528,723.32
blend,1790471813.01,-1.531,-14.527,723.32
blend,1790471813.50,-1.537,-14.528,723.32
blend,1790471814.03,-1.542,-14.528,723.31
blend,1790471814.51,-1.538,-14.528,723.31
blend,1790471815.00,-1.537,-14.528,723.32
blend,1790471815.50,-1.537,-14.528,723.32
blend,1790471816.02,-1.533,-14.528,723.31
blend,1790471816.51,-1.538,-14.528,723.31
blend,1790471817.00,-1.552,-14.529,723.32
blend,1790471817.51,-1.543,-14.528,723.31
blend,1790471818.01,-1.546,-14.529,723.31
blend,1790471818.50,-1.536,-14.528,723.31
blend,1790471819.01,-1.544,-14.528,723.32
blend,1790471819.51,-1.534,-14.528,723.30
blend,1790471820.00,-1.529,-14.528,723.32
blend,1790471820.51,-1.536,-14.528,723.32
blend,1790471821.02,-1.528,-14.528,723.32
blend,1790471821.52,-1.530,-14.528,723.33
blend,1790471822.02,-1.530,-14.528,723.32
blend,1790471822.50,-1.541,-14.528,723.32
blend,1790471823.01,-1.517,-14.527,723.32
blend,1790471823.53,-1.522,-14.527,723.33
blend,1790471824.02,-1.521,-14.527,723.33
blend,1790471824.50,-1.519,-14.527,723.32
blend,1790471825.02,-1.529,-14.528,723.32
blend,1790471825.52,-1.520,-14.527,723.32
blend,1790471826.01,-1.532,-14.528,723.32
blend,1790471826.51,-1.523,-14.527,723.31
blend,1790471827.02,-1.527,-14.528,723.31
blend,1790471827.51,-1.528,-14.528,723.32
blend,1790471828.01,-1.542,-14.529,723.33
blend,1790471828.50,-1.530,-14.528,723.34
blend,1790471829.01,-1.511,-14.527,723.32
blend,1790471829.51,-1.523,-14.527,723.31
blend,1790471830.01,-1.525,-14.528,723.31
blend,1790471830.50,-1.522,-14.527,723.32
blend,1790471831.02,-1.518,-14.527,723.32
blend,1790471831.52,-1.527,-14.528,723.32
blend,1790471832.00,-1.517,-14.527,723.33
blend,1790471832.50,-1.526,-14.528,723.33
blend,1790471833.02,-1.526,-14.528,723.33
blend,1790471833.52,-1.531,-14.528,723.33
blend,1790471834.01,-1.524,-14.528,723.33
blend,1790471834.52,-1.524,-14.528,723.33
blend,1790471835.01,-1.523,-14.528,723.31
blend,1790471835.51,-1.521,-14.527,723.31
blend,1790471836.02,-1.516,-14.527,723.32
blend,1790471836.51,-1.516,-14.527,723.33
blend,1790471837.00,-1.530,-14.528,723.33
blend,1790471837.51,-1.511,-14.527,723.33
blend,1790471838.00,-1.524,-14.528,723.32
blend,1790471838.52,-1.531,-14.528,723.32
blend,1790471839.01,-1.533,-14.528,723.33
blend,1790471839.50,-1.529,-14.528,723.32
blend,1790471840.02,-1.535,-14.528,723.32
blend,1790471840.52,-1.520,-14.527,723.31
blend,1790471841.02,-1.518,-14.527,723.31
blend,1790471841.52,-1.538,-14.528,723.31
blend,1790471842.02,-1.529,-14.528,723.31
blend,1790471842.51,-1.525,-14.528,723.32
blend,1790471843.00,-1.533,-14.528,723.32
blend,1790471843.52,-1.535,-14.528,723.33
blend,1790471844.00,-1.533,-14.528,723.32
blend,1790471844.51,-1.536,-14.528,723.32
blend,1790471845.00,-1.522,-14.528,723.32
blend,1790471845.50,-1.537,-14.529,723.31
blend,1790471846.01,-1.528,-14.528,723.31
blend,1790471846.51,-1.537,-14.529,723.32
blend,1790471847.02,-1.527,-14.528,723.31
blend,1790471847.50,-1.527,-14.528,723.32
blend,1790471848.02,-1.521,-14.528,723.32
blend,1790471848.51,-1.514,-14.527,723.32
blend,1790471849.01,-1.528,-14.528,723.32
blend,1790471849.51,-1.521,-14.528,723.31
blend,1790471850.01,-1.517,-14.528,723.32
blend,1790471850.50,-1.532,-14.529,723.32
blend,1790471851.02,-1.530,-14.528,723.31
blend,1790471851.51,-1.515,-14.528,723.32
blend,1790471852.00,-1.520,-14.528,723.33
blend,1790471852.52,-1.519,-14.528,723.33
blend,1790471853.02,-1.518,-14.528,723.33
blend,1790471853.51,-1.517,-14.528,723.34
blend,1790471854.01,-1.511,-14.527,723.33
blend,1790471854.53,-1.510,-14.527,723.34
blend,1790471855.02,-1.521,-14.528,723.32
blend,1790471855.51,-1.499,-14.527,723.33
blend,1790471856.01,-1.463,-14.525,723.35
blend,1790471856.50,-1.366,-14.519,723.38
blend,1790471857.01,-1.248,-14.512,723.43
blend,1790471857.52,-1.152,-14.506,723.44
blend,1790471858.02,-1.035,-14.499,723.51
blend,1790471858.51,-0.935,-14.492,723.58
blend,1790471859.02,-0.814,-14.485,723.61
blend,1790471859.51,-0.705,-14.478,723.66
blend,1790471860.02,-0.605,-14.471,723.66
blend,1790471860.52,-0.495,-14.465,723.71
blend,1790471861.00,-0.388,-14.458,723.74
blend,1790471861.51,-0.272,-14.450,723.81
blend,1790471862.02,-0.165,-14.443,723.83
blend,1790471862.51,-0.046,-14.435,723.90
blend,1790471863.01,0.056,-14.428,723.94
blend,1790471863.52,0.172,-14.420,723.99
blend,1790471864.01,0.277,-14.412,724.06
blend,1790471864.51,0.386,-14.404,724.10
blend,1790471865.01,0.500,-14.396,724.15
blend,1790471865.50,0.627,-14.387,724.19
blend,1790471866.01,0.740,-14.378,724.23
blend,1790471866.51,0.735,-14.379,724.24
blend,1790471867.02,0.735,-14.379,728.33
blend,1790471867.50,0.754,-14.371,738.72
blend,1790471868.02,0.802,-14.334,752.61
blend,1790471868.51,0.864,-14.251,765.88
blend,1790471869.01,0.963,-14.052,779.32
blend,1790471869.50,0.985,-13.948,792.31
blend,1790471870.01,0.982,-13.904,805.79
blend,1790471870.52,0.979,-13.871,809.04
blend,1790471871.02,0.980,-13.855,809.08
blend,1790471871.50,0.982,-13.723,809.24
blend,1790471872.01,0.984,-13.534,809.38
blend,1790471872.52,0.985,-13.372,809.52
blend,1790471873.00,0.985,-13.200,809.63
blend,1790471873.52,0.985,-13.022,809.79
blend,1790471874.00,0.986,-12.845,809.88
blend,1790471874.52,0.986,-12.651,809.96
blend,1790471875.02,0.986,-12.455,810.06
blend,1790471875.51,0.984,-12.299,810.59
blend,1790471876.00,0.975,-12.114,811.87
blend,1790471876.51,0.964,-11.912,812.64
blend,1790471877.01,0.954,-11.717,812.85
blend,1790471877.52,0.944,-11.531,813.03
blend,1790471878.02,0.934,-11.358,813.14
blend,1790471878.50,0.920,-11.115,813.28
blend,1790471879.01,0.910,-10.943,813.31
blend,1790471879.53,0.895,-10.679,813.40
blend,1790471880.02,0.887,-10.529,812.76
blend,1790471880.52,0.899,-10.365,809.73
blend,1790471881.00,0.895,-10.111,810.48
blend,1790471881.52,0.866,-9.931,814.19
blend,1790471882.01,0.851,-9.692,814.43
blend,1790471882.52,0.838,-9.532,814.57
blend,1790471883.02,0.822,-9.346,814.52
blend,1790471883.51,0.813,-9.181,813.29
blend,1790471884.01,0.810,-9.006,812.41
blend,1790471884.50,0.801,-8.815,812.26
blend,1790471885.01,0.802,-8.616,810.87
blend,1790471885.50,0.800,-8.437,810.60
blend,1790471886.00,0.798,-8.251,810.62
blend,1790471886.50,0.796,-8.057,810.58
blend,1790471887.02,0.794,-7.846,810.57
blend,1790471887.51,0.790,-7.647,810.65
blend,1790471888.01,0.788,-7.442,810.70
blend,1790471888.50,0.785,-7.249,810.77
blend,1790471889.02,0.782,-7.056,810.84
blend,1790471889.53,0.779,-6.856,810.95
blend,1790471890.01,0.777,-6.724,810.97
blend,1790471890.51,0.774,-6.498,811.04
blend,1790471891.01,0.770,-6.321,811.16
blend,1790471891.50,0.767,-6.155,811.18
blend,1790471892.01,0.763,-5.983,811.23
blend,1790471892.52,0.758,-5.777,811.30
blend,1790471893.01,0.753,-5.590,811.40
blend,1790471893.50,0.749,-5.421,811.44
blend,1790471894.01,0.742,-5.187,811.54
blend,1790471894.51,0.737,-4.999,811.65
blend,1790471895.00,0.731,-4.798,811.69
blend,1790471895.51,0.725,-4.605,811.76
blend,1790471896.01,0.718,-4.409,811.90
blend,1790471896.52,0.711,-4.190,811.99
blend,1790471897.00,0.705,-4.013,811.98
blend,1790471897.52,0.698,-3.816,812.05
blend,1790471898.02,0.690,-3.618,812.15
blend,1790471898.52,0.683,-3.426,812.20
blend,1790471899.01,0.675,-3.242,812.26
blend,1790471899.52,0.667,-3.037,812.36
blend,1790471900.02,0.658,-2.845,812.43
blend,1790471900.52,0.650,-2.656,812.48
blend,1790471901.02,0.642,-2.463,812.55
blend,1790471901.52,0.632,-2.263,812.67
blend,1790471902.02,0.623,-2.072,812.69
blend,1790471902.51,0.614,-1.893,812.73
blend,1790471903.02,0.605,-1.693,812.79
blend,1790471903.51,0.595,-1.501,812.86
blend,1790471904.03,0.585,-1.306,812.92
blend,1790471904.51,0.576,-1.131,812.95
blend,1790471905.01,0.566,-0.952,812.93
blend,1790471905.51,0.574,-0.790,809.04
blend,1790471906.00,0.579,-0.647,808.18
blend,1790471906.50,0.585,-0.481,808.17
blend,1790471907.01,0.591,-0.311,808.09
blend,1790471907.51,0.594,-0.202,808.09
blend,1790471908.01,0.593,-0.244,808.14
blend,1790471908.51,0.590,-0.271,805.02
blend,1790471909.02,0.590,-0.255,797.65
blend,1790471909.50,0.596,-0.245,788.91
blend,1790471910.01,0.644,-0.175,778.83
blend,1790471910.53,0.708,-0.105,772.24
blend,1790471911.01,0.789,0.003,772.08
blend,1790471911.50,0.879,0.118,772.10
blend,1790471912.01,0.969,0.218,767.82
blend,1790471912.50,1.058,0.267,756.25
blend,1790471913.00,1.147,0.302,745.63
blend,1790471913.50,1.272,0.330,736.41
blend,1790471914.00,1.393,0.345,731.57
blend,1790471914.53,1.526,0.375,731.55
blend,1790471915.00,1.677,0.405,729.15
blend,1790471915.52,1.789,0.387,722.29
blend,1790471916.02,1.742,0.391,722.47
blend,1790471916.50,1.704,0.389,722.49
blend,1790471917.02,1.614,0.385,722.34
blend,1790471917.51,1.519,0.382,722.31
blend,1790471918.00,1.400,0.378,722.06
blend,1790471918.52,1.274,0.377,720.15
blend,1790471919.01,1.195,0.382,719.01
blend,1790471919.52,1.085,0.383,718.89
blend,1790471920.01,1.011,0.385,718.83
blend,1790471920.51,0.909,0.387,718.81
blend,1790471921.01,0.810,0.389,719.25
blend,1790471921.51,0.732,0.388,719.85
blend,1790471922.02,0.690,0.388,719.83
blend,1790471922.52,0.666,0.388,719.76
blend,1790471923.02,0.674,0.388,719.75
blend,1790471923.51,0.683,0.388,719.74
blend,1790471924.00,0.685,0.388,719.74
blend,1790471924.50,0.668,0.389,719.74
blend,1790471925.01,0.674,0.388,719.74
blend,1790471925.50,0.678,0.388,719.74
blend,1790471926.02,0.683,0.388,719.74
blend,1790471926.51,0.684,0.388,719.73
blend,1790471927.00,0.678,0.388,719.74
blend,1790471927.50,0.687,0.388,719.73
blend,1790471928.00,0.682,0.388,719.74
blend,1790471928.51,0.684,0.388,719.74
blend,1790471929.01,0.665,0.389,719.73
blend,1790471929.51,0.677,0.389,719.73
blend,1790471930.02,0.684,0.388,719.73
blend,1790471930.51,0.665,0.389,719.74
blend,1790471931.01,0.670,0.389,719.74
blend,1790471931.51,0.686,0.388,719.75
blend,1790471932.00,0.694,0.388,719.75
blend,1790471932.52,0.669,0.389,719.74
blend,1790471933.00,0.687,0.388,719.74
blend,1790471933.52,0.691,0.388,719.72
blend,1790471934.02,0.669,0.389,719.72
blend,1790471934.52,0.668,0.389,719.71
blend,1790471935.01,0.677,0.388,719.71
blend,1790471935.52,0.687,0.388,719.71
blend,1790471936.00,0.685,0.388,719.72
blend,1790471936.52,0.693,0.388,719.72
blend,1790471937.02,0.689,0.388,719.73
blend,1790471937.50,0.680,0.388,719.73
blend,1790471938.01,0.698,0.388,719.74
blend,1790471938.51,0.691,0.388,719.73
blend,1790471939.00,0.698,0.388,719.73
blend,1790471939.52,0.704,0.388,719.73
blend,1790471940.02,0.705,0.388,719.73
blend,1790471940.51,0.707,0.388,719.73
blend,1790471941.00,0.701,0.388,719.74
blend,1790471941.52,0.709,0.388,719.75
blend,1790471942.01,0.720,0.388,719.76
blend,1790471942.50,0.723,0.388,719.76
blend,1790471943.02,0.709,0.388,719.76
blend,1790471943.52,0.723,0.388,719.75
blend,1790471944.00,0.711,0.388,719.75
blend,1790471944.52,0.715,0.388,719.75
blend,1790471945.02,0.692,0.388,719.75
blend,1790471945.50,0.711,0.388,719.75
blend,1790471946.02,0.704,0.388,719.76
blend,1790471946.51,0.715,0.388,719.76
blend,1790471947.01,0.707,0.388,719.76
blend,1790471947.52,0.705,0.388,719.77
blend,1790471948.01,0.709,0.388,719.76
blend,1790471948.52,0.720,0.388,719.76
blend,1790471949.02,0.719,0.388,719.76
blend,1790471949.53,0.717,0.388,719.76
blend,1790471950.01,0.713,0.388,719.76
blend,1790471950.51,0.709,0.388,719.77
blend,1790471951.02,0.719,0.388,719.77
blend,1790471951.51,0.714,0.388,719.78
blend,1790471952.01,0.720,0.388,719.78
blend,1790471952.52,0.715,0.388,719.77
blend,1790471953.02,0.722,0.388,719.78
blend,1790471953.50,0.725,0.388,719.77
blend,1790471954.00,0.728,0.388,719.76
blend,1790471954.51,0.729,0.388,719.76
blend,1790471955.00,0.716,0.388,719.76
blend,1790471955.51,0.722,0.388,719.76
blend,1790471956.01,0.707,0.388,719.76
blend,1790471956.50,0.705,0.388,719.76
blend,1790471957.00,0.717,0.388,719.78
blend,1790471957.53,0.713,0.388,719.78
blend,1790471958.01,0.714,0.388,719.79
blend,1790471958.52,0.718,0.388,719.78
blend,1790471959.01,0.725,0.388,719.78
blend,1790471959.51,0.717,0.388,719.77
blend,1790471960.01,0.715,0.388,719.77
blend,1790471960.51,0.717,0.388,719.77
blend,1790471961.02,0.725,0.388,719.77
blend,1790471961.51,0.708,0.388,719.77
blend,1790471962.02,0.717,0.388,719.77
blend,1790471962.52,0.724,0.388,719.77
blend,1790471963.02,0.704,0.388,719.76
blend,1790471963.50,0.709,0.388,719.77
blend,1790471964.01,0.719,0.388,719.76
blend,1790471964.50,0.709,0.388,719.76
blend,1790471965.02,0.703,0.388,719.75
blend,1790471965.51,0.704,0.388,719.76
blend,1790471966.02,0.703,0.388,719.78
blend,1790471966.51,0.707,0.388,719.77
blend,1790471967.01,0.702,0.388,719.77
blend,1790471967.50,0.699,0.388,719.78
blend,1790471968.02,0.706,0.388,719.78
blend,1790471968.52,0.697,0.388,719.78
blend,1790471969.01,0.703,0.388,719.77
blend,1790471969.51,0.727,0.388,719.76
blend,1790471970.01,0.699,0.388,719.77
blend,1790471970.53,0.702,0.388,719.75
blend,1790471971.00,0.700,0.388,719.74
blend,1790471971.52,0.699,0.388,719.75
blend,1790471972.02,0.709,0.388,719.75
blend,1790471972.50,0.701,0.388,719.76
blend,1790471973.01,0.708,0.388,719.76
blend,1790471973.51,0.696,0.388,719.77
blend,1790471974.01,0.702,0.388,719.76
blend,1790471974.52,0.692,0.388,719.76
blend,1790471975.01,0.690,0.388,719.77
blend,1790471975.51,0.709,0.388,719.76
blend,1790471976.02,0.699,0.388,719.77
blend,1790471976.51,0.707,0.388,719.77
blend,1790471977.01,0.708,0.388,719.77
blend,1790471977.52,0.709,0.388,719.77
blend,1790471978.03,0.711,0.388,719.77
blend,1790471978.50,0.710,0.388,719.77
blend,1790471979.01,0.706,0.388,719.78
blend,1790471979.51,0.708,0.388,719.78
blend,1790471980.01,0.706,0.388,719.78
blend,1790471980.51,0.707,0.388,719.78
blend,1790471981.02,0.707,0.388,719.76
blend,1790471981.52,0.715,0.388,719.77
blend,1790471982.01,0.708,0.388,719.77
blend,1790471982.52,0.708,0.388,719.77
blend,1790471983.01,0.703,0.388,719.77
blend,1790471983.50,0.710,0.388,719.78
blend,1790471984.02,0.716,0.388,719.78
blend,1790471984.52,0.708,0.388,719.78
blend,1790471985.01,0.705,0.388,719.77
blend,1790471985.50,0.708,0.388,719.78
blend,1790471986.00,0.701,0.388,719.77
blend,1790471986.52,0.703,0.388,719.78
blend,1790471987.02,0.706,0.388,719.78
blend,1790471987.51,0.702,0.388,719.79
blend,1790471988.00,0.709,0.388,719.78
blend,1790471988.51,0.708,0.388,719.80
blend,1790471989.01,0.706,0.388,719.80
blend,1790471989.52,0.719,0.388,719.79
blend,1790471990.03,0.708,0.388,719.79
blend,1790471990.52,0.719,0.388,719.79
blend,1790471991.00,0.705,0.388,719.78
blend,1790471991.52,0.705,0.388,719.78
blend,1790471992.00,0.702,0.388,719.78
blend,1790471992.51,0.703,0.388,719.78
blend,1790471993.02,0.709,0.388,719.79
blend,1790471993.51,0.713,0.388,719.79
blend,1790471994.02,0.705,0.388,719.80
blend,1790471994.52,0.706,0.388,719.80
blend,1790471995.01,0.701,0.388,719.79
blend,1790471995.52,0.704,0.388,719.78
blend,1790471996.01,0.697,0.388,719.79
blend,1790471996.52,0.702,0.388,719.78
blend,1790471997.02,0.704,0.388,719.79
blend,1790471997.51,0.704,0.388,719.79
blend,1790471998.02,0.729,0.388,719.80
blend,1790471998.50,0.715,0.388,719.81
blend,1790471999.01,0.708,0.388,719.81
blend,1790471999.50,0.704,0.388,719.81
blend,1790472000.01,0.697,0.388,719.82
blend,1790472000.51,0.705,0.388,719.81
blend,1790472001.01,0.704,0.388,719.81
blend,1790472001.52,0.695,0.388,719.81
blend,1790472002.00,0.702,0.388,719.80
blend,1790472002.50,0.707,0.388,719.81
blend,1790472003.01,0.704,0.388,719.81
blend,1790472003.51,0.703,0.388,719.79
blend,1790472004.02,0.704,0.388,719.80
blend,1790472004.51,0.697,0.388,719.79
blend,1790472005.00,0.706,0.388,719.80
blend,1790472005.52,0.713,0.388,719.80
blend,1790472006.00,0.708,0.388,719.80
blend,1790472006.50,0.709,0.388,719.79
blend,1790472007.00,0.710,0.388,719.80
blend,1790472007.51,0.702,0.388,719.80
blend,1790472008.01,0.706,0.388,719.80
blend,1790472008.52,0.712,0.388,719.81
blend,1790472009.00,0.706,0.388,719.80
blend,1790472009.51,0.702,0.388,719.80
blend,1790472010.00,0.709,0.388,719.81
blend,1790472010.51,0.711,0.388,719.81
blend,1790472011.03,0.703,0.388,719.80
blend,1790472011.50,0.704,0.388,719.80
blend,1790472012.01,0.704,0.388,719.79
blend,1790472012.51,0.715,0.388,719.80
blend,1790472013.01,0.694,0.388,719.79
blend,1790472013.50,0.703,0.388,719.79
blend,1790472014.01,0.696,0.388,719.80
blend,1790472014.50,0.700,0.388,719.80
blend,1790472015.01,0.695,0.388,719.79
blend,1790472015.51,0.702,0.388,719.80
blend,1790472016.02,0.691,0.388,719.80
blend,1790472016.51,0.702,0.388,719.79
blend,1790472017.01,0.703,0.388,719.80
blend,1790472017.51,0.707,0.388,719.80
blend,1790472018.01,0.704,0.388,719.81
blend,1790472018.51,0.694,0.388,719.81
blend,1790472019.01,0.697,0.388,719.82
blend,1790472019.52,0.707,0.388,719.83
blend,1790472020.02,0.702,0.388,719.83
blend,1790472020.51,0.700,0.388,719.83
blend,1790472021.00,0.696,0.388,719.83
blend,1790472021.52,0.710,0.388,719.83
blend,1790472022.00,0.704,0.388,719.82
blend,1790472022.51,0.708,0.388,719.83
blend,1790472023.00,0.714,0.388,719.82
blend,1790472023.52,0.713,0.388,719.83
blend,1790472024.01,0.711,0.388,719.83
blend,1790472024.52,0.715,0.388,719.82
blend,1790472025.01,0.710,0.388,719.82
blend,1790472025.51,0.711,0.388,719.82
blend,1790472026.01,0.703,0.388,719.82
blend,1790472026.50,0.704,0.388,719.82
blend,1790472027.01,0.713,0.388,719.82
blend,1790472027.52,0.717,0.388,719.82
blend,1790472028.02,0.733,0.388,719.82
blend,1790472028.52,0.716,0.388,719.81
blend,1790472029.02,0.712,0.388,719.82
blend,1790472029.52,0.709,0.388,719.82
blend,1790472030.01,0.717,0.388,719.83
blend,1790472030.51,0.736,0.388,719.83
blend,1790472031.02,0.713,0.388,719.83
blend,1790472031.50,0.731,0.388,719.83
blend,1790472032.01,0.717,0.388,719.83
blend,1790472032.50,0.723,0.388,719.83
blend,1790472033.01,0.720,0.388,719.82
blend,1790472033.51,0.721,0.388,719.83
blend,1790472034.01,0.719,0.388,719.83
blend,1790472034.52,0.712,0.388,719.84
blend,1790472035.00,0.723,0.388,719.84
blend,1790472035.52,0.721,0.388,719.85
blend,1790472036.01,0.710,0.388,719.85
blend,1790472036.51,0.712,0.388,719.85
blend,1790472037.00,0.720,0.388,719.84
blend,1790472037.52,0.715,0.388,719.84
blend,1790472038.00,0.713,0.388,719.83
blend,1790472038.52,0.712,0.388,719.83
blend,1790472039.02,0.723,0.388,719.83
blend,1790472039.51,0.712,0.388,719.82
blend,1790472040.00,0.716,0.388,719.81
blend,1790472040.52,0.725,0.388,719.81
blend,1790472041.01,0.717,0.388,719.82
blend,1790472041.50,0.728,0.388,719.81
blend,1790472042.01,0.716,0.388,719.82
blend,1790472042.50,0.704,0.388,719.82
blend,1790472043.01,0.719,0.388,719.81
blend,1790472043.53,0.717,0.388,719.80
blend,1790472044.02,0.721,0.388,719.80
blend,1790472044.51,0.714,0.388,719.80
blend,1790472045.02,0.724,0.388,719.80
blend,1790472045.51,0.728,0.388,719.81
blend,1790472046.03,0.730,0.388,719.81
blend,1790472046.51,0.716,0.388,719.81
blend,1790472047.00,0.716,0.388,719.81
blend,1790472047.52,0.712,0.388,719.81
blend,1790472048.00,0.703,0.388,719.81
blend,1790472048.52,0.726,0.388,719.80
blend,1790472049.01,0.718,0.388,719.80
blend,1790472049.50,0.723,0.388,719.81
blend,1790472050.01,0.715,0.388,719.80
blend,1790472050.51,0.716,0.388,719.80
blend,1790472051.00,0.727,0.388,719.79
blend,1790472051.52,0.717,0.388,719.80
blend,1790472052.02,0.717,0.388,719.80
blend,1790472052.52,0.724,0.388,719.80
blend,1790472053.01,0.720,0.388,719.79
blend,1790472053.50,0.719,0.388,719.80
blend,1790472054.02,0.724,0.388,719.79
blend,1790472054.52,0.718,0.388,719.81
blend,1790472055.01,0.718,0.388,719.81
blend,1790472055.51,0.718,0.388,719.81
blend,1790472056.01,0.721,0.388,719.80
robot,1790470345.03,0.000,-0.000,0.00
robot,1790470345.51,0.000,-0.000,0.02
robot,1790470346.01,0.000,-0.000,0.04
robot,1790470346.51,0.000,-0.000,0.05
robot,1790470347.01,0.000,-0.000,0.06
robot,1790470347.51,0.000,-0.000,0.06
robot,1790470348.01,0.000,-0.000,0.06
robot,1790470348.51,0.000,-0.000,0.07
robot,1790470349.01,0.000,-0.000,0.09
robot,1790470349.51,0.000,-0.000,0.09
robot,1790470350.01,0.000,-0.000,0.10
robot,1790470350.51,0.000,-0.000,0.11
robot,1790470351.01,0.000,-0.000,0.11
robot,1790470351.51,0.000,-0.000,0.13
robot,1790470352.01,0.000,-0.000,0.13
robot,1790470352.51,0.000,-0.000,0.14
robot,1790470353.01,0.000,-0.000,0.15
robot,1790470353.51,0.000,-0.000,0.15
robot,1790470354.01,0.000,-0.000,0.15
robot,1790470354.51,0.000,-0.000,0.17
robot,1790470355.01,0.000,-0.000,0.17
robot,1790470355.51,0.000,-0.000,0.19
robot,1790470356.01,0.000,-0.000,0.20
robot,1790470356.51,0.000,-0.000,0.20
robot,1790470357.01,0.000,-0.000,0.20
robot,1790470357.51,0.000,-0.000,0.22
robot,1790470358.01,0.000,-0.000,0.23
robot,1790470358.51,0.000,-0.000,0.25
robot,1790470359.01,0.000,-0.000,0.24
robot,1790470359.51,0.000,-0.000,0.24
robot,1790470360.01,0.000,-0.000,0.25
robot,1790470360.51,0.000,-0.000,0.25
robot,1790470361.01,0.000,-0.000,0.25
robot,1790470361.51,0.000,-0.000,0.25
robot,1790470362.01,0.000,-0.000,0.23
robot,1790470362.51,0.000,-0.000,0.23
robot,1790470363.01,0.000,-0.000,0.23
robot,1790470363.51,0.000,-0.000,0.26
robot,1790470364.01,0.000,-0.000,0.26
robot,1790470364.51,0.000,-0.000,0.27
robot,1790470365.01,0.000,-0.000,0.27
robot,1790470365.51,0.000,-0.000,0.28
robot,1790470366.01,0.000,-0.000,0.28
robot,1790470366.51,0.000,-0.000,0.26
robot,1790470367.01,0.000,-0.000,0.26
robot,1790470367.51,0.000,-0.000,0.25
robot,1790470368.01,0.000,-0.000,0.25
robot,1790470368.51,0.000,-0.000,0.24
robot,1790470369.01,0.000,-0.000,0.25
robot,1790470369.51,0.000,-0.000,0.25
robot,1790470370.01,0.000,-0.000,0.25
robot,1790470370.51,0.000,-0.000,0.25
robot,1790470371.01,0.000,-0.000,0.25
robot,1790470371.51,0.000,-0.000,0.25
robot,1790470372.01,0.000,-0.000,0.27
robot,1790470372.51,0.000,-0.000,0.28
robot,1790470373.01,0.000,-0.000,0.31
robot,1790470373.51,0.000,-0.000,0.31
robot,1790470374.01,0.000,-0.000,0.30
robot,1790470374.51,0.000,-0.000,0.29
robot,1790470375.01,0.000,-0.000,0.30
robot,1790470375.51,0.000,-0.000,0.30
robot,1790470376.01,0.000,-0.000,0.31
robot,1790470376.51,0.000,-0.000,0.31
robot,1790470377.01,0.000,-0.000,0.30
robot,1790470377.51,0.000,-0.000,0.29
robot,1790470378.01,0.000,-0.000,0.28
robot,1790470378.51,0.000,-0.000,0.29
robot,1790470379.01,0.000,-0.000,0.29
robot,1790470379.51,0.000,-0.000,0.30
robot,1790470380.01,0.000,-0.000,0.30
robot,1790470380.51,0.000,-0.000,0.30
robot,1790470381.01,0.000,-0.000,0.31
robot,1790470381.51,0.000,-0.000,0.32
robot,1790470382.01,0.000,-0.000,0.32
robot,1790470382.51,0.000,-0.000,0.33
robot,1790470383.01,0.000,-0.000,0.35
robot,1790470383.51,0.000,-0.000,0.34
robot,1790470384.01,0.000,-0.000,0.35
robot,1790470384.51,0.000,-0.000,0.35
robot,1790470385.01,0.000,-0.000,0.35
robot,1790470385.51,0.000,-0.000,0.35
robot,1790470386.01,0.000,-0.000,0.35
robot,1790470386.51,0.000,-0.000,0.34
robot,1790470387.01,0.000,-0.000,0.36
robot,1790470387.51,0.000,-0.000,0.36
robot,1790470388.01,0.000,-0.000,0.37
robot,1790470388.51,0.000,-0.000,0.39
robot,1790470389.01,0.000,-0.000,0.40
robot,1790470389.51,0.000,-0.000,0.42
robot,1790470390.01,0.000,-0.000,0.42
robot,1790470390.51,0.000,-0.000,0.42
robot,1790470391.01,0.000,-0.000,0.42
robot,1790470391.51,0.000,-0.000,0.43
robot,1790470392.01,0.000,-0.000,0.44
robot,1790470392.51,0.000,-0.000,0.43
robot,1790470393.01,0.000,-0.000,0.41
robot,1790470393.51,0.000,-0.000,0.40
robot,1790470394.01,0.000,-0.000,0.42
robot,1790470394.51,0.000,-0.000,0.43
robot,1790470395.01,0.000,-0.000,0.44
robot,1790470395.51,0.000,-0.000,0.45
robot,1790470396.01,0.000,-0.000,0.46
robot,1790470396.51,0.000,-0.000,0.47
robot,1790470397.01,0.000,-0.000,0.46
robot,1790470397.51,0.000,-0.000,0.46
robot,1790470398.01,0.000,-0.000,0.48
robot,1790470398.51,0.000,-0.000,0.47
robot,1790470399.01,0.000,-0.000,0.49
robot,1790470399.51,0.000,-0.000,0.48
robot,1790470400.01,0.000,-0.000,0.47
robot,1790470400.51,0.000,-0.000,0.47
robot,1790470401.01,0.000,-0.000,0.48
robot,1790470401.51,0.000,-0.000,0.47
robot,1790470402.01,0.000,-0.000,0.47
robot,1790470402.51,0.000,-0.000,0.47
robot,1790470403.01,0.000,-0.000,0.46
robot,1790470403.51,0.000,-0.000,0.46
robot,1790470404.01,0.000,-0.000,0.47
robot,1790470404.51,0.000,-0.000,0.46
robot,1790470405.01,0.000,-0.000,0.47
robot,1790470405.51,0.000,-0.000,0.46
robot,1790470406.01,0.000,-0.000,0.46
robot,1790470406.51,0.000,-0.000,0.45
robot,1790470407.01,0.000,-0.000,0.46
robot,1790470407.51,0.000,-0.000,0.45
robot,1790470408.01,0.000,-0.000,0.46
robot,1790470408.51,0.000,-0.000,0.47
robot,1790470409.01,0.000,-0.000,0.49
robot,1790470409.51,0.000,-0.000,0.51
robot,1790470410.01,0.000,-0.000,0.50
robot,1790470410.51,0.000,-0.000,0.50
robot,1790470411.01,0.000,-0.000,0.52
robot,1790470411.51,0.000,-0.000,0.53
robot,1790470412.01,0.000,-0.000,0.54
robot,1790470412.51,0.000,-0.000,0.54
robot,1790470413.01,0.000,-0.000,0.56
robot,1790470413.51,0.000,-0.000,0.55
robot,1790470414.01,0.000,-0.000,0.53
robot,1790470414.51,0.000,-0.000,0.54
robot,1790470415.01,0.000,-0.000,0.55
robot,1790470415.51,0.000,-0.000,0.57
robot,1790470416.01,0.000,-0.000,0.56
robot,1790470416.51,0.000,-0.000,0.54
robot,1790470417.01,0.000,-0.000,0.55
robot,1790470417.51,0.000,-0.000,0.55
robot,1790470418.01,0.000,-0.000,0.56
robot,1790470418.51,0.000,-0.000,0.55
robot,1790470419.01,0.000,-0.000,0.55
robot,1790470419.51,0.000,-0.000,0.53
robot,1790470420.01,0.000,-0.000,0.54
robot,1790470420.51,0.000,-0.000,0.55
robot,1790470421.01,0.000,-0.000,0.54
robot,1790470421.51,0.000,-0.000,0.55
robot,1790470422.01,0.000,-0.000,0.53
robot,1790470422.51,0.000,-0.000,0.52
robot,1790470423.01,0.000,-0.000,0.52
robot,1790470423.51,0.000,-0.000,0.50
robot,1790470424.01,0.000,-0.000,0.50
robot,1790470424.51,0.000,-0.000,0.50
robot,1790470425.01,0.000,-0.000,0.50
robot,1790470425.51,0.000,-0.000,0.51
robot,1790470426.01,0.000,-0.000,0.54
robot,1790470426.51,0.000,-0.000,0.54
robot,1790470427.01,0.000,-0.000,0.52
robot,1790470427.51,0.000,-0.000,0.53
robot,1790470428.01,0.000,-0.000,0.53
robot,1790470428.51,0.000,-0.000,0.53
robot,1790470429.01,0.000,-0.000,0.54
robot,1790470429.51,0.000,-0.000,0.55
robot,1790470430.01,0.000,-0.000,0.56
robot,1790470430.51,0.000,-0.000,0.56
robot,1790470431.01,0.000,-0.000,0.57
robot,1790470431.51,0.000,-0.000,0.57
robot,1790470432.01,0.000,-0.000,0.57
robot,1790470432.51,0.000,-0.000,0.56
robot,1790470433.01,0.000,-0.000,0.54
robot,1790470433.51,0.000,-0.000,0.53
robot,1790470434.01,0.000,-0.000,0.53
robot,1790470434.51,0.000,-0.000,0.53
robot,1790470435.01,0.000,-0.000,0.51
robot,1790470435.51,0.000,-0.000,0.50
robot,1790470436.01,0.000,-0.000,0.49
robot,1790470436.51,0.000,-0.000,0.49
robot,1790470437.01,0.000,-0.000,0.48
robot,1790470437.51,0.000,-0.000,0.46
robot,1790470438.01,0.000,-0.000,0.45
robot,1790470438.51,0.000,-0.000,0.45
robot,1790470439.01,0.000,-0.000,0.46
robot,1790470439.51,0.000,-0.000,0.46
robot,1790470440.01,0.000,-0.000,0.47
robot,1790470440.51,0.000,-0.000,0.47
robot,1790470441.01,0.000,-0.000,0.46
robot,1790470441.51,0.000,-0.000,0.46
robot,1790470442.01,0.000,-0.000,0.47
robot,1790470442.51,0.000,-0.000,0.46
robot,1790470443.01,0.000,-0.000,0.45
robot,1790470443.51,0.000,-0.000,0.46
robot,1790470444.01,0.000,-0.000,0.47
robot,1790470444.51,0.000,-0.000,0.47
robot,1790470445.01,0.000,-0.000,0.46
robot,1790470445.51,0.000,-0.000,0.48
robot,1790470446.01,0.000,-0.000,0.49
robot,1790470446.51,0.000,-0.000,0.50
robot,1790470447.01,0.000,-0.000,0.49
robot,1790470447.51,0.000,-0.000,0.49
robot,1790470448.01,0.000,-0.000,0.48
robot,1790470448.51,0.000,-0.000,0.46
robot,1790470449.01,0.000,-0.000,0.48
robot,1790470449.51,0.000,-0.000,0.46
robot,1790470450.01,0.000,-0.000,0.47
robot,1790470450.51,0.000,-0.000,0.48
robot,1790470451.01,0.000,-0.000,0.48
robot,1790470451.51,0.000,-0.000,0.46
robot,1790470452.01,0.000,-0.000,0.48
robot,1790470452.51,0.000,-0.000,0.46
robot,1790470453.01,0.000,-0.000,0.49
robot,1790470453.51,0.000,-0.000,0.50
robot,1790470454.01,0.000,-0.000,0.50
robot,1790470454.51,0.000,-0.000,0.49
robot,1790470455.01,0.000,-0.000,0.48
robot,1790470455.51,0.000,-0.000,0.48
robot,1790470456.01,0.000,-0.000,0.48
robot,1790470456.51,0.000,-0.000,0.48
robot,1790470457.01,0.000,-0.000,0.48
robot,1790470457.51,0.000,-0.000,0.50
robot,1790470458.01,0.000,-0.000,0.51
robot,1790470458.51,0.000,-0.000,0.49
robot,1790470459.01,0.000,-0.000,0.50
robot,1790470459.51,0.000,-0.000,0.51
robot,1790470460.01,0.000,-0.000,0.53
robot,1790470460.51,0.000,-0.000,0.54
robot,1790470461.01,0.000,-0.000,0.52
robot,1790470461.51,0.000,-0.000,0.53
robot,1790470462.01,0.000,-0.000,0.54
robot,1790470462.51,0.000,-0.000,0.55
robot,1790470463.01,0.000,-0.000,0.54
robot,1790470463.51,0.000,-0.000,0.56
robot,1790470464.01,0.000,-0.000,0.56
robot,1790470464.51,0.000,-0.000,0.56
robot,1790470465.01,0.000,-0.000,0.57
robot,1790470465.51,0.000,-0.000,0.57
robot,1790470466.01,0.000,-0.000,0.58
robot,1790470466.51,0.000,-0.000,0.57
robot,1790470467.01,0.000,-0.000,0.59
robot,1790470467.51,0.000,-0.000,0.59
robot,1790470468.01,0.000,-0.000,0.60
robot,1790470468.51,0.000,-0.000,0.60
robot,1790470469.01,0.000,-0.000,0.58
robot,1790470469.51,0.000,-0.000,0.59
robot,1790470470.01,0.000,-0.000,0.60
robot,1790470470.51,0.000,-0.000,0.60
robot,1790470471.01,0.000,-0.000,0.59
robot,1790470471.51,0.014,0.000,0.61
robot,1790470472.01,0.061,0.001,0.61
robot,1790470472.51,0.100,0.001,0.65
robot,1790470473.01,0.155,0.002,0.67
robot,1790470473.51,0.206,0.002,0.67
robot,1790470474.01,0.244,0.003,0.67
robot,1790470474.51,0.248,0.003,0.68
robot,1790470475.01,0.248,0.003,0.70
robot,1790470475.51,0.248,0.003,-1.91
robot,1790470476.01,0.248,0.003,-9.24
robot,1790470476.51,0.249,0.003,-16.48
robot,1790470477.01,0.248,0.003,-23.68
robot,1790470477.51,0.249,0.003,-30.77
robot,1790470478.01,0.249,0.002,-37.89
robot,1790470478.51,0.248,0.003,-45.12
robot,1790470479.01,0.248,0.003,-52.31
robot,1790470479.51,0.249,0.003,-59.56
robot,1790470480.01,0.249,0.003,-66.74
robot,1790470480.51,0.249,0.002,-73.79
robot,1790470481.01,0.249,0.002,-80.60
robot,1790470481.51,0.249,0.003,-87.32
robot,1790470482.01,0.249,0.003,-92.86
robot,1790470482.51,0.249,0.002,-95.28
robot,1790470483.01,0.249,0.003,-95.22
robot,1790470483.51,0.249,0.003,-95.22
robot,1790470484.01,0.249,0.003,-95.21
robot,1790470484.51,0.249,0.003,-95.18
robot,1790470485.01,0.249,0.003,-95.16
robot,1790470485.51,0.249,0.003,-95.15
robot,1790470486.01,0.249,0.003,-95.16
robot,1790470486.51,0.249,0.003,-95.16
robot,1790470487.01,0.249,0.003,-95.15
robot,1790470487.51,0.249,0.003,-95.15
robot,1790470488.01,0.249,0.003,-95.13
robot,1790470488.51,0.249,0.003,-95.14
robot,1790470489.01,0.249,0.003,-95.11
robot,1790470489.51,0.248,-0.010,-95.19
robot,1790470490.01,0.241,-0.080,-95.20
robot,1790470490.51,0.234,-0.160,-95.21
robot,1790470491.01,0.227,-0.240,-95.21
robot,1790470491.51,0.219,-0.320,-95.27
robot,1790470492.01,0.212,-0.404,-95.26
robot,1790470492.51,0.204,-0.490,-95.24
robot,1790470493.01,0.196,-0.574,-95.24
robot,1790470493.51,0.188,-0.658,-95.21
robot,1790470494.01,0.180,-0.743,-95.20
robot,1790470494.51,0.173,-0.827,-95.19
robot,1790470495.01,0.165,-0.914,-95.16
robot,1790470495.51,0.158,-0.997,-95.10
robot,1790470496.01,0.150,-1.081,-95.07
robot,1790470496.51,0.143,-1.166,-95.03
robot,1790470497.01,0.135,-1.250,-95.00
robot,1790470497.51,0.128,-1.336,-94.98
robot,1790470498.01,0.120,-1.421,-94.95
robot,1790470498.51,0.113,-1.505,-94.93
robot,1790470499.01,0.106,-1.590,-94.90
robot,1790470499.51,0.098,-1.675,-94.88
robot,1790470500.01,0.091,-1.758,-94.88
robot,1790470500.51,0.084,-1.843,-94.84
robot,1790470501.01,0.077,-1.928,-94.80
robot,1790470501.51,0.070,-2.014,-94.77
robot,1790470502.01,0.063,-2.098,-94.76
robot,1790470502.51,0.056,-2.183,-94.74
robot,1790470503.01,0.049,-2.268,-94.70
robot,1790470503.51,0.042,-2.353,-94.65
robot,1790470504.01,0.035,-2.437,-94.63
robot,1790470504.51,0.028,-2.522,-94.60
robot,1790470505.01,0.021,-2.606,-94.61
robot,1790470505.51,0.014,-2.692,-94.60
robot,1790470506.01,0.008,-2.777,-94.54
robot,1790470506.51,0.001,-2.862,-94.51
robot,1790470507.01,-0.006,-2.949,-94.47
robot,1790470507.51,-0.013,-3.033,-94.42
robot,1790470508.01,-0.019,-3.118,-94.39
robot,1790470508.51,-0.026,-3.202,-94.36
robot,1790470509.01,-0.032,-3.287,-94.32
robot,1790470509.51,-0.034,-3.319,-94.30
robot,1790470510.01,-0.034,-3.318,-93.71
robot,1790470510.51,-0.034,-3.319,-91.35
robot,1790470511.01,-0.034,-3.319,-89.13
robot,1790470511.51,-0.034,-3.328,-89.43
robot,1790470512.01,-0.033,-3.409,-89.22
robot,1790470512.51,-0.032,-3.504,-89.17
robot,1790470513.01,-0.031,-3.597,-89.18
robot,1790470513.51,-0.030,-3.660,-89.04
robot,1790470514.01,-0.029,-3.691,-89.08
robot,1790470514.51,-0.028,-3.721,-88.97
robot,1790470515.01,-0.028,-3.750,-88.98
robot,1790470515.51,-0.027,-3.780,-88.93
robot,1790470516.01,-0.026,-3.831,-88.85
robot,1790470516.51,-0.025,-3.902,-88.89
robot,1790470517.01,-0.023,-3.990,-88.78
robot,1790470517.51,-0.021,-4.096,-88.68
robot,1790470518.01,-0.018,-4.207,-88.71
robot,1790470518.51,-0.016,-4.317,-88.60
robot,1790470519.01,-0.013,-4.424,-88.58
robot,1790470519.51,-0.010,-4.535,-88.53
robot,1790470520.01,-0.008,-4.645,-88.51
robot,1790470520.51,-0.005,-4.757,-88.44
robot,1790470521.01,-0.001,-4.871,-88.43
robot,1790470521.51,0.002,-4.992,-88.39
robot,1790470522.01,0.005,-5.114,-88.28
robot,1790470522.51,0.009,-5.244,-88.22
robot,1790470523.01,0.013,-5.375,-88.18
robot,1790470523.51,0.018,-5.504,-88.10
robot,1790470524.01,0.022,-5.637,-88.03
robot,1790470524.51,0.027,-5.772,-87.92
robot,1790470525.01,0.032,-5.909,-87.95
robot,1790470525.51,0.037,-6.043,-87.91
robot,1790470526.01,0.042,-6.181,-87.78
robot,1790470526.51,0.047,-6.314,-87.70
robot,1790470527.01,0.053,-6.447,-87.65
robot,1790470527.51,0.058,-6.584,-87.62
robot,1790470528.01,0.064,-6.720,-87.56
robot,1790470528.51,0.070,-6.855,-87.57
robot,1790470529.01,0.075,-6.986,-87.50
robot,1790470529.51,0.081,-7.116,-87.45
robot,1790470530.01,0.087,-7.247,-87.33
robot,1790470530.51,0.093,-7.375,-87.34
robot,1790470531.01,0.099,-7.505,-87.25
robot,1790470531.51,0.105,-7.635,-87.22
robot,1790470532.01,0.112,-7.766,-87.13
robot,1790470532.51,0.118,-7.898,-87.13
robot,1790470533.01,0.125,-8.027,-87.13
robot,1790470533.51,0.131,-8.157,-87.10
robot,1790470534.01,0.138,-8.287,-86.98
robot,1790470534.51,0.145,-8.417,-86.97
robot,1790470535.01,0.152,-8.545,-86.90
robot,1790470535.51,0.159,-8.677,-86.87
robot,1790470536.01,0.166,-8.806,-86.82
robot,1790470536.51,0.173,-8.935,-86.80
robot,1790470537.01,0.181,-9.065,-86.79
robot,1790470537.51,0.188,-9.196,-86.73
robot,1790470538.01,0.196,-9.324,-86.63
robot,1790470538.51,0.203,-9.455,-86.57
robot,1790470539.01,0.211,-9.584,-86.52
robot,1790470539.51,0.219,-9.717,-86.44
robot,1790470540.01,0.227,-9.846,-86.40
robot,1790470540.52,0.236,-9.979,-86.36
robot,1790470541.01,0.244,-10.106,-86.34
robot,1790470542.13,0.264,-10.409,-86.18
robot,1790470542.51,0.271,-10.512,-86.14
robot,1790470543.01,0.280,-10.646,-86.05
robot,1790470543.51,0.289,-10.778,-86.01
robot,1790470544.01,0.298,-10.908,-85.89
robot,1790470544.51,0.308,-11.034,-85.38
robot,1790470545.01,0.319,-11.164,-84.84
robot,1790470545.51,0.331,-11.293,-84.23
robot,1790470546.01,0.345,-11.424,-83.83
robot,1790470546.51,0.359,-11.553,-83.73
robot,1790470547.01,0.373,-11.680,-83.60
robot,1790470547.51,0.388,-11.812,-83.56
robot,1790470548.01,0.402,-11.941,-83.45
robot,1790470548.51,0.417,-12.072,-83.48
robot,1790470549.01,0.432,-12.200,-83.39
robot,1790470549.51,0.447,-12.329,-83.36
robot,1790470550.01,0.463,-12.462,-83.22
robot,1790470550.51,0.478,-12.589,-83.28
robot,1790470551.01,0.493,-12.715,-83.14
robot,1790470551.51,0.509,-12.847,-83.11
robot,1790470552.01,0.524,-12.976,-83.05
robot,1790470552.51,0.540,-13.105,-83.02
robot,1790470553.01,0.556,-13.233,-82.91
robot,1790470553.51,0.573,-13.372,-82.89
robot,1790470554.01,0.591,-13.512,-82.88
robot,1790470554.51,0.608,-13.650,-82.78
robot,1790470555.01,0.625,-13.783,-82.68
robot,1790470555.51,0.641,-13.906,-82.67
robot,1790470556.01,0.658,-14.034,-82.60
robot,1790470556.51,0.675,-14.167,-82.78
robot,1790470557.01,0.684,-14.280,-88.66
robot,1790470557.51,0.687,-14.391,-88.89
robot,1790470558.01,0.689,-14.501,-88.90
robot,1790470558.51,0.691,-14.609,-88.92
robot,1790470559.81,0.696,-14.871,-88.94
robot,1790470560.01,0.696,-14.911,-88.94
robot,1790470560.51,0.698,-15.013,-88.89
robot,1790470561.01,0.700,-15.114,-88.88
robot,1790470561.51,0.702,-15.213,-88.86
robot,1790470562.01,0.704,-15.314,-88.79
robot,1790470562.51,0.707,-15.413,-88.74
robot,1790470563.01,0.709,-15.510,-88.73
robot,1790470563.51,0.711,-15.610,-88.65
robot,1790470564.01,0.713,-15.708,-88.64
robot,1790470564.51,0.714,-15.738,-88.68
robot,1790470565.01,0.714,-15.738,-88.64
robot,1790470565.51,0.714,-15.738,-88.63
robot,1790470566.01,0.714,-15.738,-88.62
robot,1790470566.51,0.714,-15.738,-88.60
robot,1790470567.01,0.714,-15.737,-86.58
robot,1790470567.51,0.714,-15.737,-78.25
robot,1790470568.01,0.714,-15.736,-69.39
robot,1790470568.51,0.714,-15.738,-60.44
robot,1790470569.01,0.714,-15.738,-51.78
robot,1790470569.51,0.714,-15.738,-43.24
robot,1790470570.01,0.715,-15.738,-34.66
robot,1790470570.51,0.714,-15.737,-26.06
robot,1790470571.01,0.714,-15.738,-17.56
robot,1790470571.51,0.714,-15.738,-9.10
robot,1790470572.01,0.714,-15.738,-1.32
robot,1790470572.51,0.715,-15.738,-0.82
robot,1790470573.01,0.715,-15.738,-0.84
robot,1790470573.51,0.715,-15.738,-0.85
robot,1790470574.01,0.715,-15.738,-0.86
robot,1790470574.51,0.715,-15.738,-0.86
robot,1790470575.01,0.715,-15.738,-0.84
robot,1790470575.51,0.715,-15.738,-0.85
robot,1790470576.01,0.715,-15.738,-0.87
robot,1790470576.51,0.715,-15.738,-0.90
robot,1790470577.01,0.715,-15.738,-0.91
robot,1790470577.51,0.715,-15.738,-0.90
robot,1790470578.01,0.715,-15.738,-0.68
robot,1790470578.51,0.714,-15.738,9.32
robot,1790470579.01,0.714,-15.738,19.55
robot,1790470579.51,0.714,-15.738,29.70
robot,1790470580.01,0.714,-15.738,40.09
robot,1790470580.51,0.715,-15.737,50.52
robot,1790470581.01,0.715,-15.737,61.10
robot,1790470581.51,0.715,-15.737,71.81
robot,1790470582.01,0.714,-15.739,82.53
robot,1790470582.51,0.714,-15.738,91.36
robot,1790470583.01,0.714,-15.738,95.26
robot,1790470583.51,0.714,-15.738,95.22
robot,1790470584.01,0.714,-15.738,95.21
robot,1790470584.51,0.714,-15.738,95.21
robot,1790470585.01,0.714,-15.738,95.21
robot,1790470585.51,0.714,-15.738,95.21
robot,1790470586.01,0.714,-15.738,95.21
robot,1790470586.51,0.714,-15.738,95.19
robot,1790470587.01,0.714,-15.738,95.19
robot,1790470587.51,0.714,-15.738,96.32
robot,1790470588.01,0.714,-15.738,105.67
robot,1790470588.51,0.714,-15.738,115.41
robot,1790470589.01,0.715,-15.739,125.00
robot,1790470589.51,0.715,-15.739,134.68
robot,1790470590.01,0.715,-15.738,144.05
robot,1790470590.51,0.713,-15.738,153.39
robot,1790470591.01,0.713,-15.738,163.11
robot,1790470591.51,0.715,-15.738,172.88
robot,1790470592.01,0.714,-15.738,182.79
robot,1790470592.51,0.714,-15.738,189.09
robot,1790470593.01,0.714,-15.738,189.05
robot,1790470593.51,0.714,-15.738,189.06
robot,1790470594.01,0.714,-15.738,189.07
robot,1790470594.51,0.714,-15.738,189.08
robot,1790470595.01,0.714,-15.738,189.06
robot,1790470595.51,0.714,-15.738,189.07
robot,1790470596.01,0.714,-15.738,189.07
robot,1790470596.51,0.714,-15.738,189.06
robot,1790470597.01,0.714,-15.738,189.07
robot,1790470597.51,0.714,-15.738,189.18
robot,1790470598.01,0.714,-15.738,191.27
robot,1790470598.51,0.714,-15.738,197.86
robot,1790470599.01,0.714,-15.738,205.54
robot,1790470599.51,0.714,-15.738,213.11
robot,1790470600.01,0.714,-15.738,220.73
robot,1790470600.51,0.714,-15.737,228.43
robot,1790470601.01,0.715,-15.737,236.17
robot,1790470601.51,0.714,-15.737,244.11
robot,1790470602.01,0.714,-15.737,252.03
robot,1790470602.51,0.714,-15.739,259.95
robot,1790470603.01,0.714,-15.738,267.79
robot,1790470603.51,0.714,-15.738,271.40
robot,1790470604.01,0.714,-15.738,271.36
robot,1790470604.51,0.714,-15.738,271.37
robot,1790470605.01,0.714,-15.738,271.34
robot,1790470605.51,0.714,-15.738,271.34
robot,1790470606.01,0.714,-15.738,271.36
robot,1790470606.51,0.714,-15.738,271.36
robot,1790470607.01,0.714,-15.726,271.41
robot,1790470607.51,0.712,-15.666,271.41
robot,1790470608.01,0.710,-15.572,271.55
robot,1790470608.51,0.707,-15.478,271.51
robot,1790470609.01,0.705,-15.383,271.49
robot,1790470609.51,0.702,-15.289,271.46
robot,1790470610.01,0.700,-15.193,271.42
robot,1790470610.51,0.698,-15.097,271.39
robot,1790470611.01,0.695,-15.002,271.40
robot,1790470611.51,0.693,-14.908,271.35
robot,1790470612.01,0.691,-14.813,271.35
robot,1790470612.51,0.689,-14.717,271.34
robot,1790470613.01,0.686,-14.623,271.31
robot,1790470613.51,0.684,-14.528,271.33
robot,1790470614.01,0.682,-14.433,271.29
robot,1790470614.51,0.680,-14.335,271.29
robot,1790470615.01,0.678,-14.242,271.29
robot,1790470615.51,0.676,-14.148,271.28
robot,1790470616.01,0.674,-14.050,271.27
robot,1790470616.51,0.671,-13.956,271.24
robot,1790470617.01,0.669,-13.862,271.24
robot,1790470617.51,0.667,-13.764,271.25
robot,1790470618.01,0.665,-13.666,271.23
robot,1790470618.51,0.663,-13.565,271.22
robot,1790470619.01,0.661,-13.457,271.11
robot,1790470619.51,0.659,-13.343,271.12
robot,1790470620.01,0.656,-13.229,271.10
robot,1790470620.51,0.654,-13.113,271.05
robot,1790470621.01,0.652,-12.992,270.99
robot,1790470621.51,0.650,-12.872,270.97
robot,1790470622.01,0.648,-12.752,270.92
robot,1790470622.51,0.646,-12.632,270.90
robot,1790470623.01,0.644,-12.512,270.91
robot,1790470623.51,0.642,-12.392,270.87
robot,1790470624.01,0.640,-12.272,270.89
robot,1790470624.51,0.639,-12.151,270.83
robot,1790470625.01,0.637,-12.033,270.83
robot,1790470625.51,0.635,-11.913,270.81
robot,1790470626.01,0.633,-11.792,270.76
robot,1790470626.51,0.632,-11.672,270.74
robot,1790470627.01,0.630,-11.550,270.70
robot,1790470627.51,0.629,-11.431,270.71
robot,1790470628.01,0.627,-11.312,270.62
robot,1790470628.51,0.626,-11.193,270.59
robot,1790470629.01,0.625,-11.073,270.59
robot,1790470629.51,0.624,-10.952,270.59
robot,1790470630.01,0.623,-10.831,270.51
robot,1790470630.51,0.622,-10.712,270.49
robot,1790470631.01,0.621,-10.591,270.48
robot,1790470631.51,0.620,-10.472,270.38
robot,1790470632.01,0.619,-10.353,270.38
robot,1790470632.51,0.618,-10.231,270.33
robot,1790470633.01,0.617,-10.113,270.30
robot,1790470633.51,0.617,-9.991,270.22
robot,1790470634.01,0.616,-9.871,270.19
robot,1790470634.51,0.616,-9.751,270.14
robot,1790470635.01,0.616,-9.630,270.12
robot,1790470635.51,0.616,-9.510,270.07
robot,1790470636.01,0.615,-9.387,270.06
robot,1790470636.51,0.615,-9.262,270.10
robot,1790470637.01,0.615,-9.135,270.06
robot,1790470637.51,0.615,-9.011,270.07
robot,1790470638.01,0.615,-8.884,270.04
robot,1790470638.51,0.615,-8.759,269.98
robot,1790470639.01,0.615,-8.633,269.94
robot,1790470639.51,0.615,-8.505,269.89
robot,1790470640.01,0.615,-8.377,269.84
robot,1790470640.51,0.616,-8.245,269.76
robot,1790470641.01,0.616,-8.111,269.68
robot,1790470641.51,0.617,-7.973,269.75
robot,1790470642.01,0.618,-7.838,269.70
robot,1790470642.51,0.619,-7.705,269.65
robot,1790470643.01,0.619,-7.566,269.66
robot,1790470643.51,0.620,-7.424,269.64
robot,1790470644.01,0.622,-7.246,269.52
robot,1790470644.51,0.624,-7.047,269.50
robot,1790470645.01,0.625,-6.851,269.42
robot,1790470645.51,0.627,-6.686,269.37
robot,1790470646.01,0.629,-6.535,269.36
robot,1790470646.51,0.631,-6.386,269.28
robot,1790470647.01,0.633,-6.235,269.24
robot,1790470647.51,0.635,-6.088,269.17
robot,1790470648.01,0.637,-5.937,269.16
robot,1790470648.51,0.639,-5.791,269.11
robot,1790470649.01,0.642,-5.646,269.07
robot,1790470649.51,0.644,-5.501,269.04
robot,1790470650.01,0.647,-5.356,269.02
robot,1790470650.51,0.647,-5.208,270.90
robot,1790470651.01,0.642,-5.061,273.02
robot,1790470651.51,0.633,-4.915,273.59
robot,1790470652.01,0.624,-4.769,273.66
robot,1790470652.51,0.615,-4.625,273.83
robot,1790470653.01,0.605,-4.478,273.86
robot,1790470653.51,0.595,-4.334,273.90
robot,1790470654.02,0.585,-4.187,273.88
robot,1790470654.51,0.576,-4.052,273.84
robot,1790470655.01,0.567,-3.913,273.84
robot,1790470655.51,0.557,-3.770,273.84
robot,1790470656.01,0.549,-3.637,273.72
robot,1790470656.51,0.540,-3.508,273.66
robot,1790470657.01,0.532,-3.377,273.65
robot,1790470657.51,0.524,-3.248,273.62
robot,1790470658.01,0.515,-3.117,273.64
robot,1790470658.51,0.508,-2.994,273.55
robot,1790470659.01,0.500,-2.867,273.55
robot,1790470659.51,0.492,-2.743,273.64
robot,1790470660.01,0.484,-2.615,273.47
robot,1790470660.51,0.476,-2.481,273.55
robot,1790470661.01,0.467,-2.346,273.57
robot,1790470661.51,0.459,-2.210,273.53
robot,1790470662.01,0.451,-2.075,273.50
robot,1790470662.51,0.443,-1.941,273.46
robot,1790470663.01,0.434,-1.804,273.41
robot,1790470664.23,0.415,-1.479,273.29
robot,1790470664.51,0.411,-1.400,273.25
robot,1790470665.01,0.403,-1.269,273.27
robot,1790470665.51,0.395,-1.131,273.25
robot,1790470666.01,0.388,-0.996,273.20
robot,1790470666.51,0.378,-0.863,275.88
robot,1790470667.01,0.361,-0.737,279.69
robot,1790470667.51,0.336,-0.615,283.43
robot,1790470668.01,0.303,-0.494,287.17
robot,1790470668.51,0.262,-0.375,290.84
robot,1790470669.01,0.214,-0.262,296.70
robot,1790470669.51,0.154,-0.161,304.39
robot,1790470670.01,0.084,-0.071,312.02
robot,1790470670.51,0.071,-0.057,312.30
robot,1790470671.01,0.070,-0.056,316.21
robot,1790470671.51,0.070,-0.056,324.61
robot,1790470672.01,0.069,-0.055,333.22
robot,1790470672.51,0.067,-0.054,341.72
robot,1790470673.01,0.063,-0.053,350.42
robot,1790470673.51,0.061,-0.053,359.66
robot,1790470674.01,0.059,-0.053,363.43
robot,1790470674.51,0.059,-0.053,363.40
robot,1790470675.01,0.059,-0.053,363.39
robot,1790470675.51,0.059,-0.053,363.37
robot,1790470676.01,0.059,-0.053,363.37
robot,1790470676.51,0.059,-0.053,363.37
robot,1790470677.01,0.059,-0.053,363.37
robot,1790470677.51,0.059,-0.053,363.36
robot,1790470678.01,0.059,-0.053,363.35
robot,1790470678.51,0.069,-0.052,363.52
robot,1790470679.01,0.154,-0.047,363.58
robot,1790470679.51,0.243,-0.041,363.65
robot,1790470680.01,0.334,-0.036,363.74
robot,1790470680.51,0.417,-0.030,363.82
robot,1790470681.01,0.497,-0.025,363.90
robot,1790470681.51,0.576,-0.019,364.01
robot,1790470682.01,0.658,-0.014,364.06
robot,1790470682.51,0.737,-0.008,364.09
robot,1790470683.01,0.815,-0.002,364.12
robot,1790470683.51,0.895,0.004,364.17
robot,1790470684.01,0.975,0.009,364.20
robot,1790470684.51,1.056,0.015,364.24
robot,1790470685.01,1.135,0.021,364.28
robot,1790470685.51,1.215,0.027,364.34
robot,1790470686.01,1.297,0.034,364.39
robot,1790470686.51,1.382,0.040,364.44
robot,1790470687.01,1.466,0.047,364.49
robot,1790470687.51,1.561,0.054,364.50
robot,1790470688.01,1.663,0.062,364.61
robot,1790470688.51,1.753,0.070,364.62
robot,1790470689.01,1.842,0.077,364.64
robot,1790470689.51,1.924,0.083,364.65
robot,1790470690.01,2.003,0.090,364.66
robot,1790470690.51,2.079,0.096,364.71
robot,1790470691.01,2.153,0.102,364.73
robot,1790470691.51,2.233,0.109,364.77
robot,1790470692.01,2.320,0.116,364.84
robot,1790470692.51,2.404,0.123,364.87
robot,1790470693.01,2.477,0.130,364.90
robot,1790470693.51,2.551,0.136,364.91
robot,1790470694.01,2.629,0.143,364.96
robot,1790470694.51,2.708,0.149,365.01
robot,1790470695.01,2.771,0.155,365.02
robot,1790470695.51,2.832,0.160,364.99
robot,1790470696.01,2.897,0.166,364.99
robot,1790470696.51,2.961,0.172,365.02
robot,1790470697.01,3.027,0.177,365.09
robot,1790470697.51,3.091,0.183,365.13
robot,1790470698.01,3.155,0.189,365.17
robot,1790470698.51,3.220,0.195,365.20
robot,1790470699.01,3.282,0.200,365.21
robot,1790470699.51,3.343,0.206,365.21
robot,1790470700.01,3.402,0.211,365.26
robot,1790470700.51,3.476,0.218,365.27
robot,1790470701.01,3.561,0.226,365.22
robot,1790470701.51,3.643,0.232,362.01
robot,1790470702.01,3.726,0.234,361.66
robot,1790470702.51,3.811,0.237,361.59
robot,1790470703.01,3.896,0.239,361.57
robot,1790470703.51,3.983,0.241,361.53
robot,1790470704.01,4.069,0.244,361.57
robot,1790470704.51,4.159,0.246,361.52
robot,1790470705.01,4.255,0.249,361.55
robot,1790470706.25,4.497,0.256,361.65
robot,1790470706.51,4.549,0.257,361.65
robot,1790470707.01,4.648,0.260,361.71
robot,1790470707.51,4.748,0.263,361.72
robot,1790470708.01,4.849,0.266,361.73
robot,1790470708.51,4.951,0.269,361.77
robot,1790470709.01,5.055,0.272,361.80
robot,1790470709.51,5.162,0.276,361.86
robot,1790470710.01,5.271,0.279,361.94
robot,1790470710.51,5.382,0.283,362.01
robot,1790470711.01,5.494,0.287,362.05
robot,1790470711.51,5.604,0.291,362.11
robot,1790470712.01,5.713,0.295,362.10
robot,1790470712.51,5.824,0.299,362.17
robot,1790470713.01,5.935,0.304,362.19
robot,1790470713.51,6.044,0.308,362.24
robot,1790470714.01,6.153,0.312,362.30
robot,1790470714.51,6.263,0.317,362.37
robot,1790470715.01,6.374,0.321,362.41
robot,1790470715.51,6.484,0.326,362.46
robot,1790470716.01,6.593,0.331,362.52
robot,1790470716.51,6.703,0.336,362.58
robot,1790470717.01,6.814,0.341,362.64
robot,1790470717.51,6.923,0.346,362.67
robot,1790470718.01,7.033,0.351,362.71
robot,1790470718.51,7.143,0.356,362.75
robot,1790470719.01,7.251,0.361,362.84
robot,1790470719.51,7.361,0.367,362.85
robot,1790470720.01,7.472,0.372,362.93
robot,1790470720.51,7.581,0.378,362.91
robot,1790470721.01,7.691,0.384,363.01
robot,1790470721.51,7.801,0.390,363.01
robot,1790470722.01,7.911,0.395,363.07
robot,1790470722.51,8.022,0.401,363.07
robot,1790470723.01,8.130,0.407,363.15
robot,1790470723.51,8.239,0.413,363.17
robot,1790470724.01,8.349,0.419,363.24
robot,1790470724.51,8.459,0.426,363.29
robot,1790470725.01,8.571,0.432,363.34
robot,1790470725.51,8.680,0.438,363.34
robot,1790470726.01,8.788,0.445,363.41
robot,1790470726.51,8.898,0.451,363.45
robot,1790470727.01,9.008,0.458,363.48
robot,1790470727.51,9.120,0.465,363.46
robot,1790470728.01,9.231,0.472,363.55
robot,1790470728.51,9.340,0.478,363.56
robot,1790470729.01,9.447,0.485,363.62
robot,1790470729.51,9.534,0.491,363.63
robot,1790470730.01,9.566,0.493,363.63
robot,1790470730.51,9.566,0.493,363.63
robot,1790470731.01,9.567,0.493,368.45
robot,1790470731.51,9.566,0.493,375.97
robot,1790470732.01,9.566,0.492,383.64
robot,1790470732.51,9.567,0.493,391.41
robot,1790470733.01,9.566,0.492,399.48
robot,1790470733.51,9.567,0.493,407.60
robot,1790470734.01,9.567,0.493,415.94
robot,1790470734.51,9.567,0.493,424.34
robot,1790470735.01,9.567,0.494,432.81
robot,1790470735.51,9.567,0.493,441.33
robot,1790470736.01,9.567,0.493,449.93
robot,1790470736.51,9.567,0.493,458.45
robot,1790470737.01,9.567,0.493,460.75
robot,1790470737.51,9.567,0.493,460.73
robot,1790470738.01,9.567,0.493,460.71
robot,1790470738.51,9.572,0.464,460.73
robot,1790470739.01,9.584,0.400,460.82
robot,1790470739.87,9.598,0.330,460.85
robot,1790470740.01,9.597,0.331,460.84
robot,1790470740.51,9.597,0.331,460.84
robot,1790470741.01,9.597,0.331,460.85
robot,1790470741.51,9.597,0.331,460.86
robot,1790470742.01,9.597,0.331,460.86
robot,1790470742.51,9.597,0.331,460.86
robot,1790470743.01,9.604,0.299,460.79
robot,1790470743.51,9.611,0.260,460.85
robot,1790470744.01,9.611,0.260,460.86
robot,1790470744.51,9.611,0.260,460.87
robot,1790470745.01,9.611,0.260,460.86
robot,1790470745.51,9.611,0.260,460.87
robot,1790470746.01,9.611,0.260,460.88
robot,1790470746.51,9.611,0.260,460.85
robot,1790470747.01,9.611,0.260,461.88
robot,1790470747.51,9.611,0.259,468.83
robot,1790470748.01,9.611,0.259,476.14
robot,1790470748.51,9.611,0.260,483.34
robot,1790470749.01,9.611,0.259,490.07
robot,1790470749.51,9.612,0.259,496.79
robot,1790470750.01,9.611,0.260,504.37
robot,1790470750.51,9.611,0.260,511.22
robot,1790470751.01,9.611,0.259,515.33
robot,1790470751.51,9.611,0.259,515.18
robot,1790470752.01,9.611,0.259,515.17
robot,1790470752.51,9.611,0.259,515.16
robot,1790470753.01,9.611,0.260,515.53
robot,1790470753.51,9.611,0.259,519.33
robot,1790470754.01,9.612,0.259,523.33
robot,1790470754.51,9.611,0.260,527.34
robot,1790470755.01,9.611,0.260,531.38
robot,1790470755.51,9.611,0.260,535.45
robot,1790470756.01,9.611,0.260,539.51
robot,1790470756.51,9.611,0.260,543.44
robot,1790470757.01,9.611,0.259,545.06
robot,1790470757.51,9.611,0.259,545.06
robot,1790470758.01,9.611,0.259,545.05
robot,1790470758.51,9.611,0.259,545.03
robot,1790470759.01,9.611,0.259,545.03
robot,1790470759.51,9.611,0.259,545.02
robot,1790470760.01,9.611,0.259,545.04
robot,1790470760.51,9.605,0.259,545.15
robot,1790470761.01,9.532,0.252,545.25
robot,1790470761.51,9.448,0.245,545.27
robot,1790470762.01,9.378,0.238,545.46
robot,1790470762.51,9.333,0.234,545.40
robot,1790470763.01,9.271,0.228,545.54
robot,1790470763.51,9.188,0.220,545.56
robot,1790470764.01,9.104,0.212,545.65
robot,1790470764.51,9.034,0.205,545.71
robot,1790470765.01,8.969,0.198,545.76
robot,1790470765.51,8.899,0.191,545.79
robot,1790470766.01,8.830,0.184,545.84
robot,1790470766.51,8.760,0.177,545.89
robot,1790470767.01,8.690,0.170,545.91
robot,1790470767.51,8.620,0.162,545.97
robot,1790470768.01,8.559,0.156,545.91
robot,1790470768.51,8.500,0.150,545.98
robot,1790470769.01,8.434,0.143,546.02
robot,1790470769.51,8.358,0.135,546.06
robot,1790470770.01,8.274,0.126,546.05
robot,1790470770.51,8.191,0.117,546.04
robot,1790470771.01,8.118,0.109,546.08
robot,1790470771.51,8.044,0.101,546.12
robot,1790470772.01,7.956,0.092,546.18
robot,1790470772.51,7.868,0.083,546.22
robot,1790470773.01,7.779,0.073,546.26
robot,1790470773.51,7.691,0.063,546.29
robot,1790470774.01,7.601,0.053,546.31
robot,1790470774.51,7.511,0.043,546.39
robot,1790470775.01,7.422,0.033,546.42
robot,1790470775.51,7.333,0.023,546.42
robot,1790470776.01,7.243,0.013,546.45
robot,1790470776.51,7.152,0.003,546.47
robot,1790470777.01,7.064,-0.007,546.54
robot,1790470777.51,6.970,-0.018,546.56
robot,1790470778.01,6.877,-0.029,546.57
robot,1790470778.51,6.782,-0.040,546.64
robot,1790470779.01,6.689,-0.051,546.68
robot,1790470779.51,6.595,-0.062,546.69
robot,1790470780.01,6.504,-0.072,546.73
robot,1790470780.51,6.410,-0.084,546.79
robot,1790470781.01,6.318,-0.095,546.81
robot,1790470781.51,6.222,-0.106,546.80
robot,1790470782.01,6.130,-0.117,546.84
robot,1790470782.51,6.036,-0.128,546.92
robot,1790470783.01,5.940,-0.140,546.97
robot,1790470783.51,5.857,-0.150,547.00
robot,1790470784.01,5.781,-0.159,547.04
robot,1790470784.51,5.705,-0.169,547.08
robot,1790470785.01,5.621,-0.179,547.06
robot,1790470785.51,5.540,-0.189,546.22
robot,1790470786.01,5.457,-0.196,543.54
robot,1790470786.51,5.373,-0.201,543.52
robot,1790470787.01,5.286,-0.206,543.51
robot,1790470787.51,5.198,-0.212,543.49
robot,1790470788.01,5.111,-0.217,543.44
robot,1790470788.51,5.021,-0.223,543.43
robot,1790470789.01,4.934,-0.228,543.42
robot,1790470789.51,4.846,-0.233,543.47
robot,1790470790.01,4.759,-0.238,543.50
robot,1790470790.51,4.672,-0.244,543.54
robot,1790470791.01,4.583,-0.249,543.56
robot,1790470791.51,4.495,-0.255,543.48
robot,1790470792.01,4.408,-0.259,542.55
robot,1790470792.51,4.321,-0.263,542.10
robot,1790470793.01,4.231,-0.266,542.08
robot,1790470793.51,4.140,-0.269,542.06
robot,1790470794.01,4.050,-0.272,542.03
robot,1790470794.51,3.961,-0.276,542.01
robot,1790470795.01,3.871,-0.279,542.05
robot,1790470795.51,3.781,-0.282,542.13
robot,1790470796.01,3.693,-0.285,542.12
robot,1790470796.51,3.604,-0.289,542.13
robot,1790470797.01,3.513,-0.292,542.17
robot,1790470797.51,3.422,-0.296,542.20
robot,1790470798.01,3.331,-0.299,542.23
robot,1790470798.51,3.242,-0.303,542.24
robot,1790470799.01,3.154,-0.306,542.27
robot,1790470799.51,3.063,-0.310,542.30
robot,1790470800.01,2.974,-0.313,542.35
robot,1790470800.51,2.883,-0.317,542.35
robot,1790470801.01,2.794,-0.321,542.38
robot,1790470801.51,2.705,-0.324,542.45
robot,1790470802.01,2.614,-0.328,542.49
robot,1790470802.51,2.524,-0.332,542.53
robot,1790470803.01,2.436,-0.336,542.54
robot,1790470803.51,2.345,-0.340,542.59
robot,1790470804.01,2.256,-0.344,542.63
robot,1790470804.51,2.166,-0.349,542.70
robot,1790470805.01,2.076,-0.353,542.70
robot,1790470805.51,1.988,-0.357,542.74
robot,1790470806.01,1.900,-0.361,542.77
robot,1790470806.95,1.730,-0.370,542.84
robot,1790470807.01,1.719,-0.370,542.88
robot,1790470807.51,1.630,-0.375,542.90
robot,1790470808.01,1.532,-0.380,542.94
robot,1790470808.51,1.426,-0.385,543.00
robot,1790470809.01,1.328,-0.390,543.02
robot,1790470809.51,1.233,-0.395,543.04
robot,1790470810.01,1.138,-0.400,543.10
robot,1790470810.51,1.045,-0.405,543.13
robot,1790470811.01,0.960,-0.410,543.14
robot,1790470811.51,0.883,-0.414,543.21
robot,1790470812.01,0.808,-0.419,543.24
robot,1790470812.51,0.733,-0.423,543.28
robot,1790470813.01,0.657,-0.427,543.30
robot,1790470813.51,0.583,-0.432,543.34
robot,1790470814.01,0.508,-0.436,543.38
robot,1790470814.51,0.433,-0.440,543.41
robot,1790470815.01,0.358,-0.445,543.41
robot,1790470815.51,0.283,-0.449,543.46
robot,1790470816.01,0.208,-0.454,543.46
robot,1790470816.51,0.162,-0.457,543.50
robot,1790470817.01,0.162,-0.457,543.50
robot,1790470817.51,0.162,-0.457,543.58
robot,1790470818.01,0.162,-0.457,544.58
robot,1790470818.51,0.163,-0.457,547.68
robot,1790470819.01,0.163,-0.457,553.60
robot,1790470819.51,0.162,-0.457,560.42
robot,1790470820.01,0.163,-0.456,567.52
robot,1790470820.51,0.162,-0.457,574.53
robot,1790470821.01,0.162,-0.457,581.60
robot,1790470821.51,0.162,-0.457,588.60
robot,1790470822.01,0.162,-0.457,595.60
robot,1790470822.51,0.163,-0.456,602.50
robot,1790470823.01,0.162,-0.456,609.44
robot,1790470823.51,0.163,-0.456,616.35
robot,1790470824.01,0.162,-0.457,623.31
robot,1790470824.51,0.162,-0.457,630.33
robot,1790470825.01,0.162,-0.457,631.76
robot,1790470825.51,0.162,-0.457,631.75
robot,1790470826.01,0.162,-0.457,631.74
robot,1790470826.51,0.162,-0.457,631.73
robot,1790470827.01,0.162,-0.457,631.73
robot,1790470827.51,0.162,-0.457,631.74
robot,1790470828.01,0.163,-0.474,631.82
robot,1790470828.51,0.167,-0.588,631.95
robot,1790470829.01,0.171,-0.710,631.99
robot,1790470829.51,0.175,-0.830,632.13
robot,1790470830.01,0.180,-0.949,632.25
robot,1790470830.51,0.184,-1.065,632.24
robot,1790470831.01,0.189,-1.179,632.31
robot,1790470831.51,0.193,-1.291,632.34
robot,1790470832.01,0.198,-1.402,632.40
robot,1790470832.51,0.202,-1.512,632.43
robot,1790470833.01,0.207,-1.624,632.52
robot,1790470833.51,0.212,-1.734,632.51
robot,1790470834.01,0.217,-1.846,632.59
robot,1790470834.51,0.222,-1.955,632.58
robot,1790470835.01,0.227,-2.060,632.67
robot,1790470835.51,0.232,-2.161,632.71
robot,1790470836.01,0.236,-2.261,632.72
robot,1790470836.51,0.241,-2.361,632.81
robot,1790470837.01,0.246,-2.460,632.82
robot,1790470837.51,0.251,-2.559,632.87
robot,1790470838.01,0.256,-2.659,632.91
robot,1790470838.51,0.261,-2.761,632.92
robot,1790470839.01,0.266,-2.861,632.96
robot,1790470839.51,0.271,-2.960,632.98
robot,1790470840.01,0.277,-3.061,632.95
robot,1790470840.51,0.282,-3.159,633.06
robot,1790470841.01,0.287,-3.257,633.11
robot,1790470841.51,0.293,-3.361,633.09
robot,1790470842.01,0.298,-3.460,633.17
robot,1790470842.51,0.304,-3.559,633.18
robot,1790470843.01,0.309,-3.662,633.20
robot,1790470843.51,0.315,-3.767,633.25
robot,1790470844.01,0.321,-3.876,633.26
robot,1790470844.51,0.328,-3.985,633.31
robot,1790470845.65,0.342,-4.236,633.38
robot,1790470846.01,0.347,-4.313,633.39
robot,1790470846.51,0.354,-4.423,633.48
robot,1790470847.01,0.360,-4.534,633.52
robot,1790470847.51,0.367,-4.643,633.59
robot,1790470848.01,0.374,-4.755,633.58
robot,1790470848.51,0.381,-4.864,633.64
robot,1790470849.01,0.388,-4.974,633.66
robot,1790470849.51,0.395,-5.089,633.73
robot,1790470850.01,0.403,-5.205,633.74
robot,1790470850.51,0.411,-5.322,633.84
robot,1790470851.01,0.419,-5.442,633.89
robot,1790470851.51,0.428,-5.572,633.88
robot,1790470852.01,0.437,-5.701,633.97
robot,1790470852.51,0.446,-5.831,634.02
robot,1790470853.01,0.455,-5.959,634.07
robot,1790470853.51,0.464,-6.089,634.05
robot,1790470854.01,0.473,-6.220,634.15
robot,1790470854.51,0.483,-6.349,634.24
robot,1790470855.01,0.493,-6.480,634.30
robot,1790470855.51,0.502,-6.608,634.27
robot,1790470856.01,0.512,-6.740,634.38
robot,1790470856.51,0.522,-6.868,634.44
robot,1790470857.01,0.532,-6.997,634.49
robot,1790470857.51,0.542,-7.128,634.53
robot,1790470858.01,0.553,-7.256,634.60
robot,1790470858.51,0.563,-7.386,634.65
robot,1790470859.01,0.574,-7.515,634.61
robot,1790470860.03,0.589,-7.778,631.77
robot,1790470860.51,0.593,-7.901,631.67
robot,1790470861.01,0.597,-8.032,631.64
robot,1790470861.51,0.601,-8.160,631.62
robot,1790470862.01,0.604,-8.289,631.63
robot,1790470862.51,0.608,-8.420,631.66
robot,1790470863.01,0.612,-8.550,631.67
robot,1790470863.51,0.616,-8.682,631.74
robot,1790470864.63,0.625,-8.974,631.83
robot,1790470865.01,0.628,-9.070,631.83
robot,1790470865.51,0.632,-9.201,631.88
robot,1790470866.01,0.636,-9.330,631.96
robot,1790470866.51,0.641,-9.461,632.04
robot,1790470867.01,0.645,-9.577,632.02
robot,1790470867.51,0.649,-9.686,632.10
robot,1790470868.01,0.653,-9.799,632.14
robot,1790470868.51,0.657,-9.908,632.19
robot,1790470869.01,0.661,-10.017,632.24
robot,1790470869.51,0.666,-10.127,632.26
robot,1790470870.01,0.670,-10.236,632.29
robot,1790470870.51,0.675,-10.347,632.36
robot,1790470871.01,0.679,-10.455,632.42
robot,1790470871.51,0.683,-10.553,632.40
robot,1790470872.01,0.687,-10.648,632.44
robot,1790470872.51,0.691,-10.742,632.50
robot,1790470873.01,0.695,-10.836,632.52
robot,1790470873.51,0.700,-10.932,632.56
robot,1790470874.01,0.704,-11.027,632.62
robot,1790470874.51,0.708,-11.122,632.62
robot,1790470875.01,0.713,-11.217,632.65
robot,1790470875.51,0.717,-11.310,632.72
robot,1790470876.01,0.722,-11.408,632.77
robot,1790470876.51,0.726,-11.502,632.81
robot,1790470877.01,0.731,-11.596,632.84
robot,1790470877.51,0.736,-11.690,632.88
robot,1790470878.01,0.740,-11.784,632.89
robot,1790470878.51,0.745,-11.874,632.94
robot,1790470879.01,0.750,-11.964,632.96
robot,1790470879.51,0.754,-12.045,633.00
robot,1790470880.01,0.758,-12.121,633.01
robot,1790470880.51,0.762,-12.195,633.03
robot,1790470881.01,0.766,-12.268,633.06
robot,1790470881.51,0.770,-12.344,633.09
robot,1790470882.01,0.774,-12.420,633.13
robot,1790470882.51,0.778,-12.495,633.20
robot,1790470883.01,0.782,-12.569,633.23
robot,1790470883.51,0.786,-12.643,633.25
robot,1790470884.01,0.791,-12.718,633.29
robot,1790470884.51,0.795,-12.793,633.35
robot,1790470885.01,0.799,-12.867,633.38
robot,1790470885.51,0.804,-12.943,633.42
robot,1790470886.01,0.808,-13.018,633.44
robot,1790470886.51,0.813,-13.092,633.49
robot,1790470887.01,0.817,-13.168,633.51
robot,1790470887.51,0.822,-13.242,633.55
robot,1790470888.01,0.827,-13.317,633.57
robot,1790470888.51,0.831,-13.391,633.59
robot,1790470889.01,0.836,-13.466,633.61
robot,1790470889.51,0.841,-13.541,633.63
robot,1790470890.01,0.845,-13.615,633.66
robot,1790470890.51,0.850,-13.690,633.69
robot,1790470891.01,0.855,-13.765,633.71
robot,1790470891.51,0.860,-13.837,633.76
robot,1790470892.01,0.864,-13.904,633.81
robot,1790470892.51,0.868,-13.969,633.85
robot,1790470893.01,0.873,-14.033,633.87
robot,1790470893.51,0.877,-14.098,633.89
robot,1790470894.01,0.882,-14.164,633.92
robot,1790470894.51,0.886,-14.230,633.95
robot,1790470895.01,0.891,-14.293,633.95
robot,1790470895.51,0.895,-14.357,633.99
robot,1790470896.01,0.900,-14.422,634.03
robot,1790470896.51,0.904,-14.487,634.09
robot,1790470897.01,0.909,-14.551,634.12
robot,1790470897.51,0.913,-14.611,634.15
robot,1790470898.01,0.917,-14.671,634.16
robot,1790470898.51,0.922,-14.731,634.18
robot,1790470899.01,0.926,-14.791,634.22
robot,1790470899.51,0.930,-14.848,634.22
robot,1790470900.01,0.934,-14.902,634.25
robot,1790470900.51,0.936,-14.923,634.25
robot,1790470901.01,0.937,-14.941,634.29
robot,1790470901.51,0.941,-14.986,634.28
robot,1790470902.01,0.944,-15.036,634.31
robot,1790470902.51,0.948,-15.086,634.35
robot,1790470903.01,0.952,-15.136,634.35
robot,1790470903.51,0.956,-15.185,634.37
robot,1790470904.01,0.960,-15.236,634.39
robot,1790470904.51,0.964,-15.286,634.39
robot,1790470905.01,0.968,-15.338,634.43
robot,1790470905.51,0.971,-15.387,634.45
robot,1790470906.01,0.974,-15.418,634.43
robot,1790470906.51,0.974,-15.418,634.46
robot,1790470907.01,0.974,-15.417,636.55
robot,1790470907.51,0.974,-15.417,644.70
robot,1790470908.01,0.973,-15.417,652.69
robot,1790470908.51,0.974,-15.418,660.46
robot,1790470909.01,0.974,-15.418,668.10
robot,1790470909.51,0.973,-15.417,675.61
robot,1790470910.01,0.974,-15.418,683.18
robot,1790470910.51,0.974,-15.418,690.62
robot,1790470911.01,0.974,-15.418,698.08
robot,1790470911.51,0.973,-15.418,705.53
robot,1790470912.01,0.974,-15.418,712.94
robot,1790470912.51,0.973,-15.418,716.72
robot,1790470913.01,0.973,-15.418,716.68
robot,1790470913.51,0.973,-15.418,716.68
robot,1790470914.01,0.973,-15.418,716.69
robot,1790470914.51,0.973,-15.418,716.68
robot,1790470915.01,0.976,-15.418,716.81
robot,1790470915.51,1.021,-15.420,716.81
robot,1790470916.01,1.088,-15.424,716.93
robot,1790470916.51,1.141,-15.427,716.92
robot,1790470917.01,1.165,-15.428,716.94
robot,1790470917.51,1.185,-15.429,716.96
robot,1790470918.01,1.207,-15.430,717.01
robot,1790470918.51,1.238,-15.432,717.01
robot,1790470919.01,1.298,-15.435,717.04
robot,1790470919.51,1.355,-15.438,717.08
robot,1790470920.01,1.410,-15.441,717.13
robot,1790470920.51,1.467,-15.444,717.16
robot,1790470921.01,1.529,-15.447,717.16
robot,1790470921.51,1.593,-15.450,717.23
robot,1790470922.01,1.659,-15.453,717.27
robot,1790470922.51,1.723,-15.456,717.32
robot,1790470923.01,1.790,-15.459,717.37
robot,1790470923.51,1.856,-15.462,717.40
robot,1790470924.01,1.922,-15.465,717.45
robot,1790470924.51,2.000,-15.469,717.48
robot,1790470925.01,2.078,-15.472,717.48
robot,1790470925.51,2.157,-15.476,717.51
robot,1790470926.01,2.233,-15.479,717.56
robot,1790470926.51,2.307,-15.482,717.61
robot,1790470927.01,2.382,-15.485,717.66
robot,1790470927.51,2.454,-15.488,717.73
robot,1790470928.01,2.523,-15.491,717.76
robot,1790470928.51,2.593,-15.493,717.79
robot,1790470929.01,2.663,-15.496,717.80
robot,1790470929.51,2.734,-15.499,717.83
robot,1790470930.01,2.803,-15.501,717.86
robot,1790470930.51,2.873,-15.504,717.89
robot,1790470931.01,2.943,-15.507,717.90
robot,1790470931.51,3.013,-15.509,717.92
robot,1790470932.01,3.082,-15.512,717.95
robot,1790470932.51,3.152,-15.514,717.94
robot,1790470933.01,3.223,-15.517,717.93
robot,1790470933.51,3.294,-15.519,717.95
robot,1790470934.01,3.364,-15.522,717.99
robot,1790470934.51,3.434,-15.524,718.02
robot,1790470935.01,3.510,-15.527,718.07
robot,1790470935.51,3.594,-15.529,718.10
robot,1790470936.01,3.683,-15.532,718.15
robot,1790470936.51,3.773,-15.535,718.19
robot,1790470937.01,3.862,-15.538,718.20
robot,1790470937.51,3.953,-15.541,718.22
robot,1790470938.01,4.042,-15.544,718.26
robot,1790470938.51,4.117,-15.546,718.27
robot,1790470939.01,4.195,-15.548,718.28
robot,1790470939.51,4.293,-15.551,718.34
robot,1790470940.01,4.392,-15.554,718.36
robot,1790470940.51,4.502,-15.557,718.45
robot,1790470941.01,4.619,-15.560,718.51
robot,1790470941.51,4.735,-15.563,718.56
robot,1790470942.01,4.856,-15.566,718.61
robot,1790470942.51,4.987,-15.569,718.69
robot,1790470943.01,5.111,-15.572,718.72
robot,1790470943.51,5.229,-15.575,718.76
robot,1790470944.01,5.351,-15.577,718.83
robot,1790470944.51,5.472,-15.580,718.92
robot,1790470945.01,5.595,-15.582,718.95
robot,1790470945.51,5.717,-15.584,719.00
robot,1790470946.01,5.840,-15.586,719.09
robot,1790470946.51,5.959,-15.588,719.13
robot,1790470947.01,6.079,-15.590,719.14
robot,1790470947.51,6.199,-15.592,719.20
robot,1790470948.01,6.321,-15.593,719.21
robot,1790470948.51,6.441,-15.595,719.28
robot,1790470949.01,6.562,-15.596,719.37
robot,1790470949.51,6.681,-15.598,719.44
robot,1790470950.01,6.800,-15.599,719.52
robot,1790470955.49,8.086,-15.605,719.98
robot,1790470955.51,8.091,-15.605,719.98
robot,1790470956.01,8.205,-15.605,720.01
robot,1790470956.51,8.323,-15.605,720.03
robot,1790470957.01,8.442,-15.604,720.05
robot,1790470957.51,8.564,-15.604,720.15
robot,1790470958.01,8.684,-15.604,720.18
robot,1790470958.51,8.803,-15.603,720.25
robot,1790470959.01,8.924,-15.603,720.28
robot,1790470959.51,9.045,-15.602,720.32
robot,1790470960.01,9.163,-15.602,720.36
robot,1790470960.51,9.286,-15.601,720.37
robot,1790470961.01,9.406,-15.600,720.39
robot,1790470961.51,9.526,-15.599,720.47
robot,1790470962.01,9.646,-15.598,720.51
robot,1790470962.51,9.764,-15.597,720.55
robot,1790470963.01,9.862,-15.596,720.52
robot,1790470963.51,9.863,-15.596,720.58
robot,1790470964.01,9.864,-15.596,722.37
robot,1790470964.51,9.863,-15.596,734.82
robot,1790470965.01,9.864,-15.596,747.87
robot,1790470965.51,9.864,-15.596,760.75
robot,1790470966.01,9.864,-15.596,774.10
robot,1790470966.51,9.864,-15.596,788.02
robot,1790470967.01,9.864,-15.594,802.72
robot,1790470967.51,9.864,-15.595,812.85
robot,1790470968.01,9.864,-15.594,812.82
robot,1790470968.51,9.864,-15.594,812.79
robot,1790470969.01,9.864,-15.594,812.78
robot,1790470969.51,9.864,-15.594,812.77
robot,1790470970.01,9.864,-15.594,812.78
robot,1790470970.51,9.864,-15.594,812.84
robot,1790470971.01,9.864,-15.594,815.32
robot,1790470971.51,9.864,-15.594,822.46
robot,1790470972.01,9.864,-15.594,829.64
robot,1790470972.51,9.864,-15.595,836.78
robot,1790470973.01,9.864,-15.594,843.81
robot,1790470973.51,9.864,-15.594,850.90
robot,1790470974.01,9.864,-15.594,858.04
robot,1790470974.51,9.864,-15.594,865.06
robot,1790470975.01,9.863,-15.594,872.10
robot,1790470975.51,9.863,-15.594,879.00
robot,1790470976.01,9.864,-15.594,885.91
robot,1790470976.51,9.865,-15.594,893.05
robot,1790470977.01,9.864,-15.594,900.13
robot,1790470977.51,9.863,-15.594,901.87
robot,1790470978.01,9.863,-15.594,901.83
robot,1790470978.51,9.863,-15.594,901.83
robot,1790470979.01,9.863,-15.594,901.83
robot,1790470979.51,9.863,-15.594,901.84
robot,1790470980.01,9.863,-15.594,901.83
robot,1790470980.51,9.863,-15.594,901.83
robot,1790470981.01,9.863,-15.594,901.84
robot,1790470981.51,9.862,-15.594,901.81
robot,1790470982.01,9.862,-15.594,901.81
robot,1790470982.51,9.862,-15.594,901.82
robot,1790470983.01,9.862,-15.594,901.83
robot,1790470983.51,9.835,-15.595,902.00
robot,1790470984.01,9.771,-15.597,902.02
robot,1790470984.51,9.707,-15.599,902.10
robot,1790470985.01,9.638,-15.602,902.17
robot,1790470985.51,9.569,-15.605,902.23
robot,1790470986.01,9.497,-15.607,902.27
robot,1790470986.51,9.416,-15.611,902.34
robot,1790470987.01,9.326,-15.614,902.43
robot,1790470987.51,9.236,-15.618,902.50
robot,1790470988.01,9.147,-15.622,902.53
robot,1790470988.51,9.057,-15.626,902.60
robot,1790470989.01,8.966,-15.630,902.66
robot,1790470989.51,8.877,-15.635,902.70
robot,1790470990.01,8.786,-15.639,902.72
robot,1790470990.51,8.683,-15.644,902.74
robot,1790470991.01,8.574,-15.649,902.86
robot,1790470991.51,8.464,-15.655,902.85
robot,1790470992.01,8.354,-15.660,902.93
robot,1790470992.51,8.242,-15.666,902.97
robot,1790470993.01,8.132,-15.672,903.01
robot,1790470993.51,8.023,-15.678,903.03
robot,1790470994.01,7.914,-15.683,903.08
robot,1790470994.51,7.803,-15.689,903.10
robot,1790470995.01,7.695,-15.695,903.15
robot,1790470995.51,7.584,-15.701,903.16
robot,1790470996.01,7.475,-15.708,903.29
robot,1790470996.51,7.365,-15.714,903.28
robot,1790470997.01,7.252,-15.720,903.35
robot,1790470997.51,7.144,-15.727,903.35
robot,1790470998.01,7.035,-15.733,903.41
robot,1790470998.51,6.925,-15.740,903.44
robot,1790470999.01,6.815,-15.746,903.50
robot,1790470999.51,6.704,-15.753,903.53
robot,1790471000.01,6.595,-15.760,903.58
robot,1790471000.51,6.485,-15.767,903.64
robot,1790471001.01,6.374,-15.774,903.68
robot,1790471001.51,6.267,-15.781,903.70
robot,1790471002.01,6.157,-15.788,903.76
robot,1790471002.51,6.046,-15.795,903.78
robot,1790471003.01,5.937,-15.803,903.85
robot,1790471003.51,5.829,-15.810,903.84
robot,1790471004.01,5.716,-15.817,903.88
robot,1790471004.51,5.608,-15.825,903.92
robot,1790471005.01,5.496,-15.833,904.00
robot,1790471005.51,5.388,-15.840,904.06
robot,1790471006.01,5.279,-15.848,904.12
robot,1790471006.51,5.171,-15.856,904.15
robot,1790471007.01,5.061,-15.864,904.17
robot,1790471007.51,4.948,-15.872,904.20
robot,1790471008.01,4.839,-15.880,904.28
robot,1790471008.51,4.729,-15.888,904.29
robot,1790471009.01,4.620,-15.896,904.31
robot,1790471009.51,4.510,-15.905,904.36
robot,1790471010.01,4.403,-15.913,904.41
robot,1790471010.51,4.291,-15.922,904.47
robot,1790471011.01,4.180,-15.930,904.48
robot,1790471011.51,4.066,-15.939,904.51
robot,1790471012.01,3.951,-15.948,904.58
robot,1790471012.51,3.835,-15.958,904.58
robot,1790471013.01,3.719,-15.967,904.64
robot,1790471013.51,3.606,-15.976,904.64
robot,1790471014.01,3.493,-15.985,904.71
robot,1790471014.51,3.375,-15.995,904.74
robot,1790471015.01,3.260,-16.005,904.79
robot,1790471015.51,3.147,-16.014,904.81
robot,1790471016.01,3.030,-16.024,904.83
robot,1790471016.51,2.919,-16.033,904.85
robot,1790471017.01,2.803,-16.043,904.87
robot,1790471017.51,2.688,-16.053,904.91
robot,1790471018.01,2.573,-16.063,904.89
robot,1790471018.51,2.459,-16.073,904.98
robot,1790471019.01,2.344,-16.083,905.02
robot,1790471019.51,2.229,-16.093,905.09
robot,1790471020.01,2.113,-16.104,905.18
robot,1790471020.51,2.000,-16.114,905.20
robot,1790471021.01,1.886,-16.124,905.24
robot,1790471021.51,1.771,-16.135,905.26
robot,1790471022.01,1.657,-16.145,905.28
robot,1790471022.51,1.542,-16.156,905.26
robot,1790471023.01,1.427,-16.167,905.33
robot,1790471023.51,1.314,-16.177,905.37
robot,1790471024.01,1.198,-16.188,905.42
robot,1790471024.51,1.084,-16.199,905.48
robot,1790471025.01,0.969,-16.210,905.46
robot,1790471025.51,0.856,-16.221,905.53
robot,1790471026.01,0.742,-16.232,905.53
robot,1790471026.51,0.625,-16.243,905.58
robot,1790471027.01,0.510,-16.255,905.61
robot,1790471027.51,0.396,-16.266,905.67
robot,1790471028.01,0.281,-16.277,905.73
robot,1790471028.51,0.165,-16.289,905.76
robot,1790471029.01,0.051,-16.300,905.77
robot,1790471029.51,-0.064,-16.312,905.76
robot,1790471030.01,-0.180,-16.324,905.81
robot,1790471030.51,-0.296,-16.336,905.80
robot,1790471031.01,-0.404,-16.347,905.87
robot,1790471031.51,-0.501,-16.357,905.87
robot,1790471032.01,-0.589,-16.366,905.89
robot,1790471032.51,-0.678,-16.374,904.75
robot,1790471033.01,-0.765,-16.379,901.28
robot,1790471033.51,-0.865,-16.381,900.81
robot,1790471034.01,-0.974,-16.382,900.76
robot,1790471034.51,-1.076,-16.384,900.68
robot,1790471035.01,-1.176,-16.385,900.76
robot,1790471035.51,-1.276,-16.386,900.73
robot,1790471036.01,-1.372,-16.387,900.77
robot,1790471036.51,-1.465,-16.389,900.76
robot,1790471037.01,-1.556,-16.390,900.78
robot,1790471037.51,-1.646,-16.391,900.73
robot,1790471038.01,-1.736,-16.392,900.78
robot,1790471038.51,-1.825,-16.393,900.83
robot,1790471039.01,-1.914,-16.395,900.86
robot,1790471039.51,-2.002,-16.396,900.85
robot,1790471040.01,-2.088,-16.397,900.87
robot,1790471040.51,-2.176,-16.399,900.87
robot,1790471041.01,-2.260,-16.400,900.89
robot,1790471041.51,-2.343,-16.401,900.91
robot,1790471042.01,-2.424,-16.403,900.92
robot,1790471042.51,-2.504,-16.404,900.96
robot,1790471043.01,-2.595,-16.405,900.98
robot,1790471043.51,-2.689,-16.407,900.99
robot,1790471044.01,-2.783,-16.409,901.05
robot,1790471044.51,-2.878,-16.410,901.11
robot,1790471045.01,-2.974,-16.412,901.12
robot,1790471045.51,-3.068,-16.414,901.16
robot,1790471046.01,-3.165,-16.416,901.20
robot,1790471046.51,-3.266,-16.418,901.20
robot,1790471047.01,-3.373,-16.421,901.26
robot,1790471047.51,-3.478,-16.423,901.26
robot,1790471048.01,-3.583,-16.425,901.30
robot,1790471048.51,-3.688,-16.428,901.34
robot,1790471049.01,-3.793,-16.430,901.40
robot,1790471049.51,-3.899,-16.433,901.46
robot,1790471050.01,-4.011,-16.436,901.49
robot,1790471050.51,-4.125,-16.439,901.55
robot,1790471051.01,-4.234,-16.442,901.54
robot,1790471051.51,-4.345,-16.445,901.58
robot,1790471052.01,-4.455,-16.448,901.59
robot,1790471052.51,-4.566,-16.451,901.64
robot,1790471053.01,-4.675,-16.454,901.65
robot,1790471053.51,-4.784,-16.457,901.74
robot,1790471054.01,-4.896,-16.461,901.77
robot,1790471054.51,-5.005,-16.464,901.83
robot,1790471055.01,-5.114,-16.468,901.84
robot,1790471055.51,-5.226,-16.471,901.90
robot,1790471056.01,-5.334,-16.475,901.94
robot,1790471057.21,-5.598,-16.484,902.02
robot,1790471057.51,-5.665,-16.486,902.05
robot,1790471058.01,-5.775,-16.490,902.06
robot,1790471058.51,-5.872,-16.494,902.14
robot,1790471059.01,-5.964,-16.497,902.19
robot,1790471059.51,-6.045,-16.500,902.23
robot,1790471060.01,-6.120,-16.503,902.29
robot,1790471060.51,-6.196,-16.506,902.33
robot,1790471061.01,-6.270,-16.509,902.35
robot,1790471061.51,-6.346,-16.513,902.37
robot,1790471062.01,-6.420,-16.516,902.41
robot,1790471062.51,-6.495,-16.519,902.40
robot,1790471063.01,-6.570,-16.522,902.41
robot,1790471063.51,-6.641,-16.525,902.41
robot,1790471064.01,-6.656,-16.526,902.41
robot,1790471064.51,-6.656,-16.526,902.42
robot,1790471065.01,-6.657,-16.526,902.40
robot,1790471065.51,-6.657,-16.525,893.48
robot,1790471066.01,-6.656,-16.526,893.26
robot,1790471066.51,-6.656,-16.526,891.85
robot,1790471067.01,-6.656,-16.526,888.90
robot,1790471067.51,-6.657,-16.525,882.87
robot,1790471068.01,-6.656,-16.526,875.48
robot,1790471068.51,-6.656,-16.526,873.50
robot,1790471069.01,-6.656,-16.526,873.54
robot,1790471069.51,-6.656,-16.526,873.55
robot,1790471070.01,-6.655,-16.526,872.81
robot,1790471070.51,-6.656,-16.526,867.64
robot,1790471071.01,-6.656,-16.526,863.82
robot,1790471071.51,-6.656,-16.526,859.85
robot,1790471072.01,-6.656,-16.526,856.01
robot,1790471072.51,-6.656,-16.526,852.20
robot,1790471073.01,-6.656,-16.526,848.34
robot,1790471073.51,-6.656,-16.526,844.50
robot,1790471074.01,-6.656,-16.526,840.63
robot,1790471074.51,-6.656,-16.525,836.79
robot,1790471075.01,-6.656,-16.526,832.89
robot,1790471075.51,-6.656,-16.525,829.02
robot,1790471076.01,-6.656,-16.526,826.96
robot,1790471076.51,-6.656,-16.525,826.47
robot,1790471077.01,-6.656,-16.526,822.61
robot,1790471077.51,-6.656,-16.525,818.27
robot,1790471078.01,-6.656,-16.525,813.84
robot,1790471078.51,-6.656,-16.525,809.38
robot,1790471079.01,-6.656,-16.525,804.98
robot,1790471079.51,-6.656,-16.525,800.61
robot,1790471080.01,-6.656,-16.524,794.33
robot,1790471080.51,-6.656,-16.525,788.21
robot,1790471081.01,-6.656,-16.525,782.10
robot,1790471081.51,-6.656,-16.525,777.59
robot,1790471082.01,-6.656,-16.525,773.37
robot,1790471082.51,-6.655,-16.524,768.97
robot,1790471083.01,-6.656,-16.525,764.16
robot,1790471083.51,-6.656,-16.525,759.35
robot,1790471084.01,-6.656,-16.525,754.50
robot,1790471084.51,-6.656,-16.525,749.64
robot,1790471085.01,-6.656,-16.525,744.68
robot,1790471085.51,-6.656,-16.525,739.81
robot,1790471086.01,-6.655,-16.525,734.87
robot,1790471086.51,-6.655,-16.525,729.90
robot,1790471087.01,-6.655,-16.525,725.06
robot,1790471087.51,-6.655,-16.525,722.36
robot,1790471088.01,-6.643,-16.524,722.29
robot,1790471088.51,-6.561,-16.521,722.28
robot,1790471089.01,-6.472,-16.517,722.27
robot,1790471089.51,-6.372,-16.513,722.20
robot,1790471090.01,-6.271,-16.510,722.21
robot,1790471090.51,-6.169,-16.506,722.20
robot,1790471091.01,-6.062,-16.502,722.23
robot,1790471091.51,-5.958,-16.497,722.28
robot,1790471092.01,-5.853,-16.493,722.31
robot,1790471092.51,-5.748,-16.489,722.38
robot,1790471093.01,-5.638,-16.484,722.40
robot,1790471093.51,-5.526,-16.480,722.45
robot,1790471094.01,-5.411,-16.475,722.48
robot,1790471094.51,-5.297,-16.470,722.53
robot,1790471095.01,-5.181,-16.464,722.58
robot,1790471095.51,-5.065,-16.459,722.59
robot,1790471096.01,-4.949,-16.454,722.67
robot,1790471096.51,-4.835,-16.449,722.68
robot,1790471097.01,-4.721,-16.443,722.78
robot,1790471097.51,-4.606,-16.437,722.80
robot,1790471098.01,-4.492,-16.432,722.86
robot,1790471098.51,-4.375,-16.426,722.90
robot,1790471099.01,-4.259,-16.420,722.95
robot,1790471099.51,-4.147,-16.414,722.97
robot,1790471100.01,-4.030,-16.408,722.99
robot,1790471100.51,-3.918,-16.402,723.06
robot,1790471101.01,-3.805,-16.396,723.06
robot,1790471101.51,-3.690,-16.390,723.16
robot,1790471102.01,-3.573,-16.383,723.17
robot,1790471102.51,-3.456,-16.377,723.23
robot,1790471103.01,-3.342,-16.370,723.28
robot,1790471103.51,-3.227,-16.364,723.30
robot,1790471104.01,-3.113,-16.357,723.35
robot,1790471104.51,-2.992,-16.350,723.37
robot,1790471105.01,-2.869,-16.343,723.44
robot,1790471105.51,-2.743,-16.335,723.51
robot,1790471106.01,-2.626,-16.328,723.56
robot,1790471106.51,-2.510,-16.321,723.62
robot,1790471107.01,-2.394,-16.313,723.65
robot,1790471107.51,-2.281,-16.306,723.71
robot,1790471108.01,-2.167,-16.298,723.74
robot,1790471108.51,-2.052,-16.291,723.78
robot,1790471109.01,-1.934,-16.283,723.83
robot,1790471109.51,-1.817,-16.275,723.87
robot,1790471110.01,-1.700,-16.267,723.93
robot,1790471110.51,-1.580,-16.259,723.98
robot,1790471111.01,-1.462,-16.251,724.03
robot,1790471111.51,-1.344,-16.242,724.13
robot,1790471112.01,-1.223,-16.234,724.11
robot,1790471112.51,-1.102,-16.225,724.12
robot,1790471113.01,-0.977,-16.216,724.14
robot,1790471113.51,-0.855,-16.207,724.19
robot,1790471114.01,-0.726,-16.197,724.24
robot,1790471114.51,-0.594,-16.188,724.34
robot,1790471115.01,-0.458,-16.177,724.41
robot,1790471115.51,-0.325,-16.167,724.43
robot,1790471116.01,-0.190,-16.156,724.46
robot,1790471116.51,-0.054,-16.146,724.54
robot,1790471117.01,0.082,-16.135,724.61
robot,1790471117.51,0.209,-16.124,724.67
robot,1790471118.01,0.335,-16.114,724.68
robot,1790471118.51,0.464,-16.103,724.80
robot,1790471119.01,0.592,-16.093,724.81
robot,1790471119.51,0.714,-16.082,724.86
robot,1790471120.01,0.777,-16.077,724.84
robot,1790471120.51,0.780,-16.077,724.85
robot,1790471121.01,0.780,-16.077,724.97
robot,1790471121.51,0.780,-16.077,729.14
robot,1790471122.01,0.780,-16.077,735.68
robot,1790471122.51,0.779,-16.077,742.36
robot,1790471123.01,0.780,-16.077,748.92
robot,1790471123.51,0.780,-16.077,755.52
robot,1790471124.01,0.780,-16.077,762.23
robot,1790471124.51,0.780,-16.077,768.95
robot,1790471125.01,0.780,-16.077,775.88
robot,1790471125.51,0.780,-16.077,782.61
robot,1790471126.01,0.780,-16.077,789.36
robot,1790471126.51,0.779,-16.077,796.00
robot,1790471127.01,0.779,-16.077,802.49
robot,1790471127.51,0.780,-16.076,804.13
robot,1790471128.01,0.780,-16.076,804.11
robot,1790471128.51,0.780,-16.076,807.02
robot,1790471129.01,0.780,-16.076,807.03
robot,1790471129.51,0.780,-16.076,807.02
robot,1790471130.01,0.780,-16.076,807.01
robot,1790471130.51,0.780,-16.076,807.04
robot,1790471131.01,0.780,-16.076,807.02
robot,1790471131.51,0.780,-16.068,807.10
robot,1790471132.01,0.784,-15.987,807.20
robot,1790471132.51,0.789,-15.886,807.33
robot,1790471133.01,0.794,-15.775,807.41
robot,1790471133.51,0.799,-15.665,807.52
robot,1790471134.01,0.804,-15.554,807.57
robot,1790471134.51,0.808,-15.445,807.61
robot,1790471135.01,0.813,-15.327,807.72
robot,1790471135.51,0.818,-15.205,807.76
robot,1790471136.01,0.823,-15.080,807.84
robot,1790471136.51,0.828,-14.945,807.92
robot,1790471137.01,0.833,-14.810,807.97
robot,1790471137.51,0.837,-14.673,808.03
robot,1790471138.01,0.842,-14.538,808.08
robot,1790471138.51,0.846,-14.404,808.17
robot,1790471139.01,0.851,-14.271,808.18
robot,1790471139.51,0.855,-14.134,808.28
robot,1790471140.01,0.859,-14.001,808.38
robot,1790471140.51,0.863,-13.865,808.90
robot,1790471141.01,0.858,-13.728,814.25
robot,1790471141.51,0.848,-13.586,814.47
robot,1790471142.01,0.835,-13.435,814.57
robot,1790471142.51,0.823,-13.286,814.66
robot,1790471143.01,0.811,-13.136,814.88
robot,1790471143.51,0.796,-12.971,815.00
robot,1790471144.01,0.782,-12.805,815.08
robot,1790471144.51,0.767,-12.639,815.11
robot,1790471145.01,0.752,-12.476,815.19
robot,1790471145.51,0.738,-12.313,814.75
robot,1790471146.01,0.727,-12.155,813.16
robot,1790471146.51,0.719,-12.006,813.12
robot,1790471147.01,0.710,-11.843,813.12
robot,1790471147.51,0.701,-11.678,813.19
robot,1790471148.01,0.692,-11.505,813.15
robot,1790471148.51,0.683,-11.343,813.20
robot,1790471149.01,0.673,-11.179,813.23
robot,1790471149.51,0.664,-11.025,813.28
robot,1790471150.01,0.655,-10.865,813.34
robot,1790471150.51,0.647,-10.707,811.70
robot,1790471151.01,0.648,-10.549,808.71
robot,1790471151.51,0.652,-10.388,808.71
robot,1790471152.01,0.656,-10.220,809.38
robot,1790471152.51,0.655,-10.058,810.78
robot,1790471153.01,0.652,-9.901,810.94
robot,1790471153.51,0.649,-9.749,811.58
robot,1790471154.01,0.644,-9.596,811.96
robot,1790471154.51,0.639,-9.439,812.13
robot,1790471155.01,0.633,-9.282,812.26
robot,1790471155.51,0.627,-9.122,812.31
robot,1790471156.01,0.620,-8.962,812.43
robot,1790471156.51,0.613,-8.801,812.50
robot,1790471157.01,0.606,-8.641,812.61
robot,1790471157.51,0.599,-8.485,812.64
robot,1790471158.01,0.591,-8.327,812.69
robot,1790471158.51,0.584,-8.169,812.74
robot,1790471159.01,0.576,-8.016,812.76
robot,1790471159.51,0.569,-7.859,812.88
robot,1790471160.01,0.561,-7.704,812.93
robot,1790471160.51,0.553,-7.549,812.98
robot,1790471161.01,0.544,-7.386,813.11
robot,1790471161.51,0.536,-7.226,813.15
robot,1790471162.01,0.527,-7.068,813.19
robot,1790471162.51,0.518,-6.907,813.26
robot,1790471163.01,0.509,-6.754,813.32
robot,1790471163.51,0.500,-6.601,813.48
robot,1790471164.01,0.491,-6.448,813.55
robot,1790471164.51,0.481,-6.293,813.57
robot,1790471165.01,0.471,-6.136,813.62
robot,1790471165.51,0.461,-5.982,813.70
robot,1790471166.01,0.451,-5.825,813.77
robot,1790471166.51,0.441,-5.672,813.82
robot,1790471167.01,0.431,-5.518,813.91
robot,1790471167.51,0.420,-5.363,813.94
robot,1790471168.01,0.409,-5.209,814.06
robot,1790471168.51,0.398,-5.048,814.09
robot,1790471169.01,0.386,-4.893,814.11
robot,1790471169.51,0.375,-4.741,814.20
robot,1790471170.01,0.364,-4.586,814.29
robot,1790471170.51,0.352,-4.431,814.35
robot,1790471171.01,0.341,-4.285,814.38
robot,1790471171.51,0.330,-4.138,814.44
robot,1790471172.01,0.319,-3.995,814.47
robot,1790471172.51,0.308,-3.850,814.50
robot,1790471173.01,0.296,-3.703,814.58
robot,1790471173.51,0.284,-3.561,814.63
robot,1790471174.01,0.273,-3.421,814.69
robot,1790471174.51,0.261,-3.281,814.73
robot,1790471175.01,0.250,-3.142,814.78
robot,1790471175.51,0.238,-3.005,814.79
robot,1790471176.01,0.227,-2.871,814.86
robot,1790471176.51,0.216,-2.736,814.96
robot,1790471177.01,0.204,-2.598,814.98
robot,1790471177.51,0.192,-2.465,815.02
robot,1790471180.11,0.129,-1.765,815.23
robot,1790471180.51,0.119,-1.659,815.31
robot,1790471181.01,0.107,-1.526,815.38
robot,1790471181.51,0.094,-1.388,815.38
robot,1790471182.43,0.070,-1.143,815.47
robot,1790471182.51,0.068,-1.122,815.52
robot,1790471183.01,0.056,-0.992,815.55
robot,1790471183.51,0.044,-0.869,815.58
robot,1790471184.01,0.033,-0.755,815.64
robot,1790471184.51,0.021,-0.636,815.69
robot,1790471185.01,0.011,-0.543,815.69
robot,1790471185.51,0.010,-0.530,815.69
robot,1790471186.01,0.010,-0.530,814.18
robot,1790471186.51,0.010,-0.530,806.69
robot,1790471187.01,0.010,-0.530,798.93
robot,1790471187.51,0.010,-0.530,789.45
robot,1790471188.01,0.010,-0.529,779.48
robot,1790471188.51,0.011,-0.529,769.61
robot,1790471189.01,0.011,-0.529,759.76
robot,1790471189.51,0.014,-0.526,755.48
robot,1790471190.01,0.056,-0.496,755.44
robot,1790471190.51,0.110,-0.458,755.41
robot,1790471191.01,0.180,-0.408,755.31
robot,1790471191.51,0.262,-0.350,755.32
robot,1790471192.01,0.344,-0.293,752.62
robot,1790471192.51,0.417,-0.255,742.39
robot,1790471193.01,0.476,-0.235,734.33
robot,1790471193.51,0.535,-0.224,726.87
robot,1790471194.01,0.568,-0.221,722.47
robot,1790471194.97,0.575,-0.221,722.29
robot,1790471195.01,0.576,-0.221,722.29
robot,1790471195.51,0.576,-0.221,722.29
robot,1790471196.01,0.576,-0.221,722.29
robot,1790471196.51,0.576,-0.221,722.30
robot,1790471197.01,0.576,-0.221,722.28
robot,1790471197.51,0.583,-0.221,722.25
robot,1790471198.01,0.596,-0.220,722.28
robot,1790471198.51,0.596,-0.220,722.28
robot,1790471199.01,0.596,-0.220,722.29
robot,1790471199.51,0.596,-0.220,722.28
robot,1790471200.01,0.596,-0.220,722.27
robot,1790471200.51,0.596,-0.220,722.26
robot,1790471201.01,0.596,-0.220,722.25
robot,1790471201.51,0.596,-0.220,722.24
robot,1790471202.01,0.598,-0.220,722.20
robot,1790471202.51,0.612,-0.219,722.23
robot,1790471203.01,0.623,-0.219,722.26
robot,1790471203.51,0.628,-0.219,722.26
robot,1790471204.01,0.633,-0.219,722.27
robot,1790471204.51,0.639,-0.218,722.23
robot,1790471205.01,0.675,-0.217,722.24
robot,1790471205.51,0.735,-0.215,722.17
robot,1790471206.01,0.795,-0.212,722.18
robot,1790471206.51,0.856,-0.210,722.19
robot,1790471207.01,0.916,-0.208,722.15
robot,1790471207.51,0.975,-0.206,722.16
robot,1790471208.01,1.035,-0.203,722.15
robot,1790471208.51,1.093,-0.201,722.16
robot,1790471209.01,1.152,-0.199,722.20
robot,1790471209.51,1.207,-0.197,722.22
robot,1790471210.01,1.262,-0.195,722.21
robot,1790471210.51,1.317,-0.192,722.21
robot,1790471211.01,1.372,-0.190,722.23
robot,1790471211.51,1.427,-0.188,722.24
robot,1790471212.01,1.482,-0.186,722.25
robot,1790471212.51,1.537,-0.184,722.26
robot,1790471213.01,1.592,-0.182,722.28
robot,1790471213.51,1.646,-0.180,722.28
robot,1790471214.01,1.702,-0.177,722.29
robot,1790471214.51,1.756,-0.175,722.31
robot,1790471215.01,1.812,-0.173,722.34
robot,1790471215.51,1.866,-0.171,722.36
robot,1790471216.01,1.921,-0.168,722.36
robot,1790471216.51,1.976,-0.166,722.38
robot,1790471217.01,2.032,-0.164,722.42
robot,1790471217.51,2.086,-0.162,722.44
robot,1790471218.01,2.141,-0.159,722.43
robot,1790471218.51,2.197,-0.157,722.46
robot,1790471219.01,2.252,-0.154,722.52
robot,1790471219.51,2.306,-0.152,722.54
robot,1790471220.01,2.361,-0.150,722.53
robot,1790471220.51,2.416,-0.147,722.55
robot,1790471221.01,2.471,-0.145,722.58
robot,1790471221.51,2.526,-0.142,722.59
robot,1790471222.01,2.577,-0.140,722.59
robot,1790471222.51,2.628,-0.138,722.64
robot,1790471223.01,2.680,-0.135,722.66
robot,1790471223.51,2.735,-0.133,722.68
robot,1790471224.01,2.789,-0.130,722.70
robot,1790471224.51,2.844,-0.127,722.74
robot,1790471225.01,2.899,-0.125,722.75
robot,1790471225.51,2.955,-0.122,722.75
robot,1790471226.01,3.010,-0.119,722.77
robot,1790471226.51,3.074,-0.116,722.76
robot,1790471227.01,3.142,-0.113,722.80
robot,1790471228.09,3.293,-0.106,722.84
robot,1790471228.51,3.352,-0.103,722.86
robot,1790471229.01,3.422,-0.099,722.90
robot,1790471229.51,3.493,-0.096,722.94
robot,1790471230.01,3.574,-0.091,722.95
robot,1790471230.51,3.657,-0.087,722.98
robot,1790471231.01,3.742,-0.083,723.00
robot,1790471231.51,3.825,-0.078,723.02
robot,1790471232.01,3.911,-0.074,723.06
robot,1790471232.51,3.997,-0.069,723.10
robot,1790471233.01,4.080,-0.065,723.14
robot,1790471233.51,4.166,-0.060,723.14
robot,1790471234.01,4.251,-0.055,723.16
robot,1790471234.51,4.335,-0.051,723.17
robot,1790471235.01,4.421,-0.046,723.19
robot,1790471235.51,4.505,-0.041,723.24
robot,1790471236.01,4.590,-0.036,723.29
robot,1790471236.51,4.675,-0.031,723.32
robot,1790471237.01,4.766,-0.026,723.35
robot,1790471237.51,4.856,-0.021,723.39
robot,1790471238.01,4.947,-0.015,723.43
robot,1790471238.51,5.038,-0.010,723.48
robot,1790471239.01,5.131,-0.004,723.48
robot,1790471239.91,5.308,0.007,723.53
robot,1790471240.01,5.328,0.008,723.56
robot,1790471240.51,5.433,0.015,723.56
robot,1790471241.01,5.540,0.021,723.61
robot,1790471241.51,5.642,0.028,723.67
robot,1790471242.01,5.747,0.034,723.67
robot,1790471242.51,5.847,0.041,723.74
robot,1790471243.01,5.948,0.048,723.77
robot,1790471243.51,6.048,0.054,723.82
robot,1790471244.01,6.151,0.061,723.87
robot,1790471244.51,6.254,0.068,723.90
robot,1790471245.01,6.361,0.075,723.99
robot,1790471245.51,6.464,0.083,723.98
robot,1790471246.01,6.570,0.090,724.06
robot,1790471246.51,6.676,0.098,724.10
robot,1790471247.01,6.779,0.105,724.13
robot,1790471247.51,6.886,0.113,724.18
robot,1790471248.01,6.990,0.120,724.20
robot,1790471248.51,7.100,0.129,724.24
robot,1790471249.01,7.211,0.137,724.26
robot,1790471249.51,7.319,0.145,724.29
robot,1790471250.01,7.427,0.153,724.29
robot,1790471250.51,7.537,0.161,724.36
robot,1790471251.01,7.656,0.170,724.38
robot,1790471251.51,7.771,0.179,724.42
robot,1790471252.01,7.885,0.188,724.43
robot,1790471252.51,7.999,0.197,724.52
robot,1790471253.01,8.115,0.206,724.50
robot,1790471253.51,8.227,0.215,723.54
robot,1790471254.01,8.348,0.221,722.94
robot,1790471254.51,8.480,0.228,722.93
robot,1790471255.01,8.615,0.235,723.00
robot,1790471255.51,8.748,0.242,722.98
robot,1790471256.01,8.884,0.249,722.92
robot,1790471256.51,9.014,0.255,722.96
robot,1790471257.01,9.140,0.262,723.01
robot,1790471257.51,9.254,0.268,723.00
robot,1790471258.01,9.368,0.274,723.04
robot,1790471258.51,9.479,0.280,723.11
robot,1790471259.01,9.582,0.286,723.14
robot,1790471259.51,9.689,0.291,723.17
robot,1790471260.01,9.792,0.297,723.23
robot,1790471260.51,9.891,0.303,723.24
robot,1790471261.01,9.992,0.309,723.28
robot,1790471261.51,10.094,0.314,723.31
robot,1790471262.01,10.194,0.320,723.30
robot,1790471262.51,10.293,0.326,723.33
robot,1790471263.01,10.389,0.331,723.39
robot,1790471263.51,10.485,0.337,723.43
robot,1790471264.01,10.584,0.343,723.47
robot,1790471264.51,10.682,0.349,723.25
robot,1790471265.01,10.739,0.352,723.16
robot,1790471265.51,10.743,0.352,723.24
robot,1790471266.01,10.743,0.352,723.24
robot,1790471266.51,10.743,0.352,722.26
robot,1790471267.01,10.743,0.352,722.42
robot,1790471267.51,10.743,0.352,722.21
robot,1790471268.01,10.743,0.352,721.81
robot,1790471268.51,10.743,0.352,721.31
robot,1790471269.01,10.743,0.352,721.50
robot,1790471269.51,10.742,0.352,721.46
robot,1790471270.01,10.735,0.352,721.45
robot,1790471270.51,10.703,0.351,721.44
robot,1790471271.01,10.668,0.351,721.35
robot,1790471271.51,10.618,0.349,721.34
robot,1790471272.01,10.557,0.348,721.29
robot,1790471272.51,10.496,0.347,721.27
robot,1790471273.01,10.432,0.345,721.21
robot,1790471273.51,10.360,0.344,721.13
robot,1790471274.01,10.284,0.342,721.11
robot,1790471274.51,10.207,0.341,721.06
robot,1790471275.01,10.131,0.339,721.04
robot,1790471275.51,10.050,0.338,721.02
robot,1790471276.01,9.967,0.336,721.05
robot,1790471276.51,9.881,0.335,720.96
robot,1790471277.01,9.796,0.334,720.89
robot,1790471277.51,9.712,0.332,720.81
robot,1790471278.01,9.627,0.331,720.78
robot,1790471278.51,9.536,0.330,720.79
robot,1790471279.01,9.447,0.329,720.78
robot,1790471279.51,9.356,0.328,720.69
robot,1790471280.01,9.267,0.327,720.63
robot,1790471280.51,9.176,0.326,720.62
robot,1790471281.01,9.085,0.325,720.61
robot,1790471281.51,8.997,0.324,720.58
robot,1790471282.01,8.905,0.323,720.51
robot,1790471282.51,8.814,0.322,720.48
robot,1790471283.01,8.726,0.321,720.47
robot,1790471283.51,8.634,0.321,720.43
robot,1790471284.01,8.545,0.320,720.41
robot,1790471284.51,8.455,0.319,720.36
robot,1790471285.01,8.363,0.319,720.36
robot,1790471285.51,8.275,0.318,720.34
robot,1790471286.01,8.182,0.318,720.32
robot,1790471286.51,8.087,0.317,720.24
robot,1790471287.01,7.995,0.317,720.33
robot,1790471287.51,7.896,0.316,720.27
robot,1790471288.01,7.802,0.316,720.18
robot,1790471288.51,7.705,0.315,720.20
robot,1790471289.01,7.612,0.315,720.25
robot,1790471289.51,7.516,0.315,720.28
robot,1790471290.01,7.416,0.314,720.21
robot,1790471290.51,7.311,0.314,720.28
robot,1790471291.01,7.205,0.313,720.21
robot,1790471291.51,7.100,0.313,720.19
robot,1790471292.01,6.994,0.313,720.26
robot,1790471292.51,6.890,0.312,720.17
robot,1790471293.01,6.784,0.312,720.14
robot,1790471293.51,6.679,0.312,720.06
robot,1790471294.01,6.575,0.312,720.06
robot,1790471294.51,6.471,0.312,719.99
robot,1790471295.01,6.364,0.312,719.93
robot,1790471295.51,6.258,0.312,719.90
robot,1790471296.01,6.153,0.312,719.80
robot,1790471296.51,6.049,0.312,719.86
robot,1790471297.01,5.943,0.313,719.75
robot,1790471297.51,5.838,0.313,719.76
robot,1790471298.01,5.732,0.314,719.67
robot,1790471298.51,5.627,0.314,719.67
robot,1790471299.01,5.523,0.315,719.63
robot,1790471299.51,5.419,0.316,719.57
robot,1790471300.01,5.313,0.317,719.64
robot,1790471300.51,5.208,0.317,719.54
robot,1790471301.01,5.102,0.318,719.54
robot,1790471301.51,4.999,0.319,719.50
robot,1790471302.01,4.894,0.320,719.48
robot,1790471302.51,4.788,0.321,719.47
robot,1790471303.01,4.684,0.322,719.37
robot,1790471303.51,4.578,0.323,719.38
robot,1790471304.01,4.467,0.324,719.30
robot,1790471304.51,4.357,0.326,719.40
robot,1790471305.01,4.244,0.327,719.32
robot,1790471305.51,4.130,0.328,719.30
robot,1790471306.01,4.018,0.330,719.24
robot,1790471306.51,3.902,0.331,719.22
robot,1790471307.01,3.780,0.333,719.23
robot,1790471307.51,3.658,0.335,719.12
robot,1790471308.01,3.540,0.336,719.18
robot,1790471308.51,3.418,0.338,719.09
robot,1790471309.01,3.287,0.340,719.03
robot,1790471309.51,3.158,0.343,718.98
robot,1790471310.01,3.040,0.345,718.92
robot,1790471310.51,2.982,0.346,718.89
robot,1790471311.01,2.908,0.346,720.89
robot,1790471311.51,2.822,0.341,725.29
robot,1790471312.01,2.737,0.333,725.39
robot,1790471312.51,2.654,0.325,725.44
robot,1790471313.01,2.569,0.317,725.47
robot,1790471313.51,2.484,0.309,725.50
robot,1790471314.01,2.396,0.300,725.46
robot,1790471314.51,2.305,0.292,725.46
robot,1790471315.01,2.215,0.283,725.45
robot,1790471315.51,2.127,0.275,725.43
robot,1790471316.01,2.036,0.266,725.40
robot,1790471316.51,1.947,0.258,725.36
robot,1790471317.01,1.855,0.249,725.35
robot,1790471317.51,1.766,0.241,725.34
robot,1790471318.01,1.677,0.233,725.27
robot,1790471318.51,1.588,0.224,725.22
robot,1790471319.01,1.498,0.216,725.21
robot,1790471319.51,1.401,0.207,725.26
robot,1790471320.01,1.307,0.199,725.26
robot,1790471320.51,1.211,0.190,725.28
robot,1790471321.01,1.110,0.180,725.25
robot,1790471321.51,1.007,0.171,725.20
robot,1790471322.01,0.900,0.161,725.18
robot,1790471322.51,0.789,0.151,725.20
robot,1790471323.01,0.679,0.141,725.20
robot,1790471323.51,0.568,0.131,725.18
robot,1790471324.01,0.459,0.121,725.13
robot,1790471324.51,0.350,0.112,725.07
robot,1790471325.01,0.241,0.102,725.04
robot,1790471325.51,0.143,0.093,724.96
robot,1790471326.01,0.120,0.091,724.98
robot,1790471326.51,0.120,0.091,724.98
robot,1790471327.01,0.119,0.091,722.73
robot,1790471327.51,0.119,0.091,718.73
robot,1790471328.01,0.119,0.091,714.51
robot,1790471328.51,0.119,0.091,706.37
robot,1790471329.01,0.118,0.092,696.20
robot,1790471329.51,0.119,0.092,686.40
robot,1790471330.01,0.119,0.091,682.07
robot,1790471330.51,0.119,0.092,677.50
robot,1790471331.01,0.118,0.092,671.79
robot,1790471331.51,0.118,0.092,665.28
robot,1790471332.01,0.119,0.091,658.45
robot,1790471332.51,0.118,0.092,651.47
robot,1790471333.01,0.118,0.092,645.24
robot,1790471333.51,0.119,0.092,639.21
robot,1790471334.01,0.118,0.092,633.18
robot,1790471334.51,0.119,0.092,630.34
robot,1790471335.01,0.119,0.092,630.34
robot,1790471335.51,0.119,0.091,630.34
robot,1790471336.01,0.119,0.091,630.34
robot,1790471336.51,0.119,0.091,630.34
robot,1790471337.01,0.119,0.091,630.34
robot,1790471337.51,0.119,0.091,630.33
robot,1790471338.01,0.119,0.091,630.33
robot,1790471338.51,0.119,0.091,630.31
robot,1790471339.01,0.119,0.052,630.13
robot,1790471339.51,0.119,-0.056,630.19
robot,1790471340.01,0.119,-0.186,630.14
robot,1790471340.51,0.120,-0.334,630.19
robot,1790471341.01,0.120,-0.495,630.24
robot,1790471341.51,0.121,-0.657,630.24
robot,1790471342.01,0.122,-0.824,630.31
robot,1790471342.51,0.123,-0.994,630.35
robot,1790471343.01,0.124,-1.164,630.45
robot,1790471343.51,0.125,-1.333,630.50
robot,1790471344.01,0.127,-1.505,630.54
robot,1790471344.51,0.129,-1.672,630.59
robot,1790471345.01,0.130,-1.840,630.62
robot,1790471345.51,0.132,-2.022,630.67
robot,1790471346.01,0.135,-2.218,630.71
robot,1790471346.51,0.138,-2.419,630.83
robot,1790471347.01,0.141,-2.622,630.87
robot,1790471347.89,0.146,-2.975,630.94
robot,1790471348.01,0.147,-3.024,630.98
robot,1790471348.51,0.151,-3.223,631.11
robot,1790471349.01,0.155,-3.421,631.19
robot,1790471349.51,0.159,-3.622,631.26
robot,1790471350.01,0.164,-3.820,631.42
robot,1790471350.51,0.168,-4.021,631.45
robot,1790471351.01,0.174,-4.223,631.55
robot,1790471351.51,0.179,-4.421,631.67
robot,1790471352.01,0.185,-4.624,631.77
robot,1790471352.51,0.192,-4.823,631.81
robot,1790471353.01,0.198,-5.019,631.87
robot,1790471353.51,0.205,-5.219,631.99
robot,1790471354.01,0.212,-5.419,632.07
robot,1790471354.51,0.219,-5.622,632.14
robot,1790471355.01,0.227,-5.824,632.21
robot,1790471355.51,0.235,-6.023,632.34
robot,1790471356.01,0.243,-6.222,632.37
robot,1790471356.51,0.251,-6.419,632.46
robot,1790471357.01,0.260,-6.621,632.57
robot,1790471357.51,0.269,-6.822,632.62
robot,1790471358.01,0.278,-7.020,632.67
robot,1790471358.51,0.288,-7.222,632.80
robot,1790471359.01,0.298,-7.423,632.89
robot,1790471359.51,0.308,-7.622,632.95
robot,1790471360.01,0.319,-7.824,633.03
robot,1790471361.03,0.340,-8.223,633.16
robot,1790471361.51,0.352,-8.424,633.25
robot,1790471362.01,0.363,-8.621,633.38
robot,1790471362.51,0.375,-8.823,633.41
robot,1790471363.01,0.387,-9.023,633.51
robot,1790471363.51,0.399,-9.223,633.51
robot,1790471364.01,0.412,-9.425,633.63
robot,1790471364.51,0.425,-9.625,633.68
robot,1790471365.01,0.438,-9.825,633.75
robot,1790471365.51,0.451,-10.021,633.84
robot,1790471366.01,0.464,-10.222,633.87
robot,1790471366.51,0.478,-10.422,633.93
robot,1790471367.01,0.492,-10.623,634.05
robot,1790471367.51,0.506,-10.821,634.14
robot,1790471368.01,0.521,-11.021,634.15
robot,1790471368.51,0.535,-11.223,634.17
robot,1790471369.01,0.550,-11.420,634.28
robot,1790471369.51,0.565,-11.618,634.32
robot,1790471370.01,0.580,-11.821,634.39
robot,1790471370.51,0.596,-12.023,634.46
robot,1790471371.01,0.611,-12.222,634.54
robot,1790471371.51,0.627,-12.420,634.59
robot,1790471372.01,0.643,-12.618,634.67
robot,1790471372.51,0.660,-12.820,634.83
robot,1790471373.01,0.677,-13.015,634.88
robot,1790471373.51,0.694,-13.220,634.96
robot,1790471374.01,0.711,-13.417,635.03
robot,1790471374.51,0.729,-13.618,635.16
robot,1790471375.01,0.747,-13.816,635.21
robot,1790471375.51,0.765,-14.014,635.25
robot,1790471376.01,0.783,-14.205,635.39
robot,1790471376.51,0.802,-14.401,635.43
robot,1790471377.01,0.820,-14.594,635.51
robot,1790471377.51,0.839,-14.788,635.62
robot,1790471378.01,0.858,-14.984,635.65
robot,1790471378.51,0.877,-15.174,635.74
robot,1790471379.01,0.895,-15.352,635.77
robot,1790471379.51,0.909,-15.482,635.82
robot,1790471380.01,0.923,-15.621,635.92
robot,1790471381.15,0.942,-15.810,635.90
robot,1790471381.51,0.942,-15.810,635.89
robot,1790471382.01,0.942,-15.811,635.91
robot,1790471382.51,0.942,-15.810,641.44
robot,1790471383.01,0.942,-15.811,649.01
robot,1790471383.51,0.942,-15.810,656.89
robot,1790471384.01,0.942,-15.811,664.88
robot,1790471384.51,0.942,-15.811,672.81
robot,1790471385.01,0.942,-15.810,680.74
robot,1790471385.51,0.941,-15.810,688.60
robot,1790471386.01,0.941,-15.810,696.32
robot,1790471386.51,0.942,-15.811,704.11
robot,1790471387.01,0.942,-15.811,711.73
robot,1790471387.51,0.943,-15.811,714.37
robot,1790471388.01,0.943,-15.811,714.35
robot,1790471388.51,0.943,-15.811,714.34
robot,1790471389.01,0.943,-15.811,714.33
robot,1790471389.51,0.943,-15.811,714.31
robot,1790471390.01,0.943,-15.811,714.31
robot,1790471390.51,0.943,-15.811,714.31
robot,1790471391.01,0.943,-15.811,714.32
robot,1790471391.51,0.943,-15.811,714.30
robot,1790471392.01,0.943,-15.811,714.99
robot,1790471392.51,0.944,-15.811,718.15
robot,1790471393.01,0.944,-15.811,718.15
robot,1790471393.51,0.968,-15.812,718.27
robot,1790471394.01,1.095,-15.815,718.43
robot,1790471394.51,1.231,-15.819,718.53
robot,1790471395.01,1.361,-15.822,718.66
robot,1790471395.51,1.499,-15.825,718.78
robot,1790471396.01,1.641,-15.828,718.83
robot,1790471396.51,1.780,-15.831,718.86
robot,1790471397.01,1.914,-15.833,718.96
robot,1790471397.51,2.052,-15.836,719.04
robot,1790471398.01,2.190,-15.838,719.10
robot,1790471398.51,2.329,-15.840,719.16
robot,1790471399.01,2.463,-15.842,719.23
robot,1790471399.51,2.596,-15.844,719.25
robot,1790471400.01,2.733,-15.845,719.32
robot,1790471400.51,2.869,-15.847,719.37
robot,1790471401.01,3.006,-15.848,719.47
robot,1790471401.51,3.148,-15.850,719.55
robot,1790471402.01,3.287,-15.851,719.60
robot,1790471402.51,3.428,-15.852,719.66
robot,1790471403.01,3.570,-15.852,719.73
robot,1790471403.51,3.708,-15.853,719.76
robot,1790471404.01,3.847,-15.854,719.79
robot,1790471404.51,3.987,-15.854,719.81
robot,1790471405.01,4.127,-15.854,719.87
robot,1790471405.51,4.269,-15.855,719.94
robot,1790471406.01,4.407,-15.855,719.96
robot,1790471406.51,4.547,-15.855,719.98
robot,1790471407.01,4.688,-15.855,720.05
robot,1790471407.51,4.826,-15.855,720.10
robot,1790471408.01,4.964,-15.854,720.14
robot,1790471408.51,5.105,-15.854,720.15
robot,1790471409.01,5.240,-15.853,720.25
robot,1790471409.51,5.373,-15.853,720.29
robot,1790471410.01,5.511,-15.852,720.34
robot,1790471410.51,5.645,-15.851,720.39
robot,1790471411.01,5.781,-15.850,720.43
robot,1790471411.51,5.921,-15.849,720.43
robot,1790471412.01,6.060,-15.848,720.45
robot,1790471412.51,6.201,-15.847,720.50
robot,1790471413.85,6.569,-15.843,720.64
robot,1790471414.01,6.613,-15.843,720.64
robot,1790471414.51,6.746,-15.841,720.71
robot,1790471415.01,6.857,-15.840,720.75
robot,1790471415.51,6.966,-15.838,720.76
robot,1790471416.01,7.075,-15.837,720.75
robot,1790471416.51,7.185,-15.835,720.82
robot,1790471417.01,7.295,-15.834,720.83
robot,1790471417.51,7.405,-15.832,720.86
robot,1790471418.01,7.520,-15.830,720.89
robot,1790471418.51,7.633,-15.829,720.91
robot,1790471419.01,7.754,-15.827,720.96
robot,1790471419.51,7.873,-15.825,721.01
robot,1790471420.01,7.999,-15.822,721.05
robot,1790471420.51,8.131,-15.820,721.03
robot,1790471421.01,8.255,-15.818,721.19
robot,1790471421.51,8.382,-15.815,721.20
robot,1790471422.01,8.513,-15.812,721.28
robot,1790471422.51,8.645,-15.809,721.33
robot,1790471423.01,8.778,-15.806,721.41
robot,1790471423.51,8.915,-15.802,721.50
robot,1790471424.01,9.050,-15.799,721.51
robot,1790471424.51,9.190,-15.795,721.55
robot,1790471425.01,9.330,-15.791,721.65
robot,1790471425.51,9.469,-15.787,721.72
robot,1790471426.01,9.610,-15.783,721.74
robot,1790471426.51,9.749,-15.779,721.80
robot,1790471427.01,9.888,-15.774,721.86
robot,1790471427.51,10.034,-15.769,721.90
robot,1790471428.01,10.174,-15.765,722.00
robot,1790471428.51,10.309,-15.760,721.96
robot,1790471429.01,10.436,-15.756,722.03
robot,1790471429.51,10.560,-15.751,722.02
robot,1790471430.01,10.676,-15.747,722.06
robot,1790471430.51,10.754,-15.744,722.09
robot,1790471431.01,10.758,-15.744,722.08
robot,1790471431.51,10.758,-15.744,722.09
robot,1790471432.01,10.758,-15.744,722.08
robot,1790471432.51,10.758,-15.744,722.06
robot,1790471433.01,10.758,-15.744,722.03
robot,1790471433.51,10.758,-15.744,722.01
robot,1790471434.01,10.758,-15.744,722.55
robot,1790471434.51,10.759,-15.744,730.48
robot,1790471435.01,10.759,-15.744,739.35
robot,1790471435.51,10.744,-15.751,748.59
robot,1790471436.01,10.721,-15.766,758.97
robot,1790471436.51,10.700,-15.787,769.29
robot,1790471437.01,10.675,-15.821,777.48
robot,1790471437.51,10.651,-15.865,785.73
robot,1790471438.01,10.638,-15.901,794.29
robot,1790471438.51,10.633,-15.925,802.73
robot,1790471439.01,10.631,-15.950,811.20
robot,1790471439.51,10.633,-15.969,819.67
robot,1790471440.01,10.637,-15.985,827.98
robot,1790471440.51,10.644,-16.002,835.83
robot,1790471441.01,10.656,-16.023,844.06
robot,1790471441.51,10.674,-16.046,851.88
robot,1790471442.01,10.693,-16.065,859.85
robot,1790471442.51,10.715,-16.081,867.94
robot,1790471443.01,10.739,-16.095,875.83
robot,1790471443.51,10.765,-16.104,883.67
robot,1790471444.01,10.793,-16.110,891.54
robot,1790471444.51,10.818,-16.112,899.26
robot,1790471445.01,10.835,-16.112,900.94
robot,1790471445.51,10.835,-16.112,900.91
robot,1790471446.01,10.834,-16.112,900.91
robot,1790471447.19,10.834,-16.112,900.90
robot,1790471447.51,10.834,-16.112,900.89
robot,1790471448.01,10.834,-16.112,900.89
robot,1790471448.51,10.833,-16.112,898.75
robot,1790471449.01,10.834,-16.112,897.68
robot,1790471449.51,10.834,-16.112,897.97
robot,1790471450.01,10.834,-16.112,898.91
robot,1790471450.51,10.834,-16.112,898.75
robot,1790471451.01,10.834,-16.112,898.92
robot,1790471451.51,10.834,-16.112,899.17
robot,1790471452.01,10.833,-16.112,899.35
robot,1790471452.51,10.764,-16.111,899.34
robot,1790471453.01,10.649,-16.110,899.48
robot,1790471453.51,10.531,-16.109,899.52
robot,1790471454.01,10.411,-16.108,899.58
robot,1790471454.51,10.291,-16.107,899.64
robot,1790471455.01,10.176,-16.107,899.61
robot,1790471455.51,10.060,-16.106,899.72
robot,1790471456.01,9.945,-16.105,899.81
robot,1790471456.51,9.805,-16.105,899.83
robot,1790471457.01,9.649,-16.105,899.90
robot,1790471457.51,9.490,-16.104,900.00
robot,1790471458.01,9.330,-16.104,900.04
robot,1790471458.51,9.171,-16.105,900.14
robot,1790471459.01,9.015,-16.105,900.20
robot,1790471460.25,8.636,-16.107,900.34
robot,1790471460.51,8.562,-16.107,900.36
robot,1790471461.01,8.417,-16.108,900.42
robot,1790471461.51,8.277,-16.109,900.46
robot,1790471462.01,8.134,-16.111,900.56
robot,1790471462.51,7.995,-16.112,900.63
robot,1790471463.01,7.859,-16.114,900.70
robot,1790471463.51,7.726,-16.115,900.72
robot,1790471464.01,7.593,-16.117,900.76
robot,1790471464.51,7.462,-16.119,900.83
robot,1790471465.01,7.332,-16.121,900.88
robot,1790471465.51,7.198,-16.123,900.97
robot,1790471466.01,7.061,-16.125,901.01
robot,1790471466.51,6.927,-16.128,901.03
robot,1790471467.01,6.794,-16.130,901.09
robot,1790471467.51,6.657,-16.133,901.15
robot,1790471468.01,6.523,-16.136,901.22
robot,1790471468.51,6.388,-16.139,901.31
robot,1790471469.01,6.246,-16.142,901.34
robot,1790471469.51,6.107,-16.145,901.34
robot,1790471470.01,5.969,-16.149,901.41
robot,1790471470.51,5.831,-16.152,901.46
robot,1790471471.01,5.689,-16.156,901.51
robot,1790471471.51,5.547,-16.160,901.55
robot,1790471472.01,5.408,-16.163,901.58
robot,1790471472.51,5.271,-16.167,901.64
robot,1790471473.01,5.135,-16.171,901.72
robot,1790471473.51,5.000,-16.175,901.72
robot,1790471474.01,4.864,-16.180,901.80
robot,1790471474.51,4.732,-16.184,901.85
robot,1790471475.01,4.591,-16.189,901.89
robot,1790471475.51,4.453,-16.193,901.94
robot,1790471476.01,4.312,-16.198,901.96
robot,1790471476.51,4.170,-16.203,902.04
robot,1790471477.01,4.024,-16.208,902.11
robot,1790471477.51,3.874,-16.214,902.24
robot,1790471478.01,3.720,-16.220,902.23
robot,1790471478.51,3.568,-16.226,902.24
robot,1790471479.01,3.419,-16.232,902.34
robot,1790471479.51,3.273,-16.238,902.36
robot,1790471480.81,2.884,-16.255,902.55
robot,1790471481.01,2.822,-16.257,902.59
robot,1790471481.51,2.677,-16.264,902.65
robot,1790471482.01,2.533,-16.271,902.68
robot,1790471482.51,2.388,-16.278,902.77
robot,1790471483.01,2.244,-16.285,902.81
robot,1790471483.51,2.104,-16.292,902.91
robot,1790471484.01,1.961,-16.299,903.01
robot,1790471484.51,1.817,-16.306,903.03
robot,1790471485.01,1.666,-16.314,903.05
robot,1790471485.51,1.518,-16.322,903.03
robot,1790471486.01,1.372,-16.330,902.97
robot,1790471486.51,1.224,-16.338,902.87
robot,1790471487.01,1.077,-16.344,902.48
robot,1790471487.51,0.926,-16.350,901.99
robot,1790471488.01,0.778,-16.354,901.35
robot,1790471488.51,0.632,-16.357,900.51
robot,1790471489.01,0.476,-16.357,899.96
robot,1790471489.51,0.316,-16.357,899.42
robot,1790471490.01,0.138,-16.354,898.85
robot,1790471490.51,-0.038,-16.350,898.30
robot,1790471491.01,-0.190,-16.345,897.88
robot,1790471491.51,-0.352,-16.338,897.39
robot,1790471492.01,-0.508,-16.331,897.17
robot,1790471492.51,-0.659,-16.323,897.23
robot,1790471493.01,-0.811,-16.316,897.20
robot,1790471493.51,-0.967,-16.308,897.27
robot,1790471494.01,-1.117,-16.301,897.21
robot,1790471494.51,-1.275,-16.293,897.24
robot,1790471495.01,-1.429,-16.286,897.24
robot,1790471495.51,-1.585,-16.278,897.30
robot,1790471496.01,-1.730,-16.272,897.36
robot,1790471496.51,-1.876,-16.265,897.39
robot,1790471497.01,-2.032,-16.258,897.39
robot,1790471497.51,-2.182,-16.251,897.44
robot,1790471498.01,-2.325,-16.245,897.49
robot,1790471498.51,-2.460,-16.239,897.53
robot,1790471499.01,-2.595,-16.233,897.56
robot,1790471499.51,-2.735,-16.227,897.62
robot,1790471500.01,-2.879,-16.221,897.71
robot,1790471500.51,-3.021,-16.216,897.74
robot,1790471501.01,-3.165,-16.210,897.75
robot,1790471502.29,-3.513,-16.197,897.90
robot,1790471502.51,-3.577,-16.194,897.91
robot,1790471503.01,-3.722,-16.189,897.94
robot,1790471503.51,-3.868,-16.184,897.99
robot,1790471504.01,-4.011,-16.179,898.02
robot,1790471504.51,-4.156,-16.174,898.08
robot,1790471505.01,-4.301,-16.169,898.14
robot,1790471505.51,-4.450,-16.165,898.21
robot,1790471506.01,-4.608,-16.160,898.25
robot,1790471506.51,-4.759,-16.155,898.31
robot,1790471507.01,-4.902,-16.151,898.37
robot,1790471507.51,-5.048,-16.147,898.43
robot,1790471508.01,-5.192,-16.143,898.51
robot,1790471508.51,-5.333,-16.140,898.72
robot,1790471509.01,-5.469,-16.137,899.39
robot,1790471509.51,-5.602,-16.137,900.18
robot,1790471510.01,-5.741,-16.138,900.50
robot,1790471510.51,-5.888,-16.139,900.64
robot,1790471511.01,-6.034,-16.141,900.83
robot,1790471511.51,-6.191,-16.143,900.91
robot,1790471512.01,-6.341,-16.146,900.95
robot,1790471512.51,-6.466,-16.148,900.96
robot,1790471513.01,-6.596,-16.150,901.01
robot,1790471513.51,-6.725,-16.152,901.10
robot,1790471514.01,-6.852,-16.155,901.17
robot,1790471514.51,-6.982,-16.158,901.17
robot,1790471515.01,-7.112,-16.160,901.24
robot,1790471515.51,-7.239,-16.163,901.35
robot,1790471516.01,-7.363,-16.166,901.38
robot,1790471516.51,-7.487,-16.169,901.44
robot,1790471517.01,-7.608,-16.172,901.46
robot,1790471517.51,-7.700,-16.175,901.43
robot,1790471518.01,-7.701,-16.175,901.43
robot,1790471518.51,-7.701,-16.175,901.41
robot,1790471519.01,-7.701,-16.175,901.42
robot,1790471519.51,-7.701,-16.175,901.43
robot,1790471520.01,-7.701,-16.175,901.44
robot,1790471520.51,-7.701,-16.175,901.43
robot,1790471521.01,-7.701,-16.175,901.43
robot,1790471521.51,-7.701,-16.175,901.41
robot,1790471522.01,-7.701,-16.175,901.42
robot,1790471522.51,-7.701,-16.175,901.41
robot,1790471523.01,-7.701,-16.175,901.41
robot,1790471523.51,-7.701,-16.175,901.40
robot,1790471524.01,-7.701,-16.175,901.16
robot,1790471524.51,-7.701,-16.175,898.44
robot,1790471525.01,-7.701,-16.175,894.86
robot,1790471525.51,-7.701,-16.174,891.01
robot,1790471526.01,-7.701,-16.175,887.03
robot,1790471526.51,-7.700,-16.175,883.19
robot,1790471527.01,-7.701,-16.174,879.35
robot,1790471527.51,-7.701,-16.174,875.05
robot,1790471528.01,-7.701,-16.174,870.11
robot,1790471528.51,-7.701,-16.174,864.91
robot,1790471529.01,-7.700,-16.175,859.72
robot,1790471529.51,-7.701,-16.175,854.52
robot,1790471530.01,-7.701,-16.175,849.11
robot,1790471530.51,-7.701,-16.175,845.15
robot,1790471531.01,-7.701,-16.174,841.84
robot,1790471531.51,-7.701,-16.175,838.53
robot,1790471532.01,-7.701,-16.174,835.27
robot,1790471532.51,-7.701,-16.174,828.90
robot,1790471533.01,-7.702,-16.172,822.40
robot,1790471533.51,-7.702,-16.172,821.96
robot,1790471534.01,-7.702,-16.171,821.97
robot,1790471534.51,-7.702,-16.171,821.97
robot,1790471535.01,-7.702,-16.171,821.97
robot,1790471535.51,-7.702,-16.172,821.02
robot,1790471536.01,-7.702,-16.172,818.21
robot,1790471536.51,-7.702,-16.172,815.20
robot,1790471537.01,-7.702,-16.172,812.24
robot,1790471537.51,-7.702,-16.172,809.43
robot,1790471538.01,-7.702,-16.172,806.59
robot,1790471538.51,-7.702,-16.172,803.26
robot,1790471539.01,-7.702,-16.172,795.67
robot,1790471539.51,-7.702,-16.172,789.88
robot,1790471540.01,-7.702,-16.172,787.32
robot,1790471540.51,-7.702,-16.172,783.05
robot,1790471541.01,-7.702,-16.172,777.90
robot,1790471541.51,-7.702,-16.172,772.74
robot,1790471542.01,-7.702,-16.172,767.78
robot,1790471542.51,-7.701,-16.172,763.22
robot,1790471543.01,-7.702,-16.172,759.35
robot,1790471543.51,-7.702,-16.172,755.49
robot,1790471544.01,-7.702,-16.172,751.16
robot,1790471544.51,-7.702,-16.172,746.75
robot,1790471545.01,-7.702,-16.172,742.33
robot,1790471545.51,-7.702,-16.172,737.25
robot,1790471546.01,-7.701,-16.172,731.31
robot,1790471546.51,-7.701,-16.172,725.49
robot,1790471547.01,-7.701,-16.172,720.06
robot,1790471547.51,-7.701,-16.172,720.25
robot,1790471548.01,-7.700,-16.172,720.16
robot,1790471548.51,-7.663,-16.172,720.19
robot,1790471549.01,-7.605,-16.172,720.13
robot,1790471549.51,-7.537,-16.171,720.13
robot,1790471550.01,-7.447,-16.171,720.14
robot,1790471550.51,-7.376,-16.171,720.14
robot,1790471551.01,-7.310,-16.171,720.13
robot,1790471551.51,-7.233,-16.171,720.11
robot,1790471552.01,-7.156,-16.171,720.12
robot,1790471552.51,-7.072,-16.170,720.16
robot,1790471553.01,-6.983,-16.170,720.16
robot,1790471553.51,-6.891,-16.170,720.15
robot,1790471554.01,-6.799,-16.170,720.21
robot,1790471554.51,-6.700,-16.169,720.22
robot,1790471555.01,-6.602,-16.169,720.23
robot,1790471555.51,-6.506,-16.168,720.23
robot,1790471556.01,-6.411,-16.168,720.32
robot,1790471556.51,-6.315,-16.167,720.35
robot,1790471557.01,-6.215,-16.167,720.35
robot,1790471557.51,-6.115,-16.166,720.43
robot,1790471558.01,-6.016,-16.165,720.45
robot,1790471558.51,-5.915,-16.165,720.47
robot,1790471559.01,-5.814,-16.164,720.54
robot,1790471559.51,-5.715,-16.163,720.58
robot,1790471560.01,-5.615,-16.162,720.61
robot,1790471560.51,-5.513,-16.160,720.66
robot,1790471561.01,-5.414,-16.159,720.71
robot,1790471561.51,-5.300,-16.158,720.76
robot,1790471562.01,-5.183,-16.156,720.78
robot,1790471562.51,-5.068,-16.155,720.85
robot,1790471563.01,-4.953,-16.153,720.85
robot,1790471563.51,-4.838,-16.151,720.89
robot,1790471564.01,-4.723,-16.149,720.94
robot,1790471564.51,-4.610,-16.148,720.96
robot,1790471565.01,-4.498,-16.146,721.02
robot,1790471565.51,-4.383,-16.144,721.05
robot,1790471566.01,-4.269,-16.141,721.11
robot,1790471566.51,-4.152,-16.139,721.11
robot,1790471567.01,-4.037,-16.137,721.20
robot,1790471567.51,-3.922,-16.134,721.22
robot,1790471568.01,-3.806,-16.132,721.32
robot,1790471568.51,-3.692,-16.129,721.39
robot,1790471569.01,-3.579,-16.126,721.41
robot,1790471569.51,-3.461,-16.123,721.47
robot,1790471570.01,-3.347,-16.120,721.49
robot,1790471570.51,-3.235,-16.118,721.52
robot,1790471571.01,-3.121,-16.114,721.54
robot,1790471571.51,-3.003,-16.111,721.64
robot,1790471572.01,-2.881,-16.108,721.68
robot,1790471572.51,-2.752,-16.104,721.64
robot,1790471573.01,-2.615,-16.100,721.73
robot,1790471573.51,-2.483,-16.096,721.78
robot,1790471574.01,-2.347,-16.091,721.83
robot,1790471574.51,-2.219,-16.087,721.86
robot,1790471575.01,-2.107,-16.084,721.93
robot,1790471575.51,-1.965,-16.079,721.92
robot,1790471576.01,-1.817,-16.074,722.05
robot,1790471576.51,-1.673,-16.068,722.13
robot,1790471577.01,-1.530,-16.063,722.17
robot,1790471577.51,-1.384,-16.058,722.25
robot,1790471578.01,-1.241,-16.052,722.29
robot,1790471578.51,-1.092,-16.046,722.34
robot,1790471579.01,-0.949,-16.040,722.39
robot,1790471579.51,-0.811,-16.034,722.43
robot,1790471580.01,-0.667,-16.028,722.44
robot,1790471580.51,-0.528,-16.022,722.49
robot,1790471581.01,-0.389,-16.016,722.53
robot,1790471581.51,-0.248,-16.010,722.61
robot,1790471582.01,-0.111,-16.003,722.63
robot,1790471582.51,0.025,-15.997,722.66
robot,1790471583.01,0.159,-15.991,722.79
robot,1790471583.51,0.294,-15.984,722.75
robot,1790471584.01,0.427,-15.978,722.79
robot,1790471584.51,0.552,-15.972,722.84
robot,1790471585.01,0.637,-15.968,722.82
robot,1790471585.51,0.640,-15.967,722.84
robot,1790471586.01,0.639,-15.967,722.83
robot,1790471586.51,0.639,-15.967,722.83
robot,1790471587.01,0.639,-15.968,724.86
robot,1790471587.51,0.640,-15.967,739.11
robot,1790471588.01,0.640,-15.967,752.88
robot,1790471588.51,0.639,-15.967,766.68
robot,1790471589.01,0.640,-15.967,780.76
robot,1790471589.51,0.640,-15.967,794.73
robot,1790471590.01,0.639,-15.968,804.98
robot,1790471590.51,0.640,-15.967,804.93
robot,1790471591.01,0.640,-15.967,804.92
robot,1790471591.51,0.640,-15.967,804.91
robot,1790471592.01,0.640,-15.967,804.90
robot,1790471592.51,0.640,-15.967,804.87
robot,1790471593.01,0.640,-15.967,804.87
robot,1790471593.51,0.640,-15.967,804.86
robot,1790471594.01,0.640,-15.967,804.85
robot,1790471594.51,0.640,-15.967,804.86
robot,1790471595.01,0.640,-15.967,804.84
robot,1790471595.51,0.640,-15.959,804.94
robot,1790471596.01,0.647,-15.880,805.03
robot,1790471596.51,0.657,-15.767,805.15
robot,1790471597.01,0.667,-15.647,805.24
robot,1790471597.51,0.677,-15.526,805.34
robot,1790471598.01,0.688,-15.391,805.41
robot,1790471598.51,0.699,-15.246,805.50
robot,1790471599.01,0.711,-15.095,805.56
robot,1790471599.51,0.723,-14.939,805.62
robot,1790471600.01,0.735,-14.781,806.04
robot,1790471600.51,0.741,-14.625,810.10
robot,1790471601.01,0.742,-14.469,810.10
robot,1790471601.51,0.741,-14.299,810.23
robot,1790471602.01,0.740,-14.122,810.42
robot,1790471602.51,0.738,-13.932,810.52
robot,1790471603.01,0.737,-13.732,810.61
robot,1790471603.51,0.734,-13.531,810.74
robot,1790471604.01,0.731,-13.332,810.86
robot,1790471604.51,0.728,-13.130,810.93
robot,1790471605.01,0.725,-12.932,811.01
robot,1790471605.51,0.721,-12.732,811.18
robot,1790471606.01,0.717,-12.534,811.22
robot,1790471606.51,0.712,-12.332,811.32
robot,1790471607.01,0.708,-12.132,811.45
robot,1790471607.51,0.702,-11.929,811.57
robot,1790471608.01,0.697,-11.731,811.59
robot,1790471608.51,0.691,-11.535,811.71
robot,1790471609.01,0.685,-11.332,811.86
robot,1790471609.51,0.678,-11.129,811.89
robot,1790471610.01,0.672,-10.930,811.95
robot,1790471610.51,0.665,-10.731,812.09
robot,1790471611.01,0.657,-10.532,812.15
robot,1790471611.51,0.650,-10.335,812.20
robot,1790471612.01,0.642,-10.134,812.29
robot,1790471612.51,0.634,-9.932,812.38
robot,1790471613.01,0.625,-9.735,812.40
robot,1790471613.51,0.617,-9.535,812.44
robot,1790471614.01,0.608,-9.330,812.62
robot,1790471614.51,0.599,-9.131,812.70
robot,1790471615.01,0.589,-8.935,812.76
robot,1790471615.51,0.580,-8.735,812.83
robot,1790471616.01,0.570,-8.536,812.78
robot,1790471616.51,0.561,-8.335,811.50
robot,1790471617.01,0.561,-8.134,809.91
robot,1790471617.51,0.561,-7.939,809.90
robot,1790471618.01,0.561,-7.738,809.88
robot,1790471618.51,0.562,-7.537,809.94
robot,1790471619.01,0.562,-7.339,810.01
robot,1790471619.51,0.561,-7.140,810.11
robot,1790471620.01,0.561,-6.937,810.19
robot,1790471620.51,0.560,-6.738,810.22
robot,1790471621.01,0.559,-6.536,810.27
robot,1790471621.51,0.558,-6.335,810.40
robot,1790471622.01,0.557,-6.134,810.47
robot,1790471622.51,0.555,-5.935,810.53
robot,1790471623.01,0.553,-5.737,810.59
robot,1790471623.51,0.551,-5.535,810.68
robot,1790471624.01,0.548,-5.338,810.78
robot,1790471624.51,0.545,-5.137,810.86
robot,1790471625.01,0.542,-4.936,810.96
robot,1790471625.51,0.539,-4.737,811.00
robot,1790471626.01,0.535,-4.534,811.00
robot,1790471626.51,0.532,-4.335,811.08
robot,1790471627.01,0.528,-4.140,811.17
robot,1790471627.51,0.524,-3.938,811.19
robot,1790471628.01,0.519,-3.735,811.26
robot,1790471629.29,0.507,-3.225,811.40
robot,1790471629.51,0.505,-3.138,811.44
robot,1790471630.01,0.500,-2.934,811.02
robot,1790471630.51,0.498,-2.736,810.27
robot,1790471631.01,0.498,-2.538,809.35
robot,1790471631.51,0.506,-2.336,806.84
robot,1790471632.01,0.517,-2.139,806.70
robot,1790471632.51,0.528,-1.940,806.75
robot,1790471633.01,0.540,-1.734,806.74
robot,1790471633.51,0.551,-1.539,806.70
robot,1790471634.01,0.562,-1.341,806.73
robot,1790471634.51,0.574,-1.138,806.84
robot,1790471635.01,0.585,-0.940,806.90
robot,1790471635.51,0.595,-0.738,806.96
robot,1790471636.01,0.606,-0.539,807.02
robot,1790471636.51,0.613,-0.406,807.04
robot,1790471637.01,0.618,-0.303,807.06
robot,1790471637.51,0.622,-0.227,807.06
robot,1790471638.01,0.622,-0.226,807.09
robot,1790471638.51,0.622,-0.226,807.00
robot,1790471639.01,0.622,-0.227,800.52
robot,1790471639.51,0.622,-0.227,789.67
robot,1790471640.01,0.626,-0.218,777.99
robot,1790471640.51,0.634,-0.208,766.13
robot,1790471641.01,0.640,-0.203,753.93
robot,1790471641.51,0.646,-0.200,741.70
robot,1790471642.39,0.646,-0.200,729.05
robot,1790471642.51,0.646,-0.200,729.06
robot,1790471643.01,0.647,-0.200,729.09
robot,1790471643.51,0.647,-0.200,729.08
robot,1790471644.01,0.647,-0.200,729.09
robot,1790471644.51,0.647,-0.200,729.08
robot,1790471645.01,0.647,-0.200,729.05
robot,1790471645.51,0.647,-0.200,724.23
robot,1790471646.01,0.648,-0.200,723.69
robot,1790471646.51,0.648,-0.200,723.71
robot,1790471647.01,0.648,-0.200,723.71
robot,1790471647.51,0.648,-0.200,723.71
robot,1790471648.01,0.648,-0.200,716.44
robot,1790471648.51,0.649,-0.200,705.85
robot,1790471649.01,0.648,-0.200,696.24
robot,1790471649.51,0.648,-0.199,686.51
robot,1790471650.01,0.648,-0.199,676.95
robot,1790471650.51,0.648,-0.199,668.08
robot,1790471651.01,0.649,-0.201,658.80
robot,1790471651.51,0.654,-0.211,649.38
robot,1790471652.01,0.657,-0.224,640.11
robot,1790471652.51,0.658,-0.234,635.49
robot,1790471653.01,0.658,-0.234,628.54
robot,1790471653.51,0.658,-0.234,629.37
robot,1790471654.01,0.658,-0.234,629.40
robot,1790471654.51,0.658,-0.234,629.40
robot,1790471655.01,0.658,-0.234,629.40
robot,1790471655.51,0.658,-0.249,628.98
robot,1790471656.01,0.655,-0.438,629.05
robot,1790471656.51,0.652,-0.637,629.12
robot,1790471657.01,0.649,-0.840,629.15
robot,1790471657.51,0.646,-1.036,629.22
robot,1790471658.01,0.643,-1.235,629.34
robot,1790471658.51,0.641,-1.438,629.38
robot,1790471659.01,0.639,-1.635,629.48
robot,1790471659.51,0.637,-1.839,629.56
robot,1790471660.01,0.636,-2.039,629.65
robot,1790471660.51,0.635,-2.236,629.68
robot,1790471661.01,0.634,-2.440,629.74
robot,1790471661.51,0.633,-2.639,629.89
robot,1790471662.01,0.633,-2.839,629.89
robot,1790471662.51,0.632,-3.038,629.92
robot,1790471663.01,0.632,-3.241,630.04
robot,1790471663.51,0.632,-3.444,630.07
robot,1790471664.01,0.633,-3.642,630.13
robot,1790471664.51,0.633,-3.841,630.20
robot,1790471665.01,0.634,-4.040,630.30
robot,1790471665.51,0.635,-4.241,630.37
robot,1790471666.01,0.637,-4.440,630.40
robot,1790471667.25,0.641,-4.941,630.58
robot,1790471667.51,0.642,-5.044,630.61
robot,1790471668.01,0.644,-5.242,630.70
robot,1790471668.51,0.647,-5.442,630.80
robot,1790471669.01,0.650,-5.644,630.82
robot,1790471669.51,0.653,-5.842,630.88
robot,1790471670.01,0.656,-6.042,631.04
robot,1790471670.51,0.660,-6.243,631.05
robot,1790471671.01,0.664,-6.440,631.16
robot,1790471671.51,0.668,-6.641,631.21
robot,1790471672.01,0.672,-6.842,631.32
robot,1790471672.51,0.677,-7.042,631.37
robot,1790471673.01,0.682,-7.245,631.44
robot,1790471673.51,0.687,-7.440,631.50
robot,1790471674.01,0.692,-7.640,631.56
robot,1790471674.51,0.698,-7.843,631.61
robot,1790471675.01,0.704,-8.039,631.74
robot,1790471675.51,0.710,-8.242,631.79
robot,1790471676.01,0.716,-8.440,631.91
robot,1790471676.51,0.723,-8.640,631.97
robot,1790471677.01,0.730,-8.843,632.09
robot,1790471677.51,0.737,-9.040,632.13
robot,1790471678.01,0.745,-9.236,632.19
robot,1790471678.51,0.753,-9.436,632.31
robot,1790471679.01,0.761,-9.639,632.31
robot,1790471679.51,0.769,-9.843,632.35
robot,1790471680.01,0.777,-10.040,632.43
robot,1790471680.51,0.786,-10.240,632.50
robot,1790471681.01,0.795,-10.441,632.53
robot,1790471681.51,0.804,-10.640,632.59
robot,1790471682.01,0.813,-10.836,632.68
robot,1790471682.51,0.822,-11.039,632.72
robot,1790471683.01,0.832,-11.239,632.82
robot,1790471683.51,0.842,-11.437,632.93
robot,1790471684.01,0.852,-11.637,632.91
robot,1790471684.51,0.859,-11.833,630.16
robot,1790471685.01,0.856,-12.033,629.05
robot,1790471685.51,0.853,-12.233,628.94
robot,1790471686.01,0.849,-12.432,628.99
robot,1790471686.51,0.846,-12.632,629.04
robot,1790471687.01,0.842,-12.831,629.05
robot,1790471687.51,0.839,-13.031,629.09
robot,1790471688.01,0.836,-13.233,629.25
robot,1790471688.51,0.834,-13.435,629.27
robot,1790471689.01,0.831,-13.633,629.34
robot,1790471689.51,0.829,-13.832,629.39
robot,1790471690.01,0.827,-14.030,629.49
robot,1790471690.51,0.825,-14.230,629.54
robot,1790471691.01,0.824,-14.431,629.60
robot,1790471691.51,0.823,-14.630,629.75
robot,1790471692.01,0.822,-14.833,629.75
robot,1790471692.51,0.821,-15.031,629.84
robot,1790471693.01,0.821,-15.234,629.90
robot,1790471693.51,0.820,-15.422,629.84
robot,1790471694.01,0.820,-15.453,629.88
robot,1790471694.51,0.820,-15.453,629.87
robot,1790471695.01,0.820,-15.453,629.88
robot,1790471695.51,0.820,-15.453,629.89
robot,1790471696.01,0.820,-15.453,629.89
robot,1790471696.51,0.820,-15.453,629.90
robot,1790471697.01,0.820,-15.453,629.89
robot,1790471697.51,0.820,-15.453,629.89
robot,1790471698.01,0.820,-15.453,629.88
robot,1790471698.51,0.820,-15.453,629.87
robot,1790471699.01,0.820,-15.453,629.86
robot,1790471699.51,0.820,-15.453,629.86
robot,1790471700.01,0.820,-15.453,629.85
robot,1790471700.51,0.820,-15.453,629.84
robot,1790471701.01,0.820,-15.453,629.84
robot,1790471701.51,0.820,-15.453,629.83
robot,1790471702.01,0.820,-15.452,628.47
robot,1790471702.51,0.820,-15.452,621.20
robot,1790471703.01,0.820,-15.453,612.67
robot,1790471703.51,0.820,-15.454,604.23
robot,1790471704.01,0.820,-15.453,595.85
robot,1790471704.51,0.819,-15.454,587.03
robot,1790471705.01,0.816,-15.457,578.14
robot,1790471705.51,0.812,-15.460,569.36
robot,1790471706.01,0.807,-15.462,560.63
robot,1790471706.51,0.801,-15.464,551.91
robot,1790471707.01,0.797,-15.464,543.13
robot,1790471707.51,0.798,-15.464,542.50
robot,1790471708.01,0.798,-15.464,542.52
robot,1790471708.51,0.798,-15.464,542.51
robot,1790471709.01,0.798,-15.464,542.50
robot,1790471709.51,0.798,-15.464,542.51
robot,1790471710.01,0.798,-15.464,542.49
robot,1790471710.51,0.798,-15.464,542.48
robot,1790471711.01,0.798,-15.464,542.50
robot,1790471711.51,0.798,-15.464,542.51
robot,1790471712.01,0.747,-15.466,542.32
robot,1790471712.51,0.587,-15.473,542.27
robot,1790471713.01,0.442,-15.478,542.23
robot,1790471713.51,0.282,-15.482,539.06
robot,1790471714.01,0.135,-15.478,538.54
robot,1790471714.51,-0.022,-15.474,538.53
robot,1790471715.01,-0.173,-15.470,538.54
robot,1790471715.51,-0.320,-15.466,538.54
robot,1790471716.01,-0.471,-15.463,538.55
robot,1790471716.51,-0.625,-15.459,538.60
robot,1790471717.01,-0.783,-15.455,538.59
robot,1790471717.51,-0.933,-15.451,538.64
robot,1790471718.01,-1.078,-15.448,538.68
robot,1790471718.51,-1.225,-15.445,538.75
robot,1790471719.01,-1.377,-15.441,538.82
robot,1790471719.51,-1.526,-15.438,538.86
robot,1790471720.01,-1.676,-15.436,538.92
robot,1790471720.51,-1.830,-15.433,538.96
robot,1790471721.01,-1.986,-15.430,539.04
robot,1790471721.51,-2.146,-15.427,539.12
robot,1790471722.01,-2.311,-15.425,539.21
robot,1790471722.51,-2.475,-15.423,539.26
robot,1790471723.01,-2.643,-15.421,539.34
robot,1790471723.51,-2.805,-15.419,539.33
robot,1790471724.01,-2.972,-15.417,539.40
robot,1790471724.51,-3.144,-15.415,539.47
robot,1790471725.01,-3.317,-15.414,539.51
robot,1790471725.51,-3.507,-15.412,539.60
robot,1790471726.01,-3.699,-15.411,539.68
robot,1790471726.51,-3.886,-15.410,539.72
robot,1790471727.01,-4.074,-15.409,539.78
robot,1790471727.51,-4.261,-15.409,539.89
robot,1790471728.01,-4.448,-15.408,539.95
robot,1790471728.51,-4.637,-15.408,540.01
robot,1790471729.01,-4.829,-15.408,540.05
robot,1790471729.51,-5.026,-15.409,540.07
robot,1790471730.01,-5.216,-15.409,540.16
robot,1790471730.51,-5.404,-15.410,540.23
robot,1790471731.01,-5.593,-15.410,539.28
robot,1790471731.51,-5.779,-15.406,538.89
robot,1790471732.01,-5.959,-15.398,536.05
robot,1790471733.17,-6.344,-15.367,533.86
robot,1790471733.51,-6.440,-15.357,533.77
robot,1790471734.01,-6.584,-15.341,533.71
robot,1790471734.51,-6.728,-15.325,533.65
robot,1790471735.01,-6.873,-15.309,533.65
robot,1790471735.51,-7.014,-15.293,533.63
robot,1790471736.01,-7.159,-15.277,533.67
robot,1790471736.51,-7.305,-15.261,533.72
robot,1790471737.01,-7.447,-15.245,533.76
robot,1790471737.51,-7.592,-15.230,533.78
robot,1790471738.01,-7.737,-15.214,533.81
robot,1790471738.51,-7.878,-15.198,533.81
robot,1790471739.01,-8.018,-15.183,533.84
robot,1790471739.51,-8.155,-15.169,533.90
robot,1790471740.01,-8.241,-15.159,533.92
robot,1790471740.51,-8.242,-15.159,533.95
robot,1790471741.01,-8.242,-15.159,533.95
robot,1790471741.51,-8.242,-15.159,533.94
robot,1790471742.01,-8.242,-15.159,533.94
robot,1790471742.51,-8.241,-15.159,536.70
robot,1790471743.01,-8.241,-15.159,545.60
robot,1790471743.51,-8.244,-15.160,555.03
robot,1790471744.01,-8.243,-15.160,564.22
robot,1790471744.51,-8.243,-15.159,573.42
robot,1790471745.01,-8.243,-15.160,582.73
robot,1790471745.51,-8.243,-15.160,591.95
robot,1790471746.01,-8.243,-15.159,600.68
robot,1790471746.51,-8.243,-15.160,608.43
robot,1790471747.01,-8.243,-15.160,616.25
robot,1790471747.51,-8.243,-15.160,624.17
robot,1790471748.01,-8.243,-15.160,632.01
robot,1790471748.51,-8.243,-15.159,639.86
robot,1790471749.01,-8.243,-15.160,647.72
robot,1790471749.51,-8.243,-15.160,655.50
robot,1790471750.01,-8.243,-15.160,663.04
robot,1790471750.51,-8.243,-15.160,670.97
robot,1790471751.01,-8.243,-15.160,678.89
robot,1790471751.51,-8.243,-15.160,687.25
robot,1790471752.01,-8.242,-15.160,695.68
robot,1790471752.51,-8.242,-15.160,703.93
robot,1790471753.01,-8.243,-15.160,712.28
robot,1790471753.51,-8.242,-15.160,714.58
robot,1790471754.01,-8.242,-15.160,714.55
robot,1790471754.51,-8.241,-15.160,714.54
robot,1790471755.01,-8.241,-15.160,714.53
robot,1790471755.51,-8.241,-15.160,714.53
robot,1790471756.01,-8.241,-15.160,714.51
robot,1790471756.51,-8.241,-15.160,714.50
robot,1790471757.01,-8.242,-15.160,716.25
robot,1790471757.51,-8.241,-15.160,717.57
robot,1790471758.01,-8.242,-15.160,717.56
robot,1790471758.51,-8.242,-15.160,717.54
robot,1790471759.01,-8.242,-15.160,717.54
camera,1790470344.87,0.000,0.000,0.00
camera,1790470345.04,0.007,0.000,0.02
camera,1790470345.50,0.004,0.000,0.02
camera,1790470346.00,0.005,0.000,0.00
camera,1790470346.57,0.004,0.000,0.01
camera,1790470347.04,0.000,0.000,0.02
camera,1790470347.67,0.006,-0.000,0.01
camera,1790470348.00,0.005,-0.000,0.02
camera,1790470348.50,0.006,-0.000,0.02
camera,1790470349.04,0.006,-0.000,-0.01
camera,1790470349.64,0.007,-0.000,0.00
camera,1790470350.04,0.004,-0.000,0.00
camera,1790470350.50,0.007,-0.000,-0.01
camera,1790470351.04,0.004,-0.000,-0.02
camera,1790470351.50,0.005,-0.000,-0.02
camera,1790470352.04,0.004,0.000,-0.00
camera,1790470352.54,0.008,0.000,0.01
camera,1790470353.00,0.005,0.000,0.03
camera,1790470353.54,0.003,0.000,0.00
camera,1790470354.04,0.007,0.000,0.01
camera,1790470354.50,0.005,0.000,0.01
camera,1790470355.00,0.005,0.000,-0.01
camera,1790470355.54,0.003,0.000,0.02
camera,1790470356.00,0.006,0.000,0.04
camera,1790470356.50,0.011,0.000,0.00
camera,1790470357.04,0.002,0.000,0.04
camera,1790470357.54,0.002,0.000,0.04
camera,1790470358.07,0.006,0.000,0.02
camera,1790470358.54,0.003,0.000,0.02
camera,1790470359.00,0.005,0.000,0.03
camera,1790470359.57,0.007,0.000,0.01
camera,1790470360.04,0.003,0.000,0.04
camera,1790470360.57,0.007,0.000,-0.01
camera,1790470361.00,0.007,0.000,0.02
camera,1790470361.60,-0.002,0.000,0.03
camera,1790470362.00,0.004,0.000,0.01
camera,1790470362.50,0.004,0.000,0.01
camera,1790470363.04,0.006,0.000,0.02
camera,1790470363.50,0.003,0.000,0.01
camera,1790470364.04,0.005,0.000,0.00
camera,1790470364.50,0.008,0.000,-0.02
camera,1790470365.00,0.007,0.000,0.01
camera,1790470365.60,0.005,-0.000,0.03
camera,1790470366.07,0.002,-0.000,0.03
camera,1790470366.54,0.005,-0.000,-0.03
camera,1790470367.00,0.007,-0.000,0.00
camera,1790470367.50,-0.001,-0.000,-0.00
camera,1790470368.10,0.006,-0.000,-0.01
camera,1790470368.50,0.005,-0.000,0.01
camera,1790470369.04,0.003,-0.000,0.02
camera,1790470369.60,0.005,-0.000,0.01
camera,1790470370.10,0.005,-0.000,0.01
camera,1790470370.60,0.008,-0.000,-0.00
camera,1790470371.07,0.007,-0.000,-0.01
camera,1790470371.60,0.006,-0.000,0.02
camera,1790470372.00,0.014,-0.000,0.00
camera,1790470372.54,0.005,-0.000,-0.01
camera,1790470373.10,0.007,-0.000,0.02
camera,1790470373.50,0.004,-0.000,0.02
camera,1790470374.04,0.005,-0.000,0.02
camera,1790470374.57,0.005,-0.000,0.02
camera,1790470375.10,0.009,-0.000,0.03
camera,1790470375.50,0.004,-0.000,-0.00
camera,1790470376.07,0.005,-0.000,0.03
camera,1790470376.60,0.005,-0.000,0.06
camera,1790470377.07,0.005,-0.000,-0.01
camera,1790470377.60,0.005,-0.000,0.01
camera,1790470378.04,0.005,-0.000,-0.00
camera,1790470378.54,0.006,-0.000,-0.02
camera,1790470379.04,0.007,-0.000,0.02
camera,1790470379.57,0.006,-0.000,-0.01
camera,1790470380.10,0.005,-0.000,0.00
camera,1790470380.50,0.005,-0.000,0.00
camera,1790470381.07,0.003,-0.000,0.02
camera,1790470381.57,0.007,-0.000,0.03
camera,1790470382.00,0.006,-0.000,-0.00
camera,1790470382.54,0.007,-0.000,0.02
camera,1790470383.07,0.003,-0.000,0.02
camera,1790470383.54,0.004,-0.000,0.03
camera,1790470384.10,0.008,-0.000,-0.01
camera,1790470384.50,0.006,-0.000,0.05
camera,1790470385.04,0.003,-0.000,0.02
camera,1790470385.57,0.004,-0.000,-0.03
camera,1790470386.14,0.004,-0.000,0.02
camera,1790470386.54,0.009,-0.000,-0.01
camera,1790470387.07,0.007,-0.000,0.00
camera,1790470387.50,0.005,-0.000,-0.00
camera,1790470388.04,0.005,-0.000,0.04
camera,1790470388.57,0.009,-0.000,0.03
camera,1790470389.10,0.010,-0.000,0.03
camera,1790470389.50,0.009,-0.000,0.02
camera,1790470390.04,0.007,-0.000,0.02
camera,1790470390.60,0.005,-0.000,-0.00
camera,1790470391.00,0.008,-0.000,-0.01
camera,1790470391.54,0.006,-0.000,0.03
camera,1790470392.07,0.009,-0.000,-0.02
camera,1790470392.60,0.006,-0.000,0.03
camera,1790470393.00,0.006,-0.000,0.03
camera,1790470393.57,0.009,-0.000,0.04
camera,1790470394.10,0.012,-0.000,0.07
camera,1790470394.50,0.009,-0.000,-0.00
camera,1790470395.70,0.008,-0.000,0.01
camera,1790470396.10,0.009,-0.000,0.02
camera,1790470396.50,0.006,-0.000,0.00
camera,1790470397.04,0.008,-0.000,0.02
camera,1790470397.57,0.006,-0.000,0.01
camera,1790470398.14,0.006,-0.000,-0.01
camera,1790470398.54,0.005,-0.000,0.03
camera,1790470399.07,0.007,-0.000,0.02
camera,1790470399.60,0.005,-0.000,0.02
camera,1790470400.00,0.015,-0.000,0.02
camera,1790470400.54,0.009,0.000,0.06
camera,1790470401.10,0.004,0.000,-0.01
camera,1790470401.50,0.005,0.000,0.02
camera,1790470402.04,0.009,0.000,0.02
camera,1790470402.60,-0.002,0.000,0.01
camera,1790470403.00,0.009,0.000,0.00
camera,1790470403.54,0.005,0.000,0.03
camera,1790470404.07,0.008,0.000,0.02
camera,1790470404.60,0.008,0.000,0.02
camera,1790470405.00,0.006,0.000,-0.01
camera,1790470405.54,0.008,0.000,0.02
camera,1790470406.07,0.008,0.000,0.02
camera,1790470406.50,0.004,0.000,0.04
camera,1790470407.04,0.006,0.000,0.02
camera,1790470407.60,0.011,0.000,0.02
camera,1790470408.10,0.008,0.000,-0.01
camera,1790470408.54,0.005,-0.000,0.03
camera,1790470409.07,0.006,-0.000,0.02
camera,1790470409.60,0.006,-0.000,0.03
camera,1790470410.00,0.009,-0.000,-0.02
camera,1790470410.57,0.013,-0.000,0.01
camera,1790470411.10,0.008,-0.000,0.06
camera,1790470411.50,0.006,-0.000,0.03
camera,1790470412.04,0.001,0.000,-0.01
camera,1790470412.57,0.008,0.000,0.00
camera,1790470413.10,0.005,0.000,0.01
camera,1790470413.50,0.009,0.000,0.01
camera,1790470414.07,0.004,0.000,-0.02
camera,1790470414.60,0.003,0.000,-0.01
camera,1790470415.10,0.008,0.000,0.03
camera,1790470415.54,0.007,0.000,0.03
camera,1790470416.07,0.007,0.000,-0.00
camera,1790470416.64,0.007,0.000,0.02
camera,1790470417.04,0.007,0.000,0.00
camera,1790470417.57,0.003,0.000,0.02
camera,1790470418.10,0.006,0.000,0.02
camera,1790470418.50,0.007,0.000,-0.03
camera,1790470419.04,0.005,0.000,0.01
camera,1790470419.57,0.007,0.000,0.01
camera,1790470420.10,0.004,0.000,0.03
camera,1790470420.50,0.007,0.000,0.01
camera,1790470421.04,0.005,0.000,0.00
camera,1790470421.60,0.004,0.000,-0.01
camera,1790470422.00,0.007,0.000,-0.02
camera,1790470422.54,0.009,0.000,0.02
camera,1790470423.07,0.002,0.000,0.01
camera,1790470423.60,0.006,0.000,0.02
camera,1790470424.04,0.006,0.000,-0.00
camera,1790470424.54,0.008,0.000,0.05
camera,1790470425.00,0.005,0.000,0.01
camera,1790470425.54,0.004,0.000,0.03
camera,1790470426.10,0.009,0.000,0.03
camera,1790470426.50,0.006,0.000,0.03
camera,1790470427.04,0.008,0.000,-0.04
camera,1790470427.57,0.005,0.000,0.03
camera,1790470428.10,0.007,0.000,-0.04
camera,1790470428.50,0.008,0.000,0.02
camera,1790470429.04,0.006,0.000,0.02
camera,1790470429.57,0.007,0.000,-0.01
camera,1790470430.30,0.008,0.000,0.04
camera,1790470430.60,0.006,0.000,-0.01
camera,1790470431.00,0.003,0.000,0.03
camera,1790470431.54,0.007,0.000,0.03
camera,1790470432.10,0.007,0.000,0.02
camera,1790470432.50,0.004,0.000,0.04
camera,1790470433.04,0.008,0.000,0.03
camera,1790470433.57,0.005,0.000,0.02
camera,1790470434.10,0.007,0.000,0.02
camera,1790470434.50,0.008,0.000,0.03
camera,1790470435.04,0.006,0.000,0.02
camera,1790470435.60,0.003,0.000,-0.02
camera,1790470436.00,0.005,0.000,0.03
camera,1790470436.54,0.007,0.000,0.03
camera,1790470437.10,0.006,0.000,0.02
camera,1790470437.50,0.005,0.000,0.05
camera,1790470438.04,0.007,0.000,0.03
camera,1790470438.60,0.006,0.000,0.01
camera,1790470439.00,0.005,0.000,0.01
camera,1790470439.57,0.007,0.000,-0.00
camera,1790470440.10,0.005,0.000,-0.01
camera,1790470440.50,0.004,0.000,0.02
camera,1790470441.04,0.006,0.000,0.03
camera,1790470441.50,0.008,0.000,0.01
camera,1790470442.04,0.006,0.000,0.04
camera,1790470442.60,0.006,0.000,-0.01
camera,1790470443.00,0.005,0.000,0.00
camera,1790470443.54,0.005,0.000,-0.02
camera,1790470444.10,0.009,0.000,0.01
camera,1790470444.50,0.005,0.000,0.01
camera,1790470445.04,0.007,0.000,0.04
camera,1790470445.57,0.006,0.000,0.02
camera,1790470446.17,0.006,0.000,0.01
camera,1790470446.54,0.006,0.000,0.01
camera,1790470447.00,0.007,0.000,-0.01
camera,1790470447.54,0.005,0.000,0.03
camera,1790470448.07,0.007,0.000,0.00
camera,1790470448.67,0.008,0.000,0.02
camera,1790470449.07,0.006,0.000,0.02
camera,1790470449.64,0.007,0.000,0.01
camera,1790470450.04,0.009,0.000,0.02
camera,1790470450.50,0.004,0.000,0.02
camera,1790470451.04,0.003,0.000,-0.05
camera,1790470451.50,0.005,0.000,0.03
camera,1790470452.10,0.008,0.000,0.02
camera,1790470452.57,0.004,0.000,0.01
camera,1790470453.04,0.005,0.000,-0.02
camera,1790470453.54,0.006,0.000,0.03
camera,1790470454.07,0.006,0.000,0.03
camera,1790470454.54,0.006,0.000,0.00
camera,1790470455.00,0.010,0.000,0.01
camera,1790470455.60,0.009,0.000,0.00
camera,1790470456.04,0.008,0.000,-0.02
camera,1790470456.57,0.005,0.000,0.00
camera,1790470457.04,0.006,0.000,0.00
camera,1790470457.57,0.005,0.000,0.02
camera,1790470458.07,0.005,0.000,0.01
camera,1790470458.67,0.009,0.000,0.03
camera,1790470459.00,0.006,0.000,-0.00
camera,1790470459.54,0.008,0.000,-0.02
camera,1790470460.14,0.012,0.000,0.01
camera,1790470460.67,0.008,0.000,0.02
camera,1790470461.00,0.002,0.000,0.04
camera,1790470461.60,0.010,0.000,0.00
camera,1790470462.10,0.009,0.000,0.02
camera,1790470462.50,0.006,0.000,0.02
camera,1790470463.17,0.001,0.000,0.04
camera,1790470463.57,0.001,0.000,-0.00
camera,1790470464.04,0.007,0.000,-0.02
camera,1790470464.67,0.009,0.000,0.02
camera,1790470465.00,0.006,0.000,-0.01
camera,1790470465.50,0.008,0.000,-0.02
camera,1790470466.04,0.007,0.000,0.03
camera,1790470466.57,0.006,0.000,-0.00
camera,1790470467.10,0.007,0.000,0.01
camera,1790470467.50,0.005,0.000,0.00
camera,1790470468.04,0.005,0.000,0.02
camera,1790470468.54,0.008,0.000,0.02
camera,1790470469.07,0.004,0.000,0.01
camera,1790470469.54,0.007,0.000,0.06
camera,1790470470.14,0.005,0.000,0.02
camera,1790470470.67,0.008,0.000,0.00
camera,1790470471.00,0.005,0.000,-0.01
camera,1790470471.54,0.033,0.000,0.05
camera,1790470472.00,0.072,0.000,0.04
camera,1790470472.67,0.124,0.000,0.08
camera,1790470473.10,0.170,0.000,0.09
camera,1790470473.64,0.216,0.000,0.09
camera,1790470474.10,0.237,0.000,0.08
camera,1790470474.60,0.240,0.000,0.10
camera,1790470475.10,0.238,0.000,0.11
camera,1790470475.60,0.241,0.000,-4.33
camera,1790470476.07,0.236,0.002,-11.18
camera,1790470476.60,0.241,-0.000,-18.86
camera,1790470477.00,0.253,-0.006,-24.54
camera,1790470477.60,0.262,-0.013,-33.01
camera,1790470478.07,0.273,-0.023,-39.64
camera,1790470478.54,0.285,-0.036,-46.16
camera,1790470479.47,0.266,-0.014,-58.86
camera,1790470479.54,0.266,-0.014,-59.87
camera,1790470480.00,0.265,-0.010,-66.48
camera,1790470480.54,0.266,-0.017,-74.01
camera,1790470481.04,0.267,-0.022,-80.76
camera,1790470481.50,0.267,-0.015,-87.12
camera,1790470482.04,0.266,-0.028,-92.78
camera,1790470482.50,0.265,-0.032,-94.59
camera,1790470483.00,0.266,-0.031,-94.55
camera,1790470483.50,0.266,-0.031,-94.55
camera,1790470484.00,0.266,-0.025,-94.57
camera,1790470484.54,0.265,-0.036,-94.52
camera,1790470485.00,0.266,-0.026,-94.55
camera,1790470485.54,0.266,-0.034,-94.49
camera,1790470486.00,0.266,-0.031,-94.58
camera,1790470486.54,0.266,-0.032,-94.54
camera,1790470487.07,0.266,-0.026,-94.55
camera,1790470487.54,0.266,-0.031,-94.53
camera,1790470488.04,0.266,-0.027,-94.54
camera,1790470488.50,0.266,-0.027,-94.53
camera,1790470489.04,0.266,-0.033,-94.55
camera,1790470489.50,0.264,-0.058,-94.61
camera,1790470490.04,0.258,-0.133,-94.55
camera,1790470490.50,0.253,-0.203,-94.55
camera,1790470491.07,0.246,-0.289,-94.63
camera,1790470491.50,0.240,-0.354,-94.67
camera,1790470492.07,0.233,-0.448,-94.61
camera,1790470492.54,0.227,-0.522,-94.63
camera,1790470493.00,0.221,-0.596,-94.57
camera,1790470493.54,0.214,-0.688,-94.57
camera,1790470494.00,0.208,-0.757,-94.55
camera,1790470494.54,0.201,-0.844,-94.55
camera,1790470495.00,0.196,-0.916,-94.50
camera,1790470495.54,0.188,-1.009,-94.42
camera,1790470496.04,0.182,-1.093,-94.38
camera,1790470496.50,0.176,-1.172,-94.32
camera,1790470497.04,0.170,-1.255,-94.27
camera,1790470497.50,0.164,-1.331,-94.27
camera,1790470498.04,0.158,-1.413,-94.21
camera,1790470498.50,0.153,-1.487,-94.18
camera,1790470499.04,0.147,-1.566,-94.14
camera,1790470499.50,0.142,-1.637,-94.16
camera,1790470500.04,0.135,-1.738,-94.13
camera,1790470500.54,0.131,-1.791,-94.07
camera,1790470501.00,0.124,-1.886,-94.01
camera,1790470501.54,0.119,-1.966,-94.00
camera,1790470502.00,0.113,-2.045,-94.01
camera,1790470502.54,0.107,-2.132,-93.86
camera,1790470503.00,0.103,-2.191,-93.89
camera,1790470503.54,0.097,-2.286,-93.83
camera,1790470504.00,0.092,-2.356,-93.80
camera,1790470504.50,0.087,-2.438,-93.71
camera,1790470505.00,0.082,-2.519,-93.75
camera,1790470505.50,0.080,-2.599,-93.65
camera,1790470506.04,0.076,-2.667,-93.67
camera,1790470506.50,0.071,-2.734,-93.76
camera,1790470507.04,0.065,-2.828,-93.76
camera,1790470507.50,0.061,-2.895,-93.64
camera,1790470508.04,0.055,-2.982,-93.63
camera,1790470508.54,0.050,-3.064,-93.54
camera,1790470509.04,0.046,-3.140,-93.39
camera,1790470509.54,0.045,-3.149,-93.47
camera,1790470510.00,0.045,-3.156,-92.82
camera,1790470510.54,0.045,-3.153,-90.38
camera,1790470511.00,0.044,-3.153,-88.37
camera,1790470511.54,0.045,-3.175,-88.38
camera,1790470512.00,0.048,-3.259,-88.25
camera,1790470512.57,0.050,-3.354,-88.25
camera,1790470513.00,0.052,-3.428,-88.09
camera,1790470513.50,0.053,-3.473,-88.16
camera,1790470514.04,0.054,-3.507,-88.05
camera,1790470514.50,0.055,-3.531,-88.03
camera,1790470515.04,0.056,-3.554,-88.04
camera,1790470515.50,0.056,-3.583,-88.06
camera,1790470516.04,0.058,-3.642,-88.00
camera,1790470516.50,0.061,-3.698,-87.92
camera,1790470517.00,0.064,-3.798,-87.92
camera,1790470517.54,0.068,-3.909,-87.76
camera,1790470518.00,0.072,-4.006,-87.77
camera,1790470518.54,0.076,-4.116,-87.66
camera,1790470519.00,0.080,-4.212,-87.63
camera,1790470519.54,0.085,-4.326,-87.64
camera,1790470520.00,0.089,-4.423,-87.51
camera,1790470520.50,0.094,-4.528,-87.44
camera,1790470521.04,0.099,-4.648,-87.46
camera,1790470521.50,0.103,-4.744,-87.51
camera,1790470522.04,0.109,-4.850,-87.40
camera,1790470522.50,0.116,-4.991,-87.27
camera,1790470523.04,0.121,-5.109,-87.05
camera,1790470523.50,0.128,-5.237,-87.07
camera,1790470524.00,0.135,-5.369,-86.96
camera,1790470524.54,0.141,-5.476,-87.06
camera,1790470525.00,0.148,-5.599,-87.01
camera,1790470525.54,0.157,-5.729,-86.87
camera,1790470526.00,0.163,-5.846,-86.89
camera,1790470526.54,0.171,-5.985,-86.82
camera,1790470527.00,0.181,-6.104,-86.73
camera,1790470527.54,0.189,-6.233,-86.66
camera,1790470528.00,0.196,-6.359,-86.60
camera,1790470528.50,0.204,-6.475,-86.66
camera,1790470529.04,0.212,-6.594,-86.46
camera,1790470529.50,0.220,-6.717,-86.42
camera,1790470530.04,0.229,-6.850,-86.32
camera,1790470530.70,0.239,-7.007,-86.28
camera,1790470531.04,0.245,-7.097,-86.28
camera,1790470531.50,0.253,-7.217,-86.20
camera,1790470532.04,0.263,-7.352,-85.95
camera,1790470532.50,0.271,-7.467,-86.00
camera,1790470533.07,0.281,-7.611,-85.97
camera,1790470533.50,0.288,-7.715,-85.97
camera,1790470534.00,0.297,-7.840,-85.87
camera,1790470534.54,0.307,-7.973,-85.76
camera,1790470535.00,0.316,-8.087,-85.83
camera,1790470535.54,0.326,-8.223,-85.76
camera,1790470536.00,0.335,-8.345,-85.65
camera,1790470536.54,0.345,-8.473,-85.69
camera,1790470537.00,0.354,-8.589,-85.73
camera,1790470537.50,0.363,-8.711,-85.69
camera,1790470538.00,0.372,-8.829,-85.68
camera,1790470538.50,0.382,-8.957,-85.56
camera,1790470539.04,0.391,-9.081,-85.69
camera,1790470539.50,0.400,-9.192,-85.67
camera,1790470540.04,0.410,-9.323,-85.69
camera,1790470540.50,0.419,-9.441,-85.63
camera,1790470541.04,0.429,-9.571,-85.57
camera,1790470541.54,0.440,-9.709,-85.49
camera,1790470542.00,0.450,-9.834,-85.52
camera,1790470542.50,0.461,-9.971,-85.37
camera,1790470543.00,0.471,-10.096,-85.34
camera,1790470543.54,0.483,-10.240,-85.22
camera,1790470544.00,0.493,-10.355,-85.11
camera,1790470544.54,0.506,-10.484,-84.60
camera,1790470545.04,0.519,-10.604,-84.06
camera,1790470545.50,0.533,-10.725,-83.51
camera,1790470546.00,0.548,-10.842,-83.15
camera,1790470546.54,0.563,-10.969,-83.10
camera,1790470547.00,0.577,-11.083,-83.04
camera,1790470547.54,0.594,-11.218,-82.95
camera,1790470548.04,0.609,-11.340,-82.95
camera,1790470548.50,0.623,-11.454,-82.92
camera,1790470549.04,0.642,-11.597,-82.79
camera,1790470549.50,0.656,-11.710,-82.76
camera,1790470550.00,0.673,-11.839,-82.60
camera,1790470550.54,0.690,-11.968,-82.64
camera,1790470551.00,0.705,-12.081,-82.60
camera,1790470551.54,0.722,-12.210,-82.56
camera,1790470552.00,0.736,-12.320,-82.63
camera,1790470552.54,0.753,-12.452,-82.64
camera,1790470553.00,0.768,-12.567,-82.69
camera,1790470553.54,0.787,-12.711,-82.62
camera,1790470554.04,0.804,-12.842,-82.57
camera,1790470554.54,0.821,-12.971,-82.55
camera,1790470555.04,0.836,-13.093,-82.62
camera,1790470555.50,0.850,-13.203,-82.69
camera,1790470556.04,0.867,-13.329,-82.73
camera,1790470556.50,0.881,-13.448,-82.99
camera,1790470557.04,0.879,-13.550,-89.09
camera,1790470557.50,0.879,-13.637,-89.46
camera,1790470558.04,0.882,-13.762,-89.15
camera,1790470558.50,0.882,-13.842,-89.83
camera,1790470559.00,0.882,-13.930,-90.17
camera,1790470559.54,0.880,-14.027,-91.17
camera,1790470560.00,0.878,-14.101,-91.93
camera,1790470560.54,0.875,-14.189,-92.93
camera,1790470561.00,0.877,-14.214,-94.56
camera,1790470568.17,0.447,-15.470,-68.90
camera,1790470568.50,0.449,-15.467,-62.95
camera,1790470569.04,0.495,-15.511,-52.89
camera,1790470569.50,0.489,-15.502,-45.24
camera,1790470570.07,0.505,-15.511,-35.49
camera,1790470570.54,0.507,-15.512,-27.56
camera,1790470571.00,0.529,-15.518,-19.67
camera,1790470571.50,0.548,-15.521,-11.24
camera,1790470572.04,0.561,-15.521,-3.02
camera,1790470572.50,0.566,-15.521,-3.35
camera,1790470573.00,0.566,-15.521,-3.38
camera,1790470573.54,0.566,-15.521,-3.38
camera,1790470574.04,0.563,-15.521,-3.36
camera,1790470574.50,0.564,-15.521,-3.37
camera,1790470575.00,0.565,-15.521,-3.37
camera,1790470575.54,0.564,-15.521,-3.39
camera,1790470576.04,0.561,-15.521,-3.36
camera,1790470576.50,0.565,-15.521,-3.38
camera,1790470577.00,0.567,-15.521,-3.38
camera,1790470577.54,0.565,-15.521,-3.38
camera,1790470578.04,0.565,-15.521,-2.13
camera,1790470578.50,0.586,-15.516,7.42
camera,1790470579.00,0.611,-15.506,17.62
camera,1790470579.54,0.630,-15.494,28.48
camera,1790470580.00,0.653,-15.472,38.16
camera,1790470580.50,0.673,-15.445,48.49
camera,1790470581.04,0.700,-15.387,59.68
camera,1790470581.50,0.715,-15.327,69.78
camera,1790470582.00,0.718,-15.282,80.48
camera,1790470582.54,0.716,-15.248,89.55
camera,1790470583.00,0.713,-15.234,92.56
camera,1790470583.54,0.713,-15.237,92.53
camera,1790470584.04,0.713,-15.222,92.56
camera,1790470584.50,0.713,-15.226,92.51
camera,1790470585.04,0.713,-15.230,92.53
camera,1790470585.50,0.713,-15.227,92.53
camera,1790470586.04,0.713,-15.229,92.49
camera,1790470586.50,0.713,-15.234,92.49
camera,1790470587.04,0.713,-15.235,92.53
camera,1790470587.50,0.712,-15.225,94.15
camera,1790470588.00,0.697,-15.181,103.51
camera,1790470588.54,0.673,-15.139,113.94
camera,1790470589.07,0.656,-15.119,124.10
camera,1790470589.54,0.568,-15.057,134.93
camera,1790470590.00,0.559,-15.051,143.84
camera,1790470590.50,0.539,-15.043,153.23
camera,1790470591.04,0.521,-15.038,163.54
camera,1790470591.50,0.504,-15.037,172.61
camera,1790470592.07,0.471,-15.041,183.82
camera,1790470592.54,0.442,-15.047,188.15
camera,1790470593.00,0.448,-15.046,188.14
camera,1790470593.54,0.450,-15.045,188.11
camera,1790470594.00,0.453,-15.045,188.12
camera,1790470594.50,0.455,-15.044,188.15
camera,1790470595.04,0.455,-15.044,188.13
camera,1790470595.50,0.449,-15.045,188.14
camera,1790470596.07,0.449,-15.045,188.11
camera,1790470596.54,0.452,-15.045,188.12
camera,1790470597.00,0.450,-15.045,188.11
camera,1790470597.50,0.460,-15.043,188.31
camera,1790470598.04,0.445,-15.046,190.75
camera,1790470598.50,0.427,-15.052,197.29
camera,1790470599.04,0.409,-15.062,205.49
camera,1790470599.54,0.377,-15.085,213.05
camera,1790470600.00,0.360,-15.100,220.19
camera,1790470600.54,0.341,-15.124,228.62
camera,1790470609.90,0.419,-14.841,270.09
camera,1790470610.04,0.419,-14.815,270.46
camera,1790470610.50,0.420,-14.737,270.59
camera,1790470611.04,0.419,-14.654,271.29
camera,1790470611.50,0.418,-14.575,271.73
camera,1790470612.07,0.415,-14.471,271.94
camera,1790470612.50,0.413,-14.401,272.12
camera,1790470613.00,0.411,-14.301,271.99
camera,1790470613.54,0.407,-14.202,272.07
camera,1790470614.00,0.404,-14.114,272.22
camera,1790470614.54,0.400,-14.028,272.47
camera,1790470615.00,0.396,-13.945,272.44
camera,1790470615.54,0.392,-13.853,272.63
camera,1790470616.00,0.388,-13.770,272.55
camera,1790470616.54,0.384,-13.679,272.55
camera,1790470617.00,0.381,-13.596,272.58
camera,1790470617.50,0.377,-13.503,272.62
camera,1790470618.04,0.372,-13.403,272.62
camera,1790470618.50,0.368,-13.312,272.69
camera,1790470619.04,0.362,-13.203,272.70
camera,1790470619.50,0.358,-13.102,272.69
camera,1790470620.04,0.352,-12.986,272.74
camera,1790470620.50,0.348,-12.885,272.69
camera,1790470621.00,0.342,-12.771,272.65
camera,1790470621.54,0.337,-12.649,272.67
camera,1790470622.00,0.332,-12.543,272.57
camera,1790470622.54,0.326,-12.422,272.54
camera,1790470623.04,0.321,-12.308,272.58
camera,1790470623.50,0.317,-12.201,272.48
camera,1790470624.04,0.311,-12.079,272.58
camera,1790470624.50,0.306,-11.972,272.52
camera,1790470625.07,0.301,-11.845,272.54
camera,1790470625.54,0.296,-11.732,272.43
camera,1790470626.00,0.292,-11.629,272.44
camera,1790470626.57,0.287,-11.496,272.33
camera,1790470627.04,0.283,-11.392,272.33
camera,1790470627.50,0.278,-11.282,272.30
camera,1790470628.04,0.274,-11.167,272.27
camera,1790470628.54,0.269,-11.046,272.17
camera,1790470629.00,0.266,-10.939,272.11
camera,1790470629.54,0.261,-10.815,272.02
camera,1790470630.04,0.257,-10.702,272.03
camera,1790470630.50,0.254,-10.599,272.04
camera,1790470637.30,0.494,-8.852,268.72
camera,1790470637.50,0.495,-8.805,268.75
camera,1790470638.04,0.498,-8.678,268.70
camera,1790470638.50,0.500,-8.568,268.75
camera,1790470639.04,0.503,-8.446,268.71
camera,1790470639.50,0.506,-8.324,268.62
camera,1790470640.04,0.509,-8.194,268.71
camera,1790470640.50,0.512,-8.074,268.60
camera,1790470641.07,0.516,-7.930,268.50
camera,1790470641.54,0.519,-7.820,268.47
camera,1790470642.00,0.522,-7.701,268.49
camera,1790470642.54,0.526,-7.561,268.41
camera,1790470643.00,0.530,-7.436,268.45
camera,1790470643.50,0.533,-7.309,268.43
camera,1790470644.04,0.539,-7.111,268.32
camera,1790470644.50,0.543,-6.948,268.31
camera,1790470645.04,0.549,-6.750,268.19
camera,1790470645.50,0.553,-6.615,268.33
camera,1790470646.04,0.558,-6.465,268.23
camera,1790470646.50,0.562,-6.339,268.16
camera,1790470647.04,0.567,-6.176,268.11
camera,1790470647.50,0.572,-6.045,267.96
camera,1790470648.04,0.578,-5.900,267.92
camera,1790470648.54,0.584,-5.764,267.82
camera,1790470649.00,0.589,-5.631,267.75
camera,1790470649.54,0.595,-5.486,267.71
camera,1790470650.00,0.599,-5.367,267.75
camera,1790470650.54,0.597,-5.211,269.89
camera,1790470651.00,0.591,-5.088,271.81
camera,1790470651.54,0.583,-4.922,272.31
camera,1790470652.00,0.578,-4.804,272.33
camera,1790470652.50,0.572,-4.663,272.52
camera,1790470653.00,0.565,-4.522,272.52
camera,1790470653.50,0.559,-4.394,272.60
camera,1790470654.04,0.553,-4.259,272.54
camera,1790470654.50,0.547,-4.125,272.58
camera,1790470655.04,0.539,-3.953,272.57
camera,1790470655.50,0.535,-3.862,272.50
camera,1790470656.04,0.525,-3.674,272.63
camera,1790470656.51,0.522,-3.602,272.39
camera,1790470657.04,0.518,-3.486,272.31
camera,1790470657.50,0.513,-3.370,272.31
camera,1790470658.00,0.507,-3.247,272.33
camera,1790470658.54,0.503,-3.106,272.21
camera,1790470659.00,0.499,-3.000,272.24
camera,1790470659.54,0.494,-2.880,272.19
camera,1790470660.00,0.490,-2.770,272.28
camera,1790470660.57,0.484,-2.618,272.25
camera,1790470661.00,0.480,-2.511,272.26
camera,1790470661.57,0.475,-2.363,272.10
camera,1790470662.04,0.470,-2.244,272.10
camera,1790470662.50,0.466,-2.125,272.17
camera,1790470663.04,0.461,-1.981,272.12
camera,1790470663.50,0.457,-1.867,272.00
camera,1790470664.04,0.452,-1.720,271.93
camera,1790470664.51,0.448,-1.602,271.94
camera,1790470665.04,0.444,-1.459,271.91
camera,1790470665.54,0.439,-1.329,271.93
camera,1790470666.07,0.434,-1.194,272.06
camera,1790470666.54,0.422,-1.078,275.07
camera,1790470667.01,0.401,-0.963,278.58
camera,1790470667.54,0.370,-0.836,282.60
camera,1790470668.01,0.338,-0.737,286.16
camera,1790470668.51,0.295,-0.628,289.84
camera,1790470669.04,0.238,-0.522,296.53
camera,1790470669.51,0.166,-0.430,303.60
camera,1790470670.51,0.135,0.029,310.93
camera,1790470671.04,0.133,0.030,315.71
camera,1790470671.51,0.140,0.027,323.44
camera,1790470672.04,0.137,0.028,332.57
camera,1790470672.51,0.144,0.026,340.41
camera,1790470673.01,0.150,0.026,349.11
camera,1790470673.51,0.174,0.026,358.32
camera,1790470674.01,0.188,0.028,361.62
camera,1790470674.54,0.187,0.028,361.60
camera,1790470675.01,0.186,0.028,361.58
camera,1790470675.54,0.185,0.028,361.58
camera,1790470676.01,0.185,0.028,361.62
camera,1790470676.54,0.187,0.028,361.61
camera,1790470677.04,0.186,0.028,361.61
camera,1790470677.54,0.191,0.028,361.59
camera,1790470678.04,0.187,0.028,361.61
camera,1790470678.51,0.207,0.029,361.65
camera,1790470679.04,0.296,0.031,361.77
camera,1790470679.51,0.376,0.034,361.80
camera,1790470680.04,0.472,0.037,361.89
camera,1790470680.51,0.537,0.040,362.03
camera,1790470681.01,0.609,0.042,362.10
camera,1790470681.54,0.690,0.045,362.18
camera,1790470682.04,0.770,0.049,362.30
camera,1790470682.51,0.839,0.051,362.26
camera,1790470683.04,0.930,0.055,362.31
camera,1790470683.51,0.992,0.058,362.34
camera,1790470684.14,1.093,0.062,362.42
camera,1790470684.54,1.171,0.065,362.40
camera,1790470685.01,1.243,0.068,362.40
camera,1790470685.54,1.322,0.071,362.48
camera,1790470686.01,1.395,0.074,362.52
camera,1790470686.51,1.471,0.078,362.55
camera,1790470687.01,1.557,0.081,362.53
camera,1790470687.51,1.639,0.085,362.64
camera,1790470688.04,1.716,0.089,362.60
camera,1790470688.54,1.829,0.095,362.70
camera,1790470689.04,1.911,0.099,362.68
camera,1790470689.51,1.961,0.101,362.68
camera,1790470690.04,2.055,0.105,362.67
camera,1790470690.51,2.112,0.108,362.65
camera,1790470691.01,2.163,0.111,362.67
camera,1790470691.54,2.274,0.116,362.72
camera,1790470692.01,2.342,0.119,362.82
camera,1790470692.54,2.412,0.123,362.82
camera,1790470693.01,2.475,0.126,362.87
camera,1790470693.54,2.553,0.130,362.94
camera,1790470694.01,2.621,0.134,362.93
camera,1790470694.51,2.679,0.137,362.96
camera,1790470695.04,2.751,0.141,362.99
camera,1790470695.51,2.804,0.144,363.02
camera,1790470696.04,2.882,0.148,363.03
camera,1790470698.21,3.138,0.161,363.07
camera,1790470698.54,3.175,0.164,363.13
camera,1790470699.04,3.223,0.166,363.16
camera,1790470699.51,3.278,0.169,363.17
camera,1790470700.04,3.347,0.173,363.24
camera,1790470700.51,3.417,0.177,363.16
camera,1790470701.01,3.510,0.183,363.09
camera,1790470701.54,3.570,0.181,359.75
camera,1790470702.01,3.648,0.181,359.61
camera,1790470702.54,3.730,0.180,359.54
camera,1790470703.01,3.802,0.179,359.47
camera,1790470703.54,3.878,0.179,359.56
camera,1790470704.01,3.965,0.178,359.46
camera,1790470704.54,4.061,0.177,359.41
camera,1790470705.01,4.141,0.176,359.49
camera,1790470705.51,4.236,0.175,359.54
camera,1790470706.04,4.336,0.175,359.53
camera,1790470706.51,4.429,0.174,359.57
camera,1790470707.04,4.533,0.173,359.67
camera,1790470707.51,4.624,0.173,359.65
camera,1790470708.07,4.727,0.172,359.72
camera,1790470708.54,4.820,0.172,359.75
camera,1790470709.01,4.916,0.172,359.75
camera,1790470709.61,5.043,0.171,359.88
camera,1790470710.01,5.128,0.171,359.88
camera,1790470710.54,5.236,0.171,359.99
camera,1790470711.01,5.336,0.171,359.99
camera,1790470711.51,5.438,0.171,360.11
camera,1790470712.04,5.551,0.172,360.12
camera,1790470712.51,5.653,0.172,360.21
camera,1790470713.04,5.766,0.173,360.20
camera,1790470713.54,5.874,0.173,360.28
camera,1790470714.07,5.979,0.174,360.25
camera,1790470714.54,6.077,0.176,360.45
camera,1790470715.01,6.172,0.177,360.45
camera,1790470715.54,6.290,0.178,360.56
camera,1790470716.01,6.377,0.179,360.50
camera,1790470716.54,6.489,0.180,360.56
camera,1790470717.01,6.589,0.182,360.63
camera,1790470717.57,6.705,0.183,360.70
camera,1790470718.01,6.797,0.184,360.68
camera,1790470718.51,6.899,0.186,360.74
camera,1790470719.04,7.010,0.187,360.81
camera,1790470719.51,7.103,0.189,360.89
camera,1790470720.04,7.222,0.191,361.00
camera,1790470720.51,7.315,0.193,361.00
camera,1790470721.04,7.434,0.195,361.08
camera,1790470721.51,7.524,0.197,361.11
camera,1790470722.04,7.632,0.199,361.08
camera,1790470722.51,7.730,0.202,361.20
camera,1790470723.04,7.841,0.204,361.16
camera,1790470723.54,7.953,0.207,361.28
camera,1790470724.01,8.050,0.209,361.40
camera,1790470724.54,8.152,0.211,361.30
camera,1790470725.01,8.256,0.214,361.44
camera,1790470725.54,8.355,0.217,361.00
camera,1790470726.01,8.449,0.219,361.11
camera,1790470726.54,8.554,0.221,360.81
camera,1790470727.04,8.659,0.223,360.94
camera,1790470727.51,8.755,0.225,361.09
camera,1790470728.04,8.864,0.227,361.04
camera,1790470728.51,8.958,0.229,361.16
camera,1790470729.01,9.061,0.232,361.26
camera,1790470729.54,9.142,0.233,361.14
camera,1790470730.01,9.151,0.234,361.32
camera,1790470730.54,9.154,0.234,361.28
camera,1790470731.04,9.167,0.236,366.97
camera,1790470731.51,9.197,0.246,374.14
camera,1790470732.07,9.235,0.251,382.74
camera,1790470732.54,9.263,0.258,389.39
camera,1790470733.07,9.361,0.287,394.30
camera,1790470733.54,9.403,0.282,404.84
camera,1790470734.01,9.456,0.351,410.51
camera,1790470744.17,9.528,0.297,461.62
camera,1790470744.64,9.527,0.299,460.26
camera,1790470745.81,9.532,0.274,458.44
camera,1790470746.01,9.525,0.310,461.43
camera,1790470747.47,9.529,0.188,462.82
camera,1790470747.54,9.462,0.256,467.04
camera,1790470748.14,9.288,0.388,489.11
camera,1790470748.57,9.373,0.306,496.31
camera,1790470749.11,9.443,0.247,502.39
camera,1790470749.51,9.489,0.223,508.26
camera,1790470750.04,9.554,0.198,516.64
camera,1790470750.51,9.632,0.175,523.01
camera,1790470751.04,9.613,0.178,526.76
camera,1790470751.51,9.627,0.174,526.59
camera,1790470752.01,9.650,0.168,526.54
camera,1790470752.54,9.636,0.171,526.59
camera,1790470753.01,9.653,0.167,526.88
camera,1790470753.54,9.678,0.163,531.05
camera,1790470754.04,9.683,0.161,535.13
camera,1790470754.51,9.715,0.161,538.87
camera,1790470755.04,9.697,0.159,543.09
camera,1790470755.51,9.745,0.166,546.97
camera,1790470756.01,9.769,0.172,550.96
camera,1790470756.54,9.771,0.173,555.08
camera,1790470757.01,9.796,0.180,556.17
camera,1790470757.54,9.805,0.184,556.13
camera,1790470758.04,9.809,0.185,556.15
camera,1790470758.51,9.802,0.183,556.10
camera,1790470759.01,9.808,0.185,556.15
camera,1790470759.54,9.795,0.182,556.09
camera,1790470760.01,9.786,0.180,556.11
camera,1790470760.51,9.778,0.178,556.25
camera,1790470761.04,9.697,0.154,556.24
camera,1790470761.54,9.650,0.141,556.39
camera,1790470762.01,9.619,0.132,556.53
camera,1790470762.54,9.572,0.118,556.52
camera,1790470763.01,9.522,0.104,556.64
camera,1790470763.51,9.437,0.079,556.65
camera,1790470764.01,9.380,0.063,556.73
camera,1790470764.51,9.322,0.045,556.74
camera,1790470765.01,9.257,0.026,556.85
camera,1790470765.54,9.190,0.005,556.94
camera,1790470766.14,9.108,-0.020,556.95
camera,1790470766.54,9.076,-0.029,557.04
camera,1790470767.01,9.005,-0.051,557.00
camera,1790470767.51,8.951,-0.067,556.99
camera,1790470768.04,8.885,-0.087,557.02
camera,1790470768.51,8.846,-0.099,557.08
camera,1790470769.07,8.731,-0.133,556.95
camera,1790470769.54,8.703,-0.141,557.07
camera,1790470770.01,8.641,-0.160,557.09
camera,1790470770.54,8.577,-0.180,557.13
camera,1790470771.01,8.518,-0.199,557.15
camera,1790470771.51,8.425,-0.228,557.22
camera,1790470772.04,8.382,-0.241,557.25
camera,1790470772.51,8.325,-0.259,557.26
camera,1790470773.04,8.217,-0.293,557.29
camera,1790470773.54,8.153,-0.313,557.37
camera,1790470774.01,8.082,-0.335,557.36
camera,1790470774.54,8.015,-0.357,557.46
camera,1790470775.01,7.923,-0.385,557.54
camera,1790470775.51,7.857,-0.407,557.49
camera,1790470776.04,7.784,-0.429,557.60
camera,1790470776.54,7.692,-0.459,557.70
camera,1790470777.01,7.635,-0.477,557.74
camera,1790470777.54,7.545,-0.506,557.79
camera,1790470778.01,7.458,-0.534,557.79
camera,1790470778.57,7.380,-0.559,557.86
camera,1790470779.04,7.311,-0.581,557.93
camera,1790470779.51,7.239,-0.604,557.87
camera,1790470780.04,7.157,-0.631,558.00
camera,1790470780.54,7.084,-0.655,558.06
camera,1790470781.01,6.998,-0.683,558.10
camera,1790470781.51,6.920,-0.709,558.04
camera,1790470782.04,6.835,-0.737,558.12
camera,1790470782.51,6.758,-0.762,558.25
camera,1790470783.01,6.673,-0.790,558.16
camera,1790470783.54,6.598,-0.815,558.27
camera,1790470784.01,6.538,-0.835,558.32
camera,1790470784.57,6.457,-0.862,558.41
camera,1790470785.04,6.374,-0.889,558.30
camera,1790470785.57,6.285,-0.915,556.91
camera,1790470786.01,6.219,-0.931,554.92
camera,1790470786.54,6.126,-0.955,554.72
camera,1790470787.01,6.059,-0.973,554.73
camera,1790470787.57,5.975,-0.995,554.81
camera,1790470788.04,5.894,-1.016,554.69
camera,1790470788.54,5.817,-1.036,554.65
camera,1790470789.01,5.743,-1.056,554.74
camera,1790470789.51,5.656,-1.079,554.77
camera,1790470790.01,5.580,-1.099,554.77
camera,1790470790.57,5.488,-1.124,554.83
camera,1790470791.01,5.416,-1.143,554.81
camera,1790470791.54,5.324,-1.167,554.72
camera,1790470792.11,5.234,-1.188,553.61
camera,1790470792.54,5.154,-1.207,553.41
camera,1790470793.11,5.053,-1.231,553.31
camera,1790470793.61,4.976,-1.249,553.36
camera,1790470794.04,4.897,-1.268,553.31
camera,1790470794.51,4.815,-1.287,553.26
camera,1790470795.01,4.743,-1.304,553.32
camera,1790470795.54,4.646,-1.327,553.38
camera,1790470796.01,4.565,-1.347,553.36
camera,1790470796.51,4.485,-1.366,553.37
camera,1790470797.01,4.405,-1.385,553.43
camera,1790470797.51,4.321,-1.405,553.42
camera,1790470798.07,4.224,-1.428,553.41
camera,1790470798.51,4.145,-1.447,553.46
camera,1790470799.07,4.047,-1.471,553.48
camera,1790470799.57,3.963,-1.491,553.52
camera,1790470800.04,3.881,-1.511,553.54
camera,1790470800.54,3.802,-1.530,553.54
camera,1790470801.01,3.719,-1.550,553.61
camera,1790470801.54,3.625,-1.573,553.74
camera,1790470802.04,3.541,-1.593,553.71
camera,1790470802.54,3.459,-1.613,553.75
camera,1790470803.04,3.377,-1.634,553.78
camera,1790470803.54,3.291,-1.655,553.83
camera,1790470804.04,3.210,-1.675,553.89
camera,1790470804.54,3.124,-1.697,553.91
camera,1790470805.04,3.044,-1.716,553.90
camera,1790470805.54,2.968,-1.735,553.99
camera,1790470806.04,2.885,-1.756,554.04
camera,1790470806.54,2.804,-1.776,554.07
camera,1790470807.04,2.719,-1.798,554.10
camera,1790470807.54,2.636,-1.818,554.12
camera,1790470808.04,2.540,-1.843,554.17
camera,1790470808.54,2.448,-1.866,554.31
camera,1790470809.04,2.361,-1.888,554.25
camera,1790470809.54,2.272,-1.911,554.37
camera,1790470810.04,2.184,-1.934,554.40
camera,1790470810.51,2.103,-1.955,554.40
camera,1790470811.04,2.023,-1.975,554.46
camera,1790470811.51,1.958,-1.992,554.51
camera,1790470812.01,1.887,-2.011,554.50
camera,1790470812.51,1.818,-2.029,554.54
camera,1790470813.04,1.741,-2.049,554.65
camera,1790470813.51,1.675,-2.066,554.66
camera,1790470814.01,1.606,-2.085,554.73
camera,1790470814.51,1.535,-2.103,554.71
camera,1790470815.01,1.463,-2.122,554.68
camera,1790470815.51,1.396,-2.140,554.75
camera,1790470816.01,1.334,-2.156,554.80
camera,1790470816.51,1.307,-2.163,554.81
camera,1790470817.01,1.306,-2.164,554.79
camera,1790470817.51,1.309,-2.163,554.93
camera,1790470818.07,1.310,-2.162,556.35
camera,1790470818.54,1.323,-2.158,559.62
camera,1790470819.04,1.329,-2.155,565.71
camera,1790470819.51,1.348,-2.141,572.20
camera,1790470820.01,1.366,-2.125,579.37
camera,1790470820.54,1.380,-2.108,587.14
camera,1790470821.01,1.387,-2.097,593.75
camera,1790470821.54,1.421,-2.052,600.43
camera,1790470822.01,1.419,-2.059,607.34
camera,1790470822.54,1.419,-2.057,614.74
camera,1790470823.01,1.420,-2.042,621.17
camera,1790470823.54,1.420,-2.040,628.63
camera,1790470824.01,1.419,-2.033,635.07
camera,1790470824.51,1.414,-2.017,642.07
camera,1790470825.04,1.416,-2.030,643.02
camera,1790470825.51,1.417,-2.033,643.12
camera,1790470826.04,1.416,-2.028,643.05
camera,1790470826.54,1.415,-2.025,643.09
camera,1790470827.01,1.417,-2.034,643.07
camera,1790470827.54,1.417,-2.030,643.07
camera,1790470828.01,1.427,-2.073,643.11
camera,1790470828.54,1.454,-2.189,643.26
camera,1790470829.01,1.479,-2.293,643.39
camera,1790470829.51,1.506,-2.408,643.49
camera,1790470830.04,1.535,-2.528,643.55
camera,1790470830.51,1.561,-2.632,643.57
camera,1790470831.04,1.587,-2.739,643.73
camera,1790470831.51,1.610,-2.833,643.69
camera,1790470832.04,1.634,-2.930,643.84
camera,1790470832.51,1.659,-3.031,643.84
camera,1790470833.04,1.687,-3.146,643.86
camera,1790470833.51,1.709,-3.234,643.98
camera,1790470834.04,1.737,-3.346,644.01
camera,1790470834.51,1.759,-3.436,644.01
camera,1790470835.01,1.782,-3.526,644.03
camera,1790470835.54,1.807,-3.625,644.06
camera,1790470836.01,1.828,-3.710,644.13
camera,1790470836.54,1.854,-3.812,644.12
camera,1790470837.01,1.876,-3.901,644.15
camera,1790470837.54,1.901,-3.999,644.26
camera,1790470838.01,1.922,-4.082,644.29
camera,1790470838.54,1.948,-4.185,644.21
camera,1790470839.01,1.971,-4.275,644.23
camera,1790470839.51,1.996,-4.373,644.27
camera,1790470840.04,2.020,-4.466,644.32
camera,1790470840.51,2.043,-4.554,644.42
camera,1790470841.04,2.067,-4.649,644.50
camera,1790470841.51,2.091,-4.741,644.44
camera,1790470842.04,2.116,-4.838,644.53
camera,1790470842.51,2.135,-4.912,644.58
camera,1790470843.04,2.165,-5.027,644.61
camera,1790470843.51,2.186,-5.105,644.71
camera,1790470844.01,2.211,-5.201,644.70
camera,1790470844.51,2.237,-5.299,644.72
camera,1790470845.01,2.259,-5.394,644.79
camera,1790470845.54,2.288,-5.504,644.84
camera,1790470846.01,2.312,-5.595,644.88
camera,1790470846.54,2.343,-5.707,644.95
camera,1790470847.01,2.368,-5.803,645.02
camera,1790470847.54,2.397,-5.909,645.06
camera,1790470848.01,2.421,-5.999,645.00
camera,1790470848.54,2.451,-6.111,645.06
camera,1790470849.04,2.480,-6.220,645.06
camera,1790470849.54,2.507,-6.320,645.15
camera,1790470850.04,2.538,-6.432,645.26
camera,1790470850.51,2.563,-6.526,645.25
camera,1790470851.04,2.595,-6.643,645.33
camera,1790470851.51,2.626,-6.759,645.31
camera,1790470852.04,2.663,-6.890,645.44
camera,1790470852.51,2.692,-6.996,645.45
camera,1790470853.07,2.733,-7.143,645.52
camera,1790470853.54,2.759,-7.238,645.71
camera,1790470854.01,2.794,-7.361,645.60
camera,1790470854.54,2.830,-7.487,645.74
camera,1790470855.01,2.859,-7.595,645.67
camera,1790470855.54,2.898,-7.730,645.80
camera,1790470856.01,2.926,-7.832,645.83
camera,1790470856.51,2.959,-7.949,645.91
camera,1790470857.04,2.997,-8.082,645.90
camera,1790470857.51,3.028,-8.190,646.01
camera,1790470858.04,3.065,-8.322,645.91
camera,1790470858.51,3.097,-8.432,646.06
camera,1790470859.04,3.134,-8.562,646.07
camera,1790470859.54,3.164,-8.674,644.94
camera,1790470860.01,3.188,-8.785,643.30
camera,1790470860.51,3.216,-8.908,643.11
camera,1790470861.04,3.245,-9.030,643.09
camera,1790470861.51,3.271,-9.143,643.05
camera,1790470862.04,3.301,-9.270,643.05
camera,1790470862.51,3.326,-9.378,643.19
camera,1790470863.04,3.356,-9.508,643.19
camera,1790470863.51,3.384,-9.625,643.19
camera,1790470864.04,3.414,-9.752,643.15
camera,1790470864.54,3.440,-9.865,643.15
camera,1790470865.04,3.472,-10.002,643.18
camera,1790470865.54,3.500,-10.121,643.23
camera,1790470866.01,3.526,-10.231,643.23
camera,1790470866.54,3.556,-10.359,643.25
camera,1790470867.01,3.580,-10.461,643.20
camera,1790470867.54,3.603,-10.559,643.19
camera,1790470868.01,3.627,-10.658,643.20
camera,1790470868.54,3.653,-10.771,643.21
camera,1790470869.01,3.676,-10.869,643.27
camera,1790470869.51,3.699,-10.968,643.26
camera,1790470870.04,3.727,-11.086,643.30
camera,1790470870.51,3.750,-11.183,643.37
camera,1790470871.04,3.776,-11.289,643.36
camera,1790470871.51,3.796,-11.375,643.46
camera,1790470872.04,3.818,-11.467,643.54
camera,1790470872.51,3.839,-11.550,643.54
camera,1790470873.01,3.859,-11.637,643.50
camera,1790470873.54,3.881,-11.727,643.55
camera,1790470874.07,3.903,-11.821,643.50
camera,1790470874.54,3.924,-11.904,643.48
camera,1790470875.04,3.945,-11.994,643.53
camera,1790470875.51,3.965,-12.078,643.53
camera,1790470876.04,3.989,-12.174,643.60
camera,1790470876.51,4.008,-12.253,643.65
camera,1790470877.04,4.032,-12.354,643.68
camera,1790470877.51,4.052,-12.434,643.64
camera,1790470878.01,4.073,-12.521,643.71
camera,1790470878.54,4.095,-12.609,643.79
camera,1790470879.01,4.114,-12.687,643.78
camera,1790470879.54,4.134,-12.769,643.78
camera,1790470880.01,4.151,-12.838,643.84
camera,1790470880.57,4.170,-12.915,643.86
camera,1790470881.04,4.187,-12.982,643.89
camera,1790470881.51,4.203,-13.045,643.90
camera,1790470882.07,4.222,-13.125,643.93
camera,1790470882.51,4.237,-13.182,643.92
camera,1790470883.01,4.253,-13.249,643.92
camera,1790470883.54,4.272,-13.324,643.90
camera,1790470884.01,4.288,-13.389,643.93
camera,1790470884.54,4.306,-13.463,643.92
camera,1790470885.01,4.322,-13.527,643.92
camera,1790470885.54,4.340,-13.600,643.93
camera,1790470886.04,4.357,-13.668,643.92
camera,1790470886.51,4.373,-13.732,643.99
camera,1790470887.04,4.391,-13.803,643.96
camera,1790470887.51,4.407,-13.868,643.95
camera,1790470888.04,4.426,-13.945,643.96
camera,1790470888.51,4.441,-14.004,643.93
camera,1790470889.01,4.458,-14.073,643.99
camera,1790470889.54,4.476,-14.146,643.96
camera,1790470890.01,4.491,-14.207,643.94
camera,1790470890.54,4.509,-14.280,643.93
camera,1790470891.01,4.526,-14.346,643.95
camera,1790470891.51,4.544,-14.420,644.01
camera,1790470892.01,4.558,-14.476,643.94
camera,1790470892.51,4.571,-14.531,643.86
camera,1790470893.04,4.585,-14.585,643.75
camera,1790470893.54,4.598,-14.637,643.76
camera,1790470894.04,4.614,-14.701,643.83
camera,1790470894.54,4.630,-14.764,643.86
camera,1790470895.07,4.645,-14.825,643.83
camera,1790470895.54,4.659,-14.881,643.76
camera,1790470896.01,4.672,-14.934,643.73
camera,1790470896.54,4.688,-14.999,643.74
camera,1790470897.01,4.702,-15.053,643.79
camera,1790470897.54,4.716,-15.111,643.64
camera,1790470898.01,4.728,-15.163,643.81
camera,1790470898.57,4.746,-15.235,643.82
camera,1790470899.01,4.758,-15.285,643.62
camera,1790470899.51,4.768,-15.322,643.66
camera,1790470900.04,4.785,-15.387,643.69
camera,1790470900.51,4.788,-15.399,643.52
camera,1790470901.04,4.791,-15.411,643.38
camera,1790470901.51,4.803,-15.458,643.50
camera,1790470902.04,4.818,-15.518,643.91
camera,1790470902.51,4.827,-15.554,643.03
camera,1790470903.07,4.839,-15.599,643.79
camera,1790470903.51,4.847,-15.636,643.66
camera,1790470904.01,4.855,-15.662,643.21
camera,1790470904.54,4.871,-15.734,642.90
camera,1790470905.01,4.847,-15.628,642.41
camera,1790470905.54,4.837,-15.567,641.41
camera,1790470906.14,4.817,-15.454,640.82
camera,1790470906.54,4.809,-15.394,640.25
camera,1790470907.14,4.836,-15.434,646.98
camera,1790470907.54,4.809,-15.388,654.61
camera,1790470908.01,4.796,-15.361,662.17
camera,1790470908.51,4.793,-15.357,670.16
camera,1790470909.04,4.791,-15.352,678.07
camera,1790470909.51,4.791,-15.352,685.18
camera,1790470910.04,4.786,-15.349,693.20
camera,1790470910.51,4.766,-15.344,700.10
camera,1790470911.01,4.775,-15.346,707.58
camera,1790470911.54,4.775,-15.346,715.49
camera,1790470912.01,4.776,-15.346,722.44
camera,1790470912.51,4.785,-15.344,725.78
camera,1790470913.04,4.786,-15.344,725.76
camera,1790470913.54,4.785,-15.344,725.70
camera,1790470914.01,4.785,-15.344,725.70
camera,1790470914.51,4.787,-15.344,725.73
camera,1790470915.04,4.796,-15.343,725.82
camera,1790470915.54,4.848,-15.338,725.88
camera,1790470916.01,4.910,-15.331,726.02
camera,1790470916.51,4.958,-15.326,726.00
camera,1790470917.04,4.975,-15.325,726.01
camera,1790470917.54,4.999,-15.322,725.99
camera,1790470920.64,5.286,-15.291,726.32
camera,1790470921.01,5.327,-15.287,726.28
camera,1790470921.54,5.392,-15.280,726.34
camera,1790470922.04,5.453,-15.273,726.41
camera,1790470922.54,5.515,-15.266,726.44
camera,1790470923.01,5.574,-15.259,726.48
camera,1790470923.54,5.633,-15.252,726.50
camera,1790470924.04,5.697,-15.245,726.53
camera,1790470924.51,5.772,-15.237,726.51
camera,1790470925.01,5.852,-15.227,726.56
camera,1790470925.54,5.924,-15.219,726.58
camera,1790470926.04,5.995,-15.211,726.63
camera,1790470926.51,6.059,-15.203,726.72
camera,1790470927.04,6.133,-15.195,726.77
camera,1790470927.54,6.200,-15.187,726.76
camera,1790470928.04,6.269,-15.178,726.85
camera,1790470928.51,6.327,-15.171,726.84
camera,1790470929.01,6.392,-15.164,726.85
camera,1790470929.54,6.465,-15.155,726.94
camera,1790470930.04,6.532,-15.147,726.94
camera,1790470930.51,6.595,-15.139,726.96
camera,1790470931.04,6.672,-15.129,727.06
camera,1790470931.54,6.736,-15.121,727.06
camera,1790470932.01,6.803,-15.113,727.10
camera,1790470932.51,6.865,-15.105,727.09
camera,1790470933.01,6.935,-15.096,727.17
camera,1790470933.54,7.004,-15.087,727.20
camera,1790470934.04,7.071,-15.079,727.27
camera,1790470934.54,7.140,-15.070,727.24
camera,1790470935.01,7.207,-15.061,727.30
camera,1790470935.51,7.290,-15.051,727.40
camera,1790470936.04,7.379,-15.039,727.42
camera,1790470936.54,7.462,-15.028,727.46
camera,1790470937.01,7.547,-15.017,727.54
camera,1790470937.51,7.631,-15.006,727.51
camera,1790470938.04,7.720,-14.994,727.56
camera,1790470938.54,7.784,-14.985,727.59
camera,1790470939.01,7.854,-14.976,727.55
camera,1790470939.51,7.949,-14.963,727.61
camera,1790470940.04,8.054,-14.949,727.67
camera,1790470940.54,8.166,-14.934,727.73
camera,1790470941.04,8.275,-14.919,727.81
camera,1790470941.51,8.373,-14.905,727.90
camera,1790470942.04,8.493,-14.888,728.10
camera,1790470942.54,8.610,-14.872,728.01
camera,1790470943.01,8.716,-14.856,728.04
camera,1790470943.51,8.828,-14.840,728.10
camera,1790470944.07,8.957,-14.822,728.20
camera,1790470944.51,9.057,-14.807,728.29
camera,1790470945.04,9.178,-14.789,728.42
camera,1790470945.51,9.289,-14.773,728.45
camera,1790470946.01,9.404,-14.755,728.44
camera,1790470946.54,9.524,-14.737,728.55
camera,1790470947.01,9.632,-14.721,728.53
camera,1790470947.51,9.746,-14.703,728.67
camera,1790470948.04,9.863,-14.685,728.72
camera,1790470948.54,9.976,-14.668,728.89
camera,1790470949.01,10.082,-14.651,728.92
camera,1790470949.51,10.195,-14.633,729.02
camera,1790470950.04,10.313,-14.615,728.94
camera,1790470950.51,10.420,-14.597,729.07
camera,1790470951.04,10.537,-14.578,729.07
camera,1790470951.54,10.646,-14.561,729.11
camera,1790470952.01,10.754,-14.543,729.23
camera,1790470952.57,10.876,-14.523,729.31
camera,1790470953.04,10.980,-14.506,729.41
camera,1790470953.51,11.080,-14.489,729.44
camera,1790470954.01,11.186,-14.471,729.50
camera,1790470954.54,11.300,-14.452,729.62
camera,1790470955.04,11.403,-14.434,729.70
camera,1790470955.51,11.506,-14.417,729.80
camera,1790470956.07,11.631,-14.395,729.83
camera,1790470956.54,11.738,-14.376,729.90
camera,1790470957.04,11.848,-14.357,729.88
camera,1790470957.51,11.951,-14.339,729.93
camera,1790470958.07,12.080,-14.316,730.08
camera,1790470958.54,12.186,-14.297,730.12
camera,1790470959.01,12.291,-14.278,730.15
camera,1790470959.54,12.412,-14.256,730.19
camera,1790470960.01,12.520,-14.237,730.20
camera,1790470960.51,12.634,-14.216,730.31
camera,1790470961.04,12.755,-14.194,730.32
camera,1790470961.51,12.861,-14.174,730.53
camera,1790470962.01,12.978,-14.153,730.32
camera,1790470962.54,13.101,-14.130,730.48
camera,1790470963.01,13.160,-14.119,730.49
camera,1790470963.54,13.160,-14.119,730.50
camera,1790470964.01,13.161,-14.119,732.67
camera,1790470964.51,13.198,-14.096,744.41
camera,1790470965.04,13.223,-14.074,758.13
camera,1790470965.51,13.259,-14.028,769.33
camera,1790470966.01,13.279,-14.034,785.05
camera,1790470973.01,9.718,-15.277,842.30
camera,1790470973.54,9.713,-15.275,849.66
camera,1790470974.01,9.717,-15.280,856.13
camera,1790470974.57,9.714,-15.277,864.15
camera,1790470975.04,9.699,-15.270,870.70
camera,1790470975.54,9.688,-15.266,877.55
camera,1790470976.01,9.677,-15.263,884.07
camera,1790470976.51,9.659,-15.261,891.13
camera,1790470977.01,9.634,-15.261,898.26
camera,1790470977.54,9.627,-15.261,899.56
camera,1790470978.04,9.623,-15.261,899.54
camera,1790470978.51,9.625,-15.261,899.55
camera,1790470979.04,9.629,-15.261,899.56
camera,1790470979.54,9.625,-15.261,899.52
camera,1790470980.01,9.627,-15.261,899.54
camera,1790470982.51,9.625,-15.261,899.48
camera,1790470983.04,9.626,-15.261,899.51
camera,1790470983.51,9.585,-15.260,899.59
camera,1790470984.04,9.524,-15.260,899.69
camera,1790470984.51,9.466,-15.260,899.77
camera,1790470985.04,9.395,-15.260,899.85
camera,1790470985.51,9.328,-15.260,899.96
camera,1790470986.04,9.257,-15.260,899.93
camera,1790470986.54,9.172,-15.260,900.05
camera,1790470987.04,9.081,-15.260,900.15
camera,1790470987.54,8.997,-15.260,900.23
camera,1790470988.04,8.910,-15.261,900.22
camera,1790470988.54,8.830,-15.261,900.30
camera,1790470989.01,8.746,-15.262,900.41
camera,1790470989.54,8.655,-15.263,900.44
camera,1790470990.04,8.566,-15.264,900.55
camera,1790470990.51,8.477,-15.265,900.54
camera,1790470991.01,8.364,-15.266,900.67
camera,1790470991.51,8.264,-15.267,900.68
camera,1790470992.01,8.154,-15.268,900.69
camera,1790470992.51,8.052,-15.270,900.76
camera,1790470993.04,7.946,-15.271,900.83
camera,1790470993.54,7.842,-15.273,900.88
camera,1790470994.01,7.745,-15.275,901.00
camera,1790470994.51,7.640,-15.277,901.02
camera,1790470995.01,7.532,-15.279,901.11
camera,1790470995.54,7.424,-15.281,901.09
camera,1790470996.04,7.325,-15.283,901.28
camera,1790470996.54,7.220,-15.285,901.28
camera,1790470997.01,7.128,-15.288,901.36
camera,1790470997.51,7.024,-15.290,901.34
camera,1790470998.04,6.920,-15.293,901.45
camera,1790470998.54,6.815,-15.296,901.47
camera,1790470999.04,6.708,-15.298,901.54
camera,1790470999.54,6.609,-15.301,901.56
camera,1790471000.01,6.509,-15.304,901.68
camera,1790471000.54,6.396,-15.308,901.71
camera,1790471001.04,6.288,-15.311,901.75
camera,1790471001.51,6.198,-15.314,901.77
camera,1790471002.01,6.095,-15.317,901.88
camera,1790471002.54,5.983,-15.321,901.89
camera,1790471003.04,5.880,-15.324,901.97
camera,1790471003.51,5.783,-15.327,901.96
camera,1790471004.04,5.672,-15.331,901.96
camera,1790471004.54,5.579,-15.334,901.95
camera,1790471005.01,5.476,-15.338,902.09
camera,1790471005.51,5.380,-15.342,902.16
camera,1790471006.04,5.266,-15.346,902.18
camera,1790471006.51,5.164,-15.350,902.20
camera,1790471007.01,5.067,-15.354,902.26
camera,1790471007.54,4.952,-15.358,902.28
camera,1790471008.04,4.847,-15.363,902.37
camera,1790471008.51,4.753,-15.367,902.37
camera,1790471009.07,4.630,-15.372,902.49
camera,1790471009.54,4.529,-15.377,902.54
camera,1790471010.01,4.428,-15.381,902.50
camera,1790471010.51,4.330,-15.385,902.56
camera,1790471011.01,4.215,-15.390,902.61
camera,1790471011.54,4.106,-15.395,902.60
camera,1790471012.01,4.006,-15.400,902.67
camera,1790471012.51,3.890,-15.405,902.68
camera,1790471013.07,3.767,-15.412,902.78
camera,1790471013.54,3.665,-15.416,902.70
camera,1790471014.01,3.566,-15.421,902.80
camera,1790471014.51,3.462,-15.426,902.85
camera,1790471015.01,3.342,-15.433,902.93
camera,1790471015.54,3.236,-15.438,902.92
camera,1790471016.01,3.137,-15.443,902.90
camera,1790471016.51,3.029,-15.449,903.01
camera,1790471017.04,2.908,-15.455,902.98
camera,1790471017.54,2.797,-15.461,903.05
camera,1790471018.01,2.696,-15.466,903.05
camera,1790471018.54,2.567,-15.474,903.14
camera,1790471019.04,2.472,-15.479,903.17
camera,1790471019.51,2.361,-15.485,903.16
camera,1790471020.04,2.245,-15.492,903.29
camera,1790471020.51,2.142,-15.498,903.30
camera,1790471021.07,2.014,-15.506,903.39
camera,1790471021.54,1.909,-15.512,903.43
camera,1790471022.01,1.806,-15.518,903.43
camera,1790471022.54,1.697,-15.525,903.46
camera,1790471023.04,1.589,-15.532,903.52
camera,1790471023.51,1.494,-15.538,903.57
camera,1790471024.04,1.386,-15.545,903.56
camera,1790471024.54,1.264,-15.552,903.66
camera,1790471025.01,1.172,-15.558,903.67
camera,1790471025.51,1.070,-15.565,903.70
camera,1790471026.04,0.949,-15.573,903.66
camera,1790471026.51,0.846,-15.580,903.71
camera,1790471027.04,0.734,-15.587,903.71
camera,1790471027.54,0.633,-15.594,903.79
camera,1790471028.01,0.528,-15.601,903.85
camera,1790471028.51,0.429,-15.607,903.83
camera,1790471029.04,0.297,-15.616,903.90
camera,1790471029.51,0.205,-15.623,903.91
camera,1790471030.01,0.090,-15.630,903.88
camera,1790471030.54,-0.027,-15.638,903.97
camera,1790471031.01,-0.122,-15.645,904.03
camera,1790471031.54,-0.214,-15.652,904.11
camera,1790471032.04,-0.303,-15.658,904.11
camera,1790471032.51,-0.372,-15.661,902.80
camera,1790471033.04,-0.450,-15.658,899.13
camera,1790471033.54,-0.547,-15.656,899.06
camera,1790471034.01,-0.654,-15.654,898.86
camera,1790471034.51,-0.750,-15.652,898.87
camera,1790471035.04,-0.853,-15.650,898.94
camera,1790471035.54,-0.945,-15.648,898.94
camera,1790471036.01,-1.029,-15.647,898.93
camera,1790471036.54,-1.122,-15.645,898.96
camera,1790471037.01,-1.207,-15.643,898.93
camera,1790471037.51,-1.287,-15.641,898.93
camera,1790471038.04,-1.382,-15.639,898.97
camera,1790471038.54,-1.461,-15.638,899.01
camera,1790471039.01,-1.545,-15.636,899.08
camera,1790471039.54,-1.638,-15.635,899.06
camera,1790471040.04,-1.709,-15.634,899.16
camera,1790471040.54,-1.802,-15.632,899.11
camera,1790471041.01,-1.875,-15.631,899.19
camera,1790471041.51,-1.954,-15.630,899.23
camera,1790471042.04,-2.039,-15.629,899.19
camera,1790471042.54,-2.113,-15.628,899.24
camera,1790471043.01,-2.203,-15.626,899.20
camera,1790471043.51,-2.287,-15.625,899.37
camera,1790471044.01,-2.380,-15.625,899.42
camera,1790471044.51,-2.478,-15.624,899.41
camera,1790471045.01,-2.563,-15.623,899.48
camera,1790471045.54,-2.661,-15.622,899.51
camera,1790471046.04,-2.746,-15.622,899.58
camera,1790471046.54,-2.847,-15.621,899.65
camera,1790471047.04,-2.948,-15.620,899.61
camera,1790471047.54,-3.053,-15.619,899.63
camera,1790471048.01,-3.148,-15.619,899.70
camera,1790471048.51,-3.256,-15.619,899.80
camera,1790471049.01,-3.359,-15.618,899.78
camera,1790471049.51,-3.465,-15.618,899.88
camera,1790471050.01,-3.579,-15.618,899.96
camera,1790471050.54,-3.698,-15.618,900.04
camera,1790471051.04,-3.800,-15.618,900.03
camera,1790471051.51,-3.901,-15.619,900.16
camera,1790471052.04,-4.014,-15.619,900.20
camera,1790471052.51,-4.113,-15.619,900.27
camera,1790471053.01,-4.219,-15.620,900.32
camera,1790471053.54,-4.335,-15.621,900.33
camera,1790471054.01,-4.431,-15.621,900.40
camera,1790471054.51,-4.541,-15.622,900.45
camera,1790471055.04,-4.657,-15.623,900.51
camera,1790471055.54,-4.757,-15.624,900.49
camera,1790471056.01,-4.855,-15.625,900.57
camera,1790471056.51,-4.955,-15.626,900.67
camera,1790471057.04,-5.070,-15.627,900.54
camera,1790471057.51,-5.166,-15.628,900.67
camera,1790471058.01,-5.269,-15.629,900.72
camera,1790471058.57,-5.373,-15.631,900.88
camera,1790471059.04,-5.456,-15.632,900.96
camera,1790471059.51,-5.520,-15.633,900.99
camera,1790471060.01,-5.594,-15.635,901.05
camera,1790471060.54,-5.670,-15.636,901.10
camera,1790471061.04,-5.742,-15.637,901.03
camera,1790471061.51,-5.807,-15.638,901.19
camera,1790471062.01,-5.875,-15.640,901.23
camera,1790471062.54,-5.952,-15.641,901.21
camera,1790471063.04,-6.032,-15.643,901.29
camera,1790471063.51,-6.092,-15.644,901.21
camera,1790471064.01,-6.093,-15.645,901.23
camera,1790471064.54,-6.094,-15.645,901.17
camera,1790471065.01,-6.094,-15.644,900.84
camera,1790471065.51,-6.072,-15.650,891.92
camera,1790471066.04,-6.066,-15.651,891.99
camera,1790471066.54,-6.059,-15.652,890.30
camera,1790471067.04,-6.056,-15.653,887.13
camera,1790471067.54,-6.044,-15.658,880.74
camera,1790471068.01,-6.028,-15.668,873.83
camera,1790471068.51,-6.022,-15.671,872.20
camera,1790471069.04,-6.026,-15.669,872.27
camera,1790471069.54,-6.025,-15.669,872.28
camera,1790471070.01,-6.022,-15.671,870.95
camera,1790471070.51,-6.016,-15.675,866.04
camera,1790471071.04,-6.011,-15.679,862.07
camera,1790471071.51,-6.009,-15.682,858.35
camera,1790471072.01,-6.004,-15.688,854.48
camera,1790471072.54,-6.000,-15.692,850.42
camera,1790471073.01,-5.997,-15.697,846.69
camera,1790471073.54,-5.998,-15.696,842.64
camera,1790471074.04,-5.995,-15.701,838.82
camera,1790471074.51,-5.995,-15.702,835.32
camera,1790471075.04,-5.993,-15.707,831.09
camera,1790471075.97,-5.994,-15.704,825.87
camera,1790471076.04,-5.993,-15.710,825.81
camera,1790471076.51,-5.995,-15.707,824.95
camera,1790471077.01,-6.002,-15.678,821.41
camera,1790471077.54,-6.001,-15.691,816.56
camera,1790471078.01,-6.004,-15.702,812.34
camera,1790471078.54,-6.008,-15.687,808.21
camera,1790471081.27,-6.455,-16.176,782.06
camera,1790471081.54,-6.451,-16.187,779.51
camera,1790471082.01,-6.454,-16.198,776.17
camera,1790471082.54,-6.447,-16.202,771.49
camera,1790471083.04,-6.439,-16.195,766.71
camera,1790471083.51,-6.436,-16.192,762.19
camera,1790471084.04,-6.429,-16.187,757.00
camera,1790471084.51,-6.420,-16.181,752.46
camera,1790471085.04,-6.409,-16.177,747.17
camera,1790471085.51,-6.397,-16.173,742.60
camera,1790471086.04,-6.396,-16.173,737.39
camera,1790471086.51,-6.382,-16.170,732.79
camera,1790471087.07,-6.372,-16.169,727.29
camera,1790471087.54,-6.360,-16.168,725.48
camera,1790471088.01,-6.330,-16.165,725.41
camera,1790471088.54,-6.253,-16.158,725.38
camera,1790471089.01,-6.161,-16.149,725.47
camera,1790471089.54,-6.062,-16.140,725.36
camera,1790471090.01,-5.977,-16.132,725.38
camera,1790471090.51,-5.882,-16.123,725.38
camera,1790471091.04,-5.778,-16.113,725.39
camera,1790471091.51,-5.686,-16.104,725.43
camera,1790471092.04,-5.589,-16.095,725.47
camera,1790471092.54,-5.484,-16.085,725.48
camera,1790471093.01,-5.387,-16.075,725.50
camera,1790471093.54,-5.272,-16.064,725.50
camera,1790471094.01,-5.171,-16.054,725.52
camera,1790471094.51,-5.062,-16.044,725.51
camera,1790471095.04,-4.941,-16.032,725.51
camera,1790471095.51,-4.842,-16.022,725.50
camera,1790471096.04,-4.724,-16.011,725.63
camera,1790471096.54,-4.616,-16.000,725.62
camera,1790471097.01,-4.508,-15.989,725.69
camera,1790471097.57,-4.384,-15.977,725.70
camera,1790471098.04,-4.283,-15.966,725.74
camera,1790471098.51,-4.186,-15.957,725.79
camera,1790471099.01,-4.078,-15.946,725.76
camera,1790471099.54,-3.961,-15.934,725.87
camera,1790471100.01,-3.859,-15.923,725.85
camera,1790471100.54,-3.744,-15.911,725.91
camera,1790471101.01,-3.645,-15.901,725.98
camera,1790471101.57,-3.520,-15.888,726.02
camera,1790471102.04,-3.413,-15.876,726.05
camera,1790471102.51,-3.310,-15.865,726.10
camera,1790471103.04,-3.187,-15.852,726.12
camera,1790471103.51,-3.083,-15.841,726.12
camera,1790471104.01,-2.984,-15.830,726.23
camera,1790471104.54,-2.852,-15.815,726.24
camera,1790471105.01,-2.745,-15.804,726.30
camera,1790471106.81,-2.349,-15.760,726.49
camera,1790471107.04,-2.297,-15.753,726.53
camera,1790471107.51,-2.198,-15.742,726.56
camera,1790471108.04,-2.084,-15.729,726.67
camera,1790471108.51,-1.979,-15.716,726.67
camera,1790471109.01,-1.865,-15.703,726.73
camera,1790471109.54,-1.758,-15.690,726.73
camera,1790471110.01,-1.648,-15.677,726.80
camera,1790471110.51,-1.536,-15.664,726.88
camera,1790471111.04,-1.416,-15.649,726.91
camera,1790471111.51,-1.309,-15.636,727.02
camera,1790471112.01,-1.193,-15.622,726.95
camera,1790471112.51,-1.070,-15.607,726.97
camera,1790471113.04,-0.939,-15.590,727.04
camera,1790471113.51,-0.829,-15.577,727.07
camera,1790471114.01,-0.711,-15.561,727.25
camera,1790471114.54,-0.568,-15.543,727.29
camera,1790471115.04,-0.440,-15.527,727.32
camera,1790471115.51,-0.312,-15.510,727.37
camera,1790471116.01,-0.170,-15.492,727.31
camera,1790471116.54,-0.032,-15.474,727.39
camera,1790471117.01,0.093,-15.458,727.46
camera,1790471117.51,0.216,-15.442,727.47
camera,1790471118.04,0.341,-15.425,727.53
camera,1790471118.54,0.468,-15.408,727.54
camera,1790471119.01,0.571,-15.394,727.64
camera,1790471119.51,0.688,-15.378,727.83
camera,1790471120.04,0.726,-15.373,727.76
camera,1790471120.51,0.722,-15.374,727.75
camera,1790471121.01,0.727,-15.373,727.93
camera,1790471121.54,0.716,-15.376,732.85
camera,1790471122.01,0.708,-15.379,738.94
camera,1790471122.51,0.703,-15.382,745.64
camera,1790471123.04,0.702,-15.383,752.62
camera,1790471123.51,0.699,-15.386,758.82
camera,1790471124.01,0.700,-15.385,765.59
camera,1790471124.54,0.703,-15.380,772.79
camera,1790471125.01,0.706,-15.374,779.26
camera,1790471125.54,0.709,-15.365,786.38
camera,1790471126.01,0.711,-15.356,792.64
camera,1790471126.51,0.712,-15.350,799.28
camera,1790471127.04,0.712,-15.332,806.15
camera,1790471127.51,0.712,-15.327,806.98
camera,1790471128.04,0.712,-15.327,807.08
camera,1790471128.54,0.712,-15.325,810.26
camera,1790471129.01,0.712,-15.323,809.93
camera,1790471129.54,0.712,-15.322,809.89
camera,1790471130.01,0.712,-15.324,809.86
camera,1790471130.51,0.712,-15.320,809.88
camera,1790471131.04,0.712,-15.328,809.91
camera,1790471131.51,0.712,-15.301,810.01
camera,1790471132.07,0.712,-15.207,810.13
camera,1790471132.54,0.712,-15.113,810.17
camera,1790471133.01,0.711,-15.016,810.33
camera,1790471133.54,0.710,-14.909,810.49
camera,1790471134.01,0.709,-14.816,810.51
camera,1790471134.54,0.708,-14.700,810.54
camera,1790471135.04,0.707,-14.596,810.62
camera,1790471137.81,0.699,-13.909,810.96
camera,1790471138.04,0.698,-13.849,810.96
camera,1790471138.51,0.696,-13.728,811.07
camera,1790471139.01,0.693,-13.604,811.11
camera,1790471139.54,0.690,-13.478,811.22
camera,1790471140.01,0.688,-13.357,811.25
camera,1790471140.54,0.683,-13.225,812.23
camera,1790471141.01,0.659,-13.094,817.16
camera,1790471141.51,0.641,-12.957,817.43
camera,1790471142.04,0.622,-12.810,817.52
camera,1790471142.51,0.603,-12.672,817.73
camera,1790471143.04,0.582,-12.522,817.81
camera,1790471143.51,0.562,-12.375,817.90
camera,1790471144.04,0.538,-12.203,817.95
camera,1790471144.51,0.517,-12.060,818.04
camera,1790471145.07,0.493,-11.889,818.12
camera,1790471145.51,0.475,-11.747,817.53
camera,1790471146.01,0.463,-11.616,816.02
camera,1790471146.54,0.448,-11.474,815.99
camera,1790471147.01,0.433,-11.329,816.00
camera,1790471147.54,0.416,-11.164,815.97
camera,1790471148.01,0.400,-11.016,815.99
camera,1790471148.54,0.383,-10.852,816.03
camera,1790471149.04,0.365,-10.698,816.18
camera,1790471149.51,0.352,-10.570,816.22
camera,1790471150.04,0.334,-10.409,816.25
camera,1790471150.51,0.326,-10.278,814.09
camera,1790471151.04,0.326,-10.124,811.57
camera,1790471151.54,0.322,-9.969,811.61
camera,1790471152.01,0.314,-9.819,812.46
camera,1790471152.54,0.302,-9.663,813.77
camera,1790471153.01,0.292,-9.523,813.92
camera,1790471153.54,0.279,-9.369,814.72
camera,1790471154.01,0.266,-9.235,815.01
camera,1790471154.51,0.253,-9.083,815.14
camera,1790471155.04,0.238,-8.926,815.21
camera,1790471155.51,0.225,-8.786,815.41
camera,1790471156.04,0.210,-8.629,815.36
camera,1790471156.51,0.195,-8.476,815.50
camera,1790471157.04,0.179,-8.310,815.58
camera,1790471157.51,0.166,-8.180,815.64
camera,1790471158.01,0.150,-8.024,815.69
camera,1790471158.54,0.135,-7.871,815.75
camera,1790471159.01,0.119,-7.722,815.82
camera,1790471159.58,0.102,-7.557,815.85
camera,1790471160.04,0.089,-7.428,815.97
camera,1790471160.51,0.074,-7.291,816.06
camera,1790471161.04,0.057,-7.131,816.09
camera,1790471161.54,0.041,-6.987,816.13
camera,1790471162.01,0.027,-6.851,816.18
camera,1790471162.54,0.009,-6.689,816.26
camera,1790471163.01,-0.007,-6.550,816.30
camera,1790471163.54,-0.025,-6.393,816.41
camera,1790471164.04,-0.042,-6.244,816.48
camera,1790471164.51,-0.057,-6.112,816.55
camera,1790471165.04,-0.075,-5.954,816.58
camera,1790471165.51,-0.091,-5.821,816.67
camera,1790471166.08,-0.110,-5.653,816.76
camera,1790471166.54,-0.128,-5.507,816.83
camera,1790471167.01,-0.145,-5.370,816.84
camera,1790471167.54,-0.165,-5.206,816.93
camera,1790471168.04,-0.183,-5.057,817.00
camera,1790471168.51,-0.200,-4.921,817.03
camera,1790471169.01,-0.219,-4.770,817.09
camera,1790471169.54,-0.240,-4.606,817.17
camera,1790471170.04,-0.259,-4.454,817.23
camera,1790471170.51,-0.278,-4.306,817.30
camera,1790471171.01,-0.296,-4.169,817.38
camera,1790471171.58,-0.315,-4.017,817.40
camera,1790471172.04,-0.333,-3.886,817.46
camera,1790471172.51,-0.350,-3.756,817.56
camera,1790471173.01,-0.369,-3.614,817.61
camera,1790471173.51,-0.387,-3.479,817.68
camera,1790471174.01,-0.406,-3.341,817.74
camera,1790471174.54,-0.426,-3.199,817.89
camera,1790471175.04,-0.444,-3.069,817.89
camera,1790471175.54,-0.463,-2.936,817.93
camera,1790471176.01,-0.480,-2.816,817.98
camera,1790471176.51,-0.498,-2.688,818.09
camera,1790471177.01,-0.517,-2.556,818.21
camera,1790471177.51,-0.535,-2.429,818.27
camera,1790471178.01,-0.554,-2.302,818.28
camera,1790471178.51,-0.572,-2.176,818.36
camera,1790471179.01,-0.591,-2.053,818.47
camera,1790471179.54,-0.612,-1.914,818.55
camera,1790471180.04,-0.631,-1.789,818.60
camera,1790471180.54,-0.650,-1.664,818.68
camera,1790471181.01,-0.668,-1.547,818.77
camera,1790471181.54,-0.689,-1.410,818.82
camera,1790471182.04,-0.709,-1.285,818.89
camera,1790471182.51,-0.728,-1.165,818.94
camera,1790471183.01,-0.750,-1.025,819.03
camera,1790471183.51,-0.773,-0.886,819.20
camera,1790471184.01,-0.794,-0.764,819.50
camera,1790471184.54,-0.813,-0.649,819.38
camera,1790471185.04,-0.821,-0.600,819.36
camera,1790471185.54,-0.821,-0.595,819.39
camera,1790471186.01,-0.823,-0.586,817.41
camera,1790471186.51,-0.823,-0.599,809.88
camera,1790471187.04,-0.826,-0.611,801.45
camera,1790471187.54,-0.831,-0.621,791.80
camera,1790471188.01,-0.837,-0.632,782.49
camera,1790471188.51,-0.842,-0.637,772.59
camera,1790471189.04,-0.847,-0.641,762.21
camera,1790471189.51,-0.840,-0.634,759.07
camera,1790471190.01,-0.796,-0.599,759.06
camera,1790471190.51,-0.746,-0.559,759.05
camera,1790471191.01,-0.677,-0.503,758.88
camera,1790471191.51,-0.603,-0.443,758.91
camera,1790471192.04,-0.522,-0.387,754.87
camera,1790471192.51,-0.453,-0.361,745.40
camera,1790471193.04,-0.395,-0.346,736.95
camera,1790471193.51,-0.338,-0.339,730.19
camera,1790471194.08,-0.304,-0.337,725.62
camera,1790471194.54,-0.308,-0.337,725.89
camera,1790471195.01,-0.312,-0.338,725.91
camera,1790471195.54,-0.311,-0.338,725.93
camera,1790471196.01,-0.310,-0.338,725.92
camera,1790471196.54,-0.307,-0.337,725.94
camera,1790471197.01,-0.313,-0.338,725.93
camera,1790471197.54,-0.298,-0.336,725.91
camera,1790471198.01,-0.289,-0.336,725.94
camera,1790471198.58,-0.287,-0.335,725.93
camera,1790471199.04,-0.288,-0.335,725.94
camera,1790471199.51,-0.290,-0.336,725.95
camera,1790471200.04,-0.288,-0.335,725.94
camera,1790471200.51,-0.291,-0.336,725.93
camera,1790471201.04,-0.287,-0.335,725.94
camera,1790471201.51,-0.287,-0.335,725.93
camera,1790471202.04,-0.284,-0.335,725.96
camera,1790471202.51,-0.264,-0.333,725.95
camera,1790471203.01,-0.261,-0.333,725.99
camera,1790471203.54,-0.258,-0.332,725.98
camera,1790471204.01,-0.245,-0.331,725.96
camera,1790471204.54,-0.247,-0.331,725.94
camera,1790471205.01,-0.203,-0.327,725.96
camera,1790471205.54,-0.131,-0.319,725.97
camera,1790471206.04,-0.080,-0.314,725.88
camera,1790471206.51,-0.026,-0.308,725.95
camera,1790471207.04,0.032,-0.302,725.97
camera,1790471207.51,0.084,-0.297,725.89
camera,1790471208.01,0.135,-0.292,725.88
camera,1790471208.54,0.202,-0.285,725.88
camera,1790471209.01,0.256,-0.279,725.94
camera,1790471209.54,0.320,-0.272,725.94
camera,1790471210.01,0.357,-0.268,725.97
camera,1790471210.54,0.412,-0.263,725.94
camera,1790471211.01,0.461,-0.258,725.98
camera,1790471211.51,0.515,-0.252,725.95
camera,1790471212.04,0.586,-0.245,725.95
camera,1790471212.51,0.629,-0.240,725.97
camera,1790471213.04,0.673,-0.236,725.98
camera,1790471213.51,0.731,-0.229,726.03
camera,1790471214.04,0.811,-0.221,726.06
camera,1790471214.51,0.844,-0.217,726.06
camera,1790471215.04,0.892,-0.212,726.06
camera,1790471215.51,0.945,-0.206,726.12
camera,1790471216.01,1.008,-0.199,726.11
camera,1790471216.54,1.043,-0.196,726.09
camera,1790471217.01,1.105,-0.189,726.17
camera,1790471217.54,1.160,-0.182,726.21
camera,1790471218.01,1.198,-0.178,726.20
camera,1790471218.54,1.232,-0.175,726.25
camera,1790471219.04,1.290,-0.169,726.26
camera,1790471219.51,1.326,-0.165,726.28
camera,1790471220.04,1.378,-0.159,726.30
camera,1790471220.51,1.430,-0.153,726.26
camera,1790471221.04,1.474,-0.148,726.32
camera,1790471221.51,1.525,-0.143,726.31
camera,1790471222.04,1.568,-0.138,726.31
camera,1790471222.51,1.616,-0.133,726.39
camera,1790471223.04,1.676,-0.126,726.43
camera,1790471223.54,1.722,-0.120,726.40
camera,1790471224.08,1.772,-0.114,726.43
camera,1790471224.54,1.818,-0.109,726.45
camera,1790471225.01,1.858,-0.104,726.41
camera,1790471225.54,1.918,-0.098,726.46
camera,1790471226.01,1.967,-0.092,726.45
camera,1790471226.54,2.020,-0.086,726.47
camera,1790471227.01,2.089,-0.078,726.47
camera,1790471227.58,2.161,-0.070,726.47
camera,1790471228.04,2.217,-0.063,726.59
camera,1790471228.51,2.281,-0.055,726.62
camera,1790471229.11,2.348,-0.048,726.57
camera,1790471229.58,2.416,-0.039,726.65
camera,1790471230.04,2.482,-0.032,726.68
camera,1790471230.51,2.559,-0.023,726.71
camera,1790471231.08,2.645,-0.012,726.80
camera,1790471231.54,2.723,-0.003,726.76
camera,1790471232.01,2.797,0.006,726.78
camera,1790471232.54,2.887,0.016,726.83
camera,1790471233.01,2.962,0.025,726.86
camera,1790471233.54,3.050,0.036,726.88
camera,1790471234.08,3.139,0.047,726.88
camera,1790471234.54,3.212,0.056,726.87
camera,1790471235.11,3.306,0.067,726.88
camera,1790471235.58,3.386,0.077,726.96
camera,1790471236.04,3.455,0.085,726.90
camera,1790471236.51,3.532,0.095,727.00
camera,1790471237.04,3.617,0.105,727.06
camera,1790471237.54,3.712,0.117,727.08
camera,1790471238.04,3.792,0.127,727.18
camera,1790471238.58,3.888,0.139,727.13
camera,1790471239.04,3.970,0.150,727.14
camera,1790471239.51,4.057,0.161,727.17
camera,1790471240.04,4.163,0.174,727.16
camera,1790471240.51,4.257,0.186,727.27
camera,1790471241.08,4.370,0.200,727.29
camera,1790471241.54,4.461,0.212,727.28
camera,1790471242.08,4.564,0.225,727.33
camera,1790471242.54,4.651,0.237,727.43
camera,1790471243.01,4.743,0.249,727.44
camera,1790471243.51,4.832,0.261,727.54
camera,1790471244.11,4.953,0.276,727.52
camera,1790471244.58,5.051,0.289,727.51
camera,1790471245.04,5.151,0.303,727.53
camera,1790471245.58,5.250,0.316,727.55
camera,1790471246.01,5.341,0.328,727.65
camera,1790471246.54,5.436,0.341,727.61
camera,1790471247.01,5.534,0.354,727.58
camera,1790471247.54,5.637,0.368,727.57
camera,1790471248.04,5.726,0.380,727.57
camera,1790471248.61,5.853,0.397,727.62
camera,1790471249.04,5.944,0.409,727.59
camera,1790471249.51,6.024,0.420,727.91
camera,1790471250.11,6.161,0.438,727.76
camera,1790471250.51,6.240,0.449,727.83
camera,1790471251.11,6.383,0.469,727.77
camera,1790471251.54,6.471,0.481,727.87
camera,1790471252.01,6.568,0.494,727.76
camera,1790471252.54,6.690,0.511,727.84
camera,1790471253.11,6.803,0.527,727.96
camera,1790471253.51,6.884,0.536,726.82
camera,1790471254.01,6.995,0.547,726.25
camera,1790471254.51,7.122,0.561,726.24
camera,1790471255.04,7.260,0.576,726.22
camera,1790471255.58,7.394,0.590,726.29
camera,1790471256.11,7.520,0.604,726.24
camera,1790471256.51,7.617,0.615,726.20
camera,1790471257.04,7.736,0.628,726.41
camera,1790471257.51,7.831,0.639,726.25
camera,1790471258.01,7.936,0.651,726.34
camera,1790471258.54,8.048,0.663,726.36
camera,1790471259.01,8.134,0.673,726.39
camera,1790471259.54,8.241,0.685,726.41
camera,1790471260.01,8.328,0.694,726.30
camera,1790471260.51,8.421,0.705,726.51
camera,1790471261.04,8.526,0.715,726.11
camera,1790471261.54,8.622,0.726,726.39
camera,1790471262.01,8.714,0.734,726.15
camera,1790471262.54,8.818,0.745,726.16
camera,1790471263.04,8.907,0.754,725.78
camera,1790471263.51,8.990,0.763,725.78
camera,1790471264.04,9.096,0.774,726.26
camera,1790471264.51,9.177,0.782,725.74
camera,1790471265.04,9.215,0.784,725.97
camera,1790471265.54,9.213,0.783,726.22
camera,1790471266.01,9.220,0.783,725.66
camera,1790471266.54,9.206,0.782,725.22
camera,1790471267.01,9.211,0.782,725.10
camera,1790471267.51,9.215,0.782,724.70
camera,1790471268.04,9.212,0.781,724.56
camera,1790471268.51,9.213,0.780,723.66
camera,1790471269.04,9.211,0.779,724.02
camera,1790471269.51,9.212,0.779,724.07
camera,1790471270.08,9.194,0.775,723.70
camera,1790471270.54,9.171,0.768,723.97
camera,1790471271.01,9.130,0.765,724.70
camera,1790471271.54,9.076,0.761,723.92
camera,1790471272.04,9.024,0.757,724.05
camera,1790471272.51,8.968,0.753,724.08
camera,1790471273.04,8.900,0.748,724.25
camera,1790471273.54,8.833,0.743,724.20
camera,1790471274.01,8.767,0.738,724.05
camera,1790471274.54,8.688,0.733,723.95
camera,1790471275.04,8.614,0.727,724.22
camera,1790471275.58,8.525,0.721,724.21
camera,1790471276.04,8.460,0.715,724.53
camera,1790471276.54,8.369,0.709,724.44
camera,1790471277.01,8.304,0.704,724.38
camera,1790471277.54,8.216,0.697,724.27
camera,1790471278.01,8.137,0.691,724.31
camera,1790471278.51,8.055,0.685,724.22
camera,1790471279.11,7.951,0.678,724.06
camera,1790471279.51,7.886,0.673,724.05
camera,1790471280.04,7.797,0.667,724.10
camera,1790471280.51,7.719,0.661,724.05
camera,1790471281.04,7.623,0.655,724.08
camera,1790471281.54,7.544,0.650,723.98
camera,1790471282.08,7.451,0.643,723.94
camera,1790471282.54,7.371,0.638,723.91
camera,1790471283.08,7.283,0.632,723.99
camera,1790471283.61,7.192,0.626,724.18
camera,1790471284.01,7.129,0.622,723.94
camera,1790471284.64,7.016,0.615,723.95
camera,1790471285.01,6.959,0.612,723.78
camera,1790471285.51,6.868,0.606,723.79
camera,1790471286.04,6.776,0.600,723.66
camera,1790471286.51,6.702,0.595,723.77
camera,1790471287.04,6.607,0.589,723.81
camera,1790471287.51,6.522,0.583,723.76
camera,1790471288.01,6.433,0.578,723.70
camera,1790471288.54,6.340,0.571,723.80
camera,1790471289.01,6.252,0.566,723.81
camera,1790471289.61,6.150,0.559,723.71
camera,1790471290.01,6.068,0.553,723.76
camera,1790471290.54,5.962,0.546,723.78
camera,1790471291.01,5.868,0.540,723.64
camera,1790471291.54,5.767,0.534,723.73
camera,1790471292.04,5.671,0.528,723.65
camera,1790471292.51,5.574,0.522,723.72
camera,1790471293.04,5.474,0.515,723.59
camera,1790471293.51,5.372,0.509,723.53
camera,1790471294.08,5.261,0.502,723.53
camera,1790471294.51,5.171,0.497,723.43
camera,1790471295.01,5.069,0.491,723.42
camera,1790471295.54,4.963,0.485,723.30
camera,1790471296.01,4.868,0.479,723.23
camera,1790471296.54,4.764,0.474,723.24
camera,1790471297.01,4.669,0.468,723.14
camera,1790471297.51,4.570,0.463,723.20
camera,1790471298.04,4.464,0.457,723.00
camera,1790471298.51,4.374,0.452,723.04
camera,1790471299.04,4.270,0.447,723.01
camera,1790471299.51,4.175,0.442,722.97
camera,1790471300.11,4.057,0.435,723.00
camera,1790471300.51,3.981,0.432,722.91
camera,1790471301.08,3.871,0.426,722.92
camera,1790471301.54,3.777,0.421,722.81
camera,1790471302.01,3.680,0.416,722.85
camera,1790471302.51,3.584,0.412,722.88
camera,1790471303.01,3.480,0.407,722.74
camera,1790471303.51,3.390,0.403,722.78
camera,1790471304.04,3.276,0.397,722.70
camera,1790471304.51,3.174,0.392,722.72
camera,1790471305.04,3.068,0.386,722.62
camera,1790471305.54,2.956,0.381,722.64
camera,1790471306.01,2.852,0.377,722.58
camera,1790471306.58,2.730,0.371,722.50
camera,1790471307.04,2.626,0.367,722.49
camera,1790471307.58,2.510,0.361,722.52
camera,1790471308.04,2.392,0.357,722.48
camera,1790471308.51,2.278,0.352,722.42
camera,1790471309.04,2.153,0.347,722.34
camera,1790471309.51,2.033,0.342,722.33
camera,1790471310.04,1.917,0.338,722.29
camera,1790471310.51,1.880,0.337,722.20
camera,1790471311.08,1.792,0.328,725.45
camera,1790471311.61,1.714,0.313,728.66
camera,1790471312.01,1.646,0.302,728.70
camera,1790471312.54,1.571,0.291,728.72
camera,1790471313.08,1.477,0.276,728.81
camera,1790471313.51,1.416,0.267,728.85
camera,1790471314.04,1.319,0.251,728.84
camera,1790471314.58,1.233,0.238,728.82
camera,1790471315.04,1.163,0.227,728.88
camera,1790471315.58,1.071,0.213,728.79
camera,1790471316.11,0.991,0.201,728.72
camera,1790471316.51,0.927,0.191,728.78
camera,1790471317.04,0.845,0.178,728.73
camera,1790471317.54,0.760,0.166,728.63
camera,1790471318.01,0.689,0.155,728.60
camera,1790471318.61,0.579,0.138,728.66
camera,1790471319.08,0.500,0.126,728.68
camera,1790471319.54,0.412,0.112,728.67
camera,1790471320.04,0.327,0.099,728.72
camera,1790471320.51,0.239,0.086,728.73
camera,1790471321.04,0.138,0.071,728.69
camera,1790471321.51,0.048,0.057,728.67
camera,1790471322.04,-0.063,0.040,728.65
camera,1790471322.51,-0.166,0.024,728.68
camera,1790471323.08,-0.270,0.009,728.64
camera,1790471323.54,-0.368,-0.006,728.61
camera,1790471324.01,-0.468,-0.022,728.63
camera,1790471324.54,-0.575,-0.037,728.53
camera,1790471325.11,-0.697,-0.056,728.55
camera,1790471325.51,-0.760,-0.065,728.41
camera,1790471326.11,-0.765,-0.066,728.52
camera,1790471326.58,-0.757,-0.065,728.48
camera,1790471327.11,-0.764,-0.066,725.18
camera,1790471327.61,-0.775,-0.065,721.25
camera,1790471328.01,-0.776,-0.065,717.67
camera,1790471328.51,-0.777,-0.065,709.21
camera,1790471329.11,-0.777,-0.065,697.05
camera,1790471329.51,-0.768,-0.071,689.53
camera,1790471330.04,-0.770,-0.070,685.20
camera,1790471330.51,-0.765,-0.074,680.87
camera,1790471331.04,-0.767,-0.071,675.05
camera,1790471331.78,-0.766,-0.071,665.21
camera,1790471332.04,-0.754,-0.093,661.69
camera,1790471332.54,-0.749,-0.109,654.66
camera,1790471333.08,-0.747,-0.118,648.32
camera,1790471333.54,-0.745,-0.128,642.73
camera,1790471334.08,-0.744,-0.149,636.32
camera,1790471334.51,-0.744,-0.158,634.62
camera,1790471335.01,-0.744,-0.156,634.65
camera,1790471335.54,-0.744,-0.157,634.65
camera,1790471336.01,-0.744,-0.156,634.63
camera,1790471336.54,-0.744,-0.155,634.59
camera,1790471337.01,-0.744,-0.156,634.62
camera,1790471337.54,-0.744,-0.160,634.64
camera,1790471338.01,-0.744,-0.153,634.64
camera,1790471338.51,-0.744,-0.156,634.65
camera,1790471339.04,-0.739,-0.218,634.45
camera,1790471339.51,-0.730,-0.324,634.55
camera,1790471340.04,-0.720,-0.453,634.46
camera,1790471340.51,-0.710,-0.589,634.50
camera,1790471341.04,-0.696,-0.756,634.57
camera,1790471341.51,-0.684,-0.911,634.63
camera,1790471342.04,-0.671,-1.069,634.64
camera,1790471342.51,-0.658,-1.229,634.71
camera,1790471343.04,-0.643,-1.402,634.77
camera,1790471343.54,-0.630,-1.555,634.78
camera,1790471344.01,-0.618,-1.696,634.90
camera,1790471344.54,-0.605,-1.851,634.87
camera,1790471345.01,-0.592,-2.000,634.98
camera,1790471345.54,-0.576,-2.188,635.01
camera,1790471346.01,-0.560,-2.369,635.10
camera,1790471346.54,-0.542,-2.563,635.21
camera,1790471347.01,-0.525,-2.750,635.22
camera,1790471347.54,-0.506,-2.954,635.30
camera,1790471348.01,-0.491,-3.118,635.32
camera,1790471348.54,-0.470,-3.337,635.52
camera,1790471349.04,-0.453,-3.507,635.62
camera,1790471349.51,-0.436,-3.682,635.59
camera,1790471350.04,-0.416,-3.878,635.71
camera,1790471350.51,-0.400,-4.035,635.83
camera,1790471351.04,-0.379,-4.239,635.90
camera,1790471351.51,-0.361,-4.414,635.94
camera,1790471352.04,-0.340,-4.617,636.01
camera,1790471352.51,-0.321,-4.795,636.01
camera,1790471353.08,-0.297,-5.014,636.16
camera,1790471353.54,-0.278,-5.189,636.23
camera,1790471354.01,-0.258,-5.371,636.33
camera,1790471354.54,-0.236,-5.561,636.49
camera,1790471355.01,-0.216,-5.734,636.47
camera,1790471355.54,-0.193,-5.932,636.59
camera,1790471356.01,-0.171,-6.118,636.66
camera,1790471356.54,-0.147,-6.315,636.68
camera,1790471357.01,-0.126,-6.486,636.85
camera,1790471357.58,-0.099,-6.702,637.08
camera,1790471358.01,-0.079,-6.872,637.01
camera,1790471358.58,-0.051,-7.089,637.15
camera,1790471359.04,-0.030,-7.256,637.19
camera,1790471359.51,-0.007,-7.429,637.24
camera,1790471360.04,0.019,-7.631,637.33
camera,1790471360.51,0.042,-7.808,637.37
camera,1790471361.01,0.065,-7.991,637.44
camera,1790471361.54,0.091,-8.188,637.49
camera,1790471362.01,0.115,-8.365,637.46
camera,1790471362.54,0.140,-8.555,637.51
camera,1790471363.01,0.163,-8.733,637.49
camera,1790471363.54,0.190,-8.942,637.47
camera,1790471364.01,0.213,-9.117,637.54
camera,1790471364.54,0.240,-9.318,637.60
camera,1790471365.01,0.264,-9.498,637.54
camera,1790471365.51,0.288,-9.678,637.67
camera,1790471366.04,0.317,-9.890,637.70
camera,1790471366.58,0.346,-10.103,637.73
camera,1790471367.04,0.371,-10.289,637.81
camera,1790471367.51,0.395,-10.463,637.87
camera,1790471368.04,0.424,-10.667,637.93
camera,1790471368.54,0.450,-10.853,637.90
camera,1790471369.04,0.477,-11.044,637.96
camera,1790471369.54,0.504,-11.235,638.13
camera,1790471370.01,0.530,-11.415,638.10
camera,1790471370.54,0.560,-11.622,638.28
camera,1790471371.01,0.587,-11.805,638.35
camera,1790471371.58,0.618,-12.023,638.24
camera,1790471372.01,0.642,-12.187,638.25
camera,1790471372.51,0.669,-12.371,638.28
camera,1790471373.04,0.700,-12.576,638.48
camera,1790471373.51,0.726,-12.751,638.47
camera,1790471374.04,0.755,-12.946,638.40
camera,1790471374.51,0.781,-13.117,638.52
camera,1790471375.04,0.810,-13.309,638.54
camera,1790471375.51,0.832,-13.469,638.23
camera,1790471376.01,0.859,-13.650,638.34
camera,1790471376.54,0.885,-13.833,638.17
camera,1790471377.01,0.910,-14.001,638.33
camera,1790471377.54,0.935,-14.182,638.03
camera,1790471378.01,0.961,-14.352,638.33
camera,1790471378.54,0.986,-14.536,637.70
camera,1790471379.01,1.000,-14.661,636.71
camera,1790471381.04,1.217,-15.183,636.68
camera,1790471381.78,1.209,-15.114,636.84
camera,1790471382.11,1.219,-15.175,637.41
camera,1790471383.58,1.224,-15.183,657.46
camera,1790471384.04,1.221,-15.173,664.38
camera,1790471384.51,1.234,-15.184,671.97
camera,1790471385.01,1.244,-15.190,679.90
camera,1790471385.54,1.247,-15.193,688.25
camera,1790471386.01,1.266,-15.200,695.45
camera,1790471386.54,1.277,-15.203,703.75
camera,1790471387.01,1.290,-15.205,710.84
camera,1790471387.54,1.297,-15.205,713.11
camera,1790471388.01,1.298,-15.205,713.07
camera,1790471388.54,1.295,-15.205,713.03
camera,1790471389.04,1.303,-15.206,713.07
camera,1790471389.54,1.300,-15.205,713.08
camera,1790471390.04,1.295,-15.205,713.07
camera,1790471390.51,1.299,-15.205,713.04
camera,1790471391.04,1.299,-15.205,713.05
camera,1790471391.54,1.296,-15.205,713.09
camera,1790471392.01,1.296,-15.205,714.19
camera,1790471392.54,1.306,-15.205,717.00
camera,1790471393.01,1.307,-15.205,716.99
camera,1790471393.54,1.364,-15.208,717.15
camera,1790471394.01,1.487,-15.213,717.28
camera,1790471394.54,1.623,-15.219,717.43
camera,1790471395.04,1.745,-15.225,717.48
camera,1790471395.51,1.868,-15.229,717.61
camera,1790471396.04,2.011,-15.235,717.67
camera,1790471396.51,2.126,-15.240,717.73
camera,1790471397.01,2.251,-15.245,717.76
camera,1790471397.54,2.398,-15.250,717.87
camera,1790471398.01,2.521,-15.255,717.90
camera,1790471398.51,2.645,-15.259,718.01
camera,1790471399.01,2.773,-15.263,718.02
camera,1790471399.51,2.904,-15.268,718.07
camera,1790471400.04,3.039,-15.272,718.16
camera,1790471400.51,3.164,-15.276,718.19
camera,1790471401.04,3.305,-15.280,718.27
camera,1790471401.54,3.439,-15.284,718.43
camera,1790471402.01,3.567,-15.287,718.47
camera,1790471402.54,3.705,-15.290,718.53
camera,1790471403.04,3.840,-15.294,718.56
camera,1790471403.51,3.967,-15.297,718.69
camera,1790471404.04,4.106,-15.300,718.71
camera,1790471404.54,4.243,-15.303,718.71
camera,1790471405.01,4.364,-15.305,718.82
camera,1790471405.54,4.515,-15.308,718.87
camera,1790471406.01,4.639,-15.310,718.94
camera,1790471406.54,4.779,-15.312,719.02
camera,1790471407.04,4.913,-15.314,719.16
camera,1790471407.51,5.037,-15.316,719.21
camera,1790471408.04,5.178,-15.318,719.22
camera,1790471408.51,5.295,-15.320,719.28
camera,1790471409.01,5.428,-15.321,719.33
camera,1790471409.54,5.563,-15.322,719.38
camera,1790471410.01,5.684,-15.324,719.43
camera,1790471410.54,5.820,-15.325,719.48
camera,1790471411.01,5.941,-15.326,719.53
camera,1790471411.54,6.085,-15.327,719.59
camera,1790471412.01,6.212,-15.328,719.66
camera,1790471412.51,6.343,-15.328,719.77
camera,1790471413.04,6.484,-15.329,719.81
camera,1790471413.51,6.603,-15.329,719.88
camera,1790471414.04,6.741,-15.329,719.95
camera,1790471414.54,6.861,-15.329,719.94
camera,1790471415.01,6.958,-15.329,719.87
camera,1790471415.51,7.059,-15.329,720.03
camera,1790471416.01,7.165,-15.329,720.09
camera,1790471416.51,7.275,-15.329,720.09
camera,1790471417.04,7.386,-15.328,720.09
camera,1790471417.51,7.485,-15.328,720.15
camera,1790471418.01,7.600,-15.328,720.15
camera,1790471418.54,7.711,-15.327,720.29
camera,1790471419.01,7.815,-15.326,720.40
camera,1790471419.58,7.957,-15.325,720.40
camera,1790471420.01,8.052,-15.324,720.49
camera,1790471420.51,8.183,-15.323,720.63
camera,1790471421.04,8.306,-15.321,720.71
camera,1790471421.51,8.432,-15.319,720.76
camera,1790471422.01,8.555,-15.318,720.84
camera,1790471422.54,8.696,-15.315,720.95
camera,1790471423.04,8.818,-15.314,720.85
camera,1790471423.51,8.943,-15.312,720.83
camera,1790471424.04,9.082,-15.310,720.90
camera,1790471424.51,9.212,-15.308,720.75
camera,1790471425.04,9.347,-15.306,720.85
camera,1790471425.51,9.470,-15.304,720.98
camera,1790471426.01,9.597,-15.302,720.99
camera,1790471426.54,9.741,-15.299,721.07
camera,1790471427.01,9.856,-15.296,721.50
camera,1790471427.54,10.013,-15.294,721.18
camera,1790471428.01,10.126,-15.290,721.69
camera,1790471428.54,10.260,-15.286,722.00
camera,1790471429.01,10.368,-15.284,721.79
camera,1790471429.54,10.494,-15.281,722.20
camera,1790471430.04,10.598,-15.280,721.86
camera,1790471430.51,10.648,-15.278,722.24
camera,1790471431.04,10.646,-15.278,721.93
camera,1790471431.51,10.644,-15.278,722.07
camera,1790471432.04,10.646,-15.278,721.99
camera,1790471432.51,10.647,-15.278,722.03
camera,1790471433.04,10.646,-15.278,722.04
camera,1790471433.51,10.645,-15.278,722.12
camera,1790471434.04,10.650,-15.278,722.78
camera,1790471434.54,10.663,-15.274,731.26
camera,1790471435.01,10.680,-15.266,739.46
camera,1790471435.51,10.679,-15.268,749.01
camera,1790471436.01,10.673,-15.278,761.77
camera,1790471436.54,10.690,-15.300,773.39
camera,1790471437.01,10.732,-15.338,778.51
camera,1790471441.04,10.756,-15.194,844.47
camera,1790471441.51,10.782,-15.229,851.28
camera,1790471442.01,10.804,-15.248,859.11
camera,1790471442.54,10.826,-15.262,867.63
camera,1790471443.01,10.831,-15.264,874.94
camera,1790471443.54,10.843,-15.266,883.34
camera,1790471444.04,10.844,-15.267,891.23
camera,1790471444.51,10.861,-15.267,898.40
camera,1790471445.04,10.860,-15.266,899.70
camera,1790471445.51,10.863,-15.266,899.69
camera,1790471446.04,10.863,-15.266,899.68
camera,1790471446.51,10.864,-15.266,899.68
camera,1790471447.04,10.864,-15.266,899.68
camera,1790471447.54,10.863,-15.266,899.64
camera,1790471448.01,10.865,-15.266,899.68
camera,1790471448.54,10.863,-15.266,896.30
camera,1790471449.04,10.867,-15.266,896.58
camera,1790471449.51,10.867,-15.266,896.85
camera,1790471450.04,10.867,-15.266,897.98
camera,1790471450.51,10.864,-15.266,897.61
camera,1790471451.04,10.863,-15.266,897.74
camera,1790471451.51,10.863,-15.266,897.94
camera,1790471452.04,10.852,-15.265,898.05
camera,1790471452.54,10.771,-15.263,898.12
camera,1790471453.08,10.649,-15.259,898.23
camera,1790471453.54,10.544,-15.256,898.36
camera,1790471454.08,10.425,-15.253,898.41
camera,1790471454.54,10.318,-15.250,898.42
camera,1790471455.08,10.198,-15.247,898.54
camera,1790471455.51,10.109,-15.245,898.52
camera,1790471456.01,9.995,-15.242,898.56
camera,1790471456.51,9.859,-15.238,898.46
camera,1790471457.01,9.712,-15.235,898.65
camera,1790471457.54,9.551,-15.231,898.69
camera,1790471458.01,9.406,-15.228,898.79
camera,1790471458.58,9.241,-15.225,898.81
camera,1790471459.01,9.106,-15.223,899.02
camera,1790471459.51,8.959,-15.220,899.06
camera,1790471460.04,8.810,-15.218,899.22
camera,1790471460.54,8.667,-15.217,899.21
camera,1790471461.04,8.526,-15.215,899.25
camera,1790471461.51,8.403,-15.214,899.39
camera,1790471462.04,8.264,-15.213,899.49
camera,1790471462.54,8.132,-15.212,899.56
camera,1790471463.01,7.999,-15.211,899.59
camera,1790471463.58,7.864,-15.210,899.64
camera,1790471464.04,7.750,-15.210,899.77
camera,1790471464.54,7.626,-15.209,899.81
camera,1790471465.04,7.505,-15.209,899.94
camera,1790471465.51,7.390,-15.209,899.96
camera,1790471466.04,7.254,-15.209,900.05
camera,1790471466.51,7.129,-15.209,900.09
camera,1790471467.04,6.999,-15.210,900.17
camera,1790471467.58,6.862,-15.210,900.14
camera,1790471468.01,6.755,-15.211,900.26
camera,1790471468.54,6.594,-15.211,900.26
camera,1790471469.01,6.488,-15.212,900.40
camera,1790471469.54,6.339,-15.213,900.47
camera,1790471470.01,6.215,-15.214,900.51
camera,1790471470.58,6.060,-15.215,900.54
camera,1790471471.01,5.955,-15.216,900.54
camera,1790471471.58,5.799,-15.218,900.62
camera,1790471472.01,5.691,-15.220,900.69
camera,1790471472.51,5.566,-15.221,900.68
camera,1790471473.04,5.432,-15.223,900.78
camera,1790471473.58,5.281,-15.225,900.84
camera,1790471474.01,5.164,-15.227,900.83
camera,1790471474.54,5.022,-15.229,900.96
camera,1790471475.01,4.886,-15.232,900.94
camera,1790471475.54,4.733,-15.235,901.05
camera,1790471476.01,4.633,-15.237,901.09
camera,1790471476.54,4.484,-15.240,901.17
camera,1790471477.01,4.353,-15.242,901.19
camera,1790471477.51,4.203,-15.246,901.32
camera,1790471478.01,4.067,-15.249,901.30
camera,1790471478.51,3.925,-15.253,901.37
camera,1790471479.01,3.779,-15.256,901.46
camera,1790471479.54,3.621,-15.260,901.48
camera,1790471480.04,3.491,-15.264,901.53
camera,1790471480.58,3.326,-15.269,901.55
camera,1790471481.01,3.206,-15.273,901.76
camera,1790471481.58,3.072,-15.276,901.71
camera,1790471482.01,2.942,-15.280,901.81
camera,1790471482.54,2.796,-15.285,901.89
camera,1790471483.08,2.644,-15.290,901.86
camera,1790471483.51,2.537,-15.294,902.01
camera,1790471484.04,2.390,-15.299,902.11
camera,1790471484.54,2.238,-15.305,902.15
camera,1790471485.01,2.109,-15.310,902.17
camera,1790471485.54,1.960,-15.316,902.16
camera,1790471486.01,1.838,-15.320,902.15
camera,1790471486.54,1.706,-15.325,902.01
camera,1790471487.01,1.569,-15.329,901.62
camera,1790471487.54,1.417,-15.331,901.09
camera,1790471488.04,1.280,-15.331,900.33
camera,1790471488.54,1.147,-15.329,899.58
camera,1790471489.01,1.007,-15.326,899.12
camera,1790471489.54,0.841,-15.322,898.57
camera,1790471490.01,0.688,-15.315,898.03
camera,1790471490.54,0.524,-15.308,897.59
camera,1790471491.08,0.372,-15.300,897.15
camera,1790471491.51,0.245,-15.292,896.74
camera,1790471492.04,0.082,-15.282,896.61
camera,1790471492.58,-0.068,-15.273,896.64
camera,1790471493.01,-0.189,-15.266,896.64
camera,1790471493.54,-0.351,-15.256,896.65
camera,1790471494.08,-0.510,-15.247,896.65
camera,1790471494.54,-0.657,-15.239,896.70
camera,1790471495.04,-0.802,-15.231,896.81
camera,1790471495.51,-0.944,-15.223,896.84
camera,1790471496.01,-1.084,-15.215,896.87
camera,1790471496.58,-1.250,-15.206,896.93
camera,1790471497.04,-1.391,-15.199,896.96
camera,1790471497.54,-1.533,-15.191,896.95
camera,1790471498.04,-1.664,-15.184,897.09
camera,1790471498.51,-1.783,-15.178,897.09
camera,1790471499.08,-1.938,-15.171,897.15
camera,1790471499.58,-2.072,-15.164,897.30
camera,1790471500.01,-2.197,-15.159,897.29
camera,1790471500.51,-2.338,-15.152,897.33
camera,1790471501.04,-2.484,-15.145,897.34
camera,1790471501.54,-2.618,-15.139,897.50
camera,1790471502.08,-2.754,-15.134,897.54
camera,1790471502.51,-2.870,-15.129,897.55
camera,1790471503.01,-3.008,-15.123,897.66
camera,1790471503.51,-3.160,-15.117,897.61
camera,1790471504.01,-3.295,-15.111,897.80
camera,1790471504.51,-3.434,-15.106,897.82
camera,1790471505.01,-3.570,-15.102,897.94
camera,1790471505.54,-3.718,-15.097,898.06
camera,1790471506.01,-3.860,-15.092,898.22
camera,1790471506.51,-4.005,-15.088,898.28
camera,1790471507.01,-4.146,-15.084,898.34
camera,1790471507.54,-4.295,-15.080,898.40
camera,1790471508.04,-4.437,-15.077,898.55
camera,1790471508.54,-4.566,-15.074,898.69
camera,1790471509.04,-4.695,-15.073,899.42
camera,1790471509.54,-4.831,-15.075,900.28
camera,1790471510.04,-4.960,-15.076,900.54
camera,1790471510.58,-5.112,-15.078,900.76
camera,1790471511.01,-5.232,-15.080,900.86
camera,1790471511.54,-5.387,-15.083,901.00
camera,1790471512.01,-5.517,-15.085,901.08
camera,1790471512.54,-5.641,-15.088,901.20
camera,1790471513.08,-5.770,-15.091,901.31
camera,1790471513.51,-5.883,-15.094,901.36
camera,1790471514.04,-6.014,-15.097,901.45
camera,1790471514.58,-6.148,-15.100,901.55
camera,1790471515.01,-6.255,-15.104,901.58
camera,1790471515.58,-6.387,-15.108,901.68
camera,1790471516.01,-6.490,-15.111,901.89
camera,1790471516.54,-6.615,-15.116,901.98
camera,1790471517.08,-6.728,-15.120,902.06
camera,1790471517.54,-6.780,-15.121,901.93
camera,1790471518.08,-6.780,-15.121,901.98
camera,1790471518.54,-6.781,-15.121,902.06
camera,1790471519.08,-6.782,-15.121,901.92
camera,1790471519.54,-6.781,-15.121,902.01
camera,1790471520.08,-6.781,-15.121,901.89
camera,1790471520.51,-6.782,-15.121,902.13
camera,1790471521.01,-6.781,-15.121,902.17
camera,1790471521.51,-6.784,-15.121,902.10
camera,1790471522.04,-6.781,-15.121,902.17
camera,1790471522.58,-6.781,-15.121,902.02
camera,1790471523.01,-6.780,-15.121,902.14
camera,1790471523.54,-6.781,-15.121,902.01
camera,1790471524.01,-6.780,-15.121,901.86
camera,1790471524.54,-6.776,-15.122,898.60
camera,1790471525.08,-6.765,-15.123,894.68
camera,1790471525.58,-6.757,-15.124,890.73
camera,1790471526.04,-6.749,-15.127,887.05
camera,1790471526.54,-6.740,-15.130,883.07
camera,1790471527.01,-6.738,-15.130,879.54
camera,1790471527.54,-6.729,-15.135,874.86
camera,1790471528.01,-6.723,-15.139,870.12
camera,1790471528.51,-6.718,-15.142,865.02
camera,1790471529.04,-6.716,-15.144,859.53
camera,1790471529.54,-6.714,-15.147,854.33
camera,1790471530.04,-6.713,-15.147,848.90
camera,1790471530.51,-6.713,-15.147,845.48
camera,1790471531.01,-6.712,-15.149,842.16
camera,1790471531.51,-6.712,-15.150,838.80
camera,1790471532.01,-6.712,-15.149,835.56
camera,1790471532.51,-6.712,-15.149,828.79
camera,1790471533.04,-6.712,-15.146,822.45
camera,1790471577.48,-0.944,-15.463,723.81
camera,1790471577.54,-0.928,-15.462,723.84
camera,1790471578.01,-0.795,-15.453,723.91
camera,1790471578.54,-0.654,-15.444,724.02
camera,1790471579.04,-0.518,-15.434,724.09
camera,1790471579.51,-0.395,-15.425,724.16
camera,1790471580.11,-0.232,-15.413,724.19
camera,1790471580.54,-0.123,-15.405,724.20
camera,1790471581.18,0.051,-15.392,724.30
camera,1790471581.54,0.150,-15.384,724.31
camera,1790471582.01,0.269,-15.376,724.33
camera,1790471582.54,0.401,-15.365,724.46
camera,1790471583.04,0.535,-15.355,724.46
camera,1790471583.54,0.664,-15.345,724.58
camera,1790471584.01,0.780,-15.336,724.54
camera,1790471584.51,0.896,-15.326,724.51
camera,1790471585.01,0.948,-15.322,724.64
camera,1790471585.54,0.947,-15.322,724.65
camera,1790471586.08,0.950,-15.322,724.61
camera,1790471586.58,0.947,-15.322,724.62
camera,1790471587.08,0.952,-15.321,729.46
camera,1790471587.54,0.955,-15.319,742.67
camera,1790471588.04,0.963,-15.312,756.48
camera,1790471588.54,0.972,-15.296,770.33
camera,1790471589.01,0.981,-15.271,783.30
camera,1790471589.51,0.984,-15.231,797.43
camera,1790471590.01,0.982,-15.198,806.67
camera,1790471590.54,0.982,-15.201,806.62
camera,1790471591.01,0.982,-15.204,806.55
camera,1790471591.51,0.982,-15.199,806.60
camera,1790471592.04,0.982,-15.201,806.54
camera,1790471592.51,0.982,-15.201,806.61
camera,1790471593.04,0.982,-15.201,806.59
camera,1790471593.54,0.982,-15.200,806.56
camera,1790471594.01,0.981,-15.201,806.60
camera,1790471594.54,0.981,-15.203,806.61
camera,1790471595.01,0.982,-15.199,806.56
camera,1790471595.51,0.982,-15.188,806.68
camera,1790471596.04,0.988,-15.084,806.77
camera,1790471596.51,0.993,-14.982,806.93
camera,1790471597.04,0.999,-14.860,807.12
camera,1790471597.51,1.004,-14.758,807.14
camera,1790471598.04,1.011,-14.618,807.26
camera,1790471598.51,1.017,-14.481,807.35
camera,1790471599.01,1.023,-14.341,807.37
camera,1790471599.54,1.030,-14.179,807.63
camera,1790471600.01,1.034,-14.039,808.20
camera,1790471600.54,1.025,-13.876,811.80
camera,1790471601.01,1.019,-13.728,812.13
camera,1790471601.54,1.012,-13.561,812.33
camera,1790471602.01,1.005,-13.397,812.45
camera,1790471602.51,0.997,-13.220,812.60
camera,1790471603.04,0.986,-13.005,812.69
camera,1790471603.51,0.977,-12.823,812.79
camera,1790471604.04,0.967,-12.625,812.92
camera,1790471604.51,0.958,-12.454,813.03
camera,1790471605.04,0.946,-12.248,813.11
camera,1790471605.54,0.936,-12.061,813.19
camera,1790471606.01,0.925,-11.884,813.30
camera,1790471606.54,0.912,-11.675,813.44
camera,1790471607.01,0.901,-11.496,813.48
camera,1790471607.54,0.889,-11.305,813.53
camera,1790471608.01,0.879,-11.144,813.58
camera,1790471608.51,0.867,-10.961,813.76
camera,1790471609.04,0.853,-10.754,813.83
camera,1790471609.51,0.841,-10.576,813.96
camera,1790471610.04,0.827,-10.385,814.04
camera,1790471610.51,0.814,-10.205,814.09
camera,1790471611.04,0.799,-10.004,814.18
camera,1790471611.51,0.785,-9.819,814.30
camera,1790471612.04,0.770,-9.627,814.40
camera,1790471612.54,0.754,-9.435,814.52
camera,1790471613.01,0.741,-9.275,814.56
camera,1790471613.54,0.725,-9.078,814.67
camera,1790471614.01,0.709,-8.894,814.80
camera,1790471614.51,0.694,-8.711,814.89
camera,1790471615.01,0.678,-8.522,814.95
camera,1790471615.51,0.662,-8.338,815.02
camera,1790471616.04,0.646,-8.152,814.92
camera,1790471616.51,0.637,-7.979,813.45
camera,1790471617.04,0.632,-7.787,812.25
camera,1790471617.51,0.626,-7.616,812.16
camera,1790471618.04,0.618,-7.400,812.12
camera,1790471618.54,0.611,-7.214,812.17
camera,1790471619.01,0.603,-7.044,812.35
camera,1790471619.54,0.595,-6.854,812.42
camera,1790471620.04,0.587,-6.665,812.47
camera,1790471620.51,0.578,-6.473,812.52
camera,1790471621.08,0.567,-6.246,812.67
camera,1790471621.54,0.559,-6.072,812.75
camera,1790471622.01,0.549,-5.890,812.92
camera,1790471622.51,0.539,-5.696,812.95
camera,1790471623.04,0.528,-5.492,813.03
camera,1790471623.51,0.518,-5.317,813.05
camera,1790471624.01,0.507,-5.118,813.19
camera,1790471624.54,0.495,-4.911,813.28
camera,1790471625.01,0.484,-4.729,813.36
camera,1790471625.51,0.472,-4.533,813.46
camera,1790471626.04,0.460,-4.331,813.48
camera,1790471626.54,0.448,-4.131,813.50
camera,1790471627.01,0.437,-3.956,813.64
camera,1790471627.54,0.423,-3.754,813.74
camera,1790471628.04,0.410,-3.560,813.83
camera,1790471628.54,0.397,-3.360,813.89
camera,1790471629.04,0.383,-3.162,813.99
camera,1790471629.54,0.369,-2.968,814.12
camera,1790471630.04,0.357,-2.776,813.51
camera,1790471630.54,0.349,-2.585,812.82
camera,1790471631.04,0.345,-2.397,811.59
camera,1790471631.54,0.350,-2.223,809.43
camera,1790471632.04,0.353,-2.031,809.31
camera,1790471632.54,0.355,-1.840,809.27
camera,1790471633.01,0.358,-1.666,809.24
camera,1790471633.51,0.360,-1.477,809.27
camera,1790471634.01,0.363,-1.285,809.28
camera,1790471634.54,0.364,-1.078,809.43
camera,1790471635.04,0.366,-0.883,809.53
camera,1790471635.54,0.367,-0.701,809.57
camera,1790471636.04,0.368,-0.515,809.63
camera,1790471636.51,0.368,-0.425,809.67
camera,1790471637.01,0.369,-0.320,809.74
camera,1790471637.54,0.369,-0.267,809.85
camera,1790471638.04,0.369,-0.271,809.79
camera,1790471638.51,0.369,-0.270,809.43
camera,1790471639.01,0.367,-0.276,802.61
camera,1790471639.54,0.358,-0.297,790.79
camera,1790471640.04,0.356,-0.299,779.12
camera,1790471640.51,0.348,-0.306,768.02
camera,1790471641.04,0.349,-0.305,754.96
camera,1790471641.51,0.347,-0.306,743.59
camera,1790471642.01,0.349,-0.306,732.21
camera,1790471642.54,0.352,-0.304,731.81
camera,1790471643.01,0.349,-0.305,731.80
camera,1790471643.54,0.352,-0.304,731.82
camera,1790471644.04,0.347,-0.305,731.82
camera,1790471644.51,0.349,-0.305,731.82
camera,1790471645.04,0.349,-0.305,731.06
camera,1790471645.51,0.353,-0.305,726.61
camera,1790471646.01,0.351,-0.305,726.36
camera,1790471646.54,0.352,-0.305,726.39
camera,1790471647.01,0.354,-0.305,726.39
camera,1790471647.54,0.353,-0.305,726.37
camera,1790471648.01,0.361,-0.306,718.40
camera,1790471648.51,0.371,-0.309,707.83
camera,1790471649.04,0.392,-0.319,697.60
camera,1790471649.51,0.404,-0.329,688.64
camera,1790471650.04,0.419,-0.343,678.73
camera,1790471651.18,0.515,0.138,659.07
camera,1790471651.51,0.514,0.142,652.81
camera,1790471652.04,0.519,0.114,642.90
camera,1790471652.51,0.520,0.105,639.58
camera,1790471653.04,0.521,0.095,633.53
camera,1790471653.54,0.520,0.100,633.53
camera,1790471654.01,0.521,0.095,633.55
camera,1790471654.54,0.521,0.096,633.51
camera,1790471655.01,0.520,0.097,633.57
camera,1790471655.54,0.523,0.037,633.12
camera,1790471656.01,0.533,-0.148,633.16
camera,1790471656.58,0.546,-0.363,633.24
camera,1790471657.01,0.555,-0.534,633.31
camera,1790471657.58,0.568,-0.750,633.29
camera,1790471658.04,0.578,-0.916,633.42
camera,1790471658.51,0.588,-1.075,633.57
camera,1790471659.04,0.602,-1.290,633.66
camera,1790471659.51,0.612,-1.457,633.62
camera,1790471660.04,0.626,-1.667,633.73
camera,1790471660.51,0.638,-1.847,633.81
camera,1790471661.04,0.652,-2.052,633.87
camera,1790471661.51,0.664,-2.227,633.92
camera,1790471662.08,0.679,-2.446,633.97
camera,1790471662.54,0.692,-2.623,634.09
camera,1790471663.01,0.702,-2.765,634.02
camera,1790471663.54,0.717,-2.966,634.16
camera,1790471664.01,0.729,-3.131,634.25
camera,1790471664.54,0.746,-3.347,634.35
camera,1790471665.01,0.759,-3.521,634.44
camera,1790471665.54,0.775,-3.715,634.53
camera,1790471666.01,0.790,-3.902,634.57
camera,1790471666.54,0.805,-4.096,634.63
camera,1790471667.01,0.820,-4.284,634.62
camera,1790471667.51,0.836,-4.469,634.72
camera,1790471668.01,0.852,-4.653,634.84
camera,1790471668.54,0.869,-4.853,635.02
camera,1790471669.01,0.885,-5.036,634.94
camera,1790471669.54,0.902,-5.227,635.02
camera,1790471670.01,0.919,-5.412,635.16
camera,1790471670.54,0.937,-5.608,635.23
camera,1790471671.04,0.955,-5.797,635.37
camera,1790471671.51,0.971,-5.963,635.38
camera,1790471672.04,0.990,-6.168,635.48
camera,1790471672.51,1.005,-6.325,635.48
camera,1790471673.04,1.025,-6.526,635.61
camera,1790471673.54,1.043,-6.704,635.61
camera,1790471674.01,1.062,-6.890,635.68
camera,1790471674.54,1.082,-7.089,635.74
camera,1790471675.01,1.100,-7.266,635.76
camera,1790471675.51,1.118,-7.448,635.77
camera,1790471676.01,1.137,-7.634,635.78
camera,1790471676.54,1.159,-7.839,635.88
camera,1790471677.01,1.176,-8.015,635.79
camera,1790471677.54,1.197,-8.213,635.87
camera,1790471678.01,1.216,-8.391,635.93
camera,1790471678.51,1.234,-8.564,635.96
camera,1790471679.04,1.256,-8.765,636.11
camera,1790471679.51,1.275,-8.947,635.97
camera,1790471680.01,1.295,-9.135,636.02
camera,1790471680.51,1.315,-9.323,636.08
camera,1790471681.01,1.336,-9.524,636.04
camera,1790471681.51,1.357,-9.719,636.13
camera,1790471682.01,1.377,-9.905,636.25
camera,1790471682.54,1.400,-10.111,636.21
camera,1790471683.01,1.419,-10.286,636.29
camera,1790471683.54,1.442,-10.492,636.34
camera,1790471684.01,1.461,-10.670,636.16
camera,1790471684.54,1.469,-10.875,633.04
camera,1790471685.01,1.475,-11.059,632.34
camera,1790471685.58,1.483,-11.271,632.28
camera,1790471686.01,1.491,-11.440,632.33
camera,1790471686.58,1.499,-11.648,632.39
camera,1790471687.04,1.507,-11.827,632.38
camera,1790471687.51,1.514,-12.004,632.43
camera,1790471688.04,1.523,-12.208,632.52
camera,1790471688.51,1.531,-12.384,632.53
camera,1790471689.04,1.540,-12.588,632.50
camera,1790471689.51,1.547,-12.757,632.43
camera,1790471690.08,1.557,-12.970,632.49
camera,1790471690.54,1.564,-13.138,632.55
camera,1790471691.01,1.570,-13.297,632.36
camera,1790471691.54,1.579,-13.506,632.28
camera,1790471692.01,1.586,-13.693,632.07
camera,1790471692.54,1.591,-13.885,631.71
camera,1790471693.01,1.599,-14.075,632.15
camera,1790471694.58,1.265,-14.721,632.26
camera,1790471695.04,1.267,-14.738,632.34
camera,1790471696.04,1.269,-14.758,632.27
camera,1790471696.51,1.271,-14.764,631.88
camera,1790471697.18,1.277,-14.737,632.24
camera,1790471697.51,1.276,-14.702,630.86
camera,1790471698.18,1.277,-14.796,631.32
camera,1790471698.78,1.276,-14.734,631.00
camera,1790471699.04,1.276,-14.725,631.25
camera,1790471699.51,1.277,-14.746,631.14
camera,1790471700.01,1.275,-14.721,631.40
camera,1790471700.68,1.276,-14.647,630.80
camera,1790471701.01,1.276,-14.638,630.98
camera,1790471701.61,1.277,-14.673,631.02
camera,1790471703.74,1.256,-14.641,606.68
camera,1790471704.78,1.264,-14.704,585.41
camera,1790471705.04,1.261,-14.706,580.70
camera,1790471705.51,1.267,-14.701,572.54
camera,1790471706.04,1.268,-14.700,563.27
camera,1790471706.51,1.257,-14.703,555.07
camera,1790471707.01,1.247,-14.704,546.45
camera,1790471707.54,1.238,-14.704,546.34
camera,1790471708.01,1.242,-14.704,546.35
camera,1790471708.51,1.234,-14.705,546.33
camera,1790471709.04,1.241,-14.704,546.30
camera,1790471709.54,1.240,-14.704,546.34
camera,1790471710.01,1.241,-14.704,546.36
camera,1790471710.51,1.244,-14.704,546.31
camera,1790471711.04,1.240,-14.704,546.32
camera,1790471711.51,1.238,-14.704,546.32
camera,1790471712.01,1.160,-14.713,546.13
camera,1790471712.54,0.995,-14.730,546.06
camera,1790471713.04,0.858,-14.744,546.04
camera,1790471713.51,0.714,-14.747,542.44
camera,1790471714.01,0.575,-14.752,542.18
camera,1790471714.54,0.410,-14.759,542.22
camera,1790471715.04,0.266,-14.765,542.32
camera,1790471715.51,0.139,-14.770,542.33
camera,1790471716.01,-0.008,-14.776,542.33
camera,1790471716.54,-0.167,-14.783,542.38
camera,1790471717.04,-0.311,-14.789,542.47
camera,1790471717.51,-0.448,-14.795,542.43
camera,1790471718.01,-0.591,-14.801,542.53
camera,1790471718.54,-0.743,-14.809,542.62
camera,1790471719.04,-0.883,-14.815,542.71
camera,1790471719.51,-1.021,-14.822,542.80
camera,1790471720.01,-1.161,-14.829,542.79
camera,1790471720.54,-1.318,-14.837,542.88
camera,1790471721.04,-1.474,-14.845,542.97
camera,1790471721.54,-1.629,-14.854,543.07
camera,1790471722.01,-1.777,-14.862,543.15
camera,1790471722.51,-1.933,-14.871,543.21
camera,1790471723.04,-2.101,-14.880,543.29
camera,1790471723.51,-2.252,-14.889,543.32
camera,1790471724.01,-2.413,-14.899,543.38
camera,1790471724.51,-2.581,-14.909,543.53
camera,1790471725.05,-2.764,-14.921,543.58
camera,1790471725.54,-2.947,-14.933,543.62
camera,1790471726.04,-3.125,-14.944,543.71
camera,1790471726.54,-3.304,-14.956,543.75
camera,1790471727.01,-3.472,-14.968,543.91
camera,1790471727.55,-3.651,-14.980,543.88
camera,1790471728.01,-3.817,-14.991,543.89
camera,1790471728.51,-4.003,-15.005,543.99
camera,1790471729.04,-4.201,-15.019,544.05
camera,1790471729.51,-4.373,-15.031,544.12
camera,1790471730.01,-4.548,-15.045,544.35
camera,1790471730.55,-4.737,-15.059,544.26
camera,1790471731.05,-4.918,-15.068,543.05
camera,1790471731.51,-5.077,-15.076,542.71
camera,1790471732.01,-5.248,-15.072,540.12
camera,1790471732.55,-5.422,-15.073,540.26
camera,1790471733.05,-5.575,-15.068,538.25
camera,1790471733.51,-5.706,-15.063,538.03
camera,1790471734.01,-5.839,-15.058,537.96
camera,1790471734.58,-5.996,-15.053,538.11
camera,1790471735.05,-6.125,-15.049,538.10
camera,1790471735.55,-6.267,-15.045,538.16
camera,1790471736.01,-6.402,-15.042,538.45
camera,1790471736.51,-6.540,-15.039,538.46
camera,1790471737.01,-6.681,-15.036,538.71
camera,1790471737.55,-6.826,-15.036,539.11
camera,1790471738.05,-6.964,-15.036,539.80
camera,1790471738.51,-7.090,-15.041,541.04
camera,1790471739.01,-7.228,-15.047,541.85
camera,1790471739.55,-7.353,-15.063,545.22
camera,1790471740.08,-7.399,-15.069,545.69
camera,1790471740.65,-7.395,-15.069,545.58
camera,1790471741.05,-7.397,-15.069,545.67
camera,1790471741.58,-7.392,-15.069,545.17
camera,1790471742.11,-7.398,-15.070,545.77
camera,1790471742.51,-7.389,-15.068,548.99
camera,1790471743.08,-7.338,-15.047,558.90
camera,1790471743.65,-7.299,-15.025,567.05
camera,1790471744.05,-7.278,-15.012,574.32
camera,1790471744.55,-7.260,-14.995,582.53
camera,1790471745.01,-7.257,-14.991,590.90
camera,1790471745.51,-7.255,-14.986,600.01
camera,1790471746.05,-7.255,-14.976,610.06
camera,1790471746.55,-7.259,-14.990,616.51
camera,1790471747.01,-7.262,-15.003,623.35
camera,1790471747.51,-7.266,-15.018,630.86
camera,1790471748.01,-7.269,-15.019,639.26
camera,1790471748.51,-7.271,-15.077,644.39
camera,1790471750.01,-7.553,-14.723,664.00
camera,1790471750.55,-7.552,-14.724,672.45
camera,1790471751.01,-7.544,-14.730,679.89
camera,1790471751.51,-7.540,-14.732,688.31
camera,1790471752.05,-7.528,-14.736,697.20
camera,1790471752.51,-7.510,-14.740,704.98
camera,1790471753.05,-7.488,-14.741,713.84
camera,1790471753.55,-7.481,-14.741,715.11
camera,1790471754.01,-7.477,-14.741,715.09
camera,1790471754.55,-7.479,-14.741,715.11
camera,1790471755.01,-7.482,-14.741,715.05
camera,1790471755.55,-7.482,-14.741,715.11
camera,1790471756.01,-7.480,-14.741,715.05
camera,1790471756.55,-7.484,-14.741,715.05
camera,1790471757.01,-7.480,-14.741,717.19
camera,1790471757.55,-7.470,-14.742,718.11
camera,1790471758.01,-7.467,-14.742,718.12
camera,1790471758.58,-7.471,-14.742,718.10
camera,1790471759.05,-7.472,-14.742,718.11
camera,1790471759.51,-7.444,-14.743,718.25
camera,1790471760.01,-7.339,-14.746,718.36
camera,1790471760.51,-7.244,-14.748,718.43
camera,1790471761.05,-7.121,-14.751,718.51
camera,1790471761.51,-7.015,-14.754,718.66
camera,1790471762.05,-6.896,-14.756,718.76
camera,1790471762.51,-6.783,-14.758,718.85
camera,1790471763.05,-6.655,-14.761,718.91
camera,1790471763.51,-6.537,-14.763,718.99
camera,1790471764.01,-6.399,-14.765,719.01
camera,1790471764.55,-6.257,-14.768,719.06
camera,1790471765.01,-6.134,-14.770,719.04
camera,1790471765.55,-5.985,-14.772,719.13
camera,1790471766.01,-5.855,-14.774,719.21
camera,1790471766.51,-5.713,-14.775,719.28
camera,1790471767.05,-5.560,-14.777,719.41
camera,1790471767.51,-5.418,-14.778,719.38
camera,1790471768.05,-5.264,-14.780,719.39
camera,1790471768.51,-5.122,-14.781,719.42
camera,1790471769.08,-4.954,-14.783,719.51
camera,1790471769.55,-4.815,-14.784,719.55
camera,1790471770.01,-4.681,-14.784,719.63
camera,1790471770.55,-4.522,-14.785,719.66
camera,1790471771.01,-4.378,-14.786,719.70
camera,1790471771.51,-4.258,-14.787,719.75
camera,1790471772.05,-4.109,-14.787,719.83
camera,1790471772.51,-3.997,-14.788,719.84
camera,1790471773.01,-3.878,-14.788,719.90
camera,1790471773.55,-3.754,-14.789,719.95
camera,1790471774.01,-3.629,-14.789,719.98
camera,1790471774.55,-3.509,-14.789,720.00
camera,1790471775.01,-3.379,-14.789,720.02
camera,1790471775.55,-3.240,-14.789,720.04
camera,1790471776.01,-3.136,-14.789,720.13
camera,1790471776.51,-3.009,-14.789,720.12
camera,1790471777.05,-2.866,-14.789,720.16
camera,1790471777.51,-2.757,-14.788,720.24
camera,1790471778.05,-2.631,-14.787,720.30
camera,1790471778.51,-2.519,-14.787,720.25
camera,1790471779.05,-2.399,-14.786,720.33
camera,1790471779.51,-2.288,-14.786,720.32
camera,1790471780.05,-2.168,-14.785,720.44
camera,1790471780.55,-2.062,-14.784,720.40
camera,1790471781.01,-1.963,-14.783,720.50
camera,1790471781.55,-1.858,-14.782,720.51
camera,1790471782.01,-1.773,-14.781,720.54
camera,1790471782.51,-1.681,-14.780,720.59
camera,1790471783.05,-1.578,-14.779,720.60
camera,1790471783.51,-1.568,-14.779,720.62
camera,1790471784.01,-1.568,-14.779,720.59
camera,1790471784.55,-1.568,-14.779,720.61
camera,1790471785.01,-1.568,-14.779,720.58
camera,1790471785.55,-1.570,-14.779,720.60
camera,1790471786.05,-1.563,-14.779,720.57
camera,1790471786.51,-1.569,-14.779,720.61
camera,1790471787.05,-1.565,-14.779,720.59
camera,1790471787.51,-1.569,-14.779,720.60
camera,1790471788.01,-1.568,-14.779,720.58
camera,1790471788.55,-1.567,-14.779,720.57
camera,1790471789.01,-1.569,-14.779,720.60
camera,1790471789.55,-1.569,-14.780,720.60
camera,1790471790.05,-1.568,-14.780,720.59
camera,1790471790.51,-1.565,-14.780,720.61
camera,1790471791.05,-1.568,-14.780,720.60
camera,1790471791.51,-1.570,-14.780,720.62
camera,1790471792.01,-1.570,-14.780,720.60
camera,1790471792.55,-1.567,-14.780,720.61
camera,1790471793.05,-1.566,-14.780,720.61
camera,1790471793.51,-1.569,-14.780,720.59
camera,1790471794.15,-1.563,-14.780,720.57
camera,1790471794.55,-1.568,-14.780,720.60
camera,1790471795.01,-1.567,-14.780,720.59
camera,1790471795.55,-1.565,-14.780,720.59
camera,1790471796.05,-1.570,-14.780,720.60
camera,1790471796.51,-1.566,-14.780,720.60
camera,1790471797.05,-1.569,-14.780,720.60
camera,1790471797.55,-1.568,-14.780,720.61
camera,1790471798.08,-1.568,-14.780,720.59
camera,1790471798.55,-1.568,-14.780,720.59
camera,1790471799.11,-1.567,-14.780,720.63
camera,1790471799.51,-1.567,-14.780,720.62
camera,1790471800.05,-1.568,-14.780,720.63
camera,1790471800.55,-1.567,-14.780,720.62
camera,1790471801.08,-1.566,-14.780,720.61
camera,1790471801.55,-1.566,-14.780,720.60
camera,1790471802.11,-1.540,-14.780,720.60
camera,1790471802.51,-1.508,-14.779,720.60
camera,1790471803.01,-1.513,-14.779,720.61
camera,1790471803.55,-1.512,-14.779,720.60
camera,1790471804.01,-1.512,-14.779,720.62
camera,1790471804.51,-1.513,-14.779,720.61
camera,1790471805.05,-1.514,-14.779,720.60
camera,1790471805.61,-1.513,-14.779,720.65
camera,1790471806.01,-1.510,-14.779,720.62
camera,1790471806.55,-1.510,-14.779,720.63
camera,1790471807.01,-1.510,-14.779,720.64
camera,1790471807.51,-1.513,-14.779,720.60
camera,1790471808.01,-1.509,-14.779,720.62
camera,1790471808.58,-1.510,-14.779,720.62
camera,1790471809.05,-1.515,-14.779,720.63
camera,1790471809.51,-1.511,-14.779,720.62
camera,1790471810.05,-1.508,-14.779,720.61
camera,1790471810.51,-1.511,-14.779,720.62
camera,1790471811.01,-1.505,-14.779,720.59
camera,1790471811.55,-1.510,-14.779,720.62
camera,1790471812.01,-1.509,-14.779,720.64
camera,1790471812.55,-1.509,-14.779,720.60
camera,1790471813.05,-1.513,-14.779,720.61
camera,1790471813.55,-1.511,-14.779,720.62
camera,1790471814.01,-1.509,-14.779,720.61
camera,1790471814.55,-1.513,-14.779,720.62
camera,1790471815.05,-1.506,-14.779,720.61
camera,1790471815.51,-1.510,-14.779,720.63
camera,1790471816.05,-1.511,-14.780,720.62
camera,1790471816.55,-1.508,-14.780,720.61
camera,1790471817.01,-1.514,-14.780,720.65
camera,1790471817.51,-1.510,-14.780,720.62
camera,1790471818.11,-1.513,-14.780,720.62
camera,1790471818.51,-1.513,-14.780,720.65
camera,1790471819.01,-1.507,-14.780,720.62
camera,1790471819.55,-1.508,-14.780,720.58
camera,1790471820.05,-1.515,-14.780,720.64
camera,1790471820.51,-1.511,-14.780,720.62
camera,1790471821.08,-1.509,-14.780,720.65
camera,1790471821.55,-1.507,-14.780,720.64
camera,1790471822.11,-1.512,-14.780,720.62
camera,1790471822.51,-1.511,-14.780,720.64
camera,1790471823.01,-1.508,-14.780,720.61
camera,1790471823.55,-1.512,-14.780,720.64
camera,1790471824.01,-1.510,-14.780,720.62
camera,1790471824.55,-1.508,-14.780,720.64
camera,1790471825.05,-1.509,-14.780,720.64
camera,1790471825.51,-1.509,-14.780,720.63
camera,1790471826.01,-1.508,-14.780,720.61
camera,1790471826.55,-1.507,-14.780,720.60
camera,1790471827.05,-1.513,-14.780,720.63
camera,1790471827.51,-1.513,-14.780,720.61
camera,1790471828.08,-1.509,-14.780,720.61
camera,1790471828.61,-1.513,-14.780,720.66
camera,1790471829.05,-1.511,-14.780,720.63
camera,1790471829.58,-1.510,-14.780,720.62
camera,1790471830.08,-1.508,-14.780,720.63
camera,1790471830.55,-1.510,-14.780,720.62
camera,1790471831.08,-1.506,-14.780,720.62
camera,1790471831.51,-1.508,-14.780,720.62
camera,1790471832.05,-1.508,-14.780,720.60
camera,1790471832.55,-1.509,-14.780,720.63
camera,1790471833.01,-1.508,-14.780,720.60
camera,1790471833.51,-1.509,-14.780,720.63
camera,1790471834.05,-1.510,-14.780,720.67
camera,1790471834.55,-1.509,-14.780,720.64
camera,1790471835.01,-1.511,-14.780,720.65
camera,1790471835.55,-1.508,-14.780,720.63
camera,1790471836.01,-1.510,-14.780,720.59
camera,1790471836.51,-1.509,-14.780,720.60
camera,1790471837.05,-1.507,-14.780,720.64
camera,1790471837.51,-1.508,-14.780,720.63
camera,1790471838.01,-1.509,-14.780,720.65
camera,1790471838.55,-1.509,-14.780,720.63
camera,1790471839.08,-1.510,-14.780,720.65
camera,1790471839.51,-1.508,-14.780,720.63
camera,1790471840.05,-1.508,-14.780,720.59
camera,1790471840.51,-1.507,-14.780,720.58
camera,1790471841.01,-1.509,-14.780,720.63
camera,1790471841.55,-1.510,-14.780,720.64
camera,1790471842.01,-1.508,-14.780,720.62
camera,1790471842.51,-1.509,-14.780,720.61
camera,1790471843.05,-1.512,-14.780,720.63
camera,1790471843.51,-1.510,-14.780,720.65
camera,1790471844.15,-1.507,-14.780,720.57
camera,1790471844.55,-1.506,-14.780,720.61
camera,1790471845.01,-1.510,-14.780,720.59
camera,1790471845.55,-1.510,-14.780,720.62
camera,1790471846.01,-1.511,-14.780,720.63
camera,1790471846.51,-1.510,-14.780,720.62
camera,1790471847.05,-1.505,-14.780,720.61
camera,1790471847.51,-1.506,-14.780,720.60
camera,1790471848.05,-1.510,-14.780,720.63
camera,1790471848.55,-1.511,-14.780,720.64
camera,1790471849.01,-1.509,-14.780,720.65
camera,1790471849.55,-1.509,-14.780,720.65
camera,1790471850.05,-1.504,-14.780,720.63
camera,1790471850.51,-1.507,-14.780,720.59
camera,1790471851.05,-1.510,-14.780,720.63
camera,1790471851.51,-1.512,-14.780,720.66
camera,1790471852.01,-1.508,-14.780,720.62
camera,1790471852.55,-1.510,-14.780,720.63
camera,1790471853.05,-1.508,-14.780,720.63
camera,1790471853.51,-1.510,-14.780,720.62
camera,1790471854.08,-1.507,-14.780,720.59
camera,1790471854.61,-1.508,-14.780,720.64
camera,1790471855.01,-1.506,-14.780,720.65
camera,1790471855.58,-1.482,-14.780,720.62
camera,1790471856.05,-1.434,-14.780,720.65
camera,1790471856.51,-1.347,-14.779,720.67
camera,1790471857.08,-1.224,-14.777,720.75
camera,1790471857.55,-1.123,-14.776,720.74
camera,1790471858.01,-1.016,-14.774,720.85
camera,1790471858.51,-0.908,-14.772,720.90
camera,1790471859.05,-0.794,-14.770,720.94
camera,1790471859.51,-0.691,-14.769,720.97
camera,1790471860.01,-0.583,-14.767,721.02
camera,1790471860.55,-0.467,-14.764,721.04
camera,1790471861.01,-0.364,-14.763,721.07
camera,1790471861.51,-0.256,-14.760,721.17
camera,1790471862.01,-0.141,-14.758,721.17
camera,1790471862.55,-0.026,-14.756,721.25
camera,1790471863.01,0.080,-14.753,721.32
camera,1790471863.51,0.189,-14.750,721.38
camera,1790471864.05,0.306,-14.747,721.44
camera,1790471864.55,0.408,-14.745,721.52
camera,1790471865.01,0.518,-14.742,721.58
camera,1790471865.51,0.642,-14.738,721.60
camera,1790471866.05,0.758,-14.735,721.63
camera,1790471866.51,0.755,-14.735,721.62
camera,1790471867.01,0.753,-14.735,725.89
camera,1790471867.55,0.781,-14.723,737.75
camera,1790471868.01,0.833,-14.684,750.21
camera,1790471868.55,1.573,-15.149,769.40
camera,1790471869.05,1.700,-14.551,786.30
camera,1790471869.51,1.703,-14.508,798.66
camera,1790471870.05,1.695,-14.451,812.81
camera,1790471870.51,1.693,-14.447,814.63
camera,1790471871.01,1.688,-14.389,814.72
camera,1790471871.55,1.675,-14.240,814.94
camera,1790471872.01,1.662,-14.104,815.12
camera,1790471872.51,1.647,-13.936,815.25
camera,1790471873.01,1.630,-13.756,815.44
camera,1790471873.55,1.611,-13.566,815.57
camera,1790471874.01,1.594,-13.404,815.73
camera,1790471874.55,1.574,-13.197,815.79
camera,1790471875.01,1.556,-13.029,815.95
camera,1790471875.55,1.532,-12.825,816.56
camera,1790471876.05,1.504,-12.638,817.93
camera,1790471876.51,1.477,-12.465,818.46
camera,1790471877.05,1.446,-12.263,818.76
camera,1790471877.51,1.419,-12.089,818.88
camera,1790471878.05,1.384,-11.868,818.97
camera,1790471878.51,1.355,-11.691,819.10
camera,1790471879.08,1.322,-11.489,819.17
camera,1790471879.55,1.296,-11.328,819.30
camera,1790471880.01,1.271,-11.156,818.50
camera,1790471880.55,1.258,-10.984,815.52
camera,1790471881.01,1.236,-10.799,816.43
camera,1790471881.55,1.195,-10.603,820.10
camera,1790471882.01,1.163,-10.435,820.34
camera,1790471882.55,1.125,-10.229,820.49
camera,1790471883.01,1.096,-10.069,820.41
camera,1790471883.51,1.067,-9.885,819.12
camera,1790471884.05,1.041,-9.699,818.38
camera,1790471884.51,1.016,-9.522,818.12
camera,1790471885.05,0.996,-9.340,816.77
camera,1790471885.51,0.977,-9.170,816.59
camera,1790471886.05,0.954,-8.970,816.51
camera,1790471886.51,0.935,-8.801,816.53
camera,1790471887.05,0.912,-8.603,816.54
camera,1790471887.51,0.893,-8.440,816.62
camera,1790471888.01,0.870,-8.248,816.69
camera,1790471888.55,0.845,-8.040,816.80
camera,1790471889.01,0.824,-7.868,816.85
camera,1790471889.55,0.800,-7.673,816.98
camera,1790471890.01,0.782,-7.520,817.05
camera,1790471890.55,0.758,-7.328,817.16
camera,1790471891.05,0.733,-7.135,817.26
camera,1790471891.51,0.712,-6.968,817.37
camera,1790471892.05,0.685,-6.765,817.41
camera,1790471892.51,0.662,-6.591,817.45
camera,1790471893.05,0.635,-6.389,817.57
camera,1790471893.55,0.609,-6.198,817.68
camera,1790471894.01,0.583,-6.012,817.73
camera,1790471894.55,0.557,-5.820,817.84
camera,1790471895.01,0.531,-5.630,817.90
camera,1790471895.55,0.502,-5.429,818.01
camera,1790471896.01,0.476,-5.246,818.08
camera,1790471896.55,0.448,-5.048,818.17
camera,1790471897.05,0.420,-4.858,818.23
camera,1790471897.51,0.393,-4.673,818.24
camera,1790471898.05,0.364,-4.475,818.37
camera,1790471898.55,0.335,-4.282,818.52
camera,1790471899.01,0.309,-4.107,818.48
camera,1790471899.51,0.279,-3.914,818.62
camera,1790471900.05,0.248,-3.706,818.70
camera,1790471900.55,0.218,-3.517,818.78
camera,1790471901.01,0.190,-3.335,818.84
camera,1790471901.51,0.160,-3.148,819.01
camera,1790471902.01,0.129,-2.955,819.05
camera,1790471902.55,0.096,-2.756,819.22
camera,1790471903.05,0.065,-2.562,819.24
camera,1790471903.55,0.035,-2.383,819.36
camera,1790471904.05,0.003,-2.193,819.44
camera,1790471904.55,-0.026,-2.016,819.41
camera,1790471905.05,-0.056,-1.839,819.43
camera,1790471905.51,-0.065,-1.689,815.40
camera,1790471906.01,-0.077,-1.535,814.63
camera,1790471906.55,-0.091,-1.360,814.64
camera,1790471907.05,-0.105,-1.188,814.73
camera,1790471907.51,-0.110,-1.128,814.73
camera,1790471908.01,-0.109,-1.130,814.72
camera,1790471908.55,-0.109,-1.128,810.91
camera,1790471909.05,-0.111,-1.140,803.43
camera,1790471909.51,-0.102,-1.118,794.91
camera,1790471910.01,-0.059,-1.041,785.04
camera,1790471910.55,-0.007,-0.965,778.71
camera,1790471911.01,0.055,-0.864,778.56
camera,1790471911.51,0.133,-0.736,778.56
camera,1790471912.05,0.216,-0.625,773.17
camera,1790471912.51,0.301,-0.562,762.10
camera,1790471913.05,0.404,-0.511,750.97
camera,1790471913.51,0.512,-0.475,742.34
camera,1790471914.05,0.640,-0.439,738.06
camera,1790471914.51,0.754,-0.402,738.03
camera,1790471915.05,0.868,-0.373,734.36
camera,1790471915.51,0.936,-0.368,728.81
camera,1790471916.05,0.930,-0.369,728.91
camera,1790471916.51,0.873,-0.378,728.96
camera,1790471917.01,0.772,-0.394,728.78
camera,1790471917.55,0.661,-0.411,728.70
camera,1790471918.01,0.551,-0.427,728.48
camera,1790471918.55,0.432,-0.440,726.19
camera,1790471919.01,0.329,-0.448,725.37
camera,1790471919.55,0.228,-0.457,725.21
camera,1790471920.01,0.142,-0.465,725.16
camera,1790471920.58,0.041,-0.474,725.14
camera,1790471921.01,-0.044,-0.483,725.60
camera,1790471921.58,-0.136,-0.493,726.22
camera,1790471922.05,-0.183,-0.499,726.19
camera,1790471922.51,-0.186,-0.499,726.16
camera,1790471923.05,-0.184,-0.499,726.15
camera,1790471923.51,-0.183,-0.498,726.16
camera,1790471924.11,-0.181,-0.498,726.16
camera,1790471924.51,-0.185,-0.499,726.14
camera,1790471925.01,-0.184,-0.498,726.18
camera,1790471925.55,-0.184,-0.498,726.16
camera,1790471926.01,-0.183,-0.498,726.13
camera,1790471926.55,-0.186,-0.499,726.15
camera,1790471927.01,-0.184,-0.498,726.18
camera,1790471927.55,-0.188,-0.499,726.16
camera,1790471928.01,-0.188,-0.499,726.16
camera,1790471928.55,-0.184,-0.498,726.17
camera,1790471929.05,-0.189,-0.499,726.14
camera,1790471929.51,-0.183,-0.498,726.17
camera,1790471930.05,-0.190,-0.499,726.17
camera,1790471930.51,-0.188,-0.499,726.13
camera,1790471931.01,-0.184,-0.498,726.14
camera,1790471931.55,-0.186,-0.499,726.17
camera,1790471932.08,-0.186,-0.499,726.16
camera,1790471932.55,-0.185,-0.499,726.14
camera,1790471933.08,-0.183,-0.498,726.20
camera,1790471933.61,-0.187,-0.499,726.15
camera,1790471934.05,-0.186,-0.499,726.12
camera,1790471934.51,-0.186,-0.499,726.16
camera,1790471935.05,-0.188,-0.499,726.14
camera,1790471935.51,-0.183,-0.498,726.14
camera,1790471936.11,-0.185,-0.499,726.14
camera,1790471936.55,-0.189,-0.499,726.15
camera,1790471937.01,-0.184,-0.499,726.17
camera,1790471937.55,-0.184,-0.498,726.17
camera,1790471938.01,-0.186,-0.499,726.16
camera,1790471938.55,-0.186,-0.499,726.18
camera,1790471939.01,-0.185,-0.499,726.17
camera,1790471939.55,-0.187,-0.499,726.15
camera,1790471940.01,-0.188,-0.499,726.18
camera,1790471940.61,-0.188,-0.499,726.17
camera,1790471941.05,-0.190,-0.499,726.16
camera,1790471941.51,-0.184,-0.498,726.19
camera,1790471942.05,-0.187,-0.499,726.17
camera,1790471942.58,-0.183,-0.498,726.14
camera,1790471943.11,-0.188,-0.499,726.15
camera,1790471943.51,-0.188,-0.499,726.15
camera,1790471944.05,-0.190,-0.499,726.15
camera,1790471944.61,-0.187,-0.499,726.15
camera,1790471945.01,-0.189,-0.499,726.13
camera,1790471945.61,-0.190,-0.499,726.20
camera,1790471946.01,-0.189,-0.499,726.13
camera,1790471946.51,-0.188,-0.499,726.15
camera,1790471947.05,-0.186,-0.499,726.19
camera,1790471947.58,-0.186,-0.499,726.14
camera,1790471948.11,-0.190,-0.499,726.12
camera,1790471948.58,-0.189,-0.499,726.13
camera,1790471949.11,-0.189,-0.499,726.14
camera,1790471949.58,-0.189,-0.499,726.12
camera,1790471950.01,-0.191,-0.499,726.13
camera,1790471950.55,-0.185,-0.499,726.18
camera,1790471951.01,-0.186,-0.499,726.17
camera,1790471951.61,-0.188,-0.499,726.15
camera,1790471952.05,-0.190,-0.499,726.14
camera,1790471952.51,-0.187,-0.499,726.16
camera,1790471953.05,-0.188,-0.499,726.13
camera,1790471953.61,-0.190,-0.499,726.16
camera,1790471954.08,-0.186,-0.499,726.18
camera,1790471954.61,-0.188,-0.499,726.15
camera,1790471955.08,-0.187,-0.499,726.13
camera,1790471955.65,-0.184,-0.499,726.16
camera,1790471956.11,-0.187,-0.499,726.17
camera,1790471956.58,-0.189,-0.499,726.18
camera,1790471957.05,-0.188,-0.499,726.18
camera,1790471957.61,-0.185,-0.499,726.14
camera,1790471958.01,-0.185,-0.499,726.17
camera,1790471958.55,-0.189,-0.499,726.14
camera,1790471959.08,-0.187,-0.499,726.17
camera,1790471959.61,-0.187,-0.499,726.16
camera,1790471960.05,-0.191,-0.499,726.17
camera,1790471960.58,-0.187,-0.499,726.20
camera,1790471961.11,-0.186,-0.499,726.16
camera,1790471961.51,-0.189,-0.499,726.17
camera,1790471962.15,-0.188,-0.499,726.18
camera,1790471962.61,-0.187,-0.499,726.16
camera,1790471963.01,-0.186,-0.499,726.18
camera,1790471963.55,-0.185,-0.499,726.18
camera,1790471964.01,-0.184,-0.498,726.14
camera,1790471964.58,-0.186,-0.499,726.16
camera,1790471965.11,-0.189,-0.499,726.15
camera,1790471965.51,-0.188,-0.499,726.14
camera,1790471966.15,-0.187,-0.499,726.15
camera,1790471966.58,-0.188,-0.499,726.14
camera,1790471967.01,-0.188,-0.499,726.15
camera,1790471967.55,-0.188,-0.499,726.17
camera,1790471968.08,-0.187,-0.499,726.14
camera,1790471968.61,-0.185,-0.499,726.20
camera,1790471969.01,-0.190,-0.499,726.19
camera,1790471969.65,-0.185,-0.499,726.15
camera,1790471970.05,-0.187,-0.499,726.16
camera,1790471970.58,-0.187,-0.499,726.18
camera,1790471971.11,-0.187,-0.499,726.17
camera,1790471971.51,-0.188,-0.499,726.16
camera,1790471972.05,-0.188,-0.499,726.18
camera,1790471972.58,-0.189,-0.499,726.15
camera,1790471973.11,-0.187,-0.499,726.15
camera,1790471973.51,-0.188,-0.499,726.17
camera,1790471974.08,-0.185,-0.499,726.18
camera,1790471974.55,-0.188,-0.499,726.14
camera,1790471975.08,-0.188,-0.499,726.16
camera,1790471975.51,-0.189,-0.499,726.16
camera,1790471976.11,-0.189,-0.499,726.16
camera,1790471976.51,-0.188,-0.499,726.16
camera,1790471977.08,-0.187,-0.499,726.15
camera,1790471977.61,-0.188,-0.499,726.17
camera,1790471978.01,-0.189,-0.499,726.16
camera,1790471978.55,-0.186,-0.499,726.18
camera,1790471979.08,-0.187,-0.499,726.13
camera,1790471979.61,-0.186,-0.499,726.12
camera,1790471980.01,-0.189,-0.499,726.15
camera,1790471980.58,-0.185,-0.499,726.14
camera,1790471981.11,-0.190,-0.499,726.12
camera,1790471981.51,-0.188,-0.499,726.16
camera,1790471982.05,-0.187,-0.499,726.15
camera,1790471982.58,-0.189,-0.499,726.14
camera,1790471983.15,-0.187,-0.499,726.17
camera,1790471983.51,-0.186,-0.499,726.19
camera,1790471984.08,-0.188,-0.499,726.18
camera,1790471984.61,-0.190,-0.499,726.16
camera,1790471985.01,-0.187,-0.499,726.15
camera,1790471985.55,-0.187,-0.499,726.14
camera,1790471986.08,-0.188,-0.499,726.16
camera,1790471986.51,-0.190,-0.499,726.14
camera,1790471987.05,-0.190,-0.499,726.11
camera,1790471987.58,-0.191,-0.499,726.17
camera,1790471988.11,-0.187,-0.499,726.18
camera,1790471988.55,-0.190,-0.499,726.16
camera,1790471989.08,-0.187,-0.499,726.17
camera,1790471989.61,-0.188,-0.499,726.16
camera,1790471990.01,-0.186,-0.499,726.16
camera,1790471990.58,-0.187,-0.499,726.16
camera,1790471991.11,-0.188,-0.499,726.14
camera,1790471991.51,-0.188,-0.499,726.16
camera,1790471992.05,-0.186,-0.499,726.14
camera,1790471992.58,-0.186,-0.499,726.18
camera,1790471993.11,-0.186,-0.499,726.18
camera,1790471993.51,-0.186,-0.499,726.17
camera,1790471994.08,-0.187,-0.499,726.16
camera,1790471994.61,-0.188,-0.499,726.15
camera,1790471995.01,-0.187,-0.499,726.13
camera,1790471995.55,-0.187,-0.499,726.15
camera,1790471996.08,-0.187,-0.499,726.15
camera,1790471996.61,-0.187,-0.499,726.16
camera,1790471997.01,-0.186,-0.499,726.15
camera,1790471997.55,-0.189,-0.499,726.17
camera,1790471998.11,-0.189,-0.499,726.15
camera,1790471998.51,-0.189,-0.499,726.15
camera,1790471999.05,-0.190,-0.499,726.13
camera,1790471999.58,-0.187,-0.499,726.17
camera,1790472000.11,-0.190,-0.499,726.13
camera,1790472000.51,-0.184,-0.499,726.13
camera,1790472001.05,-0.185,-0.499,726.15
camera,1790472001.61,-0.188,-0.499,726.15
camera,1790472002.01,-0.187,-0.499,726.16
camera,1790472002.55,-0.186,-0.499,726.17
camera,1790472003.08,-0.186,-0.499,726.19
camera,1790472003.61,-0.187,-0.499,726.13
camera,1790472004.01,-0.189,-0.499,726.18
camera,1790472004.55,-0.190,-0.499,726.13
camera,1790472005.08,-0.188,-0.499,726.16
camera,1790472005.61,-0.189,-0.499,726.15
camera,1790472006.05,-0.191,-0.499,726.20
camera,1790472006.58,-0.187,-0.499,726.15
camera,1790472007.11,-0.186,-0.499,726.17
camera,1790472007.51,-0.186,-0.499,726.17
camera,1790472008.08,-0.188,-0.499,726.13
camera,1790472008.61,-0.187,-0.499,726.11
camera,1790472009.01,-0.188,-0.499,726.17
camera,1790472009.55,-0.186,-0.499,726.17
camera,1790472010.11,-0.188,-0.499,726.15
camera,1790472010.51,-0.190,-0.499,726.16
camera,1790472011.05,-0.187,-0.499,726.14
camera,1790472011.58,-0.187,-0.499,726.16
camera,1790472012.11,-0.187,-0.499,726.11
camera,1790472012.51,-0.186,-0.499,726.14
camera,1790472013.08,-0.189,-0.499,726.18
camera,1790472013.61,-0.189,-0.499,726.15
camera,1790472014.01,-0.184,-0.498,726.16
camera,1790472014.55,-0.190,-0.499,726.15
camera,1790472015.08,-0.191,-0.499,726.17
camera,1790472015.61,-0.189,-0.499,726.17
camera,1790472016.01,-0.186,-0.499,726.19
camera,1790472016.58,-0.190,-0.499,726.15
camera,1790472017.11,-0.191,-0.499,726.17
camera,1790472017.51,-0.187,-0.499,726.19
camera,1790472018.05,-0.185,-0.499,726.15
camera,1790472018.58,-0.184,-0.499,726.17
camera,1790472019.11,-0.187,-0.499,726.17
camera,1790472019.55,-0.190,-0.499,726.17
camera,1790472020.08,-0.187,-0.499,726.16
camera,1790472020.61,-0.187,-0.499,726.17
camera,1790472021.01,-0.188,-0.499,726.18
camera,1790472021.55,-0.187,-0.499,726.16
camera,1790472022.11,-0.188,-0.499,726.12
camera,1790472022.51,-0.186,-0.499,726.16
camera,1790472023.05,-0.187,-0.499,726.14
camera,1790472023.58,-0.189,-0.499,726.14
camera,1790472024.11,-0.186,-0.499,726.14
camera,1790472024.51,-0.185,-0.499,726.19
camera,1790472025.05,-0.186,-0.499,726.16
camera,1790472025.61,-0.188,-0.499,726.14
camera,1790472026.11,-0.185,-0.499,726.18
camera,1790472026.55,-0.188,-0.499,726.16
camera,1790472027.08,-0.188,-0.499,726.16
camera,1790472028.48,-0.186,-0.499,726.12
camera,1790472028.61,-0.188,-0.499,726.15
camera,1790472029.01,-0.187,-0.499,726.17
camera,1790472029.55,-0.189,-0.499,726.17
camera,1790472030.08,-0.193,-0.499,726.16
camera,1790472030.51,-0.185,-0.499,726.16
camera,1790472031.05,-0.193,-0.499,726.13
camera,1790472031.58,-0.188,-0.499,726.16
camera,1790472032.11,-0.188,-0.499,726.17
camera,1790472032.51,-0.188,-0.499,726.17
camera,1790472033.05,-0.188,-0.499,726.16
camera,1790472033.61,-0.187,-0.499,726.17
camera,1790472034.01,-0.187,-0.499,726.16
camera,1790472034.55,-0.189,-0.499,726.17
camera,1790472035.08,-0.188,-0.499,726.16
camera,1790472035.61,-0.185,-0.499,726.16
camera,1790472036.05,-0.186,-0.499,726.15
camera,1790472036.58,-0.191,-0.499,726.17
camera,1790472037.11,-0.185,-0.499,726.15
camera,1790472037.51,-0.185,-0.499,726.17
camera,1790472038.08,-0.187,-0.499,726.16
camera,1790472038.65,-0.188,-0.499,726.15
camera,1790472039.05,-0.187,-0.499,726.14
camera,1790472039.58,-0.189,-0.499,726.15
camera,1790472040.01,-0.188,-0.499,726.14
camera,1790472040.55,-0.187,-0.499,726.17
camera,1790472041.08,-0.187,-0.499,726.14
camera,1790472041.61,-0.186,-0.499,726.16
camera,1790472042.05,-0.189,-0.499,726.16
camera,1790472042.58,-0.186,-0.499,726.14
camera,1790472043.11,-0.187,-0.499,726.15
camera,1790472043.51,-0.186,-0.499,726.14
camera,1790472044.08,-0.187,-0.499,726.17
camera,1790472044.61,-0.189,-0.499,726.14
camera,1790472045.01,-0.189,-0.499,726.14
camera,1790472045.55,-0.190,-0.499,726.16
camera,1790472046.11,-0.186,-0.499,726.18
camera,1790472046.51,-0.187,-0.499,726.17
camera,1790472047.05,-0.189,-0.499,726.18
camera,1790472047.58,-0.185,-0.499,726.13
camera,1790472048.11,-0.189,-0.499,726.16
camera,1790472048.55,-0.189,-0.499,726.15
camera,1790472049.08,-0.185,-0.499,726.14
camera,1790472049.61,-0.187,-0.499,726.14
camera,1790472050.01,-0.192,-0.499,726.18
camera,1790472050.58,-0.189,-0.499,726.15
camera,1790472051.11,-0.186,-0.499,726.15
camera,1790472051.51,-0.188,-0.499,726.15
camera,1790472052.05,-0.191,-0.499,726.15
camera,1790472052.58,-0.187,-0.499,726.13
camera,1790472053.11,-0.189,-0.499,726.14
camera,1790472053.55,-0.189,-0.499,726.13
camera,1790472054.05,-0.191,-0.499,726.15
camera,1790472054.61,-0.190,-0.499,726.18
camera,1790472055.01,-0.187,-0.499,726.18
camera,1790472055.58,-0.190,-0.499,726.15
camera,1790472056.11,-0.188,-0.499,726.19
