# each path moved to start at (0,0) facing +x; tracking alone (odometry); time = epoch s; source ~/.run_records/s2_static_10/fusion.bag (/fused/odometry, /robot/ekf_odom, /rtabmap/odom, /robot/wheel_odom)
source,t,x,y,heading_deg
blend,1790488947.27,0.000,0.000,0.00
blend,1790488947.55,-0.001,-0.000,0.01
blend,1790488948.01,-0.001,-0.000,0.01
blend,1790488948.52,0.000,-0.000,0.01
blend,1790488949.03,0.001,-0.000,0.02
blend,1790488949.51,-0.000,-0.000,0.01
blend,1790488950.01,-0.001,-0.000,0.01
blend,1790488950.52,-0.002,-0.000,-0.00
blend,1790488951.03,-0.001,-0.000,-0.00
blend,1790488951.54,-0.000,-0.000,-0.00
blend,1790488952.00,-0.000,-0.000,-0.00
blend,1790488952.52,0.000,-0.000,-0.00
blend,1790488953.03,0.002,-0.000,0.00
blend,1790488953.54,0.000,-0.000,0.01
blend,1790488954.01,-0.000,-0.000,0.01
blend,1790488954.51,-0.001,-0.000,0.00
blend,1790488955.02,-0.000,-0.000,-0.01
blend,1790488955.54,0.001,-0.000,-0.01
blend,1790488956.01,0.001,-0.000,-0.01
blend,1790488956.51,-0.000,-0.000,-0.01
blend,1790488957.02,0.000,-0.000,-0.00
blend,1790488957.53,-0.000,-0.000,0.00
blend,1790488958.04,-0.004,-0.000,0.00
blend,1790488958.51,-0.003,-0.000,0.01
blend,1790488959.02,-0.003,-0.000,0.00
blend,1790488959.53,-0.001,-0.000,0.00
blend,1790488960.04,-0.001,-0.000,0.00
blend,1790488960.50,-0.003,-0.000,-0.00
blend,1790488961.01,-0.003,-0.000,-0.00
blend,1790488961.53,-0.003,-0.000,-0.01
blend,1790488962.04,-0.002,-0.000,-0.01
blend,1790488962.50,-0.004,-0.000,-0.00
blend,1790488963.01,-0.003,-0.000,-0.00
blend,1790488963.52,-0.003,-0.000,-0.01
blend,1790488964.03,-0.001,-0.000,-0.00
blend,1790488964.50,-0.002,-0.000,-0.00
blend,1790488965.01,-0.002,-0.000,-0.00
blend,1790488965.52,-0.002,-0.000,0.00
blend,1790488966.03,-0.002,-0.000,-0.00
blend,1790488966.54,-0.002,-0.000,-0.01
blend,1790488967.00,-0.002,-0.000,-0.01
blend,1790488967.51,-0.001,-0.000,-0.01
blend,1790488968.03,-0.002,-0.000,-0.00
blend,1790488968.54,-0.001,-0.000,0.00
blend,1790488969.01,-0.001,-0.000,0.01
blend,1790488969.51,-0.000,-0.000,0.01
blend,1790488970.02,0.001,-0.000,0.00
blend,1790488970.53,0.004,-0.000,0.01
blend,1790488971.01,0.003,-0.000,0.01
blend,1790488971.51,0.003,-0.000,0.01
blend,1790488972.02,0.003,-0.000,-0.00
blend,1790488972.53,0.002,-0.000,-0.00
blend,1790488973.04,0.002,-0.000,-0.00
blend,1790488973.50,0.003,-0.000,-0.01
blend,1790488974.02,0.003,-0.000,-0.01
blend,1790488974.53,0.001,-0.000,-0.01
blend,1790488975.04,0.000,-0.000,-0.00
blend,1790488975.56,-0.001,-0.000,-0.01
blend,1790488976.01,-0.001,-0.000,-0.01
blend,1790488976.52,0.000,-0.000,-0.02
blend,1790488977.04,0.001,-0.000,-0.02
blend,1790488977.51,0.000,-0.000,-0.02
blend,1790488978.00,-0.001,-0.000,-0.02
blend,1790488978.52,-0.001,-0.000,-0.02
blend,1790488979.01,-0.001,-0.000,-0.01
blend,1790488979.51,-0.001,-0.000,-0.02
blend,1790488980.01,-0.002,-0.000,-0.01
blend,1790488980.52,-0.001,-0.000,-0.01
blend,1790488981.03,-0.002,-0.000,-0.01
blend,1790488981.54,-0.003,-0.000,-0.01
blend,1790488982.00,-0.003,-0.000,-0.01
blend,1790488982.51,-0.004,-0.000,-0.01
blend,1790488983.03,-0.004,-0.000,-0.01
blend,1790488983.54,-0.004,-0.000,-0.01
blend,1790488984.01,-0.004,-0.000,-0.01
blend,1790488984.51,-0.004,-0.000,-0.01
blend,1790488985.02,-0.003,-0.000,-0.00
blend,1790488985.53,-0.004,-0.000,-0.00
blend,1790488986.01,-0.004,-0.000,-0.01
blend,1790488986.51,-0.003,-0.000,-0.01
blend,1790488987.02,-0.003,-0.000,-0.01
blend,1790488987.53,-0.004,-0.000,-0.02
blend,1790488988.04,-0.004,-0.000,-0.02
blend,1790488988.50,-0.004,-0.000,-0.02
blend,1790488989.01,-0.003,-0.000,-0.01
blend,1790488989.53,-0.002,-0.000,-0.01
blend,1790488990.04,-0.003,-0.000,-0.01
blend,1790488990.51,-0.003,-0.000,-0.01
blend,1790488991.01,-0.003,-0.000,-0.01
blend,1790488991.52,-0.003,-0.000,-0.00
blend,1790488992.03,-0.003,-0.000,-0.01
blend,1790488992.51,-0.004,-0.000,-0.02
blend,1790488993.01,-0.003,-0.000,-0.01
blend,1790488993.52,-0.003,-0.000,-0.02
blend,1790488994.03,-0.002,-0.000,-0.02
blend,1790488994.54,-0.002,-0.000,-0.02
blend,1790488995.00,-0.002,-0.000,-0.02
blend,1790488995.52,-0.002,-0.000,-0.02
blend,1790488996.03,-0.002,-0.000,-0.01
blend,1790488996.54,-0.002,-0.000,-0.01
blend,1790488997.01,-0.002,-0.000,-0.02
blend,1790488997.51,-0.002,-0.000,-0.02
blend,1790488998.02,-0.001,-0.000,-0.02
blend,1790488998.54,-0.001,-0.000,-0.01
blend,1790488999.01,0.000,-0.000,-0.02
blend,1790488999.51,-0.000,-0.000,-0.01
blend,1790489000.02,0.000,-0.000,-0.00
blend,1790489000.53,0.001,-0.000,-0.00
blend,1790489001.04,0.001,-0.000,-0.00
blend,1790489001.50,0.001,-0.000,-0.01
blend,1790489002.02,0.001,-0.000,-0.01
blend,1790489002.53,0.001,-0.000,-0.02
blend,1790489003.04,-0.001,-0.000,-0.01
blend,1790489003.50,-0.001,-0.000,-0.01
blend,1790489004.01,-0.001,-0.000,-0.01
blend,1790489004.52,-0.000,-0.000,0.00
blend,1790489005.04,-0.001,-0.000,-0.00
blend,1790489005.51,-0.001,-0.000,0.00
blend,1790489006.01,-0.001,-0.000,0.00
blend,1790489006.52,-0.002,-0.000,0.00
blend,1790489007.03,-0.002,-0.000,0.02
blend,1790489007.51,-0.000,-0.000,0.01
blend,1790489008.00,-0.001,-0.000,0.00
blend,1790489008.52,-0.001,-0.000,0.00
blend,1790489009.03,-0.001,-0.000,0.00
blend,1790489009.54,-0.001,-0.000,-0.00
blend,1790489010.05,-0.001,-0.000,0.00
blend,1790489010.51,-0.001,-0.000,0.01
blend,1790489011.02,-0.001,-0.000,0.01
blend,1790489011.54,0.000,-0.000,0.01
blend,1790489012.01,-0.001,-0.000,0.01
blend,1790489012.51,-0.002,-0.000,0.01
blend,1790489013.02,-0.002,-0.000,0.01
blend,1790489013.53,-0.002,-0.000,0.01
blend,1790489014.00,-0.002,-0.000,0.01
blend,1790489014.50,-0.002,-0.000,0.01
blend,1790489015.02,-0.001,-0.000,0.01
blend,1790489015.53,-0.002,-0.000,0.02
blend,1790489016.04,-0.001,-0.000,0.02
blend,1790489016.50,-0.002,-0.000,0.02
blend,1790489017.01,-0.001,-0.000,0.03
blend,1790489017.52,-0.002,-0.000,0.02
blend,1790489018.04,-0.002,-0.000,0.02
blend,1790489018.51,-0.003,-0.000,0.01
blend,1790489019.01,-0.004,-0.000,0.02
blend,1790489019.52,-0.004,-0.000,0.02
blend,1790489020.03,-0.004,-0.000,0.02
blend,1790489020.51,-0.004,-0.000,0.02
blend,1790489021.01,-0.003,-0.000,0.03
blend,1790489021.52,-0.003,-0.000,0.03
blend,1790489022.03,-0.002,-0.000,0.03
blend,1790489022.54,-0.002,-0.000,0.03
blend,1790489023.00,-0.002,-0.000,0.03
blend,1790489023.51,-0.002,-0.000,0.03
blend,1790489024.03,-0.002,-0.000,0.02
blend,1790489024.54,-0.001,-0.000,0.02
blend,1790489025.06,-0.000,-0.000,0.02
blend,1790489025.51,-0.001,-0.000,0.02
blend,1790489026.02,-0.001,-0.000,0.02
blend,1790489026.54,-0.001,-0.000,0.02
blend,1790489027.01,-0.001,-0.000,0.02
blend,1790489027.51,-0.000,-0.000,0.01
blend,1790489028.02,-0.000,-0.000,0.02
blend,1790489028.53,-0.000,-0.000,0.01
blend,1790489029.04,-0.001,-0.000,0.00
blend,1790489029.50,-0.001,-0.000,0.01
blend,1790489030.02,-0.000,-0.000,0.01
blend,1790489030.53,-0.001,-0.000,0.01
blend,1790489031.04,0.001,-0.000,0.01
blend,1790489031.51,0.000,-0.000,0.01
blend,1790489032.01,0.001,-0.000,0.01
blend,1790489032.52,0.002,-0.000,0.01
blend,1790489033.04,0.002,-0.000,0.01
blend,1790489033.55,0.002,-0.000,0.01
blend,1790489034.01,0.001,-0.000,0.01
blend,1790489034.52,0.001,-0.000,0.00
blend,1790489035.03,-0.000,-0.000,0.00
blend,1790489035.51,-0.000,-0.000,0.01
blend,1790489036.01,-0.001,-0.000,0.01
blend,1790489036.52,-0.002,-0.000,0.02
blend,1790489037.03,-0.002,-0.000,0.01
blend,1790489037.54,-0.002,-0.000,0.02
blend,1790489038.00,-0.002,-0.000,0.01
blend,1790489038.51,-0.003,-0.000,0.00
blend,1790489039.03,-0.002,-0.000,0.00
blend,1790489039.54,-0.002,-0.000,0.00
blend,1790489040.05,-0.003,-0.000,0.00
blend,1790489040.51,-0.003,-0.000,0.00
blend,1790489041.02,-0.003,-0.000,0.01
blend,1790489041.53,-0.002,-0.000,0.02
blend,1790489042.01,-0.004,-0.000,0.02
blend,1790489042.51,-0.003,-0.000,0.02
blend,1790489043.02,-0.004,-0.000,0.03
blend,1790489043.53,-0.003,-0.000,0.02
blend,1790489044.04,-0.003,-0.000,0.01
blend,1790489044.50,-0.004,-0.000,0.02
blend,1790489045.01,-0.004,-0.000,0.02
blend,1790489045.53,-0.004,-0.000,0.03
blend,1790489046.04,-0.004,-0.000,0.02
blend,1790489046.55,-0.004,-0.000,0.02
blend,1790489047.01,-0.005,-0.000,0.02
blend,1790489047.52,-0.004,-0.000,0.03
blend,1790489048.03,-0.005,-0.000,0.03
blend,1790489048.51,-0.004,-0.000,0.03
blend,1790489049.01,-0.004,-0.000,0.03
blend,1790489049.52,-0.004,-0.000,0.02
blend,1790489050.03,-0.003,-0.000,0.02
blend,1790489050.54,-0.002,-0.000,0.02
blend,1790489051.00,-0.003,-0.000,0.02
blend,1790489051.52,-0.003,-0.000,0.01
blend,1790489052.03,-0.002,-0.000,0.01
blend,1790489052.54,-0.001,-0.000,0.01
blend,1790489053.00,-0.002,-0.000,0.01
blend,1790489053.51,-0.002,-0.000,0.01
blend,1790489054.02,-0.003,-0.000,0.01
blend,1790489054.54,-0.004,-0.000,0.01
blend,1790489055.05,-0.004,-0.000,0.01
blend,1790489055.51,-0.004,-0.000,0.01
blend,1790489056.02,-0.003,-0.000,0.00
blend,1790489056.53,-0.004,-0.000,0.00
blend,1790489057.04,-0.004,-0.000,0.00
blend,1790489057.50,-0.003,-0.000,0.00
blend,1790489058.02,-0.004,-0.000,0.01
blend,1790489058.53,-0.005,-0.000,0.01
blend,1790489059.04,-0.004,-0.000,0.01
blend,1790489059.50,-0.004,-0.000,0.01
blend,1790489060.01,-0.004,-0.000,0.02
blend,1790489060.52,-0.004,-0.000,0.01
blend,1790489061.04,-0.005,-0.000,0.01
blend,1790489061.52,-0.005,-0.000,0.01
blend,1790489062.01,-0.005,-0.000,0.02
blend,1790489062.52,-0.005,-0.000,0.02
blend,1790489063.03,-0.005,-0.000,0.01
blend,1790489063.50,-0.005,-0.000,0.02
blend,1790489064.01,-0.005,-0.000,0.02
blend,1790489064.52,-0.004,-0.000,0.01
blend,1790489065.03,-0.004,-0.000,0.01
blend,1790489065.54,-0.004,-0.000,0.01
blend,1790489066.00,-0.004,-0.000,0.01
blend,1790489066.51,-0.004,-0.000,0.00
blend,1790489067.02,-0.005,-0.000,0.00
blend,1790489067.54,-0.005,-0.000,0.00
blend,1790489068.01,-0.003,-0.000,0.01
blend,1790489068.51,-0.003,-0.000,0.01
blend,1790489069.02,-0.003,-0.000,0.01
blend,1790489069.53,-0.004,-0.000,0.01
blend,1790489070.01,-0.004,-0.000,0.01
blend,1790489070.51,-0.004,-0.000,0.01
blend,1790489071.02,-0.004,-0.000,0.00
blend,1790489071.53,-0.004,-0.000,-0.00
blend,1790489072.04,-0.005,-0.000,0.00
blend,1790489072.50,-0.004,-0.000,0.01
blend,1790489073.01,-0.004,-0.000,0.01
blend,1790489073.53,-0.002,-0.000,-0.05
blend,1790489074.04,0.098,-0.000,-0.07
blend,1790489074.50,0.228,-0.000,-0.10
blend,1790489075.01,0.363,-0.001,-0.05
blend,1790489075.53,0.500,-0.001,-0.03
blend,1790489076.04,0.632,-0.001,-0.01
blend,1790489076.51,0.737,-0.000,0.03
blend,1790489077.01,0.851,-0.000,0.09
blend,1790489077.52,0.962,-0.000,0.12
blend,1790489078.04,1.069,0.000,0.17
blend,1790489078.51,1.156,0.000,0.20
blend,1790489079.01,1.236,0.001,0.19
blend,1790489079.52,1.315,0.001,0.19
blend,1790489080.03,1.391,0.001,0.24
blend,1790489080.50,1.460,0.002,0.24
blend,1790489081.01,1.537,0.002,0.26
blend,1790489081.52,1.619,0.002,0.29
blend,1790489082.03,1.695,0.003,0.34
blend,1790489082.51,1.767,0.003,0.36
blend,1790489083.01,1.840,0.004,0.40
blend,1790489083.52,1.911,0.004,0.44
blend,1790489084.03,1.991,0.005,0.50
blend,1790489084.54,2.076,0.006,0.54
blend,1790489085.00,2.139,0.006,0.57
blend,1790489085.52,2.220,0.007,0.58
blend,1790489086.03,2.308,0.008,0.61
blend,1790489086.54,2.379,0.009,0.62
blend,1790489087.00,2.463,0.010,0.65
blend,1790489087.52,2.556,0.011,0.68
blend,1790489088.03,2.645,0.012,0.74
blend,1790489088.54,2.740,0.013,0.79
blend,1790489089.00,2.828,0.015,0.85
blend,1790489089.51,2.923,0.016,0.88
blend,1790489090.03,3.024,0.018,0.91
blend,1790489090.54,3.120,0.019,0.95
blend,1790489091.00,3.222,0.021,0.97
blend,1790489091.51,3.318,0.023,1.01
blend,1790489092.03,3.434,0.025,1.07
blend,1790489092.54,3.534,0.027,1.08
blend,1790489093.05,3.638,0.029,1.15
blend,1790489093.51,3.737,0.031,1.17
blend,1790489094.02,3.842,0.033,1.25
blend,1790489094.54,3.943,0.035,1.28
blend,1790489095.05,4.058,0.038,1.30
blend,1790489095.51,4.148,0.040,1.35
blend,1790489096.02,4.255,0.043,1.36
blend,1790489096.53,4.364,0.045,1.43
blend,1790489097.05,4.466,0.048,1.47
blend,1790489097.51,4.561,0.050,1.50
blend,1790489098.01,4.664,0.053,1.51
blend,1790489098.53,4.771,0.056,1.57
blend,1790489099.00,4.845,0.058,1.61
blend,1790489099.51,4.945,0.062,1.67
blend,1790489100.01,5.067,0.065,1.68
blend,1790489100.52,5.169,0.068,1.71
blend,1790489101.04,5.273,0.071,1.74
blend,1790489101.51,5.368,0.074,1.78
blend,1790489102.02,5.470,0.077,1.82
blend,1790489102.53,5.577,0.081,1.83
blend,1790489103.04,5.685,0.084,1.90
blend,1790489103.50,5.784,0.088,1.92
blend,1790489104.02,5.894,0.091,1.98
blend,1790489104.53,6.010,0.095,2.02
blend,1790489105.01,6.125,0.099,2.05
blend,1790489105.50,6.237,0.104,2.09
blend,1790489106.02,6.360,0.108,2.13
blend,1790489106.53,6.483,0.113,2.17
blend,1790489107.04,6.611,0.118,2.20
blend,1790489107.50,6.708,0.122,2.24
blend,1790489108.02,6.838,0.127,2.29
blend,1790489108.53,6.952,0.131,2.34
blend,1790489109.04,7.064,0.136,2.38
blend,1790489109.50,7.176,0.141,2.41
blend,1790489110.01,7.290,0.146,2.47
blend,1790489110.53,7.409,0.151,2.48
blend,1790489111.04,7.534,0.156,2.52
blend,1790489111.50,7.640,0.161,2.57
blend,1790489112.01,7.763,0.167,2.61
blend,1790489112.50,7.875,0.172,2.65
blend,1790489113.04,8.000,0.178,2.69
blend,1790489113.51,8.114,0.183,2.71
blend,1790489114.01,8.230,0.188,2.73
blend,1790489114.52,8.355,0.194,2.76
blend,1790489115.03,8.470,0.200,2.79
blend,1790489115.55,8.588,0.206,2.87
blend,1790489116.01,8.701,0.212,2.90
blend,1790489116.52,8.821,0.218,2.94
blend,1790489117.03,8.942,0.224,3.01
blend,1790489117.51,9.051,0.230,3.07
blend,1790489118.01,9.164,0.237,3.10
blend,1790489118.52,9.282,0.243,3.14
blend,1790489119.03,9.403,0.250,3.21
blend,1790489119.56,9.530,0.257,3.21
blend,1790489120.01,9.633,0.263,3.26
blend,1790489120.52,9.753,0.269,3.29
blend,1790489121.03,9.874,0.276,3.31
blend,1790489121.50,9.984,0.282,3.30
blend,1790489122.00,10.102,0.289,3.32
blend,1790489122.52,10.224,0.296,3.34
blend,1790489123.03,10.337,0.303,3.41
blend,1790489123.54,10.459,0.310,3.47
blend,1790489124.00,10.570,0.317,3.52
blend,1790489124.51,10.701,0.325,3.55
blend,1790489125.03,10.826,0.333,3.61
blend,1790489125.54,10.954,0.341,3.64
blend,1790489126.00,11.053,0.347,3.70
blend,1790489126.51,11.165,0.355,3.70
blend,1790489127.02,11.280,0.362,3.69
blend,1790489127.54,11.393,0.365,0.60
blend,1790489128.00,11.462,0.361,-0.71
blend,1790489128.51,11.540,0.360,-0.80
blend,1790489129.02,11.629,0.358,-0.83
blend,1790489129.54,11.726,0.357,-1.19
blend,1790489130.05,11.822,0.346,-6.26
blend,1790489130.51,11.904,0.328,-11.21
blend,1790489131.02,12.000,0.298,-15.85
blend,1790489131.54,12.131,0.257,-16.27
blend,1790489132.01,12.264,0.218,-16.32
blend,1790489132.51,12.401,0.178,-16.29
blend,1790489133.02,12.546,0.137,-16.30
blend,1790489133.53,12.693,0.094,-16.27
blend,1790489134.02,12.830,0.054,-16.18
blend,1790489134.51,12.979,0.012,-16.09
blend,1790489135.02,13.138,-0.034,-16.09
blend,1790489135.53,13.304,-0.076,-12.74
blend,1790489136.05,13.485,-0.095,-6.18
blend,1790489136.51,13.647,-0.095,-2.20
blend,1790489137.02,13.833,-0.100,-1.22
blend,1790489137.53,14.024,-0.102,-0.56
blend,1790489138.05,14.213,-0.103,-0.07
blend,1790489138.51,14.376,-0.103,0.07
blend,1790489139.02,14.563,-0.103,0.29
blend,1790489139.53,14.751,-0.102,0.37
blend,1790489140.04,14.942,-0.100,0.47
blend,1790489140.51,15.112,-0.099,0.53
blend,1790489141.02,15.303,-0.097,0.62
blend,1790489141.53,15.356,-0.096,0.58
blend,1790489142.01,15.357,-0.096,0.60
blend,1790489142.51,15.357,-0.096,1.03
blend,1790489143.02,15.356,-0.097,8.00
blend,1790489143.53,15.355,-0.097,17.52
blend,1790489144.03,15.355,-0.097,27.14
blend,1790489144.54,15.356,-0.096,37.39
blend,1790489145.05,15.356,-0.097,47.75
blend,1790489145.51,15.339,-0.126,57.28
blend,1790489146.03,15.344,-0.111,67.71
blend,1790489146.54,15.343,-0.113,78.34
blend,1790489147.01,15.343,-0.109,88.03
blend,1790489147.53,15.343,-0.107,98.87
blend,1790489148.04,15.342,-0.104,109.63
blend,1790489148.50,15.336,-0.094,119.42
blend,1790489149.02,15.323,-0.079,130.26
blend,1790489149.53,15.298,-0.060,141.21
blend,1790489150.00,15.271,-0.047,151.14
blend,1790489150.52,15.256,-0.043,162.45
blend,1790489151.03,15.228,-0.040,173.87
blend,1790489151.50,15.208,-0.043,184.57
blend,1790489152.01,15.196,-0.047,195.91
blend,1790489152.51,15.191,-0.050,207.26
blend,1790489153.02,15.184,-0.056,218.62
blend,1790489153.53,15.181,-0.058,229.83
blend,1790489154.00,15.172,-0.077,239.89
blend,1790489154.51,15.165,-0.098,250.68
blend,1790489155.03,15.161,-0.130,261.63
blend,1790489155.54,15.163,-0.145,272.65
blend,1790489156.01,15.166,-0.156,282.57
blend,1790489156.52,15.167,-0.160,293.36
blend,1790489157.04,15.167,-0.161,304.30
blend,1790489157.51,15.167,-0.161,314.52
blend,1790489158.02,15.166,-0.160,325.96
blend,1790489158.54,15.167,-0.161,337.63
blend,1790489159.00,15.166,-0.161,348.05
blend,1790489159.51,15.167,-0.161,359.52
blend,1790489160.03,15.167,-0.161,370.89
blend,1790489160.53,15.168,-0.161,382.10
blend,1790489161.04,15.167,-0.161,393.23
blend,1790489161.55,15.171,-0.156,404.65
blend,1790489162.01,15.167,-0.162,414.59
blend,1790489162.52,15.159,-0.179,425.54
blend,1790489163.04,15.158,-0.186,436.72
blend,1790489163.50,15.157,-0.197,446.82
blend,1790489164.02,15.155,-0.194,458.26
blend,1790489164.53,15.155,-0.191,469.79
blend,1790489165.00,15.155,-0.192,480.00
blend,1790489165.50,15.148,-0.185,490.95
blend,1790489166.02,15.139,-0.178,502.31
blend,1790489166.54,15.115,-0.167,513.82
blend,1790489167.00,15.097,-0.163,524.06
blend,1790489167.51,15.080,-0.162,535.40
blend,1790489168.02,15.063,-0.163,537.80
blend,1790489168.53,15.062,-0.163,537.78
blend,1790489169.00,15.062,-0.163,537.77
blend,1790489169.50,15.062,-0.163,537.77
blend,1790489170.01,15.062,-0.163,537.77
blend,1790489170.52,15.062,-0.163,537.76
blend,1790489171.03,15.062,-0.163,537.76
blend,1790489171.50,15.062,-0.163,537.76
blend,1790489172.00,15.062,-0.163,537.76
blend,1790489172.51,15.061,-0.163,537.75
blend,1790489173.02,15.062,-0.163,537.76
blend,1790489173.53,15.062,-0.163,537.75
blend,1790489174.04,15.062,-0.163,537.75
blend,1790489174.55,15.062,-0.163,537.75
blend,1790489175.01,15.062,-0.163,537.74
blend,1790489175.52,15.062,-0.163,537.74
blend,1790489176.03,15.062,-0.163,537.74
blend,1790489176.54,15.062,-0.163,537.74
blend,1790489177.05,15.062,-0.163,537.74
blend,1790489177.50,15.062,-0.163,537.73
blend,1790489178.02,15.062,-0.163,537.72
blend,1790489178.52,15.063,-0.163,537.72
blend,1790489179.03,15.062,-0.163,537.73
blend,1790489179.51,15.063,-0.163,537.73
blend,1790489180.00,15.062,-0.163,537.72
blend,1790489180.51,15.063,-0.163,537.80
blend,1790489181.02,15.004,-0.161,537.87
blend,1790489181.53,14.883,-0.157,537.99
blend,1790489182.02,14.762,-0.153,538.08
blend,1790489182.50,14.634,-0.149,538.18
blend,1790489183.01,14.485,-0.144,538.28
blend,1790489183.53,14.329,-0.139,538.32
blend,1790489184.04,14.178,-0.135,538.42
blend,1790489184.51,14.025,-0.131,538.53
blend,1790489185.01,13.880,-0.127,538.62
blend,1790489185.52,13.727,-0.124,538.68
blend,1790489186.03,13.568,-0.120,538.73
blend,1790489186.54,13.418,-0.117,538.80
blend,1790489187.01,13.275,-0.114,538.91
blend,1790489187.51,13.120,-0.112,539.01
blend,1790489188.02,12.966,-0.109,539.09
blend,1790489188.53,12.800,-0.107,539.16
blend,1790489189.04,12.635,-0.105,539.26
blend,1790489189.55,12.471,-0.103,539.26
blend,1790489190.01,12.318,-0.101,539.37
blend,1790489190.52,12.151,-0.100,539.49
blend,1790489191.03,11.983,-0.098,539.55
blend,1790489191.54,11.812,-0.097,539.55
blend,1790489192.00,11.667,-0.096,539.62
blend,1790489192.51,11.504,-0.095,539.76
blend,1790489193.02,11.334,-0.095,539.83
blend,1790489193.54,11.163,-0.094,539.88
blend,1790489194.01,11.006,-0.094,539.96
blend,1790489194.51,10.840,-0.094,540.04
blend,1790489195.02,10.672,-0.095,540.11
blend,1790489195.53,10.503,-0.095,540.16
blend,1790489196.04,10.325,-0.096,540.27
blend,1790489196.51,10.170,-0.097,540.34
blend,1790489197.01,10.000,-0.098,540.37
blend,1790489197.52,9.833,-0.099,540.40
blend,1790489198.03,9.660,-0.100,540.51
blend,1790489198.50,9.504,-0.102,540.56
blend,1790489199.00,9.339,-0.103,540.59
blend,1790489199.51,9.171,-0.105,540.69
blend,1790489200.02,9.005,-0.107,540.78
blend,1790489200.53,8.839,-0.110,540.83
blend,1790489201.04,8.673,-0.112,540.83
blend,1790489201.52,8.519,-0.114,540.91
blend,1790489202.01,8.376,-0.117,540.95
blend,1790489202.52,8.205,-0.120,541.07
blend,1790489203.03,8.030,-0.123,541.15
blend,1790489203.54,7.859,-0.127,541.18
blend,1790489204.00,7.705,-0.130,541.27
blend,1790489204.51,7.532,-0.134,541.33
blend,1790489205.02,7.342,-0.139,541.34
blend,1790489205.53,7.156,-0.143,541.46
blend,1790489206.04,6.973,-0.148,541.52
blend,1790489206.50,6.805,-0.153,541.61
blend,1790489207.01,6.618,-0.158,541.65
blend,1790489207.53,6.430,-0.164,541.76
blend,1790489208.04,6.254,-0.169,541.79
blend,1790489208.50,6.094,-0.174,541.72
blend,1790489209.01,5.913,-0.175,539.05
blend,1790489209.52,5.749,-0.171,538.78
blend,1790489210.03,5.581,-0.167,538.76
blend,1790489210.54,5.415,-0.164,538.75
blend,1790489211.06,5.237,-0.160,538.77
blend,1790489211.51,5.071,-0.156,538.84
blend,1790489212.02,4.870,-0.153,538.96
blend,1790489212.53,4.675,-0.149,539.03
blend,1790489213.04,4.477,-0.146,539.08
blend,1790489213.55,4.281,-0.143,539.12
blend,1790489214.01,4.100,-0.141,539.25
blend,1790489214.52,3.897,-0.139,539.33
blend,1790489215.03,3.691,-0.136,539.40
blend,1790489215.51,3.507,-0.135,539.49
blend,1790489216.00,3.320,-0.133,539.57
blend,1790489216.51,3.118,-0.132,539.61
blend,1790489217.02,2.917,-0.131,539.71
blend,1790489217.53,2.715,-0.130,539.79
blend,1790489218.01,2.528,-0.130,539.84
blend,1790489218.50,2.327,-0.129,539.91
blend,1790489219.02,2.133,-0.129,540.03
blend,1790489219.53,1.931,-0.130,540.13
blend,1790489220.04,1.735,-0.131,540.16
blend,1790489220.51,1.549,-0.131,540.24
blend,1790489221.01,1.351,-0.132,540.33
blend,1790489221.52,1.149,-0.134,540.39
blend,1790489222.03,0.942,-0.136,540.46
blend,1790489222.54,0.746,-0.138,540.60
blend,1790489223.06,0.543,-0.140,540.68
blend,1790489223.51,0.370,-0.142,540.72
blend,1790489224.02,0.170,-0.145,540.80
blend,1790489224.53,-0.020,-0.148,540.88
blend,1790489225.04,-0.186,-0.151,540.73
blend,1790489225.51,-0.189,-0.151,540.93
blend,1790489226.01,-0.190,-0.151,540.93
blend,1790489226.52,-0.190,-0.151,540.93
blend,1790489227.03,-0.189,-0.151,540.93
blend,1790489227.54,-0.188,-0.151,540.94
blend,1790489228.00,-0.190,-0.151,540.94
blend,1790489228.51,-0.192,-0.151,540.93
blend,1790489229.02,-0.192,-0.151,540.95
blend,1790489229.53,-0.191,-0.151,540.95
blend,1790489230.04,-0.193,-0.151,540.95
blend,1790489230.50,-0.193,-0.151,540.96
blend,1790489231.01,-0.194,-0.151,540.96
blend,1790489231.52,-0.194,-0.151,540.95
blend,1790489232.03,-0.195,-0.151,540.96
blend,1790489232.54,-0.197,-0.151,540.97
blend,1790489233.06,-0.197,-0.151,540.96
blend,1790489233.51,-0.198,-0.151,540.97
blend,1790489234.02,-0.201,-0.151,540.97
blend,1790489234.53,-0.202,-0.151,540.97
blend,1790489235.04,-0.201,-0.151,540.97
blend,1790489235.50,-0.202,-0.151,540.97
blend,1790489236.00,-0.200,-0.151,540.97
blend,1790489236.51,-0.202,-0.151,540.98
blend,1790489237.02,-0.200,-0.151,540.97
blend,1790489237.53,-0.202,-0.151,540.97
blend,1790489238.01,-0.201,-0.151,540.97
blend,1790489238.50,-0.198,-0.151,540.97
blend,1790489239.01,-0.197,-0.151,540.97
blend,1790489239.52,-0.195,-0.150,540.98
blend,1790489240.01,-0.194,-0.150,540.98
blend,1790489240.54,-0.191,-0.150,540.98
blend,1790489241.00,-0.192,-0.150,540.99
blend,1790489241.51,-0.191,-0.150,540.99
blend,1790489242.02,-0.192,-0.150,540.99
blend,1790489242.53,-0.192,-0.150,540.98
blend,1790489243.04,-0.192,-0.150,540.98
blend,1790489243.55,-0.192,-0.150,540.97
blend,1790489244.01,-0.192,-0.150,540.98
blend,1790489244.52,-0.192,-0.150,540.99
blend,1790489245.03,-0.192,-0.150,540.99
blend,1790489245.54,-0.192,-0.150,540.99
blend,1790489246.05,-0.192,-0.150,540.99
blend,1790489246.51,-0.190,-0.150,541.00
blend,1790489247.01,-0.197,-0.151,541.00
blend,1790489247.52,-0.194,-0.150,540.99
blend,1790489248.03,-0.193,-0.150,540.99
blend,1790489248.51,-0.194,-0.150,540.99
blend,1790489249.00,-0.191,-0.150,541.00
blend,1790489249.51,-0.191,-0.150,541.00
blend,1790489250.02,-0.189,-0.150,541.01
blend,1790489250.53,-0.189,-0.150,541.02
blend,1790489251.04,-0.188,-0.150,541.02
blend,1790489251.51,-0.188,-0.150,541.01
blend,1790489252.01,-0.188,-0.150,541.01
blend,1790489252.52,-0.188,-0.150,541.01
blend,1790489253.03,-0.188,-0.150,541.00
blend,1790489253.54,-0.189,-0.150,541.00
blend,1790489254.05,-0.189,-0.150,541.00
blend,1790489254.51,-0.188,-0.150,541.00
blend,1790489255.02,-0.183,-0.150,540.99
blend,1790489255.53,-0.186,-0.150,540.99
blend,1790489256.04,-0.186,-0.150,540.99
blend,1790489256.55,-0.186,-0.150,540.99
blend,1790489257.00,-0.188,-0.150,540.99
blend,1790489257.51,-0.190,-0.150,540.98
blend,1790489258.02,-0.189,-0.150,540.98
blend,1790489258.53,-0.187,-0.150,540.98
blend,1790489259.01,-0.190,-0.150,540.98
blend,1790489259.50,-0.187,-0.150,540.98
blend,1790489260.01,-0.187,-0.150,540.98
blend,1790489260.52,-0.187,-0.150,540.98
blend,1790489261.03,-0.187,-0.150,540.99
blend,1790489261.54,-0.186,-0.150,540.99
blend,1790489262.05,-0.186,-0.150,540.98
blend,1790489262.51,-0.185,-0.150,540.98
blend,1790489263.02,-0.184,-0.150,540.98
blend,1790489263.53,-0.183,-0.150,540.98
blend,1790489264.04,-0.182,-0.150,540.97
blend,1790489264.50,-0.178,-0.150,540.97
blend,1790489265.01,-0.178,-0.150,540.97
blend,1790489265.52,-0.177,-0.150,540.97
blend,1790489266.03,-0.179,-0.150,540.97
blend,1790489266.54,-0.181,-0.150,540.96
blend,1790489267.06,-0.180,-0.150,540.97
blend,1790489267.50,-0.182,-0.150,540.97
blend,1790489268.01,-0.182,-0.150,540.96
blend,1790489268.52,-0.182,-0.150,540.96
blend,1790489269.03,-0.184,-0.150,540.97
blend,1790489269.50,-0.181,-0.150,540.97
blend,1790489270.00,-0.180,-0.150,540.97
blend,1790489270.51,-0.178,-0.150,540.97
blend,1790489271.02,-0.178,-0.150,540.97
blend,1790489271.53,-0.175,-0.150,544.63
blend,1790489272.04,-0.192,-0.156,556.80
blend,1790489272.50,-0.214,-0.170,568.11
blend,1790489273.00,-0.231,-0.186,580.38
blend,1790489273.52,-0.245,-0.206,592.98
blend,1790489274.03,-0.250,-0.213,605.37
blend,1790489274.56,-0.251,-0.224,618.41
blend,1790489275.01,-0.251,-0.227,624.92
blend,1790489275.53,-0.251,-0.229,630.71
blend,1790489276.05,-0.251,-0.227,630.70
blend,1790489276.52,-0.250,-0.279,630.83
blend,1790489277.03,-0.248,-0.411,630.96
blend,1790489277.50,-0.245,-0.565,631.12
blend,1790489278.02,-0.242,-0.746,631.26
blend,1790489278.54,-0.237,-0.931,631.33
blend,1790489279.01,-0.233,-1.095,631.40
blend,1790489279.52,-0.228,-1.285,631.50
blend,1790489280.04,-0.223,-1.472,631.60
blend,1790489280.51,-0.219,-1.639,631.67
blend,1790489281.03,-0.213,-1.827,631.74
blend,1790489281.51,-0.208,-1.996,631.82
blend,1790489282.01,-0.202,-2.178,631.90
blend,1790489282.53,-0.196,-2.359,631.94
blend,1790489283.05,-0.190,-2.537,631.96
blend,1790489283.52,-0.184,-2.695,632.06
blend,1790489284.04,-0.178,-2.861,631.62
blend,1790489284.50,-0.176,-3.005,630.27
blend,1790489285.02,-0.176,-3.173,630.08
blend,1790489285.51,-0.176,-3.338,629.97
blend,1790489286.01,-0.176,-3.527,630.02
blend,1790489286.53,-0.176,-3.740,629.98
blend,1790489287.05,-0.176,-3.943,629.98
blend,1790489287.52,-0.176,-4.130,630.08
blend,1790489288.04,-0.176,-4.328,630.10
blend,1790489288.50,-0.176,-4.510,630.21
blend,1790489289.02,-0.175,-4.710,630.26
blend,1790489289.54,-0.174,-4.912,630.31
blend,1790489290.01,-0.173,-5.101,630.43
blend,1790489290.53,-0.171,-5.309,630.50
blend,1790489291.01,-0.169,-5.493,630.59
blend,1790489291.52,-0.167,-5.696,630.74
blend,1790489292.04,-0.164,-5.885,630.79
blend,1790489292.50,-0.161,-6.060,630.82
blend,1790489293.02,-0.158,-6.262,630.93
blend,1790489293.54,-0.155,-6.458,630.94
blend,1790489294.01,-0.152,-6.643,631.05
blend,1790489294.53,-0.148,-6.823,631.09
blend,1790489295.00,-0.145,-7.000,631.18
blend,1790489295.52,-0.142,-7.169,631.20
blend,1790489296.03,-0.138,-7.337,631.29
blend,1790489296.50,-0.135,-7.485,631.26
blend,1790489297.02,-0.133,-7.650,629.96
blend,1790489297.54,-0.136,-7.796,629.29
blend,1790489298.01,-0.138,-7.952,629.30
blend,1790489298.53,-0.140,-8.129,629.21
blend,1790489299.00,-0.142,-8.286,629.27
blend,1790489299.51,-0.144,-8.454,629.32
blend,1790489300.01,-0.146,-8.617,629.38
blend,1790489300.51,-0.147,-8.779,629.46
blend,1790489301.02,-0.148,-8.950,629.51
blend,1790489301.54,-0.150,-9.120,629.56
blend,1790489302.00,-0.151,-9.275,629.61
blend,1790489302.51,-0.150,-9.440,629.66
blend,1790489303.00,-0.152,-9.590,629.78
blend,1790489303.51,-0.152,-9.763,629.79
blend,1790489304.03,-0.152,-9.943,629.90
blend,1790489304.51,-0.152,-10.087,629.95
blend,1790489305.02,-0.152,-10.270,630.02
blend,1790489305.53,-0.152,-10.451,630.08
blend,1790489306.00,-0.151,-10.607,630.19
blend,1790489306.52,-0.151,-10.782,630.20
blend,1790489307.04,-0.150,-10.939,630.26
blend,1790489307.51,-0.150,-11.066,630.24
blend,1790489308.02,-0.149,-11.219,630.31
blend,1790489308.54,-0.148,-11.363,630.40
blend,1790489309.01,-0.147,-11.501,630.42
blend,1790489309.53,-0.145,-11.650,630.49
blend,1790489310.06,-0.144,-11.799,630.53
blend,1790489310.52,-0.142,-11.929,630.56
blend,1790489311.03,-0.141,-12.078,630.61
blend,1790489311.50,-0.139,-12.216,630.65
blend,1790489312.02,-0.138,-12.366,630.68
blend,1790489312.54,-0.136,-12.515,630.71
blend,1790489313.01,-0.133,-12.657,630.81
blend,1790489313.53,-0.131,-12.812,630.88
blend,1790489314.05,-0.129,-12.964,630.92
blend,1790489314.51,-0.126,-13.103,630.92
blend,1790489315.03,-0.123,-13.264,631.04
blend,1790489315.51,-0.121,-13.394,631.05
blend,1790489316.02,-0.118,-13.542,630.53
blend,1790489316.52,-0.127,-13.737,628.95
blend,1790489317.01,-0.126,-13.884,628.89
blend,1790489317.52,-0.129,-14.009,628.83
blend,1790489318.01,-0.132,-14.181,628.79
blend,1790489318.50,-0.135,-14.316,628.79
blend,1790489319.02,-0.139,-14.451,628.80
blend,1790489319.52,-0.142,-14.600,628.87
blend,1790489320.02,-0.146,-14.828,628.87
blend,1790489320.50,-0.153,-14.959,628.82
blend,1790489321.02,-0.157,-15.177,628.90
blend,1790489321.52,-0.156,-15.267,628.94
blend,1790489322.04,-0.158,-15.316,628.97
blend,1790489322.50,-0.160,-15.453,629.07
blend,1790489323.02,-0.163,-15.600,629.11
blend,1790489323.54,-0.164,-15.657,629.06
blend,1790489324.01,-0.164,-15.657,629.06
blend,1790489324.53,-0.164,-15.657,629.06
blend,1790489325.02,-0.164,-15.655,629.40
blend,1790489325.53,-0.164,-15.657,635.19
blend,1790489326.00,-0.164,-15.657,641.85
blend,1790489326.51,-0.164,-15.657,649.28
blend,1790489327.02,-0.165,-15.655,656.82
blend,1790489327.51,-0.151,-15.673,663.96
blend,1790489328.03,-0.071,-15.764,673.08
blend,1790489328.50,-0.060,-15.772,682.28
blend,1790489329.02,-0.061,-15.771,693.24
blend,1790489329.54,-0.053,-15.773,704.25
blend,1790489330.05,-0.050,-15.774,715.32
blend,1790489330.51,-0.025,-15.771,725.05
blend,1790489331.02,-0.021,-15.770,735.79
blend,1790489331.53,-0.014,-15.766,746.13
blend,1790489332.04,-0.009,-15.762,756.70
blend,1790489332.51,0.001,-15.751,766.57
blend,1790489333.02,0.005,-15.744,777.39
blend,1790489333.52,0.009,-15.734,787.94
blend,1790489334.01,0.010,-15.724,798.39
blend,1790489334.51,0.010,-15.703,809.02
blend,1790489335.01,0.009,-15.698,819.56
blend,1790489335.50,0.010,-15.702,829.56
blend,1790489336.01,0.006,-15.696,839.97
blend,1790489336.51,0.001,-15.689,850.03
blend,1790489337.02,-0.002,-15.686,860.41
blend,1790489337.54,-0.004,-15.686,871.19
blend,1790489338.01,-0.002,-15.686,880.83
blend,1790489338.52,0.004,-15.687,891.26
blend,1790489339.04,-0.001,-15.687,895.19
blend,1790489339.55,0.001,-15.687,895.18
blend,1790489340.01,0.001,-15.687,897.14
blend,1790489340.52,0.002,-15.687,903.91
blend,1790489341.04,0.000,-15.687,911.18
blend,1790489341.51,-0.003,-15.688,917.88
blend,1790489342.00,-0.005,-15.689,924.80
blend,1790489342.51,-0.009,-15.691,931.94
blend,1790489343.02,-0.012,-15.694,939.57
blend,1790489343.53,-0.016,-15.699,947.97
blend,1790489344.04,-0.013,-15.694,956.59
blend,1790489344.50,-0.013,-15.694,964.38
blend,1790489345.01,-0.013,-15.695,972.98
blend,1790489345.53,-0.013,-15.694,981.90
blend,1790489346.05,-0.013,-15.694,991.00
blend,1790489346.52,-0.013,-15.695,999.15
blend,1790489347.03,-0.013,-15.694,1008.01
blend,1790489347.50,-0.013,-15.695,1016.07
blend,1790489348.01,-0.013,-15.694,1024.58
blend,1790489348.52,-0.013,-15.694,1033.19
blend,1790489349.04,-0.024,-15.685,1041.70
blend,1790489349.50,-0.019,-15.689,1049.55
blend,1790489350.02,-0.024,-15.686,1058.39
blend,1790489350.54,-0.027,-15.685,1067.08
blend,1790489351.00,-0.027,-15.685,1074.94
blend,1790489351.51,-0.025,-15.685,1083.51
blend,1790489352.03,-0.020,-15.684,1091.97
blend,1790489352.54,-0.017,-15.683,1100.40
blend,1790489353.04,-0.014,-15.681,1108.68
blend,1790489353.55,-0.013,-15.680,1116.90
blend,1790489354.00,-0.003,-15.670,1124.32
blend,1790489354.51,0.005,-15.659,1132.86
blend,1790489355.03,0.019,-15.632,1141.34
blend,1790489355.54,0.023,-15.621,1150.01
blend,1790489356.00,0.025,-15.606,1157.83
blend,1790489356.52,0.026,-15.591,1166.53
blend,1790489357.03,0.025,-15.580,1170.17
blend,1790489357.51,0.025,-15.579,1170.13
blend,1790489358.01,0.025,-15.580,1170.27
blend,1790489358.53,0.025,-15.461,1170.35
blend,1790489359.05,0.023,-15.314,1170.48
blend,1790489359.51,0.022,-15.178,1170.60
blend,1790489360.03,0.020,-15.020,1170.75
blend,1790489360.51,0.018,-14.871,1170.83
blend,1790489361.01,0.016,-14.714,1170.90
blend,1790489361.53,0.013,-14.550,1170.94
blend,1790489362.04,0.009,-14.360,1171.08
blend,1790489362.51,0.006,-14.184,1171.17
blend,1790489363.02,0.002,-13.975,1171.20
blend,1790489363.54,-0.003,-13.772,1171.33
blend,1790489364.00,-0.007,-13.585,1171.43
blend,1790489364.52,-0.013,-13.379,1171.50
blend,1790489365.00,-0.018,-13.191,1171.62
blend,1790489365.55,-0.024,-12.971,1171.69
blend,1790489366.01,-0.030,-12.785,1171.76
blend,1790489366.53,-0.036,-12.584,1171.85
blend,1790489367.00,-0.043,-12.391,1171.98
blend,1790489367.51,-0.050,-12.191,1172.03
blend,1790489368.03,-0.057,-11.984,1172.08
blend,1790489368.54,-0.065,-11.775,1172.18
blend,1790489369.01,-0.073,-11.595,1172.31
blend,1790489369.52,-0.081,-11.388,1172.38
blend,1790489370.04,-0.090,-11.183,1172.41
blend,1790489370.50,-0.097,-11.008,1172.53
blend,1790489371.02,-0.107,-10.796,1172.60
blend,1790489371.54,-0.116,-10.596,1172.62
blend,1790489372.00,-0.125,-10.411,1172.73
blend,1790489372.52,-0.135,-10.207,1172.80
blend,1790489373.03,-0.145,-10.004,1172.86
blend,1790489373.51,-0.154,-9.816,1172.92
blend,1790489374.01,-0.165,-9.613,1173.05
blend,1790489374.53,-0.175,-9.416,1173.09
blend,1790489375.04,-0.187,-9.216,1173.13
blend,1790489375.51,-0.197,-9.032,1173.25
blend,1790489376.03,-0.208,-8.822,1173.33
blend,1790489376.54,-0.220,-8.624,1173.38
blend,1790489377.00,-0.231,-8.446,1173.47
blend,1790489377.52,-0.242,-8.262,1173.53
blend,1790489378.04,-0.253,-8.085,1173.60
blend,1790489378.50,-0.261,-7.926,1172.02
blend,1790489379.02,-0.266,-7.760,1171.64
blend,1790489379.53,-0.271,-7.573,1171.63
blend,1790489380.01,-0.276,-7.401,1171.66
blend,1790489380.51,-0.281,-7.221,1171.70
blend,1790489381.03,-0.287,-7.045,1171.77
blend,1790489381.51,-0.292,-6.878,1171.82
blend,1790489382.01,-0.298,-6.706,1171.89
blend,1790489382.52,-0.302,-6.535,1170.92
blend,1790489383.04,-0.303,-6.376,1170.48
blend,1790489383.50,-0.304,-6.216,1170.48
blend,1790489384.02,-0.306,-6.029,1170.43
blend,1790489384.54,-0.308,-5.834,1170.52
blend,1790489385.00,-0.309,-5.663,1170.56
blend,1790489385.52,-0.311,-5.475,1170.62
blend,1790489386.03,-0.313,-5.286,1170.67
blend,1790489386.55,-0.316,-5.087,1170.77
blend,1790489387.01,-0.319,-4.905,1170.83
blend,1790489387.53,-0.322,-4.697,1170.86
blend,1790489388.05,-0.325,-4.492,1170.92
blend,1790489388.51,-0.328,-4.306,1171.02
blend,1790489389.02,-0.332,-4.112,1171.07
blend,1790489389.52,-0.335,-3.933,1171.17
blend,1790489390.01,-0.340,-3.721,1171.28
blend,1790489390.51,-0.345,-3.530,1171.31
blend,1790489391.02,-0.350,-3.340,1171.39
blend,1790489391.51,-0.355,-3.159,1171.40
blend,1790489392.00,-0.353,-2.965,1169.79
blend,1790489392.52,-0.349,-2.807,1169.29
blend,1790489393.02,-0.347,-2.617,1169.30
blend,1790489393.51,-0.345,-2.456,1169.20
blend,1790489394.04,-0.342,-2.247,1169.21
blend,1790489394.51,-0.340,-2.078,1169.27
blend,1790489395.02,-0.338,-1.895,1169.33
blend,1790489395.54,-0.336,-1.708,1169.38
blend,1790489396.00,-0.335,-1.542,1169.45
blend,1790489396.52,-0.333,-1.348,1169.52
blend,1790489397.02,-0.332,-1.178,1169.58
blend,1790489397.51,-0.331,-1.002,1169.63
blend,1790489398.01,-0.329,-0.847,1169.69
blend,1790489398.50,-0.330,-0.662,1169.74
blend,1790489399.01,-0.329,-0.502,1169.80
blend,1790489399.51,-0.329,-0.446,1169.80
blend,1790489400.01,-0.329,-0.468,1169.81
blend,1790489400.51,-0.329,-0.463,1169.82
blend,1790489401.02,-0.329,-0.460,1169.82
blend,1790489401.51,-0.329,-0.462,1169.83
blend,1790489402.02,-0.329,-0.453,1169.83
blend,1790489402.52,-0.329,-0.389,1169.83
blend,1790489403.02,-0.329,-0.346,1169.85
blend,1790489403.53,-0.329,-0.297,1169.83
blend,1790489404.03,-0.329,-0.318,1168.45
blend,1790489404.51,-0.337,-0.358,1163.66
blend,1790489405.02,-0.339,-0.359,1158.44
blend,1790489405.52,-0.339,-0.355,1151.20
blend,1790489406.01,-0.330,-0.338,1141.71
blend,1790489406.52,-0.321,-0.329,1130.85
blend,1790489407.01,-0.313,-0.323,1120.18
blend,1790489407.51,-0.297,-0.317,1109.38
blend,1790489408.02,-0.281,-0.313,1098.16
blend,1790489408.51,-0.257,-0.310,1087.88
blend,1790489409.00,-0.250,-0.312,1078.73
blend,1790489409.51,-0.234,-0.314,1078.77
blend,1790489410.01,-0.222,-0.314,1078.79
blend,1790489410.50,-0.220,-0.314,1078.80
blend,1790489411.01,-0.232,-0.314,1078.81
blend,1790489411.51,-0.226,-0.314,1078.81
blend,1790489412.02,-0.223,-0.314,1078.81
blend,1790489412.53,-0.222,-0.314,1078.82
blend,1790489413.01,-0.220,-0.314,1078.81
blend,1790489413.50,-0.220,-0.314,1078.81
blend,1790489414.02,-0.219,-0.314,1078.80
blend,1790489414.53,-0.219,-0.314,1078.80
blend,1790489415.04,-0.219,-0.314,1078.80
blend,1790489415.50,-0.219,-0.314,1078.81
blend,1790489416.01,-0.220,-0.314,1078.81
blend,1790489416.52,-0.218,-0.314,1078.82
blend,1790489417.04,-0.216,-0.314,1078.82
blend,1790489417.50,-0.215,-0.314,1078.83
blend,1790489418.01,-0.215,-0.314,1078.83
blend,1790489418.52,-0.214,-0.314,1078.83
blend,1790489419.03,-0.214,-0.314,1078.82
blend,1790489419.54,-0.216,-0.314,1078.81
blend,1790489420.01,-0.217,-0.314,1078.81
blend,1790489420.52,-0.217,-0.314,1078.81
blend,1790489421.03,-0.216,-0.314,1078.82
blend,1790489421.50,-0.216,-0.314,1078.82
blend,1790489422.00,-0.216,-0.314,1078.83
blend,1790489422.51,-0.216,-0.314,1078.85
blend,1790489423.03,-0.216,-0.314,1078.84
blend,1790489423.54,-0.216,-0.314,1078.83
blend,1790489424.00,-0.214,-0.314,1078.83
blend,1790489424.51,-0.215,-0.314,1078.84
blend,1790489425.02,-0.216,-0.314,1078.84
blend,1790489425.56,-0.215,-0.314,1078.84
blend,1790489426.01,-0.216,-0.314,1078.84
blend,1790489426.51,-0.217,-0.314,1078.84
blend,1790489427.02,-0.216,-0.314,1078.85
blend,1790489427.53,-0.216,-0.314,1078.86
blend,1790489428.04,-0.214,-0.314,1078.85
blend,1790489428.50,-0.211,-0.314,1078.85
blend,1790489429.01,-0.212,-0.314,1078.84
blend,1790489429.53,-0.213,-0.314,1078.83
blend,1790489430.04,-0.212,-0.314,1078.81
blend,1790489430.51,-0.212,-0.314,1078.82
blend,1790489431.01,-0.209,-0.314,1078.81
blend,1790489431.52,-0.207,-0.314,1078.81
blend,1790489432.03,-0.205,-0.314,1078.82
blend,1790489432.51,-0.207,-0.314,1078.82
blend,1790489433.01,-0.206,-0.314,1078.82
blend,1790489433.52,-0.206,-0.314,1078.82
blend,1790489434.03,-0.208,-0.314,1078.81
blend,1790489434.54,-0.212,-0.314,1078.81
blend,1790489435.00,-0.212,-0.314,1078.81
blend,1790489435.51,-0.211,-0.314,1078.80
blend,1790489436.03,-0.213,-0.314,1078.79
blend,1790489436.54,-0.212,-0.314,1078.80
blend,1790489437.01,-0.211,-0.314,1078.80
blend,1790489437.51,-0.213,-0.314,1078.80
blend,1790489438.02,-0.213,-0.314,1078.81
blend,1790489438.53,-0.214,-0.314,1078.81
blend,1790489439.02,-0.214,-0.314,1078.82
blend,1790489439.51,-0.186,-0.315,1078.66
blend,1790489440.01,-0.079,-0.318,1078.60
blend,1790489440.52,0.056,-0.321,1078.60
blend,1790489441.00,0.186,-0.324,1078.56
blend,1790489441.50,0.344,-0.328,1078.57
blend,1790489442.02,0.509,-0.332,1078.68
blend,1790489442.53,0.664,-0.335,1078.68
blend,1790489443.00,0.828,-0.339,1078.74
blend,1790489443.50,1.013,-0.343,1078.79
blend,1790489444.02,1.205,-0.347,1078.86
blend,1790489444.53,1.407,-0.351,1078.92
blend,1790489445.04,1.606,-0.354,1079.00
blend,1790489445.50,1.783,-0.357,1079.10
blend,1790489446.02,1.975,-0.360,1079.14
blend,1790489446.53,2.180,-0.362,1079.24
blend,1790489447.04,2.379,-0.365,1079.37
blend,1790489447.50,2.565,-0.367,1079.40
blend,1790489448.01,2.763,-0.368,1079.53
blend,1790489448.53,2.965,-0.370,1079.60
blend,1790489449.04,3.169,-0.371,1079.68
blend,1790489449.50,3.353,-0.372,1079.77
blend,1790489450.01,3.557,-0.372,1079.88
blend,1790489450.53,3.759,-0.372,1079.94
blend,1790489451.04,3.966,-0.373,1079.95
blend,1790489451.50,4.145,-0.373,1080.04
blend,1790489452.01,4.344,-0.372,1080.08
blend,1790489452.53,4.544,-0.372,1080.14
blend,1790489453.01,4.736,-0.371,1080.19
blend,1790489453.50,4.930,-0.370,1080.30
blend,1790489454.01,5.131,-0.369,1080.34
blend,1790489454.53,5.334,-0.368,1080.41
blend,1790489455.04,5.538,-0.366,1080.54
blend,1790489455.50,5.718,-0.364,1080.60
blend,1790489456.01,5.919,-0.362,1080.62
blend,1790489456.51,6.121,-0.360,1080.71
blend,1790489457.00,6.309,-0.357,1080.83
blend,1790489457.50,6.508,-0.354,1080.86
blend,1790489458.01,6.709,-0.351,1080.90
blend,1790489458.52,6.905,-0.347,1081.05
blend,1790489459.04,7.091,-0.344,1081.10
blend,1790489459.55,7.289,-0.340,1081.13
blend,1790489460.01,7.474,-0.336,1081.19
blend,1790489460.52,7.661,-0.332,1081.30
blend,1790489461.00,7.848,-0.328,1081.31
blend,1790489461.51,8.047,-0.323,1081.38
blend,1790489462.01,8.240,-0.318,1081.48
blend,1790489462.52,8.437,-0.313,1081.51
blend,1790489463.04,8.638,-0.307,1081.58
blend,1790489463.55,8.838,-0.301,1081.65
blend,1790489464.01,9.019,-0.295,1081.75
blend,1790489464.52,9.216,-0.289,1081.81
blend,1790489465.01,9.404,-0.282,1081.90
blend,1790489465.50,9.597,-0.276,1081.98
blend,1790489466.01,9.796,-0.269,1082.05
blend,1790489466.52,9.991,-0.262,1082.08
blend,1790489467.01,10.179,-0.254,1082.19
blend,1790489467.52,10.374,-0.246,1082.26
blend,1790489468.01,10.566,-0.238,1082.34
blend,1790489468.52,10.758,-0.232,1082.31
blend,1790489469.03,10.954,-0.224,1082.36
blend,1790489469.51,11.137,-0.215,1082.46
blend,1790489470.01,11.333,-0.207,1082.50
blend,1790489470.51,11.526,-0.197,1082.74
blend,1790489471.02,11.732,-0.187,1082.73
blend,1790489471.51,11.924,-0.178,1082.75
blend,1790489472.01,12.122,-0.168,1082.82
blend,1790489472.50,12.321,-0.157,1082.96
blend,1790489473.01,12.500,-0.148,1082.98
blend,1790489473.52,12.700,-0.139,1083.04
blend,1790489474.02,12.871,-0.131,1083.11
blend,1790489474.51,13.060,-0.121,1083.18
blend,1790489475.00,13.261,-0.108,1083.23
blend,1790489475.52,13.449,-0.093,1083.37
blend,1790489476.01,13.642,-0.084,1083.52
blend,1790489476.51,13.845,-0.071,1083.54
blend,1790489477.01,13.950,-0.064,1083.60
blend,1790489477.50,14.267,-0.039,1083.76
blend,1790489478.01,14.185,-0.045,1083.79
blend,1790489478.50,14.185,-0.045,1083.84
blend,1790489479.02,14.185,-0.045,1083.87
blend,1790489479.52,14.185,-0.045,1083.88
blend,1790489480.00,14.185,-0.045,1083.87
blend,1790489480.51,14.185,-0.045,1083.87
blend,1790489481.00,14.186,-0.045,1083.87
blend,1790489481.51,14.186,-0.045,1083.86
blend,1790489482.00,14.186,-0.045,1083.86
blend,1790489482.54,14.186,-0.045,1083.85
blend,1790489483.01,14.186,-0.045,1083.84
blend,1790489483.52,14.186,-0.045,1083.84
blend,1790489484.00,14.186,-0.045,1083.84
blend,1790489484.52,14.186,-0.045,1083.84
blend,1790489485.02,14.186,-0.045,1083.85
blend,1790489485.51,14.186,-0.045,1083.84
blend,1790489486.01,14.186,-0.045,1083.84
blend,1790489486.51,14.186,-0.045,1083.84
blend,1790489487.02,14.186,-0.045,1083.83
blend,1790489487.51,14.186,-0.045,1083.94
blend,1790489488.02,14.186,-0.045,1090.89
blend,1790489488.51,14.186,-0.045,1100.55
blend,1790489489.01,14.186,-0.045,1110.14
blend,1790489489.52,14.186,-0.045,1120.14
blend,1790489490.01,14.186,-0.045,1129.91
blend,1790489490.54,14.167,-0.072,1140.36
blend,1790489491.02,14.167,-0.067,1150.00
blend,1790489491.52,14.165,-0.072,1159.91
blend,1790489492.01,14.163,-0.071,1162.49
blend,1790489492.52,14.164,-0.070,1162.47
blend,1790489493.02,14.164,-0.071,1162.44
blend,1790489493.52,14.159,-0.102,1162.45
blend,1790489494.02,14.163,-0.078,1162.45
blend,1790489494.52,14.164,-0.064,1162.44
blend,1790489495.02,14.163,-0.077,1162.45
blend,1790489495.54,14.163,-0.073,1162.45
blend,1790489496.02,14.162,-0.085,1162.45
blend,1790489496.51,14.164,-0.070,1162.46
blend,1790489497.03,14.164,-0.070,1162.45
blend,1790489497.54,14.164,-0.068,1162.45
blend,1790489498.01,14.164,-0.069,1162.46
blend,1790489498.52,14.163,-0.072,1162.46
blend,1790489499.04,14.164,-0.069,1162.45
blend,1790489499.50,14.165,-0.085,1168.69
blend,1790489500.02,14.164,-0.081,1177.98
blend,1790489500.53,14.162,-0.073,1178.87
blend,1790489501.01,14.163,-0.079,1178.87
blend,1790489501.51,14.161,-0.069,1183.35
blend,1790489502.02,14.159,-0.064,1192.27
blend,1790489502.54,14.149,-0.050,1201.39
blend,1790489503.02,14.134,-0.033,1209.86
blend,1790489503.51,14.118,-0.020,1218.37
blend,1790489504.02,14.106,-0.012,1227.45
blend,1790489504.54,14.089,-0.006,1236.50
blend,1790489505.01,14.079,-0.003,1244.29
blend,1790489505.52,14.060,-0.001,1252.91
blend,1790489506.01,14.021,-0.004,1261.15
blend,1790489506.52,13.946,-0.021,1269.45
blend,1790489507.02,13.940,-0.026,1277.19
blend,1790489507.51,13.883,-0.057,1284.86
blend,1790489508.00,13.855,-0.077,1292.38
blend,1790489508.52,13.669,-0.252,1300.23
blend,1790489509.02,13.714,-0.213,1307.72
blend,1790489509.51,13.697,-0.241,1315.11
blend,1790489510.00,13.671,-0.299,1322.55
blend,1790489510.51,13.653,-0.364,1330.07
blend,1790489511.00,13.648,-0.403,1337.40
blend,1790489511.52,13.644,-0.479,1344.35
blend,1790489512.01,13.644,-0.462,1343.85
blend,1790489512.51,13.645,-0.458,1343.84
blend,1790489513.00,13.644,-0.465,1343.83
blend,1790489513.51,13.644,-0.468,1347.74
blend,1790489514.03,13.644,-0.469,1355.12
blend,1790489514.51,13.646,-0.476,1361.82
blend,1790489515.02,13.649,-0.487,1369.11
blend,1790489515.53,13.649,-0.487,1376.65
blend,1790489516.00,13.650,-0.489,1383.38
blend,1790489516.51,13.654,-0.492,1390.77
blend,1790489517.02,13.664,-0.501,1398.19
blend,1790489517.54,13.667,-0.503,1405.69
blend,1790489518.00,13.667,-0.503,1412.47
blend,1790489518.52,13.666,-0.503,1420.06
blend,1790489519.04,13.666,-0.503,1427.89
blend,1790489519.50,13.667,-0.503,1434.86
blend,1790489520.01,13.666,-0.503,1436.07
blend,1790489520.53,13.665,-0.503,1436.05
blend,1790489521.04,13.666,-0.503,1437.72
blend,1790489521.51,13.666,-0.503,1441.47
blend,1790489522.01,13.666,-0.503,1441.92
blend,1790489522.52,13.666,-0.503,1441.92
blend,1790489523.04,13.666,-0.503,1441.91
blend,1790489523.50,13.666,-0.503,1441.91
blend,1790489524.01,13.667,-0.503,1443.95
blend,1790489524.52,13.668,-0.502,1457.78
blend,1790489525.03,13.666,-0.503,1471.32
blend,1790489525.54,13.666,-0.503,1484.50
blend,1790489526.02,13.666,-0.504,1496.30
blend,1790489526.51,13.665,-0.505,1505.43
blend,1790489527.02,13.665,-0.506,1513.82
blend,1790489527.53,13.666,-0.502,1521.93
blend,1790489528.00,13.666,-0.503,1524.90
blend,1790489528.52,13.665,-0.507,1524.87
blend,1790489529.04,13.666,-0.503,1524.88
blend,1790489529.50,13.666,-0.502,1524.87
blend,1790489530.02,13.666,-0.501,1524.86
blend,1790489530.54,13.668,-0.483,1525.01
blend,1790489531.00,13.682,-0.316,1525.18
blend,1790489531.52,13.697,-0.131,1525.30
blend,1790489532.04,13.711,0.049,1525.45
blend,1790489532.50,13.724,0.214,1525.52
blend,1790489533.02,13.738,0.394,1525.66
blend,1790489533.54,13.751,0.575,1525.74
blend,1790489534.01,13.763,0.734,1525.79
blend,1790489534.52,13.776,0.913,1525.92
blend,1790489535.04,13.789,1.099,1525.98
blend,1790489535.51,13.800,1.252,1526.02
blend,1790489536.03,13.811,1.418,1526.15
blend,1790489536.51,13.820,1.562,1526.24
blend,1790489537.02,13.831,1.718,1526.30
blend,1790489537.51,13.842,1.887,1526.38
blend,1790489538.01,13.850,2.022,1526.45
blend,1790489538.54,13.861,2.204,1526.47
blend,1790489539.00,13.867,2.301,1526.54
blend,1790489539.52,13.876,2.460,1526.64
blend,1790489540.00,13.884,2.590,1526.70
blend,1790489540.51,13.892,2.743,1526.78
blend,1790489541.00,13.901,2.893,1526.83
blend,1790489541.51,13.909,3.062,1526.90
blend,1790489542.01,13.916,3.194,1526.94
blend,1790489542.51,13.922,3.331,1527.01
blend,1790489543.02,13.928,3.440,1527.07
blend,1790489543.50,13.932,3.520,1527.14
blend,1790489544.02,13.939,3.655,1527.18
blend,1790489544.50,13.943,3.744,1527.22
blend,1790489545.00,13.950,3.892,1527.26
blend,1790489545.52,13.954,3.978,1527.34
blend,1790489546.00,13.960,4.115,1527.34
blend,1790489546.52,13.965,4.230,1527.46
blend,1790489547.00,13.968,4.317,1527.49
blend,1790489547.52,13.974,4.434,1527.55
blend,1790489548.03,13.978,4.546,1527.60
blend,1790489548.51,13.983,4.652,1527.62
blend,1790489549.02,13.987,4.762,1527.67
blend,1790489549.53,13.990,4.859,1529.11
blend,1790489550.00,13.988,4.945,1530.93
blend,1790489550.52,13.986,5.034,1531.09
blend,1790489551.04,13.984,5.124,1531.17
blend,1790489551.50,13.982,5.225,1531.31
blend,1790489552.02,13.979,5.326,1531.42
blend,1790489552.54,13.976,5.444,1531.51
blend,1790489553.00,13.973,5.545,1531.59
blend,1790489553.52,13.970,5.662,1531.66
blend,1790489554.04,13.967,5.776,1531.68
blend,1790489554.50,13.963,5.883,1531.74
blend,1790489555.02,13.960,5.991,1531.77
blend,1790489555.51,13.957,6.093,1531.80
blend,1790489556.01,13.955,6.203,1531.00
blend,1790489556.52,13.953,6.305,1530.99
blend,1790489557.04,13.952,6.413,1530.70
blend,1790489557.51,13.952,6.491,1529.96
blend,1790489558.02,13.952,6.583,1529.90
blend,1790489558.52,13.952,6.678,1529.90
blend,1790489559.01,13.953,6.781,1529.86
blend,1790489559.53,13.953,6.880,1529.84
blend,1790489560.01,13.953,6.977,1529.86
blend,1790489560.51,13.953,7.074,1529.88
blend,1790489561.03,13.953,7.179,1529.91
blend,1790489561.51,13.954,7.281,1529.93
blend,1790489562.01,13.954,7.381,1529.99
blend,1790489562.53,13.954,7.476,1530.01
blend,1790489563.05,13.953,7.570,1530.06
blend,1790489563.51,13.953,7.670,1530.09
blend,1790489564.03,13.953,7.763,1530.11
blend,1790489564.55,13.953,7.868,1530.14
blend,1790489565.02,13.953,7.950,1530.16
blend,1790489565.53,13.952,8.048,1530.17
blend,1790489566.01,13.952,8.128,1530.22
blend,1790489566.52,13.951,8.232,1530.24
blend,1790489567.02,13.951,8.321,1530.21
blend,1790489567.50,13.951,8.425,1530.01
blend,1790489568.02,13.951,8.518,1529.82
blend,1790489568.50,13.952,8.609,1529.63
blend,1790489569.00,13.953,8.708,1529.45
blend,1790489569.52,13.954,8.809,1529.26
blend,1790489570.04,13.956,8.914,1529.06
blend,1790489570.50,13.957,9.000,1528.86
blend,1790489571.02,13.960,9.100,1528.64
blend,1790489571.54,13.962,9.198,1528.48
blend,1790489572.00,13.965,9.284,1528.34
blend,1790489572.52,13.967,9.373,1528.35
blend,1790489573.04,13.970,9.469,1528.36
blend,1790489573.50,13.972,9.536,1528.37
blend,1790489574.02,13.972,9.533,1528.38
blend,1790489574.54,13.972,9.538,1529.29
blend,1790489575.00,13.972,9.544,1539.81
blend,1790489575.52,13.963,9.564,1551.77
blend,1790489576.03,13.959,9.571,1563.55
blend,1790489576.55,13.957,9.573,1574.13
blend,1790489577.01,13.964,9.569,1583.78
blend,1790489577.53,13.964,9.569,1595.24
blend,1790489578.00,13.964,9.569,1605.59
blend,1790489578.51,13.964,9.569,1616.74
blend,1790489579.03,13.964,9.569,1625.51
blend,1790489579.54,13.963,9.569,1633.89
blend,1790489580.00,13.965,9.569,1641.56
blend,1790489580.51,13.965,9.570,1650.18
blend,1790489581.01,13.964,9.569,1659.20
blend,1790489581.52,13.964,9.570,1668.28
blend,1790489582.03,13.958,9.557,1676.91
blend,1790489582.51,13.959,9.559,1685.06
blend,1790489583.01,13.959,9.557,1693.39
blend,1790489583.52,13.958,9.555,1701.84
blend,1790489584.04,13.958,9.545,1707.59
blend,1790489584.51,13.958,9.540,1707.69
blend,1790489585.03,13.958,9.540,1708.04
blend,1790489585.54,13.958,9.533,1708.50
blend,1790489586.01,13.958,9.532,1708.51
blend,1790489586.53,13.958,9.534,1708.48
blend,1790489587.00,13.958,9.534,1708.47
blend,1790489587.51,13.958,9.536,1708.47
blend,1790489588.03,13.958,9.535,1708.47
blend,1790489588.51,13.958,9.534,1708.49
blend,1790489589.01,13.958,9.534,1708.50
blend,1790489589.53,13.958,9.533,1708.58
blend,1790489590.02,13.956,9.445,1708.72
blend,1790489590.51,13.954,9.339,1708.84
blend,1790489591.03,13.952,9.216,1709.02
blend,1790489591.51,13.950,9.098,1709.12
blend,1790489592.02,13.948,8.958,1709.23
blend,1790489592.54,13.946,8.823,1709.29
blend,1790489593.01,13.945,8.686,1709.38
blend,1790489593.52,13.944,8.539,1709.42
blend,1790489594.04,13.943,8.390,1709.51
blend,1790489594.51,13.941,8.256,1709.58
blend,1790489595.03,13.941,8.103,1709.66
blend,1790489595.55,13.940,7.958,1709.77
blend,1790489596.01,13.939,7.804,1709.83
blend,1790489596.53,13.939,7.634,1709.92
blend,1790489597.05,13.939,7.477,1709.96
blend,1790489597.52,13.939,7.314,1710.04
blend,1790489598.03,13.940,7.131,1710.15
blend,1790489598.50,13.940,6.956,1710.23
blend,1790489599.02,13.941,6.759,1710.29
blend,1790489599.54,13.943,6.554,1710.39
blend,1790489600.01,13.944,6.379,1710.44
blend,1790489600.52,13.946,6.198,1710.54
blend,1790489601.01,13.947,6.026,1710.62
blend,1790489601.51,13.950,5.850,1710.75
blend,1790489602.03,13.952,5.663,1710.83
blend,1790489602.56,13.955,5.476,1710.87
blend,1790489603.02,13.958,5.314,1710.98
blend,1790489603.54,13.961,5.121,1711.05
blend,1790489604.00,13.964,4.956,1711.13
blend,1790489604.52,13.968,4.766,1711.20
blend,1790489605.04,13.973,4.579,1711.38
blend,1790489605.51,13.977,4.406,1711.39
blend,1790489606.03,13.982,4.219,1711.53
blend,1790489606.50,13.987,4.046,1711.59
blend,1790489607.02,13.992,3.855,1711.69
blend,1790489607.54,13.998,3.662,1711.77
blend,1790489608.00,14.003,3.481,1711.79
blend,1790489608.52,14.010,3.291,1711.91
blend,1790489609.04,14.016,3.094,1711.98
blend,1790489609.51,14.023,2.914,1712.04
blend,1790489610.03,14.030,2.722,1712.16
blend,1790489610.51,14.037,2.528,1712.19
blend,1790489611.01,14.044,2.340,1712.29
blend,1790489611.53,14.053,2.142,1712.39
blend,1790489612.01,14.060,1.958,1712.44
blend,1790489612.52,14.069,1.762,1712.56
blend,1790489613.04,14.078,1.562,1712.64
blend,1790489613.50,14.087,1.380,1712.69
blend,1790489614.02,14.096,1.184,1712.83
blend,1790489614.54,14.106,0.982,1712.92
blend,1790489615.01,14.116,0.800,1712.95
blend,1790489615.53,14.127,0.601,1713.09
blend,1790489616.05,14.138,0.392,1713.17
blend,1790489616.51,14.148,0.212,1713.20
blend,1790489617.01,14.159,0.012,1713.34
blend,1790489617.51,14.171,-0.183,1713.38
blend,1790489618.02,14.182,-0.370,1713.43
blend,1790489618.54,14.193,-0.552,1713.52
blend,1790489619.01,14.203,-0.714,1713.60
blend,1790489619.52,14.215,-0.894,1713.65
blend,1790489620.01,14.226,-1.064,1713.76
blend,1790489620.51,14.238,-1.245,1713.81
blend,1790489621.03,14.251,-1.435,1713.93
blend,1790489621.55,14.263,-1.619,1713.39
blend,1790489622.02,14.270,-1.769,1712.84
blend,1790489622.54,14.277,-1.914,1712.84
blend,1790489623.01,14.283,-2.023,1712.86
blend,1790489623.51,14.291,-2.181,1712.86
blend,1790489624.04,14.298,-2.335,1712.88
blend,1790489624.51,14.305,-2.471,1712.93
blend,1790489625.03,14.313,-2.621,1712.97
blend,1790489625.52,14.320,-2.754,1713.05
blend,1790489626.01,14.328,-2.898,1713.13
blend,1790489626.53,14.336,-3.050,1713.20
blend,1790489627.04,14.344,-3.198,1712.92
blend,1790489627.52,14.350,-3.336,1712.06
blend,1790489628.04,14.355,-3.500,1711.97
blend,1790489628.50,14.361,-3.665,1711.93
blend,1790489629.00,14.366,-3.830,1711.92
blend,1790489629.54,14.373,-4.018,1711.98
blend,1790489630.01,14.379,-4.191,1712.03
blend,1790489630.53,14.386,-4.384,1712.08
blend,1790489631.01,14.392,-4.555,1712.14
blend,1790489631.52,14.399,-4.728,1712.22
blend,1790489632.00,14.405,-4.880,1712.06
blend,1790489632.51,14.410,-5.042,1711.74
blend,1790489633.01,14.414,-5.203,1711.70
blend,1790489633.52,14.419,-5.371,1711.70
blend,1790489634.02,14.425,-5.561,1711.72
blend,1790489634.54,14.426,-5.617,1711.77
blend,1790489635.02,14.435,-5.841,1711.89
blend,1790489635.52,14.439,-5.985,1712.01
blend,1790489636.04,14.442,-6.134,1711.38
blend,1790489636.51,14.441,-6.293,1710.27
blend,1790489637.01,14.434,-6.430,1708.38
blend,1790489637.50,14.428,-6.572,1707.88
blend,1790489638.00,14.422,-6.746,1707.88
blend,1790489638.51,14.415,-6.916,1707.87
blend,1790489639.00,14.410,-7.084,1707.93
blend,1790489639.52,14.403,-7.258,1707.94
blend,1790489640.01,14.398,-7.407,1708.09
blend,1790489640.51,14.391,-7.614,1708.11
blend,1790489641.00,14.386,-7.793,1708.20
blend,1790489641.52,14.381,-7.969,1708.27
blend,1790489642.01,14.377,-8.143,1708.35
blend,1790489642.51,14.371,-8.334,1708.40
blend,1790489643.01,14.367,-8.500,1708.46
blend,1790489643.51,14.363,-8.687,1708.59
blend,1790489644.00,14.358,-8.900,1708.64
blend,1790489644.52,14.354,-9.066,1708.74
blend,1790489645.02,14.352,-9.239,1708.81
blend,1790489645.50,14.348,-9.405,1708.87
blend,1790489646.01,14.345,-9.591,1708.94
blend,1790489646.50,14.342,-9.751,1709.03
blend,1790489647.01,14.339,-9.915,1709.07
blend,1790489647.52,14.339,-9.944,1709.07
blend,1790489648.00,14.338,-9.955,1709.08
blend,1790489648.50,14.339,-9.943,1709.08
blend,1790489649.02,14.339,-9.939,1709.07
blend,1790489649.51,14.339,-9.943,1709.06
blend,1790489650.00,14.338,-9.951,1709.06
blend,1790489650.52,14.339,-9.931,1709.06
blend,1790489651.02,14.339,-9.956,1709.07
blend,1790489651.52,14.339,-9.953,1709.07
blend,1790489652.01,14.339,-9.938,1709.08
blend,1790489652.50,14.339,-9.943,1709.07
blend,1790489653.00,14.339,-9.947,1709.06
blend,1790489653.51,14.339,-9.947,1709.08
blend,1790489654.01,14.339,-9.949,1709.08
blend,1790489654.52,14.338,-9.955,1709.07
blend,1790489655.01,14.339,-9.948,1709.08
blend,1790489655.51,14.339,-9.947,1709.08
blend,1790489656.01,14.339,-9.947,1709.08
blend,1790489656.51,14.339,-9.948,1709.08
blend,1790489657.03,14.338,-9.954,1709.09
blend,1790489657.51,14.338,-9.953,1709.09
blend,1790489658.01,14.338,-9.994,1708.91
blend,1790489658.53,14.338,-9.997,1709.00
blend,1790489659.02,14.338,-9.996,1709.01
blend,1790489659.51,14.338,-9.996,1709.01
blend,1790489660.03,14.338,-9.997,1709.02
blend,1790489660.50,14.338,-9.997,1709.02
blend,1790489661.02,14.338,-9.997,1709.02
blend,1790489661.54,14.338,-9.996,1709.03
blend,1790489662.00,14.338,-9.995,1709.02
blend,1790489662.52,14.338,-9.996,1709.02
blend,1790489663.04,14.338,-9.995,1709.02
blend,1790489663.51,14.338,-9.996,1709.02
blend,1790489664.01,14.338,-9.996,1709.02
blend,1790489664.52,14.338,-9.996,1709.01
blend,1790489665.01,14.338,-9.996,1709.02
blend,1790489665.52,14.338,-9.996,1709.04
blend,1790489666.01,14.338,-9.996,1709.06
blend,1790489666.51,14.337,-10.056,1709.09
blend,1790489667.02,14.335,-10.205,1709.15
blend,1790489667.51,14.333,-10.351,1709.24
blend,1790489668.01,14.330,-10.509,1709.27
blend,1790489668.50,14.328,-10.661,1709.29
blend,1790489669.00,14.327,-10.823,1709.37
blend,1790489669.52,14.325,-10.987,1709.45
blend,1790489670.01,14.325,-11.143,1709.48
blend,1790489670.51,14.325,-11.113,1709.50
blend,1790489671.00,14.325,-11.116,1709.51
blend,1790489671.51,14.324,-11.125,1709.51
blend,1790489672.00,14.324,-11.125,1709.51
blend,1790489672.54,14.324,-11.125,1709.51
blend,1790489673.01,14.324,-11.125,1709.52
blend,1790489673.52,14.324,-11.125,1709.51
blend,1790489674.03,14.324,-11.124,1709.50
blend,1790489674.51,14.325,-11.112,1709.50
blend,1790489675.00,14.324,-11.122,1709.50
blend,1790489675.51,14.324,-11.122,1709.53
blend,1790489676.02,14.324,-11.124,1709.52
blend,1790489676.52,14.323,-11.275,1709.60
blend,1790489677.02,14.323,-11.391,1709.65
blend,1790489677.54,14.322,-11.513,1709.67
blend,1790489678.02,14.321,-11.627,1709.73
blend,1790489678.52,14.321,-11.766,1709.81
blend,1790489679.01,14.321,-11.888,1709.88
blend,1790489679.50,14.321,-12.035,1709.91
blend,1790489680.01,14.321,-12.162,1709.97
blend,1790489680.52,14.321,-12.284,1710.02
blend,1790489681.00,14.321,-12.434,1710.10
blend,1790489681.52,14.321,-12.580,1710.17
blend,1790489682.02,14.322,-12.711,1710.22
blend,1790489682.51,14.323,-12.861,1710.28
blend,1790489683.02,14.324,-13.005,1710.34
blend,1790489683.51,14.325,-13.161,1710.40
blend,1790489684.01,14.327,-13.308,1710.44
blend,1790489684.52,14.328,-13.461,1710.51
blend,1790489685.00,14.328,-13.510,1710.48
blend,1790489685.52,14.328,-13.502,1710.47
blend,1790489686.01,14.329,-13.490,1710.46
blend,1790489686.52,14.329,-13.475,1710.46
blend,1790489687.00,14.329,-13.487,1710.48
blend,1790489687.52,14.330,-13.511,1710.56
blend,1790489688.01,14.330,-13.619,1710.52
blend,1790489688.50,14.332,-13.745,1710.57
blend,1790489689.01,14.333,-13.880,1710.62
blend,1790489689.53,14.334,-14.021,1710.68
blend,1790489690.01,14.336,-14.155,1710.74
blend,1790489690.52,14.338,-14.298,1710.76
blend,1790489691.04,14.340,-14.446,1710.83
blend,1790489691.51,14.342,-14.581,1710.89
blend,1790489692.02,14.345,-14.736,1710.96
blend,1790489692.54,14.347,-14.891,1710.99
blend,1790489693.01,14.350,-15.035,1711.04
blend,1790489693.53,14.352,-15.188,1711.10
blend,1790489694.02,14.355,-15.341,1711.09
blend,1790489694.51,14.358,-15.495,1711.19
blend,1790489695.03,14.362,-15.656,1711.25
blend,1790489695.50,14.365,-15.787,1711.27
blend,1790489696.02,14.366,-15.844,1711.32
blend,1790489696.54,14.366,-15.840,1711.27
blend,1790489697.00,14.366,-15.841,1711.30
blend,1790489697.52,14.366,-15.837,1711.29
blend,1790489698.04,14.366,-15.835,1711.28
blend,1790489698.51,14.366,-15.836,1711.29
blend,1790489699.02,14.366,-15.837,1711.29
blend,1790489699.54,14.366,-15.835,1711.28
blend,1790489700.01,14.366,-15.837,1711.30
blend,1790489700.53,14.367,-15.836,1711.27
blend,1790489701.04,14.367,-15.831,1711.24
blend,1790489701.51,14.367,-15.830,1711.23
blend,1790489702.03,14.367,-15.829,1711.23
blend,1790489702.55,14.367,-15.829,1711.23
blend,1790489703.01,14.367,-15.829,1711.23
blend,1790489703.53,14.367,-15.830,1711.24
blend,1790489704.01,14.367,-15.830,1711.21
blend,1790489704.51,14.367,-15.831,1711.22
blend,1790489705.03,14.367,-15.831,1711.23
blend,1790489705.51,14.367,-15.829,1711.20
blend,1790489706.02,14.367,-15.829,1711.20
blend,1790489706.54,14.367,-15.830,1711.24
blend,1790489707.00,14.367,-15.828,1711.23
blend,1790489707.52,14.367,-15.824,1711.23
blend,1790489708.04,14.367,-15.820,1711.19
blend,1790489708.50,14.367,-15.821,1711.21
blend,1790489709.02,14.367,-15.821,1711.15
blend,1790489709.54,14.367,-15.821,1711.15
blend,1790489710.01,14.367,-15.823,1711.14
blend,1790489710.52,14.367,-15.824,1711.14
blend,1790489711.02,14.367,-15.818,1711.06
blend,1790489711.50,14.367,-15.823,1711.04
blend,1790489712.03,14.367,-15.823,1711.05
blend,1790489712.52,14.367,-15.839,1711.04
blend,1790489713.01,14.367,-15.833,1711.04
blend,1790489713.53,14.367,-15.833,1711.03
blend,1790489714.01,14.367,-15.832,1711.03
blend,1790489714.51,14.367,-15.828,1711.05
blend,1790489715.03,14.367,-15.827,1711.05
blend,1790489715.51,14.367,-15.825,1711.02
blend,1790489716.01,14.367,-15.824,1711.00
blend,1790489716.53,14.367,-15.824,1711.01
blend,1790489717.00,14.367,-15.821,1711.01
blend,1790489717.52,14.367,-15.823,1711.04
blend,1790489718.04,14.368,-15.825,1711.01
blend,1790489718.50,14.368,-15.825,1711.04
blend,1790489719.02,14.368,-15.824,1711.02
blend,1790489719.54,14.368,-15.824,1711.04
blend,1790489720.00,14.368,-15.820,1710.95
blend,1790489720.52,14.368,-15.819,1710.98
blend,1790489721.04,14.368,-15.820,1711.00
blend,1790489721.51,14.368,-15.821,1710.93
blend,1790489722.02,14.368,-15.821,1710.96
blend,1790489722.54,14.368,-15.819,1710.93
blend,1790489723.01,14.368,-15.819,1710.91
blend,1790489723.53,14.368,-15.821,1710.95
blend,1790489724.00,14.368,-15.820,1710.92
blend,1790489724.51,14.368,-15.819,1710.91
blend,1790489725.03,14.368,-15.819,1710.84
blend,1790489725.50,14.368,-15.821,1710.90
blend,1790489726.01,14.368,-15.821,1710.86
blend,1790489726.53,14.368,-15.820,1710.93
blend,1790489727.01,14.369,-15.826,1710.94
blend,1790489727.52,14.369,-15.825,1710.93
blend,1790489728.03,14.368,-15.823,1710.94
blend,1790489728.52,14.369,-15.827,1710.94
blend,1790489729.02,14.369,-15.825,1711.01
blend,1790489729.54,14.369,-15.827,1710.97
blend,1790489730.00,14.369,-15.827,1710.98
blend,1790489730.52,14.369,-15.828,1710.98
blend,1790489731.04,14.369,-15.828,1710.99
blend,1790489731.50,14.369,-15.825,1710.98
blend,1790489732.02,14.369,-15.826,1710.98
blend,1790489732.54,14.369,-15.828,1710.95
blend,1790489733.01,14.369,-15.828,1710.94
blend,1790489733.53,14.369,-15.826,1710.95
blend,1790489734.04,14.369,-15.827,1710.96
blend,1790489734.51,14.369,-15.828,1710.97
blend,1790489735.03,14.369,-15.829,1710.91
blend,1790489735.51,14.369,-15.828,1710.93
blend,1790489736.01,14.369,-15.828,1710.91
blend,1790489736.53,14.369,-15.827,1710.94
blend,1790489737.05,14.369,-15.830,1710.96
blend,1790489737.51,14.369,-15.828,1710.91
blend,1790489738.03,14.369,-15.829,1710.91
blend,1790489738.51,14.369,-15.831,1710.93
blend,1790489739.02,14.369,-15.828,1710.93
blend,1790489739.54,14.369,-15.828,1710.90
blend,1790489740.00,14.369,-15.828,1710.90
blend,1790489740.52,14.370,-15.828,1710.90
blend,1790489741.04,14.370,-15.828,1710.88
blend,1790489741.50,14.370,-15.826,1710.85
blend,1790489742.02,14.370,-15.827,1710.87
blend,1790489742.54,14.370,-15.827,1710.85
blend,1790489743.01,14.370,-15.825,1710.85
blend,1790489743.52,14.370,-15.825,1710.83
blend,1790489744.04,14.370,-15.824,1710.85
blend,1790489744.51,14.370,-15.822,1710.87
blend,1790489745.03,14.370,-15.821,1710.89
blend,1790489745.55,14.370,-15.822,1710.87
blend,1790489746.01,14.370,-15.821,1710.88
blend,1790489746.53,14.370,-15.819,1710.85
blend,1790489747.00,14.370,-15.818,1710.81
blend,1790489747.51,14.370,-15.819,1710.86
blend,1790489748.03,14.370,-15.821,1710.84
blend,1790489748.52,14.370,-15.821,1710.89
blend,1790489749.02,14.370,-15.822,1710.85
blend,1790489749.53,14.370,-15.822,1710.89
blend,1790489750.00,14.370,-15.821,1710.87
blend,1790489750.52,14.370,-15.825,1710.90
blend,1790489751.04,14.370,-15.822,1710.87
blend,1790489751.50,14.371,-15.825,1710.89
blend,1790489752.02,14.371,-15.827,1705.44
blend,1790489752.54,14.368,-15.831,1690.36
blend,1790489753.01,14.367,-15.831,1681.52
blend,1790489753.51,14.379,-15.816,1672.98
blend,1790489754.02,14.381,-15.816,1663.05
blend,1790489754.52,14.386,-15.813,1653.25
blend,1790489755.03,14.373,-15.819,1643.40
blend,1790489755.54,14.375,-15.818,1632.78
blend,1790489756.00,14.371,-15.819,1629.89
blend,1790489756.51,14.370,-15.819,1625.95
blend,1790489757.03,14.366,-15.819,1617.77
blend,1790489757.54,14.362,-15.818,1617.94
blend,1790489758.01,14.361,-15.818,1617.93
blend,1790489758.51,14.360,-15.818,1617.92
blend,1790489759.02,14.361,-15.818,1617.92
blend,1790489759.53,14.362,-15.818,1617.92
blend,1790489760.01,14.360,-15.818,1617.93
blend,1790489760.51,14.342,-15.817,1617.88
blend,1790489761.02,14.246,-15.814,1617.79
blend,1790489761.53,14.102,-15.808,1617.73
blend,1790489762.04,13.952,-15.802,1617.72
blend,1790489762.50,13.810,-15.797,1617.77
blend,1790489763.02,13.661,-15.791,1617.79
blend,1790489763.53,13.504,-15.785,1617.85
blend,1790489764.04,13.350,-15.779,1617.92
blend,1790489764.50,13.211,-15.774,1617.76
blend,1790489765.01,13.060,-15.761,1613.93
blend,1790489765.53,12.917,-15.737,1612.10
blend,1790489766.01,12.760,-15.715,1612.10
blend,1790489766.52,12.595,-15.693,1612.07
blend,1790489767.04,12.426,-15.669,1612.03
blend,1790489767.50,12.272,-15.648,1612.10
blend,1790489768.02,12.096,-15.623,1612.17
blend,1790489768.54,11.923,-15.600,1612.20
blend,1790489769.01,11.763,-15.578,1612.28
blend,1790489769.52,11.592,-15.555,1612.32
blend,1790489770.04,11.411,-15.531,1612.39
blend,1790489770.51,11.245,-15.513,1616.55
blend,1790489771.02,11.059,-15.525,1622.69
blend,1790489771.53,10.883,-15.533,1622.92
blend,1790489772.05,10.704,-15.543,1623.12
blend,1790489772.51,10.537,-15.553,1623.23
blend,1790489773.02,10.359,-15.563,1623.33
blend,1790489773.53,10.183,-15.573,1623.44
blend,1790489774.01,10.027,-15.583,1623.46
blend,1790489774.51,9.864,-15.593,1623.59
blend,1790489775.02,9.691,-15.604,1623.68
blend,1790489775.53,9.524,-15.615,1623.72
blend,1790489776.04,9.346,-15.627,1623.85
blend,1790489776.50,9.195,-15.637,1623.92
blend,1790489777.02,9.025,-15.649,1623.97
blend,1790489777.53,8.856,-15.659,1622.84
blend,1790489778.04,8.691,-15.666,1622.77
blend,1790489778.50,8.522,-15.674,1622.73
blend,1790489779.02,8.348,-15.683,1622.75
blend,1790489779.53,8.163,-15.692,1622.79
blend,1790489780.00,7.998,-15.700,1622.85
blend,1790489780.50,7.826,-15.709,1622.89
blend,1790489781.01,7.641,-15.719,1623.01
blend,1790489781.53,7.459,-15.728,1623.03
blend,1790489782.04,7.272,-15.738,1623.08
blend,1790489782.51,7.095,-15.748,1623.15
blend,1790489783.01,6.905,-15.759,1623.23
blend,1790489783.53,6.722,-15.769,1623.29
blend,1790489784.00,6.548,-15.780,1623.35
blend,1790489784.51,6.367,-15.790,1623.42
blend,1790489785.01,6.185,-15.801,1623.47
blend,1790489785.52,5.997,-15.813,1623.56
blend,1790489786.02,5.822,-15.824,1623.63
blend,1790489786.55,5.638,-15.836,1623.77
blend,1790489787.00,5.475,-15.848,1623.81
blend,1790489787.52,5.294,-15.860,1623.88
blend,1790489788.00,5.122,-15.871,1623.94
blend,1790489788.55,4.927,-15.885,1624.03
blend,1790489789.01,4.765,-15.897,1624.06
blend,1790489789.52,4.575,-15.910,1624.17
blend,1790489790.04,4.394,-15.924,1624.24
blend,1790489790.55,4.206,-15.938,1624.29
blend,1790489791.01,4.046,-15.950,1624.36
blend,1790489791.52,3.869,-15.964,1624.48
blend,1790489792.00,3.710,-15.977,1624.53
blend,1790489792.51,3.547,-15.990,1624.58
blend,1790489793.01,3.374,-16.004,1624.66
blend,1790489793.51,3.207,-16.018,1624.71
blend,1790489794.00,3.042,-16.032,1624.78
blend,1790489794.54,2.850,-16.048,1624.79
blend,1790489795.01,2.689,-16.062,1624.87
blend,1790489795.52,2.527,-16.075,1624.94
blend,1790489796.01,2.356,-16.090,1624.97
blend,1790489796.51,2.208,-16.104,1625.04
blend,1790489797.00,2.024,-16.121,1625.09
blend,1790489797.52,1.849,-16.137,1625.16
blend,1790489798.01,1.693,-16.151,1625.21
blend,1790489798.50,1.554,-16.164,1625.26
blend,1790489799.02,1.380,-16.180,1625.36
blend,1790489799.51,1.246,-16.193,1625.39
blend,1790489800.02,1.110,-16.206,1625.47
blend,1790489800.50,0.965,-16.220,1625.52
blend,1790489801.01,0.806,-16.237,1625.61
blend,1790489801.50,0.635,-16.252,1625.67
blend,1790489802.01,0.529,-16.263,1625.68
blend,1790489802.52,0.376,-16.278,1625.66
blend,1790489803.01,0.237,-16.289,1623.49
blend,1790489803.52,0.109,-16.277,1619.69
blend,1790489804.00,-0.006,-16.281,1619.58
blend,1790489804.51,-0.141,-16.279,1619.59
blend,1790489805.01,-0.263,-16.268,1613.28
blend,1790489805.50,-0.328,-16.232,1601.76
blend,1790489806.02,-0.379,-16.193,1589.65
blend,1790489806.52,-0.426,-16.143,1577.73
blend,1790489807.01,-0.475,-16.064,1566.83
blend,1790489807.50,-0.499,-16.005,1556.80
blend,1790489808.01,-0.520,-15.904,1546.29
blend,1790489808.51,-0.521,-15.835,1536.33
blend,1790489809.01,-0.521,-15.811,1532.59
blend,1790489809.52,-0.521,-15.818,1532.92
blend,1790489810.02,-0.523,-15.782,1532.94
blend,1790489810.51,-0.523,-15.785,1532.95
blend,1790489811.01,-0.522,-15.805,1532.95
blend,1790489811.50,-0.522,-15.794,1532.89
blend,1790489812.01,-0.518,-15.872,1532.89
blend,1790489812.51,-0.518,-15.866,1532.89
blend,1790489813.01,-0.519,-15.869,1530.05
blend,1790489813.50,-0.519,-15.846,1530.22
blend,1790489814.05,-0.519,-15.852,1530.22
blend,1790489814.51,-0.519,-15.855,1530.23
blend,1790489815.03,-0.519,-15.855,1530.22
blend,1790489815.55,-0.519,-15.855,1530.22
blend,1790489816.01,-0.519,-15.855,1530.22
blend,1790489816.53,-0.519,-15.856,1530.21
blend,1790489817.00,-0.519,-15.855,1530.20
blend,1790489817.51,-0.519,-15.855,1530.20
blend,1790489818.03,-0.519,-15.854,1530.18
blend,1790489818.50,-0.519,-15.853,1530.14
blend,1790489819.01,-0.519,-15.926,1530.04
blend,1790489819.53,-0.519,-16.025,1529.99
blend,1790489820.01,-0.519,-16.112,1529.95
blend,1790489820.51,-0.519,-16.198,1529.89
blend,1790489821.03,-0.519,-16.284,1529.86
blend,1790489821.56,-0.519,-16.347,1529.85
blend,1790489822.01,-0.519,-16.347,1529.88
blend,1790489822.53,-0.519,-16.347,1529.84
blend,1790489823.00,-0.519,-16.349,1516.63
blend,1790489823.51,-0.515,-16.342,1497.39
blend,1790489824.01,-0.501,-16.331,1478.58
blend,1790489824.52,-0.476,-16.324,1460.26
blend,1790489825.03,-0.457,-16.324,1444.16
blend,1790489825.55,-0.454,-16.325,1443.53
blend,1790489826.01,-0.452,-16.325,1442.64
blend,1790489826.52,-0.448,-16.325,1438.97
blend,1790489827.03,-0.446,-16.325,1439.17
blend,1790489827.55,-0.447,-16.325,1439.18
blend,1790489828.01,-0.443,-16.325,1439.07
blend,1790489828.52,-0.325,-16.327,1439.12
blend,1790489829.03,-0.160,-16.329,1439.09
blend,1790489829.50,-0.001,-16.332,1439.15
blend,1790489830.00,0.168,-16.334,1439.19
blend,1790489830.52,0.340,-16.337,1439.24
blend,1790489831.03,0.510,-16.339,1439.31
blend,1790489831.54,0.680,-16.341,1439.33
blend,1790489832.00,0.839,-16.342,1439.39
blend,1790489832.51,1.013,-16.344,1439.48
blend,1790489833.03,1.183,-16.345,1439.55
blend,1790489833.54,1.355,-16.346,1439.65
blend,1790489834.00,1.517,-16.347,1439.71
blend,1790489834.51,1.689,-16.348,1439.81
blend,1790489835.03,1.868,-16.348,1439.80
blend,1790489835.54,2.050,-16.349,1439.93
blend,1790489836.05,2.235,-16.349,1440.00
blend,1790489836.51,2.408,-16.348,1440.10
blend,1790489837.02,2.598,-16.348,1440.13
blend,1790489837.54,2.787,-16.347,1440.23
blend,1790489838.00,2.953,-16.347,1440.25
blend,1790489838.51,3.147,-16.345,1440.36
blend,1790489839.02,3.335,-16.344,1440.45
blend,1790489839.53,3.523,-16.342,1440.48
blend,1790489840.00,3.701,-16.341,1440.54
blend,1790489840.52,3.890,-16.339,1440.58
blend,1790489841.01,4.072,-16.336,1440.64
blend,1790489841.52,4.259,-16.334,1440.74
blend,1790489842.00,4.445,-16.331,1440.79
blend,1790489842.52,4.645,-16.328,1440.85
blend,1790489843.01,4.799,-16.325,1440.94
blend,1790489843.51,5.009,-16.320,1441.01
blend,1790489844.04,5.204,-16.317,1441.12
blend,1790489844.50,5.380,-16.314,1441.18
blend,1790489845.01,5.568,-16.309,1441.27
blend,1790489845.51,5.755,-16.305,1441.33
blend,1790489846.04,5.951,-16.300,1441.44
blend,1790489846.53,6.138,-16.295,1441.50
blend,1790489847.01,6.321,-16.289,1441.61
blend,1790489847.53,6.514,-16.284,1441.70
blend,1790489848.04,6.708,-16.278,1441.77
blend,1790489848.50,6.889,-16.272,1441.88
blend,1790489849.01,7.084,-16.265,1441.98
blend,1790489849.51,7.270,-16.259,1442.03
blend,1790489850.04,7.471,-16.252,1442.12
blend,1790489850.55,7.668,-16.244,1442.16
blend,1790489851.01,7.852,-16.237,1442.20
blend,1790489851.52,8.047,-16.229,1442.31
blend,1790489852.04,8.244,-16.221,1442.38
blend,1790489852.55,8.446,-16.213,1442.43
blend,1790489853.01,8.626,-16.205,1442.55
blend,1790489853.52,8.821,-16.196,1442.75
blend,1790489854.01,9.007,-16.176,1449.23
blend,1790489854.50,9.171,-16.120,1457.03
blend,1790489855.02,9.348,-16.063,1457.52
blend,1790489855.52,9.525,-16.006,1457.69
blend,1790489856.01,9.691,-15.953,1457.88
blend,1790489856.52,9.871,-15.894,1458.01
blend,1790489857.01,10.037,-15.840,1458.10
blend,1790489857.50,10.203,-15.786,1458.19
blend,1790489858.01,10.365,-15.733,1458.21
blend,1790489858.55,10.534,-15.677,1458.33
blend,1790489859.01,10.666,-15.633,1458.34
blend,1790489859.52,10.809,-15.587,1456.85
blend,1790489860.00,10.944,-15.561,1450.39
blend,1790489860.51,11.089,-15.546,1445.91
blend,1790489861.01,11.224,-15.537,1444.94
blend,1790489861.50,11.362,-15.526,1444.90
blend,1790489862.02,11.495,-15.514,1444.91
blend,1790489862.52,11.639,-15.502,1444.95
blend,1790489863.00,11.766,-15.491,1443.48
blend,1790489863.54,11.899,-15.496,1434.88
blend,1790489864.00,12.012,-15.528,1426.78
blend,1790489864.52,12.164,-15.567,1426.75
blend,1790489865.01,12.349,-15.609,1426.74
blend,1790489865.51,12.498,-15.645,1426.71
blend,1790489866.01,12.676,-15.686,1426.84
blend,1790489866.51,12.844,-15.726,1426.86
blend,1790489867.00,13.025,-15.767,1426.92
blend,1790489867.52,13.202,-15.807,1427.80
blend,1790489868.01,13.352,-15.815,1434.50
blend,1790489868.51,13.494,-15.819,1437.17
blend,1790489869.01,13.623,-15.821,1440.51
blend,1790489869.50,13.749,-15.806,1445.47
blend,1790489870.04,13.853,-15.781,1450.97
blend,1790489870.51,13.950,-15.749,1455.90
blend,1790489871.00,14.056,-15.703,1460.90
blend,1790489871.51,14.157,-15.648,1466.10
blend,1790489872.01,14.249,-15.586,1471.05
blend,1790489872.52,14.326,-15.523,1476.38
blend,1790489873.00,14.389,-15.459,1481.76
blend,1790489873.50,14.443,-15.397,1487.39
blend,1790489874.01,14.508,-15.301,1493.29
blend,1790489874.50,14.537,-15.247,1499.14
blend,1790489875.01,14.590,-15.116,1505.92
blend,1790489875.51,14.607,-15.030,1513.54
blend,1790489876.02,14.615,-14.945,1521.72
blend,1790489876.51,14.621,-14.826,1529.78
blend,1790489877.01,14.608,-14.725,1535.27
blend,1790489877.52,14.596,-14.624,1535.64
blend,1790489878.01,14.587,-14.527,1535.74
blend,1790489878.51,14.577,-14.426,1535.84
blend,1790489879.02,14.565,-14.309,1535.91
blend,1790489879.52,14.553,-14.198,1535.96
blend,1790489880.04,14.541,-14.089,1536.07
blend,1790489880.50,14.531,-13.992,1536.11
blend,1790489881.02,14.519,-13.883,1536.14
blend,1790489881.51,14.508,-13.783,1536.24
blend,1790489882.00,14.494,-13.661,1536.26
blend,1790489882.52,14.479,-13.528,1536.37
blend,1790489883.01,14.466,-13.408,1536.38
blend,1790489883.50,14.453,-13.294,1536.40
blend,1790489884.00,14.438,-13.162,1536.49
blend,1790489884.50,14.423,-13.031,1536.56
blend,1790489885.01,14.406,-12.880,1536.63
blend,1790489885.53,14.389,-12.735,1536.65
blend,1790489886.01,14.372,-12.595,1536.68
blend,1790489886.52,14.354,-12.445,1536.73
blend,1790489887.01,14.337,-12.306,1536.81
blend,1790489887.50,14.320,-12.164,1536.86
blend,1790489888.01,14.303,-12.022,1536.92
blend,1790489888.53,14.284,-11.874,1537.04
blend,1790489889.01,14.267,-11.732,1537.09
blend,1790489889.51,14.248,-11.583,1537.17
blend,1790489890.03,14.230,-11.440,1537.25
blend,1790489890.51,14.211,-11.295,1537.24
blend,1790489891.01,14.196,-11.172,1537.31
blend,1790489891.53,14.182,-11.061,1536.93
blend,1790489892.04,14.176,-10.947,1531.48
blend,1790489892.51,14.178,-10.844,1530.10
blend,1790489893.03,14.178,-10.677,1529.99
blend,1790489893.55,14.178,-10.477,1529.98
blend,1790489894.02,14.178,-10.308,1530.03
blend,1790489894.51,14.178,-10.134,1530.01
blend,1790489895.00,14.178,-9.969,1530.11
blend,1790489895.52,14.177,-9.796,1530.15
blend,1790489896.04,14.177,-9.622,1530.21
blend,1790489896.50,14.176,-9.459,1530.27
blend,1790489897.02,14.175,-9.287,1530.30
blend,1790489897.53,14.174,-9.126,1530.40
blend,1790489898.00,14.173,-8.959,1530.45
blend,1790489898.54,14.171,-8.787,1530.50
blend,1790489899.03,14.170,-8.611,1530.56
blend,1790489899.51,14.168,-8.451,1530.62
blend,1790489900.02,14.166,-8.277,1530.68
blend,1790489900.53,14.164,-8.101,1530.76
blend,1790489901.00,14.161,-7.953,1530.80
blend,1790489901.52,14.159,-7.789,1530.84
blend,1790489902.04,14.156,-7.626,1530.90
blend,1790489902.50,14.154,-7.495,1530.97
blend,1790489903.02,14.151,-7.344,1530.96
blend,1790489903.54,14.149,-7.193,1531.03
blend,1790489904.00,14.146,-7.066,1531.09
blend,1790489904.52,14.143,-6.916,1531.13
blend,1790489905.04,14.140,-6.775,1531.18
blend,1790489905.50,14.137,-6.641,1531.23
blend,1790489906.02,14.134,-6.494,1531.30
blend,1790489906.54,14.131,-6.349,1531.33
blend,1790489907.01,14.128,-6.218,1531.42
blend,1790489907.52,14.124,-6.075,1531.48
blend,1790489908.04,14.122,-5.928,1530.41
blend,1790489908.50,14.122,-5.799,1529.94
blend,1790489909.02,14.123,-5.653,1529.87
blend,1790489909.54,14.123,-5.501,1529.82
blend,1790489910.01,14.123,-5.354,1529.86
blend,1790489910.52,14.123,-5.195,1529.90
blend,1790489911.01,14.124,-5.032,1529.93
blend,1790489911.51,14.124,-4.868,1529.96
blend,1790489912.02,14.123,-4.705,1530.02
blend,1790489912.52,14.123,-4.566,1530.12
blend,1790489913.01,14.123,-4.405,1530.18
blend,1790489913.53,14.122,-4.247,1530.21
blend,1790489914.02,14.121,-4.096,1530.28
blend,1790489914.51,14.121,-3.947,1530.35
blend,1790489915.02,14.119,-3.787,1530.41
blend,1790489915.51,14.118,-3.653,1530.44
blend,1790489916.01,14.117,-3.486,1530.51
blend,1790489916.53,14.115,-3.322,1530.52
blend,1790489917.00,14.114,-3.180,1530.59
blend,1790489917.50,14.112,-3.022,1530.65
blend,1790489918.03,14.110,-2.869,1530.70
blend,1790489918.51,14.108,-2.713,1530.80
blend,1790489919.01,14.105,-2.553,1530.84
blend,1790489919.53,14.103,-2.398,1530.88
blend,1790489920.01,14.100,-2.256,1530.94
blend,1790489920.51,14.098,-2.096,1531.01
blend,1790489921.03,14.094,-1.937,1531.07
blend,1790489921.52,14.091,-1.780,1531.15
blend,1790489922.01,14.088,-1.624,1531.16
blend,1790489922.50,14.084,-1.464,1531.23
blend,1790489923.01,14.081,-1.303,1531.27
blend,1790489923.51,14.077,-1.171,1531.39
blend,1790489924.00,14.074,-0.991,1531.45
blend,1790489924.52,14.070,-0.853,1531.48
blend,1790489925.01,14.066,-0.722,1531.55
blend,1790489925.52,14.061,-0.565,1531.61
blend,1790489926.01,14.058,-0.434,1531.65
blend,1790489926.50,14.057,-0.423,1531.59
blend,1790489927.01,14.057,-0.425,1531.60
blend,1790489927.52,14.057,-0.408,1531.60
blend,1790489928.01,14.056,-0.394,1531.59
blend,1790489928.54,14.057,-0.407,1531.59
blend,1790489929.00,14.056,-0.384,1531.55
blend,1790489929.51,14.056,-0.401,1531.55
blend,1790489930.02,14.057,-0.406,1531.54
blend,1790489930.51,14.056,-0.395,1531.53
blend,1790489931.00,14.056,-0.398,1531.53
blend,1790489931.51,14.057,-0.403,1531.53
blend,1790489932.01,14.057,-0.419,1531.54
blend,1790489932.52,14.057,-0.404,1531.54
blend,1790489933.02,14.056,-0.389,1531.54
blend,1790489933.51,14.057,-0.407,1531.54
blend,1790489934.01,14.057,-0.411,1531.53
blend,1790489934.51,14.056,-0.405,1531.52
blend,1790489935.00,14.056,-0.402,1531.53
blend,1790489935.52,14.056,-0.408,1531.52
blend,1790489936.01,14.056,-0.395,1531.52
blend,1790489936.52,14.056,-0.395,1531.52
blend,1790489937.01,14.056,-0.398,1531.52
blend,1790489937.50,14.056,-0.390,1531.52
blend,1790489938.01,14.055,-0.350,1531.51
blend,1790489938.50,14.055,-0.370,1531.52
blend,1790489939.03,14.055,-0.362,1531.53
blend,1790489939.50,14.055,-0.362,1531.52
blend,1790489940.02,14.055,-0.362,1531.53
blend,1790489940.53,14.055,-0.360,1531.52
blend,1790489941.01,14.055,-0.360,1531.53
blend,1790489941.52,14.055,-0.363,1531.54
blend,1790489942.03,14.055,-0.361,1531.54
blend,1790489942.56,14.055,-0.360,1531.54
blend,1790489943.02,14.055,-0.357,1531.54
blend,1790489943.50,14.055,-0.359,1531.55
blend,1790489944.05,14.055,-0.360,1531.57
blend,1790489944.52,14.055,-0.360,1531.57
blend,1790489945.03,14.055,-0.357,1531.56
blend,1790489945.51,14.055,-0.357,1531.56
blend,1790489946.01,14.055,-0.358,1531.57
blend,1790489946.53,14.055,-0.354,1531.56
blend,1790489947.06,14.055,-0.355,1533.53
blend,1790489947.51,14.054,-0.352,1542.87
blend,1790489948.03,14.051,-0.348,1553.57
blend,1790489948.50,14.051,-0.350,1563.41
blend,1790489949.01,14.043,-0.343,1574.31
blend,1790489949.52,14.039,-0.340,1585.28
blend,1790489950.04,14.024,-0.334,1596.64
blend,1790489950.51,14.008,-0.330,1606.66
blend,1790489951.02,13.992,-0.330,1617.73
blend,1790489951.54,13.971,-0.333,1620.21
blend,1790489952.05,13.972,-0.333,1620.19
blend,1790489952.51,13.972,-0.333,1620.18
blend,1790489953.02,13.972,-0.333,1620.17
blend,1790489953.53,13.972,-0.333,1620.17
blend,1790489954.02,13.972,-0.333,1620.16
blend,1790489954.50,13.971,-0.333,1620.34
blend,1790489955.02,13.829,-0.333,1620.41
blend,1790489955.53,13.656,-0.335,1620.49
blend,1790489956.04,13.488,-0.337,1620.65
blend,1790489956.50,13.344,-0.339,1620.73
blend,1790489957.01,13.177,-0.341,1620.82
blend,1790489957.53,13.012,-0.344,1620.94
blend,1790489958.04,12.853,-0.347,1621.02
blend,1790489958.50,12.712,-0.349,1621.10
blend,1790489959.01,12.550,-0.353,1621.16
blend,1790489959.53,12.386,-0.356,1621.27
blend,1790489960.04,12.225,-0.360,1621.37
blend,1790489960.51,12.071,-0.364,1621.41
blend,1790489961.01,11.906,-0.368,1621.47
blend,1790489961.52,11.738,-0.372,1621.53
blend,1790489962.04,11.569,-0.377,1621.58
blend,1790489962.51,11.414,-0.382,1621.71
blend,1790489963.01,11.251,-0.385,1619.76
blend,1790489963.53,11.106,-0.377,1616.53
blend,1790489964.02,10.918,-0.365,1616.45
blend,1790489964.51,10.724,-0.353,1616.43
blend,1790489965.03,10.515,-0.340,1616.46
blend,1790489965.50,10.333,-0.329,1616.53
blend,1790489966.01,10.127,-0.316,1616.58
blend,1790489966.53,9.926,-0.305,1616.65
blend,1790489967.00,9.743,-0.294,1616.72
blend,1790489967.52,9.539,-0.283,1616.80
blend,1790489968.04,9.333,-0.271,1616.85
blend,1790489968.51,9.157,-0.262,1616.92
blend,1790489969.02,8.946,-0.251,1617.01
blend,1790489969.54,8.740,-0.240,1617.08
blend,1790489970.01,8.552,-0.231,1617.14
blend,1790489970.52,8.352,-0.225,1619.63
blend,1790489971.04,8.152,-0.225,1619.94
blend,1790489971.51,7.962,-0.225,1620.05
blend,1790489972.01,7.769,-0.226,1620.22
blend,1790489972.52,7.574,-0.227,1620.32
blend,1790489973.03,7.376,-0.228,1620.41
blend,1790489973.50,7.197,-0.229,1620.51
blend,1790489974.01,6.999,-0.231,1620.59
blend,1790489974.52,6.799,-0.233,1620.67
blend,1790489975.03,6.601,-0.236,1620.78
blend,1790489975.55,6.401,-0.239,1620.89
blend,1790489976.01,6.220,-0.242,1620.93
blend,1790489976.52,6.026,-0.245,1621.04
blend,1790489977.03,5.823,-0.249,1621.12
blend,1790489977.51,5.646,-0.253,1621.18
blend,1790489978.01,5.457,-0.257,1621.31
blend,1790489978.52,5.259,-0.261,1621.40
blend,1790489979.03,5.066,-0.266,1621.46
blend,1790489979.54,4.872,-0.271,1621.65
blend,1790489980.00,4.697,-0.276,1621.67
blend,1790489980.52,4.494,-0.283,1621.77
blend,1790489981.03,4.293,-0.289,1621.90
blend,1790489981.54,4.099,-0.296,1621.96
blend,1790489982.00,3.926,-0.302,1622.06
blend,1790489982.51,3.732,-0.309,1622.08
blend,1790489983.03,3.537,-0.316,1622.13
blend,1790489983.50,3.355,-0.323,1622.27
blend,1790489984.00,3.160,-0.331,1622.31
blend,1790489984.51,2.971,-0.339,1622.36
blend,1790489985.03,2.775,-0.347,1622.49
blend,1790489985.54,2.579,-0.356,1622.58
blend,1790489986.00,2.396,-0.364,1622.64
blend,1790489986.51,2.199,-0.374,1622.73
blend,1790489987.02,1.997,-0.384,1622.80
blend,1790489987.54,1.807,-0.393,1622.89
blend,1790489988.01,1.627,-0.403,1622.98
blend,1790489988.51,1.435,-0.413,1623.04
blend,1790489989.02,1.244,-0.423,1623.18
blend,1790489989.54,1.048,-0.434,1623.26
blend,1790489990.06,0.839,-0.446,1623.34
blend,1790489990.51,0.665,-0.457,1623.40
blend,1790489991.02,0.467,-0.469,1623.50
blend,1790489991.54,0.271,-0.481,1623.59
blend,1790489992.01,0.083,-0.493,1623.66
blend,1790489992.51,-0.117,-0.506,1623.78
blend,1790489993.02,-0.314,-0.519,1623.82
blend,1790489993.53,-0.505,-0.532,1623.86
blend,1790489994.01,-0.683,-0.545,1623.97
blend,1790489994.51,-0.862,-0.557,1624.01
blend,1790489995.02,-1.047,-0.570,1624.09
blend,1790489995.53,-1.228,-0.583,1624.15
blend,1790489996.04,-1.395,-0.596,1624.19
blend,1790489996.50,-1.494,-0.603,1624.25
blend,1790489997.02,-1.482,-0.602,1624.24
blend,1790489997.53,-1.481,-0.602,1624.23
blend,1790489998.04,-1.480,-0.602,1624.24
blend,1790489998.51,-1.478,-0.602,1624.23
blend,1790489999.01,-1.477,-0.602,1624.24
blend,1790489999.52,-1.477,-0.602,1624.24
blend,1790490000.03,-1.476,-0.602,1624.24
blend,1790490000.50,-1.476,-0.602,1624.24
blend,1790490001.01,-1.478,-0.602,1624.24
blend,1790490001.52,-1.478,-0.602,1624.23
blend,1790490002.03,-1.477,-0.602,1624.25
blend,1790490002.54,-1.476,-0.602,1624.24
blend,1790490003.00,-1.478,-0.602,1624.24
blend,1790490003.52,-1.477,-0.602,1624.25
blend,1790490004.03,-1.477,-0.602,1624.23
blend,1790490004.54,-1.478,-0.602,1624.25
blend,1790490005.00,-1.474,-0.602,1624.25
blend,1790490005.51,-1.475,-0.602,1624.25
blend,1790490006.02,-1.473,-0.601,1624.25
blend,1790490006.54,-1.470,-0.601,1624.25
blend,1790490007.01,-1.472,-0.601,1624.25
blend,1790490007.51,-1.471,-0.601,1624.24
blend,1790490008.02,-1.471,-0.601,1624.23
blend,1790490008.53,-1.471,-0.601,1624.24
blend,1790490009.01,-1.471,-0.601,1624.25
blend,1790490009.50,-1.472,-0.601,1624.25
blend,1790490010.02,-1.470,-0.601,1624.25
blend,1790490010.53,-1.470,-0.601,1624.27
blend,1790490011.04,-1.468,-0.601,1624.27
blend,1790490011.50,-1.467,-0.601,1624.28
blend,1790490012.01,-1.466,-0.601,1624.27
blend,1790490012.52,-1.466,-0.601,1624.28
blend,1790490013.04,-1.465,-0.601,1624.28
blend,1790490013.52,-1.466,-0.601,1624.27
blend,1790490014.01,-1.466,-0.601,1624.28
blend,1790490014.52,-1.468,-0.601,1624.27
blend,1790490015.03,-1.467,-0.601,1624.28
blend,1790490015.50,-1.467,-0.601,1624.28
blend,1790490016.00,-1.465,-0.601,1624.29
blend,1790490016.52,-1.462,-0.601,1624.29
blend,1790490017.03,-1.463,-0.601,1624.28
blend,1790490017.54,-1.464,-0.601,1624.28
blend,1790490018.00,-1.464,-0.601,1624.27
blend,1790490018.51,-1.464,-0.601,1624.27
blend,1790490019.02,-1.464,-0.601,1624.27
blend,1790490019.53,-1.464,-0.601,1624.26
blend,1790490020.01,-1.466,-0.601,1624.25
blend,1790490020.51,-1.465,-0.601,1624.26
blend,1790490021.02,-1.463,-0.601,1624.27
blend,1790490021.53,-1.467,-0.601,1624.27
blend,1790490022.04,-1.467,-0.601,1624.29
blend,1790490022.50,-1.468,-0.601,1624.30
blend,1790490023.02,-1.468,-0.601,1624.30
blend,1790490023.53,-1.466,-0.601,1624.30
blend,1790490024.04,-1.467,-0.601,1624.30
blend,1790490024.51,-1.467,-0.601,1624.30
blend,1790490025.01,-1.468,-0.601,1624.31
blend,1790490025.52,-1.470,-0.601,1624.32
blend,1790490026.03,-1.470,-0.601,1624.32
blend,1790490026.52,-1.471,-0.601,1624.32
blend,1790490027.01,-1.470,-0.601,1624.33
blend,1790490027.52,-1.469,-0.601,1624.33
blend,1790490028.03,-1.469,-0.601,1624.34
blend,1790490028.54,-1.467,-0.601,1624.35
blend,1790490029.00,-1.468,-0.601,1624.35
blend,1790490029.51,-1.468,-0.601,1624.35
blend,1790490030.02,-1.472,-0.601,1624.35
blend,1790490030.54,-1.472,-0.601,1624.34
blend,1790490031.05,-1.470,-0.601,1624.35
blend,1790490031.51,-1.470,-0.601,1624.35
blend,1790490032.02,-1.470,-0.601,1624.35
blend,1790490032.53,-1.471,-0.601,1624.36
blend,1790490033.01,-1.471,-0.601,1624.36
blend,1790490033.51,-1.474,-0.601,1624.36
blend,1790490034.02,-1.474,-0.601,1624.36
blend,1790490034.53,-1.472,-0.601,1624.35
blend,1790490035.04,-1.473,-0.601,1624.34
blend,1790490035.50,-1.473,-0.601,1624.36
blend,1790490036.01,-1.471,-0.601,1624.36
blend,1790490036.52,-1.471,-0.601,1624.36
blend,1790490037.04,-1.472,-0.601,1624.37
blend,1790490037.55,-1.470,-0.601,1624.36
blend,1790490038.01,-1.472,-0.601,1627.76
blend,1790490038.52,-1.485,-0.607,1640.89
blend,1790490039.03,-1.505,-0.623,1654.72
blend,1790490039.54,-1.514,-0.635,1668.45
blend,1790490040.01,-1.521,-0.649,1680.74
blend,1790490040.51,-1.521,-0.651,1694.39
blend,1790490041.02,-1.521,-0.658,1708.47
blend,1790490041.54,-1.520,-0.665,1709.16
blend,1790490042.01,-1.520,-0.666,1709.17
blend,1790490042.52,-1.520,-0.668,1709.18
blend,1790490043.04,-1.520,-0.664,1709.19
blend,1790490043.51,-1.520,-0.663,1709.19
blend,1790490044.02,-1.520,-0.673,1709.18
blend,1790490044.51,-1.520,-0.673,1709.17
blend,1790490045.01,-1.520,-0.673,1709.17
blend,1790490045.53,-1.520,-0.674,1709.16
blend,1790490046.04,-1.520,-0.671,1709.17
blend,1790490046.51,-1.520,-0.672,1709.16
blend,1790490047.03,-1.520,-0.669,1709.15
blend,1790490047.51,-1.520,-0.671,1709.16
blend,1790490048.01,-1.520,-0.668,1709.16
blend,1790490048.53,-1.520,-0.665,1709.15
blend,1790490049.05,-1.520,-0.663,1709.15
blend,1790490049.51,-1.520,-0.664,1709.15
blend,1790490050.03,-1.520,-0.666,1709.16
blend,1790490050.56,-1.520,-0.666,1709.15
blend,1790490051.01,-1.520,-0.666,1709.15
blend,1790490051.53,-1.520,-0.666,1709.15
blend,1790490052.05,-1.520,-0.664,1709.14
blend,1790490052.52,-1.520,-0.664,1709.14
blend,1790490053.03,-1.520,-0.660,1709.12
blend,1790490053.55,-1.520,-0.655,1709.14
blend,1790490054.02,-1.520,-0.654,1709.15
blend,1790490054.54,-1.520,-0.655,1709.16
blend,1790490055.00,-1.520,-0.653,1709.15
blend,1790490055.52,-1.520,-0.654,1709.14
blend,1790490056.06,-1.520,-0.656,1709.13
blend,1790490056.50,-1.520,-0.656,1709.14
blend,1790490057.02,-1.520,-0.656,1709.14
blend,1790490057.54,-1.520,-0.657,1709.13
blend,1790490058.01,-1.520,-0.657,1709.14
blend,1790490058.52,-1.520,-0.661,1709.14
blend,1790490059.04,-1.520,-0.665,1709.13
blend,1790490059.51,-1.520,-0.664,1709.12
blend,1790490060.02,-1.520,-0.662,1709.12
blend,1790490060.54,-1.520,-0.661,1709.12
blend,1790490061.01,-1.520,-0.663,1709.11
blend,1790490061.53,-1.520,-0.663,1709.11
blend,1790490062.04,-1.520,-0.661,1709.09
blend,1790490062.51,-1.520,-0.662,1709.10
blend,1790490063.03,-1.520,-0.665,1709.10
blend,1790490063.51,-1.520,-0.664,1709.11
blend,1790490064.01,-1.520,-0.665,1709.12
blend,1790490064.53,-1.520,-0.668,1709.11
blend,1790490065.05,-1.520,-0.666,1709.10
blend,1790490065.51,-1.520,-0.668,1709.10
blend,1790490066.03,-1.520,-0.669,1709.10
blend,1790490066.55,-1.520,-0.667,1709.08
blend,1790490067.01,-1.520,-0.672,1709.09
blend,1790490067.53,-1.520,-0.671,1709.09
blend,1790490068.01,-1.520,-0.673,1709.09
blend,1790490068.51,-1.520,-0.671,1709.11
blend,1790490069.03,-1.520,-0.668,1709.11
blend,1790490069.51,-1.520,-0.666,1709.12
blend,1790490070.02,-1.520,-0.665,1709.11
blend,1790490070.53,-1.520,-0.664,1709.11
blend,1790490071.00,-1.520,-0.664,1709.11
blend,1790490071.52,-1.520,-0.663,1709.10
blend,1790490072.02,-1.520,-0.664,1709.11
blend,1790490072.50,-1.520,-0.666,1709.10
blend,1790490073.02,-1.520,-0.666,1709.10
blend,1790490073.54,-1.520,-0.665,1709.09
blend,1790490074.00,-1.520,-0.665,1709.09
blend,1790490074.52,-1.520,-0.666,1709.09
blend,1790490075.04,-1.520,-0.665,1709.08
blend,1790490075.50,-1.520,-0.665,1709.08
blend,1790490076.02,-1.520,-0.665,1709.07
blend,1790490076.54,-1.520,-0.663,1709.08
blend,1790490077.01,-1.520,-0.663,1709.08
blend,1790490077.52,-1.520,-0.663,1709.08
blend,1790490078.04,-1.520,-0.666,1709.07
blend,1790490078.51,-1.520,-0.664,1709.08
blend,1790490079.03,-1.520,-0.665,1709.08
blend,1790490079.51,-1.520,-0.667,1709.08
blend,1790490080.01,-1.520,-0.666,1709.09
blend,1790490080.53,-1.520,-0.666,1709.09
blend,1790490081.01,-1.520,-0.666,1709.10
blend,1790490081.51,-1.520,-0.665,1709.11
blend,1790490082.03,-1.520,-0.664,1709.10
blend,1790490082.51,-1.520,-0.666,1709.12
blend,1790490083.01,-1.520,-0.666,1709.13
blend,1790490083.53,-1.520,-0.664,1709.13
blend,1790490084.02,-1.520,-0.662,1709.13
blend,1790490084.51,-1.520,-0.668,1709.13
blend,1790490085.03,-1.520,-0.669,1709.13
blend,1790490085.51,-1.520,-0.669,1709.12
blend,1790490086.01,-1.520,-0.673,1709.12
blend,1790490086.53,-1.520,-0.674,1709.11
blend,1790490087.00,-1.520,-0.676,1709.11
blend,1790490087.52,-1.520,-0.674,1709.11
blend,1790490088.03,-1.520,-0.674,1709.10
blend,1790490088.50,-1.520,-0.674,1709.11
blend,1790490089.02,-1.520,-0.672,1709.11
blend,1790490089.53,-1.520,-0.673,1709.10
blend,1790490090.00,-1.520,-0.673,1709.09
blend,1790490090.52,-1.520,-0.672,1709.08
blend,1790490091.04,-1.520,-0.673,1709.08
blend,1790490091.50,-1.520,-0.673,1709.08
blend,1790490092.02,-1.520,-0.673,1709.07
blend,1790490092.54,-1.520,-0.673,1709.07
blend,1790490093.00,-1.520,-0.673,1709.08
blend,1790490093.52,-1.520,-0.672,1709.08
blend,1790490094.04,-1.520,-0.673,1709.08
blend,1790490094.51,-1.520,-0.673,1709.09
blend,1790490095.02,-1.520,-0.672,1709.10
blend,1790490095.54,-1.520,-0.675,1709.11
blend,1790490096.01,-1.520,-0.674,1709.12
blend,1790490096.53,-1.520,-0.676,1709.12
blend,1790490097.01,-1.520,-0.677,1709.11
blend,1790490097.51,-1.520,-0.676,1709.11
blend,1790490098.03,-1.520,-0.679,1709.12
blend,1790490098.54,-1.520,-0.679,1709.13
blend,1790490099.01,-1.520,-0.679,1709.13
blend,1790490099.53,-1.520,-0.681,1709.13
blend,1790490100.00,-1.520,-0.680,1709.13
blend,1790490100.51,-1.520,-0.677,1709.13
blend,1790490101.03,-1.520,-0.678,1709.13
blend,1790490101.55,-1.520,-0.679,1709.13
blend,1790490102.01,-1.520,-0.679,1709.14
blend,1790490102.53,-1.520,-0.680,1709.14
blend,1790490103.05,-1.520,-0.679,1709.15
blend,1790490103.52,-1.520,-0.679,1709.14
blend,1790490104.03,-1.520,-0.680,1709.15
blend,1790490104.55,-1.520,-0.680,1709.15
blend,1790490105.02,-1.520,-0.681,1709.15
blend,1790490105.54,-1.520,-0.679,1709.16
blend,1790490106.00,-1.520,-0.679,1709.16
blend,1790490106.52,-1.520,-0.677,1709.16
blend,1790490107.04,-1.520,-0.678,1709.15
blend,1790490107.50,-1.520,-0.678,1709.14
blend,1790490108.02,-1.520,-0.677,1709.15
blend,1790490108.54,-1.520,-0.676,1709.14
blend,1790490109.01,-1.520,-0.676,1709.14
blend,1790490109.52,-1.520,-0.675,1709.14
blend,1790490110.04,-1.520,-0.675,1709.14
blend,1790490110.51,-1.520,-0.676,1709.14
blend,1790490111.03,-1.520,-0.675,1709.14
blend,1790490111.50,-1.520,-0.675,1709.13
blend,1790490112.01,-1.520,-0.675,1709.12
blend,1790490112.53,-1.520,-0.675,1709.12
blend,1790490113.00,-1.520,-0.676,1709.12
blend,1790490113.51,-1.520,-0.676,1709.11
blend,1790490114.03,-1.520,-0.676,1709.11
blend,1790490114.55,-1.520,-0.677,1709.10
blend,1790490115.01,-1.520,-0.675,1709.11
blend,1790490115.53,-1.520,-0.674,1709.11
blend,1790490116.01,-1.520,-0.675,1709.12
blend,1790490116.52,-1.520,-0.672,1709.12
blend,1790490117.03,-1.520,-0.671,1709.11
blend,1790490117.51,-1.520,-0.670,1709.11
blend,1790490118.02,-1.520,-0.672,1709.11
blend,1790490118.54,-1.520,-0.672,1709.11
blend,1790490119.00,-1.520,-0.671,1709.11
blend,1790490119.52,-1.520,-0.671,1709.11
blend,1790490120.04,-1.520,-0.670,1709.12
blend,1790490120.50,-1.520,-0.672,1709.12
blend,1790490121.02,-1.520,-0.672,1709.13
blend,1790490121.54,-1.520,-0.671,1709.13
blend,1790490122.00,-1.520,-0.671,1709.12
blend,1790490122.52,-1.520,-0.671,1709.11
blend,1790490123.00,-1.520,-0.673,1709.11
blend,1790490123.51,-1.520,-0.672,1709.10
blend,1790490124.02,-1.520,-0.672,1709.11
blend,1790490124.54,-1.520,-0.672,1709.10
blend,1790490125.01,-1.520,-0.670,1709.09
blend,1790490125.53,-1.520,-0.669,1709.08
blend,1790490126.04,-1.520,-0.669,1709.09
blend,1790490126.51,-1.520,-0.669,1709.08
blend,1790490127.03,-1.520,-0.668,1709.10
blend,1790490127.51,-1.520,-0.667,1709.09
blend,1790490128.01,-1.520,-0.667,1709.10
blend,1790490128.53,-1.520,-0.667,1709.09
blend,1790490129.01,-1.520,-0.668,1709.10
blend,1790490129.51,-1.520,-0.666,1709.10
blend,1790490130.03,-1.520,-0.666,1709.10
blend,1790490130.55,-1.520,-0.666,1709.11
blend,1790490131.01,-1.520,-0.667,1709.11
blend,1790490131.53,-1.520,-0.667,1709.11
blend,1790490132.00,-1.520,-0.666,1709.12
blend,1790490132.51,-1.520,-0.666,1709.12
blend,1790490133.03,-1.520,-0.667,1709.12
blend,1790490133.52,-1.520,-0.669,1709.11
blend,1790490134.02,-1.520,-0.668,1709.11
blend,1790490134.53,-1.520,-0.668,1709.11
blend,1790490135.01,-1.520,-0.669,1709.11
blend,1790490135.52,-1.520,-0.670,1709.11
blend,1790490136.03,-1.520,-0.671,1709.12
blend,1790490136.50,-1.520,-0.671,1709.12
blend,1790490137.02,-1.520,-0.670,1709.12
blend,1790490137.54,-1.520,-0.672,1709.13
blend,1790490138.00,-1.520,-0.671,1709.13
blend,1790490138.52,-1.520,-0.671,1709.12
blend,1790490139.04,-1.520,-0.671,1709.13
blend,1790490139.50,-1.520,-0.672,1709.12
blend,1790490140.02,-1.520,-0.673,1709.12
blend,1790490140.54,-1.520,-0.673,1709.12
blend,1790490141.00,-1.520,-0.671,1709.11
blend,1790490141.52,-1.520,-0.671,1709.11
blend,1790490142.04,-1.520,-0.671,1709.12
blend,1790490142.51,-1.520,-0.671,1709.12
blend,1790490143.03,-1.520,-0.671,1709.12
blend,1790490143.54,-1.520,-0.671,1709.12
blend,1790490144.01,-1.520,-0.671,1709.12
blend,1790490144.53,-1.520,-0.671,1709.12
blend,1790490145.01,-1.520,-0.670,1709.12
blend,1790490145.51,-1.520,-0.669,1709.13
blend,1790490146.03,-1.520,-0.670,1709.14
blend,1790490146.51,-1.520,-0.670,1709.14
blend,1790490147.01,-1.520,-0.669,1709.14
blend,1790490147.53,-1.520,-0.670,1709.14
blend,1790490148.05,-1.520,-0.669,1709.14
blend,1790490148.51,-1.520,-0.669,1709.13
blend,1790490149.03,-1.520,-0.670,1709.13
blend,1790490149.51,-1.520,-0.670,1709.12
blend,1790490150.02,-1.520,-0.670,1709.13
blend,1790490150.53,-1.520,-0.671,1709.13
blend,1790490151.00,-1.520,-0.671,1709.13
blend,1790490151.52,-1.520,-0.671,1709.14
blend,1790490152.04,-1.520,-0.671,1709.14
blend,1790490152.50,-1.520,-0.672,1709.14
blend,1790490153.02,-1.520,-0.673,1709.14
blend,1790490153.54,-1.520,-0.673,1709.13
blend,1790490154.00,-1.520,-0.673,1709.13
blend,1790490154.52,-1.521,-0.738,1709.36
blend,1790490155.04,-1.523,-0.952,1709.52
blend,1790490155.51,-1.524,-1.135,1709.64
blend,1790490156.03,-1.525,-1.343,1709.75
blend,1790490156.51,-1.526,-1.532,1709.81
blend,1790490157.01,-1.526,-1.731,1709.89
blend,1790490157.53,-1.526,-1.942,1710.00
blend,1790490158.02,-1.526,-2.135,1710.09
blend,1790490158.52,-1.526,-2.330,1710.19
blend,1790490159.03,-1.525,-2.537,1710.25
blend,1790490159.52,-1.524,-2.731,1710.33
blend,1790490160.02,-1.522,-2.932,1710.40
blend,1790490160.54,-1.521,-3.137,1710.44
blend,1790490161.01,-1.519,-3.319,1710.55
blend,1790490161.52,-1.517,-3.527,1710.61
blend,1790490162.01,-1.515,-3.716,1710.68
blend,1790490162.51,-1.512,-3.914,1710.79
blend,1790490163.01,-1.510,-4.114,1710.87
blend,1790490163.55,-1.506,-4.325,1710.96
blend,1790490164.02,-1.503,-4.513,1711.03
blend,1790490164.54,-1.499,-4.713,1711.13
blend,1790490165.00,-1.495,-4.892,1711.22
blend,1790490165.52,-1.491,-5.098,1711.32
blend,1790490166.04,-1.486,-5.296,1711.36
blend,1790490166.51,-1.481,-5.476,1711.43
blend,1790490167.03,-1.476,-5.681,1711.54
blend,1790490167.50,-1.471,-5.856,1711.59
blend,1790490168.01,-1.465,-6.046,1711.69
blend,1790490168.53,-1.459,-6.243,1711.80
blend,1790490169.00,-1.453,-6.427,1711.87
blend,1790490169.52,-1.446,-6.629,1711.95
blend,1790490170.04,-1.438,-6.837,1712.03
blend,1790490170.51,-1.432,-7.008,1712.09
blend,1790490171.03,-1.425,-7.208,1712.13
blend,1790490171.51,-1.417,-7.399,1712.21
blend,1790490172.01,-1.410,-7.584,1712.29
blend,1790490172.53,-1.402,-7.775,1712.38
blend,1790490173.01,-1.394,-7.954,1712.50
blend,1790490173.51,-1.385,-8.147,1712.57
blend,1790490174.03,-1.376,-8.348,1712.66
blend,1790490174.51,-1.368,-8.521,1712.70
blend,1790490175.02,-1.358,-8.717,1712.78
blend,1790490175.54,-1.349,-8.913,1712.84
blend,1790490176.00,-1.340,-9.099,1712.88
blend,1790490176.52,-1.329,-9.296,1712.97
blend,1790490177.04,-1.318,-9.498,1713.08
blend,1790490177.51,-1.308,-9.680,1713.09
blend,1790490178.03,-1.297,-9.881,1713.18
blend,1790490178.55,-1.286,-10.077,1713.27
blend,1790490179.01,-1.277,-10.222,1713.32
blend,1790490179.53,-1.270,-10.342,1713.33
blend,1790490180.00,-1.266,-10.418,1713.35
blend,1790490180.52,-1.261,-10.501,1713.13
blend,1790490181.04,-1.260,-10.581,1710.87
blend,1790490181.51,-1.260,-10.641,1710.80
blend,1790490182.02,-1.258,-10.750,1710.77
blend,1790490182.56,-1.256,-10.870,1710.80
blend,1790490183.01,-1.255,-10.972,1710.76
blend,1790490183.53,-1.253,-11.097,1710.81
blend,1790490184.01,-1.252,-11.204,1710.86
blend,1790490184.51,-1.250,-11.324,1710.87
blend,1790490185.01,-1.248,-11.445,1710.94
blend,1790490185.51,-1.245,-11.581,1711.01
blend,1790490186.02,-1.243,-11.708,1711.04
blend,1790490186.53,-1.241,-11.842,1711.09
blend,1790490187.00,-1.238,-11.953,1711.07
blend,1790490187.52,-1.236,-12.089,1711.11
blend,1790490188.04,-1.233,-12.226,1711.17
blend,1790490188.50,-1.230,-12.350,1711.23
blend,1790490189.02,-1.227,-12.474,1711.27
blend,1790490189.51,-1.225,-12.595,1711.30
blend,1790490190.01,-1.222,-12.737,1711.32
blend,1790490190.51,-1.218,-12.860,1711.38
blend,1790490191.02,-1.215,-12.997,1711.45
blend,1790490191.54,-1.211,-13.160,1711.50
blend,1790490192.02,-1.207,-13.278,1711.57
blend,1790490192.51,-1.204,-13.409,1711.58
blend,1790490193.02,-1.199,-13.547,1711.70
blend,1790490193.51,-1.195,-13.702,1711.73
blend,1790490194.04,-1.191,-13.835,1711.76
blend,1790490194.51,-1.188,-13.941,1711.75
blend,1790490195.01,-1.183,-14.104,1711.80
blend,1790490195.50,-1.179,-14.222,1711.82
blend,1790490196.02,-1.175,-14.345,1711.87
blend,1790490196.53,-1.170,-14.489,1711.92
blend,1790490197.01,-1.168,-14.576,1711.89
blend,1790490197.52,-1.165,-14.701,1711.91
blend,1790490198.01,-1.163,-14.846,1711.88
blend,1790490198.52,-1.159,-14.920,1711.93
blend,1790490199.02,-1.152,-15.112,1712.02
blend,1790490199.50,-1.149,-15.219,1711.99
blend,1790490200.02,-1.146,-15.292,1711.95
blend,1790490200.51,-1.150,-15.352,1711.94
blend,1790490201.01,-1.147,-15.375,1711.94
blend,1790490201.51,-1.144,-15.476,1711.99
blend,1790490202.03,-1.144,-15.479,1711.98
blend,1790490202.51,-1.144,-15.479,1711.97
blend,1790490203.02,-1.144,-15.479,1711.97
blend,1790490203.54,-1.144,-15.479,1711.97
blend,1790490204.00,-1.144,-15.478,1715.18
blend,1790490204.52,-1.144,-15.479,1724.38
blend,1790490205.04,-1.144,-15.478,1733.68
blend,1790490205.50,-1.144,-15.478,1741.77
blend,1790490206.02,-1.136,-15.486,1750.68
blend,1790490206.53,-1.130,-15.491,1759.19
blend,1790490207.00,-1.129,-15.492,1767.02
blend,1790490207.51,-1.126,-15.493,1775.28
blend,1790490208.03,-1.127,-15.493,1783.72
blend,1790490208.50,-1.121,-15.494,1791.52
blend,1790490209.01,-1.113,-15.493,1800.14
blend,1790490209.52,-1.108,-15.493,1800.28
blend,1790490210.03,-1.109,-15.493,1800.27
blend,1790490210.50,-1.109,-15.493,1800.27
blend,1790490211.01,-1.109,-15.493,1800.26
blend,1790490211.52,-1.109,-15.493,1800.26
blend,1790490212.03,-1.107,-15.493,1800.25
blend,1790490212.54,-1.107,-15.493,1800.26
blend,1790490213.00,-1.103,-15.493,1800.29
blend,1790490213.51,-1.101,-15.493,1800.24
blend,1790490214.03,-1.100,-15.493,1800.25
blend,1790490214.54,-1.100,-15.493,1800.24
blend,1790490215.02,-1.100,-15.493,1800.35
blend,1790490215.50,-1.066,-15.493,1800.42
blend,1790490216.01,-0.999,-15.492,1800.47
blend,1790490216.51,-0.888,-15.491,1800.55
blend,1790490217.01,-0.774,-15.490,1800.68
blend,1790490217.51,-0.670,-15.488,1800.81
blend,1790490218.01,-0.543,-15.486,1800.81
blend,1790490218.50,-0.408,-15.484,1800.91
blend,1790490219.01,-0.248,-15.481,1800.97
blend,1790490219.51,-0.102,-15.479,1801.11
blend,1790490220.02,0.030,-15.475,1801.15
blend,1790490220.51,0.169,-15.473,1801.19
blend,1790490221.01,0.307,-15.469,1801.26
blend,1790490221.52,0.450,-15.466,1801.32
blend,1790490222.02,0.579,-15.463,1801.41
blend,1790490222.51,0.715,-15.460,1801.44
blend,1790490223.00,0.849,-15.456,1801.49
blend,1790490223.52,0.981,-15.452,1801.55
blend,1790490224.01,1.106,-15.449,1801.63
blend,1790490224.50,1.227,-15.445,1801.64
blend,1790490225.02,1.368,-15.441,1801.72
blend,1790490225.52,1.513,-15.436,1801.79
blend,1790490226.01,1.639,-15.432,1801.87
blend,1790490226.51,1.787,-15.427,1801.91
blend,1790490227.01,1.874,-15.424,1801.95
blend,1790490227.52,1.964,-15.421,1801.98
blend,1790490228.01,2.078,-15.416,1802.05
blend,1790490228.50,2.168,-15.413,1802.08
blend,1790490229.01,2.273,-15.410,1802.12
blend,1790490229.50,2.347,-15.407,1802.16
blend,1790490230.02,2.436,-15.403,1802.20
blend,1790490230.50,2.515,-15.400,1802.26
blend,1790490231.02,2.608,-15.397,1802.29
blend,1790490231.51,2.695,-15.393,1802.32
blend,1790490232.01,2.762,-15.390,1802.38
blend,1790490232.50,2.827,-15.387,1802.41
blend,1790490233.00,2.899,-15.384,1802.44
blend,1790490233.51,2.979,-15.381,1802.36
blend,1790490234.02,3.072,-15.379,1801.76
blend,1790490234.50,3.125,-15.378,1801.40
blend,1790490235.01,3.204,-15.376,1801.32
blend,1790490235.51,3.271,-15.374,1801.32
blend,1790490236.01,3.337,-15.373,1801.31
blend,1790490236.52,3.426,-15.371,1801.30
blend,1790490237.04,3.491,-15.369,1801.34
blend,1790490237.51,3.582,-15.367,1801.34
blend,1790490238.01,3.655,-15.365,1801.35
blend,1790490238.50,3.729,-15.364,1801.36
blend,1790490239.02,3.810,-15.362,1801.41
blend,1790490239.51,3.892,-15.360,1801.43
blend,1790490240.01,3.971,-15.358,1801.44
blend,1790490240.50,4.057,-15.356,1801.49
blend,1790490241.02,4.132,-15.353,1801.53
blend,1790490241.51,4.227,-15.351,1801.55
blend,1790490242.06,4.305,-15.349,1801.56
blend,1790490242.51,4.378,-15.347,1801.60
blend,1790490243.02,4.462,-15.344,1801.65
blend,1790490243.53,4.560,-15.341,1801.71
blend,1790490244.00,4.648,-15.339,1801.72
blend,1790490244.51,4.738,-15.336,1801.72
blend,1790490245.02,4.827,-15.333,1801.79
blend,1790490245.53,4.915,-15.331,1801.84
blend,1790490246.00,4.997,-15.328,1801.85
blend,1790490246.50,5.078,-15.325,1801.88
blend,1790490247.02,5.160,-15.322,1801.91
blend,1790490247.53,5.241,-15.320,1801.94
blend,1790490248.00,5.314,-15.317,1801.96
blend,1790490248.50,5.392,-15.315,1801.95
blend,1790490249.01,5.476,-15.312,1800.81
blend,1790490249.53,5.555,-15.313,1800.09
blend,1790490250.04,5.658,-15.313,1800.05
blend,1790490250.51,5.748,-15.313,1799.99
blend,1790490251.01,5.849,-15.313,1800.04
blend,1790490251.51,5.952,-15.313,1799.95
blend,1790490252.04,6.055,-15.313,1800.04
blend,1790490252.50,6.149,-15.313,1800.02
blend,1790490253.02,6.253,-15.313,1800.02
blend,1790490253.52,6.356,-15.313,1800.06
blend,1790490254.03,6.458,-15.313,1800.08
blend,1790490254.55,6.567,-15.312,1800.14
blend,1790490255.01,6.666,-15.312,1800.15
blend,1790490255.52,6.781,-15.311,1800.18
blend,1790490256.03,6.889,-15.311,1800.20
blend,1790490256.51,6.993,-15.311,1800.21
blend,1790490257.00,7.106,-15.310,1800.25
blend,1790490257.52,7.227,-15.310,1800.31
blend,1790490258.00,7.339,-15.309,1800.34
blend,1790490258.54,7.472,-15.308,1800.42
blend,1790490259.00,7.570,-15.307,1800.46
blend,1790490259.52,7.683,-15.306,1800.46
blend,1790490260.03,7.797,-15.305,1800.54
blend,1790490260.54,7.906,-15.304,1800.58
blend,1790490261.00,8.013,-15.303,1800.60
blend,1790490261.51,8.129,-15.302,1800.68
blend,1790490262.02,8.259,-15.300,1800.73
blend,1790490262.54,8.404,-15.298,1800.79
blend,1790490263.01,8.526,-15.296,1800.85
blend,1790490263.50,8.649,-15.294,1800.91
blend,1790490264.02,8.773,-15.292,1800.95
blend,1790490264.54,8.897,-15.290,1801.03
blend,1790490265.02,9.012,-15.288,1801.06
blend,1790490265.51,9.130,-15.285,1801.15
blend,1790490266.02,9.254,-15.283,1801.17
blend,1790490266.53,9.377,-15.280,1801.17
blend,1790490267.00,9.490,-15.278,1801.29
blend,1790490267.51,9.608,-15.275,1801.34
blend,1790490268.02,9.732,-15.272,1801.36
blend,1790490268.51,9.842,-15.269,1801.45
blend,1790490269.00,9.976,-15.266,1801.44
blend,1790490269.51,10.095,-15.263,1801.53
blend,1790490270.02,10.212,-15.260,1801.55
blend,1790490270.53,10.338,-15.256,1801.64
blend,1790490271.01,10.448,-15.253,1801.68
blend,1790490271.50,10.567,-15.249,1801.72
blend,1790490272.00,10.661,-15.246,1801.80
blend,1790490272.52,10.818,-15.241,1801.84
blend,1790490273.00,10.934,-15.238,1801.89
blend,1790490273.51,11.069,-15.233,1801.89
blend,1790490274.01,11.197,-15.229,1801.97
blend,1790490274.53,11.321,-15.227,1798.24
blend,1790490275.01,11.426,-15.240,1792.31
blend,1790490275.52,11.553,-15.258,1792.14
blend,1790490276.01,11.697,-15.277,1792.15
blend,1790490276.52,11.849,-15.298,1792.15
blend,1790490277.01,11.987,-15.317,1792.15
blend,1790490277.52,12.135,-15.338,1792.23
blend,1790490278.00,12.278,-15.357,1792.25
blend,1790490278.52,12.425,-15.377,1792.38
blend,1790490279.02,12.559,-15.395,1792.41
blend,1790490279.52,12.717,-15.415,1792.47
blend,1790490280.00,12.846,-15.432,1792.87
blend,1790490280.52,12.991,-15.444,1795.87
blend,1790490281.01,13.129,-15.442,1800.03
blend,1790490281.51,13.247,-15.438,1800.18
blend,1790490282.01,13.357,-15.438,1800.29
blend,1790490282.52,13.472,-15.437,1800.44
blend,1790490283.01,13.596,-15.436,1800.54
blend,1790490283.51,13.740,-15.433,1800.64
blend,1790490284.01,13.846,-15.432,1800.69
blend,1790490284.51,13.953,-15.431,1800.77
blend,1790490285.01,13.944,-15.431,1800.76
blend,1790490285.51,13.945,-15.431,1800.77
blend,1790490286.00,13.957,-15.431,1800.76
blend,1790490286.51,13.958,-15.431,1800.76
blend,1790490287.00,13.960,-15.430,1800.75
blend,1790490287.51,13.947,-15.431,1800.74
blend,1790490288.02,13.954,-15.430,1800.74
blend,1790490288.53,13.955,-15.430,1800.75
blend,1790490289.02,13.956,-15.430,1800.75
blend,1790490289.51,13.962,-15.430,1800.75
blend,1790490290.02,13.950,-15.431,1800.75
blend,1790490290.51,13.956,-15.430,1802.45
blend,1790490291.01,13.975,-15.422,1812.44
blend,1790490291.50,13.977,-15.421,1822.65
blend,1790490292.00,13.992,-15.409,1832.91
blend,1790490292.50,14.044,-15.350,1843.31
blend,1790490293.00,14.036,-15.355,1853.62
blend,1790490293.51,14.065,-15.280,1864.19
blend,1790490294.01,14.056,-15.301,1874.62
blend,1790490294.51,14.057,-15.244,1885.37
blend,1790490295.02,14.057,-15.257,1891.97
blend,1790490295.52,14.057,-15.263,1891.89
blend,1790490296.01,14.057,-15.253,1891.90
blend,1790490296.50,14.058,-15.266,1891.89
blend,1790490297.01,14.058,-15.267,1891.88
blend,1790490297.52,14.058,-15.277,1891.89
blend,1790490298.01,14.058,-15.277,1891.88
blend,1790490298.51,14.058,-15.273,1891.87
blend,1790490299.02,14.058,-15.274,1891.87
blend,1790490299.50,14.058,-15.274,1891.88
blend,1790490300.02,14.058,-15.275,1891.87
blend,1790490300.52,14.058,-15.280,1891.86
blend,1790490301.01,14.058,-15.282,1891.84
blend,1790490301.50,14.058,-15.284,1891.83
blend,1790490302.02,14.058,-15.282,1891.84
blend,1790490302.52,14.058,-15.295,1891.85
blend,1790490303.00,14.058,-15.281,1891.85
blend,1790490303.52,14.058,-15.281,1891.86
blend,1790490304.02,14.058,-15.282,1891.86
blend,1790490304.51,14.058,-15.296,1891.86
blend,1790490305.02,14.058,-15.286,1891.86
blend,1790490305.51,14.058,-15.287,1891.85
blend,1790490306.00,14.058,-15.284,1891.85
blend,1790490306.52,14.058,-15.289,1891.85
blend,1790490307.01,14.059,-15.310,1891.85
blend,1790490307.51,14.058,-15.302,1891.86
blend,1790490308.01,14.058,-15.295,1891.86
blend,1790490308.50,14.058,-15.297,1891.85
blend,1790490309.01,14.058,-15.303,1891.84
blend,1790490309.50,14.058,-15.304,1891.84
blend,1790490310.04,14.059,-15.309,1891.83
blend,1790490310.52,14.059,-15.313,1891.82
blend,1790490311.00,14.059,-15.308,1891.83
blend,1790490311.51,14.059,-15.309,1891.82
blend,1790490312.01,14.059,-15.309,1891.83
blend,1790490312.50,14.059,-15.310,1891.83
blend,1790490313.02,14.058,-15.305,1891.99
blend,1790490313.50,14.053,-15.148,1892.15
blend,1790490314.00,14.047,-15.007,1892.29
blend,1790490314.51,14.041,-14.863,1892.35
blend,1790490315.01,14.035,-14.719,1892.45
blend,1790490315.51,14.031,-14.619,1892.51
blend,1790490316.02,14.024,-14.476,1892.57
blend,1790490316.50,14.019,-14.365,1892.61
blend,1790490317.01,14.013,-14.246,1892.69
blend,1790490317.50,14.008,-14.131,1892.78
blend,1790490318.00,14.002,-14.016,1892.80
blend,1790490318.54,13.997,-13.899,1892.82
blend,1790490319.00,13.991,-13.793,1892.87
blend,1790490319.52,13.985,-13.674,1892.93
blend,1790490320.01,13.978,-13.554,1893.04
blend,1790490320.50,13.972,-13.437,1893.09
blend,1790490321.01,13.965,-13.308,1893.12
blend,1790490321.53,13.958,-13.178,1893.18
blend,1790490322.00,13.951,-13.060,1893.26
blend,1790490322.51,13.944,-12.939,1893.30
blend,1790490323.02,13.936,-12.800,1893.38
blend,1790490323.51,13.928,-12.677,1893.48
blend,1790490324.00,13.920,-12.543,1893.54
blend,1790490324.52,13.912,-12.421,1893.60
blend,1790490325.04,13.904,-12.283,1893.68
blend,1790490325.50,13.896,-12.159,1893.68
blend,1790490326.02,13.887,-12.031,1893.77
blend,1790490326.53,13.878,-11.892,1893.82
blend,1790490327.00,13.870,-11.766,1893.91
blend,1790490327.50,13.860,-11.625,1893.96
blend,1790490328.03,13.850,-11.477,1894.05
blend,1790490328.50,13.840,-11.347,1894.10
blend,1790490329.01,13.829,-11.193,1894.14
blend,1790490329.52,13.819,-11.050,1894.14
blend,1790490330.01,13.811,-10.921,1892.56
blend,1790490330.50,13.809,-10.793,1891.71
blend,1790490331.00,13.805,-10.656,1891.68
blend,1790490331.53,13.800,-10.496,1891.69
blend,1790490332.00,13.796,-10.355,1891.68
blend,1790490332.51,13.791,-10.197,1891.65
blend,1790490333.03,13.787,-10.048,1891.75
blend,1790490333.50,13.782,-9.907,1891.81
blend,1790490334.01,13.778,-9.766,1891.87
blend,1790490334.52,13.773,-9.618,1891.93
blend,1790490335.01,13.768,-9.475,1891.96
blend,1790490335.50,13.763,-9.330,1892.00
blend,1790490336.02,13.757,-9.185,1892.03
blend,1790490336.54,13.752,-9.038,1892.10
blend,1790490337.01,13.746,-8.893,1892.12
blend,1790490337.52,13.740,-8.725,1892.20
blend,1790490338.03,13.733,-8.530,1892.21
blend,1790490338.51,13.725,-8.349,1892.30
blend,1790490339.01,13.717,-8.152,1892.41
blend,1790490339.53,13.708,-7.943,1892.45
blend,1790490340.00,13.700,-7.757,1892.33
blend,1790490340.51,13.694,-7.564,1891.30
blend,1790490341.02,13.694,-7.359,1889.52
blend,1790490341.53,13.700,-7.163,1888.23
blend,1790490342.01,13.706,-6.978,1888.10
blend,1790490342.50,13.713,-6.775,1888.07
blend,1790490343.02,13.720,-6.576,1888.11
blend,1790490343.51,13.726,-6.373,1888.17
blend,1790490344.00,13.732,-6.186,1888.23
blend,1790490344.50,13.738,-5.988,1888.31
blend,1790490345.01,13.743,-5.800,1888.32
blend,1790490345.52,13.748,-5.622,1888.44
blend,1790490346.03,13.753,-5.434,1888.51
blend,1790490346.54,13.758,-5.242,1888.57
blend,1790490347.05,13.763,-5.046,1888.65
blend,1790490347.51,13.767,-4.871,1888.71
blend,1790490348.02,13.771,-4.671,1888.77
blend,1790490348.51,13.775,-4.489,1888.89
blend,1790490349.04,13.779,-4.285,1888.96
blend,1790490349.52,13.782,-4.098,1888.99
blend,1790490350.00,13.785,-3.908,1889.07
blend,1790490350.52,13.788,-3.715,1889.19
blend,1790490351.02,13.790,-3.516,1889.23
blend,1790490351.51,13.792,-3.354,1889.30
blend,1790490352.01,13.794,-3.142,1889.41
blend,1790490352.51,13.796,-2.952,1889.47
blend,1790490353.01,13.798,-2.762,1889.51
blend,1790490353.53,13.799,-2.560,1889.62
blend,1790490354.04,13.800,-2.373,1889.74
blend,1790490354.50,13.800,-2.233,1889.76
blend,1790490355.01,13.801,-2.020,1889.85
blend,1790490355.52,13.801,-1.823,1889.89
blend,1790490356.02,13.801,-1.647,1889.96
blend,1790490356.52,13.800,-1.440,1890.06
blend,1790490357.01,13.799,-1.249,1890.14
blend,1790490357.51,13.799,-1.076,1890.15
blend,1790490358.02,13.798,-0.876,1890.22
blend,1790490358.51,13.797,-0.714,1890.33
blend,1790490359.04,13.795,-0.498,1890.40
blend,1790490359.50,13.795,-0.395,1890.44
blend,1790490360.02,13.793,-0.258,1890.49
blend,1790490360.50,13.793,-0.172,1890.53
blend,1790490361.01,13.792,-0.122,1890.53
blend,1790490361.50,13.790,0.001,1890.55
blend,1790490362.02,13.789,0.140,1890.65
blend,1790490362.52,13.787,0.284,1890.72
blend,1790490363.01,13.785,0.452,1890.78
blend,1790490363.52,13.782,0.597,1890.89
blend,1790490364.02,13.779,0.785,1890.91
blend,1790490364.52,13.775,0.976,1891.05
blend,1790490365.01,13.773,1.123,1890.99
blend,1790490365.52,13.770,1.272,1891.11
blend,1790490366.00,13.766,1.457,1891.17
blend,1790490366.50,13.763,1.603,1891.27
blend,1790490367.02,13.757,1.828,1891.37
blend,1790490367.52,13.752,2.034,1891.39
blend,1790490368.00,13.748,2.162,1891.43
blend,1790490368.54,13.745,2.288,1891.53
blend,1790490369.02,13.740,2.472,1891.58
blend,1790490369.51,13.736,2.612,1891.62
blend,1790490370.00,13.730,2.790,1891.71
blend,1790490370.52,13.724,3.004,1891.76
blend,1790490371.02,13.719,3.149,1891.88
blend,1790490371.51,13.713,3.313,1891.91
blend,1790490372.02,13.707,3.511,1892.00
blend,1790490372.52,13.699,3.709,1892.07
blend,1790490373.00,13.694,3.851,1892.15
blend,1790490373.50,13.691,3.936,1892.24
blend,1790490374.01,13.682,4.162,1892.26
blend,1790490374.52,13.673,4.369,1892.37
blend,1790490375.04,13.665,4.562,1892.46
blend,1790490375.50,13.657,4.732,1892.49
blend,1790490376.02,13.649,4.922,1892.59
blend,1790490376.54,13.640,5.121,1892.59
blend,1790490377.00,13.632,5.282,1892.74
blend,1790490377.52,13.622,5.475,1892.78
blend,1790490378.01,13.613,5.653,1892.87
blend,1790490378.50,13.605,5.827,1892.88
blend,1790490379.02,13.595,6.015,1892.97
blend,1790490379.52,13.586,6.193,1893.04
blend,1790490380.01,13.576,6.365,1893.14
blend,1790490380.51,13.566,6.555,1893.18
blend,1790490381.02,13.557,6.731,1893.24
blend,1790490381.50,13.547,6.888,1893.28
blend,1790490382.01,13.536,7.073,1893.37
blend,1790490382.52,13.525,7.251,1893.44
blend,1790490383.04,13.514,7.440,1893.49
blend,1790490383.50,13.504,7.604,1893.56
blend,1790490384.02,13.492,7.788,1893.64
blend,1790490384.53,13.480,7.979,1893.73
blend,1790490385.06,13.468,8.164,1893.76
blend,1790490385.51,13.458,8.319,1893.83
blend,1790490386.03,13.445,8.507,1893.90
blend,1790490386.51,13.435,8.660,1893.64
blend,1790490387.01,13.425,8.834,1893.21
blend,1790490387.52,13.416,9.005,1893.19
blend,1790490388.04,13.406,9.192,1893.16
blend,1790490388.50,13.397,9.347,1893.22
blend,1790490389.02,13.388,9.497,1893.27
blend,1790490389.54,13.380,9.640,1893.28
blend,1790490390.00,13.373,9.765,1893.26
blend,1790490390.52,13.369,9.843,1893.29
blend,1790490391.03,13.369,9.841,1893.30
blend,1790490391.56,13.369,9.841,1893.30
blend,1790490392.01,13.369,9.842,1893.31
blend,1790490392.53,13.369,9.841,1893.30
blend,1790490393.04,13.369,9.842,1893.30
blend,1790490393.51,13.369,9.840,1892.13
blend,1790490394.02,13.368,9.832,1884.97
blend,1790490394.53,13.367,9.833,1877.93
blend,1790490395.03,13.364,9.824,1870.99
blend,1790490395.50,13.365,9.825,1864.24
blend,1790490396.00,13.364,9.824,1856.77
blend,1790490396.50,13.364,9.825,1848.85
blend,1790490397.01,13.368,9.828,1840.45
blend,1790490397.52,13.370,9.829,1831.09
blend,1790490398.03,13.370,9.829,1820.98
blend,1790490398.54,13.369,9.829,1810.94
blend,1790490399.01,13.368,9.829,1801.69
blend,1790490399.52,13.368,9.829,1791.58
blend,1790490400.04,13.368,9.829,1781.72
blend,1790490400.51,13.368,9.829,1772.87
blend,1790490401.02,13.369,9.828,1763.18
blend,1790490401.53,13.370,9.828,1753.53
blend,1790490402.05,13.368,9.829,1743.94
blend,1790490402.51,13.370,9.827,1735.26
blend,1790490403.03,13.371,9.819,1725.42
blend,1790490403.50,13.372,9.816,1716.73
blend,1790490404.02,13.372,9.811,1710.59
blend,1790490404.54,13.372,9.815,1710.58
blend,1790490405.00,13.372,9.813,1710.60
blend,1790490405.52,13.372,9.816,1710.61
blend,1790490406.04,13.372,9.816,1710.64
blend,1790490406.50,13.372,9.815,1710.53
blend,1790490407.02,13.373,9.711,1710.53
blend,1790490407.54,13.374,9.575,1710.45
blend,1790490408.01,13.375,9.454,1710.48
blend,1790490408.53,13.376,9.324,1710.46
blend,1790490409.04,13.377,9.182,1710.49
blend,1790490409.51,13.378,9.048,1710.53
blend,1790490410.03,13.380,8.894,1710.59
blend,1790490410.50,13.381,8.743,1710.71
blend,1790490411.02,13.384,8.584,1710.74
blend,1790490411.53,13.387,8.403,1710.86
blend,1790490412.00,13.389,8.251,1710.92
blend,1790490412.52,13.392,8.080,1710.94
blend,1790490413.00,13.395,7.926,1711.06
blend,1790490413.50,13.398,7.765,1711.09
blend,1790490414.02,13.401,7.601,1711.17
blend,1790490414.54,13.405,7.430,1711.19
blend,1790490415.01,13.409,7.270,1711.27
blend,1790490415.53,13.413,7.096,1711.31
blend,1790490416.01,13.416,6.930,1711.38
blend,1790490416.51,13.420,6.778,1711.42
blend,1790490417.03,13.425,6.617,1711.57
blend,1790490417.51,13.429,6.461,1711.59
blend,1790490418.01,13.434,6.307,1711.67
blend,1790490418.53,13.439,6.139,1711.68
blend,1790490419.01,13.443,5.989,1711.76
blend,1790490419.52,13.449,5.822,1711.82
blend,1790490420.04,13.454,5.659,1711.89
blend,1790490420.50,13.459,5.506,1711.91
blend,1790490421.02,13.466,5.316,1712.00
blend,1790490421.54,13.473,5.125,1712.03
blend,1790490422.01,13.479,4.957,1712.12
blend,1790490422.53,13.486,4.777,1712.19
blend,1790490423.05,13.493,4.596,1712.28
blend,1790490423.51,13.500,4.430,1712.34
blend,1790490424.03,13.508,4.247,1712.42
blend,1790490424.56,13.515,4.063,1712.45
blend,1790490425.02,13.523,3.900,1712.52
blend,1790490425.54,13.531,3.725,1712.62
blend,1790490426.00,13.539,3.556,1712.68
blend,1790490426.52,13.548,3.368,1712.78
blend,1790490427.01,13.556,3.191,1712.79
blend,1790490427.51,13.565,3.013,1712.87
blend,1790490428.02,13.575,2.827,1712.97
blend,1790490428.54,13.584,2.644,1713.02
blend,1790490429.01,13.593,2.475,1713.08
blend,1790490429.53,13.603,2.296,1713.16
blend,1790490430.02,13.613,2.117,1713.24
blend,1790490430.51,13.623,1.943,1713.27
blend,1790490431.03,13.634,1.759,1713.35
blend,1790490431.51,13.644,1.584,1713.38
blend,1790490432.01,13.655,1.406,1713.46
blend,1790490432.53,13.666,1.224,1713.53
blend,1790490433.00,13.677,1.057,1713.61
blend,1790490433.52,13.689,0.872,1713.72
blend,1790490434.04,13.701,0.681,1713.78
blend,1790490434.50,13.712,0.513,1713.86
blend,1790490435.02,13.724,0.343,1713.90
blend,1790490435.52,13.735,0.179,1713.93
blend,1790490436.01,13.746,0.019,1713.98
blend,1790490436.53,13.758,-0.141,1714.04
blend,1790490437.05,13.765,-0.248,1714.08
blend,1790490437.51,13.765,-0.240,1714.07
blend,1790490438.02,13.765,-0.244,1710.65
blend,1790490438.53,13.768,-0.237,1694.71
blend,1790490439.02,13.761,-0.251,1679.61
blend,1790490439.51,13.745,-0.266,1665.48
blend,1790490440.02,13.715,-0.283,1650.99
blend,1790490440.51,13.687,-0.291,1636.94
blend,1790490441.01,13.656,-0.291,1624.69
blend,1790490441.51,13.643,-0.289,1622.18
blend,1790490442.01,13.567,-0.293,1621.82
blend,1790490442.51,13.417,-0.297,1621.81
blend,1790490443.01,13.232,-0.303,1621.79
blend,1790490443.51,13.035,-0.309,1621.87
blend,1790490444.02,12.841,-0.317,1622.51
blend,1790490444.53,12.650,-0.329,1623.60
blend,1790490445.01,12.465,-0.344,1624.95
blend,1790490445.51,12.278,-0.365,1626.31
blend,1790490446.02,12.083,-0.389,1626.91
blend,1790490446.53,11.891,-0.412,1627.04
blend,1790490447.01,11.700,-0.436,1627.14
blend,1790490447.51,11.505,-0.461,1627.32
blend,1790490448.02,11.319,-0.485,1627.41
blend,1790490448.53,11.124,-0.511,1627.49
blend,1790490449.01,10.936,-0.536,1627.58
blend,1790490449.50,10.744,-0.562,1627.73
blend,1790490450.02,10.544,-0.589,1627.78
blend,1790490450.53,10.339,-0.617,1627.85
blend,1790490451.04,10.143,-0.645,1627.91
blend,1790490451.50,9.960,-0.670,1628.03
blend,1790490452.02,9.770,-0.697,1628.13
blend,1790490452.53,9.584,-0.724,1628.20
blend,1790490453.04,9.393,-0.752,1628.25
blend,1790490453.50,9.234,-0.775,1628.32
blend,1790490454.01,9.050,-0.792,1623.02
blend,1790490454.53,8.867,-0.797,1622.53
blend,1790490455.04,8.656,-0.806,1622.51
blend,1790490455.50,8.481,-0.808,1618.70
blend,1790490456.02,8.273,-0.800,1618.59
blend,1790490456.51,8.083,-0.796,1618.51
blend,1790490457.01,7.885,-0.790,1618.53
blend,1790490457.52,7.680,-0.785,1618.55
blend,1790490458.04,7.475,-0.780,1618.63
blend,1790490458.51,7.293,-0.776,1618.69
blend,1790490459.03,7.088,-0.771,1618.75
blend,1790490459.55,6.880,-0.767,1618.84
blend,1790490460.01,6.695,-0.763,1618.90
blend,1790490460.53,6.501,-0.760,1618.97
blend,1790490461.00,6.315,-0.757,1619.02
blend,1790490461.52,6.108,-0.753,1619.08
blend,1790490462.03,5.905,-0.750,1619.11
blend,1790490462.50,5.726,-0.748,1619.20
blend,1790490463.02,5.523,-0.745,1619.27
blend,1790490463.54,5.321,-0.743,1619.31
blend,1790490464.01,5.135,-0.741,1619.42
blend,1790490464.52,4.929,-0.739,1619.46
blend,1790490465.04,4.730,-0.737,1619.51
blend,1790490465.51,4.540,-0.735,1619.59
blend,1790490466.03,4.342,-0.734,1619.64
blend,1790490466.55,4.139,-0.733,1619.70
blend,1790490467.01,3.966,-0.733,1619.77
blend,1790490467.53,3.768,-0.732,1619.84
blend,1790490468.00,3.582,-0.732,1619.91
blend,1790490468.52,3.388,-0.732,1619.99
blend,1790490469.01,3.180,-0.732,1620.08
blend,1790490469.50,2.984,-0.733,1620.16
blend,1790490470.01,2.784,-0.734,1620.24
blend,1790490470.53,2.583,-0.734,1620.29
blend,1790490471.04,2.385,-0.736,1620.40
blend,1790490471.50,2.204,-0.737,1620.43
blend,1790490472.01,1.996,-0.739,1620.48
blend,1790490472.52,1.798,-0.741,1620.58
blend,1790490473.04,1.595,-0.743,1620.66
blend,1790490473.51,1.410,-0.746,1620.73
blend,1790490474.01,1.213,-0.748,1620.78
blend,1790490474.52,1.007,-0.751,1620.87
blend,1790490475.04,0.803,-0.755,1620.97
blend,1790490475.55,0.603,-0.758,1621.03
blend,1790490476.01,0.424,-0.761,1621.08
blend,1790490476.52,0.226,-0.765,1621.16
blend,1790490477.03,0.020,-0.770,1621.21
blend,1790490477.55,-0.177,-0.774,1621.28
blend,1790490478.01,-0.356,-0.778,1621.37
blend,1790490478.52,-0.552,-0.783,1621.44
blend,1790490479.03,-0.755,-0.788,1621.52
blend,1790490479.52,-0.943,-0.794,1621.50
blend,1790490480.01,-1.113,-0.793,1619.21
blend,1790490480.53,-1.252,-0.788,1618.97
blend,1790490481.01,-1.400,-0.785,1618.97
blend,1790490481.51,-1.543,-0.783,1618.97
blend,1790490482.03,-1.687,-0.780,1618.96
blend,1790490482.50,-1.771,-0.778,1618.89
blend,1790490483.01,-1.761,-0.779,1618.89
blend,1790490483.53,-1.766,-0.779,1618.87
blend,1790490484.00,-1.766,-0.779,1618.86
blend,1790490484.51,-1.767,-0.779,1618.87
blend,1790490485.03,-1.767,-0.779,1618.84
blend,1790490485.51,-1.766,-0.779,1618.84
blend,1790490486.02,-1.767,-0.779,1618.84
blend,1790490486.54,-1.767,-0.779,1618.83
blend,1790490487.00,-1.768,-0.779,1618.82
blend,1790490487.52,-1.768,-0.779,1618.83
blend,1790490488.04,-1.768,-0.779,1618.83
blend,1790490488.50,-1.768,-0.779,1618.83
blend,1790490489.02,-1.767,-0.779,1618.83
blend,1790490489.54,-1.768,-0.779,1618.83
blend,1790490490.01,-1.767,-0.779,1618.80
blend,1790490490.52,-1.767,-0.779,1618.80
blend,1790490491.04,-1.767,-0.779,1618.80
blend,1790490491.51,-1.768,-0.779,1618.80
blend,1790490492.03,-1.768,-0.779,1618.81
blend,1790490492.54,-1.768,-0.779,1618.81
blend,1790490493.01,-1.767,-0.779,1618.82
blend,1790490493.53,-1.768,-0.779,1618.85
blend,1790490494.04,-1.768,-0.779,1618.85
blend,1790490494.51,-1.768,-0.779,1618.84
blend,1790490495.03,-1.768,-0.779,1618.86
blend,1790490495.50,-1.768,-0.779,1618.88
blend,1790490496.01,-1.768,-0.779,1618.87
blend,1790490496.53,-1.768,-0.779,1618.87
blend,1790490497.00,-1.767,-0.779,1618.87
blend,1790490497.51,-1.767,-0.779,1618.89
blend,1790490498.03,-1.767,-0.779,1618.88
blend,1790490498.50,-1.768,-0.779,1618.89
blend,1790490499.01,-1.769,-0.779,1618.90
blend,1790490499.51,-1.769,-0.779,1618.88
blend,1790490500.01,-1.768,-0.779,1618.90
blend,1790490500.52,-1.770,-0.779,1618.91
blend,1790490501.03,-1.770,-0.779,1618.91
blend,1790490501.50,-1.770,-0.779,1618.91
blend,1790490502.02,-1.769,-0.779,1618.91
blend,1790490502.54,-1.769,-0.779,1618.90
blend,1790490503.00,-1.769,-0.779,1618.91
blend,1790490503.52,-1.768,-0.779,1618.90
blend,1790490504.04,-1.768,-0.779,1618.90
blend,1790490504.50,-1.768,-0.779,1618.91
blend,1790490505.02,-1.769,-0.779,1618.92
blend,1790490505.54,-1.767,-0.779,1618.90
blend,1790490506.00,-1.767,-0.779,1618.90
blend,1790490506.52,-1.768,-0.779,1618.91
blend,1790490507.04,-1.768,-0.779,1618.91
blend,1790490507.51,-1.769,-0.779,1618.91
blend,1790490508.02,-1.770,-0.779,1618.92
blend,1790490508.51,-1.770,-0.779,1618.92
blend,1790490509.01,-1.770,-0.779,1618.90
blend,1790490509.52,-1.771,-0.779,1618.91
blend,1790490510.04,-1.772,-0.779,1618.90
blend,1790490510.51,-1.771,-0.779,1618.90
blend,1790490511.01,-1.770,-0.779,1618.89
blend,1790490511.54,-1.770,-0.779,1618.89
blend,1790490512.01,-1.771,-0.779,1618.89
blend,1790490512.53,-1.772,-0.779,1618.89
blend,1790490513.04,-1.771,-0.779,1618.91
blend,1790490513.51,-1.772,-0.779,1618.92
blend,1790490514.03,-1.772,-0.779,1618.91
blend,1790490514.51,-1.772,-0.779,1618.91
blend,1790490515.01,-1.772,-0.779,1618.91
blend,1790490515.53,-1.773,-0.779,1618.92
blend,1790490516.02,-1.773,-0.779,1618.91
blend,1790490516.51,-1.773,-0.779,1618.91
blend,1790490517.03,-1.773,-0.779,1618.91
blend,1790490517.51,-1.774,-0.779,1618.90
blend,1790490518.01,-1.773,-0.779,1618.91
blend,1790490518.53,-1.773,-0.779,1618.91
blend,1790490519.01,-1.774,-0.779,1618.89
blend,1790490519.52,-1.773,-0.779,1618.90
blend,1790490520.03,-1.773,-0.779,1618.89
blend,1790490520.50,-1.773,-0.779,1618.90
blend,1790490521.02,-1.774,-0.779,1618.90
blend,1790490521.54,-1.774,-0.779,1618.91
blend,1790490522.00,-1.773,-0.779,1618.91
blend,1790490522.52,-1.774,-0.779,1618.90
blend,1790490523.04,-1.773,-0.779,1618.90
blend,1790490523.51,-1.772,-0.779,1618.90
blend,1790490524.02,-1.773,-0.779,1618.91
blend,1790490524.54,-1.773,-0.779,1618.90
blend,1790490525.01,-1.772,-0.779,1618.90
blend,1790490525.52,-1.773,-0.779,1618.91
blend,1790490526.04,-1.773,-0.779,1618.91
blend,1790490526.51,-1.774,-0.779,1618.91
blend,1790490527.03,-1.775,-0.779,1618.91
blend,1790490527.52,-1.775,-0.779,1618.92
blend,1790490528.01,-1.774,-0.779,1618.91
blend,1790490528.53,-1.775,-0.779,1618.90
blend,1790490529.01,-1.774,-0.779,1618.90
blend,1790490529.51,-1.774,-0.779,1618.91
blend,1790490530.03,-1.774,-0.779,1618.91
blend,1790490530.55,-1.774,-0.779,1618.94
blend,1790490531.01,-1.774,-0.779,1618.95
blend,1790490531.53,-1.774,-0.779,1618.95
blend,1790490532.01,-1.773,-0.779,1618.97
blend,1790490532.52,-1.773,-0.779,1618.97
blend,1790490533.03,-1.775,-0.779,1618.97
blend,1790490533.51,-1.776,-0.779,1618.98
blend,1790490534.02,-1.775,-0.779,1618.97
blend,1790490534.53,-1.775,-0.779,1618.96
blend,1790490535.00,-1.774,-0.779,1618.96
blend,1790490535.52,-1.775,-0.779,1618.97
blend,1790490536.04,-1.774,-0.779,1618.95
blend,1790490536.50,-1.774,-0.779,1618.98
blend,1790490537.02,-1.774,-0.779,1618.98
blend,1790490537.54,-1.775,-0.779,1618.99
blend,1790490538.01,-1.775,-0.779,1618.98
blend,1790490538.52,-1.775,-0.779,1618.98
blend,1790490539.04,-1.776,-0.779,1618.98
blend,1790490539.51,-1.777,-0.779,1618.97
blend,1790490540.03,-1.775,-0.779,1618.94
blend,1790490540.54,-1.776,-0.779,1618.94
blend,1790490541.01,-1.776,-0.779,1618.93
blend,1790490541.53,-1.776,-0.779,1618.95
blend,1790490542.01,-1.776,-0.779,1618.94
blend,1790490542.51,-1.776,-0.779,1618.95
blend,1790490543.03,-1.777,-0.779,1618.95
blend,1790490543.51,-1.775,-0.780,1618.94
blend,1790490544.01,-1.776,-0.779,1618.95
blend,1790490544.53,-1.775,-0.780,1618.95
blend,1790490545.00,-1.775,-0.780,1618.94
blend,1790490545.51,-1.776,-0.780,1618.94
blend,1790490546.03,-1.776,-0.780,1618.93
blend,1790490546.51,-1.775,-0.780,1618.94
blend,1790490547.01,-1.775,-0.780,1618.94
blend,1790490547.53,-1.774,-0.780,1618.94
blend,1790490548.00,-1.775,-0.780,1618.95
blend,1790490548.52,-1.774,-0.780,1618.94
blend,1790490549.04,-1.774,-0.780,1618.93
blend,1790490549.50,-1.774,-0.780,1618.93
blend,1790490550.01,-1.774,-0.780,1618.93
blend,1790490550.54,-1.775,-0.780,1618.94
blend,1790490551.01,-1.774,-0.780,1618.93
blend,1790490551.52,-1.774,-0.780,1618.93
blend,1790490552.04,-1.774,-0.780,1618.93
blend,1790490552.51,-1.774,-0.780,1618.93
blend,1790490553.03,-1.775,-0.780,1618.92
blend,1790490553.54,-1.774,-0.780,1618.92
blend,1790490554.01,-1.774,-0.780,1618.94
blend,1790490554.53,-1.774,-0.780,1618.93
blend,1790490555.05,-1.774,-0.780,1618.93
blend,1790490555.51,-1.774,-0.780,1618.93
blend,1790490556.03,-1.774,-0.780,1618.93
blend,1790490556.51,-1.774,-0.780,1618.92
blend,1790490557.02,-1.774,-0.780,1618.92
blend,1790490557.53,-1.774,-0.780,1618.92
blend,1790490558.00,-1.774,-0.780,1618.93
blend,1790490558.52,-1.775,-0.780,1618.93
blend,1790490559.00,-1.774,-0.780,1618.95
blend,1790490559.50,-1.773,-0.780,1618.95
blend,1790490560.02,-1.773,-0.780,1618.95
blend,1790490560.54,-1.773,-0.780,1618.95
blend,1790490561.01,-1.772,-0.780,1618.98
blend,1790490561.52,-1.773,-0.780,1618.98
blend,1790490562.06,-1.771,-0.780,1618.99
blend,1790490562.51,-1.772,-0.780,1618.97
blend,1790490563.03,-1.771,-0.780,1618.97
blend,1790490563.55,-1.770,-0.780,1618.98
blend,1790490564.01,-1.770,-0.780,1618.98
blend,1790490564.53,-1.770,-0.780,1618.97
blend,1790490565.01,-1.770,-0.780,1618.96
blend,1790490565.51,-1.769,-0.780,1618.96
blend,1790490566.03,-1.768,-0.780,1618.95
blend,1790490566.51,-1.768,-0.780,1618.95
blend,1790490567.02,-1.768,-0.780,1618.94
blend,1790490567.53,-1.768,-0.780,1618.94
blend,1790490568.00,-1.767,-0.780,1618.93
blend,1790490568.52,-1.768,-0.780,1618.93
blend,1790490569.04,-1.769,-0.780,1618.93
blend,1790490569.50,-1.769,-0.780,1618.94
blend,1790490570.02,-1.768,-0.780,1618.92
blend,1790490570.54,-1.768,-0.780,1618.94
blend,1790490571.00,-1.767,-0.780,1618.94
blend,1790490571.52,-1.768,-0.780,1618.95
blend,1790490572.04,-1.768,-0.780,1618.95
blend,1790490572.51,-1.769,-0.780,1618.96
blend,1790490573.02,-1.770,-0.780,1618.97
blend,1790490573.54,-1.769,-0.780,1618.95
blend,1790490574.01,-1.770,-0.780,1618.97
blend,1790490574.53,-1.769,-0.780,1618.98
blend,1790490575.01,-1.768,-0.780,1618.97
blend,1790490575.51,-1.768,-0.780,1618.97
blend,1790490576.03,-1.769,-0.780,1619.02
blend,1790490576.51,-1.768,-0.780,1619.03
blend,1790490577.01,-1.769,-0.780,1619.02
blend,1790490577.53,-1.768,-0.780,1619.04
blend,1790490578.00,-1.767,-0.780,1619.04
blend,1790490578.52,-1.766,-0.780,1619.04
blend,1790490579.01,-1.767,-0.780,1619.04
blend,1790490579.50,-1.767,-0.780,1619.03
blend,1790490580.00,-1.767,-0.780,1619.04
blend,1790490580.54,-1.767,-0.780,1619.07
blend,1790490581.00,-1.768,-0.780,1619.07
blend,1790490581.52,-1.768,-0.780,1619.06
blend,1790490582.04,-1.768,-0.780,1619.06
blend,1790490582.51,-1.769,-0.780,1619.07
blend,1790490583.02,-1.770,-0.780,1619.08
blend,1790490583.54,-1.768,-0.780,1619.08
blend,1790490584.01,-1.770,-0.780,1619.07
blend,1790490584.53,-1.771,-0.780,1619.07
blend,1790490585.00,-1.771,-0.780,1619.06
blend,1790490585.51,-1.772,-0.780,1619.07
blend,1790490586.03,-1.772,-0.780,1619.06
blend,1790490586.52,-1.772,-0.780,1619.06
blend,1790490587.01,-1.771,-0.780,1619.06
blend,1790490587.53,-1.772,-0.780,1619.06
blend,1790490588.01,-1.774,-0.780,1619.07
blend,1790490588.52,-1.775,-0.780,1619.08
blend,1790490589.03,-1.775,-0.780,1619.10
blend,1790490589.50,-1.775,-0.780,1619.08
blend,1790490590.02,-1.776,-0.780,1619.09
blend,1790490590.54,-1.775,-0.780,1619.07
blend,1790490591.00,-1.775,-0.780,1619.72
blend,1790490591.52,-1.766,-0.777,1632.62
blend,1790490592.03,-1.764,-0.776,1647.48
blend,1790490592.54,-1.757,-0.770,1661.87
blend,1790490593.01,-1.757,-0.771,1675.05
blend,1790490593.51,-1.758,-0.777,1689.39
blend,1790490594.02,-1.757,-0.794,1704.01
blend,1790490594.54,-1.755,-0.799,1718.66
blend,1790490595.00,-1.749,-0.814,1731.82
blend,1790490595.52,-1.747,-0.817,1746.56
blend,1790490596.03,-1.748,-0.817,1761.60
blend,1790490596.51,-1.749,-0.817,1775.47
blend,1790490597.01,-1.746,-0.817,1790.32
blend,1790490597.53,-1.743,-0.817,1794.41
blend,1790490598.00,-1.743,-0.817,1794.40
blend,1790490598.52,-1.756,-0.816,1796.07
blend,1790490599.03,-1.749,-0.817,1796.07
blend,1790490599.52,-1.748,-0.817,1796.05
blend,1790490600.02,-1.748,-0.817,1796.04
blend,1790490600.54,-1.747,-0.817,1796.04
blend,1790490601.00,-1.747,-0.817,1796.03
blend,1790490601.52,-1.747,-0.817,1796.03
blend,1790490602.04,-1.749,-0.817,1796.04
blend,1790490602.50,-1.749,-0.817,1796.04
blend,1790490603.02,-1.749,-0.817,1796.04
blend,1790490603.54,-1.748,-0.817,1796.04
blend,1790490604.01,-1.747,-0.817,1796.04
blend,1790490604.52,-1.748,-0.817,1796.04
blend,1790490605.01,-1.747,-0.817,1796.04
blend,1790490605.51,-1.749,-0.817,1796.05
blend,1790490606.02,-1.749,-0.817,1796.05
blend,1790490606.54,-1.750,-0.817,1796.04
blend,1790490607.01,-1.750,-0.817,1796.04
blend,1790490607.53,-1.750,-0.817,1796.03
blend,1790490608.01,-1.748,-0.817,1796.03
blend,1790490608.51,-1.748,-0.817,1796.04
blend,1790490609.03,-1.751,-0.817,1803.94
blend,1790490609.54,-1.749,-0.817,1803.76
blend,1790490610.00,-1.744,-0.816,1803.78
blend,1790490610.51,-1.674,-0.812,1803.93
blend,1790490611.03,-1.611,-0.808,1801.17
blend,1790490611.50,-1.581,-0.810,1798.79
blend,1790490612.01,-1.614,-0.809,1798.67
blend,1790490612.53,-1.671,-0.808,1798.62
blend,1790490613.01,-1.725,-0.807,1798.57
blend,1790490613.52,-1.793,-0.805,1798.53
blend,1790490614.03,-1.864,-0.803,1798.47
blend,1790490614.50,-1.935,-0.801,1798.44
blend,1790490615.02,-1.965,-0.800,1798.47
blend,1790490615.54,-1.962,-0.800,1798.48
blend,1790490616.00,-1.961,-0.800,1798.48
blend,1790490616.52,-1.960,-0.800,1798.48
blend,1790490617.04,-1.959,-0.800,1798.49
blend,1790490617.50,-1.959,-0.800,1798.48
blend,1790490618.02,-1.960,-0.800,1798.47
blend,1790490618.54,-1.959,-0.800,1798.48
blend,1790490619.01,-1.960,-0.800,1798.47
blend,1790490619.52,-1.959,-0.800,1798.48
blend,1790490620.04,-1.959,-0.800,1798.47
blend,1790490620.51,-1.958,-0.800,1798.47
blend,1790490621.03,-1.958,-0.800,1798.47
blend,1790490621.54,-1.958,-0.800,1798.46
blend,1790490622.01,-1.958,-0.800,1798.47
blend,1790490622.53,-1.958,-0.800,1798.46
blend,1790490623.00,-1.955,-0.800,1798.46
blend,1790490623.51,-1.955,-0.800,1798.45
blend,1790490624.03,-1.955,-0.800,1798.44
blend,1790490624.51,-1.953,-0.800,1798.45
blend,1790490625.01,-1.954,-0.800,1798.45
blend,1790490625.53,-1.954,-0.800,1798.45
blend,1790490626.00,-1.953,-0.800,1798.45
blend,1790490626.51,-1.953,-0.800,1798.45
blend,1790490627.03,-1.953,-0.800,1798.45
blend,1790490627.55,-1.953,-0.800,1798.44
blend,1790490628.02,-1.953,-0.800,1798.44
blend,1790490628.53,-1.954,-0.800,1798.44
blend,1790490629.00,-1.954,-0.800,1798.44
blend,1790490629.52,-1.955,-0.800,1798.44
blend,1790490630.04,-1.955,-0.800,1798.43
blend,1790490630.50,-1.954,-0.800,1798.43
blend,1790490631.02,-1.955,-0.800,1798.44
blend,1790490631.54,-1.955,-0.800,1798.44
blend,1790490632.00,-1.955,-0.800,1798.44
blend,1790490632.52,-1.955,-0.800,1798.44
blend,1790490633.04,-1.956,-0.800,1798.44
blend,1790490633.51,-1.956,-0.800,1798.43
blend,1790490634.02,-1.956,-0.800,1798.43
blend,1790490634.52,-1.957,-0.800,1798.42
blend,1790490635.01,-1.957,-0.800,1798.43
blend,1790490635.53,-1.957,-0.800,1798.44
blend,1790490636.00,-1.956,-0.800,1798.44
blend,1790490636.51,-1.955,-0.800,1798.45
blend,1790490637.03,-1.955,-0.800,1798.45
blend,1790490637.54,-1.956,-0.800,1798.44
blend,1790490638.01,-1.956,-0.800,1798.45
blend,1790490638.53,-1.957,-0.800,1798.44
blend,1790490639.00,-1.956,-0.800,1798.43
blend,1790490639.51,-1.956,-0.800,1798.44
blend,1790490640.03,-1.956,-0.800,1798.44
blend,1790490640.51,-1.956,-0.800,1798.44
blend,1790490641.01,-1.956,-0.800,1798.44
blend,1790490641.53,-1.956,-0.800,1798.44
blend,1790490642.01,-1.955,-0.800,1798.44
blend,1790490642.52,-1.955,-0.800,1798.45
blend,1790490643.03,-1.955,-0.800,1798.44
blend,1790490643.50,-1.954,-0.800,1798.44
blend,1790490644.02,-1.956,-0.800,1798.43
blend,1790490644.54,-1.954,-0.800,1798.43
blend,1790490645.00,-1.955,-0.800,1798.44
blend,1790490645.52,-1.956,-0.800,1798.44
blend,1790490646.04,-1.955,-0.800,1798.44
blend,1790490646.50,-1.955,-0.800,1798.45
blend,1790490647.02,-1.956,-0.800,1798.45
blend,1790490647.54,-1.956,-0.800,1798.45
blend,1790490648.01,-1.955,-0.800,1798.45
blend,1790490648.53,-1.955,-0.800,1798.45
blend,1790490649.01,-1.956,-0.800,1798.44
blend,1790490649.51,-1.957,-0.800,1798.44
blend,1790490650.03,-1.956,-0.800,1798.44
blend,1790490650.54,-1.956,-0.800,1798.44
blend,1790490651.01,-1.956,-0.800,1798.45
blend,1790490651.53,-1.957,-0.800,1798.46
blend,1790490652.01,-1.957,-0.800,1798.45
blend,1790490652.51,-1.957,-0.800,1798.46
blend,1790490653.03,-1.956,-0.800,1798.46
blend,1790490653.51,-1.957,-0.800,1798.47
blend,1790490654.01,-1.956,-0.800,1798.46
blend,1790490654.53,-1.956,-0.800,1798.47
blend,1790490655.01,-1.957,-0.800,1798.47
blend,1790490655.52,-1.957,-0.800,1798.47
blend,1790490656.03,-1.956,-0.800,1798.48
blend,1790490656.50,-1.956,-0.800,1798.47
blend,1790490657.02,-1.956,-0.800,1798.48
blend,1790490657.54,-1.956,-0.800,1798.48
blend,1790490658.00,-1.955,-0.800,1798.48
blend,1790490658.52,-1.955,-0.800,1798.48
blend,1790490659.04,-1.955,-0.800,1798.47
blend,1790490659.50,-1.955,-0.800,1798.47
blend,1790490660.02,-1.956,-0.800,1798.47
blend,1790490660.54,-1.955,-0.800,1798.48
blend,1790490661.01,-1.955,-0.800,1798.49
blend,1790490661.52,-1.955,-0.800,1798.47
blend,1790490662.00,-1.955,-0.800,1798.47
blend,1790490662.51,-1.955,-0.800,1798.46
blend,1790490663.03,-1.955,-0.800,1798.46
blend,1790490663.54,-1.955,-0.800,1798.46
blend,1790490664.01,-1.954,-0.800,1798.46
blend,1790490664.53,-1.955,-0.800,1798.46
blend,1790490665.05,-1.955,-0.800,1798.47
blend,1790490665.51,-1.955,-0.800,1798.46
blend,1790490666.03,-1.955,-0.800,1798.47
blend,1790490666.51,-1.955,-0.800,1798.47
blend,1790490667.01,-1.955,-0.800,1798.48
blend,1790490667.53,-1.955,-0.800,1798.47
blend,1790490668.02,-1.954,-0.800,1798.47
blend,1790490668.52,-1.954,-0.800,1798.46
blend,1790490669.03,-1.954,-0.800,1798.47
blend,1790490669.51,-1.954,-0.800,1798.46
blend,1790490670.02,-1.954,-0.800,1798.46
blend,1790490670.54,-1.954,-0.800,1798.45
blend,1790490671.00,-1.953,-0.800,1798.45
blend,1790490671.52,-1.953,-0.800,1798.46
blend,1790490672.04,-1.953,-0.800,1798.46
blend,1790490672.50,-1.952,-0.800,1798.47
blend,1790490673.02,-1.953,-0.800,1798.47
blend,1790490673.54,-1.953,-0.800,1798.46
blend,1790490674.01,-1.953,-0.800,1798.45
blend,1790490674.52,-1.953,-0.800,1798.45
blend,1790490675.01,-1.953,-0.800,1798.46
blend,1790490675.51,-1.953,-0.800,1798.47
blend,1790490676.02,-1.953,-0.800,1798.48
blend,1790490676.54,-1.953,-0.800,1798.48
blend,1790490677.01,-1.954,-0.800,1798.48
blend,1790490677.53,-1.953,-0.800,1798.48
blend,1790490678.04,-1.953,-0.800,1798.49
blend,1790490678.51,-1.952,-0.800,1798.49
blend,1790490679.03,-1.952,-0.800,1798.50
blend,1790490679.51,-1.953,-0.800,1798.49
blend,1790490680.01,-1.952,-0.800,1798.49
blend,1790490680.53,-1.953,-0.800,1798.49
robot,1790488947.28,0.000,0.000,0.00
robot,1790488947.52,0.000,0.000,0.01
robot,1790488948.02,0.000,0.000,0.02
robot,1790488948.52,0.000,0.000,0.03
robot,1790488949.02,0.000,0.000,0.04
robot,1790488949.52,0.000,0.000,0.04
robot,1790488950.02,0.000,0.000,0.03
robot,1790488950.52,0.000,0.000,0.03
robot,1790488951.02,0.000,0.000,0.04
robot,1790488951.52,0.000,0.000,0.06
robot,1790488952.02,0.000,0.000,0.07
robot,1790488952.52,0.000,0.000,0.07
robot,1790488953.02,0.000,0.000,0.07
robot,1790488953.52,0.000,0.000,0.06
robot,1790488954.02,0.000,0.000,0.05
robot,1790488954.52,0.000,0.000,0.04
robot,1790488955.02,0.000,0.000,0.03
robot,1790488955.52,0.000,0.000,0.04
robot,1790488956.02,0.000,0.000,0.05
robot,1790488956.52,0.000,0.000,0.05
robot,1790488957.02,0.000,0.000,0.04
robot,1790488957.52,0.000,0.000,0.06
robot,1790488958.02,0.000,0.000,0.06
robot,1790488958.52,0.000,0.000,0.05
robot,1790488959.02,0.000,0.000,0.05
robot,1790488959.52,0.000,0.000,0.04
robot,1790488960.02,0.000,0.000,0.04
robot,1790488960.52,0.000,0.000,0.04
robot,1790488961.02,0.000,0.000,0.04
robot,1790488961.52,0.000,0.000,0.04
robot,1790488962.02,0.000,0.000,0.06
robot,1790488962.52,0.000,0.000,0.07
robot,1790488963.02,0.000,0.000,0.06
robot,1790488963.52,0.000,0.000,0.06
robot,1790488964.02,0.000,0.000,0.07
robot,1790488964.52,0.000,0.000,0.06
robot,1790488965.02,0.000,0.000,0.07
robot,1790488965.52,0.000,0.000,0.07
robot,1790488966.02,0.000,0.000,0.08
robot,1790488966.52,0.000,0.000,0.09
robot,1790488967.02,0.000,0.000,0.09
robot,1790488967.52,0.000,0.000,0.09
robot,1790488968.02,0.000,0.000,0.09
robot,1790488968.52,0.000,0.000,0.09
robot,1790488969.02,0.000,0.000,0.10
robot,1790488969.52,0.000,0.000,0.10
robot,1790488970.02,0.000,0.000,0.07
robot,1790488970.52,0.000,0.000,0.07
robot,1790488971.02,0.000,0.000,0.07
robot,1790488971.52,0.000,0.000,0.06
robot,1790488972.02,0.000,0.000,0.07
robot,1790488972.52,0.000,0.000,0.08
robot,1790488973.02,0.000,0.000,0.09
robot,1790488973.52,0.000,0.000,0.09
robot,1790488974.02,0.000,0.000,0.08
robot,1790488974.52,0.000,0.000,0.08
robot,1790488975.02,0.000,0.000,0.09
robot,1790488975.52,0.000,0.000,0.10
robot,1790488976.02,0.000,0.000,0.10
robot,1790488976.52,0.000,0.000,0.10
robot,1790488977.02,0.000,0.000,0.10
robot,1790488977.52,0.000,0.000,0.11
robot,1790488978.02,0.000,0.000,0.10
robot,1790488978.52,0.000,0.000,0.12
robot,1790488979.02,0.000,0.000,0.13
robot,1790488979.52,0.000,0.000,0.12
robot,1790488980.02,0.000,0.000,0.13
robot,1790488980.52,0.000,0.000,0.13
robot,1790488981.02,0.000,0.000,0.13
robot,1790488981.52,0.000,0.000,0.13
robot,1790488982.02,0.000,0.000,0.13
robot,1790488982.52,0.000,0.000,0.14
robot,1790488983.02,0.000,0.000,0.15
robot,1790488983.52,0.000,0.000,0.14
robot,1790488984.02,0.000,0.000,0.15
robot,1790488984.52,0.000,0.000,0.15
robot,1790488985.02,0.000,0.000,0.15
robot,1790488985.52,0.000,0.000,0.15
robot,1790488986.02,0.000,0.000,0.15
robot,1790488986.52,0.000,0.000,0.15
robot,1790488987.02,0.000,0.000,0.16
robot,1790488987.52,0.000,0.000,0.14
robot,1790488988.02,0.000,0.000,0.15
robot,1790488988.52,0.000,0.000,0.13
robot,1790488989.02,0.000,0.000,0.15
robot,1790488989.52,0.000,0.000,0.15
robot,1790488990.02,0.000,0.000,0.15
robot,1790488990.52,0.000,0.000,0.15
robot,1790488991.02,0.000,0.000,0.15
robot,1790488991.52,0.000,0.000,0.16
robot,1790488992.02,0.000,0.000,0.17
robot,1790488992.52,0.000,0.000,0.18
robot,1790488993.02,0.000,0.000,0.19
robot,1790488993.52,0.000,0.000,0.20
robot,1790488994.02,0.000,0.000,0.22
robot,1790488994.52,0.000,0.000,0.24
robot,1790488995.02,0.000,0.000,0.24
robot,1790488995.52,0.000,0.000,0.25
robot,1790488996.02,0.000,0.000,0.25
robot,1790488996.52,0.000,0.000,0.26
robot,1790488997.02,0.000,0.000,0.26
robot,1790488997.52,0.000,0.000,0.27
robot,1790488998.02,0.000,0.000,0.28
robot,1790488998.52,0.000,0.000,0.30
robot,1790488999.02,0.000,0.000,0.29
robot,1790488999.52,0.000,0.000,0.30
robot,1790489000.02,0.000,0.000,0.31
robot,1790489000.52,0.000,0.000,0.32
robot,1790489001.02,0.000,0.000,0.33
robot,1790489001.52,0.000,0.000,0.34
robot,1790489002.02,0.000,0.000,0.33
robot,1790489002.52,0.000,0.000,0.35
robot,1790489003.02,0.000,0.000,0.37
robot,1790489003.52,0.000,0.000,0.38
robot,1790489004.02,0.000,0.000,0.39
robot,1790489004.52,0.000,0.000,0.40
robot,1790489005.02,0.000,0.000,0.40
robot,1790489005.52,0.000,0.000,0.39
robot,1790489006.02,0.000,0.000,0.39
robot,1790489006.52,0.000,0.000,0.39
robot,1790489007.02,0.000,0.000,0.39
robot,1790489007.52,0.000,0.000,0.38
robot,1790489008.02,0.000,0.000,0.39
robot,1790489008.52,0.000,0.000,0.40
robot,1790489009.02,0.000,0.000,0.39
robot,1790489009.52,0.000,0.000,0.38
robot,1790489010.02,0.000,0.000,0.39
robot,1790489010.52,0.000,0.000,0.39
robot,1790489011.02,0.000,0.000,0.39
robot,1790489011.52,0.000,0.000,0.40
robot,1790489012.02,0.000,0.000,0.40
robot,1790489012.52,0.000,0.000,0.40
robot,1790489013.02,0.000,0.000,0.41
robot,1790489013.52,0.000,0.000,0.40
robot,1790489014.02,0.000,0.000,0.40
robot,1790489014.52,0.000,0.000,0.39
robot,1790489015.02,0.000,0.000,0.40
robot,1790489015.52,0.000,0.000,0.41
robot,1790489016.02,0.000,0.000,0.42
robot,1790489016.52,0.000,0.000,0.43
robot,1790489017.02,0.000,0.000,0.43
robot,1790489017.52,0.000,0.000,0.43
robot,1790489018.02,0.000,0.000,0.43
robot,1790489018.52,0.000,0.000,0.42
robot,1790489019.02,0.000,0.000,0.42
robot,1790489019.52,0.000,0.000,0.42
robot,1790489020.02,0.000,0.000,0.42
robot,1790489020.52,0.000,0.000,0.42
robot,1790489021.02,0.000,0.000,0.42
robot,1790489021.52,0.000,0.000,0.42
robot,1790489022.02,0.000,0.000,0.41
robot,1790489022.52,0.000,0.000,0.42
robot,1790489023.02,0.000,0.000,0.43
robot,1790489023.52,0.000,0.000,0.43
robot,1790489024.02,0.000,0.000,0.42
robot,1790489024.52,0.000,0.000,0.43
robot,1790489025.02,0.000,0.000,0.42
robot,1790489025.52,0.000,0.000,0.42
robot,1790489026.02,0.000,0.000,0.43
robot,1790489026.52,0.000,0.000,0.44
robot,1790489027.02,0.000,0.000,0.44
robot,1790489027.52,0.000,0.000,0.43
robot,1790489028.02,0.000,0.000,0.44
robot,1790489028.52,0.000,0.000,0.44
robot,1790489029.02,0.000,0.000,0.42
robot,1790489029.52,0.000,0.000,0.42
robot,1790489030.02,0.000,0.000,0.41
robot,1790489030.52,0.000,0.000,0.40
robot,1790489031.02,0.000,0.000,0.41
robot,1790489031.52,0.000,0.000,0.40
robot,1790489032.02,0.000,0.000,0.40
robot,1790489032.52,0.000,0.000,0.39
robot,1790489033.02,0.000,0.000,0.40
robot,1790489033.52,0.000,0.000,0.42
robot,1790489034.02,0.000,0.000,0.41
robot,1790489034.52,0.000,0.000,0.41
robot,1790489035.02,0.000,0.000,0.41
robot,1790489035.52,0.000,0.000,0.41
robot,1790489036.02,0.000,0.000,0.40
robot,1790489036.52,0.000,0.000,0.41
robot,1790489037.02,0.000,0.000,0.38
robot,1790489037.52,0.000,0.000,0.39
robot,1790489038.02,0.000,0.000,0.39
robot,1790489038.52,0.000,0.000,0.38
robot,1790489039.02,0.000,0.000,0.39
robot,1790489039.52,0.000,0.000,0.39
robot,1790489040.02,0.000,0.000,0.40
robot,1790489040.52,0.000,0.000,0.41
robot,1790489041.02,0.000,0.000,0.41
robot,1790489041.52,0.000,0.000,0.42
robot,1790489042.02,0.000,0.000,0.42
robot,1790489042.52,0.000,0.000,0.42
robot,1790489043.02,0.000,0.000,0.42
robot,1790489043.52,0.000,0.000,0.41
robot,1790489044.02,0.000,0.000,0.40
robot,1790489044.52,0.000,0.000,0.41
robot,1790489045.02,0.000,0.000,0.41
robot,1790489045.52,0.000,0.000,0.41
robot,1790489046.02,0.000,0.000,0.42
robot,1790489046.52,0.000,0.000,0.42
robot,1790489047.02,0.000,0.000,0.42
robot,1790489047.52,0.000,0.000,0.44
robot,1790489048.02,0.000,0.000,0.42
robot,1790489048.52,0.000,0.000,0.41
robot,1790489049.02,0.000,0.000,0.42
robot,1790489049.52,0.000,0.000,0.41
robot,1790489050.02,0.000,0.000,0.41
robot,1790489050.52,0.000,0.000,0.41
robot,1790489051.02,0.000,0.000,0.42
robot,1790489051.52,0.000,0.000,0.42
robot,1790489052.02,0.000,0.000,0.39
robot,1790489052.52,0.000,0.000,0.40
robot,1790489053.02,0.000,0.000,0.39
robot,1790489053.52,0.000,0.000,0.38
robot,1790489054.02,0.000,0.000,0.38
robot,1790489054.52,0.000,0.000,0.38
robot,1790489055.02,0.000,0.000,0.37
robot,1790489055.52,0.000,0.000,0.36
robot,1790489056.02,0.000,0.000,0.35
robot,1790489056.52,0.000,0.000,0.34
robot,1790489057.02,0.000,0.000,0.32
robot,1790489057.52,0.000,0.000,0.31
robot,1790489058.02,0.000,0.000,0.30
robot,1790489058.52,0.000,0.000,0.30
robot,1790489059.02,0.000,0.000,0.30
robot,1790489059.52,0.000,0.000,0.32
robot,1790489060.02,0.000,0.000,0.33
robot,1790489060.52,0.000,0.000,0.33
robot,1790489061.02,0.000,0.000,0.33
robot,1790489061.52,0.000,0.000,0.34
robot,1790489062.02,0.000,0.000,0.34
robot,1790489062.52,0.000,0.000,0.33
robot,1790489063.02,0.000,0.000,0.33
robot,1790489063.52,0.000,0.000,0.33
robot,1790489064.02,0.000,0.000,0.34
robot,1790489064.52,0.000,0.000,0.33
robot,1790489065.02,0.000,0.000,0.31
robot,1790489065.52,0.000,0.000,0.31
robot,1790489066.02,0.000,0.000,0.31
robot,1790489066.52,0.000,0.000,0.30
robot,1790489067.02,0.000,0.000,0.30
robot,1790489067.52,0.000,0.000,0.31
robot,1790489068.02,0.000,0.000,0.32
robot,1790489068.52,0.000,0.000,0.32
robot,1790489069.02,0.000,0.000,0.32
robot,1790489069.52,0.000,0.000,0.32
robot,1790489070.02,0.000,0.000,0.34
robot,1790489070.52,0.000,0.000,0.33
robot,1790489071.02,0.000,0.000,0.33
robot,1790489071.52,0.000,0.000,0.31
robot,1790489072.02,0.000,0.000,0.33
robot,1790489072.52,0.000,0.000,0.34
robot,1790489073.02,0.000,0.000,0.35
robot,1790489073.52,0.002,0.000,0.26
robot,1790489074.02,0.093,0.000,0.28
robot,1790489074.52,0.233,0.001,0.23
robot,1790489075.02,0.368,0.002,0.28
robot,1790489075.52,0.504,0.002,0.26
robot,1790489076.02,0.633,0.003,0.31
robot,1790489076.52,0.747,0.004,0.36
robot,1790489077.02,0.859,0.004,0.41
robot,1790489077.52,0.971,0.005,0.45
robot,1790489078.02,1.078,0.006,0.49
robot,1790489078.52,1.169,0.007,0.54
robot,1790489079.02,1.252,0.008,0.55
robot,1790489079.52,1.331,0.009,0.55
robot,1790489080.02,1.408,0.009,0.61
robot,1790489080.52,1.483,0.010,0.62
robot,1790489081.02,1.563,0.011,0.63
robot,1790489081.52,1.643,0.012,0.65
robot,1790489082.02,1.719,0.013,0.70
robot,1790489082.52,1.796,0.014,0.74
robot,1790489083.02,1.870,0.015,0.79
robot,1790489083.52,1.943,0.016,0.83
robot,1790489084.02,2.022,0.017,0.93
robot,1790489084.52,2.102,0.018,0.95
robot,1790489085.02,2.182,0.020,0.97
robot,1790489085.52,2.263,0.021,0.98
robot,1790489086.02,2.342,0.022,1.03
robot,1790489086.52,2.421,0.024,1.05
robot,1790489087.02,2.512,0.025,1.08
robot,1790489087.52,2.609,0.027,1.09
robot,1790489088.02,2.709,0.029,1.14
robot,1790489088.52,2.811,0.031,1.17
robot,1790489089.02,2.913,0.033,1.21
robot,1790489089.52,3.012,0.036,1.26
robot,1790489090.02,3.112,0.038,1.29
robot,1790489090.52,3.210,0.040,1.32
robot,1790489091.02,3.317,0.042,1.32
robot,1790489091.52,3.421,0.045,1.37
robot,1790489092.02,3.528,0.047,1.41
robot,1790489092.52,3.632,0.050,1.43
robot,1790489093.02,3.739,0.053,1.50
robot,1790489093.52,3.843,0.056,1.52
robot,1790489094.02,3.949,0.058,1.52
robot,1790489094.52,4.053,0.061,1.58
robot,1790489095.02,4.160,0.064,1.62
robot,1790489095.52,4.264,0.067,1.66
robot,1790489096.02,4.369,0.070,1.69
robot,1790489096.52,4.475,0.073,1.74
robot,1790489097.02,4.579,0.077,1.79
robot,1790489097.52,4.687,0.080,1.82
robot,1790489098.02,4.791,0.083,1.86
robot,1790489098.52,4.896,0.087,1.90
robot,1790489100.86,5.386,0.104,2.02
robot,1790489101.02,5.420,0.105,2.05
robot,1790489101.52,5.526,0.109,2.09
robot,1790489102.02,5.631,0.112,2.16
robot,1790489102.52,5.739,0.117,2.16
robot,1790489103.02,5.848,0.121,2.19
robot,1790489103.52,5.958,0.125,2.24
robot,1790489104.02,6.069,0.129,2.32
robot,1790489104.52,6.183,0.134,2.33
robot,1790489105.02,6.300,0.139,2.36
robot,1790489105.52,6.420,0.144,2.39
robot,1790489106.02,6.540,0.149,2.43
robot,1790489106.52,6.658,0.154,2.48
robot,1790489107.02,6.780,0.159,2.48
robot,1790489107.52,6.897,0.164,2.52
robot,1790489108.02,7.021,0.170,2.57
robot,1790489108.52,7.141,0.175,2.66
robot,1790489109.02,7.261,0.181,2.68
robot,1790489109.52,7.383,0.187,2.71
robot,1790489110.02,7.499,0.192,2.78
robot,1790489110.52,7.618,0.198,2.79
robot,1790489111.02,7.741,0.204,2.82
robot,1790489111.52,7.862,0.210,2.86
robot,1790489112.02,7.983,0.216,2.87
robot,1790489112.52,8.104,0.222,2.91
robot,1790489113.02,8.224,0.228,2.93
robot,1790489113.52,8.344,0.234,2.97
robot,1790489114.02,8.462,0.240,3.00
robot,1790489114.52,8.584,0.247,3.04
robot,1790489115.02,8.703,0.253,3.04
robot,1790489115.52,8.823,0.260,3.11
robot,1790489116.02,8.943,0.266,3.15
robot,1790489116.52,9.062,0.273,3.19
robot,1790489117.02,9.185,0.280,3.24
robot,1790489117.52,9.305,0.287,3.32
robot,1790489118.02,9.424,0.294,3.34
robot,1790489118.52,9.544,0.301,3.38
robot,1790489119.02,9.663,0.308,3.44
robot,1790489119.52,9.782,0.315,3.50
robot,1790489120.02,9.903,0.322,3.50
robot,1790489120.52,10.023,0.330,3.55
robot,1790489121.02,10.141,0.337,3.56
robot,1790489121.52,10.262,0.345,3.62
robot,1790489122.02,10.382,0.352,3.67
robot,1790489122.52,10.502,0.360,3.70
robot,1790489123.02,10.619,0.368,3.74
robot,1790489123.52,10.743,0.376,3.83
robot,1790489124.02,10.871,0.384,3.84
robot,1790489124.52,10.999,0.393,3.92
robot,1790489125.02,11.128,0.402,3.92
robot,1790489125.52,11.257,0.411,3.99
robot,1790489126.02,11.372,0.419,4.01
robot,1790489126.52,11.489,0.427,4.05
robot,1790489127.02,11.605,0.435,4.04
robot,1790489127.52,11.717,0.442,1.23
robot,1790489128.02,11.801,0.441,-0.38
robot,1790489128.52,11.880,0.441,-0.45
robot,1790489129.02,11.971,0.440,-0.53
robot,1790489129.52,12.070,0.439,-0.76
robot,1790489130.02,12.166,0.435,-5.47
robot,1790489130.52,12.263,0.421,-10.81
robot,1790489131.02,12.365,0.397,-15.35
robot,1790489131.52,12.492,0.361,-15.91
robot,1790489132.02,12.631,0.321,-15.92
robot,1790489132.52,12.771,0.281,-15.91
robot,1790489133.02,12.913,0.241,-15.96
robot,1790489133.52,13.061,0.199,-15.94
robot,1790489134.02,13.207,0.157,-15.89
robot,1790489134.52,13.358,0.114,-15.85
robot,1790489135.02,13.518,0.069,-15.82
robot,1790489135.52,13.687,0.024,-12.82
robot,1790489136.02,13.865,-0.007,-6.48
robot,1790489136.52,14.039,-0.018,-1.94
robot,1790489137.02,14.218,-0.023,-0.98
robot,1790489137.52,14.402,-0.025,-0.33
robot,1790489138.02,14.581,-0.025,0.27
robot,1790489138.52,14.758,-0.024,0.41
robot,1790489139.02,14.940,-0.022,0.63
robot,1790489139.52,15.123,-0.020,0.67
robot,1790489140.02,15.309,-0.018,0.79
robot,1790489140.52,15.494,-0.015,0.84
robot,1790489141.02,15.680,-0.012,0.92
robot,1790489141.52,15.734,-0.011,0.88
robot,1790489142.02,15.734,-0.011,0.92
robot,1790489142.52,15.735,-0.011,1.31
robot,1790489143.02,15.734,-0.012,8.08
robot,1790489143.52,15.733,-0.012,17.37
robot,1790489144.02,15.733,-0.012,26.85
robot,1790489144.52,15.734,-0.012,36.93
robot,1790489145.02,15.734,-0.012,47.05
robot,1790489145.52,15.734,-0.011,57.39
robot,1790489146.02,15.735,-0.011,67.56
robot,1790489146.52,15.734,-0.013,77.84
robot,1790489147.02,15.734,-0.013,88.21
robot,1790489147.52,15.734,-0.011,98.65
robot,1790489148.02,15.734,-0.011,109.08
robot,1790489148.52,15.734,-0.012,119.71
robot,1790489149.02,15.734,-0.011,130.24
robot,1790489149.52,15.734,-0.011,140.79
robot,1790489150.02,15.735,-0.012,151.38
robot,1790489150.52,15.735,-0.012,162.32
robot,1790489151.02,15.733,-0.012,173.46
robot,1790489151.52,15.734,-0.012,184.73
robot,1790489152.02,15.735,-0.012,196.00
robot,1790489152.52,15.734,-0.012,207.22
robot,1790489153.02,15.735,-0.011,218.38
robot,1790489153.52,15.736,-0.011,229.41
robot,1790489154.02,15.735,-0.012,240.15
robot,1790489154.52,15.735,-0.013,250.77
robot,1790489155.02,15.734,-0.014,261.34
robot,1790489155.52,15.734,-0.013,271.95
robot,1790489156.02,15.735,-0.014,282.62
robot,1790489156.52,15.734,-0.013,293.10
robot,1790489157.02,15.734,-0.012,303.75
robot,1790489157.52,15.735,-0.013,314.64
robot,1790489158.02,15.733,-0.012,325.81
robot,1790489158.52,15.735,-0.013,337.03
robot,1790489159.02,15.734,-0.013,348.28
robot,1790489159.52,15.735,-0.013,359.46
robot,1790489160.02,15.735,-0.013,370.54
robot,1790489160.52,15.735,-0.013,381.62
robot,1790489161.02,15.734,-0.013,392.57
robot,1790489161.52,15.734,-0.014,403.80
robot,1790489162.02,15.734,-0.013,414.57
robot,1790489162.52,15.734,-0.014,425.25
robot,1790489163.02,15.735,-0.012,436.11
robot,1790489163.52,15.735,-0.013,446.93
robot,1790489164.02,15.735,-0.014,457.98
robot,1790489164.52,15.734,-0.012,469.19
robot,1790489165.02,15.735,-0.013,480.12
robot,1790489165.52,15.735,-0.014,490.97
robot,1790489166.02,15.735,-0.014,502.01
robot,1790489166.52,15.734,-0.013,513.08
robot,1790489167.02,15.734,-0.013,524.10
robot,1790489167.52,15.734,-0.013,535.23
robot,1790489168.02,15.734,-0.013,538.01
robot,1790489168.52,15.733,-0.013,537.98
robot,1790489169.02,15.733,-0.013,537.99
robot,1790489169.52,15.733,-0.013,537.96
robot,1790489170.02,15.733,-0.013,537.96
robot,1790489170.52,15.733,-0.013,537.96
robot,1790489171.02,15.733,-0.013,537.95
robot,1790489171.52,15.733,-0.013,537.96
robot,1790489172.02,15.733,-0.013,537.95
robot,1790489172.52,15.733,-0.013,537.96
robot,1790489173.02,15.733,-0.013,537.95
robot,1790489173.52,15.733,-0.013,537.95
robot,1790489174.02,15.733,-0.013,537.96
robot,1790489174.52,15.733,-0.013,537.96
robot,1790489175.02,15.733,-0.013,537.95
robot,1790489175.52,15.733,-0.013,537.94
robot,1790489176.02,15.733,-0.013,537.93
robot,1790489176.52,15.733,-0.013,537.92
robot,1790489177.02,15.733,-0.013,537.92
robot,1790489177.52,15.733,-0.013,537.91
robot,1790489178.02,15.733,-0.013,537.88
robot,1790489178.52,15.733,-0.013,537.87
robot,1790489179.02,15.733,-0.013,537.87
robot,1790489179.52,15.733,-0.013,537.88
robot,1790489180.02,15.733,-0.013,537.88
robot,1790489180.52,15.733,-0.013,537.92
robot,1790489181.02,15.680,-0.011,538.01
robot,1790489181.52,15.567,-0.007,538.15
robot,1790489182.02,15.441,-0.003,538.22
robot,1790489182.52,15.309,0.001,538.35
robot,1790489183.02,15.167,0.004,538.48
robot,1790489183.52,15.015,0.008,538.52
robot,1790489184.02,14.863,0.012,538.60
robot,1790489184.52,14.707,0.016,538.72
robot,1790489185.02,14.553,0.019,538.81
robot,1790489185.52,14.400,0.022,538.82
robot,1790489186.02,14.242,0.026,538.96
robot,1790489186.52,14.086,0.028,538.98
robot,1790489187.02,13.930,0.031,539.08
robot,1790489187.52,13.779,0.033,539.17
robot,1790489188.02,13.624,0.035,539.25
robot,1790489188.52,13.462,0.037,539.30
robot,1790489189.02,13.296,0.039,539.38
robot,1790489189.52,13.129,0.041,539.41
robot,1790489190.02,12.965,0.043,539.49
robot,1790489190.52,12.799,0.044,539.62
robot,1790489191.02,12.634,0.045,539.66
robot,1790489191.52,12.467,0.046,539.71
robot,1790489192.02,12.305,0.047,539.77
robot,1790489192.52,12.138,0.047,539.90
robot,1790489193.02,11.971,0.047,539.94
robot,1790489193.52,11.807,0.047,540.01
robot,1790489194.02,11.639,0.047,540.07
robot,1790489194.52,11.466,0.047,540.15
robot,1790489195.02,11.298,0.046,540.19
robot,1790489195.52,11.130,0.046,540.22
robot,1790489196.02,10.956,0.045,540.32
robot,1790489196.52,10.788,0.044,540.41
robot,1790489197.02,10.618,0.043,540.47
robot,1790489197.52,10.447,0.041,540.50
robot,1790489198.02,10.277,0.040,540.57
robot,1790489198.52,10.111,0.038,540.65
robot,1790489199.02,9.947,0.036,540.66
robot,1790489199.52,9.782,0.034,540.75
robot,1790489200.02,9.616,0.032,540.86
robot,1790489200.52,9.453,0.029,540.91
robot,1790489201.02,9.287,0.027,540.90
robot,1790489201.52,9.124,0.024,540.94
robot,1790489202.02,8.979,0.021,540.98
robot,1790489202.52,8.812,0.018,541.08
robot,1790489203.02,8.643,0.015,541.15
robot,1790489203.52,8.473,0.012,541.17
robot,1790489204.02,8.307,0.008,541.24
robot,1790489204.52,8.131,0.004,541.30
robot,1790489205.02,7.945,0.000,541.29
robot,1790489205.52,7.760,-0.004,541.43
robot,1790489206.02,7.578,-0.009,541.48
robot,1790489206.52,7.390,-0.014,541.55
robot,1790489207.02,7.204,-0.019,541.53
robot,1790489207.52,7.021,-0.024,541.70
robot,1790489208.02,6.844,-0.029,541.69
robot,1790489208.52,6.671,-0.035,541.62
robot,1790489209.02,6.494,-0.037,538.97
robot,1790489209.52,6.327,-0.033,538.73
robot,1790489210.02,6.161,-0.029,538.69
robot,1790489210.52,5.988,-0.025,538.62
robot,1790489211.02,5.812,-0.021,538.69
robot,1790489211.52,5.624,-0.017,538.76
robot,1790489212.02,5.428,-0.013,538.89
robot,1790489212.52,5.231,-0.009,538.94
robot,1790489213.02,5.032,-0.006,538.99
robot,1790489213.52,4.832,-0.002,539.06
robot,1790489214.02,4.632,0.001,539.17
robot,1790489214.52,4.432,0.004,539.25
robot,1790489215.02,4.231,0.006,539.26
robot,1790489215.52,4.033,0.009,539.37
robot,1790489216.02,3.831,0.011,539.47
robot,1790489216.52,3.630,0.012,539.51
robot,1790489217.02,3.430,0.014,539.61
robot,1790489217.52,3.229,0.015,539.67
robot,1790489218.02,3.030,0.016,539.71
robot,1790489218.52,2.828,0.017,539.77
robot,1790489219.02,2.630,0.018,539.93
robot,1790489219.52,2.432,0.018,539.95
robot,1790489220.02,2.235,0.018,540.00
robot,1790489220.52,2.032,0.018,540.08
robot,1790489221.02,1.827,0.018,540.17
robot,1790489221.52,1.627,0.017,540.23
robot,1790489222.02,1.428,0.016,540.30
robot,1790489222.52,1.225,0.014,540.48
robot,1790489223.02,1.027,0.013,540.51
robot,1790489223.52,0.832,0.011,540.60
robot,1790489224.02,0.634,0.009,540.70
robot,1790489224.52,0.445,0.006,540.75
robot,1790489225.02,0.273,0.004,540.70
robot,1790489225.52,0.254,0.004,540.78
robot,1790489226.02,0.254,0.004,540.79
robot,1790489226.52,0.254,0.004,540.79
robot,1790489227.02,0.254,0.004,540.78
robot,1790489227.52,0.254,0.004,540.79
robot,1790489228.02,0.254,0.004,540.79
robot,1790489228.52,0.254,0.004,540.78
robot,1790489229.02,0.254,0.004,540.79
robot,1790489229.52,0.254,0.004,540.78
robot,1790489230.02,0.254,0.004,540.78
robot,1790489230.52,0.254,0.004,540.78
robot,1790489231.02,0.254,0.004,540.78
robot,1790489231.52,0.254,0.004,540.76
robot,1790489232.02,0.254,0.004,540.78
robot,1790489232.52,0.254,0.004,540.80
robot,1790489233.02,0.254,0.004,540.80
robot,1790489233.52,0.254,0.004,540.82
robot,1790489234.02,0.254,0.004,540.82
robot,1790489234.52,0.254,0.004,540.84
robot,1790489235.02,0.254,0.004,540.84
robot,1790489235.52,0.254,0.004,540.85
robot,1790489236.02,0.254,0.004,540.85
robot,1790489236.52,0.254,0.004,540.86
robot,1790489237.02,0.254,0.004,540.84
robot,1790489237.52,0.254,0.004,540.86
robot,1790489238.02,0.254,0.004,540.86
robot,1790489238.52,0.254,0.004,540.86
robot,1790489239.02,0.254,0.004,540.86
robot,1790489239.52,0.254,0.004,540.88
robot,1790489240.02,0.254,0.004,540.88
robot,1790489240.52,0.254,0.004,540.88
robot,1790489241.02,0.254,0.004,540.88
robot,1790489241.52,0.254,0.004,540.88
robot,1790489242.02,0.254,0.004,540.88
robot,1790489242.52,0.254,0.004,540.88
robot,1790489243.02,0.254,0.004,540.86
robot,1790489243.52,0.254,0.004,540.85
robot,1790489244.02,0.254,0.004,540.87
robot,1790489244.52,0.254,0.004,540.87
robot,1790489245.02,0.254,0.004,540.86
robot,1790489245.52,0.254,0.004,540.87
robot,1790489246.02,0.254,0.004,540.86
robot,1790489246.52,0.254,0.004,540.88
robot,1790489247.02,0.254,0.004,540.89
robot,1790489247.52,0.254,0.004,540.88
robot,1790489248.02,0.254,0.004,540.86
robot,1790489248.52,0.254,0.004,540.88
robot,1790489249.02,0.254,0.004,540.89
robot,1790489249.52,0.254,0.004,540.88
robot,1790489250.02,0.254,0.004,540.88
robot,1790489250.52,0.254,0.004,540.87
robot,1790489251.02,0.254,0.004,540.87
robot,1790489251.52,0.254,0.004,540.88
robot,1790489252.02,0.254,0.004,540.86
robot,1790489252.52,0.254,0.004,540.84
robot,1790489253.02,0.254,0.004,540.83
robot,1790489253.52,0.254,0.004,540.84
robot,1790489254.02,0.254,0.004,540.82
robot,1790489254.52,0.254,0.004,540.83
robot,1790489255.02,0.254,0.004,540.82
robot,1790489255.52,0.254,0.004,540.80
robot,1790489256.02,0.254,0.004,540.80
robot,1790489256.52,0.254,0.004,540.81
robot,1790489257.02,0.254,0.004,540.80
robot,1790489257.52,0.254,0.004,540.80
robot,1790489258.02,0.254,0.004,540.80
robot,1790489258.52,0.254,0.004,540.80
robot,1790489259.02,0.254,0.004,540.80
robot,1790489259.52,0.254,0.004,540.80
robot,1790489260.02,0.254,0.004,540.79
robot,1790489260.52,0.254,0.004,540.79
robot,1790489261.02,0.254,0.004,540.80
robot,1790489261.52,0.254,0.004,540.79
robot,1790489262.02,0.254,0.004,540.79
robot,1790489262.52,0.254,0.004,540.78
robot,1790489263.02,0.254,0.004,540.78
robot,1790489263.52,0.254,0.004,540.77
robot,1790489264.02,0.254,0.004,540.75
robot,1790489264.52,0.254,0.004,540.75
robot,1790489265.02,0.254,0.004,540.72
robot,1790489265.52,0.254,0.004,540.72
robot,1790489266.02,0.254,0.004,540.74
robot,1790489266.52,0.254,0.004,540.74
robot,1790489267.02,0.254,0.004,540.74
robot,1790489267.52,0.254,0.004,540.75
robot,1790489268.02,0.254,0.004,540.75
robot,1790489268.52,0.254,0.004,540.74
robot,1790489269.02,0.254,0.004,540.74
robot,1790489269.52,0.254,0.004,540.75
robot,1790489270.02,0.254,0.004,540.75
robot,1790489270.52,0.254,0.004,540.74
robot,1790489271.02,0.254,0.004,540.74
robot,1790489271.52,0.254,0.004,543.76
robot,1790489272.02,0.253,0.004,555.65
robot,1790489272.52,0.253,0.004,568.00
robot,1790489273.02,0.255,0.004,580.15
robot,1790489273.52,0.254,0.004,592.45
robot,1790489274.02,0.253,0.003,604.53
robot,1790489274.52,0.254,0.005,616.64
robot,1790489275.02,0.254,0.004,624.55
robot,1790489275.52,0.254,0.004,630.56
robot,1790489276.02,0.254,0.003,630.40
robot,1790489276.52,0.254,-0.047,630.47
robot,1790489277.02,0.256,-0.175,630.70
robot,1790489277.52,0.258,-0.340,630.87
robot,1790489278.02,0.261,-0.514,631.02
robot,1790489278.52,0.264,-0.691,631.08
robot,1790489279.02,0.268,-0.871,631.13
robot,1790489279.52,0.271,-1.052,631.20
robot,1790489280.02,0.275,-1.231,631.30
robot,1790489280.52,0.279,-1.411,631.35
robot,1790489281.02,0.284,-1.589,631.46
robot,1790489281.52,0.288,-1.770,631.50
robot,1790489282.02,0.293,-1.948,631.55
robot,1790489282.52,0.298,-2.119,631.56
robot,1790489283.02,0.303,-2.290,631.62
robot,1790489283.52,0.307,-2.458,631.67
robot,1790489284.02,0.312,-2.617,631.37
robot,1790489284.52,0.314,-2.769,629.91
robot,1790489285.02,0.313,-2.928,629.65
robot,1790489285.52,0.312,-3.101,629.58
robot,1790489286.02,0.310,-3.294,629.65
robot,1790489286.52,0.309,-3.489,629.59
robot,1790489287.02,0.308,-3.682,629.63
robot,1790489287.52,0.307,-3.881,629.70
robot,1790489288.02,0.306,-4.074,629.70
robot,1790489288.52,0.305,-4.267,629.81
robot,1790489289.02,0.304,-4.460,629.86
robot,1790489289.52,0.304,-4.655,629.89
robot,1790489290.02,0.304,-4.852,630.03
robot,1790489290.52,0.304,-5.048,630.10
robot,1790489291.02,0.304,-5.241,630.19
robot,1790489291.52,0.305,-5.437,630.35
robot,1790489292.02,0.307,-5.632,630.37
robot,1790489292.52,0.308,-5.824,630.42
robot,1790489293.02,0.310,-6.019,630.56
robot,1790489293.52,0.311,-6.212,630.55
robot,1790489294.02,0.313,-6.405,630.65
robot,1790489294.52,0.316,-6.591,630.67
robot,1790489295.02,0.318,-6.771,630.76
robot,1790489295.52,0.320,-6.947,630.74
robot,1790489296.02,0.322,-7.114,630.83
robot,1790489296.52,0.325,-7.280,630.82
robot,1790489297.02,0.326,-7.443,629.60
robot,1790489297.52,0.323,-7.597,628.85
robot,1790489298.02,0.320,-7.761,628.84
robot,1790489298.52,0.316,-7.933,628.77
robot,1790489299.02,0.313,-8.103,628.79
robot,1790489299.52,0.309,-8.273,628.83
robot,1790489300.02,0.306,-8.442,628.92
robot,1790489300.52,0.303,-8.609,628.96
robot,1790489301.02,0.300,-8.784,629.02
robot,1790489301.52,0.297,-8.953,629.06
robot,1790489302.02,0.294,-9.125,629.10
robot,1790489303.18,0.288,-9.519,629.22
robot,1790489303.52,0.287,-9.640,629.25
robot,1790489304.02,0.285,-9.816,629.29
robot,1790489304.52,0.283,-9.988,629.38
robot,1790489305.02,0.281,-10.163,629.41
robot,1790489305.52,0.279,-10.338,629.47
robot,1790489306.02,0.278,-10.512,629.57
robot,1790489306.52,0.276,-10.684,629.56
robot,1790489307.02,0.275,-10.838,629.61
robot,1790489307.52,0.274,-10.989,629.62
robot,1790489308.02,0.273,-11.145,629.65
robot,1790489308.52,0.273,-11.292,629.71
robot,1790489309.02,0.272,-11.438,629.75
robot,1790489309.52,0.271,-11.584,629.79
robot,1790489310.02,0.271,-11.730,629.82
robot,1790489310.52,0.271,-11.874,629.88
robot,1790489311.02,0.270,-12.019,629.90
robot,1790489311.52,0.270,-12.165,629.97
robot,1790489312.02,0.270,-12.308,630.01
robot,1790489312.52,0.270,-12.453,630.06
robot,1790489313.02,0.271,-12.600,630.17
robot,1790489313.52,0.271,-12.748,630.26
robot,1790489314.02,0.272,-12.900,630.29
robot,1790489314.52,0.273,-13.058,630.33
robot,1790489315.02,0.274,-13.214,630.38
robot,1790489315.52,0.275,-13.362,630.43
robot,1790489316.02,0.276,-13.506,629.94
robot,1790489321.80,0.221,-15.477,628.56
robot,1790489322.02,0.219,-15.552,628.62
robot,1790489322.52,0.215,-15.699,628.66
robot,1790489323.02,0.212,-15.840,628.68
robot,1790489323.52,0.211,-15.899,628.63
robot,1790489324.02,0.211,-15.898,628.64
robot,1790489324.52,0.211,-15.898,628.65
robot,1790489325.22,0.211,-15.898,630.18
robot,1790489327.72,0.210,-15.898,666.57
robot,1790489328.02,0.211,-15.899,671.96
robot,1790489328.52,0.211,-15.899,681.70
robot,1790489329.02,0.210,-15.898,692.36
robot,1790489329.52,0.210,-15.899,702.98
robot,1790489330.02,0.210,-15.899,713.78
robot,1790489330.52,0.211,-15.899,724.33
robot,1790489331.02,0.210,-15.899,734.80
robot,1790489331.52,0.211,-15.899,745.01
robot,1790489332.02,0.211,-15.899,755.38
robot,1790489332.52,0.209,-15.900,765.88
robot,1790489333.02,0.210,-15.899,776.39
robot,1790489333.52,0.211,-15.898,786.99
robot,1790489334.02,0.210,-15.899,797.67
robot,1790489334.52,0.210,-15.899,808.32
robot,1790489335.02,0.210,-15.898,818.74
robot,1790489335.52,0.210,-15.900,829.02
robot,1790489336.02,0.211,-15.900,839.20
robot,1790489336.52,0.211,-15.900,849.35
robot,1790489337.02,0.210,-15.898,859.44
robot,1790489337.52,0.210,-15.899,869.84
robot,1790489338.02,0.210,-15.899,880.15
robot,1790489338.52,0.211,-15.899,890.22
robot,1790489339.02,0.210,-15.899,894.52
robot,1790489339.52,0.210,-15.899,894.47
robot,1790489340.02,0.210,-15.899,896.36
robot,1790489340.52,0.210,-15.899,902.92
robot,1790489341.02,0.210,-15.899,909.99
robot,1790489341.52,0.210,-15.899,917.02
robot,1790489342.02,0.209,-15.899,924.05
robot,1790489342.52,0.210,-15.899,931.09
robot,1790489343.02,0.211,-15.899,938.56
robot,1790489343.52,0.210,-15.899,946.81
robot,1790489344.02,0.210,-15.899,955.20
robot,1790489344.52,0.210,-15.900,963.63
robot,1790489345.02,0.209,-15.900,972.00
robot,1790489345.52,0.210,-15.900,980.60
robot,1790489346.02,0.210,-15.900,989.34
robot,1790489346.52,0.210,-15.901,998.08
robot,1790489347.02,0.210,-15.900,1006.67
robot,1790489347.52,0.210,-15.900,1015.29
robot,1790489348.02,0.209,-15.899,1023.71
robot,1790489348.52,0.209,-15.900,1032.09
robot,1790489349.02,0.210,-15.901,1040.34
robot,1790489349.52,0.210,-15.900,1048.77
robot,1790489350.02,0.211,-15.901,1057.27
robot,1790489350.52,0.211,-15.901,1065.65
robot,1790489351.02,0.210,-15.900,1074.17
robot,1790489351.52,0.209,-15.900,1082.53
robot,1790489352.02,0.209,-15.900,1090.78
robot,1790489352.52,0.210,-15.900,1099.03
robot,1790489353.02,0.210,-15.900,1107.21
robot,1790489353.52,0.210,-15.900,1115.32
robot,1790489354.02,0.210,-15.900,1123.48
robot,1790489354.52,0.209,-15.901,1131.85
robot,1790489355.02,0.209,-15.901,1140.19
robot,1790489355.52,0.210,-15.900,1148.62
robot,1790489356.02,0.210,-15.900,1157.08
robot,1790489356.52,0.210,-15.901,1165.49
robot,1790489357.02,0.210,-15.900,1169.29
robot,1790489357.52,0.210,-15.900,1169.26
robot,1790489358.02,0.210,-15.899,1169.36
robot,1790489358.52,0.211,-15.789,1169.42
robot,1790489359.02,0.212,-15.636,1169.57
robot,1790489359.52,0.213,-15.479,1169.67
robot,1790489360.02,0.214,-15.316,1169.78
robot,1790489360.52,0.215,-15.156,1169.87
robot,1790489361.02,0.215,-14.994,1169.93
robot,1790489361.52,0.215,-14.829,1169.98
robot,1790489362.02,0.215,-14.652,1170.09
robot,1790489362.52,0.214,-14.460,1170.16
robot,1790489363.02,0.214,-14.258,1170.24
robot,1790489363.52,0.213,-14.057,1170.34
robot,1790489364.02,0.211,-13.859,1170.42
robot,1790489364.52,0.210,-13.655,1170.47
robot,1790489365.02,0.208,-13.456,1170.60
robot,1790489365.52,0.206,-13.256,1170.67
robot,1790489366.02,0.203,-13.056,1170.73
robot,1790489366.52,0.201,-12.859,1170.85
robot,1790489367.02,0.197,-12.657,1170.94
robot,1790489367.52,0.194,-12.459,1171.00
robot,1790489368.02,0.191,-12.256,1170.99
robot,1790489368.52,0.187,-12.055,1171.13
robot,1790489369.02,0.183,-11.859,1171.20
robot,1790489369.52,0.178,-11.658,1171.24
robot,1790489370.02,0.174,-11.455,1171.30
robot,1790489370.52,0.169,-11.256,1171.41
robot,1790489371.02,0.164,-11.055,1171.44
robot,1790489371.52,0.159,-10.856,1171.48
robot,1790489372.02,0.154,-10.652,1171.60
robot,1790489372.52,0.148,-10.451,1171.65
robot,1790489373.02,0.142,-10.254,1171.71
robot,1790489373.52,0.136,-10.055,1171.82
robot,1790489374.02,0.130,-9.859,1171.91
robot,1790489374.52,0.123,-9.658,1171.94
robot,1790489375.02,0.116,-9.457,1172.01
robot,1790489375.52,0.109,-9.260,1172.11
robot,1790489376.02,0.102,-9.067,1172.15
robot,1790489376.52,0.094,-8.871,1172.21
robot,1790489377.02,0.086,-8.678,1172.32
robot,1790489377.52,0.079,-8.498,1172.42
robot,1790489378.02,0.072,-8.326,1172.46
robot,1790489378.52,0.066,-8.154,1170.87
robot,1790489379.02,0.064,-7.988,1170.57
robot,1790489379.52,0.063,-7.807,1170.51
robot,1790489380.02,0.061,-7.627,1170.50
robot,1790489380.52,0.059,-7.445,1170.56
robot,1790489381.02,0.058,-7.271,1170.61
robot,1790489381.52,0.056,-7.098,1170.66
robot,1790489382.02,0.053,-6.920,1170.72
robot,1790489382.52,0.052,-6.754,1169.82
robot,1790489383.02,0.054,-6.596,1169.30
robot,1790489383.52,0.056,-6.424,1169.33
robot,1790489384.02,0.058,-6.247,1169.32
robot,1790489384.52,0.060,-6.062,1169.38
robot,1790489385.02,0.062,-5.879,1169.45
robot,1790489385.52,0.063,-5.695,1169.51
robot,1790489386.02,0.065,-5.508,1169.54
robot,1790489386.52,0.066,-5.318,1169.65
robot,1790489387.02,0.067,-5.117,1169.71
robot,1790489387.52,0.068,-4.917,1169.71
robot,1790489388.02,0.069,-4.717,1169.79
robot,1790489388.52,0.070,-4.515,1169.84
robot,1790489393.68,0.091,-2.522,1167.92
robot,1790489394.02,0.096,-2.393,1167.96
robot,1790489394.52,0.103,-2.203,1168.01
robot,1790489395.02,0.109,-2.017,1168.07
robot,1790489395.52,0.115,-1.829,1168.06
robot,1790489396.02,0.122,-1.639,1168.14
robot,1790489396.52,0.128,-1.448,1168.19
robot,1790489397.02,0.133,-1.265,1168.23
robot,1790489411.60,0.325,-0.214,1077.46
robot,1790489412.02,0.325,-0.214,1077.44
robot,1790489412.52,0.325,-0.214,1077.44
robot,1790489413.02,0.325,-0.214,1077.44
robot,1790489413.52,0.325,-0.214,1077.44
robot,1790489414.02,0.325,-0.214,1077.43
robot,1790489414.52,0.325,-0.214,1077.43
robot,1790489415.02,0.325,-0.214,1077.41
robot,1790489415.52,0.325,-0.214,1077.38
robot,1790489416.02,0.325,-0.214,1077.39
robot,1790489416.52,0.325,-0.214,1077.39
robot,1790489417.02,0.325,-0.214,1077.41
robot,1790489417.52,0.325,-0.214,1077.41
robot,1790489418.02,0.325,-0.214,1077.40
robot,1790489418.52,0.325,-0.214,1077.41
robot,1790489419.02,0.325,-0.214,1077.40
robot,1790489419.52,0.325,-0.214,1077.38
robot,1790489420.02,0.325,-0.214,1077.37
robot,1790489420.52,0.325,-0.214,1077.37
robot,1790489421.02,0.325,-0.214,1077.36
robot,1790489421.52,0.325,-0.214,1077.33
robot,1790489422.02,0.325,-0.214,1077.32
robot,1790489422.52,0.325,-0.214,1077.34
robot,1790489423.02,0.325,-0.214,1077.35
robot,1790489423.52,0.325,-0.214,1077.33
robot,1790489424.02,0.325,-0.214,1077.36
robot,1790489424.52,0.325,-0.214,1077.36
robot,1790489425.02,0.325,-0.214,1077.37
robot,1790489425.52,0.325,-0.214,1077.35
robot,1790489426.02,0.325,-0.214,1077.35
robot,1790489426.52,0.325,-0.214,1077.34
robot,1790489427.02,0.325,-0.214,1077.33
robot,1790489427.52,0.325,-0.214,1077.34
robot,1790489428.02,0.325,-0.214,1077.34
robot,1790489428.52,0.325,-0.214,1077.33
robot,1790489429.02,0.325,-0.214,1077.34
robot,1790489429.52,0.325,-0.214,1077.34
robot,1790489430.02,0.325,-0.214,1077.31
robot,1790489430.52,0.325,-0.214,1077.30
robot,1790489431.02,0.325,-0.214,1077.28
robot,1790489431.52,0.325,-0.214,1077.29
robot,1790489432.02,0.325,-0.214,1077.29
robot,1790489432.52,0.325,-0.214,1077.28
robot,1790489433.02,0.325,-0.214,1077.28
robot,1790489433.52,0.325,-0.214,1077.28
robot,1790489434.02,0.325,-0.214,1077.26
robot,1790489434.52,0.325,-0.214,1077.26
robot,1790489435.02,0.325,-0.214,1077.27
robot,1790489435.52,0.325,-0.214,1077.27
robot,1790489436.02,0.325,-0.214,1077.26
robot,1790489436.52,0.325,-0.214,1077.25
robot,1790489437.02,0.325,-0.214,1077.25
robot,1790489437.52,0.325,-0.214,1077.25
robot,1790489438.02,0.325,-0.214,1077.24
robot,1790489438.52,0.325,-0.214,1077.22
robot,1790489439.02,0.325,-0.214,1077.23
robot,1790489439.52,0.356,-0.215,1077.11
robot,1790489440.02,0.466,-0.221,1077.03
robot,1790489440.52,0.602,-0.228,1077.01
robot,1790489441.02,0.740,-0.235,1076.97
robot,1790489441.52,0.893,-0.243,1076.99
robot,1790489442.02,1.063,-0.252,1077.05
robot,1790489442.52,1.229,-0.261,1077.10
robot,1790489443.02,1.406,-0.270,1077.13
robot,1790489443.52,1.597,-0.279,1077.17
robot,1790489444.02,1.788,-0.288,1077.23
robot,1790489444.52,1.987,-0.298,1077.30
robot,1790489445.02,2.182,-0.307,1077.40
robot,1790489445.52,2.377,-0.316,1077.47
robot,1790489446.02,2.569,-0.324,1077.47
robot,1790489446.52,2.767,-0.333,1077.60
robot,1790489447.02,2.962,-0.341,1077.61
robot,1790489447.52,3.163,-0.349,1077.66
robot,1790489448.02,3.363,-0.357,1077.75
robot,1790489448.52,3.563,-0.365,1077.81
robot,1790489449.02,3.762,-0.372,1077.88
robot,1790489449.52,3.963,-0.380,1077.96
robot,1790489450.02,4.162,-0.387,1078.07
robot,1790489450.52,4.363,-0.393,1078.11
robot,1790489451.02,4.565,-0.400,1078.10
robot,1790489451.52,4.764,-0.406,1078.22
robot,1790489452.02,4.962,-0.412,1078.26
robot,1790489452.52,5.162,-0.418,1078.29
robot,1790489453.02,5.362,-0.424,1078.34
robot,1790489453.52,5.562,-0.430,1078.43
robot,1790489454.02,5.762,-0.435,1078.49
robot,1790489454.52,5.964,-0.440,1078.54
robot,1790489455.02,6.163,-0.445,1078.70
robot,1790489455.52,6.366,-0.450,1078.75
robot,1790489456.02,6.562,-0.454,1078.78
robot,1790489456.52,6.758,-0.458,1078.87
robot,1790489457.02,6.962,-0.462,1078.95
robot,1790489457.52,7.164,-0.466,1078.99
robot,1790489458.02,7.364,-0.469,1079.02
robot,1790489458.52,7.566,-0.473,1079.12
robot,1790489459.02,7.762,-0.476,1079.12
robot,1790489459.52,7.959,-0.479,1079.17
robot,1790489460.02,8.162,-0.481,1079.25
robot,1790489460.52,8.361,-0.484,1079.35
robot,1790489461.02,8.562,-0.486,1079.37
robot,1790489461.52,8.762,-0.488,1079.42
robot,1790489462.02,8.962,-0.490,1079.52
robot,1790489462.52,9.165,-0.492,1079.50
robot,1790489463.02,9.365,-0.493,1079.61
robot,1790489463.52,9.561,-0.494,1079.72
robot,1790489464.02,9.763,-0.495,1079.76
robot,1790489464.52,9.963,-0.496,1079.77
robot,1790489465.02,10.164,-0.497,1079.89
robot,1790489465.52,10.363,-0.497,1080.01
robot,1790489466.02,10.562,-0.497,1080.06
robot,1790489466.52,10.764,-0.496,1080.06
robot,1790489467.02,10.964,-0.496,1080.21
robot,1790489467.52,11.165,-0.495,1080.23
robot,1790489468.02,11.365,-0.494,1080.31
robot,1790489468.52,11.562,-0.493,1080.39
robot,1790489469.02,11.761,-0.492,1080.46
robot,1790489469.52,11.959,-0.490,1080.50
robot,1790489470.02,12.166,-0.488,1080.55
robot,1790489470.52,12.364,-0.486,1080.69
robot,1790489471.04,12.573,-0.484,1080.75
robot,1790489471.52,12.760,-0.481,1080.77
robot,1790489472.02,12.964,-0.478,1080.86
robot,1790489472.52,13.162,-0.475,1080.98
robot,1790489473.02,13.364,-0.472,1081.04
robot,1790489473.52,13.567,-0.468,1081.08
robot,1790489475.66,14.423,-0.449,1081.44
robot,1790489476.02,14.566,-0.445,1081.47
robot,1790489477.06,14.985,-0.434,1081.56
robot,1790489490.40,15.603,-0.416,1135.00
robot,1790489490.52,15.602,-0.417,1137.34
robot,1790489496.20,15.602,-0.416,1160.07
robot,1790489496.52,15.602,-0.416,1160.07
robot,1790489497.02,15.602,-0.416,1160.06
robot,1790489497.52,15.602,-0.416,1160.07
robot,1790489498.02,15.602,-0.416,1160.08
robot,1790489498.52,15.602,-0.416,1160.07
robot,1790489499.02,15.602,-0.416,1160.06
robot,1790489499.52,15.602,-0.417,1166.38
robot,1790489500.02,15.602,-0.417,1175.38
robot,1790489500.52,15.602,-0.415,1176.51
robot,1790489501.02,15.602,-0.415,1176.47
robot,1790489501.52,15.602,-0.415,1180.73
robot,1790489502.02,15.602,-0.415,1189.40
robot,1790489502.52,15.602,-0.415,1198.37
robot,1790489503.02,15.603,-0.416,1207.08
robot,1790489503.52,15.602,-0.416,1215.79
robot,1790489504.02,15.601,-0.415,1224.54
robot,1790489504.52,15.603,-0.416,1233.28
robot,1790489505.02,15.602,-0.416,1241.69
robot,1790489505.52,15.602,-0.416,1250.08
robot,1790489512.84,15.602,-0.416,1341.11
robot,1790489513.02,15.602,-0.416,1341.09
robot,1790489513.52,15.602,-0.416,1344.94
robot,1790489514.02,15.602,-0.417,1351.98
robot,1790489514.52,15.602,-0.417,1359.11
robot,1790489515.02,15.601,-0.416,1366.24
robot,1790489515.52,15.601,-0.416,1373.53
robot,1790489516.02,15.602,-0.417,1380.69
robot,1790489516.52,15.602,-0.417,1388.01
robot,1790489517.02,15.602,-0.417,1395.23
robot,1790489517.52,15.602,-0.416,1402.42
robot,1790489518.02,15.602,-0.417,1409.71
robot,1790489518.52,15.601,-0.416,1417.01
robot,1790489519.02,15.601,-0.416,1424.55
robot,1790489519.52,15.601,-0.416,1432.06
robot,1790489520.02,15.600,-0.416,1433.28
robot,1790489520.52,15.600,-0.416,1433.21
robot,1790489521.02,15.600,-0.416,1434.61
robot,1790489521.52,15.600,-0.416,1438.57
robot,1790489522.02,15.601,-0.416,1439.00
robot,1790489522.52,15.601,-0.416,1438.98
robot,1790489523.02,15.601,-0.416,1438.96
robot,1790489523.52,15.601,-0.416,1438.96
robot,1790489524.02,15.602,-0.416,1440.81
robot,1790489524.52,15.602,-0.416,1454.34
robot,1790489525.02,15.600,-0.416,1467.60
robot,1790489525.52,15.601,-0.416,1480.59
robot,1790489526.02,15.601,-0.416,1492.85
robot,1790489526.52,15.601,-0.416,1502.20
robot,1790489527.02,15.601,-0.415,1510.39
robot,1790489527.52,15.601,-0.415,1518.32
robot,1790489528.02,15.601,-0.416,1521.64
robot,1790489528.52,15.601,-0.416,1521.60
robot,1790489529.02,15.601,-0.416,1521.58
robot,1790489529.52,15.601,-0.416,1521.57
robot,1790489530.02,15.601,-0.416,1521.58
robot,1790489530.52,15.604,-0.394,1521.67
robot,1790489531.02,15.627,-0.239,1521.96
robot,1790489531.52,15.651,-0.065,1522.05
robot,1790489532.02,15.676,0.117,1522.20
robot,1790489532.52,15.700,0.295,1522.23
robot,1790489533.02,15.724,0.466,1522.38
robot,1790489533.52,15.747,0.644,1522.41
robot,1790489534.02,15.770,0.812,1522.49
robot,1790489534.52,15.791,0.979,1522.62
robot,1790489535.02,15.814,1.150,1522.66
robot,1790489535.52,15.835,1.316,1522.65
robot,1790489536.02,15.856,1.481,1522.74
robot,1790489536.52,15.876,1.641,1522.89
robot,1790489547.00,16.223,4.643,1523.92
robot,1790489547.02,16.224,4.647,1523.94
robot,1790489547.52,16.236,4.762,1524.02
robot,1790489548.02,16.248,4.877,1524.03
robot,1790489548.52,16.260,4.992,1524.03
robot,1790489549.02,16.272,5.103,1524.06
robot,1790489549.52,16.281,5.199,1525.29
robot,1790489550.02,16.287,5.289,1527.32
robot,1790489550.52,16.291,5.378,1527.45
robot,1790489551.02,16.295,5.471,1527.51
robot,1790489551.52,16.299,5.572,1527.62
robot,1790489552.02,16.303,5.676,1527.72
robot,1790489552.52,16.308,5.790,1527.79
robot,1790489553.02,16.312,5.904,1527.85
robot,1790489553.52,16.316,6.017,1527.95
robot,1790489554.02,16.320,6.132,1527.92
robot,1790489554.52,16.325,6.249,1527.99
robot,1790489555.02,16.329,6.360,1527.99
robot,1790489555.52,16.332,6.470,1528.00
robot,1790489556.02,16.337,6.579,1527.20
robot,1790489556.52,16.342,6.682,1527.21
robot,1790489557.02,16.347,6.787,1526.92
robot,1790489557.52,16.353,6.878,1526.11
robot,1790489558.02,16.359,6.969,1526.06
robot,1790489558.52,16.366,7.068,1526.04
robot,1790489559.02,16.373,7.171,1525.98
robot,1790489559.52,16.380,7.276,1525.96
robot,1790489560.02,16.388,7.380,1525.97
robot,1790489560.52,16.395,7.486,1525.97
robot,1790489561.02,16.402,7.589,1526.00
robot,1790489561.52,16.410,7.695,1526.01
robot,1790489562.02,16.417,7.797,1526.07
robot,1790489562.52,16.424,7.896,1526.08
robot,1790489563.02,16.430,7.994,1526.09
robot,1790489563.52,16.437,8.096,1526.11
robot,1790489564.02,16.444,8.194,1526.10
robot,1790489564.52,16.451,8.297,1526.11
robot,1790489565.02,16.458,8.394,1526.15
robot,1790489565.52,16.464,8.488,1526.18
robot,1790489566.02,16.470,8.583,1526.21
robot,1790489566.52,16.477,8.680,1526.19
robot,1790489567.02,16.483,8.776,1526.13
robot,1790489567.52,16.490,8.877,1525.93
robot,1790489568.02,16.497,8.979,1525.73
robot,1790489568.52,16.505,9.080,1525.52
robot,1790489569.02,16.513,9.184,1525.33
robot,1790489569.52,16.522,9.285,1525.14
robot,1790489570.02,16.531,9.387,1524.92
robot,1790489570.52,16.540,9.489,1524.71
robot,1790489571.02,16.550,9.593,1524.48
robot,1790489571.52,16.560,9.693,1524.33
robot,1790489572.02,16.570,9.792,1524.14
robot,1790489572.52,16.579,9.880,1524.12
robot,1790489573.02,16.588,9.972,1524.18
robot,1790489573.52,16.596,10.047,1524.14
robot,1790489574.02,16.596,10.048,1524.14
robot,1790489574.52,16.596,10.048,1524.80
robot,1790489575.02,16.596,10.050,1535.58
robot,1790489575.52,16.596,10.049,1547.08
robot,1790489576.02,16.597,10.048,1558.62
robot,1790489576.52,16.596,10.050,1568.94
robot,1790489577.02,16.596,10.049,1579.25
robot,1790489577.52,16.597,10.049,1590.29
robot,1790489578.02,16.597,10.049,1601.16
robot,1790489578.52,16.597,10.049,1612.12
robot,1790489579.02,16.596,10.049,1620.70
robot,1790489579.52,16.595,10.049,1628.79
robot,1790489580.02,16.597,10.049,1637.11
robot,1790489580.52,16.597,10.049,1645.61
robot,1790489581.02,16.596,10.049,1654.49
robot,1790489581.52,16.597,10.050,1663.40
robot,1790489582.02,16.596,10.049,1671.83
robot,1790489582.52,16.596,10.049,1680.36
robot,1790489583.02,16.596,10.049,1688.71
robot,1790489583.52,16.596,10.049,1696.92
robot,1790489584.02,16.596,10.050,1703.12
robot,1790489584.52,16.596,10.049,1703.00
robot,1790489585.02,16.596,10.049,1703.39
robot,1790489585.52,16.596,10.049,1703.78
robot,1790489586.02,16.596,10.049,1703.74
robot,1790489586.52,16.596,10.049,1703.71
robot,1790489587.02,16.596,10.049,1703.68
robot,1790489587.52,16.596,10.049,1703.67
robot,1790489588.02,16.596,10.049,1703.66
robot,1790489588.52,16.596,10.049,1703.64
robot,1790489589.02,16.596,10.049,1703.64
robot,1790489589.52,16.596,10.048,1703.74
robot,1790489590.02,16.587,9.970,1703.84
robot,1790489590.52,16.576,9.862,1703.96
robot,1790489591.02,16.564,9.747,1704.12
robot,1790489591.52,16.551,9.619,1704.22
robot,1790489592.02,16.537,9.483,1704.35
robot,1790489592.52,16.524,9.351,1704.39
robot,1790489593.02,16.511,9.211,1704.47
robot,1790489593.52,16.497,9.069,1704.52
robot,1790489594.02,16.483,8.926,1704.58
robot,1790489594.52,16.470,8.779,1704.64
robot,1790489595.02,16.456,8.629,1704.72
robot,1790489595.52,16.442,8.482,1704.77
robot,1790489596.02,16.427,8.317,1704.81
robot,1790489596.52,16.412,8.150,1704.91
robot,1790489597.02,16.397,7.980,1704.90
robot,1790489597.52,16.382,7.811,1705.00
robot,1790489598.02,16.366,7.631,1705.13
robot,1790489598.52,16.351,7.446,1705.18
robot,1790489599.02,16.334,7.248,1705.22
robot,1790489599.52,16.317,7.045,1705.34
robot,1790489600.02,16.301,6.850,1705.36
robot,1790489600.52,16.287,6.666,1705.50
robot,1790489601.02,16.272,6.485,1705.52
robot,1790489601.52,16.258,6.297,1705.61
robot,1790489602.02,16.244,6.111,1705.68
robot,1790489602.52,16.230,5.927,1705.74
robot,1790489603.02,16.216,5.743,1705.82
robot,1790489603.52,16.203,5.555,1705.89
robot,1790489604.02,16.190,5.371,1705.96
robot,1790489604.52,16.176,5.183,1705.99
robot,1790489605.02,16.163,4.994,1706.14
robot,1790489605.52,16.151,4.805,1706.13
robot,1790489606.02,16.138,4.619,1706.28
robot,1790489606.52,16.126,4.429,1706.34
robot,1790489607.02,16.114,4.240,1706.47
robot,1790489607.52,16.103,4.054,1706.51
robot,1790489608.02,16.091,3.866,1706.54
robot,1790489608.52,16.079,3.668,1706.65
robot,1790489609.02,16.068,3.472,1706.73
robot,1790489609.52,16.057,3.277,1706.82
robot,1790489610.02,16.046,3.084,1706.87
robot,1790489610.52,16.036,2.887,1706.94
robot,1790489611.02,16.026,2.697,1707.03
robot,1790489611.52,16.016,2.501,1707.12
robot,1790489612.02,16.006,2.304,1707.17
robot,1790489612.52,15.996,2.110,1707.28
robot,1790489613.02,15.987,1.915,1707.34
robot,1790489613.52,15.978,1.720,1707.41
robot,1790489614.02,15.970,1.524,1707.54
robot,1790489614.52,15.961,1.325,1707.56
robot,1790489615.02,15.953,1.125,1707.62
robot,1790489615.52,15.945,0.927,1707.75
robot,1790489616.02,15.937,0.726,1707.78
robot,1790489616.52,15.929,0.532,1707.88
robot,1790489617.02,15.922,0.330,1708.04
robot,1790489617.52,15.915,0.133,1708.06
robot,1790489618.02,15.909,-0.054,1708.10
robot,1790489618.52,15.903,-0.233,1708.12
robot,1790489619.02,15.898,-0.408,1708.21
robot,1790489619.52,15.892,-0.588,1708.26
robot,1790489620.02,15.887,-0.767,1708.36
robot,1790489620.52,15.882,-0.950,1708.36
robot,1790489621.02,15.876,-1.140,1708.52
robot,1790489621.52,15.871,-1.320,1707.99
robot,1790489622.02,15.864,-1.490,1707.37
robot,1790489622.52,15.858,-1.630,1707.37
robot,1790489623.02,15.851,-1.773,1707.39
robot,1790489623.52,15.845,-1.918,1707.38
robot,1790489624.02,15.838,-2.062,1707.38
robot,1790489624.52,15.832,-2.206,1707.47
robot,1790489625.02,15.825,-2.351,1707.51
robot,1790489625.52,15.819,-2.499,1707.56
robot,1790489626.02,15.813,-2.643,1707.63
robot,1790489626.52,15.807,-2.789,1707.72
robot,1790489627.02,15.801,-2.936,1707.48
robot,1790489627.52,15.793,-3.080,1706.57
robot,1790489628.02,15.783,-3.240,1706.46
robot,1790489628.52,15.773,-3.409,1706.38
robot,1790489629.02,15.762,-3.587,1706.36
robot,1790489629.52,15.750,-3.769,1706.41
robot,1790489630.02,15.739,-3.952,1706.44
robot,1790489630.52,15.727,-4.140,1706.51
robot,1790489631.02,15.716,-4.319,1706.54
robot,1790489631.52,15.706,-4.490,1706.59
robot,1790489632.02,15.696,-4.655,1706.45
robot,1790489632.52,15.685,-4.820,1706.15
robot,1790489633.02,15.674,-4.989,1706.12
robot,1790489650.82,15.088,-10.048,1703.13
robot,1790489656.36,15.088,-10.048,1703.07
robot,1790489656.52,15.088,-10.048,1703.07
robot,1790489657.02,15.088,-10.048,1703.06
robot,1790489657.52,15.088,-10.048,1703.06
robot,1790489658.02,15.084,-10.086,1702.82
robot,1790489658.52,15.082,-10.099,1702.90
robot,1790489659.02,15.082,-10.099,1702.90
robot,1790489659.52,15.082,-10.099,1702.91
robot,1790489660.02,15.082,-10.099,1702.91
robot,1790489660.52,15.082,-10.099,1702.92
robot,1790489661.02,15.082,-10.099,1702.92
robot,1790489661.52,15.082,-10.099,1702.92
robot,1790489662.02,15.082,-10.099,1702.92
robot,1790489662.52,15.082,-10.099,1702.91
robot,1790489663.02,15.082,-10.099,1702.93
robot,1790489663.52,15.082,-10.099,1702.92
robot,1790489667.32,15.034,-10.482,1702.97
robot,1790489667.52,15.027,-10.543,1703.00
robot,1790489668.38,14.993,-10.822,1703.05
robot,1790489668.52,14.987,-10.871,1703.06
robot,1790489669.02,14.967,-11.031,1703.14
robot,1790489669.52,14.948,-11.194,1703.22
robot,1790489670.02,14.930,-11.343,1703.23
robot,1790489670.52,14.929,-11.356,1703.24
robot,1790489673.54,14.929,-11.356,1703.20
robot,1790489674.02,14.929,-11.356,1703.19
robot,1790489688.84,14.611,-14.273,1704.28
robot,1790489689.02,14.606,-14.320,1704.30
robot,1790489689.52,14.593,-14.454,1704.34
robot,1790489690.02,14.579,-14.596,1704.38
robot,1790489690.52,14.565,-14.736,1704.41
robot,1790489691.02,14.551,-14.878,1704.49
robot,1790489691.52,14.537,-15.024,1704.56
robot,1790489692.02,14.523,-15.173,1704.60
robot,1790489692.52,14.509,-15.323,1704.64
robot,1790489693.02,14.494,-15.480,1704.68
robot,1790489693.52,14.480,-15.631,1704.77
robot,1790489694.02,14.465,-15.789,1704.77
robot,1790489694.52,14.451,-15.943,1704.83
robot,1790489695.02,14.438,-16.097,1704.85
robot,1790489695.52,14.425,-16.242,1704.90
robot,1790489696.02,14.419,-16.305,1704.91
robot,1790489696.52,14.419,-16.305,1704.91
robot,1790489697.02,14.419,-16.305,1704.92
robot,1790489697.52,14.419,-16.305,1704.94
robot,1790489698.02,14.419,-16.305,1704.93
robot,1790489698.52,14.419,-16.305,1704.91
robot,1790489699.02,14.419,-16.305,1704.91
robot,1790489699.52,14.419,-16.305,1704.90
robot,1790489700.02,14.419,-16.305,1704.91
robot,1790489700.52,14.419,-16.305,1704.91
robot,1790489701.02,14.419,-16.305,1704.91
robot,1790489701.52,14.419,-16.305,1704.91
robot,1790489702.02,14.419,-16.305,1704.89
robot,1790489702.52,14.419,-16.305,1704.86
robot,1790489703.02,14.419,-16.305,1704.86
robot,1790489703.52,14.419,-16.305,1704.85
robot,1790489704.02,14.419,-16.305,1704.85
robot,1790489704.52,14.419,-16.305,1704.83
robot,1790489705.02,14.419,-16.305,1704.83
robot,1790489705.52,14.419,-16.305,1704.83
robot,1790489706.02,14.419,-16.305,1704.82
robot,1790489706.52,14.419,-16.305,1704.82
robot,1790489707.02,14.419,-16.305,1704.81
robot,1790489707.52,14.419,-16.305,1704.79
robot,1790489708.02,14.419,-16.305,1704.79
robot,1790489708.52,14.419,-16.305,1704.77
robot,1790489709.02,14.419,-16.305,1704.77
robot,1790489709.52,14.419,-16.305,1704.76
robot,1790489710.02,14.419,-16.305,1704.76
robot,1790489710.52,14.419,-16.305,1704.75
robot,1790489711.70,14.419,-16.305,1704.75
robot,1790489712.02,14.419,-16.305,1704.74
robot,1790489713.22,14.419,-16.305,1704.73
robot,1790489713.52,14.419,-16.305,1704.73
robot,1790489714.02,14.419,-16.305,1704.71
robot,1790489714.52,14.419,-16.305,1704.69
robot,1790489715.02,14.419,-16.305,1704.70
robot,1790489715.52,14.419,-16.305,1704.71
robot,1790489716.02,14.419,-16.305,1704.71
robot,1790489716.52,14.419,-16.305,1704.70
robot,1790489717.02,14.419,-16.305,1704.69
robot,1790489717.52,14.419,-16.305,1704.68
robot,1790489718.02,14.419,-16.305,1704.68
robot,1790489718.52,14.419,-16.305,1704.68
robot,1790489719.02,14.419,-16.305,1704.68
robot,1790489719.52,14.419,-16.305,1704.68
robot,1790489720.02,14.419,-16.305,1704.69
robot,1790489720.52,14.419,-16.305,1704.69
robot,1790489721.02,14.419,-16.305,1704.69
robot,1790489721.52,14.419,-16.305,1704.69
robot,1790489722.02,14.419,-16.305,1704.66
robot,1790489722.52,14.419,-16.305,1704.63
robot,1790489723.02,14.419,-16.305,1704.62
robot,1790489723.52,14.419,-16.305,1704.61
robot,1790489724.02,14.419,-16.305,1704.60
robot,1790489724.52,14.419,-16.305,1704.59
robot,1790489725.02,14.419,-16.305,1704.58
robot,1790489725.52,14.419,-16.305,1704.58
robot,1790489726.02,14.419,-16.305,1704.57
robot,1790489726.52,14.419,-16.305,1704.56
robot,1790489727.02,14.419,-16.305,1704.54
robot,1790489727.52,14.419,-16.305,1704.56
robot,1790489728.02,14.419,-16.305,1704.55
robot,1790489728.52,14.419,-16.305,1704.52
robot,1790489729.02,14.419,-16.305,1704.52
robot,1790489729.52,14.419,-16.305,1704.50
robot,1790489730.02,14.419,-16.305,1704.49
robot,1790489730.52,14.419,-16.305,1704.46
robot,1790489731.02,14.419,-16.305,1704.44
robot,1790489731.52,14.419,-16.305,1704.43
robot,1790489732.02,14.419,-16.305,1704.43
robot,1790489732.52,14.419,-16.305,1704.42
robot,1790489733.02,14.419,-16.305,1704.43
robot,1790489733.52,14.419,-16.305,1704.42
robot,1790489734.02,14.419,-16.305,1704.40
robot,1790489734.52,14.419,-16.305,1704.39
robot,1790489735.02,14.419,-16.305,1704.39
robot,1790489735.52,14.419,-16.305,1704.37
robot,1790489736.02,14.419,-16.305,1704.36
robot,1790489736.52,14.419,-16.305,1704.34
robot,1790489737.02,14.419,-16.305,1704.33
robot,1790489737.52,14.419,-16.305,1704.33
robot,1790489738.02,14.419,-16.305,1704.33
robot,1790489738.52,14.419,-16.305,1704.34
robot,1790489739.02,14.419,-16.305,1704.33
robot,1790489739.52,14.419,-16.305,1704.32
robot,1790489740.02,14.419,-16.305,1704.30
robot,1790489740.52,14.419,-16.305,1704.29
robot,1790489741.02,14.419,-16.305,1704.27
robot,1790489741.52,14.419,-16.305,1704.26
robot,1790489742.02,14.419,-16.305,1704.25
robot,1790489742.52,14.419,-16.305,1704.24
robot,1790489743.02,14.419,-16.305,1704.23
robot,1790489743.52,14.419,-16.305,1704.21
robot,1790489744.02,14.419,-16.305,1704.20
robot,1790489744.52,14.419,-16.305,1704.20
robot,1790489745.02,14.419,-16.305,1704.18
robot,1790489745.52,14.419,-16.305,1704.19
robot,1790489746.02,14.419,-16.305,1704.17
robot,1790489746.52,14.419,-16.305,1704.17
robot,1790489747.02,14.419,-16.305,1704.16
robot,1790489747.52,14.419,-16.305,1704.15
robot,1790489748.02,14.419,-16.305,1704.13
robot,1790489748.52,14.419,-16.305,1704.12
robot,1790489749.02,14.419,-16.305,1704.13
robot,1790489749.52,14.419,-16.305,1704.12
robot,1790489750.02,14.419,-16.305,1704.14
robot,1790489750.52,14.419,-16.305,1704.14
robot,1790489751.02,14.419,-16.305,1704.13
robot,1790489751.52,14.419,-16.305,1704.13
robot,1790489752.02,14.419,-16.307,1699.40
robot,1790489752.52,14.418,-16.306,1684.38
robot,1790489753.02,14.419,-16.305,1674.87
robot,1790489753.52,14.418,-16.306,1666.33
robot,1790489754.02,14.418,-16.307,1656.54
robot,1790489754.52,14.418,-16.306,1646.86
robot,1790489755.02,14.418,-16.307,1637.07
robot,1790489755.52,14.417,-16.307,1626.71
robot,1790489756.02,14.419,-16.307,1623.17
robot,1790489756.52,14.419,-16.307,1619.26
robot,1790489757.02,14.418,-16.306,1611.15
robot,1790489757.52,14.418,-16.306,1611.10
robot,1790489758.02,14.418,-16.306,1611.09
robot,1790489758.52,14.418,-16.306,1611.08
robot,1790489759.02,14.418,-16.306,1611.08
robot,1790489759.52,14.418,-16.306,1611.08
robot,1790489760.02,14.418,-16.306,1611.07
robot,1790489760.52,14.400,-16.304,1610.99
robot,1790489761.02,14.310,-16.289,1610.95
robot,1790489761.52,14.177,-16.268,1610.86
robot,1790489762.02,14.023,-16.243,1610.87
robot,1790489762.52,13.869,-16.218,1610.87
robot,1790489763.02,13.718,-16.194,1610.90
robot,1790489763.52,13.562,-16.169,1610.89
robot,1790489764.02,13.408,-16.145,1611.00
robot,1790489764.52,13.257,-16.121,1610.89
robot,1790489765.02,13.108,-16.093,1607.09
robot,1790489765.52,12.964,-16.056,1605.19
robot,1790489766.02,12.806,-16.014,1605.14
robot,1790489766.52,12.646,-15.972,1605.13
robot,1790489767.02,12.485,-15.929,1605.06
robot,1790489767.52,12.319,-15.885,1605.14
robot,1790489768.02,12.149,-15.840,1605.18
robot,1790489768.52,11.982,-15.796,1605.18
robot,1790489769.02,11.811,-15.751,1605.25
robot,1790489769.52,11.645,-15.707,1605.26
robot,1790489770.02,11.479,-15.663,1605.33
robot,1790489770.52,11.301,-15.620,1609.38
robot,1790489771.02,11.119,-15.600,1615.60
robot,1790489771.52,10.946,-15.587,1615.81
robot,1790489772.02,10.768,-15.575,1616.00
robot,1790489772.52,10.582,-15.562,1616.12
robot,1790489773.02,10.405,-15.550,1616.19
robot,1790489773.52,10.232,-15.539,1616.29
robot,1790489774.02,10.061,-15.528,1616.32
robot,1790489774.52,9.893,-15.517,1616.41
robot,1790489775.02,9.722,-15.506,1616.46
robot,1790489775.52,9.555,-15.496,1616.55
robot,1790489776.02,9.381,-15.486,1616.62
robot,1790489776.52,9.214,-15.476,1616.72
robot,1790489777.02,9.044,-15.466,1616.81
robot,1790489777.52,8.875,-15.456,1615.61
robot,1790489778.02,8.710,-15.443,1615.54
robot,1790489778.52,8.529,-15.429,1615.45
robot,1790489779.02,8.356,-15.415,1615.45
robot,1790489779.52,8.174,-15.400,1615.47
robot,1790489780.02,7.993,-15.386,1615.52
robot,1790489780.52,7.815,-15.372,1615.59
robot,1790489781.02,7.630,-15.358,1615.68
robot,1790489781.52,7.446,-15.344,1615.73
robot,1790489782.02,7.258,-15.330,1615.76
robot,1790489782.52,7.065,-15.316,1615.81
robot,1790489783.02,6.878,-15.303,1615.89
robot,1790489783.52,6.691,-15.289,1615.92
robot,1790489784.02,6.501,-15.276,1616.00
robot,1790489784.52,6.317,-15.263,1616.07
robot,1790489785.02,6.130,-15.250,1616.12
robot,1790489785.52,5.946,-15.238,1616.15
robot,1790489786.02,5.761,-15.226,1616.22
robot,1790489786.52,5.580,-15.214,1616.34
robot,1790489787.06,5.377,-15.201,1616.39
robot,1790489787.52,5.208,-15.190,1616.44
robot,1790489788.02,5.023,-15.179,1616.52
robot,1790489788.52,4.837,-15.168,1616.59
robot,1790489789.02,4.653,-15.157,1616.61
robot,1790489789.52,4.468,-15.146,1616.73
robot,1790489790.02,4.283,-15.135,1616.76
robot,1790489790.52,4.097,-15.125,1616.80
robot,1790489791.70,3.675,-15.102,1616.97
robot,1790489792.16,3.507,-15.093,1617.05
robot,1790489792.52,3.384,-15.087,1617.04
robot,1790489793.02,3.210,-15.078,1617.11
robot,1790489793.52,3.035,-15.069,1617.14
robot,1790489794.02,2.861,-15.060,1617.19
robot,1790489794.52,2.683,-15.052,1617.24
robot,1790489795.02,2.509,-15.044,1617.31
robot,1790489795.52,2.335,-15.035,1617.37
robot,1790489796.02,2.159,-15.027,1617.39
robot,1790489813.96,-0.999,-14.486,1522.45
robot,1790489814.02,-0.999,-14.486,1522.45
robot,1790489814.52,-0.999,-14.486,1522.47
robot,1790489815.02,-0.999,-14.486,1522.46
robot,1790489815.52,-0.999,-14.486,1522.44
robot,1790489816.02,-0.999,-14.486,1522.44
robot,1790489816.52,-0.999,-14.486,1522.43
robot,1790489817.02,-0.999,-14.486,1522.43
robot,1790489817.52,-0.999,-14.486,1522.41
robot,1790489818.02,-0.999,-14.486,1522.39
robot,1790489818.52,-0.999,-14.486,1522.32
robot,1790489819.02,-1.008,-14.551,1522.18
robot,1790489819.52,-1.021,-14.647,1522.05
robot,1790489820.02,-1.034,-14.742,1522.02
robot,1790489820.52,-1.046,-14.828,1521.96
robot,1790489821.02,-1.058,-14.912,1521.93
robot,1790489821.52,-1.067,-14.977,1521.87
robot,1790489822.02,-1.068,-14.981,1521.94
robot,1790489822.52,-1.068,-14.981,1521.91
robot,1790489823.02,-1.068,-14.983,1508.71
robot,1790489823.52,-1.069,-14.982,1489.55
robot,1790489824.02,-1.067,-14.981,1470.96
robot,1790489824.52,-1.068,-14.982,1452.88
robot,1790489825.02,-1.067,-14.982,1437.17
robot,1790489825.52,-1.068,-14.982,1435.63
robot,1790489826.02,-1.068,-14.982,1434.81
robot,1790489826.52,-1.068,-14.982,1430.67
robot,1790489827.02,-1.068,-14.982,1431.24
robot,1790489827.52,-1.069,-14.982,1431.24
robot,1790489828.02,-1.064,-14.982,1431.13
robot,1790489828.52,-0.955,-14.999,1431.15
robot,1790489829.02,-0.795,-15.024,1431.16
robot,1790489829.52,-0.628,-15.050,1431.20
robot,1790489830.02,-0.463,-15.076,1431.20
robot,1790489830.52,-0.297,-15.102,1431.26
robot,1790489831.02,-0.127,-15.128,1431.28
robot,1790489831.52,0.041,-15.153,1431.36
robot,1790489832.02,0.211,-15.179,1431.40
robot,1790489832.52,0.377,-15.204,1431.50
robot,1790489833.02,0.544,-15.229,1431.61
robot,1790489833.52,0.716,-15.254,1431.64
robot,1790489834.02,0.883,-15.279,1431.67
robot,1790489834.52,1.053,-15.304,1431.77
robot,1790489835.02,1.227,-15.329,1431.77
robot,1790489835.52,1.408,-15.355,1431.87
robot,1790489836.02,1.591,-15.381,1431.93
robot,1790489836.52,1.781,-15.407,1432.02
robot,1790489837.02,1.968,-15.434,1432.05
robot,1790489837.52,2.157,-15.460,1432.16
robot,1790489838.02,2.343,-15.486,1432.17
robot,1790489838.52,2.534,-15.512,1432.26
robot,1790489839.02,2.726,-15.538,1432.32
robot,1790489839.52,2.916,-15.563,1432.34
robot,1790489840.02,3.109,-15.589,1432.42
robot,1790489841.32,3.609,-15.655,1432.64
robot,1790489841.52,3.685,-15.665,1432.68
robot,1790489843.38,4.405,-15.756,1432.89
robot,1790489843.52,4.461,-15.763,1432.90
robot,1790489844.02,4.656,-15.787,1432.99
robot,1790489844.52,4.850,-15.811,1433.06
robot,1790489845.50,5.228,-15.856,1433.22
robot,1790489845.52,5.236,-15.857,1433.23
robot,1790489846.02,5.430,-15.880,1433.28
robot,1790489846.52,5.622,-15.903,1433.36
robot,1790489847.02,5.816,-15.925,1433.43
robot,1790489847.52,6.010,-15.947,1433.50
robot,1790489848.02,6.202,-15.969,1433.55
robot,1790489848.52,6.400,-15.991,1433.65
robot,1790489849.02,6.592,-16.013,1433.72
robot,1790489849.52,6.783,-16.034,1433.80
robot,1790489850.02,6.976,-16.054,1433.91
robot,1790489850.52,7.174,-16.075,1433.97
robot,1790489851.02,7.375,-16.096,1434.05
robot,1790489851.52,7.567,-16.116,1434.14
robot,1790489852.02,7.762,-16.136,1434.26
robot,1790489852.52,7.964,-16.156,1434.34
robot,1790489853.02,8.162,-16.176,1434.42
robot,1790489853.52,8.361,-16.195,1434.57
robot,1790489854.02,8.557,-16.207,1441.02
robot,1790489854.52,8.748,-16.187,1448.83
robot,1790489855.02,8.940,-16.156,1449.32
robot,1790489855.52,9.130,-16.125,1449.50
robot,1790489856.02,9.317,-16.093,1449.65
robot,1790489856.52,9.506,-16.061,1449.78
robot,1790489857.02,9.689,-16.029,1449.88
robot,1790489857.52,9.874,-15.997,1449.98
robot,1790489858.02,10.047,-15.966,1450.00
robot,1790489858.52,10.218,-15.936,1450.11
robot,1790489859.02,10.379,-15.907,1450.13
robot,1790489859.52,10.532,-15.881,1448.83
robot,1790489860.02,10.674,-15.867,1442.04
robot,1790489860.52,10.819,-15.867,1437.65
robot,1790489861.02,10.962,-15.875,1436.60
robot,1790489861.52,11.109,-15.884,1436.52
robot,1790489862.02,11.252,-15.893,1436.54
robot,1790489862.52,11.396,-15.901,1436.57
robot,1790489863.02,11.533,-15.910,1435.06
robot,1790489863.52,11.654,-15.927,1427.09
robot,1790489867.42,12.932,-16.427,1418.59
robot,1790489867.52,12.973,-16.443,1419.15
robot,1790489868.54,13.312,-16.534,1428.85
robot,1790489869.02,13.439,-16.556,1432.06
robot,1790489875.94,14.856,-15.825,1511.77
robot,1790489876.02,14.861,-15.809,1513.11
robot,1790489876.52,14.886,-15.701,1521.26
robot,1790489877.02,14.897,-15.586,1526.91
robot,1790489877.52,14.902,-15.482,1527.24
robot,1790489878.02,14.907,-15.381,1527.34
robot,1790489878.52,14.912,-15.271,1527.47
robot,1790489879.02,14.917,-15.151,1527.51
robot,1790489879.52,14.922,-15.033,1527.54
robot,1790489880.02,14.927,-14.924,1527.62
robot,1790489880.52,14.931,-14.815,1527.68
robot,1790489881.02,14.936,-14.705,1527.76
robot,1790489881.52,14.940,-14.596,1527.83
robot,1790489882.02,14.945,-14.475,1527.84
robot,1790489882.52,14.949,-14.349,1527.93
robot,1790489883.02,14.954,-14.224,1527.97
robot,1790489883.52,14.958,-14.094,1528.00
robot,1790489884.02,14.963,-13.958,1528.10
robot,1790489884.52,14.968,-13.820,1528.13
robot,1790489885.02,14.972,-13.672,1528.19
robot,1790489885.52,14.977,-13.524,1528.29
robot,1790489886.02,14.982,-13.371,1528.26
robot,1790489886.52,14.986,-13.222,1528.33
robot,1790489887.02,14.990,-13.073,1528.39
robot,1790489887.52,14.994,-12.921,1528.46
robot,1790489888.02,14.998,-12.774,1528.54
robot,1790489888.52,15.002,-12.625,1528.56
robot,1790489889.02,15.005,-12.475,1528.67
robot,1790489889.52,15.009,-12.323,1528.72
robot,1790489890.02,15.012,-12.172,1528.80
robot,1790489890.52,15.015,-12.024,1528.80
robot,1790489891.02,15.018,-11.894,1528.89
robot,1790489891.52,15.020,-11.777,1528.52
robot,1790489892.02,15.026,-11.672,1523.42
robot,1790489892.52,15.041,-11.567,1521.65
robot,1790489893.02,15.063,-11.417,1521.67
robot,1790489893.52,15.091,-11.232,1521.57
robot,1790489894.02,15.118,-11.046,1521.62
robot,1790489894.52,15.145,-10.862,1521.59
robot,1790489895.02,15.171,-10.689,1521.68
robot,1790489895.52,15.196,-10.513,1521.74
robot,1790489896.02,15.222,-10.339,1521.76
robot,1790489896.52,15.246,-10.167,1521.83
robot,1790489897.02,15.271,-9.995,1521.89
robot,1790489897.52,15.296,-9.821,1521.95
robot,1790489898.02,15.321,-9.644,1521.99
robot,1790489898.52,15.345,-9.472,1522.04
robot,1790489899.02,15.369,-9.298,1522.14
robot,1790489899.52,15.393,-9.123,1522.19
robot,1790489900.02,15.417,-8.951,1522.19
robot,1790489900.52,15.440,-8.778,1522.31
robot,1790489901.02,15.463,-8.610,1522.35
robot,1790489901.52,15.484,-8.452,1522.42
robot,1790489902.02,15.505,-8.292,1522.39
robot,1790489902.52,15.524,-8.149,1522.51
robot,1790489903.02,15.543,-8.006,1522.48
robot,1790489903.52,15.562,-7.861,1522.54
robot,1790489904.02,15.580,-7.718,1522.61
robot,1790489904.52,15.599,-7.574,1522.66
robot,1790489905.02,15.618,-7.429,1522.71
robot,1790489905.52,15.636,-7.286,1522.73
robot,1790489906.02,15.654,-7.142,1522.81
robot,1790489906.52,15.673,-6.995,1522.83
robot,1790489907.02,15.691,-6.853,1522.85
robot,1790489907.52,15.709,-6.708,1522.93
robot,1790489908.02,15.727,-6.566,1521.93
robot,1790489908.52,15.748,-6.430,1521.39
robot,1790489909.02,15.770,-6.282,1521.37
robot,1790489909.52,15.793,-6.131,1521.28
robot,1790489910.02,15.817,-5.975,1521.29
robot,1790489910.52,15.841,-5.816,1521.30
robot,1790489911.02,15.867,-5.648,1521.33
robot,1790489911.52,15.893,-5.479,1521.38
robot,1790489912.02,15.917,-5.318,1521.45
robot,1790489912.52,15.940,-5.163,1521.51
robot,1790489913.02,15.964,-5.003,1521.56
robot,1790489913.52,15.987,-4.845,1521.59
robot,1790489914.02,16.011,-4.684,1521.67
robot,1790489914.52,16.034,-4.525,1521.73
robot,1790489915.20,16.065,-4.310,1521.81
robot,1790489915.52,16.080,-4.208,1521.83
robot,1790489916.02,16.103,-4.050,1521.88
robot,1790489916.52,16.125,-3.893,1521.89
robot,1790489917.02,16.147,-3.737,1521.93
robot,1790489917.52,16.170,-3.579,1522.01
robot,1790489918.02,16.192,-3.419,1522.02
robot,1790489918.52,16.214,-3.258,1522.13
robot,1790489919.02,16.236,-3.101,1522.19
robot,1790489919.52,16.257,-2.944,1522.23
robot,1790489920.02,16.279,-2.785,1522.28
robot,1790489920.52,16.301,-2.626,1522.34
robot,1790489921.02,16.322,-2.467,1522.39
robot,1790489921.52,16.343,-2.308,1522.49
robot,1790489922.02,16.365,-2.143,1522.54
robot,1790489922.52,16.386,-1.978,1522.60
robot,1790489923.12,16.411,-1.783,1522.66
robot,1790489938.92,16.531,-0.835,1522.71
robot,1790489939.02,16.531,-0.835,1522.71
robot,1790489939.52,16.531,-0.835,1522.71
robot,1790489940.02,16.531,-0.835,1522.71
robot,1790489940.52,16.531,-0.835,1522.72
robot,1790489941.02,16.531,-0.835,1522.70
robot,1790489941.52,16.531,-0.835,1522.70
robot,1790489942.02,16.531,-0.835,1522.67
robot,1790489942.52,16.531,-0.835,1522.68
robot,1790489943.02,16.531,-0.835,1522.67
robot,1790489943.52,16.531,-0.835,1522.65
robot,1790489944.02,16.531,-0.835,1522.65
robot,1790489944.52,16.531,-0.835,1522.65
robot,1790489945.02,16.531,-0.835,1522.65
robot,1790489945.52,16.531,-0.835,1522.62
robot,1790489946.02,16.531,-0.835,1522.60
robot,1790489946.52,16.531,-0.835,1522.60
robot,1790489947.02,16.531,-0.836,1523.72
robot,1790489947.52,16.531,-0.834,1533.82
robot,1790489948.02,16.531,-0.834,1544.07
robot,1790489948.52,16.531,-0.836,1554.46
robot,1790489949.02,16.530,-0.834,1565.28
robot,1790489949.52,16.530,-0.834,1575.92
robot,1790489950.02,16.530,-0.834,1586.88
robot,1790489950.52,16.530,-0.834,1597.61
robot,1790489951.02,16.530,-0.834,1608.30
robot,1790489951.52,16.530,-0.834,1611.26
robot,1790489952.02,16.530,-0.834,1611.22
robot,1790489952.52,16.530,-0.834,1611.22
robot,1790489953.02,16.530,-0.834,1611.19
robot,1790489953.52,16.530,-0.834,1611.18
robot,1790489954.02,16.530,-0.834,1611.16
robot,1790489954.52,16.529,-0.834,1611.24
robot,1790489955.02,16.406,-0.815,1611.32
robot,1790489955.52,16.240,-0.790,1611.44
robot,1790489956.02,16.077,-0.765,1611.59
robot,1790489956.52,15.921,-0.742,1611.65
robot,1790489957.02,15.760,-0.719,1611.75
robot,1790489957.52,15.602,-0.696,1611.81
robot,1790489958.02,15.444,-0.674,1611.92
robot,1790489958.52,15.283,-0.651,1612.03
robot,1790489959.02,15.126,-0.629,1612.08
robot,1790489959.52,14.968,-0.607,1612.19
robot,1790489960.02,14.810,-0.586,1612.23
robot,1790489960.52,14.648,-0.564,1612.29
robot,1790489961.02,14.483,-0.541,1612.38
robot,1790489961.52,14.319,-0.520,1612.47
robot,1790489962.02,14.156,-0.498,1612.47
robot,1790489962.52,13.991,-0.476,1612.59
robot,1790489963.02,13.828,-0.454,1610.70
robot,1790489963.52,13.686,-0.425,1607.36
robot,1790489964.02,13.500,-0.383,1607.29
robot,1790489964.52,13.308,-0.340,1607.27
robot,1790489965.02,13.110,-0.295,1607.32
robot,1790489965.52,12.916,-0.251,1607.37
robot,1790489966.02,12.719,-0.207,1607.41
robot,1790489966.52,12.525,-0.164,1607.49
robot,1790489967.02,12.329,-0.121,1607.55
robot,1790489967.52,12.135,-0.078,1607.66
robot,1790489968.02,11.938,-0.035,1607.71
robot,1790489968.52,11.745,0.007,1607.76
robot,1790489969.02,11.548,0.050,1607.83
robot,1790489969.52,11.354,0.091,1607.91
robot,1790489970.02,11.157,0.133,1607.98
robot,1790489970.52,10.959,0.172,1610.48
robot,1790489971.02,10.765,0.204,1610.76
robot,1790489971.52,10.567,0.236,1610.87
robot,1790489972.02,10.373,0.267,1611.07
robot,1790489972.52,10.183,0.297,1611.12
robot,1790489973.02,9.991,0.327,1611.21
robot,1790489973.52,9.798,0.356,1611.32
robot,1790489974.02,9.603,0.386,1611.41
robot,1790489974.52,9.409,0.415,1611.45
robot,1790489975.02,9.218,0.444,1611.62
robot,1790489975.52,9.027,0.472,1611.66
robot,1790489976.02,8.833,0.500,1611.70
robot,1790489976.52,8.642,0.528,1611.77
robot,1790489977.02,8.446,0.556,1611.84
robot,1790489977.52,8.254,0.583,1611.93
robot,1790489978.02,8.061,0.611,1612.06
robot,1790489978.52,7.867,0.638,1612.14
robot,1790489979.02,7.672,0.664,1612.19
robot,1790489979.52,7.479,0.691,1612.31
robot,1790489980.02,7.289,0.716,1612.39
robot,1790489980.52,7.094,0.742,1612.53
robot,1790489981.02,6.899,0.767,1612.59
robot,1790489981.52,6.707,0.792,1612.68
robot,1790489982.02,6.515,0.817,1612.77
robot,1790489982.52,6.323,0.841,1612.84
robot,1790489983.02,6.129,0.865,1612.87
robot,1790489983.52,5.936,0.889,1613.04
robot,1790489984.02,5.738,0.913,1613.06
robot,1790489984.52,5.547,0.937,1613.12
robot,1790489985.02,5.354,0.960,1613.22
robot,1790489985.52,5.161,0.983,1613.25
robot,1790489986.02,4.963,1.006,1613.33
robot,1790489986.52,4.768,1.029,1613.43
robot,1790489987.02,4.573,1.051,1613.49
robot,1790489987.52,4.380,1.073,1613.60
robot,1790489988.02,4.185,1.094,1613.68
robot,1790489988.52,3.993,1.116,1613.73
robot,1790489989.02,3.798,1.137,1613.86
robot,1790489989.52,3.607,1.157,1613.90
robot,1790489990.02,3.404,1.179,1613.99
robot,1790489990.52,3.202,1.200,1614.07
robot,1790489991.02,3.006,1.220,1614.15
robot,1790489991.52,2.810,1.240,1614.17
robot,1790489992.02,2.611,1.260,1614.27
robot,1790489992.52,2.409,1.280,1614.38
robot,1790489993.02,2.207,1.300,1614.41
robot,1790489993.52,2.014,1.319,1614.45
robot,1790489994.02,1.824,1.337,1614.60
robot,1790489994.52,1.639,1.354,1614.68
robot,1790489995.02,1.457,1.371,1614.71
robot,1790489995.52,1.281,1.387,1614.78
robot,1790489996.02,1.110,1.403,1614.88
robot,1790489996.52,0.992,1.413,1614.83
robot,1790489997.02,0.993,1.413,1614.85
robot,1790489997.52,0.993,1.413,1614.86
robot,1790489998.02,0.993,1.413,1614.86
robot,1790489998.52,0.993,1.413,1614.86
robot,1790489999.02,0.993,1.413,1614.85
robot,1790489999.52,0.993,1.413,1614.84
robot,1790490000.02,0.993,1.413,1614.82
robot,1790490000.52,0.993,1.413,1614.83
robot,1790490001.02,0.993,1.413,1614.82
robot,1790490001.52,0.993,1.413,1614.80
robot,1790490002.02,0.993,1.413,1614.79
robot,1790490002.52,0.993,1.413,1614.77
robot,1790490003.02,0.993,1.413,1614.77
robot,1790490003.52,0.993,1.413,1614.77
robot,1790490004.02,0.993,1.413,1614.78
robot,1790490004.52,0.993,1.413,1614.78
robot,1790490005.02,0.993,1.413,1614.77
robot,1790490005.52,0.993,1.413,1614.77
robot,1790490006.02,0.993,1.413,1614.75
robot,1790490006.52,0.993,1.413,1614.75
robot,1790490007.02,0.993,1.413,1614.75
robot,1790490007.52,0.993,1.413,1614.74
robot,1790490008.02,0.993,1.413,1614.72
robot,1790490008.52,0.993,1.413,1614.71
robot,1790490009.02,0.993,1.413,1614.70
robot,1790490009.52,0.993,1.413,1614.69
robot,1790490010.02,0.993,1.413,1614.68
robot,1790490010.52,0.993,1.413,1614.68
robot,1790490011.02,0.993,1.413,1614.69
robot,1790490011.52,0.993,1.413,1614.73
robot,1790490012.02,0.993,1.413,1614.73
robot,1790490012.52,0.993,1.413,1614.72
robot,1790490013.02,0.993,1.413,1614.73
robot,1790490013.52,0.993,1.413,1614.75
robot,1790490014.02,0.993,1.413,1614.72
robot,1790490014.52,0.993,1.413,1614.72
robot,1790490015.02,0.993,1.413,1614.73
robot,1790490015.52,0.993,1.413,1614.72
robot,1790490016.02,0.993,1.413,1614.73
robot,1790490016.52,0.993,1.413,1614.73
robot,1790490017.02,0.993,1.413,1614.71
robot,1790490017.52,0.993,1.413,1614.72
robot,1790490018.02,0.993,1.413,1614.70
robot,1790490018.52,0.993,1.413,1614.70
robot,1790490019.02,0.993,1.413,1614.70
robot,1790490019.52,0.993,1.413,1614.69
robot,1790490020.02,0.993,1.413,1614.67
robot,1790490020.52,0.993,1.413,1614.67
robot,1790490021.02,0.993,1.413,1614.66
robot,1790490021.52,0.993,1.413,1614.67
robot,1790490022.02,0.993,1.413,1614.67
robot,1790490022.52,0.993,1.413,1614.66
robot,1790490023.02,0.993,1.413,1614.64
robot,1790490023.52,0.993,1.413,1614.62
robot,1790490024.02,0.993,1.413,1614.62
robot,1790490024.52,0.993,1.413,1614.61
robot,1790490025.02,0.993,1.413,1614.61
robot,1790490025.52,0.993,1.413,1614.62
robot,1790490026.02,0.993,1.413,1614.59
robot,1790490026.52,0.993,1.413,1614.59
robot,1790490027.02,0.993,1.413,1614.60
robot,1790490027.52,0.993,1.413,1614.60
robot,1790490028.02,0.993,1.413,1614.61
robot,1790490028.52,0.993,1.413,1614.61
robot,1790490029.02,0.993,1.413,1614.60
robot,1790490029.52,0.993,1.413,1614.58
robot,1790490030.02,0.993,1.413,1614.56
robot,1790490030.52,0.993,1.413,1614.55
robot,1790490031.02,0.993,1.413,1614.55
robot,1790490031.52,0.993,1.413,1614.55
robot,1790490032.02,0.993,1.413,1614.54
robot,1790490032.52,0.993,1.413,1614.55
robot,1790490033.02,0.993,1.413,1614.54
robot,1790490033.52,0.993,1.413,1614.54
robot,1790490034.02,0.993,1.413,1614.55
robot,1790490034.52,0.993,1.413,1614.55
robot,1790490035.02,0.993,1.413,1614.55
robot,1790490035.52,0.993,1.413,1614.54
robot,1790490036.02,0.993,1.413,1614.53
robot,1790490036.52,0.993,1.413,1614.53
robot,1790490037.02,0.993,1.413,1614.52
robot,1790490037.52,0.993,1.413,1614.53
robot,1790490038.02,0.993,1.413,1617.84
robot,1790490038.52,0.992,1.413,1630.62
robot,1790490039.02,0.991,1.413,1644.15
robot,1790490039.52,0.992,1.413,1657.65
robot,1790490040.02,0.993,1.415,1670.86
robot,1790490040.52,0.993,1.415,1684.43
robot,1790490041.02,0.993,1.415,1698.10
robot,1790490041.52,0.993,1.414,1699.23
robot,1790490042.02,0.993,1.414,1699.22
robot,1790490042.52,0.993,1.414,1699.22
robot,1790490043.02,0.993,1.414,1699.23
robot,1790490043.52,0.993,1.414,1699.24
robot,1790490044.02,0.993,1.413,1699.24
robot,1790490044.52,0.993,1.413,1699.23
robot,1790490045.02,0.993,1.413,1699.24
robot,1790490045.52,0.993,1.413,1699.24
robot,1790490046.02,0.993,1.413,1699.25
robot,1790490046.52,0.993,1.413,1699.25
robot,1790490047.02,0.993,1.413,1699.24
robot,1790490047.52,0.993,1.413,1699.23
robot,1790490048.02,0.993,1.413,1699.24
robot,1790490048.52,0.993,1.413,1699.25
robot,1790490049.02,0.993,1.413,1699.25
robot,1790490049.52,0.993,1.413,1699.23
robot,1790490050.02,0.993,1.413,1699.24
robot,1790490050.52,0.993,1.413,1699.25
robot,1790490051.02,0.993,1.413,1699.24
robot,1790490051.52,0.993,1.413,1699.24
robot,1790490052.02,0.993,1.413,1699.22
robot,1790490052.52,0.993,1.413,1699.22
robot,1790490053.02,0.993,1.413,1699.22
robot,1790490053.52,0.993,1.413,1699.24
robot,1790490054.02,0.993,1.413,1699.23
robot,1790490054.52,0.993,1.413,1699.24
robot,1790490055.02,0.993,1.413,1699.24
robot,1790490055.52,0.993,1.413,1699.23
robot,1790490056.02,0.993,1.413,1699.21
robot,1790490056.52,0.993,1.413,1699.22
robot,1790490057.02,0.993,1.413,1699.21
robot,1790490057.52,0.993,1.413,1699.21
robot,1790490058.02,0.993,1.413,1699.20
robot,1790490058.52,0.993,1.413,1699.20
robot,1790490059.02,0.993,1.413,1699.20
robot,1790490059.52,0.993,1.413,1699.18
robot,1790490060.02,0.993,1.413,1699.18
robot,1790490060.52,0.993,1.413,1699.18
robot,1790490061.02,0.993,1.413,1699.18
robot,1790490061.52,0.993,1.413,1699.17
robot,1790490062.02,0.993,1.413,1699.17
robot,1790490062.52,0.993,1.413,1699.18
robot,1790490063.02,0.993,1.413,1699.16
robot,1790490063.52,0.993,1.413,1699.17
robot,1790490064.02,0.993,1.413,1699.18
robot,1790490064.52,0.993,1.413,1699.18
robot,1790490065.02,0.993,1.413,1699.17
robot,1790490065.52,0.993,1.413,1699.17
robot,1790490066.02,0.993,1.413,1699.16
robot,1790490066.52,0.993,1.413,1699.15
robot,1790490067.02,0.993,1.413,1699.16
robot,1790490067.52,0.993,1.413,1699.16
robot,1790490068.02,0.993,1.413,1699.17
robot,1790490068.52,0.993,1.413,1699.18
robot,1790490069.02,0.993,1.413,1699.19
robot,1790490069.52,0.993,1.413,1699.18
robot,1790490070.02,0.993,1.413,1699.18
robot,1790490070.52,0.993,1.413,1699.18
robot,1790490071.02,0.993,1.413,1699.18
robot,1790490071.52,0.993,1.413,1699.19
robot,1790490072.02,0.993,1.413,1699.17
robot,1790490072.52,0.993,1.413,1699.17
robot,1790490073.02,0.993,1.413,1699.15
robot,1790490073.52,0.993,1.413,1699.14
robot,1790490074.02,0.993,1.413,1699.13
robot,1790490074.52,0.993,1.413,1699.15
robot,1790490075.02,0.993,1.413,1699.14
robot,1790490075.52,0.993,1.413,1699.14
robot,1790490076.02,0.993,1.413,1699.14
robot,1790490076.52,0.993,1.413,1699.14
robot,1790490077.02,0.993,1.413,1699.14
robot,1790490077.52,0.993,1.413,1699.15
robot,1790490078.02,0.993,1.413,1699.14
robot,1790490078.52,0.993,1.413,1699.13
robot,1790490079.02,0.993,1.413,1699.13
robot,1790490079.52,0.993,1.413,1699.12
robot,1790490080.02,0.993,1.413,1699.13
robot,1790490080.52,0.993,1.413,1699.13
robot,1790490081.02,0.993,1.413,1699.13
robot,1790490081.52,0.993,1.413,1699.13
robot,1790490082.02,0.993,1.413,1699.12
robot,1790490082.52,0.993,1.413,1699.13
robot,1790490083.02,0.993,1.413,1699.14
robot,1790490083.52,0.993,1.413,1699.15
robot,1790490084.02,0.993,1.413,1699.13
robot,1790490084.52,0.993,1.413,1699.14
robot,1790490085.02,0.993,1.413,1699.15
robot,1790490085.52,0.993,1.413,1699.13
robot,1790490086.02,0.993,1.413,1699.13
robot,1790490086.52,0.993,1.413,1699.12
robot,1790490087.02,0.993,1.413,1699.13
robot,1790490087.52,0.993,1.413,1699.12
robot,1790490088.02,0.993,1.413,1699.13
robot,1790490088.52,0.993,1.413,1699.11
robot,1790490089.02,0.993,1.413,1699.11
robot,1790490089.52,0.993,1.413,1699.10
robot,1790490090.02,0.993,1.413,1699.08
robot,1790490090.52,0.993,1.413,1699.10
robot,1790490091.02,0.993,1.413,1699.10
robot,1790490091.52,0.993,1.413,1699.07
robot,1790490092.02,0.993,1.413,1699.07
robot,1790490092.52,0.993,1.413,1699.07
robot,1790490093.02,0.993,1.413,1699.07
robot,1790490093.52,0.993,1.413,1699.07
robot,1790490094.02,0.993,1.413,1699.05
robot,1790490094.52,0.993,1.413,1699.06
robot,1790490095.02,0.993,1.413,1699.05
robot,1790490095.52,0.993,1.413,1699.07
robot,1790490096.02,0.993,1.413,1699.07
robot,1790490096.52,0.993,1.413,1699.07
robot,1790490097.02,0.993,1.413,1699.06
robot,1790490097.52,0.993,1.413,1699.07
robot,1790490098.02,0.993,1.413,1699.07
robot,1790490098.52,0.993,1.413,1699.07
robot,1790490099.02,0.993,1.413,1699.07
robot,1790490099.52,0.993,1.413,1699.06
robot,1790490100.02,0.993,1.413,1699.06
robot,1790490100.52,0.993,1.413,1699.06
robot,1790490101.02,0.993,1.413,1699.06
robot,1790490101.52,0.993,1.413,1699.07
robot,1790490102.02,0.993,1.413,1699.06
robot,1790490102.52,0.993,1.413,1699.04
robot,1790490103.02,0.993,1.413,1699.04
robot,1790490103.52,0.993,1.413,1699.03
robot,1790490104.02,0.993,1.413,1699.03
robot,1790490104.52,0.993,1.413,1699.03
robot,1790490105.02,0.993,1.413,1699.02
robot,1790490105.52,0.993,1.413,1699.02
robot,1790490106.02,0.993,1.413,1699.02
robot,1790490106.52,0.993,1.413,1699.03
robot,1790490107.02,0.993,1.413,1699.01
robot,1790490107.52,0.993,1.413,1698.99
robot,1790490108.02,0.993,1.413,1699.00
robot,1790490108.52,0.993,1.413,1698.98
robot,1790490109.02,0.993,1.413,1698.96
robot,1790490109.52,0.993,1.413,1698.97
robot,1790490110.02,0.993,1.413,1698.98
robot,1790490110.52,0.993,1.413,1698.99
robot,1790490111.02,0.993,1.413,1698.99
robot,1790490111.52,0.993,1.413,1698.99
robot,1790490112.02,0.993,1.413,1698.98
robot,1790490112.52,0.993,1.413,1698.99
robot,1790490113.02,0.993,1.413,1698.99
robot,1790490113.52,0.993,1.413,1698.99
robot,1790490114.02,0.993,1.413,1698.97
robot,1790490114.52,0.993,1.413,1698.98
robot,1790490115.02,0.993,1.413,1698.98
robot,1790490115.52,0.993,1.413,1698.97
robot,1790490116.02,0.993,1.413,1698.98
robot,1790490116.52,0.993,1.413,1698.99
robot,1790490117.02,0.993,1.413,1698.99
robot,1790490117.52,0.993,1.413,1698.99
robot,1790490118.02,0.993,1.413,1698.98
robot,1790490118.52,0.993,1.413,1698.97
robot,1790490119.02,0.993,1.413,1698.96
robot,1790490119.52,0.993,1.413,1698.97
robot,1790490120.02,0.993,1.413,1698.96
robot,1790490120.52,0.993,1.413,1698.96
robot,1790490121.02,0.993,1.413,1698.95
robot,1790490121.52,0.993,1.413,1698.94
robot,1790490122.02,0.993,1.413,1698.95
robot,1790490122.52,0.993,1.413,1698.95
robot,1790490123.02,0.993,1.413,1698.94
robot,1790490123.52,0.993,1.413,1698.92
robot,1790490124.02,0.993,1.413,1698.91
robot,1790490124.52,0.993,1.413,1698.90
robot,1790490125.02,0.993,1.413,1698.88
robot,1790490125.52,0.993,1.413,1698.88
robot,1790490126.02,0.993,1.413,1698.88
robot,1790490126.52,0.993,1.413,1698.89
robot,1790490127.02,0.993,1.413,1698.90
robot,1790490127.52,0.993,1.413,1698.89
robot,1790490128.02,0.993,1.413,1698.89
robot,1790490128.52,0.993,1.413,1698.88
robot,1790490129.02,0.993,1.413,1698.88
robot,1790490129.52,0.993,1.413,1698.87
robot,1790490130.02,0.993,1.413,1698.87
robot,1790490130.52,0.993,1.413,1698.87
robot,1790490131.02,0.993,1.413,1698.86
robot,1790490131.52,0.993,1.413,1698.87
robot,1790490132.02,0.993,1.413,1698.86
robot,1790490132.52,0.993,1.413,1698.87
robot,1790490133.02,0.993,1.413,1698.86
robot,1790490133.52,0.993,1.413,1698.87
robot,1790490134.02,0.993,1.413,1698.87
robot,1790490134.52,0.993,1.413,1698.86
robot,1790490135.02,0.993,1.413,1698.85
robot,1790490135.52,0.993,1.413,1698.85
robot,1790490136.02,0.993,1.413,1698.88
robot,1790490136.52,0.993,1.413,1698.87
robot,1790490137.02,0.993,1.413,1698.86
robot,1790490137.52,0.993,1.413,1698.86
robot,1790490138.02,0.993,1.413,1698.87
robot,1790490138.52,0.993,1.413,1698.87
robot,1790490139.02,0.993,1.413,1698.87
robot,1790490139.52,0.993,1.413,1698.84
robot,1790490140.02,0.993,1.413,1698.84
robot,1790490140.52,0.993,1.413,1698.83
robot,1790490141.02,0.993,1.413,1698.83
robot,1790490141.52,0.993,1.413,1698.83
robot,1790490142.02,0.993,1.413,1698.83
robot,1790490142.52,0.993,1.413,1698.83
robot,1790490143.02,0.993,1.413,1698.82
robot,1790490143.52,0.993,1.413,1698.84
robot,1790490144.02,0.993,1.413,1698.83
robot,1790490144.52,0.993,1.413,1698.83
robot,1790490145.02,0.993,1.413,1698.83
robot,1790490145.52,0.993,1.413,1698.84
robot,1790490146.02,0.993,1.413,1698.83
robot,1790490146.52,0.993,1.413,1698.82
robot,1790490147.02,0.993,1.413,1698.81
robot,1790490147.52,0.993,1.413,1698.80
robot,1790490148.02,0.993,1.413,1698.82
robot,1790490148.52,0.993,1.413,1698.81
robot,1790490149.02,0.993,1.413,1698.79
robot,1790490149.52,0.993,1.413,1698.79
robot,1790490150.02,0.993,1.413,1698.81
robot,1790490150.52,0.993,1.413,1698.80
robot,1790490151.02,0.993,1.413,1698.79
robot,1790490151.52,0.993,1.413,1698.79
robot,1790490152.02,0.993,1.413,1698.79
robot,1790490152.52,0.993,1.413,1698.79
robot,1790490153.02,0.993,1.413,1698.80
robot,1790490153.52,0.993,1.413,1698.79
robot,1790490154.02,0.993,1.413,1698.80
robot,1790490154.52,0.981,1.352,1699.09
robot,1790490155.02,0.942,1.153,1699.12
robot,1790490155.52,0.905,0.958,1699.22
robot,1790490156.02,0.867,0.761,1699.32
robot,1790490156.52,0.831,0.566,1699.39
robot,1790490157.02,0.794,0.371,1699.43
robot,1790490157.52,0.757,0.170,1699.55
robot,1790490158.02,0.720,-0.029,1699.61
robot,1790490158.52,0.685,-0.221,1699.70
robot,1790490159.02,0.649,-0.422,1699.77
robot,1790490159.52,0.614,-0.615,1699.85
robot,1790490160.02,0.578,-0.817,1699.94
robot,1790490160.52,0.544,-1.013,1699.97
robot,1790490161.02,0.509,-1.209,1700.08
robot,1790490161.52,0.474,-1.408,1700.13
robot,1790490162.02,0.441,-1.602,1700.20
robot,1790490162.52,0.407,-1.798,1700.33
robot,1790490163.02,0.373,-1.998,1700.42
robot,1790490163.52,0.340,-2.195,1700.51
robot,1790490164.02,0.307,-2.393,1700.55
robot,1790490164.52,0.275,-2.589,1700.69
robot,1790490165.02,0.242,-2.787,1700.78
robot,1790490165.52,0.210,-2.986,1700.85
robot,1790490166.02,0.179,-3.182,1700.91
robot,1790490166.52,0.147,-3.380,1700.97
robot,1790490167.02,0.116,-3.579,1701.07
robot,1790490167.52,0.085,-3.774,1701.12
robot,1790490168.02,0.055,-3.971,1701.21
robot,1790490168.52,0.024,-4.169,1701.28
robot,1790490169.02,-0.006,-4.367,1701.35
robot,1790490169.52,-0.036,-4.565,1701.45
robot,1790490170.02,-0.066,-4.763,1701.49
robot,1790490170.52,-0.095,-4.960,1701.58
robot,1790490171.02,-0.125,-5.161,1701.57
robot,1790490171.52,-0.153,-5.355,1701.69
robot,1790490172.02,-0.182,-5.554,1701.78
robot,1790490172.52,-0.211,-5.751,1701.79
robot,1790490173.02,-0.239,-5.953,1701.92
robot,1790490173.52,-0.268,-6.152,1701.98
robot,1790490174.02,-0.295,-6.346,1702.07
robot,1790490174.52,-0.322,-6.543,1702.10
robot,1790490175.02,-0.350,-6.742,1702.16
robot,1790490175.52,-0.377,-6.942,1702.24
robot,1790490176.02,-0.405,-7.144,1702.29
robot,1790490176.52,-0.431,-7.340,1702.39
robot,1790490177.02,-0.457,-7.536,1702.43
robot,1790490177.52,-0.484,-7.739,1702.49
robot,1790490178.02,-0.510,-7.936,1702.62
robot,1790490178.52,-0.535,-8.131,1702.67
robot,1790490179.02,-0.557,-8.303,1702.71
robot,1790490179.52,-0.573,-8.431,1702.72
robot,1790490180.02,-0.586,-8.533,1702.72
robot,1790490180.52,-0.597,-8.613,1702.55
robot,1790490181.02,-0.608,-8.690,1700.28
robot,1790490181.52,-0.620,-8.758,1700.19
robot,1790490182.02,-0.638,-8.860,1700.12
robot,1790490182.52,-0.657,-8.970,1700.15
robot,1790490183.02,-0.677,-9.088,1700.13
robot,1790490183.52,-0.697,-9.205,1700.18
robot,1790490184.02,-0.718,-9.322,1700.21
robot,1790490184.52,-0.738,-9.441,1700.24
robot,1790490185.02,-0.760,-9.566,1700.32
robot,1790490185.52,-0.782,-9.699,1700.37
robot,1790490186.02,-0.805,-9.832,1700.38
robot,1790490186.52,-0.827,-9.963,1700.42
robot,1790490187.02,-0.849,-10.095,1700.45
robot,1790490187.52,-0.872,-10.228,1700.52
robot,1790490188.02,-0.894,-10.363,1700.57
robot,1790490188.52,-0.916,-10.496,1700.62
robot,1790490189.54,-0.961,-10.770,1700.70
robot,1790490190.02,-0.982,-10.895,1700.69
robot,1790490200.88,-1.450,-13.932,1701.78
robot,1790490201.02,-1.455,-13.968,1701.76
robot,1790490201.52,-1.469,-14.066,1701.79
robot,1790490202.02,-1.469,-14.069,1701.80
robot,1790490202.52,-1.469,-14.069,1701.79
robot,1790490203.02,-1.469,-14.069,1701.79
robot,1790490203.52,-1.469,-14.069,1701.81
robot,1790490204.02,-1.469,-14.069,1705.04
robot,1790490204.52,-1.469,-14.070,1713.93
robot,1790490205.02,-1.469,-14.069,1722.89
robot,1790490205.52,-1.470,-14.068,1731.61
robot,1790490206.02,-1.470,-14.069,1740.31
robot,1790490206.52,-1.469,-14.069,1748.57
robot,1790490207.02,-1.469,-14.069,1756.82
robot,1790490207.52,-1.469,-14.069,1765.03
robot,1790490208.02,-1.470,-14.069,1773.15
robot,1790490208.52,-1.470,-14.069,1781.31
robot,1790490209.02,-1.470,-14.069,1789.79
robot,1790490209.52,-1.469,-14.069,1790.06
robot,1790490210.02,-1.469,-14.069,1790.06
robot,1790490210.52,-1.469,-14.069,1790.06
robot,1790490211.02,-1.469,-14.069,1790.04
robot,1790490211.52,-1.469,-14.069,1790.04
robot,1790490212.02,-1.469,-14.069,1790.04
robot,1790490212.52,-1.469,-14.069,1790.04
robot,1790490213.02,-1.466,-14.070,1790.07
robot,1790490213.52,-1.465,-14.070,1790.02
robot,1790490214.02,-1.465,-14.070,1790.02
robot,1790490214.52,-1.465,-14.070,1790.02
robot,1790490241.46,4.058,-14.923,1791.24
robot,1790490241.52,4.067,-14.925,1791.23
robot,1790490242.02,4.152,-14.938,1791.25
robot,1790490242.52,4.236,-14.951,1791.28
robot,1790490243.02,4.323,-14.964,1791.32
robot,1790490243.52,4.418,-14.978,1791.40
robot,1790490244.02,4.511,-14.993,1791.41
robot,1790490244.52,4.602,-15.006,1791.40
robot,1790490245.02,4.693,-15.020,1791.47
robot,1790490245.52,4.782,-15.033,1791.51
robot,1790490246.02,4.867,-15.046,1791.51
robot,1790490246.52,4.948,-15.058,1791.56
robot,1790490247.02,5.027,-15.070,1791.56
robot,1790490247.52,5.108,-15.082,1791.59
robot,1790490248.02,5.185,-15.093,1791.63
robot,1790490248.52,5.266,-15.105,1791.60
robot,1790490249.02,5.345,-15.117,1790.52
robot,1790490249.52,5.426,-15.131,1789.76
robot,1790490250.02,5.521,-15.149,1789.75
robot,1790490250.52,5.619,-15.167,1789.70
robot,1790490251.02,5.720,-15.185,1789.72
robot,1790490251.52,5.823,-15.204,1789.67
robot,1790490252.02,5.925,-15.222,1789.72
robot,1790490252.52,6.027,-15.241,1789.71
robot,1790490253.02,6.130,-15.259,1789.70
robot,1790490253.52,6.234,-15.278,1789.73
robot,1790490254.02,6.338,-15.297,1789.77
robot,1790490254.52,6.442,-15.316,1789.83
robot,1790490255.02,6.550,-15.335,1789.86
robot,1790490255.52,6.660,-15.355,1789.90
robot,1790490256.02,6.770,-15.374,1789.92
robot,1790490256.52,6.882,-15.394,1789.94
robot,1790490257.02,6.997,-15.415,1789.97
robot,1790490257.52,7.117,-15.436,1790.04
robot,1790490258.02,7.242,-15.458,1790.10
robot,1790490258.52,7.364,-15.479,1790.15
robot,1790490259.02,7.478,-15.499,1790.21
robot,1790490259.52,7.591,-15.518,1790.23
robot,1790490260.02,7.703,-15.537,1790.29
robot,1790490260.52,7.815,-15.556,1790.32
robot,1790490261.02,7.932,-15.576,1790.32
robot,1790490261.52,8.049,-15.596,1790.40
robot,1790490262.02,8.181,-15.618,1790.46
robot,1790490262.52,8.317,-15.641,1790.51
robot,1790490263.02,8.456,-15.665,1790.56
robot,1790490263.52,8.585,-15.686,1790.59
robot,1790490264.02,8.706,-15.706,1790.60
robot,1790490264.52,8.830,-15.727,1790.68
robot,1790490265.02,8.954,-15.747,1790.68
robot,1790490265.52,9.077,-15.767,1790.75
robot,1790490266.02,9.202,-15.787,1790.80
robot,1790490266.52,9.328,-15.808,1790.79
robot,1790490267.02,9.451,-15.827,1790.87
robot,1790490267.52,9.575,-15.847,1790.89
robot,1790490268.02,9.698,-15.867,1790.90
robot,1790490268.52,9.823,-15.887,1791.02
robot,1790490269.02,9.948,-15.907,1790.98
robot,1790490269.51,10.070,-15.926,1791.02
robot,1790490270.22,10.246,-15.954,1791.09
robot,1790490270.52,10.321,-15.966,1791.10
robot,1790490271.02,10.442,-15.984,1791.16
robot,1790490271.52,10.567,-16.004,1791.19
robot,1790490272.12,10.715,-16.027,1791.21
robot,1790490272.52,10.816,-16.042,1791.26
robot,1790490273.02,10.943,-16.062,1791.30
robot,1790490273.52,11.074,-16.082,1791.33
robot,1790490274.02,11.199,-16.101,1791.37
robot,1790490274.52,11.317,-16.121,1787.99
robot,1790490275.02,11.429,-16.152,1781.67
robot,1790490275.70,11.599,-16.209,1781.59
robot,1790490276.02,11.691,-16.240,1781.51
robot,1790490276.52,11.837,-16.288,1781.50
robot,1790490277.04,11.984,-16.338,1781.52
robot,1790490277.62,12.155,-16.395,1781.59
robot,1790490278.96,12.545,-16.524,1781.70
robot,1790490279.02,12.565,-16.530,1781.74
robot,1790490279.66,12.755,-16.593,1781.71
robot,1790490280.22,12.921,-16.647,1782.77
robot,1790490280.52,13.008,-16.673,1785.03
robot,1790490287.62,14.021,-16.862,1789.95
robot,1790490288.02,14.021,-16.862,1789.92
robot,1790490288.52,14.021,-16.862,1789.92
robot,1790490289.16,14.021,-16.862,1789.91
robot,1790490290.14,14.021,-16.862,1789.90
robot,1790490290.86,14.019,-16.862,1798.27
robot,1790490291.02,14.020,-16.862,1801.53
robot,1790490291.52,14.021,-16.862,1811.92
robot,1790490292.62,14.020,-16.862,1834.62
robot,1790490293.02,14.021,-16.862,1842.83
robot,1790490294.32,14.021,-16.862,1870.05
robot,1790490294.52,14.022,-16.861,1874.33
robot,1790490296.20,14.021,-16.861,1881.14
robot,1790490296.62,14.021,-16.861,1881.13
robot,1790490297.98,14.021,-16.861,1881.12
robot,1790490298.02,14.021,-16.861,1881.12
robot,1790490299.46,14.021,-16.861,1881.12
robot,1790490299.52,14.021,-16.861,1881.13
robot,1790490300.44,14.021,-16.861,1881.12
robot,1790490300.52,14.021,-16.861,1881.11
robot,1790490301.02,14.021,-16.861,1881.10
robot,1790490301.52,14.021,-16.861,1881.08
robot,1790490302.02,14.021,-16.861,1881.08
robot,1790490302.52,14.021,-16.861,1881.08
robot,1790490303.02,14.021,-16.861,1881.08
robot,1790490303.52,14.021,-16.861,1881.08
robot,1790490304.02,14.021,-16.861,1881.08
robot,1790490304.52,14.021,-16.861,1881.08
robot,1790490305.18,14.021,-16.861,1881.07
robot,1790490305.52,14.021,-16.861,1881.08
robot,1790490306.02,14.021,-16.861,1881.08
robot,1790490306.52,14.021,-16.861,1881.09
robot,1790490307.02,14.021,-16.861,1881.06
robot,1790490307.52,14.021,-16.861,1881.04
robot,1790490308.02,14.021,-16.861,1881.05
robot,1790490308.86,14.021,-16.861,1881.02
robot,1790490309.02,14.021,-16.861,1881.02
robot,1790490309.52,14.021,-16.861,1881.01
robot,1790490310.02,14.021,-16.861,1881.03
robot,1790490310.52,14.021,-16.861,1881.03
robot,1790490311.82,14.021,-16.861,1881.00
robot,1790490312.02,14.021,-16.861,1880.99
robot,1790490312.52,14.021,-16.861,1880.98
robot,1790490313.02,14.025,-16.840,1881.12
robot,1790490313.52,14.046,-16.702,1881.28
robot,1790490314.02,14.068,-16.560,1881.41
robot,1790490314.52,14.090,-16.414,1881.49
robot,1790490315.52,14.129,-16.152,1881.62
robot,1790490316.02,14.147,-16.023,1881.68
robot,1790490316.52,14.165,-15.902,1881.71
robot,1790490317.02,14.183,-15.780,1881.76
robot,1790490317.52,14.200,-15.663,1881.81
robot,1790490318.02,14.216,-15.547,1881.90
robot,1790490318.52,14.233,-15.434,1881.90
robot,1790490319.02,14.249,-15.317,1881.94
robot,1790490319.52,14.265,-15.203,1881.99
robot,1790490320.02,14.282,-15.082,1882.06
robot,1790490320.52,14.299,-14.960,1882.11
robot,1790490321.02,14.317,-14.832,1882.13
robot,1790490321.52,14.334,-14.704,1882.23
robot,1790490322.02,14.352,-14.574,1882.26
robot,1790490322.52,14.369,-14.447,1882.29
robot,1790490323.02,14.387,-14.318,1882.30
robot,1790490323.52,14.404,-14.191,1882.38
robot,1790490324.02,14.421,-14.059,1882.45
robot,1790490324.52,14.438,-13.931,1882.52
robot,1790490325.02,14.455,-13.801,1882.57
robot,1790490325.52,14.473,-13.665,1882.57
robot,1790490326.02,14.490,-13.532,1882.68
robot,1790490326.52,14.508,-13.394,1882.72
robot,1790490327.02,14.526,-13.251,1882.79
robot,1790490327.52,14.544,-13.108,1882.86
robot,1790490328.02,14.562,-12.964,1882.93
robot,1790490328.52,14.580,-12.820,1882.99
robot,1790490329.02,14.598,-12.673,1883.03
robot,1790490329.52,14.616,-12.528,1883.04
robot,1790490330.02,14.633,-12.395,1881.42
robot,1790490330.52,14.655,-12.264,1880.55
robot,1790490331.02,14.678,-12.122,1880.51
robot,1790490331.52,14.704,-11.971,1880.50
robot,1790490332.02,14.730,-11.817,1880.46
robot,1790490332.52,14.755,-11.667,1880.47
robot,1790490333.02,14.779,-11.521,1880.45
robot,1790490333.52,14.803,-11.375,1880.55
robot,1790490334.02,14.828,-11.227,1880.58
robot,1790490334.52,14.852,-11.081,1880.63
robot,1790490335.02,14.877,-10.933,1880.66
robot,1790490335.52,14.901,-10.785,1880.70
robot,1790490336.02,14.924,-10.644,1880.66
robot,1790490336.52,14.947,-10.501,1880.76
robot,1790490337.02,14.972,-10.345,1880.81
robot,1790490337.52,14.999,-10.177,1880.89
robot,1790490338.02,15.030,-9.983,1880.89
robot,1790490338.52,15.062,-9.786,1880.93
robot,1790490339.02,15.093,-9.587,1881.03
robot,1790490339.52,15.125,-9.387,1881.07
robot,1790490340.02,15.156,-9.189,1880.99
robot,1790490340.52,15.188,-8.995,1879.96
robot,1790490341.02,15.226,-8.800,1878.19
robot,1790490341.52,15.269,-8.608,1876.83
robot,1790490342.02,15.314,-8.414,1876.73
robot,1790490342.52,15.360,-8.219,1876.68
robot,1790490343.02,15.405,-8.028,1876.73
robot,1790490343.52,15.452,-7.831,1876.77
robot,1790490344.02,15.498,-7.636,1876.82
robot,1790490344.52,15.543,-7.443,1876.88
robot,1790490345.02,15.585,-7.259,1876.89
robot,1790490345.52,15.627,-7.081,1877.00
robot,1790490346.02,15.670,-6.894,1877.07
robot,1790490346.52,15.713,-6.705,1877.18
robot,1790490347.02,15.756,-6.515,1877.25
robot,1790490347.52,15.800,-6.320,1877.33
robot,1790490348.02,15.844,-6.126,1877.37
robot,1790490348.52,15.887,-5.931,1877.49
robot,1790490349.02,15.930,-5.738,1877.55
robot,1790490349.52,15.973,-5.543,1877.57
robot,1790490350.02,16.016,-5.345,1877.66
robot,1790490350.52,16.058,-5.154,1877.77
robot,1790490351.02,16.101,-4.956,1877.80
robot,1790490351.52,16.143,-4.760,1877.87
robot,1790490352.02,16.184,-4.567,1877.96
robot,1790490352.52,16.227,-4.367,1878.00
robot,1790490353.02,16.268,-4.174,1878.06
robot,1790490353.52,16.309,-3.979,1878.17
robot,1790490354.02,16.349,-3.788,1878.22
robot,1790490354.52,16.387,-3.605,1878.29
robot,1790490355.02,16.428,-3.408,1878.39
robot,1790490355.52,16.468,-3.211,1878.43
robot,1790490356.74,16.565,-2.733,1878.66
robot,1790490357.02,16.587,-2.623,1878.71
robot,1790490373.58,17.608,3.001,1880.76
robot,1790490374.02,17.635,3.169,1880.81
robot,1790490374.52,17.667,3.366,1880.91
robot,1790490375.02,17.697,3.554,1880.96
robot,1790490375.52,17.727,3.743,1881.00
robot,1790490376.02,17.756,3.931,1881.11
robot,1790490376.52,17.786,4.121,1881.13
robot,1790490377.02,17.815,4.306,1881.25
robot,1790490377.52,17.844,4.494,1881.24
robot,1790490378.02,17.872,4.681,1881.38
robot,1790490378.52,17.900,4.863,1881.40
robot,1790490379.02,17.927,5.046,1881.49
robot,1790490379.52,17.955,5.231,1881.52
robot,1790490380.02,17.982,5.410,1881.62
robot,1790490380.52,18.009,5.596,1881.69
robot,1790490381.78,18.076,6.062,1881.89
robot,1790490382.02,18.089,6.150,1881.89
robot,1790490382.52,18.114,6.330,1881.94
robot,1790490383.02,18.140,6.515,1882.00
robot,1790490383.52,18.166,6.701,1882.06
robot,1790490384.02,18.191,6.879,1882.15
robot,1790490384.52,18.217,7.069,1882.16
robot,1790490385.02,18.242,7.247,1882.17
robot,1790490385.52,18.267,7.430,1882.23
robot,1790490386.02,18.291,7.606,1882.33
robot,1790490386.52,18.315,7.782,1882.05
robot,1790490387.02,18.339,7.953,1881.62
robot,1790490387.52,18.364,8.123,1881.64
robot,1790490388.02,18.391,8.305,1881.57
robot,1790490388.52,18.417,8.481,1881.63
robot,1790490389.02,18.440,8.633,1881.64
robot,1790490389.52,18.461,8.775,1881.66
robot,1790490390.02,18.481,8.912,1881.65
robot,1790490390.52,18.493,8.995,1881.65
robot,1790490391.02,18.495,9.008,1881.67
robot,1790490391.52,18.495,9.008,1881.68
robot,1790490392.02,18.495,9.008,1881.69
robot,1790490392.52,18.495,9.008,1881.69
robot,1790490393.02,18.495,9.008,1881.68
robot,1790490393.52,18.495,9.008,1880.55
robot,1790490394.02,18.495,9.009,1873.53
robot,1790490394.52,18.495,9.008,1866.62
robot,1790490395.02,18.495,9.009,1859.79
robot,1790490395.52,18.495,9.008,1852.59
robot,1790490396.02,18.495,9.008,1845.06
robot,1790490396.52,18.495,9.008,1837.17
robot,1790490397.02,18.494,9.008,1828.86
robot,1790490397.52,18.496,9.009,1819.72
robot,1790490398.02,18.496,9.009,1809.84
robot,1790490398.52,18.494,9.008,1800.09
robot,1790490399.02,18.494,9.008,1790.04
robot,1790490399.52,18.494,9.008,1780.28
robot,1790490400.02,18.494,9.009,1770.81
robot,1790490400.52,18.494,9.009,1761.32
robot,1790490401.02,18.495,9.008,1751.87
robot,1790490401.52,18.495,9.007,1742.45
robot,1790490402.02,18.494,9.009,1733.13
robot,1790490402.52,18.495,9.008,1723.79
robot,1790490403.02,18.495,9.008,1714.33
robot,1790490403.52,18.495,9.009,1705.07
robot,1790490404.02,18.495,9.009,1698.93
robot,1790490404.52,18.495,9.010,1699.09
robot,1790490405.02,18.495,9.010,1699.10
robot,1790490405.52,18.495,9.010,1699.12
robot,1790490406.02,18.495,9.010,1699.14
robot,1790490406.52,18.495,9.009,1699.02
robot,1790490407.02,18.477,8.916,1698.97
robot,1790490407.52,18.450,8.781,1698.92
robot,1790490408.02,18.424,8.648,1698.93
robot,1790490408.52,18.398,8.516,1698.91
robot,1790490409.02,18.372,8.383,1698.92
robot,1790490409.52,18.345,8.241,1698.93
robot,1790490410.02,18.315,8.087,1698.97
robot,1790490410.52,18.284,7.927,1699.08
robot,1790490411.02,18.252,7.762,1699.14
robot,1790490411.52,18.220,7.594,1699.19
robot,1790490412.02,18.188,7.430,1699.26
robot,1790490412.52,18.156,7.259,1699.27
robot,1790490413.02,18.125,7.094,1699.37
robot,1790490413.52,18.094,6.930,1699.40
robot,1790490414.02,18.063,6.765,1699.49
robot,1790490414.52,18.032,6.595,1699.48
robot,1790490415.02,18.001,6.429,1699.56
robot,1790490415.52,17.971,6.266,1699.56
robot,1790490416.02,17.941,6.105,1699.65
robot,1790490416.52,17.912,5.943,1699.73
robot,1790490417.02,17.883,5.781,1699.83
robot,1790490417.52,17.854,5.620,1699.83
robot,1790490418.02,17.825,5.456,1699.87
robot,1790490418.52,17.795,5.292,1699.90
robot,1790490419.02,17.766,5.128,1699.99
robot,1790490419.52,17.738,4.967,1700.08
robot,1790490420.02,17.709,4.804,1700.16
robot,1790490420.52,17.679,4.629,1700.20
robot,1790490421.02,17.649,4.453,1700.24
robot,1790490421.52,17.619,4.277,1700.27
robot,1790490422.02,17.588,4.098,1700.36
robot,1790490422.52,17.558,3.921,1700.44
robot,1790490423.02,17.528,3.744,1700.51
robot,1790490423.52,17.498,3.564,1700.57
robot,1790490424.02,17.470,3.390,1700.63
robot,1790490424.52,17.441,3.214,1700.67
robot,1790490425.02,17.411,3.032,1700.75
robot,1790490425.52,17.382,2.855,1700.83
robot,1790490426.02,17.353,2.676,1700.93
robot,1790490426.52,17.325,2.495,1701.04
robot,1790490427.02,17.296,2.315,1701.03
robot,1790490427.52,17.268,2.134,1701.11
robot,1790490428.02,17.240,1.954,1701.22
robot,1790490428.52,17.212,1.777,1701.30
robot,1790490429.02,17.185,1.596,1701.37
robot,1790490429.52,17.158,1.415,1701.38
robot,1790490430.02,17.130,1.235,1701.47
robot,1790490430.52,17.104,1.058,1701.50
robot,1790490431.02,17.078,0.884,1701.59
robot,1790490431.52,17.051,0.702,1701.63
robot,1790490432.02,17.025,0.524,1701.66
robot,1790490432.52,16.999,0.346,1701.73
robot,1790490433.02,16.973,0.169,1701.77
robot,1790490433.52,16.948,-0.009,1701.89
robot,1790490434.02,16.922,-0.190,1701.89
robot,1790490434.52,16.897,-0.366,1701.99
robot,1790490435.02,16.874,-0.529,1702.05
robot,1790490435.52,16.851,-0.693,1702.05
robot,1790490436.02,16.829,-0.854,1702.09
robot,1790490436.52,16.808,-1.008,1702.14
robot,1790490437.02,16.792,-1.119,1702.16
robot,1790490437.52,16.792,-1.121,1702.16
robot,1790490438.72,16.793,-1.120,1677.41
robot,1790490439.02,16.792,-1.122,1668.12
robot,1790490439.52,16.792,-1.122,1653.84
robot,1790490440.02,16.788,-1.125,1639.56
robot,1790490440.52,16.784,-1.126,1625.30
robot,1790490443.00,16.402,-1.059,1610.00
robot,1790490443.02,16.394,-1.058,1610.00
robot,1790490443.52,16.196,-1.023,1610.05
robot,1790490444.02,16.001,-0.990,1610.65
robot,1790490444.52,15.808,-0.959,1611.70
robot,1790490445.02,15.613,-0.933,1613.11
robot,1790490445.52,15.416,-0.912,1614.51
robot,1790490446.02,15.217,-0.894,1615.12
robot,1790490446.52,15.018,-0.877,1615.19
robot,1790490447.02,14.819,-0.861,1615.34
robot,1790490447.52,14.618,-0.845,1615.53
robot,1790490448.02,14.419,-0.829,1615.59
robot,1790490448.52,14.225,-0.815,1615.69
robot,1790490449.02,14.024,-0.800,1615.76
robot,1790490449.52,13.823,-0.785,1615.88
robot,1790490450.02,13.624,-0.771,1615.92
robot,1790490450.52,13.421,-0.756,1615.94
robot,1790490451.02,13.224,-0.743,1616.11
robot,1790490451.52,13.018,-0.729,1616.19
robot,1790490452.02,12.826,-0.716,1616.27
robot,1790490452.52,12.638,-0.704,1616.38
robot,1790490453.02,12.448,-0.692,1616.40
robot,1790490453.52,12.267,-0.681,1616.45
robot,1790490454.02,12.091,-0.664,1611.27
robot,1790490454.52,11.915,-0.635,1610.65
robot,1790490455.02,11.716,-0.603,1610.61
robot,1790490455.52,11.525,-0.566,1606.82
robot,1790490456.02,11.329,-0.520,1606.69
robot,1790490456.52,11.133,-0.474,1606.59
robot,1790490457.02,10.939,-0.427,1606.61
robot,1790490457.52,10.744,-0.381,1606.65
robot,1790490458.02,10.551,-0.335,1606.73
robot,1790490458.52,10.352,-0.288,1606.82
robot,1790490459.02,10.158,-0.243,1606.90
robot,1790490459.52,9.964,-0.198,1606.96
robot,1790490460.02,9.768,-0.153,1607.01
robot,1790490460.52,9.577,-0.109,1607.06
robot,1790490461.02,9.380,-0.064,1607.10
robot,1790490461.52,9.185,-0.019,1607.13
robot,1790490462.02,8.990,0.025,1607.17
robot,1790490462.52,8.793,0.070,1607.22
robot,1790490463.02,8.597,0.114,1607.29
robot,1790490463.52,8.406,0.157,1607.32
robot,1790490464.02,8.208,0.202,1607.42
robot,1790490464.52,8.014,0.245,1607.47
robot,1790490465.02,7.817,0.289,1607.52
robot,1790490465.52,7.620,0.332,1607.58
robot,1790490466.02,7.424,0.375,1607.63
robot,1790490466.52,7.228,0.418,1607.68
robot,1790490467.02,7.035,0.460,1607.74
robot,1790490467.52,6.842,0.502,1607.81
robot,1790490468.02,6.644,0.545,1607.87
robot,1790490468.52,6.452,0.586,1607.94
robot,1790490469.02,6.252,0.628,1607.98
robot,1790490469.52,6.058,0.670,1608.05
robot,1790490470.02,5.862,0.711,1608.11
robot,1790490470.52,5.664,0.753,1608.15
robot,1790490471.02,5.471,0.793,1608.26
robot,1790490471.52,5.278,0.833,1608.31
robot,1790490472.02,5.080,0.874,1608.36
robot,1790490472.52,4.884,0.914,1608.48
robot,1790490473.02,4.686,0.954,1608.53
robot,1790490473.52,4.491,0.994,1608.61
robot,1790490474.02,4.294,1.033,1608.66
robot,1790490474.52,4.097,1.073,1608.76
robot,1790490475.02,3.903,1.111,1608.83
robot,1790490475.52,3.707,1.150,1608.88
robot,1790490476.02,3.508,1.189,1608.95
robot,1790490476.52,3.315,1.226,1609.04
robot,1790490477.02,3.116,1.265,1609.07
robot,1790490477.52,2.920,1.303,1609.12
robot,1790490478.02,2.721,1.341,1609.19
robot,1790490478.52,2.523,1.378,1609.27
robot,1790490479.02,2.333,1.414,1609.34
robot,1790490479.52,2.137,1.451,1609.33
robot,1790490480.02,1.960,1.487,1607.04
robot,1790490480.52,1.822,1.519,1606.76
robot,1790490481.02,1.676,1.554,1606.74
robot,1790490481.52,1.532,1.588,1606.74
robot,1790490482.02,1.394,1.620,1606.69
robot,1790490482.52,1.307,1.641,1606.65
robot,1790490483.02,1.306,1.641,1606.66
robot,1790490483.52,1.306,1.641,1606.65
robot,1790490484.02,1.306,1.641,1606.66
robot,1790490484.52,1.306,1.641,1606.65
robot,1790490485.02,1.306,1.641,1606.64
robot,1790490485.52,1.306,1.641,1606.65
robot,1790490486.02,1.306,1.641,1606.64
robot,1790490486.52,1.306,1.641,1606.64
robot,1790490487.02,1.306,1.641,1606.63
robot,1790490487.52,1.306,1.641,1606.62
robot,1790490488.02,1.306,1.641,1606.63
robot,1790490488.52,1.306,1.641,1606.63
robot,1790490489.02,1.306,1.641,1606.64
robot,1790490489.52,1.306,1.641,1606.65
robot,1790490490.02,1.306,1.641,1606.66
robot,1790490490.52,1.306,1.641,1606.64
robot,1790490491.02,1.306,1.641,1606.63
robot,1790490491.52,1.306,1.641,1606.62
robot,1790490492.02,1.306,1.641,1606.64
robot,1790490492.52,1.306,1.641,1606.64
robot,1790490493.02,1.306,1.641,1606.64
robot,1790490493.52,1.306,1.641,1606.64
robot,1790490494.02,1.306,1.641,1606.65
robot,1790490494.52,1.306,1.641,1606.65
robot,1790490495.02,1.306,1.641,1606.64
robot,1790490495.52,1.306,1.641,1606.65
robot,1790490496.02,1.306,1.641,1606.65
robot,1790490496.52,1.306,1.641,1606.66
robot,1790490497.02,1.306,1.641,1606.66
robot,1790490497.52,1.306,1.641,1606.65
robot,1790490498.02,1.306,1.641,1606.66
robot,1790490498.52,1.306,1.641,1606.67
robot,1790490499.02,1.306,1.641,1606.66
robot,1790490499.52,1.306,1.641,1606.66
robot,1790490500.02,1.306,1.641,1606.66
robot,1790490500.52,1.306,1.641,1606.67
robot,1790490501.02,1.306,1.641,1606.68
robot,1790490501.52,1.306,1.641,1606.68
robot,1790490502.02,1.306,1.641,1606.71
robot,1790490502.52,1.306,1.641,1606.71
robot,1790490503.02,1.306,1.641,1606.70
robot,1790490503.52,1.306,1.641,1606.70
robot,1790490504.02,1.306,1.641,1606.70
robot,1790490504.52,1.306,1.641,1606.72
robot,1790490505.02,1.306,1.641,1606.74
robot,1790490505.52,1.306,1.641,1606.74
robot,1790490506.02,1.306,1.641,1606.75
robot,1790490506.52,1.306,1.641,1606.75
robot,1790490507.02,1.306,1.641,1606.74
robot,1790490507.52,1.306,1.641,1606.74
robot,1790490508.02,1.306,1.641,1606.73
robot,1790490508.52,1.306,1.641,1606.74
robot,1790490509.02,1.306,1.641,1606.72
robot,1790490509.52,1.306,1.641,1606.71
robot,1790490510.02,1.306,1.641,1606.73
robot,1790490510.52,1.306,1.641,1606.73
robot,1790490511.02,1.306,1.641,1606.72
robot,1790490511.52,1.306,1.641,1606.70
robot,1790490512.02,1.306,1.641,1606.70
robot,1790490512.52,1.306,1.641,1606.69
robot,1790490513.02,1.306,1.641,1606.69
robot,1790490513.52,1.306,1.641,1606.70
robot,1790490514.02,1.306,1.641,1606.71
robot,1790490514.52,1.306,1.641,1606.71
robot,1790490515.02,1.306,1.641,1606.71
robot,1790490515.52,1.306,1.641,1606.69
robot,1790490516.02,1.306,1.641,1606.69
robot,1790490516.52,1.306,1.641,1606.70
robot,1790490517.02,1.306,1.641,1606.70
robot,1790490517.52,1.306,1.641,1606.69
robot,1790490518.02,1.306,1.641,1606.69
robot,1790490518.52,1.306,1.641,1606.71
robot,1790490519.02,1.306,1.641,1606.70
robot,1790490519.52,1.306,1.641,1606.71
robot,1790490520.02,1.306,1.641,1606.70
robot,1790490520.52,1.306,1.641,1606.69
robot,1790490521.02,1.306,1.641,1606.69
robot,1790490521.52,1.306,1.641,1606.70
robot,1790490522.02,1.306,1.641,1606.69
robot,1790490522.52,1.306,1.641,1606.69
robot,1790490523.02,1.306,1.641,1606.69
robot,1790490523.52,1.306,1.641,1606.69
robot,1790490524.02,1.306,1.641,1606.70
robot,1790490524.52,1.306,1.641,1606.70
robot,1790490525.02,1.306,1.641,1606.70
robot,1790490525.52,1.306,1.641,1606.70
robot,1790490526.02,1.306,1.641,1606.71
robot,1790490526.52,1.306,1.641,1606.70
robot,1790490527.02,1.306,1.641,1606.70
robot,1790490527.52,1.306,1.641,1606.73
robot,1790490528.02,1.306,1.641,1606.73
robot,1790490528.52,1.306,1.641,1606.72
robot,1790490529.02,1.306,1.641,1606.72
robot,1790490529.52,1.306,1.641,1606.72
robot,1790490530.02,1.306,1.641,1606.74
robot,1790490530.52,1.306,1.641,1606.74
robot,1790490531.02,1.306,1.641,1606.75
robot,1790490531.52,1.306,1.641,1606.76
robot,1790490532.02,1.306,1.641,1606.78
robot,1790490532.52,1.306,1.641,1606.78
robot,1790490533.02,1.306,1.641,1606.77
robot,1790490533.52,1.306,1.641,1606.75
robot,1790490534.02,1.306,1.641,1606.74
robot,1790490534.52,1.306,1.641,1606.74
robot,1790490535.02,1.306,1.641,1606.75
robot,1790490535.52,1.306,1.641,1606.76
robot,1790490536.02,1.306,1.641,1606.75
robot,1790490536.52,1.306,1.641,1606.76
robot,1790490537.02,1.306,1.641,1606.77
robot,1790490537.52,1.306,1.641,1606.75
robot,1790490538.02,1.306,1.641,1606.75
robot,1790490538.52,1.306,1.641,1606.74
robot,1790490539.02,1.306,1.641,1606.74
robot,1790490539.52,1.306,1.641,1606.74
robot,1790490540.02,1.306,1.641,1606.73
robot,1790490540.52,1.306,1.641,1606.73
robot,1790490541.02,1.306,1.641,1606.73
robot,1790490541.52,1.306,1.641,1606.73
robot,1790490542.02,1.306,1.641,1606.71
robot,1790490542.52,1.306,1.641,1606.70
robot,1790490543.02,1.306,1.641,1606.70
robot,1790490543.52,1.306,1.641,1606.70
robot,1790490544.02,1.306,1.641,1606.69
robot,1790490544.52,1.306,1.641,1606.68
robot,1790490545.02,1.306,1.641,1606.66
robot,1790490545.52,1.306,1.641,1606.66
robot,1790490546.02,1.306,1.641,1606.65
robot,1790490546.52,1.306,1.641,1606.64
robot,1790490547.02,1.306,1.641,1606.63
robot,1790490547.52,1.306,1.641,1606.63
robot,1790490548.02,1.306,1.641,1606.64
robot,1790490548.52,1.306,1.641,1606.63
robot,1790490549.02,1.306,1.641,1606.62
robot,1790490549.52,1.306,1.641,1606.61
robot,1790490550.02,1.306,1.641,1606.60
robot,1790490550.52,1.306,1.641,1606.61
robot,1790490551.02,1.306,1.641,1606.60
robot,1790490551.52,1.306,1.641,1606.59
robot,1790490552.02,1.306,1.641,1606.60
robot,1790490552.52,1.306,1.641,1606.58
robot,1790490553.02,1.306,1.641,1606.55
robot,1790490553.52,1.306,1.641,1606.56
robot,1790490554.02,1.306,1.641,1606.55
robot,1790490554.52,1.306,1.641,1606.53
robot,1790490555.02,1.306,1.641,1606.54
robot,1790490555.52,1.306,1.641,1606.53
robot,1790490556.02,1.306,1.641,1606.54
robot,1790490556.52,1.306,1.641,1606.53
robot,1790490557.02,1.306,1.641,1606.52
robot,1790490557.52,1.306,1.641,1606.53
robot,1790490558.02,1.306,1.641,1606.53
robot,1790490558.52,1.306,1.641,1606.55
robot,1790490559.02,1.306,1.641,1606.55
robot,1790490559.52,1.306,1.641,1606.56
robot,1790490560.02,1.306,1.641,1606.56
robot,1790490560.52,1.306,1.641,1606.56
robot,1790490561.02,1.306,1.641,1606.56
robot,1790490561.52,1.306,1.641,1606.56
robot,1790490562.02,1.306,1.641,1606.55
robot,1790490562.52,1.306,1.641,1606.55
robot,1790490563.02,1.306,1.641,1606.55
robot,1790490563.52,1.306,1.641,1606.55
robot,1790490564.02,1.306,1.641,1606.56
robot,1790490564.52,1.306,1.641,1606.55
robot,1790490565.02,1.306,1.641,1606.55
robot,1790490565.52,1.306,1.641,1606.55
robot,1790490566.02,1.306,1.641,1606.55
robot,1790490566.52,1.306,1.641,1606.54
robot,1790490567.02,1.306,1.641,1606.54
robot,1790490567.52,1.306,1.641,1606.54
robot,1790490568.02,1.306,1.641,1606.54
robot,1790490568.52,1.306,1.641,1606.53
robot,1790490569.02,1.306,1.641,1606.53
robot,1790490569.52,1.306,1.641,1606.53
robot,1790490570.02,1.306,1.641,1606.52
robot,1790490570.52,1.306,1.641,1606.51
robot,1790490571.02,1.306,1.641,1606.52
robot,1790490571.52,1.306,1.641,1606.53
robot,1790490572.02,1.306,1.641,1606.53
robot,1790490572.52,1.306,1.641,1606.52
robot,1790490573.02,1.306,1.641,1606.52
robot,1790490573.52,1.306,1.641,1606.51
robot,1790490574.02,1.306,1.641,1606.48
robot,1790490574.52,1.306,1.641,1606.49
robot,1790490575.02,1.306,1.641,1606.46
robot,1790490575.52,1.306,1.641,1606.45
robot,1790490576.02,1.306,1.641,1606.47
robot,1790490576.52,1.306,1.641,1606.48
robot,1790490577.02,1.306,1.641,1606.48
robot,1790490577.52,1.306,1.641,1606.47
robot,1790490578.02,1.306,1.641,1606.47
robot,1790490578.52,1.306,1.641,1606.46
robot,1790490579.02,1.306,1.641,1606.46
robot,1790490579.52,1.306,1.641,1606.44
robot,1790490580.02,1.306,1.641,1606.45
robot,1790490580.52,1.306,1.641,1606.46
robot,1790490581.02,1.306,1.641,1606.46
robot,1790490581.52,1.306,1.641,1606.46
robot,1790490582.02,1.306,1.641,1606.46
robot,1790490582.52,1.306,1.641,1606.46
robot,1790490583.02,1.306,1.641,1606.45
robot,1790490583.52,1.306,1.641,1606.44
robot,1790490584.02,1.306,1.641,1606.43
robot,1790490584.52,1.306,1.641,1606.44
robot,1790490585.02,1.306,1.641,1606.43
robot,1790490585.52,1.306,1.641,1606.42
robot,1790490586.02,1.306,1.641,1606.41
robot,1790490586.52,1.306,1.641,1606.41
robot,1790490587.02,1.306,1.641,1606.41
robot,1790490587.52,1.306,1.641,1606.40
robot,1790490588.02,1.306,1.641,1606.41
robot,1790490588.52,1.306,1.641,1606.43
robot,1790490589.02,1.306,1.641,1606.45
robot,1790490589.52,1.306,1.641,1606.45
robot,1790490590.02,1.306,1.641,1606.44
robot,1790490590.52,1.306,1.641,1606.43
robot,1790490591.02,1.306,1.641,1607.07
robot,1790490591.52,1.306,1.641,1619.58
robot,1790490592.02,1.306,1.641,1634.07
robot,1790490592.52,1.304,1.640,1648.20
robot,1790490593.02,1.304,1.641,1662.31
robot,1790490593.52,1.305,1.641,1676.71
robot,1790490594.02,1.304,1.639,1690.93
robot,1790490594.52,1.304,1.641,1705.11
robot,1790490595.02,1.304,1.642,1719.21
robot,1790490595.52,1.305,1.640,1733.42
robot,1790490596.02,1.304,1.641,1748.08
robot,1790490596.52,1.304,1.641,1762.65
robot,1790490597.02,1.305,1.640,1777.39
robot,1790490597.52,1.304,1.641,1781.71
robot,1790490598.02,1.304,1.641,1781.68
robot,1790490598.52,1.296,1.643,1783.39
robot,1790490599.02,1.296,1.643,1783.38
robot,1790490599.52,1.296,1.643,1783.36
robot,1790490600.02,1.296,1.643,1783.35
robot,1790490600.52,1.296,1.643,1783.34
robot,1790490601.02,1.296,1.643,1783.33
robot,1790490601.52,1.296,1.643,1783.32
robot,1790490602.02,1.296,1.643,1783.32
robot,1790490602.52,1.296,1.643,1783.31
robot,1790490603.02,1.296,1.643,1783.30
robot,1790490603.52,1.296,1.643,1783.30
robot,1790490604.02,1.296,1.643,1783.28
robot,1790490604.52,1.296,1.643,1783.28
robot,1790490605.02,1.296,1.643,1783.27
robot,1790490605.52,1.296,1.643,1783.28
robot,1790490606.02,1.296,1.643,1783.28
robot,1790490606.52,1.296,1.643,1783.27
robot,1790490607.02,1.296,1.643,1783.27
robot,1790490607.52,1.296,1.643,1783.24
robot,1790490608.02,1.296,1.643,1783.24
robot,1790490608.52,1.296,1.643,1783.23
robot,1790490609.02,1.296,1.643,1791.07
robot,1790490609.52,1.297,1.643,1791.06
robot,1790490610.02,1.304,1.642,1791.13
robot,1790490610.52,1.367,1.632,1791.22
robot,1790490611.02,1.432,1.622,1788.93
robot,1790490611.52,1.470,1.613,1786.10
robot,1790490612.02,1.444,1.619,1785.96
robot,1790490612.52,1.390,1.633,1785.90
robot,1790490613.02,1.331,1.648,1785.85
robot,1790490613.52,1.265,1.664,1785.79
robot,1790490614.02,1.195,1.682,1785.74
robot,1790490614.52,1.119,1.702,1785.70
robot,1790490615.02,1.089,1.709,1785.70
robot,1790490615.52,1.089,1.709,1785.69
robot,1790490616.02,1.089,1.709,1785.68
robot,1790490616.52,1.089,1.709,1785.68
robot,1790490617.02,1.089,1.709,1785.69
robot,1790490617.52,1.089,1.709,1785.67
robot,1790490618.02,1.089,1.709,1785.68
robot,1790490618.52,1.089,1.709,1785.66
robot,1790490619.02,1.089,1.709,1785.66
robot,1790490619.52,1.089,1.709,1785.66
robot,1790490620.02,1.089,1.709,1785.64
robot,1790490620.52,1.089,1.709,1785.64
robot,1790490621.02,1.089,1.709,1785.65
robot,1790490621.52,1.089,1.709,1785.64
robot,1790490622.02,1.089,1.709,1785.63
robot,1790490622.52,1.089,1.709,1785.62
robot,1790490623.02,1.089,1.709,1785.63
robot,1790490623.52,1.089,1.709,1785.62
robot,1790490624.02,1.089,1.709,1785.61
robot,1790490624.52,1.089,1.709,1785.61
robot,1790490625.02,1.089,1.709,1785.61
robot,1790490625.52,1.089,1.709,1785.60
robot,1790490626.02,1.089,1.709,1785.60
robot,1790490626.52,1.089,1.709,1785.59
robot,1790490627.02,1.089,1.709,1785.57
robot,1790490627.52,1.089,1.709,1785.56
robot,1790490628.02,1.089,1.709,1785.57
robot,1790490628.52,1.089,1.709,1785.56
robot,1790490629.02,1.089,1.709,1785.55
robot,1790490629.52,1.089,1.709,1785.56
robot,1790490630.02,1.089,1.709,1785.56
robot,1790490630.52,1.089,1.709,1785.57
robot,1790490631.02,1.089,1.709,1785.56
robot,1790490631.52,1.089,1.709,1785.55
robot,1790490632.02,1.089,1.709,1785.55
robot,1790490632.52,1.089,1.709,1785.55
robot,1790490633.02,1.089,1.709,1785.55
robot,1790490633.52,1.089,1.709,1785.54
robot,1790490634.02,1.089,1.709,1785.54
robot,1790490634.52,1.089,1.709,1785.52
robot,1790490635.02,1.089,1.709,1785.53
robot,1790490635.52,1.089,1.709,1785.55
robot,1790490636.02,1.089,1.709,1785.54
robot,1790490636.52,1.089,1.709,1785.55
robot,1790490637.02,1.089,1.709,1785.55
robot,1790490637.52,1.089,1.709,1785.54
robot,1790490638.02,1.089,1.709,1785.54
robot,1790490638.52,1.089,1.709,1785.53
robot,1790490639.02,1.089,1.709,1785.51
robot,1790490639.52,1.089,1.709,1785.51
robot,1790490640.02,1.089,1.709,1785.50
robot,1790490640.52,1.089,1.709,1785.49
robot,1790490641.02,1.089,1.709,1785.51
robot,1790490641.52,1.089,1.709,1785.50
robot,1790490642.02,1.089,1.709,1785.49
robot,1790490642.52,1.089,1.709,1785.48
robot,1790490643.02,1.089,1.709,1785.48
robot,1790490643.52,1.089,1.709,1785.46
robot,1790490644.02,1.089,1.709,1785.45
robot,1790490644.52,1.089,1.709,1785.46
robot,1790490645.02,1.089,1.709,1785.44
robot,1790490645.52,1.089,1.709,1785.44
robot,1790490646.02,1.089,1.709,1785.46
robot,1790490646.52,1.089,1.709,1785.45
robot,1790490647.02,1.089,1.709,1785.44
robot,1790490647.52,1.089,1.709,1785.44
robot,1790490648.02,1.089,1.709,1785.44
robot,1790490648.52,1.089,1.709,1785.42
robot,1790490649.02,1.089,1.709,1785.40
robot,1790490649.52,1.089,1.709,1785.39
robot,1790490650.02,1.089,1.709,1785.37
robot,1790490650.52,1.089,1.709,1785.36
robot,1790490651.02,1.089,1.709,1785.36
robot,1790490651.52,1.089,1.709,1785.35
robot,1790490652.02,1.089,1.709,1785.33
robot,1790490652.52,1.089,1.709,1785.32
robot,1790490653.02,1.089,1.709,1785.33
robot,1790490653.52,1.089,1.709,1785.34
robot,1790490654.02,1.089,1.709,1785.34
robot,1790490654.52,1.089,1.709,1785.35
robot,1790490655.02,1.089,1.709,1785.34
robot,1790490655.52,1.089,1.709,1785.34
robot,1790490656.02,1.089,1.709,1785.33
robot,1790490656.52,1.089,1.709,1785.32
robot,1790490657.02,1.089,1.709,1785.31
robot,1790490657.52,1.089,1.709,1785.32
robot,1790490658.02,1.089,1.709,1785.30
robot,1790490658.52,1.089,1.709,1785.29
robot,1790490659.02,1.089,1.709,1785.28
robot,1790490659.52,1.089,1.709,1785.29
robot,1790490660.02,1.089,1.709,1785.28
robot,1790490660.52,1.089,1.709,1785.28
robot,1790490661.02,1.089,1.709,1785.28
robot,1790490661.52,1.089,1.709,1785.26
robot,1790490662.02,1.089,1.709,1785.25
robot,1790490662.52,1.089,1.709,1785.24
robot,1790490663.02,1.089,1.709,1785.23
robot,1790490663.52,1.089,1.709,1785.21
robot,1790490664.02,1.089,1.709,1785.22
robot,1790490664.52,1.089,1.709,1785.22
robot,1790490665.02,1.089,1.709,1785.22
robot,1790490665.52,1.089,1.709,1785.23
robot,1790490666.02,1.089,1.709,1785.21
robot,1790490666.52,1.089,1.709,1785.21
robot,1790490667.02,1.089,1.709,1785.21
robot,1790490667.52,1.089,1.709,1785.20
robot,1790490668.02,1.089,1.709,1785.18
robot,1790490668.52,1.089,1.709,1785.16
robot,1790490669.02,1.089,1.709,1785.16
robot,1790490669.52,1.089,1.709,1785.16
robot,1790490670.02,1.089,1.709,1785.16
robot,1790490670.52,1.089,1.709,1785.14
robot,1790490671.02,1.089,1.709,1785.15
robot,1790490671.52,1.089,1.709,1785.14
robot,1790490672.02,1.089,1.709,1785.13
robot,1790490672.52,1.089,1.709,1785.13
robot,1790490673.02,1.089,1.709,1785.12
robot,1790490673.52,1.089,1.709,1785.10
robot,1790490674.02,1.089,1.709,1785.08
robot,1790490674.52,1.089,1.709,1785.08
robot,1790490675.02,1.089,1.709,1785.07
robot,1790490675.52,1.089,1.709,1785.09
robot,1790490676.02,1.089,1.709,1785.11
robot,1790490676.52,1.089,1.709,1785.11
robot,1790490677.02,1.089,1.709,1785.10
robot,1790490677.52,1.089,1.709,1785.09
robot,1790490678.02,1.089,1.709,1785.10
robot,1790490678.52,1.089,1.709,1785.10
robot,1790490679.02,1.089,1.709,1785.10
robot,1790490679.52,1.089,1.709,1785.08
robot,1790490680.02,1.089,1.709,1785.09
robot,1790490680.52,1.089,1.709,1785.08
camera,1790488947.10,0.000,0.000,0.00
camera,1790488947.66,0.005,-0.000,-0.03
camera,1790488948.06,0.001,-0.000,0.01
camera,1790488948.63,0.010,-0.000,-0.03
camera,1790488949.06,0.006,-0.000,0.00
camera,1790488949.60,0.005,-0.000,0.01
camera,1790488950.13,0.003,-0.000,-0.01
camera,1790488950.66,0.002,-0.000,0.01
camera,1790488951.16,0.002,-0.000,0.01
camera,1790488951.70,0.002,-0.000,-0.02
camera,1790488952.03,0.006,-0.000,-0.01
camera,1790488952.56,-0.002,-0.000,-0.01
camera,1790488953.03,0.006,-0.000,-0.01
camera,1790488953.60,0.002,-0.000,0.01
camera,1790488954.06,0.004,-0.000,-0.01
camera,1790488954.60,0.003,-0.000,-0.02
camera,1790488955.13,0.004,-0.000,-0.02
camera,1790488955.60,0.003,-0.000,-0.03
camera,1790488956.13,0.002,-0.000,0.00
camera,1790488956.53,0.005,-0.000,-0.02
camera,1790488957.06,0.003,-0.000,-0.00
camera,1790488957.60,0.004,-0.000,-0.01
camera,1790488958.13,0.003,-0.000,-0.01
camera,1790488958.56,0.005,-0.000,-0.02
camera,1790488959.03,0.004,-0.000,0.02
camera,1790488959.56,0.007,-0.000,-0.05
camera,1790488960.10,0.001,-0.000,-0.00
camera,1790488960.63,0.005,-0.000,-0.02
camera,1790488961.03,0.005,-0.000,-0.02
camera,1790488961.53,0.004,-0.000,-0.01
camera,1790488962.13,0.006,-0.000,-0.02
camera,1790488962.60,0.009,-0.000,-0.02
camera,1790488963.06,0.004,-0.000,-0.03
camera,1790488963.53,0.005,-0.000,-0.01
camera,1790488964.06,0.007,-0.000,-0.06
camera,1790488964.63,0.008,-0.000,-0.01
camera,1790488965.03,0.002,-0.000,0.02
camera,1790488965.56,0.005,-0.000,-0.02
camera,1790488966.10,0.003,-0.000,-0.02
camera,1790488966.63,0.009,-0.000,-0.03
camera,1790488967.03,0.005,-0.000,-0.03
camera,1790488967.56,0.005,-0.000,-0.05
camera,1790488968.10,0.008,-0.000,-0.04
camera,1790488968.66,0.007,-0.000,-0.01
camera,1790488969.06,0.003,-0.000,-0.03
camera,1790488969.60,0.003,-0.000,-0.04
camera,1790488970.13,0.016,-0.000,-0.02
camera,1790488970.53,0.003,-0.000,-0.00
camera,1790488971.06,0.009,-0.000,-0.03
camera,1790488971.60,0.007,-0.000,-0.02
camera,1790488972.13,0.003,-0.000,0.00
camera,1790488972.60,0.003,-0.000,-0.03
camera,1790488973.03,0.005,-0.000,-0.04
camera,1790488973.56,0.002,-0.000,-0.01
camera,1790488974.10,0.007,-0.000,-0.04
camera,1790488974.63,0.011,-0.000,-0.01
camera,1790488975.03,0.004,-0.000,0.00
camera,1790488975.56,0.004,-0.000,-0.06
camera,1790488976.10,0.005,-0.000,-0.02
camera,1790488976.63,0.003,-0.000,-0.01
camera,1790488977.06,0.005,-0.000,-0.00
camera,1790488977.60,0.001,-0.000,-0.01
camera,1790488978.13,0.007,-0.000,0.00
camera,1790488978.53,0.005,-0.000,0.02
camera,1790488979.06,0.004,-0.000,-0.03
camera,1790488979.63,0.002,-0.000,-0.02
camera,1790488980.03,0.007,-0.000,-0.01
camera,1790488980.56,0.004,-0.000,-0.04
camera,1790488981.10,0.006,-0.000,-0.03
camera,1790488981.63,0.008,-0.000,-0.05
camera,1790488982.03,0.006,-0.000,-0.03
camera,1790488982.56,0.007,-0.000,-0.03
camera,1790488983.13,0.007,-0.000,-0.03
camera,1790488983.53,0.005,-0.000,-0.02
camera,1790488984.06,0.004,-0.000,-0.01
camera,1790488984.60,0.008,-0.000,-0.01
camera,1790488985.13,0.008,-0.000,0.01
camera,1790488985.56,0.006,-0.000,-0.03
camera,1790488986.10,0.010,-0.000,-0.05
camera,1790488986.60,0.009,-0.000,-0.05
camera,1790488987.03,0.006,-0.000,-0.02
camera,1790488987.56,0.011,-0.000,-0.05
camera,1790488988.13,0.005,-0.000,-0.04
camera,1790488988.53,0.010,-0.000,0.02
camera,1790488989.06,0.006,-0.000,-0.04
camera,1790488989.63,0.004,-0.000,-0.03
camera,1790488990.03,0.008,-0.000,-0.02
camera,1790488990.56,0.008,-0.000,-0.02
camera,1790488991.10,0.007,-0.000,-0.06
camera,1790488991.63,0.007,-0.000,-0.05
camera,1790488992.06,0.005,-0.000,-0.04
camera,1790488992.60,0.006,-0.000,-0.04
camera,1790488993.13,0.008,-0.000,-0.05
camera,1790488993.53,0.005,-0.000,-0.02
camera,1790488994.06,0.007,-0.000,0.00
camera,1790488994.60,0.006,-0.000,-0.02
camera,1790488995.03,0.007,-0.000,-0.01
camera,1790488995.56,0.005,-0.000,0.00
camera,1790488996.10,0.005,-0.000,-0.02
camera,1790488996.63,0.006,-0.000,-0.00
camera,1790488997.03,0.005,-0.000,-0.02
camera,1790488997.60,0.005,-0.000,-0.03
camera,1790488998.13,0.010,-0.000,-0.02
camera,1790488998.53,0.005,-0.000,-0.03
camera,1790488999.06,0.004,-0.000,-0.05
camera,1790488999.60,0.008,-0.000,-0.01
camera,1790489000.03,0.008,-0.000,-0.02
camera,1790489000.56,0.005,-0.000,-0.03
camera,1790489001.10,0.004,-0.000,-0.04
camera,1790489001.63,0.006,-0.000,-0.04
camera,1790489002.03,0.007,-0.000,-0.02
camera,1790489002.56,0.010,-0.000,-0.04
camera,1790489003.10,0.004,-0.000,-0.00
camera,1790489003.53,0.007,-0.000,-0.01
camera,1790489004.03,0.008,-0.000,-0.01
camera,1790489004.60,0.006,-0.000,-0.02
camera,1790489005.13,0.005,-0.000,-0.03
camera,1790489005.53,0.006,-0.000,-0.02
camera,1790489006.06,0.002,-0.000,-0.01
camera,1790489006.60,0.006,-0.000,-0.03
camera,1790489007.13,0.007,-0.000,-0.05
camera,1790489007.56,0.002,-0.000,-0.02
camera,1790489008.10,0.007,-0.000,-0.00
camera,1790489008.63,0.007,-0.000,0.02
camera,1790489009.03,0.007,-0.000,-0.02
camera,1790489009.60,0.007,-0.000,-0.00
camera,1790489010.10,0.009,-0.000,-0.02
camera,1790489010.63,0.006,-0.000,-0.01
camera,1790489011.06,0.007,-0.000,-0.04
camera,1790489011.60,0.008,-0.000,-0.00
camera,1790489012.13,0.006,-0.000,-0.04
camera,1790489012.53,0.005,-0.000,-0.03
camera,1790489013.06,0.008,-0.000,-0.04
camera,1790489013.60,0.012,-0.000,-0.02
camera,1790489014.13,0.006,-0.000,0.01
camera,1790489014.56,0.008,-0.000,-0.05
camera,1790489015.10,0.007,-0.000,-0.02
camera,1790489015.63,0.011,-0.000,-0.04
camera,1790489016.03,0.005,-0.000,-0.01
camera,1790489016.56,0.007,-0.000,-0.00
camera,1790489017.10,0.008,-0.000,-0.03
camera,1790489017.66,0.006,-0.000,-0.03
camera,1790489018.46,0.008,-0.000,-0.02
camera,1790489018.60,0.008,-0.000,-0.03
camera,1790489019.13,0.007,-0.000,-0.04
camera,1790489019.53,0.006,-0.000,-0.02
camera,1790489020.06,0.012,-0.000,-0.02
camera,1790489020.60,-0.002,-0.000,0.00
camera,1790489021.03,0.006,-0.000,-0.02
camera,1790489021.56,0.004,-0.000,-0.03
camera,1790489022.10,0.003,-0.000,0.01
camera,1790489022.63,0.007,-0.000,-0.01
camera,1790489023.03,0.008,-0.000,-0.03
camera,1790489023.56,0.006,-0.000,-0.01
camera,1790489024.10,0.008,-0.000,-0.04
camera,1790489024.53,0.005,-0.000,-0.03
camera,1790489025.03,0.007,-0.000,-0.01
camera,1790489025.60,0.004,-0.000,-0.01
camera,1790489026.13,0.004,-0.000,-0.03
camera,1790489026.53,0.006,-0.000,0.02
camera,1790489027.06,0.004,-0.000,-0.02
camera,1790489027.63,0.004,-0.000,-0.03
camera,1790489028.03,0.005,-0.000,-0.02
camera,1790489028.56,0.005,-0.000,0.02
camera,1790489029.10,0.002,-0.000,-0.02
camera,1790489029.63,0.005,-0.000,-0.01
camera,1790489030.03,0.005,-0.000,-0.04
camera,1790489030.60,0.003,-0.000,-0.01
camera,1790489031.13,0.005,-0.000,-0.02
camera,1790489031.53,0.014,-0.000,-0.02
camera,1790489032.06,0.005,-0.000,-0.01
camera,1790489032.60,0.004,-0.000,-0.02
camera,1790489033.13,0.004,-0.000,0.00
camera,1790489033.53,-0.001,-0.000,-0.00
camera,1790489034.10,0.005,-0.000,-0.01
camera,1790489034.63,0.002,-0.000,-0.04
camera,1790489035.03,0.003,-0.000,-0.00
camera,1790489035.56,0.011,-0.000,-0.03
camera,1790489036.10,0.004,-0.000,-0.00
camera,1790489036.63,0.004,-0.000,-0.02
camera,1790489037.03,0.007,-0.000,-0.02
camera,1790489037.60,0.009,-0.000,-0.04
camera,1790489038.10,0.002,-0.000,-0.01
camera,1790489038.53,0.006,-0.000,-0.04
camera,1790489039.06,0.004,-0.000,0.00
camera,1790489039.60,0.005,-0.000,-0.02
camera,1790489040.13,0.005,-0.000,-0.05
camera,1790489040.53,0.005,-0.000,-0.01
camera,1790489041.06,0.006,-0.000,-0.03
camera,1790489041.60,0.004,-0.000,0.00
camera,1790489042.03,0.006,-0.000,-0.03
camera,1790489042.53,0.007,-0.000,-0.01
camera,1790489043.10,0.005,-0.000,-0.04
camera,1790489043.63,0.006,-0.000,-0.00
camera,1790489044.03,0.003,-0.000,0.00
camera,1790489044.56,0.005,-0.000,-0.00
camera,1790489045.10,0.010,-0.000,-0.04
camera,1790489045.63,0.004,-0.000,-0.01
camera,1790489046.03,0.004,-0.000,0.01
camera,1790489046.56,0.006,-0.000,-0.00
camera,1790489047.13,0.007,-0.000,-0.03
camera,1790489047.53,0.005,-0.000,0.02
camera,1790489048.06,0.004,-0.000,-0.02
camera,1790489048.60,0.003,-0.000,-0.00
camera,1790489049.16,0.001,-0.000,-0.00
camera,1790489049.56,0.005,-0.000,-0.02
camera,1790489050.10,0.005,-0.000,-0.02
camera,1790489050.63,0.002,-0.000,0.01
camera,1790489051.03,0.003,-0.000,0.00
camera,1790489051.56,0.008,-0.000,-0.00
camera,1790489052.10,0.006,-0.000,-0.00
camera,1790489052.63,0.007,-0.000,-0.04
camera,1790489053.06,0.005,-0.000,-0.01
camera,1790489053.60,0.006,-0.000,-0.04
camera,1790489054.13,0.003,-0.000,-0.01
camera,1790489054.60,0.008,-0.000,0.00
camera,1790489055.16,0.008,-0.000,-0.00
camera,1790489055.56,0.004,-0.000,0.00
camera,1790489056.10,0.006,-0.000,-0.01
camera,1790489056.63,0.006,-0.000,-0.03
camera,1790489057.03,0.009,-0.000,-0.05
camera,1790489057.56,0.005,-0.000,0.00
camera,1790489058.10,0.006,-0.000,-0.01
camera,1790489058.56,0.004,-0.000,-0.04
camera,1790489059.10,0.008,-0.000,-0.02
camera,1790489059.63,0.008,-0.000,-0.01
camera,1790489060.03,0.005,-0.000,0.00
camera,1790489060.56,0.006,-0.000,-0.02
camera,1790489061.10,0.007,-0.000,-0.02
camera,1790489061.53,0.006,-0.000,-0.03
camera,1790489062.06,0.011,-0.000,-0.01
camera,1790489062.60,0.004,-0.000,-0.02
camera,1790489063.13,0.007,-0.000,-0.00
camera,1790489063.53,0.006,-0.000,-0.03
camera,1790489064.06,0.004,-0.000,0.00
camera,1790489064.60,0.005,-0.000,-0.00
camera,1790489065.13,0.007,-0.000,0.01
camera,1790489065.53,0.004,-0.000,0.01
camera,1790489066.06,0.006,-0.000,0.01
camera,1790489066.63,0.003,-0.000,-0.03
camera,1790489067.03,0.005,-0.000,-0.02
camera,1790489067.56,0.005,-0.000,-0.06
camera,1790489068.10,0.006,-0.000,-0.00
camera,1790489068.63,0.009,-0.000,-0.01
camera,1790489069.06,0.007,-0.000,-0.04
camera,1790489069.60,0.005,-0.000,-0.02
camera,1790489070.13,0.005,-0.000,-0.02
camera,1790489070.53,0.007,-0.000,-0.05
camera,1790489071.06,0.007,-0.000,-0.04
camera,1790489071.53,0.004,-0.000,-0.05
camera,1790489072.06,0.002,-0.000,-0.01
camera,1790489072.60,0.004,-0.000,-0.00
camera,1790489073.13,0.004,-0.000,-0.04
camera,1790489073.53,0.016,-0.001,-0.07
camera,1790489074.10,0.146,-0.001,-0.10
camera,1790489074.63,0.284,-0.001,-0.10
camera,1790489075.03,0.391,-0.001,-0.05
camera,1790489075.56,0.523,-0.001,-0.06
camera,1790489076.10,0.647,-0.001,-0.04
camera,1790489076.66,0.775,-0.001,0.01
camera,1790489077.03,0.841,-0.001,0.02
camera,1790489077.60,0.949,-0.001,0.06
camera,1790489078.13,1.049,-0.001,0.12
camera,1790489078.53,1.124,-0.000,0.15
camera,1790489079.06,1.206,-0.000,0.11
camera,1790489079.60,1.275,-0.000,0.12
camera,1790489080.13,1.350,0.000,0.14
camera,1790489080.53,1.400,0.000,0.17
camera,1790489081.06,1.484,0.001,0.17
camera,1790489081.63,1.562,0.001,0.19
camera,1790489082.03,1.616,0.001,0.25
camera,1790489082.56,1.690,0.001,0.28
camera,1790489083.10,1.774,0.002,0.29
camera,1790489083.53,1.818,0.002,0.28
camera,1790489084.06,1.897,0.003,0.34
camera,1790489084.53,1.964,0.003,0.35
camera,1790489085.06,2.031,0.004,0.45
camera,1790489085.53,2.103,0.004,0.40
camera,1790489086.03,2.182,0.005,0.44
camera,1790489086.56,2.263,0.006,0.45
camera,1790489087.03,2.331,0.006,0.42
camera,1790489087.56,2.428,0.007,0.43
camera,1790489088.03,2.506,0.008,0.48
camera,1790489088.56,2.629,0.009,0.58
camera,1790489089.03,2.706,0.010,0.57
camera,1790489089.56,2.809,0.011,0.69
camera,1790489090.03,2.891,0.012,0.70
camera,1790489090.56,2.990,0.014,0.75
camera,1790489091.06,3.078,0.015,0.67
camera,1790489091.53,3.170,0.016,0.85
camera,1790489092.06,3.270,0.018,0.86
camera,1790489092.53,3.350,0.019,0.88
camera,1790489093.06,3.454,0.021,0.94
camera,1790489093.53,3.542,0.022,0.94
camera,1790489094.06,3.653,0.024,1.06
camera,1790489094.56,3.751,0.026,1.06
camera,1790489095.03,3.849,0.028,1.07
camera,1790489095.56,3.954,0.030,1.11
camera,1790489096.03,4.050,0.032,1.10
camera,1790489096.53,4.142,0.034,1.15
camera,1790489097.06,4.255,0.036,1.19
camera,1790489097.53,4.335,0.038,1.25
camera,1790489098.06,4.440,0.040,1.26
camera,1790489098.53,4.535,0.043,1.29
camera,1790489099.03,4.636,0.045,1.36
camera,1790489099.56,4.742,0.048,1.34
camera,1790489100.03,4.835,0.050,1.42
camera,1790489100.56,4.938,0.053,1.42
camera,1790489101.03,5.033,0.055,1.42
camera,1790489101.60,5.145,0.058,1.46
camera,1790489102.06,5.239,0.061,1.58
camera,1790489102.53,5.334,0.063,1.59
camera,1790489103.06,5.441,0.066,1.68
camera,1790489103.53,5.540,0.069,1.68
camera,1790489104.06,5.654,0.073,1.75
camera,1790489104.56,5.768,0.076,1.74
camera,1790489105.03,5.877,0.079,1.75
camera,1790489105.56,6.003,0.083,1.80
camera,1790489106.03,6.108,0.086,1.81
camera,1790489106.53,6.221,0.090,1.87
camera,1790489107.06,6.331,0.094,1.97
camera,1790489107.53,6.449,0.098,1.95
camera,1790489108.06,6.573,0.102,1.99
camera,1790489108.53,6.663,0.106,2.09
camera,1790489109.03,6.775,0.110,2.05
camera,1790489109.53,6.885,0.114,2.07
camera,1790489110.06,7.004,0.118,2.12
camera,1790489110.53,7.107,0.122,2.17
camera,1790489111.10,7.238,0.127,2.17
camera,1790489111.53,7.328,0.131,2.26
camera,1790489112.03,7.439,0.135,2.26
camera,1790489112.56,7.568,0.140,2.22
camera,1790489113.03,7.671,0.145,2.31
camera,1790489113.56,7.786,0.149,2.33
camera,1790489114.03,7.891,0.153,2.29
camera,1790489114.53,7.997,0.158,2.31
camera,1790489115.06,8.119,0.163,2.40
camera,1790489115.56,8.223,0.167,2.41
camera,1790489116.03,8.332,0.172,2.51
camera,1790489116.56,8.451,0.177,2.51
camera,1790489117.03,8.555,0.182,2.60
camera,1790489117.53,8.666,0.187,2.60
camera,1790489118.03,8.774,0.192,2.66
camera,1790489118.56,8.895,0.198,2.78
camera,1790489119.06,9.011,0.203,2.67
camera,1790489119.60,9.131,0.209,2.72
camera,1790489120.03,9.226,0.214,2.87
camera,1790489120.56,9.356,0.220,2.88
camera,1790489121.06,9.462,0.225,2.81
camera,1790489121.56,9.579,0.231,2.81
camera,1790489122.33,9.754,0.240,2.88
camera,1790489122.53,9.799,0.242,2.80
camera,1790489123.03,9.911,0.248,2.97
camera,1790489123.60,10.041,0.255,3.04
camera,1790489124.06,10.153,0.260,3.04
camera,1790489124.56,10.277,0.267,3.12
camera,1790489125.06,10.400,0.274,3.09
camera,1790489125.53,10.509,0.280,3.24
camera,1790489126.03,10.623,0.286,3.15
camera,1790489126.56,10.741,0.293,3.12
camera,1790489127.03,10.839,0.298,3.12
camera,1790489127.53,10.940,0.297,-0.09
camera,1790489128.06,11.022,0.293,-1.45
camera,1790489128.56,11.103,0.290,-1.66
camera,1790489129.03,11.184,0.288,-1.69
camera,1790489129.60,11.291,0.283,-2.66
camera,1790489130.06,11.372,0.269,-7.45
camera,1790489130.53,11.453,0.247,-12.60
camera,1790489131.06,11.553,0.212,-17.06
camera,1790489131.60,11.698,0.166,-17.60
camera,1790489132.06,11.826,0.126,-17.59
camera,1790489132.53,11.957,0.085,-17.37
camera,1790489133.06,12.101,0.041,-17.17
camera,1790489133.53,12.232,0.001,-16.98
camera,1790489134.03,12.377,-0.041,-16.32
camera,1790489134.53,12.524,-0.082,-16.04
camera,1790489135.06,12.688,-0.129,-15.91
camera,1790489135.53,12.855,-0.157,-11.76
camera,1790489136.03,13.017,-0.165,-5.46
camera,1790489136.56,13.182,-0.162,-2.32
camera,1790489137.03,13.339,-0.160,-1.03
camera,1790489137.56,13.521,-0.157,-0.01
camera,1790489138.03,13.692,-0.171,0.45
camera,1790489144.53,15.395,-0.038,37.67
camera,1790489145.06,15.276,-0.133,45.57
camera,1790489145.53,15.254,-0.167,54.90
camera,1790489146.10,15.258,-0.155,66.37
camera,1790489146.56,15.258,-0.149,75.94
camera,1790489147.03,15.259,-0.146,85.56
camera,1790489147.56,15.255,-0.129,96.65
camera,1790489148.03,15.252,-0.121,106.38
camera,1790489148.60,15.240,-0.102,118.36
camera,1790489149.03,15.223,-0.085,127.53
camera,1790489149.56,15.196,-0.065,139.04
camera,1790489150.06,15.156,-0.045,149.71
camera,1790489150.53,15.118,-0.035,159.87
camera,1790489151.06,15.068,-0.031,171.74
camera,1790489151.53,15.025,-0.037,182.35
camera,1790489152.06,14.984,-0.049,194.27
camera,1790489152.56,14.950,-0.070,205.57
camera,1790489153.03,14.894,-0.117,215.09
camera,1790489153.56,14.832,-0.211,230.02
camera,1790489154.03,14.815,-0.247,240.02
camera,1790489154.56,14.806,-0.280,251.34
camera,1790489155.03,14.801,-0.330,261.23
camera,1790489155.56,14.808,-0.380,272.57
camera,1790489156.03,14.820,-0.419,282.51
camera,1790489156.53,14.844,-0.465,293.04
camera,1790489157.03,14.866,-0.484,303.54
camera,1790489161.26,15.176,-0.151,396.86
camera,1790489161.53,15.181,-0.101,406.44
camera,1790489162.06,15.138,-0.161,416.18
camera,1790489162.56,15.131,-0.180,426.78
camera,1790489163.03,15.129,-0.197,436.86
camera,1790489163.56,15.128,-0.202,448.50
camera,1790489164.03,15.128,-0.203,458.77
camera,1790489164.56,15.135,-0.217,470.72
camera,1790489165.03,15.127,-0.207,480.85
camera,1790489165.60,15.118,-0.198,492.99
camera,1790489166.03,15.100,-0.186,502.64
camera,1790489166.53,15.071,-0.174,513.73
camera,1790489167.06,15.038,-0.168,525.54
camera,1790489167.53,15.008,-0.169,535.82
camera,1790489168.03,14.996,-0.169,537.50
camera,1790489168.53,14.997,-0.169,537.49
camera,1790489169.03,14.997,-0.169,537.49
camera,1790489169.53,14.997,-0.169,537.46
camera,1790489170.10,14.997,-0.169,537.46
camera,1790489170.53,14.997,-0.169,537.48
camera,1790489171.03,14.996,-0.169,537.48
camera,1790489171.53,14.997,-0.169,537.49
camera,1790489172.03,14.997,-0.169,537.47
camera,1790489172.60,14.997,-0.169,537.47
camera,1790489173.03,14.997,-0.169,537.48
camera,1790489173.53,14.996,-0.169,537.47
camera,1790489174.06,14.997,-0.169,537.43
camera,1790489174.53,14.996,-0.169,537.47
camera,1790489175.03,14.997,-0.169,537.47
camera,1790489175.56,14.996,-0.169,537.45
camera,1790489176.06,14.996,-0.169,537.48
camera,1790489176.56,14.996,-0.169,537.46
camera,1790489177.03,14.998,-0.169,537.46
camera,1790489177.53,14.997,-0.169,537.46
camera,1790489178.03,14.995,-0.169,537.46
camera,1790489178.53,14.996,-0.169,537.47
camera,1790489179.03,14.995,-0.169,537.48
camera,1790489179.56,14.997,-0.169,537.47
camera,1790489180.10,14.998,-0.169,537.47
camera,1790489180.56,14.991,-0.169,537.49
camera,1790489181.06,14.911,-0.166,537.65
camera,1790489181.56,14.791,-0.161,537.73
camera,1790489182.03,14.679,-0.157,537.86
camera,1790489182.53,14.546,-0.152,537.94
camera,1790489183.06,14.398,-0.147,538.09
camera,1790489183.56,14.273,-0.143,538.21
camera,1790489184.03,14.138,-0.139,538.31
camera,1790489184.56,13.980,-0.135,538.43
camera,1790489185.03,13.853,-0.131,538.56
camera,1790489185.56,13.670,-0.127,538.52
camera,1790489186.03,13.539,-0.124,538.63
camera,1790489186.56,13.388,-0.120,538.62
camera,1790489187.06,13.234,-0.117,538.78
camera,1790489187.53,13.100,-0.114,538.87
camera,1790489188.06,12.931,-0.111,538.93
camera,1790489188.53,12.784,-0.109,539.02
camera,1790489189.06,12.619,-0.106,539.05
camera,1790489189.53,12.472,-0.104,539.14
camera,1790489190.03,12.319,-0.103,539.25
camera,1790489190.56,12.150,-0.101,539.33
camera,1790489191.03,11.992,-0.099,539.39
camera,1790489191.56,11.835,-0.097,539.43
camera,1790489192.03,11.679,-0.096,539.50
camera,1790489192.53,11.530,-0.095,539.59
camera,1790489193.06,11.370,-0.094,539.62
camera,1790489193.53,11.217,-0.094,539.73
camera,1790489194.06,11.047,-0.093,539.84
camera,1790489194.56,10.879,-0.093,539.96
camera,1790489195.03,10.738,-0.093,539.98
camera,1790489195.56,10.560,-0.093,540.09
camera,1790489196.03,10.404,-0.094,540.14
camera,1790489196.56,10.229,-0.095,540.21
camera,1790489197.06,10.067,-0.095,540.28
camera,1790489197.53,9.914,-0.096,540.33
camera,1790489198.10,9.730,-0.097,540.32
camera,1790489198.56,9.581,-0.099,540.43
camera,1790489199.03,9.424,-0.100,540.42
camera,1790489199.56,9.259,-0.102,540.54
camera,1790489200.03,9.134,-0.103,540.66
camera,1790489200.53,8.983,-0.104,540.68
camera,1790489201.06,8.816,-0.106,540.75
camera,1790489201.53,8.672,-0.108,540.78
camera,1790489202.06,8.525,-0.111,540.90
camera,1790489202.53,8.363,-0.113,540.96
camera,1790489203.06,8.204,-0.116,540.98
camera,1790489203.56,8.050,-0.119,541.08
camera,1790489204.03,7.900,-0.123,541.18
camera,1790489204.53,7.733,-0.126,541.20
camera,1790489205.06,7.561,-0.130,541.24
camera,1790489205.56,7.386,-0.134,541.32
camera,1790489206.10,7.216,-0.139,541.43
camera,1790489206.56,7.046,-0.144,541.54
camera,1790489207.03,6.902,-0.148,541.56
camera,1790489207.60,6.717,-0.153,541.60
camera,1790489208.03,6.586,-0.157,541.64
camera,1790489208.53,6.426,-0.161,541.49
camera,1790489209.06,6.260,-0.155,538.69
camera,1790489209.56,6.106,-0.152,538.67
camera,1790489210.03,5.961,-0.148,538.70
camera,1790489210.60,5.783,-0.144,538.70
camera,1790489211.06,5.633,-0.140,538.61
camera,1790489211.53,5.461,-0.137,538.74
camera,1790489212.06,5.271,-0.134,538.86
camera,1790489212.53,5.092,-0.130,538.93
camera,1790489213.03,4.897,-0.127,538.99
camera,1790489213.56,4.697,-0.124,539.03
camera,1790489214.03,4.520,-0.121,539.07
camera,1790489214.60,4.286,-0.118,539.22
camera,1790489215.06,4.117,-0.116,539.30
camera,1790489215.56,3.923,-0.114,539.36
camera,1790489216.03,3.750,-0.113,539.48
camera,1790489216.53,3.559,-0.111,539.57
camera,1790489217.06,3.353,-0.110,539.58
camera,1790489217.56,3.160,-0.109,539.62
camera,1790489218.03,2.985,-0.108,539.76
camera,1790489218.53,2.792,-0.107,539.73
camera,1790489219.03,2.608,-0.106,539.75
camera,1790489219.60,2.381,-0.106,539.84
camera,1790489220.06,2.206,-0.106,539.96
camera,1790489220.56,2.006,-0.106,540.04
camera,1790489221.06,1.815,-0.107,540.11
camera,1790489221.56,1.623,-0.108,540.21
camera,1790489222.06,1.424,-0.109,540.33
camera,1790489222.53,1.247,-0.111,540.41
camera,1790489223.03,1.050,-0.112,540.52
camera,1790489223.53,0.856,-0.115,540.58
camera,1790489224.06,0.655,-0.117,540.66
camera,1790489224.56,0.470,-0.119,540.65
camera,1790489225.03,0.336,-0.120,540.52
camera,1790489225.53,0.343,-0.120,540.63
camera,1790489226.06,0.345,-0.120,540.70
camera,1790489226.56,0.348,-0.120,540.72
camera,1790489227.03,0.350,-0.120,540.71
camera,1790489227.53,0.342,-0.120,540.69
camera,1790489228.06,0.350,-0.120,540.73
camera,1790489228.56,0.346,-0.120,540.68
camera,1790489229.06,0.343,-0.120,540.66
camera,1790489229.53,0.343,-0.120,540.70
camera,1790489230.03,0.344,-0.120,540.68
camera,1790489230.56,0.345,-0.120,540.67
camera,1790489231.06,0.345,-0.120,540.65
camera,1790489231.53,0.348,-0.120,540.68
camera,1790489232.03,0.344,-0.120,540.64
camera,1790489232.56,0.347,-0.120,540.69
camera,1790489233.06,0.354,-0.120,540.64
camera,1790489233.56,0.357,-0.120,540.70
camera,1790489234.03,0.352,-0.120,540.65
camera,1790489234.53,0.350,-0.120,540.70
camera,1790489235.10,0.353,-0.120,540.67
camera,1790489235.56,0.342,-0.120,540.63
camera,1790489236.06,0.355,-0.120,540.69
camera,1790489236.53,0.354,-0.119,540.72
camera,1790489237.03,0.349,-0.119,540.67
camera,1790489237.56,0.346,-0.119,540.64
camera,1790489238.03,0.347,-0.119,540.69
camera,1790489238.53,0.342,-0.119,540.63
camera,1790489239.06,0.346,-0.119,540.66
camera,1790489239.56,0.344,-0.119,540.69
camera,1790489240.03,0.354,-0.119,540.65
camera,1790489240.53,0.348,-0.119,540.66
camera,1790489241.03,0.346,-0.119,540.63
camera,1790489241.53,0.346,-0.119,540.71
camera,1790489242.06,0.345,-0.119,540.67
camera,1790489244.83,0.345,-0.119,540.68
camera,1790489245.06,0.341,-0.119,540.69
camera,1790489245.53,0.348,-0.119,540.70
camera,1790489246.03,0.346,-0.119,540.69
camera,1790489246.53,0.352,-0.119,540.68
camera,1790489247.03,0.350,-0.119,540.69
camera,1790489247.53,0.344,-0.119,540.66
camera,1790489248.06,0.347,-0.119,540.66
camera,1790489248.56,0.342,-0.119,540.66
camera,1790489249.03,0.350,-0.119,540.69
camera,1790489249.53,0.342,-0.119,540.64
camera,1790489250.10,0.345,-0.119,540.66
camera,1790489250.56,0.345,-0.119,540.64
camera,1790489251.06,0.346,-0.119,540.67
camera,1790489251.56,0.346,-0.119,540.67
camera,1790489252.06,0.349,-0.119,540.67
camera,1790489252.56,0.345,-0.119,540.65
camera,1790489253.06,0.346,-0.119,540.68
camera,1790489253.56,0.347,-0.119,540.65
camera,1790489254.03,0.344,-0.119,540.64
camera,1790489254.53,0.344,-0.119,540.67
camera,1790489255.03,0.344,-0.119,540.68
camera,1790489255.56,0.346,-0.119,540.66
camera,1790489256.06,0.348,-0.119,540.65
camera,1790489256.56,0.348,-0.119,540.65
camera,1790489257.06,0.348,-0.119,540.67
camera,1790489257.56,0.345,-0.119,540.67
camera,1790489258.03,0.348,-0.119,540.69
camera,1790489258.53,0.347,-0.119,540.70
camera,1790489259.03,0.344,-0.119,540.65
camera,1790489259.53,0.346,-0.119,540.70
camera,1790489260.06,0.349,-0.119,540.66
camera,1790489260.56,0.343,-0.119,540.68
camera,1790489261.06,0.345,-0.119,540.68
camera,1790489261.56,0.341,-0.119,540.68
camera,1790489262.03,0.342,-0.119,540.68
camera,1790489262.53,0.342,-0.119,540.64
camera,1790489263.03,0.348,-0.119,540.67
camera,1790489263.53,0.346,-0.119,540.67
camera,1790489264.03,0.344,-0.119,540.65
camera,1790489264.56,0.346,-0.119,540.67
camera,1790489265.06,0.342,-0.119,540.66
camera,1790489265.56,0.349,-0.119,540.69
camera,1790489266.06,0.347,-0.119,540.63
camera,1790489266.53,0.347,-0.119,540.66
camera,1790489267.06,0.347,-0.119,540.66
camera,1790489267.53,0.342,-0.119,540.67
camera,1790489268.03,0.348,-0.119,540.64
camera,1790489268.53,0.343,-0.119,540.67
camera,1790489269.03,0.343,-0.119,540.64
camera,1790489269.56,0.344,-0.119,540.67
camera,1790489270.06,0.345,-0.119,540.67
camera,1790489270.56,0.348,-0.119,540.65
camera,1790489271.03,0.347,-0.119,540.62
camera,1790489271.53,0.338,-0.120,544.82
camera,1790489272.03,0.300,-0.135,556.83
camera,1790489272.53,0.258,-0.165,569.25
camera,1790489273.03,0.222,-0.204,581.69
camera,1790489273.56,0.215,-0.214,596.48
camera,1790489274.03,0.203,-0.255,607.73
camera,1790489274.56,0.203,-0.324,620.77
camera,1790489275.03,0.203,-0.312,626.94
camera,1790489275.53,0.201,-0.256,632.76
camera,1790489276.03,0.199,-0.354,632.42
camera,1790489276.53,0.200,-0.414,632.49
camera,1790489277.06,0.209,-0.573,632.86
camera,1790489277.53,0.216,-0.715,633.00
camera,1790489278.06,0.227,-0.910,633.06
camera,1790489278.53,0.236,-1.056,633.18
camera,1790489279.06,0.246,-1.244,633.27
camera,1790489279.53,0.256,-1.413,633.29
camera,1790489280.06,0.265,-1.560,633.49
camera,1790489280.53,0.279,-1.751,633.50
camera,1790489281.06,0.290,-1.934,633.59
camera,1790489281.56,0.302,-2.103,633.73
camera,1790489282.03,0.312,-2.264,633.74
camera,1790489282.56,0.323,-2.448,633.72
camera,1790489283.03,0.336,-2.612,633.76
camera,1790489283.56,0.349,-2.802,633.84
camera,1790489284.03,0.356,-2.917,633.36
camera,1790489284.56,0.360,-3.050,631.84
camera,1790489285.03,0.361,-3.104,632.00
camera,1790489285.56,0.344,-3.271,631.85
camera,1790489286.03,0.348,-3.400,632.05
camera,1790489286.53,0.341,-3.600,632.05
camera,1790489287.03,0.347,-3.778,632.11
camera,1790489287.53,0.354,-3.971,632.09
camera,1790489288.06,0.362,-4.159,632.25
camera,1790489288.53,0.369,-4.356,632.23
camera,1790489289.06,0.376,-4.570,632.45
camera,1790489289.53,0.387,-4.802,632.55
camera,1790489290.03,0.394,-4.983,632.66
camera,1790489290.56,0.405,-5.216,632.90
camera,1790489291.03,0.419,-5.427,633.26
camera,1790489291.56,0.432,-5.634,633.54
camera,1790489292.03,0.442,-5.798,633.59
camera,1790489292.56,0.456,-6.007,633.61
camera,1790489293.03,0.468,-6.187,633.69
camera,1790489293.56,0.480,-6.367,633.81
camera,1790489294.03,0.492,-6.541,633.89
camera,1790489294.56,0.505,-6.732,633.92
camera,1790489295.03,0.515,-6.890,633.94
camera,1790489295.56,0.527,-7.062,633.96
camera,1790489296.06,0.538,-7.214,634.08
camera,1790489296.60,0.550,-7.385,633.99
camera,1790489297.06,0.555,-7.521,632.43
camera,1790489297.53,0.560,-7.656,632.12
camera,1790489298.06,0.566,-7.827,632.23
camera,1790489298.53,0.573,-7.995,632.26
camera,1790489299.03,0.579,-8.142,632.17
camera,1790489299.56,0.586,-8.316,632.18
camera,1790489300.03,0.592,-8.469,632.31
camera,1790489300.56,0.599,-8.635,632.35
camera,1790489301.03,0.605,-8.788,632.39
camera,1790489301.56,0.613,-8.962,632.47
camera,1790489302.06,0.620,-9.119,632.56
camera,1790489302.57,0.628,-9.275,632.59
camera,1790489303.06,0.635,-9.428,632.83
camera,1790489303.53,0.644,-9.602,632.97
camera,1790489304.03,0.652,-9.759,632.99
camera,1790489304.53,0.661,-9.924,632.89
camera,1790489305.07,0.670,-10.093,633.17
camera,1790489305.57,0.679,-10.258,633.22
camera,1790489306.07,0.689,-10.431,633.18
camera,1790489306.57,0.698,-10.581,633.31
camera,1790489307.07,0.706,-10.728,633.30
camera,1790489307.57,0.714,-10.867,633.25
camera,1790489308.03,0.722,-11.005,633.31
camera,1790489308.57,0.731,-11.152,633.31
camera,1790489309.03,0.738,-11.284,633.41
camera,1790489309.57,0.747,-11.430,633.38
camera,1790489310.03,0.755,-11.564,633.36
camera,1790489310.57,0.764,-11.709,633.46
camera,1790489311.03,0.773,-11.845,633.54
camera,1790489311.53,0.782,-11.993,633.53
camera,1790489312.07,0.791,-12.140,633.66
camera,1790489312.53,0.800,-12.271,633.60
camera,1790489313.07,0.810,-12.427,633.77
camera,1790489313.57,0.819,-12.561,633.65
camera,1790489314.03,0.828,-12.707,633.67
camera,1790489314.57,0.839,-12.874,633.69
camera,1790489315.03,0.849,-13.012,633.75
camera,1790489315.57,0.857,-13.137,633.69
camera,1790489316.03,0.866,-13.281,633.23
camera,1790489316.53,0.869,-13.433,631.88
camera,1790489317.07,0.876,-13.628,631.84
camera,1790489317.53,0.880,-13.763,631.81
camera,1790489318.07,0.885,-13.911,631.65
camera,1790489318.53,0.890,-14.072,631.68
camera,1790489319.07,0.895,-14.246,631.58
camera,1790489319.53,0.899,-14.396,631.25
camera,1790489320.07,0.904,-14.575,631.19
camera,1790489320.57,0.914,-14.732,630.49
camera,1790489321.03,0.913,-14.839,630.07
camera,1790489326.53,-0.160,-15.643,648.33
camera,1790489327.07,-0.161,-15.636,656.47
camera,1790489327.53,-0.192,-15.569,661.33
camera,1790489328.07,-0.194,-15.553,669.68
camera,1790489328.53,-0.156,-15.577,678.91
camera,1790489329.10,-0.133,-15.586,691.02
camera,1790489329.53,-0.107,-15.594,700.13
camera,1790489330.03,-0.089,-15.596,710.77
camera,1790489330.53,-0.046,-15.593,721.44
camera,1790489331.03,-0.005,-15.580,731.91
camera,1790489331.57,0.022,-15.567,742.82
camera,1790489332.03,0.042,-15.551,752.60
camera,1790489332.57,0.098,-15.495,761.33
camera,1790489333.07,0.125,-15.455,772.11
camera,1790489333.53,0.156,-15.366,782.58
camera,1790489334.10,0.169,-15.299,794.48
camera,1790489334.57,0.170,-15.266,804.54
camera,1790489335.03,0.161,-15.216,814.22
camera,1790489335.53,0.139,-15.151,824.48
camera,1790489336.07,0.109,-15.100,835.33
camera,1790489336.53,0.010,-14.974,843.62
camera,1790489337.03,-0.241,-14.922,855.40
camera,1790489337.53,-0.213,-14.935,865.57
camera,1790489338.07,-0.229,-14.943,876.52
camera,1790489338.53,-0.224,-14.945,885.83
camera,1790489339.07,-0.223,-14.946,889.35
camera,1790489339.53,-0.225,-14.945,889.29
camera,1790489340.03,-0.233,-14.944,891.48
camera,1790489340.57,-0.243,-14.945,898.75
camera,1790489341.03,-0.275,-14.950,905.27
camera,1790489341.57,-0.279,-14.953,912.91
camera,1790489342.03,-0.285,-14.955,919.48
camera,1790489342.53,-0.306,-14.966,926.41
camera,1790489343.07,-0.331,-14.986,934.70
camera,1790489343.53,-0.368,-15.023,941.71
camera,1790489348.47,-0.009,-15.688,1030.42
camera,1790489348.57,0.010,-15.704,1032.49
camera,1790489349.03,0.028,-15.716,1040.19
camera,1790489349.57,0.025,-15.714,1049.15
camera,1790489350.03,0.031,-15.715,1057.04
camera,1790489350.57,0.023,-15.713,1065.89
camera,1790489351.03,0.033,-15.713,1073.87
camera,1790489351.53,0.044,-15.712,1082.26
camera,1790489352.07,0.059,-15.709,1091.03
camera,1790489352.60,0.084,-15.698,1099.84
camera,1790489353.07,0.074,-15.703,1107.46
camera,1790489353.53,0.090,-15.691,1114.98
camera,1790489354.10,0.116,-15.663,1123.90
camera,1790489354.53,0.127,-15.644,1131.38
camera,1790489355.07,0.147,-15.601,1140.14
camera,1790489355.57,0.162,-15.554,1148.67
camera,1790489356.03,0.169,-15.512,1156.54
camera,1790489356.57,0.170,-15.466,1165.49
camera,1790489357.03,0.169,-15.448,1168.00
camera,1790489357.53,0.169,-15.452,1167.94
camera,1790489358.07,0.170,-15.432,1168.05
camera,1790489358.53,0.173,-15.321,1168.23
camera,1790489359.03,0.177,-15.193,1168.35
camera,1790489359.57,0.180,-15.063,1168.56
camera,1790489360.03,0.182,-14.953,1168.84
camera,1790489360.57,0.185,-14.824,1168.90
camera,1790489361.07,0.187,-14.702,1169.15
camera,1790489361.57,0.190,-14.546,1169.17
camera,1790489362.07,0.192,-14.386,1169.37
camera,1790489362.53,0.195,-14.184,1169.38
camera,1790489363.03,0.196,-14.011,1169.47
camera,1790489363.53,0.197,-13.817,1169.63
camera,1790489364.03,0.198,-13.630,1169.77
camera,1790489364.57,0.198,-13.438,1169.84
camera,1790489365.07,0.199,-13.242,1169.85
camera,1790489365.53,0.199,-13.048,1170.00
camera,1790489366.03,0.197,-12.854,1170.16
camera,1790489366.57,0.198,-12.651,1170.29
camera,1790489367.03,0.195,-12.398,1170.39
camera,1790489367.57,0.193,-12.190,1170.45
camera,1790489368.03,0.191,-12.002,1170.57
camera,1790489368.60,0.188,-11.788,1170.69
camera,1790489369.07,0.185,-11.614,1170.75
camera,1790489369.53,0.182,-11.462,1170.91
camera,1790489370.07,0.179,-11.263,1170.92
camera,1790489370.53,0.176,-11.085,1171.04
camera,1790489371.10,0.172,-10.875,1171.17
camera,1790489371.57,0.168,-10.697,1171.25
camera,1790489372.03,0.163,-10.522,1171.31
camera,1790489372.57,0.159,-10.349,1171.45
camera,1790489373.07,0.152,-10.157,1171.61
camera,1790489373.53,0.147,-9.994,1171.65
camera,1790489374.07,0.142,-9.804,1171.71
camera,1790489374.53,0.136,-9.620,1171.79
camera,1790489375.07,0.129,-9.430,1171.86
camera,1790489375.53,0.123,-9.258,1172.04
camera,1790489376.07,0.117,-9.072,1172.16
camera,1790489376.53,0.111,-8.905,1172.20
camera,1790489377.07,0.102,-8.704,1172.37
camera,1790489377.57,0.096,-8.545,1172.45
camera,1790489378.03,0.089,-8.396,1172.47
camera,1790489378.57,0.089,-8.235,1170.58
camera,1790489379.07,0.087,-8.083,1170.63
camera,1790489379.53,0.085,-7.925,1170.53
camera,1790489380.07,0.084,-7.762,1170.64
camera,1790489380.53,0.081,-7.611,1170.75
camera,1790489381.07,0.079,-7.436,1170.82
camera,1790489381.57,0.077,-7.281,1170.88
camera,1790489382.03,0.074,-7.128,1170.89
camera,1790489382.57,0.075,-6.961,1169.75
camera,1790489383.03,0.077,-6.819,1169.56
camera,1790489383.53,0.078,-6.650,1169.51
camera,1790489384.07,0.080,-6.478,1169.49
camera,1790489384.53,0.081,-6.281,1169.58
camera,1790489385.07,0.082,-6.094,1169.63
camera,1790489385.57,0.083,-5.912,1169.74
camera,1790489386.03,0.084,-5.740,1169.81
camera,1790489386.53,0.084,-5.541,1169.90
camera,1790489387.07,0.083,-5.349,1170.01
camera,1790489387.57,0.083,-5.159,1170.09
camera,1790489388.03,0.083,-4.969,1170.06
camera,1790489388.60,0.083,-4.749,1170.11
camera,1790489389.07,0.081,-4.573,1170.34
camera,1790489389.53,0.080,-4.393,1170.37
camera,1790489390.03,0.078,-4.198,1170.47
camera,1790489390.57,0.076,-3.984,1170.55
camera,1790489391.07,0.074,-3.795,1170.63
camera,1790489391.57,0.072,-3.600,1170.52
camera,1790489392.07,0.077,-3.431,1168.72
camera,1790489392.57,0.082,-3.260,1168.62
camera,1790489393.03,0.086,-3.089,1168.55
camera,1790489393.53,0.091,-2.915,1168.49
camera,1790489394.07,0.096,-2.727,1168.57
camera,1790489394.53,0.099,-2.564,1168.66
camera,1790489395.07,0.104,-2.379,1168.64
camera,1790489395.57,0.107,-2.201,1168.75
camera,1790489396.07,0.111,-2.022,1168.74
camera,1790489396.53,0.114,-1.861,1168.89
camera,1790489397.07,0.117,-1.672,1169.01
camera,1790489397.57,0.120,-1.491,1169.10
camera,1790489398.03,0.121,-1.329,1169.25
camera,1790489398.53,0.122,-1.158,1169.37
camera,1790489399.03,0.123,-1.006,1169.38
camera,1790489399.57,0.124,-0.967,1169.35
camera,1790489400.07,0.124,-0.968,1169.39
camera,1790489400.53,0.124,-0.967,1169.39
camera,1790489401.03,0.124,-0.969,1169.39
camera,1790489401.53,0.124,-0.972,1169.40
camera,1790489402.03,0.124,-0.949,1169.39
camera,1790489402.57,0.125,-0.894,1169.46
camera,1790489403.07,0.125,-0.844,1169.43
camera,1790489403.57,0.125,-0.829,1169.42
camera,1790489404.07,0.125,-0.824,1167.46
camera,1790489404.53,0.123,-0.837,1162.76
camera,1790489405.07,0.120,-0.846,1157.36
camera,1790489405.53,0.122,-0.842,1150.26
camera,1790489406.03,0.131,-0.828,1140.52
camera,1790489406.53,0.137,-0.822,1129.86
camera,1790489407.07,0.146,-0.817,1118.45
camera,1790489407.53,0.163,-0.810,1108.22
camera,1790489408.07,0.190,-0.804,1096.63
camera,1790489408.53,0.204,-0.803,1086.97
camera,1790489409.03,0.234,-0.807,1078.23
camera,1790489409.57,0.241,-0.807,1078.68
camera,1790489410.03,0.240,-0.807,1078.65
camera,1790489410.57,0.241,-0.807,1078.66
camera,1790489411.03,0.240,-0.807,1078.67
camera,1790489411.57,0.238,-0.807,1078.66
camera,1790489412.03,0.237,-0.807,1078.67
camera,1790489412.57,0.238,-0.807,1078.66
camera,1790489413.07,0.240,-0.807,1078.67
camera,1790489413.53,0.238,-0.807,1078.67
camera,1790489414.10,0.239,-0.807,1078.69
camera,1790489414.53,0.239,-0.807,1078.70
camera,1790489415.03,0.239,-0.807,1078.68
camera,1790489415.57,0.243,-0.807,1078.68
camera,1790489416.03,0.241,-0.807,1078.72
camera,1790489416.53,0.243,-0.807,1078.71
camera,1790489417.07,0.238,-0.807,1078.68
camera,1790489417.53,0.244,-0.807,1078.70
camera,1790489418.03,0.239,-0.807,1078.70
camera,1790489418.57,0.238,-0.807,1078.67
camera,1790489419.03,0.238,-0.807,1078.71
camera,1790489419.53,0.236,-0.807,1078.70
camera,1790489420.07,0.240,-0.807,1078.68
camera,1790489420.53,0.237,-0.807,1078.70
camera,1790489421.07,0.237,-0.807,1078.70
camera,1790489421.57,0.237,-0.807,1078.69
camera,1790489422.10,0.237,-0.807,1078.68
camera,1790489422.57,0.239,-0.807,1078.71
camera,1790489423.03,0.233,-0.807,1078.68
camera,1790489423.57,0.236,-0.807,1078.70
camera,1790489424.03,0.241,-0.807,1078.67
camera,1790489424.57,0.241,-0.807,1078.68
camera,1790489425.03,0.239,-0.807,1078.69
camera,1790489425.60,0.234,-0.807,1078.71
camera,1790489426.07,0.238,-0.807,1078.70
camera,1790489426.53,0.237,-0.807,1078.69
camera,1790489427.07,0.237,-0.807,1078.70
camera,1790489427.53,0.234,-0.807,1078.70
camera,1790489428.07,0.236,-0.807,1078.69
camera,1790489428.53,0.238,-0.807,1078.67
camera,1790489429.03,0.233,-0.807,1078.69
camera,1790489429.57,0.235,-0.807,1078.67
camera,1790489430.03,0.239,-0.807,1078.67
camera,1790489430.57,0.237,-0.807,1078.67
camera,1790489431.03,0.235,-0.807,1078.71
camera,1790489431.57,0.235,-0.807,1078.69
camera,1790489432.07,0.233,-0.807,1078.71
camera,1790489432.53,0.233,-0.807,1078.75
camera,1790489433.07,0.238,-0.807,1078.70
camera,1790489433.53,0.238,-0.807,1078.73
camera,1790489434.03,0.237,-0.807,1078.69
camera,1790489434.57,0.236,-0.807,1078.71
camera,1790489435.03,0.238,-0.807,1078.71
camera,1790489435.57,0.237,-0.807,1078.74
camera,1790489436.03,0.238,-0.807,1078.69
camera,1790489436.53,0.237,-0.807,1078.66
camera,1790489437.07,0.245,-0.807,1078.70
camera,1790489437.53,0.238,-0.807,1078.73
camera,1790489438.07,0.237,-0.807,1078.68
camera,1790489438.53,0.237,-0.807,1078.71
camera,1790489439.10,0.239,-0.807,1078.70
camera,1790489439.57,0.303,-0.809,1078.62
camera,1790489440.03,0.409,-0.812,1078.48
camera,1790489440.57,0.538,-0.815,1078.50
camera,1790489441.03,0.658,-0.818,1078.48
camera,1790489441.57,0.826,-0.822,1078.56
camera,1790489442.07,0.980,-0.826,1078.59
camera,1790489442.53,1.122,-0.829,1078.66
camera,1790489443.07,1.304,-0.833,1078.67
camera,1790489443.53,1.457,-0.836,1078.74
camera,1790489444.07,1.668,-0.841,1078.79
camera,1790489444.53,1.823,-0.844,1078.90
camera,1790489445.07,2.035,-0.847,1078.96
camera,1790489445.53,2.194,-0.850,1079.04
camera,1790489446.07,2.394,-0.853,1079.13
camera,1790489446.57,2.575,-0.855,1079.16
camera,1790489447.03,2.747,-0.856,1079.35
camera,1790489447.57,2.978,-0.858,1079.47
camera,1790489448.03,3.131,-0.860,1079.47
camera,1790489448.57,3.320,-0.861,1079.52
camera,1790489449.03,3.500,-0.862,1079.67
camera,1790489449.53,3.701,-0.863,1079.78
camera,1790489450.07,3.906,-0.863,1079.84
camera,1790489450.53,4.083,-0.863,1079.93
camera,1790489451.07,4.297,-0.863,1079.97
camera,1790489451.53,4.467,-0.863,1079.97
camera,1790489452.07,4.671,-0.862,1080.09
camera,1790489452.53,4.847,-0.861,1080.24
camera,1790489453.07,5.052,-0.861,1080.22
camera,1790489453.53,5.233,-0.860,1080.28
camera,1790489454.07,5.434,-0.858,1080.41
camera,1790489454.53,5.611,-0.857,1080.42
camera,1790489455.07,5.819,-0.854,1080.54
camera,1790489455.53,5.986,-0.852,1080.70
camera,1790489456.03,6.163,-0.851,1080.72
camera,1790489456.53,6.356,-0.848,1080.76
camera,1790489457.03,6.554,-0.844,1080.87
camera,1790489457.57,6.734,-0.842,1080.95
camera,1790489458.03,6.909,-0.839,1080.98
camera,1790489458.57,7.102,-0.835,1081.00
camera,1790489459.03,7.275,-0.831,1081.11
camera,1790489459.53,7.465,-0.828,1081.15
camera,1790489460.07,7.654,-0.823,1081.19
camera,1790489460.57,7.830,-0.820,1081.14
camera,1790489461.03,8.007,-0.816,1081.22
camera,1790489461.53,8.188,-0.812,1081.19
camera,1790489462.07,8.388,-0.808,1081.20
camera,1790489462.53,8.562,-0.804,1081.26
camera,1790489463.03,8.753,-0.799,1081.34
camera,1790489463.57,8.956,-0.794,1081.40
camera,1790489464.03,9.132,-0.789,1081.55
camera,1790489464.53,9.323,-0.784,1081.57
camera,1790489465.07,9.527,-0.777,1081.77
camera,1790489465.57,9.720,-0.771,1081.81
camera,1790489466.03,9.895,-0.765,1082.01
camera,1790489466.53,10.083,-0.758,1082.06
camera,1790489467.03,10.269,-0.751,1082.11
camera,1790489467.57,10.472,-0.742,1082.35
camera,1790489468.03,10.650,-0.735,1082.39
camera,1790489468.57,10.853,-0.726,1082.48
camera,1790489469.07,11.038,-0.719,1082.27
camera,1790489469.57,11.231,-0.709,1082.59
camera,1790489470.03,11.411,-0.701,1082.49
camera,1790489470.53,11.609,-0.691,1082.66
camera,1790489471.07,11.821,-0.682,1082.44
camera,1790489471.57,12.021,-0.673,1082.57
camera,1790489472.03,12.201,-0.665,1082.73
camera,1790489472.57,12.413,-0.654,1082.64
camera,1790489473.03,12.588,-0.645,1082.92
camera,1790489473.57,12.783,-0.636,1082.74
camera,1790489474.03,12.957,-0.625,1083.27
camera,1790489474.57,13.160,-0.614,1083.18
camera,1790489475.03,13.335,-0.602,1083.46
camera,1790489475.57,13.524,-0.588,1083.90
camera,1790489476.03,13.707,-0.572,1084.71
camera,1790489476.57,13.887,-0.555,1084.46
camera,1790489477.03,13.966,-0.537,1082.36
camera,1790489489.70,14.170,-0.062,1120.74
camera,1790489490.03,14.185,-0.040,1127.87
camera,1790489490.57,14.184,-0.040,1138.41
camera,1790489491.07,14.187,-0.029,1148.47
camera,1790489491.53,14.187,-0.030,1157.51
camera,1790489492.07,14.188,-0.017,1159.46
camera,1790489492.53,14.187,-0.023,1159.40
camera,1790489493.10,14.187,-0.020,1159.38
camera,1790489493.57,14.187,-0.018,1159.48
camera,1790489494.03,14.187,-0.021,1159.43
camera,1790489494.57,14.187,-0.021,1159.37
camera,1790489495.07,14.187,-0.020,1159.44
camera,1790489495.53,14.188,-0.017,1159.37
camera,1790489496.07,14.187,-0.018,1159.36
camera,1790489496.53,14.186,-0.027,1159.38
camera,1790489497.07,14.186,-0.027,1159.37
camera,1790489497.53,14.187,-0.023,1159.40
camera,1790489498.07,14.186,-0.026,1159.43
camera,1790489498.53,14.186,-0.022,1159.44
camera,1790489499.03,14.186,-0.024,1159.54
camera,1790489499.57,14.186,-0.020,1167.15
camera,1790489500.03,14.184,-0.010,1175.41
camera,1790489500.57,14.184,-0.011,1175.67
camera,1790489501.03,14.184,-0.013,1175.67
camera,1790489501.57,14.184,-0.007,1181.42
camera,1790489502.03,14.178,0.006,1189.55
camera,1790489502.53,14.161,0.034,1198.34
camera,1790489503.07,14.146,0.052,1207.87
camera,1790489503.60,14.116,0.075,1217.58
camera,1790489504.07,14.095,0.087,1225.73
camera,1790489504.57,14.063,0.099,1234.47
camera,1790489505.03,14.035,0.106,1242.23
camera,1790489505.57,14.000,0.109,1251.12
camera,1790489506.07,13.973,0.108,1259.63
camera,1790489506.53,13.952,0.105,1267.07
camera,1790489507.03,13.918,0.095,1274.85
camera,1790489507.53,13.900,0.085,1282.66
camera,1790489508.03,13.886,0.077,1290.28
camera,1790489508.60,13.842,0.039,1299.10
camera,1790489509.03,13.820,0.015,1305.66
camera,1790489509.53,13.799,-0.016,1313.24
camera,1790489510.07,13.774,-0.067,1321.27
camera,1790489510.53,13.765,-0.095,1328.13
camera,1790489511.10,13.754,-0.153,1336.60
camera,1790489511.57,13.750,-0.203,1341.51
camera,1790489512.03,13.752,-0.188,1341.32
camera,1790489512.57,13.751,-0.195,1341.37
camera,1790489513.03,13.750,-0.200,1341.37
camera,1790489513.60,13.751,-0.211,1346.73
camera,1790489514.07,13.758,-0.254,1353.49
camera,1790489514.53,13.776,-0.322,1360.07
camera,1790489515.07,13.786,-0.348,1367.46
camera,1790489515.53,13.791,-0.358,1374.20
camera,1790489516.07,13.869,-0.479,1381.78
camera,1790489516.53,13.881,-0.494,1391.21
camera,1790489517.17,13.983,-0.589,1399.03
camera,1790489525.87,13.672,-0.498,1490.26
camera,1790489526.07,13.672,-0.498,1494.91
camera,1790489526.53,13.675,-0.491,1503.34
camera,1790489527.10,13.677,-0.483,1512.38
camera,1790489527.57,13.677,-0.475,1519.75
camera,1790489528.03,13.676,-0.483,1521.88
camera,1790489528.57,13.677,-0.477,1521.87
camera,1790489529.03,13.677,-0.478,1521.85
camera,1790489529.57,13.676,-0.479,1521.89
camera,1790489530.03,13.677,-0.477,1521.82
camera,1790489530.57,13.685,-0.416,1522.10
camera,1790489531.03,13.706,-0.264,1522.18
camera,1790489531.57,13.728,-0.098,1522.48
camera,1790489532.03,13.747,0.053,1522.54
camera,1790489532.53,13.769,0.221,1522.65
camera,1790489533.07,13.794,0.414,1522.69
camera,1790489533.53,13.813,0.565,1522.81
camera,1790489534.07,13.834,0.734,1522.89
camera,1790489534.53,13.851,0.873,1522.98
camera,1790489535.03,13.868,1.016,1523.08
camera,1790489535.57,13.887,1.173,1523.25
camera,1790489536.03,13.906,1.333,1523.31
camera,1790489536.53,13.922,1.476,1523.36
camera,1790489537.03,13.940,1.629,1523.44
camera,1790489537.53,13.958,1.784,1523.46
camera,1790489538.07,13.975,1.936,1523.55
camera,1790489538.57,13.993,2.095,1523.60
camera,1790489539.03,14.006,2.216,1523.70
camera,1790489539.57,14.023,2.375,1523.73
camera,1790489540.03,14.037,2.505,1523.83
camera,1790489540.57,14.055,2.674,1523.88
camera,1790489541.03,14.068,2.804,1524.10
camera,1790489541.57,14.084,2.963,1524.09
camera,1790489542.03,14.098,3.098,1524.13
camera,1790489542.57,14.111,3.234,1524.23
camera,1790489543.07,14.122,3.336,1524.23
camera,1790489543.60,14.135,3.469,1524.27
camera,1790489544.07,14.146,3.578,1524.32
camera,1790489544.53,14.156,3.676,1524.36
camera,1790489545.07,14.168,3.801,1524.41
camera,1790489545.53,14.179,3.915,1524.46
camera,1790489546.07,14.189,4.025,1524.58
camera,1790489546.53,14.199,4.129,1524.61
camera,1790489547.03,14.210,4.246,1524.67
camera,1790489547.57,14.220,4.362,1524.76
camera,1790489548.03,14.229,4.461,1524.83
camera,1790489548.57,14.240,4.582,1524.85
camera,1790489549.03,14.250,4.693,1524.88
camera,1790489549.57,14.254,4.777,1526.65
camera,1790489550.03,14.255,4.857,1528.17
camera,1790489550.57,14.258,4.949,1528.31
camera,1790489551.07,14.260,5.040,1528.40
camera,1790489551.53,14.262,5.131,1528.53
camera,1790489552.07,14.265,5.236,1528.54
camera,1790489552.53,14.267,5.336,1528.63
camera,1790489553.03,14.270,5.446,1528.70
camera,1790489553.53,14.272,5.551,1528.80
camera,1790489554.03,14.274,5.662,1528.83
camera,1790489554.57,14.276,5.777,1528.92
camera,1790489555.03,14.277,5.866,1528.97
camera,1790489555.57,14.280,5.972,1528.90
camera,1790489556.03,14.284,6.063,1528.10
camera,1790489556.57,14.287,6.178,1528.13
camera,1790489557.00,14.290,6.257,1527.90
camera,1790489557.53,14.295,6.343,1527.12
camera,1790489558.00,14.299,6.424,1527.05
camera,1790489558.50,14.304,6.521,1527.07
camera,1790489559.03,14.310,6.620,1527.00
camera,1790489559.50,14.315,6.716,1527.01
camera,1790489560.00,14.320,6.808,1527.02
camera,1790489560.53,14.325,6.911,1527.07
camera,1790489561.00,14.329,7.003,1527.10
camera,1790489561.50,14.334,7.096,1527.10
camera,1790489562.00,14.339,7.193,1527.24
camera,1790489562.50,14.343,7.283,1527.19
camera,1790489563.03,14.347,7.373,1527.22
camera,1790489563.50,14.352,7.465,1527.26
camera,1790489564.03,14.356,7.571,1527.28
camera,1790489564.50,14.360,7.661,1527.39
camera,1790489565.03,14.365,7.755,1527.46
camera,1790489565.50,14.369,7.840,1527.39
camera,1790489566.03,14.373,7.931,1527.43
camera,1790489566.53,14.376,8.018,1527.46
camera,1790489567.00,14.380,8.105,1527.39
camera,1790489567.53,14.386,8.216,1527.22
camera,1790489568.00,14.390,8.292,1526.96
camera,1790489568.53,14.396,8.392,1526.80
camera,1790489569.00,14.401,8.482,1526.67
camera,1790489569.53,14.407,8.569,1526.48
camera,1790489570.00,14.413,8.665,1526.24
camera,1790489570.57,14.421,8.773,1526.05
camera,1790489571.03,14.427,8.858,1525.85
camera,1790489571.50,14.434,8.940,1525.68
camera,1790489572.03,14.441,9.031,1525.53
camera,1790489572.53,14.447,9.116,1525.61
camera,1790489573.00,14.454,9.204,1525.59
camera,1790489573.53,14.457,9.240,1525.57
camera,1790489574.00,14.458,9.249,1525.55
camera,1790489574.53,14.458,9.253,1526.69
camera,1790489575.00,14.452,9.271,1537.37
camera,1790489575.53,14.437,9.305,1549.71
camera,1790489576.00,14.418,9.329,1560.44
camera,1790489576.57,14.401,9.343,1572.99
camera,1790489581.77,13.973,9.585,1671.89
camera,1790489582.00,13.969,9.580,1675.73
camera,1790489582.53,13.970,9.581,1684.76
camera,1790489583.00,13.967,9.569,1692.52
camera,1790489583.53,13.965,9.557,1701.27
camera,1790489584.00,13.966,9.549,1706.62
camera,1790489584.53,13.965,9.547,1706.59
camera,1790489585.03,13.966,9.552,1706.97
camera,1790489585.50,13.966,9.548,1707.39
camera,1790489586.03,13.966,9.548,1707.38
camera,1790489586.50,13.966,9.549,1707.38
camera,1790489587.03,13.966,9.550,1707.36
camera,1790489587.50,13.966,9.548,1707.36
camera,1790489588.03,13.966,9.559,1707.28
camera,1790489588.53,13.966,9.548,1707.37
camera,1790489589.00,13.966,9.549,1707.38
camera,1790489589.53,13.966,9.535,1707.46
camera,1790489590.00,13.962,9.452,1707.56
camera,1790489590.53,13.958,9.343,1707.70
camera,1790489591.00,13.954,9.245,1707.91
camera,1790489591.50,13.950,9.121,1707.97
camera,1790489592.03,13.946,8.987,1708.21
camera,1790489592.50,13.942,8.873,1708.11
camera,1790489593.03,13.938,8.724,1708.26
camera,1790489593.50,13.933,8.588,1708.22
camera,1790489594.03,13.930,8.447,1708.33
camera,1790489594.50,13.926,8.317,1708.43
camera,1790489595.03,13.922,8.165,1708.46
camera,1790489595.50,13.919,8.022,1708.62
camera,1790489596.03,13.915,7.863,1708.70
camera,1790489596.50,13.912,7.712,1708.74
camera,1790489597.00,13.909,7.571,1708.77
camera,1790489597.50,13.906,7.418,1708.88
camera,1790489598.00,13.903,7.234,1708.96
camera,1790489598.50,13.900,7.060,1709.03
camera,1790489599.00,13.897,6.884,1709.17
camera,1790489599.53,13.895,6.667,1709.26
camera,1790489600.00,13.893,6.516,1709.38
camera,1790489600.53,13.892,6.343,1709.48
camera,1790489601.03,13.890,6.188,1709.66
camera,1790489601.53,13.889,6.009,1709.61
camera,1790489602.03,13.888,5.838,1709.76
camera,1790489602.50,13.888,5.682,1709.90
camera,1790489603.03,13.888,5.489,1709.98
camera,1790489603.50,13.888,5.332,1710.00
camera,1790489604.03,13.888,5.149,1710.16
camera,1790489604.50,13.889,4.992,1710.17
camera,1790489605.07,13.890,4.789,1710.33
camera,1790489605.53,13.891,4.627,1710.37
camera,1790489606.00,13.893,4.457,1710.55
camera,1790489606.53,13.895,4.266,1710.56
camera,1790489607.00,13.896,4.094,1710.57
camera,1790489607.53,13.899,3.907,1710.69
camera,1790489608.00,13.900,3.733,1710.68
camera,1790489608.53,13.903,3.533,1710.76
camera,1790489609.00,13.906,3.361,1710.83
camera,1790489609.53,13.909,3.163,1710.93
camera,1790489610.03,13.912,2.971,1711.02
camera,1790489610.50,13.916,2.795,1711.06
camera,1790489611.03,13.920,2.593,1711.11
camera,1790489611.50,13.924,2.426,1711.24
camera,1790489612.00,13.928,2.233,1711.25
camera,1790489612.53,13.933,2.035,1711.38
camera,1790489613.00,13.938,1.859,1711.50
camera,1790489613.53,13.943,1.663,1711.49
camera,1790489614.00,13.948,1.492,1711.63
camera,1790489614.53,13.954,1.287,1711.66
camera,1790489615.00,13.959,1.115,1711.72
camera,1790489615.50,13.965,0.926,1711.82
camera,1790489616.03,13.973,0.718,1712.00
camera,1790489616.50,13.979,0.544,1711.97
camera,1790489617.03,13.986,0.337,1712.05
camera,1790489617.50,13.993,0.160,1712.10
camera,1790489618.03,14.000,-0.026,1712.20
camera,1790489618.50,14.006,-0.185,1712.22
camera,1790489619.03,14.013,-0.364,1712.28
camera,1790489619.50,14.020,-0.524,1712.37
camera,1790489620.03,14.029,-0.710,1712.53
camera,1790489620.53,14.036,-0.875,1712.57
camera,1790489621.00,14.044,-1.041,1712.72
camera,1790489621.53,14.050,-1.209,1712.05
camera,1790489622.00,14.052,-1.332,1711.57
camera,1790489622.53,14.056,-1.472,1711.56
camera,1790489623.00,14.059,-1.597,1711.62
camera,1790489623.53,14.063,-1.737,1711.63
camera,1790489624.00,14.066,-1.843,1711.63
camera,1790489624.57,14.070,-1.994,1711.68
camera,1790489625.00,14.074,-2.117,1711.69
camera,1790489625.57,14.079,-2.293,1711.76
camera,1790489626.00,14.083,-2.413,1711.83
camera,1790489626.50,14.088,-2.575,1711.77
camera,1790489627.03,14.092,-2.733,1711.51
camera,1790489627.50,14.092,-2.854,1710.63
camera,1790489628.03,14.094,-3.010,1710.56
camera,1790489628.50,14.095,-3.167,1710.48
camera,1790489629.03,14.097,-3.327,1710.57
camera,1790489629.53,14.098,-3.497,1710.54
camera,1790489630.00,14.100,-3.659,1710.63
camera,1790489630.53,14.102,-3.846,1710.66
camera,1790489631.00,14.104,-3.978,1710.80
camera,1790489631.53,14.107,-4.138,1710.87
camera,1790489632.00,14.108,-4.285,1710.59
camera,1790489632.53,14.109,-4.454,1710.37
camera,1790489633.00,14.110,-4.598,1710.35
camera,1790489633.53,14.111,-4.770,1710.35
camera,1790489634.00,14.112,-4.923,1710.32
camera,1790489634.53,14.113,-5.075,1710.41
camera,1790489635.00,14.114,-5.220,1710.49
camera,1790489635.50,14.116,-5.364,1710.65
camera,1790489636.03,14.115,-5.524,1710.03
camera,1790489636.50,14.111,-5.663,1708.93
camera,1790489637.03,14.100,-5.823,1706.86
camera,1790489637.50,14.091,-5.970,1706.53
camera,1790489638.00,14.081,-6.132,1706.56
camera,1790489638.50,14.071,-6.304,1706.62
camera,1790489639.00,14.061,-6.481,1706.66
camera,1790489639.53,14.050,-6.673,1706.72
camera,1790489640.00,14.041,-6.829,1706.78
camera,1790489640.53,14.030,-7.016,1706.86
camera,1790489641.00,14.021,-7.190,1706.86
camera,1790489641.53,14.011,-7.380,1707.07
camera,1790489642.00,14.003,-7.542,1707.11
camera,1790489642.53,13.992,-7.766,1707.19
camera,1790489643.03,13.984,-7.940,1707.22
camera,1790489643.57,13.974,-8.138,1707.30
camera,1790489644.03,13.966,-8.314,1707.37
camera,1790489644.50,13.959,-8.480,1707.41
camera,1790489645.03,13.951,-8.674,1707.49
camera,1790489645.50,13.943,-8.839,1707.51
camera,1790489646.03,13.936,-9.022,1707.64
camera,1790489646.50,13.929,-9.189,1707.70
camera,1790489647.03,13.923,-9.356,1707.71
camera,1790489647.53,13.922,-9.371,1707.78
camera,1790489648.00,13.922,-9.374,1707.80
camera,1790489648.53,13.922,-9.370,1707.75
camera,1790489649.00,13.922,-9.374,1707.75
camera,1790489649.53,13.922,-9.371,1707.76
camera,1790489650.03,13.922,-9.373,1707.76
camera,1790489650.50,13.922,-9.372,1707.79
camera,1790489651.03,13.922,-9.373,1707.77
camera,1790489651.50,13.922,-9.374,1707.79
camera,1790489652.03,13.922,-9.375,1707.77
camera,1790489652.50,13.922,-9.374,1707.78
camera,1790489653.03,13.922,-9.371,1707.79
camera,1790489653.53,13.922,-9.372,1707.77
camera,1790489654.00,13.922,-9.371,1707.79
camera,1790489654.53,13.922,-9.371,1707.78
camera,1790489655.00,13.922,-9.369,1707.80
camera,1790489655.60,13.922,-9.374,1707.77
camera,1790489656.00,13.922,-9.374,1707.79
camera,1790489656.50,13.922,-9.373,1707.79
camera,1790489657.03,13.922,-9.373,1707.78
camera,1790489657.53,13.922,-9.376,1707.80
camera,1790489658.00,13.920,-9.422,1707.62
camera,1790489658.53,13.920,-9.424,1707.70
camera,1790489659.10,13.920,-9.423,1707.68
camera,1790489659.50,13.920,-9.424,1707.66
camera,1790489660.03,13.920,-9.423,1707.67
camera,1790489660.57,13.920,-9.422,1707.67
camera,1790489661.03,13.920,-9.425,1707.70
camera,1790489661.50,13.920,-9.425,1707.66
camera,1790489662.00,13.920,-9.422,1707.71
camera,1790489662.53,13.920,-9.423,1707.70
camera,1790489663.03,13.920,-9.425,1707.69
camera,1790489663.50,13.920,-9.421,1707.67
camera,1790489664.00,13.920,-9.425,1707.67
camera,1790489664.53,13.920,-9.423,1707.68
camera,1790489665.00,13.920,-9.424,1707.66
camera,1790489665.53,13.920,-9.426,1707.67
camera,1790489666.03,13.917,-9.492,1707.66
camera,1790489666.50,13.913,-9.592,1707.75
camera,1790489667.03,13.908,-9.739,1707.79
camera,1790489667.53,13.902,-9.891,1707.87
camera,1790489668.00,13.897,-10.034,1707.96
camera,1790489668.50,13.891,-10.190,1707.95
camera,1790489669.07,13.886,-10.370,1708.08
camera,1790489669.57,13.881,-10.521,1708.17
camera,1790489670.03,13.878,-10.622,1708.21
camera,1790489670.53,13.878,-10.617,1708.22
camera,1790489671.03,13.878,-10.617,1708.23
camera,1790489671.50,13.878,-10.618,1708.22
camera,1790489672.00,13.878,-10.618,1708.23
camera,1790489672.57,13.878,-10.618,1708.23
camera,1790489673.00,13.878,-10.618,1708.22
camera,1790489673.53,13.878,-10.620,1708.25
camera,1790489674.07,13.878,-10.616,1708.23
camera,1790489674.57,13.878,-10.616,1708.23
camera,1790489675.03,13.878,-10.613,1708.24
camera,1790489675.53,13.877,-10.648,1708.25
camera,1790489676.00,13.874,-10.746,1708.27
camera,1790489676.50,13.871,-10.874,1708.38
camera,1790489677.03,13.867,-10.998,1708.43
camera,1790489677.53,13.864,-11.113,1708.47
camera,1790489678.03,13.861,-11.238,1708.53
camera,1790489678.50,13.858,-11.356,1708.61
camera,1790489679.00,13.855,-11.487,1708.66
camera,1790489679.53,13.852,-11.636,1708.69
camera,1790489680.03,13.849,-11.773,1708.75
camera,1790489680.50,13.847,-11.900,1708.83
camera,1790489681.00,13.844,-12.039,1708.95
camera,1790489681.53,13.842,-12.190,1709.02
camera,1790489682.07,13.839,-12.339,1709.04
camera,1790489682.57,13.837,-12.482,1709.12
camera,1790489683.03,13.835,-12.620,1709.20
camera,1790489683.53,13.833,-12.771,1709.26
camera,1790489684.03,13.832,-12.927,1709.34
camera,1790489684.53,13.830,-13.064,1709.37
camera,1790489685.00,13.830,-13.087,1709.37
camera,1790489685.53,13.830,-13.094,1709.45
camera,1790489686.03,13.830,-13.088,1709.34
camera,1790489686.50,13.830,-13.088,1709.44
camera,1790489687.00,13.830,-13.090,1709.40
camera,1790489687.53,13.830,-13.124,1709.64
camera,1790489688.03,13.829,-13.229,1709.34
camera,1790489688.50,13.827,-13.354,1709.25
camera,1790489689.00,13.826,-13.484,1709.44
camera,1790489689.53,13.825,-13.629,1709.43
camera,1790489690.03,13.824,-13.765,1709.44
camera,1790489690.50,13.823,-13.900,1709.57
camera,1790489691.00,13.822,-14.043,1709.56
camera,1790489691.53,13.821,-14.194,1709.62
camera,1790489692.03,13.819,-14.343,1709.66
camera,1790489692.53,13.819,-14.488,1709.76
camera,1790489693.00,13.817,-14.628,1709.64
camera,1790489693.57,13.816,-14.791,1709.52
camera,1790489694.03,13.814,-14.935,1709.36
camera,1790489694.50,13.814,-15.080,1709.67
camera,1790489695.00,13.813,-15.229,1709.77
camera,1790489695.53,13.812,-15.373,1709.53
camera,1790489696.00,13.812,-15.400,1709.68
camera,1790489696.53,13.813,-15.403,1709.67
camera,1790489697.03,13.813,-15.406,1709.76
camera,1790489697.50,13.813,-15.401,1709.72
camera,1790489698.03,13.813,-15.400,1709.62
camera,1790489698.53,13.814,-15.404,1709.70
camera,1790489699.00,13.814,-15.405,1709.72
camera,1790489699.53,13.814,-15.400,1709.72
camera,1790489700.00,13.814,-15.406,1709.77
camera,1790489700.53,13.814,-15.407,1709.82
camera,1790489701.03,13.814,-15.403,1709.69
camera,1790489701.50,13.815,-15.398,1709.67
camera,1790489702.07,13.815,-15.403,1709.67
camera,1790489702.53,13.815,-15.400,1709.75
camera,1790489703.00,13.815,-15.405,1709.71
camera,1790489703.50,13.815,-15.402,1709.63
camera,1790489704.03,13.815,-15.403,1709.78
camera,1790489704.50,13.815,-15.398,1709.61
camera,1790489705.03,13.815,-15.403,1709.61
camera,1790489705.50,13.815,-15.403,1709.75
camera,1790489706.03,13.815,-15.404,1709.86
camera,1790489706.53,13.815,-15.405,1709.83
camera,1790489707.00,13.816,-15.400,1709.70
camera,1790489707.53,13.817,-15.400,1709.63
camera,1790489708.00,13.817,-15.410,1709.82
camera,1790489708.50,13.817,-15.404,1709.84
camera,1790489709.03,13.817,-15.404,1709.83
camera,1790489709.53,13.817,-15.403,1709.76
camera,1790489710.00,13.817,-15.401,1709.62
camera,1790489710.53,13.817,-15.403,1709.79
camera,1790489711.00,13.817,-15.403,1709.69
camera,1790489711.53,13.818,-15.401,1709.72
camera,1790489712.00,13.818,-15.402,1709.72
camera,1790489712.50,13.818,-15.405,1709.81
camera,1790489713.03,13.818,-15.405,1709.71
camera,1790489713.50,13.818,-15.402,1709.65
camera,1790489714.00,13.819,-15.402,1709.79
camera,1790489714.53,13.819,-15.405,1709.77
camera,1790489715.00,13.819,-15.405,1709.75
camera,1790489715.50,13.819,-15.401,1709.75
camera,1790489716.03,13.819,-15.405,1709.79
camera,1790489716.50,13.819,-15.400,1709.73
camera,1790489717.00,13.819,-15.400,1709.77
camera,1790489717.53,13.820,-15.405,1709.74
camera,1790489718.00,13.820,-15.405,1709.72
camera,1790489718.50,13.821,-15.404,1709.78
camera,1790489719.03,13.821,-15.403,1709.74
camera,1790489719.53,13.821,-15.406,1709.87
camera,1790489720.00,13.821,-15.404,1709.71
camera,1790489720.53,13.822,-15.403,1709.72
camera,1790489721.03,13.822,-15.404,1710.08
camera,1790489721.50,13.822,-15.406,1709.77
camera,1790489722.00,13.822,-15.402,1709.74
camera,1790489722.53,13.822,-15.413,1709.92
camera,1790489723.03,13.823,-15.407,1709.82
camera,1790489723.53,13.823,-15.403,1709.74
camera,1790489724.00,13.823,-15.406,1709.83
camera,1790489724.53,13.823,-15.403,1709.56
camera,1790489725.03,13.823,-15.403,1709.74
camera,1790489725.50,13.824,-15.406,1709.75
camera,1790489726.00,13.824,-15.406,1709.97
camera,1790489726.53,13.824,-15.407,1709.81
camera,1790489727.00,13.824,-15.402,1709.72
camera,1790489727.50,13.824,-15.402,1709.77
camera,1790489728.03,13.824,-15.403,1709.66
camera,1790489728.50,13.824,-15.402,1709.77
camera,1790489729.00,13.824,-15.405,1709.76
camera,1790489729.53,13.825,-15.403,1709.70
camera,1790489730.03,13.825,-15.404,1709.79
camera,1790489730.50,13.825,-15.406,1709.80
camera,1790489731.07,13.825,-15.406,1709.75
camera,1790489731.53,13.825,-15.406,1709.79
camera,1790489732.03,13.825,-15.404,1709.78
camera,1790489732.50,13.825,-15.404,1709.79
camera,1790489733.03,13.825,-15.404,1709.80
camera,1790489733.53,13.825,-15.401,1709.78
camera,1790489734.00,13.825,-15.408,1710.15
camera,1790489734.50,13.825,-15.405,1709.77
camera,1790489735.03,13.826,-15.402,1709.80
camera,1790489735.50,13.826,-15.405,1709.86
camera,1790489736.00,13.826,-15.403,1709.73
camera,1790489736.53,13.826,-15.404,1709.83
camera,1790489737.00,13.826,-15.404,1709.83
camera,1790489737.50,13.827,-15.402,1709.81
camera,1790489738.03,13.827,-15.408,1709.90
camera,1790489738.50,13.827,-15.401,1709.71
camera,1790489739.00,13.827,-15.407,1709.88
camera,1790489739.50,13.827,-15.407,1709.83
camera,1790489740.03,13.827,-15.403,1709.73
camera,1790489740.53,13.828,-15.401,1709.78
camera,1790489741.03,13.828,-15.404,1709.77
camera,1790489741.50,13.828,-15.409,1709.87
camera,1790489742.17,13.828,-15.401,1709.72
camera,1790489742.53,13.828,-15.403,1709.75
camera,1790489743.00,13.829,-15.405,1709.89
camera,1790489743.50,13.829,-15.404,1709.81
camera,1790489744.00,13.829,-15.401,1709.85
camera,1790489744.53,13.829,-15.404,1709.71
camera,1790489745.03,13.829,-15.403,1709.75
camera,1790489745.50,13.829,-15.403,1709.75
camera,1790489746.03,13.829,-15.404,1709.79
camera,1790489746.53,13.830,-15.399,1709.68
camera,1790489747.00,13.830,-15.405,1709.81
camera,1790489747.50,13.831,-15.409,1709.90
camera,1790489748.03,13.832,-15.406,1709.85
camera,1790489748.50,13.832,-15.406,1709.96
camera,1790489749.00,13.832,-15.401,1709.70
camera,1790489749.53,13.832,-15.403,1709.69
camera,1790489750.00,13.832,-15.400,1709.67
camera,1790489750.50,13.832,-15.412,1709.81
camera,1790489751.03,13.833,-15.405,1709.73
camera,1790489751.50,13.833,-15.404,1709.81
camera,1790489752.00,13.830,-15.427,1705.46
camera,1790489752.53,13.843,-15.392,1692.81
camera,1790489753.00,13.838,-15.400,1683.51
camera,1790489753.50,13.842,-15.398,1675.09
camera,1790489754.00,13.847,-15.387,1664.23
camera,1790489754.50,13.843,-15.392,1653.90
camera,1790489755.03,13.846,-15.392,1643.14
camera,1790489755.50,13.841,-15.392,1633.48
camera,1790489756.00,13.847,-15.392,1630.08
camera,1790489756.53,13.843,-15.392,1625.49
camera,1790489757.07,13.840,-15.391,1617.68
camera,1790489757.53,13.840,-15.391,1617.97
camera,1790489758.10,13.839,-15.391,1617.95
camera,1790489758.50,13.843,-15.391,1617.96
camera,1790489759.03,13.838,-15.391,1617.99
camera,1790489759.50,13.836,-15.391,1617.98
camera,1790489760.00,13.839,-15.391,1617.97
camera,1790489760.54,13.801,-15.390,1617.85
camera,1790489761.04,13.705,-15.386,1617.78
camera,1790489761.53,13.573,-15.381,1617.73
camera,1790489762.00,13.438,-15.376,1617.77
camera,1790489762.50,13.289,-15.370,1617.79
camera,1790489763.04,13.133,-15.364,1617.83
camera,1790489763.50,12.995,-15.359,1617.82
camera,1790489764.00,12.845,-15.353,1617.88
camera,1790489764.54,12.685,-15.347,1617.69
camera,1790489765.04,12.547,-15.328,1613.67
camera,1790489765.50,12.411,-15.307,1612.23
camera,1790489766.04,12.249,-15.284,1612.18
camera,1790489766.54,12.108,-15.265,1612.18
camera,1790489767.04,11.947,-15.243,1612.14
camera,1790489767.54,11.782,-15.221,1612.26
camera,1790489768.00,11.636,-15.201,1612.27
camera,1790489768.50,11.475,-15.179,1612.31
camera,1790489769.00,11.306,-15.157,1612.42
camera,1790489769.50,11.155,-15.137,1612.42
camera,1790489770.04,10.973,-15.113,1612.59
camera,1790489770.50,10.810,-15.108,1616.82
camera,1790489771.00,10.642,-15.128,1622.81
camera,1790489771.54,10.463,-15.138,1622.99
camera,1790489772.04,10.295,-15.147,1623.15
camera,1790489772.50,10.129,-15.157,1623.27
camera,1790489773.00,9.963,-15.167,1623.40
camera,1790489773.54,9.785,-15.178,1623.47
camera,1790489774.00,9.642,-15.187,1623.49
camera,1790489774.50,9.479,-15.197,1623.65
camera,1790489775.04,9.302,-15.209,1623.79
camera,1790489775.54,9.142,-15.220,1623.85
camera,1790489776.00,8.995,-15.230,1623.96
camera,1790489776.50,8.821,-15.243,1624.07
camera,1790489777.04,8.647,-15.255,1624.13
camera,1790489777.54,8.491,-15.262,1622.95
camera,1790489778.00,8.346,-15.270,1622.96
camera,1790489778.50,8.174,-15.278,1622.93
camera,1790489779.00,8.005,-15.287,1622.86
camera,1790489779.50,7.837,-15.296,1622.86
camera,1790489780.00,7.672,-15.304,1622.91
camera,1790489780.54,7.484,-15.315,1623.03
camera,1790489781.04,7.312,-15.324,1623.06
camera,1790489781.50,7.152,-15.333,1623.13
camera,1790489782.00,6.972,-15.343,1623.18
camera,1790489782.54,6.779,-15.354,1623.29
camera,1790489783.04,6.601,-15.364,1623.33
camera,1790489783.50,6.431,-15.375,1623.40
camera,1790489784.00,6.260,-15.385,1623.52
camera,1790489784.50,6.089,-15.396,1623.62
camera,1790489785.00,5.906,-15.408,1623.67
camera,1790489785.57,5.710,-15.421,1623.75
camera,1790489786.04,5.550,-15.432,1623.87
camera,1790489786.54,5.379,-15.444,1624.02
camera,1790489787.00,5.217,-15.455,1624.12
camera,1790489787.50,5.048,-15.467,1624.09
camera,1790489788.00,4.862,-15.481,1624.14
camera,1790489788.54,4.682,-15.494,1624.22
camera,1790489789.04,4.504,-15.508,1624.31
camera,1790489789.50,4.339,-15.520,1624.38
camera,1790489790.04,4.152,-15.535,1624.40
camera,1790489790.54,3.969,-15.549,1624.44
camera,1790489791.00,3.827,-15.560,1624.49
camera,1790489791.54,3.649,-15.575,1624.62
camera,1790489792.00,3.483,-15.588,1624.68
camera,1790489792.57,3.301,-15.603,1624.75
camera,1790489793.04,3.153,-15.615,1624.77
camera,1790489793.50,3.005,-15.628,1624.81
camera,1790489794.04,2.825,-15.643,1624.89
camera,1790489794.54,2.671,-15.657,1624.90
camera,1790489795.07,2.499,-15.672,1624.95
camera,1790489795.54,2.352,-15.684,1624.96
camera,1790489796.04,2.190,-15.699,1625.02
camera,1790489796.50,2.043,-15.712,1625.13
camera,1790489797.04,1.888,-15.726,1625.24
camera,1790489797.50,1.744,-15.740,1625.27
camera,1790489798.00,1.591,-15.754,1625.28
camera,1790489798.54,1.432,-15.769,1625.33
camera,1790489799.00,1.271,-15.785,1625.45
camera,1790489799.50,1.101,-15.801,1625.45
camera,1790489800.04,0.939,-15.817,1625.54
camera,1790489800.54,0.799,-15.831,1625.62
camera,1790489801.00,0.661,-15.844,1625.77
camera,1790489801.54,0.499,-15.860,1625.79
camera,1790489802.00,0.363,-15.874,1625.77
camera,1790489802.54,0.200,-15.890,1625.73
camera,1790489803.00,0.055,-15.897,1623.49
camera,1790489803.50,-0.056,-15.892,1619.71
camera,1790489804.04,-0.188,-15.891,1619.61
camera,1790489804.50,-0.312,-15.891,1619.62
camera,1790489805.07,-0.437,-15.872,1611.57
camera,1790489805.54,-0.499,-15.843,1600.76
camera,1790489806.00,-0.556,-15.802,1589.69
camera,1790489806.54,-0.611,-15.743,1577.19
camera,1790489807.00,-0.650,-15.680,1566.95
camera,1790489807.54,-0.682,-15.599,1555.90
camera,1790489808.00,-0.697,-15.518,1546.12
camera,1790489808.54,-0.700,-15.442,1536.02
camera,1790489809.04,-0.700,-15.450,1532.79
camera,1790489809.50,-0.700,-15.445,1533.06
camera,1790489810.04,-0.700,-15.444,1533.08
camera,1790489810.54,-0.700,-15.446,1533.09
camera,1790489811.04,-0.700,-15.447,1533.12
camera,1790489811.54,-0.699,-15.463,1532.92
camera,1790489812.00,-0.697,-15.502,1533.02
camera,1790489812.54,-0.697,-15.504,1533.02
camera,1790489813.00,-0.697,-15.501,1530.17
camera,1790489813.50,-0.697,-15.505,1530.37
camera,1790489814.04,-0.697,-15.504,1530.38
camera,1790489814.50,-0.697,-15.504,1530.32
camera,1790489815.04,-0.697,-15.505,1530.34
camera,1790489815.54,-0.697,-15.504,1530.35
camera,1790489816.00,-0.697,-15.504,1530.36
camera,1790489816.54,-0.697,-15.501,1530.32
camera,1790489817.00,-0.697,-15.506,1530.34
camera,1790489817.57,-0.697,-15.505,1530.35
camera,1790489818.04,-0.697,-15.505,1530.31
camera,1790489818.50,-0.697,-15.505,1530.31
camera,1790489819.04,-0.697,-15.593,1530.18
camera,1790489819.54,-0.697,-15.683,1530.12
camera,1790489820.00,-0.696,-15.766,1530.03
camera,1790489820.50,-0.696,-15.845,1530.05
camera,1790489821.04,-0.696,-15.926,1529.96
camera,1790489821.54,-0.696,-15.976,1529.95
camera,1790489822.00,-0.697,-15.974,1529.98
camera,1790489822.54,-0.697,-15.975,1529.85
camera,1790489823.04,-0.692,-15.964,1514.97
camera,1790489823.50,-0.681,-15.950,1497.11
camera,1790489824.04,-0.647,-15.930,1477.53
camera,1790489824.50,-0.598,-15.920,1460.80
camera,1790489825.04,-0.541,-15.922,1444.14
camera,1790489825.50,-0.531,-15.922,1443.98
camera,1790489826.04,-0.528,-15.922,1442.71
camera,1790489826.54,-0.511,-15.922,1439.55
camera,1790489827.00,-0.512,-15.922,1439.60
camera,1790489827.50,-0.511,-15.922,1439.61
camera,1790489828.04,-0.492,-15.922,1439.60
camera,1790489828.50,-0.366,-15.923,1439.56
camera,1790489829.00,-0.215,-15.925,1439.55
camera,1790489829.57,-0.030,-15.926,1439.60
camera,1790489830.04,0.127,-15.927,1439.70
camera,1790489830.54,0.297,-15.927,1439.73
camera,1790489831.00,0.446,-15.928,1439.80
camera,1790489831.50,0.603,-15.928,1439.90
camera,1790489832.04,0.786,-15.928,1439.98
camera,1790489832.50,0.939,-15.928,1440.03
camera,1790489833.00,1.104,-15.927,1440.12
camera,1790489833.57,1.289,-15.927,1440.15
camera,1790489834.04,1.446,-15.926,1440.22
camera,1790489834.50,1.600,-15.925,1440.26
camera,1790489835.00,1.769,-15.924,1440.34
camera,1790489835.54,1.957,-15.922,1440.46
camera,1790489836.04,2.136,-15.921,1440.50
camera,1790489836.50,2.309,-15.919,1440.60
camera,1790489837.04,2.500,-15.916,1440.66
camera,1790489837.54,2.676,-15.914,1440.72
camera,1790489838.00,2.846,-15.912,1440.80
camera,1790489838.54,3.035,-15.909,1440.79
camera,1790489839.04,3.222,-15.906,1440.88
camera,1790489839.50,3.390,-15.903,1440.90
camera,1790489840.00,3.577,-15.900,1440.98
camera,1790489840.57,3.778,-15.896,1441.14
camera,1790489841.04,3.949,-15.892,1441.24
camera,1790489841.50,4.122,-15.888,1441.30
camera,1790489842.04,4.317,-15.883,1441.40
camera,1790489842.50,4.490,-15.879,1441.40
camera,1790489843.04,4.681,-15.873,1441.49
camera,1790489843.50,4.855,-15.868,1441.63
camera,1790489844.04,5.054,-15.862,1441.75
camera,1790489844.54,5.237,-15.856,1441.81
camera,1790489845.00,5.401,-15.851,1441.79
camera,1790489845.54,5.603,-15.844,1441.89
camera,1790489846.00,5.771,-15.838,1442.01
camera,1790489846.50,5.955,-15.831,1442.05
camera,1790489847.00,6.144,-15.824,1442.13
camera,1790489847.54,6.335,-15.816,1442.30
camera,1790489848.00,6.515,-15.809,1442.29
camera,1790489848.54,6.710,-15.800,1442.48
camera,1790489849.00,6.882,-15.793,1442.52
camera,1790489849.54,7.078,-15.784,1442.55
camera,1790489850.04,7.258,-15.776,1442.63
camera,1790489850.50,7.433,-15.767,1442.70
camera,1790489851.04,7.634,-15.757,1442.79
camera,1790489851.50,7.808,-15.748,1442.85
camera,1790489852.00,8.003,-15.738,1442.93
camera,1790489852.57,8.216,-15.727,1442.99
camera,1790489853.04,8.391,-15.717,1443.10
camera,1790489853.50,8.564,-15.707,1443.35
camera,1790489854.04,8.746,-15.668,1450.83
camera,1790489854.54,8.890,-15.610,1457.71
camera,1790489855.00,9.043,-15.559,1458.09
camera,1790489855.50,9.208,-15.505,1458.22
camera,1790489856.04,9.385,-15.446,1458.39
camera,1790489856.50,9.541,-15.394,1458.45
camera,1790489857.00,9.710,-15.337,1458.53
camera,1790489857.54,9.880,-15.280,1458.52
camera,1790489858.00,10.026,-15.231,1458.53
camera,1790489858.50,10.183,-15.178,1458.61
camera,1790489859.04,10.328,-15.129,1458.59
camera,1790489859.50,10.464,-15.088,1457.20
camera,1790489860.00,10.603,-15.070,1450.40
camera,1790489860.54,10.761,-15.059,1445.80
camera,1790489861.00,10.872,-15.051,1445.12
camera,1790489861.54,11.016,-15.038,1445.10
camera,1790489862.04,11.147,-15.026,1445.11
camera,1790489862.50,11.261,-15.016,1445.18
camera,1790489863.04,11.398,-15.009,1443.20
camera,1790489863.54,11.526,-15.026,1434.78
camera,1790489864.00,11.648,-15.066,1426.80
camera,1790489864.54,11.824,-15.107,1426.81
camera,1790489865.04,11.986,-15.145,1426.74
camera,1790489865.50,12.138,-15.181,1426.71
camera,1790489866.00,12.305,-15.220,1426.71
camera,1790489866.57,12.504,-15.266,1426.81
camera,1790489867.04,12.667,-15.304,1426.79
camera,1790489867.50,12.824,-15.338,1427.62
camera,1790489868.00,12.975,-15.344,1434.66
camera,1790489868.54,13.117,-15.347,1437.63
camera,1790489869.04,13.237,-15.341,1441.11
camera,1790489869.50,13.341,-15.327,1445.81
camera,1790489870.00,13.448,-15.302,1450.99
camera,1790489870.54,13.555,-15.266,1456.49
camera,1790489871.00,13.653,-15.223,1461.24
camera,1790489871.54,13.756,-15.167,1466.77
camera,1790489872.04,13.850,-15.105,1471.74
camera,1790489872.50,13.924,-15.044,1476.64
camera,1790489873.04,14.001,-14.968,1482.55
camera,1790489873.50,14.053,-14.905,1487.80
camera,1790489874.04,14.108,-14.822,1494.17
camera,1790489874.50,14.149,-14.744,1499.52
camera,1790489875.04,14.185,-14.645,1506.83
camera,1790489875.54,14.206,-14.550,1514.42
camera,1790489876.00,14.212,-14.456,1522.02
camera,1790489876.50,14.207,-14.372,1530.18
camera,1790489877.04,14.192,-14.279,1535.63
camera,1790489877.54,14.182,-14.178,1535.81
camera,1790489878.04,14.172,-14.084,1536.00
camera,1790489878.50,14.161,-13.988,1536.10
camera,1790489879.04,14.149,-13.869,1536.10
camera,1790489879.54,14.137,-13.758,1536.16
camera,1790489880.00,14.126,-13.663,1536.21
camera,1790489880.54,14.115,-13.560,1536.28
camera,1790489881.00,14.105,-13.467,1536.32
camera,1790489881.57,14.091,-13.351,1536.40
camera,1790489882.00,14.080,-13.248,1536.45
camera,1790489882.50,14.065,-13.123,1536.53
camera,1790489883.04,14.050,-12.987,1536.52
camera,1790489883.50,14.038,-12.885,1536.60
camera,1790489884.04,14.021,-12.740,1536.70
camera,1790489884.50,14.008,-12.630,1536.74
camera,1790489885.00,13.990,-12.479,1536.75
camera,1790489885.54,13.974,-12.343,1536.71
camera,1790489886.00,13.959,-12.218,1536.81
camera,1790489886.54,13.939,-12.064,1536.97
camera,1790489887.00,13.923,-11.932,1536.86
camera,1790489887.54,13.904,-11.782,1537.00
camera,1790489888.00,13.888,-11.651,1536.98
camera,1790489888.50,13.872,-11.520,1537.13
camera,1790489889.04,13.851,-11.358,1537.17
camera,1790489889.50,13.835,-11.231,1537.27
camera,1790489890.04,13.815,-11.078,1537.29
camera,1790489890.50,13.799,-10.951,1537.26
camera,1790489891.04,13.784,-10.833,1537.34
camera,1790489891.50,13.773,-10.745,1537.00
camera,1790489892.00,13.774,-10.638,1531.68
camera,1790489892.54,13.776,-10.515,1530.13
camera,1790489893.00,13.777,-10.359,1529.99
camera,1790489893.54,13.777,-10.183,1529.94
camera,1790489894.04,13.776,-9.996,1530.06
camera,1790489894.50,13.776,-9.849,1530.04
camera,1790489895.04,13.776,-9.669,1530.16
camera,1790489895.50,13.775,-9.515,1530.18
camera,1790489896.04,13.774,-9.348,1530.26
camera,1790489896.50,13.773,-9.201,1530.33
camera,1790489897.07,13.772,-9.004,1530.42
camera,1790489897.54,13.771,-8.852,1530.47
camera,1790489898.00,13.769,-8.693,1530.49
camera,1790489898.54,13.767,-8.535,1530.62
camera,1790489899.00,13.766,-8.376,1530.65
camera,1790489899.57,13.763,-8.197,1530.69
camera,1790489900.04,13.761,-8.049,1530.76
camera,1790489900.50,13.759,-7.883,1530.87
camera,1790489901.04,13.756,-7.728,1530.90
camera,1790489901.50,13.753,-7.598,1530.95
camera,1790489902.04,13.750,-7.443,1531.05
camera,1790489902.50,13.748,-7.295,1531.09
camera,1790489903.04,13.745,-7.162,1531.11
camera,1790489903.54,13.742,-7.023,1531.18
camera,1790489904.00,13.739,-6.897,1531.21
camera,1790489904.54,13.736,-6.762,1531.21
camera,1790489905.00,13.733,-6.627,1531.29
camera,1790489905.54,13.730,-6.483,1531.34
camera,1790489906.00,13.726,-6.350,1531.44
camera,1790489906.50,13.723,-6.218,1531.43
camera,1790489907.04,13.719,-6.082,1531.49
camera,1790489907.50,13.716,-5.971,1531.55
camera,1790489908.04,13.715,-5.815,1530.50
camera,1790489908.50,13.716,-5.684,1530.06
camera,1790489909.04,13.716,-5.533,1530.05
camera,1790489909.54,13.716,-5.389,1529.99
camera,1790489910.07,13.716,-5.231,1529.99
camera,1790489910.50,13.716,-5.085,1530.00
camera,1790489911.00,13.715,-4.933,1530.03
camera,1790489911.54,13.715,-4.763,1530.06
camera,1790489912.00,13.715,-4.622,1530.14
camera,1790489912.54,13.714,-4.459,1530.23
camera,1790489913.04,13.713,-4.319,1530.23
camera,1790489913.50,13.713,-4.166,1530.20
camera,1790489914.04,13.712,-4.013,1530.38
camera,1790489914.50,13.711,-3.877,1530.46
camera,1790489915.04,13.710,-3.726,1530.51
camera,1790489915.50,13.708,-3.579,1530.51
camera,1790489916.00,13.707,-3.436,1530.61
camera,1790489916.54,13.705,-3.280,1530.70
camera,1790489917.04,13.703,-3.128,1530.81
camera,1790489917.50,13.701,-2.986,1530.85
camera,1790489918.04,13.698,-2.834,1530.94
camera,1790489918.50,13.695,-2.700,1530.99
camera,1790489919.00,13.692,-2.537,1531.04
camera,1790489919.54,13.689,-2.378,1531.07
camera,1790489920.00,13.686,-2.240,1531.10
camera,1790489920.54,13.683,-2.097,1531.23
camera,1790489921.04,13.680,-1.946,1531.30
camera,1790489921.50,13.675,-1.797,1531.46
camera,1790489922.04,13.672,-1.646,1531.34
camera,1790489922.50,13.667,-1.501,1531.54
camera,1790489923.04,13.663,-1.334,1531.59
camera,1790489923.50,13.659,-1.206,1531.75
camera,1790489924.07,13.654,-1.024,1531.70
camera,1790489924.50,13.649,-0.882,1531.79
camera,1790489925.00,13.644,-0.726,1531.89
camera,1790489925.54,13.639,-0.583,1531.97
camera,1790489926.00,13.635,-0.468,1531.91
camera,1790489926.54,13.635,-0.451,1531.91
camera,1790489927.04,13.635,-0.448,1531.88
camera,1790489927.50,13.635,-0.453,1531.87
camera,1790489928.04,13.635,-0.453,1531.82
camera,1790489928.50,13.635,-0.450,1531.83
camera,1790489929.04,13.635,-0.449,1531.86
camera,1790489929.50,13.635,-0.452,1531.92
camera,1790489930.04,13.635,-0.446,1531.86
camera,1790489930.50,13.635,-0.450,1531.90
camera,1790489931.04,13.635,-0.446,1531.90
camera,1790489931.54,13.635,-0.444,1531.91
camera,1790489932.00,13.635,-0.456,1531.86
camera,1790489932.54,13.635,-0.447,1531.86
camera,1790489933.00,13.635,-0.454,1531.88
camera,1790489933.54,13.635,-0.453,1531.88
camera,1790489934.00,13.635,-0.453,1531.95
camera,1790489934.54,13.634,-0.448,1531.89
camera,1790489935.00,13.635,-0.457,1531.88
camera,1790489935.50,13.634,-0.448,1531.94
camera,1790489936.04,13.634,-0.454,1531.89
camera,1790489936.54,13.634,-0.450,1531.84
camera,1790489937.00,13.634,-0.453,1531.88
camera,1790489937.54,13.634,-0.450,1531.84
camera,1790489938.00,13.634,-0.450,1531.89
camera,1790489938.54,13.634,-0.448,1531.87
camera,1790489939.04,13.634,-0.447,1531.90
camera,1790489939.50,13.634,-0.452,1531.91
camera,1790489940.04,13.635,-0.460,1531.84
camera,1790489940.50,13.634,-0.447,1531.92
camera,1790489941.04,13.634,-0.452,1531.91
camera,1790489941.50,13.634,-0.446,1531.91
camera,1790489942.04,13.634,-0.454,1531.91
camera,1790489942.54,13.635,-0.452,1531.86
camera,1790489943.00,13.635,-0.450,1531.88
camera,1790489943.54,13.635,-0.448,1531.90
camera,1790489944.00,13.635,-0.448,1531.90
camera,1790489944.54,13.635,-0.457,1531.86
camera,1790489945.04,13.635,-0.450,1531.95
camera,1790489945.50,13.635,-0.452,1531.87
camera,1790489946.04,13.635,-0.454,1531.90
camera,1790489946.50,13.635,-0.450,1531.91
camera,1790489947.00,13.635,-0.449,1533.21
camera,1790489947.54,13.634,-0.450,1544.03
camera,1790489948.04,13.629,-0.442,1554.26
camera,1790489948.50,13.622,-0.432,1563.97
camera,1790489949.04,13.612,-0.424,1575.62
camera,1790489949.50,13.595,-0.414,1585.69
camera,1790489950.04,13.579,-0.409,1597.31
camera,1790489950.50,13.547,-0.405,1607.30
camera,1790489951.07,13.516,-0.407,1619.39
camera,1790489951.50,13.505,-0.408,1620.56
camera,1790489952.00,13.507,-0.408,1620.48
camera,1790489952.54,13.506,-0.408,1620.47
camera,1790489953.04,13.506,-0.408,1620.48
camera,1790489953.50,13.504,-0.408,1620.45
camera,1790489954.00,13.504,-0.408,1620.46
camera,1790489954.50,13.499,-0.408,1620.67
camera,1790489955.00,13.348,-0.410,1620.73
camera,1790489955.50,13.181,-0.412,1620.87
camera,1790489956.00,13.023,-0.415,1620.99
camera,1790489956.54,12.847,-0.419,1621.05
camera,1790489957.04,12.691,-0.422,1621.20
camera,1790489957.50,12.562,-0.425,1621.29
camera,1790489958.04,12.403,-0.429,1621.45
camera,1790489958.54,12.269,-0.433,1621.46
camera,1790489959.00,12.136,-0.436,1621.60
camera,1790489959.54,11.979,-0.441,1621.70
camera,1790489960.00,11.837,-0.445,1621.73
camera,1790489960.54,11.683,-0.450,1621.84
camera,1790489961.04,11.528,-0.456,1621.95
camera,1790489961.50,11.381,-0.461,1622.04
camera,1790489962.04,11.209,-0.467,1622.09
camera,1790489962.50,11.084,-0.472,1622.20
camera,1790489963.00,10.933,-0.474,1620.01
camera,1790489963.54,10.790,-0.462,1617.05
camera,1790489964.00,10.619,-0.452,1616.92
camera,1790489964.57,10.410,-0.441,1616.94
camera,1790489965.04,10.241,-0.433,1616.99
camera,1790489965.50,10.061,-0.423,1617.08
camera,1790489966.04,9.870,-0.414,1617.14
camera,1790489966.50,9.695,-0.405,1617.16
camera,1790489967.04,9.501,-0.396,1617.28
camera,1790489967.50,9.323,-0.388,1617.39
camera,1790489968.00,9.135,-0.380,1617.40
camera,1790489968.54,8.934,-0.371,1617.47
camera,1790489969.04,8.740,-0.363,1617.60
camera,1790489969.50,8.566,-0.356,1617.64
camera,1790489970.00,8.356,-0.348,1617.77
camera,1790489970.54,8.160,-0.351,1620.22
camera,1790489971.00,7.982,-0.353,1620.47
camera,1790489971.54,7.786,-0.356,1620.63
camera,1790489972.04,7.607,-0.359,1620.79
camera,1790489972.50,7.426,-0.360,1620.93
camera,1790489973.04,7.244,-0.364,1621.03
camera,1790489973.54,7.051,-0.368,1621.08
camera,1790489974.00,6.872,-0.372,1621.22
camera,1790489974.54,6.673,-0.376,1621.29
camera,1790489975.00,6.504,-0.380,1621.41
camera,1790489975.54,6.264,-0.386,1621.67
camera,1790489976.04,6.146,-0.390,1621.72
camera,1790489976.50,5.959,-0.396,1621.87
camera,1790489977.04,5.769,-0.402,1621.99
camera,1790489977.54,5.588,-0.409,1622.07
camera,1790489978.04,5.409,-0.415,1622.13
camera,1790489978.50,5.238,-0.422,1622.19
camera,1790489979.04,5.075,-0.428,1622.34
camera,1790489979.54,4.883,-0.436,1622.44
camera,1790489980.00,4.709,-0.444,1622.53
camera,1790489980.54,4.517,-0.453,1622.58
camera,1790489981.00,4.339,-0.462,1622.71
camera,1790489981.50,4.161,-0.470,1622.78
camera,1790489982.00,3.974,-0.480,1622.88
camera,1790489982.54,3.790,-0.489,1622.94
camera,1790489983.00,3.617,-0.498,1622.96
camera,1790489983.50,3.434,-0.508,1623.08
camera,1790489984.00,3.240,-0.519,1623.15
camera,1790489984.54,3.054,-0.529,1623.20
camera,1790489985.04,2.869,-0.540,1623.26
camera,1790489985.50,2.692,-0.550,1623.32
camera,1790489986.00,2.500,-0.562,1623.44
camera,1790489986.54,2.289,-0.576,1623.59
camera,1790489987.04,2.117,-0.587,1623.69
camera,1790489987.57,1.916,-0.600,1623.73
camera,1790489988.00,1.758,-0.611,1623.87
camera,1790489988.54,1.557,-0.624,1623.88
camera,1790489989.04,1.373,-0.637,1623.92
camera,1790489989.54,1.183,-0.650,1624.01
camera,1790489990.04,0.993,-0.664,1624.10
camera,1790489990.50,0.823,-0.676,1624.05
camera,1790489991.00,0.631,-0.691,1624.24
camera,1790489991.50,0.439,-0.705,1624.25
camera,1790489992.00,0.244,-0.720,1624.35
camera,1790489992.50,0.060,-0.735,1624.44
camera,1790489993.04,-0.141,-0.750,1624.50
camera,1790489993.54,-0.335,-0.766,1624.57
camera,1790489994.04,-0.508,-0.780,1624.75
camera,1790489994.54,-0.683,-0.795,1624.74
camera,1790489995.04,-0.858,-0.810,1624.72
camera,1790489995.50,-1.015,-0.822,1624.77
camera,1790489996.04,-1.177,-0.836,1624.81
camera,1790489996.50,-1.253,-0.843,1624.82
camera,1790489997.00,-1.252,-0.842,1624.86
camera,1790489997.50,-1.246,-0.842,1624.92
camera,1790489998.00,-1.246,-0.842,1624.89
camera,1790489998.50,-1.248,-0.842,1624.90
camera,1790489999.04,-1.245,-0.842,1624.93
camera,1790489999.54,-1.241,-0.841,1624.89
camera,1790490000.04,-1.250,-0.842,1624.92
camera,1790490000.54,-1.250,-0.842,1624.88
camera,1790490001.04,-1.245,-0.842,1624.90
camera,1790490001.54,-1.249,-0.842,1624.90
camera,1790490002.04,-1.251,-0.842,1624.86
camera,1790490002.54,-1.248,-0.842,1624.90
camera,1790490003.04,-1.246,-0.842,1624.88
camera,1790490003.54,-1.249,-0.842,1624.88
camera,1790490004.00,-1.247,-0.842,1624.92
camera,1790490004.50,-1.244,-0.841,1624.93
camera,1790490005.00,-1.247,-0.842,1624.89
camera,1790490005.50,-1.239,-0.841,1624.93
camera,1790490006.00,-1.245,-0.841,1624.90
camera,1790490006.50,-1.251,-0.842,1624.91
camera,1790490007.00,-1.245,-0.841,1624.91
camera,1790490007.50,-1.251,-0.842,1624.92
camera,1790490008.07,-1.247,-0.841,1624.92
camera,1790490008.50,-1.245,-0.841,1624.92
camera,1790490009.00,-1.251,-0.842,1624.91
camera,1790490009.50,-1.247,-0.841,1624.91
camera,1790490010.00,-1.244,-0.841,1624.91
camera,1790490010.57,-1.248,-0.841,1624.89
camera,1790490011.00,-1.248,-0.841,1624.89
camera,1790490011.57,-1.250,-0.841,1624.88
camera,1790490012.00,-1.250,-0.841,1624.91
camera,1790490012.57,-1.249,-0.841,1624.92
camera,1790490013.07,-1.249,-0.841,1624.93
camera,1790490013.50,-1.248,-0.841,1624.92
camera,1790490014.00,-1.248,-0.841,1624.89
camera,1790490014.50,-1.252,-0.841,1624.90
camera,1790490015.04,-1.247,-0.841,1624.91
camera,1790490015.54,-1.247,-0.841,1624.91
camera,1790490016.04,-1.249,-0.841,1624.92
camera,1790490016.54,-1.250,-0.841,1624.87
camera,1790490017.04,-1.248,-0.841,1624.92
camera,1790490017.54,-1.252,-0.841,1624.90
camera,1790490018.00,-1.248,-0.841,1624.90
camera,1790490018.50,-1.249,-0.841,1624.89
camera,1790490019.07,-1.247,-0.841,1624.90
camera,1790490019.57,-1.246,-0.841,1624.91
camera,1790490020.04,-1.248,-0.841,1624.94
camera,1790490020.54,-1.253,-0.841,1624.89
camera,1790490021.04,-1.248,-0.841,1624.91
camera,1790490021.54,-1.247,-0.841,1624.91
camera,1790490022.04,-1.245,-0.840,1624.89
camera,1790490022.54,-1.244,-0.840,1624.90
camera,1790490023.07,-1.249,-0.841,1624.92
camera,1790490023.50,-1.248,-0.841,1624.90
camera,1790490024.00,-1.251,-0.841,1624.94
camera,1790490024.50,-1.246,-0.841,1624.93
camera,1790490025.00,-1.250,-0.841,1624.91
camera,1790490025.57,-1.249,-0.841,1624.89
camera,1790490026.04,-1.246,-0.841,1624.88
camera,1790490026.54,-1.248,-0.841,1624.91
camera,1790490027.04,-1.244,-0.840,1624.90
camera,1790490027.54,-1.248,-0.841,1624.93
camera,1790490028.07,-1.249,-0.841,1624.90
camera,1790490028.54,-1.249,-0.841,1624.89
camera,1790490029.00,-1.247,-0.841,1624.92
camera,1790490029.54,-1.245,-0.840,1624.91
camera,1790490030.00,-1.245,-0.840,1624.89
camera,1790490030.50,-1.245,-0.840,1624.90
camera,1790490031.04,-1.250,-0.841,1624.92
camera,1790490031.54,-1.245,-0.840,1624.90
camera,1790490032.04,-1.247,-0.841,1624.89
camera,1790490032.50,-1.250,-0.841,1624.90
camera,1790490033.04,-1.243,-0.840,1624.93
camera,1790490033.54,-1.250,-0.841,1624.91
camera,1790490034.04,-1.249,-0.841,1624.90
camera,1790490034.50,-1.247,-0.840,1624.91
camera,1790490035.00,-1.250,-0.841,1624.90
camera,1790490035.50,-1.250,-0.841,1624.91
camera,1790490036.00,-1.245,-0.840,1624.89
camera,1790490036.50,-1.246,-0.840,1624.90
camera,1790490037.00,-1.245,-0.840,1624.93
camera,1790490037.50,-1.247,-0.840,1624.93
camera,1790490038.00,-1.256,-0.843,1628.51
camera,1790490038.54,-1.293,-0.862,1642.48
camera,1790490039.04,-1.328,-0.892,1656.15
camera,1790490039.50,-1.371,-0.946,1667.91
camera,1790490040.04,-1.387,-0.972,1681.70
camera,1790490040.50,-1.398,-1.029,1694.26
camera,1790490041.04,-1.393,-1.120,1708.87
camera,1790490041.50,-1.393,-1.150,1708.68
camera,1790490042.00,-1.393,-1.151,1708.73
camera,1790490042.54,-1.393,-1.138,1708.94
camera,1790490043.00,-1.394,-1.154,1708.70
camera,1790490043.54,-1.393,-1.146,1708.76
camera,1790490044.00,-1.394,-1.158,1708.71
camera,1790490044.54,-1.391,-1.154,1708.70
camera,1790490045.00,-1.390,-1.158,1708.74
camera,1790490045.50,-1.389,-1.150,1708.76
camera,1790490046.04,-1.389,-1.148,1708.84
camera,1790490046.50,-1.390,-1.170,1708.85
camera,1790490047.04,-1.390,-1.168,1708.73
camera,1790490047.54,-1.389,-1.159,1708.78
camera,1790490048.00,-1.390,-1.144,1708.77
camera,1790490048.54,-1.389,-1.146,1708.72
camera,1790490049.00,-1.389,-1.145,1708.76
camera,1790490049.57,-1.388,-1.146,1708.72
camera,1790490050.00,-1.388,-1.154,1708.76
camera,1790490050.50,-1.387,-1.140,1708.74
camera,1790490051.04,-1.388,-1.186,1708.85
camera,1790490051.50,-1.387,-1.137,1708.80
camera,1790490052.04,-1.387,-1.148,1708.78
camera,1790490052.50,-1.387,-1.167,1708.77
camera,1790490053.04,-1.387,-1.168,1708.83
camera,1790490053.50,-1.386,-1.143,1708.83
camera,1790490054.00,-1.386,-1.153,1708.82
camera,1790490054.54,-1.386,-1.151,1708.82
camera,1790490055.00,-1.386,-1.161,1708.84
camera,1790490055.50,-1.386,-1.158,1708.83
camera,1790490056.04,-1.385,-1.147,1708.84
camera,1790490056.50,-1.385,-1.143,1708.90
camera,1790490057.04,-1.386,-1.155,1708.87
camera,1790490057.50,-1.386,-1.205,1709.00
camera,1790490058.00,-1.385,-1.170,1708.94
camera,1790490058.54,-1.385,-1.169,1708.92
camera,1790490059.00,-1.385,-1.174,1708.99
camera,1790490059.54,-1.384,-1.162,1708.88
camera,1790490060.04,-1.384,-1.174,1708.90
camera,1790490060.50,-1.384,-1.164,1708.89
camera,1790490061.04,-1.381,-1.202,1709.07
camera,1790490061.57,-1.380,-1.194,1708.95
camera,1790490062.07,-1.379,-1.171,1708.94
camera,1790490062.54,-1.379,-1.175,1708.91
camera,1790490063.00,-1.379,-1.170,1708.88
camera,1790490063.54,-1.379,-1.134,1708.93
camera,1790490064.10,-1.379,-1.154,1708.86
camera,1790490064.50,-1.379,-1.158,1708.91
camera,1790490065.04,-1.379,-1.184,1708.86
camera,1790490065.50,-1.379,-1.170,1708.95
camera,1790490066.00,-1.379,-1.159,1708.94
camera,1790490066.50,-1.378,-1.187,1708.95
camera,1790490067.07,-1.378,-1.179,1708.97
camera,1790490067.50,-1.378,-1.167,1708.95
camera,1790490068.04,-1.378,-1.173,1709.05
camera,1790490068.57,-1.378,-1.179,1708.99
camera,1790490069.04,-1.378,-1.166,1709.01
camera,1790490069.54,-1.378,-1.168,1708.99
camera,1790490070.00,-1.378,-1.174,1708.97
camera,1790490070.57,-1.378,-1.178,1708.96
camera,1790490071.10,-1.378,-1.169,1708.98
camera,1790490071.50,-1.378,-1.180,1709.00
camera,1790490072.10,-1.378,-1.184,1709.03
camera,1790490072.60,-1.378,-1.169,1708.97
camera,1790490073.04,-1.378,-1.177,1709.01
camera,1790490073.50,-1.378,-1.178,1709.01
camera,1790490074.00,-1.378,-1.189,1709.06
camera,1790490074.60,-1.378,-1.182,1708.98
camera,1790490075.00,-1.378,-1.180,1708.97
camera,1790490075.57,-1.378,-1.187,1708.97
camera,1790490076.04,-1.378,-1.178,1708.97
camera,1790490076.57,-1.378,-1.175,1708.98
camera,1790490077.04,-1.378,-1.173,1708.98
camera,1790490077.57,-1.377,-1.169,1709.00
camera,1790490078.00,-1.377,-1.164,1709.04
camera,1790490078.54,-1.378,-1.173,1708.98
camera,1790490079.00,-1.378,-1.170,1709.06
camera,1790490079.54,-1.377,-1.161,1709.04
camera,1790490080.00,-1.378,-1.177,1709.02
camera,1790490080.50,-1.378,-1.169,1709.05
camera,1790490081.04,-1.378,-1.176,1708.99
camera,1790490081.50,-1.378,-1.194,1709.05
camera,1790490082.04,-1.378,-1.175,1709.04
camera,1790490082.57,-1.377,-1.168,1709.06
camera,1790490083.07,-1.378,-1.189,1709.07
camera,1790490083.54,-1.377,-1.180,1709.03
camera,1790490084.07,-1.377,-1.162,1708.98
camera,1790490084.54,-1.377,-1.168,1709.09
camera,1790490085.04,-1.377,-1.162,1709.06
camera,1790490085.50,-1.377,-1.179,1709.11
camera,1790490086.10,-1.377,-1.170,1709.06
camera,1790490086.50,-1.377,-1.185,1709.05
camera,1790490087.14,-1.377,-1.173,1709.09
camera,1790490087.54,-1.377,-1.167,1708.98
camera,1790490088.07,-1.377,-1.179,1709.09
camera,1790490088.50,-1.377,-1.171,1709.05
camera,1790490089.10,-1.378,-1.205,1709.02
camera,1790490089.50,-1.377,-1.182,1709.09
camera,1790490090.04,-1.377,-1.165,1709.11
camera,1790490090.57,-1.377,-1.170,1709.14
camera,1790490091.14,-1.377,-1.171,1709.15
camera,1790490091.54,-1.377,-1.172,1709.12
camera,1790490092.10,-1.377,-1.181,1709.15
camera,1790490092.50,-1.377,-1.168,1709.21
camera,1790490093.10,-1.377,-1.169,1709.05
camera,1790490093.57,-1.377,-1.167,1709.13
camera,1790490094.04,-1.377,-1.177,1709.16
camera,1790490094.60,-1.377,-1.180,1709.10
camera,1790490095.07,-1.377,-1.163,1709.13
camera,1790490095.60,-1.377,-1.168,1709.19
camera,1790490096.07,-1.377,-1.164,1709.10
camera,1790490096.54,-1.377,-1.173,1709.09
camera,1790490097.04,-1.377,-1.167,1709.11
camera,1790490097.57,-1.377,-1.172,1709.14
camera,1790490098.00,-1.377,-1.170,1709.08
camera,1790490098.54,-1.377,-1.179,1709.05
camera,1790490099.07,-1.377,-1.180,1709.11
camera,1790490099.60,-1.377,-1.186,1709.17
camera,1790490100.00,-1.377,-1.199,1709.21
camera,1790490100.54,-1.377,-1.188,1709.18
camera,1790490101.07,-1.377,-1.189,1709.10
camera,1790490101.60,-1.377,-1.178,1709.18
camera,1790490102.04,-1.377,-1.173,1709.10
camera,1790490102.57,-1.377,-1.188,1709.10
camera,1790490103.10,-1.377,-1.178,1709.15
camera,1790490103.50,-1.377,-1.187,1709.17
camera,1790490104.04,-1.377,-1.186,1709.12
camera,1790490104.57,-1.377,-1.196,1709.16
camera,1790490105.10,-1.377,-1.178,1709.09
camera,1790490105.50,-1.377,-1.181,1709.17
camera,1790490106.10,-1.376,-1.180,1709.11
camera,1790490106.50,-1.377,-1.187,1709.15
camera,1790490107.04,-1.377,-1.184,1709.11
camera,1790490107.60,-1.376,-1.179,1709.07
camera,1790490108.00,-1.377,-1.182,1709.09
camera,1790490108.54,-1.376,-1.174,1709.14
camera,1790490109.07,-1.377,-1.187,1709.13
camera,1790490109.60,-1.377,-1.181,1709.10
camera,1790490110.00,-1.377,-1.183,1709.12
camera,1790490110.57,-1.377,-1.189,1709.18
camera,1790490111.10,-1.376,-1.181,1709.16
camera,1790490111.50,-1.377,-1.184,1709.19
camera,1790490112.04,-1.377,-1.184,1709.13
camera,1790490112.57,-1.377,-1.185,1709.15
camera,1790490113.10,-1.377,-1.184,1709.17
camera,1790490113.50,-1.377,-1.187,1709.13
camera,1790490114.04,-1.377,-1.189,1709.16
camera,1790490114.60,-1.377,-1.184,1709.13
camera,1790490115.00,-1.377,-1.190,1709.15
camera,1790490115.54,-1.376,-1.179,1709.20
camera,1790490116.07,-1.377,-1.190,1709.19
camera,1790490116.64,-1.376,-1.148,1709.26
camera,1790490117.04,-1.377,-1.180,1709.22
camera,1790490117.57,-1.377,-1.184,1709.22
camera,1790490118.10,-1.377,-1.176,1709.18
camera,1790490118.50,-1.377,-1.187,1709.19
camera,1790490119.04,-1.377,-1.185,1709.21
camera,1790490119.60,-1.377,-1.183,1709.18
camera,1790490120.00,-1.377,-1.185,1709.21
camera,1790490120.54,-1.377,-1.176,1709.23
camera,1790490121.10,-1.377,-1.178,1709.22
camera,1790490121.50,-1.377,-1.174,1709.21
camera,1790490122.04,-1.377,-1.171,1709.17
camera,1790490122.57,-1.377,-1.174,1709.16
camera,1790490123.10,-1.377,-1.173,1709.20
camera,1790490123.54,-1.377,-1.183,1709.24
camera,1790490124.07,-1.377,-1.180,1709.23
camera,1790490124.60,-1.376,-1.171,1709.22
camera,1790490125.04,-1.377,-1.176,1709.20
camera,1790490125.57,-1.377,-1.174,1709.24
camera,1790490126.14,-1.377,-1.180,1709.23
camera,1790490126.50,-1.377,-1.179,1709.21
camera,1790490127.07,-1.377,-1.182,1709.25
camera,1790490127.60,-1.376,-1.177,1709.25
camera,1790490128.00,-1.376,-1.178,1709.23
camera,1790490128.57,-1.376,-1.177,1709.22
camera,1790490129.10,-1.376,-1.173,1709.25
camera,1790490129.50,-1.376,-1.177,1709.21
camera,1790490130.04,-1.376,-1.172,1709.25
camera,1790490130.60,-1.376,-1.173,1709.22
camera,1790490131.00,-1.376,-1.172,1709.25
camera,1790490131.54,-1.377,-1.182,1709.21
camera,1790490132.07,-1.376,-1.175,1709.31
camera,1790490132.50,-1.377,-1.179,1709.32
camera,1790490133.04,-1.376,-1.176,1709.25
camera,1790490133.57,-1.376,-1.176,1709.27
camera,1790490134.10,-1.377,-1.181,1709.23
camera,1790490134.54,-1.377,-1.176,1709.22
camera,1790490135.07,-1.376,-1.173,1709.28
camera,1790490135.64,-1.376,-1.173,1709.30
camera,1790490136.04,-1.376,-1.173,1709.23
camera,1790490136.57,-1.376,-1.173,1709.26
camera,1790490137.10,-1.377,-1.177,1709.28
camera,1790490137.50,-1.377,-1.175,1709.26
camera,1790490138.04,-1.377,-1.176,1709.23
camera,1790490138.60,-1.377,-1.176,1709.26
camera,1790490139.00,-1.377,-1.176,1709.25
camera,1790490139.54,-1.377,-1.177,1709.27
camera,1790490140.07,-1.377,-1.178,1709.30
camera,1790490140.60,-1.376,-1.185,1709.31
camera,1790490141.04,-1.376,-1.178,1709.32
camera,1790490141.54,-1.376,-1.177,1709.33
camera,1790490142.10,-1.376,-1.174,1709.26
camera,1790490142.50,-1.376,-1.180,1709.29
camera,1790490143.07,-1.376,-1.177,1709.26
camera,1790490143.60,-1.376,-1.180,1709.30
camera,1790490144.00,-1.376,-1.181,1709.26
camera,1790490144.54,-1.376,-1.170,1709.27
camera,1790490145.07,-1.376,-1.175,1709.21
camera,1790490145.60,-1.376,-1.172,1709.25
camera,1790490146.00,-1.376,-1.177,1709.29
camera,1790490146.54,-1.376,-1.178,1709.27
camera,1790490147.07,-1.376,-1.175,1709.31
camera,1790490147.50,-1.376,-1.173,1709.34
camera,1790490148.04,-1.376,-1.176,1709.28
camera,1790490148.57,-1.376,-1.176,1709.33
camera,1790490149.10,-1.376,-1.172,1709.30
camera,1790490149.54,-1.376,-1.173,1709.27
camera,1790490150.07,-1.376,-1.175,1709.39
camera,1790490150.60,-1.376,-1.170,1709.31
camera,1790490151.00,-1.376,-1.176,1709.29
camera,1790490151.54,-1.376,-1.171,1709.29
camera,1790490152.07,-1.376,-1.173,1709.31
camera,1790490152.60,-1.376,-1.172,1709.29
camera,1790490153.04,-1.376,-1.178,1709.34
camera,1790490153.57,-1.376,-1.175,1709.32
camera,1790490154.00,-1.376,-1.170,1709.28
camera,1790490154.54,-1.377,-1.295,1709.53
camera,1790490155.07,-1.377,-1.503,1709.76
camera,1790490155.60,-1.378,-1.692,1709.86
camera,1790490156.00,-1.378,-1.856,1709.90
camera,1790490156.54,-1.378,-2.047,1710.00
camera,1790490157.07,-1.377,-2.253,1710.13
camera,1790490157.50,-1.377,-2.415,1710.15
camera,1790490158.04,-1.376,-2.602,1710.20
camera,1790490158.57,-1.375,-2.813,1710.36
camera,1790490159.10,-1.373,-3.009,1710.43
camera,1790490159.57,-1.371,-3.191,1710.52
camera,1790490160.10,-1.369,-3.383,1710.69
camera,1790490160.50,-1.367,-3.504,1710.93
camera,1790490161.04,-1.364,-3.706,1710.89
camera,1790490161.57,-1.360,-3.925,1710.95
camera,1790490162.04,-1.356,-4.096,1711.16
camera,1790490162.50,-1.353,-4.259,1711.19
camera,1790490163.00,-1.348,-4.452,1711.38
camera,1790490163.54,-1.343,-4.628,1711.55
camera,1790490164.07,-1.337,-4.824,1711.62
camera,1790490164.60,-1.331,-5.015,1711.81
camera,1790490165.00,-1.326,-5.161,1711.95
camera,1790490165.54,-1.319,-5.360,1712.02
camera,1790490166.00,-1.312,-5.539,1712.06
camera,1790490166.50,-1.305,-5.727,1712.09
camera,1790490167.04,-1.297,-5.927,1712.27
camera,1790490167.50,-1.290,-6.094,1712.36
camera,1790490168.04,-1.281,-6.296,1712.54
camera,1790490168.50,-1.274,-6.461,1712.57
camera,1790490169.04,-1.263,-6.674,1712.69
camera,1790490169.50,-1.254,-6.843,1712.89
camera,1790490170.04,-1.244,-7.041,1713.02
camera,1790490170.50,-1.235,-7.212,1713.07
camera,1790490171.07,-1.224,-7.410,1713.12
camera,1790490171.54,-1.213,-7.598,1713.17
camera,1790490172.00,-1.205,-7.747,1713.23
camera,1790490172.54,-1.193,-7.937,1713.65
camera,1790490173.00,-1.182,-8.104,1713.63
camera,1790490173.54,-1.169,-8.312,1713.68
camera,1790490174.00,-1.158,-8.480,1713.72
camera,1790490174.54,-1.144,-8.680,1713.75
camera,1790490175.00,-1.133,-8.856,1713.74
camera,1790490175.54,-1.120,-9.050,1713.77
camera,1790490176.00,-1.108,-9.228,1713.92
camera,1790490176.54,-1.094,-9.436,1713.95
camera,1790490177.04,-1.080,-9.629,1714.00
camera,1790490177.50,-1.068,-9.804,1713.99
camera,1790490178.04,-1.054,-10.001,1714.12
camera,1790490178.50,-1.041,-10.170,1714.26
camera,1790490179.04,-1.029,-10.322,1714.29
camera,1790490179.50,-1.022,-10.430,1714.23
camera,1790490180.04,-1.016,-10.510,1714.32
camera,1790490180.54,-1.010,-10.589,1714.05
camera,1790490181.07,-1.009,-10.650,1711.84
camera,1790490181.54,-1.007,-10.726,1711.75
camera,1790490182.00,-1.004,-10.827,1711.79
camera,1790490182.54,-1.000,-10.948,1711.74
camera,1790490183.00,-0.997,-11.048,1711.70
camera,1790490183.57,-0.993,-11.184,1711.76
camera,1790490184.00,-0.990,-11.281,1711.77
camera,1790490184.50,-0.986,-11.397,1711.93
camera,1790490185.04,-0.982,-11.529,1711.92
camera,1790490185.50,-0.977,-11.648,1712.00
camera,1790490186.04,-0.973,-11.779,1711.98
camera,1790490186.54,-0.968,-11.912,1712.12
camera,1790490187.00,-0.964,-12.026,1711.95
camera,1790490187.54,-0.959,-12.159,1712.09
camera,1790490188.10,-0.953,-12.304,1712.05
camera,1790490188.50,-0.949,-12.411,1712.17
camera,1790490189.04,-0.944,-12.544,1712.12
camera,1790490189.50,-0.939,-12.667,1712.17
camera,1790490190.10,-0.933,-12.817,1712.14
camera,1790490190.50,-0.929,-12.929,1712.27
camera,1790490191.04,-0.923,-13.071,1712.31
camera,1790490191.50,-0.917,-13.199,1712.37
camera,1790490192.04,-0.912,-13.344,1712.30
camera,1790490192.54,-0.906,-13.479,1712.32
camera,1790490193.00,-0.900,-13.608,1712.42
camera,1790490193.54,-0.894,-13.760,1712.35
camera,1790490194.00,-0.889,-13.885,1712.40
camera,1790490194.50,-0.884,-14.009,1712.27
camera,1790490195.04,-0.878,-14.161,1712.31
camera,1790490195.50,-0.874,-14.270,1712.36
camera,1790490196.04,-0.868,-14.407,1712.39
camera,1790490196.54,-0.864,-14.521,1712.30
camera,1790490197.00,-0.859,-14.644,1712.09
camera,1790490197.54,-0.855,-14.778,1711.69
camera,1790490198.00,-0.851,-14.899,1711.78
camera,1790490198.54,-0.847,-14.964,1710.80
camera,1790490199.00,-0.840,-15.043,1710.71
camera,1790490199.60,-0.841,-15.135,1709.05
camera,1790490200.07,-0.845,-15.222,1707.33
camera,1790490205.44,-1.132,-15.480,1739.67
camera,1790490205.50,-1.138,-15.473,1741.23
camera,1790490206.04,-1.136,-15.472,1749.97
camera,1790490206.50,-1.129,-15.478,1757.58
camera,1790490207.00,-1.107,-15.490,1765.92
camera,1790490207.50,-1.110,-15.488,1774.09
camera,1790490208.00,-1.100,-15.490,1782.19
camera,1790490208.54,-1.088,-15.492,1790.98
camera,1790490209.04,-1.064,-15.491,1799.31
camera,1790490209.50,-1.062,-15.491,1798.91
camera,1790490210.07,-1.062,-15.491,1798.88
camera,1790490210.54,-1.058,-15.491,1798.91
camera,1790490211.04,-1.060,-15.491,1798.87
camera,1790490211.50,-1.059,-15.491,1798.88
camera,1790490212.00,-1.058,-15.491,1798.86
camera,1790490212.54,-1.060,-15.491,1798.87
camera,1790490213.04,-1.054,-15.491,1798.91
camera,1790490213.50,-1.053,-15.491,1798.90
camera,1790490214.00,-1.054,-15.491,1798.85
camera,1790490214.54,-1.057,-15.491,1798.84
camera,1790490215.04,-1.036,-15.491,1798.89
camera,1790490215.50,-0.986,-15.492,1799.02
camera,1790490216.07,-0.897,-15.494,1799.06
camera,1790490216.54,-0.799,-15.495,1799.15
camera,1790490217.04,-0.689,-15.496,1799.29
camera,1790490217.50,-0.584,-15.498,1799.38
camera,1790490218.04,-0.443,-15.499,1799.39
camera,1790490218.54,-0.304,-15.500,1799.51
camera,1790490219.04,-0.158,-15.501,1799.54
camera,1790490219.57,-0.007,-15.502,1799.73
camera,1790490220.00,0.114,-15.503,1799.67
camera,1790490220.54,0.267,-15.503,1799.73
camera,1790490221.04,0.403,-15.504,1799.79
camera,1790490221.54,0.536,-15.504,1799.86
camera,1790490222.04,0.672,-15.504,1799.95
camera,1790490222.54,0.808,-15.504,1800.01
camera,1790490223.04,0.939,-15.504,1800.06
camera,1790490223.50,1.067,-15.504,1800.11
camera,1790490224.00,1.200,-15.503,1800.16
camera,1790490224.54,1.338,-15.502,1800.25
camera,1790490225.04,1.466,-15.502,1800.31
camera,1790490225.50,1.591,-15.501,1800.37
camera,1790490226.00,1.726,-15.500,1800.40
camera,1790490226.54,1.869,-15.499,1800.49
camera,1790490227.04,1.966,-15.498,1800.49
camera,1790490227.50,2.055,-15.497,1800.53
camera,1790490228.07,2.171,-15.496,1800.59
camera,1790490228.54,2.264,-15.495,1800.63
camera,1790490229.00,2.349,-15.494,1800.61
camera,1790490229.54,2.439,-15.493,1800.73
camera,1790490230.04,2.532,-15.491,1800.78
camera,1790490230.54,2.612,-15.490,1800.83
camera,1790490231.00,2.696,-15.489,1800.85
camera,1790490231.50,2.775,-15.488,1800.92
camera,1790490232.04,2.858,-15.486,1800.90
camera,1790490232.50,2.923,-15.485,1800.95
camera,1790490233.00,2.996,-15.484,1801.02
camera,1790490233.54,3.076,-15.483,1800.85
camera,1790490234.04,3.150,-15.483,1800.31
camera,1790490234.50,3.206,-15.483,1799.95
camera,1790490235.00,3.271,-15.483,1799.91
camera,1790490235.50,3.345,-15.483,1799.88
camera,1790490236.07,3.429,-15.483,1799.92
camera,1790490236.54,3.503,-15.483,1799.92
camera,1790490237.04,3.585,-15.484,1799.91
camera,1790490237.54,3.663,-15.484,1799.94
camera,1790490238.00,3.731,-15.484,1799.96
camera,1790490238.50,3.816,-15.484,1799.95
camera,1790490239.00,3.894,-15.484,1800.05
camera,1790490239.57,3.990,-15.484,1800.04
camera,1790490240.00,4.059,-15.484,1800.05
camera,1790490240.54,4.142,-15.483,1800.09
camera,1790490241.04,4.226,-15.483,1800.16
camera,1790490241.50,4.296,-15.483,1800.14
camera,1790490242.07,4.390,-15.483,1800.23
camera,1790490242.54,4.467,-15.482,1800.25
camera,1790490243.00,4.542,-15.482,1800.30
camera,1790490243.54,4.647,-15.481,1800.28
camera,1790490244.04,4.729,-15.481,1800.34
camera,1790490244.50,4.809,-15.481,1800.29
camera,1790490245.00,4.894,-15.480,1800.37
camera,1790490245.54,4.981,-15.479,1800.33
camera,1790490246.00,5.060,-15.479,1800.45
camera,1790490246.54,5.145,-15.478,1800.42
camera,1790490247.04,5.219,-15.477,1800.51
camera,1790490247.50,5.297,-15.477,1800.52
camera,1790490248.00,5.367,-15.476,1800.55
camera,1790490248.50,5.444,-15.475,1800.55
camera,1790490249.04,5.524,-15.477,1799.29
camera,1790490249.50,5.600,-15.479,1798.82
camera,1790490250.00,5.686,-15.481,1798.78
camera,1790490250.57,5.794,-15.483,1798.71
camera,1790490251.10,5.900,-15.486,1798.69
camera,1790490251.50,5.975,-15.488,1798.60
camera,1790490252.07,6.090,-15.490,1798.68
camera,1790490252.50,6.174,-15.492,1798.74
camera,1790490253.04,6.278,-15.494,1798.72
camera,1790490253.60,6.386,-15.497,1798.70
camera,1790490254.00,6.464,-15.498,1798.80
camera,1790490254.54,6.575,-15.501,1798.87
camera,1790490255.00,6.676,-15.503,1798.79
camera,1790490255.50,6.778,-15.504,1798.92
camera,1790490256.00,6.880,-15.507,1798.83
camera,1790490256.50,6.987,-15.509,1798.90
camera,1790490257.04,7.112,-15.511,1798.94
camera,1790490257.54,7.223,-15.513,1798.99
camera,1790490258.00,7.334,-15.515,1799.09
camera,1790490258.57,7.465,-15.517,1799.11
camera,1790490259.00,7.556,-15.518,1799.19
camera,1790490259.50,7.661,-15.519,1799.25
camera,1790490260.00,7.771,-15.521,1799.24
camera,1790490260.54,7.879,-15.522,1799.30
camera,1790490261.00,7.982,-15.523,1799.33
camera,1790490261.50,8.097,-15.524,1799.46
camera,1790490262.00,8.223,-15.525,1799.50
camera,1790490262.50,8.353,-15.526,1799.57
camera,1790490263.04,8.485,-15.527,1799.71
camera,1790490263.50,8.598,-15.528,1799.72
camera,1790490264.00,8.715,-15.528,1799.74
camera,1790490264.54,8.838,-15.528,1799.79
camera,1790490265.04,8.957,-15.529,1799.87
camera,1790490265.50,9.063,-15.529,1799.87
camera,1790490266.07,9.196,-15.529,1799.97
camera,1790490266.54,9.307,-15.529,1799.95
camera,1790490267.00,9.417,-15.528,1800.12
camera,1790490267.50,9.531,-15.528,1800.17
camera,1790490268.04,9.664,-15.528,1800.19
camera,1790490268.50,9.773,-15.527,1800.25
camera,1790490269.04,9.893,-15.527,1800.28
camera,1790490269.54,10.002,-15.526,1800.37
camera,1790490270.00,10.119,-15.526,1800.41
camera,1790490270.54,10.242,-15.525,1800.45
camera,1790490271.04,10.350,-15.524,1800.54
camera,1790490271.50,10.447,-15.523,1800.68
camera,1790490272.04,10.576,-15.521,1800.77
camera,1790490272.57,10.699,-15.520,1800.82
camera,1790490273.04,10.816,-15.518,1800.79
camera,1790490273.50,10.937,-15.516,1800.87
camera,1790490274.00,11.067,-15.514,1800.94
camera,1790490274.54,11.185,-15.522,1796.82
camera,1790490275.04,11.266,-15.539,1791.19
camera,1790490275.50,11.376,-15.556,1791.07
camera,1790490276.04,11.527,-15.580,1791.05
camera,1790490276.54,11.657,-15.601,1790.97
camera,1790490277.00,11.792,-15.622,1790.95
camera,1790490277.50,11.935,-15.645,1791.07
camera,1790490278.07,12.093,-15.669,1791.16
camera,1790490278.54,12.228,-15.690,1791.29
camera,1790490279.00,12.351,-15.708,1791.38
camera,1790490279.50,12.502,-15.731,1791.47
camera,1790490280.04,12.637,-15.750,1792.01
camera,1790490280.54,12.791,-15.760,1795.17
camera,1790490281.04,12.926,-15.757,1799.16
camera,1790490281.50,13.028,-15.758,1799.35
camera,1790490282.04,13.140,-15.759,1799.46
camera,1790490282.54,13.265,-15.760,1799.60
camera,1790490283.00,13.389,-15.760,1799.73
camera,1790490283.50,13.510,-15.760,1799.82
camera,1790490284.04,13.625,-15.760,1799.99
camera,1790490284.50,13.717,-15.760,1800.01
camera,1790490285.00,13.721,-15.760,1799.94
camera,1790490285.54,13.719,-15.760,1799.98
camera,1790490286.07,13.723,-15.760,1799.96
camera,1790490286.50,13.724,-15.760,1799.93
camera,1790490287.04,13.726,-15.760,1799.99
camera,1790490287.50,13.721,-15.760,1799.97
camera,1790490288.00,13.723,-15.760,1799.91
camera,1790490288.54,13.722,-15.760,1799.92
camera,1790490289.04,13.719,-15.760,1799.94
camera,1790490289.50,13.718,-15.760,1799.89
camera,1790490290.04,13.723,-15.760,1799.93
camera,1790490290.54,13.717,-15.761,1801.93
camera,1790490291.07,13.738,-15.756,1812.90
camera,1790490291.54,13.756,-15.747,1822.76
camera,1790490292.00,13.785,-15.726,1832.35
camera,1790490292.50,13.817,-15.692,1842.79
camera,1790490293.10,13.833,-15.664,1855.33
camera,1790490293.50,13.842,-15.664,1865.55
camera,1790490294.00,13.845,-15.644,1876.10
camera,1790490294.54,13.843,-15.609,1887.45
camera,1790490295.00,13.842,-15.608,1893.13
camera,1790490295.50,13.841,-15.597,1893.15
camera,1790490296.04,13.841,-15.595,1893.14
camera,1790490296.50,13.841,-15.602,1893.14
camera,1790490297.04,13.841,-15.599,1893.14
camera,1790490297.54,13.841,-15.603,1893.14
camera,1790490298.07,13.842,-15.607,1893.20
camera,1790490298.54,13.841,-15.604,1893.15
camera,1790490299.00,13.842,-15.605,1893.16
camera,1790490299.57,13.841,-15.599,1893.20
camera,1790490300.04,13.841,-15.600,1893.15
camera,1790490300.50,13.842,-15.604,1893.11
camera,1790490301.00,13.841,-15.602,1893.16
camera,1790490301.54,13.841,-15.601,1893.16
camera,1790490302.04,13.841,-15.602,1893.16
camera,1790490302.50,13.841,-15.599,1893.16
camera,1790490303.00,13.841,-15.596,1893.13
camera,1790490303.54,13.841,-15.608,1893.15
camera,1790490304.04,13.841,-15.597,1893.19
camera,1790490304.50,13.841,-15.606,1893.15
camera,1790490305.00,13.841,-15.596,1893.11
camera,1790490305.54,13.841,-15.601,1893.14
camera,1790490306.00,13.841,-15.605,1893.16
camera,1790490306.50,13.841,-15.603,1893.14
camera,1790490307.04,13.841,-15.602,1893.12
camera,1790490307.54,13.841,-15.610,1893.16
camera,1790490308.00,13.841,-15.607,1893.16
camera,1790490308.57,13.841,-15.605,1893.17
camera,1790490309.04,13.841,-15.601,1893.12
camera,1790490309.50,13.841,-15.600,1893.17
camera,1790490310.04,13.841,-15.606,1893.11
camera,1790490310.54,13.841,-15.607,1893.17
camera,1790490311.00,13.841,-15.605,1893.16
camera,1790490311.50,13.841,-15.606,1893.13
camera,1790490312.04,13.840,-15.593,1893.16
camera,1790490312.54,13.841,-15.605,1893.12
camera,1790490313.00,13.838,-15.558,1893.21
camera,1790490313.50,13.831,-15.431,1893.41
camera,1790490314.04,13.821,-15.276,1893.53
camera,1790490314.54,13.813,-15.143,1893.55
camera,1790490315.04,13.805,-15.011,1893.63
camera,1790490315.50,13.797,-14.897,1893.72
camera,1790490316.07,13.789,-14.770,1893.67
camera,1790490316.54,13.782,-14.663,1893.79
camera,1790490317.00,13.774,-14.552,1893.87
camera,1790490317.50,13.766,-14.437,1893.90
camera,1790490318.04,13.758,-14.322,1894.00
camera,1790490318.54,13.751,-14.218,1893.96
camera,1790490319.00,13.744,-14.114,1894.06
camera,1790490319.50,13.735,-13.998,1894.06
camera,1790490320.04,13.726,-13.877,1894.24
camera,1790490320.51,13.718,-13.765,1894.29
camera,1790490321.04,13.708,-13.633,1894.33
camera,1790490321.51,13.700,-13.525,1894.33
camera,1790490322.04,13.689,-13.384,1894.39
camera,1790490322.54,13.679,-13.261,1894.48
camera,1790490323.07,13.668,-13.129,1894.52
camera,1790490323.54,13.659,-13.010,1894.58
camera,1790490324.00,13.649,-12.892,1894.68
camera,1790490324.54,13.638,-12.765,1894.70
camera,1790490325.01,13.631,-12.669,1894.79
camera,1790490325.54,13.619,-12.527,1894.84
camera,1790490326.01,13.606,-12.393,1894.88
camera,1790490326.51,13.596,-12.274,1895.06
camera,1790490327.04,13.584,-12.137,1895.07
camera,1790490327.51,13.573,-12.012,1895.15
camera,1790490328.04,13.560,-11.876,1895.19
camera,1790490328.51,13.548,-11.739,1895.21
camera,1790490329.04,13.531,-11.566,1895.36
camera,1790490329.51,13.521,-11.457,1895.32
camera,1790490330.01,13.514,-11.334,1893.59
camera,1790490330.54,13.509,-11.199,1892.88
camera,1790490331.01,13.502,-11.064,1892.78
camera,1790490331.54,13.495,-10.905,1892.78
camera,1790490332.01,13.489,-10.788,1892.80
camera,1790490332.54,13.481,-10.632,1892.78
camera,1790490333.04,13.474,-10.495,1892.88
camera,1790490333.51,13.468,-10.373,1892.88
camera,1790490334.04,13.460,-10.216,1892.96
camera,1790490334.51,13.454,-10.095,1893.02
camera,1790490335.01,13.446,-9.955,1893.01
camera,1790490335.51,13.437,-9.802,1893.12
camera,1790490336.01,13.430,-9.673,1893.14
camera,1790490336.54,13.422,-9.523,1893.21
camera,1790490337.01,13.414,-9.383,1893.24
camera,1790490337.54,13.404,-9.221,1893.35
camera,1790490338.01,13.394,-9.041,1893.30
camera,1790490338.54,13.384,-8.869,1893.35
camera,1790490339.04,13.372,-8.692,1893.48
camera,1790490339.54,13.360,-8.506,1893.53
camera,1790490340.07,13.349,-8.306,1893.38
camera,1790490340.54,13.343,-8.137,1892.17
camera,1790490341.01,13.343,-7.951,1890.67
camera,1790490341.54,13.348,-7.768,1889.39
camera,1790490342.01,13.350,-7.581,1889.39
camera,1790490342.54,13.352,-7.384,1889.25
camera,1790490343.04,13.354,-7.204,1889.32
camera,1790490343.54,13.356,-7.006,1889.42
camera,1790490344.01,13.358,-6.836,1889.43
camera,1790490344.51,13.359,-6.646,1889.56
camera,1790490345.04,13.361,-6.462,1889.60
camera,1790490345.51,13.361,-6.319,1889.69
camera,1790490346.04,13.362,-6.127,1889.78
camera,1790490346.51,13.362,-5.949,1889.80
camera,1790490347.07,13.362,-5.739,1889.92
camera,1790490347.54,13.361,-5.560,1890.07
camera,1790490348.07,13.361,-5.360,1890.14
camera,1790490348.51,13.361,-5.221,1890.23
camera,1790490349.01,13.360,-5.045,1890.35
camera,1790490349.54,13.359,-4.845,1890.42
camera,1790490350.01,13.357,-4.662,1890.53
camera,1790490350.54,13.354,-4.462,1890.64
camera,1790490351.01,13.352,-4.300,1890.70
camera,1790490351.54,13.348,-4.099,1890.86
camera,1790490352.04,13.346,-3.924,1890.87
camera,1790490352.51,13.342,-3.752,1891.06
camera,1790490353.04,13.339,-3.565,1891.06
camera,1790490353.51,13.335,-3.392,1891.09
camera,1790490354.01,13.331,-3.217,1891.18
camera,1790490354.54,13.327,-3.029,1891.28
camera,1790490355.01,13.322,-2.853,1891.36
camera,1790490355.54,13.317,-2.652,1891.48
camera,1790490356.01,13.312,-2.476,1891.49
camera,1790490356.57,13.306,-2.273,1891.65
camera,1790490357.04,13.301,-2.109,1891.73
camera,1790490357.51,13.296,-1.934,1891.73
camera,1790490358.04,13.289,-1.741,1891.86
camera,1790490358.51,13.284,-1.581,1891.95
camera,1790490359.04,13.277,-1.410,1892.00
camera,1790490359.51,13.273,-1.290,1892.00
camera,1790490360.04,13.268,-1.172,1892.15
camera,1790490360.51,13.266,-1.106,1892.15
camera,1790490361.01,13.263,-1.030,1892.13
camera,1790490361.54,13.257,-0.896,1892.27
camera,1790490362.01,13.252,-0.768,1892.33
camera,1790490362.54,13.245,-0.595,1892.39
camera,1790490363.01,13.239,-0.446,1892.44
camera,1790490363.54,13.230,-0.264,1892.69
camera,1790490364.01,13.223,-0.110,1892.72
camera,1790490364.54,13.213,0.077,1892.82
camera,1790490365.01,13.205,0.240,1892.85
camera,1790490365.51,13.196,0.414,1892.92
camera,1790490366.04,13.186,0.597,1893.06
camera,1790490366.51,13.178,0.751,1893.03
camera,1790490367.04,13.168,0.926,1893.05
camera,1790490367.51,13.159,1.088,1893.17
camera,1790490368.04,13.149,1.262,1893.34
camera,1790490368.51,13.141,1.416,1893.31
camera,1790490369.01,13.131,1.577,1893.40
camera,1790490369.54,13.121,1.749,1893.44
camera,1790490370.01,13.111,1.910,1893.50
camera,1790490370.51,13.100,2.082,1893.56
camera,1790490371.01,13.089,2.252,1893.65
camera,1790490371.54,13.077,2.435,1893.71
camera,1790490372.01,13.067,2.594,1893.74
camera,1790490372.51,13.055,2.771,1893.80
camera,1790490373.04,13.041,2.963,1893.92
camera,1790490373.51,13.032,3.106,1894.02
camera,1790490374.01,13.018,3.288,1894.04
camera,1790490374.51,13.004,3.487,1894.11
camera,1790490375.01,12.992,3.654,1894.13
camera,1790490375.54,12.978,3.841,1894.29
camera,1790490376.01,12.964,4.011,1894.41
camera,1790490376.54,12.949,4.210,1894.44
camera,1790490377.01,12.937,4.366,1894.42
camera,1790490377.54,12.921,4.567,1894.56
camera,1790490378.01,12.908,4.725,1894.60
camera,1790490378.51,12.893,4.901,1894.70
camera,1790490379.04,12.878,5.084,1894.73
camera,1790490379.51,12.864,5.252,1894.84
camera,1790490380.04,12.848,5.431,1894.89
camera,1790490380.51,12.834,5.598,1894.99
camera,1790490381.01,12.819,5.766,1895.03
camera,1790490381.51,12.804,5.928,1895.14
camera,1790490382.01,12.788,6.107,1895.18
camera,1790490382.54,12.771,6.296,1895.21
camera,1790490383.01,12.757,6.442,1895.38
camera,1790490383.54,12.740,6.630,1895.42
camera,1790490384.01,12.724,6.795,1895.44
camera,1790490384.51,12.709,6.958,1895.45
camera,1790490385.04,12.690,7.143,1895.58
camera,1790490385.51,12.676,7.290,1895.67
camera,1790490386.04,12.657,7.480,1895.68
camera,1790490386.54,12.643,7.634,1895.44
camera,1790490387.01,12.630,7.792,1894.99
camera,1790490387.54,12.615,7.965,1894.92
camera,1790490388.01,12.600,8.133,1894.86
camera,1790490388.54,12.585,8.311,1894.94
camera,1790490389.04,12.573,8.441,1894.92
camera,1790490389.51,12.563,8.565,1894.92
camera,1790490390.04,12.552,8.693,1894.92
camera,1790490390.51,12.547,8.750,1894.99
camera,1790490391.04,12.546,8.755,1894.98
camera,1790490391.51,12.546,8.760,1894.98
camera,1790490392.01,12.546,8.754,1895.01
camera,1790490392.54,12.547,8.751,1895.00
camera,1790490393.01,12.546,8.752,1894.94
camera,1790490393.54,12.546,8.751,1893.22
camera,1790490394.04,12.545,8.738,1886.04
camera,1790490394.51,12.541,8.721,1879.63
camera,1790490395.04,12.539,8.715,1872.38
camera,1790490395.51,12.535,8.706,1865.61
camera,1790490396.04,12.526,8.693,1857.64
camera,1790490396.51,12.532,8.700,1850.46
camera,1790490402.14,13.370,9.834,1743.45
camera,1790490402.54,13.373,9.825,1736.10
camera,1790490403.04,13.375,9.819,1726.69
camera,1790490403.54,13.376,9.804,1717.50
camera,1790490404.04,13.375,9.796,1712.41
camera,1790490404.51,13.375,9.795,1712.45
camera,1790490405.04,13.375,9.791,1712.46
camera,1790490405.51,13.375,9.795,1712.47
camera,1790490406.04,13.375,9.799,1712.48
camera,1790490406.51,13.375,9.790,1712.38
camera,1790490407.04,13.380,9.670,1712.33
camera,1790490407.54,13.385,9.544,1712.26
camera,1790490408.01,13.389,9.417,1712.18
camera,1790490408.54,13.394,9.296,1712.15
camera,1790490409.01,13.399,9.170,1712.20
camera,1790490409.54,13.405,9.023,1712.22
camera,1790490410.01,13.410,8.885,1712.26
camera,1790490410.51,13.416,8.744,1712.36
camera,1790490411.01,13.422,8.593,1712.46
camera,1790490411.54,13.430,8.421,1712.53
camera,1790490412.01,13.437,8.280,1712.57
camera,1790490412.54,13.444,8.112,1712.65
camera,1790490413.04,13.453,7.950,1712.80
camera,1790490413.51,13.459,7.818,1712.84
camera,1790490414.04,13.468,7.638,1712.80
camera,1790490414.51,13.477,7.475,1712.96
camera,1790490415.04,13.486,7.306,1713.03
camera,1790490415.54,13.492,7.185,1713.00
camera,1790490416.04,13.502,7.018,1713.11
camera,1790490416.51,13.509,6.881,1713.23
camera,1790490417.01,13.518,6.737,1713.39
camera,1790490417.51,13.527,6.590,1713.32
camera,1790490418.01,13.537,6.437,1713.46
camera,1790490418.54,13.546,6.275,1713.53
camera,1790490419.01,13.555,6.130,1713.47
camera,1790490419.54,13.565,5.975,1713.53
camera,1790490420.01,13.574,5.837,1713.70
camera,1790490420.54,13.587,5.642,1713.69
camera,1790490421.04,13.597,5.481,1713.76
camera,1790490421.51,13.609,5.310,1713.82
camera,1790490422.04,13.621,5.126,1713.89
camera,1790490422.51,13.632,4.969,1714.01
camera,1790490423.04,13.645,4.792,1714.06
camera,1790490423.51,13.657,4.629,1714.16
camera,1790490424.04,13.671,4.440,1714.18
camera,1790490424.54,13.683,4.276,1714.25
camera,1790490425.04,13.696,4.100,1714.32
camera,1790490425.54,13.709,3.929,1714.37
camera,1790490426.01,13.722,3.768,1714.38
camera,1790490426.54,13.737,3.576,1714.50
camera,1790490427.01,13.750,3.412,1714.57
camera,1790490427.57,13.766,3.215,1714.63
camera,1790490428.01,13.778,3.067,1714.68
camera,1790490428.57,13.795,2.870,1714.72
camera,1790490429.04,13.808,2.712,1714.79
camera,1790490429.51,13.822,2.545,1714.84
camera,1790490430.04,13.838,2.361,1714.95
camera,1790490430.51,13.852,2.200,1714.98
camera,1790490431.04,13.868,2.019,1715.10
camera,1790490431.51,13.883,1.855,1715.09
camera,1790490432.01,13.898,1.689,1715.16
camera,1790490432.54,13.915,1.507,1715.27
camera,1790490433.01,13.930,1.347,1715.34
camera,1790490433.54,13.948,1.153,1715.41
camera,1790490434.01,13.964,0.981,1715.40
camera,1790490434.54,13.983,0.796,1715.52
camera,1790490435.01,13.997,0.652,1715.53
camera,1790490435.54,14.013,0.484,1715.61
camera,1790490436.04,14.029,0.324,1715.66
camera,1790490436.51,14.043,0.188,1715.69
camera,1790490437.04,14.050,0.118,1715.71
camera,1790490437.51,14.049,0.124,1715.74
camera,1790490438.04,14.049,0.111,1711.37
camera,1790490438.51,14.049,0.112,1696.72
camera,1790490439.01,14.038,0.097,1681.21
camera,1790490439.54,14.008,0.072,1665.92
camera,1790490440.01,13.976,0.057,1652.65
camera,1790490440.54,13.938,0.049,1637.56
camera,1790490441.04,13.904,0.048,1625.53
camera,1790490441.54,13.891,0.049,1624.08
camera,1790490442.04,13.807,0.044,1623.69
camera,1790490442.51,13.658,0.034,1623.76
camera,1790490443.04,13.462,0.021,1623.69
camera,1790490443.51,13.286,0.010,1623.75
camera,1790490444.04,13.094,-0.006,1624.48
camera,1790490444.51,12.921,-0.023,1625.49
camera,1790490445.04,12.733,-0.048,1626.91
camera,1790490445.51,12.560,-0.075,1628.24
camera,1790490446.07,12.362,-0.107,1628.78
camera,1790490446.54,12.192,-0.134,1628.99
camera,1790490447.01,12.013,-0.163,1629.08
camera,1790490447.54,11.828,-0.193,1629.28
camera,1790490448.01,11.652,-0.222,1629.36
camera,1790490448.54,11.467,-0.253,1629.46
camera,1790490449.01,11.292,-0.282,1629.50
camera,1790490449.51,11.102,-0.315,1629.65
camera,1790490450.04,10.909,-0.348,1629.76
camera,1790490450.51,10.730,-0.379,1629.75
camera,1790490451.04,10.539,-0.412,1629.89
camera,1790490451.51,10.372,-0.442,1630.00
camera,1790490452.04,10.172,-0.477,1630.02
camera,1790490452.51,10.007,-0.507,1630.11
camera,1790490453.04,9.834,-0.538,1630.26
camera,1790490453.51,9.668,-0.568,1630.20
camera,1790490454.04,9.471,-0.577,1624.44
camera,1790490454.54,9.297,-0.591,1624.49
camera,1790490455.01,9.116,-0.605,1624.51
camera,1790490455.54,8.910,-0.603,1620.60
camera,1790490456.01,8.737,-0.604,1620.46
camera,1790490456.81,8.434,-0.606,1620.42
camera,1790490457.01,8.352,-0.606,1620.37
camera,1790490457.54,8.151,-0.608,1620.49
camera,1790490458.04,7.976,-0.610,1620.59
camera,1790490458.51,7.811,-0.611,1620.59
camera,1790490459.04,7.623,-0.613,1620.69
camera,1790490459.61,7.426,-0.617,1620.86
camera,1790490460.01,7.260,-0.619,1620.90
camera,1790490460.54,7.063,-0.623,1620.97
camera,1790490461.04,6.878,-0.626,1621.00
camera,1790490461.51,6.700,-0.629,1621.02
camera,1790490462.04,6.504,-0.633,1621.12
camera,1790490462.54,6.330,-0.636,1621.17
camera,1790490463.01,6.155,-0.640,1621.28
camera,1790490463.54,5.997,-0.643,1621.40
camera,1790490464.01,5.815,-0.648,1621.49
camera,1790490464.54,5.648,-0.653,1621.57
camera,1790490465.04,5.448,-0.659,1621.62
camera,1790490465.51,5.268,-0.664,1621.67
camera,1790490466.04,5.085,-0.670,1621.78
camera,1790490466.51,4.895,-0.676,1621.87
camera,1790490467.07,4.686,-0.683,1621.85
camera,1790490467.54,4.512,-0.689,1621.95
camera,1790490468.01,4.326,-0.696,1622.04
camera,1790490468.54,4.135,-0.703,1622.14
camera,1790490469.01,3.942,-0.710,1622.18
camera,1790490469.51,3.758,-0.718,1622.23
camera,1790490470.01,3.564,-0.726,1622.34
camera,1790490470.51,3.379,-0.734,1622.53
camera,1790490471.04,3.164,-0.744,1622.55
camera,1790490471.54,2.973,-0.753,1622.66
camera,1790490472.01,2.792,-0.762,1622.73
camera,1790490472.54,2.583,-0.772,1622.81
camera,1790490473.04,2.391,-0.782,1622.89
camera,1790490473.51,2.207,-0.791,1622.92
camera,1790490474.01,2.017,-0.801,1622.99
camera,1790490474.54,1.799,-0.813,1623.05
camera,1790490475.01,1.621,-0.823,1623.12
camera,1790490475.54,1.417,-0.834,1623.08
camera,1790490476.04,1.224,-0.844,1623.17
camera,1790490476.54,1.034,-0.855,1623.20
camera,1790490477.04,0.842,-0.866,1623.30
camera,1790490477.54,0.656,-0.877,1623.22
camera,1790490478.01,0.475,-0.887,1623.38
camera,1790490478.51,0.281,-0.899,1623.42
camera,1790490479.01,0.091,-0.910,1623.31
camera,1790490479.54,-0.109,-0.923,1623.42
camera,1790490480.04,-0.281,-0.923,1620.87
camera,1790490480.51,-0.403,-0.925,1620.83
camera,1790490481.01,-0.545,-0.927,1620.83
camera,1790490481.54,-0.704,-0.929,1620.94
camera,1790490482.01,-0.827,-0.931,1620.90
camera,1790490482.51,-0.889,-0.932,1620.86
camera,1790490483.04,-0.886,-0.932,1620.77
camera,1790490483.54,-0.886,-0.932,1620.79
camera,1790490484.01,-0.886,-0.932,1620.72
camera,1790490484.54,-0.886,-0.932,1620.79
camera,1790490485.04,-0.888,-0.932,1620.83
camera,1790490485.51,-0.886,-0.932,1620.73
camera,1790490486.04,-0.886,-0.932,1620.78
camera,1790490486.51,-0.889,-0.932,1620.81
camera,1790490487.01,-0.886,-0.932,1620.82
camera,1790490487.54,-0.887,-0.932,1620.82
camera,1790490488.04,-0.887,-0.932,1620.86
camera,1790490488.51,-0.885,-0.932,1620.76
camera,1790490489.04,-0.886,-0.932,1620.83
camera,1790490489.54,-0.885,-0.932,1620.82
camera,1790490490.01,-0.885,-0.932,1620.80
camera,1790490490.54,-0.887,-0.932,1620.84
camera,1790490491.04,-0.888,-0.932,1620.77
camera,1790490491.51,-0.888,-0.932,1620.85
camera,1790490492.04,-0.887,-0.932,1620.78
camera,1790490492.51,-0.886,-0.932,1620.83
camera,1790490493.01,-0.887,-0.932,1620.78
camera,1790490493.54,-0.888,-0.932,1620.83
camera,1790490494.04,-0.887,-0.932,1620.78
camera,1790490494.51,-0.886,-0.932,1620.78
camera,1790490495.04,-0.885,-0.932,1620.78
camera,1790490495.51,-0.887,-0.933,1620.82
camera,1790490496.01,-0.886,-0.932,1620.81
camera,1790490496.54,-0.888,-0.933,1620.82
camera,1790490497.04,-0.886,-0.933,1620.83
camera,1790490497.51,-0.887,-0.933,1620.82
camera,1790490498.01,-0.889,-0.933,1620.81
camera,1790490498.54,-0.886,-0.933,1620.79
camera,1790490499.01,-0.885,-0.933,1620.80
camera,1790490499.51,-0.886,-0.933,1620.82
camera,1790490500.04,-0.886,-0.933,1620.79
camera,1790490500.54,-0.887,-0.933,1620.83
camera,1790490501.01,-0.888,-0.933,1620.83
camera,1790490501.54,-0.888,-0.933,1620.82
camera,1790490502.04,-0.888,-0.933,1620.86
camera,1790490502.51,-0.886,-0.933,1620.81
camera,1790490503.04,-0.888,-0.933,1620.82
camera,1790490503.51,-0.888,-0.933,1620.79
camera,1790490504.01,-0.888,-0.933,1620.91
camera,1790490504.54,-0.886,-0.933,1620.78
camera,1790490505.04,-0.886,-0.933,1620.80
camera,1790490505.51,-0.886,-0.933,1620.76
camera,1790490506.01,-0.888,-0.933,1620.74
camera,1790490506.54,-0.888,-0.933,1620.74
camera,1790490507.04,-0.886,-0.933,1620.80
camera,1790490507.51,-0.888,-0.933,1620.76
camera,1790490508.01,-0.886,-0.933,1620.66
camera,1790490508.51,-0.887,-0.933,1620.77
camera,1790490509.04,-0.887,-0.933,1620.81
camera,1790490509.54,-0.886,-0.933,1620.81
camera,1790490510.01,-0.886,-0.933,1620.75
camera,1790490510.54,-0.886,-0.933,1620.78
camera,1790490511.04,-0.886,-0.933,1620.81
camera,1790490511.51,-0.886,-0.933,1620.76
camera,1790490512.01,-0.887,-0.933,1620.83
camera,1790490512.54,-0.887,-0.933,1620.77
camera,1790490513.01,-0.887,-0.933,1620.88
camera,1790490513.51,-0.887,-0.933,1620.73
camera,1790490514.01,-0.887,-0.933,1620.77
camera,1790490514.57,-0.887,-0.933,1620.79
camera,1790490515.04,-0.886,-0.933,1620.88
camera,1790490515.51,-0.885,-0.933,1620.69
camera,1790490516.01,-0.886,-0.933,1620.80
camera,1790490516.51,-0.886,-0.933,1620.80
camera,1790490517.04,-0.886,-0.933,1620.81
camera,1790490517.54,-0.887,-0.933,1620.75
camera,1790490518.04,-0.887,-0.933,1620.87
camera,1790490518.51,-0.886,-0.933,1620.79
camera,1790490519.01,-0.885,-0.933,1620.75
camera,1790490519.54,-0.887,-0.933,1620.80
camera,1790490520.01,-0.887,-0.933,1620.79
camera,1790490520.54,-0.888,-0.933,1620.78
camera,1790490521.04,-0.887,-0.933,1620.80
camera,1790490521.51,-0.887,-0.933,1620.79
camera,1790490522.04,-0.886,-0.933,1620.76
camera,1790490522.54,-0.887,-0.933,1620.74
camera,1790490523.04,-0.886,-0.933,1620.80
camera,1790490523.54,-0.886,-0.933,1620.84
camera,1790490524.01,-0.887,-0.934,1620.74
camera,1790490524.54,-0.886,-0.934,1620.74
camera,1790490525.01,-0.888,-0.934,1620.85
camera,1790490525.54,-0.887,-0.934,1620.88
camera,1790490526.01,-0.889,-0.934,1620.80
camera,1790490526.51,-0.888,-0.934,1620.82
camera,1790490527.04,-0.887,-0.934,1620.79
camera,1790490527.54,-0.888,-0.934,1620.83
camera,1790490528.01,-0.886,-0.934,1620.81
camera,1790490528.54,-0.887,-0.934,1620.81
camera,1790490529.01,-0.886,-0.934,1620.73
camera,1790490529.54,-0.887,-0.934,1620.83
camera,1790490530.01,-0.886,-0.934,1620.77
camera,1790490530.51,-0.887,-0.934,1620.81
camera,1790490531.04,-0.888,-0.934,1620.78
camera,1790490531.51,-0.886,-0.934,1620.80
camera,1790490532.01,-0.885,-0.934,1620.80
camera,1790490532.51,-0.887,-0.934,1620.78
camera,1790490533.01,-0.887,-0.934,1620.82
camera,1790490533.54,-0.887,-0.934,1620.82
camera,1790490534.01,-0.887,-0.934,1620.83
camera,1790490534.54,-0.888,-0.934,1620.82
camera,1790490535.04,-0.887,-0.934,1620.82
camera,1790490535.51,-0.887,-0.934,1620.76
camera,1790490536.04,-0.886,-0.934,1620.87
camera,1790490536.51,-0.887,-0.934,1620.82
camera,1790490537.07,-0.887,-0.934,1620.79
camera,1790490537.54,-0.887,-0.934,1620.86
camera,1790490538.01,-0.886,-0.934,1620.74
camera,1790490538.54,-0.886,-0.934,1620.72
camera,1790490539.01,-0.885,-0.934,1620.79
camera,1790490539.51,-0.887,-0.934,1620.76
camera,1790490540.04,-0.887,-0.934,1620.81
camera,1790490540.51,-0.887,-0.934,1620.82
camera,1790490541.04,-0.886,-0.934,1620.85
camera,1790490541.54,-0.887,-0.934,1620.76
camera,1790490542.01,-0.886,-0.934,1620.84
camera,1790490542.54,-0.886,-0.934,1620.78
camera,1790490543.01,-0.885,-0.934,1620.83
camera,1790490543.51,-0.887,-0.935,1620.84
camera,1790490544.04,-0.886,-0.935,1620.80
camera,1790490544.51,-0.886,-0.935,1620.84
camera,1790490545.01,-0.888,-0.935,1620.72
camera,1790490545.54,-0.887,-0.935,1620.78
camera,1790490546.04,-0.887,-0.935,1620.78
camera,1790490546.51,-0.887,-0.935,1620.78
camera,1790490547.04,-0.888,-0.935,1620.80
camera,1790490547.51,-0.887,-0.935,1620.84
camera,1790490548.04,-0.886,-0.935,1620.84
camera,1790490548.51,-0.889,-0.935,1620.80
camera,1790490549.01,-0.888,-0.935,1620.86
camera,1790490549.54,-0.887,-0.935,1620.82
camera,1790490550.01,-0.886,-0.935,1620.74
camera,1790490550.51,-0.884,-0.935,1620.85
camera,1790490551.04,-0.886,-0.935,1620.78
camera,1790490551.51,-0.888,-0.935,1620.79
camera,1790490552.04,-0.888,-0.935,1620.80
camera,1790490552.51,-0.887,-0.935,1620.80
camera,1790490553.01,-0.888,-0.935,1620.76
camera,1790490553.51,-0.887,-0.935,1620.78
camera,1790490554.01,-0.887,-0.935,1620.79
camera,1790490554.54,-0.887,-0.935,1620.84
camera,1790490555.04,-0.886,-0.935,1620.79
camera,1790490555.51,-0.887,-0.935,1620.86
camera,1790490556.04,-0.888,-0.935,1620.86
camera,1790490556.51,-0.887,-0.935,1620.77
camera,1790490557.01,-0.886,-0.935,1620.80
camera,1790490557.54,-0.889,-0.935,1620.86
camera,1790490558.01,-0.886,-0.935,1620.80
camera,1790490558.54,-0.887,-0.935,1620.77
camera,1790490559.04,-0.885,-0.935,1620.73
camera,1790490559.51,-0.888,-0.935,1620.79
camera,1790490560.07,-0.887,-0.935,1620.80
camera,1790490560.54,-0.888,-0.935,1620.76
camera,1790490561.01,-0.886,-0.935,1620.75
camera,1790490561.54,-0.888,-0.935,1620.78
camera,1790490562.01,-0.887,-0.935,1620.91
camera,1790490562.51,-0.884,-0.935,1620.78
camera,1790490563.04,-0.888,-0.935,1620.78
camera,1790490563.54,-0.888,-0.935,1620.85
camera,1790490564.01,-0.887,-0.935,1620.78
camera,1790490564.54,-0.888,-0.935,1620.79
camera,1790490565.01,-0.886,-0.935,1620.78
camera,1790490565.57,-0.887,-0.935,1620.75
camera,1790490566.04,-0.887,-0.935,1620.83
camera,1790490566.51,-0.887,-0.935,1620.83
camera,1790490567.04,-0.886,-0.935,1620.80
camera,1790490567.51,-0.887,-0.935,1620.80
camera,1790490568.04,-0.887,-0.935,1620.81
camera,1790490568.51,-0.886,-0.935,1620.78
camera,1790490569.01,-0.888,-0.935,1620.84
camera,1790490569.54,-0.889,-0.936,1620.82
camera,1790490570.01,-0.885,-0.936,1620.75
camera,1790490570.51,-0.887,-0.936,1620.78
camera,1790490571.04,-0.886,-0.936,1620.87
camera,1790490571.51,-0.887,-0.936,1620.67
camera,1790490572.04,-0.887,-0.936,1620.74
camera,1790490572.51,-0.888,-0.936,1620.81
camera,1790490573.01,-0.887,-0.936,1620.85
camera,1790490573.54,-0.888,-0.936,1620.76
camera,1790490574.01,-0.886,-0.936,1620.75
camera,1790490574.54,-0.887,-0.936,1620.84
camera,1790490575.01,-0.886,-0.936,1620.75
camera,1790490575.54,-0.887,-0.936,1620.86
camera,1790490576.04,-0.887,-0.936,1620.86
camera,1790490576.51,-0.888,-0.936,1620.84
camera,1790490577.04,-0.887,-0.936,1620.75
camera,1790490577.51,-0.886,-0.936,1620.73
camera,1790490578.07,-0.887,-0.936,1620.80
camera,1790490578.54,-0.885,-0.936,1620.80
camera,1790490579.01,-0.886,-0.936,1620.80
camera,1790490579.54,-0.887,-0.936,1620.80
camera,1790490580.04,-0.887,-0.936,1620.79
camera,1790490580.51,-0.888,-0.936,1620.86
camera,1790490581.04,-0.887,-0.936,1620.78
camera,1790490581.51,-0.888,-0.936,1620.82
camera,1790490582.04,-0.886,-0.936,1620.83
camera,1790490582.51,-0.886,-0.936,1620.82
camera,1790490583.07,-0.888,-0.936,1620.83
camera,1790490583.54,-0.887,-0.936,1620.85
camera,1790490584.01,-0.886,-0.936,1620.76
camera,1790490584.51,-0.888,-0.936,1620.75
camera,1790490585.04,-0.888,-0.936,1620.80
camera,1790490585.54,-0.886,-0.936,1620.81
camera,1790490586.01,-0.887,-0.936,1620.77
camera,1790490586.54,-0.885,-0.936,1620.83
camera,1790490587.01,-0.888,-0.936,1620.86
camera,1790490587.54,-0.886,-0.936,1620.83
camera,1790490588.01,-0.888,-0.936,1620.75
camera,1790490588.51,-0.886,-0.936,1620.74
camera,1790490589.04,-0.888,-0.936,1620.80
camera,1790490589.51,-0.886,-0.936,1620.82
camera,1790490590.01,-0.886,-0.936,1620.83
camera,1790490590.54,-0.886,-0.936,1620.79
camera,1790490591.01,-0.888,-0.936,1621.72
camera,1790490591.54,-0.872,-0.930,1635.69
camera,1790490592.01,-0.868,-0.926,1649.49
camera,1790490592.54,-0.862,-0.920,1664.31
camera,1790490593.01,-0.865,-0.928,1677.09
camera,1790490593.54,-0.867,-0.934,1692.29
camera,1790490594.04,-0.866,-0.966,1706.57
camera,1790490594.54,-0.861,-0.997,1720.80
camera,1790490595.04,-0.824,-1.061,1734.85
camera,1790490596.31,-1.744,-0.817,1767.66
camera,1790490596.51,-1.746,-0.816,1773.52
camera,1790490597.04,-1.736,-0.817,1789.19
camera,1790490597.51,-1.727,-0.818,1791.87
camera,1790490598.04,-1.727,-0.818,1791.94
camera,1790490598.51,-1.732,-0.818,1793.55
camera,1790490599.04,-1.735,-0.818,1793.57
camera,1790490599.54,-1.731,-0.818,1793.59
camera,1790490600.01,-1.733,-0.818,1793.60
camera,1790490600.54,-1.733,-0.818,1793.54
camera,1790490601.01,-1.736,-0.818,1793.56
camera,1790490601.51,-1.731,-0.818,1793.57
camera,1790490602.04,-1.735,-0.818,1793.53
camera,1790490602.51,-1.734,-0.818,1793.56
camera,1790490603.04,-1.730,-0.819,1793.55
camera,1790490603.54,-1.736,-0.818,1793.56
camera,1790490604.01,-1.733,-0.818,1793.52
camera,1790490604.57,-1.732,-0.818,1793.54
camera,1790490605.01,-1.734,-0.818,1793.54
camera,1790490605.51,-1.731,-0.818,1793.54
camera,1790490606.04,-1.732,-0.818,1793.58
camera,1790490606.57,-1.734,-0.818,1793.55
camera,1790490607.04,-1.734,-0.818,1793.54
camera,1790490607.51,-1.735,-0.818,1793.54
camera,1790490608.07,-1.729,-0.819,1793.57
camera,1790490608.54,-1.731,-0.818,1793.55
camera,1790490609.01,-1.728,-0.816,1801.40
camera,1790490609.54,-1.721,-0.816,1801.30
camera,1790490610.01,-1.704,-0.816,1801.34
camera,1790490610.57,-1.630,-0.814,1801.46
camera,1790490611.04,-1.573,-0.816,1798.21
camera,1790490611.51,-1.559,-0.818,1796.31
camera,1790490612.01,-1.597,-0.815,1796.19
camera,1790490612.51,-1.648,-0.812,1796.08
camera,1790490613.07,-1.715,-0.807,1796.06
camera,1790490613.61,-1.786,-0.802,1796.00
camera,1790490614.11,-1.857,-0.797,1795.93
camera,1790490614.51,-1.914,-0.793,1795.91
camera,1790490615.04,-1.931,-0.792,1795.94
camera,1790490615.51,-1.925,-0.792,1795.95
camera,1790490616.11,-1.927,-0.792,1795.93
camera,1790490616.51,-1.922,-0.792,1795.96
camera,1790490617.01,-1.926,-0.792,1795.94
camera,1790490617.54,-1.922,-0.792,1795.95
camera,1790490618.11,-1.929,-0.792,1795.93
camera,1790490618.51,-1.926,-0.792,1795.95
camera,1790490619.11,-1.924,-0.792,1795.92
camera,1790490619.57,-1.927,-0.792,1795.95
camera,1790490620.04,-1.926,-0.792,1795.94
camera,1790490620.57,-1.927,-0.792,1795.92
camera,1790490621.11,-1.924,-0.792,1795.96
camera,1790490621.51,-1.925,-0.792,1795.93
camera,1790490622.04,-1.925,-0.792,1795.94
camera,1790490622.54,-1.923,-0.792,1795.95
camera,1790490623.01,-1.929,-0.792,1795.97
camera,1790490623.54,-1.929,-0.792,1795.95
camera,1790490624.04,-1.928,-0.792,1795.93
camera,1790490624.51,-1.930,-0.792,1795.94
camera,1790490625.04,-1.926,-0.792,1795.95
camera,1790490625.51,-1.928,-0.792,1795.93
camera,1790490626.11,-1.928,-0.792,1795.95
camera,1790490626.54,-1.928,-0.792,1795.99
camera,1790490627.01,-1.927,-0.792,1795.94
camera,1790490627.54,-1.928,-0.792,1795.92
camera,1790490628.07,-1.925,-0.792,1795.96
camera,1790490628.64,-1.922,-0.792,1795.91
camera,1790490629.11,-1.925,-0.792,1795.94
camera,1790490629.51,-1.924,-0.792,1795.91
camera,1790490630.04,-1.927,-0.792,1795.94
camera,1790490630.51,-1.925,-0.792,1795.93
camera,1790490631.04,-1.923,-0.792,1795.95
camera,1790490631.61,-1.928,-0.792,1795.93
camera,1790490632.01,-1.929,-0.792,1795.93
camera,1790490632.61,-1.925,-0.792,1795.93
camera,1790490633.01,-1.925,-0.792,1795.91
camera,1790490633.57,-1.931,-0.791,1795.97
camera,1790490634.04,-1.929,-0.792,1795.97
camera,1790490634.54,-1.932,-0.791,1795.94
camera,1790490635.07,-1.927,-0.792,1795.93
camera,1790490635.54,-1.923,-0.792,1795.94
camera,1790490636.01,-1.928,-0.792,1796.01
camera,1790490636.51,-1.925,-0.792,1795.92
camera,1790490637.11,-1.929,-0.792,1795.93
camera,1790490637.51,-1.928,-0.792,1795.97
camera,1790490638.04,-1.930,-0.791,1795.97
camera,1790490638.51,-1.928,-0.792,1795.94
camera,1790490639.11,-1.927,-0.792,1795.97
camera,1790490639.54,-1.926,-0.792,1795.98
camera,1790490640.07,-1.929,-0.792,1795.95
camera,1790490640.54,-1.930,-0.791,1795.93
camera,1790490641.01,-1.927,-0.792,1795.95
camera,1790490641.54,-1.926,-0.792,1795.94
camera,1790490642.07,-1.927,-0.792,1795.95
camera,1790490642.61,-1.928,-0.792,1795.93
camera,1790490643.11,-1.927,-0.792,1795.96
camera,1790490643.57,-1.927,-0.792,1795.96
camera,1790490644.04,-1.926,-0.792,1795.96
camera,1790490644.57,-1.930,-0.792,1795.94
camera,1790490645.04,-1.928,-0.792,1795.94
camera,1790490645.57,-1.927,-0.792,1795.97
camera,1790490646.01,-1.926,-0.792,1795.98
camera,1790490646.61,-1.925,-0.792,1795.95
camera,1790490647.07,-1.925,-0.792,1795.92
camera,1790490647.51,-1.927,-0.792,1795.94
camera,1790490648.11,-1.927,-0.792,1795.94
camera,1790490648.54,-1.928,-0.792,1795.96
camera,1790490649.07,-1.927,-0.792,1795.96
camera,1790490649.54,-1.926,-0.792,1795.99
camera,1790490650.07,-1.928,-0.792,1795.95
camera,1790490650.54,-1.928,-0.792,1795.92
camera,1790490651.11,-1.926,-0.792,1795.96
camera,1790490651.51,-1.927,-0.792,1795.94
camera,1790490652.04,-1.928,-0.792,1795.95
camera,1790490652.51,-1.928,-0.792,1795.94
camera,1790490653.04,-1.928,-0.792,1795.98
camera,1790490653.51,-1.927,-0.792,1795.96
camera,1790490654.04,-1.927,-0.792,1795.99
camera,1790490654.61,-1.929,-0.792,1795.96
camera,1790490655.07,-1.930,-0.791,1795.99
camera,1790490655.61,-1.930,-0.791,1795.96
camera,1790490656.01,-1.927,-0.792,1795.95
camera,1790490656.54,-1.930,-0.791,1795.95
camera,1790490657.07,-1.930,-0.792,1795.93
camera,1790490657.61,-1.929,-0.792,1795.98
camera,1790490658.01,-1.929,-0.792,1795.96
camera,1790490658.54,-1.929,-0.792,1795.96
camera,1790490659.07,-1.930,-0.792,1795.98
camera,1790490659.64,-1.925,-0.792,1795.95
camera,1790490660.04,-1.923,-0.792,1795.99
camera,1790490660.57,-1.930,-0.792,1795.98
camera,1790490661.11,-1.929,-0.792,1795.95
camera,1790490661.51,-1.928,-0.792,1795.94
camera,1790490662.04,-1.931,-0.791,1795.95
camera,1790490662.57,-1.933,-0.791,1795.95
camera,1790490663.01,-1.930,-0.791,1795.96
camera,1790490663.54,-1.928,-0.792,1795.94
camera,1790490664.11,-1.926,-0.792,1795.91
camera,1790490664.51,-1.930,-0.791,1795.93
camera,1790490665.04,-1.927,-0.792,1795.95
camera,1790490665.57,-1.927,-0.792,1795.96
camera,1790490666.11,-1.929,-0.792,1795.93
camera,1790490666.54,-1.928,-0.792,1795.94
camera,1790490667.11,-1.931,-0.791,1795.96
camera,1790490667.51,-1.928,-0.792,1795.96
camera,1790490668.01,-1.931,-0.791,1795.92
camera,1790490668.57,-1.929,-0.792,1795.95
camera,1790490669.11,-1.929,-0.792,1795.95
camera,1790490669.51,-1.928,-0.792,1795.96
camera,1790490670.04,-1.928,-0.792,1795.96
camera,1790490670.57,-1.932,-0.791,1795.95
camera,1790490671.11,-1.926,-0.792,1795.95
camera,1790490671.51,-1.928,-0.792,1795.96
camera,1790490672.07,-1.934,-0.791,1796.01
camera,1790490672.51,-1.930,-0.791,1795.98
camera,1790490673.04,-1.928,-0.792,1795.96
camera,1790490673.57,-1.927,-0.792,1796.01
camera,1790490674.11,-1.928,-0.792,1795.95
camera,1790490674.51,-1.928,-0.792,1795.98
camera,1790490675.11,-1.930,-0.791,1795.99
camera,1790490675.51,-1.931,-0.791,1795.97
camera,1790490676.07,-1.929,-0.792,1795.99
camera,1790490676.61,-1.931,-0.791,1795.96
camera,1790490677.01,-1.930,-0.792,1795.96
camera,1790490677.54,-1.924,-0.792,1795.93
camera,1790490678.07,-1.927,-0.792,1795.93
camera,1790490678.61,-1.921,-0.792,1795.94
camera,1790490679.01,-1.932,-0.791,1795.95
camera,1790490679.54,-1.927,-0.792,1795.97
camera,1790490680.11,-1.929,-0.792,1796.02
camera,1790490680.51,-1.925,-0.792,1795.98
