# each path moved to start at (0,0) facing +x; tracking alone (odometry); time = epoch s; source ~/.run_records/s2_static_04/fusion.bag (/fused/odometry, /robot/ekf_odom, /rtabmap/odom, /robot/wheel_odom)
source,t,x,y,heading_deg
blend,1790397861.33,0.000,0.000,0.00
blend,1790397861.54,0.002,0.000,0.00
blend,1790397862.00,0.002,0.000,-0.00
blend,1790397862.52,0.002,0.000,-0.00
blend,1790397863.04,0.002,0.000,-0.00
blend,1790397863.50,0.005,-0.000,0.00
blend,1790397864.02,0.006,-0.000,0.00
blend,1790397864.54,0.006,-0.000,-0.01
blend,1790397865.01,0.006,-0.000,-0.02
blend,1790397865.53,0.004,-0.000,-0.01
blend,1790397866.04,0.004,-0.000,-0.01
blend,1790397866.51,0.004,-0.000,-0.00
blend,1790397867.01,0.005,-0.000,-0.01
blend,1790397867.50,0.004,-0.000,-0.01
blend,1790397868.01,0.005,-0.000,-0.01
blend,1790397868.53,0.004,0.000,-0.01
blend,1790397869.01,0.004,-0.000,-0.00
blend,1790397869.51,0.003,-0.000,-0.00
blend,1790397870.04,0.003,-0.000,-0.01
blend,1790397870.50,0.003,-0.000,-0.01
blend,1790397871.02,0.003,-0.000,-0.01
blend,1790397871.54,0.003,-0.000,-0.01
blend,1790397872.00,0.003,-0.000,-0.01
blend,1790397872.52,0.005,0.000,-0.00
blend,1790397873.01,0.005,0.000,0.00
blend,1790397873.51,0.004,0.000,0.00
blend,1790397874.03,0.005,0.000,0.00
blend,1790397874.54,0.005,-0.000,0.01
blend,1790397875.01,0.006,0.000,0.01
blend,1790397875.53,0.006,-0.000,0.00
blend,1790397876.01,0.006,-0.000,-0.01
blend,1790397876.51,0.007,-0.000,-0.01
blend,1790397877.04,0.006,-0.000,-0.00
blend,1790397877.55,0.005,-0.000,0.00
blend,1790397878.04,0.004,-0.000,0.00
blend,1790397878.54,0.004,-0.000,0.01
blend,1790397879.00,0.005,-0.000,0.01
blend,1790397879.52,0.004,-0.000,0.01
blend,1790397880.04,0.005,-0.000,0.00
blend,1790397880.51,0.006,-0.000,0.01
blend,1790397881.02,0.006,-0.000,0.01
blend,1790397881.54,0.008,-0.000,0.01
blend,1790397882.01,0.008,-0.000,0.00
blend,1790397882.54,0.008,-0.000,0.01
blend,1790397883.00,0.010,-0.000,0.01
blend,1790397883.51,0.009,-0.000,0.02
blend,1790397884.03,0.009,-0.000,0.03
blend,1790397884.51,0.012,-0.000,0.02
blend,1790397885.01,0.011,-0.000,0.02
blend,1790397885.53,0.010,-0.000,0.03
blend,1790397886.05,0.010,-0.000,0.01
blend,1790397886.52,0.009,-0.000,0.01
blend,1790397887.04,0.010,-0.000,0.02
blend,1790397887.50,0.011,-0.000,0.02
blend,1790397888.02,0.011,-0.000,0.02
blend,1790397888.54,0.013,-0.000,0.02
blend,1790397889.00,0.012,-0.000,0.02
blend,1790397889.52,0.013,-0.000,0.02
blend,1790397890.04,0.013,-0.000,0.02
blend,1790397890.51,0.011,-0.000,0.02
blend,1790397891.03,0.011,-0.000,0.03
blend,1790397891.55,0.011,-0.000,0.03
blend,1790397892.01,0.013,-0.000,0.03
blend,1790397892.53,0.012,-0.000,0.04
blend,1790397893.01,0.013,-0.000,0.04
blend,1790397893.52,0.013,-0.000,0.04
blend,1790397894.03,0.016,-0.000,0.03
blend,1790397894.50,0.015,-0.000,0.03
blend,1790397895.02,0.016,-0.000,0.03
blend,1790397895.54,0.017,-0.000,0.03
blend,1790397896.00,0.017,-0.000,0.03
blend,1790397896.52,0.018,-0.000,0.02
blend,1790397897.00,0.016,-0.000,0.01
blend,1790397897.51,0.016,-0.000,0.01
blend,1790397898.03,0.018,-0.000,0.01
blend,1790397898.55,0.019,-0.000,0.00
blend,1790397899.01,0.019,-0.000,0.01
blend,1790397899.53,0.021,-0.000,0.01
blend,1790397900.00,0.020,-0.000,0.01
blend,1790397900.51,0.021,-0.000,0.00
blend,1790397901.01,0.020,-0.000,0.00
blend,1790397901.50,0.019,-0.000,0.00
blend,1790397902.01,0.018,-0.000,-0.00
blend,1790397902.53,0.018,-0.000,-0.00
blend,1790397903.00,0.017,-0.000,-0.00
blend,1790397903.52,0.017,-0.000,-0.01
blend,1790397904.04,0.017,-0.000,-0.01
blend,1790397904.50,0.017,-0.000,-0.01
blend,1790397905.02,0.016,-0.000,-0.01
blend,1790397905.51,0.016,-0.000,-0.00
blend,1790397906.01,0.015,-0.000,-0.01
blend,1790397906.53,0.015,-0.000,-0.02
blend,1790397907.00,0.015,-0.000,-0.02
blend,1790397907.51,0.016,-0.000,-0.03
blend,1790397908.03,0.016,-0.000,-0.02
blend,1790397908.55,0.017,-0.000,-0.02
blend,1790397909.02,0.017,-0.000,-0.02
blend,1790397909.53,0.015,-0.000,-0.02
blend,1790397910.00,0.015,-0.000,-0.03
blend,1790397910.52,0.014,-0.000,-0.02
blend,1790397911.04,0.014,-0.000,-0.02
blend,1790397911.50,0.013,-0.000,-0.02
blend,1790397912.02,0.014,-0.000,-0.03
blend,1790397912.51,0.014,-0.000,-0.03
blend,1790397913.01,0.013,-0.000,-0.04
blend,1790397913.53,0.014,-0.000,-0.04
blend,1790397914.04,0.015,-0.000,-0.04
blend,1790397914.51,0.015,-0.000,-0.04
blend,1790397915.03,0.016,-0.000,-0.04
blend,1790397915.55,0.016,-0.000,-0.04
blend,1790397916.01,0.017,-0.000,-0.04
blend,1790397916.53,0.016,-0.000,-0.04
blend,1790397917.00,0.017,-0.000,-0.05
blend,1790397917.52,0.015,-0.000,-0.05
blend,1790397918.04,0.016,-0.000,-0.04
blend,1790397918.50,0.016,-0.000,-0.04
blend,1790397919.02,0.016,-0.000,-0.04
blend,1790397919.54,0.017,-0.000,-0.04
blend,1790397920.01,0.017,-0.000,-0.04
blend,1790397920.53,0.017,-0.000,-0.04
blend,1790397921.01,0.016,-0.000,-0.03
blend,1790397921.51,0.017,-0.000,-0.03
blend,1790397922.03,0.017,-0.000,-0.03
blend,1790397922.51,0.017,-0.000,-0.03
blend,1790397923.01,0.017,-0.000,-0.03
blend,1790397923.53,0.018,-0.000,-0.03
blend,1790397924.01,0.018,-0.000,-0.03
blend,1790397924.52,0.017,-0.000,-0.03
blend,1790397925.03,0.017,-0.000,-0.02
blend,1790397925.50,0.016,-0.000,-0.02
blend,1790397926.02,0.018,-0.000,-0.03
blend,1790397926.54,0.018,-0.000,-0.02
blend,1790397927.01,0.019,-0.000,-0.01
blend,1790397927.52,0.019,-0.000,-0.01
blend,1790397928.00,0.017,-0.000,-0.01
blend,1790397928.51,0.021,-0.000,-0.03
blend,1790397929.03,0.050,-0.000,0.03
blend,1790397929.50,0.129,0.000,0.10
blend,1790397930.01,0.224,0.000,0.11
blend,1790397930.53,0.330,0.000,0.18
blend,1790397931.00,0.426,0.001,0.22
blend,1790397931.52,0.537,0.001,0.25
blend,1790397932.04,0.644,0.002,0.30
blend,1790397932.50,0.735,0.002,0.33
blend,1790397933.02,0.834,0.003,0.40
blend,1790397933.50,0.951,0.004,0.41
blend,1790397934.01,1.073,0.005,0.48
blend,1790397934.53,1.187,0.006,0.55
blend,1790397935.01,1.296,0.007,0.56
blend,1790397935.51,1.407,0.008,0.61
blend,1790397936.03,1.517,0.009,0.68
blend,1790397936.51,1.636,0.011,0.73
blend,1790397937.01,1.756,0.012,0.81
blend,1790397937.54,1.879,0.014,0.83
blend,1790397938.01,1.990,0.016,0.88
blend,1790397938.52,2.112,0.018,0.94
blend,1790397939.04,2.233,0.020,0.93
blend,1790397939.51,2.341,0.021,0.99
blend,1790397940.02,2.464,0.024,1.03
blend,1790397940.50,2.573,0.025,1.02
blend,1790397941.01,2.691,0.028,1.12
blend,1790397941.53,2.814,0.030,1.14
blend,1790397942.01,2.937,0.033,1.22
blend,1790397942.51,3.052,0.036,1.29
blend,1790397943.04,3.194,0.039,1.33
blend,1790397943.51,3.304,0.042,1.34
blend,1790397944.02,3.422,0.044,1.38
blend,1790397944.54,3.552,0.048,1.46
blend,1790397945.00,3.673,0.051,1.45
blend,1790397945.52,3.813,0.054,1.51
blend,1790397946.04,3.962,0.059,1.56
blend,1790397946.51,4.083,0.062,1.66
blend,1790397947.02,4.225,0.067,1.72
blend,1790397947.50,4.365,0.071,1.76
blend,1790397948.01,4.516,0.076,1.79
blend,1790397948.53,4.670,0.081,1.84
blend,1790397949.01,4.810,0.085,1.89
blend,1790397949.52,4.958,0.090,1.92
blend,1790397950.03,5.113,0.096,2.03
blend,1790397950.50,5.248,0.100,2.07
blend,1790397951.02,5.402,0.106,2.15
blend,1790397951.54,5.548,0.112,2.25
blend,1790397952.01,5.683,0.117,2.26
blend,1790397952.53,5.836,0.123,2.35
blend,1790397953.05,5.991,0.130,2.40
blend,1790397953.51,6.120,0.135,2.48
blend,1790397954.03,6.275,0.142,2.51
blend,1790397954.55,6.427,0.149,2.56
blend,1790397955.02,6.558,0.155,2.60
blend,1790397955.54,6.712,0.162,2.65
blend,1790397956.00,6.856,0.169,2.71
blend,1790397956.52,7.018,0.176,2.74
blend,1790397957.04,7.173,0.184,2.81
blend,1790397957.51,7.311,0.191,2.86
blend,1790397958.02,7.463,0.199,2.92
blend,1790397958.50,7.599,0.206,2.92
blend,1790397959.01,7.754,0.214,2.97
blend,1790397959.53,7.908,0.222,3.06
blend,1790397960.01,8.050,0.230,3.12
blend,1790397960.52,8.202,0.238,3.14
blend,1790397961.03,8.356,0.247,3.18
blend,1790397961.50,8.496,0.254,3.24
blend,1790397962.02,8.645,0.263,3.31
blend,1790397962.54,8.800,0.272,3.34
blend,1790397963.01,8.943,0.281,3.41
blend,1790397963.53,9.102,0.290,3.48
blend,1790397964.05,9.268,0.301,3.57
blend,1790397964.51,9.415,0.310,3.61
blend,1790397965.04,9.592,0.321,3.61
blend,1790397965.50,9.749,0.331,3.72
blend,1790397966.02,9.925,0.343,3.73
blend,1790397966.50,10.087,0.354,3.80
blend,1790397967.01,10.261,0.366,3.91
blend,1790397967.53,10.442,0.379,3.99
blend,1790397968.05,10.614,0.391,4.06
blend,1790397968.51,10.776,0.403,4.11
blend,1790397969.03,10.938,0.414,4.15
blend,1790397969.55,11.009,0.419,4.17
blend,1790397970.02,11.010,0.420,4.16
blend,1790397970.54,11.012,0.420,4.15
blend,1790397971.01,11.011,0.420,4.14
blend,1790397971.54,11.012,0.420,4.14
blend,1790397972.05,11.013,0.420,4.16
blend,1790397972.51,11.013,0.420,4.16
blend,1790397973.03,11.014,0.420,4.17
blend,1790397973.55,11.013,0.420,4.17
blend,1790397974.01,11.014,0.420,4.16
blend,1790397974.53,11.013,0.420,4.18
blend,1790397975.05,11.013,0.420,3.91
blend,1790397975.52,11.019,0.420,-1.87
blend,1790397976.04,11.017,0.420,-9.31
blend,1790397976.50,11.016,0.420,-15.97
blend,1790397977.02,11.019,0.419,-23.35
blend,1790397977.53,11.024,0.415,-30.70
blend,1790397978.04,11.029,0.411,-37.98
blend,1790397978.51,11.032,0.408,-44.31
blend,1790397979.01,11.033,0.407,-51.57
blend,1790397979.52,11.039,0.398,-58.72
blend,1790397980.03,11.045,0.386,-65.81
blend,1790397980.53,11.043,0.390,-72.94
blend,1790397981.00,11.044,0.389,-79.52
blend,1790397981.50,11.044,0.389,-86.48
blend,1790397982.01,11.044,0.388,-88.07
blend,1790397982.53,11.044,0.388,-88.04
blend,1790397983.04,11.044,0.388,-88.03
blend,1790397983.51,11.044,0.388,-88.02
blend,1790397984.01,11.044,0.388,-88.01
blend,1790397984.52,11.044,0.388,-88.01
blend,1790397985.03,11.044,0.388,-88.01
blend,1790397985.51,11.043,0.412,-88.22
blend,1790397986.01,11.041,0.472,-88.23
blend,1790397986.52,11.039,0.533,-88.31
blend,1790397987.03,11.037,0.592,-88.37
blend,1790397987.50,11.037,0.619,-88.26
blend,1790397988.01,11.037,0.619,-88.25
blend,1790397988.52,11.037,0.619,-88.24
blend,1790397989.03,11.037,0.619,-88.23
blend,1790397989.55,11.037,0.619,-88.23
blend,1790397990.00,11.037,0.619,-88.23
blend,1790397990.51,11.037,0.619,-88.23
blend,1790397991.03,11.037,0.619,-88.23
blend,1790397991.54,11.037,0.619,-88.23
blend,1790397992.01,11.037,0.619,-88.23
blend,1790397992.51,11.037,0.619,-88.22
blend,1790397993.02,11.037,0.619,-88.22
blend,1790397993.53,11.037,0.619,-94.00
blend,1790397994.05,11.037,0.620,-104.25
blend,1790397994.51,11.037,0.619,-113.42
blend,1790397995.03,11.036,0.618,-123.83
blend,1790397995.51,11.037,0.619,-133.46
blend,1790397996.01,11.036,0.619,-143.19
blend,1790397996.52,11.011,0.606,-153.23
blend,1790397997.04,11.003,0.604,-163.49
blend,1790397997.55,10.991,0.603,-173.59
blend,1790397998.02,10.979,0.604,-181.50
blend,1790397998.53,10.980,0.604,-181.28
blend,1790397999.00,10.979,0.604,-181.26
blend,1790397999.52,10.980,0.604,-181.23
blend,1790398000.03,10.977,0.604,-181.23
blend,1790398000.51,10.973,0.604,-181.23
blend,1790398001.02,10.971,0.604,-181.22
blend,1790398001.53,10.970,0.604,-181.23
blend,1790398002.05,10.969,0.604,-181.23
blend,1790398002.52,10.970,0.604,-181.24
blend,1790398003.03,10.969,0.604,-181.23
blend,1790398003.55,10.972,0.604,-181.24
blend,1790398004.02,10.972,0.604,-181.23
blend,1790398004.54,10.981,0.604,-178.83
blend,1790398005.00,10.987,0.605,-175.36
blend,1790398005.52,11.002,0.607,-171.42
blend,1790398006.04,11.012,0.610,-167.70
blend,1790398006.51,11.013,0.610,-164.15
blend,1790398007.01,11.018,0.612,-161.47
blend,1790398007.52,11.023,0.613,-161.48
blend,1790398008.04,10.941,0.585,-161.27
blend,1790398008.50,10.826,0.546,-161.13
blend,1790398009.00,10.710,0.506,-161.09
blend,1790398009.51,10.605,0.470,-160.97
blend,1790398010.03,10.494,0.432,-160.87
blend,1790398010.54,10.421,0.407,-160.86
blend,1790398011.05,10.426,0.408,-160.86
blend,1790398011.51,10.424,0.408,-163.85
blend,1790398012.02,10.422,0.407,-169.35
blend,1790398012.51,10.408,0.405,-169.46
blend,1790398013.01,10.285,0.382,-169.53
blend,1790398013.52,10.102,0.348,-169.42
blend,1790398014.00,9.920,0.314,-169.41
blend,1790398014.51,9.742,0.281,-169.90
blend,1790398015.03,9.576,0.261,-175.07
blend,1790398015.54,9.403,0.246,-175.00
blend,1790398016.01,9.246,0.233,-175.06
blend,1790398016.53,9.060,0.217,-175.04
blend,1790398017.05,8.877,0.201,-174.98
blend,1790398017.51,8.713,0.186,-174.95
blend,1790398018.03,8.531,0.170,-174.88
blend,1790398018.51,8.358,0.155,-174.82
blend,1790398019.01,8.174,0.138,-174.77
blend,1790398019.53,7.986,0.122,-175.96
blend,1790398020.04,7.797,0.112,-177.63
blend,1790398020.51,7.622,0.105,-177.75
blend,1790398021.03,7.429,0.097,-177.81
blend,1790398021.50,7.257,0.091,-177.75
blend,1790398022.01,7.069,0.083,-177.80
blend,1790398022.53,6.880,0.076,-177.70
blend,1790398023.05,6.686,0.068,-177.66
blend,1790398023.52,6.525,0.061,-177.63
blend,1790398024.03,6.346,0.054,-177.54
blend,1790398024.54,6.168,0.046,-177.53
blend,1790398025.02,5.989,0.038,-177.47
blend,1790398025.54,5.805,0.030,-177.41
blend,1790398026.01,5.634,0.022,-177.35
blend,1790398026.52,5.453,0.013,-177.26
blend,1790398027.03,5.274,0.005,-177.21
blend,1790398027.50,5.108,-0.004,-177.17
blend,1790398028.02,4.916,-0.013,-177.05
blend,1790398028.54,4.729,-0.023,-177.00
blend,1790398029.00,4.561,-0.032,-176.95
blend,1790398029.52,4.377,-0.042,-176.84
blend,1790398030.04,4.188,-0.053,-176.78
blend,1790398030.50,4.019,-0.063,-176.72
blend,1790398031.02,3.835,-0.073,-176.65
blend,1790398031.54,3.649,-0.084,-176.56
blend,1790398032.00,3.483,-0.094,-176.53
blend,1790398032.52,3.304,-0.105,-177.35
blend,1790398033.04,3.137,-0.107,-179.23
blend,1790398033.50,2.981,-0.104,-181.13
blend,1790398034.02,2.810,-0.095,-183.05
blend,1790398034.54,2.641,-0.081,-184.98
blend,1790398035.01,2.487,-0.063,-186.69
blend,1790398035.54,2.307,-0.035,-188.60
blend,1790398036.00,2.159,-0.012,-188.60
blend,1790398036.51,1.992,0.013,-188.56
blend,1790398037.03,1.824,0.039,-188.56
blend,1790398037.51,1.667,0.062,-188.52
blend,1790398038.01,1.506,0.086,-188.46
blend,1790398038.53,1.342,0.110,-188.38
blend,1790398039.01,1.183,0.133,-188.29
blend,1790398039.51,1.025,0.156,-188.24
blend,1790398040.03,0.853,0.180,-188.16
blend,1790398040.55,0.691,0.203,-188.06
blend,1790398041.01,0.557,0.222,-188.09
blend,1790398041.53,0.569,0.221,-188.06
blend,1790398042.01,0.564,0.221,-188.06
blend,1790398042.51,0.564,0.221,-188.07
blend,1790398043.03,0.563,0.221,-188.07
blend,1790398043.55,0.562,0.222,-188.07
blend,1790398044.02,0.562,0.222,-188.07
blend,1790398044.53,0.561,0.222,-188.07
blend,1790398045.05,0.562,0.222,-188.06
blend,1790398045.52,0.562,0.222,-188.07
blend,1790398046.03,0.562,0.222,-188.06
blend,1790398046.50,0.562,0.222,-188.06
blend,1790398047.02,0.562,0.222,-188.05
blend,1790398047.54,0.561,0.222,-188.05
blend,1790398048.00,0.559,0.222,-188.05
blend,1790398048.52,0.559,0.222,-188.05
blend,1790398049.04,0.560,0.222,-188.05
blend,1790398049.50,0.559,0.222,-188.04
blend,1790398050.02,0.559,0.222,-187.89
blend,1790398050.54,0.564,0.222,-181.80
blend,1790398051.00,0.570,0.223,-175.53
blend,1790398051.52,0.572,0.223,-168.36
blend,1790398052.03,0.578,0.225,-161.27
blend,1790398052.50,0.578,0.225,-154.93
blend,1790398053.01,0.578,0.225,-148.11
blend,1790398053.52,0.580,0.226,-140.99
blend,1790398054.03,0.581,0.227,-134.07
blend,1790398054.50,0.580,0.226,-127.77
blend,1790398055.02,0.580,0.225,-121.00
blend,1790398055.54,0.580,0.225,-114.14
blend,1790398056.01,0.578,0.221,-108.02
blend,1790398056.52,0.577,0.214,-101.19
blend,1790398057.03,0.578,0.217,-94.31
blend,1790398057.54,0.578,0.215,-92.95
blend,1790398058.00,0.578,0.217,-92.96
blend,1790398058.52,0.578,0.221,-92.97
blend,1790398059.03,0.578,0.222,-93.00
blend,1790398059.54,0.578,0.222,-93.00
blend,1790398060.00,0.578,0.223,-93.00
blend,1790398060.51,0.578,0.224,-92.99
blend,1790398061.02,0.578,0.225,-92.98
blend,1790398061.54,0.578,0.226,-93.00
blend,1790398062.01,0.578,0.226,-91.43
blend,1790398062.51,0.580,0.216,-85.30
blend,1790398063.04,0.581,0.212,-77.97
blend,1790398063.53,0.580,0.218,-71.02
blend,1790398064.04,0.576,0.225,-63.57
blend,1790398064.50,0.583,0.214,-56.44
blend,1790398065.01,0.585,0.213,-48.72
blend,1790398065.51,0.582,0.215,-41.07
blend,1790398066.02,0.586,0.213,-33.13
blend,1790398066.54,0.593,0.211,-25.21
blend,1790398067.01,0.605,0.207,-17.91
blend,1790398067.52,0.628,0.203,-10.02
blend,1790398068.03,0.637,0.203,-2.28
blend,1790398068.50,0.644,0.204,0.88
blend,1790398069.02,0.642,0.204,0.86
blend,1790398069.54,0.641,0.204,0.86
blend,1790398070.00,0.640,0.204,0.85
blend,1790398070.52,0.640,0.204,0.84
blend,1790398071.05,0.644,0.204,0.84
blend,1790398071.51,0.641,0.204,0.84
blend,1790398072.03,0.670,0.204,1.00
blend,1790398072.54,0.777,0.206,1.09
blend,1790398073.01,0.884,0.208,1.18
blend,1790398073.53,1.044,0.212,1.35
blend,1790398074.01,1.200,0.216,1.45
blend,1790398074.51,1.358,0.220,1.50
blend,1790398075.03,1.531,0.224,1.57
blend,1790398075.50,1.695,0.229,1.66
blend,1790398076.02,1.872,0.235,1.73
blend,1790398076.54,2.049,0.240,1.81
blend,1790398077.01,2.208,0.245,1.87
blend,1790398077.52,2.390,0.251,1.95
blend,1790398078.04,2.576,0.258,2.03
blend,1790398078.51,2.731,0.264,2.11
blend,1790398079.03,2.909,0.271,2.20
blend,1790398079.54,3.088,0.277,2.25
blend,1790398080.02,3.274,0.285,2.32
blend,1790398080.53,3.478,0.293,2.43
blend,1790398081.00,3.657,0.301,2.49
blend,1790398081.52,3.862,0.310,2.59
blend,1790398082.04,4.058,0.320,2.68
blend,1790398082.51,4.240,0.328,2.77
blend,1790398083.03,4.443,0.338,2.85
blend,1790398083.51,4.620,0.347,2.90
blend,1790398084.01,4.820,0.357,3.00
blend,1790398084.53,5.023,0.368,3.07
blend,1790398085.00,5.203,0.378,3.16
blend,1790398085.52,5.402,0.389,3.22
blend,1790398086.04,5.602,0.401,3.31
blend,1790398086.50,5.780,0.412,3.39
blend,1790398087.02,5.984,0.424,3.47
blend,1790398087.55,6.193,0.436,3.16
blend,1790398088.01,6.377,0.439,-0.67
blend,1790398088.53,6.565,0.424,-5.85
blend,1790398089.05,6.761,0.388,-11.07
blend,1790398089.52,6.938,0.343,-15.85
blend,1790398090.03,7.132,0.274,-21.36
blend,1790398090.54,7.309,0.189,-26.72
blend,1790398091.00,7.460,0.107,-27.53
blend,1790398091.52,7.639,0.014,-27.59
blend,1790398092.03,7.816,-0.078,-27.33
blend,1790398092.54,8.005,-0.160,-21.00
blend,1790398093.01,8.181,-0.210,-16.01
blend,1790398093.53,8.383,-0.255,-10.13
blend,1790398094.01,8.576,-0.270,-4.81
blend,1790398094.51,8.769,-0.277,-1.54
blend,1790398095.03,8.977,-0.279,-0.97
blend,1790398095.50,9.161,-0.282,-0.78
blend,1790398096.04,9.368,-0.284,-0.61
blend,1790398096.54,9.558,-0.285,-0.44
blend,1790398097.01,9.748,-0.286,-0.35
blend,1790398097.53,9.947,-0.286,-0.25
blend,1790398098.05,10.149,-0.287,-0.16
blend,1790398098.51,10.330,-0.287,-0.04
blend,1790398099.03,10.534,-0.287,0.01
blend,1790398099.50,10.714,-0.286,0.14
blend,1790398100.02,10.912,-0.285,0.23
blend,1790398100.54,11.110,-0.284,0.28
blend,1790398101.01,11.291,-0.282,0.37
blend,1790398101.54,11.500,-0.272,4.51
blend,1790398102.05,11.661,-0.234,11.28
blend,1790398102.51,11.781,-0.191,17.99
blend,1790398103.03,11.861,-0.151,27.16
blend,1790398103.54,11.900,-0.111,41.11
blend,1790398104.00,11.931,-0.062,54.07
blend,1790398104.52,11.952,0.001,68.57
blend,1790398105.04,11.958,0.058,82.89
blend,1790398105.55,11.959,0.098,97.20
blend,1790398106.01,11.957,0.112,98.19
blend,1790398106.52,11.957,0.112,98.19
blend,1790398107.04,11.957,0.112,98.18
blend,1790398107.51,11.957,0.112,98.19
blend,1790398108.01,11.957,0.112,98.19
blend,1790398108.52,11.957,0.112,98.19
blend,1790398109.03,11.957,0.111,98.19
blend,1790398109.50,11.957,0.112,98.20
blend,1790398110.00,11.957,0.112,98.20
blend,1790398110.51,11.957,0.112,98.20
blend,1790398111.03,11.957,0.112,98.20
blend,1790398111.54,11.957,0.112,98.20
blend,1790398112.01,11.957,0.111,98.42
blend,1790398112.51,11.958,0.104,101.52
blend,1790398113.02,11.962,0.092,107.15
blend,1790398113.53,11.967,0.077,113.43
blend,1790398114.03,11.977,0.058,120.15
blend,1790398114.54,11.991,0.037,127.25
blend,1790398115.01,12.007,0.019,134.08
blend,1790398115.51,12.026,0.001,141.27
blend,1790398116.02,12.054,-0.018,143.39
blend,1790398116.53,12.053,-0.018,143.40
blend,1790398117.05,12.053,-0.017,143.47
blend,1790398117.51,12.011,0.014,143.47
blend,1790398118.02,11.986,0.032,143.54
blend,1790398118.53,11.989,0.030,146.12
blend,1790398119.04,11.989,0.029,151.58
blend,1790398119.50,11.992,0.028,157.18
blend,1790398120.02,11.989,0.029,164.28
blend,1790398120.53,11.989,0.029,171.94
blend,1790398121.00,11.986,0.029,177.44
blend,1790398121.52,11.985,0.029,177.37
blend,1790398122.04,11.923,0.032,177.58
blend,1790398122.50,11.853,0.034,177.63
blend,1790398123.02,11.772,0.038,177.70
blend,1790398123.54,11.667,0.042,177.87
blend,1790398124.01,11.514,0.047,177.96
blend,1790398124.53,11.316,0.054,178.04
blend,1790398125.05,11.107,0.061,178.15
blend,1790398125.51,10.922,0.067,178.26
blend,1790398126.03,10.720,0.072,178.34
blend,1790398126.54,10.523,0.078,178.41
blend,1790398127.01,10.341,0.083,178.56
blend,1790398127.52,10.136,0.087,178.63
blend,1790398128.05,9.926,0.092,178.74
blend,1790398128.51,9.745,0.096,178.88
blend,1790398129.02,9.535,0.100,178.95
blend,1790398129.54,9.339,0.103,179.03
blend,1790398130.00,9.159,0.106,179.10
blend,1790398130.52,8.950,0.109,179.23
blend,1790398131.04,8.745,0.112,179.27
blend,1790398131.50,8.559,0.114,179.34
blend,1790398132.02,8.351,0.116,179.46
blend,1790398132.54,8.149,0.118,179.52
blend,1790398133.00,7.969,0.119,179.57
blend,1790398133.52,7.760,0.121,179.65
blend,1790398134.04,7.558,0.122,179.73
blend,1790398134.51,7.369,0.123,179.74
blend,1790398135.02,7.165,0.123,179.80
blend,1790398135.53,6.960,0.124,179.94
blend,1790398136.01,6.776,0.124,179.99
blend,1790398136.51,6.581,0.124,180.05
blend,1790398137.03,6.387,0.123,180.15
blend,1790398137.51,6.204,0.123,180.25
blend,1790398138.01,6.003,0.121,180.32
blend,1790398138.52,5.804,0.120,180.38
blend,1790398139.04,5.606,0.118,180.50
blend,1790398139.50,5.421,0.114,182.84
blend,1790398140.02,5.221,0.091,186.04
blend,1790398140.54,5.024,0.070,186.21
blend,1790398141.00,4.838,0.049,186.42
blend,1790398141.52,4.640,0.027,186.53
blend,1790398142.03,4.442,0.003,186.65
blend,1790398142.51,4.257,-0.019,186.72
blend,1790398143.01,4.067,-0.041,186.75
blend,1790398143.53,3.865,-0.065,186.90
blend,1790398144.00,3.681,-0.090,188.13
blend,1790398144.51,3.494,-0.127,190.40
blend,1790398145.02,3.297,-0.163,190.60
blend,1790398145.54,3.106,-0.200,190.76
blend,1790398146.00,2.932,-0.233,190.86
blend,1790398146.52,2.735,-0.271,190.65
blend,1790398147.03,2.543,-0.297,186.06
blend,1790398147.51,2.357,-0.300,183.21
blend,1790398148.01,2.158,-0.312,183.19
blend,1790398148.53,1.956,-0.323,183.19
blend,1790398149.05,1.764,-0.334,183.24
blend,1790398149.51,1.582,-0.344,183.32
blend,1790398150.03,1.386,-0.356,183.36
blend,1790398150.55,1.187,-0.368,183.41
blend,1790398151.01,1.002,-0.379,183.48
blend,1790398151.52,0.808,-0.391,183.55
blend,1790398152.04,0.610,-0.404,183.63
blend,1790398152.50,0.441,-0.415,183.69
blend,1790398153.02,0.282,-0.425,183.70
blend,1790398153.53,0.225,-0.429,183.65
blend,1790398154.05,0.128,-0.435,183.68
blend,1790398154.51,0.122,-0.435,183.68
blend,1790398155.03,0.123,-0.435,183.68
blend,1790398155.50,0.125,-0.435,183.69
blend,1790398156.01,0.125,-0.435,183.69
blend,1790398156.54,0.126,-0.435,183.69
blend,1790398157.04,0.125,-0.435,183.68
blend,1790398157.50,0.124,-0.435,183.69
blend,1790398158.02,0.123,-0.435,183.69
blend,1790398158.53,0.127,-0.435,179.07
blend,1790398159.05,0.127,-0.435,171.67
blend,1790398159.51,0.124,-0.435,164.90
blend,1790398160.02,0.129,-0.437,157.49
blend,1790398160.52,0.128,-0.436,150.19
blend,1790398161.01,0.130,-0.438,142.83
blend,1790398161.52,0.125,-0.432,135.34
blend,1790398162.04,0.124,-0.431,127.77
blend,1790398162.52,0.122,-0.427,120.75
blend,1790398163.02,0.116,-0.412,113.46
blend,1790398163.53,0.115,-0.404,106.04
blend,1790398164.04,0.114,-0.397,98.61
blend,1790398164.50,0.114,-0.384,91.88
blend,1790398165.01,0.115,-0.371,89.00
blend,1790398165.52,0.115,-0.372,88.95
blend,1790398166.04,0.115,-0.374,88.95
blend,1790398166.50,0.115,-0.374,88.93
blend,1790398167.01,0.115,-0.375,88.96
blend,1790398167.54,0.115,-0.375,88.97
blend,1790398168.04,0.115,-0.376,88.97
blend,1790398168.50,0.115,-0.377,88.93
blend,1790398169.01,0.114,-0.423,88.84
blend,1790398169.52,0.113,-0.501,88.75
blend,1790398170.03,0.111,-0.584,88.75
blend,1790398170.51,0.109,-0.670,88.65
blend,1790398171.01,0.106,-0.784,88.55
blend,1790398171.52,0.102,-0.902,88.56
blend,1790398172.03,0.099,-1.021,88.47
blend,1790398172.55,0.096,-1.145,88.46
blend,1790398173.01,0.093,-1.252,88.45
blend,1790398173.52,0.089,-1.373,88.38
blend,1790398174.03,0.084,-1.497,88.32
blend,1790398174.55,0.080,-1.627,88.25
blend,1790398175.01,0.076,-1.749,88.28
blend,1790398175.52,0.071,-1.883,88.21
blend,1790398176.03,0.066,-2.021,88.15
blend,1790398176.51,0.062,-2.146,88.09
blend,1790398177.01,0.058,-2.279,88.08
blend,1790398177.52,0.053,-2.417,88.09
blend,1790398178.03,0.048,-2.556,88.07
blend,1790398178.51,0.043,-2.683,87.95
blend,1790398179.00,0.038,-2.825,87.86
blend,1790398179.52,0.033,-2.968,87.79
blend,1790398180.03,0.027,-3.106,87.78
blend,1790398180.51,0.022,-3.242,87.78
blend,1790398181.00,0.017,-3.384,87.73
blend,1790398181.51,0.011,-3.527,87.64
blend,1790398182.03,0.005,-3.674,87.63
blend,1790398182.54,-0.001,-3.819,87.62
blend,1790398183.00,-0.007,-3.952,87.52
blend,1790398183.51,-0.013,-4.092,87.48
blend,1790398184.04,-0.019,-4.246,87.47
blend,1790398184.54,-0.025,-4.379,87.39
blend,1790398185.00,-0.032,-4.514,87.37
blend,1790398185.51,-0.039,-4.666,87.28
blend,1790398186.02,-0.046,-4.820,87.17
blend,1790398186.54,-0.054,-4.971,87.17
blend,1790398187.05,-0.061,-5.121,87.11
blend,1790398187.51,-0.068,-5.263,87.14
blend,1790398188.02,-0.076,-5.414,87.14
blend,1790398188.54,-0.084,-5.571,87.05
blend,1790398189.05,-0.092,-5.723,87.05
blend,1790398189.51,-0.098,-5.859,87.06
blend,1790398190.02,-0.106,-6.018,87.02
blend,1790398190.54,-0.114,-6.173,86.98
blend,1790398191.01,-0.121,-6.312,86.97
blend,1790398191.50,-0.129,-6.457,86.94
blend,1790398192.01,-0.137,-6.603,86.82
blend,1790398192.50,-0.144,-6.725,86.88
blend,1790398193.02,-0.144,-6.722,86.88
blend,1790398193.51,-0.144,-6.723,86.88
blend,1790398194.02,-0.144,-6.721,86.88
blend,1790398194.51,-0.144,-6.726,86.89
blend,1790398195.00,-0.144,-6.725,84.52
blend,1790398195.50,-0.144,-6.725,83.00
blend,1790398196.02,-0.144,-6.723,82.99
blend,1790398196.53,-0.144,-6.723,83.01
blend,1790398197.04,-0.144,-6.724,83.01
blend,1790398197.50,-0.140,-6.688,82.92
blend,1790398198.02,-0.129,-6.600,82.90
blend,1790398198.53,-0.118,-6.513,82.89
blend,1790398199.04,-0.104,-6.402,82.88
blend,1790398199.50,-0.087,-6.270,82.94
blend,1790398200.01,-0.069,-6.123,82.95
blend,1790398200.53,-0.052,-5.984,83.00
blend,1790398201.04,-0.035,-5.840,83.06
blend,1790398201.50,-0.020,-5.722,83.16
blend,1790398202.01,-0.005,-5.591,83.18
blend,1790398202.52,0.011,-5.455,83.27
blend,1790398203.04,0.026,-5.332,83.56
blend,1790398203.55,0.041,-5.189,83.71
blend,1790398204.01,0.058,-5.036,83.87
blend,1790398204.52,0.077,-4.857,83.94
blend,1790398205.04,0.097,-4.669,84.00
blend,1790398205.51,0.116,-4.485,84.09
blend,1790398206.01,0.135,-4.302,84.16
blend,1790398206.52,0.154,-4.112,84.23
blend,1790398207.03,0.159,-4.068,84.24
blend,1790398207.51,0.158,-4.071,84.26
blend,1790398208.01,0.158,-4.071,84.27
blend,1790398208.52,0.158,-4.071,84.28
blend,1790398209.03,0.158,-4.070,84.28
blend,1790398209.55,0.161,-4.042,84.19
blend,1790398210.00,0.175,-3.906,84.14
blend,1790398210.52,0.190,-3.758,84.23
blend,1790398211.03,0.206,-3.601,84.25
blend,1790398211.54,0.221,-3.444,84.33
blend,1790398212.00,0.235,-3.303,84.42
blend,1790398212.51,0.250,-3.148,84.50
blend,1790398213.03,0.265,-2.995,84.55
blend,1790398213.54,0.279,-2.839,84.56
blend,1790398214.00,0.292,-2.698,84.64
blend,1790398214.51,0.307,-2.542,84.68
blend,1790398215.03,0.320,-2.395,84.75
blend,1790398215.54,0.334,-2.233,84.84
blend,1790398216.05,0.343,-2.137,84.87
blend,1790398216.51,0.352,-2.038,84.89
blend,1790398217.03,0.365,-1.883,84.84
blend,1790398217.54,0.377,-1.741,84.91
blend,1790398218.05,0.390,-1.595,84.95
blend,1790398218.51,0.401,-1.468,85.02
blend,1790398219.02,0.411,-1.332,85.10
blend,1790398219.54,0.418,-1.254,85.08
blend,1790398220.00,0.416,-1.274,85.07
blend,1790398220.51,0.416,-1.272,85.06
blend,1790398221.02,0.416,-1.272,85.05
blend,1790398221.53,0.416,-1.273,85.03
blend,1790398222.01,0.416,-1.272,85.04
blend,1790398222.51,0.416,-1.273,85.05
blend,1790398223.02,0.416,-1.273,85.08
blend,1790398223.53,0.416,-1.274,85.06
blend,1790398224.01,0.417,-1.263,85.04
blend,1790398224.51,0.423,-1.195,85.07
blend,1790398225.02,0.429,-1.113,85.12
blend,1790398225.51,0.435,-1.049,85.11
blend,1790398226.00,0.439,-0.977,85.23
blend,1790398226.50,0.445,-0.921,85.19
blend,1790398227.02,0.450,-0.850,85.26
blend,1790398227.52,0.456,-0.772,85.32
blend,1790398228.01,0.460,-0.701,85.39
blend,1790398228.51,0.467,-0.622,85.44
blend,1790398229.00,0.473,-0.541,85.50
blend,1790398229.50,0.480,-0.453,85.56
blend,1790398230.02,0.491,-0.353,82.99
blend,1790398230.50,0.514,-0.250,77.47
blend,1790398231.02,0.547,-0.151,65.11
blend,1790398231.53,0.608,-0.056,48.91
blend,1790398232.05,0.702,0.015,32.67
blend,1790398232.51,0.811,0.054,17.82
blend,1790398233.03,0.924,0.060,1.47
blend,1790398233.54,0.940,0.054,0.53
blend,1790398234.01,0.938,0.054,0.53
blend,1790398234.53,0.940,0.054,0.55
blend,1790398235.00,0.943,0.054,0.55
blend,1790398235.52,0.943,0.055,0.54
blend,1790398236.04,0.943,0.055,0.55
blend,1790398236.50,0.941,0.054,0.54
blend,1790398237.02,0.943,0.055,0.54
blend,1790398237.54,0.955,0.055,0.39
blend,1790398238.01,1.119,0.056,0.33
blend,1790398238.53,1.307,0.057,0.34
blend,1790398239.04,1.494,0.058,0.38
blend,1790398239.51,1.603,0.059,0.40
blend,1790398240.03,1.596,0.058,0.41
blend,1790398240.55,1.595,0.058,0.41
blend,1790398241.02,1.596,0.059,0.41
blend,1790398241.53,1.595,0.058,0.40
blend,1790398242.00,1.598,0.059,0.40
blend,1790398242.52,1.599,0.059,0.40
blend,1790398243.04,1.600,0.059,0.37
blend,1790398243.50,1.599,0.059,0.38
blend,1790398244.02,1.601,0.059,0.38
blend,1790398244.54,1.599,0.059,0.39
blend,1790398245.00,1.601,0.059,0.39
blend,1790398245.52,1.605,0.059,0.38
blend,1790398246.04,1.607,0.059,0.37
blend,1790398246.55,1.607,0.059,0.38
blend,1790398247.02,1.606,0.059,0.37
blend,1790398247.53,1.605,0.059,0.37
blend,1790398248.05,1.602,0.059,0.38
blend,1790398248.51,1.602,0.059,0.39
blend,1790398249.03,1.600,0.059,0.40
blend,1790398249.51,1.600,0.058,0.39
blend,1790398250.01,1.599,0.058,0.38
blend,1790398250.53,1.600,0.058,0.37
blend,1790398251.01,1.594,0.058,0.36
blend,1790398251.51,1.596,0.058,0.37
blend,1790398252.03,1.596,0.058,0.37
blend,1790398252.51,1.599,0.058,0.37
blend,1790398253.01,1.600,0.058,0.38
blend,1790398253.53,1.599,0.058,0.38
blend,1790398254.00,1.599,0.058,0.40
blend,1790398254.51,1.598,0.058,0.40
blend,1790398255.03,1.598,0.058,0.39
blend,1790398255.51,1.598,0.058,0.40
blend,1790398256.01,1.595,0.058,0.39
blend,1790398256.52,1.596,0.058,0.39
blend,1790398257.05,1.597,0.058,0.40
blend,1790398257.51,1.600,0.058,0.40
blend,1790398258.02,1.597,0.058,0.40
blend,1790398258.54,1.599,0.058,0.40
blend,1790398259.00,1.603,0.058,0.40
blend,1790398259.52,1.601,0.058,0.40
blend,1790398260.02,1.602,0.058,0.40
blend,1790398260.50,1.604,0.058,0.42
blend,1790398261.01,1.605,0.058,0.39
blend,1790398261.51,1.602,0.058,0.40
blend,1790398262.00,1.601,0.058,0.40
blend,1790398262.52,1.602,0.058,0.41
blend,1790398263.03,1.601,0.058,0.41
blend,1790398263.51,1.603,0.058,0.42
blend,1790398264.02,1.605,0.058,0.41
blend,1790398264.53,1.604,0.058,0.42
blend,1790398265.05,1.608,0.058,0.41
blend,1790398265.51,1.605,0.058,0.42
blend,1790398266.03,1.606,0.058,0.41
blend,1790398266.54,1.610,0.058,0.41
blend,1790398267.01,1.606,0.058,0.39
blend,1790398267.53,1.612,0.058,0.39
blend,1790398268.00,1.611,0.058,0.40
blend,1790398268.51,1.615,0.058,0.38
blend,1790398269.03,1.616,0.058,0.40
blend,1790398269.50,1.616,0.058,0.40
blend,1790398270.01,1.618,0.058,0.40
blend,1790398270.53,1.616,0.058,0.40
blend,1790398271.05,1.618,0.058,0.40
blend,1790398271.51,1.618,0.058,0.39
blend,1790398272.04,1.616,0.058,0.40
blend,1790398272.55,1.616,0.058,0.40
blend,1790398273.01,1.616,0.058,0.40
blend,1790398273.53,1.617,0.058,0.40
blend,1790398274.04,1.617,0.058,0.42
blend,1790398274.51,1.617,0.058,0.40
blend,1790398275.03,1.619,0.058,0.41
blend,1790398275.55,1.622,0.058,0.40
blend,1790398276.01,1.621,0.058,0.41
blend,1790398276.52,1.621,0.058,0.41
blend,1790398277.05,1.628,0.058,0.40
blend,1790398277.51,1.629,0.058,0.40
blend,1790398278.02,1.630,0.058,0.39
blend,1790398278.54,1.630,0.058,0.41
blend,1790398279.00,1.625,0.058,0.40
blend,1790398279.52,1.626,0.058,0.41
blend,1790398280.04,1.626,0.058,0.41
blend,1790398280.50,1.625,0.058,0.40
blend,1790398281.02,1.626,0.058,0.40
blend,1790398281.54,1.626,0.058,0.40
blend,1790398282.00,1.629,0.058,0.39
blend,1790398282.52,1.629,0.058,0.39
blend,1790398283.04,1.631,0.058,0.40
blend,1790398283.55,1.632,0.058,0.39
blend,1790398284.02,1.631,0.058,0.39
blend,1790398284.53,1.631,0.058,0.39
blend,1790398285.01,1.631,0.058,0.39
blend,1790398285.51,1.631,0.058,0.39
blend,1790398286.03,1.631,0.058,0.38
blend,1790398286.55,1.629,0.058,0.38
blend,1790398287.01,1.628,0.058,0.38
blend,1790398287.53,1.628,0.058,0.37
blend,1790398288.05,1.628,0.058,0.37
blend,1790398288.51,1.628,0.058,0.38
blend,1790398289.03,1.629,0.058,0.38
blend,1790398289.50,1.629,0.058,0.38
blend,1790398290.01,1.631,0.058,0.39
blend,1790398290.52,1.627,0.058,0.39
blend,1790398291.00,1.629,0.058,0.39
blend,1790398291.51,1.629,0.058,0.39
blend,1790398292.02,1.629,0.058,0.39
blend,1790398292.54,1.630,0.058,0.40
blend,1790398293.00,1.630,0.058,0.40
blend,1790398293.52,1.637,0.058,0.40
blend,1790398294.01,1.636,0.058,0.41
blend,1790398294.51,1.635,0.058,0.39
blend,1790398295.02,1.633,0.058,0.40
blend,1790398295.53,1.635,0.058,0.40
blend,1790398296.01,1.635,0.058,0.39
blend,1790398296.51,1.637,0.058,0.39
blend,1790398297.03,1.635,0.058,0.39
blend,1790398297.55,1.636,0.058,0.39
blend,1790398298.01,1.639,0.058,0.38
blend,1790398298.53,1.638,0.058,0.38
blend,1790398299.05,1.636,0.058,0.39
blend,1790398299.51,1.636,0.058,0.39
blend,1790398300.03,1.636,0.058,0.40
blend,1790398300.54,1.636,0.058,0.40
blend,1790398301.01,1.635,0.058,0.40
blend,1790398301.52,1.635,0.058,0.41
blend,1790398302.04,1.631,0.058,0.40
blend,1790398302.50,1.632,0.058,0.39
blend,1790398303.02,1.630,0.058,0.39
blend,1790398303.53,1.628,0.058,0.39
blend,1790398304.05,1.626,0.058,0.38
blend,1790398304.52,1.631,0.058,0.39
blend,1790398305.03,1.627,0.058,0.38
blend,1790398305.55,1.643,0.058,0.08
blend,1790398306.02,1.813,0.058,0.08
blend,1790398306.54,2.019,0.059,0.14
blend,1790398307.00,2.204,0.059,0.26
blend,1790398307.52,2.397,0.061,0.35
blend,1790398308.04,2.594,0.062,0.41
blend,1790398308.51,2.781,0.064,0.48
blend,1790398309.03,2.983,0.066,0.55
blend,1790398309.51,3.164,0.068,0.65
blend,1790398310.01,3.352,0.070,0.68
blend,1790398310.53,3.552,0.072,0.73
blend,1790398311.05,3.757,0.075,0.79
blend,1790398311.51,3.938,0.078,0.87
blend,1790398312.03,4.134,0.081,0.98
blend,1790398312.50,4.322,0.085,1.02
blend,1790398313.02,4.522,0.088,1.06
blend,1790398313.54,4.721,0.092,1.14
blend,1790398314.01,4.893,0.096,1.20
blend,1790398314.52,5.097,0.100,1.24
blend,1790398315.02,5.293,0.104,1.32
blend,1790398315.51,5.482,0.109,1.39
blend,1790398316.03,5.683,0.114,1.50
blend,1790398316.52,5.871,0.120,1.58
blend,1790398317.04,6.072,0.126,1.65
blend,1790398317.51,6.251,0.130,1.71
blend,1790398318.00,6.451,0.137,1.80
blend,1790398318.52,6.654,0.144,1.85
blend,1790398319.01,6.838,0.150,1.92
blend,1790398319.51,7.042,0.157,2.00
blend,1790398320.03,7.236,0.164,2.08
blend,1790398320.51,7.422,0.171,2.10
blend,1790398321.01,7.602,0.178,2.09
blend,1790398321.54,7.808,0.186,2.19
blend,1790398322.00,7.988,0.193,2.26
blend,1790398322.52,8.195,0.201,2.34
blend,1790398323.04,8.391,0.209,2.40
blend,1790398323.50,8.568,0.217,2.45
blend,1790398324.02,8.775,0.226,2.55
blend,1790398324.51,8.963,0.234,2.59
blend,1790398325.01,9.159,0.243,2.69
blend,1790398325.53,9.365,0.253,2.76
blend,1790398326.05,9.560,0.263,2.83
blend,1790398326.52,9.742,0.273,2.94
blend,1790398327.04,9.948,0.283,2.98
blend,1790398327.50,10.128,0.292,3.02
blend,1790398328.02,10.328,0.303,3.11
blend,1790398328.55,10.529,0.315,3.18
blend,1790398329.01,10.705,0.324,3.21
blend,1790398329.53,10.902,0.335,3.22
blend,1790398330.01,11.087,0.346,3.27
blend,1790398330.52,11.282,0.357,3.38
blend,1790398331.04,11.320,0.359,3.29
blend,1790398331.50,11.320,0.359,3.30
blend,1790398332.02,11.320,0.359,3.30
blend,1790398332.54,11.321,0.359,3.30
blend,1790398333.01,11.321,0.359,3.28
blend,1790398333.53,11.321,0.359,3.32
blend,1790398334.00,11.244,0.355,3.27
blend,1790398334.51,11.126,0.348,3.24
blend,1790398335.03,10.999,0.341,3.18
blend,1790398335.50,10.865,0.333,3.18
blend,1790398336.02,10.698,0.324,3.13
blend,1790398336.54,10.527,0.315,3.12
blend,1790398337.01,10.370,0.306,3.10
blend,1790398337.53,10.193,0.296,3.07
blend,1790398338.05,10.012,0.287,3.03
blend,1790398338.51,9.851,0.279,2.96
blend,1790398339.03,9.668,0.269,2.89
blend,1790398339.50,9.509,0.261,2.85
blend,1790398340.02,9.316,0.252,2.93
blend,1790398340.55,9.110,0.235,5.17
blend,1790398341.01,8.940,0.214,7.52
blend,1790398341.53,8.739,0.181,9.03
blend,1790398342.00,8.558,0.152,9.15
blend,1790398342.51,8.368,0.131,4.96
blend,1790398343.03,8.166,0.118,5.76
blend,1790398343.50,7.994,0.082,12.39
blend,1790398344.01,7.810,0.039,12.54
blend,1790398344.53,7.618,0.004,6.15
blend,1790398345.01,7.430,0.021,-3.47
blend,1790398345.52,7.232,0.013,8.04
blend,1790398346.01,7.043,-0.033,8.34
blend,1790398346.51,6.859,-0.023,-5.49
blend,1790398347.03,6.657,-0.009,4.24
blend,1790398347.51,6.478,-0.054,5.94
blend,1790398348.01,6.328,-0.031,-10.86
blend,1790398348.53,6.126,-0.017,3.47
blend,1790398349.00,5.963,-0.027,-6.73
blend,1790398349.52,5.897,0.008,-31.89
blend,1790398350.03,5.714,0.097,-19.16
blend,1790398350.51,5.526,0.129,-4.50
blend,1790398351.02,5.328,0.133,-7.53
blend,1790398351.54,5.130,0.159,-0.32
blend,1790398352.00,4.971,0.122,15.65
blend,1790398352.51,4.810,0.042,25.13
blend,1790398353.03,4.652,-0.039,16.96
blend,1790398353.54,4.486,-0.030,1.65
blend,1790398354.01,4.306,-0.051,7.61
blend,1790398354.53,4.124,-0.066,-4.61
blend,1790398355.01,3.947,-0.022,-8.15
blend,1790398355.52,3.753,-0.026,3.78
blend,1790398356.04,3.589,-0.024,-11.49
blend,1790398356.50,3.426,0.021,-10.67
blend,1790398357.02,3.225,0.025,3.25
blend,1790398357.54,3.027,-0.012,8.51
blend,1790398358.00,2.927,0.002,-12.55
blend,1790398358.52,2.737,0.032,-2.15
blend,1790398359.04,2.533,-0.001,13.21
blend,1790398359.50,2.386,-0.024,-0.74
blend,1790398360.04,2.199,-0.007,3.81
blend,1790398360.54,2.032,-0.050,10.00
blend,1790398361.00,1.852,-0.060,3.30
blend,1790398361.52,1.638,-0.073,3.30
blend,1790398362.02,1.445,-0.084,3.41
blend,1790398362.51,1.256,-0.096,3.53
blend,1790398363.03,1.053,-0.108,3.43
blend,1790398363.51,0.881,-0.113,0.09
blend,1790398364.00,0.703,-0.108,-0.60
blend,1790398364.50,0.583,-0.100,-4.09
blend,1790398365.00,0.484,-0.089,-5.57
blend,1790398365.52,0.490,-0.090,-5.53
blend,1790398366.04,0.489,-0.090,-5.53
blend,1790398366.50,0.491,-0.090,-5.52
blend,1790398367.02,0.492,-0.090,-5.52
blend,1790398367.50,0.490,-0.090,-5.52
blend,1790398368.01,0.491,-0.090,-5.52
blend,1790398368.53,0.492,-0.090,-5.51
blend,1790398369.05,0.492,-0.090,-5.52
blend,1790398369.51,0.493,-0.090,-5.52
blend,1790398370.04,0.494,-0.090,-5.53
blend,1790398370.55,0.464,-0.091,2.05
blend,1790398371.01,0.431,-0.096,5.07
blend,1790398371.52,0.511,-0.089,5.61
blend,1790398372.04,0.652,-0.063,12.34
blend,1790398372.51,0.809,-0.013,18.83
blend,1790398373.01,0.983,0.057,20.79
blend,1790398373.52,1.141,0.088,1.84
blend,1790398374.01,1.206,0.077,-7.42
blend,1790398374.51,1.195,0.078,-7.37
blend,1790398375.03,1.194,0.079,-7.36
blend,1790398375.55,1.195,0.078,-7.36
blend,1790398376.01,1.195,0.078,-7.36
blend,1790398376.53,1.196,0.078,-7.37
blend,1790398377.05,1.196,0.078,-7.38
blend,1790398377.52,1.196,0.078,-7.38
blend,1790398378.03,1.195,0.078,-7.43
blend,1790398378.50,1.305,0.063,-7.74
blend,1790398379.02,1.500,0.037,-7.72
blend,1790398379.54,1.699,0.010,-7.67
blend,1790398380.01,1.879,-0.013,-4.72
blend,1790398380.52,2.051,-0.002,2.81
blend,1790398381.04,2.041,-0.003,2.79
blend,1790398381.51,2.038,-0.003,2.76
blend,1790398382.03,2.037,-0.003,2.75
blend,1790398382.50,2.037,-0.003,2.76
blend,1790398383.01,2.038,-0.003,2.75
blend,1790398383.53,2.033,-0.003,2.76
blend,1790398384.05,2.035,-0.003,2.75
blend,1790398384.52,2.030,-0.003,2.76
blend,1790398385.03,2.027,-0.003,2.79
blend,1790398385.50,1.933,-0.008,2.72
blend,1790398386.02,1.749,-0.016,2.71
blend,1790398386.54,1.557,-0.025,2.72
blend,1790398387.01,1.372,-0.034,2.64
blend,1790398387.53,1.182,-0.043,2.78
blend,1790398388.00,1.000,-0.051,2.57
blend,1790398388.51,0.794,-0.061,2.60
blend,1790398389.03,0.589,-0.069,2.56
blend,1790398389.55,0.390,-0.078,2.51
blend,1790398390.02,0.211,-0.085,1.06
blend,1790398390.54,0.167,-0.084,0.75
blend,1790398391.00,0.170,-0.084,0.48
blend,1790398391.52,0.305,-0.084,0.35
blend,1790398392.04,0.475,-0.082,0.43
blend,1790398392.51,0.658,-0.081,0.52
blend,1790398393.03,0.864,-0.079,0.58
blend,1790398393.55,1.074,-0.076,0.69
blend,1790398394.01,1.259,-0.073,0.78
blend,1790398394.51,1.445,-0.071,0.72
blend,1790398395.00,1.457,-0.071,0.77
blend,1790398395.52,1.455,-0.070,-0.96
blend,1790398396.02,1.446,-0.070,-1.02
blend,1790398396.50,1.332,-0.068,-1.23
blend,1790398397.02,1.115,-0.063,-1.22
blend,1790398397.51,0.949,-0.059,-1.30
blend,1790398398.01,0.744,-0.054,-1.44
blend,1790398398.53,0.547,-0.049,-1.48
blend,1790398399.05,0.340,-0.044,-1.53
blend,1790398399.51,0.165,-0.038,-1.63
blend,1790398400.00,-0.004,-0.035,1.85
blend,1790398400.50,-0.041,-0.039,2.74
blend,1790398401.02,-0.040,-0.040,-1.13
blend,1790398401.54,-0.039,-0.040,-1.13
blend,1790398402.00,-0.016,-0.040,-1.15
blend,1790398402.52,-0.004,-0.041,-1.09
blend,1790398403.02,-0.007,-0.041,-1.12
blend,1790398403.51,-0.010,-0.040,-1.13
blend,1790398404.04,-0.013,-0.040,-1.12
blend,1790398404.51,-0.013,-0.040,-1.13
blend,1790398405.01,-0.012,-0.040,-1.13
blend,1790398405.53,-0.011,-0.040,-1.13
blend,1790398406.00,-0.011,-0.040,-1.14
blend,1790398406.51,-0.010,-0.040,-1.13
blend,1790398407.03,-0.011,-0.040,-1.13
blend,1790398407.51,-0.009,-0.041,-1.14
blend,1790398408.02,-0.009,-0.041,-1.12
blend,1790398408.54,-0.006,-0.041,-1.11
blend,1790398409.00,-0.006,-0.041,-1.11
blend,1790398409.52,-0.005,-0.041,-1.11
blend,1790398410.04,-0.004,-0.041,-1.11
blend,1790398410.50,-0.004,-0.041,-1.12
blend,1790398411.02,-0.003,-0.041,-1.12
blend,1790398411.54,-0.002,-0.041,-1.12
blend,1790398412.01,-0.003,-0.041,-1.13
blend,1790398412.52,-0.002,-0.041,-1.12
blend,1790398413.00,-0.002,-0.041,-1.13
blend,1790398413.51,-0.004,-0.041,-1.13
blend,1790398414.04,-0.002,-0.041,-1.14
blend,1790398414.50,-0.001,-0.041,-1.14
blend,1790398415.01,-0.001,-0.041,-1.14
blend,1790398415.53,-0.001,-0.041,-1.14
blend,1790398416.05,-0.000,-0.041,-1.14
blend,1790398416.51,-0.001,-0.041,-1.14
blend,1790398417.03,0.002,-0.041,-1.14
blend,1790398417.50,0.002,-0.041,-1.14
blend,1790398418.02,0.002,-0.041,-1.15
blend,1790398418.53,0.003,-0.041,-1.15
blend,1790398419.00,0.001,-0.041,-1.15
blend,1790398419.52,0.003,-0.041,-1.14
blend,1790398420.04,0.004,-0.041,-1.13
blend,1790398420.50,0.004,-0.041,-1.12
blend,1790398421.02,0.014,-0.041,-1.10
blend,1790398421.54,0.014,-0.041,-1.10
blend,1790398422.01,0.014,-0.041,-1.11
blend,1790398422.52,0.010,-0.041,-1.11
blend,1790398423.05,0.012,-0.041,-1.10
blend,1790398423.51,0.012,-0.041,-1.11
blend,1790398424.03,0.011,-0.041,-1.11
blend,1790398424.51,0.014,-0.041,-1.10
blend,1790398425.01,0.013,-0.041,-1.10
blend,1790398425.53,0.013,-0.041,-1.10
blend,1790398426.05,0.013,-0.041,-1.09
blend,1790398426.51,0.014,-0.041,-1.09
blend,1790398427.03,0.013,-0.041,-1.10
blend,1790398427.55,0.014,-0.041,-1.10
blend,1790398428.02,0.014,-0.041,-1.10
blend,1790398428.54,0.013,-0.041,-1.10
blend,1790398429.00,0.015,-0.041,-1.10
blend,1790398429.52,0.016,-0.041,-1.10
blend,1790398430.04,0.019,-0.041,-1.10
blend,1790398430.50,0.020,-0.041,-1.10
blend,1790398431.02,0.020,-0.041,-1.11
blend,1790398431.54,0.020,-0.041,-1.10
blend,1790398432.01,0.021,-0.041,-1.10
blend,1790398432.53,0.021,-0.041,-1.10
blend,1790398433.05,0.021,-0.041,-1.09
blend,1790398433.51,0.020,-0.041,-1.11
blend,1790398434.03,0.021,-0.041,-1.11
blend,1790398434.51,0.022,-0.041,-1.11
blend,1790398435.01,0.022,-0.041,-1.10
blend,1790398435.51,0.025,-0.041,-1.10
blend,1790398436.01,0.025,-0.041,-1.09
blend,1790398436.51,0.025,-0.041,-1.09
blend,1790398437.03,0.024,-0.041,-1.10
blend,1790398437.51,0.024,-0.041,-1.10
blend,1790398438.02,0.025,-0.041,-1.10
blend,1790398438.54,0.024,-0.041,-1.09
blend,1790398439.00,0.027,-0.041,-1.09
blend,1790398439.52,0.026,-0.041,-1.09
blend,1790398440.04,0.026,-0.041,-1.08
blend,1790398440.50,0.026,-0.041,-1.08
blend,1790398441.02,0.031,-0.041,-1.08
blend,1790398441.50,0.029,-0.041,-1.08
blend,1790398442.01,0.029,-0.041,-1.08
blend,1790398442.52,0.030,-0.041,-1.09
blend,1790398443.00,0.030,-0.041,-1.09
blend,1790398443.51,0.029,-0.041,-1.09
blend,1790398444.03,0.030,-0.041,-1.09
blend,1790398444.54,0.031,-0.041,-1.09
blend,1790398445.01,0.029,-0.041,-1.09
blend,1790398445.53,0.033,-0.041,-1.09
blend,1790398446.05,0.032,-0.041,-1.09
blend,1790398446.51,0.032,-0.041,-1.10
blend,1790398447.03,0.032,-0.041,-1.10
blend,1790398447.55,0.035,-0.041,-1.09
blend,1790398448.02,0.035,-0.041,-1.09
blend,1790398448.54,0.034,-0.041,-1.09
blend,1790398449.00,0.035,-0.041,-1.09
blend,1790398449.52,0.034,-0.041,-1.09
blend,1790398450.04,0.033,-0.041,-1.09
blend,1790398450.50,0.032,-0.041,-1.09
blend,1790398451.02,0.033,-0.041,-1.09
blend,1790398451.54,0.033,-0.041,-1.08
blend,1790398452.01,0.032,-0.041,-1.08
blend,1790398452.54,0.033,-0.041,-1.09
blend,1790398453.05,0.034,-0.041,-1.09
blend,1790398453.51,0.034,-0.041,-1.08
blend,1790398454.03,0.032,-0.041,-1.08
blend,1790398454.55,0.033,-0.041,-1.08
blend,1790398455.01,0.034,-0.041,-1.08
blend,1790398455.53,0.035,-0.041,-1.07
blend,1790398456.00,0.035,-0.041,-1.07
blend,1790398456.51,0.034,-0.041,-1.08
blend,1790398457.03,0.034,-0.041,-1.07
blend,1790398457.50,0.035,-0.041,-1.07
blend,1790398458.02,0.037,-0.041,-1.06
blend,1790398458.53,0.038,-0.041,-1.06
blend,1790398459.00,0.039,-0.041,-1.07
blend,1790398459.52,0.041,-0.041,-1.06
blend,1790398460.04,0.041,-0.041,-1.06
blend,1790398460.50,0.039,-0.041,-1.07
blend,1790398461.02,0.041,-0.042,-1.07
blend,1790398461.54,0.042,-0.042,-1.07
blend,1790398462.01,0.043,-0.042,-1.05
blend,1790398462.52,0.044,-0.042,-1.05
blend,1790398463.00,0.047,-0.042,-1.06
blend,1790398463.51,0.047,-0.042,-1.07
blend,1790398464.03,0.048,-0.042,-1.06
blend,1790398464.50,0.047,-0.042,-1.05
blend,1790398465.01,0.047,-0.042,-1.06
blend,1790398465.53,0.050,-0.042,-1.06
blend,1790398466.01,0.050,-0.042,-1.07
blend,1790398466.51,0.051,-0.042,-1.07
blend,1790398467.03,0.052,-0.042,-1.07
blend,1790398467.51,0.051,-0.042,-1.06
blend,1790398468.02,0.050,-0.042,-1.07
blend,1790398468.51,0.048,-0.042,-1.06
blend,1790398469.04,0.049,-0.042,-1.08
blend,1790398469.52,0.049,-0.042,-1.09
robot,1790397861.31,-0.000,0.000,0.00
robot,1790397861.51,-0.000,0.000,-0.00
robot,1790397862.01,-0.000,0.000,0.00
robot,1790397862.51,-0.000,0.000,-0.00
robot,1790397863.01,-0.000,0.000,0.02
robot,1790397863.51,-0.000,0.000,0.02
robot,1790397864.01,-0.000,0.000,0.03
robot,1790397864.51,-0.000,0.000,0.04
robot,1790397865.01,-0.000,0.000,0.05
robot,1790397865.51,-0.000,0.000,0.07
robot,1790397866.01,-0.000,0.000,0.07
robot,1790397866.51,-0.000,0.000,0.08
robot,1790397867.01,-0.000,0.000,0.09
robot,1790397867.51,-0.000,0.000,0.10
robot,1790397868.01,-0.000,0.000,0.09
robot,1790397868.51,-0.000,0.000,0.11
robot,1790397869.01,-0.000,0.000,0.11
robot,1790397869.51,-0.000,0.000,0.10
robot,1790397870.01,-0.000,0.000,0.11
robot,1790397870.51,-0.000,0.000,0.12
robot,1790397871.01,-0.000,0.000,0.12
robot,1790397871.51,-0.000,0.000,0.11
robot,1790397872.01,-0.000,0.000,0.12
robot,1790397872.51,-0.000,0.000,0.13
robot,1790397873.01,-0.000,0.000,0.14
robot,1790397873.51,-0.000,0.000,0.14
robot,1790397874.01,-0.000,0.000,0.14
robot,1790397874.51,-0.000,0.000,0.14
robot,1790397875.01,-0.000,0.000,0.16
robot,1790397875.51,-0.000,0.000,0.16
robot,1790397876.01,-0.000,0.000,0.16
robot,1790397876.51,-0.000,0.000,0.17
robot,1790397877.01,-0.000,0.000,0.17
robot,1790397877.51,-0.000,0.000,0.17
robot,1790397878.01,-0.000,0.000,0.18
robot,1790397878.51,-0.000,0.000,0.19
robot,1790397879.01,-0.000,0.000,0.19
robot,1790397879.51,-0.000,0.000,0.20
robot,1790397880.01,-0.000,0.000,0.18
robot,1790397880.51,-0.000,0.000,0.20
robot,1790397881.01,-0.000,0.000,0.20
robot,1790397881.51,-0.000,0.000,0.21
robot,1790397882.01,-0.000,0.000,0.20
robot,1790397882.51,-0.000,0.000,0.20
robot,1790397883.01,-0.000,0.000,0.21
robot,1790397883.51,-0.000,0.000,0.21
robot,1790397884.01,-0.000,0.000,0.20
robot,1790397884.51,-0.000,0.000,0.20
robot,1790397885.01,-0.000,0.000,0.20
robot,1790397885.51,-0.000,0.000,0.19
robot,1790397886.01,-0.000,0.000,0.19
robot,1790397886.51,-0.000,0.000,0.20
robot,1790397887.01,-0.000,0.000,0.20
robot,1790397887.51,-0.000,0.000,0.20
robot,1790397888.01,-0.000,0.000,0.22
robot,1790397888.51,-0.000,0.000,0.21
robot,1790397889.01,-0.000,0.000,0.22
robot,1790397889.51,-0.000,0.000,0.22
robot,1790397890.01,-0.000,0.000,0.22
robot,1790397890.51,-0.000,0.000,0.23
robot,1790397891.01,-0.000,0.000,0.25
robot,1790397891.51,-0.000,0.000,0.24
robot,1790397892.01,-0.000,0.000,0.26
robot,1790397892.51,-0.000,0.000,0.28
robot,1790397893.01,-0.000,0.000,0.29
robot,1790397893.51,-0.000,0.000,0.29
robot,1790397894.01,-0.000,0.000,0.30
robot,1790397894.51,-0.000,0.000,0.32
robot,1790397895.01,-0.000,0.000,0.32
robot,1790397895.51,-0.000,0.000,0.33
robot,1790397896.01,-0.000,0.000,0.33
robot,1790397896.51,-0.000,0.000,0.34
robot,1790397897.01,-0.000,0.000,0.35
robot,1790397897.51,-0.000,0.000,0.33
robot,1790397898.01,-0.000,0.000,0.32
robot,1790397898.51,-0.000,0.000,0.32
robot,1790397899.01,-0.000,0.000,0.32
robot,1790397899.51,-0.000,0.000,0.31
robot,1790397900.01,-0.000,0.000,0.32
robot,1790397900.51,-0.000,0.000,0.33
robot,1790397901.01,-0.000,0.000,0.33
robot,1790397901.51,-0.000,0.000,0.33
robot,1790397902.01,-0.000,0.000,0.34
robot,1790397902.51,-0.000,0.000,0.35
robot,1790397903.01,-0.000,0.000,0.36
robot,1790397903.51,-0.000,0.000,0.35
robot,1790397904.01,-0.000,0.000,0.36
robot,1790397904.51,-0.000,0.000,0.36
robot,1790397905.01,-0.000,0.000,0.36
robot,1790397905.51,-0.000,0.000,0.38
robot,1790397906.01,-0.000,0.000,0.39
robot,1790397906.51,-0.000,0.000,0.39
robot,1790397907.01,-0.000,0.000,0.38
robot,1790397907.51,-0.000,0.000,0.37
robot,1790397908.01,-0.000,0.000,0.38
robot,1790397908.51,-0.000,0.000,0.38
robot,1790397909.01,-0.000,0.000,0.37
robot,1790397909.51,-0.000,0.000,0.38
robot,1790397910.01,-0.000,0.000,0.36
robot,1790397910.51,-0.000,0.000,0.35
robot,1790397911.01,-0.000,0.000,0.37
robot,1790397911.51,-0.000,0.000,0.37
robot,1790397912.01,-0.000,0.000,0.35
robot,1790397912.51,-0.000,0.000,0.35
robot,1790397913.01,-0.000,0.000,0.35
robot,1790397913.51,-0.000,0.000,0.36
robot,1790397914.01,-0.000,0.000,0.38
robot,1790397914.51,-0.000,0.000,0.41
robot,1790397915.01,-0.000,0.000,0.40
robot,1790397915.51,-0.000,0.000,0.41
robot,1790397916.01,-0.000,0.000,0.42
robot,1790397916.51,-0.000,0.000,0.43
robot,1790397917.01,-0.000,0.000,0.42
robot,1790397917.51,-0.000,0.000,0.44
robot,1790397918.01,-0.000,0.000,0.47
robot,1790397918.51,-0.000,0.000,0.47
robot,1790397919.01,-0.000,0.000,0.47
robot,1790397919.51,-0.000,0.000,0.47
robot,1790397920.01,-0.000,0.000,0.48
robot,1790397920.51,-0.000,0.000,0.47
robot,1790397921.01,-0.000,0.000,0.48
robot,1790397921.51,-0.000,0.000,0.49
robot,1790397922.01,-0.000,0.000,0.49
robot,1790397922.51,-0.000,0.000,0.49
robot,1790397923.01,-0.000,0.000,0.48
robot,1790397923.51,-0.000,0.000,0.49
robot,1790397924.01,-0.000,0.000,0.49
robot,1790397924.51,-0.000,0.000,0.49
robot,1790397925.01,-0.000,0.000,0.49
robot,1790397925.51,-0.000,0.000,0.51
robot,1790397926.01,-0.000,0.000,0.52
robot,1790397926.51,-0.000,0.000,0.53
robot,1790397927.01,-0.000,0.000,0.56
robot,1790397927.51,-0.000,0.000,0.57
robot,1790397928.01,-0.000,0.000,0.57
robot,1790397928.51,0.004,0.000,0.56
robot,1790397929.01,0.032,0.000,0.61
robot,1790397929.51,0.109,0.001,0.71
robot,1790397930.01,0.209,0.002,0.71
robot,1790397930.51,0.313,0.004,0.78
robot,1790397931.01,0.420,0.005,0.84
robot,1790397931.51,0.525,0.007,0.87
robot,1790397932.01,0.631,0.009,0.96
robot,1790397932.51,0.733,0.010,0.99
robot,1790397933.01,0.839,0.012,1.05
robot,1790397933.51,0.959,0.014,1.07
robot,1790397934.01,1.079,0.017,1.15
robot,1790397934.51,1.199,0.019,1.22
robot,1790397935.01,1.319,0.022,1.25
robot,1790397935.51,1.435,0.024,1.31
robot,1790397936.01,1.553,0.027,1.32
robot,1790397936.51,1.676,0.030,1.39
robot,1790397937.01,1.796,0.033,1.45
robot,1790397937.51,1.915,0.036,1.49
robot,1790397938.01,2.037,0.039,1.58
robot,1790397938.51,2.155,0.043,1.65
robot,1790397939.01,2.275,0.046,1.65
robot,1790397939.51,2.393,0.050,1.69
robot,1790397940.01,2.510,0.053,1.70
robot,1790397940.51,2.631,0.057,1.74
robot,1790397941.01,2.752,0.060,1.85
robot,1790397941.51,2.873,0.064,1.91
robot,1790397942.01,2.995,0.069,1.98
robot,1790397942.51,3.118,0.073,2.07
robot,1790397943.01,3.242,0.077,2.07
robot,1790397943.51,3.369,0.082,2.11
robot,1790397944.01,3.494,0.087,2.18
robot,1790397944.51,3.633,0.092,2.22
robot,1790397945.01,3.767,0.097,2.26
robot,1790397945.51,3.907,0.103,2.32
robot,1790397946.01,4.050,0.109,2.38
robot,1790397946.51,4.187,0.115,2.46
robot,1790397947.01,4.330,0.121,2.49
robot,1790397947.51,4.481,0.127,2.56
robot,1790397948.01,4.631,0.134,2.62
robot,1790397948.51,4.782,0.141,2.67
robot,1790397949.01,4.935,0.148,2.73
robot,1790397949.51,5.084,0.156,2.78
robot,1790397950.01,5.235,0.163,2.85
robot,1790397950.51,5.385,0.171,2.91
robot,1790397951.01,5.535,0.179,2.98
robot,1790397951.51,5.682,0.186,3.09
robot,1790397952.01,5.833,0.195,3.14
robot,1790397952.51,5.984,0.203,3.22
robot,1790397953.01,6.133,0.211,3.27
robot,1790397953.51,6.283,0.220,3.35
robot,1790397954.01,6.435,0.229,3.39
robot,1790397954.51,6.580,0.238,3.44
robot,1790397955.01,6.728,0.246,3.50
robot,1790397955.51,6.882,0.256,3.56
robot,1790397956.01,7.034,0.265,3.62
robot,1790397956.51,7.190,0.275,3.69
robot,1790397957.01,7.347,0.285,3.75
robot,1790397957.51,7.501,0.296,3.80
robot,1790397958.01,7.656,0.306,3.88
robot,1790397958.51,7.811,0.317,3.90
robot,1790397959.01,7.963,0.327,3.95
robot,1790397959.51,8.118,0.338,3.97
robot,1790397960.01,8.274,0.349,4.04
robot,1790397960.51,8.429,0.360,4.11
robot,1790397961.01,8.583,0.371,4.12
robot,1790397961.51,8.738,0.382,4.18
robot,1790397962.01,8.891,0.393,4.20
robot,1790397962.51,9.046,0.405,4.28
robot,1790397963.01,9.201,0.416,4.35
robot,1790397963.51,9.359,0.429,4.43
robot,1790397964.01,9.522,0.441,4.53
robot,1790397964.51,9.687,0.454,4.63
robot,1790397965.01,9.863,0.469,4.63
robot,1790397965.51,10.037,0.483,4.73
robot,1790397966.01,10.211,0.497,4.77
robot,1790397966.51,10.387,0.512,4.84
robot,1790397967.01,10.566,0.528,4.97
robot,1790397967.51,10.748,0.543,5.01
robot,1790397968.01,10.924,0.559,5.10
robot,1790397968.51,11.103,0.575,5.14
robot,1790397969.01,11.272,0.590,5.17
robot,1790397969.51,11.358,0.598,5.26
robot,1790397970.01,11.377,0.600,5.22
robot,1790397970.51,11.376,0.600,5.22
robot,1790397971.01,11.376,0.600,5.21
robot,1790397971.51,11.376,0.600,5.23
robot,1790397972.01,11.376,0.600,5.24
robot,1790397972.51,11.376,0.600,5.25
robot,1790397973.01,11.376,0.600,5.25
robot,1790397973.51,11.376,0.600,5.26
robot,1790397974.01,11.376,0.600,5.25
robot,1790397974.51,11.376,0.600,5.25
robot,1790397975.01,11.376,0.600,5.19
robot,1790397975.51,11.378,0.600,-0.58
robot,1790397976.01,11.378,0.600,-7.73
robot,1790397976.51,11.377,0.600,-14.87
robot,1790397977.01,11.377,0.600,-22.07
robot,1790397977.51,11.378,0.600,-29.22
robot,1790397978.01,11.377,0.600,-36.30
robot,1790397978.51,11.378,0.600,-43.18
robot,1790397979.00,11.377,0.600,-50.14
robot,1790397979.51,11.377,0.600,-57.37
robot,1790397980.01,11.377,0.600,-64.40
robot,1790397980.51,11.377,0.601,-71.40
robot,1790397981.01,11.377,0.601,-78.37
robot,1790397981.51,11.377,0.601,-85.40
robot,1790397982.01,11.377,0.600,-87.08
robot,1790397982.51,11.377,0.600,-87.03
robot,1790397983.01,11.377,0.599,-87.03
robot,1790397983.51,11.377,0.599,-87.03
robot,1790397984.01,11.377,0.599,-87.02
robot,1790397984.51,11.377,0.599,-87.02
robot,1790397985.01,11.377,0.599,-87.01
robot,1790397985.51,11.376,0.624,-87.20
robot,1790397986.01,11.373,0.685,-87.25
robot,1790397986.51,11.370,0.744,-87.32
robot,1790397987.01,11.367,0.802,-87.37
robot,1790397987.51,11.366,0.831,-87.26
robot,1790397988.01,11.366,0.831,-87.25
robot,1790397988.51,11.366,0.831,-87.24
robot,1790397989.01,11.366,0.831,-87.22
robot,1790397989.51,11.366,0.831,-87.20
robot,1790397990.01,11.366,0.831,-87.18
robot,1790397990.51,11.366,0.831,-87.18
robot,1790397991.01,11.366,0.831,-87.18
robot,1790397991.51,11.366,0.831,-87.15
robot,1790397992.01,11.366,0.831,-87.15
robot,1790397992.51,11.366,0.831,-87.15
robot,1790397993.01,11.366,0.831,-87.14
robot,1790397993.51,11.366,0.831,-92.18
robot,1790397994.01,11.366,0.832,-102.14
robot,1790397994.51,11.366,0.832,-112.08
robot,1790397995.01,11.365,0.831,-122.07
robot,1790397995.51,11.366,0.832,-131.98
robot,1790397996.01,11.365,0.831,-141.79
robot,1790397996.51,11.365,0.831,-151.53
robot,1790397997.01,11.365,0.831,-161.45
robot,1790397997.51,11.364,0.831,-171.36
robot,1790397998.01,11.364,0.831,-180.51
robot,1790397998.51,11.366,0.831,-180.05
robot,1790397999.01,11.366,0.831,-180.01
robot,1790397999.51,11.366,0.831,-180.01
robot,1790398000.01,11.366,0.831,-180.00
robot,1790398000.51,11.366,0.831,-179.99
robot,1790398001.01,11.366,0.831,-179.98
robot,1790398001.51,11.366,0.831,-179.98
robot,1790398002.01,11.366,0.831,-179.99
robot,1790398002.51,11.366,0.831,-179.99
robot,1790398003.01,11.366,0.831,-179.98
robot,1790398003.51,11.366,0.831,-179.98
robot,1790398004.01,11.366,0.831,-179.97
robot,1790398004.51,11.369,0.831,-177.81
robot,1790398005.01,11.374,0.831,-174.11
robot,1790398005.51,11.379,0.832,-170.28
robot,1790398006.01,11.382,0.832,-166.71
robot,1790398006.51,11.384,0.833,-162.96
robot,1790398007.01,11.387,0.834,-160.17
robot,1790398007.51,11.387,0.834,-160.21
robot,1790398008.01,11.319,0.809,-159.96
robot,1790398008.51,11.196,0.764,-159.85
robot,1790398009.01,11.084,0.723,-159.78
robot,1790398009.51,10.978,0.684,-159.67
robot,1790398010.01,10.871,0.644,-159.58
robot,1790398010.51,10.798,0.617,-159.55
robot,1790398011.01,10.799,0.617,-159.56
robot,1790398011.51,10.800,0.618,-162.49
robot,1790398012.01,10.799,0.617,-168.37
robot,1790398012.51,10.788,0.615,-168.27
robot,1790398013.01,10.673,0.591,-168.41
robot,1790398013.51,10.498,0.555,-168.29
robot,1790398014.01,10.306,0.515,-168.29
robot,1790398014.51,10.128,0.479,-168.66
robot,1790398015.01,9.971,0.454,-173.82
robot,1790398015.51,9.804,0.436,-173.85
robot,1790398016.01,9.632,0.418,-173.89
robot,1790398016.51,9.455,0.399,-173.87
robot,1790398017.01,9.275,0.379,-173.79
robot,1790398017.51,9.096,0.360,-173.76
robot,1790398018.01,8.919,0.340,-173.70
robot,1790398018.51,8.735,0.320,-173.60
robot,1790398019.01,8.552,0.299,-173.57
robot,1790398019.51,8.371,0.280,-174.64
robot,1790398020.01,8.185,0.265,-176.37
robot,1790398020.51,8.001,0.254,-176.52
robot,1790398021.01,7.815,0.243,-176.61
robot,1790398021.51,7.633,0.232,-176.54
robot,1790398022.01,7.449,0.221,-176.62
robot,1790398022.51,7.263,0.210,-176.53
robot,1790398023.01,7.080,0.199,-176.49
robot,1790398023.51,6.890,0.187,-176.42
robot,1790398024.01,6.708,0.175,-176.34
robot,1790398024.51,6.525,0.163,-176.25
robot,1790398025.01,6.336,0.151,-176.23
robot,1790398025.51,6.154,0.139,-176.14
robot,1790398026.01,5.968,0.126,-176.08
robot,1790398026.51,5.784,0.113,-176.03
robot,1790398027.01,5.604,0.101,-175.96
robot,1790398027.51,5.419,0.087,-175.86
robot,1790398028.01,5.231,0.074,-175.80
robot,1790398028.51,5.046,0.060,-175.70
robot,1790398029.01,4.858,0.046,-175.64
robot,1790398029.51,4.677,0.032,-175.57
robot,1790398030.01,4.491,0.017,-175.53
robot,1790398030.51,4.305,0.003,-175.46
robot,1790398031.01,4.123,-0.012,-175.44
robot,1790398031.51,3.938,-0.027,-175.29
robot,1790398032.01,3.755,-0.042,-175.24
robot,1790398032.51,3.576,-0.057,-176.03
robot,1790398033.01,3.409,-0.066,-177.86
robot,1790398033.51,3.240,-0.069,-179.85
robot,1790398034.01,3.076,-0.067,-181.73
robot,1790398034.51,2.908,-0.059,-183.60
robot,1790398035.01,2.742,-0.046,-185.46
robot,1790398035.51,2.572,-0.027,-187.24
robot,1790398036.01,2.403,-0.005,-187.37
robot,1790398036.51,2.236,0.016,-187.37
robot,1790398037.01,2.064,0.039,-187.33
robot,1790398037.51,1.897,0.060,-187.31
robot,1790398038.01,1.732,0.081,-187.27
robot,1790398038.51,1.563,0.103,-187.18
robot,1790398039.01,1.393,0.124,-187.09
robot,1790398039.51,1.223,0.145,-187.03
robot,1790398040.01,1.054,0.166,-186.92
robot,1790398040.51,0.885,0.186,-186.86
robot,1790398041.01,0.728,0.205,-186.90
robot,1790398041.51,0.717,0.206,-186.84
robot,1790398042.01,0.717,0.206,-186.82
robot,1790398042.51,0.717,0.206,-186.81
robot,1790398043.01,0.717,0.206,-186.78
robot,1790398043.51,0.717,0.206,-186.78
robot,1790398044.01,0.717,0.206,-186.76
robot,1790398044.51,0.717,0.206,-186.75
robot,1790398045.01,0.717,0.206,-186.74
robot,1790398045.51,0.717,0.206,-186.73
robot,1790398046.01,0.717,0.206,-186.73
robot,1790398046.51,0.717,0.206,-186.73
robot,1790398047.01,0.717,0.206,-186.69
robot,1790398047.51,0.717,0.206,-186.69
robot,1790398048.01,0.717,0.206,-186.69
robot,1790398048.51,0.717,0.206,-186.70
robot,1790398049.01,0.717,0.206,-186.69
robot,1790398049.51,0.717,0.206,-186.68
robot,1790398050.01,0.717,0.206,-186.58
robot,1790398050.51,0.717,0.206,-180.92
robot,1790398051.01,0.717,0.206,-174.18
robot,1790398051.51,0.717,0.206,-167.24
robot,1790398052.01,0.717,0.206,-160.29
robot,1790398052.51,0.716,0.206,-153.56
robot,1790398053.01,0.716,0.206,-146.78
robot,1790398053.51,0.717,0.206,-139.81
robot,1790398054.01,0.717,0.206,-133.13
robot,1790398054.51,0.717,0.206,-126.35
robot,1790398055.01,0.717,0.206,-119.81
robot,1790398055.51,0.716,0.205,-113.23
robot,1790398056.01,0.717,0.206,-106.63
robot,1790398056.51,0.717,0.206,-99.95
robot,1790398057.01,0.717,0.207,-93.24
robot,1790398057.51,0.717,0.206,-91.38
robot,1790398058.01,0.717,0.206,-91.39
robot,1790398058.51,0.717,0.206,-91.40
robot,1790398059.01,0.717,0.206,-91.40
robot,1790398059.51,0.717,0.206,-91.41
robot,1790398060.01,0.717,0.206,-91.41
robot,1790398060.51,0.717,0.206,-91.39
robot,1790398061.01,0.717,0.206,-91.41
robot,1790398061.51,0.717,0.206,-91.41
robot,1790398062.01,0.717,0.207,-89.87
robot,1790398062.51,0.717,0.207,-83.83
robot,1790398063.01,0.717,0.206,-76.89
robot,1790398063.51,0.717,0.207,-69.80
robot,1790398064.01,0.717,0.207,-62.46
robot,1790398064.51,0.717,0.207,-54.85
robot,1790398065.01,0.717,0.206,-47.18
robot,1790398065.51,0.717,0.206,-39.58
robot,1790398066.01,0.716,0.207,-31.83
robot,1790398066.51,0.715,0.207,-24.07
robot,1790398067.01,0.715,0.207,-16.34
robot,1790398067.51,0.715,0.207,-8.56
robot,1790398068.01,0.716,0.207,-1.08
robot,1790398068.51,0.716,0.207,2.57
robot,1790398069.01,0.716,0.207,2.53
robot,1790398069.51,0.716,0.207,2.53
robot,1790398070.01,0.716,0.207,2.50
robot,1790398070.51,0.716,0.207,2.50
robot,1790398071.01,0.716,0.207,2.48
robot,1790398071.51,0.716,0.207,2.49
robot,1790398072.01,0.742,0.208,2.62
robot,1790398072.51,0.836,0.212,2.73
robot,1790398073.01,0.952,0.218,2.87
robot,1790398073.51,1.107,0.226,3.05
robot,1790398074.01,1.266,0.235,3.16
robot,1790398074.51,1.424,0.244,3.21
robot,1790398075.01,1.590,0.253,3.29
robot,1790398075.51,1.758,0.263,3.37
robot,1790398076.01,1.930,0.273,3.44
robot,1790398076.51,2.107,0.284,3.53
robot,1790398077.01,2.279,0.295,3.59
robot,1790398077.51,2.455,0.306,3.67
robot,1790398078.01,2.627,0.317,3.73
robot,1790398078.51,2.804,0.329,3.80
robot,1790398079.01,2.983,0.341,3.90
robot,1790398079.51,3.166,0.353,3.95
robot,1790398080.01,3.363,0.367,4.06
robot,1790398080.51,3.557,0.381,4.16
robot,1790398081.01,3.754,0.395,4.24
robot,1790398081.51,3.954,0.410,4.34
robot,1790398082.01,4.152,0.425,4.41
robot,1790398082.51,4.352,0.441,4.50
robot,1790398083.01,4.554,0.457,4.56
robot,1790398083.51,4.750,0.473,4.63
robot,1790398084.01,4.951,0.489,4.73
robot,1790398084.51,5.152,0.506,4.79
robot,1790398085.01,5.352,0.523,4.87
robot,1790398085.51,5.549,0.540,4.91
robot,1790398086.01,5.748,0.557,5.03
robot,1790398086.51,5.950,0.575,5.09
robot,1790398087.01,6.150,0.593,5.18
robot,1790398087.51,6.347,0.611,5.10
robot,1790398088.01,6.543,0.622,1.01
robot,1790398088.51,6.739,0.618,-3.92
robot,1790398089.01,6.939,0.595,-8.94
robot,1790398089.51,7.134,0.556,-14.12
robot,1790398090.01,7.323,0.499,-19.46
robot,1790398090.51,7.504,0.426,-24.63
robot,1790398091.01,7.687,0.338,-25.93
robot,1790398091.51,7.865,0.251,-26.01
robot,1790398092.01,8.042,0.165,-25.95
robot,1790398092.51,8.227,0.084,-20.12
robot,1790398093.01,8.411,0.028,-14.51
robot,1790398093.51,8.607,-0.014,-8.97
robot,1790398094.01,8.804,-0.034,-3.25
robot,1790398094.51,8.999,-0.040,-0.08
robot,1790398095.01,9.197,-0.038,0.60
robot,1790398095.51,9.401,-0.036,0.75
robot,1790398096.01,9.600,-0.033,0.96
robot,1790398096.51,9.796,-0.030,1.07
robot,1790398097.01,10.002,-0.026,1.14
robot,1790398097.51,10.200,-0.022,1.21
robot,1790398098.01,10.401,-0.017,1.32
robot,1790398098.51,10.601,-0.013,1.42
robot,1790398099.01,10.800,-0.007,1.48
robot,1790398099.51,11.002,-0.002,1.62
robot,1790398100.01,11.198,0.004,1.72
robot,1790398100.51,11.399,0.010,1.79
robot,1790398101.01,11.600,0.016,1.89
robot,1790398101.51,11.793,0.026,5.42
robot,1790398102.01,11.964,0.052,12.05
robot,1790398102.51,12.098,0.088,19.10
robot,1790398103.01,12.178,0.121,27.74
robot,1790398103.51,12.216,0.147,41.43
robot,1790398104.01,12.242,0.177,55.32
robot,1790398104.51,12.262,0.213,69.34
robot,1790398105.01,12.272,0.251,83.28
robot,1790398105.51,12.272,0.290,97.32
robot,1790398106.01,12.269,0.306,99.64
robot,1790398106.51,12.269,0.306,99.63
robot,1790398107.01,12.269,0.306,99.61
robot,1790398107.51,12.269,0.306,99.62
robot,1790398108.01,12.269,0.306,99.62
robot,1790398108.51,12.269,0.306,99.63
robot,1790398109.01,12.269,0.306,99.64
robot,1790398109.51,12.269,0.306,99.64
robot,1790398110.01,12.269,0.306,99.65
robot,1790398110.51,12.269,0.306,99.67
robot,1790398111.01,12.269,0.306,99.66
robot,1790398111.51,12.269,0.306,99.67
robot,1790398112.01,12.269,0.306,99.89
robot,1790398112.51,12.271,0.298,102.90
robot,1790398113.01,12.274,0.287,108.36
robot,1790398113.51,12.280,0.272,114.54
robot,1790398114.01,12.289,0.254,121.17
robot,1790398114.51,12.303,0.234,128.12
robot,1790398115.01,12.321,0.214,135.35
robot,1790398115.51,12.341,0.197,142.56
robot,1790398116.01,12.358,0.185,144.87
robot,1790398116.51,12.358,0.185,144.85
robot,1790398117.01,12.358,0.185,144.83
robot,1790398117.51,12.318,0.213,144.94
robot,1790398118.01,12.284,0.237,144.95
robot,1790398118.51,12.285,0.236,147.21
robot,1790398119.01,12.285,0.236,152.52
robot,1790398119.51,12.285,0.236,158.55
robot,1790398120.01,12.285,0.236,165.48
robot,1790398120.51,12.284,0.236,172.87
robot,1790398121.01,12.284,0.236,178.97
robot,1790398121.51,12.285,0.236,178.88
robot,1790398122.01,12.228,0.237,179.06
robot,1790398122.51,12.154,0.239,179.15
robot,1790398123.01,12.075,0.240,179.23
robot,1790398123.51,11.974,0.241,179.42
robot,1790398124.01,11.810,0.242,179.52
robot,1790398124.51,11.619,0.244,179.57
robot,1790398125.01,11.417,0.245,179.73
robot,1790398125.51,11.218,0.246,179.84
robot,1790398126.01,11.016,0.246,179.91
robot,1790398126.51,10.822,0.246,180.02
robot,1790398127.01,10.621,0.246,180.14
robot,1790398127.51,10.420,0.245,180.23
robot,1790398128.01,10.221,0.244,180.34
robot,1790398128.51,10.023,0.243,180.43
robot,1790398129.01,9.818,0.241,180.51
robot,1790398129.51,9.624,0.239,180.60
robot,1790398130.01,9.425,0.237,180.71
robot,1790398130.51,9.221,0.234,180.81
robot,1790398131.01,9.023,0.231,180.86
robot,1790398131.51,8.823,0.228,180.98
robot,1790398132.01,8.618,0.225,181.11
robot,1790398132.51,8.418,0.221,181.11
robot,1790398133.01,8.218,0.217,181.18
robot,1790398133.51,8.021,0.213,181.27
robot,1790398134.01,7.823,0.208,181.33
robot,1790398134.51,7.622,0.203,181.37
robot,1790398135.01,7.421,0.198,181.46
robot,1790398135.51,7.220,0.193,181.60
robot,1790398136.01,7.022,0.188,181.62
robot,1790398136.51,6.821,0.182,181.64
robot,1790398137.01,6.620,0.176,181.81
robot,1790398137.51,6.422,0.169,181.87
robot,1790398138.01,6.221,0.163,181.92
robot,1790398138.51,6.023,0.156,182.02
robot,1790398139.01,5.823,0.149,182.12
robot,1790398139.51,5.622,0.139,184.36
robot,1790398140.01,5.425,0.116,187.64
robot,1790398140.51,5.232,0.090,187.77
robot,1790398141.01,5.031,0.062,187.99
robot,1790398141.51,4.834,0.034,188.12
robot,1790398142.01,4.637,0.006,188.22
robot,1790398142.51,4.435,-0.023,188.28
robot,1790398143.01,4.238,-0.052,188.33
robot,1790398143.51,4.040,-0.081,188.49
robot,1790398144.01,3.842,-0.112,189.70
robot,1790398144.51,3.648,-0.150,192.00
robot,1790398145.01,3.453,-0.192,192.18
robot,1790398145.51,3.260,-0.234,192.32
robot,1790398146.01,3.063,-0.277,192.44
robot,1790398146.51,2.869,-0.320,192.35
robot,1790398147.01,2.674,-0.356,187.99
robot,1790398147.51,2.477,-0.377,184.78
robot,1790398148.01,2.276,-0.394,184.77
robot,1790398148.51,2.079,-0.410,184.77
robot,1790398149.01,1.879,-0.427,184.84
robot,1790398149.51,1.679,-0.444,184.89
robot,1790398150.01,1.482,-0.461,184.96
robot,1790398150.51,1.283,-0.478,185.02
robot,1790398151.01,1.082,-0.496,185.11
robot,1790398151.51,0.884,-0.514,185.20
robot,1790398152.01,0.682,-0.532,185.28
robot,1790398152.51,0.486,-0.551,185.38
robot,1790398153.01,0.324,-0.566,185.41
robot,1790398153.51,0.251,-0.573,185.37
robot,1790398154.01,0.149,-0.583,185.34
robot,1790398154.51,0.151,-0.582,185.36
robot,1790398155.01,0.151,-0.582,185.39
robot,1790398155.51,0.151,-0.582,185.40
robot,1790398156.01,0.151,-0.582,185.39
robot,1790398156.51,0.151,-0.582,185.39
robot,1790398157.01,0.151,-0.582,185.40
robot,1790398157.51,0.151,-0.582,185.41
robot,1790398158.01,0.151,-0.582,185.42
robot,1790398158.51,0.150,-0.582,181.30
robot,1790398159.01,0.151,-0.582,174.13
robot,1790398159.51,0.150,-0.582,166.83
robot,1790398160.01,0.152,-0.583,159.60
robot,1790398160.51,0.151,-0.582,152.21
robot,1790398161.01,0.151,-0.583,144.71
robot,1790398161.51,0.150,-0.582,137.32
robot,1790398162.01,0.151,-0.582,130.14
robot,1790398162.51,0.152,-0.583,122.78
robot,1790398163.01,0.151,-0.582,115.56
robot,1790398163.51,0.151,-0.583,108.24
robot,1790398164.01,0.151,-0.582,100.91
robot,1790398164.51,0.151,-0.582,93.56
robot,1790398165.01,0.151,-0.583,90.76
robot,1790398165.51,0.151,-0.582,90.77
robot,1790398166.01,0.151,-0.582,90.80
robot,1790398166.51,0.151,-0.582,90.81
robot,1790398167.01,0.151,-0.582,90.82
robot,1790398167.51,0.151,-0.582,90.84
robot,1790398168.01,0.151,-0.582,90.84
robot,1790398168.51,0.151,-0.584,90.76
robot,1790398169.01,0.152,-0.623,90.67
robot,1790398169.51,0.153,-0.695,90.58
robot,1790398170.01,0.154,-0.779,90.55
robot,1790398170.51,0.155,-0.872,90.52
robot,1790398171.01,0.155,-0.986,90.43
robot,1790398171.51,0.156,-1.106,90.46
robot,1790398172.01,0.157,-1.226,90.41
robot,1790398172.51,0.158,-1.352,90.30
robot,1790398173.01,0.159,-1.477,90.37
robot,1790398173.51,0.159,-1.601,90.35
robot,1790398174.01,0.160,-1.728,90.27
robot,1790398174.51,0.161,-1.861,90.24
robot,1790398175.01,0.161,-2.001,90.21
robot,1790398175.51,0.162,-2.139,90.13
robot,1790398176.01,0.162,-2.278,90.08
robot,1790398176.51,0.162,-2.419,90.02
robot,1790398177.01,0.162,-2.557,89.99
robot,1790398177.51,0.162,-2.700,90.03
robot,1790398178.01,0.162,-2.841,89.94
robot,1790398178.51,0.162,-2.982,89.88
robot,1790398179.01,0.161,-3.128,89.82
robot,1790398179.51,0.161,-3.269,89.76
robot,1790398180.01,0.160,-3.408,89.83
robot,1790398180.51,0.160,-3.553,89.76
robot,1790398181.01,0.159,-3.698,89.72
robot,1790398181.51,0.158,-3.844,89.59
robot,1790398182.01,0.158,-3.990,89.58
robot,1790398182.51,0.157,-4.134,89.58
robot,1790398183.01,0.155,-4.279,89.52
robot,1790398183.51,0.154,-4.426,89.48
robot,1790398184.01,0.153,-4.570,89.47
robot,1790398184.51,0.152,-4.713,89.45
robot,1790398185.01,0.150,-4.859,89.41
robot,1790398185.51,0.148,-5.011,89.39
robot,1790398186.01,0.147,-5.162,89.25
robot,1790398186.51,0.144,-5.311,89.22
robot,1790398187.01,0.142,-5.461,89.21
robot,1790398187.51,0.140,-5.609,89.19
robot,1790398188.01,0.138,-5.757,89.21
robot,1790398188.51,0.136,-5.911,89.15
robot,1790398189.01,0.134,-6.060,89.14
robot,1790398189.51,0.132,-6.209,89.12
robot,1790398190.01,0.129,-6.363,89.14
robot,1790398190.51,0.127,-6.510,89.09
robot,1790398191.01,0.125,-6.659,89.03
robot,1790398191.51,0.122,-6.809,88.98
robot,1790398192.01,0.119,-6.958,88.88
robot,1790398192.51,0.117,-7.078,88.91
robot,1790398193.01,0.117,-7.079,88.92
robot,1790398193.51,0.117,-7.079,88.91
robot,1790398194.01,0.117,-7.079,88.91
robot,1790398195.11,0.117,-7.079,85.09
robot,1790398195.51,0.117,-7.079,85.12
robot,1790398196.01,0.117,-7.079,85.13
robot,1790398196.51,0.117,-7.079,85.15
robot,1790398197.01,0.117,-7.079,85.15
robot,1790398197.51,0.120,-7.044,85.06
robot,1790398198.01,0.128,-6.956,84.99
robot,1790398198.51,0.135,-6.873,85.01
robot,1790398199.01,0.144,-6.763,85.00
robot,1790398199.51,0.157,-6.622,85.04
robot,1790398200.01,0.169,-6.480,85.05
robot,1790398200.51,0.181,-6.342,85.12
robot,1790398201.01,0.193,-6.201,85.17
robot,1790398201.51,0.204,-6.068,85.26
robot,1790398202.01,0.215,-5.935,85.32
robot,1790398202.51,0.226,-5.800,85.41
robot,1790398203.01,0.236,-5.677,85.63
robot,1790398203.51,0.246,-5.539,85.84
robot,1790398204.01,0.258,-5.368,85.98
robot,1790398204.51,0.271,-5.184,86.03
robot,1790398205.01,0.284,-5.001,86.11
robot,1790398205.51,0.296,-4.812,86.18
robot,1790398206.01,0.309,-4.624,86.26
robot,1790398206.51,0.321,-4.439,86.37
robot,1790398207.01,0.325,-4.380,86.34
robot,1790398207.51,0.325,-4.380,86.35
robot,1790398208.01,0.325,-4.380,86.36
robot,1790398208.51,0.325,-4.380,86.37
robot,1790398209.01,0.325,-4.380,86.36
robot,1790398209.51,0.326,-4.362,86.24
robot,1790398210.01,0.335,-4.221,86.23
robot,1790398210.51,0.345,-4.075,86.34
robot,1790398211.01,0.354,-3.920,86.35
robot,1790398211.51,0.364,-3.763,86.42
robot,1790398212.01,0.374,-3.609,86.51
robot,1790398212.51,0.383,-3.451,86.55
robot,1790398213.01,0.392,-3.297,86.68
robot,1790398213.51,0.402,-3.143,86.68
robot,1790398214.01,0.411,-2.986,86.75
robot,1790398214.51,0.419,-2.833,86.73
robot,1790398215.01,0.428,-2.679,86.84
robot,1790398215.51,0.436,-2.523,86.93
robot,1790398216.01,0.442,-2.410,86.97
robot,1790398216.51,0.448,-2.305,87.08
robot,1790398217.01,0.456,-2.151,86.99
robot,1790398217.51,0.464,-2.004,87.05
robot,1790398218.01,0.471,-1.851,87.09
robot,1790398218.51,0.479,-1.704,87.17
robot,1790398219.01,0.486,-1.562,87.23
robot,1790398219.51,0.490,-1.476,87.18
robot,1790398220.01,0.490,-1.478,87.21
robot,1790398220.51,0.490,-1.478,87.23
robot,1790398221.01,0.490,-1.478,87.23
robot,1790398221.51,0.490,-1.478,87.24
robot,1790398222.01,0.490,-1.478,87.25
robot,1790398222.51,0.490,-1.478,87.26
robot,1790398223.01,0.490,-1.478,87.26
robot,1790398223.51,0.490,-1.478,87.25
robot,1790398224.01,0.490,-1.466,87.27
robot,1790398224.51,0.493,-1.404,87.31
robot,1790398225.01,0.497,-1.324,87.34
robot,1790398225.51,0.501,-1.246,87.36
robot,1790398226.01,0.504,-1.174,87.41
robot,1790398226.51,0.507,-1.103,87.44
robot,1790398227.01,0.511,-1.020,87.47
robot,1790398227.87,0.517,-0.875,87.55
robot,1790398228.01,0.518,-0.850,87.56
robot,1790398228.51,0.522,-0.766,87.59
robot,1790398229.01,0.525,-0.681,87.64
robot,1790398230.11,0.536,-0.475,84.23
robot,1790398230.51,0.548,-0.390,79.62
robot,1790398231.01,0.577,-0.283,67.83
robot,1790398231.51,0.631,-0.189,52.20
robot,1790398232.01,0.709,-0.112,36.40
robot,1790398232.51,0.805,-0.059,20.33
robot,1790398233.01,0.913,-0.034,4.49
robot,1790398233.51,0.936,-0.034,2.69
robot,1790398234.01,0.936,-0.034,2.70
robot,1790398234.51,0.936,-0.034,2.71
robot,1790398235.01,0.936,-0.034,2.71
robot,1790398235.51,0.936,-0.034,2.70
robot,1790398236.01,0.936,-0.034,2.72
robot,1790398236.51,0.936,-0.034,2.72
robot,1790398237.01,0.936,-0.034,2.72
robot,1790398237.51,0.944,-0.033,2.51
robot,1790398238.01,1.102,-0.026,2.56
robot,1790398238.51,1.295,-0.018,2.55
robot,1790398239.01,1.483,-0.009,2.62
robot,1790398239.51,1.610,-0.003,2.57
robot,1790398240.01,1.615,-0.003,2.57
robot,1790398240.51,1.615,-0.003,2.58
robot,1790398241.01,1.615,-0.003,2.59
robot,1790398241.51,1.615,-0.003,2.59
robot,1790398242.01,1.615,-0.003,2.58
robot,1790398242.51,1.615,-0.003,2.58
robot,1790398243.01,1.615,-0.003,2.56
robot,1790398243.51,1.615,-0.003,2.56
robot,1790398244.01,1.615,-0.003,2.57
robot,1790398244.51,1.615,-0.003,2.57
robot,1790398245.01,1.615,-0.003,2.55
robot,1790398245.51,1.615,-0.003,2.54
robot,1790398246.01,1.615,-0.003,2.54
robot,1790398246.51,1.615,-0.003,2.56
robot,1790398247.01,1.615,-0.003,2.57
robot,1790398247.51,1.615,-0.003,2.58
robot,1790398248.01,1.615,-0.003,2.58
robot,1790398248.51,1.615,-0.003,2.59
robot,1790398249.01,1.615,-0.003,2.59
robot,1790398249.51,1.615,-0.003,2.59
robot,1790398250.01,1.615,-0.003,2.58
robot,1790398250.51,1.615,-0.003,2.58
robot,1790398251.01,1.615,-0.003,2.57
robot,1790398251.51,1.615,-0.003,2.57
robot,1790398252.01,1.615,-0.003,2.58
robot,1790398252.51,1.615,-0.003,2.60
robot,1790398253.01,1.615,-0.003,2.60
robot,1790398253.51,1.615,-0.003,2.60
robot,1790398254.01,1.615,-0.003,2.61
robot,1790398254.51,1.615,-0.003,2.61
robot,1790398255.01,1.615,-0.003,2.59
robot,1790398255.51,1.615,-0.003,2.60
robot,1790398256.01,1.615,-0.003,2.60
robot,1790398256.51,1.615,-0.003,2.61
robot,1790398257.01,1.615,-0.003,2.62
robot,1790398257.51,1.615,-0.003,2.62
robot,1790398258.01,1.615,-0.003,2.63
robot,1790398258.51,1.615,-0.003,2.64
robot,1790398259.01,1.615,-0.003,2.64
robot,1790398259.51,1.615,-0.003,2.64
robot,1790398260.01,1.615,-0.003,2.66
robot,1790398260.51,1.615,-0.003,2.66
robot,1790398261.01,1.615,-0.003,2.66
robot,1790398261.51,1.615,-0.003,2.69
robot,1790398262.01,1.615,-0.003,2.69
robot,1790398262.51,1.615,-0.003,2.70
robot,1790398263.01,1.615,-0.003,2.70
robot,1790398263.51,1.615,-0.003,2.69
robot,1790398264.01,1.615,-0.003,2.69
robot,1790398264.51,1.615,-0.003,2.70
robot,1790398265.01,1.615,-0.003,2.71
robot,1790398265.51,1.615,-0.003,2.71
robot,1790398266.01,1.615,-0.003,2.71
robot,1790398266.51,1.615,-0.003,2.72
robot,1790398267.01,1.615,-0.003,2.71
robot,1790398267.51,1.615,-0.003,2.69
robot,1790398268.01,1.615,-0.003,2.71
robot,1790398268.51,1.615,-0.003,2.71
robot,1790398269.01,1.615,-0.003,2.73
robot,1790398269.51,1.615,-0.003,2.74
robot,1790398270.01,1.615,-0.003,2.74
robot,1790398270.51,1.615,-0.003,2.75
robot,1790398271.01,1.615,-0.003,2.74
robot,1790398271.51,1.615,-0.003,2.75
robot,1790398272.01,1.615,-0.003,2.76
robot,1790398272.51,1.615,-0.003,2.76
robot,1790398273.01,1.615,-0.003,2.77
robot,1790398273.51,1.615,-0.003,2.78
robot,1790398274.01,1.615,-0.003,2.78
robot,1790398274.51,1.615,-0.003,2.76
robot,1790398275.01,1.615,-0.003,2.77
robot,1790398275.51,1.615,-0.003,2.76
robot,1790398276.01,1.615,-0.003,2.76
robot,1790398276.51,1.615,-0.003,2.77
robot,1790398277.01,1.615,-0.003,2.78
robot,1790398277.51,1.615,-0.003,2.79
robot,1790398278.01,1.615,-0.003,2.78
robot,1790398278.51,1.615,-0.003,2.79
robot,1790398279.01,1.615,-0.003,2.82
robot,1790398279.51,1.615,-0.003,2.82
robot,1790398280.01,1.615,-0.003,2.82
robot,1790398280.51,1.615,-0.003,2.83
robot,1790398281.01,1.615,-0.003,2.84
robot,1790398281.51,1.615,-0.003,2.84
robot,1790398282.01,1.615,-0.003,2.85
robot,1790398282.51,1.615,-0.003,2.85
robot,1790398283.01,1.615,-0.003,2.84
robot,1790398283.51,1.615,-0.003,2.84
robot,1790398284.01,1.615,-0.003,2.85
robot,1790398284.51,1.615,-0.003,2.85
robot,1790398285.01,1.615,-0.003,2.86
robot,1790398285.51,1.615,-0.003,2.86
robot,1790398286.01,1.615,-0.003,2.87
robot,1790398286.51,1.615,-0.003,2.89
robot,1790398287.01,1.615,-0.003,2.87
robot,1790398287.51,1.615,-0.003,2.88
robot,1790398288.01,1.615,-0.003,2.88
robot,1790398288.51,1.615,-0.003,2.88
robot,1790398289.01,1.615,-0.003,2.89
robot,1790398289.51,1.615,-0.003,2.88
robot,1790398290.01,1.615,-0.003,2.89
robot,1790398290.51,1.615,-0.003,2.88
robot,1790398291.01,1.615,-0.003,2.89
robot,1790398291.51,1.615,-0.003,2.90
robot,1790398292.01,1.615,-0.003,2.90
robot,1790398292.51,1.615,-0.003,2.91
robot,1790398293.01,1.615,-0.003,2.91
robot,1790398293.51,1.615,-0.003,2.93
robot,1790398294.01,1.615,-0.003,2.93
robot,1790398294.51,1.615,-0.003,2.92
robot,1790398295.01,1.615,-0.003,2.91
robot,1790398295.51,1.615,-0.003,2.92
robot,1790398296.01,1.615,-0.003,2.92
robot,1790398296.51,1.615,-0.003,2.91
robot,1790398297.01,1.615,-0.003,2.90
robot,1790398297.51,1.615,-0.003,2.93
robot,1790398298.01,1.615,-0.003,2.91
robot,1790398298.51,1.615,-0.003,2.91
robot,1790398299.01,1.615,-0.003,2.92
robot,1790398299.51,1.615,-0.003,2.93
robot,1790398300.01,1.615,-0.003,2.94
robot,1790398300.51,1.615,-0.003,2.93
robot,1790398301.01,1.615,-0.003,2.91
robot,1790398301.51,1.615,-0.003,2.93
robot,1790398302.01,1.615,-0.003,2.93
robot,1790398302.51,1.615,-0.003,2.93
robot,1790398303.01,1.615,-0.003,2.95
robot,1790398303.51,1.615,-0.003,2.96
robot,1790398304.01,1.615,-0.003,2.95
robot,1790398304.51,1.615,-0.003,2.96
robot,1790398305.01,1.615,-0.003,2.93
robot,1790398305.51,1.618,-0.003,2.58
robot,1790398306.01,1.779,0.004,2.67
robot,1790398306.51,1.983,0.014,2.71
robot,1790398307.01,2.181,0.024,2.84
robot,1790398307.51,2.380,0.034,2.94
robot,1790398308.01,2.581,0.044,2.97
robot,1790398308.51,2.780,0.055,3.05
robot,1790398309.01,2.982,0.065,3.12
robot,1790398309.51,3.179,0.076,3.23
robot,1790398310.01,3.378,0.088,3.28
robot,1790398310.51,3.577,0.099,3.34
robot,1790398311.01,3.777,0.111,3.44
robot,1790398311.51,3.978,0.123,3.49
robot,1790398312.01,4.180,0.136,3.59
robot,1790398312.51,4.377,0.148,3.67
robot,1790398313.01,4.582,0.161,3.76
robot,1790398313.51,4.779,0.174,3.82
robot,1790398314.01,4.978,0.188,3.88
robot,1790398314.51,5.175,0.201,3.94
robot,1790398315.01,5.378,0.215,4.01
robot,1790398315.51,5.576,0.229,4.05
robot,1790398316.01,5.776,0.244,4.19
robot,1790398316.51,5.973,0.258,4.27
robot,1790398317.61,6.415,0.292,4.40
robot,1790398318.01,6.574,0.304,4.48
robot,1790398318.51,6.774,0.320,4.52
robot,1790398319.01,6.973,0.336,4.60
robot,1790398319.51,7.174,0.352,4.68
robot,1790398320.01,7.373,0.368,4.77
robot,1790398320.51,7.572,0.385,4.79
robot,1790398321.01,7.775,0.402,4.80
robot,1790398321.51,7.971,0.419,4.91
robot,1790398322.01,8.170,0.436,5.00
robot,1790398322.51,8.373,0.454,5.09
robot,1790398323.01,8.567,0.471,5.20
robot,1790398323.51,8.765,0.489,5.24
robot,1790398324.01,8.968,0.508,5.29
robot,1790398324.51,9.166,0.526,5.39
robot,1790398325.01,9.363,0.545,5.49
robot,1790398325.51,9.565,0.565,5.55
robot,1790398326.01,9.764,0.584,5.60
robot,1790398326.51,9.960,0.604,5.73
robot,1790398327.01,10.163,0.624,5.77
robot,1790398327.51,10.359,0.644,5.86
robot,1790398328.01,10.560,0.665,5.93
robot,1790398328.51,10.759,0.685,5.99
robot,1790398329.01,10.957,0.706,6.05
robot,1790398329.51,11.157,0.728,6.07
robot,1790398330.01,11.354,0.749,6.15
robot,1790398330.51,11.552,0.770,6.22
robot,1790398331.01,11.620,0.778,6.21
robot,1790398331.51,11.620,0.778,6.23
robot,1790398332.01,11.620,0.778,6.27
robot,1790398332.51,11.620,0.778,6.28
robot,1790398333.01,11.620,0.778,6.28
robot,1790398333.51,11.620,0.777,6.27
robot,1790398334.01,11.552,0.770,6.27
robot,1790398334.51,11.435,0.757,6.32
robot,1790398335.01,11.308,0.743,6.21
robot,1790398335.51,11.165,0.728,6.18
robot,1790398336.01,10.998,0.710,6.18
robot,1790398336.51,10.821,0.691,6.12
robot,1790398337.01,10.650,0.672,6.08
robot,1790398337.51,10.474,0.654,6.00
robot,1790398338.01,10.297,0.635,5.94
robot,1790398338.51,10.113,0.616,5.98
robot,1790398339.01,9.933,0.597,5.90
robot,1790398339.51,9.757,0.579,5.80
robot,1790398340.01,9.568,0.560,5.75
robot,1790398340.51,9.373,0.537,7.83
robot,1790398341.01,9.180,0.506,10.43
robot,1790398341.51,8.984,0.466,12.03
robot,1790398342.01,8.789,0.424,12.15
robot,1790398342.51,8.596,0.389,8.10
robot,1790398343.01,8.394,0.363,8.35
robot,1790398343.51,8.204,0.322,15.43
robot,1790398344.01,8.014,0.269,15.66
robot,1790398344.51,7.824,0.221,10.07
robot,1790398345.01,7.627,0.206,-0.37
robot,1790398345.51,7.430,0.195,10.57
robot,1790398346.01,7.235,0.150,11.76
robot,1790398346.51,7.044,0.134,-2.13
robot,1790398347.01,6.845,0.133,6.78
robot,1790398347.51,6.660,0.095,9.79
robot,1790398348.01,6.509,0.096,-7.95
robot,1790398348.51,6.315,0.102,6.04
robot,1790398349.01,6.138,0.085,-3.15
robot,1790398349.51,6.068,0.110,-28.60
robot,1790398350.01,5.888,0.189,-16.44
robot,1790398350.51,5.690,0.219,-1.00
robot,1790398351.01,5.490,0.219,-3.52
robot,1790398351.51,5.296,0.230,1.77
robot,1790398352.01,5.116,0.198,18.98
robot,1790398352.51,4.935,0.118,28.33
robot,1790398353.01,4.769,0.028,21.71
robot,1790398353.51,4.635,0.003,4.97
robot,1790398354.01,4.436,-0.024,11.03
robot,1790398354.51,4.260,-0.050,-0.22
robot,1790398355.01,4.074,-0.032,-5.10
robot,1790398355.51,3.879,-0.036,6.89
robot,1790398356.01,3.715,-0.045,-6.71
robot,1790398356.51,3.536,-0.015,-7.50
robot,1790398357.01,3.338,-0.011,5.92
robot,1790398357.51,3.149,-0.049,12.69
robot,1790398358.01,3.035,-0.053,-9.20
robot,1790398358.51,2.851,-0.032,0.20
robot,1790398359.01,2.656,-0.058,15.21
robot,1790398359.51,2.486,-0.096,2.50
robot,1790398360.01,2.310,-0.095,5.03
robot,1790398360.51,2.124,-0.135,13.96
robot,1790398361.01,1.932,-0.164,6.16
robot,1790398361.51,1.733,-0.185,6.15
robot,1790398362.01,1.534,-0.207,6.24
robot,1790398362.51,1.335,-0.229,6.36
robot,1790398363.01,1.137,-0.251,6.32
robot,1790398363.51,0.949,-0.268,2.93
robot,1790398364.39,0.637,-0.279,0.08
robot,1790398364.51,0.601,-0.279,-1.21
robot,1790398365.01,0.513,-0.275,-2.72
robot,1790398365.51,0.514,-0.276,-2.69
robot,1790398366.01,0.514,-0.276,-2.69
robot,1790398366.51,0.514,-0.276,-2.67
robot,1790398367.01,0.514,-0.276,-2.67
robot,1790398367.51,0.514,-0.276,-2.67
robot,1790398368.01,0.514,-0.276,-2.67
robot,1790398368.51,0.513,-0.276,-2.65
robot,1790398369.01,0.513,-0.276,-2.65
robot,1790398369.51,0.513,-0.276,-2.65
robot,1790398370.01,0.513,-0.276,-2.65
robot,1790398370.51,0.485,-0.276,3.85
robot,1790398371.01,0.449,-0.280,7.89
robot,1790398371.51,0.511,-0.271,8.36
robot,1790398372.01,0.650,-0.244,14.65
robot,1790398372.51,0.813,-0.191,21.56
robot,1790398373.01,0.987,-0.114,23.80
robot,1790398373.51,1.142,-0.067,5.81
robot,1790398374.01,1.217,-0.068,-4.45
robot,1790398374.51,1.215,-0.068,-4.40
robot,1790398375.01,1.215,-0.068,-4.37
robot,1790398375.51,1.215,-0.068,-4.37
robot,1790398376.01,1.215,-0.068,-4.37
robot,1790398376.51,1.215,-0.068,-4.37
robot,1790398377.01,1.216,-0.068,-4.36
robot,1790398377.51,1.216,-0.068,-4.36
robot,1790398378.01,1.216,-0.068,-4.36
robot,1790398378.51,1.318,-0.076,-4.68
robot,1790398379.01,1.505,-0.092,-4.72
robot,1790398379.51,1.705,-0.108,-4.60
robot,1790398380.01,1.903,-0.122,-1.84
robot,1790398380.51,2.067,-0.112,5.81
robot,1790398381.01,2.068,-0.112,5.82
robot,1790398381.51,2.068,-0.112,5.80
robot,1790398382.01,2.068,-0.112,5.81
robot,1790398382.51,2.068,-0.112,5.81
robot,1790398383.01,2.068,-0.112,5.80
robot,1790398383.51,2.069,-0.112,5.82
robot,1790398384.01,2.069,-0.112,5.82
robot,1790398384.51,2.069,-0.112,5.84
robot,1790398385.01,2.069,-0.112,5.84
robot,1790398385.51,1.962,-0.123,5.81
robot,1790398386.01,1.787,-0.141,5.83
robot,1790398386.51,1.600,-0.160,5.78
robot,1790398387.01,1.407,-0.179,5.78
robot,1790398387.51,1.218,-0.198,5.94
robot,1790398388.01,1.032,-0.217,5.71
robot,1790398388.51,0.827,-0.238,5.77
robot,1790398389.01,0.630,-0.258,5.76
robot,1790398389.51,0.429,-0.278,5.66
robot,1790398390.01,0.231,-0.297,4.41
robot,1790398390.51,0.168,-0.301,3.84
robot,1790398391.01,0.169,-0.301,3.62
robot,1790398391.51,0.303,-0.293,3.54
robot,1790398392.01,0.462,-0.283,3.56
robot,1790398392.51,0.658,-0.270,3.63
robot,1790398393.01,0.857,-0.258,3.71
robot,1790398393.51,1.060,-0.244,3.80
robot,1790398394.01,1.261,-0.231,3.94
robot,1790398394.51,1.456,-0.217,3.88
robot,1790398395.01,1.481,-0.216,3.93
robot,1790398395.51,1.480,-0.216,2.25
robot,1790398396.01,1.471,-0.216,2.13
robot,1790398396.51,1.361,-0.220,1.94
robot,1790398397.33,1.041,-0.231,1.81
robot,1790398397.51,0.971,-0.233,1.80
robot,1790398398.01,0.767,-0.239,1.70
robot,1790398398.51,0.572,-0.245,1.64
robot,1790398399.01,0.372,-0.251,1.60
robot,1790398399.51,0.175,-0.256,1.53
robot,1790398400.01,-0.003,-0.262,4.93
robot,1790398400.51,-0.051,-0.267,5.85
robot,1790398401.01,-0.052,-0.267,1.76
robot,1790398401.51,-0.050,-0.267,1.78
robot,1790398402.01,-0.032,-0.267,1.80
robot,1790398402.51,-0.021,-0.266,1.86
robot,1790398403.41,-0.003,-0.266,1.84
robot,1790398403.51,-0.003,-0.266,1.83
robot,1790398404.01,-0.003,-0.266,1.82
robot,1790398404.51,-0.003,-0.266,1.84
robot,1790398405.01,-0.003,-0.266,1.84
robot,1790398405.51,-0.003,-0.266,1.84
robot,1790398406.01,-0.003,-0.266,1.83
robot,1790398406.51,-0.003,-0.266,1.86
robot,1790398407.01,-0.003,-0.266,1.86
robot,1790398407.51,-0.003,-0.266,1.85
robot,1790398408.01,-0.003,-0.266,1.85
robot,1790398408.51,-0.003,-0.266,1.87
robot,1790398409.01,-0.003,-0.266,1.88
robot,1790398409.51,-0.003,-0.266,1.88
robot,1790398410.01,-0.003,-0.266,1.86
robot,1790398410.51,-0.003,-0.266,1.86
robot,1790398411.01,-0.003,-0.266,1.86
robot,1790398411.51,-0.003,-0.266,1.88
robot,1790398412.01,-0.003,-0.266,1.88
robot,1790398412.51,-0.003,-0.266,1.89
robot,1790398413.01,-0.003,-0.266,1.88
robot,1790398413.51,-0.003,-0.266,1.88
robot,1790398414.01,-0.003,-0.266,1.88
robot,1790398414.51,-0.003,-0.266,1.88
robot,1790398415.01,-0.003,-0.266,1.87
robot,1790398415.51,-0.003,-0.266,1.89
robot,1790398416.01,-0.003,-0.266,1.89
robot,1790398416.51,-0.003,-0.266,1.88
robot,1790398417.01,-0.003,-0.266,1.88
robot,1790398417.51,-0.003,-0.266,1.89
robot,1790398418.01,-0.003,-0.266,1.89
robot,1790398418.51,-0.003,-0.266,1.89
robot,1790398419.01,-0.003,-0.266,1.88
robot,1790398419.51,-0.003,-0.266,1.89
robot,1790398420.01,-0.003,-0.266,1.89
robot,1790398420.51,-0.003,-0.266,1.89
robot,1790398421.01,-0.003,-0.266,1.91
robot,1790398421.51,-0.003,-0.266,1.90
robot,1790398422.01,-0.003,-0.266,1.92
robot,1790398422.51,-0.003,-0.266,1.93
robot,1790398423.01,-0.003,-0.266,1.92
robot,1790398423.51,-0.003,-0.266,1.93
robot,1790398424.01,-0.003,-0.266,1.93
robot,1790398424.51,-0.003,-0.266,1.94
robot,1790398425.01,-0.003,-0.266,1.93
robot,1790398425.51,-0.003,-0.266,1.94
robot,1790398426.01,-0.003,-0.266,1.96
robot,1790398426.51,-0.003,-0.266,1.95
robot,1790398427.01,-0.003,-0.266,1.96
robot,1790398427.51,-0.003,-0.266,1.98
robot,1790398428.01,-0.003,-0.266,1.97
robot,1790398428.51,-0.003,-0.266,1.96
robot,1790398429.01,-0.003,-0.266,1.96
robot,1790398429.51,-0.003,-0.266,1.97
robot,1790398430.01,-0.003,-0.266,1.98
robot,1790398430.51,-0.003,-0.266,1.96
robot,1790398431.01,-0.003,-0.266,1.96
robot,1790398431.51,-0.003,-0.266,1.97
robot,1790398432.01,-0.003,-0.266,1.95
robot,1790398432.51,-0.003,-0.266,1.97
robot,1790398433.01,-0.003,-0.266,1.97
robot,1790398433.51,-0.003,-0.266,1.97
robot,1790398434.01,-0.003,-0.266,1.96
robot,1790398434.51,-0.003,-0.266,1.98
robot,1790398435.01,-0.003,-0.266,1.98
robot,1790398435.51,-0.003,-0.266,2.00
robot,1790398436.01,-0.003,-0.266,2.01
robot,1790398436.51,-0.003,-0.266,2.01
robot,1790398437.01,-0.003,-0.266,2.02
robot,1790398437.51,-0.003,-0.266,2.03
robot,1790398438.01,-0.003,-0.266,2.03
robot,1790398438.51,-0.003,-0.266,2.03
robot,1790398439.01,-0.003,-0.266,2.03
robot,1790398439.51,-0.003,-0.266,2.03
robot,1790398440.01,-0.003,-0.266,2.04
robot,1790398440.51,-0.003,-0.266,2.05
robot,1790398441.01,-0.003,-0.266,2.06
robot,1790398441.51,-0.003,-0.266,2.05
robot,1790398442.01,-0.003,-0.266,2.05
robot,1790398442.51,-0.003,-0.266,2.07
robot,1790398443.01,-0.003,-0.266,2.09
robot,1790398443.51,-0.003,-0.266,2.09
robot,1790398444.01,-0.003,-0.266,2.09
robot,1790398444.51,-0.003,-0.266,2.11
robot,1790398445.01,-0.003,-0.266,2.11
robot,1790398445.51,-0.003,-0.266,2.12
robot,1790398446.01,-0.003,-0.266,2.13
robot,1790398446.51,-0.003,-0.266,2.14
robot,1790398447.01,-0.003,-0.266,2.12
robot,1790398447.51,-0.003,-0.266,2.13
robot,1790398448.01,-0.003,-0.266,2.13
robot,1790398448.51,-0.003,-0.266,2.13
robot,1790398449.01,-0.003,-0.266,2.12
robot,1790398449.51,-0.003,-0.266,2.14
robot,1790398450.01,-0.003,-0.266,2.15
robot,1790398450.51,-0.003,-0.266,2.14
robot,1790398451.01,-0.003,-0.266,2.14
robot,1790398451.51,-0.003,-0.266,2.15
robot,1790398452.01,-0.003,-0.266,2.16
robot,1790398452.51,-0.003,-0.266,2.17
robot,1790398453.01,-0.003,-0.266,2.16
robot,1790398453.51,-0.003,-0.266,2.16
robot,1790398454.01,-0.003,-0.266,2.18
robot,1790398454.51,-0.003,-0.266,2.19
robot,1790398455.01,-0.003,-0.266,2.19
robot,1790398455.51,-0.003,-0.266,2.21
robot,1790398456.01,-0.003,-0.266,2.22
robot,1790398456.51,-0.003,-0.266,2.22
robot,1790398457.01,-0.003,-0.266,2.23
robot,1790398457.51,-0.003,-0.266,2.25
robot,1790398458.01,-0.003,-0.266,2.25
robot,1790398458.51,-0.003,-0.266,2.26
robot,1790398459.01,-0.003,-0.266,2.26
robot,1790398459.51,-0.003,-0.266,2.27
robot,1790398460.01,-0.003,-0.266,2.28
robot,1790398460.51,-0.003,-0.266,2.26
robot,1790398461.01,-0.003,-0.266,2.27
robot,1790398461.51,-0.003,-0.266,2.28
robot,1790398462.01,-0.003,-0.266,2.28
robot,1790398462.51,-0.003,-0.266,2.28
robot,1790398463.01,-0.003,-0.266,2.28
robot,1790398463.51,-0.003,-0.266,2.29
robot,1790398464.01,-0.003,-0.266,2.31
robot,1790398464.51,-0.003,-0.266,2.32
robot,1790398465.01,-0.003,-0.266,2.31
robot,1790398465.51,-0.003,-0.266,2.31
robot,1790398466.01,-0.003,-0.266,2.31
robot,1790398466.51,-0.003,-0.266,2.30
robot,1790398467.01,-0.003,-0.266,2.31
robot,1790398467.51,-0.003,-0.266,2.31
robot,1790398468.01,-0.003,-0.266,2.30
robot,1790398468.51,-0.003,-0.266,2.31
robot,1790398469.01,-0.003,-0.266,2.32
robot,1790398469.51,-0.003,-0.266,2.31
camera,1790397861.13,0.000,0.000,0.00
camera,1790397861.63,0.000,0.000,0.03
camera,1790397862.03,0.004,0.000,0.00
camera,1790397862.56,0.002,0.000,0.02
camera,1790397863.06,-0.001,-0.000,0.03
camera,1790397863.56,0.004,-0.000,0.02
camera,1790397864.13,0.004,-0.000,0.03
camera,1790397864.56,0.005,-0.000,0.01
camera,1790397865.06,0.003,-0.000,0.00
camera,1790397865.63,-0.001,-0.000,-0.00
camera,1790397866.06,0.004,-0.000,0.00
camera,1790397866.53,-0.001,0.000,0.01
camera,1790397867.06,0.003,0.000,0.03
camera,1790397867.56,0.002,-0.000,0.01
camera,1790397868.03,0.002,0.000,0.01
camera,1790397868.56,0.003,0.000,0.01
camera,1790397869.03,0.004,-0.000,-0.01
camera,1790397869.56,0.002,-0.000,-0.01
camera,1790397870.06,0.005,-0.000,0.01
camera,1790397870.53,0.006,-0.000,-0.00
camera,1790397871.06,0.008,-0.000,0.01
camera,1790397871.53,0.001,0.000,0.01
camera,1790397872.10,0.005,0.000,0.03
camera,1790397872.53,0.002,0.000,0.01
camera,1790397873.03,0.001,0.000,-0.02
camera,1790397873.56,0.003,0.000,-0.01
camera,1790397874.03,0.006,-0.000,0.01
camera,1790397874.56,0.004,0.000,0.02
camera,1790397875.03,0.008,-0.000,-0.02
camera,1790397875.53,0.006,-0.000,-0.01
camera,1790397876.06,0.003,-0.000,0.01
camera,1790397876.56,0.004,-0.000,0.02
camera,1790397877.03,-0.001,-0.000,0.03
camera,1790397877.63,0.005,-0.000,0.04
camera,1790397878.03,0.002,-0.000,0.02
camera,1790397878.53,0.002,-0.000,-0.01
camera,1790397879.06,0.005,-0.000,0.03
camera,1790397879.53,-0.004,-0.000,0.00
camera,1790397880.06,0.000,-0.000,0.04
camera,1790397880.56,0.000,-0.000,-0.00
camera,1790397881.13,0.000,-0.000,-0.01
camera,1790397881.60,0.001,-0.000,0.02
camera,1790397882.13,0.003,-0.000,-0.01
camera,1790397882.53,0.001,-0.000,0.03
camera,1790397883.06,0.007,-0.000,0.00
camera,1790397883.60,0.003,-0.000,0.00
camera,1790397884.03,0.000,-0.000,0.02
camera,1790397884.56,0.003,-0.000,0.02
camera,1790397885.10,0.004,-0.000,0.04
camera,1790397885.56,0.003,-0.000,-0.01
camera,1790397886.03,0.002,-0.000,0.01
camera,1790397886.53,0.001,-0.000,0.01
camera,1790397887.13,0.004,-0.000,0.02
camera,1790397887.53,0.005,-0.000,-0.01
camera,1790397888.13,0.005,-0.000,0.02
camera,1790397888.56,0.008,-0.000,-0.02
camera,1790397889.10,-0.002,-0.000,0.01
camera,1790397889.56,0.003,-0.000,-0.01
camera,1790397890.10,0.005,-0.000,-0.00
camera,1790397890.53,0.001,-0.000,-0.00
camera,1790397891.13,-0.005,-0.000,-0.02
camera,1790397891.60,0.002,-0.000,0.01
camera,1790397892.06,0.001,-0.000,0.02
camera,1790397892.53,0.000,-0.000,0.01
camera,1790397893.03,0.002,-0.000,0.01
camera,1790397893.56,-0.000,-0.000,0.02
camera,1790397894.03,0.003,-0.000,0.03
camera,1790397894.56,0.002,-0.000,0.03
camera,1790397895.10,0.002,-0.000,0.02
camera,1790397895.66,0.002,-0.000,0.03
camera,1790397896.03,0.004,-0.000,0.01
camera,1790397896.66,0.000,-0.000,-0.00
camera,1790397897.06,-0.000,-0.000,0.02
camera,1790397897.53,0.002,-0.000,-0.00
camera,1790397898.13,0.001,-0.000,0.01
camera,1790397898.53,0.004,-0.000,0.03
camera,1790397899.06,-0.001,-0.000,0.00
camera,1790397899.60,0.002,-0.000,0.02
camera,1790397900.16,0.005,-0.000,0.03
camera,1790397900.53,-0.001,-0.000,0.03
camera,1790397901.03,0.004,-0.000,0.05
camera,1790397901.63,0.005,-0.000,0.02
camera,1790397902.10,0.004,-0.000,0.02
camera,1790397902.63,0.004,-0.000,0.01
camera,1790397903.06,0.003,-0.000,0.02
camera,1790397903.60,0.002,-0.000,-0.01
camera,1790397904.13,0.004,-0.000,0.02
camera,1790397904.53,0.004,-0.000,0.00
camera,1790397905.03,0.003,-0.000,-0.01
camera,1790397905.56,0.002,-0.000,-0.02
camera,1790397906.13,-0.000,-0.000,0.01
camera,1790397906.56,0.004,-0.000,-0.01
camera,1790397907.13,0.003,-0.000,0.01
camera,1790397907.60,0.005,-0.000,-0.01
camera,1790397908.06,0.004,-0.000,0.00
camera,1790397908.60,0.005,-0.000,-0.00
camera,1790397909.06,0.003,-0.000,-0.01
camera,1790397909.56,0.001,-0.000,0.01
camera,1790397910.10,0.004,-0.000,-0.02
camera,1790397910.63,0.002,-0.000,0.00
camera,1790397911.03,0.005,-0.000,0.01
camera,1790397911.56,0.000,-0.000,0.04
camera,1790397912.03,0.001,-0.000,-0.00
camera,1790397912.56,0.001,-0.000,0.00
camera,1790397913.10,0.003,-0.000,0.04
camera,1790397913.56,0.002,-0.000,-0.03
camera,1790397914.10,0.004,-0.000,0.01
camera,1790397914.63,0.001,-0.000,-0.00
camera,1790397915.03,0.001,-0.000,0.02
camera,1790397915.53,0.004,-0.000,-0.01
camera,1790397916.06,-0.001,-0.000,0.00
camera,1790397916.53,-0.001,-0.000,-0.01
camera,1790397917.06,-0.000,-0.000,0.00
camera,1790397917.53,0.003,-0.000,0.02
camera,1790397918.13,0.002,-0.000,0.01
camera,1790397918.63,0.003,-0.000,-0.02
camera,1790397919.03,0.005,-0.000,0.01
camera,1790397919.56,0.001,-0.000,0.03
camera,1790397920.10,0.002,-0.000,-0.00
camera,1790397920.63,0.003,-0.000,-0.00
camera,1790397921.10,0.002,-0.000,0.01
camera,1790397921.56,0.003,-0.000,-0.03
camera,1790397922.13,0.006,-0.000,-0.00
camera,1790397922.53,0.005,-0.000,0.01
camera,1790397923.06,0.005,-0.000,0.01
camera,1790397923.60,0.003,-0.000,0.02
camera,1790397924.06,0.004,-0.000,0.05
camera,1790397924.63,0.003,-0.000,0.00
camera,1790397925.10,0.004,-0.000,-0.01
camera,1790397925.56,-0.002,-0.000,0.02
camera,1790397926.03,0.005,-0.000,0.01
camera,1790397926.56,0.001,-0.000,-0.01
camera,1790397927.06,0.003,-0.000,-0.01
camera,1790397927.53,0.003,-0.000,-0.00
camera,1790397928.13,0.007,-0.000,0.01
camera,1790397928.53,0.013,-0.000,-0.02
camera,1790397929.03,0.045,-0.000,0.03
camera,1790397929.56,0.128,-0.000,0.10
camera,1790397930.03,0.224,0.000,0.10
camera,1790397930.56,0.327,0.001,0.24
camera,1790397931.03,0.417,0.001,0.23
camera,1790397931.60,0.524,0.002,0.35
camera,1790397932.13,0.627,0.002,0.32
camera,1790397932.53,0.707,0.003,0.45
camera,1790397933.06,0.809,0.004,0.45
camera,1790397933.53,0.919,0.005,0.47
camera,1790397934.06,1.025,0.006,0.61
camera,1790397934.53,1.130,0.007,0.65
camera,1790397935.06,1.237,0.008,0.67
camera,1790397935.56,1.342,0.009,0.70
camera,1790397936.03,1.453,0.010,0.75
camera,1790397936.56,1.567,0.012,0.86
camera,1790397937.03,1.684,0.013,0.90
camera,1790397937.53,1.782,0.015,0.88
camera,1790397938.06,1.899,0.017,0.91
camera,1790397938.53,2.008,0.019,1.03
camera,1790397939.06,2.122,0.021,1.06
camera,1790397939.53,2.243,0.023,1.05
camera,1790397940.06,2.346,0.025,1.11
camera,1790397940.56,2.471,0.027,1.10
camera,1790397941.03,2.578,0.030,1.16
camera,1790397941.56,2.687,0.033,1.18
camera,1790397942.03,2.788,0.035,1.24
camera,1790397942.56,2.914,0.038,1.32
camera,1790397943.03,3.031,0.041,1.30
camera,1790397943.60,3.169,0.045,1.42
camera,1790397944.06,3.271,0.047,1.44
camera,1790397944.53,3.401,0.051,1.55
camera,1790397945.06,3.518,0.054,1.48
camera,1790397945.53,3.646,0.059,1.62
camera,1790397946.06,3.782,0.063,1.65
camera,1790397946.53,3.904,0.067,1.78
camera,1790397947.03,4.037,0.071,1.87
camera,1790397947.56,4.192,0.076,1.93
camera,1790397948.03,4.323,0.081,1.93
camera,1790397948.56,4.475,0.086,1.99
camera,1790397949.03,4.609,0.091,2.03
camera,1790397949.56,4.754,0.096,2.17
camera,1790397950.06,4.891,0.102,2.22
camera,1790397950.53,5.022,0.107,2.19
camera,1790397951.03,5.161,0.112,2.26
camera,1790397951.53,5.301,0.118,2.37
camera,1790397952.03,5.436,0.124,2.47
camera,1790397952.56,5.585,0.130,2.52
camera,1790397953.03,5.717,0.137,2.67
camera,1790397953.56,5.874,0.144,2.71
camera,1790397954.06,6.012,0.151,2.80
camera,1790397954.53,6.146,0.157,2.76
camera,1790397955.10,6.299,0.165,2.84
camera,1790397955.56,6.437,0.172,2.89
camera,1790397956.03,6.573,0.179,2.94
camera,1790397956.56,6.724,0.187,3.00
camera,1790397957.06,6.861,0.195,3.08
camera,1790397957.53,6.999,0.203,3.17
camera,1790397958.06,7.148,0.211,3.19
camera,1790397958.56,7.290,0.220,3.29
camera,1790397959.03,7.424,0.228,3.36
camera,1790397959.56,7.574,0.237,3.44
camera,1790397960.06,7.712,0.245,3.47
camera,1790397960.53,7.854,0.254,3.50
camera,1790397961.06,7.997,0.263,3.64
camera,1790397961.56,8.145,0.273,3.67
camera,1790397962.03,8.275,0.281,3.77
camera,1790397962.56,8.426,0.291,3.76
camera,1790397963.03,8.567,0.300,3.81
camera,1790397963.60,8.733,0.312,3.97
camera,1790397964.06,8.883,0.323,3.99
camera,1790397964.53,9.025,0.333,4.05
camera,1790397965.03,9.191,0.344,4.01
camera,1790397965.56,9.370,0.357,4.14
camera,1790397966.06,9.535,0.369,4.04
camera,1790397966.53,9.692,0.380,4.17
camera,1790397967.03,9.861,0.394,4.38
camera,1790397967.56,10.038,0.408,4.55
camera,1790397968.06,10.202,0.421,4.64
camera,1790397968.53,10.363,0.434,4.62
camera,1790397969.03,10.504,0.446,4.57
camera,1790397969.56,10.569,0.451,4.64
camera,1790397970.06,10.572,0.451,4.62
camera,1790397970.53,10.570,0.451,4.69
camera,1790397971.06,10.568,0.451,4.67
camera,1790397971.56,10.568,0.451,4.67
camera,1790397972.03,10.570,0.451,4.62
camera,1790397972.56,10.572,0.451,4.61
camera,1790397973.03,10.569,0.451,4.68
camera,1790397973.53,10.570,0.451,4.64
camera,1790397974.06,10.569,0.451,4.61
camera,1790397974.53,10.570,0.450,4.68
camera,1790397975.03,10.571,0.451,4.38
camera,1790397975.56,10.572,0.451,-2.40
camera,1790397976.06,10.573,0.451,-9.53
camera,1790397976.53,10.577,0.449,-16.22
camera,1790397977.03,10.580,0.448,-23.48
camera,1790397977.56,10.586,0.443,-31.11
camera,1790397978.06,10.593,0.438,-38.12
camera,1790397978.53,10.597,0.434,-44.61
camera,1790397979.03,10.602,0.426,-51.64
camera,1790397979.56,10.607,0.417,-59.31
camera,1790397980.03,10.636,0.368,-62.90
camera,1790397988.40,11.036,0.583,-86.37
camera,1790397988.73,11.036,0.576,-84.60
camera,1790397990.96,11.034,0.651,-91.66
camera,1790397991.16,11.034,0.590,-87.32
camera,1790397992.03,11.033,0.632,-90.15
camera,1790397995.26,11.081,0.680,-124.50
camera,1790397995.53,11.123,0.730,-127.01
camera,1790397996.06,11.083,0.701,-137.99
camera,1790397996.56,11.059,0.689,-147.72
camera,1790397997.06,11.033,0.681,-157.59
camera,1790397997.56,10.997,0.675,-167.63
camera,1790397998.03,10.962,0.676,-174.90
camera,1790397998.56,10.948,0.674,-174.65
camera,1790397999.03,10.955,0.675,-174.66
camera,1790397999.56,10.968,0.676,-174.69
camera,1790398000.03,10.954,0.675,-174.65
camera,1790398000.53,10.954,0.675,-174.63
camera,1790398001.06,10.956,0.675,-174.69
camera,1790398001.53,10.957,0.675,-174.67
camera,1790398002.06,10.967,0.676,-174.72
camera,1790398002.56,10.961,0.675,-174.67
camera,1790398003.03,10.958,0.675,-174.68
camera,1790398003.56,10.955,0.674,-174.65
camera,1790398004.06,10.958,0.674,-174.60
camera,1790398004.53,10.974,0.676,-172.23
camera,1790398005.06,10.985,0.679,-168.18
camera,1790398005.53,11.000,0.683,-164.65
camera,1790398006.03,11.020,0.691,-161.04
camera,1790398006.56,11.029,0.695,-157.00
camera,1790398007.03,11.041,0.700,-154.89
camera,1790398007.56,11.040,0.699,-154.99
camera,1790398008.06,10.936,0.650,-154.81
camera,1790398008.53,10.838,0.603,-154.67
camera,1790398009.06,10.737,0.556,-154.59
camera,1790398009.56,10.638,0.508,-154.50
camera,1790398010.03,10.549,0.465,-154.46
camera,1790398010.56,10.512,0.448,-154.44
camera,1790398011.06,10.508,0.446,-154.50
camera,1790398011.53,10.501,0.444,-157.97
camera,1790398012.03,10.480,0.439,-162.93
camera,1790398012.53,10.445,0.428,-163.04
camera,1790398013.06,10.323,0.392,-163.20
camera,1790398013.53,10.156,0.341,-163.16
camera,1790398014.06,9.960,0.281,-163.07
camera,1790398014.56,9.806,0.239,-164.48
camera,1790398015.03,9.645,0.214,-168.75
camera,1790398015.53,9.486,0.182,-168.80
camera,1790398016.03,9.338,0.154,-168.85
camera,1790398016.56,9.166,0.120,-168.84
camera,1790398017.06,8.988,0.085,-168.85
camera,1790398017.53,8.825,0.053,-168.78
camera,1790398018.03,8.666,0.022,-168.66
camera,1790398018.56,8.488,-0.014,-168.62
camera,1790398021.90,7.349,-0.234,-171.62
camera,1790398022.10,7.392,-0.227,-171.50
camera,1790398022.53,7.239,-0.251,-171.37
camera,1790398023.06,7.076,-0.275,-171.38
camera,1790398023.53,6.911,-0.300,-171.26
camera,1790398024.06,6.740,-0.327,-171.19
camera,1790398024.56,6.580,-0.352,-171.18
camera,1790398025.03,6.423,-0.376,-171.12
camera,1790398025.53,6.245,-0.404,-171.09
camera,1790398026.03,6.088,-0.429,-170.92
camera,1790398026.53,5.921,-0.456,-170.88
camera,1790398027.06,5.737,-0.486,-170.76
camera,1790398027.56,5.567,-0.514,-170.67
camera,1790398028.06,5.399,-0.542,-170.60
camera,1790398028.56,5.230,-0.570,-170.54
camera,1790398029.06,5.059,-0.600,-170.39
camera,1790398029.56,4.887,-0.629,-170.38
camera,1790398030.03,4.720,-0.657,-170.28
camera,1790398030.53,4.548,-0.687,-170.22
camera,1790398031.03,4.374,-0.717,-170.14
camera,1790398031.53,4.205,-0.747,-170.09
camera,1790398032.03,4.031,-0.777,-170.05
camera,1790398032.56,3.863,-0.803,-171.11
camera,1790398033.10,3.683,-0.823,-173.15
camera,1790398033.53,3.538,-0.833,-174.83
camera,1790398034.03,3.376,-0.840,-176.68
camera,1790398034.56,3.202,-0.842,-178.73
camera,1790398035.06,3.038,-0.837,-180.72
camera,1790398035.53,2.888,-0.829,-182.27
camera,1790398036.03,2.726,-0.823,-182.29
camera,1790398036.56,2.558,-0.816,-182.32
camera,1790398037.06,2.395,-0.809,-182.28
camera,1790398037.53,2.252,-0.804,-182.32
camera,1790398038.03,2.097,-0.798,-182.28
camera,1790398038.56,1.926,-0.791,-182.15
camera,1790398039.06,1.768,-0.785,-182.21
camera,1790398039.53,1.622,-0.780,-182.10
camera,1790398040.03,1.461,-0.774,-182.08
camera,1790398040.56,1.292,-0.768,-182.01
camera,1790398041.03,1.181,-0.765,-182.05
camera,1790398041.56,1.186,-0.765,-182.05
camera,1790398042.06,1.182,-0.765,-182.01
camera,1790398042.53,1.185,-0.765,-182.02
camera,1790398043.03,1.183,-0.765,-182.08
camera,1790398043.56,1.182,-0.765,-182.05
camera,1790398044.03,1.185,-0.765,-182.04
camera,1790398044.60,1.184,-0.765,-182.02
camera,1790398045.03,1.183,-0.765,-182.06
camera,1790398045.53,1.184,-0.765,-182.03
camera,1790398046.06,1.182,-0.765,-182.03
camera,1790398046.53,1.183,-0.765,-182.03
camera,1790398047.06,1.185,-0.765,-182.02
camera,1790398047.56,1.183,-0.765,-182.04
camera,1790398048.03,1.180,-0.765,-182.01
camera,1790398048.56,1.186,-0.765,-182.04
camera,1790398049.03,1.186,-0.765,-182.05
camera,1790398049.56,1.186,-0.765,-182.03
camera,1790398050.03,1.183,-0.765,-181.72
camera,1790398050.56,1.192,-0.764,-175.08
camera,1790398051.10,1.206,-0.760,-167.81
camera,1790398051.53,1.214,-0.757,-161.85
camera,1790398052.06,1.221,-0.753,-154.51
camera,1790398052.56,1.216,-0.756,-147.76
camera,1790398053.06,1.214,-0.757,-140.76
camera,1790398053.53,1.216,-0.755,-134.24
camera,1790398054.03,1.214,-0.759,-127.53
camera,1790398054.56,1.214,-0.759,-120.46
camera,1790398055.06,1.212,-0.763,-113.88
camera,1790398055.53,1.212,-0.761,-107.79
camera,1790398056.03,1.210,-0.781,-101.12
camera,1790398056.56,1.210,-0.776,-94.08
camera,1790398057.03,1.211,-0.790,-87.83
camera,1790398057.53,1.211,-0.786,-86.61
camera,1790398058.06,1.211,-0.789,-86.69
camera,1790398058.53,1.212,-0.797,-86.66
camera,1790398059.06,1.212,-0.791,-86.69
camera,1790398059.53,1.211,-0.789,-86.67
camera,1790398060.06,1.212,-0.792,-86.66
camera,1790398060.53,1.212,-0.794,-86.67
camera,1790398061.10,1.212,-0.794,-86.64
camera,1790398061.56,1.212,-0.791,-86.69
camera,1790398062.03,1.213,-0.800,-84.63
camera,1790398062.56,1.212,-0.792,-77.89
camera,1790398063.03,1.228,-0.833,-71.42
camera,1790398063.56,1.220,-0.819,-63.82
camera,1790398064.06,1.259,-0.870,-56.60
camera,1790398064.53,1.266,-0.877,-49.38
camera,1790398065.03,1.276,-0.887,-41.87
camera,1790398065.56,1.316,-0.877,-33.73
camera,1790398066.06,1.324,-0.878,-26.01
camera,1790398066.53,1.340,-0.882,-18.80
camera,1790398067.10,1.379,-0.887,-10.04
camera,1790398067.56,1.404,-0.886,-2.78
camera,1790398068.03,1.430,-0.882,4.13
camera,1790398068.56,1.437,-0.880,7.04
camera,1790398069.03,1.445,-0.879,7.05
camera,1790398069.53,1.440,-0.880,7.07
camera,1790398070.06,1.450,-0.879,7.07
camera,1790398070.56,1.446,-0.879,7.04
camera,1790398071.03,1.453,-0.878,7.05
camera,1790398071.56,1.443,-0.880,7.07
camera,1790398072.03,1.479,-0.875,7.25
camera,1790398072.53,1.583,-0.862,7.31
camera,1790398073.06,1.709,-0.845,7.51
camera,1790398073.53,1.832,-0.829,7.60
camera,1790398074.03,1.983,-0.809,7.70
camera,1790398074.56,2.132,-0.789,7.74
camera,1790398075.06,2.310,-0.764,7.79
camera,1790398075.53,2.476,-0.741,7.87
camera,1790398076.06,2.643,-0.717,8.06
camera,1790398076.56,2.782,-0.698,8.00
camera,1790398077.03,2.941,-0.675,8.12
camera,1790398077.56,3.125,-0.648,8.23
camera,1790398078.03,3.275,-0.625,8.35
camera,1790398078.56,3.435,-0.602,8.36
camera,1790398079.06,3.619,-0.575,8.42
camera,1790398079.53,3.766,-0.552,8.54
camera,1790398080.06,3.965,-0.522,8.61
camera,1790398080.53,4.138,-0.495,8.73
camera,1790398081.06,4.317,-0.467,8.81
camera,1790398081.56,4.499,-0.438,8.97
camera,1790398082.03,4.683,-0.409,9.02
camera,1790398082.56,4.880,-0.378,9.10
camera,1790398083.03,5.051,-0.350,9.08
camera,1790398083.53,5.234,-0.321,9.12
camera,1790398084.06,5.432,-0.288,9.25
camera,1790398084.56,5.622,-0.257,9.27
camera,1790398085.03,5.791,-0.229,9.37
camera,1790398085.56,5.981,-0.197,9.47
camera,1790398086.03,6.151,-0.169,9.59
camera,1790398086.60,6.355,-0.133,9.72
camera,1790398087.06,6.528,-0.104,9.79
camera,1790398087.53,6.716,-0.073,9.44
camera,1790398088.06,6.889,-0.062,4.84
camera,1790398088.53,7.050,-0.068,0.23
camera,1790398089.06,7.218,-0.090,-5.24
camera,1790398089.56,7.369,-0.122,-10.23
camera,1790398090.03,7.536,-0.175,-15.23
camera,1790398090.60,7.708,-0.246,-20.94
camera,1790398091.06,7.879,-0.311,-20.90
camera,1790398091.53,8.046,-0.374,-20.78
camera,1790398092.03,8.217,-0.437,-20.31
camera,1790398092.56,8.433,-0.481,-13.64
camera,1790398093.03,8.614,-0.501,-9.03
camera,1790398093.53,8.809,-0.503,-2.98
camera,1790398094.10,9.033,-0.483,2.83
camera,1790398094.56,9.206,-0.462,5.62
camera,1790398095.06,9.402,-0.440,6.02
camera,1790398095.56,9.595,-0.418,6.31
camera,1790398096.03,9.762,-0.400,6.27
camera,1790398096.53,9.950,-0.377,6.58
camera,1790398097.06,10.156,-0.353,6.75
camera,1790398097.56,10.344,-0.330,6.86
camera,1790398098.03,10.521,-0.308,6.94
camera,1790398098.60,10.734,-0.281,7.17
camera,1790398099.06,10.909,-0.259,7.28
camera,1790398099.56,11.097,-0.234,7.37
camera,1790398100.06,11.286,-0.209,7.53
camera,1790398100.53,11.460,-0.185,7.68
camera,1790398101.03,11.650,-0.159,7.87
camera,1790398101.56,11.847,-0.110,12.76
camera,1790398102.10,12.005,-0.044,20.12
camera,1790398102.56,12.111,0.017,26.97
camera,1790398103.06,12.174,0.067,36.47
camera,1790398103.53,12.209,0.118,49.17
camera,1790398104.06,12.234,0.185,63.87
camera,1790398104.56,12.241,0.255,77.95
camera,1790398115.36,12.018,0.001,135.71
camera,1790398116.16,12.052,-0.025,143.34
camera,1790398116.56,12.053,-0.026,143.32
camera,1790398117.06,12.053,-0.026,143.38
camera,1790398117.53,12.010,0.006,143.42
camera,1790398118.06,11.999,0.014,143.38
camera,1790398118.56,11.979,0.025,146.46
camera,1790398119.03,11.993,0.018,151.53
camera,1790398119.53,11.992,0.018,157.63
camera,1790398120.03,11.986,0.019,164.64
camera,1790398120.56,11.980,0.019,172.50
camera,1790398121.03,11.965,0.019,177.39
camera,1790398121.53,11.966,0.019,177.43
camera,1790398122.06,11.895,0.022,177.46
camera,1790398122.56,11.823,0.025,177.59
camera,1790398123.03,11.755,0.028,177.64
camera,1790398123.60,11.634,0.033,177.83
camera,1790398124.03,11.491,0.037,177.96
camera,1790398124.53,11.294,0.044,177.99
camera,1790398125.06,11.120,0.050,178.10
camera,1790398125.53,10.936,0.056,178.24
camera,1790398126.06,10.740,0.061,178.32
camera,1790398126.53,10.571,0.066,178.39
camera,1790398127.06,10.376,0.071,178.52
camera,1790398127.53,10.197,0.075,178.57
camera,1790398128.06,9.992,0.079,178.68
camera,1790398128.56,9.803,0.083,178.73
camera,1790398129.10,9.596,0.087,178.76
camera,1790398129.56,9.423,0.090,178.94
camera,1790398130.03,9.263,0.093,178.97
camera,1790398130.56,9.063,0.097,179.11
camera,1790398131.03,8.882,0.099,179.16
camera,1790398131.53,8.699,0.102,179.26
camera,1790398132.06,8.496,0.104,179.27
camera,1790398132.53,8.338,0.105,179.40
camera,1790398133.03,8.135,0.107,179.44
camera,1790398133.56,7.947,0.109,179.50
camera,1790398134.03,7.775,0.110,179.71
camera,1790398134.56,7.580,0.111,179.72
camera,1790398135.03,7.395,0.112,179.74
camera,1790398135.53,7.228,0.112,179.87
camera,1790398136.06,7.052,0.112,180.01
camera,1790398136.53,6.890,0.112,180.03
camera,1790398137.06,6.707,0.111,180.08
camera,1790398137.53,6.527,0.110,180.21
camera,1790398138.03,6.342,0.109,180.31
camera,1790398138.56,6.142,0.108,180.34
camera,1790398139.03,5.972,0.106,180.42
camera,1790398139.56,5.789,0.093,183.85
camera,1790398140.06,5.576,0.063,186.02
camera,1790398140.53,5.399,0.043,186.19
camera,1790398141.06,5.197,0.020,186.46
camera,1790398141.56,5.012,-0.001,186.61
camera,1790398142.03,4.836,-0.022,186.70
camera,1790398142.53,4.645,-0.045,186.82
camera,1790398143.06,4.438,-0.070,186.89
camera,1790398143.53,4.264,-0.091,187.01
camera,1790398144.03,4.071,-0.122,188.57
camera,1790398144.60,3.870,-0.164,190.69
camera,1790398145.06,3.702,-0.197,190.91
camera,1790398145.53,3.538,-0.229,191.04
camera,1790398146.03,3.356,-0.266,191.25
camera,1790398146.56,3.153,-0.304,190.55
camera,1790398147.03,2.989,-0.316,186.34
camera,1790398147.53,2.808,-0.322,183.66
camera,1790398148.03,2.611,-0.334,183.67
camera,1790398148.53,2.436,-0.346,183.74
camera,1790398149.03,2.255,-0.358,183.82
camera,1790398149.56,2.054,-0.372,183.89
camera,1790398150.03,1.889,-0.383,184.01
camera,1790398150.56,1.691,-0.398,184.17
camera,1790398151.03,1.509,-0.411,184.18
camera,1790398151.53,1.324,-0.426,184.29
camera,1790398152.06,1.130,-0.441,184.49
camera,1790398152.56,0.939,-0.456,184.52
camera,1790398153.03,0.844,-0.464,184.54
camera,1790398153.53,0.760,-0.470,184.45
camera,1790398154.06,0.699,-0.475,184.50
camera,1790398154.56,0.700,-0.475,184.52
camera,1790398155.03,0.699,-0.475,184.51
camera,1790398155.56,0.699,-0.474,184.53
camera,1790398156.06,0.695,-0.475,184.55
camera,1790398156.53,0.704,-0.474,184.59
camera,1790398157.03,0.702,-0.474,184.54
camera,1790398157.56,0.698,-0.474,184.51
camera,1790398158.03,0.694,-0.474,184.54
camera,1790398158.53,0.702,-0.475,179.62
camera,1790398159.03,0.702,-0.474,172.41
camera,1790398159.53,0.712,-0.478,165.15
camera,1790398160.03,0.711,-0.477,157.79
camera,1790398160.60,0.709,-0.476,149.41
camera,1790398161.06,0.708,-0.475,142.41
camera,1790398161.56,0.707,-0.473,135.02
camera,1790398162.03,0.704,-0.469,128.28
camera,1790398162.53,0.700,-0.461,120.99
camera,1790398163.06,0.694,-0.447,113.34
camera,1790398163.56,0.692,-0.435,106.33
camera,1790398164.03,0.690,-0.422,99.98
camera,1790398164.56,0.691,-0.401,92.35
camera,1790398165.06,0.691,-0.391,90.63
camera,1790398165.53,0.691,-0.395,90.62
camera,1790398166.06,0.691,-0.399,90.48
camera,1790398166.53,0.691,-0.397,90.53
camera,1790398167.03,0.691,-0.398,90.48
camera,1790398167.56,0.691,-0.401,90.61
camera,1790398168.03,0.691,-0.403,90.60
camera,1790398168.53,0.691,-0.409,90.55
camera,1790398169.06,0.692,-0.464,90.39
camera,1790398169.56,0.692,-0.543,90.36
camera,1790398170.03,0.692,-0.620,90.26
camera,1790398170.56,0.693,-0.718,90.12
camera,1790398171.03,0.693,-0.823,90.15
camera,1790398171.53,0.692,-0.938,89.68
camera,1790398172.06,0.690,-1.062,89.51
camera,1790398172.56,0.689,-1.177,89.37
camera,1790398173.03,0.687,-1.289,89.04
camera,1790398173.56,0.684,-1.411,88.84
camera,1790398174.03,0.680,-1.521,88.31
camera,1790398174.56,0.676,-1.653,88.22
camera,1790398175.06,0.671,-1.784,88.08
camera,1790398175.53,0.666,-1.906,87.73
camera,1790398176.03,0.660,-2.035,87.57
camera,1790398176.60,0.654,-2.183,87.43
camera,1790398177.03,0.648,-2.297,87.27
camera,1790398177.56,0.641,-2.432,87.12
camera,1790398178.10,0.634,-2.576,86.97
camera,1790398178.53,0.628,-2.693,87.09
camera,1790398179.06,0.619,-2.836,86.81
camera,1790398179.56,0.612,-2.973,86.92
camera,1790398180.06,0.604,-3.111,86.80
camera,1790398180.56,0.596,-3.251,86.75
camera,1790398181.03,0.589,-3.386,86.69
camera,1790398181.53,0.581,-3.520,86.58
camera,1790398182.03,0.572,-3.664,86.61
camera,1790398182.56,0.563,-3.808,86.50
camera,1790398183.03,0.555,-3.939,86.51
camera,1790398183.53,0.547,-4.078,86.51
camera,1790398184.06,0.538,-4.229,86.50
camera,1790398184.56,0.529,-4.366,86.42
camera,1790398185.10,0.519,-4.523,86.26
camera,1790398185.56,0.510,-4.657,86.23
camera,1790398186.03,0.501,-4.793,86.18
camera,1790398186.56,0.490,-4.947,86.07
camera,1790398187.06,0.480,-5.090,86.07
camera,1790398187.53,0.471,-5.222,86.09
camera,1790398188.06,0.460,-5.398,86.11
camera,1790398188.53,0.451,-5.530,86.17
camera,1790398189.06,0.443,-5.672,86.17
camera,1790398189.53,0.434,-5.809,86.05
camera,1790398190.03,0.426,-5.948,86.15
camera,1790398190.56,0.416,-6.106,86.14
camera,1790398191.03,0.405,-6.259,86.09
camera,1790398191.53,0.396,-6.377,85.92
camera,1790398192.06,0.385,-6.532,85.94
camera,1790398192.53,0.381,-6.582,85.97
camera,1790398193.06,0.381,-6.584,85.93
camera,1790398193.56,0.380,-6.588,85.88
camera,1790398194.03,0.381,-6.585,85.90
camera,1790398194.56,0.380,-6.588,85.93
camera,1790398195.06,0.381,-6.586,82.37
camera,1790398195.53,0.382,-6.577,82.00
camera,1790398196.06,0.382,-6.576,82.03
camera,1790398196.56,0.381,-6.585,82.03
camera,1790398197.10,0.382,-6.582,81.91
camera,1790398197.56,0.390,-6.522,81.85
camera,1790398198.03,0.401,-6.449,81.94
camera,1790398198.60,0.414,-6.354,81.90
camera,1790398199.03,0.428,-6.258,81.90
camera,1790398199.60,0.450,-6.105,81.91
camera,1790398200.06,0.467,-5.977,82.04
camera,1790398200.60,0.485,-5.844,82.04
camera,1790398201.06,0.503,-5.719,82.07
camera,1790398201.63,0.523,-5.570,82.19
camera,1790398202.03,0.537,-5.469,82.20
camera,1790398202.56,0.555,-5.330,82.28
camera,1790398203.03,0.570,-5.221,82.51
camera,1790398203.56,0.589,-5.068,82.64
camera,1790398204.06,0.610,-4.902,82.76
camera,1790398204.53,0.629,-4.745,82.91
camera,1790398205.03,0.651,-4.566,83.01
camera,1790398205.56,0.676,-4.368,83.00
camera,1790398206.06,0.697,-4.186,83.08
camera,1790398206.53,0.717,-4.026,83.02
camera,1790398207.10,0.719,-4.010,83.07
camera,1790398207.56,0.719,-4.009,83.11
camera,1790398208.13,0.719,-4.009,83.09
camera,1790398208.53,0.719,-4.008,83.07
camera,1790398209.06,0.719,-4.008,83.08
camera,1790398209.56,0.727,-3.945,83.02
camera,1790398210.06,0.744,-3.804,83.01
camera,1790398210.53,0.760,-3.673,83.05
camera,1790398211.06,0.779,-3.512,83.27
camera,1790398211.56,0.797,-3.363,83.29
camera,1790398212.10,0.815,-3.204,83.48
camera,1790398212.53,0.829,-3.082,83.54
camera,1790398213.13,0.848,-2.911,83.63
camera,1790398213.56,0.862,-2.779,83.74
camera,1790398214.06,0.878,-2.624,83.95
camera,1790398214.56,0.893,-2.473,84.22
camera,1790398215.03,0.906,-2.342,84.33
camera,1790398215.56,0.921,-2.185,84.56
camera,1790398216.06,0.929,-2.104,84.51
camera,1790398216.53,0.940,-1.989,84.46
camera,1790398217.03,0.953,-1.847,84.67
camera,1790398217.56,0.966,-1.698,84.89
camera,1790398218.03,0.976,-1.570,85.11
camera,1790398218.53,0.987,-1.429,85.44
camera,1790398219.06,0.995,-1.305,86.06
camera,1790398219.53,0.998,-1.263,85.98
camera,1790398220.03,0.998,-1.264,86.31
camera,1790398220.56,0.998,-1.262,86.02
camera,1790398221.03,0.998,-1.259,86.04
camera,1790398221.53,0.998,-1.261,86.00
camera,1790398222.06,0.998,-1.261,86.14
camera,1790398222.53,0.998,-1.261,86.08
camera,1790398223.06,0.997,-1.261,86.03
camera,1790398223.56,0.997,-1.261,86.15
camera,1790398224.10,0.999,-1.232,86.36
camera,1790398224.56,1.003,-1.167,86.39
camera,1790398225.03,1.006,-1.100,86.26
camera,1790398225.56,1.010,-1.017,86.89
camera,1790398226.06,1.013,-0.957,86.89
camera,1790398226.53,1.014,-0.904,88.10
camera,1790398227.10,0.997,-0.811,87.93
camera,1790398227.53,0.998,-0.736,88.66
camera,1790398228.06,1.015,-0.627,84.85
camera,1790398228.53,1.021,-0.555,84.81
camera,1790398229.06,1.028,-0.467,85.25
camera,1790398229.53,1.034,-0.388,85.27
camera,1790398230.06,1.051,-0.280,82.27
camera,1790398230.53,1.085,-0.180,76.80
camera,1790398231.80,0.650,-0.023,42.64
camera,1790398232.10,0.731,0.012,33.15
camera,1790398232.56,0.832,0.029,18.11
camera,1790398233.03,0.923,0.024,3.57
camera,1790398233.56,0.930,0.023,3.12
camera,1790398234.03,0.931,0.023,3.16
camera,1790398234.56,0.921,0.023,3.11
camera,1790398235.03,0.933,0.024,3.13
camera,1790398235.56,0.929,0.023,3.18
camera,1790398236.03,0.929,0.023,3.16
camera,1790398236.56,0.928,0.023,3.20
camera,1790398237.03,0.933,0.024,3.18
camera,1790398237.53,0.961,0.025,3.06
camera,1790398238.06,1.140,0.035,3.00
camera,1790398238.53,1.305,0.043,2.97
camera,1790398239.06,1.479,0.052,3.01
camera,1790398239.53,1.550,0.056,3.03
camera,1790398240.06,1.553,0.056,2.98
camera,1790398240.53,1.549,0.056,3.02
camera,1790398241.03,1.552,0.056,3.02
camera,1790398241.53,1.551,0.056,3.01
camera,1790398242.03,1.550,0.056,3.05
camera,1790398242.53,1.550,0.056,2.97
camera,1790398243.03,1.547,0.056,3.02
camera,1790398243.56,1.548,0.056,3.01
camera,1790398244.03,1.555,0.056,3.02
camera,1790398244.56,1.550,0.056,3.01
camera,1790398245.06,1.546,0.056,2.99
camera,1790398245.56,1.551,0.056,3.02
camera,1790398246.06,1.552,0.056,3.00
camera,1790398246.53,1.549,0.056,3.00
camera,1790398247.06,1.548,0.056,2.99
camera,1790398247.53,1.556,0.056,2.98
camera,1790398248.06,1.544,0.055,3.07
camera,1790398248.53,1.555,0.056,2.99
camera,1790398249.10,1.551,0.056,3.01
camera,1790398249.53,1.552,0.056,2.99
camera,1790398250.03,1.553,0.056,3.03
camera,1790398250.56,1.548,0.055,2.99
camera,1790398251.03,1.551,0.055,3.05
camera,1790398251.53,1.555,0.056,2.99
camera,1790398252.06,1.542,0.055,3.05
camera,1790398252.53,1.550,0.055,3.01
camera,1790398253.06,1.543,0.055,3.03
camera,1790398253.53,1.548,0.055,3.04
camera,1790398254.06,1.548,0.055,3.03
camera,1790398254.53,1.549,0.055,3.04
camera,1790398255.06,1.552,0.055,3.04
camera,1790398255.56,1.551,0.055,3.02
camera,1790398256.03,1.548,0.055,3.02
camera,1790398256.56,1.548,0.055,3.02
camera,1790398257.03,1.550,0.055,2.99
camera,1790398257.53,1.559,0.055,2.98
camera,1790398258.06,1.552,0.055,3.02
camera,1790398258.53,1.548,0.055,3.01
camera,1790398259.06,1.548,0.055,2.98
camera,1790398259.53,1.549,0.055,3.01
camera,1790398260.06,1.549,0.055,3.05
camera,1790398260.56,1.551,0.055,3.08
camera,1790398261.03,1.554,0.055,3.01
camera,1790398261.56,1.553,0.055,3.06
camera,1790398262.03,1.553,0.055,3.04
camera,1790398262.56,1.550,0.055,3.02
camera,1790398263.03,1.548,0.055,3.00
camera,1790398263.60,1.548,0.055,3.04
camera,1790398264.03,1.554,0.055,3.05
camera,1790398264.53,1.550,0.055,3.00
camera,1790398265.06,1.552,0.055,3.04
camera,1790398265.53,1.549,0.055,3.00
camera,1790398266.13,1.534,0.054,3.05
camera,1790398266.53,1.555,0.055,3.00
camera,1790398267.06,1.553,0.055,3.01
camera,1790398267.53,1.555,0.055,3.00
camera,1790398268.03,1.559,0.055,3.01
camera,1790398268.56,1.554,0.055,2.98
camera,1790398269.03,1.551,0.054,3.02
camera,1790398269.56,1.557,0.055,3.00
camera,1790398270.03,1.554,0.055,2.97
camera,1790398270.53,1.555,0.055,2.99
camera,1790398271.06,1.557,0.055,2.99
camera,1790398271.53,1.558,0.055,3.01
camera,1790398272.03,1.549,0.054,3.02
camera,1790398272.56,1.556,0.055,3.01
camera,1790398273.03,1.554,0.054,3.00
camera,1790398273.56,1.552,0.054,3.05
camera,1790398274.03,1.554,0.054,2.99
camera,1790398274.56,1.558,0.054,2.99
camera,1790398275.06,1.550,0.054,3.04
camera,1790398275.53,1.551,0.054,3.04
camera,1790398276.06,1.557,0.054,3.04
camera,1790398276.53,1.547,0.054,3.04
camera,1790398277.06,1.557,0.054,3.03
camera,1790398277.56,1.555,0.054,3.02
camera,1790398278.03,1.554,0.054,2.98
camera,1790398278.53,1.552,0.054,3.03
camera,1790398279.06,1.552,0.054,3.01
camera,1790398279.53,1.554,0.054,3.04
camera,1790398280.06,1.550,0.053,3.01
camera,1790398280.53,1.559,0.054,3.01
camera,1790398281.06,1.561,0.054,2.96
camera,1790398281.56,1.551,0.053,2.97
camera,1790398282.03,1.554,0.054,3.03
camera,1790398282.56,1.553,0.054,2.95
camera,1790398283.03,1.554,0.054,3.00
camera,1790398283.56,1.558,0.054,3.02
camera,1790398284.03,1.551,0.054,3.01
camera,1790398284.56,1.553,0.054,3.00
camera,1790398285.10,1.557,0.054,3.00
camera,1790398285.53,1.558,0.054,2.99
camera,1790398286.06,1.553,0.054,3.01
camera,1790398286.53,1.550,0.053,3.00
camera,1790398287.06,1.551,0.053,3.01
camera,1790398287.56,1.554,0.054,3.02
camera,1790398288.10,1.553,0.054,2.99
camera,1790398288.56,1.556,0.054,3.00
camera,1790398289.03,1.554,0.053,3.01
camera,1790398289.56,1.543,0.053,3.07
camera,1790398290.03,1.551,0.053,3.00
camera,1790398290.53,1.551,0.053,3.01
camera,1790398291.06,1.562,0.054,2.98
camera,1790398291.53,1.562,0.054,3.02
camera,1790398292.06,1.555,0.053,3.05
camera,1790398292.53,1.557,0.054,3.01
camera,1790398293.06,1.555,0.053,3.05
camera,1790398293.63,1.554,0.053,3.00
camera,1790398294.13,1.553,0.053,3.03
camera,1790398294.56,1.554,0.053,2.98
camera,1790398295.03,1.550,0.053,3.02
camera,1790398295.56,1.551,0.053,3.03
camera,1790398296.03,1.554,0.053,3.02
camera,1790398296.56,1.554,0.053,3.01
camera,1790398297.03,1.555,0.053,2.99
camera,1790398297.53,1.555,0.053,3.01
camera,1790398298.06,1.546,0.053,3.02
camera,1790398298.53,1.556,0.053,3.01
camera,1790398299.03,1.556,0.053,3.04
camera,1790398299.56,1.553,0.053,3.00
camera,1790398300.03,1.549,0.053,3.01
camera,1790398300.56,1.554,0.053,3.03
camera,1790398301.03,1.555,0.053,2.99
camera,1790398301.56,1.556,0.053,3.05
camera,1790398302.03,1.555,0.053,3.00
camera,1790398302.53,1.557,0.053,3.01
camera,1790398303.06,1.558,0.053,3.03
camera,1790398303.53,1.560,0.053,3.00
camera,1790398304.06,1.555,0.053,3.04
camera,1790398304.60,1.558,0.053,3.04
camera,1790398305.06,1.543,0.052,2.95
camera,1790398305.53,1.572,0.053,2.76
camera,1790398306.10,1.778,0.063,2.74
camera,1790398306.53,1.939,0.071,2.82
camera,1790398307.10,2.147,0.082,3.00
camera,1790398307.56,2.323,0.091,2.98
camera,1790398308.03,2.495,0.101,3.07
camera,1790398308.56,2.691,0.112,3.18
camera,1790398309.03,2.861,0.122,3.19
camera,1790398309.56,3.037,0.133,3.32
camera,1790398310.03,3.221,0.143,3.34
camera,1790398310.56,3.412,0.155,3.48
camera,1790398311.03,3.585,0.166,3.58
camera,1790398311.56,3.763,0.177,3.59
camera,1790398312.03,3.935,0.189,3.75
camera,1790398312.53,4.126,0.201,3.77
camera,1790398313.06,4.329,0.215,3.85
camera,1790398313.53,4.496,0.227,3.96
camera,1790398314.10,4.709,0.242,3.99
camera,1790398314.56,4.885,0.254,4.02
camera,1790398315.03,5.064,0.267,4.15
camera,1790398315.56,5.263,0.282,4.25
camera,1790398316.03,5.436,0.296,4.38
camera,1790398316.60,5.650,0.312,4.49
camera,1790398317.03,5.814,0.326,4.62
camera,1790398317.53,6.010,0.342,4.67
camera,1790398318.06,6.213,0.359,4.73
camera,1790398318.56,6.390,0.374,4.86
camera,1790398319.03,6.553,0.388,4.93
camera,1790398319.56,6.754,0.406,4.97
camera,1790398320.03,6.924,0.421,5.11
camera,1790398320.56,7.118,0.439,5.19
camera,1790398321.06,7.305,0.457,5.26
camera,1790398321.53,7.478,0.473,5.36
camera,1790398322.06,7.676,0.491,5.33
camera,1790398322.53,7.852,0.508,5.38
camera,1790398323.03,8.032,0.525,5.42
camera,1790398323.56,8.232,0.545,5.60
camera,1790398324.06,8.416,0.564,5.67
camera,1790398324.53,8.591,0.581,5.64
camera,1790398325.06,8.785,0.601,5.76
camera,1790398325.53,8.960,0.619,5.90
camera,1790398326.10,9.171,0.641,5.97
camera,1790398326.56,9.347,0.659,6.02
camera,1790398327.06,9.539,0.679,5.95
camera,1790398327.53,9.711,0.697,6.03
camera,1790398328.03,9.898,0.717,6.08
camera,1790398328.56,10.100,0.739,6.27
camera,1790398329.03,10.277,0.758,6.16
camera,1790398329.53,10.462,0.778,6.14
camera,1790398330.03,10.655,0.798,5.98
camera,1790398330.53,10.832,0.817,6.16
camera,1790398331.06,10.853,0.819,6.19
camera,1790398331.53,10.854,0.819,6.25
camera,1790398332.03,10.852,0.819,6.18
camera,1790398332.56,10.854,0.819,6.22
camera,1790398333.06,10.854,0.819,6.15
camera,1790398333.53,10.846,0.818,6.19
camera,1790398334.06,10.754,0.808,6.00
camera,1790398334.56,10.638,0.796,6.03
camera,1790398335.03,10.522,0.784,6.08
camera,1790398335.56,10.373,0.768,6.02
camera,1790398336.06,10.209,0.750,6.04
camera,1790398336.53,10.055,0.733,6.19
camera,1790398337.03,9.891,0.715,6.17
camera,1790398337.56,9.715,0.696,6.26
camera,1790398338.06,9.551,0.678,6.16
camera,1790398338.53,9.388,0.662,6.03
camera,1790398339.03,9.222,0.645,5.86
camera,1790398339.56,9.046,0.627,5.81
camera,1790398340.03,8.877,0.610,6.00
camera,1790398340.53,8.685,0.580,8.02
camera,1790398341.06,8.492,0.539,10.95
camera,1790398341.53,8.329,0.502,11.94
camera,1790398342.03,8.149,0.464,11.80
camera,1790398342.56,7.956,0.444,7.25
camera,1790398343.03,7.779,0.416,8.95
camera,1790398343.56,7.608,0.358,15.35
camera,1790398344.06,7.422,0.306,15.50
camera,1790398344.53,7.262,0.288,8.72
camera,1790398345.06,7.050,0.306,0.01
camera,1790398345.53,6.885,0.253,11.95
camera,1790398346.03,6.714,0.219,10.57
camera,1790398346.56,6.513,0.250,-2.65
camera,1790398347.03,6.346,0.214,8.26
camera,1790398347.63,6.143,0.187,3.55
camera,1790398348.03,6.030,0.217,-7.11
camera,1790398348.53,5.852,0.176,7.21
camera,1790398349.06,5.706,0.186,-8.39
camera,1790398349.53,5.664,0.223,-28.21
camera,1790398350.06,5.434,0.261,-13.89
camera,1790398350.53,5.272,0.238,0.41
camera,1790398351.06,5.081,0.255,-4.67
camera,1790398351.53,4.915,0.238,3.45
camera,1790398352.06,4.760,0.154,21.54
camera,1790398352.53,4.642,0.077,29.11
camera,1790398353.03,4.475,0.026,19.43
camera,1790398353.56,4.278,0.035,5.41
camera,1790398354.10,4.094,-0.012,11.19
camera,1790398354.53,3.952,0.008,-1.83
camera,1790398355.06,3.749,0.029,-2.58
camera,1790398355.53,3.577,-0.012,7.60
camera,1790398356.06,3.432,0.018,-9.55
camera,1790398356.53,3.242,0.035,-5.68
camera,1790398357.03,3.062,-0.009,7.78
camera,1790398357.56,2.886,-0.066,10.42
camera,1790398358.03,2.750,-0.016,-8.93
camera,1790398358.56,2.547,-0.043,3.45
camera,1790398359.03,2.402,-0.108,16.93
camera,1790398359.56,2.233,-0.090,-0.21
camera,1790398360.03,2.058,-0.121,7.65
camera,1790398360.56,1.889,-0.177,12.26
camera,1790398361.03,1.723,-0.184,7.02
camera,1790398361.53,1.546,-0.206,6.98
camera,1790398362.06,1.360,-0.229,7.10
camera,1790398362.53,1.201,-0.250,7.20
camera,1790398363.06,1.005,-0.273,6.93
camera,1790398363.53,0.844,-0.279,3.72
camera,1790398364.03,0.673,-0.287,2.95
camera,1790398364.56,0.513,-0.282,-1.22
camera,1790398365.03,0.480,-0.279,-1.88
camera,1790398365.56,0.479,-0.279,-1.89
camera,1790398366.03,0.480,-0.279,-1.89
camera,1790398366.53,0.478,-0.279,-1.91
camera,1790398367.03,0.472,-0.279,-1.87
camera,1790398367.56,0.474,-0.279,-1.88
camera,1790398368.03,0.476,-0.279,-1.87
camera,1790398368.56,0.475,-0.279,-1.88
camera,1790398369.03,0.476,-0.279,-1.87
camera,1790398369.56,0.480,-0.279,-1.88
camera,1790398370.06,0.474,-0.279,-1.86
camera,1790398370.53,0.445,-0.284,5.85
camera,1790398371.06,0.434,-0.287,8.98
camera,1790398371.53,0.522,-0.272,9.49
camera,1790398372.06,0.668,-0.220,16.69
camera,1790398372.53,0.800,-0.155,23.06
camera,1790398373.06,0.983,-0.072,23.08
camera,1790398373.53,1.115,-0.081,4.23
camera,1790398374.06,1.126,-0.088,-3.75
camera,1790398374.53,1.127,-0.088,-3.72
camera,1790398375.03,1.135,-0.088,-3.76
camera,1790398375.56,1.133,-0.088,-3.73
camera,1790398376.10,1.134,-0.088,-3.75
camera,1790398376.56,1.134,-0.088,-3.71
camera,1790398377.03,1.126,-0.088,-3.66
camera,1790398377.53,1.131,-0.088,-3.70
camera,1790398378.06,1.135,-0.088,-3.91
camera,1790398378.53,1.268,-0.098,-4.04
camera,1790398379.07,1.452,-0.110,-3.98
camera,1790398379.53,1.622,-0.122,-3.95
camera,1790398380.06,1.835,-0.112,1.43
camera,1790398380.53,1.929,-0.089,6.65
camera,1790398381.07,1.935,-0.088,6.60
camera,1790398381.57,1.937,-0.088,6.60
camera,1790398382.03,1.933,-0.088,6.61
camera,1790398382.57,1.935,-0.088,6.61
camera,1790398383.07,1.936,-0.088,6.57
camera,1790398383.53,1.934,-0.088,6.60
camera,1790398384.07,1.935,-0.088,6.58
camera,1790398384.53,1.935,-0.088,6.60
camera,1790398385.03,1.934,-0.088,6.61
camera,1790398385.57,1.794,-0.104,6.61
camera,1790398386.03,1.651,-0.120,6.49
camera,1790398386.53,1.489,-0.139,6.62
camera,1790398387.07,1.289,-0.161,6.54
camera,1790398387.53,1.121,-0.180,6.59
camera,1790398388.03,0.943,-0.201,6.47
camera,1790398388.57,0.733,-0.224,6.31
camera,1790398389.03,0.555,-0.243,6.38
camera,1790398389.57,0.363,-0.265,6.33
camera,1790398390.07,0.193,-0.278,4.34
camera,1790398390.53,0.188,-0.279,4.55
camera,1790398391.10,0.222,-0.276,4.32
camera,1790398391.57,0.353,-0.267,4.27
camera,1790398392.03,0.510,-0.255,4.30
camera,1790398392.63,0.729,-0.238,4.37
camera,1790398393.03,0.879,-0.226,4.43
camera,1790398393.53,1.066,-0.212,4.48
camera,1790398394.07,1.268,-0.195,4.60
camera,1790398394.53,1.424,-0.183,4.43
camera,1790398395.07,1.424,-0.182,4.57
camera,1790398395.53,1.415,-0.183,2.72
camera,1790398396.03,1.389,-0.184,2.69
camera,1790398396.57,1.257,-0.190,2.52
camera,1790398397.03,1.070,-0.198,2.47
camera,1790398397.53,0.885,-0.205,2.38
camera,1790398398.03,0.690,-0.213,2.32
camera,1790398398.53,0.506,-0.220,2.26
camera,1790398399.07,0.310,-0.228,2.21
camera,1790398399.53,0.141,-0.234,2.17
camera,1790398400.07,-0.013,-0.250,6.73
camera,1790398400.53,-0.013,-0.250,6.43
camera,1790398401.03,-0.010,-0.250,2.47
camera,1790398401.57,-0.004,-0.249,2.47
camera,1790398402.10,0.010,-0.249,2.47
camera,1790398402.63,0.015,-0.249,2.48
camera,1790398403.03,0.031,-0.248,2.47
camera,1790398403.60,0.031,-0.248,2.52
camera,1790398404.07,0.034,-0.248,2.46
camera,1790398404.53,0.034,-0.248,2.53
camera,1790398405.07,0.036,-0.248,2.49
camera,1790398405.53,0.031,-0.248,2.48
camera,1790398406.03,0.029,-0.248,2.48
camera,1790398406.57,0.029,-0.248,2.52
camera,1790398407.03,0.032,-0.248,2.50
camera,1790398407.57,0.032,-0.248,2.50
camera,1790398408.07,0.030,-0.248,2.47
camera,1790398408.53,0.029,-0.248,2.50
camera,1790398409.03,0.032,-0.248,2.49
camera,1790398409.57,0.030,-0.248,2.48
camera,1790398410.07,0.033,-0.248,2.49
camera,1790398410.53,0.032,-0.248,2.48
camera,1790398411.07,0.032,-0.248,2.51
camera,1790398411.53,0.032,-0.248,2.48
camera,1790398412.03,0.027,-0.248,2.46
camera,1790398412.57,0.033,-0.248,2.48
camera,1790398413.13,0.034,-0.248,2.47
camera,1790398413.60,0.029,-0.248,2.51
camera,1790398414.07,0.033,-0.248,2.45
camera,1790398414.53,0.034,-0.248,2.49
camera,1790398415.03,0.033,-0.248,2.46
camera,1790398415.57,0.028,-0.248,2.49
camera,1790398416.03,0.031,-0.248,2.52
camera,1790398416.53,0.029,-0.248,2.48
camera,1790398417.07,0.027,-0.248,2.48
camera,1790398417.53,0.034,-0.248,2.47
camera,1790398418.07,0.028,-0.248,2.48
camera,1790398418.57,0.026,-0.248,2.49
camera,1790398419.03,0.028,-0.248,2.47
camera,1790398419.57,0.031,-0.248,2.47
camera,1790398420.03,0.027,-0.248,2.48
camera,1790398420.60,0.023,-0.248,2.47
camera,1790398421.07,0.032,-0.248,2.45
camera,1790398421.57,0.031,-0.248,2.50
camera,1790398422.03,0.037,-0.248,2.50
camera,1790398422.63,0.034,-0.248,2.47
camera,1790398423.10,0.037,-0.248,2.51
camera,1790398423.57,0.036,-0.248,2.48
camera,1790398424.07,0.033,-0.248,2.52
camera,1790398424.53,0.030,-0.248,2.51
camera,1790398425.07,0.034,-0.248,2.49
camera,1790398425.57,0.034,-0.248,2.47
camera,1790398426.07,0.039,-0.248,2.47
camera,1790398426.53,0.034,-0.248,2.47
camera,1790398427.07,0.039,-0.248,2.43
camera,1790398427.53,0.040,-0.248,2.49
camera,1790398428.03,0.041,-0.248,2.49
camera,1790398428.53,0.031,-0.248,2.50
camera,1790398429.03,0.035,-0.248,2.49
camera,1790398429.57,0.037,-0.248,2.50
camera,1790398430.07,0.034,-0.248,2.54
camera,1790398430.53,0.036,-0.248,2.51
camera,1790398431.07,0.035,-0.248,2.47
camera,1790398431.53,0.031,-0.248,2.48
camera,1790398432.10,0.033,-0.248,2.48
camera,1790398432.57,0.031,-0.248,2.52
camera,1790398433.03,0.034,-0.248,2.49
camera,1790398433.53,0.033,-0.248,2.48
camera,1790398434.07,0.039,-0.248,2.51
camera,1790398434.53,0.038,-0.248,2.49
camera,1790398435.13,0.035,-0.248,2.48
camera,1790398435.57,0.036,-0.248,2.50
camera,1790398436.03,0.031,-0.248,2.50
camera,1790398436.57,0.037,-0.248,2.50
camera,1790398437.07,0.034,-0.248,2.48
camera,1790398437.53,0.033,-0.248,2.49
camera,1790398438.07,0.029,-0.248,2.50
camera,1790398438.53,0.034,-0.248,2.49
camera,1790398439.03,0.031,-0.248,2.53
camera,1790398439.63,0.034,-0.248,2.52
camera,1790398440.07,0.032,-0.248,2.48
camera,1790398440.53,0.038,-0.248,2.46
camera,1790398441.07,0.037,-0.248,2.49
camera,1790398441.53,0.034,-0.248,2.51
camera,1790398442.03,0.035,-0.248,2.52
camera,1790398442.60,0.036,-0.248,2.49
camera,1790398443.03,0.038,-0.248,2.47
camera,1790398443.57,0.037,-0.248,2.52
camera,1790398444.07,0.038,-0.248,2.51
camera,1790398444.53,0.035,-0.248,2.50
camera,1790398445.13,0.033,-0.248,2.48
camera,1790398445.53,0.039,-0.248,2.52
camera,1790398446.13,0.037,-0.248,2.49
camera,1790398446.57,0.033,-0.248,2.50
camera,1790398447.03,0.030,-0.249,2.49
camera,1790398447.57,0.037,-0.248,2.51
camera,1790398448.13,0.041,-0.248,2.49
camera,1790398448.53,0.040,-0.248,2.53
camera,1790398449.17,0.040,-0.248,2.49
camera,1790398449.63,0.036,-0.248,2.50
camera,1790398450.03,0.037,-0.248,2.50
camera,1790398450.63,0.034,-0.248,2.48
camera,1790398451.03,0.038,-0.248,2.50
camera,1790398451.60,0.043,-0.248,2.50
camera,1790398452.07,0.037,-0.248,2.48
camera,1790398452.53,0.037,-0.248,2.51
camera,1790398453.07,0.033,-0.248,2.49
camera,1790398453.57,0.033,-0.248,2.48
camera,1790398454.10,0.039,-0.248,2.51
camera,1790398454.57,0.039,-0.248,2.52
camera,1790398455.10,0.036,-0.248,2.52
camera,1790398455.60,0.036,-0.248,2.47
camera,1790398456.07,0.034,-0.248,2.51
camera,1790398456.53,0.037,-0.248,2.52
camera,1790398457.07,0.037,-0.248,2.50
camera,1790398457.63,0.040,-0.248,2.50
camera,1790398458.03,0.032,-0.248,2.50
camera,1790398458.57,0.035,-0.248,2.49
camera,1790398459.03,0.032,-0.248,2.49
camera,1790398459.53,0.034,-0.248,2.47
camera,1790398460.13,0.037,-0.248,2.52
camera,1790398460.53,0.036,-0.248,2.53
camera,1790398461.03,0.036,-0.248,2.50
camera,1790398461.57,0.035,-0.248,2.50
camera,1790398462.07,0.033,-0.248,2.51
camera,1790398462.53,0.039,-0.248,2.49
camera,1790398463.07,0.032,-0.248,2.51
camera,1790398463.53,0.036,-0.248,2.49
camera,1790398464.37,0.036,-0.248,2.51
camera,1790398464.57,0.023,-0.249,2.49
camera,1790398465.07,0.036,-0.248,2.46
camera,1790398465.53,0.032,-0.248,2.49
camera,1790398466.10,0.030,-0.248,2.45
camera,1790398466.53,0.034,-0.248,2.49
camera,1790398467.07,0.034,-0.248,2.48
camera,1790398467.53,0.035,-0.248,2.48
camera,1790398468.13,0.038,-0.248,2.53
camera,1790398468.60,0.038,-0.248,2.49
camera,1790398469.03,0.031,-0.248,2.49
