[1m[35m********************************************************[0m
[1m[35m**********                                    **********[0m
[1m[35m**********    RSLidar_SDK Version: v1.5.19     **********[0m
[1m[35m**********                                    **********[0m
[1m[35m********************************************************[0m
[1m[32m--------------------------------------------------------[0m
[1m[32mConfig loaded from PATH:[0m
[1m[32m/home/administrator/catkin_ws/src/rslidar_sdk/config/replay_config.yaml[0m
[1m[32m--------------------------------------------------------[0m
[1m[32m------------------------------------------------------[0m
[1m[32mReceive Packets From : ROS[0m
[1m[32mMsop Topic: /helios/packets[0m
[1m[32m------------------------------------------------------[0m
[1m[32m------------------------------------------------------[0m
[1m[32m             RoboSense Driver Parameters [0m
[32minput type: RAW_PACKET[0m
[32mlidar_type: RSHELIOS[0m
[32mframe_id: rslidar[0m
[32m------------------------------------------------------[0m
[1m[32m------------------------------------------------------[0m
[1m[32m             RoboSense Input Parameters [0m
[32mmsop_port: 6699[0m
[32mdifop_port: 7788[0m
[32mimu_port: 0[0m
[32muser_layer_bytes: 0[0m
[32mtail_layer_bytes: 0[0m
[32mhost_address: 0.0.0.0[0m
[32mgroup_address: 0.0.0.0[0m
[32msocket_recv_buf: 106496[0m
[32mpcap_path: /home/robosense/lidar.pcap[0m
[32mpcap_rate: 1[0m
[32mpcap_repeat: 1[0m
[32muse_vlan: 0[0m
[1m[32m------------------------------------------------------[0m
[1m[32m------------------------------------------------------[0m
[1m[32m             RoboSense Decoder Parameters [0m
[32mmin_distance: 0.2[0m
[32mmax_distance: 200[0m
[32muse_lidar_clock: 1[0m
[32mdense_points: 0[0m
[32mts_first_point: 1[0m
[32mwait_for_difop: 1[0m
[32mconfig_from_file: 0[0m
[32mangle_path: [0m
[32mstart_angle: 0[0m
[32mend_angle: 360[0m
[32msplit_frame_mode: 1[0m
[32msplit_angle: 180[0m
[32mnum_blks_split: 0[0m
[1m[32m------------------------------------------------------[0m
[1m[32m------------------------------------------------------[0m
[1m[32m             RoboSense Transform Parameters [0m
[32mx: 0[0m
[32my: 0[0m
[32mz: 0[0m
[32mroll: 0[0m
[32mpitch: 0[0m
[32myaw: 0[0m
[1m[32m------------------------------------------------------[0m
[1m[36m------------------------------------------------------[0m
[1m[36mSend PointCloud To : ROS[0m
[1m[36mPointCloud Topic: /helios/points[0m
[1m[36m------------------------------------------------------[0m
[1m[37mRoboSense-LiDAR-Driver is running.....[0m
[33m[ WARN] [1790435232.669230681]: RobotBodyFilter: No collision element found for link front_bumper_link of robot husky. This link will not be filtered out from laser scans.[0m
[33m[ WARN] [1790435232.669366458]: RobotBodyFilter: No collision element found for link rear_bumper_link of robot husky. This link will not be filtered out from laser scans.[0m
[33m[ WARN] [1790435233.287586553]: RobotBodyFilter: No collision element found for link top_chassis_link of robot husky. This link will not be filtered out from laser scans.[0m
[0m[ INFO] [1790435232.647483006]: RobotBodyFilter: Found parameter: sensor/point_by_point, value: False[0m
[0m[ INFO] [1790435232.650489568]: RobotBodyFilter: Found parameter: transforms/buffer_length, value: 60.000000 s[0m
[0m[ INFO] [1790435232.659026691]: RobotBodyFilter: Found parameter: frames/fixed, value: base_link[0m
[0m[ INFO] [1790435232.659080899]: RobotBodyFilter: Found parameter: frames/sensor, value: rslidar[0m
[0m[ INFO] [1790435232.659096804]: RobotBodyFilter: Found parameter: frames/filtering, value: base_link[0m
[0m[ INFO] [1790435232.659121252]: RobotBodyFilter: Found parameter: sensor/min_distance, value: 0.000000 m[0m
[0m[ INFO] [1790435232.659136068]: RobotBodyFilter: Found parameter: sensor/max_distance, value: 0.000000 m[0m
[0m[ INFO] [1790435232.659170117]: RobotBodyFilter: Found parameter: body_model/robot_description_param, value: robot_description[0m
[0m[ INFO] [1790435232.659190853]: RobotBodyFilter: Found parameter: filter/keep_clouds_organized, value: False[0m
[0m[ INFO] [1790435232.659215141]: RobotBodyFilter: Found parameter: filter/model_pose_update_interval, value: 0.000000 s[0m
[0m[ INFO] [1790435232.659234565]: RobotBodyFilter: Found parameter: filter/do_clipping, value: False[0m
[0m[ INFO] [1790435232.659251237]: RobotBodyFilter: Found parameter: filter/do_contains_test, value: True[0m
[0m[ INFO] [1790435232.659301574]: RobotBodyFilter: Found parameter: filter/do_shadow_test, value: False[0m
[0m[ INFO] [1790435232.659354119]: RobotBodyFilter: Parameter filter/max_shadow_distance not defined, assigning default: 0.000000 m[0m
[0m[ INFO] [1790435232.659382119]: RobotBodyFilter: Found parameter: transforms/timeout/reachable, value: 0.200000 s[0m
[0m[ INFO] [1790435232.659402503]: RobotBodyFilter: Found parameter: transforms/timeout/unreachable, value: 0.300000 s[0m
[0m[ INFO] [1790435232.659421831]: RobotBodyFilter: Parameter transforms/require_all_reachable not defined, assigning default: False[0m
[0m[ INFO] [1790435232.659440648]: RobotBodyFilter: Parameter bounding_sphere/publish_cut_out_pointcloud not defined, assigning default: False[0m
[0m[ INFO] [1790435232.659453224]: RobotBodyFilter: Parameter bounding_box/publish_cut_out_pointcloud not defined, assigning default: False[0m
[0m[ INFO] [1790435232.659477736]: RobotBodyFilter: Parameter oriented_bounding_box/publish_cut_out_pointcloud not defined, assigning default: False[0m
[0m[ INFO] [1790435232.659506984]: RobotBodyFilter: Parameter local_bounding_box/publish_cut_out_pointcloud not defined, assigning default: False[0m
[0m[ INFO] [1790435232.659520841]: RobotBodyFilter: Found parameter: bounding_sphere/compute, value: False[0m
[0m[ INFO] [1790435232.659566153]: RobotBodyFilter: Found parameter: bounding_box/compute, value: False[0m
[0m[ INFO] [1790435232.659584073]: RobotBodyFilter: Parameter oriented_bounding_box/compute not defined, assigning default: False[0m
[0m[ INFO] [1790435232.659595849]: RobotBodyFilter: Parameter local_bounding_box/compute not defined, assigning default: False[0m
[0m[ INFO] [1790435232.659606730]: RobotBodyFilter: Parameter bounding_sphere/debug not defined, assigning default: False[0m
[0m[ INFO] [1790435232.659617482]: RobotBodyFilter: Parameter bounding_box/debug not defined, assigning default: False[0m
[0m[ INFO] [1790435232.659628778]: RobotBodyFilter: Parameter oriented_bounding_box/debug not defined, assigning default: False[0m
[0m[ INFO] [1790435232.659639754]: RobotBodyFilter: Parameter local_bounding_box/debug not defined, assigning default: False[0m
[0m[ INFO] [1790435232.659650378]: RobotBodyFilter: Parameter bounding_sphere/marker not defined, assigning default: False[0m
[0m[ INFO] [1790435232.659664266]: RobotBodyFilter: Parameter bounding_box/marker not defined, assigning default: False[0m
[0m[ INFO] [1790435232.659675722]: RobotBodyFilter: Parameter oriented_bounding_box/marker not defined, assigning default: False[0m
[0m[ INFO] [1790435232.659686346]: RobotBodyFilter: Parameter local_bounding_box/marker not defined, assigning default: False[0m
[0m[ INFO] [1790435232.659700331]: RobotBodyFilter: Parameter local_bounding_box/frame_id not defined, assigning default: base_link[0m
[0m[ INFO] [1790435232.659711211]: RobotBodyFilter: Found parameter: debug/pcl/inside, value: False[0m
[0m[ INFO] [1790435232.659722059]: RobotBodyFilter: Parameter debug/pcl/clip not defined, assigning default: False[0m
[0m[ INFO] [1790435232.659733099]: RobotBodyFilter: Parameter debug/pcl/shadow not defined, assigning default: False[0m
[0m[ INFO] [1790435232.659747531]: RobotBodyFilter: Found parameter: debug/marker/contains, value: False[0m
[0m[ INFO] [1790435232.659807372]: RobotBodyFilter: Parameter debug/marker/shadow not defined, assigning default: False[0m
[0m[ INFO] [1790435232.659830924]: RobotBodyFilter: Parameter debug/marker/bounding_sphere not defined, assigning default: False[0m
[0m[ INFO] [1790435232.659846572]: RobotBodyFilter: Parameter debug/marker/bounding_box not defined, assigning default: False[0m
[0m[ INFO] [1790435232.659862413]: RobotBodyFilter: Found parameter: body_model/inflation/padding, value: 0.100000 m[0m
[0m[ INFO] [1790435232.659874829]: RobotBodyFilter: Found parameter: body_model/inflation/scale, value: 1.000000[0m
[0m[ INFO] [1790435232.659899885]: RobotBodyFilter: Parameter body_model/inflation/contains_test/padding not defined, assigning default: 0.100000 m[0m
[0m[ INFO] [1790435232.659922701]: RobotBodyFilter: Parameter body_model/inflation/contains_test/scale not defined, assigning default: 1.000000[0m
[0m[ INFO] [1790435232.659940813]: RobotBodyFilter: Parameter body_model/inflation/shadow_test/padding not defined, assigning default: 0.100000 m[0m
[0m[ INFO] [1790435232.659956142]: RobotBodyFilter: Parameter body_model/inflation/shadow_test/scale not defined, assigning default: 1.000000[0m
[0m[ INFO] [1790435232.659971342]: RobotBodyFilter: Parameter body_model/inflation/bounding_sphere/padding not defined, assigning default: 0.100000 m[0m
[0m[ INFO] [1790435232.659985102]: RobotBodyFilter: Parameter body_model/inflation/bounding_sphere/scale not defined, assigning default: 1.000000[0m
[0m[ INFO] [1790435232.660009166]: RobotBodyFilter: Parameter body_model/inflation/bounding_box/padding not defined, assigning default: 0.100000 m[0m
[0m[ INFO] [1790435232.660022158]: RobotBodyFilter: Parameter body_model/inflation/bounding_box/scale not defined, assigning default: 1.000000[0m
[0m[ INFO] [1790435232.660154768]: RobotBodyFilter: Parameter body_model/inflation/per_link/padding not defined, assigning default: {} m[0m
[0m[ INFO] [1790435232.660193072]: RobotBodyFilter: Parameter body_model/inflation/per_link/scale not defined, assigning default: {}[0m
[0m[ INFO] [1790435232.660240593]: RobotBodyFilter: Parameter ignored_links/bounding_sphere not defined, assigning default: [][0m
[0m[ INFO] [1790435232.660268689]: RobotBodyFilter: Parameter ignored_links/bounding_box not defined, assigning default: [][0m
[0m[ INFO] [1790435232.660327250]: RobotBodyFilter: Parameter ignored_links/contains_test not defined, assigning default: [][0m
[0m[ INFO] [1790435232.660389011]: RobotBodyFilter: Parameter ignored_links/shadow_test not defined, assigning default: ["laser"][0m
[0m[ INFO] [1790435232.660435027]: RobotBodyFilter: Parameter ignored_links/everywhere not defined, assigning default: [][0m
[0m[ INFO] [1790435232.660456595]: RobotBodyFilter: Parameter only_links not defined, assigning default: [][0m
[0m[ INFO] [1790435232.660470996]: RobotBodyFilter: Parameter body_model/dynamic_robot_description/field_name not defined, assigning default: robot_model[0m
[0m[ INFO] [1790435233.288069983]: RobotBodyFilter: Successfully configured.[0m
[0m[ INFO] [1790435233.288109472]: Filtering data in frame base_link[0m
[0m[ INFO] [1790435233.288125312]: RobotBodyFilter: Filtering into the following categories:[0m
[0m[ INFO] [1790435233.288141824]: RobotBodyFilter: 	OUTSIDE[0m
[0m[ INFO] [1790435233.288160448]: RobotBodyFilter: 	INSIDE[0m
[0m[ INFO] [1790435233.288180576]: RobotBodyFilter: [33m[ WARN] [1790435235.365480768]: Rtabmap: Parameter name changed: "Icp/PM" -> "Icp/Strategy". Please update your launch file accordingly. Value "true" is still set to the new parameter name.[0m
[33m[ WARN] [1790435235.367711418]: Rtabmap: Parameter name changed: "Icp/PMOutlierRatio" -> "Icp/OutlierRatio". Please update your launch file accordingly. Value "0.7" is still set to the new parameter name.[0m
[33m[ WARN] [1790435235.566684625]: Setting "Grid/Sensor" parameter to 0 (default 1) as "subscribe_scan", "subscribe_scan_cloud" or "gen_scan" is true. The occupancy grid map will be constructed from laser scans. To get occupancy grid map from camera's cloud projection, set "Grid/Sensor" to 1. To suppress this warning, add <param name="Grid/Sensor" type="string" value="0"/>[0m
[33m[ WARN] [1790435236.023089410]: There is no image subscription, bag-of-words loop closure detection will be disabled...[0m
[33m[ WARN] [1790435236.023309829]: Setting Kp/MaxFeatures=-1 (bag-of-words disabled)[0m
[33m[ WARN] [1790435250.779404932, 1790433332.108284942]: /rtabmap/rtabmap: Did not receive data since 5 seconds! Make sure the input topics are published ("$ rostopic hz my_topic") and the timestamps in their header are set. If topics are coming from different computers, make sure the clocks of the computers are synchronized ("ntpdate"). If topics are not published at the same rate, you could increase "sync_queue_size" and/or "topic_queue_size" parameters (current=10 and 10 respectively).
/rtabmap/rtabmap subscribed to (approx sync):
   /odometry/filtered \
   /helios/points_clean[0m
[31m[ERROR] [1790435251.977342447, 1790433333.200438361]: Filtering data from time 1790433333.200438361 failed.[0m
[0m[ INFO] [1790435234.099267984]: Starting node...[0m
[0m[ INFO] [1790435234.192064319]: Initializing nodelet with 12 worker threads.[0m
[0m[ INFO] [1790435234.686184772]: /rtabmap/rtabmap(maps): map_filter_radius          = 0.000000[0m
[0m[ INFO] [1790435234.686248869]: /rtabmap/rtabmap(maps): map_filter_angle           = 30.000000[0m
[0m[ INFO] [1790435234.686282629]: /rtabmap/rtabmap(maps): map_cleanup                = true[0m
[0m[ INFO] [1790435234.686302309]: /rtabmap/rtabmap(maps): map_always_update          = false[0m
[0m[ INFO] [1790435234.686313285]: /rtabmap/rtabmap(maps): map_empty_ray_tracing      = true[0m
[0m[ INFO] [1790435234.686324198]: /rtabmap/rtabmap(maps): cloud_output_voxelized     = true[0m
[0m[ INFO] [1790435234.686338822]: /rtabmap/rtabmap(maps): cloud_subtract_filtering   = false[0m
[0m[ INFO] [1790435234.686349254]: /rtabmap/rtabmap(maps): cloud_subtract_filtering_min_neighbors = 2[0m
[0m[ INFO] [1790435234.686856812]: /rtabmap/rtabmap(maps): octomap_tree_depth         = 16[0m
[0m[ INFO] [1790435234.721201208]: rtabmap: frame_id      = base_link[0m
[0m[ INFO] [1790435234.721278809]: rtabmap: map_frame_id  = map[0m
[0m[ INFO] [1790435234.721296793]: rtabmap: log_to_rosout_level = 4[0m
[0m[ INFO] [1790435234.721312377]: rtabmap: initial_pose  = [0m
[0m[ INFO] [1790435234.721333529]: rtabmap: use_action_for_goal  = false[0m
[0m[ INFO] [1790435234.721372698]: rtabmap: tf_delay      = 0.050000[0m
[0m[ INFO] [1790435234.721402426]: rtabmap: tf_tolerance  = 0.100000[0m
[0m[ INFO] [1790435234.721418650]: rtabmap: odom_sensor_sync   = false[0m
[0m[ INFO] [1790435234.721441659]: rtabmap: pub_loc_pose_only_when_localizing = false[0m
[0m[ INFO] [1790435234.722553480]: rtabmap: gen_scan  = false[0m
[0m[ INFO] [1790435234.722599560]: rtabmap: gen_depth  = false[0m
[0m[ INFO] [1790435234.723649684]: rtabmap: scan_cloud_max_points = 0[0m
[0m[ INFO] [1790435234.723684565]: rtabmap: scan_cloud_is_2d      = false[0m
[0m[ INFO] [1790435234.828071849]: Setting RTAB-Map parameter "Grid/CellSize"="0.02"[0m
[0m[ INFO] [1790435234.828784785]: Setting RTAB-Map parameter "Grid/ClusterRadius"="1"[0m
[0m[ INFO] [1790435234.838865125]: Setting RTAB-Map parameter "Grid/GroundIsObstacle"="true"[0m
[0m[ INFO] [1790435234.856647475]: Setting RTAB-Map parameter "Grid/RangeMax"="20"[0m
[0m[ INFO] [1790435234.889198954]: Setting RTAB-Map parameter "Icp/CorrespondenceRatio"="0.4"[0m
[0m[ INFO] [1790435234.893042295]: Setting RTAB-Map parameter "Icp/Epsilon"="0.001"[0m
[0m[ INFO] [1790435234.897180326]: Setting RTAB-Map parameter "Icp/Iterations"="10"[0m
[0m[ INFO] [1790435234.897886574]: Setting RTAB-Map parameter "Icp/MaxCorrespondenceDistance"="1"[0m
[0m[ INFO] [1790435234.900019687]: Setting RTAB-Map parameter "Icp/MaxTranslation"="3"[0m
[0m[ INFO] [1790435234.908141573]: Setting RTAB-Map parameter "Icp/PointToPlane"="false"[0m
[0m[ INFO] [1790435234.910117692]: Setting RTAB-Map parameter "Icp/PointToPlaneK"="20"[0m
[0m[ INFO] [1790435234.913773222]: Setting RTAB-Map parameter "Icp/PointToPlaneRadius"="0"[0m
[0m[ INFO] [1790435234.920859544]: Setting RTAB-Map parameter "Icp/VoxelSize"="0.3"[0m
[0m[ INFO] [1790435235.025986900]: Setting RTAB-Map parameter "Mem/NotLinkedNodesKept"="false"[0m
[0m[ INFO] [1790435235.037781596]: Setting RTAB-Map parameter "Mem/STMSize"="30"[0m
[0m[ INFO] [1790435235.060505443]: Setting RTAB-Map parameter "Optimizer/GravitySigma"="0.3"[0m
[0m[ INFO] [1790435235.087123990]: Setting RTAB-Map parameter "RGBD/AngularUpdate"="0.05"[0m
[0m[ INFO] [1790435235.098789180]: Setting RTAB-Map parameter "RGBD/LinearUpdate"="0.05"[0m
[0m[ INFO] [1790435235.118724066]: Setting RTAB-Map parameter "RGBD/NeighborLinkRefining"="false"[0m
[0m[ INFO] [1790435235.129899555]: Setting RTAB-Map parameter "RGBD/ProximityBySpace"="true"[0m
[0m[ INFO] [1790435235.133224873]: Setting RTAB-Map parameter "RGBD/ProximityMaxGraphDepth"="0"[0m
[0m[ INFO] [1790435235.140350012]: Setting RTAB-Map parameter "RGBD/ProximityPathMaxNeighbors"="1"[0m
[0m[ INFO] [1790435235.148524698]: Setting RTAB-Map parameter "Reg/Strategy"="1"[0m
[0m[ INFO] [1790435235.152135140]: Setting RTAB-Map parameter "Rtabmap/DetectionRate"="1"[0m
[0m[ INFO] [1790435235.568303172]: RTAB-Map detection rate = 1.000000 Hz[0m
[0m[ INFO] [1790435235.569039533]: rtabmap: Using database from "/media/administrator/USB Drive/slam_series2/s2_loc_03/rtab_helios.db" (0 MB).[0m
[0m[ INFO] [1790435235.933177973]: rtabmap: Database version = "0.21.10".[0m
[0m[ INFO] [1790435235.933293430]: rtabmap: SLAM mode (Mem/IncrementalMemory=true)[0m
[0m[ INFO] [1790435235.985906581]: /rtabmap/rtabmap: subscribe_depth = false[0m
[0m[ INFO] [1790435235.986008854]: /rtabmap/rtabmap: subscribe_rgb = false[0m
[0m[ INFO] [1790435235.986033847]: /rtabmap/rtabmap: subscribe_stereo = false[0m
[0m[ INFO] [1790435235.986059959]: /rtabmap/rtabmap: subscribe_rgbd = false (rgbd_cameras=1)[0m
[0m[ INFO] [1790435235.986086071]: /rtabmap/rtabmap: subscribe_sensor_data = false[0m
[0m[ INFO] [1790435235.986106071]: /rtabmap/rtabmap: subscribe_odom_info = false[0m
[0m[ INFO] [1790435235.986123864]: /rtabmap/rtabmap: subscribe_user_data = false[0m
[0m[ INFO] [1790435235.986139192]: /rtabmap/rtabmap: subscribe_scan = false[0m
[0m[ INFO] [1790435235.986154456]: /rtabmap/rtabmap: subscribe_scan_cloud = true[0m
[0m[ INFO] [1790435235.986174232]: /rtabmap/rtabmap: subscribe_scan_descriptor = false[0m
[0m[ INFO] [1790435235.986207289]: /rtabmap/rtabmap: topic_queue_size = 10[0m
[0m[ INFO] [1790435235.986238937]: /rtabmap/rtabmap: sync_queue_size = 10[0m
[0m[ INFO] [1790435235.986266393]: /rtabmap/rtabmap: approx_sync = true[0m
[0m[ INFO] [1790435235.999533138]: Setup scan callback[0m
[0m[ INFO] [1790435236.018068712]: 
/rtabmap/rtabmap subscribed to (approx sync):
   /odometry/filtered \
   /helios/points_clean[0m
[0m[ INFO] [1790435236.259675114]: rtabmap 0.21.10 started...[0m
[0m[ INFO] [1790435252.385830790, 1790433333.613008286]: rtabmap (1): Rate=1.00s, Limit=0.000s, Conversion=0.0038s, RTAB-Map=0.1799s, Maps update=0.0003s pub=0.0004s (local map=1, WM=1)[0m
Warning: TF_REPEATED_DATA ignoring data with redundant timestamp for frame odom (parent map) at time 1790433333.869143 according to authority unknown_publisher
         at line 278 in /tmp/binarydeb/ros-noetic-tf2-0.7.7/src/buffer_core.cpp
[33m[ WARN] [1790435252.541159615, 1790433333.769142849]: TF_REPEATED_DATA ignoring data with redundant timestamp for frame odom (parent map) at time 1790433333.869143 according to authority unknown_publisher[0m
Warning: TF_REPEATED_DATA ignoring data with redundant timestamp for frame odom (parent map) at time 1790433333.869143 according to authority /rtabmap/rtabmap
         at line 278 in /tmp/binarydeb/ros-noetic-tf2-0.7.7/src/buffer_core.cpp
[33m[ WARN] [1790435273.389989700, 1790433354.613306160]: We are receiving imu data (buffer=445), but cannot interpolate imu transform at time 1790433354.583117. IMU won't be added to graph.[0m
[33m[ WARN] [1790435295.605264436, 1790433376.833936798]: We are receiving imu data (buffer=884), but cannot interpolate imu transform at time 1790433376.783506. IMU won't be added to graph.[0m
[0m[ INFO] [1790435253.557984067, 1790433334.775434380]: rtabmap (2): Rate=1.00s, Limit=0.000s, Conversion=0.0021s, RTAB-Map=0.2569s, Maps update=0.0002s pub=0.0001s (local map=1, WM=1)[0m
[0m[ INFO] [1790435254.469006694, 1790433335.697505774]: rtabmap (3): Rate=1.00s, Limit=0.000s, Conversion=0.0012s, RTAB-Map=0.1654s, Maps update=0.0001s pub=0.0001s (local map=1, WM=1)[0m
[0m[ INFO] [1790435255.484581335, 1790433336.708373321]: rtabmap (4): Rate=1.00s, Limit=0.000s, Conversion=0.0012s, RTAB-Map=0.1710s, Maps update=0.0001s pub=0.0001s (local map=1, WM=1)[0m
[0m[ INFO] [1790435256.657717304, 1790433337.878275108]: rtabmap (5): Rate=1.00s, Limit=0.000s, Conversion=0.0013s, RTAB-Map=0.1560s, Maps update=0.0001s pub=0.0001s (local map=1, WM=1)[0m
[0m[ INFO] [1790435257.682724752, 1790433338.905491030]: rtabmap (6): Rate=1.00s, Limit=0.000s, Conversion=0.0008s, RTAB-Map=0.1639s, Maps update=0.0002s pub=0.0001s (local map=1, WM=1)[0m
[0m[ INFO] [1790435258.690306750, 1790433339.916976272]: rtabmap (7): Rate=1.00s, Limit=0.000s, Conversion=0.0012s, RTAB-Map=0.1654s, Maps update=0.0001s pub=0.0001s (local map=1, WM=1)[0m
[0m[ INFO] [1790435259.779312783, 1790433341.007822807]: rtabmap (8): Rate=1.00s, Limit=0.000s, Conversion=0.0014s, RTAB-Map=0.1697s, Maps update=0.0002s pub=0.0001s (local map=1, WM=1)[0m
[0m[ INFO] [1790435260.796463813, 1790433342.025827607]: rtabmap (9): Rate=1.00s, Limit=0.000s, Conversion=0.0013s, RTAB-Map=0.1635s, Maps update=0.0001s pub=0.0001s (local map=1, WM=1)[0m
[0m[ INFO] [1790435261.946948211, 1790433343.172504345]: rtabmap (10): Rate=1.00s, Limit=0.000s, Conversion=0.0014s, RTAB-Map=0.1514s, Maps update=0.0001s pub=0.0001s (local map=1, WM=1)[0m
[0m[ INFO] [1790435262.961196194, 1790433344.191114971]: rtabmap (11): Rate=1.00s, Limit=0.000s, Conversion=0.0008s, RTAB-Map=0.1609s, Maps update=0.0001s pub=0.0001s (local map=1, WM=1)[0m
[0m[ INFO] [1790435263.988459237, 1790433345.211250475]: rtabmap (12): Rate=1.00s, Limit=0.000s, Conversion=0.0008s, RTAB-Map=0.1521s, Maps update=0.0001s pub=0.0001s (local map=1, WM=1)[0m
[0m[ INFO] [1790435265.060825738, 1790433346.284134358]: rtabmap (13): Rate=1.00s, Limit=0.000s, Conversion=0.0008s, RTAB-Map=0.1508s, Maps update=0.0001s pub=0.0001s (local map=1, WM=1)[0m
[0m[ INFO] [1790435266.178831063, 1790433347.403666485]: rtabmap (14): Rate=1.00s, Limit=0.000s, Conversion=0.0007s, RTAB-Map=0.1505s, Maps update=0.0001s pub=0.0001s (local map=1, WM=1)[0m
[0m[ INFO] [1790435267.156339767, 1790433348.383294381]: rtabmap (15): Rate=1.00s, Limit=0.000s, Conversion=0.0009s, RTAB-Map=0.1497s, Maps update=0.0001s pub=0.0001s (local map=1, WM=1)[0m
[0m[ INFO] [1790435268.261328202, 1790433349.482950659]: rtabmap (16): Rate=1.00s, Limit=0.000s, Conversion=0.0012s, RTAB-Map=0.1607s, Maps update=0.0001s pub=0.0001s (local map=1, WM=1)[0m
[0m[ INFO] [1790435269.266980903, 1790433350.491772421]: rtabmap (17): Rate=1.00s, Limit=0.000s, Conversion=0.0008s, RTAB-Map=0.1506s, Maps update=0.0001s pub=0.0001s (local map=1, WM=1)[0m
[0m[ INFO] [1790435270.381154845, 1790433351.602556980]: rtabmap (18): Rate=1.00s, Limit=0.000s, Conversion=0.0014s, RTAB-Map=0.1867s, Maps update=0.0001s pub=0.0001s (local map=1, WM=1)[0m
[0m[ INFO] [1790435271.438448005, 1790433352.664163181]: rtabmap (19): Rate=1.00s, Limit=0.000s, Conversion=0.0008s, RTAB-Map=0.1493s, Maps update=0.0001s pub=0.0001s (local map=1, WM=1)[0m
[0m[ INFO] [1790435272.453959052, 1790433353.682413428]: rtabmap (20): Rate=1.00s, Limit=0.000s, Conversion=0.0008s, RTAB-Map=0.1516s, Maps update=0.0001s pub=0.0001s (local map=1, WM=1)[0m
[33m[ WARN] (2026-09-26 11:07:53.389) Transform.cpp:557::getTransform() No transform found for stamp 1790433354.583117! Latest is 1790433354.580667[0m
[0m[ INFO] [1790435273.551776511, 1790433354.774290562]: rtabmap (21): Rate=1.00s, Limit=0.000s, Conversion=0.0012s, RTAB-Map=0.1613s, Maps update=0.0001s pub=0.0001s (local map=1, WM=1)[0m
[0m[ INFO] [1790435274.649967155, 1790433355.874147977]: rtabmap (22): Rate=1.00s, Limit=0.000s, Conversion=0.0008s, RTAB-Map=0.1539s, Maps update=0.0001s pub=0.0001s (local map=1, WM=1)[0m
[0m[ INFO] [1790435275.674650139, 1790433356.903624680]: rtabmap (23): Rate=1.00s, Limit=0.000s, Conversion=0.0009s, RTAB-Map=0.1581s, Maps update=0.0001s pub=0.0001s (local map=1, WM=1)[0m
[0m[ INFO] [1790435276.860838680, 1790433358.086791810]: rtabmap (24): Rate=1.00s, Limit=0.000s, Conversion=0.0009s, RTAB-Map=0.1593s, Maps update=0.0001s pub=0.0001s (local map=1, WM=1)[0m
[0m[ INFO] [1790435277.917771627, 1790433359.146555031]: rtabmap (25): Rate=1.00s, Limit=0.000s, Conversion=0.0008s, RTAB-Map=0.1732s, Maps update=0.0001s pub=0.0002s (local map=1, WM=1)[0m
[0m[ INFO] [1790435279.056908936, 1790433360.286765215]: rtabmap (26): Rate=1.00s, Limit=0.000s, Conversion=0.0009s, RTAB-Map=0.1552s, Maps update=0.0001s pub=0.0001s (local map=1, WM=1)[0m
[0m[ INFO] [1790435280.046320179, 1790433361.274938812]: rtabmap (27): Rate=1.00s, Limit=0.000s, Conversion=0.0008s, RTAB-Map=0.1538s, Maps update=0.0001s pub=0.0001s (local map=1, WM=1)[0m
[0m[ INFO] [1790435281.064223265, 1790433362.289161728]: rtabmap (28): Rate=1.00s, Limit=0.000s, Conversion=0.0012s, RTAB-Map=0.1677s, Maps update=0.0001s pub=0.0001s (local map=1, WM=1)[0m
[0m[ INFO] [1790435282.154354341, 1790433363.381827233]: rtabmap (29): Rate=1.00s, Limit=0.000s, Conversion=0.0010s, RTAB-Map=0.1569s, Maps update=0.0001s pub=0.0001s (local map=1, WM=1)[0m
[0m[ INFO] [1790435283.279362389, 1790433364.504475414]: rtabmap (30): Rate=1.00s, Limit=0.000s, Conversion=0.0013s, RTAB-Map=0.1840s, Maps update=0.0002s pub=0.0001s (local map=1, WM=1)[0m
[0m[ INFO] [1790435284.367465597, 1790433365.592506077]: rtabmap (31): Rate=1.00s, Limit=0.000s, Conversion=0.0008s, RTAB-Map=0.1542s, Maps update=0.0001s pub=0.0001s (local map=1, WM=1)[0m
[0m[ INFO] [1790435285.362397338, 1790433366.585425411]: rtabmap (32): Rate=1.00s, Limit=0.000s, Conversion=0.0009s, RTAB-Map=0.1570s, Maps update=0.0001s pub=0.0001s (local map=1, WM=1)[0m
[0m[ INFO] [1790435286.389099168, 1790433367.616026934]: rtabmap (33): Rate=1.00s, Limit=0.000s, Conversion=0.0020s, RTAB-Map=0.1715s, Maps update=0.0001s pub=0.0001s (local map=1, WM=1)[0m
[0m[ INFO] [1790435287.469826155, 1790433368.696372349]: rtabmap (34): Rate=1.00s, Limit=0.000s, Conversion=0.0010s, RTAB-Map=0.1704s, Maps update=0.0001s pub=0.0001s (local map=1, WM=1)[0m
[0m[ INFO] [1790435288.460322575, 1790433369.685587122]: rtabmap (35): Rate=1.00s, Limit=0.000s, Conversion=0.0008s, RTAB-Map=0.1559s, Maps update=0.0001s pub=0.0001s (local map=1, WM=1)[0m
[0m[ INFO] [1790435289.458712491, 1790433370.686257352]: rtabmap (36): Rate=1.00s, Limit=0.000s, Conversion=0.0008s, RTAB-Map=0.1564s, Maps update=0.0001s pub=0.0001s (local map=1, WM=1)[0m
[0m[ INFO] [1790435290.564177833, 1790433371.784651349]: rtabmap (37): Rate=1.00s, Limit=0.000s, Conversion=0.0008s, RTAB-Map=0.1557s, Maps update=0.0001s pub=0.0001s (local map=1, WM=1)[0m
[0m[ INFO] [1790435291.659539249, 1790433372.883642695]: rtabmap (38): Rate=1.00s, Limit=0.000s, Conversion=0.0009s, RTAB-Map=0.1556s, Maps update=0.0001s pub=0.0001s (local map=1, WM=1)[0m
[0m[ INFO] [1790435292.655758605, 1790433373.884232628]: rtabmap (39): Rate=1.00s, Limit=0.000s, Conversion=0.0008s, RTAB-Map=0.1544s, Maps update=0.0001s pub=0.0001s (local map=1, WM=1)[0m
[0m[ INFO] [1790435293.757185429, 1790433374.985510427]: rtabmap (40): Rate=1.00s, Limit=0.000s, Conversion=0.0008s, RTAB-Map=0.1550s, Maps update=0.0001s pub=0.0001s (local map=1, WM=1)[0m
[0m[ INFO] [1790435294.770322444, 1790433375.998191949]: rtabmap (41): Rate=1.00s, Limit=0.000s, Conversion=0.0011s, RTAB-Map=0.1591s, Maps update=0.0001s pub=0.0001s (local map=1, WM=1)[0m
[33m[ WARN] (2026-09-26 11:08:15.605) Transform.cpp:557::getTransform() No transform found for stamp 1790433376.783506! Latest is 1790433376.782871[0m
[0m[ INFO] [1790435295.759412752, 1790433376.984934326]: rtabmap (42): Rate=1.00s, Limit=0.000s, Conversion=0.0012s, RTAB-Map=0.1536s, Maps update=0.0001s pub=0.0001s (local map=1, WM=1)[0m
[0m[ INFO] [1790435[33m[ WARN] [1790435313.503278286, 1790433394.724334529]: We are receiving imu data (buffer=1000), but cannot interpolate imu transform at time 1790433394.694129. IMU won't be added to graph.[0m
[33m[ WARN] [1790435327.100228104, 1790433408.321019865]: We are receiving imu data (buffer=1000), but cannot interpolate imu transform at time 1790433408.290808. IMU won't be added to graph.[0m
[33m[ WARN] [1790435331.303279479, 1790433412.524143400]: We are receiving imu data (buffer=1000), but cannot interpolate imu transform at time 1790433412.493922. IMU won't be added to graph.[0m
296.807299118, 1790433378.031732584]: rtabmap (43): Rate=1.00s, Limit=0.000s, Conversion=0.0008s, RTAB-Map=0.1548s, Maps update=0.0001s pub=0.0001s (local map=1, WM=1)[0m
[0m[ INFO] [1790435297.789238108, 1790433379.014220060]: rtabmap (44): Rate=1.00s, Limit=0.000s, Conversion=0.0008s, RTAB-Map=0.1729s, Maps update=0.0001s pub=0.0001s (local map=1, WM=1)[0m
[0m[ INFO] [1790435298.876152690, 1790433380.098020430]: rtabmap (45): Rate=1.00s, Limit=0.000s, Conversion=0.0008s, RTAB-Map=0.1733s, Maps update=0.0001s pub=0.0001s (local map=1, WM=1)[0m
[0m[ INFO] [1790435299.885708629, 1790433381.112122213]: rtabmap (46): Rate=1.00s, Limit=0.000s, Conversion=0.0010s, RTAB-Map=0.1690s, Maps update=0.0001s pub=0.0001s (local map=1, WM=1)[0m
[0m[ INFO] [1790435300.949592896, 1790433382.170630003]: rtabmap (47): Rate=1.00s, Limit=0.000s, Conversion=0.0012s, RTAB-Map=0.1566s, Maps update=0.0001s pub=0.0001s (local map=1, WM=1)[0m
[0m[ INFO] [1790435302.054894271, 1790433383.282109081]: rtabmap (48): Rate=1.00s, Limit=0.000s, Conversion=0.0008s, RTAB-Map=0.1557s, Maps update=0.0001s pub=0.0001s (local map=1, WM=1)[0m
[0m[ INFO] [1790435303.069847705, 1790433384.291994776]: rtabmap (49): Rate=1.00s, Limit=0.000s, Conversion=0.0011s, RTAB-Map=0.1750s, Maps update=0.0001s pub=0.0001s (local map=1, WM=1)[0m
[0m[ INFO] [1790435304.160283978, 1790433385.379480552]: rtabmap (50): Rate=1.00s, Limit=0.000s, Conversion=0.0008s, RTAB-Map=0.1617s, Maps update=0.0001s pub=0.0001s (local map=1, WM=1)[0m
[0m[ INFO] [1790435305.263375272, 1790433386.489979963]: rtabmap (51): Rate=1.00s, Limit=0.000s, Conversion=0.0011s, RTAB-Map=0.1602s, Maps update=0.0001s pub=0.0001s (local map=1, WM=1)[0m
[0m[ INFO] [1790435306.252489813, 1790433387.479422795]: rtabmap (52): Rate=1.00s, Limit=0.000s, Conversion=0.0009s, RTAB-Map=0.1562s, Maps update=0.0001s pub=0.0001s (local map=1, WM=1)[0m
[0m[ INFO] [1790435307.349656331, 1790433388.572635348]: rtabmap (53): Rate=1.00s, Limit=0.000s, Conversion=0.0009s, RTAB-Map=0.1587s, Maps update=0.0001s pub=0.0001s (local map=1, WM=1)[0m
[0m[ INFO] [1790435308.370623484, 1790433389.595016054]: rtabmap (54): Rate=1.00s, Limit=0.000s, Conversion=0.0013s, RTAB-Map=0.1735s, Maps update=0.0001s pub=0.0001s (local map=1, WM=1)[0m
[0m[ INFO] [1790435309.408037190, 1790433390.634115379]: rtabmap (55): Rate=1.00s, Limit=0.000s, Conversion=0.0008s, RTAB-Map=0.1557s, Maps update=0.0001s pub=0.0001s (local map=1, WM=1)[0m
[0m[ INFO] [1790435310.491392312, 1790433391.714407938]: rtabmap (56): Rate=1.00s, Limit=0.000s, Conversion=0.0013s, RTAB-Map=0.1851s, Maps update=0.0001s pub=0.0001s (local map=1, WM=1)[0m
[0m[ INFO] [1790435311.474927802, 1790433392.699864185]: rtabmap (57): Rate=1.00s, Limit=0.000s, Conversion=0.0015s, RTAB-Map=0.1727s, Maps update=0.0001s pub=0.0001s (local map=1, WM=1)[0m
[0m[ INFO] [1790435312.673556483, 1790433393.898739301]: rtabmap (58): Rate=1.00s, Limit=0.000s, Conversion=0.0013s, RTAB-Map=0.1733s, Maps update=0.0001s pub=0.0001s (local map=1, WM=1)[0m
[33m[ WARN] (2026-09-26 11:08:33.502) Transform.cpp:557::getTransform() No transform found for stamp 1790433394.694129! Latest is 1790433394.684937[0m
[0m[ INFO] [1790435313.674615719, 1790433394.895517432]: rtabmap (59): Rate=1.00s, Limit=0.000s, Conversion=0.0022s, RTAB-Map=0.1706s, Maps update=0.0001s pub=0.0001s (local map=1, WM=1)[0m
[0m[ INFO] [1790435314.760844399, 1790433395.983675926]: rtabmap (60): Rate=1.00s, Limit=0.000s, Conversion=0.0008s, RTAB-Map=0.1551s, Maps update=0.0001s pub=0.0001s (local map=1, WM=1)[0m
[0m[ INFO] [1790435315.851946507, 1790433397.075007382]: rtabmap (61): Rate=1.00s, Limit=0.000s, Conversion=0.0013s, RTAB-Map=0.1583s, Maps update=0.0001s pub=0.0001s (local map=1, WM=1)[0m
[0m[ INFO] [1790435316.865219795, 1790433398.089150599]: rtabmap (62): Rate=1.00s, Limit=0.000s, Conversion=0.0009s, RTAB-Map=0.1593s, Maps update=0.0001s pub=0.0001s (local map=1, WM=1)[0m
[0m[ INFO] [1790435317.897528464, 1790433399.121191969]: rtabmap (63): Rate=1.00s, Limit=0.000s, Conversion=0.0008s, RTAB-Map=0.1891s, Maps update=0.0002s pub=0.0001s (local map=1, WM=1)[0m
[0m[ INFO] [1790435318.863718173, 1790433400.091947042]: rtabmap (64): Rate=1.00s, Limit=0.000s, Conversion=0.0008s, RTAB-Map=0.1586s, Maps update=0.0001s pub=0.0001s (local map=1, WM=1)[0m
[0m[ INFO] [1790435319.962870955, 1790433401.190102597]: rtabmap (65): Rate=1.00s, Limit=0.000s, Conversion=0.0013s, RTAB-Map=0.1552s, Maps update=0.0001s pub=0.0001s (local map=1, WM=1)[0m
[0m[ INFO] [1790435320.953644266, 1790433402.179894521]: rtabmap (66): Rate=1.00s, Limit=0.000s, Conversion=0.0009s, RTAB-Map=0.1565s, Maps update=0.0001s pub=0.0001s (local map=1, WM=1)[0m
[0m[ INFO] [1790435322.053393691, 1790433403.278740319]: rtabmap (67): Rate=1.00s, Limit=0.000s, Conversion=0.0009s, RTAB-Map=0.1562s, Maps update=0.0001s pub=0.0001s (local map=1, WM=1)[0m
[0m[ INFO] [1790435323.051910509, 1790433404.275219546]: rtabmap (68): Rate=1.00s, Limit=0.000s, Conversion=0.0009s, RTAB-Map=0.1574s, Maps update=0.0001s pub=0.0001s (local map=1, WM=1)[0m
[0m[ INFO] [1790435324.149637473, 1790433405.373567926]: rtabmap (69): Rate=1.00s, Limit=0.000s, Conversion=0.0011s, RTAB-Map=0.1569s, Maps update=0.0001s pub=0.0001s (local map=1, WM=1)[0m
[0m[ INFO] [1790435325.266225033, 1790433406.493628260]: rtabmap (70): Rate=1.00s, Limit=0.000s, Conversion=0.0011s, RTAB-Map=0.1656s, Maps update=0.0001s pub=0.0001s (local map=1, WM=1)[0m
[0m[ INFO] [1790435326.265616862, 1790433407.494164231]: rtabmap (71): Rate=1.00s, Limit=0.000s, Conversion=0.0008s, RTAB-Map=0.1629s, Maps update=0.0001s pub=0.0001s (local map=1, WM=1)[0m
[33m[ WARN] (2026-09-26 11:08:47.100) Transform.cpp:557::getTransform() No transform found for stamp 1790433408.290808! Latest is 1790433408.288557[0m
[0m[ INFO] [1790435327.254749661, 1790433408.482135961]: rtabmap (72): Rate=1.00s, Limit=0.000s, Conversion=0.0011s, RTAB-Map=0.1540s, Maps update=0.0001s pub=0.0001s (local map=1, WM=1)[0m
[0m[ INFO] [1790435328.378959764, 1790433409.602059007]: rtabmap (73): Rate=1.00s, Limit=0.000s, Conversion=0.0007s, RTAB-Map=0.1545s, Maps update=0.0001s pub=0.0001s (local map=1, WM=1)[0m
[0m[ INFO] [1790435329.449885548, 1790433410.674899149]: rtabmap (74): Rate=1.00s, Limit=0.000s, Conversion=0.0009s, RTAB-Map=0.1539s, Maps update=0.0001s pub=0.0001s (local map=1, WM=1)[0m
[0m[ INFO] [1790435330.480588539, 1790433411.707574418]: rtabmap (75): Rate=1.00s, Limit=0.000s, Conversion=0.0012s, RTAB-Map=0.1783s, Maps update=0.0001s pub=0.0001s (local map=1, WM=1)[0m
[33m[ WARN] (2026-09-26 11:08:51.303) Transform.cpp:557::getTransform() No transform found for stamp 1790433412.493922! Latest is 1790433412.486428[0m
[0m[ INFO] [1790435331.462371070, 1790433412.685139942]: rtabmap (76): Rate=1.00s, Limit=0.000s, Conversion=0.0011s, RTAB-Map=0.1586s, Maps update=0.0001s pub=0.0001s (local map=1, WM=1)[0m
[0m[ INFO] [1790435332.572533324, 1790433413.794740973]: rtabmap (77): Rate=1.00s, Limit=0.000s, Conversion=0.0013s, RTAB-Map=0.1744s, Maps update=0.0001s pub=0.0001s (local map=1, WM=1)[0m
[0m[ INFO] [1790435333.575147062, 1790433414.802286927]: rtabmap (78): Rate=1.00s, Limit=0.000s, Conversion=0.0010s, RTAB-Map=0.1691s, Maps update=0.0001s pub=0.0002s (local map=1, WM=1)[0m
[0m[ INFO] [1790435334.674464068, 1790433415.902616392]: rtabmap (79): Rate=1.00s, Limit=0.000s, Conversion=0.0012s, RTAB-Map=0.1572s, Maps update=0.0001s pub=0.0001s (local map=1, WM=1)[0m
[0m[ INFO] [1790435335.724750629, 1790433416.951527450]: rtabmap (80): Rate=1.00s, Limit=0.000s, Conversion=0.0012s, RTAB-Map=0.1560s, Maps update=0.0001s pub=0.0001s (local map=1, WM=1)[0m
[0m[ INFO] [1790435336.764744623, 1790433417.983133669]: rtabmap (81): Rate=1.00s, Limit=0.000s, Conversion=0.0008s, RTAB-Map=0.1565s, Maps update=0.0001s pub=0.0001s (local map=1, WM=1)[0m
[0m[ INFO] [1790435337.863618033, 1790433419.090000321]: rtabmap (82): Rate=1.00s, Limit=0.000s, Conversion=0.0008s, RTAB-Map=0.1553s, Maps update=0.0001s pub=0.0001s (local map=1, WM=1)[0m
[0m[ INFO] [1790435339.072231815, 1790433420.294068996]: rtabmap (83)[33m[ WARN] [1790435352.593355663, 1790433433.821340082]: We are receiving imu data (buffer=1000), but cannot interpolate imu transform at time 1790433433.791122. IMU won't be added to graph.[0m
[33m[ WARN] [1790435358.098438820, 1790433439.320134720]: We are receiving imu data (buffer=1000), but cannot interpolate imu transform at time 1790433439.289973. IMU won't be added to graph.[0m
: Rate=1.00s, Limit=0.000s, Conversion=0.0009s, RTAB-Map=0.1625s, Maps update=0.0001s pub=0.0001s (local map=1, WM=1)[0m
[0m[ INFO] [1790435340.067937718, 1790433421.294372071]: rtabmap (84): Rate=1.00s, Limit=0.000s, Conversion=0.0007s, RTAB-Map=0.1556s, Maps update=0.0001s pub=0.0001s (local map=1, WM=1)[0m
[0m[ INFO] [1790435341.182166621, 1790433422.405507371]: rtabmap (85): Rate=1.00s, Limit=0.000s, Conversion=0.0008s, RTAB-Map=0.1576s, Maps update=0.0001s pub=0.0001s (local map=1, WM=1)[0m
[0m[ INFO] [1790435342.176750523, 1790433423.404050966]: rtabmap (86): Rate=1.00s, Limit=0.000s, Conversion=0.0011s, RTAB-Map=0.1558s, Maps update=0.0001s pub=0.0001s (local map=1, WM=1)[0m
[0m[ INFO] [1790435343.290616122, 1790433424.512494359]: rtabmap (87): Rate=1.00s, Limit=0.000s, Conversion=0.0018s, RTAB-Map=0.1707s, Maps update=0.0001s pub=0.0001s (local map=1, WM=1)[0m
[0m[ INFO] [1790435344.393647995, 1790433425.613761349]: rtabmap (88): Rate=1.00s, Limit=0.000s, Conversion=0.0013s, RTAB-Map=0.1865s, Maps update=0.0001s pub=0.0001s (local map=1, WM=1)[0m
[0m[ INFO] [1790435345.376736529, 1790433426.603062080]: rtabmap (89): Rate=1.00s, Limit=0.000s, Conversion=0.0009s, RTAB-Map=0.1667s, Maps update=0.0001s pub=0.0001s (local map=1, WM=1)[0m
[0m[ INFO] [1790435346.403990006, 1790433427.633085093]: rtabmap (90): Rate=1.00s, Limit=0.000s, Conversion=0.0017s, RTAB-Map=0.1784s, Maps update=0.0002s pub=0.0001s (local map=1, WM=1)[0m
[0m[ INFO] [1790435347.500266341, 1790433428.724339739]: rtabmap (91): Rate=1.00s, Limit=0.000s, Conversion=0.0008s, RTAB-Map=0.1558s, Maps update=0.0001s pub=0.0001s (local map=1, WM=1)[0m
[0m[ INFO] [1790435348.573601230, 1790433429.794222429]: rtabmap (92): Rate=1.00s, Limit=0.000s, Conversion=0.0009s, RTAB-Map=0.1639s, Maps update=0.0001s pub=0.0001s (local map=1, WM=1)[0m
[0m[ INFO] [1790435349.682830249, 1790433430.911371186]: rtabmap (93): Rate=1.00s, Limit=0.000s, Conversion=0.0010s, RTAB-Map=0.1756s, Maps update=0.0001s pub=0.0001s (local map=1, WM=1)[0m
[0m[ INFO] [1790435350.674806456, 1790433431.903079806]: rtabmap (94): Rate=1.00s, Limit=0.000s, Conversion=0.0012s, RTAB-Map=0.1718s, Maps update=0.0002s pub=0.0001s (local map=1, WM=1)[0m
[0m[ INFO] [1790435351.704506287, 1790433432.932535154]: rtabmap (95): Rate=1.00s, Limit=0.000s, Conversion=0.0011s, RTAB-Map=0.1714s, Maps update=0.0001s pub=0.0002s (local map=1, WM=1)[0m
[33m[ WARN] (2026-09-26 11:09:12.593) Transform.cpp:557::getTransform() No transform found for stamp 1790433433.791122! Latest is 1790433433.775054[0m
[0m[ INFO] [1790435352.757980175, 1790433433.984057660]: rtabmap (96): Rate=1.00s, Limit=0.000s, Conversion=0.0011s, RTAB-Map=0.1642s, Maps update=0.0001s pub=0.0001s (local map=1, WM=1)[0m
[0m[ INFO] [1790435353.912935044, 1790433435.134882434]: rtabmap (97): Rate=1.00s, Limit=0.000s, Conversion=0.0014s, RTAB-Map=0.1758s, Maps update=0.0002s pub=0.0001s (local map=1, WM=1)[0m
[0m[ INFO] [1790435355.069602890, 1790433436.297164519]: rtabmap (98): Rate=1.00s, Limit=0.000s, Conversion=0.0013s, RTAB-Map=0.1632s, Maps update=0.0001s pub=0.0001s (local map=1, WM=1)[0m
[0m[ INFO] [1790435356.151650884, 1790433437.379764840]: rtabmap (99): Rate=1.00s, Limit=0.000s, Conversion=0.0008s, RTAB-Map=0.1608s, Maps update=0.0001s pub=0.0001s (local map=1, WM=1)[0m
[0m[ INFO] [1790435357.253691454, 1790433438.480904759]: rtabmap (100): Rate=1.00s, Limit=0.000s, Conversion=0.0011s, RTAB-Map=0.1569s, Maps update=0.0001s pub=0.0001s (local map=1, WM=1)[0m
[33m[ WARN] (2026-09-26 11:09:18.098) Transform.cpp:557::getTransform() No transform found for stamp 1790433439.289973! Latest is 1790433439.286507[0m
[0m[ INFO] [1790435358.271341503, 1790433439.501578074]: rtabmap (101): Rate=1.00s, Limit=0.000s, Conversion=0.0011s, RTAB-Map=0.1724s, Maps update=0.0001s pub=0.0001s (local map=1, WM=1)[0m
[0m[ INFO] [1790435359.393280851, 1790433440.611325702]: rtabmap (102): Rate=1.00s, Limit=0.000s, Conversion=0.0013s, RTAB-Map=0.1762s, Maps update=0.0002s pub=0.0001s (local map=1, WM=1)[0m
[0m[ INFO] [1790435360.489065087, 1790433441.710422455]: rtabmap (103): Rate=1.00s, Limit=0.000s, Conversion=0.0011s, RTAB-Map=0.1899s, Maps update=0.0002s pub=0.0001s (local map=1, WM=1)[0m
[0m[ INFO] [1790435361.584962762, 1790433442.809878122]: rtabmap (104): Rate=1.00s, Limit=0.000s, Conversion=0.0013s, RTAB-Map=0.1731s, Maps update=0.0001s pub=0.0001s (local map=1, WM=1)[0m
[0m[ INFO] [1790435362.675692280, 1790433443.898544481]: rtabmap (105): Rate=1.00s, Limit=0.000s, Conversion=0.0013s, RTAB-Map=0.1706s, Maps update=0.0001s pub=0.0001s (local map=1, WM=1)[0m
[0m[ INFO] [1790435363.770816917, 1790433445.000108327]: rtabmap (106): Rate=1.00s, Limit=0.000s, Conversion=0.0013s, RTAB-Map=0.1619s, Maps update=0.0001s pub=0.0001s (local map=1, WM=1)[0m
[0m[ INFO] [1790435364.879314247, 1790433446.099339856]: rtabmap (107): Rate=1.00s, Limit=0.000s, Conversion=0.0012s, RTAB-Map=0.1739s, Maps update=0.0002s pub=0.0001s (local map=1, WM=1)[0m
[0m[ INFO] [1790435365.954256508, 1790433447.181995420]: rtabmap (108): Rate=1.00s, Limit=0.000s, Conversion=0.0008s, RTAB-Map=0.1558s, Maps update=0.0001s pub=0.0001s (local map=1, WM=1)[0m
[0m[ INFO] [1790435367.058361080, 1790433448.282683057]: rtabmap (109): Rate=1.00s, Limit=0.000s, Conversion=0.0010s, RTAB-Map=0.1562s, Maps update=0.0001s pub=0.0001s (local map=1, WM=1)[0m
[0m[ INFO] [1790435368.077607607, 1790433449.304931634]: rtabmap (110): Rate=1.00s, Limit=0.000s, Conversion=0.0013s, RTAB-Map=0.1752s, Maps update=0.0001s pub=0.0001s (local map=1, WM=1)[0m
[0m[ INFO] [1790435369.175387750, 1790433450.398956439]: rtabmap (111): Rate=1.00s, Limit=0.000s, Conversion=0.0013s, RTAB-Map=0.1715s, Maps update=0.0002s pub=0.0001s (local map=1, WM=1)[0m
[0m[ INFO] [1790435370.185156374, 1790433451.407072789]: rtabmap (112): Rate=1.00s, Limit=0.000s, Conversion=0.0009s, RTAB-Map=0.1727s, Maps update=0.0001s pub=0.0001s (local map=1, WM=1)[0m
[0m[ INFO] [1790435371.277553605, 1790433452.498404503]: rtabmap (113): Rate=1.00s, Limit=0.000s, Conversion=0.0012s, RTAB-Map=0.1738s, Maps update=0.0001s pub=0.0001s (local map=1, WM=1)[0m
[0m[ INFO] [1790435372.284165262, 1790433453.508316965]: rtabmap (114): Rate=1.00s, Limit=0.000s, Conversion=0.0008s, RTAB-Map=0.1672s, Maps update=0.0001s pub=0.0001s (local map=1, WM=1)[0m
[0m[ INFO] [1790435373.359965085, 1790433454.590039191]: rtabmap (115): Rate=1.00s, Limit=0.000s, Conversion=0.0008s, RTAB-Map=0.1573s, Maps update=0.0001s pub=0.0001s (local map=1, WM=1)[0m
[0m[ INFO] [1790435374.397801505, 1790433455.621331569]: rtabmap (116): Rate=1.00s, Limit=0.000s, Conversion=0.0013s, RTAB-Map=0.1607s, Maps update=0.0002s pub=0.0001s (local map=1, WM=1)[0m
[0m[ INFO] [1790435375.393071396, 1790433456.623357632]: rtabmap (117): Rate=1.00s, Limit=0.000s, Conversion=0.0013s, RTAB-Map=0.1727s, Maps update=0.0001s pub=0.0001s (local map=1, WM=1)[0m
[0m[ INFO] [1790435376.487964259, 1790433457.715633698]: rtabmap (118): Rate=1.00s, Limit=0.000s, Conversion=0.0013s, RTAB-Map=0.1760s, Maps update=0.0001s pub=0.0001s (local map=1, WM=1)[0m
[0m[ INFO] [1790435377.510513909, 1790433458.733974437]: rtabmap (119): Rate=1.00s, Limit=0.000s, Conversion=0.0013s, RTAB-Map=0.1576s, Maps update=0.0001s pub=0.0001s (local map=1, WM=1)[0m
[0m[ INFO] [1790435378.577537367, 1790433459.805853757]: rtabmap (120): Rate=1.00s, Limit=0.000s, Conversion=0.0013s, RTAB-Map=0.1710s, Maps update=0.0001s pub=0.0001s (local map=1, WM=1)[0m
[0m[ INFO] [1790435379.675878006, 1790433460.897652019]: rtabmap (121): Rate=1.00s, Limit=0.000s, Conversion=0.0013s, RTAB-Map=0.1711s, Maps update=0.0001s pub=0.0001s (local map=1, WM=1)[0m
[0m[ INFO] [1790435380.692509535, 1790433461.920586979]: rtabmap (122): Rate=1.00s, Limit=0.000s, Conversion=0.0008s, RTAB-Map=0.1561s, Maps update=0.0001s pub=0.0001s (local map=1, WM=1)[0m
[0m[ INFO] [1790435381.688146011, 1790433462.910914371]: rtabmap (123): Rate=1.00s, Limit=0.000s, Conversion=0.0008s, RTAB-Map=0.1622s, Maps update=0.0001s pub=0.0001s (local map=1, WM=1)[0m
[0m[ INFO] [1790435382.758499098, 1790433463.979722929]: [33m[ WARN] [1790435388.899328793, 1790433470.127173914]: We are receiving imu data (buffer=1000), but cannot interpolate imu transform at time 1790433470.086921. IMU won't be added to graph.[0m
[33m[ WARN] [1790435415.292438698, 1790433496.515163346]: We are receiving imu data (buffer=1000), but cannot interpolate imu transform at time 1790433496.484236. IMU won't be added to graph.[0m
[33m[ WARN] [1790435424.809305842, 1790433506.037676218]: We are receiving imu data (buffer=1000), but cannot interpolate imu transform at time 1790433505.996968. IMU won't be added to graph.[0m
rtabmap (124): Rate=1.00s, Limit=0.000s, Conversion=0.0009s, RTAB-Map=0.1548s, Maps update=0.0001s pub=0.0001s (local map=1, WM=1)[0m
[0m[ INFO] [1790435383.824386117, 1790433465.050604500]: rtabmap (125): Rate=1.00s, Limit=0.000s, Conversion=0.0014s, RTAB-Map=0.1753s, Maps update=0.0001s pub=0.0001s (local map=1, WM=1)[0m
[0m[ INFO] [1790435384.874979554, 1790433466.099970211]: rtabmap (126): Rate=1.00s, Limit=0.000s, Conversion=0.0013s, RTAB-Map=0.1563s, Maps update=0.0001s pub=0.0001s (local map=1, WM=1)[0m
[0m[ INFO] [1790435385.980821640, 1790433467.208399590]: rtabmap (127): Rate=1.00s, Limit=0.000s, Conversion=0.0013s, RTAB-Map=0.1756s, Maps update=0.0001s pub=0.0001s (local map=1, WM=1)[0m
[0m[ INFO] [1790435386.989148584, 1790433468.209281107]: rtabmap (128): Rate=1.00s, Limit=0.000s, Conversion=0.0012s, RTAB-Map=0.1564s, Maps update=0.0001s pub=0.0001s (local map=1, WM=1)[0m
[0m[ INFO] [1790435387.999561533, 1790433469.229251955]: rtabmap (129): Rate=1.00s, Limit=0.000s, Conversion=0.0008s, RTAB-Map=0.1551s, Maps update=0.0001s pub=0.0001s (local map=1, WM=1)[0m
[33m[ WARN] (2026-09-26 11:09:48.899) Transform.cpp:557::getTransform() No transform found for stamp 1790433470.086921! Latest is 1790433470.081375[0m
[0m[ INFO] [1790435389.072357578, 1790433470.298212533]: rtabmap (130): Rate=1.00s, Limit=0.000s, Conversion=0.0016s, RTAB-Map=0.1725s, Maps update=0.0001s pub=0.0001s (local map=1, WM=1)[0m
[0m[ INFO] [1790435390.065165942, 1790433471.290396506]: rtabmap (131): Rate=1.00s, Limit=0.000s, Conversion=0.0008s, RTAB-Map=0.1607s, Maps update=0.0001s pub=0.0001s (local map=1, WM=1)[0m
[0m[ INFO] [1790435391.158196482, 1790433472.379246807]: rtabmap (132): Rate=1.00s, Limit=0.000s, Conversion=0.0013s, RTAB-Map=0.1561s, Maps update=0.0001s pub=0.0001s (local map=1, WM=1)[0m
[0m[ INFO] [1790435392.277454065, 1790433473.503380349]: rtabmap (133): Rate=1.00s, Limit=0.000s, Conversion=0.0013s, RTAB-Map=0.1751s, Maps update=0.0001s pub=0.0001s (local map=1, WM=1)[0m
[0m[ INFO] [1790435393.371465220, 1790433474.592420344]: rtabmap (134): Rate=1.00s, Limit=0.000s, Conversion=0.0012s, RTAB-Map=0.1771s, Maps update=0.0001s pub=0.0001s (local map=1, WM=1)[0m
[0m[ INFO] [1790435394.380034552, 1790433475.606863918]: rtabmap (135): Rate=1.00s, Limit=0.000s, Conversion=0.0011s, RTAB-Map=0.1752s, Maps update=0.0001s pub=0.0001s (local map=1, WM=1)[0m
[0m[ INFO] [1790435395.359476453, 1790433476.588184687]: rtabmap (136): Rate=1.00s, Limit=0.000s, Conversion=0.0009s, RTAB-Map=0.1551s, Maps update=0.0001s pub=0.0001s (local map=1, WM=1)[0m
[0m[ INFO] [1790435396.372165091, 1790433477.590401657]: rtabmap (137): Rate=1.00s, Limit=0.000s, Conversion=0.0008s, RTAB-Map=0.1557s, Maps update=0.0001s pub=0.0001s (local map=1, WM=1)[0m
[0m[ INFO] [1790435397.385465479, 1790433478.615302462]: rtabmap (138): Rate=1.00s, Limit=0.000s, Conversion=0.0012s, RTAB-Map=0.1726s, Maps update=0.0001s pub=0.0001s (local map=1, WM=1)[0m
[0m[ INFO] [1790435398.566142295, 1790433479.787930101]: rtabmap (139): Rate=1.00s, Limit=0.000s, Conversion=0.0012s, RTAB-Map=0.1603s, Maps update=0.0001s pub=0.0001s (local map=1, WM=1)[0m
[0m[ INFO] [1790435399.606711112, 1790433480.828710280]: rtabmap (140): Rate=1.00s, Limit=0.000s, Conversion=0.0008s, RTAB-Map=0.1622s, Maps update=0.0001s pub=0.0001s (local map=1, WM=1)[0m
[0m[ INFO] [1790435400.656056120, 1790433481.881164283]: rtabmap (141): Rate=1.00s, Limit=0.000s, Conversion=0.0008s, RTAB-Map=0.1547s, Maps update=0.0001s pub=0.0001s (local map=1, WM=1)[0m
[0m[ INFO] [1790435401.729902424, 1790433482.953112037]: rtabmap (142): Rate=1.00s, Limit=0.000s, Conversion=0.0016s, RTAB-Map=0.1725s, Maps update=0.0001s pub=0.0001s (local map=1, WM=1)[0m
[0m[ INFO] [1790435402.776283619, 1790433484.000719742]: rtabmap (143): Rate=1.00s, Limit=0.000s, Conversion=0.0018s, RTAB-Map=0.1676s, Maps update=0.0001s pub=0.0001s (local map=1, WM=1)[0m
[0m[ INFO] [1790435403.776608554, 1790433484.998754315]: rtabmap (144): Rate=1.00s, Limit=0.000s, Conversion=0.0008s, RTAB-Map=0.1641s, Maps update=0.0001s pub=0.0001s (local map=1, WM=1)[0m
[0m[ INFO] [1790435404.776296263, 1790433485.999657591]: rtabmap (145): Rate=1.00s, Limit=0.000s, Conversion=0.0010s, RTAB-Map=0.1716s, Maps update=0.0001s pub=0.0001s (local map=1, WM=1)[0m
[0m[ INFO] [1790435405.918180055, 1790433487.144097059]: rtabmap (146): Rate=1.00s, Limit=0.000s, Conversion=0.0013s, RTAB-Map=0.1731s, Maps update=0.0002s pub=0.0001s (local map=1, WM=1)[0m
[0m[ INFO] [1790435406.985449635, 1790433488.206195765]: rtabmap (147): Rate=1.00s, Limit=0.000s, Conversion=0.0013s, RTAB-Map=0.1756s, Maps update=0.0001s pub=0.0001s (local map=1, WM=1)[0m
[0m[ INFO] [1790435408.012796080, 1790433489.238172726]: rtabmap (148): Rate=1.00s, Limit=0.000s, Conversion=0.0012s, RTAB-Map=0.1747s, Maps update=0.0001s pub=0.0001s (local map=1, WM=1)[0m
[0m[ INFO] [1790435409.104502281, 1790433490.329244231]: rtabmap (149): Rate=1.00s, Limit=0.000s, Conversion=0.0012s, RTAB-Map=0.1763s, Maps update=0.0001s pub=0.0001s (local map=1, WM=1)[0m
[0m[ INFO] [1790435410.062400234, 1790433491.291352920]: rtabmap (150): Rate=1.00s, Limit=0.000s, Conversion=0.0009s, RTAB-Map=0.1546s, Maps update=0.0001s pub=0.0001s (local map=1, WM=1)[0m
[0m[ INFO] [1790435411.180261603, 1790433492.403192045]: rtabmap (151): Rate=1.00s, Limit=0.000s, Conversion=0.0012s, RTAB-Map=0.1715s, Maps update=0.0001s pub=0.0001s (local map=1, WM=1)[0m
[0m[ INFO] [1790435412.255885058, 1790433493.481548683]: rtabmap (152): Rate=1.00s, Limit=0.000s, Conversion=0.0008s, RTAB-Map=0.1670s, Maps update=0.0001s pub=0.0002s (local map=1, WM=1)[0m
[0m[ INFO] [1790435413.376682647, 1790433494.603826961]: rtabmap (153): Rate=1.00s, Limit=0.000s, Conversion=0.0012s, RTAB-Map=0.1754s, Maps update=0.0001s pub=0.0001s (local map=1, WM=1)[0m
[0m[ INFO] [1790435414.461194709, 1790433495.686226231]: rtabmap (154): Rate=1.00s, Limit=0.000s, Conversion=0.0008s, RTAB-Map=0.1553s, Maps update=0.0001s pub=0.0001s (local map=1, WM=1)[0m
[33m[ WARN] (2026-09-26 11:10:15.292) Transform.cpp:557::getTransform() No transform found for stamp 1790433496.484236! Latest is 1790433496.480748[0m
[0m[ INFO] [1790435415.451103123, 1790433496.677903496]: rtabmap (155): Rate=1.00s, Limit=0.000s, Conversion=0.0011s, RTAB-Map=0.1582s, Maps update=0.0001s pub=0.0001s (local map=1, WM=1)[0m
[0m[ INFO] [1790435416.571879681, 1790433497.798672758]: rtabmap (156): Rate=1.00s, Limit=0.000s, Conversion=0.0013s, RTAB-Map=0.1745s, Maps update=0.0001s pub=0.0001s (local map=1, WM=1)[0m
[0m[ INFO] [1790435417.605343968, 1790433498.829371319]: rtabmap (157): Rate=1.00s, Limit=0.000s, Conversion=0.0013s, RTAB-Map=0.1763s, Maps update=0.0001s pub=0.0001s (local map=1, WM=1)[0m
[0m[ INFO] [1790435418.678758170, 1790433499.902585519]: rtabmap (158): Rate=1.00s, Limit=0.000s, Conversion=0.0008s, RTAB-Map=0.1543s, Maps update=0.0001s pub=0.0001s (local map=1, WM=1)[0m
[0m[ INFO] [1790435419.779202623, 1790433501.005838579]: rtabmap (159): Rate=1.00s, Limit=0.000s, Conversion=0.0012s, RTAB-Map=0.1702s, Maps update=0.0001s pub=0.0001s (local map=1, WM=1)[0m
[0m[ INFO] [1790435420.781262555, 1790433502.005325362]: rtabmap (160): Rate=1.00s, Limit=0.000s, Conversion=0.0012s, RTAB-Map=0.1629s, Maps update=0.0001s pub=0.0001s (local map=1, WM=1)[0m
[0m[ INFO] [1790435421.789992926, 1790433503.018615880]: rtabmap (161): Rate=1.00s, Limit=0.000s, Conversion=0.0013s, RTAB-Map=0.1872s, Maps update=0.0001s pub=0.0001s (local map=1, WM=1)[0m
[0m[ INFO] [1790435422.985048443, 1790433504.210389249]: rtabmap (162): Rate=1.00s, Limit=0.000s, Conversion=0.0013s, RTAB-Map=0.1811s, Maps update=0.0001s pub=0.0001s (local map=1, WM=1)[0m
[0m[ INFO] [1790435423.982435933, 1790433505.208057862]: rtabmap (163): Rate=1.00s, Limit=0.000s, Conversion=0.0013s, RTAB-Map=0.1734s, Maps update=0.0001s pub=0.0001s (local map=1, WM=1)[0m
[33m[ WARN] (2026-09-26 11:10:24.809) Transform.cpp:557::getTransform() No transform found for stamp 1790433505.996968! Latest is 1790433505.993597[0m
[0m[ INFO] [1790435424.978022313, 1790433506.198920573]: rtabmap (164): Rate=1.00s, Limit=0.000s, Conversion=0.0011s, RTAB-Map=0.1682s, Maps update=0.0001s pub=0.0001s (local map=1, WM=1)[0m
[0m[ INFO] [1790435426.080439576, 1790433507.301407213]: rtabmap (165): Rate=1.00s, Limit=0.000s, Conversion=0.0013s, RTAB-Map=0.1731s, Maps update=0.0001s pub=0.0001s (local map=1, WM=1)[0m
[0m[ INFO] [1790435427.084839938, 1790433508.310285513]: rtabmap (166): Rate=1.00s, Limit=0.000s, Conversion=0.0013s, RTAB-Map=0.1679s, Maps update=0.0001s pub=0.0001s (local map=1, WM=1)[0m
[0m[ INFO] [1790435428.187060491, 1790433509.412138157]: rtabmap (167): Rate=1.00s, Limit=0.000s, Conversion=0.0008s, RTAB-Map=0.1812s, Maps update=0.0001s pub=0.0001s (local map=1, WM=1)[0m
Warning: TF_REPEATED_DATA ignoring data with redundant timestamp for frame odom (parent map) at time 1790433509.687550 according to authority unknown_publisher
         at line 278 in /tmp/binarydeb/ros-noetic-tf2-0.7.7/src/buffer_core.cpp
Warning: TF_REPEATED_DATA ignoring data with redundant timestamp for frame odom (parent map) at time 1790433509.687550 according to authority /rtabmap/rtabmap
         at line 278 in /tmp/binarydeb/ros-noetic-tf2-0.7.7/src/buffer_core.cpp
[33m[ WARN] [1790435428.358971235, 1790433509.587550285]: TF_REPEATED_DATA ignoring data with redundant timestamp for frame odom (parent map) at time 1790433509.687550 according to authority unknown_publisher[0m
[33m[ WARN] [1790435432.293818809, 1790433513.522232577]: We are receiving imu data (buffer=1000), but cannot interpolate imu transform at time 1790433513.492034. IMU won't be added to graph.[0m
[33m[ WARN] [1790435433.304806914, 1790433514.534114675]: We are receiving imu data (buffer=1000), but cannot interpolate imu transform at time 1790433514.493786. IMU won't be added to graph.[0m
[33m[ WARN] [1790435434.418041209, 1790433515.646786692]: We are receiving imu data (buffer=1000), but cannot interpolate imu transform at time 1790433515.606492. IMU won't be added to graph.[0m
[0m[ INFO] [1790435429.234202957, 1790433510.464249414]: rtabmap (168): Rate=1.00s, Limit=0.000s, Conversion=0.0013s, RTAB-Map=0.1732s, Maps update=0.0001s pub=0.0001s (local map=1, WM=1)[0m
[0m[ INFO] [1790435430.359583507, 1790433511.584137104]: rtabmap (169): Rate=1.00s, Limit=0.000s, Conversion=0.0014s, RTAB-Map=0.1585s, Maps update=0.0001s pub=0.0001s (local map=1, WM=1)[0m
[0m[ INFO] [1790435431.389417168, 1790433512.614048334]: rtabmap (170): Rate=1.00s, Limit=0.000s, Conversion=0.0008s, RTAB-Map=0.1652s, Maps update=0.0001s pub=0.0001s (local map=1, WM=1)[0m
[33m[ WARN] (2026-09-26 11:10:32.293) Transform.cpp:557::getTransform() No transform found for stamp 1790433513.492034! Latest is 1790433513.474806[0m
[0m[ INFO] [1790435432.463109140, 1790433513.685234645]: rtabmap (171): Rate=1.00s, Limit=0.000s, Conversion=0.0011s, RTAB-Map=0.1688s, Maps update=0.0001s pub=0.0001s (local map=1, WM=1)[0m
[33m[ WARN] (2026-09-26 11:10:33.304) Transform.cpp:557::getTransform() No transform found for stamp 1790433514.493786! Latest is 1790433514.486041[0m
[0m[ INFO] [1790435433.477993415, 1790433514.705259810]: rtabmap (172): Rate=1.00s, Limit=0.000s, Conversion=0.0016s, RTAB-Map=0.1726s, Maps update=0.0001s pub=0.0001s (local map=1, WM=1)[0m
[33m[ WARN] (2026-09-26 11:10:34.417) Transform.cpp:557::getTransform() No transform found for stamp 1790433515.606492! Latest is 1790433515.599120[0m
[0m[ INFO] [1790435434.577597703, 1790433515.797817715]: rtabmap (173): Rate=1.00s, Limit=0.000s, Conversion=0.0016s, RTAB-Map=0.1590s, Maps update=0.0001s pub=0.0001s (local map=1, WM=1)[0m
[0m[ INFO] [1790435435.792158210, 1790433517.013560827]: rtabmap (174): Rate=1.00s, Limit=0.000s, Conversion=0.0013s, RTAB-Map=0.1872s, Maps update=0.0001s pub=0.0001s (local map=1, WM=1)[0m
[0m[ INFO] [1790435436.776549693, 1790433517.996099874]: rtabmap (175): Rate=1.00s, Limit=0.000s, Conversion=0.0008s, RTAB-Map=0.1719s, Maps update=0.0001s pub=0.0001s (local map=1, WM=1)[0m
[0m[ INFO] [1790435437.790470206, 1790433519.018769380]: rtabmap (176): Rate=1.00s, Limit=0.000s, Conversion=0.0013s, RTAB-Map=0.1578s, Maps update=0.0001s pub=0.0001s (local map=1, WM=1)[0m
[0m[ INFO] [1790435438.775575581, 1790433519.998709354]: rtabmap (177): Rate=1.00s, Limit=0.000s, Conversion=0.0013s, RTAB-Map=0.1700s, Maps update=0.0001s pub=0.0001s (local map=1, WM=1)[0m
[0m[ INFO] [1790435439.896596417, 1790433521.124655140]: rtabmap (178): Rate=1.00s, Limit=0.000s, Conversion=0.0013s, RTAB-Map=0.1742s, Maps update=0.0001s pub=0.0001s (local map=1, WM=1)[0m
[0m[ INFO] [1790435440.863525299, 1790433522.092968934]: rtabmap (179): Rate=1.00s, Limit=0.000s, Conversion=0.0010s, RTAB-Map=0.1738s, Maps update=0.0003s pub=0.0001s (local map=1, WM=1)[0m
[0m[ INFO] [1790435441.884513403, 1790433523.105608562]: rtabmap (180): Rate=1.00s, Limit=0.000s, Conversion=0.0021s, RTAB-Map=0.1805s, Maps update=0.0001s pub=0.0001s (local map=1, WM=1)[0m
[0m[ INFO] [1790435442.868519752, 1790433524.095850883]: rtabmap (181): Rate=1.00s, Limit=0.000s, Conversion=0.0008s, RTAB-Map=0.1560s, Maps update=0.0001s pub=0.0001s (local map=1, WM=1)[0m
[0m[ INFO] [1790435443.869406670, 1790433525.098603678]: rtabmap (182): Rate=1.00s, Limit=0.000s, Conversion=0.0021s, RTAB-Map=0.1743s, Maps update=0.0001s pub=0.0001s (local map=1, WM=1)[0m
[0m[ INFO] [1790435444.970600460, 1790433526.190215826]: rtabmap (183): Rate=1.00s, Limit=0.000s, Conversion=0.0010s, RTAB-Map=0.1712s, Maps update=0.0001s pub=0.0001s (local map=1, WM=1)[0m
[0m[ INFO] [1790435446.035523893, 1790433527.261953926]: rtabmap (184): Rate=1.00s, Limit=0.000s, Conversion=0.0013s, RTAB-Map=0.1946s, Maps update=0.0001s pub=0.0001s (local map=1, WM=1)[0m
[0m[ INFO] [1790435447.061160680, 1790433528.285572931]: rtabmap (185): Rate=1.00s, Limit=0.000s, Conversion=0.0014s, RTAB-Map=0.1614s, Maps update=0.0001s pub=0.0001s (local map=1, WM=1)[0m
[0m[ INFO] [1790435448.155781271, 1790433529.381096284]: rtabmap (186): Rate=1.00s, Limit=0.000s, Conversion=0.0016s, RTAB-Map=0.1561s, Maps update=0.0001s pub=0.0001s (local map=1, WM=1)[0m
[0m[ INFO] [1790435449.177965216, 1790433530.400054753]: rtabmap (187): Rate=1.00s, Limit=0.000s, Conversion=0.0013s, RTAB-Map=0.1683s, Maps update=0.0001s pub=0.0001s (local map=1, WM=1)[0m
[0m[ INFO] [1790435450.253532951, 1790433531.474708367]: rtabmap (188): Rate=1.00s, Limit=0.000s, Conversion=0.0009s, RTAB-Map=0.1569s, Maps update=0.0001s pub=0.0001s (local map=1, WM=1)[0m
[0m[ INFO] [1790435451.259884302, 1790433532.485709849]: rtabmap (189): Rate=1.00s, Limit=0.000s, Conversion=0.0013s, RTAB-Map=0.1641s, Maps update=0.0001s pub=0.0001s (local map=1, WM=1)[0m
[0m[ INFO] [1790435452.363452408, 1790433533.583806342]: rtabmap (190): Rate=1.00s, Limit=0.000s, Conversion=0.0013s, RTAB-Map=0.1562s, Maps update=0.0002s pub=0.0001s (local map=1, WM=1)[0m
[0m[ INFO] [1790435453.372495048, 1790433534.594078404]: rtabmap (191): Rate=1.00s, Limit=0.000s, Conversion=0.0013s, RTAB-Map=0.1616s, Maps update=0.0001s pub=0.0001s (local map=1, WM=1)[0m
[0m[ INFO] [1790435454.484766383, 1790433535.704919163]: rtabmap (192): Rate=1.00s, Limit=0.000s, Conversion=0.0013s, RTAB-Map=0.1716s, Maps update=0.0002s pub=0.0001s (local map=1, WM=1)[0m
[0m[ INFO] [1790435455.480524265, 1790433536.704133275]: rtabmap (193): Rate=1.00s, Limit=0.000s, Conversion=0.0009s, RTAB-Map=0.1574s, Maps update=0.0001s pub=0.0001s (local map=1, WM=1)[0m
[0m[ INFO] [1790435456.565168602, 1790433537.793932997]: rtabmap (194): Rate=1.00s, Limit=0.000s, Conversion=0.0012s, RTAB-Map=0.1573s, Maps update=0.0001s pub=0.0001s (local map=1, WM=1)[0m
[0m[ INFO] [1790435457.576407932, 1790433538.804946789]: rtabmap (195): Rate=1.00s, Limit=0.000s, Conversion=0.0013s, RTAB-Map=0.1604s, Maps update=0.0001s pub=0.0001s (local map=1, WM=1)[0m
[0m[ INFO] [1790435458.703024858, 1790433539.930056626]: rtabmap (196): Rate=1.00s, Limit=0.000s, Conversion=0.0013s, RTAB-Map=0.1812s, Maps update=0.0001s pub=0.0001s (local map=1, WM=1)[0m
[0m[ INFO] [1790435459.679313621, 1790433540.908955210]: rtabmap (197): Rate=1.00s, Limit=0.000s, Conversion=0.0008s, RTAB-Map=0.1549s, Maps update=0.0002s pub=0.0001s (local map=1, WM=1)[0m
[0m[ INFO] [1790435460.792878302, 1790433542.013509456]: rtabmap (198): Rate=1.00s, Limit=0.000s, Conversion=0.0013s, RTAB-Map=0.1560s, Maps update=0.0001s pub=0.0001s (local map=1, WM=1)[0m
[0m[ INFO] [1790435461.879301721, 1790433543.102327974]: rtabmap (199): Rate=1.00s, Limit=0.000s, Conversion=0.0014s, RTAB-Map=0.1709s, Maps update=0.0001s pub=0.0001s (local map=1, WM=1)[0m
[0m[ INFO] [1790435462.905962365, 1790433544.133158711]: rtabmap (200): Rate=1.00s, Limit=0.000s, Conversion=0.0009s, RTAB-Map=0.1652s, Maps update=0.0001s pub=0.0003s (local map=1, WM=1)[0m
[0m[ INFO] [1790435463.972132372, 1790433545.201907403]: rtabmap (201): Rate=1.00s, Limit=0.000s, Conversion=0.0014s, RTAB-Map=0.1718s, Maps update=0.0001s pub=0.0001s (local map=1, WM=1)[0m
[0m[ INFO] [1790435465.072772967, 1790433546.300359686]: rtabmap (202): Rate=1.00s, Limit=0.000s, Conversion=0.0011s, RTAB-Map=0.1741s, Maps update=0.0001s pub=0.0001s (local map=1, WM=1)[0m
[0m[ INFO] [1790435466.093586853, 1790433547.319710387]: rtabmap (203): Rate=1.00s, Limit=0.000s, Conversion=0.0019s, RTAB-Map=0.1743s, Maps update=0.0001s pub=0.0001s (local map=1, WM=1)[0m
[0m[ INFO] [1790435467.261310458, 1790433548.491189842]: rtabmap (204): Rate=1.00s, Limit=0.000s, Conversion=0.0013s, RTAB-Map=0.1627s, Maps update=0.0001s pub=0.0001s (local map=1, WM=1)[0m
[0m[ INFO] [1790435468.366644570, 1790433549.585200373]: rtabmap (205): Rate=1.00s, Limit=0.000s, Conversion=0.0018s, RTAB-Map=0.1728s, Maps update=0.0001s pub=0.0001s (local map=1, WM=1)[0m
[0m[ INFO] [1790435469.372249866, 1790433550.595075220]: rtabmap (206): Rate=1.00s, Limit=0.000s, Conversion=0.0013s, RTAB-Map=0.1738s, Maps update=0.0001s pub=0.0001s (local map=1, WM=1)[0m
[0m[ INFO] [1790435470.456010105, 1790433551.681808772]: rtabmap (207): Rate=1.00s, Limit=0.000s, Conversion=0.0014s, RTAB-Map=0.1569s, Maps update=0.0001s pub=0.0001s (local map=1, WM=1)[0m
[0m[ INFO[33m[ WARN] [1790435504.812391948, 1790433586.038220216]: We are receiving imu data (buffer=1000), but cannot interpolate imu transform at time 1790433585.997910. IMU won't be added to graph.[0m
[33m[ WARN] [1790435508.099593930, 1790433589.327151049]: We are receiving imu data (buffer=1000), but cannot interpolate imu transform at time 1790433589.295461. IMU won't be added to graph.[0m
] [1790435471.558068816, 1790433552.782746670]: rtabmap (208): Rate=1.00s, Limit=0.000s, Conversion=0.0010s, RTAB-Map=0.1577s, Maps update=0.0001s pub=0.0001s (local map=1, WM=1)[0m
[0m[ INFO] [1790435472.560242389, 1790433553.785870590]: rtabmap (209): Rate=1.00s, Limit=0.000s, Conversion=0.0008s, RTAB-Map=0.1558s, Maps update=0.0001s pub=0.0001s (local map=1, WM=1)[0m
[0m[ INFO] [1790435473.763302500, 1790433554.988093956]: rtabmap (210): Rate=1.00s, Limit=0.000s, Conversion=0.0021s, RTAB-Map=0.1569s, Maps update=0.0001s pub=0.0001s (local map=1, WM=1)[0m
[0m[ INFO] [1790435474.760786161, 1790433555.988850165]: rtabmap (211): Rate=1.00s, Limit=0.000s, Conversion=0.0009s, RTAB-Map=0.1562s, Maps update=0.0001s pub=0.0001s (local map=1, WM=1)[0m
[0m[ INFO] [1790435475.872875056, 1790433557.093816805]: rtabmap (212): Rate=1.00s, Limit=0.000s, Conversion=0.0013s, RTAB-Map=0.1743s, Maps update=0.0001s pub=0.0001s (local map=1, WM=1)[0m
[0m[ INFO] [1790435476.870311609, 1790433558.094580435]: rtabmap (213): Rate=1.00s, Limit=0.000s, Conversion=0.0022s, RTAB-Map=0.1669s, Maps update=0.0001s pub=0.0001s (local map=1, WM=1)[0m
[0m[ INFO] [1790435477.877257034, 1790433559.106279993]: rtabmap (214): Rate=1.00s, Limit=0.000s, Conversion=0.0013s, RTAB-Map=0.1745s, Maps update=0.0001s pub=0.0001s (local map=1, WM=1)[0m
[0m[ INFO] [1790435478.960374275, 1790433560.181287256]: rtabmap (215): Rate=1.00s, Limit=0.000s, Conversion=0.0008s, RTAB-Map=0.1572s, Maps update=0.0002s pub=0.0001s (local map=1, WM=1)[0m
[0m[ INFO] [1790435480.076816554, 1790433561.301403944]: rtabmap (216): Rate=1.00s, Limit=0.000s, Conversion=0.0022s, RTAB-Map=0.1741s, Maps update=0.0001s pub=0.0001s (local map=1, WM=1)[0m
[0m[ INFO] [1790435481.074028235, 1790433562.303593631]: rtabmap (217): Rate=1.00s, Limit=0.000s, Conversion=0.0013s, RTAB-Map=0.1730s, Maps update=0.0001s pub=0.0001s (local map=1, WM=1)[0m
[0m[ INFO] [1790435482.171783071, 1790433563.394954797]: rtabmap (218): Rate=1.00s, Limit=0.000s, Conversion=0.0014s, RTAB-Map=0.1753s, Maps update=0.0001s pub=0.0001s (local map=1, WM=1)[0m
[0m[ INFO] [1790435483.159249425, 1790433564.384091825]: rtabmap (219): Rate=1.00s, Limit=0.000s, Conversion=0.0008s, RTAB-Map=0.1567s, Maps update=0.0001s pub=0.0001s (local map=1, WM=1)[0m
[0m[ INFO] [1790435484.197217006, 1790433565.425129841]: rtabmap (220): Rate=1.00s, Limit=0.000s, Conversion=0.0012s, RTAB-Map=0.1742s, Maps update=0.0001s pub=0.0001s (local map=1, WM=1)[0m
[0m[ INFO] [1790435485.265544761, 1790433566.486313101]: rtabmap (221): Rate=1.00s, Limit=0.000s, Conversion=0.0014s, RTAB-Map=0.1654s, Maps update=0.0001s pub=0.0001s (local map=1, WM=1)[0m
[0m[ INFO] [1790435486.261889928, 1790433567.485192344]: rtabmap (222): Rate=1.00s, Limit=0.000s, Conversion=0.0008s, RTAB-Map=0.1596s, Maps update=0.0001s pub=0.0001s (local map=1, WM=1)[0m
[0m[ INFO] [1790435487.266502033, 1790433568.493157989]: rtabmap (223): Rate=1.00s, Limit=0.000s, Conversion=0.0015s, RTAB-Map=0.1664s, Maps update=0.0001s pub=0.0001s (local map=1, WM=1)[0m
[0m[ INFO] [1790435488.280525535, 1790433569.503314089]: rtabmap (224): Rate=1.00s, Limit=0.000s, Conversion=0.0013s, RTAB-Map=0.1710s, Maps update=0.0001s pub=0.0001s (local map=1, WM=1)[0m
[0m[ INFO] [1790435489.390604496, 1790433570.615574962]: rtabmap (225): Rate=1.00s, Limit=0.000s, Conversion=0.0021s, RTAB-Map=0.1771s, Maps update=0.0001s pub=0.0001s (local map=1, WM=1)[0m
[0m[ INFO] [1790435490.359476425, 1790433571.584447275]: rtabmap (226): Rate=1.00s, Limit=0.000s, Conversion=0.0009s, RTAB-Map=0.1586s, Maps update=0.0001s pub=0.0001s (local map=1, WM=1)[0m
[0m[ INFO] [1790435491.371710240, 1790433572.597027909]: rtabmap (227): Rate=1.00s, Limit=0.000s, Conversion=0.0013s, RTAB-Map=0.1698s, Maps update=0.0001s pub=0.0001s (local map=1, WM=1)[0m
[0m[ INFO] [1790435492.393210138, 1790433573.616306536]: rtabmap (228): Rate=1.00s, Limit=0.000s, Conversion=0.0013s, RTAB-Map=0.1763s, Maps update=0.0001s pub=0.0001s (local map=1, WM=1)[0m
[0m[ INFO] [1790435493.461974396, 1790433574.687463396]: rtabmap (229): Rate=1.00s, Limit=0.000s, Conversion=0.0014s, RTAB-Map=0.1673s, Maps update=0.0002s pub=0.0001s (local map=1, WM=1)[0m
[0m[ INFO] [1790435494.475455259, 1790433575.697375676]: rtabmap (230): Rate=1.00s, Limit=0.000s, Conversion=0.0008s, RTAB-Map=0.1555s, Maps update=0.0001s pub=0.0001s (local map=1, WM=1)[0m
[0m[ INFO] [1790435495.563425357, 1790433576.785700530]: rtabmap (231): Rate=1.00s, Limit=0.000s, Conversion=0.0013s, RTAB-Map=0.1698s, Maps update=0.0001s pub=0.0001s (local map=1, WM=1)[0m
[0m[ INFO] [1790435496.556493448, 1790433577.786475170]: rtabmap (232): Rate=1.00s, Limit=0.000s, Conversion=0.0011s, RTAB-Map=0.1609s, Maps update=0.0001s pub=0.0001s (local map=1, WM=1)[0m
[0m[ INFO] [1790435497.582052584, 1790433578.807434830]: rtabmap (233): Rate=1.00s, Limit=0.000s, Conversion=0.0020s, RTAB-Map=0.1764s, Maps update=0.0001s pub=0.0001s (local map=1, WM=1)[0m
[0m[ INFO] [1790435498.603172565, 1790433579.825437721]: rtabmap (234): Rate=1.00s, Limit=0.000s, Conversion=0.0010s, RTAB-Map=0.1664s, Maps update=0.0001s pub=0.0001s (local map=1, WM=1)[0m
[0m[ INFO] [1790435499.663810963, 1790433580.884117218]: rtabmap (235): Rate=1.00s, Limit=0.000s, Conversion=0.0013s, RTAB-Map=0.1575s, Maps update=0.0001s pub=0.0001s (local map=1, WM=1)[0m
[0m[ INFO] [1790435500.782723089, 1790433582.005215736]: rtabmap (236): Rate=1.00s, Limit=0.000s, Conversion=0.0013s, RTAB-Map=0.1760s, Maps update=0.0001s pub=0.0001s (local map=1, WM=1)[0m
[0m[ INFO] [1790435501.797772566, 1790433583.018044868]: rtabmap (237): Rate=1.00s, Limit=0.000s, Conversion=0.0008s, RTAB-Map=0.1614s, Maps update=0.0001s pub=0.0001s (local map=1, WM=1)[0m
[0m[ INFO] [1790435502.863745226, 1790433584.087121403]: rtabmap (238): Rate=1.00s, Limit=0.000s, Conversion=0.0013s, RTAB-Map=0.1585s, Maps update=0.0001s pub=0.0001s (local map=1, WM=1)[0m
[0m[ INFO] [1790435503.880534943, 1790433585.110240597]: rtabmap (239): Rate=1.00s, Limit=0.000s, Conversion=0.0013s, RTAB-Map=0.1571s, Maps update=0.0001s pub=0.0001s (local map=1, WM=1)[0m
[33m[ WARN] (2026-09-26 11:11:44.812) Transform.cpp:557::getTransform() No transform found for stamp 1790433585.997910! Latest is 1790433585.995198[0m
[0m[ INFO] [1790435505.003053758, 1790433586.229547377]: rtabmap (240): Rate=1.00s, Limit=0.000s, Conversion=0.0017s, RTAB-Map=0.1901s, Maps update=0.0001s pub=0.0001s (local map=1, WM=1)[0m
[0m[ INFO] [1790435506.064667421, 1790433587.288685748]: rtabmap (241): Rate=1.00s, Limit=0.000s, Conversion=0.0008s, RTAB-Map=0.1617s, Maps update=0.0001s pub=0.0001s (local map=1, WM=1)[0m
[0m[ INFO] [1790435507.260952035, 1790433588.489239529]: rtabmap (242): Rate=1.00s, Limit=0.000s, Conversion=0.0009s, RTAB-Map=0.1583s, Maps update=0.0001s pub=0.0001s (local map=1, WM=1)[0m
[33m[ WARN] (2026-09-26 11:11:48.099) Transform.cpp:557::getTransform() No transform found for stamp 1790433589.295461! Latest is 1790433589.282500[0m
[0m[ INFO] [1790435508.261525119, 1790433589.488127987]: rtabmap (243): Rate=1.00s, Limit=0.000s, Conversion=0.0012s, RTAB-Map=0.1615s, Maps update=0.0001s pub=0.0001s (local map=1, WM=1)[0m
[0m[ INFO] [1790435509.473932146, 1790433590.699018326]: rtabmap (244): Rate=1.00s, Limit=0.000s, Conversion=0.0013s, RTAB-Map=0.1694s, Maps update=0.0001s pub=0.0001s (local map=1, WM=1)[0m
[0m[ INFO] [1790435510.481484472, 1790433591.708803188]: rtabmap (245): Rate=1.00s, Limit=0.000s, Conversion=0.0013s, RTAB-Map=0.1811s, Maps update=0.0001s pub=0.0001s (local map=1, WM=1)[0m
[0m[ INFO] [1790435511.492779397, 1790433592.720719463]: rtabmap (246): Rate=1.00s, Limit=0.000s, Conversion=0.0008s, RTAB-Map=0.1563s, Maps update=0.0001s pub=0.0001s (local map=1, WM=1)[0m
[0m[ INFO] [1790435512.556629202, 1790433593.779669855]: rtabmap (247): Rate=1.00s, Limit=0.000s, Conversion=0.0008s, RTAB-Map=0.1564s, Maps update=0.0001s pub=0.0001s (local map=1, WM=1)[0m
[0m[ INFO] [1790435513.691045893, 1790433594.912674594]: rtabmap (248): Rate=1.00s, Limit=0.000s, Conversion=0.0013s, RTAB-Map=0.1880s, Maps update=0.0001s pub=0.0001s (loca[33m[ WARN] [1790435539.704500315, 1790433620.931622101]: We are receiving imu data (buffer=1000), but cannot interpolate imu transform at time 1790433620.891308. IMU won't be added to graph.[0m
l map=1, WM=1)[0m
[0m[ INFO] [1790435514.698107966, 1790433595.925690877]: rtabmap (249): Rate=1.00s, Limit=0.000s, Conversion=0.0013s, RTAB-Map=0.1746s, Maps update=0.0001s pub=0.0001s (local map=1, WM=1)[0m
[0m[ INFO] [1790435515.791312649, 1790433597.018540420]: rtabmap (250): Rate=1.00s, Limit=0.000s, Conversion=0.0013s, RTAB-Map=0.1667s, Maps update=0.0002s pub=0.0001s (local map=1, WM=1)[0m
[0m[ INFO] [1790435516.881061452, 1790433598.107075545]: rtabmap (251): Rate=1.00s, Limit=0.000s, Conversion=0.0013s, RTAB-Map=0.1643s, Maps update=0.0001s pub=0.0001s (local map=1, WM=1)[0m
[0m[ INFO] [1790435517.889147020, 1790433599.117304305]: rtabmap (252): Rate=1.00s, Limit=0.000s, Conversion=0.0012s, RTAB-Map=0.1730s, Maps update=0.0001s pub=0.0001s (local map=1, WM=1)[0m
[0m[ INFO] [1790435518.911137859, 1790433600.137365683]: rtabmap (253): Rate=1.00s, Limit=0.000s, Conversion=0.0013s, RTAB-Map=0.1919s, Maps update=0.0002s pub=0.0001s (local map=1, WM=1)[0m
[0m[ INFO] [1790435519.874226835, 1790433601.094352320]: rtabmap (254): Rate=1.00s, Limit=0.000s, Conversion=0.0013s, RTAB-Map=0.1730s, Maps update=0.0001s pub=0.0001s (local map=1, WM=1)[0m
[0m[ INFO] [1790435521.072177363, 1790433602.295745414]: rtabmap (255): Rate=1.00s, Limit=0.000s, Conversion=0.0008s, RTAB-Map=0.1685s, Maps update=0.0001s pub=0.0001s (local map=1, WM=1)[0m
[0m[ INFO] [1790435522.086402800, 1790433603.315994693]: rtabmap (256): Rate=1.00s, Limit=0.000s, Conversion=0.0013s, RTAB-Map=0.1738s, Maps update=0.0001s pub=0.0001s (local map=1, WM=1)[0m
[0m[ INFO] [1790435523.170529771, 1790433604.395391084]: rtabmap (257): Rate=1.00s, Limit=0.000s, Conversion=0.0008s, RTAB-Map=0.1700s, Maps update=0.0001s pub=0.0001s (local map=1, WM=1)[0m
[0m[ INFO] [1790435524.176007110, 1790433605.399566712]: rtabmap (258): Rate=1.00s, Limit=0.000s, Conversion=0.0010s, RTAB-Map=0.1725s, Maps update=0.0001s pub=0.0001s (local map=1, WM=1)[0m
[0m[ INFO] [1790435525.280877761, 1790433606.503092005]: rtabmap (259): Rate=1.00s, Limit=0.000s, Conversion=0.0014s, RTAB-Map=0.1762s, Maps update=0.0001s pub=0.0001s (local map=1, WM=1)[0m
[0m[ INFO] [1790435526.271280275, 1790433607.495870033]: rtabmap (260): Rate=1.00s, Limit=0.000s, Conversion=0.0013s, RTAB-Map=0.1669s, Maps update=0.0001s pub=0.0001s (local map=1, WM=1)[0m
[0m[ INFO] [1790435527.278712734, 1790433608.508208018]: rtabmap (261): Rate=1.00s, Limit=0.000s, Conversion=0.0014s, RTAB-Map=0.1743s, Maps update=0.0001s pub=0.0001s (local map=1, WM=1)[0m
[0m[ INFO] [1790435528.260070986, 1790433609.483855647]: rtabmap (262): Rate=1.00s, Limit=0.000s, Conversion=0.0008s, RTAB-Map=0.1596s, Maps update=0.0001s pub=0.0001s (local map=1, WM=1)[0m
[0m[ INFO] [1790435529.374609801, 1790433610.603365589]: rtabmap (263): Rate=1.00s, Limit=0.000s, Conversion=0.0013s, RTAB-Map=0.1643s, Maps update=0.0001s pub=0.0001s (local map=1, WM=1)[0m
[0m[ INFO] [1790435530.473406937, 1790433611.695539869]: rtabmap (264): Rate=1.00s, Limit=0.000s, Conversion=0.0008s, RTAB-Map=0.1691s, Maps update=0.0001s pub=0.0001s (local map=1, WM=1)[0m
[0m[ INFO] [1790435531.515842718, 1790433612.744531913]: rtabmap (265): Rate=1.00s, Limit=0.000s, Conversion=0.0012s, RTAB-Map=0.1709s, Maps update=0.0001s pub=0.0001s (local map=1, WM=1)[0m
[0m[ INFO] [1790435532.472212914, 1790433613.697543833]: rtabmap (266): Rate=1.00s, Limit=0.000s, Conversion=0.0010s, RTAB-Map=0.1748s, Maps update=0.0001s pub=0.0001s (local map=1, WM=1)[0m
[0m[ INFO] [1790435533.494690586, 1790433614.716552474]: rtabmap (267): Rate=1.00s, Limit=0.000s, Conversion=0.0012s, RTAB-Map=0.1693s, Maps update=0.0001s pub=0.0001s (local map=1, WM=1)[0m
[0m[ INFO] [1790435534.661239946, 1790433615.889851604]: rtabmap (268): Rate=1.00s, Limit=0.000s, Conversion=0.0012s, RTAB-Map=0.1582s, Maps update=0.0001s pub=0.0001s (local map=1, WM=1)[0m
[0m[ INFO] [1790435535.772715421, 1790433616.999245681]: rtabmap (269): Rate=1.00s, Limit=0.000s, Conversion=0.0009s, RTAB-Map=0.1724s, Maps update=0.0001s pub=0.0001s (local map=1, WM=1)[0m
[0m[ INFO] [1790435536.779209681, 1790433618.008740261]: rtabmap (270): Rate=1.00s, Limit=0.000s, Conversion=0.0013s, RTAB-Map=0.1743s, Maps update=0.0001s pub=0.0001s (local map=1, WM=1)[0m
[0m[ INFO] [1790435537.769020044, 1790433618.990715658]: rtabmap (271): Rate=1.00s, Limit=0.000s, Conversion=0.0012s, RTAB-Map=0.1638s, Maps update=0.0001s pub=0.0001s (local map=1, WM=1)[0m
[0m[ INFO] [1790435538.849337093, 1790433620.075201937]: rtabmap (272): Rate=1.00s, Limit=0.000s, Conversion=0.0008s, RTAB-Map=0.1556s, Maps update=0.0001s pub=0.0001s (local map=1, WM=1)[0m
[33m[ WARN] (2026-09-26 11:12:19.704) Transform.cpp:557::getTransform() No transform found for stamp 1790433620.891308! Latest is 1790433620.889927[0m
[0m[ INFO] [1790435539.868218844, 1790433621.092785498]: rtabmap (273): Rate=1.00s, Limit=0.000s, Conversion=0.0014s, RTAB-Map=0.1632s, Maps update=0.0001s pub=0.0001s (local map=1, WM=1)[0m
[0m[ INFO] [1790435541.044233961, 1790433622.266530606]: rtabmap (274): Rate=1.00s, Limit=0.000s, Conversion=0.0009s, RTAB-Map=0.1515s, Maps update=0.0001s pub=0.0001s (local map=1, WM=1)[0m
[0m[ INFO] [1790435542.159585821, 1790433623.386111440]: rtabmap (275): Rate=1.00s, Limit=0.000s, Conversion=0.0013s, RTAB-Map=0.1540s, Maps update=0.0001s pub=0.0001s (local map=1, WM=1)[0m
[0m[ INFO] [1790435543.157122661, 1790433624.386975709]: rtabmap (276): Rate=1.00s, Limit=0.000s, Conversion=0.0008s, RTAB-Map=0.1519s, Maps update=0.0001s pub=0.0001s (local map=1, WM=1)[0m
[0m[ INFO] [1790435544.177295108, 1790433625.406227218]: rtabmap (277): Rate=1.00s, Limit=0.000s, Conversion=0.0013s, RTAB-Map=0.1721s, Maps update=0.0001s pub=0.0001s (local map=1, WM=1)[0m
[0m[ INFO] [1790435545.191664385, 1790433626.417505645]: rtabmap (278): Rate=1.00s, Limit=0.000s, Conversion=0.0013s, RTAB-Map=0.1728s, Maps update=0.0001s pub=0.0001s (local map=1, WM=1)[0m
[0m[ INFO] [1790435546.366970015, 1790433627.590056940]: rtabmap (279): Rate=1.00s, Limit=0.000s, Conversion=0.0013s, RTAB-Map=0.1678s, Maps update=0.0001s pub=0.0001s (local map=1, WM=1)[0m
[0m[ INFO] [1790435547.366383158, 1790433628.591504282]: rtabmap (280): Rate=1.00s, Limit=0.000s, Conversion=0.0013s, RTAB-Map=0.1549s, Maps update=0.0001s pub=0.0001s (local map=1, WM=1)[0m
[0m[ INFO] [1790435548.352477177, 1790433629.580578654]: rtabmap (281): Rate=1.00s, Limit=0.000s, Conversion=0.0009s, RTAB-Map=0.1525s, Maps update=0.0001s pub=0.0001s (local map=1, WM=1)[0m
[0m[ INFO] [1790435549.378344367, 1790433630.600882839]: rtabmap (282): Rate=1.00s, Limit=0.000s, Conversion=0.0013s, RTAB-Map=0.1715s, Maps update=0.0002s pub=0.0002s (local map=1, WM=1)[0m
[0m[ INFO] [1790435550.376776343, 1790433631.597709197]: rtabmap (283): Rate=1.00s, Limit=0.000s, Conversion=0.0019s, RTAB-Map=0.1720s, Maps update=0.0001s pub=0.0004s (local map=1, WM=1)[0m
[0m[ INFO] [1790435551.388718449, 1790433632.611312442]: rtabmap (284): Rate=1.00s, Limit=0.000s, Conversion=0.0010s, RTAB-Map=0.1636s, Maps update=0.0002s pub=0.0002s (local map=1, WM=1)[0m
[0m[ INFO] [1790435552.377771696, 1790433633.601168417]: rtabmap (285): Rate=1.00s, Limit=0.000s, Conversion=0.0011s, RTAB-Map=0.1569s, Maps update=0.0001s pub=0.0001s (local map=1, WM=1)[0m
[0m[ INFO] [1790435553.579265696, 1790433634.803720445]: rtabmap (286): Rate=1.00s, Limit=0.000s, Conversion=0.0014s, RTAB-Map=0.1665s, Maps update=0.0002s pub=0.0001s (local map=1, WM=1)[0m
[0m[ INFO] [1790435554.579232659, 1790433635.804298615]: rtabmap (287): Rate=1.00s, Limit=0.000s, Conversion=0.0008s, RTAB-Map=0.1548s, Maps update=0.0002s pub=0.0001s (local map=1, WM=1)[0m
[0m[ INFO] [1790435555.671490550, 1790433636.899553690]: rtabmap (288): Rate=1.00s, Limit=0.000s, Conversion=0.0013s, RTAB-Map=0.1602s, Maps update=0.0002s pub=0.0001s (local map=1, WM=1)[0m
[0m[ INFO] [1790435556.666302189, 1790433637.890760554]: rtabmap (289): Rate=1.00s, Limit=0.000s, Conversion=0.0008s, RTAB-Map=0.1660s, Maps update=0.0001s pub=0.0001s (local map=1, WM=1)[0m
[0m[ INFO] [1790435557.839716388, 1790433639.061918760]: rtabmap (290): Rate=1.00s, Limit=0.000s, Convers[33m[ WARN] [1790435592.707817522, 1790433673.936203898]: We are receiving imu data (buffer=1000), but cannot interpolate imu transform at time 1790433673.895944. IMU won't be added to graph.[0m
[33m[ WARN] [1790435600.188157694, 1790433681.416464453]: We are receiving imu data (buffer=1000), but cannot interpolate imu transform at time 1790433681.386163. IMU won't be added to graph.[0m
ion=0.0014s, RTAB-Map=0.1867s, Maps update=0.0001s pub=0.0001s (local map=1, WM=1)[0m
[0m[ INFO] [1790435558.855346204, 1790433640.079410677]: rtabmap (291): Rate=1.00s, Limit=0.000s, Conversion=0.0014s, RTAB-Map=0.1556s, Maps update=0.0001s pub=0.0001s (local map=1, WM=1)[0m
[0m[ INFO] [1790435560.053439324, 1790433641.278949637]: rtabmap (292): Rate=1.00s, Limit=0.000s, Conversion=0.0008s, RTAB-Map=0.1522s, Maps update=0.0001s pub=0.0001s (local map=1, WM=1)[0m
[0m[ INFO] [1790435561.098690389, 1790433642.328218601]: rtabmap (293): Rate=1.00s, Limit=0.000s, Conversion=0.0010s, RTAB-Map=0.1737s, Maps update=0.0001s pub=0.0001s (local map=1, WM=1)[0m
[0m[ INFO] [1790435562.051918144, 1790433643.278433011]: rtabmap (294): Rate=1.00s, Limit=0.000s, Conversion=0.0017s, RTAB-Map=0.1546s, Maps update=0.0001s pub=0.0001s (local map=1, WM=1)[0m
[0m[ INFO] [1790435563.067935702, 1790433644.294721069]: rtabmap (295): Rate=1.00s, Limit=0.000s, Conversion=0.0008s, RTAB-Map=0.1525s, Maps update=0.0001s pub=0.0001s (local map=1, WM=1)[0m
[0m[ INFO] [1790435564.264851619, 1790433645.487335786]: rtabmap (296): Rate=1.00s, Limit=0.000s, Conversion=0.0013s, RTAB-Map=0.1528s, Maps update=0.0001s pub=0.0001s (local map=1, WM=1)[0m
[0m[ INFO] [1790435565.277448401, 1790433646.507715662]: rtabmap (297): Rate=1.00s, Limit=0.000s, Conversion=0.0017s, RTAB-Map=0.1720s, Maps update=0.0001s pub=0.0001s (local map=1, WM=1)[0m
[0m[ INFO] [1790435566.267751275, 1790433647.492318825]: rtabmap (298): Rate=1.00s, Limit=0.000s, Conversion=0.0013s, RTAB-Map=0.1712s, Maps update=0.0001s pub=0.0001s (local map=1, WM=1)[0m
[0m[ INFO] [1790435567.266604641, 1790433648.490475703]: rtabmap (299): Rate=1.00s, Limit=0.000s, Conversion=0.0008s, RTAB-Map=0.1542s, Maps update=0.0001s pub=0.0001s (local map=1, WM=1)[0m
[0m[ INFO] [1790435568.395735459, 1790433649.623378787]: rtabmap (300): Rate=1.00s, Limit=0.000s, Conversion=0.0013s, RTAB-Map=0.1708s, Maps update=0.0001s pub=0.0001s (local map=1, WM=1)[0m
[0m[ INFO] [1790435569.467221614, 1790433650.693656673]: rtabmap (301): Rate=1.00s, Limit=0.000s, Conversion=0.0014s, RTAB-Map=0.1637s, Maps update=0.0001s pub=0.0001s (local map=1, WM=1)[0m
[0m[ INFO] [1790435570.452321610, 1790433651.675991134]: rtabmap (302): Rate=1.00s, Limit=0.000s, Conversion=0.0010s, RTAB-Map=0.1514s, Maps update=0.0001s pub=0.0001s (local map=1, WM=1)[0m
[0m[ INFO] [1790435571.572102817, 1790433652.795084334]: rtabmap (303): Rate=1.00s, Limit=0.000s, Conversion=0.0012s, RTAB-Map=0.1707s, Maps update=0.0001s pub=0.0001s (local map=1, WM=1)[0m
[0m[ INFO] [1790435572.675814600, 1790433653.900079299]: rtabmap (304): Rate=1.00s, Limit=0.000s, Conversion=0.0010s, RTAB-Map=0.1698s, Maps update=0.0001s pub=0.0001s (local map=1, WM=1)[0m
[0m[ INFO] [1790435573.688863056, 1790433654.911095445]: rtabmap (305): Rate=1.00s, Limit=0.000s, Conversion=0.0016s, RTAB-Map=0.1716s, Maps update=0.0001s pub=0.0001s (local map=1, WM=1)[0m
[0m[ INFO] [1790435574.868101803, 1790433656.090097197]: rtabmap (306): Rate=1.00s, Limit=0.000s, Conversion=0.0013s, RTAB-Map=0.1663s, Maps update=0.0001s pub=0.0001s (local map=1, WM=1)[0m
[0m[ INFO] [1790435575.889847023, 1790433657.119921385]: rtabmap (307): Rate=1.00s, Limit=0.000s, Conversion=0.0008s, RTAB-Map=0.1534s, Maps update=0.0001s pub=0.0001s (local map=1, WM=1)[0m
[0m[ INFO] [1790435576.978278793, 1790433658.201011027]: rtabmap (308): Rate=1.00s, Limit=0.000s, Conversion=0.0013s, RTAB-Map=0.1689s, Maps update=0.0001s pub=0.0001s (local map=1, WM=1)[0m
[0m[ INFO] [1790435577.989352725, 1790433659.209942824]: rtabmap (309): Rate=1.00s, Limit=0.000s, Conversion=0.0012s, RTAB-Map=0.1724s, Maps update=0.0001s pub=0.0001s (local map=1, WM=1)[0m
[0m[ INFO] [1790435578.965527845, 1790433660.194386706]: rtabmap (310): Rate=1.00s, Limit=0.000s, Conversion=0.0012s, RTAB-Map=0.1545s, Maps update=0.0001s pub=0.0001s (local map=1, WM=1)[0m
[0m[ INFO] [1790435580.085122957, 1790433661.305299036]: rtabmap (311): Rate=1.00s, Limit=0.000s, Conversion=0.0010s, RTAB-Map=0.1698s, Maps update=0.0003s pub=0.0001s (local map=1, WM=1)[0m
[0m[ INFO] [1790435581.169926202, 1790433662.394348694]: rtabmap (312): Rate=1.00s, Limit=0.000s, Conversion=0.0013s, RTAB-Map=0.1674s, Maps update=0.0001s pub=0.0001s (local map=1, WM=1)[0m
[0m[ INFO] [1790435582.282031758, 1790433663.505015771]: rtabmap (313): Rate=1.00s, Limit=0.000s, Conversion=0.0014s, RTAB-Map=0.1680s, Maps update=0.0001s pub=0.0001s (local map=1, WM=1)[0m
[0m[ INFO] [1790435583.278182961, 1790433664.503520920]: rtabmap (314): Rate=1.00s, Limit=0.000s, Conversion=0.0017s, RTAB-Map=0.1741s, Maps update=0.0001s pub=0.0001s (local map=1, WM=1)[0m
[0m[ INFO] [1790435584.287962952, 1790433665.508068053]: rtabmap (315): Rate=1.00s, Limit=0.000s, Conversion=0.0009s, RTAB-Map=0.1555s, Maps update=0.0001s pub=0.0001s (local map=1, WM=1)[0m
[0m[ INFO] [1790435585.378471180, 1790433666.607535995]: rtabmap (316): Rate=1.00s, Limit=0.000s, Conversion=0.0013s, RTAB-Map=0.1724s, Maps update=0.0001s pub=0.0001s (local map=1, WM=1)[0m
[0m[ INFO] [1790435586.348674961, 1790433667.570626195]: rtabmap (317): Rate=1.00s, Limit=0.000s, Conversion=0.0008s, RTAB-Map=0.1526s, Maps update=0.0001s pub=0.0001s (local map=1, WM=1)[0m
[0m[ INFO] [1790435587.560631293, 1790433668.786658859]: rtabmap (318): Rate=1.00s, Limit=0.000s, Conversion=0.0009s, RTAB-Map=0.1567s, Maps update=0.0001s pub=0.0001s (local map=1, WM=1)[0m
[0m[ INFO] [1790435588.677821023, 1790433669.899827905]: rtabmap (319): Rate=1.00s, Limit=0.000s, Conversion=0.0013s, RTAB-Map=0.1706s, Maps update=0.0001s pub=0.0001s (local map=1, WM=1)[0m
[0m[ INFO] [1790435589.674862596, 1790433670.903945107]: rtabmap (320): Rate=1.00s, Limit=0.000s, Conversion=0.0013s, RTAB-Map=0.1699s, Maps update=0.0001s pub=0.0001s (local map=1, WM=1)[0m
[0m[ INFO] [1790435590.705747928, 1790433671.926177129]: rtabmap (321): Rate=1.00s, Limit=0.000s, Conversion=0.0008s, RTAB-Map=0.1693s, Maps update=0.0001s pub=0.0001s (local map=1, WM=1)[0m
[0m[ INFO] [1790435591.903386369, 1790433673.126065003]: rtabmap (322): Rate=1.00s, Limit=0.000s, Conversion=0.0012s, RTAB-Map=0.1888s, Maps update=0.0001s pub=0.0001s (local map=1, WM=1)[0m
[33m[ WARN] (2026-09-26 11:13:12.707) Transform.cpp:557::getTransform() No transform found for stamp 1790433673.895944! Latest is 1790433673.886343[0m
[0m[ INFO] [1790435592.873825472, 1790433674.099980656]: rtabmap (323): Rate=1.00s, Limit=0.000s, Conversion=0.0012s, RTAB-Map=0.1655s, Maps update=0.0001s pub=0.0001s (local map=1, WM=1)[0m
[0m[ INFO] [1790435593.988315390, 1790433675.211899473]: rtabmap (324): Rate=1.00s, Limit=0.000s, Conversion=0.0013s, RTAB-Map=0.1834s, Maps update=0.0001s pub=0.0001s (local map=1, WM=1)[0m
[0m[ INFO] [1790435595.063762033, 1790433676.290986988]: rtabmap (325): Rate=1.00s, Limit=0.000s, Conversion=0.0010s, RTAB-Map=0.1649s, Maps update=0.0002s pub=0.0001s (local map=1, WM=1)[0m
[0m[ INFO] [1790435596.173918652, 1790433677.399166114]: rtabmap (326): Rate=1.00s, Limit=0.000s, Conversion=0.0008s, RTAB-Map=0.1524s, Maps update=0.0001s pub=0.0001s (local map=1, WM=1)[0m
[0m[ INFO] [1790435597.175680299, 1790433678.397377098]: rtabmap (327): Rate=1.00s, Limit=0.000s, Conversion=0.0008s, RTAB-Map=0.1633s, Maps update=0.0001s pub=0.0001s (local map=1, WM=1)[0m
[0m[ INFO] [1790435598.270839472, 1790433679.496183543]: rtabmap (328): Rate=1.00s, Limit=0.000s, Conversion=0.0012s, RTAB-Map=0.1716s, Maps update=0.0001s pub=0.0001s (local map=1, WM=1)[0m
[0m[ INFO] [1790435599.361943431, 1790433680.589680584]: rtabmap (329): Rate=1.00s, Limit=0.000s, Conversion=0.0013s, RTAB-Map=0.1562s, Maps update=0.0001s pub=0.0001s (local map=1, WM=1)[0m
[33m[ WARN] (2026-09-26 11:13:20.188) Transform.cpp:557::getTransform() No transform found for stamp 1790433681.386163! Latest is 1790433681.371709[0m
[0m[ INFO] [1790435600.344476161, 1790433681.567685585]: rtabmap (330): Rate=1.00s, Limit=0.000s, Conversion=0.0011s, RTAB-Map=0.1559s, Maps update=0.0001s pub=0.0001s (local map=1, WM=1)[0m
[0m[ INFO] [1790435601.463328899, 1790433682.688805804]: rtabmap (331): Rate[33m[ WARN] [1790435614.194870354, 1790433695.424836460]: We are receiving imu data (buffer=1000), but cannot interpolate imu transform at time 1790433695.383744. IMU won't be added to graph.[0m
=1.00s, Limit=0.000s, Conversion=0.0012s, RTAB-Map=0.1630s, Maps update=0.0001s pub=0.0001s (local map=1, WM=1)[0m
[0m[ INFO] [1790435602.451512600, 1790433683.679142648]: rtabmap (332): Rate=1.00s, Limit=0.000s, Conversion=0.0009s, RTAB-Map=0.1516s, Maps update=0.0001s pub=0.0001s (local map=1, WM=1)[0m
[0m[ INFO] [1790435603.482521853, 1790433684.709076369]: rtabmap (333): Rate=1.00s, Limit=0.000s, Conversion=0.0012s, RTAB-Map=0.1656s, Maps update=0.0002s pub=0.0001s (local map=1, WM=1)[0m
[0m[ INFO] [1790435604.659081486, 1790433685.881442868]: rtabmap (334): Rate=1.00s, Limit=0.000s, Conversion=0.0013s, RTAB-Map=0.1609s, Maps update=0.0001s pub=0.0001s (local map=1, WM=1)[0m
[0m[ INFO] [1790435605.754847279, 1790433686.983129334]: rtabmap (335): Rate=1.00s, Limit=0.000s, Conversion=0.0013s, RTAB-Map=0.1544s, Maps update=0.0001s pub=0.0001s (local map=1, WM=1)[0m
[0m[ INFO] [1790435606.876567145, 1790433688.101913040]: rtabmap (336): Rate=1.00s, Limit=0.000s, Conversion=0.0013s, RTAB-Map=0.1663s, Maps update=0.0001s pub=0.0001s (local map=1, WM=1)[0m
[0m[ INFO] [1790435607.960909515, 1790433689.187302462]: rtabmap (337): Rate=1.00s, Limit=0.000s, Conversion=0.0012s, RTAB-Map=0.1542s, Maps update=0.0002s pub=0.0001s (local map=1, WM=1)[0m
[0m[ INFO] [1790435608.985790343, 1790433690.213389670]: rtabmap (338): Rate=1.00s, Limit=0.000s, Conversion=0.0013s, RTAB-Map=0.1729s, Maps update=0.0001s pub=0.0001s (local map=1, WM=1)[0m
[0m[ INFO] [1790435610.073038662, 1790433691.293559640]: rtabmap (339): Rate=1.00s, Limit=0.000s, Conversion=0.0013s, RTAB-Map=0.1703s, Maps update=0.0001s pub=0.0001s (local map=1, WM=1)[0m
[0m[ INFO] [1790435611.167569011, 1790433692.394542731]: rtabmap (340): Rate=1.00s, Limit=0.000s, Conversion=0.0012s, RTAB-Map=0.1674s, Maps update=0.0001s pub=0.0001s (local map=1, WM=1)[0m
[0m[ INFO] [1790435612.256368096, 1790433693.484882345]: rtabmap (341): Rate=1.00s, Limit=0.000s, Conversion=0.0008s, RTAB-Map=0.1524s, Maps update=0.0001s pub=0.0001s (local map=1, WM=1)[0m
[0m[ INFO] [1790435613.251750773, 1790433694.474563553]: rtabmap (342): Rate=1.00s, Limit=0.000s, Conversion=0.0008s, RTAB-Map=0.1516s, Maps update=0.0001s pub=0.0001s (local map=1, WM=1)[0m
[33m[ WARN] (2026-09-26 11:13:34.194) Transform.cpp:557::getTransform() No transform found for stamp 1790433695.383744! Latest is 1790433695.379644[0m
[0m[ INFO] [1790435614.353268714, 1790433695.575732017]: rtabmap (343): Rate=1.00s, Limit=0.000s, Conversion=0.0012s, RTAB-Map=0.1579s, Maps update=0.0001s pub=0.0001s (local map=1, WM=1)[0m
[0m[ INFO] [1790435615.469624926, 1790433696.697091100]: rtabmap (344): Rate=1.00s, Limit=0.000s, Conversion=0.0013s, RTAB-Map=0.1721s, Maps update=0.0001s pub=0.0001s (local map=1, WM=1)[0m
[0m[ INFO] [1790435616.570617673, 1790433697.791615937]: rtabmap (345): Rate=1.00s, Limit=0.000s, Conversion=0.0008s, RTAB-Map=0.1688s, Maps update=0.0001s pub=0.0001s (local map=1, WM=1)[0m
[0m[ INFO] [1790435617.687463584, 1790433698.911935549]: rtabmap (346): Rate=1.00s, Limit=0.000s, Conversion=0.0013s, RTAB-Map=0.1694s, Maps update=0.0001s pub=0.0001s (local map=1, WM=1)[0m
[0m[ INFO] [1790435618.664692618, 1790433699.886508490]: rtabmap (347): Rate=1.00s, Limit=0.000s, Conversion=0.0009s, RTAB-Map=0.1687s, Maps update=0.0001s pub=0.0001s (local map=1, WM=1)[0m
[0m[ INFO] [1790435619.651279448, 1790433700.874711466]: rtabmap (348): Rate=1.00s, Limit=0.000s, Conversion=0.0009s, RTAB-Map=0.1576s, Maps update=0.0001s pub=0.0001s (local map=1, WM=1)[0m
[0m[ INFO] [1790435620.779114017, 1790433702.004563754]: rtabmap (349): Rate=1.00s, Limit=0.000s, Conversion=0.0008s, RTAB-Map=0.1684s, Maps update=0.0002s pub=0.0001s (local map=1, WM=1)[0m
Warning: TF_REPEATED_DATA ignoring data with redundant timestamp for frame odom (parent map) at time 1790433702.586352 according to authority unknown_publisher
         at line 278 in /tmp/binarydeb/ros-noetic-tf2-0.7.7/src/buffer_core.cpp
[33m[ WARN] [1790435621.257837130, 1790433702.486352339]: TF_REPEATED_DATA ignoring data with redundant timestamp for frame odom (parent map) at time 1790433702.586352 according to authority unknown_publisher[0m
Warning: TF_REPEATED_DATA ignoring data with redundant timestamp for frame odom (parent map) at time 1790433702.586352 according to authority /rtabmap/rtabmap
         at line 278 in /tmp/binarydeb/ros-noetic-tf2-0.7.7/src/buffer_core.cpp
[33m[ WARN] [1790435637.296691790, 1790433718.522964831]: We are receiving imu data (buffer=1000), but cannot interpolate imu transform at time 1790433718.492748. IMU won't be added to graph.[0m
[0m[ INFO] [1790435621.797843562, 1790433703.021595616]: rtabmap (350): Rate=1.00s, Limit=0.000s, Conversion=0.0013s, RTAB-Map=0.1680s, Maps update=0.0001s pub=0.0001s (local map=1, WM=1)[0m
[0m[ INFO] [1790435622.963234216, 1790433704.184870087]: rtabmap (351): Rate=1.00s, Limit=0.000s, Conversion=0.0013s, RTAB-Map=0.1594s, Maps update=0.0001s pub=0.0001s (local map=1, WM=1)[0m
[0m[ INFO] [1790435623.955259500, 1790433705.175261017]: rtabmap (352): Rate=1.00s, Limit=0.000s, Conversion=0.0009s, RTAB-Map=0.1528s, Maps update=0.0002s pub=0.0001s (local map=1, WM=1)[0m
[0m[ INFO] [1790435624.973913968, 1790433706.196261623]: rtabmap (353): Rate=1.00s, Limit=0.000s, Conversion=0.0008s, RTAB-Map=0.1523s, Maps update=0.0001s pub=0.0001s (local map=1, WM=1)[0m
[0m[ INFO] [1790435625.977432303, 1790433707.198191140]: rtabmap (354): Rate=1.00s, Limit=0.000s, Conversion=0.0013s, RTAB-Map=0.1706s, Maps update=0.0001s pub=0.0001s (local map=1, WM=1)[0m
[0m[ INFO] [1790435627.055560053, 1790433708.279054920]: rtabmap (355): Rate=1.00s, Limit=0.000s, Conversion=0.0009s, RTAB-Map=0.1593s, Maps update=0.0001s pub=0.0001s (local map=1, WM=1)[0m
[0m[ INFO] [1790435628.074980189, 1790433709.303924363]: rtabmap (356): Rate=1.00s, Limit=0.000s, Conversion=0.0008s, RTAB-Map=0.1545s, Maps update=0.0001s pub=0.0001s (local map=1, WM=1)[0m
[0m[ INFO] [1790435629.166322223, 1790433710.393961871]: rtabmap (357): Rate=1.00s, Limit=0.000s, Conversion=0.0009s, RTAB-Map=0.1521s, Maps update=0.0001s pub=0.0001s (local map=1, WM=1)[0m
[0m[ INFO] [1790435630.150565144, 1790433711.374638898]: rtabmap (358): Rate=1.00s, Limit=0.000s, Conversion=0.0009s, RTAB-Map=0.1521s, Maps update=0.0001s pub=0.0001s (local map=1, WM=1)[0m
[0m[ INFO] [1790435631.162270569, 1790433712.386562469]: rtabmap (359): Rate=1.00s, Limit=0.000s, Conversion=0.0008s, RTAB-Map=0.1537s, Maps update=0.0001s pub=0.0001s (local map=1, WM=1)[0m
[0m[ INFO] [1790435632.259639417, 1790433713.488153571]: rtabmap (360): Rate=1.00s, Limit=0.000s, Conversion=0.0018s, RTAB-Map=0.1671s, Maps update=0.0001s pub=0.0001s (local map=1, WM=1)[0m
[0m[ INFO] [1790435633.278065137, 1790433714.501794054]: rtabmap (361): Rate=1.00s, Limit=0.000s, Conversion=0.0013s, RTAB-Map=0.1686s, Maps update=0.0001s pub=0.0001s (local map=1, WM=1)[0m
[0m[ INFO] [1790435634.282431279, 1790433715.503521480]: rtabmap (362): Rate=1.00s, Limit=0.000s, Conversion=0.0013s, RTAB-Map=0.1695s, Maps update=0.0001s pub=0.0001s (local map=1, WM=1)[0m
[0m[ INFO] [1790435635.358092847, 1790433716.585465132]: rtabmap (363): Rate=1.00s, Limit=0.000s, Conversion=0.0022s, RTAB-Map=0.1561s, Maps update=0.0001s pub=0.0001s (local map=1, WM=1)[0m
[0m[ INFO] [1790435636.377290828, 1790433717.606326139]: rtabmap (364): Rate=1.00s, Limit=0.000s, Conversion=0.0013s, RTAB-Map=0.1700s, Maps update=0.0001s pub=0.0001s (local map=1, WM=1)[0m
[33m[ WARN] (2026-09-26 11:13:57.296) Transform.cpp:557::getTransform() No transform found for stamp 1790433718.492748! Latest is 1790433718.491970[0m
[0m[ INFO] [1790435637.463716862, 1790433718.684134448]: rtabmap (365): Rate=1.00s, Limit=0.000s, Conversion=0.0024s, RTAB-Map=0.1663s, Maps update=0.0001s pub=0.0001s (local map=2, WM=2)[0m
[0m[ INFO] [1790435638.517931219, 1790433719.746658783]: rtabmap (366): Rate=1.00s, Limit=0.000s, Conversion=0.0021s, RTAB-Map=0.1761s, Maps update=0.0001s pub=0.0001s (local map=2, WM=2)[0m
[0m[ INFO] [1790435639.678076353, 1790433720.905876227]: rtabmap (367): Rate=1.00s, Limit=0.000s, Conversion=0.0011s, RTAB-Map=0.1817s, Maps update=0.0001s pub=0.0001s (local map=2, WM=2)[0m
[0m[ INFO] [1790435640.780249178, 1790433722.002309757]: rtabmap (368): Rate=1.00s, Limit=0.000s, Conversion=0.0011s, RTAB-Map=0.1741s, Maps update=0.0001s pub=0.0001s (local map=2, WM=2)[0m
[0m[ INFO] [1790435641.860344867, 1790433723.090460157]: rtabmap (369): Rate=1.00s, Limit=0.000s, Conversion=0.0009s, RTAB-Map=0.1570s, Maps update=0.0001s pub=0.0001s (local map=2, WM=2)[0m
[0m[ INFO] [1790435642.859897794, 1790433724.088737999]: rtabmap (370): Rate=1.00s, Limit=0.000s, Conversion=0.0008s, RTAB-Map=0.1572s, Maps update=0.0001s pub=0.0001s (local map=2, WM=2)[0m
[0m[ INFO] [1790435643.964872854, 1790433725.191383274]: rtabmap (371): Rate=1.00s, Limit=0.000s, Conversion=0.0009s, RTAB-Map=0.1575s, Maps update=0.0001s pub=0.0001s (local map=2, WM=2)[0m
[0m[ INFO] [1790435645.081006400, 1790433726.303499817]: rtabmap (372): Rate=1.00s, Limit=0.000s, Conversion=0.0019s, RTAB-Map=0.1741s, Maps update=0.0001s pub=0.0001s (local map=2, WM=2)[0m
[0m[ INFO] [1790435646.191060616, 1790433727.413613361]: rtabmap (373): Rate=1.00s, Limit=0.000s, Conversion=0.0019s, RTAB-Map=0.1904s, Maps update=0.0001s pub=0.0001s (local map=2, WM=2)[0m
[0m[ INFO] [1790435647.167617034, 1790433728.392797455]: rtabmap (374): Rate=1.00s, Limit=0.000s, Conversion=0.0014s, RTAB-Map=0.1652s, Maps update=0.0001s pub=0.0001s (local map=2, WM=2)[0m
[0m[ INFO] [1790435648.278821787, 1790433729.502511216]: rtabmap (375): Rate=1.00s, Limit=0.000s, Conversion=0.0008s, RTAB-Map=0.1723s, Maps update=0.0001s pub=0.0001s (local map=2, WM=2)[0m
[0m[ INFO] [1790435649.318023264, 1790433730.542402685]: rtabmap (376): Rate=1.00s, Limit=0.000s, Conversion=0.0015s, RTAB-Map=0.1727s, Maps update=0.0001s pub=0.0001s (local map=2, WM=2)[0m
[0m[ INFO] [1790435650.289533033, 1790433731.512687480]: rtabmap (377): Rate=1.00s, Limit=0.000s, Conversion=0.0008s, RTAB-Map=0.1571s, Maps update=0.0001s pub=0.0001s (local map=2, WM=2)[0m
[0m[ INFO] [1790435651.411036197, 1790433732.632823238]: rtabmap (378): Rate=1.00s, Limit=0.000s, Conversion=0.0008s, RTAB-Map=0.1664s, Maps update=0.0002s pub=0.0001s (local map=2, WM=2)[0m
[0m[ INFO] [1790435652.495226285, 1790433733.724895043]: rtabmap (379): Rate=1.00s, Limit=0.000s, Conversion=0.0013s, RTAB-Map=0.1821s, Maps update=0.0001s pub=0.0001s (local map=2, WM=2)[0m
[0m[ INFO] [1790435653.474058945, 1790433734.694374610]: rtabmap (380): Rate=1.00s, Limit=0.000s, Conversion=0.0014s, RTAB-Map=0.1622s, Maps update=0.0001s pub=0.0001s (local map=2, WM=2)[0m
[0m[ INFO] [1790435654.468144824, 1790433735.695812153]: rtabmap (381): Rate=1.00s, Limit=0.000s, Conversion=0.0008s, RTAB-Map=0.1576s, Maps update=0.0001s pub=0.0001s (local map=2, WM=2)[0m
[0m[ INFO] [1790435655.470145636, 1790433736.698697102]: rtabmap (382): Rate=1.00s, Limit=0.000s, Conversion=0.0008s, RTAB-Map=0.1570s, Maps update=0.0001s pub=0.0001s (local map=2, WM=2)[0m
[0m[ INFO] [1790435656.476057754, 1790433737.702469484]: rtabmap (383): Rate=1.00s, Limit=0.000s, Conversion=0.0013s, RTAB-Map=0.1768s, Maps update=0.0001s pub=0.0001s (local map=2, WM=2)[0m
[0m[ INFO] [1790435657.564449129, 1790433738.791372225]: rtabmap (384): Rate=1.00s, Limit=0.000s, Conversion=0.0008s, RTAB-Map=0.1724s, Maps update=0.0001s pub=0.0001s (local map=2, WM=2)[0m
[0m[ INFO] [1790435658.597590178, 1790433739.819997577]: rtabmap (385): Rate=1.00s, Limit=0.000s, Conversion=0.0021s, RTAB-Map=0.1763s, Maps update=0.0001s pub=0.0001s (local map=2, WM=2)[0m
[0m[ INFO] [1790435659.658986091, 1790433740.881215280]: rtabmap (386): Rate=1.00s, Limit=0.000s, Conversion=0.0015s, RTAB-Map=0.1582s, Maps update=0.0001s pub=0.0001s (local map=3, WM=3)[0m
[0m[ INFO] [1790435660.757838503, 1790433741.986808597]: rtabmap (387): Rate=1.00s, Limit=0.000s, Conversion=0.0008s, RTAB-Map=0.1555s, Maps update=0.0001s pub=0.0001s (local map=3, WM=3)[0m
[0m[ INFO] [1790435661.763257649, 1790433742.984853328]: rtabmap (388): Rate=1.00s, Limit=0.000s, Conversion=0.0012s, RTAB-Map=0.1620s, Maps update=0.0001s pub=0.0001s (local map=3, WM=3)[0m
[0m[ INFO] [1790435662.984383219, 1790433744.210930151]: rtabmap (389): Rate=1.00s, Limit=0.000s, Conversion=0.0009s, RTAB-Map=0.1768s, Maps update=0.0001s pub=0.0001s (local map=3, WM=3)[0m
[0m[ INFO] [1790435664.049573055, 1790433745.274789669]: rtabmap (390): Rate=1.00s, Limit=0.000s, Conversion=0.0011s, RTAB-Map=0.1563s, Maps update=0.0001s pub=0.0001s (local map=3, WM=3)[0m
[0m[ INFO] [1790435665.086199799, 1790433746.315528521]: rtabmap (391): Rate=1.00s, Limit=0.000s, Conversion=0.0019s, RTAB-Map=0.1797s, Maps update=0.0001s pub=0.0001s (local map=3, WM=3)[0m
[0m[ INFO] [1790435666.090034667, 1790433747.311203141]: rtabmap (392): Rate=1.00s, Limit=0.000s, Conversion=0.0013s, RTAB-Map=0.1759s, Maps update=0.0001s pub=0.0001s (local map=3, WM=3)[0m
[0m[ INFO] [1790435667.188629244, 1790433748.412937976]: rtabmap (393): Rate=1.00s, Limit=0.000s, Conversion=0.0012s, RTAB-Map=0.1798s, Maps update=0.0001s pub=0.0001s (local map=4, WM=4)[0m
[0m[ INFO] [1790435668.372996746, 1790433749.602582623]: rtabmap (394): Rate=1.00s, Limit=0.000s, Conversion=0.0012s, RTAB-Map=0.1760s, Maps update=0.0001s pub=0.0001s (local map=5, WM=5)[0m
[0m[ INFO] [1790435669.352005839, 1790433750.576832976]: rtabmap (395): Rate=1.00s, Limit=0.000s, Conversion=0.0009s, RTAB-Map=0.1577s, Maps update=0.0001s pub=0.0001s (local map=6, WM=6)[0m
[0m[ INFO] [1790435670.367681630, 1790433751.587978895]: rtabmap (396): Rate=1.00s, Limit=0.000s, Conversion=0.0013s, RTAB-Map=0.1729s, Maps update=0.0001s pub=0.0001s (local map=7, WM=7)[0m
[0m[ INFO] [1790435671.402454650, 1790433752.628808716]: rtabmap (397): Rate=1.00s, Limit=0.000s, Conversion=0.0008s, RTAB-Map=0.1540s, Maps update=0.0001s pub=0.0001s (local map=8, WM=8)[0m
[0m[ INFO] [1790435672.472304911, 1790433753.697919513]: rtabmap (398): Rate=1.00s, Limit=0.000s, Conversion=0.0013s, RTAB-Map=0.1684s, Maps update=0.0001s pub=0.0001s (local map=9, WM=9)[0m
[0m[ INFO] [1790435673.574562272, 1790433754.798298294]: rtabmap (399): Rate=1.00s, Limit=0.000s, Conversion=0.0013s, RTAB-Map=0.1693s, Maps update=0.0001s pub=0.0001s (local map=10, WM=10)[0m
[0m[ INFO] [1790435674.569994320, 1790433755.796944905]: rtabmap (400): Rate=1.00s, Limit=0.000s, Conversion=0.0008s, RTAB-Map=0.1576s, Maps update=0.0001s pub=0.0001s (local map=11, WM=11)[0m
[0m[ INFO] [1790435675.569222824, 1790433756.798117750]: rtabmap (401): Rate=1.00s, Limit=0.000s, Conversion=0.0009s, RTAB-Map=0.1480s, Maps update=0.0001s pub=0.0001s (local map=12, WM=12)[0m
[0m[ INFO] [1790435676.584379755, 1790433757.811208226]: rtabmap (402): Rate=1.00s, Limit=0.000s, Conversion=0.0020s, RTAB-Map=0.1668s, Maps update=0.0001s pub=0.0001s (local map=13, WM=13)[0m
[0m[ INFO] [1790435677.667405096, 1790433758.894832710]: rtabmap (403): Rate=1.00s, Limit=0.000s, Conversion=0.0008s, RTAB-Map=0.1649s, Maps update=0.0001s pub=0.0001s (local map=14, WM=14)[0m
Warning: TF_REPEATED_DATA ignoring data with redundant timestamp for frame odom (parent map) at time 1790433759.149265 according to authority unknown_publisher
         at line 278 in /tmp/binarydeb/ros-noetic-tf2-0.7.7/src/buffer_core.cpp
[33m[ WARN] [1790435677.819743987, 1790433759.049265255]: TF_REPEATED_DATA ignoring data with redundant timestamp for frame odom (parent map) at time 1790433759.149265 according to authority unknown_publisher[0m
Warning: TF_REPEATED_DATA ignoring data with redundant timestamp for frame odom (parent map) at time 1790433759.149265 according to authority /rtabmap/rtabmap
         at line 278 in /tmp/binarydeb/ros-noetic-tf2-0.7.7/src/buffer_core.cpp
[0m[ INFO] [1790435678.687337436, 1790433759.911763066]: rtabmap (404): Rate=1.00s, Limit=0.000s, Conversion=0.0022s, RTAB-Map=0.1628s, Maps update=0.0001s pub=0.0001s (local map=15, WM=15)[0m
[0m[ INFO] [1790435679.648866393, 1790433760.869700400]: rtabmap (405): Rate=1.00s, Limit=0.000s, Conversion=0.0014s, RTAB-Map=0.1525s, Maps update=0.0001s pub=0.0001s (local map=16, WM=16)[0m
[0m[ INFO] [1790435680.790235464, 1790433762.018995924]: rtabmap (406): Rate=1.00s, Limit=0.000s, Conversion=0.0012s, RTAB-Map=0.1653s, Maps update=0.0001s pub=0.0001s (local map=16, WM=16)[0m
[0m[ INFO] [1790435681.956371040, 1790433763.181103937]: rtabmap (407): Rate=1.00s, Limit=0.000s, Conversion=0.0015s, RTAB-Map=0.1471s, Maps update=0.0001s pub=0.0001s (local map=16, WM=16)[0m
[0m[ INFO] [1790435682.952099338, 1790433764.175209850]: rtabmap (408): Rate=1.00s, Limit=0.000s, Conversion=0.0008s, RTAB-Map=0.1477s, Maps update=0.0001s pub=0.0001s (local map=16, WM=16)[0m
[0m[ INFO] [1790435684.069576020, 1790433765.292223966]: rtabmap (409): Rate=1.00s, Limit=0.000s, Conversion=0.0013s, RTAB-Map=0.1651s, Maps update=0.0001s pub=0.0001s (local map=16, WM=16)[0m
[0m[ INFO] [1790435685.152020674, 1790433766.381974171]: rtabmap (410): Rate=1.00s, Limit=0.000s, Conversion=0.0014s, RTAB-Map=0.1486s, Maps update=0.0001s pub=0.0001s (local map=16, WM=16)[0m
[0m[ INFO] [1790435686.199503862, 1790433767.425969930]: rtabmap (411): Rate=1.00s, Limit=0.000s, Conversion=0.0013s, RTAB-Map=0.1585s, Maps update=0.0001s pub=0.0001s (local map=17, WM=17)[0m
[0m[ INFO] [1790435687.268400912, 1790433768.495435786]: rtabmap (412): Rate=1.00s, Limit=0.000s, Conversion=0.0016s, RTAB-Map=0.1667s, Maps update=0.0001s pub=0.0001s (local map=18, WM=18)[0m
[0m[ INFO] [1790435688.257162794, 1790433769.482314320]: rtabmap (413): Rate=1.00s, Limit=0.000s, Conversion=0.0015s, RTAB-Map=0.1559s, Maps update=0.0001s pub=0.0001s (local map=19, WM=19)[0m
[0m[ INFO] [1790435689.376333951, 1790433770.604876425]: rtabmap (414): Rate=1.00s, Limit=0.000s, Conversion=0.0021s, RTAB-Map=0.1625s, Maps update=0.0001s pub=0.0001s (local map=20, WM=20)[0m
[0m[ INFO] [1790435690.374440123, 1790433771.602457376]: rtabmap (415): Rate=1.00s, Limit=0.000s, Conversion=0.0014s, RTAB-Map=0.1786s, Maps update=0.0001s pub=0.0001s (local map=21, WM=21)[0m
[0m[ INFO] [1790435691.456965603, 1790433772.679087304]: rtabmap (416): Rate=1.00s, Limit=0.000s, Conversion=0.0013s, RTAB-Map=0.1580s, Maps update=0.0001s pub=0.0001s (local map=22, WM=22)[0m
[0m[ INFO] [1790435692.458669028, 1790433773.688714462]: rtabmap (417): Rate=1.00s, Limit=0.000s, Conversion=0.0022s, RTAB-Map=0.1493s, Maps update=0.0001s pub=0.0001s (local map=23, WM=23)[0m
[0m[ INFO] [1790435693.460912874, 1790433774.681165690]: rtabmap (418): Rate=1.00s, Limit=0.000s, Conversion=0.0009s, RTAB-Map=0.1513s, Maps update=0.0001s pub=0.0001s (local map=24, WM=24)[0m
[0m[ INFO] [1790435694.577495773, 1790433775.804269428]: rtabmap (419): Rate=1.00s, Limit=0.000s, Conversion=0.0022s, RTAB-Map=0.1710s, Maps update=0.0001s pub=0.0001s (local map=25, WM=25)[0m
[0m[ INFO] [1790435695.672992140, 1790433776.894641580]: rtabmap (420): Rate=1.00s, Limit=0.000s, Conversion=0.0012s, RTAB-Map=0.1700s, Maps update=0.0001s pub=0.0001s (local map=26, WM=26)[0m
[0m[ INFO] [1790435696.679157144, 1790433777.906306451]: rtabmap (421): Rate=1.00s, Limit=0.000s, Conversion=0.0016s, RTAB-Map=0.1775s, Maps update=0.0001s pub=0.0001s (local map=27, WM=27)[0m
[0m[ INFO] [1790435697.772758736, 1790433778.995528828]: rtabmap (422): Rate=1.00s, Limit=0.000s, Conversion=0.0013s, RTAB-Map=0.1689s, Maps update=0.0002s pub=0.0002s (local map=28, WM=28)[0m
[0m[ INFO] [1790435698.771836526, 1790433779.994297271]: rtabmap (423): Rate=1.00s, Limit=0.000s, Conversion=0.0011s, RTAB-Map=0.1692s, Maps update=0.0001s pub=0.0001s (local map=29, WM=29)[0m
[0m[ INFO] [1790435699.788708331, 1790433781.015423041]: rtabmap (424): Rate=1.00s, Limit=0.000s, Conversion=0.0013s, RTAB-Map=0.1755s, Maps update=0.0003s pub=0.0001s (local map=30, WM=30)[0m
[0m[ INFO] [1790435700.925991061, 1790433782.148081818]: rtabmap (425): Rate=1.00s, Limit=0.000s, Conversion=0.0013s, RTAB-Map=0.2195s, Maps update=0.0001s pub=0.0001s (local map=31, WM=31)[0m
Warning: Warning: TF_REPEATED_DATA ignoring data with redundant timestamp for frame odom (parent map) at time 1790433782.407111 according to authority /rtabmap/rtabmapTF_REPEATED_DATA ignoring data with redundant timestamp for frame odom (parent map) at time 1790433782.407111 according to authority unknown_publisher

         at line          at line 278278 in  in /tmp/binarydeb/ros-noetic-tf2-0.7.7/src/buffer_core.cpp/tmp/binarydeb/ros-noetic-tf2-0.7.7/src/buffer_core.cpp

[33m[ WARN] [1790435701.079586441, 1790433782.307111080]: TF_REPEATED_DATA ignoring data with redundant timestamp for frame odom (parent map) at time 1790433782.407111 according to authority unknown_publisher[0m
[33m[ WARN] [1790435709.963690479, 1790433791.193273700]: TFFramesWatchdog (base_link): Frame front_left_wheel_link became unreachable. Cause: Lookup would require extrapolation 0.004023902s into the future.  Requested time 1790433791.001799345 but the latest data is at time 1790433790.997775555, when looking up transform from frame [front_left_wheel_link] to frame [base_link]. canTransform returned after 0.181391 timeout was 0.179833.[0m
[31m[ERROR] [1790435709.964314678, 1790433791.193273700]: Missing transform for shape front_left_wheel_link::0 (cylinder)[0m
[33m[ WARN] [1790435716.402374477, 1790433797.631710015]: We are receiving imu data (buffer=1000), but cannot interpolate imu transform at time 1790433797.591428. IMU won't be added to graph.[0m
[0m[ INFO] [1790435701.884494907, 1790433783.113626572]: rtabmap (426): Rate=1.00s, Limit=0.000s, Conversion=0.0009s, RTAB-Map=0.1804s, Maps update=0.0001s pub=0.0001s (local map=32, WM=32)[0m
[0m[ INFO] [1790435702.946366072, 1790433784.174225275]: rtabmap (427): Rate=1.00s, Limit=0.000s, Conversion=0.0017s, RTAB-Map=0.2131s, Maps update=0.0001s pub=0.0001s (local map=33, WM=33)[0m
[0m[ INFO] [1790435704.076071342, 1790433785.304911547]: rtabmap (428): Rate=1.00s, Limit=0.000s, Conversion=0.0013s, RTAB-Map=0.2352s, Maps update=0.0001s pub=0.0001s (local map=34, WM=34)[0m
[0m[ INFO] [1790435705.110429281, 1790433786.334359609]: rtabmap (429): Rate=1.00s, Limit=0.000s, Conversion=0.0008s, RTAB-Map=0.1924s, Maps update=0.0001s pub=0.0001s (local map=35, WM=35)[0m
[0m[ INFO] [1790435706.154130391, 1790433787.382722977]: rtabmap (430): Rate=1.00s, Limit=0.000s, Conversion=0.0009s, RTAB-Map=0.2015s, Maps update=0.0001s pub=0.0001s (local map=36, WM=36)[0m
[0m[ INFO] [1790435707.319364198, 1790433788.549629187]: rtabmap (431): Rate=1.00s, Limit=0.000s, Conversion=0.0011s, RTAB-Map=0.2154s, Maps update=0.0001s pub=0.0001s (local map=37, WM=37)[0m
[0m[ INFO] [1790435708.327087000, 1790433789.551720023]: rtabmap (432): Rate=1.00s, Limit=0.000s, Conversion=0.0013s, RTAB-Map=0.2144s, Maps update=0.0001s pub=0.0001s (local map=38, WM=38)[0m
[0m[ INFO] [1790435709.412825774, 1790433790.636644453]: rtabmap (433): Rate=1.00s, Limit=0.000s, Conversion=0.0018s, RTAB-Map=0.2158s, Maps update=0.0001s pub=0.0001s (local map=39, WM=39)[0m
[0m[ INFO] [1790435710.454824078, 1790433791.674147412]: rtabmap (434): Rate=1.00s, Limit=0.000s, Conversion=0.0009s, RTAB-Map=0.2183s, Maps update=0.0001s pub=0.0001s (local map=40, WM=40)[0m
[0m[ INFO] [1790435711.520294312, 1790433792.743894141]: rtabmap (435): Rate=1.00s, Limit=0.000s, Conversion=0.0013s, RTAB-Map=0.2177s, Maps update=0.0001s pub=0.0001s (local map=41, WM=41)[0m
[0m[ INFO] [1790435712.612226750, 1790433793.833112341]: rtabmap (436): Rate=1.00s, Limit=0.000s, Conversion=0.0013s, RTAB-Map=0.2189s, Maps update=0.0001s pub=0.0001s (local map=42, WM=42)[0m
[0m[ INFO] [1790435713.603536505, 1790433794.832638185]: rtabmap (437): Rate=1.00s, Limit=0.000s, Conversion=0.0009s, RTAB-Map=0.2014s, Maps update=0.0001s pub=0.0001s (local map=43, WM=43)[0m
[0m[ INFO] [1790435714.590614726, 1790433795.814632031]: rtabmap (438): Rate=1.00s, Limit=0.000s, Conversion=0.0008s, RTAB-Map=0.1899s, Maps update=0.0001s pub=0.0001s (local map=44, WM=44)[0m
[0m[ INFO] [1790435715.628137136, 1790433796.855071529]: rtabmap (439): Rate=1.00s, Limit=0.000s, Conversion=0.0014s, RTAB-Map=0.2165s, Maps update=0.0001s pub=0.0001s (local map=45, WM=45)[0m
[33m[ WARN] (2026-09-26 11:15:16.402) Transform.cpp:557::getTransform() No transform found for stamp 1790433797.591428! Latest is 1790433797.580487[0m
[0m[ INFO] [1790435716.589859403, 1790433797.813628833]: rtabmap (440): Rate=1.00s, Limit=0.000s, Conversion=0.0011s, RTAB-Map=0.1870s, Maps update=0.0001s pub=0.0001s (local map=46, WM=46)[0m
[0m[ INFO] [1790435717.793286952, 1790433799.023285186]: rtabmap (441): Rate=1.00s, Limit=0.000s, Conversion=0.0013s, RTAB-Map=0.1980s, Maps update=0.0001s pub=0.0001s (local map=47, WM=47)[0m
[0m[ INFO] [1790435718.849024531, 1790433800.078078850]: rtabmap (442): Rate=1.00s, Limit=0.000s, Conversion=0.0012s, RTAB-Map=0.2040s, Maps update=0.0002s pub=0.0001s (local map=47, WM=47)[0m
[0m[ INFO] [1790435719.905051967, 1790433801.125861750]: rtabmap (443): Rate=1.00s, Limit=0.000s, Conversion=0.0013s, RTAB-Map=0.2027s, Maps update=0.0001s pub=0.0001s (local map=47, WM=47)[0m
[0m[ INFO] [1790435720.925794991, 1790433802.150923604]: rtabmap (444): Rate=1.00s, Limit=0.000s, Conversion=0.0009s, RTAB-Map=0.2091s, Maps update=0.0001s pub=0.0001s (local map=47, WM=47)[0m
[0m[ INFO] [1790435722.006742053, 1790433803.229302542]: rtabmap (445): Rate=1.00s, Limit=0.000s, Conversion=0.0008s, RTAB-Map=0.2041s, Maps update=0.0001s pub=0.0001s (local map=48, WM=48)[0m
Warning: TF_REPEATED_DATA ignoring data with redundant timestamp for frame odom (parent map) at time 1790433803.487630 according to authority unknown_publisher
         at line 278 in /tmp/binarydeb/ros-noetic-tf2-0.7.7/src/buffer_core.cpp
Warning: TF_REPEATED_DATA ignoring data with redundant timestamp for frame odom (parent map) at time 1790433803.487630 according to authority /rtabmap/rtabmap
         at line 278 in /tmp/binarydeb/ros-noetic-tf2-0.7.7/src/buffer_core.cpp
[33m[ WARN] [1790435722.158413121, 1790433803.387629810]: TF_REPEATED_DATA ignoring data with redundant timestamp for frame odom (parent map) at time 1790433803.487630 according to authority unknown_publisher[0m
[0m[ INFO] [1790435723.015927831, 1790433804.245153224]: rtabmap (446): Rate=1.00s, Limit=0.000s, Conversion=0.0013s, RTAB-Map=0.2085s, Maps update=0.0001s pub=0.0001s (local map=49, WM=49)[0m
[0m[ INFO] [1790435724.032705369, 1790433805.256788979]: rtabmap (447): Rate=1.00s, Limit=0.000s, Conversion=0.0008s, RTAB-Map=0.2150s, Maps update=0.0001s pub=0.0001s (local map=49, WM=49)[0m
[0m[ INFO] [1790435725.098690635, 1790433806.319529762]: rtabmap (448): Rate=1.00s, Limit=0.000s, Conversion=0.0019s, RTAB-Map=0.1989s, Maps update=0.0002s pub=0.0001s (local map=49, WM=49)[0m
[0m[ INFO] [1790435726.205919126, 1790433807.435396010]: rtabmap (449): Rate=1.00s, Limit=0.000s, Conversion=0.0013s, RTAB-Map=0.2037s, Maps update=0.0001s pub=0.0001s (local map=49, WM=49)[0m
[0m[ INFO] [1790435727.229433278, 1790433808.454980615]: rtabmap (450): Rate=1.00s, Limit=0.000s, Conversion=0.0015s, RTAB-Map=0.2056s, Maps update=0.0001s pub=0.0001s (local map=49, WM=49)[0m
[0m[ INFO] [1790435728.282063677, 1790433809.504571302]: rtabmap (451): Rate=1.00s, Limit=0.000s, Conversion=0.0008s, RTAB-Map=0.1777s, Maps update=0.0002s pub=0.0001s (local map=49, WM=49)[0m
[0m[ INFO] [1790435729.333299564, 1790433810.554245252]: rtabmap (452): Rate=1.00s, Limit=0.000s, Conversion=0.0016s, RTAB-Map=0.2188s, Maps update=0.0001s pub=0.0001s (local map=49, WM=49)[0m
[0m[ INFO] [1790435730.338038727, 1790433811.565133153]: rtabmap (453): Rate=1.00s, Limit=0.000s, Conversion=0.0012s, RTAB-Map=0.2091s, Maps update=0.0001s pub=0.0001s (local map=49, WM=49)[0m
[0m[ INFO] [1790435731.414287456, 1790433812.635787007]: rtabmap (454): Rate=1.00s, Limit=0.000s, Conversion=0.0020s, RTAB-Map=0.2079s, Maps update=0.0001s pub=0.0001s (local map=49, WM=49)[0m
[0m[ INFO] [1790435732.405448040, 1790433813.628455734]: rtabmap (455): Rate=1.00s, Limit=0.000s, Conversion=0.0013s, RTAB-Map=0.2015s, Maps update=0.0001s pub=0.0001s (local map=49, WM=49)[0m
[0m[ INFO] [1790435733.594224854, 1790433814.818587635]: rtabmap (456): Rate=1.00s, Limit=0.000s, Conversion=0.0014s, RTAB-Map=0.1941s, Maps update=0.0001s pub=0.0001s (local map=49, WM=49)[0m
[0m[ INFO] [1790435734.643607403, 1790433815.868081066]: rtabmap (457): Rate=1.00s, Limit=0.000s, Conversion=0.0013s, RTAB-Map=0.1986s, Maps update=0.0001s pub=0.0001s (local map=49, WM=49)[0m
[0m[ INFO] [1790435735.685367182, 1790433816.909597514]: rtabmap (458): Rate=1.00s, Limit=0.000s, Conversion=0.0014s, RTAB-Map=0.1812s, Maps update=0.0001s pub=0.0001s (local map=49, WM=49)[0m
[0m[ INFO] [1790435736.793100756, 1790433818.021081240]: rtabmap (459): Rate=1.00s, Limit=0.000s, Conversion=0.0008s, RTAB-Map=0.2003s, Maps update=0.0003s pub=0.0001s (local map=49, WM=49)[0m
[0m[ INFO] [1790435737.804747730, 1790433819.029295249]: rtabmap (460): Rate=1.00s, Limit=0.000s, Conversion=0.0015s, RTAB-Map=0.2020s, Maps update=0.0002s pub=0.0001s (local map=49, WM=49)[0m
[0m[ INFO] [1790435738.902918734, 1790433820.129220928]: rtabmap (461): Rate=1.00s, Limit=0.000s, Conversion=0.0008s, RTAB-Map=0.2005s, Maps update=0.0001s pub=0.0001s (local map=49, WM=49)[0m
[0m[ INFO] [1790435739.911520585, 1790433821.139348300]: rtabmap (462): Rate=1.00s, Limit=0.000s, Conversion=0.0020s, RTAB-Map=0.2052s, Maps update=0.0001s pub=0.0001s (local map=49, WM=49)[0m
[0m[ INFO] [1790435740.996209395, 1790433822.222446469]: rtabmap (463): Rate=1.00s, Limit=0.000s, Conversion=0.0008s, RTAB-Map=0.1843s, Maps update=0.0002s pub=0.0001s (local map=49, WM=49)[0m
[0m[ INFO] [1790435741.939480112, 1790433823.160125606]: rtabmap (464): Rate=1.00s, Limit=0.000s, Conversion=0.0019s, RTAB-Map=0.2059s, Maps update=0.0001s pub=0.0001s (local map=49, WM=49)[0m
[0m[ INFO] [1790435743.098733879, 1790433824.323048308]: rtabmap (465): Rate=1.00s, Limit=0.000s, Conversion=0.0010s, RTAB-Map=0.1902s, Maps update=0.0002s pub=0.0001s (local map=49, WM=49)[0m
[0m[ INFO] [1790435744.115586471, 1790433825.343058341]: rtabmap (466): Rate=1.00s, Limit=0.000s, Conversion=0.0013s, RTAB-Map=0.2048s, Maps update=0.0001s pub=0.0001s (local map=49, WM=49)[0m
[0m[ INFO] [1790435745.190983401, 1790433826.413947831]: rtabmap (467): Rate=1.00s, Limit=0.000s, Conversion=0.0008s, RTAB-Map=0.1802s, Maps update=0.0001s pub=0.0001s (local map=49, WM=49)[0m
[0m[ INFO] [1790435746.224634283, 1790433827.452264139]: rtabmap (468): Rate=1.00s, Limit=0.000s, Conversion=0.0026s, RTAB-Map=0.2159s, Maps update=0.0002s pub=0.0001s (local map=49, WM=49)[0m
[0m[ INFO] [1790435747.241006546, 1790433828.461811913]: rtabmap (469): Rate=1.00s, Limit=0.000s, Conversion=0.0015s, RTAB-Map=0.1997s, Maps update=0.0003s pub=0.0001s (local map=49, WM=49)[0m
[0m[ INFO] [1790435748.409749337, 1790433829.638628614]: rtabmap (470): Rate=1.00s, Limit=0.000s, Conversion=0.0019s, RTAB-Map=0.2059s, Maps update=0.0002s pub=0.0001s (local map=49, WM=49)[0m
[0m[ INFO] [1790435749.416715417, 1790433830.640322543]: rtabmap (471): Rate=1.00s, Limit=0.000s, Conversion=0.0013s, RTAB-Map=0.1958s, Maps update=0.0001s pub=0.0001s (local map=49, WM=49)[0m
[0m[ INFO] [1790435750.487986986, 1790433831.710299665]: rtabmap (472): Rate=1.00s, Limit=0.000s, Conversion=0.0014s, RTAB-Map=0.1820s, Maps update=0.0001s pub=0.0001s (local map=49, WM=49)[0m
[0m[ INFO] [1790435751.516363150, 1790433832.741218161]: rtabmap (473): Rate=1.00s, Limit=0.000s, Conversion=0.0015s, RTAB-Map=0.2020s, Maps update=0.0001s pub=0.0001s (local map=49, WM=49)[0m
[0m[ INFO] [1790435752.549957673, 1790433833.771249989]: rtabmap (474): Rate=1.00s, Limit=0.000s, Conversion=0.0019s, RTAB-Map=0.2005s, Maps update=0.0001s pub=0.0001s (local map=49, WM=49)[0m
[0m[ INFO] [1790435753.630646491, 1790433834.858057785]: rtabmap (475): Rate=1.00s, Limit=0.000s, Conversion=0.0013s, RTAB-Map=0.2122s, Maps update=0.0001s pub=0.0001s (local map=49, WM=49)[0m
[0m[ INFO] [1790435754.613990906, 1790433835.836108447]: rtabmap (476): Rate=1.00s, Limit=0.000s, Conversion=0.0016s, RTAB-Map=0.2085s, Maps update=0.0001s pub=0.0001s (local map=49, WM=49)[0m
[0m[ INFO] [1790435755.697078564, 1790433836.918778789]: rtabmap (477): Rate=1.00s, Limit=0.000s, Conversion=0.0012s, RTAB-Map=0.1846s, Maps update=0.0002s pub=0.0001s (local map=49, WM=49)[0m
[0m[ INFO] [1790435756.696735216, 1790433837.917991788]: rtabmap (478): Rate=1.00s, Limit=0.000s, Conversion=0.0014s, RTAB-Map=0.1822s, Maps update=0.0002s pub=0.0001s (local map=49, WM=49)[0m
[0m[ INFO] [1790435757.676978539, 1790433838.903071547]: rtabmap (479): Rate=1.00s, Limit=0.000s, Conversion=0.0013s, RTAB-Map=0.1845s, Maps update=0.0001s pub=0.0001s (local map=49, WM=49)[0m
[0m[ INFO] [1790435758.799195444, 1790433840.024228153]: rtabmap (480): Rate=1.00s, Limit=0.000s, Conversion=0.0017s, RTAB-Map=0.1966s, Maps update=0.0001s pub=0.0001s (local map=49, WM=49)[0m
[0m[ INFO] [1790435759.812602960, 1790433841.038931331]: rtabmap (481): Rate=1.00s, Limit=0.000s, Conversion=0.0012s, RTAB-Map=0.1997s, Maps update=0.0001s pub=0.0001s (local map=49, WM=49)[0m
[0m[ INFO] [1790435760.908665344, 1790433842.129473431]: rtabmap (482): Rate=1.00s, Limit=0.000s, Conversion=0.0013s, RTAB-Map=0.2016s, Maps update=0.0001s pub=0.0001s (local map=49, WM=49)[0m
[0m[ INFO] [1790435761.908148645, 1790433843.131879771]: rtabmap (483): Rate=1.00s, Limit=0.000s, Conversion=0.0008s, RTAB-Map=0.1850s, Maps update=0.0002s pub=0.0001s (local map=49, WM=49)[0m
[0m[ INFO] [1790435763.004577078, 1790433844.226498681]: rtabmap (484): Rate=1.00s, Limit=0.000s, Conversion=0.0020s, RTAB-Map=0.2050s, Maps update=0.0001s pub=0.0001s (local map=49, WM=49)[0m
[0m[ INFO] [1790435764.023502441, 1790433845.247199423]: rtabmap (485): Rate=1.00s, Limit=0.000s, Conversion=0.0014s, RTAB-Map=0.2171s, Maps update=0.0001s pub=0.0001s (local map=49, WM=49)[0m
[0m[ INFO] [1790435765.102497054, 1790433846.323765082]: rtabmap (486): Rate=1.00s, Limit=0.000s, Conversion=0.0020s, RTAB-Map=0.2048s, Maps update=0.0001s pub=0.0001s (local map=49, WM=49)[0m
[0m[ INFO] [1790435766.106795571, 1790433847.336268359]: rtabmap (487): Rate=1.00s, Limit=0.000s, Conversion=0.0013s, RTAB-Map=0.1980s, Maps update=0.0002s pub=0.0001s (local map=49, WM=49)[0m
[[33m[ WARN] [1790435773.860452000, 1790433855.090321753]: TFFramesWatchdog (base_link): Frame front_left_wheel_link became unreachable. Cause: Lookup would require extrapolation 0.002683802s into the future.  Requested time 1790433854.898438215 but the latest data is at time 1790433854.895754576, when looking up transform from frame [front_left_wheel_link] to frame [base_link]. canTransform returned after 0.181795 timeout was 0.179822.[0m
[31m[ERROR] [1790435773.860829092, 1790433855.090321753]: Missing transform for shape front_left_wheel_link::0 (cylinder)[0m
[33m[ WARN] [1790435794.598130212, 1790433875.819649636]: We are receiving imu data (buffer=1000), but cannot interpolate imu transform at time 1790433875.789400. IMU won't be added to graph.[0m
0m[ INFO] [1790435767.118710776, 1790433848.344627238]: rtabmap (488): Rate=1.00s, Limit=0.000s, Conversion=0.0014s, RTAB-Map=0.2016s, Maps update=0.0001s pub=0.0001s (local map=49, WM=49)[0m
[0m[ INFO] [1790435768.126326159, 1790433849.347318024]: rtabmap (489): Rate=1.00s, Limit=0.000s, Conversion=0.0013s, RTAB-Map=0.2053s, Maps update=0.0001s pub=0.0001s (local map=49, WM=49)[0m
[0m[ INFO] [1790435769.213709145, 1790433850.437251789]: rtabmap (490): Rate=1.00s, Limit=0.000s, Conversion=0.0015s, RTAB-Map=0.2064s, Maps update=0.0001s pub=0.0001s (local map=49, WM=49)[0m
[0m[ INFO] [1790435770.286555239, 1790433851.515465621]: rtabmap (491): Rate=1.00s, Limit=0.000s, Conversion=0.0008s, RTAB-Map=0.1821s, Maps update=0.0002s pub=0.0001s (local map=49, WM=49)[0m
[0m[ INFO] [1790435771.408529313, 1790433852.637253005]: rtabmap (492): Rate=1.00s, Limit=0.000s, Conversion=0.0018s, RTAB-Map=0.2025s, Maps update=0.0001s pub=0.0001s (local map=49, WM=49)[0m
[0m[ INFO] [1790435772.409093928, 1790433853.637570385]: rtabmap (493): Rate=1.00s, Limit=0.000s, Conversion=0.0013s, RTAB-Map=0.2039s, Maps update=0.0002s pub=0.0001s (local map=49, WM=49)[0m
[0m[ INFO] [1790435773.409234858, 1790433854.635295577]: rtabmap (494): Rate=1.00s, Limit=0.000s, Conversion=0.0019s, RTAB-Map=0.1954s, Maps update=0.0001s pub=0.0001s (local map=49, WM=49)[0m
[0m[ INFO] [1790435774.453775269, 1790433855.676119565]: rtabmap (495): Rate=1.00s, Limit=0.000s, Conversion=0.0011s, RTAB-Map=0.2009s, Maps update=0.0001s pub=0.0001s (local map=49, WM=49)[0m
[0m[ INFO] [1790435775.625248524, 1790433856.848395900]: rtabmap (496): Rate=1.00s, Limit=0.000s, Conversion=0.0020s, RTAB-Map=0.2130s, Maps update=0.0001s pub=0.0001s (local map=49, WM=49)[0m
[0m[ INFO] [1790435776.617484055, 1790433857.838420015]: rtabmap (497): Rate=1.00s, Limit=0.000s, Conversion=0.0014s, RTAB-Map=0.2052s, Maps update=0.0002s pub=0.0001s (local map=49, WM=49)[0m
[0m[ INFO] [1790435777.729275069, 1790433858.953245559]: rtabmap (498): Rate=1.00s, Limit=0.000s, Conversion=0.0019s, RTAB-Map=0.2116s, Maps update=0.0001s pub=0.0001s (local map=49, WM=49)[0m
[0m[ INFO] [1790435778.697424805, 1790433859.919919566]: rtabmap (499): Rate=1.00s, Limit=0.000s, Conversion=0.0008s, RTAB-Map=0.1888s, Maps update=0.0002s pub=0.0001s (local map=49, WM=49)[0m
[0m[ INFO] [1790435779.808506370, 1790433861.032243321]: rtabmap (500): Rate=1.00s, Limit=0.000s, Conversion=0.0020s, RTAB-Map=0.2027s, Maps update=0.0001s pub=0.0001s (local map=49, WM=49)[0m
[0m[ INFO] [1790435780.902839756, 1790433862.124494188]: rtabmap (501): Rate=1.00s, Limit=0.000s, Conversion=0.0017s, RTAB-Map=0.2039s, Maps update=0.0001s pub=0.0001s (local map=49, WM=49)[0m
[0m[ INFO] [1790435781.939649133, 1790433863.167522352]: rtabmap (502): Rate=1.00s, Limit=0.000s, Conversion=0.0019s, RTAB-Map=0.2061s, Maps update=0.0001s pub=0.0001s (local map=49, WM=49)[0m
[0m[ INFO] [1790435783.014851944, 1790433864.237212081]: rtabmap (503): Rate=1.00s, Limit=0.000s, Conversion=0.0013s, RTAB-Map=0.2081s, Maps update=0.0001s pub=0.0001s (local map=49, WM=49)[0m
[0m[ INFO] [1790435784.010191374, 1790433865.239353726]: rtabmap (504): Rate=1.00s, Limit=0.000s, Conversion=0.0019s, RTAB-Map=0.2007s, Maps update=0.0001s pub=0.0001s (local map=49, WM=49)[0m
[0m[ INFO] [1790435785.189351805, 1790433866.410123380]: rtabmap (505): Rate=1.00s, Limit=0.000s, Conversion=0.0008s, RTAB-Map=0.1882s, Maps update=0.0002s pub=0.0001s (local map=49, WM=49)[0m
[0m[ INFO] [1790435786.282082096, 1790433867.504339447]: rtabmap (506): Rate=1.00s, Limit=0.000s, Conversion=0.0015s, RTAB-Map=0.1907s, Maps update=0.0002s pub=0.0001s (local map=49, WM=49)[0m
[0m[ INFO] [1790435787.322301041, 1790433868.543619470]: rtabmap (507): Rate=1.00s, Limit=0.000s, Conversion=0.0012s, RTAB-Map=0.2019s, Maps update=0.0001s pub=0.0001s (local map=49, WM=49)[0m
[0m[ INFO] [1790435788.381882240, 1790433869.609303135]: rtabmap (508): Rate=1.00s, Limit=0.000s, Conversion=0.0014s, RTAB-Map=0.1831s, Maps update=0.0001s pub=0.0001s (local map=49, WM=49)[0m
[0m[ INFO] [1790435789.488815944, 1790433870.713390568]: rtabmap (509): Rate=1.00s, Limit=0.000s, Conversion=0.0013s, RTAB-Map=0.1843s, Maps update=0.0003s pub=0.0001s (local map=49, WM=49)[0m
[0m[ INFO] [1790435790.579071261, 1790433871.806849663]: rtabmap (510): Rate=1.00s, Limit=0.000s, Conversion=0.0014s, RTAB-Map=0.1798s, Maps update=0.0001s pub=0.0001s (local map=49, WM=49)[0m
[0m[ INFO] [1790435791.580262682, 1790433872.804494742]: rtabmap (511): Rate=1.00s, Limit=0.000s, Conversion=0.0008s, RTAB-Map=0.1878s, Maps update=0.0002s pub=0.0001s (local map=49, WM=49)[0m
[0m[ INFO] [1790435792.604120072, 1790433873.833496251]: rtabmap (512): Rate=1.00s, Limit=0.000s, Conversion=0.0014s, RTAB-Map=0.1981s, Maps update=0.0002s pub=0.0001s (local map=49, WM=49)[0m
[0m[ INFO] [1790435793.726871188, 1790433874.953805581]: rtabmap (513): Rate=1.00s, Limit=0.000s, Conversion=0.0012s, RTAB-Map=0.1978s, Maps update=0.0001s pub=0.0001s (local map=49, WM=49)[0m
[33m[ WARN] (2026-09-26 11:16:34.597) Transform.cpp:557::getTransform() No transform found for stamp 1790433875.789400! Latest is 1790433875.783347[0m
[0m[ INFO] [1790435794.807789793, 1790433876.031740731]: rtabmap (514): Rate=1.00s, Limit=0.000s, Conversion=0.0018s, RTAB-Map=0.2091s, Maps update=0.0002s pub=0.0001s (local map=49, WM=49)[0m
[0m[ INFO] [1790435795.913169042, 1790433877.141182231]: rtabmap (515): Rate=1.00s, Limit=0.000s, Conversion=0.0012s, RTAB-Map=0.2035s, Maps update=0.0001s pub=0.0001s (local map=49, WM=49)[0m
[0m[ INFO] [1790435796.916277087, 1790433878.138177987]: rtabmap (516): Rate=1.00s, Limit=0.000s, Conversion=0.0026s, RTAB-Map=0.2117s, Maps update=0.0003s pub=0.0001s (local map=49, WM=49)[0m
[0m[ INFO] [1790435798.100283445, 1790433879.324470705]: rtabmap (517): Rate=1.00s, Limit=0.000s, Conversion=0.0016s, RTAB-Map=0.1975s, Maps update=0.0001s pub=0.0001s (local map=49, WM=49)[0m
[0m[ INFO] [1790435799.021703641, 1790433880.244111202]: rtabmap (518): Rate=1.00s, Limit=0.000s, Conversion=0.0013s, RTAB-Map=0.1952s, Maps update=0.0001s pub=0.0001s (local map=49, WM=49)[0m
[0m[ INFO] [1790435800.103547787, 1790433881.329005780]: rtabmap (519): Rate=1.00s, Limit=0.000s, Conversion=0.0013s, RTAB-Map=0.1967s, Maps update=0.0001s pub=0.0001s (local map=49, WM=49)[0m
[0m[ INFO] [1790435801.186935725, 1790433882.411993138]: rtabmap (520): Rate=1.00s, Limit=0.000s, Conversion=0.0014s, RTAB-Map=0.1823s, Maps update=0.0001s pub=0.0001s (local map=49, WM=49)[0m
[0m[ INFO] [1790435802.196481370, 1790433883.420861751]: rtabmap (521): Rate=1.00s, Limit=0.000s, Conversion=0.0009s, RTAB-Map=0.1925s, Maps update=0.0001s pub=0.0001s (local map=49, WM=49)[0m
[0m[ INFO] [1790435803.320827406, 1790433884.541242081]: rtabmap (522): Rate=1.00s, Limit=0.000s, Conversion=0.0013s, RTAB-Map=0.2063s, Maps update=0.0001s pub=0.0001s (local map=49, WM=49)[0m
[0m[ INFO] [1790435804.494307085, 1790433885.723955619]: rtabmap (523): Rate=1.00s, Limit=0.000s, Conversion=0.0009s, RTAB-Map=0.1879s, Maps update=0.0002s pub=0.0001s (local map=49, WM=49)[0m
[0m[ INFO] [1790435805.579065177, 1790433886.807685316]: rtabmap (524): Rate=1.00s, Limit=0.000s, Conversion=0.0014s, RTAB-Map=0.1838s, Maps update=0.0002s pub=0.0001s (local map=49, WM=49)[0m
[0m[ INFO] [1790435806.611892923, 1790433887.839450170]: rtabmap (525): Rate=1.00s, Limit=0.000s, Conversion=0.0012s, RTAB-Map=0.2017s, Maps update=0.0001s pub=0.0001s (local map=49, WM=49)[0m
[0m[ INFO] [1790435807.754661199, 1790433888.981280005]: rtabmap (526): Rate=1.00s, Limit=0.000s, Conversion=0.0020s, RTAB-Map=0.2009s, Maps update=0.0001s pub=0.0001s (local map=49, WM=49)[0m
[0m[ INFO] [1790435808.816276258, 1790433890.038275846]: rtabmap (527): Rate=1.00s, Limit=0.000s, Conversion=0.0008s, RTAB-Map=0.1878s, Maps update=0.0002s pub=0.0001s (local map=49, WM=49)[0m
[0m[ INFO] [1790435809.788955040, 1790433891.011056005]: rtabmap (528): Rate=1.00s, Limit=0.000s, Conversion=0.0020s, RTAB-Map=0.1841s, Maps update=0.0002s pub=0.0001s (local map=49, WM=49)[0m
[33m[ WARN] (2026-09-26 11:16:50.703) Transf[33m[ WARN] [1790435810.703997975, 1790433891.930036038]: We are receiving imu data (buffer=1000), but cannot interpolate imu transform at time 1790433891.889784. IMU won't be added to graph.[0m
[33m[ WARN] [1790435843.474362224, 1790433924.704235496]: TFFramesWatchdog (base_link): Frame front_left_wheel_link became unreachable. Cause: Lookup would require extrapolation 0.009326870s into the future.  Requested time 1790433924.502723932 but the latest data is at time 1790433924.493396997, when looking up transform from frame [front_left_wheel_link] to frame [base_link]. canTransform returned after 0.201512 timeout was 0.2.[0m
[31m[ERROR] [1790435843.474964726, 1790433924.704235496]: Missing transform for shape front_left_wheel_link::0 (cylinder)[0m
[33m[ WARN] [1790435852.806521164, 1790433934.035781021]: We are receiving imu data (buffer=1000), but cannot interpolate imu transform at time 1790433933.995487. IMU won't be added to graph.[0m
orm.cpp:557::getTransform() No transform found for stamp 1790433891.889784! Latest is 1790433891.879371[0m
[0m[ INFO] [1790435810.885704103, 1790433892.111145200]: rtabmap (529): Rate=1.00s, Limit=0.000s, Conversion=0.0018s, RTAB-Map=0.1812s, Maps update=0.0002s pub=0.0001s (local map=49, WM=49)[0m
[0m[ INFO] [1790435811.928831858, 1790433893.150215728]: rtabmap (530): Rate=1.00s, Limit=0.000s, Conversion=0.0019s, RTAB-Map=0.2032s, Maps update=0.0001s pub=0.0001s (local map=49, WM=49)[0m
[0m[ INFO] [1790435813.055497814, 1790433894.281960970]: rtabmap (531): Rate=1.00s, Limit=0.000s, Conversion=0.0015s, RTAB-Map=0.2062s, Maps update=0.0001s pub=0.0001s (local map=49, WM=49)[0m
[0m[ INFO] [1790435814.017327741, 1790433895.242225856]: rtabmap (532): Rate=1.00s, Limit=0.000s, Conversion=0.0019s, RTAB-Map=0.2024s, Maps update=0.0001s pub=0.0001s (local map=49, WM=49)[0m
[0m[ INFO] [1790435815.152012500, 1790433896.381554761]: rtabmap (533): Rate=1.00s, Limit=0.000s, Conversion=0.0014s, RTAB-Map=0.1989s, Maps update=0.0001s pub=0.0001s (local map=49, WM=49)[0m
[0m[ INFO] [1790435816.108239453, 1790433897.332698396]: rtabmap (534): Rate=1.00s, Limit=0.000s, Conversion=0.0026s, RTAB-Map=0.2093s, Maps update=0.0003s pub=0.0001s (local map=49, WM=49)[0m
[0m[ INFO] [1790435817.209325357, 1790433898.433318311]: rtabmap (535): Rate=1.00s, Limit=0.000s, Conversion=0.0018s, RTAB-Map=0.2073s, Maps update=0.0001s pub=0.0001s (local map=49, WM=49)[0m
[0m[ INFO] [1790435818.283882305, 1790433899.508078461]: rtabmap (536): Rate=1.00s, Limit=0.000s, Conversion=0.0013s, RTAB-Map=0.1899s, Maps update=0.0002s pub=0.0001s (local map=49, WM=49)[0m
[0m[ INFO] [1790435819.316901434, 1790433900.539771336]: rtabmap (537): Rate=1.00s, Limit=0.000s, Conversion=0.0015s, RTAB-Map=0.2093s, Maps update=0.0001s pub=0.0001s (local map=49, WM=49)[0m
[0m[ INFO] [1790435820.405163422, 1790433901.632033398]: rtabmap (538): Rate=1.00s, Limit=0.000s, Conversion=0.0014s, RTAB-Map=0.2063s, Maps update=0.0001s pub=0.0001s (local map=49, WM=49)[0m
[0m[ INFO] [1790435821.407107306, 1790433902.629907415]: rtabmap (539): Rate=1.00s, Limit=0.000s, Conversion=0.0012s, RTAB-Map=0.1875s, Maps update=0.0001s pub=0.0001s (local map=49, WM=49)[0m
[0m[ INFO] [1790435822.417236141, 1790433903.644605162]: rtabmap (540): Rate=1.00s, Limit=0.000s, Conversion=0.0019s, RTAB-Map=0.1997s, Maps update=0.0001s pub=0.0001s (local map=49, WM=49)[0m
[0m[ INFO] [1790435823.618504609, 1790433904.842228056]: rtabmap (541): Rate=1.00s, Limit=0.000s, Conversion=0.0014s, RTAB-Map=0.1979s, Maps update=0.0001s pub=0.0001s (local map=49, WM=49)[0m
[0m[ INFO] [1790435824.602949521, 1790433905.831276344]: rtabmap (542): Rate=1.00s, Limit=0.000s, Conversion=0.0020s, RTAB-Map=0.2051s, Maps update=0.0002s pub=0.0001s (local map=49, WM=49)[0m
[0m[ INFO] [1790435825.714529928, 1790433906.941439713]: rtabmap (543): Rate=1.00s, Limit=0.000s, Conversion=0.0011s, RTAB-Map=0.2089s, Maps update=0.0002s pub=0.0001s (local map=49, WM=49)[0m
[0m[ INFO] [1790435826.789341496, 1790433908.011538654]: rtabmap (544): Rate=1.00s, Limit=0.000s, Conversion=0.0014s, RTAB-Map=0.1893s, Maps update=0.0001s pub=0.0001s (local map=49, WM=49)[0m
[0m[ INFO] [1790435827.802378357, 1790433909.032010283]: rtabmap (545): Rate=1.00s, Limit=0.000s, Conversion=0.0010s, RTAB-Map=0.1915s, Maps update=0.0003s pub=0.0001s (local map=49, WM=49)[0m
[0m[ INFO] [1790435828.893499504, 1790433910.115034064]: rtabmap (546): Rate=1.00s, Limit=0.000s, Conversion=0.0019s, RTAB-Map=0.1857s, Maps update=0.0001s pub=0.0001s (local map=49, WM=49)[0m
[0m[ INFO] [1790435830.103243224, 1790433911.329649708]: rtabmap (547): Rate=1.00s, Limit=0.000s, Conversion=0.0008s, RTAB-Map=0.1986s, Maps update=0.0002s pub=0.0001s (local map=49, WM=49)[0m
[0m[ INFO] [1790435831.093628034, 1790433912.317533627]: rtabmap (548): Rate=1.00s, Limit=0.000s, Conversion=0.0019s, RTAB-Map=0.1908s, Maps update=0.0001s pub=0.0001s (local map=49, WM=49)[0m
[0m[ INFO] [1790435832.120056202, 1790433913.347609706]: rtabmap (549): Rate=1.00s, Limit=0.000s, Conversion=0.0012s, RTAB-Map=0.2026s, Maps update=0.0001s pub=0.0001s (local map=49, WM=49)[0m
[0m[ INFO] [1790435833.196078017, 1790433914.423876035]: rtabmap (550): Rate=1.00s, Limit=0.000s, Conversion=0.0013s, RTAB-Map=0.1816s, Maps update=0.0002s pub=0.0001s (local map=49, WM=49)[0m
[0m[ INFO] [1790435834.107496832, 1790433915.332285122]: rtabmap (551): Rate=1.00s, Limit=0.000s, Conversion=0.0008s, RTAB-Map=0.1858s, Maps update=0.0001s pub=0.0001s (local map=49, WM=49)[0m
[0m[ INFO] [1790435835.203378920, 1790433916.425809713]: rtabmap (552): Rate=1.00s, Limit=0.000s, Conversion=0.0025s, RTAB-Map=0.1990s, Maps update=0.0002s pub=0.0001s (local map=49, WM=49)[0m
[0m[ INFO] [1790435836.204815587, 1790433917.434427993]: rtabmap (553): Rate=1.00s, Limit=0.000s, Conversion=0.0009s, RTAB-Map=0.1804s, Maps update=0.0001s pub=0.0001s (local map=49, WM=49)[0m
[0m[ INFO] [1790435837.317746975, 1790433918.545217310]: rtabmap (554): Rate=1.00s, Limit=0.000s, Conversion=0.0014s, RTAB-Map=0.2051s, Maps update=0.0001s pub=0.0001s (local map=49, WM=49)[0m
[0m[ INFO] [1790435838.289569629, 1790433919.511049404]: rtabmap (555): Rate=1.00s, Limit=0.000s, Conversion=0.0008s, RTAB-Map=0.1892s, Maps update=0.0001s pub=0.0001s (local map=49, WM=49)[0m
[0m[ INFO] [1790435839.328117120, 1790433920.551175696]: rtabmap (556): Rate=1.00s, Limit=0.000s, Conversion=0.0019s, RTAB-Map=0.2063s, Maps update=0.0001s pub=0.0001s (local map=49, WM=49)[0m
[0m[ INFO] [1790435840.314224565, 1790433921.534970316]: rtabmap (557): Rate=1.00s, Limit=0.000s, Conversion=0.0012s, RTAB-Map=0.2013s, Maps update=0.0001s pub=0.0001s (local map=49, WM=49)[0m
[0m[ INFO] [1790435841.410463484, 1790433922.637371157]: rtabmap (558): Rate=1.00s, Limit=0.000s, Conversion=0.0017s, RTAB-Map=0.2075s, Maps update=0.0001s pub=0.0001s (local map=49, WM=49)[0m
[0m[ INFO] [1790435842.506072795, 1790433923.726870547]: rtabmap (559): Rate=1.00s, Limit=0.000s, Conversion=0.0012s, RTAB-Map=0.2025s, Maps update=0.0001s pub=0.0001s (local map=49, WM=49)[0m
[0m[ INFO] [1790435843.717425864, 1790433924.946106355]: rtabmap (560): Rate=1.00s, Limit=0.000s, Conversion=0.0027s, RTAB-Map=0.2166s, Maps update=0.0001s pub=0.0001s (local map=49, WM=49)[0m
[0m[ INFO] [1790435844.606125390, 1790433925.834852186]: rtabmap (561): Rate=1.00s, Limit=0.000s, Conversion=0.0011s, RTAB-Map=0.1908s, Maps update=0.0002s pub=0.0001s (local map=49, WM=49)[0m
[0m[ INFO] [1790435845.715385691, 1790433926.940684611]: rtabmap (562): Rate=1.00s, Limit=0.000s, Conversion=0.0022s, RTAB-Map=0.2172s, Maps update=0.0003s pub=0.0001s (local map=49, WM=49)[0m
[0m[ INFO] [1790435846.803655145, 1790433928.030628770]: rtabmap (563): Rate=1.00s, Limit=0.000s, Conversion=0.0017s, RTAB-Map=0.2038s, Maps update=0.0001s pub=0.0001s (local map=49, WM=49)[0m
[0m[ INFO] [1790435847.840057838, 1790433929.061925138]: rtabmap (564): Rate=1.00s, Limit=0.000s, Conversion=0.0027s, RTAB-Map=0.2108s, Maps update=0.0001s pub=0.0001s (local map=49, WM=49)[0m
[0m[ INFO] [1790435848.902830635, 1790433930.130747215]: rtabmap (565): Rate=1.00s, Limit=0.000s, Conversion=0.0013s, RTAB-Map=0.1946s, Maps update=0.0002s pub=0.0001s (local map=49, WM=49)[0m
[0m[ INFO] [1790435849.919724128, 1790433931.149334389]: rtabmap (566): Rate=1.00s, Limit=0.000s, Conversion=0.0019s, RTAB-Map=0.2223s, Maps update=0.0002s pub=0.0001s (local map=49, WM=49)[0m
[0m[ INFO] [1790435850.996980405, 1790433932.219291805]: rtabmap (567): Rate=1.00s, Limit=0.000s, Conversion=0.0020s, RTAB-Map=0.1882s, Maps update=0.0002s pub=0.0001s (local map=49, WM=49)[0m
[0m[ INFO] [1790435852.027869212, 1790433933.254167087]: rtabmap (568): Rate=1.00s, Limit=0.000s, Conversion=0.0020s, RTAB-Map=0.1982s, Maps update=0.0001s pub=0.0001s (local map=49, WM=49)[0m
[33m[ WARN] (2026-09-26 11:17:32.806) Transform.cpp:557::getTransform() No transform found for stamp 1790433933.995487! Latest is 1790433933.994549[0m
[0m[ INFO] [1790435852.992506563, 1790433934.217544200]: rtabmap (569): Rate=1.00s, Limit=0.000s, Conversion=0.0017s, RTAB-Map=0[33m[ WARN] [1790435861.314336918, 1790433942.541516498]: We are receiving imu data (buffer=1000), but cannot interpolate imu transform at time 1790433942.500519. IMU won't be added to graph.[0m
[33m[ WARN] [1790435868.713415670, 1790433949.935057079]: We are receiving imu data (buffer=1000), but cannot interpolate imu transform at time 1790433949.894820. IMU won't be added to graph.[0m
[33m[ WARN] [1790435876.198942659, 1790433957.424906610]: We are receiving imu data (buffer=1000), but cannot interpolate imu transform at time 1790433957.383880. IMU won't be added to graph.[0m
[33m[ WARN] [1790435885.496012167, 1790433966.723617799]: We are receiving imu data (buffer=1000), but cannot interpolate imu transform at time 1790433966.692923. IMU won't be added to graph.[0m
.1854s, Maps update=0.0002s pub=0.0001s (local map=49, WM=49)[0m
[0m[ INFO] [1790435854.095686697, 1790433935.317864368]: rtabmap (570): Rate=1.00s, Limit=0.000s, Conversion=0.0013s, RTAB-Map=0.1870s, Maps update=0.0002s pub=0.0001s (local map=49, WM=49)[0m
[0m[ INFO] [1790435855.207038149, 1790433936.429759953]: rtabmap (571): Rate=1.00s, Limit=0.000s, Conversion=0.0014s, RTAB-Map=0.1988s, Maps update=0.0001s pub=0.0001s (local map=49, WM=49)[0m
[0m[ INFO] [1790435856.221563803, 1790433937.449073210]: rtabmap (572): Rate=1.00s, Limit=0.000s, Conversion=0.0019s, RTAB-Map=0.1967s, Maps update=0.0001s pub=0.0001s (local map=49, WM=49)[0m
[0m[ INFO] [1790435857.321612605, 1790433938.549004347]: rtabmap (573): Rate=1.00s, Limit=0.000s, Conversion=0.0013s, RTAB-Map=0.2125s, Maps update=0.0001s pub=0.0001s (local map=49, WM=49)[0m
[0m[ INFO] [1790435858.327069394, 1790433939.553018016]: rtabmap (574): Rate=1.00s, Limit=0.000s, Conversion=0.0017s, RTAB-Map=0.1897s, Maps update=0.0001s pub=0.0001s (local map=49, WM=49)[0m
[0m[ INFO] [1790435859.419454272, 1790433940.644792073]: rtabmap (575): Rate=1.00s, Limit=0.000s, Conversion=0.0013s, RTAB-Map=0.2128s, Maps update=0.0001s pub=0.0001s (local map=49, WM=49)[0m
[0m[ INFO] [1790435860.523995375, 1790433941.753510788]: rtabmap (576): Rate=1.00s, Limit=0.000s, Conversion=0.0019s, RTAB-Map=0.2103s, Maps update=0.0002s pub=0.0001s (local map=49, WM=49)[0m
[33m[ WARN] (2026-09-26 11:17:41.314) Transform.cpp:557::getTransform() No transform found for stamp 1790433942.500519! Latest is 1790433942.499054[0m
[0m[ INFO] [1790435861.493328482, 1790433942.722566836]: rtabmap (577): Rate=1.00s, Limit=0.000s, Conversion=0.0011s, RTAB-Map=0.1783s, Maps update=0.0004s pub=0.0001s (local map=49, WM=49)[0m
[0m[ INFO] [1790435862.611077211, 1790433943.835408505]: rtabmap (578): Rate=1.00s, Limit=0.000s, Conversion=0.0013s, RTAB-Map=0.1981s, Maps update=0.0001s pub=0.0001s (local map=49, WM=49)[0m
[0m[ INFO] [1790435863.710642835, 1790433944.935523222]: rtabmap (579): Rate=1.00s, Limit=0.000s, Conversion=0.0018s, RTAB-Map=0.2080s, Maps update=0.0002s pub=0.0001s (local map=49, WM=49)[0m
[0m[ INFO] [1790435864.734705800, 1790433945.959813774]: rtabmap (580): Rate=1.00s, Limit=0.000s, Conversion=0.0017s, RTAB-Map=0.2067s, Maps update=0.0001s pub=0.0001s (local map=49, WM=49)[0m
[0m[ INFO] [1790435865.700839862, 1790433946.929671683]: rtabmap (581): Rate=1.00s, Limit=0.000s, Conversion=0.0009s, RTAB-Map=0.1879s, Maps update=0.0002s pub=0.0002s (local map=49, WM=49)[0m
[0m[ INFO] [1790435866.796020828, 1790433948.023417498]: rtabmap (582): Rate=1.00s, Limit=0.000s, Conversion=0.0014s, RTAB-Map=0.1887s, Maps update=0.0001s pub=0.0001s (local map=49, WM=49)[0m
[0m[ INFO] [1790435867.828718635, 1790433949.058619555]: rtabmap (583): Rate=1.00s, Limit=0.000s, Conversion=0.0012s, RTAB-Map=0.1977s, Maps update=0.0001s pub=0.0001s (local map=49, WM=49)[0m
[33m[ WARN] (2026-09-26 11:17:48.713) Transform.cpp:557::getTransform() No transform found for stamp 1790433949.894820! Latest is 1790433949.889216[0m
[0m[ INFO] [1790435868.888843740, 1790433950.116421116]: rtabmap (584): Rate=1.00s, Limit=0.000s, Conversion=0.0021s, RTAB-Map=0.1748s, Maps update=0.0002s pub=0.0001s (local map=49, WM=49)[0m
[0m[ INFO] [1790435870.098508094, 1790433951.324598478]: rtabmap (585): Rate=1.00s, Limit=0.000s, Conversion=0.0009s, RTAB-Map=0.1874s, Maps update=0.0002s pub=0.0001s (local map=49, WM=49)[0m
[0m[ INFO] [1790435871.148914566, 1790433952.373820873]: rtabmap (586): Rate=1.00s, Limit=0.000s, Conversion=0.0019s, RTAB-Map=0.2074s, Maps update=0.0001s pub=0.0001s (local map=49, WM=49)[0m
[0m[ INFO] [1790435872.202371597, 1790433953.424126255]: rtabmap (587): Rate=1.00s, Limit=0.000s, Conversion=0.0013s, RTAB-Map=0.2035s, Maps update=0.0001s pub=0.0001s (local map=49, WM=49)[0m
[0m[ INFO] [1790435873.306281003, 1790433954.526693631]: rtabmap (588): Rate=1.00s, Limit=0.000s, Conversion=0.0020s, RTAB-Map=0.2051s, Maps update=0.0001s pub=0.0001s (local map=49, WM=49)[0m
[0m[ INFO] [1790435874.385742597, 1790433955.608635379]: rtabmap (589): Rate=1.00s, Limit=0.000s, Conversion=0.0014s, RTAB-Map=0.1819s, Maps update=0.0002s pub=0.0001s (local map=49, WM=49)[0m
[0m[ INFO] [1790435875.417958152, 1790433956.647328475]: rtabmap (590): Rate=1.00s, Limit=0.000s, Conversion=0.0021s, RTAB-Map=0.2131s, Maps update=0.0001s pub=0.0002s (local map=49, WM=49)[0m
[33m[ WARN] (2026-09-26 11:17:56.198) Transform.cpp:557::getTransform() No transform found for stamp 1790433957.383880! Latest is 1790433957.379394[0m
[0m[ INFO] [1790435876.396399601, 1790433957.619200830]: rtabmap (591): Rate=1.00s, Limit=0.000s, Conversion=0.0017s, RTAB-Map=0.1967s, Maps update=0.0002s pub=0.0001s (local map=49, WM=49)[0m
[0m[ INFO] [1790435877.412945901, 1790433958.639630147]: rtabmap (592): Rate=1.00s, Limit=0.000s, Conversion=0.0017s, RTAB-Map=0.2058s, Maps update=0.0001s pub=0.0001s (local map=49, WM=49)[0m
[0m[ INFO] [1790435878.519591971, 1790433959.742630067]: rtabmap (593): Rate=1.00s, Limit=0.000s, Conversion=0.0009s, RTAB-Map=0.2195s, Maps update=0.0001s pub=0.0001s (local map=49, WM=49)[0m
[0m[ INFO] [1790435879.519966450, 1790433960.742403804]: rtabmap (594): Rate=1.00s, Limit=0.000s, Conversion=0.0014s, RTAB-Map=0.1860s, Maps update=0.0001s pub=0.0001s (local map=49, WM=49)[0m
[0m[ INFO] [1790435880.702948880, 1790433961.923328740]: rtabmap (595): Rate=1.00s, Limit=0.000s, Conversion=0.0016s, RTAB-Map=0.2037s, Maps update=0.0001s pub=0.0001s (local map=49, WM=49)[0m
[0m[ INFO] [1790435881.691626306, 1790433962.920375214]: rtabmap (596): Rate=1.00s, Limit=0.000s, Conversion=0.0020s, RTAB-Map=0.1907s, Maps update=0.0001s pub=0.0001s (local map=49, WM=49)[0m
[0m[ INFO] [1790435882.698637077, 1790433963.921914823]: rtabmap (597): Rate=1.00s, Limit=0.000s, Conversion=0.0009s, RTAB-Map=0.1838s, Maps update=0.0001s pub=0.0001s (local map=49, WM=49)[0m
[0m[ INFO] [1790435883.722450745, 1790433964.943877368]: rtabmap (598): Rate=1.00s, Limit=0.000s, Conversion=0.0020s, RTAB-Map=0.2016s, Maps update=0.0001s pub=0.0001s (local map=49, WM=49)[0m
[0m[ INFO] [1790435884.734900836, 1790433965.957070027]: rtabmap (599): Rate=1.00s, Limit=0.000s, Conversion=0.0012s, RTAB-Map=0.2020s, Maps update=0.0001s pub=0.0001s (local map=49, WM=49)[0m
[33m[ WARN] (2026-09-26 11:18:05.495) Transform.cpp:557::getTransform() No transform found for stamp 1790433966.692923! Latest is 1790433966.692652[0m
[0m[ INFO] [1790435885.671301993, 1790433966.894941855]: rtabmap (600): Rate=1.00s, Limit=0.000s, Conversion=0.0017s, RTAB-Map=0.1746s, Maps update=0.0003s pub=0.0001s (local map=49, WM=49)[0m
[0m[ INFO] [1790435886.751738243, 1790433967.975174167]: rtabmap (601): Rate=1.00s, Limit=0.000s, Conversion=0.0012s, RTAB-Map=0.1988s, Maps update=0.0001s pub=0.0001s (local map=49, WM=49)[0m
[0m[ INFO] [1790435887.817788260, 1790433969.037990166]: rtabmap (602): Rate=1.00s, Limit=0.000s, Conversion=0.0020s, RTAB-Map=0.2022s, Maps update=0.0001s pub=0.0001s (local map=49, WM=49)[0m
[0m[ INFO] [1790435888.898828387, 1790433970.128529402]: rtabmap (603): Rate=1.00s, Limit=0.000s, Conversion=0.0008s, RTAB-Map=0.1847s, Maps update=0.0001s pub=0.0001s (local map=49, WM=49)[0m
[0m[ INFO] [1790435889.910259680, 1790433971.140405659]: rtabmap (604): Rate=1.00s, Limit=0.000s, Conversion=0.0019s, RTAB-Map=0.2043s, Maps update=0.0001s pub=0.0001s (local map=49, WM=49)[0m
[0m[ INFO] [1790435891.017074286, 1790433972.238707759]: rtabmap (605): Rate=1.00s, Limit=0.000s, Conversion=0.0010s, RTAB-Map=0.2004s, Maps update=0.0001s pub=0.0001s (local map=49, WM=49)[0m
[0m[ INFO] [1790435892.107485134, 1790433973.331102692]: rtabmap (606): Rate=1.00s, Limit=0.000s, Conversion=0.0017s, RTAB-Map=0.2017s, Maps update=0.0001s pub=0.0001s (local map=49, WM=49)[0m
[0m[ INFO] [1790435893.123584378, 1790433974.351791744]: rtabmap (607): Rate=1.00s, Limit=0.000s, Conversion=0.0013s, RTAB-Map=0.2026s, Maps update=0.0001s pub=0.0001s (local map=49, WM=49)[0m
[0m[ INFO] [1790435894.144435799, 1790433975.369392891]: rtabmap (608): Rate=1.00s, Limit=0.000s, Conversion=0.0019s, RTAB-Map=0.1908s, Maps update=0.0002s pub=0.0001s (local map=49, WM=49)[0m
[0m[ INFO] [1790435895.121631654, 1790433976.347124495]: rtabmap (609): Rate=1.00s, Limit=0.000s, Conversion=0.0013s, RTAB-Map=0.2190s, Maps update=0.0001s pub=0.0001s (local map=49, WM=49)[0m
[0m[ INFO] [1790435896.207566419, 1790433977.435704601]: rtabmap (610): Rate=1.00s, Limit=0.000s, Conversion=0.0013s, RTAB-Map=0.1882s, Maps update=0.0001s pub=0.0001s (local map=49, WM=49)[0m
Warning: TF_REPEATED_DATA ignoring data with redundant timestamp for frame odom (parent map) at time 1790433978.177434 according to authority unknown_publisher
         at line 278 in /tmp/binarydeb/ros-noetic-tf2-0.7.7/src/buffer_core.cpp
[33m[ WARN] [1790435896.848637720, 1790433978.077433861]: TF_REPEATED_DATA ignoring data with redundant timestamp for frame odom (parent map) at time 1790433978.177434 according to authority unknown_publisher[0m
Warning: TF_REPEATED_DATA ignoring data with redundant timestamp for frame odom (parent map) at time 1790433978.177434 according to authority /rtabmap/rtabmap
         at line 278 in /tmp/binarydeb/ros-noetic-tf2-0.7.7/src/buffer_core.cpp
[33m[ WARN] [1790435934.297022375, 1790434015.519588146]: We are receiving imu data (buffer=1000), but cannot interpolate imu transform at time 1790434015.489356. IMU won't be added to graph.[0m
[0m[ INFO] [1790435897.317372060, 1790433978.545475586]: rtabmap (611): Rate=1.00s, Limit=0.000s, Conversion=0.0012s, RTAB-Map=0.2093s, Maps update=0.0001s pub=0.0001s (local map=49, WM=49)[0m
[0m[ INFO] [1790435898.284882946, 1790433979.505969149]: rtabmap (612): Rate=1.00s, Limit=0.000s, Conversion=0.0014s, RTAB-Map=0.1859s, Maps update=0.0002s pub=0.0001s (local map=49, WM=49)[0m
[0m[ INFO] [1790435899.409962283, 1790433980.634552555]: rtabmap (613): Rate=1.00s, Limit=0.000s, Conversion=0.0013s, RTAB-Map=0.2054s, Maps update=0.0001s pub=0.0001s (local map=49, WM=49)[0m
[0m[ INFO] [1790435900.386456174, 1790433981.611339698]: rtabmap (614): Rate=1.00s, Limit=0.000s, Conversion=0.0013s, RTAB-Map=0.1816s, Maps update=0.0002s pub=0.0001s (local map=49, WM=49)[0m
[0m[ INFO] [1790435901.398643083, 1790433982.622169792]: rtabmap (615): Rate=1.00s, Limit=0.000s, Conversion=0.0009s, RTAB-Map=0.1875s, Maps update=0.0002s pub=0.0001s (local map=49, WM=49)[0m
[0m[ INFO] [1790435902.525215329, 1790433983.752020601]: rtabmap (616): Rate=1.00s, Limit=0.000s, Conversion=0.0019s, RTAB-Map=0.1996s, Maps update=0.0001s pub=0.0001s (local map=49, WM=49)[0m
[0m[ INFO] [1790435903.517893614, 1790433984.742012745]: rtabmap (617): Rate=1.00s, Limit=0.000s, Conversion=0.0013s, RTAB-Map=0.2009s, Maps update=0.0001s pub=0.0001s (local map=49, WM=49)[0m
[0m[ INFO] [1790435904.589414108, 1790433985.812489101]: rtabmap (618): Rate=1.00s, Limit=0.000s, Conversion=0.0015s, RTAB-Map=0.1857s, Maps update=0.0002s pub=0.0001s (local map=49, WM=49)[0m
[0m[ INFO] [1790435905.709808239, 1790433986.931025996]: rtabmap (619): Rate=1.00s, Limit=0.000s, Conversion=0.0012s, RTAB-Map=0.2045s, Maps update=0.0001s pub=0.0001s (local map=49, WM=49)[0m
[0m[ INFO] [1790435906.822852595, 1790433988.051259196]: rtabmap (620): Rate=1.00s, Limit=0.000s, Conversion=0.0020s, RTAB-Map=0.2128s, Maps update=0.0001s pub=0.0001s (local map=49, WM=49)[0m
[0m[ INFO] [1790435907.815279066, 1790433989.045086322]: rtabmap (621): Rate=1.00s, Limit=0.000s, Conversion=0.0013s, RTAB-Map=0.2051s, Maps update=0.0002s pub=0.0001s (local map=49, WM=49)[0m
[0m[ INFO] [1790435908.795318621, 1790433990.015990964]: rtabmap (622): Rate=1.00s, Limit=0.000s, Conversion=0.0016s, RTAB-Map=0.1938s, Maps update=0.0003s pub=0.0001s (local map=49, WM=49)[0m
[0m[ INFO] [1790435909.823622463, 1790433991.049646190]: rtabmap (623): Rate=1.00s, Limit=0.000s, Conversion=0.0013s, RTAB-Map=0.1987s, Maps update=0.0001s pub=0.0001s (local map=49, WM=49)[0m
[0m[ INFO] [1790435910.901281993, 1790433992.129267054]: rtabmap (624): Rate=1.00s, Limit=0.000s, Conversion=0.0020s, RTAB-Map=0.1984s, Maps update=0.0001s pub=0.0001s (local map=49, WM=49)[0m
[0m[ INFO] [1790435911.915049647, 1790433993.143689019]: rtabmap (625): Rate=1.00s, Limit=0.000s, Conversion=0.0012s, RTAB-Map=0.1981s, Maps update=0.0002s pub=0.0001s (local map=49, WM=49)[0m
[0m[ INFO] [1790435912.957635493, 1790433994.182466312]: rtabmap (626): Rate=1.00s, Limit=0.000s, Conversion=0.0013s, RTAB-Map=0.2006s, Maps update=0.0001s pub=0.0001s (local map=49, WM=49)[0m
[0m[ INFO] [1790435914.002134127, 1790433995.229036552]: rtabmap (627): Rate=1.00s, Limit=0.000s, Conversion=0.0008s, RTAB-Map=0.1817s, Maps update=0.0002s pub=0.0001s (local map=49, WM=49)[0m
[0m[ INFO] [1790435915.100410737, 1790433996.320818245]: rtabmap (628): Rate=1.00s, Limit=0.000s, Conversion=0.0020s, RTAB-Map=0.2034s, Maps update=0.0002s pub=0.0001s (local map=49, WM=49)[0m
[0m[ INFO] [1790435916.135393620, 1790433997.363201943]: rtabmap (629): Rate=1.00s, Limit=0.000s, Conversion=0.0013s, RTAB-Map=0.2025s, Maps update=0.0001s pub=0.0001s (local map=50, WM=50)[0m
[0m[ INFO] [1790435917.299169833, 1790433998.524418096]: rtabmap (630): Rate=1.00s, Limit=0.000s, Conversion=0.0019s, RTAB-Map=0.2006s, Maps update=0.0002s pub=0.0001s (local map=50, WM=50)[0m
[0m[ INFO] [1790435918.384492351, 1790433999.611496441]: rtabmap (631): Rate=1.00s, Limit=0.000s, Conversion=0.0014s, RTAB-Map=0.1947s, Maps update=0.0001s pub=0.0001s (local map=50, WM=50)[0m
[0m[ INFO] [1790435919.504408002, 1790434000.734066905]: rtabmap (632): Rate=1.00s, Limit=0.000s, Conversion=0.0012s, RTAB-Map=0.2034s, Maps update=0.0002s pub=0.0001s (local map=50, WM=50)[0m
[0m[ INFO] [1790435920.485976462, 1790434001.706456451]: rtabmap (633): Rate=1.00s, Limit=0.000s, Conversion=0.0014s, RTAB-Map=0.1832s, Maps update=0.0001s pub=0.0001s (local map=50, WM=50)[0m
[0m[ INFO] [1790435921.608476043, 1790434002.831581692]: rtabmap (634): Rate=1.00s, Limit=0.000s, Conversion=0.0020s, RTAB-Map=0.2020s, Maps update=0.0001s pub=0.0001s (local map=51, WM=51)[0m
[0m[ INFO] [1790435922.637301897, 1790434003.861378596]: rtabmap (635): Rate=1.00s, Limit=0.000s, Conversion=0.0010s, RTAB-Map=0.2207s, Maps update=0.0001s pub=0.0001s (local map=52, WM=52)[0m
[0m[ INFO] [1790435923.736693264, 1790434004.960896653]: rtabmap (636): Rate=1.00s, Limit=0.000s, Conversion=0.0019s, RTAB-Map=0.2067s, Maps update=0.0001s pub=0.0001s (local map=52, WM=52)[0m
[0m[ INFO] [1790435924.820380688, 1790434006.050037159]: rtabmap (637): Rate=1.00s, Limit=0.000s, Conversion=0.0013s, RTAB-Map=0.2074s, Maps update=0.0001s pub=0.0001s (local map=52, WM=52)[0m
[0m[ INFO] [1790435925.885983761, 1790434007.110655954]: rtabmap (638): Rate=1.00s, Limit=0.000s, Conversion=0.0015s, RTAB-Map=0.1881s, Maps update=0.0002s pub=0.0001s (local map=52, WM=52)[0m
[0m[ INFO] [1790435926.988472918, 1790434008.215972598]: rtabmap (639): Rate=1.00s, Limit=0.000s, Conversion=0.0013s, RTAB-Map=0.1849s, Maps update=0.0002s pub=0.0001s (local map=52, WM=52)[0m
[0m[ INFO] [1790435928.146605255, 1790434009.366977339]: rtabmap (640): Rate=1.00s, Limit=0.000s, Conversion=0.0020s, RTAB-Map=0.2009s, Maps update=0.0002s pub=0.0001s (local map=52, WM=52)[0m
[0m[ INFO] [1790435929.101383986, 1790434010.329464599]: rtabmap (641): Rate=1.00s, Limit=0.000s, Conversion=0.0008s, RTAB-Map=0.1890s, Maps update=0.0001s pub=0.0001s (local map=52, WM=52)[0m
[0m[ INFO] [1790435930.311582215, 1790434011.539047878]: rtabmap (642): Rate=1.00s, Limit=0.000s, Conversion=0.0020s, RTAB-Map=0.2039s, Maps update=0.0001s pub=0.0001s (local map=52, WM=52)[0m
[0m[ INFO] [1790435931.328694116, 1790434012.549851968]: rtabmap (643): Rate=1.00s, Limit=0.000s, Conversion=0.0012s, RTAB-Map=0.2039s, Maps update=0.0001s pub=0.0001s (local map=52, WM=52)[0m
[0m[ INFO] [1790435932.352344068, 1790434013.581447444]: rtabmap (644): Rate=1.00s, Limit=0.000s, Conversion=0.0019s, RTAB-Map=0.2028s, Maps update=0.0001s pub=0.0001s (local map=52, WM=52)[0m
[0m[ INFO] [1790435933.509595592, 1790434014.731621261]: rtabmap (645): Rate=1.00s, Limit=0.000s, Conversion=0.0014s, RTAB-Map=0.2005s, Maps update=0.0001s pub=0.0001s (local map=52, WM=52)[0m
[33m[ WARN] (2026-09-26 11:18:54.296) Transform.cpp:557::getTransform() No transform found for stamp 1790434015.489356! Latest is 1790434015.483692[0m
[0m[ INFO] [1790435934.487716550, 1790434015.711295580]: rtabmap (646): Rate=1.00s, Limit=0.000s, Conversion=0.0019s, RTAB-Map=0.1901s, Maps update=0.0002s pub=0.0001s (local map=52, WM=52)[0m
[0m[ INFO] [1790435935.605247044, 1790434016.832826404]: rtabmap (647): Rate=1.00s, Limit=0.000s, Conversion=0.0013s, RTAB-Map=0.2006s, Maps update=0.0001s pub=0.0001s (local map=52, WM=52)[0m
[0m[ INFO] [1790435936.610171196, 1790434017.831691676]: rtabmap (648): Rate=1.00s, Limit=0.000s, Conversion=0.0020s, RTAB-Map=0.2042s, Maps update=0.0001s pub=0.0001s (local map=52, WM=52)[0m
[0m[ INFO] [1790435937.719790757, 1790434018.942369936]: rtabmap (649): Rate=1.00s, Limit=0.000s, Conversion=0.0012s, RTAB-Map=0.2136s, Maps update=0.0002s pub=0.0001s (local map=52, WM=52)[0m
[0m[ INFO] [1790435938.819591078, 1790434020.045807447]: rtabmap (650): Rate=1.00s, Limit=0.000s, Conversion=0.0021s, RTAB-Map=0.2092s, Maps update=0.0002s pub=0.0001s (local map=52, WM=52)[0m
[0m[ INFO] [1790435939.786761677, 1790434021.013662406]: rtabmap (651): Rate=1.00s, Limit=0.000s, Conversion=0.0013s, RTAB-Map=0.1859s, Maps update=0.0001s pub=0.0001s (local map=52, WM=52)[0m
[0m[ INFO] [1790435940.914119247, 17904340[33m[ WARN] [1790435968.016628887, 1790434049.238660029]: We are receiving imu data (buffer=1000), but cannot interpolate imu transform at time 1790434049.196008. IMU won't be added to graph.[0m
22.134798918]: rtabmap (652): Rate=1.00s, Limit=0.000s, Conversion=0.0021s, RTAB-Map=0.2032s, Maps update=0.0001s pub=0.0001s (local map=52, WM=52)[0m
[0m[ INFO] [1790435941.930275578, 1790434023.155144478]: rtabmap (653): Rate=1.00s, Limit=0.000s, Conversion=0.0008s, RTAB-Map=0.2139s, Maps update=0.0001s pub=0.0001s (local map=52, WM=52)[0m
[0m[ INFO] [1790435943.022973741, 1790434024.245312342]: rtabmap (654): Rate=1.00s, Limit=0.000s, Conversion=0.0023s, RTAB-Map=0.2050s, Maps update=0.0001s pub=0.0001s (local map=52, WM=52)[0m
[0m[ INFO] [1790435944.125069698, 1790434025.347707118]: rtabmap (655): Rate=1.00s, Limit=0.000s, Conversion=0.0012s, RTAB-Map=0.2099s, Maps update=0.0001s pub=0.0001s (local map=52, WM=52)[0m
[0m[ INFO] [1790435945.086182950, 1790434026.308211691]: rtabmap (656): Rate=1.00s, Limit=0.000s, Conversion=0.0014s, RTAB-Map=0.1886s, Maps update=0.0001s pub=0.0001s (local map=52, WM=52)[0m
[0m[ INFO] [1790435946.110809639, 1790434027.331467839]: rtabmap (657): Rate=1.00s, Limit=0.000s, Conversion=0.0011s, RTAB-Map=0.2045s, Maps update=0.0001s pub=0.0001s (local map=52, WM=52)[0m
[0m[ INFO] [1790435947.102881905, 1790434028.330738932]: rtabmap (658): Rate=1.00s, Limit=0.000s, Conversion=0.0014s, RTAB-Map=0.1871s, Maps update=0.0001s pub=0.0001s (local map=52, WM=52)[0m
[0m[ INFO] [1790435948.209789718, 1790434029.430224619]: rtabmap (659): Rate=1.00s, Limit=0.000s, Conversion=0.0013s, RTAB-Map=0.2015s, Maps update=0.0001s pub=0.0002s (local map=52, WM=52)[0m
[0m[ INFO] [1790435949.229059389, 1790434030.454478535]: rtabmap (660): Rate=1.00s, Limit=0.000s, Conversion=0.0019s, RTAB-Map=0.2035s, Maps update=0.0002s pub=0.0001s (local map=52, WM=52)[0m
[0m[ INFO] [1790435950.215689355, 1790434031.443022281]: rtabmap (661): Rate=1.00s, Limit=0.000s, Conversion=0.0008s, RTAB-Map=0.1912s, Maps update=0.0001s pub=0.0001s (local map=52, WM=52)[0m
[0m[ INFO] [1790435951.311750428, 1790434032.535277841]: rtabmap (662): Rate=1.00s, Limit=0.000s, Conversion=0.0022s, RTAB-Map=0.2067s, Maps update=0.0001s pub=0.0001s (local map=52, WM=52)[0m
[0m[ INFO] [1790435952.300653376, 1790434033.524697723]: rtabmap (663): Rate=1.00s, Limit=0.000s, Conversion=0.0013s, RTAB-Map=0.2020s, Maps update=0.0001s pub=0.0001s (local map=52, WM=52)[0m
[0m[ INFO] [1790435953.395341697, 1790434034.620091299]: rtabmap (664): Rate=1.00s, Limit=0.000s, Conversion=0.0020s, RTAB-Map=0.1896s, Maps update=0.0002s pub=0.0001s (local map=52, WM=52)[0m
[0m[ INFO] [1790435954.422462712, 1790434035.648371398]: rtabmap (665): Rate=1.00s, Limit=0.000s, Conversion=0.0012s, RTAB-Map=0.1856s, Maps update=0.0001s pub=0.0001s (local map=52, WM=52)[0m
[0m[ INFO] [1790435955.410742196, 1790434036.640010534]: rtabmap (666): Rate=1.00s, Limit=0.000s, Conversion=0.0019s, RTAB-Map=0.1987s, Maps update=0.0001s pub=0.0001s (local map=52, WM=52)[0m
[0m[ INFO] [1790435956.506699008, 1790434037.732019080]: rtabmap (667): Rate=1.00s, Limit=0.000s, Conversion=0.0008s, RTAB-Map=0.2036s, Maps update=0.0001s pub=0.0001s (local map=52, WM=52)[0m
[0m[ INFO] [1790435957.585828121, 1790434038.814491717]: rtabmap (668): Rate=1.00s, Limit=0.000s, Conversion=0.0014s, RTAB-Map=0.1853s, Maps update=0.0002s pub=0.0001s (local map=52, WM=52)[0m
[0m[ INFO] [1790435958.710748821, 1790434039.933038397]: rtabmap (669): Rate=1.00s, Limit=0.000s, Conversion=0.0011s, RTAB-Map=0.2085s, Maps update=0.0001s pub=0.0001s (local map=52, WM=52)[0m
[0m[ INFO] [1790435959.722403109, 1790434040.944553100]: rtabmap (670): Rate=1.00s, Limit=0.000s, Conversion=0.0020s, RTAB-Map=0.2005s, Maps update=0.0001s pub=0.0001s (local map=52, WM=52)[0m
[0m[ INFO] [1790435960.785770006, 1790434042.014499811]: rtabmap (671): Rate=1.00s, Limit=0.000s, Conversion=0.0009s, RTAB-Map=0.1944s, Maps update=0.0002s pub=0.0001s (local map=52, WM=52)[0m
[0m[ INFO] [1790435961.819793809, 1790434043.044305521]: rtabmap (672): Rate=1.00s, Limit=0.000s, Conversion=0.0020s, RTAB-Map=0.2086s, Maps update=0.0001s pub=0.0001s (local map=52, WM=52)[0m
[0m[ INFO] [1790435962.804638629, 1790434044.026564329]: rtabmap (673): Rate=1.00s, Limit=0.000s, Conversion=0.0012s, RTAB-Map=0.2022s, Maps update=0.0001s pub=0.0001s (local map=52, WM=52)[0m
[0m[ INFO] [1790435963.999565183, 1790434045.225250443]: rtabmap (674): Rate=1.00s, Limit=0.000s, Conversion=0.0013s, RTAB-Map=0.1814s, Maps update=0.0002s pub=0.0001s (local map=52, WM=52)[0m
[0m[ INFO] [1790435965.106207478, 1790434046.326134565]: rtabmap (675): Rate=1.00s, Limit=0.000s, Conversion=0.0011s, RTAB-Map=0.2024s, Maps update=0.0003s pub=0.0001s (local map=52, WM=52)[0m
[0m[ INFO] [1790435966.112013476, 1790434047.336069343]: rtabmap (676): Rate=1.00s, Limit=0.000s, Conversion=0.0017s, RTAB-Map=0.1999s, Maps update=0.0002s pub=0.0001s (local map=52, WM=52)[0m
[0m[ INFO] [1790435967.188651357, 1790434048.416052955]: rtabmap (677): Rate=1.00s, Limit=0.000s, Conversion=0.0013s, RTAB-Map=0.1907s, Maps update=0.0002s pub=0.0001s (local map=52, WM=52)[0m
[33m[ WARN] (2026-09-26 11:19:28.016) Transform.cpp:557::getTransform() No transform found for stamp 1790434049.196008! Latest is 1790434049.193525[0m
[0m[ INFO] [1790435968.194003910, 1790434049.419865076]: rtabmap (678): Rate=1.00s, Limit=0.000s, Conversion=0.0016s, RTAB-Map=0.1767s, Maps update=0.0002s pub=0.0001s (local map=52, WM=52)[0m
[0m[ INFO] [1790435969.286935305, 1790434050.513876322]: rtabmap (679): Rate=1.00s, Limit=0.000s, Conversion=0.0013s, RTAB-Map=0.1854s, Maps update=0.0002s pub=0.0001s (local map=52, WM=52)[0m
[0m[ INFO] [1790435970.493641595, 1790434051.716935438]: rtabmap (680): Rate=1.00s, Limit=0.000s, Conversion=0.0015s, RTAB-Map=0.1817s, Maps update=0.0001s pub=0.0001s (local map=52, WM=52)[0m
[0m[ INFO] [1790435971.528351831, 1790434052.751057348]: rtabmap (681): Rate=1.00s, Limit=0.000s, Conversion=0.0014s, RTAB-Map=0.2154s, Maps update=0.0001s pub=0.0001s (local map=52, WM=52)[0m
[0m[ INFO] [1790435972.594431485, 1790434053.824170676]: rtabmap (682): Rate=1.00s, Limit=0.000s, Conversion=0.0015s, RTAB-Map=0.2017s, Maps update=0.0002s pub=0.0001s (local map=52, WM=52)[0m
[0m[ INFO] [1790435973.721655463, 1790434054.945042331]: rtabmap (683): Rate=1.00s, Limit=0.000s, Conversion=0.0012s, RTAB-Map=0.2151s, Maps update=0.0001s pub=0.0001s (local map=52, WM=52)[0m
[0m[ INFO] [1790435974.713321723, 1790434055.936506317]: rtabmap (684): Rate=1.00s, Limit=0.000s, Conversion=0.0020s, RTAB-Map=0.2034s, Maps update=0.0001s pub=0.0001s (local map=52, WM=52)[0m
[0m[ INFO] [1790435975.792781068, 1790434057.021944381]: rtabmap (685): Rate=1.00s, Limit=0.000s, Conversion=0.0008s, RTAB-Map=0.1827s, Maps update=0.0002s pub=0.0001s (local map=52, WM=52)[0m
[0m[ INFO] [1790435976.808575133, 1790434058.031156105]: rtabmap (686): Rate=1.00s, Limit=0.000s, Conversion=0.0016s, RTAB-Map=0.1961s, Maps update=0.0001s pub=0.0001s (local map=52, WM=52)[0m
[0m[ INFO] [1790435977.904945663, 1790434059.124272648]: rtabmap (687): Rate=1.00s, Limit=0.000s, Conversion=0.0012s, RTAB-Map=0.1981s, Maps update=0.0002s pub=0.0001s (local map=52, WM=52)[0m
[0m[ INFO] [1790435978.915531896, 1790434060.141950508]: rtabmap (688): Rate=1.00s, Limit=0.000s, Conversion=0.0020s, RTAB-Map=0.2017s, Maps update=0.0001s pub=0.0001s (local map=52, WM=52)[0m
[0m[ INFO] [1790435979.978249910, 1790434061.207855564]: rtabmap (689): Rate=1.00s, Limit=0.000s, Conversion=0.0009s, RTAB-Map=0.1859s, Maps update=0.0002s pub=0.0001s (local map=52, WM=52)[0m
[0m[ INFO] [1790435981.085477832, 1790434062.307031657]: rtabmap (690): Rate=1.00s, Limit=0.000s, Conversion=0.0014s, RTAB-Map=0.1860s, Maps update=0.0001s pub=0.0001s (local map=52, WM=52)[0m
[0m[ INFO] [1790435982.134458772, 1790434063.355864051]: rtabmap (691): Rate=1.00s, Limit=0.000s, Conversion=0.0013s, RTAB-Map=0.2176s, Maps update=0.0001s pub=0.0001s (local map=52, WM=52)[0m
[0m[ INFO] [1790435983.101159516, 1790434064.325052566]: rtabmap (692): Rate=1.00s, Limit=0.000s, Conversion=0.0015s, RTAB-Map=0.1867s, Maps update=0.0002s pub=0.0001s (local map=52, WM=52)[0m
[0m[ INFO] [1790435984.302396203, 1790434065.526041345]: rtabmap (693): Rate=1.00s, L[33m[ WARN] [1790435996.510551105, 1790434077.738609536]: We are receiving imu data (buffer=1000), but cannot interpolate imu transform at time 1790434077.698270. IMU won't be added to graph.[0m
imit=0.000s, Conversion=0.0012s, RTAB-Map=0.2054s, Maps update=0.0001s pub=0.0001s (local map=52, WM=52)[0m
[0m[ INFO] [1790435985.312882655, 1790434066.536820025]: rtabmap (694): Rate=1.00s, Limit=0.000s, Conversion=0.0013s, RTAB-Map=0.1919s, Maps update=0.0002s pub=0.0001s (local map=52, WM=52)[0m
[0m[ INFO] [1790435986.311520470, 1790434067.537598342]: rtabmap (695): Rate=1.00s, Limit=0.000s, Conversion=0.0013s, RTAB-Map=0.2041s, Maps update=0.0001s pub=0.0001s (local map=52, WM=52)[0m
[0m[ INFO] [1790435987.313190060, 1790434068.536481855]: rtabmap (696): Rate=1.00s, Limit=0.000s, Conversion=0.0020s, RTAB-Map=0.2065s, Maps update=0.0001s pub=0.0001s (local map=52, WM=52)[0m
[0m[ INFO] [1790435988.504310445, 1790434069.731159781]: rtabmap (697): Rate=1.00s, Limit=0.000s, Conversion=0.0011s, RTAB-Map=0.1947s, Maps update=0.0002s pub=0.0001s (local map=52, WM=52)[0m
[0m[ INFO] [1790435989.489076400, 1790434070.719423149]: rtabmap (698): Rate=1.00s, Limit=0.000s, Conversion=0.0014s, RTAB-Map=0.1886s, Maps update=0.0001s pub=0.0001s (local map=52, WM=52)[0m
[0m[ INFO] [1790435990.517835425, 1790434071.744542648]: rtabmap (699): Rate=1.00s, Limit=0.000s, Conversion=0.0010s, RTAB-Map=0.2030s, Maps update=0.0001s pub=0.0001s (local map=52, WM=52)[0m
[0m[ INFO] [1790435991.588451563, 1790434072.814660477]: rtabmap (700): Rate=1.00s, Limit=0.000s, Conversion=0.0020s, RTAB-Map=0.1860s, Maps update=0.0002s pub=0.0001s (local map=52, WM=52)[0m
[0m[ INFO] [1790435992.616314546, 1790434073.837511983]: rtabmap (701): Rate=1.00s, Limit=0.000s, Conversion=0.0014s, RTAB-Map=0.1987s, Maps update=0.0001s pub=0.0001s (local map=52, WM=52)[0m
[0m[ INFO] [1790435993.636952940, 1790434074.866785412]: rtabmap (702): Rate=1.00s, Limit=0.000s, Conversion=0.0013s, RTAB-Map=0.1920s, Maps update=0.0002s pub=0.0001s (local map=52, WM=52)[0m
[0m[ INFO] [1790435994.701476064, 1790434075.927665297]: rtabmap (703): Rate=1.00s, Limit=0.000s, Conversion=0.0008s, RTAB-Map=0.1849s, Maps update=0.0001s pub=0.0001s (local map=52, WM=52)[0m
[0m[ INFO] [1790435995.725292646, 1790434076.949268241]: rtabmap (704): Rate=1.00s, Limit=0.000s, Conversion=0.0014s, RTAB-Map=0.1843s, Maps update=0.0001s pub=0.0001s (local map=52, WM=52)[0m
[33m[ WARN] (2026-09-26 11:19:56.510) Transform.cpp:557::getTransform() No transform found for stamp 1790434077.698270! Latest is 1790434077.690327[0m
[0m[ INFO] [1790435996.694264831, 1790434077.919800926]: rtabmap (705): Rate=1.00s, Limit=0.000s, Conversion=0.0012s, RTAB-Map=0.1831s, Maps update=0.0002s pub=0.0001s (local map=52, WM=52)[0m
[0m[ INFO] [1790435997.808571754, 1790434079.029649585]: rtabmap (706): Rate=1.00s, Limit=0.000s, Conversion=0.0019s, RTAB-Map=0.2050s, Maps update=0.0001s pub=0.0001s (local map=52, WM=52)[0m
[0m[ INFO] [1790435998.949892871, 1790434080.171142768]: rtabmap (707): Rate=1.00s, Limit=0.000s, Conversion=0.0012s, RTAB-Map=0.2050s, Maps update=0.0001s pub=0.0001s (local map=52, WM=52)[0m
[0m[ INFO] [1790436000.023031037, 1790434081.249625450]: rtabmap (708): Rate=1.00s, Limit=0.000s, Conversion=0.0020s, RTAB-Map=0.2115s, Maps update=0.0001s pub=0.0001s (local map=52, WM=52)[0m
[0m[ INFO] [1790436001.024634114, 1790434082.249253910]: rtabmap (709): Rate=1.00s, Limit=0.000s, Conversion=0.0013s, RTAB-Map=0.2008s, Maps update=0.0001s pub=0.0001s (local map=52, WM=52)[0m
[0m[ INFO] [1790436002.118451348, 1790434083.339282328]: rtabmap (710): Rate=1.00s, Limit=0.000s, Conversion=0.0020s, RTAB-Map=0.2031s, Maps update=0.0001s pub=0.0001s (local map=52, WM=52)[0m
[0m[ INFO] [1790436003.154199649, 1790434084.381859164]: rtabmap (711): Rate=1.00s, Limit=0.000s, Conversion=0.0012s, RTAB-Map=0.2053s, Maps update=0.0002s pub=0.0001s (local map=52, WM=52)[0m
[0m[ INFO] [1790436004.182003973, 1790434085.404604095]: rtabmap (712): Rate=1.00s, Limit=0.000s, Conversion=0.0014s, RTAB-Map=0.1839s, Maps update=0.0001s pub=0.0001s (local map=52, WM=52)[0m
[0m[ INFO] [1790436005.308292963, 1790434086.536299298]: rtabmap (713): Rate=1.00s, Limit=0.000s, Conversion=0.0013s, RTAB-Map=0.2047s, Maps update=0.0001s pub=0.0001s (local map=52, WM=52)[0m
[0m[ INFO] [1790436006.283870920, 1790434087.513004245]: rtabmap (714): Rate=1.00s, Limit=0.000s, Conversion=0.0019s, RTAB-Map=0.1859s, Maps update=0.0001s pub=0.0001s (local map=52, WM=52)[0m
[0m[ INFO] [1790436007.411297163, 1790434088.637977369]: rtabmap (715): Rate=1.00s, Limit=0.000s, Conversion=0.0013s, RTAB-Map=0.2070s, Maps update=0.0001s pub=0.0001s (local map=52, WM=52)[0m
[0m[ INFO] [1790436008.378877825, 1790434089.605878867]: rtabmap (716): Rate=1.00s, Limit=0.000s, Conversion=0.0014s, RTAB-Map=0.1829s, Maps update=0.0001s pub=0.0001s (local map=52, WM=52)[0m
[0m[ INFO] [1790436009.401349194, 1790434090.625282453]: rtabmap (717): Rate=1.00s, Limit=0.000s, Conversion=0.0013s, RTAB-Map=0.2032s, Maps update=0.0001s pub=0.0001s (local map=52, WM=52)[0m
[0m[ INFO] [1790436010.439792632, 1790434091.663515489]: rtabmap (718): Rate=1.00s, Limit=0.000s, Conversion=0.0013s, RTAB-Map=0.1908s, Maps update=0.0001s pub=0.0001s (local map=52, WM=52)[0m
[0m[ INFO] [1790436011.487553560, 1790434092.713694527]: rtabmap (719): Rate=1.00s, Limit=0.000s, Conversion=0.0011s, RTAB-Map=0.1839s, Maps update=0.0002s pub=0.0001s (local map=52, WM=52)[0m
[0m[ INFO] [1790436012.621143567, 1790434093.842842494]: rtabmap (720): Rate=1.00s, Limit=0.000s, Conversion=0.0019s, RTAB-Map=0.2116s, Maps update=0.0001s pub=0.0001s (local map=52, WM=52)[0m
[0m[ INFO] [1790436013.601895831, 1790434094.825380508]: rtabmap (721): Rate=1.00s, Limit=0.000s, Conversion=0.0008s, RTAB-Map=0.1934s, Maps update=0.0002s pub=0.0001s (local map=52, WM=52)[0m
[0m[ INFO] [1790436014.620563129, 1790434095.844967658]: rtabmap (722): Rate=1.00s, Limit=0.000s, Conversion=0.0021s, RTAB-Map=0.2052s, Maps update=0.0001s pub=0.0001s (local map=52, WM=52)[0m
[0m[ INFO] [1790436015.609493151, 1790434096.836602578]: rtabmap (723): Rate=1.00s, Limit=0.000s, Conversion=0.0012s, RTAB-Map=0.2073s, Maps update=0.0001s pub=0.0001s (local map=52, WM=52)[0m
[0m[ INFO] [1790436016.809351143, 1790434098.038944698]: rtabmap (724): Rate=1.00s, Limit=0.000s, Conversion=0.0016s, RTAB-Map=0.1915s, Maps update=0.0002s pub=0.0001s (local map=52, WM=52)[0m
[0m[ INFO] [1790436017.791616912, 1790434099.016066402]: rtabmap (725): Rate=1.00s, Limit=0.000s, Conversion=0.0009s, RTAB-Map=0.1991s, Maps update=0.0001s pub=0.0001s (local map=52, WM=52)[0m
[0m[ INFO] [1790436018.919130652, 1790434100.145056609]: rtabmap (726): Rate=1.00s, Limit=0.000s, Conversion=0.0017s, RTAB-Map=0.2073s, Maps update=0.0001s pub=0.0001s (local map=52, WM=52)[0m
[0m[ INFO] [1790436019.890196559, 1790434101.117089504]: rtabmap (727): Rate=1.00s, Limit=0.000s, Conversion=0.0008s, RTAB-Map=0.1816s, Maps update=0.0001s pub=0.0001s (local map=52, WM=52)[0m
[0m[ INFO] [1790436020.987314771, 1790434102.214871084]: rtabmap (728): Rate=1.00s, Limit=0.000s, Conversion=0.0014s, RTAB-Map=0.1831s, Maps update=0.0002s pub=0.0001s (local map=52, WM=52)[0m
[0m[ INFO] [1790436022.019291389, 1790434103.242238044]: rtabmap (729): Rate=1.00s, Limit=0.000s, Conversion=0.0008s, RTAB-Map=0.1866s, Maps update=0.0002s pub=0.0002s (local map=52, WM=52)[0m
[0m[ INFO] [1790436022.996309422, 1790434104.225320474]: rtabmap (730): Rate=1.00s, Limit=0.000s, Conversion=0.0014s, RTAB-Map=0.1831s, Maps update=0.0002s pub=0.0001s (local map=52, WM=52)[0m
[0m[ INFO] [1790436024.112455858, 1790434105.336108379]: rtabmap (731): Rate=1.00s, Limit=0.000s, Conversion=0.0008s, RTAB-Map=0.1999s, Maps update=0.0002s pub=0.0001s (local map=52, WM=52)[0m
[0m[ INFO] [1790436025.195098188, 1790434106.416430583]: rtabmap (732): Rate=1.00s, Limit=0.000s, Conversion=0.0014s, RTAB-Map=0.1856s, Maps update=0.0001s pub=0.0001s (local map=52, WM=52)[0m
[0m[ INFO] [1790436026.300050010, 1790434107.523917989]: rtabmap (733): Rate=1.00s, Limit=0.000s, Conversion=0.0008s, RTAB-Map=0.2048s, Maps update=0.0001s pub=0.0001s (local map=52, WM=52)[0m
[0m[ INFO] [1790436027.315806785, 1790434108.539310055]: rtabmap (734): Rate=1.00s, Limit=0.000s, Conversion=0.0020s, RTAB-Map=0[33m[ WARN] [1790436037.597578449, 1790434118.817938320]: We are receiving imu data (buffer=1000), but cannot interpolate imu transform at time 1790434118.797638. IMU won't be added to graph.[0m
.2085s, Maps update=0.0001s pub=0.0001s (local map=52, WM=52)[0m
[0m[ INFO] [1790436028.294632307, 1790434109.519347593]: rtabmap (735): Rate=1.00s, Limit=0.000s, Conversion=0.0009s, RTAB-Map=0.1848s, Maps update=0.0002s pub=0.0001s (local map=52, WM=52)[0m
[0m[ INFO] [1790436029.431399234, 1790434110.660770707]: rtabmap (736): Rate=1.00s, Limit=0.000s, Conversion=0.0021s, RTAB-Map=0.2217s, Maps update=0.0002s pub=0.0001s (local map=52, WM=52)[0m
[0m[ INFO] [1790436030.413406900, 1790434111.641920954]: rtabmap (737): Rate=1.00s, Limit=0.000s, Conversion=0.0013s, RTAB-Map=0.2049s, Maps update=0.0001s pub=0.0001s (local map=52, WM=52)[0m
[0m[ INFO] [1790436031.446738407, 1790434112.671880706]: rtabmap (738): Rate=1.00s, Limit=0.000s, Conversion=0.0013s, RTAB-Map=0.1938s, Maps update=0.0001s pub=0.0001s (local map=52, WM=52)[0m
[0m[ INFO] [1790436032.395327949, 1790434113.622336831]: rtabmap (739): Rate=1.00s, Limit=0.000s, Conversion=0.0009s, RTAB-Map=0.1847s, Maps update=0.0002s pub=0.0001s (local map=52, WM=52)[0m
[0m[ INFO] [1790436033.488633159, 1790434114.713456639]: rtabmap (740): Rate=1.00s, Limit=0.000s, Conversion=0.0020s, RTAB-Map=0.1889s, Maps update=0.0002s pub=0.0001s (local map=52, WM=52)[0m
[0m[ INFO] [1790436034.618610345, 1790434115.842907098]: rtabmap (741): Rate=1.00s, Limit=0.000s, Conversion=0.0011s, RTAB-Map=0.2063s, Maps update=0.0001s pub=0.0001s (local map=52, WM=52)[0m
[0m[ INFO] [1790436035.702004190, 1790434116.924951325]: rtabmap (742): Rate=1.00s, Limit=0.000s, Conversion=0.0020s, RTAB-Map=0.2034s, Maps update=0.0001s pub=0.0001s (local map=52, WM=52)[0m
[0m[ INFO] [1790436036.787572776, 1790434118.009739870]: rtabmap (743): Rate=1.00s, Limit=0.000s, Conversion=0.0013s, RTAB-Map=0.1845s, Maps update=0.0002s pub=0.0001s (local map=52, WM=52)[0m
[33m[ WARN] (2026-09-26 11:20:37.597) Transform.cpp:557::getTransform() No transform found for stamp 1790434118.797638! Latest is 1790434118.785825[0m
[0m[ INFO] [1790436037.796937108, 1790434119.021053922]: rtabmap (744): Rate=1.00s, Limit=0.000s, Conversion=0.0023s, RTAB-Map=0.1988s, Maps update=0.0002s pub=0.0001s (local map=52, WM=52)[0m
[0m[ INFO] [1790436038.904684587, 1790434120.125209325]: rtabmap (745): Rate=1.00s, Limit=0.000s, Conversion=0.0008s, RTAB-Map=0.1882s, Maps update=0.0002s pub=0.0001s (local map=52, WM=52)[0m
[0m[ INFO] [1790436039.994437692, 1790434121.223868237]: rtabmap (746): Rate=1.00s, Limit=0.000s, Conversion=0.0020s, RTAB-Map=0.1938s, Maps update=0.0002s pub=0.0001s (local map=52, WM=52)[0m
[0m[ INFO] [1790436041.090451415, 1790434122.311903108]: rtabmap (747): Rate=1.00s, Limit=0.000s, Conversion=0.0008s, RTAB-Map=0.1904s, Maps update=0.0001s pub=0.0001s (local map=52, WM=52)[0m
[0m[ INFO] [1790436042.090089335, 1790434123.317725969]: rtabmap (748): Rate=1.00s, Limit=0.000s, Conversion=0.0013s, RTAB-Map=0.1875s, Maps update=0.0001s pub=0.0001s (local map=52, WM=52)[0m
[0m[ INFO] [1790436043.197654808, 1790434124.419717293]: rtabmap (749): Rate=1.00s, Limit=0.000s, Conversion=0.0010s, RTAB-Map=0.1917s, Maps update=0.0001s pub=0.0001s (local map=52, WM=52)[0m
[0m[ INFO] [1790436044.221796034, 1790434125.442829738]: rtabmap (750): Rate=1.00s, Limit=0.000s, Conversion=0.0014s, RTAB-Map=0.1927s, Maps update=0.0002s pub=0.0001s (local map=52, WM=52)[0m
[0m[ INFO] [1790436045.304681574, 1790434126.526318230]: rtabmap (751): Rate=1.00s, Limit=0.000s, Conversion=0.0008s, RTAB-Map=0.1960s, Maps update=0.0002s pub=0.0001s (local map=52, WM=52)[0m
[0m[ INFO] [1790436046.513717997, 1790434127.740690816]: rtabmap (752): Rate=1.00s, Limit=0.000s, Conversion=0.0020s, RTAB-Map=0.2034s, Maps update=0.0002s pub=0.0001s (local map=52, WM=52)[0m
[0m[ INFO] [1790436047.510875897, 1790434128.739365214]: rtabmap (753): Rate=1.00s, Limit=0.000s, Conversion=0.0013s, RTAB-Map=0.2027s, Maps update=0.0001s pub=0.0001s (local map=52, WM=52)[0m
[0m[ INFO] [1790436048.525669596, 1790434129.750056494]: rtabmap (754): Rate=1.00s, Limit=0.000s, Conversion=0.0014s, RTAB-Map=0.1846s, Maps update=0.0001s pub=0.0001s (local map=52, WM=52)[0m
[0m[ INFO] [1790436049.597516515, 1790434130.824529526]: rtabmap (755): Rate=1.00s, Limit=0.000s, Conversion=0.0013s, RTAB-Map=0.1884s, Maps update=0.0002s pub=0.0001s (local map=52, WM=52)[0m
[0m[ INFO] [1790436050.783234099, 1790434132.007447235]: rtabmap (756): Rate=1.00s, Limit=0.000s, Conversion=0.0015s, RTAB-Map=0.1878s, Maps update=0.0002s pub=0.0001s (local map=52, WM=52)[0m
[0m[ INFO] [1790436051.886153717, 1790434133.109238839]: rtabmap (757): Rate=1.00s, Limit=0.000s, Conversion=0.0009s, RTAB-Map=0.1865s, Maps update=0.0001s pub=0.0001s (local map=52, WM=52)[0m
[0m[ INFO] [1790436052.910861634, 1790434134.139228806]: rtabmap (758): Rate=1.00s, Limit=0.000s, Conversion=0.0020s, RTAB-Map=0.2076s, Maps update=0.0001s pub=0.0001s (local map=52, WM=52)[0m
[0m[ INFO] [1790436053.979732274, 1790434135.207873107]: rtabmap (759): Rate=1.00s, Limit=0.000s, Conversion=0.0009s, RTAB-Map=0.1847s, Maps update=0.0001s pub=0.0001s (local map=52, WM=52)[0m
[0m[ INFO] [1790436055.052105225, 1790434136.274429986]: rtabmap (760): Rate=1.00s, Limit=0.000s, Conversion=0.0019s, RTAB-Map=0.1986s, Maps update=0.0001s pub=0.0001s (local map=52, WM=52)[0m
[0m[ INFO] [1790436056.088611901, 1790434137.314472865]: rtabmap (761): Rate=1.00s, Limit=0.000s, Conversion=0.0008s, RTAB-Map=0.1827s, Maps update=0.0001s pub=0.0001s (local map=53, WM=53)[0m
Warning: TF_REPEATED_DATA ignoring data with redundant timestamp for frame odom (parent map) at time 1790434137.573960 according to authority unknown_publisher
         at line 278 in /tmp/binarydeb/ros-noetic-tf2-0.7.7/src/buffer_core.cpp
[33m[ WARN] [1790436056.244639092, 1790434137.473959940]: TF_REPEATED_DATA ignoring data with redundant timestamp for frame odom (parent map) at time 1790434137.573960 according to authority unknown_publisher[0m
Warning: TF_REPEATED_DATA ignoring data with redundant timestamp for frame odom (parent map) at time 1790434137.573960 according to authority /rtabmap/rtabmap
         at line 278 in /tmp/binarydeb/ros-noetic-tf2-0.7.7/src/buffer_core.cpp
[33m[ WARN] [1790436069.594697252, 1790434150.822259679]: We are receiving imu data (buffer=1000), but cannot interpolate imu transform at time 1790434150.771902. IMU won't be added to graph.[0m
[0m[ INFO] [1790436057.209476070, 1790434138.434811973]: rtabmap (762): Rate=1.00s, Limit=0.000s, Conversion=0.0013s, RTAB-Map=0.1967s, Maps update=0.0001s pub=0.0001s (local map=54, WM=54)[0m
[0m[ INFO] [1790436058.228943837, 1790434139.453713812]: rtabmap (763): Rate=1.00s, Limit=0.000s, Conversion=0.0020s, RTAB-Map=0.2164s, Maps update=0.0001s pub=0.0001s (local map=54, WM=54)[0m
[0m[ INFO] [1790436059.314683048, 1790434140.535201130]: rtabmap (764): Rate=1.00s, Limit=0.000s, Conversion=0.0020s, RTAB-Map=0.2013s, Maps update=0.0001s pub=0.0001s (local map=54, WM=54)[0m
[0m[ INFO] [1790436060.415894159, 1790434141.637100698]: rtabmap (765): Rate=1.00s, Limit=0.000s, Conversion=0.0013s, RTAB-Map=0.2038s, Maps update=0.0001s pub=0.0001s (local map=54, WM=54)[0m
[0m[ INFO] [1790436061.384334431, 1790434142.609242008]: rtabmap (766): Rate=1.00s, Limit=0.000s, Conversion=0.0014s, RTAB-Map=0.1851s, Maps update=0.0001s pub=0.0001s (local map=54, WM=54)[0m
[0m[ INFO] [1790436062.402192113, 1790434143.630493140]: rtabmap (767): Rate=1.00s, Limit=0.000s, Conversion=0.0019s, RTAB-Map=0.2030s, Maps update=0.0002s pub=0.0001s (local map=54, WM=54)[0m
[0m[ INFO] [1790436063.423055812, 1790434144.651174917]: rtabmap (768): Rate=1.00s, Limit=0.000s, Conversion=0.0019s, RTAB-Map=0.2012s, Maps update=0.0001s pub=0.0001s (local map=54, WM=54)[0m
[0m[ INFO] [1790436064.419803368, 1790434145.640184425]: rtabmap (769): Rate=1.00s, Limit=0.000s, Conversion=0.0014s, RTAB-Map=0.2037s, Maps update=0.0001s pub=0.0001s (local map=54, WM=54)[0m
[0m[ INFO] [1790436065.592675443, 1790434146.818738683]: rtabmap (770): Rate=1.00s, Limit=0.000s, Conversion=0.0016s, RTAB-Map=0.1858s, Maps update=0.0001s pub=0.0001s (local map=54, WM=54)[0m
[0m[ INFO] [1790436066.637166624, 1790434147.857655586]: rtabmap (771): Rate=1.00s, Limit=0.000s, Conversion=0.0013s, RTAB-Map=0.2055s, Maps update=0.0002s pub=0.0001s (local map=54, WM=54)[0m
[0m[ INFO] [1790436067.687920022, 1790434148.909429796]: rtabmap (772): Rate=1.00s, Limit=0.000s, Conversion=0.0018s, RTAB-Map=0.1855s, Maps update=0.0002s pub=0.0001s (local map=54, WM=54)[0m
[0m[ INFO] [1790436068.777670475, 1790434150.002677669]: rtabmap (773): Rate=1.00s, Limit=0.000s, Conversion=0.0012s, RTAB-Map=0.2126s, Maps update=0.0003s pub=0.0001s (local map=54, WM=54)[0m
[33m[ WARN] (2026-09-26 11:21:09.594) Transform.cpp:557::getTransform() No transform found for stamp 1790434150.771902! Latest is 1790434150.769710[0m
[0m[ INFO] [1790436069.791126410, 1790434151.014744403]: rtabmap (774): Rate=1.00s, Limit=0.000s, Conversion=0.0017s, RTAB-Map=0.1958s, Maps update=0.0002s pub=0.0001s (local map=54, WM=54)[0m
[0m[ INFO] [1790436070.802532971, 1790434152.025297097]: rtabmap (775): Rate=1.00s, Limit=0.000s, Conversion=0.0008s, RTAB-Map=0.1821s, Maps update=0.0001s pub=0.0001s (local map=54, WM=54)[0m
[0m[ INFO] [1790436071.833274072, 1790434153.054205855]: rtabmap (776): Rate=1.00s, Limit=0.000s, Conversion=0.0020s, RTAB-Map=0.2032s, Maps update=0.0001s pub=0.0001s (local map=54, WM=54)[0m
[0m[ INFO] [1790436072.790352655, 1790434154.017676071]: rtabmap (777): Rate=1.00s, Limit=0.000s, Conversion=0.0009s, RTAB-Map=0.1941s, Maps update=0.0002s pub=0.0001s (local map=55, WM=55)[0m
[0m[ INFO] [1790436073.995787689, 1790434155.226052357]: rtabmap (778): Rate=1.00s, Limit=0.000s, Conversion=0.0008s, RTAB-Map=0.1949s, Maps update=0.0001s pub=0.0001s (local map=56, WM=56)[0m
[0m[ INFO] [1790436075.028671108, 1790434156.255156657]: rtabmap (779): Rate=1.00s, Limit=0.000s, Conversion=0.0014s, RTAB-Map=0.2146s, Maps update=0.0001s pub=0.0001s (local map=56, WM=56)[0m
[0m[ INFO] [1790436076.007743329, 1790434157.234618451]: rtabmap (780): Rate=1.00s, Limit=0.000s, Conversion=0.0019s, RTAB-Map=0.2016s, Maps update=0.0001s pub=0.0001s (local map=56, WM=56)[0m
[0m[ INFO] [1790436077.026500933, 1790434158.253142996]: rtabmap (781): Rate=1.00s, Limit=0.000s, Conversion=0.0020s, RTAB-Map=0.2087s, Maps update=0.0002s pub=0.0001s (local map=56, WM=56)[0m
[0m[ INFO] [1790436078.121735864, 1790434159.343406633]: rtabmap (782): Rate=1.00s, Limit=0.000s, Conversion=0.0017s, RTAB-Map=0.2074s, Maps update=0.0001s pub=0.0001s (local map=56, WM=56)[0m
[0m[ INFO] [1790436079.201775850, 1790434160.423128983]: rtabmap (783): Rate=1.00s, Limit=0.000s, Conversion=0.0019s, RTAB-Map=0.1958s, Maps update=0.0001s pub=0.0001s (local map=57, WM=57)[0m
[0m[ INFO] [1790436080.241942635, 1790434161.462475566]: rtabmap (784): Rate=1.00s, Limit=0.000s, Conversion=0.0020s, RTAB-Map=0.2283s, Maps update=0.0001s pub=0.0001s (local map=57, WM=57)[0m
[0m[ INFO] [1790436081.389422326, 1790434162.615406781]: rtabmap (785): Rate=1.00s, Limit=0.000s, Conversion=0.0013s, RTAB-Map=0.1808s, Maps update=0.0001s pub=0.0001s (local map=57, WM=57)[0m
[0m[ INFO] [1790436082.433969252, 1790434163.664036029]: rtabmap (786): Rate=1.00s, Limit=0.000s, Conversion=0.0020s, RTAB-Map=0.1963s, Maps update=0.0002s pub=0.0001s (local map=57, WM=57)[0m
[0m[ INFO] [1790436083.503121535, 1790434164.726241954]: rtabmap (787): Rate=1.00s, Limit=0.000s, Conversion=0.0013s, RTAB-Map=0.2014s, Maps update=0.0002s pub=0.0001s (local map=57, WM=57)[0m
[0m[ INFO] [1790436084.545783085, 1790434165.767904388]: rtabmap (788): Rate=1.00s, Limit=0.000s, Conversion=0.0019s, RTAB-Map=0.2121s, Maps update=0.0001s pub=0.0001s (local map=57, WM=57)[0m
[0m[ INFO] [1790436085.505181044, 1790434166.726056700]: rtabmap (789): Rate=1.00s, Limit=0.000s, Conversion=0.0014s, RTAB-Map=0.1989s, Maps update=0.0002s pub=0.0001s (local map=57, WM=57)[0m
[0m[ INFO] [1790436086.521846459, 1790434167.748282119]: rtabmap (790): Rate=1.00s, Limit=0.000s, Conversion=0.0014s, RTAB-Map=0.2052s, Maps update=0.0002s pub=0.0001s (local map=57, WM=57)[0m
[0m[ INFO] [1790436087.592760314, 1790434168.820881756]: rtabmap (791): Rate=1.00s, Limit=0.000s, Conversion=0.0012s, RTAB-Map=0.1896s, Maps update=0.0002s pub=0.0001s (local map=57, WM=57)[0m
[0m[ INFO] [1790436088.603728979, 1790434169.823977779]: rtabmap (792): Rate=1.00s, Limit=0.000s, Conversion=0.0013s, RTAB-Map=0.1932s, Maps update=0.0002s pub=0.0001s (local map=57, WM=57)[0m
[0m[ INFO] [1790436089.706347089, 1790434170.932794654]: rtabmap (793): Rate=1.00s, Limit=0.000s, Conversion=0.0020s, RTAB-Map=0.2022s, Maps update=0.0001s pub=0.0001s (local map=57, WM=57)[0m
[0m[ INFO] [1790436090.680387162, 1790434171.904185254]: rtabmap (794): Rate=1.00s, Limit=0.000s, Conversion=0.0014s, RTAB-Map=0.1789s, Maps update=0.0001s pub=0.0001s (local map=57, WM=57)[0m
[0m[ INFO] [1790436091.724609537, 1790434172.952985701]: rtabmap (795): Rate=1.00s, Limit=0.000s, Conversion=0.0012s, RTAB-Map=0.2009s, Maps update=0.0002s pub=0.0001s (local map=57, WM=57)[0m
[0m[ INFO] [1790436092.790578607, 1790434174.011817852]: rtabmap (796): Rate=1.00s, Limit=0.000s, Conversion=0.0014s, RTAB-Map=0.1844s, Maps update=0.0001s pub=0.0001s (local map=57, WM=57)[0m
[0m[ INFO] [1790436093.889723794, 1790434175.111456517]: rtabmap (797): Rate=1.00s, Limit=0.000s, Conversion=0.0009s, RTAB-Map=0.1865s, Maps update=0.0001s pub=0.0001s (local map=57, WM=57)[0m
[0m[ INFO] [1790436094.933558536, 1790434176.163125947]: rtabmap (798): Rate=1.00s, Limit=0.000s, Conversion=0.0020s, RTAB-Map=0.2173s, Maps update=0.0002s pub=0.0001s (local map=57, WM=57)[0m
[0m[ INFO] [1790436095.936517954, 1790434177.166082741]: rtabmap (799): Rate=1.00s, Limit=0.000s, Conversion=0.0013s, RTAB-Map=0.1995s, Maps update=0.0002s pub=0.0001s (local map=57, WM=57)[0m
[0m[ INFO] [1790436097.061146706, 1790434178.288992720]: rtabmap (800): Rate=1.00s, Limit=0.000s, Conversion=0.0019s, RTAB-Map=0.2076s, Maps update=0.0001s pub=0.0001s (local map=57, WM=57)[0m
[0m[ INFO] [1790436098.105726949, 1790434179.326356074]: rtabmap (801): Rate=1.00s, Limit=0.000s, Conversion=0.0018s, RTAB-Map=0.2016s, Maps update=0.0003s pub=0.0001s (local map=57, WM=57)[0m
[0m[ INFO] [1790436099.124039025, 1790434180.351644940]: rtabmap (802): Rate=1.00s, Limit=0.000s, Conversion=0.0018s, RTAB-Map=0.2066s, Maps update=0.0001s pub=0.0001s (local map=57, WM=57)[0m
[0m[ INFO] [1790436100.304254559, 1790434181.533143529]: rtabmap (803): Rate=1.00s, Limit=0.000s, Conversion=0.0017s, RTAB-Map=0.1988s, Maps update=0.0002s pub=0.0001s (local map=57, WM=57)[0m
[0m[ INFO] [1790436101.390000383, 1790434182.616319882]: rtabmap (804): Rate=1.00s, Limit=0.000s, Conversion=0.0014s, RTAB-Map=0.1889s, Maps update=0.0002s pub=0.0001s (local map=57, WM=57)[0m
[0m[ INFO] [1790436102.387199483, 1790434183.616424650]: rtabmap (805): Rate=1.00s, Limit=0.000s, Conversion=0.0008s, RTAB-Map=0.1808s, Maps update=0.0002s pub=0.0001s (local map=57, WM=57)[0m
[0m[ INFO] [1790436103.433071178, 1790434184.657416189]: rtabmap (806): Rate=1.00s, Limit=0.000s, Conversion=0.0019s, RTAB-Map=0.1955s, Maps update=0.0001s pub=0.0001s (local map=57, WM=57)[0m
[0m[ INFO] [1790436104.390166418, 1790434185.619441634]: rtabmap (807): Rate=1.00s, Limit=0.000s, Conversion=0.0009s, RTAB-Map=0.1833s, Maps update=0.0002s pub=0.0001s (local map=57, WM=57)[0m
[0m[ INFO] [1790436105.447247331, 1790434186.668841588]: rtabmap (808): Rate=1.00s, Limit=0.000s, Conversion=0.0017s, RTAB-Map=0.1978s, Maps update=0.0002s pub=0.0001s (local map=57, WM=57)[0m
[0m[ INFO] [1790436106.517765236, 1790434187.739254724]: rtabmap (809): Rate=1.00s, Limit=0.000s, Conversion=0.0019s, RTAB-Map=0.1962s, Maps update=0.0001s pub=0.0001s (local map=57, WM=57)[0m
[0m[ INFO] [1790436107.516269839, 1790434188.738739083]: rtabmap (810): Rate=1.00s, Limit=0.000s, Conversion=0.0008s, RTAB-Map=0.1833s, Maps update=0.0001s pub=0.0001s (local map=57, WM=57)[0m
[0m[ INFO] [1790436108.593289608, 1790434189.819291951]: rtabmap (811): Rate=1.00s, Limit=0.000s, Conversion=0.0015s, RTAB-Map=0.1829s, Maps update=0.0001s pub=0.0001s (local map=57, WM=57)[0m
[0m[ INFO] [1790436109.603061701, 1790434190.830271483]: rtabmap (812): Rate=1.00s, Limit=0.000s, Conversion=0.0021s, RTAB-Map=0.2043s, Maps update=0.0001s pub=0.0001s (local map=57, WM=57)[0m
[0m[ INFO] [1790436110.613567879, 1790434191.838682020]: rtabmap (813): Rate=1.00s, Limit=0.000s, Conversion=0.0013s, RTAB-Map=0.2006s, Maps update=0.0001s pub=0.0001s (local map=57, WM=57)[0m
[0m[ INFO] [1790436111.591547287, 1790434192.820675333]: rtabmap (814): Rate=1.00s, Limit=0.000s, Conversion=0.0008s, RTAB-Map=0.1844s, Maps update=0.0002s pub=0.0001s (local map=57, WM=57)[0m
[0m[ INFO] [1790436112.708297160, 1790434193.930786180]: rtabmap (815): Rate=1.00s, Limit=0.000s, Conversion=0.0017s, RTAB-Map=0.2071s, Maps update=0.0003s pub=0.0001s (local map=57, WM=57)[0m
[0m[ INFO] [1790436113.788569077, 1790434195.010179271]: rtabmap (816): Rate=1.00s, Limit=0.000s, Conversion=0.0008s, RTAB-Map=0.1853s, Maps update=0.0002s pub=0.0001s (local map=57, WM=57)[0m
[0m[ INFO] [1790436114.827151584, 1790434196.048272044]: rtabmap (817): Rate=1.00s, Limit=0.000s, Conversion=0.0019s, RTAB-Map=0.2016s, Maps update=0.0001s pub=0.0001s (local map=57, WM=57)[0m
[0m[ INFO] [1790436115.911173780, 1790434197.138601965]: rtabmap (818): Rate=1.00s, Limit=0.000s, Conversion=0.0014s, RTAB-Map=0.2005s, Maps update=0.0002s pub=0.0001s (local map=57, WM=57)[0m
[0m[ INFO] [1790436116.992898215, 1790434198.220518371]: rtabmap (819): Rate=1.00s, Limit=0.000s, Conversion=0.0010s, RTAB-Map=0.1845s, Maps update=0.0002s pub=0.0001s (local map=57, WM=57)[0m
[0m[ INFO] [1790436118.016459951, 1790434199.240454398]: rtabmap (820): Rate=1.00s, Limit=0.000s, Conversion=0.0020s, RTAB-Map=0.2010s, Maps update=0.0001s pub=0.0001s (local map=57, WM=57)[0m
[0m[ INFO] [1790436119.019666074, 1790434200.242022869]: rtabmap (821): Rate=1.00s, Limit=0.000s, Conversion=0.0013s, RTAB-Map=0.1828s, Maps update=0.0001s pub=0.0001s (local map=57, WM=57)[0m
[0m[ INFO] [1790436120.221694688, 1790434201.451651576]: rtabmap (822): Rate=1.00s, Limit=0.000s, Conversion=0.0014s, RTAB-Map=0.2099s, Maps update=0.0001s pub=0.0001s (local map=57, WM=57)[0m
[0m[ INFO] [1790436121.226742906, 1790434202.451524659]: rtabmap (823): Rate=1.00s, Limit=0.000s, Conversion=0.0014s, RTAB-Map=0.2053s, Maps update=0.0001s pub=0.0001s (local map=57, WM=57)[0m
[0m[ INFO] [1790436122.224539544, 1790434203.448855147]: rtabmap (824): Rate=1.00s, Limit=0.000s, Conversion=0.0021s, RTAB-Map=0.2074s, Maps update=0.0002s pub=0.0001s (local map=57, WM=57)[0m
[0m[ INFO] [1790436123.255510888, 1790434204.480074718]: rtabmap (825): Rate=1.00s, Limit=0.000s, Conversion=0.0012s, RTAB-Map=0.1826s, Maps update=0.0001s pub=0.0001s (local map=57, WM=57)[0m
[0m[ INFO] [1790436124.392548610, 1790434205.620272799]: rtabmap (826): Rate=1.00s, Limit=0.000s, Conversion=0.0009s, RTAB-Map=0.1884s, Maps update=0.0002s pub=0.0001s (local map=57, WM=57)[0m
[0m[ INFO] [1790436125.406841332, 1790434206.632608312]: rtabmap (827): Rate=1.00s, Limit=0.000s, Conversion=0.0013s, RTAB-Map=0.1817s, Maps update=0.0002s pub=0.0001s (local map=57, WM=57)[0m
[0m[ INFO] [1790436126.514655521, 1790434207.738891877]: rtabmap (828): Rate=1.00s, Limit=0.000s, Conversion=0.0019s, RTAB-Map=0.2003s, Maps update=0.0002s pub=0.0001s (local map=57, WM=57)[0m
[0m[ INFO] [1790436127.509830630, 1790434208.739756508]: rtabmap (829): Rate=1.00s, Limit=0.000s, Conversion=0.0021s, RTAB-Map=0.2032s, Maps update=0.0002s pub=0.0001s (local map=57, WM=57)[0m
[0m[ INFO] [1790436128.559554671, 1790434209.782087451]: rtabmap (830): Rate=1.00s, Limit=0.000s, Conversion=0.0011s, RTAB-Map=0.2029s, Maps update=0.0001s pub=0.0001s (local map=57, WM=57)[0m
[0m[ INFO] [1790436129.512450824, 1790434210.734400044]: rtabmap (831): Rate=1.00s, Limit=0.000s, Conversion=0.0020s, RTAB-Map=0.1984s, Maps update=0.0001s pub=0.0001s (local map=57, WM=57)[0m
[0m[ INFO] [1790436130.599789436, 1790434211.825126544]: rtabmap (832): Rate=1.00s, Limit=0.000s, Conversion=0.0008s, RTAB-Map=0.2037s, Maps update=0.0002s pub=0.0001s (local map=57, WM=57)[0m
[0m[ INFO] [1790436131.607777433, 1790434212.836990437]: rtabmap (833): Rate=1.00s, Limit=0.000s, Conversion=0.0019s, RTAB-Map=0.1982s, Maps update=0.0001s pub=0.0001s (local map=57, WM=57)[0m
[0m[ INFO] [1790436132.601760775, 1790434213.829611871]: rtabmap (834): Rate=1.00s, Limit=0.000s, Conversion=0.0016s, RTAB-Map=0.1838s, Maps update=0.0002s pub=0.0001s (local map=57, WM=57)[0m
[0m[ INFO] [1790436133.681406772, 1790434214.908448449]: rtabmap (835): Rate=1.00s, Limit=0.000s, Conversion=0.0016s, RTAB-Map=0.1820s, Maps update=0.0003s pub=0.0001s (local map=57, WM=57)[0m
[0m[ INFO] [1790436134.707837762, 1790434215.930841941]: rtabmap (836): Rate=1.00s, Limit=0.000s, Conversion=0.0014s, RTAB-Map=0.1837s, Maps update=0.0001s pub=0.0001s (local map=57, WM=57)[0m
[0m[ INFO] [1790436135.753130037, 1790434216.979466263]: rtabmap (837): Rate=1.00s, Limit=0.000s, Conversion=0.0019s, RTAB-Map=0.1996s, Maps update=0.0001s pub=0.0001s (local map=57, WM=57)[0m
[0m[ INFO] [1790436136.698615282, 1790434217.921532708]: rtabmap (838): Rate=1.00s, Limit=0.000s, Conversion=0.0009s, RTAB-Map=0.1974s, Maps update=0.0002s pub=0.0001s (local map=57, WM=57)[0m
[0m[ INFO] [1790436137.790330186, 1790434219.020006428]: rtabmap (839): Rate=1.00s, Limit=0.000s, Conversion=0.0016s, RTAB-Map=0.1894s, Maps update=0.0001s pub=0.0001s (local map=57, WM=57)[0m
[0m[ INFO] [1790436138.819929318, 1790434220.042359761]: rtabmap (840): Rate=1.00s, Limit=0.000s, Conversion=0.0013s, RTAB-Map=0.2113s, Maps update=0.0002s pub=0.0001s (local map=57, WM=57)[0m
[0m[ INFO] [1790436139.826976474, 1790434221.049982861]: rtabmap (841): Rate=1.00s, Limit=0.000s, Conversion=0.0008s, RTAB-Map=0.1864s, Maps update=0.0002s pub=0.0001s (local map=57, WM=57)[0m
[0m[ INFO] [1790436140.895493936, 1790434222.121504462]: rtabmap (842): Rate=1.00s, Limit=0.000s, Conversion=0.0014s, RTAB-Map=0.1844s, Maps update=0.0001s pub=0.0001s (local map=57, WM=57)[0m
[0m[ INFO] [1790436141.993085946, 1790434223.221198870]: rtabmap (843): Rate=1.00s, Limit=0.000s, Conversion=0.0013s, RTAB-Map=0.1820s, Maps update=0.0001s pub=0.0001s (local map=57, WM=57)[0m
[0m[ INFO] [1790436143.042079466, 1790434224.264598807]: rtabmap (844): Rate=1.00s, Limit=0.000s, Conversion=0.0019s, RTAB-Map=0.2006s, Maps update=0.0001s pub=0.0001s (local map=57, WM=57)[0m
[0m[ INFO] [1790436144.128067135, 1790434225[33m[ WARN] [1790436146.107867915, 1790434227.333673351]: We are receiving imu data (buffer=1000), but cannot interpolate imu transform at time 1790434227.293379. IMU won't be added to graph.[0m
.354848072]: rtabmap (845): Rate=1.00s, Limit=0.000s, Conversion=0.0018s, RTAB-Map=0.2066s, Maps update=0.0001s pub=0.0001s (local map=57, WM=57)[0m
[0m[ INFO] [1790436145.222481602, 1790434226.447014092]: rtabmap (846): Rate=1.00s, Limit=0.000s, Conversion=0.0015s, RTAB-Map=0.1974s, Maps update=0.0001s pub=0.0001s (local map=57, WM=57)[0m
[33m[ WARN] (2026-09-26 11:22:26.107) Transform.cpp:557::getTransform() No transform found for stamp 1790434227.293379! Latest is 1790434227.286033[0m
[0m[ INFO] [1790436146.287437308, 1790434227.515378038]: rtabmap (847): Rate=1.00s, Limit=0.000s, Conversion=0.0011s, RTAB-Map=0.1790s, Maps update=0.0002s pub=0.0001s (local map=57, WM=57)[0m
[0m[ INFO] [1790436147.416900511, 1790434228.638010840]: rtabmap (848): Rate=1.00s, Limit=0.000s, Conversion=0.0018s, RTAB-Map=0.1874s, Maps update=0.0002s pub=0.0001s (local map=57, WM=57)[0m
[0m[ INFO] [1790436148.513097539, 1790434229.739301124]: rtabmap (849): Rate=1.00s, Limit=0.000s, Conversion=0.0013s, RTAB-Map=0.2030s, Maps update=0.0001s pub=0.0001s (local map=57, WM=57)[0m
[0m[ INFO] [1790436149.498043511, 1790434230.720485667]: rtabmap (850): Rate=1.00s, Limit=0.000s, Conversion=0.0013s, RTAB-Map=0.1895s, Maps update=0.0002s pub=0.0001s (local map=57, WM=57)[0m
[0m[ INFO] [1790436150.695459458, 1790434231.916487194]: rtabmap (851): Rate=1.00s, Limit=0.000s, Conversion=0.0017s, RTAB-Map=0.1825s, Maps update=0.0001s pub=0.0001s (local map=57, WM=57)[0m
[0m[ INFO] [1790436151.814901077, 1790434233.037162174]: rtabmap (852): Rate=1.00s, Limit=0.000s, Conversion=0.0020s, RTAB-Map=0.1970s, Maps update=0.0001s pub=0.0001s (local map=57, WM=57)[0m
[0m[ INFO] [1790436152.817114342, 1790434234.044146003]: rtabmap (853): Rate=1.00s, Limit=0.000s, Conversion=0.0013s, RTAB-Map=0.2136s, Maps update=0.0001s pub=0.0001s (local map=57, WM=57)[0m
[0m[ INFO] [1790436153.912580405, 1790434235.133688047]: rtabmap (854): Rate=1.00s, Limit=0.000s, Conversion=0.0012s, RTAB-Map=0.2053s, Maps update=0.0001s pub=0.0001s (local map=57, WM=57)[0m
[0m[ INFO] [1790436154.976586592, 1790434236.204879487]: rtabmap (855): Rate=1.00s, Limit=0.000s, Conversion=0.0014s, RTAB-Map=0.1799s, Maps update=0.0002s pub=0.0001s (local map=57, WM=57)[0m
[0m[ INFO] [1790436156.098884089, 1790434237.320117204]: rtabmap (856): Rate=1.00s, Limit=0.000s, Conversion=0.0021s, RTAB-Map=0.1999s, Maps update=0.0002s pub=0.0001s (local map=57, WM=57)[0m
[0m[ INFO] [1790436157.103299691, 1790434238.329694543]: rtabmap (857): Rate=1.00s, Limit=0.000s, Conversion=0.0008s, RTAB-Map=0.1827s, Maps update=0.0002s pub=0.0001s (local map=57, WM=57)[0m
[0m[ INFO] [1790436158.222065537, 1790434239.451749524]: rtabmap (858): Rate=1.00s, Limit=0.000s, Conversion=0.0019s, RTAB-Map=0.2124s, Maps update=0.0002s pub=0.0001s (local map=57, WM=57)[0m
[0m[ INFO] [1790436159.289792608, 1790434240.511775078]: rtabmap (859): Rate=1.00s, Limit=0.000s, Conversion=0.0009s, RTAB-Map=0.1957s, Maps update=0.0002s pub=0.0001s (local map=57, WM=57)[0m
[0m[ INFO] [1790436160.300792601, 1790434241.523630443]: rtabmap (860): Rate=1.00s, Limit=0.000s, Conversion=0.0015s, RTAB-Map=0.1961s, Maps update=0.0003s pub=0.0001s (local map=57, WM=57)[0m
[0m[ INFO] [1790436161.278641976, 1790434242.506149740]: rtabmap (861): Rate=1.00s, Limit=0.000s, Conversion=0.0014s, RTAB-Map=0.1830s, Maps update=0.0001s pub=0.0001s (local map=58, WM=58)[0m
[0m[ INFO] [1790436162.319135233, 1790434243.541089447]: rtabmap (862): Rate=1.00s, Limit=0.000s, Conversion=0.0014s, RTAB-Map=0.2045s, Maps update=0.0001s pub=0.0001s (local map=59, WM=59)[0m
[0m[ INFO] [1790436163.420692541, 1790434244.644553470]: rtabmap (863): Rate=1.00s, Limit=0.000s, Conversion=0.0018s, RTAB-Map=0.2192s, Maps update=0.0001s pub=0.0001s (local map=60, WM=60)[0m
[0m[ INFO] [1790436164.487876909, 1790434245.716164428]: rtabmap (864): Rate=1.00s, Limit=0.000s, Conversion=0.0013s, RTAB-Map=0.1949s, Maps update=0.0001s pub=0.0001s (local map=61, WM=61)[0m
Warning: TF_REPEATED_DATA ignoring data with redundant timestamp for frame odom (parent map) at time 1790434245.967505 according to authority unknown_publisher
         at line 278 in /tmp/binarydeb/ros-noetic-tf2-0.7.7/src/buffer_core.cpp
[33m[ WARN] [1790436164.638709428, 1790434245.867505562]: TF_REPEATED_DATA ignoring data with redundant timestamp for frame odom (parent map) at time 1790434245.967505 according to authority unknown_publisher[0m
Warning: TF_REPEATED_DATA ignoring data with redundant timestamp for frame odom (parent map) at time 1790434245.967505 according to authority /rtabmap/rtabmap
         at line 278 in /tmp/binarydeb/ros-noetic-tf2-0.7.7/src/buffer_core.cpp
[0m[ INFO] [1790436165.618679091, 1790434246.845449757]: rtabmap (865): Rate=1.00s, Limit=0.000s, Conversion=0.0019s, RTAB-Map=0.2129s, Maps update=0.0001s pub=0.0001s (local map=62, WM=62)[0m
[0m[ INFO] [1790436166.817378569, 1790434248.038357954]: rtabmap (866): Rate=1.00s, Limit=0.000s, Conversion=0.0019s, RTAB-Map=0.2074s, Maps update=0.0001s pub=0.0001s (local map=63, WM=63)[0m
[0m[ INFO] [1790436167.787913718, 1790434249.016861438]: rtabmap (867): Rate=1.00s, Limit=0.000s, Conversion=0.0009s, RTAB-Map=0.1890s, Maps update=0.0001s pub=0.0001s (local map=64, WM=64)[0m
[0m[ INFO] [1790436168.866150113, 1790434250.094295902]: rtabmap (868): Rate=1.00s, Limit=0.000s, Conversion=0.0014s, RTAB-Map=0.2091s, Maps update=0.0001s pub=0.0001s (local map=65, WM=65)[0m
[0m[ INFO] [1790436169.923761956, 1790434251.152653836]: rtabmap (869): Rate=1.00s, Limit=0.000s, Conversion=0.0019s, RTAB-Map=0.2182s, Maps update=0.0001s pub=0.0001s (local map=66, WM=66)[0m
[0m[ INFO] [1790436170.991460301, 1790434252.214836999]: rtabmap (870): Rate=1.00s, Limit=0.000s, Conversion=0.0019s, RTAB-Map=0.1955s, Maps update=0.0001s pub=0.0001s (local map=67, WM=67)[0m
[0m[ INFO] [1790436172.102956146, 1790434253.323534373]: rtabmap (871): Rate=1.00s, Limit=0.000s, Conversion=0.0020s, RTAB-Map=0.1975s, Maps update=0.0001s pub=0.0001s (local map=68, WM=68)[0m
[0m[ INFO] [1790436173.127353100, 1790434254.355114148]: rtabmap (872): Rate=1.00s, Limit=0.000s, Conversion=0.0008s, RTAB-Map=0.1949s, Maps update=0.0001s pub=0.0001s (local map=69, WM=69)[0m
[0m[ INFO] [1790436174.222457084, 1790434255.449596171]: rtabmap (873): Rate=1.00s, Limit=0.000s, Conversion=0.0017s, RTAB-Map=0.2220s, Maps update=0.0001s pub=0.0001s (local map=70, WM=70)[0m
[0m[ INFO] [1790436175.318525618, 1790434256.541125857]: rtabmap (874): Rate=1.00s, Limit=0.000s, Conversion=0.0018s, RTAB-Map=0.2161s, Maps update=0.0001s pub=0.0001s (local map=71, WM=71)[0m
[0m[ INFO] [1790436176.299377942, 1790434257.521631425]: rtabmap (875): Rate=1.00s, Limit=0.000s, Conversion=0.0019s, RTAB-Map=0.1912s, Maps update=0.0001s pub=0.0001s (local map=72, WM=72)[0m
[0m[ INFO] [1790436177.425474495, 1790434258.651549727]: rtabmap (876): Rate=1.00s, Limit=0.000s, Conversion=0.0014s, RTAB-Map=0.2045s, Maps update=0.0001s pub=0.0001s (local map=73, WM=73)[0m
[0m[ INFO] [1790436178.520168842, 1790434259.744578355]: rtabmap (877): Rate=1.00s, Limit=0.000s, Conversion=0.0012s, RTAB-Map=0.2110s, Maps update=0.0001s pub=0.0001s (local map=74, WM=74)[0m
[0m[ INFO] [1790436179.596297865, 1790434260.818476659]: rtabmap (878): Rate=1.00s, Limit=0.000s, Conversion=0.0015s, RTAB-Map=0.1893s, Maps update=0.0003s pub=0.0001s (local map=75, WM=75)[0m
[0m[ INFO] [1790436180.618143405, 1790434261.838373532]: rtabmap (879): Rate=1.00s, Limit=0.000s, Conversion=0.0019s, RTAB-Map=0.2177s, Maps update=0.0002s pub=0.0001s (local map=75, WM=75)[0m
[0m[ INFO] [1790436181.610223851, 1790434262.836988757]: rtabmap (880): Rate=1.00s, Limit=0.000s, Conversion=0.0020s, RTAB-Map=0.1964s, Maps update=0.0001s pub=0.0001s (local map=75, WM=75)[0m
[0m[ INFO] [1790436182.708304198, 1790434263.937061291]: rtabmap (881): Rate=1.00s, Limit=0.000s, Conversion=0.0018s, RTAB-Map=0.1939s, Maps update=0.0001s pub=0.0001s (local map=76, WM=76)[0m
[0m[ INFO] [1790436183.741366672, 1790434264.963767037]: rtabmap (882): Rate=1.00s, Limit=0.000s, Conversion=0.0013s, RTAB-Map=0.2293s, Maps update=0.0001s pub=0.0001s (local map=77, WM=77)[0m
[0m[ INFO] [1790436184.721865848, 1790434265.948480000]: rtabmap (883): Rate=1.00s, Limit=0.000s, Conversion=0.0013s, RTAB-Map=0.2066s, Maps update=0.0001s pub=0.0001s (local map=78, WM=78)[0m
Warning: TF_REPEATED_DATA ignoring data with redundant timestamp for frame odom (parent map) at time 1790434266.200761 according to authority unknown_publisher
         at line 278 in /tmp/binarydeb/ros-noetic-tf2-0.7.7/src/buffer_core.cpp
[33m[ WARN] [1790436184.871189173, 1790434266.100760550]: TF_REPEATED_DATA ignoring data with redundant timestamp for frame odom (parent map) at time 1790434266.200761 according to authority unknown_publisher[0m
Warning: TF_REPEATED_DATA ignoring data with redundant timestamp for frame odom (parent map) at time 1790434266.200761 according to authority /rtabmap/rtabmap
         at line 278 in /tmp/binarydeb/ros-noetic-tf2-0.7.7/src/buffer_core.cpp
[33m[ WARN] [1790436193.000866240, 1790434274.222498243]: We are receiving imu data (buffer=1000), but cannot interpolate imu transform at time 1790434274.192226. IMU won't be added to graph.[0m
[33m[ WARN] [1790436206.905382370, 1790434288.133762595]: We are receiving imu data (buffer=1000), but cannot interpolate imu transform at time 1790434288.091579. IMU won't be added to graph.[0m
[33m[ WARN] [1790436208.005407588, 1790434289.233596354]: We are receiving imu data (buffer=1000), but cannot interpolate imu transform at time 1790434289.193153. IMU won't be added to graph.[0m
[33m[ WARN] [1790436220.496625275, 1790434301.725664613]: We are receiving imu data (buffer=1000), but cannot interpolate imu transform at time 1790434301.685391. IMU won't be added to graph.[0m
[0m[ INFO] [1790436185.822423583, 1790434267.051646091]: rtabmap (884): Rate=1.00s, Limit=0.000s, Conversion=0.0013s, RTAB-Map=0.2244s, Maps update=0.0002s pub=0.0002s (local map=78, WM=78)[0m
[0m[ INFO] [1790436186.879588867, 1790434268.106262316]: rtabmap (885): Rate=1.00s, Limit=0.000s, Conversion=0.0009s, RTAB-Map=0.1785s, Maps update=0.0001s pub=0.0001s (local map=79, WM=79)[0m
[0m[ INFO] [1790436187.901872731, 1790434269.127400020]: rtabmap (886): Rate=1.00s, Limit=0.000s, Conversion=0.0013s, RTAB-Map=0.1959s, Maps update=0.0001s pub=0.0001s (local map=80, WM=80)[0m
[0m[ INFO] [1790436188.989132594, 1790434270.218972263]: rtabmap (887): Rate=1.00s, Limit=0.000s, Conversion=0.0009s, RTAB-Map=0.1894s, Maps update=0.0002s pub=0.0001s (local map=81, WM=81)[0m
[0m[ INFO] [1790436190.090238017, 1790434271.311205307]: rtabmap (888): Rate=1.00s, Limit=0.000s, Conversion=0.0016s, RTAB-Map=0.1906s, Maps update=0.0001s pub=0.0001s (local map=82, WM=82)[0m
[0m[ INFO] [1790436191.150742486, 1790434272.374665464]: rtabmap (889): Rate=1.00s, Limit=0.000s, Conversion=0.0016s, RTAB-Map=0.2016s, Maps update=0.0001s pub=0.0001s (local map=83, WM=83)[0m
[0m[ INFO] [1790436192.195466856, 1790434273.423157951]: rtabmap (890): Rate=1.00s, Limit=0.000s, Conversion=0.0008s, RTAB-Map=0.1962s, Maps update=0.0002s pub=0.0001s (local map=84, WM=84)[0m
[33m[ WARN] (2026-09-26 11:23:13.000) Transform.cpp:557::getTransform() No transform found for stamp 1790434274.192226! Latest is 1790434274.183403[0m
[0m[ INFO] [1790436193.176593634, 1790434274.403907988]: rtabmap (891): Rate=1.00s, Limit=0.000s, Conversion=0.0017s, RTAB-Map=0.1752s, Maps update=0.0002s pub=0.0001s (local map=85, WM=85)[0m
[0m[ INFO] [1790436194.390433996, 1790434275.618171107]: rtabmap (892): Rate=1.00s, Limit=0.000s, Conversion=0.0013s, RTAB-Map=0.1828s, Maps update=0.0001s pub=0.0001s (local map=86, WM=86)[0m
[0m[ INFO] [1790436195.410543955, 1790434276.631036679]: rtabmap (893): Rate=1.00s, Limit=0.000s, Conversion=0.0012s, RTAB-Map=0.2106s, Maps update=0.0001s pub=0.0001s (local map=87, WM=87)[0m
[0m[ INFO] [1790436196.512989223, 1790434277.741239430]: rtabmap (894): Rate=1.00s, Limit=0.000s, Conversion=0.0013s, RTAB-Map=0.2152s, Maps update=0.0001s pub=0.0001s (local map=88, WM=88)[0m
[0m[ INFO] [1790436197.603173641, 1790434278.832991198]: rtabmap (895): Rate=1.00s, Limit=0.000s, Conversion=0.0014s, RTAB-Map=0.2024s, Maps update=0.0002s pub=0.0001s (local map=88, WM=88)[0m
[0m[ INFO] [1790436198.608184779, 1790434279.835430556]: rtabmap (896): Rate=1.00s, Limit=0.000s, Conversion=0.0014s, RTAB-Map=0.2041s, Maps update=0.0001s pub=0.0001s (local map=89, WM=89)[0m
[0m[ INFO] [1790436199.715701134, 1790434280.942505241]: rtabmap (897): Rate=1.00s, Limit=0.000s, Conversion=0.0020s, RTAB-Map=0.2177s, Maps update=0.0002s pub=0.0001s (local map=89, WM=89)[0m
[0m[ INFO] [1790436200.707260200, 1790434281.931637682]: rtabmap (898): Rate=1.00s, Limit=0.000s, Conversion=0.0013s, RTAB-Map=0.1903s, Maps update=0.0002s pub=0.0001s (local map=89, WM=89)[0m
[0m[ INFO] [1790436201.923663547, 1790434283.143948236]: rtabmap (899): Rate=1.00s, Limit=0.000s, Conversion=0.0021s, RTAB-Map=0.2199s, Maps update=0.0002s pub=0.0001s (local map=89, WM=89)[0m
[0m[ INFO] [1790436202.897078541, 1790434284.118819154]: rtabmap (900): Rate=1.00s, Limit=0.000s, Conversion=0.0018s, RTAB-Map=0.1964s, Maps update=0.0003s pub=0.0001s (local map=89, WM=89)[0m
[0m[ INFO] [1790436203.982720196, 1790434285.208926663]: rtabmap (901): Rate=1.00s, Limit=0.000s, Conversion=0.0015s, RTAB-Map=0.1861s, Maps update=0.0002s pub=0.0001s (local map=89, WM=89)[0m
[0m[ INFO] [1790436205.096681817, 1790434286.321163236]: rtabmap (902): Rate=1.00s, Limit=0.000s, Conversion=0.0008s, RTAB-Map=0.1864s, Maps update=0.0004s pub=0.0001s (local map=89, WM=89)[0m
[0m[ INFO] [1790436206.146759479, 1790434287.373789893]: rtabmap (903): Rate=1.00s, Limit=0.000s, Conversion=0.0019s, RTAB-Map=0.1970s, Maps update=0.0002s pub=0.0001s (local map=89, WM=89)[0m
[33m[ WARN] (2026-09-26 11:23:26.905) Transform.cpp:557::getTransform() No transform found for stamp 1790434288.091579! Latest is 1790434288.082208[0m
[0m[ INFO] [1790436207.096658923, 1790434288.326151771]: rtabmap (904): Rate=1.00s, Limit=0.000s, Conversion=0.0016s, RTAB-Map=0.1904s, Maps update=0.0004s pub=0.0001s (local map=89, WM=89)[0m
[33m[ WARN] (2026-09-26 11:23:28.005) Transform.cpp:557::getTransform() No transform found for stamp 1790434289.193153! Latest is 1790434289.190373[0m
[0m[ INFO] [1790436208.200016024, 1790434289.425845046]: rtabmap (905): Rate=1.00s, Limit=0.000s, Conversion=0.0022s, RTAB-Map=0.1940s, Maps update=0.0002s pub=0.0001s (local map=89, WM=89)[0m
[0m[ INFO] [1790436209.313752556, 1790434290.537560815]: rtabmap (906): Rate=1.00s, Limit=0.000s, Conversion=0.0013s, RTAB-Map=0.2133s, Maps update=0.0002s pub=0.0001s (local map=89, WM=89)[0m
[0m[ INFO] [1790436210.306686493, 1790434291.527765754]: rtabmap (907): Rate=1.00s, Limit=0.000s, Conversion=0.0019s, RTAB-Map=0.2007s, Maps update=0.0002s pub=0.0001s (local map=89, WM=89)[0m
[0m[ INFO] [1790436211.343842247, 1790434292.565936849]: rtabmap (908): Rate=1.00s, Limit=0.000s, Conversion=0.0008s, RTAB-Map=0.1993s, Maps update=0.0002s pub=0.0001s (local map=89, WM=89)[0m
[0m[ INFO] [1790436212.324511618, 1790434293.545501406]: rtabmap (909): Rate=1.00s, Limit=0.000s, Conversion=0.0014s, RTAB-Map=0.2086s, Maps update=0.0004s pub=0.0001s (local map=89, WM=89)[0m
[0m[ INFO] [1790436213.408900487, 1790434294.633999419]: rtabmap (910): Rate=1.00s, Limit=0.000s, Conversion=0.0013s, RTAB-Map=0.1968s, Maps update=0.0002s pub=0.0001s (local map=89, WM=89)[0m
[0m[ INFO] [1790436214.378374460, 1790434295.601839802]: rtabmap (911): Rate=1.00s, Limit=0.000s, Conversion=0.0018s, RTAB-Map=0.1800s, Maps update=0.0002s pub=0.0001s (local map=89, WM=89)[0m
[0m[ INFO] [1790436215.420091818, 1790434296.649588794]: rtabmap (912): Rate=1.00s, Limit=0.000s, Conversion=0.0009s, RTAB-Map=0.1849s, Maps update=0.0002s pub=0.0001s (local map=89, WM=89)[0m
[0m[ INFO] [1790436216.600634815, 1790434297.821042931]: rtabmap (913): Rate=1.00s, Limit=0.000s, Conversion=0.0021s, RTAB-Map=0.2044s, Maps update=0.0002s pub=0.0001s (local map=89, WM=89)[0m
[0m[ INFO] [1790436217.604318837, 1790434298.832043885]: rtabmap (914): Rate=1.00s, Limit=0.000s, Conversion=0.0014s, RTAB-Map=0.2053s, Maps update=0.0003s pub=0.0001s (local map=89, WM=89)[0m
[0m[ INFO] [1790436218.591600325, 1790434299.820148552]: rtabmap (915): Rate=1.00s, Limit=0.000s, Conversion=0.0020s, RTAB-Map=0.1822s, Maps update=0.0003s pub=0.0001s (local map=89, WM=89)[0m
[0m[ INFO] [1790436219.687322362, 1790434300.914884272]: rtabmap (916): Rate=1.00s, Limit=0.000s, Conversion=0.0013s, RTAB-Map=0.1851s, Maps update=0.0002s pub=0.0001s (local map=89, WM=89)[0m
[33m[ WARN] (2026-09-26 11:23:40.496) Transform.cpp:557::getTransform() No transform found for stamp 1790434301.685391! Latest is 1790434301.677302[0m
[0m[ INFO] [1790436220.685964024, 1790434301.907062390]: rtabmap (917): Rate=1.00s, Limit=0.000s, Conversion=0.0023s, RTAB-Map=0.1887s, Maps update=0.0002s pub=0.0001s (local map=89, WM=89)[0m
[0m[ INFO] [1790436221.715501207, 1790434302.939521820]: rtabmap (918): Rate=1.00s, Limit=0.000s, Conversion=0.0012s, RTAB-Map=0.2026s, Maps update=0.0002s pub=0.0001s (local map=89, WM=89)[0m
[0m[ INFO] [1790436222.729068468, 1790434303.957532631]: rtabmap (919): Rate=1.00s, Limit=0.000s, Conversion=0.0014s, RTAB-Map=0.1960s, Maps update=0.0002s pub=0.0001s (local map=89, WM=89)[0m
[0m[ INFO] [1790436223.788104537, 1790434305.015717936]: rtabmap (920): Rate=1.00s, Limit=0.000s, Conversion=0.0008s, RTAB-Map=0.1875s, Maps update=0.0002s pub=0.0001s (local map=89, WM=89)[0m
[0m[ INFO] [1790436224.904822794, 1790434306.128503819]: rtabmap (921): Rate=1.00s, Limit=0.000s, Conversion=0.0014s, RTAB-Map=0.1998s, Maps update=0.0002s pub=0.0001s (local map=89, WM=89)[0m
[0m[ INFO] [1790436225.877705640, 1790434307.106193931]: rtabmap (922): Rate=1.00s, Limit=0.000s, Conversion=0.0009s, RTAB-Map=0.1799s, Maps update=0.0002s pub=0.000[33m[ WARN] [1790436240.588853695, 1790434321.809567097]: We are receiving imu data (buffer=1000), but cannot interpolate imu transform at time 1790434321.779013. IMU won't be added to graph.[0m
[33m[ WARN] [1790436256.504756815, 1790434337.732733163]: We are receiving imu data (buffer=1000), but cannot interpolate imu transform at time 1790434337.692157. IMU won't be added to graph.[0m
1s (local map=89, WM=89)[0m
[0m[ INFO] [1790436227.002693532, 1790434308.225079148]: rtabmap (923): Rate=1.00s, Limit=0.000s, Conversion=0.0021s, RTAB-Map=0.2036s, Maps update=0.0002s pub=0.0001s (local map=89, WM=89)[0m
[0m[ INFO] [1790436228.173311669, 1790434309.398367977]: rtabmap (924): Rate=1.00s, Limit=0.000s, Conversion=0.0010s, RTAB-Map=0.2123s, Maps update=0.0004s pub=0.0001s (local map=89, WM=89)[0m
[0m[ INFO] [1790436229.187472563, 1790434310.410119622]: rtabmap (925): Rate=1.00s, Limit=0.000s, Conversion=0.0019s, RTAB-Map=0.1819s, Maps update=0.0002s pub=0.0001s (local map=89, WM=89)[0m
[0m[ INFO] [1790436230.321210534, 1790434311.542469799]: rtabmap (926): Rate=1.00s, Limit=0.000s, Conversion=0.0014s, RTAB-Map=0.2017s, Maps update=0.0002s pub=0.0001s (local map=89, WM=89)[0m
[0m[ INFO] [1790436231.407162056, 1790434312.633130024]: rtabmap (927): Rate=1.00s, Limit=0.000s, Conversion=0.0020s, RTAB-Map=0.1938s, Maps update=0.0003s pub=0.0001s (local map=89, WM=89)[0m
[0m[ INFO] [1790436232.507969420, 1790434313.732564538]: rtabmap (928): Rate=1.00s, Limit=0.000s, Conversion=0.0013s, RTAB-Map=0.1940s, Maps update=0.0002s pub=0.0001s (local map=89, WM=89)[0m
[0m[ INFO] [1790436233.493205766, 1790434314.722740119]: rtabmap (929): Rate=1.00s, Limit=0.000s, Conversion=0.0014s, RTAB-Map=0.1940s, Maps update=0.0002s pub=0.0001s (local map=89, WM=89)[0m
[0m[ INFO] [1790436234.515194605, 1790434315.735924231]: rtabmap (930): Rate=1.00s, Limit=0.000s, Conversion=0.0013s, RTAB-Map=0.2012s, Maps update=0.0002s pub=0.0001s (local map=89, WM=89)[0m
[0m[ INFO] [1790436235.517596420, 1790434316.738071962]: rtabmap (931): Rate=1.00s, Limit=0.000s, Conversion=0.0019s, RTAB-Map=0.1956s, Maps update=0.0002s pub=0.0001s (local map=89, WM=89)[0m
[0m[ INFO] [1790436236.622720232, 1790434317.848375588]: rtabmap (932): Rate=1.00s, Limit=0.000s, Conversion=0.0013s, RTAB-Map=0.2016s, Maps update=0.0002s pub=0.0001s (local map=89, WM=89)[0m
[0m[ INFO] [1790436237.628997095, 1790434318.856129335]: rtabmap (933): Rate=1.00s, Limit=0.000s, Conversion=0.0020s, RTAB-Map=0.2045s, Maps update=0.0002s pub=0.0001s (local map=89, WM=89)[0m
[0m[ INFO] [1790436238.573149620, 1790434319.803245165]: rtabmap (934): Rate=1.00s, Limit=0.000s, Conversion=0.0009s, RTAB-Map=0.1805s, Maps update=0.0002s pub=0.0001s (local map=89, WM=89)[0m
[0m[ INFO] [1790436239.811504243, 1790434321.040397756]: rtabmap (935): Rate=1.00s, Limit=0.000s, Conversion=0.0022s, RTAB-Map=0.2039s, Maps update=0.0002s pub=0.0001s (local map=89, WM=89)[0m
[33m[ WARN] (2026-09-26 11:24:00.588) Transform.cpp:557::getTransform() No transform found for stamp 1790434321.779013! Latest is 1790434321.768747[0m
[0m[ INFO] [1790436240.772877886, 1790434322.001863432]: rtabmap (936): Rate=1.00s, Limit=0.000s, Conversion=0.0011s, RTAB-Map=0.1833s, Maps update=0.0003s pub=0.0001s (local map=89, WM=89)[0m
[0m[ INFO] [1790436241.810348523, 1790434323.036257963]: rtabmap (937): Rate=1.00s, Limit=0.000s, Conversion=0.0017s, RTAB-Map=0.1976s, Maps update=0.0002s pub=0.0001s (local map=89, WM=89)[0m
[0m[ INFO] [1790436242.892749553, 1790434324.119909218]: rtabmap (938): Rate=1.00s, Limit=0.000s, Conversion=0.0012s, RTAB-Map=0.1959s, Maps update=0.0002s pub=0.0001s (local map=89, WM=89)[0m
[0m[ INFO] [1790436244.007054049, 1790434325.229646900]: rtabmap (939): Rate=1.00s, Limit=0.000s, Conversion=0.0016s, RTAB-Map=0.2018s, Maps update=0.0002s pub=0.0001s (local map=89, WM=89)[0m
[0m[ INFO] [1790436245.107058088, 1790434326.329394711]: rtabmap (940): Rate=1.00s, Limit=0.000s, Conversion=0.0011s, RTAB-Map=0.1979s, Maps update=0.0002s pub=0.0001s (local map=89, WM=89)[0m
[0m[ INFO] [1790436246.102178141, 1790434327.327670775]: rtabmap (941): Rate=1.00s, Limit=0.000s, Conversion=0.0017s, RTAB-Map=0.1979s, Maps update=0.0002s pub=0.0001s (local map=89, WM=89)[0m
[0m[ INFO] [1790436247.109223213, 1790434328.339077763]: rtabmap (942): Rate=1.00s, Limit=0.000s, Conversion=0.0013s, RTAB-Map=0.2005s, Maps update=0.0002s pub=0.0001s (local map=89, WM=89)[0m
[0m[ INFO] [1790436248.181178341, 1790434329.402565416]: rtabmap (943): Rate=1.00s, Limit=0.000s, Conversion=0.0022s, RTAB-Map=0.1813s, Maps update=0.0002s pub=0.0001s (local map=89, WM=89)[0m
[0m[ INFO] [1790436249.295186478, 1790434330.520822282]: rtabmap (944): Rate=1.00s, Limit=0.000s, Conversion=0.0013s, RTAB-Map=0.1930s, Maps update=0.0002s pub=0.0001s (local map=89, WM=89)[0m
[0m[ INFO] [1790436250.401965293, 1790434331.622115104]: rtabmap (945): Rate=1.00s, Limit=0.000s, Conversion=0.0020s, RTAB-Map=0.2009s, Maps update=0.0002s pub=0.0001s (local map=89, WM=89)[0m
[0m[ INFO] [1790436251.497447246, 1790434332.723569201]: rtabmap (946): Rate=1.00s, Limit=0.000s, Conversion=0.0011s, RTAB-Map=0.1974s, Maps update=0.0002s pub=0.0001s (local map=89, WM=89)[0m
[0m[ INFO] [1790436252.538122660, 1790434333.762479151]: rtabmap (947): Rate=1.00s, Limit=0.000s, Conversion=0.0025s, RTAB-Map=0.2064s, Maps update=0.0002s pub=0.0001s (local map=89, WM=89)[0m
[0m[ INFO] [1790436253.573927954, 1790434334.803606982]: rtabmap (948): Rate=1.00s, Limit=0.000s, Conversion=0.0012s, RTAB-Map=0.1822s, Maps update=0.0002s pub=0.0001s (local map=89, WM=89)[0m
[0m[ INFO] [1790436254.700733541, 1790434335.922752593]: rtabmap (949): Rate=1.00s, Limit=0.000s, Conversion=0.0016s, RTAB-Map=0.1910s, Maps update=0.0002s pub=0.0001s (local map=89, WM=89)[0m
[0m[ INFO] [1790436255.687855095, 1790434336.915087209]: rtabmap (950): Rate=1.00s, Limit=0.000s, Conversion=0.0009s, RTAB-Map=0.1832s, Maps update=0.0002s pub=0.0001s (local map=89, WM=89)[0m
[33m[ WARN] (2026-09-26 11:24:16.504) Transform.cpp:557::getTransform() No transform found for stamp 1790434337.692157! Latest is 1790434337.684781[0m
[0m[ INFO] [1790436256.683951995, 1790434337.903926092]: rtabmap (951): Rate=1.00s, Limit=0.000s, Conversion=0.0016s, RTAB-Map=0.1785s, Maps update=0.0003s pub=0.0001s (local map=89, WM=89)[0m
[0m[ INFO] [1790436258.035641036, 1790434339.113554213]: rtabmap (952): Rate=1.00s, Limit=0.000s, Conversion=0.0013s, RTAB-Map=0.3214s, Maps update=0.0004s pub=0.0001s (local map=89, WM=89)[0m
Warning: TF_REPEATED_DATA ignoring data with redundant timestamp for frame odom (parent map) at time 1790434339.369192 according to authority unknown_publisher
         at line 278 in /tmp/binarydeb/ros-noetic-tf2-0.7.7/src/buffer_core.cpp
[33m[ WARN] [1790436258.042081059, 1790434339.269191603]: TF_REPEATED_DATA ignoring data with redundant timestamp for frame odom (parent map) at time 1790434339.369192 according to authority unknown_publisher[0m
Warning: TF_REPEATED_DATA ignoring data with redundant timestamp for frame odom (parent map) at time 1790434339.369192 according to authority /rtabmap/rtabmap
         at line 278 in /tmp/binarydeb/ros-noetic-tf2-0.7.7/src/buffer_core.cpp
[33m[ WARN] [1790436262.898617758, 1790434344.126561594]: We are receiving imu data (buffer=1000), but cannot interpolate imu transform at time 1790434344.096384. IMU won't be added to graph.[0m
[33m[ WARN] [1790436277.406238325, 1790434358.635958473]: We are receiving imu data (buffer=1000), but cannot interpolate imu transform at time 1790434358.595666. IMU won't be added to graph.[0m
[0m[ INFO] [1790436258.913528269, 1790434340.136295075]: rtabmap (953): Rate=1.00s, Limit=0.000s, Conversion=0.0023s, RTAB-Map=0.1875s, Maps update=0.0002s pub=0.0001s (local map=89, WM=89)[0m
[0m[ INFO] [1790436259.918631993, 1790434341.146389362]: rtabmap (954): Rate=1.00s, Limit=0.000s, Conversion=0.0013s, RTAB-Map=0.2069s, Maps update=0.0002s pub=0.0001s (local map=89, WM=89)[0m
[0m[ INFO] [1790436260.997211674, 1790434342.220383734]: rtabmap (955): Rate=1.00s, Limit=0.000s, Conversion=0.0015s, RTAB-Map=0.1960s, Maps update=0.0002s pub=0.0001s (local map=89, WM=89)[0m
[0m[ INFO] [1790436262.036348707, 1790434343.260787055]: rtabmap (956): Rate=1.00s, Limit=0.000s, Conversion=0.0010s, RTAB-Map=0.2021s, Maps update=0.0002s pub=0.0001s (local map=89, WM=89)[0m
[33m[ WARN] (2026-09-26 11:24:22.898) Transform.cpp:557::getTransform() No transform found for stamp 1790434344.096384! Latest is 1790434344.081450[0m
[0m[ INFO] [1790436263.086750396, 1790434344.308082495]: rtabmap (957): Rate=1.00s, Limit=0.000s, Conversion=0.0018s, RTAB-Map=0.1875s, Maps update=0.0002s pub=0.0001s (local map=89, WM=89)[0m
[0m[ INFO] [1790436264.190910881, 1790434345.418809980]: rtabmap (958): Rate=1.00s, Limit=0.000s, Conversion=0.0008s, RTAB-Map=0.1859s, Maps update=0.0002s pub=0.0001s (local map=89, WM=89)[0m
[0m[ INFO] [1790436265.287078355, 1790434346.509437700]: rtabmap (959): Rate=1.00s, Limit=0.000s, Conversion=0.0014s, RTAB-Map=0.1778s, Maps update=0.0002s pub=0.0001s (local map=89, WM=89)[0m
[0m[ INFO] [1790436266.316636898, 1790434347.538869266]: rtabmap (960): Rate=1.00s, Limit=0.000s, Conversion=0.0013s, RTAB-Map=0.2017s, Maps update=0.0002s pub=0.0001s (local map=89, WM=89)[0m
[0m[ INFO] [1790436267.322662608, 1790434348.548942357]: rtabmap (961): Rate=1.00s, Limit=0.000s, Conversion=0.0019s, RTAB-Map=0.1926s, Maps update=0.0002s pub=0.0001s (local map=89, WM=89)[0m
[0m[ INFO] [1790436268.293680098, 1790434349.518653335]: rtabmap (962): Rate=1.00s, Limit=0.000s, Conversion=0.0011s, RTAB-Map=0.1837s, Maps update=0.0002s pub=0.0001s (local map=89, WM=89)[0m
[0m[ INFO] [1790436269.393924594, 1790434350.616939116]: rtabmap (963): Rate=1.00s, Limit=0.000s, Conversion=0.0016s, RTAB-Map=0.1948s, Maps update=0.0002s pub=0.0001s (local map=89, WM=89)[0m
[0m[ INFO] [1790436270.413777575, 1790434351.639688296]: rtabmap (964): Rate=1.00s, Limit=0.000s, Conversion=0.0021s, RTAB-Map=0.2089s, Maps update=0.0002s pub=0.0001s (local map=89, WM=89)[0m
[0m[ INFO] [1790436271.407451768, 1790434352.629635687]: rtabmap (965): Rate=1.00s, Limit=0.000s, Conversion=0.0020s, RTAB-Map=0.2052s, Maps update=0.0002s pub=0.0001s (local map=89, WM=89)[0m
[0m[ INFO] [1790436272.420849260, 1790434353.648908617]: rtabmap (966): Rate=1.00s, Limit=0.000s, Conversion=0.0016s, RTAB-Map=0.2035s, Maps update=0.0002s pub=0.0001s (local map=89, WM=89)[0m
[0m[ INFO] [1790436273.418702761, 1790434354.648179066]: rtabmap (967): Rate=1.00s, Limit=0.000s, Conversion=0.0027s, RTAB-Map=0.1962s, Maps update=0.0002s pub=0.0001s (local map=89, WM=89)[0m
[0m[ INFO] [1790436274.493953772, 1790434355.723309275]: rtabmap (968): Rate=1.00s, Limit=0.000s, Conversion=0.0009s, RTAB-Map=0.1931s, Maps update=0.0002s pub=0.0001s (local map=89, WM=89)[0m
[0m[ INFO] [1790436275.615947896, 1790434356.842728516]: rtabmap (969): Rate=1.00s, Limit=0.000s, Conversion=0.0021s, RTAB-Map=0.2161s, Maps update=0.0002s pub=0.0001s (local map=89, WM=89)[0m
[0m[ INFO] [1790436276.609276871, 1790434357.830380456]: rtabmap (970): Rate=1.00s, Limit=0.000s, Conversion=0.0013s, RTAB-Map=0.2070s, Maps update=0.0002s pub=0.0001s (local map=89, WM=89)[0m
[33m[ WARN] (2026-09-26 11:24:37.406) Transform.cpp:557::getTransform() No transform found for stamp 1790434358.595666! Latest is 1790434358.591201[0m
[0m[ INFO] [1790436277.599746571, 1790434358.821422772]: rtabmap (971): Rate=1.00s, Limit=0.000s, Conversion=0.0024s, RTAB-Map=0.1928s, Maps update=0.0002s pub=0.0001s (local map=89, WM=89)[0m
[0m[ INFO] [1790436278.708965594, 1790434359.932598556]: rtabmap (972): Rate=1.00s, Limit=0.000s, Conversion=0.0013s, RTAB-Map=0.2030s, Maps update=0.0002s pub=0.0001s (local map=89, WM=89)[0m
[0m[ INFO] [1790436279.816815183, 1790434361.041762020]: rtabmap (973): Rate=1.00s, Limit=0.000s, Conversion=0.0019s, RTAB-Map=0.2072s, Maps update=0.0002s pub=0.0001s (local map=89, WM=89)[0m
[0m[ INFO] [1790436280.900122167, 1790434362.130130255]: rtabmap (974): Rate=1.00s, Limit=0.000s, Conversion=0.0012s, RTAB-Map=0.1864s, Maps update=0.0003s pub=0.0001s (local map=89, WM=89)[0m
[0m[ INFO] [1790436281.937392691, 1790434363.163226803]: rtabmap (975): Rate=1.00s, Limit=0.000s, Conversion=0.0020s, RTAB-Map=0.2037s, Maps update=0.0002s pub=0.0001s (local map=89, WM=89)[0m
[0m[ INFO] [1790436283.014038453, 1790434364.242816541]: rtabmap (976): Rate=1.00s, Limit=0.000s, Conversion=0.0013s, RTAB-Map=0.2057s, Maps update=0.0002s pub=0.0001s (local map=89, WM=89)[0m
[0m[ INFO] [1790436284.002761983, 1790434365.230756028]: rtabmap (977): Rate=1.00s, Limit=0.000s, Conversion=0.0016s, RTAB-Map=0.1988s, Maps update=0.0003s pub=0.0001s (local map=89, WM=89)[0m
[0m[ INFO] [1790436284.983610235, 1790434366.212659910]: rtabmap (978): Rate=1.00s, Limit=0.000s, Conversion=0.0013s, RTAB-Map=0.1817s, Maps update=0.0002s pub=0.0001s (local map=89, WM=89)[0m
[0m[ INFO] [1790436286.098357414, 1790434367.320961243]: rtabmap (979): Rate=1.00s, Limit=0.000s, Conversion=0.0014s, RTAB-Map=0.1866s, Maps update=0.0002s pub=0.0001s (local map=89, WM=89)[0m
[0m[ INFO] [1790436287.118900134, 1790434368.339683875]: rtabmap (980): Rate=1.00s, Limit=0.000s, Conversion=0.0010s, RTAB-Map=0.2060s, Maps update=0.0002s pub=0.0001s (local map=89, WM=89)[0m
[0m[ INFO] [1790436288.220068559, 1790434369.449780291]: rtabmap (981): Rate=1.00s, Limit=0.000s, Conversion=0.0020s, RTAB-Map=0.1929s, Maps update=0.0002s pub=0.0001s (local map=89, WM=89)[0m
[0m[ INFO] [1790436289.304723863, 1790434370.532463408]: rtabmap (982): Rate=1.00s, Limit=0.000s, Conversion=0.0009s, RTAB-Map=0.2014s, Maps update=0.0002s pub=0.0001s (local map=89, WM=89)[0m
[0m[ INFO] [1790436290.308700329, 1790434371.533382746]: rtabmap (983): Rate=1.00s, Limit=0.000s, Conversion=0.0020s, RTAB-Map=0.2056s, Maps update=0.0003s pub=0.0001s (local map=89, WM=89)[0m
[0m[ INFO] [1790436291.277434627, 1790434372.505814565]: rtabmap (984): Rate=1.00s, Limit=0.000s, Conversion=0.0009s, RTAB-Map=0.1819s, Maps update=0.0002s pub=0.0001s (local map=89, WM=89)[0m
[0m[ INFO] [1790436292.389024926, 1790434373.611787509]: rtabmap (985): Rate=1.00s, Limit=0.000s, Conversion=0.0015s, RTAB-Map=0.1947s, Maps update=0.0004s pub=0.0001s (local map=89, WM=89)[0m
[0m[ INFO] [1790436293.403494154, 1790434374.626137344]: rtabmap (986): Rate=1.00s, Limit=0.000s, Conversion=0.0013s, RTAB-Map=0.1997s, Maps update=0.0003s pub=0.0001s (local map=89, WM=89)[0m
[0m[ INFO] [1790436294.515798850, 1790434375.740797752]: rtabmap (987): Rate=1.00s, Limit=0.000s, Conversion=0.0014s, RTAB-Map=0.2067s, Maps update=0.0002s pub=0.0001s (local map=89, WM=89)[0m
[0m[ INFO] [1790436295.601282128, 1790434376.829247597]: rtabmap (988): Rate=1.00s, Limit=0.000s, Conversion=0.0008s, RTAB-Map=0.1999s, Maps update=0.0003s pub=0.0001s (local map=89, WM=89)[0m
[0m[ INFO] [1790436296.606980120, 1790434377.837070256]: rtabmap (989): Rate=1.00s, Limit=0.000s, Conversion=0.0019s, RTAB-Map=0.2029s, Maps update=0.0002s pub=0.0001s (local map=89, WM=89)[0m
[0m[ INFO] [1790436297.710049410, 1790434378.939188238]: rtabmap (990): Rate=1.00s, Limit=0.000s, Conversion=0.0009s, RTAB-Map=0.2050s, Maps update=0.0002s pub=0.0001s (local map=89, WM=89)[0m
[0m[ INFO] [1790436298.741404850, 1790434379.967933339]: rtabmap (991): Rate=1.00s, Limit=0.000s, Conversion=0.0019s, RTAB-Map=0.1958s, Maps update=0.0002s pub=0.0001s (local map=89, WM=89)[0m
[0m[ INFO] [1790436299.804840356, 1790434381.028706858]: rtabmap (992): Rate=1.00s, Limit=0.000s, Conversion=0.0012s, RTAB-Map=0.1983s, Maps update=0.0002s pub=0.0001s (local map=89, WM=89)[0m
[0m[ INFO] [1790436300.890948828, 1790434382.116883997]: rtabmap (993): Rate=1.00s,[33m[ WARN] [1790436315.603203596, 1790434396.827062803]: We are receiving imu data (buffer=1000), but cannot interpolate imu transform at time 1790434396.786704. IMU won't be added to graph.[0m
[33m[ WARN] [1790436316.705773283, 1790434397.926021946]: We are receiving imu data (buffer=1000), but cannot interpolate imu transform at time 1790434397.895788. IMU won't be added to graph.[0m
 Limit=0.000s, Conversion=0.0009s, RTAB-Map=0.1934s, Maps update=0.0002s pub=0.0001s (local map=89, WM=89)[0m
[0m[ INFO] [1790436301.921404718, 1790434383.149965682]: rtabmap (994): Rate=1.00s, Limit=0.000s, Conversion=0.0013s, RTAB-Map=0.2044s, Maps update=0.0002s pub=0.0001s (local map=89, WM=89)[0m
[0m[ INFO] [1790436302.952902088, 1790434384.179061485]: rtabmap (995): Rate=1.00s, Limit=0.000s, Conversion=0.0013s, RTAB-Map=0.2118s, Maps update=0.0002s pub=0.0001s (local map=89, WM=89)[0m
[0m[ INFO] [1790436303.998267444, 1790434385.222343229]: rtabmap (996): Rate=1.00s, Limit=0.000s, Conversion=0.0009s, RTAB-Map=0.1904s, Maps update=0.0002s pub=0.0001s (local map=89, WM=89)[0m
[0m[ INFO] [1790436305.203165299, 1790434386.423815695]: rtabmap (997): Rate=1.00s, Limit=0.000s, Conversion=0.0013s, RTAB-Map=0.2009s, Maps update=0.0003s pub=0.0001s (local map=89, WM=89)[0m
[0m[ INFO] [1790436306.212289780, 1790434387.434610278]: rtabmap (998): Rate=1.00s, Limit=0.000s, Conversion=0.0013s, RTAB-Map=0.2012s, Maps update=0.0002s pub=0.0001s (local map=89, WM=89)[0m
[0m[ INFO] [1790436307.210909638, 1790434388.435357556]: rtabmap (999): Rate=1.00s, Limit=0.000s, Conversion=0.0012s, RTAB-Map=0.2049s, Maps update=0.0002s pub=0.0001s (local map=89, WM=89)[0m
[0m[ INFO] [1790436308.287259602, 1790434389.517136744]: rtabmap (1000): Rate=1.00s, Limit=0.000s, Conversion=0.0013s, RTAB-Map=0.1909s, Maps update=0.0003s pub=0.0001s (local map=89, WM=89)[0m
[0m[ INFO] [1790436309.309767188, 1790434390.539353702]: rtabmap (1001): Rate=1.00s, Limit=0.000s, Conversion=0.0008s, RTAB-Map=0.2033s, Maps update=0.0002s pub=0.0001s (local map=89, WM=89)[0m
[0m[ INFO] [1790436310.513056988, 1790434391.739660967]: rtabmap (1002): Rate=1.00s, Limit=0.000s, Conversion=0.0012s, RTAB-Map=0.2088s, Maps update=0.0002s pub=0.0001s (local map=89, WM=89)[0m
[0m[ INFO] [1790436311.487950943, 1790434392.714046755]: rtabmap (1003): Rate=1.00s, Limit=0.000s, Conversion=0.0008s, RTAB-Map=0.1852s, Maps update=0.0002s pub=0.0001s (local map=89, WM=89)[0m
[0m[ INFO] [1790436312.515813270, 1790434393.742518050]: rtabmap (1004): Rate=1.00s, Limit=0.000s, Conversion=0.0013s, RTAB-Map=0.2078s, Maps update=0.0002s pub=0.0001s (local map=89, WM=89)[0m
[0m[ INFO] [1790436313.732409050, 1790434394.958057208]: rtabmap (1005): Rate=1.00s, Limit=0.000s, Conversion=0.0008s, RTAB-Map=0.2238s, Maps update=0.0002s pub=0.0001s (local map=89, WM=89)[0m
[0m[ INFO] [1790436314.746613521, 1790434395.970234261]: rtabmap (1006): Rate=1.00s, Limit=0.000s, Conversion=0.0012s, RTAB-Map=0.1977s, Maps update=0.0002s pub=0.0001s (local map=89, WM=89)[0m
[33m[ WARN] (2026-09-26 11:25:15.603) Transform.cpp:557::getTransform() No transform found for stamp 1790434396.786704! Latest is 1790434396.780412[0m
[0m[ INFO] [1790436315.798559059, 1790434397.019028078]: rtabmap (1007): Rate=1.00s, Limit=0.000s, Conversion=0.0015s, RTAB-Map=0.1946s, Maps update=0.0003s pub=0.0001s (local map=89, WM=89)[0m
[33m[ WARN] (2026-09-26 11:25:16.705) Transform.cpp:557::getTransform() No transform found for stamp 1790434397.895788! Latest is 1790434397.888700[0m
[0m[ INFO] [1790436316.896912178, 1790434398.117870706]: rtabmap (1008): Rate=1.00s, Limit=0.000s, Conversion=0.0014s, RTAB-Map=0.1905s, Maps update=0.0002s pub=0.0001s (local map=89, WM=89)[0m
[0m[ INFO] [1790436318.023459612, 1790434399.250035750]: rtabmap (1009): Rate=1.00s, Limit=0.000s, Conversion=0.0019s, RTAB-Map=0.2095s, Maps update=0.0003s pub=0.0001s (local map=89, WM=89)[0m
[0m[ INFO] [1790436319.007817045, 1790434400.228841303]: rtabmap (1010): Rate=1.00s, Limit=0.000s, Conversion=0.0008s, RTAB-Map=0.1873s, Maps update=0.0002s pub=0.0001s (local map=89, WM=89)[0m
[0m[ INFO] [1790436320.126395402, 1790434401.350206449]: rtabmap (1011): Rate=1.00s, Limit=0.000s, Conversion=0.0008s, RTAB-Map=0.2019s, Maps update=0.0002s pub=0.0001s (local map=90, WM=90)[0m
[0m[ INFO] [1790436321.227446483, 1790434402.450690098]: rtabmap (1012): Rate=1.00s, Limit=0.000s, Conversion=0.0013s, RTAB-Map=0.2209s, Maps update=0.0001s pub=0.0001s (local map=91, WM=91)[0m
[0m[ INFO] [1790436322.318702869, 1790434403.543875022]: rtabmap (1013): Rate=1.00s, Limit=0.000s, Conversion=0.0014s, RTAB-Map=0.2036s, Maps update=0.0001s pub=0.0001s (local map=92, WM=92)[0m
[0m[ INFO] [1790436323.419697585, 1790434404.641593151]: rtabmap (1014): Rate=1.00s, Limit=0.000s, Conversion=0.0013s, RTAB-Map=0.2182s, Maps update=0.0001s pub=0.0001s (local map=92, WM=92)[0m
[0m[ INFO] [1790436324.390119801, 1790434405.612849746]: rtabmap (1015): Rate=1.00s, Limit=0.000s, Conversion=0.0013s, RTAB-Map=0.1875s, Maps update=0.0002s pub=0.0001s (local map=92, WM=92)[0m
[0m[ INFO] [1790436325.506819031, 1790434406.731126693]: rtabmap (1016): Rate=1.00s, Limit=0.000s, Conversion=0.0021s, RTAB-Map=0.2070s, Maps update=0.0002s pub=0.0001s (local map=92, WM=92)[0m
[0m[ INFO] [1790436326.615926220, 1790434407.842721530]: rtabmap (1017): Rate=1.00s, Limit=0.000s, Conversion=0.0012s, RTAB-Map=0.2214s, Maps update=0.0002s pub=0.0001s (local map=92, WM=92)[0m
[0m[ INFO] [1790436327.711018019, 1790434408.937593742]: rtabmap (1018): Rate=1.00s, Limit=0.000s, Conversion=0.0019s, RTAB-Map=0.2121s, Maps update=0.0002s pub=0.0001s (local map=92, WM=92)[0m
[0m[ INFO] [1790436328.712854097, 1790434409.939720000]: rtabmap (1019): Rate=1.00s, Limit=0.000s, Conversion=0.0008s, RTAB-Map=0.2002s, Maps update=0.0002s pub=0.0001s (local map=92, WM=92)[0m
[0m[ INFO] [1790436329.799533358, 1790434411.020359598]: rtabmap (1020): Rate=1.00s, Limit=0.000s, Conversion=0.0021s, RTAB-Map=0.2001s, Maps update=0.0002s pub=0.0001s (local map=92, WM=92)[0m
[0m[ INFO] [1790436330.907929154, 1790434412.131493702]: rtabmap (1021): Rate=1.00s, Limit=0.000s, Conversion=0.0013s, RTAB-Map=0.2069s, Maps update=0.0002s pub=0.0001s (local map=92, WM=92)[0m
[0m[ INFO] [1790436331.916073522, 1790434413.139232880]: rtabmap (1022): Rate=1.00s, Limit=0.000s, Conversion=0.0013s, RTAB-Map=0.1911s, Maps update=0.0002s pub=0.0001s (local map=92, WM=92)[0m
[0m[ INFO] [1790436332.984773972, 1790434414.212159593]: rtabmap (1023): Rate=1.00s, Limit=0.000s, Conversion=0.0009s, RTAB-Map=0.1837s, Maps update=0.0002s pub=0.0001s (local map=92, WM=92)[0m
[0m[ INFO] [1790436334.109073733, 1790434415.339220510]: rtabmap (1024): Rate=1.00s, Limit=0.000s, Conversion=0.0020s, RTAB-Map=0.2041s, Maps update=0.0002s pub=0.0001s (local map=92, WM=92)[0m
[0m[ INFO] [1790436335.078976562, 1790434416.304278220]: rtabmap (1025): Rate=1.00s, Limit=0.000s, Conversion=0.0008s, RTAB-Map=0.1826s, Maps update=0.0002s pub=0.0001s (local map=92, WM=92)[0m
[0m[ INFO] [1790436336.287043131, 1790434417.516372650]: rtabmap (1026): Rate=1.00s, Limit=0.000s, Conversion=0.0009s, RTAB-Map=0.1819s, Maps update=0.0003s pub=0.0001s (local map=92, WM=92)[0m
[0m[ INFO] [1790436337.332022193, 1790434418.557212170]: rtabmap (1027): Rate=1.00s, Limit=0.000s, Conversion=0.0013s, RTAB-Map=0.2030s, Maps update=0.0002s pub=0.0001s (local map=92, WM=92)[0m
[0m[ INFO] [1790436338.399803337, 1790434419.626789018]: rtabmap (1028): Rate=1.00s, Limit=0.000s, Conversion=0.0009s, RTAB-Map=0.1964s, Maps update=0.0002s pub=0.0001s (local map=92, WM=92)[0m
[0m[ INFO] [1790436339.401003066, 1790434420.621067888]: rtabmap (1029): Rate=1.00s, Limit=0.000s, Conversion=0.0021s, RTAB-Map=0.2037s, Maps update=0.0002s pub=0.0001s (local map=92, WM=92)[0m
[0m[ INFO] [1790436340.490307040, 1790434421.712626612]: rtabmap (1030): Rate=1.00s, Limit=0.000s, Conversion=0.0012s, RTAB-Map=0.1891s, Maps update=0.0003s pub=0.0001s (local map=92, WM=92)[0m
[0m[ INFO] [1790436341.496921068, 1790434422.718445878]: rtabmap (1031): Rate=1.00s, Limit=0.000s, Conversion=0.0009s, RTAB-Map=0.1987s, Maps update=0.0002s pub=0.0001s (local map=92, WM=92)[0m
[0m[ INFO] [1790436342.521356699, 1790434423.749270104]: rtabmap (1032): Rate=1.00s, Limit=0.000s, Conversion=0.0019s, RTAB-Map=0.2066s, Maps update=0.0002s pub=0.0001s (local map=92, WM=92)[0m
[33m[ WARN] (2026-09-26 11:25:43.396) Transform.cpp:557::getTransform() No transform found for stamp 1790434424.596497! Latest is 1790[33m[ WARN] [1790436343.396528177, 1790434424.616972173]: We are receiving imu data (buffer=1000), but cannot interpolate imu transform at time 1790434424.596497. IMU won't be added to graph.[0m
[33m[ WARN] [1790436365.799980837, 1790434447.028962384]: We are receiving imu data (buffer=1000), but cannot interpolate imu transform at time 1790434446.988670. IMU won't be added to graph.[0m
[33m[ WARN] [1790436380.501700459, 1790434461.728098004]: We are receiving imu data (buffer=1000), but cannot interpolate imu transform at time 1790434461.697858. IMU won't be added to graph.[0m
[33m[ WARN] [1790436381.604082182, 1790434462.831262202]: We are receiving imu data (buffer=1000), but cannot interpolate imu transform at time 1790434462.801043. IMU won't be added to graph.[0m
434424.579767[0m
[0m[ INFO] [1790436343.589620896, 1790434424.819151057]: rtabmap (1033): Rate=1.00s, Limit=0.000s, Conversion=0.0012s, RTAB-Map=0.1924s, Maps update=0.0003s pub=0.0001s (local map=92, WM=92)[0m
[0m[ INFO] [1790436344.698489742, 1790434425.917302164]: rtabmap (1034): Rate=1.00s, Limit=0.000s, Conversion=0.0014s, RTAB-Map=0.1931s, Maps update=0.0004s pub=0.0001s (local map=92, WM=92)[0m
[0m[ INFO] [1790436345.723789400, 1790434426.949751516]: rtabmap (1035): Rate=1.00s, Limit=0.000s, Conversion=0.0013s, RTAB-Map=0.1908s, Maps update=0.0002s pub=0.0001s (local map=92, WM=92)[0m
[0m[ INFO] [1790436346.787339983, 1790434428.007175618]: rtabmap (1036): Rate=1.00s, Limit=0.000s, Conversion=0.0013s, RTAB-Map=0.1839s, Maps update=0.0002s pub=0.0001s (local map=92, WM=92)[0m
[0m[ INFO] [1790436347.807472492, 1790434429.029060886]: rtabmap (1037): Rate=1.00s, Limit=0.000s, Conversion=0.0008s, RTAB-Map=0.1893s, Maps update=0.0002s pub=0.0001s (local map=92, WM=92)[0m
[0m[ INFO] [1790436348.943860041, 1790434430.168237624]: rtabmap (1038): Rate=1.00s, Limit=0.000s, Conversion=0.0018s, RTAB-Map=0.2023s, Maps update=0.0002s pub=0.0001s (local map=92, WM=92)[0m
[0m[ INFO] [1790436349.996826405, 1790434431.217714311]: rtabmap (1039): Rate=1.00s, Limit=0.000s, Conversion=0.0013s, RTAB-Map=0.1978s, Maps update=0.0002s pub=0.0001s (local map=92, WM=92)[0m
[0m[ INFO] [1790436351.202959230, 1790434432.430076752]: rtabmap (1040): Rate=1.00s, Limit=0.000s, Conversion=0.0013s, RTAB-Map=0.2016s, Maps update=0.0002s pub=0.0001s (local map=92, WM=92)[0m
[0m[ INFO] [1790436352.193492550, 1790434433.419696332]: rtabmap (1041): Rate=1.00s, Limit=0.000s, Conversion=0.0010s, RTAB-Map=0.1824s, Maps update=0.0002s pub=0.0001s (local map=92, WM=92)[0m
[0m[ INFO] [1790436353.208642600, 1790434434.433034615]: rtabmap (1042): Rate=1.00s, Limit=0.000s, Conversion=0.0013s, RTAB-Map=0.1925s, Maps update=0.0002s pub=0.0001s (local map=92, WM=92)[0m
[0m[ INFO] [1790436354.315437031, 1790434435.543511078]: rtabmap (1043): Rate=1.00s, Limit=0.000s, Conversion=0.0015s, RTAB-Map=0.1979s, Maps update=0.0001s pub=0.0001s (local map=93, WM=93)[0m
[0m[ INFO] [1790436355.319474959, 1790434436.542146600]: rtabmap (1044): Rate=1.00s, Limit=0.000s, Conversion=0.0013s, RTAB-Map=0.2115s, Maps update=0.0002s pub=0.0001s (local map=93, WM=93)[0m
[0m[ INFO] [1790436356.388642461, 1790434437.612552998]: rtabmap (1045): Rate=1.00s, Limit=0.000s, Conversion=0.0009s, RTAB-Map=0.1833s, Maps update=0.0002s pub=0.0001s (local map=93, WM=93)[0m
[0m[ INFO] [1790436357.404259761, 1790434438.629079718]: rtabmap (1046): Rate=1.00s, Limit=0.000s, Conversion=0.0009s, RTAB-Map=0.1826s, Maps update=0.0002s pub=0.0001s (local map=93, WM=93)[0m
[0m[ INFO] [1790436358.518659005, 1790434439.748748118]: rtabmap (1047): Rate=1.00s, Limit=0.000s, Conversion=0.0030s, RTAB-Map=0.2099s, Maps update=0.0002s pub=0.0001s (local map=93, WM=93)[0m
[0m[ INFO] [1790436359.590075576, 1790434440.817251180]: rtabmap (1048): Rate=1.00s, Limit=0.000s, Conversion=0.0008s, RTAB-Map=0.1856s, Maps update=0.0002s pub=0.0001s (local map=93, WM=93)[0m
[0m[ INFO] [1790436360.580867868, 1790434441.802247396]: rtabmap (1049): Rate=1.00s, Limit=0.000s, Conversion=0.0013s, RTAB-Map=0.1871s, Maps update=0.0002s pub=0.0001s (local map=93, WM=93)[0m
[0m[ INFO] [1790436361.685349431, 1790434442.910304430]: rtabmap (1050): Rate=1.00s, Limit=0.000s, Conversion=0.0013s, RTAB-Map=0.1976s, Maps update=0.0002s pub=0.0001s (local map=93, WM=93)[0m
[0m[ INFO] [1790436362.787946645, 1790434444.011106772]: rtabmap (1051): Rate=1.00s, Limit=0.000s, Conversion=0.0013s, RTAB-Map=0.1815s, Maps update=0.0003s pub=0.0001s (local map=93, WM=93)[0m
[0m[ INFO] [1790436363.820686215, 1790434445.049668082]: rtabmap (1052): Rate=1.00s, Limit=0.000s, Conversion=0.0013s, RTAB-Map=0.2176s, Maps update=0.0002s pub=0.0001s (local map=93, WM=93)[0m
[0m[ INFO] [1790436365.009895223, 1790434446.238786945]: rtabmap (1053): Rate=1.00s, Limit=0.000s, Conversion=0.0013s, RTAB-Map=0.2140s, Maps update=0.0002s pub=0.0001s (local map=93, WM=93)[0m
[33m[ WARN] (2026-09-26 11:26:05.799) Transform.cpp:557::getTransform() No transform found for stamp 1790434446.988670! Latest is 1790434446.984594[0m
[0m[ INFO] [1790436365.996362986, 1790434447.220400341]: rtabmap (1054): Rate=1.00s, Limit=0.000s, Conversion=0.0026s, RTAB-Map=0.1956s, Maps update=0.0002s pub=0.0001s (local map=93, WM=93)[0m
[0m[ INFO] [1790436367.149601566, 1790434448.373832363]: rtabmap (1055): Rate=1.00s, Limit=0.000s, Conversion=0.0020s, RTAB-Map=0.2039s, Maps update=0.0002s pub=0.0001s (local map=93, WM=93)[0m
[0m[ INFO] [1790436368.195862441, 1790434449.421828269]: rtabmap (1056): Rate=1.00s, Limit=0.000s, Conversion=0.0009s, RTAB-Map=0.2030s, Maps update=0.0003s pub=0.0001s (local map=93, WM=93)[0m
[0m[ INFO] [1790436369.221948811, 1790434450.451339259]: rtabmap (1057): Rate=1.00s, Limit=0.000s, Conversion=0.0014s, RTAB-Map=0.2056s, Maps update=0.0002s pub=0.0001s (local map=93, WM=93)[0m
[0m[ INFO] [1790436370.208056166, 1790434451.433950345]: rtabmap (1058): Rate=1.00s, Limit=0.000s, Conversion=0.0013s, RTAB-Map=0.2059s, Maps update=0.0002s pub=0.0001s (local map=93, WM=93)[0m
[0m[ INFO] [1790436371.286855590, 1790434452.513680981]: rtabmap (1059): Rate=1.00s, Limit=0.000s, Conversion=0.0013s, RTAB-Map=0.1858s, Maps update=0.0002s pub=0.0001s (local map=93, WM=93)[0m
[0m[ INFO] [1790436372.315718909, 1790434453.538572121]: rtabmap (1060): Rate=1.00s, Limit=0.000s, Conversion=0.0019s, RTAB-Map=0.1821s, Maps update=0.0002s pub=0.0001s (local map=93, WM=93)[0m
[0m[ INFO] [1790436373.301511302, 1790434454.528199315]: rtabmap (1061): Rate=1.00s, Limit=0.000s, Conversion=0.0012s, RTAB-Map=0.1905s, Maps update=0.0002s pub=0.0001s (local map=93, WM=93)[0m
[0m[ INFO] [1790436374.505376446, 1790434455.728230714]: rtabmap (1062): Rate=1.00s, Limit=0.000s, Conversion=0.0018s, RTAB-Map=0.2002s, Maps update=0.0002s pub=0.0001s (local map=93, WM=93)[0m
[0m[ INFO] [1790436375.508032213, 1790434456.736758781]: rtabmap (1063): Rate=1.00s, Limit=0.000s, Conversion=0.0014s, RTAB-Map=0.2027s, Maps update=0.0002s pub=0.0001s (local map=93, WM=93)[0m
[0m[ INFO] [1790436376.596677977, 1790434457.806160937]: rtabmap (1064): Rate=1.00s, Limit=0.000s, Conversion=0.0020s, RTAB-Map=0.2001s, Maps update=0.0003s pub=0.0001s (local map=93, WM=93)[0m
[0m[ INFO] [1790436377.586189150, 1790434458.811114389]: rtabmap (1065): Rate=1.00s, Limit=0.000s, Conversion=0.0008s, RTAB-Map=0.1900s, Maps update=0.0002s pub=0.0001s (local map=93, WM=93)[0m
[0m[ INFO] [1790436378.719896122, 1790434459.942944697]: rtabmap (1066): Rate=1.00s, Limit=0.000s, Conversion=0.0013s, RTAB-Map=0.2107s, Maps update=0.0002s pub=0.0001s (local map=93, WM=93)[0m
[0m[ INFO] [1790436379.720903145, 1790434460.942033263]: rtabmap (1067): Rate=1.00s, Limit=0.000s, Conversion=0.0020s, RTAB-Map=0.1992s, Maps update=0.0002s pub=0.0001s (local map=93, WM=93)[0m
[33m[ WARN] (2026-09-26 11:26:20.501) Transform.cpp:557::getTransform() No transform found for stamp 1790434461.697858! Latest is 1790434461.683520[0m
[0m[ INFO] [1790436380.694332786, 1790434461.921603399]: rtabmap (1068): Rate=1.00s, Limit=0.000s, Conversion=0.0016s, RTAB-Map=0.1920s, Maps update=0.0002s pub=0.0001s (local map=93, WM=93)[0m
[33m[ WARN] (2026-09-26 11:26:21.603) Transform.cpp:557::getTransform() No transform found for stamp 1790434462.801043! Latest is 1790434462.790831[0m
[0m[ INFO] [1790436381.775694879, 1790434463.002497357]: rtabmap (1069): Rate=1.00s, Limit=0.000s, Conversion=0.0020s, RTAB-Map=0.1710s, Maps update=0.0002s pub=0.0001s (local map=93, WM=93)[0m
[0m[ INFO] [1790436382.930431187, 1790434464.154551999]: rtabmap (1070): Rate=1.00s, Limit=0.000s, Conversion=0.0014s, RTAB-Map=0.2207s, Maps update=0.0002s pub=0.0001s (local map=93, WM=93)[0m
[0m[ INFO] [1790436383.935066205, 1790434465.164003496]: rtabmap (1071): Rate=1.00s, Limit=0.000s, Conversion=0.0018s, RTAB-Map=0.2133s, Maps update=0.0002s pub=0.0001s (local map=93, WM=93)[0m
[0m[ INFO] [1790436385.033919450, 1790434466.263758992]: rtabmap ([33m[ WARN] [1790436402.904206632, 1790434484.132545067]: We are receiving imu data (buffer=1000), but cannot interpolate imu transform at time 1790434484.092252. IMU won't be added to graph.[0m
1072): Rate=1.00s, Limit=0.000s, Conversion=0.0011s, RTAB-Map=0.2131s, Maps update=0.0002s pub=0.0001s (local map=93, WM=93)[0m
[0m[ INFO] [1790436386.114673962, 1790434467.342983756]: rtabmap (1073): Rate=1.00s, Limit=0.000s, Conversion=0.0013s, RTAB-Map=0.2036s, Maps update=0.0002s pub=0.0001s (local map=93, WM=93)[0m
[0m[ INFO] [1790436387.218541532, 1790434468.443730230]: rtabmap (1074): Rate=1.00s, Limit=0.000s, Conversion=0.0013s, RTAB-Map=0.2074s, Maps update=0.0002s pub=0.0001s (local map=93, WM=93)[0m
[0m[ INFO] [1790436388.180854550, 1790434469.410669579]: rtabmap (1075): Rate=1.00s, Limit=0.000s, Conversion=0.0017s, RTAB-Map=0.1831s, Maps update=0.0002s pub=0.0001s (local map=93, WM=93)[0m
[0m[ INFO] [1790436389.197320128, 1790434470.420367135]: rtabmap (1076): Rate=1.00s, Limit=0.000s, Conversion=0.0012s, RTAB-Map=0.2053s, Maps update=0.0002s pub=0.0001s (local map=93, WM=93)[0m
[0m[ INFO] [1790436390.306274660, 1790434471.533708091]: rtabmap (1077): Rate=1.00s, Limit=0.000s, Conversion=0.0019s, RTAB-Map=0.2044s, Maps update=0.0002s pub=0.0001s (local map=93, WM=93)[0m
[0m[ INFO] [1790436391.309312089, 1790434472.534693302]: rtabmap (1078): Rate=1.00s, Limit=0.000s, Conversion=0.0009s, RTAB-Map=0.2027s, Maps update=0.0002s pub=0.0001s (local map=93, WM=93)[0m
[0m[ INFO] [1790436392.380094603, 1790434473.606992379]: rtabmap (1079): Rate=1.00s, Limit=0.000s, Conversion=0.0014s, RTAB-Map=0.1857s, Maps update=0.0003s pub=0.0001s (local map=93, WM=93)[0m
[0m[ INFO] [1790436393.502243400, 1790434474.730427272]: rtabmap (1080): Rate=1.00s, Limit=0.000s, Conversion=0.0013s, RTAB-Map=0.2021s, Maps update=0.0002s pub=0.0001s (local map=93, WM=93)[0m
[0m[ INFO] [1790436394.609978151, 1790434475.836133806]: rtabmap (1081): Rate=1.00s, Limit=0.000s, Conversion=0.0014s, RTAB-Map=0.2056s, Maps update=0.0002s pub=0.0001s (local map=93, WM=93)[0m
[0m[ INFO] [1790436395.611607799, 1790434476.837189527]: rtabmap (1082): Rate=1.00s, Limit=0.000s, Conversion=0.0013s, RTAB-Map=0.2090s, Maps update=0.0002s pub=0.0001s (local map=93, WM=93)[0m
[0m[ INFO] [1790436396.608058753, 1790434477.829087014]: rtabmap (1083): Rate=1.00s, Limit=0.000s, Conversion=0.0020s, RTAB-Map=0.2066s, Maps update=0.0002s pub=0.0001s (local map=93, WM=93)[0m
[0m[ INFO] [1790436397.730492844, 1790434478.951062604]: rtabmap (1084): Rate=1.00s, Limit=0.000s, Conversion=0.0012s, RTAB-Map=0.2142s, Maps update=0.0002s pub=0.0001s (local map=93, WM=93)[0m
[0m[ INFO] [1790436398.694559856, 1790434479.920747287]: rtabmap (1085): Rate=1.00s, Limit=0.000s, Conversion=0.0013s, RTAB-Map=0.1816s, Maps update=0.0002s pub=0.0001s (local map=93, WM=93)[0m
[0m[ INFO] [1790436399.911932779, 1790434481.139592614]: rtabmap (1086): Rate=1.00s, Limit=0.000s, Conversion=0.0015s, RTAB-Map=0.2077s, Maps update=0.0002s pub=0.0001s (local map=93, WM=93)[0m
[0m[ INFO] [1790436400.995491896, 1790434482.217143878]: rtabmap (1087): Rate=1.00s, Limit=0.000s, Conversion=0.0014s, RTAB-Map=0.1955s, Maps update=0.0002s pub=0.0001s (local map=93, WM=93)[0m
[0m[ INFO] [1790436402.000080018, 1790434483.222106788]: rtabmap (1088): Rate=1.00s, Limit=0.000s, Conversion=0.0013s, RTAB-Map=0.1982s, Maps update=0.0002s pub=0.0001s (local map=93, WM=93)[0m
[33m[ WARN] (2026-09-26 11:26:42.904) Transform.cpp:557::getTransform() No transform found for stamp 1790434484.092252! Latest is 1790434484.083982[0m
[0m[ INFO] [1790436403.099925539, 1790434484.325873992]: rtabmap (1089): Rate=1.00s, Limit=0.000s, Conversion=0.0023s, RTAB-Map=0.1951s, Maps update=0.0002s pub=0.0001s (local map=93, WM=93)[0m
[0m[ INFO] [1790436404.238238745, 1790434485.461695550]: rtabmap (1090): Rate=1.00s, Limit=0.000s, Conversion=0.0008s, RTAB-Map=0.1898s, Maps update=0.0002s pub=0.0001s (local map=93, WM=93)[0m
[0m[ INFO] [1790436405.308242181, 1790434486.533330174]: rtabmap (1091): Rate=1.00s, Limit=0.000s, Conversion=0.0020s, RTAB-Map=0.2039s, Maps update=0.0002s pub=0.0001s (local map=93, WM=93)[0m
[0m[ INFO] [1790436406.312394406, 1790434487.538648526]: rtabmap (1092): Rate=1.00s, Limit=0.000s, Conversion=0.0008s, RTAB-Map=0.1920s, Maps update=0.0002s pub=0.0001s (local map=93, WM=93)[0m
[0m[ INFO] [1790436407.396375930, 1790434488.616257521]: rtabmap (1093): Rate=1.00s, Limit=0.000s, Conversion=0.0024s, RTAB-Map=0.1982s, Maps update=0.0002s pub=0.0001s (local map=93, WM=93)[0m
[0m[ INFO] [1790436408.519663708, 1790434489.745303548]: rtabmap (1094): Rate=1.00s, Limit=0.000s, Conversion=0.0013s, RTAB-Map=0.2123s, Maps update=0.0002s pub=0.0001s (local map=93, WM=93)[0m
[0m[ INFO] [1790436409.490316806, 1790434490.664066547]: rtabmap (1095): Rate=1.00s, Limit=0.000s, Conversion=0.0014s, RTAB-Map=0.1806s, Maps update=0.0002s pub=0.0001s (local map=93, WM=93)[0m
Warning: TF_REPEATED_DATA ignoring data with redundant timestamp for frame odom (parent map) at time 1790434490.910953 according to authority unknown_publisher
         at line 278 in /tmp/binarydeb/ros-noetic-tf2-0.7.7/src/buffer_core.cpp
Warning: TF_REPEATED_DATA ignoring data with redundant timestamp for frame odom (parent map) at time 1790434490.910953 according to authority /rtabmap/rtabmap
[33m[ WARN] [1790436409.582073555, 1790434490.810952637]: TF_REPEATED_DATA ignoring data with redundant timestamp for frame odom (parent map) at time 1790434490.910953 according to authority unknown_publisher[0m
         at line 278 in /tmp/binarydeb/ros-noetic-tf2-0.7.7/src/buffer_core.cpp
[0m[ INFO] [1790436410.523222306, 1790434491.750066706]: rtabmap (1096): Rate=1.00s, Limit=0.000s, Conversion=0.0013s, RTAB-Map=0.1900s, Maps update=0.0002s pub=0.0001s (local map=93, WM=93)[0m
[0m[ INFO] [1790436411.715705732, 1790434492.936865228]: rtabmap (1097): Rate=1.00s, Limit=0.000s, Conversion=0.0021s, RTAB-Map=0.2016s, Maps update=0.0002s pub=0.0001s (local map=93, WM=93)[0m
[0m[ INFO] [1790436412.703799486, 1790434493.924414527]: rtabmap (1098): Rate=1.00s, Limit=0.000s, Conversion=0.0008s, RTAB-Map=0.1947s, Maps update=0.0004s pub=0.0001s (local map=93, WM=93)[0m
[0m[ INFO] [1790436413.825979032, 1790434495.054717473]: rtabmap (1099): Rate=1.00s, Limit=0.000s, Conversion=0.0020s, RTAB-Map=0.2045s, Maps update=0.0002s pub=0.0001s (local map=93, WM=93)[0m
[0m[ INFO] [1790436414.862443503, 1790434496.084802342]: rtabmap (1100): Rate=1.00s, Limit=0.000s, Conversion=0.0012s, RTAB-Map=0.2095s, Maps update=0.0002s pub=0.0001s (local map=93, WM=93)[0m
[0m[ INFO] [1790436415.923380087, 1790434497.145980402]: rtabmap (1101): Rate=1.00s, Limit=0.000s, Conversion=0.0014s, RTAB-Map=0.2128s, Maps update=0.0004s pub=0.0001s (local map=93, WM=93)[0m
[0m[ INFO] [1790436416.895263186, 1790434498.119115037]: rtabmap (1102): Rate=1.00s, Limit=0.000s, Conversion=0.0008s, RTAB-Map=0.1898s, Maps update=0.0002s pub=0.0001s (local map=93, WM=93)[0m
[0m[ INFO] [1790436418.017268663, 1790434499.242080813]: rtabmap (1103): Rate=1.00s, Limit=0.000s, Conversion=0.0017s, RTAB-Map=0.2063s, Maps update=0.0002s pub=0.0001s (local map=93, WM=93)[0m
[0m[ INFO] [1790436419.117686917, 1790434500.342949441]: rtabmap (1104): Rate=1.00s, Limit=0.000s, Conversion=0.0013s, RTAB-Map=0.2166s, Maps update=0.0002s pub=0.0001s (local map=93, WM=93)[0m
[0m[ INFO] [1790436420.202830380, 1790434501.431637717]: rtabmap (1105): Rate=1.00s, Limit=0.000s, Conversion=0.0016s, RTAB-Map=0.1948s, Maps update=0.0004s pub=0.0001s (local map=93, WM=93)[0m
[0m[ INFO] [1790436421.211886956, 1790434502.431702435]: rtabmap (1106): Rate=1.00s, Limit=0.000s, Conversion=0.0010s, RTAB-Map=0.1990s, Maps update=0.0002s pub=0.0001s (local map=93, WM=93)[0m
[0m[ INFO] [1790436422.299306695, 1790434503.523840282]: rtabmap (1107): Rate=1.00s, Limit=0.000s, Conversion=0.0014s, RTAB-Map=0.2000s, Maps update=0.0003s pub=0.0001s (local map=93, WM=93)[0m
[0m[ INFO] [1790436423.425702633, 1790434504.656102374]: rtabmap (1108): Rate=1.00s, Limit=0.000s, Conversion=0.0012s, RTAB-Map=0.2128s, Maps update=0.0001s pub=0.0001s (local map=94, WM=94)[0m
[0m[ INFO] [1790436424.438598252, 1790434505.666076196]: rtabmap (1109): Rate=1.00s, Limit=0.000s, Conversion=0.0018s, RTAB-Map=0.2166s, Maps update=0.0002s pub=0.0001s (local map=94, WM=94)[0m
[0m[ INFO] [1790436425.495551927, 1790434506.724280479]: rtabmap (1110): Rate=1.00s, Limit=0.000s, Conversion=0.0018s, RTAB-Map=0.2013s, Maps update=0.0002s pub=0.0001s (local map=94, WM=94)[0m
[0m[ INFO] [1790436426.608181149, 1790434507.835000685]: rtabmap (1111): Rate=1.00s, Limit=0.000s, Conversion=0.0014s, RTAB-Map=0.2049s, Maps update=0.0002s pub=0.0001s (local map=94, WM=94)[0m
[0m[ INFO] [1790436427.596806688, 1790434508.824236184]: rtabmap (1112): Rate=1.00s, Limit=0.000s, Conversion=0.0014s, RTAB-Map=0.1882s, Maps update=0.0002s pub=0.0001s (local map=95, WM=95)[0m
[0m[ INFO] [1790436428.628345469, 1790434509.854465668]: rtabmap (1113): Rate=1.00s, Limit=0.000s, Conversion=0.0008s, RTAB-Map=0.1918s, Maps update=0.0002s pub=0.0001s (local map=95, WM=95)[0m
[0m[ INFO] [1790436429.812912704, 1790434511.035236087]: rtabmap (1114): Rate=1.00s, Limit=0.000s, Conversion=0.0012s, RTAB-Map=0.2110s, Maps update=0.0001s pub=0.0001s (local map=96, WM=96)[0m
[0m[ INFO] [1790436430.847884319, 1790434512.073606465]: rtabmap (1115): Rate=1.00s, Limit=0.000s, Conversion=0.0011s, RTAB-Map=0.2150s, Maps update=0.0002s pub=0.0001s (local map=96, WM=96)[0m
[0m[ INFO] [1790436431.903725376, 1790434513.122738926]: rtabmap (1116): Rate=1.00s, Limit=0.000s, Conversion=0.0013s, RTAB-Map=0.2022s, Maps update=0.0004s pub=0.0001s (local map=97, WM=97)[0m
[0m[ INFO] [1790436432.843141601, 1790434514.065719772]: rtabmap (1117): Rate=1.00s, Limit=0.000s, Conversion=0.0008s, RTAB-Map=0.1947s, Maps update=0.0002s pub=0.0001s (local map=97, WM=97)[0m
[0m[ INFO] [1790436433.986360391, 1790434515.206116862]: rtabmap (1118): Rate=1.00s, Limit=0.000s, Conversion=0.0008s, RTAB-Map=0.1833s, Maps update=0.0002s pub=0.0001s (local map=98, WM=98)[0m
[0m[ INFO] [1790436435.115335796, 1790434516.340186955]: rtabmap (1119): Rate=1.00s, Limit=0.000s, Conversion=0.0011s, RTAB-Map=0.2131s, Maps update=0.0002s pub=0.0001s (local map=98, WM=98)[0m
[0m[ INFO] [1790436436.108874930, 1790434517.329854489]: rtabmap (1120): Rate=1.00s, Limit=0.000s, Conversion=0.0009s, RTAB-Map=0.1882s, Maps update=0.0001s pub=0.0001s (local map=99, WM=99)[0m
[0m[ INFO] [1790436437.323728398, 1790434518.551414985]: rtabmap (1121): Rate=1.00s, Limit=0.000s, Conversion=0.0013s, RTAB-Map=0.2225s, Maps update=0.0002s pub=0.0001s (local map=99, WM=99)[0m
[0m[ INFO] [1790436438.324002744, 1790434519.550888041]: rtabmap (1122): Rate=1.00s, Limit=0.000s, Conversion=0.0013s, RTAB-Map=0.2109s, Maps update=0.0001s pub=0.0001s (local map=100, WM=100)[0m
[0m[ INFO] [1790436439.312813839, 1790434520.543047402]: rtabmap (1123): Rate=1.00s, Limit=0.000s, Conversion=0.0014s, RTAB-Map=0.1977s, Maps update=0.0002s pub=0.0001s (local map=100, WM=100)[0m
[0m[ INFO] [1790436440.407146159, 1790434521.628844671]: rtabmap (1124): Rate=1.00s, Limit=0.000s, Conversion=0.0013s, RTAB-Map=0.2053s, Maps update=0.0002s pub=0.0001s (local map=101, WM=101)[0m
[0m[ INFO] [1790436441.518978599, 1790434522.741795877]: rtabmap (1125): Rate=1.00s, Limit=0.000s, Conversion=0.0013s, RTAB-Map=0.2110s, Maps update=0.0002s pub=0.0001s (local map=101, WM=101)[0m
[0m[ INFO] [1790436442.512780848, 1790434523.734864004]: rtabmap (1126): Rate=1.00s, Limit=0.000s, Conversion=0.0019s, RTAB-Map=0.2073s, Maps update=0.0001s pub=0.0001s (local map=102, WM=102)[0m
[0m[ INFO] [1790436443.534053165, 1790434524.763026232]: rtabmap (1127): Rate=1.00s, Limit=0.000s, Conversion=0.0013s, RTAB-Map=0.2049s, Maps update=0.0002s pub=0.0001s (local map=102, WM=102)[0m
[0m[ INFO] [1790436444.599626098, 1790434525.825303028]: rtabmap (1128): Rate=1.00s, Limit=0.000s, Conversion=0.0013s, RTAB-Map=0.1907s, Maps update=0.0002s pub=0.0001s (local map=103, WM=103)[0m
[0m[ INFO] [1790436445.650695101, 1790434526.873319256]: rtabmap (1129): Rate=1.00s, Limit=0.000s, Conversion=0.0014s, RTAB-Map=0.2097s, Maps update=0.0002s pub=0.0001s (local map=103, WM=103)[0m
[0m[ INFO] [1790436446.764546295, 1790434527.990333818]: rtabmap (1130): Rate=1.00s, Limit=0.000s, Conversion=0.0020s, RTAB-Map=0.2108s, Maps update=0.0002s pub=0.0001s (local map=103, WM=103)[0m
[0m[ INFO] [1790436447.809349194, 1790434529.033074323]: rtabmap (1131): Rate=1.00s, Limit=0.000s, Conversion=0.0012s, RTAB-Map=0.2034s, Maps update=0.0001s pub=0.0001s (local map=104, WM=104)[0m
[0m[ INFO] [1790436448.805168082, 1790434530.030783732]: rtabmap (1132): Rate=1.00s, Limit=0.000s, Conversion=0.0010s, RTAB-Map=0.1944s, Maps update=0.0002s pub=0.0001s (local map=104, WM=104)[0m
[0m[ INFO] [1790436449.927314343, 1790434531.151265139]: rtabmap (1133): Rate=1.00s, Limit=0.000s, Conversion=0.0008s, RTAB-Map=0.1907s, Maps update=0.0002s pub=0.0001s (local map=104, WM=104)[0m
[0m[ INFO] [1790436450.927938243, 1790434532.152421750]: rtabmap (1134): Rate=1.00s, Limit=0.000s, Conversion=0.0012s, RTAB-Map=0.2028s, Maps update=0.0003s pub=0.0001s (local map=104, WM=104)[0m
[0m[ INFO] [1790436452.006869392, 1790434533.228813092]: rtabmap (1135): Rate=1.00s, Limit=0.000s, Conversion=0.0014s, RTAB-Map=0.2126s, Maps update=0.0003s pub=0.0002s (local map=104, WM=104)[0m
[0m[ INFO] [1790436453.107573610, 1790434534.334218328]: rtabmap (1136): Rate=1.00s, Limit=0.000s, Conversion=0.0012s, RTAB-Map=0.2050s, Maps update=0.0003s pub=0.0001s (local map=104, WM=104)[0m
[0m[ INFO] [1790436454.213734242, 1790434535.440603924]: rtabmap (1137): Rate=1.00s, Limit=0.000s, Conversion=0.0013s, RTAB-M[33m[ WARN] [1790436471.006565695, 1790434552.235564171]: We are receiving imu data (buffer=1000), but cannot interpolate imu transform at time 1790434552.194941. IMU won't be added to graph.[0m
ap=0.2159s, Maps update=0.0003s pub=0.0001s (local map=104, WM=104)[0m
[0m[ INFO] [1790436455.316213576, 1790434536.539222569]: rtabmap (1138): Rate=1.00s, Limit=0.000s, Conversion=0.0026s, RTAB-Map=0.2126s, Maps update=0.0003s pub=0.0001s (local map=104, WM=104)[0m
[0m[ INFO] [1790436456.311253802, 1790434537.537830583]: rtabmap (1139): Rate=1.00s, Limit=0.000s, Conversion=0.0013s, RTAB-Map=0.2076s, Maps update=0.0003s pub=0.0001s (local map=104, WM=104)[0m
[0m[ INFO] [1790436457.412159635, 1790434538.636383811]: rtabmap (1140): Rate=1.00s, Limit=0.000s, Conversion=0.0013s, RTAB-Map=0.2090s, Maps update=0.0002s pub=0.0001s (local map=104, WM=104)[0m
[0m[ INFO] [1790436458.509440650, 1790434539.737297736]: rtabmap (1141): Rate=1.00s, Limit=0.000s, Conversion=0.0012s, RTAB-Map=0.2114s, Maps update=0.0002s pub=0.0001s (local map=104, WM=104)[0m
[0m[ INFO] [1790436459.520581673, 1790434540.747731645]: rtabmap (1142): Rate=1.00s, Limit=0.000s, Conversion=0.0014s, RTAB-Map=0.2082s, Maps update=0.0002s pub=0.0001s (local map=104, WM=104)[0m
[0m[ INFO] [1790436460.484021903, 1790434541.710058230]: rtabmap (1143): Rate=1.00s, Limit=0.000s, Conversion=0.0008s, RTAB-Map=0.1893s, Maps update=0.0003s pub=0.0001s (local map=104, WM=104)[0m
[0m[ INFO] [1790436461.529159598, 1790434542.751658632]: rtabmap (1144): Rate=1.00s, Limit=0.000s, Conversion=0.0012s, RTAB-Map=0.2034s, Maps update=0.0002s pub=0.0001s (local map=104, WM=104)[0m
[0m[ INFO] [1790436462.613566867, 1790434543.843015748]: rtabmap (1145): Rate=1.00s, Limit=0.000s, Conversion=0.0014s, RTAB-Map=0.2132s, Maps update=0.0002s pub=0.0001s (local map=104, WM=104)[0m
[0m[ INFO] [1790436463.798590299, 1790434545.026704188]: rtabmap (1146): Rate=1.00s, Limit=0.000s, Conversion=0.0010s, RTAB-Map=0.1983s, Maps update=0.0004s pub=0.0001s (local map=104, WM=104)[0m
[0m[ INFO] [1790436464.890960667, 1790434546.114632068]: rtabmap (1147): Rate=1.00s, Limit=0.000s, Conversion=0.0008s, RTAB-Map=0.1885s, Maps update=0.0002s pub=0.0001s (local map=104, WM=104)[0m
[0m[ INFO] [1790436465.931081001, 1790434547.152964828]: rtabmap (1148): Rate=1.00s, Limit=0.000s, Conversion=0.0012s, RTAB-Map=0.2131s, Maps update=0.0002s pub=0.0001s (local map=104, WM=104)[0m
[0m[ INFO] [1790436467.000458881, 1790434548.224630576]: rtabmap (1149): Rate=1.00s, Limit=0.000s, Conversion=0.0017s, RTAB-Map=0.2063s, Maps update=0.0002s pub=0.0001s (local map=104, WM=104)[0m
[0m[ INFO] [1790436468.012588586, 1790434549.241883962]: rtabmap (1150): Rate=1.00s, Limit=0.000s, Conversion=0.0012s, RTAB-Map=0.2070s, Maps update=0.0003s pub=0.0001s (local map=104, WM=104)[0m
[0m[ INFO] [1790436468.989209557, 1790434550.217887229]: rtabmap (1151): Rate=1.00s, Limit=0.000s, Conversion=0.0009s, RTAB-Map=0.1876s, Maps update=0.0002s pub=0.0001s (local map=104, WM=104)[0m
[0m[ INFO] [1790436470.140652894, 1790434551.368040438]: rtabmap (1152): Rate=1.00s, Limit=0.000s, Conversion=0.0012s, RTAB-Map=0.2076s, Maps update=0.0002s pub=0.0001s (local map=104, WM=104)[0m
[33m[ WARN] (2026-09-26 11:27:51.006) Transform.cpp:557::getTransform() No transform found for stamp 1790434552.194941! Latest is 1790434552.185481[0m
[0m[ INFO] [1790436471.200332844, 1790434552.427965222]: rtabmap (1153): Rate=1.00s, Limit=0.000s, Conversion=0.0019s, RTAB-Map=0.1931s, Maps update=0.0002s pub=0.0001s (local map=104, WM=104)[0m
[0m[ INFO] [1790436472.296748958, 1790434553.521744792]: rtabmap (1154): Rate=1.00s, Limit=0.000s, Conversion=0.0013s, RTAB-Map=0.1904s, Maps update=0.0004s pub=0.0001s (local map=104, WM=104)[0m
[0m[ INFO] [1790436473.356499780, 1790434554.582241767]: rtabmap (1155): Rate=1.00s, Limit=0.000s, Conversion=0.0019s, RTAB-Map=0.2068s, Maps update=0.0002s pub=0.0001s (local map=104, WM=104)[0m
[0m[ INFO] [1790436474.440560275, 1790434555.663193520]: rtabmap (1156): Rate=1.00s, Limit=0.000s, Conversion=0.0013s, RTAB-Map=0.2154s, Maps update=0.0003s pub=0.0001s (local map=104, WM=104)[0m
[0m[ INFO] [1790436475.599897223, 1790434556.828476814]: rtabmap (1157): Rate=1.00s, Limit=0.000s, Conversion=0.0013s, RTAB-Map=0.1954s, Maps update=0.0002s pub=0.0001s (local map=104, WM=104)[0m
[0m[ INFO] [1790436476.607903868, 1790434557.834452713]: rtabmap (1158): Rate=1.00s, Limit=0.000s, Conversion=0.0009s, RTAB-Map=0.2088s, Maps update=0.0002s pub=0.0001s (local map=104, WM=104)[0m
[0m[ INFO] [1790436477.709082836, 1790434558.930203869]: rtabmap (1159): Rate=1.00s, Limit=0.000s, Conversion=0.0010s, RTAB-Map=0.2049s, Maps update=0.0002s pub=0.0001s (local map=104, WM=104)[0m
[0m[ INFO] [1790436478.711553980, 1790434559.934318106]: rtabmap (1160): Rate=1.00s, Limit=0.000s, Conversion=0.0010s, RTAB-Map=0.2034s, Maps update=0.0003s pub=0.0001s (local map=104, WM=104)[0m
[0m[ INFO] [1790436479.696813291, 1790434560.923159190]: rtabmap (1161): Rate=1.00s, Limit=0.000s, Conversion=0.0011s, RTAB-Map=0.1971s, Maps update=0.0003s pub=0.0001s (local map=104, WM=104)[0m
[0m[ INFO] [1790436480.700733470, 1790434561.923163640]: rtabmap (1162): Rate=1.00s, Limit=0.000s, Conversion=0.0013s, RTAB-Map=0.2034s, Maps update=0.0003s pub=0.0001s (local map=104, WM=104)[0m
[0m[ INFO] [1790436481.911494197, 1790434563.136781491]: rtabmap (1163): Rate=1.00s, Limit=0.000s, Conversion=0.0012s, RTAB-Map=0.1984s, Maps update=0.0002s pub=0.0001s (local map=104, WM=104)[0m
[0m[ INFO] [1790436482.919610356, 1790434564.147573747]: rtabmap (1164): Rate=1.00s, Limit=0.000s, Conversion=0.0012s, RTAB-Map=0.2062s, Maps update=0.0002s pub=0.0001s (local map=104, WM=104)[0m
[0m[ INFO] [1790436483.923107573, 1790434565.144949161]: rtabmap (1165): Rate=1.00s, Limit=0.000s, Conversion=0.0013s, RTAB-Map=0.1899s, Maps update=0.0002s pub=0.0001s (local map=104, WM=104)[0m
[0m[ INFO] [1790436485.006173390, 1790434566.232797245]: rtabmap (1166): Rate=1.00s, Limit=0.000s, Conversion=0.0014s, RTAB-Map=0.2112s, Maps update=0.0002s pub=0.0001s (local map=104, WM=104)[0m
[0m[ INFO] [1790436486.014439491, 1790434567.242290177]: rtabmap (1167): Rate=1.00s, Limit=0.000s, Conversion=0.0013s, RTAB-Map=0.2214s, Maps update=0.0002s pub=0.0001s (local map=104, WM=104)[0m
[0m[ INFO] [1790436487.094049001, 1790434568.320746872]: rtabmap (1168): Rate=1.00s, Limit=0.000s, Conversion=0.0009s, RTAB-Map=0.1908s, Maps update=0.0002s pub=0.0001s (local map=104, WM=104)[0m
[0m[ INFO] [1790436488.114026311, 1790434569.343388792]: rtabmap (1169): Rate=1.00s, Limit=0.000s, Conversion=0.0012s, RTAB-Map=0.1890s, Maps update=0.0002s pub=0.0001s (local map=104, WM=104)[0m
Warning: TF_REPEATED_DATA ignoring data with redundant timestamp for frame odom (parent map) at time 1790434569.972559 according to authority unknown_publisher
         at line 278 in /tmp/binarydeb/ros-noetic-tf2-0.7.7/src/buffer_core.cpp
[33m[ WARN] [1790436488.644875543, 1790434569.872558995]: TF_REPEATED_DATA ignoring data with redundant timestamp for frame odom (parent map) at time 1790434569.972559 according to authority unknown_publisher[0m
Warning: TF_REPEATED_DATA ignoring data with redundant timestamp for frame odom (parent map) at time 1790434569.972559 according to authority /rtabmap/rtabmap
         at line 278 in /tmp/binarydeb/ros-noetic-tf2-0.7.7/src/buffer_core.cpp
[33m[ WARN] [1790436516.399369188, 1790434597.628252623]: We are receiving imu data (buffer=1000), but cannot interpolate imu transform at time 1790434597.587640. IMU won't be added to graph.[0m
[0m[ INFO] [1790436489.229781764, 1790434570.458611790]: rtabmap (1170): Rate=1.00s, Limit=0.000s, Conversion=0.0017s, RTAB-Map=0.2281s, Maps update=0.0002s pub=0.0001s (local map=104, WM=104)[0m
[0m[ INFO] [1790436490.312825799, 1790434571.538088037]: rtabmap (1171): Rate=1.00s, Limit=0.000s, Conversion=0.0014s, RTAB-Map=0.2084s, Maps update=0.0002s pub=0.0001s (local map=104, WM=104)[0m
[0m[ INFO] [1790436491.300491498, 1790434572.526416496]: rtabmap (1172): Rate=1.00s, Limit=0.000s, Conversion=0.0016s, RTAB-Map=0.1973s, Maps update=0.0003s pub=0.0001s (local map=104, WM=104)[0m
[0m[ INFO] [1790436492.381531212, 1790434573.604415661]: rtabmap (1173): Rate=1.00s, Limit=0.000s, Conversion=0.0013s, RTAB-Map=0.1886s, Maps update=0.0002s pub=0.0001s (local map=104, WM=104)[0m
[0m[ INFO] [1790436493.418614987, 1790434574.646935214]: rtabmap (1174): Rate=1.00s, Limit=0.000s, Conversion=0.0012s, RTAB-Map=0.2038s, Maps update=0.0002s pub=0.0001s (local map=104, WM=104)[0m
[0m[ INFO] [1790436494.494954251, 1790434575.718743030]: rtabmap (1175): Rate=1.00s, Limit=0.000s, Conversion=0.0008s, RTAB-Map=0.1940s, Maps update=0.0002s pub=0.0001s (local map=104, WM=104)[0m
[0m[ INFO] [1790436495.485886599, 1790434576.706688621]: rtabmap (1176): Rate=1.00s, Limit=0.000s, Conversion=0.0008s, RTAB-Map=0.1883s, Maps update=0.0002s pub=0.0001s (local map=104, WM=104)[0m
[0m[ INFO] [1790436496.617530154, 1790434577.847373984]: rtabmap (1177): Rate=1.00s, Limit=0.000s, Conversion=0.0009s, RTAB-Map=0.2237s, Maps update=0.0002s pub=0.0001s (local map=104, WM=104)[0m
[0m[ INFO] [1790436497.710792335, 1790434578.937678080]: rtabmap (1178): Rate=1.00s, Limit=0.000s, Conversion=0.0013s, RTAB-Map=0.2058s, Maps update=0.0002s pub=0.0001s (local map=104, WM=104)[0m
[0m[ INFO] [1790436498.718675248, 1790434579.944329363]: rtabmap (1179): Rate=1.00s, Limit=0.000s, Conversion=0.0013s, RTAB-Map=0.2227s, Maps update=0.0002s pub=0.0001s (local map=104, WM=104)[0m
[0m[ INFO] [1790436499.694372449, 1790434580.918950710]: rtabmap (1180): Rate=1.00s, Limit=0.000s, Conversion=0.0008s, RTAB-Map=0.1841s, Maps update=0.0002s pub=0.0001s (local map=104, WM=104)[0m
[0m[ INFO] [1790436500.811904453, 1790434582.038790519]: rtabmap (1181): Rate=1.00s, Limit=0.000s, Conversion=0.0013s, RTAB-Map=0.2059s, Maps update=0.0002s pub=0.0001s (local map=104, WM=104)[0m
[0m[ INFO] [1790436501.823244550, 1790434583.049507025]: rtabmap (1182): Rate=1.00s, Limit=0.000s, Conversion=0.0013s, RTAB-Map=0.2063s, Maps update=0.0002s pub=0.0001s (local map=104, WM=104)[0m
[0m[ INFO] [1790436502.985432329, 1790434584.212971459]: rtabmap (1183): Rate=1.00s, Limit=0.000s, Conversion=0.0013s, RTAB-Map=0.1865s, Maps update=0.0002s pub=0.0001s (local map=104, WM=104)[0m
[0m[ INFO] [1790436504.003106353, 1790434585.231181713]: rtabmap (1184): Rate=1.00s, Limit=0.000s, Conversion=0.0017s, RTAB-Map=0.2015s, Maps update=0.0003s pub=0.0001s (local map=104, WM=104)[0m
[0m[ INFO] [1790436505.124057133, 1790434586.351862123]: rtabmap (1185): Rate=1.00s, Limit=0.000s, Conversion=0.0020s, RTAB-Map=0.2157s, Maps update=0.0002s pub=0.0001s (local map=104, WM=104)[0m
[0m[ INFO] [1790436506.108958713, 1790434587.331643415]: rtabmap (1186): Rate=1.00s, Limit=0.000s, Conversion=0.0013s, RTAB-Map=0.1999s, Maps update=0.0002s pub=0.0001s (local map=104, WM=104)[0m
[0m[ INFO] [1790436507.096492290, 1790434588.323631831]: rtabmap (1187): Rate=1.00s, Limit=0.000s, Conversion=0.0008s, RTAB-Map=0.1879s, Maps update=0.0002s pub=0.0001s (local map=104, WM=104)[0m
[0m[ INFO] [1790436508.132528541, 1790434589.354438994]: rtabmap (1188): Rate=1.00s, Limit=0.000s, Conversion=0.0008s, RTAB-Map=0.1959s, Maps update=0.0002s pub=0.0001s (local map=104, WM=104)[0m
[0m[ INFO] [1790436509.145943645, 1790434590.373593849]: rtabmap (1189): Rate=1.00s, Limit=0.000s, Conversion=0.0009s, RTAB-Map=0.2053s, Maps update=0.0002s pub=0.0001s (local map=104, WM=104)[0m
[0m[ INFO] [1790436510.247504023, 1790434591.475602616]: rtabmap (1190): Rate=1.00s, Limit=0.000s, Conversion=0.0012s, RTAB-Map=0.2026s, Maps update=0.0002s pub=0.0001s (local map=104, WM=104)[0m
[0m[ INFO] [1790436511.420328506, 1790434592.650625462]: rtabmap (1191): Rate=1.00s, Limit=0.000s, Conversion=0.0013s, RTAB-Map=0.2110s, Maps update=0.0002s pub=0.0001s (local map=104, WM=104)[0m
[0m[ INFO] [1790436512.423833365, 1790434593.651646770]: rtabmap (1192): Rate=1.00s, Limit=0.000s, Conversion=0.0012s, RTAB-Map=0.2024s, Maps update=0.0002s pub=0.0001s (local map=104, WM=104)[0m
[0m[ INFO] [1790436513.418048378, 1790434594.644125762]: rtabmap (1193): Rate=1.00s, Limit=0.000s, Conversion=0.0013s, RTAB-Map=0.1971s, Maps update=0.0002s pub=0.0001s (local map=104, WM=104)[0m
[0m[ INFO] [1790436514.512597741, 1790434595.736766814]: rtabmap (1194): Rate=1.00s, Limit=0.000s, Conversion=0.0015s, RTAB-Map=0.2118s, Maps update=0.0002s pub=0.0001s (local map=104, WM=104)[0m
[0m[ INFO] [1790436515.617543388, 1790434596.840711808]: rtabmap (1195): Rate=1.00s, Limit=0.000s, Conversion=0.0012s, RTAB-Map=0.2143s, Maps update=0.0002s pub=0.0001s (local map=104, WM=104)[0m
[33m[ WARN] (2026-09-26 11:28:36.399) Transform.cpp:557::getTransform() No transform found for stamp 1790434597.587640! Latest is 1790434597.586638[0m
[0m[ INFO] [1790436516.596077237, 1790434597.819823553]: rtabmap (1196): Rate=1.00s, Limit=0.000s, Conversion=0.0019s, RTAB-Map=0.1961s, Maps update=0.0002s pub=0.0001s (local map=104, WM=104)[0m
[0m[ INFO] [1790436517.621913968, 1790434598.852165836]: rtabmap (1197): Rate=1.00s, Limit=0.000s, Conversion=0.0013s, RTAB-Map=0.2122s, Maps update=0.0002s pub=0.0001s (local map=104, WM=104)[0m
[0m[ INFO] [1790436518.686712742, 1790434599.914817128]: rtabmap (1198): Rate=1.00s, Limit=0.000s, Conversion=0.0014s, RTAB-Map=0.1875s, Maps update=0.0003s pub=0.0001s (local map=104, WM=104)[0m
[0m[ INFO] [1790436519.702486303, 1790434600.922967074]: rtabmap (1199): Rate=1.00s, Limit=0.000s, Conversion=0.0008s, RTAB-Map=0.1934s, Maps update=0.0002s pub=0.0001s (local map=104, WM=104)[0m
[0m[ INFO] [1790436520.803243494, 1790434602.033370880]: rtabmap (1200): Rate=1.00s, Limit=0.000s, Conversion=0.0014s, RTAB-Map=0.1974s, Maps update=0.0002s pub=0.0001s (local map=104, WM=104)[0m
[0m[ INFO] [1790436521.819523837, 1790434603.043650382]: rtabmap (1201): Rate=1.00s, Limit=0.000s, Conversion=0.0013s, RTAB-Map=0.2119s, Maps update=0.0002s pub=0.0001s (local map=104, WM=104)[0m
[0m[ INFO] [1790436522.919181007, 1790434604.146198947]: rtabmap (1202): Rate=1.00s, Limit=0.000s, Conversion=0.0012s, RTAB-Map=0.2052s, Maps update=0.0002s pub=0.0001s (local map=104, WM=104)[0m
[0m[ INFO] [1790436524.009650893, 1790434605.239719206]: rtabmap (1203): Rate=1.00s, Limit=0.000s, Conversion=0.0013s, RTAB-Map=0.2045s, Maps update=0.0002s pub=0.0001s (local map=104, WM=104)[0m
[0m[ INFO] [1790436524.997441499, 1790434606.220452126]: rtabmap (1204): Rate=1.00s, Limit=0.000s, Conversion=0.0011s, RTAB-Map=0.1870s, Maps update=0.0004s pub=0.0001s (local map=104, WM=104)[0m
[0m[ INFO] [1790436526.017746837, 1790434607.243716380]: rtabmap (1205): Rate=1.00s, Limit=0.000s, Conversion=0.0013s, RTAB-Map=0.1967s, Maps update=0.0002s pub=0.0001s (local map=104, WM=104)[0m
[0m[ INFO] [1790436527.025203086, 1790434608.252660615]: rtabmap (1206): Rate=1.00s, Limit=0.000s, Conversion=0.0013s, RTAB-Map=0.2080s, Maps update=0.0002s pub=0.0001s (local map=104, WM=104)[0m
[0m[ INFO] [1790436528.129346403, 1790434609.358055948]: rtabmap (1207): Rate=1.00s, Limit=0.000s, Conversion=0.0013s, RTAB-Map=0.2202s, Maps update=0.0002s pub=0.0001s (local map=104, WM=104)[0m
[0m[ INFO] [1790436529.218874690, 1790434610.440393714]: rtabmap (1208): Rate=1.00s, Limit=0.000s, Conversion=0.0017s, RTAB-Map=0.2226s, Maps update=0.0002s pub=0.0001s (local map=104, WM=104)[0m
[0m[ INFO] [1790436530.209818469, 1790434611.430428715]: rtabmap (1209): Rate=1.00s, Limit=0.000s, Conversion=0.0022s, RTAB-Map=0.2146s, Maps update=0.0002s pub=0.0001s (local map=104, WM=104)[0m
[0m[ INFO] [1790436531.205380734, 1790434612.430239736]: rtabmap (1210): Rate=1.00s, Limit=0.000s, Conversion=0.0020s, RTAB-Map=0.2100s, Maps update=0.0002s pub=0.0001s (local map=104, WM=104)[0m
[0m[ INFO] [1790436532.288307840, 1790434613.511619687]: rtabmap (1211): Rate=1.00s, Limit=0.000s, Conversion=0.0008s, RTAB-Map=0.2002s, Maps update=0.0003s pub=0.0001s (local map=104, WM=104)[0m
[0m[ INFO] [1790436533.305871487, 1790434614.527730932]: rtabmap (1212): Rate=1.00s, Limit=0.000s, Conversion=0.0014s, RTAB-Map=0.2018s, Maps update=0.0002s pub=0.0001s (local map=104, WM=104)[0m
[0m[ INFO] [1790436534.397760840, 1790434615.620441127]: rtabmap (1213): Rate=1.00s, Limit=0.000s, Conversion=0.0014s, RTAB-Map=0.2060s, Maps update=0.0002s pub=0.0001s (local map=105, WM=105)[0m
[0m[ INFO] [1790436535.479053226, 1790434616.701082305]: rtabmap (1214): Rate=1.00s, Limit=0.000s, Conversion=0.0011s, RTAB-Map=0.1876s, Maps update=0.0001s pub=0.0001s (local map=106, WM=106)[0m
[0m[ INFO] [1790436536.523927628, 1790434617.751419078]: rtabmap (1215): Rate=1.00s, Limit=0.000s, Conversion=0.0019s, RTAB-Map=0.2104s, Maps update=0.0001s pub=0.0001s (local map=107, WM=107)[0m
[0m[ INFO] [1790436537.713070637, 1790434618.942497598]: rtabmap (1216): Rate=1.00s, Limit=0.000s, Conversion=0.0020s, RTAB-Map=0.2133s, Maps update=0.0001s pub=0.0001s (local map=108, WM=108)[0m
[0m[ INFO] [1790436538.694759715, 1790434619.921381938]: rtabmap (1217): Rate=1.00s, Limit=0.000s, Conversion=0.0013s, RTAB-Map=0.1914s, Maps update=0.0002s pub=0.0001s (local map=109, WM=109)[0m
[0m[ INFO] [1790436539.744276499, 1790434620.969293390]: rtabmap (1218): Rate=1.00s, Limit=0.000s, Conversion=0.0012s, RTAB-Map=0.2074s, Maps update=0.0001s pub=0.0001s (local map=110, WM=110)[0m
[0m[ INFO] [1790436540.721919985, 1790434621.949794096]: rtabmap (1219): Rate=1.00s, Limit=0.000s, Conversion=0.0013s, RTAB-Map=0.2169s, Maps update=0.0001s pub=0.0001s (local map=111, WM=111)[0m
[0m[ INFO] [1790436541.793781514, 1790434623.023443454]: rtabmap (1220): Rate=1.00s, Limit=0.000s, Conversion=0.0014s, RTAB-Map=0.1973s, Maps update=0.0002s pub=0.0001s (local map=112, WM=112)[0m
[0m[ INFO] [1790436542.819687055, 1790434624.045634230]: rtabmap (1221): Rate=1.00s, Limit=0.000s, Conversion=0.0022s, RTAB-Map=0.2169s, Maps update=0.0001s pub=0.0001s (local map=113, WM=113)[0m
[0m[ INFO] [1790436543.810515556, 1790434625.034981817]: rtabmap (1222): Rate=1.00s, Limit=0.000s, Conversion=0.0015s, RTAB-Map=0.2002s, Maps update=0.0001s pub=0.0001s (local map=114, WM=114)[0m
[0m[ INFO] [1790436544.925469887, 1790434626.153523904]: rtabmap (1223): Rate=1.00s, Limit=0.000s, Conversion=0.0021s, RTAB-Map=0.2201s, Maps update=0.0001s pub=0.0001s (local map=115, WM=115)[0m
[0m[ INFO] [1790436545.913257641, 1790434627.141395051]: rtabmap (1224): Rate=1.00s, Limit=0.000s, Conversion=0.0008s, RTAB-Map=0.2126s, Maps update=0.0002s pub=0.0001s (local map=116, WM=116)[0m
[0m[ INFO] [1790436547.017692284, 1790434628.240607903]: rtabmap (1225): Rate=1.00s, Limit=0.000s, Conversion=0.0014s, RTAB-Map=0.2154s, Maps update=0.0002s pub=0.0001s (local map=117, WM=117)[0m
Warning: TF_REPEATED_DATA ignoring data with redundant timestamp for frame odom (parent map) at time 1790434628.499421 according to authority unknown_publisher
         at line 278 in /tmp/binarydeb/ros-noetic-tf2-0.7.7/src/buffer_core.cpp
[33m[ WARN] [1790436547.170804614, 1790434628.399421453]: TF_REPEATED_DATA ignoring data with redundant timestamp for frame odom (parent map) at time 1790434628.499421 according to authority unknown_publisher[0m
Warning: TF_REPEATED_DATA ignoring data with redundant timestamp for frame odom (parent map) at time 1790434628.499421 according to authority /rtabmap/rtabmap
         at line 278 in /tmp/binarydeb/ros-noetic-tf2-0.7.7/src/buffer_core.cpp
[33m[ WARN] [1790436548.906542366, 1790434630.131090356]: We are receiving imu data (buffer=1000), but cannot interpolate imu transform at time 1790434630.100865. IMU won't be added to graph.[0m
[33m[ WARN] [1790436560.497036140, 1790434641.719771852]: We are receiving imu data (buffer=1000), but cannot interpolate imu transform at time 1790434641.679464. IMU won't be added to graph.[0m
[0m[ INFO] [1790436548.133490870, 1790434629.363037705]: rtabmap (1226): Rate=1.00s, Limit=0.000s, Conversion=0.0014s, RTAB-Map=0.2267s, Maps update=0.0002s pub=0.0001s (local map=118, WM=118)[0m
[33m[ WARN] (2026-09-26 11:29:08.906) Transform.cpp:557::getTransform() No transform found for stamp 1790434630.100865! Latest is 1790434630.086812[0m
[0m[ INFO] [1790436549.108758173, 1790434630.332668395]: rtabmap (1227): Rate=1.00s, Limit=0.000s, Conversion=0.0024s, RTAB-Map=0.2015s, Maps update=0.0002s pub=0.0001s (local map=119, WM=119)[0m
[0m[ INFO] [1790436550.240217934, 1790434631.463444244]: rtabmap (1228): Rate=1.00s, Limit=0.000s, Conversion=0.0020s, RTAB-Map=0.2226s, Maps update=0.0001s pub=0.0001s (local map=120, WM=120)[0m
[0m[ INFO] [1790436551.338707017, 1790434632.565136182]: rtabmap (1229): Rate=1.00s, Limit=0.000s, Conversion=0.0021s, RTAB-Map=0.2319s, Maps update=0.0001s pub=0.0001s (local map=121, WM=121)[0m
[0m[ INFO] [1790436552.318137592, 1790434633.544771816]: rtabmap (1230): Rate=1.00s, Limit=0.000s, Conversion=0.0009s, RTAB-Map=0.2113s, Maps update=0.0002s pub=0.0001s (local map=122, WM=122)[0m
[0m[ INFO] [1790436553.338736729, 1790434634.563858870]: rtabmap (1231): Rate=1.00s, Limit=0.000s, Conversion=0.0020s, RTAB-Map=0.2238s, Maps update=0.0002s pub=0.0001s (local map=123, WM=123)[0m
[0m[ INFO] [1790436554.425681821, 1790434635.653711134]: rtabmap (1232): Rate=1.00s, Limit=0.000s, Conversion=0.0027s, RTAB-Map=0.2343s, Maps update=0.0002s pub=0.0001s (local map=124, WM=124)[0m
[0m[ INFO] [1790436555.510983754, 1790434636.731441774]: rtabmap (1233): Rate=1.00s, Limit=0.000s, Conversion=0.0015s, RTAB-Map=0.2112s, Maps update=0.0002s pub=0.0001s (local map=125, WM=125)[0m
[0m[ INFO] [1790436556.515049367, 1790434637.740141524]: rtabmap (1234): Rate=1.00s, Limit=0.000s, Conversion=0.0015s, RTAB-Map=0.2112s, Maps update=0.0002s pub=0.0001s (local map=126, WM=126)[0m
[0m[ INFO] [1790436557.644144368, 1790434638.873625538]: rtabmap (1235): Rate=1.00s, Limit=0.000s, Conversion=0.0020s, RTAB-Map=0.2334s, Maps update=0.0002s pub=0.0001s (local map=127, WM=127)[0m
[0m[ INFO] [1790436558.635270905, 1790434639.861009758]: rtabmap (1236): Rate=1.00s, Limit=0.000s, Conversion=0.0023s, RTAB-Map=0.2238s, Maps update=0.0002s pub=0.0001s (local map=128, WM=128)[0m
[0m[ INFO] [1790436559.713830853, 1790434640.941360256]: rtabmap (1237): Rate=1.00s, Limit=0.000s, Conversion=0.0010s, RTAB-Map=0.2164s, Maps update=0.0002s pub=0.0001s (local map=129, WM=129)[0m
[33m[ WARN] (2026-09-26 11:29:20.496) Transform.cpp:557::getTransform() No transform found for stamp 1790434641.679464! Latest is 1790434641.677480[0m
[0m[ INFO] [1790436560.690621466, 1790434641.911044446]: rtabmap (1238): Rate=1.00s, Limit=0.000s, Conversion=0.0017s, RTAB-Map=0.1929s, Maps update=0.0002s pub=0.0001s (local map=130, WM=130)[0m
[0m[ INFO] [1790436561.733104393, 1790434642.954195765]: rtabmap (1239): Rate=1.00s, Limit=0.000s, Conversion=0.0021s, RTAB-Map=0.2192s, Maps update=0.0001s pub=0.0001s (local map=131, WM=131)[0m
[0m[ INFO] [1790436562.831142583, 1790434644.056186515]: rtabmap (1240): Rate=1.00s, Limit=0.000s, Conversion=0.0021s, RTAB-Map=0.2294s, Maps update=0.0002s pub=0.0001s (local map=132, WM=132)[0m
[0m[ INFO] [1790436563.931180409, 1790434645.159111768]: rtabmap (1241): Rate=1.00s, Limit=0.000s, Conversion=0.0015s, RTAB-Map=0.2274s, Maps update=0.0002s pub=0.0001s (local map=133, WM=133)[0m
[0m[ INFO] [1790436565.041455507, 1790434646.262380062]: rtabmap (1242): Rate=1.00s, Limit=0.000s, Conversion=0.0020s, RTAB-Map=0.2341s, Maps update=0.0002s pub=0.0001s (local map=134, WM=134)[0m
Warning: TF_REPEATED_DATA ignoring data with redundant timestamp for frame odom (parent map) at time 1790434646.523348 according to authority unknown_publisher
         at line 278 in /tmp/binarydeb/ros-noetic-tf2-0.7.7/src/buffer_core.cpp
[33m[ WARN] [1790436565.195188987, 1790434646.423347838]: TF_REPEATED_DATA ignoring data with redundant timestamp for frame odom (parent map) at time 1790434646.523348 according to authority unknown_publisher[0m
Warning: TF_REPEATED_DATA ignoring data with redundant timestamp for frame odom (parent map) at time 1790434646.523348 according to authority /rtabmap/rtabmap
         at line 278 in /tmp/binarydeb/ros-noetic-tf2-0.7.7/src/buffer_core.cpp
[33m[ WARN] [1790436567.906277116, 1790434649.135325129]: We are receiving imu data (buffer=1000), but cannot interpolate imu transform at time 1790434649.094985. IMU won't be added to graph.[0m
[33m[ WARN] [1790436579.488299339, 1790434660.710370724]: We are receiving imu data (buffer=1000), but cannot interpolate imu transform at time 1790434660.690225. IMU won't be added to graph.[0m
[0m[ INFO] [1790436566.035725291, 1790434647.264138225]: rtabmap (1243): Rate=1.00s, Limit=0.000s, Conversion=0.0021s, RTAB-Map=0.2258s, Maps update=0.0002s pub=0.0001s (local map=135, WM=135)[0m
[0m[ INFO] [1790436567.112007074, 1790434648.337766119]: rtabmap (1244): Rate=1.00s, Limit=0.000s, Conversion=0.0014s, RTAB-Map=0.2089s, Maps update=0.0002s pub=0.0001s (local map=136, WM=136)[0m
[33m[ WARN] (2026-09-26 11:29:27.905) Transform.cpp:557::getTransform() No transform found for stamp 1790434649.094985! Latest is 1790434649.088450[0m
[0m[ INFO] [1790436568.120782788, 1790434649.347336114]: rtabmap (1245): Rate=1.00s, Limit=0.000s, Conversion=0.0032s, RTAB-Map=0.2137s, Maps update=0.0003s pub=0.0002s (local map=137, WM=137)[0m
[0m[ INFO] [1790436569.253911780, 1790434650.477346637]: rtabmap (1246): Rate=1.00s, Limit=0.000s, Conversion=0.0015s, RTAB-Map=0.2501s, Maps update=0.0002s pub=0.0001s (local map=138, WM=138)[0m
[0m[ INFO] [1790436570.228449280, 1790434651.449708079]: rtabmap (1247): Rate=1.00s, Limit=0.000s, Conversion=0.0020s, RTAB-Map=0.2147s, Maps update=0.0002s pub=0.0001s (local map=139, WM=139)[0m
[0m[ INFO] [1790436571.225338568, 1790434652.449794525]: rtabmap (1248): Rate=1.00s, Limit=0.000s, Conversion=0.0020s, RTAB-Map=0.2227s, Maps update=0.0002s pub=0.0001s (local map=140, WM=140)[0m
[0m[ INFO] [1790436572.281828670, 1790434653.511340528]: rtabmap (1249): Rate=1.00s, Limit=0.000s, Conversion=0.0015s, RTAB-Map=0.2126s, Maps update=0.0002s pub=0.0001s (local map=141, WM=141)[0m
[0m[ INFO] [1790436573.364419148, 1790434654.592739920]: rtabmap (1250): Rate=1.00s, Limit=0.000s, Conversion=0.0020s, RTAB-Map=0.2267s, Maps update=0.0002s pub=0.0001s (local map=142, WM=142)[0m
[0m[ INFO] [1790436574.482476644, 1790434655.703554288]: rtabmap (1251): Rate=1.00s, Limit=0.000s, Conversion=0.0015s, RTAB-Map=0.2291s, Maps update=0.0002s pub=0.0001s (local map=143, WM=143)[0m
[0m[ INFO] [1790436575.624784381, 1790434656.854603411]: rtabmap (1252): Rate=1.00s, Limit=0.000s, Conversion=0.0010s, RTAB-Map=0.2204s, Maps update=0.0003s pub=0.0001s (local map=143, WM=143)[0m
[0m[ INFO] [1790436576.627867455, 1790434657.853569859]: rtabmap (1253): Rate=1.00s, Limit=0.000s, Conversion=0.0014s, RTAB-Map=0.2163s, Maps update=0.0002s pub=0.0001s (local map=143, WM=143)[0m
[0m[ INFO] [1790436577.640217165, 1790434658.864197565]: rtabmap (1254): Rate=1.00s, Limit=0.000s, Conversion=0.0010s, RTAB-Map=0.2310s, Maps update=0.0002s pub=0.0001s (local map=143, WM=143)[0m
[0m[ INFO] [1790436578.740510432, 1790434659.963974153]: rtabmap (1255): Rate=1.00s, Limit=0.000s, Conversion=0.0023s, RTAB-Map=0.2291s, Maps update=0.0002s pub=0.0001s (local map=144, WM=144)[0m
[33m[ WARN] (2026-09-26 11:29:39.488) Transform.cpp:557::getTransform() No transform found for stamp 1790434660.690225! Latest is 1790434660.680142[0m
[0m[ INFO] [1790436579.689715661, 1790434660.911833510]: rtabmap (1256): Rate=1.00s, Limit=0.000s, Conversion=0.0017s, RTAB-Map=0.2008s, Maps update=0.0002s pub=0.0001s (local map=145, WM=145)[0m
[0m[ INFO] [1790436580.821663191, 1790434662.042679363]: rtabmap (1257): Rate=1.00s, Limit=0.000s, Conversion=0.0017s, RTAB-Map=0.2242s, Maps update=0.0002s pub=0.0001s (local map=146, WM=146)[0m
[0m[ INFO] [1790436581.843703629, 1790434663.071796815]: rtabmap (1258): Rate=1.00s, Limit=0.000s, Conversion=0.0021s, RTAB-Map=0.2336s, Maps update=0.0002s pub=0.0001s (local map=147, WM=147)[0m
[0m[ INFO] [1790436582.854545914, 1790434664.083389284]: rtabmap (1259): Rate=1.00s, Limit=0.000s, Conversion=0.0014s, RTAB-Map=0.2394s, Maps update=0.0002s pub=0.0001s (local map=148, WM=148)[0m
[0m[ INFO] [1790436583.918075071, 1790434665.143020154]: rtabmap (1260): Rate=1.00s, Limit=0.000s, Conversion=0.0020s, RTAB-Map=0.2133s, Maps update=0.0002s pub=0.0001s (local map=149, WM=149)[0m
[0m[ INFO] [1790436585.027932143, 1790434666.254201467]: rtabmap (1261): Rate=1.00s, Limit=0.000s, Conversion=0.0021s, RTAB-Map=0.2282s, Maps update=0.0002s pub=0.0001s (local map=150, WM=150)[0m
[0m[ INFO] [1790436586.033880183, 1790434667.263426570]: rtabmap (1262): Rate=1.00s, Limit=0.000s, Conversion=0.0018s, RTAB-Map=0.2339s, Maps update=0.0002s pub=0.0001s (local map=151, WM=151)[0m
Warning: TF_REPEATED_DATA ignoring data with redundant timestamp for frame odom (parent map) at time 1790434667.512987 according to authority unknown_publisher
         at line 278 in /tmp/binarydeb/ros-noetic-tf2-0.7.7/src/buffer_core.cpp
[33m[ WARN] [1790436586.184266253, 1790434667.412987414]: TF_REPEATED_DATA ignoring data with redundant timestamp for frame odom (parent map) at time 1790434667.512987 according to authority unknown_publisher[0m
Warning: TF_REPEATED_DATA ignoring data with redundant timestamp for frame odom (parent map) at time 1790434667.512987 according to authority /rtabmap/rtabmap
         at line 278 in /tmp/binarydeb/ros-noetic-tf2-0.7.7/src/buffer_core.cpp
[0m[ INFO] [1790436587.228376029, 1790434668.452264428]: rtabmap (1263): Rate=1.00s, Limit=0.000s, Conversion=0.0010s, RTAB-Map=0.2297s, Maps update=0.0002s pub=0.0001s (local map=152, WM=152)[0m
[0m[ INFO] [1790436588.224532232, 1790434669.446111387]: rtabmap (1264): Rate=1.00s, Limit=0.000s, Conversion=0.0020s, RTAB-Map=0.2147s, Maps update=0.0002s pub=0.0001s (local map=153, WM=153)[0m
[0m[ INFO] [1790436589.233756685, 1790434670.457534586]: rtabmap (1265): Rate=1.00s, Limit=0.000s, Conversion=0.0018s, RTAB-Map=0.2318s, Maps update=0.0002s pub=0.0001s (local map=154, WM=154)[0m
[33m[ WARN] (2026-09-26 11:29:50.305) Memory.cpp:3200::computeTransform() Missing visual features or missing raw data to compute them. Transform cannot be estimated.[0m
[0m[ INFO] [1790436590.370676626, 1790434671.597878216]: rtabmap (1266): Rate=1.00s, Limit=0.000s, Conversion=0.0014s, RTAB-Map=0.2375s, Maps update=0.0002s pub=0.0001s (local map=155, WM=155)[0m
[33m[ WARN] (2026-09-26 11:29:51.406) Memory.cpp:3200::computeTransform() Missing visual features or missing raw data to compute them. Transform cannot be estimated.[0m
[0m[ INFO] [1790436591.472599053, 1790434672.701325590]: rtabmap (1267): Rate=1.00s, Limit=0.000s, Conversion=0.0010s, RTAB-Map=0.2238s, Maps update=0.0002s pub=0.0001s (local map=156, WM=156)[0m
[33m[ WARN] (2026-09-26 11:29:52.458) Memory.cpp:3200::computeTransform() Missing visual features or missing raw data to compute them. Transform cannot be estimated.[0m
[0m[ INFO] [1790436592.513815690, 1790434673.741448806]: rtabmap (1268): Rate=1.00s, Limit=0.000s, Conversion=0.0010s, RTAB-Map=0.2117s, Maps update=0.0002s pub=0.0001s (local map=157, WM=157)[0m
[33m[ WARN] (2026-09-26 11:29:53.568) Memory.cpp:3200::computeTransform() Missing visual features or missing raw data to compute them. Transform cannot be estimated.[0m
[0m[ INFO] [1790436593.626405566, 1790434674.855183368]: rtabmap (1269): Rate=1.00s, Limit=0.000s, Conversion=0.0015s, RTAB-Map=0.2229s, Maps update=0.0002s pub=0.0001s (local map=158, WM=158)[0m
[0m[ INFO] [1790436594.591531425, 1790434675.816327834]: rtabmap (1270): Rate=1.00s, Limit=0.000s, Conversion=0.0015s, RTAB-Map=0.1820s, Maps update=0.0004s pub=0.0001s (local map=158, WM=158)[0m
[0m[ INFO] [1790436595.709898900, 1790434676.935445751]: rtabmap (1271): Rate=1.00s, Limit=0.000s, Conversion=0.0015s, RTAB-Map=0.1885s, Maps update=0.0003s pub=0.0001s (local map=158, WM=158)[0m
[0m[ INFO] [1790436596.735378758, 1790434677.955883405]: rtabmap (1272): Rate=1.00s, Limit=0.000s, Conversion=0.0010s, RTAB-Map=0.1865s, Maps update=0.0003s pub=0.0001s (local map=158, WM=158)[0m
[0m[ INFO] [1790436597.790493562, 1790434679.019817930]: rtabmap (1273): Rate=1.00s, Limit=0.000s, Conversion=0.0015s, RTAB-Map=0.1855s, Maps update=0.0002s pub=0.0001s (local map=158, WM=158)[0m
[0m[ INFO] [1790436598.896888595, 1790434680.117304632]: rtabmap (1274): Rate=1.00s, Limit=0.000s, Conversion=0.0013s, RTAB-Map=0.1910s, Maps update=0.0004s pub=0.0001s (local map=158, WM=158)[0m
[0m[ INFO] [1790436599.876339186, 1790434681.104618486]: rtabmap (1275): Rate=1.00s, Limit=0.000s, Conversion=0.0009s, RTAB-Map=0.1742s, Maps update=0.0004s pub=0.0001s (local map=158, WM=158)[0m
[0m[ INFO] [1790436600.998125181, 1790434682.224738093]: rtabmap (1276): Rate=1.00s, Limit=0.000s, Conversion=0.0013s, RTAB-Map=0.1862s, Maps update=0.0003s pub=0.0001s (local map=158, WM=158)[0m
[0m[ INFO] [1790436601.994210718, 1790434683.223265163]: rtabmap (1277): Rate=1.00s, Limit=0.000s, Conversion=0.0011s, RTAB-Map=0.1914s, Maps update=0.0005s pub=0.0001s (local map=158, WM=158)[0m
[0m[ INFO] [1790436603.109685206, 1790434684.336333734]: rtabmap (1278): Rate=1.00s, Limit=0.000s, Conversion=0.0013s, RTAB-Map=0.1886s, Maps update=0.0002s pub=0.0001s (local map=158, WM=158)[0m
[0m[ INFO] [1790436604.174759949, 1790434685.395380757]: rtabmap (1279): Rate=1.00s, Limit=0.000s, Conversion=0.0013s, RTAB-Map=0.1821s, Maps update=0.0004s pub=0.0001s (local map=158, WM=158)[0m
[0m[ INFO] [1790436605.198213006, 1790434686.424437305]: rtabmap (1280): Rate=1.00s, Limit=0.000s, Conversion=0.0014s, RTAB-Map=0.1879s, Maps update=0.0005s pub=0.0001s (local map=158, WM=158)[0m
[0m[ INFO] [1790436606.282210945, 1790434687.503538354]: rtabmap (1281): Rate=1.00s, Limit=0.000s, Conversion=0.0015s, RTAB-Map=0.1756s, Maps update=0.0002s pub=0.0001s (local map=158, WM=158)[0m
[0m[ INFO] [1790436607.378889450, 1790434688.602695928]: rtabmap (1282): Rate=1.00s, Limit=0.000s, Conversion=0.0009s, RTAB-Map=0.1740s, Maps update=0.0003s pub=0.0001s (local map=158, WM=158)[0m
[0m[ INFO] [1790436608.492034037, 1790434689.714519123]: rtabmap (1283): Rate=1.00s, Limit=0.000s, Conversion=0.0009s, RTAB-Map=0.1712s, Maps update=0.0003s pub=0.0001s (local map=158, WM=158)[0m
[0m[ INFO] [1790436609.494884657, 1790434690.716864682]: rtabmap (1284): Rate=1.00s, Limit=0.000s, Conversion=0.0014s, RTAB-Map=0.1815s, Maps update=0.0002s pub=0.0001s (local map=158, WM=158)[0m
[0m[ INFO] [1790436610.572522891, 1790434691.799660546]: rtabmap (1285): Rate=1.00s, Limit=0.000s, Conversion=0.0010s, RTAB-Map=0.1683s, Maps update=0.0002s pub=0.0001s (local map=158, WM=158)[0m
[0m[ INFO] [1790436611.557166759, 1790434692.786537017]: rtabmap (1286): Rate=1.00s, Limit=0.000s, Conversion=0.0010s, RTAB-Map=0.1697s, Maps update=0.0004s pub=0.0001s (local map=158, WM=158)[0m
[0m[ INFO] [1790436612.786933722, 1790434694.009072917]: rtabmap (1287): Rate=1.00s, Limit=0.000s, Conversion=0.0014s, RTAB-Map=0.1857s, Maps update=0.0003s pub=0.0001s (local map=158, WM=158)[0m
[0m[ INFO] [1790436613.906861925, 1790434695.130562418]: rtabmap (1288): Rate=1.00s, Limit=0.000s, Conversion=0.0015s, RTAB-Map=0.1987s, Maps update=0.0003s pub=0.0001s (local map=158, WM=158)[0m
[0m[ INFO] [1790436614.890127783, 1790434696.111181109]: rtabmap (1289): Rate=1.00s, Limit=0.000s, Conversion=0.0015s, RTAB-Map=0.1769s, Maps update=0.0003s pub=0.0001s (local map=158, WM=158)[0m
[0m[ INFO] [1790436616.026209261, 1790434697.252131636]: rtabmap (1290): Rate=1.00s, Limit=0.000s, Conversion=0.0015s, RTAB-Map=0.1930s, Maps update=0.0002s pub=0.0001s (local map=158, WM=158)[0m
[0m[ INFO] [1790436617.006668103, 1790434698.232692272]: rtabmap (1291): Rate=1.00s, Limit=0.000s, Conversion=0.0014s, RTAB-Map=0.1927s, Maps update=0.0003s pub=0.0001s (local map=158, WM=158)[0m
[0m[ INFO] [1790436618.208333878, 1790434699.435016871]: rtabmap (1292): Rate=1.00s, Limit=0.000s, Conversion=0.0014s, RTAB-Map=0.2107s, Maps update=0.0003s pub=0.0001s (local map=158, WM=158)[0m
[0m[ INFO] [1790436619.179877920, 1790434700.405621350]: rtabmap (1293): Rate=1.00s, Limit=0.000s, Conversion=0.0012s, RTAB-Map=0.1821s, Maps update=0.0003s pub=0.0001s (local map=158, WM=158)[0m
[0m[ INFO] [1790436620.170096167, 1790434701.394950786]: rtabmap (1294): Rate=1.00s, Limit=0.000s, Conversion=0.0009s, RTAB-Map=0.1677s, Maps update=0.0003s pub=0.0001s (local map=158, WM=158)[0m
[0m[ INFO] [1790436621.193960861, 1790434702.414357123]: rtabmap (1295): Rate=1.00s, Limit=0.000s, Conversion=0.0019s, RTAB-Map=0.1893s, Maps update=0.0002s pub=0.0001s (local map=158, WM=158)[0m
[0m[ INFO] [1790436622.271167118, 1790434703.495289472]: rtabmap (1296): Rate=1.00s, Limit=0.000s, Conversion=0.0009s, RTAB-Map=0.1693s, Maps update=0.0003s pub=0.0001s (local map=158, WM=158)[0m
[0m[ INFO] [1790436623.276343327, 1790434704.498371608]: rtabmap (1297): Rate=1.00s, Limit=0.000s, Conversion=0.0010s, RTAB-Map=0.1713s, Maps update=0.0004s pub=0.0001s (local map=158, WM=158)[0m
[0m[ INFO] [1790436624.290708186, 1790434705.517367115]: rtabmap (1298): Rate=1.00s, Limit=0.000s, Conversion=0.0010s, RTAB-Map=0.1883s, Maps update=0.0002s pub=0.0001s (local map=158, WM=158)[0m
[0m[ INFO] [1790436625.391085815, 1790434706.619724031]: rtabmap (1299): Rate=1.00s, Limit=0.000s, Conversion=0.0013s, RTAB-Map=0.1846s, Maps update=0.0003s pub=0.0001s (local map=158, WM=158)[0m
[0m[ INFO] [1790436626.489562649, 1790434707.710552774]: rtabmap (1300): Rate=1.00s, Limit=0.000s, Conversion=0.0009s, RTAB-Map=0.1840s, Maps update=0.0002s pub=0.0001s (local m[33m[ WARN] [1790436652.502795822, 1790434733.723453176]: We are receiving imu data (buffer=1000), but cannot interpolate imu transform at time 1790434733.693210. IMU won't be added to graph.[0m
[33m[ WARN] [1790436657.801570668, 1790434739.029144904]: We are receiving imu data (buffer=1000), but cannot interpolate imu transform at time 1790434738.988841. IMU won't be added to graph.[0m
[33m[ WARN] [1790436659.903214082, 1790434741.128288097]: We are receiving imu data (buffer=1000), but cannot interpolate imu transform at time 1790434741.098062. IMU won't be added to graph.[0m
ap=158, WM=158)[0m
[0m[ INFO] [1790436627.495456902, 1790434708.721266669]: rtabmap (1301): Rate=1.00s, Limit=0.000s, Conversion=0.0014s, RTAB-Map=0.1902s, Maps update=0.0003s pub=0.0001s (local map=158, WM=158)[0m
[0m[ INFO] [1790436628.679721986, 1790434709.901014323]: rtabmap (1302): Rate=1.00s, Limit=0.000s, Conversion=0.0010s, RTAB-Map=0.1787s, Maps update=0.0003s pub=0.0001s (local map=158, WM=158)[0m
[0m[ INFO] [1790436629.713464950, 1790434710.942254144]: rtabmap (1303): Rate=1.00s, Limit=0.000s, Conversion=0.0014s, RTAB-Map=0.2049s, Maps update=0.0003s pub=0.0001s (local map=158, WM=158)[0m
[0m[ INFO] [1790436630.790184808, 1790434712.012899433]: rtabmap (1304): Rate=1.00s, Limit=0.000s, Conversion=0.0009s, RTAB-Map=0.1888s, Maps update=0.0002s pub=0.0001s (local map=158, WM=158)[0m
[0m[ INFO] [1790436631.811207773, 1790434713.040218666]: rtabmap (1305): Rate=1.00s, Limit=0.000s, Conversion=0.0010s, RTAB-Map=0.1903s, Maps update=0.0004s pub=0.0001s (local map=158, WM=158)[0m
[0m[ INFO] [1790436632.788704649, 1790434714.004514009]: rtabmap (1306): Rate=1.00s, Limit=0.000s, Conversion=0.0015s, RTAB-Map=0.1858s, Maps update=0.0003s pub=0.0001s (local map=158, WM=158)[0m
[0m[ INFO] [1790436633.802316737, 1790434715.027555745]: rtabmap (1307): Rate=1.00s, Limit=0.000s, Conversion=0.0014s, RTAB-Map=0.1875s, Maps update=0.0003s pub=0.0001s (local map=158, WM=158)[0m
[0m[ INFO] [1790436634.886933669, 1790434716.110665107]: rtabmap (1308): Rate=1.00s, Limit=0.000s, Conversion=0.0013s, RTAB-Map=0.1763s, Maps update=0.0004s pub=0.0001s (local map=158, WM=158)[0m
[0m[ INFO] [1790436635.898951652, 1790434717.125229104]: rtabmap (1309): Rate=1.00s, Limit=0.000s, Conversion=0.0015s, RTAB-Map=0.1985s, Maps update=0.0005s pub=0.0001s (local map=158, WM=158)[0m
[0m[ INFO] [1790436636.988323642, 1790434718.216546749]: rtabmap (1310): Rate=1.00s, Limit=0.000s, Conversion=0.0009s, RTAB-Map=0.1734s, Maps update=0.0003s pub=0.0001s (local map=158, WM=158)[0m
[0m[ INFO] [1790436638.095884229, 1790434719.320076024]: rtabmap (1311): Rate=1.00s, Limit=0.000s, Conversion=0.0013s, RTAB-Map=0.1863s, Maps update=0.0005s pub=0.0001s (local map=158, WM=158)[0m
[0m[ INFO] [1790436639.088733686, 1790434720.310109832]: rtabmap (1312): Rate=1.00s, Limit=0.000s, Conversion=0.0009s, RTAB-Map=0.1759s, Maps update=0.0004s pub=0.0001s (local map=158, WM=158)[0m
[0m[ INFO] [1790436640.164368447, 1790434721.388013004]: rtabmap (1313): Rate=1.00s, Limit=0.000s, Conversion=0.0009s, RTAB-Map=0.1752s, Maps update=0.0003s pub=0.0001s (local map=158, WM=158)[0m
[0m[ INFO] [1790436641.208010120, 1790434722.435722789]: rtabmap (1314): Rate=1.00s, Limit=0.000s, Conversion=0.0014s, RTAB-Map=0.2057s, Maps update=0.0004s pub=0.0001s (local map=158, WM=158)[0m
[0m[ INFO] [1790436642.285248413, 1790434723.512620087]: rtabmap (1315): Rate=1.00s, Limit=0.000s, Conversion=0.0015s, RTAB-Map=0.1869s, Maps update=0.0003s pub=0.0001s (local map=158, WM=158)[0m
[0m[ INFO] [1790436643.277587006, 1790434724.503364004]: rtabmap (1316): Rate=1.00s, Limit=0.000s, Conversion=0.0009s, RTAB-Map=0.1788s, Maps update=0.0003s pub=0.0001s (local map=158, WM=158)[0m
[0m[ INFO] [1790436644.256367482, 1790434725.482303907]: rtabmap (1317): Rate=1.00s, Limit=0.000s, Conversion=0.0009s, RTAB-Map=0.1679s, Maps update=0.0003s pub=0.0001s (local map=158, WM=158)[0m
[0m[ INFO] [1790436645.315077611, 1790434726.541273046]: rtabmap (1318): Rate=1.00s, Limit=0.000s, Conversion=0.0012s, RTAB-Map=0.1940s, Maps update=0.0004s pub=0.0001s (local map=158, WM=158)[0m
[0m[ INFO] [1790436646.494139631, 1790434727.723497120]: rtabmap (1319): Rate=1.00s, Limit=0.000s, Conversion=0.0013s, RTAB-Map=0.1920s, Maps update=0.0003s pub=0.0001s (local map=158, WM=158)[0m
[0m[ INFO] [1790436647.574576475, 1790434728.804559444]: rtabmap (1320): Rate=1.00s, Limit=0.000s, Conversion=0.0014s, RTAB-Map=0.1730s, Maps update=0.0003s pub=0.0001s (local map=158, WM=158)[0m
[0m[ INFO] [1790436648.589010804, 1790434729.813395722]: rtabmap (1321): Rate=1.00s, Limit=0.000s, Conversion=0.0011s, RTAB-Map=0.1772s, Maps update=0.0004s pub=0.0001s (local map=158, WM=158)[0m
[0m[ INFO] [1790436649.626552029, 1790434730.847501930]: rtabmap (1322): Rate=1.00s, Limit=0.000s, Conversion=0.0011s, RTAB-Map=0.1896s, Maps update=0.0003s pub=0.0001s (local map=158, WM=158)[0m
[0m[ INFO] [1790436650.646527570, 1790434731.874463634]: rtabmap (1323): Rate=1.00s, Limit=0.000s, Conversion=0.0015s, RTAB-Map=0.1692s, Maps update=0.0002s pub=0.0001s (local map=158, WM=158)[0m
[0m[ INFO] [1790436651.686822229, 1790434732.914336208]: rtabmap (1324): Rate=1.00s, Limit=0.000s, Conversion=0.0014s, RTAB-Map=0.1814s, Maps update=0.0003s pub=0.0001s (local map=158, WM=158)[0m
[33m[ WARN] (2026-09-26 11:30:52.502) Transform.cpp:557::getTransform() No transform found for stamp 1790434733.693210! Latest is 1790434733.692863[0m
[0m[ INFO] [1790436652.658112515, 1790434733.885152824]: rtabmap (1325): Rate=1.00s, Limit=0.000s, Conversion=0.0012s, RTAB-Map=0.1546s, Maps update=0.0003s pub=0.0001s (local map=158, WM=158)[0m
[0m[ INFO] [1790436653.832468568, 1790434735.056561963]: rtabmap (1326): Rate=1.00s, Limit=0.000s, Conversion=0.0014s, RTAB-Map=0.1872s, Maps update=0.0002s pub=0.0001s (local map=158, WM=158)[0m
[0m[ INFO] [1790436654.900558013, 1790434736.130286034]: rtabmap (1327): Rate=1.00s, Limit=0.000s, Conversion=0.0009s, RTAB-Map=0.1916s, Maps update=0.0005s pub=0.0001s (local map=158, WM=158)[0m
[0m[ INFO] [1790436655.879975074, 1790434737.100164839]: rtabmap (1328): Rate=1.00s, Limit=0.000s, Conversion=0.0010s, RTAB-Map=0.1791s, Maps update=0.0003s pub=0.0001s (local map=158, WM=158)[0m
[0m[ INFO] [1790436656.988511137, 1790434738.211975564]: rtabmap (1329): Rate=1.00s, Limit=0.000s, Conversion=0.0012s, RTAB-Map=0.1797s, Maps update=0.0003s pub=0.0001s (local map=158, WM=158)[0m
[33m[ WARN] (2026-09-26 11:30:57.801) Transform.cpp:557::getTransform() No transform found for stamp 1790434738.988841! Latest is 1790434738.985285[0m
[0m[ INFO] [1790436657.967769023, 1790434739.190431009]: rtabmap (1330): Rate=1.00s, Limit=0.000s, Conversion=0.0017s, RTAB-Map=0.1654s, Maps update=0.0003s pub=0.0001s (local map=158, WM=158)[0m
[0m[ INFO] [1790436659.103347992, 1790434740.329708166]: rtabmap (1331): Rate=1.00s, Limit=0.000s, Conversion=0.0014s, RTAB-Map=0.1864s, Maps update=0.0003s pub=0.0001s (local map=158, WM=158)[0m
[33m[ WARN] (2026-09-26 11:30:59.903) Transform.cpp:557::getTransform() No transform found for stamp 1790434741.098062! Latest is 1790434741.097822[0m
[0m[ INFO] [1790436660.051953670, 1790434741.273689852]: rtabmap (1332): Rate=1.00s, Limit=0.000s, Conversion=0.0012s, RTAB-Map=0.1480s, Maps update=0.0004s pub=0.0001s (local map=158, WM=158)[0m
[0m[ INFO] [1790436661.222209555, 1790434742.443552709]: rtabmap (1333): Rate=1.00s, Limit=0.000s, Conversion=0.0014s, RTAB-Map=0.1967s, Maps update=0.0005s pub=0.0001s (local map=158, WM=158)[0m
[0m[ INFO] [1790436662.207312620, 1790434743.433430135]: rtabmap (1334): Rate=1.00s, Limit=0.000s, Conversion=0.0012s, RTAB-Map=0.1901s, Maps update=0.0004s pub=0.0001s (local map=158, WM=158)[0m
[0m[ INFO] [1790436663.286069879, 1790434744.515425032]: rtabmap (1335): Rate=1.00s, Limit=0.000s, Conversion=0.0013s, RTAB-Map=0.1840s, Maps update=0.0003s pub=0.0001s (local map=158, WM=158)[0m
[0m[ INFO] [1790436664.285981530, 1790434745.509209411]: rtabmap (1336): Rate=1.00s, Limit=0.000s, Conversion=0.0015s, RTAB-Map=0.1840s, Maps update=0.0005s pub=0.0001s (local map=158, WM=158)[0m
[0m[ INFO] [1790436665.488716059, 1790434746.714097789]: rtabmap (1337): Rate=1.00s, Limit=0.000s, Conversion=0.0011s, RTAB-Map=0.1858s, Maps update=0.0003s pub=0.0001s (local map=158, WM=158)[0m
[0m[ INFO] [1790436666.603188644, 1790434747.832653879]: rtabmap (1338): Rate=1.00s, Limit=0.000s, Conversion=0.0010s, RTAB-Map=0.2022s, Maps update=0.0004s pub=0.0001s (local map=158, WM=158)[0m
[0m[ INFO] [1790436667.580628789, 1790434748.803044596]: rtabmap (1339): Rate=1.00s, Limit=0.000s, Conversion=0.0016s, RTAB-Map=0.1802s, Maps update=0.0002s pub=0.0001s (local map=158, [33m[ WARN] [1790436672.700611840, 1790434753.925906625]: We are receiving imu data (buffer=1000), but cannot interpolate imu transform at time 1790434753.895468. IMU won't be added to graph.[0m
WM=158)[0m
[0m[ INFO] [1790436668.717958598, 1790434749.939835967]: rtabmap (1340): Rate=1.00s, Limit=0.000s, Conversion=0.0014s, RTAB-Map=0.1886s, Maps update=0.0003s pub=0.0001s (local map=158, WM=158)[0m
[0m[ INFO] [1790436669.785503739, 1790434751.014077283]: rtabmap (1341): Rate=1.00s, Limit=0.000s, Conversion=0.0014s, RTAB-Map=0.1803s, Maps update=0.0003s pub=0.0001s (local map=158, WM=158)[0m
[0m[ INFO] [1790436670.892955268, 1790434752.115078688]: rtabmap (1342): Rate=1.00s, Limit=0.000s, Conversion=0.0022s, RTAB-Map=0.1941s, Maps update=0.0004s pub=0.0001s (local map=158, WM=158)[0m
[0m[ INFO] [1790436671.896656032, 1790434753.126457559]: rtabmap (1343): Rate=1.00s, Limit=0.000s, Conversion=0.0009s, RTAB-Map=0.2014s, Maps update=0.0006s pub=0.0001s (local map=158, WM=158)[0m
[33m[ WARN] (2026-09-26 11:31:12.700) Transform.cpp:557::getTransform() No transform found for stamp 1790434753.895468! Latest is 1790434753.895091[0m
[0m[ INFO] [1790436672.849980806, 1790434754.076811289]: rtabmap (1344): Rate=1.00s, Limit=0.000s, Conversion=0.0013s, RTAB-Map=0.1486s, Maps update=0.0004s pub=0.0001s (local map=158, WM=158)[0m
[0m[ INFO] [1790436674.001631121, 1790434755.230492381]: rtabmap (1345): Rate=1.00s, Limit=0.000s, Conversion=0.0015s, RTAB-Map=0.1941s, Maps update=0.0003s pub=0.0001s (local map=158, WM=158)[0m
[0m[ INFO] [1790436675.013645415, 1790434756.238678630]: rtabmap (1346): Rate=1.00s, Limit=0.000s, Conversion=0.0015s, RTAB-Map=0.2065s, Maps update=0.0002s pub=0.0001s (local map=158, WM=158)[0m
[0m[ INFO] [1790436676.214372080, 1790434757.437972957]: rtabmap (1347): Rate=1.00s, Limit=0.000s, Conversion=0.0014s, RTAB-Map=0.2115s, Maps update=0.0004s pub=0.0001s (local map=158, WM=158)[0m
[0m[ INFO] [1790436677.220936224, 1790434758.445743995]: rtabmap (1348): Rate=1.00s, Limit=0.000s, Conversion=0.0014s, RTAB-Map=0.1917s, Maps update=0.0002s pub=0.0001s (local map=158, WM=158)[0m
[0m[ INFO] [1790436678.188155197, 1790434759.418013588]: rtabmap (1349): Rate=1.00s, Limit=0.000s, Conversion=0.0009s, RTAB-Map=0.1739s, Maps update=0.0003s pub=0.0001s (local map=158, WM=158)[0m
[0m[ INFO] [1790436679.189727981, 1790434760.409685455]: rtabmap (1350): Rate=1.00s, Limit=0.000s, Conversion=0.0010s, RTAB-Map=0.1770s, Maps update=0.0003s pub=0.0001s (local map=158, WM=158)[0m
[0m[ INFO] [1790436680.277972153, 1790434761.504448680]: rtabmap (1351): Rate=1.00s, Limit=0.000s, Conversion=0.0009s, RTAB-Map=0.1761s, Maps update=0.0003s pub=0.0001s (local map=158, WM=158)[0m
[0m[ INFO] [1790436681.297350070, 1790434762.526240770]: rtabmap (1352): Rate=1.00s, Limit=0.000s, Conversion=0.0015s, RTAB-Map=0.1943s, Maps update=0.0004s pub=0.0001s (local map=158, WM=158)[0m
[0m[ INFO] [1790436682.294978416, 1790434763.517280334]: rtabmap (1353): Rate=1.00s, Limit=0.000s, Conversion=0.0015s, RTAB-Map=0.1907s, Maps update=0.0003s pub=0.0001s (local map=158, WM=158)[0m
[0m[ INFO] [1790436683.376521605, 1790434764.597409234]: rtabmap (1354): Rate=1.00s, Limit=0.000s, Conversion=0.0014s, RTAB-Map=0.1716s, Maps update=0.0003s pub=0.0001s (local map=158, WM=158)[0m
[0m[ INFO] [1790436684.512394295, 1790434765.737798234]: rtabmap (1355): Rate=1.00s, Limit=0.000s, Conversion=0.0014s, RTAB-Map=0.1832s, Maps update=0.0002s pub=0.0001s (local map=158, WM=158)[0m
[0m[ INFO] [1790436685.486050510, 1790434766.709067669]: rtabmap (1356): Rate=1.00s, Limit=0.000s, Conversion=0.0009s, RTAB-Map=0.1694s, Maps update=0.0003s pub=0.0001s (local map=158, WM=158)[0m
[0m[ INFO] [1790436686.601117670, 1790434767.829082215]: rtabmap (1357): Rate=1.00s, Limit=0.000s, Conversion=0.0016s, RTAB-Map=0.1968s, Maps update=0.0003s pub=0.0001s (local map=158, WM=158)[0m
[0m[ INFO] [1790436687.593180625, 1790434768.816415514]: rtabmap (1358): Rate=1.00s, Limit=0.000s, Conversion=0.0009s, RTAB-Map=0.1865s, Maps update=0.0003s pub=0.0001s (local map=158, WM=158)[0m
[0m[ INFO] [1790436688.723102545, 1790434769.946234361]: rtabmap (1359): Rate=1.00s, Limit=0.000s, Conversion=0.0014s, RTAB-Map=0.1972s, Maps update=0.0003s pub=0.0001s (local map=158, WM=158)[0m
[0m[ INFO] [1790436689.796779992, 1790434771.016435223]: rtabmap (1360): Rate=1.00s, Limit=0.000s, Conversion=0.0013s, RTAB-Map=0.1880s, Maps update=0.0005s pub=0.0001s (local map=158, WM=158)[0m
[0m[ INFO] [1790436690.991565743, 1790434772.211724115]: rtabmap (1361): Rate=1.00s, Limit=0.000s, Conversion=0.0015s, RTAB-Map=0.1904s, Maps update=0.0004s pub=0.0001s (local map=158, WM=158)[0m
[0m[ INFO] [1790436692.025189752, 1790434773.249857746]: rtabmap (1362): Rate=1.00s, Limit=0.000s, Conversion=0.0015s, RTAB-Map=0.1919s, Maps update=0.0002s pub=0.0001s (local map=158, WM=158)[0m
[0m[ INFO] [1790436693.208685731, 1790434774.429114731]: rtabmap (1363): Rate=1.00s, Limit=0.000s, Conversion=0.0015s, RTAB-Map=0.2028s, Maps update=0.0005s pub=0.0001s (local map=158, WM=158)[0m
[0m[ INFO] [1790436694.176592385, 1790434775.398369817]: rtabmap (1364): Rate=1.00s, Limit=0.000s, Conversion=0.0009s, RTAB-Map=0.1716s, Maps update=0.0004s pub=0.0001s (local map=158, WM=158)[0m
[0m[ INFO] [1790436695.295255659, 1790434776.511828678]: rtabmap (1365): Rate=1.00s, Limit=0.000s, Conversion=0.0015s, RTAB-Map=0.1830s, Maps update=0.0004s pub=0.0001s (local map=158, WM=158)[0m
[0m[ INFO] [1790436696.387283032, 1790434777.610789188]: rtabmap (1366): Rate=1.00s, Limit=0.000s, Conversion=0.0011s, RTAB-Map=0.1743s, Maps update=0.0003s pub=0.0001s (local map=158, WM=158)[0m
[0m[ INFO] [1790436697.493056100, 1790434778.722983132]: rtabmap (1367): Rate=1.00s, Limit=0.000s, Conversion=0.0009s, RTAB-Map=0.1722s, Maps update=0.0004s pub=0.0001s (local map=158, WM=158)[0m
[0m[ INFO] [1790436698.607050158, 1790434779.835038319]: rtabmap (1368): Rate=1.00s, Limit=0.000s, Conversion=0.0014s, RTAB-Map=0.1818s, Maps update=0.0003s pub=0.0001s (local map=158, WM=158)[0m
[0m[ INFO] [1790436699.681253281, 1790434780.905426133]: rtabmap (1369): Rate=1.00s, Limit=0.000s, Conversion=0.0014s, RTAB-Map=0.1716s, Maps update=0.0004s pub=0.0001s (local map=158, WM=158)[0m
[0m[ INFO] [1790436700.674625660, 1790434781.896284818]: rtabmap (1370): Rate=1.00s, Limit=0.000s, Conversion=0.0010s, RTAB-Map=0.1751s, Maps update=0.0003s pub=0.0001s (local map=158, WM=158)[0m
[0m[ INFO] [1790436701.807422746, 1790434783.030709444]: rtabmap (1371): Rate=1.00s, Limit=0.000s, Conversion=0.0015s, RTAB-Map=0.2016s, Maps update=0.0003s pub=0.0001s (local map=158, WM=158)[0m
Warning: TF_REPEATED_DATA ignoring data with redundant timestamp for frame odom (parent map) at time 1790434783.258004 according to authority unknown_publisher
         at line 278 in /tmp/binarydeb/ros-noetic-tf2-0.7.7/src/buffer_core.cpp
Warning: TF_REPEATED_DATA ignoring data with redundant timestamp for frame odom (parent map) at time 1790434783.258004 according to authority /rtabmap/rtabmap
         at line 278 in /tmp/binarydeb/ros-noetic-tf2-0.7.7/src/buffer_core.cpp
[33m[ WARN] [1790436701.930003546, 1790434783.158004539]: TF_REPEATED_DATA ignoring data with redundant timestamp for frame odom (parent map) at time 1790434783.258004 according to authority unknown_publisher[0m
[33m[ WARN] [1790436718.398677946, 1790434799.625301835]: We are receiving imu data (buffer=1000), but cannot interpolate imu transform at time 1790434799.595190. IMU won't be added to graph.[0m
[33m[ WARN] [1790436734.403567962, 1790434815.633269807]: We are receiving imu data (buffer=1000), but cannot interpolate imu transform at time 1790434815.592978. IMU won't be added to graph.[0m
[33m[ WARN] [1790436739.692905476, 1790434820.917810337]: We are receiving imu data (buffer=1000), but cannot interpolate imu transform at time 1790434820.887621. IMU won't be added to graph.[0m
[0m[ INFO] [1790436702.902983871, 1790434784.126253833]: rtabmap (1372): Rate=1.00s, Limit=0.000s, Conversion=0.0021s, RTAB-Map=0.2038s, Maps update=0.0003s pub=0.0001s (local map=158, WM=158)[0m
[0m[ INFO] [1790436703.900316033, 1790434785.123733036]: rtabmap (1373): Rate=1.00s, Limit=0.000s, Conversion=0.0014s, RTAB-Map=0.1863s, Maps update=0.0003s pub=0.0001s (local map=158, WM=158)[0m
[0m[ INFO] [1790436705.002397741, 1790434786.225242482]: rtabmap (1374): Rate=1.00s, Limit=0.000s, Conversion=0.0015s, RTAB-Map=0.1979s, Maps update=0.0005s pub=0.0001s (local map=158, WM=158)[0m
[0m[ INFO] [1790436706.111778957, 1790434787.338257660]: rtabmap (1375): Rate=1.00s, Limit=0.000s, Conversion=0.0014s, RTAB-Map=0.2025s, Maps update=0.0004s pub=0.0001s (local map=158, WM=158)[0m
[0m[ INFO] [1790436707.188689708, 1790434788.415947173]: rtabmap (1376): Rate=1.00s, Limit=0.000s, Conversion=0.0016s, RTAB-Map=0.1897s, Maps update=0.0004s pub=0.0001s (local map=158, WM=158)[0m
[0m[ INFO] [1790436708.220405399, 1790434789.447011496]: rtabmap (1377): Rate=1.00s, Limit=0.000s, Conversion=0.0009s, RTAB-Map=0.1758s, Maps update=0.0003s pub=0.0001s (local map=158, WM=158)[0m
[0m[ INFO] [1790436709.305896565, 1790434790.534502174]: rtabmap (1378): Rate=1.00s, Limit=0.000s, Conversion=0.0015s, RTAB-Map=0.1977s, Maps update=0.0003s pub=0.0001s (local map=158, WM=158)[0m
[0m[ INFO] [1790436710.369228589, 1790434791.594593808]: rtabmap (1379): Rate=1.00s, Limit=0.000s, Conversion=0.0010s, RTAB-Map=0.1729s, Maps update=0.0003s pub=0.0001s (local map=158, WM=158)[0m
[0m[ INFO] [1790436711.376782004, 1790434792.606343784]: rtabmap (1380): Rate=1.00s, Limit=0.000s, Conversion=0.0014s, RTAB-Map=0.1738s, Maps update=0.0003s pub=0.0001s (local map=158, WM=158)[0m
[33m[ WARN] (2026-09-26 11:31:52.389) Memory.cpp:3200::computeTransform() Missing visual features or missing raw data to compute them. Transform cannot be estimated.[0m
[0m[ INFO] [1790436712.443705457, 1790434793.665347272]: rtabmap (1381): Rate=1.00s, Limit=0.000s, Conversion=0.0014s, RTAB-Map=0.1985s, Maps update=0.0002s pub=0.0001s (local map=159, WM=159)[0m
[0m[ INFO] [1790436713.480038085, 1790434794.707189020]: rtabmap (1382): Rate=1.00s, Limit=0.000s, Conversion=0.0010s, RTAB-Map=0.1801s, Maps update=0.0003s pub=0.0001s (local map=159, WM=159)[0m
[0m[ INFO] [1790436714.586477868, 1790434795.807918432]: rtabmap (1383): Rate=1.00s, Limit=0.000s, Conversion=0.0010s, RTAB-Map=0.1820s, Maps update=0.0003s pub=0.0001s (local map=159, WM=159)[0m
[33m[ WARN] (2026-09-26 11:31:55.559) Memory.cpp:3200::computeTransform() Missing visual features or missing raw data to compute them. Transform cannot be estimated.[0m
[0m[ INFO] [1790436715.622438134, 1790434796.851866056]: rtabmap (1384): Rate=1.00s, Limit=0.000s, Conversion=0.0009s, RTAB-Map=0.2233s, Maps update=0.0002s pub=0.0001s (local map=160, WM=160)[0m
[0m[ INFO] [1790436716.607886989, 1790434797.830255117]: rtabmap (1385): Rate=1.00s, Limit=0.000s, Conversion=0.0014s, RTAB-Map=0.1907s, Maps update=0.0003s pub=0.0001s (local map=160, WM=160)[0m
[0m[ INFO] [1790436717.616678964, 1790434798.842619870]: rtabmap (1386): Rate=1.00s, Limit=0.000s, Conversion=0.0014s, RTAB-Map=0.2084s, Maps update=0.0003s pub=0.0001s (local map=160, WM=160)[0m
[33m[ WARN] (2026-09-26 11:31:58.398) Transform.cpp:557::getTransform() No transform found for stamp 1790434799.595190! Latest is 1790434799.579284[0m
[0m[ INFO] [1790436718.555445797, 1790434799.776332147]: rtabmap (1387): Rate=1.00s, Limit=0.000s, Conversion=0.0020s, RTAB-Map=0.1559s, Maps update=0.0004s pub=0.0001s (local map=160, WM=160)[0m
[0m[ INFO] [1790436719.639977342, 1790434800.861144847]: rtabmap (1388): Rate=1.00s, Limit=0.000s, Conversion=0.0009s, RTAB-Map=0.1833s, Maps update=0.0003s pub=0.0001s (local map=160, WM=160)[0m
[33m[ WARN] (2026-09-26 11:32:00.613) Memory.cpp:3200::computeTransform() Missing visual features or missing raw data to compute them. Transform cannot be estimated.[0m
[0m[ INFO] [1790436720.684477856, 1790434801.912439745]: rtabmap (1389): Rate=1.00s, Limit=0.000s, Conversion=0.0014s, RTAB-Map=0.2352s, Maps update=0.0002s pub=0.0002s (local map=161, WM=161)[0m
[33m[ WARN] (2026-09-26 11:32:01.788) Memory.cpp:3200::computeTransform() Missing visual features or missing raw data to compute them. Transform cannot be estimated.[0m
[0m[ INFO] [1790436721.850330187, 1790434803.072683722]: rtabmap (1390): Rate=1.00s, Limit=0.000s, Conversion=0.0009s, RTAB-Map=0.2316s, Maps update=0.0002s pub=0.0001s (local map=162, WM=162)[0m
[0m[ INFO] [1790436722.797903513, 1790434804.021533480]: rtabmap (1391): Rate=1.00s, Limit=0.000s, Conversion=0.0012s, RTAB-Map=0.1933s, Maps update=0.0005s pub=0.0001s (local map=162, WM=162)[0m
[0m[ INFO] [1790436723.906173661, 1790434805.129393671]: rtabmap (1392): Rate=1.00s, Limit=0.000s, Conversion=0.0014s, RTAB-Map=0.1930s, Maps update=0.0003s pub=0.0001s (local map=162, WM=162)[0m
[0m[ INFO] [1790436725.005360180, 1790434806.229136228]: rtabmap (1393): Rate=1.00s, Limit=0.000s, Conversion=0.0014s, RTAB-Map=0.2003s, Maps update=0.0003s pub=0.0001s (local map=162, WM=162)[0m
[0m[ INFO] [1790436725.990215152, 1790434807.219950085]: rtabmap (1394): Rate=1.00s, Limit=0.000s, Conversion=0.0009s, RTAB-Map=0.1722s, Maps update=0.0003s pub=0.0001s (local map=162, WM=162)[0m
[0m[ INFO] [1790436727.193704100, 1790434808.423715421]: rtabmap (1395): Rate=1.00s, Limit=0.000s, Conversion=0.0015s, RTAB-Map=0.1867s, Maps update=0.0003s pub=0.0001s (local map=162, WM=162)[0m
[0m[ INFO] [1790436728.171661450, 1790434809.393993641]: rtabmap (1396): Rate=1.00s, Limit=0.000s, Conversion=0.0009s, RTAB-Map=0.1715s, Maps update=0.0004s pub=0.0001s (local map=162, WM=162)[0m
[0m[ INFO] [1790436729.297884882, 1790434810.519821837]: rtabmap (1397): Rate=1.00s, Limit=0.000s, Conversion=0.0015s, RTAB-Map=0.1917s, Maps update=0.0004s pub=0.0001s (local map=162, WM=162)[0m
[0m[ INFO] [1790436730.395368551, 1790434811.622119194]: rtabmap (1398): Rate=1.00s, Limit=0.000s, Conversion=0.0010s, RTAB-Map=0.1969s, Maps update=0.0005s pub=0.0001s (local map=162, WM=162)[0m
[0m[ INFO] [1790436731.473135828, 1790434812.702350179]: rtabmap (1399): Rate=1.00s, Limit=0.000s, Conversion=0.0009s, RTAB-Map=0.1828s, Maps update=0.0005s pub=0.0001s (local map=162, WM=162)[0m
[0m[ INFO] [1790436732.477974090, 1790434813.700217096]: rtabmap (1400): Rate=1.00s, Limit=0.000s, Conversion=0.0010s, RTAB-Map=0.1776s, Maps update=0.0003s pub=0.0001s (local map=162, WM=162)[0m
[0m[ INFO] [1790436733.516797866, 1790434814.743780096]: rtabmap (1401): Rate=1.00s, Limit=0.000s, Conversion=0.0013s, RTAB-Map=0.1917s, Maps update=0.0003s pub=0.0001s (local map=162, WM=162)[0m
[33m[ WARN] (2026-09-26 11:32:14.403) Transform.cpp:557::getTransform() No transform found for stamp 1790434815.592978! Latest is 1790434815.583241[0m
[0m[ INFO] [1790436734.572023848, 1790434815.794362919]: rtabmap (1402): Rate=1.00s, Limit=0.000s, Conversion=0.0018s, RTAB-Map=0.1677s, Maps update=0.0003s pub=0.0001s (local map=162, WM=162)[0m
[0m[ INFO] [1790436735.685089798, 1790434816.913620974]: rtabmap (1403): Rate=1.00s, Limit=0.000s, Conversion=0.0010s, RTAB-Map=0.1723s, Maps update=0.0003s pub=0.0001s (local map=162, WM=162)[0m
[0m[ INFO] [1790436736.761455029, 1790434817.982868362]: rtabmap (1404): Rate=1.00s, Limit=0.000s, Conversion=0.0015s, RTAB-Map=0.2081s, Maps update=0.0003s pub=0.0001s (local map=162, WM=162)[0m
[0m[ INFO] [1790436737.791881994, 1790434819.020354961]: rtabmap (1405): Rate=1.00s, Limit=0.000s, Conversion=0.0015s, RTAB-Map=0.1922s, Maps update=0.0004s pub=0.0001s (local map=162, WM=162)[0m
[0m[ INFO] [1790436738.781277149, 1790434820.011345111]: rtabmap (1406): Rate=1.00s, Limit=0.000s, Conversion=0.0015s, RTAB-Map=0.1822s, Maps update=0.0003s pub=0.0001s (local map=162, WM=162)[0m
[33m[ WARN] (2026-09-26 11:32:19.692) Transform.cpp:557::getTransform() No transform found for stamp 1790434820.887621! Latest is 1790434820.886733[0m
[0m[ INFO] [1790436739.845504023, 1790434821.069942607]: rtabmap (1407): Rate=1.00s, Limit=0.000s, Conversion=0[33m[ WARN] [1790436745.205929437, 1790434826.432862066]: We are receiving imu data (buffer=1000), but cannot interpolate imu transform at time 1790434826.392540. IMU won't be added to graph.[0m
[33m[ WARN] [1790436769.297874159, 1790434850.525490445]: We are receiving imu data (buffer=1000), but cannot interpolate imu transform at time 1790434850.495240. IMU won't be added to graph.[0m
.0012s, RTAB-Map=0.1519s, Maps update=0.0003s pub=0.0001s (local map=162, WM=162)[0m
[0m[ INFO] [1790436741.028693114, 1790434822.254742885]: rtabmap (1408): Rate=1.00s, Limit=0.000s, Conversion=0.0011s, RTAB-Map=0.1758s, Maps update=0.0002s pub=0.0001s (local map=162, WM=162)[0m
[0m[ INFO] [1790436742.192457398, 1790434823.414257360]: rtabmap (1409): Rate=1.00s, Limit=0.000s, Conversion=0.0013s, RTAB-Map=0.1915s, Maps update=0.0003s pub=0.0001s (local map=162, WM=162)[0m
[0m[ INFO] [1790436743.283827364, 1790434824.510705273]: rtabmap (1410): Rate=1.00s, Limit=0.000s, Conversion=0.0010s, RTAB-Map=0.1767s, Maps update=0.0003s pub=0.0001s (local map=162, WM=162)[0m
[0m[ INFO] [1790436744.282272629, 1790434825.503973198]: rtabmap (1411): Rate=1.00s, Limit=0.000s, Conversion=0.0009s, RTAB-Map=0.1814s, Maps update=0.0004s pub=0.0001s (local map=162, WM=162)[0m
[33m[ WARN] (2026-09-26 11:32:25.205) Transform.cpp:557::getTransform() No transform found for stamp 1790434826.392540! Latest is 1790434826.387879[0m
[0m[ INFO] [1790436745.375211665, 1790434826.604014268]: rtabmap (1412): Rate=1.00s, Limit=0.000s, Conversion=0.0015s, RTAB-Map=0.1685s, Maps update=0.0004s pub=0.0001s (local map=162, WM=162)[0m
[0m[ INFO] [1790436746.414412760, 1790434827.643988939]: rtabmap (1413): Rate=1.00s, Limit=0.000s, Conversion=0.0014s, RTAB-Map=0.1971s, Maps update=0.0003s pub=0.0001s (local map=162, WM=162)[0m
[0m[ INFO] [1790436747.575345605, 1790434828.802808385]: rtabmap (1414): Rate=1.00s, Limit=0.000s, Conversion=0.0014s, RTAB-Map=0.1747s, Maps update=0.0003s pub=0.0001s (local map=162, WM=162)[0m
[0m[ INFO] [1790436748.682022105, 1790434829.905346052]: rtabmap (1415): Rate=1.00s, Limit=0.000s, Conversion=0.0015s, RTAB-Map=0.1893s, Maps update=0.0003s pub=0.0001s (local map=162, WM=162)[0m
[0m[ INFO] [1790436749.694548162, 1790434830.916867649]: rtabmap (1416): Rate=1.00s, Limit=0.000s, Conversion=0.0014s, RTAB-Map=0.1916s, Maps update=0.0003s pub=0.0001s (local map=162, WM=162)[0m
[0m[ INFO] [1790436750.796408920, 1790434832.019236797]: rtabmap (1417): Rate=1.00s, Limit=0.000s, Conversion=0.0015s, RTAB-Map=0.1943s, Maps update=0.0003s pub=0.0001s (local map=162, WM=162)[0m
[0m[ INFO] [1790436751.798906471, 1790434833.019275664]: rtabmap (1418): Rate=1.00s, Limit=0.000s, Conversion=0.0014s, RTAB-Map=0.1977s, Maps update=0.0003s pub=0.0001s (local map=162, WM=162)[0m
[0m[ INFO] [1790436752.882768967, 1790434834.109766333]: rtabmap (1419): Rate=1.00s, Limit=0.000s, Conversion=0.0010s, RTAB-Map=0.1761s, Maps update=0.0003s pub=0.0001s (local map=162, WM=162)[0m
[0m[ INFO] [1790436753.907539765, 1790434835.132323953]: rtabmap (1420): Rate=1.00s, Limit=0.000s, Conversion=0.0015s, RTAB-Map=0.1946s, Maps update=0.0003s pub=0.0001s (local map=162, WM=162)[0m
[0m[ INFO] [1790436754.888001693, 1790434836.108251205]: rtabmap (1421): Rate=1.00s, Limit=0.000s, Conversion=0.0009s, RTAB-Map=0.1723s, Maps update=0.0003s pub=0.0001s (local map=162, WM=162)[0m
[0m[ INFO] [1790436755.887851397, 1790434837.108867574]: rtabmap (1422): Rate=1.00s, Limit=0.000s, Conversion=0.0014s, RTAB-Map=0.1726s, Maps update=0.0003s pub=0.0001s (local map=162, WM=162)[0m
[0m[ INFO] [1790436756.929097644, 1790434838.150115068]: rtabmap (1423): Rate=1.00s, Limit=0.000s, Conversion=0.0010s, RTAB-Map=0.1919s, Maps update=0.0002s pub=0.0001s (local map=162, WM=162)[0m
[0m[ INFO] [1790436757.997044807, 1790434839.220416339]: rtabmap (1424): Rate=1.00s, Limit=0.000s, Conversion=0.0015s, RTAB-Map=0.1927s, Maps update=0.0007s pub=0.0001s (local map=162, WM=162)[0m
[0m[ INFO] [1790436759.099756531, 1790434840.322023218]: rtabmap (1425): Rate=1.00s, Limit=0.000s, Conversion=0.0015s, RTAB-Map=0.1957s, Maps update=0.0003s pub=0.0001s (local map=162, WM=162)[0m
[0m[ INFO] [1790436760.083440758, 1790434841.305528019]: rtabmap (1426): Rate=1.00s, Limit=0.000s, Conversion=0.0013s, RTAB-Map=0.1900s, Maps update=0.0003s pub=0.0001s (local map=162, WM=162)[0m
[0m[ INFO] [1790436761.121209354, 1790434842.345078460]: rtabmap (1427): Rate=1.00s, Limit=0.000s, Conversion=0.0012s, RTAB-Map=0.1921s, Maps update=0.0002s pub=0.0001s (local map=162, WM=162)[0m
[0m[ INFO] [1790436762.173042816, 1790434843.392828483]: rtabmap (1428): Rate=1.00s, Limit=0.000s, Conversion=0.0015s, RTAB-Map=0.1715s, Maps update=0.0005s pub=0.0001s (local map=162, WM=162)[0m
[0m[ INFO] [1790436763.193438631, 1790434844.419855638]: rtabmap (1429): Rate=1.00s, Limit=0.000s, Conversion=0.0010s, RTAB-Map=0.1735s, Maps update=0.0003s pub=0.0001s (local map=162, WM=162)[0m
[0m[ INFO] [1790436764.297031313, 1790434845.521330343]: rtabmap (1430): Rate=1.00s, Limit=0.000s, Conversion=0.0011s, RTAB-Map=0.1976s, Maps update=0.0007s pub=0.0001s (local map=162, WM=162)[0m
[0m[ INFO] [1790436765.311040968, 1790434846.532263420]: rtabmap (1431): Rate=1.00s, Limit=0.000s, Conversion=0.0011s, RTAB-Map=0.1902s, Maps update=0.0002s pub=0.0001s (local map=162, WM=162)[0m
[0m[ INFO] [1790436766.389980719, 1790434847.619683365]: rtabmap (1432): Rate=1.00s, Limit=0.000s, Conversion=0.0013s, RTAB-Map=0.1896s, Maps update=0.0003s pub=0.0001s (local map=162, WM=162)[0m
[33m[ WARN] (2026-09-26 11:32:47.353) Memory.cpp:3200::computeTransform() Missing visual features or missing raw data to compute them. Transform cannot be estimated.[0m
[0m[ INFO] [1790436767.409315392, 1790434848.638479152]: rtabmap (1433): Rate=1.00s, Limit=0.000s, Conversion=0.0014s, RTAB-Map=0.2049s, Maps update=0.0002s pub=0.0001s (local map=163, WM=163)[0m
[33m[ WARN] (2026-09-26 11:32:48.454) Memory.cpp:3200::computeTransform() Missing visual features or missing raw data to compute them. Transform cannot be estimated.[0m
[0m[ INFO] [1790436768.512208536, 1790434849.738329956]: rtabmap (1434): Rate=1.00s, Limit=0.000s, Conversion=0.0015s, RTAB-Map=0.2144s, Maps update=0.0002s pub=0.0001s (local map=164, WM=164)[0m
[33m[ WARN] (2026-09-26 11:32:49.297) Transform.cpp:557::getTransform() No transform found for stamp 1790434850.495240! Latest is 1790434850.494347[0m
[33m[ WARN] (2026-09-26 11:32:49.488) Memory.cpp:3200::computeTransform() Missing visual features or missing raw data to compute them. Transform cannot be estimated.[0m
[0m[ INFO] [1790436769.545283204, 1790434850.768467726]: rtabmap (1435): Rate=1.00s, Limit=0.000s, Conversion=0.0018s, RTAB-Map=0.2468s, Maps update=0.0002s pub=0.0001s (local map=165, WM=165)[0m
[33m[ WARN] (2026-09-26 11:32:50.609) Memory.cpp:3200::computeTransform() Missing visual features or missing raw data to compute them. Transform cannot be estimated.[0m
[0m[ INFO] [1790436770.664102864, 1790434851.888854764]: rtabmap (1436): Rate=1.00s, Limit=0.000s, Conversion=0.0009s, RTAB-Map=0.2312s, Maps update=0.0002s pub=0.0001s (local map=166, WM=166)[0m
[33m[ WARN] (2026-09-26 11:32:51.677) Memory.cpp:3200::computeTransform() Missing visual features or missing raw data to compute them. Transform cannot be estimated.[0m
[0m[ INFO] [1790436771.736884291, 1790434852.957953204]: rtabmap (1437): Rate=1.00s, Limit=0.000s, Conversion=0.0009s, RTAB-Map=0.2362s, Maps update=0.0002s pub=0.0001s (local map=167, WM=167)[0m
[33m[ WARN] (2026-09-26 11:32:52.658) Memory.cpp:3200::computeTransform() Missing visual features or missing raw data to compute them. Transform cannot be estimated.[0m
[0m[ INFO] [1790436772.719398430, 1790434853.946510229]: rtabmap (1438): Rate=1.00s, Limit=0.000s, Conversion=0.0009s, RTAB-Map=0.2269s, Maps update=0.0002s pub=0.0001s (local map=168, WM=168)[0m
[33m[ WARN] (2026-09-26 11:32:53.818) Memory.cpp:3200::computeTransform() Missing visual features or missing raw data to compute them. Transform cannot be estimated.[0m
[0m[ INFO] [1790436773.879209597, 1790434855.099933450]: rtabmap (1439): Rate=1.00s, Limit=0.000s, Conversion=0.0015s, RTAB-Map=0.2378s, Maps update=0.0002s pub=0.0001s (local map=169, WM=169)[0m
[33m[ WARN] (2026-09-26 11:32:54.876) Memory.cpp:3200::computeTransform() Missing visual features or missing raw data to compute them. Transform cannot be estimated.[0m
[0m[ INFO] [1790436774.945545694, 1790434856.169596882]: rtabmap (1440): Rate=1.00s, Limit=0.000s, Conversion=0.0015s, RTAB-Map=0.2374s, Maps update=0.0002s pub=0.0001s (local map=170, WM=170)[0m
Warning: TF_REPEATED_DATA ignoring data with redundant timestamp for frame odom (parent map) at time 1790434856.427371 according to authority unknown_publisher
         at line 278 in /tmp/binarydeb/ros-noetic-tf2-0.7.7/src/buffer_core.cpp
[33m[ WARN] [1790436775.098420489, 1790434856.179664679]: TF_REPEATED_DATA ignoring data with redundant timestamp for frame odom (parent map) at time 1790434856.427371 according to authority unknown_publisher[0m
Warning: TF_REPEATED_DATA ignoring data with redundant timestamp for frame odom (parent map) at time 1790434856.427371 according to authority /rtabmap/rtabmap
         at line 278 in /tmp/binarydeb/ros-noetic-tf2-0.7.7/src/buffer_core.cpp
[33m[ WARN] [1790436782.004357970, 1790434863.227790943]: We are receiving imu data (buffer=1000), but cannot interpolate imu transform at time 1790434863.197622. IMU won't be added to graph.[0m
[33m[ WARN] (2026-09-26 11:32:55.877) Memory.cpp:3200::computeTransform() Missing visual features or missing raw data to compute them. Transform cannot be estimated.[0m
[0m[ INFO] [1790436775.951620164, 1790434857.175191698]: rtabmap (1441): Rate=1.00s, Limit=0.000s, Conversion=0.0014s, RTAB-Map=0.2462s, Maps update=0.0003s pub=0.0001s (local map=171, WM=171)[0m
[33m[ WARN] (2026-09-26 11:32:56.912) Memory.cpp:3200::computeTransform() Missing visual features or missing raw data to compute them. Transform cannot be estimated.[0m
[0m[ INFO] [1790436776.978519800, 1790434858.200260657]: rtabmap (1442): Rate=1.00s, Limit=0.000s, Conversion=0.0010s, RTAB-Map=0.2418s, Maps update=0.0002s pub=0.0001s (local map=172, WM=172)[0m
[33m[ WARN] (2026-09-26 11:32:57.962) Memory.cpp:3200::computeTransform() Missing visual features or missing raw data to compute them. Transform cannot be estimated.[0m
[0m[ INFO] [1790436778.019232554, 1790434859.241161253]: rtabmap (1443): Rate=1.00s, Limit=0.000s, Conversion=0.0009s, RTAB-Map=0.2125s, Maps update=0.0002s pub=0.0001s (local map=173, WM=173)[0m
[33m[ WARN] (2026-09-26 11:32:59.006) Memory.cpp:3200::computeTransform() Missing visual features or missing raw data to compute them. Transform cannot be estimated.[0m
[0m[ INFO] [1790436779.068436027, 1790434860.291113248]: rtabmap (1444): Rate=1.00s, Limit=0.000s, Conversion=0.0010s, RTAB-Map=0.2356s, Maps update=0.0002s pub=0.0001s (local map=174, WM=174)[0m
[33m[ WARN] (2026-09-26 11:33:00.075) Memory.cpp:3200::computeTransform() Missing visual features or missing raw data to compute them. Transform cannot be estimated.[0m
[0m[ INFO] [1790436780.140917656, 1790434861.370541933]: rtabmap (1445): Rate=1.00s, Limit=0.000s, Conversion=0.0009s, RTAB-Map=0.2203s, Maps update=0.0002s pub=0.0001s (local map=175, WM=175)[0m
[33m[ WARN] (2026-09-26 11:33:01.189) Memory.cpp:3200::computeTransform() Missing visual features or missing raw data to compute them. Transform cannot be estimated.[0m
[0m[ INFO] [1790436781.245839978, 1790434862.471261902]: rtabmap (1446): Rate=1.00s, Limit=0.000s, Conversion=0.0011s, RTAB-Map=0.2290s, Maps update=0.0002s pub=0.0001s (local map=176, WM=176)[0m
[33m[ WARN] (2026-09-26 11:33:02.004) Transform.cpp:557::getTransform() No transform found for stamp 1790434863.197622! Latest is 1790434863.195211[0m
[33m[ WARN] (2026-09-26 11:33:02.172) Memory.cpp:3200::computeTransform() Missing visual features or missing raw data to compute them. Transform cannot be estimated.[0m
[0m[ INFO] [1790436782.210455170, 1790434863.439259822]: rtabmap (1447): Rate=1.00s, Limit=0.000s, Conversion=0.0013s, RTAB-Map=0.2054s, Maps update=0.0003s pub=0.0001s (local map=177, WM=177)[0m
[33m[ WARN] (2026-09-26 11:33:03.271) Memory.cpp:3200::computeTransform() Missing visual features or missing raw data to compute them. Transform cannot be estimated.[0m
[0m[ INFO] [1790436783.341989027, 1790434864.569600609]: rtabmap (1448): Rate=1.00s, Limit=0.000s, Conversion=0.0019s, RTAB-Map=0.2229s, Maps update=0.0002s pub=0.0001s (local map=178, WM=178)[0m
[0m[ INFO] [1790436784.438632078, 1790434865.659491838]: rtabmap (1449): Rate=1.00s, Limit=0.000s, Conversion=0.0021s, RTAB-Map=0.2221s, Maps update=0.0002s pub=0.0001s (local map=179, WM=179)[0m
[0m[ INFO] [1790436785.529292530, 1790434866.759600622]: rtabmap (1450): Rate=1.00s, Limit=0.000s, Conversion=0.0018s, RTAB-Map=0.2172s, Maps update=0.0002s pub=0.0001s (local map=180, WM=180)[0m
[0m[ INFO] [1790436786.628541366, 1790434867.853309618]: rtabmap (1451): Rate=1.00s, Limit=0.000s, Conversion=0.0020s, RTAB-Map=0.2173s, Maps update=0.0002s pub=0.0001s (local map=181, WM=181)[0m
[0m[ INFO] [1790436787.631549439, 1790434868.853735710]: rtabmap (1452): Rate=1.00s, Limit=0.000s, Conversion=0.0021s, RTAB-Map=0.2297s, Maps update=0.0002s pub=0.0001s (local map=182, WM=182)[0m
[0m[ INFO] [1790436788.717861289, 1790434869.940185289]: rtabmap (1453): Rate=1.00s, Limit=0.000s, Conversion=0.0015s, RTAB-Map=0.2687s, Maps update=0.0002s pub=0.0001s (local map=183, WM=183)[0m
[0m[ INFO] [1790436789.761543492, 1790434870.990533777]: rtabmap (1454): Rate=1.00s, Limit=0.000s, Conversion=0.0009s, RTAB-Map=0.2563s, Maps update=0.0002s pub=0.0001s (local map=184, WM=184)[0m
[0m[ INFO] [1790436790.783621347, 1790434872.010153940]: rtabmap (1455): Rate=1.00s, Limit=0.000s, Conversion=0.0020s, RTAB-Map=0.2820s, Maps update=0.0003s pub=0.0001s (local map=185, WM=185)[0m
[0m[ INFO] [1790436791.815837622, 1790434873.042485352]: rtabmap (1456): Rate=1.00s, Limit=0.000s, Conversion=0.0014s, RTAB-Map=0.2783s, Maps update=0.0005s pub=0.0001s (local map=186, WM=186)[0m
[0m[ INFO] [1790436792.981907375, 1790434874.202389402]: rtabmap (1457): Rate=1.00s, Limit=0.000s, Conversion=0.0014s, RTAB-Map=0.2829s, Maps update=0.0002s pub=0.0001s (local map=187, WM=187)[0m
Warning: TF_REPEATED_DATA ignoring data with redundant timestamp for frame odom (parent map) at time 1790434874.469226 according to authority unknown_publisher
         at line 278 in /tmp/binarydeb/ros-noetic-tf2-0.7.7/src/buffer_core.cpp
[33m[ WARN] [1790436793.140126802, 1790434874.369225601]: TF_REPEATED_DATA ignoring data with redundant timestamp for frame odom (parent map) at time 1790434874.469226 according to authority unknown_publisher[0m
Warning: TF_REPEATED_DATA ignoring data with redundant timestamp for frame odom (parent map) at time 1790434874.469226 according to authority /rtabmap/rtabmap
         at line 278 in /tmp/binarydeb/ros-noetic-tf2-0.7.7/src/buffer_core.cpp
[33m[ WARN] [1790436805.401458049, 1790434886.623763457]: We are receiving imu data (buffer=1000), but cannot interpolate imu transform at time 1790434886.593456. IMU won't be added to graph.[0m
[0m[ INFO] [1790436794.004848242, 1790434875.231411875]: rtabmap (1458): Rate=1.00s, Limit=0.000s, Conversion=0.0015s, RTAB-Map=0.2676s, Maps update=0.0002s pub=0.0001s (local map=188, WM=188)[0m
[0m[ INFO] [1790436795.099547342, 1790434876.328792287]: rtabmap (1459): Rate=1.00s, Limit=0.000s, Conversion=0.0015s, RTAB-Map=0.2949s, Maps update=0.0003s pub=0.0001s (local map=189, WM=189)[0m
[0m[ INFO] [1790436796.108801295, 1790434877.330974893]: rtabmap (1460): Rate=1.00s, Limit=0.000s, Conversion=0.0014s, RTAB-Map=0.2796s, Maps update=0.0002s pub=0.0001s (local map=190, WM=190)[0m
[0m[ INFO] [1790436797.229903799, 1790434878.452114038]: rtabmap (1461): Rate=1.00s, Limit=0.000s, Conversion=0.0015s, RTAB-Map=0.2807s, Maps update=0.0002s pub=0.0001s (local map=191, WM=191)[0m
[0m[ INFO] [1790436798.388332300, 1790434879.612608323]: rtabmap (1462): Rate=1.00s, Limit=0.000s, Conversion=0.0015s, RTAB-Map=0.2918s, Maps update=0.0003s pub=0.0001s (local map=192, WM=192)[0m
[0m[ INFO] [1790436799.377872866, 1790434880.601835637]: rtabmap (1463): Rate=1.00s, Limit=0.000s, Conversion=0.0014s, RTAB-Map=0.2791s, Maps update=0.0003s pub=0.0001s (local map=193, WM=193)[0m
[0m[ INFO] [1790436800.409254425, 1790434881.631288854]: rtabmap (1464): Rate=1.00s, Limit=0.000s, Conversion=0.0014s, RTAB-Map=0.2760s, Maps update=0.0002s pub=0.0001s (local map=194, WM=194)[0m
[0m[ INFO] [1790436801.371745907, 1790434882.600038808]: rtabmap (1465): Rate=1.00s, Limit=0.000s, Conversion=0.0010s, RTAB-Map=0.2549s, Maps update=0.0003s pub=0.0001s (local map=195, WM=195)[0m
[0m[ INFO] [1790436802.368554103, 1790434883.598095819]: rtabmap (1466): Rate=1.00s, Limit=0.000s, Conversion=0.0009s, RTAB-Map=0.2613s, Maps update=0.0003s pub=0.0001s (local map=196, WM=196)[0m
[0m[ INFO] [1790436803.455531529, 1790434884.680201988]: rtabmap (1467): Rate=1.00s, Limit=0.000s, Conversion=0.0009s, RTAB-Map=0.2489s, Maps update=0.0002s pub=0.0001s (local map=197, WM=197)[0m
[0m[ INFO] [1790436804.668525956, 1790434885.896353092]: rtabmap (1468): Rate=1.00s, Limit=0.000s, Conversion=0.0014s, RTAB-Map=0.2612s, Maps update=0.0002s pub=0.0001s (local map=198, WM=198)[0m
[33m[ WARN] (2026-09-26 11:33:25.401) Transform.cpp:557::getTransform() No transform found for stamp 1790434886.593456! Latest is 1790434886.577965[0m
[0m[ INFO] [1790436805.639183156, 1790434886.865517315]: rtabmap (1469): Rate=1.00s, Limit=0.000s, Conversion=0.0022s, RTAB-Map=0.2370s, Maps update=0.0003s pub=0.0001s (local map=199, WM=199)[0m
[0m[ INFO] [1790436806.752769809, 1790434887.976445025]: rtabmap (1470): Rate=1.00s, Limit=0.000s, Conversion=0.0010s, RTAB-Map=0.2501s, Maps update=0.0004s pub=0.0001s (local map=200, WM=200)[0m
[0m[ INFO] [1790436807.791910866, 1790434889.015642307]: rtabmap (1471): Rate=1.00s, Limit=0.000s, Conversion=0.0021s, RTAB-Map=0.2660s, Maps update=0.0003s pub=0.0001s (local map=201, WM=201)[0m
[0m[ INFO] [1790436808.879762082, 1790434890.105051621]: rtabmap (1472): Rate=1.00s, Limit=0.000s, Conversion=0.0014s, RTAB-Map=0.2693s, Maps update=0.0002s pub=0.0001s (local map=202, WM=202)[0m
[0m[ INFO] [1790436809.896994306, 1790434891.118443033]: rtabmap (1473): Rate=1.00s, Limit=0.000s, Conversion=0.0015s, RTAB-Map=0.2597s, Maps update=0.0003s pub=0.0001s (local map=203, WM=203)[0m
Warning: TF_REPEATED_DATA ignoring data with redundant timestamp for frame odom (parent map) at time 1790434891.376871 according to authority unknown_publisher
         at line 278 in /tmp/binarydeb/ros-noetic-tf2-0.7.7/src/buffer_core.cpp
Warning: TF_REPEATED_DATA ignoring data with redundant timestamp for frame odom (parent map) at time 1790434891.376871 according to authority /rtabmap/rtabmap
         at line 278 in /tmp/binarydeb/ros-noetic-tf2-0.7.7/src/buffer_core.cpp
[33m[ WARN] [1790436810.048656756, 1790434891.276870553]: TF_REPEATED_DATA ignoring data with redundant timestamp for frame odom (parent map) at time 1790434891.376871 according to authority unknown_publisher[0m
[0m[ INFO] [1790436810.978160193, 1790434892.203204353]: rtabmap (1474): Rate=1.00s, Limit=0.000s, Conversion=0.0014s, RTAB-Map=0.2681s, Maps update=0.0002s pub=0.0001s (local map=204, WM=204)[0m
[0m[ INFO] [1790436811.982372583, 1790434893.211015857]: rtabmap (1475): Rate=1.00s, Limit=0.000s, Conversion=0.0018s, RTAB-Map=0.2608s, Maps update=0.0003s pub=0.0001s (local map=205, WM=205)[0m
[0m[ INFO] [1790436813.107501531, 1790434894.332273464]: rtabmap (1476): Rate=1.00s, Limit=0.000s, Conversion=0.0014s, RTAB-Map=0.2743s, Maps update=0.0002s pub=0.0001s (local map=206, WM=206)[0m
[0m[ INFO] [1790436814.091717431, 1790434895.314788705]: rtabmap (1477): Rate=1.00s, Limit=0.000s, Conversion=0.0009s, RTAB-Map=0.2834s, Maps update=0.0002s pub=0.0001s (local map=207, WM=207)[0m
[0m[ INFO] [1790436815.165525976, 1790434896.388121500]: rtabmap (1478): Rate=1.00s, Limit=0.000s, Conversion=0.0012s, RTAB-Map=0.2726s, Maps update=0.0003s pub=0.0001s (local map=208, WM=208)[0m
[0m[ INFO] [1790436816.183309939, 1790434897.406182234]: rtabmap (1479): Rate=1.00s, Limit=0.000s, Conversion=0.0009s, RTAB-Map=0.2505s, Maps update=0.0002s pub=0.0002s (local map=209, WM=209)[0m
[0m[ INFO] [1790436817.266334073, 1790434898.490365901]: rtabmap (1480): Rate=1.00s, Limit=0.000s, Conversion=0.0012s, RTAB-Map=0.2644s, Maps update=0.0003s pub=0.0001s (local map=210, WM=210)[0m
[0m[ INFO] [1790436818.260072731, 1790434899.481581906]: rtabmap (1481): Rate=1.00s, Limit=0.000s, Conversion=0.0010s, RTAB-Map=0.2500s, Maps update=0.0002s pub=0.0001s (local map=211, WM=211)[0m
[0m[ INFO] [1790436819.265469409, 1790434900.490444960]: rtabmap (1482): Rate=1.00s, Limit=0.000s, Conversion=0.0012s, RTAB-Map=0.2664s, Maps update=0.0003s pub=0.0001s (local map=212, WM=212)[0m
[0m[ INFO] [1790436820.293333447, 1790434901.520108795]: rtabmap (1483): Rate=1.00s, Limit=0.000s, Conversion=0.0013s, RTAB-Map=0.2890s, Maps update=0.0004s pub=0.0001s (local map=213, WM=213)[0m
[0m[ INFO] [1790436821.267036477, 1790434902.488551188]: rtabmap (1484): Rate=1.00s, Limit=0.000s, Conversion=0.0014s, RTAB-Map=0.2606s, Maps update=0.0003s pub=0.0001s (local map=214, WM=214)[0m
[0m[ INFO] [1790436822.379410602, 1790434903.609144736]: rtabmap (1485): Rate=1.00s, Limit=0.000s, Conversion=0.0016s, RTAB-Map=0.2620s, Maps update=0.0003s pub=0.0001s (local map=215, WM=215)[0m
[0m[ INFO] [1790436823.489316376, 1790434904.718273189]: rtabmap (1486): Rate=1.00s, Limit=0.000s, Conversion=0.0020s, RTAB-Map=0.2845s, Maps update=0.0003s pub=0.0001s (local map=216, WM=216)[0m
[0m[ INFO] [1790436824.448026204, 1790434905.667455964]: rtabmap (1487): Rate=1.00s, Limit=0.000s, Conversion=0.0012s, RTAB-Map=0.2461s, Maps update=0.0003s pub=0.0001s (local map=217, WM=217)[0m
[0m[ INFO] [1790436825.588376320, 1790434906.818354585]: rtabmap (1488): Rate=1.00s, Limit=0.000s, Conversion=0.0015s, RTAB-Map=0.2592s, Maps update=0.0002s pub=0.0001s (local map=218, WM=218)[0m
[0m[ INFO] [1790436826.622796096, 1790434907.850692320]: rtabmap (1489): Rate=1.00s, Limit=0.000s, Conversion=0.0014s, RTAB-Map=0.2856s, Maps update=0.0002s pub=0.0001s (local map=219, WM=219)[0m
[0m[ INFO] [1790436827.687237157, 1790434908.911359096]: rtabmap (1490): Rate=1.00s, Limit=0.000s, Conversion=0.0021s, RTAB-Map=0.2823s, Maps update=0.0004s pub=0.0001s (local map=219, WM=219)[0m
[0m[ INFO] [1790436828.718735201, 1790434909.940913853]: rtabmap (1491): Rate=1.00s, Limit=0.000s, Conversion=0.0014s, RTAB-Map=0.2976s, Maps update=0.0002s pub=0.0001s (local map=220, WM=220)[0m
Warning: TF_REPEATED_DATA ignoring data with redundant timestamp for frame odom (parent map) at time 1790434910.201432 according to authority unknown_publisher
         at line 278 in /tmp/binarydeb/ros-noetic-tf2-0.7.7/src/buffer_core.cpp
[33m[ WARN] [1790436828.871859735, 1790434910.101432171]: TF_REPEATED_DATA ignoring data with redundant timestamp for frame odom (parent map) at time 1790434910.201432 according to authority unknown_publisher[0m
Warning: TF_REPEATED_DATA ignoring data with redundant timestamp for frame odom (parent map) at time 1790434910.201432 according to authority /rtabmap/rtabmap
         at line 278 in /tmp/binarydeb/ros-noetic-tf2-0.7.7/src/buffer_core.cpp
[33m[ WARN] [1790436867.497287203, 1790434948.719601601]: We are receiving imu data (buffer=1000), but cannot interpolate imu transform at time 1790434948.679343. IMU won't be added to graph.[0m
[0m[ INFO] [1790436829.691998890, 1790434910.919013920]: rtabmap (1492): Rate=1.00s, Limit=0.000s, Conversion=0.0014s, RTAB-Map=0.2718s, Maps update=0.0003s pub=0.0001s (local map=221, WM=221)[0m
[0m[ INFO] [1790436830.695775612, 1790434911.919217255]: rtabmap (1493): Rate=1.00s, Limit=0.000s, Conversion=0.0010s, RTAB-Map=0.2786s, Maps update=0.0005s pub=0.0001s (local map=221, WM=221)[0m
[0m[ INFO] [1790436831.766390180, 1790434912.986493735]: rtabmap (1494): Rate=1.00s, Limit=0.000s, Conversion=0.0009s, RTAB-Map=0.2734s, Maps update=0.0005s pub=0.0001s (local map=221, WM=221)[0m
[0m[ INFO] [1790436832.858429544, 1790434914.086656971]: rtabmap (1495): Rate=1.00s, Limit=0.000s, Conversion=0.0014s, RTAB-Map=0.2525s, Maps update=0.0003s pub=0.0001s (local map=221, WM=221)[0m
[0m[ INFO] [1790436833.914587361, 1790434915.142769893]: rtabmap (1496): Rate=1.00s, Limit=0.000s, Conversion=0.0014s, RTAB-Map=0.2734s, Maps update=0.0003s pub=0.0001s (local map=221, WM=221)[0m
[0m[ INFO] [1790436834.995523967, 1790434916.216449932]: rtabmap (1497): Rate=1.00s, Limit=0.000s, Conversion=0.0014s, RTAB-Map=0.2821s, Maps update=0.0004s pub=0.0001s (local map=221, WM=221)[0m
[0m[ INFO] [1790436836.094954422, 1790434917.319002217]: rtabmap (1498): Rate=1.00s, Limit=0.000s, Conversion=0.0010s, RTAB-Map=0.2594s, Maps update=0.0004s pub=0.0001s (local map=221, WM=221)[0m
[0m[ INFO] [1790436837.192961339, 1790434918.423223031]: rtabmap (1499): Rate=1.00s, Limit=0.000s, Conversion=0.0015s, RTAB-Map=0.2929s, Maps update=0.0005s pub=0.0001s (local map=221, WM=221)[0m
[0m[ INFO] [1790436838.296884548, 1790434919.522219910]: rtabmap (1500): Rate=1.00s, Limit=0.000s, Conversion=0.0025s, RTAB-Map=0.2958s, Maps update=0.0004s pub=0.0001s (local map=221, WM=221)[0m
[0m[ INFO] [1790436839.250983327, 1790434920.474671181]: rtabmap (1501): Rate=1.00s, Limit=0.000s, Conversion=0.0013s, RTAB-Map=0.2579s, Maps update=0.0004s pub=0.0001s (local map=221, WM=221)[0m
[0m[ INFO] [1790436840.374002152, 1790434921.604110658]: rtabmap (1502): Rate=1.00s, Limit=0.000s, Conversion=0.0014s, RTAB-Map=0.2792s, Maps update=0.0005s pub=0.0001s (local map=221, WM=221)[0m
[0m[ INFO] [1790436841.480552140, 1790434922.704311163]: rtabmap (1503): Rate=1.00s, Limit=0.000s, Conversion=0.0009s, RTAB-Map=0.2796s, Maps update=0.0003s pub=0.0001s (local map=221, WM=221)[0m
[0m[ INFO] [1790436842.505284518, 1790434923.732541183]: rtabmap (1504): Rate=1.00s, Limit=0.000s, Conversion=0.0010s, RTAB-Map=0.3016s, Maps update=0.0007s pub=0.0001s (local map=221, WM=221)[0m
[0m[ INFO] [1790436843.487395720, 1790434924.711820446]: rtabmap (1505): Rate=1.00s, Limit=0.000s, Conversion=0.0009s, RTAB-Map=0.2665s, Maps update=0.0005s pub=0.0001s (local map=221, WM=221)[0m
[0m[ INFO] [1790436844.481842618, 1790434925.705431815]: rtabmap (1506): Rate=1.00s, Limit=0.000s, Conversion=0.0009s, RTAB-Map=0.2530s, Maps update=0.0003s pub=0.0001s (local map=221, WM=221)[0m
[0m[ INFO] [1790436845.490116494, 1790434926.715623346]: rtabmap (1507): Rate=1.00s, Limit=0.000s, Conversion=0.0013s, RTAB-Map=0.2730s, Maps update=0.0003s pub=0.0001s (local map=221, WM=221)[0m
[0m[ INFO] [1790436846.569524650, 1790434927.794815275]: rtabmap (1508): Rate=1.00s, Limit=0.000s, Conversion=0.0010s, RTAB-Map=0.2602s, Maps update=0.0003s pub=0.0001s (local map=221, WM=221)[0m
[0m[ INFO] [1790436847.670256865, 1790434928.893794733]: rtabmap (1509): Rate=1.00s, Limit=0.000s, Conversion=0.0009s, RTAB-Map=0.2601s, Maps update=0.0003s pub=0.0001s (local map=221, WM=221)[0m
[0m[ INFO] [1790436848.704535173, 1790434929.925359345]: rtabmap (1510): Rate=1.00s, Limit=0.000s, Conversion=0.0014s, RTAB-Map=0.2949s, Maps update=0.0003s pub=0.0001s (local map=221, WM=221)[0m
[0m[ INFO] [1790436849.705475165, 1790434930.928991113]: rtabmap (1511): Rate=1.00s, Limit=0.000s, Conversion=0.0015s, RTAB-Map=0.2802s, Maps update=0.0003s pub=0.0001s (local map=221, WM=221)[0m
[0m[ INFO] [1790436850.803981429, 1790434932.020294636]: rtabmap (1512): Rate=1.00s, Limit=0.000s, Conversion=0.0014s, RTAB-Map=0.2851s, Maps update=0.0004s pub=0.0001s (local map=221, WM=221)[0m
[0m[ INFO] [1790436851.862353490, 1790434933.091407904]: rtabmap (1513): Rate=1.00s, Limit=0.000s, Conversion=0.0010s, RTAB-Map=0.2591s, Maps update=0.0004s pub=0.0001s (local map=221, WM=221)[0m
[0m[ INFO] [1790436852.993832109, 1790434934.221532171]: rtabmap (1514): Rate=1.00s, Limit=0.000s, Conversion=0.0014s, RTAB-Map=0.2685s, Maps update=0.0003s pub=0.0001s (local map=221, WM=221)[0m
[0m[ INFO] [1790436854.065721478, 1790434935.287317244]: rtabmap (1515): Rate=1.00s, Limit=0.000s, Conversion=0.0010s, RTAB-Map=0.2656s, Maps update=0.0004s pub=0.0001s (local map=221, WM=221)[0m
[0m[ INFO] [1790436855.159401120, 1790434936.382891884]: rtabmap (1516): Rate=1.00s, Limit=0.000s, Conversion=0.0010s, RTAB-Map=0.2625s, Maps update=0.0003s pub=0.0001s (local map=221, WM=221)[0m
[0m[ INFO] [1790436856.363472080, 1790434937.586929947]: rtabmap (1517): Rate=1.00s, Limit=0.000s, Conversion=0.0014s, RTAB-Map=0.2602s, Maps update=0.0006s pub=0.0001s (local map=221, WM=221)[0m
[0m[ INFO] [1790436857.409493555, 1790434938.636366695]: rtabmap (1518): Rate=1.00s, Limit=0.000s, Conversion=0.0015s, RTAB-Map=0.2801s, Maps update=0.0003s pub=0.0001s (local map=221, WM=221)[0m
[0m[ INFO] [1790436858.412668379, 1790434939.634699926]: rtabmap (1519): Rate=1.00s, Limit=0.000s, Conversion=0.0019s, RTAB-Map=0.3058s, Maps update=0.0004s pub=0.0001s (local map=221, WM=221)[0m
[0m[ INFO] [1790436859.505559846, 1790434940.733608903]: rtabmap (1520): Rate=1.00s, Limit=0.000s, Conversion=0.0015s, RTAB-Map=0.2841s, Maps update=0.0004s pub=0.0001s (local map=221, WM=221)[0m
[0m[ INFO] [1790436860.576460331, 1790434941.798149698]: rtabmap (1521): Rate=1.00s, Limit=0.000s, Conversion=0.0015s, RTAB-Map=0.2725s, Maps update=0.0003s pub=0.0001s (local map=221, WM=221)[0m
[0m[ INFO] [1790436861.593852599, 1790434942.816426200]: rtabmap (1522): Rate=1.00s, Limit=0.000s, Conversion=0.0013s, RTAB-Map=0.2689s, Maps update=0.0004s pub=0.0001s (local map=221, WM=221)[0m
[0m[ INFO] [1790436862.684049981, 1790434943.909435456]: rtabmap (1523): Rate=1.00s, Limit=0.000s, Conversion=0.0014s, RTAB-Map=0.2756s, Maps update=0.0003s pub=0.0001s (local map=221, WM=221)[0m
[0m[ INFO] [1790436863.692099065, 1790434944.919266352]: rtabmap (1524): Rate=1.00s, Limit=0.000s, Conversion=0.0014s, RTAB-Map=0.2706s, Maps update=0.0004s pub=0.0001s (local map=221, WM=221)[0m
[0m[ INFO] [1790436864.783307912, 1790434946.008906253]: rtabmap (1525): Rate=1.00s, Limit=0.000s, Conversion=0.0010s, RTAB-Map=0.2823s, Maps update=0.0003s pub=0.0001s (local map=221, WM=221)[0m
[0m[ INFO] [1790436865.758292667, 1790434946.978724675]: rtabmap (1526): Rate=1.00s, Limit=0.000s, Conversion=0.0012s, RTAB-Map=0.2551s, Maps update=0.0003s pub=0.0001s (local map=221, WM=221)[0m
[0m[ INFO] [1790436866.786461344, 1790434948.009108674]: rtabmap (1527): Rate=1.00s, Limit=0.000s, Conversion=0.0014s, RTAB-Map=0.2825s, Maps update=0.0005s pub=0.0001s (local map=221, WM=221)[0m
[33m[ WARN] (2026-09-26 11:34:27.497) Transform.cpp:557::getTransform() No transform found for stamp 1790434948.679343! Latest is 1790434948.676828[0m
[0m[ INFO] [1790436867.750674193, 1790434948.971431964]: rtabmap (1528): Rate=1.00s, Limit=0.000s, Conversion=0.0013s, RTAB-Map=0.2527s, Maps update=0.0003s pub=0.0001s (local map=221, WM=221)[0m
[0m[ INFO] [1790436868.760340025, 1790434949.985097076]: rtabmap (1529): Rate=1.00s, Limit=0.000s, Conversion=0.0015s, RTAB-Map=0.2509s, Maps update=0.0003s pub=0.0001s (local map=221, WM=221)[0m
[0m[ INFO] [1790436869.860013670, 1790434951.085626859]: rtabmap (1530): Rate=1.00s, Limit=0.000s, Conversion=0.0010s, RTAB-Map=0.2580s, Maps update=0.0003s pub=0.0001s (local map=221, WM=221)[0m
[0m[ INFO] [1790436870.878628501, 1790434952.105948366]: rtabmap (1531): Rate=1.00s, Limit=0.000s, Conversion=0.0014s, RTAB-Map=0.2546s, Maps update=0.0003s pub=0.0001s (local map=221, WM=221)[0m
[33m[ WARN] (2026-09-26 11:34:31.597) Transform.cpp:557::getTransform() No transform found for stamp 1790434952.79355[33m[ WARN] [1790436871.598091962, 1790434952.823761728]: We are receiving imu data (buffer=1000), but cannot interpolate imu transform at time 1790434952.793559. IMU won't be added to graph.[0m
9! Latest is 1790434952.793233[0m
[0m[ INFO] [1790436871.837321856, 1790434953.065535652]: rtabmap (1532): Rate=1.00s, Limit=0.000s, Conversion=0.0013s, RTAB-Map=0.2385s, Maps update=0.0003s pub=0.0001s (local map=221, WM=221)[0m
[0m[ INFO] [1790436873.048885488, 1790434954.269663548]: rtabmap (1533): Rate=1.00s, Limit=0.000s, Conversion=0.0014s, RTAB-Map=0.2876s, Maps update=0.0003s pub=0.0001s (local map=221, WM=221)[0m
[0m[ INFO] [1790436874.080620342, 1790434955.309274783]: rtabmap (1534): Rate=1.00s, Limit=0.000s, Conversion=0.0015s, RTAB-Map=0.2760s, Maps update=0.0004s pub=0.0001s (local map=221, WM=221)[0m
[0m[ INFO] [1790436875.163693048, 1790434956.389318333]: rtabmap (1535): Rate=1.00s, Limit=0.000s, Conversion=0.0009s, RTAB-Map=0.2619s, Maps update=0.0003s pub=0.0001s (local map=221, WM=221)[0m
[0m[ INFO] [1790436876.223281028, 1790434957.452043598]: rtabmap (1536): Rate=1.00s, Limit=0.000s, Conversion=0.0013s, RTAB-Map=0.2580s, Maps update=0.0003s pub=0.0001s (local map=221, WM=221)[0m
[0m[ INFO] [1790436877.283717048, 1790434958.511005521]: rtabmap (1537): Rate=1.00s, Limit=0.000s, Conversion=0.0013s, RTAB-Map=0.2768s, Maps update=0.0005s pub=0.0001s (local map=221, WM=221)[0m
[0m[ INFO] [1790436878.302211965, 1790434959.523962804]: rtabmap (1538): Rate=1.00s, Limit=0.000s, Conversion=0.0013s, RTAB-Map=0.2923s, Maps update=0.0003s pub=0.0001s (local map=221, WM=221)[0m
[0m[ INFO] [1790436879.374203575, 1790434960.594123609]: rtabmap (1539): Rate=1.00s, Limit=0.000s, Conversion=0.0015s, RTAB-Map=0.2722s, Maps update=0.0003s pub=0.0001s (local map=221, WM=221)[0m
[0m[ INFO] [1790436880.385689382, 1790434961.613200258]: rtabmap (1540): Rate=1.00s, Limit=0.000s, Conversion=0.0014s, RTAB-Map=0.2798s, Maps update=0.0005s pub=0.0001s (local map=221, WM=221)[0m
[0m[ INFO] [1790436881.383484147, 1790434962.605476302]: rtabmap (1541): Rate=1.00s, Limit=0.000s, Conversion=0.0015s, RTAB-Map=0.2714s, Maps update=0.0004s pub=0.0001s (local map=221, WM=221)[0m
[0m[ INFO] [1790436882.491254767, 1790434963.715818536]: rtabmap (1542): Rate=1.00s, Limit=0.000s, Conversion=0.0009s, RTAB-Map=0.2816s, Maps update=0.0006s pub=0.0001s (local map=221, WM=221)[0m
[0m[ INFO] [1790436883.509299336, 1790434964.736632449]: rtabmap (1543): Rate=1.00s, Limit=0.000s, Conversion=0.0015s, RTAB-Map=0.2600s, Maps update=0.0004s pub=0.0001s (local map=221, WM=221)[0m
[0m[ INFO] [1790436884.564013584, 1790434965.788963085]: rtabmap (1544): Rate=1.00s, Limit=0.000s, Conversion=0.0013s, RTAB-Map=0.2598s, Maps update=0.0004s pub=0.0001s (local map=221, WM=221)[0m
[0m[ INFO] [1790436885.680776753, 1790434966.908611216]: rtabmap (1545): Rate=1.00s, Limit=0.000s, Conversion=0.0014s, RTAB-Map=0.2822s, Maps update=0.0003s pub=0.0001s (local map=221, WM=221)[0m
[0m[ INFO] [1790436886.658355786, 1790434967.886098824]: rtabmap (1546): Rate=1.00s, Limit=0.000s, Conversion=0.0009s, RTAB-Map=0.2557s, Maps update=0.0004s pub=0.0001s (local map=221, WM=221)[0m
[0m[ INFO] [1790436887.702419216, 1790434968.923027963]: rtabmap (1547): Rate=1.00s, Limit=0.000s, Conversion=0.0011s, RTAB-Map=0.2495s, Maps update=0.0003s pub=0.0001s (local map=221, WM=221)[0m
[0m[ INFO] [1790436888.771764127, 1790434969.993699385]: rtabmap (1548): Rate=1.00s, Limit=0.000s, Conversion=0.0015s, RTAB-Map=0.2746s, Maps update=0.0003s pub=0.0001s (local map=221, WM=221)[0m
[0m[ INFO] [1790436889.882196208, 1790434971.105188215]: rtabmap (1549): Rate=1.00s, Limit=0.000s, Conversion=0.0014s, RTAB-Map=0.2803s, Maps update=0.0003s pub=0.0001s (local map=221, WM=221)[0m
[0m[ INFO] [1790436890.897978182, 1790434972.125965671]: rtabmap (1550): Rate=1.00s, Limit=0.000s, Conversion=0.0012s, RTAB-Map=0.2765s, Maps update=0.0005s pub=0.0001s (local map=221, WM=221)[0m
[0m[ INFO] [1790436891.984581628, 1790434973.205897935]: rtabmap (1551): Rate=1.00s, Limit=0.000s, Conversion=0.0015s, RTAB-Map=0.2751s, Maps update=0.0003s pub=0.0001s (local map=221, WM=221)[0m
[0m[ INFO] [1790436893.086478692, 1790434974.309279369]: rtabmap (1552): Rate=1.00s, Limit=0.000s, Conversion=0.0013s, RTAB-Map=0.2873s, Maps update=0.0005s pub=0.0001s (local map=221, WM=221)[0m
[0m[ INFO] [1790436894.121349591, 1790434975.342668650]: rtabmap (1553): Rate=1.00s, Limit=0.000s, Conversion=0.0012s, RTAB-Map=0.2802s, Maps update=0.0004s pub=0.0001s (local map=221, WM=221)[0m
[0m[ INFO] [1790436895.264006812, 1790434976.494012533]: rtabmap (1554): Rate=1.00s, Limit=0.000s, Conversion=0.0011s, RTAB-Map=0.2624s, Maps update=0.0004s pub=0.0001s (local map=221, WM=221)[0m
[0m[ INFO] [1790436896.293670351, 1790434977.520459074]: rtabmap (1555): Rate=1.00s, Limit=0.000s, Conversion=0.0009s, RTAB-Map=0.2688s, Maps update=0.0005s pub=0.0001s (local map=221, WM=221)[0m
[0m[ INFO] [1790436897.329767980, 1790434978.558259987]: rtabmap (1556): Rate=1.00s, Limit=0.000s, Conversion=0.0015s, RTAB-Map=0.2765s, Maps update=0.0003s pub=0.0001s (local map=221, WM=221)[0m
[0m[ INFO] [1790436898.468157754, 1790434979.689555886]: rtabmap (1557): Rate=1.00s, Limit=0.000s, Conversion=0.0015s, RTAB-Map=0.2727s, Maps update=0.0003s pub=0.0001s (local map=221, WM=221)[0m
[0m[ INFO] [1790436899.495855282, 1790434980.722470915]: rtabmap (1558): Rate=1.00s, Limit=0.000s, Conversion=0.0014s, RTAB-Map=0.2774s, Maps update=0.0003s pub=0.0001s (local map=221, WM=221)[0m
[0m[ INFO] [1790436900.591639017, 1790434981.812802842]: rtabmap (1559): Rate=1.00s, Limit=0.000s, Conversion=0.0016s, RTAB-Map=0.2835s, Maps update=0.0005s pub=0.0001s (local map=221, WM=221)[0m
[0m[ INFO] [1790436901.587809643, 1790434982.812401156]: rtabmap (1560): Rate=1.00s, Limit=0.000s, Conversion=0.0012s, RTAB-Map=0.2778s, Maps update=0.0004s pub=0.0001s (local map=221, WM=221)[0m
[0m[ INFO] [1790436902.723248338, 1790434983.944661798]: rtabmap (1561): Rate=1.00s, Limit=0.000s, Conversion=0.0014s, RTAB-Map=0.2779s, Maps update=0.0004s pub=0.0001s (local map=221, WM=221)[0m
[0m[ INFO] [1790436903.781386218, 1790434985.004033196]: rtabmap (1562): Rate=1.00s, Limit=0.000s, Conversion=0.0015s, RTAB-Map=0.2719s, Maps update=0.0004s pub=0.0001s (local map=221, WM=221)[0m
[0m[ INFO] [1790436904.878176487, 1790434986.104484405]: rtabmap (1563): Rate=1.00s, Limit=0.000s, Conversion=0.0015s, RTAB-Map=0.2664s, Maps update=0.0003s pub=0.0001s (local map=221, WM=221)[0m
[0m[ INFO] [1790436905.986689933, 1790434987.214837008]: rtabmap (1564): Rate=1.00s, Limit=0.000s, Conversion=0.0014s, RTAB-Map=0.2764s, Maps update=0.0006s pub=0.0001s (local map=221, WM=221)[0m
[0m[ INFO] [1790436906.993639208, 1790434988.217024595]: rtabmap (1565): Rate=1.00s, Limit=0.000s, Conversion=0.0014s, RTAB-Map=0.2801s, Maps update=0.0006s pub=0.0001s (local map=221, WM=221)[0m
[0m[ INFO] [1790436908.069452075, 1790434989.298341078]: rtabmap (1566): Rate=1.00s, Limit=0.000s, Conversion=0.0012s, RTAB-Map=0.2709s, Maps update=0.0003s pub=0.0001s (local map=221, WM=221)[0m
[0m[ INFO] [1790436909.187659646, 1790434990.408186184]: rtabmap (1567): Rate=1.00s, Limit=0.000s, Conversion=0.0015s, RTAB-Map=0.2845s, Maps update=0.0003s pub=0.0001s (local map=221, WM=221)[0m
[0m[ INFO] [1790436910.193491080, 1790434991.419140910]: rtabmap (1568): Rate=1.00s, Limit=0.000s, Conversion=0.0014s, RTAB-Map=0.2800s, Maps update=0.0004s pub=0.0001s (local map=221, WM=221)[0m
[0m[ INFO] [1790436911.165413666, 1790434992.390711812]: rtabmap (1569): Rate=1.00s, Limit=0.000s, Conversion=0.0015s, RTAB-Map=0.2561s, Maps update=0.0003s pub=0.0001s (local map=221, WM=221)[0m
[0m[ INFO] [1790436912.172318934, 1790434993.396629036]: rtabmap (1570): Rate=1.00s, Limit=0.000s, Conversion=0.0011s, RTAB-Map=0.2667s, Maps update=0.0003s pub=0.0001s (local map=221, WM=221)[0m
[0m[ INFO] [1790436913.315677900, 1790434994.545319809]: rtabmap (1571): Rate=1.00s, Limit=0.000s, Conversion=0.0014s, RTAB-Map=0.3038s, Maps update=0.0005s pub=0.0001s (local map=221, WM=221)[0m
[0m[ INFO] [1790436914.403694326, 1790434995.632685155]: rtabmap (1572): Rate=1.00s, Limit=0.000s, Conversion=0.0010s, RTAB-Map=0.2823s, Maps update=0.0006s pub=0.0001s (local map=221, WM=221)[0m
[33m[ WARN] (2026-09-26 11:35:15.104)[33m[ WARN] [1790436915.104589885, 1790434996.330902635]: We are receiving imu data (buffer=1000), but cannot interpolate imu transform at time 1790434996.290563. IMU won't be added to graph.[0m
[33m[ WARN] [1790436921.492835920, 1790435002.720171081]: We are receiving imu data (buffer=1000), but cannot interpolate imu transform at time 1790435002.679787. IMU won't be added to graph.[0m
[33m[ WARN] [1790436928.905703108, 1790435010.129491700]: We are receiving imu data (buffer=1000), but cannot interpolate imu transform at time 1790435010.088757. IMU won't be added to graph.[0m
[33m[ WARN] [1790436936.123557133, 1790435017.352377688]: We are receiving imu data (buffer=1000), but cannot interpolate imu transform at time 1790435017.302016. IMU won't be added to graph.[0m
[33m[ WARN] [1790436937.206184380, 1790435018.428269432]: We are receiving imu data (buffer=1000), but cannot interpolate imu transform at time 1790435018.397951. IMU won't be added to graph.[0m
 Transform.cpp:557::getTransform() No transform found for stamp 1790434996.290563! Latest is 1790434996.285691[0m
[0m[ INFO] [1790436915.332293231, 1790434996.552843449]: rtabmap (1573): Rate=1.00s, Limit=0.000s, Conversion=0.0013s, RTAB-Map=0.2269s, Maps update=0.0004s pub=0.0001s (local map=221, WM=221)[0m
[0m[ INFO] [1790436916.599445614, 1790434997.824198953]: rtabmap (1574): Rate=1.00s, Limit=0.000s, Conversion=0.0010s, RTAB-Map=0.2946s, Maps update=0.0004s pub=0.0001s (local map=221, WM=221)[0m
[0m[ INFO] [1790436917.599599885, 1790434998.824624043]: rtabmap (1575): Rate=1.00s, Limit=0.000s, Conversion=0.0009s, RTAB-Map=0.2707s, Maps update=0.0004s pub=0.0001s (local map=221, WM=221)[0m
[0m[ INFO] [1790436918.687290350, 1790434999.912216779]: rtabmap (1576): Rate=1.00s, Limit=0.000s, Conversion=0.0015s, RTAB-Map=0.2707s, Maps update=0.0004s pub=0.0001s (local map=221, WM=221)[0m
[0m[ INFO] [1790436919.705527166, 1790435000.931011202]: rtabmap (1577): Rate=1.00s, Limit=0.000s, Conversion=0.0020s, RTAB-Map=0.2967s, Maps update=0.0004s pub=0.0001s (local map=221, WM=221)[0m
[0m[ INFO] [1790436920.686945437, 1790435001.911383349]: rtabmap (1578): Rate=1.00s, Limit=0.000s, Conversion=0.0011s, RTAB-Map=0.2658s, Maps update=0.0005s pub=0.0001s (local map=221, WM=221)[0m
[33m[ WARN] (2026-09-26 11:35:21.492) Transform.cpp:557::getTransform() No transform found for stamp 1790435002.679787! Latest is 1790435002.669343[0m
[0m[ INFO] [1790436921.737978156, 1790435002.961897630]: rtabmap (1579): Rate=1.00s, Limit=0.000s, Conversion=0.0017s, RTAB-Map=0.2443s, Maps update=0.0004s pub=0.0001s (local map=221, WM=221)[0m
[0m[ INFO] [1790436922.778262332, 1790435004.002613715]: rtabmap (1580): Rate=1.00s, Limit=0.000s, Conversion=0.0010s, RTAB-Map=0.2821s, Maps update=0.0004s pub=0.0001s (local map=221, WM=221)[0m
[0m[ INFO] [1790436923.893419225, 1790435005.122496935]: rtabmap (1581): Rate=1.00s, Limit=0.000s, Conversion=0.0010s, RTAB-Map=0.2856s, Maps update=0.0003s pub=0.0001s (local map=221, WM=221)[0m
[0m[ INFO] [1790436924.987496637, 1790435006.213966189]: rtabmap (1582): Rate=1.00s, Limit=0.000s, Conversion=0.0013s, RTAB-Map=0.2805s, Maps update=0.0005s pub=0.0001s (local map=221, WM=221)[0m
[0m[ INFO] [1790436926.084656868, 1790435007.305463985]: rtabmap (1583): Rate=1.00s, Limit=0.000s, Conversion=0.0013s, RTAB-Map=0.2828s, Maps update=0.0004s pub=0.0001s (local map=221, WM=221)[0m
[0m[ INFO] [1790436927.083336487, 1790435008.305589541]: rtabmap (1584): Rate=1.00s, Limit=0.000s, Conversion=0.0015s, RTAB-Map=0.2797s, Maps update=0.0005s pub=0.0001s (local map=221, WM=221)[0m
[0m[ INFO] [1790436928.177541288, 1790435009.402999628]: rtabmap (1585): Rate=1.00s, Limit=0.000s, Conversion=0.0009s, RTAB-Map=0.2737s, Maps update=0.0003s pub=0.0001s (local map=221, WM=221)[0m
[33m[ WARN] (2026-09-26 11:35:28.905) Transform.cpp:557::getTransform() No transform found for stamp 1790435010.088757! Latest is 1790435010.084327[0m
[0m[ INFO] [1790436929.140191298, 1790435010.361095344]: rtabmap (1586): Rate=1.00s, Limit=0.000s, Conversion=0.0023s, RTAB-Map=0.2337s, Maps update=0.0003s pub=0.0001s (local map=221, WM=221)[0m
[0m[ INFO] [1790436930.295282859, 1790435011.519720515]: rtabmap (1587): Rate=1.00s, Limit=0.000s, Conversion=0.0015s, RTAB-Map=0.2776s, Maps update=0.0006s pub=0.0001s (local map=221, WM=221)[0m
[0m[ INFO] [1790436931.259908793, 1790435012.487318388]: rtabmap (1588): Rate=1.00s, Limit=0.000s, Conversion=0.0014s, RTAB-Map=0.2584s, Maps update=0.0003s pub=0.0001s (local map=221, WM=221)[0m
[0m[ INFO] [1790436932.288958426, 1790435013.510293037]: rtabmap (1589): Rate=1.00s, Limit=0.000s, Conversion=0.0014s, RTAB-Map=0.2674s, Maps update=0.0005s pub=0.0001s (local map=221, WM=221)[0m
[0m[ INFO] [1790436933.374516304, 1790435014.600985311]: rtabmap (1590): Rate=1.00s, Limit=0.000s, Conversion=0.0014s, RTAB-Map=0.2732s, Maps update=0.0004s pub=0.0001s (local map=221, WM=221)[0m
[0m[ INFO] [1790436934.361074268, 1790435015.581966602]: rtabmap (1591): Rate=1.00s, Limit=0.000s, Conversion=0.0009s, RTAB-Map=0.2595s, Maps update=0.0002s pub=0.0001s (local map=222, WM=222)[0m
[0m[ INFO] [1790436935.443249736, 1790435016.664306392]: rtabmap (1592): Rate=1.00s, Limit=0.000s, Conversion=0.0010s, RTAB-Map=0.2904s, Maps update=0.0004s pub=0.0001s (local map=222, WM=222)[0m
[33m[ WARN] (2026-09-26 11:35:36.123) Transform.cpp:557::getTransform() No transform found for stamp 1790435017.302016! Latest is 1790435017.298650[0m
[0m[ INFO] [1790436936.366521484, 1790435017.595078196]: rtabmap (1593): Rate=1.00s, Limit=0.000s, Conversion=0.0018s, RTAB-Map=0.2421s, Maps update=0.0005s pub=0.0001s (local map=223, WM=223)[0m
[33m[ WARN] (2026-09-26 11:35:37.205) Transform.cpp:557::getTransform() No transform found for stamp 1790435018.397951! Latest is 1790435018.384873[0m
[0m[ INFO] [1790436937.448326481, 1790435018.671417305]: rtabmap (1594): Rate=1.00s, Limit=0.000s, Conversion=0.0018s, RTAB-Map=0.2415s, Maps update=0.0003s pub=0.0001s (local map=224, WM=224)[0m
[0m[ INFO] [1790436938.595074221, 1790435019.823858200]: rtabmap (1595): Rate=1.00s, Limit=0.000s, Conversion=0.0020s, RTAB-Map=0.2848s, Maps update=0.0004s pub=0.0001s (local map=224, WM=224)[0m
[0m[ INFO] [1790436939.693412753, 1790435020.915986451]: rtabmap (1596): Rate=1.00s, Limit=0.000s, Conversion=0.0014s, RTAB-Map=0.2818s, Maps update=0.0006s pub=0.0001s (local map=224, WM=224)[0m
[0m[ INFO] [1790436940.674921755, 1790435021.896095213]: rtabmap (1597): Rate=1.00s, Limit=0.000s, Conversion=0.0014s, RTAB-Map=0.2535s, Maps update=0.0004s pub=0.0001s (local map=224, WM=224)[0m
[0m[ INFO] [1790436941.764892027, 1790435022.988637162]: rtabmap (1598): Rate=1.00s, Limit=0.000s, Conversion=0.0027s, RTAB-Map=0.2673s, Maps update=0.0003s pub=0.0001s (local map=224, WM=224)[0m
[0m[ INFO] [1790436942.981885705, 1790435024.207015880]: rtabmap (1599): Rate=1.00s, Limit=0.000s, Conversion=0.0014s, RTAB-Map=0.2763s, Maps update=0.0003s pub=0.0001s (local map=224, WM=224)[0m
[0m[ INFO] [1790436943.959898854, 1790435025.188126154]: rtabmap (1600): Rate=1.00s, Limit=0.000s, Conversion=0.0020s, RTAB-Map=0.2557s, Maps update=0.0003s pub=0.0001s (local map=224, WM=224)[0m
[0m[ INFO] [1790436945.160253454, 1790435026.382160872]: rtabmap (1601): Rate=1.00s, Limit=0.000s, Conversion=0.0013s, RTAB-Map=0.2542s, Maps update=0.0003s pub=0.0001s (local map=224, WM=224)[0m
[0m[ INFO] [1790436946.164987586, 1790435027.394238898]: rtabmap (1602): Rate=1.00s, Limit=0.000s, Conversion=0.0015s, RTAB-Map=0.2639s, Maps update=0.0004s pub=0.0001s (local map=224, WM=224)[0m
[0m[ INFO] [1790436947.179806763, 1790435028.409267357]: rtabmap (1603): Rate=1.00s, Limit=0.000s, Conversion=0.0015s, RTAB-Map=0.2631s, Maps update=0.0004s pub=0.0001s (local map=224, WM=224)[0m
[0m[ INFO] [1790436948.359084343, 1790435029.581158003]: rtabmap (1604): Rate=1.00s, Limit=0.000s, Conversion=0.0009s, RTAB-Map=0.2622s, Maps update=0.0003s pub=0.0001s (local map=224, WM=224)[0m
[0m[ INFO] [1790436949.472585377, 1790435030.693926708]: rtabmap (1605): Rate=1.00s, Limit=0.000s, Conversion=0.0023s, RTAB-Map=0.2764s, Maps update=0.0003s pub=0.0001s (local map=224, WM=224)[0m
[0m[ INFO] [1790436950.571953187, 1790435031.796243225]: rtabmap (1606): Rate=1.00s, Limit=0.000s, Conversion=0.0011s, RTAB-Map=0.2742s, Maps update=0.0003s pub=0.0001s (local map=224, WM=224)[0m
[0m[ INFO] [1790436951.568107501, 1790435032.791551513]: rtabmap (1607): Rate=1.00s, Limit=0.000s, Conversion=0.0009s, RTAB-Map=0.2787s, Maps update=0.0004s pub=0.0002s (local map=224, WM=224)[0m
[0m[ INFO] [1790436952.711937429, 1790435033.940194522]: rtabmap (1608): Rate=1.00s, Limit=0.000s, Conversion=0.0015s, RTAB-Map=0.3055s, Maps update=0.0007s pub=0.0001s (local map=224, WM=224)[0m
[0m[ INFO] [1790436953.653157690, 1790435034.880104911]: rtabmap (1609): Rate=1.00s, Limit=0.000s, Conversion=0.0010s, RTAB-Map=0.2554s, Maps update=0.0003s pub=0.0001s (local map=224, WM=224)[0m
[0m[ INFO] [1790436954.676377148, 1790435035.901541501]: rtabmap (1610): Rate=1.00s, Limit=0.000s, Conversion=0.0012s, RTAB-Map=0.2697s, Maps update=0.0004s pub=0.0001s (local map=224, WM=224)[0m
[0m[ INFO] [1790436955.681196103, 1790435036.903343396]: rtabmap (1611): Rate=1.00s, Limit=0.000s, Conversion=0.0015s, RTAB-Map=0.2752s, Maps update=0.0006s pub=0.0001s (local map=224, WM=224)[0m
[0m[ INFO] [1790436956.666163784, 1790435037.888760682]: rtabmap (1612): Rate=1.00s, Limit=0.000s, Conversion=0.0010s, RTAB-Map=0.2574s, Maps update=0.0003s pub=0.0001s (local map=224, WM=224)[0m
[0m[ INFO] [1790436957.811776606, 1790435039.032167399]: rtabmap (1613): Rate=1.00s, Limit=0.000s, Conversion=0.0015s, RTAB-Map=0.2960s, Maps update=0.0003s pub=0.0001s (local map=224, WM=224)[0m
[0m[ INFO] [1790436958.881732895, 1790435040.107465766]: rtabmap (1614): Rate=1.00s, Limit=0.000s, Conversion=0.0016s, RTAB-Map=0.2837s, Maps update=0.0005s pub=0.0001s (local map=224, WM=224)[0m
[0m[ INFO] [1790436959.886905737, 1790435041.114576774]: rtabmap (1615): Rate=1.00s, Limit=0.000s, Conversion=0.0020s, RTAB-Map=0.2734s, Maps update=0.0005s pub=0.0001s (local map=224, WM=224)[0m
[0m[ INFO] [1790436960.915484931, 1790435042.141835217]: rtabmap (1616): Rate=1.00s, Limit=0.000s, Conversion=0.0014s, RTAB-Map=0.2743s, Maps update=0.0003s pub=0.0001s (local map=224, WM=224)[0m
[0m[ INFO] [1790436961.903528386, 1790435043.133223416]: rtabmap (1617): Rate=1.00s, Limit=0.000s, Conversion=0.0014s, RTAB-Map=0.2766s, Maps update=0.0003s pub=0.0001s (local map=225, WM=225)[0m
[0m[ INFO] [1790436962.986549143, 1790435044.208331312]: rtabmap (1618): Rate=1.00s, Limit=0.000s, Conversion=0.0014s, RTAB-Map=0.2834s, Maps update=0.0003s pub=0.0001s (local map=226, WM=226)[0m
Warning: TF_REPEATED_DATA ignoring data with redundant timestamp for frame odom (parent map) at time 1790435044.467668 according to authority unknown_publisher
         at line 278 in /tmp/binarydeb/ros-noetic-tf2-0.7.7/src/buffer_core.cpp
Warning: TF_REPEATED_DATA ignoring data with redundant timestamp for frame odom (parent map) at time 1790435044.467668 according to authority /rtabmap/rtabmap
         at line 278 in /tmp/binarydeb/ros-noetic-tf2-0.7.7/src/buffer_core.cpp
[33m[ WARN] [1790436963.139464050, 1790435044.367667798]: TF_REPEATED_DATA ignoring data with redundant timestamp for frame odom (parent map) at time 1790435044.467668 according to authority unknown_publisher[0m
[0m[ INFO] [1790436964.001235147, 1790435045.228924265]: rtabmap (1619): Rate=1.00s, Limit=0.000s, Conversion=0.0015s, RTAB-Map=0.2856s, Maps update=0.0003s pub=0.0001s (local map=227, WM=227)[0m
[0m[ INFO] [1790436965.096245609, 1790435046.319139215]: rtabmap (1620): Rate=1.00s, Limit=0.000s, Conversion=0.0015s, RTAB-Map=0.2865s, Maps update=0.0002s pub=0.0001s (local map=228, WM=228)[0m
[0m[ INFO] [1790436966.083659613, 1790435047.307341324]: rtabmap (1621): Rate=1.00s, Limit=0.000s, Conversion=0.0008s, RTAB-Map=0.2573s, Maps update=0.0003s pub=0.0001s (local map=229, WM=229)[0m
[0m[ INFO] [1790436967.187509984, 1790435048.417354519]: rtabmap (1622): Rate=1.00s, Limit=0.000s, Conversion=0.0013s, RTAB-Map=0.2821s, Maps update=0.0005s pub=0.0001s (local map=230, WM=230)[0m
[0m[ INFO] [1790436968.265163407, 1790435049.488277528]: rtabmap (1623): Rate=1.00s, Limit=0.000s, Conversion=0.0010s, RTAB-Map=0.2603s, Maps update=0.0002s pub=0.0001s (local map=231, WM=231)[0m
[0m[ INFO] [1790436969.313786058, 1790435050.538871082]: rtabmap (1624): Rate=1.00s, Limit=0.000s, Conversion=0.0015s, RTAB-Map=0.2724s, Maps update=0.0002s pub=0.0001s (local map=232, WM=232)[0m
[0m[ INFO] [1790436970.393770098, 1790435051.618721968]: rtabmap (1625): Rate=1.00s, Limit=0.000s, Conversion=0.0032s, RTAB-Map=0.2923s, Maps update=0.0003s pub=0.0001s (local map=233, WM=233)[0m
[0m[ INFO] [1790436971.357302057, 1790435052.580032941]: rtabmap (1626): Rate=1.00s, Limit=0.000s, Conversion=0.0010s, RTAB-Map=0.2590s, Maps update=0.0003s pub=0.0001s (local map=234, WM=234)[0m
[0m[ INFO] [1790436972.403624614, 1790435053.627447671]: rtabmap (1627): Rate=1.00s, Limit=0.000s, Conversion=0.0014s, RTAB-Map=0.2943s, Maps update=0.0004s pub=0.0001s (local map=235, WM=235)[0m
[0m[ INFO] [1790436973.427635613, 1790435054.650754245]: rtabmap (1628): Rate=1.00s, Limit=0.000s, Conversion=0.0015s, RTAB-Map=0.2863s, Maps update=0.0003s pub=0.0001s (local map=236, WM=236)[0m
[0m[ INFO] [1790436974.517566068, 1790435055.742836534]: rtabmap (1629): Rate=1.00s, Limit=0.000s, Conversion=0.0014s, RTAB-Map=0.3222s, Maps update=0.0003s pub=0.0001s (local map=237, WM=237)[0m
[0m[ INFO] [1790436975.597372340, 1790435056.824865040]: rtabmap (1630): Rate=1.00s, Limit=0.000s, Conversion=0.0010s, RTAB-Map=0.3031s, Maps update=0.0009s pub=0.0001s (local map=237, WM=237)[0m
[0m[ INFO] [1790436976.597998967, 1790435057.823481083]: rtabmap (1631): Rate=1.00s, Limit=0.000s, Conversion=0.0015s, RTAB-Map=0.2846s, Maps update=0.0003s pub=0.0001s (local map=238, WM=238)[0m
[0m[ INFO] [1790436977.808646444, 1790435059.036498796]: rtabmap (1632): Rate=1.00s, Limit=0.000s, Conversion=0.0015s, RTAB-Map=0.3041s, Maps update=0.0003s pub=0.0001s (local map=239, WM=239)[0m
[33m[ WARN] (2026-09-26 11:36:18.754) Memory.cpp:3200::computeTransform() Missing visual features or missing raw data to compute them. Transform cannot be estimated.[0m
[0m[ INFO] [1790436978.885968107, 1790435060.107188285]: rtabmap (1633): Rate=1.00s, Limit=0.000s, Conversion=0.0010s, RTAB-Map=0.2843s, Maps update=0.0003s pub=0.0001s (local map=240, WM=240)[0m
[33m[ WARN] (2026-09-26 11:36:19.774) Memory.cpp:3200::computeTransform() Missing visual features or missing raw data to compute them. Transform cannot be estimated.[0m
[0m[ INFO] [1790436979.902454147, 1790435061.126995964]: rtabmap (1634): Rate=1.00s, Limit=0.000s, Conversion=0.0015s, RTAB-Map=0.2991s, Maps update=0.0005s pub=0.0001s (local map=241, WM=241)[0m
[33m[ WARN] (2026-09-26 11:36:20.880) Memory.cpp:3200::computeTransform() Missing visual features or missing raw data to compute them. Transform cannot be estimated.[0m
[0m[ INFO] [1790436981.040166529, 1790435062.265281056]: rtabmap (1635): Rate=1.00s, Limit=0.000s, Conversion=0.0028s, RTAB-Map=0.3345s, Maps update=0.0005s pub=0.0001s (local map=242, WM=242)[0m
Warning: TF_REPEATED_DATA ignoring data with redundant timestamp for frame odom (parent map) at time 1790435062.918177 according to authority unknown_publisher
         at line 278 in /tmp/binarydeb/ros-noetic-tf2-0.7.7/src/buffer_core.cpp
[33m[ WARN] [1790436981.589334153, 1790435062.818176756]: TF_REPEATED_DATA ignoring data with redundant timestamp for frame odom (parent map) at time 1790435062.918177 according to authority unknown_publisher[0m
Warning: TF_REPEATED_DATA ignoring data with redundant timestamp for frame odom (parent map) at time 1790435062.918177 according to authority /rtabmap/rtabmap
         at line 278 in /tmp/binarydeb/ros-noetic-tf2-0.7.7/src/buffer_core.cpp
[33m[ WARN] [1790436982.816909757, 1790435064.037363334]: We are receiving imu data (buffer=1000), but cannot interpolate imu transform at time 1790435063.997080. IMU won't be added to graph.[0m
[33m[ WARN] [1790436996.169023372, 1790435077.399055461]: TFFramesWatchdog (base_link): Frame front_left_wheel_link became unreachable. Cause: Lookup would require extrapolation 0.000915997s into the future.  Requested time 1790435077.197720528 but the latest data is at time 1790435077.196804523, when looking up transform from frame [front_left_wheel_link] to frame [base_link]. canTransform returned after 0.201335 timeout was 0.2.[0m
[31m[ERROR] [1790436996.169538994, 1790435077.399055461]: Missing transform for shape front_left_wheel_link::0 (cylinder)[0m
[33m[ WARN] (2026-09-26 11:36:21.961) Memory.cpp:3200::computeTransform() Missing visual features or missing raw data to compute them. Transform cannot be estimated.[0m
[0m[ INFO] [1790436982.110048645, 1790435063.340084222]: rtabmap (1636): Rate=1.00s, Limit=0.000s, Conversion=0.0009s, RTAB-Map=0.2998s, Maps update=0.0003s pub=0.0002s (local map=243, WM=243)[0m
[33m[ WARN] (2026-09-26 11:36:22.816) Transform.cpp:557::getTransform() No transform found for stamp 1790435063.997080! Latest is 1790435063.995554[0m
[33m[ WARN] (2026-09-26 11:36:22.980) Memory.cpp:3200::computeTransform() Missing visual features or missing raw data to compute them. Transform cannot be estimated.[0m
[0m[ INFO] [1790436983.064407973, 1790435064.292105955]: rtabmap (1637): Rate=1.00s, Limit=0.000s, Conversion=0.0018s, RTAB-Map=0.2468s, Maps update=0.0003s pub=0.0001s (local map=244, WM=244)[0m
[33m[ WARN] (2026-09-26 11:36:24.045) Memory.cpp:3200::computeTransform() Missing visual features or missing raw data to compute them. Transform cannot be estimated.[0m
[0m[ INFO] [1790436984.163629597, 1790435065.383881700]: rtabmap (1638): Rate=1.00s, Limit=0.000s, Conversion=0.0015s, RTAB-Map=0.2677s, Maps update=0.0005s pub=0.0001s (local map=245, WM=245)[0m
[33m[ WARN] (2026-09-26 11:36:25.077) Memory.cpp:3200::computeTransform() Missing visual features or missing raw data to compute them. Transform cannot be estimated.[0m
[0m[ INFO] [1790436985.200154201, 1790435066.422228374]: rtabmap (1639): Rate=1.00s, Limit=0.000s, Conversion=0.0016s, RTAB-Map=0.2924s, Maps update=0.0004s pub=0.0001s (local map=246, WM=246)[0m
[33m[ WARN] (2026-09-26 11:36:26.186) Memory.cpp:3200::computeTransform() Missing visual features or missing raw data to compute them. Transform cannot be estimated.[0m
[0m[ INFO] [1790436986.309131585, 1790435067.534367618]: rtabmap (1640): Rate=1.00s, Limit=0.000s, Conversion=0.0031s, RTAB-Map=0.2962s, Maps update=0.0003s pub=0.0001s (local map=247, WM=247)[0m
[33m[ WARN] (2026-09-26 11:36:27.167) Memory.cpp:3200::computeTransform() Missing visual features or missing raw data to compute them. Transform cannot be estimated.[0m
[0m[ INFO] [1790436987.316284068, 1790435068.542682611]: rtabmap (1641): Rate=1.00s, Limit=0.000s, Conversion=0.0011s, RTAB-Map=0.3084s, Maps update=0.0003s pub=0.0001s (local map=248, WM=248)[0m
[33m[ WARN] (2026-09-26 11:36:28.159) Memory.cpp:3200::computeTransform() Missing visual features or missing raw data to compute them. Transform cannot be estimated.[0m
[0m[ INFO] [1790436988.291478129, 1790435069.513135273]: rtabmap (1642): Rate=1.00s, Limit=0.000s, Conversion=0.0010s, RTAB-Map=0.2909s, Maps update=0.0005s pub=0.0001s (local map=249, WM=249)[0m
[33m[ WARN] (2026-09-26 11:36:29.268) Memory.cpp:3200::computeTransform() Missing visual features or missing raw data to compute them. Transform cannot be estimated.[0m
[0m[ INFO] [1790436989.411900667, 1790435070.638805936]: rtabmap (1643): Rate=1.00s, Limit=0.000s, Conversion=0.0015s, RTAB-Map=0.3007s, Maps update=0.0004s pub=0.0002s (local map=250, WM=250)[0m
[33m[ WARN] (2026-09-26 11:36:30.390) Memory.cpp:3200::computeTransform() Missing visual features or missing raw data to compute them. Transform cannot be estimated.[0m
[0m[ INFO] [1790436990.531405176, 1790435071.758920660]: rtabmap (1644): Rate=1.00s, Limit=0.000s, Conversion=0.0018s, RTAB-Map=0.3256s, Maps update=0.0003s pub=0.0001s (local map=251, WM=251)[0m
[33m[ WARN] (2026-09-26 11:36:31.471) Memory.cpp:3200::computeTransform() Missing visual features or missing raw data to compute them. Transform cannot be estimated.[0m
[0m[ INFO] [1790436991.590840120, 1790435072.812226829]: rtabmap (1645): Rate=1.00s, Limit=0.000s, Conversion=0.0014s, RTAB-Map=0.2911s, Maps update=0.0004s pub=0.0001s (local map=252, WM=252)[0m
[33m[ WARN] (2026-09-26 11:36:32.586) Memory.cpp:3200::computeTransform() Missing visual features or missing raw data to compute them. Transform cannot be estimated.[0m
[0m[ INFO] [1790436992.738155384, 1790435073.966351292]: rtabmap (1646): Rate=1.00s, Limit=0.000s, Conversion=0.0021s, RTAB-Map=0.3261s, Maps update=0.0004s pub=0.0001s (local map=253, WM=253)[0m
[33m[ WARN] (2026-09-26 11:36:33.581) Memory.cpp:3200::computeTransform() Missing visual features or missing raw data to compute them. Transform cannot be estimated.[0m
[0m[ INFO] [1790436993.709353649, 1790435074.935096856]: rtabmap (1647): Rate=1.00s, Limit=0.000s, Conversion=0.0015s, RTAB-Map=0.2988s, Maps update=0.0003s pub=0.0001s (local map=253, WM=253)[0m
[33m[ WARN] (2026-09-26 11:36:34.590) Memory.cpp:3200::computeTransform() Missing visual features or missing raw data to compute them. Transform cannot be estimated.[0m
[0m[ INFO] [1790436994.722585939, 1790435075.947499632]: rtabmap (1648): Rate=1.00s, Limit=0.000s, Conversion=0.0019s, RTAB-Map=0.3068s, Maps update=0.0004s pub=0.0001s (local map=253, WM=253)[0m
[33m[ WARN] (2026-09-26 11:36:35.576) Memory.cpp:3200::computeTransform() Missing visual features or missing raw data to compute them. Transform cannot be estimated.[0m
[0m[ INFO] [1790436995.703677085, 1790435076.925546807]: rtabmap (1649): Rate=1.00s, Limit=0.000s, Conversion=0.0010s, RTAB-Map=0.2988s, Maps update=0.0004s pub=0.0001s (local map=253, WM=253)[0m
[33m[ WARN] (2026-09-26 11:36:36.601) Memory.cpp:3200::computeTransform() Missing visual features or missing raw data to compute them. Transform cannot be estimated.[0m
[0m[ INFO] [1790436996.738630554, 1790435077.964556355]: rtabmap (1650): Rate=1.00s, Limit=0.000s, Conversion=0.0030s, RTAB-Map=0.3158s, Maps update=0.0003s pub=0.0001s (local map=253, WM=253)[0m
[33m[ WARN] (2026-09-26 11:36:37.671) Memory.cpp:3200::computeTransform() Missing visual features or missing raw data to compute them. Transform cannot be estimated.[0m
[0m[ INFO] [1790436997.794296519, 1790435079.015179989]: rtabmap (1651): Rate=1.00s, Limit=0.000s, Conversion=0.0015s, RTAB-Map=0.2902s, Maps update=0.0003s pub=0.0001s (local map=253, WM=253)[0m
[33m[ WARN] (2026-09-26 11:36:38.684) Memory.cpp:3200::computeTransform() Missing visual features or missing raw data to compute them. Transform cannot be estimated.[0m
[0m[ INFO] [1790436998.819721266, 1790435080.039811800]: rtabmap (1652): Rate=1.00s, Limit=0.000s, Conversion=0.0018s, RTAB-Map=0.3086s, Maps update=0.0004s pub=0.0001s (local map=253, WM=253)[0m
[33m[ WARN] (2026-09-26 11:36:39.774) Memory.cpp:3200::computeTransform() Missing visual features or missing raw data to compute them. Transform cannot be estimated.[0m
[0m[ INFO] [1790436999.889573890, 1790435081.110519346]: rtabmap (1653): Rate=1.00s, Limit=0.000s, Conversion=0.0015s, RTAB-Map=0.2912s, Maps update=0.0005s pub=0.0001s (local map=253, WM=253)[0m
[33m[ WARN] (2026-09-26 11:36:40.975) Memory.cpp:3200::computeTransform() Missing visual features or missing raw data to compute them. Transform cannot be estimated.[0m
[0m[ INFO] [1790437001.091722646, 1790435082.314023029]: rtabmap (1654): Rate=1.00s, Limit=0.000s, Conversion=0.0013s, RTAB-Map=0.2881s, Maps update=0.0006s pub=0.0001s (local map=253, WM=253)[0m
[33m[ WARN] (2026-09-26 11:36:41.899) Memory.cpp:3200::computeTransform() Missing visual features or missing raw data to compute them. Transform cannot be estimated.[0m
[0m[ INFO] [1790437002.018523105, 1790435083.242823096]: rtabmap (1655): Rate=1.00s, Limit=0.000s, Conversion=0.0014s, RTAB-Map=0.2854s, Maps update=0.0004s pub=0.0001s (local map=253, WM=253)[0m
[33m[ WARN] (2026-09-26 11:36:42.983) Memory.cpp:3200::computeTransform() Missing visual features or missing raw data to compute them. Transform cannot be estimated.[0m
[0m[ INFO] [1790437003.105058224, 1790435084.325293207]: rtabmap (1656): Rate=1.00s, Limit=0.000s, Conversion=0.0015s, RTAB-Map=0.2955s, Maps update=0.0004s pub=0.0001s (local map=253, WM=253)[0m
[33m[ WARN] (2026-09-26 11:36:44.052) Memory.cpp:3200::computeTransform() Missing visual features or missing raw data to compute them. Transform cannot be estimated.[0m
[0m[ INFO] [1790437004.177756284, 1790435085.404933172]: rtabmap (1657): Rate=1.00s, Limit=0.00[33m[ WARN] [1790437011.098808888, 1790435092.320951797]: We are receiving imu data (buffer=1000), but cannot interpolate imu transform at time 1790435092.290429. IMU won't be added to graph.[0m
[33m[ WARN] [1790437024.705068419, 1790435105.926509272]: We are receiving imu data (buffer=1000), but cannot interpolate imu transform at time 1790435105.896266. IMU won't be added to graph.[0m
0s, Conversion=0.0010s, RTAB-Map=0.2860s, Maps update=0.0004s pub=0.0001s (local map=253, WM=253)[0m
[33m[ WARN] (2026-09-26 11:36:45.174) Memory.cpp:3200::computeTransform() Missing visual features or missing raw data to compute them. Transform cannot be estimated.[0m
[0m[ INFO] [1790437005.298082418, 1790435086.524138301]: rtabmap (1658): Rate=1.00s, Limit=0.000s, Conversion=0.0019s, RTAB-Map=0.2956s, Maps update=0.0004s pub=0.0001s (local map=253, WM=253)[0m
[33m[ WARN] (2026-09-26 11:36:46.177) Memory.cpp:3200::computeTransform() Missing visual features or missing raw data to compute them. Transform cannot be estimated.[0m
[0m[ INFO] [1790437006.306200940, 1790435087.535024599]: rtabmap (1659): Rate=1.00s, Limit=0.000s, Conversion=0.0014s, RTAB-Map=0.3014s, Maps update=0.0003s pub=0.0001s (local map=253, WM=253)[0m
[33m[ WARN] (2026-09-26 11:36:47.191) Memory.cpp:3200::computeTransform() Missing visual features or missing raw data to compute them. Transform cannot be estimated.[0m
[0m[ INFO] [1790437007.308521281, 1790435088.528860266]: rtabmap (1660): Rate=1.00s, Limit=0.000s, Conversion=0.0015s, RTAB-Map=0.2964s, Maps update=0.0003s pub=0.0001s (local map=253, WM=253)[0m
[33m[ WARN] (2026-09-26 11:36:48.217) Memory.cpp:3200::computeTransform() Missing visual features or missing raw data to compute them. Transform cannot be estimated.[0m
[0m[ INFO] [1790437008.340361293, 1790435089.567969034]: rtabmap (1661): Rate=1.00s, Limit=0.000s, Conversion=0.0011s, RTAB-Map=0.3114s, Maps update=0.0003s pub=0.0001s (local map=253, WM=253)[0m
[33m[ WARN] (2026-09-26 11:36:49.274) Memory.cpp:3200::computeTransform() Missing visual features or missing raw data to compute them. Transform cannot be estimated.[0m
[0m[ INFO] [1790437009.400640515, 1790435090.630100630]: rtabmap (1662): Rate=1.00s, Limit=0.000s, Conversion=0.0015s, RTAB-Map=0.2998s, Maps update=0.0005s pub=0.0001s (local map=253, WM=253)[0m
[33m[ WARN] (2026-09-26 11:36:50.277) Memory.cpp:3200::computeTransform() Missing visual features or missing raw data to compute them. Transform cannot be estimated.[0m
[0m[ INFO] [1790437010.408746041, 1790435091.632248390]: rtabmap (1663): Rate=1.00s, Limit=0.000s, Conversion=0.0010s, RTAB-Map=0.3031s, Maps update=0.0004s pub=0.0001s (local map=253, WM=253)[0m
[33m[ WARN] (2026-09-26 11:36:51.098) Transform.cpp:557::getTransform() No transform found for stamp 1790435092.290429! Latest is 1790435092.283045[0m
[33m[ WARN] (2026-09-26 11:36:51.261) Memory.cpp:3200::computeTransform() Missing visual features or missing raw data to compute them. Transform cannot be estimated.[0m
[0m[ INFO] [1790437011.347923275, 1790435092.574563581]: rtabmap (1664): Rate=1.00s, Limit=0.000s, Conversion=0.0012s, RTAB-Map=0.2483s, Maps update=0.0004s pub=0.0001s (local map=253, WM=253)[0m
[33m[ WARN] (2026-09-26 11:36:52.376) Memory.cpp:3200::computeTransform() Missing visual features or missing raw data to compute them. Transform cannot be estimated.[0m
[0m[ INFO] [1790437012.496993126, 1790435093.718664926]: rtabmap (1665): Rate=1.00s, Limit=0.000s, Conversion=0.0015s, RTAB-Map=0.2954s, Maps update=0.0003s pub=0.0001s (local map=253, WM=253)[0m
[33m[ WARN] (2026-09-26 11:36:53.386) Memory.cpp:3200::computeTransform() Missing visual features or missing raw data to compute them. Transform cannot be estimated.[0m
[0m[ INFO] [1790437013.508373951, 1790435094.730793823]: rtabmap (1666): Rate=1.00s, Limit=0.000s, Conversion=0.0015s, RTAB-Map=0.2878s, Maps update=0.0003s pub=0.0001s (local map=253, WM=253)[0m
[33m[ WARN] (2026-09-26 11:36:54.369) Memory.cpp:3200::computeTransform() Missing visual features or missing raw data to compute them. Transform cannot be estimated.[0m
[0m[ INFO] [1790437014.496988141, 1790435095.721480454]: rtabmap (1667): Rate=1.00s, Limit=0.000s, Conversion=0.0010s, RTAB-Map=0.2919s, Maps update=0.0004s pub=0.0001s (local map=253, WM=253)[0m
[33m[ WARN] (2026-09-26 11:36:55.487) Memory.cpp:3200::computeTransform() Missing visual features or missing raw data to compute them. Transform cannot be estimated.[0m
[0m[ INFO] [1790437015.609624029, 1790435096.832549060]: rtabmap (1668): Rate=1.00s, Limit=0.000s, Conversion=0.0009s, RTAB-Map=0.2990s, Maps update=0.0004s pub=0.0001s (local map=253, WM=253)[0m
[33m[ WARN] (2026-09-26 11:36:56.602) Memory.cpp:3200::computeTransform() Missing visual features or missing raw data to compute them. Transform cannot be estimated.[0m
[0m[ INFO] [1790437016.731949341, 1790435097.955258024]: rtabmap (1669): Rate=1.00s, Limit=0.000s, Conversion=0.0009s, RTAB-Map=0.2992s, Maps update=0.0004s pub=0.0001s (local map=253, WM=253)[0m
[33m[ WARN] (2026-09-26 11:36:57.673) Memory.cpp:3200::computeTransform() Missing visual features or missing raw data to compute them. Transform cannot be estimated.[0m
[0m[ INFO] [1790437017.801330803, 1790435099.028660333]: rtabmap (1670): Rate=1.00s, Limit=0.000s, Conversion=0.0014s, RTAB-Map=0.2918s, Maps update=0.0005s pub=0.0001s (local map=253, WM=253)[0m
[33m[ WARN] (2026-09-26 11:36:58.678) Memory.cpp:3200::computeTransform() Missing visual features or missing raw data to compute them. Transform cannot be estimated.[0m
[0m[ INFO] [1790437018.808041072, 1790435100.037853574]: rtabmap (1671): Rate=1.00s, Limit=0.000s, Conversion=0.0015s, RTAB-Map=0.3045s, Maps update=0.0004s pub=0.0001s (local map=253, WM=253)[0m
[33m[ WARN] (2026-09-26 11:36:59.676) Memory.cpp:3200::computeTransform() Missing visual features or missing raw data to compute them. Transform cannot be estimated.[0m
[0m[ INFO] [1790437019.816353118, 1790435101.040609396]: rtabmap (1672): Rate=1.00s, Limit=0.000s, Conversion=0.0016s, RTAB-Map=0.3133s, Maps update=0.0003s pub=0.0001s (local map=253, WM=253)[0m
[33m[ WARN] (2026-09-26 11:37:00.781) Memory.cpp:3200::computeTransform() Missing visual features or missing raw data to compute them. Transform cannot be estimated.[0m
[0m[ INFO] [1790437020.912061379, 1790435102.141790873]: rtabmap (1673): Rate=1.00s, Limit=0.000s, Conversion=0.0012s, RTAB-Map=0.3233s, Maps update=0.0004s pub=0.0001s (local map=253, WM=253)[0m
[33m[ WARN] (2026-09-26 11:37:01.872) Memory.cpp:3200::computeTransform() Missing visual features or missing raw data to compute them. Transform cannot be estimated.[0m
[0m[ INFO] [1790437021.996144608, 1790435103.220604632]: rtabmap (1674): Rate=1.00s, Limit=0.000s, Conversion=0.0016s, RTAB-Map=0.2980s, Maps update=0.0006s pub=0.0001s (local map=253, WM=253)[0m
[33m[ WARN] (2026-09-26 11:37:02.908) Memory.cpp:3200::computeTransform() Missing visual features or missing raw data to compute them. Transform cannot be estimated.[0m
[0m[ INFO] [1790437023.027359796, 1790435104.257567024]: rtabmap (1675): Rate=1.00s, Limit=0.000s, Conversion=0.0016s, RTAB-Map=0.2939s, Maps update=0.0003s pub=0.0001s (local map=253, WM=253)[0m
[33m[ WARN] (2026-09-26 11:37:03.961) Memory.cpp:3200::computeTransform() Missing visual features or missing raw data to compute them. Transform cannot be estimated.[0m
[0m[ INFO] [1790437024.090861759, 1790435105.320062447]: rtabmap (1676): Rate=1.00s, Limit=0.000s, Conversion=0.0010s, RTAB-Map=0.2862s, Maps update=0.0005s pub=0.0001s (local map=253, WM=253)[0m
[33m[ WARN] (2026-09-26 11:37:04.704) Transform.cpp:557::getTransform() No transform found for stamp 1790435105.896266! Latest is 1790435105.894672[0m
[33m[ WARN] (2026-09-26 11:37:04.893) Memory.cpp:3200::computeTransform() Missing visual features or missing raw data to compute them. Transform cannot be estimated.[0m
[0m[ INFO] [1790437024.977152318, 1790435106.198507058]: rtabmap (1677): Rate=1.00s, Limit=0.000s, Conversion=0.0018s, RTAB-Map=0.2713s, Maps update=0.0004s pub=0.0001s (local map=253, WM=253)[0m
[33m[ WARN] (2026-09-26 11:37:05.990) Memory.cpp:3200::computeTransform() Missing visual features or missing raw data to compute them. Transform cannot be estimated.[0m
[0m[ INFO] [1790437026.119298361, 1790435107.347582078]: rtabmap (1678): Rate=1.00s, Limit=0.000s, Conversion=0.0015s, RTAB-Map=0.3159s, Maps update=0.0004s pub=0.0001s (local map=253, WM=253)[0m
[33m[ WARN][33m[ WARN] [1790437035.311283197, 1790435116.534054434]: We are receiving imu data (buffer=1000), but cannot interpolate imu transform at time 1790435116.493331. IMU won't be added to graph.[0m
[33m[ WARN] [1790437037.408985731, 1790435118.634251621]: We are receiving imu data (buffer=1000), but cannot interpolate imu transform at time 1790435118.593961. IMU won't be added to graph.[0m
[33m[ WARN] [1790437048.005020445, 1790435129.234593649]: We are receiving imu data (buffer=1000), but cannot interpolate imu transform at time 1790435129.183155. IMU won't be added to graph.[0m
 (2026-09-26 11:37:07.115) Memory.cpp:3200::computeTransform() Missing visual features or missing raw data to compute them. Transform cannot be estimated.[0m
[0m[ INFO] [1790437027.261724885, 1790435108.488069124]: rtabmap (1679): Rate=1.00s, Limit=0.000s, Conversion=0.0014s, RTAB-Map=0.3201s, Maps update=0.0007s pub=0.0001s (local map=253, WM=253)[0m
[33m[ WARN] (2026-09-26 11:37:08.171) Memory.cpp:3200::computeTransform() Missing visual features or missing raw data to compute them. Transform cannot be estimated.[0m
[0m[ INFO] [1790437028.293972785, 1790435109.517577567]: rtabmap (1680): Rate=1.00s, Limit=0.000s, Conversion=0.0009s, RTAB-Map=0.2892s, Maps update=0.0004s pub=0.0001s (local map=253, WM=253)[0m
[33m[ WARN] (2026-09-26 11:37:09.266) Memory.cpp:3200::computeTransform() Missing visual features or missing raw data to compute them. Transform cannot be estimated.[0m
[0m[ INFO] [1790437029.399761345, 1790435110.619975497]: rtabmap (1681): Rate=1.00s, Limit=0.000s, Conversion=0.0014s, RTAB-Map=0.3026s, Maps update=0.0004s pub=0.0001s (local map=253, WM=253)[0m
[33m[ WARN] (2026-09-26 11:37:10.292) Memory.cpp:3200::computeTransform() Missing visual features or missing raw data to compute them. Transform cannot be estimated.[0m
[0m[ INFO] [1790437030.417361680, 1790435111.640868606]: rtabmap (1682): Rate=1.00s, Limit=0.000s, Conversion=0.0011s, RTAB-Map=0.2964s, Maps update=0.0004s pub=0.0001s (local map=253, WM=253)[0m
[33m[ WARN] (2026-09-26 11:37:11.365) Memory.cpp:3200::computeTransform() Missing visual features or missing raw data to compute them. Transform cannot be estimated.[0m
[0m[ INFO] [1790437031.490700390, 1790435112.712706370]: rtabmap (1683): Rate=1.00s, Limit=0.000s, Conversion=0.0011s, RTAB-Map=0.2904s, Maps update=0.0005s pub=0.0001s (local map=253, WM=253)[0m
[33m[ WARN] (2026-09-26 11:37:12.471) Memory.cpp:3200::computeTransform() Missing visual features or missing raw data to compute them. Transform cannot be estimated.[0m
[0m[ INFO] [1790437032.598481386, 1790435113.820900171]: rtabmap (1684): Rate=1.00s, Limit=0.000s, Conversion=0.0020s, RTAB-Map=0.2903s, Maps update=0.0003s pub=0.0001s (local map=253, WM=253)[0m
[33m[ WARN] (2026-09-26 11:37:13.478) Memory.cpp:3200::computeTransform() Missing visual features or missing raw data to compute them. Transform cannot be estimated.[0m
[0m[ INFO] [1790437033.611119420, 1790435114.834599113]: rtabmap (1685): Rate=1.00s, Limit=0.000s, Conversion=0.0022s, RTAB-Map=0.3063s, Maps update=0.0004s pub=0.0001s (local map=253, WM=253)[0m
[33m[ WARN] (2026-09-26 11:37:14.473) Memory.cpp:3200::computeTransform() Missing visual features or missing raw data to compute them. Transform cannot be estimated.[0m
[0m[ INFO] [1790437034.603536738, 1790435115.828262653]: rtabmap (1686): Rate=1.00s, Limit=0.000s, Conversion=0.0012s, RTAB-Map=0.2904s, Maps update=0.0004s pub=0.0001s (local map=253, WM=253)[0m
[33m[ WARN] (2026-09-26 11:37:15.311) Transform.cpp:557::getTransform() No transform found for stamp 1790435116.493331! Latest is 1790435116.488072[0m
[33m[ WARN] (2026-09-26 11:37:15.469) Memory.cpp:3200::computeTransform() Missing visual features or missing raw data to compute them. Transform cannot be estimated.[0m
[0m[ INFO] [1790437035.558040686, 1790435116.785621803]: rtabmap (1687): Rate=1.00s, Limit=0.000s, Conversion=0.0013s, RTAB-Map=0.2459s, Maps update=0.0004s pub=0.0001s (local map=253, WM=253)[0m
[33m[ WARN] (2026-09-26 11:37:16.568) Memory.cpp:3200::computeTransform() Missing visual features or missing raw data to compute them. Transform cannot be estimated.[0m
[0m[ INFO] [1790437036.697993476, 1790435117.925379806]: rtabmap (1688): Rate=1.00s, Limit=0.000s, Conversion=0.0014s, RTAB-Map=0.2890s, Maps update=0.0005s pub=0.0001s (local map=253, WM=253)[0m
[33m[ WARN] (2026-09-26 11:37:17.408) Transform.cpp:557::getTransform() No transform found for stamp 1790435118.593961! Latest is 1790435118.586798[0m
[33m[ WARN] (2026-09-26 11:37:17.600) Memory.cpp:3200::computeTransform() Missing visual features or missing raw data to compute them. Transform cannot be estimated.[0m
[0m[ INFO] [1790437037.680659669, 1790435118.906173114]: rtabmap (1689): Rate=1.00s, Limit=0.000s, Conversion=0.0019s, RTAB-Map=0.2709s, Maps update=0.0003s pub=0.0001s (local map=253, WM=253)[0m
[33m[ WARN] (2026-09-26 11:37:18.662) Memory.cpp:3200::computeTransform() Missing visual features or missing raw data to compute them. Transform cannot be estimated.[0m
[0m[ INFO] [1790437038.791104369, 1790435120.014212314]: rtabmap (1690): Rate=1.00s, Limit=0.000s, Conversion=0.0010s, RTAB-Map=0.2846s, Maps update=0.0006s pub=0.0001s (local map=253, WM=253)[0m
[33m[ WARN] (2026-09-26 11:37:19.694) Memory.cpp:3200::computeTransform() Missing visual features or missing raw data to compute them. Transform cannot be estimated.[0m
[0m[ INFO] [1790437039.827088908, 1790435121.051364482]: rtabmap (1691): Rate=1.00s, Limit=0.000s, Conversion=0.0012s, RTAB-Map=0.3065s, Maps update=0.0004s pub=0.0001s (local map=253, WM=253)[0m
[33m[ WARN] (2026-09-26 11:37:20.783) Memory.cpp:3200::computeTransform() Missing visual features or missing raw data to compute them. Transform cannot be estimated.[0m
[0m[ INFO] [1790437040.909630146, 1790435122.132607145]: rtabmap (1692): Rate=1.00s, Limit=0.000s, Conversion=0.0015s, RTAB-Map=0.2983s, Maps update=0.0004s pub=0.0001s (local map=253, WM=253)[0m
[33m[ WARN] (2026-09-26 11:37:21.879) Memory.cpp:3200::computeTransform() Missing visual features or missing raw data to compute them. Transform cannot be estimated.[0m
[0m[ INFO] [1790437042.011437814, 1790435123.232715114]: rtabmap (1693): Rate=1.00s, Limit=0.000s, Conversion=0.0016s, RTAB-Map=0.3057s, Maps update=0.0004s pub=0.0001s (local map=253, WM=253)[0m
[33m[ WARN] (2026-09-26 11:37:22.960) Memory.cpp:3200::computeTransform() Missing visual features or missing raw data to compute them. Transform cannot be estimated.[0m
[0m[ INFO] [1790437043.083785363, 1790435124.312625214]: rtabmap (1694): Rate=1.00s, Limit=0.000s, Conversion=0.0015s, RTAB-Map=0.2794s, Maps update=0.0007s pub=0.0001s (local map=253, WM=253)[0m
[33m[ WARN] (2026-09-26 11:37:24.075) Memory.cpp:3200::computeTransform() Missing visual features or missing raw data to compute them. Transform cannot be estimated.[0m
[0m[ INFO] [1790437044.207716069, 1790435125.432386720]: rtabmap (1695): Rate=1.00s, Limit=0.000s, Conversion=0.0015s, RTAB-Map=0.3000s, Maps update=0.0005s pub=0.0001s (local map=253, WM=253)[0m
[33m[ WARN] (2026-09-26 11:37:25.088) Memory.cpp:3200::computeTransform() Missing visual features or missing raw data to compute them. Transform cannot be estimated.[0m
[0m[ INFO] [1790437045.220623758, 1790435126.446097235]: rtabmap (1696): Rate=1.00s, Limit=0.000s, Conversion=0.0013s, RTAB-Map=0.3074s, Maps update=0.0003s pub=0.0001s (local map=253, WM=253)[0m
[33m[ WARN] (2026-09-26 11:37:26.103) Memory.cpp:3200::computeTransform() Missing visual features or missing raw data to compute them. Transform cannot be estimated.[0m
[0m[ INFO] [1790437046.226953834, 1790435127.456747105]: rtabmap (1697): Rate=1.00s, Limit=0.000s, Conversion=0.0010s, RTAB-Map=0.2860s, Maps update=0.0004s pub=0.0001s (local map=253, WM=253)[0m
[33m[ WARN] (2026-09-26 11:37:27.167) Memory.cpp:3200::computeTransform() Missing visual features or missing raw data to compute them. Transform cannot be estimated.[0m
[0m[ INFO] [1790437047.295213523, 1790435128.518186075]: rtabmap (1698): Rate=1.00s, Limit=0.000s, Conversion=0.0017s, RTAB-Map=0.2978s, Maps update=0.0004s pub=0.0001s (local map=253, WM=253)[0m
[33m[ WARN] (2026-09-26 11:37:28.004) Transform.cpp:557::getTransform() No transform found for stamp 1790435129.183155! Latest is 1790435129.180204[0m
[33m[ WARN] (2026-09-26 11:37:28.190) Memory.cpp:3200::computeTransform() Missing visual features or missing raw data to compute them. Transform cannot be estimated.[0m
[0m[ INFO] [1790437048.272046903, 1790435129.498847466]: rtabmap (1699): Rate=1.00s, Limit=0.000s, Conversion=0.0018s, RTAB-Map=0.2663s, Maps update=0.0003s pub=0.0001s (local map=253, WM=253)[0m
[33m[ WARN] (2026-09-26 11:37:29.283) Memory.cpp:3200::computeTransform() Missing visual features or missing raw data to compute them. Transform cannot be estimated.[0m
[0m[ INFO] [1790437049.404242755, 1790435130.629717608]: rtabmap (1700): Rate=1.00s, Limit=0.000s, Conversion=0.0015s, RTAB-Map=0.2960s, Maps update=0.0003s pub=0.0001s (local map=253, WM=253)[0m
[33m[ WARN] (2026-09-26 11:37:30.273) Memory.cpp:3200::computeTransform() Missing visual features or missing raw data to compute them. Transform cannot be estimated.[0m
[0m[ INFO] [1790437050.399334296, 1790435131.620009605]: rtabmap (1701): Rate=1.00s, Limit=0.000s, Conversion=0.0014s, RTAB-Map=0.3002s, Maps update=0.0004s pub=0.0001s (local map=253, WM=253)[0m
Warning: TF_REPEATED_DATA ignoring data with redundant timestamp for frame odom (parent map) at time 1790435131.881227 according to authority unknown_publisher
         at line 278 in /tmp/binarydeb/ros-noetic-tf2-0.7.7/src/buffer_core.cpp
[33m[ WARN] [1790437050.552001251, 1790435131.781226867]: TF_REPEATED_DATA ignoring data with redundant timestamp for frame odom (parent map) at time 1790435131.881227 according to authority unknown_publisher[0m
Warning: TF_REPEATED_DATA ignoring data with redundant timestamp for frame odom (parent map) at time 1790435131.881227 according to authority /rtabmap/rtabmap
         at line 278 in /tmp/binarydeb/ros-noetic-tf2-0.7.7/src/buffer_core.cpp
[33m[ WARN] [1790437054.398177049, 1790435135.623136631]: We are receiving imu data (buffer=1000), but cannot interpolate imu transform at time 1790435135.582894. IMU won't be added to graph.[0m
[33m[ WARN] (2026-09-26 11:37:31.365) Memory.cpp:3200::computeTransform() Missing visual features or missing raw data to compute them. Transform cannot be estimated.[0m
[0m[ INFO] [1790437051.495155388, 1790435132.712129438]: rtabmap (1702): Rate=1.00s, Limit=0.000s, Conversion=0.0009s, RTAB-Map=0.2855s, Maps update=0.0004s pub=0.0001s (local map=253, WM=253)[0m
[33m[ WARN] (2026-09-26 11:37:32.478) Memory.cpp:3200::computeTransform() Missing visual features or missing raw data to compute them. Transform cannot be estimated.[0m
[0m[ INFO] [1790437052.631389876, 1790435133.852390981]: rtabmap (1703): Rate=1.00s, Limit=0.000s, Conversion=0.0018s, RTAB-Map=0.3235s, Maps update=0.0006s pub=0.0001s (local map=253, WM=253)[0m
[33m[ WARN] (2026-09-26 11:37:33.470) Memory.cpp:3200::computeTransform() Missing visual features or missing raw data to compute them. Transform cannot be estimated.[0m
[0m[ INFO] [1790437053.597722009, 1790435134.825837212]: rtabmap (1704): Rate=1.00s, Limit=0.000s, Conversion=0.0009s, RTAB-Map=0.2828s, Maps update=0.0004s pub=0.0001s (local map=253, WM=253)[0m
[33m[ WARN] (2026-09-26 11:37:34.397) Transform.cpp:557::getTransform() No transform found for stamp 1790435135.582894! Latest is 1790435135.577132[0m
[33m[ WARN] (2026-09-26 11:37:34.561) Memory.cpp:3200::computeTransform() Missing visual features or missing raw data to compute them. Transform cannot be estimated.[0m
[0m[ INFO] [1790437054.649576700, 1790435135.874802333]: rtabmap (1705): Rate=1.00s, Limit=0.000s, Conversion=0.0018s, RTAB-Map=0.2506s, Maps update=0.0003s pub=0.0001s (local map=253, WM=253)[0m
[33m[ WARN] (2026-09-26 11:37:35.702) Memory.cpp:3200::computeTransform() Missing visual features or missing raw data to compute them. Transform cannot be estimated.[0m
[0m[ INFO] [1790437055.838399025, 1790435137.060111562]: rtabmap (1706): Rate=1.00s, Limit=0.000s, Conversion=0.0009s, RTAB-Map=0.3015s, Maps update=0.0004s pub=0.0001s (local map=253, WM=253)[0m
[33m[ WARN] (2026-09-26 11:37:36.866) Memory.cpp:3200::computeTransform() Missing visual features or missing raw data to compute them. Transform cannot be estimated.[0m
[0m[ INFO] [1790437057.016256134, 1790435138.242979801]: rtabmap (1707): Rate=1.00s, Limit=0.000s, Conversion=0.0015s, RTAB-Map=0.3124s, Maps update=0.0004s pub=0.0001s (local map=253, WM=253)[0m
[33m[ WARN] (2026-09-26 11:37:37.866) Memory.cpp:3200::computeTransform() Missing visual features or missing raw data to compute them. Transform cannot be estimated.[0m
[0m[ INFO] [1790437057.990290944, 1790435139.214578647]: rtabmap (1708): Rate=1.00s, Limit=0.000s, Conversion=0.0013s, RTAB-Map=0.2905s, Maps update=0.0003s pub=0.0001s (local map=253, WM=253)[0m
[33m[ WARN] (2026-09-26 11:37:38.860) Memory.cpp:3200::computeTransform() Missing visual features or missing raw data to compute them. Transform cannot be estimated.[0m
[0m[ INFO] [1790437058.979246021, 1790435140.203909440]: rtabmap (1709): Rate=1.00s, Limit=0.000s, Conversion=0.0010s, RTAB-Map=0.2767s, Maps update=0.0004s pub=0.0001s (local map=253, WM=253)[0m
[33m[ WARN] (2026-09-26 11:37:39.981) Memory.cpp:3200::computeTransform() Missing visual features or missing raw data to compute them. Transform cannot be estimated.[0m
[0m[ INFO] [1790437060.111295684, 1790435141.333851495]: rtabmap (1710): Rate=1.00s, Limit=0.000s, Conversion=0.0014s, RTAB-Map=0.3017s, Maps update=0.0003s pub=0.0001s (local map=253, WM=253)[0m
[33m[ WARN] (2026-09-26 11:37:40.970) Memory.cpp:3200::computeTransform() Missing visual features or missing raw data to compute them. Transform cannot be estimated.[0m
[0m[ INFO] [1790437061.097445575, 1790435142.324083449]: rtabmap (1711): Rate=1.00s, Limit=0.000s, Conversion=0.0010s, RTAB-Map=0.2938s, Maps update=0.0004s pub=0.0001s (local map=253, WM=253)[0m
[33m[ WARN] (2026-09-26 11:37:41.978) Memory.cpp:3200::computeTransform() Missing visual features or missing raw data to compute them. Transform cannot be estimated.[0m
[0m[ INFO] [1790437062.114367565, 1790435143.343248857]: rtabmap (1712): Rate=1.00s, Limit=0.000s, Conversion=0.0015s, RTAB-Map=0.3103s, Maps update=0.0003s pub=0.0001s (local map=253, WM=253)[0m
[33m[ WARN] (2026-09-26 11:37:43.064) Memory.cpp:3200::computeTransform() Missing visual features or missing raw data to compute them. Transform cannot be estimated.[0m
[0m[ INFO] [1790437063.205184298, 1790435144.433227725]: rtabmap (1713): Rate=1.00s, Limit=0.000s, Conversion=0.0015s, RTAB-Map=0.2975s, Maps update=0.0004s pub=0.0001s (local map=253, WM=253)[0m
[33m[ WARN] (2026-09-26 11:37:44.096) Memory.cpp:3200::computeTransform() Missing visual features or missing raw data to compute them. Transform cannot be estimated.[0m
[0m[ INFO] [1790437064.226030460, 1790435145.453831516]: rtabmap (1714): Rate=1.00s, Limit=0.000s, Conversion=0.0014s, RTAB-Map=0.3048s, Maps update=0.0003s pub=0.0001s (local map=253, WM=253)[0m
[33m[ WARN] (2026-09-26 11:37:45.246) Memory.cpp:3200::computeTransform() Missing visual features or missing raw data to compute them. Transform cannot be estimated.[0m
[0m[ INFO] [1790437065.393993237, 1790435146.622890049]: rtabmap (1715): Rate=1.00s, Limit=0.000s, Conversion=0.0015s, RTAB-Map=0.3243s, Maps update=0.0005s pub=0.0001s (local map=253, WM=253)[0m
[33m[ WARN] (2026-09-26 11:37:46.376) Memory.cpp:3200::computeTransform() Missing visual features or missing raw data to compute them. Transform cannot be estimated.[0m
[0m[ INFO] [1790437066.503679113, 1790435147.724022130]: rtabmap (1716): Rate=1.00s, Limit=0.000s, Conversion=0.0015s, RTAB-Map=0.2987s, Maps update=0.0004s pub=0.0001s (local map=253, WM=253)[0m
[33m[ WARN] (2026-09-26 11:37:47.381) Memory.cpp:3200::computeTransform() Missing visual features or missing raw data to compute them. Transform cannot be estimated.[0m
[0m[ INFO] [1790437067.554593492, 1790435148.779165998]: rtabmap (1717): Rate=1.00s, Limit=0.000s, Conversion=0.0014s, RTAB-Map=0.3434s, Maps update=0.0003s pub=0.0001s (local map=253, WM=253)[0m
[33m[ WARN] (2026-09-26 11:37:48.378) Memory.cpp:3200::computeTransform() Missing visual features or missing raw data to compute them. Transform cannot be estimated.[0m
[0m[ INFO] [1790437068.505086866, 1790435149.730829338]: rtabmap (1718): Rate=1.00s, Limit=0.000s, Conversion=0.0015s, RTAB-Map=0.2970s, Maps update=0.0005s pub=0.0001s (local map=253, WM=253)[0m
[33m[ WARN] (2026-09-26 11:37:49.477) Memory.cpp:3200::computeTransform() Missing visual features or missing raw data to compute them. Transform cannot be estimated.[0m
[0m[ INFO] [1790437069.605288566, 1790435150.833884990]: rtabmap (1719): Rate=1.00s, Limit=0.000s, Conversion=0.0015s, RTAB-Map=0.3008s, Maps update=0.0004s pub=0.0001s (local map=253, WM=253)[0m
[33m[ WARN] (2026-09-26 11:37:50.504) Memory.cpp:3200::computeTransform() Missing visual features or missing raw data to compute them. Transform cannot be estimated.[0m
[0m[ INFO] [1790437070.635650863, 1790435151.863218252]: rtabmap (1720): Rate=1.00s, Limit=0.000s, Conversion=0.0014s, RTAB-Map=0.3063s, Maps update=0.0004s pub=0.0001s (local map=253, WM=253)[0m
[33m[ WARN] (2026-09-26 11:37:51.474) Memory.cpp:3200::computeTransform() Missing visual features or missing raw data to compute them. Transform cannot be estimated.[0m
[0m[ INFO] [1790437071.596998536, 1790435152.820631512]: rtabmap (1721): Rate=1.00s, Limit=0.000s, Conversion=0.0015s, RTAB-Map=0.2834s, Maps update=0.0006s pub=0.0001s (local map=253, WM=253)[0m
[33m[ WARN] (2026-09-26 11:37:52.607) Memory.cpp:3200::computeTransform() Missing visual features or missing raw data to compute them. Transform cannot be estimated.[0m
[0m[ INFO] [1790437072.750142573, 1790435153.972492206]: rtabmap (1722): Rate=1.00s, Limit=0.000s, Conversion=0.0015s, RTAB-Map=0.3203s, Maps update=0.0007s pub=0.0001s (local map=253, WM=253)[0m
[33m[ WARN] (2026-09-26 11:37:53.562) Memory.cpp:3200::computeTransform() Missing visual features or missing raw data to compute them. Transform cannot be estimated.[0m
[0m[ INFO] [1790437073.693162192, 1790435154.914334275]: rtabmap (1723): Rate=1.00s, Limit=0.00[33m[ WARN] [1790437074.397288614, 1790435155.621064535]: We are receiving imu data (buffer=1000), but cannot interpolate imu transform at time 1790435155.590897. IMU won't be added to graph.[0m
0s, Conversion=0.0009s, RTAB-Map=0.2871s, Maps update=0.0004s pub=0.0001s (local map=253, WM=253)[0m
[33m[ WARN] (2026-09-26 11:37:54.397) Transform.cpp:557::getTransform() No transform found for stamp 1790435155.590897! Latest is 1790435155.587754[0m
[33m[ WARN] (2026-09-26 11:37:54.579) Memory.cpp:3200::computeTransform() Missing visual features or missing raw data to compute them. Transform cannot be estimated.[0m
[0m[ INFO] [1790437074.681951749, 1790435155.903282233]: rtabmap (1724): Rate=1.00s, Limit=0.000s, Conversion=0.0026s, RTAB-Map=0.2839s, Maps update=0.0004s pub=0.0001s (local map=253, WM=253)[0m
[33m[ WARN] (2026-09-26 11:37:55.653) Memory.cpp:3200::computeTransform() Missing visual features or missing raw data to compute them. Transform cannot be estimated.[0m
[0m[ INFO] [1790437075.785127523, 1790435157.010204323]: rtabmap (1725): Rate=1.00s, Limit=0.000s, Conversion=0.0009s, RTAB-Map=0.2899s, Maps update=0.0005s pub=0.0001s (local map=253, WM=253)[0m
[33m[ WARN] (2026-09-26 11:37:56.862) Memory.cpp:3200::computeTransform() Missing visual features or missing raw data to compute them. Transform cannot be estimated.[0m
[0m[ INFO] [1790437076.979774372, 1790435158.201012183]: rtabmap (1726): Rate=1.00s, Limit=0.000s, Conversion=0.0010s, RTAB-Map=0.2734s, Maps update=0.0003s pub=0.0001s (local map=253, WM=253)[0m
[33m[ WARN] (2026-09-26 11:37:57.846) Memory.cpp:3200::computeTransform() Missing visual features or missing raw data to compute them. Transform cannot be estimated.[0m
[0m[ INFO] [1790437077.971879003, 1790435159.192216068]: rtabmap (1727): Rate=1.00s, Limit=0.000s, Conversion=0.0010s, RTAB-Map=0.2825s, Maps update=0.0003s pub=0.0001s (local map=253, WM=253)[0m
[33m[ WARN] (2026-09-26 11:37:58.779) Memory.cpp:3200::computeTransform() Missing visual features or missing raw data to compute them. Transform cannot be estimated.[0m
[0m[ INFO] [1790437078.907334082, 1790435160.134181014]: rtabmap (1728): Rate=1.00s, Limit=0.000s, Conversion=0.0009s, RTAB-Map=0.2849s, Maps update=0.0004s pub=0.0001s (local map=253, WM=253)[0m
[33m[ WARN] (2026-09-26 11:37:59.959) Memory.cpp:3200::computeTransform() Missing visual features or missing raw data to compute them. Transform cannot be estimated.[0m
[0m[ INFO] [1790437080.083313702, 1790435161.312832442]: rtabmap (1729): Rate=1.00s, Limit=0.000s, Conversion=0.0010s, RTAB-Map=0.2840s, Maps update=0.0004s pub=0.0001s (local map=253, WM=253)[0m
[33m[ WARN] (2026-09-26 11:38:00.993) Memory.cpp:3200::computeTransform() Missing visual features or missing raw data to compute them. Transform cannot be estimated.[0m
[0m[ INFO] [1790437081.118709711, 1790435162.348154050]: rtabmap (1730): Rate=1.00s, Limit=0.000s, Conversion=0.0014s, RTAB-Map=0.3028s, Maps update=0.0003s pub=0.0001s (local map=253, WM=253)[0m
[33m[ WARN] (2026-09-26 11:38:01.983) Memory.cpp:3200::computeTransform() Missing visual features or missing raw data to compute them. Transform cannot be estimated.[0m
[0m[ INFO] [1790437082.112722041, 1790435163.335883395]: rtabmap (1731): Rate=1.00s, Limit=0.000s, Conversion=0.0015s, RTAB-Map=0.3034s, Maps update=0.0003s pub=0.0001s (local map=253, WM=253)[0m
[33m[ WARN] (2026-09-26 11:38:02.988) Memory.cpp:3200::computeTransform() Missing visual features or missing raw data to compute them. Transform cannot be estimated.[0m
[0m[ INFO] [1790437083.104277957, 1790435164.326243393]: rtabmap (1732): Rate=1.00s, Limit=0.000s, Conversion=0.0016s, RTAB-Map=0.2868s, Maps update=0.0004s pub=0.0001s (local map=253, WM=253)[0m
[33m[ WARN] (2026-09-26 11:38:04.050) Memory.cpp:3200::computeTransform() Missing visual features or missing raw data to compute them. Transform cannot be estimated.[0m
[0m[ INFO] [1790437084.181399021, 1790435165.406837329]: rtabmap (1733): Rate=1.00s, Limit=0.000s, Conversion=0.0010s, RTAB-Map=0.2898s, Maps update=0.0004s pub=0.0001s (local map=253, WM=253)[0m
[33m[ WARN] (2026-09-26 11:38:05.096) Memory.cpp:3200::computeTransform() Missing visual features or missing raw data to compute them. Transform cannot be estimated.[0m
[0m[ INFO] [1790437085.229848745, 1790435166.452178985]: rtabmap (1734): Rate=1.00s, Limit=0.000s, Conversion=0.0014s, RTAB-Map=0.3075s, Maps update=0.0003s pub=0.0001s (local map=253, WM=253)[0m
[33m[ WARN] (2026-09-26 11:38:06.179) Memory.cpp:3200::computeTransform() Missing visual features or missing raw data to compute them. Transform cannot be estimated.[0m
[0m[ INFO] [1790437086.302300921, 1790435167.528739561]: rtabmap (1735): Rate=1.00s, Limit=0.000s, Conversion=0.0014s, RTAB-Map=0.2975s, Maps update=0.0005s pub=0.0001s (local map=253, WM=253)[0m
[33m[ WARN] (2026-09-26 11:38:07.286) Memory.cpp:3200::computeTransform() Missing visual features or missing raw data to compute them. Transform cannot be estimated.[0m
[0m[ INFO] [1790437087.406411926, 1790435168.635438660]: rtabmap (1736): Rate=1.00s, Limit=0.000s, Conversion=0.0013s, RTAB-Map=0.2949s, Maps update=0.0006s pub=0.0001s (local map=253, WM=253)[0m
[33m[ WARN] (2026-09-26 11:38:08.297) Memory.cpp:3200::computeTransform() Missing visual features or missing raw data to compute them. Transform cannot be estimated.[0m
[0m[ INFO] [1790437088.421503853, 1790435169.645451168]: rtabmap (1737): Rate=1.00s, Limit=0.000s, Conversion=0.0015s, RTAB-Map=0.2992s, Maps update=0.0003s pub=0.0001s (local map=253, WM=253)[0m
[33m[ WARN] (2026-09-26 11:38:09.292) Memory.cpp:3200::computeTransform() Missing visual features or missing raw data to compute them. Transform cannot be estimated.[0m
[0m[ INFO] [1790437089.421344275, 1790435170.645076068]: rtabmap (1738): Rate=1.00s, Limit=0.000s, Conversion=0.0015s, RTAB-Map=0.3055s, Maps update=0.0003s pub=0.0001s (local map=253, WM=253)[0m
[33m[ WARN] (2026-09-26 11:38:10.369) Memory.cpp:3200::computeTransform() Missing visual features or missing raw data to compute them. Transform cannot be estimated.[0m
[0m[ INFO] [1790437090.515352952, 1790435171.737729305]: rtabmap (1739): Rate=1.00s, Limit=0.000s, Conversion=0.0019s, RTAB-Map=0.3119s, Maps update=0.0004s pub=0.0001s (local map=253, WM=253)[0m
[33m[ WARN] (2026-09-26 11:38:11.469) Memory.cpp:3200::computeTransform() Missing visual features or missing raw data to compute them. Transform cannot be estimated.[0m
[0m[ INFO] [1790437091.610707372, 1790435172.836879960]: rtabmap (1740): Rate=1.00s, Limit=0.000s, Conversion=0.0010s, RTAB-Map=0.3092s, Maps update=0.0004s pub=0.0001s (local map=253, WM=253)[0m
rtabmap: Saving database/long-term memory... (located at /media/administrator/USB Drive/slam_series2/s2_loc_03/rtab_helios.db)
rtabmap: Saving database/long-term memory...done! (located at /media/administrator/USB Drive/slam_series2/s2_loc_03/rtab_helios.db, 220 MB)
[33m[ WARN] [1790437106.001439536, 1790435173.411672235]: Shutdown request received.[0m
[33m[ WARN] [1790437106.001598866, 1790435173.411672235]: Reason given for shutdown: [user request][0m
[33m[ WARN] [1790437106.117262025, 1790435173.411672235]: Shutdown request received.[0m
[33m[ WARN] [1790437106.119791590, 1790435173.411672235]: Reason given for shutdown: [user request][0m
[INFO] [1790435232.829264, 0.000000]: box_crop: cutting base_link box min=[-0.2  -0.35  0.41] max=[ 0.14 -0.13  0.7 ]
[INFO] [1790435252.179789, 1790433333.401673]: box_crop: box in cloud frame rslidar: min=[-0.208 -0.35  -0.434] max=[ 0.132 -0.13  -0.144]
shutdown request: user request
Filtering applied to all links.[0m
[0m[ INFO] [1790435233.288327138]: RobotBodyFilter: Found parameter: frames/output, value: rslidar[0m
[0m[ INFO] [1790435233.288368707]: RobotBodyFilter: Parameter cloud/point_channels not defined, assigning default: ["vp_"][0m
[0m[ INFO] [1790435233.288390531]: RobotBodyFilter: Parameter cloud/direction_channels not defined, assigning default: ["normal_"][0m
[0m[ INFO] [1790435233.288541060]: Configured filter chain of type sensor_msgs/PointCloud2 from namespace /helios_body_filter/cloud_filter_chain[0m
[0m[ INFO] [1790435252.160652394, 1790433333.381540410]: RobotBodyFilter: Transforming cloud from frame rslidar to base_link[0m
[0m[ INFO] [1790435252.167690299, 1790433333.391609070]: RobotBodyFilter: Transforming cloud from frame base_link to rslidar[0m
shutdown request: user request
[1m[37mRoboSense-LiDAR-Driver is stopping.....[0m
terminate called after throwing an instance of 'std::system_error'
  what():  Invalid argument
... logging to /home/administrator/.ros/log/ef149602-b9bb-11f1-8de1-48b02de646a8/roslaunch-cpr-a200-0985-27497.log
Checking log directory for disk usage. This may take a while.
Press Ctrl-C to interrupt
Done checking log file disk usage. Usage is <1GB.
]2;/home/administrator/catkin_ws/src/matt_self_navigation/launch/3dreplay_pipeline.launch
[1mstarted roslaunch server http://cpr-a200-0985:46555/[0m

SUMMARY
========

PARAMETERS
 * /helios_body_filter/cloud_filter_chain: [{'name': 'RobotB...
 * /helios_box_crop/box_frame: base_link
 * /helios_box_crop/max_x: 0.14
 * /helios_box_crop/max_y: -0.13
 * /helios_box_crop/max_z: 0.7
 * /helios_box_crop/min_x: -0.2
 * /helios_box_crop/min_y: -0.35
 * /helios_box_crop/min_z: 0.41
 * /helios_driver/config_path: /home/administrat...
 * /robot_description: <?xml version="1....
 * /rosdistro: noetic
 * /rosversion: 1.17.0
 * /rtabmap/rtabmap/Grid/CellSize: 0.02
 * /rtabmap/rtabmap/Grid/ClusterRadius: 1
 * /rtabmap/rtabmap/Grid/GroundIsObstacle: true
 * /rtabmap/rtabmap/Grid/RangeMax: 20
 * /rtabmap/rtabmap/Icp/CorrespondenceRatio: 0.4
 * /rtabmap/rtabmap/Icp/Epsilon: 0.001
 * /rtabmap/rtabmap/Icp/Iterations: 10
 * /rtabmap/rtabmap/Icp/MaxCorrespondenceDistance: 1
 * /rtabmap/rtabmap/Icp/MaxTranslation: 3
 * /rtabmap/rtabmap/Icp/PM: true
 * /rtabmap/rtabmap/Icp/PMOutlierRatio: 0.7
 * /rtabmap/rtabmap/Icp/PointToPlane: false
 * /rtabmap/rtabmap/Icp/PointToPlaneK: 20
 * /rtabmap/rtabmap/Icp/PointToPlaneRadius: 0
 * /rtabmap/rtabmap/Icp/VoxelSize: 0.3
 * /rtabmap/rtabmap/Mem/NotLinkedNodesKept: false
 * /rtabmap/rtabmap/Mem/STMSize: 30
 * /rtabmap/rtabmap/Optimizer/GravitySigma: 0.3
 * /rtabmap/rtabmap/RGBD/AngularUpdate: 0.05
 * /rtabmap/rtabmap/RGBD/LinearUpdate: 0.05
 * /rtabmap/rtabmap/RGBD/NeighborLinkRefining: false
 * /rtabmap/rtabmap/RGBD/ProximityBySpace: true
 * /rtabmap/rtabmap/RGBD/ProximityMaxGraphDepth: 0
 * /rtabmap/rtabmap/RGBD/ProximityPathMaxNeighbors: 1
 * /rtabmap/rtabmap/Reg/Strategy: 1
 * /rtabmap/rtabmap/Rtabmap/DetectionRate: 1
 * /rtabmap/rtabmap/approx_sync: True
 * /rtabmap/rtabmap/database_path: /media/administra...
 * /rtabmap/rtabmap/frame_id: base_link
 * /rtabmap/rtabmap/subscribe_depth: False
 * /rtabmap/rtabmap/subscribe_rgb: False
 * /rtabmap/rtabmap/subscribe_scan_cloud: True

NODES
  /
    helios_body_filter (sensor_filters/pointcloud2_filter_chain)
    helios_box_crop (self_navigation/box_crop.py)
    helios_driver (rslidar_sdk/rslidar_sdk_node)
    helios_restamp (self_navigation/helios_restamp.py)
  /rtabmap/
    rtabmap (rtabmap_slam/rtabmap)

[1mROS_MASTER_URI=http://localhost:11312[0m
]2;/home/administrator/catkin_ws/src/matt_self_navigation/launch/3dreplay_pipeline.launch http://localhost:11312
[1mprocess[helios_driver-1]: started with pid [27543][0m
[1mprocess[helios_restamp-2]: started with pid [27544][0m
[1mprocess[helios_body_filter-3]: started with pid [27545][0m
[1mprocess[helios_box_crop-4]: started with pid [27551][0m
[1mprocess[rtabmap/rtabmap-5]: started with pid [27554][0m
[1m[rtabmap/rtabmap-5] process has finished cleanly
log file: /home/administrator/.ros/log/ef149602-b9bb-11f1-8de1-48b02de646a8/rtabmap-rtabmap-5*.log[0m
[1m[helios_body_filter-3] process has finished cleanly
log file: /home/administrator/.ros/log/ef149602-b9bb-11f1-8de1-48b02de646a8/helios_body_filter-3*.log[0m
[1m[helios_box_crop-4] process has finished cleanly
log file: /home/administrator/.ros/log/ef149602-b9bb-11f1-8de1-48b02de646a8/helios_box_crop-4*.log[0m
[1m[helios_restamp-2] process has finished cleanly
log file: /home/administrator/.ros/log/ef149602-b9bb-11f1-8de1-48b02de646a8/helios_restamp-2*.log[0m
[helios_driver-1] killing on exit
shutting down processing monitor...
... shutting down processing monitor complete
[1mdone[0m
