[1m[35m********************************************************[0m
[1m[35m**********                                    **********[0m
[1m[35m**********    RSLidar_SDK Version: v1.5.19     **********[0m
[1m[35m**********                                    **********[0m
[1m[35m********************************************************[0m
[1m[32m--------------------------------------------------------[0m
[1m[32mConfig loaded from PATH:[0m
[1m[32m/home/administrator/catkin_ws/src/rslidar_sdk/config/replay_config.yaml[0m
[1m[32m--------------------------------------------------------[0m
[1m[32m------------------------------------------------------[0m
[1m[32mReceive Packets From : ROS[0m
[1m[32mMsop Topic: /helios/packets[0m
[1m[32m------------------------------------------------------[0m
[1m[32m------------------------------------------------------[0m
[1m[32m             RoboSense Driver Parameters [0m
[32minput type: RAW_PACKET[0m
[32mlidar_type: RSHELIOS[0m
[32mframe_id: rslidar[0m
[32m------------------------------------------------------[0m
[1m[32m------------------------------------------------------[0m
[1m[32m             RoboSense Input Parameters [0m
[32mmsop_port: 6699[0m
[32mdifop_port: 7788[0m
[32mimu_port: 0[0m
[32muser_layer_bytes: 0[0m
[32mtail_layer_bytes: 0[0m
[32mhost_address: 0.0.0.0[0m
[32mgroup_address: 0.0.0.0[0m
[32msocket_recv_buf: 106496[0m
[32mpcap_path: /home/robosense/lidar.pcap[0m
[32mpcap_rate: 1[0m
[32mpcap_repeat: 1[0m
[32muse_vlan: 0[0m
[1m[32m------------------------------------------------------[0m
[1m[32m------------------------------------------------------[0m
[1m[32m             RoboSense Decoder Parameters [0m
[32mmin_distance: 0.2[0m
[32mmax_distance: 200[0m
[32muse_lidar_clock: 1[0m
[32mdense_points: 0[0m
[32mts_first_point: 1[0m
[32mwait_for_difop: 1[0m
[32mconfig_from_file: 0[0m
[32mangle_path: [0m
[32mstart_angle: 0[0m
[32mend_angle: 360[0m
[32msplit_frame_mode: 1[0m
[32msplit_angle: 180[0m
[32mnum_blks_split: 0[0m
[1m[32m------------------------------------------------------[0m
[1m[32m------------------------------------------------------[0m
[1m[32m             RoboSense Transform Parameters [0m
[32mx: 0[0m
[32my: 0[0m
[32mz: 0[0m
[32mroll: 0[0m
[32mpitch: 0[0m
[32myaw: 0[0m
[1m[32m------------------------------------------------------[0m
[1m[36m------------------------------------------------------[0m
[1m[36mSend PointCloud To : ROS[0m
[1m[36mPointCloud Topic: /helios/points[0m
[1m[36m------------------------------------------------------[0m
[1m[37mRoboSense-LiDAR-Driver is running.....[0m
[33m[ WARN] [1790466185.401021308]: RobotBodyFilter: No collision element found for link front_bumper_link of robot husky. This link will not be filtered out from laser scans.[0m
[33m[ WARN] [1790466185.401199486]: RobotBodyFilter: No collision element found for link rear_bumper_link of robot husky. This link will not be filtered out from laser scans.[0m
[33m[ WARN] [1790466186.011645601]: RobotBodyFilter: No collision element found for link top_chassis_link of robot husky. This link will not be filtered out from laser scans.[0m
[0m[ INFO] [1790466185.378995878]: RobotBodyFilter: Found parameter: sensor/point_by_point, value: False[0m
[0m[ INFO] [1790466185.382095592]: RobotBodyFilter: Found parameter: transforms/buffer_length, value: 60.000000 s[0m
[0m[ INFO] [1790466185.390223523]: RobotBodyFilter: Found parameter: frames/fixed, value: base_link[0m
[0m[ INFO] [1790466185.390288292]: RobotBodyFilter: Found parameter: frames/sensor, value: rslidar[0m
[0m[ INFO] [1790466185.390305540]: RobotBodyFilter: Found parameter: frames/filtering, value: base_link[0m
[0m[ INFO] [1790466185.390337316]: RobotBodyFilter: Found parameter: sensor/min_distance, value: 0.000000 m[0m
[0m[ INFO] [1790466185.390350821]: RobotBodyFilter: Found parameter: sensor/max_distance, value: 0.000000 m[0m
[0m[ INFO] [1790466185.390377765]: RobotBodyFilter: Found parameter: body_model/robot_description_param, value: robot_description[0m
[0m[ INFO] [1790466185.390394789]: RobotBodyFilter: Found parameter: filter/keep_clouds_organized, value: False[0m
[0m[ INFO] [1790466185.390425861]: RobotBodyFilter: Found parameter: filter/model_pose_update_interval, value: 0.000000 s[0m
[0m[ INFO] [1790466185.390442886]: RobotBodyFilter: Found parameter: filter/do_clipping, value: False[0m
[0m[ INFO] [1790466185.390455014]: RobotBodyFilter: Found parameter: filter/do_contains_test, value: True[0m
[0m[ INFO] [1790466185.390470598]: RobotBodyFilter: Found parameter: filter/do_shadow_test, value: False[0m
[0m[ INFO] [1790466185.390525063]: RobotBodyFilter: Parameter filter/max_shadow_distance not defined, assigning default: 0.000000 m[0m
[0m[ INFO] [1790466185.390553447]: RobotBodyFilter: Found parameter: transforms/timeout/reachable, value: 0.200000 s[0m
[0m[ INFO] [1790466185.390572647]: RobotBodyFilter: Found parameter: transforms/timeout/unreachable, value: 0.300000 s[0m
[0m[ INFO] [1790466185.390598791]: RobotBodyFilter: Parameter transforms/require_all_reachable not defined, assigning default: False[0m
[0m[ INFO] [1790466185.390619080]: RobotBodyFilter: Parameter bounding_sphere/publish_cut_out_pointcloud not defined, assigning default: False[0m
[0m[ INFO] [1790466185.390638536]: RobotBodyFilter: Parameter bounding_box/publish_cut_out_pointcloud not defined, assigning default: False[0m
[0m[ INFO] [1790466185.390657192]: RobotBodyFilter: Parameter oriented_bounding_box/publish_cut_out_pointcloud not defined, assigning default: False[0m
[0m[ INFO] [1790466185.390676872]: RobotBodyFilter: Parameter local_bounding_box/publish_cut_out_pointcloud not defined, assigning default: False[0m
[0m[ INFO] [1790466185.390689576]: RobotBodyFilter: Found parameter: bounding_sphere/compute, value: False[0m
[0m[ INFO] [1790466185.390701289]: RobotBodyFilter: Found parameter: bounding_box/compute, value: False[0m
[0m[ INFO] [1790466185.390723561]: RobotBodyFilter: Parameter oriented_bounding_box/compute not defined, assigning default: False[0m
[0m[ INFO] [1790466185.390750185]: RobotBodyFilter: Parameter local_bounding_box/compute not defined, assigning default: False[0m
[0m[ INFO] [1790466185.390768233]: RobotBodyFilter: Parameter bounding_sphere/debug not defined, assigning default: False[0m
[0m[ INFO] [1790466185.390787177]: RobotBodyFilter: Parameter bounding_box/debug not defined, assigning default: False[0m
[0m[ INFO] [1790466185.390806378]: RobotBodyFilter: Parameter oriented_bounding_box/debug not defined, assigning default: False[0m
[0m[ INFO] [1790466185.390826506]: RobotBodyFilter: Parameter local_bounding_box/debug not defined, assigning default: False[0m
[0m[ INFO] [1790466185.390845866]: RobotBodyFilter: Parameter bounding_sphere/marker not defined, assigning default: False[0m
[0m[ INFO] [1790466185.390868330]: RobotBodyFilter: Parameter bounding_box/marker not defined, assigning default: False[0m
[0m[ INFO] [1790466185.390881611]: RobotBodyFilter: Parameter oriented_bounding_box/marker not defined, assigning default: False[0m
[0m[ INFO] [1790466185.390901995]: RobotBodyFilter: Parameter local_bounding_box/marker not defined, assigning default: False[0m
[0m[ INFO] [1790466185.390925611]: RobotBodyFilter: Parameter local_bounding_box/frame_id not defined, assigning default: base_link[0m
[0m[ INFO] [1790466185.390939019]: RobotBodyFilter: Found parameter: debug/pcl/inside, value: False[0m
[0m[ INFO] [1790466185.390951723]: RobotBodyFilter: Parameter debug/pcl/clip not defined, assigning default: False[0m
[0m[ INFO] [1790466185.390967692]: RobotBodyFilter: Parameter debug/pcl/shadow not defined, assigning default: False[0m
[0m[ INFO] [1790466185.390983148]: RobotBodyFilter: Found parameter: debug/marker/contains, value: False[0m
[0m[ INFO] [1790466185.391005804]: RobotBodyFilter: Parameter debug/marker/shadow not defined, assigning default: False[0m
[0m[ INFO] [1790466185.391026764]: RobotBodyFilter: Parameter debug/marker/bounding_sphere not defined, assigning default: False[0m
[0m[ INFO] [1790466185.391045900]: RobotBodyFilter: Parameter debug/marker/bounding_box not defined, assigning default: False[0m
[0m[ INFO] [1790466185.391064429]: RobotBodyFilter: Found parameter: body_model/inflation/padding, value: 0.100000 m[0m
[0m[ INFO] [1790466185.391083533]: RobotBodyFilter: Found parameter: body_model/inflation/scale, value: 1.000000[0m
[0m[ INFO] [1790466185.391105037]: RobotBodyFilter: Parameter body_model/inflation/contains_test/padding not defined, assigning default: 0.100000 m[0m
[0m[ INFO] [1790466185.391126061]: RobotBodyFilter: Parameter body_model/inflation/contains_test/scale not defined, assigning default: 1.000000[0m
[0m[ INFO] [1790466185.391145549]: RobotBodyFilter: Parameter body_model/inflation/shadow_test/padding not defined, assigning default: 0.100000 m[0m
[0m[ INFO] [1790466185.391186094]: RobotBodyFilter: Parameter body_model/inflation/shadow_test/scale not defined, assigning default: 1.000000[0m
[0m[ INFO] [1790466185.391206862]: RobotBodyFilter: Parameter body_model/inflation/bounding_sphere/padding not defined, assigning default: 0.100000 m[0m
[0m[ INFO] [1790466185.391220526]: RobotBodyFilter: Parameter body_model/inflation/bounding_sphere/scale not defined, assigning default: 1.000000[0m
[0m[ INFO] [1790466185.391236111]: RobotBodyFilter: Parameter body_model/inflation/bounding_box/padding not defined, assigning default: 0.100000 m[0m
[0m[ INFO] [1790466185.391253583]: RobotBodyFilter: Parameter body_model/inflation/bounding_box/scale not defined, assigning default: 1.000000[0m
[0m[ INFO] [1790466185.391332816]: RobotBodyFilter: Parameter body_model/inflation/per_link/padding not defined, assigning default: {} m[0m
[0m[ INFO] [1790466185.391363184]: RobotBodyFilter: Parameter body_model/inflation/per_link/scale not defined, assigning default: {}[0m
[0m[ INFO] [1790466185.391411248]: RobotBodyFilter: Parameter ignored_links/bounding_sphere not defined, assigning default: [][0m
[0m[ INFO] [1790466185.391437009]: RobotBodyFilter: Parameter ignored_links/bounding_box not defined, assigning default: [][0m
[0m[ INFO] [1790466185.391458417]: RobotBodyFilter: Parameter ignored_links/contains_test not defined, assigning default: [][0m
[0m[ INFO] [1790466185.391515314]: RobotBodyFilter: Parameter ignored_links/shadow_test not defined, assigning default: ["laser"][0m
[0m[ INFO] [1790466185.391540114]: RobotBodyFilter: Parameter ignored_links/everywhere not defined, assigning default: [][0m
[0m[ INFO] [1790466185.391558802]: RobotBodyFilter: Parameter only_links not defined, assigning default: [][0m
[0m[ INFO] [1790466185.391579410]: RobotBodyFilter: Parameter body_model/dynamic_robot_description/field_name not defined, assigning default: robot_model[0m
[0m[ INFO] [1790466186.012113030]: RobotBodyFilter: Successfully configured.[0m
[0m[ INFO] [1790466186.012145606]: Filtering data in frame base_link[0m
[0m[ INFO] [1790466186.012160390]: RobotBodyFilter: Filtering into the following categories:[0m
[0m[ INFO] [1790466186.012179751]: RobotBodyFilter: 	OUTSIDE[0m
[0m[ INFO] [1790466186.012191975]: RobotBodyFilter: 	INSIDE[0m
[0m[ INFO] [1790466186.012204327]: RobotBodyFilter: [33m[ WARN] [1790466187.875340078]: Rtabmap: Parameter name changed: "Icp/PM" -> "Icp/Strategy". Please update your launch file accordingly. Value "true" is still set to the new parameter name.[0m
[33m[ WARN] [1790466187.877397445]: Rtabmap: Parameter name changed: "Icp/PMOutlierRatio" -> "Icp/OutlierRatio". Please update your launch file accordingly. Value "0.7" is still set to the new parameter name.[0m
[33m[ WARN] [1790466188.072524584]: Setting "Grid/Sensor" parameter to 0 (default 1) as "subscribe_scan", "subscribe_scan_cloud" or "gen_scan" is true. The occupancy grid map will be constructed from laser scans. To get occupancy grid map from camera's cloud projection, set "Grid/Sensor" to 1. To suppress this warning, add <param name="Grid/Sensor" type="string" value="0"/>[0m
[33m[ WARN] [1790466188.503981689]: There is no image subscription, bag-of-words loop closure detection will be disabled...[0m
[33m[ WARN] [1790466188.504229948]: Setting Kp/MaxFeatures=-1 (bag-of-words disabled)[0m
[33m[ WARN] [1790466218.372812235, 1790452014.196310156]: /rtabmap/rtabmap: Did not receive data since 5 seconds! Make sure the input topics are published ("$ rostopic hz my_topic") and the timestamps in their header are set. If topics are coming from different computers, make sure the clocks of the computers are synchronized ("ntpdate"). If topics are not published at the same rate, you could increase "sync_queue_size" and/or "topic_queue_size" parameters (current=10 and 10 respectively).
/rtabmap/rtabmap subscribed to (approx sync):
   /odometry/filtered \
   /helios/points_clean[0m
[31m[ERROR] [1790466219.167256334, 1790452014.884899157]: Filtering data from time 1790452014.874835429 failed.[0m
[0m[ INFO] [1790466186.739184734]: Starting node...[0m
[0m[ INFO] [1790466186.827515129]: Initializing nodelet with 12 worker threads.[0m
[0m[ INFO] [1790466187.239286639]: /rtabmap/rtabmap(maps): map_filter_radius          = 0.000000[0m
[0m[ INFO] [1790466187.239350992]: /rtabmap/rtabmap(maps): map_filter_angle           = 30.000000[0m
[0m[ INFO] [1790466187.239365392]: /rtabmap/rtabmap(maps): map_cleanup                = true[0m
[0m[ INFO] [1790466187.239419665]: /rtabmap/rtabmap(maps): map_always_update          = false[0m
[0m[ INFO] [1790466187.239433745]: /rtabmap/rtabmap(maps): map_empty_ray_tracing      = true[0m
[0m[ INFO] [1790466187.239446353]: /rtabmap/rtabmap(maps): cloud_output_voxelized     = true[0m
[0m[ INFO] [1790466187.239456369]: /rtabmap/rtabmap(maps): cloud_subtract_filtering   = false[0m
[0m[ INFO] [1790466187.239466833]: /rtabmap/rtabmap(maps): cloud_subtract_filtering_min_neighbors = 2[0m
[0m[ INFO] [1790466187.239990839]: /rtabmap/rtabmap(maps): octomap_tree_depth         = 16[0m
[0m[ INFO] [1790466187.267283560]: rtabmap: frame_id      = base_link[0m
[0m[ INFO] [1790466187.267360713]: rtabmap: map_frame_id  = map[0m
[0m[ INFO] [1790466187.267377641]: rtabmap: log_to_rosout_level = 4[0m
[0m[ INFO] [1790466187.267390441]: rtabmap: initial_pose  = [0m
[0m[ INFO] [1790466187.267426057]: rtabmap: use_action_for_goal  = false[0m
[0m[ INFO] [1790466187.267453642]: rtabmap: tf_delay      = 0.050000[0m
[0m[ INFO] [1790466187.267466730]: rtabmap: tf_tolerance  = 0.100000[0m
[0m[ INFO] [1790466187.267483242]: rtabmap: odom_sensor_sync   = false[0m
[0m[ INFO] [1790466187.267495178]: rtabmap: pub_loc_pose_only_when_localizing = false[0m
[0m[ INFO] [1790466187.268032080]: rtabmap: gen_scan  = false[0m
[0m[ INFO] [1790466187.268071089]: rtabmap: gen_depth  = false[0m
[0m[ INFO] [1790466187.268961179]: rtabmap: scan_cloud_max_points = 0[0m
[0m[ INFO] [1790466187.268990683]: rtabmap: scan_cloud_is_2d      = false[0m
[0m[ INFO] [1790466187.356798672]: Setting RTAB-Map parameter "Grid/CellSize"="0.02"[0m
[0m[ INFO] [1790466187.357434487]: Setting RTAB-Map parameter "Grid/ClusterRadius"="1"[0m
[0m[ INFO] [1790466187.367632520]: Setting RTAB-Map parameter "Grid/GroundIsObstacle"="true"[0m
[0m[ INFO] [1790466187.384827497]: Setting RTAB-Map parameter "Grid/RangeMax"="20"[0m
[0m[ INFO] [1790466187.415754306]: Setting RTAB-Map parameter "Icp/CorrespondenceRatio"="0.4"[0m
[0m[ INFO] [1790466187.419738158]: Setting RTAB-Map parameter "Icp/Epsilon"="0.001"[0m
[0m[ INFO] [1790466187.423491704]: Setting RTAB-Map parameter "Icp/Iterations"="10"[0m
[0m[ INFO] [1790466187.424015774]: Setting RTAB-Map parameter "Icp/MaxCorrespondenceDistance"="1"[0m
[0m[ INFO] [1790466187.426271991]: Setting RTAB-Map parameter "Icp/MaxTranslation"="3"[0m
[0m[ INFO] [1790466187.434406930]: Setting RTAB-Map parameter "Icp/PointToPlane"="false"[0m
[0m[ INFO] [1790466187.436345704]: Setting RTAB-Map parameter "Icp/PointToPlaneK"="20"[0m
[0m[ INFO] [1790466187.439721134]: Setting RTAB-Map parameter "Icp/PointToPlaneRadius"="0"[0m
[0m[ INFO] [1790466187.445974067]: Setting RTAB-Map parameter "Icp/VoxelSize"="0.3"[0m
[0m[ INFO] [1790466187.546120978]: Setting RTAB-Map parameter "Mem/NotLinkedNodesKept"="false"[0m
[0m[ INFO] [1790466187.557311119]: Setting RTAB-Map parameter "Mem/STMSize"="30"[0m
[0m[ INFO] [1790466187.579358693]: Setting RTAB-Map parameter "Optimizer/GravitySigma"="0.3"[0m
[0m[ INFO] [1790466187.605316423]: Setting RTAB-Map parameter "RGBD/AngularUpdate"="0.05"[0m
[0m[ INFO] [1790466187.616659045]: Setting RTAB-Map parameter "RGBD/LinearUpdate"="0.05"[0m
[0m[ INFO] [1790466187.634116904]: Setting RTAB-Map parameter "RGBD/NeighborLinkRefining"="false"[0m
[0m[ INFO] [1790466187.645099299]: Setting RTAB-Map parameter "RGBD/ProximityBySpace"="true"[0m
[0m[ INFO] [1790466187.648995502]: Setting RTAB-Map parameter "RGBD/ProximityMaxGraphDepth"="0"[0m
[0m[ INFO] [1790466187.655628825]: Setting RTAB-Map parameter "RGBD/ProximityPathMaxNeighbors"="1"[0m
[0m[ INFO] [1790466187.660421806]: Setting RTAB-Map parameter "Reg/Force3DoF"="true"[0m
[0m[ INFO] [1790466187.662566182]: Setting RTAB-Map parameter "Reg/Strategy"="1"[0m
[0m[ INFO] [1790466187.665958828]: Setting RTAB-Map parameter "Rtabmap/DetectionRate"="1"[0m
[0m[ INFO] [1790466188.074107610]: RTAB-Map detection rate = 1.000000 Hz[0m
[0m[ INFO] [1790466188.074850338]: rtabmap: Using database from "/media/administrator/USB Drive/slam_series2/s2_static_08/lidar_ref_f3dof/rtab_helios.db" (0 MB).[0m
[0m[ INFO] [1790466188.419832014]: rtabmap: Database version = "0.21.10".[0m
[0m[ INFO] [1790466188.419940143]: rtabmap: SLAM mode (Mem/IncrementalMemory=true)[0m
[0m[ INFO] [1790466188.465466379]: /rtabmap/rtabmap: subscribe_depth = false[0m
[0m[ INFO] [1790466188.465593933]: /rtabmap/rtabmap: subscribe_rgb = false[0m
[0m[ INFO] [1790466188.465618733]: /rtabmap/rtabmap: subscribe_stereo = false[0m
[0m[ INFO] [1790466188.465652493]: /rtabmap/rtabmap: subscribe_rgbd = false (rgbd_cameras=1)[0m
[0m[ INFO] [1790466188.465683246]: /rtabmap/rtabmap: subscribe_sensor_data = false[0m
[0m[ INFO] [1790466188.465703342]: /rtabmap/rtabmap: subscribe_odom_info = false[0m
[0m[ INFO] [1790466188.465720366]: /rtabmap/rtabmap: subscribe_user_data = false[0m
[0m[ INFO] [1790466188.465736974]: /rtabmap/rtabmap: subscribe_scan = false[0m
[0m[ INFO] [1790466188.465761967]: /rtabmap/rtabmap: subscribe_scan_cloud = true[0m
[0m[ INFO] [1790466188.465804719]: /rtabmap/rtabmap: subscribe_scan_descriptor = false[0m
[0m[ INFO] [1790466188.465848240]: /rtabmap/rtabmap: topic_queue_size = 10[0m
[0m[ INFO] [1790466188.465903952]: /rtabmap/rtabmap: sync_queue_size = 10[0m
[0m[ INFO] [1790466188.465958865]: /rtabmap/rtabmap: approx_sync = true[0m
[0m[ INFO] [1790466188.480010990]: Setup scan callback[0m
[0m[ INFO] [1790466188.498835392]: 
/rtabmap/rtabmap subscribed to (approx sync):
   /odometry/filtered \
   /helios/points_clean[0m
[0m[ INFO] [1790466188.756367259]: rtabmap 0.21.10 started...[0m
[0m[ INFO] [1790466220.160641843, 1790452015.877092205]: rtabmap (1): Rate=1.00s, Limit=0.000s, Conversion=0.0028s, RTAB-Map=0.1780s, Maps update=0.0003s pub=0.0004s (local map=1, WM=1)[0m
Warning: TF_REPEATED_DATA ignoring data with redundant timestamp for frame odom (parent map) at time 1790452016.191119 according to authority unknown_publisher
         at line 278 in /tmp/binarydeb/ros-noetic-tf2-0.7.7/src/buffer_core.cpp
Warning: TF_REPEATED_DATA ignoring data with redundant timestamp for frame odom (parent map) at time 1790452016.191119 according to authority /rtabmap/rtabmap
         at line 278 in /tmp/binarydeb/ros-noetic-tf2-0.7.7/src/buffer_core.cpp
[33m[ WARN] [1790466220.370939509, 1790452016.091119225]: TF_REPEATED_DATA ignoring data with redundant timestamp for frame odom (parent map) at time 1790452016.191119 according to authority unknown_publisher[0m
Warning: TF_REPEATED_DATA ignoring data with redundant timestamp for frame odom (parent map) at time 1790452016.553313 according to authority unknown_publisher
         at line 278 in /tmp/binarydeb/ros-noetic-tf2-0.7.7/src/buffer_core.cpp
Warning: TF_REPEATED_DATA ignoring data with redundant timestamp for frame odom (parent map) at time 1790452016.553313 according to authority /rtabmap/rtabmap
         at line 278 in /tmp/binarydeb/ros-noetic-tf2-0.7.7/src/buffer_core.cpp
[33m[ WARN] [1790466220.732063268, 1790452016.453313523]: TF_REPEATED_DATA ignoring data with redundant timestamp for frame odom (parent map) at time 1790452016.553313 according to authority unknown_publisher[0m
[0m[ INFO] [1790466221.251114062, 1790452016.968919447]: rtabmap (2): Rate=1.00s, Limit=0.000s, Conversion=0.0021s, RTAB-Map=0.1991s, Maps update=0.0002s pub=0.0001s (local map=1, WM=1)[0m
[0m[ INFO] [1790466222.329476257, 1790452018.041051397]: rtabmap (3): Rate=1.00s, Limit=0.000s, Conversion=0.0008s, RTAB-Map=0.1743s, Maps update=0.0001s pub=0.0001s (local map=1, WM=1)[0m
Warning: TF_REPEATED_DATA ignoring data with redundant timestamp for frame odom (parent map) at time 1790452018.297173 according to authority unknown_publisher
         at line 278 in /tmp/binarydeb/ros-noetic-tf2-0.7.7/src/buffer_core.cpp
[33m[ WARN] [1790466222.474706127, 1790452018.197172588]: TF_REPEATED_DATA ignoring data with redundant timestamp for frame odom (parent map) at time 1790452018.297173 according to authority unknown_publisher[0m
Warning: TF_REPEATED_DATA ignoring data with redundant timestamp for frame odom (parent map) at time 1790452018.297173 according to authority /rtabmap/rtabmap
         at line 278 in /tmp/binarydeb/ros-noetic-tf2-0.7.7/src/buffer_core.cpp
Warning: TF_REPEATED_DATA ignoring data with redundant timestamp for frame odom (parent map) at time 1790452019.155471 according to authority unknown_publisher
         at line 278 in /tmp/binarydeb/ros-noetic-tf2-0.7.7/src/buffer_core.cpp
[33m[ WARN] [1790466223.332891762, 1790452019.055470576]: TF_REPEATED_DATA ignoring data with redundant timestamp for frame odom (parent map) at time 1790452019.155471 according to authority unknown_publisher[0m
Warning: TF_REPEATED_DATA ignoring data with redundant timestamp for frame odom (parent map) at time 1790452019.155471 according to authority /rtabmap/rtabmap
         at line 278 in /tmp/binarydeb/ros-noetic-tf2-0.7.7/src/buffer_core.cpp
[0m[ INFO] [1790466223.343644521, 1790452019.065527680]: rtabmap (4): Rate=1.00s, Limit=0.000s, Conversion=0.0008s, RTAB-Map=0.1873s, Maps update=0.0001s pub=0.0001s (local map=1, WM=1)[0m
Warning: TF_REPEATED_DATA ignoring data with redundant timestamp for frame odom (parent map) at time 1790452019.529757 according to authority unknown_publisher
         at line 278 in /tmp/binarydeb/ros-noetic-tf2-0.7.7/src/buffer_core.cpp
Warning: TF_REPEATED_DATA ignoring data with redundant timestamp for frame odom (parent map) at time 1790452019.529757 according to authority /rtabmap/rtabmap
         at line 278[33m[ WARN] [1790466223.706242023, 1790452019.429756688]: TF_REPEATED_DATA ignoring data with redundant timestamp for frame odom (parent map) at time 1790452019.529757 according to authority unknown_publisher[0m
 in /tmp/binarydeb/ros-noetic-tf2-0.7.7/src/buffer_core.cpp
[0m[ INFO] [1790466224.428846757, 1790452020.145659395]: rtabmap (5): Rate=1.00s, Limit=0.000s, Conversion=0.0010s, RTAB-Map=0.1682s, Maps update=0.0001s pub=0.0001s (local map=1, WM=1)[0m
Warning: TF_REPEATED_DATA ignoring data with redundant timestamp for frame odom (parent map) at time 1790452021.258074 according to authority unknown_publisher
         at line 278 in /tmp/binarydeb/ros-noetic-tf2-0.7.7/src/buffer_core.cpp
[33m[ WARN] [1790466225.434959217, 1790452021.158073525]: TF_REPEATED_DATA ignoring data with redundant timestamp for frame odom (parent map) at time 1790452021.258074 according to authority unknown_publisher[0m
Warning: TF_REPEATED_DATA ignoring data with redundant timestamp for frame odom (parent map) at time 1790452021.258074 according to authority /rtabmap/rtabmap
         at line 278 in /tmp/binarydeb/ros-noetic-tf2-0.7.7/src/buffer_core.cpp
[0m[ INFO] [1790466225.617402460, 1790452021.339635414]: rtabmap (6): Rate=1.00s, Limit=0.000s, Conversion=0.0014s, RTAB-Map=0.1616s, Maps update=0.0001s pub=0.0001s (local map=1, WM=1)[0m
Warning: TF_REPEATED_DATA ignoring data with redundant timestamp for frame odom (parent map) at time 1790452022.131119 according to authority unknown_publisher
         at line 278 in /tmp/binarydeb/ros-noetic-tf2-0.7.7/src/buffer_core.cpp
[33m[ WARN] [1790466226.308140502, 1790452022.031118617]: TF_REPEATED_DATA ignoring data with redundant timestamp for frame odom (parent map) at time 1790452022.131119 according to authority unknown_publisher[0m
Warning: TF_REPEATED_DATA ignoring data with redundant timestamp for frame odom (parent map) at time 1790452022.131119 according to authority /rtabmap/rtabmap
         at line 278 in /tmp/binarydeb/ros-noetic-tf2-0.7.7/src/buffer_core.cpp
[0m[ INFO] [1790466226.549833491, 1790452022.233606178]: rtabmap (7): Rate=1.00s, Limit=0.000s, Conversion=0.0008s, RTAB-Map=0.1545s, Maps update=0.0002s pub=0.0001s (local map=1, WM=1)[0m
Warning: TF_REPEATED_DATA ignoring data with redundant timestamp for frame odom (parent map) at time 1790452022.491956 according to authority unknown_publisher
         at line 278 in /tmp/binarydeb/ros-noetic-tf2-0.7.7/src/buffer_core.cpp
[33m[ WARN] [1790466226.669077472, 1790452022.391956513]: TF_REPEATED_DATA ignoring data with redundant timestamp for frame odom (parent map) at time 1790452022.491956 according to authority unknown_publisher[0m
Warning: TF_REPEATED_DATA ignoring data with redundant timestamp for frame odom (parent map) at time 1790452022.491956 according to authority /rtabmap/rtabmap
         at line 278 in /tmp/binarydeb/ros-noetic-tf2-0.7.7/src/buffer_core.cpp
[0m[ INFO] [1790466227.624745752, 1790452023.342734115]: rtabmap (8): Rate=1.00s, Limit=0.000s, Conversion=0.0013s, RTAB-Map=0.1680s, Maps update=0.0001s pub=0.0001s (local map=1, WM=1)[0m
Warning: TF_REPEATED_DATA ignoring data with redundant timestamp for frame odom (parent map) at time 1790452024.222270 according to authority unknown_publisher
         at line 278 in /tmp/binarydeb/ros-noetic-tf2-0.7.7/src/buffer_core.cpp
[33m[ WARN] [1790466228.399036336, 1790452024.122269814]: TF_REPEATED_DATA ignoring data with redundant timestamp for frame odom (parent map) at time 1790452024.222270 according to authority unknown_publisher[0m
Warning: TF_REPEATED_DATA ignoring data with redundant timestamp for frame odom (parent map) at time 1790452024.222270 according to authority /rtabmap/rtabmap
         at line 278 in /tmp/binarydeb/ros-noetic-tf2-0.7.7/src/buffer_core.cpp
[0m[ INFO] [1790466228.652265357, 1790452024.374041730]: rtabmap (9): Rate=1.00s, Limit=0.000s, Conversion=0.0017s, RTAB-Map=0.1725s, Maps update=0.0001s pub=0.0001s (local map=1, WM=1)[0m
[0m[ INFO] [1790466228.820723324, 1790452024.535293761]: rtabmap (10): Rate=1.00s, Limit=0.000s, Conversion=0.0007s, RTAB-Map=0.1666s, Maps update=0.0001s pub=0.0001s (local map=1, WM=1)[0m
Warning: TF_REPEATED_DATA ignoring data with redundant timestamp for frame odom (parent map) at time 1790452025.085633 according to authority unknown_publisher
         at line 278 in /tmp/binarydeb/ros-noetic-tf2-0.7.7/src/buffer_core.cpp
[33m[ WARN] [1790466229.262695400, 1790452024.985632907]: TF_REPEATED_DATA ignoring data with redundant timestamp for frame odom (parent map) at time 1790452025.085633 according to authority unknown_publisher[0m
Warning: TF_REPEATED_DATA ignoring data with redundant timestamp for frame odom (parent map) at time 1790452025.085633 according to authority /rtabmap/rtabmap
         at line 278 in /tmp/binarydeb/ros-noetic-tf2-0.7.7/src/buffer_core.cpp
Warning: TF_REPEATED_DATA ignoring data with redundant timestamp for frame odom (parent map) at time 1790452025.462625 according to authority unknown_publisher
         at line 278 in /tmp/binarydeb/ros-noetic-tf2-0.7.7/src/buffer_core.cpp
[33m[ WARN] [1790466229.640760335, 1790452025.362625061]: TF_REPEATED_DATA ignoring data with redundant timestamp for frame odom (parent map) at time 1790452025.462625 according to authority unknown_publisher[0m
Warning: TF_REPEATED_DATA ignoring data with redundant timestamp for frame odom (parent map) at time 1790452025.462625 according to authority /rtabmap/rtabmap
         at line 278 in /tmp/binarydeb/ros-noetic-tf2-0.7.7/src/buffer_core.cpp
[33m[ WARN] [1790466231.374141758, 1790452027.096483546]: TF_REPEATED_DATA ignoring data with redundant timestamp for frame odom (parent map) at time 1790452027.196484 according to authority unknown_publisher[0m
Warning: TF_REPEATED_DATA ignoring data with redundant timestamp for frame odom (parent map) at time 1790452027.196484 according to authority /rtabmap/rtabmap
         at line 278 in /tmp/binarydeb/ros-noetic-tf2-0.7.7/src/buffer_core.cpp
[0m[ INFO] [1790466229.823533085, 1790452025.543751137]: rtabmap (11): Rate=1.00s, Limit=0.000s, Conversion=0.0010s, RTAB-Map=0.1631s, Maps update=0.0001s pub=0.0001s (local map=1, WM=1)[0m
[0m[ INFO] [1790466230.728708992, 1790452026.443689962]: rtabmap (12): Rate=1.00s, Limit=0.000s, Conversion=0.0009s, RTAB-Map=0.1671s, Maps update=0.0001s pub=0.0001s (local map=1, WM=1)[0m
Warning: TF_REPEATED_DATA ignoring data with redundant timestamp for frame odom (parent map) at time 1790452027.196484 according to authority unknown_publisher
         at line 278 in /tmp/binarydeb/ros-noetic-tf2-0.7.7/src/buffer_core.cpp
[0m[ INFO] [1790466231.822809748, 1790452027.539660914]: rtabmap (13): Rate=1.00s, Limit=0.000s, Conversion=0.0008s, RTAB-Map=0.1663s, Maps update=0.0001s pub=0.0001s (local map=1, WM=1)[0m
[0m[ INFO] [1790466232.834928600, 1790452028.549994339]: rtabmap (14): Rate=1.00s, Limit=0.000s, Conversion=0.0012s, RTAB-Map=0.1715s, Maps update=0.0001s pub=0.0001s (local map=1, WM=1)[0m
[0m[ INFO] [1790466233.911998700, 1790452029.627504315]: rtabmap (15): Rate=1.00s, Limit=0.000s, Conversion=0.0018s, RTAB-Map=0.1610s, Maps update=0.0001s pub=0.0001s (local map=1, WM=1)[0m
Warning: TF_REPEATED_DATA ignoring data with redundant timestamp for frame odom (parent map) at time 1790452030.164985 according to authority unknown_publisher
         at line 278 in /tmp/binarydeb/ros-noetic-tf2-0.7.7/src/buffer_core.cpp
[33m[ WARN] [1790466234.342492822, 1790452030.064985043]: TF_REPEATED_DATA ignoring data with redundant timestamp for frame odom (parent map) at time 1790452030.164985 according to authority unknown_publisher[0m
Warning: TF_REPEATED_DATA ignoring data with redundant timestamp for frame odom (parent map) at time 1790452030.164985 according to authority /rtabmap/rtabmap
         at line 278 in /tmp/binarydeb/ros-noetic-tf2-0.7.7/src/buffer_core.cpp
Warning: TF_REPEATED_DATA ignoring data with redundant timestamp for frame odom (parent map) at time 1790452030.520819 according to authority unknown_publisher
         at line 278 in /tmp/binarydeb/ros-noetic-tf2-0.7.7/src/buffer_core.cpp
[33m[ WARN] [1790466234.698418340, 1790452030.420818624]: TF_REPEATED_DATA ignoring data with redundant timestamp for frame odom (parent map) at time 1790452030.520819 according to authority unknown_publisher[0m
Warning: TF_REPEATED_DATA ignoring data with redundant timestamp for frame odom (parent map) at time 1790452030.520819 according to authority /rtabmap/rtabmap
         at line 278 in /tmp/binarydeb/ros-noetic-tf2-0.7.7/src/buffer_core.cpp
[0m[ INFO] [1790466234.901158734, 1790452030.622343773]: rtabmap (16): Rate=1.00s, Limit=0.000s, Conversion=0.0008s, RTAB-Map=0.1563s, Maps update=0.0001s pub=0.0001s (local map=1, WM=1)[0m
[0m[ INFO] [1790466235.065899251, 1790452030.779012744]: rtabmap (17): Rate=1.00s, Limit=0.000s, Conversion=0.0007s, RTAB-Map=0.1616s, Maps update=0.0001s pub=0.0001s (local map=1, WM=1)[0m
[0m[ INFO] [1790466236.047156028, 1790452031.770675973]: rtabmap (18): Rate=1.00s, Limit=0.000s, Conversion=0.0013s, RTAB-Map=0.1716s, Maps update=0.0001s pub=0.0001s (local map=1, WM=1)[0m
Warning: TF_REPEATED_DATA ignoring data with redundant timestamp for frame odom (parent map) at time 1790452032.260447 according to authority unknown_publisher
         at line 278 in /tmp/binarydeb/ros-noetic-tf2-0.7.7/src/buffer_core.cpp
Warning: TF_REPEATED_DATA ignoring data with redundant timestamp for frame odom (parent map) at time 1790452032.260447 according to authority /rtabmap/rtabmap
         at line 278 in /tmp/binarydeb/ros-noetic-tf2-0.7.7/src/buffer_core.cpp
[33m[ WARN] [1790466236.437799370, 1790452032.160446537]: TF_REPEATED_DATA ignoring data with redundant timestamp for frame odom (parent map) at time 1790452032.260447 according to authority unknown_publisher[0m
[0m[ INFO] [1790466237.125071572, 1790452032.847615538]: rtabmap (19): Rate=1.00s, Limit=0.000s, Conversion=0.0012s, RTAB-Map=0.1719s, Maps update=0.0001s pub=0.0001s (local map=1, WM=1)[0m
Warning: TF_REPEATED_DATA ignoring data with redundant timestamp for frame odom (parent map) at time 1790452033.130019 according to authority unknown_publisher
         at line 278 in /tmp/binarydeb/ros-noetic-tf2-0.7.7/src/buffer_core.cpp
[33m[ WARN] [1790466237.307493436, 1790452033.030018618]: TF_REPEATED_DATA ignoring data with redundant timestamp for frame odom (parent map) at time 1790452033.130019 according to authority unknown_publisher[0m
Warning: TF_REPEATED_DATA ignoring data with redundant timestamp for frame odom (parent map) at time 1790452033.130019 according to authority /rtabmap/rtabmap
         at line 278 in /tmp/binarydeb/ros-noetic-tf2-0.7.7/src/buffer_core.cpp
Warning: TF_REPEATED_DATA ignoring data with redundant timestamp for frame odom (parent map) at time 1790452033.490010 according to authority unknown_publisher
         at line 278 in /tmp/binarydeb/ros-noetic-tf2-0.7.7/src/buffer_core.cpp
[33m[ WARN] [1790466237.667289236, 1790452033.390010580]: TF_REPEATED_DATA ignoring data with redundant timestamp for frame odom (parent map) at time 1790452033.490010 according to authority unknown_publisher[0m
Warning: TF_REPEATED_DATA ignoring data with redundant timestamp for frame odom (parent map) at time 1790452033.490010 according to authority /rtabmap/rtabmap
         at line 278 in /tmp/binarydeb/ros-noetic-tf2-0.7.7/src/buffer_core.cpp
[0m[ INFO] [1790466238.227646749, 1790452033.950949699]: rtabmap (20): Rate=1.00s, Limit=0.000s, Conversion=0.0008s, RTAB-Map=0.1623s, Maps update=0.0001s pub=0.0001s (local map=1, WM=1)[0m
[0m[ INFO] [1790466239.215806223, 1790452034.930834329]: rtabmap (21): Rate=1.00s, Limit=0.000s, Conversion=0.0010s, RTAB-Map=0.1601s, Maps update=0.0001s pub=0.0001s (local map=1, WM=1)[0m
Warning: TF_REPEATED_DATA ignoring data with redundant timestamp for frame odom (parent map) at time 1790452035.219404 according to authority unknown_publisher
         at line 278 in /tmp/binarydeb/ros-noetic-tf2-0.7.7/src/buffer_core.cpp
[33m[ WARN] [1790466239.396731781, 1790452035.119403717]: TF_REPEATED_DATA ignoring data with redundant timestamp for frame odom (parent map) at time 1790452035.219404 according to authority unknown_publisher[0m
Warning: TF_REPEATED_DATA ignoring data with redundant timestamp for frame odom (parent map) at time 1790452035.219404 according to authority /rtabmap/rtabmap
         at line 278 in /tmp/binarydeb/ros-noetic-tf2-0.7.7/src/buffer_core.cpp
[0m[ INFO] [1790466240.229095670, 1790452035.825921249]: rtabmap (22): Rate=1.00s, Limit=0.000s, Conversion=0.0013s, RTAB-Map=0.1702s, Maps update=0.0001s pub=0.0001s (local map=1, WM=1)[0m
Warning: TF_REPEATED_DATA ignoring data with redundant timestamp for frame odom (parent map) at time 1790452036.084093 according to authority unknown_publisher
         at line 278 in /tmp/binarydeb/ros-noetic-tf2-0.7.7/src/buffer_core.cpp
[33m[ WARN] [1790466240.263389234, 1790452035.984092700]: TF_REPEATED_DATA ignoring data with redundant timestamp for frame odom (parent map) at time 1790452036.084093 according to authority unknown_publisher[0m
Warning: TF_REPEATED_DATA ignoring data with redundant timestamp for frame odom (parent map) at time 1790452036.084093 according to authority /rtabmap/rtabmap
         at line 278 in /tmp/binarydeb/ros-noetic-tf2-0.7.7/src/buffer_core.cpp
Warning: TF_REPEATED_DATA ignoring data with redundant timestamp for frame odom (parent map) at time 1790452036.454710 according to authority unknown_publisher
         at line 278 in /tmp/binarydeb/ros-noetic-tf2-0.7.7/src/buffer_core.cpp
Warning: TF_REPEATED_DATA ignoring data with redundant timestamp for frame odom (parent map) at time 1790452036.454710 according to authority /rtabmap/rtabmap
         at line 278 in /tmp/binarydeb/ros-noetic-tf2-0.7.7/src/buffer_core.cpp
[33m[ WARN] [1790466240.633689981, 1790452036.354710378]: TF_REPEATED_DATA ignoring data with redundant timestamp for frame odom (parent map) at time 1790452036.454710 according to authority unknown_publisher[0m
[0m[ INFO] [1790466241.219736769, 1790452036.943363466]: rtabmap (23): Rate=1.00s, Limit=0.000s, Conversion=0.0008s, RTAB-Map=0.1558s, Maps update=0.0001s pub=0.0001s (local map=1, WM=1)[0m
[0m[ INFO] [1790466242.315290709, 1790452037.921335432]: rtabmap (24): Rate=1.00s, Limit=0.000s, Conversion=0.0008s, RTAB-Map=0.1555s, Maps update=0.0001s pub=0.0001s (local map=1, WM=1)[0m
Warning: TF_REPEATED_DATA ignoring data with redundant timestamp for frame odom (parent map) at time 1790452038.182764 according to authority unknown_publisher
         at line 278 in /tmp/binarydeb/ros-noetic-tf2-0.7.7/src/buffer_core.cpp
[33m[ WARN] [1790466242.359552192, 1790452038.082764389]: TF_REPEATED_DATA ignoring data with redundant timestamp for frame odom (parent map) at time 1790452038.182764 according to authority unknown_publisher[0m
Warning: TF_REPEATED_DATA ignoring data with redundant timestamp for frame odom (parent map) at time 1790452038.182764 according to authority /rtabmap/rtabmap
         at line 278 in /tmp/binarydeb/ros-noetic-tf2-0.7.7/src/buffer_core.cpp
[0m[ INFO] [1790466243.317954371, 1790452039.032361702]: rtabmap (25): Rate=1.00s, Limit=0.000s, Conversion=0.0012s, RTAB-Map=0.1541s, Maps update=0.0001s pub=0.0001s (local map=1, WM=1)[0m
[0m[ INFO] [1790466244.429054529, 1790452040.033525090]: rtabmap (26): Rate=1.00s, Limit=0.000s, Conversion=0.0008s, RTAB-Map=0.1668s, Maps update=0.0001s pub=0.0001s (local map=1, WM=1)[0m
Warning: TF_REPEATED_DATA ignoring data with redundant timestamp for frame odom (parent map) at time 1790452040.288898 according to authority unknown_publisher
         at line 278 in /tmp/binarydeb/ros-noetic-tf2-0.7.7/src/buffer_core.cpp
[33m[ WARN] [1790466244.466188093, 1790452040.188897532]: TF_REPEATED_DATA ignoring data with redundant timestamp for frame odom (parent map) at time 1790452040.288898 according to authority unknown_publisher[0m
Warning: TF_REPEATED_DATA ignoring data with redundant timestamp for frame odom (parent map) at time 1790452040.288898 according to authority /rtabmap/rtabmap
         at line 278 in /tmp/binarydeb/ros-noetic-tf2-0.7.7/src/buffer_core.cpp
Warning: TF_REPEATED_DATA ignoring data with redundant timestamp for frame odom (parent map) at time 1790452041.160352 according to authority unknown_publisher
         at line 278 in /tmp/binarydeb/ros-noetic-tf2-0.7.7/src/buffer_core.cpp
[33m[ WARN] [1790466245.341459715, 1790452041.060351961]: TF_REPEATED_DATA ignoring data with redundant timestamp for frame odom (parent map) at time 1790452041.160352 according to authority unknown_publisher[0m
Warning: TF_REPEATED_DATA ignoring data with redundant timestamp for frame odom (parent map) at time 1790452041.160352 according to authority /rtabmap/rtabmap
         at line 278 in /tmp/binarydeb/ros-noetic-tf2-0.7.7/src/buffer_core.cpp
[0m[ INFO] [1790466245.515711791, 1790452041.231527810]: rtabmap (27): Rate=1.00s, Limit=0.000s, Conversion=0.0008s, RTAB-Map=0.1603s, Maps update=0.0001s pub=0.0001s (local map=1, WM=1)[0m
Warning: TF_REPEATED_DATA ignoring data with redundant timestamp for frame odom (parent map) at time 1790452041.523822 according to authority unknown_publisher
         at line 278 in /tmp/binarydeb/ros-noetic-tf2-0.7.7/src/buffer_core.cpp
[33m[ WARN] [1790466245.701908831, 1790452041.423822006]: TF_REPEATED_DATA ignoring data with redundant timestamp for frame odom (parent map) at time 1790452041.523822 according to authority unknown_publisher[0m
Warning: TF_REPEATED_DATA ignoring data with redundant timestamp for frame odom (parent map) at time 1790452041.523822 according to authority /rtabmap/rtabmap
         at line 278 in /tmp/binarydeb/ros-noetic-tf2-0.7.7/src/buffer_core.cpp
[0m[ INFO] [1790466246.414614522, 1790452042.131412440]: rtabmap (28): Rate=1.00s, Limit=0.000s, Conversion=0.0012s, RTAB-Map=0.1591s, Maps update=0.0001s pub=0.0001s (local map=1, WM=1)[0m
Warning: TF_REPEATED_DATA ignoring data with redundant timestamp for frame odom (parent map) at time 1790452043.269624 according to authority unknown_publisher
         at line 278 in /tmp/binarydeb/ros-noetic-tf2-0.7.7/src/buffer_core.cpp
Warning: TF_REPEATED_DATA ignoring data with redundant timestamp for frame odom (parent map) at time 1790452043.269624 according to authority /rtabmap/rtabmap
         at line 278 in /tmp/binarydeb/ros-noetic-tf2-0.7.7/src/buffer_core.cpp
[33m[ WARN] [1790466247.446992076, 1790452043.169624042]: TF_REPEATED_DATA ignoring data with redundant timestamp for frame odom (parent map) at time 1790452043.269624 according to authority unknown_publisher[0m
[0m[ INFO] [1790466247.620851762, 1790452043.341363930]: rtabmap (29): Rate=1.00s, Limit=0.000s, Conversion=0.0008s, RTAB-Map=0.1574s, Maps update=0.0001s pub=0.0001s (local map=1, WM=1)[0m
[0m[ INFO] [1790466248.534261820, 1790452044.249274022]: rtabmap (30): Rate=1.00s, Limit=0.000s, Conversion=0.0012s, RTAB-Map=0.1723s, Maps update=0.0001s pub=0.0001s (local map=1, WM=1)[0m
[0m[ INFO] [1790466249.525744934, 1790452045.109407105]: rtabmap (31): Rate=1.00s, Limit=0.000s, Conversion=0.0008s, RTAB-Map=0.1613s, Maps update=0.0001s pub=0.0001s (local map=1, WM=1)[0m
Warning: TF_REPEATED_DATA ignoring data with redundant timestamp for frame odom (parent map) at time 1790452045.361259 according to authority unknown_publisher
         at line 278 in /tmp/binarydeb/ros-noetic-tf2-0.7.7/src/buffer_core.cpp
[33m[ WARN] [1790466249.538866583, 1790452045.261259091]: TF_REPEATED_DATA ignoring data with redundant timestamp for frame odom (parent map) at time 1790452045.361259 according to authority unknown_publisher[0m
Warning: TF_REPEATED_DATA ignoring data with redundant timestamp for frame odom (parent map) at time 1790452045.361259 according to authority /rtabmap/rtabmap
         at line 278 in /tmp/binarydeb/ros-noetic-tf2-0.7.7/src/buffer_core.cpp
Warning: TF_REPEATED_DATA ignoring data with redundant timestamp for frame odom (parent map) at time 1790452046.233299 according to authority unknown_publisher
         at line 278 in /tmp/binarydeb/ros-noetic-tf2-0.7.7/src/buffer_core.cpp
[33m[ WARN] [1790466250.411352121, 1790452046.133299248]: TF_REPEATED_DATA ignoring data with redundant timestamp for frame odom (parent map) at time 1790452046.233299 according to authority unknown_publisher[0m
Warning: TF_REPEATED_DATA ignoring data with redundant timestamp for frame odom (parent map) at time 1790452046.233299 according to authority /rtabmap/rtabmap
         at line 278 in /tmp/binarydeb/ros-noetic-tf2-0.7.7/src/buffer_core.cpp
[0m[ INFO] [1790466250.635155816, 1790452046.345032090]: rtabmap (32): Rate=1.00s, Limit=0.000s, Conversion=0.0015s, RTAB-Map=0.1669s, Maps update=0.0001s pub=0.0001s (local map=1, WM=1)[0m
[0m[ INFO] [1790466251.718945582, 1790452047.439593047]: rtabmap (33): Rate=1.00s, Limit=0.000s, Conversion=0.0013s, RTAB-Map=0.1560s, Maps update=0.0001s pub=0.0001s (local map=1, WM=1)[0m
Warning: TF_REPEATED_DATA ignoring data with redundant timestamp for frame odom (parent map) at time 1790452048.333917 according to authority unknown_publisher
         at line 278 in /tmp/binarydeb/ros-noetic-tf2-0.7.7/src/buffer_core.cpp
[33m[ WARN] [1790466252.511873244, 1790452048.233916821]: TF_REPEATED_DATA ignoring data with redundant timestamp for frame odom (parent map) at time 1790452048.333917 according to authority unknown_publisher[0m
Warning: TF_REPEATED_DATA ignoring data with redundant timestamp for frame odom (parent map) at time 1790452048.333917 according to authority /rtabmap/rtabmap
         at line 278 in /tmp/binarydeb/ros-noetic-tf2-0.7.7/src/buffer_core.cpp
[0m[ INFO] [1790466252.758597897, 1790452048.472405286]: rtabmap (34): Rate=1.00s, Limit=0.000s, Conversion=0.0012s, RTAB-Map=0.1671s, Maps update=0.0001s pub=0.0001s (local map=1, WM=1)[0m
[0m[ INFO] [1790466253.811676504, 1790452049.532750053]: rtabmap (35): Rate=1.00s, Limit=0.000s, Conversion=0.0009s, RTAB-Map=0.1534s, Maps update=0.0001s pub=0.0001s (local map=1, WM=1)[0m
[0m[ INFO] [1790466254.925062017, 1790452050.644798943]: rtabmap (36): Rate=1.00s, Limit=0.000s, Conversion=0.0008s, RTAB-Map=0.1581s, Maps update=0.0001s pub=0.0001s (local map=1, WM=1)[0m
Warning: TF_REPEATED_DATA ignoring data with redundant timestamp for frame odom (parent map) at time 1790452051.286054 according to authority unknown_publisher
         at line 278 in /tmp/binarydeb/ros-noetic-tf2-0.7.7/src/buffer_core.cpp
Warning: TF_REPEATED_DATA ignoring data with redundant timestamp for frame odom (parent map) at time 1790452051.286054 according to authority /rtabmap/rtabmap[33m[ WARN] [1790466255.462967588, 1790452051.186054408]: TF_REPEATED_DATA ignoring data with redundant timestamp for frame odom (parent map) at time 1790452051.286054 according to authority unknown_publisher[0m

         at line 278 in /tmp/binarydeb/ros-noetic-tf2-0.7.7/src/buffer_core.cpp
Warning: TF_REPEATED_DATA ignoring data with redundant timestamp for frame odom (parent map) at time 1790452051.658256 according to authority unknown_publisher
         at line 278 in /tmp/binarydeb/ros-noetic-tf2-0.7.7/src/buffer_core.cpp
[33m[ WARN] [1790466255.835312575, 1790452051.558255905]: TF_REPEATED_DATA ignoring data with redundant timestamp for frame odom (parent map) at time 1790452051.658256 according to authority unknown_publisher[0m
Warning: TF_REPEATED_DATA ignoring data with redundant timestamp for frame odom (parent map) at time 1790452051.658256 according to authority /rtabmap/rtabmap
         at line 278 in /tmp/binarydeb/ros-noetic-tf2-0.7.7/src/buffer_core.cpp
[0m[ INFO] [1790466256.014524607, 1790452051.729493225]: rtabmap (37): Rate=1.00s, Limit=0.000s, Conversion=0.0008s, RTAB-Map=0.1534s, Maps update=0.0001s pub=0.0001s (local map=1, WM=1)[0m
[0m[ INFO] [1790466257.018422985, 1790452052.737610850]: rtabmap (38): Rate=1.00s, Limit=0.000s, Conversion=0.0011s, RTAB-Map=0.1591s, Maps update=0.0002s pub=0.0001s (local map=1, WM=1)[0m
Warning: TF_REPEATED_DATA ignoring data with redundant timestamp for frame odom (parent map) at time 1790452053.392205 according to authority unknown_publisher
         at line 278 in /tmp/binarydeb/ros-noetic-tf2-0.7.7/src/buffer_core.cpp
Warning: TF_REPEATED_DATA ignoring data with redundant timestamp for frame odom (parent map) at time 1790452053.392205 according to authority /rtabmap/rtabmap
         at line 278 in /tmp/binarydeb/ros-noetic-tf2-0.7.7/src/buffer_core.cpp
[33m[ WARN] [1790466257.570383719, 1790452053.292205533]: TF_REPEATED_DATA ignoring data with redundant timestamp for frame odom (parent map) at time 1790452053.392205 according to authority unknown_publisher[0m
Warning: TF_REPEATED_DATA ignoring data with redundant timestamp for frame odom (parent map) at time 1790452054.258498 according to authority /rtabmap/rtabmap
         at line 278 in /tmp/binarydeb/ros-noetic-tf2-0.7.7/src/buffer_core.cpp
[33m[ WARN] [1790466258.439469755, 1790452054.158498034]: TF_REPEATED_DATA ignoring data with redundant timestamp for frame odom (parent map) at time 1790452054.258498 according to authority unknown_publisher[0m
[0m[ INFO] [1790466258.125962029, 1790452053.848949168]: rtabmap (39): Rate=1.00s, Limit=0.000s, Conversion=0.0010s, RTAB-Map=0.1630s, Maps update=0.0001s pub=0.0001s (local map=1, WM=1)[0m
Warning: TF_REPEATED_DATA ignoring data with redundant timestamp for frame odom (parent map) at time 1790452054.258498 according to authority unknown_publisher
         at line 278 in /tmp/binarydeb/ros-noetic-tf2-0.7.7/src/buffer_core.cpp
Warning: TF_REPEATED_DATA ignoring data with redundant timestamp for frame odom (parent map) at time 1790452054.627334 according to authority unknown_publisher
         at line 278 in /tmp/binarydeb/ros-noetic-tf2-0.7.7/src/buffer_core.cpp
[33m[ WARN] [1790466258.815446364, 1790452054.527334116]: TF_REPEATED_DATA ignoring data with redundant timestamp for frame odom (parent map) at time 1790452054.627334 according to authority unknown_publisher[0m
Warning: TF_REPEATED_DATA ignoring data with redundant timestamp for frame odom (parent map) at time 1790452054.627334 according to authority /rtabmap/rtabmap
         at line 278 in /tmp/binarydeb/ros-noetic-tf2-0.7.7/src/buffer_core.cpp
[0m[ INFO] [1790466259.211852576, 1790452054.929911660]: rtabmap (40): Rate=1.00s, Limit=0.000s, Conversion=0.0008s, RTAB-Map=0.1566s, Maps update=0.0001s pub=0.0001s (local map=1, WM=1)[0m
[0m[ INFO] [1790466260.319433793, 1790452056.043687026]: rtabmap (41): Rate=1.00s, Limit=0.000s, Conversion=0.0013s, RTAB-Map=0.1707s, Maps update=0.0001s pub=0.0001s (local map=1, WM=1)[0m
Warning: TF_REPEATED_DATA ignoring data with redundant timestamp for frame odom (parent map) at time 1790452056.369450 according to authority unknown_publisher
         at line 278 in /tmp/binarydeb/ros-noetic-tf2-0.7.7/src/buffer_core.cpp
[33m[ WARN] [1790466260.546713844, 1790452056.269449780]: TF_REPEATED_DATA ignoring data with redundant timestamp for frame odom (parent map) at time 1790452056.369450 according to authority unknown_publisher[0m
Warning: TF_REPEATED_DATA ignoring data with redundant timestamp for frame odom (parent map) at time 1790452056.369450 according to authority /rtabmap/rtabmap
         at line 278 in /tmp/binarydeb/ros-noetic-tf2-0.7.7/src/buffer_core.cpp
Warning: TF_REPEATED_DATA ignoring data with redundant timestamp for frame odom (parent map) at time 1790452056.631052 according to authority unknown_publisher
         at line 278 in /tmp/binarydeb/ros-noetic-tf2-0.7.7/src/buffer_core.cpp
Warning: TF_REPEATED_DATA ignoring data with redundant timestamp for frame odom (parent map) at time 1790452056.631052 according to authority /rtabmap/rtabmap
         at line 278 in /tmp/binarydeb/ros-noetic-tf2-0.7.7/src/buffer_core.cpp
[33m[ WARN] [1790466260.808110177, 1790452056.531052483]: TF_REPEATED_DATA ignoring data with redundant timestamp for frame odom (parent map) at time 1790452056.631052 according to authority unknown_publisher[0m
[0m[ INFO] [1790466261.323913580, 1790452057.044401844]: rtabmap (42): Rate=1.00s, Limit=0.000s, Conversion=0.0013s, RTAB-Map=0.1763s, Maps update=0.0001s pub=0.0002s (local map=1, WM=1)[0m
[0m[ INFO] [1790466262.302907804, 1790452058.025657917]: rtabmap (43): Rate=1.00s, Limit=0.000s, Conversion=0.0009s, RTAB-Map=0.1524s, Maps update=0.0001s pub=0.0001s (local map=1, WM=1)[0m
Warning: TF_REPEATED_DATA ignoring data with redundant timestamp for frame odom (parent map) at time 1790452058.456717 according to authority unknown_publisher
         at line 278 in /tmp/binarydeb/ros-noetic-tf2-0.7.7/src/buffer_core.cpp
[33m[ WARN] [1790466262.634564018, 1790452058.356716907]: TF_REPEATED_DATA ignoring data with redundant timestamp for frame odom (parent map) at time 1790452058.456717 according to authority unknown_publisher[0m
Warning: TF_REPEATED_DATA ignoring data with redundant timestamp for frame odom (parent map) at time 1790452058.456717 according to authority /rtabmap/rtabmap
         at line 278 in /tmp/binarydeb/ros-noetic-tf2-0.7.7/src/buffer_core.cpp
[0m[ INFO] [1790466263.407770972, 1790452059.066290197]: rtabmap (44): Rate=1.00s, Limit=0.000s, Conversion=0.0009s, RTAB-Map=0.1576s, Maps update=0.0001s pub=0.0001s (local map=1, WM=1)[0m
Warning: TF_REPEATED_DATA ignoring data with redundant timestamp for frame odom (parent map) at time 1790452059.328592 according to authority unknown_publisher
         at line 278 in /tmp/binarydeb/ros-noetic-tf2-0.7.7/src/buffer_core.cpp
[33m[ WARN] [1790466263.506229757, 1790452059.228592345]: TF_REPEATED_DATA ignoring data with redundant timestamp for frame odom (parent map) at time 1790452059.328592 according to authority unknown_publisher[0m
Warning: TF_REPEATED_DATA ignoring data with redundant timestamp for frame odom (parent map) at time 1790452059.328592 according to authority /rtabmap/rtabmap
         at line 278 in /tmp/binarydeb/ros-noetic-tf2-0.7.7/src/buffer_core.cpp
Warning: TF_REPEATED_DATA ignoring data with redundant timestamp for frame odom (parent map) at time 1790452059.699659 according to authority unknown_publisher
         at line 278 in /tmp/binarydeb/ros-noetic-tf2-0.7.7/src/buffer_core.cpp
Warning: TF_REPEATED_DATA ignoring data with redundant timestamp for frame odom (parent map) at time 1790452059.699659 according to authority /rtabmap/rtabmap
         at line 278 in /tmp/binarydeb/ros-noetic-tf2-0.7.7/src/buffer_core.cpp
[33m[ WARN] [1790466263.879386109, 1790452059.599659426]: TF_REPEATED_DATA ignoring data with redundant timestamp for frame odom (parent map) at time 1790452059.699659 according to authority unknown_publisher[0m
[0m[ INFO] [1790466264.413113837, 1790452060.133767222]: rtabmap (45): Rate=1.00s, Limit=0.000s, Conversion=0.0012s, RTAB-Map=0.1546s, Maps update=0.0001s pub=0.0001s (local map=1, WM=1)[0m
[0m[ INFO] [1790466265.525160281, 1790452061.166041295]: rtabmap (46): Rate=1.00s, Limit=0.000s, Conversion=0.0014s, RTAB-Map=0.1663s, Maps update=0.0001s pub=0.0001s (local map=1, WM=1)[0m
Warning: TF_REPEATED_DATA ignoring data with redundant timestamp for frame odom (parent map) at time 1790452061.429458 according to authority unknown_publisher
         at line 278 in /tmp/binarydeb/ros-noetic-tf2-0.7.7/src/buffer_core.cpp
[33m[ WARN] [1790466265.606331418, 1790452061.329457855]: TF_REPEATED_DATA ignoring data with redundant timestamp for frame odom (parent map) at time 1790452061.429458 according to authority unknown_publisher[0m
Warning: TF_REPEATED_DATA ignoring data with redundant timestamp for frame odom (parent map) at time 1790452061.429458 according to authority /rtabmap/rtabmap
         at line 278 in /tmp/binarydeb/ros-noetic-tf2-0.7.7/src/buffer_core.cpp
Warning: TF_REPEATED_DATA ignoring data with redundant timestamp for frame odom (parent map) at time 1790452061.792990 according to authority unknown_publisher
         at line 278 in /tmp/binarydeb/ros-noetic-tf2-0.7.7/src/buffer_core.cpp
[33m[ WARN] [1790466265.969942864, 1790452061.692989907]: TF_REPEATED_DATA ignoring data with redundant timestamp for frame odom (parent map) at time 1790452061.792990 according to authority unknown_publisher[0m
Warning: TF_REPEATED_DATA ignoring data with redundant timestamp for frame odom (parent map) at time 1790452061.792990 according to authority /rtabmap/rtabmap
         at line 278 in /tmp/binarydeb/ros-noetic-tf2-0.7.7/src/buffer_core.cpp
[0m[ INFO] [1790466266.527944043, 1790452062.249637087]: rtabmap (47): Rate=1.00s, Limit=0.000s, Conversion=0.0011s, RTAB-Map=0.1653s, Maps update=0.0001s pub=0.0001s (local map=1, WM=1)[0m
[0m[ INFO] [1790466267.538023309, 1790452063.258524980]: rtabmap (48): Rate=1.00s, Limit=0.000s, Conversion=0.0020s, RTAB-Map=0.1745s, Maps update=0.0001s pub=0.0001s (local map=1, WM=1)[0m
Warning: TF_REPEATED_DATA ignoring data with redundant timestamp for frame odom (parent map) at time 1790452063.532224 according to authority unknown_publisher
         at line 278 in /tmp/binarydeb/ros-noetic-tf2-0.7.7/src/buffer_core.cpp
Warning: TF_REPEATED_DATA ignoring data with redundant timestamp for frame odom (parent map) at time 1790452063.532224 according to authority /rtabmap/rtabmap
         at line 278 in /tmp/binarydeb/ros-noetic-tf2-0.7.7/src/buffer_core.cpp
[33m[ WARN] [1790466267.709857625, 1790452063.432223989]: TF_REPEATED_DATA ignoring data with redundant timestamp for frame odom (parent map) at time 1790452063.532224 according to authority unknown_publisher[0m
[0m[ INFO] [1790466268.510466925, 1790452064.122813864]: rtabmap (49): Rate=1.00s, Limit=0.000s, Conversion=0.0013s, RTAB-Map=0.1511s, Maps update=0.0001s pub=0.0001s (local map=1, WM=1)[0m
Warning: TF_REPEATED_DATA ignoring data with redundant timestamp for frame odom (parent map) at time 1790452064.385338 according to authority unknown_publisher
         at line 278 in /tmp/binarydeb/ros-noetic-tf2-0.7.7/src/buffer_core.cpp
Warning: TF_REPEATED_DATA ignoring data with redundant timestamp for frame odom (parent map) at time 1790452064.385338 according to authority /rtabmap/rtabmap
         at line 278 in /tmp/binarydeb/ros-noetic-tf2-0.7.7/src/buffer_core.cpp
[33m[ WARN] [1790466268.565931570, 1790452064.285338029]: TF_REPEATED_DATA ignoring data with redundant timestamp for frame odom (parent map) at time 1790452064.385338 according to authority unknown_publisher[0m
Warning: TF_REPEATED_DATA ignoring data with redundant timestamp for frame odom (parent map) at time 1790452064.766895 according to authority unknown_publisher
         at line 278 in /tmp/binarydeb/ros-noetic-tf2-0.7.7/src/buffer_core.cpp
[33m[ WARN] [1790466268.944691630, 1790452064.666894824]: TF_REPEATED_DATA ignoring data with redundant timestamp for frame odom (parent map) at time 1790452064.766895 according to authority unknown_publisher[0m
Warning: TF_REPEATED_DATA ignoring data with redundant timestamp for frame odom (parent map) at time 1790452064.766895 according to authority /rtabmap/rtabmap
         at line 278 in /tmp/binarydeb/ros-noetic-tf2-0.7.7/src/buffer_core.cpp
[0m[ INFO] [1790466269.618290725, 1790452065.333864502]: rtabmap (50): Rate=1.00s, Limit=0.000s, Conversion=0.0009s, RTAB-Map=0.1556s, Maps update=0.0001s pub=0.0001s (local map=1, WM=1)[0m
[0m[ INFO] [1790466270.612878264, 1790452066.233731986]: rtabmap (51): Rate=1.00s, Limit=0.000s, Conversion=0.0009s, RTAB-Map=0.1554s, Maps update=0.0001s pub=0.0001s (local map=1, WM=1)[0m
Warning: TF_REPEATED_DATA ignoring data with redundant timestamp for frame odom (parent map) at time 1790452066.495874 according to authority unknown_publisher
         at line 278 in /tmp/binarydeb/ros-noetic-tf2-0.7.7/src/buffer_core.cpp
[33m[ WARN] [1790466270.672985008, 1790452066.395873586]: TF_REPEATED_DATA ignoring data with redundant timestamp for frame odom (parent map) at time 1790452066.495874 according to authority unknown_publisher[0m
Warning: TF_REPEATED_DATA ignoring data with redundant timestamp for frame odom (parent map) at time 1790452066.495874 according to authority /rtabmap/rtabmap
         at line 278 in /tmp/binarydeb/ros-noetic-tf2-0.7.7/src/buffer_core.cpp
Warning: TF_REPEATED_DATA ignoring data with redundant timestamp for frame odom (parent map) at time 1790452066.866570 according to authority unknown_publisher
         at line 278 in /tmp/binarydeb/ros-noetic-tf2-0.7.7/src/buffer_core.cpp
[33m[ WARN] [1790466271.045166818, 1790452066.766570548]: TF_REPEATED_DATA ignoring data with redundant timestamp for frame odom (parent map) at time 1790452066.866570 according to authority unknown_publisher[0m
Warning: TF_REPEATED_DATA ignoring data with redundant timestamp for frame odom (parent map) at time 1790452066.866570 according to authority /rtabmap/rtabmap
         at line 278 in /tmp/binarydeb/ros-noetic-tf2-0.7.7/src/buffer_core.cpp
[0m[ INFO] [1790466271.716857603, 1790452067.440592814]: rtabmap (52): Rate=1.00s, Limit=0.000s, Conversion=0.0009s, RTAB-Map=0.1588s, Maps update=0.0001s pub=0.0001s (local map=1, WM=1)[0m
Warning: TF_REPEATED_DATA ignoring data with redundant timestamp for frame odom (parent map) at time 1790452068.608076 according to authority unknown_publisher
         at line 278 in /tmp/binarydeb/ros-noetic-tf2-0.7.7/src/buffer_core.cpp
[33m[ WARN] [1790466272.785088833, 1790452068.508076356]: TF_REPEATED_DATA ignoring data with redundant timestamp for frame odom (parent map) at time 1790452068.608076 according to authority unknown_publisher[0m
Warning: TF_REPEATED_DATA ignoring data with redundant timestamp for frame odom (parent map) at time 1790452068.608076 according to authority /rtabmap/rtabmap
         at line 278 in /tmp/binarydeb/ros-noetic-tf2-0.7.7/src/buffer_core.cpp
[0m[ INFO] [1790466272.967161661, 1790452068.689673115]: rtabmap (53): Rate=1.00s, Limit=0.000s, Conversion=0.0009s, RTAB-Map=0.1542s, Maps update=0.0001s pub=0.0001s (local map=1, WM=1)[0m
[0m[ INFO] [1790466273.820856663, 1790452069.539819054]: rtabmap (54): Rate=1.00s, Limit=0.000s, Conversion=0.0008s, RTAB-Map=0.1605s, Maps update=0.0001s pub=0.0001s (local map=1, WM=1)[0m
[0m[ INFO] [1790466274.931756651, 1790452070.654554987]: rtabmap (55): Rate=1.00s, Limit=0.000s, Conversion=0.0013s, RTAB-Map=0.1689s, Maps update=0.0001s pub=0.0001s (local map=1, WM=1)[0m
Warning: TF_REPEATED_DATA ignoring data with redundant timestamp for frame odom (parent map) at time 1790452071.560552 according to authority unknown_publisher
         at line 278 in /tmp/binarydeb/ros-noetic-tf2-0.7.7/src/buffer_core.cpp
Warning: [33m[ WARN] [1790466275.737699283, 1790452071.460551828]: TF_REPEATED_DATA ignoring data with redundant timestamp for frame odom (parent map) at time 1790452071.560552 according to authority unknown_publisher[0m
TF_REPEATED_DATA ignoring data with redundant timestamp for frame odom (parent map) at time 1790452071.560552 according to authority /rtabmap/rtabmap
         at line 278 in /tmp/binarydeb/ros-noetic-tf2-0.7.7/src/buffer_core.cpp
[0m[ INFO] [1790466276.030577303, 1790452071.672091734]: rtabmap (56): Rate=1.00s, Limit=0.000s, Conversion=0.0008s, RTAB-Map=0.1694s, Maps update=0.0001s pub=0.0001s (local map=1, WM=1)[0m
Warning: TF_REPEATED_DATA ignoring data with redundant timestamp for frame odom (parent map) at time 1790452071.931640 according to authority unknown_publisher
         at line 278 in /tmp/binarydeb/ros-noetic-tf2-0.7.7/src/buffer_core.cpp
[33m[ WARN] [1790466276.108808247, 1790452071.831639640]: TF_REPEATED_DATA ignoring data with redundant timestamp for frame odom (parent map) at time 1790452071.931640 according to authority unknown_publisher[0m
Warning: TF_REPEATED_DATA ignoring data with redundant timestamp for frame odom (parent map) at time 1790452071.931640 according to authority /rtabmap/rtabmap
         at line 278 in /tmp/binarydeb/ros-noetic-tf2-0.7.7/src/buffer_core.cpp
[0m[ INFO] [1790466277.038132306, 1790452072.759426818]: rtabmap (57): Rate=1.00s, Limit=0.000s, Conversion=0.0009s, RTAB-Map=0.1674s, Maps update=0.0001s pub=0.0001s (local map=1, WM=1)[0m
Warning: TF_REPEATED_DATA ignoring data with redundant timestamp for frame odom (parent map) at time 1790452073.671026 according to authority unknown_publisher
         at line 278 in /tmp/binarydeb/ros-noetic-tf2-0.7.7/src/buffer_core.cpp
[33m[ WARN] [1790466277.848455817, 1790452073.571026407]: TF_REPEATED_DATA ignoring data with redundant timestamp for frame odom (parent map) at time 1790452073.671026 according to authority unknown_publisher[0m
Warning: TF_REPEATED_DATA ignoring data with redundant timestamp for frame odom (parent map) at time 1790452073.671026 according to authority /rtabmap/rtabmap
         at line 278 in /tmp/binarydeb/ros-noetic-tf2-0.7.7/src/buffer_core.cpp
[0m[ INFO] [1790466278.112870642, 1790452073.834453957]: rtabmap (58): Rate=1.00s, Limit=0.000s, Conversion=0.0013s, RTAB-Map=0.1535s, Maps update=0.0001s pub=0.0001s (local map=1, WM=1)[0m
[0m[ INFO] [1790466279.127833852, 1790452074.851079266]: rtabmap (59): Rate=1.00s, Limit=0.000s, Conversion=0.0012s, RTAB-Map=0.1693s, Maps update=0.0001s pub=0.0001s (local map=1, WM=1)[0m
Warning: TF_REPEATED_DATA ignoring data with redundant timestamp for frame odom (parent map) at time 1790452075.756527 according to authority unknown_publisher
         at line 278 in /tmp/binarydeb/ros-noetic-tf2-0.7.7/src/buffer_core.cpp
[33m[ WARN] [1790466279.933301820, 1790452075.656527489]: TF_REPEATED_DATA ignoring data with redundant timestamp for frame odom (parent map) at time 1790452075.756527 according to authority unknown_publisher[0m
Warning: TF_REPEATED_DATA ignoring data with redundant timestamp for frame odom (parent map) at time 1790452075.756527 according to authority /rtabmap/rtabmap
         at line 278 in /tmp/binarydeb/ros-noetic-tf2-0.7.7/src/buffer_core.cpp
[0m[ INFO] [1790466280.223527809, 1790452075.945164501]: rtabmap (60): Rate=1.00s, Limit=0.000s, Conversion=0.0013s, RTAB-Map=0.1547s, Maps update=0.0001s pub=0.0001s (local map=1, WM=1)[0m
Warning: TF_REPEATED_DATA ignoring data with redundant timestamp for frame odom (parent map) at time 1790452076.632151 according to authority unknown_publisher
         at line 278 in /tmp/binarydeb/ros-noetic-tf2-0.7.7/src/buffer_core.cpp
[33m[ WARN] [1790466280.815162630, 1790452076.532151015]: TF_REPEATED_DATA ignoring data with redundant timestamp for frame odom (parent map) at time 1790452076.632151 according to authority unknown_publisher[0m
Warning: TF_REPEATED_DATA ignoring data with redundant timestamp for frame odom (parent map) at time 1790452076.632151 according to authority /rtabmap/rtabmap
         at line 278 in /tmp/binarydeb/ros-noetic-tf2-0.7.7/src/buffer_core.cpp
Warning: TF_REPEATED_DATA ignoring data with redundant timestamp for frame odom (parent map) at time 1790452077.006122 according to authority unknown_publisher
         at line 278 in /tmp/binarydeb/ros-noetic-tf2-0.7.7/src/buffer_core.cpp
Warning: TF_REPEATED_DATA ignoring data with redundant timestamp for frame odom (parent map) at time 1790452077.006122 according to authority /rtabmap/rtabmap
         at line 278 in /tmp/binarydeb/ros-noetic-tf2-0.7.7/src/buffer_core.cpp
[33m[ WARN] [1790466281.183647627, 1790452076.906122376]: TF_REPEATED_DATA ignoring data with redundant timestamp for frame odom (parent map) at time 1790452077.006122 according to authority unknown_publisher[0m
[0m[ INFO] [1790466281.357924431, 1790452077.077565421]: rtabmap (61): Rate=1.00s, Limit=0.000s, Conversion=0.0009s, RTAB-Map=0.1537s, Maps update=0.0001s pub=0.0001s (local map=1, WM=1)[0m
[0m[ INFO] [1790466282.310680775, 1790452078.031497714]: rtabmap (62): Rate=1.00s, Limit=0.000s, Conversion=0.0009s, RTAB-Map=0.1526s, Maps update=0.0001s pub=0.0001s (local map=1, WM=1)[0m
Warning: TF_REPEATED_DATA ignoring data with redundant timestamp for frame odom (parent map) at time 1790452078.729094 according to authority unknown_publisher
         at line 278 in /tmp/binarydeb/ros-noetic-tf2-0.7.7/src/buffer_core.cpp
[33m[ WARN] [1790466282.906137109, 1790452078.629094296]: TF_REPEATED_DATA ignoring data with redundant timestamp for frame odom (parent map) at time 1790452078.729094 according to authority unknown_publisher[0m
Warning: TF_REPEATED_DATA ignoring data with redundant timestamp for frame odom (parent map) at time 1790452078.729094 according to authority /rtabmap/rtabmap
         at line 278 in /tmp/binarydeb/ros-noetic-tf2-0.7.7/src/buffer_core.cpp
[0m[ INFO] [1790466283.399976225, 1790452079.119930723]: rtabmap (63): Rate=1.00s, Limit=0.000s, Conversion=0.0008s, RTAB-Map=0.1535s, Maps update=0.0001s pub=0.0001s (local map=1, WM=1)[0m
[0m[ INFO] [1790466284.408783458, 1790452080.130406390]: rtabmap (64): Rate=1.00s, Limit=0.000s, Conversion=0.0008s, RTAB-Map=0.1561s, Maps update=0.0001s pub=0.0001s (local map=1, WM=1)[0m
Warning: TF_REPEATED_DATA ignoring data with redundant timestamp for frame odom (parent map) at time 1790452080.823461 according to authority unknown_publisher
         at line 278 in /tmp/binarydeb/ros-noetic-tf2-0.7.7/src/buffer_core.cpp
Warning: TF_REPEATED_DATA ignoring data with redundant timestamp for frame odom (parent map) at time 1790452080.823461 according to authority /rtabmap/rtabmap
         at line 278 in /tmp/binarydeb/ros-noetic-tf2-0.7.7/src/buffer_core.cpp
[33m[ WARN] [1790466285.005813760, 1790452080.723461288]: TF_REPEATED_DATA ignoring data with redundant timestamp for frame odom (parent map) at time 1790452080.823461 according to authority unknown_publisher[0m
[0m[ INFO] [1790466285.430793843, 1790452081.146442469]: rtabmap (65): Rate=1.00s, Limit=0.000s, Conversion=0.0013s, RTAB-Map=0.1713s, Maps update=0.0001s pub=0.0001s (local map=1, WM=1)[0m
Warning: TF_REPEATED_DATA ignoring data with redundant timestamp for frame odom (parent map) at time 1790452081.709671 according to authority unknown_publisher
         at line 278 in /tmp/binarydeb/ros-noetic-tf2-0.7.7/src/buffer_core.cpp
Warning: TF_REPEATED_DATA ignoring data with redundant timestamp for frame odom (parent map) at time 1790452081.709671 according to authority /rtabmap/rtabmap
         at line [33m[ WARN] [1790466285.887295874, 1790452081.609671358]: TF_REPEATED_DATA ignoring data with redundant timestamp for frame odom (parent map) at time 1790452081.709671 according to authority unknown_publisher[0m
278 in /tmp/binarydeb/ros-noetic-tf2-0.7.7/src/buffer_core.cpp
Warning: TF_REPEATED_DATA ignoring data with redundant timestamp for frame odom (parent map) at time 1790452082.070235 according to authority unknown_publisher
         at line 278 in /tmp/binarydeb/ros-noetic-tf2-0.7.7/src/buffer_core.cpp
[33m[ WARN] [1790466286.246622687, 1790452081.970235113]: TF_REPEATED_DATA ignoring data with redundant timestamp for frame odom (parent map) at time 1790452082.070235 according to authority unknown_publisher[0m
Warning: TF_REPEATED_DATA ignoring data with redundant timestamp for frame odom (parent map) at time 1790452082.070235 according to authority /rtabmap/rtabmap
         at line 278 in /tmp/binarydeb/ros-noetic-tf2-0.7.7/src/buffer_core.cpp
[0m[ INFO] [1790466286.462607823, 1790452082.181834280]: rtabmap (66): Rate=1.00s, Limit=0.000s, Conversion=0.0010s, RTAB-Map=0.1206s, Maps update=0.0001s pub=0.0001s (local map=1, WM=1)[0m
[0m[ INFO] [1790466287.541595795, 1790452083.261706358]: rtabmap (67): Rate=1.00s, Limit=0.000s, Conversion=0.0014s, RTAB-Map=0.1715s, Maps update=0.0001s pub=0.0001s (local map=1, WM=1)[0m
Warning: TF_REPEATED_DATA ignoring data with redundant timestamp for frame odom (parent map) at time 1790452083.805818 according to authority unknown_publisher
         at line 278 in /tmp/binarydeb/ros-noetic-tf2-0.7.7/src/buffer_core.cpp
Warning: TF_REPEATED_DATA ignoring data with redundant timestamp for frame odom (parent map) at time 1790452083.805818 according to authority /rtabmap/rtabmap
         at line 278 in /tmp/binarydeb/ros-noetic-tf2-0.7.7/src/buffer_core.cpp
[33m[ WARN] [1790466287.983136571, 1790452083.705817883]: TF_REPEATED_DATA ignoring data with redundant timestamp for frame odom (parent map) at time 1790452083.805818 according to authority unknown_publisher[0m
[0m[ INFO] [1790466288.613243780, 1790452084.333833420]: rtabmap (68): Rate=1.00s, Limit=0.000s, Conversion=0.0009s, RTAB-Map=0.1538s, Maps update=0.0001s pub=0.0001s (local map=1, WM=1)[0m
Warning: TF_REPEATED_DATA ignoring data with redundant timestamp for frame odom (parent map) at time 1790452084.657940 according to authority unknown_publisher
         at line 278 in /tmp/binarydeb/ros-noetic-tf2-0.7.7/src/buffer_core.cpp
[33m[ WARN] [1790466288.836926248, 1790452084.557939573]: TF_REPEATED_DATA ignoring data with redundant timestamp for frame odom (parent map) at time 1790452084.657940 according to authority unknown_publisher[0m
Warning: TF_REPEATED_DATA ignoring data with redundant timestamp for frame odom (parent map) at time 1790452084.657940 according to authority /rtabmap/rtabmap
         at line 278 in /tmp/binarydeb/ros-noetic-tf2-0.7.7/src/buffer_core.cpp
Warning: TF_REPEATED_DATA ignoring data with redundant timestamp for frame odom (parent map) at time 1790452085.034704 according to authority unknown_publisher
         at line 278 in /tmp/binarydeb/ros-noetic-tf2-0.7.7/src/buffer_core.cpp
Warning: TF_REPEATED_DATA ignoring data with redundant timestamp for frame odom (parent map) at time 1790452085.034704 according to authority /rtabmap/rtabmap
         at line 278 in /tmp/binarydeb/ros-noetic-tf2-0.7.7/src/buffer_core.cpp
[33m[ WARN] [1790466289.213821799, 1790452084.934703890]: TF_REPEATED_DATA ignoring data with redundant timestamp for frame odom (parent map) at time 1790452085.034704 according to authority unknown_publisher[0m
[0m[ INFO] [1790466289.735063134, 1790452085.450348619]: rtabmap (69): Rate=1.00s, Limit=0.000s, Conversion=0.0008s, RTAB-Map=0.1822s, Maps update=0.0001s pub=0.0001s (local map=1, WM=1)[0m
[0m[ INFO] [1790466290.821433167, 1790452086.503718705]: rtabmap (70): Rate=1.00s, Limit=0.000s, Conversion=0.0008s, RTAB-Map=0.1719s, Maps update=0.0004s pub=0.0001s (local map=1, WM=1)[0m
Warning: TF_REPEATED_DATA ignoring data with redundant timestamp for frame odom (parent map) at time 1790452086.767243 according to authority unknown_publisher
         at line 278 in /tmp/binarydeb/ros-noetic-tf2-0.7.7/src/buffer_core.cpp
[33m[ WARN] [1790466290.944085016, 1790452086.667243133]: TF_REPEATED_DATA ignoring data with redundant timestamp for frame odom (parent map) at time 1790452086.767243 according to authority unknown_publisher[0m
Warning: TF_REPEATED_DATA ignoring data with redundant timestamp for frame odom (parent map) at time 1790452086.767243 according to authority /rtabmap/rtabmap
         at line 278 in /tmp/binarydeb/ros-noetic-tf2-0.7.7/src/buffer_core.cpp
Warning: TF_REPEATED_DATA ignoring data with redundant timestamp for frame odom (parent map) at time 1790452087.069621 according to authority unknown_publisher
         at line 278 in /tmp/binarydeb/ros-noetic-tf2-0.7.7/src/buffer_core.cpp
Warning: TF_REPEATED_DATA ignoring data with redundant timestamp for frame odom (parent map) at time 1790452087.069621 according to authority /rtabmap/rtabmap
         at line 278 in /tmp/binarydeb/ros-noetic-tf2-0.7.7/src/buffer_core.cpp
[33m[ WARN] [1790466291.248059409, 1790452086.969620516]: TF_REPEATED_DATA ignoring data with redundant timestamp for frame odom (parent map) at time 1790452087.069621 according to authority unknown_publisher[0m
[0m[ INFO] [1790466291.824500328, 1790452087.546018555]: rtabmap (71): Rate=1.00s, Limit=0.000s, Conversion=0.0012s, RTAB-Map=0.1691s, Maps update=0.0001s pub=0.0001s (local map=1, WM=1)[0m
[0m[ INFO] [1790466292.829545622, 1790452088.547264606]: rtabmap (72): Rate=1.00s, Limit=0.000s, Conversion=0.0011s, RTAB-Map=0.1695s, Maps update=0.0001s pub=0.0001s (local map=1, WM=1)[0m
Warning: TF_REPEATED_DATA ignoring data with redundant timestamp for frame odom (parent map) at time 1790452088.866813 according to authority unknown_publisher
         at line 278 in /tmp/binarydeb/ros-noetic-tf2-0.7.7/src/buffer_core.cpp
[33m[ WARN] [1790466293.043272395, 1790452088.766812756]: TF_REPEATED_DATA ignoring data with redundant timestamp for frame odom (parent map) at time 1790452088.866813 according to authority unknown_publisher[0m
Warning: TF_REPEATED_DATA ignoring data with redundant timestamp for frame odom (parent map) at time 1790452088.866813 according to authority /rtabmap/rtabmap
         at line 278 in /tmp/binarydeb/ros-noetic-tf2-0.7.7/src/buffer_core.cpp
[0m[ INFO] [1790466293.823830860, 1790452089.542113307]: rtabmap (73): Rate=1.00s, Limit=0.000s, Conversion=0.0008s, RTAB-Map=0.1666s, Maps update=0.0001s pub=0.0001s (local map=1, WM=1)[0m
Warning: TF_REPEATED_DATA ignoring data with redundant timestamp for frame odom (parent map) at time 1790452090.063936 according to authority unknown_publisher
         at line 278 in /tmp/binarydeb/ros-noetic-tf2-0.7.7/src/buffer_core.cpp
[33m[ WARN] [1790466294.242064336, 1790452089.963936519]: TF_REPEATED_DATA ignoring data with redundant timestamp for frame odom (parent map) at time 1790452090.063936 according to authority unknown_publisher[0m
Warning: TF_REPEATED_DATA ignoring data with redundant timestamp for frame odom (parent map) at time 1790452090.063936 according to authority /rtabmap/rtabmap
         at line 278 in /tmp/binarydeb/ros-noetic-tf2-0.7.7/src/buffer_core.cpp
[0m[ INFO] [1790466294.828307057, 1790452090.550128391]: rtabmap (74): Rate=1.00s, Limit=0.000s, Conversion=0.0008s, RTAB-Map=0.1668s, Maps update=0.0001s pub=0.0001s (local map=1, WM=1)[0m
[0m[ INFO] [1790466295.920720127, 1790452091.582222012]: rtabmap (75): Rate=1.00s, Limit=0.000s, Conversion=0.0012s, RTAB-Map=0.1566s, Maps update=0.0001s pub=0.0001s (local map=1, WM=1)[0m
Warning: TF_REPEATED_DATA ignoring data with redundant timestamp for frame odom (parent map) at time 1790452091.836728 according to authority unknown_publisher
         at line 278 in /tmp/binarydeb/ros-noetic-tf2-0.7.7/src/buffer_core.cpp
[33m[ WARN] [1790466296.013957379, 1790452091.736727652]: TF_REPEATED_DATA ignoring data with redundant timestamp for frame odom (parent map) at time 1790452091.836728 according to authority unknown_publisher[0m
Warning: TF_REPEATED_DATA ignoring data with redundant timestamp for frame odom (parent map) at time 1790452091.836728 according to authority /rtabmap/rtabmap
         at line 278 in /tmp/binarydeb/ros-noetic-tf2-0.7.7/src/buffer_core.cpp
Warning: TF_REPEATED_DATA ignoring data with redundant timestamp for frame odom (parent map) at time 1790452092.706880 according to authority unknown_publisher
         at line 278 in /tmp/binarydeb/ros-noetic-tf2-0.7.7/src/buffer_core.cpp
[33m[ WARN] [1790466296.884198527, 1790452092.528656512]: TF_REPEATED_DATA ignoring data with redundant timestamp for frame odom (parent map) at time 1790452092.706880 according to authority unknown_publisher[0m
Warning: TF_REPEATED_DATA ignoring data with redundant timestamp for frame odom (parent map) at time 1790452092.706880 according to authority /rtabmap/rtabmap
         at line 278 in /tmp/binarydeb/ros-noetic-tf2-0.7.7/src/buffer_core.cpp
[0m[ INFO] [1790466296.928227332, 1790452092.647154106]: rtabmap (76): Rate=1.00s, Limit=0.000s, Conversion=0.0014s, RTAB-Map=0.1731s, Maps update=0.0001s pub=0.0001s (local map=1, WM=1)[0m
[0m[ INFO] [1790466298.023174188, 1790452093.679272653]: rtabmap (77): Rate=1.00s, Limit=0.000s, Conversion=0.0010s, RTAB-Map=0.1684s, Maps update=0.0001s pub=0.0001s (local map=1, WM=1)[0m
Warning: TF_REPEATED_DATA ignoring data with redundant timestamp for frame odom (parent map) at time 1790452093.934728 according to authority unknown_publisher
         at line 278 in /tmp/binarydeb/ros-noetic-tf2-0.7.7/src/buffer_core.cpp
Warning: TF_REPEATED_DATA ignoring data with redundant timestamp for frame odom (parent map) at time 1790452093.934728 according to authority /rtabmap/rtabmap
         at line 278 in /tmp/binarydeb/ros-noetic-tf2-0.7.7/src/buffer_core.cpp
[33m[ WARN] [1790466298.113046570, 1790452093.834727743]: TF_REPEATED_DATA ignoring data with redundant timestamp for frame odom (parent map) at time 1790452093.934728 according to authority unknown_publisher[0m
[0m[ INFO] [1790466299.141660661, 1790452094.856224571]: rtabmap (78): Rate=1.00s, Limit=0.000s, Conversion=0.0013s, RTAB-Map=0.1728s, Maps update=0.0001s pub=0.0001s (local map=1, WM=1)[0m
Warning: TF_REPEATED_DATA ignoring data with redundant timestamp for frame odom (parent map) at time 1790452095.170366 according to authority unknown_publisher
         at line 278 in /tmp/binarydeb/ros-noetic-tf2-0.7.7/src/buffer_core.cpp
[33m[ WARN] [1790466299.347005741, 1790452095.070366324]: TF_REPEATED_DATA ignoring data with redundant timestamp for frame odom (parent map) at time 1790452095.170366 according to authority unknown_publisher[0m
Warning: TF_REPEATED_DATA ignoring data with redundant timestamp for frame odom (parent map) at time 1790452095.170366 according to authority /rtabmap/rtabmap
         at line 278 in /tmp/binarydeb/ros-noetic-tf2-0.7.7/src/buffer_core.cpp
[0m[ INFO] [1790466300.133644684, 1790452095.854602168]: rtabmap (79): Rate=1.00s, Limit=0.000s, Conversion=0.0013s, RTAB-Map=0.1716s, Maps update=0.0001s pub=0.0001s (local map=1, WM=1)[0m
Warning: TF_REPEATED_DATA ignoring data with redundant timestamp for frame odom (parent map) at time 1790452096.899485 according to authority unknown_publisher
         at line 278 in /tmp/binarydeb/ros-noetic-tf2-0.7.7/src/buffer_core.cpp
[33m[ WARN] [1790466301.077131274, 1790452096.799485350]: TF_REPEATED_DATA ignoring data with redundant timestamp for frame odom (parent map) at time 1790452096.899485 according to authority unknown_publisher[0m
Warning: TF_REPEATED_DATA ignoring data with redundant timestamp for frame odom (parent map) at time 1790452096.899485 according to authority /rtabmap/rtabmap
         at line 278 in /tmp/binarydeb/ros-noetic-tf2-0.7.7/src/buffer_core.cpp
[0m[ INFO] [1790466301.320542277, 1790452097.012077165]: rtabmap (80): Rate=1.00s, Limit=0.000s, Conversion=0.0012s, RTAB-Map=0.2206s, Maps update=0.0001s pub=0.0001s (local map=1, WM=1)[0m
[0m[ INFO] [1790466302.245610839, 1790452097.964681807]: rtabmap (81): Rate=1.00s, Limit=0.000s, Conversion=0.0008s, RTAB-Map=0.1626s, Maps update=0.0001s pub=0.0001s (local map=1, WM=1)[0m
Warning: TF_REPEATED_DATA ignoring data with redundant timestamp for frame odom (parent map) at time 1790452099.000853 according to authority unknown_publisher
         at line 278 in /tmp/binarydeb/ros-noetic-tf2-0.7.7/src/buffer_core.cpp
Warning: TF_REPEATED_DATA ignoring data with redundant timestamp for frame odom (parent map) at time 1790452099.000853 according to authority /rtabmap/rtabmap
         at line 278 in /tmp/binarydeb/ros-noetic-tf2-0.7.7/src/buffer_core.cpp
[33m[ WARN] [1790466303.177783479, 1790452098.900853403]: TF_REPEATED_DATA ignoring data with redundant timestamp for frame odom (parent map) at time 1790452099.000853 according to authority unknown_publisher[0m
[0m[ INFO] [1790466303.370246656, 1790452099.091952181]: rtabmap (82): Rate=1.00s, Limit=0.000s, Conversion=0.0009s, RTAB-Map=0.1722s, Maps update=0.0001s pub=0.0001s (local map=1, WM=1)[0m
[0m[ INFO] [1790466304.316624092, 1790452100.034097250]: rtabmap (83): Rate=1.00s, Limit=0.000s, Conversion=0.0009s, RTAB-Map=0.1625s, Maps update=0.0001s pub=0.0001s (local map=1, WM=1)[0m
Warning: TF_REPEATED_DATA ignoring data with redundant timestamp for frame odom (parent map) at time 1790452100.556153 according to authority unknown_publisher
         at line 278 in /tmp/binarydeb/ros-noetic-tf2-0.7.7/src/buffer_core.cpp
Warning: TF_REPEATED_DATA ignoring data with redundant timestamp for frame odom (parent map) at time 1790452100.556153 according to authority /rtabmap/rtabmap
         at line 278 in /tmp/binarydeb/ros-noetic-tf2-0.7.7/src/buffer_core.cpp
[33m[ WARN] [1790466304.737949822, 1790452100.456152524]: TF_REPEATED_DATA ignoring data with redundant timestamp for frame odom (parent map) at time 1790452100.556153 according to authority unknown_publisher[0m
Warning: TF_REPEATED_DATA ignoring data with redundant timestamp for frame odom (parent map) at time 1790452101.058884 according to authority unknown_publisher
         at line 278 in /tmp/binarydeb/ros-noetic-tf2-0.7.7/src/buffer_core.cpp
[33m[ WARN] [1790466305.240958723, 1790452100.958883918]: TF_REPEATED_DATA ignoring data with redundant timestamp for frame odom (parent map) at time 1790452101.058884 according to authority unknown_publisher[0m
Warning: TF_REPEATED_DATA ignoring data with redundant timestamp for frame odom (parent map) at time 1790452101.058884 according to authority /rtabmap/rtabmap
         at line 278 in /tmp/binarydeb/ros-noetic-tf2-0.7.7/src/buffer_core.cpp
[0m[ INFO] [1790466305.308468555, 1790452101.031956628]: rtabmap (84): Rate=1.00s, Limit=0.000s, Conversion=0.0013s, RTAB-Map=0.1529s, Maps update=0.0001s pub=0.0001s (local map=1, WM=1)[0m
Warning: TF_REPEATED_DATA ignoring data with redundant timestamp for frame odom (parent map) at time 1790452101.978286 according to authority unknown_publisher
         at line 278 in /tmp/binarydeb/ros-noetic-tf2-0.7.7/src/buffer_core.cpp
Warning: TF_REPEATED_DATA ignoring data with redundant timestamp for frame odom (parent map) at time 1790452101.978286 according to authority /rtabmap/rtabmap
         at line 278 in /tmp/binarydeb/ros-noetic-tf2-0.7.7/src/buffer_core.cpp
[33m[ WARN] [1790466306.155588255, 1790452101.878285791]: TF_REPEATED_DATA ignoring data with redundant timestamp for frame odom (parent map) at time 1790452101.978286 according to authority unknown_publisher[0m
[0m[ INFO] [1790466306.429668939, 1790452102.090486977]: rtabmap (85): Rate=1.00s, Limit=0.000s, Conversion=0.0011s, RTAB-Map=0.1664s, Maps update=0.0001s pub=0.0001s (local map=1, WM=1)[0m
Warning: TF_REPEATED_DATA ignoring data with redundant timestamp for frame odom (parent map) at time 1790452102.347625 according to authority unknown_publisher
         at line 278 in /tmp/binarydeb/ros-noetic-tf2-0.7.7/src/buffer_core.cpp
Warning: TF_REPEATED_DATA ignoring data with redundant timestamp for frame odom (parent map) at time 1790452102.347625 according to authority /rtabmap/rtabmap
         at line 278 in /tmp/binarydeb/ros-noetic-tf2-0.7.7/src/buffer_core.cpp
[33m[ WARN] [1790466306.525914927, 1790452102.247624548]: TF_REPEATED_DATA ignoring data with redundant timestamp for frame odom (parent map) at time 1790452102.347625 according to authority unknown_publisher[0m
[0m[ INFO] [1790466307.422348993, 1790452103.137998291]: rtabmap (86): Rate=1.00s, Limit=0.000s, Conversion=0.0009s, RTAB-Map=0.1620s, Maps update=0.0001s pub=0.0001s (local map=1, WM=1)[0m
Warning: TF_REPEATED_DATA ignoring data with redundant timestamp for frame odom (parent map) at time 1790452104.067400 according to authority unknown_publisher
         at line 278 in /tmp/binarydeb/ros-noetic-tf2-0.7.7/src/buffer_core.cpp
Warning: TF_REPEATED_DATA ignoring data with redundant timestamp for frame odom (parent map) at time 1790452104.067400 according to authority /rtabmap/rtabmap
         at line 278 in /tmp/binarydeb/ros-noetic-tf2-0.7.7/src/buffer_core.cpp
[33m[ WARN] [1790466308.246359413, 1790452103.967399874]: TF_REPEATED_DATA ignoring data with redundant timestamp for frame odom (parent map) at time 1790452104.067400 according to authority unknown_publisher[0m
[0m[ INFO] [1790466308.528833596, 1790452104.247954836]: rtabmap (87): Rate=1.00s, Limit=0.000s, Conversion=0.0023s, RTAB-Map=0.1643s, Maps update=0.0001s pub=0.0001s (local map=1, WM=1)[0m
[0m[ INFO] [1790466309.516611325, 1790452105.237766137]: rtabmap (88): Rate=1.00s, Limit=0.000s, Conversion=0.0012s, RTAB-Map=0.1558s, Maps update=0.0001s pub=0.0001s (local map=1, WM=1)[0m
Warning: TF_REPEATED_DATA ignoring data with redundant timestamp for frame odom (parent map) at time 1790452106.157960 according to authority unknown_publisher
         at line 278 in /tmp/binarydeb/ros-noetic-tf2-0.7.7/src/buffer_core.cpp
[33m[ WARN] [1790466310.334952411, 1790452106.057959589]: TF_REPEATED_DATA ignoring data with redundant timestamp for frame odom (parent map) at time 1790452106.157960 according to authority unknown_publisher[0m
Warning: TF_REPEATED_DATA ignoring data with redundant timestamp for frame odom (parent map) at time 1790452106.157960 according to authority /rtabmap/rtabmap
         at line 278 in /tmp/binarydeb/ros-noetic-tf2-0.7.7/src/buffer_core.cpp
[0m[ INFO] [1790466310.539184770, 1790452106.259761530]: rtabmap (89): Rate=1.00s, Limit=0.000s, Conversion=0.0009s, RTAB-Map=0.1681s, Maps update=0.0001s pub=0.0001s (local map=1, WM=1)[0m
Warning: TF_REPEATED_DATA ignoring data with redundant timestamp for frame odom (parent map) at time 1790452107.038316 according to authority unknown_publisher
         at line 278 in /tmp/binarydeb/ros-noetic-tf2-0.7.7/src/buffer_core.cpp
[33m[ WARN] [1790466311.219593763, 1790452106.938316206]: TF_REPEATED_DATA ignoring data with redundant timestamp for frame odom (parent map) at time 1790452107.038316 according to authority unknown_publisher[0m
Warning: TF_REPEATED_DATA ignoring data with redundant timestamp for frame odom (parent map) at time 1790452107.038316 according to authority /rtabmap/rtabmap
         at line 278 in /tmp/binarydeb/ros-noetic-tf2-0.7.7/src/buffer_core.cpp
[0m[ INFO] [1790466311.689349362, 1790452107.409333062]: rtabmap (90): Rate=1.00s, Limit=0.000s, Conversion=0.0009s, RTAB-Map=0.1548s, Maps update=0.0001s pub=0.0001s (local map=1, WM=1)[0m
Warning: TF_REPEATED_DATA ignoring data with redundant timestamp for frame odom (parent map) at time 1790452107.906415 according to authority unknown_publisher
         at line 278 in /tmp/binarydeb/ros-noetic-tf2-0.7.7/src/buffer_core.cpp
Warning: [33m[ WARN] [1790466312.085304395, 1790452107.806414855]: TF_REPEATED_DATA ignoring data with redundant timestamp for frame odom (parent map) at time 1790452107.906415 according to authority unknown_publisher[0m
TF_REPEATED_DATA ignoring data with redundant timestamp for frame odom (parent map) at time 1790452107.906415 according to authority /rtabmap/rtabmap
         at line 278 in /tmp/binarydeb/ros-noetic-tf2-0.7.7/src/buffer_core.cpp
[0m[ INFO] [1790466312.737973265, 1790452108.453185538]: rtabmap (91): Rate=1.00s, Limit=0.000s, Conversion=0.0013s, RTAB-Map=0.1715s, Maps update=0.0001s pub=0.0001s (local map=1, WM=1)[0m
Warning: TF_REPEATED_DATA ignoring data with redundant timestamp for frame odom (parent map) at time 1790452109.135056 according to authority unknown_publisher
         at line 278 in /tmp/binarydeb/ros-noetic-tf2-0.7.7/src/buffer_core.cpp
[33m[ WARN] [1790466313.312505411, 1790452109.035056329]: TF_REPEATED_DATA ignoring data with redundant timestamp for frame odom (parent map) at time 1790452109.135056 according to authority unknown_publisher[0m
Warning: TF_REPEATED_DATA ignoring data with redundant timestamp for frame odom (parent map) at time 1790452109.135056 according to authority /rtabmap/rtabmap
         at line 278 in /tmp/binarydeb/ros-noetic-tf2-0.7.7/src/buffer_core.cpp
[0m[ INFO] [1790466313.733496730, 1790452109.452817417]: rtabmap (92): Rate=1.00s, Limit=0.000s, Conversion=0.0010s, RTAB-Map=0.1543s, Maps update=0.0001s pub=0.0001s (local map=1, WM=1)[0m
[0m[ INFO] [1790466314.732290312, 1790452110.444467683]: rtabmap (93): Rate=1.00s, Limit=0.000s, Conversion=0.0014s, RTAB-Map=0.1741s, Maps update=0.0001s pub=0.0001s (local map=1, WM=1)[0m
Warning: TF_REPEATED_DATA ignoring data with redundant timestamp for frame odom (parent map) at time 1790452110.693817 according to authority unknown_publisher
         at line 278 in /tmp/binarydeb/ros-noetic-tf2-0.7.7/src/buffer_core.cpp
Warning: TF_REPEATED_DATA ignoring data with redundant timestamp for frame odom (parent map) at time 1790452110.693817 according to authority /rtabmap/rtabmap
         at line 278 in /tmp/binarydeb/ros-noetic-tf2-0.7.7/src/buffer_core.cpp
[33m[ WARN] [1790466314.873814480, 1790452110.593816580]: TF_REPEATED_DATA ignoring data with redundant timestamp for frame odom (parent map) at time 1790452110.693817 according to authority unknown_publisher[0m
Warning: TF_REPEATED_DATA ignoring data with redundant timestamp for frame odom (parent map) at time 1790452111.250720 according to authority unknown_publisher
         at line 278 in /tmp/binarydeb/ros-noetic-tf2-0.7.7/src/buffer_core.cpp
Warning: TF_REPEATED_DATA ignoring data with redundant timestamp for frame odom (parent map) at time 1790452111.250720 according to authority /rtabmap/rtabmap
         at line 278 in /tmp/binarydeb/ros-noetic-tf2-0.7.7/src/buffer_core.cpp
[33m[ WARN] [1790466315.428280000, 1790452111.150719909]: TF_REPEATED_DATA ignoring data with redundant timestamp for frame odom (parent map) at time 1790452111.250720 according to authority unknown_publisher[0m
[0m[ INFO] [1790466315.726645859, 1790452111.443469919]: rtabmap (94): Rate=1.00s, Limit=0.000s, Conversion=0.0013s, RTAB-Map=0.1700s, Maps update=0.0001s pub=0.0001s (local map=1, WM=1)[0m
Warning: TF_REPEATED_DATA ignoring data with redundant timestamp for frame odom (parent map) at time 1790452112.108933 according to authority unknown_publisher
         at line 278 in /tmp/binarydeb/ros-noetic-tf2-0.7.7/src/buffer_core.cpp
[33m[ WARN] [1790466316.290949951, 1790452112.008932932]: TF_REPEATED_DATA ignoring data with redundant timestamp for frame odom (parent map) at time 1790452112.108933 according to authority unknown_publisher[0m
Warning: TF_REPEATED_DATA ignoring data with redundant timestamp for frame odom (parent map) at time 1790452112.108933 according to authority /rtabmap/rtabmap
         at line 278 in /tmp/binarydeb/ros-noetic-tf2-0.7.7/src/buffer_core.cpp
Warning: TF_REPEATED_DATA ignoring data with redundant timestamp for frame odom (parent map) at time 1790452112.476089 according to authority unknown_publisher
         at line 278 in /tmp/binarydeb/ros-noetic-tf2-0.7.7/src/buffer_core.cpp
[33m[ WARN] [1790466316.653883838, 1790452112.376088770]: TF_REPEATED_DATA ignoring data with redundant timestamp for frame odom (parent map) at time 1790452112.476089 according to authority unknown_publisher[0m
Warning: TF_REPEATED_DATA ignoring data with redundant timestamp for frame odom (parent map) at time 1790452112.476089 according to authority /rtabmap/rtabmap
         at line 278 in /tmp/binarydeb/ros-noetic-tf2-0.7.7/src/buffer_core.cpp
[0m[ INFO] [1790466316.920217018, 1790452112.643313253]: rtabmap (95): Rate=1.00s, Limit=0.000s, Conversion=0.0010s, RTAB-Map=0.1610s, Maps update=0.0001s pub=0.0001s (local map=1, WM=1)[0m
[0m[ INFO] [1790466317.924873915, 1790452113.645278865]: rtabmap (96): Rate=1.00s, Limit=0.000s, Conversion=0.0010s, RTAB-Map=0.1579s, Maps update=0.0001s pub=0.0001s (local map=1, WM=1)[0m
Warning: TF_REPEATED_DATA ignoring data with redundant timestamp for frame odom (parent map) at time 1790452114.200885 according to authority unknown_publisher
         at line 278 in /tmp/binarydeb/ros-noetic-tf2-0.7.7/src/buffer_core.cpp
Warning: TF_REPEATED_DATA ignoring data with redundant timestamp for frame odom (parent map) at time 1790452114.200885 according to authority /rtabmap/rtabmap
         at line 278 in /tmp/binarydeb/ros-noetic-tf2-0.7.7/src/buffer_core.cpp
[33m[ WARN] [1790466318.378216761, 1790452114.100885120]: TF_REPEATED_DATA ignoring data with redundant timestamp for frame odom (parent map) at time 1790452114.200885 according to authority unknown_publisher[0m
[0m[ INFO] [1790466319.043849871, 1790452114.766546359]: rtabmap (97): Rate=1.00s, Limit=0.000s, Conversion=0.0013s, RTAB-Map=0.1737s, Maps update=0.0001s pub=0.0001s (local map=1, WM=1)[0m
Warning: TF_REPEATED_DATA ignoring data with redundant timestamp for frame odom (parent map) at time 1790452115.609959 according to authority unknown_publisher
         at line 278 in /tmp/binarydeb/ros-noetic-tf2-0.7.7/src/buffer_core.cpp
[33m[ WARN] [1790466319.790674018, 1790452115.509958768]: TF_REPEATED_DATA ignoring data with redundant timestamp for frame odom (parent map) at time 1790452115.609959 according to authority unknown_publisher[0m
Warning: TF_REPEATED_DATA ignoring data with redundant timestamp for frame odom (parent map) at time 1790452115.609959 according to authority /rtabmap/rtabmap
         at line 278 in /tmp/binarydeb/ros-noetic-tf2-0.7.7/src/buffer_core.cpp
[0m[ INFO] [1790466320.033502491, 1790452115.751799266]: rtabmap (98): Rate=1.00s, Limit=0.000s, Conversion=0.0013s, RTAB-Map=0.1708s, Maps update=0.0001s pub=0.0001s (local map=1, WM=1)[0m
Warning: TF_REPEATED_DATA ignoring data with redundant timestamp for frame odom (parent map) at time 1790452116.301879 according to authority unknown_publisher
         at line 278 in /tmp/binarydeb/ros-noetic-tf2-0.7.7/src/buffer_core.cpp
Warning: [33m[ WARN] [1790466320.478570025, 1790452116.201879413]: TF_REPEATED_DATA ignoring data with redundant timestamp for frame odom (parent map) at time 1790452116.301879 according to authority unknown_publisher[0m
TF_REPEATED_DATA ignoring data with redundant timestamp for frame odom (parent map) at time 1790452116.301879 according to authority /rtabmap/rtabmap
         at line 278 in /tmp/binarydeb/ros-noetic-tf2-0.7.7/src/buffer_core.cpp
Warning: TF_REPEATED_DATA ignoring data with redundant timestamp for frame odom (parent map) at time 1790452116.669801 according to authority unknown_publisher
         at line 278 in /tmp/binarydeb/ros-noetic-tf2-0.7.7/src/buffer_core.cpp
[33m[ WARN] [1790466320.846825409, 1790452116.569801290]: TF_REPEATED_DATA ignoring data with redundant timestamp for frame odom (parent map) at time 1790452116.669801 according to authority unknown_publisher[0m
Warning: TF_REPEATED_DATA ignoring data with redundant timestamp for frame odom (parent map) at time 1790452116.669801 according to authority /rtabmap/rtabmap
         at line 278 in /tmp/binarydeb/ros-noetic-tf2-0.7.7/src/buffer_core.cpp
[0m[ INFO] [1790466321.103299171, 1790452116.825547687]: rtabmap (99): Rate=1.00s, Limit=0.000s, Conversion=0.0012s, RTAB-Map=0.1387s, Maps update=0.0001s pub=0.0001s (local map=1, WM=1)[0m
[0m[ INFO] [1790466322.129961337, 1790452117.848914693]: rtabmap (100): Rate=1.00s, Limit=0.000s, Conversion=0.0013s, RTAB-Map=0.1670s, Maps update=0.0001s pub=0.0001s (local map=1, WM=1)[0m
Warning: TF_REPEATED_DATA ignoring data with redundant timestamp for frame odom (parent map) at time 1790452118.159628 according to authority unknown_publisher
         at line 278 in /tmp/binarydeb/ros-noetic-tf2-0.7.7/src/buffer_core.cpp
[33m[ WARN] [1790466322.336362894, 1790452118.059628218]: TF_REPEATED_DATA ignoring data with redundant timestamp for frame odom (parent map) at time 1790452118.159628 according to authority unknown_publisher[0m
Warning: TF_REPEATED_DATA ignoring data with redundant timestamp for frame odom (parent map) at time 1790452118.159628 according to authority /rtabmap/rtabmap
         at line 278 in /tmp/binarydeb/ros-noetic-tf2-0.7.7/src/buffer_core.cpp
Warning: TF_REPEATED_DATA ignoring data with redundant timestamp for frame odom (parent map) at time 1790452118.407505 according to authority unknown_publisher
         at line 278 in /tmp/binarydeb/ros-noetic-tf2-0.7.7/src/buffer_core.cpp
[33m[ WARN] [1790466322.583928307, 1790452118.150293240]: TF_REPEATED_DATA ignoring data with redundant timestamp for frame odom (parent map) at time 1790452118.407505 according to authority unknown_publisher[0m
Warning: TF_REPEATED_DATA ignoring data with redundant timestamp for frame odom (parent map) at time 1790452118.407505 according to authority /rtabmap/rtabmap
         at line 278 in /tmp/binarydeb/ros-noetic-tf2-0.7.7/src/buffer_core.cpp
[0m[ INFO] [1790466323.140163843, 1790452118.860596345]: rtabmap (101): Rate=1.00s, Limit=0.000s, Conversion=0.0010s, RTAB-Map=0.1670s, Maps update=0.0001s pub=0.0001s (local map=1, WM=1)[0m
[0m[ INFO] [1790466324.219038901, 1790452119.942857093]: rtabmap (102): Rate=1.00s, Limit=0.000s, Conversion=0.0008s, RTAB-Map=0.1547s, Maps update=0.0001s pub=0.0001s (local map=1, WM=1)[0m
[33m[ WARN] [1790466324.685164244, 1790452120.408016829]: TF_REPEATED_DATA ignoring data with redundant timestamp for frame odom (parent map) at time 1790452120.508017 according to authority unknown_publisher[0m
Warning: Warning: TF_REPEATED_DATA ignoring data with redundant timestamp for frame odom (parent map) at time 1790452120.508017 according to authority unknown_publisher
         at line TF_REPEATED_DATA ignoring data with redundant timestamp for frame odom (parent map) at time 1790452120.508017 according to authority /rtabmap/rtabmap278
 in          at line /tmp/binarydeb/ros-noetic-tf2-0.7.7/src/buffer_core.cpp
278 in /tmp/binarydeb/ros-noetic-tf2-0.7.7/src/buffer_core.cpp
Warning: TF_REPEATED_DATA ignoring data with redundant timestamp for frame odom (parent map) at time 1790452120.887209 according to authority unknown_publisher
         at line 278 in /tmp/binarydeb/ros-noetic-tf2-0.7.7/src/buffer_core.cpp
Warning: TF_REPEATED_DATA ignoring data with redundant timestamp for frame odom (parent map) at time 1790452120.887209 according to authority /rtabmap/rtabmap
         at line 278 in /tmp/binarydeb/ros-noetic-tf2-0.7.7/src/buffer_core.cpp
[33m[ WARN] [1790466325.064921236, 1790452120.787208952]: TF_REPEATED_DATA ignoring data with redundant timestamp for frame odom (parent map) at time 1790452120.887209 according to authority unknown_publisher[0m
[0m[ INFO] [1790466325.326273448, 1790452121.044040971]: rtabmap (103): Rate=1.00s, Limit=0.000s, Conversion=0.0017s, RTAB-Map=0.1595s, Maps update=0.0001s pub=0.0001s (local map=1, WM=1)[0m
[0m[ INFO] [1790466325.489385923, 1790452121.213151827]: rtabmap (104): Rate=1.00s, Limit=0.000s, Conversion=0.0007s, RTAB-Map=0.1602s, Maps update=0.0001s pub=0.0001s (local map=1, WM=1)[0m
[0m[ INFO] [1790466326.435356536, 1790452122.150443942]: rtabmap (105): Rate=1.00s, Limit=0.000s, Conversion=0.0013s, RTAB-Map=0.1723s, Maps update=0.0001s pub=0.0001s (local map=1, WM=1)[0m
Warning: TF_REPEATED_DATA ignoring data with redundant timestamp for frame odom (parent map) at time 1790452122.605469 according to authority unknown_publisher
         at line 278 in /tmp/binarydeb/ros-noetic-tf2-0.7.7/src/buffer_core.cpp
Warning: TF_REPEATED_DATA ignoring data with redundant timestamp for frame odom (parent map) at time 1790452122.605469 according to authority /rtabmap/rtabmap
         at line 278 in /tmp/binarydeb/ros-noetic-tf2-0.7.7/src/buffer_core.cpp
[33m[ WARN] [1790466326.782926736, 1790452122.505468663]: TF_REPEATED_DATA ignoring data with redundant timestamp for frame odom (parent map) at time 1790452122.605469 according to authority unknown_publisher[0m
[0m[ INFO] [1790466327.406994262, 1790452123.123416398]: rtabmap (106): Rate=1.00s, Limit=0.000s, Conversion=0.0009s, RTAB-Map=0.1522s, Maps update=0.0001s pub=0.0001s (local map=1, WM=1)[0m
Warning: TF_REPEATED_DATA ignoring data with redundant timestamp for frame odom (parent map) at time 1790452123.778902 according to authority unknown_publisher
         at line 278 in /tmp/binarydeb/ros-noetic-tf2-0.7.7/src/buffer_core.cpp
Warning: TF_REPEATED_DATA ignoring data with redundant timestamp for frame odom (parent map) at time 1790452123.778902 according to authority /rtabmap/rtabmap
         at line 278 in /tmp/binarydeb/ros-noetic-tf2-0.7.7/src/buffer_core.cpp
[33m[ WARN] [1790466327.955652108, 1790452123.678901496]: TF_REPEATED_DATA ignoring data with redundant timestamp for frame odom (parent map) at time 1790452123.778902 according to authority unknown_publisher[0m
[0m[ INFO] [1790466328.434932835, 1790452124.154320978]: rtabmap (107): Rate=1.00s, Limit=0.000s, Conversion=0.0009s, RTAB-Map=0.1870s, Maps update=0.0001s pub=0.0001s (local map=1, WM=1)[0m
[0m[ INFO] [1790466329.416592995, 1790452125.132905659]: rtabmap (108): Rate=1.00s, Limit=0.000s, Conversion=0.0010s, RTAB-Map=0.1607s, Maps update=0.0001s pub=0.0001s (local map=1, WM=1)[0m
Warning: TF_REPEATED_DATA ignoring data with redundant timestamp for frame odom (parent map) at time 1790452125.552508 according to authority unknown_publisher
         at line 278 in /tmp/binarydeb/ros-noetic-tf2-0.7.7/src/buffer_core.cpp
Warning: TF_REPEATED_DATA ignoring data with redundant timestamp for frame odom (parent map) at time 1790452125.552508 according to authority /rtabmap/rtabmap
         at line 278 in /tmp/binarydeb/ros-noetic-tf2-0.7.7/src/buffer_core.cpp
[33m[ WARN] [1790466329.729780103, 1790452125.452508431]: TF_REPEATED_DATA ignoring data with redundant timestamp for frame odom (parent map) at time 1790452125.552508 according to authority unknown_publisher[0m
[0m[ INFO] [1790466330.545000377, 1790452126.265990259]: rtabmap (109): Rate=1.00s, Limit=0.000s, Conversion=0.0008s, RTAB-Map=0.1539s, Maps update=0.0001s pub=0.0001s (local map=1, WM=1)[0m
[0m[ INFO] [1790466331.518845271, 1790452127.239322061]: rtabmap (110): Rate=1.00s, Limit=0.000s, Conversion=0.0008s, RTAB-Map=0.1616s, Maps update=0.0001s pub=0.0001s (local map=1, WM=1)[0m
Warning: TF_REPEATED_DATA ignoring data with redundant timestamp for frame odom (parent map) at time 1790452128.359168 according to authority unknown_publisher
         at line 278 in /tmp/binarydeb/ros-noetic-tf2-0.7.7/src/buffer_core.cpp
Warning: [33m[ WARN] [1790466332.537273454, 1790452128.259168399]: TF_REPEATED_DATA ignoring data with redundant timestamp for frame odom (parent map) at time 1790452128.359168 according to authority unknown_publisher[0m
TF_REPEATED_DATA ignoring data with redundant timestamp for frame odom (parent map) at time 1790452128.359168 according to authority /rtabmap/rtabmap
         at line 278 in /tmp/binarydeb/ros-noetic-tf2-0.7.7/src/buffer_core.cpp
[0m[ INFO] [1790466332.598431897, 1790452128.319527252]: rtabmap (111): Rate=1.00s, Limit=0.000s, Conversion=0.0008s, RTAB-Map=0.1528s, Maps update=0.0001s pub=0.0001s (local map=1, WM=1)[0m
Warning: TF_REPEATED_DATA ignoring data with redundant timestamp for frame odom (parent map) at time 1790452129.405934 according to authority unknown_publisher
         at line 278 in /tmp/binarydeb/ros-noetic-tf2-0.7.7/src/buffer_core.cpp
[33m[ WARN] [1790466333.582497243, 1790452129.305933640]: TF_REPEATED_DATA ignoring data with redundant timestamp for frame odom (parent map) at time 1790452129.405934 according to authority unknown_publisher[0m
Warning: TF_REPEATED_DATA ignoring data with redundant timestamp for frame odom (parent map) at time 1790452129.405934 according to authority /rtabmap/rtabmap
         at line 278 in /tmp/binarydeb/ros-noetic-tf2-0.7.7/src/buffer_core.cpp
[0m[ INFO] [1790466333.799814205, 1790452129.518386309]: rtabmap (112): Rate=1.00s, Limit=0.000s, Conversion=0.0008s, RTAB-Map=0.1289s, Maps update=0.0001s pub=0.0001s (local map=1, WM=1)[0m
[0m[ INFO] [1790466333.941875081, 1790452129.659547242]: rtabmap (113): Rate=1.00s, Limit=0.000s, Conversion=0.0005s, RTAB-Map=0.1404s, Maps update=0.0001s pub=0.0001s (local map=1, WM=1)[0m
Warning: TF_REPEATED_DATA ignoring data with redundant timestamp for frame odom (parent map) at time 1790452130.273872 according to authority unknown_publisher
         at line 278 in /tmp/binarydeb/ros-noetic-tf2-0.7.7/src/buffer_core.cpp
[33m[ WARN] [1790466334.450486686, 1790452130.173871946]: TF_REPEATED_DATA ignoring data with redundant timestamp for frame odom (parent map) at time 1790452130.273872 according to authority unknown_publisher[0m
Warning: TF_REPEATED_DATA ignoring data with redundant timestamp for frame odom (parent map) at time 1790452130.273872 according to authority /rtabmap/rtabmap
         at line 278 in /tmp/binarydeb/ros-noetic-tf2-0.7.7/src/buffer_core.cpp
Warning: TF_REPEATED_DATA ignoring data with redundant timestamp for frame odom (parent map) at time 1790452130.648253 according to authority unknown_publisher
         at line 278 in /tmp/binarydeb/ros-noetic-tf2-0.7.7/src/buffer_core.cpp
[33m[ WARN] [1790466334.826181291, 1790452130.548253197]: TF_REPEATED_DATA ignoring data with redundant timestamp for frame odom (parent map) at time 1790452130.648253 according to authority unknown_publisher[0m
Warning: TF_REPEATED_DATA ignoring data with redundant timestamp for frame odom (parent map) at time 1790452130.648253 according to authority /rtabmap/rtabmap
         at line 278 in /tmp/binarydeb/ros-noetic-tf2-0.7.7/src/buffer_core.cpp
[0m[ INFO] [1790466335.020097056, 1790452130.628952653]: rtabmap (114): Rate=1.00s, Limit=0.000s, Conversion=0.0013s, RTAB-Map=0.1674s, Maps update=0.0001s pub=0.0001s (local map=1, WM=1)[0m
Warning: TF_REPEATED_DATA ignoring data with redundant timestamp for frame odom (parent map) at time 1790452130.863934 according to authority unknown_publisher
         at line 278 in /tmp/binarydeb/ros-noetic-tf2-0.7.7/src/buffer_core.cpp
[33m[ WARN] [1790466335.042665290, 1790452130.763934246]: TF_REPEATED_DATA ignoring data with redundant timestamp for frame odom (parent map) at time 1790452130.863934 according to authority unknown_publisher[0m
Warning: TF_REPEATED_DATA ignoring data with redundant timestamp for frame odom (parent map) at time 1790452130.863934 according to authority /rtabmap/rtabmap
         at line 278 in /tmp/binarydeb/ros-noetic-tf2-0.7.7/src/buffer_core.cpp
[0m[ INFO] [1790466335.933037988, 1790452131.651332266]: rtabmap (115): Rate=1.00s, Limit=0.000s, Conversion=0.0014s, RTAB-Map=0.1709s, Maps update=0.0001s pub=0.0001s (local map=1, WM=1)[0m
Warning: TF_REPEATED_DATA ignoring data with redundant timestamp for frame odom (parent map) at time 1790452132.366961 according to authority unknown_publisher
         at line 278 in /tmp/binarydeb/ros-noetic-tf2-0.7.7/src/buffer_core.cpp
[33m[ WARN] [1790466336.543898889, 1790452132.266960851]: TF_REPEATED_DATA ignoring data with redundant timestamp for frame odom (parent map) at time 1790452132.366961 according to authority unknown_publisher[0m
Warning: TF_REPEATED_DATA ignoring data with redundant timestamp for frame odom (parent map) at time 1790452132.366961 according to authority /rtabmap/rtabmap
         at line 278 in /tmp/binarydeb/ros-noetic-tf2-0.7.7/src/buffer_core.cpp
[0m[ INFO] [1790466337.021269471, 1790452132.740416235]: rtabmap (116): Rate=1.00s, Limit=0.000s, Conversion=0.0008s, RTAB-Map=0.1620s, Maps update=0.0001s pub=0.0001s (local map=1, WM=1)[0m
[33m[ WARN] [1790466337.420494155, 1790452133.141936232]: TF_REPEATED_DATA ignoring data with redundant timestamp for frame odom (parent map) at time 1790452133.241936 according to authority unknown_publisher[0m
Warning: TF_REPEATED_DATA ignoring data with redundant timestamp for frame odom (parent map) at time 1790452133.241936 according to authority unknown_publisherWarning: 
         at line TF_REPEATED_DATA ignoring data with redundant timestamp for frame odom (parent map) at time 1790452133.241936 according to authority /rtabmap/rtabmap278
 in          at line /tmp/binarydeb/ros-noetic-tf2-0.7.7/src/buffer_core.cpp
278 in /tmp/binarydeb/ros-noetic-tf2-0.7.7/src/buffer_core.cpp
[0m[ INFO] [1790466338.127752402, 1790452133.850674075]: rtabmap (117): Rate=1.00s, Limit=0.000s, Conversion=0.0013s, RTAB-Map=0.1678s, Maps update=0.0001s pub=0.0002s (local map=2, WM=2)[0m
[0m[ INFO] [1790466339.218043960, 1790452134.941341892]: rtabmap (118): Rate=1.00s, Limit=0.000s, Conversion=0.0008s, RTAB-Map=0.1552s, Maps update=0.0001s pub=0.0001s (local map=3, WM=3)[0m
Warning: TF_REPEATED_DATA ignoring data with redundant timestamp for frame odom (parent map) at time 1790452135.862092 according to authority unknown_publisher
         at line 278 in /tmp/binarydeb/ros-noetic-tf2-0.7.7/src/buffer_core.cpp
Warning: TF_REPEATED_DATA ignoring data with redundant timestamp for frame odom (parent map) at time 1790452135.862092 according to authority /rtabmap/rtabmap
         at line 278 in /tmp/binarydeb/ros-noetic-tf2-0.7.7/src/buffer_core.cpp
[33m[ WARN] [1790466340.040084437, 1790452135.762091511]: TF_REPEATED_DATA ignoring data with redundant timestamp for frame odom (parent map) at time 1790452135.862092 according to authority unknown_publisher[0m
[0m[ INFO] [1790466340.335750428, 1790452135.944419009]: rtabmap (119): Rate=1.00s, Limit=0.000s, Conversion=0.0014s, RTAB-Map=0.1813s, Maps update=0.0001s pub=0.0001s (local map=4, WM=4)[0m
Warning: TF_REPEATED_DATA ignoring data with redundant timestamp for frame odom (parent map) at time 1790452136.204450 according to authority unknown_publisher
         at line 278 in /tmp/binarydeb/ros-noetic-tf2-0.7.7/src/buffer_core.cpp
[33m[ WARN] [1790466340.381467671, 1790452136.104450176]: TF_REPEATED_DATA ignoring data with redundant timestamp for frame odom (parent map) at time 1790452136.204450 according to authority unknown_publisher[0m
Warning: TF_REPEATED_DATA ignoring data with redundant timestamp for frame odom (parent map) at time 1790452136.204450 according to authority /rtabmap/rtabmap
         at line 278 in /tmp/binarydeb/ros-noetic-tf2-0.7.7/src/buffer_core.cpp
[0m[ INFO] [1790466341.324066837, 1790452137.043421058]: rtabmap (120): Rate=1.00s, Limit=0.000s, Conversion=0.0008s, RTAB-Map=0.1572s, Maps update=0.0001s pub=0.0001s (local map=5, WM=5)[0m
[0m[ INFO] [1790466342.419670571, 1790452138.135590366]: rtabmap (121): Rate=1.00s, Limit=0.000s, Conversion=0.0021s, RTAB-Map=0.1652s, Maps update=0.0001s pub=0.0001s (local map=6, WM=6)[0m
Warning: TF_REPEATED_DATA ignoring data with redundant timestamp for frame odom (parent map) at time 1790452139.147175 according to authority unknown_publisher
         at line 278 in /tmp/binarydeb/ros-noetic-tf2-0.7.7/src/buffer_core.cpp
[33m[ WARN] [1790466343.324644063, 1790452139.047174532]: TF_REPEATED_DATA ignoring data with redundant timestamp for frame odom (parent map) at time 1790452139.147175 according to authority unknown_publisher[0m
Warning: TF_REPEATED_DATA ignoring data with redundant timestamp for frame odom (parent map) at time 1790452139.147175 according to authority /rtabmap/rtabmap
         at line 278 in /tmp/binarydeb/ros-noetic-tf2-0.7.7/src/buffer_core.cpp
[0m[ INFO] [1790466343.532090990, 1790452139.249085321]: rtabmap (122): Rate=1.00s, Limit=0.000s, Conversion=0.0008s, RTAB-Map=0.1651s, Maps update=0.0001s pub=0.0001s (local map=7, WM=7)[0m
[0m[ INFO] [1790466344.614331832, 1790452140.330894800]: rtabmap (123): Rate=1.00s, Limit=0.000s, Conversion=0.0014s, RTAB-Map=0.1622s, Maps update=0.0001s pub=0.0001s (local map=8, WM=8)[0m
[0m[ INFO] [1790466345.631677758, 1790452141.353028219]: rtabmap (124): Rate=1.00s, Limit=0.000s, Conversion=0.0013s, RTAB-Map=0.1652s, Maps update=0.0001s pub=0.0001s (local map=9, WM=9)[0m
Warning: TF_REPEATED_DATA ignoring data with redundant timestamp for frame odom (parent map) at time 1790452142.143703 according to authority unknown_publisher
         at line 278 in /tmp/binarydeb/ros-noetic-tf2-0.7.7/src/buffer_core.cpp
[33m[ WARN] [1790466346.321587843, 1790452142.043703077]: TF_REPEATED_DATA ignoring data with redundant timestamp for frame odom (parent map) at time 1790452142.143703 according to authority unknown_publisher[0m
Warning: TF_REPEATED_DATA ignoring data with redundant timestamp for frame odom (parent map) at time 1790452142.143703 according to authority /rtabmap/rtabmap
         at line 278 in /tmp/binarydeb/ros-noetic-tf2-0.7.7/src/buffer_core.cpp
[0m[ INFO] [1790466346.610389352, 1790452142.326486748]: rtabmap (125): Rate=1.00s, Limit=0.000s, Conversion=0.0013s, RTAB-Map=0.1462s, Maps update=0.0001s pub=0.0001s (local map=10, WM=10)[0m
Warning: TF_REPEATED_DATA ignoring data with redundant timestamp for frame odom (parent map) at time 1790452143.002227 according to authority unknown_publisher
         at line 278 in /tmp/binarydeb/ros-noetic-tf2-0.7.7/src/buffer_core.cpp
[33m[ WARN] [1790466347.180291962, 1790452142.902226843]: TF_REPEATED_DATA ignoring data with redundant timestamp for frame odom (parent map) at time 1790452143.002227 according to authority unknown_publisher[0m
Warning: TF_REPEATED_DATA ignoring data with redundant timestamp for frame odom (parent map) at time 1790452143.002227 according to authority /rtabmap/rtabmap
         at line 278 in /tmp/binarydeb/ros-noetic-tf2-0.7.7/src/buffer_core.cpp
[0m[ INFO] [1790466347.728324681, 1790452143.450503884]: rtabmap (126): Rate=1.00s, Limit=0.000s, Conversion=0.0013s, RTAB-Map=0.1667s, Maps update=0.0001s pub=0.0001s (local map=11, WM=11)[0m
[0m[ INFO] [1790466348.722916291, 1790452144.447134006]: rtabmap (127): Rate=1.00s, Limit=0.000s, Conversion=0.0016s, RTAB-Map=0.1580s, Maps update=0.0001s pub=0.0001s (local map=12, WM=12)[0m
Warning: TF_REPEATED_DATA ignoring data with redundant timestamp for frame odom (parent map) at time 1790452144.702140 according to authority unknown_publisher
         at line 278 in /tmp/binarydeb/ros-noetic-tf2-0.7.7/src/buffer_core.cpp
[33m[ WARN] [1790466348.879409366, 1790452144.602139581]: TF_REPEATED_DATA ignoring data with redundant timestamp for frame odom (parent map) at time 1790452144.702140 according to authority unknown_publisher[0m
Warning: TF_REPEATED_DATA ignoring data with redundant timestamp for frame odom (parent map) at time 1790452144.702140 according to authority /rtabmap/rtabmap
         at line 278 in /tmp/binarydeb/ros-noetic-tf2-0.7.7/src/buffer_core.cpp
Warning: TF_REPEATED_DATA ignoring data with redundant timestamp for frame odom (parent map) at time 1790452145.605921 according to authority unknown_publisher
         at line 278 in /tmp/binarydeb/ros-noetic-tf2-0.7.7/src/buffer_core.cpp
[33m[ WARN] [1790466349.783642533, 1790452145.505920841]: TF_REPEATED_DATA ignoring data with redundant timestamp for frame odom (parent map) at time 1790452145.605921 according to authority unknown_publisher[0m
Warning: TF_REPEATED_DATA ignoring data with redundant timestamp for frame odom (parent map) at time 1790452145.605921 according to authority /rtabmap/rtabmap
         at line 278 in /tmp/binarydeb/ros-noetic-tf2-0.7.7/src/buffer_core.cpp
[0m[ INFO] [1790466349.994298299, 1790452145.708984612]: rtabmap (128): Rate=1.00s, Limit=0.000s, Conversion=0.0013s, RTAB-Map=0.1799s, Maps update=0.0001s pub=0.0001s (local map=13, WM=13)[0m
Warning: TF_REPEATED_DATA ignoring data with redundant timestamp for frame odom (parent map) at time 1790452145.967249 according to authority unknown_publisher
         at line 278 in /tmp/binarydeb/ros-noetic-tf2-0.7.7/src/buffer_core.cpp
[33m[ WARN] [1790466350.144469760, 1790452145.867249256]: TF_REPEATED_DATA ignoring data with redundant timestamp for frame odom (parent map) at time 1790452145.967249 according to authority unknown_publisher[0m
Warning: TF_REPEATED_DATA ignoring data with redundant timestamp for frame odom (parent map) at time 1790452145.967249 according to authority /rtabmap/rtabmap
         at line 278 in /tmp/binarydeb/ros-noetic-tf2-0.7.7/src/buffer_core.cpp
[0m[ INFO] [1790466350.803667770, 1790452146.523550891]: rtabmap (129): Rate=1.00s, Limit=0.000s, Conversion=0.0009s, RTAB-Map=0.1433s, Maps update=0.0001s pub=0.0001s (local map=14, WM=14)[0m
[0m[ INFO] [1790466351.912184709, 1790452147.634270311]: rtabmap (130): Rate=1.00s, Limit=0.000s, Conversion=0.0015s, RTAB-Map=0.1446s, Maps update=0.0001s pub=0.0001s (local map=15, WM=15)[0m
[0m[ INFO] [1790466353.031536113, 1790452148.754754812]: rtabmap (131): Rate=1.00s, Limit=0.000s, Conversion=0.0012s, RTAB-Map=0.1617s, Maps update=0.0001s pub=0.0001s (local map=16, WM=16)[0m
[0m[ INFO] [1790466354.027118380, 1790452149.743217439]: rtabmap (132): Rate=1.00s, Limit=0.000s, Conversion=0.0013s, RTAB-Map=0.1609s, Maps update=0.0001s pub=0.0001s (local map=17, WM=17)[0m
[0m[ INFO] [1790466355.130964282, 1790452150.849429855]: rtabmap (133): Rate=1.00s, Limit=0.000s, Conversion=0.0016s, RTAB-Map=0.1598s, Maps update=0.0001s pub=0.0001s (local map=18, WM=18)[0m
[0m[ INFO] [1790466356.101939115, 1790452151.817498683]: rtabmap (134): Rate=1.00s, Limit=0.000s, Conversion=0.0012s, RTAB-Map=0.1428s, Maps update=0.0001s pub=0.0001s (local map=19, WM=19)[0m
[0m[ INFO] [1790466357.207424670, 1790452152.928430104]: rtabmap (135): Rate=1.00s, Limit=0.000s, Conversion=0.0013s, RTAB-Map=0.1433s, Maps update=0.0001s pub=0.0001s (local map=20, WM=20)[0m
[0m[ INFO] [1790466358.228269450, 1790452153.950545357]: rtabmap (136): Rate=1.00s, Limit=0.000s, Conversion=0.0013s, RTAB-Map=0.1618s, Maps update=0.0001s pub=0.0001s (local map=21, WM=21)[0m
[0m[ INFO] [1790466359.304893524, 1790452155.020589380]: rtabmap (137): Rate=1.00s, Limit=0.000s, Conversion=0.0008s, RTAB-Map=0.1567s, Maps update=0.0001s pub=0.0001s (local map=22, WM=22)[0m
[0m[ INFO] [1790466360.300073614, 1790452156.021777933]: rtabmap (138): Rate=1.00s, Limit=0.000s, Conversion=0.0015s, RTAB-Map=0.1495s, Maps update=0.0001s pub=0.0001s (local map=23, WM=23)[0m
Warning: TF_REPEATED_DATA ignoring data with redundant timestamp for frame odom (parent map) at time 1790452157.221438 according to authority unknown_publisher
         at line 278 in /tmp/binarydeb/ros-noetic-tf2-0.7.7/src/buffer_core.cpp
Warning: TF_REPEATED_DATA ignoring data with redundant timestamp for frame odom (parent map) at time 1790452157.221438 according to authority /rtabmap/rtabmap
         at line 278 in /tmp/binarydeb/ros-noetic-tf2-0.7.7/src/buffer_core.cpp
[33m[ WARN] [1790466361.401054830, 1790452157.121437826]: TF_REPEATED_DATA ignoring data with redundant timestamp for frame odom (parent map) at time 1790452157.221438 according to authority unknown_publisher[0m
[0m[ INFO] [1790466361.401983253, 1790452157.121437826]: rtabmap (139): Rate=1.00s, Limit=0.000s, Conversion=0.0008s, RTAB-Map=0.1449s, Maps update=0.0001s pub=0.0001s (local map=24, WM=24)[0m
Warning: TF_REPEATED_DATA ignoring data with redundant timestamp for frame odom (parent map) at time 1790452158.082901 according to authority unknown_publisher
         at line 278 in /tmp/binarydeb/ros-noetic-tf2-0.7.7/src/buffer_core.cpp
Warning: TF_REPEATED_DATA ignoring data with redundant timestamp for frame odom (parent map) at time 1790452158.082901 according to authority /rtabmap/rtabmap
         at line 278 in /tmp/binarydeb/ros-noetic-tf2-0.7.7/src/buffer_core.cpp
[33m[ WARN] [1790466362.266040705, 1790452157.982901594]: TF_REPEATED_DATA ignoring data with redundant timestamp for frame odom (parent map) at time 1790452158.082901 according to authority unknown_publisher[0m
[0m[ INFO] [1790466362.511358563, 1790452158.235650454]: rtabmap (140): Rate=1.00s, Limit=0.000s, Conversion=0.0012s, RTAB-Map=0.1602s, Maps update=0.0001s pub=0.0001s (local map=25, WM=25)[0m
Warning: TF_REPEATED_DATA ignoring data with redundant timestamp for frame odom (parent map) at time 1790452158.952568 according to authority unknown_publisher
         at line 278 in /tmp/binarydeb/ros-noetic-tf2-0.7.7/src/buffer_core.cpp
[33m[ WARN] [1790466363.128805194, 1790452158.852567513]: TF_REPEATED_DATA ignoring data with redundant timestamp for frame odom (parent map) at time 1790452158.952568 according to authority unknown_publisher[0m
Warning: TF_REPEATED_DATA ignoring data with redundant timestamp for frame odom (parent map) at time 1790452158.952568 according to authority /rtabmap/rtabmap
         at line 278 in /tmp/binarydeb/ros-noetic-tf2-0.7.7/src/buffer_core.cpp
[0m[ INFO] [1790466363.505936473, 1790452159.220978852]: rtabmap (141): Rate=1.00s, Limit=0.000s, Conversion=0.0014s, RTAB-Map=0.1459s, Maps update=0.0001s pub=0.0001s (local map=26, WM=26)[0m
Warning: TF_REPEATED_DATA ignoring data with redundant timestamp for frame odom (parent map) at time 1790452159.814946 according to authority unknown_publisher
         at line 278 in /tmp/binarydeb/ros-noetic-tf2-0.7.7/src/buffer_core.cpp
Warning: TF_REPEATED_DATA ignoring data with redundant timestamp for frame odom (parent map) at time 1790452159.814946 according to authority /rtabmap/rtabmap
         at line 278 in /tmp/binarydeb/ros-noetic-tf2-0.7.7/src/buffer_core.cpp
[33m[ WARN] [1790466363.993358825, 1790452159.714945767]: TF_REPEATED_DATA ignoring data with redundant timestamp for frame odom (parent map) at time 1790452159.814946 according to authority unknown_publisher[0m
[0m[ INFO] [1790466364.613745203, 1790452160.331666004]: rtabmap (142): Rate=1.00s, Limit=0.000s, Conversion=0.0013s, RTAB-Map=0.1622s, Maps update=0.0001s pub=0.0001s (local map=27, WM=27)[0m
Warning: TF_REPEATED_DATA ignoring data with redundant timestamp for frame odom (parent map) at time 1790452160.684418 according to authority unknown_publisher
         at line 278 in /tmp/binarydeb/ros-noetic-tf2-0.7.7/src/buffer_core.cpp
[33m[ WARN] [1790466364.861425997, 1790452160.584418422]: TF_REPEATED_DATA ignoring data with redundant timestamp for frame odom (parent map) at time 1790452160.684418 according to authority unknown_publisher[0m
Warning: TF_REPEATED_DATA ignoring data with redundant timestamp for frame odom (parent map) at time 1790452160.684418 according to authority /rtabmap/rtabmap
         at line 278 in /tmp/binarydeb/ros-noetic-tf2-0.7.7/src/buffer_core.cpp
[0m[ INFO] [1790466365.708299793, 1790452161.291194092]: rtabmap (143): Rate=1.00s, Limit=0.000s, Conversion=0.0012s, RTAB-Map=0.1595s, Maps update=0.0001s pub=0.0001s (local map=28, WM=28)[0m
Warning: TF_REPEATED_DATA ignoring data with redundant timestamp for frame odom (parent map) at time 1790452161.547581 according to authority unknown_publisher
         at line 278 in /tmp/binarydeb/ros-noetic-tf2-0.7.7/src/buffer_core.cpp
[33m[ WARN] [1790466365.724281551, 1790452161.447581082]: TF_REPEATED_DATA ignoring data with redundant timestamp for frame odom (parent map) at time 1790452161.547581 according to authority unknown_publisher[0m
Warning: TF_REPEATED_DATA ignoring data with redundant timestamp for frame odom (parent map) at time 1790452161.547581 according to authority /rtabmap/rtabmap
         at line 278 in /tmp/binarydeb/ros-noetic-tf2-0.7.7/src/buffer_core.cpp
Warning: TF_REPEATED_DATA ignoring data with redundant timestamp for frame odom (parent map) at time 1790452162.415883 according to authority unknown_publisher
         at line 278 in /tmp/binarydeb/ros-noetic-tf2-0.7.7/src/buffer_core.cpp
[33m[ WARN] [1790466366.593221480, 1790452162.315882638]: TF_REPEATED_DATA ignoring data with redundant timestamp for frame odom (parent map) at time 1790452162.415883 according to authority unknown_publisher[0m
Warning: TF_REPEATED_DATA ignoring data with redundant timestamp for frame odom (parent map) at time 1790452162.415883 according to authority /rtabmap/rtabmap
         at line 278 in /tmp/binarydeb/ros-noetic-tf2-0.7.7/src/buffer_core.cpp
[0m[ INFO] [1790466366.822372501, 1790452162.538594792]: rtabmap (144): Rate=1.00s, Limit=0.000s, Conversion=0.0020s, RTAB-Map=0.1659s, Maps update=0.0001s pub=0.0001s (local map=29, WM=29)[0m
Warning: TF_REPEATED_DATA ignoring data with redundant timestamp for frame odom (parent map) at time 1790452162.789473 according to authority unknown_publisher
         at line 278 in /tmp/binarydeb/ros-noetic-tf2-0.7.7/src/buffer_core.cpp
[33m[ WARN] [1790466366.966241858, 1790452162.689472781]: TF_REPEATED_DATA ignoring data with redundant timestamp for frame odom (parent map) at time 1790452162.789473 according to authority unknown_publisher[0m
Warning: TF_REPEATED_DATA ignoring data with redundant timestamp for frame odom (parent map) at time 1790452162.789473 according to authority /rtabmap/rtabmap
         at line 278 in /tmp/binarydeb/ros-noetic-tf2-0.7.7/src/buffer_core.cpp
Warning: TF_REPEATED_DATA ignoring data with redundant timestamp for frame odom (parent map) at time 1790452163.500291 according to authority unknown_publisher
         at line 278 in /tmp/binarydeb/ros-noetic-tf2-0.7.7/src/buffer_core.cpp
Warning: TF_REPEATED_DATA ignoring data with redundant timestamp for frame odom (parent map) at time 1790452163.500291 according to authority /rtabmap/rtabmap
         at line 278 in /tmp/binarydeb/ros-noetic-tf2-0.7.7/src/buffer_core.cpp
[33m[ WARN] [1790466367.678516627, 1790452163.400291346]: TF_REPEATED_DATA ignoring data with redundant timestamp for frame odom (parent map) at time 1790452163.500291 according to authority unknown_publisher[0m
[0m[ INFO] [1790466367.911345215, 1790452163.632265112]: rtabmap (145): Rate=1.00s, Limit=0.000s, Conversion=0.0013s, RTAB-Map=0.1563s, Maps update=0.0001s pub=0.0001s (local map=30, WM=30)[0m
[0m[ INFO] [1790466369.081258805, 1790452164.799439640]: rtabmap (146): Rate=1.00s, Limit=0.000s, Conversion=0.0012s, RTAB-Map=0.2059s, Maps update=0.0001s pub=0.0001s (local map=31, WM=31)[0m
[0m[ INFO] [1790466370.171617732, 1790452165.887558549]: rtabmap (147): Rate=1.00s, Limit=0.000s, Conversion=0.0012s, RTAB-Map=0.2148s, Maps update=0.0001s pub=0.0001s (local map=32, WM=32)[0m
[0m[ INFO] [1790466371.249965344, 1790452166.967792767]: rtabmap (148): Rate=1.00s, Limit=0.000s, Conversion=0.0013s, RTAB-Map=0.1888s, Maps update=0.0001s pub=0.0001s (local map=33, WM=33)[0m
[0m[ INFO] [1790466372.247394276, 1790452167.966465550]: rtabmap (149): Rate=1.00s, Limit=0.000s, Conversion=0.0013s, RTAB-Map=0.1960s, Maps update=0.0001s pub=0.0001s (local map=34, WM=34)[0m
[0m[ INFO] [1790466373.346659260, 1790452169.065239394]: rtabmap (150): Rate=1.00s, Limit=0.000s, Conversion=0.0009s, RTAB-Map=0.1885s, Maps update=0.0001s pub=0.0001s (local map=35, WM=35)[0m
[0m[ INFO] [1790466374.467351050, 1790452170.185591309]: rtabmap (151): Rate=1.00s, Limit=0.000s, Conversion=0.0013s, RTAB-Map=0.2151s, Maps update=0.0001s pub=0.0001s (local map=36, WM=36)[0m
[0m[ INFO] [1790466375.443695111, 1790452171.162253932]: rtabmap (152): Rate=1.00s, Limit=0.000s, Conversion=0.0008s, RTAB-Map=0.1859s, Maps update=0.0001s pub=0.0001s (local map=37, WM=37)[0m
Warning: TF_REPEATED_DATA ignoring data with redundant timestamp for frame odom (parent map) at time 1790452172.307661 according to authority unknown_publisher
         at line 278 in /tmp/binarydeb/ros-noetic-tf2-0.7.7/src/buffer_core.cpp
[33m[ WARN] [1790466376.485584920, 1790452172.207661209]: TF_REPEATED_DATA ignoring data with redundant timestamp for frame odom (parent map) at time 1790452172.307661 according to authority unknown_publisher[0m
Warning: TF_REPEATED_DATA ignoring data with redundant timestamp for frame odom (parent map) at time 1790452172.307661 according to authority /rtabmap/rtabmap
         at line 278 in /tmp/binarydeb/ros-noetic-tf2-0.7.7/src/buffer_core.cpp
[33m[ WARN] [1790466377.349169731, 1790452173.071662823]: TF_REPEATED_DATA ignoring data with redundant timestamp for frame odom (parent map) at time 1790452173.171663 according to authority unknown_publisher[0m
Warning: TF_REPEATED_DATA ignoring data with redundant timestamp for frame odom (parent map) at time 1790452173.171663 according to authority /rtabmap/rtabmap
         at line 278 in /tmp/binarydeb/ros-noetic-tf2-0.7.7/src/buffer_core.cpp
[0m[ INFO] [1790466376.704316424, 1790452172.419173552]: rtabmap (153): Rate=1.00s, Limit=0.000s, Conversion=0.0008s, RTAB-Map=0.1959s, Maps update=0.0002s pub=0.0001s (local map=38, WM=38)[0m
Warning: TF_REPEATED_DATA ignoring data with redundant timestamp for frame odom (parent map) at time 1790452173.171663 according to authority unknown_publisher
         at line 278 in /tmp/binarydeb/ros-noetic-tf2-0.7.7/src/buffer_core.cpp
[0m[ INFO] [1790466377.664929308, 1790452173.383431745]: rtabmap (154): Rate=1.00s, Limit=0.000s, Conversion=0.0011s, RTAB-Map=0.1987s, Maps update=0.0001s pub=0.0001s (local map=39, WM=39)[0m
[0m[ INFO] [1790466377.855279981, 1790452173.574790969]: rtabmap (155): Rate=1.00s, Limit=0.000s, Conversion=0.0008s, RTAB-Map=0.1861s, Maps update=0.0001s pub=0.0001s (local map=39, WM=39)[0m
Warning: TF_REPEATED_DATA ignoring data with redundant timestamp for frame odom (parent map) at time 1790452174.042981 according to authority unknown_publisher
         at line 278 in /tmp/binarydeb/ros-noetic-tf2-0.7.7/src/buffer_core.cpp
[33m[ WARN] [1790466378.220271601, 1790452173.942981144]: TF_REPEATED_DATA ignoring data with redundant timestamp for frame odom (parent map) at time 1790452174.042981 according to authority unknown_publisher[0m
Warning: TF_REPEATED_DATA ignoring data with redundant timestamp for frame odom (parent map) at time 1790452174.042981 according to authority /rtabmap/rtabmap
         at line 278 in /tmp/binarydeb/ros-noetic-tf2-0.7.7/src/buffer_core.cpp
[33m[ WARN] [1790466379.069467768, 1790452174.791328375]: TF_REPEATED_DATA ignoring data with redundant timestamp for frame odom (parent map) at time 1790452174.891328 according to authority unknown_publisher[0m
Warning: TF_REPEATED_DATA ignoring data with redundant timestamp for frame odom (parent map) at time 1790452174.891328 according to authority /rtabmap/rtabmap
         at line 278 in /tmp/binarydeb/ros-noetic-tf2-0.7.7/src/buffer_core.cpp
[0m[ INFO] [1790466378.648934805, 1790452174.367107095]: rtabmap (156): Rate=1.00s, Limit=0.000s, Conversion=0.0008s, RTAB-Map=0.1904s, Maps update=0.0001s pub=0.0001s (local map=40, WM=40)[0m
Warning: TF_REPEATED_DATA ignoring data with redundant timestamp for frame odom (parent map) at time 1790452174.891328 according to authority unknown_publisher
         at line 278 in /tmp/binarydeb/ros-noetic-tf2-0.7.7/src/buffer_core.cpp
[0m[ INFO] [1790466379.652814902, 1790452175.372357634]: rtabmap (157): Rate=1.00s, Limit=0.000s, Conversion=0.0008s, RTAB-Map=0.1885s, Maps update=0.0001s pub=0.0001s (local map=41, WM=41)[0m
Warning: TF_REPEATED_DATA ignoring data with redundant timestamp for frame odom (parent map) at time 1790452175.771946 according to authority unknown_publisher
         at line 278 in /tmp/binarydeb/ros-noetic-tf2-0.7.7/src/buffer_core.cpp
[33m[ WARN] [1790466379.950356675, 1790452175.671946113]: TF_REPEATED_DATA ignoring data with redundant timestamp for frame odom (parent map) at time 1790452175.771946 according to authority unknown_publisher[0m
Warning: TF_REPEATED_DATA ignoring data with redundant timestamp for frame odom (parent map) at time 1790452175.771946 according to authority /rtabmap/rtabmap
         at line 278 in /tmp/binarydeb/ros-noetic-tf2-0.7.7/src/buffer_core.cpp
[0m[ INFO] [1790466380.775124629, 1790452176.377653112]: rtabmap (158): Rate=1.00s, Limit=0.000s, Conversion=0.0010s, RTAB-Map=0.2196s, Maps update=0.0001s pub=0.0001s (local map=42, WM=42)[0m
Warning: TF_REPEATED_DATA ignoring data with redundant timestamp for frame odom (parent map) at time 1790452176.631758 according to authority unknown_publisher
         at line 278 in /tmp/binarydeb/ros-noetic-tf2-0.7.7/src/buffer_core.cpp
[33m[ WARN] [1790466380.809053285, 1790452176.531758475]: TF_REPEATED_DATA ignoring data with redundant timestamp for frame odom (parent map) at time 1790452176.631758 according to authority unknown_publisher[0m
Warning: TF_REPEATED_DATA ignoring data with redundant timestamp for frame odom (parent map) at time 1790452176.631758 according to authority /rtabmap/rtabmap
         at line 278 in /tmp/binarydeb/ros-noetic-tf2-0.7.7/src/buffer_core.cpp
Warning: TF_REPEATED_DATA ignoring data with redundant timestamp for frame odom (parent map) at time 1790452177.507904 according to authority unknown_publisher
         at line 278 in /tmp/binarydeb/ros-noetic-tf2-0.7.7/src/buffer_core.cpp
Warning: TF_REPEATED_DATA ignoring data with redundant timestamp for frame odom (parent map) at time 1790452177.507904 according to authority /rtabmap/rtabmap
         at line 278 in /tmp/binarydeb/ros-noetic-tf2-0.7.7/src/buffer_core.cpp
[33m[ WARN] [1790466381.685202874, 1790452177.407904320]: TF_REPEATED_DATA ignoring data with redundant timestamp for frame odom (parent map) at time 1790452177.507904 according to authority unknown_publisher[0m
[0m[ INFO] [1790466381.904104662, 1790452177.620125447]: rtabmap (159): Rate=1.00s, Limit=0.000s, Conversion=0.0008s, RTAB-Map=0.1933s, Maps update=0.0001s pub=0.0001s (local map=43, WM=43)[0m
Warning: TF_REPEATED_DATA ignoring data with redundant timestamp for frame odom (parent map) at time 1790452178.370516 according to authority unknown_publisher
         at line 278 in /tmp/binarydeb/ros-noetic-tf2-0.7.7/src/buffer_core.cpp
Warning: TF_REPEATED_DATA ignoring data with redundant timestamp for frame odom (parent map) at time 1790452178.370516 according to authority /rtabmap/rtabmap
         at line 278 in /tmp/binarydeb/ros-noetic-tf2-0.7.7/src/buffer_core.cpp
[33m[ WARN] [1790466382.550321757, 1790452178.270515695]: TF_REPEATED_DATA ignoring data with redundant timestamp for frame odom (parent map) at time 1790452178.370516 according to authority unknown_publisher[0m
[0m[ INFO] [1790466382.868836444, 1790452178.592534954]: rtabmap (160): Rate=1.00s, Limit=0.000s, Conversion=0.0011s, RTAB-Map=0.2043s, Maps update=0.0001s pub=0.0001s (local map=44, WM=44)[0m
Warning: TF_REPEATED_DATA ignoring data with redundant timestamp for frame odom (parent map) at time 1790452179.230157 according to authority unknown_publisher
         at line 278 in /tmp/binarydeb/ros-noetic-tf2-0.7.7/src/buffer_core.cpp
Warning: TF_REPEATED_DATA ignoring data with redundant timestamp for frame odom (parent map) at time 1790452179.230157 according to authority /rtabmap/rtabmap
         at line 278 in /tmp/binarydeb/ros-noetic-tf2-0.7.7/src/buffer_core.cpp
[33m[ WARN] [1790466383.407782282, 1790452178.965205950]: TF_REPEATED_DATA ignoring data with redundant timestamp for frame odom (parent map) at time 1790452179.230157 according to authority unknown_publisher[0m
[0m[ INFO] [1790466383.861443723, 1790452179.575708781]: rtabmap (161): Rate=1.00s, Limit=0.000s, Conversion=0.0008s, RTAB-Map=0.1944s, Maps update=0.0001s pub=0.0001s (local map=45, WM=45)[0m
Warning: TF_REPEATED_DATA ignoring data with redundant timestamp for frame odom (parent map) at time 1790452180.215389 according to authority unknown_publisher
         at line 278 in /tmp/binarydeb/ros-noetic-tf2-0.7.7/src/buffer_core.cpp
[33m[ WARN] [1790466384.393300581, 1790452180.115388870]: TF_REPEATED_DATA ignoring data with redundant timestamp for frame odom (parent map) at time 1790452180.215389 according to authority unknown_publisher[0m
Warning: TF_REPEATED_DATA ignoring data with redundant timestamp for frame odom (parent map) at time 1790452180.215389 according to authority /rtabmap/rtabmap
         at line 278 in /tmp/binarydeb/ros-noetic-tf2-0.7.7/src/buffer_core.cpp
[0m[ INFO] [1790466384.941473219, 1790452180.658960031]: rtabmap (162): Rate=1.00s, Limit=0.000s, Conversion=0.0008s, RTAB-Map=0.1885s, Maps update=0.0001s pub=0.0001s (local map=46, WM=46)[0m
[0m[ INFO] [1790466386.050846771, 1790452181.768477776]: rtabmap (163): Rate=1.00s, Limit=0.000s, Conversion=0.0009s, RTAB-Map=0.1859s, Maps update=0.0001s pub=0.0001s (local map=47, WM=47)[0m
Warning: TF_REPEATED_DATA ignoring data with redundant timestamp for frame odom (parent map) at time 1790452182.028003 according to authority unknown_publisher
         at line 278 in /tmp/binarydeb/ros-noetic-tf2-0.7.7/src/buffer_core.cpp
[33m[ WARN] [1790466386.205006383, 1790452181.928002680]: TF_REPEATED_DATA ignoring data with redundant timestamp for frame odom (parent map) at time 1790452182.028003 according to authority unknown_publisher[0m
Warning: TF_REPEATED_DATA ignoring data with redundant timestamp for frame odom (parent map) at time 1790452182.028003 according to authority /rtabmap/rtabmap
         at line 278 in /tmp/binarydeb/ros-noetic-tf2-0.7.7/src/buffer_core.cpp
[0m[ INFO] [1790466387.069921878, 1790452182.786449354]: rtabmap (164): Rate=1.00s, Limit=0.000s, Conversion=0.0013s, RTAB-Map=0.2018s, Maps update=0.0001s pub=0.0001s (local map=48, WM=48)[0m
[0m[ INFO] [1790466388.156802854, 1790452183.879975696]: rtabmap (165): Rate=1.00s, Limit=0.000s, Conversion=0.0012s, RTAB-Map=0.1847s, Maps update=0.0002s pub=0.0001s (local map=49, WM=49)[0m
[0m[ INFO] [1790466389.247497409, 1790452184.967208719]: rtabmap (166): Rate=1.00s, Limit=0.000s, Conversion=0.0018s, RTAB-Map=0.1845s, Maps update=0.0001s pub=0.0001s (local map=50, WM=50)[0m
[0m[ INFO] [1790466390.280110287, 1790452185.999068887]: rtabmap (167): Rate=1.00s, Limit=0.000s, Conversion=0.0012s, RTAB-Map=0.2073s, Maps update=0.0001s pub=0.0001s (local map=51, WM=51)[0m
[0m[ INFO] [1790466391.241269380, 1790452186.964131563]: rtabmap (168): Rate=1.00s, Limit=0.000s, Conversion=0.0021s, RTAB-Map=0.1825s, Maps update=0.0001s pub=0.0001s (local map=52, WM=52)[0m
[0m[ INFO] [1790466392.352108289, 1790452188.073560285]: rtabmap (169): Rate=1.00s, Limit=0.000s, Conversion=0.0009s, RTAB-Map=0.1982s, Maps update=0.0001s pub=0.0001s (local map=53, WM=53)[0m
[0m[ INFO] [1790466393.462384389, 1790452189.184478342]: rtabmap (170): Rate=1.00s, Limit=0.000s, Conversion=0.0009s, RTAB-Map=0.2114s, Maps update=0.0001s pub=0.0001s (local map=54, WM=54)[0m
[0m[ INFO] [1790466394.534838208, 1790452190.251777303]: rtabmap (171): Rate=1.00s, Limit=0.000s, Conversion=0.0008s, RTAB-Map=0.1826s, Maps update=0.0001s pub=0.0001s (local map=55, WM=55)[0m
Warning: TF_REPEATED_DATA ignoring data with redundant timestamp for frame odom (parent map) at time 1790452190.850819 according to authority unknown_publisher
         at line 278 in /tmp/binarydeb/ros-noetic-tf2-0.7.7/src/buffer_core.cpp
Warning: TF_REPEATED_DATA ignoring data with redundant timestamp for frame odom (parent map) at time 1790452190.850819 according to authority /rtabmap/rtabmap
         at line 278 in /tmp/binarydeb/ros-noetic-tf2-0.7.7/src/buffer_core.cpp
[33m[ WARN] [1790466395.029859105, 1790452190.750818617]: TF_REPEATED_DATA ignoring data with redundant timestamp for frame odom (parent map) at time 1790452190.850819 according to authority unknown_publisher[0m
[0m[ INFO] [1790466395.662186374, 1790452191.379645249]: rtabmap (172): Rate=1.00s, Limit=0.000s, Conversion=0.0013s, RTAB-Map=0.2004s, Maps update=0.0001s pub=0.0001s (local map=56, WM=56)[0m
Warning: TF_REPEATED_DATA ignoring data with redundant timestamp for frame odom (parent map) at time 1790452191.708553 according to authority unknown_publisher
         at line 278 in /tmp/binarydeb/ros-noetic-tf2-0.7.7/src/buffer_core.cpp
[33m[ WARN] [1790466395.885929926, 1790452191.608553195]: TF_REPEATED_DATA ignoring data with redundant timestamp for frame odom (parent map) at time 1790452191.708553 according to authority unknown_publisher[0m
Warning: TF_REPEATED_DATA ignoring data with redundant timestamp for frame odom (parent map) at time 1790452191.708553 according to authority /rtabmap/rtabmap
         at line 278 in /tmp/binarydeb/ros-noetic-tf2-0.7.7/src/buffer_core.cpp
[0m[ INFO] [1790466396.734693366, 1790452192.304823295]: rtabmap (173): Rate=1.00s, Limit=0.000s, Conversion=0.0011s, RTAB-Map=0.1829s, Maps update=0.0001s pub=0.0001s (local map=57, WM=57)[0m
Warning: TF_REPEATED_DATA ignoring data with redundant timestamp for frame odom (parent map) at time 1790452192.564937 according to authority unknown_publisher
         at line 278 in /tmp/binarydeb/ros-noetic-tf2-0.7.7/src/buffer_core.cpp
[33m[ WARN] [1790466396.742945402, 1790452192.464937242]: TF_REPEATED_DATA ignoring data with redundant timestamp for frame odom (parent map) at time 1790452192.564937 according to authority unknown_publisher[0m
Warning: TF_REPEATED_DATA ignoring data with redundant timestamp for frame odom (parent map) at time 1790452192.564937 according to authority /rtabmap/rtabmap
         at line 278 in /tmp/binarydeb/ros-noetic-tf2-0.7.7/src/buffer_core.cpp
Warning: TF_REPEATED_DATA ignoring data with redundant timestamp for frame odom (parent map) at time 1790452193.448734 according to authority unknown_publisher
         at line 278 in /tmp/binarydeb/ros-noetic-tf2-0.7.7/src/buffer_core.cpp
[33m[ WARN] [1790466397.625661670, 1790452193.348733615]: TF_REPEATED_DATA ignoring data with redundant timestamp for frame odom (parent map) at time 1790452193.448734 according to authority unknown_publisher[0m
Warning: TF_REPEATED_DATA ignoring data with redundant timestamp for frame odom (parent map) at time 1790452193.448734 according to authority /rtabmap/rtabmap
         at line 278 in /tmp/binarydeb/ros-noetic-tf2-0.7.7/src/buffer_core.cpp
[0m[ INFO] [1790466397.847318138, 1790452193.571054856]: rtabmap (174): Rate=1.00s, Limit=0.000s, Conversion=0.0008s, RTAB-Map=0.2036s, Maps update=0.0001s pub=0.0001s (local map=58, WM=58)[0m
Warning: TF_REPEATED_DATA ignoring data with redundant timestamp for frame odom (parent map) at time 1790452194.304051 according to authority unknown_publisher
         at line 278 in /tmp/binarydeb/ros-noetic-tf2-0.7.7/src/buffer_core.cpp
Warning: TF_REPEATED_DATA ignoring data with redundant timestamp for frame odom (parent map) at time 1790452194.304051 according to authority /rtabmap/rtabmap
         at line 278 in /tmp/binarydeb/ros-noetic-tf2-0.7.7/src/buffer_core.cpp
[33m[ WARN] [1790466398.480782327, 1790452194.204051106]: TF_REPEATED_DATA ignoring data with redundant timestamp for frame odom (parent map) at time 1790452194.304051 according to authority unknown_publisher[0m
[0m[ INFO] [1790466398.761660497, 1790452194.477928514]: rtabmap (175): Rate=1.00s, Limit=0.000s, Conversion=0.0012s, RTAB-Map=0.2074s, Maps update=0.0002s pub=0.0001s (local map=59, WM=59)[0m
Warning: TF_REPEATED_DATA ignoring data with redundant timestamp for frame odom (parent map) at time 1790452195.166107 according to authority unknown_publisher
         at line 278 in /tmp/binarydeb/ros-noetic-tf2-0.7.7/src/buffer_core.cpp
[33m[ WARN] [1790466399.344018513, 1790452195.066106802]: TF_REPEATED_DATA ignoring data with redundant timestamp for frame odom (parent map) at time 1790452195.166107 according to authority unknown_publisher[0m
Warning: TF_REPEATED_DATA ignoring data with redundant timestamp for frame odom (parent map) at time 1790452195.166107 according to authority /rtabmap/rtabmap
         at line 278 in /tmp/binarydeb/ros-noetic-tf2-0.7.7/src/buffer_core.cpp
[0m[ INFO] [1790466399.867980885, 1790452195.583013756]: rtabmap (176): Rate=1.00s, Limit=0.000s, Conversion=0.0013s, RTAB-Map=0.2030s, Maps update=0.0001s pub=0.0001s (local map=60, WM=60)[0m
Warning: TF_REPEATED_DATA ignoring data with redundant timestamp for frame odom (parent map) at time 1790452196.032149 according to authority unknown_publisher
         at line 278 in /tmp/binarydeb/ros-noetic-tf2-0.7.7/src/buffer_core.cpp
[33m[ WARN] [1790466400.208947968, 1790452195.932148521]: TF_REPEATED_DATA ignoring data with redundant timestamp for frame odom (parent map) at time 1790452196.032149 according to authority unknown_publisher[0m
Warning: TF_REPEATED_DATA ignoring data with redundant timestamp for frame odom (parent map) at time 1790452196.032149 according to authority /rtabmap/rtabmap
         at line 278 in /tmp/binarydeb/ros-noetic-tf2-0.7.7/src/buffer_core.cpp
[0m[ INFO] [1790466400.939789352, 1790452196.633299903]: rtabmap (177): Rate=1.00s, Limit=0.000s, Conversion=0.0013s, RTAB-Map=0.1848s, Maps update=0.0001s pub=0.0001s (local map=61, WM=61)[0m
Warning: TF_REPEATED_DATA ignoring data with redundant timestamp for frame odom (parent map) at time 1790452196.890107 according to authority unknown_publisher
         at line 278 in /tmp/binarydeb/ros-noetic-tf2-0.7.7/src/buffer_core.cpp
[33m[ WARN] [1790466401.067413344, 1790452196.790107237]: TF_REPEATED_DATA ignoring data with redundant timestamp for frame odom (parent map) at time 1790452196.890107 according to authority unknown_publisher[0m
Warning: TF_REPEATED_DATA ignoring data with redundant timestamp for frame odom (parent map) at time 1790452196.890107 according to authority /rtabmap/rtabmap
         at line 278 in /tmp/binarydeb/ros-noetic-tf2-0.7.7/src/buffer_core.cpp
Warning: TF_REPEATED_DATA ignoring data with redundant timestamp for frame odom (parent map) at time 1790452197.764930 according to authority unknown_publisher
         at line 278 in /tmp/binarydeb/ros-noetic-tf2-0.7.7/src/buffer_core.cpp
Warning: TF_REPEATED_DATA ignoring data with redundant timestamp for frame odom (parent map) at time 1790452197.764930 according to authority /rtabmap/rtabmap
         at line 278 in /tmp/binarydeb/ros-noetic-tf2-0.7.7/src/buffer_core.cpp
[33m[ WARN] [1790466401.943405494, 1790452197.664930482]: TF_REPEATED_DATA ignoring data with redundant timestamp for frame odom (parent map) at time 1790452197.764930 according to authority unknown_publisher[0m
[0m[ INFO] [1790466402.156764879, 1790452197.877638150]: rtabmap (178): Rate=1.00s, Limit=0.000s, Conversion=0.0008s, RTAB-Map=0.1968s, Maps update=0.0001s pub=0.0001s (local map=62, WM=62)[0m
Warning: TF_REPEATED_DATA ignoring data with redundant timestamp for frame odom (parent map) at time 1790452198.631585 according to authority unknown_publisher
         at line 278 in /tmp/binarydeb/ros-noetic-tf2-0.7.7/src/buffer_core.cpp
[33m[ WARN] [1790466402.813411075, 1790452198.531584964]: TF_REPEATED_DATA ignoring data with redundant timestamp for frame odom (parent map) at time 1790452198.631585 according to authority unknown_publisher[0m
Warning: TF_REPEATED_DATA ignoring data with redundant timestamp for frame odom (parent map) at time 1790452198.631585 according to authority /rtabmap/rtabmap
         at line 278 in /tmp/binarydeb/ros-noetic-tf2-0.7.7/src/buffer_core.cpp
[0m[ INFO] [1790466403.050858979, 1790452198.774286254]: rtabmap (179): Rate=1.00s, Limit=0.000s, Conversion=0.0008s, RTAB-Map=0.1869s, Maps update=0.0001s pub=0.0001s (local map=63, WM=63)[0m
Warning: TF_REPEATED_DATA ignoring data with redundant timestamp for frame odom (parent map) at time 1790452199.491989 according to authority unknown_publisher
         at line 278 in /tmp/binarydeb/ros-noetic-tf2-0.7.7/src/buffer_core.cpp
Warning: TF_REPEATED_DATA ignoring data with redundant timestamp for frame odom (parent map) at time 1790452199.491989 according to authority /rtabmap/rtabmap
         at line 278 in /tmp/binarydeb/ros-noetic-tf2-0.7.7/src/buffer_core.cpp
[33m[ WARN] [1790466403.669863367, 1790452199.391988936]: TF_REPEATED_DATA ignoring data with redundant timestamp for frame odom (parent map) at time 1790452199.491989 according to authority unknown_publisher[0m
[0m[ INFO] [1790466404.140801162, 1790452199.855392077]: rtabmap (180): Rate=1.00s, Limit=0.000s, Conversion=0.0008s, RTAB-Map=0.1906s, Maps update=0.0001s pub=0.0001s (local map=64, WM=64)[0m
Warning: TF_REPEATED_DATA ignoring data with redundant timestamp for frame odom (parent map) at time 1790452200.082559 according to authority unknown_publisher
         at line 278 in /tmp/binarydeb/ros-noetic-tf2-0.7.7/src/buffer_core.cpp
Warning: [33m[ WARN] [1790466404.259720606, 1790452199.982558724]: TF_REPEATED_DATA ignoring data with redundant timestamp for frame odom (parent map) at time 1790452200.082559 according to authority unknown_publisher[0m
TF_REPEATED_DATA ignoring data with redundant timestamp for frame odom (parent map) at time 1790452200.082559 according to authority /rtabmap/rtabmap
         at line 278 in /tmp/binarydeb/ros-noetic-tf2-0.7.7/src/buffer_core.cpp
Warning: TF_REPEATED_DATA ignoring data with redundant timestamp for frame odom (parent map) at time 1790452200.345705 according to authority unknown_publisher
         at line 278 in /tmp/binarydeb/ros-noetic-tf2-0.7.7/src/buffer_core.cpp
[33m[ WARN] [1790466404.522847605, 1790452200.245704539]: TF_REPEATED_DATA ignoring data with redundant timestamp for frame odom (parent map) at time 1790452200.345705 according to authority unknown_publisher[0m
Warning: TF_REPEATED_DATA ignoring data with redundant timestamp for frame odom (parent map) at time 1790452200.345705 according to authority /rtabmap/rtabmap
         at line 278 in /tmp/binarydeb/ros-noetic-tf2-0.7.7/src/buffer_core.cpp
[0m[ INFO] [1790466405.275766543, 1790452200.991236217]: rtabmap (181): Rate=1.00s, Limit=0.000s, Conversion=0.0014s, RTAB-Map=0.2134s, Maps update=0.0001s pub=0.0001s (local map=65, WM=65)[0m
[0m[ INFO] [1790466406.277102801, 1790452202.000714238]: rtabmap (182): Rate=1.00s, Limit=0.000s, Conversion=0.0019s, RTAB-Map=0.2150s, Maps update=0.0001s pub=0.0001s (local map=66, WM=66)[0m
[0m[ INFO] [1790466407.364603843, 1790452203.087968078]: rtabmap (183): Rate=1.00s, Limit=0.000s, Conversion=0.0012s, RTAB-Map=0.2107s, Maps update=0.0001s pub=0.0001s (local map=67, WM=67)[0m
[0m[ INFO] [1790466408.469419918, 1790452204.191896241]: rtabmap (184): Rate=1.00s, Limit=0.000s, Conversion=0.0020s, RTAB-Map=0.2074s, Maps update=0.0001s pub=0.0001s (local map=68, WM=68)[0m
[0m[ INFO] [1790466409.484495613, 1790452205.205551892]: rtabmap (185): Rate=1.00s, Limit=0.000s, Conversion=0.0010s, RTAB-Map=0.2267s, Maps update=0.0001s pub=0.0002s (local map=69, WM=69)[0m
[0m[ INFO] [1790466410.482177572, 1790452206.198356275]: rtabmap (186): Rate=1.00s, Limit=0.000s, Conversion=0.0014s, RTAB-Map=0.2267s, Maps update=0.0001s pub=0.0001s (local map=70, WM=70)[0m
[0m[ INFO] [1790466411.544810447, 1790452207.262344873]: rtabmap (187): Rate=1.00s, Limit=0.000s, Conversion=0.0015s, RTAB-Map=0.1893s, Maps update=0.0001s pub=0.0001s (local map=71, WM=71)[0m
[0m[ INFO] [1790466412.580758309, 1790452208.301304761]: rtabmap (188): Rate=1.00s, Limit=0.000s, Conversion=0.0015s, RTAB-Map=0.2213s, Maps update=0.0001s pub=0.0001s (local map=72, WM=72)[0m
Warning: TF_REPEATED_DATA ignoring data with redundant timestamp for frame odom (parent map) at time 1790452209.380886 according to authority unknown_publisher
         at line 278 in /tmp/binarydeb/ros-noetic-tf2-0.7.7/src/buffer_core.cpp
[33m[ WARN] [1790466413.558659107, 1790452209.280885540]: TF_REPEATED_DATA ignoring data with redundant timestamp for frame odom (parent map) at time 1790452209.380886 according to authority unknown_publisher[0m
Warning: TF_REPEATED_DATA ignoring data with redundant timestamp for frame odom (parent map) at time 1790452209.380886 according to authority /rtabmap/rtabmap
         at line 278 in /tmp/binarydeb/ros-noetic-tf2-0.7.7/src/buffer_core.cpp
[0m[ INFO] [1790466413.787281359, 1790452209.506118613]: rtabmap (189): Rate=1.00s, Limit=0.000s, Conversion=0.0013s, RTAB-Map=0.2010s, Maps update=0.0001s pub=0.0001s (local map=73, WM=73)[0m
Warning: TF_REPEATED_DATA ignoring data with redundant timestamp for frame odom (parent map) at time 1790452210.233443 according to authority unknown_publisher
         at line 278 in /tmp/binarydeb/ros-noetic-tf2-0.7.7/src/buffer_core.cpp
[33m[ WARN] [1790466414.414286991, 1790452210.133442583]: TF_REPEATED_DATA ignoring data with redundant timestamp for frame odom (parent map) at time 1790452210.233443 according to authority unknown_publisher[0m
Warning: TF_REPEATED_DATA ignoring data with redundant timestamp for frame odom (parent map) at time 1790452210.233443 according to authority /rtabmap/rtabmap
         at line 278 in /tmp/binarydeb/ros-noetic-tf2-0.7.7/src/buffer_core.cpp
[0m[ INFO] [1790466414.643467074, 1790452210.365514754]: rtabmap (190): Rate=1.00s, Limit=0.000s, Conversion=0.0010s, RTAB-Map=0.1852s, Maps update=0.0001s pub=0.0001s (local map=74, WM=74)[0m
Warning: TF_REPEATED_DATA ignoring data with redundant timestamp for frame odom (parent map) at time 1790452210.887568 according to authority unknown_publisher
         at line 278 in /tmp/binarydeb/ros-noetic-tf2-0.7.7/src/buffer_core.cpp
[33m[ WARN] [1790466415.064825685, 1790452210.787567930]: TF_REPEATED_DATA ignoring data with redundant timestamp for frame odom (parent map) at time 1790452210.887568 according to authority unknown_publisher[0m
Warning: TF_REPEATED_DATA ignoring data with redundant timestamp for frame odom (parent map) at time 1790452210.887568 according to authority /rtabmap/rtabmap
         at line 278 in /tmp/binarydeb/ros-noetic-tf2-0.7.7/src/buffer_core.cpp
Warning: TF_REPEATED_DATA ignoring data with redundant timestamp for frame odom (parent map) at time 1790452211.101490 according to authority unknown_publisher
         at line 278 in /tmp/binarydeb/ros-noetic-tf2-0.7.7/src/buffer_core.cpp
Warning: TF_REPEATED_DATA ignoring data with redundant timestamp for frame odom (parent map) at time 1790452211.101490 according to authority /rtabmap/rtabmap
         at line 278 in /tmp/binarydeb/ros-noetic-tf2-0.7.7/src/buffer_core.cpp
[33m[ WARN] [1790466415.279774611, 1790452211.001490416]: TF_REPEATED_DATA ignoring data with redundant timestamp for frame odom (parent map) at time 1790452211.101490 according to authority unknown_publisher[0m
[0m[ INFO] [1790466415.774697645, 1790452211.496826222]: rtabmap (191): Rate=1.00s, Limit=0.000s, Conversion=0.0013s, RTAB-Map=0.2150s, Maps update=0.0001s pub=0.0001s (local map=75, WM=75)[0m
Warning: TF_REPEATED_DATA ignoring data with redundant timestamp for frame odom (parent map) at time 1790452211.966207 according to authority unknown_publisher
         at line 278 in /tmp/binarydeb/ros-noetic-tf2-0.7.7/src/buffer_core.cpp
[33m[ WARN] [1790466416.142912970, 1790452211.866207220]: TF_REPEATED_DATA ignoring data with redundant timestamp for frame odom (parent map) at time 1790452211.966207 according to authority unknown_publisher[0m
Warning: TF_REPEATED_DATA ignoring data with redundant timestamp for frame odom (parent map) at time 1790452211.966207 according to authority /rtabmap/rtabmap
         at line 278 in /tmp/binarydeb/ros-noetic-tf2-0.7.7/src/buffer_core.cpp
[0m[ INFO] [1790466416.753363051, 1790452212.471105415]: rtabmap (192): Rate=1.00s, Limit=0.000s, Conversion=0.0011s, RTAB-Map=0.1908s, Maps update=0.0001s pub=0.0001s (local map=76, WM=76)[0m
Warning: TF_REPEATED_DATA ignoring data with redundant timestamp for frame odom (parent map) at time 1790452212.827546 according to authority unknown_publisher
         at line 278 in /tmp/binarydeb/ros-noetic-tf2-0.7.7/src/buffer_core.cpp
[33m[ WARN] [1790466417.005959366, 1790452212.727545762]: TF_REPEATED_DATA ignoring data with redundant timestamp for frame odom (parent map) at time 1790452212.827546 according to authority unknown_publisher[0m
Warning: TF_REPEATED_DATA ignoring data with redundant timestamp for frame odom (parent map) at time 1790452212.827546 according to authority /rtabmap/rtabmap
         at line 278 in /tmp/binarydeb/ros-noetic-tf2-0.7.7/src/buffer_core.cpp
[0m[ INFO] [1790466417.784679273, 1790452213.504076083]: rtabmap (193): Rate=1.00s, Limit=0.000s, Conversion=0.0013s, RTAB-Map=0.2207s, Maps update=0.0001s pub=0.0001s (local map=77, WM=77)[0m
[0m[ INFO] [1790466418.872197957, 1790452214.593532575]: rtabmap (194): Rate=1.00s, Limit=0.000s, Conversion=0.0020s, RTAB-Map=0.2048s, Maps update=0.0001s pub=0.0001s (local map=78, WM=78)[0m
[0m[ INFO] [1790466419.867095332, 1790452215.583151793]: rtabmap (195): Rate=1.00s, Limit=0.000s, Conversion=0.0009s, RTAB-Map=0.2045s, Maps update=0.0002s pub=0.0001s (local map=79, WM=79)[0m
[0m[ INFO] [1790466420.868931909, 1790452216.592221231]: rtabmap (196): Rate=1.00s, Limit=0.000s, Conversion=0.0017s, RTAB-Map=0.1943s, Maps update=0.0001s pub=0.0001s (local map=80, WM=80)[0m
[0m[ INFO] [1790466421.869246978, 1790452217.590076471]: rtabmap (197): Rate=1.00s, Limit=0.000s, Conversion=0.0013s, RTAB-Map=0.2141s, Maps update=0.0001s pub=0.0001s (local map=81, WM=81)[0m
Warning: TF_REPEATED_DATA ignoring data with redundant timestamp for frame odom (parent map) at time 1790452217.842261 according to authority unknown_publisher
         at line 278 in /tmp/binarydeb/ros-noetic-tf2-0.7.7/src/buffer_core.cpp
[33m[ WARN] [1790466422.022545222, 1790452217.742260627]: TF_REPEATED_DATA ignoring data with redundant timestamp for frame odom (parent map) at time 1790452217.842261 according to authority unknown_publisher[0m
Warning: TF_REPEATED_DATA ignoring data with redundant timestamp for frame odom (parent map) at time 1790452217.842261 according to authority /rtabmap/rtabmap
         at line 278 in /tmp/binarydeb/ros-noetic-tf2-0.7.7/src/buffer_core.cpp
[0m[ INFO] [1790466422.974391510, 1790452218.688931095]: rtabmap (198): Rate=1.00s, Limit=0.000s, Conversion=0.0012s, RTAB-Map=0.2142s, Maps update=0.0001s pub=0.0001s (local map=82, WM=82)[0m
[0m[ INFO] [1790466423.975689612, 1790452219.691470039]: rtabmap (199): Rate=1.00s, Limit=0.000s, Conversion=0.0012s, RTAB-Map=0.2183s, Maps update=0.0001s pub=0.0001s (local map=83, WM=83)[0m
[0m[ INFO] [1790466424.956854465, 1790452220.679692584]: rtabmap (200): Rate=1.00s, Limit=0.000s, Conversion=0.0009s, RTAB-Map=0.2056s, Maps update=0.0002s pub=0.0001s (local map=84, WM=84)[0m
[0m[ INFO] [1790466425.947662511, 1790452221.671467038]: rtabmap (201): Rate=1.00s, Limit=0.000s, Conversion=0.0013s, RTAB-Map=0.1843s, Maps update=0.0002s pub=0.0002s (local map=85, WM=85)[0m
[0m[ INFO] [1790466427.052373701, 1790452222.773725246]: rtabmap (202): Rate=1.00s, Limit=0.000s, Conversion=0.0009s, RTAB-Map=0.1863s, Maps update=0.0001s pub=0.0001s (local map=86, WM=86)[0m
[0m[ INFO] [1790466428.042651583, 1790452223.763965432]: rtabmap (203): Rate=1.00s, Limit=0.000s, Conversion=0.0008s, RTAB-Map=0.1824s, Maps update=0.0001s pub=0.0001s (local map=87, WM=87)[0m
[0m[ INFO] [1790466429.161591967, 1790452224.882796792]: rtabmap (204): Rate=1.00s, Limit=0.000s, Conversion=0.0009s, RTAB-Map=0.2075s, Maps update=0.0001s pub=0.0001s (local map=88, WM=88)[0m
[0m[ INFO] [1790466430.184731520, 1790452225.905648502]: rtabmap (205): Rate=1.00s, Limit=0.000s, Conversion=0.0013s, RTAB-Map=0.2202s, Maps update=0.0001s pub=0.0001s (local map=89, WM=89)[0m
[0m[ INFO] [1790466431.279918570, 1790452226.997830631]: rtabmap (206): Rate=1.00s, Limit=0.000s, Conversion=0.0013s, RTAB-Map=0.2066s, Maps update=0.0001s pub=0.0001s (local map=89, WM=89)[0m
[0m[ INFO] [1790466432.256586034, 1790452227.975522392]: rtabmap (207): Rate=1.00s, Limit=0.000s, Conversion=0.0019s, RTAB-Map=0.1927s, Maps update=0.0002s pub=0.0001s (local map=89, WM=89)[0m
[0m[ INFO] [1790466433.360281431, 1790452229.015031356]: rtabmap (208): Rate=1.00s, Limit=0.000s, Conversion=0.0012s, RTAB-Map=0.1883s, Maps update=0.0002s pub=0.0001s (local map=89, WM=89)[0m
Warning: TF_REPEATED_DATA ignoring data with redundant timestamp for frame odom (parent map) at time 1790452229.271611 according to authority unknown_publisher
         at line 278 in /tmp/binarydeb/ros-noetic-tf2-0.7.7/src/buffer_core.cpp
Warning: TF_REPEATED_DATA ignoring data with redundant timestamp for frame odom (parent map) at time 1790452229.271611 according to authority /rtabmap/rtabmap
         at line 278 in /tmp/binarydeb/ros-noetic-tf2-0.7.7/src/buffer_core.cpp
[33m[ WARN] [1790466433.450001583, 1790452229.171611563]: TF_REPEATED_DATA ignoring data with redundant timestamp for frame odom (parent map) at time 1790452229.271611 according to authority unknown_publisher[0m
Warning: TF_REPEATED_DATA ignoring data with redundant timestamp for frame odom (parent map) at time 1790452230.129740 according to authority unknown_publisher
         at line 278 in /tmp/binarydeb/ros-noetic-tf2-0.7.7/src/buffer_core.cpp
Warning: TF_REPEATED_DATA ignoring data with redundant timestamp for frame odom (parent map) at time 1790452230.129740 according to authority /rtabmap/rtabmap
         at line 278 in /tmp/binarydeb/ros-noetic-tf2-0.7.7/src/buffer_core.cpp
[33m[ WARN] [1790466434.308453373, 1790452230.029739414]: TF_REPEATED_DATA ignoring data with redundant timestamp for frame odom (parent map) at time 1790452230.129740 according to authority unknown_publisher[0m
[0m[ INFO] [1790466434.352967959, 1790452230.069986603]: rtabmap (209): Rate=1.00s, Limit=0.000s, Conversion=0.0013s, RTAB-Map=0.1909s, Maps update=0.0002s pub=0.0001s (local map=89, WM=89)[0m
Warning: TF_REPEATED_DATA ignoring data with redundant timestamp for frame odom (parent map) at time 1790452231.134363 according to authority unknown_publisher
         at line 278 in /tmp/binarydeb/ros-noetic-tf2-0.7.7/src/buffer_core.cpp
Warning: TF_REPEATED_DATA ignoring data with redundant timestamp for frame odom (parent map) at time 1790452231.134363 according to authority /rtabmap/rtabmap
         at line 278 in /tmp/binarydeb/ros-noetic-tf2-0.7.7/src/buffer_core.cpp
[33m[ WARN] [1790466435.313835600, 1790452231.034363427]: TF_REPEATED_DATA ignoring data with redundant timestamp for frame odom (parent map) at time 1790452231.134363 according to authority unknown_publisher[0m
[0m[ INFO] [1790466435.517904949, 1790452231.235732753]: rtabmap (210): Rate=1.00s, Limit=0.000s, Conversion=0.0007s, RTAB-Map=0.1536s, Maps update=0.0001s pub=0.0001s (local map=90, WM=90)[0m
[0m[ INFO] [1790466435.706639991, 1790452231.426922568]: rtabmap (211): Rate=1.00s, Limit=0.000s, Conversion=0.0007s, RTAB-Map=0.1863s, Maps update=0.0002s pub=0.0001s (local map=90, WM=90)[0m
Warning: TF_REPEATED_DATA ignoring data with redundant timestamp for frame odom (parent map) at time 1790452231.867206 according to authority unknown_publisher
         at line 278 in /tmp/binarydeb/ros-noetic-tf2-0.7.7/src/buffer_core.cpp
Warning: TF_REPEATED_DATA ignoring data with redundant timestamp for frame odom (parent map) at time 1790452231.867206 according to authority /rtabmap/rtabmap
         at line 278 in /tmp/binarydeb/ros-noetic-tf2-0.7.7/src/buffer_core.cpp
[33m[ WARN] [1790466436.044983248, 1790452231.767206289]: TF_REPEATED_DATA ignoring data with redundant timestamp for frame odom (parent map) at time 1790452231.867206 according to authority unknown_publisher[0m
[0m[ INFO] [1790466436.627684713, 1790452232.349047810]: rtabmap (212): Rate=1.00s, Limit=0.000s, Conversion=0.0008s, RTAB-Map=0.1750s, Maps update=0.0002s pub=0.0001s (local map=90, WM=90)[0m
Warning: TF_REPEATED_DATA ignoring data with redundant timestamp for frame odom (parent map) at time 1790452232.730209 according to authority unknown_publisher
         at line 278 in /tmp/binarydeb/ros-noetic-tf2-0.7.7/src/buffer_core.cpp
Warning: TF_REPEATED_DATA ignoring data with redundant timestamp for frame odom (parent map) at time 1790452232.730209 according to authority /rtabmap/rtabmap[33m[ WARN] [1790466436.907015087, 1790452232.630208664]: TF_REPEATED_DATA ignoring data with redundant timestamp for frame odom (parent map) at time 1790452232.730209 according to authority unknown_publisher[0m

         at line 278 in /tmp/binarydeb/ros-noetic-tf2-0.7.7/src/buffer_core.cpp
[0m[ INFO] [1790466437.643961866, 1790452233.337580728]: rtabmap (213): Rate=1.00s, Limit=0.000s, Conversion=0.0013s, RTAB-Map=0.1769s, Maps update=0.0002s pub=0.0001s (local map=90, WM=90)[0m
Warning: TF_REPEATED_DATA ignoring data with redundant timestamp for frame odom (parent map) at time 1790452233.590524 according to authority unknown_publisher
         at line 278 in /tmp/binarydeb/ros-noetic-tf2-0.7.7/src/buffer_core.cpp
[33m[ WARN] [1790466437.768298316, 1790452233.490523885]: TF_REPEATED_DATA ignoring data with redundant timestamp for frame odom (parent map) at time 1790452233.590524 according to authority unknown_publisher[0m
Warning: TF_REPEATED_DATA ignoring data with redundant timestamp for frame odom (parent map) at time 1790452233.590524 according to authority /rtabmap/rtabmap
         at line 278 in /tmp/binarydeb/ros-noetic-tf2-0.7.7/src/buffer_core.cpp
Warning: TF_REPEATED_DATA ignoring data with redundant timestamp for frame odom (parent map) at time 1790452234.451418 according to authority unknown_publisher
         at line 278 in /tmp/binarydeb/ros-noetic-tf2-0.7.7/src/buffer_core.cpp
[33m[ WARN] [1790466438.628396581, 1790452234.351418029]: TF_REPEATED_DATA ignoring data with redundant timestamp for frame odom (parent map) at time 1790452234.451418 according to authority unknown_publisher[0m
Warning: TF_REPEATED_DATA ignoring data with redundant timestamp for frame odom (parent map) at time 1790452234.451418 according to authority /rtabmap/rtabmap
         at line 278 in /tmp/binarydeb/ros-noetic-tf2-0.7.7/src/buffer_core.cpp
Warning: TF_REPEATED_DATA ignoring data with redundant timestamp for frame odom (parent map) at time 1790452235.317376 according to authority /rtabmap/rtabmap
         at line 278 in /tmp/binarydeb/ros-noetic-tf2-0.7.7/src/buffer_core.cpp
[33m[ WARN] [1790466439.495589824, 1790452235.217376477]: TF_REPEATED_DATA ignoring data with redundant timestamp for frame odom (parent map) at time 1790452235.317376 according to authority unknown_publisher[0m
[0m[ INFO] [1790466438.647420423, 1790452234.361482051]: rtabmap (214): Rate=1.00s, Limit=0.000s, Conversion=0.0013s, RTAB-Map=0.1814s, Maps update=0.0003s pub=0.0001s (local map=91, WM=91)[0m
Warning: TF_REPEATED_DATA ignoring data with redundant timestamp for frame odom (parent map) at time 1790452235.317376 according to authority unknown_publisher
         at line 278 in /tmp/binarydeb/ros-noetic-tf2-0.7.7/src/buffer_core.cpp
[0m[ INFO] [1790466439.702405027, 1790452235.418831218]: rtabmap (215): Rate=1.00s, Limit=0.000s, Conversion=0.0008s, RTAB-Map=0.1622s, Maps update=0.0001s pub=0.0001s (local map=92, WM=92)[0m
Warning: TF_REPEATED_DATA ignoring data with redundant timestamp for frame odom (parent map) at time 1790452236.186023 according to authority unknown_publisher
         at line 278 in /tmp/binarydeb/ros-noetic-tf2-0.7.7/src/buffer_core.cpp
Warning: TF_REPEATED_DATA ignoring data with redundant timestamp for frame odom (parent map) at time 1790452236.186023 according to authority /rtabmap/rtabmap[33m[ WARN] [1790466440.363385990, 1790452236.086023562]: TF_REPEATED_DATA ignoring data with redundant timestamp for frame odom (parent map) at time 1790452236.186023 according to authority unknown_publisher[0m

         at line 278 in /tmp/binarydeb/ros-noetic-tf2-0.7.7/src/buffer_core.cpp
[33m[ WARN] [1790466441.229338562, 1790452236.951838181]: TF_REPEATED_DATA ignoring data with redundant timestamp for frame odom (parent map) at time 1790452237.051838 according to authority unknown_publisher[0m
[0m[ INFO] [1790466440.845858809, 1790452236.559660658]: rtabmap (216): Rate=1.00s, Limit=0.000s, Conversion=0.0013s, RTAB-Map=0.1788s, Maps update=0.0003s pub=0.0001s (local map=93, WM=93)[0m
Warning: TF_REPEATED_DATA ignoring data with redundant timestamp for frame odom (parent map) at time 1790452237.051838 according to authority unknown_publisher
         at line 278 in /tmp/binarydeb/ros-noetic-tf2-0.7.7/src/buffer_core.cpp
Warning: TF_REPEATED_DATA ignoring data with redundant timestamp for frame odom (parent map) at time 1790452237.051838 according to authority /rtabmap/rtabmap
         at line 278 in /tmp/binarydeb/ros-noetic-tf2-0.7.7/src/buffer_core.cpp
[0m[ INFO] [1790466441.978842944, 1790452237.669095728]: rtabmap (217): Rate=1.00s, Limit=0.000s, Conversion=0.0013s, RTAB-Map=0.2057s, Maps update=0.0001s pub=0.0001s (local map=93, WM=93)[0m
Warning: TF_REPEATED_DATA ignoring data with redundant timestamp for frame odom (parent map) at time 1790452237.930669 according to authority unknown_publisher
         at line 278 in /tmp/binarydeb/ros-noetic-tf2-0.7.7/src/buffer_core.cpp
Warning: [33m[ WARN] [1790466442.109248570, 1790452237.830668852]: TF_REPEATED_DATA ignoring data with redundant timestamp for frame odom (parent map) at time 1790452237.930669 according to authority unknown_publisher[0m
TF_REPEATED_DATA ignoring data with redundant timestamp for frame odom (parent map) at time 1790452237.930669 according to authority /rtabmap/rtabmap
         at line 278 in /tmp/binarydeb/ros-noetic-tf2-0.7.7/src/buffer_core.cpp
Warning: TF_REPEATED_DATA ignoring data with redundant timestamp for frame odom (parent map) at time 1790452238.783333 according to authority unknown_publisher
         at line 278 in /tmp/binarydeb/ros-noetic-tf2-0.7.7/src/buffer_core.cpp
[33m[ WARN] [1790466442.962057777, 1790452238.683333258]: TF_REPEATED_DATA ignoring data with redundant timestamp for frame odom (parent map) at time 1790452238.783333 according to authority unknown_publisher[0m
Warning: TF_REPEATED_DATA ignoring data with redundant timestamp for frame odom (parent map) at time 1790452238.783333 according to authority /rtabmap/rtabmap
         at line 278 in /tmp/binarydeb/ros-noetic-tf2-0.7.7/src/buffer_core.cpp
[0m[ INFO] [1790466442.981888410, 1790452238.703439189]: rtabmap (218): Rate=1.00s, Limit=0.000s, Conversion=0.0012s, RTAB-Map=0.2088s, Maps update=0.0003s pub=0.0001s (local map=93, WM=93)[0m
Warning: TF_REPEATED_DATA ignoring data with redundant timestamp for frame odom (parent map) at time 1790452239.650504 according to authority unknown_publisher
         at line 278 in /tmp/binarydeb/ros-noetic-tf2-0.7.7/src/buffer_core.cpp
Warning: TF_REPEATED_DATA ignoring data with redundant timestamp for frame odom (parent map) at time 1790452239.650504 according to authority /rtabmap/rtabmap
         at line 278 in /tmp/binarydeb/ros-noetic-tf2-0.7.7/src/buffer_core.cpp
[33m[ WARN] [1790466443.828068031, 1790452239.550504321]: TF_REPEATED_DATA ignoring data with redundant timestamp for frame odom (parent map) at time 1790452239.650504 according to authority unknown_publisher[0m
[0m[ INFO] [1790466444.150468965, 1790452239.862666352]: rtabmap (219): Rate=1.00s, Limit=0.000s, Conversion=0.0013s, RTAB-Map=0.1885s, Maps update=0.0003s pub=0.0001s (local map=94, WM=94)[0m
Warning: TF_REPEATED_DATA ignoring data with redundant timestamp for frame odom (parent map) at time 1790452240.510545 according to authority unknown_publisher
         at line 278 in /tmp/binarydeb/ros-noetic-tf2-0.7.7/src/buffer_core.cpp
[33m[ WARN] [1790466444.687346520, 1790452240.410545377]: TF_REPEATED_DATA ignoring data with redundant timestamp for frame odom (parent map) at time 1790452240.510545 according to authority unknown_publisher[0m
Warning: TF_REPEATED_DATA ignoring data with redundant timestamp for frame odom (parent map) at time 1790452240.510545 according to authority /rtabmap/rtabmap
         at line 278 in /tmp/binarydeb/ros-noetic-tf2-0.7.7/src/buffer_core.cpp
[0m[ INFO] [1790466445.158188600, 1790452240.874960202]: rtabmap (220): Rate=1.00s, Limit=0.000s, Conversion=0.0012s, RTAB-Map=0.2087s, Maps update=0.0003s pub=0.0001s (local map=94, WM=94)[0m
[0m[ INFO] [1790466446.125715129, 1790452241.846435341]: rtabmap (221): Rate=1.00s, Limit=0.000s, Conversion=0.0008s, RTAB-Map=0.1738s, Maps update=0.0002s pub=0.0001s (local map=94, WM=94)[0m
[0m[ INFO] [1790466447.162616661, 1790452242.881455577]: rtabmap (222): Rate=1.00s, Limit=0.000s, Conversion=0.0009s, RTAB-Map=0.2093s, Maps update=0.0001s pub=0.0001s (local map=95, WM=95)[0m
[0m[ INFO] [1790466448.157990292, 1790452243.878716872]: rtabmap (223): Rate=1.00s, Limit=0.000s, Conversion=0.0008s, RTAB-Map=0.2049s, Maps update=0.0001s pub=0.0001s (local map=96, WM=96)[0m
[0m[ INFO] [1790466449.161324159, 1790452244.880681703]: rtabmap (224): Rate=1.00s, Limit=0.000s, Conversion=0.0009s, RTAB-Map=0.2026s, Maps update=0.0002s pub=0.0001s (local map=97, WM=97)[0m
Warning: TF_REPEATED_DATA ignoring data with redundant timestamp for frame odom (parent map) at time 1790452245.708244 according to authority unknown_publisher
         at line 278 in /tmp/binarydeb/ros-noetic-tf2-0.7.7/src/buffer_core.cpp
Warning: TF_REPEATED_DATA ignoring data with redundant timestamp for frame odom (parent map) at time 1790452245.708244 according to authority /rtabmap/rtabmap
         at line 278 in /tmp/binarydeb/ros-noetic-tf2-0.7.7/src/buffer_core.cpp
[33m[ WARN] [1790466449.886094966, 1790452245.608243542]: TF_REPEATED_DATA ignoring data with redundant timestamp for frame odom (parent map) at time 1790452245.708244 according to authority unknown_publisher[0m
[0m[ INFO] [1790466450.159715271, 1790452245.880757438]: rtabmap (225): Rate=1.00s, Limit=0.000s, Conversion=0.0013s, RTAB-Map=0.2007s, Maps update=0.0002s pub=0.0001s (local map=97, WM=97)[0m
Warning: TF_REPEATED_DATA ignoring data with redundant timestamp for frame odom (parent map) at time 1790452246.400448 according to authority unknown_publisher
         at line 278 in /tmp/binarydeb/ros-noetic-tf2-0.7.7/src/buffer_core.cpp
[33m[ WARN] [1790466450.582246427, 1790452246.300448057]: TF_REPEATED_DATA ignoring data with redundant timestamp for frame odom (parent map) at time 1790452246.400448 according to authority unknown_publisher[0m
Warning: TF_REPEATED_DATA ignoring data with redundant timestamp for frame odom (parent map) at time 1790452246.400448 according to authority /rtabmap/rtabmap
         at line 278 in /tmp/binarydeb/ros-noetic-tf2-0.7.7/src/buffer_core.cpp
Warning: TF_REPEATED_DATA ignoring data with redundant timestamp for frame odom (parent map) at time 1790452246.566103 according to authority unknown_publisher
         at line 278 in /tmp/binarydeb/ros-noetic-tf2-0.7.7/src/buffer_core.cpp
[33m[ WARN] [1790466450.743222532, 1790452246.466103498]: TF_REPEATED_DATA ignoring data with redundant timestamp for frame odom (parent map) at time 1790452246.566103 according to authority unknown_publisher[0m
Warning: TF_REPEATED_DATA ignoring data with redundant timestamp for frame odom (parent map) at time 1790452246.566103 according to authority /rtabmap/rtabmap
         at line 278 in /tmp/binarydeb/ros-noetic-tf2-0.7.7/src/buffer_core.cpp
[0m[ INFO] [1790466451.264377513, 1790452246.981661600]: rtabmap (226): Rate=1.00s, Limit=0.000s, Conversion=0.0013s, RTAB-Map=0.2016s, Maps update=0.0002s pub=0.0001s (local map=98, WM=98)[0m
Warning: TF_REPEATED_DATA ignoring data with redundant timestamp for frame odom (parent map) at time 1790452247.442736 according to authority unknown_publisher
         at line 278 in /tmp/binarydeb/ros-noetic-tf2-0.7.7/src/buffer_core.cpp
[33m[ WARN] [1790466451.620189921, 1790452247.342736197]: TF_REPEATED_DATA ignoring data with redundant timestamp for frame odom (parent map) at time 1790452247.442736 according to authority unknown_publisher[0m
Warning: TF_REPEATED_DATA ignoring data with redundant timestamp for frame odom (parent map) at time 1790452247.442736 according to authority /rtabmap/rtabmap
         at line 278 in /tmp/binarydeb/ros-noetic-tf2-0.7.7/src/buffer_core.cpp
[0m[ INFO] [1790466452.374377922, 1790452248.047725470]: rtabmap (227): Rate=1.00s, Limit=0.000s, Conversion=0.0011s, RTAB-Map=0.2032s, Maps update=0.0001s pub=0.0001s (local map=99, WM=99)[0m
Warning: TF_REPEATED_DATA ignoring data with redundant timestamp for frame odom (parent map) at time 1790452248.300272 according to authority unknown_publisher
         at line 278 in /tmp/binarydeb/ros-noetic-tf2-0.7.7/src/buffer_core.cpp
[33m[ WARN] [1790466452.477869566, 1790452248.200272065]: TF_REPEATED_DATA ignoring data with redundant timestamp for frame odom (parent map) at time 1790452248.300272 according to authority unknown_publisher[0m
Warning: TF_REPEATED_DATA ignoring data with redundant timestamp for frame odom (parent map) at time 1790452248.300272 according to authority /rtabmap/rtabmap
         at line 278 in /tmp/binarydeb/ros-noetic-tf2-0.7.7/src/buffer_core.cpp
Warning: TF_REPEATED_DATA ignoring data with redundant timestamp for frame odom (parent map) at time 1790452249.172230 according to authority unknown_publisher
         at line 278 in /tmp/binarydeb/ros-noetic-tf2-0.7.7/src/buffer_core.cpp
[33m[ WARN] [1790466453.349852988, 1790452249.072229470]: TF_REPEATED_DATA ignoring data with redundant timestamp for frame odom (parent map) at time 1790452249.172230 according to authority unknown_publisher[0m
Warning: TF_REPEATED_DATA ignoring data with redundant timestamp for frame odom (parent map) at time 1790452249.172230 according to authority /rtabmap/rtabmap
         at line 278 in /tmp/binarydeb/ros-noetic-tf2-0.7.7/src/buffer_core.cpp
[0m[ INFO] [1790466453.589410542, 1790452249.303798827]: rtabmap (228): Rate=1.00s, Limit=0.000s, Conversion=0.0017s, RTAB-Map=0.2155s, Maps update=0.0002s pub=0.0001s (local map=99, WM=99)[0m
Warning: TF_REPEATED_DATA ignoring data with redundant timestamp for frame odom (parent map) at time 1790452250.033792 according to authority unknown_publisher
         at line 278 in /tmp/binarydeb/ros-noetic-tf2-0.7.7/src/buffer_core.cpp
[33m[ WARN] [1790466454.210956897, 1790452249.933791815]: TF_REPEATED_DATA ignoring data with redundant timestamp for frame odom (parent map) at time 1790452250.033792 according to authority unknown_publisher[0m
Warning: TF_REPEATED_DATA ignoring data with redundant timestamp for frame odom (parent map) at time 1790452250.033792 according to authority /rtabmap/rtabmap
         at line 278 in /tmp/binarydeb/ros-noetic-tf2-0.7.7/src/buffer_core.cpp
[0m[ INFO] [1790466454.445896109, 1790452250.165977467]: rtabmap (229): Rate=1.00s, Limit=0.000s, Conversion=0.0011s, RTAB-Map=0.1863s, Maps update=0.0002s pub=0.0001s (local map=100, WM=100)[0m
Warning: TF_REPEATED_DATA ignoring data with redundant timestamp for frame odom (parent map) at time 1790452250.898791 according to authority unknown_publisher
         at line 278 in /tmp/binarydeb/ros-noetic-tf2-0.7.7/src/buffer_core.cpp
[33m[ WARN] [1790466455.075511689, 1790452250.798791155]: TF_REPEATED_DATA ignoring data with redundant timestamp for frame odom (parent map) at time 1790452250.898791 according to authority unknown_publisher[0m
Warning: TF_REPEATED_DATA ignoring data with redundant timestamp for frame odom (parent map) at time 1790452250.898791 according to authority /rtabmap/rtabmap
         at line 278 in /tmp/binarydeb/ros-noetic-tf2-0.7.7/src/buffer_core.cpp
[0m[ INFO] [1790466455.570438813, 1790452251.290676205]: rtabmap (230): Rate=1.00s, Limit=0.000s, Conversion=0.0018s, RTAB-Map=0.2089s, Maps update=0.0001s pub=0.0001s (local map=101, WM=101)[0m
[0m[ INFO] [1790466456.553275437, 1790452252.272198065]: rtabmap (231): Rate=1.00s, Limit=0.000s, Conversion=0.0010s, RTAB-Map=0.2029s, Maps update=0.0001s pub=0.0001s (local map=102, WM=102)[0m
[0m[ INFO] [1790466457.677245609, 1790452253.396185197]: rtabmap (232): Rate=1.00s, Limit=0.000s, Conversion=0.0013s, RTAB-Map=0.2087s, Maps update=0.0002s pub=0.0001s (local map=102, WM=102)[0m
[0m[ INFO] [1790466458.634148903, 1790452254.355337983]: rtabmap (233): Rate=1.00s, Limit=0.000s, Conversion=0.0010s, RTAB-Map=0.1749s, Maps update=0.0002s pub=0.0001s (local map=103, WM=103)[0m
[0m[ INFO] [1790466459.655572507, 1790452255.378472577]: rtabmap (234): Rate=1.00s, Limit=0.000s, Conversion=0.0009s, RTAB-Map=0.1905s, Maps update=0.0002s pub=0.0001s (local map=104, WM=104)[0m
[0m[ INFO] [1790466460.772876757, 1790452256.488075769]: rtabmap (235): Rate=1.00s, Limit=0.000s, Conversion=0.0013s, RTAB-Map=0.2098s, Maps update=0.0001s pub=0.0001s (local map=105, WM=105)[0m
[0m[ INFO] [1790466461.849719962, 1790452257.568246362]: rtabmap (236): Rate=1.00s, Limit=0.000s, Conversion=0.0009s, RTAB-Map=0.1803s, Maps update=0.0002s pub=0.0001s (local map=105, WM=105)[0m
[0m[ INFO] [1790466462.937897256, 1790452258.661674198]: rtabmap (237): Rate=1.00s, Limit=0.000s, Conversion=0.0008s, RTAB-Map=0.1766s, Maps update=0.0001s pub=0.0001s (local map=106, WM=106)[0m
[0m[ INFO] [1790466463.932438417, 1790452259.647402514]: rtabmap (238): Rate=1.00s, Limit=0.000s, Conversion=0.0008s, RTAB-Map=0.1828s, Maps update=0.0002s pub=0.0001s (local map=106, WM=106)[0m
[0m[ INFO] [1790466465.053438030, 1790452260.771201447]: rtabmap (239): Rate=1.00s, Limit=0.000s, Conversion=0.0013s, RTAB-Map=0.1925s, Maps update=0.0002s pub=0.0001s (local map=106, WM=106)[0m
[0m[ INFO] [1790466466.053269107, 1790452261.774816749]: rtabmap (240): Rate=1.00s, Limit=0.000s, Conversion=0.0013s, RTAB-Map=0.1983s, Maps update=0.0003s pub=0.0001s (local map=106, WM=106)[0m
[0m[ INFO] [1790466467.140643131, 1790452262.863423008]: rtabmap (241): Rate=1.00s, Limit=0.000s, Conversion=0.0008s, RTAB-Map=0.1840s, Maps update=0.0001s pub=0.0001s (local map=107, WM=107)[0m
[0m[ INFO] [1790466468.259696287, 1790452263.975701833]: rtabmap (242): Rate=1.00s, Limit=0.000s, Conversion=0.0009s, RTAB-Map=0.2086s, Maps update=0.0001s pub=0.0001s (local map=108, WM=108)[0m
[0m[ INFO] [1790466469.347149880, 1790452265.068605106]: rtabmap (243): Rate=1.00s, Limit=0.000s, Conversion=0.0008s, RTAB-Map=0.1869s, Maps update=0.0002s pub=0.0001s (local map=109, WM=109)[0m
[0m[ INFO] [1790466470.460229305, 1790452266.180257254]: rtabmap (244): Rate=1.00s, Limit=0.000s, Conversion=0.0008s, RTAB-Map=0.2041s, Maps update=0.0002s pub=0.0001s (local map=110, WM=110)[0m
[0m[ INFO] [1790466471.450789810, 1790452267.171832168]: rtabmap (245): Rate=1.00s, Limit=0.000s, Conversion=0.0009s, RTAB-Map=0.1849s, Maps update=0.0001s pub=0.0001s (local map=111, WM=111)[0m
[0m[ INFO] [1790466472.524517514, 1790452268.244762905]: rtabmap (246): Rate=1.00s, Limit=0.000s, Conversion=0.0014s, RTAB-Map=0.1712s, Maps update=0.0002s pub=0.0001s (local map=111, WM=111)[0m
[0m[ INFO] [1790466473.625760923, 1790452269.348514848]: rtabmap (247): Rate=1.00s, Limit=0.000s, Conversion=0.0013s, RTAB-Map=0.1719s, Maps update=0.0002s pub=0.0001s (local map=111, WM=111)[0m
[0m[ INFO] [1790466474.635357168, 1790452270.358869116]: rtabmap (248): Rate=1.00s, Limit=0.000s, Conversion=0.0008s, RTAB-Map=0.1803s, Maps update=0.0002s pub=0.0001s (local map=112, WM=112)[0m
[0m[ INFO] [1790466475.645341519, 1790452271.369163870]: rtabmap (249): Rate=1.00s, Limit=0.000s, Conversion=0.0008s, RTAB-Map=0.1941s, Maps update=0.0003s pub=0.0001s (local map=112, WM=112)[0m
[0m[ INFO] [1790466476.752546796, 1790452272.468616630]: rtabmap (250): Rate=1.00s, Limit=0.000s, Conversion=0.0017s, RTAB-Map=0.1956s, Maps update=0.0003s pub=0.0001s (local map=112, WM=112)[0m
[0m[ INFO] [1790466477.874722131, 1790452273.594765824]: rtabmap (251): Rate=1.00s, Limit=0.000s, Conversion=0.0013s, RTAB-Map=0.2042s, Maps update=0.0002s pub=0.0001s (local map=112, WM=112)[0m
[0m[ INFO] [1790466478.876480448, 1790452274.594636924]: rtabmap (252): Rate=1.00s, Limit=0.000s, Conversion=0.0020s, RTAB-Map=0.1985s, Maps update=0.0001s pub=0.0001s (local map=113, WM=113)[0m
Warning: TF_REPEATED_DATA ignoring data with redundant timestamp for frame odom (parent map) at time 1790452275.479399 according to authority unknown_publisher
         at line 278 in /tmp/binarydeb/ros-noetic-tf2-0.7.7/src/buffer_core.cpp
[33m[ WARN] [1790466479.657166584, 1790452275.379399545]: TF_REPEATED_DATA ignoring data with redundant timestamp for frame odom (parent map) at time 1790452275.479399 according to authority unknown_publisher[0m
Warning: TF_REPEATED_DATA ignoring data with redundant timestamp for frame odom (parent map) at time 1790452275.479399 according to authority /rtabmap/rtabmap
         at line 278 in /tmp/binarydeb/ros-noetic-tf2-0.7.7/src/buffer_core.cpp
[0m[ INFO] [1790466479.934686276, 1790452275.651125361]: rtabmap (253): Rate=1.00s, Limit=0.000s, Conversion=0.0011s, RTAB-Map=0.1811s, Maps update=0.0002s pub=0.0001s (local map=114, WM=114)[0m
Warning: TF_REPEATED_DATA ignoring data with redundant timestamp for frame odom (parent map) at time 1790452275.907962 according to authority unknown_publisher
         at line 278 in /tmp/binarydeb/ros-noetic-tf2-0.7.7/src/buffer_core.cpp
[33m[ WARN] [1790466480.084998544, 1790452275.807961846]: TF_REPEATED_DATA ignoring data with redundant timestamp for frame odom (parent map) at time 1790452275.907962 according to authority unknown_publisher[0m
Warning: TF_REPEATED_DATA ignoring data with redundant timestamp for frame odom (parent map) at time 1790452275.907962 according to authority /rtabmap/rtabmap
         at line 278 in /tmp/binarydeb/ros-noetic-tf2-0.7.7/src/buffer_core.cpp
Warning: TF_REPEATED_DATA ignoring data with redundant timestamp for frame odom (parent map) at time 1790452276.350690 according to authority unknown_publisher
         at line 278 in /tmp/binarydeb/ros-noetic-tf2-0.7.7/src/buffer_core.cpp
[33m[ WARN] [1790466480.528799446, 1790452276.250690355]: TF_REPEATED_DATA ignoring data with redundant timestamp for frame odom (parent map) at time 1790452276.350690 according to authority unknown_publisher[0m
Warning: TF_REPEATED_DATA ignoring data with redundant timestamp for frame odom (parent map) at time 1790452276.350690 according to authority /rtabmap/rtabmap
         at line 278 in /tmp/binarydeb/ros-noetic-tf2-0.7.7/src/buffer_core.cpp
[0m[ INFO] [1790466480.969946405, 1790452276.684027357]: rtabmap (254): Rate=1.00s, Limit=0.000s, Conversion=0.0011s, RTAB-Map=0.2084s, Maps update=0.0001s pub=0.0001s (local map=115, WM=115)[0m
[0m[ INFO] [1790466482.063068907, 1790452277.782731797]: rtabmap (255): Rate=1.00s, Limit=0.000s, Conversion=0.0018s, RTAB-Map=0.1980s, Maps update=0.0002s pub=0.0001s (local map=116, WM=116)[0m
Warning: TF_REPEATED_DATA ignoring data with redundant timestamp for frame odom (parent map) at time 1790452278.089208 according to authority unknown_publisher
         at line 278 in /tmp/binarydeb/ros-noetic-tf2-0.7.7/src/buffer_core.cpp
[33m[ WARN] [1790466482.266286541, 1790452277.989207891]: TF_REPEATED_DATA ignoring data with redundant timestamp for frame odom (parent map) at time 1790452278.089208 according to authority unknown_publisher[0m
Warning: TF_REPEATED_DATA ignoring data with redundant timestamp for frame odom (parent map) at time 1790452278.089208 according to authority /rtabmap/rtabmap
         at line 278 in /tmp/binarydeb/ros-noetic-tf2-0.7.7/src/buffer_core.cpp
[0m[ INFO] [1790466483.054764858, 1790452278.691158373]: rtabmap (256): Rate=1.00s, Limit=0.000s, Conversion=0.0008s, RTAB-Map=0.1957s, Maps update=0.0002s pub=0.0001s (local map=117, WM=117)[0m
Warning: TF_REPEATED_DATA ignoring data with redundant timestamp for frame odom (parent map) at time 1790452278.951150 according to authority unknown_publisher
         at line 278 in /tmp/binarydeb/ros-noetic-tf2-0.7.7/src/buffer_core.cpp
[33m[ WARN] [1790466483.128240867, 1790452278.851150089]: TF_REPEATED_DATA ignoring data with redundant timestamp for frame odom (parent map) at time 1790452278.951150 according to authority unknown_publisher[0m
Warning: TF_REPEATED_DATA ignoring data with redundant timestamp for frame odom (parent map) at time 1790452278.951150 according to authority /rtabmap/rtabmap
         at line 278 in /tmp/binarydeb/ros-noetic-tf2-0.7.7/src/buffer_core.cpp
Warning: TF_REPEATED_DATA ignoring data with redundant timestamp for frame odom (parent map) at time 1790452279.813427 according to authority unknown_publisher
         at line 278 in /tmp/binarydeb/ros-noetic-tf2-0.7.7/src/buffer_core.cpp
[33m[ WARN] [1790466483.990839268, 1790452279.713427144]: TF_REPEATED_DATA ignoring data with redundant timestamp for frame odom (parent map) at time 1790452279.813427 according to authority unknown_publisher[0m
Warning: TF_REPEATED_DATA ignoring data with redundant timestamp for frame odom (parent map) at time 1790452279.813427 according to authority /rtabmap/rtabmap
         at line 278 in /tmp/binarydeb/ros-noetic-tf2-0.7.7/src/buffer_core.cpp
[0m[ INFO] [1790466484.069086488, 1790452279.783818966]: rtabmap (257): Rate=1.00s, Limit=0.000s, Conversion=0.0018s, RTAB-Map=0.2143s, Maps update=0.0002s pub=0.0001s (local map=118, WM=118)[0m
Warning: TF_REPEATED_DATA ignoring data with redundant timestamp for frame odom (parent map) at time 1790452280.688022 according to authority unknown_publisher
         at line 278 in /tmp/binarydeb/ros-noetic-tf2-0.7.7/src/buffer_core.cpp
[33m[ WARN] [1790466484.873627101, 1790452280.588021912]: TF_REPEATED_DATA ignoring data with redundant timestamp for frame odom (parent map) at time 1790452280.688022 according to authority unknown_publisher[0m
Warning: TF_REPEATED_DATA ignoring data with redundant timestamp for frame odom (parent map) at time 1790452280.688022 according to authority /rtabmap/rtabmap
         at line 278 in /tmp/binarydeb/ros-noetic-tf2-0.7.7/src/buffer_core.cpp
[0m[ INFO] [1790466485.140376275, 1790452280.860749315]: rtabmap (258): Rate=1.00s, Limit=0.000s, Conversion=0.0011s, RTAB-Map=0.1840s, Maps update=0.0001s pub=0.0001s (local map=119, WM=119)[0m
[0m[ INFO] [1790466485.326267263, 1790452281.042204616]: rtabmap (259): Rate=1.00s, Limit=0.000s, Conversion=0.0008s, RTAB-Map=0.1818s, Maps update=0.0002s pub=0.0001s (local map=119, WM=119)[0m
Warning: TF_REPEATED_DATA ignoring data with redundant timestamp for frame odom (parent map) at time 1790452281.538590 according to authority unknown_publisher
         at line 278 in /tmp/binarydeb/ros-noetic-tf2-0.7.7/src/buffer_core.cpp
[33m[ WARN] [1790466485.715842996, 1790452281.438590073]: TF_REPEATED_DATA ignoring data with redundant timestamp for frame odom (parent map) at time 1790452281.538590 according to authority unknown_publisher[0m
Warning: TF_REPEATED_DATA ignoring data with redundant timestamp for frame odom (parent map) at time 1790452281.538590 according to authority /rtabmap/rtabmap
         at line 278 in /tmp/binarydeb/ros-noetic-tf2-0.7.7/src/buffer_core.cpp
[0m[ INFO] [1790466486.167309101, 1790452281.884568098]: rtabmap (260): Rate=1.00s, Limit=0.000s, Conversion=0.0009s, RTAB-Map=0.2104s, Maps update=0.0002s pub=0.0001s (local map=120, WM=120)[0m
Warning: TF_REPEATED_DATA ignoring data with redundant timestamp for frame odom (parent map) at time 1790452282.407617 according to authority unknown_publisher
         at line [33m[ WARN] [1790466486.584435545, 1790452282.307616801]: TF_REPEATED_DATA ignoring data with redundant timestamp for frame odom (parent map) at time 1790452282.407617 according to authority unknown_publisher[0m
278 in /tmp/binarydeb/ros-noetic-tf2-0.7.7/src/buffer_core.cpp
Warning: TF_REPEATED_DATA ignoring data with redundant timestamp for frame odom (parent map) at time 1790452282.407617 according to authority /rtabmap/rtabmap
         at line 278 in /tmp/binarydeb/ros-noetic-tf2-0.7.7/src/buffer_core.cpp
[0m[ INFO] [1790466487.150158280, 1790452282.868761064]: rtabmap (261): Rate=1.00s, Limit=0.000s, Conversion=0.0013s, RTAB-Map=0.1882s, Maps update=0.0002s pub=0.0001s (local map=121, WM=121)[0m
Warning: TF_REPEATED_DATA ignoring data with redundant timestamp for frame odom (parent map) at time 1790452283.282004 according to authority unknown_publisher
         at line 278 in /tmp/binarydeb/ros-noetic-tf2-0.7.7/src/buffer_core.cpp
[33m[ WARN] [1790466487.459652637, 1790452283.182004446]: TF_REPEATED_DATA ignoring data with redundant timestamp for frame odom (parent map) at time 1790452283.282004 according to authority unknown_publisher[0m
Warning: TF_REPEATED_DATA ignoring data with redundant timestamp for frame odom (parent map) at time 1790452283.282004 according to authority /rtabmap/rtabmap
         at line 278 in /tmp/binarydeb/ros-noetic-tf2-0.7.7/src/buffer_core.cpp
[0m[ INFO] [1790466488.257846075, 1790452283.876551494]: rtabmap (262): Rate=1.00s, Limit=0.000s, Conversion=0.0009s, RTAB-Map=0.1967s, Maps update=0.0002s pub=0.0001s (local map=122, WM=122)[0m
Warning: TF_REPEATED_DATA ignoring data with redundant timestamp for frame odom (parent map) at time 1790452284.130143 according to authority unknown_publisher
         at line 278 in /tmp/binarydeb/ros-noetic-tf2-0.7.7/src/buffer_core.cpp
[33m[ WARN] [1790466488.307720917, 1790452284.030143031]: TF_REPEATED_DATA ignoring data with redundant timestamp for frame odom (parent map) at time 1790452284.130143 according to authority unknown_publisher[0m
Warning: TF_REPEATED_DATA ignoring data with redundant timestamp for frame odom (parent map) at time 1790452284.130143 according to authority /rtabmap/rtabmap
         at line 278 in /tmp/binarydeb/ros-noetic-tf2-0.7.7/src/buffer_core.cpp
Warning: TF_REPEATED_DATA ignoring data with redundant timestamp for frame odom (parent map) at time 1790452285.013387 according to authority unknown_publisher
         at line 278 in /tmp/binarydeb/ros-noetic-tf2-0.7.7/src/buffer_core.cpp
Warning: TF_REPEATED_DATA ignoring data with redundant timestamp for frame odom (parent map) at time 1790452285.013387 according to authority /rtabmap/rtabmap
         at line 278 in /tmp/binarydeb/ros-noetic-tf2-0.7.7/src/buffer_core.cpp
[33m[ WARN] [1790466489.191891410, 1790452284.913387212]: TF_REPEATED_DATA ignoring data with redundant timestamp for frame odom (parent map) at time 1790452285.013387 according to authority unknown_publisher[0m
[0m[ INFO] [1790466489.408390066, 1790452285.124950144]: rtabmap (263): Rate=1.00s, Limit=0.000s, Conversion=0.0008s, RTAB-Map=0.1843s, Maps update=0.0001s pub=0.0001s (local map=123, WM=123)[0m
Warning: TF_REPEATED_DATA ignoring data with redundant timestamp for frame odom (parent map) at time 1790452285.868539 according to authority unknown_publisher
         at line 278 in /tmp/binarydeb/ros-noetic-tf2-0.7.7/src/buffer_core.cpp
Warning: TF_REPEATED_DATA ignoring data with redundant timestamp for frame odom (parent map) at time 1790452285.868539 according to authority /rtabmap/rtabmap
         at line 278 in /tmp/binarydeb/ros-noetic-tf2-0.7.7/src/buffer_core.cpp
[33m[ WARN] [1790466490.045811303, 1790452285.768538828]: TF_REPEATED_DATA ignoring data with redundant timestamp for frame odom (parent map) at time 1790452285.868539 according to authority unknown_publisher[0m
[0m[ INFO] [1790466490.347434364, 1790452285.969984359]: rtabmap (264): Rate=1.00s, Limit=0.000s, Conversion=0.0013s, RTAB-Map=0.2015s, Maps update=0.0002s pub=0.0001s (local map=124, WM=124)[0m
Warning: TF_REPEATED_DATA ignoring data with redundant timestamp for frame odom (parent map) at time 1790452286.225232 according to authority unknown_publisher
         at line 278 in /tmp/binarydeb/ros-noetic-tf2-0.7.7/src/buffer_core.cpp
[33m[ WARN] [1790466490.402724935, 1790452286.125231721]: TF_REPEATED_DATA ignoring data with redundant timestamp for frame odom (parent map) at time 1790452286.225232 according to authority unknown_publisher[0m
Warning: TF_REPEATED_DATA ignoring data with redundant timestamp for frame odom (parent map) at time 1790452286.225232 according to authority /rtabmap/rtabmap
         at line 278 in /tmp/binarydeb/ros-noetic-tf2-0.7.7/src/buffer_core.cpp
[0m[ INFO] [1790466491.363551672, 1790452287.079850659]: rtabmap (265): Rate=1.00s, Limit=0.000s, Conversion=0.0012s, RTAB-Map=0.2119s, Maps update=0.0001s pub=0.0001s (local map=125, WM=125)[0m
[0m[ INFO] [1790466492.362767716, 1790452288.077799556]: rtabmap (266): Rate=1.00s, Limit=0.000s, Conversion=0.0012s, RTAB-Map=0.2132s, Maps update=0.0002s pub=0.0001s (local map=126, WM=126)[0m
[0m[ INFO] [1790466493.463197499, 1790452289.177436500]: rtabmap (267): Rate=1.00s, Limit=0.000s, Conversion=0.0016s, RTAB-Map=0.2030s, Maps update=0.0002s pub=0.0001s (local map=127, WM=127)[0m
[0m[ INFO] [1790466494.436665391, 1790452290.154959692]: rtabmap (268): Rate=1.00s, Limit=0.000s, Conversion=0.0014s, RTAB-Map=0.1890s, Maps update=0.0002s pub=0.0001s (local map=128, WM=128)[0m
[0m[ INFO] [1790466495.552565181, 1790452291.275309634]: rtabmap (269): Rate=1.00s, Limit=0.000s, Conversion=0.0014s, RTAB-Map=0.2046s, Maps update=0.0003s pub=0.0003s (local map=129, WM=129)[0m
[0m[ INFO] [1790466496.652860936, 1790452292.376632438]: rtabmap (270): Rate=1.00s, Limit=0.000s, Conversion=0.0013s, RTAB-Map=0.1988s, Maps update=0.0001s pub=0.0001s (local map=130, WM=130)[0m
Warning: TF_REPEATED_DATA ignoring data with redundant timestamp for frame odom (parent map) at time 1790452293.168211 according to authority unknown_publisher
         at line 278 in /tmp/binarydeb/ros-noetic-tf2-0.7.7/src/buffer_core.cpp
Warning: TF_REPEATED_DATA ignoring data with redundant timestamp for frame odom (parent map) at time 1790452293.168211 according to authority /rtabmap/rtabmap
         at line 278 in /tmp/binarydeb/ros-noetic-tf2-0.7.7/src/buffer_core.cpp
[33m[ WARN] [1790466497.345063363, 1790452293.068211275]: TF_REPEATED_DATA ignoring data with redundant timestamp for frame odom (parent map) at time 1790452293.168211 according to authority unknown_publisher[0m
[0m[ INFO] [1790466497.690574892, 1790452293.410467767]: rtabmap (271): Rate=1.00s, Limit=0.000s, Conversion=0.0012s, RTAB-Map=0.2223s, Maps update=0.0002s pub=0.0002s (local map=131, WM=131)[0m
Warning: TF_REPEATED_DATA ignoring data with redundant timestamp for frame odom (parent map) at time 1790452293.663001 according to authority unknown_publisher
         at line 278 in /tmp/binarydeb/ros-noetic-tf2-0.7.7/src/buffer_core.cpp
[33m[ WARN] [1790466497.840177474, 1790452293.563000647]: TF_REPEATED_DATA ignoring data with redundant timestamp for frame odom (parent map) at time 1790452293.663001 according to authority unknown_publisher[0m
Warning: TF_REPEATED_DATA ignoring data with redundant timestamp for frame odom (parent map) at time 1790452293.663001 according to authority /rtabmap/rtabmap
         at line 278 in /tmp/binarydeb/ros-noetic-tf2-0.7.7/src/buffer_core.cpp
Warning: TF_REPEATED_DATA ignoring data with redundant timestamp for frame odom (parent map) at time 1790452294.031101 according to authority unknown_publisher
         at line 278 in /tmp/binarydeb/ros-noetic-tf2-0.7.7/src/buffer_core.cpp
[33m[ WARN] [1790466498.209873604, 1790452293.931101403]: TF_REPEATED_DATA ignoring data with redundant timestamp for frame odom (parent map) at time 1790452294.031101 according to authority unknown_publisher[0m
Warning: TF_REPEATED_DATA ignoring data with redundant timestamp for frame odom (parent map) at time 1790452294.031101 according to authority /rtabmap/rtabmap
         at line 278 in /tmp/binarydeb/ros-noetic-tf2-0.7.7/src/buffer_core.cpp
[0m[ INFO] [1790466498.645347923, 1790452294.367294512]: rtabmap (272): Rate=1.00s, Limit=0.000s, Conversion=0.0008s, RTAB-Map=0.1965s, Maps update=0.0002s pub=0.0001s (local map=132, WM=132)[0m
Warning: TF_REPEATED_DATA ignoring data with redundant timestamp for frame odom (parent map) at time 1790452294.887145 according to authority unknown_publisher
         at line 278 in /tmp/binarydeb/ros-noetic-tf2-0.7.7/src/buffer_core.cpp
[33m[ WARN] [1790466499.064151340, 1790452294.787144755]: TF_REPEATED_DATA ignoring data with redundant timestamp for frame odom (parent map) at time 1790452294.887145 according to authority unknown_publisher[0m
Warning: TF_REPEATED_DATA ignoring data with redundant timestamp for frame odom (parent map) at time 1790452294.887145 according to authority /rtabmap/rtabmap
         at line 278 in /tmp/binarydeb/ros-noetic-tf2-0.7.7/src/buffer_core.cpp
[0m[ INFO] [1790466499.790616004, 1790452295.492080682]: rtabmap (273): Rate=1.00s, Limit=0.000s, Conversion=0.0012s, RTAB-Map=0.2152s, Maps update=0.0002s pub=0.0001s (local map=133, WM=133)[0m
Warning: TF_REPEATED_DATA ignoring data with redundant timestamp for frame odom (parent map) at time 1790452295.751556 according to authority unknown_publisher
         at line 278 in /tmp/binarydeb/ros-noetic-tf2-0.7.7/src/buffer_core.cpp
[33m[ WARN] [1790466499.929782366, 1790452295.651555610]: TF_REPEATED_DATA ignoring data with redundant timestamp for frame odom (parent map) at time 1790452295.751556 according to authority unknown_publisher[0m
Warning: TF_REPEATED_DATA ignoring data with redundant timestamp for frame odom (parent map) at time 1790452295.751556 according to authority /rtabmap/rtabmap
         at line 278 in /tmp/binarydeb/ros-noetic-tf2-0.7.7/src/buffer_core.cpp
Warning: TF_REPEATED_DATA ignoring data with redundant timestamp for frame odom (parent map) at time 1790452296.610398 according to authority unknown_publisher
         at line 278 in /tmp/binarydeb/ros-noetic-tf2-0.7.7/src/buffer_core.cpp
[33m[ WARN] [1790466500.787405806, 1790452296.510397844]: TF_REPEATED_DATA ignoring data with redundant timestamp for frame odom (parent map) at time 1790452296.610398 according to authority unknown_publisher[0m
Warning: TF_REPEATED_DATA ignoring data with redundant timestamp for frame odom (parent map) at time 1790452296.610398 according to authority /rtabmap/rtabmap
         at line 278 in /tmp/binarydeb/ros-noetic-tf2-0.7.7/src/buffer_core.cpp
[0m[ INFO] [1790466500.843967687, 1790452296.560984120]: rtabmap (274): Rate=1.00s, Limit=0.000s, Conversion=0.0013s, RTAB-Map=0.1891s, Maps update=0.0002s pub=0.0001s (local map=134, WM=134)[0m
Warning: TF_REPEATED_DATA ignoring data with redundant timestamp for frame odom (parent map) at time 1790452297.492480 according to authority unknown_publisher
         at line 278 in /tmp/binarydeb/ros-noetic-tf2-0.7.7/src/buffer_core.cpp
Warning: TF_REPEATED_DATA ignoring data with redundant timestamp for frame odom (parent map) at time 1790452297.492480 according to authority /rtabmap/rtabmap
         at line 278 in /tmp/binarydeb/ros-noetic-tf2-0.7.7/src/buffer_core.cpp
[33m[ WARN] [1790466501.669907296, 1790452297.392479939]: TF_REPEATED_DATA ignoring data with redundant timestamp for frame odom (parent map) at time 1790452297.492480 according to authority unknown_publisher[0m
[0m[ INFO] [1790466501.960495942, 1790452297.683914577]: rtabmap (275): Rate=1.00s, Limit=0.000s, Conversion=0.0019s, RTAB-Map=0.1906s, Maps update=0.0002s pub=0.0001s (local map=135, WM=135)[0m
[0m[ INFO] [1790466502.158721492, 1790452297.875129087]: rtabmap (276): Rate=1.00s, Limit=0.000s, Conversion=0.0013s, RTAB-Map=0.1945s, Maps update=0.0002s pub=0.0001s (local map=135, WM=135)[0m
[0m[ INFO] [1790466503.045122799, 1790452298.766314822]: rtabmap (277): Rate=1.00s, Limit=0.000s, Conversion=0.0012s, RTAB-Map=0.1892s, Maps update=0.0003s pub=0.0001s (local map=136, WM=136)[0m
[0m[ INFO] [1790466504.077970992, 1790452299.796053675]: rtabmap (278): Rate=1.00s, Limit=0.000s, Conversion=0.0019s, RTAB-Map=0.2202s, Maps update=0.0001s pub=0.0001s (local map=137, WM=137)[0m
[0m[ INFO] [1790466505.159783278, 1790452300.877073857]: rtabmap (279): Rate=1.00s, Limit=0.000s, Conversion=0.0013s, RTAB-Map=0.2065s, Maps update=0.0003s pub=0.0001s (local map=138, WM=138)[0m
[0m[ INFO] [1790466506.273583058, 1790452301.988898227]: rtabmap (280): Rate=1.00s, Limit=0.000s, Conversion=0.0020s, RTAB-Map=0.2104s, Maps update=0.0001s pub=0.0001s (local map=139, WM=139)[0m
[0m[ INFO] [1790466507.365248598, 1790452303.088802049]: rtabmap (281): Rate=1.00s, Limit=0.000s, Conversion=0.0013s, RTAB-Map=0.2077s, Maps update=0.0002s pub=0.0001s (local map=140, WM=140)[0m
[0m[ INFO] [1790466508.460553890, 1790452304.184168334]: rtabmap (282): Rate=1.00s, Limit=0.000s, Conversion=0.0019s, RTAB-Map=0.1942s, Maps update=0.0002s pub=0.0001s (local map=141, WM=141)[0m
Warning: TF_REPEATED_DATA ignoring data with redundant timestamp for frame odom (parent map) at time 1790452304.770027 according to authority unknown_publisher
         at line 278 in /tmp/binarydeb/ros-noetic-tf2-0.7.7/src/buffer_core.cpp
Warning: TF_REPEATED_DATA ignoring data with redundant timestamp for frame odom (parent map) at time 1790452304.770027 according to authority /rtabmap/rtabmap
         at line [33m[ WARN] [1790466508.947837979, 1790452304.670026650]: TF_REPEATED_DATA ignoring data with redundant timestamp for frame odom (parent map) at time 1790452304.770027 according to authority unknown_publisher[0m
278 in /tmp/binarydeb/ros-noetic-tf2-0.7.7/src/buffer_core.cpp
[0m[ INFO] [1790466509.484093135, 1790452305.205683593]: rtabmap (283): Rate=1.00s, Limit=0.000s, Conversion=0.0008s, RTAB-Map=0.2201s, Maps update=0.0002s pub=0.0001s (local map=142, WM=142)[0m
Warning: TF_REPEATED_DATA ignoring data with redundant timestamp for frame odom (parent map) at time 1790452305.634769 according to authority unknown_publisher
         at line 278 in /tmp/binarydeb/ros-noetic-tf2-0.7.7/src/buffer_core.cpp
[33m[ WARN] [1790466509.813533985, 1790452305.534768919]: TF_REPEATED_DATA ignoring data with redundant timestamp for frame odom (parent map) at time 1790452305.634769 according to authority unknown_publisher[0m
Warning: TF_REPEATED_DATA ignoring data with redundant timestamp for frame odom (parent map) at time 1790452305.634769 according to authority /rtabmap/rtabmap
         at line 278 in /tmp/binarydeb/ros-noetic-tf2-0.7.7/src/buffer_core.cpp
[0m[ INFO] [1790466510.479884137, 1790452306.199844917]: rtabmap (284): Rate=1.00s, Limit=0.000s, Conversion=0.0020s, RTAB-Map=0.2265s, Maps update=0.0003s pub=0.0001s (local map=143, WM=143)[0m
Warning: TF_REPEATED_DATA ignoring data with redundant timestamp for frame odom (parent map) at time 1790452306.508770 according to authority unknown_publisher
         at line 278 in /tmp/binarydeb/ros-noetic-tf2-0.7.7/src/buffer_core.cpp
[33m[ WARN] [1790466510.685386338, 1790452306.408770316]: TF_REPEATED_DATA ignoring data with redundant timestamp for frame odom (parent map) at time 1790452306.508770 according to authority unknown_publisher[0m
Warning: TF_REPEATED_DATA ignoring data with redundant timestamp for frame odom (parent map) at time 1790452306.508770 according to authority /rtabmap/rtabmap
         at line 278 in /tmp/binarydeb/ros-noetic-tf2-0.7.7/src/buffer_core.cpp
Warning: TF_REPEATED_DATA ignoring data with redundant timestamp for frame odom (parent map) at time 1790452307.387911 according to authority unknown_publisher
         at line 278 in /tmp/binarydeb/ros-noetic-tf2-0.7.7/src/buffer_core.cpp
Warning: TF_REPEATED_DATA ignoring data with redundant timestamp for frame odom (parent map) at time 1790452307.387911 according to authority /rtabmap/rtabmap
         at line 278 in /tmp/binarydeb/ros-noetic-tf2-0.7.7/src/buffer_core.cpp
[33m[ WARN] [1790466511.566664060, 1790452307.287910643]: TF_REPEATED_DATA ignoring data with redundant timestamp for frame odom (parent map) at time 1790452307.387911 according to authority unknown_publisher[0m
[0m[ INFO] [1790466511.568284043, 1790452307.287910643]: rtabmap (285): Rate=1.00s, Limit=0.000s, Conversion=0.0009s, RTAB-Map=0.2064s, Maps update=0.0002s pub=0.0001s (local map=144, WM=144)[0m
Warning: TF_REPEATED_DATA ignoring data with redundant timestamp for frame odom (parent map) at time 1790452308.234941 according to authority unknown_publisher
         at line 278 in /tmp/binarydeb/ros-noetic-tf2-0.7.7/src/buffer_core.cpp
[33m[ WARN] [1790466512.412356954, 1790452308.134940477]: TF_REPEATED_DATA ignoring data with redundant timestamp for frame odom (parent map) at time 1790452308.234941 according to authority unknown_publisher[0m
Warning: TF_REPEATED_DATA ignoring data with redundant timestamp for frame odom (parent map) at time 1790452308.234941 according to authority /rtabmap/rtabmap
         at line 278 in /tmp/binarydeb/ros-noetic-tf2-0.7.7/src/buffer_core.cpp
[0m[ INFO] [1790466512.668278491, 1790452308.388422856]: rtabmap (286): Rate=1.00s, Limit=0.000s, Conversion=0.0009s, RTAB-Map=0.2047s, Maps update=0.0002s pub=0.0001s (local map=145, WM=145)[0m
Warning: TF_REPEATED_DATA ignoring data with redundant timestamp for frame odom (parent map) at time 1790452309.104297 according to authority unknown_publisher
         at line 278 in /tmp/binarydeb/ros-noetic-tf2-0.7.7/src/buffer_core.cpp
[33m[ WARN] [1790466513.281843539, 1790452309.004296597]: TF_REPEATED_DATA ignoring data with redundant timestamp for frame odom (parent map) at time 1790452309.104297 according to authority unknown_publisher[0m
Warning: TF_REPEATED_DATA ignoring data with redundant timestamp for frame odom (parent map) at time 1790452309.104297 according to authority /rtabmap/rtabmap
         at line 278 in /tmp/binarydeb/ros-noetic-tf2-0.7.7/src/buffer_core.cpp
[0m[ INFO] [1790466513.760658734, 1790452309.479634993]: rtabmap (287): Rate=1.00s, Limit=0.000s, Conversion=0.0008s, RTAB-Map=0.1915s, Maps update=0.0002s pub=0.0001s (local map=146, WM=146)[0m
Warning: TF_REPEATED_DATA ignoring data with redundant timestamp for frame odom (parent map) at time 1790452309.959166 according to authority unknown_publisher
         at line 278 in /tmp/binarydeb/ros-noetic-tf2-0.7.7/src/buffer_core.cpp
Warning: TF_REPEATED_DATA ignoring data with redundant timestamp for frame odom (parent map) at time 1790452309.959166 according to authority /rtabmap/rtabmap
         at line [33m[ WARN] [1790466514.136503466, 1790452309.859166030]: TF_REPEATED_DATA ignoring data with redundant timestamp for frame odom (parent map) at time 1790452309.959166 according to authority unknown_publisher[0m
278 in /tmp/binarydeb/ros-noetic-tf2-0.7.7/src/buffer_core.cpp
[0m[ INFO] [1790466514.777037307, 1790452310.497284424]: rtabmap (288): Rate=1.00s, Limit=0.000s, Conversion=0.0020s, RTAB-Map=0.2128s, Maps update=0.0001s pub=0.0001s (local map=147, WM=147)[0m
[0m[ INFO] [1790466515.854644021, 1790452311.578635365]: rtabmap (289): Rate=1.00s, Limit=0.000s, Conversion=0.0013s, RTAB-Map=0.1965s, Maps update=0.0002s pub=0.0001s (local map=148, WM=148)[0m
[0m[ INFO] [1790466516.980233288, 1790452312.702554120]: rtabmap (290): Rate=1.00s, Limit=0.000s, Conversion=0.0008s, RTAB-Map=0.2169s, Maps update=0.0002s pub=0.0001s (local map=149, WM=149)[0m
[0m[ INFO] [1790466518.081506566, 1790452313.805067666]: rtabmap (291): Rate=1.00s, Limit=0.000s, Conversion=0.0018s, RTAB-Map=0.2136s, Maps update=0.0002s pub=0.0001s (local map=150, WM=150)[0m
[0m[ INFO] [1790466519.168687531, 1790452314.883938188]: rtabmap (292): Rate=1.00s, Limit=0.000s, Conversion=0.0009s, RTAB-Map=0.2130s, Maps update=0.0002s pub=0.0001s (local map=151, WM=151)[0m
[0m[ INFO] [1790466520.279311948, 1790452315.998526864]: rtabmap (293): Rate=1.00s, Limit=0.000s, Conversion=0.0019s, RTAB-Map=0.2089s, Maps update=0.0002s pub=0.0001s (local map=152, WM=152)[0m
[0m[ INFO] [1790466521.299812931, 1790452317.013011697]: rtabmap (294): Rate=1.00s, Limit=0.000s, Conversion=0.0013s, RTAB-Map=0.2401s, Maps update=0.0002s pub=0.0001s (local map=153, WM=153)[0m
[0m[ INFO] [1790466522.371709425, 1790452318.094369973]: rtabmap (295): Rate=1.00s, Limit=0.000s, Conversion=0.0019s, RTAB-Map=0.2091s, Maps update=0.0002s pub=0.0001s (local map=154, WM=154)[0m
Warning: TF_REPEATED_DATA ignoring data with redundant timestamp for frame odom (parent map) at time 1790452318.982506 according to authority unknown_publisher
         at line 278 in /tmp/binarydeb/ros-noetic-tf2-0.7.7/src/buffer_core.cpp
Warning: TF_REPEATED_DATA ignoring data with redundant timestamp for frame odom (parent map) at time 1790452318.982506 according to authority /rtabmap/rtabmap
         at line 278 in /tmp/binarydeb/ros-noetic-tf2-0.7.7/src/buffer_core.cpp
[33m[ WARN] [1790466523.160702337, 1790452318.882506364]: TF_REPEATED_DATA ignoring data with redundant timestamp for frame odom (parent map) at time 1790452318.982506 according to authority unknown_publisher[0m
[0m[ INFO] [1790466523.488036953, 1790452319.204796487]: rtabmap (296): Rate=1.00s, Limit=0.000s, Conversion=0.0013s, RTAB-Map=0.2197s, Maps update=0.0002s pub=0.0001s (local map=155, WM=155)[0m
Warning: TF_REPEATED_DATA ignoring data with redundant timestamp for frame odom (parent map) at time 1790452319.855802 according to authority unknown_publisher
         at line 278 in /tmp/binarydeb/ros-noetic-tf2-0.7.7/src/buffer_core.cpp
Warning: TF_REPEATED_DATA ignoring data with redundant timestamp for frame odom (parent map) at time 1790452319.855802 according to authority /rtabmap/rtabmap
         at line 278 in /tmp/binarydeb/ros-noetic-tf2-0.7.7/src/buffer_core.cpp
[33m[ WARN] [1790466524.033444267, 1790452319.755801964]: TF_REPEATED_DATA ignoring data with redundant timestamp for frame odom (parent map) at time 1790452319.855802 according to authority unknown_publisher[0m
[0m[ INFO] [1790466524.464832373, 1790452320.186392175]: rtabmap (297): Rate=1.00s, Limit=0.000s, Conversion=0.0013s, RTAB-Map=0.2112s, Maps update=0.0002s pub=0.0001s (local map=156, WM=156)[0m
[0m[ INFO] [1790466525.624384594, 1790452321.345270054]: rtabmap (298): Rate=1.00s, Limit=0.000s, Conversion=0.0013s, RTAB-Map=0.2711s, Maps update=0.0002s pub=0.0001s (local map=157, WM=157)[0m
[0m[ INFO] [1790466526.641189574, 1790452322.356654952]: rtabmap (299): Rate=1.00s, Limit=0.000s, Conversion=0.0012s, RTAB-Map=0.2791s, Maps update=0.0002s pub=0.0001s (local map=158, WM=158)[0m
Warning: TF_REPEATED_DATA ignoring data with redundant timestamp for frame odom (parent map) at time 1790452322.829099 according to authority unknown_publisher
         at line 278 in /tmp/binarydeb/ros-noetic-tf2-0.7.7/src/buffer_core.cpp
[33m[ WARN] [1790466527.007269155, 1790452322.729098751]: TF_REPEATED_DATA ignoring data with redundant timestamp for frame odom (parent map) at time 1790452322.829099 according to authority unknown_publisher[0m
Warning: TF_REPEATED_DATA ignoring data with redundant timestamp for frame odom (parent map) at time 1790452322.829099 according to authority /rtabmap/rtabmap
         at line 278 in /tmp/binarydeb/ros-noetic-tf2-0.7.7/src/buffer_core.cpp
[0m[ INFO] [1790466527.734304244, 1790452323.450854976]: rtabmap (300): Rate=1.00s, Limit=0.000s, Conversion=0.0009s, RTAB-Map=0.2845s, Maps update=0.0002s pub=0.0001s (local map=159, WM=159)[0m
[0m[ INFO] [1790466528.740638484, 1790452324.460975074]: rtabmap (301): Rate=1.00s, Limit=0.000s, Conversion=0.0013s, RTAB-Map=0.2801s, Maps update=0.0002s pub=0.0001s (local map=160, WM=160)[0m
Warning: TF_REPEATED_DATA ignoring data with redundant timestamp for frame odom (parent map) at time 1790452324.924904 according to authority unknown_publisher
         at line 278 in /tmp/binarydeb/ros-noetic-tf2-0.7.7/src/buffer_core.cpp
[33m[ WARN] [1790466529.102845107, 1790452324.824903697]: TF_REPEATED_DATA ignoring data with redundant timestamp for frame odom (parent map) at time 1790452324.924904 according to authority unknown_publisher[0m
Warning: TF_REPEATED_DATA ignoring data with redundant timestamp for frame odom (parent map) at time 1790452324.924904 according to authority /rtabmap/rtabmap
         at line 278 in /tmp/binarydeb/ros-noetic-tf2-0.7.7/src/buffer_core.cpp
[0m[ INFO] [1790466529.833117801, 1790452325.530192100]: rtabmap (302): Rate=1.00s, Limit=0.000s, Conversion=0.0011s, RTAB-Map=0.2804s, Maps update=0.0002s pub=0.0001s (local map=160, WM=160)[0m
Warning: TF_REPEATED_DATA ignoring data with redundant timestamp for frame odom (parent map) at time 1790452325.792734 according to authority unknown_publisher
         at line 278 in /tmp/binarydeb/ros-noetic-tf2-0.7.7/src/buffer_core.cpp
[33m[ WARN] [1790466529.969425634, 1790452325.692733739]: TF_REPEATED_DATA ignoring data with redundant timestamp for frame odom (parent map) at time 1790452325.792734 according to authority unknown_publisher[0m
Warning: TF_REPEATED_DATA ignoring data with redundant timestamp for frame odom (parent map) at time 1790452325.792734 according to authority /rtabmap/rtabmap
         at line 278 in /tmp/binarydeb/ros-noetic-tf2-0.7.7/src/buffer_core.cpp
Warning: TF_REPEATED_DATA ignoring data with redundant timestamp for frame odom (parent map) at time 1790452326.151082 according to authority unknown_publisher
         at line 278 in /tmp/binarydeb/ros-noetic-tf2-0.7.7/src/buffer_core.cpp
Warning: TF_REPEATED_DATA ignoring data with redundant timestamp for frame odom (parent map) at time 1790452326.151082 according to authority /rtabmap/rtabmap
         at line 278 in /tmp/binarydeb/ros-noetic-tf2-0.7.7/src/buffer_core.cpp
[33m[ WARN] [1790466530.328476103, 1790452326.051082282]: TF_REPEATED_DATA ignoring data with redundant timestamp for frame odom (parent map) at time 1790452326.151082 according to authority unknown_publisher[0m
[0m[ INFO] [1790466530.800990902, 1790452326.515466095]: rtabmap (303): Rate=1.00s, Limit=0.000s, Conversion=0.0015s, RTAB-Map=0.2537s, Maps update=0.0002s pub=0.0001s (local map=160, WM=160)[0m
[0m[ INFO] [1790466531.810348802, 1790452327.525543713]: rtabmap (304): Rate=1.00s, Limit=0.000s, Conversion=0.0009s, RTAB-Map=0.2457s, Maps update=0.0002s pub=0.0001s (local map=160, WM=160)[0m
Warning: TF_REPEATED_DATA ignoring data with redundant timestamp for frame odom (parent map) at time 1790452327.878414 according to authority unknown_publisher
         at line 278 in /tmp/binarydeb/ros-noetic-tf2-0.7.7/src/buffer_core.cpp
[33m[ WARN] [1790466532.055373402, 1790452327.778414081]: TF_REPEATED_DATA ignoring data with redundant timestamp for frame odom (parent map) at time 1790452327.878414 according to authority unknown_publisher[0m
Warning: TF_REPEATED_DATA ignoring data with redundant timestamp for frame odom (parent map) at time 1790452327.878414 according to authority /rtabmap/rtabmap
         at line 278 in /tmp/binarydeb/ros-noetic-tf2-0.7.7/src/buffer_core.cpp
[0m[ INFO] [1790466532.844976825, 1790452328.504921697]: rtabmap (305): Rate=1.00s, Limit=0.000s, Conversion=0.0014s, RTAB-Map=0.2653s, Maps update=0.0002s pub=0.0001s (local map=160, WM=160)[0m
Warning: TF_REPEATED_DATA ignoring data with redundant timestamp for frame odom (parent map) at time 1790452328.761569 according to authority unknown_publisher
         at line 278 in /tmp/binarydeb/ros-noetic-tf2-0.7.7/src/buffer_core.cpp
Warning: TF_REPEATED_DATA ignoring data with redundant timestamp for frame odom (parent map) at time 1790452328.761569 according to authority /rtabmap/rtabmap
         at line 278 in /tmp/binarydeb/ros-noetic-tf2-0.7.7/src/buffer_core.cpp
[33m[ WARN] [1790466532.939404982, 1790452328.661569429]: TF_REPEATED_DATA ignoring data with redundant timestamp for frame odom (parent map) at time 1790452328.761569 according to authority unknown_publisher[0m
Warning: TF_REPEATED_DATA ignoring data with redundant timestamp for frame odom (parent map) at time 1790452329.130156 according to authority unknown_publisher
         at line 278 in /tmp/binarydeb/ros-noetic-tf2-0.7.7/src/buffer_core.cpp
Warning: TF_REPEATED_DATA ignoring data with redundant timestamp for frame odom (parent map) at time 1790452329.130156 according to authority /rtabmap/rtabmap
         at line 278 in /tmp/binarydeb/ros-noetic-tf2-0.7.7/src/buffer_core.cpp
[33m[ WARN] [1790466533.308939681, 1790452329.030155607]: TF_REPEATED_DATA ignoring data with redundant timestamp for frame odom (parent map) at time 1790452329.130156 according to authority unknown_publisher[0m
[0m[ INFO] [1790466533.916768970, 1790452329.635220774]: rtabmap (306): Rate=1.00s, Limit=0.000s, Conversion=0.0008s, RTAB-Map=0.2604s, Maps update=0.0003s pub=0.0001s (local map=161, WM=161)[0m
[0m[ INFO] [1790466535.023720769, 1790452330.592148964]: rtabmap (307): Rate=1.00s, Limit=0.000s, Conversion=0.0009s, RTAB-Map=0.2630s, Maps update=0.0003s pub=0.0001s (local map=162, WM=162)[0m
Warning: TF_REPEATED_DATA ignoring data with redundant timestamp for frame odom (parent map) at time 1790452330.851053 according to authority unknown_publisher
         at line 278 in /tmp/binarydeb/ros-noetic-tf2-0.7.7/src/buffer_core.cpp
[33m[ WARN] [1790466535.027715845, 1790452330.751053295]: TF_REPEATED_DATA ignoring data with redundant timestamp for frame odom (parent map) at time 1790452330.851053 according to authority unknown_publisher[0m
Warning: TF_REPEATED_DATA ignoring data with redundant timestamp for frame odom (parent map) at time 1790452330.851053 according to authority /rtabmap/rtabmap
         at line 278 in /tmp/binarydeb/ros-noetic-tf2-0.7.7/src/buffer_core.cpp
[0m[ INFO] [1790466536.057046014, 1790452331.774118478]: rtabmap (308): Rate=1.00s, Limit=0.000s, Conversion=0.0009s, RTAB-Map=0.3000s, Maps update=0.0003s pub=0.0001s (local map=163, WM=163)[0m
[0m[ INFO] [1790466537.057373555, 1790452332.777665729]: rtabmap (309): Rate=1.00s, Limit=0.000s, Conversion=0.0011s, RTAB-Map=0.2901s, Maps update=0.0003s pub=0.0001s (local map=164, WM=164)[0m
Warning: TF_REPEATED_DATA ignoring data with redundant timestamp for frame odom (parent map) at time 1790452332.966918 according to authority unknown_publisher
         at line 278 in /tmp/binarydeb/ros-noetic-tf2-0.7.7/src/buffer_core.cpp
[33m[ WARN] [1790466537.143874986, 1790452332.866917873]: TF_REPEATED_DATA ignoring data with redundant timestamp for frame odom (parent map) at time 1790452332.966918 according to authority unknown_publisher[0m
Warning: TF_REPEATED_DATA ignoring data with redundant timestamp for frame odom (parent map) at time 1790452332.966918 according to authority /rtabmap/rtabmap
         at line 278 in /tmp/binarydeb/ros-noetic-tf2-0.7.7/src/buffer_core.cpp
[33m[ WARN] [1790466537.992013493, 1790452333.714751065]: TF_REPEATED_DATA ignoring data with redundant timestamp for frame odom (parent map) at time 1790452333.814751 according to authority unknown_publisher[0m
Warning: TF_REPEATED_DATA ignoring data with redundant timestamp for frame odom (parent map) at time 1790452333.814751 according to authority /rtabmap/rtabmap
         at line 278 in /tmp/binarydeb/ros-noetic-tf2-0.7.7/src/buffer_core.cpp
Warning: TF_REPEATED_DATA ignoring data with redundant timestamp for frame odom (parent map) at time 1790452333.814751 according to authority unknown_publisher
         at line 278 in /tmp/binarydeb/ros-noetic-tf2-0.7.7/src/buffer_core.cpp
[0m[ INFO] [1790466538.294172385, 1790452333.928037976]: rtabmap (310): Rate=1.00s, Limit=0.000s, Conversion=0.0012s, RTAB-Map=0.2732s, Maps update=0.0002s pub=0.0001s (local map=165, WM=165)[0m
Warning: TF_REPEATED_DATA ignoring data with redundant timestamp for frame odom (parent map) at time 1790452334.180221 according to authority unknown_publisher
         at line 278 in /tmp/binarydeb/ros-noetic-tf2-0.7.7/src/buffer_core.cpp
[33m[ WARN] [1790466538.357721223, 1790452334.080221352]: TF_REPEATED_DATA ignoring data with redundant timestamp for frame odom (parent map) at time 1790452334.180221 according to authority unknown_publisher[0m
Warning: TF_REPEATED_DATA ignoring data with redundant timestamp for frame odom (parent map) at time 1790452334.180221 according to authority /rtabmap/rtabmap
         at line 278 in /tmp/binarydeb/ros-noetic-tf2-0.7.7/src/buffer_core.cpp
[33m[ WARN] [1790466539.956418573, 1790452335.662999165]: We are receiving imu data (buffer=1000), but cannot interpolate imu transform at time 1790452335.632802. IMU won't be added to graph.[0m
[0m[ INFO] [1790466539.117284908, 1790452334.836932628]: rtabmap (311): Rate=1.00s, Limit=0.000s, Conversion=0.0008s, RTAB-Map=0.2595s, Maps update=0.0002s pub=0.0001s (local map=166, WM=166)[0m
[33m[ WARN] (2026-09-26 19:48:59.956) Transform.cpp:557::getTransform() No transform found for stamp 1790452335.632802! Latest is 1790452335.621091[0m
Warning: TF_REPEATED_DATA ignoring data with redundant timestamp for frame odom (parent map) at time 1790452335.918705 according to authority unknown_publisher
         at line 278 in /tmp/binarydeb/ros-noetic-tf2-0.7.7/src/buffer_core.cpp
[33m[ WARN] [1790466540.098395425, 1790452335.818705423]: TF_REPEATED_DATA ignoring data with redundant timestamp for frame odom (parent map) at time 1790452335.918705 according to authority unknown_publisher[0m
Warning: TF_REPEATED_DATA ignoring data with redundant timestamp for frame odom (parent map) at time 1790452335.918705 according to authority /rtabmap/rtabmap
         at line 278 in /tmp/binarydeb/ros-noetic-tf2-0.7.7/src/buffer_core.cpp
[0m[ INFO] [1790466540.212085618, 1790452335.932309503]: rtabmap (312): Rate=1.00s, Limit=0.000s, Conversion=0.0015s, RTAB-Map=0.2551s, Maps update=0.0002s pub=0.0001s (local map=167, WM=167)[0m
Warning: TF_REPEATED_DATA ignoring data with redundant timestamp for frame odom (parent map) at time 1790452336.788227 according to authority unknown_publisher
         at line 278 in /tmp/binarydeb/ros-noetic-tf2-0.7.7/src/buffer_core.cpp
[33m[ WARN] [1790466540.965422694, 1790452336.688227051]: TF_REPEATED_DATA ignoring data with redundant timestamp for frame odom (parent map) at time 1790452336.788227 according to authority unknown_publisher[0m
Warning: TF_REPEATED_DATA ignoring data with redundant timestamp for frame odom (parent map) at time 1790452336.788227 according to authority /rtabmap/rtabmap
         at line 278 in /tmp/binarydeb/ros-noetic-tf2-0.7.7/src/buffer_core.cpp
[0m[ INFO] [1790466541.314078145, 1790452336.891727155]: rtabmap (313): Rate=1.00s, Limit=0.000s, Conversion=0.0015s, RTAB-Map=0.2515s, Maps update=0.0002s pub=0.0001s (local map=168, WM=168)[0m
Warning: TF_REPEATED_DATA ignoring data with redundant timestamp for frame odom (parent map) at time 1790452337.152069 according to authority unknown_publisher
         at line 278 in /tmp/binarydeb/ros-noetic-tf2-0.7.7/src/buffer_core.cpp
[33m[ WARN] [1790466541.329113995, 1790452337.052068785]: TF_REPEATED_DATA ignoring data with redundant timestamp for frame odom (parent map) at time 1790452337.152069 according to authority unknown_publisher[0m
Warning: TF_REPEATED_DATA ignoring data with redundant timestamp for frame odom (parent map) at time 1790452337.152069 according to authority /rtabmap/rtabmap
         at line 278 in /tmp/binarydeb/ros-noetic-tf2-0.7.7/src/buffer_core.cpp
[33m[ WARN] [1790466543.061944824, 1790452338.783777811]: TF_REPEATED_DATA ignoring data with redundant timestamp for frame odom (parent map) at time 1790452338.883778 according to authority unknown_publisher[0m
[0m[ INFO] [1790466542.331685552, 1790452338.056086659]: rtabmap (314): Rate=1.00s, Limit=0.000s, Conversion=0.0012s, RTAB-Map=0.2692s, Maps update=0.0003s pub=0.0001s (local map=169, WM=169)[0m
Warning: TF_REPEATED_DATA ignoring data with redundant timestamp for frame odom (parent map) at time 1790452338.883778 according to authority unknown_publisher
         at line 278 in /tmp/binarydeb/ros-noetic-tf2-0.7.7/src/buffer_core.cpp
Warning: TF_REPEATED_DATA ignoring data with redundant timestamp for frame odom (parent map) at time 1790452338.883778 according to authority /rtabmap/rtabmap
         at line 278 in /tmp/binarydeb/ros-noetic-tf2-0.7.7/src/buffer_core.cpp
[0m[ INFO] [1790466543.411062523, 1790452339.131434313]: rtabmap (315): Rate=1.00s, Limit=0.000s, Conversion=0.0009s, RTAB-Map=0.2483s, Maps update=0.0002s pub=0.0001s (local map=170, WM=170)[0m
Warning: TF_REPEATED_DATA ignoring data with redundant timestamp for frame odom (parent map) at time 1790452339.752968 according to authority unknown_publisher
         at line 278 in /tmp/binarydeb/ros-noetic-tf2-0.7.7/src/buffer_core.cpp
[33m[ WARN] [1790466543.929919699, 1790452339.652967481]: TF_REPEATED_DATA ignoring data with redundant timestamp for frame odom (parent map) at time 1790452339.752968 according to authority unknown_publisher[0m
Warning: TF_REPEATED_DATA ignoring data with redundant timestamp for frame odom (parent map) at time 1790452339.752968 according to authority /rtabmap/rtabmap
         at line 278 in /tmp/binarydeb/ros-noetic-tf2-0.7.7/src/buffer_core.cpp
Warning: TF_REPEATED_DATA ignoring data with redundant timestamp for frame odom (parent map) at time 1790452340.129754 according to authority unknown_publisher
         at line 278 in /tmp/binarydeb/ros-noetic-tf2-0.7.7/src/buffer_core.cpp
[33m[ WARN] [1790466544.306964759, 1790452340.029754108]: TF_REPEATED_DATA ignoring data with redundant timestamp for frame odom (parent map) at time 1790452340.129754 according to authority unknown_publisher[0m
Warning: TF_REPEATED_DATA ignoring data with redundant timestamp for frame odom (parent map) at time 1790452340.129754 according to authority /rtabmap/rtabmap
         at line 278 in /tmp/binarydeb/ros-noetic-tf2-0.7.7/src/buffer_core.cpp
[0m[ INFO] [1790466544.434236807, 1790452340.151111062]: rtabmap (316): Rate=1.00s, Limit=0.000s, Conversion=0.0014s, RTAB-Map=0.2648s, Maps update=0.0002s pub=0.0001s (local map=171, WM=171)[0m
[0m[ INFO] [1790466545.440718144, 1790452341.163554181]: rtabmap (317): Rate=1.00s, Limit=0.000s, Conversion=0.0013s, RTAB-Map=0.1773s, Maps update=0.0002s pub=0.0001s (local map=171, WM=171)[0m
Warning: TF_REPEATED_DATA ignoring data with redundant timestamp for frame odom (parent map) at time 1790452341.849739 according to authority unknown_publisher
         at line 278 in /tmp/binarydeb/ros-noetic-tf2-0.7.7/src/buffer_core.cpp
[33m[ WARN] [1790466546.030282215, 1790452341.749739021]: TF_REPEATED_DATA ignoring data with redundant timestamp for frame odom (parent map) at time 1790452341.849739 according to authority unknown_publisher[0m
Warning: TF_REPEATED_DATA ignoring data with redundant timestamp for frame odom (parent map) at time 1790452341.849739 according to authority /rtabmap/rtabmap
         at line 278 in /tmp/binarydeb/ros-noetic-tf2-0.7.7/src/buffer_core.cpp
[0m[ INFO] [1790466546.449256881, 1790452342.165915005]: rtabmap (318): Rate=1.00s, Limit=0.000s, Conversion=0.0009s, RTAB-Map=0.1938s, Maps update=0.0004s pub=0.0001s (local map=171, WM=171)[0m
Warning: TF_REPEATED_DATA ignoring data with redundant timestamp for frame odom (parent map) at time 1790452342.728189 according to authority unknown_publisher
         at line 278 in /tmp/binarydeb/ros-noetic-tf2-0.7.7/src/buffer_core.cpp
[33m[ WARN] [1790466546.905900341, 1790452342.628188437]: TF_REPEATED_DATA ignoring data with redundant timestamp for frame odom (parent map) at time 1790452342.728189 according to authority unknown_publisher[0m
Warning: TF_REPEATED_DATA ignoring data with redundant timestamp for frame odom (parent map) at time 1790452342.728189 according to authority /rtabmap/rtabmap
         at line 278 in /tmp/binarydeb/ros-noetic-tf2-0.7.7/src/buffer_core.cpp
Warning: TF_REPEATED_DATA ignoring data with redundant timestamp for frame odom (parent map) at time 1790452343.093357 according to authority unknown_publisher
         at line 278 in /tmp/binarydeb/ros-noetic-tf2-0.7.7/src/buffer_core.cpp
Warning: TF_REPEATED_DATA ignoring data with redundant timestamp for frame odom (parent map) at time 1790452343.093357 according to authority /rtabmap/rtabmap
         at line 278 in /tmp/binarydeb/ros-noetic-tf2-0.7.7/src/buffer_core.cpp
[33m[ WARN] [1790466547.270955505, 1790452342.993357298]: TF_REPEATED_DATA ignoring data with redundant timestamp for frame odom (parent map) at time 1790452343.093357 according to authority unknown_publisher[0m
[0m[ INFO] [1790466547.546016242, 1790452343.265210133]: rtabmap (319): Rate=1.00s, Limit=0.000s, Conversion=0.0012s, RTAB-Map=0.1961s, Maps update=0.0003s pub=0.0001s (local map=171, WM=171)[0m
[0m[ INFO] [1790466548.560622789, 1790452344.281061908]: rtabmap (320): Rate=1.00s, Limit=0.000s, Conversion=0.0013s, RTAB-Map=0.1963s, Maps update=0.0004s pub=0.0001s (local map=171, WM=171)[0m
Warning: TF_REPEATED_DATA ignoring data with redundant timestamp for frame odom (parent map) at time 1790452344.824644 according to authority unknown_publisher
         at line 278 in /tmp/binarydeb/ros-noetic-tf2-0.7.7/src/buffer_core.cpp
[33m[ WARN] [1790466549.001796672, 1790452344.724643813]: TF_REPEATED_DATA ignoring data with redundant timestamp for frame odom (parent map) at time 1790452344.824644 according to authority unknown_publisher[0m
Warning: TF_REPEATED_DATA ignoring data with redundant timestamp for frame odom (parent map) at time 1790452344.824644 according to authority /rtabmap/rtabmap
         at line 278 in /tmp/binarydeb/ros-noetic-tf2-0.7.7/src/buffer_core.cpp
[0m[ INFO] [1790466549.630895390, 1790452345.352592409]: rtabmap (321): Rate=1.00s, Limit=0.000s, Conversion=0.0012s, RTAB-Map=0.1775s, Maps update=0.0003s pub=0.0001s (local map=171, WM=171)[0m
Warning: TF_REPEATED_DATA ignoring data with redundant timestamp for frame odom (parent map) at time 1790452345.690698 according to authority unknown_publisher
         at line 278 in /tmp/binarydeb/ros-noetic-tf2-0.7.7/src/buffer_core.cpp
Warning: TF_REPEATED_DATA ignoring data with redundant timestamp for frame odom (parent map) at time 1790452345.690698 according to authority /rtabmap/rtabmap[33m[ WARN] [1790466549.869399666, 1790452345.590698216]: TF_REPEATED_DATA ignoring data with redundant timestamp for frame odom (parent map) at time 1790452345.690698 according to authority unknown_publisher[0m

         at line 278 in /tmp/binarydeb/ros-noetic-tf2-0.7.7/src/buffer_core.cpp
[0m[ INFO] [1790466550.818200626, 1790452346.541053751]: rtabmap (322): Rate=1.00s, Limit=0.000s, Conversion=0.0008s, RTAB-Map=0.2614s, Maps update=0.0003s pub=0.0001s (local map=172, WM=172)[0m
[0m[ INFO] [1790466551.831619435, 1790452347.552166491]: rtabmap (323): Rate=1.00s, Limit=0.000s, Conversion=0.0013s, RTAB-Map=0.2728s, Maps update=0.0002s pub=0.0001s (local map=173, WM=173)[0m
[0m[ INFO] [1790466552.917869609, 1790452348.630922355]: rtabmap (324): Rate=1.00s, Limit=0.000s, Conversion=0.0012s, RTAB-Map=0.2626s, Maps update=0.0003s pub=0.0001s (local map=174, WM=174)[0m
Warning: TF_REPEATED_DATA ignoring data with redundant timestamp for frame odom (parent map) at time 1790452349.057075 according to authority unknown_publisher
         at line 278 in /tmp/binarydeb/ros-noetic-tf2-0.7.7/src/buffer_core.cpp
Warning: TF_REPEATED_DATA ignoring data with redundant timestamp for frame odom (parent map) at time 1790452349.057075 according to authority /rtabmap/rtabmap
         at line 278 in /tmp/binarydeb/ros-noetic-tf2-0.7.7/src/buffer_core.cpp
[33m[ WARN] [1790466553.237734223, 1790452348.957075251]: TF_REPEATED_DATA ignoring data with redundant timestamp for frame odom (parent map) at time 1790452349.057075 according to authority unknown_publisher[0m
[0m[ INFO] [1790466554.032517554, 1790452349.754864914]: rtabmap (325): Rate=1.00s, Limit=0.000s, Conversion=0.0018s, RTAB-Map=0.2827s, Maps update=0.0002s pub=0.0001s (local map=175, WM=175)[0m
[0m[ INFO] [1790466555.016318153, 1790452350.732783443]: rtabmap (326): Rate=1.00s, Limit=0.000s, Conversion=0.0013s, RTAB-Map=0.2664s, Maps update=0.0002s pub=0.0001s (local map=176, WM=176)[0m
Warning: TF_REPEATED_DATA ignoring data with redundant timestamp for frame odom (parent map) at time 1790452351.632169 according to authority unknown_publisher
         at line 278 in /tmp/binarydeb/ros-noetic-tf2-0.7.7/src/buffer_core.cpp
Warning: TF_REPEATED_DATA ignoring data with redundant timestamp for frame odom (parent map) at time 1790452351.632169 according to authority /rtabmap/rtabmap
         at line 278 in /tmp/binarydeb/ros-noetic-tf2-0.7.7/src/buffer_core.cpp
[33m[ WARN] [1790466555.810260908, 1790452351.532169224]: TF_REPEATED_DATA ignoring data with redundant timestamp for frame odom (parent map) at time 1790452351.632169 according to authority unknown_publisher[0m
[0m[ INFO] [1790466556.128275269, 1790452351.844595662]: rtabmap (327): Rate=1.00s, Limit=0.000s, Conversion=0.0013s, RTAB-Map=0.2755s, Maps update=0.0002s pub=0.0001s (local map=177, WM=177)[0m
Warning: TF_REPEATED_DATA ignoring data with redundant timestamp for frame odom (parent map) at time 1790452352.492190 according to authority unknown_publisher
         at line 278 in /tmp/binarydeb/ros-noetic-tf2-0.7.7/src/buffer_core.cpp
Warning: TF_REPEATED_DATA ignoring data with redundant timestamp for frame odom (parent map) at time 1790452352.492190 according to authority /rtabmap/rtabmap
         at line 278 in /tmp/binarydeb/ros-noetic-tf2-0.7.7/src/buffer_core.cpp
[33m[ WARN] [1790466556.669962929, 1790452352.392190385]: TF_REPEATED_DATA ignoring data with redundant timestamp for frame odom (parent map) at time 1790452352.492190 according to authority unknown_publisher[0m
Warning: TF_REPEATED_DATA ignoring data with redundant timestamp for frame odom (parent map) at time 1790452352.836098 according to authority unknown_publisher
         at line 278 in /tmp/binarydeb/ros-noetic-tf2-0.7.7/src/buffer_core.cpp
[33m[ WARN] [1790466557.013590488, 1790452352.736097850]: TF_REPEATED_DATA ignoring data with redundant timestamp for frame odom (parent map) at time 1790452352.836098 according to authority unknown_publisher[0m
Warning: TF_REPEATED_DATA ignoring data with redundant timestamp for frame odom (parent map) at time 1790452352.836098 according to authority /rtabmap/rtabmap
         at line 278 in /tmp/binarydeb/ros-noetic-tf2-0.7.7/src/buffer_core.cpp
[0m[ INFO] [1790466557.324064014, 1790452353.039223564]: rtabmap (328): Rate=1.00s, Limit=0.000s, Conversion=0.0008s, RTAB-Map=0.2856s, Maps update=0.0002s pub=0.0001s (local map=178, WM=178)[0m
[0m[ INFO] [1790466558.215407614, 1790452353.932221707]: rtabmap (329): Rate=1.00s, Limit=0.000s, Conversion=0.0013s, RTAB-Map=0.2509s, Maps update=0.0002s pub=0.0001s (local map=179, WM=179)[0m
[0m[ INFO] [1790466559.312072573, 1790452355.030254199]: rtabmap (330): Rate=1.00s, Limit=0.000s, Conversion=0.0013s, RTAB-Map=0.2589s, Maps update=0.0002s pub=0.0001s (local map=180, WM=180)[0m
Warning: TF_REPEATED_DATA ignoring data with redundant timestamp for frame odom (parent map) at time 1790452355.286541 according to authority unknown_publisher
         at line 278 in /tmp/binarydeb/ros-noetic-tf2-0.7.7/src/buffer_core.cpp
[33m[ WARN] [1790466559.464757058, 1790452355.186540541]: TF_REPEATED_DATA ignoring data with redundant timestamp for frame odom (parent map) at time 1790452355.286541 according to authority unknown_publisher[0m
Warning: TF_REPEATED_DATA ignoring data with redundant timestamp for frame odom (parent map) at time 1790452355.286541 according to authority /rtabmap/rtabmap
         at line 278 in /tmp/binarydeb/ros-noetic-tf2-0.7.7/src/buffer_core.cpp
[0m[ INFO] [1790466560.415095582, 1790452356.137397853]: rtabmap (331): Rate=1.00s, Limit=0.000s, Conversion=0.0009s, RTAB-Map=0.2539s, Maps update=0.0003s pub=0.0001s (local map=181, WM=181)[0m
[0m[ INFO] [1790466561.427472508, 1790452357.149696539]: rtabmap (332): Rate=1.00s, Limit=0.000s, Conversion=0.0013s, RTAB-Map=0.2639s, Maps update=0.0002s pub=0.0001s (local map=182, WM=182)[0m
[0m[ INFO] [1790466562.519351072, 1790452358.242085027]: rtabmap (333): Rate=1.00s, Limit=0.000s, Conversion=0.0012s, RTAB-Map=0.2617s, Maps update=0.0002s pub=0.0001s (local map=183, WM=183)[0m
[0m[ INFO] [1790466563.625613486, 1790452359.345238869]: rtabmap (334): Rate=1.00s, Limit=0.000s, Conversion=0.0019s, RTAB-Map=0.2511s, Maps update=0.0002s pub=0.0001s (local map=184, WM=184)[0m
[0m[ INFO] [1790466564.725209189, 1790452360.447123553]: rtabmap (335): Rate=1.00s, Limit=0.000s, Conversion=0.0008s, RTAB-Map=0.2695s, Maps update=0.0002s pub=0.0001s (local map=185, WM=185)[0m
Warning: TF_REPEATED_DATA ignoring data with redundant timestamp for frame odom (parent map) at time 1790452361.127107 according to authority unknown_publisher
         at line 278 in /tmp/binarydeb/ros-noetic-tf2-0.7.7/src/buffer_core.cpp
[33m[ WARN] [1790466565.304563333, 1790452361.027106919]: TF_REPEATED_DATA ignoring data with redundant timestamp for frame odom (parent map) at time 1790452361.127107 according to authority unknown_publisher[0m
Warning: TF_REPEATED_DATA ignoring data with redundant timestamp for frame odom (parent map) at time 1790452361.127107 according to authority /rtabmap/rtabmap
         at line 278 in /tmp/binarydeb/ros-noetic-tf2-0.7.7/src/buffer_core.cpp
[0m[ INFO] [1790466565.718380902, 1790452361.440456355]: rtabmap (336): Rate=1.00s, Limit=0.000s, Conversion=0.0008s, RTAB-Map=0.2535s, Maps update=0.0002s pub=0.0001s (local map=186, WM=186)[0m
Warning: TF_REPEATED_DATA ignoring data with redundant timestamp for frame odom (parent map) at time 1790452361.990491 according to authority unknown_publisher
         at line 278 in /tmp/binarydeb/ros-noetic-tf2-0.7.7/src/buffer_core.cpp
[33m[ WARN] [1790466566.167340077, 1790452361.890490805]: TF_REPEATED_DATA ignoring data with redundant timestamp for frame odom (parent map) at time 1790452361.990491 according to authority unknown_publisher[0m
Warning: TF_REPEATED_DATA ignoring data with redundant timestamp for frame odom (parent map) at time 1790452361.990491 according to authority /rtabmap/rtabmap
         at line 278 in /tmp/binarydeb/ros-noetic-tf2-0.7.7/src/buffer_core.cpp
[0m[ INFO] [1790466566.727494079, 1790452362.447146598]: rtabmap (337): Rate=1.00s, Limit=0.000s, Conversion=0.0013s, RTAB-Map=0.2663s, Maps update=0.0002s pub=0.0001s (local map=187, WM=187)[0m
Warning: TF_REPEATED_DATA ignoring data with redundant timestamp for frame odom (parent map) at time 1790452362.853165 according to authority unknown_publisher
         at line 278 in /tmp/binarydeb/ros-noetic-tf2-0.7.7/src/buffer_core.cpp
[33m[ WARN] [1790466567.031213571, 1790452362.753164928]: TF_REPEATED_DATA ignoring data with redundant timestamp for frame odom (parent map) at time 1790452362.853165 according to authority unknown_publisher[0m
Warning: TF_REPEATED_DATA ignoring data with redundant timestamp for frame odom (parent map) at time 1790452362.853165 according to authority /rtabmap/rtabmap
         at line 278 in /tmp/binarydeb/ros-noetic-tf2-0.7.7/src/buffer_core.cpp
[0m[ INFO] [1790466567.814095053, 1790452363.458677594]: rtabmap (338): Rate=1.00s, Limit=0.000s, Conversion=0.0010s, RTAB-Map=0.2568s, Maps update=0.0003s pub=0.0001s (local map=188, WM=188)[0m
Warning: TF_REPEATED_DATA ignoring data with redundant timestamp for frame odom (parent map) at time 1790452363.720730 according to authority unknown_publisher
         at line 278 in /tmp/binarydeb/ros-noetic-tf2-0.7.7/src/buffer_core.cpp
[33m[ WARN] [1790466567.897995960, 1790452363.620729788]: TF_REPEATED_DATA ignoring data with redundant timestamp for frame odom (parent map) at time 1790452363.720730 according to authority unknown_publisher[0m
Warning: TF_REPEATED_DATA ignoring data with redundant timestamp for frame odom (parent map) at time 1790452363.720730 according to authority /rtabmap/rtabmap
         at line 278 in /tmp/binarydeb/ros-noetic-tf2-0.7.7/src/buffer_core.cpp
Warning: TF_REPEATED_DATA ignoring data with redundant timestamp for frame odom (parent map) at time 1790452364.603399 according to authority unknown_publisher
         at line 278 in /tmp/binarydeb/ros-noetic-tf2-0.7.7/src/buffer_core.cpp
[33m[ WARN] [1790466568.781803887, 1790452364.503398920]: TF_REPEATED_DATA ignoring data with redundant timestamp for frame odom (parent map) at time 1790452364.603399 according to authority unknown_publisher[0m
Warning: TF_REPEATED_DATA ignoring data with redundant timestamp for frame odom (parent map) at time 1790452364.603399 according to authority /rtabmap/rtabmap
         at line 278 in /tmp/binarydeb/ros-noetic-tf2-0.7.7/src/buffer_core.cpp
[0m[ INFO] [1790466568.843674318, 1790452364.563745785]: rtabmap (339): Rate=1.00s, Limit=0.000s, Conversion=0.0014s, RTAB-Map=0.2688s, Maps update=0.0002s pub=0.0001s (local map=189, WM=189)[0m
Warning: TF_REPEATED_DATA ignoring data with redundant timestamp for frame odom (parent map) at time 1790452365.451750 according to authority unknown_publisher
         at line 278 in /tmp/binarydeb/ros-noetic-tf2-0.7.7/src/buffer_core.cpp
[33m[ WARN] [1790466569.631923120, 1790452365.351750008]: TF_REPEATED_DATA ignoring data with redundant timestamp for frame odom (parent map) at time 1790452365.451750 according to authority unknown_publisher[0m
Warning: TF_REPEATED_DATA ignoring data with redundant timestamp for frame odom (parent map) at time 1790452365.451750 according to authority /rtabmap/rtabmap
         at line 278 in /tmp/binarydeb/ros-noetic-tf2-0.7.7/src/buffer_core.cpp
[0m[ INFO] [1790466569.917209229, 1790452365.633858680]: rtabmap (340): Rate=1.00s, Limit=0.000s, Conversion=0.0008s, RTAB-Map=0.2501s, Maps update=0.0002s pub=0.0001s (local map=190, WM=190)[0m
Warning: TF_REPEATED_DATA ignoring data with redundant timestamp for frame odom (parent map) at time 1790452366.331919 according to authority unknown_publisher
         at line 278 in /tmp/binarydeb/ros-noetic-tf2-0.7.7/src/buffer_core.cpp
[33m[ WARN] [1790466570.509429298, 1790452366.231918676]: TF_REPEATED_DATA ignoring data with redundant timestamp for frame odom (parent map) at time 1790452366.331919 according to authority unknown_publisher[0m
Warning: TF_REPEATED_DATA ignoring data with redundant timestamp for frame odom (parent map) at time 1790452366.331919 according to authority /rtabmap/rtabmap
         at line 278 in /tmp/binarydeb/ros-noetic-tf2-0.7.7/src/buffer_core.cpp
Warning: TF_REPEATED_DATA ignoring data with redundant timestamp for frame odom (parent map) at time 1790452367.184015 according to authority /rtabmap/rtabmap
         at line 278 in /tmp/binarydeb/ros-noetic-tf2-0.7.7/src/buffer_core.cpp
[33m[ WARN] [1790466571.362488021, 1790452367.084014478]: TF_REPEATED_DATA ignoring data with redundant timestamp for frame odom (parent map) at time 1790452367.184015 according to authority unknown_publisher[0m
[0m[ INFO] [1790466571.014951474, 1790452366.737859223]: rtabmap (341): Rate=1.00s, Limit=0.000s, Conversion=0.0008s, RTAB-Map=0.2535s, Maps update=0.0002s pub=0.0001s (local map=191, WM=191)[0m
Warning: TF_REPEATED_DATA ignoring data with redundant timestamp for frame odom (parent map) at time 1790452367.184015 according to authority unknown_publisher
         at line 278 in /tmp/binarydeb/ros-noetic-tf2-0.7.7/src/buffer_core.cpp
[0m[ INFO] [1790466572.123221311, 1790452367.792594674]: rtabmap (342): Rate=1.00s, Limit=0.000s, Conversion=0.0020s, RTAB-Map=0.2601s, Maps update=0.0002s pub=0.0001s (local map=192, WM=192)[0m
Warning: TF_REPEATED_DATA ignoring data with redundant timestamp for frame odom (parent map) at time 1790452368.050473 according to authority unknown_publisher
         at line 278 in /tmp/binarydeb/ros-noetic-tf2-0.7.7/src/buffer_core.cpp
[33m[ WARN] [1790466572.230210276, 1790452367.950473360]: TF_REPEATED_DATA ignoring data with redundant timestamp for frame odom (parent map) at time 1790452368.050473 according to authority unknown_publisher[0m
Warning: TF_REPEATED_DATA ignoring data with redundant timestamp for frame odom (parent map) at time 1790452368.050473 according to authority /rtabmap/rtabmap
         at line 278 in /tmp/binarydeb/ros-noetic-tf2-0.7.7/src/buffer_core.cpp
Warning: TF_REPEATED_DATA ignoring data with redundant timestamp for frame odom (parent map) at time 1790452368.911496 according to authority unknown_publisher
         at line 278 in /tmp/binarydeb/ros-noetic-tf2-0.7.7/src/buffer_core.cpp
[33m[ WARN] [1790466573.088651551, 1790452368.811496388]: TF_REPEATED_DATA ignoring data with redundant timestamp for frame odom (parent map) at time 1790452368.911496 according to authority unknown_publisher[0m
Warning: TF_REPEATED_DATA ignoring data with redundant timestamp for frame odom (parent map) at time 1790452368.911496 according to authority /rtabmap/rtabmap
         at line 278 in /tmp/binarydeb/ros-noetic-tf2-0.7.7/src/buffer_core.cpp
[0m[ INFO] [1790466573.377341153, 1790452369.096031903]: rtabmap (343): Rate=1.00s, Limit=0.000s, Conversion=0.0016s, RTAB-Map=0.2611s, Maps update=0.0003s pub=0.0001s (local map=193, WM=193)[0m
Warning: TF_REPEATED_DATA ignoring data with redundant timestamp for frame odom (parent map) at time 1790452369.787077 according to authority unknown_publisher
         at line 278 in /tmp/binarydeb/ros-noetic-tf2-0.7.7/src/buffer_core.cpp
[33m[ WARN] [1790466573.963618712, 1790452369.687077026]: TF_REPEATED_DATA ignoring data with redundant timestamp for frame odom (parent map) at time 1790452369.787077 according to authority unknown_publisher[0m
Warning: TF_REPEATED_DATA ignoring data with redundant timestamp for frame odom (parent map) at time 1790452369.787077 according to authority /rtabmap/rtabmap
         at line 278 in /tmp/binarydeb/ros-noetic-tf2-0.7.7/src/buffer_core.cpp
[0m[ INFO] [1790466574.300144473, 1790452370.020867146]: rtabmap (344): Rate=1.00s, Limit=0.000s, Conversion=0.0013s, RTAB-Map=0.2417s, Maps update=0.0002s pub=0.0001s (local map=194, WM=194)[0m
Warning: TF_REPEATED_DATA ignoring data with redundant timestamp for frame odom (parent map) at time 1790452370.649033 according to authority unknown_publisher
         at line 278 in /tmp/binarydeb/ros-noetic-tf2-0.7.7/src/buffer_core.cpp
[33m[ WARN] [1790466574.827174058, 1790452370.549032774]: TF_REPEATED_DATA ignoring data with redundant timestamp for frame odom (parent map) at time 1790452370.649033 according to authority unknown_publisher[0m
Warning: TF_REPEATED_DATA ignoring data with redundant timestamp for frame odom (parent map) at time 1790452370.649033 according to authority /rtabmap/rtabmap
         at line 278 in /tmp/binarydeb/ros-noetic-tf2-0.7.7/src/buffer_core.cpp
[0m[ INFO] [1790466575.298698007, 1790452371.015864711]: rtabmap (345): Rate=1.00s, Limit=0.000s, Conversion=0.0014s, RTAB-Map=0.2425s, Maps update=0.0002s pub=0.0001s (local map=195, WM=195)[0m
Warning: TF_REPEATED_DATA ignoring data with redundant timestamp for frame odom (parent map) at time 1790452371.511179 according to authority unknown_publisher
         at line 278 in /tmp/binarydeb/ros-noetic-tf2-0.7.7/src/buffer_core.cpp
[33m[ WARN] [1790466575.688842798, 1790452371.411179054]: TF_REPEATED_DATA ignoring data with redundant timestamp for frame odom (parent map) at time 1790452371.511179 according to authority unknown_publisher[0m
Warning: TF_REPEATED_DATA ignoring data with redundant timestamp for frame odom (parent map) at time 1790452371.511179 according to authority /rtabmap/rtabmap
         at line 278 in /tmp/binarydeb/ros-noetic-tf2-0.7.7/src/buffer_core.cpp
[0m[ INFO] [1790466576.442676519, 1790452372.111180273]: rtabmap (346): Rate=1.00s, Limit=0.000s, Conversion=0.0012s, RTAB-Map=0.2632s, Maps update=0.0002s pub=0.0001s (local map=196, WM=196)[0m
Warning: TF_REPEATED_DATA ignoring data with redundant timestamp for frame odom (parent map) at time 1790452372.366889 according to authority unknown_publisher
         at line 278 in /tmp/binarydeb/ros-noetic-tf2-0.7.7/src/buffer_core.cpp
[33m[ WARN] [1790466576.544615518, 1790452372.266888510]: TF_REPEATED_DATA ignoring data with redundant timestamp for frame odom (parent map) at time 1790452372.366889 according to authority unknown_publisher[0m
Warning: TF_REPEATED_DATA ignoring data with redundant timestamp for frame odom (parent map) at time 1790452372.366889 according to authority /rtabmap/rtabmap
         at line 278 in /tmp/binarydeb/ros-noetic-tf2-0.7.7/src/buffer_core.cpp
Warning: TF_REPEATED_DATA ignoring data with redundant timestamp for frame odom (parent map) at time 1790452373.236230 according to authority unknown_publisher
         at line 278 in /tmp/binarydeb/ros-noetic-tf2-0.7.7/src/buffer_core.cpp
[33m[ WARN] [1790466577.413671246, 1790452373.136229712]: TF_REPEATED_DATA ignoring data with redundant timestamp for frame odom (parent map) at time 1790452373.236230 according to authority unknown_publisher[0m
Warning: TF_REPEATED_DATA ignoring data with redundant timestamp for frame odom (parent map) at time 1790452373.236230 according to authority /rtabmap/rtabmap
         at line 278 in /tmp/binarydeb/ros-noetic-tf2-0.7.7/src/buffer_core.cpp
[0m[ INFO] [1790466577.513747092, 1790452373.236906332]: rtabmap (347): Rate=1.00s, Limit=0.000s, Conversion=0.0013s, RTAB-Map=0.2441s, Maps update=0.0003s pub=0.0001s (local map=197, WM=197)[0m
Warning: TF_REPEATED_DATA ignoring data with redundant timestamp for frame odom (parent map) at time 1790452373.503694 according to authority unknown_publisher
         at line 278 in /tmp/binarydeb/ros-noetic-tf2-0.7.7/src/buffer_core.cpp
[33m[ WARN] [1790466577.684748560, 1790452373.403694097]: TF_REPEATED_DATA ignoring data with redundant timestamp for frame odom (parent map) at time 1790452373.503694 according to authority unknown_publisher[0m
Warning: TF_REPEATED_DATA ignoring data with redundant timestamp for frame odom (parent map) at time 1790452373.503694 according to authority /rtabmap/rtabmap
         at line 278 in /tmp/binarydeb/ros-noetic-tf2-0.7.7/src/buffer_core.cpp
[33m[ WARN] [1790466578.279916646, 1790452374.002956877]: TF_REPEATED_DATA ignoring data with redundant timestamp for frame odom (parent map) at time 1790452374.102957 according to authority unknown_publisher[0m
Warning: Warning: TF_REPEATED_DATA ignoring data with redundant timestamp for frame odom (parent map) at time 1790452374.102957 according to authority /rtabmap/rtabmapTF_REPEATED_DATA ignoring data with redundant timestamp for frame odom (parent map) at time 1790452374.102957 according to authority unknown_publisher

         at line          at line 278 in 278/tmp/binarydeb/ros-noetic-tf2-0.7.7/src/buffer_core.cpp in 
/tmp/binarydeb/ros-noetic-tf2-0.7.7/src/buffer_core.cpp
[0m[ INFO] [1790466578.621987841, 1790452374.345098760]: rtabmap (348): Rate=1.00s, Limit=0.000s, Conversion=0.0013s, RTAB-Map=0.2549s, Maps update=0.0002s pub=0.0001s (local map=198, WM=198)[0m
[0m[ INFO] [1790466578.868998084, 1790452374.587063484]: rtabmap (349): Rate=1.00s, Limit=0.000s, Conversion=0.0013s, RTAB-Map=0.2432s, Maps update=0.0003s pub=0.0001s (local map=198, WM=198)[0m
Warning: TF_REPEATED_DATA ignoring data with redundant timestamp for frame odom (parent map) at time 1790452374.972877 according to authority unknown_publisher
         at line 278 in /tmp/binarydeb/ros-noetic-tf2-0.7.7/src/buffer_core.cpp
[33m[ WARN] [1790466579.150553739, 1790452374.872876650]: TF_REPEATED_DATA ignoring data with redundant timestamp for frame odom (parent map) at time 1790452374.972877 according to authority unknown_publisher[0m
Warning: TF_REPEATED_DATA ignoring data with redundant timestamp for frame odom (parent map) at time 1790452374.972877 according to authority /rtabmap/rtabmap
         at line 278 in /tmp/binarydeb/ros-noetic-tf2-0.7.7/src/buffer_core.cpp
[0m[ INFO] [1790466579.711619910, 1790452375.429481564]: rtabmap (350): Rate=1.00s, Limit=0.000s, Conversion=0.0008s, RTAB-Map=0.2513s, Maps update=0.0002s pub=0.0001s (local map=199, WM=199)[0m
Warning: TF_REPEATED_DATA ignoring data with redundant timestamp for frame odom (parent map) at time 1790452375.831882 according to authority unknown_publisher
         at line 278 in /tmp/binarydeb/ros-noetic-tf2-0.7.7/src/buffer_core.cpp
[33m[ WARN] [1790466580.009664071, 1790452375.731881862]: TF_REPEATED_DATA ignoring data with redundant timestamp for frame odom (parent map) at time 1790452375.831882 according to authority unknown_publisher[0m
Warning: TF_REPEATED_DATA ignoring data with redundant timestamp for frame odom (parent map) at time 1790452375.831882 according to authority /rtabmap/rtabmap
         at line 278 in /tmp/binarydeb/ros-noetic-tf2-0.7.7/src/buffer_core.cpp
[0m[ INFO] [1790466580.739979155, 1790452376.448100974]: rtabmap (351): Rate=1.00s, Limit=0.000s, Conversion=0.0018s, RTAB-Map=0.2675s, Maps update=0.0003s pub=0.0001s (local map=200, WM=200)[0m
Warning: TF_REPEATED_DATA ignoring data with redundant timestamp for frame odom (parent map) at time 1790452376.710057 according to authority unknown_publisher
         at line 278 in /tmp/binarydeb/ros-noetic-tf2-0.7.7/src/buffer_core.cpp
[33m[ WARN] [1790466580.887426773, 1790452376.610056440]: TF_REPEATED_DATA ignoring data with redundant timestamp for frame odom (parent map) at time 1790452376.710057 according to authority unknown_publisher[0m
Warning: TF_REPEATED_DATA ignoring data with redundant timestamp for frame odom (parent map) at time 1790452376.710057 according to authority /rtabmap/rtabmap
         at line 278 in /tmp/binarydeb/ros-noetic-tf2-0.7.7/src/buffer_core.cpp
Warning: TF_REPEATED_DATA ignoring data with redundant timestamp for frame odom (parent map) at time 1790452377.559880 according to authority unknown_publisher
         at line 278 in /tmp/binarydeb/ros-noetic-tf2-0.7.7/src/buffer_core.cpp
[33m[ WARN] [1790466581.739334101, 1790452377.459879492]: TF_REPEATED_DATA ignoring data with redundant timestamp for frame odom (parent map) at time 1790452377.559880 according to authority unknown_publisher[0m
Warning: TF_REPEATED_DATA ignoring data with redundant timestamp for frame odom (parent map) at time 1790452377.559880 according to authority /rtabmap/rtabmap
         at line 278 in /tmp/binarydeb/ros-noetic-tf2-0.7.7/src/buffer_core.cpp
[0m[ INFO] [1790466581.833011041, 1790452377.550650837]: rtabmap (352): Rate=1.00s, Limit=0.000s, Conversion=0.0026s, RTAB-Map=0.2735s, Maps update=0.0002s pub=0.0001s (local map=201, WM=201)[0m
Warning: TF_REPEATED_DATA ignoring data with redundant timestamp for frame odom (parent map) at time 1790452377.930850 according to authority unknown_publisher
         at line 278 in /tmp/binarydeb/ros-noetic-tf2-0.7.7/src/buffer_core.cpp
[33m[ WARN] [1790466582.107260903, 1790452377.830849523]: TF_REPEATED_DATA ignoring data with redundant timestamp for frame odom (parent map) at time 1790452377.930850 according to authority unknown_publisher[0m
Warning: TF_REPEATED_DATA ignoring data with redundant timestamp for frame odom (parent map) at time 1790452377.930850 according to authority /rtabmap/rtabmap
         at line 278 in /tmp/binarydeb/ros-noetic-tf2-0.7.7/src/buffer_core.cpp
[0m[ INFO] [1790466582.833459059, 1790452378.556125206]: rtabmap (353): Rate=1.00s, Limit=0.000s, Conversion=0.0015s, RTAB-Map=0.2755s, Maps update=0.0002s pub=0.0001s (local map=202, WM=202)[0m
[0m[ INFO] [1790466583.939392196, 1790452379.660246230]: rtabmap (354): Rate=1.00s, Limit=0.000s, Conversion=0.0016s, RTAB-Map=0.2783s, Maps update=0.0002s pub=0.0001s (local map=203, WM=203)[0m
[0m[ INFO] [1790466585.019238918, 1790452380.740593149]: rtabmap (355): Rate=1.00s, Limit=0.000s, Conversion=0.0015s, RTAB-Map=0.2568s, Maps update=0.0002s pub=0.0001s (local map=204, WM=204)[0m
[0m[ INFO] [1790466586.097012218, 1790452381.818088462]: rtabmap (356): Rate=1.00s, Limit=0.000s, Conversion=0.0013s, RTAB-Map=0.2470s, Maps update=0.0002s pub=0.0001s (local map=205, WM=205)[0m
[0m[ INFO] [1790466587.102249131, 1790452382.820157665]: rtabmap (357): Rate=1.00s, Limit=0.000s, Conversion=0.0008s, RTAB-Map=0.2513s, Maps update=0.0002s pub=0.0001s (local map=206, WM=206)[0m
[0m[ INFO] [1790466588.110579773, 1790452383.828480339]: rtabmap (358): Rate=1.00s, Limit=0.000s, Conversion=0.0011s, RTAB-Map=0.2541s, Maps update=0.0002s pub=0.0001s (local map=207, WM=207)[0m
[0m[ INFO] [1790466589.210295726, 1790452384.929138637]: rtabmap (359): Rate=1.00s, Limit=0.000s, Conversion=0.0011s, RTAB-Map=0.2575s, Maps update=0.0002s pub=0.0001s (local map=208, WM=208)[0m
[0m[ INFO] [1790466590.225649451, 1790452385.948143628]: rtabmap (360): Rate=1.00s, Limit=0.000s, Conversion=0.0008s, RTAB-Map=0.2766s, Maps update=0.0003s pub=0.0001s (local map=209, WM=209)[0m
[0m[ INFO] [1790466591.220030151, 1790452386.938276960]: rtabmap (361): Rate=1.00s, Limit=0.000s, Conversion=0.0013s, RTAB-Map=0.2683s, Maps update=0.0002s pub=0.0001s (local map=210, WM=210)[0m
[0m[ INFO] [1790466592.334181262, 1790452388.049622029]: rtabmap (362): Rate=1.00s, Limit=0.000s, Conversion=0.0020s, RTAB-Map=0.2716s, Maps update=0.0003s pub=0.0001s (local map=211, WM=211)[0m
Warning: TF_REPEATED_DATA ignoring data with redundant timestamp for frame odom (parent map) at time 1790452388.323316 according to authority unknown_publisher
         at line 278 in /tmp/binarydeb/ros-noetic-tf2-0.7.7/src/buffer_core.cpp
Warning: TF_REPEATED_DATA ignoring data with redundant timestamp for frame odom (parent map) at time 1790452388.323316 according to authority /rtabmap/rtabmap
         at line 278 in /tmp/binarydeb/ros-noetic-tf2-0.7.7/src/buffer_core.cpp
[33m[ WARN] [1790466592.501806933, 1790452388.223315949]: TF_REPEATED_DATA ignoring data with redundant timestamp for frame odom (parent map) at time 1790452388.323316 according to authority unknown_publisher[0m
Warning: TF_REPEATED_DATA ignoring data with redundant timestamp for frame odom (parent map) at time 1790452389.183714 according to authority unknown_publisher
         at line 278 in /tmp/binarydeb/ros-noetic-tf2-0.7.7/src/buffer_core.cpp
[33m[ WARN] [1790466593.361147333, 1790452389.083713959]: TF_REPEATED_DATA ignoring data with redundant timestamp for frame odom (parent map) at time 1790452389.183714 according to authority unknown_publisher[0m
Warning: TF_REPEATED_DATA ignoring data with redundant timestamp for frame odom (parent map) at time 1790452389.183714 according to authority /rtabmap/rtabmap
         at line 278 in /tmp/binarydeb/ros-noetic-tf2-0.7.7/src/buffer_core.cpp
[0m[ INFO] [1790466593.440667953, 1790452389.164241853]: rtabmap (363): Rate=1.00s, Limit=0.000s, Conversion=0.0013s, RTAB-Map=0.2771s, Maps update=0.0003s pub=0.0001s (local map=211, WM=211)[0m
Warning: TF_REPEATED_DATA ignoring data with redundant timestamp for frame odom (parent map) at time 1790452390.051165 according to authority unknown_publisher
         at line 278 in /tmp/binarydeb/ros-noetic-tf2-0.7.7/src/buffer_core.cpp
Warning: TF_REPEATED_DATA ignoring data with redundant timestamp for frame odom (parent map) at time 1790452390.051165 according to authority /rtabmap/rtabmap[33m[ WARN] [1790466594.227996831, 1790452389.951165062]: TF_REPEATED_DATA ignoring data with redundant timestamp for frame odom (parent map) at time 1790452390.051165 according to authority unknown_publisher[0m

         at line 278 in /tmp/binarydeb/ros-noetic-tf2-0.7.7/src/buffer_core.cpp
[0m[ INFO] [1790466594.506450523, 1790452390.225195961]: rtabmap (364): Rate=1.00s, Limit=0.000s, Conversion=0.0013s, RTAB-Map=0.2570s, Maps update=0.0004s pub=0.0001s (local map=211, WM=211)[0m
Warning: TF_REPEATED_DATA ignoring data with redundant timestamp for frame odom (parent map) at time 1790452390.920364 according to authority unknown_publisher
         at line 278 in /tmp/binarydeb/ros-noetic-tf2-0.7.7/src/buffer_core.cpp
[33m[ WARN] [1790466595.098000153, 1790452390.820364121]: TF_REPEATED_DATA ignoring data with redundant timestamp for frame odom (parent map) at time 1790452390.920364 according to authority unknown_publisher[0m
Warning: TF_REPEATED_DATA ignoring data with redundant timestamp for frame odom (parent map) at time 1790452390.920364 according to authority /rtabmap/rtabmap
         at line 278 in /tmp/binarydeb/ros-noetic-tf2-0.7.7/src/buffer_core.cpp
[0m[ INFO] [1790466595.422793227, 1790452391.143464059]: rtabmap (365): Rate=1.00s, Limit=0.000s, Conversion=0.0017s, RTAB-Map=0.2387s, Maps update=0.0002s pub=0.0001s (local map=211, WM=211)[0m
Warning: TF_REPEATED_DATA ignoring data with redundant timestamp for frame odom (parent map) at time 1790452391.788552 according to authority unknown_publisher
         at line 278 in /tmp/binarydeb/ros-noetic-tf2-0.7.7/src/buffer_core.cpp
Warning: TF_REPEATED_DATA ignoring data with redundant timestamp for frame odom (parent map) at time 1790452391.788552 according to authority /rtabmap/rtabmap
         at line 278 in /tmp/binarydeb/ros-noetic-tf2-0.7.7/src/buffer_core.cpp
[33m[ WARN] [1790466595.966571049, 1790452391.688552294]: TF_REPEATED_DATA ignoring data with redundant timestamp for frame odom (parent map) at time 1790452391.788552 according to authority unknown_publisher[0m
[0m[ INFO] [1790466596.503407657, 1790452392.225667048]: rtabmap (366): Rate=1.00s, Limit=0.000s, Conversion=0.0012s, RTAB-Map=0.2361s, Maps update=0.0003s pub=0.0001s (local map=211, WM=211)[0m
Warning: TF_REPEATED_DATA ignoring data with redundant timestamp for frame odom (parent map) at time 1790452392.651824 according to authority unknown_publisher
         at line 278 in /tmp/binarydeb/ros-noetic-tf2-0.7.7/src/buffer_core.cpp
[33m[ WARN] [1790466596.828046394, 1790452392.551824199]: TF_REPEATED_DATA ignoring data with redundant timestamp for frame odom (parent map) at time 1790452392.651824 according to authority unknown_publisher[0m
Warning: TF_REPEATED_DATA ignoring data with redundant timestamp for frame odom (parent map) at time 1790452392.651824 according to authority /rtabmap/rtabmap
         at line 278 in /tmp/binarydeb/ros-noetic-tf2-0.7.7/src/buffer_core.cpp
[0m[ INFO] [1790466597.495033253, 1790452393.218942004]: rtabmap (367): Rate=1.00s, Limit=0.000s, Conversion=0.0009s, RTAB-Map=0.2414s, Maps update=0.0004s pub=0.0001s (local map=211, WM=211)[0m
Warning: TF_REPEATED_DATA ignoring data with redundant timestamp for frame odom (parent map) at time 1790452393.510674 according to authority unknown_publisher
         at line 278 in /tmp/binarydeb/ros-noetic-tf2-0.7.7/src/buffer_core.cpp
Warning: TF_REPEATED_DATA ignoring data with redundant timestamp for frame odom (parent map) at time 1790452393.510674 according to authority /rtabmap/rtabmap
         at line 278 in /tmp/binarydeb/ros-noetic-tf2-0.7.7/src/buffer_core.cpp
[33m[ WARN] [1790466597.694382107, 1790452393.410674274]: TF_REPEATED_DATA ignoring data with redundant timestamp for frame odom (parent map) at time 1790452393.510674 according to authority unknown_publisher[0m
Warning: TF_REPEATED_DATA ignoring data with redundant timestamp for frame odom (parent map) at time 1790452394.383732 according to authority unknown_publisher
         at line 278 in /tmp/binarydeb/ros-noetic-tf2-0.7.7/src/buffer_core.cpp
[33m[ WARN] [1790466598.560835649, 1790452394.283732390]: TF_REPEATED_DATA ignoring data with redundant timestamp for frame odom (parent map) at time 1790452394.383732 according to authority unknown_publisher[0m
Warning: TF_REPEATED_DATA ignoring data with redundant timestamp for frame odom (parent map) at time 1790452394.383732 according to authority /rtabmap/rtabmap
         at line 278 in /tmp/binarydeb/ros-noetic-tf2-0.7.7/src/buffer_core.cpp
[0m[ INFO] [1790466598.592973712, 1790452394.313918530]: rtabmap (368): Rate=1.00s, Limit=0.000s, Conversion=0.0020s, RTAB-Map=0.2374s, Maps update=0.0003s pub=0.0001s (local map=211, WM=211)[0m
Warning: TF_REPEATED_DATA ignoring data with redundant timestamp for frame odom (parent map) at time 1790452395.245139 according to authority unknown_publisher
         at line 278 in /tmp/binarydeb/ros-noetic-tf2-0.7.7/src/buffer_core.cpp
Warning: TF_REPEATED_DATA ignoring data with redundant timestamp for frame odom (parent map) at time 1790452395.245139 according to authority /rtabmap/rtabmap
         at line 278 in /tmp/binarydeb/ros-noetic-tf2-0.7.7/src/buffer_core.cpp
[33m[ WARN] [1790466599.422738079, 1790452395.145138527]: TF_REPEATED_DATA ignoring data with redundant timestamp for frame odom (parent map) at time 1790452395.245139 according to authority unknown_publisher[0m
[0m[ INFO] [1790466599.721573600, 1790452395.437047679]: rtabmap (369): Rate=1.00s, Limit=0.000s, Conversion=0.0015s, RTAB-Map=0.2571s, Maps update=0.0003s pub=0.0001s (local map=211, WM=211)[0m
Warning: TF_REPEATED_DATA ignoring data with redundant timestamp for frame odom (parent map) at time 1790452396.107272 according to authority unknown_publisher
         at line 278 in /tmp/binarydeb/ros-noetic-tf2-0.7.7/src/buffer_core.cpp
[33m[ WARN] [1790466600.284286844, 1790452396.007272194]: TF_REPEATED_DATA ignoring data with redundant timestamp for frame odom (parent map) at time 1790452396.107272 according to authority unknown_publisher[0m
Warning: TF_REPEATED_DATA ignoring data with redundant timestamp for frame odom (parent map) at time 1790452396.107272 according to authority /rtabmap/rtabmap
         at line 278 in /tmp/binarydeb/ros-noetic-tf2-0.7.7/src/buffer_core.cpp
[0m[ INFO] [1790466600.822879669, 1790452396.541219759]: rtabmap (370): Rate=1.00s, Limit=0.000s, Conversion=0.0009s, RTAB-Map=0.2651s, Maps update=0.0003s pub=0.0001s (local map=211, WM=211)[0m
Warning: TF_REPEATED_DATA ignoring data with redundant timestamp for frame odom (parent map) at time 1790452396.972795 according to authority unknown_publisher
         at line 278 in /tmp/binarydeb/ros-noetic-tf2-0.7.7/src/buffer_core.cpp
[33m[ WARN] [1790466601.149731681, 1790452396.872794855]: TF_REPEATED_DATA ignoring data with redundant timestamp for frame odom (parent map) at time 1790452396.972795 according to authority unknown_publisher[0m
Warning: TF_REPEATED_DATA ignoring data with redundant timestamp for frame odom (parent map) at time 1790452396.972795 according to authority /rtabmap/rtabmap
         at line 278 in /tmp/binarydeb/ros-noetic-tf2-0.7.7/src/buffer_core.cpp
[0m[ INFO] [1790466601.822023178, 1790452397.545453268]: rtabmap (371): Rate=1.00s, Limit=0.000s, Conversion=0.0011s, RTAB-Map=0.2597s, Maps update=0.0004s pub=0.0001s (local map=211, WM=211)[0m
Warning: TF_REPEATED_DATA ignoring data with redundant timestamp for frame odom (parent map) at time 1790452397.845956 according to authority unknown_publisher
         at line 278 in /tmp/binarydeb/ros-noetic-tf2-0.7.7/src/buffer_core.cpp
[33m[ WARN] [1790466602.024274143, 1790452397.745955640]: TF_REPEATED_DATA ignoring data with redundant timestamp for frame odom (parent map) at time 1790452397.845956 according to authority unknown_publisher[0m
Warning: TF_REPEATED_DATA ignoring data with redundant timestamp for frame odom (parent map) at time 1790452397.845956 according to authority /rtabmap/rtabmap
         at line 278 in /tmp/binarydeb/ros-noetic-tf2-0.7.7/src/buffer_core.cpp
[0m[ INFO] [1790466602.926258051, 1790452398.642520681]: rtabmap (372): Rate=1.00s, Limit=0.000s, Conversion=0.0014s, RTAB-Map=0.2592s, Maps update=0.0003s pub=0.0001s (local map=211, WM=211)[0m
[0m[ INFO] [1790466604.025426609, 1790452399.748025204]: rtabmap (373): Rate=1.00s, Limit=0.000s, Conversion=0.0013s, RTAB-Map=0.2603s, Maps update=0.0003s pub=0.0001s (local map=211, WM=211)[0m
[0m[ INFO] [1790466605.027977300, 1790452400.745753768]: rtabmap (374): Rate=1.00s, Limit=0.000s, Conversion=0.0009s, RTAB-Map=0.2589s, Maps update=0.0004s pub=0.0001s (local map=211, WM=211)[0m
[0m[ INFO] [1790466606.058518274, 1790452401.775664721]: rtabmap (375): Rate=1.00s, Limit=0.000s, Conversion=0.0019s, RTAB-Map=0.2621s, Maps update=0.0004s pub=0.0001s (local map=211, WM=211)[0m
[0m[ INFO] [1790466607.103081466, 1790452402.821532597]: rtabmap (376): Rate=1.00s, Limit=0.000s, Conversion=0.0013s, RTAB-Map=0.2581s, Maps update=0.0003s pub=0.0001s (local map=211, WM=211)[0m
[0m[ INFO] [1790466608.206359010, 1790452403.925339778]: rtabmap (377): Rate=1.00s, Limit=0.000s, Conversion=0.0019s, RTAB-Map=0.2515s, Maps update=0.0003s pub=0.0001s (local map=211, WM=211)[0m
[0m[ INFO] [1790466609.317411384, 1790452405.036192054]: rtabmap (378): Rate=1.00s, Limit=0.000s, Conversion=0.0017s, RTAB-Map=0.2609s, Maps update=0.0003s pub=0.0001s (local map=211, WM=211)[0m
[0m[ INFO] [1790466610.441189324, 1790452406.157659508]: rtabmap (379): Rate=1.00s, Limit=0.000s, Conversion=0.0011s, RTAB-Map=0.2528s, Maps update=0.0003s pub=0.0001s (local map=211, WM=211)[0m
Warning: TF_REPEATED_DATA ignoring data with redundant timestamp for frame odom (parent map) at time 1790452406.858262 according to authority unknown_publisher
         at line 278 in /tmp/binarydeb/ros-noetic-tf2-0.7.7/src/buffer_core.cpp
[33m[ WARN] [1790466611.037144954, 1790452406.758262414]: TF_REPEATED_DATA ignoring data with redundant timestamp for frame odom (parent map) at time 1790452406.858262 according to authority unknown_publisher[0m
Warning: TF_REPEATED_DATA ignoring data with redundant timestamp for frame odom (parent map) at time 1790452406.858262 according to authority /rtabmap/rtabmap
         at line 278 in /tmp/binarydeb/ros-noetic-tf2-0.7.7/src/buffer_core.cpp
[0m[ INFO] [1790466611.437087496, 1790452407.153775794]: rtabmap (380): Rate=1.00s, Limit=0.000s, Conversion=0.0019s, RTAB-Map=0.2600s, Maps update=0.0003s pub=0.0001s (local map=211, WM=211)[0m
Warning: TF_REPEATED_DATA ignoring data with redundant timestamp for frame odom (parent map) at time 1790452407.716518 according to authority unknown_publisher
         at line 278 in /tmp/binarydeb/ros-noetic-tf2-0.7.7/src/buffer_core.cpp
[33m[ WARN] [1790466611.894446711, 1790452407.616518164]: TF_REPEATED_DATA ignoring data with redundant timestamp for frame odom (parent map) at time 1790452407.716518 according to authority unknown_publisher[0m
Warning: TF_REPEATED_DATA ignoring data with redundant timestamp for frame odom (parent map) at time 1790452407.716518 according to authority /rtabmap/rtabmap
         at line 278 in /tmp/binarydeb/ros-noetic-tf2-0.7.7/src/buffer_core.cpp
[0m[ INFO] [1790466612.496317601, 1790452408.215581315]: rtabmap (381): Rate=1.00s, Limit=0.000s, Conversion=0.0009s, RTAB-Map=0.2452s, Maps update=0.0003s pub=0.0001s (local map=211, WM=211)[0m
Warning: TF_REPEATED_DATA ignoring data with redundant timestamp for frame odom (parent map) at time 1790452408.585842 according to authority unknown_publisher
         at line 278 in /tmp/binarydeb/ros-noetic-tf2-0.7.7/src/buffer_core.cpp
Warning: TF_REPEATED_DATA ignoring data with redundant timestamp for frame odom (parent map) at time 1790452408.585842 according to authority /rtabmap/rtabmap
         at line 278 in /tmp/binarydeb/ros-noetic-tf2-0.7.7/src/buffer_core.cpp
[33m[ WARN] [1790466612.770148069, 1790452408.485842278]: TF_REPEATED_DATA ignoring data with redundant timestamp for frame odom (parent map) at time 1790452408.585842 according to authority unknown_publisher[0m
[0m[ INFO] [1790466613.502413926, 1790452409.189171220]: rtabmap (382): Rate=1.00s, Limit=0.000s, Conversion=0.0015s, RTAB-Map=0.2464s, Maps update=0.0003s pub=0.0001s (local map=211, WM=211)[0m
Warning: TF_REPEATED_DATA ignoring data with redundant timestamp for frame odom (parent map) at time 1790452409.447748 according to authority unknown_publisher
         at line 278 in /tmp/binarydeb/ros-noetic-tf2-0.7.7/src/buffer_core.cpp
[33m[ WARN] [1790466613.624355179, 1790452409.347747796]: TF_REPEATED_DATA ignoring data with redundant timestamp for frame odom (parent map) at time 1790452409.447748 according to authority unknown_publisher[0m
Warning: TF_REPEATED_DATA ignoring data with redundant timestamp for frame odom (parent map) at time 1790452409.447748 according to authority /rtabmap/rtabmap
         at line 278 in /tmp/binarydeb/ros-noetic-tf2-0.7.7/src/buffer_core.cpp
[0m[ INFO] [1790466614.597776734, 1790452410.322085040]: rtabmap (383): Rate=1.00s, Limit=0.000s, Conversion=0.0019s, RTAB-Map=0.2439s, Maps update=0.0003s pub=0.0001s (local map=211, WM=211)[0m
Warning: TF_REPEATED_DATA ignoring data with redundant timestamp for frame odom (parent map) at time 1790452411.182132 according to authority unknown_publisher
         at line 278 in /tmp/binarydeb/ros-noetic-tf2-0.7.7/src/buffer_core.cpp
[33m[ WARN] [1790466615.360698119, 1790452411.082131774]: TF_REPEATED_DATA ignoring data with redundant timestamp for frame odom (parent map) at time 1790452411.182132 according to authority unknown_publisher[0m
Warning: TF_REPEATED_DATA ignoring data with redundant timestamp for frame odom (parent map) at time 1790452411.182132 according to authority /rtabmap/rtabmap
         at line 278 in /tmp/binarydeb/ros-noetic-tf2-0.7.7/src/buffer_core.cpp
[0m[ INFO] [1790466615.707025887, 1790452411.426916807]: rtabmap (384): Rate=1.00s, Limit=0.000s, Conversion=0.0014s, RTAB-Map=0.2554s, Maps update=0.0003s pub=0.0001s (local map=211, WM=211)[0m
[0m[ INFO] [1790466615.938536789, 1790452411.659728297]: rtabmap (385): Rate=1.00s, Limit=0.000s, Conversion=0.0008s, RTAB-Map=0.2283s, Maps update=0.0003s pub=0.0001s (local map=211, WM=211)[0m
Warning: TF_REPEATED_DATA ignoring data with redundant timestamp for frame odom (parent map) at time 1790452412.047124 according to authority unknown_publisher
         at line 278 in /tmp/binarydeb/ros-noetic-tf2-0.7.7/src/buffer_core.cpp
Warning: TF_REPEATED_DATA ignoring data with redundant timestamp for frame odom (parent map) at time 1790452412.047124 according to authority /rtabmap/rtabmap
         at line 278 in /tmp/binarydeb/ros-noetic-tf2-0.7.7/src/buffer_core.cpp
[33m[ WARN] [1790466616.224773331, 1790452411.947124498]: TF_REPEATED_DATA ignoring data with redundant timestamp for frame odom (parent map) at time 1790452412.047124 according to authority unknown_publisher[0m
[0m[ INFO] [1790466616.701638435, 1790452412.420553666]: rtabmap (386): Rate=1.00s, Limit=0.000s, Conversion=0.0009s, RTAB-Map=0.2431s, Maps update=0.0003s pub=0.0001s (local map=211, WM=211)[0m
Warning: TF_REPEATED_DATA ignoring data with redundant timestamp for frame odom (parent map) at time 1790452412.906621 according to authority unknown_publisher
         at line 278 in /tmp/binarydeb/ros-noetic-tf2-0.7.7/src/buffer_core.cpp
[33m[ WARN] [1790466617.083445390, 1790452412.806620853]: TF_REPEATED_DATA ignoring data with redundant timestamp for frame odom (parent map) at time 1790452412.906621 according to authority unknown_publisher[0m
Warning: TF_REPEATED_DATA ignoring data with redundant timestamp for frame odom (parent map) at time 1790452412.906621 according to authority /rtabmap/rtabmap
         at line 278 in /tmp/binarydeb/ros-noetic-tf2-0.7.7/src/buffer_core.cpp
[0m[ INFO] [1790466617.824678480, 1790452413.525358881]: rtabmap (387): Rate=1.00s, Limit=0.000s, Conversion=0.0016s, RTAB-Map=0.2681s, Maps update=0.0003s pub=0.0001s (local map=211, WM=211)[0m
Warning: TF_REPEATED_DATA ignoring data with redundant timestamp for frame odom (parent map) at time 1790452413.777660 according to authority unknown_publisher
         at line 278 in /tmp/binarydeb/ros-noetic-tf2-0.7.7/src/buffer_core.cpp
[33m[ WARN] [1790466617.953941692, 1790452413.677659912]: TF_REPEATED_DATA ignoring data with redundant timestamp for frame odom (parent map) at time 1790452413.777660 according to authority unknown_publisher[0m
Warning: TF_REPEATED_DATA ignoring data with redundant timestamp for frame odom (parent map) at time 1790452413.777660 according to authority /rtabmap/rtabmap
         at line 278 in /tmp/binarydeb/ros-noetic-tf2-0.7.7/src/buffer_core.cpp
Warning: TF_REPEATED_DATA ignoring data with redundant timestamp for frame odom (parent map) at time 1790452414.648680 according to authority unknown_publisher
         at line 278 in /tmp/binarydeb/ros-noetic-tf2-0.7.7/src/buffer_core.cpp
[33m[ WARN] [1790466618.825501015, 1790452414.395232748]: TF_REPEATED_DATA ignoring data with redundant timestamp for frame odom (parent map) at time 1790452414.648680 according to authority unknown_publisher[0m
Warning: TF_REPEATED_DATA ignoring data with redundant timestamp for frame odom (parent map) at time 1790452414.648680 according to authority /rtabmap/rtabmap
         at line 278 in /tmp/binarydeb/ros-noetic-tf2-0.7.7/src/buffer_core.cpp
[0m[ INFO] [1790466618.901998254, 1790452414.619209821]: rtabmap (388): Rate=1.00s, Limit=0.000s, Conversion=0.0013s, RTAB-Map=0.2490s, Maps update=0.0004s pub=0.0001s (local map=211, WM=211)[0m
Warning: TF_REPEATED_DATA ignoring data with redundant timestamp for frame odom (parent map) at time 1790452415.509138 according to authority unknown_publisher
         at line 278 in /tmp/binarydeb/ros-noetic-tf2-0.7.7/src/buffer_core.cpp
[33m[ WARN] [1790466619.689237291, 1790452415.409138068]: TF_REPEATED_DATA ignoring data with redundant timestamp for frame odom (parent map) at time 1790452415.509138 according to authority unknown_publisher[0m
Warning: TF_REPEATED_DATA ignoring data with redundant timestamp for frame odom (parent map) at time 1790452415.509138 according to authority /rtabmap/rtabmap
         at line 278 in /tmp/binarydeb/ros-noetic-tf2-0.7.7/src/buffer_core.cpp
[0m[ INFO] [1790466620.024613024, 1790452415.741340330]: rtabmap (389): Rate=1.00s, Limit=0.000s, Conversion=0.0015s, RTAB-Map=0.2528s, Maps update=0.0003s pub=0.0001s (local map=211, WM=211)[0m
Warning: TF_REPEATED_DATA ignoring data with redundant timestamp for frame odom (parent map) at time 1790452416.367655 according to authority unknown_publisher
         at line 278 in /tmp/binarydeb/ros-noetic-tf2-0.7.7/src/buffer_core.cpp
[33m[ WARN] [1790466620.546456900, 1790452416.267654681]: TF_REPEATED_DATA ignoring data with redundant timestamp for frame odom (parent map) at time 1790452416.367655 according to authority unknown_publisher[0m
Warning: TF_REPEATED_DATA ignoring data with redundant timestamp for frame odom (parent map) at time 1790452416.367655 according to authority /rtabmap/rtabmap
         at line 278 in /tmp/binarydeb/ros-noetic-tf2-0.7.7/src/buffer_core.cpp
[0m[ INFO] [1790466621.013181339, 1790452416.735795741]: rtabmap (390): Rate=1.00s, Limit=0.000s, Conversion=0.0012s, RTAB-Map=0.2566s, Maps update=0.0003s pub=0.0001s (local map=211, WM=211)[0m
Warning: TF_REPEATED_DATA ignoring data with redundant timestamp for frame odom (parent map) at time 1790452417.234643 according to authority unknown_publisher
         at line 278 in /tmp/binarydeb/ros-noetic-tf2-0.7.7/src/buffer_core.cpp
Warning: [33m[ WARN] [1790466621.413772703, 1790452417.134642449]: TF_REPEATED_DATA ignoring data with redundant timestamp for frame odom (parent map) at time 1790452417.234643 according to authority unknown_publisher[0m
TF_REPEATED_DATA ignoring data with redundant timestamp for frame odom (parent map) at time 1790452417.234643 according to authority /rtabmap/rtabmap
         at line 278 in /tmp/binarydeb/ros-noetic-tf2-0.7.7/src/buffer_core.cpp
[0m[ INFO] [1790466622.109465212, 1790452417.831282486]: rtabmap (391): Rate=1.00s, Limit=0.000s, Conversion=0.0017s, RTAB-Map=0.2515s, Maps update=0.0003s pub=0.0001s (local map=211, WM=211)[0m
Warning: TF_REPEATED_DATA ignoring data with redundant timestamp for frame odom (parent map) at time 1790452418.098837 according to authority unknown_publisher
         at line 278 in /tmp/binarydeb/ros-noetic-tf2-0.7.7/src/buffer_core.cpp
Warning: TF_REPEATED_DATA ignoring data with redundant timestamp for frame odom (parent map) at time 1790452418.098837 according to authority /rtabmap/rtabmap
         at line 278 in /tmp/binarydeb/ros-noetic-tf2-0.7.7/src/buffer_core.cpp
[33m[ WARN] [1790466622.277150424, 1790452417.841356022]: TF_REPEATED_DATA ignoring data with redundant timestamp for frame odom (parent map) at time 1790452418.098837 according to authority unknown_publisher[0m
[0m[ INFO] [1790466623.110496597, 1790452418.716762052]: rtabmap (392): Rate=1.00s, Limit=0.000s, Conversion=0.0017s, RTAB-Map=0.2493s, Maps update=0.0003s pub=0.0001s (local map=211, WM=211)[0m
Warning: TF_REPEATED_DATA ignoring data with redundant timestamp for frame odom (parent map) at time 1790452418.973765 according to authority unknown_publisher
         at line 278 in /tmp/binarydeb/ros-noetic-tf2-0.7.7/src/buffer_core.cpp
[33m[ WARN] [1790466623.150550995, 1790452418.873764763]: TF_REPEATED_DATA ignoring data with redundant timestamp for frame odom (parent map) at time 1790452418.973765 according to authority unknown_publisher[0m
Warning: TF_REPEATED_DATA ignoring data with redundant timestamp for frame odom (parent map) at time 1790452418.973765 according to authority /rtabmap/rtabmap
         at line 278 in /tmp/binarydeb/ros-noetic-tf2-0.7.7/src/buffer_core.cpp
Warning: TF_REPEATED_DATA ignoring data with redundant timestamp for frame odom (parent map) at time 1790452419.852524 according to authority unknown_publisher
         at line 278 in /tmp/binarydeb/ros-noetic-tf2-0.7.7/src/buffer_core.cpp
Warning: TF_REPEATED_DATA ignoring data with redundant timestamp for frame odom (parent map) at time 1790452419.852524 according to authority /rtabmap/rtabmap
         at line 278 in /tmp/binarydeb/ros-noetic-tf2-0.7.7/src/buffer_core.cpp
[33m[ WARN] [1790466624.030311341, 1790452419.752524267]: TF_REPEATED_DATA ignoring data with redundant timestamp for frame odom (parent map) at time 1790452419.852524 according to authority unknown_publisher[0m
[0m[ INFO] [1790466624.164453867, 1790452419.884061136]: rtabmap (393): Rate=1.00s, Limit=0.000s, Conversion=0.0017s, RTAB-Map=0.2902s, Maps update=0.0003s pub=0.0001s (local map=211, WM=211)[0m
Warning: TF_REPEATED_DATA ignoring data with redundant timestamp for frame odom (parent map) at time 1790452420.701850 according to authority unknown_publisher
         at line 278 in /tmp/binarydeb/ros-noetic-tf2-0.7.7/src/buffer_core.cpp
Warning: TF_REPEATED_DATA ignoring data with redundant timestamp for frame odom (parent map) at time 1790452420.701850 according to authority /rtabmap/rtabmap
         at line 278 in /tmp/binarydeb/ros-noetic-tf2-0.7.7/src/buffer_core.cpp
[33m[ WARN] [1790466624.880237390, 1790452420.601850375]: TF_REPEATED_DATA ignoring data with redundant timestamp for frame odom (parent map) at time 1790452420.701850 according to authority unknown_publisher[0m
[0m[ INFO] [1790466625.208523239, 1790452420.924492233]: rtabmap (394): Rate=1.00s, Limit=0.000s, Conversion=0.0008s, RTAB-Map=0.2469s, Maps update=0.0003s pub=0.0001s (local map=211, WM=211)[0m
[0m[ INFO] [1790466625.452754750, 1790452421.176611244]: rtabmap (395): Rate=1.00s, Limit=0.000s, Conversion=0.0007s, RTAB-Map=0.2408s, Maps update=0.0004s pub=0.0001s (local map=211, WM=211)[0m
Warning: TF_REPEATED_DATA ignoring data with redundant timestamp for frame odom (parent map) at time 1790452421.566971 according to authority unknown_publisher
         at line 278 in /tmp/binarydeb/ros-noetic-tf2-0.7.7/src/buffer_core.cpp
Warning: TF_REPEATED_DATA ignoring data with redundant timestamp for frame odom (parent map) at time 1790452421.566971 according to authority /rtabmap/rtabmap
         at line 278 in /tmp/binarydeb/ros-noetic-tf2-0.7.7/src/buffer_core.cpp
[33m[ WARN] [1790466625.749760941, 1790452421.466970491]: TF_REPEATED_DATA ignoring data with redundant timestamp for frame odom (parent map) at time 1790452421.566971 according to authority unknown_publisher[0m
[0m[ INFO] [1790466626.303593132, 1790452422.021972038]: rtabmap (396): Rate=1.00s, Limit=0.000s, Conversion=0.0008s, RTAB-Map=0.2503s, Maps update=0.0003s pub=0.0001s (local map=211, WM=211)[0m
Warning: TF_REPEATED_DATA ignoring data with redundant timestamp for frame odom (parent map) at time 1790452422.425684 according to authority unknown_publisher
         at line 278 in /tmp/binarydeb/ros-noetic-tf2-0.7.7/src/buffer_core.cpp
[33m[ WARN] [1790466626.602177387, 1790452422.325684342]: TF_REPEATED_DATA ignoring data with redundant timestamp for frame odom (parent map) at time 1790452422.425684 according to authority unknown_publisher[0m
Warning: TF_REPEATED_DATA ignoring data with redundant timestamp for frame odom (parent map) at time 1790452422.425684 according to authority /rtabmap/rtabmap
         at line 278 in /tmp/binarydeb/ros-noetic-tf2-0.7.7/src/buffer_core.cpp
[0m[ INFO] [1790466627.327185709, 1790452423.033795862]: rtabmap (397): Rate=1.00s, Limit=0.000s, Conversion=0.0013s, RTAB-Map=0.2586s, Maps update=0.0002s pub=0.0001s (local map=211, WM=211)[0m
Warning: TF_REPEATED_DATA ignoring data with redundant timestamp for frame odom (parent map) at time 1790452423.293313 according to authority unknown_publisher
         at line 278 in /tmp/binarydeb/ros-noetic-tf2-0.7.7/src/buffer_core.cpp
Warning: TF_REPEATED_DATA ignoring data with redundant timestamp for frame odom (parent map) at time 1790452423.293313 according to authority /rtabmap/rtabmap[33m[ WARN] [1790466627.470709030, 1790452423.193313192]: TF_REPEATED_DATA ignoring data with redundant timestamp for frame odom (parent map) at time 1790452423.293313 according to authority unknown_publisher[0m

         at line 278 in /tmp/binarydeb/ros-noetic-tf2-0.7.7/src/buffer_core.cpp
[33m[ WARN] [1790466637.656059643, 1790452433.377393041]: We are receiving imu data (buffer=1000), but cannot interpolate imu transform at time 1790452433.337063. IMU won't be added to graph.[0m
[0m[ INFO] [1790466628.409877925, 1790452424.128651362]: rtabmap (398): Rate=1.00s, Limit=0.000s, Conversion=0.0009s, RTAB-Map=0.2559s, Maps update=0.0005s pub=0.0001s (local map=211, WM=211)[0m
[0m[ INFO] [1790466629.406415691, 1790452425.127367005]: rtabmap (399): Rate=1.00s, Limit=0.000s, Conversion=0.0013s, RTAB-Map=0.2442s, Maps update=0.0003s pub=0.0001s (local map=211, WM=211)[0m
[0m[ INFO] [1790466630.520804698, 1790452426.238128041]: rtabmap (400): Rate=1.00s, Limit=0.000s, Conversion=0.0013s, RTAB-Map=0.2515s, Maps update=0.0003s pub=0.0001s (local map=211, WM=211)[0m
[0m[ INFO] [1790466631.515446069, 1790452427.238073688]: rtabmap (401): Rate=1.00s, Limit=0.000s, Conversion=0.0013s, RTAB-Map=0.2522s, Maps update=0.0003s pub=0.0001s (local map=211, WM=211)[0m
[0m[ INFO] [1790466632.630641493, 1790452428.351336132]: rtabmap (402): Rate=1.00s, Limit=0.000s, Conversion=0.0013s, RTAB-Map=0.2588s, Maps update=0.0003s pub=0.0001s (local map=211, WM=211)[0m
[0m[ INFO] [1790466633.734819183, 1790452429.453018503]: rtabmap (403): Rate=1.00s, Limit=0.000s, Conversion=0.0014s, RTAB-Map=0.2596s, Maps update=0.0004s pub=0.0001s (local map=211, WM=211)[0m
[0m[ INFO] [1790466634.706444442, 1790452430.420738156]: rtabmap (404): Rate=1.00s, Limit=0.000s, Conversion=0.0008s, RTAB-Map=0.2532s, Maps update=0.0003s pub=0.0001s (local map=211, WM=211)[0m
[0m[ INFO] [1790466635.824387168, 1790452431.539922654]: rtabmap (405): Rate=1.00s, Limit=0.000s, Conversion=0.0012s, RTAB-Map=0.2534s, Maps update=0.0003s pub=0.0001s (local map=211, WM=211)[0m
[0m[ INFO] [1790466636.919945044, 1790452432.635260208]: rtabmap (406): Rate=1.00s, Limit=0.000s, Conversion=0.0014s, RTAB-Map=0.2540s, Maps update=0.0003s pub=0.0001s (local map=212, WM=212)[0m
[33m[ WARN] (2026-09-26 19:50:37.655) Transform.cpp:557::getTransform() No transform found for stamp 1790452433.337063! Latest is 1790452433.331094[0m
[0m[ INFO] [1790466637.876838877, 1790452433.590751691]: rtabmap (407): Rate=1.00s, Limit=0.000s, Conversion=0.0023s, RTAB-Map=0.2200s, Maps update=0.0003s pub=0.0001s (local map=213, WM=213)[0m
[0m[ INFO] [1790466639.015352500, 1790452434.730128843]: rtabmap (408): Rate=1.00s, Limit=0.000s, Conversion=0.0020s, RTAB-Map=0.2573s, Maps update=0.0003s pub=0.0001s (local map=214, WM=214)[0m
[0m[ INFO] [1790466640.015801957, 1790452435.731115585]: rtabmap (409): Rate=1.00s, Limit=0.000s, Conversion=0.0012s, RTAB-Map=0.2585s, Maps update=0.0002s pub=0.0001s (local map=215, WM=215)[0m
[0m[ INFO] [1790466641.012278932, 1790452436.731559990]: rtabmap (410): Rate=1.00s, Limit=0.000s, Conversion=0.0008s, RTAB-Map=0.2597s, Maps update=0.0003s pub=0.0001s (local map=216, WM=216)[0m
[0m[ INFO] [1790466642.122636170, 1790452437.843804638]: rtabmap (411): Rate=1.00s, Limit=0.000s, Conversion=0.0008s, RTAB-Map=0.2651s, Maps update=0.0002s pub=0.0001s (local map=217, WM=217)[0m
[0m[ INFO] [1790466643.132656962, 1790452438.853075695]: rtabmap (412): Rate=1.00s, Limit=0.000s, Conversion=0.0014s, RTAB-Map=0.2656s, Maps update=0.0003s pub=0.0001s (local map=218, WM=218)[0m
[0m[ INFO] [1790466644.237260969, 1790452439.955002332]: rtabmap (413): Rate=1.00s, Limit=0.000s, Conversion=0.0018s, RTAB-Map=0.2830s, Maps update=0.0002s pub=0.0001s (local map=219, WM=219)[0m
[0m[ INFO] [1790466645.304737008, 1790452441.020746739]: rtabmap (414): Rate=1.00s, Limit=0.000s, Conversion=0.0012s, RTAB-Map=0.2513s, Maps update=0.0002s pub=0.0001s (local map=220, WM=220)[0m
[0m[ INFO] [1790466646.399698435, 1790452442.116164490]: rtabmap (415): Rate=1.00s, Limit=0.000s, Conversion=0.0008s, RTAB-Map=0.2519s, Maps update=0.0002s pub=0.0001s (local map=221, WM=221)[0m
[0m[ INFO] [1790466647.527654839, 1790452443.246277490]: rtabmap (416): Rate=1.00s, Limit=0.000s, Conversion=0.0009s, RTAB-Map=0.2681s, Maps update=0.0002s pub=0.0001s (local map=222, WM=222)[0m
[0m[ INFO] [1790466648.520280282, 1790452444.235628214]: rtabmap (417): Rate=1.00s, Limit=0.000s, Conversion=0.0014s, RTAB-Map=0.2675s, Maps update=0.0002s pub=0.0001s (local map=223, WM=223)[0m
[0m[ INFO] [1790466649.539033468, 1790452445.254067637]: rtabmap (418): Rate=1.00s, Limit=0.000s, Conversion=0.0011s, RTAB-Map=0.2711s, Maps update=0.0003s pub=0.0001s (local map=224, WM=224)[0m
[0m[ INFO] [1790466650.631438373, 1790452446.353595779]: rtabmap (419): Rate=1.00s, Limit=0.000s, Conversion=0.0013s, RTAB-Map=0.2648s, Maps update=0.0003s pub=0.0001s (local map=224, WM=224)[0m
[0m[ INFO] [1790466651.723372366, 1790452447.443604153]: rtabmap (420): Rate=1.00s, Limit=0.000s, Conversion=0.0013s, RTAB-Map=0.2552s, Maps update=0.0003s pub=0.0001s (local map=224, WM=224)[0m
[0m[ INFO] [1790466652.703020611, 1790452448.423971284]: rtabmap (421): Rate=1.00s, Limit=0.000s, Conversion=0.0013s, RTAB-Map=0.2412s, Maps update=0.0002s pub=0.0001s (local map=225, WM=225)[0m
[0m[ INFO] [1790466653.717461897, 1790452449.431848700]: rtabmap (422): Rate=1.00s, Limit=0.000s, Conversion=0.0008s, RTAB-Map=0.2618s, Maps update=0.0002s pub=0.0001s (local map=226, WM=226)[0m
[0m[ INFO] [1790466654.805946332, 1790452450.521263960]: rtabmap (423): Rate=1.00s, Limit=0.000s, Conversion=0.0010s, RTAB-Map=0.2488s, Maps update=0.0003s pub=0.0001s (local map=227, WM=227)[0m
[0m[ INFO] [1790466655.821848344, 1790452451.542691016]: rtabmap (424): Rate=1.00s, Limit=0.000s, Conversion=0.0013s, RTAB-Map=0.2666s, Maps update=0.0003s pub=0.0001s (local map=227, WM=227)[0m
[0m[ INFO] [1790466656.819649256, 1790452452.541143039]: rtabmap (425): Rate=1.00s, Limit=0.000s, Conversion=0.0008s, RTAB-Map=0.2578s, Maps update=0.0003s pub=0.0001s (local map=227, WM=227)[0m
[0m[ INFO] [1790466657.800451896, 1790452453.524495975]: rtabmap (426): Rate=1.00s, Limit=0.000s, Conversion=0.0013s, RTAB-Map=0.2379s, Maps update=0.0003s pub=0.0001s (local map=227, WM=227)[0m
[0m[ INFO] [1790466658.914669490, 1790452454.637869145]: rtabmap (427): Rate=1.00s, Limit=0.000s, Conversion=0.0009s, RTAB-Map=0.2515s, Maps update=0.0004s pub=0.0001s (local map=227, WM=227)[0m
[0m[ INFO] [1790466660.023026135, 1790452455.741695250]: rtabmap (428): Rate=1.00s, Limit=0.000s, Conversion=0.0008s, RTAB-Map=0.2464s, Maps update=0.0002s pub=0.0001s (local map=228, WM=228)[0m
Warning: TF_REPEATED_DATA ignoring data with redundant timestamp for frame odom (parent map) at time 1790452455.996446 according to authority unknown_publisher
         at line 278 in /tmp/binarydeb/ros-noetic-tf2-0.7.7/src/buffer_core.cpp
Warning: TF_REPEATED_DATA ignoring data with redundant timestamp for frame odom (parent map) at time 1790452455.996446 according to authority /rtabmap/rtabmap
         at line 278 in /tmp/binarydeb/ros-noetic-tf2-0.7.7/src/buffer_core.cpp
[33m[ WARN] [1790466660.174905905, 1790452455.896445672]: TF_REPEATED_DATA ignoring data with redundant timestamp for frame odom (parent map) at time 1790452455.996446 according to authority unknown_publisher[0m
[0m[ INFO] [1790466661.160879773, 1790452456.876400634]: rtabmap (429): Rate=1.00s, Limit=0.000s, Conversion=0.0021s, RTAB-Map=0.2978s, Maps update=0.0003s pub=0.0001s (local map=228, WM=228)[0m
[0m[ INFO] [1790466662.224057430, 1790452457.944414402]: rtabmap (430): Rate=1.00s, Limit=0.000s, Conversion=0.0010s, RTAB-Map=0.2640s, Maps update=0.0003s pub=0.0001s (local map=229, WM=229)[0m
[0m[ INFO] [1790466663.219890952, 1790452458.944257371]: rtabmap (431): Rate=1.00s, Limit=0.000s, Conversion=0.0013s, RTAB-Map=0.2678s, Maps update=0.0003s pub=0.0001s (local map=229, WM=229)[0m
[0m[ INFO] [1790466664.226682855, 1790452459.943262767]: rtabmap (432): Rate=1.00s, Limit=0.000s, Conversion=0.0013s, RTAB-Map=0.2602s, Maps update=0.0003s pub=0.0001s (local map=229, WM=229)[0m
[0m[ INFO] [1790466665.285601313, 1790452461.002988753]: rtabmap (433): Rate=1.00s, Limit=0.000s, Conversion=0.0009s, RTAB-Map=0.2391s, Maps update=0.0003s pub=0.0001s (local map=229, WM=229)[0m
[0m[ INFO] [1790466666.398131046, 1790452462.115266610]: rtabmap (434): Rate=1.00s, Limit=0.000s, Conversion=0.0013s, RTAB-Map=0.2419s, Maps update=0.0002s pub=0.0001s (local map=230, WM=230)[0m
[0m[ INFO] [1790466667.404830478, 1790452463.126535143]: rtabmap (435): Rate=1.00s, Limit=0.000s, Conversion=0.0011s, RTAB-Map=0.2456s, Maps update=0.0002s pub=0.0001s (local map=231, WM=231)[0m
[0m[ INFO] [1790466668.427519508, 1790452464.149225869]: rtabmap (436): Rate=1.00s, Limit=0.000s, Conversion=0.0013s, RTAB-Map=0.2766s, Maps update=0.0002s pub=0.0001s (local map=232, WM=232)[0m
[0m[ INFO] [1790466669.507725450, 1790452465.228881342]: rtabmap (437): Rate=1.00s, Limit=0.000s, Conversion=0.0008s, RTAB-Map=0.2484s, Maps update=0.0003s pub=0.0001s (local map=232, WM=232)[0m
[0m[ INFO] [1790466670.495791080, 1790452466.218837742]: rtabmap (438): Rate=1.00s, Limit=0.000s, Conversion=0.0013s, RTAB-Map=0.2448s, Maps update=0.0003s pub=0.0001s (local map=232, WM=232)[0m
[0m[ INFO] [1790466671.598882595, 1790452467.314582530]: rtabmap (439): Rate=1.00s, Limit=0.000s, Conversion=0.0008s, RTAB-Map=0.2308s, Maps update=0.0003s pub=0.0001s (local map=232, WM=232)[0m
[0m[ INFO] [1790466672.625743359, 1790452468.345534117]: rtabmap (440): Rate=1.00s, Limit=0.000s, Conversion=0.0012s, RTAB-Map=0.2578s, Maps update=0.0003s pub=0.0001s (local map=232, WM=232)[0m
[0m[ INFO] [1790466673.766284588, 1790452469.483336824]: rtabmap (441): Rate=1.00s, Limit=0.000s, Conversion=0.0014s, RTAB-Map=0.3146s, Maps update=0.0004s pub=0.0001s (local map=232, WM=232)[0m
[0m[ INFO] [1790466674.695317594, 1790452470.416711536]: rtabmap (442): Rate=1.00s, Limit=0.000s, Conversion=0.0008s, RTAB-Map=0.2340s, Maps update=0.0004s pub=0.0001s (local map=232, WM=232)[0m
[0m[ INFO] [1790466675.723356075, 1790452471.438279010]: rtabmap (443): Rate=1.00s, Limit=0.000s, Conversion=0.0013s, RTAB-Map=0.2524s, Maps update=0.0002s pub=0.0001s (local map=233, WM=233)[0m
[0m[ INFO] [1790466676.837171455, 1790452472.557929967]: rtabmap (444): Rate=1.00s, Limit=0.000s, Conversion=0.0016s, RTAB-Map=0.2683s, Maps update=0.0002s pub=0.0001s (local map=234, WM=234)[0m
[0m[ INFO] [1790466677.822175478, 1790452473.542440032]: rtabmap (445): Rate=1.00s, Limit=0.000s, Conversion=0.0009s, RTAB-Map=0.2558s, Maps update=0.0003s pub=0.0001s (local map=235, WM=235)[0m
[0m[ INFO] [1790466678.894372605, 1790452474.616416025]: rtabmap (446): Rate=1.00s, Limit=0.000s, Conversion=0.0012s, RTAB-Map=0.2307s, Maps update=0.0005s pub=0.0001s (local map=236, WM=236)[0m
[0m[ INFO] [1790466679.878348452, 1790452475.598061867]: rtabmap (447): Rate=1.00s, Limit=0.000s, Conversion=0.0009s, RTAB-Map=0.2151s, Maps update=0.0004s pub=0.0001s (local map=237, WM=237)[0m
[0m[ INFO] [1790466680.993155015, 1790452476.714378984]: rtabmap (448): Rate=1.00s, Limit=0.000s, Conversion=0.0011s, RTAB-Map=0.2285s, Maps update=0.0003s pub=0.0001s (local map=238, WM=238)[0m
Warning: TF_REPEATED_DATA ignoring data with redundant timestamp for frame odom (parent map) at time 1790452477.790890 according to authority unknown_publisher
         at line 278 in /tmp/binarydeb/ros-noetic-tf2-0.7.7/src/buffer_core.cpp
[33m[ WARN] [1790466681.968367046, 1790452477.690889583]: TF_REPEATED_DATA ignoring data with redundant timestamp for frame odom (parent map) at time 1790452477.790890 according to authority unknown_publisher[0m
Warning: TF_REPEATED_DATA ignoring data with redundant timestamp for frame odom (parent map) at time 1790452477.790890 according to authority /rtabmap/rtabmap
         at line 278 in /tmp/binarydeb/ros-noetic-tf2-0.7.7/src/buffer_core.cpp
[0m[ INFO] [1790466682.219595495, 1790452477.942884789]: rtabmap (449): Rate=1.00s, Limit=0.000s, Conversion=0.0009s, RTAB-Map=0.2302s, Maps update=0.0003s pub=0.0002s (local map=239, WM=239)[0m
Warning: TF_REPEATED_DATA ignoring data with redundant timestamp for frame odom (parent map) at time 1790452478.652884 according to authority unknown_publisher
         at line 278 in /tmp/binarydeb/ros-noetic-tf2-0.7.7/src/buffer_core.cpp
[33m[ WARN] [1790466682.831111220, 1790452478.552883640]: TF_REPEATED_DATA ignoring data with redundant timestamp for frame odom (parent map) at time 1790452478.652884 according to authority unknown_publisher[0m
Warning: TF_REPEATED_DATA ignoring data with redundant timestamp for frame odom (parent map) at time 1790452478.652884 according to authority /rtabmap/rtabmap
         at line 278 in /tmp/binarydeb/ros-noetic-tf2-0.7.7/src/buffer_core.cpp
[0m[ INFO] [1790466683.204513545, 1790452478.925817322]: rtabmap (450): Rate=1.00s, Limit=0.000s, Conversion=0.0014s, RTAB-Map=0.2341s, Maps update=0.0004s pub=0.0001s (local map=240, WM=240)[0m
Warning: TF_REPEATED_DATA ignoring data with redundant timestamp for frame odom (parent map) at time 1790452479.532170 according to authority unknown_publisher
         at line 278 in /tmp/binarydeb/ros-noetic-tf2-0.7.7/src/buffer_core.cpp
[33m[ WARN] [1790466683.709583529, 1790452479.432170194]: TF_REPEATED_DATA ignoring data with redundant timestamp for frame odom (parent map) at time 1790452479.532170 according to authority unknown_publisher[0m
Warning: TF_REPEATED_DATA ignoring data with redundant timestamp for frame odom (parent map) at time 1790452479.532170 according to authority /rtabmap/rtabmap
         at line 278 in /tmp/binarydeb/ros-noetic-tf2-0.7.7/src/buffer_core.cpp
[0m[ INFO] [1790466684.208226692, 1790452479.925351243]: rtabmap (451): Rate=1.00s, Limit=0.000s, Conversion=0.0020s, RTAB-Map=0.2496s, Maps update=0.0002s pub=0.0001s (local map=241, WM=241)[0m
Warning: TF_REPEATED_DATA ignoring data with redundant timestamp for frame odom (parent map) at time 1790452480.385175 according to authority unknown_publisher
         at line 278 in /tmp/binarydeb/ros-noetic-tf2-0.7.7/src/buffer_core.cpp
[33m[ WARN] [1790466684.562832835, 1790452480.285175019]: TF_REPEATED_DATA ignoring data with redundant timestamp for frame odom (parent map) at time 1790452480.385175 according to authority unknown_publisher[0m
Warning: TF_REPEATED_DATA ignoring data with redundant timestamp for frame odom (parent map) at time 1790452480.385175 according to authority /rtabmap/rtabmap
         at line 278 in /tmp/binarydeb/ros-noetic-tf2-0.7.7/src/buffer_core.cpp
[0m[ INFO] [1790466685.291988450, 1790452480.999753807]: rtabmap (452): Rate=1.00s, Limit=0.000s, Conversion=0.0008s, RTAB-Map=0.2310s, Maps update=0.0002s pub=0.0001s (local map=242, WM=242)[0m
Warning: TF_REPEATED_DATA ignoring data with redundant timestamp for frame odom (parent map) at time 1790452481.261339 according to authority unknown_publisher
         at line 278 in /tmp/binarydeb/ros-noetic-tf2-0.7.7/src/buffer_core.cpp
[33m[ WARN] [1790466685.437814384, 1790452481.161339103]: TF_REPEATED_DATA ignoring data with redundant timestamp for frame odom (parent map) at time 1790452481.261339 according to authority unknown_publisher[0m
Warning: TF_REPEATED_DATA ignoring data with redundant timestamp for frame odom (parent map) at time 1790452481.261339 according to authority /rtabmap/rtabmap
         at line 278 in /tmp/binarydeb/ros-noetic-tf2-0.7.7/src/buffer_core.cpp
[33m[ WARN] [1790466686.174873193, 1790452481.856557170]: We are receiving imu data (buffer=1000), but cannot interpolate imu transform at time 1790452481.826365. IMU won't be added to graph.[0m
[33m[ WARN] (2026-09-26 19:51:26.174) Transform.cpp:557::getTransform() No transform found for stamp 1790452481.826365! Latest is 1790452481.824219[0m
Warning: TF_REPEATED_DATA ignoring data with redundant timestamp for frame odom (parent map) at time 1790452482.118163 according to authority unknown_publisher
         at line 278 in /tmp/binarydeb/ros-noetic-tf2-0.7.7/src/buffer_core.cpp
[33m[ WARN] [1790466686.301986564, 1790452482.018163333]: TF_REPEATED_DATA ignoring data with redundant timestamp for frame odom (parent map) at time 1790452482.118163 according to authority unknown_publisher[0m
Warning: TF_REPEATED_DATA ignoring data with redundant timestamp for frame odom (parent map) at time 1790452482.118163 according to authority /rtabmap/rtabmap
         at line 278 in /tmp/binarydeb/ros-noetic-tf2-0.7.7/src/buffer_core.cpp
[0m[ INFO] [1790466686.367839552, 1790452482.088547517]: rtabmap (453): Rate=1.00s, Limit=0.000s, Conversion=0.0011s, RTAB-Map=0.1920s, Maps update=0.0005s pub=0.0001s (local map=243, WM=243)[0m
Warning: TF_REPEATED_DATA ignoring data with redundant timestamp for frame odom (parent map) at time 1790452482.992383 according to authority unknown_publisher
         at line 278 in /tmp/binarydeb/ros-noetic-tf2-0.7.7/src/buffer_core.cpp
Warning: TF_REPEATED_DATA ignoring data with redundant timestamp for frame odom (parent map) at time 1790452482.992383 according to authority /rtabmap/rtabmap
         at line 278 in /tmp/binarydeb/ros-noetic-tf2-0.7.7/src/buffer_core.cpp
[33m[ WARN] [1790466687.169193462, 1790452482.892383523]: TF_REPEATED_DATA ignoring data with redundant timestamp for frame odom (parent map) at time 1790452482.992383 according to authority unknown_publisher[0m
[0m[ INFO] [1790466687.473952717, 1790452483.194981772]: rtabmap (454): Rate=1.00s, Limit=0.000s, Conversion=0.0009s, RTAB-Map=0.2237s, Maps update=0.0004s pub=0.0001s (local map=244, WM=244)[0m
Warning: TF_REPEATED_DATA ignoring data with redundant timestamp for frame odom (parent map) at time 1790452483.452027 according to authority unknown_publisher
         at line 278 in /tmp/binarydeb/ros-noetic-tf2-0.7.7/src/buffer_core.cpp
[33m[ WARN] [1790466687.629238363, 1790452483.352027333]: TF_REPEATED_DATA ignoring data with redundant timestamp for frame odom (parent map) at time 1790452483.452027 according to authority unknown_publisher[0m
Warning: TF_REPEATED_DATA ignoring data with redundant timestamp for frame odom (parent map) at time 1790452483.452027 according to authority /rtabmap/rtabmap
         at line 278 in /tmp/binarydeb/ros-noetic-tf2-0.7.7/src/buffer_core.cpp
Warning: TF_REPEATED_DATA ignoring data with redundant timestamp for frame odom (parent map) at time 1790452483.861931 according to authority unknown_publisher
         at line 278 in /tmp/binarydeb/ros-noetic-tf2-0.7.7/src/buffer_core.cpp
Warning: TF_REPEATED_DATA ignoring data with redundant timestamp for frame odom (parent map) at time 1790452483.861931 according to authority /rtabmap/rtabmap
         at line 278 in /tmp/binarydeb/ros-noetic-tf2-0.7.7/src/buffer_core.cpp
[33m[ WARN] [1790466688.039326246, 1790452483.761930703]: TF_REPEATED_DATA ignoring data with redundant timestamp for frame odom (parent map) at time 1790452483.861931 according to authority unknown_publisher[0m
[0m[ INFO] [1790466688.500346935, 1790452484.215262416]: rtabmap (455): Rate=1.00s, Limit=0.000s, Conversion=0.0012s, RTAB-Map=0.2437s, Maps update=0.0004s pub=0.0001s (local map=245, WM=245)[0m
Warning: TF_REPEATED_DATA ignoring data with redundant timestamp for frame odom (parent map) at time 1790452484.720284 according to authority unknown_publisher
         at line 278 in /tmp/binarydeb/ros-noetic-tf2-0.7.7/src/buffer_core.cpp
Warning: TF_REPEATED_DATA ignoring data with redundant timestamp for frame odom (parent map) at time 1790452484.720284 according to authority /rtabmap/rtabmap
         at line 278 in /tmp/binarydeb/ros-noetic-tf2-0.7.7/src/buffer_core.cpp
[33m[ WARN] [1790466688.898660031, 1790452484.620283458]: TF_REPEATED_DATA ignoring data with redundant timestamp for frame odom (parent map) at time 1790452484.720284 according to authority unknown_publisher[0m
[0m[ INFO] [1790466689.579165180, 1790452485.298233647]: rtabmap (456): Rate=1.00s, Limit=0.000s, Conversion=0.0008s, RTAB-Map=0.2201s, Maps update=0.0003s pub=0.0001s (local map=246, WM=246)[0m
Warning: TF_REPEATED_DATA ignoring data with redundant timestamp for frame odom (parent map) at time 1790452485.576145 according to authority unknown_publisher
         at line 278 in /tmp/binarydeb/ros-noetic-tf2-0.7.7/src/buffer_core.cpp
[33m[ WARN] [1790466689.755516915, 1790452485.476145199]: TF_REPEATED_DATA ignoring data with redundant timestamp for frame odom (parent map) at time 1790452485.576145 according to authority unknown_publisher[0m
Warning: TF_REPEATED_DATA ignoring data with redundant timestamp for frame odom (parent map) at time 1790452485.576145 according to authority /rtabmap/rtabmap
         at line 278 in /tmp/binarydeb/ros-noetic-tf2-0.7.7/src/buffer_core.cpp
Warning: TF_REPEATED_DATA ignoring data with redundant timestamp for frame odom (parent map) at time 1790452486.438890 according to authority unknown_publisher
         at line 278 in /tmp/binarydeb/ros-noetic-tf2-0.7.7/src/buffer_core.cpp
[33m[ WARN] [1790466690.616442091, 1790452486.338889875]: TF_REPEATED_DATA ignoring data with redundant timestamp for frame odom (parent map) at time 1790452486.438890 according to authority unknown_publisher[0m
Warning: TF_REPEATED_DATA ignoring data with redundant timestamp for frame odom (parent map) at time 1790452486.438890 according to authority /rtabmap/rtabmap
         at line 278 in /tmp/binarydeb/ros-noetic-tf2-0.7.7/src/buffer_core.cpp
[0m[ INFO] [1790466690.681451558, 1790452486.399311857]: rtabmap (457): Rate=1.00s, Limit=0.000s, Conversion=0.0013s, RTAB-Map=0.2234s, Maps update=0.0003s pub=0.0001s (local map=246, WM=246)[0m
Warning: TF_REPEATED_DATA ignoring data with redundant timestamp for frame odom (parent map) at time 1790452487.330034 according to authority unknown_publisher
         at line 278 in /tmp/binarydeb/ros-noetic-tf2-0.7.7/src/buffer_core.cpp
Warning: TF_REPEATED_DATA ignoring data with redundant timestamp for frame odom (parent map) at time 1790452487.330034 according to authority /rtabmap/rtabmap
         at line 278 in /tmp/binarydeb/ros-noetic-tf2-0.7.7/src/buffer_core.cpp
[33m[ WARN] [1790466691.508698453, 1790452487.230034390]: TF_REPEATED_DATA ignoring data with redundant timestamp for frame odom (parent map) at time 1790452487.330034 according to authority unknown_publisher[0m
[0m[ INFO] [1790466691.765268653, 1790452487.484124318]: rtabmap (458): Rate=1.00s, Limit=0.000s, Conversion=0.0022s, RTAB-Map=0.2306s, Maps update=0.0003s pub=0.0001s (local map=246, WM=246)[0m
[0m[ INFO] [1790466692.695539927, 1790452488.413625059]: rtabmap (459): Rate=1.00s, Limit=0.000s, Conversion=0.0010s, RTAB-Map=0.2239s, Maps update=0.0003s pub=0.0001s (local map=247, WM=247)[0m
[0m[ INFO] [1790466693.807601970, 1790452489.523728209]: rtabmap (460): Rate=1.00s, Limit=0.000s, Conversion=0.0021s, RTAB-Map=0.2399s, Maps update=0.0003s pub=0.0001s (local map=248, WM=248)[0m
[0m[ INFO] [1790466694.789710946, 1790452490.506846536]: rtabmap (461): Rate=1.00s, Limit=0.000s, Conversion=0.0012s, RTAB-Map=0.2342s, Maps update=0.0002s pub=0.0001s (local map=249, WM=249)[0m
[0m[ INFO] [1790466695.894779378, 1790452491.615694800]: rtabmap (462): Rate=1.00s, Limit=0.000s, Conversion=0.0013s, RTAB-Map=0.2384s, Maps update=0.0002s pub=0.0001s (local map=250, WM=250)[0m
[0m[ INFO] [1790466696.912710086, 1790452492.632888735]: rtabmap (463): Rate=1.00s, Limit=0.000s, Conversion=0.0020s, RTAB-Map=0.2601s, Maps update=0.0003s pub=0.0001s (local map=251, WM=251)[0m
[0m[ INFO] [1790466697.986805233, 1790452493.708414420]: rtabmap (464): Rate=1.00s, Limit=0.000s, Conversion=0.0009s, RTAB-Map=0.2230s, Maps update=0.0003s pub=0.0001s (local map=252, WM=252)[0m
[0m[ INFO] [1790466699.025434537, 1790452494.746063494]: rtabmap (465): Rate=1.00s, Limit=0.000s, Conversion=0.0020s, RTAB-Map=0.2547s, Maps update=0.0003s pub=0.0001s (local map=253, WM=253)[0m
[0m[ INFO] [1790466700.111801734, 1790452495.829554799]: rtabmap (466): Rate=1.00s, Limit=0.000s, Conversion=0.0013s, RTAB-Map=0.2435s, Maps update=0.0002s pub=0.0001s (local map=254, WM=254)[0m
[0m[ INFO] [1790466701.202734128, 1790452496.918141674]: rtabmap (467): Rate=1.00s, Limit=0.000s, Conversion=0.0009s, RTAB-Map=0.2320s, Maps update=0.0004s pub=0.0001s (local map=255, WM=255)[0m
[33m[ WARN] (2026-09-26 19:51:42.136) Memory.cpp:3200::computeTransform() Missing visual features or missing raw data to compute them. Transform cannot be estimated.[0m
[0m[ INFO] [1790466702.208100129, 1790452497.929859716]: rtabmap (468): Rate=1.00s, Limit=0.000s, Conversion=0.0013s, RTAB-Map=0.2471s, Maps update=0.0003s pub=0.0001s (local map=256, WM=256)[0m
[33m[ WARN] (2026-09-26 19:51:43.220) Memory.cpp:3200::computeTransform() Missing visual features or missing raw data to compute them. Transform cannot be estimated.[0m
[0m[ INFO] [1790466703.311075834, 1790452499.032487643]: rtabmap (469): Rate=1.00s, Limit=0.000s, Conversion=0.0013s, RTAB-Map=0.2450s, Maps update=0.0002s pub=0.0001s (local map=257, WM=257)[0m
[33m[ WARN] (2026-09-26 19:51:44.215) Memory.cpp:3200::computeTransform() Missing visual features or missing raw data to compute them. Transform cannot be estimated.[0m
[0m[ INFO] [1790466704.330402147, 1790452500.038003338]: rtabmap (470): Rate=1.00s, Limit=0.000s, Conversion=0.0015s, RTAB-Map=0.2677s, Maps update=0.0004s pub=0.0001s (local map=258, WM=258)[0m
[33m[ WARN] (2026-09-26 19:51:45.301) Memory.cpp:3200::computeTransform() Missing visual features or missing raw data to compute them. Transform cannot be estimated.[0m
[0m[ INFO] [1790466705.404077726, 1790452501.121654918]: rtabmap (471): Rate=1.00s, Limit=0.000s, Conversion=0.0013s, RTAB-Map=0.2508s, Maps update=0.0003s pub=0.0001s (local map=259, WM=259)[0m
[33m[ WARN] (2026-09-26 19:51:46.425) Memory.cpp:3200::computeTransform() Missing visual features or missing raw data to compute them. Transform cannot be estimated.[0m
[0m[ INFO] [1790466706.524808029, 1790452502.244984470]: rtabmap (472): Rate=1.00s, Limit=0.000s, Conversion=0.0019s, RTAB-Map=0.2659s, Maps update=0.0004s pub=0.0001s (local map=260, WM=260)[0m
[33m[ WARN] (2026-09-26 19:51:47.437) Memory.cpp:3200::computeTransform() Missing visual features or missing raw data to compute them. Transform cannot be estimated.[0m
[0m[ INFO] [1790466707.537972780, 1790452503.256284952]: rtabmap (473): Rate=1.00s, Limit=0.000s, Conversion=0.0027s, RTAB-Map=0.2710s, Maps update=0.0003s pub=0.0001s (local map=261, WM=261)[0m
[33m[ WARN] (2026-09-26 19:51:48.535) Memory.cpp:3200::computeTransform() Missing visual features or missing raw data to compute them. Transform cannot be estimated.[0m
[0m[ INFO] [1790466708.645170195, 1790452504.357128950]: rtabmap (474): Rate=1.00s, Limit=0.000s, Conversion=0.0019s, RTAB-Map=0.2760s, Maps update=0.0003s pub=0.0001s (local map=262, WM=262)[0m
[33m[ WARN] (2026-09-26 19:51:49.518) Memory.cpp:3200::computeTransform() Missing visual features or missing raw data to compute them. Transform cannot be estimated.[0m
[0m[ INFO] [1790466709.617568851, 1790452505.338076462]: rtabmap (475): Rate=1.00s, Limit=0.000s, Conversion=0.0013s, RTAB-Map=0.2560s, Maps update=0.0003s pub=0.0001s (local map=263, WM=263)[0m
[33m[ WARN] (2026-09-26 19:51:50.625) Memory.cpp:3200::computeTransform() Missing visual features or missing raw data to compute them. Transform cannot be estimated.[0m
[0m[ INFO] [1790466710.723316400, 1790452506.438257286]: rtabmap (476): Rate=1.00s, Limit=0.000s, Conversion=0.0019s, RTAB-Map=0.2511s, Maps update=0.0003s pub=0.0001s (local map=264, WM=264)[0m
[33m[ WARN] (2026-09-26 19:51:51.602) Memory.cpp:3200::computeTransform() Missing visual features or missing raw data to compute them. Transform cannot be estimated.[0m
[0m[ INFO] [1790466711.703913923, 1790452507.419934591]: rtabmap (477): Rate=1.00s, Limit=0.000s, Conversion=0.0016s, RTAB-Map=0.2490s, Maps update=0.0002s pub=0.0001s (local map=265, WM=265)[0m
Warning: TF_REPEATED_DATA ignoring data with redundant timestamp for frame odom (parent map) at time 1790452508.090784 according to authority unknown_publisher
         at line 278 in /tmp/binarydeb/ros-noetic-tf2-0.7.7/src/buffer_core.cpp
Warning: TF_REPEATED_DATA ignoring data with redundant timestamp for frame odom (parent map) at time 1790452508.090784 according to authority /rtabmap/rtabmap
         at line 278 in /tmp/binarydeb/ros-noetic-tf2-0.7.7/src/buffer_core.cpp
[33m[ WARN] [1790466712.273963649, 1790452507.990784067]: TF_REPEATED_DATA ignoring data with redundant timestamp for frame odom (parent map) at time 1790452508.090784 according to authority unknown_publisher[0m
[33m[ WARN] (2026-09-26 19:51:52.712) Memory.cpp:3200::computeTransform() Missing visual features or missing raw data to compute them. Transform cannot be estimated.[0m
[0m[ INFO] [1790466712.828082426, 1790452508.545215838]: rtabmap (478): Rate=1.00s, Limit=0.000s, Conversion=0.0013s, RTAB-Map=0.2802s, Maps update=0.0003s pub=0.0001s (local map=266, WM=266)[0m
Warning: TF_REPEATED_DATA ignoring data with redundant timestamp for frame odom (parent map) at time 1790452508.950159 according to authority unknown_publisher
         at line 278 in /tmp/binarydeb/ros-noetic-tf2-0.7.7/src/buffer_core.cpp
Warning: TF_REPEATED_DATA ignoring data with redundant timestamp for frame odom (parent map) at time 1790452508.950159 according to authority /rtabmap/rtabmap
         at line [33m[ WARN] [1790466713.126826423, 1790452508.850158789]: TF_REPEATED_DATA ignoring data with redundant timestamp for frame odom (parent map) at time 1790452508.950159 according to authority unknown_publisher[0m
278 in /tmp/binarydeb/ros-noetic-tf2-0.7.7/src/buffer_core.cpp
[33m[ WARN] (2026-09-26 19:51:53.704) Memory.cpp:3200::computeTransform() Missing visual features or missing raw data to compute them. Transform cannot be estimated.[0m
[0m[ INFO] [1790466713.811668828, 1790452509.535480908]: rtabmap (479): Rate=1.00s, Limit=0.000s, Conversion=0.0020s, RTAB-Map=0.2569s, Maps update=0.0003s pub=0.0001s (local map=267, WM=267)[0m
Warning: TF_REPEATED_DATA ignoring data with redundant timestamp for frame odom (parent map) at time 1790452509.811593 according to authority unknown_publisher
         at line 278 in /tmp/binarydeb/ros-noetic-tf2-0.7.7/src/buffer_core.cpp
[33m[ WARN] [1790466713.989290840, 1790452509.711593310]: TF_REPEATED_DATA ignoring data with redundant timestamp for frame odom (parent map) at time 1790452509.811593 according to authority unknown_publisher[0m
Warning: TF_REPEATED_DATA ignoring data with redundant timestamp for frame odom (parent map) at time 1790452509.811593 according to authority /rtabmap/rtabmap
         at line 278 in /tmp/binarydeb/ros-noetic-tf2-0.7.7/src/buffer_core.cpp
[33m[ WARN] (2026-09-26 19:51:54.823) Memory.cpp:3200::computeTransform() Missing visual features or missing raw data to compute them. Transform cannot be estimated.[0m
Warning: TF_REPEATED_DATA ignoring data with redundant timestamp for frame odom (parent map) at time 1790452510.671630 according to authority unknown_publisher
         at line 278 in /tmp/binarydeb/ros-noetic-tf2-0.7.7/src/buffer_core.cpp
Warning: TF_REPEATED_DATA ignoring data with redundant timestamp for frame odom (parent map) at time 1790452510.671630 according to authority /rtabmap/rtabmap
         at line 278 in /tmp/binarydeb/ros-noetic-tf2-0.7.7/src/buffer_core.cpp
[33m[ WARN] [1790466714.849775286, 1790452510.571629593]: TF_REPEATED_DATA ignoring data with redundant timestamp for frame odom (parent map) at time 1790452510.671630 according to authority unknown_publisher[0m
[0m[ INFO] [1790466714.924624552, 1790452510.642432465]: rtabmap (480): Rate=1.00s, Limit=0.000s, Conversion=0.0013s, RTAB-Map=0.2587s, Maps update=0.0004s pub=0.0001s (local map=268, WM=268)[0m
Warning: TF_REPEATED_DATA ignoring data with redundant timestamp for frame odom (parent map) at time 1790452511.548658 according to authority unknown_publisher
         at line 278 in /tmp/binarydeb/ros-noetic-tf2-0.7.7/src/buffer_core.cpp
[33m[ WARN] [1790466715.726976878, 1790452511.448657904]: TF_REPEATED_DATA ignoring data with redundant timestamp for frame odom (parent map) at time 1790452511.548658 according to authority unknown_publisher[0m
Warning: TF_REPEATED_DATA ignoring data with redundant timestamp for frame odom (parent map) at time 1790452511.548658 according to authority /rtabmap/rtabmap
         at line 278 in /tmp/binarydeb/ros-noetic-tf2-0.7.7/src/buffer_core.cpp
[33m[ WARN] (2026-09-26 19:51:56.020) Memory.cpp:3200::computeTransform() Missing visual features or missing raw data to compute them. Transform cannot be estimated.[0m
[0m[ INFO] [1790466716.135401299, 1790452511.855044392]: rtabmap (481): Rate=1.00s, Limit=0.000s, Conversion=0.0020s, RTAB-Map=0.2820s, Maps update=0.0003s pub=0.0001s (local map=269, WM=269)[0m
Warning: TF_REPEATED_DATA ignoring data with redundant timestamp for frame odom (parent map) at time 1790452512.414881 according to authority unknown_publisher
         at line 278 in /tmp/binarydeb/ros-noetic-tf2-0.7.7/src/buffer_core.cpp
[33m[ WARN] [1790466716.593090726, 1790452512.314880649]: TF_REPEATED_DATA ignoring data with redundant timestamp for frame odom (parent map) at time 1790452512.414881 according to authority unknown_publisher[0m
Warning: TF_REPEATED_DATA ignoring data with redundant timestamp for frame odom (parent map) at time 1790452512.414881 according to authority /rtabmap/rtabmap
         at line 278 in /tmp/binarydeb/ros-noetic-tf2-0.7.7/src/buffer_core.cpp
[33m[ WARN] (2026-09-26 19:51:57.025) Memory.cpp:3200::computeTransform() Missing visual features or missing raw data to compute them. Transform cannot be estimated.[0m
[0m[ INFO] [1790466717.122016502, 1790452512.844829599]: rtabmap (482): Rate=1.00s, Limit=0.000s, Conversion=0.0014s, RTAB-Map=0.2552s, Maps update=0.0003s pub=0.0001s (local map=270, WM=270)[0m
[33m[ WARN] (2026-09-26 19:51:58.125) Memory.cpp:3200::computeTransform() Missing visual features or missing raw data to compute them. Transform cannot be estimated.[0m
[0m[ INFO] [1790466718.224135660, 1790452513.940266057]: rtabmap (483): Rate=1.00s, Limit=0.000s, Conversion=0.0030s, RTAB-Map=0.2681s, Maps update=0.0003s pub=0.0001s (local map=271, WM=271)[0m
[33m[ WARN] (2026-09-26 19:51:59.230) Memory.cpp:3200::computeTransform() Missing visual features or missing raw data to compute them. Transform cannot be estimated.[0m
[0m[ INFO] [1790466719.333630980, 1790452515.053084183]: rtabmap (484): Rate=1.00s, Limit=0.000s, Conversion=0.0020s, RTAB-Map=0.2685s, Maps update=0.0006s pub=0.0001s (local map=272, WM=272)[0m
[33m[ WARN] (2026-09-26 19:52:00.209) Memory.cpp:3200::computeTransform() Missing visual features or missing raw data to compute them. Transform cannot be estimated.[0m
[0m[ INFO] [1790466720.311836472, 1790452516.035988971]: rtabmap (485): Rate=1.00s, Limit=0.000s, Conversion=0.0020s, RTAB-Map=0.2604s, Maps update=0.0003s pub=0.0001s (local map=273, WM=273)[0m
[33m[ WARN] (2026-09-26 19:52:01.223) Memory.cpp:3200::computeTransform() Missing visual features or missing raw data to compute them. Transform cannot be estimated.[0m
[0m[ INFO] [1790466721.325493192, 1790452517.045165628]: rtabmap (486): Rate=1.00s, Limit=0.000s, Conversion=0.0020s, RTAB-Map=0.2599s, Maps update=0.0003s pub=0.0001s (local map=274, WM=274)[0m
[33m[ WARN] (2026-09-26 19:52:02.305) Memory.cpp:3200::computeTransform() Missing visual features or missing raw data to compute them. Transform cannot be estimated.[0m
[0m[ INFO] [1790466722.404694241, 1790452518.125767710]: rtabmap (487): Rate=1.00s, Limit=0.000s, Conversion=0.0014s, RTAB-Map=0.2540s, Maps update=0.0003s pub=0.0001s (local map=275, WM=275)[0m
[33m[ WARN] (2026-09-26 19:52:03.427) Memory.cpp:3200::computeTransform() Missing visual features or missing raw data to compute them. Transform cannot be estimated.[0m
[0m[ INFO] [1790466723.524529500, 1790452519.248363084]: rtabmap (488): Rate=1.00s, Limit=0.000s, Conversion=0.0020s, RTAB-Map=0.2624s, Maps update=0.0003s pub=0.0001s (local map=276, WM=276)[0m
[33m[ WARN] (2026-09-26 19:52:04.503) Memory.cpp:3200::computeTransform() Missing visual features or missing raw data to compute them. Transform cannot be estimated.[0m
[0m[ INFO] [1790466724.608045808, 1790452520.330622424]: rtabmap (489): Rate=1.00s, Limit=0.000s, Conversion=0.0014s, RTAB-Map=0.2512s, Maps update=0.0003s pub=0.0001s (local map=277, WM=277)[0m
[33m[ WARN] (2026-09-26 19:52:05.611) Memory.cpp:3200::computeTransform() Missing visual features or missing raw data to compute them. Transform cannot be estimated.[0m
[0m[ INFO] [1790466725.710598038, 1790452521.428284156]: rtabmap (490): Rate=1.00s, Limit=0.000s, Conversion=0.0014s, RTAB-Map=0.2528s, Maps update=0.0003s pub=0.0001s (local map=278, WM=278)[0m
Warning: TF_REPEATED_DATA ignoring data with redundant timestamp for frame odom (parent map) at time 1790452521.685992 according to authority unknown_publisher
         at line 278 in /tmp/binarydeb/ros-noetic-tf2-0.7.7/src/buffer_core.cpp
[33m[ WARN] [1790466725.864083562, 1790452521.585991565]: TF_REPEATED_DATA ignoring data with redundant timestamp for frame odom (parent map) at time 1790452521.685992 according to authority unknown_publisher[0m
Warning: TF_REPEATED_DATA ignoring data with redundant timestamp for frame odom (parent map) at time 1790452521.685992 according to authority /rtabmap/rtabmap
         at line 278 in /tmp/binarydeb/ros-noetic-tf2-0.7.7/src/buffer_core.cpp
[33m[ WARN] (2026-09-26 19:52:06.726) Memory.cpp:3200::computeTransform() Missing visual features or missing raw data to compute them. Transform cannot be estimated.[0m
[0m[ INFO] [1790466726.827759119, 1790452522.545984057]: rtabmap (491): Rate=1.00s, Limit=0.000s, Conversion=0.0009s, RTAB-Map=0.2801s, Maps update=0.0003s pub=0.0001s (local map=279, WM=279)[0m
[33m[ WARN] (2026-09-26 19:52:07.817) Memory.cpp:3200::computeTransform() Missing visual features or missing raw data to compute them. Transform cannot be estimated.[0m
[0m[ INFO] [1790466727.921291766, 1790452523.640464390]: rtabmap (492): Rate=1.00s, Limit=0.000s, Conversion=0.0027s, RTAB-Map=0.2578s, Maps update=0.0003s pub=0.0001s (local map=280, WM=280)[0m
[33m[ WARN] (2026-09-26 19:52:08.806) Memory.cpp:3200::computeTransform() Missing visual features or missing raw data to compute them. Transform cannot be estimated.[0m
[0m[ INFO] [1790466728.904963645, 1790452524.621627292]: rtabmap (493): Rate=1.00s, Limit=0.000s, Conversion=0.0015s, RTAB-Map=0.2505s, Maps update=0.0003s pub=0.0001s (local map=281, WM=281)[0m
[33m[ WARN] (2026-09-26 19:52:09.811) Memory.cpp:3200::computeTransform() Missing visual features or missing raw data to compute them. Transform cannot be estimated.[0m
[0m[ INFO] [1790466729.909719713, 1790452525.631613156]: rtabmap (494): Rate=1.00s, Limit=0.000s, Conversion=0.0022s, RTAB-Map=0.2552s, Maps update=0.0003s pub=0.0001s (local map=282, WM=282)[0m
[33m[ WARN] (2026-09-26 19:52:10.941) Memory.cpp:3200::computeTransform() Missing visual features or missing raw data to compute them. Transform cannot be estimated.[0m
[0m[ INFO] [1790466731.039137098, 1790452526.754579232]: rtabmap (495): Rate=1.00s, Limit=0.000s, Conversion=0.0019s, RTAB-Map=0.2791s, Maps update=0.0003s pub=0.0001s (local map=283, WM=283)[0m
[33m[ WARN] (2026-09-26 19:52:11.897) Memory.cpp:3200::computeTransform() Missing visual features or missing raw data to compute them. Transform cannot be estimated.[0m
[0m[ INFO] [1790466732.008442709, 1790452527.726631070]: rtabmap (496): Rate=1.00s, Limit=0.000s, Conversion=0.0009s, RTAB-Map=0.2581s, Maps update=0.0003s pub=0.0001s (local map=284, WM=284)[0m
[33m[ WARN] (2026-09-26 19:52:13.002) Memory.cpp:3200::computeTransform() Missing visual features or missing raw data to compute them. Transform cannot be estimated.[0m
[0m[ INFO] [1790466733.106954248, 1790452528.828097765]: rtabmap (497): Rate=1.00s, Limit=0.000s, Conversion=0.0014s, RTAB-Map=0.2534s, Maps update=0.0003s pub=0.0001s (local map=285, WM=285)[0m
Warning: TF_REPEATED_DATA ignoring data with redundant timestamp for frame odom (parent map) at time 1790452529.232220 according to authority unknown_publisher
         at line 278 in /tmp/binarydeb/ros-noetic-tf2-0.7.7/src/buffer_core.cpp
Warning: TF_REPEATED_DATA ignoring data with redundant timestamp for frame odom (parent map) at time 1790452529.232220 according to authority /rtabmap/rtabmap
         at line 278 in /tmp/binarydeb/ros-noetic-tf2-0.7.7/src/buffer_core.cpp
[33m[ WARN] [1790466733.409857811, 1790452528.969209716]: TF_REPEATED_DATA ignoring data with redundant timestamp for frame odom (parent map) at time 1790452529.232220 according to authority unknown_publisher[0m
[33m[ WARN] (2026-09-26 19:52:14.125) Memory.cpp:3200::computeTransform() Missing visual features or missing raw data to compute them. Transform cannot be estimated.[0m
[0m[ INFO] [1790466734.223410598, 1790452529.817853591]: rtabmap (498): Rate=1.00s, Limit=0.000s, Conversion=0.0019s, RTAB-Map=0.2628s, Maps update=0.0003s pub=0.0001s (local map=286, WM=286)[0m
Warning: TF_REPEATED_DATA ignoring data with redundant timestamp for frame odom (parent map) at time 1790452530.076391 according to authority unknown_publisher
         at line 278 in /tmp/binarydeb/ros-noetic-tf2-0.7.7/src/buffer_core.cpp
[33m[ WARN] [1790466734.253220308, 1790452529.976391456]: TF_REPEATED_DATA ignoring data with redundant timestamp for frame odom (parent map) at time 1790452530.076391 according to authority unknown_publisher[0m
Warning: TF_REPEATED_DATA ignoring data with redundant timestamp for frame odom (parent map) at time 1790452530.076391 according to authority /rtabmap/rtabmap
         at line 278 in /tmp/binarydeb/ros-noetic-tf2-0.7.7/src/buffer_core.cpp
[33m[ WARN] [1790466735.128463867, 1790452530.851043298]: TF_REPEATED_DATA ignoring data with redundant timestamp for frame odom (parent map) at time 1790452530.951043 according to authority unknown_publisher[0m
Warning: TF_REPEATED_DATA ignoring data with redundant timestamp for frame odom (parent map) at time 1790452530.951043 according to authority /rtabmap/rtabmap
         at line 278 in /tmp/binarydeb/ros-noetic-tf2-0.7.7/src/buffer_core.cpp
[33m[ WARN] (2026-09-26 19:52:15.112) Memory.cpp:3200::computeTransform() Missing visual features or missing raw data to compute them. Transform cannot be estimated.[0m
Warning: TF_REPEATED_DATA ignoring data with redundant timestamp for frame odom (parent map) at time 1790452530.951043 according to authority unknown_publisher
         at line 278 in /tmp/binarydeb/ros-noetic-tf2-0.7.7/src/buffer_core.cpp
[33m[ WARN] [1790466735.987437466, 1790452531.710175043]: TF_REPEATED_DATA ignoring data with redundant timestamp for frame odom (parent map) at time 1790452531.810175 according to authority unknown_publisher[0m
Warning: TF_REPEATED_DATA ignoring data with redundant timestamp for frame odom (parent map) at time 1790452531.810175 according to authority /rtabmap/rtabmap
         at line 278 in /tmp/binarydeb/ros-noetic-tf2-0.7.7/src/buffer_core.cpp
[0m[ INFO] [1790466735.234431065, 1790452530.951730844]: rtabmap (499): Rate=1.00s, Limit=0.000s, Conversion=0.0009s, RTAB-Map=0.2678s, Maps update=0.0004s pub=0.0001s (local map=287, WM=287)[0m
Warning: TF_REPEATED_DATA ignoring data with redundant timestamp for frame odom (parent map) at time 1790452531.810175 according to authority unknown_publisher
         at line 278 in /tmp/binarydeb/ros-noetic-tf2-0.7.7/src/buffer_core.cpp
[33m[ WARN] (2026-09-26 19:52:16.175) Memory.cpp:3200::computeTransform() Missing visual features or missing raw data to compute them. Transform cannot be estimated.[0m
[0m[ INFO] [1790466736.291300151, 1790452532.012923320]: rtabmap (500): Rate=1.00s, Limit=0.000s, Conversion=0.0010s, RTAB-Map=0.2350s, Maps update=0.0005s pub=0.0001s (local map=288, WM=288)[0m
Warning: TF_REPEATED_DATA ignoring data with redundant timestamp for frame odom (parent map) at time 1790452532.670150 according to authority unknown_publisher
         at line 278 in /tmp/binarydeb/ros-noetic-tf2-0.7.7/src/buffer_core.cpp
[33m[ WARN] [1790466736.846771558, 1790452532.570150259]: TF_REPEATED_DATA ignoring data with redundant timestamp for frame odom (parent map) at time 1790452532.670150 according to authority unknown_publisher[0m
Warning: TF_REPEATED_DATA ignoring data with redundant timestamp for frame odom (parent map) at time 1790452532.670150 according to authority /rtabmap/rtabmap
         at line 278 in /tmp/binarydeb/ros-noetic-tf2-0.7.7/src/buffer_core.cpp
[33m[ WARN] (2026-09-26 19:52:17.334) Memory.cpp:3200::computeTransform() Missing visual features or missing raw data to compute them. Transform cannot be estimated.[0m
[0m[ INFO] [1790466737.440408836, 1790452533.156764704]: rtabmap (501): Rate=1.00s, Limit=0.000s, Conversion=0.0016s, RTAB-Map=0.2689s, Maps update=0.0004s pub=0.0001s (local map=289, WM=289)[0m
Warning: TF_REPEATED_DATA ignoring data with redundant timestamp for frame odom (parent map) at time 1790452533.537196 according to authority unknown_publisher
         at line 278 in /tmp/binarydeb/ros-noetic-tf2-0.7.7/src/buffer_core.cpp
[33m[ WARN] [1790466737.713829361, 1790452533.437196414]: TF_REPEATED_DATA ignoring data with redundant timestamp for frame odom (parent map) at time 1790452533.537196 according to authority unknown_publisher[0m
Warning: TF_REPEATED_DATA ignoring data with redundant timestamp for frame odom (parent map) at time 1790452533.537196 according to authority /rtabmap/rtabmap
         at line 278 in /tmp/binarydeb/ros-noetic-tf2-0.7.7/src/buffer_core.cpp
[33m[ WARN] (2026-09-26 19:52:18.336) Memory.cpp:3200::computeTransform() Missing visual features or missing raw data to compute them. Transform cannot be estimated.[0m
[0m[ INFO] [1790466738.439091721, 1790452534.146922186]: rtabmap (502): Rate=1.00s, Limit=0.000s, Conversion=0.0012s, RTAB-Map=0.2675s, Maps update=0.0003s pub=0.0001s (local map=290, WM=290)[0m
Warning: TF_REPEATED_DATA ignoring data with redundant timestamp for frame odom (parent map) at time 1790452534.401090 according to authority unknown_publisher
         at line 278 in /tmp/binarydeb/ros-noetic-tf2-0.7.7/src/buffer_core.cpp
Warning: TF_REPEATED_DATA ignoring data with redundant timestamp for frame odom (parent map) at time 1790452534.401090 according to authority /rtabmap/rtabmap
         at line 278 in /tmp/binarydeb/ros-noetic-tf2-0.7.7/src/buffer_core.cpp
[33m[ WARN] [1790466738.579045432, 1790452534.146922186]: TF_REPEATED_DATA ignoring data with redundant timestamp for frame odom (parent map) at time 1790452534.401090 according to authority unknown_publisher[0m
[33m[ WARN] (2026-09-26 19:52:19.410) Memory.cpp:3200::computeTransform() Missing visual features or missing raw data to compute them. Transform cannot be estimated.[0m
Warning: TF_REPEATED_DATA ignoring data with redundant timestamp for frame odom (parent map) at time 1790452535.269229 according to authority unknown_publisher
         at line 278 in /tmp/binarydeb/ros-noetic-tf2-0.7.7/src/buffer_core.cpp
Warning: TF_REPEATED_DATA ignoring data with redundant timestamp for frame odom (parent map) at time 1790452535.269229 according to authority /rtabmap/rtabmap
         at line 278 in /tmp/binarydeb/ros-noetic-tf2-0.7.7/src/buffer_core.cpp
[33m[ WARN] [1790466739.446041077, 1790452535.169229505]: TF_REPEATED_DATA ignoring data with redundant timestamp for frame odom (parent map) at time 1790452535.269229 according to authority unknown_publisher[0m
[0m[ INFO] [1790466739.511813472, 1790452535.230059369]: rtabmap (503): Rate=1.00s, Limit=0.000s, Conversion=0.0009s, RTAB-Map=0.2492s, Maps update=0.0003s pub=0.0001s (local map=291, WM=291)[0m
Warning: TF_REPEATED_DATA ignoring data with redundant timestamp for frame odom (parent map) at time 1790452536.134913 according to authority unknown_publisher
         at line 278 in /tmp/binarydeb/ros-noetic-tf2-0.7.7/src/buffer_core.cpp
[33m[ WARN] [1790466740.312309525, 1790452536.034912989]: TF_REPEATED_DATA ignoring data with redundant timestamp for frame odom (parent map) at time 1790452536.134913 according to authority unknown_publisher[0m
Warning: TF_REPEATED_DATA ignoring data with redundant timestamp for frame odom (parent map) at time 1790452536.134913 according to authority /rtabmap/rtabmap
         at line 278 in /tmp/binarydeb/ros-noetic-tf2-0.7.7/src/buffer_core.cpp
[33m[ WARN] (2026-09-26 19:52:20.506) Memory.cpp:3200::computeTransform() Missing visual features or missing raw data to compute them. Transform cannot be estimated.[0m
[0m[ INFO] [1790466740.646798776, 1790452536.367147759]: rtabmap (504): Rate=1.00s, Limit=0.000s, Conversion=0.0010s, RTAB-Map=0.2874s, Maps update=0.0003s pub=0.0001s (local map=292, WM=292)[0m
Warning: Warning: TF_REPEATED_DATA ignoring data with redundant timestamp for frame odom (parent map) at time 1790452537.004061 according to authority /rtabmap/rtabmapTF_REPEATED_DATA ignoring data with redundant timestamp for frame odom (parent map) at time 1790452537.004061 according to authority unknown_publisher

         at line          at line 278278 in  in /tmp/binarydeb/ros-noetic-tf2-0.7.7/src/buffer_core.cpp/tmp/binarydeb/ros-noetic-tf2-0.7.7/src/buffer_core.cpp

[33m[ WARN] [1790466741.181758133, 1790452536.904061339]: TF_REPEATED_DATA ignoring data with redundant timestamp for frame odom (parent map) at time 1790452537.004061 according to authority unknown_publisher[0m
[33m[ WARN] (2026-09-26 19:52:21.618) Memory.cpp:3200::computeTransform() Missing visual features or missing raw data to compute them. Transform cannot be estimated.[0m
[0m[ INFO] [1790466741.764348261, 1790452537.487610353]: rtabmap (505): Rate=1.00s, Limit=0.000s, Conversion=0.0009s, RTAB-Map=0.3022s, Maps update=0.0005s pub=0.0001s (local map=293, WM=293)[0m
Warning: TF_REPEATED_DATA ignoring data with redundant timestamp for frame odom (parent map) at time 1790452537.881082 according to authority unknown_publisher
         at line 278 in /tmp/binarydeb/ros-noetic-tf2-0.7.7/src/buffer_core.cpp
[33m[ WARN] [1790466742.059150294, 1790452537.781081624]: TF_REPEATED_DATA ignoring data with redundant timestamp for frame odom (parent map) at time 1790452537.881082 according to authority unknown_publisher[0m
Warning: TF_REPEATED_DATA ignoring data with redundant timestamp for frame odom (parent map) at time 1790452537.881082 according to authority /rtabmap/rtabmap
         at line 278 in /tmp/binarydeb/ros-noetic-tf2-0.7.7/src/buffer_core.cpp
[33m[ WARN] (2026-09-26 19:52:22.709) Memory.cpp:3200::computeTransform() Missing visual features or missing raw data to compute them. Transform cannot be estimated.[0m
[0m[ INFO] [1790466742.857295444, 1790452538.476165188]: rtabmap (506): Rate=1.00s, Limit=0.000s, Conversion=0.0013s, RTAB-Map=0.2981s, Maps update=0.0003s pub=0.0001s (local map=294, WM=294)[0m
Warning: TF_REPEATED_DATA ignoring data with redundant timestamp for frame odom (parent map) at time 1790452538.731713 according to authority unknown_publisher
         at line 278 in /tmp/binarydeb/ros-noetic-tf2-0.7.7/src/buffer_core.cpp
[33m[ WARN] [1790466742.908476731, 1790452538.631713319]: TF_REPEATED_DATA ignoring data with redundant timestamp for frame odom (parent map) at time 1790452538.731713 according to authority unknown_publisher[0m
Warning: TF_REPEATED_DATA ignoring data with redundant timestamp for frame odom (parent map) at time 1790452538.731713 according to authority /rtabmap/rtabmap
         at line 278 in /tmp/binarydeb/ros-noetic-tf2-0.7.7/src/buffer_core.cpp
Warning: TF_REPEATED_DATA ignoring data with redundant timestamp for frame odom (parent map) at time 1790452539.104320 according to authority /rtabmap/rtabmap
         at line 278 in /tmp/binarydeb/ros-noetic-tf2-0.7.7/src/buffer_core.cpp
Warning: TF_REPEATED_DATA ignoring data with redundant timestamp for frame odom (parent map) at time 1790452539.104320 according to authority unknown_publisher
         at line 278 in /tmp/binarydeb/ros-noetic-tf2-0.7.7/src/buffer_core.cpp
[33m[ WARN] [1790466743.283654246, 1790452539.004319936]: TF_REPEATED_DATA ignoring data with redundant timestamp for frame odom (parent map) at time 1790452539.104320 according to authority unknown_publisher[0m
Warning: TF_REPEATED_DATA ignoring data with redundant timestamp for frame odom (parent map) at time 1790452541.069840 according to authority /rtabmap/rtabmap
         at line 278 in /tmp/binarydeb/ros-noetic-tf2-0.7.7/src/buffer_core.cpp
[33m[ WARN] [1790466745.246228887, 1790452540.969840101]: TF_REPEATED_DATA ignoring data with redundant timestamp for frame odom (parent map) at time 1790452541.069840 according to authority unknown_publisher[0m
[33m[ WARN] (2026-09-26 19:52:23.836) Memory.cpp:3200::computeTransform() Missing visual features or missing raw data to compute them. Transform cannot be estimated.[0m
[0m[ INFO] [1790466743.989383941, 1790452539.711329416]: rtabmap (507): Rate=1.00s, Limit=0.000s, Conversion=0.0013s, RTAB-Map=0.3158s, Maps update=0.0004s pub=0.0001s (local map=295, WM=295)[0m
[33m[ WARN] (2026-09-26 19:52:24.937) Memory.cpp:3200::computeTransform() Missing visual features or missing raw data to compute them. Transform cannot be estimated.[0m
[0m[ INFO] [1790466745.094263079, 1790452540.809302585]: rtabmap (508): Rate=1.00s, Limit=0.000s, Conversion=0.0013s, RTAB-Map=0.3223s, Maps update=0.0003s pub=0.0001s (local map=296, WM=296)[0m
Warning: TF_REPEATED_DATA ignoring data with redundant timestamp for frame odom (parent map) at time 1790452541.069840 according to authority unknown_publisher
         at line 278 in /tmp/binarydeb/ros-noetic-tf2-0.7.7/src/buffer_core.cpp
Warning: TF_REPEATED_DATA ignoring data with redundant timestamp for frame odom (parent map) at time 1790452541.706528 according to authority unknown_publisher
         at line 278 in /tmp/binarydeb/ros-noetic-tf2-0.7.7/src/buffer_core.cpp
[33m[ WARN] [1790466745.885482386, 1790452541.606528174]: TF_REPEATED_DATA ignoring data with redundant timestamp for frame odom (parent map) at time 1790452541.706528 according to authority unknown_publisher[0m
Warning: TF_REPEATED_DATA ignoring data with redundant timestamp for frame odom (parent map) at time 1790452541.706528 according to authority /rtabmap/rtabmap
         at line 278 in /tmp/binarydeb/ros-noetic-tf2-0.7.7/src/buffer_core.cpp
[33m[ WARN] (2026-09-26 19:52:26.069) Memory.cpp:3200::computeTransform() Missing visual features or missing raw data to compute them. Transform cannot be estimated.[0m
[0m[ INFO] [1790466746.251383561, 1790452541.970132757]: rtabmap (509): Rate=1.00s, Limit=0.000s, Conversion=0.0009s, RTAB-Map=0.3478s, Maps update=0.0004s pub=0.0001s (local map=296, WM=296)[0m
[33m[ WARN] (2026-09-26 19:52:26.922) Memory.cpp:3200::computeTransform() Missing visual features or missing raw data to compute them. Transform cannot be estimated.[0m
[0m[ INFO] [1790466747.082374231, 1790452542.795984158]: rtabmap (510): Rate=1.00s, Limit=0.000s, Conversion=0.0008s, RTAB-Map=0.3252s, Maps update=0.0003s pub=0.0001s (local map=297, WM=297)[0m
[33m[ WARN] (2026-09-26 19:52:27.921) Memory.cpp:3200::computeTransform() Missing visual features or missing raw data to compute them. Transform cannot be estimated.[0m
[0m[ INFO] [1790466748.080060458, 1790452543.798248946]: rtabmap (511): Rate=1.00s, Limit=0.000s, Conversion=0.0013s, RTAB-Map=0.3226s, Maps update=0.0004s pub=0.0001s (local map=298, WM=298)[0m
Warning: TF_REPEATED_DATA ignoring data with redundant timestamp for frame odom (parent map) at time 1790452544.669104 according to authority unknown_publisher
         at line 278 in /tmp/binarydeb/ros-noetic-tf2-0.7.7/src/buffer_core.cpp
[33m[ WARN] [1790466748.846945156, 1790452544.569103977]: TF_REPEATED_DATA ignoring data with redundant timestamp for frame odom (parent map) at time 1790452544.669104 according to authority unknown_publisher[0m
Warning: TF_REPEATED_DATA ignoring data with redundant timestamp for frame odom (parent map) at time 1790452544.669104 according to authority /rtabmap/rtabmap
         at line 278 in /tmp/binarydeb/ros-noetic-tf2-0.7.7/src/buffer_core.cpp
[33m[ WARN] (2026-09-26 19:52:29.134) Memory.cpp:3200::computeTransform() Missing visual features or missing raw data to compute them. Transform cannot be estimated.[0m
[0m[ INFO] [1790466749.307517224, 1790452545.022731387]: rtabmap (512): Rate=1.00s, Limit=0.000s, Conversion=0.0013s, RTAB-Map=0.3387s, Maps update=0.0003s pub=0.0001s (local map=299, WM=299)[0m
[33m[ WARN] (2026-09-26 19:52:30.111) Memory.cpp:3200::computeTransform() Missing visual features or missing raw data to compute them. Transform cannot be estimated.[0m
[0m[ INFO] [1790466750.280908745, 1790452546.003325487]: rtabmap (513): Rate=1.00s, Limit=0.000s, Conversion=0.0009s, RTAB-Map=0.3330s, Maps update=0.0004s pub=0.0001s (local map=300, WM=300)[0m
[33m[ WARN] (2026-09-26 19:52:31.128) Memory.cpp:3200::computeTransform() Missing visual features or missing raw data to compute them. Transform cannot be estimated.[0m
[0m[ INFO] [1790466751.300465341, 1790452547.016365749]: rtabmap (514): Rate=1.00s, Limit=0.000s, Conversion=0.0012s, RTAB-Map=0.3448s, Maps update=0.0003s pub=0.0001s (local map=301, WM=301)[0m
Warning: TF_REPEATED_DATA ignoring data with redundant timestamp for frame odom (parent map) at time 1790452547.627481 according to authority unknown_publisher
         at line 278 in /tmp/binarydeb/ros-noetic-tf2-0.7.7/src/buffer_core.cpp
[33m[ WARN] [1790466751.805344937, 1790452547.527481101]: TF_REPEATED_DATA ignoring data with redundant timestamp for frame odom (parent map) at time 1790452547.627481 according to authority unknown_publisher[0m
Warning: TF_REPEATED_DATA ignoring data with redundant timestamp for frame odom (parent map) at time 1790452547.627481 according to authority /rtabmap/rtabmap
         at line 278 in /tmp/binarydeb/ros-noetic-tf2-0.7.7/src/buffer_core.cpp
Warning: TF_REPEATED_DATA ignoring data with redundant timestamp for frame odom (parent map) at time 1790452547.999714 according to authority unknown_publisher
         at line 278 in /tmp/binarydeb/ros-noetic-tf2-0.7.7/src/buffer_core.cpp
[33m[ WARN] [1790466752.176461374, 1790452547.899713802]: TF_REPEATED_DATA ignoring data with redundant timestamp for frame odom (parent map) at time 1790452547.999714 according to authority unknown_publisher[0m
Warning: TF_REPEATED_DATA ignoring data with redundant timestamp for frame odom (parent map) at time 1790452547.999714 according to authority /rtabmap/rtabmap
         at line 278 in /tmp/binarydeb/ros-noetic-tf2-0.7.7/src/buffer_core.cpp
[33m[ WARN] (2026-09-26 19:52:32.356) Memory.cpp:3200::computeTransform() Missing visual features or missing raw data to compute them. Transform cannot be estimated.[0m
[0m[ INFO] [1790466752.520787702, 1790452548.243104252]: rtabmap (515): Rate=1.00s, Limit=0.000s, Conversion=0.0010s, RTAB-Map=0.3229s, Maps update=0.0003s pub=0.0001s (local map=302, WM=302)[0m
[33m[ WARN] (2026-09-26 19:52:33.216) Memory.cpp:3200::computeTransform() Missing visual features or missing raw data to compute them. Transform cannot be estimated.[0m
[0m[ INFO] [1790466753.378246720, 1790452549.098483638]: rtabmap (516): Rate=1.00s, Limit=0.000s, Conversion=0.0023s, RTAB-Map=0.3238s, Maps update=0.0004s pub=0.0001s (local map=303, WM=303)[0m
Warning: TF_REPEATED_DATA ignoring data with redundant timestamp for frame odom (parent map) at time 1790452549.731873 according to authority unknown_publisher
         at line 278 in /tmp/binarydeb/ros-noetic-tf2-0.7.7/src/buffer_core.cpp
[33m[ WARN] [1790466753.911723875, 1790452549.631872953]: TF_REPEATED_DATA ignoring data with redundant timestamp for frame odom (parent map) at time 1790452549.731873 according to authority unknown_publisher[0m
Warning: TF_REPEATED_DATA ignoring data with redundant timestamp for frame odom (parent map) at time 1790452549.731873 according to authority /rtabmap/rtabmap
         at line 278 in /tmp/binarydeb/ros-noetic-tf2-0.7.7/src/buffer_core.cpp
[33m[ WARN] (2026-09-26 19:52:34.330) Memory.cpp:3200::computeTransform() Missing visual features or missing raw data to compute them. Transform cannot be estimated.[0m
[0m[ INFO] [1790466754.489956813, 1790452550.212322546]: rtabmap (517): Rate=1.00s, Limit=0.000s, Conversion=0.0009s, RTAB-Map=0.3252s, Maps update=0.0003s pub=0.0001s (local map=304, WM=304)[0m
[33m[ WARN] (2026-09-26 19:52:35.419) Memory.cpp:3200::computeTransform() Missing visual features or missing raw data to compute them. Transform cannot be estimated.[0m
[0m[ INFO] [1790466755.585706198, 1790452551.300786951]: rtabmap (518): Rate=1.00s, Limit=0.000s, Conversion=0.0009s, RTAB-Map=0.3193s, Maps update=0.0004s pub=0.0001s (local map=305, WM=305)[0m
Warning: TF_REPEATED_DATA ignoring data with redundant timestamp for frame odom (parent map) at time 1790452551.832530 according to authority unknown_publisher
         at line 278 in /tmp/binarydeb/ros-noetic-tf2-0.7.7/src/buffer_core.cpp
[33m[ WARN] [1790466756.010376506, 1790452551.732530302]: TF_REPEATED_DATA ignoring data with redundant timestamp for frame odom (parent map) at time 1790452551.832530 according to authority unknown_publisher[0m
Warning: TF_REPEATED_DATA ignoring data with redundant timestamp for frame odom (parent map) at time 1790452551.832530 according to authority /rtabmap/rtabmap
         at line 278 in /tmp/binarydeb/ros-noetic-tf2-0.7.7/src/buffer_core.cpp
[33m[ WARN] (2026-09-26 19:52:36.424) Memory.cpp:3200::computeTransform() Missing visual features or missing raw data to compute them. Transform cannot be estimated.[0m
[0m[ INFO] [1790466756.590580800, 1790452552.312915525]: rtabmap (519): Rate=1.00s, Limit=0.000s, Conversion=0.0008s, RTAB-Map=0.3339s, Maps update=0.0003s pub=0.0001s (local map=306, WM=306)[0m
Warning: TF_REPEATED_DATA ignoring data with redundant timestamp for frame odom (parent map) at time 1790452552.694770 according to authority unknown_publisher
         at line 278 in /tmp/binarydeb/ros-noetic-tf2-0.7.7/src/buffer_core.cpp
[33m[ WARN] [1790466756.871393504, 1790452552.594769773]: TF_REPEATED_DATA ignoring data with redundant timestamp for frame odom (parent map) at time 1790452552.694770 according to authority unknown_publisher[0m
Warning: TF_REPEATED_DATA ignoring data with redundant timestamp for frame odom (parent map) at time 1790452552.694770 according to authority /rtabmap/rtabmap
         at line 278 in /tmp/binarydeb/ros-noetic-tf2-0.7.7/src/buffer_core.cpp
Warning: TF_REPEATED_DATA ignoring data with redundant timestamp for frame odom (parent map) at time 1790452553.066544 according to authority unknown_publisher
         at line 278 in /tmp/binarydeb/ros-noetic-tf2-0.7.7/src/buffer_core.cpp
[33m[ WARN] [1790466757.243327793, 1790452552.966543933]: TF_REPEATED_DATA ignoring data with redundant timestamp for frame odom (parent map) at time 1790452553.066544 according to authority unknown_publisher[0m
Warning: TF_REPEATED_DATA ignoring data with redundant timestamp for frame odom (parent map) at time 1790452553.066544 according to authority /rtabmap/rtabmap
         at line 278 in /tmp/binarydeb/ros-noetic-tf2-0.7.7/src/buffer_core.cpp
[33m[ WARN] (2026-09-26 19:52:37.510) Memory.cpp:3200::computeTransform() Missing visual features or missing raw data to compute them. Transform cannot be estimated.[0m
[0m[ INFO] [1790466757.671819163, 1790452553.390133443]: rtabmap (520): Rate=1.00s, Limit=0.000s, Conversion=0.0014s, RTAB-Map=0.3130s, Maps update=0.0003s pub=0.0001s (local map=307, WM=307)[0m
[33m[ WARN] (2026-09-26 19:52:38.610) Memory.cpp:3200::computeTransform() Missing visual features or missing raw data to compute them. Transform cannot be estimated.[0m
[0m[ INFO] [1790466758.767428586, 1790452554.490818839]: rtabmap (521): Rate=1.00s, Limit=0.000s, Conversion=0.0012s, RTAB-Map=0.3112s, Maps update=0.0005s pub=0.0001s (local map=308, WM=308)[0m
Warning: TF_REPEATED_DATA ignoring data with redundant timestamp for frame odom (parent map) at time 1790452554.787133 according to authority unknown_publisher
         at line 278 in /tmp/binarydeb/ros-noetic-tf2-0.7.7/src/buffer_core.cpp
[33m[ WARN] [1790466758.964494134, 1790452554.687132957]: TF_REPEATED_DATA ignoring data with redundant timestamp for frame odom (parent map) at time 1790452554.787133 according to authority unknown_publisher[0m
Warning: TF_REPEATED_DATA ignoring data with redundant timestamp for frame odom (parent map) at time 1790452554.787133 according to authority /rtabmap/rtabmap
         at line 278 in /tmp/binarydeb/ros-noetic-tf2-0.7.7/src/buffer_core.cpp
[33m[ WARN] (2026-09-26 19:52:39.722) Memory.cpp:3200::computeTransform() Missing visual features or missing raw data to compute them. Transform cannot be estimated.[0m
[0m[ INFO] [1790466759.890525070, 1790452555.608853142]: rtabmap (522): Rate=1.00s, Limit=0.000s, Conversion=0.0013s, RTAB-Map=0.3363s, Maps update=0.0003s pub=0.0001s (local map=309, WM=309)[0m
[33m[ WARN] (2026-09-26 19:52:40.717) Memory.cpp:3200::computeTransform() Missing visual features or missing raw data to compute them. Transform cannot be estimated.[0m
[0m[ INFO] [1790466760.882907055, 1790452556.606195899]: rtabmap (523): Rate=1.00s, Limit=0.000s, Conversion=0.0013s, RTAB-Map=0.3176s, Maps update=0.0003s pub=0.0001s (local map=310, WM=310)[0m
[33m[ WARN] (2026-09-26 19:52:41.822) Memory.cpp:3200::computeTransform() Missing visual features or missing raw data to compute them. Transform cannot be estimated.[0m
Warning: TF_REPEATED_DATA ignoring data with redundant timestamp for frame odom (parent map) at time 1790452557.771623 according to authority unknown_publisher
         at line 278 in /tmp/binarydeb/ros-noetic-tf2-0.7.7/src/buffer_core.cpp
[33m[ WARN] [1790466761.951040992, 1790452557.671623480]: TF_REPEATED_DATA ignoring data with redundant timestamp for frame odom (parent map) at time 1790452557.771623 according to authority unknown_publisher[0m
Warning: TF_REPEATED_DATA ignoring data with redundant timestamp for frame odom (parent map) at time 1790452557.771623 according to authority /rtabmap/rtabmap
         at line 278 in /tmp/binarydeb/ros-noetic-tf2-0.7.7/src/buffer_core.cpp
[0m[ INFO] [1790466761.982871526, 1790452557.701937395]: rtabmap (524): Rate=1.00s, Limit=0.000s, Conversion=0.0017s, RTAB-Map=0.3221s, Maps update=0.0003s pub=0.0001s (local map=311, WM=311)[0m
Warning: TF_REPEATED_DATA ignoring data with redundant timestamp for frame odom (parent map) at time 1790452558.130878 according to authority unknown_publisher
         at line 278 in /tmp/binarydeb/ros-noetic-tf2-0.7.7/src/buffer_core.cpp
Warning: TF_REPEATED_DATA ignoring data with redundant timestamp for frame odom (parent map) at time 1790452558.130878 according to authority /rtabmap/rtabmap
         at line 278 in /tmp/binarydeb/ros-noetic-tf2-0.7.7/src/buffer_core.cpp
[33m[ WARN] [1790466762.308722624, 1790452558.030877955]: TF_REPEATED_DATA ignoring data with redundant timestamp for frame odom (parent map) at time 1790452558.130878 according to authority unknown_publisher[0m
[33m[ WARN] (2026-09-26 19:52:42.927) Memory.cpp:3200::computeTransform() Missing visual features or missing raw data to compute them. Transform cannot be estimated.[0m
[0m[ INFO] [1790466763.085363038, 1790452558.804172105]: rtabmap (525): Rate=1.00s, Limit=0.000s, Conversion=0.0013s, RTAB-Map=0.3236s, Maps update=0.0003s pub=0.0001s (local map=312, WM=312)[0m
Warning: TF_REPEATED_DATA ignoring data with redundant timestamp for frame odom (parent map) at time 1790452559.015737 according to authority unknown_publisher
         at line 278 in /tmp/binarydeb/ros-noetic-tf2-0.7.7/src/buffer_core.cpp
[33m[ WARN] [1790466763.192496167, 1790452558.915737267]: TF_REPEATED_DATA ignoring data with redundant timestamp for frame odom (parent map) at time 1790452559.015737 according to authority unknown_publisher[0m
Warning: TF_REPEATED_DATA ignoring data with redundant timestamp for frame odom (parent map) at time 1790452559.015737 according to authority /rtabmap/rtabmap
         at line 278 in /tmp/binarydeb/ros-noetic-tf2-0.7.7/src/buffer_core.cpp
[33m[ WARN] (2026-09-26 19:52:43.931) Memory.cpp:3200::computeTransform() Missing visual features or missing raw data to compute them. Transform cannot be estimated.[0m
Warning: TF_REPEATED_DATA ignoring data with redundant timestamp for frame odom (parent map) at time 1790452559.862130 according to authority unknown_publisher
         at line 278 in /tmp/binarydeb/ros-noetic-tf2-0.7.7/src/buffer_core.cpp
[33m[ WARN] [1790466764.040359635, 1790452559.762130100]: TF_REPEATED_DATA ignoring data with redundant timestamp for frame odom (parent map) at time 1790452559.862130 according to authority unknown_publisher[0m
Warning: TF_REPEATED_DATA ignoring data with redundant timestamp for frame odom (parent map) at time 1790452559.862130 according to authority /rtabmap/rtabmap
         at line 278 in /tmp/binarydeb/ros-noetic-tf2-0.7.7/src/buffer_core.cpp
Warning: TF_REPEATED_DATA ignoring data with redundant timestamp for frame odom (parent map) at time 1790452560.743060 according to authority /rtabmap/rtabmap
         at line 278 in /tmp/binarydeb/ros-noetic-tf2-0.7.7/src/buffer_core.cpp
[0m[ INFO] [1790466764.043221128, 1790452559.762130100]: rtabmap (526): Rate=1.00s, Limit=0.000s, Conversion=0.0013s, RTAB-Map=0.2767s, Maps update=0.0005s pub=0.0001s (local map=313, WM=313)[0m
Warning: TF_REPEATED_DATA ignoring data with redundant timestamp for frame odom (parent map) at time 1790452560.743060 according to authority unknown_publisher
         at line 278 in /tmp/binarydeb/ros-noetic-tf2-0.7.7/src/buffer_core.cpp
[33m[ WARN] [1790466764.933934675, 1790452560.643059640]: TF_REPEATED_DATA ignoring data with redundant timestamp for frame odom (parent map) at time 1790452560.743060 according to authority unknown_publisher[0m
[33m[ WARN] (2026-09-26 19:52:44.992) Memory.cpp:3200::computeTransform() Missing visual features or missing raw data to compute them. Transform cannot be estimated.[0m
[0m[ INFO] [1790466765.130133191, 1790452560.854469051]: rtabmap (527): Rate=1.00s, Limit=0.000s, Conversion=0.0009s, RTAB-Map=0.3627s, Maps update=0.0006s pub=0.0001s (local map=313, WM=313)[0m
Warning: TF_REPEATED_DATA ignoring data with redundant timestamp for frame odom (parent map) at time 1790452561.591081 according to authority unknown_publisher
         at line 278 in /tmp/binarydeb/ros-noetic-tf2-0.7.7/src/buffer_core.cpp
[33m[ WARN] [1790466765.768476943, 1790452561.491080598]: TF_REPEATED_DATA ignoring data with redundant timestamp for frame odom (parent map) at time 1790452561.591081 according to authority unknown_publisher[0m
Warning: TF_REPEATED_DATA ignoring data with redundant timestamp for frame odom (parent map) at time 1790452561.591081 according to authority /rtabmap/rtabmap
         at line 278 in /tmp/binarydeb/ros-noetic-tf2-0.7.7/src/buffer_core.cpp
[33m[ WARN] (2026-09-26 19:52:46.024) Memory.cpp:3200::computeTransform() Missing visual features or missing raw data to compute them. Transform cannot be estimated.[0m
[0m[ INFO] [1790466766.125746458, 1790452561.713390825]: rtabmap (528): Rate=1.00s, Limit=0.000s, Conversion=0.0011s, RTAB-Map=0.2602s, Maps update=0.0003s pub=0.0001s (local map=314, WM=314)[0m
Warning: TF_REPEATED_DATA ignoring data with redundant timestamp for frame odom (parent map) at time 1790452561.965981 according to authority unknown_publisher
         at line 278 in /tmp/binarydeb/ros-noetic-tf2-0.7.7/src/buffer_core.cpp
[33m[ WARN] [1790466766.142763030, 1790452561.865980962]: TF_REPEATED_DATA ignoring data with redundant timestamp for frame odom (parent map) at time 1790452561.965981 according to authority unknown_publisher[0m
Warning: TF_REPEATED_DATA ignoring data with redundant timestamp for frame odom (parent map) at time 1790452561.965981 according to authority /rtabmap/rtabmap
         at line 278 in /tmp/binarydeb/ros-noetic-tf2-0.7.7/src/buffer_core.cpp
[33m[ WARN] (2026-09-26 19:52:46.293) Memory.cpp:3200::computeTransform() Missing visual features or missing raw data to compute them. Transform cannot be estimated.[0m
[0m[ INFO] [1790466766.410282613, 1790452562.130592108]: rtabmap (529): Rate=1.00s, Limit=0.000s, Conversion=0.0014s, RTAB-Map=0.2798s, Maps update=0.0003s pub=0.0001s (local map=315, WM=315)[0m
[0m[ INFO] [1790466767.147555128, 1790452562.867385386]: rtabmap (530): Rate=1.00s, Limit=0.000s, Conversion=0.0009s, RTAB-Map=0.1907s, Maps update=0.0004s pub=0.0001s (local map=315, WM=315)[0m
[33m[ WARN] (2026-09-26 19:52:48.226) Memory.cpp:3200::computeTransform() Missing visual features or missing raw data to compute them. Transform cannot be estimated.[0m
[0m[ INFO] [1790466768.339404924, 1790452563.933972250]: rtabmap (531): Rate=1.00s, Limit=0.000s, Conversion=0.0010s, RTAB-Map=0.2752s, Maps update=0.0003s pub=0.0001s (local map=316, WM=316)[0m
Warning: TF_REPEATED_DATA ignoring data with redundant timestamp for frame odom (parent map) at time 1790452564.213305 according to authority unknown_publisher
         at line 278 in /tmp/binarydeb/ros-noetic-tf2-0.7.7/src/buffer_core.cpp
[33m[ WARN] [1790466768.390894965, 1790452564.113305498]: TF_REPEATED_DATA ignoring data with redundant timestamp for frame odom (parent map) at time 1790452564.213305 according to authority unknown_publisher[0m
Warning: TF_REPEATED_DATA ignoring data with redundant timestamp for frame odom (parent map) at time 1790452564.213305 according to authority /rtabmap/rtabmap
         at line 278 in /tmp/binarydeb/ros-noetic-tf2-0.7.7/src/buffer_core.cpp
Warning: TF_REPEATED_DATA ignoring data with redundant timestamp for frame odom (parent map) at time 1790452564.567773 according to authority unknown_publisher
         at line 278 in /tmp/binarydeb/ros-noetic-tf2-0.7.7/src/buffer_core.cpp
[33m[ WARN] [1790466768.744819922, 1790452564.467772603]: TF_REPEATED_DATA ignoring data with redundant timestamp for frame odom (parent map) at time 1790452564.567773 according to authority unknown_publisher[0m
Warning: TF_REPEATED_DATA ignoring data with redundant timestamp for frame odom (parent map) at time 1790452564.567773 according to authority /rtabmap/rtabmap
         at line 278 in /tmp/binarydeb/ros-noetic-tf2-0.7.7/src/buffer_core.cpp
[33m[ WARN] (2026-09-26 19:52:49.305) Memory.cpp:3200::computeTransform() Missing visual features or missing raw data to compute them. Transform cannot be estimated.[0m
[0m[ INFO] [1790466769.417713008, 1790452565.133041314]: rtabmap (532): Rate=1.00s, Limit=0.000s, Conversion=0.0013s, RTAB-Map=0.2579s, Maps update=0.0003s pub=0.0001s (local map=317, WM=317)[0m
Warning: TF_REPEATED_DATA ignoring data with redundant timestamp for frame odom (parent map) at time 1790452565.430904 according to authority unknown_publisher
         at line 278 in /tmp/binarydeb/ros-noetic-tf2-0.7.7/src/buffer_core.cpp
Warning: TF_REPEATED_DATA ignoring data with redundant timestamp for frame odom (parent map) at time 1790452565.430904 according to authority /rtabmap/rtabmap
         at line 278 in /tmp/binarydeb/ros-noetic-tf2-0.7.7/src/buffer_core.cpp
[33m[ WARN] [1790466769.618527823, 1790452565.340971125]: TF_REPEATED_DATA ignoring data with redundant timestamp for frame odom (parent map) at time 1790452565.430904 according to authority unknown_publisher[0m
[33m[ WARN] (2026-09-26 19:52:50.402) Memory.cpp:3200::computeTransform() Missing visual features or missing raw data to compute them. Transform cannot be estimated.[0m
Warning: TF_REPEATED_DATA ignoring data with redundant timestamp for frame odom (parent map) at time 1790452566.291757 according to authority unknown_publisher
         at line 278 in /tmp/binarydeb/ros-noetic-tf2-0.7.7/src/buffer_core.cpp
Warning: TF_REPEATED_DATA ignoring data with redundant timestamp for frame odom (parent map) at time 1790452566.291757 according to authority /rtabmap/rtabmap
         at line 278 in /tmp/binarydeb/ros-noetic-tf2-0.7.7/src/buffer_core.cpp
[33m[ WARN] [1790466770.470022738, 1790452566.191756947]: TF_REPEATED_DATA ignoring data with redundant timestamp for frame odom (parent map) at time 1790452566.291757 according to authority unknown_publisher[0m
[0m[ INFO] [1790466770.516209189, 1790452566.232028250]: rtabmap (533): Rate=1.00s, Limit=0.000s, Conversion=0.0010s, RTAB-Map=0.2616s, Maps update=0.0003s pub=0.0001s (local map=318, WM=318)[0m
Warning: TF_REPEATED_DATA ignoring data with redundant timestamp for frame odom (parent map) at time 1790452566.652167 according to authority unknown_publisher
         at line 278 in /tmp/binarydeb/ros-noetic-tf2-0.7.7/src/buffer_core.cpp
[33m[ WARN] [1790466770.829893378, 1790452566.552167015]: TF_REPEATED_DATA ignoring data with redundant timestamp for frame odom (parent map) at time 1790452566.652167 according to authority unknown_publisher[0m
Warning: TF_REPEATED_DATA ignoring data with redundant timestamp for frame odom (parent map) at time 1790452566.652167 according to authority /rtabmap/rtabmap
         at line 278 in /tmp/binarydeb/ros-noetic-tf2-0.7.7/src/buffer_core.cpp
[33m[ WARN] (2026-09-26 19:52:51.424) Memory.cpp:3200::computeTransform() Missing visual features or missing raw data to compute them. Transform cannot be estimated.[0m
[0m[ INFO] [1790466771.537289742, 1790452567.258273289]: rtabmap (534): Rate=1.00s, Limit=0.000s, Conversion=0.0013s, RTAB-Map=0.2736s, Maps update=0.0003s pub=0.0001s (local map=319, WM=319)[0m
[33m[ WARN] (2026-09-26 19:52:52.532) Memory.cpp:3200::computeTransform() Missing visual features or missing raw data to compute them. Transform cannot be estimated.[0m
[0m[ INFO] [1790466772.646951406, 1790452568.367729095]: rtabmap (535): Rate=1.00s, Limit=0.000s, Conversion=0.0013s, RTAB-Map=0.2752s, Maps update=0.0004s pub=0.0001s (local map=320, WM=320)[0m
[33m[ WARN] (2026-09-26 19:52:53.593) Memory.cpp:3200::computeTransform() Missing visual features or missing raw data to compute them. Transform cannot be estimated.[0m
[0m[ INFO] [1790466773.712343893, 1790452569.432295368]: rtabmap (536): Rate=1.00s, Limit=0.000s, Conversion=0.0009s, RTAB-Map=0.2599s, Maps update=0.0004s pub=0.0001s (local map=321, WM=321)[0m
[33m[ WARN] (2026-09-26 19:52:54.729) Memory.cpp:3200::computeTransform() Missing visual features or missing raw data to compute them. Transform cannot be estimated.[0m
[0m[ INFO] [1790466774.838576905, 1790452570.555754280]: rtabmap (537): Rate=1.00s, Limit=0.000s, Conversion=0.0013s, RTAB-Map=0.2693s, Maps update=0.0003s pub=0.0001s (local map=322, WM=322)[0m
[33m[ WARN] (2026-09-26 19:52:55.821) Memory.cpp:3200::computeTransform() Missing visual features or missing raw data to compute them. Transform cannot be estimated.[0m
[0m[ INFO] [1790466775.935177584, 1790452571.656487853]: rtabmap (538): Rate=1.00s, Limit=0.000s, Conversion=0.0009s, RTAB-Map=0.2724s, Maps update=0.0004s pub=0.0001s (local map=322, WM=322)[0m
[33m[ WARN] (2026-09-26 19:52:56.819) Memory.cpp:3200::computeTransform() Missing visual features or missing raw data to compute them. Transform cannot be estimated.[0m
[0m[ INFO] [1790466776.923977829, 1790452572.645676837]: rtabmap (539): Rate=1.00s, Limit=0.000s, Conversion=0.0013s, RTAB-Map=0.2541s, Maps update=0.0004s pub=0.0001s (local map=322, WM=322)[0m
Warning: TF_REPEATED_DATA ignoring data with redundant timestamp for frame odom (parent map) at time 1790452573.592297 according to authority unknown_publisher
         at line 278 in /tmp/binarydeb/ros-noetic-tf2-0.7.7/src/buffer_core.cpp
[33m[ WARN] [1790466777.769471359, 1790452573.492296903]: TF_REPEATED_DATA ignoring data with redundant timestamp for frame odom (parent map) at time 1790452573.592297 according to authority unknown_publisher[0m
Warning: TF_REPEATED_DATA ignoring data with redundant timestamp for frame odom (parent map) at time 1790452573.592297 according to authority /rtabmap/rtabmap
         at line 278 in /tmp/binarydeb/ros-noetic-tf2-0.7.7/src/buffer_core.cpp
[33m[ WARN] (2026-09-26 19:52:58.007) Memory.cpp:3200::computeTransform() Missing visual features or missing raw data to compute them. Transform cannot be estimated.[0m
[0m[ INFO] [1790466778.117346290, 1790452573.837412998]: rtabmap (540): Rate=1.00s, Limit=0.000s, Conversion=0.0009s, RTAB-Map=0.2586s, Maps update=0.0004s pub=0.0001s (local map=323, WM=323)[0m
Warning: TF_REPEATED_DATA ignoring data with redundant timestamp for frame odom (parent map) at time 1790452574.454489 according to authority unknown_publisher
         at line 278 in /tmp/binarydeb/ros-noetic-tf2-0.7.7/src/buffer_core.cpp
Warning: TF_REPEATED_DATA ignoring data with redundant timestamp for frame odom (parent map) at time 1790452574.454489 according to authority /rtabmap/rtabmap
         at line 278 in /tmp/binarydeb/ros-noetic-tf2-0.7.7/src/buffer_core.cpp
[33m[ WARN] [1790466778.633235975, 1790452574.354488548]: TF_REPEATED_DATA ignoring data with redundant timestamp for frame odom (parent map) at time 1790452574.454489 according to authority unknown_publisher[0m
[33m[ WARN] (2026-09-26 19:52:59.003) Memory.cpp:3200::computeTransform() Missing visual features or missing raw data to compute them. Transform cannot be estimated.[0m
[0m[ INFO] [1790466779.130671925, 1790452574.853665182]: rtabmap (541): Rate=1.00s, Limit=0.000s, Conversion=0.0013s, RTAB-Map=0.2730s, Maps update=0.0005s pub=0.0001s (local map=324, WM=324)[0m
Warning: TF_REPEATED_DATA ignoring data with redundant timestamp for frame odom (parent map) at time 1790452575.321384 according to authority unknown_publisher
         at line 278 in /tmp/binarydeb/ros-noetic-tf2-0.7.7/src/buffer_core.cpp
[33m[ WARN] [1790466779.498730117, 1790452575.221383980]: TF_REPEATED_DATA ignoring data with redundant timestamp for frame odom (parent map) at time 1790452575.321384 according to authority unknown_publisher[0m
Warning: TF_REPEATED_DATA ignoring data with redundant timestamp for frame odom (parent map) at time 1790452575.321384 according to authority /rtabmap/rtabmap
         at line 278 in /tmp/binarydeb/ros-noetic-tf2-0.7.7/src/buffer_core.cpp
[33m[ WARN] [1790466780.362236443, 1790452576.083453399]: TF_REPEATED_DATA ignoring data with redundant timestamp for frame odom (parent map) at time 1790452576.183453 according to authority unknown_publisher[0m
Warning: TF_REPEATED_DATA ignoring data with redundant timestamp for frame odom (parent map) at time 1790452576.183453 according to authority /rtabmap/rtabmap
         at line 278 in /tmp/binarydeb/ros-noetic-tf2-0.7.7/src/buffer_core.cpp
[33m[ WARN] (2026-09-26 19:53:00.125) Memory.cpp:3200::computeTransform() Missing visual features or missing raw data to compute them. Transform cannot be estimated.[0m
[0m[ INFO] [1790466780.242510559, 1790452575.926336037]: rtabmap (542): Rate=1.00s, Limit=0.000s, Conversion=0.0013s, RTAB-Map=0.2725s, Maps update=0.0004s pub=0.0001s (local map=325, WM=325)[0m
Warning: TF_REPEATED_DATA ignoring data with redundant timestamp for frame odom (parent map) at time 1790452576.183453 according to authority unknown_publisher
         at line 278 in /tmp/binarydeb/ros-noetic-tf2-0.7.7/src/buffer_core.cpp
[33m[ WARN] (2026-09-26 19:53:01.109) Memory.cpp:3200::computeTransform() Missing visual features or missing raw data to compute them. Transform cannot be estimated.[0m
[0m[ INFO] [1790466781.218590499, 1790452576.791961937]: rtabmap (543): Rate=1.00s, Limit=0.000s, Conversion=0.0008s, RTAB-Map=0.2572s, Maps update=0.0005s pub=0.0001s (local map=326, WM=326)[0m
Warning: TF_REPEATED_DATA ignoring data with redundant timestamp for frame odom (parent map) at time 1790452577.049192 according to authority unknown_publisher
         at line 278 in /tmp/binarydeb/ros-noetic-tf2-0.7.7/src/buffer_core.cpp
[33m[ WARN] [1790466781.227613766, 1790452576.949192517]: TF_REPEATED_DATA ignoring data with redundant timestamp for frame odom (parent map) at time 1790452577.049192 according to authority unknown_publisher[0m
Warning: TF_REPEATED_DATA ignoring data with redundant timestamp for frame odom (parent map) at time 1790452577.049192 according to authority /rtabmap/rtabmap
         at line 278 in /tmp/binarydeb/ros-noetic-tf2-0.7.7/src/buffer_core.cpp
Warning: TF_REPEATED_DATA ignoring data with redundant timestamp for frame odom (parent map) at time 1790452577.900542 according to authority unknown_publisher
         at line 278 in /tmp/binarydeb/ros-noetic-tf2-0.7.7/src/buffer_core.cpp
Warning: TF_REPEATED_DATA ignoring data with redundant timestamp for frame odom (parent map) at time 1790452577.900542 according to authority /rtabmap/rtabmap
         at line 278 in /tmp/binarydeb/ros-noetic-tf2-0.7.7/src/buffer_core.cpp
[33m[ WARN] [1790466782.077747719, 1790452577.800542031]: TF_REPEATED_DATA ignoring data with redundant timestamp for frame odom (parent map) at time 1790452577.900542 according to authority unknown_publisher[0m
[33m[ WARN] (2026-09-26 19:53:02.319) Memory.cpp:3200::computeTransform() Missing visual features or missing raw data to compute them. Transform cannot be estimated.[0m
[0m[ INFO] [1790466782.434034411, 1790452578.153052663]: rtabmap (544): Rate=1.00s, Limit=0.000s, Conversion=0.0012s, RTAB-Map=0.2742s, Maps update=0.0003s pub=0.0001s (local map=327, WM=327)[0m
[33m[ WARN] (2026-09-26 19:53:02.585) Memory.cpp:3200::computeTransform() Missing visual features or missing raw data to compute them. Transform cannot be estimated.[0m
[0m[ INFO] [1790466782.687709072, 1790452578.407389441]: rtabmap (545): Rate=1.00s, Limit=0.000s, Conversion=0.0007s, RTAB-Map=0.2503s, Maps update=0.0004s pub=0.0001s (local map=327, WM=327)[0m
Warning: TF_REPEATED_DATA ignoring data with redundant timestamp for frame odom (parent map) at time 1790452578.780132 according to authority unknown_publisher
         at line 278 in /tmp/binarydeb/ros-noetic-tf2-0.7.7/src/buffer_core.cpp
[33m[ WARN] [1790466782.959366268, 1790452578.680131637]: TF_REPEATED_DATA ignoring data with redundant timestamp for frame odom (parent map) at time 1790452578.780132 according to authority unknown_publisher[0m
Warning: TF_REPEATED_DATA ignoring data with redundant timestamp for frame odom (parent map) at time 1790452578.780132 according to authority /rtabmap/rtabmap
         at line 278 in /tmp/binarydeb/ros-noetic-tf2-0.7.7/src/buffer_core.cpp
[33m[ WARN] (2026-09-26 19:53:03.433) Memory.cpp:3200::computeTransform() Missing visual features or missing raw data to compute them. Transform cannot be estimated.[0m
[0m[ INFO] [1790466783.536944825, 1790452579.259343550]: rtabmap (546): Rate=1.00s, Limit=0.000s, Conversion=0.0017s, RTAB-Map=0.2556s, Maps update=0.0003s pub=0.0001s (local map=328, WM=328)[0m
Warning: TF_REPEATED_DATA ignoring data with redundant timestamp for frame odom (parent map) at time 1790452579.518824 according to authority unknown_publisher
         at line 278 in /tmp/binarydeb/ros-noetic-tf2-0.7.7/src/buffer_core.cpp
[33m[ WARN] [1790466783.695608763, 1790452579.418824006]: TF_REPEATED_DATA ignoring data with redundant timestamp for frame odom (parent map) at time 1790452579.518824 according to authority unknown_publisher[0m
Warning: TF_REPEATED_DATA ignoring data with redundant timestamp for frame odom (parent map) at time 1790452579.518824 according to authority /rtabmap/rtabmap
         at line 278 in /tmp/binarydeb/ros-noetic-tf2-0.7.7/src/buffer_core.cpp
[33m[ WARN] [1790466784.686350735, 1790452580.408451473]: TF_REPEATED_DATA ignoring data with redundant timestamp for frame odom (parent map) at time 1790452580.508451 according to authority unknown_publisher[0m
Warning: TF_REPEATED_DATA ignoring data with redundant timestamp for frame odom (parent map) at time 1790452580.508451 according to authority /rtabmap/rtabmap
         at line 278 in /tmp/binarydeb/ros-noetic-tf2-0.7.7/src/buffer_core.cpp
[33m[ WARN] (2026-09-26 19:53:04.531) Memory.cpp:3200::computeTransform() Missing visual features or missing raw data to compute them. Transform cannot be estimated.[0m
[0m[ INFO] [1790466784.644710615, 1790452580.255909532]: rtabmap (547): Rate=1.00s, Limit=0.000s, Conversion=0.0013s, RTAB-Map=0.2745s, Maps update=0.0003s pub=0.0001s (local map=329, WM=329)[0m
Warning: TF_REPEATED_DATA ignoring data with redundant timestamp for frame odom (parent map) at time 1790452580.508451 according to authority unknown_publisher
         at line 278 in /tmp/binarydeb/ros-noetic-tf2-0.7.7/src/buffer_core.cpp
Warning: TF_REPEATED_DATA ignoring data with redundant timestamp for frame odom (parent map) at time 1790452581.367041 according to authority unknown_publisher
         at line [33m[ WARN] [1790466785.543455780, 1790452581.267040721]: TF_REPEATED_DATA ignoring data with redundant timestamp for frame odom (parent map) at time 1790452581.367041 according to authority unknown_publisher[0m
278 in /tmp/binarydeb/ros-noetic-tf2-0.7.7/src/buffer_core.cpp
Warning: TF_REPEATED_DATA ignoring data with redundant timestamp for frame odom (parent map) at time 1790452581.367041 according to authority /rtabmap/rtabmap
         at line 278 in /tmp/binarydeb/ros-noetic-tf2-0.7.7/src/buffer_core.cpp
[33m[ WARN] (2026-09-26 19:53:05.735) Memory.cpp:3200::computeTransform() Missing visual features or missing raw data to compute them. Transform cannot be estimated.[0m
[0m[ INFO] [1790466785.861507219, 1790452581.582531086]: rtabmap (548): Rate=1.00s, Limit=0.000s, Conversion=0.0008s, RTAB-Map=0.2820s, Maps update=0.0006s pub=0.0001s (local map=330, WM=330)[0m
Warning: TF_REPEATED_DATA ignoring data with redundant timestamp for frame odom (parent map) at time 1790452582.230774 according to authority unknown_publisher
         at line 278 in /tmp/binarydeb/ros-noetic-tf2-0.7.7/src/buffer_core.cpp
[33m[ WARN] [1790466786.409687748, 1790452582.130774495]: TF_REPEATED_DATA ignoring data with redundant timestamp for frame odom (parent map) at time 1790452582.230774 according to authority unknown_publisher[0m
Warning: TF_REPEATED_DATA ignoring data with redundant timestamp for frame odom (parent map) at time 1790452582.230774 according to authority /rtabmap/rtabmap
         at line 278 in /tmp/binarydeb/ros-noetic-tf2-0.7.7/src/buffer_core.cpp
[33m[ WARN] (2026-09-26 19:53:06.628) Memory.cpp:3200::computeTransform() Missing visual features or missing raw data to compute them. Transform cannot be estimated.[0m
[0m[ INFO] [1790466786.747814862, 1790452582.464339015]: rtabmap (549): Rate=1.00s, Limit=0.000s, Conversion=0.0012s, RTAB-Map=0.2871s, Maps update=0.0006s pub=0.0001s (local map=331, WM=331)[0m
Warning: TF_REPEATED_DATA ignoring data with redundant timestamp for frame odom (parent map) at time 1790452583.105004 according to authority unknown_publisher
         at line 278 in /tmp/binarydeb/ros-noetic-tf2-0.7.7/src/buffer_core.cpp
[33m[ WARN] [1790466787.283458021, 1790452583.005003491]: TF_REPEATED_DATA ignoring data with redundant timestamp for frame odom (parent map) at time 1790452583.105004 according to authority unknown_publisher[0m
Warning: TF_REPEATED_DATA ignoring data with redundant timestamp for frame odom (parent map) at time 1790452583.105004 according to authority /rtabmap/rtabmap
         at line 278 in /tmp/binarydeb/ros-noetic-tf2-0.7.7/src/buffer_core.cpp
[33m[ WARN] (2026-09-26 19:53:07.743) Memory.cpp:3200::computeTransform() Missing visual features or missing raw data to compute them. Transform cannot be estimated.[0m
[0m[ INFO] [1790466787.860944601, 1790452583.578818492]: rtabmap (550): Rate=1.00s, Limit=0.000s, Conversion=0.0012s, RTAB-Map=0.2890s, Maps update=0.0004s pub=0.0001s (local map=332, WM=332)[0m
Warning: TF_REPEATED_DATA ignoring data with redundant timestamp for frame odom (parent map) at time 1790452583.971267 according to authority unknown_publisher
         at line 278 in /tmp/binarydeb/ros-noetic-tf2-0.7.7/src/buffer_core.cpp
Warning: TF_REPEATED_DATA ignoring data with redundant timestamp for frame odom (parent map) at time 1790452583.971267 according to authority /rtabmap/rtabmap
         at line 278 in /tmp/binarydeb/ros-noetic-tf2-0.7.7/src/buffer_core.cpp
[33m[ WARN] [1790466788.149138384, 1790452583.871266451]: TF_REPEATED_DATA ignoring data with redundant timestamp for frame odom (parent map) at time 1790452583.971267 according to authority unknown_publisher[0m
[33m[ WARN] (2026-09-26 19:53:08.840) Memory.cpp:3200::computeTransform() Missing visual features or missing raw data to compute them. Transform cannot be estimated.[0m
[0m[ INFO] [1790466788.962042006, 1790452584.570422529]: rtabmap (551): Rate=1.00s, Limit=0.000s, Conversion=0.0013s, RTAB-Map=0.2879s, Maps update=0.0005s pub=0.0001s (local map=333, WM=333)[0m
Warning: TF_REPEATED_DATA ignoring data with redundant timestamp for frame odom (parent map) at time 1790452584.831462 according to authority unknown_publisher
         at line 278 in /tmp/binarydeb/ros-noetic-tf2-0.7.7/src/buffer_core.cpp
Warning: TF_REPEATED_DATA ignoring data with redundant timestamp for frame odom (parent map) at time 1790452584.831462 according to authority /rtabmap/rtabmap
         at line 278 in /tmp/binarydeb/ros-noetic-tf2-0.7.7/src/buffer_core.cpp
[33m[ WARN] [1790466789.014626850, 1790452584.570422529]: TF_REPEATED_DATA ignoring data with redundant timestamp for frame odom (parent map) at time 1790452584.831462 according to authority unknown_publisher[0m
[33m[ WARN] (2026-09-26 19:53:09.818) Memory.cpp:3200::computeTransform() Missing visual features or missing raw data to compute them. Transform cannot be estimated.[0m
Warning: TF_REPEATED_DATA ignoring data with redundant timestamp for frame odom (parent map) at time 1790452585.692453 according to authority unknown_publisher
         at line 278 in /tmp/binarydeb/ros-noetic-tf2-0.7.7/src/buffer_core.cpp
Warning: TF_REPEATED_DATA ignoring data with redundant timestamp for frame odom (parent map) at time 1790452585.692453 according to authority /rtabmap/rtabmap
         at line 278 in /tmp/binarydeb/ros-noetic-tf2-0.7.7/src/buffer_core.cpp
[33m[ WARN] [1790466789.869278378, 1790452585.592452597]: TF_REPEATED_DATA ignoring data with redundant timestamp for frame odom (parent map) at time 1790452585.692453 according to authority unknown_publisher[0m
[0m[ INFO] [1790466789.946501872, 1790452585.663169898]: rtabmap (552): Rate=1.00s, Limit=0.000s, Conversion=0.0013s, RTAB-Map=0.2946s, Maps update=0.0006s pub=0.0001s (local map=334, WM=334)[0m
Warning: TF_REPEATED_DATA ignoring data with redundant timestamp for frame odom (parent map) at time 1790452586.569851 according to authority unknown_publisher
         at line 278 in /tmp/binarydeb/ros-noetic-tf2-0.7.7/src/buffer_core.cpp
Warning: TF_REPEATED_DATA ignoring data with redundant timestamp for frame odom (parent map) at time 1790452586.569851 according to authority /rtabmap/rtabmap
         at line 278 in /tmp/binarydeb/ros-noetic-tf2-0.7.7/src/buffer_core.cpp
[33m[ WARN] [1790466790.747973679, 1790452586.469850768]: TF_REPEATED_DATA ignoring data with redundant timestamp for frame odom (parent map) at time 1790452586.569851 according to authority unknown_publisher[0m
[33m[ WARN] (2026-09-26 19:53:11.031) Memory.cpp:3200::computeTransform() Missing visual features or missing raw data to compute them. Transform cannot be estimated.[0m
[0m[ INFO] [1790466791.148010236, 1790452586.862829479]: rtabmap (553): Rate=1.00s, Limit=0.000s, Conversion=0.0013s, RTAB-Map=0.2843s, Maps update=0.0005s pub=0.0001s (local map=335, WM=335)[0m
Warning: TF_REPEATED_DATA ignoring data with redundant timestamp for frame odom (parent map) at time 1790452587.424943 according to authority unknown_publisher
         at line 278 in /tmp/binarydeb/ros-noetic-tf2-0.7.7/src/buffer_core.cpp
[33m[ WARN] [1790466791.604228019, 1790452587.324943275]: TF_REPEATED_DATA ignoring data with redundant timestamp for frame odom (parent map) at time 1790452587.424943 according to authority unknown_publisher[0m
Warning: TF_REPEATED_DATA ignoring data with redundant timestamp for frame odom (parent map) at time 1790452587.424943 according to authority /rtabmap/rtabmap
         at line 278 in /tmp/binarydeb/ros-noetic-tf2-0.7.7/src/buffer_core.cpp
[33m[ WARN] (2026-09-26 19:53:12.133) Memory.cpp:3200::computeTransform() Missing visual features or missing raw data to compute them. Transform cannot be estimated.[0m
[0m[ INFO] [1790466792.263278249, 1790452587.986724022]: rtabmap (554): Rate=1.00s, Limit=0.000s, Conversion=0.0013s, RTAB-Map=0.2944s, Maps update=0.0005s pub=0.0001s (local map=336, WM=336)[0m
Warning: TF_REPEATED_DATA ignoring data with redundant timestamp for frame odom (parent map) at time 1790452588.291294 according to authority unknown_publisher
         at line 278 in /tmp/binarydeb/ros-noetic-tf2-0.7.7/src/buffer_core.cpp
[33m[ WARN] [1790466792.474183365, 1790452588.191293953]: TF_REPEATED_DATA ignoring data with redundant timestamp for frame odom (parent map) at time 1790452588.291294 according to authority unknown_publisher[0m
Warning: TF_REPEATED_DATA ignoring data with redundant timestamp for frame odom (parent map) at time 1790452588.291294 according to authority /rtabmap/rtabmap
         at line 278 in /tmp/binarydeb/ros-noetic-tf2-0.7.7/src/buffer_core.cpp
[33m[ WARN] (2026-09-26 19:53:13.136) Memory.cpp:3200::computeTransform() Missing visual features or missing raw data to compute them. Transform cannot be estimated.[0m
[0m[ INFO] [1790466793.256600903, 1790452588.906572871]: rtabmap (555): Rate=1.00s, Limit=0.000s, Conversion=0.0013s, RTAB-Map=0.3017s, Maps update=0.0007s pub=0.0001s (local map=337, WM=337)[0m
Warning: TF_REPEATED_DATA ignoring data with redundant timestamp for frame odom (parent map) at time 1790452589.160792 according to authority unknown_publisher
         at line 278 in /tmp/binarydeb/ros-noetic-tf2-0.7.7/src/buffer_core.cpp
[33m[ WARN] [1790466793.337023976, 1790452589.060791863]: TF_REPEATED_DATA ignoring data with redundant timestamp for frame odom (parent map) at time 1790452589.160792 according to authority unknown_publisher[0m
Warning: TF_REPEATED_DATA ignoring data with redundant timestamp for frame odom (parent map) at time 1790452589.160792 according to authority /rtabmap/rtabmap
         at line 278 in /tmp/binarydeb/ros-noetic-tf2-0.7.7/src/buffer_core.cpp
Warning: TF_REPEATED_DATA ignoring data with redundant timestamp for frame odom (parent map) at time 1790452590.030354 according to authority unknown_publisher
         at line 278 in /tmp/binarydeb/ros-noetic-tf2-0.7.7/src/buffer_core.cpp
Warning: TF_REPEATED_DATA ignoring data with redundant timestamp for frame odom (parent map) at time 1790452590.030354 according to authority /rtabmap/rtabmap
         at line 278 in /tmp/binarydeb/ros-noetic-tf2-0.7.7/src/buffer_core.cpp
[33m[ WARN] [1790466794.208844151, 1790452589.930354421]: TF_REPEATED_DATA ignoring data with redundant timestamp for frame odom (parent map) at time 1790452590.030354 according to authority unknown_publisher[0m
[33m[ WARN] [1790466794.212704020, 1790452589.930354421]: TFFramesWatchdog (base_link): Frame front_left_wheel_link became unreachable. Cause: Lookup would require extrapolation 0.035221042s into the future.  Requested time 1790452589.778676510 but the latest data is at time 1790452589.743455410, when looking up transform from frame [front_left_wheel_link] to frame [base_link]. canTransform returned after 0 timeout was 0.[0m
[33m[ WARN] (2026-09-26 19:53:14.211) Memory.cpp:3200::computeTransform() Missing visual features or missing raw data to compute them. Transform cannot be estimated.[0m
[0m[ INFO] [1790466794.331599546, 1790452590.055568843]: rtabmap (556): Rate=1.00s, Limit=0.000s, Conversion=0.0008s, RTAB-Map=0.2872s, Maps update=0.0004s pub=0.0001s (local map=338, WM=338)[0m
Warning: TF_REPEATED_DATA ignoring data with redundant timestamp for frame odom (parent map) at time 1790452590.883271 according to authority unknown_publisher
         at line 278 in /tmp/binarydeb/ros-noetic-tf2-0.7.7/src/buffer_core.cpp
[33m[ WARN] [1790466795.061846974, 1790452590.783271035]: TF_REPEATED_DATA ignoring data with redundant timestamp for frame odom (parent map) at time 1790452590.883271 according to authority unknown_publisher[0m
Warning: TF_REPEATED_DATA ignoring data with redundant timestamp for frame odom (parent map) at time 1790452590.883271 according to authority /rtabmap/rtabmap
         at line 278 in /tmp/binarydeb/ros-noetic-tf2-0.7.7/src/buffer_core.cpp
[33m[ WARN] (2026-09-26 19:53:15.305) Memory.cpp:3200::computeTransform() Missing visual features or missing raw data to compute them. Transform cannot be estimated.[0m
[0m[ INFO] [1790466795.441146239, 1790452591.160592941]: rtabmap (557): Rate=1.00s, Limit=0.000s, Conversion=0.0011s, RTAB-Map=0.2869s, Maps update=0.0004s pub=0.0001s (local map=339, WM=339)[0m
Warning: TF_REPEATED_DATA ignoring data with redundant timestamp for frame odom (parent map) at time 1790452591.749946 according to authority unknown_publisher
         at line 278 in /tmp/binarydeb/ros-noetic-tf2-0.7.7/src/buffer_core.cpp
[33m[ WARN] [1790466795.927478221, 1790452591.649946226]: TF_REPEATED_DATA ignoring data with redundant timestamp for frame odom (parent map) at time 1790452591.749946 according to authority unknown_publisher[0m
Warning: TF_REPEATED_DATA ignoring data with redundant timestamp for frame odom (parent map) at time 1790452591.749946 according to authority /rtabmap/rtabmap
         at line 278 in /tmp/binarydeb/ros-noetic-tf2-0.7.7/src/buffer_core.cpp
[33m[ WARN] (2026-09-26 19:53:16.305) Memory.cpp:3200::computeTransform() Missing visual features or missing raw data to compute them. Transform cannot be estimated.[0m
[0m[ INFO] [1790466796.444940812, 1790452592.165985830]: rtabmap (558): Rate=1.00s, Limit=0.000s, Conversion=0.0013s, RTAB-Map=0.2893s, Maps update=0.0005s pub=0.0001s (local map=340, WM=340)[0m
Warning: TF_REPEATED_DATA ignoring data with redundant timestamp for frame odom (parent map) at time 1790452592.611233 according to authority unknown_publisher
         at line 278 in /tmp/binarydeb/ros-noetic-tf2-0.7.7/src/buffer_core.cpp
Warning: TF_REPEATED_DATA ignoring data with redundant timestamp for frame odom (parent map) at time 1790452592.611233 according to authority /rtabmap/rtabmap
         at line 278 in /tmp/binarydeb/ros-noetic-tf2-0.7.7/src/buffer_core.cpp
[33m[ WARN] [1790466796.788476769, 1790452592.511232424]: TF_REPEATED_DATA ignoring data with redundant timestamp for frame odom (parent map) at time 1790452592.611233 according to authority unknown_publisher[0m
[33m[ WARN] (2026-09-26 19:53:17.297) Memory.cpp:3200::computeTransform() Missing visual features or missing raw data to compute them. Transform cannot be estimated.[0m
[0m[ INFO] [1790466797.412908466, 1790452593.136110429]: rtabmap (559): Rate=1.00s, Limit=0.000s, Conversion=0.0010s, RTAB-Map=0.2625s, Maps update=0.0004s pub=0.0001s (local map=341, WM=341)[0m
Warning: TF_REPEATED_DATA ignoring data with redundant timestamp for frame odom (parent map) at time 1790452593.473439 according to authority unknown_publisher
         at line 278 in /tmp/binarydeb/ros-noetic-tf2-0.7.7/src/buffer_core.cpp
[33m[ WARN] [1790466797.654423809, 1790452593.373438924]: TF_REPEATED_DATA ignoring data with redundant timestamp for frame odom (parent map) at time 1790452593.473439 according to authority unknown_publisher[0m
Warning: TF_REPEATED_DATA ignoring data with redundant timestamp for frame odom (parent map) at time 1790452593.473439 according to authority /rtabmap/rtabmap
         at line 278 in /tmp/binarydeb/ros-noetic-tf2-0.7.7/src/buffer_core.cpp
[33m[ WARN] (2026-09-26 19:53:18.432) Memory.cpp:3200::computeTransform() Missing visual features or missing raw data to compute them. Transform cannot be estimated.[0m
[0m[ INFO] [1790466798.545157510, 1790452594.267556138]: rtabmap (560): Rate=1.00s, Limit=0.000s, Conversion=0.0019s, RTAB-Map=0.2763s, Maps update=0.0005s pub=0.0001s (local map=342, WM=342)[0m
[33m[ WARN] (2026-09-26 19:53:19.518) Memory.cpp:3200::computeTransform() Missing visual features or missing raw data to compute them. Transform cannot be estimated.[0m
[0m[ INFO] [1790466799.637976377, 1790452595.357236069]: rtabmap (561): Rate=1.00s, Limit=0.000s, Conversion=0.0009s, RTAB-Map=0.2756s, Maps update=0.0003s pub=0.0001s (local map=343, WM=343)[0m
[33m[ WARN] (2026-09-26 19:53:20.516) Memory.cpp:3200::computeTransform() Missing visual features or missing raw data to compute them. Transform cannot be estimated.[0m
[0m[ INFO] [1790466800.665680262, 1790452596.383535495]: rtabmap (562): Rate=1.00s, Limit=0.000s, Conversion=0.0013s, RTAB-Map=0.3017s, Maps update=0.0005s pub=0.0001s (local map=344, WM=344)[0m
[33m[ WARN] (2026-09-26 19:53:21.644) Memory.cpp:3200::computeTransform() Missing visual features or missing raw data to compute them. Transform cannot be estimated.[0m
[0m[ INFO] [1790466801.764205275, 1790452597.484314542]: rtabmap (563): Rate=1.00s, Limit=0.000s, Conversion=0.0013s, RTAB-Map=0.2844s, Maps update=0.0005s pub=0.0001s (local map=345, WM=345)[0m
[33m[ WARN] (2026-09-26 19:53:22.708) Memory.cpp:3200::computeTransform() Missing visual features or missing raw data to compute them. Transform cannot be estimated.[0m
[0m[ INFO] [1790466802.846525919, 1790452598.565935277]: rtabmap (564): Rate=1.00s, Limit=0.000s, Conversion=0.0008s, RTAB-Map=0.2903s, Maps update=0.0008s pub=0.0001s (local map=346, WM=346)[0m
[33m[ WARN] (2026-09-26 19:53:23.731) Memory.cpp:3200::computeTransform() Missing visual features or missing raw data to compute them. Transform cannot be estimated.[0m
[0m[ INFO] [1790466803.890935788, 1790452599.610704508]: rtabmap (565): Rate=1.00s, Limit=0.000s, Conversion=0.0013s, RTAB-Map=0.3230s, Maps update=0.0003s pub=0.0001s (local map=347, WM=347)[0m
[33m[ WARN] (2026-09-26 19:53:24.831) Memory.cpp:3200::computeTransform() Missing visual features or missing raw data to compute them. Transform cannot be estimated.[0m
[0m[ INFO] [1790466804.951283933, 1790452600.668732060]: rtabmap (566): Rate=1.00s, Limit=0.000s, Conversion=0.0013s, RTAB-Map=0.2850s, Maps update=0.0006s pub=0.0001s (local map=348, WM=348)[0m
[33m[ WARN] (2026-09-26 19:53:25.834) Memory.cpp:3200::computeTransform() Missing visual features or missing raw data to compute them. Transform cannot be estimated.[0m
[0m[ INFO] [1790466805.955365736, 1790452601.670226643]: rtabmap (567): Rate=1.00s, Limit=0.000s, Conversion=0.0012s, RTAB-Map=0.2980s, Maps update=0.0005s pub=0.0001s (local map=349, WM=349)[0m
[33m[ WARN] (2026-09-26 19:53:26.923) Memory.cpp:3200::computeTransform() Missing visual features or missing raw data to compute them. Transform cannot be estimated.[0m
[0m[ INFO] [1790466807.045242867, 1790452602.765792649]: rtabmap (568): Rate=1.00s, Limit=0.000s, Conversion=0.0013s, RTAB-Map=0.2868s, Maps update=0.0005s pub=0.0001s (local map=350, WM=350)[0m
[33m[ WARN] (2026-09-26 19:53:27.923) Memory.cpp:3200::computeTransform() Missing visual features or missing raw data to compute them. Transform cannot be estimated.[0m
[0m[ INFO] [1790466808.058594201, 1790452603.776025399]: rtabmap (569): Rate=1.00s, Limit=0.000s, Conversion=0.0017s, RTAB-Map=0.2893s, Maps update=0.0004s pub=0.0001s (local map=351, WM=351)[0m
[33m[ WARN] (2026-09-26 19:53:28.909) Memory.cpp:3200::computeTransform() Missing visual features or missing raw data to compute them. Transform cannot be estimated.[0m
[0m[ INFO] [1790466809.038731465, 1790452604.757774004]: rtabmap (570): Rate=1.00s, Limit=0.000s, Conversion=0.0010s, RTAB-Map=0.2750s, Maps update=0.0004s pub=0.0001s (local map=352, WM=352)[0m
[33m[ WARN] (2026-09-26 19:53:30.009) Memory.cpp:3200::computeTransform() Missing visual features or missing raw data to compute them. Transform cannot be estimated.[0m
[0m[ INFO] [1790466810.132098478, 1790452605.855574971]: rtabmap (571): Rate=1.00s, Limit=0.000s, Conversion=0.0010s, RTAB-Map=0.2812s, Maps update=0.0004s pub=0.0001s (local map=353, WM=353)[0m
[33m[ WARN] (2026-09-26 19:53:31.111) Memory.cpp:3200::computeTransform() Missing visual features or missing raw data to compute them. Transform cannot be estimated.[0m
[0m[ INFO] [1790466811.276845772, 1790452606.992306075]: rtabmap (572): Rate=1.00s, Limit=0.000s, Conversion=0.0008s, RTAB-Map=0.3132s, Maps update=0.0003s pub=0.0001s (local map=354, WM=354)[0m
[33m[ WARN] (2026-09-26 19:53:32.200) Memory.cpp:3200::computeTransform() Missing visual features or missing raw data to compute them. Transform cannot be estimated.[0m
[0m[ INFO] [1790466812.363464628, 1790452608.079082819]: rtabmap (573): Rate=1.00s, Limit=0.000s, Conversion=0.0008s, RTAB-Map=0.3111s, Maps update=0.0005s pub=0.0001s (local map=355, WM=355)[0m
[33m[ WARN] (2026-09-26 19:53:33.310) Memory.cpp:3200::computeTransform() Missing visual features or missing raw data to compute them. Transform cannot be estimated.[0m
[0m[ INFO] [1790466813.465947009, 1790452609.181294254]: rtabmap (574): Rate=1.00s, Limit=0.000s, Conversion=0.0010s, RTAB-Map=0.3156s, Maps update=0.0004s pub=0.0001s (local map=356, WM=356)[0m
[33m[ WARN] (2026-09-26 19:53:34.338) Memory.cpp:3200::computeTransform() Missing visual features or missing raw data to compute them. Transform cannot be estimated.[0m
[0m[ INFO] [1790466814.497995158, 1790452610.221590883]: rtabmap (575): Rate=1.00s, Limit=0.000s, Conversion=0.0013s, RTAB-Map=0.3263s, Maps update=0.0004s pub=0.0001s (local map=357, WM=357)[0m
[33m[ WARN] (2026-09-26 19:53:35.422) Memory.cpp:3200::computeTransform() Missing visual features or missing raw data to compute them. Transform cannot be estimated.[0m
[0m[ INFO] [1790466815.560093918, 1790452611.283667467]: rtabmap (576): Rate=1.00s, Limit=0.000s, Conversion=0.0008s, RTAB-Map=0.3016s, Maps update=0.0005s pub=0.0001s (local map=358, WM=358)[0m
[33m[ WARN] (2026-09-26 19:53:36.409) Memory.cpp:3200::computeTransform() Missing visual features or missing raw data to compute them. Transform cannot be estimated.[0m
[0m[ INFO] [1790466816.551761996, 1790452612.265943664]: rtabmap (577): Rate=1.00s, Limit=0.000s, Conversion=0.0014s, RTAB-Map=0.2888s, Maps update=0.0005s pub=0.0001s (local map=359, WM=359)[0m
[33m[ WARN] (2026-09-26 19:53:37.428) Memory.cpp:3200::computeTransform() Missing visual features or missing raw data to compute them. Transform cannot be estimated.[0m
[0m[ INFO] [1790466817.598712914, 1790452613.314514210]: rtabmap (578): Rate=1.00s, Limit=0.000s, Conversion=0.0013s, RTAB-Map=0.3339s, Maps update=0.0004s pub=0.0001s (local map=360, WM=360)[0m
[33m[ WARN] (2026-09-26 19:53:38.521) Memory.cpp:3200::computeTransform() Missing visual features or missing raw data to compute them. Transform cannot be estimated.[0m
[0m[ INFO] [1790466818.692155821, 1790452614.415955868]: rtabmap (579): Rate=1.00s, Limit=0.000s, Conversion=0.0018s, RTAB-Map=0.3323s, Maps update=0.0005s pub=0.0001s (local map=361, WM=361)[0m
[33m[ WARN] (2026-09-26 19:53:39.637) Memory.cpp:3200::computeTransform() Missing visual features or missing raw data to compute them. Transform cannot be estimated.[0m
[0m[ INFO] [1790466819.782733372, 1790452615.499073041]: rtabmap (580): Rate=1.00s, Limit=0.000s, Conversion=0.0018s, RTAB-Map=0.3109s, Maps update=0.0003s pub=0.0001s (local map=362, WM=362)[0m
[33m[ WARN] (2026-09-26 19:53:40.723) Memory.cpp:3200::computeTransform() Missing visual features or missing raw data to compute them. Transform cannot be estimated.[0m
[0m[ INFO] [1790466820.872896339, 1790452616.592597666]: rtabmap (581): Rate=1.00s, Limit=0.000s, Conversion=0.0009s, RTAB-Map=0.3025s, Maps update=0.0004s pub=0.0001s (local map=363, WM=363)[0m
[33m[ WARN] [1790466821.024447830, 1790452616.746469719]: TF_REPEATED_DATA ignoring data with redundant timestamp for frame odom (parent map) at time 1790452616.846470 according to authority unknown_publisher[0m
Warning: Warning: TF_REPEATED_DATA ignoring data with redundant timestamp for frame odom (parent map) at time 1790452616.846470 according to authority /rtabmap/rtabmapTF_REPEATED_DATA ignoring data with redundant timestamp for frame odom (parent map) at time 1790452616.846470 according to authority unknown_publisher

         at line          at line 278 in /tmp/binarydeb/ros-noetic-tf2-0.7.7/src/buffer_core.cpp
278 in /tmp/binarydeb/ros-noetic-tf2-0.7.7/src/buffer_core.cpp
[33m[ WARN] (2026-09-26 19:53:41.706) Memory.cpp:3200::computeTransform() Missing visual features or missing raw data to compute them. Transform cannot be estimated.[0m
[0m[ INFO] [1790466821.865761241, 1790452617.580668387]: rtabmap (582): Rate=1.00s, Limit=0.000s, Conversion=0.0008s, RTAB-Map=0.3195s, Maps update=0.0008s pub=0.0001s (local map=364, WM=364)[0m
[33m[ WARN] (2026-09-26 19:53:42.721) Memory.cpp:3200::computeTransform() Missing visual features or missing raw data to compute them. Transform cannot be estimated.[0m
[0m[ INFO] [1790466822.863859634, 1790452618.580555433]: rtabmap (583): Rate=1.00s, Limit=0.000s, Conversion=0.0014s, RTAB-Map=0.3013s, Maps update=0.0006s pub=0.0001s (local map=365, WM=365)[0m
Warning: TF_REPEATED_DATA ignoring data with redundant timestamp for frame odom (parent map) at time 1790452619.436659 according to authority unknown_publisher
         at line 278 in /tmp/binarydeb/ros-noetic-tf2-0.7.7/src/buffer_core.cpp
Warning: TF_REPEATED_DATA ignoring data with redundant timestamp for frame odom (parent map) at time 1790452619.436659 according to authority /rtabmap/rtabmap
         at line 278 in /tmp/binarydeb/ros-noetic-tf2-0.7.7/src/buffer_core.cpp
[33m[ WARN] [1790466823.615780773, 1790452619.336659389]: TF_REPEATED_DATA ignoring data with redundant timestamp for frame odom (parent map) at time 1790452619.436659 according to authority unknown_publisher[0m
[33m[ WARN] (2026-09-26 19:53:43.828) Memory.cpp:3200::computeTransform() Missing visual features or missing raw data to compute them. Transform cannot be estimated.[0m
[0m[ INFO] [1790466823.991497101, 1790452619.712285572]: rtabmap (584): Rate=1.00s, Limit=0.000s, Conversion=0.0017s, RTAB-Map=0.3355s, Maps update=0.0003s pub=0.0001s (local map=366, WM=366)[0m
Warning: TF_REPEATED_DATA ignoring data with redundant timestamp for frame odom (parent map) at time 1790452620.305264 according to authority unknown_publisher
         at line 278 in /tmp/binarydeb/ros-noetic-tf2-0.7.7/src/buffer_core.cpp
[33m[ WARN] [1790466824.487221960, 1790452620.205264426]: TF_REPEATED_DATA ignoring data with redundant timestamp for frame odom (parent map) at time 1790452620.305264 according to authority unknown_publisher[0m
Warning: TF_REPEATED_DATA ignoring data with redundant timestamp for frame odom (parent map) at time 1790452620.305264 according to authority /rtabmap/rtabmap
         at line 278 in /tmp/binarydeb/ros-noetic-tf2-0.7.7/src/buffer_core.cpp
[33m[ WARN] (2026-09-26 19:53:44.910) Memory.cpp:3200::computeTransform() Missing visual features or missing raw data to compute them. Transform cannot be estimated.[0m
[0m[ INFO] [1790466825.045246958, 1790452620.769187198]: rtabmap (585): Rate=1.00s, Limit=0.000s, Conversion=0.0013s, RTAB-Map=0.2896s, Maps update=0.0007s pub=0.0001s (local map=367, WM=367)[0m
Warning: TF_REPEATED_DATA ignoring data with redundant timestamp for frame odom (parent map) at time 1790452621.171140 according to authority unknown_publisher
         at line 278 in /tmp/binarydeb/ros-noetic-tf2-0.7.7/src/buffer_core.cpp
Warning: TF_REPEATED_DATA ignoring data with redundant timestamp for frame odom (parent map) at time 1790452621.171140 according to authority /rtabmap/rtabmap
         at line 278 in /tmp/binarydeb/ros-noetic-tf2-0.7.7/src/buffer_core.cpp
[33m[ WARN] [1790466825.348285312, 1790452621.071140360]: TF_REPEATED_DATA ignoring data with redundant timestamp for frame odom (parent map) at time 1790452621.171140 according to authority unknown_publisher[0m
[33m[ WARN] (2026-09-26 19:53:46.009) Memory.cpp:3200::computeTransform() Missing visual features or missing raw data to compute them. Transform cannot be estimated.[0m
[0m[ INFO] [1790466826.151858650, 1790452621.772082552]: rtabmap (586): Rate=1.00s, Limit=0.000s, Conversion=0.0009s, RTAB-Map=0.2946s, Maps update=0.0007s pub=0.0001s (local map=368, WM=368)[0m
Warning: TF_REPEATED_DATA ignoring data with redundant timestamp for frame odom (parent map) at time 1790452622.031406 according to authority unknown_publisher
         at line 278 in /tmp/binarydeb/ros-noetic-tf2-0.7.7/src/buffer_core.cpp
[33m[ WARN] [1790466826.208374167, 1790452621.931406240]: TF_REPEATED_DATA ignoring data with redundant timestamp for frame odom (parent map) at time 1790452622.031406 according to authority unknown_publisher[0m
Warning: TF_REPEATED_DATA ignoring data with redundant timestamp for frame odom (parent map) at time 1790452622.031406 according to authority /rtabmap/rtabmap
         at line 278 in /tmp/binarydeb/ros-noetic-tf2-0.7.7/src/buffer_core.cpp
[33m[ WARN] (2026-09-26 19:53:47.016) Memory.cpp:3200::computeTransform() Missing visual features or missing raw data to compute them. Transform cannot be estimated.[0m
Warning: TF_REPEATED_DATA ignoring data with redundant timestamp for frame odom (parent map) at time 1790452622.895417 according to authority unknown_publisher
         at line 278 in /tmp/binarydeb/ros-noetic-tf2-0.7.7/src/buffer_core.cpp
[33m[ WARN] [1790466827.072850711, 1790452622.795416765]: TF_REPEATED_DATA ignoring data with redundant timestamp for frame odom (parent map) at time 1790452622.895417 according to authority unknown_publisher[0m
Warning: TF_REPEATED_DATA ignoring data with redundant timestamp for frame odom (parent map) at time 1790452622.895417 according to authority /rtabmap/rtabmap
         at line 278 in /tmp/binarydeb/ros-noetic-tf2-0.7.7/src/buffer_core.cpp
[0m[ INFO] [1790466827.174451417, 1790452622.897166368]: rtabmap (587): Rate=1.00s, Limit=0.000s, Conversion=0.0009s, RTAB-Map=0.3094s, Maps update=0.0008s pub=0.0001s (local map=369, WM=369)[0m
Warning: TF_REPEATED_DATA ignoring data with redundant timestamp for frame odom (parent map) at time 1790452623.752724 according to authority unknown_publisher
         at line 278 in /tmp/binarydeb/ros-noetic-tf2-0.7.7/src/buffer_core.cpp
[33m[ WARN] [1790466827.930160966, 1790452623.652723787]: TF_REPEATED_DATA ignoring data with redundant timestamp for frame odom (parent map) at time 1790452623.752724 according to authority unknown_publisher[0m
Warning: TF_REPEATED_DATA ignoring data with redundant timestamp for frame odom (parent map) at time 1790452623.752724 according to authority /rtabmap/rtabmap
         at line 278 in /tmp/binarydeb/ros-noetic-tf2-0.7.7/src/buffer_core.cpp
Warning: TF_REPEATED_DATA ignoring data with redundant timestamp for frame odom (parent map) at time 1790452624.630675 according to authority /rtabmap/rtabmap
         at line 278 in /tmp/binarydeb/ros-noetic-tf2-0.7.7/src/buffer_core.cpp
[33m[ WARN] [1790466828.813867659, 1790452624.530674947]: TF_REPEATED_DATA ignoring data with redundant timestamp for frame odom (parent map) at time 1790452624.630675 according to authority unknown_publisher[0m
[33m[ WARN] (2026-09-26 19:53:48.213) Memory.cpp:3200::computeTransform() Missing visual features or missing raw data to compute them. Transform cannot be estimated.[0m
[0m[ INFO] [1790466828.377480371, 1790452624.095897176]: rtabmap (588): Rate=1.00s, Limit=0.000s, Conversion=0.0009s, RTAB-Map=0.3250s, Maps update=0.0005s pub=0.0001s (local map=370, WM=370)[0m
Warning: TF_REPEATED_DATA ignoring data with redundant timestamp for frame odom (parent map) at time 1790452624.630675 according to authority unknown_publisher
         at line 278 in /tmp/binarydeb/ros-noetic-tf2-0.7.7/src/buffer_core.cpp
[33m[ WARN] (2026-09-26 19:53:49.217) Memory.cpp:3200::computeTransform() Missing visual features or missing raw data to compute them. Transform cannot be estimated.[0m
[0m[ INFO] [1790466829.371917320, 1790452625.095724407]: rtabmap (589): Rate=1.00s, Limit=0.000s, Conversion=0.0010s, RTAB-Map=0.3125s, Maps update=0.0004s pub=0.0001s (local map=371, WM=371)[0m
Warning: TF_REPEATED_DATA ignoring data with redundant timestamp for frame odom (parent map) at time 1790452625.547480 according to authority unknown_publisher
         at line 278 in /tmp/binarydeb/ros-noetic-tf2-0.7.7/src/buffer_core.cpp
[33m[ WARN] [1790466829.724483756, 1790452625.447480085]: TF_REPEATED_DATA ignoring data with redundant timestamp for frame odom (parent map) at time 1790452625.547480 according to authority unknown_publisher[0m
Warning: TF_REPEATED_DATA ignoring data with redundant timestamp for frame odom (parent map) at time 1790452625.547480 according to authority /rtabmap/rtabmap
         at line 278 in /tmp/binarydeb/ros-noetic-tf2-0.7.7/src/buffer_core.cpp
Warning: TF_REPEATED_DATA ignoring data with redundant timestamp for frame odom (parent map) at time 1790452625.869458 according to authority unknown_publisher
         at line 278 in /tmp/binarydeb/ros-noetic-tf2-0.7.7/src/buffer_core.cpp
[33m[ WARN] [1790466830.046317566, 1790452625.769457896]: TF_REPEATED_DATA ignoring data with redundant timestamp for frame odom (parent map) at time 1790452625.869458 according to authority unknown_publisher[0m
Warning: TF_REPEATED_DATA ignoring data with redundant timestamp for frame odom (parent map) at time 1790452625.869458 according to authority /rtabmap/rtabmap
         at line 278 in /tmp/binarydeb/ros-noetic-tf2-0.7.7/src/buffer_core.cpp
[33m[ WARN] (2026-09-26 19:53:50.307) Memory.cpp:3200::computeTransform() Missing visual features or missing raw data to compute them. Transform cannot be estimated.[0m
[0m[ INFO] [1790466830.449504823, 1790452626.172226013]: rtabmap (590): Rate=1.00s, Limit=0.000s, Conversion=0.0009s, RTAB-Map=0.2945s, Maps update=0.0006s pub=0.0001s (local map=371, WM=371)[0m
[33m[ WARN] (2026-09-26 19:53:51.310) Memory.cpp:3200::computeTransform() Missing visual features or missing raw data to compute them. Transform cannot be estimated.[0m
[0m[ INFO] [1790466831.453126918, 1790452627.167161384]: rtabmap (591): Rate=1.00s, Limit=0.000s, Conversion=0.0009s, RTAB-Map=0.2845s, Maps update=0.0006s pub=0.0001s (local map=371, WM=371)[0m
[33m[ WARN] (2026-09-26 19:53:52.393) Memory.cpp:3200::computeTransform() Missing visual features or missing raw data to compute them. Transform cannot be estimated.[0m
[0m[ INFO] [1790466832.529415390, 1790452628.244834315]: rtabmap (592): Rate=1.00s, Limit=0.000s, Conversion=0.0009s, RTAB-Map=0.2774s, Maps update=0.0004s pub=0.0001s (local map=371, WM=371)[0m
[33m[ WARN] (2026-09-26 19:53:53.499) Memory.cpp:3200::computeTransform() Missing visual features or missing raw data to compute them. Transform cannot be estimated.[0m
[0m[ INFO] [1790466833.632467893, 1790452629.354357525]: rtabmap (593): Rate=1.00s, Limit=0.000s, Conversion=0.0015s, RTAB-Map=0.2797s, Maps update=0.0004s pub=0.0001s (local map=372, WM=372)[0m
[33m[ WARN] (2026-09-26 19:53:54.520) Memory.cpp:3200::computeTransform() Missing visual features or missing raw data to compute them. Transform cannot be estimated.[0m
[0m[ INFO] [1790466834.677476072, 1790452630.394793476]: rtabmap (594): Rate=1.00s, Limit=0.000s, Conversion=0.0009s, RTAB-Map=0.3099s, Maps update=0.0004s pub=0.0001s (local map=373, WM=373)[0m
[33m[ WARN] (2026-09-26 19:53:55.557) Memory.cpp:3200::computeTransform() Missing visual features or missing raw data to compute them. Transform cannot be estimated.[0m
[0m[ INFO] [1790466835.709940065, 1790452631.427321117]: rtabmap (595): Rate=1.00s, Limit=0.000s, Conversion=0.0012s, RTAB-Map=0.3063s, Maps update=0.0005s pub=0.0001s (local map=373, WM=373)[0m
[33m[ WARN] (2026-09-26 19:53:56.596) Memory.cpp:3200::computeTransform() Missing visual features or missing raw data to compute them. Transform cannot be estimated.[0m
[0m[ INFO] [1790466836.733629149, 1790452632.447967520]: rtabmap (596): Rate=1.00s, Limit=0.000s, Conversion=0.0013s, RTAB-Map=0.2785s, Maps update=0.0004s pub=0.0001s (local map=373, WM=373)[0m
[33m[ WARN] (2026-09-26 19:53:57.722) Memory.cpp:3200::computeTransform() Missing visual features or missing raw data to compute them. Transform cannot be estimated.[0m
[0m[ INFO] [1790466837.862724554, 1790452633.583269503]: rtabmap (597): Rate=1.00s, Limit=0.000s, Conversion=0.0013s, RTAB-Map=0.3016s, Maps update=0.0004s pub=0.0001s (local map=374, WM=374)[0m
[33m[ WARN] (2026-09-26 19:53:58.716) Memory.cpp:3200::computeTransform() Missing visual features or missing raw data to compute them. Transform cannot be estimated.[0m
[0m[ INFO] [1790466838.870361240, 1790452634.593272384]: rtabmap (598): Rate=1.00s, Limit=0.000s, Conversion=0.0012s, RTAB-Map=0.3064s, Maps update=0.0005s pub=0.0001s (local map=375, WM=375)[0m
Warning: TF_REPEATED_DATA ignoring data with redundant timestamp for frame odom (parent map) at time 1790452635.385176 according to authority unknown_publisher
         at line 278 in /tmp/binarydeb/ros-noetic-tf2-0.7.7/src/buffer_core.cpp
Warning: TF_REPEATED_DATA ignoring data with redundant timestamp for frame odom (parent map) at time 1790452635.385176 according to authority /rtabmap/rtabmap
         at line 278 in /tmp/binarydeb/ros-noetic-tf2-0.7.7/src/buffer_core.cpp
[33m[ WARN] [1790466839.563869855, 1790452635.285175802]: TF_REPEATED_DATA ignoring data with redundant timestamp for frame odom (parent map) at time 1790452635.385176 according to authority unknown_publisher[0m
[33m[ WARN] (2026-09-26 19:53:59.801) Memory.cpp:3200::computeTransform() Missing visual features or missing raw data to compute them. Transform cannot be estimated.[0m
[0m[ INFO] [1790466839.956506594, 1790452635.679954510]: rtabmap (599): Rate=1.00s, Limit=0.000s, Conversion=0.0014s, RTAB-Map=0.2963s, Maps update=0.0007s pub=0.0001s (local map=375, WM=375)[0m
[33m[ WARN] (2026-09-26 19:54:00.099) Memory.cpp:3200::computeTransform() Missing visual features or missing raw data to compute them. Transform cannot be estimated.[0m
[0m[ INFO] [1790466840.231205304, 1790452635.953281721]: rtabmap (600): Rate=1.00s, Limit=0.000s, Conversion=0.0007s, RTAB-Map=0.2719s, Maps update=0.0005s pub=0.0001s (local map=375, WM=375)[0m
Warning: TF_REPEATED_DATA ignoring data with redundant timestamp for frame odom (parent map) at time 1790452636.245110 according to authority unknown_publisher
         at line 278 in /tmp/binarydeb/ros-noetic-tf2-0.7.7/src/buffer_core.cpp
Warning: TF_REPEATED_DATA ignoring data with redundant timestamp for frame odom (parent map) at time 1790452636.245110 according to authority /rtabmap/rtabmap
         at line 278 in /tmp/binarydeb/ros-noetic-tf2-0.7.7/src/buffer_core.cpp
[33m[ WARN] [1790466840.422268337, 1790452636.145109913]: TF_REPEATED_DATA ignoring data with redundant timestamp for frame odom (parent map) at time 1790452636.245110 according to authority unknown_publisher[0m
[33m[ WARN] (2026-09-26 19:54:00.811) Memory.cpp:3200::computeTransform() Missing visual features or missing raw data to compute them. Transform cannot be estimated.[0m
[0m[ INFO] [1790466840.950356435, 1790452636.670694535]: rtabmap (601): Rate=1.00s, Limit=0.000s, Conversion=0.0009s, RTAB-Map=0.2984s, Maps update=0.0008s pub=0.0001s (local map=375, WM=375)[0m
Warning: TF_REPEATED_DATA ignoring data with redundant timestamp for frame odom (parent map) at time 1790452637.117723 according to authority unknown_publisher
         at line 278 in /tmp/binarydeb/ros-noetic-tf2-0.7.7/src/buffer_core.cpp
Warning: TF_REPEATED_DATA ignoring data with redundant timestamp for frame odom (parent map) at time 1790452637.117723 according to authority /rtabmap/rtabmap
         at line 278 in /tmp/binarydeb/ros-noetic-tf2-0.7.7/src/buffer_core.cpp
[33m[ WARN] [1790466841.295871843, 1790452637.017723554]: TF_REPEATED_DATA ignoring data with redundant timestamp for frame odom (parent map) at time 1790452637.117723 according to authority unknown_publisher[0m
[33m[ WARN] (2026-09-26 19:54:01.910) Memory.cpp:3200::computeTransform() Missing visual features or missing raw data to compute them. Transform cannot be estimated.[0m
[0m[ INFO] [1790466842.047294791, 1790452637.717463272]: rtabmap (602): Rate=1.00s, Limit=0.000s, Conversion=0.0017s, RTAB-Map=0.2834s, Maps update=0.0004s pub=0.0001s (local map=375, WM=375)[0m
Warning: TF_REPEATED_DATA ignoring data with redundant timestamp for frame odom (parent map) at time 1790452637.972339 according to authority unknown_publisher
         at line 278 in /tmp/binarydeb/ros-noetic-tf2-0.7.7/src/buffer_core.cpp
Warning: TF_REPEATED_DATA ignoring data with redundant timestamp for frame odom (parent map) at time 1790452637.972339 according to authority /rtabmap/rtabmap
         at line 278 in [33m[ WARN] [1790466842.149657980, 1790452637.872338594]: TF_REPEATED_DATA ignoring data with redundant timestamp for frame odom (parent map) at time 1790452637.972339 according to authority unknown_publisher[0m
/tmp/binarydeb/ros-noetic-tf2-0.7.7/src/buffer_core.cpp
Warning: TF_REPEATED_DATA ignoring data with redundant timestamp for frame odom (parent map) at time 1790452638.853007 according to authority /rtabmap/rtabmap
         at line 278 in /tmp/binarydeb/ros-noetic-tf2-0.7.7/src/buffer_core.cpp
[33m[ WARN] [1790466843.030892375, 1790452638.753007032]: TF_REPEATED_DATA ignoring data with redundant timestamp for frame odom (parent map) at time 1790452638.853007 according to authority unknown_publisher[0m
[33m[ WARN] (2026-09-26 19:54:02.932) Memory.cpp:3200::computeTransform() Missing visual features or missing raw data to compute them. Transform cannot be estimated.[0m
Warning: TF_REPEATED_DATA ignoring data with redundant timestamp for frame odom (parent map) at time 1790452638.853007 according to authority unknown_publisher
         at line 278 in /tmp/binarydeb/ros-noetic-tf2-0.7.7/src/buffer_core.cpp
Warning: [33m[ WARN] [1790466843.888266234, 1790452639.611060736]: TF_REPEATED_DATA ignoring data with redundant timestamp for frame odom (parent map) at time 1790452639.711061 according to authority unknown_publisher[0m
TF_REPEATED_DATA ignoring data with redundant timestamp for frame odom (parent map) at time 1790452639.711061 according to authority /rtabmap/rtabmap
         at line 278 in /tmp/binarydeb/ros-noetic-tf2-0.7.7/src/buffer_core.cpp
[0m[ INFO] [1790466843.068451109, 1790452638.783189387]: rtabmap (603): Rate=1.00s, Limit=0.000s, Conversion=0.0013s, RTAB-Map=0.2987s, Maps update=0.0004s pub=0.0001s (local map=375, WM=375)[0m
Warning: TF_REPEATED_DATA ignoring data with redundant timestamp for frame odom (parent map) at time 1790452639.711061 according to authority unknown_publisher
         at line 278 in /tmp/binarydeb/ros-noetic-tf2-0.7.7/src/buffer_core.cpp
[33m[ WARN] (2026-09-26 19:54:04.068) Memory.cpp:3200::computeTransform() Missing visual features or missing raw data to compute them. Transform cannot be estimated.[0m
[0m[ INFO] [1790466844.207806048, 1790452639.926348901]: rtabmap (604): Rate=1.00s, Limit=0.000s, Conversion=0.0009s, RTAB-Map=0.2881s, Maps update=0.0004s pub=0.0001s (local map=376, WM=376)[0m
Warning: TF_REPEATED_DATA ignoring data with redundant timestamp for frame odom (parent map) at time 1790452640.570178 according to authority unknown_publisher
         at line 278 in /tmp/binarydeb/ros-noetic-tf2-0.7.7/src/buffer_core.cpp
[33m[ WARN] [1790466844.746973069, 1790452640.470177719]: TF_REPEATED_DATA ignoring data with redundant timestamp for frame odom (parent map) at time 1790452640.570178 according to authority unknown_publisher[0m
Warning: TF_REPEATED_DATA ignoring data with redundant timestamp for frame odom (parent map) at time 1790452640.570178 according to authority /rtabmap/rtabmap
         at line 278 in /tmp/binarydeb/ros-noetic-tf2-0.7.7/src/buffer_core.cpp
[33m[ WARN] (2026-09-26 19:54:05.029) Memory.cpp:3200::computeTransform() Missing visual features or missing raw data to compute them. Transform cannot be estimated.[0m
[0m[ INFO] [1790466845.185653779, 1790452640.909203584]: rtabmap (605): Rate=1.00s, Limit=0.000s, Conversion=0.0012s, RTAB-Map=0.3177s, Maps update=0.0006s pub=0.0001s (local map=377, WM=377)[0m
Warning: TF_REPEATED_DATA ignoring data with redundant timestamp for frame odom (parent map) at time 1790452641.426871 according to authority unknown_publisher
         at line 278 in /tmp/binarydeb/ros-noetic-tf2-0.7.7/src/buffer_core.cpp
[33m[ WARN] [1790466845.606515693, 1790452641.326870720]: TF_REPEATED_DATA ignoring data with redundant timestamp for frame odom (parent map) at time 1790452641.426871 according to authority unknown_publisher[0m
Warning: TF_REPEATED_DATA ignoring data with redundant timestamp for frame odom (parent map) at time 1790452641.426871 according to authority /rtabmap/rtabmap
         at line 278 in /tmp/binarydeb/ros-noetic-tf2-0.7.7/src/buffer_core.cpp
[33m[ WARN] (2026-09-26 19:54:06.115) Memory.cpp:3200::computeTransform() Missing visual features or missing raw data to compute them. Transform cannot be estimated.[0m
[0m[ INFO] [1790466846.261750053, 1790452641.983862791]: rtabmap (606): Rate=1.00s, Limit=0.000s, Conversion=0.0011s, RTAB-Map=0.3057s, Maps update=0.0005s pub=0.0001s (local map=377, WM=377)[0m
Warning: TF_REPEATED_DATA ignoring data with redundant timestamp for frame odom (parent map) at time 1790452642.303122 according to authority unknown_publisher
         at line 278 in /tmp/binarydeb/ros-noetic-tf2-0.7.7/src/buffer_core.cpp
[33m[ WARN] [1790466846.480471782, 1790452642.203121548]: TF_REPEATED_DATA ignoring data with redundant timestamp for frame odom (parent map) at time 1790452642.303122 according to authority unknown_publisher[0m
Warning: TF_REPEATED_DATA ignoring data with redundant timestamp for frame odom (parent map) at time 1790452642.303122 according to authority /rtabmap/rtabmap
         at line 278 in /tmp/binarydeb/ros-noetic-tf2-0.7.7/src/buffer_core.cpp
[33m[ WARN] (2026-09-26 19:54:07.119) Memory.cpp:3200::computeTransform() Missing visual features or missing raw data to compute them. Transform cannot be estimated.[0m
[0m[ INFO] [1790466847.241838715, 1790452642.899723606]: rtabmap (607): Rate=1.00s, Limit=0.000s, Conversion=0.0009s, RTAB-Map=0.2655s, Maps update=0.0004s pub=0.0001s (local map=377, WM=377)[0m
Warning: TF_REPEATED_DATA ignoring data with redundant timestamp for frame odom (parent map) at time 1790452643.159559 according to authority unknown_publisher
         at line 278 in /tmp/binarydeb/ros-noetic-tf2-0.7.7/src/buffer_core.cpp
[33m[ WARN] [1790466847.337259804, 1790452643.059558623]: TF_REPEATED_DATA ignoring data with redundant timestamp for frame odom (parent map) at time 1790452643.159559 according to authority unknown_publisher[0m
Warning: TF_REPEATED_DATA ignoring data with redundant timestamp for frame odom (parent map) at time 1790452643.159559 according to authority /rtabmap/rtabmap
         at line 278 in /tmp/binarydeb/ros-noetic-tf2-0.7.7/src/buffer_core.cpp
[33m[ WARN] (2026-09-26 19:54:08.208) Memory.cpp:3200::computeTransform() Missing visual features or missing raw data to compute them. Transform cannot be estimated.[0m
Warning: TF_REPEATED_DATA ignoring data with redundant timestamp for frame odom (parent map) at time 1790452644.041398 according to authority unknown_publisher
         at line 278 in /tmp/binarydeb/ros-noetic-tf2-0.7.7/src/buffer_core.cpp
[33m[ WARN] [1790466848.219230754, 1790452643.941397604]: TF_REPEATED_DATA ignoring data with redundant timestamp for frame odom (parent map) at time 1790452644.041398 according to authority unknown_publisher[0m
Warning: TF_REPEATED_DATA ignoring data with redundant timestamp for frame odom (parent map) at time 1790452644.041398 according to authority /rtabmap/rtabmap
         at line 278 in /tmp/binarydeb/ros-noetic-tf2-0.7.7/src/buffer_core.cpp
[0m[ INFO] [1790466848.360402613, 1790452644.082269844]: rtabmap (608): Rate=1.00s, Limit=0.000s, Conversion=0.0008s, RTAB-Map=0.2931s, Maps update=0.0005s pub=0.0001s (local map=377, WM=377)[0m
[33m[ WARN] (2026-09-26 19:54:09.314) Memory.cpp:3200::computeTransform() Missing visual features or missing raw data to compute them. Transform cannot be estimated.[0m
[0m[ INFO] [1790466849.445882734, 1790452645.166339138]: rtabmap (609): Rate=1.00s, Limit=0.000s, Conversion=0.0013s, RTAB-Map=0.2822s, Maps update=0.0004s pub=0.0001s (local map=378, WM=378)[0m
[33m[ WARN] (2026-09-26 19:54:10.329) Memory.cpp:3200::computeTransform() Missing visual features or missing raw data to compute them. Transform cannot be estimated.[0m
[0m[ INFO] [1790466850.478448709, 1790452646.194350516]: rtabmap (610): Rate=1.00s, Limit=0.000s, Conversion=0.0017s, RTAB-Map=0.3224s, Maps update=0.0005s pub=0.0001s (local map=379, WM=379)[0m
Warning: TF_REPEATED_DATA ignoring data with redundant timestamp for frame odom (parent map) at time 1790452646.455075 according to authority unknown_publisher
         at line 278 in /tmp/binarydeb/ros-noetic-tf2-0.7.7/src/buffer_core.cpp
[33m[ WARN] [1790466850.632103711, 1790452646.355075175]: TF_REPEATED_DATA ignoring data with redundant timestamp for frame odom (parent map) at time 1790452646.455075 according to authority unknown_publisher[0m
Warning: TF_REPEATED_DATA ignoring data with redundant timestamp for frame odom (parent map) at time 1790452646.455075 according to authority /rtabmap/rtabmap
         at line 278 in /tmp/binarydeb/ros-noetic-tf2-0.7.7/src/buffer_core.cpp
[33m[ WARN] [1790466852.257844290, 1790452647.981898258]: We are receiving imu data (buffer=1000), but cannot interpolate imu transform at time 1790452647.941680. IMU won't be added to graph.[0m
[33m[ WARN] (2026-09-26 19:54:11.299) Memory.cpp:3200::computeTransform() Missing visual features or missing raw data to compute them. Transform cannot be estimated.[0m
[0m[ INFO] [1790466851.447650084, 1790452647.171219985]: rtabmap (611): Rate=1.00s, Limit=0.000s, Conversion=0.0009s, RTAB-Map=0.2895s, Maps update=0.0005s pub=0.0001s (local map=379, WM=379)[0m
[33m[ WARN] (2026-09-26 19:54:12.257) Transform.cpp:557::getTransform() No transform found for stamp 1790452647.941680! Latest is 1790452647.933031[0m
[33m[ WARN] (2026-09-26 19:54:12.414) Memory.cpp:3200::computeTransform() Missing visual features or missing raw data to compute them. Transform cannot be estimated.[0m
[0m[ INFO] [1790466852.481983577, 1790452648.203405205]: rtabmap (612): Rate=1.00s, Limit=0.000s, Conversion=0.0012s, RTAB-Map=0.2229s, Maps update=0.0008s pub=0.0001s (local map=379, WM=379)[0m
[33m[ WARN] (2026-09-26 19:54:13.487) Memory.cpp:3200::computeTransform() Missing visual features or missing raw data to compute them. Transform cannot be estimated.[0m
[0m[ INFO] [1790466853.621637517, 1790452649.345514332]: rtabmap (613): Rate=1.00s, Limit=0.000s, Conversion=0.0009s, RTAB-Map=0.2742s, Maps update=0.0005s pub=0.0001s (local map=379, WM=379)[0m
[33m[ WARN] (2026-09-26 19:54:14.515) Memory.cpp:3200::computeTransform() Missing visual features or missing raw data to compute them. Transform cannot be estimated.[0m
[0m[ INFO] [1790466854.655410639, 1790452650.378445176]: rtabmap (614): Rate=1.00s, Limit=0.000s, Conversion=0.0013s, RTAB-Map=0.2979s, Maps update=0.0008s pub=0.0001s (local map=379, WM=379)[0m
[33m[ WARN] (2026-09-26 19:54:15.523) Memory.cpp:3200::computeTransform() Missing visual features or missing raw data to compute them. Transform cannot be estimated.[0m
[0m[ INFO] [1790466855.662353344, 1790452651.382023630]: rtabmap (615): Rate=1.00s, Limit=0.000s, Conversion=0.0014s, RTAB-Map=0.2993s, Maps update=0.0004s pub=0.0001s (local map=379, WM=379)[0m
[33m[ WARN] (2026-09-26 19:54:16.595) Memory.cpp:3200::computeTransform() Missing visual features or missing raw data to compute them. Transform cannot be estimated.[0m
[0m[ INFO] [1790466856.731192945, 1790452652.447898086]: rtabmap (616): Rate=1.00s, Limit=0.000s, Conversion=0.0012s, RTAB-Map=0.2758s, Maps update=0.0004s pub=0.0001s (local map=380, WM=380)[0m
[33m[ WARN] (2026-09-26 19:54:17.593) Memory.cpp:3200::computeTransform() Missing visual features or missing raw data to compute them. Transform cannot be estimated.[0m
[0m[ INFO] [1790466857.740800680, 1790452653.457931936]: rtabmap (617): Rate=1.00s, Limit=0.000s, Conversion=0.0013s, RTAB-Map=0.2876s, Maps update=0.0004s pub=0.0001s (local map=381, WM=381)[0m
[0m[ INFO] [1790466858.859162300, 1790452654.537706362]: rtabmap (618): Rate=1.00s, Limit=0.000s, Conversion=0.0013s, RTAB-Map=0.3041s, Maps update=0.0004s pub=0.0001s (local map=382, WM=382)[0m
Warning: TF_REPEATED_DATA ignoring data with redundant timestamp for frame odom (parent map) at time 1790452654.791058 according to authority unknown_publisher
         at line 278 in /tmp/binarydeb/ros-noetic-tf2-0.7.7/src/buffer_core.cpp
[33m[ WARN] [1790466858.967682064, 1790452654.691057852]: TF_REPEATED_DATA ignoring data with redundant timestamp for frame odom (parent map) at time 1790452654.791058 according to authority unknown_publisher[0m
Warning: TF_REPEATED_DATA ignoring data with redundant timestamp for frame odom (parent map) at time 1790452654.791058 according to authority /rtabmap/rtabmap
         at line 278 in /tmp/binarydeb/ros-noetic-tf2-0.7.7/src/buffer_core.cpp
Warning: TF_REPEATED_DATA ignoring data with redundant timestamp for frame odom (parent map) at time 1790452655.651145 according to authority unknown_publisher
         at line 278 in /tmp/binarydeb/ros-noetic-tf2-0.7.7/src/buffer_core.cpp
[33m[ WARN] [1790466859.829879143, 1790452655.551145089]: TF_REPEATED_DATA ignoring data with redundant timestamp for frame odom (parent map) at time 1790452655.651145 according to authority unknown_publisher[0m
Warning: TF_REPEATED_DATA ignoring data with redundant timestamp for frame odom (parent map) at time 1790452655.651145 according to authority /rtabmap/rtabmap
         at line 278 in /tmp/binarydeb/ros-noetic-tf2-0.7.7/src/buffer_core.cpp
[0m[ INFO] [1790466859.989805247, 1790452655.704988999]: rtabmap (619): Rate=1.00s, Limit=0.000s, Conversion=0.0014s, RTAB-Map=0.3273s, Maps update=0.0004s pub=0.0001s (local map=383, WM=383)[0m
Warning: TF_REPEATED_DATA ignoring data with redundant timestamp for frame odom (parent map) at time 1790452656.525036 according to authority unknown_publisher
         at line 278 in /tmp/binarydeb/ros-noetic-tf2-0.7.7/src/buffer_core.cpp
[33m[ WARN] [1790466860.701315278, 1790452656.425035868]: TF_REPEATED_DATA ignoring data with redundant timestamp for frame odom (parent map) at time 1790452656.525036 according to authority unknown_publisher[0m
Warning: TF_REPEATED_DATA ignoring data with redundant timestamp for frame odom (parent map) at time 1790452656.525036 according to authority /rtabmap/rtabmap
         at line 278 in /tmp/binarydeb/ros-noetic-tf2-0.7.7/src/buffer_core.cpp
[0m[ INFO] [1790466861.052789635, 1790452656.769748186]: rtabmap (620): Rate=1.00s, Limit=0.000s, Conversion=0.0018s, RTAB-Map=0.2973s, Maps update=0.0006s pub=0.0001s (local map=384, WM=384)[0m
[0m[ INFO] [1790466861.345356825, 1790452657.063650043]: rtabmap (621): Rate=1.00s, Limit=0.000s, Conversion=0.0015s, RTAB-Map=0.2879s, Maps update=0.0007s pub=0.0001s (local map=384, WM=384)[0m
Warning: TF_REPEATED_DATA ignoring data with redundant timestamp for frame odom (parent map) at time 1790452657.400342 according to authority unknown_publisher
         at line 278 in /tmp/binarydeb/ros-noetic-tf2-0.7.7/src/buffer_core.cpp
Warning: TF_REPEATED_DATA ignoring data with redundant timestamp for frame odom (parent map) at time 1790452657.400342 according to authority /rtabmap/rtabmap
         at line 278 in /tmp/binarydeb/ros-noetic-tf2-0.7.7/src/buffer_core.cpp
[33m[ WARN] [1790466861.577720260, 1790452657.300341545]: TF_REPEATED_DATA ignoring data with redundant timestamp for frame odom (parent map) at time 1790452657.400342 according to authority unknown_publisher[0m
[0m[ INFO] [1790466862.148611549, 1790452657.870412251]: rtabmap (622): Rate=1.00s, Limit=0.000s, Conversion=0.0009s, RTAB-Map=0.2849s, Maps update=0.0005s pub=0.0001s (local map=385, WM=385)[0m
[0m[ INFO] [1790466863.169569499, 1790452658.885633802]: rtabmap (623): Rate=1.00s, Limit=0.000s, Conversion=0.0013s, RTAB-Map=0.3024s, Maps update=0.0004s pub=0.0001s (local map=385, WM=385)[0m
[0m[ INFO] [1790466864.179375525, 1790452659.897334308]: rtabmap (624): Rate=1.00s, Limit=0.000s, Conversion=0.0013s, RTAB-Map=0.3121s, Maps update=0.0004s pub=0.0001s (local map=385, WM=385)[0m
[0m[ INFO] [1790466865.190920837, 1790452660.907809019]: rtabmap (625): Rate=1.00s, Limit=0.000s, Conversion=0.0013s, RTAB-Map=0.3197s, Maps update=0.0005s pub=0.0001s (local map=386, WM=386)[0m
Warning: TF_REPEATED_DATA ignoring data with redundant timestamp for frame odom (parent map) at time 1790452662.071413 according to authority unknown_publisher
         at line 278 in /tmp/binarydeb/ros-noetic-tf2-0.7.7/src/buffer_core.cpp
[33m[ WARN] [1790466866.248760521, 1790452661.971413294]: TF_REPEATED_DATA ignoring data with redundant timestamp for frame odom (parent map) at time 1790452662.071413 according to authority unknown_publisher[0m
Warning: TF_REPEATED_DATA ignoring data with redundant timestamp for frame odom (parent map) at time 1790452662.071413 according to authority /rtabmap/rtabmap
         at line 278 in /tmp/binarydeb/ros-noetic-tf2-0.7.7/src/buffer_core.cpp
[0m[ INFO] [1790466866.265845141, 1790452661.981477921]: rtabmap (626): Rate=1.00s, Limit=0.000s, Conversion=0.0014s, RTAB-Map=0.2972s, Maps update=0.0006s pub=0.0001s (local map=387, WM=387)[0m
Warning: TF_REPEATED_DATA ignoring data with redundant timestamp for frame odom (parent map) at time 1790452662.951343 according to authority unknown_publisher
         at line 278 in /tmp/binarydeb/ros-noetic-tf2-0.7.7/src/buffer_core.cpp
[33m[ WARN] [1790466867.127812793, 1790452662.851342629]: TF_REPEATED_DATA ignoring data with redundant timestamp for frame odom (parent map) at time 1790452662.951343 according to authority unknown_publisher[0m
Warning: TF_REPEATED_DATA ignoring data with redundant timestamp for frame odom (parent map) at time 1790452662.951343 according to authority /rtabmap/rtabmap
         at line 278 in /tmp/binarydeb/ros-noetic-tf2-0.7.7/src/buffer_core.cpp
[0m[ INFO] [1790466867.273011074, 1790452662.994158202]: rtabmap (627): Rate=1.00s, Limit=0.000s, Conversion=0.0012s, RTAB-Map=0.3126s, Maps update=0.0006s pub=0.0001s (local map=387, WM=387)[0m
Warning: TF_REPEATED_DATA ignoring data with redundant timestamp for frame odom (parent map) at time 1790452663.829973 according to authority unknown_publisher
         at line 278 in /tmp/binarydeb/ros-noetic-tf2-0.7.7/src/buffer_core.cpp
Warning: TF_REPEATED_DATA ignoring data with redundant timestamp for frame odom (parent map) at time 1790452663.829973 according to authority /rtabmap/rtabmap
         at line 278 in /tmp/binarydeb/ros-noetic-tf2-0.7.7/src/buffer_core.cpp
[33m[ WARN] [1790466868.008075800, 1790452663.729972471]: TF_REPEATED_DATA ignoring data with redundant timestamp for frame odom (parent map) at time 1790452663.829973 according to authority unknown_publisher[0m
[0m[ INFO] [1790466868.341565934, 1790452664.062665030]: rtabmap (628): Rate=1.00s, Limit=0.000s, Conversion=0.0010s, RTAB-Map=0.2835s, Maps update=0.0005s pub=0.0001s (local map=387, WM=387)[0m
Warning: TF_REPEATED_DATA ignoring data with redundant timestamp for frame odom (parent map) at time 1790452664.674130 according to authority unknown_publisher
         at line 278 in /tmp/binarydeb/ros-noetic-tf2-0.7.7/src/buffer_core.cpp
Warning: TF_REPEATED_DATA ignoring data with redundant timestamp for frame odom (parent map) at time 1790452664.674130 according to authority /rtabmap/rtabmap
         at line 278 in /tmp/binarydeb/ros-noetic-tf2-0.7.7/src/buffer_core.cpp
[33m[ WARN] [1790466868.853948611, 1790452664.574130420]: TF_REPEATED_DATA ignoring data with redundant timestamp for frame odom (parent map) at time 1790452664.674130 according to authority unknown_publisher[0m
[33m[ WARN] (2026-09-26 19:54:29.306) Memory.cpp:3200::computeTransform() Missing visual features or missing raw data to compute them. Transform cannot be estimated.[0m
[0m[ INFO] [1790466869.454740722, 1790452665.176495984]: rtabmap (629): Rate=1.00s, Limit=0.000s, Conversion=0.0009s, RTAB-Map=0.2969s, Maps update=0.0007s pub=0.0001s (local map=388, WM=388)[0m
Warning: TF_REPEATED_DATA ignoring data with redundant timestamp for frame odom (parent map) at time 1790452665.546406 according to authority unknown_publisher
         at line 278 in /tmp/binarydeb/ros-noetic-tf2-0.7.7/src/buffer_core.cpp
[33m[ WARN] [1790466869.723417749, 1790452665.446405917]: TF_REPEATED_DATA ignoring data with redundant timestamp for frame odom (parent map) at time 1790452665.546406 according to authority unknown_publisher[0m
Warning: TF_REPEATED_DATA ignoring data with redundant timestamp for frame odom (parent map) at time 1790452665.546406 according to authority /rtabmap/rtabmap
         at line 278 in /tmp/binarydeb/ros-noetic-tf2-0.7.7/src/buffer_core.cpp
[33m[ WARN] (2026-09-26 19:54:30.413) Memory.cpp:3200::computeTransform() Missing visual features or missing raw data to compute them. Transform cannot be estimated.[0m
[0m[ INFO] [1790466870.570806711, 1790452666.293960416]: rtabmap (630): Rate=1.00s, Limit=0.000s, Conversion=0.0013s, RTAB-Map=0.3010s, Maps update=0.0005s pub=0.0001s (local map=388, WM=388)[0m
[33m[ WARN] (2026-09-26 19:54:31.392) Memory.cpp:3200::computeTransform() Missing visual features or missing raw data to compute them. Transform cannot be estimated.[0m
[0m[ INFO] [1790466871.538336860, 1790452667.253671717]: rtabmap (631): Rate=1.00s, Limit=0.000s, Conversion=0.0013s, RTAB-Map=0.2843s, Maps update=0.0006s pub=0.0001s (local map=388, WM=388)[0m
[33m[ WARN] (2026-09-26 19:54:32.421) Memory.cpp:3200::computeTransform() Missing visual features or missing raw data to compute them. Transform cannot be estimated.[0m
[0m[ INFO] [1790466872.575872906, 1790452668.298972563]: rtabmap (632): Rate=1.00s, Limit=0.000s, Conversion=0.0009s, RTAB-Map=0.3084s, Maps update=0.0006s pub=0.0001s (local map=388, WM=388)[0m
[33m[ WARN] (2026-09-26 19:54:33.499) Memory.cpp:3200::computeTransform() Missing visual features or missing raw data to compute them. Transform cannot be estimated.[0m
[0m[ INFO] [1790466873.646243695, 1790452669.369744828]: rtabmap (633): Rate=1.00s, Limit=0.000s, Conversion=0.0008s, RTAB-Map=0.2859s, Maps update=0.0007s pub=0.0001s (local map=389, WM=389)[0m
[33m[ WARN] (2026-09-26 19:54:34.507) Memory.cpp:3200::computeTransform() Missing visual features or missing raw data to compute them. Transform cannot be estimated.[0m
[0m[ INFO] [1790466874.650309849, 1790452670.368686714]: rtabmap (634): Rate=1.00s, Limit=0.000s, Conversion=0.0013s, RTAB-Map=0.2900s, Maps update=0.0005s pub=0.0001s (local map=389, WM=389)[0m
[33m[ WARN] (2026-09-26 19:54:35.610) Memory.cpp:3200::computeTransform() Missing visual features or missing raw data to compute them. Transform cannot be estimated.[0m
[0m[ INFO] [1790466875.756503062, 1790452671.478036850]: rtabmap (635): Rate=1.00s, Limit=0.000s, Conversion=0.0008s, RTAB-Map=0.3013s, Maps update=0.0006s pub=0.0001s (local map=389, WM=389)[0m
Warning: TF_REPEATED_DATA ignoring data with redundant timestamp for frame odom (parent map) at time 1790452671.965528 according to authority unknown_publisher
         at line 278 in /tmp/binarydeb/ros-noetic-tf2-0.7.7/src/buffer_core.cpp
[33m[ WARN] [1790466876.141781067, 1790452671.865527417]: TF_REPEATED_DATA ignoring data with redundant timestamp for frame odom (parent map) at time 1790452671.965528 according to authority unknown_publisher[0m
Warning: TF_REPEATED_DATA ignoring data with redundant timestamp for frame odom (parent map) at time 1790452671.965528 according to authority /rtabmap/rtabmap
         at line 278 in /tmp/binarydeb/ros-noetic-tf2-0.7.7/src/buffer_core.cpp
[33m[ WARN] (2026-09-26 19:54:36.614) Memory.cpp:3200::computeTransform() Missing visual features or missing raw data to compute them. Transform cannot be estimated.[0m
[0m[ INFO] [1790466876.759655239, 1790452672.482531502]: rtabmap (636): Rate=1.00s, Limit=0.000s, Conversion=0.0013s, RTAB-Map=0.2979s, Maps update=0.0006s pub=0.0001s (local map=390, WM=390)[0m
Warning: TF_REPEATED_DATA ignoring data with redundant timestamp for frame odom (parent map) at time 1790452672.846580 according to authority unknown_publisher
         at line 278 in /tmp/binarydeb/ros-noetic-tf2-0.7.7/src/buffer_core.cpp
[33m[ WARN] [1790466877.023137485, 1790452672.746579609]: TF_REPEATED_DATA ignoring data with redundant timestamp for frame odom (parent map) at time 1790452672.846580 according to authority unknown_publisher[0m
Warning: TF_REPEATED_DATA ignoring data with redundant timestamp for frame odom (parent map) at time 1790452672.846580 according to authority /rtabmap/rtabmap
         at line 278 in /tmp/binarydeb/ros-noetic-tf2-0.7.7/src/buffer_core.cpp
[33m[ WARN] [1790466877.548777009, 1790452673.270653904]: We are receiving imu data (buffer=1000), but cannot interpolate imu transform at time 1790452673.230365. IMU won't be added to graph.[0m
[33m[ WARN] (2026-09-26 19:54:37.548) Transform.cpp:557::getTransform() No transform found for stamp 1790452673.230365! Latest is 1790452673.227645[0m
[33m[ WARN] (2026-09-26 19:54:37.689) Memory.cpp:3200::computeTransform() Missing visual features or missing raw data to compute them. Transform cannot be estimated.[0m
[0m[ INFO] [1790466877.760116873, 1790452673.453138360]: rtabmap (637): Rate=1.00s, Limit=0.000s, Conversion=0.0011s, RTAB-Map=0.2104s, Maps update=0.0006s pub=0.0001s (local map=390, WM=390)[0m
Warning: TF_REPEATED_DATA ignoring data with redundant timestamp for frame odom (parent map) at time 1790452673.711711 according to authority unknown_publisher
         at line 278 in /tmp/binarydeb/ros-noetic-tf2-0.7.7/src/buffer_core.cpp
[33m[ WARN] [1790466877.888750035, 1790452673.611711291]: TF_REPEATED_DATA ignoring data with redundant timestamp for frame odom (parent map) at time 1790452673.711711 according to authority unknown_publisher[0m
Warning: TF_REPEATED_DATA ignoring data with redundant timestamp for frame odom (parent map) at time 1790452673.711711 according to authority /rtabmap/rtabmap
         at line 278 in /tmp/binarydeb/ros-noetic-tf2-0.7.7/src/buffer_core.cpp
Warning: TF_REPEATED_DATA ignoring data with redundant timestamp for frame odom (parent map) at time 1790452674.571100 according to authority unknown_publisher
         at line 278 in /tmp/binarydeb/ros-noetic-tf2-0.7.7/src/buffer_core.cpp
[33m[ WARN] [1790466878.749018002, 1790452674.471100274]: TF_REPEATED_DATA ignoring data with redundant timestamp for frame odom (parent map) at time 1790452674.571100 according to authority unknown_publisher[0m
Warning: TF_REPEATED_DATA ignoring data with redundant timestamp for frame odom (parent map) at time 1790452674.571100 according to authority /rtabmap/rtabmap
         at line 278 in /tmp/binarydeb/ros-noetic-tf2-0.7.7/src/buffer_core.cpp
[33m[ WARN] (2026-09-26 19:54:38.946) Memory.cpp:3200::computeTransform() Missing visual features or missing raw data to compute them. Transform cannot be estimated.[0m
[0m[ INFO] [1790466879.081604217, 1790452674.803725466]: rtabmap (638): Rate=1.00s, Limit=0.000s, Conversion=0.0013s, RTAB-Map=0.3061s, Maps update=0.0004s pub=0.0001s (local map=390, WM=390)[0m
Warning: TF_REPEATED_DATA ignoring data with redundant timestamp for frame odom (parent map) at time 1790452675.432981 according to authority unknown_publisher
         at line 278 in /tmp/binarydeb/ros-noetic-tf2-0.7.7/src/buffer_core.cpp
[33m[ WARN] [1790466879.609633017, 1790452675.332980868]: TF_REPEATED_DATA ignoring data with redundant timestamp for frame odom (parent map) at time 1790452675.432981 according to authority unknown_publisher[0m
Warning: TF_REPEATED_DATA ignoring data with redundant timestamp for frame odom (parent map) at time 1790452675.432981 according to authority /rtabmap/rtabmap
         at line 278 in /tmp/binarydeb/ros-noetic-tf2-0.7.7/src/buffer_core.cpp
[33m[ WARN] (2026-09-26 19:54:39.793) Memory.cpp:3200::computeTransform() Missing visual features or missing raw data to compute them. Transform cannot be estimated.[0m
[0m[ INFO] [1790466879.933143735, 1790452675.655027093]: rtabmap (639): Rate=1.00s, Limit=0.000s, Conversion=0.0008s, RTAB-Map=0.2819s, Maps update=0.0004s pub=0.0001s (local map=390, WM=390)[0m
Warning: TF_REPEATED_DATA ignoring data with redundant timestamp for frame odom (parent map) at time 1790452676.303906 according to authority unknown_publisher
         at line 278 in /tmp/binarydeb/ros-noetic-tf2-0.7.7/src/buffer_core.cpp
Warning: TF_REPEATED_DATA ignoring data with redundant timestamp for frame odom (parent map) at time 1790452676.303906 according to authority /rtabmap/rtabmap
         at line 278 in /tmp/binarydeb/ros-noetic-tf2-0.7.7/src/buffer_core.cpp
[33m[ WARN] [1790466880.481628580, 1790452676.203906342]: TF_REPEATED_DATA ignoring data with redundant timestamp for frame odom (parent map) at time 1790452676.303906 according to authority unknown_publisher[0m
[33m[ WARN] (2026-09-26 19:54:40.915) Memory.cpp:3200::computeTransform() Missing visual features or missing raw data to compute them. Transform cannot be estimated.[0m
[0m[ INFO] [1790466881.053728726, 1790452676.776717886]: rtabmap (640): Rate=1.00s, Limit=0.000s, Conversion=0.0013s, RTAB-Map=0.2976s, Maps update=0.0007s pub=0.0001s (local map=390, WM=390)[0m
Warning: TF_REPEATED_DATA ignoring data with redundant timestamp for frame odom (parent map) at time 1790452677.160099 according to authority unknown_publisher
         at line 278 in /tmp/binarydeb/ros-noetic-tf2-0.7.7/src/buffer_core.cpp
[33m[ WARN] [1790466881.337106762, 1790452677.060098738]: TF_REPEATED_DATA ignoring data with redundant timestamp for frame odom (parent map) at time 1790452677.160099 according to authority unknown_publisher[0m
Warning: TF_REPEATED_DATA ignoring data with redundant timestamp for frame odom (parent map) at time 1790452677.160099 according to authority /rtabmap/rtabmap
         at line 278 in /tmp/binarydeb/ros-noetic-tf2-0.7.7/src/buffer_core.cpp
Warning: TF_REPEATED_DATA ignoring data with redundant timestamp for frame odom (parent map) at time 1790452677.529064 according to authority unknown_publisher
         at line 278 in /tmp/binarydeb/ros-noetic-tf2-0.7.7/src/buffer_core.cpp
[33m[ WARN] [1790466881.706565803, 1790452677.429064047]: TF_REPEATED_DATA ignoring data with redundant timestamp for frame odom (parent map) at time 1790452677.529064 according to authority unknown_publisher[0m
Warning: TF_REPEATED_DATA ignoring data with redundant timestamp for frame odom (parent map) at time 1790452677.529064 according to authority /rtabmap/rtabmap
         at line 278 in /tmp/binarydeb/ros-noetic-tf2-0.7.7/src/buffer_core.cpp
[33m[ WARN] (2026-09-26 19:54:41.911) Memory.cpp:3200::computeTransform() Missing visual features or missing raw data to compute them. Transform cannot be estimated.[0m
[0m[ INFO] [1790466882.053733170, 1790452677.772601272]: rtabmap (641): Rate=1.00s, Limit=0.000s, Conversion=0.0013s, RTAB-Map=0.2960s, Maps update=0.0006s pub=0.0001s (local map=390, WM=390)[0m
[33m[ WARN] (2026-09-26 19:54:43.025) Memory.cpp:3200::computeTransform() Missing visual features or missing raw data to compute them. Transform cannot be estimated.[0m
[0m[ INFO] [1790466883.185366238, 1790452678.907582240]: rtabmap (642): Rate=1.00s, Limit=0.000s, Conversion=0.0013s, RTAB-Map=0.3186s, Maps update=0.0005s pub=0.0001s (local map=391, WM=391)[0m
[33m[ WARN] (2026-09-26 19:54:44.121) Memory.cpp:3200::computeTransform() Missing visual features or missing raw data to compute them. Transform cannot be estimated.[0m
[0m[ INFO] [1790466884.280470467, 1790452679.995489512]: rtabmap (643): Rate=1.00s, Limit=0.000s, Conversion=0.0017s, RTAB-Map=0.3226s, Maps update=0.0004s pub=0.0001s (local map=391, WM=391)[0m
[33m[ WARN] (2026-09-26 19:54:45.115) Memory.cpp:3200::computeTransform() Missing visual features or missing raw data to compute them. Transform cannot be estimated.[0m
[0m[ INFO] [1790466885.263746218, 1790452680.983285269]: rtabmap (644): Rate=1.00s, Limit=0.000s, Conversion=0.0020s, RTAB-Map=0.3001s, Maps update=0.0007s pub=0.0001s (local map=391, WM=391)[0m
[33m[ WARN] (2026-09-26 19:54:46.120) Memory.cpp:3200::computeTransform() Missing visual features or missing raw data to compute them. Transform cannot be estimated.[0m
[0m[ INFO] [1790466886.262829789, 1790452681.983704243]: rtabmap (645): Rate=1.00s, Limit=0.000s, Conversion=0.0011s, RTAB-Map=0.2884s, Maps update=0.0005s pub=0.0001s (local map=391, WM=391)[0m
Warning: TF_REPEATED_DATA ignoring data with redundant timestamp for frame odom (parent map) at time 1790452682.725068 according to authority unknown_publisher
         at line 278 in /tmp/binarydeb/ros-noetic-tf2-0.7.7/src/buffer_core.cpp
[33m[ WARN] [1790466886.902181016, 1790452682.625067967]: TF_REPEATED_DATA ignoring data with redundant timestamp for frame odom (parent map) at time 1790452682.725068 according to authority unknown_publisher[0m
Warning: TF_REPEATED_DATA ignoring data with redundant timestamp for frame odom (parent map) at time 1790452682.725068 according to authority /rtabmap/rtabmap
         at line 278 in /tmp/binarydeb/ros-noetic-tf2-0.7.7/src/buffer_core.cpp
[33m[ WARN] (2026-09-26 19:54:47.113) Memory.cpp:3200::computeTransform() Missing visual features or missing raw data to compute them. Transform cannot be estimated.[0m
[0m[ INFO] [1790466887.275085092, 1790452682.991508917]: rtabmap (646): Rate=1.00s, Limit=0.000s, Conversion=0.0015s, RTAB-Map=0.3200s, Maps update=0.0010s pub=0.0001s (local map=392, WM=392)[0m
Warning: TF_REPEATED_DATA ignoring data with redundant timestamp for frame odom (parent map) at time 1790452683.579653 according to authority unknown_publisher
         at line 278 in /tmp/binarydeb/ros-noetic-tf2-0.7.7/src/buffer_core.cpp
[33m[ WARN] [1790466887.756237721, 1790452683.479653317]: TF_REPEATED_DATA ignoring data with redundant timestamp for frame odom (parent map) at time 1790452683.579653 according to authority unknown_publisher[0m
Warning: TF_REPEATED_DATA ignoring data with redundant timestamp for frame odom (parent map) at time 1790452683.579653 according to authority /rtabmap/rtabmap
         at line 278 in /tmp/binarydeb/ros-noetic-tf2-0.7.7/src/buffer_core.cpp
[33m[ WARN] (2026-09-26 19:54:48.194) Memory.cpp:3200::computeTransform() Missing visual features or missing raw data to compute them. Transform cannot be estimated.[0m
[0m[ INFO] [1790466888.340873010, 1790452684.063706616]: rtabmap (647): Rate=1.00s, Limit=0.000s, Conversion=0.0011s, RTAB-Map=0.2874s, Maps update=0.0006s pub=0.0001s (local map=393, WM=393)[0m
Warning: TF_REPEATED_DATA ignoring data with redundant timestamp for frame odom (parent map) at time 1790452684.451511 according to authority unknown_publisher
         at line 278 in /tmp/binarydeb/ros-noetic-tf2-0.7.7/src/buffer_core.cpp
Warning: TF_REPEATED_DATA ignoring data with redundant timestamp for frame odom (parent map) at time 1790452684.451511 according to authority /rtabmap/rtabmap
         at line 278 in /tmp/binarydeb/ros-noetic-tf2-0.7.7/src/buffer_core.cpp
[33m[ WARN] [1790466888.628914011, 1790452684.351511200]: TF_REPEATED_DATA ignoring data with redundant timestamp for frame odom (parent map) at time 1790452684.451511 according to authority unknown_publisher[0m
[33m[ WARN] (2026-09-26 19:54:49.232) Memory.cpp:3200::computeTransform() Missing visual features or missing raw data to compute them. Transform cannot be estimated.[0m
[0m[ INFO] [1790466889.374691932, 1790452685.047020380]: rtabmap (648): Rate=1.00s, Limit=0.000s, Conversion=0.0013s, RTAB-Map=0.3088s, Maps update=0.0004s pub=0.0001s (local map=394, WM=394)[0m
Warning: TF_REPEATED_DATA ignoring data with redundant timestamp for frame odom (parent map) at time 1790452685.304582 according to authority unknown_publisher
         at line 278 in /tmp/binarydeb/ros-noetic-tf2-0.7.7/src/buffer_core.cpp
[33m[ WARN] [1790466889.481659196, 1790452685.204582275]: TF_REPEATED_DATA ignoring data with redundant timestamp for frame odom (parent map) at time 1790452685.304582 according to authority unknown_publisher[0m
Warning: TF_REPEATED_DATA ignoring data with redundant timestamp for frame odom (parent map) at time 1790452685.304582 according to authority /rtabmap/rtabmap
         at line 278 in /tmp/binarydeb/ros-noetic-tf2-0.7.7/src/buffer_core.cpp
[33m[ WARN] (2026-09-26 19:54:50.310) Memory.cpp:3200::computeTransform() Missing visual features or missing raw data to compute them. Transform cannot be estimated.[0m
Warning: TF_REPEATED_DATA ignoring data with redundant timestamp for frame odom (parent map) at time 1790452686.180864 according to authority unknown_publisher
         at line 278 in /tmp/binarydeb/ros-noetic-tf2-0.7.7/src/buffer_core.cpp
[33m[ WARN] [1790466890.358189032, 1790452686.080864269]: TF_REPEATED_DATA ignoring data with redundant timestamp for frame odom (parent map) at time 1790452686.180864 according to authority unknown_publisher[0m
Warning: TF_REPEATED_DATA ignoring data with redundant timestamp for frame odom (parent map) at time 1790452686.180864 according to authority /rtabmap/rtabmap
         at line 278 in /tmp/binarydeb/ros-noetic-tf2-0.7.7/src/buffer_core.cpp
[0m[ INFO] [1790466890.473060043, 1790452686.192082737]: rtabmap (649): Rate=1.00s, Limit=0.000s, Conversion=0.0008s, RTAB-Map=0.3128s, Maps update=0.0008s pub=0.0001s (local map=395, WM=395)[0m
Warning: TF_REPEATED_DATA ignoring data with redundant timestamp for frame odom (parent map) at time 1790452686.443569 according to authority unknown_publisher
         at line 278 in /tmp/binarydeb/ros-noetic-tf2-0.7.7/src/buffer_core.cpp
[33m[ WARN] [1790466890.620338365, 1790452686.343568998]: TF_REPEATED_DATA ignoring data with redundant timestamp for frame odom (parent map) at time 1790452686.443569 according to authority unknown_publisher[0m
Warning: TF_REPEATED_DATA ignoring data with redundant timestamp for frame odom (parent map) at time 1790452686.443569 according to authority /rtabmap/rtabmap
         at line 278 in /tmp/binarydeb/ros-noetic-tf2-0.7.7/src/buffer_core.cpp
Warning: TF_REPEATED_DATA ignoring data with redundant timestamp for frame odom (parent map) at time 1790452687.037961 according to authority unknown_publisher
         at line 278 in /tmp/binarydeb/ros-noetic-tf2-0.7.7/src/buffer_core.cpp
[33m[ WARN] [1790466891.214170478, 1790452686.937960476]: TF_REPEATED_DATA ignoring data with redundant timestamp for frame odom (parent map) at time 1790452687.037961 according to authority unknown_publisher[0m
Warning: TF_REPEATED_DATA ignoring data with redundant timestamp for frame odom (parent map) at time 1790452687.037961 according to authority /rtabmap/rtabmap
         at line 278 in /tmp/binarydeb/ros-noetic-tf2-0.7.7/src/buffer_core.cpp
[33m[ WARN] (2026-09-26 19:54:51.464) Memory.cpp:3200::computeTransform() Missing visual features or missing raw data to compute them. Transform cannot be estimated.[0m
[0m[ INFO] [1790466891.612717979, 1790452687.331525984]: rtabmap (650): Rate=1.00s, Limit=0.000s, Conversion=0.0010s, RTAB-Map=0.3129s, Maps update=0.0006s pub=0.0001s (local map=396, WM=396)[0m
Warning: TF_REPEATED_DATA ignoring data with redundant timestamp for frame odom (parent map) at time 1790452687.914521 according to authority unknown_publisher
         at line 278 in /tmp/binarydeb/ros-noetic-tf2-0.7.7/src/buffer_core.cpp
[33m[ WARN] [1790466892.091268489, 1790452687.814520563]: TF_REPEATED_DATA ignoring data with redundant timestamp for frame odom (parent map) at time 1790452687.914521 according to authority unknown_publisher[0m
Warning: TF_REPEATED_DATA ignoring data with redundant timestamp for frame odom (parent map) at time 1790452687.914521 according to authority /rtabmap/rtabmap
         at line 278 in /tmp/binarydeb/ros-noetic-tf2-0.7.7/src/buffer_core.cpp
[33m[ WARN] (2026-09-26 19:54:52.506) Memory.cpp:3200::computeTransform() Missing visual features or missing raw data to compute them. Transform cannot be estimated.[0m
[0m[ INFO] [1790466892.666522916, 1790452688.385977966]: rtabmap (651): Rate=1.00s, Limit=0.000s, Conversion=0.0009s, RTAB-Map=0.3058s, Maps update=0.0004s pub=0.0001s (local map=397, WM=397)[0m
[33m[ WARN] (2026-09-26 19:54:53.517) Memory.cpp:3200::computeTransform() Missing visual features or missing raw data to compute them. Transform cannot be estimated.[0m
[0m[ INFO] [1790466893.656189434, 1790452689.378279898]: rtabmap (652): Rate=1.00s, Limit=0.000s, Conversion=0.0008s, RTAB-Map=0.2953s, Maps update=0.0006s pub=0.0001s (local map=398, WM=398)[0m
[33m[ WARN] (2026-09-26 19:54:54.537) Memory.cpp:3200::computeTransform() Missing visual features or missing raw data to compute them. Transform cannot be estimated.[0m
[0m[ INFO] [1790466894.671666671, 1790452690.388151360]: rtabmap (653): Rate=1.00s, Limit=0.000s, Conversion=0.0013s, RTAB-Map=0.3058s, Maps update=0.0004s pub=0.0001s (local map=399, WM=399)[0m
[33m[ WARN] (2026-09-26 19:54:55.643) Memory.cpp:3200::computeTransform() Missing visual features or missing raw data to compute them. Transform cannot be estimated.[0m
[0m[ INFO] [1790466895.779899608, 1790452691.501588373]: rtabmap (654): Rate=1.00s, Limit=0.000s, Conversion=0.0013s, RTAB-Map=0.3113s, Maps update=0.0004s pub=0.0001s (local map=400, WM=400)[0m
[33m[ WARN] (2026-09-26 19:54:56.711) Memory.cpp:3200::computeTransform() Missing visual features or missing raw data to compute them. Transform cannot be estimated.[0m
[0m[ INFO] [1790466896.857228836, 1790452692.573630196]: rtabmap (655): Rate=1.00s, Limit=0.000s, Conversion=0.0008s, RTAB-Map=0.3000s, Maps update=0.0008s pub=0.0001s (local map=401, WM=401)[0m
Warning: TF_REPEATED_DATA ignoring data with redundant timestamp for frame odom (parent map) at time 1790452693.470915 according to authority unknown_publisher
         at line 278 in /tmp/binarydeb/ros-noetic-tf2-0.7.7/src/buffer_core.cpp
[33m[ WARN] [1790466897.649006226, 1790452693.370915185]: TF_REPEATED_DATA ignoring data with redundant timestamp for frame odom (parent map) at time 1790452693.470915 according to authority unknown_publisher[0m
Warning: TF_REPEATED_DATA ignoring data with redundant timestamp for frame odom (parent map) at time 1790452693.470915 according to authority /rtabmap/rtabmap
         at line 278 in /tmp/binarydeb/ros-noetic-tf2-0.7.7/src/buffer_core.cpp
[33m[ WARN] (2026-09-26 19:54:57.939) Memory.cpp:3200::computeTransform() Missing visual features or missing raw data to compute them. Transform cannot be estimated.[0m
[0m[ INFO] [1790466898.103777259, 1790452693.824572096]: rtabmap (656): Rate=1.00s, Limit=0.000s, Conversion=0.0009s, RTAB-Map=0.3429s, Maps update=0.0005s pub=0.0001s (local map=402, WM=402)[0m
Warning: TF_REPEATED_DATA ignoring data with redundant timestamp for frame odom (parent map) at time 1790452694.342456 according to authority unknown_publisher
         at line 278 in /tmp/binarydeb/ros-noetic-tf2-0.7.7/src/buffer_core.cpp
[33m[ WARN] [1790466898.518837366, 1790452694.242456387]: TF_REPEATED_DATA ignoring data with redundant timestamp for frame odom (parent map) at time 1790452694.342456 according to authority unknown_publisher[0m
Warning: TF_REPEATED_DATA ignoring data with redundant timestamp for frame odom (parent map) at time 1790452694.342456 according to authority /rtabmap/rtabmap
         at line 278 in /tmp/binarydeb/ros-noetic-tf2-0.7.7/src/buffer_core.cpp
[33m[ WARN] (2026-09-26 19:54:58.925) Memory.cpp:3200::computeTransform() Missing visual features or missing raw data to compute them. Transform cannot be estimated.[0m
[0m[ INFO] [1790466899.074205250, 1790452694.795907295]: rtabmap (657): Rate=1.00s, Limit=0.000s, Conversion=0.0008s, RTAB-Map=0.3052s, Maps update=0.0004s pub=0.0001s (local map=403, WM=403)[0m
Warning: TF_REPEATED_DATA ignoring data with redundant timestamp for frame odom (parent map) at time 1790452695.210065 according to authority unknown_publisher
         at line 278 in /tmp/binarydeb/ros-noetic-tf2-0.7.7/src/buffer_core.cpp
Warning: TF_REPEATED_DATA ignoring data with redundant timestamp for frame odom (parent map) at time 1790452695.210065 according to authority /rtabmap/rtabmap
         at line 278 in /tmp/binarydeb/ros-noetic-tf2-0.7.7/src/buffer_core.cpp
[33m[ WARN] [1790466899.388251676, 1790452695.110064698]: TF_REPEATED_DATA ignoring data with redundant timestamp for frame odom (parent map) at time 1790452695.210065 according to authority unknown_publisher[0m
[33m[ WARN] (2026-09-26 19:54:59.917) Memory.cpp:3200::computeTransform() Missing visual features or missing raw data to compute them. Transform cannot be estimated.[0m
[0m[ INFO] [1790466900.063129883, 1790452695.784771736]: rtabmap (658): Rate=1.00s, Limit=0.000s, Conversion=0.0013s, RTAB-Map=0.3092s, Maps update=0.0004s pub=0.0001s (local map=404, WM=404)[0m
Warning: TF_REPEATED_DATA ignoring data with redundant timestamp for frame odom (parent map) at time 1790452696.064421 according to authority unknown_publisher
         at line 278 in /tmp/binarydeb/ros-noetic-tf2-0.7.7/src/buffer_core.cpp
Warning: TF_REPEATED_DATA ignoring data with redundant timestamp for frame odom (parent map) at time 1790452696.064421 according to authority /rtabmap/rtabmap
         at line 278 in /tmp/binarydeb/ros-noetic-tf2-0.7.7/src/buffer_core.cpp
[33m[ WARN] [1790466900.241283196, 1790452695.964420773]: TF_REPEATED_DATA ignoring data with redundant timestamp for frame odom (parent map) at time 1790452696.064421 according to authority unknown_publisher[0m
[33m[ WARN] (2026-09-26 19:55:01.017) Memory.cpp:3200::computeTransform() Missing visual features or missing raw data to compute them. Transform cannot be estimated.[0m
Warning: TF_REPEATED_DATA ignoring data with redundant timestamp for frame odom (parent map) at time 1790452696.937711 according to authority unknown_publisher
         at line 278 in /tmp/binarydeb/ros-noetic-tf2-0.7.7/src/buffer_core.cpp
[33m[ WARN] [1790466901.117504357, 1790452696.837710453]: TF_REPEATED_DATA ignoring data with redundant timestamp for frame odom (parent map) at time 1790452696.937711 according to authority unknown_publisher[0m
Warning: TF_REPEATED_DATA ignoring data with redundant timestamp for frame odom (parent map) at time 1790452696.937711 according to authority /rtabmap/rtabmap
         at line 278 in /tmp/binarydeb/ros-noetic-tf2-0.7.7/src/buffer_core.cpp
[0m[ INFO] [1790466901.178542600, 1790452696.900371046]: rtabmap (659): Rate=1.00s, Limit=0.000s, Conversion=0.0013s, RTAB-Map=0.3243s, Maps update=0.0007s pub=0.0001s (local map=405, WM=405)[0m
Warning: TF_REPEATED_DATA ignoring data with redundant timestamp for frame odom (parent map) at time 1790452697.303880 according to authority unknown_publisher
         at line 278 in /tmp/binarydeb/ros-noetic-tf2-0.7.7/src/buffer_core.cpp
[33m[ WARN] [1790466901.481028453, 1790452697.203880491]: TF_REPEATED_DATA ignoring data with redundant timestamp for frame odom (parent map) at time 1790452697.303880 according to authority unknown_publisher[0m
Warning: TF_REPEATED_DATA ignoring data with redundant timestamp for frame odom (parent map) at time 1790452697.303880 according to authority /rtabmap/rtabmap
         at line 278 in /tmp/binarydeb/ros-noetic-tf2-0.7.7/src/buffer_core.cpp
[33m[ WARN] (2026-09-26 19:55:02.098) Memory.cpp:3200::computeTransform() Missing visual features or missing raw data to compute them. Transform cannot be estimated.[0m
[0m[ INFO] [1790466902.240783164, 1790452697.960870571]: rtabmap (660): Rate=1.00s, Limit=0.000s, Conversion=0.0008s, RTAB-Map=0.2884s, Maps update=0.0004s pub=0.0001s (local map=406, WM=406)[0m
[33m[ WARN] (2026-09-26 19:55:03.217) Memory.cpp:3200::computeTransform() Missing visual features or missing raw data to compute them. Transform cannot be estimated.[0m
[0m[ INFO] [1790466903.360413532, 1790452699.079085215]: rtabmap (661): Rate=1.00s, Limit=0.000s, Conversion=0.0014s, RTAB-Map=0.2885s, Maps update=0.0005s pub=0.0001s (local map=407, WM=407)[0m
[33m[ WARN] (2026-09-26 19:55:04.306) Memory.cpp:3200::computeTransform() Missing visual features or missing raw data to compute them. Transform cannot be estimated.[0m
[0m[ INFO] [1790466904.456019705, 1790452700.179454244]: rtabmap (662): Rate=1.00s, Limit=0.000s, Conversion=0.0010s, RTAB-Map=0.2978s, Maps update=0.0008s pub=0.0001s (local map=408, WM=408)[0m
[33m[ WARN] (2026-09-26 19:55:05.304) Memory.cpp:3200::computeTransform() Missing visual features or missing raw data to compute them. Transform cannot be estimated.[0m
[0m[ INFO] [1790466905.449725918, 1790452701.166944852]: rtabmap (663): Rate=1.00s, Limit=0.000s, Conversion=0.0013s, RTAB-Map=0.3000s, Maps update=0.0007s pub=0.0001s (local map=409, WM=409)[0m
[33m[ WARN] (2026-09-26 19:55:06.310) Memory.cpp:3200::computeTransform() Missing visual features or missing raw data to compute them. Transform cannot be estimated.[0m
[0m[ INFO] [1790466906.453228700, 1790452702.167566042]: rtabmap (664): Rate=1.00s, Limit=0.000s, Conversion=0.0020s, RTAB-Map=0.2885s, Maps update=0.0007s pub=0.0001s (local map=410, WM=410)[0m
[33m[ WARN] (2026-09-26 19:55:07.419) Memory.cpp:3200::computeTransform() Missing visual features or missing raw data to compute them. Transform cannot be estimated.[0m
Warning: TF_REPEATED_DATA ignoring data with redundant timestamp for frame odom (parent map) at time 1790452703.364207 according to authority unknown_publisher
         at line 278 in /tmp/binarydeb/ros-noetic-tf2-0.7.7/src/buffer_core.cpp
[33m[ WARN] [1790466907.541132717, 1790452703.264207125]: TF_REPEATED_DATA ignoring data with redundant timestamp for frame odom (parent map) at time 1790452703.364207 according to authority unknown_publisher[0m
Warning: TF_REPEATED_DATA ignoring data with redundant timestamp for frame odom (parent map) at time 1790452703.364207 according to authority /rtabmap/rtabmap
         at line 278 in /tmp/binarydeb/ros-noetic-tf2-0.7.7/src/buffer_core.cpp
[0m[ INFO] [1790466907.571982035, 1790452703.294395318]: rtabmap (665): Rate=1.00s, Limit=0.000s, Conversion=0.0013s, RTAB-Map=0.3167s, Maps update=0.0004s pub=0.0001s (local map=411, WM=411)[0m
Warning: TF_REPEATED_DATA ignoring data with redundant timestamp for frame odom (parent map) at time 1790452704.225109 according to authority unknown_publisher
         at line 278 in /tmp/binarydeb/ros-noetic-tf2-0.7.7/src/buffer_core.cpp
Warning: TF_REPEATED_DATA ignoring data with redundant timestamp for frame odom (parent map) at time 1790452704.225109 according to authority /rtabmap/rtabmap
         at line 278 in /tmp/binarydeb/ros-noetic-tf2-0.7.7/src/buffer_core.cpp
[33m[ WARN] [1790466908.403309768, 1790452704.125108709]: TF_REPEATED_DATA ignoring data with redundant timestamp for frame odom (parent map) at time 1790452704.225109 according to authority unknown_publisher[0m
[33m[ WARN] (2026-09-26 19:55:08.412) Memory.cpp:3200::computeTransform() Missing visual features or missing raw data to compute them. Transform cannot be estimated.[0m
[0m[ INFO] [1790466908.564274400, 1790452704.286130941]: rtabmap (666): Rate=1.00s, Limit=0.000s, Conversion=0.0014s, RTAB-Map=0.3090s, Maps update=0.0006s pub=0.0001s (local map=412, WM=412)[0m
Warning: TF_REPEATED_DATA ignoring data with redundant timestamp for frame odom (parent map) at time 1790452704.481997 according to authority unknown_publisher
         at line 278 in /tmp/binarydeb/ros-noetic-tf2-0.7.7/src/buffer_core.cpp
[33m[ WARN] [1790466908.658364767, 1790452704.381996460]: TF_REPEATED_DATA ignoring data with redundant timestamp for frame odom (parent map) at time 1790452704.481997 according to authority unknown_publisher[0m
Warning: TF_REPEATED_DATA ignoring data with redundant timestamp for frame odom (parent map) at time 1790452704.481997 according to authority /rtabmap/rtabmap
         at line 278 in /tmp/binarydeb/ros-noetic-tf2-0.7.7/src/buffer_core.cpp
Warning: TF_REPEATED_DATA ignoring data with redundant timestamp for frame odom (parent map) at time 1790452705.090177 according to authority unknown_publisher
         at line 278 in /tmp/binarydeb/ros-noetic-tf2-0.7.7/src/buffer_core.cpp
[33m[ WARN] [1790466909.267631226, 1790452704.990177181]: TF_REPEATED_DATA ignoring data with redundant timestamp for frame odom (parent map) at time 1790452705.090177 according to authority unknown_publisher[0m
Warning: TF_REPEATED_DATA ignoring data with redundant timestamp for frame odom (parent map) at time 1790452705.090177 according to authority /rtabmap/rtabmap
         at line 278 in /tmp/binarydeb/ros-noetic-tf2-0.7.7/src/buffer_core.cpp
[33m[ WARN] (2026-09-26 19:55:09.511) Memory.cpp:3200::computeTransform() Missing visual features or missing raw data to compute them. Transform cannot be estimated.[0m
[0m[ INFO] [1790466909.652852965, 1790452705.373820059]: rtabmap (667): Rate=1.00s, Limit=0.000s, Conversion=0.0015s, RTAB-Map=0.2879s, Maps update=0.0005s pub=0.0001s (local map=413, WM=413)[0m
Warning: TF_REPEATED_DATA ignoring data with redundant timestamp for frame odom (parent map) at time 1790452705.973102 according to authority unknown_publisher
         at line 278 in /tmp/binarydeb/ros-noetic-tf2-0.7.7/src/buffer_core.cpp
[33m[ WARN] [1790466910.151058290, 1790452705.873101746]: TF_REPEATED_DATA ignoring data with redundant timestamp for frame odom (parent map) at time 1790452705.973102 according to authority unknown_publisher[0m
Warning: TF_REPEATED_DATA ignoring data with redundant timestamp for frame odom (parent map) at time 1790452705.973102 according to authority /rtabmap/rtabmap
         at line 278 in /tmp/binarydeb/ros-noetic-tf2-0.7.7/src/buffer_core.cpp
[33m[ WARN] (2026-09-26 19:55:10.622) Memory.cpp:3200::computeTransform() Missing visual features or missing raw data to compute them. Transform cannot be estimated.[0m
[0m[ INFO] [1790466910.774459531, 1790452706.498126552]: rtabmap (668): Rate=1.00s, Limit=0.000s, Conversion=0.0013s, RTAB-Map=0.3140s, Maps update=0.0004s pub=0.0001s (local map=414, WM=414)[0m
Warning: TF_REPEATED_DATA ignoring data with redundant timestamp for frame odom (parent map) at time 1790452706.832957 according to authority unknown_publisher
         at line 278 in /tmp/binarydeb/ros-noetic-tf2-0.7.7/src/buffer_core.cpp
Warning: TF_REPEATED_DATA ignoring data with redundant timestamp for frame odom (parent map) at time 1790452706.832957 according to authority /rtabmap/rtabmap
         at line 278 in /tmp/binarydeb/ros-noetic-tf2-0.7.7/src/buffer_core.cpp
[33m[ WARN] [1790466911.009283897, 1790452706.732956615]: TF_REPEATED_DATA ignoring data with redundant timestamp for frame odom (parent map) at time 1790452706.832957 according to authority unknown_publisher[0m
[33m[ WARN] (2026-09-26 19:55:11.722) Memory.cpp:3200::computeTransform() Missing visual features or missing raw data to compute them. Transform cannot be estimated.[0m
[0m[ INFO] [1790466911.860782348, 1790452707.440943124]: rtabmap (669): Rate=1.00s, Limit=0.000s, Conversion=0.0013s, RTAB-Map=0.3003s, Maps update=0.0004s pub=0.0001s (local map=415, WM=415)[0m
Warning: TF_REPEATED_DATA ignoring data with redundant timestamp for frame odom (parent map) at time 1790452707.694720 according to authority unknown_publisher
         at line 278 in /tmp/binarydeb/ros-noetic-tf2-0.7.7/src/buffer_core.cpp
[33m[ WARN] [1790466911.870851458, 1790452707.594720017]: TF_REPEATED_DATA ignoring data with redundant timestamp for frame odom (parent map) at time 1790452707.694720 according to authority unknown_publisher[0m
Warning: TF_REPEATED_DATA ignoring data with redundant timestamp for frame odom (parent map) at time 1790452707.694720 according to authority /rtabmap/rtabmap
         at line 278 in /tmp/binarydeb/ros-noetic-tf2-0.7.7/src/buffer_core.cpp
[33m[ WARN] (2026-09-26 19:55:12.723) Memory.cpp:3200::computeTransform() Missing visual features or missing raw data to compute them. Transform cannot be estimated.[0m
Warning: TF_REPEATED_DATA ignoring data with redundant timestamp for frame odom (parent map) at time 1790452708.552525 according to authority unknown_publisher
         at line 278 in /tmp/binarydeb/ros-noetic-tf2-0.7.7/src/buffer_core.cpp
[33m[ WARN] [1790466912.729868410, 1790452708.452524926]: TF_REPEATED_DATA ignoring data with redundant timestamp for frame odom (parent map) at time 1790452708.552525 according to authority unknown_publisher[0m
Warning: TF_REPEATED_DATA ignoring data with redundant timestamp for frame odom (parent map) at time 1790452708.552525 according to authority /rtabmap/rtabmap
         at line 278 in /tmp/binarydeb/ros-noetic-tf2-0.7.7/src/buffer_core.cpp
[0m[ INFO] [1790466912.889597003, 1790452708.613441018]: rtabmap (670): Rate=1.00s, Limit=0.000s, Conversion=0.0009s, RTAB-Map=0.3114s, Maps update=0.0007s pub=0.0001s (local map=416, WM=416)[0m
Warning: TF_REPEATED_DATA ignoring data with redundant timestamp for frame odom (parent map) at time 1790452709.411335 according to authority unknown_publisher
         at line 278 in /tmp/binarydeb/ros-noetic-tf2-0.7.7/src/buffer_core.cpp
[33m[ WARN] [1790466913.587640843, 1790452709.311335225]: TF_REPEATED_DATA ignoring data with redundant timestamp for frame odom (parent map) at time 1790452709.411335 according to authority unknown_publisher[0m
Warning: TF_REPEATED_DATA ignoring data with redundant timestamp for frame odom (parent map) at time 1790452709.411335 according to authority /rtabmap/rtabmap
         at line 278 in /tmp/binarydeb/ros-noetic-tf2-0.7.7/src/buffer_core.cpp
[33m[ WARN] (2026-09-26 19:55:13.816) Memory.cpp:3200::computeTransform() Missing visual features or missing raw data to compute them. Transform cannot be estimated.[0m
[0m[ INFO] [1790466913.967229072, 1790452709.685730994]: rtabmap (671): Rate=1.00s, Limit=0.000s, Conversion=0.0016s, RTAB-Map=0.2951s, Maps update=0.0005s pub=0.0001s (local map=416, WM=416)[0m
Warning: TF_REPEATED_DATA ignoring data with redundant timestamp for frame odom (parent map) at time 1790452710.289069 according to authority unknown_publisher
         at line 278 in /tmp/binarydeb/ros-noetic-tf2-0.7.7/src/buffer_core.cpp
[33m[ WARN] [1790466914.466144978, 1790452710.189068697]: TF_REPEATED_DATA ignoring data with redundant timestamp for frame odom (parent map) at time 1790452710.289069 according to authority unknown_publisher[0m
Warning: TF_REPEATED_DATA ignoring data with redundant timestamp for frame odom (parent map) at time 1790452710.289069 according to authority /rtabmap/rtabmap
         at line 278 in /tmp/binarydeb/ros-noetic-tf2-0.7.7/src/buffer_core.cpp
[33m[ WARN] (2026-09-26 19:55:14.918) Memory.cpp:3200::computeTransform() Missing visual features or missing raw data to compute them. Transform cannot be estimated.[0m
[0m[ INFO] [1790466915.068088484, 1790452710.783842221]: rtabmap (672): Rate=1.00s, Limit=0.000s, Conversion=0.0014s, RTAB-Map=0.3033s, Maps update=0.0004s pub=0.0001s (local map=417, WM=417)[0m
Warning: TF_REPEATED_DATA ignoring data with redundant timestamp for frame odom (parent map) at time 1790452711.161227 according to authority unknown_publisher
         at line 278 in /tmp/binarydeb/ros-noetic-tf2-0.7.7/src/buffer_core.cpp
Warning: TF_REPEATED_DATA ignoring data with redundant timestamp for frame odom (parent map) at time 1790452711.161227 according to authority /rtabmap/rtabmap
         at line 278 in /tmp/binarydeb/ros-noetic-tf2-0.7.7/src/buffer_core.cpp
[33m[ WARN] [1790466915.339190127, 1790452711.061227566]: TF_REPEATED_DATA ignoring data with redundant timestamp for frame odom (parent map) at time 1790452711.161227 according to authority unknown_publisher[0m
[33m[ WARN] (2026-09-26 19:55:15.937) Memory.cpp:3200::computeTransform() Missing visual features or missing raw data to compute them. Transform cannot be estimated.[0m
[0m[ INFO] [1790466916.088953107, 1790452711.750104842]: rtabmap (673): Rate=1.00s, Limit=0.000s, Conversion=0.0013s, RTAB-Map=0.3171s, Maps update=0.0004s pub=0.0001s (local map=418, WM=418)[0m
Warning: TF_REPEATED_DATA ignoring data with redundant timestamp for frame odom (parent map) at time 1790452712.012300 according to authority unknown_publisher
         at line 278 in /tmp/binarydeb/ros-noetic-tf2-0.7.7/src/buffer_core.cpp
[33m[ WARN] [1790466916.189172459, 1790452711.912299668]: TF_REPEATED_DATA ignoring data with redundant timestamp for frame odom (parent map) at time 1790452712.012300 according to authority unknown_publisher[0m
Warning: TF_REPEATED_DATA ignoring data with redundant timestamp for frame odom (parent map) at time 1790452712.012300 according to authority /rtabmap/rtabmap
         at line 278 in /tmp/binarydeb/ros-noetic-tf2-0.7.7/src/buffer_core.cpp
[33m[ WARN] [1790466917.049791335, 1790452712.772604365]: TF_REPEATED_DATA ignoring data with redundant timestamp for frame odom (parent map) at time 1790452712.872604 according to authority unknown_publisher[0m
[33m[ WARN] (2026-09-26 19:55:17.011) Memory.cpp:3200::computeTransform() Missing visual features or missing raw data to compute them. Transform cannot be estimated.[0m
Warning: TF_REPEATED_DATA ignoring data with redundant timestamp for frame odom (parent map) at time 1790452712.872604 according to authority unknown_publisher
         at line 278 in /tmp/binarydeb/ros-noetic-tf2-0.7.7/src/buffer_core.cpp
Warning: TF_REPEATED_DATA ignoring data with redundant timestamp for frame odom (parent map) at time 1790452712.872604 according to authority /rtabmap/rtabmap
         at line 278 in /tmp/binarydeb/ros-noetic-tf2-0.7.7/src/buffer_core.cpp
[0m[ INFO] [1790466917.222645261, 1790452712.938968700]: rtabmap (674): Rate=1.00s, Limit=0.000s, Conversion=0.0011s, RTAB-Map=0.3615s, Maps update=0.0005s pub=0.0001s (local map=419, WM=419)[0m
Warning: TF_REPEATED_DATA ignoring data with redundant timestamp for frame odom (parent map) at time 1790452713.750970 according to authority unknown_publisher
         at line 278 in /tmp/binarydeb/ros-noetic-tf2-0.7.7/src/buffer_core.cpp
[33m[ WARN] [1790466917.928448930, 1790452713.650970053]: TF_REPEATED_DATA ignoring data with redundant timestamp for frame odom (parent map) at time 1790452713.750970 according to authority unknown_publisher[0m
Warning: TF_REPEATED_DATA ignoring data with redundant timestamp for frame odom (parent map) at time 1790452713.750970 according to authority /rtabmap/rtabmap
         at line 278 in /tmp/binarydeb/ros-noetic-tf2-0.7.7/src/buffer_core.cpp
[33m[ WARN] (2026-09-26 19:55:18.212) Memory.cpp:3200::computeTransform() Missing visual features or missing raw data to compute them. Transform cannot be estimated.[0m
[0m[ INFO] [1790466918.355500617, 1790452714.076541759]: rtabmap (675): Rate=1.00s, Limit=0.000s, Conversion=0.0013s, RTAB-Map=0.3061s, Maps update=0.0005s pub=0.0001s (local map=420, WM=420)[0m
Warning: TF_REPEATED_DATA ignoring data with redundant timestamp for frame odom (parent map) at time 1790452714.613204 according to authority unknown_publisher
         at line 278 in /tmp/binarydeb/ros-noetic-tf2-0.7.7/src/buffer_core.cpp
[33m[ WARN] [1790466918.790653813, 1790452714.513203417]: TF_REPEATED_DATA ignoring data with redundant timestamp for frame odom (parent map) at time 1790452714.613204 according to authority unknown_publisher[0m
Warning: TF_REPEATED_DATA ignoring data with redundant timestamp for frame odom (parent map) at time 1790452714.613204 according to authority /rtabmap/rtabmap
         at line 278 in /tmp/binarydeb/ros-noetic-tf2-0.7.7/src/buffer_core.cpp
[33m[ WARN] (2026-09-26 19:55:19.217) Memory.cpp:3200::computeTransform() Missing visual features or missing raw data to compute them. Transform cannot be estimated.[0m
[0m[ INFO] [1790466919.384370929, 1790452715.098750031]: rtabmap (676): Rate=1.00s, Limit=0.000s, Conversion=0.0008s, RTAB-Map=0.3179s, Maps update=0.0008s pub=0.0001s (local map=421, WM=421)[0m
[33m[ WARN] (2026-09-26 19:55:20.206) Memory.cpp:3200::computeTransform() Missing visual features or missing raw data to compute them. Transform cannot be estimated.[0m
[0m[ INFO] [1790466920.366129548, 1790452716.083573508]: rtabmap (677): Rate=1.00s, Limit=0.000s, Conversion=0.0020s, RTAB-Map=0.3095s, Maps update=0.0005s pub=0.0001s (local map=422, WM=422)[0m
[33m[ WARN] (2026-09-26 19:55:21.317) Memory.cpp:3200::computeTransform() Missing visual features or missing raw data to compute them. Transform cannot be estimated.[0m
[0m[ INFO] [1790466921.457792987, 1790452717.174261739]: rtabmap (678): Rate=1.00s, Limit=0.000s, Conversion=0.0009s, RTAB-Map=0.3022s, Maps update=0.0004s pub=0.0001s (local map=423, WM=423)[0m
[33m[ WARN] (2026-09-26 19:55:22.337) Memory.cpp:3200::computeTransform() Missing visual features or missing raw data to compute them. Transform cannot be estimated.[0m
[0m[ INFO] [1790466922.485687151, 1790452718.200627921]: rtabmap (679): Rate=1.00s, Limit=0.000s, Conversion=0.0020s, RTAB-Map=0.3133s, Maps update=0.0004s pub=0.0001s (local map=424, WM=424)[0m
[33m[ WARN] (2026-09-26 19:55:23.309) Memory.cpp:3200::computeTransform() Missing visual features or missing raw data to compute them. Transform cannot be estimated.[0m
[0m[ INFO] [1790466923.452303034, 1790452719.169482575]: rtabmap (680): Rate=1.00s, Limit=0.000s, Conversion=0.0009s, RTAB-Map=0.2900s, Maps update=0.0005s pub=0.0001s (local map=425, WM=425)[0m
[33m[ WARN] (2026-09-26 19:55:24.422) Memory.cpp:3200::computeTransform() Missing visual features or missing raw data to compute them. Transform cannot be estimated.[0m
[0m[ INFO] [1790466924.578234212, 1790452720.300195939]: rtabmap (681): Rate=1.00s, Limit=0.000s, Conversion=0.0014s, RTAB-Map=0.3054s, Maps update=0.0005s pub=0.0001s (local map=426, WM=426)[0m
[33m[ WARN] (2026-09-26 19:55:25.501) Memory.cpp:3200::computeTransform() Missing visual features or missing raw data to compute them. Transform cannot be estimated.[0m
[0m[ INFO] [1790466925.655201841, 1790452721.372839370]: rtabmap (682): Rate=1.00s, Limit=0.000s, Conversion=0.0008s, RTAB-Map=0.2968s, Maps update=0.0008s pub=0.0001s (local map=427, WM=427)[0m
[33m[ WARN] (2026-09-26 19:55:26.531) Memory.cpp:3200::computeTransform() Missing visual features or missing raw data to compute them. Transform cannot be estimated.[0m
[0m[ INFO] [1790466926.688297098, 1790452722.404662969]: rtabmap (683): Rate=1.00s, Limit=0.000s, Conversion=0.0014s, RTAB-Map=0.3177s, Maps update=0.0004s pub=0.0001s (local map=428, WM=428)[0m
[33m[ WARN] (2026-09-26 19:55:27.537) Memory.cpp:3200::computeTransform() Missing visual features or missing raw data to compute them. Transform cannot be estimated.[0m
[0m[ INFO] [1790466927.696145553, 1790452723.410921841]: rtabmap (684): Rate=1.00s, Limit=0.000s, Conversion=0.0014s, RTAB-Map=0.3204s, Maps update=0.0005s pub=0.0001s (local map=429, WM=429)[0m
Warning: TF_REPEATED_DATA ignoring data with redundant timestamp for frame odom (parent map) at time 1790452723.652495 according to authority unknown_publisher
         at line 278 in /tmp/binarydeb/ros-noetic-tf2-0.7.7/src/buffer_core.cpp
[33m[ WARN] [1790466927.830049074, 1790452723.552494933]: TF_REPEATED_DATA ignoring data with redundant timestamp for frame odom (parent map) at time 1790452723.652495 according to authority unknown_publisher[0m
Warning: TF_REPEATED_DATA ignoring data with redundant timestamp for frame odom (parent map) at time 1790452723.652495 according to authority /rtabmap/rtabmap
         at line 278 in /tmp/binarydeb/ros-noetic-tf2-0.7.7/src/buffer_core.cpp
[33m[ WARN] (2026-09-26 19:55:28.630) Memory.cpp:3200::computeTransform() Missing visual features or missing raw data to compute them. Transform cannot be estimated.[0m
[0m[ INFO] [1790466928.789254140, 1790452724.511567390]: rtabmap (685): Rate=1.00s, Limit=0.000s, Conversion=0.0020s, RTAB-Map=0.3215s, Maps update=0.0004s pub=0.0001s (local map=430, WM=430)[0m
Warning: TF_REPEATED_DATA ignoring data with redundant timestamp for frame odom (parent map) at time 1790452725.361117 according to authority unknown_publisher
         at line 278 in /tmp/binarydeb/ros-noetic-tf2-0.7.7/src/buffer_core.cpp
[33m[ WARN] [1790466929.537770611, 1790452725.261116541]: TF_REPEATED_DATA ignoring data with redundant timestamp for frame odom (parent map) at time 1790452725.361117 according to authority unknown_publisher[0m
Warning: TF_REPEATED_DATA ignoring data with redundant timestamp for frame odom (parent map) at time 1790452725.361117 according to authority /rtabmap/rtabmap
         at line 278 in /tmp/binarydeb/ros-noetic-tf2-0.7.7/src/buffer_core.cpp
[33m[ WARN] (2026-09-26 19:55:29.718) Memory.cpp:3200::computeTransform() Missing visual features or missing raw data to compute them. Transform cannot be estimated.[0m
[0m[ INFO] [1790466929.866073282, 1790452725.583530746]: rtabmap (686): Rate=1.00s, Limit=0.000s, Conversion=0.0011s, RTAB-Map=0.3096s, Maps update=0.0007s pub=0.0001s (local map=431, WM=431)[0m
Warning: TF_REPEATED_DATA ignoring data with redundant timestamp for frame odom (parent map) at time 1790452726.231958 according to authority unknown_publisher
         at line 278 in /tmp/binarydeb/ros-noetic-tf2-0.7.7/src/buffer_core.cpp
[33m[ WARN] [1790466930.408606443, 1790452726.131958102]: TF_REPEATED_DATA ignoring data with redundant timestamp for frame odom (parent map) at time 1790452726.231958 according to authority unknown_publisher[0m
Warning: TF_REPEATED_DATA ignoring data with redundant timestamp for frame odom (parent map) at time 1790452726.231958 according to authority /rtabmap/rtabmap
         at line 278 in /tmp/binarydeb/ros-noetic-tf2-0.7.7/src/buffer_core.cpp
[33m[ WARN] (2026-09-26 19:55:30.613) Memory.cpp:3200::computeTransform() Missing visual features or missing raw data to compute them. Transform cannot be estimated.[0m
[0m[ INFO] [1790466930.763927206, 1790452726.484077397]: rtabmap (687): Rate=1.00s, Limit=0.000s, Conversion=0.0009s, RTAB-Map=0.3091s, Maps update=0.0010s pub=0.0001s (local map=432, WM=432)[0m
Warning: TF_REPEATED_DATA ignoring data with redundant timestamp for frame odom (parent map) at time 1790452727.098655 according to authority unknown_publisher
         at line 278 in /tmp/binarydeb/ros-noetic-tf2-0.7.7/src/buffer_core.cpp
[33m[ WARN] [1790466931.276036427, 1790452726.836556311]: TF_REPEATED_DATA ignoring data with redundant timestamp for frame odom (parent map) at time 1790452727.098655 according to authority unknown_publisher[0m
Warning: TF_REPEATED_DATA ignoring data with redundant timestamp for frame odom (parent map) at time 1790452727.098655 according to authority /rtabmap/rtabmap
         at line 278 in /tmp/binarydeb/ros-noetic-tf2-0.7.7/src/buffer_core.cpp
[33m[ WARN] (2026-09-26 19:55:31.715) Memory.cpp:3200::computeTransform() Missing visual features or missing raw data to compute them. Transform cannot be estimated.[0m
[0m[ INFO] [1790466931.879353030, 1790452727.593963781]: rtabmap (688): Rate=1.00s, Limit=0.000s, Conversion=0.0013s, RTAB-Map=0.3258s, Maps update=0.0005s pub=0.0001s (local map=433, WM=433)[0m
Warning: TF_REPEATED_DATA ignoring data with redundant timestamp for frame odom (parent map) at time 1790452727.970448 according to authority unknown_publisher
         at line 278 in /tmp/binarydeb/ros-noetic-tf2-0.7.7/src/buffer_core.cpp
[33m[ WARN] [1790466932.148590940, 1790452727.870448537]: TF_REPEATED_DATA ignoring data with redundant timestamp for frame odom (parent map) at time 1790452727.970448 according to authority unknown_publisher[0m
Warning: TF_REPEATED_DATA ignoring data with redundant timestamp for frame odom (parent map) at time 1790452727.970448 according to authority /rtabmap/rtabmap
         at line 278 in /tmp/binarydeb/ros-noetic-tf2-0.7.7/src/buffer_core.cpp
[33m[ WARN] (2026-09-26 19:55:32.807) Memory.cpp:3200::computeTransform() Missing visual features or missing raw data to compute them. Transform cannot be estimated.[0m
[0m[ INFO] [1790466932.968800108, 1790452728.570066487]: rtabmap (689): Rate=1.00s, Limit=0.000s, Conversion=0.0022s, RTAB-Map=0.3139s, Maps update=0.0005s pub=0.0001s (local map=433, WM=433)[0m
Warning: TF_REPEATED_DATA ignoring data with redundant timestamp for frame odom (parent map) at time 1790452728.825111 according to authority unknown_publisher
         at line 278 in /tmp/binarydeb/ros-noetic-tf2-0.7.7/src/buffer_core.cpp
[33m[ WARN] [1790466933.001608551, 1790452728.725111091]: TF_REPEATED_DATA ignoring data with redundant timestamp for frame odom (parent map) at time 1790452728.825111 according to authority unknown_publisher[0m
Warning: TF_REPEATED_DATA ignoring data with redundant timestamp for frame odom (parent map) at time 1790452728.825111 according to authority /rtabmap/rtabmap
         at line 278 in /tmp/binarydeb/ros-noetic-tf2-0.7.7/src/buffer_core.cpp
Warning: TF_REPEATED_DATA ignoring data with redundant timestamp for frame odom (parent map) at time 1790452729.691523 according to authority unknown_publisher
         at line 278 in /tmp/binarydeb/ros-noetic-tf2-0.7.7/src/buffer_core.cpp
[33m[ WARN] [1790466933.868854291, 1790452729.591522584]: TF_REPEATED_DATA ignoring data with redundant timestamp for frame odom (parent map) at time 1790452729.691523 according to authority unknown_publisher[0m
Warning: TF_REPEATED_DATA ignoring data with redundant timestamp for frame odom (parent map) at time 1790452729.691523 according to authority /rtabmap/rtabmap
         at line 278 in /tmp/binarydeb/ros-noetic-tf2-0.7.7/src/buffer_core.cpp
[33m[ WARN] (2026-09-26 19:55:34.052) Memory.cpp:3200::computeTransform() Missing visual features or missing raw data to compute them. Transform cannot be estimated.[0m
[0m[ INFO] [1790466934.214174463, 1790452729.933892297]: rtabmap (690): Rate=1.00s, Limit=0.000s, Conversion=0.0019s, RTAB-Map=0.3220s, Maps update=0.0004s pub=0.0001s (local map=434, WM=434)[0m
Warning: TF_REPEATED_DATA ignoring data with redundant timestamp for frame odom (parent map) at time 1790452730.560135 according to authority unknown_publisher
         at line 278 in /tmp/binarydeb/ros-noetic-tf2-0.7.7/src/buffer_core.cpp
[33m[ WARN] [1790466934.736661736, 1790452730.460134771]: TF_REPEATED_DATA ignoring data with redundant timestamp for frame odom (parent map) at time 1790452730.560135 according to authority unknown_publisher[0m
Warning: TF_REPEATED_DATA ignoring data with redundant timestamp for frame odom (parent map) at time 1790452730.560135 according to authority /rtabmap/rtabmap
         at line 278 in /tmp/binarydeb/ros-noetic-tf2-0.7.7/src/buffer_core.cpp
[33m[ WARN] (2026-09-26 19:55:35.010) Memory.cpp:3200::computeTransform() Missing visual features or missing raw data to compute them. Transform cannot be estimated.[0m
Warning: TF_REPEATED_DATA ignoring data with redundant timestamp for frame odom (parent map) at time 1790452730.929167 according to authority unknown_publisher
         at line 278 in /tmp/binarydeb/ros-noetic-tf2-0.7.7/src/buffer_core.cpp
[33m[ WARN] [1790466935.107181679, 1790452730.829166861]: TF_REPEATED_DATA ignoring data with redundant timestamp for frame odom (parent map) at time 1790452730.929167 according to authority unknown_publisher[0m
Warning: TF_REPEATED_DATA ignoring data with redundant timestamp for frame odom (parent map) at time 1790452730.929167 according to authority /rtabmap/rtabmap
         at line 278 in /tmp/binarydeb/ros-noetic-tf2-0.7.7/src/buffer_core.cpp
[0m[ INFO] [1790466935.160571133, 1790452730.879502945]: rtabmap (691): Rate=1.00s, Limit=0.000s, Conversion=0.0013s, RTAB-Map=0.3077s, Maps update=0.0011s pub=0.0001s (local map=435, WM=435)[0m
[33m[ WARN] (2026-09-26 19:55:36.029) Memory.cpp:3200::computeTransform() Missing visual features or missing raw data to compute them. Transform cannot be estimated.[0m
[0m[ INFO] [1790466936.199998407, 1790452731.915672239]: rtabmap (692): Rate=1.00s, Limit=0.000s, Conversion=0.0008s, RTAB-Map=0.3444s, Maps update=0.0005s pub=0.0001s (local map=435, WM=435)[0m
[33m[ WARN] (2026-09-26 19:55:37.008) Memory.cpp:3200::computeTransform() Missing visual features or missing raw data to compute them. Transform cannot be estimated.[0m
[0m[ INFO] [1790466937.160116391, 1790452732.877847265]: rtabmap (693): Rate=1.00s, Limit=0.000s, Conversion=0.0009s, RTAB-Map=0.2999s, Maps update=0.0008s pub=0.0001s (local map=435, WM=435)[0m
[33m[ WARN] (2026-09-26 19:55:38.028) Memory.cpp:3200::computeTransform() Missing visual features or missing raw data to compute them. Transform cannot be estimated.[0m
[0m[ INFO] [1790466938.189051969, 1790452733.912025672]: rtabmap (694): Rate=1.00s, Limit=0.000s, Conversion=0.0013s, RTAB-Map=0.3235s, Maps update=0.0006s pub=0.0001s (local map=435, WM=435)[0m
[33m[ WARN] (2026-09-26 19:55:39.116) Memory.cpp:3200::computeTransform() Missing visual features or missing raw data to compute them. Transform cannot be estimated.[0m
[0m[ INFO] [1790466939.280240318, 1790452735.001057043]: rtabmap (695): Rate=1.00s, Limit=0.000s, Conversion=0.0012s, RTAB-Map=0.3200s, Maps update=0.0009s pub=0.0001s (local map=435, WM=435)[0m
[33m[ WARN] (2026-09-26 19:55:40.210) Memory.cpp:3200::computeTransform() Missing visual features or missing raw data to compute them. Transform cannot be estimated.[0m
Warning: TF_REPEATED_DATA ignoring data with redundant timestamp for frame odom (parent map) at time 1790452736.116656 according to authority unknown_publisher
         at line 278 in /tmp/binarydeb/ros-noetic-tf2-0.7.7/src/buffer_core.cpp
[33m[ WARN] [1790466940.293650334, 1790452736.016656230]: TF_REPEATED_DATA ignoring data with redundant timestamp for frame odom (parent map) at time 1790452736.116656 according to authority unknown_publisher[0m
Warning: TF_REPEATED_DATA ignoring data with redundant timestamp for frame odom (parent map) at time 1790452736.116656 according to authority /rtabmap/rtabmap
         at line 278 in /tmp/binarydeb/ros-noetic-tf2-0.7.7/src/buffer_core.cpp
[0m[ INFO] [1790466940.372985775, 1790452736.087597998]: rtabmap (696): Rate=1.00s, Limit=0.000s, Conversion=0.0008s, RTAB-Map=0.3129s, Maps update=0.0006s pub=0.0001s (local map=435, WM=435)[0m
Warning: TF_REPEATED_DATA ignoring data with redundant timestamp for frame odom (parent map) at time 1790452736.973726 according to authority unknown_publisher
         at line 278 in /tmp/binarydeb/ros-noetic-tf2-0.7.7/src/buffer_core.cpp
[33m[ WARN] [1790466941.150442866, 1790452736.873725500]: TF_REPEATED_DATA ignoring data with redundant timestamp for frame odom (parent map) at time 1790452736.973726 according to authority unknown_publisher[0m
Warning: TF_REPEATED_DATA ignoring data with redundant timestamp for frame odom (parent map) at time 1790452736.973726 according to authority /rtabmap/rtabmap
         at line 278 in /tmp/binarydeb/ros-noetic-tf2-0.7.7/src/buffer_core.cpp
[33m[ WARN] (2026-09-26 19:55:41.329) Memory.cpp:3200::computeTransform() Missing visual features or missing raw data to compute them. Transform cannot be estimated.[0m
[0m[ INFO] [1790466941.482802492, 1790452737.205911684]: rtabmap (697): Rate=1.00s, Limit=0.000s, Conversion=0.0009s, RTAB-Map=0.2954s, Maps update=0.0006s pub=0.0001s (local map=435, WM=435)[0m
Warning: TF_REPEATED_DATA ignoring data with redundant timestamp for frame odom (parent map) at time 1790452737.842791 according to authority unknown_publisher
         at line 278 in /tmp/binarydeb/ros-noetic-tf2-0.7.7/src/buffer_core.cpp
[33m[ WARN] [1790466942.021090307, 1790452737.742790815]: TF_REPEATED_DATA ignoring data with redundant timestamp for frame odom (parent map) at time 1790452737.842791 according to authority unknown_publisher[0m
Warning: TF_REPEATED_DATA ignoring data with redundant timestamp for frame odom (parent map) at time 1790452737.842791 according to authority /rtabmap/rtabmap
         at line 278 in /tmp/binarydeb/ros-noetic-tf2-0.7.7/src/buffer_core.cpp
[33m[ WARN] (2026-09-26 19:55:42.213) Memory.cpp:3200::computeTransform() Missing visual features or missing raw data to compute them. Transform cannot be estimated.[0m
[0m[ INFO] [1790466942.377826946, 1790452738.095583196]: rtabmap (698): Rate=1.00s, Limit=0.000s, Conversion=0.0009s, RTAB-Map=0.3107s, Maps update=0.0006s pub=0.0001s (local map=435, WM=435)[0m
Warning: TF_REPEATED_DATA ignoring data with redundant timestamp for frame odom (parent map) at time 1790452738.710690 according to authority unknown_publisher
         at line 278 in /tmp/binarydeb/ros-noetic-tf2-0.7.7/src/buffer_core.cpp
[33m[ WARN] [1790466942.887841430, 1790452738.610690300]: TF_REPEATED_DATA ignoring data with redundant timestamp for frame odom (parent map) at time 1790452738.710690 according to authority unknown_publisher[0m
Warning: TF_REPEATED_DATA ignoring data with redundant timestamp for frame odom (parent map) at time 1790452738.710690 according to authority /rtabmap/rtabmap
         at line 278 in /tmp/binarydeb/ros-noetic-tf2-0.7.7/src/buffer_core.cpp
Warning: TF_REPEATED_DATA ignoring data with redundant timestamp for frame odom (parent map) at time 1790452739.084230 according to authority unknown_publisher
         at line 278 in /tmp/binarydeb/ros-noetic-tf2-0.7.7/src/buffer_core.cpp
[33m[ WARN] [1790466943.264117345, 1790452738.984230351]: TF_REPEATED_DATA ignoring data with redundant timestamp for frame odom (parent map) at time 1790452739.084230 according to authority unknown_publisher[0m
Warning: TF_REPEATED_DATA ignoring data with redundant timestamp for frame odom (parent map) at time 1790452739.084230 according to authority /rtabmap/rtabmap
         at line 278 in /tmp/binarydeb/ros-noetic-tf2-0.7.7/src/buffer_core.cpp
[33m[ WARN] (2026-09-26 19:55:43.442) Memory.cpp:3200::computeTransform() Missing visual features or missing raw data to compute them. Transform cannot be estimated.[0m
[0m[ INFO] [1790466943.617367332, 1790452739.337629907]: rtabmap (699): Rate=1.00s, Limit=0.000s, Conversion=0.0016s, RTAB-Map=0.3281s, Maps update=0.0006s pub=0.0001s (local map=435, WM=435)[0m
[33m[ WARN] (2026-09-26 19:55:44.332) Memory.cpp:3200::computeTransform() Missing visual features or missing raw data to compute them. Transform cannot be estimated.[0m
[0m[ INFO] [1790466944.492233061, 1790452740.213048921]: rtabmap (700): Rate=1.00s, Limit=0.000s, Conversion=0.0014s, RTAB-Map=0.3205s, Maps update=0.0005s pub=0.0001s (local map=435, WM=435)[0m
[33m[ WARN] (2026-09-26 19:55:45.422) Memory.cpp:3200::computeTransform() Missing visual features or missing raw data to compute them. Transform cannot be estimated.[0m
[0m[ INFO] [1790466945.578873249, 1790452741.292097331]: rtabmap (701): Rate=1.00s, Limit=0.000s, Conversion=0.0011s, RTAB-Map=0.3151s, Maps update=0.0008s pub=0.0001s (local map=435, WM=435)[0m
[33m[ WARN] (2026-09-26 19:55:46.527) Memory.cpp:3200::computeTransform() Missing visual features or missing raw data to compute them. Transform cannot be estimated.[0m
[0m[ INFO] [1790466946.676030878, 1790452742.273609504]: rtabmap (702): Rate=1.00s, Limit=0.000s, Conversion=0.0014s, RTAB-Map=0.3087s, Maps update=0.0005s pub=0.0001s (local map=435, WM=435)[0m
Warning: TF_REPEATED_DATA ignoring data with redundant timestamp for frame odom (parent map) at time 1790452742.536642 according to authority unknown_publisher
         at line 278 in /tmp/binarydeb/ros-noetic-tf2-0.7.7/src/buffer_core.cpp
[33m[ WARN] [1790466946.714192235, 1790452742.436641805]: TF_REPEATED_DATA ignoring data with redundant timestamp for frame odom (parent map) at time 1790452742.536642 according to authority unknown_publisher[0m
Warning: TF_REPEATED_DATA ignoring data with redundant timestamp for frame odom (parent map) at time 1790452742.536642 according to authority /rtabmap/rtabmap
         at line 278 in /tmp/binarydeb/ros-noetic-tf2-0.7.7/src/buffer_core.cpp
[33m[ WARN] (2026-09-26 19:55:47.520) Memory.cpp:3200::computeTransform() Missing visual features or missing raw data to compute them. Transform cannot be estimated.[0m
Warning: TF_REPEATED_DATA ignoring data with redundant timestamp for frame odom (parent map) at time 1790452743.411821 according to authority unknown_publisher
         at line 278 in /tmp/binarydeb/ros-noetic-tf2-0.7.7/src/buffer_core.cpp
Warning: TF_REPEATED_DATA ignoring data with redundant timestamp for frame odom (parent map) at time 1790452743.411821 according to authority /rtabmap/rtabmap
         at line 278 in /tmp/binarydeb/ros-noetic-tf2-0.7.7/src/buffer_core.cpp
[33m[ WARN] [1790466947.588989499, 1790452743.311821089]: TF_REPEATED_DATA ignoring data with redundant timestamp for frame odom (parent map) at time 1790452743.411821 according to authority unknown_publisher[0m
[0m[ INFO] [1790466947.673543133, 1790452743.392509697]: rtabmap (703): Rate=1.00s, Limit=0.000s, Conversion=0.0009s, RTAB-Map=0.3002s, Maps update=0.0005s pub=0.0001s (local map=436, WM=436)[0m
[33m[ WARN] (2026-09-26 19:55:48.522) Memory.cpp:3200::computeTransform() Missing visual features or missing raw data to compute them. Transform cannot be estimated.[0m
[0m[ INFO] [1790466948.690275913, 1790452744.411076125]: rtabmap (704): Rate=1.00s, Limit=0.000s, Conversion=0.0011s, RTAB-Map=0.3267s, Maps update=0.0005s pub=0.0001s (local map=437, WM=437)[0m
[33m[ WARN] (2026-09-26 19:55:49.618) Memory.cpp:3200::computeTransform() Missing visual features or missing raw data to compute them. Transform cannot be estimated.[0m
[0m[ INFO] [1790466949.764938836, 1790452745.483546709]: rtabmap (705): Rate=1.00s, Limit=0.000s, Conversion=0.0013s, RTAB-Map=0.3080s, Maps update=0.0005s pub=0.0001s (local map=438, WM=438)[0m
[33m[ WARN] (2026-09-26 19:55:50.607) Memory.cpp:3200::computeTransform() Missing visual features or missing raw data to compute them. Transform cannot be estimated.[0m
[0m[ INFO] [1790466950.758922436, 1790452746.482023565]: rtabmap (706): Rate=1.00s, Limit=0.000s, Conversion=0.0010s, RTAB-Map=0.2952s, Maps update=0.0006s pub=0.0001s (local map=439, WM=439)[0m
Warning: TF_REPEATED_DATA ignoring data with redundant timestamp for frame odom (parent map) at time 1790452747.251426 according to authority unknown_publisher
         at line 278 in /tmp/binarydeb/ros-noetic-tf2-0.7.7/src/buffer_core.cpp
[33m[ WARN] [1790466951.428605413, 1790452747.151426059]: TF_REPEATED_DATA ignoring data with redundant timestamp for frame odom (parent map) at time 1790452747.251426 according to authority unknown_publisher[0m
Warning: TF_REPEATED_DATA ignoring data with redundant timestamp for frame odom (parent map) at time 1790452747.251426 according to authority /rtabmap/rtabmap
         at line 278 in /tmp/binarydeb/ros-noetic-tf2-0.7.7/src/buffer_core.cpp
[33m[ WARN] (2026-09-26 19:55:51.716) Memory.cpp:3200::computeTransform() Missing visual features or missing raw data to compute them. Transform cannot be estimated.[0m
[0m[ INFO] [1790466951.880434550, 1790452747.595392663]: rtabmap (707): Rate=1.00s, Limit=0.000s, Conversion=0.0010s, RTAB-Map=0.3180s, Maps update=0.0005s pub=0.0001s (local map=440, WM=440)[0m
Warning: TF_REPEATED_DATA ignoring data with redundant timestamp for frame odom (parent map) at time 1790452748.123180 according to authority unknown_publisher
         at line 278 in /tmp/binarydeb/ros-noetic-tf2-0.7.7/src/buffer_core.cpp
[33m[ WARN] [1790466952.299851244, 1790452748.023180278]: TF_REPEATED_DATA ignoring data with redundant timestamp for frame odom (parent map) at time 1790452748.123180 according to authority unknown_publisher[0m
Warning: TF_REPEATED_DATA ignoring data with redundant timestamp for frame odom (parent map) at time 1790452748.123180 according to authority /rtabmap/rtabmap
         at line 278 in /tmp/binarydeb/ros-noetic-tf2-0.7.7/src/buffer_core.cpp
[33m[ WARN] (2026-09-26 19:55:52.701) Memory.cpp:3200::computeTransform() Missing visual features or missing raw data to compute them. Transform cannot be estimated.[0m
[0m[ INFO] [1790466952.874264336, 1790452748.593380821]: rtabmap (708): Rate=1.00s, Limit=0.000s, Conversion=0.0008s, RTAB-Map=0.3142s, Maps update=0.0007s pub=0.0001s (local map=441, WM=441)[0m
Warning: TF_REPEATED_DATA ignoring data with redundant timestamp for frame odom (parent map) at time 1790452748.972065 according to authority unknown_publisher
         at line 278 in /tmp/binarydeb/ros-noetic-tf2-0.7.7/src/buffer_core.cpp
[33m[ WARN] [1790466953.148654323, 1790452748.872065565]: TF_REPEATED_DATA ignoring data with redundant timestamp for frame odom (parent map) at time 1790452748.972065 according to authority unknown_publisher[0m
Warning: TF_REPEATED_DATA ignoring data with redundant timestamp for frame odom (parent map) at time 1790452748.972065 according to authority /rtabmap/rtabmap
         at line 278 in /tmp/binarydeb/ros-noetic-tf2-0.7.7/src/buffer_core.cpp
Warning: TF_REPEATED_DATA ignoring data with redundant timestamp for frame odom (parent map) at time 1790452749.336929 according to authority unknown_publisher
         at line 278 in /tmp/binarydeb/ros-noetic-tf2-0.7.7/src/buffer_core.cpp
[33m[ WARN] [1790466953.514528471, 1790452749.236928601]: TF_REPEATED_DATA ignoring data with redundant timestamp for frame odom (parent map) at time 1790452749.336929 according to authority unknown_publisher[0m
Warning: TF_REPEATED_DATA ignoring data with redundant timestamp for frame odom (parent map) at time 1790452749.336929 according to authority /rtabmap/rtabmap
         at line 278 in /tmp/binarydeb/ros-noetic-tf2-0.7.7/src/buffer_core.cpp
[33m[ WARN] (2026-09-26 19:55:53.699) Memory.cpp:3200::computeTransform() Missing visual features or missing raw data to compute them. Transform cannot be estimated.[0m
[0m[ INFO] [1790466953.841340965, 1790452749.558919069]: rtabmap (709): Rate=1.00s, Limit=0.000s, Conversion=0.0006s, RTAB-Map=0.2859s, Maps update=0.0005s pub=0.0001s (local map=442, WM=442)[0m
[33m[ WARN] (2026-09-26 19:55:54.810) Memory.cpp:3200::computeTransform() Missing visual features or missing raw data to compute them. Transform cannot be estimated.[0m
[0m[ INFO] [1790466954.963173644, 1790452750.683950655]: rtabmap (710): Rate=1.00s, Limit=0.000s, Conversion=0.0013s, RTAB-Map=0.2972s, Maps update=0.0005s pub=0.0001s (local map=443, WM=443)[0m
[33m[ WARN] (2026-09-26 19:55:55.815) Memory.cpp:3200::computeTransform() Missing visual features or missing raw data to compute them. Transform cannot be estimated.[0m
[0m[ INFO] [1790466955.969496964, 1790452751.691822949]: rtabmap (711): Rate=1.00s, Limit=0.000s, Conversion=0.0013s, RTAB-Map=0.3119s, Maps update=0.0008s pub=0.0001s (local map=444, WM=444)[0m
Warning: TF_REPEATED_DATA ignoring data with redundant timestamp for frame odom (parent map) at time 1790452751.951075 according to authority unknown_publisher
         at line 278 in /tmp/binarydeb/ros-noetic-tf2-0.7.7/src/buffer_core.cpp
Warning: TF_REPEATED_DATA ignoring data with redundant timestamp for frame odom (parent map) at time 1790452751.951075 according to authority /rtabmap/rtabmap
         at line 278 in /tmp/binarydeb/ros-noetic-tf2-0.7.7/src/buffer_core.cpp
[33m[ WARN] [1790466956.129809570, 1790452751.851075226]: TF_REPEATED_DATA ignoring data with redundant timestamp for frame odom (parent map) at time 1790452751.951075 according to authority unknown_publisher[0m
[33m[ WARN] (2026-09-26 19:55:56.914) Memory.cpp:3200::computeTransform() Missing visual features or missing raw data to compute them. Transform cannot be estimated.[0m
Warning: TF_REPEATED_DATA ignoring data with redundant timestamp for frame odom (parent map) at time 1790452752.801262 according to authority unknown_publisher
         at line 278 in /tmp/binarydeb/ros-noetic-tf2-0.7.7/src/buffer_core.cpp
[33m[ WARN] [1790466956.978146678, 1790452752.701261662]: TF_REPEATED_DATA ignoring data with redundant timestamp for frame odom (parent map) at time 1790452752.801262 according to authority unknown_publisher[0m
Warning: TF_REPEATED_DATA ignoring data with redundant timestamp for frame odom (parent map) at time 1790452752.801262 according to authority /rtabmap/rtabmap
         at line 278 in /tmp/binarydeb/ros-noetic-tf2-0.7.7/src/buffer_core.cpp
[0m[ INFO] [1790466957.084235481, 1790452752.802727833]: rtabmap (712): Rate=1.00s, Limit=0.000s, Conversion=0.0009s, RTAB-Map=0.3163s, Maps update=0.0010s pub=0.0001s (local map=445, WM=445)[0m
Warning: TF_REPEATED_DATA ignoring data with redundant timestamp for frame odom (parent map) at time 1790452753.060378 according to authority unknown_publisher
         at line 278 in /tmp/binarydeb/ros-noetic-tf2-0.7.7/src/buffer_core.cpp
Warning: TF_REPEATED_DATA ignoring data with redundant timestamp for frame odom (parent map) at time 1790452753.060378 according to authority /rtabmap/rtabmap
         at line 278 in /tmp/binarydeb/ros-noetic-tf2-0.7.7/src/buffer_core.cpp
[33m[ WARN] [1790466957.237907006, 1790452752.960377569]: TF_REPEATED_DATA ignoring data with redundant timestamp for frame odom (parent map) at time 1790452753.060378 according to authority unknown_publisher[0m
Warning: TF_REPEATED_DATA ignoring data with redundant timestamp for frame odom (parent map) at time 1790452753.795185 according to authority unknown_publisher
         at line 278 in /tmp/binarydeb/ros-noetic-tf2-0.7.7/src/buffer_core.cpp
[33m[ WARN] [1790466957.972306702, 1790452753.695184948]: TF_REPEATED_DATA ignoring data with redundant timestamp for frame odom (parent map) at time 1790452753.795185 according to authority unknown_publisher[0m
Warning: TF_REPEATED_DATA ignoring data with redundant timestamp for frame odom (parent map) at time 1790452753.795185 according to authority /rtabmap/rtabmap
         at line 278 in /tmp/binarydeb/ros-noetic-tf2-0.7.7/src/buffer_core.cpp
[33m[ WARN] (2026-09-26 19:55:58.220) Memory.cpp:3200::computeTransform() Missing visual features or missing raw data to compute them. Transform cannot be estimated.[0m
Warning: TF_REPEATED_DATA ignoring data with redundant timestamp for frame odom (parent map) at time 1790452754.044689 according to authority unknown_publisher
         at line 278 in /tmp/binarydeb/ros-noetic-tf2-0.7.7/src/buffer_core.cpp
[33m[ WARN] [1790466958.221373114, 1790452753.944689252]: TF_REPEATED_DATA ignoring data with redundant timestamp for frame odom (parent map) at time 1790452754.044689 according to authority unknown_publisher[0m
Warning: TF_REPEATED_DATA ignoring data with redundant timestamp for frame odom (parent map) at time 1790452754.044689 according to authority /rtabmap/rtabmap
         at line 278 in /tmp/binarydeb/ros-noetic-tf2-0.7.7/src/buffer_core.cpp
[0m[ INFO] [1790466958.384660564, 1790452754.105791979]: rtabmap (713): Rate=1.00s, Limit=0.000s, Conversion=0.0016s, RTAB-Map=0.3222s, Maps update=0.0007s pub=0.0001s (local map=446, WM=446)[0m
[33m[ WARN] (2026-09-26 19:55:58.523) Memory.cpp:3200::computeTransform() Missing visual features or missing raw data to compute them. Transform cannot be estimated.[0m
[0m[ INFO] [1790466958.695836162, 1790452754.410683681]: rtabmap (714): Rate=1.00s, Limit=0.000s, Conversion=0.0007s, RTAB-Map=0.3075s, Maps update=0.0005s pub=0.0001s (local map=446, WM=446)[0m
[33m[ WARN] (2026-09-26 19:55:59.310) Memory.cpp:3200::computeTransform() Missing visual features or missing raw data to compute them. Transform cannot be estimated.[0m
[0m[ INFO] [1790466959.475541222, 1790452755.190468870]: rtabmap (715): Rate=1.00s, Limit=0.000s, Conversion=0.0012s, RTAB-Map=0.3219s, Maps update=0.0006s pub=0.0001s (local map=446, WM=446)[0m
[33m[ WARN] (2026-09-26 19:56:00.299) Memory.cpp:3200::computeTransform() Missing visual features or missing raw data to compute them. Transform cannot be estimated.[0m
[0m[ INFO] [1790466960.445559510, 1790452756.169480965]: rtabmap (716): Rate=1.00s, Limit=0.000s, Conversion=0.0008s, RTAB-Map=0.2926s, Maps update=0.0010s pub=0.0001s (local map=446, WM=446)[0m
Warning: TF_REPEATED_DATA ignoring data with redundant timestamp for frame odom (parent map) at time 1790452756.633328 according to authority unknown_publisher
         at line 278 in /tmp/binarydeb/ros-noetic-tf2-0.7.7/src/buffer_core.cpp
[33m[ WARN] [1790466960.813253400, 1790452756.533328133]: TF_REPEATED_DATA ignoring data with redundant timestamp for frame odom (parent map) at time 1790452756.633328 according to authority unknown_publisher[0m
Warning: TF_REPEATED_DATA ignoring data with redundant timestamp for frame odom (parent map) at time 1790452756.633328 according to authority /rtabmap/rtabmap
         at line 278 in /tmp/binarydeb/ros-noetic-tf2-0.7.7/src/buffer_core.cpp
[33m[ WARN] (2026-09-26 19:56:01.421) Memory.cpp:3200::computeTransform() Missing visual features or missing raw data to compute them. Transform cannot be estimated.[0m
[0m[ INFO] [1790466961.568504589, 1790452757.250186889]: rtabmap (717): Rate=1.00s, Limit=0.000s, Conversion=0.0013s, RTAB-Map=0.2892s, Maps update=0.0005s pub=0.0001s (local map=446, WM=446)[0m
Warning: TF_REPEATED_DATA ignoring data with redundant timestamp for frame odom (parent map) at time 1790452757.511386 according to authority unknown_publisher
         at line 278 in /tmp/binarydeb/ros-noetic-tf2-0.7.7/src/buffer_core.cpp
Warning: [33m[ WARN] [1790466961.688273547, 1790452757.411385779]: TF_REPEATED_DATA ignoring data with redundant timestamp for frame odom (parent map) at time 1790452757.511386 according to authority unknown_publisher[0m
TF_REPEATED_DATA ignoring data with redundant timestamp for frame odom (parent map) at time 1790452757.511386 according to authority /rtabmap/rtabmap
         at line 278 in /tmp/binarydeb/ros-noetic-tf2-0.7.7/src/buffer_core.cpp
Warning: TF_REPEATED_DATA ignoring data with redundant timestamp for frame odom (parent map) at time 1790452758.358804 according to authority /rtabmap/rtabmap
         at line 278 in /tmp/binarydeb/ros-noetic-tf2-0.7.7/src/buffer_core.cpp
[33m[ WARN] [1790466962.536611224, 1790452758.258804344]: TF_REPEATED_DATA ignoring data with redundant timestamp for frame odom (parent map) at time 1790452758.358804 according to authority unknown_publisher[0m
[33m[ WARN] (2026-09-26 19:56:02.503) Memory.cpp:3200::computeTransform() Missing visual features or missing raw data to compute them. Transform cannot be estimated.[0m
Warning: TF_REPEATED_DATA ignoring data with redundant timestamp for frame odom (parent map) at time 1790452758.358804 according to authority unknown_publisher
         at line 278 in /tmp/binarydeb/ros-noetic-tf2-0.7.7/src/buffer_core.cpp
[0m[ INFO] [1790466962.665069571, 1790452758.380198500]: rtabmap (718): Rate=1.00s, Limit=0.000s, Conversion=0.0021s, RTAB-Map=0.3015s, Maps update=0.0010s pub=0.0001s (local map=446, WM=446)[0m
[33m[ WARN] (2026-09-26 19:56:03.611) Memory.cpp:3200::computeTransform() Missing visual features or missing raw data to compute them. Transform cannot be estimated.[0m
[0m[ INFO] [1790466963.766108102, 1790452759.484576805]: rtabmap (719): Rate=1.00s, Limit=0.000s, Conversion=0.0011s, RTAB-Map=0.3067s, Maps update=0.0006s pub=0.0001s (local map=447, WM=447)[0m
[33m[ WARN] (2026-09-26 19:56:04.713) Memory.cpp:3200::computeTransform() Missing visual features or missing raw data to compute them. Transform cannot be estimated.[0m
[0m[ INFO] [1790466964.910917681, 1790452760.632063943]: rtabmap (720): Rate=1.00s, Limit=0.000s, Conversion=0.0008s, RTAB-Map=0.3413s, Maps update=0.0007s pub=0.0001s (local map=448, WM=448)[0m
[33m[ WARN] (2026-09-26 19:56:05.723) Memory.cpp:3200::computeTransform() Missing visual features or missing raw data to compute them. Transform cannot be estimated.[0m
[0m[ INFO] [1790466965.885342531, 1790452761.603542912]: rtabmap (721): Rate=1.00s, Limit=0.000s, Conversion=0.0010s, RTAB-Map=0.3244s, Maps update=0.0010s pub=0.0001s (local map=449, WM=449)[0m
Warning: TF_REPEATED_DATA ignoring data with redundant timestamp for frame odom (parent map) at time 1790452762.200730 according to authority unknown_publisher
         at line 278 in /tmp/binarydeb/ros-noetic-tf2-0.7.7/src/buffer_core.cpp
Warning: TF_REPEATED_DATA ignoring data with redundant timestamp for frame odom (parent map) at time 1790452762.200730 according to authority /rtabmap/rtabmap
         at line 278 in /tmp/binarydeb/ros-noetic-tf2-0.7.7/src/buffer_core.cpp
[33m[ WARN] [1790466966.378592516, 1790452762.100729763]: TF_REPEATED_DATA ignoring data with redundant timestamp for frame odom (parent map) at time 1790452762.200730 according to authority unknown_publisher[0m
[33m[ WARN] (2026-09-26 19:56:06.823) Memory.cpp:3200::computeTransform() Missing visual features or missing raw data to compute them. Transform cannot be estimated.[0m
[0m[ INFO] [1790466966.982728056, 1790452762.697831801]: rtabmap (722): Rate=1.00s, Limit=0.000s, Conversion=0.0013s, RTAB-Map=0.3151s, Maps update=0.0005s pub=0.0001s (local map=450, WM=450)[0m
Warning: TF_REPEATED_DATA ignoring data with redundant timestamp for frame odom (parent map) at time 1790452763.071891 according to authority unknown_publisher
         at line 278 in /tmp/binarydeb/ros-noetic-tf2-0.7.7/src/buffer_core.cpp
[33m[ WARN] [1790466967.249726605, 1790452762.971890893]: TF_REPEATED_DATA ignoring data with redundant timestamp for frame odom (parent map) at time 1790452763.071891 according to authority unknown_publisher[0m
Warning: TF_REPEATED_DATA ignoring data with redundant timestamp for frame odom (parent map) at time 1790452763.071891 according to authority /rtabmap/rtabmap
         at line 278 in /tmp/binarydeb/ros-noetic-tf2-0.7.7/src/buffer_core.cpp
[33m[ WARN] (2026-09-26 19:56:07.961) Memory.cpp:3200::computeTransform() Missing visual features or missing raw data to compute them. Transform cannot be estimated.[0m
Warning: TF_REPEATED_DATA ignoring data with redundant timestamp for frame odom (parent map) at time 1790452763.920034 according to authority unknown_publisher
         at line 278 in /tmp/binarydeb/ros-noetic-tf2-0.7.7/src/buffer_core.cpp
[33m[ WARN] [1790466968.101861107, 1790452763.820033743]: TF_REPEATED_DATA ignoring data with redundant timestamp for frame odom (parent map) at time 1790452763.920034 according to authority unknown_publisher[0m
Warning: TF_REPEATED_DATA ignoring data with redundant timestamp for frame odom (parent map) at time 1790452763.920034 according to authority /rtabmap/rtabmap
         at line 278 in /tmp/binarydeb/ros-noetic-tf2-0.7.7/src/buffer_core.cpp
[0m[ INFO] [1790466968.115190089, 1790452763.830107272]: rtabmap (723): Rate=1.00s, Limit=0.000s, Conversion=0.0014s, RTAB-Map=0.3301s, Maps update=0.0009s pub=0.0001s (local map=451, WM=451)[0m
Warning: TF_REPEATED_DATA ignoring data with redundant timestamp for frame odom (parent map) at time 1790452764.292545 according to authority unknown_publisher
         at line 278 in /tmp/binarydeb/ros-noetic-tf2-0.7.7/src/buffer_core.cpp
[33m[ WARN] [1790466968.471107249, 1790452764.192544587]: TF_REPEATED_DATA ignoring data with redundant timestamp for frame odom (parent map) at time 1790452764.292545 according to authority unknown_publisher[0m
Warning: TF_REPEATED_DATA ignoring data with redundant timestamp for frame odom (parent map) at time 1790452764.292545 according to authority /rtabmap/rtabmap
         at line 278 in /tmp/binarydeb/ros-noetic-tf2-0.7.7/src/buffer_core.cpp
[33m[ WARN] (2026-09-26 19:56:09.006) Memory.cpp:3200::computeTransform() Missing visual features or missing raw data to compute them. Transform cannot be estimated.[0m
[0m[ INFO] [1790466969.229425247, 1790452764.948728901]: rtabmap (724): Rate=1.00s, Limit=0.000s, Conversion=0.0014s, RTAB-Map=0.3773s, Maps update=0.0005s pub=0.0001s (local map=452, WM=452)[0m
[33m[ WARN] (2026-09-26 19:56:10.038) Memory.cpp:3200::computeTransform() Missing visual features or missing raw data to compute them. Transform cannot be estimated.[0m
Warning: TF_REPEATED_DATA ignoring data with redundant timestamp for frame odom (parent map) at time 1790452766.032742 according to authority unknown_publisher
         at line 278 in /tmp/binarydeb/ros-noetic-tf2-0.7.7/src/buffer_core.cpp
Warning: TF_REPEATED_DATA ignoring data with redundant timestamp for frame odom (parent map) at time 1790452766.032742 according to authority /rtabmap/rtabmap
         at line 278 in /tmp/binarydeb/ros-noetic-tf2-0.7.7/src/buffer_core.cpp
[33m[ WARN] [1790466970.212409138, 1790452765.932742082]: TF_REPEATED_DATA ignoring data with redundant timestamp for frame odom (parent map) at time 1790452766.032742 according to authority unknown_publisher[0m
[0m[ INFO] [1790466970.262228555, 1790452765.983250240]: rtabmap (725): Rate=1.00s, Limit=0.000s, Conversion=0.0015s, RTAB-Map=0.3982s, Maps update=0.0005s pub=0.0001s (local map=453, WM=453)[0m
[33m[ WARN] (2026-09-26 19:56:11.028) Memory.cpp:3200::computeTransform() Missing visual features or missing raw data to compute them. Transform cannot be estimated.[0m
[0m[ INFO] [1790466971.250771925, 1790452766.974097022]: rtabmap (726): Rate=1.00s, Limit=0.000s, Conversion=0.0013s, RTAB-Map=0.3840s, Maps update=0.0007s pub=0.0001s (local map=454, WM=454)[0m
[33m[ WARN] (2026-09-26 19:56:12.132) Memory.cpp:3200::computeTransform() Missing visual features or missing raw data to compute them. Transform cannot be estimated.[0m
Warning: TF_REPEATED_DATA ignoring data with redundant timestamp for frame odom (parent map) at time 1790452768.133067 according to authority unknown_publisher
         at line 278 in /tmp/binarydeb/ros-noetic-tf2-0.7.7/src/buffer_core.cpp
[33m[ WARN] [1790466972.310824764, 1790452768.033067037]: TF_REPEATED_DATA ignoring data with redundant timestamp for frame odom (parent map) at time 1790452768.133067 according to authority unknown_publisher[0m
Warning: TF_REPEATED_DATA ignoring data with redundant timestamp for frame odom (parent map) at time 1790452768.133067 according to authority /rtabmap/rtabmap
         at line 278 in /tmp/binarydeb/ros-noetic-tf2-0.7.7/src/buffer_core.cpp
[0m[ INFO] [1790466972.335937147, 1790452768.053190351]: rtabmap (727): Rate=1.00s, Limit=0.000s, Conversion=0.0009s, RTAB-Map=0.3678s, Maps update=0.0008s pub=0.0001s (local map=454, WM=454)[0m
Warning: TF_REPEATED_DATA ignoring data with redundant timestamp for frame odom (parent map) at time 1790452768.994358 according to authority unknown_publisher
         at line 278 in /tmp/binarydeb/ros-noetic-tf2-0.7.7/src/buffer_core.cpp
[33m[ WARN] [1790466973.171905511, 1790452768.894358025]: TF_REPEATED_DATA ignoring data with redundant timestamp for frame odom (parent map) at time 1790452768.994358 according to authority unknown_publisher[0m
Warning: TF_REPEATED_DATA ignoring data with redundant timestamp for frame odom (parent map) at time 1790452768.994358 according to authority /rtabmap/rtabmap
         at line 278 in /tmp/binarydeb/ros-noetic-tf2-0.7.7/src/buffer_core.cpp
[33m[ WARN] (2026-09-26 19:56:13.359) Memory.cpp:3200::computeTransform() Missing visual features or missing raw data to compute them. Transform cannot be estimated.[0m
Warning: TF_REPEATED_DATA ignoring data with redundant timestamp for frame odom (parent map) at time 1790452769.367747 according to authority unknown_publisher
         at line 278 in /tmp/binarydeb/ros-noetic-tf2-0.7.7/src/buffer_core.cpp
Warning: TF_REPEATED_DATA ignoring data with redundant timestamp for frame odom (parent map) at time 1790452769.367747 according to authority /rtabmap/rtabmap
         at line 278 in /tmp/binarydeb/ros-noetic-tf2-0.7.7/src/buffer_core.cpp
[33m[ WARN] [1790466973.545777815, 1790452769.267747253]: TF_REPEATED_DATA ignoring data with redundant timestamp for frame odom (parent map) at time 1790452769.367747 according to authority unknown_publisher[0m
[0m[ INFO] [1790466973.546055578, 1790452769.267747253]: rtabmap (728): Rate=1.00s, Limit=0.000s, Conversion=0.0013s, RTAB-Map=0.3544s, Maps update=0.0008s pub=0.0001s (local map=455, WM=455)[0m
[33m[ WARN] (2026-09-26 19:56:14.233) Memory.cpp:3200::computeTransform() Missing visual features or missing raw data to compute them. Transform cannot be estimated.[0m
[0m[ INFO] [1790466974.451114191, 1790452770.167784158]: rtabmap (729): Rate=1.00s, Limit=0.000s, Conversion=0.0009s, RTAB-Map=0.3878s, Maps update=0.0009s pub=0.0001s (local map=455, WM=455)[0m
Warning: TF_REPEATED_DATA ignoring data with redundant timestamp for frame odom (parent map) at time 1790452771.100129 according to authority unknown_publisher
         at line 278 in /tmp/binarydeb/ros-noetic-tf2-0.7.7/src/buffer_core.cpp
Warning: TF_REPEATED_DATA ignoring data with redundant timestamp for frame odom (parent map) at time 1790452771.100129 according to authority /rtabmap/rtabmap
         at line [33m[ WARN] [1790466975.277853362, 1790452771.000129235]: TF_REPEATED_DATA ignoring data with redundant timestamp for frame odom (parent map) at time 1790452771.100129 according to authority unknown_publisher[0m
278 in /tmp/binarydeb/ros-noetic-tf2-0.7.7/src/buffer_core.cpp
[33m[ WARN] (2026-09-26 19:56:15.463) Memory.cpp:3200::computeTransform() Missing visual features or missing raw data to compute them. Transform cannot be estimated.[0m
Warning: TF_REPEATED_DATA ignoring data with redundant timestamp for frame odom (parent map) at time 1790452771.469501 according to authority unknown_publisher
         at line 278 in /tmp/binarydeb/ros-noetic-tf2-0.7.7/src/buffer_core.cpp
[33m[ WARN] [1790466975.646627001, 1790452771.369500511]: TF_REPEATED_DATA ignoring data with redundant timestamp for frame odom (parent map) at time 1790452771.469501 according to authority unknown_publisher[0m
Warning: TF_REPEATED_DATA ignoring data with redundant timestamp for frame odom (parent map) at time 1790452771.469501 according to authority /rtabmap/rtabmap
         at line 278 in /tmp/binarydeb/ros-noetic-tf2-0.7.7/src/buffer_core.cpp
[0m[ INFO] [1790466975.707843800, 1790452771.429798870]: rtabmap (730): Rate=1.00s, Limit=0.000s, Conversion=0.0009s, RTAB-Map=0.4023s, Maps update=0.0007s pub=0.0001s (local map=455, WM=455)[0m
[33m[ WARN] (2026-09-26 19:56:16.458) Memory.cpp:3200::computeTransform() Missing visual features or missing raw data to compute them. Transform cannot be estimated.[0m
[0m[ INFO] [1790466976.714275195, 1790452772.432910267]: rtabmap (731): Rate=1.00s, Limit=0.000s, Conversion=0.0008s, RTAB-Map=0.4228s, Maps update=0.0005s pub=0.0001s (local map=456, WM=456)[0m
Warning: TF_REPEATED_DATA ignoring data with redundant timestamp for frame odom (parent map) at time 1790452773.201795 according to authority unknown_publisher
         at line 278 in /tmp/binarydeb/ros-noetic-tf2-0.7.7/src/buffer_core.cpp
[33m[ WARN] [1790466977.379377356, 1790452773.101795438]: TF_REPEATED_DATA ignoring data with redundant timestamp for frame odom (parent map) at time 1790452773.201795 according to authority unknown_publisher[0m
Warning: TF_REPEATED_DATA ignoring data with redundant timestamp for frame odom (parent map) at time 1790452773.201795 according to authority /rtabmap/rtabmap
         at line 278 in /tmp/binarydeb/ros-noetic-tf2-0.7.7/src/buffer_core.cpp
[33m[ WARN] [1790466977.745638976, 1790452773.469359278]: TF_REPEATED_DATA ignoring data with redundant timestamp for frame odom (parent map) at time 1790452773.569359 according to authority unknown_publisher[0m
Warning: TF_REPEATED_DATA ignoring data with redundant timestamp for frame odom (parent map) at time 1790452773.569359 according to authority /rtabmap/rtabmap
         at line 278 in /tmp/binarydeb/ros-noetic-tf2-0.7.7/src/buffer_core.cpp
[33m[ WARN] (2026-09-26 19:56:17.626) Memory.cpp:3200::computeTransform() Missing visual features or missing raw data to compute them. Transform cannot be estimated.[0m
Warning: TF_REPEATED_DATA ignoring data with redundant timestamp for frame odom (parent map) at time 1790452773.569359 according to authority unknown_publisher
         at line 278 in /tmp/binarydeb/ros-noetic-tf2-0.7.7/src/buffer_core.cpp
[0m[ INFO] [1790466977.856798588, 1790452773.573485290]: rtabmap (732): Rate=1.00s, Limit=0.000s, Conversion=0.0013s, RTAB-Map=0.3887s, Maps update=0.0007s pub=0.0001s (local map=457, WM=457)[0m
[33m[ WARN] (2026-09-26 19:56:18.016) Memory.cpp:3200::computeTransform() Missing visual features or missing raw data to compute them. Transform cannot be estimated.[0m
[0m[ INFO] [1790466978.222574253, 1790452773.937398059]: rtabmap (733): Rate=1.00s, Limit=0.000s, Conversion=0.0013s, RTAB-Map=0.3616s, Maps update=0.0005s pub=0.0001s (local map=457, WM=457)[0m
[33m[ WARN] (2026-09-26 19:56:18.736) Memory.cpp:3200::computeTransform() Missing visual features or missing raw data to compute them. Transform cannot be estimated.[0m
[0m[ INFO] [1790466978.958634361, 1790452774.677621948]: rtabmap (734): Rate=1.00s, Limit=0.000s, Conversion=0.0013s, RTAB-Map=0.3900s, Maps update=0.0010s pub=0.0001s (local map=458, WM=458)[0m
Warning: TF_REPEATED_DATA ignoring data with redundant timestamp for frame odom (parent map) at time 1790452775.303307 according to authority unknown_publisher
         at line 278 in /tmp/binarydeb/ros-noetic-tf2-0.7.7/src/buffer_core.cpp
Warning: TF_REPEATED_DATA ignoring data with redundant timestamp for frame odom (parent map) at time 1790452775.303307 according to authority /rtabmap/rtabmap
         at line 278 in /tmp/binarydeb/ros-noetic-tf2-0.7.7/src/buffer_core.cpp
[33m[ WARN] [1790466979.481455648, 1790452775.203307229]: TF_REPEATED_DATA ignoring data with redundant timestamp for frame odom (parent map) at time 1790452775.303307 according to authority unknown_publisher[0m
[33m[ WARN] (2026-09-26 19:56:19.802) Memory.cpp:3200::computeTransform() Missing visual features or missing raw data to compute them. Transform cannot be estimated.[0m
[33m[ WARN] (2026-09-26 19:56:19.803) Memory.cpp:3200::computeTransform() Missing visual features or missing raw data to compute them. Transform cannot be estimated.[0m
Warning: TF_REPEATED_DATA ignoring data with redundant timestamp for frame odom (parent map) at time 1790452775.670617 according to authority unknown_publisher
         at line 278 in /tmp/binarydeb/ros-noetic-tf2-0.7.7/src/buffer_core.cpp
[33m[ WARN] [1790466979.846647311, 1790452775.570617438]: TF_REPEATED_DATA ignoring data with redundant timestamp for frame odom (parent map) at time 1790452775.670617 according to authority unknown_publisher[0m
Warning: TF_REPEATED_DATA ignoring data with redundant timestamp for frame odom (parent map) at time 1790452775.670617 according to authority /rtabmap/rtabmap
         at line 278 in /tmp/binarydeb/ros-noetic-tf2-0.7.7/src/buffer_core.cpp
Warning: TF_REPEATED_DATA ignoring data with redundant timestamp for frame odom (parent map) at time 1790452777.391533 according to authority /rtabmap/rtabmap
         at line 278 in /tmp/binarydeb/ros-noetic-tf2-0.7.7/src/buffer_core.cpp
[33m[ WARN] [1790466981.568402307, 1790452777.291532971]: TF_REPEATED_DATA ignoring data with redundant timestamp for frame odom (parent map) at time 1790452777.391533 according to authority unknown_publisher[0m
[0m[ INFO] [1790466980.028514879, 1790452775.742996667]: rtabmap (735): Rate=1.00s, Limit=0.000s, Conversion=0.0009s, RTAB-Map=0.3788s, Maps update=0.0006s pub=0.0001s (local map=459, WM=459)[0m
[33m[ WARN] (2026-09-26 19:56:20.822) Memory.cpp:3200::computeTransform() Missing visual features or missing raw data to compute them. Transform cannot be estimated.[0m
[33m[ WARN] (2026-09-26 19:56:20.822) Memory.cpp:3200::computeTransform() Missing visual features or missing raw data to compute them. Transform cannot be estimated.[0m
[0m[ INFO] [1790466981.050795492, 1790452776.766945614]: rtabmap (736): Rate=1.00s, Limit=0.000s, Conversion=0.0009s, RTAB-Map=0.3943s, Maps update=0.0007s pub=0.0001s (local map=460, WM=460)[0m
Warning: TF_REPEATED_DATA ignoring data with redundant timestamp for frame odom (parent map) at time 1790452777.391533 according to authority unknown_publisher
         at line 278 in /tmp/binarydeb/ros-noetic-tf2-0.7.7/src/buffer_core.cpp
[33m[ WARN] (2026-09-26 19:56:21.930) Memory.cpp:3200::computeTransform() Missing visual features or missing raw data to compute them. Transform cannot be estimated.[0m
[33m[ WARN] (2026-09-26 19:56:21.931) Memory.cpp:3200::computeTransform() Missing visual features or missing raw data to compute them. Transform cannot be estimated.[0m
[0m[ INFO] [1790466982.170668691, 1790452777.888342475]: rtabmap (737): Rate=1.00s, Limit=0.000s, Conversion=0.0007s, RTAB-Map=0.4017s, Maps update=0.0005s pub=0.0001s (local map=461, WM=461)[0m
Warning: TF_REPEATED_DATA ignoring data with redundant timestamp for frame odom (parent map) at time 1790452778.145976 according to authority unknown_publisher
         at line 278 in /tmp/binarydeb/ros-noetic-tf2-0.7.7/src/buffer_core.cpp
[33m[ WARN] [1790466982.322878495, 1790452778.045976166]: TF_REPEATED_DATA ignoring data with redundant timestamp for frame odom (parent map) at time 1790452778.145976 according to authority unknown_publisher[0m
Warning: TF_REPEATED_DATA ignoring data with redundant timestamp for frame odom (parent map) at time 1790452778.145976 according to authority /rtabmap/rtabmap
         at line 278 in /tmp/binarydeb/ros-noetic-tf2-0.7.7/src/buffer_core.cpp
[33m[ WARN] (2026-09-26 19:56:22.958) Memory.cpp:3200::computeTransform() Missing visual features or missing raw data to compute them. Transform cannot be estimated.[0m
[33m[ WARN] (2026-09-26 19:56:22.958) Memory.cpp:3200::computeTransform() Missing visual features or missing raw data to compute them. Transform cannot be estimated.[0m
[0m[ INFO] [1790466983.187924982, 1790452778.903584795]: rtabmap (738): Rate=1.00s, Limit=0.000s, Conversion=0.0021s, RTAB-Map=0.4204s, Maps update=0.0009s pub=0.0001s (local map=461, WM=461)[0m
Warning: TF_REPEATED_DATA ignoring data with redundant timestamp for frame odom (parent map) at time 1790452779.519540 according to authority unknown_publisher
         at line 278 in /tmp/binarydeb/ros-noetic-tf2-0.7.7/src/buffer_core.cpp
Warning: TF_REPEATED_DATA ignoring data with redundant timestamp for frame odom (parent map) at time 1790452779.519540 according to authority /rtabmap/rtabmap
         at line 278 in /tmp/binarydeb/ros-noetic-tf2-0.7.7/src/buffer_core.cpp
[33m[ WARN] [1790466983.710852841, 1790452779.419540240]: TF_REPEATED_DATA ignoring data with redundant timestamp for frame odom (parent map) at time 1790452779.519540 according to authority unknown_publisher[0m
[33m[ WARN] (2026-09-26 19:56:23.852) Memory.cpp:3200::computeTransform() Missing visual features or missing raw data to compute them. Transform cannot be estimated.[0m
[33m[ WARN] (2026-09-26 19:56:23.852) Memory.cpp:3200::computeTransform() Missing visual features or missing raw data to compute them. Transform cannot be estimated.[0m
[0m[ INFO] [1790466984.055885483, 1790452779.775284721]: rtabmap (739): Rate=1.00s, Limit=0.000s, Conversion=0.0007s, RTAB-Map=0.2966s, Maps update=0.0008s pub=0.0001s (local map=462, WM=462)[0m
[33m[ WARN] (2026-09-26 19:56:25.021) Memory.cpp:3200::computeTransform() Missing visual features or missing raw data to compute them. Transform cannot be estimated.[0m
[33m[ WARN] (2026-09-26 19:56:25.022) Memory.cpp:3200::computeTransform() Missing visual features or missing raw data to compute them. Transform cannot be estimated.[0m
[0m[ INFO] [1790466985.239601603, 1790452780.956527379]: rtabmap (740): Rate=1.00s, Limit=0.000s, Conversion=0.0008s, RTAB-Map=0.3755s, Maps update=0.0006s pub=0.0001s (local map=463, WM=463)[0m
Warning: TF_REPEATED_DATA ignoring data with redundant timestamp for frame odom (parent map) at time 1790452781.602591 according to authority unknown_publisher
         at line 278 in /tmp/binarydeb/ros-noetic-tf2-0.7.7/src/buffer_core.cpp
[33m[ WARN] [1790466985.779781204, 1790452781.502590553]: TF_REPEATED_DATA ignoring data with redundant timestamp for frame odom (parent map) at time 1790452781.602591 according to authority unknown_publisher[0m
Warning: TF_REPEATED_DATA ignoring data with redundant timestamp for frame odom (parent map) at time 1790452781.602591 according to authority /rtabmap/rtabmap
         at line 278 in /tmp/binarydeb/ros-noetic-tf2-0.7.7/src/buffer_core.cpp
[33m[ WARN] [1790466986.646269479, 1790452782.369662833]: TF_REPEATED_DATA ignoring data with redundant timestamp for frame odom (parent map) at time 1790452782.469663 according to authority unknown_publisher[0m
Warning: TF_REPEATED_DATA ignoring data with redundant timestamp for frame odom (parent map) at time 1790452782.469663 according to authority /rtabmap/rtabmap
         at line 278 in /tmp/binarydeb/ros-noetic-tf2-0.7.7/src/buffer_core.cpp
[33m[ WARN] (2026-09-26 19:56:26.029) Memory.cpp:3200::computeTransform() Missing visual features or missing raw data to compute them. Transform cannot be estimated.[0m
[33m[ WARN] (2026-09-26 19:56:26.030) Memory.cpp:3200::computeTransform() Missing visual features or missing raw data to compute them. Transform cannot be estimated.[0m
[0m[ INFO] [1790466986.238528145, 1790452781.962351103]: rtabmap (741): Rate=1.00s, Limit=0.000s, Conversion=0.0012s, RTAB-Map=0.3733s, Maps update=0.0005s pub=0.0001s (local map=464, WM=464)[0m
[33m[ WARN] (2026-09-26 19:56:26.399) Memory.cpp:3200::computeTransform() Missing visual features or missing raw data to compute them. Transform cannot be estimated.[0m
[33m[ WARN] (2026-09-26 19:56:26.400) Memory.cpp:3200::computeTransform() Missing visual features or missing raw data to compute them. Transform cannot be estimated.[0m
[0m[ INFO] [1790466986.604657555, 1790452782.207702540]: rtabmap (742): Rate=1.00s, Limit=0.000s, Conversion=0.0013s, RTAB-Map=0.3618s, Maps update=0.0006s pub=0.0001s (local map=464, WM=464)[0m
Warning: TF_REPEATED_DATA ignoring data with redundant timestamp for frame odom (parent map) at time 1790452782.469663 according to authority unknown_publisher
         at line 278 in /tmp/binarydeb/ros-noetic-tf2-0.7.7/src/buffer_core.cpp
Warning: [33m[ WARN] [1790466987.003035094, 1790452782.726007069]: TF_REPEATED_DATA ignoring data with redundant timestamp for frame odom (parent map) at time 1790452782.826007 according to authority unknown_publisher[0m
TF_REPEATED_DATA ignoring data with redundant timestamp for frame odom (parent map) at time 1790452782.826007 according to authority /rtabmap/rtabmap
         at line 278 in /tmp/binarydeb/ros-noetic-tf2-0.7.7/src/buffer_core.cpp
Warning: TF_REPEATED_DATA ignoring data with redundant timestamp for frame odom (parent map) at time 1790452782.826007 according to authority unknown_publisher
         at line 278 in /tmp/binarydeb/ros-noetic-tf2-0.7.7/src/buffer_core.cpp
[33m[ WARN] (2026-09-26 19:56:27.200) Memory.cpp:3200::computeTransform() Missing visual features or missing raw data to compute them. Transform cannot be estimated.[0m
[33m[ WARN] (2026-09-26 19:56:27.201) Memory.cpp:3200::computeTransform() Missing visual features or missing raw data to compute them. Transform cannot be estimated.[0m
[0m[ INFO] [1790466987.418386450, 1790452783.133727509]: rtabmap (743): Rate=1.00s, Limit=0.000s, Conversion=0.0009s, RTAB-Map=0.3927s, Maps update=0.0004s pub=0.0001s (local map=465, WM=465)[0m
Warning: TF_REPEATED_DATA ignoring data with redundant timestamp for frame odom (parent map) at time 1790452783.694372 according to authority unknown_publisher
         at line 278 in /tmp/binarydeb/ros-noetic-tf2-0.7.7/src/buffer_core.cpp
[33m[ WARN] [1790466987.871417887, 1790452783.594371781]: TF_REPEATED_DATA ignoring data with redundant timestamp for frame odom (parent map) at time 1790452783.694372 according to authority unknown_publisher[0m
Warning: TF_REPEATED_DATA ignoring data with redundant timestamp for frame odom (parent map) at time 1790452783.694372 according to authority /rtabmap/rtabmap
         at line 278 in /tmp/binarydeb/ros-noetic-tf2-0.7.7/src/buffer_core.cpp
[33m[ WARN] (2026-09-26 19:56:28.117) Memory.cpp:3200::computeTransform() Missing visual features or missing raw data to compute them. Transform cannot be estimated.[0m
[33m[ WARN] (2026-09-26 19:56:28.117) Memory.cpp:3200::computeTransform() Missing visual features or missing raw data to compute them. Transform cannot be estimated.[0m
[0m[ INFO] [1790466988.333604126, 1790452784.050959187]: rtabmap (744): Rate=1.00s, Limit=0.000s, Conversion=0.0013s, RTAB-Map=0.3670s, Maps update=0.0005s pub=0.0001s (local map=466, WM=466)[0m
Warning: TF_REPEATED_DATA ignoring data with redundant timestamp for frame odom (parent map) at time 1790452784.558693 according to authority unknown_publisher
         at line 278 in /tmp/binarydeb/ros-noetic-tf2-0.7.7/src/buffer_core.cpp
[33m[ WARN] [1790466988.737794361, 1790452784.458693165]: TF_REPEATED_DATA ignoring data with redundant timestamp for frame odom (parent map) at time 1790452784.558693 according to authority unknown_publisher[0m
Warning: TF_REPEATED_DATA ignoring data with redundant timestamp for frame odom (parent map) at time 1790452784.558693 according to authority /rtabmap/rtabmap
         at line 278 in /tmp/binarydeb/ros-noetic-tf2-0.7.7/src/buffer_core.cpp
Warning: TF_REPEATED_DATA ignoring data with redundant timestamp for frame odom (parent map) at time 1790452784.950025 according to authority unknown_publisher
         at line 278 in /tmp/binarydeb/ros-noetic-tf2-0.7.7/src/buffer_core.cpp
[33m[ WARN] [1790466989.128032791, 1790452784.850025429]: TF_REPEATED_DATA ignoring data with redundant timestamp for frame odom (parent map) at time 1790452784.950025 according to authority unknown_publisher[0m
Warning: TF_REPEATED_DATA ignoring data with redundant timestamp for frame odom (parent map) at time 1790452784.950025 according to authority /rtabmap/rtabmap
         at line 278 in /tmp/binarydeb/ros-noetic-tf2-0.7.7/src/buffer_core.cpp
[33m[ WARN] [1790466992.568213349, 1790452788.291439373]: TF_REPEATED_DATA ignoring data with redundant timestamp for frame odom (parent map) at time 1790452788.391439 according to authority unknown_publisher[0m
Warning: TF_REPEATED_DATA ignoring data with redundant timestamp for frame odom (parent map) at time 1790452788.391439 according to authority /rtabmap/rtabmap
         at line 278 in /tmp/binarydeb/ros-noetic-tf2-0.7.7/src/buffer_core.cpp
[33m[ WARN] (2026-09-26 19:56:29.321) Memory.cpp:3200::computeTransform() Missing visual features or missing raw data to compute them. Transform cannot be estimated.[0m
[33m[ WARN] (2026-09-26 19:56:29.322) Memory.cpp:3200::computeTransform() Missing visual features or missing raw data to compute them. Transform cannot be estimated.[0m
[0m[ INFO] [1790466989.525894298, 1790452785.243272911]: rtabmap (745): Rate=1.00s, Limit=0.000s, Conversion=0.0009s, RTAB-Map=0.3681s, Maps update=0.0005s pub=0.0001s (local map=467, WM=467)[0m
[33m[ WARN] (2026-09-26 19:56:30.333) Memory.cpp:3200::computeTransform() Missing visual features or missing raw data to compute them. Transform cannot be estimated.[0m
[0m[ INFO] [1790466990.547755785, 1790452786.264617177]: rtabmap (746): Rate=1.00s, Limit=0.000s, Conversion=0.0022s, RTAB-Map=0.3800s, Maps update=0.0009s pub=0.0001s (local map=468, WM=468)[0m
[33m[ WARN] (2026-09-26 19:56:31.295) Memory.cpp:3200::computeTransform() Missing visual features or missing raw data to compute them. Transform cannot be estimated.[0m
[0m[ INFO] [1790466991.505110524, 1790452787.224786725]: rtabmap (747): Rate=1.00s, Limit=0.000s, Conversion=0.0008s, RTAB-Map=0.3569s, Maps update=0.0005s pub=0.0001s (local map=469, WM=469)[0m
[33m[ WARN] (2026-09-26 19:56:32.318) Memory.cpp:3200::computeTransform() Missing visual features or missing raw data to compute them. Transform cannot be estimated.[0m
[0m[ INFO] [1790466992.524176347, 1790452788.134173614]: rtabmap (748): Rate=1.00s, Limit=0.000s, Conversion=0.0009s, RTAB-Map=0.3525s, Maps update=0.0007s pub=0.0001s (local map=470, WM=470)[0m
Warning: TF_REPEATED_DATA ignoring data with redundant timestamp for frame odom (parent map) at time 1790452788.391439 according to authority unknown_publisher
         at line 278 in /tmp/binarydeb/ros-noetic-tf2-0.7.7/src/buffer_core.cpp
[33m[ WARN] (2026-09-26 19:56:33.413) Memory.cpp:3200::computeTransform() Missing visual features or missing raw data to compute them. Transform cannot be estimated.[0m
[0m[ INFO] [1790466993.603111606, 1790452789.318953789]: rtabmap (749): Rate=1.00s, Limit=0.000s, Conversion=0.0009s, RTAB-Map=0.3507s, Maps update=0.0004s pub=0.0001s (local map=471, WM=471)[0m
Warning: TF_REPEATED_DATA ignoring data with redundant timestamp for frame odom (parent map) at time 1790452789.708164 according to authority unknown_publisher
         at line 278 in /tmp/binarydeb/ros-noetic-tf2-0.7.7/src/buffer_core.cpp
Warning: TF_REPEATED_DATA ignoring data with redundant timestamp for frame odom (parent map) at time 1790452789.708164 according to authority /rtabmap/rtabmap
         at line 278 in /tmp/binarydeb/ros-noetic-tf2-0.7.7/src/buffer_core.cpp
[33m[ WARN] [1790466993.886422879, 1790452789.608164091]: TF_REPEATED_DATA ignoring data with redundant timestamp for frame odom (parent map) at time 1790452789.708164 according to authority unknown_publisher[0m
Warning: TF_REPEATED_DATA ignoring data with redundant timestamp for frame odom (parent map) at time 1790452790.121422 according to authority unknown_publisher
         at line 278 in /tmp/binarydeb/ros-noetic-tf2-0.7.7/src/buffer_core.cpp
[33m[ WARN] [1790466994.298741325, 1790452790.021422385]: TF_REPEATED_DATA ignoring data with redundant timestamp for frame odom (parent map) at time 1790452790.121422 according to authority unknown_publisher[0m
Warning: TF_REPEATED_DATA ignoring data with redundant timestamp for frame odom (parent map) at time 1790452790.121422 according to authority /rtabmap/rtabmap
         at line 278 in /tmp/binarydeb/ros-noetic-tf2-0.7.7/src/buffer_core.cpp
[33m[ WARN] (2026-09-26 19:56:34.511) Memory.cpp:3200::computeTransform() Missing visual features or missing raw data to compute them. Transform cannot be estimated.[0m
[0m[ INFO] [1790466994.703855867, 1790452790.426425470]: rtabmap (750): Rate=1.00s, Limit=0.000s, Conversion=0.0013s, RTAB-Map=0.3524s, Maps update=0.0006s pub=0.0001s (local map=472, WM=472)[0m
Warning: TF_REPEATED_DATA ignoring data with redundant timestamp for frame odom (parent map) at time 1790452791.007192 according to authority unknown_publisher
         at line 278 in /tmp/binarydeb/ros-noetic-tf2-0.7.7/src/buffer_core.cpp
[33m[ WARN] [1790466995.184999379, 1790452790.907192306]: TF_REPEATED_DATA ignoring data with redundant timestamp for frame odom (parent map) at time 1790452791.007192 according to authority unknown_publisher[0m
Warning: TF_REPEATED_DATA ignoring data with redundant timestamp for frame odom (parent map) at time 1790452791.007192 according to authority /rtabmap/rtabmap
         at line 278 in /tmp/binarydeb/ros-noetic-tf2-0.7.7/src/buffer_core.cpp
[33m[ WARN] (2026-09-26 19:56:35.606) Memory.cpp:3200::computeTransform() Missing visual features or missing raw data to compute them. Transform cannot be estimated.[0m
[0m[ INFO] [1790466995.818546978, 1790452791.533028956]: rtabmap (751): Rate=1.00s, Limit=0.000s, Conversion=0.0009s, RTAB-Map=0.3713s, Maps update=0.0005s pub=0.0001s (local map=473, WM=473)[0m
Warning: TF_REPEATED_DATA ignoring data with redundant timestamp for frame odom (parent map) at time 1790452791.857677 according to authority unknown_publisher
         at line 278 in /tmp/binarydeb/ros-noetic-tf2-0.7.7/src/buffer_core.cpp
[33m[ WARN] [1790466996.037045385, 1790452791.757677050]: TF_REPEATED_DATA ignoring data with redundant timestamp for frame odom (parent map) at time 1790452791.857677 according to authority unknown_publisher[0m
Warning: TF_REPEATED_DATA ignoring data with redundant timestamp for frame odom (parent map) at time 1790452791.857677 according to authority /rtabmap/rtabmap
         at line 278 in /tmp/binarydeb/ros-noetic-tf2-0.7.7/src/buffer_core.cpp
Warning: TF_REPEATED_DATA ignoring data with redundant timestamp for frame odom (parent map) at time 1790452792.221246 according to authority unknown_publisher
         at line 278 in /tmp/binarydeb/ros-noetic-tf2-0.7.7/src/buffer_core.cpp
[33m[ WARN] [1790466996.397763788, 1790452792.121246135]: TF_REPEATED_DATA ignoring data with redundant timestamp for frame odom (parent map) at time 1790452792.221246 according to authority unknown_publisher[0m
Warning: TF_REPEATED_DATA ignoring data with redundant timestamp for frame odom (parent map) at time 1790452792.221246 according to authority /rtabmap/rtabmap
         at line 278 in /tmp/binarydeb/ros-noetic-tf2-0.7.7/src/buffer_core.cpp
[33m[ WARN] (2026-09-26 19:56:36.637) Memory.cpp:3200::computeTransform() Missing visual features or missing raw data to compute them. Transform cannot be estimated.[0m
[0m[ INFO] [1790466996.844399026, 1790452792.566457616]: rtabmap (752): Rate=1.00s, Limit=0.000s, Conversion=0.0008s, RTAB-Map=0.3565s, Maps update=0.0010s pub=0.0001s (local map=474, WM=474)[0m
[33m[ WARN] (2026-09-26 19:56:37.725) Memory.cpp:3200::computeTransform() Missing visual features or missing raw data to compute them. Transform cannot be estimated.[0m
[0m[ INFO] [1790466997.931711789, 1790452793.647435859]: rtabmap (753): Rate=1.00s, Limit=0.000s, Conversion=0.0009s, RTAB-Map=0.3735s, Maps update=0.0005s pub=0.0001s (local map=475, WM=475)[0m
[33m[ WARN] (2026-09-26 19:56:38.828) Memory.cpp:3200::computeTransform() Missing visual features or missing raw data to compute them. Transform cannot be estimated.[0m
[0m[ INFO] [1790466999.035520771, 1790452794.750590178]: rtabmap (754): Rate=1.00s, Limit=0.000s, Conversion=0.0013s, RTAB-Map=0.3719s, Maps update=0.0005s pub=0.0001s (local map=476, WM=476)[0m
[33m[ WARN] (2026-09-26 19:56:39.822) Memory.cpp:3200::computeTransform() Missing visual features or missing raw data to compute them. Transform cannot be estimated.[0m
[0m[ INFO] [1790467000.029203904, 1790452795.753144495]: rtabmap (755): Rate=1.00s, Limit=0.000s, Conversion=0.0014s, RTAB-Map=0.3657s, Maps update=0.0005s pub=0.0001s (local map=477, WM=477)[0m
[33m[ WARN] (2026-09-26 19:56:40.918) Memory.cpp:3200::computeTransform() Missing visual features or missing raw data to compute them. Transform cannot be estimated.[0m
[0m[ INFO] [1790467001.116565580, 1790452796.838433737]: rtabmap (756): Rate=1.00s, Limit=0.000s, Conversion=0.0009s, RTAB-Map=0.3641s, Maps update=0.0004s pub=0.0001s (local map=478, WM=478)[0m
Warning: TF_REPEATED_DATA ignoring data with redundant timestamp for frame odom (parent map) at time 1790452797.418295 according to authority unknown_publisher
         at line 278 in /tmp/binarydeb/ros-noetic-tf2-0.7.7/src/buffer_core.cpp
[33m[ WARN] [1790467001.594823864, 1790452797.318295203]: TF_REPEATED_DATA ignoring data with redundant timestamp for frame odom (parent map) at time 1790452797.418295 according to authority unknown_publisher[0m
Warning: TF_REPEATED_DATA ignoring data with redundant timestamp for frame odom (parent map) at time 1790452797.418295 according to authority /rtabmap/rtabmap
         at line 278 in /tmp/binarydeb/ros-noetic-tf2-0.7.7/src/buffer_core.cpp
[33m[ WARN] (2026-09-26 19:56:41.905) Memory.cpp:3200::computeTransform() Missing visual features or missing raw data to compute them. Transform cannot be estimated.[0m
[0m[ INFO] [1790467002.103066002, 1790452797.823550946]: rtabmap (757): Rate=1.00s, Limit=0.000s, Conversion=0.0008s, RTAB-Map=0.3478s, Maps update=0.0010s pub=0.0001s (local map=479, WM=479)[0m
Warning: TF_REPEATED_DATA ignoring data with redundant timestamp for frame odom (parent map) at time 1790452798.075471 according to authority unknown_publisher
         at line 278 in /tmp/binarydeb/ros-noetic-tf2-0.7.7/src/buffer_core.cpp
[33m[ WARN] [1790467002.252553875, 1790452797.975470873]: TF_REPEATED_DATA ignoring data with redundant timestamp for frame odom (parent map) at time 1790452798.075471 according to authority unknown_publisher[0m
Warning: TF_REPEATED_DATA ignoring data with redundant timestamp for frame odom (parent map) at time 1790452798.075471 according to authority /rtabmap/rtabmap
         at line 278 in /tmp/binarydeb/ros-noetic-tf2-0.7.7/src/buffer_core.cpp
Warning: TF_REPEATED_DATA ignoring data with redundant timestamp for frame odom (parent map) at time 1790452798.282783 according to authority unknown_publisher
         at line 278 in /tmp/binarydeb/ros-noetic-tf2-0.7.7/src/buffer_core.cpp
[33m[ WARN] [1790467002.460065150, 1790452798.182783042]: TF_REPEATED_DATA ignoring data with redundant timestamp for frame odom (parent map) at time 1790452798.282783 according to authority unknown_publisher[0m
Warning: TF_REPEATED_DATA ignoring data with redundant timestamp for frame odom (parent map) at time 1790452798.282783 according to authority /rtabmap/rtabmap
         at line 278 in /tmp/binarydeb/ros-noetic-tf2-0.7.7/src/buffer_core.cpp
[33m[ WARN] (2026-09-26 19:56:43.024) Memory.cpp:3200::computeTransform() Missing visual features or missing raw data to compute them. Transform cannot be estimated.[0m
[0m[ INFO] [1790467003.206145302, 1790452798.890896516]: rtabmap (758): Rate=1.00s, Limit=0.000s, Conversion=0.0013s, RTAB-Map=0.3480s, Maps update=0.0006s pub=0.0001s (local map=480, WM=480)[0m
Warning: TF_REPEATED_DATA ignoring data with redundant timestamp for frame odom (parent map) at time 1790452799.150789 according to authority unknown_publisher
         at line 278 in /tmp/binarydeb/ros-noetic-tf2-0.7.7/src/buffer_core.cpp
[33m[ WARN] [1790467003.327832573, 1790452799.050789571]: TF_REPEATED_DATA ignoring data with redundant timestamp for frame odom (parent map) at time 1790452799.150789 according to authority unknown_publisher[0m
Warning: TF_REPEATED_DATA ignoring data with redundant timestamp for frame odom (parent map) at time 1790452799.150789 according to authority /rtabmap/rtabmap
         at line 278 in /tmp/binarydeb/ros-noetic-tf2-0.7.7/src/buffer_core.cpp
[33m[ WARN] (2026-09-26 19:56:44.105) Memory.cpp:3200::computeTransform() Missing visual features or missing raw data to compute them. Transform cannot be estimated.[0m
Warning: TF_REPEATED_DATA ignoring data with redundant timestamp for frame odom (parent map) at time 1790452800.019858 according to authority unknown_publisher
         at line 278 in /tmp/binarydeb/ros-noetic-tf2-0.7.7/src/buffer_core.cpp
[33m[ WARN] [1790467004.197739187, 1790452799.919858034]: TF_REPEATED_DATA ignoring data with redundant timestamp for frame odom (parent map) at time 1790452800.019858 according to authority unknown_publisher[0m
Warning: TF_REPEATED_DATA ignoring data with redundant timestamp for frame odom (parent map) at time 1790452800.019858 according to authority /rtabmap/rtabmap
         at line 278 in /tmp/binarydeb/ros-noetic-tf2-0.7.7/src/buffer_core.cpp
[0m[ INFO] [1790467004.341130238, 1790452800.063037883]: rtabmap (759): Rate=1.00s, Limit=0.000s, Conversion=0.0009s, RTAB-Map=0.3853s, Maps update=0.0009s pub=0.0001s (local map=481, WM=481)[0m
Warning: TF_REPEATED_DATA ignoring data with redundant timestamp for frame odom (parent map) at time 1790452800.873003 according to authority unknown_publisher
         at line 278 in /tmp/binarydeb/ros-noetic-tf2-0.7.7/src/buffer_core.cpp
[33m[ WARN] [1790467005.051025302, 1790452800.773003284]: TF_REPEATED_DATA ignoring data with redundant timestamp for frame odom (parent map) at time 1790452800.873003 according to authority unknown_publisher[0m
Warning: TF_REPEATED_DATA ignoring data with redundant timestamp for frame odom (parent map) at time 1790452800.873003 according to authority /rtabmap/rtabmap
         at line 278 in /tmp/binarydeb/ros-noetic-tf2-0.7.7/src/buffer_core.cpp
[33m[ WARN] (2026-09-26 19:56:45.298) Memory.cpp:3200::computeTransform() Missing visual features or missing raw data to compute them. Transform cannot be estimated.[0m
[0m[ INFO] [1790467005.522539342, 1790452801.241668401]: rtabmap (760): Rate=1.00s, Limit=0.000s, Conversion=0.0008s, RTAB-Map=0.3708s, Maps update=0.0005s pub=0.0001s (local map=482, WM=482)[0m
Warning: TF_REPEATED_DATA ignoring data with redundant timestamp for frame odom (parent map) at time 1790452801.738489 according to authority unknown_publisher
         at line 278 in /tmp/binarydeb/ros-noetic-tf2-0.7.7/src/buffer_core.cpp
[33m[ WARN] [1790467005.915723780, 1790452801.638489256]: TF_REPEATED_DATA ignoring data with redundant timestamp for frame odom (parent map) at time 1790452801.738489 according to authority unknown_publisher[0m
Warning: TF_REPEATED_DATA ignoring data with redundant timestamp for frame odom (parent map) at time 1790452801.738489 according to authority /rtabmap/rtabmap
         at line 278 in /tmp/binarydeb/ros-noetic-tf2-0.7.7/src/buffer_core.cpp
Warning: TF_REPEATED_DATA ignoring data with redundant timestamp for frame odom (parent map) at time 1790452802.113449 according to authority unknown_publisher
         at line 278 in /tmp/binarydeb/ros-noetic-tf2-0.7.7/src/buffer_core.cpp
[33m[ WARN] [1790467006.290788728, 1790452802.013448571]: TF_REPEATED_DATA ignoring data with redundant timestamp for frame odom (parent map) at time 1790452802.113449 according to authority unknown_publisher[0m
Warning: TF_REPEATED_DATA ignoring data with redundant timestamp for frame odom (parent map) at time 1790452802.113449 according to authority /rtabmap/rtabmap
         at line 278 in /tmp/binarydeb/ros-noetic-tf2-0.7.7/src/buffer_core.cpp
[33m[ WARN] (2026-09-26 19:56:46.311) Memory.cpp:3200::computeTransform() Missing visual features or missing raw data to compute them. Transform cannot be estimated.[0m
[0m[ INFO] [1790467006.539477881, 1790452802.254971644]: rtabmap (761): Rate=1.00s, Limit=0.000s, Conversion=0.0013s, RTAB-Map=0.3760s, Maps update=0.0007s pub=0.0001s (local map=483, WM=483)[0m
[33m[ WARN] (2026-09-26 19:56:47.314) Memory.cpp:3200::computeTransform() Missing visual features or missing raw data to compute them. Transform cannot be estimated.[0m
[0m[ INFO] [1790467007.549732301, 1790452803.268459917]: rtabmap (762): Rate=1.00s, Limit=0.000s, Conversion=0.0009s, RTAB-Map=0.3958s, Maps update=0.0007s pub=0.0001s (local map=484, WM=484)[0m
[33m[ WARN] (2026-09-26 19:56:48.310) Memory.cpp:3200::computeTransform() Missing visual features or missing raw data to compute them. Transform cannot be estimated.[0m
[0m[ INFO] [1790467008.564899761, 1790452804.286944943]: rtabmap (763): Rate=1.00s, Limit=0.000s, Conversion=0.0009s, RTAB-Map=0.4034s, Maps update=0.0006s pub=0.0001s (local map=485, WM=485)[0m
[33m[ WARN] (2026-09-26 19:56:49.418) Memory.cpp:3200::computeTransform() Missing visual features or missing raw data to compute them. Transform cannot be estimated.[0m
[0m[ INFO] [1790467009.645571593, 1790452805.364622156]: rtabmap (764): Rate=1.00s, Limit=0.000s, Conversion=0.0008s, RTAB-Map=0.3798s, Maps update=0.0008s pub=0.0001s (local map=486, WM=486)[0m
[33m[ WARN] (2026-09-26 19:56:50.423) Memory.cpp:3200::computeTransform() Missing visual features or missing raw data to compute them. Transform cannot be estimated.[0m
Warning: TF_REPEATED_DATA ignoring data with redundant timestamp for frame odom (parent map) at time 1790452806.433176 according to authority unknown_publisher
         at line 278 in /tmp/binarydeb/ros-noetic-tf2-0.7.7/src/buffer_core.cpp
[33m[ WARN] [1790467010.609876171, 1790452806.333176084]: TF_REPEATED_DATA ignoring data with redundant timestamp for frame odom (parent map) at time 1790452806.433176 according to authority unknown_publisher[0m
Warning: TF_REPEATED_DATA ignoring data with redundant timestamp for frame odom (parent map) at time 1790452806.433176 according to authority /rtabmap/rtabmap
         at line 278 in /tmp/binarydeb/ros-noetic-tf2-0.7.7/src/buffer_core.cpp
[0m[ INFO] [1790467010.644350274, 1790452806.363366053]: rtabmap (765): Rate=1.00s, Limit=0.000s, Conversion=0.0013s, RTAB-Map=0.3760s, Maps update=0.0007s pub=0.0001s (local map=487, WM=487)[0m
Warning: TF_REPEATED_DATA ignoring data with redundant timestamp for frame odom (parent map) at time 1790452807.308840 according to authority unknown_publisher
         at line 278 in /tmp/binarydeb/ros-noetic-tf2-0.7.7/src/buffer_core.cpp
Warning: TF_REPEATED_DATA ignoring data with redundant timestamp for frame odom (parent map) at time 1790452807.308840 according to authority /rtabmap/rtabmap
         at line [33m[ WARN] [1790467011.486371255, 1790452807.208839929]: TF_REPEATED_DATA ignoring data with redundant timestamp for frame odom (parent map) at time 1790452807.308840 according to authority unknown_publisher[0m
278 in /tmp/binarydeb/ros-noetic-tf2-0.7.7/src/buffer_core.cpp
[33m[ WARN] (2026-09-26 19:56:51.670) Memory.cpp:3200::computeTransform() Missing visual features or missing raw data to compute them. Transform cannot be estimated.[0m
[0m[ INFO] [1790467011.917267788, 1790452807.637071062]: rtabmap (766): Rate=1.00s, Limit=0.000s, Conversion=0.0013s, RTAB-Map=0.4112s, Maps update=0.0005s pub=0.0001s (local map=488, WM=488)[0m
Warning: TF_REPEATED_DATA ignoring data with redundant timestamp for frame odom (parent map) at time 1790452808.162605 according to authority unknown_publisher
         at line 278 in /tmp/binarydeb/ros-noetic-tf2-0.7.7/src/buffer_core.cpp
[33m[ WARN] [1790467012.339277938, 1790452808.062604924]: TF_REPEATED_DATA ignoring data with redundant timestamp for frame odom (parent map) at time 1790452808.162605 according to authority unknown_publisher[0m
Warning: TF_REPEATED_DATA ignoring data with redundant timestamp for frame odom (parent map) at time 1790452808.162605 according to authority /rtabmap/rtabmap
         at line 278 in /tmp/binarydeb/ros-noetic-tf2-0.7.7/src/buffer_core.cpp
[33m[ WARN] (2026-09-26 19:56:52.625) Memory.cpp:3200::computeTransform() Missing visual features or missing raw data to compute them. Transform cannot be estimated.[0m
[0m[ INFO] [1790467012.863564341, 1790452808.581423821]: rtabmap (767): Rate=1.00s, Limit=0.000s, Conversion=0.0009s, RTAB-Map=0.4044s, Maps update=0.0007s pub=0.0001s (local map=489, WM=489)[0m
Warning: TF_REPEATED_DATA ignoring data with redundant timestamp for frame odom (parent map) at time 1790452809.027312 according to authority unknown_publisher
         at line 278 in /tmp/binarydeb/ros-noetic-tf2-0.7.7/src/buffer_core.cpp
[33m[ WARN] [1790467013.204563104, 1790452808.927312132]: TF_REPEATED_DATA ignoring data with redundant timestamp for frame odom (parent map) at time 1790452809.027312 according to authority unknown_publisher[0m
Warning: TF_REPEATED_DATA ignoring data with redundant timestamp for frame odom (parent map) at time 1790452809.027312 according to authority /rtabmap/rtabmap
         at line 278 in /tmp/binarydeb/ros-noetic-tf2-0.7.7/src/buffer_core.cpp
[33m[ WARN] (2026-09-26 19:56:53.725) Memory.cpp:3200::computeTransform() Missing visual features or missing raw data to compute them. Transform cannot be estimated.[0m
[0m[ INFO] [1790467013.935979414, 1790452809.642531047]: rtabmap (768): Rate=1.00s, Limit=0.000s, Conversion=0.0012s, RTAB-Map=0.3755s, Maps update=0.0005s pub=0.0001s (local map=490, WM=490)[0m
Warning: TF_REPEATED_DATA ignoring data with redundant timestamp for frame odom (parent map) at time 1790452809.899398 according to authority unknown_publisher
         at line 278 in /tmp/binarydeb/ros-noetic-tf2-0.7.7/src/buffer_core.cpp
Warning: TF_REPEATED_DATA ignoring data with redundant timestamp for frame odom (parent map) at time 1790452809.899398 according to authority /rtabmap/rtabmap
         at line 278 in /tmp/binarydeb/ros-noetic-tf2-0.7.7/src/buffer_core.cpp
[33m[ WARN] [1790467014.077162707, 1790452809.799397810]: TF_REPEATED_DATA ignoring data with redundant timestamp for frame odom (parent map) at time 1790452809.899398 according to authority unknown_publisher[0m
[33m[ WARN] (2026-09-26 19:56:54.724) Memory.cpp:3200::computeTransform() Missing visual features or missing raw data to compute them. Transform cannot be estimated.[0m
[0m[ INFO] [1790467014.894568789, 1790452810.507009780]: rtabmap (769): Rate=1.00s, Limit=0.000s, Conversion=0.0009s, RTAB-Map=0.3268s, Maps update=0.0007s pub=0.0001s (local map=491, WM=491)[0m
Warning: TF_REPEATED_DATA ignoring data with redundant timestamp for frame odom (parent map) at time 1790452810.769671 according to authority unknown_publisher
         at line 278 in /tmp/binarydeb/ros-noetic-tf2-0.7.7/src/buffer_core.cpp
Warning: [33m[ WARN] [1790467014.946684365, 1790452810.669670835]: TF_REPEATED_DATA ignoring data with redundant timestamp for frame odom (parent map) at time 1790452810.769671 according to authority unknown_publisher[0m
TF_REPEATED_DATA ignoring data with redundant timestamp for frame odom (parent map) at time 1790452810.769671 according to authority /rtabmap/rtabmap
         at line 278 in /tmp/binarydeb/ros-noetic-tf2-0.7.7/src/buffer_core.cpp
Warning: TF_REPEATED_DATA ignoring data with redundant timestamp for frame odom (parent map) at time 1790452811.638053 according to authority unknown_publisher
         at line 278 in /tmp/binarydeb/ros-noetic-tf2-0.7.7/src/buffer_core.cpp
[33m[ WARN] [1790467015.816212139, 1790452811.538053319]: TF_REPEATED_DATA ignoring data with redundant timestamp for frame odom (parent map) at time 1790452811.638053 according to authority unknown_publisher[0m
Warning: TF_REPEATED_DATA ignoring data with redundant timestamp for frame odom (parent map) at time 1790452811.638053 according to authority /rtabmap/rtabmap
         at line 278 in /tmp/binarydeb/ros-noetic-tf2-0.7.7/src/buffer_core.cpp
[33m[ WARN] [1790467016.671363146, 1790452812.394115790]: TF_REPEATED_DATA ignoring data with redundant timestamp for frame odom (parent map) at time 1790452812.494116 according to authority unknown_publisher[0m
Warning: TF_REPEATED_DATA ignoring data with redundant timestamp for frame odom (parent map) at time 1790452812.494116 according to authority /rtabmap/rtabmap
         at line 278 in /tmp/binarydeb/ros-noetic-tf2-0.7.7/src/buffer_core.cpp
[33m[ WARN] (2026-09-26 19:56:55.831) Memory.cpp:3200::computeTransform() Missing visual features or missing raw data to compute them. Transform cannot be estimated.[0m
[0m[ INFO] [1790467016.008709465, 1790452811.727530074]: rtabmap (770): Rate=1.00s, Limit=0.000s, Conversion=0.0020s, RTAB-Map=0.3446s, Maps update=0.0005s pub=0.0001s (local map=492, WM=492)[0m
Warning: TF_REPEATED_DATA ignoring data with redundant timestamp for frame odom (parent map) at time 1790452812.494116 according to authority unknown_publisher
         at line 278 in /tmp/binarydeb/ros-noetic-tf2-0.7.7/src/buffer_core.cpp
[33m[ WARN] (2026-09-26 19:56:56.921) Memory.cpp:3200::computeTransform() Missing visual features or missing raw data to compute them. Transform cannot be estimated.[0m
Warning: TF_REPEATED_DATA ignoring data with redundant timestamp for frame odom (parent map) at time 1790452812.865269 according to authority unknown_publisher
         at line 278 in /tmp/binarydeb/ros-noetic-tf2-0.7.7/src/buffer_core.cpp
[33m[ WARN] [1790467017.043404339, 1790452812.765268847]: TF_REPEATED_DATA ignoring data with redundant timestamp for frame odom (parent map) at time 1790452812.865269 according to authority unknown_publisher[0m
Warning: TF_REPEATED_DATA ignoring data with redundant timestamp for frame odom (parent map) at time 1790452812.865269 according to authority /rtabmap/rtabmap
         at line 278 in /tmp/binarydeb/ros-noetic-tf2-0.7.7/src/buffer_core.cpp
[0m[ INFO] [1790467017.086144662, 1790452812.805526108]: rtabmap (771): Rate=1.00s, Limit=0.000s, Conversion=0.0014s, RTAB-Map=0.3253s, Maps update=0.0005s pub=0.0001s (local map=493, WM=493)[0m
[33m[ WARN] (2026-09-26 19:56:58.030) Memory.cpp:3200::computeTransform() Missing visual features or missing raw data to compute them. Transform cannot be estimated.[0m
[0m[ INFO] [1790467018.199842176, 1790452813.918039035]: rtabmap (772): Rate=1.00s, Limit=0.000s, Conversion=0.0013s, RTAB-Map=0.3333s, Maps update=0.0005s pub=0.0001s (local map=494, WM=494)[0m
[33m[ WARN] (2026-09-26 19:56:59.124) Memory.cpp:3200::computeTransform() Missing visual features or missing raw data to compute them. Transform cannot be estimated.[0m
[0m[ INFO] [1790467019.338829588, 1790452815.057740438]: rtabmap (773): Rate=1.00s, Limit=0.000s, Conversion=0.0014s, RTAB-Map=0.3632s, Maps update=0.0006s pub=0.0001s (local map=495, WM=495)[0m
[33m[ WARN] (2026-09-26 19:57:00.230) Memory.cpp:3200::computeTransform() Missing visual features or missing raw data to compute them. Transform cannot be estimated.[0m
[0m[ INFO] [1790467020.452542185, 1790452816.169116501]: rtabmap (774): Rate=1.00s, Limit=0.000s, Conversion=0.0009s, RTAB-Map=0.3721s, Maps update=0.0009s pub=0.0001s (local map=496, WM=496)[0m
[33m[ WARN] (2026-09-26 19:57:01.307) Memory.cpp:3200::computeTransform() Missing visual features or missing raw data to compute them. Transform cannot be estimated.[0m
[0m[ INFO] [1790467021.551667102, 1790452817.273947102]: rtabmap (775): Rate=1.00s, Limit=0.000s, Conversion=0.0009s, RTAB-Map=0.3928s, Maps update=0.0006s pub=0.0001s (local map=497, WM=497)[0m
[33m[ WARN] (2026-09-26 19:57:02.427) Memory.cpp:3200::computeTransform() Missing visual features or missing raw data to compute them. Transform cannot be estimated.[0m
[0m[ INFO] [1790467022.591753600, 1790452818.315961425]: rtabmap (776): Rate=1.00s, Limit=0.000s, Conversion=0.0013s, RTAB-Map=0.3293s, Maps update=0.0005s pub=0.0001s (local map=498, WM=498)[0m
[33m[ WARN] (2026-09-26 19:57:03.513) Memory.cpp:3200::computeTransform() Missing visual features or missing raw data to compute them. Transform cannot be estimated.[0m
[0m[ INFO] [1790467023.718856220, 1790452819.441195645]: rtabmap (777): Rate=1.00s, Limit=0.000s, Conversion=0.0014s, RTAB-Map=0.3544s, Maps update=0.0007s pub=0.0001s (local map=499, WM=499)[0m
[33m[ WARN] (2026-09-26 19:57:04.519) Memory.cpp:3200::computeTransform() Missing visual features or missing raw data to compute them. Transform cannot be estimated.[0m
[0m[ INFO] [1790467024.689958741, 1790452820.387276210]: rtabmap (778): Rate=1.00s, Limit=0.000s, Conversion=0.0013s, RTAB-Map=0.3207s, Maps update=0.0006s pub=0.0001s (local map=500, WM=500)[0m
Warning: TF_REPEATED_DATA ignoring data with redundant timestamp for frame odom (parent map) at time 1790452820.645013 according to authority unknown_publisher
         at line 278 in /tmp/binarydeb/ros-noetic-tf2-0.7.7/src/buffer_core.cpp
Warning: TF_REPEATED_DATA ignoring data with redundant timestamp for frame odom (parent map) at time 1790452820.645013 according to authority /rtabmap/rtabmap
         at line 278 in /tmp/binarydeb/ros-noetic-tf2-0.7.7/src/buffer_core.cpp
[33m[ WARN] [1790467024.822288007, 1790452820.545013003]: TF_REPEATED_DATA ignoring data with redundant timestamp for frame odom (parent map) at time 1790452820.645013 according to authority unknown_publisher[0m
[33m[ WARN] (2026-09-26 19:57:05.522) Memory.cpp:3200::computeTransform() Missing visual features or missing raw data to compute them. Transform cannot be estimated.[0m
[0m[ INFO] [1790467025.681123079, 1790452821.261713887]: rtabmap (779): Rate=1.00s, Limit=0.000s, Conversion=0.0017s, RTAB-Map=0.3130s, Maps update=0.0005s pub=0.0001s (local map=501, WM=501)[0m
Warning: TF_REPEATED_DATA ignoring data with redundant timestamp for frame odom (parent map) at time 1790452821.522422 according to authority unknown_publisher
         at line 278 in /tmp/binarydeb/ros-noetic-tf2-0.7.7/src/buffer_core.cpp
Warning: TF_REPEATED_DATA ignoring data with redundant timestamp for frame odom (parent map) at time 1790452821.522422 according to authority /rtabmap/rtabmap
         at line 278 in /tmp/binarydeb/ros-noetic-tf2-0.7.7/src/buffer_core.cpp
[33m[ WARN] [1790467025.699327692, 1790452821.422422356]: TF_REPEATED_DATA ignoring data with redundant timestamp for frame odom (parent map) at time 1790452821.522422 according to authority unknown_publisher[0m
Warning: TF_REPEATED_DATA ignoring data with redundant timestamp for frame odom (parent map) at time 1790452822.379991 according to authority unknown_publisher
         at line 278 in /tmp/binarydeb/ros-noetic-tf2-0.7.7/src/buffer_core.cpp
Warning: TF_REPEATED_DATA ignoring data with redundant timestamp for frame odom (parent map) at time 1790452822.379991 according to authority /rtabmap/rtabmap
         at line 278 in /tmp/binarydeb/ros-noetic-tf2-0.7.7/src/buffer_core.cpp
[33m[ WARN] [1790467026.557012164, 1790452822.279991179]: TF_REPEATED_DATA ignoring data with redundant timestamp for frame odom (parent map) at time 1790452822.379991 according to authority unknown_publisher[0m
[33m[ WARN] (2026-09-26 19:57:06.750) Memory.cpp:3200::computeTransform() Missing visual features or missing raw data to compute them. Transform cannot be estimated.[0m
[0m[ INFO] [1790467026.942663064, 1790452822.662903814]: rtabmap (780): Rate=1.00s, Limit=0.000s, Conversion=0.0010s, RTAB-Map=0.3551s, Maps update=0.0005s pub=0.0001s (local map=502, WM=502)[0m
Warning: TF_REPEATED_DATA ignoring data with redundant timestamp for frame odom (parent map) at time 1790452823.246220 according to authority unknown_publisher
         at line 278 in /tmp/binarydeb/ros-noetic-tf2-0.7.7/src/buffer_core.cpp
Warning: TF_REPEATED_DATA ignoring data with redundant timestamp for frame odom (parent map) at time 1790452823.246220 according to authority /rtabmap/rtabmap
         at line 278 in /tmp/binarydeb/ros-noetic-tf2-0.7.7/src/buffer_core.cpp
[33m[ WARN] [1790467027.426097351, 1790452823.146219732]: TF_REPEATED_DATA ignoring data with redundant timestamp for frame odom (parent map) at time 1790452823.246220 according to authority unknown_publisher[0m
[33m[ WARN] (2026-09-26 19:57:07.730) Memory.cpp:3200::computeTransform() Missing visual features or missing raw data to compute them. Transform cannot be estimated.[0m
[0m[ INFO] [1790467027.913101079, 1790452823.629288639]: rtabmap (781): Rate=1.00s, Limit=0.000s, Conversion=0.0009s, RTAB-Map=0.3395s, Maps update=0.0005s pub=0.0001s (local map=503, WM=503)[0m
Warning: TF_REPEATED_DATA ignoring data with redundant timestamp for frame odom (parent map) at time 1790452824.111790 according to authority unknown_publisher
         at line 278 in /tmp/binarydeb/ros-noetic-tf2-0.7.7/src/buffer_core.cpp
Warning: TF_REPEATED_DATA ignoring data with redundant timestamp for frame odom (parent map) at time 1790452824.111790 according to authority /rtabmap/rtabmap
         at line 278 in /tmp/binarydeb/ros-noetic-tf2-0.7.7/src/buffer_core.cpp
[33m[ WARN] [1790467028.289777276, 1790452824.011790457]: TF_REPEATED_DATA ignoring data with redundant timestamp for frame odom (parent map) at time 1790452824.111790 according to authority unknown_publisher[0m
Warning: TF_REPEATED_DATA ignoring data with redundant timestamp for frame odom (parent map) at time 1790452824.484918 according to authority unknown_publisher
         at line 278 in /tmp/binarydeb/ros-noetic-tf2-0.7.7/src/buffer_core.cpp
[33m[ WARN] [1790467028.661702614, 1790452824.384917886]: TF_REPEATED_DATA ignoring data with redundant timestamp for frame odom (parent map) at time 1790452824.484918 according to authority unknown_publisher[0m
Warning: TF_REPEATED_DATA ignoring data with redundant timestamp for frame odom (parent map) at time 1790452824.484918 according to authority /rtabmap/rtabmap
         at line 278 in /tmp/binarydeb/ros-noetic-tf2-0.7.7/src/buffer_core.cpp
[33m[ WARN] (2026-09-26 19:57:08.837) Memory.cpp:3200::computeTransform() Missing visual features or missing raw data to compute them. Transform cannot be estimated.[0m
[0m[ INFO] [1790467029.006544057, 1790452824.727785744]: rtabmap (782): Rate=1.00s, Limit=0.000s, Conversion=0.0009s, RTAB-Map=0.3226s, Maps update=0.0005s pub=0.0001s (local map=504, WM=504)[0m
[33m[ WARN] (2026-09-26 19:57:09.830) Memory.cpp:3200::computeTransform() Missing visual features or missing raw data to compute them. Transform cannot be estimated.[0m
[0m[ INFO] [1790467030.013558925, 1790452825.735818956]: rtabmap (783): Rate=1.00s, Limit=0.000s, Conversion=0.0014s, RTAB-Map=0.3533s, Maps update=0.0007s pub=0.0001s (local map=505, WM=505)[0m
[33m[ WARN] (2026-09-26 19:57:10.926) Memory.cpp:3200::computeTransform() Missing visual features or missing raw data to compute them. Transform cannot be estimated.[0m
[0m[ INFO] [1790467031.099784279, 1790452826.816439395]: rtabmap (784): Rate=1.00s, Limit=0.000s, Conversion=0.0013s, RTAB-Map=0.3425s, Maps update=0.0006s pub=0.0001s (local map=506, WM=506)[0m
[33m[ WARN] (2026-09-26 19:57:11.917) Memory.cpp:3200::computeTransform() Missing visual features or missing raw data to compute them. Transform cannot be estimated.[0m
[33m[ WARN] (2026-09-26 19:57:11.927) Memory.cpp:3200::computeTransform() Missing visual features or missing raw data to compute them. Transform cannot be estimated.[0m
[0m[ INFO] [1790467032.094019870, 1790452827.808379574]: rtabmap (785): Rate=1.00s, Limit=0.000s, Conversion=0.0009s, RTAB-Map=0.3427s, Maps update=0.0006s pub=0.0001s (local map=507, WM=507)[0m
Warning: TF_REPEATED_DATA ignoring data with redundant timestamp for frame odom (parent map) at time 1790452828.808543 according to authority unknown_publisher
         at line 278 in /tmp/binarydeb/ros-noetic-tf2-0.7.7/src/buffer_core.cpp
[33m[ WARN] [1790467032.985797155, 1790452828.708542631]: TF_REPEATED_DATA ignoring data with redundant timestamp for frame odom (parent map) at time 1790452828.808543 according to authority unknown_publisher[0m
Warning: TF_REPEATED_DATA ignoring data with redundant timestamp for frame odom (parent map) at time 1790452828.808543 according to authority /rtabmap/rtabmap
         at line 278 in /tmp/binarydeb/ros-noetic-tf2-0.7.7/src/buffer_core.cpp
Warning: TF_REPEATED_DATA ignoring data with redundant timestamp for frame odom (parent map) at time 1790452829.670835 according to authority /rtabmap/rtabmap
         at line 278 in /tmp/binarydeb/ros-noetic-tf2-0.7.7/src/buffer_core.cpp
[33m[ WARN] (2026-09-26 19:57:13.030) Memory.cpp:3200::computeTransform() Missing visual features or missing raw data to compute them. Transform cannot be estimated.[0m
[33m[ WARN] (2026-09-26 19:57:13.039) Memory.cpp:3200::computeTransform() Missing visual features or missing raw data to compute them. Transform cannot be estimated.[0m
[0m[ INFO] [1790467033.201409330, 1790452828.920512501]: rtabmap (786): Rate=1.00s, Limit=0.000s, Conversion=0.0013s, RTAB-Map=0.3428s, Maps update=0.0005s pub=0.0001s (local map=508, WM=508)[0m
Warning: TF_REPEATED_DATA ignoring data with redundant timestamp for frame odom (parent map) at time 1790452829.670835 according to authority unknown_publisher
         at line 278 in /tmp/binarydeb/ros-noetic-tf2-0.7.7/src/buffer_core.cpp
[33m[ WARN] [1790467033.849967951, 1790452829.570835522]: TF_REPEATED_DATA ignoring data with redundant timestamp for frame odom (parent map) at time 1790452829.670835 according to authority unknown_publisher[0m
[33m[ WARN] (2026-09-26 19:57:14.136) Memory.cpp:3200::computeTransform() Missing visual features or missing raw data to compute them. Transform cannot be estimated.[0m
[33m[ WARN] (2026-09-26 19:57:14.136) Memory.cpp:3200::computeTransform() Missing visual features or missing raw data to compute them. Transform cannot be estimated.[0m
[0m[ INFO] [1790467034.306978809, 1790452830.027874221]: rtabmap (787): Rate=1.00s, Limit=0.000s, Conversion=0.0109s, RTAB-Map=0.3331s, Maps update=0.0008s pub=0.0001s (local map=509, WM=509)[0m
Warning: TF_REPEATED_DATA ignoring data with redundant timestamp for frame odom (parent map) at time 1790452830.536119 according to authority unknown_publisher
         at line 278 in /tmp/binarydeb/ros-noetic-tf2-0.7.7/src/buffer_core.cpp
Warning: TF_REPEATED_DATA ignoring data with redundant timestamp for frame odom (parent map) at time 1790452830.536119 according to authority /rtabmap/rtabmap
         at line [33m[ WARN] [1790467034.714098685, 1790452830.436118875]: TF_REPEATED_DATA ignoring data with redundant timestamp for frame odom (parent map) at time 1790452830.536119 according to authority unknown_publisher[0m
278 in /tmp/binarydeb/ros-noetic-tf2-0.7.7/src/buffer_core.cpp
[33m[ WARN] (2026-09-26 19:57:15.129) Memory.cpp:3200::computeTransform() Missing visual features or missing raw data to compute them. Transform cannot be estimated.[0m
[33m[ WARN] (2026-09-26 19:57:15.130) Memory.cpp:3200::computeTransform() Missing visual features or missing raw data to compute them. Transform cannot be estimated.[0m
[0m[ INFO] [1790467035.296646820, 1790452831.011229597]: rtabmap (788): Rate=1.00s, Limit=0.000s, Conversion=0.0013s, RTAB-Map=0.3350s, Maps update=0.0006s pub=0.0001s (local map=510, WM=510)[0m
Warning: TF_REPEATED_DATA ignoring data with redundant timestamp for frame odom (parent map) at time 1790452831.395013 according to authority unknown_publisher
         at line 278 in /tmp/binarydeb/ros-noetic-tf2-0.7.7/src/buffer_core.cpp
[33m[ WARN] [1790467035.572043414, 1790452831.132137549]: TF_REPEATED_DATA ignoring data with redundant timestamp for frame odom (parent map) at time 1790452831.395013 according to authority unknown_publisher[0m
Warning: TF_REPEATED_DATA ignoring data with redundant timestamp for frame odom (parent map) at time 1790452831.395013 according to authority /rtabmap/rtabmap
         at line 278 in /tmp/binarydeb/ros-noetic-tf2-0.7.7/src/buffer_core.cpp
[33m[ WARN] (2026-09-26 19:57:16.113) Memory.cpp:3200::computeTransform() Missing visual features or missing raw data to compute them. Transform cannot be estimated.[0m
[33m[ WARN] (2026-09-26 19:57:16.113) Memory.cpp:3200::computeTransform() Missing visual features or missing raw data to compute them. Transform cannot be estimated.[0m
[0m[ INFO] [1790467036.312244830, 1790452831.997063496]: rtabmap (789): Rate=1.00s, Limit=0.000s, Conversion=0.0013s, RTAB-Map=0.3481s, Maps update=0.0006s pub=0.0001s (local map=511, WM=511)[0m
[33m[ WARN] [1790467036.430883994, 1790452832.150767428]: TF_REPEATED_DATA ignoring data with redundant timestamp for frame odom (parent map) at time 1790452832.250767 according to authority unknown_publisher[0m
Warning: TF_REPEATED_DATA ignoring data with redundant timestamp for frame odom (parent map) at time 1790452832.250767 according to authority unknown_publisher
         at line 278 in /tmp/binarydeb/ros-noetic-tf2-0.7.7/src/buffer_core.cpp
Warning: TF_REPEATED_DATA ignoring data with redundant timestamp for frame odom (parent map) at time 1790452832.250767 according to authority /rtabmap/rtabmap
         at line 278 in /tmp/binarydeb/ros-noetic-tf2-0.7.7/src/buffer_core.cpp
Warning: TF_REPEATED_DATA ignoring data with redundant timestamp for frame odom (parent map) at time 1790452832.623284 according to authority unknown_publisher
         at line 278 in /tmp/binarydeb/ros-noetic-tf2-0.7.7/src/buffer_core.cpp
[33m[ WARN] [1790467036.799906117, 1790452832.523284111]: TF_REPEATED_DATA ignoring data with redundant timestamp for frame odom (parent map) at time 1790452832.623284 according to authority unknown_publisher[0m
Warning: TF_REPEATED_DATA ignoring data with redundant timestamp for frame odom (parent map) at time 1790452832.623284 according to authority /rtabmap/rtabmap
         at line 278 in /tmp/binarydeb/ros-noetic-tf2-0.7.7/src/buffer_core.cpp
[33m[ WARN] (2026-09-26 19:57:17.209) Memory.cpp:3200::computeTransform() Missing visual features or missing raw data to compute them. Transform cannot be estimated.[0m
[33m[ WARN] (2026-09-26 19:57:17.209) Memory.cpp:3200::computeTransform() Missing visual features or missing raw data to compute them. Transform cannot be estimated.[0m
[0m[ INFO] [1790467037.383739356, 1790452833.107102502]: rtabmap (790): Rate=1.00s, Limit=0.000s, Conversion=0.0013s, RTAB-Map=0.3246s, Maps update=0.0005s pub=0.0001s (local map=512, WM=512)[0m
[33m[ WARN] (2026-09-26 19:57:18.305) Memory.cpp:3200::computeTransform() Missing visual features or missing raw data to compute them. Transform cannot be estimated.[0m
[33m[ WARN] (2026-09-26 19:57:18.306) Memory.cpp:3200::computeTransform() Missing visual features or missing raw data to compute them. Transform cannot be estimated.[0m
[0m[ INFO] [1790467038.505373544, 1790452834.227181092]: rtabmap (791): Rate=1.00s, Limit=0.000s, Conversion=0.0017s, RTAB-Map=0.3490s, Maps update=0.0007s pub=0.0001s (local map=513, WM=513)[0m
[33m[ WARN] (2026-09-26 19:57:19.428) Memory.cpp:3200::computeTransform() Missing visual features or missing raw data to compute them. Transform cannot be estimated.[0m
[33m[ WARN] (2026-09-26 19:57:19.428) Memory.cpp:3200::computeTransform() Missing visual features or missing raw data to compute them. Transform cannot be estimated.[0m
[0m[ INFO] [1790467039.607756105, 1790452835.331321365]: rtabmap (792): Rate=1.00s, Limit=0.000s, Conversion=0.0013s, RTAB-Map=0.3436s, Maps update=0.0007s pub=0.0001s (local map=514, WM=514)[0m
[33m[ WARN] (2026-09-26 19:57:20.501) Memory.cpp:3200::computeTransform() Missing visual features or missing raw data to compute them. Transform cannot be estimated.[0m
[33m[ WARN] (2026-09-26 19:57:20.501) Memory.cpp:3200::computeTransform() Missing visual features or missing raw data to compute them. Transform cannot be estimated.[0m
[0m[ INFO] [1790467040.681734507, 1790452836.399327968]: rtabmap (793): Rate=1.00s, Limit=0.000s, Conversion=0.0009s, RTAB-Map=0.3284s, Maps update=0.0006s pub=0.0001s (local map=515, WM=515)[0m
Warning: TF_REPEATED_DATA ignoring data with redundant timestamp for frame odom (parent map) at time 1790452836.970419 according to authority unknown_publisher
         at line 278 in /tmp/binarydeb/ros-noetic-tf2-0.7.7/src/buffer_core.cpp
[33m[ WARN] [1790467041.147919157, 1790452836.870419031]: TF_REPEATED_DATA ignoring data with redundant timestamp for frame odom (parent map) at time 1790452836.970419 according to authority unknown_publisher[0m
Warning: TF_REPEATED_DATA ignoring data with redundant timestamp for frame odom (parent map) at time 1790452836.970419 according to authority /rtabmap/rtabmap
         at line 278 in /tmp/binarydeb/ros-noetic-tf2-0.7.7/src/buffer_core.cpp
[33m[ WARN] (2026-09-26 19:57:21.561) Memory.cpp:3200::computeTransform() Missing visual features or missing raw data to compute them. Transform cannot be estimated.[0m
[33m[ WARN] (2026-09-26 19:57:21.562) Memory.cpp:3200::computeTransform() Missing visual features or missing raw data to compute them. Transform cannot be estimated.[0m
[33m[ WARN] (2026-09-26 19:57:21.562) Memory.cpp:3200::computeTransform() Missing visual features or missing raw data to compute them. Transform cannot be estimated.[0m
[0m[ INFO] [1790467041.732416508, 1790452837.455153472]: rtabmap (794): Rate=1.00s, Limit=0.000s, Conversion=0.0008s, RTAB-Map=0.3370s, Maps update=0.0006s pub=0.0001s (local map=516, WM=516)[0m
Warning: TF_REPEATED_DATA ignoring data with redundant timestamp for frame odom (parent map) at time 1790452837.831981 according to authority unknown_publisher
         at line 278 in /tmp/binarydeb/ros-noetic-tf2-0.7.7/src/buffer_core.cpp
[33m[ WARN] [1790467042.010141290, 1790452837.731981382]: TF_REPEATED_DATA ignoring data with redundant timestamp for frame odom (parent map) at time 1790452837.831981 according to authority unknown_publisher[0m
Warning: TF_REPEATED_DATA ignoring data with redundant timestamp for frame odom (parent map) at time 1790452837.831981 according to authority /rtabmap/rtabmap
         at line 278 in /tmp/binarydeb/ros-noetic-tf2-0.7.7/src/buffer_core.cpp
[33m[ WARN] (2026-09-26 19:57:22.528) Memory.cpp:3200::computeTransform() Missing visual features or missing raw data to compute them. Transform cannot be estimated.[0m
[33m[ WARN] (2026-09-26 19:57:22.528) Memory.cpp:3200::computeTransform() Missing visual features or missing raw data to compute them. Transform cannot be estimated.[0m
[33m[ WARN] (2026-09-26 19:57:22.528) Memory.cpp:3200::computeTransform() Missing visual features or missing raw data to compute them. Transform cannot be estimated.[0m
[0m[ INFO] [1790467042.715521190, 1790452838.437888935]: rtabmap (795): Rate=1.00s, Limit=0.000s, Conversion=0.0016s, RTAB-Map=0.3562s, Maps update=0.0005s pub=0.0001s (local map=517, WM=517)[0m
Warning: TF_REPEATED_DATA ignoring data with redundant timestamp for frame odom (parent map) at time 1790452838.701882 according to authority unknown_publisher
         at line 278 in /tmp/binarydeb/ros-noetic-tf2-0.7.7/src/buffer_core.cpp
[33m[ WARN] [1790467042.878071351, 1790452838.601882436]: TF_REPEATED_DATA ignoring data with redundant timestamp for frame odom (parent map) at time 1790452838.701882 according to authority unknown_publisher[0m
Warning: TF_REPEATED_DATA ignoring data with redundant timestamp for frame odom (parent map) at time 1790452838.701882 according to authority /rtabmap/rtabmap
         at line 278 in /tmp/binarydeb/ros-noetic-tf2-0.7.7/src/buffer_core.cpp
Warning: TF_REPEATED_DATA ignoring data with redundant timestamp for frame odom (parent map) at time 1790452839.068690 according to authority unknown_publisher
         at line 278 in /tmp/binarydeb/ros-noetic-tf2-0.7.7/src/buffer_core.cpp
[33m[ WARN] [1790467043.245459708, 1790452838.968690117]: TF_REPEATED_DATA ignoring data with redundant timestamp for frame odom (parent map) at time 1790452839.068690 according to authority unknown_publisher[0m
Warning: TF_REPEATED_DATA ignoring data with redundant timestamp for frame odom (parent map) at time 1790452839.068690 according to authority /rtabmap/rtabmap
         at line 278 in /tmp/binarydeb/ros-noetic-tf2-0.7.7/src/buffer_core.cpp
Warning: TF_REPEATED_DATA ignoring data with redundant timestamp for frame odom (parent map) at time 1790452840.794621 according to authority /rtabmap/rtabmap
         at line 278 in /tmp/binarydeb/ros-noetic-tf2-0.7.7/src/buffer_core.cpp
[33m[ WARN] (2026-09-26 19:57:23.615) Memory.cpp:3200::computeTransform() Missing visual features or missing raw data to compute them. Transform cannot be estimated.[0m
[33m[ WARN] (2026-09-26 19:57:23.615) Memory.cpp:3200::computeTransform() Missing visual features or missing raw data to compute them. Transform cannot be estimated.[0m
[33m[ WARN] (2026-09-26 19:57:23.616) Memory.cpp:3200::computeTransform() Missing visual features or missing raw data to compute them. Transform cannot be estimated.[0m
[0m[ INFO] [1790467043.813465136, 1790452839.536648344]: rtabmap (796): Rate=1.00s, Limit=0.000s, Conversion=0.0007s, RTAB-Map=0.3542s, Maps update=0.0008s pub=0.0001s (local map=518, WM=518)[0m
[33m[ WARN] (2026-09-26 19:57:24.725) Memory.cpp:3200::computeTransform() Missing visual features or missing raw data to compute them. Transform cannot be estimated.[0m
[33m[ WARN] (2026-09-26 19:57:24.725) Memory.cpp:3200::computeTransform() Missing visual features or missing raw data to compute them. Transform cannot be estimated.[0m
[33m[ WARN] (2026-09-26 19:57:24.726) Memory.cpp:3200::computeTransform() Missing visual features or missing raw data to compute them. Transform cannot be estimated.[0m
[0m[ INFO] [1790467044.939390079, 1790452840.532802241]: rtabmap (797): Rate=1.00s, Limit=0.000s, Conversion=0.0010s, RTAB-Map=0.3787s, Maps update=0.0006s pub=0.0001s (local map=519, WM=519)[0m
Warning: TF_REPEATED_DATA ignoring data with redundant timestamp for frame odom (parent map) at time 1790452840.794621 according to authority unknown_publisher
         at line 278 in /tmp/binarydeb/ros-noetic-tf2-0.7.7/src/buffer_core.cpp
[33m[ WARN] [1790467044.973026355, 1790452840.694620428]: TF_REPEATED_DATA ignoring data with redundant timestamp for frame odom (parent map) at time 1790452840.794621 according to authority unknown_publisher[0m
Warning: TF_REPEATED_DATA ignoring data with redundant timestamp for frame odom (parent map) at time 1790452841.168040 according to authority unknown_publisher
         at line 278 in /tmp/binarydeb/ros-noetic-tf2-0.7.7/src/buffer_core.cpp
[33m[ WARN] [1790467045.348087138, 1790452841.068040044]: TF_REPEATED_DATA ignoring data with redundant timestamp for frame odom (parent map) at time 1790452841.168040 according to authority unknown_publisher[0m
Warning: TF_REPEATED_DATA ignoring data with redundant timestamp for frame odom (parent map) at time 1790452841.168040 according to authority /rtabmap/rtabmap
         at line 278 in /tmp/binarydeb/ros-noetic-tf2-0.7.7/src/buffer_core.cpp
[33m[ WARN] (2026-09-26 19:57:25.742) Memory.cpp:3200::computeTransform() Missing visual features or missing raw data to compute them. Transform cannot be estimated.[0m
[33m[ WARN] (2026-09-26 19:57:25.742) Memory.cpp:3200::computeTransform() Missing visual features or missing raw data to compute them. Transform cannot be estimated.[0m
[33m[ WARN] (2026-09-26 19:57:25.742) Memory.cpp:3200::computeTransform() Missing visual features or missing raw data to compute them. Transform cannot be estimated.[0m
[0m[ INFO] [1790467045.947505914, 1790452841.667399972]: rtabmap (798): Rate=1.00s, Limit=0.000s, Conversion=0.0013s, RTAB-Map=0.3841s, Maps update=0.0011s pub=0.0001s (local map=520, WM=520)[0m
[33m[ WARN] (2026-09-26 19:57:26.847) Memory.cpp:3200::computeTransform() Missing visual features or missing raw data to compute them. Transform cannot be estimated.[0m
[33m[ WARN] (2026-09-26 19:57:26.847) Memory.cpp:3200::computeTransform() Missing visual features or missing raw data to compute them. Transform cannot be estimated.[0m
[33m[ WARN] (2026-09-26 19:57:26.848) Memory.cpp:3200::computeTransform() Missing visual features or missing raw data to compute them. Transform cannot be estimated.[0m
[0m[ INFO] [1790467047.043706465, 1790452842.757285521]: rtabmap (799): Rate=1.00s, Limit=0.000s, Conversion=0.0013s, RTAB-Map=0.3756s, Maps update=0.0009s pub=0.0001s (local map=521, WM=521)[0m
[33m[ WARN] (2026-09-26 19:57:27.832) Memory.cpp:3200::computeTransform() Missing visual features or missing raw data to compute them. Transform cannot be estimated.[0m
[33m[ WARN] (2026-09-26 19:57:27.832) Memory.cpp:3200::computeTransform() Missing visual features or missing raw data to compute them. Transform cannot be estimated.[0m
[33m[ WARN] (2026-09-26 19:57:27.833) Memory.cpp:3200::computeTransform() Missing visual features or missing raw data to compute them. Transform cannot be estimated.[0m
[0m[ INFO] [1790467048.018544370, 1790452843.736894574]: rtabmap (800): Rate=1.00s, Limit=0.000s, Conversion=0.0009s, RTAB-Map=0.3492s, Maps update=0.0006s pub=0.0001s (local map=522, WM=522)[0m
Warning: TF_REPEATED_DATA ignoring data with redundant timestamp for frame odom (parent map) at time 1790452844.142442 according to authority unknown_publisher
         at line 278 in /tmp/binarydeb/ros-noetic-tf2-0.7.7/src/buffer_core.cpp
Warning: TF_REPEATED_DATA ignoring data with redundant timestamp for frame odom (parent map) at time 1790452844.142442 according to authority /rtabmap/rtabmap
         at line 278 in /tmp/binarydeb/ros-noetic-tf2-0.7.7/src/buffer_core.cpp
[33m[ WARN] [1790467048.320517223, 1790452844.042442019]: TF_REPEATED_DATA ignoring data with redundant timestamp for frame odom (parent map) at time 1790452844.142442 according to authority unknown_publisher[0m
[33m[ WARN] (2026-09-26 19:57:28.961) Memory.cpp:3200::computeTransform() Missing visual features or missing raw data to compute them. Transform cannot be estimated.[0m
[33m[ WARN] (2026-09-26 19:57:28.961) Memory.cpp:3200::computeTransform() Missing visual features or missing raw data to compute them. Transform cannot be estimated.[0m
[33m[ WARN] (2026-09-26 19:57:28.961) Memory.cpp:3200::computeTransform() Missing visual features or missing raw data to compute them. Transform cannot be estimated.[0m
[0m[ INFO] [1790467049.140453646, 1790452844.858631720]: rtabmap (801): Rate=1.00s, Limit=0.000s, Conversion=0.0015s, RTAB-Map=0.3591s, Maps update=0.0006s pub=0.0001s (local map=523, WM=523)[0m
[33m[ WARN] (2026-09-26 19:57:30.031) Memory.cpp:3200::computeTransform() Missing visual features or missing raw data to compute them. Transform cannot be estimated.[0m
[33m[ WARN] (2026-09-26 19:57:30.032) Memory.cpp:3200::computeTransform() Missing visual features or missing raw data to compute them. Transform cannot be estimated.[0m
[33m[ WARN] (2026-09-26 19:57:30.032) Memory.cpp:3200::computeTransform() Missing visual features or missing raw data to compute them. Transform cannot be estimated.[0m
[0m[ INFO] [1790467050.225988035, 1790452845.941589080]: rtabmap (802): Rate=1.00s, Limit=0.000s, Conversion=0.0014s, RTAB-Map=0.3668s, Maps update=0.0005s pub=0.0001s (local map=524, WM=524)[0m
Warning: TF_REPEATED_DATA ignoring data with redundant timestamp for frame odom (parent map) at time 1790452846.232734 according to authority unknown_publisher
         at line 278 in /tmp/binarydeb/ros-noetic-tf2-0.7.7/src/buffer_core.cpp
[33m[ WARN] [1790467050.409371244, 1790452846.132734552]: TF_REPEATED_DATA ignoring data with redundant timestamp for frame odom (parent map) at time 1790452846.232734 according to authority unknown_publisher[0m
Warning: TF_REPEATED_DATA ignoring data with redundant timestamp for frame odom (parent map) at time 1790452846.232734 according to authority /rtabmap/rtabmap
         at line 278 in /tmp/binarydeb/ros-noetic-tf2-0.7.7/src/buffer_core.cpp
Warning: TF_REPEATED_DATA ignoring data with redundant timestamp for frame odom (parent map) at time 1790452846.598687 according to authority unknown_publisher
         at line 278 in /tmp/binarydeb/ros-noetic-tf2-0.7.7/src/buffer_core.cpp
[33m[ WARN] [1790467050.775079221, 1790452846.498687363]: TF_REPEATED_DATA ignoring data with redundant timestamp for frame odom (parent map) at time 1790452846.598687 according to authority unknown_publisher[0m
Warning: TF_REPEATED_DATA ignoring data with redundant timestamp for frame odom (parent map) at time 1790452846.598687 according to authority /rtabmap/rtabmap
         at line 278 in /tmp/binarydeb/ros-noetic-tf2-0.7.7/src/buffer_core.cpp
[33m[ WARN] (2026-09-26 19:57:31.114) Memory.cpp:3200::computeTransform() Missing visual features or missing raw data to compute them. Transform cannot be estimated.[0m
[33m[ WARN] (2026-09-26 19:57:31.114) Memory.cpp:3200::computeTransform() Missing visual features or missing raw data to compute them. Transform cannot be estimated.[0m
[0m[ INFO] [1790467051.309087902, 1790452847.028561838]: rtabmap (803): Rate=1.00s, Limit=0.000s, Conversion=0.0009s, RTAB-Map=0.3527s, Maps update=0.0005s pub=0.0001s (local map=525, WM=525)[0m
Warning: TF_REPEATED_DATA ignoring data with redundant timestamp for frame odom (parent map) at time 1790452847.471747 according to authority unknown_publisher
         at line 278 in /tmp/binarydeb/ros-noetic-tf2-0.7.7/src/buffer_core.cpp
[33m[ WARN] [1790467051.649192691, 1790452847.371747513]: TF_REPEATED_DATA ignoring data with redundant timestamp for frame odom (parent map) at time 1790452847.471747 according to authority unknown_publisher[0m
Warning: TF_REPEATED_DATA ignoring data with redundant timestamp for frame odom (parent map) at time 1790452847.471747 according to authority /rtabmap/rtabmap
         at line 278 in /tmp/binarydeb/ros-noetic-tf2-0.7.7/src/buffer_core.cpp
[33m[ WARN] (2026-09-26 19:57:32.131) Memory.cpp:3200::computeTransform() Missing visual features or missing raw data to compute them. Transform cannot be estimated.[0m
[33m[ WARN] (2026-09-26 19:57:32.132) Memory.cpp:3200::computeTransform() Missing visual features or missing raw data to compute them. Transform cannot be estimated.[0m
[0m[ INFO] [1790467052.323527861, 1790452848.044205806]: rtabmap (804): Rate=1.00s, Limit=0.000s, Conversion=0.0010s, RTAB-Map=0.3651s, Maps update=0.0005s pub=0.0001s (local map=526, WM=526)[0m
[33m[ WARN] (2026-09-26 19:57:33.236) Memory.cpp:3200::computeTransform() Missing visual features or missing raw data to compute them. Transform cannot be estimated.[0m
[33m[ WARN] (2026-09-26 19:57:33.237) Memory.cpp:3200::computeTransform() Missing visual features or missing raw data to compute them. Transform cannot be estimated.[0m
[0m[ INFO] [1790467053.428684871, 1790452849.144451900]: rtabmap (805): Rate=1.00s, Limit=0.000s, Conversion=0.0011s, RTAB-Map=0.3735s, Maps update=0.0006s pub=0.0001s (local map=527, WM=527)[0m
Warning: TF_REPEATED_DATA ignoring data with redundant timestamp for frame odom (parent map) at time 1790452849.572965 according to authority unknown_publisher
         at line 278 in /tmp/binarydeb/ros-noetic-tf2-0.7.7/src/buffer_core.cpp
[33m[ WARN] [1790467053.748977619, 1790452849.472964932]: TF_REPEATED_DATA ignoring data with redundant timestamp for frame odom (parent map) at time 1790452849.572965 according to authority unknown_publisher[0m
Warning: TF_REPEATED_DATA ignoring data with redundant timestamp for frame odom (parent map) at time 1790452849.572965 according to authority /rtabmap/rtabmap
         at line 278 in /tmp/binarydeb/ros-noetic-tf2-0.7.7/src/buffer_core.cpp
Warning: TF_REPEATED_DATA ignoring data with redundant timestamp for frame odom (parent map) at time 1790452849.940265 according to authority unknown_publisher
         at line 278 in /tmp/binarydeb/ros-noetic-tf2-0.7.7/src/buffer_core.cpp
[33m[ WARN] [1790467054.117228764, 1790452849.840265510]: TF_REPEATED_DATA ignoring data with redundant timestamp for frame odom (parent map) at time 1790452849.940265 according to authority unknown_publisher[0m
Warning: TF_REPEATED_DATA ignoring data with redundant timestamp for frame odom (parent map) at time 1790452849.940265 according to authority /rtabmap/rtabmap
         at line 278 in /tmp/binarydeb/ros-noetic-tf2-0.7.7/src/buffer_core.cpp
[33m[ WARN] (2026-09-26 19:57:34.359) Memory.cpp:3200::computeTransform() Missing visual features or missing raw data to compute them. Transform cannot be estimated.[0m
[33m[ WARN] (2026-09-26 19:57:34.360) Memory.cpp:3200::computeTransform() Missing visual features or missing raw data to compute them. Transform cannot be estimated.[0m
[0m[ INFO] [1790467054.561354125, 1790452850.285185052]: rtabmap (806): Rate=1.00s, Limit=0.000s, Conversion=0.0015s, RTAB-Map=0.3611s, Maps update=0.0007s pub=0.0001s (local map=528, WM=528)[0m
[33m[ WARN] (2026-09-26 19:57:34.702) Memory.cpp:3200::computeTransform() Missing visual features or missing raw data to compute them. Transform cannot be estimated.[0m
[33m[ WARN] (2026-09-26 19:57:34.702) Memory.cpp:3200::computeTransform() Missing visual features or missing raw data to compute them. Transform cannot be estimated.[0m
[0m[ INFO] [1790467054.893113135, 1790452850.612887010]: rtabmap (807): Rate=1.00s, Limit=0.000s, Conversion=0.0008s, RTAB-Map=0.3290s, Maps update=0.0006s pub=0.0001s (local map=528, WM=528)[0m
[33m[ WARN] (2026-09-26 19:57:35.445) Memory.cpp:3200::computeTransform() Missing visual features or missing raw data to compute them. Transform cannot be estimated.[0m
[33m[ WARN] (2026-09-26 19:57:35.446) Memory.cpp:3200::computeTransform() Missing visual features or missing raw data to compute them. Transform cannot be estimated.[0m
[0m[ INFO] [1790467055.662745532, 1790452851.382869073]: rtabmap (808): Rate=1.00s, Limit=0.000s, Conversion=0.0020s, RTAB-Map=0.3939s, Maps update=0.0010s pub=0.0001s (local map=529, WM=529)[0m
Warning: TF_REPEATED_DATA ignoring data with redundant timestamp for frame odom (parent map) at time 1790452851.672162 according to authority unknown_publisher
         at line 278 in /tmp/binarydeb/ros-noetic-tf2-0.7.7/src/buffer_core.cpp
[33m[ WARN] [1790467055.849117444, 1790452851.572162190]: TF_REPEATED_DATA ignoring data with redundant timestamp for frame odom (parent map) at time 1790452851.672162 according to authority unknown_publisher[0m
Warning: TF_REPEATED_DATA ignoring data with redundant timestamp for frame odom (parent map) at time 1790452851.672162 according to authority /rtabmap/rtabmap
         at line 278 in /tmp/binarydeb/ros-noetic-tf2-0.7.7/src/buffer_core.cpp
Warning: TF_REPEATED_DATA ignoring data with redundant timestamp for frame odom (parent map) at time 1790452852.041759 according to authority unknown_publisher
         at line 278 in /tmp/binarydeb/ros-noetic-tf2-0.7.7/src/buffer_core.cpp
[33m[ WARN] [1790467056.218761599, 1790452851.941759241]: TF_REPEATED_DATA ignoring data with redundant timestamp for frame odom (parent map) at time 1790452852.041759 according to authority unknown_publisher[0m
Warning: TF_REPEATED_DATA ignoring data with redundant timestamp for frame odom (parent map) at time 1790452852.041759 according to authority /rtabmap/rtabmap
         at line 278 in /tmp/binarydeb/ros-noetic-tf2-0.7.7/src/buffer_core.cpp
[33m[ WARN] (2026-09-26 19:57:36.480) Memory.cpp:3200::computeTransform() Missing visual features or missing raw data to compute them. Transform cannot be estimated.[0m
[33m[ WARN] (2026-09-26 19:57:36.480) Memory.cpp:3200::computeTransform() Missing visual features or missing raw data to compute them. Transform cannot be estimated.[0m
[0m[ INFO] [1790467056.681662210, 1790452852.403036320]: rtabmap (809): Rate=1.00s, Limit=0.000s, Conversion=0.0015s, RTAB-Map=0.3733s, Maps update=0.0007s pub=0.0001s (local map=530, WM=530)[0m
[33m[ WARN] (2026-09-26 19:57:37.534) Memory.cpp:3200::computeTransform() Missing visual features or missing raw data to compute them. Transform cannot be estimated.[0m
[33m[ WARN] (2026-09-26 19:57:37.534) Memory.cpp:3200::computeTransform() Missing visual features or missing raw data to compute them. Transform cannot be estimated.[0m
[0m[ INFO] [1790467057.740221938, 1790452853.457658099]: rtabmap (810): Rate=1.00s, Limit=0.000s, Conversion=0.0014s, RTAB-Map=0.3760s, Maps update=0.0005s pub=0.0001s (local map=531, WM=531)[0m
Warning: TF_REPEATED_DATA ignoring data with redundant timestamp for frame odom (parent map) at time 1790452853.771943 according to authority unknown_publisher
         at line 278 in /tmp/binarydeb/ros-noetic-tf2-0.7.7/src/buffer_core.cpp
[33m[ WARN] [1790467057.949504836, 1790452853.671942858]: TF_REPEATED_DATA ignoring data with redundant timestamp for frame odom (parent map) at time 1790452853.771943 according to authority unknown_publisher[0m
Warning: TF_REPEATED_DATA ignoring data with redundant timestamp for frame odom (parent map) at time 1790452853.771943 according to authority /rtabmap/rtabmap
         at line 278 in /tmp/binarydeb/ros-noetic-tf2-0.7.7/src/buffer_core.cpp
Warning: TF_REPEATED_DATA ignoring data with redundant timestamp for frame odom (parent map) at time 1790452854.146314 according to authority unknown_publisher
         at line 278 in /tmp/binarydeb/ros-noetic-tf2-0.7.7/src/buffer_core.cpp
[33m[ WARN] [1790467058.324045708, 1790452854.046313584]: TF_REPEATED_DATA ignoring data with redundant timestamp for frame odom (parent map) at time 1790452854.146314 according to authority unknown_publisher[0m
Warning: TF_REPEATED_DATA ignoring data with redundant timestamp for frame odom (parent map) at time 1790452854.146314 according to authority /rtabmap/rtabmap
         at line 278 in /tmp/binarydeb/ros-noetic-tf2-0.7.7/src/buffer_core.cpp
[33m[ WARN] (2026-09-26 19:57:38.571) Memory.cpp:3200::computeTransform() Missing visual features or missing raw data to compute them. Transform cannot be estimated.[0m
[33m[ WARN] (2026-09-26 19:57:38.572) Memory.cpp:3200::computeTransform() Missing visual features or missing raw data to compute them. Transform cannot be estimated.[0m
[0m[ INFO] [1790467058.762478693, 1790452854.481586034]: rtabmap (811): Rate=1.00s, Limit=0.000s, Conversion=0.0014s, RTAB-Map=0.3581s, Maps update=0.0008s pub=0.0001s (local map=532, WM=532)[0m
[33m[ WARN] (2026-09-26 19:57:39.636) Memory.cpp:3200::computeTransform() Missing visual features or missing raw data to compute them. Transform cannot be estimated.[0m
[33m[ WARN] (2026-09-26 19:57:39.637) Memory.cpp:3200::computeTransform() Missing visual features or missing raw data to compute them. Transform cannot be estimated.[0m
[0m[ INFO] [1790467059.787249813, 1790452855.504580533]: rtabmap (812): Rate=1.00s, Limit=0.000s, Conversion=0.0014s, RTAB-Map=0.3182s, Maps update=0.0006s pub=0.0001s (local map=533, WM=533)[0m
Warning: TF_REPEATED_DATA ignoring data with redundant timestamp for frame odom (parent map) at time 1790452855.885005 according to authority unknown_publisher
         at line 278 in /tmp/binarydeb/ros-noetic-tf2-0.7.7/src/buffer_core.cpp
[33m[ WARN] [1790467060.062218475, 1790452855.785004467]: TF_REPEATED_DATA ignoring data with redundant timestamp for frame odom (parent map) at time 1790452855.885005 according to authority unknown_publisher[0m
Warning: TF_REPEATED_DATA ignoring data with redundant timestamp for frame odom (parent map) at time 1790452855.885005 according to authority /rtabmap/rtabmap
         at line 278 in /tmp/binarydeb/ros-noetic-tf2-0.7.7/src/buffer_core.cpp
[33m[ WARN] (2026-09-26 19:57:40.613) Memory.cpp:3200::computeTransform() Missing visual features or missing raw data to compute them. Transform cannot be estimated.[0m
[33m[ WARN] (2026-09-26 19:57:40.614) Memory.cpp:3200::computeTransform() Missing visual features or missing raw data to compute them. Transform cannot be estimated.[0m
[0m[ INFO] [1790467060.752601950, 1790452856.470309889]: rtabmap (813): Rate=1.00s, Limit=0.000s, Conversion=0.0010s, RTAB-Map=0.3001s, Maps update=0.0010s pub=0.0001s (local map=534, WM=534)[0m
Warning: TF_REPEATED_DATA ignoring data with redundant timestamp for frame odom (parent map) at time 1790452856.747661 according to authority unknown_publisher
         at line 278 in /tmp/binarydeb/ros-noetic-tf2-0.7.7/src/buffer_core.cpp
[33m[ WARN] [1790467060.926239570, 1790452856.647660752]: TF_REPEATED_DATA ignoring data with redundant timestamp for frame odom (parent map) at time 1790452856.747661 according to authority unknown_publisher[0m
Warning: TF_REPEATED_DATA ignoring data with redundant timestamp for frame odom (parent map) at time 1790452856.747661 according to authority /rtabmap/rtabmap
         at line 278 in /tmp/binarydeb/ros-noetic-tf2-0.7.7/src/buffer_core.cpp
[33m[ WARN] (2026-09-26 19:57:41.620) Memory.cpp:3200::computeTransform() Missing visual features or missing raw data to compute them. Transform cannot be estimated.[0m
[33m[ WARN] (2026-09-26 19:57:41.620) Memory.cpp:3200::computeTransform() Missing visual features or missing raw data to compute them. Transform cannot be estimated.[0m
[0m[ INFO] [1790467061.771942299, 1790452857.493107863]: rtabmap (814): Rate=1.00s, Limit=0.000s, Conversion=0.0010s, RTAB-Map=0.3161s, Maps update=0.0007s pub=0.0001s (local map=535, WM=535)[0m
[33m[ WARN] (2026-09-26 19:57:42.714) Memory.cpp:3200::computeTransform() Missing visual features or missing raw data to compute them. Transform cannot be estimated.[0m
[33m[ WARN] (2026-09-26 19:57:42.714) Memory.cpp:3200::computeTransform() Missing visual features or missing raw data to compute them. Transform cannot be estimated.[0m
[0m[ INFO] [1790467062.858730736, 1790452858.572950105]: rtabmap (815): Rate=1.00s, Limit=0.000s, Conversion=0.0012s, RTAB-Map=0.2935s, Maps update=0.0010s pub=0.0001s (local map=536, WM=536)[0m
[33m[ WARN] (2026-09-26 19:57:43.715) Memory.cpp:3200::computeTransform() Missing visual features or missing raw data to compute them. Transform cannot be estimated.[0m
[33m[ WARN] (2026-09-26 19:57:43.715) Memory.cpp:3200::computeTransform() Missing visual features or missing raw data to compute them. Transform cannot be estimated.[0m
Warning: TF_REPEATED_DATA ignoring data with redundant timestamp for frame odom (parent map) at time 1790452859.712145 according to authority unknown_publisher
         at line 278 in /tmp/binarydeb/ros-noetic-tf2-0.7.7/src/buffer_core.cpp
[33m[ WARN] [1790467063.890820960, 1790452859.612145245]: TF_REPEATED_DATA ignoring data with redundant timestamp for frame odom (parent map) at time 1790452859.712145 according to authority unknown_publisher[0m
Warning: TF_REPEATED_DATA ignoring data with redundant timestamp for frame odom (parent map) at time 1790452859.712145 according to authority /rtabmap/rtabmap
         at line 278 in /tmp/binarydeb/ros-noetic-tf2-0.7.7/src/buffer_core.cpp
[0m[ INFO] [1790467063.927586989, 1790452859.642411067]: rtabmap (816): Rate=1.00s, Limit=0.000s, Conversion=0.0016s, RTAB-Map=0.3727s, Maps update=0.0006s pub=0.0001s (local map=536, WM=536)[0m
[33m[ WARN] (2026-09-26 19:57:44.816) Memory.cpp:3200::computeTransform() Missing visual features or missing raw data to compute them. Transform cannot be estimated.[0m
[33m[ WARN] (2026-09-26 19:57:44.816) Memory.cpp:3200::computeTransform() Missing visual features or missing raw data to compute them. Transform cannot be estimated.[0m
[0m[ INFO] [1790467064.991939541, 1790452860.706532449]: rtabmap (817): Rate=1.00s, Limit=0.000s, Conversion=0.0009s, RTAB-Map=0.3274s, Maps update=0.0005s pub=0.0001s (local map=537, WM=537)[0m
[33m[ WARN] (2026-09-26 19:57:45.908) Memory.cpp:3200::computeTransform() Missing visual features or missing raw data to compute them. Transform cannot be estimated.[0m
[33m[ WARN] (2026-09-26 19:57:45.909) Memory.cpp:3200::computeTransform() Missing visual features or missing raw data to compute them. Transform cannot be estimated.[0m
Warning: TF_REPEATED_DATA ignoring data with redundant timestamp for frame odom (parent map) at time 1790452861.801032 according to authority unknown_publisher
         at line 278 in /tmp/binarydeb/ros-noetic-tf2-0.7.7/src/buffer_core.cpp
[33m[ WARN] [1790467065.978494188, 1790452861.701031826]: TF_REPEATED_DATA ignoring data with redundant timestamp for frame odom (parent map) at time 1790452861.801032 according to authority unknown_publisher[0m
Warning: TF_REPEATED_DATA ignoring data with redundant timestamp for frame odom (parent map) at time 1790452861.801032 according to authority /rtabmap/rtabmap
         at line 278 in /tmp/binarydeb/ros-noetic-tf2-0.7.7/src/buffer_core.cpp
[0m[ INFO] [1790467066.096562545, 1790452861.812880169]: rtabmap (818): Rate=1.00s, Limit=0.000s, Conversion=0.0015s, RTAB-Map=0.3436s, Maps update=0.0008s pub=0.0001s (local map=538, WM=538)[0m
Warning: TF_REPEATED_DATA ignoring data with redundant timestamp for frame odom (parent map) at time 1790452862.675032 according to authority unknown_publisher
         at line 278 in /tmp/binarydeb/ros-noetic-tf2-0.7.7/src/buffer_core.cpp
[33m[ WARN] [1790467066.854474558, 1790452862.575032342]: TF_REPEATED_DATA ignoring data with redundant timestamp for frame odom (parent map) at time 1790452862.675032 according to authority unknown_publisher[0m
Warning: TF_REPEATED_DATA ignoring data with redundant timestamp for frame odom (parent map) at time 1790452862.675032 according to authority /rtabmap/rtabmap
         at line 278 in /tmp/binarydeb/ros-noetic-tf2-0.7.7/src/buffer_core.cpp
[33m[ WARN] [1790467067.226420115, 1790452862.948190227]: TF_REPEATED_DATA ignoring data with redundant timestamp for frame odom (parent map) at time 1790452863.048190 according to authority unknown_publisher[0m
[33m[ WARN] (2026-09-26 19:57:47.113) Memory.cpp:3200::computeTransform() Missing visual features or missing raw data to compute them. Transform cannot be estimated.[0m
[33m[ WARN] (2026-09-26 19:57:47.113) Memory.cpp:3200::computeTransform() Missing visual features or missing raw data to compute them. Transform cannot be estimated.[0m
Warning: TF_REPEATED_DATA ignoring data with redundant timestamp for frame odom (parent map) at time 1790452863.048190 according to authority unknown_publisher
         at line 278 in /tmp/binarydeb/ros-noetic-tf2-0.7.7/src/buffer_core.cpp
Warning: TF_REPEATED_DATA ignoring data with redundant timestamp for frame odom (parent map) at time 1790452863.048190 according to authority /rtabmap/rtabmap
         at line 278 in /tmp/binarydeb/ros-noetic-tf2-0.7.7/src/buffer_core.cpp
[0m[ INFO] [1790467067.319354976, 1790452863.038784719]: rtabmap (819): Rate=1.00s, Limit=0.000s, Conversion=0.0010s, RTAB-Map=0.3610s, Maps update=0.0010s pub=0.0001s (local map=539, WM=539)[0m
Warning: TF_REPEATED_DATA ignoring data with redundant timestamp for frame odom (parent map) at time 1790452863.921606 according to authority unknown_publisher
         at line 278 in /tmp/binarydeb/ros-noetic-tf2-0.7.7/src/buffer_core.cpp
Warning: TF_REPEATED_DATA ignoring data with redundant timestamp for frame odom (parent map) at time 1790452863.921606 according to authority /rtabmap/rtabmap
         at line 278 in /tmp/binarydeb/ros-noetic-tf2-0.7.7/src/buffer_core.cpp
[33m[ WARN] [1790467068.098548114, 1790452863.821605916]: TF_REPEATED_DATA ignoring data with redundant timestamp for frame odom (parent map) at time 1790452863.921606 according to authority unknown_publisher[0m
[33m[ WARN] (2026-09-26 19:57:48.118) Memory.cpp:3200::computeTransform() Missing visual features or missing raw data to compute them. Transform cannot be estimated.[0m
[33m[ WARN] (2026-09-26 19:57:48.118) Memory.cpp:3200::computeTransform() Missing visual features or missing raw data to compute them. Transform cannot be estimated.[0m
[0m[ INFO] [1790467068.326224803, 1790452864.043125280]: rtabmap (820): Rate=1.00s, Limit=0.000s, Conversion=0.0010s, RTAB-Map=0.3666s, Maps update=0.0008s pub=0.0001s (local map=540, WM=540)[0m
Warning: TF_REPEATED_DATA ignoring data with redundant timestamp for frame odom (parent map) at time 1790452864.772744 according to authority unknown_publisher
         at line 278 in /tmp/binarydeb/ros-noetic-tf2-0.7.7/src/buffer_core.cpp
[33m[ WARN] [1790467068.949916992, 1790452864.672744521]: TF_REPEATED_DATA ignoring data with redundant timestamp for frame odom (parent map) at time 1790452864.772744 according to authority unknown_publisher[0m
Warning: TF_REPEATED_DATA ignoring data with redundant timestamp for frame odom (parent map) at time 1790452864.772744 according to authority /rtabmap/rtabmap
         at line 278 in /tmp/binarydeb/ros-noetic-tf2-0.7.7/src/buffer_core.cpp
[33m[ WARN] (2026-09-26 19:57:49.214) Memory.cpp:3200::computeTransform() Missing visual features or missing raw data to compute them. Transform cannot be estimated.[0m
[33m[ WARN] (2026-09-26 19:57:49.214) Memory.cpp:3200::computeTransform() Missing visual features or missing raw data to compute them. Transform cannot be estimated.[0m
Warning: TF_REPEATED_DATA ignoring data with redundant timestamp for frame odom (parent map) at time 1790452865.150163 according to authority unknown_publisher
         at line 278 in /tmp/binarydeb/ros-noetic-tf2-0.7.7/src/buffer_core.cpp
[33m[ WARN] [1790467069.327214853, 1790452865.050162926]: TF_REPEATED_DATA ignoring data with redundant timestamp for frame odom (parent map) at time 1790452865.150163 according to authority unknown_publisher[0m
Warning: TF_REPEATED_DATA ignoring data with redundant timestamp for frame odom (parent map) at time 1790452865.150163 according to authority /rtabmap/rtabmap
         at line 278 in /tmp/binarydeb/ros-noetic-tf2-0.7.7/src/buffer_core.cpp
[0m[ INFO] [1790467069.409765383, 1790452865.130710722]: rtabmap (821): Rate=1.00s, Limit=0.000s, Conversion=0.0010s, RTAB-Map=0.3611s, Maps update=0.0007s pub=0.0001s (local map=541, WM=541)[0m
Warning: TF_REPEATED_DATA ignoring data with redundant timestamp for frame odom (parent map) at time 1790452866.018976 according to authority unknown_publisher
         at line 278 in /tmp/binarydeb/ros-noetic-tf2-0.7.7/src/buffer_core.cpp
Warning: TF_REPEATED_DATA ignoring data with redundant timestamp for frame odom (parent map) at time 1790452866.018976 according to authority /rtabmap/rtabmap
         at line 278 in /tmp/binarydeb/ros-noetic-tf2-0.7.7/src/buffer_core.cpp
[33m[ WARN] [1790467070.196334848, 1790452865.918976519]: TF_REPEATED_DATA ignoring data with redundant timestamp for frame odom (parent map) at time 1790452866.018976 according to authority unknown_publisher[0m
[33m[ WARN] [1790467071.051168473, 1790452866.774542597]: TF_REPEATED_DATA ignoring data with redundant timestamp for frame odom (parent map) at time 1790452866.874543 according to authority unknown_publisher[0m
[33m[ WARN] (2026-09-26 19:57:50.241) Memory.cpp:3200::computeTransform() Missing visual features or missing raw data to compute them. Transform cannot be estimated.[0m
[33m[ WARN] (2026-09-26 19:57:50.241) Memory.cpp:3200::computeTransform() Missing visual features or missing raw data to compute them. Transform cannot be estimated.[0m
[0m[ INFO] [1790467070.482876521, 1790452866.202151576]: rtabmap (822): Rate=1.00s, Limit=0.000s, Conversion=0.0014s, RTAB-Map=0.4215s, Maps update=0.0006s pub=0.0001s (local map=542, WM=542)[0m
Warning: TF_REPEATED_DATA ignoring data with redundant timestamp for frame odom (parent map) at time 1790452866.874543 according to authority unknown_publisher
         at line 278 in /tmp/binarydeb/ros-noetic-tf2-0.7.7/src/buffer_core.cpp
Warning: TF_REPEATED_DATA ignoring data with redundant timestamp for frame odom (parent map) at time 1790452866.874543 according to authority /rtabmap/rtabmap
         at line 278 in /tmp/binarydeb/ros-noetic-tf2-0.7.7/src/buffer_core.cpp
[33m[ WARN] (2026-09-26 19:57:51.305) Memory.cpp:3200::computeTransform() Missing visual features or missing raw data to compute them. Transform cannot be estimated.[0m
[33m[ WARN] (2026-09-26 19:57:51.306) Memory.cpp:3200::computeTransform() Missing visual features or missing raw data to compute them. Transform cannot be estimated.[0m
Warning: TF_REPEATED_DATA ignoring data with redundant timestamp for frame odom (parent map) at time 1790452867.252818 according to authority unknown_publisher
         at line 278 in /tmp/binarydeb/ros-noetic-tf2-0.7.7/src/buffer_core.cpp
[33m[ WARN] [1790467071.430531605, 1790452867.152818329]: TF_REPEATED_DATA ignoring data with redundant timestamp for frame odom (parent map) at time 1790452867.252818 according to authority unknown_publisher[0m
Warning: TF_REPEATED_DATA ignoring data with redundant timestamp for frame odom (parent map) at time 1790452867.252818 according to authority /rtabmap/rtabmap
         at line 278 in /tmp/binarydeb/ros-noetic-tf2-0.7.7/src/buffer_core.cpp
[0m[ INFO] [1790467071.480008228, 1790452867.193715688]: rtabmap (823): Rate=1.00s, Limit=0.000s, Conversion=0.0020s, RTAB-Map=0.3270s, Maps update=0.0007s pub=0.0001s (local map=543, WM=543)[0m
Warning: TF_REPEATED_DATA ignoring data with redundant timestamp for frame odom (parent map) at time 1790452868.106688 according to authority unknown_publisher
         at line 278 in /tmp/binarydeb/ros-noetic-tf2-0.7.7/src/buffer_core.cpp
Warning: TF_REPEATED_DATA ignoring data with redundant timestamp for frame odom (parent map) at time 1790452868.106688 according to authority /rtabmap/rtabmap
         at line 278 in /tmp/binarydeb/ros-noetic-tf2-0.7.7/src/buffer_core.cpp
[33m[ WARN] [1790467072.284455537, 1790452868.006687573]: TF_REPEATED_DATA ignoring data with redundant timestamp for frame odom (parent map) at time 1790452868.106688 according to authority unknown_publisher[0m
[33m[ WARN] (2026-09-26 19:57:52.487) Memory.cpp:3200::computeTransform() Missing visual features or missing raw data to compute them. Transform cannot be estimated.[0m
[33m[ WARN] (2026-09-26 19:57:52.488) Memory.cpp:3200::computeTransform() Missing visual features or missing raw data to compute them. Transform cannot be estimated.[0m
[0m[ INFO] [1790467072.687724514, 1790452868.403777720]: rtabmap (824): Rate=1.00s, Limit=0.000s, Conversion=0.0021s, RTAB-Map=0.3778s, Maps update=0.0008s pub=0.0001s (local map=544, WM=544)[0m
[0m[ INFO] [1790467073.395903982, 1790452869.111976516]: rtabmap (825): Rate=1.00s, Limit=0.000s, Conversion=0.0010s, RTAB-Map=0.2339s, Maps update=0.0008s pub=0.0001s (local map=544, WM=544)[0m
Warning: TF_REPEATED_DATA ignoring data with redundant timestamp for frame odom (parent map) at time 1790452870.213666 according to authority unknown_publisher
         at line 278 in /tmp/binarydeb/ros-noetic-tf2-0.7.7/src/buffer_core.cpp
[33m[ WARN] [1790467074.390446129, 1790452870.113665852]: TF_REPEATED_DATA ignoring data with redundant timestamp for frame odom (parent map) at time 1790452870.213666 according to authority unknown_publisher[0m
Warning: TF_REPEATED_DATA ignoring data with redundant timestamp for frame odom (parent map) at time 1790452870.213666 according to authority /rtabmap/rtabmap
         at line 278 in /tmp/binarydeb/ros-noetic-tf2-0.7.7/src/buffer_core.cpp
[0m[ INFO] [1790467074.403071407, 1790452870.123758439]: rtabmap (826): Rate=1.00s, Limit=0.000s, Conversion=0.0022s, RTAB-Map=0.2348s, Maps update=0.0014s pub=0.0001s (local map=544, WM=544)[0m
Warning: TF_REPEATED_DATA ignoring data with redundant timestamp for frame odom (parent map) at time 1790452870.590117 according to authority unknown_publisher
         at line 278 in /tmp/binarydeb/ros-noetic-tf2-0.7.7/src/buffer_core.cpp
[33m[ WARN] [1790467074.767871657, 1790452870.490117101]: TF_REPEATED_DATA ignoring data with redundant timestamp for frame odom (parent map) at time 1790452870.590117 according to authority unknown_publisher[0m
Warning: TF_REPEATED_DATA ignoring data with redundant timestamp for frame odom (parent map) at time 1790452870.590117 according to authority /rtabmap/rtabmap
         at line 278 in /tmp/binarydeb/ros-noetic-tf2-0.7.7/src/buffer_core.cpp
[0m[ INFO] [1790467075.497380066, 1790452871.215012004]: rtabmap (827): Rate=1.00s, Limit=0.000s, Conversion=0.0010s, RTAB-Map=0.2377s, Maps update=0.0008s pub=0.0001s (local map=544, WM=544)[0m
Warning: TF_REPEATED_DATA ignoring data with redundant timestamp for frame odom (parent map) at time 1790452872.321205 according to authority unknown_publisher
         at line 278 in /tmp/binarydeb/ros-noetic-tf2-0.7.7/src/buffer_core.cpp
[33m[ WARN] [1790467076.497320961, 1790452872.221205297]: TF_REPEATED_DATA ignoring data with redundant timestamp for frame odom (parent map) at time 1790452872.321205 according to authority unknown_publisher[0m
Warning: TF_REPEATED_DATA ignoring data with redundant timestamp for frame odom (parent map) at time 1790452872.321205 according to authority /rtabmap/rtabmap
         at line 278 in /tmp/binarydeb/ros-noetic-tf2-0.7.7/src/buffer_core.cpp
[0m[ INFO] [1790467076.588585130, 1790452872.311881045]: rtabmap (828): Rate=1.00s, Limit=0.000s, Conversion=0.0011s, RTAB-Map=0.2297s, Maps update=0.0010s pub=0.0001s (local map=544, WM=544)[0m
[0m[ INFO] [1790467077.587731949, 1790452873.302738779]: rtabmap (829): Rate=1.00s, Limit=0.000s, Conversion=0.0014s, RTAB-Map=0.2268s, Maps update=0.0008s pub=0.0001s (local map=544, WM=544)[0m
Warning: TF_REPEATED_DATA ignoring data with redundant timestamp for frame odom (parent map) at time 1790452874.431784 according to authority unknown_publisher
         at line 278 in /tmp/binarydeb/ros-noetic-tf2-0.7.7/src/buffer_core.cpp
Warning: TF_REPEATED_DATA ignoring data with redundant timestamp for frame odom (parent map) at time 1790452874.431784 according to authority /rtabmap/rtabmap
         at line 278 in /tmp/binarydeb/ros-noetic-tf2-0.7.7/src/buffer_core.cpp
[33m[ WARN] [1790467078.611857364, 1790452874.331784359]: TF_REPEATED_DATA ignoring data with redundant timestamp for frame odom (parent map) at time 1790452874.431784 according to authority unknown_publisher[0m
[0m[ INFO] [1790467078.709943922, 1790452874.432666105]: rtabmap (830): Rate=1.00s, Limit=0.000s, Conversion=0.0014s, RTAB-Map=0.2455s, Maps update=0.0008s pub=0.0001s (local map=544, WM=544)[0m
[0m[ INFO] [1790467079.682803140, 1790452875.399580735]: rtabmap (831): Rate=1.00s, Limit=0.000s, Conversion=0.0009s, RTAB-Map=0.2219s, Maps update=0.0007s pub=0.0001s (local map=544, WM=544)[0m
Warning: TF_REPEATED_DATA ignoring data with redundant timestamp for frame odom (parent map) at time 1790452876.511185 according to authority unknown_publisher
         at line 278 in /tmp/binarydeb/ros-noetic-tf2-0.7.7/src/buffer_core.cpp
[33m[ WARN] [1790467080.690479781, 1790452876.411185117]: TF_REPEATED_DATA ignoring data with redundant timestamp for frame odom (parent map) at time 1790452876.511185 according to authority unknown_publisher[0m
Warning: TF_REPEATED_DATA ignoring data with redundant timestamp for frame odom (parent map) at time 1790452876.511185 according to authority /rtabmap/rtabmap
         at line 278 in /tmp/binarydeb/ros-noetic-tf2-0.7.7/src/buffer_core.cpp
[0m[ INFO] [1790467080.701496087, 1790452876.421328681]: rtabmap (832): Rate=1.00s, Limit=0.000s, Conversion=0.0013s, RTAB-Map=0.2361s, Maps update=0.0010s pub=0.0001s (local map=544, WM=544)[0m
[0m[ INFO] [1790467081.812458376, 1790452877.534858125]: rtabmap (833): Rate=1.00s, Limit=0.000s, Conversion=0.0015s, RTAB-Map=0.2423s, Maps update=0.0012s pub=0.0001s (local map=544, WM=544)[0m
Warning: TF_REPEATED_DATA ignoring data with redundant timestamp for frame odom (parent map) at time 1790452878.609941 according to authority unknown_publisher
         at line 278 in /tmp/binarydeb/ros-noetic-tf2-0.7.7/src/buffer_core.cpp
[33m[ WARN] [1790467082.787040804, 1790452878.509941452]: TF_REPEATED_DATA ignoring data with redundant timestamp for frame odom (parent map) at time 1790452878.609941 according to authority unknown_publisher[0m
Warning: TF_REPEATED_DATA ignoring data with redundant timestamp for frame odom (parent map) at time 1790452878.609941 according to authority /rtabmap/rtabmap
         at line 278 in /tmp/binarydeb/ros-noetic-tf2-0.7.7/src/buffer_core.cpp
[0m[ INFO] [1790467083.066638234, 1790452878.785215554]: rtabmap (834): Rate=1.00s, Limit=0.000s, Conversion=0.0015s, RTAB-Map=0.2516s, Maps update=0.0006s pub=0.0001s (local map=544, WM=544)[0m
[0m[ INFO] [1790467083.998322429, 1790452879.714095056]: rtabmap (835): Rate=1.00s, Limit=0.000s, Conversion=0.0010s, RTAB-Map=0.2302s, Maps update=0.0010s pub=0.0001s (local map=544, WM=544)[0m
Warning: TF_REPEATED_DATA ignoring data with redundant timestamp for frame odom (parent map) at time 1790452880.720478 according to authority unknown_publisher
         at line 278 in /tmp/binarydeb/ros-noetic-tf2-0.7.7/src/buffer_core.cpp
[33m[ WARN] [1790467084.899248865, 1790452880.620477533]: TF_REPEATED_DATA ignoring data with redundant timestamp for frame odom (parent map) at time 1790452880.720478 according to authority unknown_publisher[0m
Warning: TF_REPEATED_DATA ignoring data with redundant timestamp for frame odom (parent map) at time 1790452880.720478 according to authority /rtabmap/rtabmap
         at line 278 in /tmp/binarydeb/ros-noetic-tf2-0.7.7/src/buffer_core.cpp
[0m[ INFO] [1790467085.164860852, 1790452880.884176577]: rtabmap (836): Rate=1.00s, Limit=0.000s, Conversion=0.0010s, RTAB-Map=0.2366s, Maps update=0.0009s pub=0.0001s (local map=544, WM=544)[0m
[0m[ INFO] [1790467086.087354724, 1790452881.802886388]: rtabmap (837): Rate=1.00s, Limit=0.000s, Conversion=0.0010s, RTAB-Map=0.2263s, Maps update=0.0006s pub=0.0001s (local map=544, WM=544)[0m
Warning: TF_REPEATED_DATA ignoring data with redundant timestamp for frame odom (parent map) at time 1790452882.827404 according to authority unknown_publisher
         at line 278 in /tmp/binarydeb/ros-noetic-tf2-0.7.7/src/buffer_core.cpp
[33m[ WARN] [1790467087.004514163, 1790452882.727403451]: TF_REPEATED_DATA ignoring data with redundant timestamp for frame odom (parent map) at time 1790452882.827404 according to authority unknown_publisher[0m
Warning: TF_REPEATED_DATA ignoring data with redundant timestamp for frame odom (parent map) at time 1790452882.827404 according to authority /rtabmap/rtabmap
         at line 278 in /tmp/binarydeb/ros-noetic-tf2-0.7.7/src/buffer_core.cpp
[0m[ INFO] [1790467087.107212603, 1790452882.828155381]: rtabmap (838): Rate=1.00s, Limit=0.000s, Conversion=0.0015s, RTAB-Map=0.2429s, Maps update=0.0008s pub=0.0001s (local map=544, WM=544)[0m
[0m[ INFO] [1790467088.114367612, 1790452883.835743545]: rtabmap (839): Rate=1.00s, Limit=0.000s, Conversion=0.0010s, RTAB-Map=0.2391s, Maps update=0.0008s pub=0.0001s (local map=544, WM=544)[0m
Warning: TF_REPEATED_DATA ignoring data with redundant timestamp for frame odom (parent map) at time 1790452884.932541 according to authority unknown_publisher
         at line 278 in /tmp/binarydeb/ros-noetic-tf2-0.7.7/src/buffer_core.cpp
[33m[ WARN] [1790467089.109713517, 1790452884.832540885]: TF_REPEATED_DATA ignoring data with redundant timestamp for frame odom (parent map) at time 1790452884.932541 according to authority unknown_publisher[0m
Warning: TF_REPEATED_DATA ignoring data with redundant timestamp for frame odom (parent map) at time 1790452884.932541 according to authority /rtabmap/rtabmap
         at line 278 in /tmp/binarydeb/ros-noetic-tf2-0.7.7/src/buffer_core.cpp
[0m[ INFO] [1790467089.201920264, 1790452884.923141060]: rtabmap (840): Rate=1.00s, Limit=0.000s, Conversion=0.0015s, RTAB-Map=0.2477s, Maps update=0.0008s pub=0.0001s (local map=544, WM=544)[0m
[0m[ INFO] [1790467090.188473984, 1790452885.906611652]: rtabmap (841): Rate=1.00s, Limit=0.000s, Conversion=0.0009s, RTAB-Map=0.2311s, Maps update=0.0013s pub=0.0001s (local map=544, WM=544)[0m
Warning: TF_REPEATED_DATA ignoring data with redundant timestamp for frame odom (parent map) at time 1790452887.027358 according to authority unknown_publisher
         at line 278 in /tmp/binarydeb/ros-noetic-tf2-0.7.7/src/buffer_core.cpp
[33m[ WARN] [1790467091.205068580, 1790452886.927358216]: TF_REPEATED_DATA ignoring data with redundant timestamp for frame odom (parent map) at time 1790452887.027358 according to authority unknown_publisher[0m
Warning: TF_REPEATED_DATA ignoring data with redundant timestamp for frame odom (parent map) at time 1790452887.027358 according to authority /rtabmap/rtabmap
         at line 278 in /tmp/binarydeb/ros-noetic-tf2-0.7.7/src/buffer_core.cpp
[0m[ INFO] [1790467091.314918951, 1790452887.038278099]: rtabmap (842): Rate=1.00s, Limit=0.000s, Conversion=0.0015s, RTAB-Map=0.2558s, Maps update=0.0008s pub=0.0001s (local map=544, WM=544)[0m
Warning: TF_REPEATED_DATA ignoring data with redundant timestamp for frame odom (parent map) at time 1790452887.388671 according to authority unknown_publisher
         at line 278 in /tmp/binarydeb/ros-noetic-tf2-0.7.7/src/buffer_core.cpp
[33m[ WARN] [1790467091.564877906, 1790452887.288670849]: TF_REPEATED_DATA ignoring data with redundant timestamp for frame odom (parent map) at time 1790452887.388671 according to authority unknown_publisher[0m
Warning: TF_REPEATED_DATA ignoring data with redundant timestamp for frame odom (parent map) at time 1790452887.388671 according to authority /rtabmap/rtabmap
         at line 278 in /tmp/binarydeb/ros-noetic-tf2-0.7.7/src/buffer_core.cpp
[0m[ INFO] [1790467092.291598566, 1790452888.013531143]: rtabmap (843): Rate=1.00s, Limit=0.000s, Conversion=0.0014s, RTAB-Map=0.2252s, Maps update=0.0007s pub=0.0001s (local map=544, WM=544)[0m
Warning: TF_REPEATED_DATA ignoring data with redundant timestamp for frame odom (parent map) at time 1790452889.140204 according to authority unknown_publisher
         at line 278 in /tmp/binarydeb/ros-noetic-tf2-0.7.7/src/buffer_core.cpp
Warning: TF_REPEATED_DATA ignoring data with redundant timestamp for frame odom (parent map) at time 1790452889.140204 according to authority /rtabmap/rtabmap
         at line 278 in /tmp/binarydeb/ros-noetic-tf2-0.7.7/src/buffer_core.cpp
[33m[ WARN] [1790467093.316883104, 1790452889.040204492]: TF_REPEATED_DATA ignoring data with redundant timestamp for frame odom (parent map) at time 1790452889.140204 according to authority unknown_publisher[0m
[0m[ INFO] [1790467093.410350472, 1790452889.130924031]: rtabmap (844): Rate=1.00s, Limit=0.000s, Conversion=0.0021s, RTAB-Map=0.2455s, Maps update=0.0008s pub=0.0001s (local map=544, WM=544)[0m
Warning: TF_REPEATED_DATA ignoring data with redundant timestamp for frame odom (parent map) at time 1790452889.502993 according to authority unknown_publisher
         at line 278 in /tmp/binarydeb/ros-noetic-tf2-0.7.7/src/buffer_core.cpp
[33m[ WARN] [1790467093.680964949, 1790452889.402993303]: TF_REPEATED_DATA ignoring data with redundant timestamp for frame odom (parent map) at time 1790452889.502993 according to authority unknown_publisher[0m
Warning: TF_REPEATED_DATA ignoring data with redundant timestamp for frame odom (parent map) at time 1790452889.502993 according to authority /rtabmap/rtabmap
         at line 278 in /tmp/binarydeb/ros-noetic-tf2-0.7.7/src/buffer_core.cpp
[33m[ WARN] [1790467095.416879561, 1790452891.139409679]: TF_REPEATED_DATA ignoring data with redundant timestamp for frame odom (parent map) at time 1790452891.239410 according to authority unknown_publisher[0m
[0m[ INFO] [1790467094.499323026, 1790452890.222285530]: rtabmap (845): Rate=1.00s, Limit=0.000s, Conversion=0.0011s, RTAB-Map=0.2436s, Maps update=0.0008s pub=0.0001s (local map=544, WM=544)[0m
Warning: TF_REPEATED_DATA ignoring data with redundant timestamp for frame odom (parent map) at time 1790452891.239410 according to authority unknown_publisher
         at line 278 in /tmp/binarydeb/ros-noetic-tf2-0.7.7/src/buffer_core.cpp
Warning: TF_REPEATED_DATA ignoring data with redundant timestamp for frame odom (parent map) at time 1790452891.239410 according to authority /rtabmap/rtabmap
         at line 278 in /tmp/binarydeb/ros-noetic-tf2-0.7.7/src/buffer_core.cpp
[0m[ INFO] [1790467095.494191031, 1790452891.209922985]: rtabmap (846): Rate=1.00s, Limit=0.000s, Conversion=0.0015s, RTAB-Map=0.2307s, Maps update=0.0008s pub=0.0001s (local map=544, WM=544)[0m
Warning: TF_REPEATED_DATA ignoring data with redundant timestamp for frame odom (parent map) at time 1790452891.601377 according to authority unknown_publisher
         at line 278 in /tmp/binarydeb/ros-noetic-tf2-0.7.7/src/buffer_core.cpp
Warning: TF_REPEATED_DATA ignoring data with redundant timestamp for frame odom (parent map) at time 1790452891.601377 according to authority /rtabmap/rtabmap
         at line 278 in /tmp/binarydeb/ros-noetic-tf2-0.7.7/src/buffer_core.cpp
[33m[ WARN] [1790467095.781964236, 1790452891.501377242]: TF_REPEATED_DATA ignoring data with redundant timestamp for frame odom (parent map) at time 1790452891.601377 according to authority unknown_publisher[0m
[0m[ INFO] [1790467096.595461523, 1790452892.317438868]: rtabmap (847): Rate=1.00s, Limit=0.000s, Conversion=0.0011s, RTAB-Map=0.2309s, Maps update=0.0012s pub=0.0001s (local map=544, WM=544)[0m
Warning: TF_REPEATED_DATA ignoring data with redundant timestamp for frame odom (parent map) at time 1790452893.339399 according to authority unknown_publisher
         at line 278 in /tmp/binarydeb/ros-noetic-tf2-0.7.7/src/buffer_core.cpp
[33m[ WARN] [1790467097.517091834, 1790452893.239398750]: TF_REPEATED_DATA ignoring data with redundant timestamp for frame odom (parent map) at time 1790452893.339399 according to authority unknown_publisher[0m
Warning: TF_REPEATED_DATA ignoring data with redundant timestamp for frame odom (parent map) at time 1790452893.339399 according to authority /rtabmap/rtabmap
         at line 278 in /tmp/binarydeb/ros-noetic-tf2-0.7.7/src/buffer_core.cpp
[0m[ INFO] [1790467097.807464936, 1790452893.441110373]: rtabmap (848): Rate=1.00s, Limit=0.000s, Conversion=0.0015s, RTAB-Map=0.2509s, Maps update=0.0008s pub=0.0001s (local map=544, WM=544)[0m
Warning: TF_REPEATED_DATA ignoring data with redundant timestamp for frame odom (parent map) at time 1790452893.702029 according to authority unknown_publisher
         at line 278 in /tmp/binarydeb/ros-noetic-tf2-0.7.7/src/buffer_core.cpp
Warning: [33m[ WARN] [1790467097.879707313, 1790452893.602029397]: TF_REPEATED_DATA ignoring data with redundant timestamp for frame odom (parent map) at time 1790452893.702029 according to authority unknown_publisher[0m
TF_REPEATED_DATA ignoring data with redundant timestamp for frame odom (parent map) at time 1790452893.702029 according to authority /rtabmap/rtabmap
         at line 278 in /tmp/binarydeb/ros-noetic-tf2-0.7.7/src/buffer_core.cpp
[0m[ INFO] [1790467098.715533394, 1790452894.433636693]: rtabmap (849): Rate=1.00s, Limit=0.000s, Conversion=0.0017s, RTAB-Map=0.2591s, Maps update=0.0011s pub=0.0001s (local map=544, WM=544)[0m
Warning: TF_REPEATED_DATA ignoring data with redundant timestamp for frame odom (parent map) at time 1790452895.429557 according to authority unknown_publisher
         at line 278 in /tmp/binarydeb/ros-noetic-tf2-0.7.7/src/buffer_core.cpp
[33m[ WARN] [1790467099.608854417, 1790452895.329557225]: TF_REPEATED_DATA ignoring data with redundant timestamp for frame odom (parent map) at time 1790452895.429557 according to authority unknown_publisher[0m
Warning: TF_REPEATED_DATA ignoring data with redundant timestamp for frame odom (parent map) at time 1790452895.429557 according to authority /rtabmap/rtabmap
         at line 278 in /tmp/binarydeb/ros-noetic-tf2-0.7.7/src/buffer_core.cpp
[0m[ INFO] [1790467099.825285645, 1790452895.399980421]: rtabmap (850): Rate=1.00s, Limit=0.000s, Conversion=0.0011s, RTAB-Map=0.3678s, Maps update=0.0015s pub=0.0001s (local map=544, WM=544)[0m
Warning: TF_REPEATED_DATA ignoring data with redundant timestamp for frame odom (parent map) at time 1790452895.651806 according to authority unknown_publisher
         at line 278 in /tmp/binarydeb/ros-noetic-tf2-0.7.7/src/buffer_core.cpp
[33m[ WARN] [1790467099.828208259, 1790452895.551806129]: TF_REPEATED_DATA ignoring data with redundant timestamp for frame odom (parent map) at time 1790452895.651806 according to authority unknown_publisher[0m
Warning: TF_REPEATED_DATA ignoring data with redundant timestamp for frame odom (parent map) at time 1790452895.651806 according to authority /rtabmap/rtabmap
         at line 278 in /tmp/binarydeb/ros-noetic-tf2-0.7.7/src/buffer_core.cpp
[0m[ INFO] [1790467100.796516939, 1790452896.512917890]: rtabmap (851): Rate=1.00s, Limit=0.000s, Conversion=0.0011s, RTAB-Map=0.2423s, Maps update=0.0006s pub=0.0001s (local map=544, WM=544)[0m
Warning: TF_REPEATED_DATA ignoring data with redundant timestamp for frame odom (parent map) at time 1790452897.529749 according to authority unknown_publisher
         at line 278 in /tmp/binarydeb/ros-noetic-tf2-0.7.7/src/buffer_core.cpp
[33m[ WARN] [1790467101.708714028, 1790452897.429748742]: TF_REPEATED_DATA ignoring data with redundant timestamp for frame odom (parent map) at time 1790452897.529749 according to authority unknown_publisher[0m
Warning: TF_REPEATED_DATA ignoring data with redundant timestamp for frame odom (parent map) at time 1790452897.529749 according to authority /rtabmap/rtabmap
         at line 278 in /tmp/binarydeb/ros-noetic-tf2-0.7.7/src/buffer_core.cpp
[0m[ INFO] [1790467101.968487640, 1790452897.651458574]: rtabmap (852): Rate=1.00s, Limit=0.000s, Conversion=0.0009s, RTAB-Map=0.2303s, Maps update=0.0006s pub=0.0001s (local map=544, WM=544)[0m
Warning: TF_REPEATED_DATA ignoring data with redundant timestamp for frame odom (parent map) at time 1790452897.907528 according to authority unknown_publisher
         at line 278 in /tmp/binarydeb/ros-noetic-tf2-0.7.7/src/buffer_core.cpp
Warning: TF_REPEATED_DATA ignoring data with redundant timestamp for frame odom (parent map) at time 1790452897.907528 according to authority /rtabmap/rtabmap
         at line 278 in /tmp/binarydeb/ros-noetic-tf2-0.7.7/src/buffer_core.cpp
[33m[ WARN] [1790467102.089955135, 1790452897.807528382]: TF_REPEATED_DATA ignoring data with redundant timestamp for frame odom (parent map) at time 1790452897.907528 according to authority unknown_publisher[0m
[0m[ INFO] [1790467102.911384879, 1790452898.624827598]: rtabmap (853): Rate=1.00s, Limit=0.000s, Conversion=0.0015s, RTAB-Map=0.2439s, Maps update=0.0008s pub=0.0001s (local map=544, WM=544)[0m
Warning: TF_REPEATED_DATA ignoring data with redundant timestamp for frame odom (parent map) at time 1790452899.635790 according to authority unknown_publisher
         at line 278 in /tmp/binarydeb/ros-noetic-tf2-0.7.7/src/buffer_core.cpp
Warning: TF_REPEATED_DATA ignoring data with redundant timestamp for frame odom (parent map) at time 1790452899.635790 according to authority /rtabmap/rtabmap
         at line 278 in /tmp/binarydeb/ros-noetic-tf2-0.7.7/src/buffer_core.cpp
[33m[ WARN] [1790467103.814333081, 1790452899.535790102]: TF_REPEATED_DATA ignoring data with redundant timestamp for frame odom (parent map) at time 1790452899.635790 according to authority unknown_publisher[0m
[0m[ INFO] [1790467103.900508721, 1790452899.616332002]: rtabmap (854): Rate=1.00s, Limit=0.000s, Conversion=0.0017s, RTAB-Map=0.2338s, Maps update=0.0007s pub=0.0001s (local map=544, WM=544)[0m
Warning: TF_REPEATED_DATA ignoring data with redundant timestamp for frame odom (parent map) at time 1790452900.002775 according to authority unknown_publisher
         at line 278 in /tmp/binarydeb/ros-noetic-tf2-0.7.7/src/buffer_core.cpp
Warning: TF_REPEATED_DATA ignoring data with redundant timestamp for frame odom (parent map) at time 1790452900.002775 according to authority /rtabmap/rtabmap
         at line 278 in /tmp/binarydeb/ros-noetic-tf2-0.7.7/src/buffer_core.cpp
[33m[ WARN] [1790467104.181224356, 1790452899.902774914]: TF_REPEATED_DATA ignoring data with redundant timestamp for frame odom (parent map) at time 1790452900.002775 according to authority unknown_publisher[0m
[0m[ INFO] [1790467104.903194211, 1790452900.622941779]: rtabmap (855): Rate=1.00s, Limit=0.000s, Conversion=0.0010s, RTAB-Map=0.2488s, Maps update=0.0007s pub=0.0001s (local map=544, WM=544)[0m
Warning: TF_REPEATED_DATA ignoring data with redundant timestamp for frame odom (parent map) at time 1790452901.732625 according to authority unknown_publisher
         at line 278 in /tmp/binarydeb/ros-noetic-tf2-0.7.7/src/buffer_core.cpp
[33m[ WARN] [1790467105.909438522, 1790452901.475594216]: TF_REPEATED_DATA ignoring data with redundant timestamp for frame odom (parent map) at time 1790452901.732625 according to authority unknown_publisher[0m
Warning: TF_REPEATED_DATA ignoring data with redundant timestamp for frame odom (parent map) at time 1790452901.732625 according to authority /rtabmap/rtabmap
         at line 278 in /tmp/binarydeb/ros-noetic-tf2-0.7.7/src/buffer_core.cpp
[0m[ INFO] [1790467105.985173891, 1790452901.703147397]: rtabmap (856): Rate=1.00s, Limit=0.000s, Conversion=0.0010s, RTAB-Map=0.2252s, Maps update=0.0008s pub=0.0001s (local map=544, WM=544)[0m
Warning: TF_REPEATED_DATA ignoring data with redundant timestamp for frame odom (parent map) at time 1790452902.113597 according to authority unknown_publisher
         at line 278 in /tmp/binarydeb/ros-noetic-tf2-0.7.7/src/buffer_core.cpp
[33m[ WARN] [1790467106.290899901, 1790452902.013597060]: TF_REPEATED_DATA ignoring data with redundant timestamp for frame odom (parent map) at time 1790452902.113597 according to authority unknown_publisher[0m
Warning: TF_REPEATED_DATA ignoring data with redundant timestamp for frame odom (parent map) at time 1790452902.113597 according to authority /rtabmap/rtabmap
         at line 278 in /tmp/binarydeb/ros-noetic-tf2-0.7.7/src/buffer_core.cpp
[0m[ INFO] [1790467106.996223752, 1790452902.712300667]: rtabmap (857): Rate=1.00s, Limit=0.000s, Conversion=0.0014s, RTAB-Map=0.2479s, Maps update=0.0008s pub=0.0001s (local map=544, WM=544)[0m
[0m[ INFO] [1790467107.990583028, 1790452903.582669257]: rtabmap (858): Rate=1.00s, Limit=0.000s, Conversion=0.0014s, RTAB-Map=0.2319s, Maps update=0.0010s pub=0.0001s (local map=544, WM=544)[0m
Warning: TF_REPEATED_DATA ignoring data with redundant timestamp for frame odom (parent map) at time 1790452903.841976 according to authority unknown_publisher
         at line 278 in /tmp/binarydeb/ros-noetic-tf2-0.7.7/src/buffer_core.cpp
[33m[ WARN] [1790467108.019028209, 1790452903.741975961]: TF_REPEATED_DATA ignoring data with redundant timestamp for frame odom (parent map) at time 1790452903.841976 according to authority unknown_publisher[0m
Warning: TF_REPEATED_DATA ignoring data with redundant timestamp for frame odom (parent map) at time 1790452903.841976 according to authority /rtabmap/rtabmap
         at line 278 in /tmp/binarydeb/ros-noetic-tf2-0.7.7/src/buffer_core.cpp
Warning: TF_REPEATED_DATA ignoring data with redundant timestamp for frame odom (parent map) at time 1790452904.205765 according to authority unknown_publisher
         at line 278 in /tmp/binarydeb/ros-noetic-tf2-0.7.7/src/buffer_core.cpp
[33m[ WARN] [1790467108.382431247, 1790452904.105765498]: TF_REPEATED_DATA ignoring data with redundant timestamp for frame odom (parent map) at time 1790452904.205765 according to authority unknown_publisher[0m
Warning: TF_REPEATED_DATA ignoring data with redundant timestamp for frame odom (parent map) at time 1790452904.205765 according to authority /rtabmap/rtabmap
         at line 278 in /tmp/binarydeb/ros-noetic-tf2-0.7.7/src/buffer_core.cpp
[0m[ INFO] [1790467109.097504754, 1790452904.815290994]: rtabmap (859): Rate=1.00s, Limit=0.000s, Conversion=0.0011s, RTAB-Map=0.2452s, Maps update=0.0009s pub=0.0001s (local map=544, WM=544)[0m
Warning: TF_REPEATED_DATA ignoring data with redundant timestamp for frame odom (parent map) at time 1790452905.939605 according to authority unknown_publisher
         at line 278 in /tmp/binarydeb/ros-noetic-tf2-0.7.7/src/buffer_core.cpp
[33m[ WARN] [1790467110.116659568, 1790452905.839604697]: TF_REPEATED_DATA ignoring data with redundant timestamp for frame odom (parent map) at time 1790452905.939605 according to authority unknown_publisher[0m
Warning: TF_REPEATED_DATA ignoring data with redundant timestamp for frame odom (parent map) at time 1790452905.939605 according to authority /rtabmap/rtabmap
         at line 278 in /tmp/binarydeb/ros-noetic-tf2-0.7.7/src/buffer_core.cpp
[0m[ INFO] [1790467110.200422874, 1790452905.920189066]: rtabmap (860): Rate=1.00s, Limit=0.000s, Conversion=0.0015s, RTAB-Map=0.2421s, Maps update=0.0008s pub=0.0001s (local map=544, WM=544)[0m
Warning: TF_REPEATED_DATA ignoring data with redundant timestamp for frame odom (parent map) at time 1790452906.306841 according to authority unknown_publisher
         at line 278 in /tmp/binarydeb/ros-noetic-tf2-0.7.7/src/buffer_core.cpp
Warning: TF_REPEATED_DATA ignoring data with redundant timestamp for frame odom (parent map) at time 1790452906.306841 according to authority /rtabmap/rtabmap
         at line 278 in /tmp/binarydeb/ros-noetic-tf2-0.7.7/src/buffer_core.cpp
[33m[ WARN] [1790467110.483878706, 1790452906.206840731]: TF_REPEATED_DATA ignoring data with redundant timestamp for frame odom (parent map) at time 1790452906.306841 according to authority unknown_publisher[0m
[0m[ INFO] [1790467111.178645892, 1790452906.901766638]: rtabmap (861): Rate=1.00s, Limit=0.000s, Conversion=0.0011s, RTAB-Map=0.2206s, Maps update=0.0007s pub=0.0001s (local map=544, WM=544)[0m
Warning: TF_REPEATED_DATA ignoring data with redundant timestamp for frame odom (parent map) at time 1790452908.051417 according to authority unknown_publisher
         at line 278 in /tmp/binarydeb/ros-noetic-tf2-0.7.7/src/buffer_core.cpp
[33m[ WARN] [1790467112.230178671, 1790452907.951417355]: TF_REPEATED_DATA ignoring data with redundant timestamp for frame odom (parent map) at time 1790452908.051417 according to authority unknown_publisher[0m
Warning: TF_REPEATED_DATA ignoring data with redundant timestamp for frame odom (parent map) at time 1790452908.051417 according to authority /rtabmap/rtabmap
         at line 278 in /tmp/binarydeb/ros-noetic-tf2-0.7.7/src/buffer_core.cpp
[0m[ INFO] [1790467112.315834698, 1790452908.032007933]: rtabmap (862): Rate=1.00s, Limit=0.000s, Conversion=0.0013s, RTAB-Map=0.2495s, Maps update=0.0010s pub=0.0001s (local map=544, WM=544)[0m
Warning: TF_REPEATED_DATA ignoring data with redundant timestamp for frame odom (parent map) at time 1790452908.401605 according to authority unknown_publisher
         at line 278 in /tmp/binarydeb/ros-noetic-tf2-0.7.7/src/buffer_core.cpp
[33m[ WARN] [1790467112.579693198, 1790452908.301604910]: TF_REPEATED_DATA ignoring data with redundant timestamp for frame odom (parent map) at time 1790452908.401605 according to authority unknown_publisher[0m
Warning: TF_REPEATED_DATA ignoring data with redundant timestamp for frame odom (parent map) at time 1790452908.401605 according to authority /rtabmap/rtabmap
         at line 278 in /tmp/binarydeb/ros-noetic-tf2-0.7.7/src/buffer_core.cpp
[0m[ INFO] [1790467113.275755830, 1790452908.996750959]: rtabmap (863): Rate=1.00s, Limit=0.000s, Conversion=0.0010s, RTAB-Map=0.2233s, Maps update=0.0010s pub=0.0001s (local map=544, WM=544)[0m
Warning: TF_REPEATED_DATA ignoring data with redundant timestamp for frame odom (parent map) at time 1790452910.145927 according to authority unknown_publisher
         at line 278 in /tmp/binarydeb/ros-noetic-tf2-0.7.7/src/buffer_core.cpp
[33m[ WARN] [1790467114.324734336, 1790452910.045927483]: TF_REPEATED_DATA ignoring data with redundant timestamp for frame odom (parent map) at time 1790452910.145927 according to authority unknown_publisher[0m
Warning: TF_REPEATED_DATA ignoring data with redundant timestamp for frame odom (parent map) at time 1790452910.145927 according to authority /rtabmap/rtabmap
         at line 278 in /tmp/binarydeb/ros-noetic-tf2-0.7.7/src/buffer_core.cpp
[0m[ INFO] [1790467114.385379352, 1790452910.106310577]: rtabmap (864): Rate=1.00s, Limit=0.000s, Conversion=0.0010s, RTAB-Map=0.2348s, Maps update=0.0008s pub=0.0001s (local map=544, WM=544)[0m
Warning: TF_REPEATED_DATA ignoring data with redundant timestamp for frame odom (parent map) at time 1790452910.517390 according to authority unknown_publisher
         at line 278 in /tmp/binarydeb/ros-noetic-tf2-0.7.7/src/buffer_core.cpp
[33m[ WARN] [1790467114.693882397, 1790452910.417389962]: TF_REPEATED_DATA ignoring data with redundant timestamp for frame odom (parent map) at time 1790452910.517390 according to authority unknown_publisher[0m
Warning: TF_REPEATED_DATA ignoring data with redundant timestamp for frame odom (parent map) at time 1790452910.517390 according to authority /rtabmap/rtabmap
         at line 278 in /tmp/binarydeb/ros-noetic-tf2-0.7.7/src/buffer_core.cpp
[0m[ INFO] [1790467115.365551027, 1790452911.086706189]: rtabmap (865): Rate=1.00s, Limit=0.000s, Conversion=0.0010s, RTAB-Map=0.2166s, Maps update=0.0008s pub=0.0001s (local map=544, WM=544)[0m
[0m[ INFO] [1790467116.372409830, 1790452911.987231938]: rtabmap (866): Rate=1.00s, Limit=0.000s, Conversion=0.0015s, RTAB-Map=0.2176s, Maps update=0.0005s pub=0.0001s (local map=544, WM=544)[0m
Warning: TF_REPEATED_DATA ignoring data with redundant timestamp for frame odom (parent map) at time 1790452912.245023 according to authority unknown_publisher
         at line 278 in /tmp/binarydeb/ros-noetic-tf2-0.7.7/src/buffer_core.cpp
[33m[ WARN] [1790467116.422442572, 1790452912.145022962]: TF_REPEATED_DATA ignoring data with redundant timestamp for frame odom (parent map) at time 1790452912.245023 according to authority unknown_publisher[0m
Warning: TF_REPEATED_DATA ignoring data with redundant timestamp for frame odom (parent map) at time 1790452912.245023 according to authority /rtabmap/rtabmap
         at line 278 in /tmp/binarydeb/ros-noetic-tf2-0.7.7/src/buffer_core.cpp
Warning: TF_REPEATED_DATA ignoring data with redundant timestamp for frame odom (parent map) at time 1790452912.610022 according to authority unknown_publisher
         at line 278 in /tmp/binarydeb/ros-noetic-tf2-0.7.7/src/buffer_core.cpp
Warning: [33m[ WARN] [1790467116.788019124, 1790452912.510022069]: TF_REPEATED_DATA ignoring data with redundant timestamp for frame odom (parent map) at time 1790452912.610022 according to authority unknown_publisher[0m
TF_REPEATED_DATA ignoring data with redundant timestamp for frame odom (parent map) at time 1790452912.610022 according to authority /rtabmap/rtabmap
         at line 278 in /tmp/binarydeb/ros-noetic-tf2-0.7.7/src/buffer_core.cpp
[0m[ INFO] [1790467117.488872409, 1790452913.207460096]: rtabmap (867): Rate=1.00s, Limit=0.000s, Conversion=0.0014s, RTAB-Map=0.2389s, Maps update=0.0006s pub=0.0001s (local map=544, WM=544)[0m
Warning: TF_REPEATED_DATA ignoring data with redundant timestamp for frame odom (parent map) at time 1790452914.344924 according to authority unknown_publisher
         at line 278 in /tmp/binarydeb/ros-noetic-tf2-0.7.7/src/buffer_core.cpp
[33m[ WARN] [1790467118.526781136, 1790452914.244923667]: TF_REPEATED_DATA ignoring data with redundant timestamp for frame odom (parent map) at time 1790452914.344924 according to authority unknown_publisher[0m
Warning: TF_REPEATED_DATA ignoring data with redundant timestamp for frame odom (parent map) at time 1790452914.344924 according to authority /rtabmap/rtabmap
         at line 278 in /tmp/binarydeb/ros-noetic-tf2-0.7.7/src/buffer_core.cpp
[0m[ INFO] [1790467118.598915333, 1790452914.315382587]: rtabmap (868): Rate=1.00s, Limit=0.000s, Conversion=0.0014s, RTAB-Map=0.2407s, Maps update=0.0013s pub=0.0001s (local map=544, WM=544)[0m
Warning: TF_REPEATED_DATA ignoring data with redundant timestamp for frame odom (parent map) at time 1790452914.716460 according to authority unknown_publisher
         at line 278 in /tmp/binarydeb/ros-noetic-tf2-0.7.7/src/buffer_core.cpp
Warning: TF_REPEATED_DATA ignoring data with redundant timestamp for frame odom (parent map) at time 1790452914.716460 according to authority /rtabmap/rtabmap
         at line 278 in /tmp/binarydeb/ros-noetic-tf2-0.7.7/src/buffer_core.cpp
[33m[ WARN] [1790467118.893990090, 1790452914.616460047]: TF_REPEATED_DATA ignoring data with redundant timestamp for frame odom (parent map) at time 1790452914.716460 according to authority unknown_publisher[0m
[0m[ INFO] [1790467119.603177214, 1790452915.325429281]: rtabmap (869): Rate=1.00s, Limit=0.000s, Conversion=0.0011s, RTAB-Map=0.2361s, Maps update=0.0007s pub=0.0001s (local map=544, WM=544)[0m
Warning: TF_REPEATED_DATA ignoring data with redundant timestamp for frame odom (parent map) at time 1790452916.450493 according to authority unknown_publisher
         at line 278 in /tmp/binarydeb/ros-noetic-tf2-0.7.7/src/buffer_core.cpp
Warning: TF_REPEATED_DATA ignoring data with redundant timestamp for frame odom (parent map) at time 1790452916.450493 according to authority /rtabmap/rtabmap
         at line 278 in /tmp/binarydeb/ros-noetic-tf2-0.7.7/src/buffer_core.cpp
[33m[ WARN] [1790467120.626957655, 1790452916.350493220]: TF_REPEATED_DATA ignoring data with redundant timestamp for frame odom (parent map) at time 1790452916.450493 according to authority unknown_publisher[0m
[33m[ WARN] [1790467121.006753594, 1790452916.572030318]: TF_REPEATED_DATA ignoring data with redundant timestamp for frame odom (parent map) at time 1790452916.830389 according to authority unknown_publisher[0m
Warning: TF_REPEATED_DATA ignoring data with redundant timestamp for frame odom (parent map) at time 1790452916.830389 according to authority /rtabmap/rtabmap
         at line 278 in /tmp/binarydeb/ros-noetic-tf2-0.7.7/src/buffer_core.cpp
[0m[ INFO] [1790467120.716377173, 1790452916.431157917]: rtabmap (870): Rate=1.00s, Limit=0.000s, Conversion=0.0015s, RTAB-Map=0.2520s, Maps update=0.0014s pub=0.0001s (local map=544, WM=544)[0m
Warning: TF_REPEATED_DATA ignoring data with redundant timestamp for frame odom (parent map) at time 1790452916.830389 according to authority unknown_publisher
         at line 278 in /tmp/binarydeb/ros-noetic-tf2-0.7.7/src/buffer_core.cpp
[33m[ WARN] [1790467122.727870759, 1790452918.451204914]: TF_REPEATED_DATA ignoring data with redundant timestamp for frame odom (parent map) at time 1790452918.551205 according to authority unknown_publisher[0m
Warning: TF_REPEATED_DATA ignoring data with redundant timestamp for frame odom (parent map) at time 1790452918.551205 according to authority /rtabmap/rtabmap
         at line 278 in /tmp/binarydeb/ros-noetic-tf2-0.7.7/src/buffer_core.cpp
[0m[ INFO] [1790467121.827610790, 1790452917.548185276]: rtabmap (871): Rate=1.00s, Limit=0.000s, Conversion=0.0015s, RTAB-Map=0.2557s, Maps update=0.0010s pub=0.0001s (local map=544, WM=544)[0m
Warning: TF_REPEATED_DATA ignoring data with redundant timestamp for frame odom (parent map) at time 1790452918.551205 according to authority unknown_publisher
         at line 278 in /tmp/binarydeb/ros-noetic-tf2-0.7.7/src/buffer_core.cpp
[0m[ INFO] [1790467122.804607522, 1790452918.522235009]: rtabmap (872): Rate=1.00s, Limit=0.000s, Conversion=0.0014s, RTAB-Map=0.2440s, Maps update=0.0010s pub=0.0001s (local map=544, WM=544)[0m
Warning: TF_REPEATED_DATA ignoring data with redundant timestamp for frame odom (parent map) at time 1790452918.915493 according to authority unknown_publisher
         at line 278 in /tmp/binarydeb/ros-noetic-tf2-0.7.7/src/buffer_core.cpp
[33m[ WARN] [1790467123.092598714, 1790452918.815492866]: TF_REPEATED_DATA ignoring data with redundant timestamp for frame odom (parent map) at time 1790452918.915493 according to authority unknown_publisher[0m
Warning: TF_REPEATED_DATA ignoring data with redundant timestamp for frame odom (parent map) at time 1790452918.915493 according to authority /rtabmap/rtabmap
         at line 278 in /tmp/binarydeb/ros-noetic-tf2-0.7.7/src/buffer_core.cpp
[0m[ INFO] [1790467123.793701349, 1790452919.510850816]: rtabmap (873): Rate=1.00s, Limit=0.000s, Conversion=0.0010s, RTAB-Map=0.2281s, Maps update=0.0007s pub=0.0001s (local map=544, WM=544)[0m
Warning: TF_REPEATED_DATA ignoring data with redundant timestamp for frame odom (parent map) at time 1790452920.642185 according to authority unknown_publisher
         at line 278 in /tmp/binarydeb/ros-noetic-tf2-0.7.7/src/buffer_core.cpp
[33m[ WARN] [1790467124.819695570, 1790452920.542185303]: TF_REPEATED_DATA ignoring data with redundant timestamp for frame odom (parent map) at time 1790452920.642185 according to authority unknown_publisher[0m
Warning: TF_REPEATED_DATA ignoring data with redundant timestamp for frame odom (parent map) at time 1790452920.642185 according to authority /rtabmap/rtabmap
         at line 278 in /tmp/binarydeb/ros-noetic-tf2-0.7.7/src/buffer_core.cpp
[0m[ INFO] [1790467124.893580472, 1790452920.612646305]: rtabmap (874): Rate=1.00s, Limit=0.000s, Conversion=0.0015s, RTAB-Map=0.2271s, Maps update=0.0010s pub=0.0001s (local map=544, WM=544)[0m
Warning: TF_REPEATED_DATA ignoring data with redundant timestamp for frame odom (parent map) at time 1790452921.017925 according to authority unknown_publisher
         at line 278 in /tmp/binarydeb/ros-noetic-tf2-0.7.7/src/buffer_core.cpp
[33m[ WARN] [1790467125.194575803, 1790452920.917925287]: TF_REPEATED_DATA ignoring data with redundant timestamp for frame odom (parent map) at time 1790452921.017925 according to authority unknown_publisher[0m
Warning: TF_REPEATED_DATA ignoring data with redundant timestamp for frame odom (parent map) at time 1790452921.017925 according to authority /rtabmap/rtabmap
         at line 278 in /tmp/binarydeb/ros-noetic-tf2-0.7.7/src/buffer_core.cpp
[0m[ INFO] [1790467125.911126443, 1790452921.625658929]: rtabmap (875): Rate=1.00s, Limit=0.000s, Conversion=0.0014s, RTAB-Map=0.2418s, Maps update=0.0007s pub=0.0001s (local map=544, WM=544)[0m
[0m[ INFO] [1790467126.902672857, 1790452922.493639536]: rtabmap (876): Rate=1.00s, Limit=0.000s, Conversion=0.0016s, RTAB-Map=0.2313s, Maps update=0.0007s pub=0.0001s (local map=544, WM=544)[0m
Warning: TF_REPEATED_DATA ignoring data with redundant timestamp for frame odom (parent map) at time 1790452922.749054 according to authority unknown_publisher
         at line 278 in /tmp/binarydeb/ros-noetic-tf2-0.7.7/src/buffer_core.cpp
[33m[ WARN] [1790467126.925970129, 1790452922.649054106]: TF_REPEATED_DATA ignoring data with redundant timestamp for frame odom (parent map) at time 1790452922.749054 according to authority unknown_publisher[0m
Warning: TF_REPEATED_DATA ignoring data with redundant timestamp for frame odom (parent map) at time 1790452922.749054 according to authority /rtabmap/rtabmap
         at line 278 in /tmp/binarydeb/ros-noetic-tf2-0.7.7/src/buffer_core.cpp
Warning: TF_REPEATED_DATA ignoring data with redundant timestamp for frame odom (parent map) at time 1790452923.128023 according to authority unknown_publisher
         at line 278 in /tmp/binarydeb/ros-noetic-tf2-0.7.7/src/buffer_core.cpp
[33m[ WARN] [1790467127.305818984, 1790452923.028022923]: TF_REPEATED_DATA ignoring data with redundant timestamp for frame odom (parent map) at time 1790452923.128023 according to authority unknown_publisher[0m
Warning: TF_REPEATED_DATA ignoring data with redundant timestamp for frame odom (parent map) at time 1790452923.128023 according to authority /rtabmap/rtabmap
         at line 278 in /tmp/binarydeb/ros-noetic-tf2-0.7.7/src/buffer_core.cpp
[0m[ INFO] [1790467128.006411717, 1790452923.724016675]: rtabmap (877): Rate=1.00s, Limit=0.000s, Conversion=0.0014s, RTAB-Map=0.2406s, Maps update=0.0007s pub=0.0001s (local map=544, WM=544)[0m
Warning: TF_REPEATED_DATA ignoring data with redundant timestamp for frame odom (parent map) at time 1790452924.854817 according to authority unknown_publisher
         at line 278 in /tmp/binarydeb/ros-noetic-tf2-0.7.7/src/buffer_core.cpp
Warning: TF_REPEATED_DATA ignoring data with redundant timestamp for frame odom (parent map) at time 1790452924.854817 according to authority /rtabmap/rtabmap
         at line 278 in /tmp/binarydeb/ros-noetic-tf2-0.7.7/src/buffer_core.cpp
[33m[ WARN] [1790467129.035508876, 1790452924.754817240]: TF_REPEATED_DATA ignoring data with redundant timestamp for frame odom (parent map) at time 1790452924.854817 according to authority unknown_publisher[0m
[0m[ INFO] [1790467129.091505992, 1790452924.815166709]: rtabmap (878): Rate=1.00s, Limit=0.000s, Conversion=0.0013s, RTAB-Map=0.2246s, Maps update=0.0006s pub=0.0001s (local map=544, WM=544)[0m
Warning: TF_REPEATED_DATA ignoring data with redundant timestamp for frame odom (parent map) at time 1790452925.227600 according to authority unknown_publisher
         at line 278 in /tmp/binarydeb/ros-noetic-tf2-0.7.7/src/buffer_core.cpp
[33m[ WARN] [1790467129.406267042, 1790452925.127600318]: TF_REPEATED_DATA ignoring data with redundant timestamp for frame odom (parent map) at time 1790452925.227600 according to authority unknown_publisher[0m
Warning: TF_REPEATED_DATA ignoring data with redundant timestamp for frame odom (parent map) at time 1790452925.227600 according to authority /rtabmap/rtabmap
         at line 278 in /tmp/binarydeb/ros-noetic-tf2-0.7.7/src/buffer_core.cpp
[0m[ INFO] [1790467130.195419016, 1790452925.913325768]: rtabmap (879): Rate=1.00s, Limit=0.000s, Conversion=0.0027s, RTAB-Map=0.2376s, Maps update=0.0006s pub=0.0001s (local map=544, WM=544)[0m
Warning: TF_REPEATED_DATA ignoring data with redundant timestamp for frame odom (parent map) at time 1790452926.938555 according to authority unknown_publisher
         at line 278 in /tmp/binarydeb/ros-noetic-tf2-0.7.7/src/buffer_core.cpp
[33m[ WARN] [1790467131.115604641, 1790452926.679710687]: TF_REPEATED_DATA ignoring data with redundant timestamp for frame odom (parent map) at time 1790452926.938555 according to authority unknown_publisher[0m
Warning: TF_REPEATED_DATA ignoring data with redundant timestamp for frame odom (parent map) at time 1790452926.938555 according to authority /rtabmap/rtabmap
         at line 278 in /tmp/binarydeb/ros-noetic-tf2-0.7.7/src/buffer_core.cpp
[0m[ INFO] [1790467131.198017455, 1790452926.919537964]: rtabmap (880): Rate=1.00s, Limit=0.000s, Conversion=0.0010s, RTAB-Map=0.2481s, Maps update=0.0009s pub=0.0001s (local map=544, WM=544)[0m
Warning: TF_REPEATED_DATA ignoring data with redundant timestamp for frame odom (parent map) at time 1790452927.308867 according to authority unknown_publisher
         at line 278 in /tmp/binarydeb/ros-noetic-tf2-0.7.7/src/buffer_core.cpp
[33m[ WARN] [1790467131.485609367, 1790452927.208866465]: TF_REPEATED_DATA ignoring data with redundant timestamp for frame odom (parent map) at time 1790452927.308867 according to authority unknown_publisher[0m
Warning: TF_REPEATED_DATA ignoring data with redundant timestamp for frame odom (parent map) at time 1790452927.308867 according to authority /rtabmap/rtabmap
         at line 278 in /tmp/binarydeb/ros-noetic-tf2-0.7.7/src/buffer_core.cpp
[0m[ INFO] [1790467132.175918041, 1790452927.895457638]: rtabmap (881): Rate=1.00s, Limit=0.000s, Conversion=0.0016s, RTAB-Map=0.2192s, Maps update=0.0007s pub=0.0001s (local map=544, WM=544)[0m
Warning: TF_REPEATED_DATA ignoring data with redundant timestamp for frame odom (parent map) at time 1790452929.046649 according to authority unknown_publisher
         at line 278 in /tmp/binarydeb/ros-noetic-tf2-0.7.7/src/buffer_core.cpp
Warning: TF_REPEATED_DATA ignoring data with redundant timestamp for frame odom (parent map) at time 1790452929.046649 according to authority /rtabmap/rtabmap
         at line 278 in /tmp/binarydeb/ros-noetic-tf2-0.7.7/src/buffer_core.cpp
[33m[ WARN] [1790467133.223899415, 1790452928.792893784]: TF_REPEATED_DATA ignoring data with redundant timestamp for frame odom (parent map) at time 1790452929.046649 according to authority unknown_publisher[0m
[0m[ INFO] [1790467133.298196709, 1790452929.017122029]: rtabmap (882): Rate=1.00s, Limit=0.000s, Conversion=0.0014s, RTAB-Map=0.2420s, Maps update=0.0006s pub=0.0001s (local map=544, WM=544)[0m
Warning: TF_REPEATED_DATA ignoring data with redundant timestamp for frame odom (parent map) at time 1790452929.435360 according to authority unknown_publisher
         at line 278 in /tmp/binarydeb/ros-noetic-tf2-0.7.7/src/buffer_core.cpp
[33m[ WARN] [1790467133.614532246, 1790452929.335359661]: TF_REPEATED_DATA ignoring data with redundant timestamp for frame odom (parent map) at time 1790452929.435360 according to authority unknown_publisher[0m
Warning: TF_REPEATED_DATA ignoring data with redundant timestamp for frame odom (parent map) at time 1790452929.435360 according to authority /rtabmap/rtabmap
         at line 278 in /tmp/binarydeb/ros-noetic-tf2-0.7.7/src/buffer_core.cpp
[0m[ INFO] [1790467134.303531673, 1790452930.021240216]: rtabmap (883): Rate=1.00s, Limit=0.000s, Conversion=0.0015s, RTAB-Map=0.2433s, Maps update=0.0006s pub=0.0001s (local map=544, WM=544)[0m
Warning: TF_REPEATED_DATA ignoring data with redundant timestamp for frame odom (parent map) at time 1790452931.160371 according to authority unknown_publisher
         at line 278 in /tmp/binarydeb/ros-noetic-tf2-0.7.7/src/buffer_core.cpp
Warning: TF_REPEATED_DATA ignoring data with redundant timestamp for frame odom (parent map) at time 1790452931.160371 according to authority /rtabmap/rtabmap
         at line 278 in /tmp/binarydeb/ros-noetic-tf2-0.7.7/src/buffer_core.cpp
[33m[ WARN] [1790467135.349245846, 1790452931.071342680]: TF_REPEATED_DATA ignoring data with redundant timestamp for frame odom (parent map) at time 1790452931.160371 according to authority unknown_publisher[0m
[0m[ INFO] [1790467135.421171027, 1790452931.141912329]: rtabmap (884): Rate=1.00s, Limit=0.000s, Conversion=0.0015s, RTAB-Map=0.2409s, Maps update=0.0006s pub=0.0001s (local map=544, WM=544)[0m
Warning: TF_REPEATED_DATA ignoring data with redundant timestamp for frame odom (parent map) at time 1790452931.530437 according to authority unknown_publisher
         at line 278 in /tmp/binarydeb/ros-noetic-tf2-0.7.7/src/buffer_core.cpp
Warning: TF_REPEATED_DATA ignoring data with redundant timestamp for frame odom (parent map) at time 1790452931.530437 according to authority /rtabmap/rtabmap
         at line 278 in /tmp/binarydeb/ros-noetic-tf2-0.7.7/src/buffer_core.cpp
[33m[ WARN] [1790467135.709120454, 1790452931.430436801]: TF_REPEATED_DATA ignoring data with redundant timestamp for frame odom (parent map) at time 1790452931.530437 according to authority unknown_publisher[0m
[0m[ INFO] [1790467136.486782743, 1790452932.135807602]: rtabmap (885): Rate=1.00s, Limit=0.000s, Conversion=0.0010s, RTAB-Map=0.2347s, Maps update=0.0009s pub=0.0001s (local map=544, WM=544)[0m
Warning: TF_REPEATED_DATA ignoring data with redundant timestamp for frame odom (parent map) at time 1790452932.395449 according to authority unknown_publisher
         at line 278 in /tmp/binarydeb/ros-noetic-tf2-0.7.7/src/buffer_core.cpp
[33m[ WARN] [1790467136.572087582, 1790452932.295448650]: TF_REPEATED_DATA ignoring data with redundant timestamp for frame odom (parent map) at time 1790452932.395449 according to authority unknown_publisher[0m
Warning: TF_REPEATED_DATA ignoring data with redundant timestamp for frame odom (parent map) at time 1790452932.395449 according to authority /rtabmap/rtabmap
         at line 278 in /tmp/binarydeb/ros-noetic-tf2-0.7.7/src/buffer_core.cpp
Warning: TF_REPEATED_DATA ignoring data with redundant timestamp for frame odom (parent map) at time 1790452933.252748 according to authority unknown_publisher
         at line 278 in /tmp/binarydeb/ros-noetic-tf2-0.7.7/src/buffer_core.cpp
Warning: TF_REPEATED_DATA ignoring data with redundant timestamp for frame odom (parent map) at time 1790452933.252748 according to authority /rtabmap/rtabmap
         at line 278 in /tmp/binarydeb/ros-noetic-tf2-0.7.7/src/buffer_core.cpp
[33m[ WARN] [1790467137.430283926, 1790452933.152748346]: TF_REPEATED_DATA ignoring data with redundant timestamp for frame odom (parent map) at time 1790452933.252748 according to authority unknown_publisher[0m
[0m[ INFO] [1790467137.493615279, 1790452933.213753537]: rtabmap (886): Rate=1.00s, Limit=0.000s, Conversion=0.0011s, RTAB-Map=0.2308s, Maps update=0.0008s pub=0.0001s (local map=544, WM=544)[0m
Warning: TF_REPEATED_DATA ignoring data with redundant timestamp for frame odom (parent map) at time 1790452933.631265 according to authority unknown_publisher
         at line 278 in /tmp/binarydeb/ros-noetic-tf2-0.7.7/src/buffer_core.cpp
[33m[ WARN] [1790467137.808637023, 1790452933.531264964]: TF_REPEATED_DATA ignoring data with redundant timestamp for frame odom (parent map) at time 1790452933.631265 according to authority unknown_publisher[0m
Warning: TF_REPEATED_DATA ignoring data with redundant timestamp for frame odom (parent map) at time 1790452933.631265 according to authority /rtabmap/rtabmap
         at line 278 in /tmp/binarydeb/ros-noetic-tf2-0.7.7/src/buffer_core.cpp
[0m[ INFO] [1790467138.536298892, 1790452934.229750217]: rtabmap (887): Rate=1.00s, Limit=0.000s, Conversion=0.0018s, RTAB-Map=0.2595s, Maps update=0.0008s pub=0.0001s (local map=544, WM=544)[0m
Warning: TF_REPEATED_DATA ignoring data with redundant timestamp for frame odom (parent map) at time 1790452934.491010 according to authority unknown_publisher
         at line 278 in /tmp/binarydeb/ros-noetic-tf2-0.7.7/src/buffer_core.cpp
[33m[ WARN] [1790467138.670389563, 1790452934.391010128]: TF_REPEATED_DATA ignoring data with redundant timestamp for frame odom (parent map) at time 1790452934.491010 according to authority unknown_publisher[0m
Warning: TF_REPEATED_DATA ignoring data with redundant timestamp for frame odom (parent map) at time 1790452934.491010 according to authority /rtabmap/rtabmap
         at line 278 in /tmp/binarydeb/ros-noetic-tf2-0.7.7/src/buffer_core.cpp
Warning: TF_REPEATED_DATA ignoring data with redundant timestamp for frame odom (parent map) at time 1790452935.353132 according to authority unknown_publisher
         at line 278 in /tmp/binarydeb/ros-noetic-tf2-0.7.7/src/buffer_core.cpp
[33m[ WARN] [1790467139.530804017, 1790452935.253132212]: TF_REPEATED_DATA ignoring data with redundant timestamp for frame odom (parent map) at time 1790452935.353132 according to authority unknown_publisher[0m
Warning: TF_REPEATED_DATA ignoring data with redundant timestamp for frame odom (parent map) at time 1790452935.353132 according to authority /rtabmap/rtabmap
         at line 278 in /tmp/binarydeb/ros-noetic-tf2-0.7.7/src/buffer_core.cpp
[0m[ INFO] [1790467139.587483510, 1790452935.303450822]: rtabmap (888): Rate=1.00s, Limit=0.000s, Conversion=0.0018s, RTAB-Map=0.2291s, Maps update=0.0008s pub=0.0001s (local map=544, WM=544)[0m
Warning: TF_REPEATED_DATA ignoring data with redundant timestamp for frame odom (parent map) at time 1790452935.709158 according to authority unknown_publisher
         at line 278 in /tmp/binarydeb/ros-noetic-tf2-0.7.7/src/buffer_core.cpp
Warning: TF_REPEATED_DATA ignoring data with redundant timestamp for frame odom (parent map) at time 1790452935.709158 according to authority /rtabmap/rtabmap
         at line 278 in /tmp/binarydeb/ros-noetic-tf2-0.7.7/src/buffer_core.cpp
[33m[ WARN] [1790467139.886823469, 1790452935.609158320]: TF_REPEATED_DATA ignoring data with redundant timestamp for frame odom (parent map) at time 1790452935.709158 according to authority unknown_publisher[0m
[0m[ INFO] [1790467140.696016114, 1790452936.334843066]: rtabmap (889): Rate=1.00s, Limit=0.000s, Conversion=0.0013s, RTAB-Map=0.2265s, Maps update=0.0006s pub=0.0001s (local map=544, WM=544)[0m
Warning: TF_REPEATED_DATA ignoring data with redundant timestamp for frame odom (parent map) at time 1790452936.591262 according to authority unknown_publisher
         at line 278 in /tmp/binarydeb/ros-noetic-tf2-0.7.7/src/buffer_core.cpp
[33m[ WARN] [1790467140.768111987, 1790452936.491261853]: TF_REPEATED_DATA ignoring data with redundant timestamp for frame odom (parent map) at time 1790452936.591262 according to authority unknown_publisher[0m
Warning: TF_REPEATED_DATA ignoring data with redundant timestamp for frame odom (parent map) at time 1790452936.591262 according to authority /rtabmap/rtabmap
         at line 278 in /tmp/binarydeb/ros-noetic-tf2-0.7.7/src/buffer_core.cpp
[0m[ INFO] [1790467141.804728409, 1790452937.521612753]: rtabmap (890): Rate=1.00s, Limit=0.000s, Conversion=0.0011s, RTAB-Map=0.2440s, Maps update=0.0009s pub=0.0001s (local map=544, WM=544)[0m
[0m[ INFO] [1790467142.803842811, 1790452938.433753914]: rtabmap (891): Rate=1.00s, Limit=0.000s, Conversion=0.0015s, RTAB-Map=0.2357s, Maps update=0.0006s pub=0.0001s (local map=544, WM=544)[0m
Warning: TF_REPEATED_DATA ignoring data with redundant timestamp for frame odom (parent map) at time 1790452938.692832 according to authority unknown_publisher
         at line 278 in /tmp/binarydeb/ros-noetic-tf2-0.7.7/src/buffer_core.cpp
[33m[ WARN] [1790467142.869705930, 1790452938.592832308]: TF_REPEATED_DATA ignoring data with redundant timestamp for frame odom (parent map) at time 1790452938.692832 according to authority unknown_publisher[0m
Warning: TF_REPEATED_DATA ignoring data with redundant timestamp for frame odom (parent map) at time 1790452938.692832 according to authority /rtabmap/rtabmap
         at line 278 in /tmp/binarydeb/ros-noetic-tf2-0.7.7/src/buffer_core.cpp
Warning: TF_REPEATED_DATA ignoring data with redundant timestamp for frame odom (parent map) at time 1790452940.792764 according to authority /rtabmap/rtabmap
         at line 278 in /tmp/binarydeb/ros-noetic-tf2-0.7.7/src/buffer_core.cpp
[33m[ WARN] [1790467144.970453531, 1790452940.692764350]: TF_REPEATED_DATA ignoring data with redundant timestamp for frame odom (parent map) at time 1790452940.792764 according to authority unknown_publisher[0m
[0m[ INFO] [1790467143.890071166, 1790452939.614177552]: rtabmap (892): Rate=1.00s, Limit=0.000s, Conversion=0.0011s, RTAB-Map=0.2220s, Maps update=0.0009s pub=0.0001s (local map=544, WM=544)[0m
Warning: TF_REPEATED_DATA ignoring data with redundant timestamp for frame odom (parent map) at time 1790452940.792764 according to authority unknown_publisher
         at line 278 in /tmp/binarydeb/ros-noetic-tf2-0.7.7/src/buffer_core.cpp
[0m[ INFO] [1790467144.999942664, 1790452940.722962769]: rtabmap (893): Rate=1.00s, Limit=0.000s, Conversion=0.0015s, RTAB-Map=0.2287s, Maps update=0.0008s pub=0.0001s (local map=544, WM=544)[0m
[0m[ INFO] [1790467146.023793288, 1790452941.744747072]: rtabmap (894): Rate=1.00s, Limit=0.000s, Conversion=0.0009s, RTAB-Map=0.2528s, Maps update=0.0008s pub=0.0001s (local map=544, WM=544)[0m
rtabmap: Saving database/long-term memory... (located at /media/administrator/USB Drive/slam_series2/s2_static_08/lidar_ref_f3dof/rtab_helios.db)
rtabmap: Saving database/long-term memory...done! (located at /media/administrator/USB Drive/slam_series2/s2_static_08/lidar_ref_f3dof/rtab_helios.db, 468 MB)
[33m[ WARN] [1790467159.915601507, 1790452942.207774314]: Shutdown request received.[0m
[33m[ WARN] [1790467159.915766308, 1790452942.207774314]: Reason given for shutdown: [user request][0m
[33m[ WARN] [1790467160.031782515, 1790452942.207774314]: Shutdown request received.[0m
[33m[ WARN] [1790467160.034359304, 1790452942.207774314]: Reason given for shutdown: [user request][0m
Filtering applied to all links.[0m
[0m[ INFO] [1790466186.012381033]: RobotBodyFilter: Found parameter: frames/output, value: rslidar[0m
[0m[ INFO] [1790466186.012411529]: RobotBodyFilter: Parameter cloud/point_channels not defined, assigning default: ["vp_"][0m
[0m[ INFO] [1790466186.012426185]: RobotBodyFilter: Parameter cloud/direction_channels not defined, assigning default: ["normal_"][0m
[0m[ INFO] [1790466186.012569515]: Configured filter chain of type sensor_msgs/PointCloud2 from namespace /helios_body_filter/cloud_filter_chain[0m
[0m[ INFO] [1790466219.883518506, 1790452015.605218142]: RobotBodyFilter: Transforming cloud from frame rslidar to base_link[0m
[0m[ INFO] [1790466219.946768009, 1790452015.665600638]: RobotBodyFilter: Transforming cloud from frame base_link to rslidar[0m
[INFO] [1790466185.835386, 0.000000]: box_crop: cutting base_link box min=[-0.2  -0.35  0.41] max=[ 0.14 -0.13  0.7 ]
[INFO] [1790466219.957686, 1790452015.675661]: box_crop: box in cloud frame rslidar: min=[-0.208 -0.35  -0.434] max=[ 0.132 -0.13  -0.144]
shutdown request: user request
shutdown request: user request
[1m[37mRoboSense-LiDAR-Driver is stopping.....[0m
terminate called after throwing an instance of 'std::system_error'
  what():  Invalid argument
... logging to /home/administrator/.ros/log/0065f4f8-ba04-11f1-a876-48b02de646a8/roslaunch-cpr-a200-0985-9525.log
Checking log directory for disk usage. This may take a while.
Press Ctrl-C to interrupt
Done checking log file disk usage. Usage is <1GB.
]2;/media/administrator/USB Drive/slam_series2/tools/colleague_variants/f3dof.launch
[1mstarted roslaunch server http://cpr-a200-0985:43973/[0m

SUMMARY
========

PARAMETERS
 * /helios_body_filter/cloud_filter_chain: [{'name': 'RobotB...
 * /helios_box_crop/box_frame: base_link
 * /helios_box_crop/max_x: 0.14
 * /helios_box_crop/max_y: -0.13
 * /helios_box_crop/max_z: 0.7
 * /helios_box_crop/min_x: -0.2
 * /helios_box_crop/min_y: -0.35
 * /helios_box_crop/min_z: 0.41
 * /helios_driver/config_path: /home/administrat...
 * /robot_description: <?xml version="1....
 * /rosdistro: noetic
 * /rosversion: 1.17.0
 * /rtabmap/rtabmap/Grid/CellSize: 0.02
 * /rtabmap/rtabmap/Grid/ClusterRadius: 1
 * /rtabmap/rtabmap/Grid/GroundIsObstacle: true
 * /rtabmap/rtabmap/Grid/RangeMax: 20
 * /rtabmap/rtabmap/Icp/CorrespondenceRatio: 0.4
 * /rtabmap/rtabmap/Icp/Epsilon: 0.001
 * /rtabmap/rtabmap/Icp/Iterations: 10
 * /rtabmap/rtabmap/Icp/MaxCorrespondenceDistance: 1
 * /rtabmap/rtabmap/Icp/MaxTranslation: 3
 * /rtabmap/rtabmap/Icp/PM: true
 * /rtabmap/rtabmap/Icp/PMOutlierRatio: 0.7
 * /rtabmap/rtabmap/Icp/PointToPlane: false
 * /rtabmap/rtabmap/Icp/PointToPlaneK: 20
 * /rtabmap/rtabmap/Icp/PointToPlaneRadius: 0
 * /rtabmap/rtabmap/Icp/VoxelSize: 0.3
 * /rtabmap/rtabmap/Mem/NotLinkedNodesKept: false
 * /rtabmap/rtabmap/Mem/STMSize: 30
 * /rtabmap/rtabmap/Optimizer/GravitySigma: 0.3
 * /rtabmap/rtabmap/RGBD/AngularUpdate: 0.05
 * /rtabmap/rtabmap/RGBD/LinearUpdate: 0.05
 * /rtabmap/rtabmap/RGBD/NeighborLinkRefining: false
 * /rtabmap/rtabmap/RGBD/ProximityBySpace: true
 * /rtabmap/rtabmap/RGBD/ProximityMaxGraphDepth: 0
 * /rtabmap/rtabmap/RGBD/ProximityPathMaxNeighbors: 1
 * /rtabmap/rtabmap/Reg/Force3DoF: true
 * /rtabmap/rtabmap/Reg/Strategy: 1
 * /rtabmap/rtabmap/Rtabmap/DetectionRate: 1
 * /rtabmap/rtabmap/approx_sync: True
 * /rtabmap/rtabmap/database_path: /media/administra...
 * /rtabmap/rtabmap/frame_id: base_link
 * /rtabmap/rtabmap/subscribe_depth: False
 * /rtabmap/rtabmap/subscribe_rgb: False
 * /rtabmap/rtabmap/subscribe_scan_cloud: True

NODES
  /
    helios_body_filter (sensor_filters/pointcloud2_filter_chain)
    helios_box_crop (self_navigation/box_crop.py)
    helios_driver (rslidar_sdk/rslidar_sdk_node)
    helios_restamp (self_navigation/helios_restamp.py)
  /rtabmap/
    rtabmap (rtabmap_slam/rtabmap)

[1mROS_MASTER_URI=http://localhost:11312[0m
]2;/media/administrator/USB Drive/slam_series2/tools/colleague_variants/f3dof.launch http://localhost:11312
[1mprocess[helios_driver-1]: started with pid [9564][0m
[1mprocess[helios_restamp-2]: started with pid [9565][0m
[1mprocess[helios_body_filter-3]: started with pid [9566][0m
[1mprocess[helios_box_crop-4]: started with pid [9571][0m
[1mprocess[rtabmap/rtabmap-5]: started with pid [9574][0m
[1m[rtabmap/rtabmap-5] process has finished cleanly
log file: /home/administrator/.ros/log/0065f4f8-ba04-11f1-a876-48b02de646a8/rtabmap-rtabmap-5*.log[0m
[1m[helios_body_filter-3] process has finished cleanly
log file: /home/administrator/.ros/log/0065f4f8-ba04-11f1-a876-48b02de646a8/helios_body_filter-3*.log[0m
[helios_box_crop-4] killing on exit
[helios_restamp-2] killing on exit
[helios_driver-1] killing on exit
shutting down processing monitor...
... shutting down processing monitor complete
[1mdone[0m
