# each path moved to start at (0,0) facing +x; tracking alone (odometry); time = epoch s; source ~/.run_records/s2_static_07/fusion.bag (/fused/odometry, /robot/ekf_odom, /rtabmap/odom, /robot/wheel_odom)
source,t,x,y,heading_deg
blend,1790443661.19,0.000,0.000,0.00
blend,1790443661.50,0.000,-0.000,-0.00
blend,1790443662.02,0.001,0.000,0.00
blend,1790443662.54,0.001,0.000,0.01
blend,1790443663.00,-0.001,0.000,0.01
blend,1790443663.52,-0.000,0.000,0.00
blend,1790443664.04,-0.000,0.000,-0.00
blend,1790443664.50,0.000,0.000,-0.00
blend,1790443665.02,-0.000,0.000,-0.01
blend,1790443665.54,-0.000,0.000,-0.02
blend,1790443666.01,0.001,0.000,-0.01
blend,1790443666.52,-0.003,-0.000,-0.01
blend,1790443667.04,-0.002,-0.000,-0.03
blend,1790443667.51,-0.002,-0.000,-0.02
blend,1790443668.03,-0.001,-0.000,-0.02
blend,1790443668.54,0.000,-0.000,-0.02
blend,1790443669.01,0.000,-0.000,-0.02
blend,1790443669.53,0.001,0.000,-0.01
blend,1790443670.04,0.002,0.000,-0.01
blend,1790443670.51,0.001,0.000,-0.01
blend,1790443671.03,0.002,-0.000,-0.01
blend,1790443671.55,0.001,-0.000,-0.01
blend,1790443672.01,-0.002,-0.000,0.00
blend,1790443672.53,-0.002,-0.000,0.00
blend,1790443673.01,-0.002,-0.000,0.01
blend,1790443673.51,-0.003,-0.000,0.01
blend,1790443674.03,-0.003,-0.000,0.01
blend,1790443674.52,-0.006,0.000,0.00
blend,1790443675.02,-0.006,0.000,0.00
blend,1790443675.53,-0.007,0.000,-0.01
blend,1790443676.02,-0.007,0.000,-0.01
blend,1790443676.52,-0.007,0.000,-0.01
blend,1790443677.04,-0.007,0.000,-0.00
blend,1790443677.50,-0.008,0.000,-0.01
blend,1790443678.02,-0.008,0.000,-0.01
blend,1790443678.54,-0.007,0.000,-0.01
blend,1790443679.00,-0.007,0.000,-0.01
blend,1790443679.52,-0.007,0.000,-0.00
blend,1790443680.04,-0.007,0.000,-0.01
blend,1790443680.50,-0.007,0.000,-0.01
blend,1790443681.02,-0.007,0.000,-0.01
blend,1790443681.54,-0.007,0.000,-0.02
blend,1790443682.01,-0.007,0.000,-0.02
blend,1790443682.52,-0.007,0.000,-0.02
blend,1790443683.04,-0.007,0.000,-0.01
blend,1790443683.51,-0.008,0.000,-0.01
blend,1790443684.02,-0.009,0.000,-0.01
blend,1790443684.54,-0.008,0.000,-0.01
blend,1790443685.01,-0.008,0.000,-0.01
blend,1790443685.53,-0.009,0.000,-0.01
blend,1790443686.01,-0.008,0.000,-0.01
blend,1790443686.51,-0.009,0.000,-0.00
blend,1790443687.03,-0.009,0.000,-0.01
blend,1790443687.55,-0.009,0.000,-0.00
blend,1790443688.01,-0.009,0.000,-0.01
blend,1790443688.53,-0.009,0.000,-0.00
blend,1790443689.01,-0.009,0.000,-0.00
blend,1790443689.51,-0.009,0.000,-0.01
blend,1790443690.03,-0.010,0.000,-0.00
blend,1790443690.51,-0.010,0.000,-0.00
blend,1790443691.02,-0.009,0.000,-0.02
blend,1790443691.53,-0.010,0.000,-0.02
blend,1790443692.05,-0.010,0.000,-0.02
blend,1790443692.52,-0.009,0.000,-0.01
blend,1790443693.03,-0.008,0.000,-0.00
blend,1790443693.51,-0.009,0.000,-0.00
blend,1790443694.02,-0.009,0.000,0.00
blend,1790443694.54,-0.009,0.000,-0.00
blend,1790443695.00,-0.009,0.000,0.00
blend,1790443695.52,-0.009,0.000,-0.00
blend,1790443696.04,-0.009,0.000,-0.00
blend,1790443696.50,-0.009,0.000,-0.01
blend,1790443697.02,-0.009,0.000,-0.00
blend,1790443697.54,-0.010,0.000,-0.01
blend,1790443698.00,-0.009,0.000,-0.01
blend,1790443698.52,-0.009,0.000,-0.02
blend,1790443699.04,-0.010,0.000,-0.01
blend,1790443699.51,-0.011,0.000,-0.01
blend,1790443700.02,-0.011,0.000,-0.01
blend,1790443700.54,-0.010,0.000,-0.02
blend,1790443701.01,-0.010,0.000,-0.02
blend,1790443701.52,-0.010,0.000,-0.01
blend,1790443702.04,-0.010,0.000,-0.01
blend,1790443702.51,-0.009,0.000,-0.01
blend,1790443703.03,-0.009,0.000,-0.01
blend,1790443703.51,-0.009,0.000,-0.02
blend,1790443704.01,-0.008,0.000,-0.02
blend,1790443704.53,-0.008,0.000,-0.02
blend,1790443705.04,-0.008,0.000,-0.03
blend,1790443705.51,-0.008,0.000,-0.04
blend,1790443706.03,-0.008,0.000,-0.04
blend,1790443706.55,-0.008,0.000,-0.04
blend,1790443707.01,-0.009,0.000,-0.05
blend,1790443707.53,-0.009,0.000,-0.05
blend,1790443708.05,-0.010,0.000,-0.04
blend,1790443708.51,-0.009,0.000,-0.05
blend,1790443709.03,-0.009,0.000,-0.04
blend,1790443709.52,-0.009,0.000,-0.04
blend,1790443710.02,-0.008,0.000,-0.04
blend,1790443710.53,-0.008,0.000,-0.04
blend,1790443711.00,-0.008,0.000,-0.05
blend,1790443711.52,-0.008,0.000,-0.05
blend,1790443712.04,-0.007,0.000,-0.06
blend,1790443712.50,-0.006,0.000,-0.08
blend,1790443713.02,-0.006,0.000,-0.08
blend,1790443713.50,-0.006,0.000,-0.08
blend,1790443714.00,-0.005,0.000,-0.08
blend,1790443714.52,-0.006,0.000,-0.08
blend,1790443715.04,-0.005,0.000,-0.08
blend,1790443715.50,-0.006,0.000,-0.08
blend,1790443716.02,-0.006,0.000,-0.08
blend,1790443716.54,-0.006,0.000,-0.08
blend,1790443717.01,-0.007,0.000,-0.09
blend,1790443717.52,-0.007,0.000,-0.08
blend,1790443718.04,-0.006,0.000,-0.07
blend,1790443718.51,-0.006,0.000,-0.07
blend,1790443719.03,-0.007,0.000,-0.07
blend,1790443719.54,-0.007,0.000,-0.07
blend,1790443720.01,-0.007,0.000,-0.07
blend,1790443720.53,-0.007,0.000,-0.07
blend,1790443721.05,-0.007,0.000,-0.07
blend,1790443721.51,-0.007,0.000,-0.06
blend,1790443722.03,-0.007,0.000,-0.06
blend,1790443722.55,-0.007,0.000,-0.06
blend,1790443723.01,-0.008,0.000,-0.07
blend,1790443723.53,-0.004,0.000,-0.09
blend,1790443724.00,0.040,-0.000,-0.08
blend,1790443724.52,0.105,-0.000,-0.02
blend,1790443725.03,0.193,-0.000,-0.01
blend,1790443725.51,0.270,0.000,0.05
blend,1790443726.02,0.362,0.000,0.09
blend,1790443726.54,0.454,0.000,0.10
blend,1790443727.00,0.539,0.000,0.15
blend,1790443727.52,0.635,0.001,0.17
blend,1790443728.04,0.733,0.001,0.21
blend,1790443728.50,0.821,0.001,0.25
blend,1790443729.02,0.920,0.002,0.26
blend,1790443729.54,1.017,0.002,0.33
blend,1790443730.01,1.106,0.003,0.37
blend,1790443730.53,1.204,0.004,0.37
blend,1790443731.04,1.302,0.004,0.40
blend,1790443731.51,1.390,0.005,0.44
blend,1790443732.03,1.488,0.006,0.48
blend,1790443732.55,1.588,0.006,0.52
blend,1790443733.01,1.681,0.007,0.56
blend,1790443733.53,1.779,0.008,0.59
blend,1790443734.02,1.872,0.009,0.64
blend,1790443734.52,1.966,0.010,0.69
blend,1790443735.03,2.061,0.012,0.73
blend,1790443735.50,2.152,0.013,0.77
blend,1790443736.02,2.247,0.014,0.77
blend,1790443736.54,2.346,0.016,0.85
blend,1790443737.00,2.439,0.017,0.87
blend,1790443737.52,2.535,0.018,0.90
blend,1790443738.04,2.631,0.020,0.96
blend,1790443738.51,2.721,0.022,1.00
blend,1790443739.02,2.821,0.023,1.01
blend,1790443739.54,2.918,0.025,1.07
blend,1790443740.01,3.005,0.027,1.11
blend,1790443740.51,3.098,0.029,1.11
blend,1790443741.05,3.200,0.031,1.13
blend,1790443741.51,3.289,0.032,1.16
blend,1790443742.01,3.388,0.035,1.22
blend,1790443742.51,3.477,0.036,1.22
blend,1790443743.02,3.566,0.038,1.27
blend,1790443743.53,3.665,0.041,1.36
blend,1790443744.00,3.751,0.043,1.40
blend,1790443744.52,3.848,0.045,1.40
blend,1790443745.00,3.939,0.047,1.43
blend,1790443745.50,4.033,0.050,1.49
blend,1790443746.02,4.132,0.052,1.50
blend,1790443746.54,4.230,0.055,1.50
blend,1790443747.01,4.318,0.057,1.55
blend,1790443747.51,4.401,0.060,1.60
blend,1790443748.01,4.497,0.062,1.60
blend,1790443748.51,4.589,0.065,1.67
blend,1790443749.03,4.683,0.068,1.72
blend,1790443749.55,4.781,0.071,1.73
blend,1790443750.01,4.867,0.073,1.77
blend,1790443750.53,4.964,0.076,1.83
blend,1790443751.00,5.053,0.079,1.86
blend,1790443751.52,5.149,0.082,1.86
blend,1790443752.04,5.242,0.085,1.93
blend,1790443752.50,5.330,0.089,1.96
blend,1790443753.02,5.424,0.092,1.98
blend,1790443753.54,5.522,0.095,2.02
blend,1790443754.00,5.608,0.098,2.07
blend,1790443754.52,5.704,0.102,2.11
blend,1790443755.04,5.803,0.106,2.15
blend,1790443755.51,5.886,0.109,2.20
blend,1790443756.03,5.986,0.113,2.28
blend,1790443756.55,6.081,0.117,2.28
blend,1790443757.01,6.161,0.120,2.36
blend,1790443757.53,6.262,0.124,2.36
blend,1790443758.05,6.357,0.127,2.39
blend,1790443758.52,6.441,0.131,2.42
blend,1790443759.03,6.538,0.135,2.50
blend,1790443759.50,6.624,0.139,2.56
blend,1790443760.02,6.716,0.143,2.57
blend,1790443760.54,6.820,0.148,2.58
blend,1790443761.01,6.903,0.152,2.67
blend,1790443761.52,6.998,0.156,2.68
blend,1790443762.04,7.090,0.160,2.68
blend,1790443762.51,7.178,0.165,2.73
blend,1790443763.03,7.273,0.169,2.74
blend,1790443763.55,7.368,0.174,2.74
blend,1790443764.01,7.452,0.178,2.75
blend,1790443764.53,7.553,0.183,2.82
blend,1790443765.02,7.640,0.187,2.86
blend,1790443765.52,7.735,0.192,2.86
blend,1790443766.04,7.842,0.197,2.94
blend,1790443766.50,7.926,0.202,3.00
blend,1790443767.02,8.023,0.207,2.97
blend,1790443767.54,8.120,0.212,3.02
blend,1790443768.01,8.210,0.217,3.04
blend,1790443768.52,8.300,0.222,3.06
blend,1790443769.00,8.395,0.227,3.09
blend,1790443769.51,8.483,0.231,3.13
blend,1790443770.03,8.577,0.237,3.15
blend,1790443770.55,8.673,0.242,3.18
blend,1790443771.01,8.752,0.246,3.18
blend,1790443771.53,8.849,0.252,3.26
blend,1790443772.00,8.936,0.257,3.32
blend,1790443772.52,9.028,0.263,3.35
blend,1790443773.03,9.119,0.267,3.31
blend,1790443773.50,9.198,0.272,3.29
blend,1790443774.02,9.298,0.278,3.34
blend,1790443774.54,9.402,0.284,3.41
blend,1790443775.00,9.488,0.290,3.50
blend,1790443775.52,9.586,0.296,3.56
blend,1790443776.04,9.686,0.302,3.57
blend,1790443776.51,9.769,0.307,3.65
blend,1790443777.03,9.862,0.313,3.67
blend,1790443777.51,9.956,0.319,3.65
blend,1790443778.01,10.048,0.325,3.66
blend,1790443778.50,10.137,0.331,3.77
blend,1790443779.05,10.228,0.337,3.80
blend,1790443779.51,10.300,0.342,3.81
blend,1790443780.01,10.375,0.347,3.82
blend,1790443780.50,10.458,0.352,3.79
blend,1790443781.02,10.539,0.358,3.90
blend,1790443781.54,10.617,0.364,3.99
blend,1790443782.00,10.690,0.368,4.04
blend,1790443782.52,10.768,0.374,4.07
blend,1790443783.04,10.844,0.379,4.11
blend,1790443783.51,10.859,0.381,4.11
blend,1790443784.02,10.858,0.381,4.08
blend,1790443784.54,10.859,0.381,4.52
blend,1790443785.01,10.856,0.380,8.15
blend,1790443785.53,10.865,0.383,12.60
blend,1790443786.05,10.866,0.383,17.07
blend,1790443786.51,10.871,0.385,21.20
blend,1790443787.03,10.880,0.389,25.85
blend,1790443787.54,10.886,0.393,30.90
blend,1790443788.00,10.891,0.396,35.37
blend,1790443788.51,10.897,0.402,40.43
blend,1790443789.03,10.903,0.407,45.28
blend,1790443789.54,10.904,0.409,51.49
blend,1790443790.05,10.905,0.410,58.07
blend,1790443790.50,10.904,0.406,64.10
blend,1790443791.01,10.907,0.416,71.09
blend,1790443791.52,10.907,0.416,78.22
blend,1790443792.02,10.907,0.416,85.61
blend,1790443792.54,10.907,0.415,93.13
blend,1790443793.00,10.907,0.416,100.03
blend,1790443793.51,10.907,0.416,107.22
blend,1790443794.02,10.907,0.416,114.71
blend,1790443794.50,10.907,0.416,121.76
blend,1790443795.01,10.907,0.415,129.15
blend,1790443795.53,10.908,0.415,136.78
blend,1790443796.04,10.908,0.415,144.32
blend,1790443796.50,10.907,0.415,150.85
blend,1790443797.02,10.907,0.416,157.99
blend,1790443797.53,10.908,0.415,165.12
blend,1790443798.04,10.908,0.415,172.12
blend,1790443798.50,10.908,0.415,178.42
blend,1790443799.02,10.907,0.415,180.76
blend,1790443799.53,10.907,0.415,180.75
blend,1790443800.00,10.907,0.415,180.79
blend,1790443800.51,10.885,0.415,180.81
blend,1790443801.03,10.834,0.414,180.89
blend,1790443801.55,10.789,0.414,180.92
blend,1790443802.01,10.750,0.413,180.93
blend,1790443802.53,10.753,0.413,180.95
blend,1790443803.04,10.751,0.413,180.93
blend,1790443803.51,10.751,0.413,180.95
blend,1790443804.02,10.736,0.413,181.04
blend,1790443804.54,10.661,0.411,181.11
blend,1790443805.00,10.594,0.410,181.09
blend,1790443805.52,10.536,0.409,181.17
blend,1790443806.04,10.473,0.407,181.20
blend,1790443806.50,10.403,0.406,181.24
blend,1790443807.02,10.325,0.404,181.27
blend,1790443807.53,10.244,0.402,181.30
blend,1790443808.02,10.169,0.401,181.34
blend,1790443808.51,10.090,0.399,181.38
blend,1790443809.03,10.008,0.397,181.41
blend,1790443809.50,9.934,0.395,181.44
blend,1790443810.01,9.851,0.393,181.48
blend,1790443810.54,9.767,0.390,181.52
blend,1790443811.04,9.686,0.388,181.56
blend,1790443811.51,9.615,0.386,181.60
blend,1790443812.03,9.530,0.384,181.66
blend,1790443812.52,9.447,0.381,181.69
blend,1790443813.01,9.368,0.379,181.72
blend,1790443813.52,9.287,0.376,181.76
blend,1790443814.04,9.213,0.374,181.79
blend,1790443814.51,9.138,0.372,181.80
blend,1790443815.02,9.050,0.369,181.83
blend,1790443815.54,8.965,0.366,181.85
blend,1790443816.00,8.886,0.364,181.89
blend,1790443816.52,8.803,0.361,181.95
blend,1790443817.04,8.716,0.358,181.98
blend,1790443817.50,8.631,0.355,182.04
blend,1790443818.02,8.539,0.352,182.09
blend,1790443818.53,8.448,0.348,182.14
blend,1790443819.02,8.365,0.345,182.17
blend,1790443819.52,8.273,0.342,182.21
blend,1790443820.03,8.181,0.338,182.24
blend,1790443820.52,8.096,0.335,182.29
blend,1790443821.01,8.003,0.331,182.31
blend,1790443821.50,7.918,0.327,182.31
blend,1790443822.05,7.822,0.323,182.33
blend,1790443822.51,7.740,0.320,182.37
blend,1790443823.03,7.654,0.317,182.43
blend,1790443823.54,7.568,0.313,182.46
blend,1790443824.01,7.488,0.309,182.50
blend,1790443824.52,7.396,0.305,182.54
blend,1790443825.04,7.301,0.301,182.57
blend,1790443825.51,7.221,0.298,182.61
blend,1790443826.02,7.138,0.294,182.65
blend,1790443826.54,7.051,0.290,182.67
blend,1790443827.00,6.958,0.286,182.70
blend,1790443827.52,6.863,0.281,182.76
blend,1790443828.04,6.782,0.277,182.81
blend,1790443828.50,6.702,0.273,182.85
blend,1790443829.02,6.613,0.269,182.90
blend,1790443829.54,6.512,0.263,182.94
blend,1790443830.00,6.436,0.259,182.97
blend,1790443830.52,6.346,0.255,183.02
blend,1790443831.04,6.260,0.250,183.06
blend,1790443831.50,6.184,0.246,183.06
blend,1790443832.02,6.093,0.241,183.11
blend,1790443832.53,5.998,0.236,183.14
blend,1790443833.01,5.920,0.232,183.15
blend,1790443833.52,5.827,0.227,183.19
blend,1790443834.03,5.737,0.221,183.24
blend,1790443834.52,5.650,0.217,183.30
blend,1790443835.01,5.562,0.211,183.33
blend,1790443835.53,5.469,0.206,183.35
blend,1790443836.05,5.380,0.201,183.38
blend,1790443836.51,5.296,0.196,183.43
blend,1790443837.03,5.202,0.190,183.46
blend,1790443837.55,5.109,0.184,183.50
blend,1790443838.01,5.026,0.179,183.54
blend,1790443838.53,4.933,0.174,183.55
blend,1790443839.04,4.841,0.168,183.59
blend,1790443839.51,4.765,0.163,183.64
blend,1790443840.03,4.681,0.158,183.67
blend,1790443840.54,4.597,0.152,183.72
blend,1790443841.01,4.516,0.147,183.75
blend,1790443841.52,4.418,0.140,183.79
blend,1790443842.04,4.330,0.134,183.80
blend,1790443842.50,4.247,0.129,183.83
blend,1790443843.02,4.154,0.122,183.86
blend,1790443843.54,4.063,0.116,183.90
blend,1790443844.00,3.979,0.111,183.91
blend,1790443844.52,3.886,0.104,183.94
blend,1790443845.03,3.791,0.098,183.98
blend,1790443845.50,3.709,0.092,183.99
blend,1790443846.02,3.618,0.085,184.06
blend,1790443846.53,3.531,0.079,184.09
blend,1790443847.02,3.444,0.073,184.12
blend,1790443847.51,3.354,0.067,184.15
blend,1790443848.03,3.260,0.060,184.17
blend,1790443848.55,3.177,0.054,184.22
blend,1790443849.01,3.092,0.047,184.26
blend,1790443849.53,3.000,0.040,184.29
blend,1790443850.04,2.911,0.033,184.32
blend,1790443850.51,2.825,0.027,184.35
blend,1790443851.03,2.733,0.020,184.38
blend,1790443851.54,2.645,0.013,184.42
blend,1790443852.01,2.560,0.007,184.45
blend,1790443852.52,2.465,-0.001,184.50
blend,1790443853.04,2.378,-0.008,184.52
blend,1790443853.51,2.301,-0.014,184.56
blend,1790443854.02,2.208,-0.022,184.63
blend,1790443854.54,2.117,-0.029,184.66
blend,1790443855.00,2.035,-0.036,184.71
blend,1790443855.52,1.947,-0.043,184.73
blend,1790443856.04,1.855,-0.051,184.76
blend,1790443856.50,1.775,-0.058,184.80
blend,1790443857.02,1.688,-0.065,184.84
blend,1790443857.53,1.598,-0.073,184.89
blend,1790443858.00,1.521,-0.079,184.90
blend,1790443858.51,1.434,-0.087,184.95
blend,1790443859.03,1.342,-0.095,185.00
blend,1790443859.55,1.251,-0.103,185.03
blend,1790443860.01,1.170,-0.110,185.06
blend,1790443860.50,1.081,-0.118,185.06
blend,1790443861.04,0.981,-0.127,185.09
blend,1790443861.51,0.899,-0.134,185.12
blend,1790443862.03,0.804,-0.143,185.17
blend,1790443862.54,0.719,-0.151,185.20
blend,1790443863.01,0.651,-0.157,185.20
blend,1790443863.52,0.575,-0.164,185.26
blend,1790443864.04,0.539,-0.167,185.29
blend,1790443864.50,0.530,-0.168,185.31
blend,1790443865.02,0.530,-0.168,185.46
blend,1790443865.54,0.530,-0.168,189.19
blend,1790443866.00,0.524,-0.170,193.53
blend,1790443866.52,0.518,-0.172,198.44
blend,1790443867.04,0.514,-0.174,203.48
blend,1790443867.50,0.510,-0.176,209.35
blend,1790443868.01,0.506,-0.179,216.02
blend,1790443868.52,0.498,-0.187,222.67
blend,1790443869.03,0.491,-0.194,229.32
blend,1790443869.54,0.497,-0.187,236.25
blend,1790443870.04,0.489,-0.201,243.87
blend,1790443870.52,0.484,-0.220,250.87
blend,1790443871.01,0.481,-0.233,258.27
blend,1790443871.52,0.481,-0.243,265.94
blend,1790443872.03,0.481,-0.255,270.57
blend,1790443872.54,0.481,-0.252,270.59
blend,1790443873.00,0.481,-0.256,270.59
blend,1790443873.51,0.481,-0.257,270.56
blend,1790443874.02,0.481,-0.258,270.56
blend,1790443874.54,0.481,-0.288,270.63
blend,1790443875.05,0.482,-0.345,270.72
blend,1790443875.51,0.483,-0.395,270.78
blend,1790443876.01,0.484,-0.462,270.85
blend,1790443876.51,0.485,-0.540,270.92
blend,1790443877.02,0.486,-0.631,270.98
blend,1790443877.51,0.488,-0.718,271.03
blend,1790443878.02,0.490,-0.812,271.12
blend,1790443878.51,0.492,-0.905,271.20
blend,1790443879.01,0.494,-1.007,271.26
blend,1790443879.51,0.496,-1.099,271.29
blend,1790443880.02,0.498,-1.195,271.33
blend,1790443880.53,0.500,-1.292,271.39
blend,1790443881.04,0.503,-1.391,271.44
blend,1790443881.50,0.505,-1.477,271.48
blend,1790443882.01,0.508,-1.580,271.55
blend,1790443882.53,0.511,-1.684,271.59
blend,1790443883.04,0.513,-1.771,271.60
blend,1790443883.52,0.516,-1.859,271.66
blend,1790443884.01,0.518,-1.945,271.71
blend,1790443884.52,0.521,-2.045,271.74
blend,1790443885.04,0.524,-2.147,271.78
blend,1790443885.52,0.527,-2.244,271.83
blend,1790443886.01,0.531,-2.344,271.86
blend,1790443886.52,0.534,-2.453,271.95
blend,1790443887.03,0.538,-2.558,271.96
blend,1790443887.55,0.541,-2.658,272.03
blend,1790443888.01,0.545,-2.755,272.07
blend,1790443888.52,0.548,-2.850,272.09
blend,1790443889.03,0.552,-2.943,272.15
blend,1790443889.54,0.556,-3.048,272.19
blend,1790443890.00,0.559,-3.143,272.24
blend,1790443890.52,0.563,-3.248,272.23
blend,1790443891.03,0.568,-3.360,272.32
blend,1790443891.54,0.572,-3.463,272.34
blend,1790443892.00,0.576,-3.551,272.35
blend,1790443892.51,0.580,-3.661,272.41
blend,1790443893.03,0.585,-3.763,272.43
blend,1790443893.54,0.589,-3.870,272.48
blend,1790443894.01,0.593,-3.963,272.50
blend,1790443894.51,0.598,-4.067,272.56
blend,1790443895.02,0.603,-4.167,272.58
blend,1790443895.53,0.607,-4.272,272.61
blend,1790443896.05,0.612,-4.376,272.66
blend,1790443896.51,0.616,-4.461,272.71
blend,1790443897.02,0.621,-4.564,272.73
blend,1790443897.53,0.625,-4.654,272.82
blend,1790443898.04,0.630,-4.753,272.84
blend,1790443898.50,0.634,-4.835,272.88
blend,1790443899.01,0.639,-4.929,272.93
blend,1790443899.53,0.645,-5.036,272.97
blend,1790443900.04,0.650,-5.139,273.04
blend,1790443900.52,0.655,-5.231,273.07
blend,1790443901.01,0.660,-5.325,273.10
blend,1790443901.52,0.666,-5.424,273.16
blend,1790443902.03,0.671,-5.521,273.19
blend,1790443902.55,0.676,-5.612,273.21
blend,1790443903.01,0.681,-5.710,273.25
blend,1790443903.52,0.687,-5.809,273.26
blend,1790443904.03,0.693,-5.915,273.31
blend,1790443904.54,0.699,-6.021,273.36
blend,1790443905.00,0.705,-6.107,273.36
blend,1790443905.51,0.710,-6.201,273.42
blend,1790443906.03,0.716,-6.297,273.47
blend,1790443906.54,0.722,-6.395,273.49
blend,1790443907.02,0.728,-6.487,273.56
blend,1790443907.51,0.734,-6.584,273.59
blend,1790443908.02,0.740,-6.688,273.60
blend,1790443908.53,0.746,-6.780,273.66
blend,1790443909.05,0.752,-6.871,273.69
blend,1790443909.51,0.758,-6.965,273.70
blend,1790443910.02,0.764,-7.055,273.77
blend,1790443910.53,0.771,-7.155,273.80
blend,1790443911.05,0.777,-7.261,273.82
blend,1790443911.50,0.783,-7.347,273.88
blend,1790443912.02,0.790,-7.439,273.90
blend,1790443912.50,0.796,-7.531,273.91
blend,1790443913.04,0.803,-7.628,273.98
blend,1790443913.50,0.809,-7.714,273.99
blend,1790443914.01,0.815,-7.808,274.00
blend,1790443914.52,0.822,-7.900,274.04
blend,1790443915.04,0.828,-7.985,274.10
blend,1790443915.55,0.834,-8.068,274.12
blend,1790443916.01,0.839,-8.141,274.12
blend,1790443916.52,0.845,-8.221,274.13
blend,1790443917.03,0.850,-8.303,272.65
blend,1790443917.54,0.852,-8.390,270.80
blend,1790443918.00,0.853,-8.468,270.74
blend,1790443918.50,0.855,-8.552,270.70
blend,1790443919.02,0.856,-8.642,270.66
blend,1790443919.51,0.855,-8.573,270.64
blend,1790443920.02,0.856,-8.693,270.62
blend,1790443920.51,0.857,-8.789,270.61
blend,1790443921.02,0.858,-8.887,270.66
blend,1790443921.54,0.859,-8.991,270.63
blend,1790443922.01,0.860,-9.095,270.70
blend,1790443922.51,0.862,-9.196,270.72
blend,1790443923.02,0.863,-9.302,270.78
blend,1790443923.53,0.865,-9.402,270.76
blend,1790443924.05,0.866,-9.509,270.80
blend,1790443924.51,0.868,-9.600,270.85
blend,1790443925.02,0.869,-9.715,270.86
blend,1790443925.53,0.871,-9.825,270.92
blend,1790443926.04,0.873,-9.929,270.96
blend,1790443926.50,0.874,-10.023,270.97
blend,1790443927.02,0.876,-10.134,270.97
blend,1790443927.53,0.878,-10.238,271.03
blend,1790443928.04,0.881,-10.346,271.08
blend,1790443928.50,0.883,-10.450,271.15
blend,1790443929.01,0.885,-10.557,271.16
blend,1790443929.52,0.887,-10.668,271.20
blend,1790443930.04,0.889,-10.773,271.22
blend,1790443930.51,0.892,-10.874,271.30
blend,1790443931.01,0.894,-10.980,271.30
blend,1790443931.52,0.897,-11.092,271.37
blend,1790443932.03,0.899,-11.193,271.38
blend,1790443932.54,0.902,-11.304,271.49
blend,1790443933.00,0.905,-11.405,271.48
blend,1790443933.52,0.908,-11.518,271.56
blend,1790443934.03,0.911,-11.620,271.56
blend,1790443934.54,0.914,-11.733,271.61
blend,1790443935.00,0.917,-11.827,271.64
blend,1790443935.51,0.920,-11.940,271.71
blend,1790443936.03,0.923,-12.050,271.71
blend,1790443936.54,0.927,-12.168,271.80
blend,1790443937.02,0.931,-12.273,271.84
blend,1790443937.51,0.934,-12.376,271.89
blend,1790443938.02,0.938,-12.484,271.90
blend,1790443938.53,0.941,-12.590,271.98
blend,1790443939.04,0.945,-12.703,271.97
blend,1790443939.51,0.949,-12.800,272.01
blend,1790443940.02,0.953,-12.905,272.06
blend,1790443940.53,0.957,-13.024,272.09
blend,1790443941.04,0.961,-13.137,272.11
blend,1790443941.50,0.965,-13.236,272.19
blend,1790443942.01,0.969,-13.343,272.23
blend,1790443942.53,0.974,-13.448,272.27
blend,1790443943.04,0.978,-13.554,272.30
blend,1790443943.52,0.982,-13.654,272.35
blend,1790443944.01,0.986,-13.759,272.37
blend,1790443944.52,0.991,-13.865,272.43
blend,1790443945.00,0.995,-13.966,272.44
blend,1790443945.51,0.999,-14.068,272.45
blend,1790443946.01,1.004,-14.165,272.52
blend,1790443946.52,1.006,-14.215,272.51
blend,1790443947.04,1.006,-14.212,272.49
blend,1790443947.52,1.006,-14.211,272.48
blend,1790443948.01,1.006,-14.208,272.49
blend,1790443948.52,1.004,-14.167,272.46
blend,1790443949.00,1.003,-14.136,272.52
blend,1790443949.55,1.001,-14.096,272.48
blend,1790443950.01,0.999,-14.057,272.52
blend,1790443950.52,0.997,-14.002,272.47
blend,1790443951.01,0.994,-13.945,272.51
blend,1790443951.51,0.992,-13.895,272.48
blend,1790443952.01,0.993,-13.929,272.55
blend,1790443952.50,0.994,-13.949,272.57
blend,1790443953.01,0.995,-13.982,272.56
blend,1790443953.50,0.996,-14.025,272.57
blend,1790443954.01,0.998,-14.081,272.57
blend,1790443954.52,1.001,-14.148,272.58
blend,1790443955.02,1.004,-14.226,272.57
blend,1790443955.51,0.993,-13.940,272.61
blend,1790443956.01,0.993,-13.947,272.61
blend,1790443956.51,0.997,-14.032,272.65
blend,1790443957.03,1.002,-14.128,272.67
blend,1790443957.54,1.006,-14.222,272.74
blend,1790443958.00,1.011,-14.314,272.82
blend,1790443958.51,1.016,-14.410,272.85
blend,1790443959.03,1.021,-14.508,272.88
blend,1790443959.54,1.025,-14.597,272.93
blend,1790443960.01,1.029,-14.680,272.96
blend,1790443960.51,1.034,-14.767,273.00
blend,1790443961.02,1.040,-14.875,273.03
blend,1790443961.54,1.044,-14.955,273.01
blend,1790443962.01,1.050,-15.055,273.08
blend,1790443962.51,1.054,-15.135,273.08
blend,1790443963.02,1.053,-15.122,273.06
blend,1790443963.50,1.054,-15.139,272.40
blend,1790443964.05,1.056,-15.118,261.48
blend,1790443964.50,1.056,-15.117,251.84
blend,1790443965.01,1.056,-15.118,242.33
blend,1790443965.51,1.056,-15.118,235.60
blend,1790443966.02,1.056,-15.118,229.59
blend,1790443966.53,1.050,-15.123,223.61
blend,1790443967.04,1.039,-15.131,217.72
blend,1790443967.55,1.034,-15.135,212.35
blend,1790443968.01,1.032,-15.136,207.54
blend,1790443968.52,1.024,-15.139,202.03
blend,1790443969.03,1.013,-15.142,196.55
blend,1790443969.50,1.008,-15.143,191.63
blend,1790443970.02,1.000,-15.144,186.44
blend,1790443970.53,0.993,-15.144,181.30
blend,1790443971.01,0.987,-15.144,177.73
blend,1790443971.51,0.985,-15.144,178.00
blend,1790443972.03,0.988,-15.144,178.01
blend,1790443972.52,0.988,-15.144,178.02
blend,1790443973.01,0.932,-15.142,177.95
blend,1790443973.53,0.825,-15.138,177.88
blend,1790443974.04,0.714,-15.134,177.91
blend,1790443974.51,0.616,-15.130,177.87
blend,1790443975.02,0.590,-15.129,177.87
blend,1790443975.54,0.589,-15.129,177.86
blend,1790443976.01,0.590,-15.129,177.86
blend,1790443976.52,0.590,-15.129,177.86
blend,1790443977.04,0.590,-15.129,177.75
blend,1790443977.50,0.520,-15.127,177.86
blend,1790443978.02,0.436,-15.124,177.81
blend,1790443978.54,0.424,-15.123,177.85
blend,1790443979.00,0.424,-15.123,177.85
blend,1790443979.52,0.417,-15.122,170.06
blend,1790443980.03,0.406,-15.116,154.71
blend,1790443980.54,0.397,-15.105,139.80
blend,1790443981.00,0.378,-15.081,128.18
blend,1790443981.52,0.370,-15.060,115.50
blend,1790443982.02,0.370,-15.059,103.45
blend,1790443982.54,0.370,-15.053,92.76
blend,1790443983.01,0.372,-15.037,91.08
blend,1790443983.50,0.371,-15.032,91.08
blend,1790443984.01,0.371,-15.032,91.11
blend,1790443984.51,0.371,-15.026,91.12
blend,1790443985.01,0.371,-15.026,91.13
blend,1790443985.50,0.371,-15.024,91.14
blend,1790443986.00,0.371,-15.020,91.11
blend,1790443986.51,0.370,-14.944,91.05
blend,1790443987.02,0.368,-14.837,91.01
blend,1790443987.54,0.366,-14.723,91.04
blend,1790443988.05,0.364,-14.610,91.01
blend,1790443988.51,0.362,-14.503,91.00
blend,1790443989.02,0.360,-14.388,91.01
blend,1790443989.53,0.358,-14.274,91.05
blend,1790443990.04,0.356,-14.159,91.11
blend,1790443990.50,0.354,-14.053,91.13
blend,1790443991.01,0.351,-13.941,91.21
blend,1790443991.52,0.349,-13.824,91.23
blend,1790443992.03,0.346,-13.711,91.32
blend,1790443992.54,0.344,-13.594,91.34
blend,1790443993.01,0.341,-13.488,91.37
blend,1790443993.51,0.338,-13.375,91.41
blend,1790443994.02,0.336,-13.257,91.43
blend,1790443994.53,0.332,-13.138,91.49
blend,1790443995.04,0.329,-13.023,91.54
blend,1790443995.50,0.327,-12.916,91.59
blend,1790443996.01,0.323,-12.791,91.61
blend,1790443996.52,0.320,-12.672,91.70
blend,1790443997.03,0.316,-12.558,91.72
blend,1790443997.54,0.313,-12.444,91.74
blend,1790443998.00,0.310,-12.342,91.80
blend,1790443998.51,0.306,-12.227,91.83
blend,1790443999.03,0.302,-12.111,91.89
blend,1790443999.54,0.298,-11.997,91.91
blend,1790444000.02,0.295,-11.894,91.97
blend,1790444000.51,0.291,-11.778,91.99
blend,1790444001.02,0.287,-11.668,92.06
blend,1790444001.53,0.283,-11.545,92.09
blend,1790444002.05,0.278,-11.432,92.10
blend,1790444002.51,0.275,-11.332,92.16
blend,1790444003.02,0.270,-11.216,92.18
blend,1790444003.53,0.266,-11.103,92.24
blend,1790444004.04,0.262,-10.995,92.26
blend,1790444004.50,0.257,-10.890,92.30
blend,1790444005.02,0.253,-10.772,92.32
blend,1790444005.53,0.248,-10.654,92.40
blend,1790444006.04,0.243,-10.536,92.45
blend,1790444006.50,0.238,-10.437,92.46
blend,1790444007.01,0.234,-10.329,92.51
blend,1790444007.52,0.229,-10.215,92.52
blend,1790444008.04,0.224,-10.098,92.58
blend,1790444008.55,0.219,-9.985,92.61
blend,1790444009.01,0.214,-9.881,92.64
blend,1790444009.52,0.208,-9.764,92.68
blend,1790444010.03,0.203,-9.653,92.69
blend,1790444010.54,0.198,-9.546,92.77
blend,1790444011.00,0.193,-9.443,92.76
blend,1790444011.51,0.187,-9.327,92.83
blend,1790444012.02,0.181,-9.211,92.86
blend,1790444012.53,0.176,-9.098,92.93
blend,1790444013.04,0.170,-8.991,92.97
blend,1790444013.50,0.165,-8.893,93.03
blend,1790444014.01,0.159,-8.788,93.07
blend,1790444014.53,0.154,-8.694,93.07
blend,1790444015.04,0.149,-8.589,93.15
blend,1790444015.55,0.143,-8.491,93.16
blend,1790444016.01,0.138,-8.395,93.15
blend,1790444016.52,0.132,-8.283,92.79
blend,1790444017.03,0.127,-8.167,91.77
blend,1790444017.54,0.125,-8.065,90.56
blend,1790444018.00,0.125,-7.965,90.47
blend,1790444018.51,0.124,-7.854,90.42
blend,1790444019.03,0.123,-7.741,90.44
blend,1790444019.54,0.122,-7.633,90.40
blend,1790444020.00,0.122,-7.541,90.38
blend,1790444020.51,0.121,-7.435,90.40
blend,1790444021.02,0.120,-7.316,90.46
blend,1790444021.53,0.119,-7.209,90.46
blend,1790444022.04,0.118,-7.111,90.50
blend,1790444022.51,0.117,-7.004,90.52
blend,1790444023.01,0.116,-6.896,90.56
blend,1790444023.52,0.115,-6.786,90.58
blend,1790444024.02,0.114,-6.667,90.65
blend,1790444024.53,0.113,-6.558,90.66
blend,1790444025.05,0.111,-6.446,90.74
blend,1790444025.51,0.110,-6.344,90.72
blend,1790444026.02,0.108,-6.225,90.79
blend,1790444026.53,0.107,-6.110,90.83
blend,1790444027.04,0.105,-5.992,90.86
blend,1790444027.50,0.103,-5.884,90.91
blend,1790444028.01,0.102,-5.765,90.93
blend,1790444028.52,0.100,-5.647,91.01
blend,1790444029.04,0.097,-5.530,91.02
blend,1790444029.50,0.096,-5.423,91.09
blend,1790444030.01,0.093,-5.307,91.10
blend,1790444030.52,0.091,-5.188,91.14
blend,1790444031.03,0.089,-5.070,91.19
blend,1790444031.55,0.086,-4.949,91.22
blend,1790444032.01,0.084,-4.844,91.29
blend,1790444032.52,0.081,-4.726,91.28
blend,1790444033.03,0.078,-4.603,91.37
blend,1790444033.54,0.075,-4.482,91.42
blend,1790444034.00,0.072,-4.372,91.43
blend,1790444034.52,0.069,-4.248,91.48
blend,1790444035.03,0.066,-4.129,91.53
blend,1790444035.51,0.063,-4.017,91.52
blend,1790444036.01,0.061,-3.937,91.55
blend,1790444036.51,0.059,-3.868,91.57
blend,1790444037.02,0.057,-3.797,91.59
blend,1790444037.52,0.056,-3.746,91.63
blend,1790444038.01,0.054,-3.681,91.66
blend,1790444038.51,0.052,-3.627,91.66
blend,1790444039.02,0.051,-3.575,91.45
blend,1790444039.53,0.051,-3.527,90.25
blend,1790444040.04,0.051,-3.475,89.95
blend,1790444040.50,0.051,-3.425,89.92
blend,1790444041.01,0.051,-3.369,89.93
blend,1790444041.53,0.052,-3.313,89.53
blend,1790444042.04,0.053,-3.266,88.45
blend,1790444042.52,0.055,-3.217,88.09
blend,1790444043.01,0.057,-3.154,88.05
blend,1790444043.52,0.059,-3.079,88.05
blend,1790444044.03,0.062,-3.006,88.04
blend,1790444044.55,0.064,-2.928,87.98
blend,1790444045.01,0.067,-2.864,87.97
blend,1790444045.52,0.069,-2.788,87.96
blend,1790444046.03,0.072,-2.710,87.97
blend,1790444046.54,0.075,-2.633,88.00
blend,1790444047.00,0.077,-2.567,88.03
blend,1790444047.51,0.080,-2.491,88.05
blend,1790444048.03,0.082,-2.418,88.06
blend,1790444048.54,0.085,-2.337,88.09
blend,1790444049.02,0.087,-2.267,88.12
blend,1790444049.51,0.089,-2.193,88.14
blend,1790444050.02,0.092,-2.112,88.14
blend,1790444050.53,0.095,-2.031,88.19
blend,1790444051.04,0.097,-1.946,88.23
blend,1790444051.50,0.100,-1.867,88.21
blend,1790444052.02,0.102,-1.782,88.22
blend,1790444052.53,0.105,-1.694,88.28
blend,1790444053.04,0.108,-1.603,88.34
blend,1790444053.50,0.110,-1.527,88.37
blend,1790444054.01,0.112,-1.438,88.37
blend,1790444054.52,0.115,-1.352,88.41
blend,1790444055.03,0.117,-1.265,88.45
blend,1790444055.54,0.119,-1.174,88.45
blend,1790444056.00,0.121,-1.098,88.49
blend,1790444056.52,0.124,-1.006,88.50
blend,1790444057.03,0.126,-0.919,88.52
blend,1790444057.54,0.128,-0.828,88.56
blend,1790444058.01,0.130,-0.745,88.59
blend,1790444058.51,0.132,-0.659,88.62
blend,1790444059.02,0.134,-0.569,88.64
blend,1790444059.50,0.136,-0.486,88.67
blend,1790444060.04,0.139,-0.391,88.72
blend,1790444060.50,0.140,-0.314,88.74
blend,1790444061.01,0.141,-0.293,88.73
blend,1790444061.52,0.141,-0.294,88.72
blend,1790444062.03,0.141,-0.295,88.03
blend,1790444062.54,0.142,-0.289,81.99
blend,1790444063.04,0.145,-0.277,75.80
blend,1790444063.54,0.150,-0.265,69.66
blend,1790444064.00,0.154,-0.257,64.84
blend,1790444064.51,0.158,-0.249,60.93
blend,1790444065.01,0.164,-0.239,56.97
blend,1790444065.52,0.166,-0.237,53.07
blend,1790444066.03,0.172,-0.230,49.41
blend,1790444066.54,0.179,-0.224,46.29
blend,1790444067.01,0.185,-0.218,43.77
blend,1790444067.52,0.189,-0.214,40.98
blend,1790444068.03,0.197,-0.208,40.21
blend,1790444068.54,0.207,-0.199,39.95
blend,1790444069.00,0.238,-0.174,39.01
blend,1790444069.52,0.271,-0.149,37.57
blend,1790444070.03,0.307,-0.123,35.89
blend,1790444070.54,0.335,-0.104,34.12
blend,1790444071.00,0.360,-0.089,32.39
blend,1790444071.52,0.394,-0.067,32.17
blend,1790444072.03,0.452,-0.031,32.12
blend,1790444072.54,0.500,-0.001,32.08
blend,1790444073.00,0.549,0.030,32.06
blend,1790444073.51,0.601,0.062,32.03
blend,1790444074.03,0.649,0.092,32.04
blend,1790444074.54,0.698,0.123,32.04
blend,1790444075.02,0.745,0.152,31.75
blend,1790444075.51,0.796,0.183,30.75
blend,1790444076.02,0.849,0.213,29.65
blend,1790444076.54,0.895,0.238,28.52
blend,1790444077.01,0.942,0.263,27.42
blend,1790444077.51,0.990,0.287,25.98
blend,1790444078.02,1.039,0.309,24.01
blend,1790444078.54,1.088,0.329,22.16
blend,1790444079.00,1.136,0.347,20.43
blend,1790444079.52,1.189,0.365,18.56
blend,1790444080.04,1.238,0.380,16.69
blend,1790444080.50,1.283,0.393,15.04
blend,1790444081.02,1.336,0.406,12.99
blend,1790444081.54,1.385,0.416,11.14
blend,1790444082.01,1.438,0.425,8.30
blend,1790444082.53,1.500,0.430,4.17
blend,1790444083.05,1.551,0.432,2.34
blend,1790444083.51,1.615,0.435,2.15
blend,1790444084.03,1.681,0.436,-0.75
blend,1790444084.51,1.740,0.434,-1.47
blend,1790444085.02,1.806,0.432,-1.51
blend,1790444085.54,1.887,0.430,-1.54
blend,1790444086.00,1.962,0.428,-1.54
blend,1790444086.52,2.048,0.425,-1.58
blend,1790444087.04,2.140,0.423,-1.58
blend,1790444087.50,2.225,0.421,-1.56
blend,1790444088.02,2.317,0.418,-1.50
blend,1790444088.54,2.410,0.416,-1.48
blend,1790444089.01,2.495,0.414,0.08
blend,1790444089.53,2.586,0.416,1.55
blend,1790444090.00,2.659,0.418,1.62
blend,1790444090.50,2.743,0.421,1.68
blend,1790444091.03,2.819,0.423,1.75
blend,1790444091.52,2.896,0.425,1.83
blend,1790444092.01,2.976,0.428,1.92
blend,1790444092.51,3.059,0.431,1.99
blend,1790444093.02,3.154,0.435,2.04
blend,1790444093.51,3.228,0.438,2.10
blend,1790444094.04,3.290,0.440,2.10
blend,1790444094.50,3.359,0.443,2.15
blend,1790444095.02,3.437,0.445,2.18
blend,1790444095.54,3.515,0.448,2.21
blend,1790444096.01,3.585,0.451,2.28
blend,1790444096.53,3.658,0.454,2.31
blend,1790444097.04,3.736,0.457,2.32
blend,1790444097.51,3.804,0.460,2.35
blend,1790444098.03,3.879,0.463,2.34
blend,1790444098.55,3.956,0.467,2.36
blend,1790444099.01,4.024,0.469,2.41
blend,1790444099.53,4.097,0.473,2.45
blend,1790444100.05,4.176,0.476,2.45
blend,1790444100.52,4.243,0.479,2.48
blend,1790444101.03,4.322,0.482,2.53
blend,1790444101.50,4.390,0.485,2.55
blend,1790444102.02,4.467,0.489,2.56
blend,1790444102.54,4.540,0.492,2.59
blend,1790444103.00,4.609,0.495,2.62
blend,1790444103.52,4.687,0.499,2.64
blend,1790444104.04,4.762,0.503,2.69
blend,1790444104.51,4.830,0.506,2.70
blend,1790444105.03,4.904,0.509,2.73
blend,1790444105.54,4.974,0.513,2.75
blend,1790444106.01,5.041,0.516,2.80
blend,1790444106.53,5.123,0.520,2.80
blend,1790444107.05,5.201,0.524,2.82
blend,1790444107.51,5.270,0.527,2.84
blend,1790444108.00,5.341,0.531,2.87
blend,1790444108.51,5.413,0.535,2.89
blend,1790444109.02,5.485,0.538,2.91
blend,1790444109.53,5.561,0.542,2.96
blend,1790444110.00,5.628,0.546,3.03
blend,1790444110.52,5.703,0.550,3.05
blend,1790444111.04,5.780,0.554,3.08
blend,1790444111.50,5.847,0.558,3.08
blend,1790444112.02,5.922,0.561,3.10
blend,1790444112.54,5.998,0.566,3.14
blend,1790444113.01,6.058,0.569,3.17
blend,1790444113.53,6.128,0.573,3.18
blend,1790444114.04,6.200,0.577,3.21
blend,1790444114.51,6.273,0.581,3.22
blend,1790444115.03,6.352,0.585,3.27
blend,1790444115.52,6.425,0.590,3.30
blend,1790444116.01,6.502,0.594,3.33
blend,1790444116.53,6.580,0.598,3.37
blend,1790444117.01,6.652,0.603,3.39
blend,1790444117.52,6.728,0.607,3.43
blend,1790444118.01,6.798,0.612,3.44
blend,1790444118.50,6.876,0.616,3.46
blend,1790444119.02,6.952,0.621,3.49
blend,1790444119.54,7.024,0.626,3.52
blend,1790444120.02,7.092,0.630,3.57
blend,1790444120.52,7.155,0.634,3.59
blend,1790444121.00,7.210,0.637,3.58
blend,1790444121.51,7.311,0.644,3.66
blend,1790444122.03,7.386,0.649,3.68
blend,1790444122.54,7.468,0.654,3.68
blend,1790444123.01,7.540,0.659,3.71
blend,1790444123.53,7.615,0.664,3.71
blend,1790444124.05,7.695,0.669,3.74
blend,1790444124.51,7.764,0.673,3.75
blend,1790444125.03,7.835,0.678,3.77
blend,1790444125.50,7.893,0.682,3.76
blend,1790444126.02,7.929,0.684,4.34
blend,1790444126.53,7.982,0.689,6.08
blend,1790444127.00,8.021,0.694,10.55
blend,1790444127.52,8.059,0.703,15.06
blend,1790444128.04,8.107,0.717,17.65
blend,1790444128.51,8.151,0.733,19.95
blend,1790444129.02,8.192,0.749,22.86
blend,1790444129.53,8.245,0.773,24.18
blend,1790444130.00,8.306,0.801,25.87
blend,1790444130.51,8.363,0.830,27.43
blend,1790444131.02,8.412,0.857,29.56
blend,1790444131.53,8.460,0.885,30.57
blend,1790444132.04,8.500,0.909,30.66
blend,1790444132.50,8.529,0.926,30.71
blend,1790444133.02,8.565,0.948,30.73
blend,1790444133.53,8.611,0.975,30.77
blend,1790444134.04,8.663,1.006,30.81
blend,1790444134.50,8.711,1.035,30.82
blend,1790444135.02,8.764,1.066,30.87
blend,1790444135.53,8.830,1.105,30.89
blend,1790444136.04,8.889,1.141,31.01
blend,1790444136.50,8.938,1.170,31.03
blend,1790444137.01,8.987,1.198,28.95
blend,1790444137.53,9.019,1.214,26.75
blend,1790444138.04,9.070,1.240,26.67
blend,1790444138.55,9.114,1.261,24.96
blend,1790444139.01,9.143,1.273,22.79
blend,1790444139.53,9.176,1.286,20.33
blend,1790444140.05,9.208,1.297,17.97
blend,1790444140.51,9.243,1.307,15.93
blend,1790444141.03,9.278,1.315,13.58
blend,1790444141.50,9.319,1.324,11.82
blend,1790444142.02,9.368,1.334,11.30
blend,1790444142.54,9.422,1.344,11.17
blend,1790444143.00,9.469,1.353,11.11
blend,1790444143.52,9.526,1.364,10.21
blend,1790444144.04,9.579,1.372,8.19
blend,1790444144.51,9.627,1.378,6.36
blend,1790444145.02,9.679,1.382,4.56
blend,1790444145.54,9.737,1.386,3.78
blend,1790444146.01,9.793,1.389,2.76
blend,1790444146.53,9.855,1.391,1.65
blend,1790444147.01,9.912,1.391,0.58
blend,1790444147.51,9.972,1.391,-0.12
blend,1790444148.03,10.032,1.390,-0.73
blend,1790444148.50,10.088,1.389,-1.01
blend,1790444149.02,10.148,1.388,-1.30
blend,1790444149.54,10.209,1.386,-1.66
blend,1790444150.00,10.259,1.385,-1.82
blend,1790444150.52,10.319,1.383,-1.85
blend,1790444151.04,10.379,1.380,-1.83
blend,1790444151.51,10.432,1.378,-1.83
blend,1790444152.02,10.494,1.376,-1.88
blend,1790444152.54,10.554,1.374,-1.90
blend,1790444153.01,10.607,1.372,-1.97
blend,1790444153.53,10.673,1.370,-1.95
blend,1790444154.04,10.738,1.368,-1.91
blend,1790444154.51,10.797,1.366,-1.92
blend,1790444155.00,10.860,1.363,-1.95
blend,1790444155.52,10.923,1.361,-1.94
blend,1790444156.01,10.985,1.359,-1.93
blend,1790444156.53,11.048,1.357,-1.92
blend,1790444157.02,11.108,1.355,-1.88
blend,1790444157.52,11.165,1.353,-1.83
blend,1790444158.03,11.221,1.351,-1.79
blend,1790444158.50,11.264,1.349,-1.80
blend,1790444159.02,11.259,1.349,-1.78
blend,1790444159.54,11.269,1.349,-4.73
blend,1790444160.00,11.257,1.350,-8.58
blend,1790444160.52,11.229,1.356,-12.94
blend,1790444161.03,11.208,1.363,-17.06
blend,1790444161.54,11.189,1.370,-21.16
blend,1790444162.00,11.175,1.377,-24.93
blend,1790444162.52,11.156,1.387,-29.11
blend,1790444163.03,11.139,1.399,-33.12
blend,1790444163.54,11.124,1.410,-36.96
blend,1790444164.01,11.114,1.418,-40.48
blend,1790444164.53,11.101,1.431,-44.49
blend,1790444165.04,11.087,1.446,-48.52
blend,1790444165.51,11.079,1.456,-52.20
blend,1790444166.03,11.071,1.468,-56.41
blend,1790444166.51,11.063,1.483,-60.22
blend,1790444167.02,11.057,1.496,-64.18
blend,1790444167.54,11.056,1.498,-68.20
blend,1790444168.00,11.054,1.502,-71.75
blend,1790444168.51,11.054,1.503,-75.66
blend,1790444169.02,11.054,1.502,-79.58
blend,1790444169.54,11.054,1.502,-83.43
blend,1790444170.02,11.054,1.503,-87.07
blend,1790444170.51,11.054,1.502,-90.82
blend,1790444171.02,11.054,1.502,-94.71
blend,1790444171.53,11.054,1.502,-98.64
blend,1790444172.04,11.054,1.503,-102.55
blend,1790444172.54,11.054,1.503,-106.41
blend,1790444173.01,11.054,1.502,-109.61
blend,1790444173.50,11.054,1.502,-112.85
blend,1790444174.01,11.054,1.502,-116.10
blend,1790444174.52,11.054,1.502,-119.41
blend,1790444175.02,11.061,1.514,-122.67
blend,1790444175.53,11.066,1.521,-125.89
blend,1790444176.03,11.066,1.521,-129.18
blend,1790444176.55,11.072,1.527,-132.59
blend,1790444177.01,11.092,1.547,-135.56
blend,1790444177.52,11.095,1.550,-138.87
blend,1790444178.03,11.098,1.552,-142.22
blend,1790444178.50,11.110,1.561,-145.30
blend,1790444179.00,11.114,1.563,-148.50
blend,1790444179.51,11.115,1.563,-151.80
blend,1790444180.03,11.120,1.565,-155.12
blend,1790444180.54,11.120,1.566,-158.38
blend,1790444181.00,11.129,1.568,-161.45
blend,1790444181.52,11.127,1.568,-164.91
blend,1790444182.04,11.122,1.567,-168.47
blend,1790444182.51,11.125,1.567,-171.75
blend,1790444183.02,11.128,1.567,-175.28
blend,1790444183.50,11.129,1.568,-177.16
blend,1790444184.01,11.127,1.568,-177.10
blend,1790444184.53,11.126,1.568,-177.08
blend,1790444185.05,11.124,1.567,-177.10
blend,1790444185.51,11.113,1.567,-177.13
blend,1790444186.03,11.101,1.566,-177.13
blend,1790444186.51,11.072,1.565,-177.15
blend,1790444187.01,11.046,1.563,-177.17
blend,1790444187.53,11.011,1.562,-177.16
blend,1790444188.00,10.976,1.560,-177.17
blend,1790444188.52,10.931,1.558,-177.17
blend,1790444189.04,10.885,1.556,-177.16
blend,1790444189.50,10.844,1.554,-177.18
blend,1790444190.02,10.799,1.551,-177.24
blend,1790444190.54,10.743,1.549,-177.22
blend,1790444191.01,10.693,1.546,-177.28
blend,1790444191.52,10.640,1.544,-177.27
blend,1790444192.04,10.582,1.541,-177.26
blend,1790444192.51,10.525,1.538,-177.23
blend,1790444193.03,10.457,1.535,-177.20
blend,1790444193.55,10.389,1.532,-177.17
blend,1790444194.01,10.317,1.528,-177.08
blend,1790444194.53,10.241,1.522,-174.39
blend,1790444195.00,10.161,1.513,-174.17
blend,1790444195.52,10.053,1.501,-174.07
blend,1790444196.04,9.955,1.491,-174.05
blend,1790444196.50,9.864,1.482,-173.96
blend,1790444197.02,9.777,1.472,-173.83
blend,1790444197.54,9.684,1.462,-173.80
blend,1790444198.01,9.600,1.453,-173.76
blend,1790444198.52,9.505,1.442,-173.69
blend,1790444199.04,9.411,1.432,-173.64
blend,1790444199.51,9.324,1.422,-173.63
blend,1790444200.03,9.225,1.411,-173.58
blend,1790444200.51,9.137,1.401,-173.54
blend,1790444201.01,9.041,1.390,-173.53
blend,1790444201.53,8.943,1.379,-173.50
blend,1790444202.00,8.852,1.369,-173.45
blend,1790444202.52,8.766,1.359,-173.40
blend,1790444203.04,8.667,1.347,-173.38
blend,1790444203.50,8.587,1.338,-173.36
blend,1790444204.02,8.496,1.327,-173.28
blend,1790444204.54,8.412,1.317,-173.22
blend,1790444205.01,8.338,1.309,-173.21
blend,1790444205.53,8.240,1.297,-173.19
blend,1790444206.04,8.155,1.287,-173.17
blend,1790444206.51,8.069,1.276,-173.11
blend,1790444207.03,7.985,1.266,-173.09
blend,1790444207.51,7.897,1.255,-173.07
blend,1790444208.02,7.810,1.245,-173.07
blend,1790444208.50,7.721,1.234,-173.03
blend,1790444209.00,7.639,1.224,-172.99
blend,1790444209.52,7.543,1.212,-172.96
blend,1790444210.04,7.460,1.202,-172.92
blend,1790444210.50,7.382,1.192,-172.90
blend,1790444211.02,7.296,1.181,-172.84
blend,1790444211.54,7.191,1.168,-172.84
blend,1790444212.01,7.089,1.155,-172.78
blend,1790444212.53,6.976,1.141,-172.76
blend,1790444213.04,6.887,1.130,-172.70
blend,1790444213.51,6.788,1.117,-172.67
blend,1790444214.03,6.680,1.103,-172.65
blend,1790444214.55,6.577,1.090,-172.59
blend,1790444215.01,6.478,1.077,-172.55
blend,1790444215.50,6.377,1.064,-172.51
blend,1790444216.00,6.275,1.050,-172.48
blend,1790444216.52,6.167,1.036,-172.46
blend,1790444217.04,6.065,1.022,-172.40
blend,1790444217.51,5.981,1.011,-172.40
blend,1790444218.02,5.896,1.000,-172.39
blend,1790444218.54,5.827,0.992,-174.29
blend,1790444219.01,5.752,0.987,-176.02
blend,1790444219.53,5.620,0.978,-176.07
blend,1790444220.00,5.507,0.970,-176.04
blend,1790444220.51,5.385,0.962,-176.08
blend,1790444221.03,5.266,0.954,-176.08
blend,1790444221.51,5.153,0.946,-176.03
blend,1790444222.02,5.030,0.937,-176.01
blend,1790444222.54,4.910,0.929,-176.01
blend,1790444223.00,4.798,0.921,-175.95
blend,1790444223.52,4.675,0.912,-175.91
blend,1790444224.04,4.550,0.903,-175.88
blend,1790444224.51,4.439,0.895,-175.79
blend,1790444225.02,4.313,0.886,-175.80
blend,1790444225.54,4.192,0.877,-175.73
blend,1790444226.01,4.082,0.868,-175.70
blend,1790444226.53,3.964,0.860,-175.81
blend,1790444227.05,3.864,0.853,-176.66
blend,1790444227.51,3.770,0.850,-177.94
blend,1790444228.03,3.680,0.851,-180.59
blend,1790444228.50,3.590,0.853,-180.76
blend,1790444229.02,3.475,0.855,-180.83
blend,1790444229.53,3.370,0.856,-180.80
blend,1790444230.00,3.269,0.858,-180.82
blend,1790444230.52,3.165,0.859,-180.85
blend,1790444231.04,3.057,0.860,-180.84
blend,1790444231.50,2.971,0.862,-180.81
blend,1790444232.02,2.867,0.863,-180.80
blend,1790444232.54,2.765,0.865,-180.75
blend,1790444233.01,2.671,0.866,-180.74
blend,1790444233.53,2.568,0.867,-180.71
blend,1790444234.05,2.465,0.868,-180.69
blend,1790444234.51,2.372,0.869,-180.63
blend,1790444235.03,2.269,0.870,-180.58
blend,1790444235.51,2.178,0.871,-180.54
blend,1790444236.02,2.079,0.872,-180.49
blend,1790444236.54,1.975,0.873,-180.47
blend,1790444237.00,1.884,0.873,-180.42
blend,1790444237.52,1.783,0.874,-180.38
blend,1790444238.04,1.683,0.875,-180.40
blend,1790444238.51,1.592,0.875,-180.35
blend,1790444239.03,1.491,0.876,-180.28
blend,1790444239.55,1.390,0.876,-180.31
blend,1790444240.01,1.299,0.877,-180.25
blend,1790444240.53,1.198,0.876,-180.16
blend,1790444241.01,1.104,0.877,-180.13
blend,1790444241.52,1.010,0.877,-180.09
blend,1790444242.03,0.911,0.877,-180.07
blend,1790444242.50,0.820,0.877,-180.03
blend,1790444243.02,0.718,0.877,-179.99
blend,1790444243.54,0.621,0.877,-179.98
blend,1790444244.02,0.529,0.877,-179.94
blend,1790444244.52,0.432,0.876,-179.89
blend,1790444245.01,0.336,0.876,-179.86
blend,1790444245.52,0.253,0.876,-179.83
blend,1790444246.03,0.241,0.876,-179.84
blend,1790444246.55,0.241,0.876,-179.85
blend,1790444247.01,0.240,0.876,-177.98
blend,1790444247.53,0.237,0.875,-170.25
blend,1790444248.05,0.231,0.872,-161.86
blend,1790444248.51,0.231,0.872,-154.22
blend,1790444249.03,0.228,0.870,-145.86
blend,1790444249.50,0.224,0.866,-138.20
blend,1790444250.00,0.216,0.857,-130.12
blend,1790444250.51,0.208,0.844,-121.98
blend,1790444251.02,0.205,0.834,-113.75
blend,1790444251.52,0.202,0.825,-105.39
blend,1790444252.03,0.201,0.808,-96.97
blend,1790444252.50,0.201,0.797,-90.52
blend,1790444253.01,0.202,0.792,-90.57
blend,1790444253.52,0.202,0.792,-90.58
blend,1790444254.03,0.202,0.792,-90.59
blend,1790444254.54,0.202,0.793,-90.58
blend,1790444255.05,0.202,0.787,-90.49
blend,1790444255.51,0.201,0.725,-90.42
blend,1790444256.02,0.201,0.655,-90.34
blend,1790444256.54,0.200,0.579,-90.27
blend,1790444257.00,0.200,0.497,-90.20
blend,1790444257.51,0.200,0.414,-90.11
blend,1790444258.02,0.200,0.328,-90.06
blend,1790444258.54,0.200,0.244,-90.00
blend,1790444259.01,0.200,0.162,-89.94
blend,1790444259.51,0.200,0.079,-89.89
blend,1790444260.02,0.200,-0.008,-89.93
blend,1790444260.53,0.200,-0.092,-90.59
blend,1790444261.05,0.198,-0.179,-91.41
blend,1790444261.51,0.194,-0.259,-92.27
blend,1790444262.02,0.189,-0.345,-93.31
blend,1790444262.53,0.183,-0.431,-94.36
blend,1790444263.04,0.175,-0.516,-94.97
blend,1790444263.50,0.168,-0.596,-95.07
blend,1790444264.01,0.160,-0.682,-95.09
blend,1790444264.53,0.152,-0.769,-95.11
blend,1790444265.04,0.145,-0.853,-95.12
blend,1790444265.50,0.137,-0.938,-95.17
blend,1790444266.01,0.127,-1.045,-95.20
blend,1790444266.52,0.117,-1.154,-95.18
blend,1790444267.04,0.108,-1.262,-95.14
blend,1790444267.52,0.098,-1.364,-95.12
blend,1790444268.01,0.089,-1.469,-95.12
blend,1790444268.52,0.080,-1.576,-95.09
blend,1790444269.04,0.070,-1.691,-95.06
blend,1790444269.50,0.060,-1.795,-95.02
blend,1790444270.01,0.050,-1.910,-94.97
blend,1790444270.52,0.041,-2.021,-94.96
blend,1790444271.03,0.031,-2.136,-94.89
blend,1790444271.55,0.022,-2.247,-94.89
blend,1790444272.01,0.012,-2.359,-94.81
blend,1790444272.52,0.003,-2.468,-94.79
blend,1790444273.03,-0.006,-2.577,-94.76
blend,1790444273.55,-0.015,-2.690,-94.72
blend,1790444274.01,-0.023,-2.780,-94.69
blend,1790444274.52,-0.031,-2.891,-94.64
blend,1790444275.03,-0.041,-3.010,-94.61
blend,1790444275.54,-0.050,-3.121,-94.58
blend,1790444276.00,-0.058,-3.223,-94.53
blend,1790444276.52,-0.066,-3.332,-94.47
blend,1790444277.03,-0.075,-3.442,-94.46
blend,1790444277.54,-0.084,-3.555,-94.43
blend,1790444278.00,-0.092,-3.661,-94.37
blend,1790444278.51,-0.100,-3.772,-94.34
blend,1790444279.02,-0.109,-3.885,-94.28
blend,1790444279.54,-0.117,-4.002,-94.28
blend,1790444280.00,-0.125,-4.109,-94.23
blend,1790444280.51,-0.133,-4.220,-94.17
blend,1790444281.02,-0.141,-4.335,-94.11
blend,1790444281.53,-0.149,-4.443,-94.08
blend,1790444282.04,-0.157,-4.557,-94.04
blend,1790444282.50,-0.164,-4.654,-93.97
blend,1790444283.01,-0.172,-4.771,-93.94
blend,1790444283.53,-0.180,-4.890,-93.83
blend,1790444284.04,-0.187,-5.004,-93.86
blend,1790444284.51,-0.194,-5.101,-93.83
blend,1790444285.01,-0.202,-5.222,-93.81
blend,1790444285.52,-0.210,-5.336,-93.80
blend,1790444286.03,-0.218,-5.469,-93.75
blend,1790444286.50,-0.226,-5.588,-93.69
blend,1790444287.01,-0.234,-5.713,-93.67
blend,1790444287.52,-0.242,-5.841,-93.63
blend,1790444288.03,-0.250,-5.966,-93.62
blend,1790444288.54,-0.258,-6.099,-93.55
blend,1790444289.00,-0.265,-6.207,-93.52
blend,1790444289.52,-0.273,-6.333,-93.46
blend,1790444290.00,-0.280,-6.467,-93.42
blend,1790444290.52,-0.288,-6.599,-93.40
blend,1790444291.00,-0.296,-6.721,-93.37
blend,1790444291.52,-0.304,-6.854,-93.32
blend,1790444292.03,-0.311,-6.982,-93.29
blend,1790444292.54,-0.318,-7.108,-93.23
blend,1790444293.02,-0.323,-7.213,-93.20
blend,1790444293.51,-0.331,-7.355,-93.12
blend,1790444294.02,-0.338,-7.481,-93.10
blend,1790444294.53,-0.344,-7.608,-92.99
blend,1790444295.05,-0.351,-7.737,-92.96
blend,1790444295.51,-0.357,-7.859,-92.91
blend,1790444296.02,-0.364,-7.992,-92.91
blend,1790444296.53,-0.370,-8.121,-92.82
blend,1790444297.04,-0.377,-8.259,-92.73
blend,1790444297.50,-0.382,-8.377,-92.69
blend,1790444298.01,-0.388,-8.507,-92.68
blend,1790444298.52,-0.394,-8.635,-92.61
blend,1790444299.04,-0.399,-8.761,-92.54
blend,1790444299.51,-0.405,-8.879,-92.52
blend,1790444300.01,-0.410,-9.007,-92.48
blend,1790444300.52,-0.416,-9.137,-92.46
blend,1790444301.03,-0.421,-9.277,-92.38
blend,1790444301.50,-0.426,-9.396,-92.33
blend,1790444302.01,-0.431,-9.520,-92.26
blend,1790444302.52,-0.436,-9.652,-92.20
blend,1790444303.03,-0.441,-9.783,-92.15
blend,1790444303.54,-0.446,-9.907,-92.12
blend,1790444304.00,-0.450,-10.021,-92.08
blend,1790444304.51,-0.454,-10.149,-92.07
blend,1790444305.03,-0.459,-10.284,-91.97
blend,1790444305.54,-0.463,-10.413,-91.92
blend,1790444306.01,-0.467,-10.531,-91.88
blend,1790444306.51,-0.471,-10.643,-91.89
blend,1790444307.02,-0.475,-10.774,-91.81
blend,1790444307.54,-0.479,-10.903,-91.79
blend,1790444308.05,-0.483,-11.033,-91.73
blend,1790444308.51,-0.486,-11.149,-91.65
blend,1790444309.02,-0.489,-11.271,-91.64
blend,1790444309.53,-0.493,-11.401,-91.55
blend,1790444310.00,-0.496,-11.516,-91.52
blend,1790444310.51,-0.498,-11.640,-91.52
blend,1790444311.02,-0.501,-11.760,-91.40
blend,1790444311.53,-0.504,-11.889,-91.35
blend,1790444312.04,-0.506,-12.021,-91.24
blend,1790444312.50,-0.509,-12.139,-91.21
blend,1790444313.01,-0.511,-12.259,-91.16
blend,1790444313.53,-0.513,-12.391,-91.06
blend,1790444314.04,-0.515,-12.515,-91.06
blend,1790444314.50,-0.517,-12.624,-91.07
blend,1790444315.01,-0.520,-12.740,-91.12
blend,1790444315.52,-0.522,-12.866,-91.08
blend,1790444316.04,-0.523,-12.969,-91.00
blend,1790444316.55,-0.526,-13.078,-91.03
blend,1790444317.01,-0.527,-13.175,-90.97
blend,1790444317.52,-0.530,-13.284,-90.98
blend,1790444318.04,-0.531,-13.397,-90.86
blend,1790444318.52,-0.533,-13.501,-90.86
blend,1790444319.01,-0.534,-13.583,-90.80
blend,1790444319.52,-0.535,-13.705,-90.74
blend,1790444320.00,-0.536,-13.799,-90.69
blend,1790444320.55,-0.537,-13.862,-90.74
blend,1790444321.01,-0.537,-13.860,-88.03
blend,1790444321.52,-0.536,-13.864,-76.08
blend,1790444322.04,-0.540,-13.859,-64.42
blend,1790444322.50,-0.540,-13.859,-53.53
blend,1790444323.02,-0.536,-13.862,-42.38
blend,1790444323.54,-0.544,-13.857,-33.22
blend,1790444324.01,-0.538,-13.860,-25.18
blend,1790444324.51,-0.528,-13.862,-16.65
blend,1790444325.02,-0.492,-13.867,-8.09
blend,1790444325.54,-0.487,-13.867,0.54
blend,1790444326.01,-0.484,-13.867,7.94
blend,1790444326.53,-0.478,-13.865,16.42
blend,1790444327.00,-0.467,-13.859,24.22
blend,1790444327.50,-0.454,-13.851,30.84
blend,1790444328.02,-0.455,-13.851,31.28
blend,1790444328.53,-0.441,-13.840,41.06
blend,1790444329.04,-0.431,-13.827,51.88
blend,1790444329.51,-0.425,-13.816,60.38
blend,1790444330.00,-0.419,-13.799,68.96
blend,1790444330.51,-0.415,-13.780,77.61
blend,1790444331.02,-0.415,-13.782,83.01
blend,1790444331.53,-0.408,-13.732,83.23
blend,1790444332.05,-0.397,-13.637,83.24
blend,1790444332.51,-0.387,-13.547,83.35
blend,1790444333.02,-0.375,-13.447,83.40
blend,1790444333.53,-0.366,-13.365,83.45
blend,1790444334.03,-0.355,-13.269,83.56
blend,1790444334.54,-0.344,-13.174,83.60
blend,1790444335.00,-0.334,-13.090,83.63
blend,1790444335.51,-0.324,-12.997,83.73
blend,1790444336.02,-0.314,-12.906,83.80
blend,1790444336.53,-0.301,-12.789,83.88
blend,1790444337.05,-0.290,-12.685,83.90
blend,1790444337.51,-0.279,-12.583,83.94
blend,1790444338.02,-0.268,-12.473,84.03
blend,1790444338.53,-0.256,-12.361,84.09
blend,1790444339.04,-0.244,-12.243,84.12
blend,1790444339.50,-0.233,-12.136,84.18
blend,1790444340.01,-0.221,-12.009,84.28
blend,1790444340.53,-0.208,-11.886,84.30
blend,1790444341.04,-0.196,-11.756,84.43
blend,1790444341.55,-0.183,-11.629,84.46
blend,1790444342.01,-0.172,-11.514,84.47
blend,1790444342.52,-0.160,-11.390,84.55
blend,1790444343.03,-0.148,-11.264,84.61
blend,1790444343.54,-0.137,-11.142,84.67
blend,1790444344.00,-0.126,-11.024,84.68
blend,1790444344.52,-0.114,-10.893,84.71
blend,1790444345.03,-0.101,-10.752,84.80
blend,1790444345.54,-0.088,-10.612,84.87
blend,1790444346.00,-0.078,-10.494,84.88
blend,1790444346.51,-0.066,-10.358,84.92
blend,1790444347.02,-0.053,-10.221,84.99
blend,1790444347.53,-0.042,-10.085,85.00
blend,1790444348.05,-0.030,-9.947,85.06
blend,1790444348.51,-0.020,-9.829,85.13
blend,1790444349.02,-0.008,-9.687,85.19
blend,1790444349.53,0.003,-9.555,85.24
blend,1790444350.04,0.015,-9.416,85.32
blend,1790444350.50,0.025,-9.292,85.37
blend,1790444351.02,0.035,-9.158,85.44
blend,1790444351.53,0.046,-9.023,85.49
blend,1790444352.04,0.057,-8.887,85.50
blend,1790444352.50,0.066,-8.767,85.58
blend,1790444353.01,0.076,-8.637,85.62
blend,1790444353.52,0.086,-8.500,85.67
blend,1790444354.03,0.096,-8.371,85.76
blend,1790444354.55,0.106,-8.232,85.80
blend,1790444355.01,0.115,-8.108,85.82
blend,1790444355.52,0.125,-7.973,85.90
blend,1790444356.03,0.135,-7.831,85.95
blend,1790444356.54,0.145,-7.689,86.03
blend,1790444357.00,0.154,-7.565,86.09
blend,1790444357.52,0.163,-7.434,86.13
blend,1790444358.03,0.172,-7.296,86.14
blend,1790444358.54,0.181,-7.159,86.23
blend,1790444359.01,0.188,-7.043,86.26
blend,1790444359.51,0.197,-6.909,86.32
blend,1790444360.02,0.206,-6.775,86.40
blend,1790444360.53,0.214,-6.635,86.44
blend,1790444361.01,0.222,-6.506,86.46
blend,1790444361.50,0.231,-6.374,86.50
blend,1790444362.01,0.239,-6.238,86.53
blend,1790444362.52,0.247,-6.101,86.58
blend,1790444363.00,0.255,-5.969,86.64
blend,1790444363.54,0.263,-5.824,86.68
blend,1790444364.00,0.270,-5.703,86.72
blend,1790444364.52,0.278,-5.570,86.77
blend,1790444365.03,0.285,-5.433,86.82
blend,1790444365.54,0.293,-5.298,86.87
blend,1790444366.00,0.299,-5.176,86.89
blend,1790444366.51,0.307,-5.036,86.94
blend,1790444367.02,0.314,-4.900,86.96
blend,1790444367.54,0.321,-4.763,87.05
blend,1790444368.05,0.328,-4.624,87.11
blend,1790444368.51,0.335,-4.500,87.16
blend,1790444369.02,0.341,-4.360,87.22
blend,1790444369.53,0.348,-4.229,87.22
blend,1790444370.04,0.354,-4.095,87.28
blend,1790444370.50,0.359,-3.979,87.34
blend,1790444371.02,0.366,-3.848,87.39
blend,1790444371.53,0.372,-3.716,87.43
blend,1790444372.04,0.377,-3.592,87.51
blend,1790444372.50,0.382,-3.479,87.56
blend,1790444373.01,0.387,-3.354,87.59
blend,1790444373.53,0.393,-3.223,87.64
blend,1790444374.04,0.397,-3.105,87.67
blend,1790444374.51,0.402,-2.990,87.73
blend,1790444375.01,0.407,-2.865,87.79
blend,1790444375.51,0.412,-2.743,87.85
blend,1790444376.03,0.416,-2.613,87.92
blend,1790444376.55,0.421,-2.490,87.94
blend,1790444377.01,0.425,-2.375,88.00
blend,1790444377.52,0.429,-2.255,88.02
blend,1790444378.03,0.433,-2.133,88.06
blend,1790444378.54,0.437,-2.013,88.11
blend,1790444379.00,0.441,-1.901,88.12
blend,1790444379.51,0.445,-1.779,88.18
blend,1790444380.02,0.449,-1.659,88.22
blend,1790444380.53,0.452,-1.543,88.29
blend,1790444381.04,0.456,-1.423,88.33
blend,1790444381.51,0.459,-1.308,88.37
blend,1790444382.01,0.462,-1.182,88.45
blend,1790444382.52,0.465,-1.060,88.50
blend,1790444383.03,0.469,-0.930,88.55
blend,1790444383.54,0.472,-0.803,88.58
blend,1790444384.04,0.475,-0.670,88.59
blend,1790444384.50,0.478,-0.546,88.65
blend,1790444385.01,0.481,-0.405,88.69
blend,1790444385.52,0.484,-0.275,88.74
blend,1790444386.04,0.487,-0.146,88.73
blend,1790444386.50,0.489,-0.025,88.81
blend,1790444387.00,0.492,0.107,88.86
blend,1790444387.51,0.495,0.236,88.90
blend,1790444388.02,0.497,0.365,88.93
blend,1790444388.53,0.499,0.485,89.00
blend,1790444389.04,0.501,0.611,89.07
blend,1790444389.50,0.503,0.715,89.09
blend,1790444390.01,0.505,0.823,89.10
blend,1790444390.52,0.506,0.900,89.14
blend,1790444391.03,0.506,0.914,88.21
blend,1790444391.54,0.506,0.915,79.66
blend,1790444392.05,0.502,0.905,71.34
blend,1790444392.50,0.497,0.896,63.70
blend,1790444393.01,0.491,0.887,55.54
blend,1790444393.52,0.481,0.875,47.40
blend,1790444394.03,0.469,0.866,39.92
blend,1790444394.50,0.462,0.861,33.13
blend,1790444395.00,0.455,0.858,26.03
blend,1790444395.51,0.460,0.859,21.58
blend,1790444396.03,0.483,0.869,21.46
blend,1790444396.54,0.577,0.906,21.52
blend,1790444397.00,0.666,0.941,21.54
blend,1790444397.51,0.761,0.978,21.36
blend,1790444398.03,0.804,0.993,17.37
blend,1790444398.51,0.819,0.997,11.06
blend,1790444399.02,0.839,0.999,4.60
blend,1790444399.53,0.854,0.999,-2.19
blend,1790444400.00,0.850,0.999,-3.53
blend,1790444400.52,0.849,0.999,-3.50
blend,1790444401.04,0.848,0.999,-3.49
blend,1790444401.50,0.848,0.999,-3.05
blend,1790444402.02,0.834,0.999,0.23
blend,1790444402.54,0.816,0.999,0.24
blend,1790444403.01,0.744,0.999,0.26
blend,1790444403.53,0.655,0.998,0.33
blend,1790444404.05,0.568,0.998,0.35
blend,1790444404.51,0.489,0.997,0.35
blend,1790444405.03,0.407,0.997,0.35
blend,1790444405.50,0.327,0.996,0.34
blend,1790444406.02,0.246,0.996,0.33
blend,1790444406.53,0.158,0.995,0.32
blend,1790444407.00,0.080,0.995,0.31
blend,1790444407.52,-0.003,0.994,0.33
blend,1790444408.04,-0.009,0.994,0.36
blend,1790444408.51,-0.049,0.994,0.39
blend,1790444409.01,-0.016,0.994,0.40
blend,1790444409.54,-0.031,0.994,0.39
blend,1790444410.01,-0.030,0.994,0.39
blend,1790444410.52,-0.030,0.994,0.39
blend,1790444411.04,-0.028,0.994,0.39
blend,1790444411.51,-0.029,0.994,0.39
blend,1790444412.03,-0.029,0.994,0.39
blend,1790444412.54,-0.028,0.994,0.39
blend,1790444413.01,-0.030,0.994,0.39
blend,1790444413.53,-0.028,0.994,0.39
blend,1790444414.05,-0.028,0.994,0.39
blend,1790444414.51,-0.028,0.994,0.39
blend,1790444415.03,-0.026,0.994,0.38
blend,1790444415.52,-0.025,0.994,0.38
blend,1790444416.01,-0.030,0.994,0.37
blend,1790444416.53,-0.029,0.994,0.38
blend,1790444417.01,-0.030,0.994,0.39
blend,1790444417.52,-0.029,0.994,0.39
blend,1790444418.03,-0.029,0.994,0.39
blend,1790444418.50,-0.030,0.994,0.39
blend,1790444419.02,-0.029,0.994,0.39
blend,1790444419.54,-0.030,0.994,0.40
blend,1790444420.00,-0.029,0.994,0.39
blend,1790444420.52,-0.031,0.994,0.37
blend,1790444421.04,-0.032,0.994,0.37
blend,1790444421.50,-0.030,0.994,0.37
blend,1790444422.02,-0.029,0.994,0.37
blend,1790444422.54,-0.030,0.994,0.39
blend,1790444423.01,-0.027,0.994,0.38
blend,1790444423.52,-0.026,0.994,0.38
blend,1790444424.04,-0.027,0.994,0.38
blend,1790444424.51,-0.026,0.994,0.38
blend,1790444425.03,-0.027,0.994,0.37
blend,1790444425.54,-0.028,0.994,0.37
blend,1790444426.01,-0.025,0.994,0.37
blend,1790444426.53,-0.026,0.994,0.37
blend,1790444427.04,-0.026,0.994,0.37
blend,1790444427.51,-0.024,0.994,0.38
blend,1790444428.03,-0.025,0.994,0.39
blend,1790444428.55,-0.025,0.994,0.39
blend,1790444429.01,-0.024,0.994,0.39
blend,1790444429.53,-0.025,0.994,0.38
blend,1790444430.02,-0.024,0.994,0.39
blend,1790444430.52,-0.024,0.994,0.38
blend,1790444431.03,-0.024,0.994,0.38
blend,1790444431.50,-0.023,0.994,0.38
blend,1790444432.02,-0.025,0.994,0.38
blend,1790444432.50,-0.025,0.994,0.37
blend,1790444433.00,-0.025,0.994,0.37
blend,1790444433.52,-0.025,0.994,0.38
blend,1790444434.04,-0.024,0.994,0.37
blend,1790444434.50,-0.024,0.994,0.37
blend,1790444435.02,-0.024,0.994,0.37
blend,1790444435.54,-0.024,0.994,0.37
blend,1790444436.01,-0.024,0.994,0.36
blend,1790444436.52,-0.024,0.994,0.37
blend,1790444437.04,-0.024,0.994,0.37
blend,1790444437.51,-0.024,0.994,0.38
blend,1790444438.03,-0.024,0.994,0.38
blend,1790444438.52,-0.023,0.994,0.38
blend,1790444439.01,-0.023,0.994,0.38
blend,1790444439.53,-0.023,0.994,0.37
blend,1790444440.04,-0.024,0.994,0.38
blend,1790444440.51,-0.024,0.994,0.38
blend,1790444441.03,-0.025,0.994,0.38
blend,1790444441.55,-0.024,0.994,0.38
blend,1790444442.01,-0.024,0.994,0.38
blend,1790444442.53,-0.024,0.994,0.38
blend,1790444443.01,-0.024,0.994,0.38
blend,1790444443.52,-0.024,0.994,0.39
blend,1790444444.03,-0.025,0.994,0.39
blend,1790444444.50,-0.025,0.994,0.39
blend,1790444445.02,-0.025,0.994,0.39
blend,1790444445.53,-0.025,0.994,0.39
blend,1790444446.00,-0.024,0.994,0.38
blend,1790444446.52,-0.025,0.994,0.38
blend,1790444447.04,-0.024,0.994,0.38
blend,1790444447.50,-0.025,0.994,0.39
blend,1790444448.02,-0.025,0.994,0.39
blend,1790444448.54,-0.024,0.994,0.40
blend,1790444449.00,-0.024,0.994,0.40
blend,1790444449.52,-0.023,0.994,0.41
blend,1790444450.04,-0.023,0.994,0.40
blend,1790444450.51,-0.023,0.994,0.40
blend,1790444451.02,-0.024,0.994,0.39
blend,1790444451.54,-0.025,0.994,0.40
blend,1790444452.01,-0.025,0.994,0.39
blend,1790444452.53,-0.025,0.994,0.39
blend,1790444453.04,-0.025,0.994,0.39
blend,1790444453.51,-0.025,0.994,0.39
blend,1790444454.03,-0.026,0.994,0.39
blend,1790444454.55,-0.026,0.994,0.40
blend,1790444455.01,-0.026,0.994,0.39
blend,1790444455.53,-0.026,0.994,0.39
blend,1790444456.05,-0.026,0.994,0.38
blend,1790444456.51,-0.026,0.994,0.38
blend,1790444457.03,-0.026,0.994,0.38
blend,1790444457.50,-0.026,0.994,0.38
blend,1790444458.02,-0.026,0.994,0.38
blend,1790444458.53,-0.026,0.994,0.38
blend,1790444459.00,-0.026,0.994,0.40
blend,1790444459.52,-0.026,0.994,0.40
blend,1790444460.04,-0.026,0.994,0.41
blend,1790444460.50,-0.027,0.994,0.40
blend,1790444461.02,-0.026,0.994,0.40
blend,1790444461.54,-0.027,0.994,0.39
blend,1790444462.00,-0.027,0.994,0.39
blend,1790444462.52,-0.027,0.994,0.38
blend,1790444463.04,-0.027,0.994,0.38
blend,1790444463.51,-0.027,0.994,0.38
blend,1790444464.02,-0.028,0.994,0.38
blend,1790444464.54,-0.028,0.994,0.39
blend,1790444465.01,-0.028,0.994,0.39
blend,1790444465.53,-0.028,0.994,0.39
blend,1790444466.05,-0.028,0.994,0.38
blend,1790444466.51,-0.028,0.994,0.38
blend,1790444467.03,-0.027,0.994,0.38
blend,1790444467.52,-0.028,0.994,0.37
blend,1790444468.01,-0.027,0.994,0.37
blend,1790444468.53,-0.026,0.994,0.38
blend,1790444469.02,-0.027,0.994,0.37
blend,1790444469.52,-0.027,0.994,0.37
blend,1790444470.03,-0.027,0.994,0.37
blend,1790444470.51,-0.028,0.994,0.37
blend,1790444471.02,-0.027,0.994,0.39
blend,1790444471.54,-0.027,0.994,0.38
blend,1790444472.01,-0.028,0.994,0.37
blend,1790444472.52,-0.028,0.994,0.37
robot,1790443661.21,0.000,0.000,0.00
robot,1790443661.51,0.000,-0.000,-0.00
robot,1790443662.01,0.000,-0.000,0.01
robot,1790443662.51,0.000,-0.000,0.01
robot,1790443663.01,0.000,-0.000,0.01
robot,1790443663.51,0.000,-0.000,0.01
robot,1790443664.01,0.000,-0.000,0.02
robot,1790443664.51,0.000,-0.000,0.05
robot,1790443665.01,0.000,-0.000,0.05
robot,1790443665.51,0.000,-0.000,0.05
robot,1790443666.01,0.000,-0.000,0.06
robot,1790443666.51,0.000,-0.000,0.06
robot,1790443667.01,0.000,-0.000,0.06
robot,1790443667.51,0.000,-0.000,0.08
robot,1790443668.01,0.000,-0.000,0.07
robot,1790443668.51,0.000,-0.000,0.06
robot,1790443669.01,0.000,-0.000,0.04
robot,1790443669.51,0.000,-0.000,0.06
robot,1790443670.01,0.000,-0.000,0.05
robot,1790443670.51,0.000,-0.000,0.04
robot,1790443671.01,0.000,-0.000,0.07
robot,1790443671.51,0.000,-0.000,0.07
robot,1790443672.01,0.000,-0.000,0.09
robot,1790443672.51,0.000,-0.000,0.11
robot,1790443673.01,0.000,-0.000,0.11
robot,1790443673.51,0.000,-0.000,0.11
robot,1790443674.01,0.000,-0.000,0.12
robot,1790443674.51,0.000,-0.000,0.11
robot,1790443675.01,0.000,-0.000,0.13
robot,1790443675.51,0.000,-0.000,0.11
robot,1790443676.01,0.000,-0.000,0.10
robot,1790443676.51,0.000,-0.000,0.10
robot,1790443677.01,0.000,-0.000,0.09
robot,1790443677.51,0.000,-0.000,0.07
robot,1790443678.01,0.000,-0.000,0.07
robot,1790443678.51,0.000,-0.000,0.07
robot,1790443679.01,0.000,-0.000,0.07
robot,1790443679.51,0.000,-0.000,0.09
robot,1790443680.01,0.000,-0.000,0.09
robot,1790443680.51,0.000,-0.000,0.09
robot,1790443681.01,0.000,-0.000,0.09
robot,1790443681.51,0.000,-0.000,0.07
robot,1790443682.01,0.000,-0.000,0.07
robot,1790443682.51,0.000,-0.000,0.07
robot,1790443683.01,0.000,-0.000,0.08
robot,1790443683.51,0.000,-0.000,0.08
robot,1790443684.01,0.000,-0.000,0.08
robot,1790443684.51,0.000,-0.000,0.09
robot,1790443685.01,0.000,-0.000,0.08
robot,1790443685.51,0.000,-0.000,0.11
robot,1790443686.01,0.000,-0.000,0.13
robot,1790443686.51,0.000,-0.000,0.14
robot,1790443687.01,0.000,-0.000,0.12
robot,1790443687.51,0.000,-0.000,0.13
robot,1790443688.01,0.000,-0.000,0.11
robot,1790443688.51,0.000,-0.000,0.12
robot,1790443689.01,0.000,-0.000,0.11
robot,1790443689.51,0.000,-0.000,0.10
robot,1790443690.01,0.000,-0.000,0.13
robot,1790443690.51,0.000,-0.000,0.13
robot,1790443691.01,0.000,-0.000,0.11
robot,1790443691.51,0.000,-0.000,0.11
robot,1790443692.01,0.000,-0.000,0.10
robot,1790443692.51,0.000,-0.000,0.11
robot,1790443693.01,0.000,-0.000,0.14
robot,1790443693.51,0.000,-0.000,0.14
robot,1790443694.01,0.000,-0.000,0.15
robot,1790443694.51,0.000,-0.000,0.14
robot,1790443695.01,0.000,-0.000,0.17
robot,1790443695.51,0.000,-0.000,0.17
robot,1790443696.01,0.000,-0.000,0.17
robot,1790443696.51,0.000,-0.000,0.19
robot,1790443697.01,0.000,-0.000,0.19
robot,1790443697.51,0.000,-0.000,0.18
robot,1790443698.01,0.000,-0.000,0.16
robot,1790443698.51,0.000,-0.000,0.16
robot,1790443699.01,0.000,-0.000,0.17
robot,1790443699.51,0.000,-0.000,0.17
robot,1790443700.01,0.000,-0.000,0.17
robot,1790443700.51,0.000,-0.000,0.18
robot,1790443701.01,0.000,-0.000,0.18
robot,1790443701.51,0.000,-0.000,0.18
robot,1790443702.01,0.000,-0.000,0.19
robot,1790443702.51,0.000,-0.000,0.19
robot,1790443703.01,0.000,-0.000,0.20
robot,1790443703.51,0.000,-0.000,0.19
robot,1790443704.01,0.000,-0.000,0.18
robot,1790443704.51,0.000,-0.000,0.18
robot,1790443705.01,0.000,-0.000,0.18
robot,1790443705.51,0.000,-0.000,0.17
robot,1790443706.01,0.000,-0.000,0.17
robot,1790443706.51,0.000,-0.000,0.18
robot,1790443707.01,0.000,-0.000,0.19
robot,1790443707.51,0.000,-0.000,0.19
robot,1790443708.01,0.000,-0.000,0.21
robot,1790443708.51,0.000,-0.000,0.20
robot,1790443709.01,0.000,-0.000,0.20
robot,1790443709.51,0.000,-0.000,0.20
robot,1790443710.01,0.000,-0.000,0.19
robot,1790443710.51,0.000,-0.000,0.19
robot,1790443711.01,0.000,-0.000,0.19
robot,1790443711.51,0.000,-0.000,0.18
robot,1790443712.01,0.000,-0.000,0.17
robot,1790443712.51,0.000,-0.000,0.17
robot,1790443713.01,0.000,-0.000,0.16
robot,1790443713.51,0.000,-0.000,0.14
robot,1790443714.01,0.000,-0.000,0.12
robot,1790443714.51,0.000,-0.000,0.11
robot,1790443715.01,0.000,-0.000,0.10
robot,1790443715.51,0.000,-0.000,0.10
robot,1790443716.01,0.000,-0.000,0.10
robot,1790443716.51,0.000,-0.000,0.10
robot,1790443717.01,0.000,-0.000,0.10
robot,1790443717.51,0.000,-0.000,0.13
robot,1790443718.01,0.000,-0.000,0.13
robot,1790443718.51,0.000,-0.000,0.13
robot,1790443719.01,0.000,-0.000,0.12
robot,1790443719.51,0.000,-0.000,0.10
robot,1790443720.01,0.000,-0.000,0.11
robot,1790443720.51,0.000,-0.000,0.11
robot,1790443721.01,0.000,-0.000,0.11
robot,1790443721.51,0.000,-0.000,0.14
robot,1790443722.01,0.000,-0.000,0.14
robot,1790443722.51,0.000,-0.000,0.14
robot,1790443723.01,0.000,-0.000,0.13
robot,1790443723.51,0.003,0.000,0.11
robot,1790443724.01,0.049,0.000,0.10
robot,1790443724.51,0.116,0.000,0.14
robot,1790443725.01,0.201,0.001,0.16
robot,1790443725.51,0.286,0.001,0.21
robot,1790443726.01,0.375,0.001,0.27
robot,1790443726.51,0.465,0.002,0.29
robot,1790443727.01,0.554,0.002,0.34
robot,1790443727.51,0.647,0.003,0.38
robot,1790443728.01,0.744,0.003,0.42
robot,1790443728.51,0.838,0.004,0.46
robot,1790443729.01,0.934,0.005,0.45
robot,1790443729.51,1.028,0.006,0.52
robot,1790443730.01,1.124,0.007,0.55
robot,1790443730.51,1.218,0.007,0.57
robot,1790443731.01,1.312,0.008,0.62
robot,1790443731.51,1.410,0.010,0.68
robot,1790443732.01,1.505,0.011,0.73
robot,1790443732.51,1.602,0.012,0.75
robot,1790443733.01,1.696,0.013,0.81
robot,1790443733.51,1.792,0.015,0.85
robot,1790443734.01,1.886,0.016,0.88
robot,1790443734.51,1.983,0.018,0.93
robot,1790443735.01,2.075,0.019,0.95
robot,1790443735.51,2.173,0.021,0.97
robot,1790443736.01,2.266,0.022,0.99
robot,1790443736.51,2.364,0.024,1.04
robot,1790443737.01,2.458,0.026,1.07
robot,1790443737.51,2.553,0.028,1.09
robot,1790443738.01,2.648,0.029,1.14
robot,1790443738.51,2.743,0.031,1.19
robot,1790443739.01,2.839,0.033,1.19
robot,1790443739.51,2.934,0.035,1.26
robot,1790443740.01,3.028,0.038,1.29
robot,1790443740.51,3.122,0.040,1.31
robot,1790443741.01,3.219,0.042,1.33
robot,1790443741.51,3.312,0.044,1.35
robot,1790443742.59,3.519,0.049,1.44
robot,1790443743.01,3.599,0.051,1.49
robot,1790443743.51,3.695,0.054,1.55
robot,1790443744.01,3.790,0.056,1.58
robot,1790443744.51,3.884,0.059,1.56
robot,1790443745.01,3.979,0.062,1.60
robot,1790443745.51,4.074,0.064,1.67
robot,1790443746.01,4.168,0.067,1.68
robot,1790443746.51,4.264,0.070,1.69
robot,1790443747.01,4.359,0.073,1.73
robot,1790443748.05,4.557,0.079,1.78
robot,1790443748.51,4.644,0.082,1.85
robot,1790443749.01,4.740,0.085,1.93
robot,1790443749.51,4.834,0.088,1.93
robot,1790443750.01,4.930,0.091,1.97
robot,1790443750.51,5.025,0.094,2.01
robot,1790443751.01,5.120,0.098,2.06
robot,1790443751.51,5.215,0.101,2.07
robot,1790443752.01,5.309,0.105,2.15
robot,1790443752.51,5.404,0.108,2.19
robot,1790443753.01,5.498,0.112,2.21
robot,1790443753.51,5.594,0.116,2.25
robot,1790443754.01,5.690,0.120,2.32
robot,1790443754.51,5.784,0.123,2.37
robot,1790443755.01,5.878,0.127,2.44
robot,1790443755.51,5.973,0.131,2.48
robot,1790443756.01,6.068,0.136,2.57
robot,1790443756.51,6.164,0.140,2.55
robot,1790443757.01,6.259,0.144,2.57
robot,1790443757.51,6.353,0.148,2.60
robot,1790443758.01,6.449,0.153,2.63
robot,1790443758.51,6.544,0.157,2.65
robot,1790443759.01,6.637,0.162,2.72
robot,1790443759.51,6.732,0.166,2.78
robot,1790443760.01,6.828,0.171,2.80
robot,1790443760.51,6.923,0.175,2.81
robot,1790443761.01,7.018,0.180,2.87
robot,1790443761.51,7.115,0.185,2.89
robot,1790443762.01,7.209,0.190,2.89
robot,1790443762.51,7.303,0.195,2.94
robot,1790443763.01,7.399,0.199,2.98
robot,1790443763.51,7.493,0.204,3.00
robot,1790443764.01,7.588,0.209,3.01
robot,1790443764.51,7.685,0.215,3.09
robot,1790443765.01,7.779,0.220,3.13
robot,1790443765.51,7.874,0.225,3.14
robot,1790443766.01,7.970,0.230,3.20
robot,1790443766.51,8.063,0.235,3.25
robot,1790443767.01,8.158,0.241,3.24
robot,1790443767.51,8.252,0.246,3.26
robot,1790443768.01,8.350,0.252,3.31
robot,1790443768.51,8.445,0.257,3.32
robot,1790443769.01,8.539,0.263,3.31
robot,1790443769.51,8.634,0.268,3.37
robot,1790443770.01,8.730,0.274,3.45
robot,1790443770.51,8.825,0.280,3.45
robot,1790443771.01,8.918,0.285,3.46
robot,1790443771.51,9.013,0.291,3.52
robot,1790443772.01,9.109,0.297,3.58
robot,1790443772.51,9.205,0.303,3.61
robot,1790443773.01,9.300,0.309,3.68
robot,1790443773.51,9.393,0.315,3.73
robot,1790443774.01,9.488,0.321,3.72
robot,1790443774.51,9.583,0.328,3.79
robot,1790443775.01,9.678,0.334,3.84
robot,1790443775.51,9.773,0.340,3.85
robot,1790443776.01,9.867,0.347,3.89
robot,1790443776.51,9.962,0.353,3.93
robot,1790443777.01,10.058,0.360,3.98
robot,1790443777.51,10.151,0.366,3.99
robot,1790443778.01,10.246,0.373,4.02
robot,1790443778.51,10.339,0.379,4.08
robot,1790443779.01,10.430,0.386,4.15
robot,1790443779.51,10.515,0.392,4.10
robot,1790443780.01,10.599,0.398,4.17
robot,1790443780.51,10.684,0.404,4.21
robot,1790443781.01,10.769,0.411,4.27
robot,1790443781.51,10.850,0.417,4.30
robot,1790443782.01,10.930,0.423,4.37
robot,1790443782.51,11.010,0.429,4.42
robot,1790443783.01,11.085,0.435,4.45
robot,1790443783.51,11.111,0.437,4.41
robot,1790443784.01,11.111,0.437,4.42
robot,1790443784.51,11.111,0.437,4.69
robot,1790443785.01,11.112,0.437,8.39
robot,1790443785.51,11.112,0.437,12.65
robot,1790443786.01,11.111,0.437,16.96
robot,1790443786.51,11.112,0.437,21.38
robot,1790443787.01,11.112,0.437,25.91
robot,1790443787.51,11.112,0.437,30.84
robot,1790443788.01,11.112,0.437,35.67
robot,1790443788.51,11.111,0.437,40.46
robot,1790443789.01,11.112,0.437,45.31
robot,1790443789.51,11.112,0.437,51.27
robot,1790443790.01,11.112,0.437,57.74
robot,1790443790.51,11.112,0.437,64.33
robot,1790443791.01,11.111,0.436,71.26
robot,1790443791.51,11.112,0.437,78.28
robot,1790443792.01,11.112,0.437,85.52
robot,1790443792.51,11.112,0.436,92.84
robot,1790443793.01,11.111,0.437,100.23
robot,1790443793.51,11.111,0.437,107.24
robot,1790443794.01,11.112,0.436,114.55
robot,1790443794.51,11.112,0.436,121.96
robot,1790443795.01,11.112,0.436,129.18
robot,1790443795.51,11.112,0.436,136.57
robot,1790443796.01,11.112,0.436,143.87
robot,1790443796.51,11.112,0.436,150.97
robot,1790443797.01,11.111,0.437,157.95
robot,1790443797.51,11.112,0.436,164.96
robot,1790443798.01,11.112,0.436,171.79
robot,1790443798.51,11.113,0.436,178.56
robot,1790443799.01,11.111,0.436,180.99
robot,1790443799.51,11.111,0.436,180.95
robot,1790443800.01,11.111,0.436,180.95
robot,1790443800.51,11.089,0.436,181.02
robot,1790443801.01,11.037,0.435,181.10
robot,1790443801.51,10.981,0.434,181.13
robot,1790443802.01,10.938,0.433,181.09
robot,1790443802.51,10.937,0.433,181.13
robot,1790443803.01,10.937,0.433,181.12
robot,1790443803.51,10.937,0.433,181.14
robot,1790443804.01,10.921,0.433,181.24
robot,1790443804.51,10.856,0.431,181.27
robot,1790443805.01,10.786,0.430,181.29
robot,1790443805.51,10.724,0.428,181.33
robot,1790443806.01,10.663,0.427,181.41
robot,1790443806.51,10.589,0.425,181.45
robot,1790443807.01,10.509,0.423,181.51
robot,1790443807.51,10.430,0.421,181.52
robot,1790443808.01,10.350,0.419,181.55
robot,1790443808.51,10.269,0.416,181.60
robot,1790443809.01,10.188,0.414,181.62
robot,1790443809.51,10.110,0.412,181.66
robot,1790443810.01,10.029,0.409,181.69
robot,1790443810.51,9.949,0.407,181.72
robot,1790443811.01,9.868,0.405,181.75
robot,1790443811.51,9.789,0.402,181.80
robot,1790443812.01,9.708,0.400,181.85
robot,1790443812.51,9.627,0.397,181.89
robot,1790443813.01,9.547,0.394,181.92
robot,1790443813.51,9.467,0.392,181.95
robot,1790443814.01,9.389,0.389,181.99
robot,1790443814.51,9.307,0.386,182.01
robot,1790443815.01,9.222,0.383,182.05
robot,1790443815.51,9.138,0.380,182.05
robot,1790443816.01,9.052,0.377,182.12
robot,1790443816.51,8.967,0.374,182.19
robot,1790443817.01,8.880,0.370,182.20
robot,1790443817.51,8.790,0.367,182.26
robot,1790443818.01,8.701,0.363,182.31
robot,1790443818.51,8.610,0.360,182.37
robot,1790443819.01,8.520,0.356,182.40
robot,1790443819.51,8.429,0.352,182.45
robot,1790443820.01,8.339,0.348,182.48
robot,1790443820.51,8.250,0.344,182.52
robot,1790443821.01,8.160,0.340,182.55
robot,1790443821.51,8.070,0.336,182.53
robot,1790443822.01,7.980,0.332,182.56
robot,1790443822.51,7.888,0.328,182.59
robot,1790443823.01,7.799,0.324,182.64
robot,1790443823.51,7.710,0.320,182.69
robot,1790443824.01,7.620,0.316,182.73
robot,1790443824.51,7.530,0.311,182.78
robot,1790443825.01,7.439,0.307,182.82
robot,1790443825.51,7.349,0.303,182.86
robot,1790443826.01,7.260,0.298,182.88
robot,1790443826.51,7.170,0.293,182.93
robot,1790443827.01,7.079,0.289,182.93
robot,1790443827.51,6.990,0.284,182.99
robot,1790443828.01,6.900,0.279,183.05
robot,1790443828.51,6.811,0.275,183.09
robot,1790443829.01,6.721,0.270,183.14
robot,1790443829.51,6.630,0.265,183.17
robot,1790443830.01,6.541,0.260,183.21
robot,1790443830.51,6.449,0.255,183.26
robot,1790443831.01,6.360,0.250,183.28
robot,1790443831.51,6.270,0.244,183.29
robot,1790443832.01,6.180,0.239,183.33
robot,1790443832.51,6.090,0.234,183.37
robot,1790443833.01,6.001,0.229,183.38
robot,1790443833.51,5.911,0.223,183.42
robot,1790443834.01,5.820,0.218,183.47
robot,1790443834.51,5.731,0.212,183.53
robot,1790443835.01,5.640,0.207,183.59
robot,1790443835.51,5.551,0.201,183.59
robot,1790443836.01,5.462,0.195,183.64
robot,1790443836.51,5.372,0.190,183.70
robot,1790443837.01,5.281,0.184,183.74
robot,1790443837.51,5.191,0.178,183.77
robot,1790443838.01,5.101,0.172,183.80
robot,1790443838.51,5.012,0.166,183.80
robot,1790443839.01,4.922,0.160,183.86
robot,1790443839.51,4.831,0.154,183.89
robot,1790443840.01,4.742,0.148,183.93
robot,1790443840.51,4.652,0.142,183.96
robot,1790443841.01,4.563,0.135,184.00
robot,1790443841.51,4.472,0.129,184.04
robot,1790443842.01,4.382,0.123,184.07
robot,1790443842.51,4.293,0.116,184.09
robot,1790443843.01,4.204,0.110,184.11
robot,1790443843.51,4.114,0.103,184.16
robot,1790443844.01,4.024,0.097,184.18
robot,1790443844.51,3.935,0.090,184.22
robot,1790443845.01,3.845,0.084,184.24
robot,1790443845.51,3.755,0.077,184.28
robot,1790443846.01,3.665,0.070,184.37
robot,1790443846.51,3.576,0.063,184.40
robot,1790443847.01,3.486,0.056,184.45
robot,1790443847.51,3.396,0.049,184.49
robot,1790443848.01,3.305,0.042,184.51
robot,1790443848.51,3.215,0.035,184.55
robot,1790443849.01,3.126,0.028,184.60
robot,1790443849.51,3.038,0.021,184.62
robot,1790443850.01,2.949,0.014,184.62
robot,1790443850.51,2.857,0.006,184.66
robot,1790443851.01,2.767,-0.001,184.69
robot,1790443851.51,2.677,-0.009,184.73
robot,1790443852.01,2.588,-0.016,184.75
robot,1790443852.51,2.498,-0.024,184.80
robot,1790443853.01,2.407,-0.031,184.82
robot,1790443853.51,2.319,-0.039,184.86
robot,1790443854.01,2.231,-0.046,184.92
robot,1790443854.51,2.138,-0.054,184.94
robot,1790443855.01,2.048,-0.062,184.99
robot,1790443855.51,1.959,-0.070,185.01
robot,1790443856.01,1.869,-0.078,185.04
robot,1790443856.51,1.779,-0.086,185.07
robot,1790443857.01,1.689,-0.094,185.14
robot,1790443857.51,1.599,-0.102,185.20
robot,1790443858.01,1.511,-0.110,185.24
robot,1790443858.51,1.422,-0.118,185.27
robot,1790443859.01,1.331,-0.127,185.31
robot,1790443859.51,1.241,-0.135,185.36
robot,1790443860.01,1.151,-0.143,185.40
robot,1790443860.51,1.058,-0.152,185.39
robot,1790443861.01,0.965,-0.161,185.40
robot,1790443861.51,0.869,-0.170,185.45
robot,1790443862.01,0.775,-0.179,185.50
robot,1790443862.51,0.686,-0.188,185.52
robot,1790443863.01,0.611,-0.195,185.55
robot,1790443863.51,0.536,-0.202,185.56
robot,1790443864.01,0.493,-0.206,185.60
robot,1790443864.51,0.478,-0.208,185.58
robot,1790443865.01,0.478,-0.208,185.69
robot,1790443865.51,0.478,-0.208,189.12
robot,1790443866.01,0.478,-0.208,193.76
robot,1790443866.51,0.477,-0.208,198.53
robot,1790443867.01,0.478,-0.208,203.29
robot,1790443867.51,0.478,-0.208,209.48
robot,1790443868.01,0.478,-0.208,216.10
robot,1790443868.51,0.478,-0.207,222.60
robot,1790443869.01,0.478,-0.208,229.16
robot,1790443869.51,0.478,-0.208,235.93
robot,1790443870.01,0.478,-0.207,243.44
robot,1790443870.51,0.478,-0.207,250.83
robot,1790443871.01,0.478,-0.208,258.36
robot,1790443871.51,0.478,-0.207,265.88
robot,1790443872.01,0.478,-0.208,270.72
robot,1790443872.51,0.478,-0.208,270.73
robot,1790443873.01,0.478,-0.208,270.72
robot,1790443873.51,0.478,-0.208,270.71
robot,1790443874.01,0.478,-0.208,270.73
robot,1790443874.51,0.478,-0.227,270.81
robot,1790443875.01,0.479,-0.279,270.90
robot,1790443875.51,0.480,-0.336,270.94
robot,1790443876.01,0.481,-0.404,271.01
robot,1790443876.51,0.482,-0.482,271.09
robot,1790443877.01,0.484,-0.571,271.17
robot,1790443877.51,0.486,-0.661,271.19
robot,1790443878.01,0.488,-0.752,271.27
robot,1790443879.23,0.493,-0.979,271.41
robot,1790443879.51,0.495,-1.034,271.43
robot,1790443880.01,0.497,-1.127,271.47
robot,1790443880.51,0.499,-1.222,271.53
robot,1790443881.01,0.502,-1.318,271.59
robot,1790443881.51,0.505,-1.412,271.63
robot,1790443882.01,0.507,-1.509,271.70
robot,1790443882.51,0.510,-1.604,271.73
robot,1790443883.01,0.513,-1.699,271.74
robot,1790443883.51,0.516,-1.793,271.78
robot,1790443884.01,0.519,-1.889,271.85
robot,1790443884.51,0.522,-1.986,271.87
robot,1790443885.01,0.526,-2.087,271.91
robot,1790443885.51,0.529,-2.187,271.97
robot,1790443886.01,0.533,-2.293,271.98
robot,1790443886.51,0.536,-2.397,272.07
robot,1790443887.01,0.540,-2.502,272.07
robot,1790443887.51,0.544,-2.607,272.09
robot,1790443888.01,0.548,-2.712,272.15
robot,1790443888.51,0.552,-2.817,272.17
robot,1790443889.01,0.556,-2.922,272.22
robot,1790443889.51,0.560,-3.027,272.23
robot,1790443890.01,0.564,-3.131,272.29
robot,1790443890.51,0.568,-3.237,272.32
robot,1790443891.01,0.573,-3.341,272.37
robot,1790443891.51,0.577,-3.446,272.44
robot,1790443892.01,0.581,-3.552,272.43
robot,1790443892.51,0.586,-3.657,272.52
robot,1790443893.01,0.591,-3.761,272.51
robot,1790443893.51,0.595,-3.865,272.57
robot,1790443894.01,0.600,-3.971,272.61
robot,1790443894.51,0.605,-4.077,272.65
robot,1790443895.01,0.610,-4.182,272.70
robot,1790443895.51,0.615,-4.287,272.72
robot,1790443896.01,0.620,-4.392,272.80
robot,1790443896.51,0.625,-4.494,272.85
robot,1790443897.01,0.630,-4.593,272.83
robot,1790443897.51,0.635,-4.695,272.91
robot,1790443898.01,0.640,-4.792,272.94
robot,1790443898.51,0.645,-4.893,272.99
robot,1790443899.01,0.650,-4.993,273.03
robot,1790443899.51,0.656,-5.094,273.08
robot,1790443900.01,0.661,-5.193,273.10
robot,1790443900.51,0.667,-5.293,273.14
robot,1790443901.01,0.672,-5.392,273.17
robot,1790443901.51,0.678,-5.492,273.24
robot,1790443902.01,0.683,-5.591,273.26
robot,1790443902.51,0.689,-5.691,273.27
robot,1790443903.01,0.695,-5.792,273.34
robot,1790443903.51,0.701,-5.892,273.35
robot,1790443904.01,0.707,-5.992,273.38
robot,1790443904.51,0.712,-6.092,273.46
robot,1790443905.01,0.719,-6.192,273.45
robot,1790443905.51,0.725,-6.291,273.49
robot,1790443906.01,0.731,-6.391,273.55
robot,1790443906.51,0.737,-6.492,273.57
robot,1790443907.01,0.743,-6.592,273.63
robot,1790443907.51,0.750,-6.692,273.69
robot,1790443908.01,0.756,-6.792,273.70
robot,1790443908.51,0.763,-6.892,273.79
robot,1790443909.01,0.769,-6.991,273.82
robot,1790443909.51,0.776,-7.089,273.83
robot,1790443910.01,0.783,-7.189,273.88
robot,1790443910.51,0.789,-7.288,273.91
robot,1790443911.01,0.796,-7.390,273.93
robot,1790443911.51,0.803,-7.489,274.01
robot,1790443912.01,0.810,-7.582,274.02
robot,1790443912.51,0.816,-7.677,274.04
robot,1790443913.01,0.823,-7.773,274.08
robot,1790443913.51,0.830,-7.867,274.13
robot,1790443914.01,0.837,-7.962,274.12
robot,1790443914.51,0.844,-8.057,274.16
robot,1790443915.01,0.850,-8.148,274.23
robot,1790443915.51,0.857,-8.233,274.25
robot,1790443916.01,0.863,-8.317,274.26
robot,1790443916.51,0.869,-8.402,274.28
robot,1790443917.01,0.875,-8.485,273.01
robot,1790443917.51,0.877,-8.569,270.92
robot,1790443918.01,0.879,-8.653,270.87
robot,1790443919.33,0.882,-8.885,270.82
robot,1790443919.51,0.883,-8.921,270.80
robot,1790443920.01,0.884,-9.021,270.81
robot,1790443920.51,0.885,-9.125,270.78
robot,1790443921.01,0.887,-9.230,270.84
robot,1790443921.51,0.888,-9.335,270.81
robot,1790443922.01,0.890,-9.442,270.87
robot,1790443922.51,0.892,-9.547,270.89
robot,1790443923.01,0.893,-9.650,270.94
robot,1790443923.51,0.895,-9.755,270.96
robot,1790443924.01,0.897,-9.865,270.97
robot,1790443924.51,0.899,-9.974,271.02
robot,1790443925.01,0.901,-10.084,271.03
robot,1790443925.51,0.903,-10.194,271.08
robot,1790443926.01,0.905,-10.303,271.07
robot,1790443926.51,0.907,-10.416,271.12
robot,1790443927.01,0.909,-10.526,271.12
robot,1790443927.51,0.911,-10.634,271.20
robot,1790443928.01,0.914,-10.741,271.21
robot,1790443928.51,0.916,-10.856,271.28
robot,1790443929.01,0.918,-10.965,271.29
robot,1790443929.51,0.921,-11.075,271.36
robot,1790443930.01,0.924,-11.185,271.35
robot,1790443930.51,0.926,-11.293,271.44
robot,1790443931.01,0.929,-11.403,271.45
robot,1790443931.51,0.932,-11.514,271.51
robot,1790443932.01,0.935,-11.625,271.51
robot,1790443932.51,0.938,-11.734,271.61
robot,1790443933.01,0.941,-11.845,271.62
robot,1790443933.51,0.944,-11.954,271.72
robot,1790443934.01,0.947,-12.065,271.73
robot,1790443934.51,0.951,-12.174,271.75
robot,1790443935.01,0.954,-12.285,271.78
robot,1790443935.51,0.957,-12.394,271.85
robot,1790443936.01,0.961,-12.506,271.84
robot,1790443936.51,0.965,-12.615,271.91
robot,1790443937.01,0.968,-12.725,271.94
robot,1790443937.51,0.972,-12.835,272.01
robot,1790443938.01,0.976,-12.944,272.00
robot,1790443938.51,0.980,-13.053,272.06
robot,1790443939.01,0.984,-13.163,272.06
robot,1790443939.51,0.988,-13.274,272.12
robot,1790443940.01,0.992,-13.382,272.15
robot,1790443940.51,0.996,-13.494,272.18
robot,1790443941.01,1.000,-13.606,272.22
robot,1790443941.51,1.005,-13.713,272.28
robot,1790443942.01,1.009,-13.822,272.34
robot,1790443942.51,1.014,-13.933,272.39
robot,1790443943.01,1.018,-14.045,272.44
robot,1790443943.51,1.023,-14.154,272.50
robot,1790443944.01,1.028,-14.263,272.52
robot,1790443944.51,1.033,-14.373,272.57
robot,1790443945.01,1.037,-14.481,272.57
robot,1790443945.51,1.042,-14.585,272.58
robot,1790443946.01,1.047,-14.683,272.63
robot,1790443946.51,1.049,-14.737,272.62
robot,1790443947.01,1.049,-14.736,272.63
robot,1790443947.51,1.049,-14.736,272.62
robot,1790443948.01,1.049,-14.733,272.61
robot,1790443948.51,1.047,-14.697,272.55
robot,1790443949.01,1.045,-14.655,272.62
robot,1790443949.51,1.044,-14.620,272.61
robot,1790443950.01,1.042,-14.579,272.60
robot,1790443950.51,1.039,-14.521,272.56
robot,1790443956.05,1.040,-14.538,272.76
robot,1790443956.51,1.044,-14.612,272.78
robot,1790443957.01,1.048,-14.703,272.79
robot,1790443957.51,1.053,-14.798,272.83
robot,1790443958.01,1.058,-14.894,272.90
robot,1790443958.51,1.063,-14.989,272.94
robot,1790443959.01,1.067,-15.081,272.97
robot,1790443959.51,1.072,-15.169,273.00
robot,1790443960.01,1.077,-15.259,273.05
robot,1790443960.51,1.082,-15.350,273.13
robot,1790443961.01,1.087,-15.445,273.12
robot,1790443961.51,1.092,-15.540,273.13
robot,1790443962.01,1.097,-15.635,273.18
robot,1790443962.51,1.103,-15.727,273.19
robot,1790443963.01,1.103,-15.744,273.21
robot,1790443963.51,1.103,-15.744,272.60
robot,1790443964.01,1.104,-15.744,262.67
robot,1790443964.51,1.104,-15.743,252.06
robot,1790443965.01,1.104,-15.744,242.62
robot,1790443965.51,1.104,-15.744,235.88
robot,1790443966.01,1.103,-15.745,229.95
robot,1790443966.51,1.104,-15.744,224.09
robot,1790443967.01,1.104,-15.744,218.31
robot,1790443967.51,1.103,-15.744,213.00
robot,1790443968.01,1.104,-15.744,207.75
robot,1790443968.51,1.104,-15.744,202.42
robot,1790443969.01,1.104,-15.744,197.08
robot,1790443969.51,1.104,-15.744,191.79
robot,1790443970.01,1.104,-15.744,186.76
robot,1790443970.51,1.104,-15.744,181.79
robot,1790443971.01,1.103,-15.744,177.84
robot,1790443971.51,1.103,-15.744,178.16
robot,1790443972.01,1.104,-15.744,178.20
robot,1790443972.51,1.104,-15.744,178.21
robot,1790443973.01,1.055,-15.743,178.17
robot,1790443973.51,0.950,-15.739,178.11
robot,1790443974.01,0.840,-15.736,178.15
robot,1790443974.51,0.733,-15.732,178.05
robot,1790443975.01,0.707,-15.731,178.06
robot,1790443975.51,0.707,-15.731,178.06
robot,1790443976.01,0.707,-15.731,178.07
robot,1790443976.51,0.707,-15.731,178.07
robot,1790443977.01,0.706,-15.731,178.03
robot,1790443977.51,0.641,-15.729,178.08
robot,1790443978.01,0.556,-15.726,178.04
robot,1790443978.51,0.535,-15.725,178.08
robot,1790443979.01,0.535,-15.725,178.10
robot,1790443979.51,0.534,-15.725,170.92
robot,1790443980.01,0.534,-15.725,155.82
robot,1790443980.51,0.534,-15.726,141.05
robot,1790443981.01,0.532,-15.724,128.54
robot,1790443981.51,0.532,-15.724,116.24
robot,1790443982.01,0.533,-15.725,104.34
robot,1790443982.51,0.533,-15.726,93.84
robot,1790443983.01,0.533,-15.725,91.35
robot,1790443983.51,0.533,-15.726,91.36
robot,1790443984.01,0.533,-15.726,91.39
robot,1790443984.95,0.533,-15.726,91.42
robot,1790443985.01,0.533,-15.726,91.42
robot,1790443985.51,0.533,-15.726,91.44
robot,1790443986.01,0.533,-15.721,91.36
robot,1790443986.51,0.531,-15.651,91.33
robot,1790443987.01,0.529,-15.546,91.30
robot,1790443987.51,0.526,-15.431,91.35
robot,1790443988.01,0.524,-15.318,91.33
robot,1790443988.51,0.521,-15.203,91.35
robot,1790443989.01,0.518,-15.086,91.35
robot,1790443989.51,0.516,-14.971,91.41
robot,1790443990.01,0.513,-14.854,91.45
robot,1790443990.51,0.510,-14.740,91.48
robot,1790443991.01,0.507,-14.623,91.56
robot,1790443991.51,0.504,-14.508,91.60
robot,1790443992.01,0.500,-14.395,91.70
robot,1790443992.51,0.497,-14.280,91.70
robot,1790443993.01,0.493,-14.163,91.74
robot,1790443993.51,0.490,-14.048,91.79
robot,1790443994.01,0.486,-13.933,91.82
robot,1790443994.51,0.482,-13.817,91.88
robot,1790443995.01,0.479,-13.702,91.91
robot,1790443995.51,0.475,-13.587,91.96
robot,1790443996.01,0.471,-13.471,91.99
robot,1790443996.51,0.467,-13.358,92.05
robot,1790443997.01,0.463,-13.243,92.08
robot,1790443997.51,0.458,-13.129,92.15
robot,1790443998.01,0.454,-13.013,92.19
robot,1790443998.51,0.450,-12.898,92.22
robot,1790443999.01,0.445,-12.782,92.29
robot,1790443999.51,0.440,-12.668,92.36
robot,1790444000.01,0.436,-12.555,92.42
robot,1790444000.51,0.431,-12.438,92.45
robot,1790444001.01,0.426,-12.323,92.50
robot,1790444001.51,0.421,-12.208,92.48
robot,1790444002.01,0.416,-12.092,92.53
robot,1790444002.51,0.411,-11.977,92.57
robot,1790444003.01,0.405,-11.862,92.59
robot,1790444003.51,0.400,-11.748,92.64
robot,1790444004.01,0.395,-11.634,92.66
robot,1790444004.51,0.389,-11.519,92.73
robot,1790444005.01,0.384,-11.403,92.76
robot,1790444005.51,0.378,-11.288,92.82
robot,1790444006.01,0.373,-11.173,92.83
robot,1790444006.51,0.367,-11.059,92.87
robot,1790444007.01,0.361,-10.943,92.91
robot,1790444007.51,0.355,-10.830,92.91
robot,1790444008.01,0.349,-10.715,92.95
robot,1790444008.51,0.344,-10.601,92.99
robot,1790444009.01,0.337,-10.484,93.04
robot,1790444009.51,0.331,-10.369,93.03
robot,1790444010.01,0.325,-10.256,93.10
robot,1790444010.51,0.319,-10.141,93.14
robot,1790444011.01,0.313,-10.027,93.15
robot,1790444011.51,0.306,-9.912,93.21
robot,1790444012.01,0.300,-9.796,93.21
robot,1790444012.51,0.293,-9.681,93.30
robot,1790444013.01,0.287,-9.573,93.32
robot,1790444013.51,0.281,-9.465,93.36
robot,1790444014.01,0.275,-9.362,93.42
robot,1790444014.51,0.269,-9.262,93.40
robot,1790444015.01,0.263,-9.162,93.50
robot,1790444015.51,0.257,-9.062,93.51
robot,1790444016.01,0.250,-8.959,93.50
robot,1790444016.51,0.244,-8.850,93.15
robot,1790444017.01,0.238,-8.736,92.26
robot,1790444017.51,0.236,-8.636,90.86
robot,1790444018.01,0.234,-8.527,90.80
robot,1790444018.51,0.233,-8.419,90.73
robot,1790444019.01,0.231,-8.309,90.77
robot,1790444019.51,0.230,-8.198,90.73
robot,1790444020.01,0.228,-8.089,90.71
robot,1790444020.51,0.227,-7.979,90.70
robot,1790444021.01,0.226,-7.867,90.78
robot,1790444021.51,0.224,-7.758,90.77
robot,1790444022.01,0.223,-7.650,90.83
robot,1790444022.51,0.221,-7.538,90.84
robot,1790444023.01,0.219,-7.427,90.90
robot,1790444023.51,0.218,-7.317,90.92
robot,1790444024.01,0.216,-7.206,91.01
robot,1790444024.51,0.214,-7.097,91.03
robot,1790444025.01,0.212,-6.986,91.10
robot,1790444025.51,0.209,-6.872,91.10
robot,1790444026.01,0.207,-6.756,91.17
robot,1790444026.51,0.205,-6.643,91.20
robot,1790444027.01,0.202,-6.528,91.26
robot,1790444027.51,0.200,-6.411,91.30
robot,1790444028.01,0.197,-6.295,91.32
robot,1790444028.51,0.194,-6.179,91.42
robot,1790444029.01,0.192,-6.065,91.46
robot,1790444029.51,0.189,-5.951,91.54
robot,1790444030.01,0.186,-5.836,91.54
robot,1790444030.51,0.182,-5.719,91.60
robot,1790444031.01,0.179,-5.604,91.64
robot,1790444031.51,0.176,-5.488,91.69
robot,1790444032.01,0.172,-5.370,91.76
robot,1790444032.51,0.168,-5.251,91.77
robot,1790444033.01,0.165,-5.130,91.85
robot,1790444033.51,0.161,-5.010,91.89
robot,1790444034.01,0.157,-4.891,91.92
robot,1790444034.51,0.153,-4.769,91.94
robot,1790444035.01,0.148,-4.649,92.00
robot,1790444035.51,0.144,-4.533,92.02
robot,1790444036.01,0.141,-4.450,92.03
robot,1790444036.51,0.139,-4.377,92.04
robot,1790444037.01,0.136,-4.307,92.08
robot,1790444037.91,0.132,-4.194,92.14
robot,1790444038.01,0.132,-4.183,92.16
robot,1790444038.51,0.130,-4.126,92.18
robot,1790444039.01,0.128,-4.076,92.05
robot,1790444039.51,0.126,-4.030,90.88
robot,1790444040.01,0.126,-3.985,90.53
robot,1790444040.51,0.125,-3.930,90.51
robot,1790444041.01,0.125,-3.876,90.51
robot,1790444041.51,0.125,-3.823,90.20
robot,1790444042.01,0.125,-3.778,89.14
robot,1790444042.51,0.126,-3.726,88.70
robot,1790444043.01,0.127,-3.662,88.67
robot,1790444043.51,0.129,-3.590,88.67
robot,1790444044.01,0.131,-3.516,88.65
robot,1790444044.51,0.132,-3.441,88.62
robot,1790444045.01,0.134,-3.365,88.60
robot,1790444045.51,0.136,-3.290,88.58
robot,1790444046.01,0.138,-3.214,88.60
robot,1790444046.51,0.140,-3.139,88.63
robot,1790444047.01,0.142,-3.065,88.68
robot,1790444047.51,0.143,-2.989,88.70
robot,1790444048.01,0.145,-2.915,88.73
robot,1790444048.51,0.147,-2.839,88.76
robot,1790444049.01,0.148,-2.764,88.79
robot,1790444049.51,0.150,-2.684,88.80
robot,1790444050.01,0.151,-2.604,88.79
robot,1790444050.51,0.153,-2.524,88.85
robot,1790444051.01,0.155,-2.437,88.89
robot,1790444051.51,0.157,-2.347,88.89
robot,1790444052.01,0.158,-2.256,88.93
robot,1790444052.51,0.160,-2.167,88.95
robot,1790444053.01,0.162,-2.077,89.01
robot,1790444053.51,0.163,-1.987,89.05
robot,1790444054.01,0.165,-1.896,89.03
robot,1790444054.51,0.166,-1.806,89.08
robot,1790444055.01,0.168,-1.717,89.12
robot,1790444055.51,0.169,-1.627,89.15
robot,1790444056.01,0.170,-1.536,89.15
robot,1790444056.51,0.172,-1.447,89.19
robot,1790444057.01,0.173,-1.356,89.20
robot,1790444057.51,0.174,-1.265,89.23
robot,1790444058.01,0.175,-1.175,89.26
robot,1790444058.51,0.176,-1.086,89.28
robot,1790444059.01,0.177,-0.996,89.31
robot,1790444059.51,0.179,-0.905,89.32
robot,1790444060.01,0.180,-0.814,89.39
robot,1790444060.51,0.180,-0.729,89.42
robot,1790444061.01,0.181,-0.698,89.42
robot,1790444061.51,0.181,-0.698,89.42
robot,1790444062.01,0.181,-0.698,88.92
robot,1790444062.51,0.181,-0.698,83.19
robot,1790444063.01,0.181,-0.699,77.03
robot,1790444063.51,0.181,-0.699,70.90
robot,1790444064.01,0.181,-0.699,65.58
robot,1790444064.51,0.180,-0.699,61.72
robot,1790444065.01,0.180,-0.699,57.85
robot,1790444065.51,0.181,-0.699,53.99
robot,1790444066.01,0.181,-0.699,50.42
robot,1790444066.51,0.181,-0.699,47.31
robot,1790444067.01,0.181,-0.699,44.58
robot,1790444067.51,0.181,-0.699,41.86
robot,1790444068.01,0.181,-0.699,40.95
robot,1790444068.51,0.193,-0.688,40.84
robot,1790444069.01,0.219,-0.666,39.83
robot,1790444069.51,0.250,-0.641,38.41
robot,1790444070.01,0.284,-0.614,36.80
robot,1790444070.51,0.319,-0.589,35.09
robot,1790444071.01,0.356,-0.564,33.20
robot,1790444071.51,0.400,-0.535,32.97
robot,1790444072.01,0.447,-0.505,32.91
robot,1790444072.51,0.497,-0.473,32.86
robot,1790444073.01,0.548,-0.440,32.85
robot,1790444073.51,0.598,-0.407,32.83
robot,1790444074.01,0.649,-0.375,32.83
robot,1790444074.51,0.700,-0.342,32.84
robot,1790444075.01,0.749,-0.310,32.59
robot,1790444075.51,0.799,-0.278,31.60
robot,1790444076.01,0.850,-0.248,30.52
robot,1790444076.51,0.898,-0.220,29.45
robot,1790444077.01,0.946,-0.194,28.30
robot,1790444077.51,0.993,-0.169,26.84
robot,1790444078.01,1.041,-0.145,24.97
robot,1790444078.51,1.089,-0.124,23.12
robot,1790444079.01,1.138,-0.104,21.33
robot,1790444079.51,1.186,-0.086,19.50
robot,1790444080.01,1.236,-0.069,17.75
robot,1790444080.51,1.286,-0.054,15.99
robot,1790444081.01,1.337,-0.040,14.03
robot,1790444081.51,1.389,-0.028,12.26
robot,1790444082.01,1.440,-0.018,9.34
robot,1790444082.51,1.495,-0.011,5.35
robot,1790444083.01,1.545,-0.007,3.34
robot,1790444083.51,1.613,-0.004,3.23
robot,1790444084.01,1.675,-0.001,0.52
robot,1790444084.51,1.736,-0.002,-0.46
robot,1790444085.01,1.802,-0.002,-0.48
robot,1790444085.51,1.879,-0.003,-0.51
robot,1790444086.01,1.959,-0.004,-0.51
robot,1790444086.51,2.042,-0.004,-0.56
robot,1790444087.01,2.131,-0.005,-0.57
robot,1790444087.51,2.222,-0.006,-0.55
robot,1790444088.01,2.311,-0.007,-0.50
robot,1790444088.51,2.401,-0.008,-0.49
robot,1790444089.01,2.491,-0.008,0.98
robot,1790444089.51,2.579,-0.005,2.54
robot,1790444090.01,2.665,-0.001,2.63
robot,1790444090.51,2.750,0.003,2.69
robot,1790444091.01,2.835,0.007,2.74
robot,1790444091.51,2.919,0.011,2.83
robot,1790444092.01,3.004,0.016,2.92
robot,1790444092.51,3.090,0.020,3.01
robot,1790444093.45,3.240,0.028,3.02
robot,1790444093.51,3.248,0.028,3.06
robot,1790444094.01,3.323,0.032,3.06
robot,1790444094.51,3.398,0.036,3.11
robot,1790444095.01,3.472,0.040,3.13
robot,1790444095.51,3.548,0.045,3.18
robot,1790444096.01,3.623,0.049,3.21
robot,1790444096.51,3.697,0.053,3.25
robot,1790444097.01,3.771,0.057,3.27
robot,1790444097.51,3.847,0.061,3.32
robot,1790444098.01,3.922,0.066,3.33
robot,1790444098.51,3.997,0.070,3.36
robot,1790444099.01,4.072,0.075,3.40
robot,1790444099.51,4.146,0.079,3.45
robot,1790444100.01,4.223,0.084,3.44
robot,1790444100.51,4.297,0.088,3.43
robot,1790444101.01,4.372,0.093,3.47
robot,1790444101.51,4.447,0.097,3.50
robot,1790444102.01,4.520,0.102,3.52
robot,1790444102.51,4.596,0.106,3.58
robot,1790444103.01,4.671,0.111,3.62
robot,1790444103.51,4.747,0.116,3.62
robot,1790444104.01,4.822,0.121,3.66
robot,1790444104.51,4.897,0.126,3.68
robot,1790444105.01,4.972,0.130,3.70
robot,1790444105.51,5.045,0.135,3.73
robot,1790444106.01,5.120,0.140,3.79
robot,1790444106.51,5.196,0.145,3.80
robot,1790444107.01,5.271,0.150,3.82
robot,1790444107.51,5.346,0.155,3.86
robot,1790444108.01,5.420,0.160,3.90
robot,1790444108.51,5.497,0.166,3.94
robot,1790444109.01,5.571,0.171,3.97
robot,1790444109.51,5.646,0.176,4.03
robot,1790444110.01,5.720,0.181,4.09
robot,1790444110.51,5.795,0.187,4.14
robot,1790444111.01,5.871,0.192,4.16
robot,1790444111.51,5.946,0.198,4.17
robot,1790444112.01,6.020,0.203,4.18
robot,1790444112.51,6.095,0.209,4.24
robot,1790444113.01,6.163,0.214,4.27
robot,1790444113.51,6.229,0.219,4.30
robot,1790444114.01,6.304,0.224,4.30
robot,1790444114.51,6.379,0.230,4.34
robot,1790444115.01,6.454,0.236,4.36
robot,1790444115.51,6.530,0.242,4.38
robot,1790444116.01,6.604,0.247,4.43
robot,1790444116.51,6.679,0.253,4.46
robot,1790444117.01,6.754,0.259,4.48
robot,1790444117.51,6.827,0.265,4.49
robot,1790444118.01,6.902,0.271,4.54
robot,1790444118.51,6.977,0.277,4.55
robot,1790444119.01,7.053,0.283,4.59
robot,1790444119.51,7.128,0.289,4.63
robot,1790444120.77,7.316,0.304,4.68
robot,1790444121.01,7.352,0.307,4.71
robot,1790444121.51,7.427,0.313,4.75
robot,1790444122.01,7.506,0.320,4.78
robot,1790444122.51,7.583,0.326,4.79
robot,1790444123.01,7.658,0.333,4.83
robot,1790444123.51,7.734,0.339,4.84
robot,1790444124.01,7.810,0.346,4.89
robot,1790444124.51,7.884,0.352,4.92
robot,1790444125.01,7.958,0.358,4.94
robot,1790444125.51,8.018,0.364,4.92
robot,1790444126.01,8.054,0.367,5.45
robot,1790444126.51,8.104,0.372,7.14
robot,1790444127.01,8.146,0.379,11.66
robot,1790444127.51,8.183,0.388,16.12
robot,1790444128.01,8.234,0.404,18.76
robot,1790444128.51,8.288,0.423,21.05
robot,1790444129.01,8.335,0.443,23.68
robot,1790444129.51,8.389,0.468,25.34
robot,1790444130.01,8.447,0.496,27.10
robot,1790444130.51,8.498,0.524,28.77
robot,1790444131.01,8.545,0.551,30.91
robot,1790444131.51,8.589,0.578,31.99
robot,1790444132.01,8.630,0.603,32.04
robot,1790444132.51,8.666,0.626,32.09
robot,1790444133.01,8.700,0.647,32.13
robot,1790444133.51,8.744,0.675,32.19
robot,1790444134.01,8.794,0.706,32.22
robot,1790444134.51,8.846,0.739,32.23
robot,1790444135.01,8.896,0.771,32.29
robot,1790444135.51,8.958,0.810,32.35
robot,1790444136.01,9.016,0.846,32.43
robot,1790444136.51,9.065,0.878,32.48
robot,1790444137.01,9.106,0.903,30.51
robot,1790444137.51,9.145,0.925,28.18
robot,1790444138.01,9.200,0.955,28.16
robot,1790444138.51,9.243,0.977,26.69
robot,1790444139.01,9.282,0.995,24.38
robot,1790444139.51,9.320,1.012,21.98
robot,1790444140.01,9.360,1.027,19.72
robot,1790444140.51,9.400,1.041,17.52
robot,1790444141.01,9.442,1.053,15.23
robot,1790444141.51,9.492,1.066,13.33
robot,1790444142.01,9.545,1.078,12.81
robot,1790444142.51,9.600,1.090,12.72
robot,1790444143.01,9.653,1.102,12.70
robot,1790444143.51,9.706,1.114,11.90
robot,1790444144.01,9.763,1.125,9.93
robot,1790444144.51,9.820,1.134,7.97
robot,1790444145.01,9.876,1.141,6.05
robot,1790444145.51,9.936,1.147,5.49
robot,1790444146.01,9.999,1.153,4.42
robot,1790444146.51,10.063,1.157,3.37
robot,1790444147.01,10.127,1.160,2.28
robot,1790444147.51,10.190,1.162,1.61
robot,1790444148.01,10.253,1.164,1.01
robot,1790444148.51,10.315,1.165,0.68
robot,1790444149.01,10.377,1.165,0.42
robot,1790444149.51,10.440,1.166,0.06
robot,1790444150.01,10.502,1.166,-0.17
robot,1790444150.51,10.563,1.165,-0.17
robot,1790444151.01,10.623,1.165,-0.16
robot,1790444151.51,10.683,1.165,-0.17
robot,1790444152.01,10.743,1.165,-0.18
robot,1790444152.51,10.804,1.165,-0.18
robot,1790444153.01,10.864,1.164,-0.25
robot,1790444153.51,10.929,1.164,-0.17
robot,1790444154.01,10.993,1.164,-0.14
robot,1790444154.51,11.058,1.164,-0.16
robot,1790444155.01,11.124,1.164,-0.14
robot,1790444155.51,11.189,1.163,-0.14
robot,1790444156.01,11.253,1.163,-0.14
robot,1790444156.51,11.316,1.163,-0.13
robot,1790444157.01,11.378,1.163,-0.09
robot,1790444157.51,11.439,1.163,-0.04
robot,1790444158.01,11.498,1.163,-0.02
robot,1790444158.51,11.540,1.163,-0.03
robot,1790444159.01,11.541,1.163,-0.01
robot,1790444159.51,11.542,1.163,-2.59
robot,1790444160.01,11.542,1.163,-6.74
robot,1790444160.51,11.542,1.163,-10.97
robot,1790444161.01,11.542,1.163,-15.00
robot,1790444161.51,11.542,1.163,-19.01
robot,1790444162.01,11.542,1.163,-23.05
robot,1790444162.51,11.542,1.163,-27.07
robot,1790444163.01,11.542,1.163,-31.01
robot,1790444163.51,11.542,1.163,-34.72
robot,1790444164.01,11.542,1.163,-38.51
robot,1790444164.51,11.542,1.163,-42.37
robot,1790444165.01,11.542,1.163,-46.24
robot,1790444165.51,11.542,1.163,-50.15
robot,1790444166.01,11.542,1.163,-54.21
robot,1790444166.51,11.542,1.163,-58.22
robot,1790444167.01,11.542,1.163,-62.12
robot,1790444167.51,11.542,1.162,-65.95
robot,1790444168.01,11.542,1.163,-69.79
robot,1790444168.51,11.542,1.163,-73.62
robot,1790444169.01,11.542,1.163,-77.44
robot,1790444169.51,11.542,1.163,-81.20
robot,1790444170.01,11.542,1.164,-84.97
robot,1790444170.51,11.542,1.163,-88.78
robot,1790444171.01,11.542,1.162,-92.57
robot,1790444171.51,11.542,1.163,-96.40
robot,1790444172.01,11.542,1.164,-100.25
robot,1790444172.51,11.542,1.163,-104.08
robot,1790444173.01,11.542,1.163,-107.57
robot,1790444173.51,11.542,1.163,-110.81
robot,1790444174.01,11.542,1.163,-114.03
robot,1790444174.51,11.542,1.163,-117.29
robot,1790444175.01,11.542,1.163,-120.53
robot,1790444175.51,11.542,1.163,-123.70
robot,1790444176.01,11.542,1.163,-126.96
robot,1790444176.51,11.542,1.163,-130.23
robot,1790444177.01,11.542,1.163,-133.52
robot,1790444177.51,11.542,1.163,-136.80
robot,1790444178.01,11.542,1.163,-140.04
robot,1790444178.51,11.542,1.163,-143.32
robot,1790444179.01,11.542,1.163,-146.51
robot,1790444179.51,11.542,1.163,-149.71
robot,1790444180.01,11.542,1.163,-152.96
robot,1790444180.51,11.542,1.163,-156.14
robot,1790444181.01,11.542,1.163,-159.41
robot,1790444181.51,11.542,1.163,-162.74
robot,1790444182.01,11.542,1.163,-166.15
robot,1790444182.51,11.542,1.163,-169.66
robot,1790444183.01,11.542,1.163,-173.07
robot,1790444183.51,11.542,1.163,-175.13
robot,1790444184.01,11.542,1.163,-174.99
robot,1790444184.51,11.543,1.163,-174.98
robot,1790444185.01,11.540,1.163,-174.98
robot,1790444185.51,11.529,1.162,-174.98
robot,1790444186.01,11.509,1.160,-175.01
robot,1790444186.51,11.485,1.158,-175.03
robot,1790444187.01,11.455,1.156,-175.06
robot,1790444187.51,11.421,1.153,-175.05
robot,1790444188.01,11.385,1.150,-175.07
robot,1790444188.51,11.345,1.146,-175.07
robot,1790444189.01,11.299,1.142,-175.06
robot,1790444189.51,11.255,1.138,-175.05
robot,1790444190.01,11.206,1.134,-175.07
robot,1790444190.51,11.152,1.129,-175.07
robot,1790444191.01,11.098,1.125,-175.11
robot,1790444191.51,11.042,1.120,-175.10
robot,1790444192.01,10.986,1.115,-175.08
robot,1790444192.51,10.924,1.110,-175.04
robot,1790444193.01,10.854,1.104,-175.02
robot,1790444193.51,10.784,1.098,-175.01
robot,1790444194.01,10.715,1.092,-174.95
robot,1790444194.51,10.639,1.083,-172.42
robot,1790444195.01,10.548,1.071,-171.99
robot,1790444195.51,10.442,1.056,-171.90
robot,1790444196.01,10.347,1.042,-171.86
robot,1790444196.51,10.251,1.028,-171.78
robot,1790444197.01,10.159,1.015,-171.63
robot,1790444197.51,10.065,1.001,-171.60
robot,1790444198.01,9.970,0.987,-171.56
robot,1790444198.51,9.876,0.973,-171.51
robot,1790444199.01,9.781,0.959,-171.43
robot,1790444199.51,9.688,0.945,-171.43
robot,1790444200.01,9.594,0.931,-171.38
robot,1790444200.51,9.500,0.916,-171.31
robot,1790444201.01,9.405,0.902,-171.28
robot,1790444201.51,9.312,0.888,-171.26
robot,1790444202.01,9.219,0.873,-171.21
robot,1790444202.51,9.124,0.858,-171.17
robot,1790444203.01,9.031,0.844,-171.14
robot,1790444203.51,8.941,0.830,-171.12
robot,1790444204.01,8.852,0.816,-171.05
robot,1790444204.51,8.764,0.802,-170.99
robot,1790444205.01,8.676,0.788,-170.97
robot,1790444205.51,8.586,0.774,-170.95
robot,1790444206.01,8.497,0.760,-170.91
robot,1790444206.51,8.407,0.745,-170.85
robot,1790444207.01,8.318,0.731,-170.79
robot,1790444207.51,8.229,0.716,-170.79
robot,1790444208.01,8.141,0.702,-170.80
robot,1790444208.51,8.051,0.687,-170.75
robot,1790444209.01,7.963,0.673,-170.71
robot,1790444209.51,7.874,0.658,-170.66
robot,1790444210.01,7.784,0.644,-170.62
robot,1790444210.51,7.696,0.629,-170.60
robot,1790444211.01,7.602,0.613,-170.49
robot,1790444211.51,7.500,0.596,-170.50
robot,1790444212.01,7.396,0.579,-170.46
robot,1790444212.51,7.292,0.561,-170.43
robot,1790444213.01,7.188,0.544,-170.39
robot,1790444213.51,7.085,0.526,-170.31
robot,1790444214.01,6.982,0.509,-170.31
robot,1790444214.51,6.878,0.491,-170.24
robot,1790444215.01,6.778,0.474,-170.24
robot,1790444215.51,6.674,0.456,-170.18
robot,1790444216.01,6.573,0.438,-170.13
robot,1790444216.51,6.468,0.420,-170.11
robot,1790444217.01,6.365,0.402,-170.04
robot,1790444217.51,6.272,0.386,-170.03
robot,1790444218.01,6.192,0.371,-169.99
robot,1790444218.51,6.124,0.360,-171.61
robot,1790444219.01,6.044,0.350,-173.62
robot,1790444219.51,5.921,0.337,-173.67
robot,1790444220.01,5.799,0.323,-173.63
robot,1790444220.51,5.678,0.309,-173.66
robot,1790444221.01,5.558,0.296,-173.65
robot,1790444221.51,5.439,0.283,-173.61
robot,1790444222.01,5.320,0.270,-173.58
robot,1790444222.51,5.203,0.256,-173.57
robot,1790444223.01,5.081,0.242,-173.51
robot,1790444223.51,4.961,0.229,-173.48
robot,1790444224.01,4.843,0.215,-173.43
robot,1790444224.51,4.721,0.201,-173.35
robot,1790444225.01,4.602,0.187,-173.35
robot,1790444225.51,4.484,0.173,-173.30
robot,1790444226.01,4.366,0.160,-173.30
robot,1790444226.51,4.255,0.146,-173.30
robot,1790444227.01,4.155,0.135,-174.15
robot,1790444227.51,4.056,0.126,-175.39
robot,1790444228.01,3.963,0.121,-178.13
robot,1790444228.51,3.862,0.118,-178.26
robot,1790444229.01,3.751,0.114,-178.32
robot,1790444229.51,3.641,0.111,-178.30
robot,1790444230.01,3.533,0.108,-178.32
robot,1790444230.51,3.426,0.105,-178.32
robot,1790444231.01,3.323,0.102,-178.36
robot,1790444231.51,3.222,0.099,-178.31
robot,1790444232.01,3.122,0.096,-178.28
robot,1790444232.51,3.021,0.093,-178.23
robot,1790444233.01,2.920,0.090,-178.20
robot,1790444233.51,2.820,0.086,-178.16
robot,1790444234.01,2.721,0.083,-178.14
robot,1790444234.51,2.621,0.080,-178.09
robot,1790444235.01,2.521,0.077,-178.04
robot,1790444235.51,2.420,0.073,-178.00
robot,1790444236.01,2.321,0.070,-177.95
robot,1790444236.51,2.221,0.066,-177.94
robot,1790444237.01,2.119,0.062,-177.88
robot,1790444237.51,2.021,0.059,-177.82
robot,1790444238.01,1.921,0.055,-177.85
robot,1790444238.51,1.823,0.051,-177.80
robot,1790444239.01,1.721,0.047,-177.75
robot,1790444239.51,1.622,0.043,-177.75
robot,1790444240.01,1.523,0.039,-177.72
robot,1790444240.51,1.423,0.035,-177.64
robot,1790444241.01,1.323,0.031,-177.59
robot,1790444241.51,1.223,0.027,-177.56
robot,1790444242.01,1.123,0.023,-177.51
robot,1790444242.51,1.024,0.018,-177.48
robot,1790444243.01,0.924,0.014,-177.43
robot,1790444243.51,0.822,0.009,-177.42
robot,1790444244.01,0.723,0.005,-177.38
robot,1790444244.51,0.625,0.000,-177.37
robot,1790444245.65,0.412,-0.010,-177.34
robot,1790444246.01,0.411,-0.010,-177.34
robot,1790444246.51,0.411,-0.010,-177.35
robot,1790444247.01,0.411,-0.010,-175.85
robot,1790444247.51,0.411,-0.010,-168.34
robot,1790444248.01,0.411,-0.010,-160.28
robot,1790444248.51,0.411,-0.010,-152.06
robot,1790444249.01,0.411,-0.010,-143.93
robot,1790444249.51,0.412,-0.009,-135.84
robot,1790444250.01,0.411,-0.010,-127.77
robot,1790444250.51,0.411,-0.010,-119.73
robot,1790444251.01,0.411,-0.009,-111.59
robot,1790444251.51,0.411,-0.010,-103.33
robot,1790444252.01,0.411,-0.010,-95.06
robot,1790444252.51,0.411,-0.010,-87.92
robot,1790444253.01,0.411,-0.011,-88.13
robot,1790444253.51,0.411,-0.011,-88.13
robot,1790444254.01,0.411,-0.011,-88.14
robot,1790444254.51,0.411,-0.011,-88.16
robot,1790444255.01,0.411,-0.013,-88.05
robot,1790444255.51,0.413,-0.070,-88.01
robot,1790444256.01,0.416,-0.143,-87.94
robot,1790444256.51,0.419,-0.222,-87.88
robot,1790444257.01,0.422,-0.305,-87.80
robot,1790444257.51,0.425,-0.392,-87.72
robot,1790444258.01,0.429,-0.477,-87.67
robot,1790444258.51,0.432,-0.561,-87.61
robot,1790444259.01,0.436,-0.646,-87.54
robot,1790444259.51,0.439,-0.731,-87.49
robot,1790444260.01,0.443,-0.816,-87.57
robot,1790444260.51,0.446,-0.900,-88.18
robot,1790444261.01,0.448,-0.985,-88.95
robot,1790444261.51,0.449,-1.070,-89.90
robot,1790444262.01,0.449,-1.155,-90.94
robot,1790444262.51,0.447,-1.240,-91.97
robot,1790444263.01,0.443,-1.326,-92.63
robot,1790444263.51,0.439,-1.415,-92.73
robot,1790444264.01,0.434,-1.508,-92.75
robot,1790444264.51,0.430,-1.597,-92.77
robot,1790444265.01,0.426,-1.688,-92.79
robot,1790444265.51,0.421,-1.782,-92.82
robot,1790444266.01,0.416,-1.890,-92.88
robot,1790444266.51,0.410,-1.998,-92.84
robot,1790444267.01,0.405,-2.108,-92.83
robot,1790444267.51,0.399,-2.220,-92.77
robot,1790444268.01,0.394,-2.329,-92.75
robot,1790444268.51,0.389,-2.440,-92.74
robot,1790444269.01,0.384,-2.549,-92.70
robot,1790444269.51,0.378,-2.664,-92.65
robot,1790444270.01,0.373,-2.780,-92.63
robot,1790444270.51,0.368,-2.896,-92.63
robot,1790444271.01,0.362,-3.008,-92.57
robot,1790444271.51,0.357,-3.125,-92.57
robot,1790444272.01,0.352,-3.240,-92.48
robot,1790444272.51,0.347,-3.355,-92.46
robot,1790444273.01,0.342,-3.470,-92.43
robot,1790444273.51,0.337,-3.585,-92.39
robot,1790444274.01,0.333,-3.698,-92.36
robot,1790444274.51,0.328,-3.812,-92.31
robot,1790444275.01,0.323,-3.930,-92.31
robot,1790444275.51,0.319,-4.044,-92.26
robot,1790444276.01,0.314,-4.160,-92.22
robot,1790444276.51,0.310,-4.275,-92.14
robot,1790444277.01,0.306,-4.389,-92.10
robot,1790444277.51,0.301,-4.504,-92.07
robot,1790444278.01,0.297,-4.620,-92.02
robot,1790444278.51,0.293,-4.734,-92.00
robot,1790444279.01,0.289,-4.849,-91.94
robot,1790444279.51,0.285,-4.965,-91.95
robot,1790444280.01,0.281,-5.080,-91.90
robot,1790444280.51,0.278,-5.196,-91.84
robot,1790444281.01,0.274,-5.310,-91.77
robot,1790444281.51,0.271,-5.425,-91.74
robot,1790444282.01,0.267,-5.541,-91.71
robot,1790444282.51,0.264,-5.655,-91.66
robot,1790444283.01,0.260,-5.770,-91.65
robot,1790444283.51,0.257,-5.890,-91.53
robot,1790444284.01,0.254,-6.011,-91.53
robot,1790444284.51,0.251,-6.130,-91.49
robot,1790444285.01,0.248,-6.250,-91.43
robot,1790444285.51,0.245,-6.371,-91.33
robot,1790444286.01,0.242,-6.496,-91.32
robot,1790444286.51,0.239,-6.621,-91.28
robot,1790444287.01,0.236,-6.747,-91.25
robot,1790444287.51,0.233,-6.877,-91.24
robot,1790444288.01,0.231,-7.005,-91.18
robot,1790444288.51,0.228,-7.137,-91.12
robot,1790444289.01,0.225,-7.267,-91.08
robot,1790444289.51,0.223,-7.397,-91.03
robot,1790444290.01,0.221,-7.526,-90.99
robot,1790444290.51,0.219,-7.658,-90.92
robot,1790444291.01,0.216,-7.787,-90.88
robot,1790444291.51,0.215,-7.916,-90.86
robot,1790444292.01,0.213,-8.047,-90.84
robot,1790444292.51,0.211,-8.175,-90.77
robot,1790444293.35,0.208,-8.395,-90.73
robot,1790444293.51,0.207,-8.435,-90.69
robot,1790444294.01,0.206,-8.567,-90.65
robot,1790444294.51,0.204,-8.697,-90.57
robot,1790444295.01,0.203,-8.825,-90.55
robot,1790444295.51,0.202,-8.957,-90.49
robot,1790444296.01,0.201,-9.087,-90.48
robot,1790444296.51,0.200,-9.216,-90.40
robot,1790444297.01,0.199,-9.346,-90.36
robot,1790444297.51,0.198,-9.476,-90.30
robot,1790444298.01,0.198,-9.608,-90.28
robot,1790444298.51,0.197,-9.737,-90.19
robot,1790444299.01,0.197,-9.866,-90.15
robot,1790444299.51,0.196,-9.996,-90.09
robot,1790444300.01,0.196,-10.126,-90.06
robot,1790444300.51,0.196,-10.258,-90.03
robot,1790444301.01,0.196,-10.388,-89.97
robot,1790444301.51,0.196,-10.517,-89.91
robot,1790444302.01,0.197,-10.647,-89.87
robot,1790444302.51,0.197,-10.776,-89.82
robot,1790444303.01,0.197,-10.907,-89.78
robot,1790444303.51,0.198,-11.035,-89.77
robot,1790444304.01,0.198,-11.165,-89.73
robot,1790444304.51,0.199,-11.295,-89.70
robot,1790444305.01,0.200,-11.427,-89.63
robot,1790444305.51,0.201,-11.558,-89.58
robot,1790444306.01,0.202,-11.685,-89.54
robot,1790444306.51,0.203,-11.810,-89.53
robot,1790444307.01,0.204,-11.935,-89.45
robot,1790444307.51,0.205,-12.060,-89.43
robot,1790444308.01,0.206,-12.186,-89.42
robot,1790444308.51,0.208,-12.310,-89.34
robot,1790444309.01,0.209,-12.436,-89.30
robot,1790444309.51,0.211,-12.560,-89.26
robot,1790444310.01,0.212,-12.688,-89.23
robot,1790444310.51,0.214,-12.809,-89.21
robot,1790444311.01,0.216,-12.934,-89.10
robot,1790444311.51,0.218,-13.061,-89.05
robot,1790444312.01,0.220,-13.186,-89.01
robot,1790444312.51,0.222,-13.312,-88.95
robot,1790444313.01,0.224,-13.437,-88.90
robot,1790444313.51,0.227,-13.560,-88.82
robot,1790444314.01,0.229,-13.684,-88.80
robot,1790444314.51,0.232,-13.811,-88.76
robot,1790444315.01,0.235,-13.935,-88.67
robot,1790444315.51,0.238,-14.059,-88.66
robot,1790444316.01,0.241,-14.173,-88.64
robot,1790444316.51,0.243,-14.286,-88.61
robot,1790444317.01,0.246,-14.400,-88.60
robot,1790444317.51,0.249,-14.517,-88.57
robot,1790444318.01,0.252,-14.630,-88.51
robot,1790444318.51,0.255,-14.740,-88.49
robot,1790444319.01,0.258,-14.847,-88.48
robot,1790444319.51,0.260,-14.952,-88.44
robot,1790444320.01,0.263,-15.055,-88.38
robot,1790444320.51,0.265,-15.114,-88.44
robot,1790444321.01,0.265,-15.113,-86.01
robot,1790444321.51,0.265,-15.113,-74.25
robot,1790444322.01,0.264,-15.113,-62.99
robot,1790444322.51,0.265,-15.114,-51.37
robot,1790444323.01,0.265,-15.114,-40.56
robot,1790444323.51,0.264,-15.114,-31.65
robot,1790444324.01,0.264,-15.113,-23.18
robot,1790444324.51,0.263,-15.113,-14.64
robot,1790444325.01,0.263,-15.113,-6.28
robot,1790444325.51,0.264,-15.113,2.09
robot,1790444326.01,0.263,-15.113,10.02
robot,1790444326.51,0.264,-15.113,18.17
robot,1790444327.01,0.264,-15.113,26.39
robot,1790444327.51,0.263,-15.114,33.28
robot,1790444328.01,0.263,-15.114,33.18
robot,1790444328.51,0.262,-15.115,42.64
robot,1790444329.01,0.263,-15.113,53.29
robot,1790444329.51,0.263,-15.114,62.39
robot,1790444330.01,0.263,-15.114,71.13
robot,1790444330.51,0.263,-15.114,79.68
robot,1790444331.01,0.263,-15.114,85.34
robot,1790444331.51,0.267,-15.065,85.34
robot,1790444332.01,0.275,-14.967,85.50
robot,1790444332.51,0.283,-14.867,85.61
robot,1790444333.01,0.290,-14.768,85.66
robot,1790444333.51,0.298,-14.667,85.72
robot,1790444334.01,0.305,-14.566,85.81
robot,1790444334.51,0.313,-14.467,85.88
robot,1790444335.01,0.320,-14.366,85.91
robot,1790444335.51,0.327,-14.270,85.99
robot,1790444336.01,0.333,-14.174,86.04
robot,1790444336.51,0.341,-14.066,86.15
robot,1790444337.01,0.348,-13.958,86.16
robot,1790444337.51,0.355,-13.845,86.21
robot,1790444338.01,0.363,-13.734,86.31
robot,1790444338.51,0.370,-13.620,86.34
robot,1790444339.01,0.378,-13.501,86.38
robot,1790444339.51,0.385,-13.380,86.43
robot,1790444340.01,0.393,-13.255,86.48
robot,1790444340.51,0.401,-13.129,86.55
robot,1790444341.01,0.408,-13.003,86.67
robot,1790444341.51,0.415,-12.879,86.72
robot,1790444342.01,0.423,-12.753,86.75
robot,1790444342.51,0.430,-12.628,86.81
robot,1790444343.01,0.436,-12.504,86.87
robot,1790444343.51,0.443,-12.380,86.90
robot,1790444344.01,0.450,-12.256,86.93
robot,1790444344.51,0.457,-12.123,86.97
robot,1790444345.01,0.464,-11.989,87.10
robot,1790444345.51,0.471,-11.855,87.12
robot,1790444346.01,0.478,-11.719,87.15
robot,1790444346.51,0.484,-11.585,87.20
robot,1790444347.01,0.491,-11.449,87.23
robot,1790444347.51,0.497,-11.314,87.26
robot,1790444348.01,0.504,-11.179,87.34
robot,1790444348.51,0.510,-11.044,87.37
robot,1790444349.01,0.516,-10.911,87.42
robot,1790444349.51,0.522,-10.777,87.50
robot,1790444350.01,0.528,-10.642,87.54
robot,1790444350.51,0.533,-10.506,87.59
robot,1790444351.01,0.539,-10.373,87.65
robot,1790444351.51,0.544,-10.238,87.68
robot,1790444352.01,0.550,-10.101,87.71
robot,1790444352.51,0.555,-9.966,87.80
robot,1790444353.01,0.560,-9.832,87.83
robot,1790444353.51,0.565,-9.697,87.92
robot,1790444354.01,0.570,-9.565,87.98
robot,1790444354.51,0.575,-9.428,87.98
robot,1790444355.01,0.580,-9.293,88.02
robot,1790444355.51,0.584,-9.157,88.09
robot,1790444356.01,0.589,-9.023,88.14
robot,1790444356.51,0.593,-8.889,88.22
robot,1790444357.01,0.597,-8.751,88.29
robot,1790444357.51,0.601,-8.620,88.31
robot,1790444358.01,0.605,-8.485,88.35
robot,1790444358.51,0.609,-8.348,88.43
robot,1790444359.01,0.612,-8.213,88.44
robot,1790444359.51,0.616,-8.079,88.53
robot,1790444360.01,0.620,-7.944,88.57
robot,1790444360.51,0.623,-7.808,88.61
robot,1790444361.01,0.626,-7.673,88.64
robot,1790444361.51,0.629,-7.537,88.69
robot,1790444362.01,0.632,-7.404,88.72
robot,1790444362.51,0.635,-7.269,88.81
robot,1790444363.01,0.638,-7.132,88.86
robot,1790444363.51,0.641,-6.997,88.87
robot,1790444364.01,0.643,-6.862,88.95
robot,1790444364.51,0.646,-6.727,89.02
robot,1790444365.01,0.648,-6.592,89.06
robot,1790444365.51,0.650,-6.458,89.13
robot,1790444366.01,0.652,-6.323,89.14
robot,1790444366.51,0.654,-6.187,89.19
robot,1790444367.01,0.656,-6.051,89.24
robot,1790444367.51,0.658,-5.917,89.31
robot,1790444368.01,0.659,-5.781,89.38
robot,1790444368.51,0.661,-5.647,89.45
robot,1790444369.01,0.662,-5.511,89.46
robot,1790444369.51,0.663,-5.380,89.49
robot,1790444370.01,0.664,-5.250,89.56
robot,1790444370.51,0.665,-5.122,89.61
robot,1790444371.01,0.666,-4.993,89.63
robot,1790444371.51,0.667,-4.863,89.66
robot,1790444372.01,0.667,-4.739,89.76
robot,1790444372.51,0.668,-4.614,89.81
robot,1790444373.01,0.668,-4.489,89.84
robot,1790444373.51,0.668,-4.364,89.94
robot,1790444374.01,0.668,-4.245,89.95
robot,1790444374.51,0.669,-4.121,90.00
robot,1790444375.01,0.668,-3.996,90.05
robot,1790444375.51,0.668,-3.871,90.12
robot,1790444376.01,0.668,-3.746,90.15
robot,1790444376.51,0.668,-3.623,90.20
robot,1790444377.01,0.667,-3.501,90.25
robot,1790444377.51,0.667,-3.379,90.26
robot,1790444378.01,0.666,-3.258,90.30
robot,1790444378.51,0.665,-3.140,90.34
robot,1790444379.01,0.665,-3.019,90.36
robot,1790444379.51,0.664,-2.900,90.42
robot,1790444380.01,0.663,-2.780,90.44
robot,1790444380.51,0.662,-2.661,90.54
robot,1790444381.01,0.661,-2.539,90.59
robot,1790444381.51,0.659,-2.416,90.63
robot,1790444382.01,0.658,-2.287,90.70
robot,1790444382.51,0.656,-2.157,90.73
robot,1790444383.01,0.654,-2.031,90.85
robot,1790444383.51,0.653,-1.898,90.84
robot,1790444384.01,0.651,-1.769,90.89
robot,1790444384.51,0.649,-1.639,90.95
robot,1790444385.01,0.646,-1.507,91.01
robot,1790444385.51,0.644,-1.377,91.03
robot,1790444386.01,0.642,-1.248,91.05
robot,1790444386.51,0.639,-1.118,91.12
robot,1790444387.01,0.637,-0.988,91.18
robot,1790444387.51,0.634,-0.860,91.22
robot,1790444388.01,0.631,-0.738,91.27
robot,1790444388.51,0.628,-0.615,91.34
robot,1790444389.01,0.626,-0.496,91.37
robot,1790444389.51,0.623,-0.383,91.43
robot,1790444390.01,0.620,-0.276,91.44
robot,1790444390.51,0.618,-0.197,91.46
robot,1790444391.01,0.618,-0.194,90.96
robot,1790444391.51,0.618,-0.194,82.68
robot,1790444392.01,0.618,-0.194,74.47
robot,1790444392.51,0.618,-0.195,66.10
robot,1790444393.01,0.618,-0.194,58.03
robot,1790444393.51,0.618,-0.194,49.99
robot,1790444394.01,0.618,-0.194,42.74
robot,1790444394.51,0.618,-0.194,35.54
robot,1790444395.01,0.617,-0.195,28.46
robot,1790444395.51,0.617,-0.195,23.55
robot,1790444396.01,0.639,-0.185,23.89
robot,1790444396.51,0.724,-0.147,23.91
robot,1790444397.01,0.825,-0.103,23.90
robot,1790444397.51,0.915,-0.063,23.73
robot,1790444398.01,0.956,-0.046,20.10
robot,1790444398.51,0.975,-0.040,13.49
robot,1790444399.01,0.993,-0.036,7.12
robot,1790444399.51,1.008,-0.035,0.58
robot,1790444400.01,1.009,-0.035,-1.25
robot,1790444400.51,1.009,-0.035,-1.21
robot,1790444401.01,1.009,-0.035,-1.20
robot,1790444401.51,1.008,-0.035,-0.79
robot,1790444402.01,0.997,-0.035,2.59
robot,1790444402.51,0.984,-0.036,2.57
robot,1790444403.01,0.907,-0.039,2.57
robot,1790444403.51,0.821,-0.043,2.66
robot,1790444404.01,0.737,-0.047,2.69
robot,1790444404.51,0.652,-0.051,2.69
robot,1790444405.01,0.568,-0.055,2.67
robot,1790444405.51,0.483,-0.059,2.65
robot,1790444406.01,0.398,-0.063,2.67
robot,1790444406.51,0.313,-0.067,2.64
robot,1790444407.01,0.228,-0.071,2.63
robot,1790444407.51,0.146,-0.075,2.62
robot,1790444408.01,0.136,-0.075,2.66
robot,1790444409.21,0.095,-0.077,2.71
robot,1790444409.51,0.095,-0.077,2.69
robot,1790444410.01,0.095,-0.077,2.67
robot,1790444410.51,0.095,-0.077,2.68
robot,1790444411.01,0.095,-0.077,2.67
robot,1790444411.51,0.095,-0.077,2.67
robot,1790444412.01,0.095,-0.077,2.66
robot,1790444412.51,0.095,-0.077,2.67
robot,1790444413.01,0.095,-0.077,2.66
robot,1790444413.51,0.095,-0.077,2.66
robot,1790444414.01,0.095,-0.077,2.66
robot,1790444414.51,0.095,-0.077,2.68
robot,1790444415.01,0.095,-0.077,2.67
robot,1790444415.51,0.095,-0.077,2.66
robot,1790444416.01,0.095,-0.077,2.66
robot,1790444416.51,0.095,-0.077,2.65
robot,1790444417.01,0.095,-0.077,2.66
robot,1790444417.51,0.095,-0.077,2.66
robot,1790444418.01,0.095,-0.077,2.66
robot,1790444418.51,0.095,-0.077,2.66
robot,1790444419.01,0.095,-0.077,2.65
robot,1790444419.51,0.095,-0.077,2.65
robot,1790444420.01,0.095,-0.077,2.65
robot,1790444420.51,0.095,-0.077,2.64
robot,1790444421.01,0.095,-0.077,2.64
robot,1790444421.51,0.095,-0.077,2.65
robot,1790444422.01,0.095,-0.077,2.64
robot,1790444422.51,0.095,-0.077,2.65
robot,1790444423.01,0.095,-0.077,2.64
robot,1790444423.51,0.095,-0.077,2.63
robot,1790444424.01,0.095,-0.077,2.63
robot,1790444424.51,0.095,-0.077,2.62
robot,1790444425.01,0.095,-0.077,2.62
robot,1790444425.51,0.095,-0.077,2.61
robot,1790444426.01,0.095,-0.077,2.61
robot,1790444426.51,0.095,-0.077,2.61
robot,1790444427.01,0.095,-0.077,2.62
robot,1790444427.51,0.095,-0.077,2.62
robot,1790444428.01,0.095,-0.077,2.62
robot,1790444428.51,0.095,-0.077,2.63
robot,1790444429.01,0.095,-0.077,2.63
robot,1790444429.51,0.095,-0.077,2.62
robot,1790444430.01,0.095,-0.077,2.61
robot,1790444430.51,0.095,-0.077,2.60
robot,1790444431.01,0.095,-0.077,2.61
robot,1790444431.51,0.095,-0.077,2.62
robot,1790444432.01,0.095,-0.077,2.59
robot,1790444432.51,0.095,-0.077,2.59
robot,1790444433.01,0.095,-0.077,2.58
robot,1790444433.51,0.095,-0.077,2.58
robot,1790444434.01,0.095,-0.077,2.59
robot,1790444434.51,0.095,-0.077,2.58
robot,1790444435.01,0.095,-0.077,2.59
robot,1790444435.51,0.095,-0.077,2.57
robot,1790444436.01,0.095,-0.077,2.57
robot,1790444436.51,0.095,-0.077,2.58
robot,1790444437.01,0.095,-0.077,2.58
robot,1790444437.51,0.095,-0.077,2.59
robot,1790444438.01,0.095,-0.077,2.61
robot,1790444438.51,0.095,-0.077,2.60
robot,1790444439.01,0.095,-0.077,2.59
robot,1790444439.51,0.095,-0.077,2.60
robot,1790444440.01,0.095,-0.077,2.60
robot,1790444440.51,0.095,-0.077,2.61
robot,1790444441.01,0.095,-0.077,2.64
robot,1790444441.51,0.095,-0.077,2.64
robot,1790444442.01,0.095,-0.077,2.64
robot,1790444442.51,0.095,-0.077,2.63
robot,1790444443.01,0.095,-0.077,2.62
robot,1790444443.51,0.095,-0.077,2.61
robot,1790444444.01,0.095,-0.077,2.60
robot,1790444444.51,0.095,-0.077,2.61
robot,1790444445.01,0.095,-0.077,2.62
robot,1790444445.51,0.095,-0.077,2.64
robot,1790444446.01,0.095,-0.077,2.63
robot,1790444446.51,0.095,-0.077,2.65
robot,1790444447.01,0.095,-0.077,2.64
robot,1790444447.51,0.095,-0.077,2.63
robot,1790444448.01,0.095,-0.077,2.64
robot,1790444448.51,0.095,-0.077,2.62
robot,1790444449.01,0.095,-0.077,2.63
robot,1790444449.51,0.095,-0.077,2.63
robot,1790444450.01,0.095,-0.077,2.61
robot,1790444450.51,0.095,-0.077,2.61
robot,1790444451.01,0.095,-0.077,2.61
robot,1790444451.51,0.095,-0.077,2.62
robot,1790444452.01,0.095,-0.077,2.64
robot,1790444452.51,0.095,-0.077,2.63
robot,1790444453.01,0.095,-0.077,2.65
robot,1790444453.51,0.095,-0.077,2.65
robot,1790444454.01,0.095,-0.077,2.64
robot,1790444454.51,0.095,-0.077,2.65
robot,1790444455.01,0.095,-0.077,2.64
robot,1790444455.51,0.095,-0.077,2.67
robot,1790444456.01,0.095,-0.077,2.66
robot,1790444456.51,0.095,-0.077,2.67
robot,1790444457.01,0.095,-0.077,2.68
robot,1790444457.51,0.095,-0.077,2.68
robot,1790444458.01,0.095,-0.077,2.69
robot,1790444458.51,0.095,-0.077,2.68
robot,1790444459.01,0.095,-0.077,2.69
robot,1790444459.51,0.095,-0.077,2.68
robot,1790444460.01,0.095,-0.077,2.69
robot,1790444460.51,0.095,-0.077,2.67
robot,1790444461.01,0.095,-0.077,2.68
robot,1790444461.51,0.095,-0.077,2.67
robot,1790444462.01,0.095,-0.077,2.65
robot,1790444462.51,0.095,-0.077,2.66
robot,1790444463.01,0.095,-0.077,2.65
robot,1790444463.51,0.095,-0.077,2.65
robot,1790444464.01,0.095,-0.077,2.66
robot,1790444464.51,0.095,-0.077,2.65
robot,1790444465.01,0.095,-0.077,2.64
robot,1790444465.51,0.095,-0.077,2.65
robot,1790444466.01,0.095,-0.077,2.67
robot,1790444466.51,0.095,-0.077,2.67
robot,1790444467.01,0.095,-0.077,2.67
robot,1790444467.51,0.095,-0.077,2.67
robot,1790444468.01,0.095,-0.077,2.68
robot,1790444468.51,0.095,-0.077,2.67
robot,1790444469.01,0.095,-0.077,2.67
robot,1790444469.51,0.095,-0.077,2.67
robot,1790444470.01,0.095,-0.077,2.68
robot,1790444470.51,0.095,-0.077,2.67
robot,1790444471.01,0.095,-0.077,2.67
robot,1790444471.51,0.095,-0.077,2.67
robot,1790444472.01,0.095,-0.077,2.67
robot,1790444472.51,0.095,-0.077,2.66
camera,1790443661.04,0.000,0.000,0.00
camera,1790443661.50,0.001,0.000,-0.04
camera,1790443662.07,0.003,0.000,0.01
camera,1790443662.64,0.003,0.000,-0.00
camera,1790443663.00,-0.003,0.000,-0.02
camera,1790443663.50,0.001,0.000,-0.02
camera,1790443664.04,0.004,0.000,0.04
camera,1790443664.57,-0.000,0.000,0.02
camera,1790443665.04,0.003,0.000,-0.00
camera,1790443665.50,0.003,0.000,-0.01
camera,1790443666.04,-0.002,0.000,-0.01
camera,1790443666.57,0.002,-0.000,-0.02
camera,1790443667.04,-0.003,-0.000,0.01
camera,1790443667.54,-0.001,-0.000,-0.02
camera,1790443668.04,0.002,-0.000,-0.05
camera,1790443668.54,0.002,-0.000,-0.02
camera,1790443669.04,0.001,0.000,-0.02
camera,1790443669.54,0.003,0.000,-0.02
camera,1790443670.00,0.003,-0.000,0.01
camera,1790443670.54,0.003,-0.000,0.01
camera,1790443671.07,0.004,-0.000,-0.01
camera,1790443671.57,0.006,-0.000,-0.00
camera,1790443672.00,0.001,-0.000,0.00
camera,1790443672.57,0.004,-0.000,-0.01
camera,1790443673.04,0.001,-0.000,-0.01
camera,1790443673.50,-0.000,-0.000,0.01
camera,1790443674.04,0.003,0.000,0.02
camera,1790443674.50,0.003,0.000,-0.01
camera,1790443675.04,0.003,0.000,-0.02
camera,1790443675.50,0.001,0.000,0.02
camera,1790443676.04,0.003,0.000,-0.01
camera,1790443676.50,0.004,0.000,-0.00
camera,1790443677.04,0.003,0.000,-0.04
camera,1790443677.50,0.001,0.000,-0.04
camera,1790443678.00,0.003,0.000,0.02
camera,1790443678.54,0.003,0.000,-0.01
camera,1790443681.97,0.001,0.000,0.00
camera,1790443682.17,0.003,0.000,-0.01
camera,1790443682.57,0.003,0.000,-0.02
camera,1790443683.10,0.002,0.000,-0.03
camera,1790443683.50,-0.002,0.000,-0.00
camera,1790443684.10,0.004,0.000,-0.00
camera,1790443684.54,0.002,0.000,0.02
camera,1790443685.07,0.001,0.000,-0.04
camera,1790443685.60,0.002,0.000,-0.02
camera,1790443686.00,0.002,0.000,0.00
camera,1790443686.60,0.004,0.000,-0.00
camera,1790443687.00,0.001,0.000,-0.04
camera,1790443687.54,0.005,0.000,-0.01
camera,1790443688.07,0.003,0.000,-0.03
camera,1790443688.60,-0.001,0.000,-0.02
camera,1790443689.07,0.002,0.000,-0.00
camera,1790443689.60,0.000,0.000,-0.00
camera,1790443690.00,0.002,0.000,-0.01
camera,1790443690.54,0.005,0.000,-0.01
camera,1790443691.10,0.004,0.000,0.00
camera,1790443691.60,-0.001,0.000,-0.01
camera,1790443692.04,0.004,0.000,-0.02
camera,1790443692.57,0.002,0.000,-0.01
camera,1790443696.20,0.002,0.000,-0.03
camera,1790443696.54,0.001,0.000,0.00
camera,1790443697.07,0.002,0.000,-0.01
camera,1790443697.60,0.003,0.000,-0.02
camera,1790443698.00,0.000,0.000,0.03
camera,1790443698.54,-0.001,0.000,-0.02
camera,1790443699.07,0.000,0.000,-0.02
camera,1790443699.60,0.000,0.000,-0.04
camera,1790443700.00,-0.002,0.000,-0.01
camera,1790443700.54,0.001,0.000,-0.01
camera,1790443701.07,-0.001,0.000,0.00
camera,1790443701.60,0.001,0.000,-0.03
camera,1790443702.00,0.005,0.000,-0.03
camera,1790443702.54,0.003,0.000,-0.03
camera,1790443703.07,0.001,0.000,0.02
camera,1790443703.64,0.006,0.000,-0.01
camera,1790443704.04,0.002,0.000,0.02
camera,1790443704.57,0.004,0.000,-0.00
camera,1790443705.10,0.003,0.000,-0.00
camera,1790443705.50,0.002,0.000,-0.01
camera,1790443706.04,0.005,0.000,0.01
camera,1790443706.57,0.007,0.000,-0.01
camera,1790443707.00,0.004,0.000,-0.00
camera,1790443707.50,0.003,0.000,0.03
camera,1790443708.04,0.008,0.000,-0.02
camera,1790443708.57,0.002,0.000,-0.02
camera,1790443709.00,-0.001,0.000,-0.02
camera,1790443709.54,0.000,0.000,-0.04
camera,1790443710.07,0.000,0.000,-0.02
camera,1790443710.60,0.005,0.000,-0.00
camera,1790443711.00,0.002,0.000,-0.01
camera,1790443711.54,0.002,0.000,-0.02
camera,1790443712.07,-0.002,0.000,-0.01
camera,1790443712.60,0.003,0.000,-0.02
camera,1790443713.04,0.001,0.000,0.01
camera,1790443713.54,0.003,0.000,-0.02
camera,1790443714.07,0.003,0.000,-0.05
camera,1790443714.60,0.004,0.000,-0.04
camera,1790443715.04,0.002,0.000,-0.03
camera,1790443715.57,0.003,0.000,0.01
camera,1790443716.10,0.002,0.000,-0.03
camera,1790443716.50,0.004,0.000,-0.01
camera,1790443717.04,0.001,0.000,-0.02
camera,1790443717.57,0.002,0.000,-0.01
camera,1790443718.10,0.001,0.000,0.02
camera,1790443718.50,0.000,0.000,-0.00
camera,1790443719.07,0.001,0.000,0.00
camera,1790443719.57,0.005,0.000,-0.04
camera,1790443720.14,0.001,0.000,0.00
camera,1790443720.54,0.002,0.000,-0.05
camera,1790443721.07,0.003,0.000,-0.04
camera,1790443721.60,0.002,0.000,0.01
camera,1790443722.00,0.002,0.000,0.00
camera,1790443722.54,0.001,0.000,-0.01
camera,1790443723.10,0.002,0.000,-0.03
camera,1790443723.60,0.012,0.000,0.04
camera,1790443724.00,0.058,-0.000,-0.06
camera,1790443724.57,0.138,-0.000,-0.02
camera,1790443725.10,0.223,0.000,0.07
camera,1790443725.50,0.277,0.000,0.07
camera,1790443726.04,0.373,0.000,0.11
camera,1790443726.57,0.458,0.000,0.11
camera,1790443727.10,0.553,0.001,0.19
camera,1790443727.50,0.625,0.001,0.19
camera,1790443728.04,0.715,0.002,0.27
camera,1790443728.57,0.801,0.002,0.28
camera,1790443729.14,0.905,0.003,0.37
camera,1790443729.50,0.976,0.003,0.45
camera,1790443730.07,1.081,0.004,0.44
camera,1790443730.60,1.175,0.005,0.35
camera,1790443731.00,1.262,0.006,0.48
camera,1790443731.60,1.352,0.006,0.54
camera,1790443732.00,1.421,0.007,0.47
camera,1790443732.54,1.520,0.008,0.58
camera,1790443733.00,1.609,0.009,0.59
camera,1790443733.54,1.704,0.010,0.63
camera,1790443734.07,1.804,0.011,0.68
camera,1790443734.50,1.886,0.012,0.70
camera,1790443735.10,1.987,0.013,0.71
camera,1790443735.57,2.062,0.014,0.70
camera,1790443736.04,2.148,0.016,0.75
camera,1790443736.57,2.247,0.017,0.80
camera,1790443737.10,2.334,0.018,0.83
camera,1790443737.50,2.387,0.019,0.92
camera,1790443738.04,2.495,0.021,0.98
camera,1790443738.57,2.594,0.023,1.05
camera,1790443739.10,2.696,0.024,1.04
camera,1790443739.54,2.755,0.026,1.04
camera,1790443740.10,2.855,0.028,1.20
camera,1790443740.54,2.938,0.029,1.17
camera,1790443741.00,3.038,0.032,1.19
camera,1790443741.54,3.110,0.033,1.24
camera,1790443742.07,3.214,0.036,1.29
camera,1790443742.60,3.305,0.038,1.28
camera,1790443743.00,3.380,0.040,1.38
camera,1790443743.54,3.474,0.042,1.40
camera,1790443744.07,3.569,0.044,1.45
camera,1790443744.60,3.659,0.047,1.47
camera,1790443745.00,3.734,0.049,1.55
camera,1790443745.57,3.840,0.052,1.53
camera,1790443746.04,3.927,0.054,1.60
camera,1790443746.50,4.017,0.057,1.62
camera,1790443747.04,4.103,0.059,1.62
camera,1790443747.50,4.191,0.061,1.65
camera,1790443748.04,4.286,0.064,1.63
camera,1790443748.50,4.375,0.067,1.79
camera,1790443749.04,4.466,0.070,1.80
camera,1790443749.50,4.548,0.073,1.83
camera,1790443750.04,4.643,0.076,1.88
camera,1790443750.50,4.731,0.079,1.89
camera,1790443751.07,4.835,0.082,1.94
camera,1790443751.54,4.922,0.085,2.01
camera,1790443752.00,5.004,0.088,2.01
camera,1790443752.54,5.112,0.092,1.91
camera,1790443753.00,5.186,0.095,2.05
camera,1790443753.54,5.285,0.098,2.15
camera,1790443754.00,5.371,0.102,2.24
camera,1790443754.54,5.468,0.106,2.27
camera,1790443755.00,5.554,0.109,2.27
camera,1790443755.54,5.652,0.113,2.33
camera,1790443756.00,5.737,0.117,2.43
camera,1790443756.57,5.840,0.121,2.39
camera,1790443757.04,5.916,0.123,2.53
camera,1790443757.50,6.000,0.127,2.56
camera,1790443758.84,6.242,0.138,2.61
camera,1790443759.04,6.273,0.139,2.63
camera,1790443759.50,6.356,0.143,2.64
camera,1790443760.04,6.449,0.148,2.77
camera,1790443760.50,6.537,0.152,2.65
camera,1790443761.04,6.627,0.157,2.82
camera,1790443761.50,6.716,0.161,2.78
camera,1790443762.04,6.806,0.165,2.81
camera,1790443762.54,6.900,0.170,2.87
camera,1790443763.04,6.998,0.175,2.95
camera,1790443763.54,7.080,0.179,2.89
camera,1790443764.00,7.162,0.183,2.94
camera,1790443764.54,7.259,0.189,3.02
camera,1790443765.00,7.349,0.194,3.13
camera,1790443765.54,7.435,0.200,2.96
camera,1790443766.00,7.520,0.205,2.93
camera,1790443766.60,7.629,0.215,2.81
camera,1790443767.00,7.695,0.219,2.83
camera,1790443767.57,7.793,0.224,2.86
camera,1790443768.04,7.882,0.233,2.93
camera,1790443768.50,7.955,0.236,2.93
camera,1790443769.04,8.054,0.242,2.93
camera,1790443769.50,8.138,0.246,3.01
camera,1790443770.04,8.232,0.251,2.99
camera,1790443770.57,8.329,0.256,2.91
camera,1790443771.04,8.410,0.260,3.05
camera,1790443771.50,8.483,0.263,2.73
camera,1790443772.04,8.576,0.268,2.69
camera,1790443772.50,8.656,0.272,2.47
camera,1790443773.07,8.761,0.278,2.80
camera,1790443773.50,8.834,0.281,2.51
camera,1790443774.00,8.930,0.285,2.51
camera,1790443774.54,9.012,0.289,2.04
camera,1790443775.00,9.095,0.293,2.00
camera,1790443775.54,9.191,0.296,2.06
camera,1790443776.00,9.276,0.300,2.49
camera,1790443776.54,9.370,0.304,2.25
camera,1790443777.00,9.456,0.307,2.23
camera,1790443777.54,9.551,0.311,2.13
camera,1790443778.00,9.635,0.315,2.74
camera,1790443778.54,9.732,0.319,2.57
camera,1790443779.04,9.816,0.323,2.58
camera,1790443779.50,9.888,0.326,2.64
camera,1790443780.04,9.976,0.331,2.78
camera,1790443780.50,10.047,0.334,3.01
camera,1790443781.04,10.131,0.338,2.90
camera,1790443781.50,10.203,0.342,2.95
camera,1790443782.04,10.283,0.347,3.10
camera,1790443782.54,10.359,0.351,3.07
camera,1790443783.04,10.428,0.354,2.85
camera,1790443783.50,10.435,0.355,2.96
camera,1790443784.00,10.433,0.355,2.96
camera,1790443784.54,10.433,0.355,3.48
camera,1790443785.00,10.437,0.355,7.21
camera,1790443785.54,10.447,0.358,11.72
camera,1790443786.00,10.454,0.360,15.71
camera,1790443786.54,10.463,0.364,20.31
camera,1790443787.00,10.469,0.367,24.54
camera,1790443787.54,10.478,0.373,30.06
camera,1790443788.04,10.489,0.381,34.92
camera,1790443788.54,10.500,0.390,40.12
camera,1790443789.04,10.509,0.391,45.03
camera,1790443789.50,10.532,0.407,50.92
camera,1790443790.04,10.569,0.420,56.17
camera,1790443800.84,10.859,0.393,180.78
camera,1790443801.04,10.839,0.393,180.80
camera,1790443801.50,10.784,0.392,180.79
camera,1790443802.04,10.756,0.392,180.78
camera,1790443802.50,10.752,0.392,180.80
camera,1790443803.04,10.751,0.392,180.82
camera,1790443803.50,10.757,0.392,180.78
camera,1790443804.04,10.725,0.391,180.87
camera,1790443804.50,10.660,0.390,180.96
camera,1790443805.04,10.593,0.389,180.91
camera,1790443805.50,10.541,0.388,181.05
camera,1790443806.00,10.484,0.387,181.07
camera,1790443806.54,10.408,0.386,181.08
camera,1790443807.00,10.338,0.384,181.13
camera,1790443807.54,10.257,0.382,181.16
camera,1790443808.00,10.184,0.381,181.12
camera,1790443808.54,10.105,0.379,181.14
camera,1790443809.00,10.033,0.378,181.15
camera,1790443809.54,9.947,0.376,181.17
camera,1790443810.00,9.875,0.374,181.26
camera,1790443810.54,9.790,0.372,181.34
camera,1790443811.00,9.713,0.371,181.31
camera,1790443811.57,9.624,0.368,181.36
camera,1790443812.00,9.558,0.367,181.40
camera,1790443812.50,9.485,0.365,181.38
camera,1790443813.04,9.402,0.363,181.45
camera,1790443813.50,9.342,0.361,181.50
camera,1790443814.04,9.258,0.359,181.53
camera,1790443814.50,9.183,0.357,181.58
camera,1790443815.04,9.106,0.355,181.59
camera,1790443815.50,9.021,0.353,181.60
camera,1790443816.04,8.937,0.350,181.69
camera,1790443816.50,8.859,0.348,181.72
camera,1790443817.07,8.766,0.345,181.76
camera,1790443817.54,8.677,0.342,181.85
camera,1790443818.00,8.601,0.340,181.88
camera,1790443818.54,8.512,0.337,181.86
camera,1790443819.00,8.428,0.334,181.97
camera,1790443819.54,8.344,0.331,181.98
camera,1790443820.00,8.257,0.328,181.99
camera,1790443820.54,8.152,0.324,182.11
camera,1790443821.00,8.078,0.321,182.13
camera,1790443821.54,7.981,0.318,182.08
camera,1790443822.00,7.895,0.314,182.11
camera,1790443822.50,7.809,0.311,182.22
camera,1790443823.04,7.730,0.308,182.26
camera,1790443823.50,7.651,0.305,182.29
camera,1790443824.04,7.564,0.302,182.27
camera,1790443824.50,7.490,0.299,182.39
camera,1790443825.04,7.403,0.295,182.39
camera,1790443825.50,7.322,0.292,182.44
camera,1790443826.04,7.238,0.290,182.44
camera,1790443826.50,7.167,0.287,182.52
camera,1790443827.00,7.076,0.283,182.49
camera,1790443827.50,6.990,0.279,182.56
camera,1790443828.00,6.908,0.275,182.59
camera,1790443828.54,6.819,0.271,182.67
camera,1790443829.00,6.754,0.268,182.68
camera,1790443829.54,6.671,0.264,182.73
camera,1790443830.00,6.590,0.261,182.81
camera,1790443830.54,6.509,0.257,182.85
camera,1790443831.00,6.421,0.252,182.88
camera,1790443831.54,6.339,0.248,182.90
camera,1790443832.00,6.251,0.244,182.96
camera,1790443832.54,6.159,0.239,182.99
camera,1790443833.04,6.080,0.235,182.99
camera,1790443833.50,6.009,0.231,183.05
camera,1790443834.04,5.915,0.226,183.04
camera,1790443834.50,5.842,0.222,183.15
camera,1790443835.04,5.751,0.217,183.19
camera,1790443835.50,5.669,0.212,183.14
camera,1790443838.47,5.141,0.182,183.43
camera,1790443838.64,5.122,0.181,183.44
camera,1790443839.04,5.052,0.176,183.50
camera,1790443839.50,4.970,0.171,183.53
camera,1790443840.04,4.879,0.165,183.59
camera,1790443840.50,4.808,0.161,183.68
camera,1790443841.04,4.713,0.155,183.68
camera,1790443841.57,4.620,0.149,183.70
camera,1790443842.04,4.538,0.143,183.75
camera,1790443842.50,4.452,0.138,183.74
camera,1790443843.04,4.358,0.131,183.80
camera,1790443843.50,4.276,0.126,183.82
camera,1790443844.04,4.181,0.119,183.88
camera,1790443844.50,4.098,0.114,183.87
camera,1790443845.04,4.006,0.107,183.90
camera,1790443845.50,3.930,0.102,183.90
camera,1790443846.04,3.836,0.096,183.98
camera,1790443846.50,3.749,0.089,184.03
camera,1790443847.04,3.655,0.083,184.04
camera,1790443847.50,3.574,0.077,184.09
camera,1790443848.00,3.488,0.071,184.07
camera,1790443848.50,3.411,0.066,184.09
camera,1790443849.00,3.310,0.058,184.12
camera,1790443849.54,3.219,0.052,184.17
camera,1790443850.00,3.135,0.046,184.13
camera,1790443850.54,3.038,0.038,184.17
camera,1790443851.00,2.960,0.033,184.26
camera,1790443851.54,2.867,0.026,184.20
camera,1790443852.00,2.784,0.019,184.44
camera,1790443852.54,2.695,0.012,184.27
camera,1790443853.00,2.619,0.007,184.30
camera,1790443853.50,2.530,0.000,184.22
camera,1790443854.04,2.439,-0.007,184.27
camera,1790443854.50,2.358,-0.013,184.20
camera,1790443855.04,2.261,-0.020,184.25
camera,1790443855.50,2.179,-0.026,184.23
camera,1790443856.00,2.094,-0.032,184.26
camera,1790443856.50,2.005,-0.039,184.39
camera,1790443857.00,1.920,-0.046,184.38
camera,1790443857.50,1.837,-0.052,184.29
camera,1790443858.00,1.752,-0.059,184.38
camera,1790443858.50,1.665,-0.065,184.42
camera,1790443859.00,1.580,-0.072,184.48
camera,1790443859.54,1.489,-0.079,184.44
camera,1790443860.00,1.414,-0.085,184.49
camera,1790443860.54,1.312,-0.093,184.52
camera,1790443861.00,1.238,-0.099,184.53
camera,1790443861.54,1.139,-0.107,184.53
camera,1790443862.04,1.050,-0.114,184.58
camera,1790443862.54,0.969,-0.121,184.66
camera,1790443863.04,0.900,-0.126,184.67
camera,1790443863.50,0.832,-0.132,184.77
camera,1790443864.04,0.794,-0.135,184.79
camera,1790443864.50,0.789,-0.136,184.78
camera,1790443865.04,0.787,-0.136,184.96
camera,1790443865.50,0.785,-0.136,188.54
camera,1790443866.04,0.783,-0.137,193.58
camera,1790443866.50,0.777,-0.139,198.07
camera,1790443867.07,0.767,-0.144,203.58
camera,1790443867.50,0.760,-0.148,209.26
camera,1790443868.07,0.754,-0.153,216.81
camera,1790443868.50,0.743,-0.164,222.34
camera,1790443869.00,0.742,-0.164,228.37
camera,1790443869.54,0.727,-0.190,235.93
camera,1790443870.00,0.720,-0.206,242.91
camera,1790443870.54,0.711,-0.236,250.85
camera,1790443871.00,0.708,-0.258,257.88
camera,1790443871.54,0.707,-0.293,265.90
camera,1790443872.00,0.709,-0.302,269.97
camera,1790443872.54,0.709,-0.311,269.88
camera,1790443873.00,0.709,-0.314,269.92
camera,1790443873.54,0.709,-0.314,269.94
camera,1790443874.04,0.709,-0.300,269.98
camera,1790443874.50,0.709,-0.340,270.05
camera,1790443875.04,0.709,-0.396,270.08
camera,1790443875.50,0.709,-0.443,270.15
camera,1790443881.47,0.712,-1.354,270.72
camera,1790443881.60,0.714,-1.429,270.92
camera,1790443882.04,0.715,-1.501,270.89
camera,1790443882.50,0.716,-1.572,270.98
camera,1790443883.04,0.718,-1.669,270.96
camera,1790443883.50,0.719,-1.757,271.06
camera,1790443884.04,0.721,-1.848,271.13
camera,1790443884.50,0.723,-1.920,271.19
camera,1790443885.04,0.725,-2.036,271.26
camera,1790443885.50,0.727,-2.118,271.27
camera,1790443886.04,0.729,-2.214,271.24
camera,1790443886.50,0.732,-2.307,271.29
camera,1790443887.04,0.735,-2.431,271.41
camera,1790443887.50,0.737,-2.524,271.36
camera,1790443888.04,0.739,-2.611,271.49
camera,1790443888.50,0.740,-2.683,271.53
camera,1790443889.04,0.743,-2.795,271.49
camera,1790443889.50,0.745,-2.864,271.59
camera,1790443890.04,0.749,-2.970,271.67
camera,1790443890.50,0.750,-3.039,271.66
camera,1790443891.00,0.754,-3.149,271.73
camera,1790443891.54,0.758,-3.263,271.89
camera,1790443892.00,0.761,-3.356,271.88
camera,1790443892.54,0.764,-3.466,271.90
camera,1790443893.00,0.767,-3.545,271.95
camera,1790443893.54,0.771,-3.658,272.07
camera,1790443894.00,0.774,-3.743,272.10
camera,1790443894.54,0.778,-3.848,272.13
camera,1790443895.04,0.782,-3.948,272.18
camera,1790443895.54,0.786,-4.047,272.16
camera,1790443896.04,0.790,-4.141,272.29
camera,1790443896.50,0.793,-4.232,272.31
camera,1790443897.04,0.798,-4.331,272.37
camera,1790443897.50,0.801,-4.409,272.45
camera,1790443898.04,0.806,-4.513,272.56
camera,1790443898.50,0.809,-4.590,272.55
camera,1790443899.04,0.814,-4.684,272.58
camera,1790443899.50,0.817,-4.758,272.73
camera,1790443900.00,0.821,-4.851,272.81
camera,1790443900.50,0.826,-4.939,272.84
camera,1790443901.00,0.830,-5.023,272.96
camera,1790443901.54,0.835,-5.143,273.01
camera,1790443902.00,0.840,-5.224,273.11
camera,1790443902.54,0.845,-5.318,273.12
camera,1790443903.00,0.850,-5.410,273.21
camera,1790443903.60,0.856,-5.526,273.26
camera,1790443904.04,0.861,-5.595,273.26
camera,1790443904.54,0.866,-5.693,273.29
camera,1790443905.04,0.872,-5.788,273.36
camera,1790443905.50,0.877,-5.875,273.40
camera,1790443906.04,0.882,-5.963,273.41
camera,1790443906.50,0.888,-6.058,273.44
camera,1790443907.04,0.894,-6.153,273.52
camera,1790443907.50,0.900,-6.236,273.65
camera,1790443908.07,0.906,-6.335,273.71
camera,1790443908.50,0.911,-6.412,273.81
camera,1790443909.07,0.917,-6.513,273.79
camera,1790443909.50,0.923,-6.592,273.83
camera,1790443910.00,0.929,-6.690,273.94
camera,1790443910.54,0.936,-6.790,273.95
camera,1790443911.00,0.942,-6.873,273.94
camera,1790443911.54,0.949,-6.978,273.98
camera,1790443912.00,0.955,-7.061,274.05
camera,1790443912.54,0.962,-7.162,274.06
camera,1790443913.00,0.968,-7.244,274.05
camera,1790443913.54,0.975,-7.339,274.08
camera,1790443914.00,0.981,-7.423,274.14
camera,1790443914.50,0.987,-7.510,274.19
camera,1790443915.04,0.994,-7.598,274.22
camera,1790443915.50,0.999,-7.671,274.25
camera,1790443916.04,1.005,-7.757,274.19
camera,1790443916.50,1.011,-7.826,274.35
camera,1790443919.40,1.041,-8.309,270.62
camera,1790443919.54,1.041,-8.324,270.72
camera,1790443920.00,1.042,-8.413,270.72
camera,1790443920.54,1.044,-8.512,270.73
camera,1790443921.00,1.045,-8.606,270.62
camera,1790443921.54,1.046,-8.711,270.68
camera,1790443922.00,1.047,-8.800,270.72
camera,1790443922.54,1.049,-8.908,270.77
camera,1790443923.00,1.050,-8.997,270.73
camera,1790443923.54,1.051,-9.106,270.74
camera,1790443924.00,1.053,-9.204,270.86
camera,1790443924.54,1.055,-9.313,270.95
camera,1790443925.00,1.057,-9.403,271.02
camera,1790443925.50,1.059,-9.510,271.01
camera,1790443926.00,1.060,-9.610,271.04
camera,1790443926.50,1.063,-9.713,271.14
camera,1790443927.04,1.065,-9.827,271.09
camera,1790443927.50,1.067,-9.925,271.27
camera,1790443928.04,1.070,-10.037,271.35
camera,1790443928.50,1.072,-10.133,271.40
camera,1790443929.04,1.075,-10.244,271.41
camera,1790443929.50,1.078,-10.346,271.50
camera,1790443930.04,1.080,-10.455,271.54
camera,1790443930.50,1.083,-10.555,271.64
camera,1790443931.04,1.087,-10.671,271.68
camera,1790443931.54,1.090,-10.779,271.69
camera,1790443932.00,1.093,-10.874,271.74
camera,1790443932.54,1.097,-10.991,271.81
camera,1790443933.00,1.100,-11.088,271.85
camera,1790443933.54,1.104,-11.205,271.97
camera,1790443934.00,1.107,-11.300,271.99
camera,1790443934.54,1.112,-11.415,272.04
camera,1790443935.00,1.115,-11.512,272.06
camera,1790443935.54,1.119,-11.622,272.13
camera,1790443936.00,1.124,-11.732,272.27
camera,1790443936.54,1.128,-11.837,272.32
camera,1790443937.00,1.132,-11.936,272.37
camera,1790443937.50,1.137,-12.037,272.44
camera,1790443938.04,1.142,-12.151,272.48
camera,1790443938.50,1.146,-12.251,272.56
camera,1790443939.04,1.152,-12.362,272.60
camera,1790443939.50,1.156,-12.456,272.71
camera,1790443940.04,1.162,-12.567,272.74
camera,1790443940.50,1.167,-12.667,272.76
camera,1790443941.04,1.172,-12.778,272.83
camera,1790443941.50,1.177,-12.871,272.92
camera,1790443942.04,1.183,-12.980,272.88
camera,1790443942.54,1.188,-13.084,273.00
camera,1790443943.00,1.193,-13.176,272.98
camera,1790443943.54,1.198,-13.283,272.97
camera,1790443944.00,1.203,-13.371,272.98
camera,1790443944.54,1.208,-13.469,272.89
camera,1790443945.00,1.213,-13.571,272.93
camera,1790443945.54,1.219,-13.674,272.91
camera,1790443946.00,1.223,-13.752,272.88
camera,1790443946.54,1.225,-13.790,272.88
camera,1790443947.00,1.225,-13.786,272.78
camera,1790443947.50,1.225,-13.789,272.89
camera,1790443948.04,1.225,-13.786,272.90
camera,1790443948.50,1.223,-13.749,272.98
camera,1790443949.04,1.221,-13.703,273.03
camera,1790443949.50,1.219,-13.678,273.01
camera,1790443950.04,1.217,-13.626,272.99
camera,1790443950.50,1.214,-13.577,272.97
camera,1790443951.00,1.211,-13.520,273.07
camera,1790443951.50,1.208,-13.462,273.05
camera,1790443955.34,1.212,-13.576,273.04
camera,1790443955.54,1.210,-13.543,273.07
camera,1790443956.00,1.213,-13.607,273.06
camera,1790443956.54,1.218,-13.693,272.97
camera,1790443957.00,1.222,-13.784,273.02
camera,1790443957.54,1.227,-13.876,273.06
camera,1790443958.00,1.233,-13.968,273.17
camera,1790443958.50,1.238,-14.065,273.32
camera,1790443959.04,1.244,-14.161,273.21
camera,1790443959.50,1.248,-14.231,273.33
camera,1790443960.04,1.253,-14.321,273.45
camera,1790443960.50,1.252,-14.362,273.66
camera,1790443961.04,1.251,-14.290,273.35
camera,1790443961.50,1.260,-14.448,273.40
camera,1790443962.04,1.260,-14.447,271.99
camera,1790443962.50,1.263,-14.486,271.46
camera,1790443963.04,1.265,-14.460,271.45
camera,1790443963.50,1.267,-14.445,270.34
camera,1790443965.04,1.033,-15.067,247.00
camera,1790443966.14,1.017,-15.124,228.83
camera,1790443966.54,1.021,-15.122,224.20
camera,1790443967.00,1.003,-15.135,218.83
camera,1790443967.54,0.998,-15.137,213.19
camera,1790443968.00,0.983,-15.144,208.32
camera,1790443968.54,0.976,-15.147,202.56
camera,1790443969.04,0.962,-15.151,197.27
camera,1790443969.50,0.953,-15.153,192.39
camera,1790443970.04,0.935,-15.155,187.06
camera,1790443970.54,0.920,-15.154,182.06
camera,1790443971.04,0.915,-15.154,178.70
camera,1790443971.50,0.911,-15.154,179.11
camera,1790443972.04,0.918,-15.154,179.09
camera,1790443972.50,0.915,-15.154,179.08
camera,1790443973.04,0.840,-15.153,178.97
camera,1790443973.50,0.751,-15.151,178.94
camera,1790443974.04,0.636,-15.149,178.98
camera,1790443974.54,0.547,-15.148,178.92
camera,1790443975.04,0.548,-15.148,178.99
camera,1790443975.54,0.542,-15.148,178.99
camera,1790443976.07,0.547,-15.148,179.00
camera,1790443976.54,0.544,-15.148,179.01
camera,1790443977.00,0.540,-15.148,178.89
camera,1790443977.54,0.458,-15.146,178.97
camera,1790443978.00,0.387,-15.145,178.93
camera,1790443978.54,0.386,-15.145,178.99
camera,1790443979.00,0.384,-15.145,179.01
camera,1790443979.57,0.358,-15.137,168.96
camera,1790443980.00,0.325,-15.117,156.06
camera,1790443980.50,0.280,-15.073,141.56
camera,1790443981.04,0.252,-15.027,128.07
camera,1790443981.50,0.234,-14.977,116.76
camera,1790443982.04,0.226,-14.919,103.98
camera,1790443982.50,0.229,-14.872,94.37
camera,1790443983.04,0.229,-14.884,92.38
camera,1790443983.50,0.228,-14.878,92.45
camera,1790443984.04,0.228,-14.869,92.43
camera,1790443984.50,0.229,-14.882,92.44
camera,1790443985.00,0.229,-14.888,92.41
camera,1790443985.54,0.228,-14.877,92.42
camera,1790443986.00,0.227,-14.859,92.44
camera,1790443986.54,0.224,-14.776,92.29
camera,1790443987.00,0.220,-14.685,92.34
camera,1790443987.54,0.215,-14.571,92.36
camera,1790443988.00,0.212,-14.483,92.29
camera,1790443988.54,0.207,-14.363,92.30
camera,1790443989.00,0.204,-14.273,92.28
camera,1790443989.54,0.199,-14.154,92.29
camera,1790443990.04,0.194,-14.052,92.41
camera,1790443990.50,0.191,-13.962,92.43
camera,1790443991.04,0.186,-13.847,92.49
camera,1790443991.54,0.182,-13.750,92.48
camera,1790443992.04,0.177,-13.648,92.55
camera,1790443992.50,0.173,-13.549,92.58
camera,1790443993.04,0.168,-13.447,92.62
camera,1790443993.54,0.163,-13.336,92.73
camera,1790443994.04,0.158,-13.225,92.70
camera,1790443994.50,0.152,-13.115,92.78
camera,1790443995.00,0.147,-13.005,92.79
camera,1790443995.50,0.141,-12.887,92.81
camera,1790443996.00,0.136,-12.785,92.86
camera,1790443996.54,0.130,-12.667,92.92
camera,1790443997.00,0.125,-12.566,92.90
camera,1790443997.54,0.120,-12.458,92.97
camera,1790443998.00,0.114,-12.358,92.98
camera,1790443998.54,0.108,-12.235,93.04
camera,1790443999.00,0.103,-12.137,93.07
camera,1790443999.54,0.096,-12.024,93.10
camera,1790444000.00,0.092,-11.935,93.14
camera,1790444000.54,0.085,-11.821,93.21
camera,1790444001.04,0.079,-11.710,93.24
camera,1790444001.54,0.073,-11.600,93.24
camera,1790444002.04,0.067,-11.503,93.30
camera,1790444002.50,0.062,-11.417,93.27
camera,1790444003.04,0.055,-11.298,93.38
camera,1790444003.50,0.049,-11.183,93.33
camera,1790444004.04,0.043,-11.090,93.36
camera,1790444004.50,0.038,-11.002,93.40
camera,1790444005.07,0.030,-10.874,93.48
camera,1790444005.50,0.024,-10.779,93.49
camera,1790444006.07,0.017,-10.661,93.48
camera,1790444006.50,0.011,-10.563,93.56
camera,1790444007.00,0.005,-10.461,93.59
camera,1790444007.54,-0.002,-10.346,93.62
camera,1790444008.00,-0.008,-10.252,93.66
camera,1790444008.54,-0.016,-10.135,93.70
camera,1790444009.00,-0.022,-10.039,93.78
camera,1790444009.54,-0.030,-9.923,93.85
camera,1790444010.00,-0.036,-9.828,93.84
camera,1790444010.54,-0.043,-9.723,93.91
camera,1790444011.00,-0.050,-9.622,93.90
camera,1790444011.54,-0.057,-9.521,94.01
camera,1790444012.04,-0.065,-9.406,93.99
camera,1790444012.50,-0.072,-9.310,94.10
camera,1790444013.04,-0.080,-9.203,94.11
camera,1790444013.50,-0.087,-9.110,94.17
camera,1790444014.04,-0.094,-9.003,94.20
camera,1790444014.50,-0.101,-8.913,94.21
camera,1790444015.04,-0.108,-8.821,94.28
camera,1790444018.90,-0.161,-8.044,91.51
camera,1790444019.04,-0.160,-8.065,91.55
camera,1790444019.54,-0.163,-7.958,91.45
camera,1790444020.00,-0.165,-7.872,91.35
camera,1790444020.54,-0.166,-7.757,91.45
camera,1790444021.00,-0.168,-7.667,91.52
camera,1790444021.54,-0.171,-7.556,91.54
camera,1790444022.00,-0.173,-7.481,91.50
camera,1790444022.54,-0.176,-7.375,91.59
camera,1790444023.00,-0.179,-7.274,91.64
camera,1790444023.54,-0.181,-7.175,91.63
camera,1790444024.00,-0.184,-7.087,91.74
camera,1790444024.54,-0.187,-6.983,91.74
camera,1790444025.00,-0.190,-6.890,91.83
camera,1790444030.94,-0.234,-5.568,92.29
camera,1790444031.07,-0.235,-5.532,92.36
camera,1790444031.54,-0.239,-5.424,92.29
camera,1790444032.00,-0.244,-5.320,92.38
camera,1790444032.54,-0.249,-5.195,92.42
camera,1790444033.00,-0.253,-5.095,92.45
camera,1790444033.54,-0.259,-4.970,92.53
camera,1790444034.00,-0.264,-4.863,92.53
camera,1790444034.54,-0.269,-4.741,92.63
camera,1790444035.00,-0.274,-4.630,92.59
camera,1790444035.54,-0.279,-4.515,92.58
camera,1790444036.00,-0.283,-4.449,92.65
camera,1790444036.54,-0.286,-4.372,92.66
camera,1790444037.04,-0.289,-4.304,92.71
camera,1790444037.50,-0.292,-4.250,92.74
camera,1790444038.04,-0.295,-4.188,92.78
camera,1790444038.50,-0.297,-4.139,92.79
camera,1790444039.04,-0.299,-4.088,92.54
camera,1790444039.50,-0.300,-4.035,91.32
camera,1790444040.04,-0.301,-3.992,91.08
camera,1790444040.50,-0.301,-3.942,91.02
camera,1790444041.04,-0.302,-3.886,91.06
camera,1790444041.50,-0.303,-3.839,90.63
camera,1790444042.04,-0.302,-3.792,89.54
camera,1790444042.57,-0.301,-3.729,89.21
camera,1790444043.10,-0.300,-3.660,89.18
camera,1790444043.50,-0.299,-3.601,89.20
camera,1790444044.00,-0.298,-3.530,89.17
camera,1790444044.54,-0.297,-3.457,89.14
camera,1790444045.00,-0.296,-3.386,89.10
camera,1790444045.54,-0.295,-3.310,89.14
camera,1790444046.07,-0.294,-3.233,89.14
camera,1790444046.54,-0.293,-3.162,89.16
camera,1790444047.00,-0.292,-3.095,89.14
camera,1790444047.54,-0.291,-3.018,89.16
camera,1790444048.10,-0.290,-2.939,89.22
camera,1790444048.50,-0.289,-2.880,89.16
camera,1790444049.04,-0.288,-2.803,89.23
camera,1790444049.50,-0.287,-2.735,89.25
camera,1790444050.04,-0.286,-2.653,89.25
camera,1790444050.50,-0.285,-2.584,89.26
camera,1790444051.04,-0.284,-2.492,89.26
camera,1790444051.50,-0.283,-2.419,89.26
camera,1790444052.04,-0.281,-2.321,89.26
camera,1790444052.50,-0.280,-2.244,89.31
camera,1790444053.00,-0.280,-2.160,89.38
camera,1790444053.54,-0.279,-2.069,89.37
camera,1790444054.00,-0.278,-1.990,89.38
camera,1790444054.54,-0.277,-1.900,89.43
camera,1790444055.00,-0.276,-1.818,89.45
camera,1790444055.54,-0.275,-1.728,89.43
camera,1790444056.00,-0.275,-1.652,89.52
camera,1790444056.54,-0.274,-1.562,89.53
camera,1790444057.00,-0.273,-1.483,89.55
camera,1790444057.50,-0.273,-1.395,89.53
camera,1790444058.00,-0.272,-1.310,89.61
camera,1790444058.50,-0.272,-1.224,89.65
camera,1790444059.04,-0.271,-1.133,89.66
camera,1790444059.50,-0.271,-1.052,89.67
camera,1790444060.04,-0.270,-0.960,89.68
camera,1790444060.50,-0.270,-0.888,89.71
camera,1790444061.04,-0.270,-0.875,89.72
camera,1790444061.50,-0.270,-0.875,89.72
camera,1790444062.04,-0.270,-0.874,88.88
camera,1790444062.54,-0.268,-0.862,82.72
camera,1790444063.04,-0.263,-0.846,76.61
camera,1790444063.54,-0.256,-0.829,70.57
camera,1790444064.00,-0.250,-0.816,65.68
camera,1790444064.54,-0.241,-0.801,61.54
camera,1790444065.00,-0.236,-0.794,57.93
camera,1790444065.54,-0.228,-0.783,53.85
camera,1790444066.04,-0.221,-0.775,50.33
camera,1790444066.54,-0.212,-0.767,47.24
camera,1790444067.00,-0.208,-0.763,44.75
camera,1790444067.54,-0.201,-0.757,41.73
camera,1790444068.00,-0.196,-0.753,41.14
camera,1790444068.57,-0.180,-0.739,40.86
camera,1790444069.04,-0.152,-0.716,39.86
camera,1790444069.50,-0.123,-0.693,38.50
camera,1790444070.04,-0.092,-0.671,36.78
camera,1790444070.50,-0.082,-0.664,35.21
camera,1790444071.04,-0.067,-0.655,33.29
camera,1790444071.50,-0.049,-0.643,33.24
camera,1790444072.04,0.009,-0.606,33.12
camera,1790444072.54,0.053,-0.577,33.08
camera,1790444073.00,0.101,-0.546,33.04
camera,1790444073.54,0.144,-0.518,33.04
camera,1790444074.00,0.189,-0.489,33.03
camera,1790444074.54,0.229,-0.463,33.00
camera,1790444075.00,0.281,-0.430,32.70
camera,1790444075.54,0.337,-0.396,31.61
camera,1790444076.00,0.388,-0.367,30.56
camera,1790444076.50,0.432,-0.342,29.46
camera,1790444077.04,0.485,-0.314,28.20
camera,1790444077.50,0.534,-0.290,26.84
camera,1790444078.04,0.588,-0.266,24.75
camera,1790444078.50,0.640,-0.245,23.04
camera,1790444079.04,0.703,-0.221,21.04
camera,1790444079.50,0.751,-0.205,19.38
camera,1790444080.04,0.809,-0.188,17.43
camera,1790444080.50,0.861,-0.174,15.75
camera,1790444081.04,0.924,-0.160,13.67
camera,1790444081.50,0.969,-0.151,11.97
camera,1790444082.04,1.033,-0.142,8.78
camera,1790444082.50,1.094,-0.139,4.93
camera,1790444083.00,1.146,-0.138,3.08
camera,1790444083.50,1.216,-0.134,2.87
camera,1790444084.00,1.278,-0.135,0.03
camera,1790444089.57,2.145,-0.145,2.29
camera,1790444090.04,2.114,-0.146,2.11
camera,1790444090.50,2.181,-0.143,2.23
camera,1790444091.04,2.275,-0.139,2.25
camera,1790444091.50,2.335,-0.136,2.28
camera,1790444092.00,2.417,-0.133,2.45
camera,1790444092.50,2.511,-0.128,2.58
camera,1790444093.00,2.582,-0.125,2.60
camera,1790444093.54,2.672,-0.121,2.49
camera,1790444094.00,2.714,-0.119,2.62
camera,1790444094.54,2.794,-0.115,2.64
camera,1790444095.00,2.844,-0.113,2.68
camera,1790444095.54,2.931,-0.108,2.74
camera,1790444096.00,3.002,-0.105,2.78
camera,1790444096.54,3.081,-0.100,2.87
camera,1790444097.00,3.148,-0.097,2.90
camera,1790444097.54,3.225,-0.093,2.88
camera,1790444098.00,3.293,-0.089,2.95
camera,1790444098.54,3.367,-0.085,2.94
camera,1790444099.04,3.439,-0.082,2.97
camera,1790444099.50,3.504,-0.078,3.00
camera,1790444100.04,3.589,-0.074,2.95
camera,1790444100.50,3.656,-0.070,2.98
camera,1790444101.04,3.734,-0.066,3.03
camera,1790444101.50,3.803,-0.063,3.03
camera,1790444102.04,3.876,-0.059,3.03
camera,1790444102.50,3.939,-0.055,3.04
camera,1790444103.04,4.017,-0.051,3.07
camera,1790444103.50,4.080,-0.048,3.06
camera,1790444104.00,4.152,-0.044,3.12
camera,1790444104.54,4.225,-0.039,3.19
camera,1790444105.07,4.302,-0.035,3.17
camera,1790444105.54,4.367,-0.031,3.22
camera,1790444106.00,4.434,-0.028,3.21
camera,1790444106.54,4.512,-0.023,3.21
camera,1790444107.00,4.579,-0.019,3.18
camera,1790444107.54,4.654,-0.015,3.20
camera,1790444108.00,4.723,-0.011,3.20
camera,1790444108.60,4.806,-0.007,3.31
camera,1790444109.00,4.863,-0.003,3.33
camera,1790444109.57,4.942,0.001,3.35
camera,1790444110.04,5.002,0.005,3.38
camera,1790444110.50,5.073,0.009,3.37
camera,1790444111.10,5.156,0.014,3.52
camera,1790444111.50,5.211,0.018,3.52
camera,1790444112.04,5.292,0.023,3.58
camera,1790444112.50,5.352,0.026,3.62
camera,1790444113.04,5.423,0.031,3.61
camera,1790444113.50,5.483,0.035,3.62
camera,1790444114.00,5.561,0.040,3.65
camera,1790444114.54,5.642,0.045,3.62
camera,1790444115.00,5.710,0.049,3.71
camera,1790444115.54,5.782,0.054,3.71
camera,1790444116.00,5.865,0.059,3.68
camera,1790444116.54,5.933,0.063,3.77
camera,1790444117.00,6.010,0.069,3.82
camera,1790444117.54,6.075,0.073,3.85
camera,1790444118.00,6.140,0.077,3.80
camera,1790444118.54,6.215,0.082,3.83
camera,1790444119.00,6.282,0.087,3.81
camera,1790444119.50,6.352,0.092,3.89
camera,1790444120.04,6.425,0.097,3.85
camera,1790444120.50,6.480,0.100,3.85
camera,1790444121.04,6.561,0.107,3.86
camera,1790444121.50,6.635,0.112,3.99
camera,1790444122.04,6.716,0.118,3.95
camera,1790444122.57,6.796,0.123,4.04
camera,1790444123.04,6.857,0.127,4.03
camera,1790444123.54,6.922,0.132,4.07
camera,1790444124.00,6.984,0.137,4.12
camera,1790444124.54,7.078,0.143,4.09
camera,1790444127.50,7.342,0.170,15.16
camera,1790444128.04,7.375,0.163,17.75
camera,1790444128.50,7.427,0.183,19.99
camera,1790444129.04,7.459,0.194,22.98
camera,1790444129.50,7.539,0.216,23.60
camera,1790444130.04,7.585,0.163,26.22
camera,1790444130.50,7.749,0.157,24.77
camera,1790444131.04,7.742,0.139,29.48
camera,1790444131.50,7.779,0.149,30.03
camera,1790444132.04,7.869,0.179,29.56
camera,1790444132.50,7.863,0.064,31.61
camera,1790444134.80,8.192,0.260,28.07
camera,1790444135.00,8.161,0.242,29.03
camera,1790444135.60,8.253,0.226,28.94
camera,1790444136.00,8.305,0.254,28.89
camera,1790444136.54,8.349,0.278,28.86
camera,1790444137.07,8.380,0.293,26.35
camera,1790444137.60,8.398,0.301,24.69
camera,1790444138.00,8.448,0.324,24.43
camera,1790444138.57,8.481,0.337,22.56
camera,1790444139.10,8.509,0.346,19.87
camera,1790444139.50,8.517,0.349,18.00
camera,1790444140.04,8.536,0.353,15.60
camera,1790444140.57,8.565,0.360,13.11
camera,1790444141.10,8.582,0.363,10.74
camera,1790444141.50,8.615,0.368,9.11
camera,1790444142.04,8.664,0.375,8.71
camera,1790444142.57,8.723,0.384,8.76
camera,1790444143.10,8.773,0.391,8.50
camera,1790444143.50,8.814,0.396,7.55
camera,1790444144.04,8.854,0.399,5.27
camera,1790444144.60,8.896,0.401,3.26
camera,1790444145.14,8.938,0.402,1.69
camera,1790444145.54,8.983,0.402,0.86
camera,1790444146.07,9.040,0.401,-0.51
camera,1790444146.60,9.093,0.399,-1.67
camera,1790444147.00,9.137,0.397,-2.54
camera,1790444147.54,9.193,0.393,-3.29
camera,1790444148.07,9.250,0.389,-3.99
camera,1790444148.60,9.312,0.384,-4.41
camera,1790444149.00,9.356,0.380,-4.53
camera,1790444149.54,9.417,0.375,-5.22
camera,1790444150.07,9.471,0.370,-5.38
camera,1790444150.50,9.521,0.365,-4.84
camera,1790444151.04,9.580,0.359,-5.68
camera,1790444151.57,9.636,0.353,-5.54
camera,1790444152.10,9.697,0.347,-5.39
camera,1790444152.50,9.742,0.343,-5.51
camera,1790444153.04,9.801,0.337,-5.63
camera,1790444153.57,9.865,0.330,-5.58
camera,1790444154.00,9.918,0.325,-5.91
camera,1790444154.50,9.980,0.318,-5.91
camera,1790444155.04,10.042,0.311,-6.15
camera,1790444155.60,10.114,0.303,-6.27
camera,1790444156.00,10.163,0.297,-6.15
camera,1790444156.54,10.232,0.290,-6.34
camera,1790444157.07,10.285,0.284,-6.14
camera,1790444157.60,10.351,0.276,-6.44
camera,1790444158.04,10.393,0.271,-6.28
camera,1790444158.54,10.421,0.268,-6.19
camera,1790444159.07,10.416,0.267,-6.22
camera,1790444159.64,10.406,0.269,-10.47
camera,1790444160.04,10.378,0.277,-13.66
camera,1790444160.54,10.336,0.291,-17.82
camera,1790444161.10,10.304,0.306,-22.25
camera,1790444161.50,10.279,0.318,-25.51
camera,1790444162.04,10.249,0.337,-30.00
camera,1790444162.57,10.219,0.359,-34.30
camera,1790444163.10,10.191,0.381,-38.43
camera,1790444163.54,10.172,0.399,-41.52
camera,1790444164.07,10.151,0.422,-45.69
camera,1790444164.60,10.132,0.446,-49.86
camera,1790444165.00,10.121,0.461,-53.10
camera,1790444165.54,10.107,0.484,-57.32
camera,1790444166.07,10.094,0.511,-61.86
camera,1790444166.60,10.085,0.530,-65.98
camera,1790444167.00,10.081,0.541,-68.33
camera,1790444167.54,10.079,0.548,-70.92
camera,1790444172.57,11.053,1.488,-103.36
camera,1790444174.37,11.057,1.488,-117.65
camera,1790444174.50,11.062,1.498,-118.53
camera,1790444175.00,10.940,1.646,-117.33
camera,1790444175.50,10.939,1.711,-120.59
camera,1790444176.04,10.945,1.758,-121.43
camera,1790444176.50,10.952,1.772,-124.16
camera,1790444177.04,10.955,1.778,-127.09
camera,1790444177.50,10.998,1.829,-130.15
camera,1790444178.04,11.063,1.897,-133.43
camera,1790444178.50,10.972,1.824,-136.94
camera,1790444179.04,10.989,1.837,-140.36
camera,1790444179.50,10.992,1.839,-143.43
camera,1790444180.00,10.976,1.829,-146.59
camera,1790444180.50,10.987,1.835,-149.82
camera,1790444181.00,10.990,1.837,-153.10
camera,1790444181.54,10.986,1.835,-156.68
camera,1790444182.00,10.977,1.833,-159.91
camera,1790444182.54,10.986,1.835,-163.61
camera,1790444183.00,10.986,1.835,-166.81
camera,1790444183.54,10.978,1.834,-168.62
camera,1790444184.00,10.977,1.834,-168.53
camera,1790444184.54,10.974,1.833,-168.58
camera,1790444185.00,10.971,1.833,-168.60
camera,1790444185.54,10.959,1.830,-168.57
camera,1790444186.04,10.944,1.827,-168.61
camera,1790444186.50,10.917,1.821,-168.60
camera,1790444187.04,10.889,1.816,-168.61
camera,1790444187.50,10.860,1.810,-168.61
camera,1790444188.04,10.824,1.803,-168.58
camera,1790444188.50,10.791,1.796,-168.60
camera,1790444189.04,10.742,1.786,-168.62
camera,1790444189.50,10.704,1.779,-168.65
camera,1790444190.07,10.653,1.768,-168.66
camera,1790444190.50,10.615,1.761,-168.64
camera,1790444191.07,10.550,1.748,-168.67
camera,1790444191.54,10.509,1.740,-168.66
camera,1790444192.00,10.465,1.731,-168.60
camera,1790444192.54,10.396,1.717,-168.57
camera,1790444193.00,10.340,1.705,-168.58
camera,1790444193.54,10.267,1.691,-168.55
camera,1790444194.00,10.204,1.678,-168.41
camera,1790444194.54,10.140,1.660,-165.59
camera,1790444195.00,10.064,1.640,-165.53
camera,1790444195.54,9.962,1.614,-165.40
camera,1790444196.00,9.880,1.592,-165.36
camera,1790444196.57,9.775,1.564,-165.21
camera,1790444197.04,9.699,1.544,-165.14
camera,1790444197.57,9.605,1.519,-165.10
camera,1790444198.04,9.527,1.498,-165.07
camera,1790444198.50,9.448,1.477,-165.01
camera,1790444199.04,9.356,1.452,-164.98
camera,1790444199.50,9.272,1.430,-164.94
camera,1790444200.04,9.170,1.402,-164.90
camera,1790444200.50,9.092,1.381,-164.87
camera,1790444201.04,9.005,1.358,-164.87
camera,1790444201.50,8.919,1.334,-164.90
camera,1790444202.07,8.822,1.308,-164.78
camera,1790444202.54,8.753,1.289,-164.77
camera,1790444203.04,8.667,1.266,-164.72
camera,1790444203.50,8.591,1.245,-164.76
camera,1790444204.04,8.494,1.218,-164.65
camera,1790444204.50,8.429,1.200,-164.58
camera,1790444205.10,8.322,1.171,-164.56
camera,1790444205.50,8.267,1.156,-164.55
camera,1790444206.00,8.181,1.132,-164.53
camera,1790444206.50,8.113,1.113,-164.46
camera,1790444207.04,8.039,1.092,-164.41
camera,1790444207.50,7.947,1.067,-164.40
camera,1790444208.04,7.860,1.042,-164.45
camera,1790444208.50,7.780,1.020,-164.45
camera,1790444209.04,7.694,0.996,-164.42
camera,1790444209.50,7.593,0.967,-164.39
camera,1790444210.04,7.534,0.951,-164.36
camera,1790444210.50,7.461,0.930,-164.33
camera,1790444211.07,7.357,0.901,-164.19
camera,1790444211.54,7.271,0.877,-164.23
camera,1790444212.00,7.171,0.849,-164.20
camera,1790444212.54,7.080,0.824,-164.18
camera,1790444213.00,6.992,0.799,-164.08
camera,1790444213.54,6.890,0.770,-164.11
camera,1790444214.00,6.811,0.748,-164.13
camera,1790444214.54,6.701,0.717,-164.10
camera,1790444215.00,6.602,0.688,-164.01
camera,1790444215.54,6.506,0.660,-163.90
camera,1790444216.04,6.416,0.635,-163.88
camera,1790444216.50,6.323,0.608,-163.94
camera,1790444217.04,6.223,0.579,-163.85
camera,1790444217.50,6.151,0.558,-163.84
camera,1790444218.04,6.075,0.536,-163.93
camera,1790444218.50,6.008,0.519,-165.62
camera,1790444219.04,5.913,0.500,-167.44
camera,1790444219.50,5.805,0.476,-167.52
camera,1790444220.00,5.699,0.453,-167.49
camera,1790444220.50,5.585,0.428,-167.57
camera,1790444221.00,5.466,0.401,-167.53
camera,1790444221.54,5.351,0.376,-167.49
camera,1790444222.00,5.249,0.353,-167.52
camera,1790444222.54,5.128,0.326,-167.50
camera,1790444223.00,5.016,0.301,-167.41
camera,1790444223.54,4.903,0.275,-167.37
camera,1790444224.00,4.793,0.251,-167.40
camera,1790444224.54,4.677,0.224,-167.27
camera,1790444225.04,4.565,0.199,-167.32
camera,1790444225.54,4.455,0.174,-167.20
camera,1790444226.04,4.331,0.146,-167.17
camera,1790444226.50,4.233,0.124,-167.37
camera,1790444227.04,4.133,0.104,-168.22
camera,1790444227.50,4.043,0.088,-169.51
camera,1790444228.04,3.953,0.077,-172.16
camera,1790444228.50,3.858,0.065,-172.28
camera,1790444229.04,3.749,0.050,-172.24
camera,1790444229.50,3.655,0.037,-172.28
camera,1790444230.04,3.546,0.022,-172.33
camera,1790444230.50,3.458,0.011,-172.32
camera,1790444231.07,3.351,-0.004,-172.25
camera,1790444231.54,3.263,-0.016,-172.24
camera,1790444232.00,3.173,-0.028,-172.25
camera,1790444232.54,3.065,-0.043,-172.23
camera,1790444234.70,2.662,-0.098,-172.12
camera,1790444235.04,2.600,-0.107,-172.12
camera,1790444235.50,2.509,-0.119,-172.14
camera,1790444236.04,2.409,-0.134,-172.00
camera,1790444236.50,2.321,-0.146,-172.02
camera,1790444237.04,2.218,-0.160,-171.99
camera,1790444237.50,2.129,-0.173,-171.90
camera,1790444238.04,2.028,-0.187,-171.94
camera,1790444238.54,1.931,-0.201,-171.87
camera,1790444239.00,1.842,-0.214,-171.76
camera,1790444239.54,1.740,-0.229,-171.74
camera,1790444240.07,1.639,-0.244,-171.60
camera,1790444240.50,1.556,-0.257,-171.51
camera,1790444241.00,1.461,-0.271,-171.41
camera,1790444241.54,1.364,-0.286,-171.54
camera,1790444242.00,1.274,-0.299,-171.34
camera,1790444242.54,1.177,-0.314,-171.40
camera,1790444243.00,1.089,-0.327,-171.39
camera,1790444243.54,0.989,-0.342,-171.44
camera,1790444244.04,0.896,-0.357,-171.41
camera,1790444244.50,0.809,-0.370,-171.39
camera,1790444245.04,0.704,-0.386,-171.28
camera,1790444245.57,0.620,-0.399,-171.36
camera,1790444246.04,0.624,-0.398,-171.34
camera,1790444246.50,0.626,-0.398,-171.26
camera,1790444247.04,0.624,-0.398,-168.83
camera,1790444247.50,0.622,-0.399,-161.91
camera,1790444248.04,0.609,-0.407,-153.22
camera,1790444248.50,0.606,-0.409,-145.51
camera,1790444249.04,0.599,-0.417,-136.83
camera,1790444249.50,0.592,-0.427,-129.57
camera,1790444250.04,0.589,-0.433,-120.89
camera,1790444250.54,0.584,-0.448,-112.82
camera,1790444251.00,0.580,-0.469,-105.26
camera,1790444251.54,0.579,-0.489,-96.47
camera,1790444252.00,0.581,-0.516,-88.77
camera,1790444252.54,0.587,-0.538,-82.31
camera,1790444253.00,0.587,-0.539,-82.32
camera,1790444253.50,0.587,-0.540,-82.33
camera,1790444254.00,0.587,-0.540,-82.32
camera,1790444254.50,0.587,-0.539,-82.34
camera,1790444255.04,0.588,-0.550,-82.28
camera,1790444255.50,0.597,-0.611,-82.13
camera,1790444256.04,0.607,-0.685,-82.04
camera,1790444256.50,0.618,-0.760,-82.05
camera,1790444257.04,0.631,-0.850,-81.90
camera,1790444257.50,0.642,-0.929,-81.78
camera,1790444258.04,0.655,-1.015,-81.78
camera,1790444258.54,0.666,-1.093,-81.66
camera,1790444259.04,0.677,-1.168,-81.58
camera,1790444259.54,0.690,-1.251,-81.53
camera,1790444260.00,0.700,-1.323,-81.57
camera,1790444260.54,0.712,-1.412,-82.29
camera,1790444261.00,0.720,-1.483,-83.02
camera,1790444261.54,0.728,-1.566,-84.03
camera,1790444262.00,0.735,-1.643,-84.98
camera,1790444262.54,0.740,-1.724,-86.08
camera,1790444263.04,0.744,-1.803,-86.63
camera,1790444263.50,0.749,-1.885,-86.71
camera,1790444264.04,0.754,-1.973,-86.69
camera,1790444264.57,0.759,-2.057,-86.76
camera,1790444265.04,0.763,-2.132,-86.78
camera,1790444265.50,0.768,-2.219,-86.80
camera,1790444266.04,0.773,-2.316,-86.82
camera,1790444266.50,0.778,-2.415,-86.81
camera,1790444267.04,0.785,-2.520,-86.68
camera,1790444267.50,0.790,-2.614,-86.69
camera,1790444268.04,0.796,-2.718,-86.67
camera,1790444268.50,0.802,-2.813,-86.69
camera,1790444269.00,0.808,-2.918,-86.58
camera,1790444269.54,0.815,-3.027,-86.57
camera,1790444270.00,0.820,-3.122,-86.52
camera,1790444270.54,0.827,-3.237,-86.47
camera,1790444271.00,0.834,-3.344,-86.40
camera,1790444271.54,0.841,-3.457,-86.37
camera,1790444272.00,0.849,-3.568,-86.17
camera,1790444272.54,0.856,-3.666,-86.09
camera,1790444273.00,0.862,-3.771,-86.15
camera,1790444273.54,0.870,-3.880,-86.13
camera,1790444274.00,0.877,-3.975,-86.08
camera,1790444274.50,0.885,-4.086,-85.98
camera,1790444275.04,0.892,-4.192,-85.97
camera,1790444275.50,0.900,-4.293,-85.85
camera,1790444276.04,0.908,-4.407,-85.79
camera,1790444276.50,0.915,-4.504,-85.70
camera,1790444277.04,0.924,-4.622,-85.64
camera,1790444277.50,0.932,-4.722,-85.67
camera,1790444278.00,0.941,-4.836,-85.52
camera,1790444278.50,0.949,-4.941,-85.51
camera,1790444279.00,0.958,-5.048,-85.40
camera,1790444279.50,0.967,-5.160,-85.39
camera,1790444280.00,0.976,-5.272,-85.32
camera,1790444280.50,0.985,-5.379,-85.15
camera,1790444281.00,0.994,-5.485,-85.02
camera,1790444281.54,1.004,-5.594,-85.00
camera,1790444282.00,1.012,-5.690,-85.05
camera,1790444282.54,1.022,-5.796,-84.80
camera,1790444283.00,1.031,-5.900,-84.83
camera,1790444283.54,1.042,-6.016,-84.72
camera,1790444284.00,1.051,-6.108,-84.65
camera,1790444284.54,1.063,-6.239,-84.63
camera,1790444285.04,1.074,-6.348,-84.49
camera,1790444285.54,1.087,-6.452,-84.60
camera,1790444286.04,1.106,-6.581,-84.35
camera,1790444286.50,1.117,-6.696,-84.39
camera,1790444287.04,1.130,-6.821,-84.28
camera,1790444287.50,1.141,-6.930,-84.20
camera,1790444288.04,1.154,-7.062,-84.17
camera,1790444288.50,1.165,-7.164,-84.04
camera,1790444289.04,1.177,-7.288,-84.08
camera,1790444289.50,1.190,-7.401,-84.03
camera,1790444290.07,1.205,-7.536,-83.85
camera,1790444290.50,1.219,-7.656,-83.73
camera,1790444291.07,1.232,-7.774,-83.74
camera,1790444291.54,1.245,-7.891,-83.74
camera,1790444292.00,1.257,-7.997,-83.65
camera,1790444292.54,1.271,-8.120,-83.54
camera,1790444293.00,1.284,-8.238,-83.49
camera,1790444293.54,1.299,-8.362,-83.41
camera,1790444294.00,1.313,-8.478,-83.25
camera,1790444294.54,1.328,-8.610,-83.31
camera,1790444295.00,1.343,-8.728,-83.13
camera,1790444295.54,1.359,-8.858,-83.11
camera,1790444296.00,1.374,-8.981,-83.12
camera,1790444296.54,1.391,-9.119,-83.00
camera,1790444297.04,1.407,-9.245,-82.85
camera,1790444297.50,1.421,-9.354,-82.84
camera,1790444298.04,1.438,-9.492,-82.74
camera,1790444298.50,1.452,-9.603,-82.72
camera,1790444299.04,1.469,-9.732,-82.69
camera,1790444299.50,1.484,-9.847,-82.71
camera,1790444300.04,1.501,-9.978,-82.63
camera,1790444300.50,1.516,-10.094,-82.60
camera,1790444301.04,1.535,-10.237,-82.45
camera,1790444301.50,1.552,-10.361,-82.42
camera,1790444302.00,1.568,-10.482,-82.37
camera,1790444302.54,1.586,-10.616,-82.28
camera,1790444303.00,1.601,-10.725,-82.26
camera,1790444303.54,1.619,-10.854,-82.16
camera,1790444304.00,1.635,-10.970,-82.15
camera,1790444304.54,1.653,-11.099,-82.14
camera,1790444305.00,1.670,-11.218,-82.02
camera,1790444305.50,1.687,-11.337,-81.98
camera,1790444306.00,1.704,-11.457,-81.96
camera,1790444306.50,1.720,-11.576,-81.97
camera,1790444307.04,1.739,-11.704,-81.92
camera,1790444307.50,1.755,-11.820,-81.87
camera,1790444308.00,1.774,-11.946,-81.70
camera,1790444308.50,1.794,-12.076,-81.47
camera,1790444309.04,1.813,-12.204,-81.39
camera,1790444309.50,1.830,-12.313,-81.37
camera,1790444310.04,1.851,-12.445,-81.13
camera,1790444310.50,1.869,-12.557,-80.99
camera,1790444311.04,1.891,-12.686,-80.61
camera,1790444311.54,1.912,-12.807,-80.45
camera,1790444312.04,1.933,-12.930,-80.35
camera,1790444312.54,1.952,-13.046,-80.31
camera,1790444313.00,1.972,-13.157,-80.25
camera,1790444313.54,1.996,-13.292,-80.12
camera,1790444314.00,2.015,-13.404,-80.11
camera,1790444314.54,2.038,-13.530,-79.96
camera,1790444315.00,2.056,-13.637,-80.27
camera,1790444315.54,2.075,-13.750,-80.52
camera,1790444316.00,2.090,-13.843,-80.71
camera,1790444316.57,2.110,-13.961,-80.62
camera,1790444317.00,2.120,-14.036,-81.54
camera,1790444317.50,2.135,-14.138,-81.81
camera,1790444318.04,2.151,-14.246,-82.13
camera,1790444318.50,2.161,-14.336,-82.69
camera,1790444319.04,2.183,-14.436,-81.90
camera,1790444319.50,2.203,-14.541,-80.64
camera,1790444320.04,2.202,-14.581,-84.46
camera,1790444320.50,2.216,-14.651,-81.90
camera,1790444321.17,2.230,-14.665,-75.22
camera,1790444321.60,2.233,-14.655,-65.81
camera,1790444322.04,2.190,-14.590,-56.52
camera,1790444322.50,2.188,-14.585,-45.55
camera,1790444323.00,2.219,-14.600,-34.69
camera,1790444323.50,2.214,-14.585,-25.11
camera,1790444324.01,2.239,-14.592,-16.40
camera,1790444324.50,2.323,-14.597,-8.24
camera,1790444325.00,2.377,-14.598,0.12
camera,1790444325.54,2.385,-14.596,9.06
camera,1790444326.00,2.396,-14.592,16.50
camera,1790444326.54,2.414,-14.582,25.19
camera,1790444327.00,2.448,-14.557,32.78
camera,1790444327.54,2.476,-14.528,39.30
camera,1790444328.00,2.481,-14.525,39.88
camera,1790444328.54,2.507,-14.509,51.69
camera,1790444329.04,2.523,-14.473,62.31
camera,1790444329.50,2.533,-14.439,70.63
camera,1790444330.04,2.537,-14.400,79.87
camera,1790444330.50,2.538,-14.386,87.85
camera,1790444331.04,2.544,-14.445,93.25
camera,1790444331.50,2.541,-14.386,93.47
camera,1790444332.04,2.533,-14.266,93.47
camera,1790444332.50,2.530,-14.208,93.61
camera,1790444333.00,2.524,-14.117,93.71
camera,1790444333.50,2.519,-14.035,93.73
camera,1790444334.00,2.513,-13.950,93.85
camera,1790444334.54,2.508,-13.869,93.94
camera,1790444335.00,2.503,-13.798,94.06
camera,1790444335.54,2.499,-13.736,94.24
camera,1790444336.00,2.491,-13.619,94.24
camera,1790444336.54,2.484,-13.536,94.39
camera,1790444337.00,2.476,-13.423,94.36
camera,1790444337.54,2.468,-13.327,94.50
camera,1790444338.04,2.460,-13.225,94.57
camera,1790444338.54,2.452,-13.128,94.63
camera,1790444339.04,2.442,-13.011,94.64
camera,1790444339.50,2.434,-12.913,94.72
camera,1790444340.04,2.423,-12.783,94.81
camera,1790444340.51,2.414,-12.681,94.89
camera,1790444341.04,2.402,-12.537,95.02
camera,1790444341.51,2.390,-12.400,95.08
camera,1790444342.04,2.380,-12.293,95.13
camera,1790444342.51,2.370,-12.176,95.18
camera,1790444343.04,2.358,-12.049,95.23
camera,1790444343.51,2.348,-11.938,95.28
camera,1790444344.07,2.335,-11.804,95.35
camera,1790444344.51,2.325,-11.699,95.43
camera,1790444345.01,2.314,-11.576,95.46
camera,1790444345.54,2.300,-11.440,95.55
camera,1790444346.01,2.289,-11.328,95.61
camera,1790444346.54,2.276,-11.193,95.68
camera,1790444347.01,2.265,-11.088,95.75
camera,1790444347.54,2.250,-10.945,95.81
camera,1790444348.01,2.238,-10.828,95.86
camera,1790444348.54,2.225,-10.694,95.94
camera,1790444349.01,2.212,-10.574,95.96
camera,1790444349.54,2.197,-10.433,96.07
camera,1790444350.04,2.183,-10.308,96.19
camera,1790444350.51,2.170,-10.189,96.20
camera,1790444351.04,2.155,-10.055,96.32
camera,1790444351.51,2.143,-9.942,96.34
camera,1790444352.04,2.128,-9.812,96.48
camera,1790444352.51,2.115,-9.703,96.55
camera,1790444353.04,2.099,-9.567,96.64
camera,1790444353.51,2.086,-9.454,96.66
camera,1790444354.04,2.070,-9.319,96.73
camera,1790444354.51,2.055,-9.191,96.75
camera,1790444355.04,2.038,-9.058,96.83
camera,1790444355.54,2.023,-8.929,96.87
camera,1790444356.01,2.009,-8.818,97.01
camera,1790444356.54,1.992,-8.678,97.10
camera,1790444357.01,1.977,-8.563,97.15
camera,1790444357.54,1.961,-8.435,97.16
camera,1790444358.01,1.946,-8.316,97.25
camera,1790444358.54,1.929,-8.185,97.28
camera,1790444359.01,1.915,-8.078,97.42
camera,1790444359.51,1.899,-7.955,97.41
camera,1790444360.01,1.882,-7.826,97.51
camera,1790444362.54,1.801,-7.218,97.86
camera,1790444363.04,1.783,-7.090,97.89
camera,1790444363.51,1.767,-6.974,97.99
camera,1790444364.04,1.747,-6.838,98.04
camera,1790444364.51,1.731,-6.726,98.09
camera,1790444365.04,1.712,-6.593,98.12
camera,1790444365.51,1.696,-6.479,98.16
camera,1790444366.04,1.677,-6.343,98.18
camera,1790444366.51,1.658,-6.218,98.22
camera,1790444367.04,1.640,-6.089,98.20
camera,1790444367.51,1.621,-5.962,98.26
camera,1790444368.04,1.601,-5.821,98.32
camera,1790444368.51,1.583,-5.702,98.33
camera,1790444369.01,1.564,-5.570,98.42
camera,1790444369.51,1.545,-5.445,98.39
camera,1790444370.01,1.527,-5.323,98.41
camera,1790444370.51,1.509,-5.203,98.49
camera,1790444371.01,1.490,-5.076,98.51
camera,1790444371.54,1.471,-4.949,98.54
camera,1790444372.01,1.454,-4.838,98.55
camera,1790444372.54,1.435,-4.708,98.61
camera,1790444373.01,1.418,-4.597,98.59
camera,1790444373.54,1.398,-4.468,98.62
camera,1790444374.01,1.382,-4.361,98.64
camera,1790444374.57,1.362,-4.232,98.71
camera,1790444375.04,1.345,-4.120,98.70
camera,1790444375.51,1.328,-4.009,98.76
camera,1790444376.04,1.308,-3.880,98.84
camera,1790444376.51,1.290,-3.766,98.87
camera,1790444377.04,1.270,-3.638,98.90
camera,1790444377.51,1.254,-3.536,98.94
camera,1790444378.04,1.234,-3.412,98.93
camera,1790444378.51,1.218,-3.306,98.98
camera,1790444379.07,1.197,-3.175,98.94
camera,1790444379.51,1.181,-3.074,98.98
camera,1790444380.01,1.164,-2.967,99.03
camera,1790444380.54,1.145,-2.846,99.04
camera,1790444381.01,1.129,-2.746,99.05
camera,1790444381.54,1.110,-2.625,99.09
camera,1790444382.01,1.091,-2.512,99.14
camera,1790444382.54,1.070,-2.382,99.17
camera,1790444383.01,1.052,-2.267,99.20
camera,1790444383.54,1.030,-2.133,99.29
camera,1790444384.01,1.011,-2.018,99.19
camera,1790444384.54,0.988,-1.879,99.31
camera,1790444385.01,0.967,-1.752,99.35
camera,1790444385.51,0.942,-1.605,99.44
camera,1790444386.04,0.919,-1.470,99.41
camera,1790444386.51,0.898,-1.343,99.52
camera,1790444387.04,0.875,-1.207,99.59
camera,1790444387.51,0.856,-1.096,99.67
camera,1790444388.01,0.834,-0.967,99.72
camera,1790444388.51,0.813,-0.849,99.79
camera,1790444389.04,0.792,-0.728,99.88
camera,1790444389.54,0.773,-0.619,99.95
camera,1790444390.04,0.755,-0.519,100.05
camera,1790444390.51,0.753,-0.504,100.09
camera,1790444391.04,0.748,-0.482,98.82
camera,1790444391.51,0.746,-0.493,90.76
camera,1790444392.04,0.740,-0.524,82.00
camera,1790444392.51,0.729,-0.553,74.09
camera,1790444393.04,0.721,-0.569,65.56
camera,1790444393.51,0.711,-0.583,58.17
camera,1790444394.04,0.703,-0.592,50.36
camera,1790444394.51,0.700,-0.595,43.73
camera,1790444395.01,0.687,-0.603,36.62
camera,1790444395.54,0.693,-0.600,32.45
camera,1790444396.01,0.722,-0.582,32.29
camera,1790444396.54,0.809,-0.527,32.39
camera,1790444397.01,0.895,-0.472,32.33
camera,1790444397.54,0.963,-0.430,32.25
camera,1790444398.01,1.000,-0.411,28.30
camera,1790444398.57,1.012,-0.407,20.81
camera,1790444399.04,1.039,-0.401,14.86
camera,1790444399.51,1.042,-0.401,8.75
camera,1790444400.04,1.046,-0.401,7.30
camera,1790444400.51,1.047,-0.400,7.31
camera,1790444401.04,1.047,-0.400,7.32
camera,1790444401.51,1.045,-0.400,7.98
camera,1790444402.04,1.029,-0.403,11.04
camera,1790444402.51,0.996,-0.410,11.11
camera,1790444403.04,0.922,-0.424,11.10
camera,1790444403.51,0.853,-0.438,11.22
camera,1790444404.01,0.768,-0.455,11.22
camera,1790444404.54,0.678,-0.473,11.25
camera,1790444405.01,0.608,-0.486,11.22
camera,1790444405.54,0.520,-0.504,11.17
camera,1790444406.01,0.446,-0.519,11.17
camera,1790444406.54,0.358,-0.536,11.19
camera,1790444407.01,0.291,-0.549,11.18
camera,1790444407.54,0.216,-0.564,11.22
camera,1790444408.01,0.212,-0.565,11.23
camera,1790444408.51,0.173,-0.573,11.23
camera,1790444409.04,0.174,-0.573,11.23
camera,1790444409.51,0.179,-0.572,11.26
camera,1790444410.04,0.179,-0.572,11.26
camera,1790444410.51,0.178,-0.572,11.28
camera,1790444411.04,0.173,-0.573,11.25
camera,1790444411.54,0.173,-0.573,11.26
camera,1790444412.04,0.174,-0.573,11.25
camera,1790444412.54,0.175,-0.572,11.25
camera,1790444413.01,0.178,-0.572,11.30
camera,1790444413.54,0.180,-0.571,11.29
camera,1790444414.07,0.178,-0.572,11.27
camera,1790444414.54,0.176,-0.572,11.24
camera,1790444415.07,0.179,-0.572,11.27
camera,1790444415.54,0.180,-0.571,11.29
camera,1790444416.01,0.177,-0.572,11.27
camera,1790444416.54,0.176,-0.572,11.27
camera,1790444417.11,0.178,-0.572,11.28
camera,1790444417.51,0.178,-0.572,11.26
camera,1790444418.04,0.179,-0.572,11.26
camera,1790444418.51,0.179,-0.571,11.27
camera,1790444419.04,0.180,-0.571,11.29
camera,1790444419.51,0.179,-0.571,11.26
camera,1790444420.04,0.180,-0.571,11.27
camera,1790444420.51,0.178,-0.572,11.27
camera,1790444421.04,0.179,-0.572,11.27
camera,1790444421.57,0.179,-0.572,11.29
camera,1790444422.07,0.182,-0.571,11.28
camera,1790444422.57,0.175,-0.572,11.27
camera,1790444423.01,0.175,-0.572,11.29
camera,1790444423.54,0.175,-0.572,11.27
camera,1790444424.01,0.174,-0.572,11.26
camera,1790444424.61,0.176,-0.572,11.28
camera,1790444425.01,0.173,-0.573,11.30
camera,1790444425.54,0.173,-0.573,11.29
camera,1790444426.07,0.178,-0.572,11.29
camera,1790444426.61,0.172,-0.573,11.29
camera,1790444427.01,0.179,-0.571,11.29
camera,1790444427.54,0.176,-0.572,11.30
camera,1790444428.04,0.174,-0.572,11.29
camera,1790444428.51,0.176,-0.572,11.29
camera,1790444429.04,0.174,-0.572,11.30
camera,1790444429.57,0.177,-0.572,11.26
camera,1790444430.11,0.177,-0.572,11.27
camera,1790444430.51,0.174,-0.572,11.31
camera,1790444431.04,0.181,-0.571,11.27
camera,1790444431.57,0.179,-0.571,11.28
camera,1790444432.04,0.176,-0.572,11.26
camera,1790444432.54,0.176,-0.572,11.28
camera,1790444433.04,0.177,-0.572,11.27
camera,1790444433.51,0.175,-0.572,11.31
camera,1790444434.07,0.178,-0.572,11.30
camera,1790444434.61,0.178,-0.572,11.29
camera,1790444435.01,0.176,-0.572,11.31
camera,1790444435.61,0.178,-0.572,11.27
camera,1790444436.07,0.175,-0.572,11.25
camera,1790444436.61,0.177,-0.572,11.27
camera,1790444437.07,0.175,-0.572,11.26
camera,1790444437.61,0.174,-0.572,11.29
camera,1790444438.07,0.177,-0.572,11.27
camera,1790444438.61,0.177,-0.572,11.29
camera,1790444439.07,0.178,-0.572,11.28
camera,1790444439.51,0.178,-0.572,11.30
camera,1790444440.04,0.176,-0.572,11.29
camera,1790444440.57,0.181,-0.571,11.29
camera,1790444441.11,0.176,-0.572,11.27
camera,1790444441.51,0.176,-0.572,11.28
camera,1790444442.04,0.178,-0.572,11.26
camera,1790444442.57,0.176,-0.572,11.26
camera,1790444443.11,0.174,-0.572,11.28
camera,1790444443.54,0.179,-0.572,11.24
camera,1790444444.04,0.179,-0.571,11.26
camera,1790444444.54,0.178,-0.572,11.26
camera,1790444445.07,0.174,-0.573,11.28
camera,1790444445.61,0.175,-0.572,11.31
camera,1790444446.01,0.174,-0.573,11.26
camera,1790444446.54,0.176,-0.572,11.28
camera,1790444447.07,0.178,-0.572,11.26
camera,1790444447.61,0.175,-0.572,11.26
camera,1790444448.01,0.177,-0.572,11.29
camera,1790444448.87,0.181,-0.571,11.29
camera,1790444449.01,0.177,-0.572,11.27
camera,1790444449.51,0.171,-0.573,11.29
camera,1790444450.01,0.177,-0.572,11.28
camera,1790444450.54,0.174,-0.572,11.27
camera,1790444451.01,0.174,-0.573,11.28
camera,1790444451.61,0.176,-0.572,11.29
camera,1790444452.01,0.177,-0.572,11.28
camera,1790444452.51,0.178,-0.572,11.27
camera,1790444453.04,0.178,-0.572,11.27
camera,1790444453.57,0.176,-0.572,11.32
camera,1790444459.51,0.175,-0.572,11.27
camera,1790444460.01,0.178,-0.572,11.27
camera,1790444460.54,0.178,-0.572,11.27
camera,1790444461.07,0.179,-0.572,11.27
camera,1790444461.61,0.179,-0.572,11.26
camera,1790444462.01,0.177,-0.572,11.27
camera,1790444462.54,0.180,-0.571,11.27
camera,1790444463.07,0.178,-0.572,11.27
camera,1790444463.61,0.182,-0.571,11.26
camera,1790444464.01,0.180,-0.571,11.26
camera,1790444464.54,0.178,-0.572,11.23
camera,1790444465.07,0.174,-0.573,11.28
camera,1790444465.51,0.178,-0.572,11.25
camera,1790444466.04,0.176,-0.572,11.27
camera,1790444466.51,0.174,-0.573,11.30
camera,1790444467.04,0.178,-0.572,11.25
camera,1790444467.57,0.176,-0.572,11.27
camera,1790444468.11,0.176,-0.572,11.26
camera,1790444468.51,0.177,-0.572,11.29
camera,1790444469.04,0.175,-0.572,11.28
camera,1790444469.57,0.176,-0.572,11.28
camera,1790444470.11,0.175,-0.572,11.26
camera,1790444470.51,0.175,-0.572,11.26
camera,1790444471.04,0.178,-0.572,11.24
camera,1790444471.57,0.178,-0.572,11.29
camera,1790444472.01,0.177,-0.572,11.28
