[1m[35m********************************************************[0m
[1m[35m**********                                    **********[0m
[1m[35m**********    RSLidar_SDK Version: v1.5.19     **********[0m
[1m[35m**********                                    **********[0m
[1m[35m********************************************************[0m
[1m[32m--------------------------------------------------------[0m
[1m[32mConfig loaded from PATH:[0m
[1m[32m/home/administrator/catkin_ws/src/rslidar_sdk/config/replay_config.yaml[0m
[1m[32m--------------------------------------------------------[0m
[1m[32m------------------------------------------------------[0m
[1m[32mReceive Packets From : ROS[0m
[1m[32mMsop Topic: /helios/packets[0m
[1m[32m------------------------------------------------------[0m
[1m[32m------------------------------------------------------[0m
[1m[32m             RoboSense Driver Parameters [0m
[32minput type: RAW_PACKET[0m
[32mlidar_type: RSHELIOS[0m
[32mframe_id: rslidar[0m
[32m------------------------------------------------------[0m
[1m[32m------------------------------------------------------[0m
[1m[32m             RoboSense Input Parameters [0m
[32mmsop_port: 6699[0m
[32mdifop_port: 7788[0m
[32mimu_port: 0[0m
[32muser_layer_bytes: 0[0m
[32mtail_layer_bytes: 0[0m
[32mhost_address: 0.0.0.0[0m
[32mgroup_address: 0.0.0.0[0m
[32msocket_recv_buf: 106496[0m
[32mpcap_path: /home/robosense/lidar.pcap[0m
[32mpcap_rate: 1[0m
[32mpcap_repeat: 1[0m
[32muse_vlan: 0[0m
[1m[32m------------------------------------------------------[0m
[1m[32m------------------------------------------------------[0m
[1m[32m             RoboSense Decoder Parameters [0m
[32mmin_distance: 0.2[0m
[32mmax_distance: 200[0m
[32muse_lidar_clock: 1[0m
[32mdense_points: 0[0m
[32mts_first_point: 1[0m
[32mwait_for_difop: 1[0m
[32mconfig_from_file: 0[0m
[32mangle_path: [0m
[32mstart_angle: 0[0m
[32mend_angle: 360[0m
[32msplit_frame_mode: 1[0m
[32msplit_angle: 180[0m
[32mnum_blks_split: 0[0m
[1m[32m------------------------------------------------------[0m
[1m[32m------------------------------------------------------[0m
[1m[32m             RoboSense Transform Parameters [0m
[32mx: 0[0m
[32my: 0[0m
[32mz: 0[0m
[32mroll: 0[0m
[32mpitch: 0[0m
[32myaw: 0[0m
[1m[32m------------------------------------------------------[0m
[1m[36m------------------------------------------------------[0m
[1m[36mSend PointCloud To : ROS[0m
[1m[36mPointCloud Topic: /helios/points[0m
[1m[36m------------------------------------------------------[0m
[1m[37mRoboSense-LiDAR-Driver is running.....[0m
[33m[ WARN] [1790444510.265399045]: RobotBodyFilter: No collision element found for link front_bumper_link of robot husky. This link will not be filtered out from laser scans.[0m
[33m[ WARN] [1790444510.265560390]: RobotBodyFilter: No collision element found for link rear_bumper_link of robot husky. This link will not be filtered out from laser scans.[0m
[33m[ WARN] [1790444510.824165144]: RobotBodyFilter: No collision element found for link top_chassis_link of robot husky. This link will not be filtered out from laser scans.[0m
[0m[ INFO] [1790444510.241632957]: RobotBodyFilter: Found parameter: sensor/point_by_point, value: False[0m
[0m[ INFO] [1790444510.245030947]: RobotBodyFilter: Found parameter: transforms/buffer_length, value: 60.000000 s[0m
[0m[ INFO] [1790444510.254348490]: RobotBodyFilter: Found parameter: frames/fixed, value: base_link[0m
[0m[ INFO] [1790444510.254418059]: RobotBodyFilter: Found parameter: frames/sensor, value: rslidar[0m
[0m[ INFO] [1790444510.254433675]: RobotBodyFilter: Found parameter: frames/filtering, value: base_link[0m
[0m[ INFO] [1790444510.254466443]: RobotBodyFilter: Found parameter: sensor/min_distance, value: 0.000000 m[0m
[0m[ INFO] [1790444510.254488076]: RobotBodyFilter: Found parameter: sensor/max_distance, value: 0.000000 m[0m
[0m[ INFO] [1790444510.254521580]: RobotBodyFilter: Found parameter: body_model/robot_description_param, value: robot_description[0m
[0m[ INFO] [1790444510.254547116]: RobotBodyFilter: Found parameter: filter/keep_clouds_organized, value: False[0m
[0m[ INFO] [1790444510.254573901]: RobotBodyFilter: Found parameter: filter/model_pose_update_interval, value: 0.000000 s[0m
[0m[ INFO] [1790444510.254594093]: RobotBodyFilter: Found parameter: filter/do_clipping, value: False[0m
[0m[ INFO] [1790444510.254613325]: RobotBodyFilter: Found parameter: filter/do_contains_test, value: True[0m
[0m[ INFO] [1790444510.254633421]: RobotBodyFilter: Found parameter: filter/do_shadow_test, value: False[0m
[0m[ INFO] [1790444510.254686414]: RobotBodyFilter: Parameter filter/max_shadow_distance not defined, assigning default: 0.000000 m[0m
[0m[ INFO] [1790444510.254721902]: RobotBodyFilter: Found parameter: transforms/timeout/reachable, value: 0.200000 s[0m
[0m[ INFO] [1790444510.254737166]: RobotBodyFilter: Found parameter: transforms/timeout/unreachable, value: 0.300000 s[0m
[0m[ INFO] [1790444510.254752655]: RobotBodyFilter: Parameter transforms/require_all_reachable not defined, assigning default: False[0m
[0m[ INFO] [1790444510.254767695]: RobotBodyFilter: Parameter bounding_sphere/publish_cut_out_pointcloud not defined, assigning default: False[0m
[0m[ INFO] [1790444510.254783567]: RobotBodyFilter: Parameter bounding_box/publish_cut_out_pointcloud not defined, assigning default: False[0m
[0m[ INFO] [1790444510.254796591]: RobotBodyFilter: Parameter oriented_bounding_box/publish_cut_out_pointcloud not defined, assigning default: False[0m
[0m[ INFO] [1790444510.254812559]: RobotBodyFilter: Parameter local_bounding_box/publish_cut_out_pointcloud not defined, assigning default: False[0m
[0m[ INFO] [1790444510.254828239]: RobotBodyFilter: Found parameter: bounding_sphere/compute, value: False[0m
[0m[ INFO] [1790444510.254872592]: RobotBodyFilter: Found parameter: bounding_box/compute, value: False[0m
[0m[ INFO] [1790444510.254887216]: RobotBodyFilter: Parameter oriented_bounding_box/compute not defined, assigning default: False[0m
[0m[ INFO] [1790444510.254904112]: RobotBodyFilter: Parameter local_bounding_box/compute not defined, assigning default: False[0m
[0m[ INFO] [1790444510.254915184]: RobotBodyFilter: Parameter bounding_sphere/debug not defined, assigning default: False[0m
[0m[ INFO] [1790444510.254925808]: RobotBodyFilter: Parameter bounding_box/debug not defined, assigning default: False[0m
[0m[ INFO] [1790444510.254937361]: RobotBodyFilter: Parameter oriented_bounding_box/debug not defined, assigning default: False[0m
[0m[ INFO] [1790444510.254948081]: RobotBodyFilter: Parameter local_bounding_box/debug not defined, assigning default: False[0m
[0m[ INFO] [1790444510.254960305]: RobotBodyFilter: Parameter bounding_sphere/marker not defined, assigning default: False[0m
[0m[ INFO] [1790444510.254971441]: RobotBodyFilter: Parameter bounding_box/marker not defined, assigning default: False[0m
[0m[ INFO] [1790444510.254986801]: RobotBodyFilter: Parameter oriented_bounding_box/marker not defined, assigning default: False[0m
[0m[ INFO] [1790444510.254998033]: RobotBodyFilter: Parameter local_bounding_box/marker not defined, assigning default: False[0m
[0m[ INFO] [1790444510.255020370]: RobotBodyFilter: Parameter local_bounding_box/frame_id not defined, assigning default: base_link[0m
[0m[ INFO] [1790444510.255032370]: RobotBodyFilter: Found parameter: debug/pcl/inside, value: False[0m
[0m[ INFO] [1790444510.255044146]: RobotBodyFilter: Parameter debug/pcl/clip not defined, assigning default: False[0m
[0m[ INFO] [1790444510.255058194]: RobotBodyFilter: Parameter debug/pcl/shadow not defined, assigning default: False[0m
[0m[ INFO] [1790444510.255070258]: RobotBodyFilter: Found parameter: debug/marker/contains, value: False[0m
[0m[ INFO] [1790444510.255082674]: RobotBodyFilter: Parameter debug/marker/shadow not defined, assigning default: False[0m
[0m[ INFO] [1790444510.255098674]: RobotBodyFilter: Parameter debug/marker/bounding_sphere not defined, assigning default: False[0m
[0m[ INFO] [1790444510.255117587]: RobotBodyFilter: Parameter debug/marker/bounding_box not defined, assigning default: False[0m
[0m[ INFO] [1790444510.255132499]: RobotBodyFilter: Found parameter: body_model/inflation/padding, value: 0.100000 m[0m
[0m[ INFO] [1790444510.255145683]: RobotBodyFilter: Found parameter: body_model/inflation/scale, value: 1.000000[0m
[0m[ INFO] [1790444510.255159827]: RobotBodyFilter: Parameter body_model/inflation/contains_test/padding not defined, assigning default: 0.100000 m[0m
[0m[ INFO] [1790444510.255172371]: RobotBodyFilter: Parameter body_model/inflation/contains_test/scale not defined, assigning default: 1.000000[0m
[0m[ INFO] [1790444510.255196019]: RobotBodyFilter: Parameter body_model/inflation/shadow_test/padding not defined, assigning default: 0.100000 m[0m
[0m[ INFO] [1790444510.255208564]: RobotBodyFilter: Parameter body_model/inflation/shadow_test/scale not defined, assigning default: 1.000000[0m
[0m[ INFO] [1790444510.255222356]: RobotBodyFilter: Parameter body_model/inflation/bounding_sphere/padding not defined, assigning default: 0.100000 m[0m
[0m[ INFO] [1790444510.255236404]: RobotBodyFilter: Parameter body_model/inflation/bounding_sphere/scale not defined, assigning default: 1.000000[0m
[0m[ INFO] [1790444510.255249460]: RobotBodyFilter: Parameter body_model/inflation/bounding_box/padding not defined, assigning default: 0.100000 m[0m
[0m[ INFO] [1790444510.255263412]: RobotBodyFilter: Parameter body_model/inflation/bounding_box/scale not defined, assigning default: 1.000000[0m
[0m[ INFO] [1790444510.255339925]: RobotBodyFilter: Parameter body_model/inflation/per_link/padding not defined, assigning default: {} m[0m
[0m[ INFO] [1790444510.255380565]: RobotBodyFilter: Parameter body_model/inflation/per_link/scale not defined, assigning default: {}[0m
[0m[ INFO] [1790444510.255422838]: RobotBodyFilter: Parameter ignored_links/bounding_sphere not defined, assigning default: [][0m
[0m[ INFO] [1790444510.255451670]: RobotBodyFilter: Parameter ignored_links/bounding_box not defined, assigning default: [][0m
[0m[ INFO] [1790444510.255467446]: RobotBodyFilter: Parameter ignored_links/contains_test not defined, assigning default: [][0m
[0m[ INFO] [1790444510.255522615]: RobotBodyFilter: Parameter ignored_links/shadow_test not defined, assigning default: ["laser"][0m
[0m[ INFO] [1790444510.255552279]: RobotBodyFilter: Parameter ignored_links/everywhere not defined, assigning default: [][0m
[0m[ INFO] [1790444510.255567736]: RobotBodyFilter: Parameter only_links not defined, assigning default: [][0m
[0m[ INFO] [1790444510.255579960]: RobotBodyFilter: Parameter body_model/dynamic_robot_description/field_name not defined, assigning default: robot_model[0m
[0m[ INFO] [1790444510.824592765]: RobotBodyFilter: Successfully configured.[0m
[0m[ INFO] [1790444510.824623869]: Filtering data in frame base_link[0m
[0m[ INFO] [1790444510.824637981]: RobotBodyFilter: Filtering into the following categories:[0m
[0m[ INFO] [1790444510.824649661]: RobotBodyFilter: 	OUTSIDE[0m
[0m[ INFO] [1790444510.824661277]: RobotBodyFilter: 	INSIDE[0m
[0m[ INFO] [1790444510.824674654]: RobotBodyFilter: [33m[ WARN] [1790444512.663158109]: Rtabmap: Parameter name changed: "Icp/PM" -> "Icp/Strategy". Please update your launch file accordingly. Value "true" is still set to the new parameter name.[0m
[33m[ WARN] [1790444512.665340501]: Rtabmap: Parameter name changed: "Icp/PMOutlierRatio" -> "Icp/OutlierRatio". Please update your launch file accordingly. Value "0.7" is still set to the new parameter name.[0m
[33m[ WARN] [1790444512.858456690]: Setting "Grid/Sensor" parameter to 0 (default 1) as "subscribe_scan", "subscribe_scan_cloud" or "gen_scan" is true. The occupancy grid map will be constructed from laser scans. To get occupancy grid map from camera's cloud projection, set "Grid/Sensor" to 1. To suppress this warning, add <param name="Grid/Sensor" type="string" value="0"/>[0m
[33m[ WARN] [1790444513.295496511]: There is no image subscription, bag-of-words loop closure detection will be disabled...[0m
[33m[ WARN] [1790444513.295774594]: Setting Kp/MaxFeatures=-1 (bag-of-words disabled)[0m
[33m[ WARN] [1790444526.509588791, 1790443561.128172309]: /rtabmap/rtabmap: Did not receive data since 5 seconds! Make sure the input topics are published ("$ rostopic hz my_topic") and the timestamps in their header are set. If topics are coming from different computers, make sure the clocks of the computers are synchronized ("ntpdate"). If topics are not published at the same rate, you could increase "sync_queue_size" and/or "topic_queue_size" parameters (current=10 and 10 respectively).
/rtabmap/rtabmap subscribed to (approx sync):
   /odometry/filtered \
   /helios/points_clean[0m
[31m[ERROR] [1790444527.239605680, 1790443561.757250160]: Filtering data from time 1790443561.747194784 failed.[0m
[0m[ INFO] [1790444511.527877970]: Starting node...[0m
[0m[ INFO] [1790444511.616586602]: Initializing nodelet with 12 worker threads.[0m
[0m[ INFO] [1790444512.021158255]: /rtabmap/rtabmap(maps): map_filter_radius          = 0.000000[0m
[0m[ INFO] [1790444512.021230000]: /rtabmap/rtabmap(maps): map_filter_angle           = 30.000000[0m
[0m[ INFO] [1790444512.021246704]: /rtabmap/rtabmap(maps): map_cleanup                = true[0m
[0m[ INFO] [1790444512.021268144]: /rtabmap/rtabmap(maps): map_always_update          = false[0m
[0m[ INFO] [1790444512.021278864]: /rtabmap/rtabmap(maps): map_empty_ray_tracing      = true[0m
[0m[ INFO] [1790444512.021289041]: /rtabmap/rtabmap(maps): cloud_output_voxelized     = true[0m
[0m[ INFO] [1790444512.021298961]: /rtabmap/rtabmap(maps): cloud_subtract_filtering   = false[0m
[0m[ INFO] [1790444512.021310993]: /rtabmap/rtabmap(maps): cloud_subtract_filtering_min_neighbors = 2[0m
[0m[ INFO] [1790444512.021759894]: /rtabmap/rtabmap(maps): octomap_tree_depth         = 16[0m
[0m[ INFO] [1790444512.049141061]: rtabmap: frame_id      = base_link[0m
[0m[ INFO] [1790444512.049221702]: rtabmap: map_frame_id  = map[0m
[0m[ INFO] [1790444512.049240678]: rtabmap: log_to_rosout_level = 4[0m
[0m[ INFO] [1790444512.049256071]: rtabmap: initial_pose  = [0m
[0m[ INFO] [1790444512.049296167]: rtabmap: use_action_for_goal  = false[0m
[0m[ INFO] [1790444512.049346536]: rtabmap: tf_delay      = 0.050000[0m
[0m[ INFO] [1790444512.049379848]: rtabmap: tf_tolerance  = 0.100000[0m
[0m[ INFO] [1790444512.049408360]: rtabmap: odom_sensor_sync   = false[0m
[0m[ INFO] [1790444512.049435753]: rtabmap: pub_loc_pose_only_when_localizing = false[0m
[0m[ INFO] [1790444512.049946894]: rtabmap: gen_scan  = false[0m
[0m[ INFO] [1790444512.049986671]: rtabmap: gen_depth  = false[0m
[0m[ INFO] [1790444512.050830776]: rtabmap: scan_cloud_max_points = 0[0m
[0m[ INFO] [1790444512.050880505]: rtabmap: scan_cloud_is_2d      = false[0m
[0m[ INFO] [1790444512.135603300]: Setting RTAB-Map parameter "Grid/CellSize"="0.02"[0m
[0m[ INFO] [1790444512.136166986]: Setting RTAB-Map parameter "Grid/ClusterRadius"="1"[0m
[0m[ INFO] [1790444512.146725535]: Setting RTAB-Map parameter "Grid/GroundIsObstacle"="true"[0m
[0m[ INFO] [1790444512.163393816]: Setting RTAB-Map parameter "Grid/RangeMax"="20"[0m
[0m[ INFO] [1790444512.193827593]: Setting RTAB-Map parameter "Icp/CorrespondenceRatio"="0.4"[0m
[0m[ INFO] [1790444512.197705716]: Setting RTAB-Map parameter "Icp/Epsilon"="0.001"[0m
[0m[ INFO] [1790444512.201685697]: Setting RTAB-Map parameter "Icp/Iterations"="10"[0m
[0m[ INFO] [1790444512.202181254]: Setting RTAB-Map parameter "Icp/MaxCorrespondenceDistance"="1"[0m
[0m[ INFO] [1790444512.204213149]: Setting RTAB-Map parameter "Icp/MaxTranslation"="3"[0m
[0m[ INFO] [1790444512.212146388]: Setting RTAB-Map parameter "Icp/PointToPlane"="false"[0m
[0m[ INFO] [1790444512.214184619]: Setting RTAB-Map parameter "Icp/PointToPlaneK"="20"[0m
[0m[ INFO] [1790444512.217538160]: Setting RTAB-Map parameter "Icp/PointToPlaneRadius"="0"[0m
[0m[ INFO] [1790444512.224012824]: Setting RTAB-Map parameter "Icp/VoxelSize"="0.3"[0m
[0m[ INFO] [1790444512.326457224]: Setting RTAB-Map parameter "Mem/NotLinkedNodesKept"="false"[0m
[0m[ INFO] [1790444512.337046013]: Setting RTAB-Map parameter "Mem/STMSize"="30"[0m
[0m[ INFO] [1790444512.357564481]: Setting RTAB-Map parameter "Optimizer/GravitySigma"="0.3"[0m
[0m[ INFO] [1790444512.384643981]: Setting RTAB-Map parameter "RGBD/AngularUpdate"="0.05"[0m
[0m[ INFO] [1790444512.395885322]: Setting RTAB-Map parameter "RGBD/LinearUpdate"="0.05"[0m
[0m[ INFO] [1790444512.415715941]: Setting RTAB-Map parameter "RGBD/NeighborLinkRefining"="false"[0m
[0m[ INFO] [1790444512.426940898]: Setting RTAB-Map parameter "RGBD/ProximityBySpace"="true"[0m
[0m[ INFO] [1790444512.430589386]: Setting RTAB-Map parameter "RGBD/ProximityMaxGraphDepth"="0"[0m
[0m[ INFO] [1790444512.437133395]: Setting RTAB-Map parameter "RGBD/ProximityPathMaxNeighbors"="1"[0m
[0m[ INFO] [1790444512.445355918]: Setting RTAB-Map parameter "Reg/Strategy"="1"[0m
[0m[ INFO] [1790444512.448973110]: Setting RTAB-Map parameter "Rtabmap/DetectionRate"="1"[0m
[0m[ INFO] [1790444512.860095556]: RTAB-Map detection rate = 1.000000 Hz[0m
[0m[ INFO] [1790444512.860912461]: rtabmap: Using database from "/media/administrator/USB Drive/slam_series2/s2_static_07/rtab_helios.db" (0 MB).[0m
[0m[ INFO] [1790444513.220888388]: rtabmap: Database version = "0.21.10".[0m
[0m[ INFO] [1790444513.220982981]: rtabmap: SLAM mode (Mem/IncrementalMemory=true)[0m
[0m[ INFO] [1790444513.259263309]: /rtabmap/rtabmap: subscribe_depth = false[0m
[0m[ INFO] [1790444513.259358990]: /rtabmap/rtabmap: subscribe_rgb = false[0m
[0m[ INFO] [1790444513.259377551]: /rtabmap/rtabmap: subscribe_stereo = false[0m
[0m[ INFO] [1790444513.259392943]: /rtabmap/rtabmap: subscribe_rgbd = false (rgbd_cameras=1)[0m
[0m[ INFO] [1790444513.259408367]: /rtabmap/rtabmap: subscribe_sensor_data = false[0m
[0m[ INFO] [1790444513.259421391]: /rtabmap/rtabmap: subscribe_odom_info = false[0m
[0m[ INFO] [1790444513.259462384]: /rtabmap/rtabmap: subscribe_user_data = false[0m
[0m[ INFO] [1790444513.259480528]: /rtabmap/rtabmap: subscribe_scan = false[0m
[0m[ INFO] [1790444513.259494960]: /rtabmap/rtabmap: subscribe_scan_cloud = true[0m
[0m[ INFO] [1790444513.259509264]: /rtabmap/rtabmap: subscribe_scan_descriptor = false[0m
[0m[ INFO] [1790444513.259525584]: /rtabmap/rtabmap: topic_queue_size = 10[0m
[0m[ INFO] [1790444513.259538320]: /rtabmap/rtabmap: sync_queue_size = 10[0m
[0m[ INFO] [1790444513.259551761]: /rtabmap/rtabmap: approx_sync = true[0m
[0m[ INFO] [1790444513.272496224]: Setup scan callback[0m
[0m[ INFO] [1790444513.290516520]: 
/rtabmap/rtabmap subscribed to (approx sync):
   /odometry/filtered \
   /helios/points_clean[0m
[0m[ INFO] [1790444513.531868155]: rtabmap 0.21.10 started...[0m
[0m[ INFO] [1790444528.107588129, 1790443562.626301229]: rtabmap (1): Rate=1.00s, Limit=0.000s, Conversion=0.0036s, RTAB-Map=0.1911s, Maps update=0.0003s pub=0.0004s (local map=1, WM=1)[0m
Warning: TF_REPEATED_DATA ignoring data with redundant timestamp for frame odom (parent map) at time 1790443562.878002 according to authority unknown_publisher
         at line 278 in /tmp/binarydeb/ros-noetic-tf2-0.7.7/src/buffer_core.cpp
[33m[ WARN] [1790444528.260268157, 1790443562.778001789]: TF_REPEATED_DATA ignoring data with redundant timestamp for frame odom (parent map) at time 1790443562.878002 according to authority unknown_publisher[0m
Warning: TF_REPEATED_DATA ignoring data with redundant timestamp for frame odom (parent map) at time 1790443562.878002 according to authority /rtabmap/rtabmap
         at line 278 in /tmp/binarydeb/ros-noetic-tf2-0.7.7/src/buffer_core.cpp
[33m[ WARN] [1790444554.086543052, 1790443588.598077449]: We are receiving imu data (buffer=530), but cannot interpolate imu transform at time 1790443588.567482. IMU won't be added to graph.[0m
[33m[ WARN] [1790444557.284829298, 1790443591.801258213]: We are receiving imu data (buffer=592), but cannot interpolate imu transform at time 1790443591.771117. IMU won't be added to graph.[0m
[33m[ WARN] [1790444560.404095465, 1790443594.914546553]: We are receiving imu data (buffer=652), but cannot interpolate imu transform at time 1790443594.873589. IMU won't be added to graph.[0m
[0m[ INFO] [1790444529.084809772, 1790443563.598381631]: rtabmap (2): Rate=1.00s, Limit=0.000s, Conversion=0.0012s, RTAB-Map=0.1876s, Maps update=0.0002s pub=0.0001s (local map=1, WM=1)[0m
[0m[ INFO] [1790444530.256144733, 1790443564.771647781]: rtabmap (3): Rate=1.00s, Limit=0.000s, Conversion=0.0014s, RTAB-Map=0.1636s, Maps update=0.0001s pub=0.0001s (local map=1, WM=1)[0m
[0m[ INFO] [1790444531.258313628, 1790443565.772943098]: rtabmap (4): Rate=1.00s, Limit=0.000s, Conversion=0.0007s, RTAB-Map=0.1502s, Maps update=0.0001s pub=0.0001s (local map=1, WM=1)[0m
[0m[ INFO] [1790444532.365822377, 1790443566.875500048]: rtabmap (5): Rate=1.00s, Limit=0.000s, Conversion=0.0013s, RTAB-Map=0.1676s, Maps update=0.0001s pub=0.0001s (local map=1, WM=1)[0m
[0m[ INFO] [1790444533.355692830, 1790443567.875248595]: rtabmap (6): Rate=1.00s, Limit=0.000s, Conversion=0.0013s, RTAB-Map=0.1691s, Maps update=0.0001s pub=0.0001s (local map=1, WM=1)[0m
[0m[ INFO] [1790444534.463259531, 1790443568.977768872]: rtabmap (7): Rate=1.00s, Limit=0.000s, Conversion=0.0009s, RTAB-Map=0.1715s, Maps update=0.0001s pub=0.0001s (local map=1, WM=1)[0m
[0m[ INFO] [1790444535.476463650, 1790443569.990688636]: rtabmap (8): Rate=1.00s, Limit=0.000s, Conversion=0.0016s, RTAB-Map=0.1752s, Maps update=0.0001s pub=0.0001s (local map=1, WM=1)[0m
[0m[ INFO] [1790444536.561482580, 1790443571.078845520]: rtabmap (9): Rate=1.00s, Limit=0.000s, Conversion=0.0014s, RTAB-Map=0.1692s, Maps update=0.0002s pub=0.0001s (local map=1, WM=1)[0m
[0m[ INFO] [1790444537.566991861, 1790443572.083263781]: rtabmap (10): Rate=1.00s, Limit=0.000s, Conversion=0.0011s, RTAB-Map=0.1735s, Maps update=0.0001s pub=0.0001s (local map=1, WM=1)[0m
[0m[ INFO] [1790444538.668044663, 1790443573.183569247]: rtabmap (11): Rate=1.00s, Limit=0.000s, Conversion=0.0021s, RTAB-Map=0.1733s, Maps update=0.0001s pub=0.0001s (local map=1, WM=1)[0m
[0m[ INFO] [1790444539.664719285, 1790443574.183993511]: rtabmap (12): Rate=1.00s, Limit=0.000s, Conversion=0.0008s, RTAB-Map=0.1643s, Maps update=0.0001s pub=0.0001s (local map=1, WM=1)[0m
[0m[ INFO] [1790444540.749036221, 1790443575.259794737]: rtabmap (13): Rate=1.00s, Limit=0.000s, Conversion=0.0009s, RTAB-Map=0.1566s, Maps update=0.0001s pub=0.0001s (local map=1, WM=1)[0m
[0m[ INFO] [1790444541.787500937, 1790443576.299565483]: rtabmap (14): Rate=1.00s, Limit=0.000s, Conversion=0.0011s, RTAB-Map=0.1748s, Maps update=0.0002s pub=0.0001s (local map=1, WM=1)[0m
[0m[ INFO] [1790444542.869936635, 1790443577.381314294]: rtabmap (15): Rate=1.00s, Limit=0.000s, Conversion=0.0014s, RTAB-Map=0.1696s, Maps update=0.0001s pub=0.0001s (local map=1, WM=1)[0m
[0m[ INFO] [1790444543.947123155, 1790443578.462207415]: rtabmap (16): Rate=1.00s, Limit=0.000s, Conversion=0.0008s, RTAB-Map=0.1535s, Maps update=0.0001s pub=0.0001s (local map=1, WM=1)[0m
[0m[ INFO] [1790444545.049380928, 1790443579.562296779]: rtabmap (17): Rate=1.00s, Limit=0.000s, Conversion=0.0010s, RTAB-Map=0.1540s, Maps update=0.0001s pub=0.0001s (local map=1, WM=1)[0m
[0m[ INFO] [1790444546.034759806, 1790443580.551793431]: rtabmap (18): Rate=1.00s, Limit=0.000s, Conversion=0.0009s, RTAB-Map=0.1562s, Maps update=0.0001s pub=0.0001s (local map=1, WM=1)[0m
[0m[ INFO] [1790444547.163047498, 1790443581.675573361]: rtabmap (19): Rate=1.00s, Limit=0.000s, Conversion=0.0013s, RTAB-Map=0.1739s, Maps update=0.0001s pub=0.0001s (local map=1, WM=1)[0m
[0m[ INFO] [1790444548.153705154, 1790443582.664472886]: rtabmap (20): Rate=1.00s, Limit=0.000s, Conversion=0.0013s, RTAB-Map=0.1670s, Maps update=0.0001s pub=0.0001s (local map=1, WM=1)[0m
[0m[ INFO] [1790444549.170335737, 1790443583.686026115]: rtabmap (21): Rate=1.00s, Limit=0.000s, Conversion=0.0014s, RTAB-Map=0.1618s, Maps update=0.0001s pub=0.0001s (local map=1, WM=1)[0m
[0m[ INFO] [1790444550.149987766, 1790443584.668939620]: rtabmap (22): Rate=1.00s, Limit=0.000s, Conversion=0.0018s, RTAB-Map=0.1650s, Maps update=0.0002s pub=0.0002s (local map=1, WM=1)[0m
[0m[ INFO] [1790444551.262028236, 1790443585.779748397]: rtabmap (23): Rate=1.00s, Limit=0.000s, Conversion=0.0013s, RTAB-Map=0.1732s, Maps update=0.0001s pub=0.0001s (local map=1, WM=1)[0m
[0m[ INFO] [1790444552.249394205, 1790443586.762917392]: rtabmap (24): Rate=1.00s, Limit=0.000s, Conversion=0.0008s, RTAB-Map=0.1635s, Maps update=0.0001s pub=0.0001s (local map=1, WM=1)[0m
[0m[ INFO] [1790444553.252481853, 1790443587.762251653]: rtabmap (25): Rate=1.00s, Limit=0.000s, Conversion=0.0013s, RTAB-Map=0.1677s, Maps update=0.0001s pub=0.0001s (local map=1, WM=1)[0m
[33m[ WARN] (2026-09-26 13:42:34.086) Transform.cpp:557::getTransform() No transform found for stamp 1790443588.567482! Latest is 1790443588.556696[0m
[0m[ INFO] [1790444554.256148578, 1790443588.769330768]: rtabmap (26): Rate=1.00s, Limit=0.000s, Conversion=0.0017s, RTAB-Map=0.1691s, Maps update=0.0001s pub=0.0001s (local map=1, WM=1)[0m
[0m[ INFO] [1790444555.365947869, 1790443589.877549658]: rtabmap (27): Rate=1.00s, Limit=0.000s, Conversion=0.0013s, RTAB-Map=0.1707s, Maps update=0.0002s pub=0.0001s (local map=1, WM=1)[0m
[0m[ INFO] [1790444556.457634223, 1790443590.972771508]: rtabmap (28): Rate=1.00s, Limit=0.000s, Conversion=0.0013s, RTAB-Map=0.1681s, Maps update=0.0001s pub=0.0001s (local map=1, WM=1)[0m
[33m[ WARN] (2026-09-26 13:42:37.284) Transform.cpp:557::getTransform() No transform found for stamp 1790443591.771117! Latest is 1790443591.765497[0m
[0m[ INFO] [1790444557.442715430, 1790443591.962299771]: rtabmap (29): Rate=1.00s, Limit=0.000s, Conversion=0.0011s, RTAB-Map=0.1574s, Maps update=0.0001s pub=0.0001s (local map=1, WM=1)[0m
[0m[ INFO] [1790444558.554215922, 1790443593.064469120]: rtabmap (30): Rate=1.00s, Limit=0.000s, Conversion=0.0013s, RTAB-Map=0.1628s, Maps update=0.0001s pub=0.0001s (local map=1, WM=1)[0m
[0m[ INFO] [1790444559.561362460, 1790443594.075251122]: rtabmap (31): Rate=1.00s, Limit=0.000s, Conversion=0.0008s, RTAB-Map=0.1491s, Maps update=0.0001s pub=0.0001s (local map=1, WM=1)[0m
[33m[ WARN] (2026-09-26 13:42:40.403) Transform.cpp:557::getTransform() No transform found for stamp 1790443594.873589! Latest is 1790443594.873440[0m
[0m[ INFO] [1790444560.553379869, 1790443595.066192743]: rtabmap (32): Rate=1.00s, Limit=0.000s, Conversion=0.0011s, RTAB-Map=0.1488s, Maps update=0.0001s pub=0.0001s (local map=1, WM=1)[0m
[0m[ INFO] [1790444561.675526046, 1790443596.193615427]: rtabmap (33): Rate=1.00s, Limit=0.000s, Conversion=0.0013s, RTAB-Map=0.1843s, Maps update=0.0001s pub=0.0001s (local map=1, WM=1)[0m
[0m[ INFO] [1790444562.683715890, 1790443597.202793793]: rtabmap (34): Rate=1.00s, Limit=0.000s, Conversion=0.0015s, RTAB-Map=0.1672s, Maps update=0.0001s pub=0.0001s (local map=1, WM=1)[0m
Warning: TF_REPEATED_DATA ignoring data with redundant timestamp for frame odom (parent map) at time 1790443597.625669 according to authority unknown_publisher
         at line 278 in /tmp/binarydeb/ros-noetic-tf2-0.7.7/src/buffer_core.cpp
[33m[ WARN] [1790444563.006934602, 1790443597.525669558]: TF_REPEATED_DATA ignoring data with redundant timestamp for frame odom (parent map) at time 1790443597.625669 according to authority unknown_publisher[0m
Warning: TF_REPEATED_DATA ignoring data with redundant timestamp for frame odom (parent map) at time 1790443597.625669 according to authority /rtabmap/rtabmap
         at line 278 in /tmp/binarydeb/ros-noetic-tf2-0.7.7/src/buffer_core.cpp
[0m[ INFO] [1790444563.774809242, 1790443598.292784542]: rtabmap (35): Rate=1.00s, Limit=0.000s, Conversion=0.0013s, RTAB-Map=0.1698s, Maps update=0.0001s pub=0.0001s (local map=1, WM=1)[0m
[0m[ INFO] [1790444564.876967388, 1790443599.390697073]: rtabmap (36): Rate=1.00s, Limit=0.000s, Conversion=0.0013s, RTAB-Map=0.1826s, Maps update=0.0001s pub=0.0001s (local map=1, WM=1)[0m
[0m[ INFO] [1790444565.853565777, 1790443600.365117934]: rtabmap (37): Rate=1.00s, Limit=0.000s, Conversion=0.0011s, RTAB-Map=0.1712s, Maps update=0.0001s pub=0.0001s (local map=1, WM=1)[0m
[0m[ INFO] [1790444566.837725337, 1790443601.348223114]: rtabmap (38): Rate=1.00s, Limit=0.000s, Conversion=0.0010s, RTAB-Map=0.1606s, Maps update=0.0001s pub=0.0001s (local map=1, WM=1)[0m
[0m[ INFO] [1790444567.961666251, 1790443602.479412780]: rtabmap (39): Rate=1.00s, Limit=0.000s, Conversion=0.0013s, RTAB-Map=0.1728s, Maps update=0.0001s pub=0.0001s (local map=1, WM=1)[0m
[0m[ INFO] [1790444568.945829234, 1790443603.456267106]: rtabmap (40): Rate=1.00s, Limit=0.000s, Conversion=0.0008s, RTAB-Map=0.1515s, Maps update=0.0001s pub=0.0001s (local map=1, WM=1)[0m
[0m[ INFO] [1790444570.055599814, 1790443604.567868683]: rtabmap (41): Rate=1.00s, Limit=0.000s, Conversion=0.0013s, RTAB-Map=0.1640s, Maps update=0.0001s pub=0.0001s (local map=1, WM=1)[0m
[0m[ INFO] [1790444571.144021390, 1790443605.659201394]: rtabmap (42): Rate=1.00s, Limit=0.000s, Conversion=0.0013s, RTAB-Map=0.1567s, Maps update=0.0001s pub=0.0001s (local map=1, WM=1)[0m
[0m[ INFO] [1790444572.151050320, 1790443606.663326133]: rtabmap (43): Rate=1.00s, Limit=0.000s, Conversion=0.0014s, RTAB-Map=0.1520s, Maps update=0.0001s pub=0.0001s (local map=1, WM=1)[0m
[0m[ INFO] [1790444573.355951999, 1790443607.868079426]: rtabmap (44): Rate=1.00s, Limit=0.000s, Conversion=0.0013s, RTAB-Map=0.1686s, Maps update=0.0001s pub=0.0001s (local map=1, WM=1)[0m
[0m[ INFO] [1790444574.452210620, 1790443608.970226784]: rtabmap (45): Rate=1.00s, Limit=0.000s, Conversion=0.0010s, RTAB-Map=0.1710s, Maps update=0.0001s pub=0.0002s (local map=1, WM=1)[0m
[0m[ INFO] [1790444575.456996004, 1790443609.972589293]: rtabmap (46): Rate=1.00s, Limit=0.000s, Conversion=0.0010s, RTAB-Map=0.1604s, Maps update=0.0002s pub=0.0001s (local map=1, WM=1)[0m
[0m[ INFO] [1790444576.543545780, 1790443611.062171903]: rtabmap (47): Rate=1.00s, Limit=0.000s, Conversion=0.0008s, RTAB-Map=0.1512s, Maps update=0.0001s pub=0.0001s (local map=1, WM=1)[0m
[0m[ INFO] [1790444577.547745718, 1790443612.064165256]: rtabmap (48): Rate=1.00s, Limit=0.000s, Conversion=0.0021s, RTAB-Map=0.1587s, Maps update=0.0002s pub=0.0001s (local map=1, WM=1)[0m
[0m[ INFO] [1790444578.650927805, 1790443613.160411906]: rtabmap (49): Rate=1.00s, Limit=0.000s, Conversion=0.0013s, RTAB-Map=0.1623s, Maps update=0.0001s pub=0.0001s (local map=1, WM=1)[0m
[0m[ INFO] [1790444579.669082775, 1790443614.181392508]: rtabmap (50): Rate=1.00s, Limit=0.000s, Conversion=0.0021s, RTAB-Map=0.1663s, Maps update=0.0002s pub=0.0001s (local map=1, WM=1)[0m
[0m[ INFO] [1790444580.749886054, 1790443615.269229529]: rtabmap (51): Rate=1.00s, Limit=0.000s, Conversion=0.0008s, RTAB-Map=0.1495s, Maps update=0.0002s pub=0.0001s (local map=1, WM=1)[0m
[0m[ INFO] [1790444581.737567023, 1790443616.249816755]: rtabmap (52): Rate=1.00s, Limit=0.000s, Conversion=0.0008s, RTAB-Map=0.1493s, Maps update=0.0001s pub=0.0001s (local map=1, WM=1)[0m
[0m[ INFO] [1790444582.768465461, 1790443617.282857393]: rtabmap (53): Rate=1.00s, Limit=0.000s, Conversion=0.0013s, RTAB-Map=0.1777s, Maps update=0.0001s pub=0.0001s (local map=1, WM=1)[0m
[0m[ INFO] [1790444583.858310374, 1790443618.372058267]: rtabmap (54): Rate=1.00s, Limit=0.000s, Conversion=0.0013s, RTAB-Map=0.1657s, Maps update=0.0001s pub=0.0001s (local map=1, WM=1)[0m
[0m[ INFO] [1790444584.867416795, 1790443619.382583519]: rtabmap (55): Rate=1.00s, Limit=0.000s, Conversion=0.0013s, RTAB-Map=0.1692s, Maps update=0.0001s pub=0.0001s (local map=1, WM=1)[0m
[0m[ INFO] [1790444586.047558705, 1790443620.560944674]: rtabmap (56): Rate=1.00s, Limit=0.000s, Conversion=0.0012s, RTAB-Map=0.1563s, Maps update=0.0001s pub=0.0001s (local map=1, WM=1)[0m
[0m[ INFO] [1790444587.066403312, 1790443621.578459923]: rtabmap (57): Rate=1.00s, Limit=0.000s, Conversion=0.0008s, RTAB-Map=0.1695s, Maps update=0.0001s pub=0.0001s (local map=1, WM=1)[0m
[0m[ INFO] [1790444588.049451523, 1790443622.559594736]: rtabmap (58): Rate=1.00s, Limit=0.000s, Conversion=0.0008s, RTAB-Map=0.1520s, Maps update=0.0001s pub=0.0001s (local map=1, WM=1)[0m
[0m[ INFO] [1790444589.149666725, 1790443623.659523887]: rtabmap (59): Rate=1.00s, Limit=0.000s, Conversion=0.0013s, RTAB-Map=0.1889s, Maps update=0.0001s pub=0.0001s (local map=1, WM=1)[0m
[0m[ INFO] [1790444590.164610296, 1790443624.680820424]: rtabmap (60): Rate=1.00s, Limit=0.000s, Conversion=0.0012s, RTAB-Map=0.1679s, Maps update=0.0001s pub=0.0001s (local map=1, WM=1)[0m
[0m[ INFO] [1790444591.254987787, 1790443625.766802507]: rtabmap (61): Rate=1.00s, Limit=0.000s, Conversion=0.0012s, RTAB-Map=0.1670s, Maps update=0.0001s pub=0.0001s (local map=1, WM=1)[0m
[0m[ INFO] [1790444592.380751782, 1790443626.895099553]: rtabmap (62): Rate=1.00s, Limit=0.000s, Conversion=0.0012s, RTAB-Map=0.1763s, Maps update=0.0001s pub=0.0001s (local map=1, WM=1)[0m
[0m[ INFO] [1790444593.340941722, 1790443627.855140948]: rtabmap (63): Rate=1.00s, Limit=0.000s, Conversion=0.0014s, RTAB-Map=0.1528s, Maps update=0.0001s pub=0.0001s (local map=1, WM=1)[0m
[0m[ INFO] [1790444594.384127043, 1790443628.903194899]: rtabmap (64): Rate=1.00s, Limit=0.000s, Conversion=0.0011s, RTAB-Map=0.1863s, Maps update=0.0001s pub=0.0001s (local map=1, WM=1)[0m
[0m[ INFO] [1790444595.445590325, 1790443629.962980755]: rtabmap (65): Rate=1.00s, Limit=0.000s, Conversion=0.0013s, RTAB-Map=0.1551s, Maps update=0.0001s pub=0.0001s (local map=1, WM=1)[0m
[0m[ INFO] [1790444596.489097313, 1790443631.001818539]: rtabmap (66): Rate=1.00s, Limit=0.000s, Conversion=0.0014s, RTAB-Map=0.1521s, Maps update=0.0001s pub=0.0001s (local map=1, WM=1)[0m
[0m[ INFO] [1790444597.474361481, 1790443631.984019504]: rtabmap (67): Rate=1.00s, Limit=0.000s, Conversion=0.0008s, RTAB-Map=0.1620s, Maps update=0.0002s pub=0.0001s (local map=1, WM=1)[0m
[0m[ INFO] [1790444598.486737787, 1790443633.003856790]: rtabmap (68): Rate=1.00s, Limit=0.000s, Conversion=0.0013s, RTAB-Map=0.1698s, Maps update=0.0001s pub=0.0001s (local map=1, WM=1)[0m
[0m[ INFO] [1790444599.641046894, 1790443634.157766308]: rtabmap (69): Rate=1.00s, Limit=0.000s, Conversion=0.0013s, RTAB-Map=0.1509s, Maps update=0.0001s pub=0.0001s (local map=1, WM=1)[0m
[0m[ INFO] [1790444600.649570773, 1790443635.167497944]: rtabmap (70): Rate=1.00s, Limit=0.000s, Conversion=0.0014s, RTAB-Map=0.1617s, Maps update=0.0001s pub=0.0001s (local map=1, WM=1)[0m
[0m[ INFO] [1790444601.639546159, 1790443636.157735765]: rtabmap (71): Rate=1.00s, Limit=0.000s, Conversion=0.0010s, RTAB-Map=0.1521s, Maps update=0.0001s pub=0.0001s (local map=1, WM=1)[0m
[0m[ INFO] [1790444602.738834144, 1790443637.249303857]: rtabmap (72): Rate=1.00s, Limit=0.000s, Conversion=0.0011s, RTAB-Map=0.1506s, Maps update=0.0001s pub=0.0001s (local map=1, WM=1)[0m
[0m[ INFO] [1790444603.778904611, 1790443638.288494474]: rtabmap (73): Rate=1.00s, Limit=0.000s, Conversion=0.0013s, RTAB-Map=0.1700s, Maps update=0.0001s pub=0.0001s (local map=1, WM=1)[0m
[0m[ INFO] [1790444604.753383568, 1790443639.270642092]: rtabmap (74): Rate=1.00s, Limit=0.000s, Conversion=0.0009s, RTAB-Map=0.1645s, Maps update=0.0001s pub=0.0001s (local map=1, WM=1)[0m
[0m[ INFO] [1790444605.869423065, 1790443640.383001196]: rtabmap (75): Rate=1.00s, Limit=0.000s, Conversion=0.0012s, RTAB-Map=0.1607s, Maps update=0.0001s pub=0.0001s (local map=1, WM=1)[0m
[0m[ INFO] [1790444606.985665572, 1790443641.496352279]: rtabmap (76): Rate=1.00s, Limit=0.000s, Conversion=0.0012s, RTAB-Map=0.1689s, Maps update=0.0001s pub=0.0001s (local map=1, WM=1)[0m
[0m[ INFO] [1790444607.952696574, 1790443642.467976996]: rtabmap (77): Rate=1.00s, Limit=0.000s, Conversion=0.0008s, RTAB-Map=0[33m[ WARN] [1790444634.487758208, 1790443668.999471774]: We are receiving imu data (buffer=1000), but cannot interpolate imu transform at time 1790443668.968785. IMU won't be added to graph.[0m
.1636s, Maps update=0.0001s pub=0.0001s (local map=1, WM=1)[0m
[0m[ INFO] [1790444609.060501098, 1790443643.578653680]: rtabmap (78): Rate=1.00s, Limit=0.000s, Conversion=0.0013s, RTAB-Map=0.1627s, Maps update=0.0001s pub=0.0002s (local map=1, WM=1)[0m
[0m[ INFO] [1790444610.181939245, 1790443644.700937212]: rtabmap (79): Rate=1.00s, Limit=0.000s, Conversion=0.0012s, RTAB-Map=0.1716s, Maps update=0.0002s pub=0.0001s (local map=1, WM=1)[0m
[0m[ INFO] [1790444611.159961375, 1790443645.674740479]: rtabmap (80): Rate=1.00s, Limit=0.000s, Conversion=0.0013s, RTAB-Map=0.1699s, Maps update=0.0001s pub=0.0001s (local map=1, WM=1)[0m
[0m[ INFO] [1790444612.265023276, 1790443646.775124248]: rtabmap (81): Rate=1.00s, Limit=0.000s, Conversion=0.0012s, RTAB-Map=0.1720s, Maps update=0.0001s pub=0.0001s (local map=1, WM=1)[0m
[0m[ INFO] [1790444613.363356174, 1790443647.873871391]: rtabmap (82): Rate=1.00s, Limit=0.000s, Conversion=0.0008s, RTAB-Map=0.1511s, Maps update=0.0001s pub=0.0001s (local map=1, WM=1)[0m
[0m[ INFO] [1790444614.461092200, 1790443648.973570799]: rtabmap (83): Rate=1.00s, Limit=0.000s, Conversion=0.0014s, RTAB-Map=0.1578s, Maps update=0.0001s pub=0.0001s (local map=1, WM=1)[0m
[0m[ INFO] [1790444615.468553758, 1790443649.980467487]: rtabmap (84): Rate=1.00s, Limit=0.000s, Conversion=0.0013s, RTAB-Map=0.1610s, Maps update=0.0001s pub=0.0001s (local map=1, WM=1)[0m
[0m[ INFO] [1790444616.564832648, 1790443651.079869067]: rtabmap (85): Rate=1.00s, Limit=0.000s, Conversion=0.0009s, RTAB-Map=0.1681s, Maps update=0.0001s pub=0.0001s (local map=1, WM=1)[0m
[0m[ INFO] [1790444617.660631372, 1790443652.179631611]: rtabmap (86): Rate=1.00s, Limit=0.000s, Conversion=0.0008s, RTAB-Map=0.1660s, Maps update=0.0001s pub=0.0001s (local map=1, WM=1)[0m
[0m[ INFO] [1790444618.651524425, 1790443653.170354902]: rtabmap (87): Rate=1.00s, Limit=0.000s, Conversion=0.0013s, RTAB-Map=0.1508s, Maps update=0.0001s pub=0.0001s (local map=1, WM=1)[0m
[0m[ INFO] [1790444619.870394875, 1790443654.385734081]: rtabmap (88): Rate=1.00s, Limit=0.000s, Conversion=0.0013s, RTAB-Map=0.1695s, Maps update=0.0001s pub=0.0001s (local map=1, WM=1)[0m
[0m[ INFO] [1790444620.859397474, 1790443655.376373371]: rtabmap (89): Rate=1.00s, Limit=0.000s, Conversion=0.0013s, RTAB-Map=0.1666s, Maps update=0.0001s pub=0.0001s (local map=1, WM=1)[0m
[0m[ INFO] [1790444622.070333788, 1790443656.586352074]: rtabmap (90): Rate=1.00s, Limit=0.000s, Conversion=0.0013s, RTAB-Map=0.1732s, Maps update=0.0001s pub=0.0001s (local map=1, WM=1)[0m
[0m[ INFO] [1790444623.079672355, 1790443657.595609680]: rtabmap (91): Rate=1.00s, Limit=0.000s, Conversion=0.0008s, RTAB-Map=0.1593s, Maps update=0.0002s pub=0.0001s (local map=1, WM=1)[0m
[0m[ INFO] [1790444624.266353295, 1790443658.783567338]: rtabmap (92): Rate=1.00s, Limit=0.000s, Conversion=0.0021s, RTAB-Map=0.1628s, Maps update=0.0001s pub=0.0001s (local map=1, WM=1)[0m
[0m[ INFO] [1790444625.349103008, 1790443659.863511228]: rtabmap (93): Rate=1.00s, Limit=0.000s, Conversion=0.0009s, RTAB-Map=0.1519s, Maps update=0.0001s pub=0.0001s (local map=1, WM=1)[0m
[0m[ INFO] [1790444626.359701396, 1790443660.875268733]: rtabmap (94): Rate=1.00s, Limit=0.000s, Conversion=0.0013s, RTAB-Map=0.1669s, Maps update=0.0001s pub=0.0001s (local map=1, WM=1)[0m
[0m[ INFO] [1790444627.365962647, 1790443661.875657599]: rtabmap (95): Rate=1.00s, Limit=0.000s, Conversion=0.0012s, RTAB-Map=0.1652s, Maps update=0.0001s pub=0.0001s (local map=1, WM=1)[0m
[0m[ INFO] [1790444628.444006482, 1790443662.961448016]: rtabmap (96): Rate=1.00s, Limit=0.000s, Conversion=0.0013s, RTAB-Map=0.1552s, Maps update=0.0001s pub=0.0001s (local map=1, WM=1)[0m
[0m[ INFO] [1790444629.441635318, 1790443663.951927652]: rtabmap (97): Rate=1.00s, Limit=0.000s, Conversion=0.0008s, RTAB-Map=0.1517s, Maps update=0.0001s pub=0.0001s (local map=1, WM=1)[0m
[0m[ INFO] [1790444630.599601282, 1790443665.111810342]: rtabmap (98): Rate=1.00s, Limit=0.000s, Conversion=0.0013s, RTAB-Map=0.1667s, Maps update=0.0001s pub=0.0001s (local map=1, WM=1)[0m
[0m[ INFO] [1790444631.643357890, 1790443666.157188823]: rtabmap (99): Rate=1.00s, Limit=0.000s, Conversion=0.0013s, RTAB-Map=0.1660s, Maps update=0.0001s pub=0.0001s (local map=1, WM=1)[0m
[0m[ INFO] [1790444632.636881814, 1790443667.146996291]: rtabmap (100): Rate=1.00s, Limit=0.000s, Conversion=0.0008s, RTAB-Map=0.1568s, Maps update=0.0001s pub=0.0001s (local map=1, WM=1)[0m
[0m[ INFO] [1790444633.657281491, 1790443668.169301173]: rtabmap (101): Rate=1.00s, Limit=0.000s, Conversion=0.0011s, RTAB-Map=0.1706s, Maps update=0.0001s pub=0.0001s (local map=1, WM=1)[0m
[33m[ WARN] (2026-09-26 13:43:54.487) Transform.cpp:557::getTransform() No transform found for stamp 1790443668.968785! Latest is 1790443668.958293[0m
[0m[ INFO] [1790444634.657490737, 1790443669.170655551]: rtabmap (102): Rate=1.00s, Limit=0.000s, Conversion=0.0015s, RTAB-Map=0.1692s, Maps update=0.0001s pub=0.0001s (local map=1, WM=1)[0m
[0m[ INFO] [1790444635.743407808, 1790443670.262582929]: rtabmap (103): Rate=1.00s, Limit=0.000s, Conversion=0.0008s, RTAB-Map=0.1538s, Maps update=0.0001s pub=0.0001s (local map=1, WM=1)[0m
[0m[ INFO] [1790444636.889386021, 1790443671.401638346]: rtabmap (104): Rate=1.00s, Limit=0.000s, Conversion=0.0011s, RTAB-Map=0.1568s, Maps update=0.0001s pub=0.0001s (local map=1, WM=1)[0m
[0m[ INFO] [1790444637.882675573, 1790443672.401011933]: rtabmap (105): Rate=1.00s, Limit=0.000s, Conversion=0.0009s, RTAB-Map=0.1544s, Maps update=0.0001s pub=0.0001s (local map=1, WM=1)[0m
[0m[ INFO] [1790444638.961432532, 1790443673.480233281]: rtabmap (106): Rate=1.00s, Limit=0.000s, Conversion=0.0014s, RTAB-Map=0.1694s, Maps update=0.0001s pub=0.0001s (local map=1, WM=1)[0m
[0m[ INFO] [1790444639.965414617, 1790443674.479698196]: rtabmap (107): Rate=1.00s, Limit=0.000s, Conversion=0.0013s, RTAB-Map=0.1688s, Maps update=0.0001s pub=0.0001s (local map=1, WM=1)[0m
[0m[ INFO] [1790444641.058389716, 1790443675.569444779]: rtabmap (108): Rate=1.00s, Limit=0.000s, Conversion=0.0008s, RTAB-Map=0.1541s, Maps update=0.0001s pub=0.0001s (local map=1, WM=1)[0m
[0m[ INFO] [1790444642.165658348, 1790443676.681351990]: rtabmap (109): Rate=1.00s, Limit=0.000s, Conversion=0.0013s, RTAB-Map=0.1745s, Maps update=0.0001s pub=0.0001s (local map=1, WM=1)[0m
[0m[ INFO] [1790444643.115068214, 1790443677.633846402]: rtabmap (110): Rate=1.00s, Limit=0.000s, Conversion=0.0013s, RTAB-Map=0.1862s, Maps update=0.0001s pub=0.0002s (local map=1, WM=1)[0m
[0m[ INFO] [1790444644.169395333, 1790443678.684588714]: rtabmap (111): Rate=1.00s, Limit=0.000s, Conversion=0.0008s, RTAB-Map=0.1643s, Maps update=0.0001s pub=0.0001s (local map=1, WM=1)[0m
[0m[ INFO] [1790444645.160916894, 1790443679.676573992]: rtabmap (112): Rate=1.00s, Limit=0.000s, Conversion=0.0013s, RTAB-Map=0.1681s, Maps update=0.0001s pub=0.0001s (local map=1, WM=1)[0m
[0m[ INFO] [1790444646.253176559, 1790443680.765271602]: rtabmap (113): Rate=1.00s, Limit=0.000s, Conversion=0.0011s, RTAB-Map=0.1642s, Maps update=0.0001s pub=0.0001s (local map=1, WM=1)[0m
[0m[ INFO] [1790444647.243424474, 1790443681.758771232]: rtabmap (114): Rate=1.00s, Limit=0.000s, Conversion=0.0011s, RTAB-Map=0.1558s, Maps update=0.0001s pub=0.0001s (local map=1, WM=1)[0m
[0m[ INFO] [1790444648.252870872, 1790443682.767726521]: rtabmap (115): Rate=1.00s, Limit=0.000s, Conversion=0.0013s, RTAB-Map=0.1692s, Maps update=0.0002s pub=0.0001s (local map=1, WM=1)[0m
[0m[ INFO] [1790444649.349574392, 1790443683.858560633]: rtabmap (116): Rate=1.00s, Limit=0.000s, Conversion=0.0013s, RTAB-Map=0.1648s, Maps update=0.0001s pub=0.0001s (local map=1, WM=1)[0m
[0m[ INFO] [1790444650.461592225, 1790443684.971139784]: rtabmap (117): Rate=1.00s, Limit=0.000s, Conversion=0.0013s, RTAB-Map=0.1727s, Maps update=0.0001s pub=0.0001s (local map=1, WM=1)[0m
[0m[ INFO] [1790444651.563050837, 1790443686.073838793]: rtabmap (118): Rate=1.00s, Limit=0.000s, Conversion=0.0013s, RTAB-Map=0.1737s, Maps update=0.0001s pub=0.0001s (local map=1, WM=1)[0m
[0m[ INFO] [1790444652.640125243, 1790443687.157145524]: rtabmap (119): Rate=1.00s[33m[ WARN] [1790444657.792741582, 1790443692.309657766]: We are receiving imu data (buffer=1000), but cannot interpolate imu transform at time 1790443692.259383. IMU won't be added to graph.[0m
[33m[ WARN] [1790444692.589527135, 1790443727.104675268]: We are receiving imu data (buffer=1000), but cannot interpolate imu transform at time 1790443727.064243. IMU won't be added to graph.[0m
, Limit=0.000s, Conversion=0.0014s, RTAB-Map=0.1556s, Maps update=0.0001s pub=0.0001s (local map=1, WM=1)[0m
[0m[ INFO] [1790444653.706723597, 1790443688.218073832]: rtabmap (120): Rate=1.00s, Limit=0.000s, Conversion=0.0011s, RTAB-Map=0.1701s, Maps update=0.0001s pub=0.0001s (local map=1, WM=1)[0m
[0m[ INFO] [1790444654.857610017, 1790443689.370102536]: rtabmap (121): Rate=1.00s, Limit=0.000s, Conversion=0.0011s, RTAB-Map=0.1722s, Maps update=0.0001s pub=0.0001s (local map=1, WM=1)[0m
[0m[ INFO] [1790444655.837950171, 1790443690.349239605]: rtabmap (122): Rate=1.00s, Limit=0.000s, Conversion=0.0009s, RTAB-Map=0.1586s, Maps update=0.0001s pub=0.0001s (local map=1, WM=1)[0m
[0m[ INFO] [1790444656.856806142, 1790443691.370950103]: rtabmap (123): Rate=1.00s, Limit=0.000s, Conversion=0.0009s, RTAB-Map=0.1649s, Maps update=0.0001s pub=0.0001s (local map=1, WM=1)[0m
[33m[ WARN] (2026-09-26 13:44:17.792) Transform.cpp:557::getTransform() No transform found for stamp 1790443692.259383! Latest is 1790443692.258792[0m
[0m[ INFO] [1790444657.959191449, 1790443692.472330503]: rtabmap (124): Rate=1.00s, Limit=0.000s, Conversion=0.0017s, RTAB-Map=0.1660s, Maps update=0.0001s pub=0.0001s (local map=1, WM=1)[0m
[0m[ INFO] [1790444659.000864470, 1790443693.513093178]: rtabmap (125): Rate=1.00s, Limit=0.000s, Conversion=0.0013s, RTAB-Map=0.1880s, Maps update=0.0001s pub=0.0001s (local map=1, WM=1)[0m
[0m[ INFO] [1790444660.164617973, 1790443694.683179103]: rtabmap (126): Rate=1.00s, Limit=0.000s, Conversion=0.0013s, RTAB-Map=0.1735s, Maps update=0.0001s pub=0.0001s (local map=1, WM=1)[0m
[0m[ INFO] [1790444661.163207575, 1790443695.674691091]: rtabmap (127): Rate=1.00s, Limit=0.000s, Conversion=0.0008s, RTAB-Map=0.1549s, Maps update=0.0001s pub=0.0001s (local map=1, WM=1)[0m
[0m[ INFO] [1790444662.244562600, 1790443696.756055364]: rtabmap (128): Rate=1.00s, Limit=0.000s, Conversion=0.0008s, RTAB-Map=0.1575s, Maps update=0.0001s pub=0.0001s (local map=1, WM=1)[0m
[0m[ INFO] [1790444663.288304698, 1790443697.807093287]: rtabmap (129): Rate=1.00s, Limit=0.000s, Conversion=0.0011s, RTAB-Map=0.1717s, Maps update=0.0001s pub=0.0001s (local map=1, WM=1)[0m
[0m[ INFO] [1790444664.263587738, 1790443698.775017205]: rtabmap (130): Rate=1.00s, Limit=0.000s, Conversion=0.0013s, RTAB-Map=0.1748s, Maps update=0.0001s pub=0.0001s (local map=1, WM=1)[0m
[0m[ INFO] [1790444665.354873944, 1790443699.868551756]: rtabmap (131): Rate=1.00s, Limit=0.000s, Conversion=0.0013s, RTAB-Map=0.1635s, Maps update=0.0001s pub=0.0001s (local map=1, WM=1)[0m
[0m[ INFO] [1790444666.367141198, 1790443700.885687256]: rtabmap (132): Rate=1.00s, Limit=0.000s, Conversion=0.0013s, RTAB-Map=0.1593s, Maps update=0.0001s pub=0.0001s (local map=1, WM=1)[0m
[0m[ INFO] [1790444667.488405461, 1790443702.001222720]: rtabmap (133): Rate=1.00s, Limit=0.000s, Conversion=0.0010s, RTAB-Map=0.1559s, Maps update=0.0001s pub=0.0001s (local map=1, WM=1)[0m
[0m[ INFO] [1790444668.491871593, 1790443703.007713590]: rtabmap (134): Rate=1.00s, Limit=0.000s, Conversion=0.0011s, RTAB-Map=0.1751s, Maps update=0.0002s pub=0.0001s (local map=1, WM=1)[0m
[0m[ INFO] [1790444669.567094036, 1790443704.085363291]: rtabmap (135): Rate=1.00s, Limit=0.000s, Conversion=0.0011s, RTAB-Map=0.1704s, Maps update=0.0001s pub=0.0002s (local map=1, WM=1)[0m
[0m[ INFO] [1790444670.649163050, 1790443705.167878230]: rtabmap (136): Rate=1.00s, Limit=0.000s, Conversion=0.0009s, RTAB-Map=0.1535s, Maps update=0.0001s pub=0.0001s (local map=1, WM=1)[0m
[0m[ INFO] [1790444671.651869909, 1790443706.162082339]: rtabmap (137): Rate=1.00s, Limit=0.000s, Conversion=0.0008s, RTAB-Map=0.1585s, Maps update=0.0001s pub=0.0001s (local map=1, WM=1)[0m
[0m[ INFO] [1790444672.662470998, 1790443707.181426725]: rtabmap (138): Rate=1.00s, Limit=0.000s, Conversion=0.0008s, RTAB-Map=0.1541s, Maps update=0.0002s pub=0.0001s (local map=1, WM=1)[0m
[0m[ INFO] [1790444673.759550128, 1790443708.271728532]: rtabmap (139): Rate=1.00s, Limit=0.000s, Conversion=0.0013s, RTAB-Map=0.1696s, Maps update=0.0001s pub=0.0001s (local map=1, WM=1)[0m
[0m[ INFO] [1790444674.767452435, 1790443709.280896549]: rtabmap (140): Rate=1.00s, Limit=0.000s, Conversion=0.0008s, RTAB-Map=0.1590s, Maps update=0.0001s pub=0.0001s (local map=1, WM=1)[0m
[0m[ INFO] [1790444675.757340399, 1790443710.270294108]: rtabmap (141): Rate=1.00s, Limit=0.000s, Conversion=0.0012s, RTAB-Map=0.1724s, Maps update=0.0002s pub=0.0001s (local map=1, WM=1)[0m
[0m[ INFO] [1790444676.869358893, 1790443711.386156451]: rtabmap (142): Rate=1.00s, Limit=0.000s, Conversion=0.0013s, RTAB-Map=0.1846s, Maps update=0.0001s pub=0.0001s (local map=1, WM=1)[0m
[0m[ INFO] [1790444677.846378330, 1790443712.357224527]: rtabmap (143): Rate=1.00s, Limit=0.000s, Conversion=0.0013s, RTAB-Map=0.1612s, Maps update=0.0001s pub=0.0001s (local map=1, WM=1)[0m
[0m[ INFO] [1790444678.920611414, 1790443713.436302401]: rtabmap (144): Rate=1.00s, Limit=0.000s, Conversion=0.0013s, RTAB-Map=0.1758s, Maps update=0.0001s pub=0.0001s (local map=1, WM=1)[0m
[0m[ INFO] [1790444679.966194710, 1790443714.477367151]: rtabmap (145): Rate=1.00s, Limit=0.000s, Conversion=0.0014s, RTAB-Map=0.1703s, Maps update=0.0001s pub=0.0001s (local map=1, WM=1)[0m
[0m[ INFO] [1790444680.977149464, 1790443715.486747360]: rtabmap (146): Rate=1.00s, Limit=0.000s, Conversion=0.0009s, RTAB-Map=0.1716s, Maps update=0.0002s pub=0.0001s (local map=1, WM=1)[0m
[0m[ INFO] [1790444682.164178606, 1790443716.676992889]: rtabmap (147): Rate=1.00s, Limit=0.000s, Conversion=0.0015s, RTAB-Map=0.1721s, Maps update=0.0001s pub=0.0001s (local map=1, WM=1)[0m
[0m[ INFO] [1790444683.251853852, 1790443717.765703827]: rtabmap (148): Rate=1.00s, Limit=0.000s, Conversion=0.0010s, RTAB-Map=0.1580s, Maps update=0.0001s pub=0.0001s (local map=1, WM=1)[0m
[0m[ INFO] [1790444684.353443748, 1790443718.864473947]: rtabmap (149): Rate=1.00s, Limit=0.000s, Conversion=0.0014s, RTAB-Map=0.1600s, Maps update=0.0001s pub=0.0001s (local map=1, WM=1)[0m
[0m[ INFO] [1790444685.347781325, 1790443719.861654436]: rtabmap (150): Rate=1.00s, Limit=0.000s, Conversion=0.0011s, RTAB-Map=0.1662s, Maps update=0.0001s pub=0.0001s (local map=1, WM=1)[0m
[0m[ INFO] [1790444686.376947062, 1790443720.891015278]: rtabmap (151): Rate=1.00s, Limit=0.000s, Conversion=0.0008s, RTAB-Map=0.1527s, Maps update=0.0001s pub=0.0001s (local map=1, WM=1)[0m
[0m[ INFO] [1790444687.458351902, 1790443721.971768975]: rtabmap (152): Rate=1.00s, Limit=0.000s, Conversion=0.0013s, RTAB-Map=0.1681s, Maps update=0.0001s pub=0.0001s (local map=1, WM=1)[0m
[0m[ INFO] [1790444688.564419092, 1790443723.083564133]: rtabmap (153): Rate=1.00s, Limit=0.000s, Conversion=0.0013s, RTAB-Map=0.1688s, Maps update=0.0001s pub=0.0001s (local map=1, WM=1)[0m
[0m[ INFO] [1790444689.541711872, 1790443724.053174012]: rtabmap (154): Rate=1.00s, Limit=0.000s, Conversion=0.0009s, RTAB-Map=0.1543s, Maps update=0.0001s pub=0.0001s (local map=1, WM=1)[0m
[0m[ INFO] [1790444690.662146453, 1790443725.173728338]: rtabmap (155): Rate=1.00s, Limit=0.000s, Conversion=0.0014s, RTAB-Map=0.1742s, Maps update=0.0001s pub=0.0001s (local map=2, WM=2)[0m
[0m[ INFO] [1790444691.771577551, 1790443726.284863487]: rtabmap (156): Rate=1.00s, Limit=0.000s, Conversion=0.0017s, RTAB-Map=0.1785s, Maps update=0.0001s pub=0.0001s (local map=3, WM=3)[0m
[33m[ WARN] (2026-09-26 13:44:52.589) Transform.cpp:557::getTransform() No transform found for stamp 1790443727.064243! Latest is 1790443727.054721[0m
[0m[ INFO] [1790444692.742327730, 1790443727.255898373]: rtabmap (157): Rate=1.00s, Limit=0.000s, Conversion=0.0012s, RTAB-Map=0.1523s, Maps update=0.0001s pub=0.0001s (local map=4, WM=4)[0m
[0m[ INFO] [1790444693.856815460, 1790443728.367645209]: rtabmap (158): Rate=1.00s, Limit=0.000s, Conversion=0.0012s, RTAB-Map=0.1627s, Maps update=0.0001s pub=0.0001s (local map=5, WM=5)[0m
[0m[ INFO] [1790444694.969048060, 1790443729.479284234]: rtabmap (159): Rate=1.00s, Limit=0.000s, Conversion=0.0013s, RTAB-Map=0.1718s, Maps update=0.0001s pub=0.0001s (local map=6, WM=6)[0m
[0m[ INFO] [1790444695.964666703, 1790443730.479044811]: rtabmap (160): Rate=1.00s, Limit=0.000s, Conversion=0.0013s, RTAB-Map=0.1677s, Maps update=0.0001s pub=0.0001s (local map=7, WM=7)[0m
Warning: TF_REPEATED_DATA ignoring data with redundant timestamp for frame odom (parent map) at time 1790443731.206905 according to authority unknown_publisher
         at line 278 in /tmp/binarydeb/ros-noetic-tf2-0.7.7/src/buffer_core.cpp
[33m[ WARN] [1790444696.588321859, 1790443731.106904717]: TF_REPEATED_DATA ignoring data with redundant timestamp for frame odom (parent map) at time 1790443731.206905 according to authority unknown_publisher[0m
Warning: TF_REPEATED_DATA ignoring data with redundant timestamp for frame odom (parent map) at time 1790443731.206905 according to authority /rtabmap/rtabmap
         at line 278 in /tmp/binarydeb/ros-noetic-tf2-0.7.7/src/buffer_core.cpp
[33m[ WARN] [1790444700.103219216, 1790443734.620546285]: We are receiving imu data (buffer=1000), but cannot interpolate imu transform at time 1790443734.570186. IMU won't be added to graph.[0m
[0m[ INFO] [1790444696.997628990, 1790443731.509663136]: rtabmap (161): Rate=1.00s, Limit=0.000s, Conversion=0.0013s, RTAB-Map=0.1729s, Maps update=0.0001s pub=0.0001s (local map=8, WM=8)[0m
[0m[ INFO] [1790444698.041765031, 1790443732.559421639]: rtabmap (162): Rate=1.00s, Limit=0.000s, Conversion=0.0012s, RTAB-Map=0.1490s, Maps update=0.0001s pub=0.0001s (local map=9, WM=9)[0m
[0m[ INFO] [1790444699.250870984, 1790443733.768972781]: rtabmap (163): Rate=1.00s, Limit=0.000s, Conversion=0.0008s, RTAB-Map=0.1610s, Maps update=0.0001s pub=0.0001s (local map=10, WM=10)[0m
[33m[ WARN] (2026-09-26 13:45:00.103) Transform.cpp:557::getTransform() No transform found for stamp 1790443734.570186! Latest is 1790443734.568408[0m
[0m[ INFO] [1790444700.258824065, 1790443734.772583095]: rtabmap (164): Rate=1.00s, Limit=0.000s, Conversion=0.0024s, RTAB-Map=0.1551s, Maps update=0.0001s pub=0.0001s (local map=11, WM=11)[0m
[0m[ INFO] [1790444701.342350491, 1790443735.861395498]: rtabmap (165): Rate=1.00s, Limit=0.000s, Conversion=0.0009s, RTAB-Map=0.1459s, Maps update=0.0001s pub=0.0001s (local map=12, WM=12)[0m
[0m[ INFO] [1790444702.476134941, 1790443736.991745095]: rtabmap (166): Rate=1.00s, Limit=0.000s, Conversion=0.0019s, RTAB-Map=0.1685s, Maps update=0.0001s pub=0.0001s (local map=13, WM=13)[0m
[0m[ INFO] [1790444703.457249230, 1790443737.969149199]: rtabmap (167): Rate=1.00s, Limit=0.000s, Conversion=0.0012s, RTAB-Map=0.1623s, Maps update=0.0001s pub=0.0001s (local map=14, WM=14)[0m
[0m[ INFO] [1790444704.552998733, 1790443739.071536055]: rtabmap (168): Rate=1.00s, Limit=0.000s, Conversion=0.0013s, RTAB-Map=0.1548s, Maps update=0.0001s pub=0.0001s (local map=15, WM=15)[0m
[0m[ INFO] [1790444705.660169833, 1790443740.175856403]: rtabmap (169): Rate=1.00s, Limit=0.000s, Conversion=0.0021s, RTAB-Map=0.1558s, Maps update=0.0001s pub=0.0001s (local map=16, WM=16)[0m
[0m[ INFO] [1790444706.755907495, 1790443741.274388496]: rtabmap (170): Rate=1.00s, Limit=0.000s, Conversion=0.0013s, RTAB-Map=0.1686s, Maps update=0.0001s pub=0.0001s (local map=17, WM=17)[0m
[0m[ INFO] [1790444707.723840485, 1790443742.235686757]: rtabmap (171): Rate=1.00s, Limit=0.000s, Conversion=0.0008s, RTAB-Map=0.1507s, Maps update=0.0001s pub=0.0001s (local map=18, WM=18)[0m
[0m[ INFO] [1790444708.855245034, 1790443743.370389199]: rtabmap (172): Rate=1.00s, Limit=0.000s, Conversion=0.0013s, RTAB-Map=0.1703s, Maps update=0.0001s pub=0.0001s (local map=19, WM=19)[0m
[0m[ INFO] [1790444709.957313197, 1790443744.473200313]: rtabmap (173): Rate=1.00s, Limit=0.000s, Conversion=0.0012s, RTAB-Map=0.1674s, Maps update=0.0001s pub=0.0001s (local map=20, WM=20)[0m
[0m[ INFO] [1790444710.966421839, 1790443745.485517119]: rtabmap (174): Rate=1.00s, Limit=0.000s, Conversion=0.0012s, RTAB-Map=0.1662s, Maps update=0.0001s pub=0.0001s (local map=21, WM=21)[0m
[0m[ INFO] [1790444711.960825871, 1790443746.475896275]: rtabmap (175): Rate=1.00s, Limit=0.000s, Conversion=0.0008s, RTAB-Map=0.1505s, Maps update=0.0001s pub=0.0001s (local map=22, WM=22)[0m
[0m[ INFO] [1790444712.940711311, 1790443747.456335161]: rtabmap (176): Rate=1.00s, Limit=0.000s, Conversion=0.0009s, RTAB-Map=0.1565s, Maps update=0.0001s pub=0.0001s (local map=23, WM=23)[0m
[0m[ INFO] [1790444714.005068465, 1790443748.516010055]: rtabmap (177): Rate=1.00s, Limit=0.000s, Conversion=0.0013s, RTAB-Map=0.1683s, Maps update=0.0001s pub=0.0001s (local map=24, WM=24)[0m
[0m[ INFO] [1790444715.076540448, 1790443749.594254689]: rtabmap (178): Rate=1.00s, Limit=0.000s, Conversion=0.0022s, RTAB-Map=0.1841s, Maps update=0.0001s pub=0.0001s (local map=25, WM=25)[0m
Warning: TF_REPEATED_DATA ignoring data with redundant timestamp for frame odom (parent map) at time 1790443749.846822 according to authority unknown_publisher
         at line 278 in /tmp/binarydeb/ros-noetic-tf2-0.7.7/src/buffer_core.cpp
Warning: TF_REPEATED_DATA ignoring data with redundant timestamp for frame odom (parent map) at time 1790443749.846822 according to authority /rtabmap/rtabmap
         at line 278 in /tmp/binarydeb/ros-noetic-tf2-0.7.7/src/buffer_core.cpp
[33m[ WARN] [1790444715.231167782, 1790443749.746821584]: TF_REPEATED_DATA ignoring data with redundant timestamp for frame odom (parent map) at time 1790443749.846822 according to authority unknown_publisher[0m
[0m[ INFO] [1790444716.136203821, 1790443750.650297894]: rtabmap (179): Rate=1.00s, Limit=0.000s, Conversion=0.0008s, RTAB-Map=0.1541s, Maps update=0.0001s pub=0.0001s (local map=26, WM=26)[0m
[0m[ INFO] [1790444717.151481169, 1790443751.668436234]: rtabmap (180): Rate=1.00s, Limit=0.000s, Conversion=0.0008s, RTAB-Map=0.1615s, Maps update=0.0001s pub=0.0001s (local map=27, WM=27)[0m
[0m[ INFO] [1790444718.187559386, 1790443752.697444548]: rtabmap (181): Rate=1.00s, Limit=0.000s, Conversion=0.0012s, RTAB-Map=0.1669s, Maps update=0.0001s pub=0.0001s (local map=28, WM=28)[0m
[0m[ INFO] [1790444719.148122179, 1790443753.666742798]: rtabmap (182): Rate=1.00s, Limit=0.000s, Conversion=0.0015s, RTAB-Map=0.1518s, Maps update=0.0001s pub=0.0001s (local map=29, WM=29)[0m
[0m[ INFO] [1790444720.268413001, 1790443754.787621019]: rtabmap (183): Rate=1.00s, Limit=0.000s, Conversion=0.0012s, RTAB-Map=0.1636s, Maps update=0.0001s pub=0.0001s (local map=30, WM=30)[0m
[0m[ INFO] [1790444721.428956938, 1790443755.941478674]: rtabmap (184): Rate=1.00s, Limit=0.000s, Conversion=0.0011s, RTAB-Map=0.2084s, Maps update=0.0001s pub=0.0001s (local map=31, WM=31)[0m
[0m[ INFO] [1790444722.535562937, 1790443757.051659240]: rtabmap (185): Rate=1.00s, Limit=0.000s, Conversion=0.0013s, RTAB-Map=0.2188s, Maps update=0.0001s pub=0.0001s (local map=32, WM=32)[0m
[0m[ INFO] [1790444723.601947405, 1790443758.111816024]: rtabmap (186): Rate=1.00s, Limit=0.000s, Conversion=0.0009s, RTAB-Map=0.2180s, Maps update=0.0001s pub=0.0001s (local map=33, WM=33)[0m
[0m[ INFO] [1790444724.635295989, 1790443759.152658418]: rtabmap (187): Rate=1.00s, Limit=0.000s, Conversion=0.0008s, RTAB-Map=0.2026s, Maps update=0.0004s pub=0.0001s (local map=34, WM=34)[0m
[0m[ INFO] [1790444725.801889879, 1790443760.313163057]: rtabmap (188): Rate=1.00s, Limit=0.000s, Conversion=0.0014s, RTAB-Map=0.2102s, Maps update=0.0001s pub=0.0001s (local map=35, WM=35)[0m
[0m[ INFO] [1790444726.800923173, 1790443761.314241077]: rtabmap (189): Rate=1.00s, Limit=0.000s, Conversion=0.0012s, RTAB-Map=0.1962s, Maps update=0.0001s pub=0.0001s (local map=36, WM=36)[0m
[0m[ INFO] [1790444727.821802754, 1790443762.338661498]: rtabmap (190): Rate=1.00s, Limit=0.000s, Conversion=0.0012s, RTAB-Map=0.1931s, Maps update=0.0001s pub=0.0001s (local map=37, WM=37)[0m
[0m[ INFO] [1790444728.932474011, 1790443763.450066395]: rtabmap (191): Rate=1.00s, Limit=0.000s, Conversion=0.0012s, RTAB-Map=0.2119s, Maps update=0.0001s pub=0.0001s (local map=38, WM=38)[0m
[0m[ INFO] [1790444730.109979539, 1790443764.621621361]: rtabmap (192): Rate=1.00s, Limit=0.000s, Conversion=0.0013s, RTAB-Map=0.2057s, Maps update=0.0001s pub=0.0001s (local map=39, WM=39)[0m
[0m[ INFO] [1790444731.091650848, 1790443765.609612740]: rtabmap (193): Rate=1.00s, Limit=0.000s, Conversion=0.0013s, RTAB-Map=0.1934s, Maps update=0.0001s pub=0.0001s (local map=40, WM=40)[0m
[0m[ INFO] [1790444732.092385567, 1790443766.611477775]: rtabmap (194): Rate=1.00s, Limit=0.000s, Conversion=0.0009s, RTAB-Map=0.1944s, Maps update=0.0001s pub=0.0001s (local map=41, WM=41)[0m
[0m[ INFO] [1790444733.194371159, 1790443767.713482375]: rtabmap (195): Rate=1.00s, Limit=0.000s, Conversion=0.0022s, RTAB-Map=0.1942s, Maps update=0.0001s pub=0.0001s (local map=42, WM=42)[0m
Warning: TF_REPEATED_DATA ignoring data with redundant timestamp for frame odom (parent map) at time 1790443767.972017 according to authority unknown_publisher
         at line 278 in /tmp/binarydeb/ros-noetic-tf2-0.7.7/src/buffer_core.cpp
Warning: TF_REPEATED_DATA ignoring data with redundant timestamp for frame odom (parent map) at time 1790443767.972017 according to authority /rtabmap/rtabmap
         at line 278 in /tmp/binarydeb/ros-noetic-tf2-0.7.7/src/buffer_core.cpp
[33m[ WARN] [1790444733.354908604, 1790443767.872016759]: TF_REPEATED_DATA ignoring data with redundant timestamp for frame odom (parent map) at time 1790443767.972017 according to authority unknown_publisher[0m
[33m[ WARN] [1790444744.788676569, 1790443779.299243851]: We are receiving imu data (buffer=1000), but cannot interpolate imu transform at time 1790443779.258925. IMU won't be added to graph.[0m
[0m[ INFO] [1790444734.202216675, 1790443768.714061859]: rtabmap (196): Rate=1.00s, Limit=0.000s, Conversion=0.0013s, RTAB-Map=0.2094s, Maps update=0.0001s pub=0.0001s (local map=43, WM=43)[0m
[0m[ INFO] [1790444735.306785366, 1790443769.824754010]: rtabmap (197): Rate=1.00s, Limit=0.000s, Conversion=0.0013s, RTAB-Map=0.2123s, Maps update=0.0001s pub=0.0001s (local map=44, WM=44)[0m
[0m[ INFO] [1790444736.479632632, 1790443770.997915007]: rtabmap (198): Rate=1.00s, Limit=0.000s, Conversion=0.0008s, RTAB-Map=0.1883s, Maps update=0.0001s pub=0.0001s (local map=45, WM=45)[0m
[0m[ INFO] [1790444737.511040070, 1790443772.028086656]: rtabmap (199): Rate=1.00s, Limit=0.000s, Conversion=0.0013s, RTAB-Map=0.2102s, Maps update=0.0001s pub=0.0001s (local map=46, WM=46)[0m
[0m[ INFO] [1790444738.571768758, 1790443773.087039452]: rtabmap (200): Rate=1.00s, Limit=0.000s, Conversion=0.0013s, RTAB-Map=0.1883s, Maps update=0.0001s pub=0.0001s (local map=47, WM=47)[0m
[0m[ INFO] [1790444739.667535463, 1790443774.177207567]: rtabmap (201): Rate=1.00s, Limit=0.000s, Conversion=0.0013s, RTAB-Map=0.1799s, Maps update=0.0001s pub=0.0001s (local map=48, WM=48)[0m
[0m[ INFO] [1790444740.747907598, 1790443775.260370421]: rtabmap (202): Rate=1.00s, Limit=0.000s, Conversion=0.0012s, RTAB-Map=0.2072s, Maps update=0.0001s pub=0.0001s (local map=49, WM=49)[0m
[0m[ INFO] [1790444741.787362291, 1790443776.301450284]: rtabmap (203): Rate=1.00s, Limit=0.000s, Conversion=0.0014s, RTAB-Map=0.1995s, Maps update=0.0001s pub=0.0001s (local map=50, WM=50)[0m
[0m[ INFO] [1790444742.881014507, 1790443777.400562464]: rtabmap (204): Rate=1.00s, Limit=0.000s, Conversion=0.0009s, RTAB-Map=0.1987s, Maps update=0.0001s pub=0.0001s (local map=51, WM=51)[0m
[0m[ INFO] [1790444743.933297757, 1790443778.451267744]: rtabmap (205): Rate=1.00s, Limit=0.000s, Conversion=0.0019s, RTAB-Map=0.2079s, Maps update=0.0001s pub=0.0001s (local map=52, WM=52)[0m
[33m[ WARN] (2026-09-26 13:45:44.788) Transform.cpp:557::getTransform() No transform found for stamp 1790443779.258925! Latest is 1790443779.256758[0m
[0m[ INFO] [1790444744.982382218, 1790443779.491999218]: rtabmap (206): Rate=1.00s, Limit=0.000s, Conversion=0.0015s, RTAB-Map=0.1932s, Maps update=0.0001s pub=0.0001s (local map=53, WM=53)[0m
[0m[ INFO] [1790444746.086829912, 1790443780.604272342]: rtabmap (207): Rate=1.00s, Limit=0.000s, Conversion=0.0014s, RTAB-Map=0.1944s, Maps update=0.0001s pub=0.0001s (local map=54, WM=54)[0m
[0m[ INFO] [1790444747.101648428, 1790443781.615713701]: rtabmap (208): Rate=1.00s, Limit=0.000s, Conversion=0.0013s, RTAB-Map=0.1849s, Maps update=0.0001s pub=0.0001s (local map=55, WM=55)[0m
[0m[ INFO] [1790444748.121970684, 1790443782.637470053]: rtabmap (209): Rate=1.00s, Limit=0.000s, Conversion=0.0019s, RTAB-Map=0.2045s, Maps update=0.0001s pub=0.0001s (local map=56, WM=56)[0m
[0m[ INFO] [1790444749.206918194, 1790443783.725574046]: rtabmap (210): Rate=1.00s, Limit=0.000s, Conversion=0.0013s, RTAB-Map=0.2061s, Maps update=0.0001s pub=0.0001s (local map=57, WM=57)[0m
[0m[ INFO] [1790444750.194493018, 1790443784.708426001]: rtabmap (211): Rate=1.00s, Limit=0.000s, Conversion=0.0012s, RTAB-Map=0.2057s, Maps update=0.0002s pub=0.0001s (local map=57, WM=57)[0m
[0m[ INFO] [1790444751.257308060, 1790443785.776705167]: rtabmap (212): Rate=1.00s, Limit=0.000s, Conversion=0.0013s, RTAB-Map=0.2085s, Maps update=0.0001s pub=0.0001s (local map=58, WM=58)[0m
[0m[ INFO] [1790444752.308362237, 1790443786.824835600]: rtabmap (213): Rate=1.00s, Limit=0.000s, Conversion=0.0008s, RTAB-Map=0.1801s, Maps update=0.0001s pub=0.0001s (local map=59, WM=59)[0m
Warning: TF_REPEATED_DATA ignoring data with redundant timestamp for frame odom (parent map) at time 1790443787.080751 according to authority unknown_publisher
         at line 278 in /tmp/binarydeb/ros-noetic-tf2-0.7.7/src/buffer_core.cpp
[33m[ WARN] [1790444752.463079585, 1790443786.980751521]: TF_REPEATED_DATA ignoring data with redundant timestamp for frame odom (parent map) at time 1790443787.080751 according to authority unknown_publisher[0m
Warning: TF_REPEATED_DATA ignoring data with redundant timestamp for frame odom (parent map) at time 1790443787.080751 according to authority /rtabmap/rtabmap
         at line 278 in /tmp/binarydeb/ros-noetic-tf2-0.7.7/src/buffer_core.cpp
[0m[ INFO] [1790444753.400560769, 1790443787.911221492]: rtabmap (214): Rate=1.00s, Limit=0.000s, Conversion=0.0011s, RTAB-Map=0.2036s, Maps update=0.0001s pub=0.0001s (local map=60, WM=60)[0m
[0m[ INFO] [1790444754.375299162, 1790443788.892592374]: rtabmap (215): Rate=1.00s, Limit=0.000s, Conversion=0.0010s, RTAB-Map=0.1788s, Maps update=0.0001s pub=0.0001s (local map=61, WM=61)[0m
[0m[ INFO] [1790444755.595563485, 1790443790.113123324]: rtabmap (216): Rate=1.00s, Limit=0.000s, Conversion=0.0010s, RTAB-Map=0.2124s, Maps update=0.0001s pub=0.0001s (local map=62, WM=62)[0m
[0m[ INFO] [1790444756.617667166, 1790443791.136825198]: rtabmap (217): Rate=1.00s, Limit=0.000s, Conversion=0.0013s, RTAB-Map=0.2088s, Maps update=0.0001s pub=0.0001s (local map=63, WM=63)[0m
[0m[ INFO] [1790444757.739442245, 1790443792.249447377]: rtabmap (218): Rate=1.00s, Limit=0.000s, Conversion=0.0013s, RTAB-Map=0.2025s, Maps update=0.0001s pub=0.0001s (local map=64, WM=64)[0m
[0m[ INFO] [1790444758.680110726, 1790443793.189606509]: rtabmap (219): Rate=1.00s, Limit=0.000s, Conversion=0.0014s, RTAB-Map=0.1905s, Maps update=0.0001s pub=0.0001s (local map=65, WM=65)[0m
[0m[ INFO] [1790444759.798313510, 1790443794.310703020]: rtabmap (220): Rate=1.00s, Limit=0.000s, Conversion=0.0015s, RTAB-Map=0.1993s, Maps update=0.0001s pub=0.0001s (local map=66, WM=66)[0m
[0m[ INFO] [1790444760.939040573, 1790443795.451039263]: rtabmap (221): Rate=1.00s, Limit=0.000s, Conversion=0.0013s, RTAB-Map=0.2021s, Maps update=0.0001s pub=0.0001s (local map=67, WM=67)[0m
[0m[ INFO] [1790444761.904039976, 1790443796.422015980]: rtabmap (222): Rate=1.00s, Limit=0.000s, Conversion=0.0020s, RTAB-Map=0.2074s, Maps update=0.0001s pub=0.0001s (local map=68, WM=68)[0m
[0m[ INFO] [1790444763.098275306, 1790443797.607373292]: rtabmap (223): Rate=1.00s, Limit=0.000s, Conversion=0.0020s, RTAB-Map=0.2565s, Maps update=0.0003s pub=0.0001s (local map=69, WM=69)[0m
[0m[ INFO] [1790444764.123616747, 1790443798.636916892]: rtabmap (224): Rate=1.00s, Limit=0.000s, Conversion=0.0008s, RTAB-Map=0.2034s, Maps update=0.0001s pub=0.0001s (local map=70, WM=70)[0m
[0m[ INFO] [1790444765.205464729, 1790443799.718390022]: rtabmap (225): Rate=1.00s, Limit=0.000s, Conversion=0.0014s, RTAB-Map=0.2096s, Maps update=0.0001s pub=0.0001s (local map=71, WM=71)[0m
[0m[ INFO] [1790444766.320385426, 1790443800.839694917]: rtabmap (226): Rate=1.00s, Limit=0.000s, Conversion=0.0012s, RTAB-Map=0.2115s, Maps update=0.0002s pub=0.0001s (local map=71, WM=71)[0m
[0m[ INFO] [1790444767.383363888, 1790443801.899006906]: rtabmap (227): Rate=1.00s, Limit=0.000s, Conversion=0.0008s, RTAB-Map=0.1974s, Maps update=0.0001s pub=0.0001s (local map=72, WM=72)[0m
[0m[ INFO] [1790444768.399244776, 1790443802.918160278]: rtabmap (228): Rate=1.00s, Limit=0.000s, Conversion=0.0008s, RTAB-Map=0.1987s, Maps update=0.0003s pub=0.0001s (local map=72, WM=72)[0m
[0m[ INFO] [1790444769.515414670, 1790443804.032048355]: rtabmap (229): Rate=1.00s, Limit=0.000s, Conversion=0.0019s, RTAB-Map=0.2162s, Maps update=0.0001s pub=0.0001s (local map=72, WM=72)[0m
[0m[ INFO] [1790444770.603788098, 1790443805.113359753]: rtabmap (230): Rate=1.00s, Limit=0.000s, Conversion=0.0012s, RTAB-Map=0.2031s, Maps update=0.0001s pub=0.0001s (local map=73, WM=73)[0m
[0m[ INFO] [1790444771.589541742, 1790443806.107335343]: rtabmap (231): Rate=1.00s, Limit=0.000s, Conversion=0.0011s, RTAB-Map=0.2088s, Maps update=0.0001s pub=0.0001s (local map=74, WM=74)[0m
[0m[ INFO] [1790444772.588389033, 1790443807.099492769]: rtabmap (232): Rate=1.00s, Limit=0.000s, Conversion=0.0013s, RTAB-Map=0.2036s, Maps update=0.0001s pub=0.0001s (local map=75, WM=75)[0m
[0m[ INFO] [1790444773.626441523, 1790443808.141994236]: rtabmap (233): Rate=1.00s, Limit=0.000s, Conversion=0.0008s, RTAB-Map=0.2141s, Maps update=0.0001s pub=0.0001s (local map=76, WM=76)[0m
Warning: TF_REPEATED_DATA ignoring data with redundant timestamp for frame odom (parent map) at time 1790443808.398040 according to authority unknown_publisher
         at line 278 in /tmp/binarydeb/ros-noetic-tf2-0.7.7/src/buffer_core.cpp
Warning: TF_REPEATED_DATA ignoring data with redundant timestamp for frame odom (parent map) at time 1790443808.398040 according to authority /rtabmap/rtabmap
         at line [33m[ WARN] [1790444773.780193388, 1790443808.298040206]: TF_REPEATED_DATA ignoring data with redundant timestamp for frame odom (parent map) at time 1790443808.398040 according to authority unknown_publisher[0m
278 in /tmp/binarydeb/ros-noetic-tf2-0.7.7/src/buffer_core.cpp
[0m[ INFO] [1790444774.695748372, 1790443809.208054041]: rtabmap (234): Rate=1.00s, Limit=0.000s, Conversion=0.0013s, RTAB-Map=0.2089s, Maps update=0.0001s pub=0.0001s (local map=77, WM=77)[0m
[0m[ INFO] [1790444775.792183006, 1790443810.309272088]: rtabmap (235): Rate=1.00s, Limit=0.000s, Conversion=0.0013s, RTAB-Map=0.2089s, Maps update=0.0001s pub=0.0001s (local map=78, WM=78)[0m
[0m[ INFO] [1790444776.781177612, 1790443811.297863714]: rtabmap (236): Rate=1.00s, Limit=0.000s, Conversion=0.0013s, RTAB-Map=0.1963s, Maps update=0.0002s pub=0.0001s (local map=79, WM=79)[0m
[0m[ INFO] [1790444777.906756310, 1790443812.421873114]: rtabmap (237): Rate=1.00s, Limit=0.000s, Conversion=0.0013s, RTAB-Map=0.2184s, Maps update=0.0001s pub=0.0001s (local map=80, WM=80)[0m
[0m[ INFO] [1790444778.921588031, 1790443813.434482698]: rtabmap (238): Rate=1.00s, Limit=0.000s, Conversion=0.0013s, RTAB-Map=0.2004s, Maps update=0.0001s pub=0.0001s (local map=81, WM=81)[0m
[0m[ INFO] [1790444779.974222182, 1790443814.489492364]: rtabmap (239): Rate=1.00s, Limit=0.000s, Conversion=0.0008s, RTAB-Map=0.1876s, Maps update=0.0001s pub=0.0001s (local map=82, WM=82)[0m
[0m[ INFO] [1790444780.979411685, 1790443815.497854125]: rtabmap (240): Rate=1.00s, Limit=0.000s, Conversion=0.0019s, RTAB-Map=0.1838s, Maps update=0.0001s pub=0.0001s (local map=83, WM=83)[0m
[0m[ INFO] [1790444782.084499020, 1790443816.598725766]: rtabmap (241): Rate=1.00s, Limit=0.000s, Conversion=0.0012s, RTAB-Map=0.1897s, Maps update=0.0001s pub=0.0001s (local map=84, WM=84)[0m
[0m[ INFO] [1790444783.097817154, 1790443817.609536449]: rtabmap (242): Rate=1.00s, Limit=0.000s, Conversion=0.0020s, RTAB-Map=0.2037s, Maps update=0.0001s pub=0.0001s (local map=85, WM=85)[0m
[0m[ INFO] [1790444784.185697100, 1790443818.699600803]: rtabmap (243): Rate=1.00s, Limit=0.000s, Conversion=0.0013s, RTAB-Map=0.1848s, Maps update=0.0001s pub=0.0001s (local map=86, WM=86)[0m
[0m[ INFO] [1790444785.302356432, 1790443819.821845189]: rtabmap (244): Rate=1.00s, Limit=0.000s, Conversion=0.0013s, RTAB-Map=0.1894s, Maps update=0.0002s pub=0.0001s (local map=87, WM=87)[0m
[0m[ INFO] [1790444786.412774192, 1790443820.922885790]: rtabmap (245): Rate=1.00s, Limit=0.000s, Conversion=0.0014s, RTAB-Map=0.1998s, Maps update=0.0001s pub=0.0001s (local map=88, WM=88)[0m
[0m[ INFO] [1790444787.391267943, 1790443821.905801765]: rtabmap (246): Rate=1.00s, Limit=0.000s, Conversion=0.0015s, RTAB-Map=0.1930s, Maps update=0.0001s pub=0.0001s (local map=89, WM=89)[0m
[0m[ INFO] [1790444788.487322601, 1790443823.005175659]: rtabmap (247): Rate=1.00s, Limit=0.000s, Conversion=0.0014s, RTAB-Map=0.2001s, Maps update=0.0001s pub=0.0001s (local map=90, WM=90)[0m
[0m[ INFO] [1790444789.474213979, 1790443823.989965190]: rtabmap (248): Rate=1.00s, Limit=0.000s, Conversion=0.0009s, RTAB-Map=0.1850s, Maps update=0.0001s pub=0.0001s (local map=91, WM=91)[0m
[0m[ INFO] [1790444790.625974111, 1790443825.140604030]: rtabmap (249): Rate=1.00s, Limit=0.000s, Conversion=0.0013s, RTAB-Map=0.2013s, Maps update=0.0001s pub=0.0001s (local map=92, WM=92)[0m
[0m[ INFO] [1790444791.591634440, 1790443826.103365607]: rtabmap (250): Rate=1.00s, Limit=0.000s, Conversion=0.0008s, RTAB-Map=0.1873s, Maps update=0.0001s pub=0.0001s (local map=93, WM=93)[0m
Warning: TF_REPEATED_DATA ignoring data with redundant timestamp for frame odom (parent map) at time 1790443826.362657 according to authority unknown_publisher
         at line 278 in /tmp/binarydeb/ros-noetic-tf2-0.7.7/src/buffer_core.cpp
[33m[ WARN] [1790444791.745091228, 1790443826.262656668]: TF_REPEATED_DATA ignoring data with redundant timestamp for frame odom (parent map) at time 1790443826.362657 according to authority unknown_publisher[0m
Warning: TF_REPEATED_DATA ignoring data with redundant timestamp for frame odom (parent map) at time 1790443826.362657 according to authority /rtabmap/rtabmap
         at line 278 in /tmp/binarydeb/ros-noetic-tf2-0.7.7/src/buffer_core.cpp
[0m[ INFO] [1790444792.707660099, 1790443827.221650459]: rtabmap (251): Rate=1.00s, Limit=0.000s, Conversion=0.0009s, RTAB-Map=0.2072s, Maps update=0.0001s pub=0.0001s (local map=94, WM=94)[0m
[0m[ INFO] [1790444793.798286183, 1790443828.312017756]: rtabmap (252): Rate=1.00s, Limit=0.000s, Conversion=0.0020s, RTAB-Map=0.1966s, Maps update=0.0001s pub=0.0001s (local map=95, WM=95)[0m
[0m[ INFO] [1790444794.769080679, 1790443829.281070633]: rtabmap (253): Rate=1.00s, Limit=0.000s, Conversion=0.0009s, RTAB-Map=0.1826s, Maps update=0.0001s pub=0.0001s (local map=96, WM=96)[0m
[0m[ INFO] [1790444795.906057734, 1790443830.414062333]: rtabmap (254): Rate=1.00s, Limit=0.000s, Conversion=0.0021s, RTAB-Map=0.2026s, Maps update=0.0001s pub=0.0001s (local map=97, WM=97)[0m
[0m[ INFO] [1790444796.997703188, 1790443831.507579647]: rtabmap (255): Rate=1.00s, Limit=0.000s, Conversion=0.0013s, RTAB-Map=0.2075s, Maps update=0.0001s pub=0.0001s (local map=98, WM=98)[0m
[0m[ INFO] [1790444797.993010624, 1790443832.505059235]: rtabmap (256): Rate=1.00s, Limit=0.000s, Conversion=0.0013s, RTAB-Map=0.1918s, Maps update=0.0001s pub=0.0001s (local map=99, WM=99)[0m
[0m[ INFO] [1790444799.083531265, 1790443833.595181343]: rtabmap (257): Rate=1.00s, Limit=0.000s, Conversion=0.0013s, RTAB-Map=0.1913s, Maps update=0.0002s pub=0.0001s (local map=100, WM=100)[0m
[0m[ INFO] [1790444800.082005807, 1790443834.595277151]: rtabmap (258): Rate=1.00s, Limit=0.000s, Conversion=0.0014s, RTAB-Map=0.1851s, Maps update=0.0001s pub=0.0001s (local map=101, WM=101)[0m
[0m[ INFO] [1790444801.108924917, 1790443835.626769623]: rtabmap (259): Rate=1.00s, Limit=0.000s, Conversion=0.0016s, RTAB-Map=0.2157s, Maps update=0.0001s pub=0.0001s (local map=102, WM=102)[0m
[0m[ INFO] [1790444802.120291248, 1790443836.636822372]: rtabmap (260): Rate=1.00s, Limit=0.000s, Conversion=0.0013s, RTAB-Map=0.2035s, Maps update=0.0001s pub=0.0001s (local map=103, WM=103)[0m
[0m[ INFO] [1790444803.116752743, 1790443837.628554791]: rtabmap (261): Rate=1.00s, Limit=0.000s, Conversion=0.0013s, RTAB-Map=0.1920s, Maps update=0.0001s pub=0.0001s (local map=104, WM=104)[0m
[0m[ INFO] [1790444804.262313634, 1790443838.778321008]: rtabmap (262): Rate=1.00s, Limit=0.000s, Conversion=0.0009s, RTAB-Map=0.1827s, Maps update=0.0001s pub=0.0001s (local map=105, WM=105)[0m
[0m[ INFO] [1790444805.325553301, 1790443839.838100477]: rtabmap (263): Rate=1.00s, Limit=0.000s, Conversion=0.0008s, RTAB-Map=0.1973s, Maps update=0.0001s pub=0.0001s (local map=106, WM=106)[0m
[0m[ INFO] [1790444806.287422095, 1790443840.802750294]: rtabmap (264): Rate=1.00s, Limit=0.000s, Conversion=0.0011s, RTAB-Map=0.2034s, Maps update=0.0001s pub=0.0001s (local map=107, WM=107)[0m
[0m[ INFO] [1790444807.389004678, 1790443841.902063060]: rtabmap (265): Rate=1.00s, Limit=0.000s, Conversion=0.0012s, RTAB-Map=0.1999s, Maps update=0.0001s pub=0.0001s (local map=108, WM=108)[0m
[0m[ INFO] [1790444808.501967449, 1790443843.014338400]: rtabmap (266): Rate=1.00s, Limit=0.000s, Conversion=0.0023s, RTAB-Map=0.2091s, Maps update=0.0001s pub=0.0001s (local map=109, WM=109)[0m
[0m[ INFO] [1790444809.503724936, 1790443844.016988152]: rtabmap (267): Rate=1.00s, Limit=0.000s, Conversion=0.0020s, RTAB-Map=0.2107s, Maps update=0.0001s pub=0.0001s (local map=110, WM=110)[0m
[0m[ INFO] [1790444810.493481107, 1790443845.007196456]: rtabmap (268): Rate=1.00s, Limit=0.000s, Conversion=0.0010s, RTAB-Map=0.2064s, Maps update=0.0002s pub=0.0001s (local map=111, WM=111)[0m
Warning: TF_REPEATED_DATA ignoring data with redundant timestamp for frame odom (parent map) at time 1790443845.262325 according to authority unknown_publisher
         at line 278 in /tmp/binarydeb/ros-noetic-tf2-0.7.7/src/buffer_core.cpp
[33m[ WARN] [1790444810.645701177, 1790443845.162324910]: TF_REPEATED_DATA ignoring data with redundant timestamp for frame odom (parent map) at time 1790443845.262325 according to authority unknown_publisher[0m
Warning: TF_REPEATED_DATA ignoring data with redundant timestamp for frame odom (parent map) at time 1790443845.262325 according to authority /rtabmap/rtabmap
         at line 278 in /tmp/binarydeb/ros-noetic-tf2-0.7.7/src/buffer_core.cpp
[0m[ INFO] [1790444811.503329242, 1790443846.020458421]: rtabmap (269): Rate=1.00s, Limit=0.000s, Conversion=0.0008s, RTAB-Map=0.1870s, Maps update=0.0001s pub=0.0001s (local map=112, WM=112)[0m
[0m[ INFO] [1790444812.713281748, 1790443847.223225856]: rtabmap (270): Rate=1.00s, Limit=0.000s, Conversion=0.0014s, RTAB-Map=0.2094s, Maps update=0.0002s pub=0.0001s (local map=113, WM=113)[0m
[0m[ INFO] [1790444813.712241059, 1790443848.222331856]: rtabmap (271): Rate=1.00s, Limit=0.000s, Conversion=0.0019s, RTAB-Map=0.2109s, Maps update=0.0001s pub=0.0001s (local map=114, WM=114)[0m
[0m[ INFO] [1790444814.787853050, 1790443849.304881076]: rtabmap (272): Rate=1.00s, Limit=0.000s, Conversion=0.0009s, RTAB-Map=0.1905s, Maps update=0.0002s pub=0.0001s (local map=115, WM=115)[0m
[0m[ INFO] [1790444815.842565708, 1790443850.355245718]: rtabmap (273): Rate=1.00s, Limit=0.000s, Conversion=0.0019s, RTAB-Map=0.2011s, Maps update=0.0001s pub=0.0001s (local map=116, WM=116)[0m
[0m[ INFO] [1790444816.903120734, 1790443851.420831263]: rtabmap (274): Rate=1.00s, Limit=0.000s, Conversion=0.0017s, RTAB-Map=0.2076s, Maps update=0.0002s pub=0.0001s (local map=117, WM=117)[0m
[0m[ INFO] [1790444817.908594387, 1790443852.426304115]: rtabmap (275): Rate=1.00s, Limit=0.000s, Conversion=0.0013s, RTAB-Map=0.1997s, Maps update=0.0001s pub=0.0001s (local map=118, WM=118)[0m
[0m[ INFO] [1790444819.101051306, 1790443853.616257743]: rtabmap (276): Rate=1.00s, Limit=0.000s, Conversion=0.0020s, RTAB-Map=0.2092s, Maps update=0.0001s pub=0.0001s (local map=119, WM=119)[0m
[0m[ INFO] [1790444820.106804417, 1790443854.624910759]: rtabmap (277): Rate=1.00s, Limit=0.000s, Conversion=0.0011s, RTAB-Map=0.1894s, Maps update=0.0001s pub=0.0001s (local map=120, WM=120)[0m
[0m[ INFO] [1790444821.207428201, 1790443855.720005969]: rtabmap (278): Rate=1.00s, Limit=0.000s, Conversion=0.0020s, RTAB-Map=0.2071s, Maps update=0.0001s pub=0.0001s (local map=121, WM=121)[0m
[0m[ INFO] [1790444822.178102783, 1790443856.690853449]: rtabmap (279): Rate=1.00s, Limit=0.000s, Conversion=0.0009s, RTAB-Map=0.1895s, Maps update=0.0002s pub=0.0001s (local map=122, WM=122)[0m
[0m[ INFO] [1790444823.227307153, 1790443857.741325066]: rtabmap (280): Rate=1.00s, Limit=0.000s, Conversion=0.0014s, RTAB-Map=0.2141s, Maps update=0.0002s pub=0.0001s (local map=123, WM=123)[0m
[0m[ INFO] [1790444824.338897776, 1790443858.851777724]: rtabmap (281): Rate=1.00s, Limit=0.000s, Conversion=0.0010s, RTAB-Map=0.2344s, Maps update=0.0001s pub=0.0001s (local map=124, WM=124)[0m
[0m[ INFO] [1790444825.398696950, 1790443859.913822363]: rtabmap (282): Rate=1.00s, Limit=0.000s, Conversion=0.0013s, RTAB-Map=0.2083s, Maps update=0.0001s pub=0.0001s (local map=125, WM=125)[0m
[0m[ INFO] [1790444826.465866829, 1790443860.975267762]: rtabmap (283): Rate=1.00s, Limit=0.000s, Conversion=0.0020s, RTAB-Map=0.2523s, Maps update=0.0002s pub=0.0001s (local map=126, WM=126)[0m
[0m[ INFO] [1790444827.489208290, 1790443862.005689718]: rtabmap (284): Rate=1.00s, Limit=0.000s, Conversion=0.0013s, RTAB-Map=0.2683s, Maps update=0.0002s pub=0.0001s (local map=127, WM=127)[0m
[0m[ INFO] [1790444828.571771457, 1790443863.084540012]: rtabmap (285): Rate=1.00s, Limit=0.000s, Conversion=0.0009s, RTAB-Map=0.2753s, Maps update=0.0001s pub=0.0001s (local map=128, WM=128)[0m
Warning: TF_REPEATED_DATA ignoring data with redundant timestamp for frame odom (parent map) at time 1790443863.341003 according to authority unknown_publisher
         at line 278 in /tmp/binarydeb/ros-noetic-tf2-0.7.7/src/buffer_core.cpp
[33m[ WARN] [1790444828.723797444, 1790443863.241002719]: TF_REPEATED_DATA ignoring data with redundant timestamp for frame odom (parent map) at time 1790443863.341003 according to authority unknown_publisher[0m
Warning: TF_REPEATED_DATA ignoring data with redundant timestamp for frame odom (parent map) at time 1790443863.341003 according to authority /rtabmap/rtabmap
         at line 278 in /tmp/binarydeb/ros-noetic-tf2-0.7.7/src/buffer_core.cpp
[33m[ WARN] [1790444834.512676466, 1790443869.025005592]: We are receiving imu data (buffer=1000), but cannot interpolate imu transform at time 1790443868.984705. IMU won't be added to graph.[0m
[0m[ INFO] [1790444829.544098599, 1790443864.058057022]: rtabmap (286): Rate=1.00s, Limit=0.000s, Conversion=0.0009s, RTAB-Map=0.2516s, Maps update=0.0002s pub=0.0001s (local map=129, WM=129)[0m
[0m[ INFO] [1790444830.571714218, 1790443865.087869402]: rtabmap (287): Rate=1.00s, Limit=0.000s, Conversion=0.0008s, RTAB-Map=0.2550s, Maps update=0.0002s pub=0.0001s (local map=129, WM=129)[0m
[0m[ INFO] [1790444831.651970414, 1790443866.165075805]: rtabmap (288): Rate=1.00s, Limit=0.000s, Conversion=0.0015s, RTAB-Map=0.2482s, Maps update=0.0002s pub=0.0001s (local map=130, WM=130)[0m
[0m[ INFO] [1790444832.769831791, 1790443867.285125973]: rtabmap (289): Rate=1.00s, Limit=0.000s, Conversion=0.0013s, RTAB-Map=0.2783s, Maps update=0.0002s pub=0.0001s (local map=131, WM=131)[0m
[0m[ INFO] [1790444833.854187391, 1790443868.368755262]: rtabmap (290): Rate=1.00s, Limit=0.000s, Conversion=0.0013s, RTAB-Map=0.2644s, Maps update=0.0002s pub=0.0001s (local map=132, WM=132)[0m
[33m[ WARN] (2026-09-26 13:47:14.512) Transform.cpp:557::getTransform() No transform found for stamp 1790443868.984705! Latest is 1790443868.980271[0m
[0m[ INFO] [1790444834.758348120, 1790443869.267152279]: rtabmap (291): Rate=1.00s, Limit=0.000s, Conversion=0.0017s, RTAB-Map=0.2449s, Maps update=0.0003s pub=0.0001s (local map=133, WM=133)[0m
[0m[ INFO] [1790444835.958656319, 1790443870.471170151]: rtabmap (292): Rate=1.00s, Limit=0.000s, Conversion=0.0009s, RTAB-Map=0.2685s, Maps update=0.0002s pub=0.0001s (local map=134, WM=134)[0m
[0m[ INFO] [1790444836.957144737, 1790443871.468668702]: rtabmap (293): Rate=1.00s, Limit=0.000s, Conversion=0.0013s, RTAB-Map=0.2643s, Maps update=0.0001s pub=0.0001s (local map=135, WM=135)[0m
[0m[ INFO] [1790444837.959596206, 1790443872.476771209]: rtabmap (294): Rate=1.00s, Limit=0.000s, Conversion=0.0009s, RTAB-Map=0.2686s, Maps update=0.0002s pub=0.0001s (local map=136, WM=136)[0m
[0m[ INFO] [1790444839.078063539, 1790443873.597363557]: rtabmap (295): Rate=1.00s, Limit=0.000s, Conversion=0.0009s, RTAB-Map=0.2733s, Maps update=0.0004s pub=0.0001s (local map=136, WM=136)[0m
[0m[ INFO] [1790444840.108142510, 1790443874.625004741]: rtabmap (296): Rate=1.00s, Limit=0.000s, Conversion=0.0014s, RTAB-Map=0.2591s, Maps update=0.0002s pub=0.0001s (local map=136, WM=136)[0m
[0m[ INFO] [1790444841.163748385, 1790443875.674648375]: rtabmap (297): Rate=1.00s, Limit=0.000s, Conversion=0.0012s, RTAB-Map=0.2583s, Maps update=0.0003s pub=0.0001s (local map=137, WM=137)[0m
[0m[ INFO] [1790444842.184470549, 1790443876.701874866]: rtabmap (298): Rate=1.00s, Limit=0.000s, Conversion=0.0013s, RTAB-Map=0.2868s, Maps update=0.0002s pub=0.0001s (local map=138, WM=138)[0m
[0m[ INFO] [1790444843.253537882, 1790443877.770905431]: rtabmap (299): Rate=1.00s, Limit=0.000s, Conversion=0.0020s, RTAB-Map=0.2756s, Maps update=0.0002s pub=0.0001s (local map=139, WM=139)[0m
[0m[ INFO] [1790444844.365214867, 1790443878.879918802]: rtabmap (300): Rate=1.00s, Limit=0.000s, Conversion=0.0014s, RTAB-Map=0.2716s, Maps update=0.0002s pub=0.0001s (local map=140, WM=140)[0m
[0m[ INFO] [1790444845.357561679, 1790443879.870420954]: rtabmap (301): Rate=1.00s, Limit=0.000s, Conversion=0.0013s, RTAB-Map=0.2565s, Maps update=0.0002s pub=0.0001s (local map=141, WM=141)[0m
[0m[ INFO] [1790444846.447365142, 1790443880.965149240]: rtabmap (302): Rate=1.00s, Limit=0.000s, Conversion=0.0014s, RTAB-Map=0.2591s, Maps update=0.0002s pub=0.0001s (local map=142, WM=142)[0m
[0m[ INFO] [1790444847.422268626, 1790443881.940315607]: rtabmap (303): Rate=1.00s, Limit=0.000s, Conversion=0.0012s, RTAB-Map=0.2312s, Maps update=0.0002s pub=0.0001s (local map=143, WM=143)[0m
[0m[ INFO] [1790444848.541412955, 1790443883.052969784]: rtabmap (304): Rate=1.00s, Limit=0.000s, Conversion=0.0013s, RTAB-Map=0.2513s, Maps update=0.0002s pub=0.0001s (local map=144, WM=144)[0m
Warning: TF_REPEATED_DATA ignoring data with redundant timestamp for frame odom (parent map) at time 1790443883.312660 according to authority unknown_publisher
         at line 278 in /tmp/binarydeb/ros-noetic-tf2-0.7.7/src/buffer_core.cpp
[33m[ WARN] [1790444848.694882797, 1790443883.212660526]: TF_REPEATED_DATA ignoring data with redundant timestamp for frame odom (parent map) at time 1790443883.312660 according to authority unknown_publisher[0m
Warning: TF_REPEATED_DATA ignoring data with redundant timestamp for frame odom (parent map) at time 1790443883.312660 according to authority /rtabmap/rtabmap
         at line 278 in /tmp/binarydeb/ros-noetic-tf2-0.7.7/src/buffer_core.cpp
[33m[ WARN] [1790444857.588889659, 1790443892.098924679]: We are receiving imu data (buffer=1000), but cannot interpolate imu transform at time 1790443892.068676. IMU won't be added to graph.[0m
[33m[ WARN] [1790444866.587283302, 1790443901.106311222]: TF_REPEATED_DATA ignoring data with redundant timestamp for frame odom (parent map) at time 1790443901.206311 according to authority unknown_publisher[0m
[0m[ INFO] [1790444849.541966960, 1790443884.061286402]: rtabmap (305): Rate=1.00s, Limit=0.000s, Conversion=0.0013s, RTAB-Map=0.2615s, Maps update=0.0002s pub=0.0001s (local map=145, WM=145)[0m
[0m[ INFO] [1790444850.643647256, 1790443885.154452301]: rtabmap (306): Rate=1.00s, Limit=0.000s, Conversion=0.0013s, RTAB-Map=0.2537s, Maps update=0.0004s pub=0.0001s (local map=146, WM=146)[0m
[0m[ INFO] [1790444851.640120095, 1790443886.155599912]: rtabmap (307): Rate=1.00s, Limit=0.000s, Conversion=0.0017s, RTAB-Map=0.2556s, Maps update=0.0002s pub=0.0001s (local map=147, WM=147)[0m
[0m[ INFO] [1790444852.727826990, 1790443887.239512077]: rtabmap (308): Rate=1.00s, Limit=0.000s, Conversion=0.0009s, RTAB-Map=0.2377s, Maps update=0.0001s pub=0.0001s (local map=148, WM=148)[0m
[0m[ INFO] [1790444853.759297012, 1790443888.278274147]: rtabmap (309): Rate=1.00s, Limit=0.000s, Conversion=0.0013s, RTAB-Map=0.2544s, Maps update=0.0002s pub=0.0001s (local map=149, WM=149)[0m
[0m[ INFO] [1790444854.846065112, 1790443889.360945145]: rtabmap (310): Rate=1.00s, Limit=0.000s, Conversion=0.0009s, RTAB-Map=0.2590s, Maps update=0.0003s pub=0.0001s (local map=150, WM=150)[0m
[0m[ INFO] [1790444855.888989978, 1790443890.399694766]: rtabmap (311): Rate=1.00s, Limit=0.000s, Conversion=0.0012s, RTAB-Map=0.2481s, Maps update=0.0002s pub=0.0001s (local map=151, WM=151)[0m
[0m[ INFO] [1790444856.890891451, 1790443891.410278223]: rtabmap (312): Rate=1.00s, Limit=0.000s, Conversion=0.0008s, RTAB-Map=0.2663s, Maps update=0.0002s pub=0.0001s (local map=152, WM=152)[0m
[33m[ WARN] (2026-09-26 13:47:37.588) Transform.cpp:557::getTransform() No transform found for stamp 1790443892.068676! Latest is 1790443892.054773[0m
[0m[ INFO] [1790444857.827675091, 1790443892.341701355]: rtabmap (313): Rate=1.00s, Limit=0.000s, Conversion=0.0013s, RTAB-Map=0.2382s, Maps update=0.0002s pub=0.0001s (local map=153, WM=153)[0m
[0m[ INFO] [1790444858.980162245, 1790443893.497460481]: rtabmap (314): Rate=1.00s, Limit=0.000s, Conversion=0.0008s, RTAB-Map=0.2437s, Maps update=0.0002s pub=0.0001s (local map=154, WM=154)[0m
[0m[ INFO] [1790444860.042802142, 1790443894.556711381]: rtabmap (315): Rate=1.00s, Limit=0.000s, Conversion=0.0008s, RTAB-Map=0.2505s, Maps update=0.0002s pub=0.0001s (local map=155, WM=155)[0m
[0m[ INFO] [1790444861.061536374, 1790443895.578845331]: rtabmap (316): Rate=1.00s, Limit=0.000s, Conversion=0.0012s, RTAB-Map=0.2367s, Maps update=0.0002s pub=0.0001s (local map=156, WM=156)[0m
[0m[ INFO] [1790444862.092072271, 1790443896.608576739]: rtabmap (317): Rate=1.00s, Limit=0.000s, Conversion=0.0014s, RTAB-Map=0.2794s, Maps update=0.0002s pub=0.0001s (local map=157, WM=157)[0m
[0m[ INFO] [1790444863.164566324, 1790443897.678492843]: rtabmap (318): Rate=1.00s, Limit=0.000s, Conversion=0.0020s, RTAB-Map=0.2690s, Maps update=0.0002s pub=0.0001s (local map=158, WM=158)[0m
[0m[ INFO] [1790444864.138937221, 1790443898.656791943]: rtabmap (319): Rate=1.00s, Limit=0.000s, Conversion=0.0014s, RTAB-Map=0.2433s, Maps update=0.0002s pub=0.0001s (local map=159, WM=159)[0m
[0m[ INFO] [1790444865.243652393, 1790443899.758139623]: rtabmap (320): Rate=1.00s, Limit=0.000s, Conversion=0.0008s, RTAB-Map=0.2433s, Maps update=0.0002s pub=0.0001s (local map=160, WM=160)[0m
[0m[ INFO] [1790444866.433454066, 1790443900.951871386]: rtabmap (321): Rate=1.00s, Limit=0.000s, Conversion=0.0015s, RTAB-Map=0.2376s, Maps update=0.0002s pub=0.0001s (local map=161, WM=161)[0m
Warning: TF_REPEATED_DATA ignoring data with redundant timestamp for frame odom (parent map) at time 1790443901.206311 according to authority /rtabmap/rtabmap
         at line Warning: 278TF_REPEATED_DATA ignoring data with redundant timestamp for frame odom (parent map) at time 1790443901.206311 according to authority unknown_publisher in 
/tmp/binarydeb/ros-noetic-tf2-0.7.7/src/buffer_core.cpp         at line 
278 in /tmp/binarydeb/ros-noetic-tf2-0.7.7/src/buffer_core.cpp
[0m[ INFO] [1790444867.453592407, 1790443901.967204523]: rtabmap (322): Rate=1.00s, Limit=0.000s, Conversion=0.0009s, RTAB-Map=0.2611s, Maps update=0.0002s pub=0.0001s (local map=162, WM=162)[0m
[0m[ INFO] [1790444868.541160415, 1790443903.057249422]: rtabmap (323): Rate=1.00s, Limit=0.000s, Conversion=0.0013s, RTAB-Map=0.2522s, Maps update=0.0002s pub=0.0001s (local map=163, WM=163)[0m
[0m[ INFO] [1790444869.654961925, 1790443904.167868209]: rtabmap (324): Rate=1.00s, Limit=0.000s, Conversion=0.0012s, RTAB-Map=0.2504s, Maps update=0.0002s pub=0.0001s (local map=164, WM=164)[0m
[0m[ INFO] [1790444870.844272198, 1790443905.362545325]: rtabmap (325): Rate=1.00s, Limit=0.000s, Conversion=0.0013s, RTAB-Map=0.2456s, Maps update=0.0003s pub=0.0001s (local map=165, WM=165)[0m
[0m[ INFO] [1790444871.819741537, 1790443906.337017597]: rtabmap (326): Rate=1.00s, Limit=0.000s, Conversion=0.0009s, RTAB-Map=0.2359s, Maps update=0.0002s pub=0.0001s (local map=166, WM=166)[0m
[0m[ INFO] [1790444872.830704960, 1790443907.350310774]: rtabmap (327): Rate=1.00s, Limit=0.000s, Conversion=0.0015s, RTAB-Map=0.2420s, Maps update=0.0002s pub=0.0001s (local map=167, WM=167)[0m
[0m[ INFO] [1790444873.940330872, 1790443908.450934891]: rtabmap (328): Rate=1.00s, Limit=0.000s, Conversion=0.0009s, RTAB-Map=0.2439s, Maps update=0.0004s pub=0.0001s (local map=168, WM=168)[0m
[0m[ INFO] [1790444874.950956338, 1790443909.463954368]: rtabmap (329): Rate=1.00s, Limit=0.000s, Conversion=0.0008s, RTAB-Map=0.2657s, Maps update=0.0002s pub=0.0001s (local map=169, WM=169)[0m
[0m[ INFO] [1790444876.047080533, 1790443910.562998946]: rtabmap (330): Rate=1.00s, Limit=0.000s, Conversion=0.0012s, RTAB-Map=0.2463s, Maps update=0.0002s pub=0.0001s (local map=170, WM=170)[0m
[0m[ INFO] [1790444877.135370306, 1790443911.645811155]: rtabmap (331): Rate=1.00s, Limit=0.000s, Conversion=0.0011s, RTAB-Map=0.2439s, Maps update=0.0002s pub=0.0001s (local map=171, WM=171)[0m
[0m[ INFO] [1790444878.159616625, 1790443912.677654005]: rtabmap (332): Rate=1.00s, Limit=0.000s, Conversion=0.0012s, RTAB-Map=0.2588s, Maps update=0.0002s pub=0.0001s (local map=172, WM=172)[0m
[0m[ INFO] [1790444879.257286147, 1790443913.767080621]: rtabmap (333): Rate=1.00s, Limit=0.000s, Conversion=0.0013s, RTAB-Map=0.2622s, Maps update=0.0002s pub=0.0001s (local map=173, WM=173)[0m
[0m[ INFO] [1790444880.242134402, 1790443914.754638634]: rtabmap (334): Rate=1.00s, Limit=0.000s, Conversion=0.0009s, RTAB-Map=0.2492s, Maps update=0.0002s pub=0.0001s (local map=174, WM=174)[0m
[0m[ INFO] [1790444881.351183825, 1790443915.867341632]: rtabmap (335): Rate=1.00s, Limit=0.000s, Conversion=0.0013s, RTAB-Map=0.2556s, Maps update=0.0002s pub=0.0001s (local map=175, WM=175)[0m
[0m[ INFO] [1790444882.372178299, 1790443916.891686959]: rtabmap (336): Rate=1.00s, Limit=0.000s, Conversion=0.0012s, RTAB-Map=0.2808s, Maps update=0.0002s pub=0.0001s (local map=176, WM=176)[0m
[0m[ INFO] [1790444883.350768980, 1790443917.861747307]: rtabmap (337): Rate=1.00s, Limit=0.000s, Conversion=0.0013s, RTAB-Map=0.2603s, Maps update=0.0002s pub=0.0001s (local map=177, WM=177)[0m
[0m[ INFO] [1790444884.435205812, 1790443918.951636839]: rtabmap (338): Rate=1.00s, Limit=0.000s, Conversion=0.0009s, RTAB-Map=0.2526s, Maps update=0.0002s pub=0.0001s (local map=178, WM=178)[0m
Warning: TF_REPEATED_DATA ignoring data with redundant timestamp for frame odom (parent map) at time 1790443919.207381 according to authority unknown_publisher
         at line 278 in /tmp/binarydeb/ros-noetic-tf2-0.7.7/src/buffer_core.cpp
[33m[ WARN] [1790444884.589074088, 1790443919.107381072]: TF_REPEATED_DATA ignoring data with redundant timestamp for frame odom (parent map) at time 1790443919.207381 according to authority unknown_publisher[0m
Warning: TF_REPEATED_DATA ignoring data with redundant timestamp for frame odom (parent map) at time 1790443919.207381 according to authority /rtabmap/rtabmap
         at line 278 in /tmp/binarydeb/ros-noetic-tf2-0.7.7/src/buffer_core.cpp
[0m[ INFO] [1790444885.598302289, 1790443920.108164092]: rtabmap (339): Rate=1.00s, Limit=0.000s, Conversion=0.0013s, RTAB-Map=0.2694s, Maps update=0.0003s pub=0.0001s (local map=179, WM=179)[0m
[0m[ INFO] [1790444886.566213556, 1790443921.078426361]: rtabmap (340): Rate=1.00s, Limit=0.000s, Conversion=0.0013s, RTAB-Map=0.2731s, Maps update=0.0002s pub=0.0001s (local map=180, WM=180)[0m
[0m[ INFO] [1790444887.666060348, 1790443922.181300225]: rtabmap (341): Rate=1.00s, Limit=0.000s, Conversion=0.0008s, RTAB-Map=0.2770s, Maps update=0.0002s pub=0.0001s (local map=181, WM=181)[0m
[0m[ INFO] [1790444888.694676791, 1790443923.212039924]: rtabmap (342): Rate=1.00s, Limit=0.000s, Conversion=0.0013s, RTAB-Map=0.2776s, Maps update=0.0003s pub=0.0001s (local map=182, WM=182)[0m
[0m[ INFO] [1790444889.749231758, 1790443924.264303826]: rtabmap (343): Rate=1.00s, Limit=0.000s, Conversion=0.0013s, RTAB-Map=0.2573s, Maps update=0.0003s pub=0.0001s (local map=183, WM=183)[0m
[0m[ INFO] [1790444890.801269097, 1790443925.319828019]: rtabmap (344): Rate=1.00s, Limit=0.000s, Conversion=0.0011s, RTAB-Map=0.2152s, Maps update=0.0002s pub=0.0001s (local map=184, WM=184)[0m
[0m[ INFO] [1790444891.834970523, 1790443926.350266722]: rtabmap (345): Rate=1.00s, Limit=0.000s, Conversion=0.0019s, RTAB-Map=0.2214s, Maps update=0.0002s pub=0.0001s (local map=185, WM=185)[0m
[0m[ INFO] [1790444892.925202456, 1790443927.436719125]: rtabmap (346): Rate=1.00s, Limit=0.000s, Conversion=0.0012s, RTAB-Map=0.2334s, Maps update=0.0002s pub=0.0001s (local map=186, WM=186)[0m
[0m[ INFO] [1790444893.969936322, 1790443928.486161843]: rtabmap (347): Rate=1.00s, Limit=0.000s, Conversion=0.0013s, RTAB-Map=0.2450s, Maps update=0.0002s pub=0.0001s (local map=187, WM=187)[0m
[0m[ INFO] [1790444895.050934169, 1790443929.564234153]: rtabmap (348): Rate=1.00s, Limit=0.000s, Conversion=0.0013s, RTAB-Map=0.2180s, Maps update=0.0002s pub=0.0001s (local map=188, WM=188)[0m
[0m[ INFO] [1790444896.117275343, 1790443930.634961967]: rtabmap (349): Rate=1.00s, Limit=0.000s, Conversion=0.0012s, RTAB-Map=0.2215s, Maps update=0.0002s pub=0.0001s (local map=189, WM=189)[0m
[0m[ INFO] [1790444897.113289859, 1790443931.627495517]: rtabmap (350): Rate=1.00s, Limit=0.000s, Conversion=0.0008s, RTAB-Map=0.2010s, Maps update=0.0002s pub=0.0001s (local map=190, WM=190)[0m
[0m[ INFO] [1790444898.207000611, 1790443932.719087975]: rtabmap (351): Rate=1.00s, Limit=0.000s, Conversion=0.0014s, RTAB-Map=0.2238s, Maps update=0.0002s pub=0.0001s (local map=191, WM=191)[0m
[0m[ INFO] [1790444899.209026393, 1790443933.727671012]: rtabmap (352): Rate=1.00s, Limit=0.000s, Conversion=0.0011s, RTAB-Map=0.2076s, Maps update=0.0002s pub=0.0001s (local map=192, WM=192)[0m
[0m[ INFO] [1790444900.316245325, 1790443934.825794388]: rtabmap (353): Rate=1.00s, Limit=0.000s, Conversion=0.0013s, RTAB-Map=0.2283s, Maps update=0.0002s pub=0.0001s (local map=193, WM=193)[0m
[0m[ INFO] [1790444901.288184536, 1790443935.805210193]: rtabmap (354): Rate=1.00s, Limit=0.000s, Conversion=0.0008s, RTAB-Map=0.2013s, Maps update=0.0002s pub=0.0001s (local map=194, WM=194)[0m
[0m[ INFO] [1790444902.433853104, 1790443936.945730481]: rtabmap (355): Rate=1.00s, Limit=0.000s, Conversion=0.0013s, RTAB-Map=0.2248s, Maps update=0.0002s pub=0.0001s (local map=195, WM=195)[0m
[0m[ INFO] [1790444903.622676735, 1790443938.137967846]: rtabmap (356): Rate=1.00s, Limit=0.000s, Conversion=0.0012s, RTAB-Map=0.2423s, Maps update=0.0002s pub=0.0001s (local map=196, WM=196)[0m
Warning: TF_REPEATED_DATA ignoring data with redundant timestamp for frame odom (parent map) at time 1790443938.392014 according to authority unknown_publisher
         at line 278 in /tmp/binarydeb/ros-noetic-tf2-0.7.7/src/buffer_core.cpp
Warning: TF_REPEATED_DATA ignoring data with redundant timestamp for frame odom (parent map) at time 1790443938.392014 according to authority /rtabmap/rtabmap
         at line 278 in /tmp/binarydeb/ros-noetic-tf2-0.7.7/src/buffer_core.cpp
[33m[ WARN] [1790444903.774129369, 1790443938.292013435]: TF_REPEATED_DATA ignoring data with redundant timestamp for frame odom (parent map) at time 1790443938.392014 according to authority unknown_publisher[0m
[0m[ INFO] [1790444904.664452422, 1790443939.180106960]: rtabmap (357): Rate=1.00s, Limit=0.000s, Conversion=0.0012s, RTAB-Map=0.2316s, Maps update=0.0002s pub=0.0001s (local map=197, WM=197)[0m
[0m[ INFO] [1790444905.719584830, 1790443940.235185352]: rtabmap (358): Rate=1.00s, Limit=0.000s, Conversion=0.0008s, RTAB-Map=0.2147s, Maps update=0.0002s pub=0.0001s (local map=198, WM=198)[0m
[0m[ INFO] [1790444906.824405045, 1790443941.339051541]: rtabmap (359): Rate=1.00s, Limit=0.000s, Conversion=0.0013s, RTAB-Map=0.2389s, Maps update=0.0002s pub=0.0001s (local map=199, WM=199)[0m
[0m[ INFO] [1790444907.922341121, 1790443942.438503921]: rtabmap (360): Rate=1.00s, Limit=0.000s, Conversion=0.0012s, RTAB-Map=0.2288s, Maps update=0.0002s pub=0.0001s (local map=200, WM=200)[0m
[0m[ INFO] [1790444908.994478322, 1790443943.509568983]: rtabmap (361): Rate=1.00s, Limit=0.000s, Conversion=0.0009s, RTAB-Map=0.2085s, Maps update=0.0002s pub=0.0001s (local map=201, WM=201)[0m
[0m[ INFO] [1790444910.005546823, 1790443944.519791554]: rtabmap (362): Rate=1.00s, Limit=0.000s, Conversion=0.0009s, RTAB-Map=0.2125s, Maps update=0.0002s pub=0.0001s (local map=202, WM=202)[0m
[0m[ INFO] [1790444911.023290949, 1790443945.537607264]: rtabmap (363): Rate=1.00s, Limit=0.000s, Conversion=0.0014s, RTAB-Map=0.2318s, Maps update=0.0002s pub=0.0001s (local map=203, WM=203)[0m
[0m[ INFO] [1790444912.106488110, 1790443946.619602940]: rtabmap (364): Rate=1.00s, Limit=0.000s, Conversion=0.0014s, RTAB-Map=0.2172s, Maps update=0.0002s pub=0.0001s (local map=204, WM=204)[0m
[0m[ INFO] [1790444913.124412109, 1790443947.639757332]: rtabmap (365): Rate=1.00s, Limit=0.000s, Conversion=0.0013s, RTAB-Map=0.2305s, Maps update=0.0002s pub=0.0001s (local map=204, WM=204)[0m
[0m[ INFO] [1790444914.194012608, 1790443948.711920035]: rtabmap (366): Rate=1.00s, Limit=0.000s, Conversion=0.0008s, RTAB-Map=0.2016s, Maps update=0.0003s pub=0.0001s (local map=204, WM=204)[0m
[0m[ INFO] [1790444915.211739740, 1790443949.726472317]: rtabmap (367): Rate=1.00s, Limit=0.000s, Conversion=0.0020s, RTAB-Map=0.2060s, Maps update=0.0002s pub=0.0001s (local map=205, WM=205)[0m
[0m[ INFO] [1790444916.346993022, 1790443950.861562396]: rtabmap (368): Rate=1.00s, Limit=0.000s, Conversion=0.0013s, RTAB-Map=0.2261s, Maps update=0.0002s pub=0.0001s (local map=206, WM=206)[0m
[0m[ INFO] [1790444917.456261186, 1790443951.973200955]: rtabmap (369): Rate=1.00s, Limit=0.000s, Conversion=0.0013s, RTAB-Map=0.2313s, Maps update=0.0003s pub=0.0001s (local map=207, WM=207)[0m
[0m[ INFO] [1790444918.539144070, 1790443953.056293408]: rtabmap (370): Rate=1.00s, Limit=0.000s, Conversion=0.0008s, RTAB-Map=0.2426s, Maps update=0.0003s pub=0.0001s (local map=207, WM=207)[0m
[0m[ INFO] [1790444919.601426184, 1790443954.117746137]: rtabmap (371): Rate=1.00s, Limit=0.000s, Conversion=0.0014s, RTAB-Map=0.2064s, Maps update=0.0003s pub=0.0001s (local map=207, WM=207)[0m
[0m[ INFO] [1790444920.620324175, 1790443955.139387038]: rtabmap (372): Rate=1.00s, Limit=0.000s, Conversion=0.0014s, RTAB-Map=0.2243s, Maps update=0.0003s pub=0.0001s (local map=207, WM=207)[0m
[0m[ INFO] [1790444921.709557687, 1790443956.226969396]: rtabmap (373): Rate=1.00s, Limit=0.000s, Conversion=0.0014s, RTAB-Map=0.2174s, Maps update=0.0002s pub=0.0001s (local map=208, WM=208)[0m
[0m[ INFO] [1790444922.830516921, 1790443957.340705192]: rtabmap (374): Rate=1.00s, Limit=0.000s, Conversion=0.0013s, RTAB-Map=0.2379s, Maps update=0.0003s pub=0.0001s (local map=209, WM=209)[0m
[0m[ INFO] [1790444923.920565034, 1790443958.432135911]: rtabmap (375): Rate=1.00s, Limit=0.000s, Conversion=0.0013s, RTAB-Map=0.2225s, Maps update=0.0002s pub=0.0001s (local map=210, WM=210)[0m
[0m[ INFO] [1790444925.005550498, 1790443959.516417912]: rtabmap (376): Rate=1.00s, Limit=0.000s, Conversion=0.0008s, RTAB-Map=0.2177s, Maps update=0.0003s pub=0.0001s (local map=211, WM=211)[0m
[0m[ INFO] [1790444926.008708796, 1790443960.527385415]: rtabmap (377): Rate=1.00s, Limit=0.000s, Conversion=0.0008s, RTAB-Map=0.2146s, Maps update=0.0002s pub=0.0001s (local map=212, WM=212)[0m
Warning: TF_REPEATED_DATA ignoring data with redundant timestamp for frame odom (parent map) at time 1790443960.779058 according to authority unknown_publisher
         at line 278 in /tmp/binarydeb/ros-noetic-tf2-0.7.7/src/buffer_core.cpp
[33m[ WARN] [1790444926.160402646, 1790443960.679058562]: TF_REPEATED_DATA ignoring data with redundant timestamp for frame odom (parent map) at time 1790443960.779058 according to authority unknown_publisher[0m
Warning: TF_REPEATED_DATA ignoring data with redundant timestamp for frame odom (parent map) at time 1790443960.779058 according to authority /rtabmap/rtabmap
         at line 278 in /tmp/binarydeb/ros-noetic-tf2-0.7.7/src/buffer_core.cpp
[33m[ WARN] [1790444927.891690409, 1790443962.408595777]: We are receiving imu data (buffer=1000), but cannot interpolate imu transform at time 1790443962.368288. IMU won't be added to graph.[0m
[0m[ INFO] [1790444927.155215924, 1790443961.671239843]: rtabmap (378): Rate=1.00s, Limit=0.000s, Conversion=0.0008s, RTAB-Map=0.2348s, Maps update=0.0003s pub=0.0001s (local map=213, WM=213)[0m
[33m[ WARN] (2026-09-26 13:48:47.891) Transform.cpp:557::getTransform() No transform found for stamp 1790443962.368288! Latest is 1790443962.355781[0m
[0m[ INFO] [1790444928.109653080, 1790443962.620104682]: rtabmap (379): Rate=1.00s, Limit=0.000s, Conversion=0.0017s, RTAB-Map=0.2172s, Maps update=0.0003s pub=0.0001s (local map=214, WM=214)[0m
[0m[ INFO] [1790444929.221886393, 1790443963.733585592]: rtabmap (380): Rate=1.00s, Limit=0.000s, Conversion=0.0008s, RTAB-Map=0.2174s, Maps update=0.0002s pub=0.0001s (local map=214, WM=214)[0m
[0m[ INFO] [1790444930.233729008, 1790443964.753039267]: rtabmap (381): Rate=1.00s, Limit=0.000s, Conversion=0.0013s, RTAB-Map=0.2197s, Maps update=0.0002s pub=0.0001s (local map=215, WM=215)[0m
[0m[ INFO] [1790444931.348270090, 1790443965.864034294]: rtabmap (382): Rate=1.00s, Limit=0.000s, Conversion=0.0013s, RTAB-Map=0.2434s, Maps update=0.0003s pub=0.0001s (local map=216, WM=216)[0m
[0m[ INFO] [1790444932.445233059, 1790443966.962231548]: rtabmap (383): Rate=1.00s, Limit=0.000s, Conversion=0.0013s, RTAB-Map=0.2463s, Maps update=0.0003s pub=0.0001s (local map=217, WM=217)[0m
[0m[ INFO] [1790444933.528087649, 1790443968.045316861]: rtabmap (384): Rate=1.00s, Limit=0.000s, Conversion=0.0014s, RTAB-Map=0.2262s, Maps update=0.0002s pub=0.0001s (local map=218, WM=218)[0m
[0m[ INFO] [1790444934.525259543, 1790443969.043257563]: rtabmap (385): Rate=1.00s, Limit=0.000s, Conversion=0.0014s, RTAB-Map=0.2389s, Maps update=0.0002s pub=0.0001s (local map=219, WM=219)[0m
[0m[ INFO] [1790444935.617561692, 1790443970.128084526]: rtabmap (386): Rate=1.00s, Limit=0.000s, Conversion=0.0013s, RTAB-Map=0.2207s, Maps update=0.0002s pub=0.0001s (local map=220, WM=220)[0m
[0m[ INFO] [1790444936.821594278, 1790443971.337697301]: rtabmap (387): Rate=1.00s, Limit=0.000s, Conversion=0.0011s, RTAB-Map=0.2292s, Maps update=0.0002s pub=0.0001s (local map=221, WM=221)[0m
[0m[ INFO] [1790444937.813448960, 1790443972.327563578]: rtabmap (388): Rate=1.00s, Limit=0.000s, Conversion=0.0009s, RTAB-Map=0.2262s, Maps update=0.0003s pub=0.0001s (local map=221, WM=221)[0m
[0m[ INFO] [1790444938.840900640, 1790443973.355967908]: rtabmap (389): Rate=1.00s, Limit=0.000s, Conversion=0.0008s, RTAB-Map=0.2365s, Maps update=0.0002s pub=0.0001s (local map=222, WM=222)[0m
[0m[ INFO] [1790444940.055459996, 1790443974.567385405]: rtabmap (390): Rate=1.00s, Limit=0.000s, Conversion=0.0014s, RTAB-Map=0.2625s, Maps update=0.0004s pub=0.0001s (local map=223, WM=223)[0m
[0m[ INFO] [1790444941.118338077, 1790443975.627994310]: rtabmap (391): Rate=1.00s, Limit=0.000s, Conversion=0.0022s, RTAB-Map=0.2378s, Maps update=0.0002s pub=0.0001s (local map=224, WM=224)[0m
[0m[ INFO] [1790444942.140774181, 1790443976.658282051]: rtabmap (392): Rate=1.00s, Limit=0.000s, Conversion=0.0010s, RTAB-Map=0.2508s, Maps update=0.0003s pub=0.0001s (local map=224, WM=224)[0m
[0m[ INFO] [1790444943.209751304, 1790443977.727726924]: rtabmap (393): Rate=1.00s, Limit=0.000s, Conversion=0.0013s, RTAB-Map=0.2328s, Maps update=0.0003s pub=0.0001s (local map=225, WM=225)[0m
[0m[ INFO] [1790444944.229578322, 1790443978.749294729]: rtabmap (394): Rate=1.00s, Limit=0.000s, Conversion=0.0013s, RTAB-Map=0.2475s, Maps update=0.0003s pub=0.0001s (local map=226, WM=226)[0m
[0m[ INFO] [1790444945.355678918, 1790443979.867934507]: rtabmap (395): Rate=1.00s, Limit=0.000s, Conversion=0.0010s, RTAB-Map=0.2470s, Maps update=0.0003s pub=0.0001s (local map=227, WM=227)[0m
[0m[ INFO] [1790444946.345948204, 1790443980.863797679]: rtabmap (396): Rate=1.00s, Limit=0.000s, Conversion=0.0018s, RTAB-Map=0.2323s, Maps update=0.0003s pub=0.0001s (local map=228, WM=228)[0m
Warning: TF_REPEATED_DATA ignoring data with redundant timestamp for frame odom (parent map) at time 1790443981.116931 according to authority unknown_publisher
         at line 278 in /tmp/binarydeb/ros-noetic-tf2-0.7.7/src/buffer_core.cpp
Warning: TF_REPEATED_DATA ignoring data with redundant timestamp for frame odom (parent map) at time 1790443981.116931 according to authority /rtabmap/rtabmap
         at line 278 in /tmp/binarydeb/ros-noetic-tf2-0.7.7/src/buffer_core.cpp
[33m[ WARN] [1790444946.498727378, 1790443981.016930872]: TF_REPEATED_DATA ignoring data with redundant timestamp for frame odom (parent map) at time 1790443981.116931 according to authority unknown_publisher[0m
[0m[ INFO] [1790444947.431369122, 1790443981.946066434]: rtabmap (397): Rate=1.00s, Limit=0.000s, Conversion=0.0012s, RTAB-Map=0.2464s, Maps update=0.0002s pub=0.0001s (local map=229, WM=229)[0m
[0m[ INFO] [1790444948.462509543, 1790443982.976094779]: rtabmap (398): Rate=1.00s, Limit=0.000s, Conversion=0.0013s, RTAB-Map=0.2614s, Maps update=0.0003s pub=0.0001s (local map=230, WM=230)[0m
[0m[ INFO] [1790444949.600191224, 1790443984.119651340]: rtabmap (399): Rate=1.00s, Limit=0.000s, Conversion=0.0023s, RTAB-Map=0.2580s, Maps update=0.0003s pub=0.0001s (local map=230, WM=230)[0m
[0m[ INFO] [1790444950.644792015, 1790443985.159998644]: rtabmap (400): Rate=1.00s, Limit=0.000s, Conversion=0.0012s, RTAB-Map=0.2533s, Maps update=0.0003s pub=0.0001s (local map=230, WM=230)[0m
[0m[ INFO] [1790444951.717034227, 1790443986.231684275]: rtabmap (401): Rate=1.00s, Limit=0.000s, Conversion=0.0009s, RTAB-Map=0.2396s, Maps update=0.0003s pub=0.0001s (local map=230, WM=230)[0m
[0m[ INFO] [1790444952.729552715, 1790443987.248356920]: rtabmap (402): Rate=1.00s, Limit=0.000s, Conversion=0.0020s, RTAB-Map=0.2197s, Maps update=0.0002s pub=0.0001s (local map=231, WM=231)[0m
[0m[ INFO] [1790444953.879006651, 1790443988.397185601]: rtabmap (403): Rate=1.00s, Limit=0.000s, Conversion=0.0013s, RTAB-Map=0.2459s, Maps update=0.0003s pub=0.0001s (local map=232, WM=232)[0m
[0m[ INFO] [1790444954.936601950, 1790443989.456141107]: rtabmap (404): Rate=1.00s, Limit=0.000s, Conversion=0.0015s, RTAB-Map=0.2443s, Maps update=0.0002s pub=0.0001s (local map=233, WM=233)[0m
[0m[ INFO] [1790444956.084128568, 1790443990.596118779]: rtabmap (405): Rate=1.00s, Limit=0.000s, Conversion=0.0013s, RTAB-Map=0.2789s, Maps update=0.0002s pub=0.0001s (local map=234, WM=234)[0m
[0m[ INFO] [1790444957.035886135, 1790443991.554924166]: rtabmap (406): Rate=1.00s, Limit=0.000s, Conversion=0.0011s, RTAB-Map=0.2432s, Maps update=0.0005s pub=0.0001s (local map=235, WM=235)[0m
[0m[ INFO] [1790444958.119529814, 1790443992.632744486]: rtabmap (407): Rate=1.00s, Limit=0.000s, Conversion=0.0014s, RTAB-Map=0.2281s, Maps update=0.0002s pub=0.0001s (local map=236, WM=236)[0m
[0m[ INFO] [1790444959.109977307, 1790443993.622225472]: rtabmap (408): Rate=1.00s, Limit=0.000s, Conversion=0.0014s, RTAB-Map=0.2223s, Maps update=0.0002s pub=0.0001s (local map=237, WM=237)[0m
[0m[ INFO] [1790444960.138006778, 1790443994.649584568]: rtabmap (409): Rate=1.00s, Limit=0.000s, Conversion=0.0020s, RTAB-Map=0.2397s, Maps update=0.0003s pub=0.0001s (local map=238, WM=238)[0m
[0m[ INFO] [1790444961.142331190, 1790443995.660596477]: rtabmap (410): Rate=1.00s, Limit=0.000s, Conversion=0.0019s, RTAB-Map=0.2359s, Maps update=0.0003s pub=0.0001s (local map=239, WM=239)[0m
[0m[ INFO] [1790444962.337046161, 1790443996.852760028]: rtabmap (411): Rate=1.00s, Limit=0.000s, Conversion=0.0015s, RTAB-Map=0.2405s, Maps update=0.0003s pub=0.0001s (local map=240, WM=240)[0m
[0m[ INFO] [1790444963.404521086, 1790443997.914986256]: rtabmap (412): Rate=1.00s, Limit=0.000s, Conversion=0.0018s, RTAB-Map=0.2631s, Maps update=0.0003s pub=0.0001s (local map=241, WM=241)[0m
[0m[ INFO] [1790444964.447055867, 1790443998.957238889]: rtabmap (413): Rate=1.00s, Limit=0.000s, Conversion=0.0011s, RTAB-Map=0.2507s, Maps update=0.0004s pub=0.0001s (local map=242, WM=242)[0m
[0m[ INFO] [1790444965.441593258, 1790443999.957453303]: rtabmap (414): Rate=1.00s, Limit=0.000s, Conversion=0.0020s, RTAB-Map=0.2471s, Maps update=0.0004s pub=0.0001s (local map=243, WM=243)[0m
[0m[ INFO] [1790444966.528510475, 1790444001.038521304]: rtabmap (415): Rate=1.00s, Limit=0.000s, Conversion=0.0013s, RTAB-Map=0.2432s, Maps update=0.0003s pub=0.0001s (local map=244, WM=244)[0m
Warning: TF_REPEATED_DATA ignoring data with redundant timestamp for frame odom (parent map) at time 1790444001.303707 according to authority unknown_publisher
         at line 278 in /tmp/binarydeb/ros-noetic-tf2-0.7.7/src/buffer_core.cpp
[33m[ WARN] [1790444966.684480818, 1790444001.203706980]: TF_REPEATED_DATA ignoring data with redundant timestamp for frame odom (parent map) at time 1790444001.303707 according to authority unknown_publisher[0m
Warning: TF_REPEATED_DATA ignoring data with redundant timestamp for frame odom (parent map) at time 1790444001.303707 according to authority /rtabmap/rtabmap
         at line 278 in /tmp/binarydeb/ros-noetic-tf2-0.7.7/src/buffer_core.cpp
[33m[ WARN] [1790444972.592867302, 1790444007.109387834]: We are receiving imu data (buffer=1000), but cannot interpolate imu transform at time 1790444007.068636. IMU won't be added to graph.[0m
[33m[ WARN] [1790444981.897176199, 1790444016.412510638]: We are receiving imu data (buffer=1000), but cannot interpolate imu transform at time 1790444016.372253. IMU won't be added to graph.[0m
[0m[ INFO] [1790444967.635034369, 1790444002.151533461]: rtabmap (416): Rate=1.00s, Limit=0.000s, Conversion=0.0020s, RTAB-Map=0.2333s, Maps update=0.0002s pub=0.0001s (local map=245, WM=245)[0m
[0m[ INFO] [1790444968.660656771, 1790444003.172660358]: rtabmap (417): Rate=1.00s, Limit=0.000s, Conversion=0.0020s, RTAB-Map=0.2350s, Maps update=0.0002s pub=0.0001s (local map=246, WM=246)[0m
[0m[ INFO] [1790444969.699694264, 1790444004.217426905]: rtabmap (418): Rate=1.00s, Limit=0.000s, Conversion=0.0014s, RTAB-Map=0.2204s, Maps update=0.0003s pub=0.0001s (local map=247, WM=247)[0m
[0m[ INFO] [1790444970.804672700, 1790444005.315523826]: rtabmap (419): Rate=1.00s, Limit=0.000s, Conversion=0.0014s, RTAB-Map=0.2253s, Maps update=0.0003s pub=0.0001s (local map=248, WM=248)[0m
[0m[ INFO] [1790444971.811531089, 1790444006.327385981]: rtabmap (420): Rate=1.00s, Limit=0.000s, Conversion=0.0010s, RTAB-Map=0.2222s, Maps update=0.0002s pub=0.0001s (local map=249, WM=249)[0m
[33m[ WARN] (2026-09-26 13:49:32.592) Transform.cpp:557::getTransform() No transform found for stamp 1790444007.068636! Latest is 1790444007.063013[0m
[0m[ INFO] [1790444972.771482628, 1790444007.280963563]: rtabmap (421): Rate=1.00s, Limit=0.000s, Conversion=0.0016s, RTAB-Map=0.1778s, Maps update=0.0004s pub=0.0001s (local map=250, WM=250)[0m
[0m[ INFO] [1790444973.921683222, 1790444008.441386860]: rtabmap (422): Rate=1.00s, Limit=0.000s, Conversion=0.0020s, RTAB-Map=0.2328s, Maps update=0.0003s pub=0.0001s (local map=251, WM=251)[0m
[0m[ INFO] [1790444974.947887676, 1790444009.465142168]: rtabmap (423): Rate=1.00s, Limit=0.000s, Conversion=0.0014s, RTAB-Map=0.2188s, Maps update=0.0004s pub=0.0001s (local map=252, WM=252)[0m
[0m[ INFO] [1790444976.024832141, 1790444010.538447297]: rtabmap (424): Rate=1.00s, Limit=0.000s, Conversion=0.0021s, RTAB-Map=0.2357s, Maps update=0.0002s pub=0.0001s (local map=253, WM=253)[0m
[0m[ INFO] [1790444977.060578875, 1790444011.578873219]: rtabmap (425): Rate=1.00s, Limit=0.000s, Conversion=0.0014s, RTAB-Map=0.2631s, Maps update=0.0003s pub=0.0001s (local map=254, WM=254)[0m
[0m[ INFO] [1790444978.033985345, 1790444012.549112037]: rtabmap (426): Rate=1.00s, Limit=0.000s, Conversion=0.0015s, RTAB-Map=0.2466s, Maps update=0.0003s pub=0.0001s (local map=255, WM=255)[0m
[0m[ INFO] [1790444979.151494251, 1790444013.669771730]: rtabmap (427): Rate=1.00s, Limit=0.000s, Conversion=0.0020s, RTAB-Map=0.2639s, Maps update=0.0003s pub=0.0001s (local map=256, WM=256)[0m
[0m[ INFO] [1790444980.140420474, 1790444014.655330204]: rtabmap (428): Rate=1.00s, Limit=0.000s, Conversion=0.0014s, RTAB-Map=0.2499s, Maps update=0.0002s pub=0.0001s (local map=257, WM=257)[0m
[0m[ INFO] [1790444981.156688178, 1790444015.675549632]: rtabmap (429): Rate=1.00s, Limit=0.000s, Conversion=0.0020s, RTAB-Map=0.2680s, Maps update=0.0003s pub=0.0001s (local map=258, WM=258)[0m
[33m[ WARN] (2026-09-26 13:49:41.896) Transform.cpp:557::getTransform() No transform found for stamp 1790444016.372253! Latest is 1790444016.368632[0m
[0m[ INFO] [1790444982.120958578, 1790444016.634055457]: rtabmap (430): Rate=1.00s, Limit=0.000s, Conversion=0.0019s, RTAB-Map=0.2231s, Maps update=0.0003s pub=0.0001s (local map=259, WM=259)[0m
[0m[ INFO] [1790444983.350413602, 1790444017.868304581]: rtabmap (431): Rate=1.00s, Limit=0.000s, Conversion=0.0016s, RTAB-Map=0.2566s, Maps update=0.0003s pub=0.0001s (local map=260, WM=260)[0m
[0m[ INFO] [1790444984.394452137, 1790444018.910878332]: rtabmap (432): Rate=1.00s, Limit=0.000s, Conversion=0.0020s, RTAB-Map=0.2647s, Maps update=0.0003s pub=0.0001s (local map=261, WM=261)[0m
Warning: TF_REPEATED_DATA ignoring data with redundant timestamp for frame odom (parent map) at time 1790444019.163998 according to authority unknown_publisher
         at line 278 in /tmp/binarydeb/ros-noetic-tf2-0.7.7/src/buffer_core.cpp
[33m[ WARN] [1790444984.546217538, 1790444019.063998211]: TF_REPEATED_DATA ignoring data with redundant timestamp for frame odom (parent map) at time 1790444019.163998 according to authority unknown_publisher[0m
Warning: TF_REPEATED_DATA ignoring data with redundant timestamp for frame odom (parent map) at time 1790444019.163998 according to authority /rtabmap/rtabmap
         at line 278 in /tmp/binarydeb/ros-noetic-tf2-0.7.7/src/buffer_core.cpp
[0m[ INFO] [1790444985.346594788, 1790444019.862173742]: rtabmap (433): Rate=1.00s, Limit=0.000s, Conversion=0.0009s, RTAB-Map=0.2518s, Maps update=0.0004s pub=0.0001s (local map=262, WM=262)[0m
[0m[ INFO] [1790444986.463500966, 1790444020.974969154]: rtabmap (434): Rate=1.00s, Limit=0.000s, Conversion=0.0019s, RTAB-Map=0.2635s, Maps update=0.0003s pub=0.0001s (local map=263, WM=263)[0m
[0m[ INFO] [1790444987.494217146, 1790444022.004857774]: rtabmap (435): Rate=1.00s, Limit=0.000s, Conversion=0.0008s, RTAB-Map=0.2617s, Maps update=0.0004s pub=0.0001s (local map=264, WM=264)[0m
[0m[ INFO] [1790444988.549666300, 1790444023.065945005]: rtabmap (436): Rate=1.00s, Limit=0.000s, Conversion=0.0013s, RTAB-Map=0.2507s, Maps update=0.0003s pub=0.0001s (local map=265, WM=265)[0m
[0m[ INFO] [1790444989.588988462, 1790444024.104827898]: rtabmap (437): Rate=1.00s, Limit=0.000s, Conversion=0.0013s, RTAB-Map=0.2679s, Maps update=0.0003s pub=0.0001s (local map=266, WM=266)[0m
[0m[ INFO] [1790444990.669784228, 1790444025.187079680]: rtabmap (438): Rate=1.00s, Limit=0.000s, Conversion=0.0018s, RTAB-Map=0.2763s, Maps update=0.0003s pub=0.0001s (local map=267, WM=267)[0m
[0m[ INFO] [1790444991.871112510, 1790444026.384352430]: rtabmap (439): Rate=1.00s, Limit=0.000s, Conversion=0.0020s, RTAB-Map=0.2697s, Maps update=0.0006s pub=0.0001s (local map=268, WM=268)[0m
[0m[ INFO] [1790444992.943003858, 1790444027.455514650]: rtabmap (440): Rate=1.00s, Limit=0.000s, Conversion=0.0013s, RTAB-Map=0.2542s, Maps update=0.0003s pub=0.0001s (local map=269, WM=269)[0m
[0m[ INFO] [1790444993.957510099, 1790444028.476694565]: rtabmap (441): Rate=1.00s, Limit=0.000s, Conversion=0.0014s, RTAB-Map=0.2600s, Maps update=0.0004s pub=0.0001s (local map=270, WM=270)[0m
[0m[ INFO] [1790444994.952392703, 1790444029.463729370]: rtabmap (442): Rate=1.00s, Limit=0.000s, Conversion=0.0014s, RTAB-Map=0.2710s, Maps update=0.0003s pub=0.0001s (local map=271, WM=271)[0m
[0m[ INFO] [1790444995.959861811, 1790444030.474849302]: rtabmap (443): Rate=1.00s, Limit=0.000s, Conversion=0.0021s, RTAB-Map=0.2684s, Maps update=0.0003s pub=0.0001s (local map=272, WM=272)[0m
[0m[ INFO] [1790444997.097796247, 1790444031.611798639]: rtabmap (444): Rate=1.00s, Limit=0.000s, Conversion=0.0012s, RTAB-Map=0.3069s, Maps update=0.0003s pub=0.0001s (local map=273, WM=273)[0m
[0m[ INFO] [1790444998.110614565, 1790444032.621692701]: rtabmap (445): Rate=1.00s, Limit=0.000s, Conversion=0.0008s, RTAB-Map=0.3137s, Maps update=0.0002s pub=0.0001s (local map=274, WM=274)[0m
[0m[ INFO] [1790444999.085769527, 1790444033.603507833]: rtabmap (446): Rate=1.00s, Limit=0.000s, Conversion=0.0013s, RTAB-Map=0.2968s, Maps update=0.0003s pub=0.0001s (local map=275, WM=275)[0m
[0m[ INFO] [1790445000.166186983, 1790444034.684436237]: rtabmap (447): Rate=1.00s, Limit=0.000s, Conversion=0.0008s, RTAB-Map=0.2851s, Maps update=0.0003s pub=0.0001s (local map=276, WM=276)[0m
[0m[ INFO] [1790445001.185370585, 1790444035.697398236]: rtabmap (448): Rate=1.00s, Limit=0.000s, Conversion=0.0013s, RTAB-Map=0.2986s, Maps update=0.0003s pub=0.0001s (local map=277, WM=277)[0m
[0m[ INFO] [1790445002.241719361, 1790444036.751385450]: rtabmap (449): Rate=1.00s, Limit=0.000s, Conversion=0.0008s, RTAB-Map=0.3249s, Maps update=0.0005s pub=0.0001s (local map=278, WM=278)[0m
[0m[ INFO] [1790445003.351415375, 1790444037.863472370]: rtabmap (450): Rate=1.00s, Limit=0.000s, Conversion=0.0012s, RTAB-Map=0.3105s, Maps update=0.0003s pub=0.0001s (local map=279, WM=279)[0m
Warning: TF_REPEATED_DATA ignoring data with redundant timestamp for frame odom (parent map) at time 1790444038.122547 according to authority unknown_publisher
         at line 278 in /tmp/binarydeb/ros-noetic-tf2-0.7.7/src/buffer_core.cpp
[33m[ WARN] [1790445003.503640748, 1790444038.022546810]: TF_REPEATED_DATA ignoring data with redundant timestamp for frame odom (parent map) at time 1790444038.122547 according to authority unknown_publisher[0m
Warning: TF_REPEATED_DATA ignoring data with redundant timestamp for frame odom (parent map) at time 1790444038.122547 according to authority /rtabmap/rtabmap
         at line 278 in /tmp/binarydeb/ros-noetic-tf2-0.7.7/src/buffer_core.cpp
[33m[ WARN] [1790445016.775123980, 1790444051.285792001]: We are receiving imu data (buffer=1000), but cannot interpolate imu transform at time 1790444051.265650. IMU won't be added to graph.[0m
[0m[ INFO] [1790445004.408367645, 1790444038.925816955]: rtabmap (451): Rate=1.00s, Limit=0.000s, Conversion=0.0012s, RTAB-Map=0.2874s, Maps update=0.0003s pub=0.0001s (local map=280, WM=280)[0m
[0m[ INFO] [1790445005.519697692, 1790444040.036087662]: rtabmap (452): Rate=1.00s, Limit=0.000s, Conversion=0.0013s, RTAB-Map=0.3226s, Maps update=0.0003s pub=0.0001s (local map=281, WM=281)[0m
[0m[ INFO] [1790445006.613449594, 1790444041.125828705]: rtabmap (453): Rate=1.00s, Limit=0.000s, Conversion=0.0008s, RTAB-Map=0.3049s, Maps update=0.0003s pub=0.0001s (local map=282, WM=282)[0m
[0m[ INFO] [1790445007.647405900, 1790444042.166648670]: rtabmap (454): Rate=1.00s, Limit=0.000s, Conversion=0.0016s, RTAB-Map=0.3138s, Maps update=0.0005s pub=0.0001s (local map=283, WM=283)[0m
[0m[ INFO] [1790445008.646438721, 1790444043.157929278]: rtabmap (455): Rate=1.00s, Limit=0.000s, Conversion=0.0012s, RTAB-Map=0.3176s, Maps update=0.0003s pub=0.0001s (local map=284, WM=284)[0m
[0m[ INFO] [1790445009.734033468, 1790444044.253089483]: rtabmap (456): Rate=1.00s, Limit=0.000s, Conversion=0.0021s, RTAB-Map=0.3281s, Maps update=0.0003s pub=0.0001s (local map=285, WM=285)[0m
[0m[ INFO] [1790445010.710467289, 1790444045.220898763]: rtabmap (457): Rate=1.00s, Limit=0.000s, Conversion=0.0009s, RTAB-Map=0.3138s, Maps update=0.0003s pub=0.0001s (local map=286, WM=286)[0m
[0m[ INFO] [1790445011.804851101, 1790444046.320899756]: rtabmap (458): Rate=1.00s, Limit=0.000s, Conversion=0.0021s, RTAB-Map=0.2990s, Maps update=0.0003s pub=0.0001s (local map=287, WM=287)[0m
[0m[ INFO] [1790445012.909561106, 1790444047.419856642]: rtabmap (459): Rate=1.00s, Limit=0.000s, Conversion=0.0008s, RTAB-Map=0.2970s, Maps update=0.0003s pub=0.0001s (local map=288, WM=288)[0m
[0m[ INFO] [1790445013.914996427, 1790444048.430538708]: rtabmap (460): Rate=1.00s, Limit=0.000s, Conversion=0.0008s, RTAB-Map=0.3002s, Maps update=0.0003s pub=0.0001s (local map=289, WM=289)[0m
[0m[ INFO] [1790445015.061935083, 1790444049.579448138]: rtabmap (461): Rate=1.00s, Limit=0.000s, Conversion=0.0013s, RTAB-Map=0.3050s, Maps update=0.0003s pub=0.0001s (local map=290, WM=290)[0m
[0m[ INFO] [1790445016.105611909, 1790444050.619566365]: rtabmap (462): Rate=1.00s, Limit=0.000s, Conversion=0.0014s, RTAB-Map=0.3092s, Maps update=0.0005s pub=0.0001s (local map=291, WM=291)[0m
[33m[ WARN] (2026-09-26 13:50:16.774) Transform.cpp:557::getTransform() No transform found for stamp 1790444051.265650! Latest is 1790444051.250497[0m
[0m[ INFO] [1790445017.020286751, 1790444051.539186381]: rtabmap (463): Rate=1.00s, Limit=0.000s, Conversion=0.0011s, RTAB-Map=0.2444s, Maps update=0.0004s pub=0.0001s (local map=292, WM=292)[0m
[0m[ INFO] [1790445018.233699891, 1790444052.750182695]: rtabmap (464): Rate=1.00s, Limit=0.000s, Conversion=0.0012s, RTAB-Map=0.3128s, Maps update=0.0004s pub=0.0001s (local map=293, WM=293)[0m
[0m[ INFO] [1790445019.291924779, 1790444053.805397150]: rtabmap (465): Rate=1.00s, Limit=0.000s, Conversion=0.0009s, RTAB-Map=0.3002s, Maps update=0.0006s pub=0.0001s (local map=294, WM=294)[0m
[0m[ INFO] [1790445020.403576393, 1790444054.914230813]: rtabmap (466): Rate=1.00s, Limit=0.000s, Conversion=0.0013s, RTAB-Map=0.2986s, Maps update=0.0003s pub=0.0001s (local map=295, WM=295)[0m
[0m[ INFO] [1790445021.381086607, 1790444055.891675490]: rtabmap (467): Rate=1.00s, Limit=0.000s, Conversion=0.0013s, RTAB-Map=0.2798s, Maps update=0.0005s pub=0.0001s (local map=296, WM=296)[0m
Warning: TF_REPEATED_DATA ignoring data with redundant timestamp for frame odom (parent map) at time 1790444056.149551 according to authority unknown_publisher
         at line 278 in /tmp/binarydeb/ros-noetic-tf2-0.7.7/src/buffer_core.cpp
[33m[ WARN] [1790445021.530517421, 1790444056.049550973]: TF_REPEATED_DATA ignoring data with redundant timestamp for frame odom (parent map) at time 1790444056.149551 according to authority unknown_publisher[0m
Warning: TF_REPEATED_DATA ignoring data with redundant timestamp for frame odom (parent map) at time 1790444056.149551 according to authority /rtabmap/rtabmap
         at line 278 in /tmp/binarydeb/ros-noetic-tf2-0.7.7/src/buffer_core.cpp
[0m[ INFO] [1790445022.507781136, 1790444057.018655175]: rtabmap (468): Rate=1.00s, Limit=0.000s, Conversion=0.0009s, RTAB-Map=0.3107s, Maps update=0.0006s pub=0.0001s (local map=297, WM=297)[0m
[0m[ INFO] [1790445023.601753101, 1790444058.120848957]: rtabmap (469): Rate=1.00s, Limit=0.000s, Conversion=0.0010s, RTAB-Map=0.3192s, Maps update=0.0003s pub=0.0001s (local map=298, WM=298)[0m
[0m[ INFO] [1790445024.623790456, 1790444059.133402048]: rtabmap (470): Rate=1.00s, Limit=0.000s, Conversion=0.0008s, RTAB-Map=0.3195s, Maps update=0.0003s pub=0.0001s (local map=299, WM=299)[0m
[0m[ INFO] [1790445025.714209516, 1790444060.227417884]: rtabmap (471): Rate=1.00s, Limit=0.000s, Conversion=0.0009s, RTAB-Map=0.3229s, Maps update=0.0004s pub=0.0001s (local map=300, WM=300)[0m
[0m[ INFO] [1790445026.754660032, 1790444061.266430208]: rtabmap (472): Rate=1.00s, Limit=0.000s, Conversion=0.0013s, RTAB-Map=0.3176s, Maps update=0.0003s pub=0.0001s (local map=301, WM=301)[0m
[0m[ INFO] [1790445027.913671456, 1790444062.431005821]: rtabmap (473): Rate=1.00s, Limit=0.000s, Conversion=0.0014s, RTAB-Map=0.3277s, Maps update=0.0004s pub=0.0001s (local map=301, WM=301)[0m
[0m[ INFO] [1790445028.916057652, 1790444063.429861578]: rtabmap (474): Rate=1.00s, Limit=0.000s, Conversion=0.0014s, RTAB-Map=0.3314s, Maps update=0.0003s pub=0.0001s (local map=302, WM=302)[0m
[0m[ INFO] [1790445030.026331488, 1790444064.537535642]: rtabmap (475): Rate=1.00s, Limit=0.000s, Conversion=0.0008s, RTAB-Map=0.3316s, Maps update=0.0004s pub=0.0001s (local map=303, WM=303)[0m
[0m[ INFO] [1790445031.020273431, 1790444065.538451197]: rtabmap (476): Rate=1.00s, Limit=0.000s, Conversion=0.0008s, RTAB-Map=0.3256s, Maps update=0.0003s pub=0.0001s (local map=304, WM=304)[0m
[0m[ INFO] [1790445032.026763990, 1790444066.539236862]: rtabmap (477): Rate=1.00s, Limit=0.000s, Conversion=0.0013s, RTAB-Map=0.3298s, Maps update=0.0003s pub=0.0001s (local map=305, WM=305)[0m
[33m[ WARN] (2026-09-26 13:50:32.960) Memory.cpp:3200::computeTransform() Missing visual features or missing raw data to compute them. Transform cannot be estimated.[0m
[0m[ INFO] [1790445033.120363788, 1790444067.630105590]: rtabmap (478): Rate=1.00s, Limit=0.000s, Conversion=0.0014s, RTAB-Map=0.3309s, Maps update=0.0003s pub=0.0001s (local map=306, WM=306)[0m
[33m[ WARN] (2026-09-26 13:50:34.065) Memory.cpp:3200::computeTransform() Missing visual features or missing raw data to compute them. Transform cannot be estimated.[0m
[0m[ INFO] [1790445034.250024106, 1790444068.766338043]: rtabmap (479): Rate=1.00s, Limit=0.000s, Conversion=0.0009s, RTAB-Map=0.3602s, Maps update=0.0006s pub=0.0001s (local map=306, WM=306)[0m
[33m[ WARN] (2026-09-26 13:50:35.069) Memory.cpp:3200::computeTransform() Missing visual features or missing raw data to compute them. Transform cannot be estimated.[0m
[0m[ INFO] [1790445035.215883725, 1790444069.727757967]: rtabmap (480): Rate=1.00s, Limit=0.000s, Conversion=0.0010s, RTAB-Map=0.3152s, Maps update=0.0003s pub=0.0001s (local map=307, WM=307)[0m
[33m[ WARN] (2026-09-26 13:50:36.055) Memory.cpp:3200::computeTransform() Missing visual features or missing raw data to compute them. Transform cannot be estimated.[0m
[0m[ INFO] [1790445036.226015540, 1790444070.737436240]: rtabmap (481): Rate=1.00s, Limit=0.000s, Conversion=0.0009s, RTAB-Map=0.3295s, Maps update=0.0003s pub=0.0001s (local map=308, WM=308)[0m
[33m[ WARN] (2026-09-26 13:50:37.173) Memory.cpp:3200::computeTransform() Missing visual features or missing raw data to compute them. Transform cannot be estimated.[0m
[0m[ INFO] [1790445037.343878448, 1790444071.859946015]: rtabmap (482): Rate=1.00s, Limit=0.000s, Conversion=0.0012s, RTAB-Map=0.3487s, Maps update=0.0003s pub=0.0001s (local map=309, WM=309)[0m
[33m[ WARN] (2026-09-26 13:50:38.169) Memory.cpp:3200::computeTransform() Missing visual features or missing raw data to compute them. Transform cannot be estimated.[0m
[0m[ INFO] [1790445038.349604902, 1790444072.868276337]: rtabmap (483): Rate=1.00s, Limit=0.000s, Conversion=0.0012s, RTAB-Map=0.3616s, Maps update=0.0004s pub=0.0001s (local map=310, WM=310)[0m
[33m[ WARN] (2026-09-26 13:50:39.208) Memory.cpp:3200::computeTransform() Missing visual features or missing raw data to compute them. Transform cannot be estimated.[0m
[0m[ INFO] [1790445039.370631650, 1790444073.881064947]: rtabmap (484): Rate=1.00s, Limit=0.000s, Conversion=0.0013s, RTAB-Map=0.3257s, Maps update=0.0003s pub=0.0001s (local map=311, WM=311)[0m
[33m[ WARN] (2026-09-26 13:50:40.299) Memory.cpp:3200::computeTransform() Missing visual features or missing raw data to compute them. Transform cannot be estimated.[0m
[0m[ INFO] [1790445040.462552483, 1790444074.980004545]: rtabmap (485): Rate=1.00s, Limit=0.000s, Conversion=0.0013s, RTAB-Map=0.3454s, Maps update=0.0004s pub=0.0001s (local map=312, WM=312)[0m
Warning: TF_REPEATED_DATA ignoring data with redundant timestamp for frame odom (parent map) at time 1790444075.232750 according to authority unknown_publisher
         at line 278 in /tmp/binarydeb/ros-noetic-tf2-0.7.7/src/buffer_core.cpp
Warning: TF_REPEATED_DATA ignoring data with redundant timestamp for frame odom (parent map) at time 1790444075.232750 according to authority /rtabmap/rtabmap
         at line 278 in /tmp/binarydeb/ros-noetic-tf2-0.7.7/src/buffer_core.cpp
[33m[ WARN] [1790445040.617154776, 1790444075.132750050]: TF_REPEATED_DATA ignoring data with redundant timestamp for frame odom (parent map) at time 1790444075.232750 according to authority unknown_publisher[0m
[33m[ WARN] [1790445054.588083515, 1790444089.100532098]: We are receiving imu data (buffer=1000), but cannot interpolate imu transform at time 1790444089.070340. IMU won't be added to graph.[0m
[33m[ WARN] (2026-09-26 13:50:41.369) Memory.cpp:3200::computeTransform() Missing visual features or missing raw data to compute them. Transform cannot be estimated.[0m
[0m[ INFO] [1790445041.566898250, 1790444076.081768812]: rtabmap (486): Rate=1.00s, Limit=0.000s, Conversion=0.0014s, RTAB-Map=0.3772s, Maps update=0.0003s pub=0.0001s (local map=313, WM=313)[0m
[33m[ WARN] (2026-09-26 13:50:42.388) Memory.cpp:3200::computeTransform() Missing visual features or missing raw data to compute them. Transform cannot be estimated.[0m
[0m[ INFO] [1790445042.590096637, 1790444077.109028940]: rtabmap (487): Rate=1.00s, Limit=0.000s, Conversion=0.0012s, RTAB-Map=0.3761s, Maps update=0.0004s pub=0.0001s (local map=314, WM=314)[0m
[33m[ WARN] (2026-09-26 13:50:43.478) Memory.cpp:3200::computeTransform() Missing visual features or missing raw data to compute them. Transform cannot be estimated.[0m
[0m[ INFO] [1790445043.665709739, 1790444078.178707801]: rtabmap (488): Rate=1.00s, Limit=0.000s, Conversion=0.0014s, RTAB-Map=0.3732s, Maps update=0.0005s pub=0.0001s (local map=315, WM=315)[0m
[33m[ WARN] (2026-09-26 13:50:44.467) Memory.cpp:3200::computeTransform() Missing visual features or missing raw data to compute them. Transform cannot be estimated.[0m
[0m[ INFO] [1790445044.649571825, 1790444079.168582912]: rtabmap (489): Rate=1.00s, Limit=0.000s, Conversion=0.0013s, RTAB-Map=0.3485s, Maps update=0.0003s pub=0.0001s (local map=316, WM=316)[0m
[33m[ WARN] (2026-09-26 13:50:45.581) Memory.cpp:3200::computeTransform() Missing visual features or missing raw data to compute them. Transform cannot be estimated.[0m
[0m[ INFO] [1790445045.724836827, 1790444080.241697138]: rtabmap (490): Rate=1.00s, Limit=0.000s, Conversion=0.0014s, RTAB-Map=0.3367s, Maps update=0.0003s pub=0.0001s (local map=317, WM=317)[0m
[33m[ WARN] (2026-09-26 13:50:46.564) Memory.cpp:3200::computeTransform() Missing visual features or missing raw data to compute them. Transform cannot be estimated.[0m
[0m[ INFO] [1790445046.704197006, 1790444081.221207464]: rtabmap (491): Rate=1.00s, Limit=0.000s, Conversion=0.0008s, RTAB-Map=0.3076s, Maps update=0.0004s pub=0.0001s (local map=318, WM=318)[0m
[33m[ WARN] (2026-09-26 13:50:47.579) Memory.cpp:3200::computeTransform() Missing visual features or missing raw data to compute them. Transform cannot be estimated.[0m
[0m[ INFO] [1790445047.726726937, 1790444082.241282135]: rtabmap (492): Rate=1.00s, Limit=0.000s, Conversion=0.0018s, RTAB-Map=0.3211s, Maps update=0.0003s pub=0.0001s (local map=319, WM=319)[0m
[33m[ WARN] (2026-09-26 13:50:48.762) Memory.cpp:3200::computeTransform() Missing visual features or missing raw data to compute them. Transform cannot be estimated.[0m
[0m[ INFO] [1790445048.906231666, 1790444083.423973011]: rtabmap (493): Rate=1.00s, Limit=0.000s, Conversion=0.0013s, RTAB-Map=0.3164s, Maps update=0.0003s pub=0.0001s (local map=320, WM=320)[0m
[33m[ WARN] (2026-09-26 13:50:49.736) Memory.cpp:3200::computeTransform() Missing visual features or missing raw data to compute them. Transform cannot be estimated.[0m
[0m[ INFO] [1790445049.868242344, 1790444084.382682565]: rtabmap (494): Rate=1.00s, Limit=0.000s, Conversion=0.0009s, RTAB-Map=0.2875s, Maps update=0.0003s pub=0.0001s (local map=321, WM=321)[0m
[33m[ WARN] (2026-09-26 13:50:50.770) Memory.cpp:3200::computeTransform() Missing visual features or missing raw data to compute them. Transform cannot be estimated.[0m
[0m[ INFO] [1790445050.899325710, 1790444085.412121818]: rtabmap (495): Rate=1.00s, Limit=0.000s, Conversion=0.0012s, RTAB-Map=0.2944s, Maps update=0.0004s pub=0.0001s (local map=322, WM=322)[0m
[33m[ WARN] (2026-09-26 13:50:51.764) Memory.cpp:3200::computeTransform() Missing visual features or missing raw data to compute them. Transform cannot be estimated.[0m
[0m[ INFO] [1790445051.898331319, 1790444086.410044439]: rtabmap (496): Rate=1.00s, Limit=0.000s, Conversion=0.0013s, RTAB-Map=0.2992s, Maps update=0.0004s pub=0.0001s (local map=323, WM=323)[0m
[33m[ WARN] (2026-09-26 13:50:52.768) Memory.cpp:3200::computeTransform() Missing visual features or missing raw data to compute them. Transform cannot be estimated.[0m
[0m[ INFO] [1790445052.896343253, 1790444087.411629179]: rtabmap (497): Rate=1.00s, Limit=0.000s, Conversion=0.0008s, RTAB-Map=0.2796s, Maps update=0.0006s pub=0.0001s (local map=324, WM=324)[0m
[33m[ WARN] (2026-09-26 13:50:53.764) Memory.cpp:3200::computeTransform() Missing visual features or missing raw data to compute them. Transform cannot be estimated.[0m
[0m[ INFO] [1790445053.893016227, 1790444088.403394132]: rtabmap (498): Rate=1.00s, Limit=0.000s, Conversion=0.0008s, RTAB-Map=0.2923s, Maps update=0.0003s pub=0.0001s (local map=325, WM=325)[0m
[33m[ WARN] (2026-09-26 13:50:54.587) Transform.cpp:557::getTransform() No transform found for stamp 1790444089.070340! Latest is 1790444089.060955[0m
[33m[ WARN] (2026-09-26 13:50:54.745) Memory.cpp:3200::computeTransform() Missing visual features or missing raw data to compute them. Transform cannot be estimated.[0m
[0m[ INFO] [1790445054.820792643, 1790444089.332502403]: rtabmap (499): Rate=1.00s, Limit=0.000s, Conversion=0.0012s, RTAB-Map=0.2319s, Maps update=0.0004s pub=0.0001s (local map=326, WM=326)[0m
[33m[ WARN] (2026-09-26 13:50:55.874) Memory.cpp:3200::computeTransform() Missing visual features or missing raw data to compute them. Transform cannot be estimated.[0m
[0m[ INFO] [1790445056.009186075, 1790444090.521943654]: rtabmap (500): Rate=1.00s, Limit=0.000s, Conversion=0.0013s, RTAB-Map=0.3042s, Maps update=0.0003s pub=0.0001s (local map=327, WM=327)[0m
[33m[ WARN] (2026-09-26 13:50:56.966) Memory.cpp:3200::computeTransform() Missing visual features or missing raw data to compute them. Transform cannot be estimated.[0m
[0m[ INFO] [1790445057.101915871, 1790444091.612068942]: rtabmap (501): Rate=1.00s, Limit=0.000s, Conversion=0.0012s, RTAB-Map=0.3067s, Maps update=0.0003s pub=0.0001s (local map=328, WM=328)[0m
[33m[ WARN] (2026-09-26 13:50:57.995) Memory.cpp:3200::computeTransform() Missing visual features or missing raw data to compute them. Transform cannot be estimated.[0m
[0m[ INFO] [1790445058.129585919, 1790444092.642743086]: rtabmap (502): Rate=1.00s, Limit=0.000s, Conversion=0.0008s, RTAB-Map=0.2889s, Maps update=0.0004s pub=0.0001s (local map=329, WM=329)[0m
Warning: TF_REPEATED_DATA ignoring data with redundant timestamp for frame odom (parent map) at time 1790444092.900933 according to authority unknown_publisher
         at line 278 in /tmp/binarydeb/ros-noetic-tf2-0.7.7/src/buffer_core.cpp
[33m[ WARN] [1790445058.282558786, 1790444092.800932554]: TF_REPEATED_DATA ignoring data with redundant timestamp for frame odom (parent map) at time 1790444092.900933 according to authority unknown_publisher[0m
Warning: TF_REPEATED_DATA ignoring data with redundant timestamp for frame odom (parent map) at time 1790444092.900933 according to authority /rtabmap/rtabmap
         at line 278 in /tmp/binarydeb/ros-noetic-tf2-0.7.7/src/buffer_core.cpp
[33m[ WARN] [1790445058.896362851, 1790444093.408091907]: We are receiving imu data (buffer=1000), but cannot interpolate imu transform at time 1790444093.367822. IMU won't be added to graph.[0m
[33m[ WARN] [1790445072.682879370, 1790444107.198585301]: We are receiving imu data (buffer=1000), but cannot interpolate imu transform at time 1790444107.168396. IMU won't be added to graph.[0m
[33m[ WARN] (2026-09-26 13:50:58.896) Transform.cpp:557::getTransform() No transform found for stamp 1790444093.367822! Latest is 1790444093.364784[0m
[33m[ WARN] (2026-09-26 13:50:59.070) Memory.cpp:3200::computeTransform() Missing visual features or missing raw data to compute them. Transform cannot be estimated.[0m
[0m[ INFO] [1790445059.153807352, 1790444093.670087978]: rtabmap (503): Rate=1.00s, Limit=0.000s, Conversion=0.0018s, RTAB-Map=0.2566s, Maps update=0.0005s pub=0.0001s (local map=330, WM=330)[0m
[33m[ WARN] (2026-09-26 13:51:00.187) Memory.cpp:3200::computeTransform() Missing visual features or missing raw data to compute them. Transform cannot be estimated.[0m
[0m[ INFO] [1790445060.319672281, 1790444094.830799475]: rtabmap (504): Rate=1.00s, Limit=0.000s, Conversion=0.0013s, RTAB-Map=0.3224s, Maps update=0.0003s pub=0.0001s (local map=331, WM=331)[0m
[33m[ WARN] (2026-09-26 13:51:01.253) Memory.cpp:3200::computeTransform() Missing visual features or missing raw data to compute them. Transform cannot be estimated.[0m
[0m[ INFO] [1790445061.378695342, 1790444095.892288418]: rtabmap (505): Rate=1.00s, Limit=0.000s, Conversion=0.0013s, RTAB-Map=0.2817s, Maps update=0.0004s pub=0.0001s (local map=332, WM=332)[0m
[33m[ WARN] (2026-09-26 13:51:02.267) Memory.cpp:3200::computeTransform() Missing visual features or missing raw data to compute them. Transform cannot be estimated.[0m
[0m[ INFO] [1790445062.396332543, 1790444096.911229313]: rtabmap (506): Rate=1.00s, Limit=0.000s, Conversion=0.0014s, RTAB-Map=0.3037s, Maps update=0.0004s pub=0.0001s (local map=333, WM=333)[0m
[33m[ WARN] (2026-09-26 13:51:03.361) Memory.cpp:3200::computeTransform() Missing visual features or missing raw data to compute them. Transform cannot be estimated.[0m
[0m[ INFO] [1790445063.514031954, 1790444098.024954121]: rtabmap (507): Rate=1.00s, Limit=0.000s, Conversion=0.0014s, RTAB-Map=0.3168s, Maps update=0.0005s pub=0.0001s (local map=334, WM=334)[0m
[33m[ WARN] (2026-09-26 13:51:04.379) Memory.cpp:3200::computeTransform() Missing visual features or missing raw data to compute them. Transform cannot be estimated.[0m
[0m[ INFO] [1790445064.499492547, 1790444099.014254532]: rtabmap (508): Rate=1.00s, Limit=0.000s, Conversion=0.0008s, RTAB-Map=0.2750s, Maps update=0.0003s pub=0.0001s (local map=335, WM=335)[0m
[33m[ WARN] (2026-09-26 13:51:05.466) Memory.cpp:3200::computeTransform() Missing visual features or missing raw data to compute them. Transform cannot be estimated.[0m
[0m[ INFO] [1790445065.594363005, 1790444100.107330154]: rtabmap (509): Rate=1.00s, Limit=0.000s, Conversion=0.0020s, RTAB-Map=0.3003s, Maps update=0.0007s pub=0.0001s (local map=336, WM=336)[0m
[33m[ WARN] (2026-09-26 13:51:06.573) Memory.cpp:3200::computeTransform() Missing visual features or missing raw data to compute them. Transform cannot be estimated.[0m
[0m[ INFO] [1790445066.708586537, 1790444101.222356895]: rtabmap (510): Rate=1.00s, Limit=0.000s, Conversion=0.0008s, RTAB-Map=0.3000s, Maps update=0.0004s pub=0.0001s (local map=337, WM=337)[0m
[33m[ WARN] (2026-09-26 13:51:07.668) Memory.cpp:3200::computeTransform() Missing visual features or missing raw data to compute them. Transform cannot be estimated.[0m
[0m[ INFO] [1790445067.791224061, 1790444102.306777831]: rtabmap (511): Rate=1.00s, Limit=0.000s, Conversion=0.0013s, RTAB-Map=0.2938s, Maps update=0.0004s pub=0.0001s (local map=338, WM=338)[0m
[33m[ WARN] (2026-09-26 13:51:08.647) Memory.cpp:3200::computeTransform() Missing visual features or missing raw data to compute them. Transform cannot be estimated.[0m
[0m[ INFO] [1790445068.768141425, 1790444103.287071135]: rtabmap (512): Rate=1.00s, Limit=0.000s, Conversion=0.0015s, RTAB-Map=0.2879s, Maps update=0.0006s pub=0.0001s (local map=339, WM=339)[0m
[33m[ WARN] (2026-09-26 13:51:09.647) Memory.cpp:3200::computeTransform() Missing visual features or missing raw data to compute them. Transform cannot be estimated.[0m
[0m[ INFO] [1790445069.772086506, 1790444104.285849025]: rtabmap (513): Rate=1.00s, Limit=0.000s, Conversion=0.0007s, RTAB-Map=0.2874s, Maps update=0.0006s pub=0.0001s (local map=340, WM=340)[0m
[33m[ WARN] (2026-09-26 13:51:10.753) Memory.cpp:3200::computeTransform() Missing visual features or missing raw data to compute them. Transform cannot be estimated.[0m
[0m[ INFO] [1790445070.884079229, 1790444105.396519301]: rtabmap (514): Rate=1.00s, Limit=0.000s, Conversion=0.0013s, RTAB-Map=0.3023s, Maps update=0.0007s pub=0.0001s (local map=341, WM=341)[0m
[33m[ WARN] (2026-09-26 13:51:11.887) Memory.cpp:3200::computeTransform() Missing visual features or missing raw data to compute them. Transform cannot be estimated.[0m
[0m[ INFO] [1790445072.027595111, 1790444106.541210971]: rtabmap (515): Rate=1.00s, Limit=0.000s, Conversion=0.0008s, RTAB-Map=0.3150s, Maps update=0.0004s pub=0.0001s (local map=342, WM=342)[0m
[33m[ WARN] (2026-09-26 13:51:12.682) Transform.cpp:557::getTransform() No transform found for stamp 1790444107.168396! Latest is 1790444107.151883[0m
[33m[ WARN] (2026-09-26 13:51:12.842) Memory.cpp:3200::computeTransform() Missing visual features or missing raw data to compute them. Transform cannot be estimated.[0m
[0m[ INFO] [1790445072.923669929, 1790444107.440336191]: rtabmap (516): Rate=1.00s, Limit=0.000s, Conversion=0.0013s, RTAB-Map=0.2400s, Maps update=0.0004s pub=0.0001s (local map=343, WM=343)[0m
[33m[ WARN] (2026-09-26 13:51:14.044) Memory.cpp:3200::computeTransform() Missing visual features or missing raw data to compute them. Transform cannot be estimated.[0m
[0m[ INFO] [1790445074.171750757, 1790444108.680841576]: rtabmap (517): Rate=1.00s, Limit=0.000s, Conversion=0.0009s, RTAB-Map=0.2826s, Maps update=0.0006s pub=0.0001s (local map=344, WM=344)[0m
[33m[ WARN] (2026-09-26 13:51:15.151) Memory.cpp:3200::computeTransform() Missing visual features or missing raw data to compute them. Transform cannot be estimated.[0m
[0m[ INFO] [1790445075.280978457, 1790444109.800657903]: rtabmap (518): Rate=1.00s, Limit=0.000s, Conversion=0.0014s, RTAB-Map=0.2939s, Maps update=0.0004s pub=0.0001s (local map=345, WM=345)[0m
[33m[ WARN] (2026-09-26 13:51:16.143) Memory.cpp:3200::computeTransform() Missing visual features or missing raw data to compute them. Transform cannot be estimated.[0m
[0m[ INFO] [1790445076.264935287, 1790444110.781158888]: rtabmap (519): Rate=1.00s, Limit=0.000s, Conversion=0.0016s, RTAB-Map=0.2754s, Maps update=0.0004s pub=0.0001s (local map=346, WM=346)[0m
Warning: TF_REPEATED_DATA ignoring data with redundant timestamp for frame odom (parent map) at time 1790444111.034365 according to authority unknown_publisher
         at line 278 in /tmp/binarydeb/ros-noetic-tf2-0.7.7/src/buffer_core.cpp
Warning: TF_REPEATED_DATA ignoring data with redundant timestamp for frame odom (parent map) at time 1790444111.034365 according to authority /rtabmap/rtabmap
         at line 278 in /tmp/binarydeb/ros-noetic-tf2-0.7.7/src/buffer_core.cpp
[33m[ WARN] [1790445076.415938116, 1790444110.934364973]: TF_REPEATED_DATA ignoring data with redundant timestamp for frame odom (parent map) at time 1790444111.034365 according to authority unknown_publisher[0m
[33m[ WARN] [1790445085.593486620, 1790444120.109647756]: We are receiving imu data (buffer=1000), but cannot interpolate imu transform at time 1790444120.069309. IMU won't be added to graph.[0m
[33m[ WARN] (2026-09-26 13:51:17.165) Memory.cpp:3200::computeTransform() Missing visual features or missing raw data to compute them. Transform cannot be estimated.[0m
[0m[ INFO] [1790445077.301263984, 1790444111.812093702]: rtabmap (520): Rate=1.00s, Limit=0.000s, Conversion=0.0012s, RTAB-Map=0.3084s, Maps update=0.0003s pub=0.0001s (local map=347, WM=347)[0m
[33m[ WARN] (2026-09-26 13:51:18.215) Memory.cpp:3200::computeTransform() Missing visual features or missing raw data to compute them. Transform cannot be estimated.[0m
[0m[ INFO] [1790445078.341641300, 1790444112.856243571]: rtabmap (521): Rate=1.00s, Limit=0.000s, Conversion=0.0009s, RTAB-Map=0.2848s, Maps update=0.0006s pub=0.0001s (local map=348, WM=348)[0m
[33m[ WARN] (2026-09-26 13:51:19.317) Memory.cpp:3200::computeTransform() Missing visual features or missing raw data to compute them. Transform cannot be estimated.[0m
[0m[ INFO] [1790445079.455380311, 1790444113.965980171]: rtabmap (522): Rate=1.00s, Limit=0.000s, Conversion=0.0008s, RTAB-Map=0.3105s, Maps update=0.0007s pub=0.0001s (local map=349, WM=349)[0m
[33m[ WARN] (2026-09-26 13:51:20.385) Memory.cpp:3200::computeTransform() Missing visual features or missing raw data to compute them. Transform cannot be estimated.[0m
[0m[ INFO] [1790445080.521730230, 1790444115.036378358]: rtabmap (523): Rate=1.00s, Limit=0.000s, Conversion=0.0019s, RTAB-Map=0.3122s, Maps update=0.0004s pub=0.0001s (local map=350, WM=350)[0m
[33m[ WARN] (2026-09-26 13:51:21.564) Memory.cpp:3200::computeTransform() Missing visual features or missing raw data to compute them. Transform cannot be estimated.[0m
[0m[ INFO] [1790445081.691695901, 1790444116.208828152]: rtabmap (524): Rate=1.00s, Limit=0.000s, Conversion=0.0014s, RTAB-Map=0.2954s, Maps update=0.0005s pub=0.0001s (local map=351, WM=351)[0m
[33m[ WARN] (2026-09-26 13:51:22.647) Memory.cpp:3200::computeTransform() Missing visual features or missing raw data to compute them. Transform cannot be estimated.[0m
[0m[ INFO] [1790445082.801309267, 1790444117.319894333]: rtabmap (525): Rate=1.00s, Limit=0.000s, Conversion=0.0008s, RTAB-Map=0.3193s, Maps update=0.0004s pub=0.0001s (local map=352, WM=352)[0m
[33m[ WARN] (2026-09-26 13:51:23.687) Memory.cpp:3200::computeTransform() Missing visual features or missing raw data to compute them. Transform cannot be estimated.[0m
[0m[ INFO] [1790445083.826783219, 1790444118.345367486]: rtabmap (526): Rate=1.00s, Limit=0.000s, Conversion=0.0013s, RTAB-Map=0.3136s, Maps update=0.0004s pub=0.0001s (local map=353, WM=353)[0m
[33m[ WARN] (2026-09-26 13:51:24.750) Memory.cpp:3200::computeTransform() Missing visual features or missing raw data to compute them. Transform cannot be estimated.[0m
[0m[ INFO] [1790445084.887490803, 1790444119.403214879]: rtabmap (527): Rate=1.00s, Limit=0.000s, Conversion=0.0012s, RTAB-Map=0.2960s, Maps update=0.0004s pub=0.0001s (local map=354, WM=354)[0m
[33m[ WARN] (2026-09-26 13:51:25.593) Transform.cpp:557::getTransform() No transform found for stamp 1790444120.069309! Latest is 1790444120.056902[0m
[33m[ WARN] (2026-09-26 13:51:25.756) Memory.cpp:3200::computeTransform() Missing visual features or missing raw data to compute them. Transform cannot be estimated.[0m
[0m[ INFO] [1790445085.849466368, 1790444120.361237184]: rtabmap (528): Rate=1.00s, Limit=0.000s, Conversion=0.0025s, RTAB-Map=0.2548s, Maps update=0.0006s pub=0.0001s (local map=355, WM=355)[0m
[33m[ WARN] (2026-09-26 13:51:26.840) Memory.cpp:3200::computeTransform() Missing visual features or missing raw data to compute them. Transform cannot be estimated.[0m
[0m[ INFO] [1790445086.957304449, 1790444121.473804693]: rtabmap (529): Rate=1.00s, Limit=0.000s, Conversion=0.0014s, RTAB-Map=0.2711s, Maps update=0.0004s pub=0.0001s (local map=356, WM=356)[0m
[33m[ WARN] (2026-09-26 13:51:27.960) Memory.cpp:3200::computeTransform() Missing visual features or missing raw data to compute them. Transform cannot be estimated.[0m
[0m[ INFO] [1790445088.090148946, 1790444122.607706449]: rtabmap (530): Rate=1.00s, Limit=0.000s, Conversion=0.0013s, RTAB-Map=0.2951s, Maps update=0.0003s pub=0.0001s (local map=357, WM=357)[0m
[33m[ WARN] (2026-09-26 13:51:29.071) Memory.cpp:3200::computeTransform() Missing visual features or missing raw data to compute them. Transform cannot be estimated.[0m
[0m[ INFO] [1790445089.204583642, 1790444123.718706676]: rtabmap (531): Rate=1.00s, Limit=0.000s, Conversion=0.0014s, RTAB-Map=0.3074s, Maps update=0.0004s pub=0.0001s (local map=358, WM=358)[0m
[33m[ WARN] (2026-09-26 13:51:30.060) Memory.cpp:3200::computeTransform() Missing visual features or missing raw data to compute them. Transform cannot be estimated.[0m
[0m[ INFO] [1790445090.213846536, 1790444124.732841943]: rtabmap (532): Rate=1.00s, Limit=0.000s, Conversion=0.0012s, RTAB-Map=0.3165s, Maps update=0.0006s pub=0.0001s (local map=359, WM=359)[0m
[33m[ WARN] (2026-09-26 13:51:31.063) Memory.cpp:3200::computeTransform() Missing visual features or missing raw data to compute them. Transform cannot be estimated.[0m
[0m[ INFO] [1790445091.193524788, 1790444125.703431745]: rtabmap (533): Rate=1.00s, Limit=0.000s, Conversion=0.0009s, RTAB-Map=0.2892s, Maps update=0.0005s pub=0.0001s (local map=360, WM=360)[0m
[33m[ WARN] (2026-09-26 13:51:32.057) Memory.cpp:3200::computeTransform() Missing visual features or missing raw data to compute them. Transform cannot be estimated.[0m
[0m[ INFO] [1790445092.176407491, 1790444126.695796118]: rtabmap (534): Rate=1.00s, Limit=0.000s, Conversion=0.0008s, RTAB-Map=0.2913s, Maps update=0.0006s pub=0.0001s (local map=361, WM=361)[0m
[33m[ WARN] (2026-09-26 13:51:33.188) Memory.cpp:3200::computeTransform() Missing visual features or missing raw data to compute them. Transform cannot be estimated.[0m
[0m[ INFO] [1790445093.319074334, 1790444127.836772286]: rtabmap (535): Rate=1.00s, Limit=0.000s, Conversion=0.0009s, RTAB-Map=0.2863s, Maps update=0.0004s pub=0.0001s (local map=362, WM=362)[0m
[33m[ WARN] (2026-09-26 13:51:34.248) Memory.cpp:3200::computeTransform() Missing visual features or missing raw data to compute them. Transform cannot be estimated.[0m
[0m[ INFO] [1790445094.364714263, 1790444128.876634649]: rtabmap (536): Rate=1.00s, Limit=0.000s, Conversion=0.0010s, RTAB-Map=0.2751s, Maps update=0.0004s pub=0.0001s (local map=363, WM=363)[0m
Warning: TF_REPEATED_DATA ignoring data with redundant timestamp for frame odom (parent map) at time 1790444129.134394 according to authority unknown_publisher
         at line 278 in /tmp/binarydeb/ros-noetic-tf2-0.7.7/src/buffer_core.cpp
Warning: TF_REPEATED_DATA ignoring data with redundant timestamp for frame odom (parent map) at time 1790444129.134394 according to authority /rtabmap/rtabmap
         at line 278 in /tmp/binarydeb/ros-noetic-tf2-0.7.7/src/buffer_core.cpp
[33m[ WARN] [1790445094.519221577, 1790444129.034394479]: TF_REPEATED_DATA ignoring data with redundant timestamp for frame odom (parent map) at time 1790444129.134394 according to authority unknown_publisher[0m
[33m[ WARN] [1790445100.376510470, 1790444134.895484500]: We are receiving imu data (buffer=1000), but cannot interpolate imu transform at time 1790444134.863704. IMU won't be added to graph.[0m
[33m[ WARN] [1790445105.780107951, 1790444140.290816131]: We are receiving imu data (buffer=1000), but cannot interpolate imu transform at time 1790444140.260633. IMU won't be added to graph.[0m
[33m[ WARN] [1790445108.986026175, 1790444143.500348284]: We are receiving imu data (buffer=1000), but cannot interpolate imu transform at time 1790444143.470104. IMU won't be added to graph.[0m
[33m[ WARN] (2026-09-26 13:51:35.309) Memory.cpp:3200::computeTransform() Missing visual features or missing raw data to compute them. Transform cannot be estimated.[0m
[0m[ INFO] [1790445095.434328629, 1790444129.952503995]: rtabmap (537): Rate=1.00s, Limit=0.000s, Conversion=0.0012s, RTAB-Map=0.2893s, Maps update=0.0004s pub=0.0001s (local map=364, WM=364)[0m
[33m[ WARN] (2026-09-26 13:51:36.350) Memory.cpp:3200::computeTransform() Missing visual features or missing raw data to compute them. Transform cannot be estimated.[0m
[0m[ INFO] [1790445096.471348880, 1790444130.990882181]: rtabmap (538): Rate=1.00s, Limit=0.000s, Conversion=0.0009s, RTAB-Map=0.2744s, Maps update=0.0004s pub=0.0001s (local map=365, WM=365)[0m
[33m[ WARN] (2026-09-26 13:51:37.463) Memory.cpp:3200::computeTransform() Missing visual features or missing raw data to compute them. Transform cannot be estimated.[0m
[0m[ INFO] [1790445097.586573023, 1790444132.101636739]: rtabmap (539): Rate=1.00s, Limit=0.000s, Conversion=0.0014s, RTAB-Map=0.2946s, Maps update=0.0004s pub=0.0001s (local map=366, WM=366)[0m
[33m[ WARN] (2026-09-26 13:51:38.466) Memory.cpp:3200::computeTransform() Missing visual features or missing raw data to compute them. Transform cannot be estimated.[0m
[0m[ INFO] [1790445098.581002250, 1790444133.093883190]: rtabmap (540): Rate=1.00s, Limit=0.000s, Conversion=0.0012s, RTAB-Map=0.2838s, Maps update=0.0004s pub=0.0001s (local map=367, WM=367)[0m
[33m[ WARN] (2026-09-26 13:51:39.590) Memory.cpp:3200::computeTransform() Missing visual features or missing raw data to compute them. Transform cannot be estimated.[0m
[0m[ INFO] [1790445099.717924932, 1790444134.236217291]: rtabmap (541): Rate=1.00s, Limit=0.000s, Conversion=0.0014s, RTAB-Map=0.2968s, Maps update=0.0004s pub=0.0001s (local map=368, WM=368)[0m
[33m[ WARN] (2026-09-26 13:51:40.376) Transform.cpp:557::getTransform() No transform found for stamp 1790444134.863704! Latest is 1790444134.863018[0m
[33m[ WARN] (2026-09-26 13:51:40.527) Memory.cpp:3200::computeTransform() Missing visual features or missing raw data to compute them. Transform cannot be estimated.[0m
[0m[ INFO] [1790445100.602100894, 1790444135.117058209]: rtabmap (542): Rate=1.00s, Limit=0.000s, Conversion=0.0011s, RTAB-Map=0.2247s, Maps update=0.0005s pub=0.0001s (local map=369, WM=369)[0m
[33m[ WARN] (2026-09-26 13:51:41.683) Memory.cpp:3200::computeTransform() Missing visual features or missing raw data to compute them. Transform cannot be estimated.[0m
[0m[ INFO] [1790445101.819927112, 1790444136.333689982]: rtabmap (543): Rate=1.00s, Limit=0.000s, Conversion=0.0013s, RTAB-Map=0.3064s, Maps update=0.0007s pub=0.0001s (local map=370, WM=370)[0m
[33m[ WARN] (2026-09-26 13:51:42.738) Memory.cpp:3200::computeTransform() Missing visual features or missing raw data to compute them. Transform cannot be estimated.[0m
[0m[ INFO] [1790445102.872172135, 1790444137.391459353]: rtabmap (544): Rate=1.00s, Limit=0.000s, Conversion=0.0010s, RTAB-Map=0.2886s, Maps update=0.0004s pub=0.0001s (local map=371, WM=371)[0m
[33m[ WARN] (2026-09-26 13:51:43.853) Memory.cpp:3200::computeTransform() Missing visual features or missing raw data to compute them. Transform cannot be estimated.[0m
[0m[ INFO] [1790445103.985562783, 1790444138.504458477]: rtabmap (545): Rate=1.00s, Limit=0.000s, Conversion=0.0020s, RTAB-Map=0.2992s, Maps update=0.0005s pub=0.0001s (local map=372, WM=372)[0m
[33m[ WARN] (2026-09-26 13:51:44.953) Memory.cpp:3200::computeTransform() Missing visual features or missing raw data to compute them. Transform cannot be estimated.[0m
[0m[ INFO] [1790445105.098208336, 1790444139.614833093]: rtabmap (546): Rate=1.00s, Limit=0.000s, Conversion=0.0011s, RTAB-Map=0.3085s, Maps update=0.0005s pub=0.0001s (local map=373, WM=373)[0m
[33m[ WARN] (2026-09-26 13:51:45.779) Transform.cpp:557::getTransform() No transform found for stamp 1790444140.260633! Latest is 1790444140.254094[0m
[33m[ WARN] (2026-09-26 13:51:45.929) Memory.cpp:3200::computeTransform() Missing visual features or missing raw data to compute them. Transform cannot be estimated.[0m
[0m[ INFO] [1790445106.004536058, 1790444140.522390076]: rtabmap (547): Rate=1.00s, Limit=0.000s, Conversion=0.0011s, RTAB-Map=0.2234s, Maps update=0.0007s pub=0.0001s (local map=374, WM=374)[0m
[33m[ WARN] (2026-09-26 13:51:47.140) Memory.cpp:3200::computeTransform() Missing visual features or missing raw data to compute them. Transform cannot be estimated.[0m
[0m[ INFO] [1790445107.274257847, 1790444141.791818774]: rtabmap (548): Rate=1.00s, Limit=0.000s, Conversion=0.0020s, RTAB-Map=0.2891s, Maps update=0.0004s pub=0.0001s (local map=375, WM=375)[0m
[33m[ WARN] (2026-09-26 13:51:48.150) Memory.cpp:3200::computeTransform() Missing visual features or missing raw data to compute them. Transform cannot be estimated.[0m
[0m[ INFO] [1790445108.287969169, 1790444142.803399513]: rtabmap (549): Rate=1.00s, Limit=0.000s, Conversion=0.0013s, RTAB-Map=0.3026s, Maps update=0.0004s pub=0.0001s (local map=376, WM=376)[0m
[33m[ WARN] (2026-09-26 13:51:48.985) Transform.cpp:557::getTransform() No transform found for stamp 1790444143.470104! Latest is 1790444143.469780[0m
[33m[ WARN] (2026-09-26 13:51:49.155) Memory.cpp:3200::computeTransform() Missing visual features or missing raw data to compute them. Transform cannot be estimated.[0m
[0m[ INFO] [1790445109.238646877, 1790444143.752108784]: rtabmap (550): Rate=1.00s, Limit=0.000s, Conversion=0.0016s, RTAB-Map=0.2516s, Maps update=0.0006s pub=0.0001s (local map=377, WM=377)[0m
[33m[ WARN] (2026-09-26 13:51:50.315) Memory.cpp:3200::computeTransform() Missing visual features or missing raw data to compute them. Transform cannot be estimated.[0m
[0m[ INFO] [1790445110.461619837, 1790444144.978522517]: rtabmap (551): Rate=1.00s, Limit=0.000s, Conversion=0.0013s, RTAB-Map=0.3245s, Maps update=0.0004s pub=0.0001s (local map=378, WM=378)[0m
[33m[ WARN] (2026-09-26 13:51:51.271) Memory.cpp:3200::computeTransform() Missing visual features or missing raw data to compute them. Transform cannot be estimated.[0m
[0m[ INFO] [1790445111.417607522, 1790444145.928029076]: rtabmap (552): Rate=1.00s, Limit=0.000s, Conversion=0.0011s, RTAB-Map=0.3222s, Maps update=0.0004s pub=0.0001s (local map=379, WM=379)[0m
[33m[ WARN] (2026-09-26 13:51:52.387) Memory.cpp:3200::computeTransform() Missing visual features or missing raw data to compute them. Transform cannot be estimated.[0m
[0m[ INFO] [1790445112.508295905, 1790444147.018796020]: rtabmap (553): Rate=1.00s, Limit=0.000s, Conversion=0.0008s, RTAB-Map=0.2718s, Maps update=0.0004s pub=0.0001s (local map=380, WM=380)[0m
Warning: TF_REPEATED_DATA ignoring data with redundant timestamp for frame odom (parent map) at time 1790444147.276936 according to authority unknown_publisher
         at line 278 in /tmp/binarydeb/ros-noetic-tf2-0.7.7/src/buffer_core.cpp
[33m[ WARN] [1790445112.658516068, 1790444147.176936269]: TF_REPEATED_DATA ignoring data with redundant timestamp for frame odom (parent map) at time 1790444147.276936 according to authority unknown_publisher[0m
Warning: TF_REPEATED_DATA ignoring data with redundant timestamp for frame odom (parent map) at time 1790444147.276936 according to authority /rtabmap/rtabmap
         at line 278 in /tmp/binarydeb/ros-noetic-tf2-0.7.7/src/buffer_core.cpp
[33m[ WARN] [1790445118.488496924, 1790444152.999651158]: We are receiving imu data (buffer=1000), but cannot interpolate imu transform at time 1790444152.969431. IMU won't be added to graph.[0m
[33m[ WARN] (2026-09-26 13:51:53.419) Memory.cpp:3200::computeTransform() Missing visual features or missing raw data to compute them. Transform cannot be estimated.[0m
[0m[ INFO] [1790445113.559706388, 1790444148.074940922]: rtabmap (554): Rate=1.00s, Limit=0.000s, Conversion=0.0013s, RTAB-Map=0.3266s, Maps update=0.0004s pub=0.0001s (local map=381, WM=381)[0m
[33m[ WARN] (2026-09-26 13:51:54.464) Memory.cpp:3200::computeTransform() Missing visual features or missing raw data to compute them. Transform cannot be estimated.[0m
[0m[ INFO] [1790445114.612277268, 1790444149.126858547]: rtabmap (555): Rate=1.00s, Limit=0.000s, Conversion=0.0013s, RTAB-Map=0.3110s, Maps update=0.0004s pub=0.0001s (local map=382, WM=382)[0m
[33m[ WARN] (2026-09-26 13:51:55.463) Memory.cpp:3200::computeTransform() Missing visual features or missing raw data to compute them. Transform cannot be estimated.[0m
[0m[ INFO] [1790445115.607038206, 1790444150.126241840]: rtabmap (556): Rate=1.00s, Limit=0.000s, Conversion=0.0013s, RTAB-Map=0.3099s, Maps update=0.0004s pub=0.0001s (local map=383, WM=383)[0m
[33m[ WARN] (2026-09-26 13:51:56.550) Memory.cpp:3200::computeTransform() Missing visual features or missing raw data to compute them. Transform cannot be estimated.[0m
[0m[ INFO] [1790445116.688152148, 1790444151.206834080]: rtabmap (557): Rate=1.00s, Limit=0.000s, Conversion=0.0008s, RTAB-Map=0.2982s, Maps update=0.0005s pub=0.0001s (local map=384, WM=384)[0m
[33m[ WARN] (2026-09-26 13:51:57.668) Memory.cpp:3200::computeTransform() Missing visual features or missing raw data to compute them. Transform cannot be estimated.[0m
[0m[ INFO] [1790445117.807247111, 1790444152.323038707]: rtabmap (558): Rate=1.00s, Limit=0.000s, Conversion=0.0019s, RTAB-Map=0.3179s, Maps update=0.0005s pub=0.0001s (local map=385, WM=385)[0m
[33m[ WARN] (2026-09-26 13:51:58.488) Transform.cpp:557::getTransform() No transform found for stamp 1790444152.969431! Latest is 1790444152.956968[0m
[33m[ WARN] (2026-09-26 13:51:58.657) Memory.cpp:3200::computeTransform() Missing visual features or missing raw data to compute them. Transform cannot be estimated.[0m
[0m[ INFO] [1790445118.739203909, 1790444153.251762734]: rtabmap (559): Rate=1.00s, Limit=0.000s, Conversion=0.0013s, RTAB-Map=0.2496s, Maps update=0.0006s pub=0.0001s (local map=386, WM=386)[0m
[33m[ WARN] (2026-09-26 13:51:59.771) Memory.cpp:3200::computeTransform() Missing visual features or missing raw data to compute them. Transform cannot be estimated.[0m
[0m[ INFO] [1790445119.913633873, 1790444154.431913016]: rtabmap (560): Rate=1.00s, Limit=0.000s, Conversion=0.0013s, RTAB-Map=0.3114s, Maps update=0.0005s pub=0.0001s (local map=387, WM=387)[0m
[33m[ WARN] (2026-09-26 13:52:00.754) Memory.cpp:3200::computeTransform() Missing visual features or missing raw data to compute them. Transform cannot be estimated.[0m
[0m[ INFO] [1790445120.904470927, 1790444155.422867960]: rtabmap (561): Rate=1.00s, Limit=0.000s, Conversion=0.0015s, RTAB-Map=0.3097s, Maps update=0.0004s pub=0.0001s (local map=388, WM=388)[0m
[33m[ WARN] (2026-09-26 13:52:01.843) Memory.cpp:3200::computeTransform() Missing visual features or missing raw data to compute them. Transform cannot be estimated.[0m
[0m[ INFO] [1790445121.985529027, 1790444156.497116770]: rtabmap (562): Rate=1.00s, Limit=0.000s, Conversion=0.0014s, RTAB-Map=0.2891s, Maps update=0.0007s pub=0.0001s (local map=389, WM=389)[0m
[33m[ WARN] (2026-09-26 13:52:02.886) Memory.cpp:3200::computeTransform() Missing visual features or missing raw data to compute them. Transform cannot be estimated.[0m
[0m[ INFO] [1790445123.017554337, 1790444157.535041248]: rtabmap (563): Rate=1.00s, Limit=0.000s, Conversion=0.0009s, RTAB-Map=0.2928s, Maps update=0.0004s pub=0.0001s (local map=390, WM=390)[0m
[33m[ WARN] (2026-09-26 13:52:03.939) Memory.cpp:3200::computeTransform() Missing visual features or missing raw data to compute them. Transform cannot be estimated.[0m
[0m[ INFO] [1790445124.070332225, 1790444158.584269017]: rtabmap (564): Rate=1.00s, Limit=0.000s, Conversion=0.0009s, RTAB-Map=0.2748s, Maps update=0.0005s pub=0.0001s (local map=391, WM=391)[0m
[33m[ WARN] (2026-09-26 13:52:05.036) Memory.cpp:3200::computeTransform() Missing visual features or missing raw data to compute them. Transform cannot be estimated.[0m
[0m[ INFO] [1790445125.177704082, 1790444159.692918744]: rtabmap (565): Rate=1.00s, Limit=0.000s, Conversion=0.0010s, RTAB-Map=0.2882s, Maps update=0.0007s pub=0.0001s (local map=391, WM=391)[0m
[33m[ WARN] (2026-09-26 13:52:06.050) Memory.cpp:3200::computeTransform() Missing visual features or missing raw data to compute them. Transform cannot be estimated.[0m
[0m[ INFO] [1790445126.175337337, 1790444160.692705814]: rtabmap (566): Rate=1.00s, Limit=0.000s, Conversion=0.0009s, RTAB-Map=0.2747s, Maps update=0.0007s pub=0.0001s (local map=392, WM=392)[0m
[33m[ WARN] (2026-09-26 13:52:07.126) Memory.cpp:3200::computeTransform() Missing visual features or missing raw data to compute them. Transform cannot be estimated.[0m
[0m[ INFO] [1790445127.250825806, 1790444161.765449198]: rtabmap (567): Rate=1.00s, Limit=0.000s, Conversion=0.0009s, RTAB-Map=0.2666s, Maps update=0.0004s pub=0.0001s (local map=393, WM=393)[0m
[33m[ WARN] (2026-09-26 13:52:08.147) Memory.cpp:3200::computeTransform() Missing visual features or missing raw data to compute them. Transform cannot be estimated.[0m
[0m[ INFO] [1790445128.284232282, 1790444162.796175580]: rtabmap (568): Rate=1.00s, Limit=0.000s, Conversion=0.0013s, RTAB-Map=0.2869s, Maps update=0.0005s pub=0.0001s (local map=394, WM=394)[0m
[33m[ WARN] (2026-09-26 13:52:09.260) Memory.cpp:3200::computeTransform() Missing visual features or missing raw data to compute them. Transform cannot be estimated.[0m
[0m[ INFO] [1790445129.399463615, 1790444163.915532111]: rtabmap (569): Rate=1.00s, Limit=0.000s, Conversion=0.0012s, RTAB-Map=0.3063s, Maps update=0.0004s pub=0.0001s (local map=395, WM=395)[0m
[0m[ INFO] [1790445130.475697437, 1790444164.995045647]: rtabmap (570): Rate=1.00s, Limit=0.000s, Conversion=0.0014s, RTAB-Map=0.2917s, Maps update=0.0006s pub=0.0001s (local map=396, WM=396)[0m
[0m[ INFO] [1790445131.578336856, 1790444166.091833932]: rtabmap (571): Rate=1.00s, Limit=0.000s, Conversion=0.0013s, RTAB-Map=0.2899s, Maps update=0.0009s pub=0.0001s (local map=397, WM=397)[0m
[0m[ INFO] [1790445132.577140299, 1790444167.089585042]: rtabmap (572): Rate=1.00s, Limit=0.000s, Conversion=0.0018s, RTAB-Map=0.2907s, Maps update=0.0005s pub=0.0001s (local map=398, WM=398)[0m
Warning: TF_REPEATED_DATA ignoring data with redundant timestamp for frame odom (parent map) at time 1790444167.350360 according to authority unknown_publisher
         at line 278 in /tmp/binarydeb/ros-noetic-tf2-0.7.7/src/buffer_core.cpp
Warning: [33m[ WARN] [1790445132.732647494, 1790444167.250359847]: TF_REPEATED_DATA ignoring data with redundant timestamp for frame odom (parent map) at time 1790444167.350360 according to authority unknown_publisher[0m
TF_REPEATED_DATA ignoring data with redundant timestamp for frame odom (parent map) at time 1790444167.350360 according to authority /rtabmap/rtabmap
         at line 278 in /tmp/binarydeb/ros-noetic-tf2-0.7.7/src/buffer_core.cpp
[33m[ WARN] [1790445152.494588388, 1790444187.005314425]: We are receiving imu data (buffer=1000), but cannot interpolate imu transform at time 1790444186.964363. IMU won't be added to graph.[0m
[0m[ INFO] [1790445133.691811145, 1790444168.207139600]: rtabmap (573): Rate=1.00s, Limit=0.000s, Conversion=0.0013s, RTAB-Map=0.2705s, Maps update=0.0005s pub=0.0001s (local map=399, WM=399)[0m
[0m[ INFO] [1790445134.767296829, 1790444169.280543693]: rtabmap (574): Rate=1.00s, Limit=0.000s, Conversion=0.0009s, RTAB-Map=0.2664s, Maps update=0.0006s pub=0.0001s (local map=400, WM=400)[0m
[0m[ INFO] [1790445135.781378004, 1790444170.291014749]: rtabmap (575): Rate=1.00s, Limit=0.000s, Conversion=0.0013s, RTAB-Map=0.2914s, Maps update=0.0006s pub=0.0001s (local map=401, WM=401)[0m
[0m[ INFO] [1790445136.989394569, 1790444171.501026696]: rtabmap (576): Rate=1.00s, Limit=0.000s, Conversion=0.0010s, RTAB-Map=0.3001s, Maps update=0.0010s pub=0.0001s (local map=402, WM=402)[0m
[0m[ INFO] [1790445137.985540029, 1790444172.502726072]: rtabmap (577): Rate=1.00s, Limit=0.000s, Conversion=0.0013s, RTAB-Map=0.2951s, Maps update=0.0008s pub=0.0001s (local map=403, WM=403)[0m
[0m[ INFO] [1790445138.943471537, 1790444173.460462890]: rtabmap (578): Rate=1.00s, Limit=0.000s, Conversion=0.0009s, RTAB-Map=0.2639s, Maps update=0.0005s pub=0.0001s (local map=404, WM=404)[0m
[0m[ INFO] [1790445140.062092472, 1790444174.575789166]: rtabmap (579): Rate=1.00s, Limit=0.000s, Conversion=0.0014s, RTAB-Map=0.2655s, Maps update=0.0004s pub=0.0001s (local map=405, WM=405)[0m
[0m[ INFO] [1790445141.153949500, 1790444175.667995702]: rtabmap (580): Rate=1.00s, Limit=0.000s, Conversion=0.0008s, RTAB-Map=0.2635s, Maps update=0.0007s pub=0.0001s (local map=406, WM=406)[0m
[0m[ INFO] [1790445142.166011900, 1790444176.678861961]: rtabmap (581): Rate=1.00s, Limit=0.000s, Conversion=0.0009s, RTAB-Map=0.2651s, Maps update=0.0006s pub=0.0001s (local map=407, WM=407)[0m
[33m[ WARN] (2026-09-26 13:52:23.145) Memory.cpp:3200::computeTransform() Missing visual features or missing raw data to compute them. Transform cannot be estimated.[0m
[0m[ INFO] [1790445143.261775498, 1790444177.780007793]: rtabmap (582): Rate=1.00s, Limit=0.000s, Conversion=0.0010s, RTAB-Map=0.2696s, Maps update=0.0005s pub=0.0001s (local map=408, WM=408)[0m
[33m[ WARN] (2026-09-26 13:52:24.259) Memory.cpp:3200::computeTransform() Missing visual features or missing raw data to compute them. Transform cannot be estimated.[0m
[0m[ INFO] [1790445144.380132046, 1790444178.899294847]: rtabmap (583): Rate=1.00s, Limit=0.000s, Conversion=0.0013s, RTAB-Map=0.2786s, Maps update=0.0008s pub=0.0001s (local map=409, WM=409)[0m
[33m[ WARN] (2026-09-26 13:52:25.337) Memory.cpp:3200::computeTransform() Missing visual features or missing raw data to compute them. Transform cannot be estimated.[0m
[0m[ INFO] [1790445145.489721266, 1790444180.001244432]: rtabmap (584): Rate=1.00s, Limit=0.000s, Conversion=0.0016s, RTAB-Map=0.3031s, Maps update=0.0007s pub=0.0001s (local map=410, WM=410)[0m
[33m[ WARN] (2026-09-26 13:52:26.392) Memory.cpp:3200::computeTransform() Missing visual features or missing raw data to compute them. Transform cannot be estimated.[0m
[0m[ INFO] [1790445146.530513609, 1790444181.040477910]: rtabmap (585): Rate=1.00s, Limit=0.000s, Conversion=0.0012s, RTAB-Map=0.3126s, Maps update=0.0011s pub=0.0001s (local map=411, WM=411)[0m
[33m[ WARN] (2026-09-26 13:52:27.478) Memory.cpp:3200::computeTransform() Missing visual features or missing raw data to compute them. Transform cannot be estimated.[0m
[0m[ INFO] [1790445147.602797015, 1790444182.115383840]: rtabmap (586): Rate=1.00s, Limit=0.000s, Conversion=0.0013s, RTAB-Map=0.2737s, Maps update=0.0004s pub=0.0001s (local map=412, WM=412)[0m
[33m[ WARN] (2026-09-26 13:52:28.488) Memory.cpp:3200::computeTransform() Missing visual features or missing raw data to compute them. Transform cannot be estimated.[0m
[0m[ INFO] [1790445148.612231384, 1790444183.124972708]: rtabmap (587): Rate=1.00s, Limit=0.000s, Conversion=0.0013s, RTAB-Map=0.2872s, Maps update=0.0004s pub=0.0001s (local map=413, WM=413)[0m
[33m[ WARN] (2026-09-26 13:52:29.565) Memory.cpp:3200::computeTransform() Missing visual features or missing raw data to compute them. Transform cannot be estimated.[0m
[0m[ INFO] [1790445149.681332099, 1790444184.194770454]: rtabmap (588): Rate=1.00s, Limit=0.000s, Conversion=0.0010s, RTAB-Map=0.2688s, Maps update=0.0004s pub=0.0001s (local map=414, WM=414)[0m
[33m[ WARN] (2026-09-26 13:52:30.581) Memory.cpp:3200::computeTransform() Missing visual features or missing raw data to compute them. Transform cannot be estimated.[0m
[0m[ INFO] [1790445150.704669979, 1790444185.216521021]: rtabmap (589): Rate=1.00s, Limit=0.000s, Conversion=0.0013s, RTAB-Map=0.2874s, Maps update=0.0005s pub=0.0001s (local map=414, WM=414)[0m
[33m[ WARN] (2026-09-26 13:52:31.565) Memory.cpp:3200::computeTransform() Missing visual features or missing raw data to compute them. Transform cannot be estimated.[0m
[0m[ INFO] [1790445151.678694331, 1790444186.196091321]: rtabmap (590): Rate=1.00s, Limit=0.000s, Conversion=0.0014s, RTAB-Map=0.2788s, Maps update=0.0005s pub=0.0001s (local map=414, WM=414)[0m
[33m[ WARN] (2026-09-26 13:52:32.494) Transform.cpp:557::getTransform() No transform found for stamp 1790444186.964363! Latest is 1790444186.964226[0m
[33m[ WARN] (2026-09-26 13:52:32.657) Memory.cpp:3200::computeTransform() Missing visual features or missing raw data to compute them. Transform cannot be estimated.[0m
[0m[ INFO] [1790445152.714084758, 1790444187.227079460]: rtabmap (591): Rate=1.00s, Limit=0.000s, Conversion=0.0011s, RTAB-Map=0.2185s, Maps update=0.0006s pub=0.0001s (local map=415, WM=415)[0m
Warning: TF_REPEATED_DATA ignoring data with redundant timestamp for frame odom (parent map) at time 1790444187.482882 according to authority unknown_publisher
         at line 278 in /tmp/binarydeb/ros-noetic-tf2-0.7.7/src/buffer_core.cpp
[33m[ WARN] [1790445152.865935978, 1790444187.382882499]: TF_REPEATED_DATA ignoring data with redundant timestamp for frame odom (parent map) at time 1790444187.482882 according to authority unknown_publisher[0m
Warning: TF_REPEATED_DATA ignoring data with redundant timestamp for frame odom (parent map) at time 1790444187.482882 according to authority /rtabmap/rtabmap
         at line 278 in /tmp/binarydeb/ros-noetic-tf2-0.7.7/src/buffer_core.cpp
[33m[ WARN] [1790445163.176441010, 1790444197.687219080]: We are receiving imu data (buffer=1000), but cannot interpolate imu transform at time 1790444197.667083. IMU won't be added to graph.[0m
[33m[ WARN] [1790445167.589544089, 1790444202.106932951]: We are receiving imu data (buffer=1000), but cannot interpolate imu transform at time 1790444202.065994. IMU won't be added to graph.[0m
[33m[ WARN] (2026-09-26 13:52:33.756) Memory.cpp:3200::computeTransform() Missing visual features or missing raw data to compute them. Transform cannot be estimated.[0m
[0m[ INFO] [1790445153.891124438, 1790444188.401980972]: rtabmap (592): Rate=1.00s, Limit=0.000s, Conversion=0.0012s, RTAB-Map=0.3007s, Maps update=0.0004s pub=0.0001s (local map=416, WM=416)[0m
[33m[ WARN] (2026-09-26 13:52:34.832) Memory.cpp:3200::computeTransform() Missing visual features or missing raw data to compute them. Transform cannot be estimated.[0m
[0m[ INFO] [1790445154.944584981, 1790444189.454321471]: rtabmap (593): Rate=1.00s, Limit=0.000s, Conversion=0.0009s, RTAB-Map=0.2604s, Maps update=0.0004s pub=0.0001s (local map=417, WM=417)[0m
[33m[ WARN] (2026-09-26 13:52:35.959) Memory.cpp:3200::computeTransform() Missing visual features or missing raw data to compute them. Transform cannot be estimated.[0m
[0m[ INFO] [1790445156.087637793, 1790444190.605936937]: rtabmap (594): Rate=1.00s, Limit=0.000s, Conversion=0.0014s, RTAB-Map=0.2956s, Maps update=0.0009s pub=0.0001s (local map=418, WM=418)[0m
[33m[ WARN] (2026-09-26 13:52:36.976) Memory.cpp:3200::computeTransform() Missing visual features or missing raw data to compute them. Transform cannot be estimated.[0m
[0m[ INFO] [1790445157.094118241, 1790444191.608508286]: rtabmap (595): Rate=1.00s, Limit=0.000s, Conversion=0.0010s, RTAB-Map=0.3058s, Maps update=0.0011s pub=0.0001s (local map=419, WM=419)[0m
[33m[ WARN] (2026-09-26 13:52:38.059) Memory.cpp:3200::computeTransform() Missing visual features or missing raw data to compute them. Transform cannot be estimated.[0m
[0m[ INFO] [1790445158.175947892, 1790444192.687053101]: rtabmap (596): Rate=1.00s, Limit=0.000s, Conversion=0.0009s, RTAB-Map=0.2711s, Maps update=0.0005s pub=0.0001s (local map=420, WM=420)[0m
[33m[ WARN] (2026-09-26 13:52:39.173) Memory.cpp:3200::computeTransform() Missing visual features or missing raw data to compute them. Transform cannot be estimated.[0m
[0m[ INFO] [1790445159.288148240, 1790444193.807886695]: rtabmap (597): Rate=1.00s, Limit=0.000s, Conversion=0.0013s, RTAB-Map=0.2787s, Maps update=0.0006s pub=0.0002s (local map=421, WM=421)[0m
[33m[ WARN] (2026-09-26 13:52:40.163) Memory.cpp:3200::computeTransform() Missing visual features or missing raw data to compute them. Transform cannot be estimated.[0m
[0m[ INFO] [1790445160.279246792, 1790444194.797761618]: rtabmap (598): Rate=1.00s, Limit=0.000s, Conversion=0.0013s, RTAB-Map=0.2691s, Maps update=0.0011s pub=0.0001s (local map=422, WM=422)[0m
[33m[ WARN] (2026-09-26 13:52:41.240) Memory.cpp:3200::computeTransform() Missing visual features or missing raw data to compute them. Transform cannot be estimated.[0m
[0m[ INFO] [1790445161.359931053, 1790444195.869683384]: rtabmap (599): Rate=1.00s, Limit=0.000s, Conversion=0.0009s, RTAB-Map=0.2690s, Maps update=0.0005s pub=0.0001s (local map=423, WM=423)[0m
[33m[ WARN] (2026-09-26 13:52:42.349) Memory.cpp:3200::computeTransform() Missing visual features or missing raw data to compute them. Transform cannot be estimated.[0m
[0m[ INFO] [1790445162.473101012, 1790444196.990113581]: rtabmap (600): Rate=1.00s, Limit=0.000s, Conversion=0.0008s, RTAB-Map=0.2750s, Maps update=0.0006s pub=0.0001s (local map=424, WM=424)[0m
[33m[ WARN] (2026-09-26 13:52:43.176) Transform.cpp:557::getTransform() No transform found for stamp 1790444197.667083! Latest is 1790444197.644474[0m
[33m[ WARN] (2026-09-26 13:52:43.343) Memory.cpp:3200::computeTransform() Missing visual features or missing raw data to compute them. Transform cannot be estimated.[0m
[0m[ INFO] [1790445163.415033556, 1790444197.929385105]: rtabmap (601): Rate=1.00s, Limit=0.000s, Conversion=0.0012s, RTAB-Map=0.2376s, Maps update=0.0006s pub=0.0001s (local map=425, WM=425)[0m
[33m[ WARN] (2026-09-26 13:52:44.498) Memory.cpp:3200::computeTransform() Missing visual features or missing raw data to compute them. Transform cannot be estimated.[0m
[0m[ INFO] [1790445164.612444270, 1790444199.124863893]: rtabmap (602): Rate=1.00s, Limit=0.000s, Conversion=0.0012s, RTAB-Map=0.2835s, Maps update=0.0004s pub=0.0001s (local map=426, WM=426)[0m
[33m[ WARN] (2026-09-26 13:52:45.557) Memory.cpp:3200::computeTransform() Missing visual features or missing raw data to compute them. Transform cannot be estimated.[0m
[0m[ INFO] [1790445165.684481748, 1790444200.195224393]: rtabmap (603): Rate=1.00s, Limit=0.000s, Conversion=0.0022s, RTAB-Map=0.2959s, Maps update=0.0009s pub=0.0001s (local map=427, WM=427)[0m
[33m[ WARN] (2026-09-26 13:52:46.674) Memory.cpp:3200::computeTransform() Missing visual features or missing raw data to compute them. Transform cannot be estimated.[0m
[0m[ INFO] [1790445166.797776218, 1790444201.317117837]: rtabmap (604): Rate=1.00s, Limit=0.000s, Conversion=0.0008s, RTAB-Map=0.2810s, Maps update=0.0005s pub=0.0001s (local map=428, WM=428)[0m
[33m[ WARN] (2026-09-26 13:52:47.589) Transform.cpp:557::getTransform() No transform found for stamp 1790444202.065994! Latest is 1790444202.053294[0m
[33m[ WARN] (2026-09-26 13:52:47.756) Memory.cpp:3200::computeTransform() Missing visual features or missing raw data to compute them. Transform cannot be estimated.[0m
[0m[ INFO] [1790445167.823524329, 1790444202.339696153]: rtabmap (605): Rate=1.00s, Limit=0.000s, Conversion=0.0017s, RTAB-Map=0.2329s, Maps update=0.0006s pub=0.0001s (local map=429, WM=429)[0m
[33m[ WARN] (2026-09-26 13:52:48.858) Memory.cpp:3200::computeTransform() Missing visual features or missing raw data to compute them. Transform cannot be estimated.[0m
[0m[ INFO] [1790445168.979311357, 1790444203.498344364]: rtabmap (606): Rate=1.00s, Limit=0.000s, Conversion=0.0021s, RTAB-Map=0.2968s, Maps update=0.0007s pub=0.0001s (local map=430, WM=430)[0m
[33m[ WARN] (2026-09-26 13:52:49.848) Memory.cpp:3200::computeTransform() Missing visual features or missing raw data to compute them. Transform cannot be estimated.[0m
[0m[ INFO] [1790445169.975999759, 1790444204.494849020]: rtabmap (607): Rate=1.00s, Limit=0.000s, Conversion=0.0013s, RTAB-Map=0.2864s, Maps update=0.0008s pub=0.0001s (local map=431, WM=431)[0m
[33m[ WARN] (2026-09-26 13:52:50.949) Memory.cpp:3200::computeTransform() Missing visual features or missing raw data to compute them. Transform cannot be estimated.[0m
[0m[ INFO] [1790445171.069857217, 1790444205.584146877]: rtabmap (608): Rate=1.00s, Limit=0.000s, Conversion=0.0013s, RTAB-Map=0.2800s, Maps update=0.0006s pub=0.0001s (local map=432, WM=432)[0m
Warning: TF_REPEATED_DATA ignoring data with redundant timestamp for frame odom (parent map) at time 1790444205.885097 according to authority unknown_publisher
         at line 278 in /tmp/binarydeb/ros-noetic-tf2-0.7.7/src/buffer_core.cpp
[33m[ WARN] [1790445171.269543708, 1790444205.785096613]: TF_REPEATED_DATA ignoring data with redundant timestamp for frame odom (parent map) at time 1790444205.885097 according to authority unknown_publisher[0m
Warning: TF_REPEATED_DATA ignoring data with redundant timestamp for frame odom (parent map) at time 1790444205.885097 according to authority /rtabmap/rtabmap
         at line 278 in /tmp/binarydeb/ros-noetic-tf2-0.7.7/src/buffer_core.cpp
[33m[ WARN] (2026-09-26 13:52:52.063) Memory.cpp:3200::computeTransform() Missing visual features or missing raw data to compute them. Transform cannot be estimated.[0m
[0m[ INFO] [1790445172.183466026, 1790444206.697017309]: rtabmap (609): Rate=1.00s, Limit=0.000s, Conversion=0.0013s, RTAB-Map=0.2944s, Maps update=0.0004s pub=0.0001s (local map=433, WM=433)[0m
[33m[ WARN] (2026-09-26 13:52:53.057) Memory.cpp:3200::computeTransform() Missing visual features or missing raw data to compute them. Transform cannot be estimated.[0m
[0m[ INFO] [1790445173.176480755, 1790444207.687114215]: rtabmap (610): Rate=1.00s, Limit=0.000s, Conversion=0.0014s, RTAB-Map=0.2741s, Maps update=0.0005s pub=0.0001s (local map=434, WM=434)[0m
[33m[ WARN] (2026-09-26 13:52:54.054) Memory.cpp:3200::computeTransform() Missing visual features or missing raw data to compute them. Transform cannot be estimated.[0m
[0m[ INFO] [1790445174.189129138, 1790444208.706552208]: rtabmap (611): Rate=1.00s, Limit=0.000s, Conversion=0.0014s, RTAB-Map=0.2998s, Maps update=0.0005s pub=0.0001s (local map=435, WM=435)[0m
[33m[ WARN] (2026-09-26 13:52:55.162) Memory.cpp:3200::computeTransform() Missing visual features or missing raw data to compute them. Transform cannot be estimated.[0m
[0m[ INFO] [1790445175.287338002, 1790444209.797878981]: rtabmap (612): Rate=1.00s, Limit=0.000s, Conversion=0.0013s, RTAB-Map=0.2971s, Maps update=0.0005s pub=0.0001s (local map=436, WM=436)[0m
[33m[ WARN] (2026-09-26 13:52:56.158) Memory.cpp:3200::computeTransform() Missing visual features or missing raw data to compute them. Transform cannot be estimated.[0m
[0m[ INFO] [1790445176.287530921, 1790444210.800727289]: rtabmap (613): Rate=1.00s, Limit=0.000s, Conversion=0.0021s, RTAB-Map=0.2933s, Maps update=0.0005s pub=0.0001s (local map=437, WM=437)[0m
[33m[ WARN] (2026-09-26 13:52:57.335) Memory.cpp:3200::computeTransform() Missing visual features or missing raw data to compute them. Transform cannot be estimated.[0m
[0m[ INFO] [1790445177.466582455, 1790444211.982241474]: rtabmap (614): Rate=1.00s, Limit=0.000s, Conversion=0.0009s, RTAB-Map=0.2889s, Maps update=0.0004s pub=0.0001s (local map=438, WM=438)[0m
[33m[ WARN] (2026-09-26 13:52:58.376) Memory.cpp:3200::computeTransform() Missing visual features or missing raw data to compute them. Transform cannot be estimated.[0m
[0m[ INFO] [1790445178.529371734, 1790444213.045420613]: rtabmap (615): Rate=1.00s, Limit=0.000s, Conversion=0.0013s, RTAB-Map=0.3120s, Maps update=0.0006s pub=0.0001s (local map=439, WM=439)[0m
[33m[ WARN] (2026-09-26 13:52:59.378) Memory.cpp:3200::computeTransform() Missing visual features or missing raw data to compute them. Transform cannot be estimated.[0m
[0m[ INFO] [1790445179.504032854, 1790444214.023225255]: rtabmap (616): Rate=1.00s, Limit=0.000s, Conversion=0.0013s, RTAB-Map=0.2948s, Maps update=0.0005s pub=0.0001s (local map=440, WM=440)[0m
[33m[ WARN] (2026-09-26 13:53:00.554) Memory.cpp:3200::computeTransform() Missing visual features or missing raw data to compute them. Transform cannot be estimated.[0m
[0m[ INFO] [1790445180.683798507, 1790444215.193984411]: rtabmap (617): Rate=1.00s, Limit=0.000s, Conversion=0.0014s, RTAB-Map=0.2981s, Maps update=0.0006s pub=0.0001s (local map=441, WM=441)[0m
[33m[ WARN] (2026-09-26 13:53:01.588) Memory.cpp:3200::computeTransform() Missing visual features or missing raw data to compute them. Transform cannot be estimated.[0m
[0m[ INFO] [1790445181.735615922, 1790444216.252053317]: rtabmap (618): Rate=1.00s, Limit=0.000s, Conversion=0.0009s, RTAB-Map=0.3024s, Maps update=0.0007s pub=0.0001s (local map=442, WM=442)[0m
[33m[ WARN] (2026-09-26 13:53:02.648) Memory.cpp:3200::computeTransform() Missing visual features or missing raw data to compute them. Transform cannot be estimated.[0m
[0m[ INFO] [1790445182.779194015, 1790444217.291601254]: rtabmap (619): Rate=1.00s, Limit=0.000s, Conversion=0.0010s, RTAB-Map=0.3006s, Maps update=0.0007s pub=0.0001s (local map=443, WM=443)[0m
[33m[ WARN] (2026-09-26 13:53:03.664) Memory.cpp:3200::computeTransform() Missing visual features or missing raw data to compute them. Transform cannot be estimated.[0m
[0m[ INFO] [1790445183.799585135, 1790444218.315509885]: rtabmap (620): Rate=1.00s, Limit=0.000s, Conversion=0.0020s, RTAB-Map=0.3055s, Maps update=0.0007s pub=0.0001s (local map=444, WM=444)[0m
[33m[ WARN] (2026-09-26 13:53:04.785) Memory.cpp:3200::computeTransform() Missing visual features or missing raw data to compute them. Transform cannot be estimated.[0m
[0m[ INFO] [1790445184.920568260, 1790444219.431144088]: rtabmap (621): Rate=1.00s, Limit=0.000s, Conversion=0.0008s, RTAB-Map=0.3040s, Maps update=0.0005s pub=0.0001s (local map=445, WM=445)[0m
[33m[ WARN] (2026-09-26 13:53:05.749) Memory.cpp:3200::computeTransform() Missing visual features or missing raw data to compute them. Transform cannot be estimated.[0m
[0m[ INFO] [1790445185.890353903, 1790444220.401515048]: rtabmap (622): Rate=1.00s, Limit=0.000s, Conversion=0.0013s, RTAB-Map=0.3009s, Maps update=0.0009s pub=0.0001s (local map=446, WM=446)[0m
[33m[ WARN] (2026-09-26 13:53:06.871) Memory.cpp:3200::computeTransform() Missing visual features or missing raw data to compute them. Transform cannot be estimated.[0m
[0m[ INFO] [1790445187.003314028, 1790444221.520837003]: rtabmap (623): Rate=1.00s, Limit=0.000s, Conversion=0.0013s, RTAB-Map=0.3054s, Maps update=0.0006s pub=0.0001s (local map=447, WM=447)[0m
[33m[ WARN] (2026-09-26 13:53:07.946) Memory.cpp:3200::computeTransform() Missing visual features or missing raw data to compute them. Transform cannot be estimated.[0m
[0m[ INFO] [1790445188.071141407, 1790444222.590442225]: rtabmap (624): Rate=1.00s, Limit=0.000s, Conversion=0.0009s, RTAB-Map=0.2813s, Maps update=0.0009s pub=0.0001s (local map=448, WM=448)[0m
[33m[ WARN] (2026-09-26 13:53:08.964) Memory.cpp:3200::computeTransform() Missing visual features or missing raw data to compute them. Transform cannot be estimated.[0m
[0m[ INFO] [1790445189.089812924, 1790444223.607943169]: rtabmap (625): Rate=1.00s, Limit=0.000s, Conversion=0.0008s, RTAB-Map=0.2808s, Maps update=0.0007s pub=0.0001s (local map=449, WM=449)[0m
[33m[ WARN] (2026-09-26 13:53:10.053) Memory.cpp:3200::computeTransform() Missing visual features or missing raw data to compute them. Transform cannot be estimated.[0m
[0m[ INFO] [1790445190.181029932, 1790444224.690460627]: rtabmap (626): Rate=1.00s, Limit=0.000s, Conversion=0.0014s, RTAB-Map=0.2855s, Maps update=0.0007s pub=0.0001s (local map=450, WM=450)[0m
Warning: TF_REPEATED_DATA ignoring data with redundant timestamp for frame odom (parent map) at time 1790444224.952987 according to authority unknown_publisher
         at line 278 in /tmp/binarydeb/ros-noetic-tf2-0.7.7/src/buffer_core.cpp
[33m[ WARN] [1790445190.334086411, 1790444224.852987097]: TF_REPEATED_DATA ignoring data with redundant timestamp for frame odom (parent map) at time 1790444224.952987 according to authority unknown_publisher[0m
Warning: TF_REPEATED_DATA ignoring data with redundant timestamp for frame odom (parent map) at time 1790444224.952987 according to authority /rtabmap/rtabmap
         at line 278 in /tmp/binarydeb/ros-noetic-tf2-0.7.7/src/buffer_core.cpp
[33m[ WARN] [1790445197.292725309, 1790444231.803454482]: We are receiving imu data (buffer=1000), but cannot interpolate imu transform at time 1790444231.771166. IMU won't be added to graph.[0m
[33m[ WARN] (2026-09-26 13:53:11.074) Memory.cpp:3200::computeTransform() Missing visual features or missing raw data to compute them. Transform cannot be estimated.[0m
[0m[ INFO] [1790445191.205747082, 1790444225.724799322]: rtabmap (627): Rate=1.00s, Limit=0.000s, Conversion=0.0013s, RTAB-Map=0.3058s, Maps update=0.0005s pub=0.0001s (local map=451, WM=451)[0m
[33m[ WARN] (2026-09-26 13:53:12.069) Memory.cpp:3200::computeTransform() Missing visual features or missing raw data to compute them. Transform cannot be estimated.[0m
[0m[ INFO] [1790445192.206834023, 1790444226.722317040]: rtabmap (628): Rate=1.00s, Limit=0.000s, Conversion=0.0014s, RTAB-Map=0.3087s, Maps update=0.0006s pub=0.0001s (local map=452, WM=452)[0m
[33m[ WARN] (2026-09-26 13:53:13.268) Memory.cpp:3200::computeTransform() Missing visual features or missing raw data to compute them. Transform cannot be estimated.[0m
[0m[ INFO] [1790445193.435251945, 1790444227.953193901]: rtabmap (629): Rate=1.00s, Limit=0.000s, Conversion=0.0013s, RTAB-Map=0.3417s, Maps update=0.0008s pub=0.0001s (local map=453, WM=453)[0m
[33m[ WARN] (2026-09-26 13:53:14.272) Memory.cpp:3200::computeTransform() Missing visual features or missing raw data to compute them. Transform cannot be estimated.[0m
[0m[ INFO] [1790445194.405232595, 1790444228.924063297]: rtabmap (630): Rate=1.00s, Limit=0.000s, Conversion=0.0011s, RTAB-Map=0.3120s, Maps update=0.0006s pub=0.0001s (local map=454, WM=454)[0m
[33m[ WARN] (2026-09-26 13:53:15.399) Memory.cpp:3200::computeTransform() Missing visual features or missing raw data to compute them. Transform cannot be estimated.[0m
[0m[ INFO] [1790445195.529743948, 1790444230.045697402]: rtabmap (631): Rate=1.00s, Limit=0.000s, Conversion=0.0012s, RTAB-Map=0.3046s, Maps update=0.0005s pub=0.0001s (local map=455, WM=455)[0m
[33m[ WARN] (2026-09-26 13:53:16.476) Memory.cpp:3200::computeTransform() Missing visual features or missing raw data to compute them. Transform cannot be estimated.[0m
[0m[ INFO] [1790445196.591510619, 1790444231.106120731]: rtabmap (632): Rate=1.00s, Limit=0.000s, Conversion=0.0011s, RTAB-Map=0.2910s, Maps update=0.0005s pub=0.0001s (local map=456, WM=456)[0m
[33m[ WARN] (2026-09-26 13:53:17.292) Transform.cpp:557::getTransform() No transform found for stamp 1790444231.771166! Latest is 1790444231.765707[0m
[33m[ WARN] (2026-09-26 13:53:17.469) Memory.cpp:3200::computeTransform() Missing visual features or missing raw data to compute them. Transform cannot be estimated.[0m
[0m[ INFO] [1790445197.537957541, 1790444232.056625489]: rtabmap (633): Rate=1.00s, Limit=0.000s, Conversion=0.0020s, RTAB-Map=0.2440s, Maps update=0.0008s pub=0.0001s (local map=457, WM=457)[0m
[33m[ WARN] (2026-09-26 13:53:18.548) Memory.cpp:3200::computeTransform() Missing visual features or missing raw data to compute them. Transform cannot be estimated.[0m
[0m[ INFO] [1790445198.689940552, 1790444233.205542226]: rtabmap (634): Rate=1.00s, Limit=0.000s, Conversion=0.0009s, RTAB-Map=0.3050s, Maps update=0.0007s pub=0.0001s (local map=458, WM=458)[0m
[33m[ WARN] (2026-09-26 13:53:19.767) Memory.cpp:3200::computeTransform() Missing visual features or missing raw data to compute them. Transform cannot be estimated.[0m
[0m[ INFO] [1790445199.887236694, 1790444234.396864576]: rtabmap (635): Rate=1.00s, Limit=0.000s, Conversion=0.0014s, RTAB-Map=0.2910s, Maps update=0.0005s pub=0.0001s (local map=459, WM=459)[0m
[33m[ WARN] (2026-09-26 13:53:20.873) Memory.cpp:3200::computeTransform() Missing visual features or missing raw data to compute them. Transform cannot be estimated.[0m
[0m[ INFO] [1790445200.999053476, 1790444235.517143241]: rtabmap (636): Rate=1.00s, Limit=0.000s, Conversion=0.0013s, RTAB-Map=0.3010s, Maps update=0.0006s pub=0.0001s (local map=460, WM=460)[0m
[33m[ WARN] (2026-09-26 13:53:21.854) Memory.cpp:3200::computeTransform() Missing visual features or missing raw data to compute them. Transform cannot be estimated.[0m
[0m[ INFO] [1790445202.000509315, 1790444236.513566705]: rtabmap (637): Rate=1.00s, Limit=0.000s, Conversion=0.0009s, RTAB-Map=0.3230s, Maps update=0.0007s pub=0.0001s (local map=461, WM=461)[0m
[33m[ WARN] (2026-09-26 13:53:22.842) Memory.cpp:3200::computeTransform() Missing visual features or missing raw data to compute them. Transform cannot be estimated.[0m
[0m[ INFO] [1790445203.008047491, 1790444237.524616056]: rtabmap (638): Rate=1.00s, Limit=0.000s, Conversion=0.0009s, RTAB-Map=0.3276s, Maps update=0.0007s pub=0.0001s (local map=462, WM=462)[0m
[33m[ WARN] (2026-09-26 13:53:23.898) Memory.cpp:3200::computeTransform() Missing visual features or missing raw data to compute them. Transform cannot be estimated.[0m
[0m[ INFO] [1790445204.030176194, 1790444238.544850306]: rtabmap (639): Rate=1.00s, Limit=0.000s, Conversion=0.0013s, RTAB-Map=0.3048s, Maps update=0.0005s pub=0.0001s (local map=463, WM=463)[0m
[33m[ WARN] (2026-09-26 13:53:25.058) Memory.cpp:3200::computeTransform() Missing visual features or missing raw data to compute them. Transform cannot be estimated.[0m
[0m[ INFO] [1790445205.204624726, 1790444239.717440066]: rtabmap (640): Rate=1.00s, Limit=0.000s, Conversion=0.0021s, RTAB-Map=0.3191s, Maps update=0.0006s pub=0.0001s (local map=464, WM=464)[0m
[33m[ WARN] (2026-09-26 13:53:26.067) Memory.cpp:3200::computeTransform() Missing visual features or missing raw data to compute them. Transform cannot be estimated.[0m
[0m[ INFO] [1790445206.254290944, 1790444240.767193420]: rtabmap (641): Rate=1.00s, Limit=0.000s, Conversion=0.0009s, RTAB-Map=0.3614s, Maps update=0.0007s pub=0.0001s (local map=465, WM=465)[0m
[33m[ WARN] (2026-09-26 13:53:27.242) Memory.cpp:3200::computeTransform() Missing visual features or missing raw data to compute them. Transform cannot be estimated.[0m
[0m[ INFO] [1790445207.427302596, 1790444241.946510614]: rtabmap (642): Rate=1.00s, Limit=0.000s, Conversion=0.0009s, RTAB-Map=0.3430s, Maps update=0.0005s pub=0.0001s (local map=466, WM=466)[0m
[33m[ WARN] (2026-09-26 13:53:28.261) Memory.cpp:3200::computeTransform() Missing visual features or missing raw data to compute them. Transform cannot be estimated.[0m
[0m[ INFO] [1790445208.461926666, 1790444242.974898231]: rtabmap (643): Rate=1.00s, Limit=0.000s, Conversion=0.0014s, RTAB-Map=0.3699s, Maps update=0.0007s pub=0.0001s (local map=467, WM=467)[0m
Warning: TF_REPEATED_DATA ignoring data with redundant timestamp for frame odom (parent map) at time 1790444243.230178 according to authority unknown_publisher
         at line 278 in /tmp/binarydeb/ros-noetic-tf2-0.7.7/src/buffer_core.cpp
[33m[ WARN] [1790445208.611907719, 1790444243.130178382]: TF_REPEATED_DATA ignoring data with redundant timestamp for frame odom (parent map) at time 1790444243.230178 according to authority unknown_publisher[0m
Warning: TF_REPEATED_DATA ignoring data with redundant timestamp for frame odom (parent map) at time 1790444243.230178 according to authority /rtabmap/rtabmap
         at line 278 in /tmp/binarydeb/ros-noetic-tf2-0.7.7/src/buffer_core.cpp
[33m[ WARN] [1790445222.987950939, 1790444257.503075232]: We are receiving imu data (buffer=1000), but cannot interpolate imu transform at time 1790444257.462773. IMU won't be added to graph.[0m
[33m[ WARN] (2026-09-26 13:53:29.260) Memory.cpp:3200::computeTransform() Missing visual features or missing raw data to compute them. Transform cannot be estimated.[0m
[0m[ INFO] [1790445209.454772809, 1790444243.968194459]: rtabmap (644): Rate=1.00s, Limit=0.000s, Conversion=0.0010s, RTAB-Map=0.3662s, Maps update=0.0008s pub=0.0001s (local map=468, WM=468)[0m
[33m[ WARN] (2026-09-26 13:53:30.352) Memory.cpp:3200::computeTransform() Missing visual features or missing raw data to compute them. Transform cannot be estimated.[0m
[0m[ INFO] [1790445210.587963932, 1790444245.099866302]: rtabmap (645): Rate=1.00s, Limit=0.000s, Conversion=0.0009s, RTAB-Map=0.4028s, Maps update=0.0007s pub=0.0002s (local map=469, WM=469)[0m
[33m[ WARN] (2026-09-26 13:53:31.490) Memory.cpp:3200::computeTransform() Missing visual features or missing raw data to compute them. Transform cannot be estimated.[0m
[0m[ INFO] [1790445211.701347608, 1790444246.212060589]: rtabmap (646): Rate=1.00s, Limit=0.000s, Conversion=0.0011s, RTAB-Map=0.4085s, Maps update=0.0005s pub=0.0001s (local map=470, WM=470)[0m
[33m[ WARN] (2026-09-26 13:53:32.461) Memory.cpp:3200::computeTransform() Missing visual features or missing raw data to compute them. Transform cannot be estimated.[0m
[0m[ INFO] [1790445212.642032768, 1790444247.153887042]: rtabmap (647): Rate=1.00s, Limit=0.000s, Conversion=0.0008s, RTAB-Map=0.3493s, Maps update=0.0005s pub=0.0001s (local map=470, WM=470)[0m
[33m[ WARN] (2026-09-26 13:53:33.514) Memory.cpp:3200::computeTransform() Missing visual features or missing raw data to compute them. Transform cannot be estimated.[0m
[0m[ INFO] [1790445213.764109242, 1790444248.280185034]: rtabmap (648): Rate=1.00s, Limit=0.000s, Conversion=0.0018s, RTAB-Map=0.4501s, Maps update=0.0008s pub=0.0001s (local map=471, WM=471)[0m
[33m[ WARN] (2026-09-26 13:53:34.615) Memory.cpp:3200::computeTransform() Missing visual features or missing raw data to compute them. Transform cannot be estimated.[0m
[0m[ INFO] [1790445214.823740974, 1790444249.339754300]: rtabmap (649): Rate=1.00s, Limit=0.000s, Conversion=0.0013s, RTAB-Map=0.3902s, Maps update=0.0007s pub=0.0001s (local map=472, WM=472)[0m
[33m[ WARN] (2026-09-26 13:53:35.685) Memory.cpp:3200::computeTransform() Missing visual features or missing raw data to compute them. Transform cannot be estimated.[0m
[0m[ INFO] [1790445215.890660240, 1790444250.401407589]: rtabmap (650): Rate=1.00s, Limit=0.000s, Conversion=0.0014s, RTAB-Map=0.3948s, Maps update=0.0007s pub=0.0001s (local map=473, WM=473)[0m
[33m[ WARN] (2026-09-26 13:53:36.696) Memory.cpp:3200::computeTransform() Missing visual features or missing raw data to compute them. Transform cannot be estimated.[0m
[0m[ INFO] [1790445216.893290136, 1790444251.411486974]: rtabmap (651): Rate=1.00s, Limit=0.000s, Conversion=0.0013s, RTAB-Map=0.3957s, Maps update=0.0008s pub=0.0001s (local map=474, WM=474)[0m
[33m[ WARN] (2026-09-26 13:53:37.757) Memory.cpp:3200::computeTransform() Missing visual features or missing raw data to compute them. Transform cannot be estimated.[0m
[0m[ INFO] [1790445217.980471478, 1790444252.487216864]: rtabmap (652): Rate=1.00s, Limit=0.000s, Conversion=0.0009s, RTAB-Map=0.3940s, Maps update=0.0013s pub=0.0001s (local map=475, WM=475)[0m
[33m[ WARN] (2026-09-26 13:53:38.774) Memory.cpp:3200::computeTransform() Missing visual features or missing raw data to compute them. Transform cannot be estimated.[0m
[0m[ INFO] [1790445218.975149991, 1790444253.486484643]: rtabmap (653): Rate=1.00s, Limit=0.000s, Conversion=0.0009s, RTAB-Map=0.3701s, Maps update=0.0008s pub=0.0001s (local map=476, WM=476)[0m
[33m[ WARN] (2026-09-26 13:53:39.886) Memory.cpp:3200::computeTransform() Missing visual features or missing raw data to compute them. Transform cannot be estimated.[0m
[0m[ INFO] [1790445220.087010928, 1790444254.602427128]: rtabmap (654): Rate=1.00s, Limit=0.000s, Conversion=0.0010s, RTAB-Map=0.3862s, Maps update=0.0008s pub=0.0001s (local map=476, WM=476)[0m
[33m[ WARN] (2026-09-26 13:53:41.083) Memory.cpp:3200::computeTransform() Missing visual features or missing raw data to compute them. Transform cannot be estimated.[0m
[0m[ INFO] [1790445221.275377720, 1790444255.790140505]: rtabmap (655): Rate=1.00s, Limit=0.000s, Conversion=0.0015s, RTAB-Map=0.3791s, Maps update=0.0008s pub=0.0001s (local map=476, WM=476)[0m
[33m[ WARN] (2026-09-26 13:53:42.164) Memory.cpp:3200::computeTransform() Missing visual features or missing raw data to compute them. Transform cannot be estimated.[0m
[0m[ INFO] [1790445222.402757961, 1790444256.916728354]: rtabmap (656): Rate=1.00s, Limit=0.000s, Conversion=0.0011s, RTAB-Map=0.4139s, Maps update=0.0005s pub=0.0001s (local map=477, WM=477)[0m
[33m[ WARN] (2026-09-26 13:53:42.987) Transform.cpp:557::getTransform() No transform found for stamp 1790444257.462773! Latest is 1790444257.460218[0m
[33m[ WARN] (2026-09-26 13:53:43.173) Memory.cpp:3200::computeTransform() Missing visual features or missing raw data to compute them. Transform cannot be estimated.[0m
[0m[ INFO] [1790445223.303999331, 1790444257.815562017]: rtabmap (657): Rate=1.00s, Limit=0.000s, Conversion=0.0018s, RTAB-Map=0.3149s, Maps update=0.0007s pub=0.0001s (local map=478, WM=478)[0m
[33m[ WARN] (2026-09-26 13:53:44.258) Memory.cpp:3200::computeTransform() Missing visual features or missing raw data to compute them. Transform cannot be estimated.[0m
[0m[ INFO] [1790445224.462483653, 1790444258.977399784]: rtabmap (658): Rate=1.00s, Limit=0.000s, Conversion=0.0012s, RTAB-Map=0.3709s, Maps update=0.0005s pub=0.0001s (local map=479, WM=479)[0m
[33m[ WARN] (2026-09-26 13:53:45.277) Memory.cpp:3200::computeTransform() Missing visual features or missing raw data to compute them. Transform cannot be estimated.[0m
[0m[ INFO] [1790445225.475148888, 1790444259.988094981]: rtabmap (659): Rate=1.00s, Limit=0.000s, Conversion=0.0014s, RTAB-Map=0.3657s, Maps update=0.0007s pub=0.0001s (local map=480, WM=480)[0m
[33m[ WARN] (2026-09-26 13:53:46.274) Memory.cpp:3200::computeTransform() Missing visual features or missing raw data to compute them. Transform cannot be estimated.[0m
[0m[ INFO] [1790445226.463769126, 1790444260.981383654]: rtabmap (660): Rate=1.00s, Limit=0.000s, Conversion=0.0010s, RTAB-Map=0.3622s, Maps update=0.0011s pub=0.0001s (local map=481, WM=481)[0m
[33m[ WARN] (2026-09-26 13:53:47.370) Memory.cpp:3200::computeTransform() Missing visual features or missing raw data to compute them. Transform cannot be estimated.[0m
[0m[ INFO] [1790445227.549130317, 1790444262.061256306]: rtabmap (661): Rate=1.00s, Limit=0.000s, Conversion=0.0021s, RTAB-Map=0.3516s, Maps update=0.0005s pub=0.0001s (local map=482, WM=482)[0m
Warning: TF_REPEATED_DATA ignoring data with redundant timestamp for frame odom (parent map) at time 1790444262.320071 according to authority unknown_publisher
         at line 278 in /tmp/binarydeb/ros-noetic-tf2-0.7.7/src/buffer_core.cpp
Warning: TF_REPEATED_DATA ignoring data with redundant timestamp for frame odom (parent map) at time 1790444262.320071 according to authority /rtabmap/rtabmap
         at line 278 in /tmp/binarydeb/ros-noetic-tf2-0.7.7/src/buffer_core.cpp
[33m[ WARN] [1790445227.701215905, 1790444262.220071406]: TF_REPEATED_DATA ignoring data with redundant timestamp for frame odom (parent map) at time 1790444262.320071 according to authority unknown_publisher[0m
[33m[ WARN] [1790445242.089324059, 1790444276.602517419]: We are receiving imu data (buffer=1000), but cannot interpolate imu transform at time 1790444276.572311. IMU won't be added to graph.[0m
[33m[ WARN] (2026-09-26 13:53:48.367) Memory.cpp:3200::computeTransform() Missing visual features or missing raw data to compute them. Transform cannot be estimated.[0m
[0m[ INFO] [1790445228.550675335, 1790444263.061170362]: rtabmap (662): Rate=1.00s, Limit=0.000s, Conversion=0.0021s, RTAB-Map=0.3406s, Maps update=0.0005s pub=0.0001s (local map=483, WM=483)[0m
[33m[ WARN] (2026-09-26 13:53:49.468) Memory.cpp:3200::computeTransform() Missing visual features or missing raw data to compute them. Transform cannot be estimated.[0m
[0m[ INFO] [1790445229.647598188, 1790444264.162157579]: rtabmap (663): Rate=1.00s, Limit=0.000s, Conversion=0.0012s, RTAB-Map=0.3466s, Maps update=0.0012s pub=0.0001s (local map=484, WM=484)[0m
[33m[ WARN] (2026-09-26 13:53:50.446) Memory.cpp:3200::computeTransform() Missing visual features or missing raw data to compute them. Transform cannot be estimated.[0m
[0m[ INFO] [1790445230.630261112, 1790444265.141820438]: rtabmap (664): Rate=1.00s, Limit=0.000s, Conversion=0.0011s, RTAB-Map=0.3452s, Maps update=0.0006s pub=0.0001s (local map=485, WM=485)[0m
[33m[ WARN] (2026-09-26 13:53:51.670) Memory.cpp:3200::computeTransform() Missing visual features or missing raw data to compute them. Transform cannot be estimated.[0m
[0m[ INFO] [1790445231.851790117, 1790444266.364939508]: rtabmap (665): Rate=1.00s, Limit=0.000s, Conversion=0.0014s, RTAB-Map=0.3559s, Maps update=0.0008s pub=0.0001s (local map=486, WM=486)[0m
[33m[ WARN] (2026-09-26 13:53:52.651) Memory.cpp:3200::computeTransform() Missing visual features or missing raw data to compute them. Transform cannot be estimated.[0m
[0m[ INFO] [1790445232.827177953, 1790444267.338196314]: rtabmap (666): Rate=1.00s, Limit=0.000s, Conversion=0.0011s, RTAB-Map=0.3449s, Maps update=0.0005s pub=0.0001s (local map=487, WM=487)[0m
[33m[ WARN] (2026-09-26 13:53:53.663) Memory.cpp:3200::computeTransform() Missing visual features or missing raw data to compute them. Transform cannot be estimated.[0m
[0m[ INFO] [1790445233.846574396, 1790444268.359229606]: rtabmap (667): Rate=1.00s, Limit=0.000s, Conversion=0.0010s, RTAB-Map=0.3486s, Maps update=0.0007s pub=0.0001s (local map=488, WM=488)[0m
[33m[ WARN] (2026-09-26 13:53:54.736) Memory.cpp:3200::computeTransform() Missing visual features or missing raw data to compute them. Transform cannot be estimated.[0m
[0m[ INFO] [1790445234.940779522, 1790444269.456259722]: rtabmap (668): Rate=1.00s, Limit=0.000s, Conversion=0.0009s, RTAB-Map=0.3616s, Maps update=0.0011s pub=0.0001s (local map=489, WM=489)[0m
[33m[ WARN] (2026-09-26 13:53:55.967) Memory.cpp:3200::computeTransform() Missing visual features or missing raw data to compute them. Transform cannot be estimated.[0m
[0m[ INFO] [1790445236.137545697, 1790444270.657128758]: rtabmap (669): Rate=1.00s, Limit=0.000s, Conversion=0.0014s, RTAB-Map=0.3449s, Maps update=0.0005s pub=0.0001s (local map=490, WM=490)[0m
[33m[ WARN] (2026-09-26 13:53:57.049) Memory.cpp:3200::computeTransform() Missing visual features or missing raw data to compute them. Transform cannot be estimated.[0m
[0m[ INFO] [1790445237.238588656, 1790444271.756383282]: rtabmap (670): Rate=1.00s, Limit=0.000s, Conversion=0.0013s, RTAB-Map=0.3619s, Maps update=0.0006s pub=0.0001s (local map=491, WM=491)[0m
[33m[ WARN] (2026-09-26 13:53:58.050) Memory.cpp:3200::computeTransform() Missing visual features or missing raw data to compute them. Transform cannot be estimated.[0m
[0m[ INFO] [1790445238.234513291, 1790444272.749996307]: rtabmap (671): Rate=1.00s, Limit=0.000s, Conversion=0.0014s, RTAB-Map=0.3411s, Maps update=0.0006s pub=0.0001s (local map=492, WM=492)[0m
[33m[ WARN] (2026-09-26 13:53:59.147) Memory.cpp:3200::computeTransform() Missing visual features or missing raw data to compute them. Transform cannot be estimated.[0m
[0m[ INFO] [1790445239.330376161, 1790444273.849250575]: rtabmap (672): Rate=1.00s, Limit=0.000s, Conversion=0.0014s, RTAB-Map=0.3441s, Maps update=0.0006s pub=0.0001s (local map=493, WM=493)[0m
[33m[ WARN] (2026-09-26 13:54:00.214) Memory.cpp:3200::computeTransform() Missing visual features or missing raw data to compute them. Transform cannot be estimated.[0m
[0m[ INFO] [1790445240.391323869, 1790444274.904960978]: rtabmap (673): Rate=1.00s, Limit=0.000s, Conversion=0.0013s, RTAB-Map=0.3499s, Maps update=0.0007s pub=0.0001s (local map=494, WM=494)[0m
[33m[ WARN] (2026-09-26 13:54:01.262) Memory.cpp:3200::computeTransform() Missing visual features or missing raw data to compute them. Transform cannot be estimated.[0m
[0m[ INFO] [1790445241.438622212, 1790444275.953851499]: rtabmap (674): Rate=1.00s, Limit=0.000s, Conversion=0.0013s, RTAB-Map=0.3524s, Maps update=0.0008s pub=0.0001s (local map=495, WM=495)[0m
[33m[ WARN] (2026-09-26 13:54:02.089) Transform.cpp:557::getTransform() No transform found for stamp 1790444276.572311! Latest is 1790444276.568617[0m
[33m[ WARN] (2026-09-26 13:54:02.256) Memory.cpp:3200::computeTransform() Missing visual features or missing raw data to compute them. Transform cannot be estimated.[0m
[0m[ INFO] [1790445242.353538319, 1790444276.871210575]: rtabmap (675): Rate=1.00s, Limit=0.000s, Conversion=0.0023s, RTAB-Map=0.2629s, Maps update=0.0008s pub=0.0001s (local map=496, WM=496)[0m
[33m[ WARN] (2026-09-26 13:54:03.365) Memory.cpp:3200::computeTransform() Missing visual features or missing raw data to compute them. Transform cannot be estimated.[0m
[0m[ INFO] [1790445243.546673732, 1790444278.061740137]: rtabmap (676): Rate=1.00s, Limit=0.000s, Conversion=0.0013s, RTAB-Map=0.3570s, Maps update=0.0007s pub=0.0001s (local map=497, WM=497)[0m
[33m[ WARN] (2026-09-26 13:54:04.356) Memory.cpp:3200::computeTransform() Missing visual features or missing raw data to compute them. Transform cannot be estimated.[0m
[0m[ INFO] [1790445244.571357333, 1790444279.090359717]: rtabmap (677): Rate=1.00s, Limit=0.000s, Conversion=0.0014s, RTAB-Map=0.3902s, Maps update=0.0008s pub=0.0001s (local map=498, WM=498)[0m
[33m[ WARN] (2026-09-26 13:54:05.468) Memory.cpp:3200::computeTransform() Missing visual features or missing raw data to compute them. Transform cannot be estimated.[0m
[0m[ INFO] [1790445245.684169859, 1790444280.199559947]: rtabmap (678): Rate=1.00s, Limit=0.000s, Conversion=0.0013s, RTAB-Map=0.3936s, Maps update=0.0007s pub=0.0001s (local map=499, WM=499)[0m
Warning: TF_REPEATED_DATA ignoring data with redundant timestamp for frame odom (parent map) at time 1790444280.931528 according to authority unknown_publisher
         at line 278 in /tmp/binarydeb/ros-noetic-tf2-0.7.7/src/buffer_core.cpp
[33m[ WARN] [1790445246.313388208, 1790444280.831527509]: TF_REPEATED_DATA ignoring data with redundant timestamp for frame odom (parent map) at time 1790444280.931528 according to authority unknown_publisher[0m
Warning: TF_REPEATED_DATA ignoring data with redundant timestamp for frame odom (parent map) at time 1790444280.931528 according to authority /rtabmap/rtabmap
         at line 278 in /tmp/binarydeb/ros-noetic-tf2-0.7.7/src/buffer_core.cpp
[33m[ WARN] [1790445250.388815667, 1790444284.905787148]: We are receiving imu data (buffer=1000), but cannot interpolate imu transform at time 1790444284.875603. IMU won't be added to graph.[0m
[33m[ WARN] (2026-09-26 13:54:06.564) Memory.cpp:3200::computeTransform() Missing visual features or missing raw data to compute them. Transform cannot be estimated.[0m
[0m[ INFO] [1790445246.805966769, 1790444281.316826440]: rtabmap (679): Rate=1.00s, Limit=0.000s, Conversion=0.0009s, RTAB-Map=0.4153s, Maps update=0.0008s pub=0.0001s (local map=500, WM=500)[0m
[33m[ WARN] (2026-09-26 13:54:07.549) Memory.cpp:3200::computeTransform() Missing visual features or missing raw data to compute them. Transform cannot be estimated.[0m
[0m[ INFO] [1790445247.737788434, 1790444282.255861143]: rtabmap (680): Rate=1.00s, Limit=0.000s, Conversion=0.0009s, RTAB-Map=0.3464s, Maps update=0.0008s pub=0.0001s (local map=501, WM=501)[0m
[33m[ WARN] (2026-09-26 13:54:08.586) Memory.cpp:3200::computeTransform() Missing visual features or missing raw data to compute them. Transform cannot be estimated.[0m
[0m[ INFO] [1790445248.784653843, 1790444283.296183249]: rtabmap (681): Rate=1.00s, Limit=0.000s, Conversion=0.0024s, RTAB-Map=0.3780s, Maps update=0.0007s pub=0.0001s (local map=502, WM=502)[0m
[33m[ WARN] (2026-09-26 13:54:09.609) Memory.cpp:3200::computeTransform() Missing visual features or missing raw data to compute them. Transform cannot be estimated.[0m
[0m[ INFO] [1790445249.842401578, 1790444284.360681809]: rtabmap (682): Rate=1.00s, Limit=0.000s, Conversion=0.0013s, RTAB-Map=0.4088s, Maps update=0.0008s pub=0.0002s (local map=503, WM=503)[0m
[33m[ WARN] (2026-09-26 13:54:10.388) Transform.cpp:557::getTransform() No transform found for stamp 1790444284.875603! Latest is 1790444284.858127[0m
[33m[ WARN] (2026-09-26 13:54:10.562) Memory.cpp:3200::computeTransform() Missing visual features or missing raw data to compute them. Transform cannot be estimated.[0m
[0m[ INFO] [1790445250.677820500, 1790444285.190357885]: rtabmap (683): Rate=1.00s, Limit=0.000s, Conversion=0.0022s, RTAB-Map=0.2876s, Maps update=0.0009s pub=0.0001s (local map=504, WM=504)[0m
[33m[ WARN] (2026-09-26 13:54:11.685) Memory.cpp:3200::computeTransform() Missing visual features or missing raw data to compute them. Transform cannot be estimated.[0m
[0m[ INFO] [1790445251.877168778, 1790444286.390168568]: rtabmap (684): Rate=1.00s, Limit=0.000s, Conversion=0.0021s, RTAB-Map=0.3668s, Maps update=0.0009s pub=0.0001s (local map=505, WM=505)[0m
[33m[ WARN] (2026-09-26 13:54:12.796) Memory.cpp:3200::computeTransform() Missing visual features or missing raw data to compute them. Transform cannot be estimated.[0m
[0m[ INFO] [1790445252.975091412, 1790444287.491050211]: rtabmap (685): Rate=1.00s, Limit=0.000s, Conversion=0.0012s, RTAB-Map=0.3538s, Maps update=0.0007s pub=0.0001s (local map=506, WM=506)[0m
[33m[ WARN] (2026-09-26 13:54:13.878) Memory.cpp:3200::computeTransform() Missing visual features or missing raw data to compute them. Transform cannot be estimated.[0m
[0m[ INFO] [1790445254.074432206, 1790444288.591524168]: rtabmap (686): Rate=1.00s, Limit=0.000s, Conversion=0.0012s, RTAB-Map=0.3736s, Maps update=0.0009s pub=0.0001s (local map=507, WM=507)[0m
[33m[ WARN] (2026-09-26 13:54:14.861) Memory.cpp:3200::computeTransform() Missing visual features or missing raw data to compute them. Transform cannot be estimated.[0m
[0m[ INFO] [1790445255.044548780, 1790444289.558842664]: rtabmap (687): Rate=1.00s, Limit=0.000s, Conversion=0.0019s, RTAB-Map=0.3458s, Maps update=0.0006s pub=0.0001s (local map=508, WM=508)[0m
[33m[ WARN] (2026-09-26 13:54:15.975) Memory.cpp:3200::computeTransform() Missing visual features or missing raw data to compute them. Transform cannot be estimated.[0m
[0m[ INFO] [1790445256.169010677, 1790444290.681297404]: rtabmap (688): Rate=1.00s, Limit=0.000s, Conversion=0.0019s, RTAB-Map=0.3701s, Maps update=0.0006s pub=0.0001s (local map=509, WM=509)[0m
[33m[ WARN] (2026-09-26 13:54:17.163) Memory.cpp:3200::computeTransform() Missing visual features or missing raw data to compute them. Transform cannot be estimated.[0m
[0m[ INFO] [1790445257.385631814, 1790444291.896024376]: rtabmap (689): Rate=1.00s, Limit=0.000s, Conversion=0.0013s, RTAB-Map=0.3917s, Maps update=0.0007s pub=0.0001s (local map=510, WM=510)[0m
[33m[ WARN] (2026-09-26 13:54:18.163) Memory.cpp:3200::computeTransform() Missing visual features or missing raw data to compute them. Transform cannot be estimated.[0m
[0m[ INFO] [1790445258.366020468, 1790444292.878184121]: rtabmap (690): Rate=1.00s, Limit=0.000s, Conversion=0.0009s, RTAB-Map=0.3650s, Maps update=0.0007s pub=0.0001s (local map=511, WM=511)[0m
[33m[ WARN] (2026-09-26 13:54:19.177) Memory.cpp:3200::computeTransform() Missing visual features or missing raw data to compute them. Transform cannot be estimated.[0m
[0m[ INFO] [1790445259.368205038, 1790444293.878829858]: rtabmap (691): Rate=1.00s, Limit=0.000s, Conversion=0.0021s, RTAB-Map=0.3637s, Maps update=0.0010s pub=0.0001s (local map=512, WM=512)[0m
[33m[ WARN] (2026-09-26 13:54:20.162) Memory.cpp:3200::computeTransform() Missing visual features or missing raw data to compute them. Transform cannot be estimated.[0m
[0m[ INFO] [1790445260.347816722, 1790444294.867055044]: rtabmap (692): Rate=1.00s, Limit=0.000s, Conversion=0.0013s, RTAB-Map=0.3544s, Maps update=0.0006s pub=0.0001s (local map=513, WM=513)[0m
[33m[ WARN] (2026-09-26 13:54:21.267) Memory.cpp:3200::computeTransform() Missing visual features or missing raw data to compute them. Transform cannot be estimated.[0m
[0m[ INFO] [1790445261.459689329, 1790444295.978810082]: rtabmap (693): Rate=1.00s, Limit=0.000s, Conversion=0.0009s, RTAB-Map=0.3673s, Maps update=0.0007s pub=0.0001s (local map=514, WM=514)[0m
[33m[ WARN] (2026-09-26 13:54:22.263) Memory.cpp:3200::computeTransform() Missing visual features or missing raw data to compute them. Transform cannot be estimated.[0m
[0m[ INFO] [1790445262.456366191, 1790444296.971566997]: rtabmap (694): Rate=1.00s, Limit=0.000s, Conversion=0.0009s, RTAB-Map=0.3474s, Maps update=0.0006s pub=0.0001s (local map=515, WM=515)[0m
[33m[ WARN] (2026-09-26 13:54:23.451) Memory.cpp:3200::computeTransform() Missing visual features or missing raw data to compute them. Transform cannot be estimated.[0m
[0m[ INFO] [1790445263.665855249, 1790444298.175688668]: rtabmap (695): Rate=1.00s, Limit=0.000s, Conversion=0.0009s, RTAB-Map=0.3689s, Maps update=0.0007s pub=0.0001s (local map=516, WM=516)[0m
[33m[ WARN] (2026-09-26 13:54:24.483) Memory.cpp:3200::computeTransform() Missing visual features or missing raw data to compute them. Transform cannot be estimated.[0m
[0m[ INFO] [1790445264.668748561, 1790444299.179020289]: rtabmap (696): Rate=1.00s, Limit=0.000s, Conversion=0.0012s, RTAB-Map=0.3584s, Maps update=0.0005s pub=0.0001s (local map=517, WM=517)[0m
Warning: TF_REPEATED_DATA ignoring data with redundant timestamp for frame odom (parent map) at time 1790444299.439264 according to authority unknown_publisher
         at line 278 in /tmp/binarydeb/ros-noetic-tf2-0.7.7/src/buffer_core.cpp
[33m[ WARN] [1790445264.820869411, 1790444299.339264300]: TF_REPEATED_DATA ignoring data with redundant timestamp for frame odom (parent map) at time 1790444299.439264 according to authority unknown_publisher[0m
Warning: TF_REPEATED_DATA ignoring data with redundant timestamp for frame odom (parent map) at time 1790444299.439264 according to authority /rtabmap/rtabmap
         at line 278 in /tmp/binarydeb/ros-noetic-tf2-0.7.7/src/buffer_core.cpp
[33m[ WARN] (2026-09-26 13:54:25.482) Memory.cpp:3200::computeTransform() Missing visual features or missing raw data to compute them. Transform cannot be estimated.[0m
[0m[ INFO] [1790445265.634122202, 1790444300.148651033]: rtabmap (697): Rate=1.00s, Limit=0.000s, Conversion=0.0008s, RTAB-Map=0.3074s, Maps update=0.0007s pub=0.0001s (local map=518, WM=518)[0m
[33m[ WARN] (2026-09-26 13:54:26.570) Memory.cpp:3200::computeTransform() Missing visual features or missing raw data to compute them. Transform cannot be estimated.[0m
[0m[ INFO] [1790445266.720257185, 1790444301.238689802]: rtabmap (698): Rate=1.00s, Limit=0.000s, Conversion=0.0008s, RTAB-Map=0.3058s, Maps update=0.0006s pub=0.0001s (local map=519, WM=519)[0m
[33m[ WARN] (2026-09-26 13:54:27.552) Memory.cpp:3200::computeTransform() Missing visual features or missing raw data to compute them. Transform cannot be estimated.[0m
[0m[ INFO] [1790445267.687900386, 1790444302.201174931]: rtabmap (699): Rate=1.00s, Limit=0.000s, Conversion=0.0010s, RTAB-Map=0.2875s, Maps update=0.0006s pub=0.0001s (local map=520, WM=520)[0m
[33m[ WARN] (2026-09-26 13:54:28.670) Memory.cpp:3200::computeTransform() Missing visual features or missing raw data to compute them. Transform cannot be estimated.[0m
[0m[ INFO] [1790445268.807796535, 1790444303.320230463]: rtabmap (700): Rate=1.00s, Limit=0.000s, Conversion=0.0014s, RTAB-Map=0.2983s, Maps update=0.0011s pub=0.0001s (local map=521, WM=521)[0m
[33m[ WARN] (2026-09-26 13:54:29.783) Memory.cpp:3200::computeTransform() Missing visual features or missing raw data to compute them. Transform cannot be estimated.[0m
[0m[ INFO] [1790445269.919139374, 1790444304.429917796]: rtabmap (701): Rate=1.00s, Limit=0.000s, Conversion=0.0013s, RTAB-Map=0.2966s, Maps update=0.0006s pub=0.0001s (local map=522, WM=522)[0m
[33m[ WARN] (2026-09-26 13:54:30.815) Memory.cpp:3200::computeTransform() Missing visual features or missing raw data to compute them. Transform cannot be estimated.[0m
[0m[ INFO] [1790445270.963903603, 1790444305.475929303]: rtabmap (702): Rate=1.00s, Limit=0.000s, Conversion=0.0013s, RTAB-Map=0.3186s, Maps update=0.0007s pub=0.0001s (local map=523, WM=523)[0m
[33m[ WARN] (2026-09-26 13:54:31.811) Memory.cpp:3200::computeTransform() Missing visual features or missing raw data to compute them. Transform cannot be estimated.[0m
[0m[ INFO] [1790445271.950529858, 1790444306.467172919]: rtabmap (703): Rate=1.00s, Limit=0.000s, Conversion=0.0013s, RTAB-Map=0.3252s, Maps update=0.0007s pub=0.0001s (local map=524, WM=524)[0m
[33m[ WARN] (2026-09-26 13:54:32.785) Memory.cpp:3200::computeTransform() Missing visual features or missing raw data to compute them. Transform cannot be estimated.[0m
[0m[ INFO] [1790445272.919922133, 1790444307.437278386]: rtabmap (704): Rate=1.00s, Limit=0.000s, Conversion=0.0011s, RTAB-Map=0.3037s, Maps update=0.0006s pub=0.0001s (local map=525, WM=525)[0m
[33m[ WARN] (2026-09-26 13:54:33.897) Memory.cpp:3200::computeTransform() Missing visual features or missing raw data to compute them. Transform cannot be estimated.[0m
[0m[ INFO] [1790445274.043020267, 1790444308.559326301]: rtabmap (705): Rate=1.00s, Limit=0.000s, Conversion=0.0020s, RTAB-Map=0.3194s, Maps update=0.0010s pub=0.0001s (local map=526, WM=526)[0m
[33m[ WARN] (2026-09-26 13:54:34.984) Memory.cpp:3200::computeTransform() Missing visual features or missing raw data to compute them. Transform cannot be estimated.[0m
[0m[ INFO] [1790445275.129161904, 1790444309.642108381]: rtabmap (706): Rate=1.00s, Limit=0.000s, Conversion=0.0008s, RTAB-Map=0.3027s, Maps update=0.0006s pub=0.0001s (local map=527, WM=527)[0m
[33m[ WARN] (2026-09-26 13:54:35.998) Memory.cpp:3200::computeTransform() Missing visual features or missing raw data to compute them. Transform cannot be estimated.[0m
[0m[ INFO] [1790445276.148974021, 1790444310.662114133]: rtabmap (707): Rate=1.00s, Limit=0.000s, Conversion=0.0014s, RTAB-Map=0.3086s, Maps update=0.0007s pub=0.0001s (local map=528, WM=528)[0m
[33m[ WARN] (2026-09-26 13:54:36.998) Memory.cpp:3200::computeTransform() Missing visual features or missing raw data to compute them. Transform cannot be estimated.[0m
[0m[ INFO] [1790445277.172123934, 1790444311.681804009]: rtabmap (708): Rate=1.00s, Limit=0.000s, Conversion=0.0009s, RTAB-Map=0.3300s, Maps update=0.0006s pub=0.0001s (local map=529, WM=529)[0m
[33m[ WARN] (2026-09-26 13:54:37.998) Memory.cpp:3200::computeTransform() Missing visual features or missing raw data to compute them. Transform cannot be estimated.[0m
[0m[ INFO] [1790445278.209565011, 1790444312.723097126]: rtabmap (709): Rate=1.00s, Limit=0.000s, Conversion=0.0020s, RTAB-Map=0.3712s, Maps update=0.0010s pub=0.0001s (local map=530, WM=530)[0m
[33m[ WARN] (2026-09-26 13:54:39.110) Memory.cpp:3200::computeTransform() Missing visual features or missing raw data to compute them. Transform cannot be estimated.[0m
[0m[ INFO] [1790445279.271705106, 1790444313.783267825]: rtabmap (710): Rate=1.00s, Limit=0.000s, Conversion=0.0011s, RTAB-Map=0.3422s, Maps update=0.0007s pub=0.0001s (local map=531, WM=531)[0m
[33m[ WARN] (2026-09-26 13:54:40.153) Memory.cpp:3200::computeTransform() Missing visual features or missing raw data to compute them. Transform cannot be estimated.[0m
[0m[ INFO] [1790445280.303130277, 1790444314.820275200]: rtabmap (711): Rate=1.00s, Limit=0.000s, Conversion=0.0009s, RTAB-Map=0.3114s, Maps update=0.0005s pub=0.0001s (local map=532, WM=532)[0m
[33m[ WARN] (2026-09-26 13:54:41.195) Memory.cpp:3200::computeTransform() Missing visual features or missing raw data to compute them. Transform cannot be estimated.[0m
[0m[ INFO] [1790445281.363186797, 1790444315.880751501]: rtabmap (712): Rate=1.00s, Limit=0.000s, Conversion=0.0013s, RTAB-Map=0.3344s, Maps update=0.0008s pub=0.0001s (local map=533, WM=533)[0m
[33m[ WARN] (2026-09-26 13:54:42.172) Memory.cpp:3200::computeTransform() Missing visual features or missing raw data to compute them. Transform cannot be estimated.[0m
[0m[ INFO] [1790445282.351224265, 1790444316.862826792]: rtabmap (713): Rate=1.00s, Limit=0.000s, Conversion=0.0009s, RTAB-Map=0.3326s, Maps update=0.0007s pub=0.0001s (local map=534, WM=534)[0m
Warning: TF_REPEATED_DATA ignoring data with redundant timestamp for frame odom (parent map) at time 1790444317.120307 according to authority unknown_publisher
         at line 278 in /tmp/binarydeb/ros-noetic-tf2-0.7.7/src/buffer_core.cpp
[33m[ WARN] [1790445282.501661896, 1790444317.020306835]: TF_REPEATED_DATA ignoring data with redundant timestamp for frame odom (parent map) at time 1790444317.120307 according to authority unknown_publisher[0m
Warning: TF_REPEATED_DATA ignoring data with redundant timestamp for frame odom (parent map) at time 1790444317.120307 according to authority /rtabmap/rtabmap
         at line 278 in /tmp/binarydeb/ros-noetic-tf2-0.7.7/src/buffer_core.cpp
[33m[ WARN] (2026-09-26 13:54:43.380) Memory.cpp:3200::computeTransform() Missing visual features or missing raw data to compute them. Transform cannot be estimated.[0m
[0m[ INFO] [1790445283.563773927, 1790444318.074041975]: rtabmap (714): Rate=1.00s, Limit=0.000s, Conversion=0.0008s, RTAB-Map=0.3565s, Maps update=0.0009s pub=0.0001s (local map=535, WM=535)[0m
[33m[ WARN] (2026-09-26 13:54:44.415) Memory.cpp:3200::computeTransform() Missing visual features or missing raw data to compute them. Transform cannot be estimated.[0m
[0m[ INFO] [1790445284.601876577, 1790444319.113793571]: rtabmap (715): Rate=1.00s, Limit=0.000s, Conversion=0.0013s, RTAB-Map=0.3645s, Maps update=0.0007s pub=0.0001s (local map=536, WM=536)[0m
[33m[ WARN] (2026-09-26 13:54:45.381) Memory.cpp:3200::computeTransform() Missing visual features or missing raw data to compute them. Transform cannot be estimated.[0m
[0m[ INFO] [1790445285.563513725, 1790444320.074405492]: rtabmap (716): Rate=1.00s, Limit=0.000s, Conversion=0.0014s, RTAB-Map=0.3697s, Maps update=0.0009s pub=0.0001s (local map=537, WM=537)[0m
[33m[ WARN] (2026-09-26 13:54:46.521) Memory.cpp:3200::computeTransform() Missing visual features or missing raw data to compute them. Transform cannot be estimated.[0m
[0m[ INFO] [1790445286.723041115, 1790444321.234566489]: rtabmap (717): Rate=1.00s, Limit=0.000s, Conversion=0.0015s, RTAB-Map=0.3815s, Maps update=0.0006s pub=0.0001s (local map=538, WM=538)[0m
[33m[ WARN] (2026-09-26 13:54:47.557) Memory.cpp:3200::computeTransform() Missing visual features or missing raw data to compute them. Transform cannot be estimated.[0m
[0m[ INFO] [1790445287.728811126, 1790444322.246824378]: rtabmap (718): Rate=1.00s, Limit=0.000s, Conversion=0.0025s, RTAB-Map=0.3345s, Maps update=0.0006s pub=0.0001s (local map=539, WM=539)[0m
[33m[ WARN] (2026-09-26 13:54:48.568) Memory.cpp:3200::computeTransform() Missing visual features or missing raw data to compute them. Transform cannot be estimated.[0m
[0m[ INFO] [1790445288.739123745, 1790444323.255299570]: rtabmap (719): Rate=1.00s, Limit=0.000s, Conversion=0.0014s, RTAB-Map=0.3413s, Maps update=0.0010s pub=0.0001s (local map=540, WM=540)[0m
[0m[ INFO] [1790445289.833756863, 1790444324.343817453]: rtabmap (720): Rate=1.00s, Limit=0.000s, Conversion=0.0013s, RTAB-Map=0.3432s, Maps update=0.0009s pub=0.0001s (local map=541, WM=541)[0m
[0m[ INFO] [1790445290.806551251, 1790444325.321468566]: rtabmap (721): Rate=1.00s, Limit=0.000s, Conversion=0.0009s, RTAB-Map=0.3136s, Maps update=0.0007s pub=0.0001s (local map=542, WM=542)[0m
[0m[ INFO] [1790445291.962802061, 1790444326.472706489]: rtabmap (722): Rate=1.00s, Limit=0.000s, Conversion=0.0013s, RTAB-Map=0.3255s, Maps update=0.0006s pub=0.0001s (local map=543, WM=543)[0m
[0m[ INFO] [1790445293.013669775, 1790444327.525214413]: rtabmap (723): Rate=1.00s, Limit=0.000s, Conversion=0.0014s, RTAB-Map=0.3286s, Maps update=0.0007s pub=0.0001s (local map=544, WM=544)[0m
[0m[ INFO] [1790445294.165535640, 1790444328.677002614]: rtabmap (724): Rate=1.00s, Limit=0.000s, Conversion=0.0008s, RTAB-Map=0.3446s, Maps update=0.0007s pub=0.0001s (local map=545, WM=545)[0m
[33m[ WARN] (2026-09-26 13:54:55.059) Memory.cpp:3200::computeTransform() Missing visual features or missing raw data to compute them. Transform cannot be estimated.[0m
[0m[ INFO] [1790445295.220253028, 1790444329.737942277]: rtabmap (725): Rate=1.00s, Limit=0.000s, Conversion=0.0013s, RTAB-Map=0.3220s, Maps update=0.0006s pub=0.0001s (local map=546, WM=546)[0m
[33m[ WARN] (2026-09-26 13:54:56.157) Memory.cpp:3200::computeTransform() Missing visual features or missing raw data to compute them. Transform cannot be estimated.[0m
[0m[ INFO] [1790445296.313435825, 1790444330.827568203]: rtabmap (726): Rate=1.00s, Limit=0.000s, Conversion=0.0010s, RTAB-Map=0.3143s, Maps update=0.0006s pub=0.0001s (local map=547, WM=547)[0m
[33m[ WARN] (2026-09-26 13:54:57.167) Memory.cpp:3200::computeTransform() Missing visual features or missing raw data to compute them. Transform cannot be estimated.[0m
[0m[ INFO] [1790445297.321487746, 1790444331.836466598]: rtabmap (727): Rate=1.00s, Limit=0.000s, Conversion=0.0014s, RTAB-Map=0.3324s, Maps update=0.0008s pub=0.0001s (local map=548, WM=548)[0m
[33m[ WARN] (2026-09-26 13:54:58.211) Memory.cpp:3200::computeTransform() Missing visual features or missing raw data to compute them. Transform cannot be estimated.[0m
[0m[ INFO] [1790445298.364331628, 1790444332.876113773]: rtabmap (728): Rate=1.00s, Limit=0.000s, Conversion=0.0013s, RTAB-Map=0.3229s, Maps update=0.0006s pub=0.0001s (local map=549, WM=549)[0m
[33m[ WARN] (2026-09-26 13:54:59.271) Memory.cpp:3200::computeTransform() Missing visual features or missing raw data to compute them. Transform cannot be estimated.[0m
[0m[ INFO] [1790445299.429881932, 1790444333.948421591]: rtabmap (729): Rate=1.00s, Limit=0.000s, Conversion=0.0013s, RTAB-Map=0.3350s, Maps update=0.0006s pub=0.0001s (local map=550, WM=550)[0m
Warning: TF_REPEATED_DATA ignoring data with redundant timestamp for frame odom (parent map) at time 1790444334.202476 according to authority unknown_publisher
         at line 278 in /tmp/binarydeb/ros-noetic-tf2-0.7.7/src/buffer_core.cpp
[33m[ WARN] [1790445299.587578810, 1790444334.102476317]: TF_REPEATED_DATA ignoring data with redundant timestamp for frame odom (parent map) at time 1790444334.202476 according to authority unknown_publisher[0m
Warning: TF_REPEATED_DATA ignoring data with redundant timestamp for frame odom (parent map) at time 1790444334.202476 according to authority /rtabmap/rtabmap
         at line 278 in /tmp/binarydeb/ros-noetic-tf2-0.7.7/src/buffer_core.cpp
[33m[ WARN] [1790445313.886494290, 1790444348.398737848]: We are receiving imu data (buffer=1000), but cannot interpolate imu transform at time 1790444348.358316. IMU won't be added to graph.[0m
[33m[ WARN] (2026-09-26 13:55:00.273) Memory.cpp:3200::computeTransform() Missing visual features or missing raw data to compute them. Transform cannot be estimated.[0m
[0m[ INFO] [1790445300.423719075, 1790444334.941073568]: rtabmap (730): Rate=1.00s, Limit=0.000s, Conversion=0.0013s, RTAB-Map=0.3213s, Maps update=0.0007s pub=0.0001s (local map=551, WM=551)[0m
[33m[ WARN] (2026-09-26 13:55:01.375) Memory.cpp:3200::computeTransform() Missing visual features or missing raw data to compute them. Transform cannot be estimated.[0m
[0m[ INFO] [1790445301.527897254, 1790444336.045688616]: rtabmap (731): Rate=1.00s, Limit=0.000s, Conversion=0.0014s, RTAB-Map=0.3367s, Maps update=0.0008s pub=0.0001s (local map=552, WM=552)[0m
[33m[ WARN] (2026-09-26 13:55:02.352) Memory.cpp:3200::computeTransform() Missing visual features or missing raw data to compute them. Transform cannot be estimated.[0m
[0m[ INFO] [1790445302.506100370, 1790444337.022624262]: rtabmap (732): Rate=1.00s, Limit=0.000s, Conversion=0.0013s, RTAB-Map=0.3083s, Maps update=0.0007s pub=0.0001s (local map=553, WM=553)[0m
[33m[ WARN] (2026-09-26 13:55:03.575) Memory.cpp:3200::computeTransform() Missing visual features or missing raw data to compute them. Transform cannot be estimated.[0m
[0m[ INFO] [1790445303.739345291, 1790444338.257782452]: rtabmap (733): Rate=1.00s, Limit=0.000s, Conversion=0.0014s, RTAB-Map=0.3480s, Maps update=0.0009s pub=0.0001s (local map=554, WM=554)[0m
[33m[ WARN] (2026-09-26 13:55:04.554) Memory.cpp:3200::computeTransform() Missing visual features or missing raw data to compute them. Transform cannot be estimated.[0m
[0m[ INFO] [1790445304.706308318, 1790444339.225741842]: rtabmap (734): Rate=1.00s, Limit=0.000s, Conversion=0.0008s, RTAB-Map=0.3053s, Maps update=0.0008s pub=0.0001s (local map=555, WM=555)[0m
[33m[ WARN] (2026-09-26 13:55:05.581) Memory.cpp:3200::computeTransform() Missing visual features or missing raw data to compute them. Transform cannot be estimated.[0m
[0m[ INFO] [1790445305.737081828, 1790444340.255080456]: rtabmap (735): Rate=1.00s, Limit=0.000s, Conversion=0.0009s, RTAB-Map=0.3263s, Maps update=0.0011s pub=0.0001s (local map=556, WM=556)[0m
[33m[ WARN] (2026-09-26 13:55:06.755) Memory.cpp:3200::computeTransform() Missing visual features or missing raw data to compute them. Transform cannot be estimated.[0m
[0m[ INFO] [1790445306.908896322, 1790444341.424180297]: rtabmap (736): Rate=1.00s, Limit=0.000s, Conversion=0.0010s, RTAB-Map=0.3261s, Maps update=0.0006s pub=0.0001s (local map=557, WM=557)[0m
[33m[ WARN] (2026-09-26 13:55:07.775) Memory.cpp:3200::computeTransform() Missing visual features or missing raw data to compute them. Transform cannot be estimated.[0m
[0m[ INFO] [1790445307.962925828, 1790444342.476334102]: rtabmap (737): Rate=1.00s, Limit=0.000s, Conversion=0.0013s, RTAB-Map=0.3446s, Maps update=0.0008s pub=0.0001s (local map=558, WM=558)[0m
[33m[ WARN] (2026-09-26 13:55:08.773) Memory.cpp:3200::computeTransform() Missing visual features or missing raw data to compute them. Transform cannot be estimated.[0m
[0m[ INFO] [1790445308.986880607, 1790444343.500239985]: rtabmap (738): Rate=1.00s, Limit=0.000s, Conversion=0.0009s, RTAB-Map=0.3937s, Maps update=0.0009s pub=0.0001s (local map=559, WM=559)[0m
[33m[ WARN] (2026-09-26 13:55:09.846) Memory.cpp:3200::computeTransform() Missing visual features or missing raw data to compute them. Transform cannot be estimated.[0m
[0m[ INFO] [1790445309.994173445, 1790444344.508097277]: rtabmap (739): Rate=1.00s, Limit=0.000s, Conversion=0.0010s, RTAB-Map=0.3093s, Maps update=0.0010s pub=0.0001s (local map=560, WM=560)[0m
[33m[ WARN] (2026-09-26 13:55:10.857) Memory.cpp:3200::computeTransform() Missing visual features or missing raw data to compute them. Transform cannot be estimated.[0m
[0m[ INFO] [1790445310.997719875, 1790444345.508344727]: rtabmap (740): Rate=1.00s, Limit=0.000s, Conversion=0.0009s, RTAB-Map=0.2924s, Maps update=0.0011s pub=0.0001s (local map=561, WM=561)[0m
[33m[ WARN] (2026-09-26 13:55:11.968) Memory.cpp:3200::computeTransform() Missing visual features or missing raw data to compute them. Transform cannot be estimated.[0m
[0m[ INFO] [1790445312.108596844, 1790444346.618793051]: rtabmap (741): Rate=1.00s, Limit=0.000s, Conversion=0.0013s, RTAB-Map=0.3094s, Maps update=0.0008s pub=0.0001s (local map=562, WM=562)[0m
[33m[ WARN] (2026-09-26 13:55:13.087) Memory.cpp:3200::computeTransform() Missing visual features or missing raw data to compute them. Transform cannot be estimated.[0m
[0m[ INFO] [1790445313.228222099, 1790444347.738930760]: rtabmap (742): Rate=1.00s, Limit=0.000s, Conversion=0.0012s, RTAB-Map=0.3222s, Maps update=0.0006s pub=0.0001s (local map=563, WM=563)[0m
[33m[ WARN] (2026-09-26 13:55:13.886) Transform.cpp:557::getTransform() No transform found for stamp 1790444348.358316! Latest is 1790444348.355035[0m
[33m[ WARN] (2026-09-26 13:55:14.042) Memory.cpp:3200::computeTransform() Missing visual features or missing raw data to compute them. Transform cannot be estimated.[0m
[0m[ INFO] [1790445314.113422189, 1790444348.632300283]: rtabmap (743): Rate=1.00s, Limit=0.000s, Conversion=0.0017s, RTAB-Map=0.2254s, Maps update=0.0010s pub=0.0001s (local map=564, WM=564)[0m
[33m[ WARN] (2026-09-26 13:55:15.228) Memory.cpp:3200::computeTransform() Missing visual features or missing raw data to compute them. Transform cannot be estimated.[0m
[0m[ INFO] [1790445315.382029891, 1790444349.898899259]: rtabmap (744): Rate=1.00s, Limit=0.000s, Conversion=0.0011s, RTAB-Map=0.3408s, Maps update=0.0006s pub=0.0001s (local map=565, WM=565)[0m
[33m[ WARN] (2026-09-26 13:55:16.248) Memory.cpp:3200::computeTransform() Missing visual features or missing raw data to compute them. Transform cannot be estimated.[0m
[0m[ INFO] [1790445316.392891247, 1790444350.909953929]: rtabmap (745): Rate=1.00s, Limit=0.000s, Conversion=0.0008s, RTAB-Map=0.2981s, Maps update=0.0011s pub=0.0001s (local map=566, WM=566)[0m
[33m[ WARN] (2026-09-26 13:55:17.396) Memory.cpp:3200::computeTransform() Missing visual features or missing raw data to compute them. Transform cannot be estimated.[0m
[0m[ INFO] [1790445317.570751116, 1790444352.080828858]: rtabmap (746): Rate=1.00s, Limit=0.000s, Conversion=0.0013s, RTAB-Map=0.3453s, Maps update=0.0008s pub=0.0001s (local map=567, WM=567)[0m
Warning: TF_REPEATED_DATA ignoring data with redundant timestamp for frame odom (parent map) at time 1790444352.344650 according to authority unknown_publisher
         at line 278 in /tmp/binarydeb/ros-noetic-tf2-0.7.7/src/buffer_core.cpp
[33m[ WARN] [1790445317.726528644, 1790444352.244649962]: TF_REPEATED_DATA ignoring data with redundant timestamp for frame odom (parent map) at time 1790444352.344650 according to authority unknown_publisher[0m
Warning: TF_REPEATED_DATA ignoring data with redundant timestamp for frame odom (parent map) at time 1790444352.344650 according to authority /rtabmap/rtabmap
         at line 278 in /tmp/binarydeb/ros-noetic-tf2-0.7.7/src/buffer_core.cpp
[33m[ WARN] [1790445320.282258422, 1790444354.799958487]: We are receiving imu data (buffer=1000), but cannot interpolate imu transform at time 1790444354.758925. IMU won't be added to graph.[0m
[33m[ WARN] [1790445324.480630479, 1790444358.998149166]: We are receiving imu data (buffer=1000), but cannot interpolate imu transform at time 1790444358.967968. IMU won't be added to graph.[0m
[33m[ WARN] (2026-09-26 13:55:18.441) Memory.cpp:3200::computeTransform() Missing visual features or missing raw data to compute them. Transform cannot be estimated.[0m
[0m[ INFO] [1790445318.613985206, 1790444353.124570026]: rtabmap (747): Rate=1.00s, Limit=0.000s, Conversion=0.0009s, RTAB-Map=0.3299s, Maps update=0.0008s pub=0.0001s (local map=568, WM=568)[0m
[33m[ WARN] (2026-09-26 13:55:19.454) Memory.cpp:3200::computeTransform() Missing visual features or missing raw data to compute them. Transform cannot be estimated.[0m
[0m[ INFO] [1790445319.627874274, 1790444354.143606350]: rtabmap (748): Rate=1.00s, Limit=0.000s, Conversion=0.0014s, RTAB-Map=0.3395s, Maps update=0.0007s pub=0.0001s (local map=569, WM=569)[0m
[33m[ WARN] (2026-09-26 13:55:20.282) Transform.cpp:557::getTransform() No transform found for stamp 1790444354.758925! Latest is 1790444354.753419[0m
[33m[ WARN] (2026-09-26 13:55:20.457) Memory.cpp:3200::computeTransform() Missing visual features or missing raw data to compute them. Transform cannot be estimated.[0m
[0m[ INFO] [1790445320.556676180, 1790444355.071886906]: rtabmap (749): Rate=1.00s, Limit=0.000s, Conversion=0.0014s, RTAB-Map=0.2731s, Maps update=0.0009s pub=0.0001s (local map=570, WM=570)[0m
[33m[ WARN] (2026-09-26 13:55:21.568) Memory.cpp:3200::computeTransform() Missing visual features or missing raw data to compute them. Transform cannot be estimated.[0m
[0m[ INFO] [1790445321.738114359, 1790444356.250221339]: rtabmap (750): Rate=1.00s, Limit=0.000s, Conversion=0.0013s, RTAB-Map=0.3487s, Maps update=0.0008s pub=0.0001s (local map=571, WM=571)[0m
[33m[ WARN] (2026-09-26 13:55:22.683) Memory.cpp:3200::computeTransform() Missing visual features or missing raw data to compute them. Transform cannot be estimated.[0m
[0m[ INFO] [1790445322.844479916, 1790444357.355754504]: rtabmap (751): Rate=1.00s, Limit=0.000s, Conversion=0.0013s, RTAB-Map=0.3545s, Maps update=0.0007s pub=0.0001s (local map=572, WM=572)[0m
[33m[ WARN] (2026-09-26 13:55:23.683) Memory.cpp:3200::computeTransform() Missing visual features or missing raw data to compute them. Transform cannot be estimated.[0m
[0m[ INFO] [1790445323.848872209, 1790444358.363326670]: rtabmap (752): Rate=1.00s, Limit=0.000s, Conversion=0.0008s, RTAB-Map=0.3240s, Maps update=0.0006s pub=0.0001s (local map=573, WM=573)[0m
[33m[ WARN] (2026-09-26 13:55:24.480) Transform.cpp:557::getTransform() No transform found for stamp 1790444358.967968! Latest is 1790444358.950498[0m
[33m[ WARN] (2026-09-26 13:55:24.655) Memory.cpp:3200::computeTransform() Missing visual features or missing raw data to compute them. Transform cannot be estimated.[0m
[0m[ INFO] [1790445324.757092450, 1790444359.269891918]: rtabmap (753): Rate=1.00s, Limit=0.000s, Conversion=0.0011s, RTAB-Map=0.2752s, Maps update=0.0008s pub=0.0001s (local map=574, WM=574)[0m
[33m[ WARN] (2026-09-26 13:55:25.748) Memory.cpp:3200::computeTransform() Missing visual features or missing raw data to compute them. Transform cannot be estimated.[0m
[0m[ INFO] [1790445325.932408226, 1790444360.441538374]: rtabmap (754): Rate=1.00s, Limit=0.000s, Conversion=0.0009s, RTAB-Map=0.3427s, Maps update=0.0011s pub=0.0001s (local map=575, WM=575)[0m
[33m[ WARN] (2026-09-26 13:55:26.868) Memory.cpp:3200::computeTransform() Missing visual features or missing raw data to compute them. Transform cannot be estimated.[0m
[0m[ INFO] [1790445327.027597118, 1790444361.545194494]: rtabmap (755): Rate=1.00s, Limit=0.000s, Conversion=0.0013s, RTAB-Map=0.3384s, Maps update=0.0007s pub=0.0001s (local map=576, WM=576)[0m
[33m[ WARN] (2026-09-26 13:55:27.975) Memory.cpp:3200::computeTransform() Missing visual features or missing raw data to compute them. Transform cannot be estimated.[0m
[0m[ INFO] [1790445328.143621531, 1790444362.660167439]: rtabmap (756): Rate=1.00s, Limit=0.000s, Conversion=0.0014s, RTAB-Map=0.3469s, Maps update=0.0006s pub=0.0001s (local map=577, WM=577)[0m
[33m[ WARN] (2026-09-26 13:55:28.973) Memory.cpp:3200::computeTransform() Missing visual features or missing raw data to compute them. Transform cannot be estimated.[0m
[0m[ INFO] [1790445329.214742961, 1790444363.729772789]: rtabmap (757): Rate=1.00s, Limit=0.000s, Conversion=0.0008s, RTAB-Map=0.4015s, Maps update=0.0009s pub=0.0001s (local map=578, WM=578)[0m
[33m[ WARN] (2026-09-26 13:55:30.074) Memory.cpp:3200::computeTransform() Missing visual features or missing raw data to compute them. Transform cannot be estimated.[0m
[0m[ INFO] [1790445330.242739987, 1790444364.760860537]: rtabmap (758): Rate=1.00s, Limit=0.000s, Conversion=0.0012s, RTAB-Map=0.3491s, Maps update=0.0007s pub=0.0001s (local map=579, WM=579)[0m
[33m[ WARN] (2026-09-26 13:55:31.053) Memory.cpp:3200::computeTransform() Missing visual features or missing raw data to compute them. Transform cannot be estimated.[0m
[0m[ INFO] [1790445331.233231519, 1790444365.750760671]: rtabmap (759): Rate=1.00s, Limit=0.000s, Conversion=0.0010s, RTAB-Map=0.3426s, Maps update=0.0011s pub=0.0001s (local map=580, WM=580)[0m
[33m[ WARN] (2026-09-26 13:55:32.177) Memory.cpp:3200::computeTransform() Missing visual features or missing raw data to compute them. Transform cannot be estimated.[0m
[0m[ INFO] [1790445332.353882029, 1790444366.872991262]: rtabmap (760): Rate=1.00s, Limit=0.000s, Conversion=0.0014s, RTAB-Map=0.3537s, Maps update=0.0008s pub=0.0001s (local map=581, WM=581)[0m
[33m[ WARN] (2026-09-26 13:55:33.289) Memory.cpp:3200::computeTransform() Missing visual features or missing raw data to compute them. Transform cannot be estimated.[0m
[0m[ INFO] [1790445333.488892855, 1790444368.008340779]: rtabmap (761): Rate=1.00s, Limit=0.000s, Conversion=0.0013s, RTAB-Map=0.3674s, Maps update=0.0007s pub=0.0001s (local map=582, WM=582)[0m
[33m[ WARN] (2026-09-26 13:55:34.278) Memory.cpp:3200::computeTransform() Missing visual features or missing raw data to compute them. Transform cannot be estimated.[0m
[0m[ INFO] [1790445334.494740361, 1790444369.007658390]: rtabmap (762): Rate=1.00s, Limit=0.000s, Conversion=0.0012s, RTAB-Map=0.3973s, Maps update=0.0009s pub=0.0001s (local map=583, WM=583)[0m
[33m[ WARN] (2026-09-26 13:55:35.407) Memory.cpp:3200::computeTransform() Missing visual features or missing raw data to compute them. Transform cannot be estimated.[0m
[0m[ INFO] [1790445335.588848054, 1790444370.105310730]: rtabmap (763): Rate=1.00s, Limit=0.000s, Conversion=0.0014s, RTAB-Map=0.3710s, Maps update=0.0008s pub=0.0001s (local map=584, WM=584)[0m
Warning: TF_REPEATED_DATA ignoring data with redundant timestamp for frame odom (parent map) at time 1790444370.749712 according to authority unknown_publisher
         at line 278 in /tmp/binarydeb/ros-noetic-tf2-0.7.7/src/buffer_core.cpp
[33m[ WARN] [1790445336.135063956, 1790444370.649711700]: TF_REPEATED_DATA ignoring data with redundant timestamp for frame odom (parent map) at time 1790444370.749712 according to authority unknown_publisher[0m
Warning: TF_REPEATED_DATA ignoring data with redundant timestamp for frame odom (parent map) at time 1790444370.749712 according to authority /rtabmap/rtabmap
         at line 278 in /tmp/binarydeb/ros-noetic-tf2-0.7.7/src/buffer_core.cpp
[33m[ WARN] [1790445346.880851372, 1790444381.397956007]: We are receiving imu data (buffer=1000), but cannot interpolate imu transform at time 1790444381.367733. IMU won't be added to graph.[0m
[33m[ WARN] (2026-09-26 13:55:36.565) Memory.cpp:3200::computeTransform() Missing visual features or missing raw data to compute them. Transform cannot be estimated.[0m
[0m[ INFO] [1790445336.759758212, 1790444371.276377785]: rtabmap (764): Rate=1.00s, Limit=0.000s, Conversion=0.0014s, RTAB-Map=0.3707s, Maps update=0.0007s pub=0.0001s (local map=585, WM=585)[0m
[33m[ WARN] (2026-09-26 13:55:37.572) Memory.cpp:3200::computeTransform() Missing visual features or missing raw data to compute them. Transform cannot be estimated.[0m
[0m[ INFO] [1790445337.750084493, 1790444372.265772408]: rtabmap (765): Rate=1.00s, Limit=0.000s, Conversion=0.0013s, RTAB-Map=0.3521s, Maps update=0.0013s pub=0.0001s (local map=586, WM=586)[0m
[33m[ WARN] (2026-09-26 13:55:38.688) Memory.cpp:3200::computeTransform() Missing visual features or missing raw data to compute them. Transform cannot be estimated.[0m
[0m[ INFO] [1790445338.885402009, 1790444373.399647060]: rtabmap (766): Rate=1.00s, Limit=0.000s, Conversion=0.0008s, RTAB-Map=0.3754s, Maps update=0.0010s pub=0.0001s (local map=587, WM=587)[0m
[33m[ WARN] (2026-09-26 13:55:39.669) Memory.cpp:3200::computeTransform() Missing visual features or missing raw data to compute them. Transform cannot be estimated.[0m
[0m[ INFO] [1790445339.856118893, 1790444374.370273223]: rtabmap (767): Rate=1.00s, Limit=0.000s, Conversion=0.0009s, RTAB-Map=0.3563s, Maps update=0.0009s pub=0.0001s (local map=588, WM=588)[0m
[33m[ WARN] (2026-09-26 13:55:40.769) Memory.cpp:3200::computeTransform() Missing visual features or missing raw data to compute them. Transform cannot be estimated.[0m
[0m[ INFO] [1790445340.948927499, 1790444375.464949178]: rtabmap (768): Rate=1.00s, Limit=0.000s, Conversion=0.0009s, RTAB-Map=0.3571s, Maps update=0.0007s pub=0.0001s (local map=589, WM=589)[0m
[33m[ WARN] (2026-09-26 13:55:41.767) Memory.cpp:3200::computeTransform() Missing visual features or missing raw data to compute them. Transform cannot be estimated.[0m
[0m[ INFO] [1790445341.951426359, 1790444376.463981441]: rtabmap (769): Rate=1.00s, Limit=0.000s, Conversion=0.0014s, RTAB-Map=0.3513s, Maps update=0.0009s pub=0.0001s (local map=590, WM=590)[0m
[33m[ WARN] (2026-09-26 13:55:42.775) Memory.cpp:3200::computeTransform() Missing visual features or missing raw data to compute them. Transform cannot be estimated.[0m
[0m[ INFO] [1790445342.982321143, 1790444377.497376123]: rtabmap (770): Rate=1.00s, Limit=0.000s, Conversion=0.0009s, RTAB-Map=0.3690s, Maps update=0.0010s pub=0.0001s (local map=591, WM=591)[0m
[33m[ WARN] (2026-09-26 13:55:43.865) Memory.cpp:3200::computeTransform() Missing visual features or missing raw data to compute them. Transform cannot be estimated.[0m
[0m[ INFO] [1790445344.051612662, 1790444378.561608483]: rtabmap (771): Rate=1.00s, Limit=0.000s, Conversion=0.0011s, RTAB-Map=0.3460s, Maps update=0.0010s pub=0.0001s (local map=592, WM=592)[0m
[33m[ WARN] (2026-09-26 13:55:44.960) Memory.cpp:3200::computeTransform() Missing visual features or missing raw data to compute them. Transform cannot be estimated.[0m
[0m[ INFO] [1790445345.134142340, 1790444379.650772153]: rtabmap (772): Rate=1.00s, Limit=0.000s, Conversion=0.0011s, RTAB-Map=0.3384s, Maps update=0.0008s pub=0.0001s (local map=593, WM=593)[0m
[33m[ WARN] (2026-09-26 13:55:45.963) Memory.cpp:3200::computeTransform() Missing visual features or missing raw data to compute them. Transform cannot be estimated.[0m
[0m[ INFO] [1790445346.140109429, 1790444380.650961804]: rtabmap (773): Rate=1.00s, Limit=0.000s, Conversion=0.0011s, RTAB-Map=0.3348s, Maps update=0.0009s pub=0.0001s (local map=594, WM=594)[0m
[33m[ WARN] (2026-09-26 13:55:46.880) Transform.cpp:557::getTransform() No transform found for stamp 1790444381.367733! Latest is 1790444381.346469[0m
[33m[ WARN] (2026-09-26 13:55:47.054) Memory.cpp:3200::computeTransform() Missing visual features or missing raw data to compute them. Transform cannot be estimated.[0m
[0m[ INFO] [1790445347.146710700, 1790444381.660946568]: rtabmap (774): Rate=1.00s, Limit=0.000s, Conversion=0.0018s, RTAB-Map=0.2645s, Maps update=0.0010s pub=0.0001s (local map=595, WM=595)[0m
[33m[ WARN] (2026-09-26 13:55:48.284) Memory.cpp:3200::computeTransform() Missing visual features or missing raw data to compute them. Transform cannot be estimated.[0m
[0m[ INFO] [1790445348.451455169, 1790444382.963936553]: rtabmap (775): Rate=1.00s, Limit=0.000s, Conversion=0.0015s, RTAB-Map=0.3447s, Maps update=0.0007s pub=0.0001s (local map=596, WM=596)[0m
[33m[ WARN] (2026-09-26 13:55:49.277) Memory.cpp:3200::computeTransform() Missing visual features or missing raw data to compute them. Transform cannot be estimated.[0m
[0m[ INFO] [1790445349.459924428, 1790444383.973414303]: rtabmap (776): Rate=1.00s, Limit=0.000s, Conversion=0.0014s, RTAB-Map=0.3540s, Maps update=0.0008s pub=0.0001s (local map=597, WM=597)[0m
[33m[ WARN] (2026-09-26 13:55:50.271) Memory.cpp:3200::computeTransform() Missing visual features or missing raw data to compute them. Transform cannot be estimated.[0m
[0m[ INFO] [1790445350.461528045, 1790444384.972216962]: rtabmap (777): Rate=1.00s, Limit=0.000s, Conversion=0.0020s, RTAB-Map=0.3593s, Maps update=0.0008s pub=0.0001s (local map=598, WM=598)[0m
[33m[ WARN] (2026-09-26 13:55:51.412) Memory.cpp:3200::computeTransform() Missing visual features or missing raw data to compute them. Transform cannot be estimated.[0m
[0m[ INFO] [1790445351.603412316, 1790444386.122906385]: rtabmap (778): Rate=1.00s, Limit=0.000s, Conversion=0.0015s, RTAB-Map=0.3656s, Maps update=0.0008s pub=0.0001s (local map=599, WM=599)[0m
[33m[ WARN] (2026-09-26 13:55:52.571) Memory.cpp:3200::computeTransform() Missing visual features or missing raw data to compute them. Transform cannot be estimated.[0m
[0m[ INFO] [1790445352.772190831, 1790444387.285242878]: rtabmap (779): Rate=1.00s, Limit=0.000s, Conversion=0.0012s, RTAB-Map=0.3704s, Maps update=0.0009s pub=0.0001s (local map=600, WM=600)[0m
[33m[ WARN] (2026-09-26 13:55:53.604) Memory.cpp:3200::computeTransform() Missing visual features or missing raw data to compute them. Transform cannot be estimated.[0m
[0m[ INFO] [1790445353.814884332, 1790444388.332272970]: rtabmap (780): Rate=1.00s, Limit=0.000s, Conversion=0.0013s, RTAB-Map=0.4092s, Maps update=0.0007s pub=0.0001s (local map=601, WM=601)[0m
[33m[ WARN] (2026-09-26 13:55:54.584) Memory.cpp:3200::computeTransform() Missing visual features or missing raw data to compute them. Transform cannot be estimated.[0m
[0m[ INFO] [1790445354.808794105, 1790444389.324331938]: rtabmap (781): Rate=1.00s, Limit=0.000s, Conversion=0.0013s, RTAB-Map=0.4152s, Maps update=0.0008s pub=0.0001s (local map=602, WM=602)[0m
Warning: TF_REPEATED_DATA ignoring data with redundant timestamp for frame odom (parent map) at time 1790444389.577350 according to authority unknown_publisher
         at line 278 in [33m[ WARN] [1790445354.958251403, 1790444389.324331938]: TF_REPEATED_DATA ignoring data with redundant timestamp for frame odom (parent map) at time 1790444389.577350 according to authority unknown_publisher[0m
/tmp/binarydeb/ros-noetic-tf2-0.7.7/src/buffer_core.cpp
Warning: TF_REPEATED_DATA ignoring data with redundant timestamp for frame odom (parent map) at time 1790444389.577350 according to authority /rtabmap/rtabmap
         at line 278 in /tmp/binarydeb/ros-noetic-tf2-0.7.7/src/buffer_core.cpp
[33m[ WARN] (2026-09-26 13:55:55.786) Memory.cpp:3200::computeTransform() Missing visual features or missing raw data to compute them. Transform cannot be estimated.[0m
[0m[ INFO] [1790445356.042933230, 1790444390.556525603]: rtabmap (782): Rate=1.00s, Limit=0.000s, Conversion=0.0014s, RTAB-Map=0.4495s, Maps update=0.0011s pub=0.0002s (local map=603, WM=603)[0m
[33m[ WARN] (2026-09-26 13:55:56.861) Memory.cpp:3200::computeTransform() Missing visual features or missing raw data to compute them. Transform cannot be estimated.[0m
[0m[ INFO] [1790445357.061488101, 1790444391.576845837]: rtabmap (783): Rate=1.00s, Limit=0.000s, Conversion=0.0012s, RTAB-Map=0.3745s, Maps update=0.0008s pub=0.0001s (local map=604, WM=604)[0m
[33m[ WARN] (2026-09-26 13:55:57.875) Memory.cpp:3200::computeTransform() Missing visual features or missing raw data to compute them. Transform cannot be estimated.[0m
[0m[ INFO] [1790445358.115426331, 1790444392.625845262]: rtabmap (784): Rate=1.00s, Limit=0.000s, Conversion=0.0013s, RTAB-Map=0.4241s, Maps update=0.0008s pub=0.0001s (local map=605, WM=605)[0m
[33m[ WARN] (2026-09-26 13:55:58.877) Memory.cpp:3200::computeTransform() Missing visual features or missing raw data to compute them. Transform cannot be estimated.[0m
[0m[ INFO] [1790445359.128680120, 1790444393.646281144]: rtabmap (785): Rate=1.00s, Limit=0.000s, Conversion=0.0008s, RTAB-Map=0.4237s, Maps update=0.0007s pub=0.0001s (local map=606, WM=606)[0m
[33m[ WARN] (2026-09-26 13:55:59.987) Memory.cpp:3200::computeTransform() Missing visual features or missing raw data to compute them. Transform cannot be estimated.[0m
[33m[ WARN] (2026-09-26 13:55:59.988) Memory.cpp:3200::computeTransform() Missing visual features or missing raw data to compute them. Transform cannot be estimated.[0m
[0m[ INFO] [1790445360.265221932, 1790444394.781770849]: rtabmap (786): Rate=1.00s, Limit=0.000s, Conversion=0.0009s, RTAB-Map=0.4557s, Maps update=0.0012s pub=0.0001s (local map=607, WM=607)[0m
[33m[ WARN] (2026-09-26 13:56:00.963) Memory.cpp:3200::computeTransform() Missing visual features or missing raw data to compute them. Transform cannot be estimated.[0m
[33m[ WARN] (2026-09-26 13:56:00.963) Memory.cpp:3200::computeTransform() Missing visual features or missing raw data to compute them. Transform cannot be estimated.[0m
[0m[ INFO] [1790445361.211347890, 1790444395.721937830]: rtabmap (787): Rate=1.00s, Limit=0.000s, Conversion=0.0009s, RTAB-Map=0.4119s, Maps update=0.0010s pub=0.0001s (local map=608, WM=608)[0m
[33m[ WARN] (2026-09-26 13:56:01.961) Memory.cpp:3200::computeTransform() Missing visual features or missing raw data to compute them. Transform cannot be estimated.[0m
[33m[ WARN] (2026-09-26 13:56:01.961) Memory.cpp:3200::computeTransform() Missing visual features or missing raw data to compute them. Transform cannot be estimated.[0m
[0m[ INFO] [1790445362.203709612, 1790444396.722151573]: rtabmap (788): Rate=1.00s, Limit=0.000s, Conversion=0.0010s, RTAB-Map=0.4111s, Maps update=0.0009s pub=0.0001s (local map=609, WM=609)[0m
[33m[ WARN] (2026-09-26 13:56:03.057) Memory.cpp:3200::computeTransform() Missing visual features or missing raw data to compute them. Transform cannot be estimated.[0m
[33m[ WARN] (2026-09-26 13:56:03.058) Memory.cpp:3200::computeTransform() Missing visual features or missing raw data to compute them. Transform cannot be estimated.[0m
[0m[ INFO] [1790445363.294707378, 1790444397.809608373]: rtabmap (789): Rate=1.00s, Limit=0.000s, Conversion=0.0009s, RTAB-Map=0.3994s, Maps update=0.0008s pub=0.0001s (local map=610, WM=610)[0m
[33m[ WARN] (2026-09-26 13:56:04.177) Memory.cpp:3200::computeTransform() Missing visual features or missing raw data to compute them. Transform cannot be estimated.[0m
[33m[ WARN] (2026-09-26 13:56:04.177) Memory.cpp:3200::computeTransform() Missing visual features or missing raw data to compute them. Transform cannot be estimated.[0m
[0m[ INFO] [1790445364.424184025, 1790444398.940441034]: rtabmap (790): Rate=1.00s, Limit=0.000s, Conversion=0.0014s, RTAB-Map=0.4279s, Maps update=0.0009s pub=0.0001s (local map=611, WM=611)[0m
[33m[ WARN] (2026-09-26 13:56:05.160) Memory.cpp:3200::computeTransform() Missing visual features or missing raw data to compute them. Transform cannot be estimated.[0m
[33m[ WARN] (2026-09-26 13:56:05.160) Memory.cpp:3200::computeTransform() Missing visual features or missing raw data to compute them. Transform cannot be estimated.[0m
[0m[ INFO] [1790445365.408274905, 1790444399.924505706]: rtabmap (791): Rate=1.00s, Limit=0.000s, Conversion=0.0010s, RTAB-Map=0.4145s, Maps update=0.0010s pub=0.0001s (local map=612, WM=612)[0m
[33m[ WARN] (2026-09-26 13:56:06.178) Memory.cpp:3200::computeTransform() Missing visual features or missing raw data to compute them. Transform cannot be estimated.[0m
[33m[ WARN] (2026-09-26 13:56:06.178) Memory.cpp:3200::computeTransform() Missing visual features or missing raw data to compute them. Transform cannot be estimated.[0m
[0m[ INFO] [1790445366.432106951, 1790444400.942585338]: rtabmap (792): Rate=1.00s, Limit=0.000s, Conversion=0.0013s, RTAB-Map=0.4338s, Maps update=0.0013s pub=0.0001s (local map=612, WM=612)[0m
[33m[ WARN] (2026-09-26 13:56:07.290) Memory.cpp:3200::computeTransform() Missing visual features or missing raw data to compute them. Transform cannot be estimated.[0m
[33m[ WARN] (2026-09-26 13:56:07.290) Memory.cpp:3200::computeTransform() Missing visual features or missing raw data to compute them. Transform cannot be estimated.[0m
[0m[ INFO] [1790445367.498268352, 1790444402.012241688]: rtabmap (793): Rate=1.00s, Limit=0.000s, Conversion=0.0013s, RTAB-Map=0.3847s, Maps update=0.0009s pub=0.0001s (local map=612, WM=612)[0m
[33m[ WARN] (2026-09-26 13:56:08.376) Memory.cpp:3200::computeTransform() Missing visual features or missing raw data to compute them. Transform cannot be estimated.[0m
[33m[ WARN] (2026-09-26 13:56:08.376) Memory.cpp:3200::computeTransform() Missing visual features or missing raw data to compute them. Transform cannot be estimated.[0m
[0m[ INFO] [1790445368.601564650, 1790444403.113411179]: rtabmap (794): Rate=1.00s, Limit=0.000s, Conversion=0.0014s, RTAB-Map=0.3917s, Maps update=0.0010s pub=0.0001s (local map=612, WM=612)[0m
[33m[ WARN] (2026-09-26 13:56:09.467) Memory.cpp:3200::computeTransform() Missing visual features or missing raw data to compute them. Transform cannot be estimated.[0m
[33m[ WARN] (2026-09-26 13:56:09.468) Memory.cpp:3200::computeTransform() Missing visual features or missing raw data to compute them. Transform cannot be estimated.[0m
[0m[ INFO] [1790445369.715167587, 1790444404.233593292]: rtabmap (795): Rate=1.00s, Limit=0.000s, Conversion=0.0009s, RTAB-Map=0.4152s, Maps update=0.0011s pub=0.0001s (local map=613, WM=613)[0m
[33m[ WARN] (2026-09-26 13:56:10.470) Memory.cpp:3200::computeTransform() Missing visual features or missing raw data to compute them. Transform cannot be estimated.[0m
[33m[ WARN] (2026-09-26 13:56:10.470) Memory.cpp:3200::computeTransform() Missing visual features or missing raw data to compute them. Transform cannot be estimated.[0m
[0m[ INFO] [1790445370.703844820, 1790444405.216838786]: rtabmap (796): Rate=1.00s, Limit=0.000s, Conversion=0.0010s, RTAB-Map=0.4097s, Maps update=0.0007s pub=0.0001s (local map=614, WM=614)[0m
[33m[ WARN] (2026-09-26 13:56:11.497) Memory.cpp:3200::computeTransform() Missing visual features or missing raw data to compute them. Transform cannot be estimated.[0m
[33m[ WARN] (2026-09-26 13:56:11.497) Memory.cpp:3200::computeTransform() Missing visual features or missing raw data to compute them. Transform cannot be estimated.[0m
[0m[ INFO] [1790445371.749532174, 1790444406.263880683]: rtabmap (797): Rate=1.00s, Limit=0.000s, Conversion=0.0014s, RTAB-Map=0.4405s, Maps update=0.0008s pub=0.0001s (local map=615, WM=615)[0m
[33m[ WARN] (2026-09-26 13:56:12.463) Memory.cpp:3200::computeTransform() Missing visual features or missing raw data to compute them. Transform cannot be estimated.[0m
[33m[ WARN] (2026-09-26 13:56:12.464) Memory.cpp:3200::computeTransform() Missing visual features or missing raw data to compute them. Transform cannot be estimated.[0m
[0m[ INFO] [1790445372.694772904, 1790444407.211390269]: rtabmap (798): Rate=1.00s, Limit=0.000s, Conversion=0.0009s, RTAB-Map=0.3990s, Maps update=0.0011s pub=0.0001s (local map=616, WM=616)[0m
[33m[ WARN] (2026-09-26 13:56:13.565) Memory.cpp:3200::computeTransform() Missing visual features or missing raw data to compute them. Transform cannot be estimated.[0m
[33m[ WARN] (2026-09-26 13:56:13.565) Memory.cpp:3200::computeTransform() Missing visual features or missing raw data to compute them. Transform cannot be estimated.[0m
[0m[ INFO] [1790445373.821092618, 1790444408.336027757]: rtabmap (799): Rate=1.00s, Limit=0.000s, Conversion=0.0009s, RTAB-Map=0.4246s, Maps update=0.0009s pub=0.0001s (local map=617, WM=617)[0m
Warning: TF_REPEATED_DATA ignoring data with redundant timestamp for frame odom (parent map) at time 1790444408.590278 according to authority unknown_publisher
         at line 278 in /tmp/binarydeb/ros-noetic-tf2-0.7.7/src/buffer_core.cpp
[33m[ WARN] [1790445373.972169870, 1790444408.490278259]: TF_REPEATED_DATA ignoring data with redundant timestamp for frame odom (parent map) at time 1790444408.590278 according to authority unknown_publisher[0m
Warning: TF_REPEATED_DATA ignoring data with redundant timestamp for frame odom (parent map) at time 1790444408.590278 according to authority /rtabmap/rtabmap
         at line 278 in /tmp/binarydeb/ros-noetic-tf2-0.7.7/src/buffer_core.cpp
[33m[ WARN] [1790445378.592753493, 1790444413.104802617]: We are receiving imu data (buffer=1000), but cannot interpolate imu transform at time 1790444413.064526. IMU won't be added to graph.[0m
[33m[ WARN] [1790445379.686115761, 1790444414.196749318]: We are receiving imu data (buffer=1000), but cannot interpolate imu transform at time 1790444414.156469. IMU won't be added to graph.[0m
[33m[ WARN] (2026-09-26 13:56:14.633) Memory.cpp:3200::computeTransform() Missing visual features or missing raw data to compute them. Transform cannot be estimated.[0m
[33m[ WARN] (2026-09-26 13:56:14.633) Memory.cpp:3200::computeTransform() Missing visual features or missing raw data to compute them. Transform cannot be estimated.[0m
[0m[ INFO] [1790445374.875062781, 1790444409.390328484]: rtabmap (800): Rate=1.00s, Limit=0.000s, Conversion=0.0014s, RTAB-Map=0.4451s, Maps update=0.0010s pub=0.0001s (local map=617, WM=617)[0m
[33m[ WARN] (2026-09-26 13:56:15.653) Memory.cpp:3200::computeTransform() Missing visual features or missing raw data to compute them. Transform cannot be estimated.[0m
[33m[ WARN] (2026-09-26 13:56:15.653) Memory.cpp:3200::computeTransform() Missing visual features or missing raw data to compute them. Transform cannot be estimated.[0m
[0m[ INFO] [1790445375.857233542, 1790444410.369158601]: rtabmap (801): Rate=1.00s, Limit=0.000s, Conversion=0.0009s, RTAB-Map=0.3762s, Maps update=0.0008s pub=0.0001s (local map=617, WM=617)[0m
[33m[ WARN] (2026-09-26 13:56:16.680) Memory.cpp:3200::computeTransform() Missing visual features or missing raw data to compute them. Transform cannot be estimated.[0m
[33m[ WARN] (2026-09-26 13:56:16.681) Memory.cpp:3200::computeTransform() Missing visual features or missing raw data to compute them. Transform cannot be estimated.[0m
[0m[ INFO] [1790445376.902784317, 1790444411.420221564]: rtabmap (802): Rate=1.00s, Limit=0.000s, Conversion=0.0014s, RTAB-Map=0.4072s, Maps update=0.0009s pub=0.0001s (local map=617, WM=617)[0m
[33m[ WARN] (2026-09-26 13:56:17.791) Memory.cpp:3200::computeTransform() Missing visual features or missing raw data to compute them. Transform cannot be estimated.[0m
[33m[ WARN] (2026-09-26 13:56:17.791) Memory.cpp:3200::computeTransform() Missing visual features or missing raw data to compute them. Transform cannot be estimated.[0m
[0m[ INFO] [1790445378.014119837, 1790444412.531316952]: rtabmap (803): Rate=1.00s, Limit=0.000s, Conversion=0.0013s, RTAB-Map=0.4129s, Maps update=0.0010s pub=0.0001s (local map=617, WM=617)[0m
[33m[ WARN] (2026-09-26 13:56:18.592) Transform.cpp:557::getTransform() No transform found for stamp 1790444413.064526! Latest is 1790444413.064096[0m
[33m[ WARN] (2026-09-26 13:56:18.780) Memory.cpp:3200::computeTransform() Missing visual features or missing raw data to compute them. Transform cannot be estimated.[0m
[33m[ WARN] (2026-09-26 13:56:18.781) Memory.cpp:3200::computeTransform() Missing visual features or missing raw data to compute them. Transform cannot be estimated.[0m
[0m[ INFO] [1790445378.915067894, 1790444413.428970318]: rtabmap (804): Rate=1.00s, Limit=0.000s, Conversion=0.0018s, RTAB-Map=0.3208s, Maps update=0.0010s pub=0.0001s (local map=617, WM=617)[0m
[33m[ WARN] (2026-09-26 13:56:19.685) Transform.cpp:557::getTransform() No transform found for stamp 1790444414.156469! Latest is 1790444414.151408[0m
[33m[ WARN] (2026-09-26 13:56:19.876) Memory.cpp:3200::computeTransform() Missing visual features or missing raw data to compute them. Transform cannot be estimated.[0m
[33m[ WARN] (2026-09-26 13:56:19.877) Memory.cpp:3200::computeTransform() Missing visual features or missing raw data to compute them. Transform cannot be estimated.[0m
[0m[ INFO] [1790445380.007731947, 1790444414.518833092]: rtabmap (805): Rate=1.00s, Limit=0.000s, Conversion=0.0017s, RTAB-Map=0.3202s, Maps update=0.0010s pub=0.0001s (local map=617, WM=617)[0m
[33m[ WARN] (2026-09-26 13:56:20.976) Memory.cpp:3200::computeTransform() Missing visual features or missing raw data to compute them. Transform cannot be estimated.[0m
[33m[ WARN] (2026-09-26 13:56:20.977) Memory.cpp:3200::computeTransform() Missing visual features or missing raw data to compute them. Transform cannot be estimated.[0m
[0m[ INFO] [1790445381.203250137, 1790444415.713575434]: rtabmap (806): Rate=1.00s, Limit=0.000s, Conversion=0.0014s, RTAB-Map=0.4132s, Maps update=0.0010s pub=0.0001s (local map=617, WM=617)[0m
[33m[ WARN] (2026-09-26 13:56:22.079) Memory.cpp:3200::computeTransform() Missing visual features or missing raw data to compute them. Transform cannot be estimated.[0m
[33m[ WARN] (2026-09-26 13:56:22.079) Memory.cpp:3200::computeTransform() Missing visual features or missing raw data to compute them. Transform cannot be estimated.[0m
[0m[ INFO] [1790445382.321334784, 1790444416.836203010]: rtabmap (807): Rate=1.00s, Limit=0.000s, Conversion=0.0014s, RTAB-Map=0.4297s, Maps update=0.0009s pub=0.0001s (local map=617, WM=617)[0m
[33m[ WARN] (2026-09-26 13:56:23.084) Memory.cpp:3200::computeTransform() Missing visual features or missing raw data to compute them. Transform cannot be estimated.[0m
[33m[ WARN] (2026-09-26 13:56:23.084) Memory.cpp:3200::computeTransform() Missing visual features or missing raw data to compute them. Transform cannot be estimated.[0m
[0m[ INFO] [1790445383.323178845, 1790444417.839966708]: rtabmap (808): Rate=1.00s, Limit=0.000s, Conversion=0.0008s, RTAB-Map=0.4137s, Maps update=0.0012s pub=0.0001s (local map=617, WM=617)[0m
[33m[ WARN] (2026-09-26 13:56:24.176) Memory.cpp:3200::computeTransform() Missing visual features or missing raw data to compute them. Transform cannot be estimated.[0m
[33m[ WARN] (2026-09-26 13:56:24.177) Memory.cpp:3200::computeTransform() Missing visual features or missing raw data to compute them. Transform cannot be estimated.[0m
[0m[ INFO] [1790445384.395061936, 1790444418.911080542]: rtabmap (809): Rate=1.00s, Limit=0.000s, Conversion=0.0013s, RTAB-Map=0.3972s, Maps update=0.0011s pub=0.0001s (local map=617, WM=617)[0m
[33m[ WARN] (2026-09-26 13:56:25.187) Memory.cpp:3200::computeTransform() Missing visual features or missing raw data to compute them. Transform cannot be estimated.[0m
[33m[ WARN] (2026-09-26 13:56:25.187) Memory.cpp:3200::computeTransform() Missing visual features or missing raw data to compute them. Transform cannot be estimated.[0m
[0m[ INFO] [1790445385.441683889, 1790444419.959970104]: rtabmap (810): Rate=1.00s, Limit=0.000s, Conversion=0.0008s, RTAB-Map=0.4433s, Maps update=0.0010s pub=0.0001s (local map=617, WM=617)[0m
[33m[ WARN] (2026-09-26 13:56:26.295) Memory.cpp:3200::computeTransform() Missing visual features or missing raw data to compute them. Transform cannot be estimated.[0m
[33m[ WARN] (2026-09-26 13:56:26.295) Memory.cpp:3200::computeTransform() Missing visual features or missing raw data to compute them. Transform cannot be estimated.[0m
[0m[ INFO] [1790445386.507035740, 1790444421.018940447]: rtabmap (811): Rate=1.00s, Limit=0.000s, Conversion=0.0013s, RTAB-Map=0.3814s, Maps update=0.0009s pub=0.0001s (local map=617, WM=617)[0m
[33m[ WARN] (2026-09-26 13:56:27.266) Memory.cpp:3200::computeTransform() Missing visual features or missing raw data to compute them. Transform cannot be estimated.[0m
[33m[ WARN] (2026-09-26 13:56:27.266) Memory.cpp:3200::computeTransform() Missing visual features or missing raw data to compute them. Transform cannot be estimated.[0m
[0m[ INFO] [1790445387.488120024, 1790444422.002009263]: rtabmap (812): Rate=1.00s, Limit=0.000s, Conversion=0.0010s, RTAB-Map=0.4007s, Maps update=0.0009s pub=0.0001s (local map=617, WM=617)[0m
[33m[ WARN] (2026-09-26 13:56:28.396) Memory.cpp:3200::computeTransform() Missing visual features or missing raw data to compute them. Transform cannot be estimated.[0m
[33m[ WARN] (2026-09-26 13:56:28.396) Memory.cpp:3200::computeTransform() Missing visual features or missing raw data to compute them. Transform cannot be estimated.[0m
[0m[ INFO] [1790445388.619754928, 1790444423.133682505]: rtabmap (813): Rate=1.00s, Limit=0.000s, Conversion=0.0014s, RTAB-Map=0.4114s, Maps update=0.0008s pub=0.0001s (local map=617, WM=617)[0m
[33m[ WARN] (2026-09-26 13:56:29.382) Memory.cpp:3200::computeTransform() Missing visual features or missing raw data to compute them. Transform cannot be estimated.[0m
[33m[ WARN] (2026-09-26 13:56:29.382) Memory.cpp:3200::computeTransform() Missing visual features or missing raw data to compute them. Tr[33m[ WARN] [1790445394.496828617, 1790444429.008801068]: We are receiving imu data (buffer=1000), but cannot interpolate imu transform at time 1790444428.968503. IMU won't be added to graph.[0m
[33m[ WARN] [1790445402.885330436, 1790444437.400971919]: We are receiving imu data (buffer=1000), but cannot interpolate imu transform at time 1790444437.360691. IMU won't be added to graph.[0m
ansform cannot be estimated.[0m
[0m[ INFO] [1790445389.611720897, 1790444424.125011570]: rtabmap (814): Rate=1.00s, Limit=0.000s, Conversion=0.0014s, RTAB-Map=0.4168s, Maps update=0.0009s pub=0.0001s (local map=617, WM=617)[0m
[33m[ WARN] (2026-09-26 13:56:30.452) Memory.cpp:3200::computeTransform() Missing visual features or missing raw data to compute them. Transform cannot be estimated.[0m
[33m[ WARN] (2026-09-26 13:56:30.453) Memory.cpp:3200::computeTransform() Missing visual features or missing raw data to compute them. Transform cannot be estimated.[0m
[0m[ INFO] [1790445390.695146319, 1790444425.208746020]: rtabmap (815): Rate=1.00s, Limit=0.000s, Conversion=0.0008s, RTAB-Map=0.4111s, Maps update=0.0011s pub=0.0001s (local map=617, WM=617)[0m
[33m[ WARN] (2026-09-26 13:56:31.477) Memory.cpp:3200::computeTransform() Missing visual features or missing raw data to compute them. Transform cannot be estimated.[0m
[33m[ WARN] (2026-09-26 13:56:31.478) Memory.cpp:3200::computeTransform() Missing visual features or missing raw data to compute them. Transform cannot be estimated.[0m
[0m[ INFO] [1790445391.695369913, 1790444426.208999502]: rtabmap (816): Rate=1.00s, Limit=0.000s, Conversion=0.0008s, RTAB-Map=0.3859s, Maps update=0.0012s pub=0.0001s (local map=617, WM=617)[0m
[33m[ WARN] (2026-09-26 13:56:32.588) Memory.cpp:3200::computeTransform() Missing visual features or missing raw data to compute them. Transform cannot be estimated.[0m
[33m[ WARN] (2026-09-26 13:56:32.588) Memory.cpp:3200::computeTransform() Missing visual features or missing raw data to compute them. Transform cannot be estimated.[0m
[0m[ INFO] [1790445392.809566900, 1790444427.319488577]: rtabmap (817): Rate=1.00s, Limit=0.000s, Conversion=0.0009s, RTAB-Map=0.4208s, Maps update=0.0007s pub=0.0001s (local map=617, WM=617)[0m
[33m[ WARN] (2026-09-26 13:56:33.643) Memory.cpp:3200::computeTransform() Missing visual features or missing raw data to compute them. Transform cannot be estimated.[0m
[33m[ WARN] (2026-09-26 13:56:33.644) Memory.cpp:3200::computeTransform() Missing visual features or missing raw data to compute them. Transform cannot be estimated.[0m
[0m[ INFO] [1790445393.862230965, 1790444428.373642162]: rtabmap (818): Rate=1.00s, Limit=0.000s, Conversion=0.0013s, RTAB-Map=0.4125s, Maps update=0.0009s pub=0.0001s (local map=617, WM=617)[0m
[33m[ WARN] (2026-09-26 13:56:34.496) Transform.cpp:557::getTransform() No transform found for stamp 1790444428.968503! Latest is 1790444428.963349[0m
[33m[ WARN] (2026-09-26 13:56:34.669) Memory.cpp:3200::computeTransform() Missing visual features or missing raw data to compute them. Transform cannot be estimated.[0m
[33m[ WARN] (2026-09-26 13:56:34.670) Memory.cpp:3200::computeTransform() Missing visual features or missing raw data to compute them. Transform cannot be estimated.[0m
[0m[ INFO] [1790445394.802130481, 1790444429.321277602]: rtabmap (819): Rate=1.00s, Limit=0.000s, Conversion=0.0016s, RTAB-Map=0.3038s, Maps update=0.0010s pub=0.0001s (local map=617, WM=617)[0m
[33m[ WARN] (2026-09-26 13:56:35.768) Memory.cpp:3200::computeTransform() Missing visual features or missing raw data to compute them. Transform cannot be estimated.[0m
[33m[ WARN] (2026-09-26 13:56:35.768) Memory.cpp:3200::computeTransform() Missing visual features or missing raw data to compute them. Transform cannot be estimated.[0m
[0m[ INFO] [1790445395.976976188, 1790444430.495421093]: rtabmap (820): Rate=1.00s, Limit=0.000s, Conversion=0.0009s, RTAB-Map=0.3779s, Maps update=0.0008s pub=0.0001s (local map=617, WM=617)[0m
[33m[ WARN] (2026-09-26 13:56:36.780) Memory.cpp:3200::computeTransform() Missing visual features or missing raw data to compute them. Transform cannot be estimated.[0m
[33m[ WARN] (2026-09-26 13:56:36.780) Memory.cpp:3200::computeTransform() Missing visual features or missing raw data to compute them. Transform cannot be estimated.[0m
[0m[ INFO] [1790445397.001365898, 1790444431.518416292]: rtabmap (821): Rate=1.00s, Limit=0.000s, Conversion=0.0013s, RTAB-Map=0.3956s, Maps update=0.0010s pub=0.0001s (local map=617, WM=617)[0m
[33m[ WARN] (2026-09-26 13:56:37.939) Memory.cpp:3200::computeTransform() Missing visual features or missing raw data to compute them. Transform cannot be estimated.[0m
[33m[ WARN] (2026-09-26 13:56:37.939) Memory.cpp:3200::computeTransform() Missing visual features or missing raw data to compute them. Transform cannot be estimated.[0m
[0m[ INFO] [1790445398.159316958, 1790444432.677410691]: rtabmap (822): Rate=1.00s, Limit=0.000s, Conversion=0.0013s, RTAB-Map=0.4254s, Maps update=0.0011s pub=0.0001s (local map=617, WM=617)[0m
[33m[ WARN] (2026-09-26 13:56:38.978) Memory.cpp:3200::computeTransform() Missing visual features or missing raw data to compute them. Transform cannot be estimated.[0m
[33m[ WARN] (2026-09-26 13:56:38.979) Memory.cpp:3200::computeTransform() Missing visual features or missing raw data to compute them. Transform cannot be estimated.[0m
[0m[ INFO] [1790445399.244865153, 1790444433.760306250]: rtabmap (823): Rate=1.00s, Limit=0.000s, Conversion=0.0014s, RTAB-Map=0.4498s, Maps update=0.0011s pub=0.0001s (local map=617, WM=617)[0m
[33m[ WARN] (2026-09-26 13:56:39.976) Memory.cpp:3200::computeTransform() Missing visual features or missing raw data to compute them. Transform cannot be estimated.[0m
[33m[ WARN] (2026-09-26 13:56:39.976) Memory.cpp:3200::computeTransform() Missing visual features or missing raw data to compute them. Transform cannot be estimated.[0m
[0m[ INFO] [1790445400.236265354, 1790444434.751461936]: rtabmap (824): Rate=1.00s, Limit=0.000s, Conversion=0.0014s, RTAB-Map=0.4390s, Maps update=0.0013s pub=0.0001s (local map=617, WM=617)[0m
[33m[ WARN] (2026-09-26 13:56:41.072) Memory.cpp:3200::computeTransform() Missing visual features or missing raw data to compute them. Transform cannot be estimated.[0m
[33m[ WARN] (2026-09-26 13:56:41.073) Memory.cpp:3200::computeTransform() Missing visual features or missing raw data to compute them. Transform cannot be estimated.[0m
[0m[ INFO] [1790445401.306199076, 1790444435.824597901]: rtabmap (825): Rate=1.00s, Limit=0.000s, Conversion=0.0013s, RTAB-Map=0.4192s, Maps update=0.0010s pub=0.0001s (local map=617, WM=617)[0m
[33m[ WARN] (2026-09-26 13:56:42.053) Memory.cpp:3200::computeTransform() Missing visual features or missing raw data to compute them. Transform cannot be estimated.[0m
[33m[ WARN] (2026-09-26 13:56:42.053) Memory.cpp:3200::computeTransform() Missing visual features or missing raw data to compute them. Transform cannot be estimated.[0m
[0m[ INFO] [1790445402.282024292, 1790444436.794396715]: rtabmap (826): Rate=1.00s, Limit=0.000s, Conversion=0.0009s, RTAB-Map=0.3963s, Maps update=0.0012s pub=0.0001s (local map=617, WM=617)[0m
[33m[ WARN] (2026-09-26 13:56:42.885) Transform.cpp:557::getTransform() No transform found for stamp 1790444437.360691! Latest is 1790444437.353949[0m
[33m[ WARN] (2026-09-26 13:56:43.075) Memory.cpp:3200::computeTransform() Missing visual features or missing raw data to compute them. Transform cannot be estimated.[0m
[33m[ WARN] (2026-09-26 13:56:43.075) Memory.cpp:3200::computeTransform() Missing visual features or missing raw data to compute them. Transform cannot be estimated.[0m
[0m[ INFO] [1790445403.212178293, 1790444437.723369232]: rtabmap (827): Rate=1.00s, Limit=0.000s, Conversion=0.0017s, RTAB-Map=0.3254s, Maps update=0.0010s pub=0.0001s (local map=617, WM=617)[0m
[33m[ WARN] (2026-09-26 13:56:44.179) Memory.cpp:3200::computeTransform() Missing visual features or missing raw data to compute them. Transform cannot be estimated.[0m
[33m[ WARN] (2026-09-26 13:56:44.180) Memory.cpp:3200::computeTransform() Missing visual features or missing raw data to compute them. Transform cannot be estimated.[0m
[0m[ INFO] [1790445404.422000185, 1790444438.935918801]: rtabmap (828): Rate=1.00s, Limit=0.000s, Conversion=0.0014s, RTAB-Map=0.4258s, Maps update=0.0009s pub=0.0001s (local map=617, WM=617)[0m
[33m[ WARN] (2026-09-26 13:56:45.271) Memory.cpp:3200::computeTransform() Miss[33m[ WARN] [1790445413.295578405, 1790444447.805569362]: We are receiving imu data (buffer=1000), but cannot interpolate imu transform at time 1790444447.765261. IMU won't be added to graph.[0m
ing visual features or missing raw data to compute them. Transform cannot be estimated.[0m
[33m[ WARN] (2026-09-26 13:56:45.272) Memory.cpp:3200::computeTransform() Missing visual features or missing raw data to compute them. Transform cannot be estimated.[0m
[0m[ INFO] [1790445405.506574481, 1790444440.017281190]: rtabmap (829): Rate=1.00s, Limit=0.000s, Conversion=0.0019s, RTAB-Map=0.4148s, Maps update=0.0012s pub=0.0001s (local map=617, WM=617)[0m
[33m[ WARN] (2026-09-26 13:56:46.315) Memory.cpp:3200::computeTransform() Missing visual features or missing raw data to compute them. Transform cannot be estimated.[0m
[33m[ WARN] (2026-09-26 13:56:46.316) Memory.cpp:3200::computeTransform() Missing visual features or missing raw data to compute them. Transform cannot be estimated.[0m
[0m[ INFO] [1790445406.558591016, 1790444441.074872474]: rtabmap (830): Rate=1.00s, Limit=0.000s, Conversion=0.0018s, RTAB-Map=0.4322s, Maps update=0.0010s pub=0.0001s (local map=617, WM=617)[0m
[33m[ WARN] (2026-09-26 13:56:47.359) Memory.cpp:3200::computeTransform() Missing visual features or missing raw data to compute them. Transform cannot be estimated.[0m
[33m[ WARN] (2026-09-26 13:56:47.360) Memory.cpp:3200::computeTransform() Missing visual features or missing raw data to compute them. Transform cannot be estimated.[0m
[0m[ INFO] [1790445407.587063584, 1790444442.105724332]: rtabmap (831): Rate=1.00s, Limit=0.000s, Conversion=0.0009s, RTAB-Map=0.4053s, Maps update=0.0012s pub=0.0001s (local map=617, WM=617)[0m
[33m[ WARN] (2026-09-26 13:56:48.399) Memory.cpp:3200::computeTransform() Missing visual features or missing raw data to compute them. Transform cannot be estimated.[0m
[33m[ WARN] (2026-09-26 13:56:48.399) Memory.cpp:3200::computeTransform() Missing visual features or missing raw data to compute them. Transform cannot be estimated.[0m
[0m[ INFO] [1790445408.607808709, 1790444443.118807293]: rtabmap (832): Rate=1.00s, Limit=0.000s, Conversion=0.0014s, RTAB-Map=0.3957s, Maps update=0.0009s pub=0.0001s (local map=617, WM=617)[0m
[33m[ WARN] (2026-09-26 13:56:49.396) Memory.cpp:3200::computeTransform() Missing visual features or missing raw data to compute them. Transform cannot be estimated.[0m
[33m[ WARN] (2026-09-26 13:56:49.396) Memory.cpp:3200::computeTransform() Missing visual features or missing raw data to compute them. Transform cannot be estimated.[0m
[0m[ INFO] [1790445409.629164496, 1790444444.148154335]: rtabmap (833): Rate=1.00s, Limit=0.000s, Conversion=0.0013s, RTAB-Map=0.4193s, Maps update=0.0011s pub=0.0002s (local map=617, WM=617)[0m
[33m[ WARN] (2026-09-26 13:56:50.463) Memory.cpp:3200::computeTransform() Missing visual features or missing raw data to compute them. Transform cannot be estimated.[0m
[33m[ WARN] (2026-09-26 13:56:50.463) Memory.cpp:3200::computeTransform() Missing visual features or missing raw data to compute them. Transform cannot be estimated.[0m
[0m[ INFO] [1790445410.686275101, 1790444445.196580751]: rtabmap (834): Rate=1.00s, Limit=0.000s, Conversion=0.0010s, RTAB-Map=0.3956s, Maps update=0.0008s pub=0.0001s (local map=617, WM=617)[0m
[33m[ WARN] (2026-09-26 13:56:51.476) Memory.cpp:3200::computeTransform() Missing visual features or missing raw data to compute them. Transform cannot be estimated.[0m
[33m[ WARN] (2026-09-26 13:56:51.477) Memory.cpp:3200::computeTransform() Missing visual features or missing raw data to compute them. Transform cannot be estimated.[0m
[0m[ INFO] [1790445411.708239663, 1790444446.222379913]: rtabmap (835): Rate=1.00s, Limit=0.000s, Conversion=0.0012s, RTAB-Map=0.4174s, Maps update=0.0009s pub=0.0001s (local map=617, WM=617)[0m
[33m[ WARN] (2026-09-26 13:56:52.462) Memory.cpp:3200::computeTransform() Missing visual features or missing raw data to compute them. Transform cannot be estimated.[0m
[33m[ WARN] (2026-09-26 13:56:52.462) Memory.cpp:3200::computeTransform() Missing visual features or missing raw data to compute them. Transform cannot be estimated.[0m
[0m[ INFO] [1790445412.695231013, 1790444447.210759407]: rtabmap (836): Rate=1.00s, Limit=0.000s, Conversion=0.0009s, RTAB-Map=0.4004s, Maps update=0.0011s pub=0.0001s (local map=617, WM=617)[0m
[33m[ WARN] (2026-09-26 13:56:53.295) Transform.cpp:557::getTransform() No transform found for stamp 1790444447.765261! Latest is 1790444447.763058[0m
[33m[ WARN] (2026-09-26 13:56:53.482) Memory.cpp:3200::computeTransform() Missing visual features or missing raw data to compute them. Transform cannot be estimated.[0m
[33m[ WARN] (2026-09-26 13:56:53.483) Memory.cpp:3200::computeTransform() Missing visual features or missing raw data to compute them. Transform cannot be estimated.[0m
[0m[ INFO] [1790445413.611854626, 1790444448.127807185]: rtabmap (837): Rate=1.00s, Limit=0.000s, Conversion=0.0016s, RTAB-Map=0.3149s, Maps update=0.0009s pub=0.0001s (local map=617, WM=617)[0m
[33m[ WARN] (2026-09-26 13:56:54.566) Memory.cpp:3200::computeTransform() Missing visual features or missing raw data to compute them. Transform cannot be estimated.[0m
[33m[ WARN] (2026-09-26 13:56:54.566) Memory.cpp:3200::computeTransform() Missing visual features or missing raw data to compute them. Transform cannot be estimated.[0m
[0m[ INFO] [1790445414.793452434, 1790444449.307941680]: rtabmap (838): Rate=1.00s, Limit=0.000s, Conversion=0.0010s, RTAB-Map=0.4027s, Maps update=0.0012s pub=0.0001s (local map=617, WM=617)[0m
[33m[ WARN] (2026-09-26 13:56:55.561) Memory.cpp:3200::computeTransform() Missing visual features or missing raw data to compute them. Transform cannot be estimated.[0m
[33m[ WARN] (2026-09-26 13:56:55.561) Memory.cpp:3200::computeTransform() Missing visual features or missing raw data to compute them. Transform cannot be estimated.[0m
[0m[ INFO] [1790445415.793706200, 1790444450.306518436]: rtabmap (839): Rate=1.00s, Limit=0.000s, Conversion=0.0009s, RTAB-Map=0.4018s, Maps update=0.0013s pub=0.0001s (local map=617, WM=617)[0m
[33m[ WARN] (2026-09-26 13:56:56.663) Memory.cpp:3200::computeTransform() Missing visual features or missing raw data to compute them. Transform cannot be estimated.[0m
[33m[ WARN] (2026-09-26 13:56:56.664) Memory.cpp:3200::computeTransform() Missing visual features or missing raw data to compute them. Transform cannot be estimated.[0m
[0m[ INFO] [1790445416.896258128, 1790444451.406466496]: rtabmap (840): Rate=1.00s, Limit=0.000s, Conversion=0.0009s, RTAB-Map=0.4003s, Maps update=0.0011s pub=0.0001s (local map=617, WM=617)[0m
[33m[ WARN] (2026-09-26 13:56:57.677) Memory.cpp:3200::computeTransform() Missing visual features or missing raw data to compute them. Transform cannot be estimated.[0m
[33m[ WARN] (2026-09-26 13:56:57.677) Memory.cpp:3200::computeTransform() Missing visual features or missing raw data to compute them. Transform cannot be estimated.[0m
[0m[ INFO] [1790445417.903772067, 1790444452.415564645]: rtabmap (841): Rate=1.00s, Limit=0.000s, Conversion=0.0009s, RTAB-Map=0.4026s, Maps update=0.0009s pub=0.0001s (local map=617, WM=617)[0m
[33m[ WARN] (2026-09-26 13:56:58.786) Memory.cpp:3200::computeTransform() Missing visual features or missing raw data to compute them. Transform cannot be estimated.[0m
[33m[ WARN] (2026-09-26 13:56:58.786) Memory.cpp:3200::computeTransform() Missing visual features or missing raw data to compute them. Transform cannot be estimated.[0m
[0m[ INFO] [1790445419.008031373, 1790444453.521149405]: rtabmap (842): Rate=1.00s, Limit=0.000s, Conversion=0.0012s, RTAB-Map=0.4065s, Maps update=0.0010s pub=0.0001s (local map=617, WM=617)[0m
[33m[ WARN] (2026-09-26 13:56:59.831) Memory.cpp:3200::computeTransform() Missing visual features or missing raw data to compute them. Transform cannot be estimated.[0m
[33m[ WARN] (2026-09-26 13:56:59.831) Memory.cpp:3200::computeTransform() Missing visual features or missing raw data to compute them. Transform cannot be estimated.[0m
[0m[ INFO] [1790445420.054142754, 1790444454.571612417]: rtabmap (843): Rate=1.00s, Limit=0.000s, Conversion=0.0014s, RTAB-Map=0.4161s, Maps update=0.0012s pub=0.0001s (local map=617, WM=617)[0m
[33m[ WARN] (2026-09-26 13:57:00.891) Memory.cpp:3200::computeTransform() Missing visual features or missing raw data to compute them. Transform cannot be estimated.[0m
[33m[ WARN] (2026-09-26 13:57:00.891) Memory.cpp:3200::computeTransform() Missing visual features or missing raw data to compute them. Transform cannot be estimated.[0m
[0m[ INFO] [1790445421.112817215, 1790444455.630720290]: rtabmap (844): Rate=1.00s, Limit=0.000s, Conversion=0.0014s, RTAB-Map=0.4110s, Maps update=0.0010s pub=0.0001s (local map=617, WM=617)[0m
[33m[ WARN] (2026-09-26 13:57:01.856) Memory.cpp:3200::computeTransform() Missing visual features or missing raw data to compute them. Transform cannot be estimated.[0m
[33m[ WARN] (2026-09-26 13:57:01.857) Memory.cpp:3200::computeTransform() Missing visual features or missing raw data to compute them. Transform cannot be estimated.[0m
[0m[ INFO] [1790445422.093504047, 1790444456.611415731]: rtabmap (845): Rate=1.00s, Limit=0.000s, Conversion=0.0008s, RTAB-Map=0.4039s, Maps update=0.0013s pub=0.0001s (local map=617, WM=617)[0m
[33m[ WARN] (2026-09-26 13:57:02.996) Memory.cpp:3200::computeTransform() Missing visual features or missing raw data to compute them. Transform cannot be estimated.[0m
[33m[ WARN] (2026-09-26 13:57:02.996) Memory.cpp:3200::computeTransform() Missing visual features or missing raw data to compute them. Transform cannot be estimated.[0m
[0m[ INFO] [1790445423.207552387, 1790444457.722337476]: rtabmap (846): Rate=1.00s, Limit=0.000s, Conversion=0.0013s, RTAB-Map=0.3977s, Maps update=0.0009s pub=0.0001s (local map=617, WM=617)[0m
[33m[ WARN] (2026-09-26 13:57:03.973) Memory.cpp:3200::computeTransform() Missing visual features or missing raw data to compute them. Transform cannot be estimated.[0m
[33m[ WARN] (2026-09-26 13:57:03.973) Memory.cpp:3200::computeTransform() Missing visual features or missing raw data to compute them. Transform cannot be estimated.[0m
[0m[ INFO] [1790445424.215866526, 1790444458.730308220]: rtabmap (847): Rate=1.00s, Limit=0.000s, Conversion=0.0014s, RTAB-Map=0.4165s, Maps update=0.0010s pub=0.0001s (local map=617, WM=617)[0m
[33m[ WARN] (2026-09-26 13:57:05.082) Memory.cpp:3200::computeTransform() Missing visual features or missing raw data to compute them. Transform cannot be estimated.[0m
[33m[ WARN] (2026-09-26 13:57:05.082) Memory.cpp:3200::computeTransform() Missing visual features or missing raw data to compute them. Transform cannot be estimated.[0m
[0m[ INFO] [1790445425.312964665, 1790444459.832437709]: rtabmap (848): Rate=1.00s, Limit=0.000s, Conversion=0.0013s, RTAB-Map=0.4153s, Maps update=0.0008s pub=0.0001s (local map=617, WM=617)[0m
[33m[ WARN] (2026-09-26 13:57:06.102) Memory.cpp:3200::computeTransform() Missing visual features or missing raw data to compute them. Transform cannot be estimated.[0m
[33m[ WARN] (2026-09-26 13:57:06.103) Memory.cpp:3200::computeTransform() Missing visual features or missing raw data to compute them. Transform cannot be estimated.[0m
[0m[ INFO] [1790445426.343879176, 1790444460.862965144]: rtabmap (849): Rate=1.00s, Limit=0.000s, Conversion=0.0009s, RTAB-Map=0.4185s, Maps update=0.0010s pub=0.0001s (local map=617, WM=617)[0m
[33m[ WARN] (2026-09-26 13:57:07.214) Memory.cpp:3200::computeTransform() Missing visual features or missing raw data to compute them. Transform cannot be estimated.[0m
[33m[ WARN] (2026-09-26 13:57:07.215) Memory.cpp:3200::computeTransform() Missing visual features or missing raw data to compute them. Transform cannot be estimated.[0m
[0m[ INFO] [1790445427.462005703, 1790444461.975285560]: rtabmap (850): Rate=1.00s, Limit=0.000s, Conversion=0.0013s, RTAB-Map=0.4324s, Maps update=0.0009s pub=0.0001s (local map=617, WM=617)[0m
[33m[ WARN] (2026-09-26 13:57:08.335) Memory.cpp:3200::computeTransform() Missing visual features or missing raw data to compute them. Transform cannot be estimated.[0m
[33m[ WARN] (2026-09-26 13:57:08.335) Memory.cpp:3200::computeTransform() Missing visual features or missing raw data to compute them. Transform cannot be estimated.[0m
[0m[ INFO] [1790445428.563474193, 1790444463.079230685]: rtabmap (851): Rate=1.00s, Limit=0.000s, Conversion=0.0013s, RTAB-Map=0.4178s, Maps update=0.0009s pub=0.0001s (local map=617, WM=617)[0m
[33m[ WARN] (2026-09-26 13:57:09.381) Memory.cpp:3200::computeTransform() Missing visual features or missing raw data to compute them. Transform cannot be estimated.[0m
[33m[ WARN] (2026-09-26 13:57:09.381) Memory.cpp:3200::computeTransform() Missing visual features or missing raw data to compute them. Transform cannot be estimated.[0m
[0m[ INFO] [1790445429.610714896, 1790444464.129905601]: rtabmap (852): Rate=1.00s, Limit=0.000s, Conversion=0.0008s, RTAB-Map=0.4150s, Maps update=0.0012s pub=0.0001s (local map=617, WM=617)[0m
[33m[ WARN] (2026-09-26 13:57:10.489) Memory.cpp:3200::computeTransform() Missing visual features or missing raw data to compute them. Transform cannot be estimated.[0m
[33m[ WARN] (2026-09-26 13:57:10.489) Memory.cpp:3200::computeTransform() Missing visual features or missing raw data to compute them. Transform cannot be estimated.[0m
[0m[ INFO] [1790445430.792223995, 1790444465.306984669]: rtabmap (853): Rate=1.00s, Limit=0.000s, Conversion=0.0013s, RTAB-Map=0.4742s, Maps update=0.0013s pub=0.0001s (local map=617, WM=617)[0m
[33m[ WARN] (2026-09-26 13:57:11.557) Memory.cpp:3200::computeTransform() Missing visual features or missing raw data to compute them. Transform cannot be estimated.[0m
[33m[ WARN] (2026-09-26 13:57:11.557) Memory.cpp:3200::computeTransform() Missing visual features or missing raw data to compute them. Transform cannot be estimated.[0m
[0m[ INFO] [1790445431.785675508, 1790444466.300369525]: rtabmap (854): Rate=1.00s, Limit=0.000s, Conversion=0.0008s, RTAB-Map=0.4046s, Maps update=0.0009s pub=0.0001s (local map=617, WM=617)[0m
[33m[ WARN] (2026-09-26 13:57:12.580) Memory.cpp:3200::computeTransform() Missing visual features or missing raw data to compute them. Transform cannot be estimated.[0m
[33m[ WARN] (2026-09-26 13:57:12.581) Memory.cpp:3200::computeTransform() Missing visual features or missing raw data to compute them. Transform cannot be estimated.[0m
[0m[ INFO] [1790445432.840463108, 1790444467.355238438]: rtabmap (855): Rate=1.00s, Limit=0.000s, Conversion=0.0015s, RTAB-Map=0.4304s, Maps update=0.0011s pub=0.0001s (local map=617, WM=617)[0m
[33m[ WARN] (2026-09-26 13:57:13.583) Memory.cpp:3200::computeTransform() Missing visual features or missing raw data to compute them. Transform cannot be estimated.[0m
[33m[ WARN] (2026-09-26 13:57:13.583) Memory.cpp:3200::computeTransform() Missing visual features or missing raw data to compute them. Transform cannot be estimated.[0m
[0m[ INFO] [1790445433.824794810, 1790444468.337613255]: rtabmap (856): Rate=1.00s, Limit=0.000s, Conversion=0.0019s, RTAB-Map=0.4263s, Maps update=0.0011s pub=0.0001s (local map=617, WM=617)[0m
[33m[ WARN] (2026-09-26 13:57:14.663) Memory.cpp:3200::computeTransform() Missing visual features or missing raw data to compute them. Transform cannot be estimated.[0m
[33m[ WARN] (2026-09-26 13:57:14.663) Memory.cpp:3200::computeTransform() Missing visual features or missing raw data to compute them. Transform cannot be estimated.[0m
[0m[ INFO] [1790445434.885100038, 1790444469.403021513]: rtabmap (857): Rate=1.00s, Limit=0.000s, Conversion=0.0008s, RTAB-Map=0.3969s, Maps update=0.0013s pub=0.0001s (local map=617, WM=617)[0m
[33m[ WARN] (2026-09-26 13:57:15.680) Memory.cpp:3200::computeTransform() Missing visual features or missing raw data to compute them. Transform cannot be estimated.[0m
[33m[ WARN] (2026-09-26 13:57:15.680) Memory.cpp:3200::computeTransform() Missing visual features or missing raw data to compute them. Transform cannot be estimated.[0m
[0m[ INFO] [1790445435.898688024, 1790444470.411448388]: rtabmap (858): Rate=1.00s, Limit=0.000s, Conversion=0.0013s, RTAB-Map=0.3999s, Maps update=0.0011s pub=0.0001s (local map=617, WM=617)[0m
[33m[ WARN] (2026-09-26 13:57:16.700) Memory.cpp:3200::computeTransform() Missing visual features or missing raw data to compute them. Transform cannot be estimated.[0m
[33m[ WARN] (2026-09-26 13:57:16.700) Memory.cpp:3200::computeTransform() Missing visual features or missing raw data to compute them. Transform cannot be estimated.[0m
[0m[ INFO] [1790445436.918991603, 1790444471.431554524]: rtabmap (859): Rate=1.00s, Limit=0.000s, Conversion=0.0008s, RTAB-Map=0.3859s, Maps update=0.0008s pub=0.0001s (local map=617, WM=617)[0m
[33m[ WARN] (2026-09-26 13:57:17.790) Memory.cpp:3200::computeTransform() Missing visual features or missing raw data to compute them. Transform cannot be estimated.[0m
[33m[ WARN] (2026-09-26 13:57:17.791) Memory.cpp:3200::computeTransform() Missing visual features or missing raw data to compute them. Transform cannot be estimated.[0m
[0m[ INFO] [1790445438.014775837, 1790444472.524583401]: rtabmap (860): Rate=1.00s, Limit=0.000s, Conversion=0.0014s, RTAB-Map=0.4083s, Maps update=0.0010s pub=0.0001s (local map=617, WM=617)[0m
[33m[ WARN] (2026-09-26 13:57:18.769) Memory.cpp:3200::computeTransform() Missing visual features or missing raw data to compute them. Transform cannot be estimated.[0m
[33m[ WARN] (2026-09-26 13:57:18.770) Memory.cpp:3200::computeTransform() Missing visual features or missing raw data to compute them. Transform cannot be estimated.[0m
[0m[ INFO] [1790445439.008738394, 1790444473.525953558]: rtabmap (861): Rate=1.00s, Limit=0.000s, Conversion=0.0009s, RTAB-Map=0.4189s, Maps update=0.0011s pub=0.0001s (local map=617, WM=617)[0m
[33m[ WARN] (2026-09-26 13:57:19.792) Memory.cpp:3200::computeTransform() Missing visual features or missing raw data to compute them. Transform cannot be estimated.[0m
[33m[ WARN] (2026-09-26 13:57:19.792) Memory.cpp:3200::computeTransform() Missing visual features or missing raw data to compute them. Transform cannot be estimated.[0m
[0m[ INFO] [1790445440.003145692, 1790444474.516446798]: rtabmap (862): Rate=1.00s, Limit=0.000s, Conversion=0.0008s, RTAB-Map=0.3859s, Maps update=0.0011s pub=0.0001s (local map=617, WM=617)[0m
[33m[ WARN] (2026-09-26 13:57:20.814) Memory.cpp:3200::computeTransform() Missing visual features or missing raw data to compute them. Transform cannot be estimated.[0m
[33m[ WARN] (2026-09-26 13:57:20.814) Memory.cpp:3200::computeTransform() Missing visual features or missing raw data to compute them. Transform cannot be estimated.[0m
[0m[ INFO] [1790445441.030115966, 1790444475.547935744]: rtabmap (863): Rate=1.00s, Limit=0.000s, Conversion=0.0009s, RTAB-Map=0.3848s, Maps update=0.0009s pub=0.0001s (local map=617, WM=617)[0m
[33m[ WARN] (2026-09-26 13:57:21.864) Memory.cpp:3200::computeTransform() Missing visual features or missing raw data to compute them. Transform cannot be estimated.[0m
[33m[ WARN] (2026-09-26 13:57:21.864) Memory.cpp:3200::computeTransform() Missing visual features or missing raw data to compute them. Transform cannot be estimated.[0m
[0m[ INFO] [1790445442.111753903, 1790444476.627994528]: rtabmap (864): Rate=1.00s, Limit=0.000s, Conversion=0.0009s, RTAB-Map=0.4171s, Maps update=0.0010s pub=0.0001s (local map=617, WM=617)[0m
[33m[ WARN] (2026-09-26 13:57:22.979) Memory.cpp:3200::computeTransform() Missing visual features or missing raw data to compute them. Transform cannot be estimated.[0m
[33m[ WARN] (2026-09-26 13:57:22.979) Memory.cpp:3200::computeTransform() Missing visual features or missing raw data to compute them. Transform cannot be estimated.[0m
[0m[ INFO] [1790445443.214702598, 1790444477.728009304]: rtabmap (865): Rate=1.00s, Limit=0.000s, Conversion=0.0014s, RTAB-Map=0.4234s, Maps update=0.0010s pub=0.0001s (local map=617, WM=617)[0m
[33m[ WARN] (2026-09-26 13:57:23.986) Memory.cpp:3200::computeTransform() Missing visual features or missing raw data to compute them. Transform cannot be estimated.[0m
[33m[ WARN] (2026-09-26 13:57:23.986) Memory.cpp:3200::computeTransform() Missing visual features or missing raw data to compute them. Transform cannot be estimated.[0m
[0m[ INFO] [1790445444.217193342, 1790444478.735673960]: rtabmap (866): Rate=1.00s, Limit=0.000s, Conversion=0.0015s, RTAB-Map=0.4100s, Maps update=0.0009s pub=0.0001s (local map=617, WM=617)[0m
[33m[ WARN] (2026-09-26 13:57:25.063) Memory.cpp:3200::computeTransform() Missing visual features or missing raw data to compute them. Transform cannot be estimated.[0m
[33m[ WARN] (2026-09-26 13:57:25.064) Memory.cpp:3200::computeTransform() Missing visual features or missing raw data to compute them. Transform cannot be estimated.[0m
[0m[ INFO] [1790445445.264840159, 1790444479.776799554]: rtabmap (867): Rate=1.00s, Limit=0.000s, Conversion=0.0019s, RTAB-Map=0.3719s, Maps update=0.0008s pub=0.0001s (local map=617, WM=617)[0m
[33m[ WARN] (2026-09-26 13:57:26.176) Memory.cpp:3200::computeTransform() Missing visual features or missing raw data to compute them. Transform cannot be estimated.[0m
[33m[ WARN] (2026-09-26 13:57:26.176) Memory.cpp:3200::computeTransform() Missing visual features or missing raw data to compute them. Transform cannot be estimated.[0m
[0m[ INFO] [1790445446.433190233, 1790444480.948394943]: rtabmap (868): Rate=1.00s, Limit=0.000s, Conversion=0.0009s, RTAB-Map=0.4480s, Maps update=0.0011s pub=0.0001s (local map=617, WM=617)[0m
[33m[ WARN] (2026-09-26 13:57:27.261) Memory.cpp:3200::computeTransform() Missing visual features or missing raw data to compute them. Transform cannot be estimated.[0m
[33m[ WARN] (2026-09-26 13:57:27.261) Memory.cpp:3200::computeTransform() Missing visual features or missing raw data to compute them. Transform cannot be estimated.[0m
[0m[ INFO] [1790445447.525171128, 1790444482.037191772]: rtabmap (869): Rate=1.00s, Limit=0.000s, Conversion=0.0008s, RTAB-Map=0.4469s, Maps update=0.0008s pub=0.0001s (local map=617, WM=617)[0m
[33m[ WARN] (2026-09-26 13:57:28.295) Memory.cpp:3200::computeTransform() Missing visual features or missing raw data to compute them. Transform cannot be estimated.[0m
[33m[ WARN] (2026-09-26 13:57:28.296) Memory.cpp:3200::computeTransform() Missing visual features or missing raw data to compute them. Transform cannot be estimated.[0m
[0m[ INFO] [1790445448.512594605, 1790444483.025663836]: rtabmap (870): Rate=1.00s, Limit=0.000s, Conversion=0.0010s, RTAB-Map=0.4050s, Maps update=0.0010s pub=0.0001s (local map=617, WM=617)[0m
[33m[ WARN] (2026-09-26 13:57:29.359) Memory.cpp:3200::computeTransform() Missing visual features or missing raw data to compute them. Transform cannot be estimated.[0m
[33m[ WARN] (2026-09-26 13:57:29.360) Memory.cpp:3200::computeTransform() Missing visual features or missing raw data to compute them. Transform cannot be estimated.[0m
[0m[ INFO] [1790445449.590932857, 1790444484.105563161]: rtabmap (871): Rate=1.00s, Limit=0.000s, Conversion=0.0009s, RTAB-Map=0.3988s, Maps update=0.0015s pub=0.0001s (local map=617, WM=617)[0m
rtabmap: Saving database/long-term memory... (located at /media/administrator/USB Drive/slam_series2/s2_static_07/rtab_helios.db)
rtabmap: Saving database/long-term memory...done! (located at /media/administrator/USB Drive/slam_series2/s2_static_07/rtab_helios.db, 530 MB)
[33m[ WARN] [1790445463.320568108, 1790444484.307252670]: Shutdown request received.[0m
[33m[ WARN] [1790445463.320722510, 1790444484.307252670]: Reason given for shutdown: [user request][0m
[33m[ WARN] [1790445463.440167865, 1790444484.307252670]: Shutdown request received.[0m
[33m[ WARN] [1790445463.442184175, 1790444484.307252670]: Reason given for shutdown: [user request][0m
[INFO] [1790444510.468700, 0.000000]: box_crop: cutting base_link box min=[-0.2  -0.35  0.41] max=[ 0.14 -0.13  0.7 ]
[INFO] [1790444527.867498, 1790443562.372140]: box_crop: box in cloud frame rslidar: min=[-0.208 -0.35  -0.434] max=[ 0.132 -0.13  -0.144]
shutdown request: user request
Filtering applied to all links.[0m
[0m[ INFO] [1790444510.824809887]: RobotBodyFilter: Found parameter: frames/output, value: rslidar[0m
[0m[ INFO] [1790444510.824843231]: RobotBodyFilter: Parameter cloud/point_channels not defined, assigning default: ["vp_"][0m
[0m[ INFO] [1790444510.824863104]: RobotBodyFilter: Parameter cloud/direction_channels not defined, assigning default: ["normal_"][0m
[0m[ INFO] [1790444510.825003457]: Configured filter chain of type sensor_msgs/PointCloud2 from namespace /helios_body_filter/cloud_filter_chain[0m
[0m[ INFO] [1790444527.842721450, 1790443562.351943821]: RobotBodyFilter: Transforming cloud from frame rslidar to base_link[0m
[0m[ INFO] [1790444527.856528291, 1790443562.372140525]: RobotBodyFilter: Transforming cloud from frame base_link to rslidar[0m
shutdown request: user request
terminate called after throwing an instance of 'std::system_error'
  what():  Invalid argument
... logging to /home/administrator/.ros/log/88f0486a-b9d1-11f1-ad7c-48b02de646a8/roslaunch-cpr-a200-0985-39241.log
Checking log directory for disk usage. This may take a while.
Press Ctrl-C to interrupt
Done checking log file disk usage. Usage is <1GB.
]2;/home/administrator/catkin_ws/src/matt_self_navigation/launch/3dreplay_pipeline.launch
[1mstarted roslaunch server http://cpr-a200-0985:36011/[0m

SUMMARY
========

PARAMETERS
 * /helios_body_filter/cloud_filter_chain: [{'name': 'RobotB...
 * /helios_box_crop/box_frame: base_link
 * /helios_box_crop/max_x: 0.14
 * /helios_box_crop/max_y: -0.13
 * /helios_box_crop/max_z: 0.7
 * /helios_box_crop/min_x: -0.2
 * /helios_box_crop/min_y: -0.35
 * /helios_box_crop/min_z: 0.41
 * /helios_driver/config_path: /home/administrat...
 * /robot_description: <?xml version="1....
 * /rosdistro: noetic
 * /rosversion: 1.17.0
 * /rtabmap/rtabmap/Grid/CellSize: 0.02
 * /rtabmap/rtabmap/Grid/ClusterRadius: 1
 * /rtabmap/rtabmap/Grid/GroundIsObstacle: true
 * /rtabmap/rtabmap/Grid/RangeMax: 20
 * /rtabmap/rtabmap/Icp/CorrespondenceRatio: 0.4
 * /rtabmap/rtabmap/Icp/Epsilon: 0.001
 * /rtabmap/rtabmap/Icp/Iterations: 10
 * /rtabmap/rtabmap/Icp/MaxCorrespondenceDistance: 1
 * /rtabmap/rtabmap/Icp/MaxTranslation: 3
 * /rtabmap/rtabmap/Icp/PM: true
 * /rtabmap/rtabmap/Icp/PMOutlierRatio: 0.7
 * /rtabmap/rtabmap/Icp/PointToPlane: false
 * /rtabmap/rtabmap/Icp/PointToPlaneK: 20
 * /rtabmap/rtabmap/Icp/PointToPlaneRadius: 0
 * /rtabmap/rtabmap/Icp/VoxelSize: 0.3
 * /rtabmap/rtabmap/Mem/NotLinkedNodesKept: false
 * /rtabmap/rtabmap/Mem/STMSize: 30
 * /rtabmap/rtabmap/Optimizer/GravitySigma: 0.3
 * /rtabmap/rtabmap/RGBD/AngularUpdate: 0.05
 * /rtabmap/rtabmap/RGBD/LinearUpdate: 0.05
 * /rtabmap/rtabmap/RGBD/NeighborLinkRefining: false
 * /rtabmap/rtabmap/RGBD/ProximityBySpace: true
 * /rtabmap/rtabmap/RGBD/ProximityMaxGraphDepth: 0
 * /rtabmap/rtabmap/RGBD/ProximityPathMaxNeighbors: 1
 * /rtabmap/rtabmap/Reg/Strategy: 1
 * /rtabmap/rtabmap/Rtabmap/DetectionRate: 1
 * /rtabmap/rtabmap/approx_sync: True
 * /rtabmap/rtabmap/database_path: /media/administra...
 * /rtabmap/rtabmap/frame_id: base_link
 * /rtabmap/rtabmap/subscribe_depth: False
 * /rtabmap/rtabmap/subscribe_rgb: False
 * /rtabmap/rtabmap/subscribe_scan_cloud: True

NODES
  /
    helios_body_filter (sensor_filters/pointcloud2_filter_chain)
    helios_box_crop (self_navigation/box_crop.py)
    helios_driver (rslidar_sdk/rslidar_sdk_node)
    helios_restamp (self_navigation/helios_restamp.py)
  /rtabmap/
    rtabmap (rtabmap_slam/rtabmap)

[1mROS_MASTER_URI=http://localhost:11312[0m
]2;/home/administrator/catkin_ws/src/matt_self_navigation/launch/3dreplay_pipeline.launch http://localhost:11312
[1mprocess[helios_driver-1]: started with pid [39281][0m
[1mprocess[helios_restamp-2]: started with pid [39282][0m
[1mprocess[helios_body_filter-3]: started with pid [39283][0m
[1mprocess[helios_box_crop-4]: started with pid [39284][0m
[1mprocess[rtabmap/rtabmap-5]: started with pid [39289][0m
[1m[rtabmap/rtabmap-5] process has finished cleanly
log file: /home/administrator/.ros/log/88f0486a-b9d1-11f1-ad7c-48b02de646a8/rtabmap-rtabmap-5*.log[0m
[1m[helios_body_filter-3] process has finished cleanly
log file: /home/administrator/.ros/log/88f0486a-b9d1-11f1-ad7c-48b02de646a8/helios_body_filter-3*.log[0m
[1m[helios_box_crop-4] process has finished cleanly
log file: /home/administrator/.ros/log/88f0486a-b9d1-11f1-ad7c-48b02de646a8/helios_box_crop-4*.log[0m
[helios_restamp-2] killing on exit
[helios_driver-1] killing on exit
shutting down processing monitor...
... shutting down processing monitor complete
[1mdone[0m
